,ctpt_consensus_prediction,Cluster_ID,Marker_Match_1,Marker_Match_1_F1 (%),Marker_Match_2,Marker_Match_2_F1 (%),Marker_Match_3,Marker_Match_3_F1 (%)
0,Endo CLDN5 SLC7A5,Endo CLDN5 SLC7A5,Excitatory neuron,11.76470588235294,Pyramidal cells,9.411764705882355,Neuron,8.968609865470851
1,Astro AQP4 SLC1A2,Astro AQP4 SLC1A2,Astrocyte,6.94980694980695,Stem cell,5.47945205479452,Satellite glial cells,5.405405405405405
2,Astro AQP4 SLC1A2,Astro AQP4 SLC1A2,Astrocyte,6.94980694980695,Stem cell,5.47945205479452,Satellite glial cells,5.405405405405405
3,L5-6 FEZF2 NXPH2 GRIK1,L5-6 FEZF2 NXPH2 GRIK1,Lake et al.science.ex6,16.666666666666664,Epithelial cell,3.7735849056603774,Glutamatergic neuron,3.7037037037037033
4,Oligo MOG OPALIN,Oligo MOG OPALIN,Oligodendrocytes,11.594202898550725,Oligodendrocyte,9.44206008583691,Mature oligodendrocyte,7.2727272727272725
5,L2-3 CUX2 ACVR1C THSD7A,L2-3 CUX2 ACVR1C THSD7A,Somatostatin interneuron,3.6363636363636362,Neurons,3.1620553359683794,Cajal-retzius cells,3.125
6,Endo CLDN5 SLC7A5,Endo CLDN5 SLC7A5,Excitatory neuron,11.76470588235294,Pyramidal cells,9.411764705882355,Neuron,8.968609865470851
7,Endo CLDN5 SLC7A5,Endo CLDN5 SLC7A5,Excitatory neuron,11.76470588235294,Pyramidal cells,9.411764705882355,Neuron,8.968609865470851
8,Oligo MOG OPALIN,Oligo MOG OPALIN,Oligodendrocytes,11.594202898550725,Oligodendrocyte,9.44206008583691,Mature oligodendrocyte,7.2727272727272725
9,Micro P2RY12 APBB1IP,Micro P2RY12 APBB1IP,Microglia,9.917355371900827,Microglial-specific cell,7.6923076923076925,Homeostatic microglial cell,7.142857142857142
10,Oligo MOG OPALIN,Oligo MOG OPALIN,Oligodendrocytes,11.594202898550725,Oligodendrocyte,9.44206008583691,Mature oligodendrocyte,7.2727272727272725
11,Endo CLDN5 SLC7A5,Endo CLDN5 SLC7A5,Excitatory neuron,11.76470588235294,Pyramidal cells,9.411764705882355,Neuron,8.968609865470851
12,Oligo MOG OPALIN,Oligo MOG OPALIN,Oligodendrocytes,11.594202898550725,Oligodendrocyte,9.44206008583691,Mature oligodendrocyte,7.2727272727272725
13,Endo CLDN5 SLC7A5,Endo CLDN5 SLC7A5,Excitatory neuron,11.76470588235294,Pyramidal cells,9.411764705882355,Neuron,8.968609865470851
14,Oligo MOG OPALIN,Oligo MOG OPALIN,Oligodendrocytes,11.594202898550725,Oligodendrocyte,9.44206008583691,Mature oligodendrocyte,7.2727272727272725
15,Astro AQP4 SLC1A2,Astro AQP4 SLC1A2,Astrocyte,6.94980694980695,Stem cell,5.47945205479452,Satellite glial cells,5.405405405405405
16,L3-5 RORB MKX GRIN3A,L3-5 RORB MKX GRIN3A,Cajal-retzius cells,7.8125,Somatostatin interneuron,7.2727272727272725,Lake et al.science.in5,3.508771929824562
17,Endo CLDN5 SLC7A5,Endo CLDN5 SLC7A5,Excitatory neuron,11.76470588235294,Pyramidal cells,9.411764705882355,Neuron,8.968609865470851
18,Endo CLDN5 SLC7A5,Endo CLDN5 SLC7A5,Excitatory neuron,11.76470588235294,Pyramidal cells,9.411764705882355,Neuron,8.968609865470851
19,Oligo MOG OPALIN,Oligo MOG OPALIN,Oligodendrocytes,11.594202898550725,Oligodendrocyte,9.44206008583691,Mature oligodendrocyte,7.2727272727272725
20,InN LAMP5 BMP7,InN LAMP5 BMP7,Lake et al.science.in4,7.142857142857142,Bergmann glia,6.593406593406592,Gabaergic neurons,6.153846153846153
21,L3-5 RORB MKX GRIN3A,L3-5 RORB MKX GRIN3A,Cajal-retzius cells,7.8125,Somatostatin interneuron,7.2727272727272725,Lake et al.science.in5,3.508771929824562
22,Astro AQP4 SLC1A2,Astro AQP4 SLC1A2,Astrocyte,6.94980694980695,Stem cell,5.47945205479452,Satellite glial cells,5.405405405405405
23,InN SST FREM1,InN SST FREM1,Purkinje neurons,9.174311926605505,Oligodendrocyte precursor cell,6.349206349206351,Neuron,5.381165919282512
24,L2-3 CUX2 ACVR1C THSD7A,L2-3 CUX2 ACVR1C THSD7A,Somatostatin interneuron,3.6363636363636362,Neurons,3.1620553359683794,Cajal-retzius cells,3.125
25,Endo CLDN5 SLC7A5,Endo CLDN5 SLC7A5,Excitatory neuron,11.76470588235294,Pyramidal cells,9.411764705882355,Neuron,8.968609865470851
26,Endo CLDN5 SLC7A5,Endo CLDN5 SLC7A5,Excitatory neuron,11.76470588235294,Pyramidal cells,9.411764705882355,Neuron,8.968609865470851
27,Endo CLDN5 SLC7A5,Endo CLDN5 SLC7A5,Excitatory neuron,11.76470588235294,Pyramidal cells,9.411764705882355,Neuron,8.968609865470851
28,Endo CLDN5 SLC7A5,Endo CLDN5 SLC7A5,Excitatory neuron,11.76470588235294,Pyramidal cells,9.411764705882355,Neuron,8.968609865470851
29,Endo CLDN5 SLC7A5,Endo CLDN5 SLC7A5,Excitatory neuron,11.76470588235294,Pyramidal cells,9.411764705882355,Neuron,8.968609865470851
30,InN SST FREM1,InN SST FREM1,Purkinje neurons,9.174311926605505,Oligodendrocyte precursor cell,6.349206349206351,Neuron,5.381165919282512
31,Oligo MOG OPALIN,Oligo MOG OPALIN,Oligodendrocytes,11.594202898550725,Oligodendrocyte,9.44206008583691,Mature oligodendrocyte,7.2727272727272725
32,Endo CLDN5 SLC7A5,Endo CLDN5 SLC7A5,Excitatory neuron,11.76470588235294,Pyramidal cells,9.411764705882355,Neuron,8.968609865470851
33,L3-5 RORB MKX GRIN3A,L3-5 RORB MKX GRIN3A,Cajal-retzius cells,7.8125,Somatostatin interneuron,7.2727272727272725,Lake et al.science.in5,3.508771929824562
34,Endo CLDN5 SLC7A5,Endo CLDN5 SLC7A5,Excitatory neuron,11.76470588235294,Pyramidal cells,9.411764705882355,Neuron,8.968609865470851
35,Endo CLDN5 SLC7A5,Endo CLDN5 SLC7A5,Excitatory neuron,11.76470588235294,Pyramidal cells,9.411764705882355,Neuron,8.968609865470851
36,Oligo MOG OPALIN,Oligo MOG OPALIN,Oligodendrocytes,11.594202898550725,Oligodendrocyte,9.44206008583691,Mature oligodendrocyte,7.2727272727272725
37,PC P2RY14 GRM8,PC P2RY14 GRM8,Pericyte,8.695652173913043,Endothelial cell,7.692307692307692,Mural cell,7.017543859649124
38,L2-3 CUX2 ACVR1C THSD7A,L2-3 CUX2 ACVR1C THSD7A,Somatostatin interneuron,3.6363636363636362,Neurons,3.1620553359683794,Cajal-retzius cells,3.125
39,Endo CLDN5 SLC7A5,Endo CLDN5 SLC7A5,Excitatory neuron,11.76470588235294,Pyramidal cells,9.411764705882355,Neuron,8.968609865470851
40,Endo CLDN5 SLC7A5,Endo CLDN5 SLC7A5,Excitatory neuron,11.76470588235294,Pyramidal cells,9.411764705882355,Neuron,8.968609865470851
41,L3-5 RORB GABRG1 KCNH7,L3-5 RORB GABRG1 KCNH7,Somatostatin interneuron,3.6363636363636362,Lake et al.science.in5,3.508771929824562,Lake et al.science.ex5,3.389830508474577
42,Endo CLDN5 SLC7A5,Endo CLDN5 SLC7A5,Excitatory neuron,11.76470588235294,Pyramidal cells,9.411764705882355,Neuron,8.968609865470851
43,Endo CLDN5 SLC7A5,Endo CLDN5 SLC7A5,Excitatory neuron,11.76470588235294,Pyramidal cells,9.411764705882355,Neuron,8.968609865470851
44,Micro P2RY12 APBB1IP,Micro P2RY12 APBB1IP,Microglia,9.917355371900827,Microglial-specific cell,7.6923076923076925,Homeostatic microglial cell,7.142857142857142
45,L3-5 RORB MKX GRIN3A,L3-5 RORB MKX GRIN3A,Cajal-retzius cells,7.8125,Somatostatin interneuron,7.2727272727272725,Lake et al.science.in5,3.508771929824562
46,Endo CLDN5 SLC7A5,Endo CLDN5 SLC7A5,Excitatory neuron,11.76470588235294,Pyramidal cells,9.411764705882355,Neuron,8.968609865470851
47,Endo CLDN5 SLC7A5,Endo CLDN5 SLC7A5,Excitatory neuron,11.76470588235294,Pyramidal cells,9.411764705882355,Neuron,8.968609865470851
48,Oligo MOG OPALIN,Oligo MOG OPALIN,Oligodendrocytes,11.594202898550725,Oligodendrocyte,9.44206008583691,Mature oligodendrocyte,7.2727272727272725
49,Endo CLDN5 SLC7A5,Endo CLDN5 SLC7A5,Excitatory neuron,11.76470588235294,Pyramidal cells,9.411764705882355,Neuron,8.968609865470851
50,Endo CLDN5 SLC7A5,Endo CLDN5 SLC7A5,Excitatory neuron,11.76470588235294,Pyramidal cells,9.411764705882355,Neuron,8.968609865470851
51,OPC PDGFRA PCDH15,OPC PDGFRA PCDH15,Oligodendrocyte precursor cell,22.22222222222222,Oligodendrocyte progenitor cells,15.384615384615383,Oligodendrocyte progenitor cell,13.114754098360654
52,L6 FEZF2 NPFFR2 KCNK2,L6 FEZF2 NPFFR2 KCNK2,Lake et al.science.ex6,16.666666666666664,Somatostatin interneuron,3.6363636363636362,Lake et al.science.in3,3.1746031746031753
53,Oligo MOG OPALIN,Oligo MOG OPALIN,Oligodendrocytes,11.594202898550725,Oligodendrocyte,9.44206008583691,Mature oligodendrocyte,7.2727272727272725
54,Endo CLDN5 SLC7A5,Endo CLDN5 SLC7A5,Excitatory neuron,11.76470588235294,Pyramidal cells,9.411764705882355,Neuron,8.968609865470851
55,Endo CLDN5 SLC7A5,Endo CLDN5 SLC7A5,Excitatory neuron,11.76470588235294,Pyramidal cells,9.411764705882355,Neuron,8.968609865470851
56,InN PVALB HPSE,InN PVALB HPSE,Parvalbumin interneuron,7.4074074074074066,Lake et al.science.ex6,7.1428571428571415,Purkinje neurons,5.5045871559633035
57,Oligo MOG OPALIN,Oligo MOG OPALIN,Oligodendrocytes,11.594202898550725,Oligodendrocyte,9.44206008583691,Mature oligodendrocyte,7.2727272727272725
58,L3-5 RORB MKX GRIN3A,L3-5 RORB MKX GRIN3A,Cajal-retzius cells,7.8125,Somatostatin interneuron,7.2727272727272725,Lake et al.science.in5,3.508771929824562
59,InN VIP HS3ST3B1,InN VIP HS3ST3B1,Purkinje neurons,7.339449541284404,Neuroblasts,6.0,Lake et al.science.ex8,5.5045871559633035
60,Endo CLDN5 SLC7A5,Endo CLDN5 SLC7A5,Excitatory neuron,11.76470588235294,Pyramidal cells,9.411764705882355,Neuron,8.968609865470851
61,Oligo MOG OPALIN,Oligo MOG OPALIN,Oligodendrocytes,11.594202898550725,Oligodendrocyte,9.44206008583691,Mature oligodendrocyte,7.2727272727272725
62,Endo CLDN5 SLC7A5,Endo CLDN5 SLC7A5,Excitatory neuron,11.76470588235294,Pyramidal cells,9.411764705882355,Neuron,8.968609865470851
63,Endo CLDN5 SLC7A5,Endo CLDN5 SLC7A5,Excitatory neuron,11.76470588235294,Pyramidal cells,9.411764705882355,Neuron,8.968609865470851
64,Endo CLDN5 SLC7A5,Endo CLDN5 SLC7A5,Excitatory neuron,11.76470588235294,Pyramidal cells,9.411764705882355,Neuron,8.968609865470851
65,Astro AQP4 SLC1A2,Astro AQP4 SLC1A2,Astrocyte,6.94980694980695,Stem cell,5.47945205479452,Satellite glial cells,5.405405405405405
66,Endo CLDN5 SLC7A5,Endo CLDN5 SLC7A5,Excitatory neuron,11.76470588235294,Pyramidal cells,9.411764705882355,Neuron,8.968609865470851
67,InN SST FREM1,InN SST FREM1,Purkinje neurons,9.174311926605505,Oligodendrocyte precursor cell,6.349206349206351,Neuron,5.381165919282512
68,InN SST FREM1,InN SST FREM1,Purkinje neurons,9.174311926605505,Oligodendrocyte precursor cell,6.349206349206351,Neuron,5.381165919282512
69,Endo CLDN5 SLC7A5,Endo CLDN5 SLC7A5,Excitatory neuron,11.76470588235294,Pyramidal cells,9.411764705882355,Neuron,8.968609865470851
70,L3-5 RORB MKX GRIN3A,L3-5 RORB MKX GRIN3A,Cajal-retzius cells,7.8125,Somatostatin interneuron,7.2727272727272725,Lake et al.science.in5,3.508771929824562
71,OPC PDGFRA PCDH15,OPC PDGFRA PCDH15,Oligodendrocyte precursor cell,22.22222222222222,Oligodendrocyte progenitor cells,15.384615384615383,Oligodendrocyte progenitor cell,13.114754098360654
72,Endo CLDN5 SLC7A5,Endo CLDN5 SLC7A5,Excitatory neuron,11.76470588235294,Pyramidal cells,9.411764705882355,Neuron,8.968609865470851
73,Endo CLDN5 SLC7A5,Endo CLDN5 SLC7A5,Excitatory neuron,11.76470588235294,Pyramidal cells,9.411764705882355,Neuron,8.968609865470851
74,Astro AQP4 SLC1A2,Astro AQP4 SLC1A2,Astrocyte,6.94980694980695,Stem cell,5.47945205479452,Satellite glial cells,5.405405405405405
75,Endo CLDN5 SLC7A5,Endo CLDN5 SLC7A5,Excitatory neuron,11.76470588235294,Pyramidal cells,9.411764705882355,Neuron,8.968609865470851
76,Oligo MOG OPALIN,Oligo MOG OPALIN,Oligodendrocytes,11.594202898550725,Oligodendrocyte,9.44206008583691,Mature oligodendrocyte,7.2727272727272725
77,L3-5 RORB PCBP3 IL1RAPL2,L3-5 RORB PCBP3 IL1RAPL2,Retinal ganglion cells,3.361344537815126,Lake et al.science.ex4,3.1746031746031753,Neuroendocrine cells,2.5974025974025974
78,PC P2RY14 GRM8,PC P2RY14 GRM8,Pericyte,8.695652173913043,Endothelial cell,7.692307692307692,Mural cell,7.017543859649124
79,Endo CLDN5 SLC7A5,Endo CLDN5 SLC7A5,Excitatory neuron,11.76470588235294,Pyramidal cells,9.411764705882355,Neuron,8.968609865470851
80,Endo CLDN5 SLC7A5,Endo CLDN5 SLC7A5,Excitatory neuron,11.76470588235294,Pyramidal cells,9.411764705882355,Neuron,8.968609865470851
81,Endo CLDN5 SLC7A5,Endo CLDN5 SLC7A5,Excitatory neuron,11.76470588235294,Pyramidal cells,9.411764705882355,Neuron,8.968609865470851
82,Endo CLDN5 SLC7A5,Endo CLDN5 SLC7A5,Excitatory neuron,11.76470588235294,Pyramidal cells,9.411764705882355,Neuron,8.968609865470851
83,Endo CLDN5 SLC7A5,Endo CLDN5 SLC7A5,Excitatory neuron,11.76470588235294,Pyramidal cells,9.411764705882355,Neuron,8.968609865470851
84,L3-5 RORB GABRG1 KCNH7,L3-5 RORB GABRG1 KCNH7,Somatostatin interneuron,3.6363636363636362,Lake et al.science.in5,3.508771929824562,Lake et al.science.ex5,3.389830508474577
85,Endo CLDN5 SLC7A5,Endo CLDN5 SLC7A5,Excitatory neuron,11.76470588235294,Pyramidal cells,9.411764705882355,Neuron,8.968609865470851
86,Endo CLDN5 SLC7A5,Endo CLDN5 SLC7A5,Excitatory neuron,11.76470588235294,Pyramidal cells,9.411764705882355,Neuron,8.968609865470851
87,L3-5 RORB MKX GRIN3A,L3-5 RORB MKX GRIN3A,Cajal-retzius cells,7.8125,Somatostatin interneuron,7.2727272727272725,Lake et al.science.in5,3.508771929824562
88,Endo CLDN5 SLC7A5,Endo CLDN5 SLC7A5,Excitatory neuron,11.76470588235294,Pyramidal cells,9.411764705882355,Neuron,8.968609865470851
89,Astro AQP4 SLC1A2,Astro AQP4 SLC1A2,Astrocyte,6.94980694980695,Stem cell,5.47945205479452,Satellite glial cells,5.405405405405405
90,Endo CLDN5 SLC7A5,Endo CLDN5 SLC7A5,Excitatory neuron,11.76470588235294,Pyramidal cells,9.411764705882355,Neuron,8.968609865470851
91,InN SST FREM1,InN SST FREM1,Purkinje neurons,9.174311926605505,Oligodendrocyte precursor cell,6.349206349206351,Neuron,5.381165919282512
92,Oligo MOG OPALIN,Oligo MOG OPALIN,Oligodendrocytes,11.594202898550725,Oligodendrocyte,9.44206008583691,Mature oligodendrocyte,7.2727272727272725
93,Endo CLDN5 SLC7A5,Endo CLDN5 SLC7A5,Excitatory neuron,11.76470588235294,Pyramidal cells,9.411764705882355,Neuron,8.968609865470851
94,OPC PDGFRA PCDH15,OPC PDGFRA PCDH15,Oligodendrocyte precursor cell,22.22222222222222,Oligodendrocyte progenitor cells,15.384615384615383,Oligodendrocyte progenitor cell,13.114754098360654
95,Oligo MOG OPALIN,Oligo MOG OPALIN,Oligodendrocytes,11.594202898550725,Oligodendrocyte,9.44206008583691,Mature oligodendrocyte,7.2727272727272725
96,Endo CLDN5 SLC7A5,Endo CLDN5 SLC7A5,Excitatory neuron,11.76470588235294,Pyramidal cells,9.411764705882355,Neuron,8.968609865470851
97,Oligo MOG OPALIN,Oligo MOG OPALIN,Oligodendrocytes,11.594202898550725,Oligodendrocyte,9.44206008583691,Mature oligodendrocyte,7.2727272727272725
98,Endo CLDN5 SLC7A5,Endo CLDN5 SLC7A5,Excitatory neuron,11.76470588235294,Pyramidal cells,9.411764705882355,Neuron,8.968609865470851
99,Endo CLDN5 SLC7A5,Endo CLDN5 SLC7A5,Excitatory neuron,11.76470588235294,Pyramidal cells,9.411764705882355,Neuron,8.968609865470851
100,InN PVALB HPSE,InN PVALB HPSE,Parvalbumin interneuron,7.4074074074074066,Lake et al.science.ex6,7.1428571428571415,Purkinje neurons,5.5045871559633035
101,Endo CLDN5 SLC7A5,Endo CLDN5 SLC7A5,Excitatory neuron,11.76470588235294,Pyramidal cells,9.411764705882355,Neuron,8.968609865470851
102,Endo CLDN5 SLC7A5,Endo CLDN5 SLC7A5,Excitatory neuron,11.76470588235294,Pyramidal cells,9.411764705882355,Neuron,8.968609865470851
103,Endo CLDN5 SLC7A5,Endo CLDN5 SLC7A5,Excitatory neuron,11.76470588235294,Pyramidal cells,9.411764705882355,Neuron,8.968609865470851
104,Endo CLDN5 SLC7A5,Endo CLDN5 SLC7A5,Excitatory neuron,11.76470588235294,Pyramidal cells,9.411764705882355,Neuron,8.968609865470851
105,Endo CLDN5 SLC7A5,Endo CLDN5 SLC7A5,Excitatory neuron,11.76470588235294,Pyramidal cells,9.411764705882355,Neuron,8.968609865470851
106,L3-5 RORB MKX GRIN3A,L3-5 RORB MKX GRIN3A,Cajal-retzius cells,7.8125,Somatostatin interneuron,7.2727272727272725,Lake et al.science.in5,3.508771929824562
107,Endo CLDN5 SLC7A5,Endo CLDN5 SLC7A5,Excitatory neuron,11.76470588235294,Pyramidal cells,9.411764705882355,Neuron,8.968609865470851
108,Endo CLDN5 SLC7A5,Endo CLDN5 SLC7A5,Excitatory neuron,11.76470588235294,Pyramidal cells,9.411764705882355,Neuron,8.968609865470851
109,L3-5 RORB MKX GRIN3A,L3-5 RORB MKX GRIN3A,Cajal-retzius cells,7.8125,Somatostatin interneuron,7.2727272727272725,Lake et al.science.in5,3.508771929824562
110,Endo CLDN5 SLC7A5,Endo CLDN5 SLC7A5,Excitatory neuron,11.76470588235294,Pyramidal cells,9.411764705882355,Neuron,8.968609865470851
111,Endo CLDN5 SLC7A5,Endo CLDN5 SLC7A5,Excitatory neuron,11.76470588235294,Pyramidal cells,9.411764705882355,Neuron,8.968609865470851
112,Endo CLDN5 SLC7A5,Endo CLDN5 SLC7A5,Excitatory neuron,11.76470588235294,Pyramidal cells,9.411764705882355,Neuron,8.968609865470851
113,Endo CLDN5 SLC7A5,Endo CLDN5 SLC7A5,Excitatory neuron,11.76470588235294,Pyramidal cells,9.411764705882355,Neuron,8.968609865470851
114,Endo CLDN5 SLC7A5,Endo CLDN5 SLC7A5,Excitatory neuron,11.76470588235294,Pyramidal cells,9.411764705882355,Neuron,8.968609865470851
115,Endo CLDN5 SLC7A5,Endo CLDN5 SLC7A5,Excitatory neuron,11.76470588235294,Pyramidal cells,9.411764705882355,Neuron,8.968609865470851
116,Endo CLDN5 SLC7A5,Endo CLDN5 SLC7A5,Excitatory neuron,11.76470588235294,Pyramidal cells,9.411764705882355,Neuron,8.968609865470851
117,Endo CLDN5 SLC7A5,Endo CLDN5 SLC7A5,Excitatory neuron,11.76470588235294,Pyramidal cells,9.411764705882355,Neuron,8.968609865470851
118,Endo CLDN5 SLC7A5,Endo CLDN5 SLC7A5,Excitatory neuron,11.76470588235294,Pyramidal cells,9.411764705882355,Neuron,8.968609865470851
119,Endo CLDN5 SLC7A5,Endo CLDN5 SLC7A5,Excitatory neuron,11.76470588235294,Pyramidal cells,9.411764705882355,Neuron,8.968609865470851
120,Endo CLDN5 SLC7A5,Endo CLDN5 SLC7A5,Excitatory neuron,11.76470588235294,Pyramidal cells,9.411764705882355,Neuron,8.968609865470851
121,Micro P2RY12 APBB1IP,Micro P2RY12 APBB1IP,Microglia,9.917355371900827,Microglial-specific cell,7.6923076923076925,Homeostatic microglial cell,7.142857142857142
122,Micro P2RY12 APBB1IP,Micro P2RY12 APBB1IP,Microglia,9.917355371900827,Microglial-specific cell,7.6923076923076925,Homeostatic microglial cell,7.142857142857142
123,Endo CLDN5 SLC7A5,Endo CLDN5 SLC7A5,Excitatory neuron,11.76470588235294,Pyramidal cells,9.411764705882355,Neuron,8.968609865470851
124,InN SST FREM1,InN SST FREM1,Purkinje neurons,9.174311926605505,Oligodendrocyte precursor cell,6.349206349206351,Neuron,5.381165919282512
125,Endo CLDN5 SLC7A5,Endo CLDN5 SLC7A5,Excitatory neuron,11.76470588235294,Pyramidal cells,9.411764705882355,Neuron,8.968609865470851
126,Endo CLDN5 SLC7A5,Endo CLDN5 SLC7A5,Excitatory neuron,11.76470588235294,Pyramidal cells,9.411764705882355,Neuron,8.968609865470851
127,L2-3 CUX2 ACVR1C THSD7A,L2-3 CUX2 ACVR1C THSD7A,Somatostatin interneuron,3.6363636363636362,Neurons,3.1620553359683794,Cajal-retzius cells,3.125
128,Endo CLDN5 SLC7A5,Endo CLDN5 SLC7A5,Excitatory neuron,11.76470588235294,Pyramidal cells,9.411764705882355,Neuron,8.968609865470851
129,Endo CLDN5 SLC7A5,Endo CLDN5 SLC7A5,Excitatory neuron,11.76470588235294,Pyramidal cells,9.411764705882355,Neuron,8.968609865470851
130,Oligo MOG OPALIN,Oligo MOG OPALIN,Oligodendrocytes,11.594202898550725,Oligodendrocyte,9.44206008583691,Mature oligodendrocyte,7.2727272727272725
131,Endo CLDN5 SLC7A5,Endo CLDN5 SLC7A5,Excitatory neuron,11.76470588235294,Pyramidal cells,9.411764705882355,Neuron,8.968609865470851
132,Endo CLDN5 SLC7A5,Endo CLDN5 SLC7A5,Excitatory neuron,11.76470588235294,Pyramidal cells,9.411764705882355,Neuron,8.968609865470851
133,Endo CLDN5 SLC7A5,Endo CLDN5 SLC7A5,Excitatory neuron,11.76470588235294,Pyramidal cells,9.411764705882355,Neuron,8.968609865470851
134,PC P2RY14 GRM8,PC P2RY14 GRM8,Pericyte,8.695652173913043,Endothelial cell,7.692307692307692,Mural cell,7.017543859649124
135,Astro AQP4 SLC1A2,Astro AQP4 SLC1A2,Astrocyte,6.94980694980695,Stem cell,5.47945205479452,Satellite glial cells,5.405405405405405
136,Micro P2RY12 APBB1IP,Micro P2RY12 APBB1IP,Microglia,9.917355371900827,Microglial-specific cell,7.6923076923076925,Homeostatic microglial cell,7.142857142857142
137,Endo CLDN5 SLC7A5,Endo CLDN5 SLC7A5,Excitatory neuron,11.76470588235294,Pyramidal cells,9.411764705882355,Neuron,8.968609865470851
138,Micro P2RY12 APBB1IP,Micro P2RY12 APBB1IP,Microglia,9.917355371900827,Microglial-specific cell,7.6923076923076925,Homeostatic microglial cell,7.142857142857142
139,Oligo MOG OPALIN,Oligo MOG OPALIN,Oligodendrocytes,11.594202898550725,Oligodendrocyte,9.44206008583691,Mature oligodendrocyte,7.2727272727272725
140,Endo CLDN5 SLC7A5,Endo CLDN5 SLC7A5,Excitatory neuron,11.76470588235294,Pyramidal cells,9.411764705882355,Neuron,8.968609865470851
141,Endo CLDN5 SLC7A5,Endo CLDN5 SLC7A5,Excitatory neuron,11.76470588235294,Pyramidal cells,9.411764705882355,Neuron,8.968609865470851
142,Endo CLDN5 SLC7A5,Endo CLDN5 SLC7A5,Excitatory neuron,11.76470588235294,Pyramidal cells,9.411764705882355,Neuron,8.968609865470851
143,Endo CLDN5 SLC7A5,Endo CLDN5 SLC7A5,Excitatory neuron,11.76470588235294,Pyramidal cells,9.411764705882355,Neuron,8.968609865470851
144,Micro P2RY12 APBB1IP,Micro P2RY12 APBB1IP,Microglia,9.917355371900827,Microglial-specific cell,7.6923076923076925,Homeostatic microglial cell,7.142857142857142
145,L6 OPRK1 THEMIS RGS6,L6 OPRK1 THEMIS RGS6,Retinal ganglion cells,5.042016806722689,Neuron,4.484304932735426,Lake et al.science.ex8,3.669724770642202
146,Endo CLDN5 SLC7A5,Endo CLDN5 SLC7A5,Excitatory neuron,11.76470588235294,Pyramidal cells,9.411764705882355,Neuron,8.968609865470851
147,Endo CLDN5 SLC7A5,Endo CLDN5 SLC7A5,Excitatory neuron,11.76470588235294,Pyramidal cells,9.411764705882355,Neuron,8.968609865470851
148,Endo CLDN5 SLC7A5,Endo CLDN5 SLC7A5,Excitatory neuron,11.76470588235294,Pyramidal cells,9.411764705882355,Neuron,8.968609865470851
149,Oligo MOG OPALIN,Oligo MOG OPALIN,Oligodendrocytes,11.594202898550725,Oligodendrocyte,9.44206008583691,Mature oligodendrocyte,7.2727272727272725
150,Oligo MOG OPALIN,Oligo MOG OPALIN,Oligodendrocytes,11.594202898550725,Oligodendrocyte,9.44206008583691,Mature oligodendrocyte,7.2727272727272725
151,L6 FEZF2 NPFFR2 KCNK2,L6 FEZF2 NPFFR2 KCNK2,Lake et al.science.ex6,16.666666666666664,Somatostatin interneuron,3.6363636363636362,Lake et al.science.in3,3.1746031746031753
152,Endo CLDN5 SLC7A5,Endo CLDN5 SLC7A5,Excitatory neuron,11.76470588235294,Pyramidal cells,9.411764705882355,Neuron,8.968609865470851
153,InN VIP HS3ST3B1,InN VIP HS3ST3B1,Purkinje neurons,7.339449541284404,Neuroblasts,6.0,Lake et al.science.ex8,5.5045871559633035
154,Astro AQP4 SLC1A2,Astro AQP4 SLC1A2,Astrocyte,6.94980694980695,Stem cell,5.47945205479452,Satellite glial cells,5.405405405405405
155,Endo CLDN5 SLC7A5,Endo CLDN5 SLC7A5,Excitatory neuron,11.76470588235294,Pyramidal cells,9.411764705882355,Neuron,8.968609865470851
156,Endo CLDN5 SLC7A5,Endo CLDN5 SLC7A5,Excitatory neuron,11.76470588235294,Pyramidal cells,9.411764705882355,Neuron,8.968609865470851
157,Endo CLDN5 SLC7A5,Endo CLDN5 SLC7A5,Excitatory neuron,11.76470588235294,Pyramidal cells,9.411764705882355,Neuron,8.968609865470851
158,PC P2RY14 GRM8,PC P2RY14 GRM8,Pericyte,8.695652173913043,Endothelial cell,7.692307692307692,Mural cell,7.017543859649124
159,L2-3 CUX2 ACVR1C THSD7A,L2-3 CUX2 ACVR1C THSD7A,Somatostatin interneuron,3.6363636363636362,Neurons,3.1620553359683794,Cajal-retzius cells,3.125
160,Oligo MOG OPALIN,Oligo MOG OPALIN,Oligodendrocytes,11.594202898550725,Oligodendrocyte,9.44206008583691,Mature oligodendrocyte,7.2727272727272725
161,InN LAMP5 BMP7,InN LAMP5 BMP7,Lake et al.science.in4,7.142857142857142,Bergmann glia,6.593406593406592,Gabaergic neurons,6.153846153846153
162,Endo CLDN5 SLC7A5,Endo CLDN5 SLC7A5,Excitatory neuron,11.76470588235294,Pyramidal cells,9.411764705882355,Neuron,8.968609865470851
163,Micro P2RY12 APBB1IP,Micro P2RY12 APBB1IP,Microglia,9.917355371900827,Microglial-specific cell,7.6923076923076925,Homeostatic microglial cell,7.142857142857142
164,Endo CLDN5 SLC7A5,Endo CLDN5 SLC7A5,Excitatory neuron,11.76470588235294,Pyramidal cells,9.411764705882355,Neuron,8.968609865470851
165,Endo CLDN5 SLC7A5,Endo CLDN5 SLC7A5,Excitatory neuron,11.76470588235294,Pyramidal cells,9.411764705882355,Neuron,8.968609865470851
166,Astro AQP4 SLC1A2,Astro AQP4 SLC1A2,Astrocyte,6.94980694980695,Stem cell,5.47945205479452,Satellite glial cells,5.405405405405405
167,L2-3 CUX2 ACVR1C THSD7A,L2-3 CUX2 ACVR1C THSD7A,Somatostatin interneuron,3.6363636363636362,Neurons,3.1620553359683794,Cajal-retzius cells,3.125
168,InN LAMP5 BMP7,InN LAMP5 BMP7,Lake et al.science.in4,7.142857142857142,Bergmann glia,6.593406593406592,Gabaergic neurons,6.153846153846153
169,Endo CLDN5 SLC7A5,Endo CLDN5 SLC7A5,Excitatory neuron,11.76470588235294,Pyramidal cells,9.411764705882355,Neuron,8.968609865470851
170,Endo CLDN5 SLC7A5,Endo CLDN5 SLC7A5,Excitatory neuron,11.76470588235294,Pyramidal cells,9.411764705882355,Neuron,8.968609865470851
171,Endo CLDN5 SLC7A5,Endo CLDN5 SLC7A5,Excitatory neuron,11.76470588235294,Pyramidal cells,9.411764705882355,Neuron,8.968609865470851
172,Endo CLDN5 SLC7A5,Endo CLDN5 SLC7A5,Excitatory neuron,11.76470588235294,Pyramidal cells,9.411764705882355,Neuron,8.968609865470851
173,Oligo MOG OPALIN,Oligo MOG OPALIN,Oligodendrocytes,11.594202898550725,Oligodendrocyte,9.44206008583691,Mature oligodendrocyte,7.2727272727272725
174,InN SST FREM1,InN SST FREM1,Purkinje neurons,9.174311926605505,Oligodendrocyte precursor cell,6.349206349206351,Neuron,5.381165919282512
175,L3-5 RORB GABRG1 KCNH7,L3-5 RORB GABRG1 KCNH7,Somatostatin interneuron,3.6363636363636362,Lake et al.science.in5,3.508771929824562,Lake et al.science.ex5,3.389830508474577
176,Astro AQP4 SLC1A2,Astro AQP4 SLC1A2,Astrocyte,6.94980694980695,Stem cell,5.47945205479452,Satellite glial cells,5.405405405405405
177,InN SST FREM1,InN SST FREM1,Purkinje neurons,9.174311926605505,Oligodendrocyte precursor cell,6.349206349206351,Neuron,5.381165919282512
178,OPC PDGFRA PCDH15,OPC PDGFRA PCDH15,Oligodendrocyte precursor cell,22.22222222222222,Oligodendrocyte progenitor cells,15.384615384615383,Oligodendrocyte progenitor cell,13.114754098360654
179,Oligo MOG OPALIN,Oligo MOG OPALIN,Oligodendrocytes,11.594202898550725,Oligodendrocyte,9.44206008583691,Mature oligodendrocyte,7.2727272727272725
180,InN PVALB HPSE,InN PVALB HPSE,Parvalbumin interneuron,7.4074074074074066,Lake et al.science.ex6,7.1428571428571415,Purkinje neurons,5.5045871559633035
181,Endo CLDN5 SLC7A5,Endo CLDN5 SLC7A5,Excitatory neuron,11.76470588235294,Pyramidal cells,9.411764705882355,Neuron,8.968609865470851
182,Endo CLDN5 SLC7A5,Endo CLDN5 SLC7A5,Excitatory neuron,11.76470588235294,Pyramidal cells,9.411764705882355,Neuron,8.968609865470851
183,Astro AQP4 SLC1A2,Astro AQP4 SLC1A2,Astrocyte,6.94980694980695,Stem cell,5.47945205479452,Satellite glial cells,5.405405405405405
184,InN SST FREM1,InN SST FREM1,Purkinje neurons,9.174311926605505,Oligodendrocyte precursor cell,6.349206349206351,Neuron,5.381165919282512
185,L3-5 RORB MKX GRIN3A,L3-5 RORB MKX GRIN3A,Cajal-retzius cells,7.8125,Somatostatin interneuron,7.2727272727272725,Lake et al.science.in5,3.508771929824562
186,Micro P2RY12 APBB1IP,Micro P2RY12 APBB1IP,Microglia,9.917355371900827,Microglial-specific cell,7.6923076923076925,Homeostatic microglial cell,7.142857142857142
187,L3-5 RORB PCBP3 IL1RAPL2,L3-5 RORB PCBP3 IL1RAPL2,Retinal ganglion cells,3.361344537815126,Lake et al.science.ex4,3.1746031746031753,Neuroendocrine cells,2.5974025974025974
188,Oligo MOG OPALIN,Oligo MOG OPALIN,Oligodendrocytes,11.594202898550725,Oligodendrocyte,9.44206008583691,Mature oligodendrocyte,7.2727272727272725
189,Oligo MOG OPALIN,Oligo MOG OPALIN,Oligodendrocytes,11.594202898550725,Oligodendrocyte,9.44206008583691,Mature oligodendrocyte,7.2727272727272725
190,Endo CLDN5 SLC7A5,Endo CLDN5 SLC7A5,Excitatory neuron,11.76470588235294,Pyramidal cells,9.411764705882355,Neuron,8.968609865470851
191,Endo CLDN5 SLC7A5,Endo CLDN5 SLC7A5,Excitatory neuron,11.76470588235294,Pyramidal cells,9.411764705882355,Neuron,8.968609865470851
192,InN SST FREM1,InN SST FREM1,Purkinje neurons,9.174311926605505,Oligodendrocyte precursor cell,6.349206349206351,Neuron,5.381165919282512
193,Micro P2RY12 APBB1IP,Micro P2RY12 APBB1IP,Microglia,9.917355371900827,Microglial-specific cell,7.6923076923076925,Homeostatic microglial cell,7.142857142857142
194,Astro AQP4 SLC1A2,Astro AQP4 SLC1A2,Astrocyte,6.94980694980695,Stem cell,5.47945205479452,Satellite glial cells,5.405405405405405
195,Endo CLDN5 SLC7A5,Endo CLDN5 SLC7A5,Excitatory neuron,11.76470588235294,Pyramidal cells,9.411764705882355,Neuron,8.968609865470851
196,Micro P2RY12 APBB1IP,Micro P2RY12 APBB1IP,Microglia,9.917355371900827,Microglial-specific cell,7.6923076923076925,Homeostatic microglial cell,7.142857142857142
197,Endo CLDN5 SLC7A5,Endo CLDN5 SLC7A5,Excitatory neuron,11.76470588235294,Pyramidal cells,9.411764705882355,Neuron,8.968609865470851
198,Endo CLDN5 SLC7A5,Endo CLDN5 SLC7A5,Excitatory neuron,11.76470588235294,Pyramidal cells,9.411764705882355,Neuron,8.968609865470851
199,Endo CLDN5 SLC7A5,Endo CLDN5 SLC7A5,Excitatory neuron,11.76470588235294,Pyramidal cells,9.411764705882355,Neuron,8.968609865470851
200,Astro AQP4 SLC1A2,Astro AQP4 SLC1A2,Astrocyte,6.94980694980695,Stem cell,5.47945205479452,Satellite glial cells,5.405405405405405
201,Oligo MOG OPALIN,Oligo MOG OPALIN,Oligodendrocytes,11.594202898550725,Oligodendrocyte,9.44206008583691,Mature oligodendrocyte,7.2727272727272725
202,Endo CLDN5 SLC7A5,Endo CLDN5 SLC7A5,Excitatory neuron,11.76470588235294,Pyramidal cells,9.411764705882355,Neuron,8.968609865470851
203,Endo CLDN5 SLC7A5,Endo CLDN5 SLC7A5,Excitatory neuron,11.76470588235294,Pyramidal cells,9.411764705882355,Neuron,8.968609865470851
204,Endo CLDN5 SLC7A5,Endo CLDN5 SLC7A5,Excitatory neuron,11.76470588235294,Pyramidal cells,9.411764705882355,Neuron,8.968609865470851
205,Endo CLDN5 SLC7A5,Endo CLDN5 SLC7A5,Excitatory neuron,11.76470588235294,Pyramidal cells,9.411764705882355,Neuron,8.968609865470851
206,L3-5 RORB MKX GRIN3A,L3-5 RORB MKX GRIN3A,Cajal-retzius cells,7.8125,Somatostatin interneuron,7.2727272727272725,Lake et al.science.in5,3.508771929824562
207,Endo CLDN5 SLC7A5,Endo CLDN5 SLC7A5,Excitatory neuron,11.76470588235294,Pyramidal cells,9.411764705882355,Neuron,8.968609865470851
208,Astro AQP4 SLC1A2,Astro AQP4 SLC1A2,Astrocyte,6.94980694980695,Stem cell,5.47945205479452,Satellite glial cells,5.405405405405405
209,Endo CLDN5 SLC7A5,Endo CLDN5 SLC7A5,Excitatory neuron,11.76470588235294,Pyramidal cells,9.411764705882355,Neuron,8.968609865470851
210,Endo CLDN5 SLC7A5,Endo CLDN5 SLC7A5,Excitatory neuron,11.76470588235294,Pyramidal cells,9.411764705882355,Neuron,8.968609865470851
211,PC P2RY14 GRM8,PC P2RY14 GRM8,Pericyte,8.695652173913043,Endothelial cell,7.692307692307692,Mural cell,7.017543859649124
212,Endo CLDN5 SLC7A5,Endo CLDN5 SLC7A5,Excitatory neuron,11.76470588235294,Pyramidal cells,9.411764705882355,Neuron,8.968609865470851
213,Oligo MOG OPALIN,Oligo MOG OPALIN,Oligodendrocytes,11.594202898550725,Oligodendrocyte,9.44206008583691,Mature oligodendrocyte,7.2727272727272725
214,Endo CLDN5 SLC7A5,Endo CLDN5 SLC7A5,Excitatory neuron,11.76470588235294,Pyramidal cells,9.411764705882355,Neuron,8.968609865470851
215,Astro AQP4 SLC1A2,Astro AQP4 SLC1A2,Astrocyte,6.94980694980695,Stem cell,5.47945205479452,Satellite glial cells,5.405405405405405
216,Endo CLDN5 SLC7A5,Endo CLDN5 SLC7A5,Excitatory neuron,11.76470588235294,Pyramidal cells,9.411764705882355,Neuron,8.968609865470851
217,Endo CLDN5 SLC7A5,Endo CLDN5 SLC7A5,Excitatory neuron,11.76470588235294,Pyramidal cells,9.411764705882355,Neuron,8.968609865470851
218,Endo CLDN5 SLC7A5,Endo CLDN5 SLC7A5,Excitatory neuron,11.76470588235294,Pyramidal cells,9.411764705882355,Neuron,8.968609865470851
219,Endo CLDN5 SLC7A5,Endo CLDN5 SLC7A5,Excitatory neuron,11.76470588235294,Pyramidal cells,9.411764705882355,Neuron,8.968609865470851
220,L6 OPRK1 THEMIS RGS6,L6 OPRK1 THEMIS RGS6,Retinal ganglion cells,5.042016806722689,Neuron,4.484304932735426,Lake et al.science.ex8,3.669724770642202
221,Micro P2RY12 APBB1IP,Micro P2RY12 APBB1IP,Microglia,9.917355371900827,Microglial-specific cell,7.6923076923076925,Homeostatic microglial cell,7.142857142857142
222,L3-5 RORB MKX GRIN3A,L3-5 RORB MKX GRIN3A,Cajal-retzius cells,7.8125,Somatostatin interneuron,7.2727272727272725,Lake et al.science.in5,3.508771929824562
223,Endo CLDN5 SLC7A5,Endo CLDN5 SLC7A5,Excitatory neuron,11.76470588235294,Pyramidal cells,9.411764705882355,Neuron,8.968609865470851
224,Endo CLDN5 SLC7A5,Endo CLDN5 SLC7A5,Excitatory neuron,11.76470588235294,Pyramidal cells,9.411764705882355,Neuron,8.968609865470851
225,L2-3 CUX2 ACVR1C THSD7A,L2-3 CUX2 ACVR1C THSD7A,Somatostatin interneuron,3.6363636363636362,Neurons,3.1620553359683794,Cajal-retzius cells,3.125
226,Endo CLDN5 SLC7A5,Endo CLDN5 SLC7A5,Excitatory neuron,11.76470588235294,Pyramidal cells,9.411764705882355,Neuron,8.968609865470851
227,Micro P2RY12 APBB1IP,Micro P2RY12 APBB1IP,Microglia,9.917355371900827,Microglial-specific cell,7.6923076923076925,Homeostatic microglial cell,7.142857142857142
228,Endo CLDN5 SLC7A5,Endo CLDN5 SLC7A5,Excitatory neuron,11.76470588235294,Pyramidal cells,9.411764705882355,Neuron,8.968609865470851
229,L2-3 CUX2 ACVR1C THSD7A,L2-3 CUX2 ACVR1C THSD7A,Somatostatin interneuron,3.6363636363636362,Neurons,3.1620553359683794,Cajal-retzius cells,3.125
230,Endo CLDN5 SLC7A5,Endo CLDN5 SLC7A5,Excitatory neuron,11.76470588235294,Pyramidal cells,9.411764705882355,Neuron,8.968609865470851
231,Endo CLDN5 SLC7A5,Endo CLDN5 SLC7A5,Excitatory neuron,11.76470588235294,Pyramidal cells,9.411764705882355,Neuron,8.968609865470851
232,Endo CLDN5 SLC7A5,Endo CLDN5 SLC7A5,Excitatory neuron,11.76470588235294,Pyramidal cells,9.411764705882355,Neuron,8.968609865470851
233,InN SST FREM1,InN SST FREM1,Purkinje neurons,9.174311926605505,Oligodendrocyte precursor cell,6.349206349206351,Neuron,5.381165919282512
234,L2-3 CUX2 ACVR1C THSD7A,L2-3 CUX2 ACVR1C THSD7A,Somatostatin interneuron,3.6363636363636362,Neurons,3.1620553359683794,Cajal-retzius cells,3.125
235,InN LAMP5 BMP7,InN LAMP5 BMP7,Lake et al.science.in4,7.142857142857142,Bergmann glia,6.593406593406592,Gabaergic neurons,6.153846153846153
236,Endo CLDN5 SLC7A5,Endo CLDN5 SLC7A5,Excitatory neuron,11.76470588235294,Pyramidal cells,9.411764705882355,Neuron,8.968609865470851
237,OPC PDGFRA PCDH15,OPC PDGFRA PCDH15,Oligodendrocyte precursor cell,22.22222222222222,Oligodendrocyte progenitor cells,15.384615384615383,Oligodendrocyte progenitor cell,13.114754098360654
238,Endo CLDN5 SLC7A5,Endo CLDN5 SLC7A5,Excitatory neuron,11.76470588235294,Pyramidal cells,9.411764705882355,Neuron,8.968609865470851
239,Endo CLDN5 SLC7A5,Endo CLDN5 SLC7A5,Excitatory neuron,11.76470588235294,Pyramidal cells,9.411764705882355,Neuron,8.968609865470851
240,Endo CLDN5 SLC7A5,Endo CLDN5 SLC7A5,Excitatory neuron,11.76470588235294,Pyramidal cells,9.411764705882355,Neuron,8.968609865470851
241,Endo CLDN5 SLC7A5,Endo CLDN5 SLC7A5,Excitatory neuron,11.76470588235294,Pyramidal cells,9.411764705882355,Neuron,8.968609865470851
242,Endo CLDN5 SLC7A5,Endo CLDN5 SLC7A5,Excitatory neuron,11.76470588235294,Pyramidal cells,9.411764705882355,Neuron,8.968609865470851
243,InN VIP HS3ST3B1,InN VIP HS3ST3B1,Purkinje neurons,7.339449541284404,Neuroblasts,6.0,Lake et al.science.ex8,5.5045871559633035
244,InN SST FREM1,InN SST FREM1,Purkinje neurons,9.174311926605505,Oligodendrocyte precursor cell,6.349206349206351,Neuron,5.381165919282512
245,Endo CLDN5 SLC7A5,Endo CLDN5 SLC7A5,Excitatory neuron,11.76470588235294,Pyramidal cells,9.411764705882355,Neuron,8.968609865470851
246,InN LAMP5 BMP7,InN LAMP5 BMP7,Lake et al.science.in4,7.142857142857142,Bergmann glia,6.593406593406592,Gabaergic neurons,6.153846153846153
247,Micro P2RY12 APBB1IP,Micro P2RY12 APBB1IP,Microglia,9.917355371900827,Microglial-specific cell,7.6923076923076925,Homeostatic microglial cell,7.142857142857142
248,PC P2RY14 GRM8,PC P2RY14 GRM8,Pericyte,8.695652173913043,Endothelial cell,7.692307692307692,Mural cell,7.017543859649124
249,Oligo MOG OPALIN,Oligo MOG OPALIN,Oligodendrocytes,11.594202898550725,Oligodendrocyte,9.44206008583691,Mature oligodendrocyte,7.2727272727272725
250,Endo CLDN5 SLC7A5,Endo CLDN5 SLC7A5,Excitatory neuron,11.76470588235294,Pyramidal cells,9.411764705882355,Neuron,8.968609865470851
251,Endo CLDN5 SLC7A5,Endo CLDN5 SLC7A5,Excitatory neuron,11.76470588235294,Pyramidal cells,9.411764705882355,Neuron,8.968609865470851
252,Oligo MOG OPALIN,Oligo MOG OPALIN,Oligodendrocytes,11.594202898550725,Oligodendrocyte,9.44206008583691,Mature oligodendrocyte,7.2727272727272725
253,Oligo MOG OPALIN,Oligo MOG OPALIN,Oligodendrocytes,11.594202898550725,Oligodendrocyte,9.44206008583691,Mature oligodendrocyte,7.2727272727272725
254,Endo CLDN5 SLC7A5,Endo CLDN5 SLC7A5,Excitatory neuron,11.76470588235294,Pyramidal cells,9.411764705882355,Neuron,8.968609865470851
255,Endo CLDN5 SLC7A5,Endo CLDN5 SLC7A5,Excitatory neuron,11.76470588235294,Pyramidal cells,9.411764705882355,Neuron,8.968609865470851
256,Endo CLDN5 SLC7A5,Endo CLDN5 SLC7A5,Excitatory neuron,11.76470588235294,Pyramidal cells,9.411764705882355,Neuron,8.968609865470851
257,Endo CLDN5 SLC7A5,Endo CLDN5 SLC7A5,Excitatory neuron,11.76470588235294,Pyramidal cells,9.411764705882355,Neuron,8.968609865470851
258,L3-5 RORB MKX GRIN3A,L3-5 RORB MKX GRIN3A,Cajal-retzius cells,7.8125,Somatostatin interneuron,7.2727272727272725,Lake et al.science.in5,3.508771929824562
259,Endo CLDN5 SLC7A5,Endo CLDN5 SLC7A5,Excitatory neuron,11.76470588235294,Pyramidal cells,9.411764705882355,Neuron,8.968609865470851
260,Oligo MOG OPALIN,Oligo MOG OPALIN,Oligodendrocytes,11.594202898550725,Oligodendrocyte,9.44206008583691,Mature oligodendrocyte,7.2727272727272725
261,Endo CLDN5 SLC7A5,Endo CLDN5 SLC7A5,Excitatory neuron,11.76470588235294,Pyramidal cells,9.411764705882355,Neuron,8.968609865470851
262,Endo CLDN5 SLC7A5,Endo CLDN5 SLC7A5,Excitatory neuron,11.76470588235294,Pyramidal cells,9.411764705882355,Neuron,8.968609865470851
263,Endo CLDN5 SLC7A5,Endo CLDN5 SLC7A5,Excitatory neuron,11.76470588235294,Pyramidal cells,9.411764705882355,Neuron,8.968609865470851
264,Endo CLDN5 SLC7A5,Endo CLDN5 SLC7A5,Excitatory neuron,11.76470588235294,Pyramidal cells,9.411764705882355,Neuron,8.968609865470851
265,Endo CLDN5 SLC7A5,Endo CLDN5 SLC7A5,Excitatory neuron,11.76470588235294,Pyramidal cells,9.411764705882355,Neuron,8.968609865470851
266,Micro P2RY12 APBB1IP,Micro P2RY12 APBB1IP,Microglia,9.917355371900827,Microglial-specific cell,7.6923076923076925,Homeostatic microglial cell,7.142857142857142
267,Endo CLDN5 SLC7A5,Endo CLDN5 SLC7A5,Excitatory neuron,11.76470588235294,Pyramidal cells,9.411764705882355,Neuron,8.968609865470851
268,L6 FEZF2 NPFFR2 KCNK2,L6 FEZF2 NPFFR2 KCNK2,Lake et al.science.ex6,16.666666666666664,Somatostatin interneuron,3.6363636363636362,Lake et al.science.in3,3.1746031746031753
269,OPC PDGFRA PCDH15,OPC PDGFRA PCDH15,Oligodendrocyte precursor cell,22.22222222222222,Oligodendrocyte progenitor cells,15.384615384615383,Oligodendrocyte progenitor cell,13.114754098360654
270,Endo CLDN5 SLC7A5,Endo CLDN5 SLC7A5,Excitatory neuron,11.76470588235294,Pyramidal cells,9.411764705882355,Neuron,8.968609865470851
271,Endo CLDN5 SLC7A5,Endo CLDN5 SLC7A5,Excitatory neuron,11.76470588235294,Pyramidal cells,9.411764705882355,Neuron,8.968609865470851
272,Endo CLDN5 SLC7A5,Endo CLDN5 SLC7A5,Excitatory neuron,11.76470588235294,Pyramidal cells,9.411764705882355,Neuron,8.968609865470851
273,Endo CLDN5 SLC7A5,Endo CLDN5 SLC7A5,Excitatory neuron,11.76470588235294,Pyramidal cells,9.411764705882355,Neuron,8.968609865470851
274,Endo CLDN5 SLC7A5,Endo CLDN5 SLC7A5,Excitatory neuron,11.76470588235294,Pyramidal cells,9.411764705882355,Neuron,8.968609865470851
275,Endo CLDN5 SLC7A5,Endo CLDN5 SLC7A5,Excitatory neuron,11.76470588235294,Pyramidal cells,9.411764705882355,Neuron,8.968609865470851
276,Micro P2RY12 APBB1IP,Micro P2RY12 APBB1IP,Microglia,9.917355371900827,Microglial-specific cell,7.6923076923076925,Homeostatic microglial cell,7.142857142857142
277,Endo CLDN5 SLC7A5,Endo CLDN5 SLC7A5,Excitatory neuron,11.76470588235294,Pyramidal cells,9.411764705882355,Neuron,8.968609865470851
278,Endo CLDN5 SLC7A5,Endo CLDN5 SLC7A5,Excitatory neuron,11.76470588235294,Pyramidal cells,9.411764705882355,Neuron,8.968609865470851
279,Endo CLDN5 SLC7A5,Endo CLDN5 SLC7A5,Excitatory neuron,11.76470588235294,Pyramidal cells,9.411764705882355,Neuron,8.968609865470851
280,L3-5 RORB MKX GRIN3A,L3-5 RORB MKX GRIN3A,Cajal-retzius cells,7.8125,Somatostatin interneuron,7.2727272727272725,Lake et al.science.in5,3.508771929824562
281,Astro AQP4 SLC1A2,Astro AQP4 SLC1A2,Astrocyte,6.94980694980695,Stem cell,5.47945205479452,Satellite glial cells,5.405405405405405
282,InN SST FREM1,InN SST FREM1,Purkinje neurons,9.174311926605505,Oligodendrocyte precursor cell,6.349206349206351,Neuron,5.381165919282512
283,Endo CLDN5 SLC7A5,Endo CLDN5 SLC7A5,Excitatory neuron,11.76470588235294,Pyramidal cells,9.411764705882355,Neuron,8.968609865470851
284,InN VIP HS3ST3B1,InN VIP HS3ST3B1,Purkinje neurons,7.339449541284404,Neuroblasts,6.0,Lake et al.science.ex8,5.5045871559633035
285,InN VIP HS3ST3B1,InN VIP HS3ST3B1,Purkinje neurons,7.339449541284404,Neuroblasts,6.0,Lake et al.science.ex8,5.5045871559633035
286,L3-5 RORB GABRG1 KCNH7,L3-5 RORB GABRG1 KCNH7,Somatostatin interneuron,3.6363636363636362,Lake et al.science.in5,3.508771929824562,Lake et al.science.ex5,3.389830508474577
287,Endo CLDN5 SLC7A5,Endo CLDN5 SLC7A5,Excitatory neuron,11.76470588235294,Pyramidal cells,9.411764705882355,Neuron,8.968609865470851
288,Astro AQP4 SLC1A2,Astro AQP4 SLC1A2,Astrocyte,6.94980694980695,Stem cell,5.47945205479452,Satellite glial cells,5.405405405405405
289,Endo CLDN5 SLC7A5,Endo CLDN5 SLC7A5,Excitatory neuron,11.76470588235294,Pyramidal cells,9.411764705882355,Neuron,8.968609865470851
290,Endo CLDN5 SLC7A5,Endo CLDN5 SLC7A5,Excitatory neuron,11.76470588235294,Pyramidal cells,9.411764705882355,Neuron,8.968609865470851
291,Endo CLDN5 SLC7A5,Endo CLDN5 SLC7A5,Excitatory neuron,11.76470588235294,Pyramidal cells,9.411764705882355,Neuron,8.968609865470851
292,Endo CLDN5 SLC7A5,Endo CLDN5 SLC7A5,Excitatory neuron,11.76470588235294,Pyramidal cells,9.411764705882355,Neuron,8.968609865470851
293,Oligo MOG OPALIN,Oligo MOG OPALIN,Oligodendrocytes,11.594202898550725,Oligodendrocyte,9.44206008583691,Mature oligodendrocyte,7.2727272727272725
294,Astro AQP4 SLC1A2,Astro AQP4 SLC1A2,Astrocyte,6.94980694980695,Stem cell,5.47945205479452,Satellite glial cells,5.405405405405405
295,Endo CLDN5 SLC7A5,Endo CLDN5 SLC7A5,Excitatory neuron,11.76470588235294,Pyramidal cells,9.411764705882355,Neuron,8.968609865470851
296,InN LAMP5 BMP7,InN LAMP5 BMP7,Lake et al.science.in4,7.142857142857142,Bergmann glia,6.593406593406592,Gabaergic neurons,6.153846153846153
297,L3-5 RORB MKX GRIN3A,L3-5 RORB MKX GRIN3A,Cajal-retzius cells,7.8125,Somatostatin interneuron,7.2727272727272725,Lake et al.science.in5,3.508771929824562
298,Micro P2RY12 APBB1IP,Micro P2RY12 APBB1IP,Microglia,9.917355371900827,Microglial-specific cell,7.6923076923076925,Homeostatic microglial cell,7.142857142857142
299,Endo CLDN5 SLC7A5,Endo CLDN5 SLC7A5,Excitatory neuron,11.76470588235294,Pyramidal cells,9.411764705882355,Neuron,8.968609865470851
300,Endo CLDN5 SLC7A5,Endo CLDN5 SLC7A5,Excitatory neuron,11.76470588235294,Pyramidal cells,9.411764705882355,Neuron,8.968609865470851
301,Endo CLDN5 SLC7A5,Endo CLDN5 SLC7A5,Excitatory neuron,11.76470588235294,Pyramidal cells,9.411764705882355,Neuron,8.968609865470851
302,Endo CLDN5 SLC7A5,Endo CLDN5 SLC7A5,Excitatory neuron,11.76470588235294,Pyramidal cells,9.411764705882355,Neuron,8.968609865470851
303,L2-3 CUX2 ACVR1C THSD7A,L2-3 CUX2 ACVR1C THSD7A,Somatostatin interneuron,3.6363636363636362,Neurons,3.1620553359683794,Cajal-retzius cells,3.125
304,Endo CLDN5 SLC7A5,Endo CLDN5 SLC7A5,Excitatory neuron,11.76470588235294,Pyramidal cells,9.411764705882355,Neuron,8.968609865470851
305,Oligo MOG OPALIN,Oligo MOG OPALIN,Oligodendrocytes,11.594202898550725,Oligodendrocyte,9.44206008583691,Mature oligodendrocyte,7.2727272727272725
306,L2-3 CUX2 ACVR1C THSD7A,L2-3 CUX2 ACVR1C THSD7A,Somatostatin interneuron,3.6363636363636362,Neurons,3.1620553359683794,Cajal-retzius cells,3.125
307,Oligo MOG OPALIN,Oligo MOG OPALIN,Oligodendrocytes,11.594202898550725,Oligodendrocyte,9.44206008583691,Mature oligodendrocyte,7.2727272727272725
308,Astro AQP4 SLC1A2,Astro AQP4 SLC1A2,Astrocyte,6.94980694980695,Stem cell,5.47945205479452,Satellite glial cells,5.405405405405405
309,Endo CLDN5 SLC7A5,Endo CLDN5 SLC7A5,Excitatory neuron,11.76470588235294,Pyramidal cells,9.411764705882355,Neuron,8.968609865470851
310,Micro P2RY12 APBB1IP,Micro P2RY12 APBB1IP,Microglia,9.917355371900827,Microglial-specific cell,7.6923076923076925,Homeostatic microglial cell,7.142857142857142
311,Endo CLDN5 SLC7A5,Endo CLDN5 SLC7A5,Excitatory neuron,11.76470588235294,Pyramidal cells,9.411764705882355,Neuron,8.968609865470851
312,L2-3 CUX2 ACVR1C THSD7A,L2-3 CUX2 ACVR1C THSD7A,Somatostatin interneuron,3.6363636363636362,Neurons,3.1620553359683794,Cajal-retzius cells,3.125
313,Endo CLDN5 SLC7A5,Endo CLDN5 SLC7A5,Excitatory neuron,11.76470588235294,Pyramidal cells,9.411764705882355,Neuron,8.968609865470851
314,Endo CLDN5 SLC7A5,Endo CLDN5 SLC7A5,Excitatory neuron,11.76470588235294,Pyramidal cells,9.411764705882355,Neuron,8.968609865470851
315,Astro AQP4 SLC1A2,Astro AQP4 SLC1A2,Astrocyte,6.94980694980695,Stem cell,5.47945205479452,Satellite glial cells,5.405405405405405
316,Endo CLDN5 SLC7A5,Endo CLDN5 SLC7A5,Excitatory neuron,11.76470588235294,Pyramidal cells,9.411764705882355,Neuron,8.968609865470851
317,Oligo MOG OPALIN,Oligo MOG OPALIN,Oligodendrocytes,11.594202898550725,Oligodendrocyte,9.44206008583691,Mature oligodendrocyte,7.2727272727272725
318,InN SST FREM1,InN SST FREM1,Purkinje neurons,9.174311926605505,Oligodendrocyte precursor cell,6.349206349206351,Neuron,5.381165919282512
319,Endo CLDN5 SLC7A5,Endo CLDN5 SLC7A5,Excitatory neuron,11.76470588235294,Pyramidal cells,9.411764705882355,Neuron,8.968609865470851
320,Endo CLDN5 SLC7A5,Endo CLDN5 SLC7A5,Excitatory neuron,11.76470588235294,Pyramidal cells,9.411764705882355,Neuron,8.968609865470851
321,Oligo MOG OPALIN,Oligo MOG OPALIN,Oligodendrocytes,11.594202898550725,Oligodendrocyte,9.44206008583691,Mature oligodendrocyte,7.2727272727272725
322,InN PVALB HPSE,InN PVALB HPSE,Parvalbumin interneuron,7.4074074074074066,Lake et al.science.ex6,7.1428571428571415,Purkinje neurons,5.5045871559633035
323,L3-5 RORB MKX GRIN3A,L3-5 RORB MKX GRIN3A,Cajal-retzius cells,7.8125,Somatostatin interneuron,7.2727272727272725,Lake et al.science.in5,3.508771929824562
324,Endo CLDN5 SLC7A5,Endo CLDN5 SLC7A5,Excitatory neuron,11.76470588235294,Pyramidal cells,9.411764705882355,Neuron,8.968609865470851
325,Endo CLDN5 SLC7A5,Endo CLDN5 SLC7A5,Excitatory neuron,11.76470588235294,Pyramidal cells,9.411764705882355,Neuron,8.968609865470851
326,Endo CLDN5 SLC7A5,Endo CLDN5 SLC7A5,Excitatory neuron,11.76470588235294,Pyramidal cells,9.411764705882355,Neuron,8.968609865470851
327,Endo CLDN5 SLC7A5,Endo CLDN5 SLC7A5,Excitatory neuron,11.76470588235294,Pyramidal cells,9.411764705882355,Neuron,8.968609865470851
328,Endo CLDN5 SLC7A5,Endo CLDN5 SLC7A5,Excitatory neuron,11.76470588235294,Pyramidal cells,9.411764705882355,Neuron,8.968609865470851
329,Endo CLDN5 SLC7A5,Endo CLDN5 SLC7A5,Excitatory neuron,11.76470588235294,Pyramidal cells,9.411764705882355,Neuron,8.968609865470851
330,Endo CLDN5 SLC7A5,Endo CLDN5 SLC7A5,Excitatory neuron,11.76470588235294,Pyramidal cells,9.411764705882355,Neuron,8.968609865470851
331,Endo CLDN5 SLC7A5,Endo CLDN5 SLC7A5,Excitatory neuron,11.76470588235294,Pyramidal cells,9.411764705882355,Neuron,8.968609865470851
332,Endo CLDN5 SLC7A5,Endo CLDN5 SLC7A5,Excitatory neuron,11.76470588235294,Pyramidal cells,9.411764705882355,Neuron,8.968609865470851
333,Endo CLDN5 SLC7A5,Endo CLDN5 SLC7A5,Excitatory neuron,11.76470588235294,Pyramidal cells,9.411764705882355,Neuron,8.968609865470851
334,OPC PDGFRA PCDH15,OPC PDGFRA PCDH15,Oligodendrocyte precursor cell,22.22222222222222,Oligodendrocyte progenitor cells,15.384615384615383,Oligodendrocyte progenitor cell,13.114754098360654
335,Astro AQP4 SLC1A2,Astro AQP4 SLC1A2,Astrocyte,6.94980694980695,Stem cell,5.47945205479452,Satellite glial cells,5.405405405405405
336,Endo CLDN5 SLC7A5,Endo CLDN5 SLC7A5,Excitatory neuron,11.76470588235294,Pyramidal cells,9.411764705882355,Neuron,8.968609865470851
337,InN SST FREM1,InN SST FREM1,Purkinje neurons,9.174311926605505,Oligodendrocyte precursor cell,6.349206349206351,Neuron,5.381165919282512
338,Endo CLDN5 SLC7A5,Endo CLDN5 SLC7A5,Excitatory neuron,11.76470588235294,Pyramidal cells,9.411764705882355,Neuron,8.968609865470851
339,Endo CLDN5 SLC7A5,Endo CLDN5 SLC7A5,Excitatory neuron,11.76470588235294,Pyramidal cells,9.411764705882355,Neuron,8.968609865470851
340,Oligo MOG OPALIN,Oligo MOG OPALIN,Oligodendrocytes,11.594202898550725,Oligodendrocyte,9.44206008583691,Mature oligodendrocyte,7.2727272727272725
341,Endo CLDN5 SLC7A5,Endo CLDN5 SLC7A5,Excitatory neuron,11.76470588235294,Pyramidal cells,9.411764705882355,Neuron,8.968609865470851
342,Endo CLDN5 SLC7A5,Endo CLDN5 SLC7A5,Excitatory neuron,11.76470588235294,Pyramidal cells,9.411764705882355,Neuron,8.968609865470851
343,Oligo MOG OPALIN,Oligo MOG OPALIN,Oligodendrocytes,11.594202898550725,Oligodendrocyte,9.44206008583691,Mature oligodendrocyte,7.2727272727272725
344,Endo CLDN5 SLC7A5,Endo CLDN5 SLC7A5,Excitatory neuron,11.76470588235294,Pyramidal cells,9.411764705882355,Neuron,8.968609865470851
345,Endo CLDN5 SLC7A5,Endo CLDN5 SLC7A5,Excitatory neuron,11.76470588235294,Pyramidal cells,9.411764705882355,Neuron,8.968609865470851
346,Endo CLDN5 SLC7A5,Endo CLDN5 SLC7A5,Excitatory neuron,11.76470588235294,Pyramidal cells,9.411764705882355,Neuron,8.968609865470851
347,Endo CLDN5 SLC7A5,Endo CLDN5 SLC7A5,Excitatory neuron,11.76470588235294,Pyramidal cells,9.411764705882355,Neuron,8.968609865470851
348,Endo CLDN5 SLC7A5,Endo CLDN5 SLC7A5,Excitatory neuron,11.76470588235294,Pyramidal cells,9.411764705882355,Neuron,8.968609865470851
349,Endo CLDN5 SLC7A5,Endo CLDN5 SLC7A5,Excitatory neuron,11.76470588235294,Pyramidal cells,9.411764705882355,Neuron,8.968609865470851
350,Endo CLDN5 SLC7A5,Endo CLDN5 SLC7A5,Excitatory neuron,11.76470588235294,Pyramidal cells,9.411764705882355,Neuron,8.968609865470851
351,Endo CLDN5 SLC7A5,Endo CLDN5 SLC7A5,Excitatory neuron,11.76470588235294,Pyramidal cells,9.411764705882355,Neuron,8.968609865470851
352,Micro P2RY12 APBB1IP,Micro P2RY12 APBB1IP,Microglia,9.917355371900827,Microglial-specific cell,7.6923076923076925,Homeostatic microglial cell,7.142857142857142
353,Endo CLDN5 SLC7A5,Endo CLDN5 SLC7A5,Excitatory neuron,11.76470588235294,Pyramidal cells,9.411764705882355,Neuron,8.968609865470851
354,L3-5 RORB MKX GRIN3A,L3-5 RORB MKX GRIN3A,Cajal-retzius cells,7.8125,Somatostatin interneuron,7.2727272727272725,Lake et al.science.in5,3.508771929824562
355,Endo CLDN5 SLC7A5,Endo CLDN5 SLC7A5,Excitatory neuron,11.76470588235294,Pyramidal cells,9.411764705882355,Neuron,8.968609865470851
356,Endo CLDN5 SLC7A5,Endo CLDN5 SLC7A5,Excitatory neuron,11.76470588235294,Pyramidal cells,9.411764705882355,Neuron,8.968609865470851
357,Endo CLDN5 SLC7A5,Endo CLDN5 SLC7A5,Excitatory neuron,11.76470588235294,Pyramidal cells,9.411764705882355,Neuron,8.968609865470851
358,Oligo MOG OPALIN,Oligo MOG OPALIN,Oligodendrocytes,11.594202898550725,Oligodendrocyte,9.44206008583691,Mature oligodendrocyte,7.2727272727272725
359,Astro AQP4 SLC1A2,Astro AQP4 SLC1A2,Astrocyte,6.94980694980695,Stem cell,5.47945205479452,Satellite glial cells,5.405405405405405
360,Micro P2RY12 APBB1IP,Micro P2RY12 APBB1IP,Microglia,9.917355371900827,Microglial-specific cell,7.6923076923076925,Homeostatic microglial cell,7.142857142857142
361,Endo CLDN5 SLC7A5,Endo CLDN5 SLC7A5,Excitatory neuron,11.76470588235294,Pyramidal cells,9.411764705882355,Neuron,8.968609865470851
362,Oligo MOG OPALIN,Oligo MOG OPALIN,Oligodendrocytes,11.594202898550725,Oligodendrocyte,9.44206008583691,Mature oligodendrocyte,7.2727272727272725
363,Endo CLDN5 SLC7A5,Endo CLDN5 SLC7A5,Excitatory neuron,11.76470588235294,Pyramidal cells,9.411764705882355,Neuron,8.968609865470851
364,L2-3 CUX2 ACVR1C THSD7A,L2-3 CUX2 ACVR1C THSD7A,Somatostatin interneuron,3.6363636363636362,Neurons,3.1620553359683794,Cajal-retzius cells,3.125
365,Endo CLDN5 SLC7A5,Endo CLDN5 SLC7A5,Excitatory neuron,11.76470588235294,Pyramidal cells,9.411764705882355,Neuron,8.968609865470851
366,L2-3 CUX2 ACVR1C THSD7A,L2-3 CUX2 ACVR1C THSD7A,Somatostatin interneuron,3.6363636363636362,Neurons,3.1620553359683794,Cajal-retzius cells,3.125
367,Endo CLDN5 SLC7A5,Endo CLDN5 SLC7A5,Excitatory neuron,11.76470588235294,Pyramidal cells,9.411764705882355,Neuron,8.968609865470851
368,Endo CLDN5 SLC7A5,Endo CLDN5 SLC7A5,Excitatory neuron,11.76470588235294,Pyramidal cells,9.411764705882355,Neuron,8.968609865470851
369,InN VIP HS3ST3B1,InN VIP HS3ST3B1,Purkinje neurons,7.339449541284404,Neuroblasts,6.0,Lake et al.science.ex8,5.5045871559633035
370,Oligo MOG OPALIN,Oligo MOG OPALIN,Oligodendrocytes,11.594202898550725,Oligodendrocyte,9.44206008583691,Mature oligodendrocyte,7.2727272727272725
371,Endo CLDN5 SLC7A5,Endo CLDN5 SLC7A5,Excitatory neuron,11.76470588235294,Pyramidal cells,9.411764705882355,Neuron,8.968609865470851
372,L3-5 RORB MKX GRIN3A,L3-5 RORB MKX GRIN3A,Cajal-retzius cells,7.8125,Somatostatin interneuron,7.2727272727272725,Lake et al.science.in5,3.508771929824562
373,Endo CLDN5 SLC7A5,Endo CLDN5 SLC7A5,Excitatory neuron,11.76470588235294,Pyramidal cells,9.411764705882355,Neuron,8.968609865470851
374,Endo CLDN5 SLC7A5,Endo CLDN5 SLC7A5,Excitatory neuron,11.76470588235294,Pyramidal cells,9.411764705882355,Neuron,8.968609865470851
375,Endo CLDN5 SLC7A5,Endo CLDN5 SLC7A5,Excitatory neuron,11.76470588235294,Pyramidal cells,9.411764705882355,Neuron,8.968609865470851
376,Endo CLDN5 SLC7A5,Endo CLDN5 SLC7A5,Excitatory neuron,11.76470588235294,Pyramidal cells,9.411764705882355,Neuron,8.968609865470851
377,OPC PDGFRA PCDH15,OPC PDGFRA PCDH15,Oligodendrocyte precursor cell,22.22222222222222,Oligodendrocyte progenitor cells,15.384615384615383,Oligodendrocyte progenitor cell,13.114754098360654
378,Endo CLDN5 SLC7A5,Endo CLDN5 SLC7A5,Excitatory neuron,11.76470588235294,Pyramidal cells,9.411764705882355,Neuron,8.968609865470851
379,Endo CLDN5 SLC7A5,Endo CLDN5 SLC7A5,Excitatory neuron,11.76470588235294,Pyramidal cells,9.411764705882355,Neuron,8.968609865470851
380,Oligo MOG OPALIN,Oligo MOG OPALIN,Oligodendrocytes,11.594202898550725,Oligodendrocyte,9.44206008583691,Mature oligodendrocyte,7.2727272727272725
381,Endo CLDN5 SLC7A5,Endo CLDN5 SLC7A5,Excitatory neuron,11.76470588235294,Pyramidal cells,9.411764705882355,Neuron,8.968609865470851
382,Endo CLDN5 SLC7A5,Endo CLDN5 SLC7A5,Excitatory neuron,11.76470588235294,Pyramidal cells,9.411764705882355,Neuron,8.968609865470851
383,Endo CLDN5 SLC7A5,Endo CLDN5 SLC7A5,Excitatory neuron,11.76470588235294,Pyramidal cells,9.411764705882355,Neuron,8.968609865470851
384,Endo CLDN5 SLC7A5,Endo CLDN5 SLC7A5,Excitatory neuron,11.76470588235294,Pyramidal cells,9.411764705882355,Neuron,8.968609865470851
385,PC P2RY14 GRM8,PC P2RY14 GRM8,Pericyte,8.695652173913043,Endothelial cell,7.692307692307692,Mural cell,7.017543859649124
386,Oligo MOG OPALIN,Oligo MOG OPALIN,Oligodendrocytes,11.594202898550725,Oligodendrocyte,9.44206008583691,Mature oligodendrocyte,7.2727272727272725
387,Endo CLDN5 SLC7A5,Endo CLDN5 SLC7A5,Excitatory neuron,11.76470588235294,Pyramidal cells,9.411764705882355,Neuron,8.968609865470851
388,Endo CLDN5 SLC7A5,Endo CLDN5 SLC7A5,Excitatory neuron,11.76470588235294,Pyramidal cells,9.411764705882355,Neuron,8.968609865470851
389,Endo CLDN5 SLC7A5,Endo CLDN5 SLC7A5,Excitatory neuron,11.76470588235294,Pyramidal cells,9.411764705882355,Neuron,8.968609865470851
390,Endo CLDN5 SLC7A5,Endo CLDN5 SLC7A5,Excitatory neuron,11.76470588235294,Pyramidal cells,9.411764705882355,Neuron,8.968609865470851
391,OPC PDGFRA PCDH15,OPC PDGFRA PCDH15,Oligodendrocyte precursor cell,22.22222222222222,Oligodendrocyte progenitor cells,15.384615384615383,Oligodendrocyte progenitor cell,13.114754098360654
392,Astro AQP4 SLC1A2,Astro AQP4 SLC1A2,Astrocyte,6.94980694980695,Stem cell,5.47945205479452,Satellite glial cells,5.405405405405405
393,Endo CLDN5 SLC7A5,Endo CLDN5 SLC7A5,Excitatory neuron,11.76470588235294,Pyramidal cells,9.411764705882355,Neuron,8.968609865470851
394,Endo CLDN5 SLC7A5,Endo CLDN5 SLC7A5,Excitatory neuron,11.76470588235294,Pyramidal cells,9.411764705882355,Neuron,8.968609865470851
395,Endo CLDN5 SLC7A5,Endo CLDN5 SLC7A5,Excitatory neuron,11.76470588235294,Pyramidal cells,9.411764705882355,Neuron,8.968609865470851
396,PC P2RY14 GRM8,PC P2RY14 GRM8,Pericyte,8.695652173913043,Endothelial cell,7.692307692307692,Mural cell,7.017543859649124
397,Endo CLDN5 SLC7A5,Endo CLDN5 SLC7A5,Excitatory neuron,11.76470588235294,Pyramidal cells,9.411764705882355,Neuron,8.968609865470851
398,Endo CLDN5 SLC7A5,Endo CLDN5 SLC7A5,Excitatory neuron,11.76470588235294,Pyramidal cells,9.411764705882355,Neuron,8.968609865470851
399,Endo CLDN5 SLC7A5,Endo CLDN5 SLC7A5,Excitatory neuron,11.76470588235294,Pyramidal cells,9.411764705882355,Neuron,8.968609865470851
400,Oligo MOG OPALIN,Oligo MOG OPALIN,Oligodendrocytes,11.594202898550725,Oligodendrocyte,9.44206008583691,Mature oligodendrocyte,7.2727272727272725
401,Endo CLDN5 SLC7A5,Endo CLDN5 SLC7A5,Excitatory neuron,11.76470588235294,Pyramidal cells,9.411764705882355,Neuron,8.968609865470851
402,Endo CLDN5 SLC7A5,Endo CLDN5 SLC7A5,Excitatory neuron,11.76470588235294,Pyramidal cells,9.411764705882355,Neuron,8.968609865470851
403,Endo CLDN5 SLC7A5,Endo CLDN5 SLC7A5,Excitatory neuron,11.76470588235294,Pyramidal cells,9.411764705882355,Neuron,8.968609865470851
404,Oligo MOG OPALIN,Oligo MOG OPALIN,Oligodendrocytes,11.594202898550725,Oligodendrocyte,9.44206008583691,Mature oligodendrocyte,7.2727272727272725
405,Endo CLDN5 SLC7A5,Endo CLDN5 SLC7A5,Excitatory neuron,11.76470588235294,Pyramidal cells,9.411764705882355,Neuron,8.968609865470851
406,Oligo MOG OPALIN,Oligo MOG OPALIN,Oligodendrocytes,11.594202898550725,Oligodendrocyte,9.44206008583691,Mature oligodendrocyte,7.2727272727272725
407,Endo CLDN5 SLC7A5,Endo CLDN5 SLC7A5,Excitatory neuron,11.76470588235294,Pyramidal cells,9.411764705882355,Neuron,8.968609865470851
408,Endo CLDN5 SLC7A5,Endo CLDN5 SLC7A5,Excitatory neuron,11.76470588235294,Pyramidal cells,9.411764705882355,Neuron,8.968609865470851
409,Endo CLDN5 SLC7A5,Endo CLDN5 SLC7A5,Excitatory neuron,11.76470588235294,Pyramidal cells,9.411764705882355,Neuron,8.968609865470851
410,Endo CLDN5 SLC7A5,Endo CLDN5 SLC7A5,Excitatory neuron,11.76470588235294,Pyramidal cells,9.411764705882355,Neuron,8.968609865470851
411,L3-5 RORB GABRG1 KCNH7,L3-5 RORB GABRG1 KCNH7,Somatostatin interneuron,3.6363636363636362,Lake et al.science.in5,3.508771929824562,Lake et al.science.ex5,3.389830508474577
412,Endo CLDN5 SLC7A5,Endo CLDN5 SLC7A5,Excitatory neuron,11.76470588235294,Pyramidal cells,9.411764705882355,Neuron,8.968609865470851
413,Endo CLDN5 SLC7A5,Endo CLDN5 SLC7A5,Excitatory neuron,11.76470588235294,Pyramidal cells,9.411764705882355,Neuron,8.968609865470851
414,L6 OPRK1 THEMIS RGS6,L6 OPRK1 THEMIS RGS6,Retinal ganglion cells,5.042016806722689,Neuron,4.484304932735426,Lake et al.science.ex8,3.669724770642202
415,Endo CLDN5 SLC7A5,Endo CLDN5 SLC7A5,Excitatory neuron,11.76470588235294,Pyramidal cells,9.411764705882355,Neuron,8.968609865470851
416,Endo CLDN5 SLC7A5,Endo CLDN5 SLC7A5,Excitatory neuron,11.76470588235294,Pyramidal cells,9.411764705882355,Neuron,8.968609865470851
417,InN PVALB HPSE,InN PVALB HPSE,Parvalbumin interneuron,7.4074074074074066,Lake et al.science.ex6,7.1428571428571415,Purkinje neurons,5.5045871559633035
418,L3-5 RORB MKX GRIN3A,L3-5 RORB MKX GRIN3A,Cajal-retzius cells,7.8125,Somatostatin interneuron,7.2727272727272725,Lake et al.science.in5,3.508771929824562
419,Endo CLDN5 SLC7A5,Endo CLDN5 SLC7A5,Excitatory neuron,11.76470588235294,Pyramidal cells,9.411764705882355,Neuron,8.968609865470851
420,Endo CLDN5 SLC7A5,Endo CLDN5 SLC7A5,Excitatory neuron,11.76470588235294,Pyramidal cells,9.411764705882355,Neuron,8.968609865470851
421,Astro AQP4 SLC1A2,Astro AQP4 SLC1A2,Astrocyte,6.94980694980695,Stem cell,5.47945205479452,Satellite glial cells,5.405405405405405
422,Endo CLDN5 SLC7A5,Endo CLDN5 SLC7A5,Excitatory neuron,11.76470588235294,Pyramidal cells,9.411764705882355,Neuron,8.968609865470851
423,Endo CLDN5 SLC7A5,Endo CLDN5 SLC7A5,Excitatory neuron,11.76470588235294,Pyramidal cells,9.411764705882355,Neuron,8.968609865470851
424,Endo CLDN5 SLC7A5,Endo CLDN5 SLC7A5,Excitatory neuron,11.76470588235294,Pyramidal cells,9.411764705882355,Neuron,8.968609865470851
425,Oligo MOG OPALIN,Oligo MOG OPALIN,Oligodendrocytes,11.594202898550725,Oligodendrocyte,9.44206008583691,Mature oligodendrocyte,7.2727272727272725
426,Endo CLDN5 SLC7A5,Endo CLDN5 SLC7A5,Excitatory neuron,11.76470588235294,Pyramidal cells,9.411764705882355,Neuron,8.968609865470851
427,L3-5 RORB MKX GRIN3A,L3-5 RORB MKX GRIN3A,Cajal-retzius cells,7.8125,Somatostatin interneuron,7.2727272727272725,Lake et al.science.in5,3.508771929824562
428,Endo CLDN5 SLC7A5,Endo CLDN5 SLC7A5,Excitatory neuron,11.76470588235294,Pyramidal cells,9.411764705882355,Neuron,8.968609865470851
429,Astro AQP4 SLC1A2,Astro AQP4 SLC1A2,Astrocyte,6.94980694980695,Stem cell,5.47945205479452,Satellite glial cells,5.405405405405405
430,Endo CLDN5 SLC7A5,Endo CLDN5 SLC7A5,Excitatory neuron,11.76470588235294,Pyramidal cells,9.411764705882355,Neuron,8.968609865470851
431,Endo CLDN5 SLC7A5,Endo CLDN5 SLC7A5,Excitatory neuron,11.76470588235294,Pyramidal cells,9.411764705882355,Neuron,8.968609865470851
432,PC P2RY14 GRM8,PC P2RY14 GRM8,Pericyte,8.695652173913043,Endothelial cell,7.692307692307692,Mural cell,7.017543859649124
433,Endo CLDN5 SLC7A5,Endo CLDN5 SLC7A5,Excitatory neuron,11.76470588235294,Pyramidal cells,9.411764705882355,Neuron,8.968609865470851
434,OPC PDGFRA PCDH15,OPC PDGFRA PCDH15,Oligodendrocyte precursor cell,22.22222222222222,Oligodendrocyte progenitor cells,15.384615384615383,Oligodendrocyte progenitor cell,13.114754098360654
435,Endo CLDN5 SLC7A5,Endo CLDN5 SLC7A5,Excitatory neuron,11.76470588235294,Pyramidal cells,9.411764705882355,Neuron,8.968609865470851
436,Endo CLDN5 SLC7A5,Endo CLDN5 SLC7A5,Excitatory neuron,11.76470588235294,Pyramidal cells,9.411764705882355,Neuron,8.968609865470851
437,Endo CLDN5 SLC7A5,Endo CLDN5 SLC7A5,Excitatory neuron,11.76470588235294,Pyramidal cells,9.411764705882355,Neuron,8.968609865470851
438,Endo CLDN5 SLC7A5,Endo CLDN5 SLC7A5,Excitatory neuron,11.76470588235294,Pyramidal cells,9.411764705882355,Neuron,8.968609865470851
439,L3-5 RORB MKX GRIN3A,L3-5 RORB MKX GRIN3A,Cajal-retzius cells,7.8125,Somatostatin interneuron,7.2727272727272725,Lake et al.science.in5,3.508771929824562
440,InN VIP HS3ST3B1,InN VIP HS3ST3B1,Purkinje neurons,7.339449541284404,Neuroblasts,6.0,Lake et al.science.ex8,5.5045871559633035
441,Endo CLDN5 SLC7A5,Endo CLDN5 SLC7A5,Excitatory neuron,11.76470588235294,Pyramidal cells,9.411764705882355,Neuron,8.968609865470851
442,Endo CLDN5 SLC7A5,Endo CLDN5 SLC7A5,Excitatory neuron,11.76470588235294,Pyramidal cells,9.411764705882355,Neuron,8.968609865470851
443,PC P2RY14 GRM8,PC P2RY14 GRM8,Pericyte,8.695652173913043,Endothelial cell,7.692307692307692,Mural cell,7.017543859649124
444,Endo CLDN5 SLC7A5,Endo CLDN5 SLC7A5,Excitatory neuron,11.76470588235294,Pyramidal cells,9.411764705882355,Neuron,8.968609865470851
445,Endo CLDN5 SLC7A5,Endo CLDN5 SLC7A5,Excitatory neuron,11.76470588235294,Pyramidal cells,9.411764705882355,Neuron,8.968609865470851
446,Micro P2RY12 APBB1IP,Micro P2RY12 APBB1IP,Microglia,9.917355371900827,Microglial-specific cell,7.6923076923076925,Homeostatic microglial cell,7.142857142857142
447,Endo CLDN5 SLC7A5,Endo CLDN5 SLC7A5,Excitatory neuron,11.76470588235294,Pyramidal cells,9.411764705882355,Neuron,8.968609865470851
448,Oligo MOG OPALIN,Oligo MOG OPALIN,Oligodendrocytes,11.594202898550725,Oligodendrocyte,9.44206008583691,Mature oligodendrocyte,7.2727272727272725
449,Endo CLDN5 SLC7A5,Endo CLDN5 SLC7A5,Excitatory neuron,11.76470588235294,Pyramidal cells,9.411764705882355,Neuron,8.968609865470851
450,Oligo MOG OPALIN,Oligo MOG OPALIN,Oligodendrocytes,11.594202898550725,Oligodendrocyte,9.44206008583691,Mature oligodendrocyte,7.2727272727272725
451,Endo CLDN5 SLC7A5,Endo CLDN5 SLC7A5,Excitatory neuron,11.76470588235294,Pyramidal cells,9.411764705882355,Neuron,8.968609865470851
452,L3-5 RORB MKX GRIN3A,L3-5 RORB MKX GRIN3A,Cajal-retzius cells,7.8125,Somatostatin interneuron,7.2727272727272725,Lake et al.science.in5,3.508771929824562
453,Endo CLDN5 SLC7A5,Endo CLDN5 SLC7A5,Excitatory neuron,11.76470588235294,Pyramidal cells,9.411764705882355,Neuron,8.968609865470851
454,Endo CLDN5 SLC7A5,Endo CLDN5 SLC7A5,Excitatory neuron,11.76470588235294,Pyramidal cells,9.411764705882355,Neuron,8.968609865470851
455,Micro P2RY12 APBB1IP,Micro P2RY12 APBB1IP,Microglia,9.917355371900827,Microglial-specific cell,7.6923076923076925,Homeostatic microglial cell,7.142857142857142
456,OPC PDGFRA PCDH15,OPC PDGFRA PCDH15,Oligodendrocyte precursor cell,22.22222222222222,Oligodendrocyte progenitor cells,15.384615384615383,Oligodendrocyte progenitor cell,13.114754098360654
457,Endo CLDN5 SLC7A5,Endo CLDN5 SLC7A5,Excitatory neuron,11.76470588235294,Pyramidal cells,9.411764705882355,Neuron,8.968609865470851
458,L3-5 RORB MKX GRIN3A,L3-5 RORB MKX GRIN3A,Cajal-retzius cells,7.8125,Somatostatin interneuron,7.2727272727272725,Lake et al.science.in5,3.508771929824562
459,L3-5 RORB PCBP3 IL1RAPL2,L3-5 RORB PCBP3 IL1RAPL2,Retinal ganglion cells,3.361344537815126,Lake et al.science.ex4,3.1746031746031753,Neuroendocrine cells,2.5974025974025974
460,Endo CLDN5 SLC7A5,Endo CLDN5 SLC7A5,Excitatory neuron,11.76470588235294,Pyramidal cells,9.411764705882355,Neuron,8.968609865470851
461,Endo CLDN5 SLC7A5,Endo CLDN5 SLC7A5,Excitatory neuron,11.76470588235294,Pyramidal cells,9.411764705882355,Neuron,8.968609865470851
462,Endo CLDN5 SLC7A5,Endo CLDN5 SLC7A5,Excitatory neuron,11.76470588235294,Pyramidal cells,9.411764705882355,Neuron,8.968609865470851
463,L2-3 CUX2 ACVR1C THSD7A,L2-3 CUX2 ACVR1C THSD7A,Somatostatin interneuron,3.6363636363636362,Neurons,3.1620553359683794,Cajal-retzius cells,3.125
464,Endo CLDN5 SLC7A5,Endo CLDN5 SLC7A5,Excitatory neuron,11.76470588235294,Pyramidal cells,9.411764705882355,Neuron,8.968609865470851
465,InN SST FREM1,InN SST FREM1,Purkinje neurons,9.174311926605505,Oligodendrocyte precursor cell,6.349206349206351,Neuron,5.381165919282512
466,Endo CLDN5 SLC7A5,Endo CLDN5 SLC7A5,Excitatory neuron,11.76470588235294,Pyramidal cells,9.411764705882355,Neuron,8.968609865470851
467,Endo CLDN5 SLC7A5,Endo CLDN5 SLC7A5,Excitatory neuron,11.76470588235294,Pyramidal cells,9.411764705882355,Neuron,8.968609865470851
468,PC P2RY14 GRM8,PC P2RY14 GRM8,Pericyte,8.695652173913043,Endothelial cell,7.692307692307692,Mural cell,7.017543859649124
469,Endo CLDN5 SLC7A5,Endo CLDN5 SLC7A5,Excitatory neuron,11.76470588235294,Pyramidal cells,9.411764705882355,Neuron,8.968609865470851
470,InN LAMP5 BMP7,InN LAMP5 BMP7,Lake et al.science.in4,7.142857142857142,Bergmann glia,6.593406593406592,Gabaergic neurons,6.153846153846153
471,Endo CLDN5 SLC7A5,Endo CLDN5 SLC7A5,Excitatory neuron,11.76470588235294,Pyramidal cells,9.411764705882355,Neuron,8.968609865470851
472,Endo CLDN5 SLC7A5,Endo CLDN5 SLC7A5,Excitatory neuron,11.76470588235294,Pyramidal cells,9.411764705882355,Neuron,8.968609865470851
473,Micro P2RY12 APBB1IP,Micro P2RY12 APBB1IP,Microglia,9.917355371900827,Microglial-specific cell,7.6923076923076925,Homeostatic microglial cell,7.142857142857142
474,InN SST FREM1,InN SST FREM1,Purkinje neurons,9.174311926605505,Oligodendrocyte precursor cell,6.349206349206351,Neuron,5.381165919282512
475,PC P2RY14 GRM8,PC P2RY14 GRM8,Pericyte,8.695652173913043,Endothelial cell,7.692307692307692,Mural cell,7.017543859649124
476,Oligo MOG OPALIN,Oligo MOG OPALIN,Oligodendrocytes,11.594202898550725,Oligodendrocyte,9.44206008583691,Mature oligodendrocyte,7.2727272727272725
477,Endo CLDN5 SLC7A5,Endo CLDN5 SLC7A5,Excitatory neuron,11.76470588235294,Pyramidal cells,9.411764705882355,Neuron,8.968609865470851
478,Endo CLDN5 SLC7A5,Endo CLDN5 SLC7A5,Excitatory neuron,11.76470588235294,Pyramidal cells,9.411764705882355,Neuron,8.968609865470851
479,Endo CLDN5 SLC7A5,Endo CLDN5 SLC7A5,Excitatory neuron,11.76470588235294,Pyramidal cells,9.411764705882355,Neuron,8.968609865470851
480,Endo CLDN5 SLC7A5,Endo CLDN5 SLC7A5,Excitatory neuron,11.76470588235294,Pyramidal cells,9.411764705882355,Neuron,8.968609865470851
481,Endo CLDN5 SLC7A5,Endo CLDN5 SLC7A5,Excitatory neuron,11.76470588235294,Pyramidal cells,9.411764705882355,Neuron,8.968609865470851
482,Endo CLDN5 SLC7A5,Endo CLDN5 SLC7A5,Excitatory neuron,11.76470588235294,Pyramidal cells,9.411764705882355,Neuron,8.968609865470851
483,Oligo MOG OPALIN,Oligo MOG OPALIN,Oligodendrocytes,11.594202898550725,Oligodendrocyte,9.44206008583691,Mature oligodendrocyte,7.2727272727272725
484,Endo CLDN5 SLC7A5,Endo CLDN5 SLC7A5,Excitatory neuron,11.76470588235294,Pyramidal cells,9.411764705882355,Neuron,8.968609865470851
485,Endo CLDN5 SLC7A5,Endo CLDN5 SLC7A5,Excitatory neuron,11.76470588235294,Pyramidal cells,9.411764705882355,Neuron,8.968609865470851
486,InN SST FREM1,InN SST FREM1,Purkinje neurons,9.174311926605505,Oligodendrocyte precursor cell,6.349206349206351,Neuron,5.381165919282512
487,Endo CLDN5 SLC7A5,Endo CLDN5 SLC7A5,Excitatory neuron,11.76470588235294,Pyramidal cells,9.411764705882355,Neuron,8.968609865470851
488,Endo CLDN5 SLC7A5,Endo CLDN5 SLC7A5,Excitatory neuron,11.76470588235294,Pyramidal cells,9.411764705882355,Neuron,8.968609865470851
489,Endo CLDN5 SLC7A5,Endo CLDN5 SLC7A5,Excitatory neuron,11.76470588235294,Pyramidal cells,9.411764705882355,Neuron,8.968609865470851
490,Endo CLDN5 SLC7A5,Endo CLDN5 SLC7A5,Excitatory neuron,11.76470588235294,Pyramidal cells,9.411764705882355,Neuron,8.968609865470851
491,PC P2RY14 GRM8,PC P2RY14 GRM8,Pericyte,8.695652173913043,Endothelial cell,7.692307692307692,Mural cell,7.017543859649124
492,L3-5 RORB MKX GRIN3A,L3-5 RORB MKX GRIN3A,Cajal-retzius cells,7.8125,Somatostatin interneuron,7.2727272727272725,Lake et al.science.in5,3.508771929824562
493,Endo CLDN5 SLC7A5,Endo CLDN5 SLC7A5,Excitatory neuron,11.76470588235294,Pyramidal cells,9.411764705882355,Neuron,8.968609865470851
494,Endo CLDN5 SLC7A5,Endo CLDN5 SLC7A5,Excitatory neuron,11.76470588235294,Pyramidal cells,9.411764705882355,Neuron,8.968609865470851
495,Endo CLDN5 SLC7A5,Endo CLDN5 SLC7A5,Excitatory neuron,11.76470588235294,Pyramidal cells,9.411764705882355,Neuron,8.968609865470851
496,L3-5 RORB MKX GRIN3A,L3-5 RORB MKX GRIN3A,Cajal-retzius cells,7.8125,Somatostatin interneuron,7.2727272727272725,Lake et al.science.in5,3.508771929824562
497,Micro P2RY12 APBB1IP,Micro P2RY12 APBB1IP,Microglia,9.917355371900827,Microglial-specific cell,7.6923076923076925,Homeostatic microglial cell,7.142857142857142
498,Endo CLDN5 SLC7A5,Endo CLDN5 SLC7A5,Excitatory neuron,11.76470588235294,Pyramidal cells,9.411764705882355,Neuron,8.968609865470851
499,Oligo MOG OPALIN,Oligo MOG OPALIN,Oligodendrocytes,11.594202898550725,Oligodendrocyte,9.44206008583691,Mature oligodendrocyte,7.2727272727272725
500,InN PVALB HPSE,InN PVALB HPSE,Parvalbumin interneuron,7.4074074074074066,Lake et al.science.ex6,7.1428571428571415,Purkinje neurons,5.5045871559633035
501,Endo CLDN5 SLC7A5,Endo CLDN5 SLC7A5,Excitatory neuron,11.76470588235294,Pyramidal cells,9.411764705882355,Neuron,8.968609865470851
502,Endo CLDN5 SLC7A5,Endo CLDN5 SLC7A5,Excitatory neuron,11.76470588235294,Pyramidal cells,9.411764705882355,Neuron,8.968609865470851
503,Endo CLDN5 SLC7A5,Endo CLDN5 SLC7A5,Excitatory neuron,11.76470588235294,Pyramidal cells,9.411764705882355,Neuron,8.968609865470851
504,Endo CLDN5 SLC7A5,Endo CLDN5 SLC7A5,Excitatory neuron,11.76470588235294,Pyramidal cells,9.411764705882355,Neuron,8.968609865470851
505,Endo CLDN5 SLC7A5,Endo CLDN5 SLC7A5,Excitatory neuron,11.76470588235294,Pyramidal cells,9.411764705882355,Neuron,8.968609865470851
506,Endo CLDN5 SLC7A5,Endo CLDN5 SLC7A5,Excitatory neuron,11.76470588235294,Pyramidal cells,9.411764705882355,Neuron,8.968609865470851
507,Endo CLDN5 SLC7A5,Endo CLDN5 SLC7A5,Excitatory neuron,11.76470588235294,Pyramidal cells,9.411764705882355,Neuron,8.968609865470851
508,Endo CLDN5 SLC7A5,Endo CLDN5 SLC7A5,Excitatory neuron,11.76470588235294,Pyramidal cells,9.411764705882355,Neuron,8.968609865470851
509,Endo CLDN5 SLC7A5,Endo CLDN5 SLC7A5,Excitatory neuron,11.76470588235294,Pyramidal cells,9.411764705882355,Neuron,8.968609865470851
510,Endo CLDN5 SLC7A5,Endo CLDN5 SLC7A5,Excitatory neuron,11.76470588235294,Pyramidal cells,9.411764705882355,Neuron,8.968609865470851
511,Oligo MOG OPALIN,Oligo MOG OPALIN,Oligodendrocytes,11.594202898550725,Oligodendrocyte,9.44206008583691,Mature oligodendrocyte,7.2727272727272725
512,Endo CLDN5 SLC7A5,Endo CLDN5 SLC7A5,Excitatory neuron,11.76470588235294,Pyramidal cells,9.411764705882355,Neuron,8.968609865470851
513,Oligo MOG OPALIN,Oligo MOG OPALIN,Oligodendrocytes,11.594202898550725,Oligodendrocyte,9.44206008583691,Mature oligodendrocyte,7.2727272727272725
514,L2-3 CUX2 ACVR1C THSD7A,L2-3 CUX2 ACVR1C THSD7A,Somatostatin interneuron,3.6363636363636362,Neurons,3.1620553359683794,Cajal-retzius cells,3.125
515,Endo CLDN5 SLC7A5,Endo CLDN5 SLC7A5,Excitatory neuron,11.76470588235294,Pyramidal cells,9.411764705882355,Neuron,8.968609865470851
516,Endo CLDN5 SLC7A5,Endo CLDN5 SLC7A5,Excitatory neuron,11.76470588235294,Pyramidal cells,9.411764705882355,Neuron,8.968609865470851
517,Endo CLDN5 SLC7A5,Endo CLDN5 SLC7A5,Excitatory neuron,11.76470588235294,Pyramidal cells,9.411764705882355,Neuron,8.968609865470851
518,Oligo MOG OPALIN,Oligo MOG OPALIN,Oligodendrocytes,11.594202898550725,Oligodendrocyte,9.44206008583691,Mature oligodendrocyte,7.2727272727272725
519,InN PVALB HPSE,InN PVALB HPSE,Parvalbumin interneuron,7.4074074074074066,Lake et al.science.ex6,7.1428571428571415,Purkinje neurons,5.5045871559633035
520,Endo CLDN5 SLC7A5,Endo CLDN5 SLC7A5,Excitatory neuron,11.76470588235294,Pyramidal cells,9.411764705882355,Neuron,8.968609865470851
521,L6 OPRK1 THEMIS RGS6,L6 OPRK1 THEMIS RGS6,Retinal ganglion cells,5.042016806722689,Neuron,4.484304932735426,Lake et al.science.ex8,3.669724770642202
522,Endo CLDN5 SLC7A5,Endo CLDN5 SLC7A5,Excitatory neuron,11.76470588235294,Pyramidal cells,9.411764705882355,Neuron,8.968609865470851
523,Micro P2RY12 APBB1IP,Micro P2RY12 APBB1IP,Microglia,9.917355371900827,Microglial-specific cell,7.6923076923076925,Homeostatic microglial cell,7.142857142857142
524,Endo CLDN5 SLC7A5,Endo CLDN5 SLC7A5,Excitatory neuron,11.76470588235294,Pyramidal cells,9.411764705882355,Neuron,8.968609865470851
525,L2-3 CUX2 ACVR1C THSD7A,L2-3 CUX2 ACVR1C THSD7A,Somatostatin interneuron,3.6363636363636362,Neurons,3.1620553359683794,Cajal-retzius cells,3.125
526,Endo CLDN5 SLC7A5,Endo CLDN5 SLC7A5,Excitatory neuron,11.76470588235294,Pyramidal cells,9.411764705882355,Neuron,8.968609865470851
527,InN VIP HS3ST3B1,InN VIP HS3ST3B1,Purkinje neurons,7.339449541284404,Neuroblasts,6.0,Lake et al.science.ex8,5.5045871559633035
528,Endo CLDN5 SLC7A5,Endo CLDN5 SLC7A5,Excitatory neuron,11.76470588235294,Pyramidal cells,9.411764705882355,Neuron,8.968609865470851
529,Endo CLDN5 SLC7A5,Endo CLDN5 SLC7A5,Excitatory neuron,11.76470588235294,Pyramidal cells,9.411764705882355,Neuron,8.968609865470851
530,Astro AQP4 SLC1A2,Astro AQP4 SLC1A2,Astrocyte,6.94980694980695,Stem cell,5.47945205479452,Satellite glial cells,5.405405405405405
531,Endo CLDN5 SLC7A5,Endo CLDN5 SLC7A5,Excitatory neuron,11.76470588235294,Pyramidal cells,9.411764705882355,Neuron,8.968609865470851
532,Endo CLDN5 SLC7A5,Endo CLDN5 SLC7A5,Excitatory neuron,11.76470588235294,Pyramidal cells,9.411764705882355,Neuron,8.968609865470851
533,Endo CLDN5 SLC7A5,Endo CLDN5 SLC7A5,Excitatory neuron,11.76470588235294,Pyramidal cells,9.411764705882355,Neuron,8.968609865470851
534,InN SST FREM1,InN SST FREM1,Purkinje neurons,9.174311926605505,Oligodendrocyte precursor cell,6.349206349206351,Neuron,5.381165919282512
535,Endo CLDN5 SLC7A5,Endo CLDN5 SLC7A5,Excitatory neuron,11.76470588235294,Pyramidal cells,9.411764705882355,Neuron,8.968609865470851
536,Endo CLDN5 SLC7A5,Endo CLDN5 SLC7A5,Excitatory neuron,11.76470588235294,Pyramidal cells,9.411764705882355,Neuron,8.968609865470851
537,Endo CLDN5 SLC7A5,Endo CLDN5 SLC7A5,Excitatory neuron,11.76470588235294,Pyramidal cells,9.411764705882355,Neuron,8.968609865470851
538,Endo CLDN5 SLC7A5,Endo CLDN5 SLC7A5,Excitatory neuron,11.76470588235294,Pyramidal cells,9.411764705882355,Neuron,8.968609865470851
539,Micro P2RY12 APBB1IP,Micro P2RY12 APBB1IP,Microglia,9.917355371900827,Microglial-specific cell,7.6923076923076925,Homeostatic microglial cell,7.142857142857142
540,InN SST FREM1,InN SST FREM1,Purkinje neurons,9.174311926605505,Oligodendrocyte precursor cell,6.349206349206351,Neuron,5.381165919282512
541,Endo CLDN5 SLC7A5,Endo CLDN5 SLC7A5,Excitatory neuron,11.76470588235294,Pyramidal cells,9.411764705882355,Neuron,8.968609865470851
542,L6 OPRK1 THEMIS RGS6,L6 OPRK1 THEMIS RGS6,Retinal ganglion cells,5.042016806722689,Neuron,4.484304932735426,Lake et al.science.ex8,3.669724770642202
543,L2-3 CUX2 ACVR1C THSD7A,L2-3 CUX2 ACVR1C THSD7A,Somatostatin interneuron,3.6363636363636362,Neurons,3.1620553359683794,Cajal-retzius cells,3.125
544,Endo CLDN5 SLC7A5,Endo CLDN5 SLC7A5,Excitatory neuron,11.76470588235294,Pyramidal cells,9.411764705882355,Neuron,8.968609865470851
545,Endo CLDN5 SLC7A5,Endo CLDN5 SLC7A5,Excitatory neuron,11.76470588235294,Pyramidal cells,9.411764705882355,Neuron,8.968609865470851
546,Micro P2RY12 APBB1IP,Micro P2RY12 APBB1IP,Microglia,9.917355371900827,Microglial-specific cell,7.6923076923076925,Homeostatic microglial cell,7.142857142857142
547,Endo CLDN5 SLC7A5,Endo CLDN5 SLC7A5,Excitatory neuron,11.76470588235294,Pyramidal cells,9.411764705882355,Neuron,8.968609865470851
548,Astro AQP4 SLC1A2,Astro AQP4 SLC1A2,Astrocyte,6.94980694980695,Stem cell,5.47945205479452,Satellite glial cells,5.405405405405405
549,Endo CLDN5 SLC7A5,Endo CLDN5 SLC7A5,Excitatory neuron,11.76470588235294,Pyramidal cells,9.411764705882355,Neuron,8.968609865470851
550,InN SST FREM1,InN SST FREM1,Purkinje neurons,9.174311926605505,Oligodendrocyte precursor cell,6.349206349206351,Neuron,5.381165919282512
551,Endo CLDN5 SLC7A5,Endo CLDN5 SLC7A5,Excitatory neuron,11.76470588235294,Pyramidal cells,9.411764705882355,Neuron,8.968609865470851
552,InN LAMP5 BMP7,InN LAMP5 BMP7,Lake et al.science.in4,7.142857142857142,Bergmann glia,6.593406593406592,Gabaergic neurons,6.153846153846153
553,Endo CLDN5 SLC7A5,Endo CLDN5 SLC7A5,Excitatory neuron,11.76470588235294,Pyramidal cells,9.411764705882355,Neuron,8.968609865470851
554,Endo CLDN5 SLC7A5,Endo CLDN5 SLC7A5,Excitatory neuron,11.76470588235294,Pyramidal cells,9.411764705882355,Neuron,8.968609865470851
555,Endo CLDN5 SLC7A5,Endo CLDN5 SLC7A5,Excitatory neuron,11.76470588235294,Pyramidal cells,9.411764705882355,Neuron,8.968609865470851
556,Astro AQP4 SLC1A2,Astro AQP4 SLC1A2,Astrocyte,6.94980694980695,Stem cell,5.47945205479452,Satellite glial cells,5.405405405405405
557,Astro AQP4 SLC1A2,Astro AQP4 SLC1A2,Astrocyte,6.94980694980695,Stem cell,5.47945205479452,Satellite glial cells,5.405405405405405
558,Endo CLDN5 SLC7A5,Endo CLDN5 SLC7A5,Excitatory neuron,11.76470588235294,Pyramidal cells,9.411764705882355,Neuron,8.968609865470851
559,L2-3 CUX2 ACVR1C THSD7A,L2-3 CUX2 ACVR1C THSD7A,Somatostatin interneuron,3.6363636363636362,Neurons,3.1620553359683794,Cajal-retzius cells,3.125
560,Endo CLDN5 SLC7A5,Endo CLDN5 SLC7A5,Excitatory neuron,11.76470588235294,Pyramidal cells,9.411764705882355,Neuron,8.968609865470851
561,Endo CLDN5 SLC7A5,Endo CLDN5 SLC7A5,Excitatory neuron,11.76470588235294,Pyramidal cells,9.411764705882355,Neuron,8.968609865470851
562,Endo CLDN5 SLC7A5,Endo CLDN5 SLC7A5,Excitatory neuron,11.76470588235294,Pyramidal cells,9.411764705882355,Neuron,8.968609865470851
563,Endo CLDN5 SLC7A5,Endo CLDN5 SLC7A5,Excitatory neuron,11.76470588235294,Pyramidal cells,9.411764705882355,Neuron,8.968609865470851
564,Endo CLDN5 SLC7A5,Endo CLDN5 SLC7A5,Excitatory neuron,11.76470588235294,Pyramidal cells,9.411764705882355,Neuron,8.968609865470851
565,Astro AQP4 SLC1A2,Astro AQP4 SLC1A2,Astrocyte,6.94980694980695,Stem cell,5.47945205479452,Satellite glial cells,5.405405405405405
566,Astro AQP4 SLC1A2,Astro AQP4 SLC1A2,Astrocyte,6.94980694980695,Stem cell,5.47945205479452,Satellite glial cells,5.405405405405405
567,Endo CLDN5 SLC7A5,Endo CLDN5 SLC7A5,Excitatory neuron,11.76470588235294,Pyramidal cells,9.411764705882355,Neuron,8.968609865470851
568,Endo CLDN5 SLC7A5,Endo CLDN5 SLC7A5,Excitatory neuron,11.76470588235294,Pyramidal cells,9.411764705882355,Neuron,8.968609865470851
569,Endo CLDN5 SLC7A5,Endo CLDN5 SLC7A5,Excitatory neuron,11.76470588235294,Pyramidal cells,9.411764705882355,Neuron,8.968609865470851
570,Oligo MOG OPALIN,Oligo MOG OPALIN,Oligodendrocytes,11.594202898550725,Oligodendrocyte,9.44206008583691,Mature oligodendrocyte,7.2727272727272725
571,Endo CLDN5 SLC7A5,Endo CLDN5 SLC7A5,Excitatory neuron,11.76470588235294,Pyramidal cells,9.411764705882355,Neuron,8.968609865470851
572,L2-3 CUX2 ACVR1C THSD7A,L2-3 CUX2 ACVR1C THSD7A,Somatostatin interneuron,3.6363636363636362,Neurons,3.1620553359683794,Cajal-retzius cells,3.125
573,Endo CLDN5 SLC7A5,Endo CLDN5 SLC7A5,Excitatory neuron,11.76470588235294,Pyramidal cells,9.411764705882355,Neuron,8.968609865470851
574,Endo CLDN5 SLC7A5,Endo CLDN5 SLC7A5,Excitatory neuron,11.76470588235294,Pyramidal cells,9.411764705882355,Neuron,8.968609865470851
575,Endo CLDN5 SLC7A5,Endo CLDN5 SLC7A5,Excitatory neuron,11.76470588235294,Pyramidal cells,9.411764705882355,Neuron,8.968609865470851
576,L2-3 CUX2 ACVR1C THSD7A,L2-3 CUX2 ACVR1C THSD7A,Somatostatin interneuron,3.6363636363636362,Neurons,3.1620553359683794,Cajal-retzius cells,3.125
577,Endo CLDN5 SLC7A5,Endo CLDN5 SLC7A5,Excitatory neuron,11.76470588235294,Pyramidal cells,9.411764705882355,Neuron,8.968609865470851
578,Endo CLDN5 SLC7A5,Endo CLDN5 SLC7A5,Excitatory neuron,11.76470588235294,Pyramidal cells,9.411764705882355,Neuron,8.968609865470851
579,InN PVALB HPSE,InN PVALB HPSE,Parvalbumin interneuron,7.4074074074074066,Lake et al.science.ex6,7.1428571428571415,Purkinje neurons,5.5045871559633035
580,Endo CLDN5 SLC7A5,Endo CLDN5 SLC7A5,Excitatory neuron,11.76470588235294,Pyramidal cells,9.411764705882355,Neuron,8.968609865470851
581,L3-5 RORB GABRG1 KCNH7,L3-5 RORB GABRG1 KCNH7,Somatostatin interneuron,3.6363636363636362,Lake et al.science.in5,3.508771929824562,Lake et al.science.ex5,3.389830508474577
582,Endo CLDN5 SLC7A5,Endo CLDN5 SLC7A5,Excitatory neuron,11.76470588235294,Pyramidal cells,9.411764705882355,Neuron,8.968609865470851
583,InN LAMP5 BMP7,InN LAMP5 BMP7,Lake et al.science.in4,7.142857142857142,Bergmann glia,6.593406593406592,Gabaergic neurons,6.153846153846153
584,Endo CLDN5 SLC7A5,Endo CLDN5 SLC7A5,Excitatory neuron,11.76470588235294,Pyramidal cells,9.411764705882355,Neuron,8.968609865470851
585,Oligo MOG OPALIN,Oligo MOG OPALIN,Oligodendrocytes,11.594202898550725,Oligodendrocyte,9.44206008583691,Mature oligodendrocyte,7.2727272727272725
586,L3-5 RORB MKX GRIN3A,L3-5 RORB MKX GRIN3A,Cajal-retzius cells,7.8125,Somatostatin interneuron,7.2727272727272725,Lake et al.science.in5,3.508771929824562
587,Endo CLDN5 SLC7A5,Endo CLDN5 SLC7A5,Excitatory neuron,11.76470588235294,Pyramidal cells,9.411764705882355,Neuron,8.968609865470851
588,Endo CLDN5 SLC7A5,Endo CLDN5 SLC7A5,Excitatory neuron,11.76470588235294,Pyramidal cells,9.411764705882355,Neuron,8.968609865470851
589,Micro P2RY12 APBB1IP,Micro P2RY12 APBB1IP,Microglia,9.917355371900827,Microglial-specific cell,7.6923076923076925,Homeostatic microglial cell,7.142857142857142
590,Endo CLDN5 SLC7A5,Endo CLDN5 SLC7A5,Excitatory neuron,11.76470588235294,Pyramidal cells,9.411764705882355,Neuron,8.968609865470851
591,Endo CLDN5 SLC7A5,Endo CLDN5 SLC7A5,Excitatory neuron,11.76470588235294,Pyramidal cells,9.411764705882355,Neuron,8.968609865470851
592,Endo CLDN5 SLC7A5,Endo CLDN5 SLC7A5,Excitatory neuron,11.76470588235294,Pyramidal cells,9.411764705882355,Neuron,8.968609865470851
593,Oligo MOG OPALIN,Oligo MOG OPALIN,Oligodendrocytes,11.594202898550725,Oligodendrocyte,9.44206008583691,Mature oligodendrocyte,7.2727272727272725
594,Endo CLDN5 SLC7A5,Endo CLDN5 SLC7A5,Excitatory neuron,11.76470588235294,Pyramidal cells,9.411764705882355,Neuron,8.968609865470851
595,Endo CLDN5 SLC7A5,Endo CLDN5 SLC7A5,Excitatory neuron,11.76470588235294,Pyramidal cells,9.411764705882355,Neuron,8.968609865470851
596,Endo CLDN5 SLC7A5,Endo CLDN5 SLC7A5,Excitatory neuron,11.76470588235294,Pyramidal cells,9.411764705882355,Neuron,8.968609865470851
597,L3-5 RORB GABRG1 KCNH7,L3-5 RORB GABRG1 KCNH7,Somatostatin interneuron,3.6363636363636362,Lake et al.science.in5,3.508771929824562,Lake et al.science.ex5,3.389830508474577
598,Endo CLDN5 SLC7A5,Endo CLDN5 SLC7A5,Excitatory neuron,11.76470588235294,Pyramidal cells,9.411764705882355,Neuron,8.968609865470851
599,Endo CLDN5 SLC7A5,Endo CLDN5 SLC7A5,Excitatory neuron,11.76470588235294,Pyramidal cells,9.411764705882355,Neuron,8.968609865470851
600,Endo CLDN5 SLC7A5,Endo CLDN5 SLC7A5,Excitatory neuron,11.76470588235294,Pyramidal cells,9.411764705882355,Neuron,8.968609865470851
601,Endo CLDN5 SLC7A5,Endo CLDN5 SLC7A5,Excitatory neuron,11.76470588235294,Pyramidal cells,9.411764705882355,Neuron,8.968609865470851
602,Oligo MOG OPALIN,Oligo MOG OPALIN,Oligodendrocytes,11.594202898550725,Oligodendrocyte,9.44206008583691,Mature oligodendrocyte,7.2727272727272725
603,Endo CLDN5 SLC7A5,Endo CLDN5 SLC7A5,Excitatory neuron,11.76470588235294,Pyramidal cells,9.411764705882355,Neuron,8.968609865470851
604,L2-3 CUX2 ACVR1C THSD7A,L2-3 CUX2 ACVR1C THSD7A,Somatostatin interneuron,3.6363636363636362,Neurons,3.1620553359683794,Cajal-retzius cells,3.125
605,L2-3 CUX2 ACVR1C THSD7A,L2-3 CUX2 ACVR1C THSD7A,Somatostatin interneuron,3.6363636363636362,Neurons,3.1620553359683794,Cajal-retzius cells,3.125
606,Endo CLDN5 SLC7A5,Endo CLDN5 SLC7A5,Excitatory neuron,11.76470588235294,Pyramidal cells,9.411764705882355,Neuron,8.968609865470851
607,InN LAMP5 BMP7,InN LAMP5 BMP7,Lake et al.science.in4,7.142857142857142,Bergmann glia,6.593406593406592,Gabaergic neurons,6.153846153846153
608,OPC PDGFRA PCDH15,OPC PDGFRA PCDH15,Oligodendrocyte precursor cell,22.22222222222222,Oligodendrocyte progenitor cells,15.384615384615383,Oligodendrocyte progenitor cell,13.114754098360654
609,L6 OPRK1 THEMIS RGS6,L6 OPRK1 THEMIS RGS6,Retinal ganglion cells,5.042016806722689,Neuron,4.484304932735426,Lake et al.science.ex8,3.669724770642202
610,Endo CLDN5 SLC7A5,Endo CLDN5 SLC7A5,Excitatory neuron,11.76470588235294,Pyramidal cells,9.411764705882355,Neuron,8.968609865470851
611,Endo CLDN5 SLC7A5,Endo CLDN5 SLC7A5,Excitatory neuron,11.76470588235294,Pyramidal cells,9.411764705882355,Neuron,8.968609865470851
612,InN VIP HS3ST3B1,InN VIP HS3ST3B1,Purkinje neurons,7.339449541284404,Neuroblasts,6.0,Lake et al.science.ex8,5.5045871559633035
613,Oligo MOG OPALIN,Oligo MOG OPALIN,Oligodendrocytes,11.594202898550725,Oligodendrocyte,9.44206008583691,Mature oligodendrocyte,7.2727272727272725
614,Endo CLDN5 SLC7A5,Endo CLDN5 SLC7A5,Excitatory neuron,11.76470588235294,Pyramidal cells,9.411764705882355,Neuron,8.968609865470851
615,Endo CLDN5 SLC7A5,Endo CLDN5 SLC7A5,Excitatory neuron,11.76470588235294,Pyramidal cells,9.411764705882355,Neuron,8.968609865470851
616,Endo CLDN5 SLC7A5,Endo CLDN5 SLC7A5,Excitatory neuron,11.76470588235294,Pyramidal cells,9.411764705882355,Neuron,8.968609865470851
617,Endo CLDN5 SLC7A5,Endo CLDN5 SLC7A5,Excitatory neuron,11.76470588235294,Pyramidal cells,9.411764705882355,Neuron,8.968609865470851
618,Endo CLDN5 SLC7A5,Endo CLDN5 SLC7A5,Excitatory neuron,11.76470588235294,Pyramidal cells,9.411764705882355,Neuron,8.968609865470851
619,Endo CLDN5 SLC7A5,Endo CLDN5 SLC7A5,Excitatory neuron,11.76470588235294,Pyramidal cells,9.411764705882355,Neuron,8.968609865470851
620,Oligo MOG OPALIN,Oligo MOG OPALIN,Oligodendrocytes,11.594202898550725,Oligodendrocyte,9.44206008583691,Mature oligodendrocyte,7.2727272727272725
621,Endo CLDN5 SLC7A5,Endo CLDN5 SLC7A5,Excitatory neuron,11.76470588235294,Pyramidal cells,9.411764705882355,Neuron,8.968609865470851
622,Endo CLDN5 SLC7A5,Endo CLDN5 SLC7A5,Excitatory neuron,11.76470588235294,Pyramidal cells,9.411764705882355,Neuron,8.968609865470851
623,Endo CLDN5 SLC7A5,Endo CLDN5 SLC7A5,Excitatory neuron,11.76470588235294,Pyramidal cells,9.411764705882355,Neuron,8.968609865470851
624,Endo CLDN5 SLC7A5,Endo CLDN5 SLC7A5,Excitatory neuron,11.76470588235294,Pyramidal cells,9.411764705882355,Neuron,8.968609865470851
625,InN PVALB HPSE,InN PVALB HPSE,Parvalbumin interneuron,7.4074074074074066,Lake et al.science.ex6,7.1428571428571415,Purkinje neurons,5.5045871559633035
626,Endo CLDN5 SLC7A5,Endo CLDN5 SLC7A5,Excitatory neuron,11.76470588235294,Pyramidal cells,9.411764705882355,Neuron,8.968609865470851
627,Endo CLDN5 SLC7A5,Endo CLDN5 SLC7A5,Excitatory neuron,11.76470588235294,Pyramidal cells,9.411764705882355,Neuron,8.968609865470851
628,L2-3 CUX2 ACVR1C THSD7A,L2-3 CUX2 ACVR1C THSD7A,Somatostatin interneuron,3.6363636363636362,Neurons,3.1620553359683794,Cajal-retzius cells,3.125
629,Endo CLDN5 SLC7A5,Endo CLDN5 SLC7A5,Excitatory neuron,11.76470588235294,Pyramidal cells,9.411764705882355,Neuron,8.968609865470851
630,Endo CLDN5 SLC7A5,Endo CLDN5 SLC7A5,Excitatory neuron,11.76470588235294,Pyramidal cells,9.411764705882355,Neuron,8.968609865470851
631,Endo CLDN5 SLC7A5,Endo CLDN5 SLC7A5,Excitatory neuron,11.76470588235294,Pyramidal cells,9.411764705882355,Neuron,8.968609865470851
632,Endo CLDN5 SLC7A5,Endo CLDN5 SLC7A5,Excitatory neuron,11.76470588235294,Pyramidal cells,9.411764705882355,Neuron,8.968609865470851
633,Oligo MOG OPALIN,Oligo MOG OPALIN,Oligodendrocytes,11.594202898550725,Oligodendrocyte,9.44206008583691,Mature oligodendrocyte,7.2727272727272725
634,Endo CLDN5 SLC7A5,Endo CLDN5 SLC7A5,Excitatory neuron,11.76470588235294,Pyramidal cells,9.411764705882355,Neuron,8.968609865470851
635,Endo CLDN5 SLC7A5,Endo CLDN5 SLC7A5,Excitatory neuron,11.76470588235294,Pyramidal cells,9.411764705882355,Neuron,8.968609865470851
636,Oligo MOG OPALIN,Oligo MOG OPALIN,Oligodendrocytes,11.594202898550725,Oligodendrocyte,9.44206008583691,Mature oligodendrocyte,7.2727272727272725
637,Endo CLDN5 SLC7A5,Endo CLDN5 SLC7A5,Excitatory neuron,11.76470588235294,Pyramidal cells,9.411764705882355,Neuron,8.968609865470851
638,Micro P2RY12 APBB1IP,Micro P2RY12 APBB1IP,Microglia,9.917355371900827,Microglial-specific cell,7.6923076923076925,Homeostatic microglial cell,7.142857142857142
639,InN VIP HS3ST3B1,InN VIP HS3ST3B1,Purkinje neurons,7.339449541284404,Neuroblasts,6.0,Lake et al.science.ex8,5.5045871559633035
640,Endo CLDN5 SLC7A5,Endo CLDN5 SLC7A5,Excitatory neuron,11.76470588235294,Pyramidal cells,9.411764705882355,Neuron,8.968609865470851
641,L2-3 CUX2 ACVR1C THSD7A,L2-3 CUX2 ACVR1C THSD7A,Somatostatin interneuron,3.6363636363636362,Neurons,3.1620553359683794,Cajal-retzius cells,3.125
642,Oligo MOG OPALIN,Oligo MOG OPALIN,Oligodendrocytes,11.594202898550725,Oligodendrocyte,9.44206008583691,Mature oligodendrocyte,7.2727272727272725
643,Endo CLDN5 SLC7A5,Endo CLDN5 SLC7A5,Excitatory neuron,11.76470588235294,Pyramidal cells,9.411764705882355,Neuron,8.968609865470851
644,Endo CLDN5 SLC7A5,Endo CLDN5 SLC7A5,Excitatory neuron,11.76470588235294,Pyramidal cells,9.411764705882355,Neuron,8.968609865470851
645,Endo CLDN5 SLC7A5,Endo CLDN5 SLC7A5,Excitatory neuron,11.76470588235294,Pyramidal cells,9.411764705882355,Neuron,8.968609865470851
646,Oligo MOG OPALIN,Oligo MOG OPALIN,Oligodendrocytes,11.594202898550725,Oligodendrocyte,9.44206008583691,Mature oligodendrocyte,7.2727272727272725
647,InN PVALB HPSE,InN PVALB HPSE,Parvalbumin interneuron,7.4074074074074066,Lake et al.science.ex6,7.1428571428571415,Purkinje neurons,5.5045871559633035
648,L5-6 FEZF2 NXPH2 GRIK1,L5-6 FEZF2 NXPH2 GRIK1,Lake et al.science.ex6,16.666666666666664,Epithelial cell,3.7735849056603774,Glutamatergic neuron,3.7037037037037033
649,L3-5 RORB GABRG1 KCNH7,L3-5 RORB GABRG1 KCNH7,Somatostatin interneuron,3.6363636363636362,Lake et al.science.in5,3.508771929824562,Lake et al.science.ex5,3.389830508474577
650,PC P2RY14 GRM8,PC P2RY14 GRM8,Pericyte,8.695652173913043,Endothelial cell,7.692307692307692,Mural cell,7.017543859649124
651,L3-5 RORB PCBP3 IL1RAPL2,L3-5 RORB PCBP3 IL1RAPL2,Retinal ganglion cells,3.361344537815126,Lake et al.science.ex4,3.1746031746031753,Neuroendocrine cells,2.5974025974025974
652,Endo CLDN5 SLC7A5,Endo CLDN5 SLC7A5,Excitatory neuron,11.76470588235294,Pyramidal cells,9.411764705882355,Neuron,8.968609865470851
653,L6 OPRK1 THEMIS RGS6,L6 OPRK1 THEMIS RGS6,Retinal ganglion cells,5.042016806722689,Neuron,4.484304932735426,Lake et al.science.ex8,3.669724770642202
654,Endo CLDN5 SLC7A5,Endo CLDN5 SLC7A5,Excitatory neuron,11.76470588235294,Pyramidal cells,9.411764705882355,Neuron,8.968609865470851
655,Endo CLDN5 SLC7A5,Endo CLDN5 SLC7A5,Excitatory neuron,11.76470588235294,Pyramidal cells,9.411764705882355,Neuron,8.968609865470851
656,Micro P2RY12 APBB1IP,Micro P2RY12 APBB1IP,Microglia,9.917355371900827,Microglial-specific cell,7.6923076923076925,Homeostatic microglial cell,7.142857142857142
657,InN VIP HS3ST3B1,InN VIP HS3ST3B1,Purkinje neurons,7.339449541284404,Neuroblasts,6.0,Lake et al.science.ex8,5.5045871559633035
658,OPC PDGFRA PCDH15,OPC PDGFRA PCDH15,Oligodendrocyte precursor cell,22.22222222222222,Oligodendrocyte progenitor cells,15.384615384615383,Oligodendrocyte progenitor cell,13.114754098360654
659,Endo CLDN5 SLC7A5,Endo CLDN5 SLC7A5,Excitatory neuron,11.76470588235294,Pyramidal cells,9.411764705882355,Neuron,8.968609865470851
660,Endo CLDN5 SLC7A5,Endo CLDN5 SLC7A5,Excitatory neuron,11.76470588235294,Pyramidal cells,9.411764705882355,Neuron,8.968609865470851
661,Endo CLDN5 SLC7A5,Endo CLDN5 SLC7A5,Excitatory neuron,11.76470588235294,Pyramidal cells,9.411764705882355,Neuron,8.968609865470851
662,Endo CLDN5 SLC7A5,Endo CLDN5 SLC7A5,Excitatory neuron,11.76470588235294,Pyramidal cells,9.411764705882355,Neuron,8.968609865470851
663,InN SST FREM1,InN SST FREM1,Purkinje neurons,9.174311926605505,Oligodendrocyte precursor cell,6.349206349206351,Neuron,5.381165919282512
664,Endo CLDN5 SLC7A5,Endo CLDN5 SLC7A5,Excitatory neuron,11.76470588235294,Pyramidal cells,9.411764705882355,Neuron,8.968609865470851
665,Oligo MOG OPALIN,Oligo MOG OPALIN,Oligodendrocytes,11.594202898550725,Oligodendrocyte,9.44206008583691,Mature oligodendrocyte,7.2727272727272725
666,InN LAMP5 BMP7,InN LAMP5 BMP7,Lake et al.science.in4,7.142857142857142,Bergmann glia,6.593406593406592,Gabaergic neurons,6.153846153846153
667,OPC PDGFRA PCDH15,OPC PDGFRA PCDH15,Oligodendrocyte precursor cell,22.22222222222222,Oligodendrocyte progenitor cells,15.384615384615383,Oligodendrocyte progenitor cell,13.114754098360654
668,Endo CLDN5 SLC7A5,Endo CLDN5 SLC7A5,Excitatory neuron,11.76470588235294,Pyramidal cells,9.411764705882355,Neuron,8.968609865470851
669,Endo CLDN5 SLC7A5,Endo CLDN5 SLC7A5,Excitatory neuron,11.76470588235294,Pyramidal cells,9.411764705882355,Neuron,8.968609865470851
670,Oligo MOG OPALIN,Oligo MOG OPALIN,Oligodendrocytes,11.594202898550725,Oligodendrocyte,9.44206008583691,Mature oligodendrocyte,7.2727272727272725
671,OPC PDGFRA PCDH15,OPC PDGFRA PCDH15,Oligodendrocyte precursor cell,22.22222222222222,Oligodendrocyte progenitor cells,15.384615384615383,Oligodendrocyte progenitor cell,13.114754098360654
672,InN PVALB HPSE,InN PVALB HPSE,Parvalbumin interneuron,7.4074074074074066,Lake et al.science.ex6,7.1428571428571415,Purkinje neurons,5.5045871559633035
673,Oligo MOG OPALIN,Oligo MOG OPALIN,Oligodendrocytes,11.594202898550725,Oligodendrocyte,9.44206008583691,Mature oligodendrocyte,7.2727272727272725
674,Astro AQP4 SLC1A2,Astro AQP4 SLC1A2,Astrocyte,6.94980694980695,Stem cell,5.47945205479452,Satellite glial cells,5.405405405405405
675,Endo CLDN5 SLC7A5,Endo CLDN5 SLC7A5,Excitatory neuron,11.76470588235294,Pyramidal cells,9.411764705882355,Neuron,8.968609865470851
676,Endo CLDN5 SLC7A5,Endo CLDN5 SLC7A5,Excitatory neuron,11.76470588235294,Pyramidal cells,9.411764705882355,Neuron,8.968609865470851
677,InN SST FREM1,InN SST FREM1,Purkinje neurons,9.174311926605505,Oligodendrocyte precursor cell,6.349206349206351,Neuron,5.381165919282512
678,Endo CLDN5 SLC7A5,Endo CLDN5 SLC7A5,Excitatory neuron,11.76470588235294,Pyramidal cells,9.411764705882355,Neuron,8.968609865470851
679,OPC PDGFRA PCDH15,OPC PDGFRA PCDH15,Oligodendrocyte precursor cell,22.22222222222222,Oligodendrocyte progenitor cells,15.384615384615383,Oligodendrocyte progenitor cell,13.114754098360654
680,Endo CLDN5 SLC7A5,Endo CLDN5 SLC7A5,Excitatory neuron,11.76470588235294,Pyramidal cells,9.411764705882355,Neuron,8.968609865470851
681,Endo CLDN5 SLC7A5,Endo CLDN5 SLC7A5,Excitatory neuron,11.76470588235294,Pyramidal cells,9.411764705882355,Neuron,8.968609865470851
682,OPC PDGFRA PCDH15,OPC PDGFRA PCDH15,Oligodendrocyte precursor cell,22.22222222222222,Oligodendrocyte progenitor cells,15.384615384615383,Oligodendrocyte progenitor cell,13.114754098360654
683,Astro AQP4 SLC1A2,Astro AQP4 SLC1A2,Astrocyte,6.94980694980695,Stem cell,5.47945205479452,Satellite glial cells,5.405405405405405
684,Endo CLDN5 SLC7A5,Endo CLDN5 SLC7A5,Excitatory neuron,11.76470588235294,Pyramidal cells,9.411764705882355,Neuron,8.968609865470851
685,Endo CLDN5 SLC7A5,Endo CLDN5 SLC7A5,Excitatory neuron,11.76470588235294,Pyramidal cells,9.411764705882355,Neuron,8.968609865470851
686,InN SST FREM1,InN SST FREM1,Purkinje neurons,9.174311926605505,Oligodendrocyte precursor cell,6.349206349206351,Neuron,5.381165919282512
687,L3-5 RORB GABRG1 KCNH7,L3-5 RORB GABRG1 KCNH7,Somatostatin interneuron,3.6363636363636362,Lake et al.science.in5,3.508771929824562,Lake et al.science.ex5,3.389830508474577
688,Endo CLDN5 SLC7A5,Endo CLDN5 SLC7A5,Excitatory neuron,11.76470588235294,Pyramidal cells,9.411764705882355,Neuron,8.968609865470851
689,Endo CLDN5 SLC7A5,Endo CLDN5 SLC7A5,Excitatory neuron,11.76470588235294,Pyramidal cells,9.411764705882355,Neuron,8.968609865470851
690,Endo CLDN5 SLC7A5,Endo CLDN5 SLC7A5,Excitatory neuron,11.76470588235294,Pyramidal cells,9.411764705882355,Neuron,8.968609865470851
691,Endo CLDN5 SLC7A5,Endo CLDN5 SLC7A5,Excitatory neuron,11.76470588235294,Pyramidal cells,9.411764705882355,Neuron,8.968609865470851
692,Endo CLDN5 SLC7A5,Endo CLDN5 SLC7A5,Excitatory neuron,11.76470588235294,Pyramidal cells,9.411764705882355,Neuron,8.968609865470851
693,Endo CLDN5 SLC7A5,Endo CLDN5 SLC7A5,Excitatory neuron,11.76470588235294,Pyramidal cells,9.411764705882355,Neuron,8.968609865470851
694,Endo CLDN5 SLC7A5,Endo CLDN5 SLC7A5,Excitatory neuron,11.76470588235294,Pyramidal cells,9.411764705882355,Neuron,8.968609865470851
695,Astro AQP4 SLC1A2,Astro AQP4 SLC1A2,Astrocyte,6.94980694980695,Stem cell,5.47945205479452,Satellite glial cells,5.405405405405405
696,Endo CLDN5 SLC7A5,Endo CLDN5 SLC7A5,Excitatory neuron,11.76470588235294,Pyramidal cells,9.411764705882355,Neuron,8.968609865470851
697,PC P2RY14 GRM8,PC P2RY14 GRM8,Pericyte,8.695652173913043,Endothelial cell,7.692307692307692,Mural cell,7.017543859649124
698,Endo CLDN5 SLC7A5,Endo CLDN5 SLC7A5,Excitatory neuron,11.76470588235294,Pyramidal cells,9.411764705882355,Neuron,8.968609865470851
699,Endo CLDN5 SLC7A5,Endo CLDN5 SLC7A5,Excitatory neuron,11.76470588235294,Pyramidal cells,9.411764705882355,Neuron,8.968609865470851
700,L6 FEZF2 NPFFR2 KCNK2,L6 FEZF2 NPFFR2 KCNK2,Lake et al.science.ex6,16.666666666666664,Somatostatin interneuron,3.6363636363636362,Lake et al.science.in3,3.1746031746031753
701,Endo CLDN5 SLC7A5,Endo CLDN5 SLC7A5,Excitatory neuron,11.76470588235294,Pyramidal cells,9.411764705882355,Neuron,8.968609865470851
702,L2-3 CUX2 ACVR1C THSD7A,L2-3 CUX2 ACVR1C THSD7A,Somatostatin interneuron,3.6363636363636362,Neurons,3.1620553359683794,Cajal-retzius cells,3.125
703,Astro AQP4 SLC1A2,Astro AQP4 SLC1A2,Astrocyte,6.94980694980695,Stem cell,5.47945205479452,Satellite glial cells,5.405405405405405
704,Endo CLDN5 SLC7A5,Endo CLDN5 SLC7A5,Excitatory neuron,11.76470588235294,Pyramidal cells,9.411764705882355,Neuron,8.968609865470851
705,PC P2RY14 GRM8,PC P2RY14 GRM8,Pericyte,8.695652173913043,Endothelial cell,7.692307692307692,Mural cell,7.017543859649124
706,L3-5 RORB MKX GRIN3A,L3-5 RORB MKX GRIN3A,Cajal-retzius cells,7.8125,Somatostatin interneuron,7.2727272727272725,Lake et al.science.in5,3.508771929824562
707,Endo CLDN5 SLC7A5,Endo CLDN5 SLC7A5,Excitatory neuron,11.76470588235294,Pyramidal cells,9.411764705882355,Neuron,8.968609865470851
708,Oligo MOG OPALIN,Oligo MOG OPALIN,Oligodendrocytes,11.594202898550725,Oligodendrocyte,9.44206008583691,Mature oligodendrocyte,7.2727272727272725
709,Oligo MOG OPALIN,Oligo MOG OPALIN,Oligodendrocytes,11.594202898550725,Oligodendrocyte,9.44206008583691,Mature oligodendrocyte,7.2727272727272725
710,Endo CLDN5 SLC7A5,Endo CLDN5 SLC7A5,Excitatory neuron,11.76470588235294,Pyramidal cells,9.411764705882355,Neuron,8.968609865470851
711,Astro AQP4 SLC1A2,Astro AQP4 SLC1A2,Astrocyte,6.94980694980695,Stem cell,5.47945205479452,Satellite glial cells,5.405405405405405
712,Endo CLDN5 SLC7A5,Endo CLDN5 SLC7A5,Excitatory neuron,11.76470588235294,Pyramidal cells,9.411764705882355,Neuron,8.968609865470851
713,Endo CLDN5 SLC7A5,Endo CLDN5 SLC7A5,Excitatory neuron,11.76470588235294,Pyramidal cells,9.411764705882355,Neuron,8.968609865470851
714,Oligo MOG OPALIN,Oligo MOG OPALIN,Oligodendrocytes,11.594202898550725,Oligodendrocyte,9.44206008583691,Mature oligodendrocyte,7.2727272727272725
715,Micro P2RY12 APBB1IP,Micro P2RY12 APBB1IP,Microglia,9.917355371900827,Microglial-specific cell,7.6923076923076925,Homeostatic microglial cell,7.142857142857142
716,Astro AQP4 SLC1A2,Astro AQP4 SLC1A2,Astrocyte,6.94980694980695,Stem cell,5.47945205479452,Satellite glial cells,5.405405405405405
717,Endo CLDN5 SLC7A5,Endo CLDN5 SLC7A5,Excitatory neuron,11.76470588235294,Pyramidal cells,9.411764705882355,Neuron,8.968609865470851
718,Endo CLDN5 SLC7A5,Endo CLDN5 SLC7A5,Excitatory neuron,11.76470588235294,Pyramidal cells,9.411764705882355,Neuron,8.968609865470851
719,Endo CLDN5 SLC7A5,Endo CLDN5 SLC7A5,Excitatory neuron,11.76470588235294,Pyramidal cells,9.411764705882355,Neuron,8.968609865470851
720,L6 FEZF2 NPFFR2 KCNK2,L6 FEZF2 NPFFR2 KCNK2,Lake et al.science.ex6,16.666666666666664,Somatostatin interneuron,3.6363636363636362,Lake et al.science.in3,3.1746031746031753
721,Astro AQP4 SLC1A2,Astro AQP4 SLC1A2,Astrocyte,6.94980694980695,Stem cell,5.47945205479452,Satellite glial cells,5.405405405405405
722,Endo CLDN5 SLC7A5,Endo CLDN5 SLC7A5,Excitatory neuron,11.76470588235294,Pyramidal cells,9.411764705882355,Neuron,8.968609865470851
723,Oligo MOG OPALIN,Oligo MOG OPALIN,Oligodendrocytes,11.594202898550725,Oligodendrocyte,9.44206008583691,Mature oligodendrocyte,7.2727272727272725
724,L3-5 RORB MKX GRIN3A,L3-5 RORB MKX GRIN3A,Cajal-retzius cells,7.8125,Somatostatin interneuron,7.2727272727272725,Lake et al.science.in5,3.508771929824562
725,Endo CLDN5 SLC7A5,Endo CLDN5 SLC7A5,Excitatory neuron,11.76470588235294,Pyramidal cells,9.411764705882355,Neuron,8.968609865470851
726,Oligo MOG OPALIN,Oligo MOG OPALIN,Oligodendrocytes,11.594202898550725,Oligodendrocyte,9.44206008583691,Mature oligodendrocyte,7.2727272727272725
727,Endo CLDN5 SLC7A5,Endo CLDN5 SLC7A5,Excitatory neuron,11.76470588235294,Pyramidal cells,9.411764705882355,Neuron,8.968609865470851
728,PC P2RY14 GRM8,PC P2RY14 GRM8,Pericyte,8.695652173913043,Endothelial cell,7.692307692307692,Mural cell,7.017543859649124
729,L6 FEZF2 NPFFR2 KCNK2,L6 FEZF2 NPFFR2 KCNK2,Lake et al.science.ex6,16.666666666666664,Somatostatin interneuron,3.6363636363636362,Lake et al.science.in3,3.1746031746031753
730,PC P2RY14 GRM8,PC P2RY14 GRM8,Pericyte,8.695652173913043,Endothelial cell,7.692307692307692,Mural cell,7.017543859649124
731,Oligo MOG OPALIN,Oligo MOG OPALIN,Oligodendrocytes,11.594202898550725,Oligodendrocyte,9.44206008583691,Mature oligodendrocyte,7.2727272727272725
732,L3-5 RORB GABRG1 KCNH7,L3-5 RORB GABRG1 KCNH7,Somatostatin interneuron,3.6363636363636362,Lake et al.science.in5,3.508771929824562,Lake et al.science.ex5,3.389830508474577
733,Endo CLDN5 SLC7A5,Endo CLDN5 SLC7A5,Excitatory neuron,11.76470588235294,Pyramidal cells,9.411764705882355,Neuron,8.968609865470851
734,Endo CLDN5 SLC7A5,Endo CLDN5 SLC7A5,Excitatory neuron,11.76470588235294,Pyramidal cells,9.411764705882355,Neuron,8.968609865470851
735,Endo CLDN5 SLC7A5,Endo CLDN5 SLC7A5,Excitatory neuron,11.76470588235294,Pyramidal cells,9.411764705882355,Neuron,8.968609865470851
736,Endo CLDN5 SLC7A5,Endo CLDN5 SLC7A5,Excitatory neuron,11.76470588235294,Pyramidal cells,9.411764705882355,Neuron,8.968609865470851
737,Endo CLDN5 SLC7A5,Endo CLDN5 SLC7A5,Excitatory neuron,11.76470588235294,Pyramidal cells,9.411764705882355,Neuron,8.968609865470851
738,InN SST FREM1,InN SST FREM1,Purkinje neurons,9.174311926605505,Oligodendrocyte precursor cell,6.349206349206351,Neuron,5.381165919282512
739,Endo CLDN5 SLC7A5,Endo CLDN5 SLC7A5,Excitatory neuron,11.76470588235294,Pyramidal cells,9.411764705882355,Neuron,8.968609865470851
740,Endo CLDN5 SLC7A5,Endo CLDN5 SLC7A5,Excitatory neuron,11.76470588235294,Pyramidal cells,9.411764705882355,Neuron,8.968609865470851
741,Endo CLDN5 SLC7A5,Endo CLDN5 SLC7A5,Excitatory neuron,11.76470588235294,Pyramidal cells,9.411764705882355,Neuron,8.968609865470851
742,Endo CLDN5 SLC7A5,Endo CLDN5 SLC7A5,Excitatory neuron,11.76470588235294,Pyramidal cells,9.411764705882355,Neuron,8.968609865470851
743,Endo CLDN5 SLC7A5,Endo CLDN5 SLC7A5,Excitatory neuron,11.76470588235294,Pyramidal cells,9.411764705882355,Neuron,8.968609865470851
744,Oligo MOG OPALIN,Oligo MOG OPALIN,Oligodendrocytes,11.594202898550725,Oligodendrocyte,9.44206008583691,Mature oligodendrocyte,7.2727272727272725
745,Oligo MOG OPALIN,Oligo MOG OPALIN,Oligodendrocytes,11.594202898550725,Oligodendrocyte,9.44206008583691,Mature oligodendrocyte,7.2727272727272725
746,Oligo MOG OPALIN,Oligo MOG OPALIN,Oligodendrocytes,11.594202898550725,Oligodendrocyte,9.44206008583691,Mature oligodendrocyte,7.2727272727272725
747,Endo CLDN5 SLC7A5,Endo CLDN5 SLC7A5,Excitatory neuron,11.76470588235294,Pyramidal cells,9.411764705882355,Neuron,8.968609865470851
748,Oligo MOG OPALIN,Oligo MOG OPALIN,Oligodendrocytes,11.594202898550725,Oligodendrocyte,9.44206008583691,Mature oligodendrocyte,7.2727272727272725
749,L6 FEZF2 NPFFR2 KCNK2,L6 FEZF2 NPFFR2 KCNK2,Lake et al.science.ex6,16.666666666666664,Somatostatin interneuron,3.6363636363636362,Lake et al.science.in3,3.1746031746031753
750,Endo CLDN5 SLC7A5,Endo CLDN5 SLC7A5,Excitatory neuron,11.76470588235294,Pyramidal cells,9.411764705882355,Neuron,8.968609865470851
751,L2-3 CUX2 ACVR1C THSD7A,L2-3 CUX2 ACVR1C THSD7A,Somatostatin interneuron,3.6363636363636362,Neurons,3.1620553359683794,Cajal-retzius cells,3.125
752,Endo CLDN5 SLC7A5,Endo CLDN5 SLC7A5,Excitatory neuron,11.76470588235294,Pyramidal cells,9.411764705882355,Neuron,8.968609865470851
753,L3-5 RORB GABRG1 KCNH7,L3-5 RORB GABRG1 KCNH7,Somatostatin interneuron,3.6363636363636362,Lake et al.science.in5,3.508771929824562,Lake et al.science.ex5,3.389830508474577
754,Endo CLDN5 SLC7A5,Endo CLDN5 SLC7A5,Excitatory neuron,11.76470588235294,Pyramidal cells,9.411764705882355,Neuron,8.968609865470851
755,Oligo MOG OPALIN,Oligo MOG OPALIN,Oligodendrocytes,11.594202898550725,Oligodendrocyte,9.44206008583691,Mature oligodendrocyte,7.2727272727272725
756,Endo CLDN5 SLC7A5,Endo CLDN5 SLC7A5,Excitatory neuron,11.76470588235294,Pyramidal cells,9.411764705882355,Neuron,8.968609865470851
757,Endo CLDN5 SLC7A5,Endo CLDN5 SLC7A5,Excitatory neuron,11.76470588235294,Pyramidal cells,9.411764705882355,Neuron,8.968609865470851
758,Endo CLDN5 SLC7A5,Endo CLDN5 SLC7A5,Excitatory neuron,11.76470588235294,Pyramidal cells,9.411764705882355,Neuron,8.968609865470851
759,PC P2RY14 GRM8,PC P2RY14 GRM8,Pericyte,8.695652173913043,Endothelial cell,7.692307692307692,Mural cell,7.017543859649124
760,Endo CLDN5 SLC7A5,Endo CLDN5 SLC7A5,Excitatory neuron,11.76470588235294,Pyramidal cells,9.411764705882355,Neuron,8.968609865470851
761,Endo CLDN5 SLC7A5,Endo CLDN5 SLC7A5,Excitatory neuron,11.76470588235294,Pyramidal cells,9.411764705882355,Neuron,8.968609865470851
762,Endo CLDN5 SLC7A5,Endo CLDN5 SLC7A5,Excitatory neuron,11.76470588235294,Pyramidal cells,9.411764705882355,Neuron,8.968609865470851
763,L2-3 CUX2 ACVR1C THSD7A,L2-3 CUX2 ACVR1C THSD7A,Somatostatin interneuron,3.6363636363636362,Neurons,3.1620553359683794,Cajal-retzius cells,3.125
764,Endo CLDN5 SLC7A5,Endo CLDN5 SLC7A5,Excitatory neuron,11.76470588235294,Pyramidal cells,9.411764705882355,Neuron,8.968609865470851
765,Endo CLDN5 SLC7A5,Endo CLDN5 SLC7A5,Excitatory neuron,11.76470588235294,Pyramidal cells,9.411764705882355,Neuron,8.968609865470851
766,Endo CLDN5 SLC7A5,Endo CLDN5 SLC7A5,Excitatory neuron,11.76470588235294,Pyramidal cells,9.411764705882355,Neuron,8.968609865470851
767,L6 FEZF2 NPFFR2 KCNK2,L6 FEZF2 NPFFR2 KCNK2,Lake et al.science.ex6,16.666666666666664,Somatostatin interneuron,3.6363636363636362,Lake et al.science.in3,3.1746031746031753
768,Oligo MOG OPALIN,Oligo MOG OPALIN,Oligodendrocytes,11.594202898550725,Oligodendrocyte,9.44206008583691,Mature oligodendrocyte,7.2727272727272725
769,Endo CLDN5 SLC7A5,Endo CLDN5 SLC7A5,Excitatory neuron,11.76470588235294,Pyramidal cells,9.411764705882355,Neuron,8.968609865470851
770,Endo CLDN5 SLC7A5,Endo CLDN5 SLC7A5,Excitatory neuron,11.76470588235294,Pyramidal cells,9.411764705882355,Neuron,8.968609865470851
771,Endo CLDN5 SLC7A5,Endo CLDN5 SLC7A5,Excitatory neuron,11.76470588235294,Pyramidal cells,9.411764705882355,Neuron,8.968609865470851
772,Endo CLDN5 SLC7A5,Endo CLDN5 SLC7A5,Excitatory neuron,11.76470588235294,Pyramidal cells,9.411764705882355,Neuron,8.968609865470851
773,InN VIP HS3ST3B1,InN VIP HS3ST3B1,Purkinje neurons,7.339449541284404,Neuroblasts,6.0,Lake et al.science.ex8,5.5045871559633035
774,Endo CLDN5 SLC7A5,Endo CLDN5 SLC7A5,Excitatory neuron,11.76470588235294,Pyramidal cells,9.411764705882355,Neuron,8.968609865470851
775,Endo CLDN5 SLC7A5,Endo CLDN5 SLC7A5,Excitatory neuron,11.76470588235294,Pyramidal cells,9.411764705882355,Neuron,8.968609865470851
776,Endo CLDN5 SLC7A5,Endo CLDN5 SLC7A5,Excitatory neuron,11.76470588235294,Pyramidal cells,9.411764705882355,Neuron,8.968609865470851
777,Endo CLDN5 SLC7A5,Endo CLDN5 SLC7A5,Excitatory neuron,11.76470588235294,Pyramidal cells,9.411764705882355,Neuron,8.968609865470851
778,InN PVALB HPSE,InN PVALB HPSE,Parvalbumin interneuron,7.4074074074074066,Lake et al.science.ex6,7.1428571428571415,Purkinje neurons,5.5045871559633035
779,PC P2RY14 GRM8,PC P2RY14 GRM8,Pericyte,8.695652173913043,Endothelial cell,7.692307692307692,Mural cell,7.017543859649124
780,Oligo MOG OPALIN,Oligo MOG OPALIN,Oligodendrocytes,11.594202898550725,Oligodendrocyte,9.44206008583691,Mature oligodendrocyte,7.2727272727272725
781,Endo CLDN5 SLC7A5,Endo CLDN5 SLC7A5,Excitatory neuron,11.76470588235294,Pyramidal cells,9.411764705882355,Neuron,8.968609865470851
782,Endo CLDN5 SLC7A5,Endo CLDN5 SLC7A5,Excitatory neuron,11.76470588235294,Pyramidal cells,9.411764705882355,Neuron,8.968609865470851
783,Endo CLDN5 SLC7A5,Endo CLDN5 SLC7A5,Excitatory neuron,11.76470588235294,Pyramidal cells,9.411764705882355,Neuron,8.968609865470851
784,L2-3 CUX2 ACVR1C THSD7A,L2-3 CUX2 ACVR1C THSD7A,Somatostatin interneuron,3.6363636363636362,Neurons,3.1620553359683794,Cajal-retzius cells,3.125
785,Endo CLDN5 SLC7A5,Endo CLDN5 SLC7A5,Excitatory neuron,11.76470588235294,Pyramidal cells,9.411764705882355,Neuron,8.968609865470851
786,L3-5 RORB PCBP3 IL1RAPL2,L3-5 RORB PCBP3 IL1RAPL2,Retinal ganglion cells,3.361344537815126,Lake et al.science.ex4,3.1746031746031753,Neuroendocrine cells,2.5974025974025974
787,Micro P2RY12 APBB1IP,Micro P2RY12 APBB1IP,Microglia,9.917355371900827,Microglial-specific cell,7.6923076923076925,Homeostatic microglial cell,7.142857142857142
788,L5-6 FEZF2 NXPH2 GRIK1,L5-6 FEZF2 NXPH2 GRIK1,Lake et al.science.ex6,16.666666666666664,Epithelial cell,3.7735849056603774,Glutamatergic neuron,3.7037037037037033
789,Endo CLDN5 SLC7A5,Endo CLDN5 SLC7A5,Excitatory neuron,11.76470588235294,Pyramidal cells,9.411764705882355,Neuron,8.968609865470851
790,Endo CLDN5 SLC7A5,Endo CLDN5 SLC7A5,Excitatory neuron,11.76470588235294,Pyramidal cells,9.411764705882355,Neuron,8.968609865470851
791,OPC PDGFRA PCDH15,OPC PDGFRA PCDH15,Oligodendrocyte precursor cell,22.22222222222222,Oligodendrocyte progenitor cells,15.384615384615383,Oligodendrocyte progenitor cell,13.114754098360654
792,Endo CLDN5 SLC7A5,Endo CLDN5 SLC7A5,Excitatory neuron,11.76470588235294,Pyramidal cells,9.411764705882355,Neuron,8.968609865470851
793,Endo CLDN5 SLC7A5,Endo CLDN5 SLC7A5,Excitatory neuron,11.76470588235294,Pyramidal cells,9.411764705882355,Neuron,8.968609865470851
794,Endo CLDN5 SLC7A5,Endo CLDN5 SLC7A5,Excitatory neuron,11.76470588235294,Pyramidal cells,9.411764705882355,Neuron,8.968609865470851
795,Endo CLDN5 SLC7A5,Endo CLDN5 SLC7A5,Excitatory neuron,11.76470588235294,Pyramidal cells,9.411764705882355,Neuron,8.968609865470851
796,L3-5 RORB GABRG1 KCNH7,L3-5 RORB GABRG1 KCNH7,Somatostatin interneuron,3.6363636363636362,Lake et al.science.in5,3.508771929824562,Lake et al.science.ex5,3.389830508474577
797,Micro P2RY12 APBB1IP,Micro P2RY12 APBB1IP,Microglia,9.917355371900827,Microglial-specific cell,7.6923076923076925,Homeostatic microglial cell,7.142857142857142
798,L2-3 CUX2 ACVR1C THSD7A,L2-3 CUX2 ACVR1C THSD7A,Somatostatin interneuron,3.6363636363636362,Neurons,3.1620553359683794,Cajal-retzius cells,3.125
799,Endo CLDN5 SLC7A5,Endo CLDN5 SLC7A5,Excitatory neuron,11.76470588235294,Pyramidal cells,9.411764705882355,Neuron,8.968609865470851
800,Endo CLDN5 SLC7A5,Endo CLDN5 SLC7A5,Excitatory neuron,11.76470588235294,Pyramidal cells,9.411764705882355,Neuron,8.968609865470851
801,Oligo MOG OPALIN,Oligo MOG OPALIN,Oligodendrocytes,11.594202898550725,Oligodendrocyte,9.44206008583691,Mature oligodendrocyte,7.2727272727272725
802,L6 OPRK1 THEMIS RGS6,L6 OPRK1 THEMIS RGS6,Retinal ganglion cells,5.042016806722689,Neuron,4.484304932735426,Lake et al.science.ex8,3.669724770642202
803,Endo CLDN5 SLC7A5,Endo CLDN5 SLC7A5,Excitatory neuron,11.76470588235294,Pyramidal cells,9.411764705882355,Neuron,8.968609865470851
804,Endo CLDN5 SLC7A5,Endo CLDN5 SLC7A5,Excitatory neuron,11.76470588235294,Pyramidal cells,9.411764705882355,Neuron,8.968609865470851
805,PC P2RY14 GRM8,PC P2RY14 GRM8,Pericyte,8.695652173913043,Endothelial cell,7.692307692307692,Mural cell,7.017543859649124
806,Endo CLDN5 SLC7A5,Endo CLDN5 SLC7A5,Excitatory neuron,11.76470588235294,Pyramidal cells,9.411764705882355,Neuron,8.968609865470851
807,Endo CLDN5 SLC7A5,Endo CLDN5 SLC7A5,Excitatory neuron,11.76470588235294,Pyramidal cells,9.411764705882355,Neuron,8.968609865470851
808,Endo CLDN5 SLC7A5,Endo CLDN5 SLC7A5,Excitatory neuron,11.76470588235294,Pyramidal cells,9.411764705882355,Neuron,8.968609865470851
809,Endo CLDN5 SLC7A5,Endo CLDN5 SLC7A5,Excitatory neuron,11.76470588235294,Pyramidal cells,9.411764705882355,Neuron,8.968609865470851
810,Endo CLDN5 SLC7A5,Endo CLDN5 SLC7A5,Excitatory neuron,11.76470588235294,Pyramidal cells,9.411764705882355,Neuron,8.968609865470851
811,Endo CLDN5 SLC7A5,Endo CLDN5 SLC7A5,Excitatory neuron,11.76470588235294,Pyramidal cells,9.411764705882355,Neuron,8.968609865470851
812,Oligo MOG OPALIN,Oligo MOG OPALIN,Oligodendrocytes,11.594202898550725,Oligodendrocyte,9.44206008583691,Mature oligodendrocyte,7.2727272727272725
813,Endo CLDN5 SLC7A5,Endo CLDN5 SLC7A5,Excitatory neuron,11.76470588235294,Pyramidal cells,9.411764705882355,Neuron,8.968609865470851
814,Endo CLDN5 SLC7A5,Endo CLDN5 SLC7A5,Excitatory neuron,11.76470588235294,Pyramidal cells,9.411764705882355,Neuron,8.968609865470851
815,Endo CLDN5 SLC7A5,Endo CLDN5 SLC7A5,Excitatory neuron,11.76470588235294,Pyramidal cells,9.411764705882355,Neuron,8.968609865470851
816,Endo CLDN5 SLC7A5,Endo CLDN5 SLC7A5,Excitatory neuron,11.76470588235294,Pyramidal cells,9.411764705882355,Neuron,8.968609865470851
817,Micro P2RY12 APBB1IP,Micro P2RY12 APBB1IP,Microglia,9.917355371900827,Microglial-specific cell,7.6923076923076925,Homeostatic microglial cell,7.142857142857142
818,Micro P2RY12 APBB1IP,Micro P2RY12 APBB1IP,Microglia,9.917355371900827,Microglial-specific cell,7.6923076923076925,Homeostatic microglial cell,7.142857142857142
819,Endo CLDN5 SLC7A5,Endo CLDN5 SLC7A5,Excitatory neuron,11.76470588235294,Pyramidal cells,9.411764705882355,Neuron,8.968609865470851
820,Astro AQP4 SLC1A2,Astro AQP4 SLC1A2,Astrocyte,6.94980694980695,Stem cell,5.47945205479452,Satellite glial cells,5.405405405405405
821,Endo CLDN5 SLC7A5,Endo CLDN5 SLC7A5,Excitatory neuron,11.76470588235294,Pyramidal cells,9.411764705882355,Neuron,8.968609865470851
822,Endo CLDN5 SLC7A5,Endo CLDN5 SLC7A5,Excitatory neuron,11.76470588235294,Pyramidal cells,9.411764705882355,Neuron,8.968609865470851
823,Endo CLDN5 SLC7A5,Endo CLDN5 SLC7A5,Excitatory neuron,11.76470588235294,Pyramidal cells,9.411764705882355,Neuron,8.968609865470851
824,L6 OPRK1 THEMIS RGS6,L6 OPRK1 THEMIS RGS6,Retinal ganglion cells,5.042016806722689,Neuron,4.484304932735426,Lake et al.science.ex8,3.669724770642202
825,Endo CLDN5 SLC7A5,Endo CLDN5 SLC7A5,Excitatory neuron,11.76470588235294,Pyramidal cells,9.411764705882355,Neuron,8.968609865470851
826,Endo CLDN5 SLC7A5,Endo CLDN5 SLC7A5,Excitatory neuron,11.76470588235294,Pyramidal cells,9.411764705882355,Neuron,8.968609865470851
827,Micro P2RY12 APBB1IP,Micro P2RY12 APBB1IP,Microglia,9.917355371900827,Microglial-specific cell,7.6923076923076925,Homeostatic microglial cell,7.142857142857142
828,InN SST FREM1,InN SST FREM1,Purkinje neurons,9.174311926605505,Oligodendrocyte precursor cell,6.349206349206351,Neuron,5.381165919282512
829,Micro P2RY12 APBB1IP,Micro P2RY12 APBB1IP,Microglia,9.917355371900827,Microglial-specific cell,7.6923076923076925,Homeostatic microglial cell,7.142857142857142
830,Endo CLDN5 SLC7A5,Endo CLDN5 SLC7A5,Excitatory neuron,11.76470588235294,Pyramidal cells,9.411764705882355,Neuron,8.968609865470851
831,Endo CLDN5 SLC7A5,Endo CLDN5 SLC7A5,Excitatory neuron,11.76470588235294,Pyramidal cells,9.411764705882355,Neuron,8.968609865470851
832,L2-3 CUX2 ACVR1C THSD7A,L2-3 CUX2 ACVR1C THSD7A,Somatostatin interneuron,3.6363636363636362,Neurons,3.1620553359683794,Cajal-retzius cells,3.125
833,InN PVALB HPSE,InN PVALB HPSE,Parvalbumin interneuron,7.4074074074074066,Lake et al.science.ex6,7.1428571428571415,Purkinje neurons,5.5045871559633035
834,Endo CLDN5 SLC7A5,Endo CLDN5 SLC7A5,Excitatory neuron,11.76470588235294,Pyramidal cells,9.411764705882355,Neuron,8.968609865470851
835,Endo CLDN5 SLC7A5,Endo CLDN5 SLC7A5,Excitatory neuron,11.76470588235294,Pyramidal cells,9.411764705882355,Neuron,8.968609865470851
836,Endo CLDN5 SLC7A5,Endo CLDN5 SLC7A5,Excitatory neuron,11.76470588235294,Pyramidal cells,9.411764705882355,Neuron,8.968609865470851
837,Endo CLDN5 SLC7A5,Endo CLDN5 SLC7A5,Excitatory neuron,11.76470588235294,Pyramidal cells,9.411764705882355,Neuron,8.968609865470851
838,L6 OPRK1 THEMIS RGS6,L6 OPRK1 THEMIS RGS6,Retinal ganglion cells,5.042016806722689,Neuron,4.484304932735426,Lake et al.science.ex8,3.669724770642202
839,Endo CLDN5 SLC7A5,Endo CLDN5 SLC7A5,Excitatory neuron,11.76470588235294,Pyramidal cells,9.411764705882355,Neuron,8.968609865470851
840,Endo CLDN5 SLC7A5,Endo CLDN5 SLC7A5,Excitatory neuron,11.76470588235294,Pyramidal cells,9.411764705882355,Neuron,8.968609865470851
841,Endo CLDN5 SLC7A5,Endo CLDN5 SLC7A5,Excitatory neuron,11.76470588235294,Pyramidal cells,9.411764705882355,Neuron,8.968609865470851
842,Endo CLDN5 SLC7A5,Endo CLDN5 SLC7A5,Excitatory neuron,11.76470588235294,Pyramidal cells,9.411764705882355,Neuron,8.968609865470851
843,Endo CLDN5 SLC7A5,Endo CLDN5 SLC7A5,Excitatory neuron,11.76470588235294,Pyramidal cells,9.411764705882355,Neuron,8.968609865470851
844,Astro AQP4 SLC1A2,Astro AQP4 SLC1A2,Astrocyte,6.94980694980695,Stem cell,5.47945205479452,Satellite glial cells,5.405405405405405
845,L3-5 RORB MKX GRIN3A,L3-5 RORB MKX GRIN3A,Cajal-retzius cells,7.8125,Somatostatin interneuron,7.2727272727272725,Lake et al.science.in5,3.508771929824562
846,Endo CLDN5 SLC7A5,Endo CLDN5 SLC7A5,Excitatory neuron,11.76470588235294,Pyramidal cells,9.411764705882355,Neuron,8.968609865470851
847,InN SST FREM1,InN SST FREM1,Purkinje neurons,9.174311926605505,Oligodendrocyte precursor cell,6.349206349206351,Neuron,5.381165919282512
848,InN VIP HS3ST3B1,InN VIP HS3ST3B1,Purkinje neurons,7.339449541284404,Neuroblasts,6.0,Lake et al.science.ex8,5.5045871559633035
849,InN SST FREM1,InN SST FREM1,Purkinje neurons,9.174311926605505,Oligodendrocyte precursor cell,6.349206349206351,Neuron,5.381165919282512
850,L6 FEZF2 NPFFR2 KCNK2,L6 FEZF2 NPFFR2 KCNK2,Lake et al.science.ex6,16.666666666666664,Somatostatin interneuron,3.6363636363636362,Lake et al.science.in3,3.1746031746031753
851,Endo CLDN5 SLC7A5,Endo CLDN5 SLC7A5,Excitatory neuron,11.76470588235294,Pyramidal cells,9.411764705882355,Neuron,8.968609865470851
852,PC P2RY14 GRM8,PC P2RY14 GRM8,Pericyte,8.695652173913043,Endothelial cell,7.692307692307692,Mural cell,7.017543859649124
853,Oligo MOG OPALIN,Oligo MOG OPALIN,Oligodendrocytes,11.594202898550725,Oligodendrocyte,9.44206008583691,Mature oligodendrocyte,7.2727272727272725
854,Endo CLDN5 SLC7A5,Endo CLDN5 SLC7A5,Excitatory neuron,11.76470588235294,Pyramidal cells,9.411764705882355,Neuron,8.968609865470851
855,Endo CLDN5 SLC7A5,Endo CLDN5 SLC7A5,Excitatory neuron,11.76470588235294,Pyramidal cells,9.411764705882355,Neuron,8.968609865470851
856,Endo CLDN5 SLC7A5,Endo CLDN5 SLC7A5,Excitatory neuron,11.76470588235294,Pyramidal cells,9.411764705882355,Neuron,8.968609865470851
857,Endo CLDN5 SLC7A5,Endo CLDN5 SLC7A5,Excitatory neuron,11.76470588235294,Pyramidal cells,9.411764705882355,Neuron,8.968609865470851
858,Endo CLDN5 SLC7A5,Endo CLDN5 SLC7A5,Excitatory neuron,11.76470588235294,Pyramidal cells,9.411764705882355,Neuron,8.968609865470851
859,Endo CLDN5 SLC7A5,Endo CLDN5 SLC7A5,Excitatory neuron,11.76470588235294,Pyramidal cells,9.411764705882355,Neuron,8.968609865470851
860,Oligo MOG OPALIN,Oligo MOG OPALIN,Oligodendrocytes,11.594202898550725,Oligodendrocyte,9.44206008583691,Mature oligodendrocyte,7.2727272727272725
861,Micro P2RY12 APBB1IP,Micro P2RY12 APBB1IP,Microglia,9.917355371900827,Microglial-specific cell,7.6923076923076925,Homeostatic microglial cell,7.142857142857142
862,Endo CLDN5 SLC7A5,Endo CLDN5 SLC7A5,Excitatory neuron,11.76470588235294,Pyramidal cells,9.411764705882355,Neuron,8.968609865470851
863,L6 OPRK1 THEMIS RGS6,L6 OPRK1 THEMIS RGS6,Retinal ganglion cells,5.042016806722689,Neuron,4.484304932735426,Lake et al.science.ex8,3.669724770642202
864,Oligo MOG OPALIN,Oligo MOG OPALIN,Oligodendrocytes,11.594202898550725,Oligodendrocyte,9.44206008583691,Mature oligodendrocyte,7.2727272727272725
865,L3-5 RORB MKX GRIN3A,L3-5 RORB MKX GRIN3A,Cajal-retzius cells,7.8125,Somatostatin interneuron,7.2727272727272725,Lake et al.science.in5,3.508771929824562
866,Astro AQP4 SLC1A2,Astro AQP4 SLC1A2,Astrocyte,6.94980694980695,Stem cell,5.47945205479452,Satellite glial cells,5.405405405405405
867,Endo CLDN5 SLC7A5,Endo CLDN5 SLC7A5,Excitatory neuron,11.76470588235294,Pyramidal cells,9.411764705882355,Neuron,8.968609865470851
868,Endo CLDN5 SLC7A5,Endo CLDN5 SLC7A5,Excitatory neuron,11.76470588235294,Pyramidal cells,9.411764705882355,Neuron,8.968609865470851
869,Endo CLDN5 SLC7A5,Endo CLDN5 SLC7A5,Excitatory neuron,11.76470588235294,Pyramidal cells,9.411764705882355,Neuron,8.968609865470851
870,Endo CLDN5 SLC7A5,Endo CLDN5 SLC7A5,Excitatory neuron,11.76470588235294,Pyramidal cells,9.411764705882355,Neuron,8.968609865470851
871,L3-5 RORB MKX GRIN3A,L3-5 RORB MKX GRIN3A,Cajal-retzius cells,7.8125,Somatostatin interneuron,7.2727272727272725,Lake et al.science.in5,3.508771929824562
872,Endo CLDN5 SLC7A5,Endo CLDN5 SLC7A5,Excitatory neuron,11.76470588235294,Pyramidal cells,9.411764705882355,Neuron,8.968609865470851
873,L6 OPRK1 THEMIS RGS6,L6 OPRK1 THEMIS RGS6,Retinal ganglion cells,5.042016806722689,Neuron,4.484304932735426,Lake et al.science.ex8,3.669724770642202
874,L6 OPRK1 THEMIS RGS6,L6 OPRK1 THEMIS RGS6,Retinal ganglion cells,5.042016806722689,Neuron,4.484304932735426,Lake et al.science.ex8,3.669724770642202
875,Oligo MOG OPALIN,Oligo MOG OPALIN,Oligodendrocytes,11.594202898550725,Oligodendrocyte,9.44206008583691,Mature oligodendrocyte,7.2727272727272725
876,Endo CLDN5 SLC7A5,Endo CLDN5 SLC7A5,Excitatory neuron,11.76470588235294,Pyramidal cells,9.411764705882355,Neuron,8.968609865470851
877,Endo CLDN5 SLC7A5,Endo CLDN5 SLC7A5,Excitatory neuron,11.76470588235294,Pyramidal cells,9.411764705882355,Neuron,8.968609865470851
878,OPC PDGFRA PCDH15,OPC PDGFRA PCDH15,Oligodendrocyte precursor cell,22.22222222222222,Oligodendrocyte progenitor cells,15.384615384615383,Oligodendrocyte progenitor cell,13.114754098360654
879,Endo CLDN5 SLC7A5,Endo CLDN5 SLC7A5,Excitatory neuron,11.76470588235294,Pyramidal cells,9.411764705882355,Neuron,8.968609865470851
880,Endo CLDN5 SLC7A5,Endo CLDN5 SLC7A5,Excitatory neuron,11.76470588235294,Pyramidal cells,9.411764705882355,Neuron,8.968609865470851
881,L3-5 RORB MKX GRIN3A,L3-5 RORB MKX GRIN3A,Cajal-retzius cells,7.8125,Somatostatin interneuron,7.2727272727272725,Lake et al.science.in5,3.508771929824562
882,Oligo MOG OPALIN,Oligo MOG OPALIN,Oligodendrocytes,11.594202898550725,Oligodendrocyte,9.44206008583691,Mature oligodendrocyte,7.2727272727272725
883,Endo CLDN5 SLC7A5,Endo CLDN5 SLC7A5,Excitatory neuron,11.76470588235294,Pyramidal cells,9.411764705882355,Neuron,8.968609865470851
884,Oligo MOG OPALIN,Oligo MOG OPALIN,Oligodendrocytes,11.594202898550725,Oligodendrocyte,9.44206008583691,Mature oligodendrocyte,7.2727272727272725
885,L6 OPRK1 THEMIS RGS6,L6 OPRK1 THEMIS RGS6,Retinal ganglion cells,5.042016806722689,Neuron,4.484304932735426,Lake et al.science.ex8,3.669724770642202
886,L3-5 RORB MKX GRIN3A,L3-5 RORB MKX GRIN3A,Cajal-retzius cells,7.8125,Somatostatin interneuron,7.2727272727272725,Lake et al.science.in5,3.508771929824562
887,Endo CLDN5 SLC7A5,Endo CLDN5 SLC7A5,Excitatory neuron,11.76470588235294,Pyramidal cells,9.411764705882355,Neuron,8.968609865470851
888,L6 FEZF2 NPFFR2 KCNK2,L6 FEZF2 NPFFR2 KCNK2,Lake et al.science.ex6,16.666666666666664,Somatostatin interneuron,3.6363636363636362,Lake et al.science.in3,3.1746031746031753
889,Micro P2RY12 APBB1IP,Micro P2RY12 APBB1IP,Microglia,9.917355371900827,Microglial-specific cell,7.6923076923076925,Homeostatic microglial cell,7.142857142857142
890,Micro P2RY12 APBB1IP,Micro P2RY12 APBB1IP,Microglia,9.917355371900827,Microglial-specific cell,7.6923076923076925,Homeostatic microglial cell,7.142857142857142
891,L3-5 RORB PCBP3 IL1RAPL2,L3-5 RORB PCBP3 IL1RAPL2,Retinal ganglion cells,3.361344537815126,Lake et al.science.ex4,3.1746031746031753,Neuroendocrine cells,2.5974025974025974
892,Endo CLDN5 SLC7A5,Endo CLDN5 SLC7A5,Excitatory neuron,11.76470588235294,Pyramidal cells,9.411764705882355,Neuron,8.968609865470851
893,Endo CLDN5 SLC7A5,Endo CLDN5 SLC7A5,Excitatory neuron,11.76470588235294,Pyramidal cells,9.411764705882355,Neuron,8.968609865470851
894,L2-3 CUX2 ACVR1C THSD7A,L2-3 CUX2 ACVR1C THSD7A,Somatostatin interneuron,3.6363636363636362,Neurons,3.1620553359683794,Cajal-retzius cells,3.125
895,L2-3 CUX2 ACVR1C THSD7A,L2-3 CUX2 ACVR1C THSD7A,Somatostatin interneuron,3.6363636363636362,Neurons,3.1620553359683794,Cajal-retzius cells,3.125
896,Endo CLDN5 SLC7A5,Endo CLDN5 SLC7A5,Excitatory neuron,11.76470588235294,Pyramidal cells,9.411764705882355,Neuron,8.968609865470851
897,Endo CLDN5 SLC7A5,Endo CLDN5 SLC7A5,Excitatory neuron,11.76470588235294,Pyramidal cells,9.411764705882355,Neuron,8.968609865470851
898,InN SST FREM1,InN SST FREM1,Purkinje neurons,9.174311926605505,Oligodendrocyte precursor cell,6.349206349206351,Neuron,5.381165919282512
899,L3-5 RORB PCBP3 IL1RAPL2,L3-5 RORB PCBP3 IL1RAPL2,Retinal ganglion cells,3.361344537815126,Lake et al.science.ex4,3.1746031746031753,Neuroendocrine cells,2.5974025974025974
900,Endo CLDN5 SLC7A5,Endo CLDN5 SLC7A5,Excitatory neuron,11.76470588235294,Pyramidal cells,9.411764705882355,Neuron,8.968609865470851
901,L2-3 CUX2 ACVR1C THSD7A,L2-3 CUX2 ACVR1C THSD7A,Somatostatin interneuron,3.6363636363636362,Neurons,3.1620553359683794,Cajal-retzius cells,3.125
902,Micro P2RY12 APBB1IP,Micro P2RY12 APBB1IP,Microglia,9.917355371900827,Microglial-specific cell,7.6923076923076925,Homeostatic microglial cell,7.142857142857142
903,Endo CLDN5 SLC7A5,Endo CLDN5 SLC7A5,Excitatory neuron,11.76470588235294,Pyramidal cells,9.411764705882355,Neuron,8.968609865470851
904,Endo CLDN5 SLC7A5,Endo CLDN5 SLC7A5,Excitatory neuron,11.76470588235294,Pyramidal cells,9.411764705882355,Neuron,8.968609865470851
905,Endo CLDN5 SLC7A5,Endo CLDN5 SLC7A5,Excitatory neuron,11.76470588235294,Pyramidal cells,9.411764705882355,Neuron,8.968609865470851
906,Endo CLDN5 SLC7A5,Endo CLDN5 SLC7A5,Excitatory neuron,11.76470588235294,Pyramidal cells,9.411764705882355,Neuron,8.968609865470851
907,Astro AQP4 SLC1A2,Astro AQP4 SLC1A2,Astrocyte,6.94980694980695,Stem cell,5.47945205479452,Satellite glial cells,5.405405405405405
908,Astro AQP4 SLC1A2,Astro AQP4 SLC1A2,Astrocyte,6.94980694980695,Stem cell,5.47945205479452,Satellite glial cells,5.405405405405405
909,Endo CLDN5 SLC7A5,Endo CLDN5 SLC7A5,Excitatory neuron,11.76470588235294,Pyramidal cells,9.411764705882355,Neuron,8.968609865470851
910,Oligo MOG OPALIN,Oligo MOG OPALIN,Oligodendrocytes,11.594202898550725,Oligodendrocyte,9.44206008583691,Mature oligodendrocyte,7.2727272727272725
911,Endo CLDN5 SLC7A5,Endo CLDN5 SLC7A5,Excitatory neuron,11.76470588235294,Pyramidal cells,9.411764705882355,Neuron,8.968609865470851
912,Endo CLDN5 SLC7A5,Endo CLDN5 SLC7A5,Excitatory neuron,11.76470588235294,Pyramidal cells,9.411764705882355,Neuron,8.968609865470851
913,Endo CLDN5 SLC7A5,Endo CLDN5 SLC7A5,Excitatory neuron,11.76470588235294,Pyramidal cells,9.411764705882355,Neuron,8.968609865470851
914,Endo CLDN5 SLC7A5,Endo CLDN5 SLC7A5,Excitatory neuron,11.76470588235294,Pyramidal cells,9.411764705882355,Neuron,8.968609865470851
915,Endo CLDN5 SLC7A5,Endo CLDN5 SLC7A5,Excitatory neuron,11.76470588235294,Pyramidal cells,9.411764705882355,Neuron,8.968609865470851
916,Astro AQP4 SLC1A2,Astro AQP4 SLC1A2,Astrocyte,6.94980694980695,Stem cell,5.47945205479452,Satellite glial cells,5.405405405405405
917,Micro P2RY12 APBB1IP,Micro P2RY12 APBB1IP,Microglia,9.917355371900827,Microglial-specific cell,7.6923076923076925,Homeostatic microglial cell,7.142857142857142
918,L6 FEZF2 NPFFR2 KCNK2,L6 FEZF2 NPFFR2 KCNK2,Lake et al.science.ex6,16.666666666666664,Somatostatin interneuron,3.6363636363636362,Lake et al.science.in3,3.1746031746031753
919,Endo CLDN5 SLC7A5,Endo CLDN5 SLC7A5,Excitatory neuron,11.76470588235294,Pyramidal cells,9.411764705882355,Neuron,8.968609865470851
920,Endo CLDN5 SLC7A5,Endo CLDN5 SLC7A5,Excitatory neuron,11.76470588235294,Pyramidal cells,9.411764705882355,Neuron,8.968609865470851
921,Endo CLDN5 SLC7A5,Endo CLDN5 SLC7A5,Excitatory neuron,11.76470588235294,Pyramidal cells,9.411764705882355,Neuron,8.968609865470851
922,Endo CLDN5 SLC7A5,Endo CLDN5 SLC7A5,Excitatory neuron,11.76470588235294,Pyramidal cells,9.411764705882355,Neuron,8.968609865470851
923,Endo CLDN5 SLC7A5,Endo CLDN5 SLC7A5,Excitatory neuron,11.76470588235294,Pyramidal cells,9.411764705882355,Neuron,8.968609865470851
924,Endo CLDN5 SLC7A5,Endo CLDN5 SLC7A5,Excitatory neuron,11.76470588235294,Pyramidal cells,9.411764705882355,Neuron,8.968609865470851
925,Endo CLDN5 SLC7A5,Endo CLDN5 SLC7A5,Excitatory neuron,11.76470588235294,Pyramidal cells,9.411764705882355,Neuron,8.968609865470851
926,Endo CLDN5 SLC7A5,Endo CLDN5 SLC7A5,Excitatory neuron,11.76470588235294,Pyramidal cells,9.411764705882355,Neuron,8.968609865470851
927,Endo CLDN5 SLC7A5,Endo CLDN5 SLC7A5,Excitatory neuron,11.76470588235294,Pyramidal cells,9.411764705882355,Neuron,8.968609865470851
928,Endo CLDN5 SLC7A5,Endo CLDN5 SLC7A5,Excitatory neuron,11.76470588235294,Pyramidal cells,9.411764705882355,Neuron,8.968609865470851
929,Endo CLDN5 SLC7A5,Endo CLDN5 SLC7A5,Excitatory neuron,11.76470588235294,Pyramidal cells,9.411764705882355,Neuron,8.968609865470851
930,InN SST FREM1,InN SST FREM1,Purkinje neurons,9.174311926605505,Oligodendrocyte precursor cell,6.349206349206351,Neuron,5.381165919282512
931,Endo CLDN5 SLC7A5,Endo CLDN5 SLC7A5,Excitatory neuron,11.76470588235294,Pyramidal cells,9.411764705882355,Neuron,8.968609865470851
932,Endo CLDN5 SLC7A5,Endo CLDN5 SLC7A5,Excitatory neuron,11.76470588235294,Pyramidal cells,9.411764705882355,Neuron,8.968609865470851
933,Endo CLDN5 SLC7A5,Endo CLDN5 SLC7A5,Excitatory neuron,11.76470588235294,Pyramidal cells,9.411764705882355,Neuron,8.968609865470851
934,Endo CLDN5 SLC7A5,Endo CLDN5 SLC7A5,Excitatory neuron,11.76470588235294,Pyramidal cells,9.411764705882355,Neuron,8.968609865470851
935,Endo CLDN5 SLC7A5,Endo CLDN5 SLC7A5,Excitatory neuron,11.76470588235294,Pyramidal cells,9.411764705882355,Neuron,8.968609865470851
936,OPC PDGFRA PCDH15,OPC PDGFRA PCDH15,Oligodendrocyte precursor cell,22.22222222222222,Oligodendrocyte progenitor cells,15.384615384615383,Oligodendrocyte progenitor cell,13.114754098360654
937,Oligo MOG OPALIN,Oligo MOG OPALIN,Oligodendrocytes,11.594202898550725,Oligodendrocyte,9.44206008583691,Mature oligodendrocyte,7.2727272727272725
938,Endo CLDN5 SLC7A5,Endo CLDN5 SLC7A5,Excitatory neuron,11.76470588235294,Pyramidal cells,9.411764705882355,Neuron,8.968609865470851
939,Oligo MOG OPALIN,Oligo MOG OPALIN,Oligodendrocytes,11.594202898550725,Oligodendrocyte,9.44206008583691,Mature oligodendrocyte,7.2727272727272725
940,Endo CLDN5 SLC7A5,Endo CLDN5 SLC7A5,Excitatory neuron,11.76470588235294,Pyramidal cells,9.411764705882355,Neuron,8.968609865470851
941,InN VIP HS3ST3B1,InN VIP HS3ST3B1,Purkinje neurons,7.339449541284404,Neuroblasts,6.0,Lake et al.science.ex8,5.5045871559633035
942,Oligo MOG OPALIN,Oligo MOG OPALIN,Oligodendrocytes,11.594202898550725,Oligodendrocyte,9.44206008583691,Mature oligodendrocyte,7.2727272727272725
943,Endo CLDN5 SLC7A5,Endo CLDN5 SLC7A5,Excitatory neuron,11.76470588235294,Pyramidal cells,9.411764705882355,Neuron,8.968609865470851
944,Endo CLDN5 SLC7A5,Endo CLDN5 SLC7A5,Excitatory neuron,11.76470588235294,Pyramidal cells,9.411764705882355,Neuron,8.968609865470851
945,Endo CLDN5 SLC7A5,Endo CLDN5 SLC7A5,Excitatory neuron,11.76470588235294,Pyramidal cells,9.411764705882355,Neuron,8.968609865470851
946,Endo CLDN5 SLC7A5,Endo CLDN5 SLC7A5,Excitatory neuron,11.76470588235294,Pyramidal cells,9.411764705882355,Neuron,8.968609865470851
947,Oligo MOG OPALIN,Oligo MOG OPALIN,Oligodendrocytes,11.594202898550725,Oligodendrocyte,9.44206008583691,Mature oligodendrocyte,7.2727272727272725
948,Endo CLDN5 SLC7A5,Endo CLDN5 SLC7A5,Excitatory neuron,11.76470588235294,Pyramidal cells,9.411764705882355,Neuron,8.968609865470851
949,Oligo MOG OPALIN,Oligo MOG OPALIN,Oligodendrocytes,11.594202898550725,Oligodendrocyte,9.44206008583691,Mature oligodendrocyte,7.2727272727272725
950,Endo CLDN5 SLC7A5,Endo CLDN5 SLC7A5,Excitatory neuron,11.76470588235294,Pyramidal cells,9.411764705882355,Neuron,8.968609865470851
951,Endo CLDN5 SLC7A5,Endo CLDN5 SLC7A5,Excitatory neuron,11.76470588235294,Pyramidal cells,9.411764705882355,Neuron,8.968609865470851
952,Endo CLDN5 SLC7A5,Endo CLDN5 SLC7A5,Excitatory neuron,11.76470588235294,Pyramidal cells,9.411764705882355,Neuron,8.968609865470851
953,Endo CLDN5 SLC7A5,Endo CLDN5 SLC7A5,Excitatory neuron,11.76470588235294,Pyramidal cells,9.411764705882355,Neuron,8.968609865470851
954,Endo CLDN5 SLC7A5,Endo CLDN5 SLC7A5,Excitatory neuron,11.76470588235294,Pyramidal cells,9.411764705882355,Neuron,8.968609865470851
955,Endo CLDN5 SLC7A5,Endo CLDN5 SLC7A5,Excitatory neuron,11.76470588235294,Pyramidal cells,9.411764705882355,Neuron,8.968609865470851
956,Endo CLDN5 SLC7A5,Endo CLDN5 SLC7A5,Excitatory neuron,11.76470588235294,Pyramidal cells,9.411764705882355,Neuron,8.968609865470851
957,Endo CLDN5 SLC7A5,Endo CLDN5 SLC7A5,Excitatory neuron,11.76470588235294,Pyramidal cells,9.411764705882355,Neuron,8.968609865470851
958,Endo CLDN5 SLC7A5,Endo CLDN5 SLC7A5,Excitatory neuron,11.76470588235294,Pyramidal cells,9.411764705882355,Neuron,8.968609865470851
959,L3-5 RORB MKX GRIN3A,L3-5 RORB MKX GRIN3A,Cajal-retzius cells,7.8125,Somatostatin interneuron,7.2727272727272725,Lake et al.science.in5,3.508771929824562
960,Oligo MOG OPALIN,Oligo MOG OPALIN,Oligodendrocytes,11.594202898550725,Oligodendrocyte,9.44206008583691,Mature oligodendrocyte,7.2727272727272725
961,L3-5 RORB MKX GRIN3A,L3-5 RORB MKX GRIN3A,Cajal-retzius cells,7.8125,Somatostatin interneuron,7.2727272727272725,Lake et al.science.in5,3.508771929824562
962,Endo CLDN5 SLC7A5,Endo CLDN5 SLC7A5,Excitatory neuron,11.76470588235294,Pyramidal cells,9.411764705882355,Neuron,8.968609865470851
963,Micro P2RY12 APBB1IP,Micro P2RY12 APBB1IP,Microglia,9.917355371900827,Microglial-specific cell,7.6923076923076925,Homeostatic microglial cell,7.142857142857142
964,Endo CLDN5 SLC7A5,Endo CLDN5 SLC7A5,Excitatory neuron,11.76470588235294,Pyramidal cells,9.411764705882355,Neuron,8.968609865470851
965,InN PVALB HPSE,InN PVALB HPSE,Parvalbumin interneuron,7.4074074074074066,Lake et al.science.ex6,7.1428571428571415,Purkinje neurons,5.5045871559633035
966,Endo CLDN5 SLC7A5,Endo CLDN5 SLC7A5,Excitatory neuron,11.76470588235294,Pyramidal cells,9.411764705882355,Neuron,8.968609865470851
967,Endo CLDN5 SLC7A5,Endo CLDN5 SLC7A5,Excitatory neuron,11.76470588235294,Pyramidal cells,9.411764705882355,Neuron,8.968609865470851
968,Endo CLDN5 SLC7A5,Endo CLDN5 SLC7A5,Excitatory neuron,11.76470588235294,Pyramidal cells,9.411764705882355,Neuron,8.968609865470851
969,Endo CLDN5 SLC7A5,Endo CLDN5 SLC7A5,Excitatory neuron,11.76470588235294,Pyramidal cells,9.411764705882355,Neuron,8.968609865470851
970,Endo CLDN5 SLC7A5,Endo CLDN5 SLC7A5,Excitatory neuron,11.76470588235294,Pyramidal cells,9.411764705882355,Neuron,8.968609865470851
971,Oligo MOG OPALIN,Oligo MOG OPALIN,Oligodendrocytes,11.594202898550725,Oligodendrocyte,9.44206008583691,Mature oligodendrocyte,7.2727272727272725
972,Endo CLDN5 SLC7A5,Endo CLDN5 SLC7A5,Excitatory neuron,11.76470588235294,Pyramidal cells,9.411764705882355,Neuron,8.968609865470851
973,L3-5 RORB MKX GRIN3A,L3-5 RORB MKX GRIN3A,Cajal-retzius cells,7.8125,Somatostatin interneuron,7.2727272727272725,Lake et al.science.in5,3.508771929824562
974,Endo CLDN5 SLC7A5,Endo CLDN5 SLC7A5,Excitatory neuron,11.76470588235294,Pyramidal cells,9.411764705882355,Neuron,8.968609865470851
975,Endo CLDN5 SLC7A5,Endo CLDN5 SLC7A5,Excitatory neuron,11.76470588235294,Pyramidal cells,9.411764705882355,Neuron,8.968609865470851
976,Endo CLDN5 SLC7A5,Endo CLDN5 SLC7A5,Excitatory neuron,11.76470588235294,Pyramidal cells,9.411764705882355,Neuron,8.968609865470851
977,Micro P2RY12 APBB1IP,Micro P2RY12 APBB1IP,Microglia,9.917355371900827,Microglial-specific cell,7.6923076923076925,Homeostatic microglial cell,7.142857142857142
978,L6 FEZF2 NPFFR2 KCNK2,L6 FEZF2 NPFFR2 KCNK2,Lake et al.science.ex6,16.666666666666664,Somatostatin interneuron,3.6363636363636362,Lake et al.science.in3,3.1746031746031753
979,Endo CLDN5 SLC7A5,Endo CLDN5 SLC7A5,Excitatory neuron,11.76470588235294,Pyramidal cells,9.411764705882355,Neuron,8.968609865470851
980,InN LAMP5 BMP7,InN LAMP5 BMP7,Lake et al.science.in4,7.142857142857142,Bergmann glia,6.593406593406592,Gabaergic neurons,6.153846153846153
981,Endo CLDN5 SLC7A5,Endo CLDN5 SLC7A5,Excitatory neuron,11.76470588235294,Pyramidal cells,9.411764705882355,Neuron,8.968609865470851
982,Endo CLDN5 SLC7A5,Endo CLDN5 SLC7A5,Excitatory neuron,11.76470588235294,Pyramidal cells,9.411764705882355,Neuron,8.968609865470851
983,Oligo MOG OPALIN,Oligo MOG OPALIN,Oligodendrocytes,11.594202898550725,Oligodendrocyte,9.44206008583691,Mature oligodendrocyte,7.2727272727272725
984,Endo CLDN5 SLC7A5,Endo CLDN5 SLC7A5,Excitatory neuron,11.76470588235294,Pyramidal cells,9.411764705882355,Neuron,8.968609865470851
985,Astro AQP4 SLC1A2,Astro AQP4 SLC1A2,Astrocyte,6.94980694980695,Stem cell,5.47945205479452,Satellite glial cells,5.405405405405405
986,Endo CLDN5 SLC7A5,Endo CLDN5 SLC7A5,Excitatory neuron,11.76470588235294,Pyramidal cells,9.411764705882355,Neuron,8.968609865470851
987,Endo CLDN5 SLC7A5,Endo CLDN5 SLC7A5,Excitatory neuron,11.76470588235294,Pyramidal cells,9.411764705882355,Neuron,8.968609865470851
988,Micro P2RY12 APBB1IP,Micro P2RY12 APBB1IP,Microglia,9.917355371900827,Microglial-specific cell,7.6923076923076925,Homeostatic microglial cell,7.142857142857142
989,Endo CLDN5 SLC7A5,Endo CLDN5 SLC7A5,Excitatory neuron,11.76470588235294,Pyramidal cells,9.411764705882355,Neuron,8.968609865470851
990,Endo CLDN5 SLC7A5,Endo CLDN5 SLC7A5,Excitatory neuron,11.76470588235294,Pyramidal cells,9.411764705882355,Neuron,8.968609865470851
991,Endo CLDN5 SLC7A5,Endo CLDN5 SLC7A5,Excitatory neuron,11.76470588235294,Pyramidal cells,9.411764705882355,Neuron,8.968609865470851
992,L3-5 RORB MKX GRIN3A,L3-5 RORB MKX GRIN3A,Cajal-retzius cells,7.8125,Somatostatin interneuron,7.2727272727272725,Lake et al.science.in5,3.508771929824562
993,Endo CLDN5 SLC7A5,Endo CLDN5 SLC7A5,Excitatory neuron,11.76470588235294,Pyramidal cells,9.411764705882355,Neuron,8.968609865470851
994,Oligo MOG OPALIN,Oligo MOG OPALIN,Oligodendrocytes,11.594202898550725,Oligodendrocyte,9.44206008583691,Mature oligodendrocyte,7.2727272727272725
995,L3-5 RORB MKX GRIN3A,L3-5 RORB MKX GRIN3A,Cajal-retzius cells,7.8125,Somatostatin interneuron,7.2727272727272725,Lake et al.science.in5,3.508771929824562
996,OPC PDGFRA PCDH15,OPC PDGFRA PCDH15,Oligodendrocyte precursor cell,22.22222222222222,Oligodendrocyte progenitor cells,15.384615384615383,Oligodendrocyte progenitor cell,13.114754098360654
997,Oligo MOG OPALIN,Oligo MOG OPALIN,Oligodendrocytes,11.594202898550725,Oligodendrocyte,9.44206008583691,Mature oligodendrocyte,7.2727272727272725
998,PC P2RY14 GRM8,PC P2RY14 GRM8,Pericyte,8.695652173913043,Endothelial cell,7.692307692307692,Mural cell,7.017543859649124
999,PC P2RY14 GRM8,PC P2RY14 GRM8,Pericyte,8.695652173913043,Endothelial cell,7.692307692307692,Mural cell,7.017543859649124
1000,Oligo MOG OPALIN,Oligo MOG OPALIN,Oligodendrocytes,11.594202898550725,Oligodendrocyte,9.44206008583691,Mature oligodendrocyte,7.2727272727272725
1001,L2-3 CUX2 ACVR1C THSD7A,L2-3 CUX2 ACVR1C THSD7A,Somatostatin interneuron,3.6363636363636362,Neurons,3.1620553359683794,Cajal-retzius cells,3.125
1002,Endo CLDN5 SLC7A5,Endo CLDN5 SLC7A5,Excitatory neuron,11.76470588235294,Pyramidal cells,9.411764705882355,Neuron,8.968609865470851
1003,Oligo MOG OPALIN,Oligo MOG OPALIN,Oligodendrocytes,11.594202898550725,Oligodendrocyte,9.44206008583691,Mature oligodendrocyte,7.2727272727272725
1004,Endo CLDN5 SLC7A5,Endo CLDN5 SLC7A5,Excitatory neuron,11.76470588235294,Pyramidal cells,9.411764705882355,Neuron,8.968609865470851
1005,OPC PDGFRA PCDH15,OPC PDGFRA PCDH15,Oligodendrocyte precursor cell,22.22222222222222,Oligodendrocyte progenitor cells,15.384615384615383,Oligodendrocyte progenitor cell,13.114754098360654
1006,Endo CLDN5 SLC7A5,Endo CLDN5 SLC7A5,Excitatory neuron,11.76470588235294,Pyramidal cells,9.411764705882355,Neuron,8.968609865470851
1007,Endo CLDN5 SLC7A5,Endo CLDN5 SLC7A5,Excitatory neuron,11.76470588235294,Pyramidal cells,9.411764705882355,Neuron,8.968609865470851
1008,Endo CLDN5 SLC7A5,Endo CLDN5 SLC7A5,Excitatory neuron,11.76470588235294,Pyramidal cells,9.411764705882355,Neuron,8.968609865470851
1009,Endo CLDN5 SLC7A5,Endo CLDN5 SLC7A5,Excitatory neuron,11.76470588235294,Pyramidal cells,9.411764705882355,Neuron,8.968609865470851
1010,Endo CLDN5 SLC7A5,Endo CLDN5 SLC7A5,Excitatory neuron,11.76470588235294,Pyramidal cells,9.411764705882355,Neuron,8.968609865470851
1011,Micro P2RY12 APBB1IP,Micro P2RY12 APBB1IP,Microglia,9.917355371900827,Microglial-specific cell,7.6923076923076925,Homeostatic microglial cell,7.142857142857142
1012,Oligo MOG OPALIN,Oligo MOG OPALIN,Oligodendrocytes,11.594202898550725,Oligodendrocyte,9.44206008583691,Mature oligodendrocyte,7.2727272727272725
1013,Endo CLDN5 SLC7A5,Endo CLDN5 SLC7A5,Excitatory neuron,11.76470588235294,Pyramidal cells,9.411764705882355,Neuron,8.968609865470851
1014,L3-5 RORB MKX GRIN3A,L3-5 RORB MKX GRIN3A,Cajal-retzius cells,7.8125,Somatostatin interneuron,7.2727272727272725,Lake et al.science.in5,3.508771929824562
1015,Endo CLDN5 SLC7A5,Endo CLDN5 SLC7A5,Excitatory neuron,11.76470588235294,Pyramidal cells,9.411764705882355,Neuron,8.968609865470851
1016,Astro AQP4 SLC1A2,Astro AQP4 SLC1A2,Astrocyte,6.94980694980695,Stem cell,5.47945205479452,Satellite glial cells,5.405405405405405
1017,Oligo MOG OPALIN,Oligo MOG OPALIN,Oligodendrocytes,11.594202898550725,Oligodendrocyte,9.44206008583691,Mature oligodendrocyte,7.2727272727272725
1018,Endo CLDN5 SLC7A5,Endo CLDN5 SLC7A5,Excitatory neuron,11.76470588235294,Pyramidal cells,9.411764705882355,Neuron,8.968609865470851
1019,Endo CLDN5 SLC7A5,Endo CLDN5 SLC7A5,Excitatory neuron,11.76470588235294,Pyramidal cells,9.411764705882355,Neuron,8.968609865470851
1020,PC P2RY14 GRM8,PC P2RY14 GRM8,Pericyte,8.695652173913043,Endothelial cell,7.692307692307692,Mural cell,7.017543859649124
1021,Endo CLDN5 SLC7A5,Endo CLDN5 SLC7A5,Excitatory neuron,11.76470588235294,Pyramidal cells,9.411764705882355,Neuron,8.968609865470851
1022,Micro P2RY12 APBB1IP,Micro P2RY12 APBB1IP,Microglia,9.917355371900827,Microglial-specific cell,7.6923076923076925,Homeostatic microglial cell,7.142857142857142
1023,Endo CLDN5 SLC7A5,Endo CLDN5 SLC7A5,Excitatory neuron,11.76470588235294,Pyramidal cells,9.411764705882355,Neuron,8.968609865470851
1024,Endo CLDN5 SLC7A5,Endo CLDN5 SLC7A5,Excitatory neuron,11.76470588235294,Pyramidal cells,9.411764705882355,Neuron,8.968609865470851
1025,L5-6 FEZF2 NXPH2 GRIK1,L5-6 FEZF2 NXPH2 GRIK1,Lake et al.science.ex6,16.666666666666664,Epithelial cell,3.7735849056603774,Glutamatergic neuron,3.7037037037037033
1026,Endo CLDN5 SLC7A5,Endo CLDN5 SLC7A5,Excitatory neuron,11.76470588235294,Pyramidal cells,9.411764705882355,Neuron,8.968609865470851
1027,Endo CLDN5 SLC7A5,Endo CLDN5 SLC7A5,Excitatory neuron,11.76470588235294,Pyramidal cells,9.411764705882355,Neuron,8.968609865470851
1028,InN SST FREM1,InN SST FREM1,Purkinje neurons,9.174311926605505,Oligodendrocyte precursor cell,6.349206349206351,Neuron,5.381165919282512
1029,Endo CLDN5 SLC7A5,Endo CLDN5 SLC7A5,Excitatory neuron,11.76470588235294,Pyramidal cells,9.411764705882355,Neuron,8.968609865470851
1030,Endo CLDN5 SLC7A5,Endo CLDN5 SLC7A5,Excitatory neuron,11.76470588235294,Pyramidal cells,9.411764705882355,Neuron,8.968609865470851
1031,L2-3 CUX2 ACVR1C THSD7A,L2-3 CUX2 ACVR1C THSD7A,Somatostatin interneuron,3.6363636363636362,Neurons,3.1620553359683794,Cajal-retzius cells,3.125
1032,Endo CLDN5 SLC7A5,Endo CLDN5 SLC7A5,Excitatory neuron,11.76470588235294,Pyramidal cells,9.411764705882355,Neuron,8.968609865470851
1033,L3-5 RORB MKX GRIN3A,L3-5 RORB MKX GRIN3A,Cajal-retzius cells,7.8125,Somatostatin interneuron,7.2727272727272725,Lake et al.science.in5,3.508771929824562
1034,Endo CLDN5 SLC7A5,Endo CLDN5 SLC7A5,Excitatory neuron,11.76470588235294,Pyramidal cells,9.411764705882355,Neuron,8.968609865470851
1035,Endo CLDN5 SLC7A5,Endo CLDN5 SLC7A5,Excitatory neuron,11.76470588235294,Pyramidal cells,9.411764705882355,Neuron,8.968609865470851
1036,L6 FEZF2 NPFFR2 KCNK2,L6 FEZF2 NPFFR2 KCNK2,Lake et al.science.ex6,16.666666666666664,Somatostatin interneuron,3.6363636363636362,Lake et al.science.in3,3.1746031746031753
1037,Endo CLDN5 SLC7A5,Endo CLDN5 SLC7A5,Excitatory neuron,11.76470588235294,Pyramidal cells,9.411764705882355,Neuron,8.968609865470851
1038,Endo CLDN5 SLC7A5,Endo CLDN5 SLC7A5,Excitatory neuron,11.76470588235294,Pyramidal cells,9.411764705882355,Neuron,8.968609865470851
1039,Endo CLDN5 SLC7A5,Endo CLDN5 SLC7A5,Excitatory neuron,11.76470588235294,Pyramidal cells,9.411764705882355,Neuron,8.968609865470851
1040,InN PVALB HPSE,InN PVALB HPSE,Parvalbumin interneuron,7.4074074074074066,Lake et al.science.ex6,7.1428571428571415,Purkinje neurons,5.5045871559633035
1041,Endo CLDN5 SLC7A5,Endo CLDN5 SLC7A5,Excitatory neuron,11.76470588235294,Pyramidal cells,9.411764705882355,Neuron,8.968609865470851
1042,Endo CLDN5 SLC7A5,Endo CLDN5 SLC7A5,Excitatory neuron,11.76470588235294,Pyramidal cells,9.411764705882355,Neuron,8.968609865470851
1043,L3-5 RORB MKX GRIN3A,L3-5 RORB MKX GRIN3A,Cajal-retzius cells,7.8125,Somatostatin interneuron,7.2727272727272725,Lake et al.science.in5,3.508771929824562
1044,InN PVALB HPSE,InN PVALB HPSE,Parvalbumin interneuron,7.4074074074074066,Lake et al.science.ex6,7.1428571428571415,Purkinje neurons,5.5045871559633035
1045,Endo CLDN5 SLC7A5,Endo CLDN5 SLC7A5,Excitatory neuron,11.76470588235294,Pyramidal cells,9.411764705882355,Neuron,8.968609865470851
1046,Endo CLDN5 SLC7A5,Endo CLDN5 SLC7A5,Excitatory neuron,11.76470588235294,Pyramidal cells,9.411764705882355,Neuron,8.968609865470851
1047,InN PVALB HPSE,InN PVALB HPSE,Parvalbumin interneuron,7.4074074074074066,Lake et al.science.ex6,7.1428571428571415,Purkinje neurons,5.5045871559633035
1048,Endo CLDN5 SLC7A5,Endo CLDN5 SLC7A5,Excitatory neuron,11.76470588235294,Pyramidal cells,9.411764705882355,Neuron,8.968609865470851
1049,L2-3 CUX2 ACVR1C THSD7A,L2-3 CUX2 ACVR1C THSD7A,Somatostatin interneuron,3.6363636363636362,Neurons,3.1620553359683794,Cajal-retzius cells,3.125
1050,Oligo MOG OPALIN,Oligo MOG OPALIN,Oligodendrocytes,11.594202898550725,Oligodendrocyte,9.44206008583691,Mature oligodendrocyte,7.2727272727272725
1051,L3-5 RORB MKX GRIN3A,L3-5 RORB MKX GRIN3A,Cajal-retzius cells,7.8125,Somatostatin interneuron,7.2727272727272725,Lake et al.science.in5,3.508771929824562
1052,L2-3 CUX2 ACVR1C THSD7A,L2-3 CUX2 ACVR1C THSD7A,Somatostatin interneuron,3.6363636363636362,Neurons,3.1620553359683794,Cajal-retzius cells,3.125
1053,Endo CLDN5 SLC7A5,Endo CLDN5 SLC7A5,Excitatory neuron,11.76470588235294,Pyramidal cells,9.411764705882355,Neuron,8.968609865470851
1054,Endo CLDN5 SLC7A5,Endo CLDN5 SLC7A5,Excitatory neuron,11.76470588235294,Pyramidal cells,9.411764705882355,Neuron,8.968609865470851
1055,OPC PDGFRA PCDH15,OPC PDGFRA PCDH15,Oligodendrocyte precursor cell,22.22222222222222,Oligodendrocyte progenitor cells,15.384615384615383,Oligodendrocyte progenitor cell,13.114754098360654
1056,Oligo MOG OPALIN,Oligo MOG OPALIN,Oligodendrocytes,11.594202898550725,Oligodendrocyte,9.44206008583691,Mature oligodendrocyte,7.2727272727272725
1057,Endo CLDN5 SLC7A5,Endo CLDN5 SLC7A5,Excitatory neuron,11.76470588235294,Pyramidal cells,9.411764705882355,Neuron,8.968609865470851
1058,Endo CLDN5 SLC7A5,Endo CLDN5 SLC7A5,Excitatory neuron,11.76470588235294,Pyramidal cells,9.411764705882355,Neuron,8.968609865470851
1059,InN SST FREM1,InN SST FREM1,Purkinje neurons,9.174311926605505,Oligodendrocyte precursor cell,6.349206349206351,Neuron,5.381165919282512
1060,Endo CLDN5 SLC7A5,Endo CLDN5 SLC7A5,Excitatory neuron,11.76470588235294,Pyramidal cells,9.411764705882355,Neuron,8.968609865470851
1061,Endo CLDN5 SLC7A5,Endo CLDN5 SLC7A5,Excitatory neuron,11.76470588235294,Pyramidal cells,9.411764705882355,Neuron,8.968609865470851
1062,Endo CLDN5 SLC7A5,Endo CLDN5 SLC7A5,Excitatory neuron,11.76470588235294,Pyramidal cells,9.411764705882355,Neuron,8.968609865470851
1063,Micro P2RY12 APBB1IP,Micro P2RY12 APBB1IP,Microglia,9.917355371900827,Microglial-specific cell,7.6923076923076925,Homeostatic microglial cell,7.142857142857142
1064,Oligo MOG OPALIN,Oligo MOG OPALIN,Oligodendrocytes,11.594202898550725,Oligodendrocyte,9.44206008583691,Mature oligodendrocyte,7.2727272727272725
1065,Astro AQP4 SLC1A2,Astro AQP4 SLC1A2,Astrocyte,6.94980694980695,Stem cell,5.47945205479452,Satellite glial cells,5.405405405405405
1066,Endo CLDN5 SLC7A5,Endo CLDN5 SLC7A5,Excitatory neuron,11.76470588235294,Pyramidal cells,9.411764705882355,Neuron,8.968609865470851
1067,L3-5 RORB MKX GRIN3A,L3-5 RORB MKX GRIN3A,Cajal-retzius cells,7.8125,Somatostatin interneuron,7.2727272727272725,Lake et al.science.in5,3.508771929824562
1068,PC P2RY14 GRM8,PC P2RY14 GRM8,Pericyte,8.695652173913043,Endothelial cell,7.692307692307692,Mural cell,7.017543859649124
1069,Astro AQP4 SLC1A2,Astro AQP4 SLC1A2,Astrocyte,6.94980694980695,Stem cell,5.47945205479452,Satellite glial cells,5.405405405405405
1070,Endo CLDN5 SLC7A5,Endo CLDN5 SLC7A5,Excitatory neuron,11.76470588235294,Pyramidal cells,9.411764705882355,Neuron,8.968609865470851
1071,InN LAMP5 BMP7,InN LAMP5 BMP7,Lake et al.science.in4,7.142857142857142,Bergmann glia,6.593406593406592,Gabaergic neurons,6.153846153846153
1072,Astro AQP4 SLC1A2,Astro AQP4 SLC1A2,Astrocyte,6.94980694980695,Stem cell,5.47945205479452,Satellite glial cells,5.405405405405405
1073,Endo CLDN5 SLC7A5,Endo CLDN5 SLC7A5,Excitatory neuron,11.76470588235294,Pyramidal cells,9.411764705882355,Neuron,8.968609865470851
1074,Oligo MOG OPALIN,Oligo MOG OPALIN,Oligodendrocytes,11.594202898550725,Oligodendrocyte,9.44206008583691,Mature oligodendrocyte,7.2727272727272725
1075,Oligo MOG OPALIN,Oligo MOG OPALIN,Oligodendrocytes,11.594202898550725,Oligodendrocyte,9.44206008583691,Mature oligodendrocyte,7.2727272727272725
1076,Endo CLDN5 SLC7A5,Endo CLDN5 SLC7A5,Excitatory neuron,11.76470588235294,Pyramidal cells,9.411764705882355,Neuron,8.968609865470851
1077,Endo CLDN5 SLC7A5,Endo CLDN5 SLC7A5,Excitatory neuron,11.76470588235294,Pyramidal cells,9.411764705882355,Neuron,8.968609865470851
1078,Endo CLDN5 SLC7A5,Endo CLDN5 SLC7A5,Excitatory neuron,11.76470588235294,Pyramidal cells,9.411764705882355,Neuron,8.968609865470851
1079,Endo CLDN5 SLC7A5,Endo CLDN5 SLC7A5,Excitatory neuron,11.76470588235294,Pyramidal cells,9.411764705882355,Neuron,8.968609865470851
1080,Endo CLDN5 SLC7A5,Endo CLDN5 SLC7A5,Excitatory neuron,11.76470588235294,Pyramidal cells,9.411764705882355,Neuron,8.968609865470851
1081,Astro AQP4 SLC1A2,Astro AQP4 SLC1A2,Astrocyte,6.94980694980695,Stem cell,5.47945205479452,Satellite glial cells,5.405405405405405
1082,L2-3 CUX2 ACVR1C THSD7A,L2-3 CUX2 ACVR1C THSD7A,Somatostatin interneuron,3.6363636363636362,Neurons,3.1620553359683794,Cajal-retzius cells,3.125
1083,Endo CLDN5 SLC7A5,Endo CLDN5 SLC7A5,Excitatory neuron,11.76470588235294,Pyramidal cells,9.411764705882355,Neuron,8.968609865470851
1084,InN SST FREM1,InN SST FREM1,Purkinje neurons,9.174311926605505,Oligodendrocyte precursor cell,6.349206349206351,Neuron,5.381165919282512
1085,Endo CLDN5 SLC7A5,Endo CLDN5 SLC7A5,Excitatory neuron,11.76470588235294,Pyramidal cells,9.411764705882355,Neuron,8.968609865470851
1086,Endo CLDN5 SLC7A5,Endo CLDN5 SLC7A5,Excitatory neuron,11.76470588235294,Pyramidal cells,9.411764705882355,Neuron,8.968609865470851
1087,Endo CLDN5 SLC7A5,Endo CLDN5 SLC7A5,Excitatory neuron,11.76470588235294,Pyramidal cells,9.411764705882355,Neuron,8.968609865470851
1088,Endo CLDN5 SLC7A5,Endo CLDN5 SLC7A5,Excitatory neuron,11.76470588235294,Pyramidal cells,9.411764705882355,Neuron,8.968609865470851
1089,L3-5 RORB MKX GRIN3A,L3-5 RORB MKX GRIN3A,Cajal-retzius cells,7.8125,Somatostatin interneuron,7.2727272727272725,Lake et al.science.in5,3.508771929824562
1090,Endo CLDN5 SLC7A5,Endo CLDN5 SLC7A5,Excitatory neuron,11.76470588235294,Pyramidal cells,9.411764705882355,Neuron,8.968609865470851
1091,L6 OPRK1 THEMIS RGS6,L6 OPRK1 THEMIS RGS6,Retinal ganglion cells,5.042016806722689,Neuron,4.484304932735426,Lake et al.science.ex8,3.669724770642202
1092,Endo CLDN5 SLC7A5,Endo CLDN5 SLC7A5,Excitatory neuron,11.76470588235294,Pyramidal cells,9.411764705882355,Neuron,8.968609865470851
1093,Endo CLDN5 SLC7A5,Endo CLDN5 SLC7A5,Excitatory neuron,11.76470588235294,Pyramidal cells,9.411764705882355,Neuron,8.968609865470851
1094,Endo CLDN5 SLC7A5,Endo CLDN5 SLC7A5,Excitatory neuron,11.76470588235294,Pyramidal cells,9.411764705882355,Neuron,8.968609865470851
1095,Endo CLDN5 SLC7A5,Endo CLDN5 SLC7A5,Excitatory neuron,11.76470588235294,Pyramidal cells,9.411764705882355,Neuron,8.968609865470851
1096,L3-5 RORB GABRG1 KCNH7,L3-5 RORB GABRG1 KCNH7,Somatostatin interneuron,3.6363636363636362,Lake et al.science.in5,3.508771929824562,Lake et al.science.ex5,3.389830508474577
1097,Endo CLDN5 SLC7A5,Endo CLDN5 SLC7A5,Excitatory neuron,11.76470588235294,Pyramidal cells,9.411764705882355,Neuron,8.968609865470851
1098,Endo CLDN5 SLC7A5,Endo CLDN5 SLC7A5,Excitatory neuron,11.76470588235294,Pyramidal cells,9.411764705882355,Neuron,8.968609865470851
1099,Endo CLDN5 SLC7A5,Endo CLDN5 SLC7A5,Excitatory neuron,11.76470588235294,Pyramidal cells,9.411764705882355,Neuron,8.968609865470851
1100,Endo CLDN5 SLC7A5,Endo CLDN5 SLC7A5,Excitatory neuron,11.76470588235294,Pyramidal cells,9.411764705882355,Neuron,8.968609865470851
1101,Endo CLDN5 SLC7A5,Endo CLDN5 SLC7A5,Excitatory neuron,11.76470588235294,Pyramidal cells,9.411764705882355,Neuron,8.968609865470851
1102,Endo CLDN5 SLC7A5,Endo CLDN5 SLC7A5,Excitatory neuron,11.76470588235294,Pyramidal cells,9.411764705882355,Neuron,8.968609865470851
1103,Endo CLDN5 SLC7A5,Endo CLDN5 SLC7A5,Excitatory neuron,11.76470588235294,Pyramidal cells,9.411764705882355,Neuron,8.968609865470851
1104,Oligo MOG OPALIN,Oligo MOG OPALIN,Oligodendrocytes,11.594202898550725,Oligodendrocyte,9.44206008583691,Mature oligodendrocyte,7.2727272727272725
1105,Endo CLDN5 SLC7A5,Endo CLDN5 SLC7A5,Excitatory neuron,11.76470588235294,Pyramidal cells,9.411764705882355,Neuron,8.968609865470851
1106,Oligo MOG OPALIN,Oligo MOG OPALIN,Oligodendrocytes,11.594202898550725,Oligodendrocyte,9.44206008583691,Mature oligodendrocyte,7.2727272727272725
1107,Endo CLDN5 SLC7A5,Endo CLDN5 SLC7A5,Excitatory neuron,11.76470588235294,Pyramidal cells,9.411764705882355,Neuron,8.968609865470851
1108,Endo CLDN5 SLC7A5,Endo CLDN5 SLC7A5,Excitatory neuron,11.76470588235294,Pyramidal cells,9.411764705882355,Neuron,8.968609865470851
1109,Oligo MOG OPALIN,Oligo MOG OPALIN,Oligodendrocytes,11.594202898550725,Oligodendrocyte,9.44206008583691,Mature oligodendrocyte,7.2727272727272725
1110,L6 FEZF2 NPFFR2 KCNK2,L6 FEZF2 NPFFR2 KCNK2,Lake et al.science.ex6,16.666666666666664,Somatostatin interneuron,3.6363636363636362,Lake et al.science.in3,3.1746031746031753
1111,L3-5 RORB GABRG1 KCNH7,L3-5 RORB GABRG1 KCNH7,Somatostatin interneuron,3.6363636363636362,Lake et al.science.in5,3.508771929824562,Lake et al.science.ex5,3.389830508474577
1112,Endo CLDN5 SLC7A5,Endo CLDN5 SLC7A5,Excitatory neuron,11.76470588235294,Pyramidal cells,9.411764705882355,Neuron,8.968609865470851
1113,Endo CLDN5 SLC7A5,Endo CLDN5 SLC7A5,Excitatory neuron,11.76470588235294,Pyramidal cells,9.411764705882355,Neuron,8.968609865470851
1114,Astro AQP4 SLC1A2,Astro AQP4 SLC1A2,Astrocyte,6.94980694980695,Stem cell,5.47945205479452,Satellite glial cells,5.405405405405405
1115,Endo CLDN5 SLC7A5,Endo CLDN5 SLC7A5,Excitatory neuron,11.76470588235294,Pyramidal cells,9.411764705882355,Neuron,8.968609865470851
1116,Oligo MOG OPALIN,Oligo MOG OPALIN,Oligodendrocytes,11.594202898550725,Oligodendrocyte,9.44206008583691,Mature oligodendrocyte,7.2727272727272725
1117,PC P2RY14 GRM8,PC P2RY14 GRM8,Pericyte,8.695652173913043,Endothelial cell,7.692307692307692,Mural cell,7.017543859649124
1118,Endo CLDN5 SLC7A5,Endo CLDN5 SLC7A5,Excitatory neuron,11.76470588235294,Pyramidal cells,9.411764705882355,Neuron,8.968609865470851
1119,Oligo MOG OPALIN,Oligo MOG OPALIN,Oligodendrocytes,11.594202898550725,Oligodendrocyte,9.44206008583691,Mature oligodendrocyte,7.2727272727272725
1120,Astro AQP4 SLC1A2,Astro AQP4 SLC1A2,Astrocyte,6.94980694980695,Stem cell,5.47945205479452,Satellite glial cells,5.405405405405405
1121,Endo CLDN5 SLC7A5,Endo CLDN5 SLC7A5,Excitatory neuron,11.76470588235294,Pyramidal cells,9.411764705882355,Neuron,8.968609865470851
1122,InN PVALB HPSE,InN PVALB HPSE,Parvalbumin interneuron,7.4074074074074066,Lake et al.science.ex6,7.1428571428571415,Purkinje neurons,5.5045871559633035
1123,PC P2RY14 GRM8,PC P2RY14 GRM8,Pericyte,8.695652173913043,Endothelial cell,7.692307692307692,Mural cell,7.017543859649124
1124,InN SST FREM1,InN SST FREM1,Purkinje neurons,9.174311926605505,Oligodendrocyte precursor cell,6.349206349206351,Neuron,5.381165919282512
1125,PC P2RY14 GRM8,PC P2RY14 GRM8,Pericyte,8.695652173913043,Endothelial cell,7.692307692307692,Mural cell,7.017543859649124
1126,Endo CLDN5 SLC7A5,Endo CLDN5 SLC7A5,Excitatory neuron,11.76470588235294,Pyramidal cells,9.411764705882355,Neuron,8.968609865470851
1127,InN SST FREM1,InN SST FREM1,Purkinje neurons,9.174311926605505,Oligodendrocyte precursor cell,6.349206349206351,Neuron,5.381165919282512
1128,L3-5 RORB MKX GRIN3A,L3-5 RORB MKX GRIN3A,Cajal-retzius cells,7.8125,Somatostatin interneuron,7.2727272727272725,Lake et al.science.in5,3.508771929824562
1129,Endo CLDN5 SLC7A5,Endo CLDN5 SLC7A5,Excitatory neuron,11.76470588235294,Pyramidal cells,9.411764705882355,Neuron,8.968609865470851
1130,Oligo MOG OPALIN,Oligo MOG OPALIN,Oligodendrocytes,11.594202898550725,Oligodendrocyte,9.44206008583691,Mature oligodendrocyte,7.2727272727272725
1131,Oligo MOG OPALIN,Oligo MOG OPALIN,Oligodendrocytes,11.594202898550725,Oligodendrocyte,9.44206008583691,Mature oligodendrocyte,7.2727272727272725
1132,Oligo MOG OPALIN,Oligo MOG OPALIN,Oligodendrocytes,11.594202898550725,Oligodendrocyte,9.44206008583691,Mature oligodendrocyte,7.2727272727272725
1133,OPC PDGFRA PCDH15,OPC PDGFRA PCDH15,Oligodendrocyte precursor cell,22.22222222222222,Oligodendrocyte progenitor cells,15.384615384615383,Oligodendrocyte progenitor cell,13.114754098360654
1134,Oligo MOG OPALIN,Oligo MOG OPALIN,Oligodendrocytes,11.594202898550725,Oligodendrocyte,9.44206008583691,Mature oligodendrocyte,7.2727272727272725
1135,L2-3 CUX2 ACVR1C THSD7A,L2-3 CUX2 ACVR1C THSD7A,Somatostatin interneuron,3.6363636363636362,Neurons,3.1620553359683794,Cajal-retzius cells,3.125
1136,Endo CLDN5 SLC7A5,Endo CLDN5 SLC7A5,Excitatory neuron,11.76470588235294,Pyramidal cells,9.411764705882355,Neuron,8.968609865470851
1137,Oligo MOG OPALIN,Oligo MOG OPALIN,Oligodendrocytes,11.594202898550725,Oligodendrocyte,9.44206008583691,Mature oligodendrocyte,7.2727272727272725
1138,Endo CLDN5 SLC7A5,Endo CLDN5 SLC7A5,Excitatory neuron,11.76470588235294,Pyramidal cells,9.411764705882355,Neuron,8.968609865470851
1139,Endo CLDN5 SLC7A5,Endo CLDN5 SLC7A5,Excitatory neuron,11.76470588235294,Pyramidal cells,9.411764705882355,Neuron,8.968609865470851
1140,Endo CLDN5 SLC7A5,Endo CLDN5 SLC7A5,Excitatory neuron,11.76470588235294,Pyramidal cells,9.411764705882355,Neuron,8.968609865470851
1141,Endo CLDN5 SLC7A5,Endo CLDN5 SLC7A5,Excitatory neuron,11.76470588235294,Pyramidal cells,9.411764705882355,Neuron,8.968609865470851
1142,Endo CLDN5 SLC7A5,Endo CLDN5 SLC7A5,Excitatory neuron,11.76470588235294,Pyramidal cells,9.411764705882355,Neuron,8.968609865470851
1143,Endo CLDN5 SLC7A5,Endo CLDN5 SLC7A5,Excitatory neuron,11.76470588235294,Pyramidal cells,9.411764705882355,Neuron,8.968609865470851
1144,Astro AQP4 SLC1A2,Astro AQP4 SLC1A2,Astrocyte,6.94980694980695,Stem cell,5.47945205479452,Satellite glial cells,5.405405405405405
1145,L3-5 RORB MKX GRIN3A,L3-5 RORB MKX GRIN3A,Cajal-retzius cells,7.8125,Somatostatin interneuron,7.2727272727272725,Lake et al.science.in5,3.508771929824562
1146,Endo CLDN5 SLC7A5,Endo CLDN5 SLC7A5,Excitatory neuron,11.76470588235294,Pyramidal cells,9.411764705882355,Neuron,8.968609865470851
1147,Oligo MOG OPALIN,Oligo MOG OPALIN,Oligodendrocytes,11.594202898550725,Oligodendrocyte,9.44206008583691,Mature oligodendrocyte,7.2727272727272725
1148,L2-3 CUX2 ACVR1C THSD7A,L2-3 CUX2 ACVR1C THSD7A,Somatostatin interneuron,3.6363636363636362,Neurons,3.1620553359683794,Cajal-retzius cells,3.125
1149,Endo CLDN5 SLC7A5,Endo CLDN5 SLC7A5,Excitatory neuron,11.76470588235294,Pyramidal cells,9.411764705882355,Neuron,8.968609865470851
1150,Oligo MOG OPALIN,Oligo MOG OPALIN,Oligodendrocytes,11.594202898550725,Oligodendrocyte,9.44206008583691,Mature oligodendrocyte,7.2727272727272725
1151,Micro P2RY12 APBB1IP,Micro P2RY12 APBB1IP,Microglia,9.917355371900827,Microglial-specific cell,7.6923076923076925,Homeostatic microglial cell,7.142857142857142
1152,Oligo MOG OPALIN,Oligo MOG OPALIN,Oligodendrocytes,11.594202898550725,Oligodendrocyte,9.44206008583691,Mature oligodendrocyte,7.2727272727272725
1153,Oligo MOG OPALIN,Oligo MOG OPALIN,Oligodendrocytes,11.594202898550725,Oligodendrocyte,9.44206008583691,Mature oligodendrocyte,7.2727272727272725
1154,OPC PDGFRA PCDH15,OPC PDGFRA PCDH15,Oligodendrocyte precursor cell,22.22222222222222,Oligodendrocyte progenitor cells,15.384615384615383,Oligodendrocyte progenitor cell,13.114754098360654
1155,Endo CLDN5 SLC7A5,Endo CLDN5 SLC7A5,Excitatory neuron,11.76470588235294,Pyramidal cells,9.411764705882355,Neuron,8.968609865470851
1156,Oligo MOG OPALIN,Oligo MOG OPALIN,Oligodendrocytes,11.594202898550725,Oligodendrocyte,9.44206008583691,Mature oligodendrocyte,7.2727272727272725
1157,Astro AQP4 SLC1A2,Astro AQP4 SLC1A2,Astrocyte,6.94980694980695,Stem cell,5.47945205479452,Satellite glial cells,5.405405405405405
1158,L6 OPRK1 THEMIS RGS6,L6 OPRK1 THEMIS RGS6,Retinal ganglion cells,5.042016806722689,Neuron,4.484304932735426,Lake et al.science.ex8,3.669724770642202
1159,Endo CLDN5 SLC7A5,Endo CLDN5 SLC7A5,Excitatory neuron,11.76470588235294,Pyramidal cells,9.411764705882355,Neuron,8.968609865470851
1160,Endo CLDN5 SLC7A5,Endo CLDN5 SLC7A5,Excitatory neuron,11.76470588235294,Pyramidal cells,9.411764705882355,Neuron,8.968609865470851
1161,Oligo MOG OPALIN,Oligo MOG OPALIN,Oligodendrocytes,11.594202898550725,Oligodendrocyte,9.44206008583691,Mature oligodendrocyte,7.2727272727272725
1162,L2-3 CUX2 ACVR1C THSD7A,L2-3 CUX2 ACVR1C THSD7A,Somatostatin interneuron,3.6363636363636362,Neurons,3.1620553359683794,Cajal-retzius cells,3.125
1163,L2-3 CUX2 ACVR1C THSD7A,L2-3 CUX2 ACVR1C THSD7A,Somatostatin interneuron,3.6363636363636362,Neurons,3.1620553359683794,Cajal-retzius cells,3.125
1164,L3-5 RORB MKX GRIN3A,L3-5 RORB MKX GRIN3A,Cajal-retzius cells,7.8125,Somatostatin interneuron,7.2727272727272725,Lake et al.science.in5,3.508771929824562
1165,Endo CLDN5 SLC7A5,Endo CLDN5 SLC7A5,Excitatory neuron,11.76470588235294,Pyramidal cells,9.411764705882355,Neuron,8.968609865470851
1166,Endo CLDN5 SLC7A5,Endo CLDN5 SLC7A5,Excitatory neuron,11.76470588235294,Pyramidal cells,9.411764705882355,Neuron,8.968609865470851
1167,Endo CLDN5 SLC7A5,Endo CLDN5 SLC7A5,Excitatory neuron,11.76470588235294,Pyramidal cells,9.411764705882355,Neuron,8.968609865470851
1168,Endo CLDN5 SLC7A5,Endo CLDN5 SLC7A5,Excitatory neuron,11.76470588235294,Pyramidal cells,9.411764705882355,Neuron,8.968609865470851
1169,Endo CLDN5 SLC7A5,Endo CLDN5 SLC7A5,Excitatory neuron,11.76470588235294,Pyramidal cells,9.411764705882355,Neuron,8.968609865470851
1170,Astro AQP4 SLC1A2,Astro AQP4 SLC1A2,Astrocyte,6.94980694980695,Stem cell,5.47945205479452,Satellite glial cells,5.405405405405405
1171,L2-3 CUX2 ACVR1C THSD7A,L2-3 CUX2 ACVR1C THSD7A,Somatostatin interneuron,3.6363636363636362,Neurons,3.1620553359683794,Cajal-retzius cells,3.125
1172,Endo CLDN5 SLC7A5,Endo CLDN5 SLC7A5,Excitatory neuron,11.76470588235294,Pyramidal cells,9.411764705882355,Neuron,8.968609865470851
1173,Endo CLDN5 SLC7A5,Endo CLDN5 SLC7A5,Excitatory neuron,11.76470588235294,Pyramidal cells,9.411764705882355,Neuron,8.968609865470851
1174,Endo CLDN5 SLC7A5,Endo CLDN5 SLC7A5,Excitatory neuron,11.76470588235294,Pyramidal cells,9.411764705882355,Neuron,8.968609865470851
1175,Oligo MOG OPALIN,Oligo MOG OPALIN,Oligodendrocytes,11.594202898550725,Oligodendrocyte,9.44206008583691,Mature oligodendrocyte,7.2727272727272725
1176,Endo CLDN5 SLC7A5,Endo CLDN5 SLC7A5,Excitatory neuron,11.76470588235294,Pyramidal cells,9.411764705882355,Neuron,8.968609865470851
1177,Oligo MOG OPALIN,Oligo MOG OPALIN,Oligodendrocytes,11.594202898550725,Oligodendrocyte,9.44206008583691,Mature oligodendrocyte,7.2727272727272725
1178,Endo CLDN5 SLC7A5,Endo CLDN5 SLC7A5,Excitatory neuron,11.76470588235294,Pyramidal cells,9.411764705882355,Neuron,8.968609865470851
1179,Endo CLDN5 SLC7A5,Endo CLDN5 SLC7A5,Excitatory neuron,11.76470588235294,Pyramidal cells,9.411764705882355,Neuron,8.968609865470851
1180,Oligo MOG OPALIN,Oligo MOG OPALIN,Oligodendrocytes,11.594202898550725,Oligodendrocyte,9.44206008583691,Mature oligodendrocyte,7.2727272727272725
1181,Oligo MOG OPALIN,Oligo MOG OPALIN,Oligodendrocytes,11.594202898550725,Oligodendrocyte,9.44206008583691,Mature oligodendrocyte,7.2727272727272725
1182,Endo CLDN5 SLC7A5,Endo CLDN5 SLC7A5,Excitatory neuron,11.76470588235294,Pyramidal cells,9.411764705882355,Neuron,8.968609865470851
1183,L3-5 RORB MKX GRIN3A,L3-5 RORB MKX GRIN3A,Cajal-retzius cells,7.8125,Somatostatin interneuron,7.2727272727272725,Lake et al.science.in5,3.508771929824562
1184,Endo CLDN5 SLC7A5,Endo CLDN5 SLC7A5,Excitatory neuron,11.76470588235294,Pyramidal cells,9.411764705882355,Neuron,8.968609865470851
1185,InN LAMP5 BMP7,InN LAMP5 BMP7,Lake et al.science.in4,7.142857142857142,Bergmann glia,6.593406593406592,Gabaergic neurons,6.153846153846153
1186,Endo CLDN5 SLC7A5,Endo CLDN5 SLC7A5,Excitatory neuron,11.76470588235294,Pyramidal cells,9.411764705882355,Neuron,8.968609865470851
1187,Endo CLDN5 SLC7A5,Endo CLDN5 SLC7A5,Excitatory neuron,11.76470588235294,Pyramidal cells,9.411764705882355,Neuron,8.968609865470851
1188,Endo CLDN5 SLC7A5,Endo CLDN5 SLC7A5,Excitatory neuron,11.76470588235294,Pyramidal cells,9.411764705882355,Neuron,8.968609865470851
1189,Endo CLDN5 SLC7A5,Endo CLDN5 SLC7A5,Excitatory neuron,11.76470588235294,Pyramidal cells,9.411764705882355,Neuron,8.968609865470851
1190,Endo CLDN5 SLC7A5,Endo CLDN5 SLC7A5,Excitatory neuron,11.76470588235294,Pyramidal cells,9.411764705882355,Neuron,8.968609865470851
1191,Oligo MOG OPALIN,Oligo MOG OPALIN,Oligodendrocytes,11.594202898550725,Oligodendrocyte,9.44206008583691,Mature oligodendrocyte,7.2727272727272725
1192,Astro AQP4 SLC1A2,Astro AQP4 SLC1A2,Astrocyte,6.94980694980695,Stem cell,5.47945205479452,Satellite glial cells,5.405405405405405
1193,Endo CLDN5 SLC7A5,Endo CLDN5 SLC7A5,Excitatory neuron,11.76470588235294,Pyramidal cells,9.411764705882355,Neuron,8.968609865470851
1194,L3-5 RORB GABRG1 KCNH7,L3-5 RORB GABRG1 KCNH7,Somatostatin interneuron,3.6363636363636362,Lake et al.science.in5,3.508771929824562,Lake et al.science.ex5,3.389830508474577
1195,Endo CLDN5 SLC7A5,Endo CLDN5 SLC7A5,Excitatory neuron,11.76470588235294,Pyramidal cells,9.411764705882355,Neuron,8.968609865470851
1196,Endo CLDN5 SLC7A5,Endo CLDN5 SLC7A5,Excitatory neuron,11.76470588235294,Pyramidal cells,9.411764705882355,Neuron,8.968609865470851
1197,Oligo MOG OPALIN,Oligo MOG OPALIN,Oligodendrocytes,11.594202898550725,Oligodendrocyte,9.44206008583691,Mature oligodendrocyte,7.2727272727272725
1198,Endo CLDN5 SLC7A5,Endo CLDN5 SLC7A5,Excitatory neuron,11.76470588235294,Pyramidal cells,9.411764705882355,Neuron,8.968609865470851
1199,Astro AQP4 SLC1A2,Astro AQP4 SLC1A2,Astrocyte,6.94980694980695,Stem cell,5.47945205479452,Satellite glial cells,5.405405405405405
1200,Endo CLDN5 SLC7A5,Endo CLDN5 SLC7A5,Excitatory neuron,11.76470588235294,Pyramidal cells,9.411764705882355,Neuron,8.968609865470851
1201,Endo CLDN5 SLC7A5,Endo CLDN5 SLC7A5,Excitatory neuron,11.76470588235294,Pyramidal cells,9.411764705882355,Neuron,8.968609865470851
1202,Endo CLDN5 SLC7A5,Endo CLDN5 SLC7A5,Excitatory neuron,11.76470588235294,Pyramidal cells,9.411764705882355,Neuron,8.968609865470851
1203,L3-5 RORB MKX GRIN3A,L3-5 RORB MKX GRIN3A,Cajal-retzius cells,7.8125,Somatostatin interneuron,7.2727272727272725,Lake et al.science.in5,3.508771929824562
1204,Endo CLDN5 SLC7A5,Endo CLDN5 SLC7A5,Excitatory neuron,11.76470588235294,Pyramidal cells,9.411764705882355,Neuron,8.968609865470851
1205,Endo CLDN5 SLC7A5,Endo CLDN5 SLC7A5,Excitatory neuron,11.76470588235294,Pyramidal cells,9.411764705882355,Neuron,8.968609865470851
1206,Astro AQP4 SLC1A2,Astro AQP4 SLC1A2,Astrocyte,6.94980694980695,Stem cell,5.47945205479452,Satellite glial cells,5.405405405405405
1207,OPC PDGFRA PCDH15,OPC PDGFRA PCDH15,Oligodendrocyte precursor cell,22.22222222222222,Oligodendrocyte progenitor cells,15.384615384615383,Oligodendrocyte progenitor cell,13.114754098360654
1208,L3-5 RORB MKX GRIN3A,L3-5 RORB MKX GRIN3A,Cajal-retzius cells,7.8125,Somatostatin interneuron,7.2727272727272725,Lake et al.science.in5,3.508771929824562
1209,L5-6 FEZF2 NXPH2 GRIK1,L5-6 FEZF2 NXPH2 GRIK1,Lake et al.science.ex6,16.666666666666664,Epithelial cell,3.7735849056603774,Glutamatergic neuron,3.7037037037037033
1210,Endo CLDN5 SLC7A5,Endo CLDN5 SLC7A5,Excitatory neuron,11.76470588235294,Pyramidal cells,9.411764705882355,Neuron,8.968609865470851
1211,Micro P2RY12 APBB1IP,Micro P2RY12 APBB1IP,Microglia,9.917355371900827,Microglial-specific cell,7.6923076923076925,Homeostatic microglial cell,7.142857142857142
1212,Endo CLDN5 SLC7A5,Endo CLDN5 SLC7A5,Excitatory neuron,11.76470588235294,Pyramidal cells,9.411764705882355,Neuron,8.968609865470851
1213,Astro AQP4 SLC1A2,Astro AQP4 SLC1A2,Astrocyte,6.94980694980695,Stem cell,5.47945205479452,Satellite glial cells,5.405405405405405
1214,Endo CLDN5 SLC7A5,Endo CLDN5 SLC7A5,Excitatory neuron,11.76470588235294,Pyramidal cells,9.411764705882355,Neuron,8.968609865470851
1215,Endo CLDN5 SLC7A5,Endo CLDN5 SLC7A5,Excitatory neuron,11.76470588235294,Pyramidal cells,9.411764705882355,Neuron,8.968609865470851
1216,Endo CLDN5 SLC7A5,Endo CLDN5 SLC7A5,Excitatory neuron,11.76470588235294,Pyramidal cells,9.411764705882355,Neuron,8.968609865470851
1217,Endo CLDN5 SLC7A5,Endo CLDN5 SLC7A5,Excitatory neuron,11.76470588235294,Pyramidal cells,9.411764705882355,Neuron,8.968609865470851
1218,Endo CLDN5 SLC7A5,Endo CLDN5 SLC7A5,Excitatory neuron,11.76470588235294,Pyramidal cells,9.411764705882355,Neuron,8.968609865470851
1219,Micro P2RY12 APBB1IP,Micro P2RY12 APBB1IP,Microglia,9.917355371900827,Microglial-specific cell,7.6923076923076925,Homeostatic microglial cell,7.142857142857142
1220,Endo CLDN5 SLC7A5,Endo CLDN5 SLC7A5,Excitatory neuron,11.76470588235294,Pyramidal cells,9.411764705882355,Neuron,8.968609865470851
1221,Endo CLDN5 SLC7A5,Endo CLDN5 SLC7A5,Excitatory neuron,11.76470588235294,Pyramidal cells,9.411764705882355,Neuron,8.968609865470851
1222,Endo CLDN5 SLC7A5,Endo CLDN5 SLC7A5,Excitatory neuron,11.76470588235294,Pyramidal cells,9.411764705882355,Neuron,8.968609865470851
1223,Endo CLDN5 SLC7A5,Endo CLDN5 SLC7A5,Excitatory neuron,11.76470588235294,Pyramidal cells,9.411764705882355,Neuron,8.968609865470851
1224,Endo CLDN5 SLC7A5,Endo CLDN5 SLC7A5,Excitatory neuron,11.76470588235294,Pyramidal cells,9.411764705882355,Neuron,8.968609865470851
1225,Endo CLDN5 SLC7A5,Endo CLDN5 SLC7A5,Excitatory neuron,11.76470588235294,Pyramidal cells,9.411764705882355,Neuron,8.968609865470851
1226,Endo CLDN5 SLC7A5,Endo CLDN5 SLC7A5,Excitatory neuron,11.76470588235294,Pyramidal cells,9.411764705882355,Neuron,8.968609865470851
1227,Endo CLDN5 SLC7A5,Endo CLDN5 SLC7A5,Excitatory neuron,11.76470588235294,Pyramidal cells,9.411764705882355,Neuron,8.968609865470851
1228,Endo CLDN5 SLC7A5,Endo CLDN5 SLC7A5,Excitatory neuron,11.76470588235294,Pyramidal cells,9.411764705882355,Neuron,8.968609865470851
1229,Endo CLDN5 SLC7A5,Endo CLDN5 SLC7A5,Excitatory neuron,11.76470588235294,Pyramidal cells,9.411764705882355,Neuron,8.968609865470851
1230,Endo CLDN5 SLC7A5,Endo CLDN5 SLC7A5,Excitatory neuron,11.76470588235294,Pyramidal cells,9.411764705882355,Neuron,8.968609865470851
1231,Endo CLDN5 SLC7A5,Endo CLDN5 SLC7A5,Excitatory neuron,11.76470588235294,Pyramidal cells,9.411764705882355,Neuron,8.968609865470851
1232,Endo CLDN5 SLC7A5,Endo CLDN5 SLC7A5,Excitatory neuron,11.76470588235294,Pyramidal cells,9.411764705882355,Neuron,8.968609865470851
1233,L3-5 RORB GABRG1 KCNH7,L3-5 RORB GABRG1 KCNH7,Somatostatin interneuron,3.6363636363636362,Lake et al.science.in5,3.508771929824562,Lake et al.science.ex5,3.389830508474577
1234,PC P2RY14 GRM8,PC P2RY14 GRM8,Pericyte,8.695652173913043,Endothelial cell,7.692307692307692,Mural cell,7.017543859649124
1235,Endo CLDN5 SLC7A5,Endo CLDN5 SLC7A5,Excitatory neuron,11.76470588235294,Pyramidal cells,9.411764705882355,Neuron,8.968609865470851
1236,Astro AQP4 SLC1A2,Astro AQP4 SLC1A2,Astrocyte,6.94980694980695,Stem cell,5.47945205479452,Satellite glial cells,5.405405405405405
1237,L3-5 RORB MKX GRIN3A,L3-5 RORB MKX GRIN3A,Cajal-retzius cells,7.8125,Somatostatin interneuron,7.2727272727272725,Lake et al.science.in5,3.508771929824562
1238,Endo CLDN5 SLC7A5,Endo CLDN5 SLC7A5,Excitatory neuron,11.76470588235294,Pyramidal cells,9.411764705882355,Neuron,8.968609865470851
1239,Endo CLDN5 SLC7A5,Endo CLDN5 SLC7A5,Excitatory neuron,11.76470588235294,Pyramidal cells,9.411764705882355,Neuron,8.968609865470851
1240,Endo CLDN5 SLC7A5,Endo CLDN5 SLC7A5,Excitatory neuron,11.76470588235294,Pyramidal cells,9.411764705882355,Neuron,8.968609865470851
1241,Endo CLDN5 SLC7A5,Endo CLDN5 SLC7A5,Excitatory neuron,11.76470588235294,Pyramidal cells,9.411764705882355,Neuron,8.968609865470851
1242,L6 FEZF2 NPFFR2 KCNK2,L6 FEZF2 NPFFR2 KCNK2,Lake et al.science.ex6,16.666666666666664,Somatostatin interneuron,3.6363636363636362,Lake et al.science.in3,3.1746031746031753
1243,Endo CLDN5 SLC7A5,Endo CLDN5 SLC7A5,Excitatory neuron,11.76470588235294,Pyramidal cells,9.411764705882355,Neuron,8.968609865470851
1244,Endo CLDN5 SLC7A5,Endo CLDN5 SLC7A5,Excitatory neuron,11.76470588235294,Pyramidal cells,9.411764705882355,Neuron,8.968609865470851
1245,Endo CLDN5 SLC7A5,Endo CLDN5 SLC7A5,Excitatory neuron,11.76470588235294,Pyramidal cells,9.411764705882355,Neuron,8.968609865470851
1246,Oligo MOG OPALIN,Oligo MOG OPALIN,Oligodendrocytes,11.594202898550725,Oligodendrocyte,9.44206008583691,Mature oligodendrocyte,7.2727272727272725
1247,Endo CLDN5 SLC7A5,Endo CLDN5 SLC7A5,Excitatory neuron,11.76470588235294,Pyramidal cells,9.411764705882355,Neuron,8.968609865470851
1248,Endo CLDN5 SLC7A5,Endo CLDN5 SLC7A5,Excitatory neuron,11.76470588235294,Pyramidal cells,9.411764705882355,Neuron,8.968609865470851
1249,Endo CLDN5 SLC7A5,Endo CLDN5 SLC7A5,Excitatory neuron,11.76470588235294,Pyramidal cells,9.411764705882355,Neuron,8.968609865470851
1250,Endo CLDN5 SLC7A5,Endo CLDN5 SLC7A5,Excitatory neuron,11.76470588235294,Pyramidal cells,9.411764705882355,Neuron,8.968609865470851
1251,L3-5 RORB GABRG1 KCNH7,L3-5 RORB GABRG1 KCNH7,Somatostatin interneuron,3.6363636363636362,Lake et al.science.in5,3.508771929824562,Lake et al.science.ex5,3.389830508474577
1252,Endo CLDN5 SLC7A5,Endo CLDN5 SLC7A5,Excitatory neuron,11.76470588235294,Pyramidal cells,9.411764705882355,Neuron,8.968609865470851
1253,Endo CLDN5 SLC7A5,Endo CLDN5 SLC7A5,Excitatory neuron,11.76470588235294,Pyramidal cells,9.411764705882355,Neuron,8.968609865470851
1254,Endo CLDN5 SLC7A5,Endo CLDN5 SLC7A5,Excitatory neuron,11.76470588235294,Pyramidal cells,9.411764705882355,Neuron,8.968609865470851
1255,Endo CLDN5 SLC7A5,Endo CLDN5 SLC7A5,Excitatory neuron,11.76470588235294,Pyramidal cells,9.411764705882355,Neuron,8.968609865470851
1256,InN SST FREM1,InN SST FREM1,Purkinje neurons,9.174311926605505,Oligodendrocyte precursor cell,6.349206349206351,Neuron,5.381165919282512
1257,Endo CLDN5 SLC7A5,Endo CLDN5 SLC7A5,Excitatory neuron,11.76470588235294,Pyramidal cells,9.411764705882355,Neuron,8.968609865470851
1258,Astro AQP4 SLC1A2,Astro AQP4 SLC1A2,Astrocyte,6.94980694980695,Stem cell,5.47945205479452,Satellite glial cells,5.405405405405405
1259,Micro P2RY12 APBB1IP,Micro P2RY12 APBB1IP,Microglia,9.917355371900827,Microglial-specific cell,7.6923076923076925,Homeostatic microglial cell,7.142857142857142
1260,PC P2RY14 GRM8,PC P2RY14 GRM8,Pericyte,8.695652173913043,Endothelial cell,7.692307692307692,Mural cell,7.017543859649124
1261,Endo CLDN5 SLC7A5,Endo CLDN5 SLC7A5,Excitatory neuron,11.76470588235294,Pyramidal cells,9.411764705882355,Neuron,8.968609865470851
1262,Endo CLDN5 SLC7A5,Endo CLDN5 SLC7A5,Excitatory neuron,11.76470588235294,Pyramidal cells,9.411764705882355,Neuron,8.968609865470851
1263,Endo CLDN5 SLC7A5,Endo CLDN5 SLC7A5,Excitatory neuron,11.76470588235294,Pyramidal cells,9.411764705882355,Neuron,8.968609865470851
1264,Oligo MOG OPALIN,Oligo MOG OPALIN,Oligodendrocytes,11.594202898550725,Oligodendrocyte,9.44206008583691,Mature oligodendrocyte,7.2727272727272725
1265,Endo CLDN5 SLC7A5,Endo CLDN5 SLC7A5,Excitatory neuron,11.76470588235294,Pyramidal cells,9.411764705882355,Neuron,8.968609865470851
1266,Endo CLDN5 SLC7A5,Endo CLDN5 SLC7A5,Excitatory neuron,11.76470588235294,Pyramidal cells,9.411764705882355,Neuron,8.968609865470851
1267,Endo CLDN5 SLC7A5,Endo CLDN5 SLC7A5,Excitatory neuron,11.76470588235294,Pyramidal cells,9.411764705882355,Neuron,8.968609865470851
1268,Endo CLDN5 SLC7A5,Endo CLDN5 SLC7A5,Excitatory neuron,11.76470588235294,Pyramidal cells,9.411764705882355,Neuron,8.968609865470851
1269,Oligo MOG OPALIN,Oligo MOG OPALIN,Oligodendrocytes,11.594202898550725,Oligodendrocyte,9.44206008583691,Mature oligodendrocyte,7.2727272727272725
1270,Oligo MOG OPALIN,Oligo MOG OPALIN,Oligodendrocytes,11.594202898550725,Oligodendrocyte,9.44206008583691,Mature oligodendrocyte,7.2727272727272725
1271,Endo CLDN5 SLC7A5,Endo CLDN5 SLC7A5,Excitatory neuron,11.76470588235294,Pyramidal cells,9.411764705882355,Neuron,8.968609865470851
1272,InN SST FREM1,InN SST FREM1,Purkinje neurons,9.174311926605505,Oligodendrocyte precursor cell,6.349206349206351,Neuron,5.381165919282512
1273,Oligo MOG OPALIN,Oligo MOG OPALIN,Oligodendrocytes,11.594202898550725,Oligodendrocyte,9.44206008583691,Mature oligodendrocyte,7.2727272727272725
1274,Endo CLDN5 SLC7A5,Endo CLDN5 SLC7A5,Excitatory neuron,11.76470588235294,Pyramidal cells,9.411764705882355,Neuron,8.968609865470851
1275,Endo CLDN5 SLC7A5,Endo CLDN5 SLC7A5,Excitatory neuron,11.76470588235294,Pyramidal cells,9.411764705882355,Neuron,8.968609865470851
1276,Endo CLDN5 SLC7A5,Endo CLDN5 SLC7A5,Excitatory neuron,11.76470588235294,Pyramidal cells,9.411764705882355,Neuron,8.968609865470851
1277,Endo CLDN5 SLC7A5,Endo CLDN5 SLC7A5,Excitatory neuron,11.76470588235294,Pyramidal cells,9.411764705882355,Neuron,8.968609865470851
1278,Endo CLDN5 SLC7A5,Endo CLDN5 SLC7A5,Excitatory neuron,11.76470588235294,Pyramidal cells,9.411764705882355,Neuron,8.968609865470851
1279,Endo CLDN5 SLC7A5,Endo CLDN5 SLC7A5,Excitatory neuron,11.76470588235294,Pyramidal cells,9.411764705882355,Neuron,8.968609865470851
1280,InN VIP HS3ST3B1,InN VIP HS3ST3B1,Purkinje neurons,7.339449541284404,Neuroblasts,6.0,Lake et al.science.ex8,5.5045871559633035
1281,Endo CLDN5 SLC7A5,Endo CLDN5 SLC7A5,Excitatory neuron,11.76470588235294,Pyramidal cells,9.411764705882355,Neuron,8.968609865470851
1282,InN VIP HS3ST3B1,InN VIP HS3ST3B1,Purkinje neurons,7.339449541284404,Neuroblasts,6.0,Lake et al.science.ex8,5.5045871559633035
1283,InN LAMP5 BMP7,InN LAMP5 BMP7,Lake et al.science.in4,7.142857142857142,Bergmann glia,6.593406593406592,Gabaergic neurons,6.153846153846153
1284,InN SST FREM1,InN SST FREM1,Purkinje neurons,9.174311926605505,Oligodendrocyte precursor cell,6.349206349206351,Neuron,5.381165919282512
1285,Astro AQP4 SLC1A2,Astro AQP4 SLC1A2,Astrocyte,6.94980694980695,Stem cell,5.47945205479452,Satellite glial cells,5.405405405405405
1286,L5-6 FEZF2 NXPH2 GRIK1,L5-6 FEZF2 NXPH2 GRIK1,Lake et al.science.ex6,16.666666666666664,Epithelial cell,3.7735849056603774,Glutamatergic neuron,3.7037037037037033
1287,PC P2RY14 GRM8,PC P2RY14 GRM8,Pericyte,8.695652173913043,Endothelial cell,7.692307692307692,Mural cell,7.017543859649124
1288,Endo CLDN5 SLC7A5,Endo CLDN5 SLC7A5,Excitatory neuron,11.76470588235294,Pyramidal cells,9.411764705882355,Neuron,8.968609865470851
1289,Endo CLDN5 SLC7A5,Endo CLDN5 SLC7A5,Excitatory neuron,11.76470588235294,Pyramidal cells,9.411764705882355,Neuron,8.968609865470851
1290,Endo CLDN5 SLC7A5,Endo CLDN5 SLC7A5,Excitatory neuron,11.76470588235294,Pyramidal cells,9.411764705882355,Neuron,8.968609865470851
1291,Oligo MOG OPALIN,Oligo MOG OPALIN,Oligodendrocytes,11.594202898550725,Oligodendrocyte,9.44206008583691,Mature oligodendrocyte,7.2727272727272725
1292,Oligo MOG OPALIN,Oligo MOG OPALIN,Oligodendrocytes,11.594202898550725,Oligodendrocyte,9.44206008583691,Mature oligodendrocyte,7.2727272727272725
1293,Oligo MOG OPALIN,Oligo MOG OPALIN,Oligodendrocytes,11.594202898550725,Oligodendrocyte,9.44206008583691,Mature oligodendrocyte,7.2727272727272725
1294,InN SST FREM1,InN SST FREM1,Purkinje neurons,9.174311926605505,Oligodendrocyte precursor cell,6.349206349206351,Neuron,5.381165919282512
1295,Endo CLDN5 SLC7A5,Endo CLDN5 SLC7A5,Excitatory neuron,11.76470588235294,Pyramidal cells,9.411764705882355,Neuron,8.968609865470851
1296,Endo CLDN5 SLC7A5,Endo CLDN5 SLC7A5,Excitatory neuron,11.76470588235294,Pyramidal cells,9.411764705882355,Neuron,8.968609865470851
1297,Endo CLDN5 SLC7A5,Endo CLDN5 SLC7A5,Excitatory neuron,11.76470588235294,Pyramidal cells,9.411764705882355,Neuron,8.968609865470851
1298,L3-5 RORB MKX GRIN3A,L3-5 RORB MKX GRIN3A,Cajal-retzius cells,7.8125,Somatostatin interneuron,7.2727272727272725,Lake et al.science.in5,3.508771929824562
1299,InN VIP HS3ST3B1,InN VIP HS3ST3B1,Purkinje neurons,7.339449541284404,Neuroblasts,6.0,Lake et al.science.ex8,5.5045871559633035
1300,PC P2RY14 GRM8,PC P2RY14 GRM8,Pericyte,8.695652173913043,Endothelial cell,7.692307692307692,Mural cell,7.017543859649124
1301,InN SST FREM1,InN SST FREM1,Purkinje neurons,9.174311926605505,Oligodendrocyte precursor cell,6.349206349206351,Neuron,5.381165919282512
1302,Micro P2RY12 APBB1IP,Micro P2RY12 APBB1IP,Microglia,9.917355371900827,Microglial-specific cell,7.6923076923076925,Homeostatic microglial cell,7.142857142857142
1303,Endo CLDN5 SLC7A5,Endo CLDN5 SLC7A5,Excitatory neuron,11.76470588235294,Pyramidal cells,9.411764705882355,Neuron,8.968609865470851
1304,Micro P2RY12 APBB1IP,Micro P2RY12 APBB1IP,Microglia,9.917355371900827,Microglial-specific cell,7.6923076923076925,Homeostatic microglial cell,7.142857142857142
1305,L3-5 RORB MKX GRIN3A,L3-5 RORB MKX GRIN3A,Cajal-retzius cells,7.8125,Somatostatin interneuron,7.2727272727272725,Lake et al.science.in5,3.508771929824562
1306,Endo CLDN5 SLC7A5,Endo CLDN5 SLC7A5,Excitatory neuron,11.76470588235294,Pyramidal cells,9.411764705882355,Neuron,8.968609865470851
1307,Endo CLDN5 SLC7A5,Endo CLDN5 SLC7A5,Excitatory neuron,11.76470588235294,Pyramidal cells,9.411764705882355,Neuron,8.968609865470851
1308,Endo CLDN5 SLC7A5,Endo CLDN5 SLC7A5,Excitatory neuron,11.76470588235294,Pyramidal cells,9.411764705882355,Neuron,8.968609865470851
1309,Endo CLDN5 SLC7A5,Endo CLDN5 SLC7A5,Excitatory neuron,11.76470588235294,Pyramidal cells,9.411764705882355,Neuron,8.968609865470851
1310,Endo CLDN5 SLC7A5,Endo CLDN5 SLC7A5,Excitatory neuron,11.76470588235294,Pyramidal cells,9.411764705882355,Neuron,8.968609865470851
1311,Endo CLDN5 SLC7A5,Endo CLDN5 SLC7A5,Excitatory neuron,11.76470588235294,Pyramidal cells,9.411764705882355,Neuron,8.968609865470851
1312,Endo CLDN5 SLC7A5,Endo CLDN5 SLC7A5,Excitatory neuron,11.76470588235294,Pyramidal cells,9.411764705882355,Neuron,8.968609865470851
1313,L3-5 RORB GABRG1 KCNH7,L3-5 RORB GABRG1 KCNH7,Somatostatin interneuron,3.6363636363636362,Lake et al.science.in5,3.508771929824562,Lake et al.science.ex5,3.389830508474577
1314,Endo CLDN5 SLC7A5,Endo CLDN5 SLC7A5,Excitatory neuron,11.76470588235294,Pyramidal cells,9.411764705882355,Neuron,8.968609865470851
1315,Endo CLDN5 SLC7A5,Endo CLDN5 SLC7A5,Excitatory neuron,11.76470588235294,Pyramidal cells,9.411764705882355,Neuron,8.968609865470851
1316,PC P2RY14 GRM8,PC P2RY14 GRM8,Pericyte,8.695652173913043,Endothelial cell,7.692307692307692,Mural cell,7.017543859649124
1317,Endo CLDN5 SLC7A5,Endo CLDN5 SLC7A5,Excitatory neuron,11.76470588235294,Pyramidal cells,9.411764705882355,Neuron,8.968609865470851
1318,InN SST FREM1,InN SST FREM1,Purkinje neurons,9.174311926605505,Oligodendrocyte precursor cell,6.349206349206351,Neuron,5.381165919282512
1319,L3-5 RORB MKX GRIN3A,L3-5 RORB MKX GRIN3A,Cajal-retzius cells,7.8125,Somatostatin interneuron,7.2727272727272725,Lake et al.science.in5,3.508771929824562
1320,Endo CLDN5 SLC7A5,Endo CLDN5 SLC7A5,Excitatory neuron,11.76470588235294,Pyramidal cells,9.411764705882355,Neuron,8.968609865470851
1321,Astro AQP4 SLC1A2,Astro AQP4 SLC1A2,Astrocyte,6.94980694980695,Stem cell,5.47945205479452,Satellite glial cells,5.405405405405405
1322,Endo CLDN5 SLC7A5,Endo CLDN5 SLC7A5,Excitatory neuron,11.76470588235294,Pyramidal cells,9.411764705882355,Neuron,8.968609865470851
1323,Endo CLDN5 SLC7A5,Endo CLDN5 SLC7A5,Excitatory neuron,11.76470588235294,Pyramidal cells,9.411764705882355,Neuron,8.968609865470851
1324,InN VIP HS3ST3B1,InN VIP HS3ST3B1,Purkinje neurons,7.339449541284404,Neuroblasts,6.0,Lake et al.science.ex8,5.5045871559633035
1325,Endo CLDN5 SLC7A5,Endo CLDN5 SLC7A5,Excitatory neuron,11.76470588235294,Pyramidal cells,9.411764705882355,Neuron,8.968609865470851
1326,Endo CLDN5 SLC7A5,Endo CLDN5 SLC7A5,Excitatory neuron,11.76470588235294,Pyramidal cells,9.411764705882355,Neuron,8.968609865470851
1327,Endo CLDN5 SLC7A5,Endo CLDN5 SLC7A5,Excitatory neuron,11.76470588235294,Pyramidal cells,9.411764705882355,Neuron,8.968609865470851
1328,L5-6 FEZF2 NXPH2 GRIK1,L5-6 FEZF2 NXPH2 GRIK1,Lake et al.science.ex6,16.666666666666664,Epithelial cell,3.7735849056603774,Glutamatergic neuron,3.7037037037037033
1329,Endo CLDN5 SLC7A5,Endo CLDN5 SLC7A5,Excitatory neuron,11.76470588235294,Pyramidal cells,9.411764705882355,Neuron,8.968609865470851
1330,Endo CLDN5 SLC7A5,Endo CLDN5 SLC7A5,Excitatory neuron,11.76470588235294,Pyramidal cells,9.411764705882355,Neuron,8.968609865470851
1331,Micro P2RY12 APBB1IP,Micro P2RY12 APBB1IP,Microglia,9.917355371900827,Microglial-specific cell,7.6923076923076925,Homeostatic microglial cell,7.142857142857142
1332,OPC PDGFRA PCDH15,OPC PDGFRA PCDH15,Oligodendrocyte precursor cell,22.22222222222222,Oligodendrocyte progenitor cells,15.384615384615383,Oligodendrocyte progenitor cell,13.114754098360654
1333,L3-5 RORB MKX GRIN3A,L3-5 RORB MKX GRIN3A,Cajal-retzius cells,7.8125,Somatostatin interneuron,7.2727272727272725,Lake et al.science.in5,3.508771929824562
1334,Astro AQP4 SLC1A2,Astro AQP4 SLC1A2,Astrocyte,6.94980694980695,Stem cell,5.47945205479452,Satellite glial cells,5.405405405405405
1335,Endo CLDN5 SLC7A5,Endo CLDN5 SLC7A5,Excitatory neuron,11.76470588235294,Pyramidal cells,9.411764705882355,Neuron,8.968609865470851
1336,Endo CLDN5 SLC7A5,Endo CLDN5 SLC7A5,Excitatory neuron,11.76470588235294,Pyramidal cells,9.411764705882355,Neuron,8.968609865470851
1337,Oligo MOG OPALIN,Oligo MOG OPALIN,Oligodendrocytes,11.594202898550725,Oligodendrocyte,9.44206008583691,Mature oligodendrocyte,7.2727272727272725
1338,Endo CLDN5 SLC7A5,Endo CLDN5 SLC7A5,Excitatory neuron,11.76470588235294,Pyramidal cells,9.411764705882355,Neuron,8.968609865470851
1339,Endo CLDN5 SLC7A5,Endo CLDN5 SLC7A5,Excitatory neuron,11.76470588235294,Pyramidal cells,9.411764705882355,Neuron,8.968609865470851
1340,InN PVALB HPSE,InN PVALB HPSE,Parvalbumin interneuron,7.4074074074074066,Lake et al.science.ex6,7.1428571428571415,Purkinje neurons,5.5045871559633035
1341,Endo CLDN5 SLC7A5,Endo CLDN5 SLC7A5,Excitatory neuron,11.76470588235294,Pyramidal cells,9.411764705882355,Neuron,8.968609865470851
1342,L6 OPRK1 THEMIS RGS6,L6 OPRK1 THEMIS RGS6,Retinal ganglion cells,5.042016806722689,Neuron,4.484304932735426,Lake et al.science.ex8,3.669724770642202
1343,PC P2RY14 GRM8,PC P2RY14 GRM8,Pericyte,8.695652173913043,Endothelial cell,7.692307692307692,Mural cell,7.017543859649124
1344,OPC PDGFRA PCDH15,OPC PDGFRA PCDH15,Oligodendrocyte precursor cell,22.22222222222222,Oligodendrocyte progenitor cells,15.384615384615383,Oligodendrocyte progenitor cell,13.114754098360654
1345,Oligo MOG OPALIN,Oligo MOG OPALIN,Oligodendrocytes,11.594202898550725,Oligodendrocyte,9.44206008583691,Mature oligodendrocyte,7.2727272727272725
1346,L2-3 CUX2 ACVR1C THSD7A,L2-3 CUX2 ACVR1C THSD7A,Somatostatin interneuron,3.6363636363636362,Neurons,3.1620553359683794,Cajal-retzius cells,3.125
1347,L5-6 FEZF2 NXPH2 GRIK1,L5-6 FEZF2 NXPH2 GRIK1,Lake et al.science.ex6,16.666666666666664,Epithelial cell,3.7735849056603774,Glutamatergic neuron,3.7037037037037033
1348,Endo CLDN5 SLC7A5,Endo CLDN5 SLC7A5,Excitatory neuron,11.76470588235294,Pyramidal cells,9.411764705882355,Neuron,8.968609865470851
1349,Endo CLDN5 SLC7A5,Endo CLDN5 SLC7A5,Excitatory neuron,11.76470588235294,Pyramidal cells,9.411764705882355,Neuron,8.968609865470851
1350,L2-3 CUX2 ACVR1C THSD7A,L2-3 CUX2 ACVR1C THSD7A,Somatostatin interneuron,3.6363636363636362,Neurons,3.1620553359683794,Cajal-retzius cells,3.125
1351,InN PVALB HPSE,InN PVALB HPSE,Parvalbumin interneuron,7.4074074074074066,Lake et al.science.ex6,7.1428571428571415,Purkinje neurons,5.5045871559633035
1352,Endo CLDN5 SLC7A5,Endo CLDN5 SLC7A5,Excitatory neuron,11.76470588235294,Pyramidal cells,9.411764705882355,Neuron,8.968609865470851
1353,Endo CLDN5 SLC7A5,Endo CLDN5 SLC7A5,Excitatory neuron,11.76470588235294,Pyramidal cells,9.411764705882355,Neuron,8.968609865470851
1354,Endo CLDN5 SLC7A5,Endo CLDN5 SLC7A5,Excitatory neuron,11.76470588235294,Pyramidal cells,9.411764705882355,Neuron,8.968609865470851
1355,Endo CLDN5 SLC7A5,Endo CLDN5 SLC7A5,Excitatory neuron,11.76470588235294,Pyramidal cells,9.411764705882355,Neuron,8.968609865470851
1356,Endo CLDN5 SLC7A5,Endo CLDN5 SLC7A5,Excitatory neuron,11.76470588235294,Pyramidal cells,9.411764705882355,Neuron,8.968609865470851
1357,Endo CLDN5 SLC7A5,Endo CLDN5 SLC7A5,Excitatory neuron,11.76470588235294,Pyramidal cells,9.411764705882355,Neuron,8.968609865470851
1358,Endo CLDN5 SLC7A5,Endo CLDN5 SLC7A5,Excitatory neuron,11.76470588235294,Pyramidal cells,9.411764705882355,Neuron,8.968609865470851
1359,Endo CLDN5 SLC7A5,Endo CLDN5 SLC7A5,Excitatory neuron,11.76470588235294,Pyramidal cells,9.411764705882355,Neuron,8.968609865470851
1360,Astro AQP4 SLC1A2,Astro AQP4 SLC1A2,Astrocyte,6.94980694980695,Stem cell,5.47945205479452,Satellite glial cells,5.405405405405405
1361,Endo CLDN5 SLC7A5,Endo CLDN5 SLC7A5,Excitatory neuron,11.76470588235294,Pyramidal cells,9.411764705882355,Neuron,8.968609865470851
1362,Endo CLDN5 SLC7A5,Endo CLDN5 SLC7A5,Excitatory neuron,11.76470588235294,Pyramidal cells,9.411764705882355,Neuron,8.968609865470851
1363,Endo CLDN5 SLC7A5,Endo CLDN5 SLC7A5,Excitatory neuron,11.76470588235294,Pyramidal cells,9.411764705882355,Neuron,8.968609865470851
1364,Micro P2RY12 APBB1IP,Micro P2RY12 APBB1IP,Microglia,9.917355371900827,Microglial-specific cell,7.6923076923076925,Homeostatic microglial cell,7.142857142857142
1365,Endo CLDN5 SLC7A5,Endo CLDN5 SLC7A5,Excitatory neuron,11.76470588235294,Pyramidal cells,9.411764705882355,Neuron,8.968609865470851
1366,Endo CLDN5 SLC7A5,Endo CLDN5 SLC7A5,Excitatory neuron,11.76470588235294,Pyramidal cells,9.411764705882355,Neuron,8.968609865470851
1367,Endo CLDN5 SLC7A5,Endo CLDN5 SLC7A5,Excitatory neuron,11.76470588235294,Pyramidal cells,9.411764705882355,Neuron,8.968609865470851
1368,Endo CLDN5 SLC7A5,Endo CLDN5 SLC7A5,Excitatory neuron,11.76470588235294,Pyramidal cells,9.411764705882355,Neuron,8.968609865470851
1369,Astro AQP4 SLC1A2,Astro AQP4 SLC1A2,Astrocyte,6.94980694980695,Stem cell,5.47945205479452,Satellite glial cells,5.405405405405405
1370,Endo CLDN5 SLC7A5,Endo CLDN5 SLC7A5,Excitatory neuron,11.76470588235294,Pyramidal cells,9.411764705882355,Neuron,8.968609865470851
1371,Endo CLDN5 SLC7A5,Endo CLDN5 SLC7A5,Excitatory neuron,11.76470588235294,Pyramidal cells,9.411764705882355,Neuron,8.968609865470851
1372,Endo CLDN5 SLC7A5,Endo CLDN5 SLC7A5,Excitatory neuron,11.76470588235294,Pyramidal cells,9.411764705882355,Neuron,8.968609865470851
1373,Endo CLDN5 SLC7A5,Endo CLDN5 SLC7A5,Excitatory neuron,11.76470588235294,Pyramidal cells,9.411764705882355,Neuron,8.968609865470851
1374,L3-5 RORB MKX GRIN3A,L3-5 RORB MKX GRIN3A,Cajal-retzius cells,7.8125,Somatostatin interneuron,7.2727272727272725,Lake et al.science.in5,3.508771929824562
1375,L2-3 CUX2 ACVR1C THSD7A,L2-3 CUX2 ACVR1C THSD7A,Somatostatin interneuron,3.6363636363636362,Neurons,3.1620553359683794,Cajal-retzius cells,3.125
1376,Endo CLDN5 SLC7A5,Endo CLDN5 SLC7A5,Excitatory neuron,11.76470588235294,Pyramidal cells,9.411764705882355,Neuron,8.968609865470851
1377,Astro AQP4 SLC1A2,Astro AQP4 SLC1A2,Astrocyte,6.94980694980695,Stem cell,5.47945205479452,Satellite glial cells,5.405405405405405
1378,Endo CLDN5 SLC7A5,Endo CLDN5 SLC7A5,Excitatory neuron,11.76470588235294,Pyramidal cells,9.411764705882355,Neuron,8.968609865470851
1379,Oligo MOG OPALIN,Oligo MOG OPALIN,Oligodendrocytes,11.594202898550725,Oligodendrocyte,9.44206008583691,Mature oligodendrocyte,7.2727272727272725
1380,Endo CLDN5 SLC7A5,Endo CLDN5 SLC7A5,Excitatory neuron,11.76470588235294,Pyramidal cells,9.411764705882355,Neuron,8.968609865470851
1381,Astro AQP4 SLC1A2,Astro AQP4 SLC1A2,Astrocyte,6.94980694980695,Stem cell,5.47945205479452,Satellite glial cells,5.405405405405405
1382,Endo CLDN5 SLC7A5,Endo CLDN5 SLC7A5,Excitatory neuron,11.76470588235294,Pyramidal cells,9.411764705882355,Neuron,8.968609865470851
1383,Endo CLDN5 SLC7A5,Endo CLDN5 SLC7A5,Excitatory neuron,11.76470588235294,Pyramidal cells,9.411764705882355,Neuron,8.968609865470851
1384,Endo CLDN5 SLC7A5,Endo CLDN5 SLC7A5,Excitatory neuron,11.76470588235294,Pyramidal cells,9.411764705882355,Neuron,8.968609865470851
1385,Endo CLDN5 SLC7A5,Endo CLDN5 SLC7A5,Excitatory neuron,11.76470588235294,Pyramidal cells,9.411764705882355,Neuron,8.968609865470851
1386,Endo CLDN5 SLC7A5,Endo CLDN5 SLC7A5,Excitatory neuron,11.76470588235294,Pyramidal cells,9.411764705882355,Neuron,8.968609865470851
1387,Endo CLDN5 SLC7A5,Endo CLDN5 SLC7A5,Excitatory neuron,11.76470588235294,Pyramidal cells,9.411764705882355,Neuron,8.968609865470851
1388,Endo CLDN5 SLC7A5,Endo CLDN5 SLC7A5,Excitatory neuron,11.76470588235294,Pyramidal cells,9.411764705882355,Neuron,8.968609865470851
1389,Endo CLDN5 SLC7A5,Endo CLDN5 SLC7A5,Excitatory neuron,11.76470588235294,Pyramidal cells,9.411764705882355,Neuron,8.968609865470851
1390,Endo CLDN5 SLC7A5,Endo CLDN5 SLC7A5,Excitatory neuron,11.76470588235294,Pyramidal cells,9.411764705882355,Neuron,8.968609865470851
1391,Oligo MOG OPALIN,Oligo MOG OPALIN,Oligodendrocytes,11.594202898550725,Oligodendrocyte,9.44206008583691,Mature oligodendrocyte,7.2727272727272725
1392,L2-3 CUX2 ACVR1C THSD7A,L2-3 CUX2 ACVR1C THSD7A,Somatostatin interneuron,3.6363636363636362,Neurons,3.1620553359683794,Cajal-retzius cells,3.125
1393,Endo CLDN5 SLC7A5,Endo CLDN5 SLC7A5,Excitatory neuron,11.76470588235294,Pyramidal cells,9.411764705882355,Neuron,8.968609865470851
1394,Endo CLDN5 SLC7A5,Endo CLDN5 SLC7A5,Excitatory neuron,11.76470588235294,Pyramidal cells,9.411764705882355,Neuron,8.968609865470851
1395,Endo CLDN5 SLC7A5,Endo CLDN5 SLC7A5,Excitatory neuron,11.76470588235294,Pyramidal cells,9.411764705882355,Neuron,8.968609865470851
1396,L3-5 RORB GABRG1 KCNH7,L3-5 RORB GABRG1 KCNH7,Somatostatin interneuron,3.6363636363636362,Lake et al.science.in5,3.508771929824562,Lake et al.science.ex5,3.389830508474577
1397,Endo CLDN5 SLC7A5,Endo CLDN5 SLC7A5,Excitatory neuron,11.76470588235294,Pyramidal cells,9.411764705882355,Neuron,8.968609865470851
1398,L3-5 RORB GABRG1 KCNH7,L3-5 RORB GABRG1 KCNH7,Somatostatin interneuron,3.6363636363636362,Lake et al.science.in5,3.508771929824562,Lake et al.science.ex5,3.389830508474577
1399,Micro P2RY12 APBB1IP,Micro P2RY12 APBB1IP,Microglia,9.917355371900827,Microglial-specific cell,7.6923076923076925,Homeostatic microglial cell,7.142857142857142
1400,Micro P2RY12 APBB1IP,Micro P2RY12 APBB1IP,Microglia,9.917355371900827,Microglial-specific cell,7.6923076923076925,Homeostatic microglial cell,7.142857142857142
1401,L6 OPRK1 THEMIS RGS6,L6 OPRK1 THEMIS RGS6,Retinal ganglion cells,5.042016806722689,Neuron,4.484304932735426,Lake et al.science.ex8,3.669724770642202
1402,Endo CLDN5 SLC7A5,Endo CLDN5 SLC7A5,Excitatory neuron,11.76470588235294,Pyramidal cells,9.411764705882355,Neuron,8.968609865470851
1403,Micro P2RY12 APBB1IP,Micro P2RY12 APBB1IP,Microglia,9.917355371900827,Microglial-specific cell,7.6923076923076925,Homeostatic microglial cell,7.142857142857142
1404,Micro P2RY12 APBB1IP,Micro P2RY12 APBB1IP,Microglia,9.917355371900827,Microglial-specific cell,7.6923076923076925,Homeostatic microglial cell,7.142857142857142
1405,Endo CLDN5 SLC7A5,Endo CLDN5 SLC7A5,Excitatory neuron,11.76470588235294,Pyramidal cells,9.411764705882355,Neuron,8.968609865470851
1406,Endo CLDN5 SLC7A5,Endo CLDN5 SLC7A5,Excitatory neuron,11.76470588235294,Pyramidal cells,9.411764705882355,Neuron,8.968609865470851
1407,Endo CLDN5 SLC7A5,Endo CLDN5 SLC7A5,Excitatory neuron,11.76470588235294,Pyramidal cells,9.411764705882355,Neuron,8.968609865470851
1408,Endo CLDN5 SLC7A5,Endo CLDN5 SLC7A5,Excitatory neuron,11.76470588235294,Pyramidal cells,9.411764705882355,Neuron,8.968609865470851
1409,Endo CLDN5 SLC7A5,Endo CLDN5 SLC7A5,Excitatory neuron,11.76470588235294,Pyramidal cells,9.411764705882355,Neuron,8.968609865470851
1410,Endo CLDN5 SLC7A5,Endo CLDN5 SLC7A5,Excitatory neuron,11.76470588235294,Pyramidal cells,9.411764705882355,Neuron,8.968609865470851
1411,Endo CLDN5 SLC7A5,Endo CLDN5 SLC7A5,Excitatory neuron,11.76470588235294,Pyramidal cells,9.411764705882355,Neuron,8.968609865470851
1412,Oligo MOG OPALIN,Oligo MOG OPALIN,Oligodendrocytes,11.594202898550725,Oligodendrocyte,9.44206008583691,Mature oligodendrocyte,7.2727272727272725
1413,Micro P2RY12 APBB1IP,Micro P2RY12 APBB1IP,Microglia,9.917355371900827,Microglial-specific cell,7.6923076923076925,Homeostatic microglial cell,7.142857142857142
1414,Endo CLDN5 SLC7A5,Endo CLDN5 SLC7A5,Excitatory neuron,11.76470588235294,Pyramidal cells,9.411764705882355,Neuron,8.968609865470851
1415,Endo CLDN5 SLC7A5,Endo CLDN5 SLC7A5,Excitatory neuron,11.76470588235294,Pyramidal cells,9.411764705882355,Neuron,8.968609865470851
1416,Endo CLDN5 SLC7A5,Endo CLDN5 SLC7A5,Excitatory neuron,11.76470588235294,Pyramidal cells,9.411764705882355,Neuron,8.968609865470851
1417,OPC PDGFRA PCDH15,OPC PDGFRA PCDH15,Oligodendrocyte precursor cell,22.22222222222222,Oligodendrocyte progenitor cells,15.384615384615383,Oligodendrocyte progenitor cell,13.114754098360654
1418,Astro AQP4 SLC1A2,Astro AQP4 SLC1A2,Astrocyte,6.94980694980695,Stem cell,5.47945205479452,Satellite glial cells,5.405405405405405
1419,L6 OPRK1 THEMIS RGS6,L6 OPRK1 THEMIS RGS6,Retinal ganglion cells,5.042016806722689,Neuron,4.484304932735426,Lake et al.science.ex8,3.669724770642202
1420,Endo CLDN5 SLC7A5,Endo CLDN5 SLC7A5,Excitatory neuron,11.76470588235294,Pyramidal cells,9.411764705882355,Neuron,8.968609865470851
1421,Endo CLDN5 SLC7A5,Endo CLDN5 SLC7A5,Excitatory neuron,11.76470588235294,Pyramidal cells,9.411764705882355,Neuron,8.968609865470851
1422,Endo CLDN5 SLC7A5,Endo CLDN5 SLC7A5,Excitatory neuron,11.76470588235294,Pyramidal cells,9.411764705882355,Neuron,8.968609865470851
1423,Endo CLDN5 SLC7A5,Endo CLDN5 SLC7A5,Excitatory neuron,11.76470588235294,Pyramidal cells,9.411764705882355,Neuron,8.968609865470851
1424,Endo CLDN5 SLC7A5,Endo CLDN5 SLC7A5,Excitatory neuron,11.76470588235294,Pyramidal cells,9.411764705882355,Neuron,8.968609865470851
1425,Endo CLDN5 SLC7A5,Endo CLDN5 SLC7A5,Excitatory neuron,11.76470588235294,Pyramidal cells,9.411764705882355,Neuron,8.968609865470851
1426,Endo CLDN5 SLC7A5,Endo CLDN5 SLC7A5,Excitatory neuron,11.76470588235294,Pyramidal cells,9.411764705882355,Neuron,8.968609865470851
1427,Micro P2RY12 APBB1IP,Micro P2RY12 APBB1IP,Microglia,9.917355371900827,Microglial-specific cell,7.6923076923076925,Homeostatic microglial cell,7.142857142857142
1428,OPC PDGFRA PCDH15,OPC PDGFRA PCDH15,Oligodendrocyte precursor cell,22.22222222222222,Oligodendrocyte progenitor cells,15.384615384615383,Oligodendrocyte progenitor cell,13.114754098360654
1429,Endo CLDN5 SLC7A5,Endo CLDN5 SLC7A5,Excitatory neuron,11.76470588235294,Pyramidal cells,9.411764705882355,Neuron,8.968609865470851
1430,Micro P2RY12 APBB1IP,Micro P2RY12 APBB1IP,Microglia,9.917355371900827,Microglial-specific cell,7.6923076923076925,Homeostatic microglial cell,7.142857142857142
1431,Endo CLDN5 SLC7A5,Endo CLDN5 SLC7A5,Excitatory neuron,11.76470588235294,Pyramidal cells,9.411764705882355,Neuron,8.968609865470851
1432,InN SST FREM1,InN SST FREM1,Purkinje neurons,9.174311926605505,Oligodendrocyte precursor cell,6.349206349206351,Neuron,5.381165919282512
1433,Oligo MOG OPALIN,Oligo MOG OPALIN,Oligodendrocytes,11.594202898550725,Oligodendrocyte,9.44206008583691,Mature oligodendrocyte,7.2727272727272725
1434,L3-5 RORB PCBP3 IL1RAPL2,L3-5 RORB PCBP3 IL1RAPL2,Retinal ganglion cells,3.361344537815126,Lake et al.science.ex4,3.1746031746031753,Neuroendocrine cells,2.5974025974025974
1435,Astro AQP4 SLC1A2,Astro AQP4 SLC1A2,Astrocyte,6.94980694980695,Stem cell,5.47945205479452,Satellite glial cells,5.405405405405405
1436,Endo CLDN5 SLC7A5,Endo CLDN5 SLC7A5,Excitatory neuron,11.76470588235294,Pyramidal cells,9.411764705882355,Neuron,8.968609865470851
1437,Endo CLDN5 SLC7A5,Endo CLDN5 SLC7A5,Excitatory neuron,11.76470588235294,Pyramidal cells,9.411764705882355,Neuron,8.968609865470851
1438,Endo CLDN5 SLC7A5,Endo CLDN5 SLC7A5,Excitatory neuron,11.76470588235294,Pyramidal cells,9.411764705882355,Neuron,8.968609865470851
1439,Oligo MOG OPALIN,Oligo MOG OPALIN,Oligodendrocytes,11.594202898550725,Oligodendrocyte,9.44206008583691,Mature oligodendrocyte,7.2727272727272725
1440,Astro AQP4 SLC1A2,Astro AQP4 SLC1A2,Astrocyte,6.94980694980695,Stem cell,5.47945205479452,Satellite glial cells,5.405405405405405
1441,InN LAMP5 BMP7,InN LAMP5 BMP7,Lake et al.science.in4,7.142857142857142,Bergmann glia,6.593406593406592,Gabaergic neurons,6.153846153846153
1442,L6 OPRK1 THEMIS RGS6,L6 OPRK1 THEMIS RGS6,Retinal ganglion cells,5.042016806722689,Neuron,4.484304932735426,Lake et al.science.ex8,3.669724770642202
1443,Endo CLDN5 SLC7A5,Endo CLDN5 SLC7A5,Excitatory neuron,11.76470588235294,Pyramidal cells,9.411764705882355,Neuron,8.968609865470851
1444,OPC PDGFRA PCDH15,OPC PDGFRA PCDH15,Oligodendrocyte precursor cell,22.22222222222222,Oligodendrocyte progenitor cells,15.384615384615383,Oligodendrocyte progenitor cell,13.114754098360654
1445,L3-5 RORB MKX GRIN3A,L3-5 RORB MKX GRIN3A,Cajal-retzius cells,7.8125,Somatostatin interneuron,7.2727272727272725,Lake et al.science.in5,3.508771929824562
1446,Endo CLDN5 SLC7A5,Endo CLDN5 SLC7A5,Excitatory neuron,11.76470588235294,Pyramidal cells,9.411764705882355,Neuron,8.968609865470851
1447,Endo CLDN5 SLC7A5,Endo CLDN5 SLC7A5,Excitatory neuron,11.76470588235294,Pyramidal cells,9.411764705882355,Neuron,8.968609865470851
1448,Endo CLDN5 SLC7A5,Endo CLDN5 SLC7A5,Excitatory neuron,11.76470588235294,Pyramidal cells,9.411764705882355,Neuron,8.968609865470851
1449,PC P2RY14 GRM8,PC P2RY14 GRM8,Pericyte,8.695652173913043,Endothelial cell,7.692307692307692,Mural cell,7.017543859649124
1450,Astro AQP4 SLC1A2,Astro AQP4 SLC1A2,Astrocyte,6.94980694980695,Stem cell,5.47945205479452,Satellite glial cells,5.405405405405405
1451,Endo CLDN5 SLC7A5,Endo CLDN5 SLC7A5,Excitatory neuron,11.76470588235294,Pyramidal cells,9.411764705882355,Neuron,8.968609865470851
1452,Endo CLDN5 SLC7A5,Endo CLDN5 SLC7A5,Excitatory neuron,11.76470588235294,Pyramidal cells,9.411764705882355,Neuron,8.968609865470851
1453,Endo CLDN5 SLC7A5,Endo CLDN5 SLC7A5,Excitatory neuron,11.76470588235294,Pyramidal cells,9.411764705882355,Neuron,8.968609865470851
1454,Endo CLDN5 SLC7A5,Endo CLDN5 SLC7A5,Excitatory neuron,11.76470588235294,Pyramidal cells,9.411764705882355,Neuron,8.968609865470851
1455,Endo CLDN5 SLC7A5,Endo CLDN5 SLC7A5,Excitatory neuron,11.76470588235294,Pyramidal cells,9.411764705882355,Neuron,8.968609865470851
1456,Endo CLDN5 SLC7A5,Endo CLDN5 SLC7A5,Excitatory neuron,11.76470588235294,Pyramidal cells,9.411764705882355,Neuron,8.968609865470851
1457,Endo CLDN5 SLC7A5,Endo CLDN5 SLC7A5,Excitatory neuron,11.76470588235294,Pyramidal cells,9.411764705882355,Neuron,8.968609865470851
1458,Endo CLDN5 SLC7A5,Endo CLDN5 SLC7A5,Excitatory neuron,11.76470588235294,Pyramidal cells,9.411764705882355,Neuron,8.968609865470851
1459,Endo CLDN5 SLC7A5,Endo CLDN5 SLC7A5,Excitatory neuron,11.76470588235294,Pyramidal cells,9.411764705882355,Neuron,8.968609865470851
1460,Endo CLDN5 SLC7A5,Endo CLDN5 SLC7A5,Excitatory neuron,11.76470588235294,Pyramidal cells,9.411764705882355,Neuron,8.968609865470851
1461,Endo CLDN5 SLC7A5,Endo CLDN5 SLC7A5,Excitatory neuron,11.76470588235294,Pyramidal cells,9.411764705882355,Neuron,8.968609865470851
1462,Endo CLDN5 SLC7A5,Endo CLDN5 SLC7A5,Excitatory neuron,11.76470588235294,Pyramidal cells,9.411764705882355,Neuron,8.968609865470851
1463,Endo CLDN5 SLC7A5,Endo CLDN5 SLC7A5,Excitatory neuron,11.76470588235294,Pyramidal cells,9.411764705882355,Neuron,8.968609865470851
1464,Endo CLDN5 SLC7A5,Endo CLDN5 SLC7A5,Excitatory neuron,11.76470588235294,Pyramidal cells,9.411764705882355,Neuron,8.968609865470851
1465,Oligo MOG OPALIN,Oligo MOG OPALIN,Oligodendrocytes,11.594202898550725,Oligodendrocyte,9.44206008583691,Mature oligodendrocyte,7.2727272727272725
1466,Endo CLDN5 SLC7A5,Endo CLDN5 SLC7A5,Excitatory neuron,11.76470588235294,Pyramidal cells,9.411764705882355,Neuron,8.968609865470851
1467,Micro P2RY12 APBB1IP,Micro P2RY12 APBB1IP,Microglia,9.917355371900827,Microglial-specific cell,7.6923076923076925,Homeostatic microglial cell,7.142857142857142
1468,Endo CLDN5 SLC7A5,Endo CLDN5 SLC7A5,Excitatory neuron,11.76470588235294,Pyramidal cells,9.411764705882355,Neuron,8.968609865470851
1469,Endo CLDN5 SLC7A5,Endo CLDN5 SLC7A5,Excitatory neuron,11.76470588235294,Pyramidal cells,9.411764705882355,Neuron,8.968609865470851
1470,Endo CLDN5 SLC7A5,Endo CLDN5 SLC7A5,Excitatory neuron,11.76470588235294,Pyramidal cells,9.411764705882355,Neuron,8.968609865470851
1471,Oligo MOG OPALIN,Oligo MOG OPALIN,Oligodendrocytes,11.594202898550725,Oligodendrocyte,9.44206008583691,Mature oligodendrocyte,7.2727272727272725
1472,OPC PDGFRA PCDH15,OPC PDGFRA PCDH15,Oligodendrocyte precursor cell,22.22222222222222,Oligodendrocyte progenitor cells,15.384615384615383,Oligodendrocyte progenitor cell,13.114754098360654
1473,Astro AQP4 SLC1A2,Astro AQP4 SLC1A2,Astrocyte,6.94980694980695,Stem cell,5.47945205479452,Satellite glial cells,5.405405405405405
1474,Endo CLDN5 SLC7A5,Endo CLDN5 SLC7A5,Excitatory neuron,11.76470588235294,Pyramidal cells,9.411764705882355,Neuron,8.968609865470851
1475,Endo CLDN5 SLC7A5,Endo CLDN5 SLC7A5,Excitatory neuron,11.76470588235294,Pyramidal cells,9.411764705882355,Neuron,8.968609865470851
1476,InN VIP HS3ST3B1,InN VIP HS3ST3B1,Purkinje neurons,7.339449541284404,Neuroblasts,6.0,Lake et al.science.ex8,5.5045871559633035
1477,PC P2RY14 GRM8,PC P2RY14 GRM8,Pericyte,8.695652173913043,Endothelial cell,7.692307692307692,Mural cell,7.017543859649124
1478,Endo CLDN5 SLC7A5,Endo CLDN5 SLC7A5,Excitatory neuron,11.76470588235294,Pyramidal cells,9.411764705882355,Neuron,8.968609865470851
1479,Endo CLDN5 SLC7A5,Endo CLDN5 SLC7A5,Excitatory neuron,11.76470588235294,Pyramidal cells,9.411764705882355,Neuron,8.968609865470851
1480,Oligo MOG OPALIN,Oligo MOG OPALIN,Oligodendrocytes,11.594202898550725,Oligodendrocyte,9.44206008583691,Mature oligodendrocyte,7.2727272727272725
1481,InN VIP HS3ST3B1,InN VIP HS3ST3B1,Purkinje neurons,7.339449541284404,Neuroblasts,6.0,Lake et al.science.ex8,5.5045871559633035
1482,Endo CLDN5 SLC7A5,Endo CLDN5 SLC7A5,Excitatory neuron,11.76470588235294,Pyramidal cells,9.411764705882355,Neuron,8.968609865470851
1483,Endo CLDN5 SLC7A5,Endo CLDN5 SLC7A5,Excitatory neuron,11.76470588235294,Pyramidal cells,9.411764705882355,Neuron,8.968609865470851
1484,L3-5 RORB MKX GRIN3A,L3-5 RORB MKX GRIN3A,Cajal-retzius cells,7.8125,Somatostatin interneuron,7.2727272727272725,Lake et al.science.in5,3.508771929824562
1485,Endo CLDN5 SLC7A5,Endo CLDN5 SLC7A5,Excitatory neuron,11.76470588235294,Pyramidal cells,9.411764705882355,Neuron,8.968609865470851
1486,Endo CLDN5 SLC7A5,Endo CLDN5 SLC7A5,Excitatory neuron,11.76470588235294,Pyramidal cells,9.411764705882355,Neuron,8.968609865470851
1487,Micro P2RY12 APBB1IP,Micro P2RY12 APBB1IP,Microglia,9.917355371900827,Microglial-specific cell,7.6923076923076925,Homeostatic microglial cell,7.142857142857142
1488,Endo CLDN5 SLC7A5,Endo CLDN5 SLC7A5,Excitatory neuron,11.76470588235294,Pyramidal cells,9.411764705882355,Neuron,8.968609865470851
1489,Endo CLDN5 SLC7A5,Endo CLDN5 SLC7A5,Excitatory neuron,11.76470588235294,Pyramidal cells,9.411764705882355,Neuron,8.968609865470851
1490,Micro P2RY12 APBB1IP,Micro P2RY12 APBB1IP,Microglia,9.917355371900827,Microglial-specific cell,7.6923076923076925,Homeostatic microglial cell,7.142857142857142
1491,Endo CLDN5 SLC7A5,Endo CLDN5 SLC7A5,Excitatory neuron,11.76470588235294,Pyramidal cells,9.411764705882355,Neuron,8.968609865470851
1492,Endo CLDN5 SLC7A5,Endo CLDN5 SLC7A5,Excitatory neuron,11.76470588235294,Pyramidal cells,9.411764705882355,Neuron,8.968609865470851
1493,Endo CLDN5 SLC7A5,Endo CLDN5 SLC7A5,Excitatory neuron,11.76470588235294,Pyramidal cells,9.411764705882355,Neuron,8.968609865470851
1494,Endo CLDN5 SLC7A5,Endo CLDN5 SLC7A5,Excitatory neuron,11.76470588235294,Pyramidal cells,9.411764705882355,Neuron,8.968609865470851
1495,Endo CLDN5 SLC7A5,Endo CLDN5 SLC7A5,Excitatory neuron,11.76470588235294,Pyramidal cells,9.411764705882355,Neuron,8.968609865470851
1496,Endo CLDN5 SLC7A5,Endo CLDN5 SLC7A5,Excitatory neuron,11.76470588235294,Pyramidal cells,9.411764705882355,Neuron,8.968609865470851
1497,Endo CLDN5 SLC7A5,Endo CLDN5 SLC7A5,Excitatory neuron,11.76470588235294,Pyramidal cells,9.411764705882355,Neuron,8.968609865470851
1498,InN PVALB HPSE,InN PVALB HPSE,Parvalbumin interneuron,7.4074074074074066,Lake et al.science.ex6,7.1428571428571415,Purkinje neurons,5.5045871559633035
1499,Endo CLDN5 SLC7A5,Endo CLDN5 SLC7A5,Excitatory neuron,11.76470588235294,Pyramidal cells,9.411764705882355,Neuron,8.968609865470851
1500,Oligo MOG OPALIN,Oligo MOG OPALIN,Oligodendrocytes,11.594202898550725,Oligodendrocyte,9.44206008583691,Mature oligodendrocyte,7.2727272727272725
1501,Astro AQP4 SLC1A2,Astro AQP4 SLC1A2,Astrocyte,6.94980694980695,Stem cell,5.47945205479452,Satellite glial cells,5.405405405405405
1502,InN LAMP5 BMP7,InN LAMP5 BMP7,Lake et al.science.in4,7.142857142857142,Bergmann glia,6.593406593406592,Gabaergic neurons,6.153846153846153
1503,Endo CLDN5 SLC7A5,Endo CLDN5 SLC7A5,Excitatory neuron,11.76470588235294,Pyramidal cells,9.411764705882355,Neuron,8.968609865470851
1504,Endo CLDN5 SLC7A5,Endo CLDN5 SLC7A5,Excitatory neuron,11.76470588235294,Pyramidal cells,9.411764705882355,Neuron,8.968609865470851
1505,L3-5 RORB MKX GRIN3A,L3-5 RORB MKX GRIN3A,Cajal-retzius cells,7.8125,Somatostatin interneuron,7.2727272727272725,Lake et al.science.in5,3.508771929824562
1506,Endo CLDN5 SLC7A5,Endo CLDN5 SLC7A5,Excitatory neuron,11.76470588235294,Pyramidal cells,9.411764705882355,Neuron,8.968609865470851
1507,Endo CLDN5 SLC7A5,Endo CLDN5 SLC7A5,Excitatory neuron,11.76470588235294,Pyramidal cells,9.411764705882355,Neuron,8.968609865470851
1508,Endo CLDN5 SLC7A5,Endo CLDN5 SLC7A5,Excitatory neuron,11.76470588235294,Pyramidal cells,9.411764705882355,Neuron,8.968609865470851
1509,Endo CLDN5 SLC7A5,Endo CLDN5 SLC7A5,Excitatory neuron,11.76470588235294,Pyramidal cells,9.411764705882355,Neuron,8.968609865470851
1510,Oligo MOG OPALIN,Oligo MOG OPALIN,Oligodendrocytes,11.594202898550725,Oligodendrocyte,9.44206008583691,Mature oligodendrocyte,7.2727272727272725
1511,Endo CLDN5 SLC7A5,Endo CLDN5 SLC7A5,Excitatory neuron,11.76470588235294,Pyramidal cells,9.411764705882355,Neuron,8.968609865470851
1512,Endo CLDN5 SLC7A5,Endo CLDN5 SLC7A5,Excitatory neuron,11.76470588235294,Pyramidal cells,9.411764705882355,Neuron,8.968609865470851
1513,L6 OPRK1 THEMIS RGS6,L6 OPRK1 THEMIS RGS6,Retinal ganglion cells,5.042016806722689,Neuron,4.484304932735426,Lake et al.science.ex8,3.669724770642202
1514,Endo CLDN5 SLC7A5,Endo CLDN5 SLC7A5,Excitatory neuron,11.76470588235294,Pyramidal cells,9.411764705882355,Neuron,8.968609865470851
1515,Micro P2RY12 APBB1IP,Micro P2RY12 APBB1IP,Microglia,9.917355371900827,Microglial-specific cell,7.6923076923076925,Homeostatic microglial cell,7.142857142857142
1516,Endo CLDN5 SLC7A5,Endo CLDN5 SLC7A5,Excitatory neuron,11.76470588235294,Pyramidal cells,9.411764705882355,Neuron,8.968609865470851
1517,Endo CLDN5 SLC7A5,Endo CLDN5 SLC7A5,Excitatory neuron,11.76470588235294,Pyramidal cells,9.411764705882355,Neuron,8.968609865470851
1518,Endo CLDN5 SLC7A5,Endo CLDN5 SLC7A5,Excitatory neuron,11.76470588235294,Pyramidal cells,9.411764705882355,Neuron,8.968609865470851
1519,Endo CLDN5 SLC7A5,Endo CLDN5 SLC7A5,Excitatory neuron,11.76470588235294,Pyramidal cells,9.411764705882355,Neuron,8.968609865470851
1520,Endo CLDN5 SLC7A5,Endo CLDN5 SLC7A5,Excitatory neuron,11.76470588235294,Pyramidal cells,9.411764705882355,Neuron,8.968609865470851
1521,Endo CLDN5 SLC7A5,Endo CLDN5 SLC7A5,Excitatory neuron,11.76470588235294,Pyramidal cells,9.411764705882355,Neuron,8.968609865470851
1522,Endo CLDN5 SLC7A5,Endo CLDN5 SLC7A5,Excitatory neuron,11.76470588235294,Pyramidal cells,9.411764705882355,Neuron,8.968609865470851
1523,Endo CLDN5 SLC7A5,Endo CLDN5 SLC7A5,Excitatory neuron,11.76470588235294,Pyramidal cells,9.411764705882355,Neuron,8.968609865470851
1524,Endo CLDN5 SLC7A5,Endo CLDN5 SLC7A5,Excitatory neuron,11.76470588235294,Pyramidal cells,9.411764705882355,Neuron,8.968609865470851
1525,InN VIP HS3ST3B1,InN VIP HS3ST3B1,Purkinje neurons,7.339449541284404,Neuroblasts,6.0,Lake et al.science.ex8,5.5045871559633035
1526,Endo CLDN5 SLC7A5,Endo CLDN5 SLC7A5,Excitatory neuron,11.76470588235294,Pyramidal cells,9.411764705882355,Neuron,8.968609865470851
1527,Endo CLDN5 SLC7A5,Endo CLDN5 SLC7A5,Excitatory neuron,11.76470588235294,Pyramidal cells,9.411764705882355,Neuron,8.968609865470851
1528,L3-5 RORB MKX GRIN3A,L3-5 RORB MKX GRIN3A,Cajal-retzius cells,7.8125,Somatostatin interneuron,7.2727272727272725,Lake et al.science.in5,3.508771929824562
1529,L2-3 CUX2 ACVR1C THSD7A,L2-3 CUX2 ACVR1C THSD7A,Somatostatin interneuron,3.6363636363636362,Neurons,3.1620553359683794,Cajal-retzius cells,3.125
1530,OPC PDGFRA PCDH15,OPC PDGFRA PCDH15,Oligodendrocyte precursor cell,22.22222222222222,Oligodendrocyte progenitor cells,15.384615384615383,Oligodendrocyte progenitor cell,13.114754098360654
1531,Endo CLDN5 SLC7A5,Endo CLDN5 SLC7A5,Excitatory neuron,11.76470588235294,Pyramidal cells,9.411764705882355,Neuron,8.968609865470851
1532,Endo CLDN5 SLC7A5,Endo CLDN5 SLC7A5,Excitatory neuron,11.76470588235294,Pyramidal cells,9.411764705882355,Neuron,8.968609865470851
1533,L6 OPRK1 THEMIS RGS6,L6 OPRK1 THEMIS RGS6,Retinal ganglion cells,5.042016806722689,Neuron,4.484304932735426,Lake et al.science.ex8,3.669724770642202
1534,OPC PDGFRA PCDH15,OPC PDGFRA PCDH15,Oligodendrocyte precursor cell,22.22222222222222,Oligodendrocyte progenitor cells,15.384615384615383,Oligodendrocyte progenitor cell,13.114754098360654
1535,Astro AQP4 SLC1A2,Astro AQP4 SLC1A2,Astrocyte,6.94980694980695,Stem cell,5.47945205479452,Satellite glial cells,5.405405405405405
1536,PC P2RY14 GRM8,PC P2RY14 GRM8,Pericyte,8.695652173913043,Endothelial cell,7.692307692307692,Mural cell,7.017543859649124
1537,L6 OPRK1 THEMIS RGS6,L6 OPRK1 THEMIS RGS6,Retinal ganglion cells,5.042016806722689,Neuron,4.484304932735426,Lake et al.science.ex8,3.669724770642202
1538,Oligo MOG OPALIN,Oligo MOG OPALIN,Oligodendrocytes,11.594202898550725,Oligodendrocyte,9.44206008583691,Mature oligodendrocyte,7.2727272727272725
1539,Endo CLDN5 SLC7A5,Endo CLDN5 SLC7A5,Excitatory neuron,11.76470588235294,Pyramidal cells,9.411764705882355,Neuron,8.968609865470851
1540,Endo CLDN5 SLC7A5,Endo CLDN5 SLC7A5,Excitatory neuron,11.76470588235294,Pyramidal cells,9.411764705882355,Neuron,8.968609865470851
1541,L2-3 CUX2 ACVR1C THSD7A,L2-3 CUX2 ACVR1C THSD7A,Somatostatin interneuron,3.6363636363636362,Neurons,3.1620553359683794,Cajal-retzius cells,3.125
1542,Endo CLDN5 SLC7A5,Endo CLDN5 SLC7A5,Excitatory neuron,11.76470588235294,Pyramidal cells,9.411764705882355,Neuron,8.968609865470851
1543,Endo CLDN5 SLC7A5,Endo CLDN5 SLC7A5,Excitatory neuron,11.76470588235294,Pyramidal cells,9.411764705882355,Neuron,8.968609865470851
1544,Endo CLDN5 SLC7A5,Endo CLDN5 SLC7A5,Excitatory neuron,11.76470588235294,Pyramidal cells,9.411764705882355,Neuron,8.968609865470851
1545,Endo CLDN5 SLC7A5,Endo CLDN5 SLC7A5,Excitatory neuron,11.76470588235294,Pyramidal cells,9.411764705882355,Neuron,8.968609865470851
1546,InN LAMP5 BMP7,InN LAMP5 BMP7,Lake et al.science.in4,7.142857142857142,Bergmann glia,6.593406593406592,Gabaergic neurons,6.153846153846153
1547,Endo CLDN5 SLC7A5,Endo CLDN5 SLC7A5,Excitatory neuron,11.76470588235294,Pyramidal cells,9.411764705882355,Neuron,8.968609865470851
1548,OPC PDGFRA PCDH15,OPC PDGFRA PCDH15,Oligodendrocyte precursor cell,22.22222222222222,Oligodendrocyte progenitor cells,15.384615384615383,Oligodendrocyte progenitor cell,13.114754098360654
1549,Endo CLDN5 SLC7A5,Endo CLDN5 SLC7A5,Excitatory neuron,11.76470588235294,Pyramidal cells,9.411764705882355,Neuron,8.968609865470851
1550,Endo CLDN5 SLC7A5,Endo CLDN5 SLC7A5,Excitatory neuron,11.76470588235294,Pyramidal cells,9.411764705882355,Neuron,8.968609865470851
1551,Endo CLDN5 SLC7A5,Endo CLDN5 SLC7A5,Excitatory neuron,11.76470588235294,Pyramidal cells,9.411764705882355,Neuron,8.968609865470851
1552,Endo CLDN5 SLC7A5,Endo CLDN5 SLC7A5,Excitatory neuron,11.76470588235294,Pyramidal cells,9.411764705882355,Neuron,8.968609865470851
1553,Endo CLDN5 SLC7A5,Endo CLDN5 SLC7A5,Excitatory neuron,11.76470588235294,Pyramidal cells,9.411764705882355,Neuron,8.968609865470851
1554,Endo CLDN5 SLC7A5,Endo CLDN5 SLC7A5,Excitatory neuron,11.76470588235294,Pyramidal cells,9.411764705882355,Neuron,8.968609865470851
1555,Astro AQP4 SLC1A2,Astro AQP4 SLC1A2,Astrocyte,6.94980694980695,Stem cell,5.47945205479452,Satellite glial cells,5.405405405405405
1556,Endo CLDN5 SLC7A5,Endo CLDN5 SLC7A5,Excitatory neuron,11.76470588235294,Pyramidal cells,9.411764705882355,Neuron,8.968609865470851
1557,Endo CLDN5 SLC7A5,Endo CLDN5 SLC7A5,Excitatory neuron,11.76470588235294,Pyramidal cells,9.411764705882355,Neuron,8.968609865470851
1558,L3-5 RORB MKX GRIN3A,L3-5 RORB MKX GRIN3A,Cajal-retzius cells,7.8125,Somatostatin interneuron,7.2727272727272725,Lake et al.science.in5,3.508771929824562
1559,L3-5 RORB MKX GRIN3A,L3-5 RORB MKX GRIN3A,Cajal-retzius cells,7.8125,Somatostatin interneuron,7.2727272727272725,Lake et al.science.in5,3.508771929824562
1560,L2-3 CUX2 ACVR1C THSD7A,L2-3 CUX2 ACVR1C THSD7A,Somatostatin interneuron,3.6363636363636362,Neurons,3.1620553359683794,Cajal-retzius cells,3.125
1561,Endo CLDN5 SLC7A5,Endo CLDN5 SLC7A5,Excitatory neuron,11.76470588235294,Pyramidal cells,9.411764705882355,Neuron,8.968609865470851
1562,Endo CLDN5 SLC7A5,Endo CLDN5 SLC7A5,Excitatory neuron,11.76470588235294,Pyramidal cells,9.411764705882355,Neuron,8.968609865470851
1563,Endo CLDN5 SLC7A5,Endo CLDN5 SLC7A5,Excitatory neuron,11.76470588235294,Pyramidal cells,9.411764705882355,Neuron,8.968609865470851
1564,L2-3 CUX2 ACVR1C THSD7A,L2-3 CUX2 ACVR1C THSD7A,Somatostatin interneuron,3.6363636363636362,Neurons,3.1620553359683794,Cajal-retzius cells,3.125
1565,Oligo MOG OPALIN,Oligo MOG OPALIN,Oligodendrocytes,11.594202898550725,Oligodendrocyte,9.44206008583691,Mature oligodendrocyte,7.2727272727272725
1566,Oligo MOG OPALIN,Oligo MOG OPALIN,Oligodendrocytes,11.594202898550725,Oligodendrocyte,9.44206008583691,Mature oligodendrocyte,7.2727272727272725
1567,OPC PDGFRA PCDH15,OPC PDGFRA PCDH15,Oligodendrocyte precursor cell,22.22222222222222,Oligodendrocyte progenitor cells,15.384615384615383,Oligodendrocyte progenitor cell,13.114754098360654
1568,Endo CLDN5 SLC7A5,Endo CLDN5 SLC7A5,Excitatory neuron,11.76470588235294,Pyramidal cells,9.411764705882355,Neuron,8.968609865470851
1569,Micro P2RY12 APBB1IP,Micro P2RY12 APBB1IP,Microglia,9.917355371900827,Microglial-specific cell,7.6923076923076925,Homeostatic microglial cell,7.142857142857142
1570,Endo CLDN5 SLC7A5,Endo CLDN5 SLC7A5,Excitatory neuron,11.76470588235294,Pyramidal cells,9.411764705882355,Neuron,8.968609865470851
1571,InN PVALB HPSE,InN PVALB HPSE,Parvalbumin interneuron,7.4074074074074066,Lake et al.science.ex6,7.1428571428571415,Purkinje neurons,5.5045871559633035
1572,Endo CLDN5 SLC7A5,Endo CLDN5 SLC7A5,Excitatory neuron,11.76470588235294,Pyramidal cells,9.411764705882355,Neuron,8.968609865470851
1573,Astro AQP4 SLC1A2,Astro AQP4 SLC1A2,Astrocyte,6.94980694980695,Stem cell,5.47945205479452,Satellite glial cells,5.405405405405405
1574,Endo CLDN5 SLC7A5,Endo CLDN5 SLC7A5,Excitatory neuron,11.76470588235294,Pyramidal cells,9.411764705882355,Neuron,8.968609865470851
1575,Endo CLDN5 SLC7A5,Endo CLDN5 SLC7A5,Excitatory neuron,11.76470588235294,Pyramidal cells,9.411764705882355,Neuron,8.968609865470851
1576,Endo CLDN5 SLC7A5,Endo CLDN5 SLC7A5,Excitatory neuron,11.76470588235294,Pyramidal cells,9.411764705882355,Neuron,8.968609865470851
1577,InN SST FREM1,InN SST FREM1,Purkinje neurons,9.174311926605505,Oligodendrocyte precursor cell,6.349206349206351,Neuron,5.381165919282512
1578,Astro AQP4 SLC1A2,Astro AQP4 SLC1A2,Astrocyte,6.94980694980695,Stem cell,5.47945205479452,Satellite glial cells,5.405405405405405
1579,L3-5 RORB GABRG1 KCNH7,L3-5 RORB GABRG1 KCNH7,Somatostatin interneuron,3.6363636363636362,Lake et al.science.in5,3.508771929824562,Lake et al.science.ex5,3.389830508474577
1580,Endo CLDN5 SLC7A5,Endo CLDN5 SLC7A5,Excitatory neuron,11.76470588235294,Pyramidal cells,9.411764705882355,Neuron,8.968609865470851
1581,Oligo MOG OPALIN,Oligo MOG OPALIN,Oligodendrocytes,11.594202898550725,Oligodendrocyte,9.44206008583691,Mature oligodendrocyte,7.2727272727272725
1582,Endo CLDN5 SLC7A5,Endo CLDN5 SLC7A5,Excitatory neuron,11.76470588235294,Pyramidal cells,9.411764705882355,Neuron,8.968609865470851
1583,Endo CLDN5 SLC7A5,Endo CLDN5 SLC7A5,Excitatory neuron,11.76470588235294,Pyramidal cells,9.411764705882355,Neuron,8.968609865470851
1584,Endo CLDN5 SLC7A5,Endo CLDN5 SLC7A5,Excitatory neuron,11.76470588235294,Pyramidal cells,9.411764705882355,Neuron,8.968609865470851
1585,Endo CLDN5 SLC7A5,Endo CLDN5 SLC7A5,Excitatory neuron,11.76470588235294,Pyramidal cells,9.411764705882355,Neuron,8.968609865470851
1586,Endo CLDN5 SLC7A5,Endo CLDN5 SLC7A5,Excitatory neuron,11.76470588235294,Pyramidal cells,9.411764705882355,Neuron,8.968609865470851
1587,Endo CLDN5 SLC7A5,Endo CLDN5 SLC7A5,Excitatory neuron,11.76470588235294,Pyramidal cells,9.411764705882355,Neuron,8.968609865470851
1588,Endo CLDN5 SLC7A5,Endo CLDN5 SLC7A5,Excitatory neuron,11.76470588235294,Pyramidal cells,9.411764705882355,Neuron,8.968609865470851
1589,InN SST FREM1,InN SST FREM1,Purkinje neurons,9.174311926605505,Oligodendrocyte precursor cell,6.349206349206351,Neuron,5.381165919282512
1590,Endo CLDN5 SLC7A5,Endo CLDN5 SLC7A5,Excitatory neuron,11.76470588235294,Pyramidal cells,9.411764705882355,Neuron,8.968609865470851
1591,InN LAMP5 BMP7,InN LAMP5 BMP7,Lake et al.science.in4,7.142857142857142,Bergmann glia,6.593406593406592,Gabaergic neurons,6.153846153846153
1592,Endo CLDN5 SLC7A5,Endo CLDN5 SLC7A5,Excitatory neuron,11.76470588235294,Pyramidal cells,9.411764705882355,Neuron,8.968609865470851
1593,Endo CLDN5 SLC7A5,Endo CLDN5 SLC7A5,Excitatory neuron,11.76470588235294,Pyramidal cells,9.411764705882355,Neuron,8.968609865470851
1594,Micro P2RY12 APBB1IP,Micro P2RY12 APBB1IP,Microglia,9.917355371900827,Microglial-specific cell,7.6923076923076925,Homeostatic microglial cell,7.142857142857142
1595,Endo CLDN5 SLC7A5,Endo CLDN5 SLC7A5,Excitatory neuron,11.76470588235294,Pyramidal cells,9.411764705882355,Neuron,8.968609865470851
1596,Oligo MOG OPALIN,Oligo MOG OPALIN,Oligodendrocytes,11.594202898550725,Oligodendrocyte,9.44206008583691,Mature oligodendrocyte,7.2727272727272725
1597,Oligo MOG OPALIN,Oligo MOG OPALIN,Oligodendrocytes,11.594202898550725,Oligodendrocyte,9.44206008583691,Mature oligodendrocyte,7.2727272727272725
1598,L2-3 CUX2 ACVR1C THSD7A,L2-3 CUX2 ACVR1C THSD7A,Somatostatin interneuron,3.6363636363636362,Neurons,3.1620553359683794,Cajal-retzius cells,3.125
1599,Endo CLDN5 SLC7A5,Endo CLDN5 SLC7A5,Excitatory neuron,11.76470588235294,Pyramidal cells,9.411764705882355,Neuron,8.968609865470851
1600,Endo CLDN5 SLC7A5,Endo CLDN5 SLC7A5,Excitatory neuron,11.76470588235294,Pyramidal cells,9.411764705882355,Neuron,8.968609865470851
1601,L3-5 RORB MKX GRIN3A,L3-5 RORB MKX GRIN3A,Cajal-retzius cells,7.8125,Somatostatin interneuron,7.2727272727272725,Lake et al.science.in5,3.508771929824562
1602,Endo CLDN5 SLC7A5,Endo CLDN5 SLC7A5,Excitatory neuron,11.76470588235294,Pyramidal cells,9.411764705882355,Neuron,8.968609865470851
1603,Endo CLDN5 SLC7A5,Endo CLDN5 SLC7A5,Excitatory neuron,11.76470588235294,Pyramidal cells,9.411764705882355,Neuron,8.968609865470851
1604,Endo CLDN5 SLC7A5,Endo CLDN5 SLC7A5,Excitatory neuron,11.76470588235294,Pyramidal cells,9.411764705882355,Neuron,8.968609865470851
1605,Endo CLDN5 SLC7A5,Endo CLDN5 SLC7A5,Excitatory neuron,11.76470588235294,Pyramidal cells,9.411764705882355,Neuron,8.968609865470851
1606,Endo CLDN5 SLC7A5,Endo CLDN5 SLC7A5,Excitatory neuron,11.76470588235294,Pyramidal cells,9.411764705882355,Neuron,8.968609865470851
1607,L3-5 RORB MKX GRIN3A,L3-5 RORB MKX GRIN3A,Cajal-retzius cells,7.8125,Somatostatin interneuron,7.2727272727272725,Lake et al.science.in5,3.508771929824562
1608,OPC PDGFRA PCDH15,OPC PDGFRA PCDH15,Oligodendrocyte precursor cell,22.22222222222222,Oligodendrocyte progenitor cells,15.384615384615383,Oligodendrocyte progenitor cell,13.114754098360654
1609,Endo CLDN5 SLC7A5,Endo CLDN5 SLC7A5,Excitatory neuron,11.76470588235294,Pyramidal cells,9.411764705882355,Neuron,8.968609865470851
1610,Oligo MOG OPALIN,Oligo MOG OPALIN,Oligodendrocytes,11.594202898550725,Oligodendrocyte,9.44206008583691,Mature oligodendrocyte,7.2727272727272725
1611,Oligo MOG OPALIN,Oligo MOG OPALIN,Oligodendrocytes,11.594202898550725,Oligodendrocyte,9.44206008583691,Mature oligodendrocyte,7.2727272727272725
1612,Endo CLDN5 SLC7A5,Endo CLDN5 SLC7A5,Excitatory neuron,11.76470588235294,Pyramidal cells,9.411764705882355,Neuron,8.968609865470851
1613,OPC PDGFRA PCDH15,OPC PDGFRA PCDH15,Oligodendrocyte precursor cell,22.22222222222222,Oligodendrocyte progenitor cells,15.384615384615383,Oligodendrocyte progenitor cell,13.114754098360654
1614,Endo CLDN5 SLC7A5,Endo CLDN5 SLC7A5,Excitatory neuron,11.76470588235294,Pyramidal cells,9.411764705882355,Neuron,8.968609865470851
1615,Endo CLDN5 SLC7A5,Endo CLDN5 SLC7A5,Excitatory neuron,11.76470588235294,Pyramidal cells,9.411764705882355,Neuron,8.968609865470851
1616,L3-5 RORB MKX GRIN3A,L3-5 RORB MKX GRIN3A,Cajal-retzius cells,7.8125,Somatostatin interneuron,7.2727272727272725,Lake et al.science.in5,3.508771929824562
1617,Micro P2RY12 APBB1IP,Micro P2RY12 APBB1IP,Microglia,9.917355371900827,Microglial-specific cell,7.6923076923076925,Homeostatic microglial cell,7.142857142857142
1618,Endo CLDN5 SLC7A5,Endo CLDN5 SLC7A5,Excitatory neuron,11.76470588235294,Pyramidal cells,9.411764705882355,Neuron,8.968609865470851
1619,Endo CLDN5 SLC7A5,Endo CLDN5 SLC7A5,Excitatory neuron,11.76470588235294,Pyramidal cells,9.411764705882355,Neuron,8.968609865470851
1620,Endo CLDN5 SLC7A5,Endo CLDN5 SLC7A5,Excitatory neuron,11.76470588235294,Pyramidal cells,9.411764705882355,Neuron,8.968609865470851
1621,Endo CLDN5 SLC7A5,Endo CLDN5 SLC7A5,Excitatory neuron,11.76470588235294,Pyramidal cells,9.411764705882355,Neuron,8.968609865470851
1622,L6 FEZF2 NPFFR2 KCNK2,L6 FEZF2 NPFFR2 KCNK2,Lake et al.science.ex6,16.666666666666664,Somatostatin interneuron,3.6363636363636362,Lake et al.science.in3,3.1746031746031753
1623,Endo CLDN5 SLC7A5,Endo CLDN5 SLC7A5,Excitatory neuron,11.76470588235294,Pyramidal cells,9.411764705882355,Neuron,8.968609865470851
1624,Endo CLDN5 SLC7A5,Endo CLDN5 SLC7A5,Excitatory neuron,11.76470588235294,Pyramidal cells,9.411764705882355,Neuron,8.968609865470851
1625,Endo CLDN5 SLC7A5,Endo CLDN5 SLC7A5,Excitatory neuron,11.76470588235294,Pyramidal cells,9.411764705882355,Neuron,8.968609865470851
1626,Endo CLDN5 SLC7A5,Endo CLDN5 SLC7A5,Excitatory neuron,11.76470588235294,Pyramidal cells,9.411764705882355,Neuron,8.968609865470851
1627,Endo CLDN5 SLC7A5,Endo CLDN5 SLC7A5,Excitatory neuron,11.76470588235294,Pyramidal cells,9.411764705882355,Neuron,8.968609865470851
1628,L3-5 RORB MKX GRIN3A,L3-5 RORB MKX GRIN3A,Cajal-retzius cells,7.8125,Somatostatin interneuron,7.2727272727272725,Lake et al.science.in5,3.508771929824562
1629,Endo CLDN5 SLC7A5,Endo CLDN5 SLC7A5,Excitatory neuron,11.76470588235294,Pyramidal cells,9.411764705882355,Neuron,8.968609865470851
1630,L2-3 CUX2 ACVR1C THSD7A,L2-3 CUX2 ACVR1C THSD7A,Somatostatin interneuron,3.6363636363636362,Neurons,3.1620553359683794,Cajal-retzius cells,3.125
1631,Oligo MOG OPALIN,Oligo MOG OPALIN,Oligodendrocytes,11.594202898550725,Oligodendrocyte,9.44206008583691,Mature oligodendrocyte,7.2727272727272725
1632,Oligo MOG OPALIN,Oligo MOG OPALIN,Oligodendrocytes,11.594202898550725,Oligodendrocyte,9.44206008583691,Mature oligodendrocyte,7.2727272727272725
1633,Oligo MOG OPALIN,Oligo MOG OPALIN,Oligodendrocytes,11.594202898550725,Oligodendrocyte,9.44206008583691,Mature oligodendrocyte,7.2727272727272725
1634,Endo CLDN5 SLC7A5,Endo CLDN5 SLC7A5,Excitatory neuron,11.76470588235294,Pyramidal cells,9.411764705882355,Neuron,8.968609865470851
1635,Endo CLDN5 SLC7A5,Endo CLDN5 SLC7A5,Excitatory neuron,11.76470588235294,Pyramidal cells,9.411764705882355,Neuron,8.968609865470851
1636,Endo CLDN5 SLC7A5,Endo CLDN5 SLC7A5,Excitatory neuron,11.76470588235294,Pyramidal cells,9.411764705882355,Neuron,8.968609865470851
1637,Endo CLDN5 SLC7A5,Endo CLDN5 SLC7A5,Excitatory neuron,11.76470588235294,Pyramidal cells,9.411764705882355,Neuron,8.968609865470851
1638,Endo CLDN5 SLC7A5,Endo CLDN5 SLC7A5,Excitatory neuron,11.76470588235294,Pyramidal cells,9.411764705882355,Neuron,8.968609865470851
1639,Endo CLDN5 SLC7A5,Endo CLDN5 SLC7A5,Excitatory neuron,11.76470588235294,Pyramidal cells,9.411764705882355,Neuron,8.968609865470851
1640,Endo CLDN5 SLC7A5,Endo CLDN5 SLC7A5,Excitatory neuron,11.76470588235294,Pyramidal cells,9.411764705882355,Neuron,8.968609865470851
1641,Endo CLDN5 SLC7A5,Endo CLDN5 SLC7A5,Excitatory neuron,11.76470588235294,Pyramidal cells,9.411764705882355,Neuron,8.968609865470851
1642,Endo CLDN5 SLC7A5,Endo CLDN5 SLC7A5,Excitatory neuron,11.76470588235294,Pyramidal cells,9.411764705882355,Neuron,8.968609865470851
1643,InN VIP HS3ST3B1,InN VIP HS3ST3B1,Purkinje neurons,7.339449541284404,Neuroblasts,6.0,Lake et al.science.ex8,5.5045871559633035
1644,Endo CLDN5 SLC7A5,Endo CLDN5 SLC7A5,Excitatory neuron,11.76470588235294,Pyramidal cells,9.411764705882355,Neuron,8.968609865470851
1645,Endo CLDN5 SLC7A5,Endo CLDN5 SLC7A5,Excitatory neuron,11.76470588235294,Pyramidal cells,9.411764705882355,Neuron,8.968609865470851
1646,Oligo MOG OPALIN,Oligo MOG OPALIN,Oligodendrocytes,11.594202898550725,Oligodendrocyte,9.44206008583691,Mature oligodendrocyte,7.2727272727272725
1647,Endo CLDN5 SLC7A5,Endo CLDN5 SLC7A5,Excitatory neuron,11.76470588235294,Pyramidal cells,9.411764705882355,Neuron,8.968609865470851
1648,Endo CLDN5 SLC7A5,Endo CLDN5 SLC7A5,Excitatory neuron,11.76470588235294,Pyramidal cells,9.411764705882355,Neuron,8.968609865470851
1649,Endo CLDN5 SLC7A5,Endo CLDN5 SLC7A5,Excitatory neuron,11.76470588235294,Pyramidal cells,9.411764705882355,Neuron,8.968609865470851
1650,Endo CLDN5 SLC7A5,Endo CLDN5 SLC7A5,Excitatory neuron,11.76470588235294,Pyramidal cells,9.411764705882355,Neuron,8.968609865470851
1651,Endo CLDN5 SLC7A5,Endo CLDN5 SLC7A5,Excitatory neuron,11.76470588235294,Pyramidal cells,9.411764705882355,Neuron,8.968609865470851
1652,Endo CLDN5 SLC7A5,Endo CLDN5 SLC7A5,Excitatory neuron,11.76470588235294,Pyramidal cells,9.411764705882355,Neuron,8.968609865470851
1653,L3-5 RORB MKX GRIN3A,L3-5 RORB MKX GRIN3A,Cajal-retzius cells,7.8125,Somatostatin interneuron,7.2727272727272725,Lake et al.science.in5,3.508771929824562
1654,Endo CLDN5 SLC7A5,Endo CLDN5 SLC7A5,Excitatory neuron,11.76470588235294,Pyramidal cells,9.411764705882355,Neuron,8.968609865470851
1655,Endo CLDN5 SLC7A5,Endo CLDN5 SLC7A5,Excitatory neuron,11.76470588235294,Pyramidal cells,9.411764705882355,Neuron,8.968609865470851
1656,Endo CLDN5 SLC7A5,Endo CLDN5 SLC7A5,Excitatory neuron,11.76470588235294,Pyramidal cells,9.411764705882355,Neuron,8.968609865470851
1657,Endo CLDN5 SLC7A5,Endo CLDN5 SLC7A5,Excitatory neuron,11.76470588235294,Pyramidal cells,9.411764705882355,Neuron,8.968609865470851
1658,Endo CLDN5 SLC7A5,Endo CLDN5 SLC7A5,Excitatory neuron,11.76470588235294,Pyramidal cells,9.411764705882355,Neuron,8.968609865470851
1659,L3-5 RORB MKX GRIN3A,L3-5 RORB MKX GRIN3A,Cajal-retzius cells,7.8125,Somatostatin interneuron,7.2727272727272725,Lake et al.science.in5,3.508771929824562
1660,Endo CLDN5 SLC7A5,Endo CLDN5 SLC7A5,Excitatory neuron,11.76470588235294,Pyramidal cells,9.411764705882355,Neuron,8.968609865470851
1661,Endo CLDN5 SLC7A5,Endo CLDN5 SLC7A5,Excitatory neuron,11.76470588235294,Pyramidal cells,9.411764705882355,Neuron,8.968609865470851
1662,InN SST FREM1,InN SST FREM1,Purkinje neurons,9.174311926605505,Oligodendrocyte precursor cell,6.349206349206351,Neuron,5.381165919282512
1663,L6 FEZF2 NPFFR2 KCNK2,L6 FEZF2 NPFFR2 KCNK2,Lake et al.science.ex6,16.666666666666664,Somatostatin interneuron,3.6363636363636362,Lake et al.science.in3,3.1746031746031753
1664,Endo CLDN5 SLC7A5,Endo CLDN5 SLC7A5,Excitatory neuron,11.76470588235294,Pyramidal cells,9.411764705882355,Neuron,8.968609865470851
1665,OPC PDGFRA PCDH15,OPC PDGFRA PCDH15,Oligodendrocyte precursor cell,22.22222222222222,Oligodendrocyte progenitor cells,15.384615384615383,Oligodendrocyte progenitor cell,13.114754098360654
1666,Endo CLDN5 SLC7A5,Endo CLDN5 SLC7A5,Excitatory neuron,11.76470588235294,Pyramidal cells,9.411764705882355,Neuron,8.968609865470851
1667,Endo CLDN5 SLC7A5,Endo CLDN5 SLC7A5,Excitatory neuron,11.76470588235294,Pyramidal cells,9.411764705882355,Neuron,8.968609865470851
1668,L6 OPRK1 THEMIS RGS6,L6 OPRK1 THEMIS RGS6,Retinal ganglion cells,5.042016806722689,Neuron,4.484304932735426,Lake et al.science.ex8,3.669724770642202
1669,InN SST FREM1,InN SST FREM1,Purkinje neurons,9.174311926605505,Oligodendrocyte precursor cell,6.349206349206351,Neuron,5.381165919282512
1670,L3-5 RORB GABRG1 KCNH7,L3-5 RORB GABRG1 KCNH7,Somatostatin interneuron,3.6363636363636362,Lake et al.science.in5,3.508771929824562,Lake et al.science.ex5,3.389830508474577
1671,Oligo MOG OPALIN,Oligo MOG OPALIN,Oligodendrocytes,11.594202898550725,Oligodendrocyte,9.44206008583691,Mature oligodendrocyte,7.2727272727272725
1672,Micro P2RY12 APBB1IP,Micro P2RY12 APBB1IP,Microglia,9.917355371900827,Microglial-specific cell,7.6923076923076925,Homeostatic microglial cell,7.142857142857142
1673,InN PVALB HPSE,InN PVALB HPSE,Parvalbumin interneuron,7.4074074074074066,Lake et al.science.ex6,7.1428571428571415,Purkinje neurons,5.5045871559633035
1674,Micro P2RY12 APBB1IP,Micro P2RY12 APBB1IP,Microglia,9.917355371900827,Microglial-specific cell,7.6923076923076925,Homeostatic microglial cell,7.142857142857142
1675,Endo CLDN5 SLC7A5,Endo CLDN5 SLC7A5,Excitatory neuron,11.76470588235294,Pyramidal cells,9.411764705882355,Neuron,8.968609865470851
1676,Oligo MOG OPALIN,Oligo MOG OPALIN,Oligodendrocytes,11.594202898550725,Oligodendrocyte,9.44206008583691,Mature oligodendrocyte,7.2727272727272725
1677,InN SST FREM1,InN SST FREM1,Purkinje neurons,9.174311926605505,Oligodendrocyte precursor cell,6.349206349206351,Neuron,5.381165919282512
1678,Endo CLDN5 SLC7A5,Endo CLDN5 SLC7A5,Excitatory neuron,11.76470588235294,Pyramidal cells,9.411764705882355,Neuron,8.968609865470851
1679,Micro P2RY12 APBB1IP,Micro P2RY12 APBB1IP,Microglia,9.917355371900827,Microglial-specific cell,7.6923076923076925,Homeostatic microglial cell,7.142857142857142
1680,Oligo MOG OPALIN,Oligo MOG OPALIN,Oligodendrocytes,11.594202898550725,Oligodendrocyte,9.44206008583691,Mature oligodendrocyte,7.2727272727272725
1681,Endo CLDN5 SLC7A5,Endo CLDN5 SLC7A5,Excitatory neuron,11.76470588235294,Pyramidal cells,9.411764705882355,Neuron,8.968609865470851
1682,Endo CLDN5 SLC7A5,Endo CLDN5 SLC7A5,Excitatory neuron,11.76470588235294,Pyramidal cells,9.411764705882355,Neuron,8.968609865470851
1683,L2-3 CUX2 ACVR1C THSD7A,L2-3 CUX2 ACVR1C THSD7A,Somatostatin interneuron,3.6363636363636362,Neurons,3.1620553359683794,Cajal-retzius cells,3.125
1684,Micro P2RY12 APBB1IP,Micro P2RY12 APBB1IP,Microglia,9.917355371900827,Microglial-specific cell,7.6923076923076925,Homeostatic microglial cell,7.142857142857142
1685,Endo CLDN5 SLC7A5,Endo CLDN5 SLC7A5,Excitatory neuron,11.76470588235294,Pyramidal cells,9.411764705882355,Neuron,8.968609865470851
1686,Endo CLDN5 SLC7A5,Endo CLDN5 SLC7A5,Excitatory neuron,11.76470588235294,Pyramidal cells,9.411764705882355,Neuron,8.968609865470851
1687,OPC PDGFRA PCDH15,OPC PDGFRA PCDH15,Oligodendrocyte precursor cell,22.22222222222222,Oligodendrocyte progenitor cells,15.384615384615383,Oligodendrocyte progenitor cell,13.114754098360654
1688,Micro P2RY12 APBB1IP,Micro P2RY12 APBB1IP,Microglia,9.917355371900827,Microglial-specific cell,7.6923076923076925,Homeostatic microglial cell,7.142857142857142
1689,Endo CLDN5 SLC7A5,Endo CLDN5 SLC7A5,Excitatory neuron,11.76470588235294,Pyramidal cells,9.411764705882355,Neuron,8.968609865470851
1690,Endo CLDN5 SLC7A5,Endo CLDN5 SLC7A5,Excitatory neuron,11.76470588235294,Pyramidal cells,9.411764705882355,Neuron,8.968609865470851
1691,Endo CLDN5 SLC7A5,Endo CLDN5 SLC7A5,Excitatory neuron,11.76470588235294,Pyramidal cells,9.411764705882355,Neuron,8.968609865470851
1692,OPC PDGFRA PCDH15,OPC PDGFRA PCDH15,Oligodendrocyte precursor cell,22.22222222222222,Oligodendrocyte progenitor cells,15.384615384615383,Oligodendrocyte progenitor cell,13.114754098360654
1693,Endo CLDN5 SLC7A5,Endo CLDN5 SLC7A5,Excitatory neuron,11.76470588235294,Pyramidal cells,9.411764705882355,Neuron,8.968609865470851
1694,InN PVALB HPSE,InN PVALB HPSE,Parvalbumin interneuron,7.4074074074074066,Lake et al.science.ex6,7.1428571428571415,Purkinje neurons,5.5045871559633035
1695,Micro P2RY12 APBB1IP,Micro P2RY12 APBB1IP,Microglia,9.917355371900827,Microglial-specific cell,7.6923076923076925,Homeostatic microglial cell,7.142857142857142
1696,L3-5 RORB MKX GRIN3A,L3-5 RORB MKX GRIN3A,Cajal-retzius cells,7.8125,Somatostatin interneuron,7.2727272727272725,Lake et al.science.in5,3.508771929824562
1697,Micro P2RY12 APBB1IP,Micro P2RY12 APBB1IP,Microglia,9.917355371900827,Microglial-specific cell,7.6923076923076925,Homeostatic microglial cell,7.142857142857142
1698,Endo CLDN5 SLC7A5,Endo CLDN5 SLC7A5,Excitatory neuron,11.76470588235294,Pyramidal cells,9.411764705882355,Neuron,8.968609865470851
1699,InN LAMP5 BMP7,InN LAMP5 BMP7,Lake et al.science.in4,7.142857142857142,Bergmann glia,6.593406593406592,Gabaergic neurons,6.153846153846153
1700,Micro P2RY12 APBB1IP,Micro P2RY12 APBB1IP,Microglia,9.917355371900827,Microglial-specific cell,7.6923076923076925,Homeostatic microglial cell,7.142857142857142
1701,Endo CLDN5 SLC7A5,Endo CLDN5 SLC7A5,Excitatory neuron,11.76470588235294,Pyramidal cells,9.411764705882355,Neuron,8.968609865470851
1702,Micro P2RY12 APBB1IP,Micro P2RY12 APBB1IP,Microglia,9.917355371900827,Microglial-specific cell,7.6923076923076925,Homeostatic microglial cell,7.142857142857142
1703,L3-5 RORB MKX GRIN3A,L3-5 RORB MKX GRIN3A,Cajal-retzius cells,7.8125,Somatostatin interneuron,7.2727272727272725,Lake et al.science.in5,3.508771929824562
1704,Endo CLDN5 SLC7A5,Endo CLDN5 SLC7A5,Excitatory neuron,11.76470588235294,Pyramidal cells,9.411764705882355,Neuron,8.968609865470851
1705,Endo CLDN5 SLC7A5,Endo CLDN5 SLC7A5,Excitatory neuron,11.76470588235294,Pyramidal cells,9.411764705882355,Neuron,8.968609865470851
1706,Endo CLDN5 SLC7A5,Endo CLDN5 SLC7A5,Excitatory neuron,11.76470588235294,Pyramidal cells,9.411764705882355,Neuron,8.968609865470851
1707,Micro P2RY12 APBB1IP,Micro P2RY12 APBB1IP,Microglia,9.917355371900827,Microglial-specific cell,7.6923076923076925,Homeostatic microglial cell,7.142857142857142
1708,Endo CLDN5 SLC7A5,Endo CLDN5 SLC7A5,Excitatory neuron,11.76470588235294,Pyramidal cells,9.411764705882355,Neuron,8.968609865470851
1709,Oligo MOG OPALIN,Oligo MOG OPALIN,Oligodendrocytes,11.594202898550725,Oligodendrocyte,9.44206008583691,Mature oligodendrocyte,7.2727272727272725
1710,L3-5 RORB PCBP3 IL1RAPL2,L3-5 RORB PCBP3 IL1RAPL2,Retinal ganglion cells,3.361344537815126,Lake et al.science.ex4,3.1746031746031753,Neuroendocrine cells,2.5974025974025974
1711,PC P2RY14 GRM8,PC P2RY14 GRM8,Pericyte,8.695652173913043,Endothelial cell,7.692307692307692,Mural cell,7.017543859649124
1712,OPC PDGFRA PCDH15,OPC PDGFRA PCDH15,Oligodendrocyte precursor cell,22.22222222222222,Oligodendrocyte progenitor cells,15.384615384615383,Oligodendrocyte progenitor cell,13.114754098360654
1713,Endo CLDN5 SLC7A5,Endo CLDN5 SLC7A5,Excitatory neuron,11.76470588235294,Pyramidal cells,9.411764705882355,Neuron,8.968609865470851
1714,Endo CLDN5 SLC7A5,Endo CLDN5 SLC7A5,Excitatory neuron,11.76470588235294,Pyramidal cells,9.411764705882355,Neuron,8.968609865470851
1715,InN SST FREM1,InN SST FREM1,Purkinje neurons,9.174311926605505,Oligodendrocyte precursor cell,6.349206349206351,Neuron,5.381165919282512
1716,Oligo MOG OPALIN,Oligo MOG OPALIN,Oligodendrocytes,11.594202898550725,Oligodendrocyte,9.44206008583691,Mature oligodendrocyte,7.2727272727272725
1717,Endo CLDN5 SLC7A5,Endo CLDN5 SLC7A5,Excitatory neuron,11.76470588235294,Pyramidal cells,9.411764705882355,Neuron,8.968609865470851
1718,L3-5 RORB MKX GRIN3A,L3-5 RORB MKX GRIN3A,Cajal-retzius cells,7.8125,Somatostatin interneuron,7.2727272727272725,Lake et al.science.in5,3.508771929824562
1719,InN SST FREM1,InN SST FREM1,Purkinje neurons,9.174311926605505,Oligodendrocyte precursor cell,6.349206349206351,Neuron,5.381165919282512
1720,Endo CLDN5 SLC7A5,Endo CLDN5 SLC7A5,Excitatory neuron,11.76470588235294,Pyramidal cells,9.411764705882355,Neuron,8.968609865470851
1721,Endo CLDN5 SLC7A5,Endo CLDN5 SLC7A5,Excitatory neuron,11.76470588235294,Pyramidal cells,9.411764705882355,Neuron,8.968609865470851
1722,L2-3 CUX2 ACVR1C THSD7A,L2-3 CUX2 ACVR1C THSD7A,Somatostatin interneuron,3.6363636363636362,Neurons,3.1620553359683794,Cajal-retzius cells,3.125
1723,Oligo MOG OPALIN,Oligo MOG OPALIN,Oligodendrocytes,11.594202898550725,Oligodendrocyte,9.44206008583691,Mature oligodendrocyte,7.2727272727272725
1724,Oligo MOG OPALIN,Oligo MOG OPALIN,Oligodendrocytes,11.594202898550725,Oligodendrocyte,9.44206008583691,Mature oligodendrocyte,7.2727272727272725
1725,Endo CLDN5 SLC7A5,Endo CLDN5 SLC7A5,Excitatory neuron,11.76470588235294,Pyramidal cells,9.411764705882355,Neuron,8.968609865470851
1726,Endo CLDN5 SLC7A5,Endo CLDN5 SLC7A5,Excitatory neuron,11.76470588235294,Pyramidal cells,9.411764705882355,Neuron,8.968609865470851
1727,Micro P2RY12 APBB1IP,Micro P2RY12 APBB1IP,Microglia,9.917355371900827,Microglial-specific cell,7.6923076923076925,Homeostatic microglial cell,7.142857142857142
1728,Astro AQP4 SLC1A2,Astro AQP4 SLC1A2,Astrocyte,6.94980694980695,Stem cell,5.47945205479452,Satellite glial cells,5.405405405405405
1729,Endo CLDN5 SLC7A5,Endo CLDN5 SLC7A5,Excitatory neuron,11.76470588235294,Pyramidal cells,9.411764705882355,Neuron,8.968609865470851
1730,Endo CLDN5 SLC7A5,Endo CLDN5 SLC7A5,Excitatory neuron,11.76470588235294,Pyramidal cells,9.411764705882355,Neuron,8.968609865470851
1731,L3-5 RORB MKX GRIN3A,L3-5 RORB MKX GRIN3A,Cajal-retzius cells,7.8125,Somatostatin interneuron,7.2727272727272725,Lake et al.science.in5,3.508771929824562
1732,Endo CLDN5 SLC7A5,Endo CLDN5 SLC7A5,Excitatory neuron,11.76470588235294,Pyramidal cells,9.411764705882355,Neuron,8.968609865470851
1733,Oligo MOG OPALIN,Oligo MOG OPALIN,Oligodendrocytes,11.594202898550725,Oligodendrocyte,9.44206008583691,Mature oligodendrocyte,7.2727272727272725
1734,Endo CLDN5 SLC7A5,Endo CLDN5 SLC7A5,Excitatory neuron,11.76470588235294,Pyramidal cells,9.411764705882355,Neuron,8.968609865470851
1735,Endo CLDN5 SLC7A5,Endo CLDN5 SLC7A5,Excitatory neuron,11.76470588235294,Pyramidal cells,9.411764705882355,Neuron,8.968609865470851
1736,Oligo MOG OPALIN,Oligo MOG OPALIN,Oligodendrocytes,11.594202898550725,Oligodendrocyte,9.44206008583691,Mature oligodendrocyte,7.2727272727272725
1737,L6 FEZF2 NPFFR2 KCNK2,L6 FEZF2 NPFFR2 KCNK2,Lake et al.science.ex6,16.666666666666664,Somatostatin interneuron,3.6363636363636362,Lake et al.science.in3,3.1746031746031753
1738,Endo CLDN5 SLC7A5,Endo CLDN5 SLC7A5,Excitatory neuron,11.76470588235294,Pyramidal cells,9.411764705882355,Neuron,8.968609865470851
1739,Micro P2RY12 APBB1IP,Micro P2RY12 APBB1IP,Microglia,9.917355371900827,Microglial-specific cell,7.6923076923076925,Homeostatic microglial cell,7.142857142857142
1740,Endo CLDN5 SLC7A5,Endo CLDN5 SLC7A5,Excitatory neuron,11.76470588235294,Pyramidal cells,9.411764705882355,Neuron,8.968609865470851
1741,Endo CLDN5 SLC7A5,Endo CLDN5 SLC7A5,Excitatory neuron,11.76470588235294,Pyramidal cells,9.411764705882355,Neuron,8.968609865470851
1742,Endo CLDN5 SLC7A5,Endo CLDN5 SLC7A5,Excitatory neuron,11.76470588235294,Pyramidal cells,9.411764705882355,Neuron,8.968609865470851
1743,Endo CLDN5 SLC7A5,Endo CLDN5 SLC7A5,Excitatory neuron,11.76470588235294,Pyramidal cells,9.411764705882355,Neuron,8.968609865470851
1744,Endo CLDN5 SLC7A5,Endo CLDN5 SLC7A5,Excitatory neuron,11.76470588235294,Pyramidal cells,9.411764705882355,Neuron,8.968609865470851
1745,Endo CLDN5 SLC7A5,Endo CLDN5 SLC7A5,Excitatory neuron,11.76470588235294,Pyramidal cells,9.411764705882355,Neuron,8.968609865470851
1746,Endo CLDN5 SLC7A5,Endo CLDN5 SLC7A5,Excitatory neuron,11.76470588235294,Pyramidal cells,9.411764705882355,Neuron,8.968609865470851
1747,Endo CLDN5 SLC7A5,Endo CLDN5 SLC7A5,Excitatory neuron,11.76470588235294,Pyramidal cells,9.411764705882355,Neuron,8.968609865470851
1748,Endo CLDN5 SLC7A5,Endo CLDN5 SLC7A5,Excitatory neuron,11.76470588235294,Pyramidal cells,9.411764705882355,Neuron,8.968609865470851
1749,Endo CLDN5 SLC7A5,Endo CLDN5 SLC7A5,Excitatory neuron,11.76470588235294,Pyramidal cells,9.411764705882355,Neuron,8.968609865470851
1750,Oligo MOG OPALIN,Oligo MOG OPALIN,Oligodendrocytes,11.594202898550725,Oligodendrocyte,9.44206008583691,Mature oligodendrocyte,7.2727272727272725
1751,Endo CLDN5 SLC7A5,Endo CLDN5 SLC7A5,Excitatory neuron,11.76470588235294,Pyramidal cells,9.411764705882355,Neuron,8.968609865470851
1752,Endo CLDN5 SLC7A5,Endo CLDN5 SLC7A5,Excitatory neuron,11.76470588235294,Pyramidal cells,9.411764705882355,Neuron,8.968609865470851
1753,Endo CLDN5 SLC7A5,Endo CLDN5 SLC7A5,Excitatory neuron,11.76470588235294,Pyramidal cells,9.411764705882355,Neuron,8.968609865470851
1754,Endo CLDN5 SLC7A5,Endo CLDN5 SLC7A5,Excitatory neuron,11.76470588235294,Pyramidal cells,9.411764705882355,Neuron,8.968609865470851
1755,L3-5 RORB MKX GRIN3A,L3-5 RORB MKX GRIN3A,Cajal-retzius cells,7.8125,Somatostatin interneuron,7.2727272727272725,Lake et al.science.in5,3.508771929824562
1756,PC P2RY14 GRM8,PC P2RY14 GRM8,Pericyte,8.695652173913043,Endothelial cell,7.692307692307692,Mural cell,7.017543859649124
1757,Endo CLDN5 SLC7A5,Endo CLDN5 SLC7A5,Excitatory neuron,11.76470588235294,Pyramidal cells,9.411764705882355,Neuron,8.968609865470851
1758,Endo CLDN5 SLC7A5,Endo CLDN5 SLC7A5,Excitatory neuron,11.76470588235294,Pyramidal cells,9.411764705882355,Neuron,8.968609865470851
1759,Endo CLDN5 SLC7A5,Endo CLDN5 SLC7A5,Excitatory neuron,11.76470588235294,Pyramidal cells,9.411764705882355,Neuron,8.968609865470851
1760,Endo CLDN5 SLC7A5,Endo CLDN5 SLC7A5,Excitatory neuron,11.76470588235294,Pyramidal cells,9.411764705882355,Neuron,8.968609865470851
1761,Astro AQP4 SLC1A2,Astro AQP4 SLC1A2,Astrocyte,6.94980694980695,Stem cell,5.47945205479452,Satellite glial cells,5.405405405405405
1762,Endo CLDN5 SLC7A5,Endo CLDN5 SLC7A5,Excitatory neuron,11.76470588235294,Pyramidal cells,9.411764705882355,Neuron,8.968609865470851
1763,L6 OPRK1 THEMIS RGS6,L6 OPRK1 THEMIS RGS6,Retinal ganglion cells,5.042016806722689,Neuron,4.484304932735426,Lake et al.science.ex8,3.669724770642202
1764,Endo CLDN5 SLC7A5,Endo CLDN5 SLC7A5,Excitatory neuron,11.76470588235294,Pyramidal cells,9.411764705882355,Neuron,8.968609865470851
1765,Astro AQP4 SLC1A2,Astro AQP4 SLC1A2,Astrocyte,6.94980694980695,Stem cell,5.47945205479452,Satellite glial cells,5.405405405405405
1766,L3-5 RORB MKX GRIN3A,L3-5 RORB MKX GRIN3A,Cajal-retzius cells,7.8125,Somatostatin interneuron,7.2727272727272725,Lake et al.science.in5,3.508771929824562
1767,InN SST FREM1,InN SST FREM1,Purkinje neurons,9.174311926605505,Oligodendrocyte precursor cell,6.349206349206351,Neuron,5.381165919282512
1768,OPC PDGFRA PCDH15,OPC PDGFRA PCDH15,Oligodendrocyte precursor cell,22.22222222222222,Oligodendrocyte progenitor cells,15.384615384615383,Oligodendrocyte progenitor cell,13.114754098360654
1769,InN SST FREM1,InN SST FREM1,Purkinje neurons,9.174311926605505,Oligodendrocyte precursor cell,6.349206349206351,Neuron,5.381165919282512
1770,Endo CLDN5 SLC7A5,Endo CLDN5 SLC7A5,Excitatory neuron,11.76470588235294,Pyramidal cells,9.411764705882355,Neuron,8.968609865470851
1771,Endo CLDN5 SLC7A5,Endo CLDN5 SLC7A5,Excitatory neuron,11.76470588235294,Pyramidal cells,9.411764705882355,Neuron,8.968609865470851
1772,InN LAMP5 BMP7,InN LAMP5 BMP7,Lake et al.science.in4,7.142857142857142,Bergmann glia,6.593406593406592,Gabaergic neurons,6.153846153846153
1773,Endo CLDN5 SLC7A5,Endo CLDN5 SLC7A5,Excitatory neuron,11.76470588235294,Pyramidal cells,9.411764705882355,Neuron,8.968609865470851
1774,L6 OPRK1 THEMIS RGS6,L6 OPRK1 THEMIS RGS6,Retinal ganglion cells,5.042016806722689,Neuron,4.484304932735426,Lake et al.science.ex8,3.669724770642202
1775,Endo CLDN5 SLC7A5,Endo CLDN5 SLC7A5,Excitatory neuron,11.76470588235294,Pyramidal cells,9.411764705882355,Neuron,8.968609865470851
1776,Endo CLDN5 SLC7A5,Endo CLDN5 SLC7A5,Excitatory neuron,11.76470588235294,Pyramidal cells,9.411764705882355,Neuron,8.968609865470851
1777,Oligo MOG OPALIN,Oligo MOG OPALIN,Oligodendrocytes,11.594202898550725,Oligodendrocyte,9.44206008583691,Mature oligodendrocyte,7.2727272727272725
1778,Oligo MOG OPALIN,Oligo MOG OPALIN,Oligodendrocytes,11.594202898550725,Oligodendrocyte,9.44206008583691,Mature oligodendrocyte,7.2727272727272725
1779,Endo CLDN5 SLC7A5,Endo CLDN5 SLC7A5,Excitatory neuron,11.76470588235294,Pyramidal cells,9.411764705882355,Neuron,8.968609865470851
1780,Endo CLDN5 SLC7A5,Endo CLDN5 SLC7A5,Excitatory neuron,11.76470588235294,Pyramidal cells,9.411764705882355,Neuron,8.968609865470851
1781,Endo CLDN5 SLC7A5,Endo CLDN5 SLC7A5,Excitatory neuron,11.76470588235294,Pyramidal cells,9.411764705882355,Neuron,8.968609865470851
1782,Endo CLDN5 SLC7A5,Endo CLDN5 SLC7A5,Excitatory neuron,11.76470588235294,Pyramidal cells,9.411764705882355,Neuron,8.968609865470851
1783,InN PVALB HPSE,InN PVALB HPSE,Parvalbumin interneuron,7.4074074074074066,Lake et al.science.ex6,7.1428571428571415,Purkinje neurons,5.5045871559633035
1784,Endo CLDN5 SLC7A5,Endo CLDN5 SLC7A5,Excitatory neuron,11.76470588235294,Pyramidal cells,9.411764705882355,Neuron,8.968609865470851
1785,Endo CLDN5 SLC7A5,Endo CLDN5 SLC7A5,Excitatory neuron,11.76470588235294,Pyramidal cells,9.411764705882355,Neuron,8.968609865470851
1786,L2-3 CUX2 ACVR1C THSD7A,L2-3 CUX2 ACVR1C THSD7A,Somatostatin interneuron,3.6363636363636362,Neurons,3.1620553359683794,Cajal-retzius cells,3.125
1787,Endo CLDN5 SLC7A5,Endo CLDN5 SLC7A5,Excitatory neuron,11.76470588235294,Pyramidal cells,9.411764705882355,Neuron,8.968609865470851
1788,L6 FEZF2 NPFFR2 KCNK2,L6 FEZF2 NPFFR2 KCNK2,Lake et al.science.ex6,16.666666666666664,Somatostatin interneuron,3.6363636363636362,Lake et al.science.in3,3.1746031746031753
1789,Oligo MOG OPALIN,Oligo MOG OPALIN,Oligodendrocytes,11.594202898550725,Oligodendrocyte,9.44206008583691,Mature oligodendrocyte,7.2727272727272725
1790,Endo CLDN5 SLC7A5,Endo CLDN5 SLC7A5,Excitatory neuron,11.76470588235294,Pyramidal cells,9.411764705882355,Neuron,8.968609865470851
1791,Endo CLDN5 SLC7A5,Endo CLDN5 SLC7A5,Excitatory neuron,11.76470588235294,Pyramidal cells,9.411764705882355,Neuron,8.968609865470851
1792,Oligo MOG OPALIN,Oligo MOG OPALIN,Oligodendrocytes,11.594202898550725,Oligodendrocyte,9.44206008583691,Mature oligodendrocyte,7.2727272727272725
1793,OPC PDGFRA PCDH15,OPC PDGFRA PCDH15,Oligodendrocyte precursor cell,22.22222222222222,Oligodendrocyte progenitor cells,15.384615384615383,Oligodendrocyte progenitor cell,13.114754098360654
1794,Endo CLDN5 SLC7A5,Endo CLDN5 SLC7A5,Excitatory neuron,11.76470588235294,Pyramidal cells,9.411764705882355,Neuron,8.968609865470851
1795,Endo CLDN5 SLC7A5,Endo CLDN5 SLC7A5,Excitatory neuron,11.76470588235294,Pyramidal cells,9.411764705882355,Neuron,8.968609865470851
1796,Endo CLDN5 SLC7A5,Endo CLDN5 SLC7A5,Excitatory neuron,11.76470588235294,Pyramidal cells,9.411764705882355,Neuron,8.968609865470851
1797,Micro P2RY12 APBB1IP,Micro P2RY12 APBB1IP,Microglia,9.917355371900827,Microglial-specific cell,7.6923076923076925,Homeostatic microglial cell,7.142857142857142
1798,L3-5 RORB MKX GRIN3A,L3-5 RORB MKX GRIN3A,Cajal-retzius cells,7.8125,Somatostatin interneuron,7.2727272727272725,Lake et al.science.in5,3.508771929824562
1799,Endo CLDN5 SLC7A5,Endo CLDN5 SLC7A5,Excitatory neuron,11.76470588235294,Pyramidal cells,9.411764705882355,Neuron,8.968609865470851
1800,Endo CLDN5 SLC7A5,Endo CLDN5 SLC7A5,Excitatory neuron,11.76470588235294,Pyramidal cells,9.411764705882355,Neuron,8.968609865470851
1801,L2-3 CUX2 ACVR1C THSD7A,L2-3 CUX2 ACVR1C THSD7A,Somatostatin interneuron,3.6363636363636362,Neurons,3.1620553359683794,Cajal-retzius cells,3.125
1802,Endo CLDN5 SLC7A5,Endo CLDN5 SLC7A5,Excitatory neuron,11.76470588235294,Pyramidal cells,9.411764705882355,Neuron,8.968609865470851
1803,Endo CLDN5 SLC7A5,Endo CLDN5 SLC7A5,Excitatory neuron,11.76470588235294,Pyramidal cells,9.411764705882355,Neuron,8.968609865470851
1804,Endo CLDN5 SLC7A5,Endo CLDN5 SLC7A5,Excitatory neuron,11.76470588235294,Pyramidal cells,9.411764705882355,Neuron,8.968609865470851
1805,PC P2RY14 GRM8,PC P2RY14 GRM8,Pericyte,8.695652173913043,Endothelial cell,7.692307692307692,Mural cell,7.017543859649124
1806,Endo CLDN5 SLC7A5,Endo CLDN5 SLC7A5,Excitatory neuron,11.76470588235294,Pyramidal cells,9.411764705882355,Neuron,8.968609865470851
1807,L3-5 RORB MKX GRIN3A,L3-5 RORB MKX GRIN3A,Cajal-retzius cells,7.8125,Somatostatin interneuron,7.2727272727272725,Lake et al.science.in5,3.508771929824562
1808,Oligo MOG OPALIN,Oligo MOG OPALIN,Oligodendrocytes,11.594202898550725,Oligodendrocyte,9.44206008583691,Mature oligodendrocyte,7.2727272727272725
1809,Endo CLDN5 SLC7A5,Endo CLDN5 SLC7A5,Excitatory neuron,11.76470588235294,Pyramidal cells,9.411764705882355,Neuron,8.968609865470851
1810,Astro AQP4 SLC1A2,Astro AQP4 SLC1A2,Astrocyte,6.94980694980695,Stem cell,5.47945205479452,Satellite glial cells,5.405405405405405
1811,InN SST FREM1,InN SST FREM1,Purkinje neurons,9.174311926605505,Oligodendrocyte precursor cell,6.349206349206351,Neuron,5.381165919282512
1812,Endo CLDN5 SLC7A5,Endo CLDN5 SLC7A5,Excitatory neuron,11.76470588235294,Pyramidal cells,9.411764705882355,Neuron,8.968609865470851
1813,Endo CLDN5 SLC7A5,Endo CLDN5 SLC7A5,Excitatory neuron,11.76470588235294,Pyramidal cells,9.411764705882355,Neuron,8.968609865470851
1814,Endo CLDN5 SLC7A5,Endo CLDN5 SLC7A5,Excitatory neuron,11.76470588235294,Pyramidal cells,9.411764705882355,Neuron,8.968609865470851
1815,Endo CLDN5 SLC7A5,Endo CLDN5 SLC7A5,Excitatory neuron,11.76470588235294,Pyramidal cells,9.411764705882355,Neuron,8.968609865470851
1816,Astro AQP4 SLC1A2,Astro AQP4 SLC1A2,Astrocyte,6.94980694980695,Stem cell,5.47945205479452,Satellite glial cells,5.405405405405405
1817,Endo CLDN5 SLC7A5,Endo CLDN5 SLC7A5,Excitatory neuron,11.76470588235294,Pyramidal cells,9.411764705882355,Neuron,8.968609865470851
1818,Micro P2RY12 APBB1IP,Micro P2RY12 APBB1IP,Microglia,9.917355371900827,Microglial-specific cell,7.6923076923076925,Homeostatic microglial cell,7.142857142857142
1819,OPC PDGFRA PCDH15,OPC PDGFRA PCDH15,Oligodendrocyte precursor cell,22.22222222222222,Oligodendrocyte progenitor cells,15.384615384615383,Oligodendrocyte progenitor cell,13.114754098360654
1820,Endo CLDN5 SLC7A5,Endo CLDN5 SLC7A5,Excitatory neuron,11.76470588235294,Pyramidal cells,9.411764705882355,Neuron,8.968609865470851
1821,L6 OPRK1 THEMIS RGS6,L6 OPRK1 THEMIS RGS6,Retinal ganglion cells,5.042016806722689,Neuron,4.484304932735426,Lake et al.science.ex8,3.669724770642202
1822,Oligo MOG OPALIN,Oligo MOG OPALIN,Oligodendrocytes,11.594202898550725,Oligodendrocyte,9.44206008583691,Mature oligodendrocyte,7.2727272727272725
1823,L2-3 CUX2 ACVR1C THSD7A,L2-3 CUX2 ACVR1C THSD7A,Somatostatin interneuron,3.6363636363636362,Neurons,3.1620553359683794,Cajal-retzius cells,3.125
1824,Endo CLDN5 SLC7A5,Endo CLDN5 SLC7A5,Excitatory neuron,11.76470588235294,Pyramidal cells,9.411764705882355,Neuron,8.968609865470851
1825,Endo CLDN5 SLC7A5,Endo CLDN5 SLC7A5,Excitatory neuron,11.76470588235294,Pyramidal cells,9.411764705882355,Neuron,8.968609865470851
1826,Oligo MOG OPALIN,Oligo MOG OPALIN,Oligodendrocytes,11.594202898550725,Oligodendrocyte,9.44206008583691,Mature oligodendrocyte,7.2727272727272725
1827,Endo CLDN5 SLC7A5,Endo CLDN5 SLC7A5,Excitatory neuron,11.76470588235294,Pyramidal cells,9.411764705882355,Neuron,8.968609865470851
1828,Endo CLDN5 SLC7A5,Endo CLDN5 SLC7A5,Excitatory neuron,11.76470588235294,Pyramidal cells,9.411764705882355,Neuron,8.968609865470851
1829,Oligo MOG OPALIN,Oligo MOG OPALIN,Oligodendrocytes,11.594202898550725,Oligodendrocyte,9.44206008583691,Mature oligodendrocyte,7.2727272727272725
1830,Oligo MOG OPALIN,Oligo MOG OPALIN,Oligodendrocytes,11.594202898550725,Oligodendrocyte,9.44206008583691,Mature oligodendrocyte,7.2727272727272725
1831,Endo CLDN5 SLC7A5,Endo CLDN5 SLC7A5,Excitatory neuron,11.76470588235294,Pyramidal cells,9.411764705882355,Neuron,8.968609865470851
1832,Endo CLDN5 SLC7A5,Endo CLDN5 SLC7A5,Excitatory neuron,11.76470588235294,Pyramidal cells,9.411764705882355,Neuron,8.968609865470851
1833,Oligo MOG OPALIN,Oligo MOG OPALIN,Oligodendrocytes,11.594202898550725,Oligodendrocyte,9.44206008583691,Mature oligodendrocyte,7.2727272727272725
1834,Endo CLDN5 SLC7A5,Endo CLDN5 SLC7A5,Excitatory neuron,11.76470588235294,Pyramidal cells,9.411764705882355,Neuron,8.968609865470851
1835,Oligo MOG OPALIN,Oligo MOG OPALIN,Oligodendrocytes,11.594202898550725,Oligodendrocyte,9.44206008583691,Mature oligodendrocyte,7.2727272727272725
1836,L3-5 RORB GABRG1 KCNH7,L3-5 RORB GABRG1 KCNH7,Somatostatin interneuron,3.6363636363636362,Lake et al.science.in5,3.508771929824562,Lake et al.science.ex5,3.389830508474577
1837,Endo CLDN5 SLC7A5,Endo CLDN5 SLC7A5,Excitatory neuron,11.76470588235294,Pyramidal cells,9.411764705882355,Neuron,8.968609865470851
1838,Endo CLDN5 SLC7A5,Endo CLDN5 SLC7A5,Excitatory neuron,11.76470588235294,Pyramidal cells,9.411764705882355,Neuron,8.968609865470851
1839,Endo CLDN5 SLC7A5,Endo CLDN5 SLC7A5,Excitatory neuron,11.76470588235294,Pyramidal cells,9.411764705882355,Neuron,8.968609865470851
1840,Endo CLDN5 SLC7A5,Endo CLDN5 SLC7A5,Excitatory neuron,11.76470588235294,Pyramidal cells,9.411764705882355,Neuron,8.968609865470851
1841,Oligo MOG OPALIN,Oligo MOG OPALIN,Oligodendrocytes,11.594202898550725,Oligodendrocyte,9.44206008583691,Mature oligodendrocyte,7.2727272727272725
1842,Endo CLDN5 SLC7A5,Endo CLDN5 SLC7A5,Excitatory neuron,11.76470588235294,Pyramidal cells,9.411764705882355,Neuron,8.968609865470851
1843,Endo CLDN5 SLC7A5,Endo CLDN5 SLC7A5,Excitatory neuron,11.76470588235294,Pyramidal cells,9.411764705882355,Neuron,8.968609865470851
1844,Endo CLDN5 SLC7A5,Endo CLDN5 SLC7A5,Excitatory neuron,11.76470588235294,Pyramidal cells,9.411764705882355,Neuron,8.968609865470851
1845,Endo CLDN5 SLC7A5,Endo CLDN5 SLC7A5,Excitatory neuron,11.76470588235294,Pyramidal cells,9.411764705882355,Neuron,8.968609865470851
1846,Endo CLDN5 SLC7A5,Endo CLDN5 SLC7A5,Excitatory neuron,11.76470588235294,Pyramidal cells,9.411764705882355,Neuron,8.968609865470851
1847,Endo CLDN5 SLC7A5,Endo CLDN5 SLC7A5,Excitatory neuron,11.76470588235294,Pyramidal cells,9.411764705882355,Neuron,8.968609865470851
1848,Endo CLDN5 SLC7A5,Endo CLDN5 SLC7A5,Excitatory neuron,11.76470588235294,Pyramidal cells,9.411764705882355,Neuron,8.968609865470851
1849,Endo CLDN5 SLC7A5,Endo CLDN5 SLC7A5,Excitatory neuron,11.76470588235294,Pyramidal cells,9.411764705882355,Neuron,8.968609865470851
1850,Endo CLDN5 SLC7A5,Endo CLDN5 SLC7A5,Excitatory neuron,11.76470588235294,Pyramidal cells,9.411764705882355,Neuron,8.968609865470851
1851,Oligo MOG OPALIN,Oligo MOG OPALIN,Oligodendrocytes,11.594202898550725,Oligodendrocyte,9.44206008583691,Mature oligodendrocyte,7.2727272727272725
1852,Endo CLDN5 SLC7A5,Endo CLDN5 SLC7A5,Excitatory neuron,11.76470588235294,Pyramidal cells,9.411764705882355,Neuron,8.968609865470851
1853,L2-3 CUX2 ACVR1C THSD7A,L2-3 CUX2 ACVR1C THSD7A,Somatostatin interneuron,3.6363636363636362,Neurons,3.1620553359683794,Cajal-retzius cells,3.125
1854,OPC PDGFRA PCDH15,OPC PDGFRA PCDH15,Oligodendrocyte precursor cell,22.22222222222222,Oligodendrocyte progenitor cells,15.384615384615383,Oligodendrocyte progenitor cell,13.114754098360654
1855,Endo CLDN5 SLC7A5,Endo CLDN5 SLC7A5,Excitatory neuron,11.76470588235294,Pyramidal cells,9.411764705882355,Neuron,8.968609865470851
1856,Endo CLDN5 SLC7A5,Endo CLDN5 SLC7A5,Excitatory neuron,11.76470588235294,Pyramidal cells,9.411764705882355,Neuron,8.968609865470851
1857,Endo CLDN5 SLC7A5,Endo CLDN5 SLC7A5,Excitatory neuron,11.76470588235294,Pyramidal cells,9.411764705882355,Neuron,8.968609865470851
1858,Endo CLDN5 SLC7A5,Endo CLDN5 SLC7A5,Excitatory neuron,11.76470588235294,Pyramidal cells,9.411764705882355,Neuron,8.968609865470851
1859,Endo CLDN5 SLC7A5,Endo CLDN5 SLC7A5,Excitatory neuron,11.76470588235294,Pyramidal cells,9.411764705882355,Neuron,8.968609865470851
1860,Oligo MOG OPALIN,Oligo MOG OPALIN,Oligodendrocytes,11.594202898550725,Oligodendrocyte,9.44206008583691,Mature oligodendrocyte,7.2727272727272725
1861,Endo CLDN5 SLC7A5,Endo CLDN5 SLC7A5,Excitatory neuron,11.76470588235294,Pyramidal cells,9.411764705882355,Neuron,8.968609865470851
1862,Oligo MOG OPALIN,Oligo MOG OPALIN,Oligodendrocytes,11.594202898550725,Oligodendrocyte,9.44206008583691,Mature oligodendrocyte,7.2727272727272725
1863,Endo CLDN5 SLC7A5,Endo CLDN5 SLC7A5,Excitatory neuron,11.76470588235294,Pyramidal cells,9.411764705882355,Neuron,8.968609865470851
1864,InN PVALB HPSE,InN PVALB HPSE,Parvalbumin interneuron,7.4074074074074066,Lake et al.science.ex6,7.1428571428571415,Purkinje neurons,5.5045871559633035
1865,L3-5 RORB MKX GRIN3A,L3-5 RORB MKX GRIN3A,Cajal-retzius cells,7.8125,Somatostatin interneuron,7.2727272727272725,Lake et al.science.in5,3.508771929824562
1866,Endo CLDN5 SLC7A5,Endo CLDN5 SLC7A5,Excitatory neuron,11.76470588235294,Pyramidal cells,9.411764705882355,Neuron,8.968609865470851
1867,Micro P2RY12 APBB1IP,Micro P2RY12 APBB1IP,Microglia,9.917355371900827,Microglial-specific cell,7.6923076923076925,Homeostatic microglial cell,7.142857142857142
1868,Endo CLDN5 SLC7A5,Endo CLDN5 SLC7A5,Excitatory neuron,11.76470588235294,Pyramidal cells,9.411764705882355,Neuron,8.968609865470851
1869,Micro P2RY12 APBB1IP,Micro P2RY12 APBB1IP,Microglia,9.917355371900827,Microglial-specific cell,7.6923076923076925,Homeostatic microglial cell,7.142857142857142
1870,L3-5 RORB PCBP3 IL1RAPL2,L3-5 RORB PCBP3 IL1RAPL2,Retinal ganglion cells,3.361344537815126,Lake et al.science.ex4,3.1746031746031753,Neuroendocrine cells,2.5974025974025974
1871,InN VIP HS3ST3B1,InN VIP HS3ST3B1,Purkinje neurons,7.339449541284404,Neuroblasts,6.0,Lake et al.science.ex8,5.5045871559633035
1872,Endo CLDN5 SLC7A5,Endo CLDN5 SLC7A5,Excitatory neuron,11.76470588235294,Pyramidal cells,9.411764705882355,Neuron,8.968609865470851
1873,Endo CLDN5 SLC7A5,Endo CLDN5 SLC7A5,Excitatory neuron,11.76470588235294,Pyramidal cells,9.411764705882355,Neuron,8.968609865470851
1874,Endo CLDN5 SLC7A5,Endo CLDN5 SLC7A5,Excitatory neuron,11.76470588235294,Pyramidal cells,9.411764705882355,Neuron,8.968609865470851
1875,Endo CLDN5 SLC7A5,Endo CLDN5 SLC7A5,Excitatory neuron,11.76470588235294,Pyramidal cells,9.411764705882355,Neuron,8.968609865470851
1876,Endo CLDN5 SLC7A5,Endo CLDN5 SLC7A5,Excitatory neuron,11.76470588235294,Pyramidal cells,9.411764705882355,Neuron,8.968609865470851
1877,Endo CLDN5 SLC7A5,Endo CLDN5 SLC7A5,Excitatory neuron,11.76470588235294,Pyramidal cells,9.411764705882355,Neuron,8.968609865470851
1878,InN PVALB HPSE,InN PVALB HPSE,Parvalbumin interneuron,7.4074074074074066,Lake et al.science.ex6,7.1428571428571415,Purkinje neurons,5.5045871559633035
1879,Oligo MOG OPALIN,Oligo MOG OPALIN,Oligodendrocytes,11.594202898550725,Oligodendrocyte,9.44206008583691,Mature oligodendrocyte,7.2727272727272725
1880,Endo CLDN5 SLC7A5,Endo CLDN5 SLC7A5,Excitatory neuron,11.76470588235294,Pyramidal cells,9.411764705882355,Neuron,8.968609865470851
1881,Astro AQP4 SLC1A2,Astro AQP4 SLC1A2,Astrocyte,6.94980694980695,Stem cell,5.47945205479452,Satellite glial cells,5.405405405405405
1882,Oligo MOG OPALIN,Oligo MOG OPALIN,Oligodendrocytes,11.594202898550725,Oligodendrocyte,9.44206008583691,Mature oligodendrocyte,7.2727272727272725
1883,Endo CLDN5 SLC7A5,Endo CLDN5 SLC7A5,Excitatory neuron,11.76470588235294,Pyramidal cells,9.411764705882355,Neuron,8.968609865470851
1884,Endo CLDN5 SLC7A5,Endo CLDN5 SLC7A5,Excitatory neuron,11.76470588235294,Pyramidal cells,9.411764705882355,Neuron,8.968609865470851
1885,Endo CLDN5 SLC7A5,Endo CLDN5 SLC7A5,Excitatory neuron,11.76470588235294,Pyramidal cells,9.411764705882355,Neuron,8.968609865470851
1886,Oligo MOG OPALIN,Oligo MOG OPALIN,Oligodendrocytes,11.594202898550725,Oligodendrocyte,9.44206008583691,Mature oligodendrocyte,7.2727272727272725
1887,Astro AQP4 SLC1A2,Astro AQP4 SLC1A2,Astrocyte,6.94980694980695,Stem cell,5.47945205479452,Satellite glial cells,5.405405405405405
1888,Endo CLDN5 SLC7A5,Endo CLDN5 SLC7A5,Excitatory neuron,11.76470588235294,Pyramidal cells,9.411764705882355,Neuron,8.968609865470851
1889,Endo CLDN5 SLC7A5,Endo CLDN5 SLC7A5,Excitatory neuron,11.76470588235294,Pyramidal cells,9.411764705882355,Neuron,8.968609865470851
1890,Astro AQP4 SLC1A2,Astro AQP4 SLC1A2,Astrocyte,6.94980694980695,Stem cell,5.47945205479452,Satellite glial cells,5.405405405405405
1891,InN SST FREM1,InN SST FREM1,Purkinje neurons,9.174311926605505,Oligodendrocyte precursor cell,6.349206349206351,Neuron,5.381165919282512
1892,Endo CLDN5 SLC7A5,Endo CLDN5 SLC7A5,Excitatory neuron,11.76470588235294,Pyramidal cells,9.411764705882355,Neuron,8.968609865470851
1893,Endo CLDN5 SLC7A5,Endo CLDN5 SLC7A5,Excitatory neuron,11.76470588235294,Pyramidal cells,9.411764705882355,Neuron,8.968609865470851
1894,Oligo MOG OPALIN,Oligo MOG OPALIN,Oligodendrocytes,11.594202898550725,Oligodendrocyte,9.44206008583691,Mature oligodendrocyte,7.2727272727272725
1895,Endo CLDN5 SLC7A5,Endo CLDN5 SLC7A5,Excitatory neuron,11.76470588235294,Pyramidal cells,9.411764705882355,Neuron,8.968609865470851
1896,OPC PDGFRA PCDH15,OPC PDGFRA PCDH15,Oligodendrocyte precursor cell,22.22222222222222,Oligodendrocyte progenitor cells,15.384615384615383,Oligodendrocyte progenitor cell,13.114754098360654
1897,Endo CLDN5 SLC7A5,Endo CLDN5 SLC7A5,Excitatory neuron,11.76470588235294,Pyramidal cells,9.411764705882355,Neuron,8.968609865470851
1898,OPC PDGFRA PCDH15,OPC PDGFRA PCDH15,Oligodendrocyte precursor cell,22.22222222222222,Oligodendrocyte progenitor cells,15.384615384615383,Oligodendrocyte progenitor cell,13.114754098360654
1899,Endo CLDN5 SLC7A5,Endo CLDN5 SLC7A5,Excitatory neuron,11.76470588235294,Pyramidal cells,9.411764705882355,Neuron,8.968609865470851
1900,PC P2RY14 GRM8,PC P2RY14 GRM8,Pericyte,8.695652173913043,Endothelial cell,7.692307692307692,Mural cell,7.017543859649124
1901,Endo CLDN5 SLC7A5,Endo CLDN5 SLC7A5,Excitatory neuron,11.76470588235294,Pyramidal cells,9.411764705882355,Neuron,8.968609865470851
1902,Endo CLDN5 SLC7A5,Endo CLDN5 SLC7A5,Excitatory neuron,11.76470588235294,Pyramidal cells,9.411764705882355,Neuron,8.968609865470851
1903,Endo CLDN5 SLC7A5,Endo CLDN5 SLC7A5,Excitatory neuron,11.76470588235294,Pyramidal cells,9.411764705882355,Neuron,8.968609865470851
1904,Endo CLDN5 SLC7A5,Endo CLDN5 SLC7A5,Excitatory neuron,11.76470588235294,Pyramidal cells,9.411764705882355,Neuron,8.968609865470851
1905,Endo CLDN5 SLC7A5,Endo CLDN5 SLC7A5,Excitatory neuron,11.76470588235294,Pyramidal cells,9.411764705882355,Neuron,8.968609865470851
1906,Endo CLDN5 SLC7A5,Endo CLDN5 SLC7A5,Excitatory neuron,11.76470588235294,Pyramidal cells,9.411764705882355,Neuron,8.968609865470851
1907,Endo CLDN5 SLC7A5,Endo CLDN5 SLC7A5,Excitatory neuron,11.76470588235294,Pyramidal cells,9.411764705882355,Neuron,8.968609865470851
1908,Endo CLDN5 SLC7A5,Endo CLDN5 SLC7A5,Excitatory neuron,11.76470588235294,Pyramidal cells,9.411764705882355,Neuron,8.968609865470851
1909,Endo CLDN5 SLC7A5,Endo CLDN5 SLC7A5,Excitatory neuron,11.76470588235294,Pyramidal cells,9.411764705882355,Neuron,8.968609865470851
1910,Endo CLDN5 SLC7A5,Endo CLDN5 SLC7A5,Excitatory neuron,11.76470588235294,Pyramidal cells,9.411764705882355,Neuron,8.968609865470851
1911,Endo CLDN5 SLC7A5,Endo CLDN5 SLC7A5,Excitatory neuron,11.76470588235294,Pyramidal cells,9.411764705882355,Neuron,8.968609865470851
1912,OPC PDGFRA PCDH15,OPC PDGFRA PCDH15,Oligodendrocyte precursor cell,22.22222222222222,Oligodendrocyte progenitor cells,15.384615384615383,Oligodendrocyte progenitor cell,13.114754098360654
1913,Endo CLDN5 SLC7A5,Endo CLDN5 SLC7A5,Excitatory neuron,11.76470588235294,Pyramidal cells,9.411764705882355,Neuron,8.968609865470851
1914,Oligo MOG OPALIN,Oligo MOG OPALIN,Oligodendrocytes,11.594202898550725,Oligodendrocyte,9.44206008583691,Mature oligodendrocyte,7.2727272727272725
1915,Micro P2RY12 APBB1IP,Micro P2RY12 APBB1IP,Microglia,9.917355371900827,Microglial-specific cell,7.6923076923076925,Homeostatic microglial cell,7.142857142857142
1916,L3-5 RORB GABRG1 KCNH7,L3-5 RORB GABRG1 KCNH7,Somatostatin interneuron,3.6363636363636362,Lake et al.science.in5,3.508771929824562,Lake et al.science.ex5,3.389830508474577
1917,Micro P2RY12 APBB1IP,Micro P2RY12 APBB1IP,Microglia,9.917355371900827,Microglial-specific cell,7.6923076923076925,Homeostatic microglial cell,7.142857142857142
1918,Endo CLDN5 SLC7A5,Endo CLDN5 SLC7A5,Excitatory neuron,11.76470588235294,Pyramidal cells,9.411764705882355,Neuron,8.968609865470851
1919,Endo CLDN5 SLC7A5,Endo CLDN5 SLC7A5,Excitatory neuron,11.76470588235294,Pyramidal cells,9.411764705882355,Neuron,8.968609865470851
1920,Endo CLDN5 SLC7A5,Endo CLDN5 SLC7A5,Excitatory neuron,11.76470588235294,Pyramidal cells,9.411764705882355,Neuron,8.968609865470851
1921,Endo CLDN5 SLC7A5,Endo CLDN5 SLC7A5,Excitatory neuron,11.76470588235294,Pyramidal cells,9.411764705882355,Neuron,8.968609865470851
1922,Oligo MOG OPALIN,Oligo MOG OPALIN,Oligodendrocytes,11.594202898550725,Oligodendrocyte,9.44206008583691,Mature oligodendrocyte,7.2727272727272725
1923,Micro P2RY12 APBB1IP,Micro P2RY12 APBB1IP,Microglia,9.917355371900827,Microglial-specific cell,7.6923076923076925,Homeostatic microglial cell,7.142857142857142
1924,Endo CLDN5 SLC7A5,Endo CLDN5 SLC7A5,Excitatory neuron,11.76470588235294,Pyramidal cells,9.411764705882355,Neuron,8.968609865470851
1925,Endo CLDN5 SLC7A5,Endo CLDN5 SLC7A5,Excitatory neuron,11.76470588235294,Pyramidal cells,9.411764705882355,Neuron,8.968609865470851
1926,Oligo MOG OPALIN,Oligo MOG OPALIN,Oligodendrocytes,11.594202898550725,Oligodendrocyte,9.44206008583691,Mature oligodendrocyte,7.2727272727272725
1927,Endo CLDN5 SLC7A5,Endo CLDN5 SLC7A5,Excitatory neuron,11.76470588235294,Pyramidal cells,9.411764705882355,Neuron,8.968609865470851
1928,Oligo MOG OPALIN,Oligo MOG OPALIN,Oligodendrocytes,11.594202898550725,Oligodendrocyte,9.44206008583691,Mature oligodendrocyte,7.2727272727272725
1929,L6 FEZF2 NPFFR2 KCNK2,L6 FEZF2 NPFFR2 KCNK2,Lake et al.science.ex6,16.666666666666664,Somatostatin interneuron,3.6363636363636362,Lake et al.science.in3,3.1746031746031753
1930,Astro AQP4 SLC1A2,Astro AQP4 SLC1A2,Astrocyte,6.94980694980695,Stem cell,5.47945205479452,Satellite glial cells,5.405405405405405
1931,Endo CLDN5 SLC7A5,Endo CLDN5 SLC7A5,Excitatory neuron,11.76470588235294,Pyramidal cells,9.411764705882355,Neuron,8.968609865470851
1932,Endo CLDN5 SLC7A5,Endo CLDN5 SLC7A5,Excitatory neuron,11.76470588235294,Pyramidal cells,9.411764705882355,Neuron,8.968609865470851
1933,Endo CLDN5 SLC7A5,Endo CLDN5 SLC7A5,Excitatory neuron,11.76470588235294,Pyramidal cells,9.411764705882355,Neuron,8.968609865470851
1934,Endo CLDN5 SLC7A5,Endo CLDN5 SLC7A5,Excitatory neuron,11.76470588235294,Pyramidal cells,9.411764705882355,Neuron,8.968609865470851
1935,OPC PDGFRA PCDH15,OPC PDGFRA PCDH15,Oligodendrocyte precursor cell,22.22222222222222,Oligodendrocyte progenitor cells,15.384615384615383,Oligodendrocyte progenitor cell,13.114754098360654
1936,Oligo MOG OPALIN,Oligo MOG OPALIN,Oligodendrocytes,11.594202898550725,Oligodendrocyte,9.44206008583691,Mature oligodendrocyte,7.2727272727272725
1937,PC P2RY14 GRM8,PC P2RY14 GRM8,Pericyte,8.695652173913043,Endothelial cell,7.692307692307692,Mural cell,7.017543859649124
1938,Micro P2RY12 APBB1IP,Micro P2RY12 APBB1IP,Microglia,9.917355371900827,Microglial-specific cell,7.6923076923076925,Homeostatic microglial cell,7.142857142857142
1939,Endo CLDN5 SLC7A5,Endo CLDN5 SLC7A5,Excitatory neuron,11.76470588235294,Pyramidal cells,9.411764705882355,Neuron,8.968609865470851
1940,L2-3 CUX2 ACVR1C THSD7A,L2-3 CUX2 ACVR1C THSD7A,Somatostatin interneuron,3.6363636363636362,Neurons,3.1620553359683794,Cajal-retzius cells,3.125
1941,L2-3 CUX2 ACVR1C THSD7A,L2-3 CUX2 ACVR1C THSD7A,Somatostatin interneuron,3.6363636363636362,Neurons,3.1620553359683794,Cajal-retzius cells,3.125
1942,Endo CLDN5 SLC7A5,Endo CLDN5 SLC7A5,Excitatory neuron,11.76470588235294,Pyramidal cells,9.411764705882355,Neuron,8.968609865470851
1943,InN SST FREM1,InN SST FREM1,Purkinje neurons,9.174311926605505,Oligodendrocyte precursor cell,6.349206349206351,Neuron,5.381165919282512
1944,Micro P2RY12 APBB1IP,Micro P2RY12 APBB1IP,Microglia,9.917355371900827,Microglial-specific cell,7.6923076923076925,Homeostatic microglial cell,7.142857142857142
1945,Endo CLDN5 SLC7A5,Endo CLDN5 SLC7A5,Excitatory neuron,11.76470588235294,Pyramidal cells,9.411764705882355,Neuron,8.968609865470851
1946,Oligo MOG OPALIN,Oligo MOG OPALIN,Oligodendrocytes,11.594202898550725,Oligodendrocyte,9.44206008583691,Mature oligodendrocyte,7.2727272727272725
1947,Endo CLDN5 SLC7A5,Endo CLDN5 SLC7A5,Excitatory neuron,11.76470588235294,Pyramidal cells,9.411764705882355,Neuron,8.968609865470851
1948,Endo CLDN5 SLC7A5,Endo CLDN5 SLC7A5,Excitatory neuron,11.76470588235294,Pyramidal cells,9.411764705882355,Neuron,8.968609865470851
1949,Endo CLDN5 SLC7A5,Endo CLDN5 SLC7A5,Excitatory neuron,11.76470588235294,Pyramidal cells,9.411764705882355,Neuron,8.968609865470851
1950,Endo CLDN5 SLC7A5,Endo CLDN5 SLC7A5,Excitatory neuron,11.76470588235294,Pyramidal cells,9.411764705882355,Neuron,8.968609865470851
1951,Oligo MOG OPALIN,Oligo MOG OPALIN,Oligodendrocytes,11.594202898550725,Oligodendrocyte,9.44206008583691,Mature oligodendrocyte,7.2727272727272725
1952,Endo CLDN5 SLC7A5,Endo CLDN5 SLC7A5,Excitatory neuron,11.76470588235294,Pyramidal cells,9.411764705882355,Neuron,8.968609865470851
1953,Endo CLDN5 SLC7A5,Endo CLDN5 SLC7A5,Excitatory neuron,11.76470588235294,Pyramidal cells,9.411764705882355,Neuron,8.968609865470851
1954,Endo CLDN5 SLC7A5,Endo CLDN5 SLC7A5,Excitatory neuron,11.76470588235294,Pyramidal cells,9.411764705882355,Neuron,8.968609865470851
1955,L6 OPRK1 THEMIS RGS6,L6 OPRK1 THEMIS RGS6,Retinal ganglion cells,5.042016806722689,Neuron,4.484304932735426,Lake et al.science.ex8,3.669724770642202
1956,Oligo MOG OPALIN,Oligo MOG OPALIN,Oligodendrocytes,11.594202898550725,Oligodendrocyte,9.44206008583691,Mature oligodendrocyte,7.2727272727272725
1957,Micro P2RY12 APBB1IP,Micro P2RY12 APBB1IP,Microglia,9.917355371900827,Microglial-specific cell,7.6923076923076925,Homeostatic microglial cell,7.142857142857142
1958,Endo CLDN5 SLC7A5,Endo CLDN5 SLC7A5,Excitatory neuron,11.76470588235294,Pyramidal cells,9.411764705882355,Neuron,8.968609865470851
1959,Endo CLDN5 SLC7A5,Endo CLDN5 SLC7A5,Excitatory neuron,11.76470588235294,Pyramidal cells,9.411764705882355,Neuron,8.968609865470851
1960,Endo CLDN5 SLC7A5,Endo CLDN5 SLC7A5,Excitatory neuron,11.76470588235294,Pyramidal cells,9.411764705882355,Neuron,8.968609865470851
1961,Endo CLDN5 SLC7A5,Endo CLDN5 SLC7A5,Excitatory neuron,11.76470588235294,Pyramidal cells,9.411764705882355,Neuron,8.968609865470851
1962,L3-5 RORB GABRG1 KCNH7,L3-5 RORB GABRG1 KCNH7,Somatostatin interneuron,3.6363636363636362,Lake et al.science.in5,3.508771929824562,Lake et al.science.ex5,3.389830508474577
1963,Endo CLDN5 SLC7A5,Endo CLDN5 SLC7A5,Excitatory neuron,11.76470588235294,Pyramidal cells,9.411764705882355,Neuron,8.968609865470851
1964,Oligo MOG OPALIN,Oligo MOG OPALIN,Oligodendrocytes,11.594202898550725,Oligodendrocyte,9.44206008583691,Mature oligodendrocyte,7.2727272727272725
1965,Endo CLDN5 SLC7A5,Endo CLDN5 SLC7A5,Excitatory neuron,11.76470588235294,Pyramidal cells,9.411764705882355,Neuron,8.968609865470851
1966,OPC PDGFRA PCDH15,OPC PDGFRA PCDH15,Oligodendrocyte precursor cell,22.22222222222222,Oligodendrocyte progenitor cells,15.384615384615383,Oligodendrocyte progenitor cell,13.114754098360654
1967,Endo CLDN5 SLC7A5,Endo CLDN5 SLC7A5,Excitatory neuron,11.76470588235294,Pyramidal cells,9.411764705882355,Neuron,8.968609865470851
1968,Endo CLDN5 SLC7A5,Endo CLDN5 SLC7A5,Excitatory neuron,11.76470588235294,Pyramidal cells,9.411764705882355,Neuron,8.968609865470851
1969,Micro P2RY12 APBB1IP,Micro P2RY12 APBB1IP,Microglia,9.917355371900827,Microglial-specific cell,7.6923076923076925,Homeostatic microglial cell,7.142857142857142
1970,Endo CLDN5 SLC7A5,Endo CLDN5 SLC7A5,Excitatory neuron,11.76470588235294,Pyramidal cells,9.411764705882355,Neuron,8.968609865470851
1971,Endo CLDN5 SLC7A5,Endo CLDN5 SLC7A5,Excitatory neuron,11.76470588235294,Pyramidal cells,9.411764705882355,Neuron,8.968609865470851
1972,Endo CLDN5 SLC7A5,Endo CLDN5 SLC7A5,Excitatory neuron,11.76470588235294,Pyramidal cells,9.411764705882355,Neuron,8.968609865470851
1973,Oligo MOG OPALIN,Oligo MOG OPALIN,Oligodendrocytes,11.594202898550725,Oligodendrocyte,9.44206008583691,Mature oligodendrocyte,7.2727272727272725
1974,InN SST FREM1,InN SST FREM1,Purkinje neurons,9.174311926605505,Oligodendrocyte precursor cell,6.349206349206351,Neuron,5.381165919282512
1975,Endo CLDN5 SLC7A5,Endo CLDN5 SLC7A5,Excitatory neuron,11.76470588235294,Pyramidal cells,9.411764705882355,Neuron,8.968609865470851
1976,Endo CLDN5 SLC7A5,Endo CLDN5 SLC7A5,Excitatory neuron,11.76470588235294,Pyramidal cells,9.411764705882355,Neuron,8.968609865470851
1977,Oligo MOG OPALIN,Oligo MOG OPALIN,Oligodendrocytes,11.594202898550725,Oligodendrocyte,9.44206008583691,Mature oligodendrocyte,7.2727272727272725
1978,InN VIP HS3ST3B1,InN VIP HS3ST3B1,Purkinje neurons,7.339449541284404,Neuroblasts,6.0,Lake et al.science.ex8,5.5045871559633035
1979,Endo CLDN5 SLC7A5,Endo CLDN5 SLC7A5,Excitatory neuron,11.76470588235294,Pyramidal cells,9.411764705882355,Neuron,8.968609865470851
1980,Endo CLDN5 SLC7A5,Endo CLDN5 SLC7A5,Excitatory neuron,11.76470588235294,Pyramidal cells,9.411764705882355,Neuron,8.968609865470851
1981,Endo CLDN5 SLC7A5,Endo CLDN5 SLC7A5,Excitatory neuron,11.76470588235294,Pyramidal cells,9.411764705882355,Neuron,8.968609865470851
1982,L2-3 CUX2 ACVR1C THSD7A,L2-3 CUX2 ACVR1C THSD7A,Somatostatin interneuron,3.6363636363636362,Neurons,3.1620553359683794,Cajal-retzius cells,3.125
1983,L6 OPRK1 THEMIS RGS6,L6 OPRK1 THEMIS RGS6,Retinal ganglion cells,5.042016806722689,Neuron,4.484304932735426,Lake et al.science.ex8,3.669724770642202
1984,L3-5 RORB MKX GRIN3A,L3-5 RORB MKX GRIN3A,Cajal-retzius cells,7.8125,Somatostatin interneuron,7.2727272727272725,Lake et al.science.in5,3.508771929824562
1985,L2-3 CUX2 ACVR1C THSD7A,L2-3 CUX2 ACVR1C THSD7A,Somatostatin interneuron,3.6363636363636362,Neurons,3.1620553359683794,Cajal-retzius cells,3.125
1986,L2-3 CUX2 ACVR1C THSD7A,L2-3 CUX2 ACVR1C THSD7A,Somatostatin interneuron,3.6363636363636362,Neurons,3.1620553359683794,Cajal-retzius cells,3.125
1987,Endo CLDN5 SLC7A5,Endo CLDN5 SLC7A5,Excitatory neuron,11.76470588235294,Pyramidal cells,9.411764705882355,Neuron,8.968609865470851
1988,Endo CLDN5 SLC7A5,Endo CLDN5 SLC7A5,Excitatory neuron,11.76470588235294,Pyramidal cells,9.411764705882355,Neuron,8.968609865470851
1989,Oligo MOG OPALIN,Oligo MOG OPALIN,Oligodendrocytes,11.594202898550725,Oligodendrocyte,9.44206008583691,Mature oligodendrocyte,7.2727272727272725
1990,Endo CLDN5 SLC7A5,Endo CLDN5 SLC7A5,Excitatory neuron,11.76470588235294,Pyramidal cells,9.411764705882355,Neuron,8.968609865470851
1991,Endo CLDN5 SLC7A5,Endo CLDN5 SLC7A5,Excitatory neuron,11.76470588235294,Pyramidal cells,9.411764705882355,Neuron,8.968609865470851
1992,Oligo MOG OPALIN,Oligo MOG OPALIN,Oligodendrocytes,11.594202898550725,Oligodendrocyte,9.44206008583691,Mature oligodendrocyte,7.2727272727272725
1993,Micro P2RY12 APBB1IP,Micro P2RY12 APBB1IP,Microglia,9.917355371900827,Microglial-specific cell,7.6923076923076925,Homeostatic microglial cell,7.142857142857142
1994,Endo CLDN5 SLC7A5,Endo CLDN5 SLC7A5,Excitatory neuron,11.76470588235294,Pyramidal cells,9.411764705882355,Neuron,8.968609865470851
1995,Endo CLDN5 SLC7A5,Endo CLDN5 SLC7A5,Excitatory neuron,11.76470588235294,Pyramidal cells,9.411764705882355,Neuron,8.968609865470851
1996,Endo CLDN5 SLC7A5,Endo CLDN5 SLC7A5,Excitatory neuron,11.76470588235294,Pyramidal cells,9.411764705882355,Neuron,8.968609865470851
1997,Endo CLDN5 SLC7A5,Endo CLDN5 SLC7A5,Excitatory neuron,11.76470588235294,Pyramidal cells,9.411764705882355,Neuron,8.968609865470851
1998,L2-3 CUX2 ACVR1C THSD7A,L2-3 CUX2 ACVR1C THSD7A,Somatostatin interneuron,3.6363636363636362,Neurons,3.1620553359683794,Cajal-retzius cells,3.125
1999,L2-3 CUX2 ACVR1C THSD7A,L2-3 CUX2 ACVR1C THSD7A,Somatostatin interneuron,3.6363636363636362,Neurons,3.1620553359683794,Cajal-retzius cells,3.125
2000,Endo CLDN5 SLC7A5,Endo CLDN5 SLC7A5,Excitatory neuron,11.76470588235294,Pyramidal cells,9.411764705882355,Neuron,8.968609865470851
2001,Endo CLDN5 SLC7A5,Endo CLDN5 SLC7A5,Excitatory neuron,11.76470588235294,Pyramidal cells,9.411764705882355,Neuron,8.968609865470851
2002,Endo CLDN5 SLC7A5,Endo CLDN5 SLC7A5,Excitatory neuron,11.76470588235294,Pyramidal cells,9.411764705882355,Neuron,8.968609865470851
2003,Endo CLDN5 SLC7A5,Endo CLDN5 SLC7A5,Excitatory neuron,11.76470588235294,Pyramidal cells,9.411764705882355,Neuron,8.968609865470851
2004,Endo CLDN5 SLC7A5,Endo CLDN5 SLC7A5,Excitatory neuron,11.76470588235294,Pyramidal cells,9.411764705882355,Neuron,8.968609865470851
2005,InN SST FREM1,InN SST FREM1,Purkinje neurons,9.174311926605505,Oligodendrocyte precursor cell,6.349206349206351,Neuron,5.381165919282512
2006,Endo CLDN5 SLC7A5,Endo CLDN5 SLC7A5,Excitatory neuron,11.76470588235294,Pyramidal cells,9.411764705882355,Neuron,8.968609865470851
2007,Oligo MOG OPALIN,Oligo MOG OPALIN,Oligodendrocytes,11.594202898550725,Oligodendrocyte,9.44206008583691,Mature oligodendrocyte,7.2727272727272725
2008,Endo CLDN5 SLC7A5,Endo CLDN5 SLC7A5,Excitatory neuron,11.76470588235294,Pyramidal cells,9.411764705882355,Neuron,8.968609865470851
2009,InN SST FREM1,InN SST FREM1,Purkinje neurons,9.174311926605505,Oligodendrocyte precursor cell,6.349206349206351,Neuron,5.381165919282512
2010,L3-5 RORB GABRG1 KCNH7,L3-5 RORB GABRG1 KCNH7,Somatostatin interneuron,3.6363636363636362,Lake et al.science.in5,3.508771929824562,Lake et al.science.ex5,3.389830508474577
2011,Micro P2RY12 APBB1IP,Micro P2RY12 APBB1IP,Microglia,9.917355371900827,Microglial-specific cell,7.6923076923076925,Homeostatic microglial cell,7.142857142857142
2012,L3-5 RORB MKX GRIN3A,L3-5 RORB MKX GRIN3A,Cajal-retzius cells,7.8125,Somatostatin interneuron,7.2727272727272725,Lake et al.science.in5,3.508771929824562
2013,Oligo MOG OPALIN,Oligo MOG OPALIN,Oligodendrocytes,11.594202898550725,Oligodendrocyte,9.44206008583691,Mature oligodendrocyte,7.2727272727272725
2014,Endo CLDN5 SLC7A5,Endo CLDN5 SLC7A5,Excitatory neuron,11.76470588235294,Pyramidal cells,9.411764705882355,Neuron,8.968609865470851
2015,Endo CLDN5 SLC7A5,Endo CLDN5 SLC7A5,Excitatory neuron,11.76470588235294,Pyramidal cells,9.411764705882355,Neuron,8.968609865470851
2016,Endo CLDN5 SLC7A5,Endo CLDN5 SLC7A5,Excitatory neuron,11.76470588235294,Pyramidal cells,9.411764705882355,Neuron,8.968609865470851
2017,InN PVALB HPSE,InN PVALB HPSE,Parvalbumin interneuron,7.4074074074074066,Lake et al.science.ex6,7.1428571428571415,Purkinje neurons,5.5045871559633035
2018,InN PVALB HPSE,InN PVALB HPSE,Parvalbumin interneuron,7.4074074074074066,Lake et al.science.ex6,7.1428571428571415,Purkinje neurons,5.5045871559633035
2019,Endo CLDN5 SLC7A5,Endo CLDN5 SLC7A5,Excitatory neuron,11.76470588235294,Pyramidal cells,9.411764705882355,Neuron,8.968609865470851
2020,Endo CLDN5 SLC7A5,Endo CLDN5 SLC7A5,Excitatory neuron,11.76470588235294,Pyramidal cells,9.411764705882355,Neuron,8.968609865470851
2021,Endo CLDN5 SLC7A5,Endo CLDN5 SLC7A5,Excitatory neuron,11.76470588235294,Pyramidal cells,9.411764705882355,Neuron,8.968609865470851
2022,Endo CLDN5 SLC7A5,Endo CLDN5 SLC7A5,Excitatory neuron,11.76470588235294,Pyramidal cells,9.411764705882355,Neuron,8.968609865470851
2023,OPC PDGFRA PCDH15,OPC PDGFRA PCDH15,Oligodendrocyte precursor cell,22.22222222222222,Oligodendrocyte progenitor cells,15.384615384615383,Oligodendrocyte progenitor cell,13.114754098360654
2024,InN VIP HS3ST3B1,InN VIP HS3ST3B1,Purkinje neurons,7.339449541284404,Neuroblasts,6.0,Lake et al.science.ex8,5.5045871559633035
2025,OPC PDGFRA PCDH15,OPC PDGFRA PCDH15,Oligodendrocyte precursor cell,22.22222222222222,Oligodendrocyte progenitor cells,15.384615384615383,Oligodendrocyte progenitor cell,13.114754098360654
2026,Oligo MOG OPALIN,Oligo MOG OPALIN,Oligodendrocytes,11.594202898550725,Oligodendrocyte,9.44206008583691,Mature oligodendrocyte,7.2727272727272725
2027,Endo CLDN5 SLC7A5,Endo CLDN5 SLC7A5,Excitatory neuron,11.76470588235294,Pyramidal cells,9.411764705882355,Neuron,8.968609865470851
2028,Endo CLDN5 SLC7A5,Endo CLDN5 SLC7A5,Excitatory neuron,11.76470588235294,Pyramidal cells,9.411764705882355,Neuron,8.968609865470851
2029,Endo CLDN5 SLC7A5,Endo CLDN5 SLC7A5,Excitatory neuron,11.76470588235294,Pyramidal cells,9.411764705882355,Neuron,8.968609865470851
2030,Endo CLDN5 SLC7A5,Endo CLDN5 SLC7A5,Excitatory neuron,11.76470588235294,Pyramidal cells,9.411764705882355,Neuron,8.968609865470851
2031,Astro AQP4 SLC1A2,Astro AQP4 SLC1A2,Astrocyte,6.94980694980695,Stem cell,5.47945205479452,Satellite glial cells,5.405405405405405
2032,L3-5 RORB MKX GRIN3A,L3-5 RORB MKX GRIN3A,Cajal-retzius cells,7.8125,Somatostatin interneuron,7.2727272727272725,Lake et al.science.in5,3.508771929824562
2033,Endo CLDN5 SLC7A5,Endo CLDN5 SLC7A5,Excitatory neuron,11.76470588235294,Pyramidal cells,9.411764705882355,Neuron,8.968609865470851
2034,Astro AQP4 SLC1A2,Astro AQP4 SLC1A2,Astrocyte,6.94980694980695,Stem cell,5.47945205479452,Satellite glial cells,5.405405405405405
2035,Endo CLDN5 SLC7A5,Endo CLDN5 SLC7A5,Excitatory neuron,11.76470588235294,Pyramidal cells,9.411764705882355,Neuron,8.968609865470851
2036,L3-5 RORB GABRG1 KCNH7,L3-5 RORB GABRG1 KCNH7,Somatostatin interneuron,3.6363636363636362,Lake et al.science.in5,3.508771929824562,Lake et al.science.ex5,3.389830508474577
2037,Astro AQP4 SLC1A2,Astro AQP4 SLC1A2,Astrocyte,6.94980694980695,Stem cell,5.47945205479452,Satellite glial cells,5.405405405405405
2038,Endo CLDN5 SLC7A5,Endo CLDN5 SLC7A5,Excitatory neuron,11.76470588235294,Pyramidal cells,9.411764705882355,Neuron,8.968609865470851
2039,L3-5 RORB MKX GRIN3A,L3-5 RORB MKX GRIN3A,Cajal-retzius cells,7.8125,Somatostatin interneuron,7.2727272727272725,Lake et al.science.in5,3.508771929824562
2040,Micro P2RY12 APBB1IP,Micro P2RY12 APBB1IP,Microglia,9.917355371900827,Microglial-specific cell,7.6923076923076925,Homeostatic microglial cell,7.142857142857142
2041,InN SST FREM1,InN SST FREM1,Purkinje neurons,9.174311926605505,Oligodendrocyte precursor cell,6.349206349206351,Neuron,5.381165919282512
2042,Endo CLDN5 SLC7A5,Endo CLDN5 SLC7A5,Excitatory neuron,11.76470588235294,Pyramidal cells,9.411764705882355,Neuron,8.968609865470851
2043,Endo CLDN5 SLC7A5,Endo CLDN5 SLC7A5,Excitatory neuron,11.76470588235294,Pyramidal cells,9.411764705882355,Neuron,8.968609865470851
2044,Endo CLDN5 SLC7A5,Endo CLDN5 SLC7A5,Excitatory neuron,11.76470588235294,Pyramidal cells,9.411764705882355,Neuron,8.968609865470851
2045,Astro AQP4 SLC1A2,Astro AQP4 SLC1A2,Astrocyte,6.94980694980695,Stem cell,5.47945205479452,Satellite glial cells,5.405405405405405
2046,L6 OPRK1 THEMIS RGS6,L6 OPRK1 THEMIS RGS6,Retinal ganglion cells,5.042016806722689,Neuron,4.484304932735426,Lake et al.science.ex8,3.669724770642202
2047,InN LAMP5 BMP7,InN LAMP5 BMP7,Lake et al.science.in4,7.142857142857142,Bergmann glia,6.593406593406592,Gabaergic neurons,6.153846153846153
2048,Endo CLDN5 SLC7A5,Endo CLDN5 SLC7A5,Excitatory neuron,11.76470588235294,Pyramidal cells,9.411764705882355,Neuron,8.968609865470851
2049,Endo CLDN5 SLC7A5,Endo CLDN5 SLC7A5,Excitatory neuron,11.76470588235294,Pyramidal cells,9.411764705882355,Neuron,8.968609865470851
2050,Endo CLDN5 SLC7A5,Endo CLDN5 SLC7A5,Excitatory neuron,11.76470588235294,Pyramidal cells,9.411764705882355,Neuron,8.968609865470851
2051,Endo CLDN5 SLC7A5,Endo CLDN5 SLC7A5,Excitatory neuron,11.76470588235294,Pyramidal cells,9.411764705882355,Neuron,8.968609865470851
2052,L6 OPRK1 THEMIS RGS6,L6 OPRK1 THEMIS RGS6,Retinal ganglion cells,5.042016806722689,Neuron,4.484304932735426,Lake et al.science.ex8,3.669724770642202
2053,Micro P2RY12 APBB1IP,Micro P2RY12 APBB1IP,Microglia,9.917355371900827,Microglial-specific cell,7.6923076923076925,Homeostatic microglial cell,7.142857142857142
2054,Oligo MOG OPALIN,Oligo MOG OPALIN,Oligodendrocytes,11.594202898550725,Oligodendrocyte,9.44206008583691,Mature oligodendrocyte,7.2727272727272725
2055,Astro AQP4 SLC1A2,Astro AQP4 SLC1A2,Astrocyte,6.94980694980695,Stem cell,5.47945205479452,Satellite glial cells,5.405405405405405
2056,InN LAMP5 BMP7,InN LAMP5 BMP7,Lake et al.science.in4,7.142857142857142,Bergmann glia,6.593406593406592,Gabaergic neurons,6.153846153846153
2057,L2-3 CUX2 ACVR1C THSD7A,L2-3 CUX2 ACVR1C THSD7A,Somatostatin interneuron,3.6363636363636362,Neurons,3.1620553359683794,Cajal-retzius cells,3.125
2058,L6 OPRK1 THEMIS RGS6,L6 OPRK1 THEMIS RGS6,Retinal ganglion cells,5.042016806722689,Neuron,4.484304932735426,Lake et al.science.ex8,3.669724770642202
2059,L2-3 CUX2 ACVR1C THSD7A,L2-3 CUX2 ACVR1C THSD7A,Somatostatin interneuron,3.6363636363636362,Neurons,3.1620553359683794,Cajal-retzius cells,3.125
2060,Oligo MOG OPALIN,Oligo MOG OPALIN,Oligodendrocytes,11.594202898550725,Oligodendrocyte,9.44206008583691,Mature oligodendrocyte,7.2727272727272725
2061,Endo CLDN5 SLC7A5,Endo CLDN5 SLC7A5,Excitatory neuron,11.76470588235294,Pyramidal cells,9.411764705882355,Neuron,8.968609865470851
2062,Endo CLDN5 SLC7A5,Endo CLDN5 SLC7A5,Excitatory neuron,11.76470588235294,Pyramidal cells,9.411764705882355,Neuron,8.968609865470851
2063,Endo CLDN5 SLC7A5,Endo CLDN5 SLC7A5,Excitatory neuron,11.76470588235294,Pyramidal cells,9.411764705882355,Neuron,8.968609865470851
2064,Endo CLDN5 SLC7A5,Endo CLDN5 SLC7A5,Excitatory neuron,11.76470588235294,Pyramidal cells,9.411764705882355,Neuron,8.968609865470851
2065,Endo CLDN5 SLC7A5,Endo CLDN5 SLC7A5,Excitatory neuron,11.76470588235294,Pyramidal cells,9.411764705882355,Neuron,8.968609865470851
2066,Endo CLDN5 SLC7A5,Endo CLDN5 SLC7A5,Excitatory neuron,11.76470588235294,Pyramidal cells,9.411764705882355,Neuron,8.968609865470851
2067,Oligo MOG OPALIN,Oligo MOG OPALIN,Oligodendrocytes,11.594202898550725,Oligodendrocyte,9.44206008583691,Mature oligodendrocyte,7.2727272727272725
2068,Endo CLDN5 SLC7A5,Endo CLDN5 SLC7A5,Excitatory neuron,11.76470588235294,Pyramidal cells,9.411764705882355,Neuron,8.968609865470851
2069,Endo CLDN5 SLC7A5,Endo CLDN5 SLC7A5,Excitatory neuron,11.76470588235294,Pyramidal cells,9.411764705882355,Neuron,8.968609865470851
2070,L5-6 FEZF2 NXPH2 GRIK1,L5-6 FEZF2 NXPH2 GRIK1,Lake et al.science.ex6,16.666666666666664,Epithelial cell,3.7735849056603774,Glutamatergic neuron,3.7037037037037033
2071,Endo CLDN5 SLC7A5,Endo CLDN5 SLC7A5,Excitatory neuron,11.76470588235294,Pyramidal cells,9.411764705882355,Neuron,8.968609865470851
2072,Endo CLDN5 SLC7A5,Endo CLDN5 SLC7A5,Excitatory neuron,11.76470588235294,Pyramidal cells,9.411764705882355,Neuron,8.968609865470851
2073,Endo CLDN5 SLC7A5,Endo CLDN5 SLC7A5,Excitatory neuron,11.76470588235294,Pyramidal cells,9.411764705882355,Neuron,8.968609865470851
2074,Endo CLDN5 SLC7A5,Endo CLDN5 SLC7A5,Excitatory neuron,11.76470588235294,Pyramidal cells,9.411764705882355,Neuron,8.968609865470851
2075,Endo CLDN5 SLC7A5,Endo CLDN5 SLC7A5,Excitatory neuron,11.76470588235294,Pyramidal cells,9.411764705882355,Neuron,8.968609865470851
2076,L6 OPRK1 THEMIS RGS6,L6 OPRK1 THEMIS RGS6,Retinal ganglion cells,5.042016806722689,Neuron,4.484304932735426,Lake et al.science.ex8,3.669724770642202
2077,Endo CLDN5 SLC7A5,Endo CLDN5 SLC7A5,Excitatory neuron,11.76470588235294,Pyramidal cells,9.411764705882355,Neuron,8.968609865470851
2078,L2-3 CUX2 ACVR1C THSD7A,L2-3 CUX2 ACVR1C THSD7A,Somatostatin interneuron,3.6363636363636362,Neurons,3.1620553359683794,Cajal-retzius cells,3.125
2079,Endo CLDN5 SLC7A5,Endo CLDN5 SLC7A5,Excitatory neuron,11.76470588235294,Pyramidal cells,9.411764705882355,Neuron,8.968609865470851
2080,L6 OPRK1 THEMIS RGS6,L6 OPRK1 THEMIS RGS6,Retinal ganglion cells,5.042016806722689,Neuron,4.484304932735426,Lake et al.science.ex8,3.669724770642202
2081,InN SST FREM1,InN SST FREM1,Purkinje neurons,9.174311926605505,Oligodendrocyte precursor cell,6.349206349206351,Neuron,5.381165919282512
2082,Astro AQP4 SLC1A2,Astro AQP4 SLC1A2,Astrocyte,6.94980694980695,Stem cell,5.47945205479452,Satellite glial cells,5.405405405405405
2083,Endo CLDN5 SLC7A5,Endo CLDN5 SLC7A5,Excitatory neuron,11.76470588235294,Pyramidal cells,9.411764705882355,Neuron,8.968609865470851
2084,Endo CLDN5 SLC7A5,Endo CLDN5 SLC7A5,Excitatory neuron,11.76470588235294,Pyramidal cells,9.411764705882355,Neuron,8.968609865470851
2085,Astro AQP4 SLC1A2,Astro AQP4 SLC1A2,Astrocyte,6.94980694980695,Stem cell,5.47945205479452,Satellite glial cells,5.405405405405405
2086,Endo CLDN5 SLC7A5,Endo CLDN5 SLC7A5,Excitatory neuron,11.76470588235294,Pyramidal cells,9.411764705882355,Neuron,8.968609865470851
2087,Endo CLDN5 SLC7A5,Endo CLDN5 SLC7A5,Excitatory neuron,11.76470588235294,Pyramidal cells,9.411764705882355,Neuron,8.968609865470851
2088,Oligo MOG OPALIN,Oligo MOG OPALIN,Oligodendrocytes,11.594202898550725,Oligodendrocyte,9.44206008583691,Mature oligodendrocyte,7.2727272727272725
2089,Endo CLDN5 SLC7A5,Endo CLDN5 SLC7A5,Excitatory neuron,11.76470588235294,Pyramidal cells,9.411764705882355,Neuron,8.968609865470851
2090,InN SST FREM1,InN SST FREM1,Purkinje neurons,9.174311926605505,Oligodendrocyte precursor cell,6.349206349206351,Neuron,5.381165919282512
2091,OPC PDGFRA PCDH15,OPC PDGFRA PCDH15,Oligodendrocyte precursor cell,22.22222222222222,Oligodendrocyte progenitor cells,15.384615384615383,Oligodendrocyte progenitor cell,13.114754098360654
2092,Astro AQP4 SLC1A2,Astro AQP4 SLC1A2,Astrocyte,6.94980694980695,Stem cell,5.47945205479452,Satellite glial cells,5.405405405405405
2093,PC P2RY14 GRM8,PC P2RY14 GRM8,Pericyte,8.695652173913043,Endothelial cell,7.692307692307692,Mural cell,7.017543859649124
2094,Endo CLDN5 SLC7A5,Endo CLDN5 SLC7A5,Excitatory neuron,11.76470588235294,Pyramidal cells,9.411764705882355,Neuron,8.968609865470851
2095,Micro P2RY12 APBB1IP,Micro P2RY12 APBB1IP,Microglia,9.917355371900827,Microglial-specific cell,7.6923076923076925,Homeostatic microglial cell,7.142857142857142
2096,InN SST FREM1,InN SST FREM1,Purkinje neurons,9.174311926605505,Oligodendrocyte precursor cell,6.349206349206351,Neuron,5.381165919282512
2097,Astro AQP4 SLC1A2,Astro AQP4 SLC1A2,Astrocyte,6.94980694980695,Stem cell,5.47945205479452,Satellite glial cells,5.405405405405405
2098,InN SST FREM1,InN SST FREM1,Purkinje neurons,9.174311926605505,Oligodendrocyte precursor cell,6.349206349206351,Neuron,5.381165919282512
2099,Endo CLDN5 SLC7A5,Endo CLDN5 SLC7A5,Excitatory neuron,11.76470588235294,Pyramidal cells,9.411764705882355,Neuron,8.968609865470851
2100,Endo CLDN5 SLC7A5,Endo CLDN5 SLC7A5,Excitatory neuron,11.76470588235294,Pyramidal cells,9.411764705882355,Neuron,8.968609865470851
2101,Endo CLDN5 SLC7A5,Endo CLDN5 SLC7A5,Excitatory neuron,11.76470588235294,Pyramidal cells,9.411764705882355,Neuron,8.968609865470851
2102,L6 OPRK1 THEMIS RGS6,L6 OPRK1 THEMIS RGS6,Retinal ganglion cells,5.042016806722689,Neuron,4.484304932735426,Lake et al.science.ex8,3.669724770642202
2103,Endo CLDN5 SLC7A5,Endo CLDN5 SLC7A5,Excitatory neuron,11.76470588235294,Pyramidal cells,9.411764705882355,Neuron,8.968609865470851
2104,Endo CLDN5 SLC7A5,Endo CLDN5 SLC7A5,Excitatory neuron,11.76470588235294,Pyramidal cells,9.411764705882355,Neuron,8.968609865470851
2105,Endo CLDN5 SLC7A5,Endo CLDN5 SLC7A5,Excitatory neuron,11.76470588235294,Pyramidal cells,9.411764705882355,Neuron,8.968609865470851
2106,Astro AQP4 SLC1A2,Astro AQP4 SLC1A2,Astrocyte,6.94980694980695,Stem cell,5.47945205479452,Satellite glial cells,5.405405405405405
2107,L3-5 RORB MKX GRIN3A,L3-5 RORB MKX GRIN3A,Cajal-retzius cells,7.8125,Somatostatin interneuron,7.2727272727272725,Lake et al.science.in5,3.508771929824562
2108,Endo CLDN5 SLC7A5,Endo CLDN5 SLC7A5,Excitatory neuron,11.76470588235294,Pyramidal cells,9.411764705882355,Neuron,8.968609865470851
2109,Endo CLDN5 SLC7A5,Endo CLDN5 SLC7A5,Excitatory neuron,11.76470588235294,Pyramidal cells,9.411764705882355,Neuron,8.968609865470851
2110,Astro AQP4 SLC1A2,Astro AQP4 SLC1A2,Astrocyte,6.94980694980695,Stem cell,5.47945205479452,Satellite glial cells,5.405405405405405
2111,Endo CLDN5 SLC7A5,Endo CLDN5 SLC7A5,Excitatory neuron,11.76470588235294,Pyramidal cells,9.411764705882355,Neuron,8.968609865470851
2112,Endo CLDN5 SLC7A5,Endo CLDN5 SLC7A5,Excitatory neuron,11.76470588235294,Pyramidal cells,9.411764705882355,Neuron,8.968609865470851
2113,Endo CLDN5 SLC7A5,Endo CLDN5 SLC7A5,Excitatory neuron,11.76470588235294,Pyramidal cells,9.411764705882355,Neuron,8.968609865470851
2114,Endo CLDN5 SLC7A5,Endo CLDN5 SLC7A5,Excitatory neuron,11.76470588235294,Pyramidal cells,9.411764705882355,Neuron,8.968609865470851
2115,L3-5 RORB GABRG1 KCNH7,L3-5 RORB GABRG1 KCNH7,Somatostatin interneuron,3.6363636363636362,Lake et al.science.in5,3.508771929824562,Lake et al.science.ex5,3.389830508474577
2116,OPC PDGFRA PCDH15,OPC PDGFRA PCDH15,Oligodendrocyte precursor cell,22.22222222222222,Oligodendrocyte progenitor cells,15.384615384615383,Oligodendrocyte progenitor cell,13.114754098360654
2117,Endo CLDN5 SLC7A5,Endo CLDN5 SLC7A5,Excitatory neuron,11.76470588235294,Pyramidal cells,9.411764705882355,Neuron,8.968609865470851
2118,Oligo MOG OPALIN,Oligo MOG OPALIN,Oligodendrocytes,11.594202898550725,Oligodendrocyte,9.44206008583691,Mature oligodendrocyte,7.2727272727272725
2119,L3-5 RORB PCBP3 IL1RAPL2,L3-5 RORB PCBP3 IL1RAPL2,Retinal ganglion cells,3.361344537815126,Lake et al.science.ex4,3.1746031746031753,Neuroendocrine cells,2.5974025974025974
2120,OPC PDGFRA PCDH15,OPC PDGFRA PCDH15,Oligodendrocyte precursor cell,22.22222222222222,Oligodendrocyte progenitor cells,15.384615384615383,Oligodendrocyte progenitor cell,13.114754098360654
2121,L6 FEZF2 NPFFR2 KCNK2,L6 FEZF2 NPFFR2 KCNK2,Lake et al.science.ex6,16.666666666666664,Somatostatin interneuron,3.6363636363636362,Lake et al.science.in3,3.1746031746031753
2122,Endo CLDN5 SLC7A5,Endo CLDN5 SLC7A5,Excitatory neuron,11.76470588235294,Pyramidal cells,9.411764705882355,Neuron,8.968609865470851
2123,Micro P2RY12 APBB1IP,Micro P2RY12 APBB1IP,Microglia,9.917355371900827,Microglial-specific cell,7.6923076923076925,Homeostatic microglial cell,7.142857142857142
2124,Endo CLDN5 SLC7A5,Endo CLDN5 SLC7A5,Excitatory neuron,11.76470588235294,Pyramidal cells,9.411764705882355,Neuron,8.968609865470851
2125,Endo CLDN5 SLC7A5,Endo CLDN5 SLC7A5,Excitatory neuron,11.76470588235294,Pyramidal cells,9.411764705882355,Neuron,8.968609865470851
2126,Oligo MOG OPALIN,Oligo MOG OPALIN,Oligodendrocytes,11.594202898550725,Oligodendrocyte,9.44206008583691,Mature oligodendrocyte,7.2727272727272725
2127,Micro P2RY12 APBB1IP,Micro P2RY12 APBB1IP,Microglia,9.917355371900827,Microglial-specific cell,7.6923076923076925,Homeostatic microglial cell,7.142857142857142
2128,Endo CLDN5 SLC7A5,Endo CLDN5 SLC7A5,Excitatory neuron,11.76470588235294,Pyramidal cells,9.411764705882355,Neuron,8.968609865470851
2129,Endo CLDN5 SLC7A5,Endo CLDN5 SLC7A5,Excitatory neuron,11.76470588235294,Pyramidal cells,9.411764705882355,Neuron,8.968609865470851
2130,Endo CLDN5 SLC7A5,Endo CLDN5 SLC7A5,Excitatory neuron,11.76470588235294,Pyramidal cells,9.411764705882355,Neuron,8.968609865470851
2131,Endo CLDN5 SLC7A5,Endo CLDN5 SLC7A5,Excitatory neuron,11.76470588235294,Pyramidal cells,9.411764705882355,Neuron,8.968609865470851
2132,PC P2RY14 GRM8,PC P2RY14 GRM8,Pericyte,8.695652173913043,Endothelial cell,7.692307692307692,Mural cell,7.017543859649124
2133,Endo CLDN5 SLC7A5,Endo CLDN5 SLC7A5,Excitatory neuron,11.76470588235294,Pyramidal cells,9.411764705882355,Neuron,8.968609865470851
2134,L6 OPRK1 THEMIS RGS6,L6 OPRK1 THEMIS RGS6,Retinal ganglion cells,5.042016806722689,Neuron,4.484304932735426,Lake et al.science.ex8,3.669724770642202
2135,Endo CLDN5 SLC7A5,Endo CLDN5 SLC7A5,Excitatory neuron,11.76470588235294,Pyramidal cells,9.411764705882355,Neuron,8.968609865470851
2136,Endo CLDN5 SLC7A5,Endo CLDN5 SLC7A5,Excitatory neuron,11.76470588235294,Pyramidal cells,9.411764705882355,Neuron,8.968609865470851
2137,Astro AQP4 SLC1A2,Astro AQP4 SLC1A2,Astrocyte,6.94980694980695,Stem cell,5.47945205479452,Satellite glial cells,5.405405405405405
2138,Endo CLDN5 SLC7A5,Endo CLDN5 SLC7A5,Excitatory neuron,11.76470588235294,Pyramidal cells,9.411764705882355,Neuron,8.968609865470851
2139,Endo CLDN5 SLC7A5,Endo CLDN5 SLC7A5,Excitatory neuron,11.76470588235294,Pyramidal cells,9.411764705882355,Neuron,8.968609865470851
2140,InN PVALB HPSE,InN PVALB HPSE,Parvalbumin interneuron,7.4074074074074066,Lake et al.science.ex6,7.1428571428571415,Purkinje neurons,5.5045871559633035
2141,Astro AQP4 SLC1A2,Astro AQP4 SLC1A2,Astrocyte,6.94980694980695,Stem cell,5.47945205479452,Satellite glial cells,5.405405405405405
2142,Micro P2RY12 APBB1IP,Micro P2RY12 APBB1IP,Microglia,9.917355371900827,Microglial-specific cell,7.6923076923076925,Homeostatic microglial cell,7.142857142857142
2143,Endo CLDN5 SLC7A5,Endo CLDN5 SLC7A5,Excitatory neuron,11.76470588235294,Pyramidal cells,9.411764705882355,Neuron,8.968609865470851
2144,InN PVALB HPSE,InN PVALB HPSE,Parvalbumin interneuron,7.4074074074074066,Lake et al.science.ex6,7.1428571428571415,Purkinje neurons,5.5045871559633035
2145,Endo CLDN5 SLC7A5,Endo CLDN5 SLC7A5,Excitatory neuron,11.76470588235294,Pyramidal cells,9.411764705882355,Neuron,8.968609865470851
2146,Endo CLDN5 SLC7A5,Endo CLDN5 SLC7A5,Excitatory neuron,11.76470588235294,Pyramidal cells,9.411764705882355,Neuron,8.968609865470851
2147,Endo CLDN5 SLC7A5,Endo CLDN5 SLC7A5,Excitatory neuron,11.76470588235294,Pyramidal cells,9.411764705882355,Neuron,8.968609865470851
2148,Endo CLDN5 SLC7A5,Endo CLDN5 SLC7A5,Excitatory neuron,11.76470588235294,Pyramidal cells,9.411764705882355,Neuron,8.968609865470851
2149,Endo CLDN5 SLC7A5,Endo CLDN5 SLC7A5,Excitatory neuron,11.76470588235294,Pyramidal cells,9.411764705882355,Neuron,8.968609865470851
2150,Endo CLDN5 SLC7A5,Endo CLDN5 SLC7A5,Excitatory neuron,11.76470588235294,Pyramidal cells,9.411764705882355,Neuron,8.968609865470851
2151,Oligo MOG OPALIN,Oligo MOG OPALIN,Oligodendrocytes,11.594202898550725,Oligodendrocyte,9.44206008583691,Mature oligodendrocyte,7.2727272727272725
2152,Endo CLDN5 SLC7A5,Endo CLDN5 SLC7A5,Excitatory neuron,11.76470588235294,Pyramidal cells,9.411764705882355,Neuron,8.968609865470851
2153,Endo CLDN5 SLC7A5,Endo CLDN5 SLC7A5,Excitatory neuron,11.76470588235294,Pyramidal cells,9.411764705882355,Neuron,8.968609865470851
2154,L6 FEZF2 NPFFR2 KCNK2,L6 FEZF2 NPFFR2 KCNK2,Lake et al.science.ex6,16.666666666666664,Somatostatin interneuron,3.6363636363636362,Lake et al.science.in3,3.1746031746031753
2155,Endo CLDN5 SLC7A5,Endo CLDN5 SLC7A5,Excitatory neuron,11.76470588235294,Pyramidal cells,9.411764705882355,Neuron,8.968609865470851
2156,Oligo MOG OPALIN,Oligo MOG OPALIN,Oligodendrocytes,11.594202898550725,Oligodendrocyte,9.44206008583691,Mature oligodendrocyte,7.2727272727272725
2157,Endo CLDN5 SLC7A5,Endo CLDN5 SLC7A5,Excitatory neuron,11.76470588235294,Pyramidal cells,9.411764705882355,Neuron,8.968609865470851
2158,Endo CLDN5 SLC7A5,Endo CLDN5 SLC7A5,Excitatory neuron,11.76470588235294,Pyramidal cells,9.411764705882355,Neuron,8.968609865470851
2159,Endo CLDN5 SLC7A5,Endo CLDN5 SLC7A5,Excitatory neuron,11.76470588235294,Pyramidal cells,9.411764705882355,Neuron,8.968609865470851
2160,Endo CLDN5 SLC7A5,Endo CLDN5 SLC7A5,Excitatory neuron,11.76470588235294,Pyramidal cells,9.411764705882355,Neuron,8.968609865470851
2161,Endo CLDN5 SLC7A5,Endo CLDN5 SLC7A5,Excitatory neuron,11.76470588235294,Pyramidal cells,9.411764705882355,Neuron,8.968609865470851
2162,Endo CLDN5 SLC7A5,Endo CLDN5 SLC7A5,Excitatory neuron,11.76470588235294,Pyramidal cells,9.411764705882355,Neuron,8.968609865470851
2163,L3-5 RORB GABRG1 KCNH7,L3-5 RORB GABRG1 KCNH7,Somatostatin interneuron,3.6363636363636362,Lake et al.science.in5,3.508771929824562,Lake et al.science.ex5,3.389830508474577
2164,L3-5 RORB MKX GRIN3A,L3-5 RORB MKX GRIN3A,Cajal-retzius cells,7.8125,Somatostatin interneuron,7.2727272727272725,Lake et al.science.in5,3.508771929824562
2165,Oligo MOG OPALIN,Oligo MOG OPALIN,Oligodendrocytes,11.594202898550725,Oligodendrocyte,9.44206008583691,Mature oligodendrocyte,7.2727272727272725
2166,Endo CLDN5 SLC7A5,Endo CLDN5 SLC7A5,Excitatory neuron,11.76470588235294,Pyramidal cells,9.411764705882355,Neuron,8.968609865470851
2167,L2-3 CUX2 ACVR1C THSD7A,L2-3 CUX2 ACVR1C THSD7A,Somatostatin interneuron,3.6363636363636362,Neurons,3.1620553359683794,Cajal-retzius cells,3.125
2168,L6 FEZF2 NPFFR2 KCNK2,L6 FEZF2 NPFFR2 KCNK2,Lake et al.science.ex6,16.666666666666664,Somatostatin interneuron,3.6363636363636362,Lake et al.science.in3,3.1746031746031753
2169,Endo CLDN5 SLC7A5,Endo CLDN5 SLC7A5,Excitatory neuron,11.76470588235294,Pyramidal cells,9.411764705882355,Neuron,8.968609865470851
2170,PC P2RY14 GRM8,PC P2RY14 GRM8,Pericyte,8.695652173913043,Endothelial cell,7.692307692307692,Mural cell,7.017543859649124
2171,OPC PDGFRA PCDH15,OPC PDGFRA PCDH15,Oligodendrocyte precursor cell,22.22222222222222,Oligodendrocyte progenitor cells,15.384615384615383,Oligodendrocyte progenitor cell,13.114754098360654
2172,L3-5 RORB GABRG1 KCNH7,L3-5 RORB GABRG1 KCNH7,Somatostatin interneuron,3.6363636363636362,Lake et al.science.in5,3.508771929824562,Lake et al.science.ex5,3.389830508474577
2173,Oligo MOG OPALIN,Oligo MOG OPALIN,Oligodendrocytes,11.594202898550725,Oligodendrocyte,9.44206008583691,Mature oligodendrocyte,7.2727272727272725
2174,Endo CLDN5 SLC7A5,Endo CLDN5 SLC7A5,Excitatory neuron,11.76470588235294,Pyramidal cells,9.411764705882355,Neuron,8.968609865470851
2175,Endo CLDN5 SLC7A5,Endo CLDN5 SLC7A5,Excitatory neuron,11.76470588235294,Pyramidal cells,9.411764705882355,Neuron,8.968609865470851
2176,Endo CLDN5 SLC7A5,Endo CLDN5 SLC7A5,Excitatory neuron,11.76470588235294,Pyramidal cells,9.411764705882355,Neuron,8.968609865470851
2177,Astro AQP4 SLC1A2,Astro AQP4 SLC1A2,Astrocyte,6.94980694980695,Stem cell,5.47945205479452,Satellite glial cells,5.405405405405405
2178,InN PVALB HPSE,InN PVALB HPSE,Parvalbumin interneuron,7.4074074074074066,Lake et al.science.ex6,7.1428571428571415,Purkinje neurons,5.5045871559633035
2179,Astro AQP4 SLC1A2,Astro AQP4 SLC1A2,Astrocyte,6.94980694980695,Stem cell,5.47945205479452,Satellite glial cells,5.405405405405405
2180,InN VIP HS3ST3B1,InN VIP HS3ST3B1,Purkinje neurons,7.339449541284404,Neuroblasts,6.0,Lake et al.science.ex8,5.5045871559633035
2181,Endo CLDN5 SLC7A5,Endo CLDN5 SLC7A5,Excitatory neuron,11.76470588235294,Pyramidal cells,9.411764705882355,Neuron,8.968609865470851
2182,Endo CLDN5 SLC7A5,Endo CLDN5 SLC7A5,Excitatory neuron,11.76470588235294,Pyramidal cells,9.411764705882355,Neuron,8.968609865470851
2183,Endo CLDN5 SLC7A5,Endo CLDN5 SLC7A5,Excitatory neuron,11.76470588235294,Pyramidal cells,9.411764705882355,Neuron,8.968609865470851
2184,Endo CLDN5 SLC7A5,Endo CLDN5 SLC7A5,Excitatory neuron,11.76470588235294,Pyramidal cells,9.411764705882355,Neuron,8.968609865470851
2185,Endo CLDN5 SLC7A5,Endo CLDN5 SLC7A5,Excitatory neuron,11.76470588235294,Pyramidal cells,9.411764705882355,Neuron,8.968609865470851
2186,InN SST FREM1,InN SST FREM1,Purkinje neurons,9.174311926605505,Oligodendrocyte precursor cell,6.349206349206351,Neuron,5.381165919282512
2187,Endo CLDN5 SLC7A5,Endo CLDN5 SLC7A5,Excitatory neuron,11.76470588235294,Pyramidal cells,9.411764705882355,Neuron,8.968609865470851
2188,Endo CLDN5 SLC7A5,Endo CLDN5 SLC7A5,Excitatory neuron,11.76470588235294,Pyramidal cells,9.411764705882355,Neuron,8.968609865470851
2189,Endo CLDN5 SLC7A5,Endo CLDN5 SLC7A5,Excitatory neuron,11.76470588235294,Pyramidal cells,9.411764705882355,Neuron,8.968609865470851
2190,Endo CLDN5 SLC7A5,Endo CLDN5 SLC7A5,Excitatory neuron,11.76470588235294,Pyramidal cells,9.411764705882355,Neuron,8.968609865470851
2191,L2-3 CUX2 ACVR1C THSD7A,L2-3 CUX2 ACVR1C THSD7A,Somatostatin interneuron,3.6363636363636362,Neurons,3.1620553359683794,Cajal-retzius cells,3.125
2192,Astro AQP4 SLC1A2,Astro AQP4 SLC1A2,Astrocyte,6.94980694980695,Stem cell,5.47945205479452,Satellite glial cells,5.405405405405405
2193,Endo CLDN5 SLC7A5,Endo CLDN5 SLC7A5,Excitatory neuron,11.76470588235294,Pyramidal cells,9.411764705882355,Neuron,8.968609865470851
2194,Endo CLDN5 SLC7A5,Endo CLDN5 SLC7A5,Excitatory neuron,11.76470588235294,Pyramidal cells,9.411764705882355,Neuron,8.968609865470851
2195,InN VIP HS3ST3B1,InN VIP HS3ST3B1,Purkinje neurons,7.339449541284404,Neuroblasts,6.0,Lake et al.science.ex8,5.5045871559633035
2196,Endo CLDN5 SLC7A5,Endo CLDN5 SLC7A5,Excitatory neuron,11.76470588235294,Pyramidal cells,9.411764705882355,Neuron,8.968609865470851
2197,Endo CLDN5 SLC7A5,Endo CLDN5 SLC7A5,Excitatory neuron,11.76470588235294,Pyramidal cells,9.411764705882355,Neuron,8.968609865470851
2198,Endo CLDN5 SLC7A5,Endo CLDN5 SLC7A5,Excitatory neuron,11.76470588235294,Pyramidal cells,9.411764705882355,Neuron,8.968609865470851
2199,L3-5 RORB MKX GRIN3A,L3-5 RORB MKX GRIN3A,Cajal-retzius cells,7.8125,Somatostatin interneuron,7.2727272727272725,Lake et al.science.in5,3.508771929824562
2200,Endo CLDN5 SLC7A5,Endo CLDN5 SLC7A5,Excitatory neuron,11.76470588235294,Pyramidal cells,9.411764705882355,Neuron,8.968609865470851
2201,Astro AQP4 SLC1A2,Astro AQP4 SLC1A2,Astrocyte,6.94980694980695,Stem cell,5.47945205479452,Satellite glial cells,5.405405405405405
2202,Endo CLDN5 SLC7A5,Endo CLDN5 SLC7A5,Excitatory neuron,11.76470588235294,Pyramidal cells,9.411764705882355,Neuron,8.968609865470851
2203,Endo CLDN5 SLC7A5,Endo CLDN5 SLC7A5,Excitatory neuron,11.76470588235294,Pyramidal cells,9.411764705882355,Neuron,8.968609865470851
2204,Endo CLDN5 SLC7A5,Endo CLDN5 SLC7A5,Excitatory neuron,11.76470588235294,Pyramidal cells,9.411764705882355,Neuron,8.968609865470851
2205,Endo CLDN5 SLC7A5,Endo CLDN5 SLC7A5,Excitatory neuron,11.76470588235294,Pyramidal cells,9.411764705882355,Neuron,8.968609865470851
2206,Endo CLDN5 SLC7A5,Endo CLDN5 SLC7A5,Excitatory neuron,11.76470588235294,Pyramidal cells,9.411764705882355,Neuron,8.968609865470851
2207,Oligo MOG OPALIN,Oligo MOG OPALIN,Oligodendrocytes,11.594202898550725,Oligodendrocyte,9.44206008583691,Mature oligodendrocyte,7.2727272727272725
2208,Astro AQP4 SLC1A2,Astro AQP4 SLC1A2,Astrocyte,6.94980694980695,Stem cell,5.47945205479452,Satellite glial cells,5.405405405405405
2209,Endo CLDN5 SLC7A5,Endo CLDN5 SLC7A5,Excitatory neuron,11.76470588235294,Pyramidal cells,9.411764705882355,Neuron,8.968609865470851
2210,Endo CLDN5 SLC7A5,Endo CLDN5 SLC7A5,Excitatory neuron,11.76470588235294,Pyramidal cells,9.411764705882355,Neuron,8.968609865470851
2211,Endo CLDN5 SLC7A5,Endo CLDN5 SLC7A5,Excitatory neuron,11.76470588235294,Pyramidal cells,9.411764705882355,Neuron,8.968609865470851
2212,Endo CLDN5 SLC7A5,Endo CLDN5 SLC7A5,Excitatory neuron,11.76470588235294,Pyramidal cells,9.411764705882355,Neuron,8.968609865470851
2213,Endo CLDN5 SLC7A5,Endo CLDN5 SLC7A5,Excitatory neuron,11.76470588235294,Pyramidal cells,9.411764705882355,Neuron,8.968609865470851
2214,Oligo MOG OPALIN,Oligo MOG OPALIN,Oligodendrocytes,11.594202898550725,Oligodendrocyte,9.44206008583691,Mature oligodendrocyte,7.2727272727272725
2215,PC P2RY14 GRM8,PC P2RY14 GRM8,Pericyte,8.695652173913043,Endothelial cell,7.692307692307692,Mural cell,7.017543859649124
2216,Endo CLDN5 SLC7A5,Endo CLDN5 SLC7A5,Excitatory neuron,11.76470588235294,Pyramidal cells,9.411764705882355,Neuron,8.968609865470851
2217,Oligo MOG OPALIN,Oligo MOG OPALIN,Oligodendrocytes,11.594202898550725,Oligodendrocyte,9.44206008583691,Mature oligodendrocyte,7.2727272727272725
2218,Oligo MOG OPALIN,Oligo MOG OPALIN,Oligodendrocytes,11.594202898550725,Oligodendrocyte,9.44206008583691,Mature oligodendrocyte,7.2727272727272725
2219,InN SST FREM1,InN SST FREM1,Purkinje neurons,9.174311926605505,Oligodendrocyte precursor cell,6.349206349206351,Neuron,5.381165919282512
2220,Endo CLDN5 SLC7A5,Endo CLDN5 SLC7A5,Excitatory neuron,11.76470588235294,Pyramidal cells,9.411764705882355,Neuron,8.968609865470851
2221,L6 FEZF2 NPFFR2 KCNK2,L6 FEZF2 NPFFR2 KCNK2,Lake et al.science.ex6,16.666666666666664,Somatostatin interneuron,3.6363636363636362,Lake et al.science.in3,3.1746031746031753
2222,L6 OPRK1 THEMIS RGS6,L6 OPRK1 THEMIS RGS6,Retinal ganglion cells,5.042016806722689,Neuron,4.484304932735426,Lake et al.science.ex8,3.669724770642202
2223,Endo CLDN5 SLC7A5,Endo CLDN5 SLC7A5,Excitatory neuron,11.76470588235294,Pyramidal cells,9.411764705882355,Neuron,8.968609865470851
2224,Oligo MOG OPALIN,Oligo MOG OPALIN,Oligodendrocytes,11.594202898550725,Oligodendrocyte,9.44206008583691,Mature oligodendrocyte,7.2727272727272725
2225,Micro P2RY12 APBB1IP,Micro P2RY12 APBB1IP,Microglia,9.917355371900827,Microglial-specific cell,7.6923076923076925,Homeostatic microglial cell,7.142857142857142
2226,Astro AQP4 SLC1A2,Astro AQP4 SLC1A2,Astrocyte,6.94980694980695,Stem cell,5.47945205479452,Satellite glial cells,5.405405405405405
2227,Endo CLDN5 SLC7A5,Endo CLDN5 SLC7A5,Excitatory neuron,11.76470588235294,Pyramidal cells,9.411764705882355,Neuron,8.968609865470851
2228,Endo CLDN5 SLC7A5,Endo CLDN5 SLC7A5,Excitatory neuron,11.76470588235294,Pyramidal cells,9.411764705882355,Neuron,8.968609865470851
2229,Endo CLDN5 SLC7A5,Endo CLDN5 SLC7A5,Excitatory neuron,11.76470588235294,Pyramidal cells,9.411764705882355,Neuron,8.968609865470851
2230,Oligo MOG OPALIN,Oligo MOG OPALIN,Oligodendrocytes,11.594202898550725,Oligodendrocyte,9.44206008583691,Mature oligodendrocyte,7.2727272727272725
2231,Endo CLDN5 SLC7A5,Endo CLDN5 SLC7A5,Excitatory neuron,11.76470588235294,Pyramidal cells,9.411764705882355,Neuron,8.968609865470851
2232,Endo CLDN5 SLC7A5,Endo CLDN5 SLC7A5,Excitatory neuron,11.76470588235294,Pyramidal cells,9.411764705882355,Neuron,8.968609865470851
2233,Endo CLDN5 SLC7A5,Endo CLDN5 SLC7A5,Excitatory neuron,11.76470588235294,Pyramidal cells,9.411764705882355,Neuron,8.968609865470851
2234,Endo CLDN5 SLC7A5,Endo CLDN5 SLC7A5,Excitatory neuron,11.76470588235294,Pyramidal cells,9.411764705882355,Neuron,8.968609865470851
2235,Endo CLDN5 SLC7A5,Endo CLDN5 SLC7A5,Excitatory neuron,11.76470588235294,Pyramidal cells,9.411764705882355,Neuron,8.968609865470851
2236,L3-5 RORB GABRG1 KCNH7,L3-5 RORB GABRG1 KCNH7,Somatostatin interneuron,3.6363636363636362,Lake et al.science.in5,3.508771929824562,Lake et al.science.ex5,3.389830508474577
2237,Oligo MOG OPALIN,Oligo MOG OPALIN,Oligodendrocytes,11.594202898550725,Oligodendrocyte,9.44206008583691,Mature oligodendrocyte,7.2727272727272725
2238,Endo CLDN5 SLC7A5,Endo CLDN5 SLC7A5,Excitatory neuron,11.76470588235294,Pyramidal cells,9.411764705882355,Neuron,8.968609865470851
2239,Endo CLDN5 SLC7A5,Endo CLDN5 SLC7A5,Excitatory neuron,11.76470588235294,Pyramidal cells,9.411764705882355,Neuron,8.968609865470851
2240,Endo CLDN5 SLC7A5,Endo CLDN5 SLC7A5,Excitatory neuron,11.76470588235294,Pyramidal cells,9.411764705882355,Neuron,8.968609865470851
2241,Endo CLDN5 SLC7A5,Endo CLDN5 SLC7A5,Excitatory neuron,11.76470588235294,Pyramidal cells,9.411764705882355,Neuron,8.968609865470851
2242,Endo CLDN5 SLC7A5,Endo CLDN5 SLC7A5,Excitatory neuron,11.76470588235294,Pyramidal cells,9.411764705882355,Neuron,8.968609865470851
2243,Endo CLDN5 SLC7A5,Endo CLDN5 SLC7A5,Excitatory neuron,11.76470588235294,Pyramidal cells,9.411764705882355,Neuron,8.968609865470851
2244,Endo CLDN5 SLC7A5,Endo CLDN5 SLC7A5,Excitatory neuron,11.76470588235294,Pyramidal cells,9.411764705882355,Neuron,8.968609865470851
2245,Endo CLDN5 SLC7A5,Endo CLDN5 SLC7A5,Excitatory neuron,11.76470588235294,Pyramidal cells,9.411764705882355,Neuron,8.968609865470851
2246,Endo CLDN5 SLC7A5,Endo CLDN5 SLC7A5,Excitatory neuron,11.76470588235294,Pyramidal cells,9.411764705882355,Neuron,8.968609865470851
2247,Endo CLDN5 SLC7A5,Endo CLDN5 SLC7A5,Excitatory neuron,11.76470588235294,Pyramidal cells,9.411764705882355,Neuron,8.968609865470851
2248,Endo CLDN5 SLC7A5,Endo CLDN5 SLC7A5,Excitatory neuron,11.76470588235294,Pyramidal cells,9.411764705882355,Neuron,8.968609865470851
2249,L6 OPRK1 THEMIS RGS6,L6 OPRK1 THEMIS RGS6,Retinal ganglion cells,5.042016806722689,Neuron,4.484304932735426,Lake et al.science.ex8,3.669724770642202
2250,Oligo MOG OPALIN,Oligo MOG OPALIN,Oligodendrocytes,11.594202898550725,Oligodendrocyte,9.44206008583691,Mature oligodendrocyte,7.2727272727272725
2251,Endo CLDN5 SLC7A5,Endo CLDN5 SLC7A5,Excitatory neuron,11.76470588235294,Pyramidal cells,9.411764705882355,Neuron,8.968609865470851
2252,Oligo MOG OPALIN,Oligo MOG OPALIN,Oligodendrocytes,11.594202898550725,Oligodendrocyte,9.44206008583691,Mature oligodendrocyte,7.2727272727272725
2253,Oligo MOG OPALIN,Oligo MOG OPALIN,Oligodendrocytes,11.594202898550725,Oligodendrocyte,9.44206008583691,Mature oligodendrocyte,7.2727272727272725
2254,Endo CLDN5 SLC7A5,Endo CLDN5 SLC7A5,Excitatory neuron,11.76470588235294,Pyramidal cells,9.411764705882355,Neuron,8.968609865470851
2255,Endo CLDN5 SLC7A5,Endo CLDN5 SLC7A5,Excitatory neuron,11.76470588235294,Pyramidal cells,9.411764705882355,Neuron,8.968609865470851
2256,Micro P2RY12 APBB1IP,Micro P2RY12 APBB1IP,Microglia,9.917355371900827,Microglial-specific cell,7.6923076923076925,Homeostatic microglial cell,7.142857142857142
2257,Micro P2RY12 APBB1IP,Micro P2RY12 APBB1IP,Microglia,9.917355371900827,Microglial-specific cell,7.6923076923076925,Homeostatic microglial cell,7.142857142857142
2258,Endo CLDN5 SLC7A5,Endo CLDN5 SLC7A5,Excitatory neuron,11.76470588235294,Pyramidal cells,9.411764705882355,Neuron,8.968609865470851
2259,Endo CLDN5 SLC7A5,Endo CLDN5 SLC7A5,Excitatory neuron,11.76470588235294,Pyramidal cells,9.411764705882355,Neuron,8.968609865470851
2260,OPC PDGFRA PCDH15,OPC PDGFRA PCDH15,Oligodendrocyte precursor cell,22.22222222222222,Oligodendrocyte progenitor cells,15.384615384615383,Oligodendrocyte progenitor cell,13.114754098360654
2261,Endo CLDN5 SLC7A5,Endo CLDN5 SLC7A5,Excitatory neuron,11.76470588235294,Pyramidal cells,9.411764705882355,Neuron,8.968609865470851
2262,Micro P2RY12 APBB1IP,Micro P2RY12 APBB1IP,Microglia,9.917355371900827,Microglial-specific cell,7.6923076923076925,Homeostatic microglial cell,7.142857142857142
2263,Endo CLDN5 SLC7A5,Endo CLDN5 SLC7A5,Excitatory neuron,11.76470588235294,Pyramidal cells,9.411764705882355,Neuron,8.968609865470851
2264,L6 OPRK1 THEMIS RGS6,L6 OPRK1 THEMIS RGS6,Retinal ganglion cells,5.042016806722689,Neuron,4.484304932735426,Lake et al.science.ex8,3.669724770642202
2265,Oligo MOG OPALIN,Oligo MOG OPALIN,Oligodendrocytes,11.594202898550725,Oligodendrocyte,9.44206008583691,Mature oligodendrocyte,7.2727272727272725
2266,L3-5 RORB MKX GRIN3A,L3-5 RORB MKX GRIN3A,Cajal-retzius cells,7.8125,Somatostatin interneuron,7.2727272727272725,Lake et al.science.in5,3.508771929824562
2267,Endo CLDN5 SLC7A5,Endo CLDN5 SLC7A5,Excitatory neuron,11.76470588235294,Pyramidal cells,9.411764705882355,Neuron,8.968609865470851
2268,Endo CLDN5 SLC7A5,Endo CLDN5 SLC7A5,Excitatory neuron,11.76470588235294,Pyramidal cells,9.411764705882355,Neuron,8.968609865470851
2269,Endo CLDN5 SLC7A5,Endo CLDN5 SLC7A5,Excitatory neuron,11.76470588235294,Pyramidal cells,9.411764705882355,Neuron,8.968609865470851
2270,Oligo MOG OPALIN,Oligo MOG OPALIN,Oligodendrocytes,11.594202898550725,Oligodendrocyte,9.44206008583691,Mature oligodendrocyte,7.2727272727272725
2271,InN SST FREM1,InN SST FREM1,Purkinje neurons,9.174311926605505,Oligodendrocyte precursor cell,6.349206349206351,Neuron,5.381165919282512
2272,Endo CLDN5 SLC7A5,Endo CLDN5 SLC7A5,Excitatory neuron,11.76470588235294,Pyramidal cells,9.411764705882355,Neuron,8.968609865470851
2273,Astro AQP4 SLC1A2,Astro AQP4 SLC1A2,Astrocyte,6.94980694980695,Stem cell,5.47945205479452,Satellite glial cells,5.405405405405405
2274,Micro P2RY12 APBB1IP,Micro P2RY12 APBB1IP,Microglia,9.917355371900827,Microglial-specific cell,7.6923076923076925,Homeostatic microglial cell,7.142857142857142
2275,L2-3 CUX2 ACVR1C THSD7A,L2-3 CUX2 ACVR1C THSD7A,Somatostatin interneuron,3.6363636363636362,Neurons,3.1620553359683794,Cajal-retzius cells,3.125
2276,Endo CLDN5 SLC7A5,Endo CLDN5 SLC7A5,Excitatory neuron,11.76470588235294,Pyramidal cells,9.411764705882355,Neuron,8.968609865470851
2277,Endo CLDN5 SLC7A5,Endo CLDN5 SLC7A5,Excitatory neuron,11.76470588235294,Pyramidal cells,9.411764705882355,Neuron,8.968609865470851
2278,PC P2RY14 GRM8,PC P2RY14 GRM8,Pericyte,8.695652173913043,Endothelial cell,7.692307692307692,Mural cell,7.017543859649124
2279,Endo CLDN5 SLC7A5,Endo CLDN5 SLC7A5,Excitatory neuron,11.76470588235294,Pyramidal cells,9.411764705882355,Neuron,8.968609865470851
2280,Oligo MOG OPALIN,Oligo MOG OPALIN,Oligodendrocytes,11.594202898550725,Oligodendrocyte,9.44206008583691,Mature oligodendrocyte,7.2727272727272725
2281,Endo CLDN5 SLC7A5,Endo CLDN5 SLC7A5,Excitatory neuron,11.76470588235294,Pyramidal cells,9.411764705882355,Neuron,8.968609865470851
2282,L2-3 CUX2 ACVR1C THSD7A,L2-3 CUX2 ACVR1C THSD7A,Somatostatin interneuron,3.6363636363636362,Neurons,3.1620553359683794,Cajal-retzius cells,3.125
2283,Endo CLDN5 SLC7A5,Endo CLDN5 SLC7A5,Excitatory neuron,11.76470588235294,Pyramidal cells,9.411764705882355,Neuron,8.968609865470851
2284,InN PVALB HPSE,InN PVALB HPSE,Parvalbumin interneuron,7.4074074074074066,Lake et al.science.ex6,7.1428571428571415,Purkinje neurons,5.5045871559633035
2285,Oligo MOG OPALIN,Oligo MOG OPALIN,Oligodendrocytes,11.594202898550725,Oligodendrocyte,9.44206008583691,Mature oligodendrocyte,7.2727272727272725
2286,Endo CLDN5 SLC7A5,Endo CLDN5 SLC7A5,Excitatory neuron,11.76470588235294,Pyramidal cells,9.411764705882355,Neuron,8.968609865470851
2287,Endo CLDN5 SLC7A5,Endo CLDN5 SLC7A5,Excitatory neuron,11.76470588235294,Pyramidal cells,9.411764705882355,Neuron,8.968609865470851
2288,Endo CLDN5 SLC7A5,Endo CLDN5 SLC7A5,Excitatory neuron,11.76470588235294,Pyramidal cells,9.411764705882355,Neuron,8.968609865470851
2289,Endo CLDN5 SLC7A5,Endo CLDN5 SLC7A5,Excitatory neuron,11.76470588235294,Pyramidal cells,9.411764705882355,Neuron,8.968609865470851
2290,L3-5 RORB PCBP3 IL1RAPL2,L3-5 RORB PCBP3 IL1RAPL2,Retinal ganglion cells,3.361344537815126,Lake et al.science.ex4,3.1746031746031753,Neuroendocrine cells,2.5974025974025974
2291,Endo CLDN5 SLC7A5,Endo CLDN5 SLC7A5,Excitatory neuron,11.76470588235294,Pyramidal cells,9.411764705882355,Neuron,8.968609865470851
2292,L6 OPRK1 THEMIS RGS6,L6 OPRK1 THEMIS RGS6,Retinal ganglion cells,5.042016806722689,Neuron,4.484304932735426,Lake et al.science.ex8,3.669724770642202
2293,Endo CLDN5 SLC7A5,Endo CLDN5 SLC7A5,Excitatory neuron,11.76470588235294,Pyramidal cells,9.411764705882355,Neuron,8.968609865470851
2294,Endo CLDN5 SLC7A5,Endo CLDN5 SLC7A5,Excitatory neuron,11.76470588235294,Pyramidal cells,9.411764705882355,Neuron,8.968609865470851
2295,Endo CLDN5 SLC7A5,Endo CLDN5 SLC7A5,Excitatory neuron,11.76470588235294,Pyramidal cells,9.411764705882355,Neuron,8.968609865470851
2296,Endo CLDN5 SLC7A5,Endo CLDN5 SLC7A5,Excitatory neuron,11.76470588235294,Pyramidal cells,9.411764705882355,Neuron,8.968609865470851
2297,PC P2RY14 GRM8,PC P2RY14 GRM8,Pericyte,8.695652173913043,Endothelial cell,7.692307692307692,Mural cell,7.017543859649124
2298,Endo CLDN5 SLC7A5,Endo CLDN5 SLC7A5,Excitatory neuron,11.76470588235294,Pyramidal cells,9.411764705882355,Neuron,8.968609865470851
2299,Endo CLDN5 SLC7A5,Endo CLDN5 SLC7A5,Excitatory neuron,11.76470588235294,Pyramidal cells,9.411764705882355,Neuron,8.968609865470851
2300,Oligo MOG OPALIN,Oligo MOG OPALIN,Oligodendrocytes,11.594202898550725,Oligodendrocyte,9.44206008583691,Mature oligodendrocyte,7.2727272727272725
2301,Endo CLDN5 SLC7A5,Endo CLDN5 SLC7A5,Excitatory neuron,11.76470588235294,Pyramidal cells,9.411764705882355,Neuron,8.968609865470851
2302,Endo CLDN5 SLC7A5,Endo CLDN5 SLC7A5,Excitatory neuron,11.76470588235294,Pyramidal cells,9.411764705882355,Neuron,8.968609865470851
2303,PC P2RY14 GRM8,PC P2RY14 GRM8,Pericyte,8.695652173913043,Endothelial cell,7.692307692307692,Mural cell,7.017543859649124
2304,Endo CLDN5 SLC7A5,Endo CLDN5 SLC7A5,Excitatory neuron,11.76470588235294,Pyramidal cells,9.411764705882355,Neuron,8.968609865470851
2305,Endo CLDN5 SLC7A5,Endo CLDN5 SLC7A5,Excitatory neuron,11.76470588235294,Pyramidal cells,9.411764705882355,Neuron,8.968609865470851
2306,Endo CLDN5 SLC7A5,Endo CLDN5 SLC7A5,Excitatory neuron,11.76470588235294,Pyramidal cells,9.411764705882355,Neuron,8.968609865470851
2307,L6 OPRK1 THEMIS RGS6,L6 OPRK1 THEMIS RGS6,Retinal ganglion cells,5.042016806722689,Neuron,4.484304932735426,Lake et al.science.ex8,3.669724770642202
2308,Endo CLDN5 SLC7A5,Endo CLDN5 SLC7A5,Excitatory neuron,11.76470588235294,Pyramidal cells,9.411764705882355,Neuron,8.968609865470851
2309,InN PVALB HPSE,InN PVALB HPSE,Parvalbumin interneuron,7.4074074074074066,Lake et al.science.ex6,7.1428571428571415,Purkinje neurons,5.5045871559633035
2310,Endo CLDN5 SLC7A5,Endo CLDN5 SLC7A5,Excitatory neuron,11.76470588235294,Pyramidal cells,9.411764705882355,Neuron,8.968609865470851
2311,Endo CLDN5 SLC7A5,Endo CLDN5 SLC7A5,Excitatory neuron,11.76470588235294,Pyramidal cells,9.411764705882355,Neuron,8.968609865470851
2312,Endo CLDN5 SLC7A5,Endo CLDN5 SLC7A5,Excitatory neuron,11.76470588235294,Pyramidal cells,9.411764705882355,Neuron,8.968609865470851
2313,Endo CLDN5 SLC7A5,Endo CLDN5 SLC7A5,Excitatory neuron,11.76470588235294,Pyramidal cells,9.411764705882355,Neuron,8.968609865470851
2314,Endo CLDN5 SLC7A5,Endo CLDN5 SLC7A5,Excitatory neuron,11.76470588235294,Pyramidal cells,9.411764705882355,Neuron,8.968609865470851
2315,Endo CLDN5 SLC7A5,Endo CLDN5 SLC7A5,Excitatory neuron,11.76470588235294,Pyramidal cells,9.411764705882355,Neuron,8.968609865470851
2316,Astro AQP4 SLC1A2,Astro AQP4 SLC1A2,Astrocyte,6.94980694980695,Stem cell,5.47945205479452,Satellite glial cells,5.405405405405405
2317,L6 FEZF2 NPFFR2 KCNK2,L6 FEZF2 NPFFR2 KCNK2,Lake et al.science.ex6,16.666666666666664,Somatostatin interneuron,3.6363636363636362,Lake et al.science.in3,3.1746031746031753
2318,L3-5 RORB MKX GRIN3A,L3-5 RORB MKX GRIN3A,Cajal-retzius cells,7.8125,Somatostatin interneuron,7.2727272727272725,Lake et al.science.in5,3.508771929824562
2319,Endo CLDN5 SLC7A5,Endo CLDN5 SLC7A5,Excitatory neuron,11.76470588235294,Pyramidal cells,9.411764705882355,Neuron,8.968609865470851
2320,Endo CLDN5 SLC7A5,Endo CLDN5 SLC7A5,Excitatory neuron,11.76470588235294,Pyramidal cells,9.411764705882355,Neuron,8.968609865470851
2321,Endo CLDN5 SLC7A5,Endo CLDN5 SLC7A5,Excitatory neuron,11.76470588235294,Pyramidal cells,9.411764705882355,Neuron,8.968609865470851
2322,Micro P2RY12 APBB1IP,Micro P2RY12 APBB1IP,Microglia,9.917355371900827,Microglial-specific cell,7.6923076923076925,Homeostatic microglial cell,7.142857142857142
2323,Endo CLDN5 SLC7A5,Endo CLDN5 SLC7A5,Excitatory neuron,11.76470588235294,Pyramidal cells,9.411764705882355,Neuron,8.968609865470851
2324,Endo CLDN5 SLC7A5,Endo CLDN5 SLC7A5,Excitatory neuron,11.76470588235294,Pyramidal cells,9.411764705882355,Neuron,8.968609865470851
2325,Endo CLDN5 SLC7A5,Endo CLDN5 SLC7A5,Excitatory neuron,11.76470588235294,Pyramidal cells,9.411764705882355,Neuron,8.968609865470851
2326,Endo CLDN5 SLC7A5,Endo CLDN5 SLC7A5,Excitatory neuron,11.76470588235294,Pyramidal cells,9.411764705882355,Neuron,8.968609865470851
2327,Endo CLDN5 SLC7A5,Endo CLDN5 SLC7A5,Excitatory neuron,11.76470588235294,Pyramidal cells,9.411764705882355,Neuron,8.968609865470851
2328,Oligo MOG OPALIN,Oligo MOG OPALIN,Oligodendrocytes,11.594202898550725,Oligodendrocyte,9.44206008583691,Mature oligodendrocyte,7.2727272727272725
2329,Endo CLDN5 SLC7A5,Endo CLDN5 SLC7A5,Excitatory neuron,11.76470588235294,Pyramidal cells,9.411764705882355,Neuron,8.968609865470851
2330,L3-5 RORB MKX GRIN3A,L3-5 RORB MKX GRIN3A,Cajal-retzius cells,7.8125,Somatostatin interneuron,7.2727272727272725,Lake et al.science.in5,3.508771929824562
2331,L2-3 CUX2 ACVR1C THSD7A,L2-3 CUX2 ACVR1C THSD7A,Somatostatin interneuron,3.6363636363636362,Neurons,3.1620553359683794,Cajal-retzius cells,3.125
2332,L3-5 RORB MKX GRIN3A,L3-5 RORB MKX GRIN3A,Cajal-retzius cells,7.8125,Somatostatin interneuron,7.2727272727272725,Lake et al.science.in5,3.508771929824562
2333,Endo CLDN5 SLC7A5,Endo CLDN5 SLC7A5,Excitatory neuron,11.76470588235294,Pyramidal cells,9.411764705882355,Neuron,8.968609865470851
2334,Endo CLDN5 SLC7A5,Endo CLDN5 SLC7A5,Excitatory neuron,11.76470588235294,Pyramidal cells,9.411764705882355,Neuron,8.968609865470851
2335,L6 FEZF2 NPFFR2 KCNK2,L6 FEZF2 NPFFR2 KCNK2,Lake et al.science.ex6,16.666666666666664,Somatostatin interneuron,3.6363636363636362,Lake et al.science.in3,3.1746031746031753
2336,InN VIP HS3ST3B1,InN VIP HS3ST3B1,Purkinje neurons,7.339449541284404,Neuroblasts,6.0,Lake et al.science.ex8,5.5045871559633035
2337,Endo CLDN5 SLC7A5,Endo CLDN5 SLC7A5,Excitatory neuron,11.76470588235294,Pyramidal cells,9.411764705882355,Neuron,8.968609865470851
2338,Endo CLDN5 SLC7A5,Endo CLDN5 SLC7A5,Excitatory neuron,11.76470588235294,Pyramidal cells,9.411764705882355,Neuron,8.968609865470851
2339,Oligo MOG OPALIN,Oligo MOG OPALIN,Oligodendrocytes,11.594202898550725,Oligodendrocyte,9.44206008583691,Mature oligodendrocyte,7.2727272727272725
2340,Micro P2RY12 APBB1IP,Micro P2RY12 APBB1IP,Microglia,9.917355371900827,Microglial-specific cell,7.6923076923076925,Homeostatic microglial cell,7.142857142857142
2341,Endo CLDN5 SLC7A5,Endo CLDN5 SLC7A5,Excitatory neuron,11.76470588235294,Pyramidal cells,9.411764705882355,Neuron,8.968609865470851
2342,Micro P2RY12 APBB1IP,Micro P2RY12 APBB1IP,Microglia,9.917355371900827,Microglial-specific cell,7.6923076923076925,Homeostatic microglial cell,7.142857142857142
2343,Endo CLDN5 SLC7A5,Endo CLDN5 SLC7A5,Excitatory neuron,11.76470588235294,Pyramidal cells,9.411764705882355,Neuron,8.968609865470851
2344,Endo CLDN5 SLC7A5,Endo CLDN5 SLC7A5,Excitatory neuron,11.76470588235294,Pyramidal cells,9.411764705882355,Neuron,8.968609865470851
2345,PC P2RY14 GRM8,PC P2RY14 GRM8,Pericyte,8.695652173913043,Endothelial cell,7.692307692307692,Mural cell,7.017543859649124
2346,Endo CLDN5 SLC7A5,Endo CLDN5 SLC7A5,Excitatory neuron,11.76470588235294,Pyramidal cells,9.411764705882355,Neuron,8.968609865470851
2347,Endo CLDN5 SLC7A5,Endo CLDN5 SLC7A5,Excitatory neuron,11.76470588235294,Pyramidal cells,9.411764705882355,Neuron,8.968609865470851
2348,Endo CLDN5 SLC7A5,Endo CLDN5 SLC7A5,Excitatory neuron,11.76470588235294,Pyramidal cells,9.411764705882355,Neuron,8.968609865470851
2349,Endo CLDN5 SLC7A5,Endo CLDN5 SLC7A5,Excitatory neuron,11.76470588235294,Pyramidal cells,9.411764705882355,Neuron,8.968609865470851
2350,Oligo MOG OPALIN,Oligo MOG OPALIN,Oligodendrocytes,11.594202898550725,Oligodendrocyte,9.44206008583691,Mature oligodendrocyte,7.2727272727272725
2351,Endo CLDN5 SLC7A5,Endo CLDN5 SLC7A5,Excitatory neuron,11.76470588235294,Pyramidal cells,9.411764705882355,Neuron,8.968609865470851
2352,Endo CLDN5 SLC7A5,Endo CLDN5 SLC7A5,Excitatory neuron,11.76470588235294,Pyramidal cells,9.411764705882355,Neuron,8.968609865470851
2353,Endo CLDN5 SLC7A5,Endo CLDN5 SLC7A5,Excitatory neuron,11.76470588235294,Pyramidal cells,9.411764705882355,Neuron,8.968609865470851
2354,Astro AQP4 SLC1A2,Astro AQP4 SLC1A2,Astrocyte,6.94980694980695,Stem cell,5.47945205479452,Satellite glial cells,5.405405405405405
2355,Endo CLDN5 SLC7A5,Endo CLDN5 SLC7A5,Excitatory neuron,11.76470588235294,Pyramidal cells,9.411764705882355,Neuron,8.968609865470851
2356,Astro AQP4 SLC1A2,Astro AQP4 SLC1A2,Astrocyte,6.94980694980695,Stem cell,5.47945205479452,Satellite glial cells,5.405405405405405
2357,Endo CLDN5 SLC7A5,Endo CLDN5 SLC7A5,Excitatory neuron,11.76470588235294,Pyramidal cells,9.411764705882355,Neuron,8.968609865470851
2358,Oligo MOG OPALIN,Oligo MOG OPALIN,Oligodendrocytes,11.594202898550725,Oligodendrocyte,9.44206008583691,Mature oligodendrocyte,7.2727272727272725
2359,Endo CLDN5 SLC7A5,Endo CLDN5 SLC7A5,Excitatory neuron,11.76470588235294,Pyramidal cells,9.411764705882355,Neuron,8.968609865470851
2360,Endo CLDN5 SLC7A5,Endo CLDN5 SLC7A5,Excitatory neuron,11.76470588235294,Pyramidal cells,9.411764705882355,Neuron,8.968609865470851
2361,Oligo MOG OPALIN,Oligo MOG OPALIN,Oligodendrocytes,11.594202898550725,Oligodendrocyte,9.44206008583691,Mature oligodendrocyte,7.2727272727272725
2362,Endo CLDN5 SLC7A5,Endo CLDN5 SLC7A5,Excitatory neuron,11.76470588235294,Pyramidal cells,9.411764705882355,Neuron,8.968609865470851
2363,Astro AQP4 SLC1A2,Astro AQP4 SLC1A2,Astrocyte,6.94980694980695,Stem cell,5.47945205479452,Satellite glial cells,5.405405405405405
2364,Endo CLDN5 SLC7A5,Endo CLDN5 SLC7A5,Excitatory neuron,11.76470588235294,Pyramidal cells,9.411764705882355,Neuron,8.968609865470851
2365,L2-3 CUX2 ACVR1C THSD7A,L2-3 CUX2 ACVR1C THSD7A,Somatostatin interneuron,3.6363636363636362,Neurons,3.1620553359683794,Cajal-retzius cells,3.125
2366,Endo CLDN5 SLC7A5,Endo CLDN5 SLC7A5,Excitatory neuron,11.76470588235294,Pyramidal cells,9.411764705882355,Neuron,8.968609865470851
2367,Astro AQP4 SLC1A2,Astro AQP4 SLC1A2,Astrocyte,6.94980694980695,Stem cell,5.47945205479452,Satellite glial cells,5.405405405405405
2368,Endo CLDN5 SLC7A5,Endo CLDN5 SLC7A5,Excitatory neuron,11.76470588235294,Pyramidal cells,9.411764705882355,Neuron,8.968609865470851
2369,Astro AQP4 SLC1A2,Astro AQP4 SLC1A2,Astrocyte,6.94980694980695,Stem cell,5.47945205479452,Satellite glial cells,5.405405405405405
2370,L2-3 CUX2 ACVR1C THSD7A,L2-3 CUX2 ACVR1C THSD7A,Somatostatin interneuron,3.6363636363636362,Neurons,3.1620553359683794,Cajal-retzius cells,3.125
2371,Endo CLDN5 SLC7A5,Endo CLDN5 SLC7A5,Excitatory neuron,11.76470588235294,Pyramidal cells,9.411764705882355,Neuron,8.968609865470851
2372,Endo CLDN5 SLC7A5,Endo CLDN5 SLC7A5,Excitatory neuron,11.76470588235294,Pyramidal cells,9.411764705882355,Neuron,8.968609865470851
2373,L2-3 CUX2 ACVR1C THSD7A,L2-3 CUX2 ACVR1C THSD7A,Somatostatin interneuron,3.6363636363636362,Neurons,3.1620553359683794,Cajal-retzius cells,3.125
2374,Endo CLDN5 SLC7A5,Endo CLDN5 SLC7A5,Excitatory neuron,11.76470588235294,Pyramidal cells,9.411764705882355,Neuron,8.968609865470851
2375,Endo CLDN5 SLC7A5,Endo CLDN5 SLC7A5,Excitatory neuron,11.76470588235294,Pyramidal cells,9.411764705882355,Neuron,8.968609865470851
2376,L6 OPRK1 THEMIS RGS6,L6 OPRK1 THEMIS RGS6,Retinal ganglion cells,5.042016806722689,Neuron,4.484304932735426,Lake et al.science.ex8,3.669724770642202
2377,Endo CLDN5 SLC7A5,Endo CLDN5 SLC7A5,Excitatory neuron,11.76470588235294,Pyramidal cells,9.411764705882355,Neuron,8.968609865470851
2378,Endo CLDN5 SLC7A5,Endo CLDN5 SLC7A5,Excitatory neuron,11.76470588235294,Pyramidal cells,9.411764705882355,Neuron,8.968609865470851
2379,Astro AQP4 SLC1A2,Astro AQP4 SLC1A2,Astrocyte,6.94980694980695,Stem cell,5.47945205479452,Satellite glial cells,5.405405405405405
2380,L3-5 RORB PCBP3 IL1RAPL2,L3-5 RORB PCBP3 IL1RAPL2,Retinal ganglion cells,3.361344537815126,Lake et al.science.ex4,3.1746031746031753,Neuroendocrine cells,2.5974025974025974
2381,Endo CLDN5 SLC7A5,Endo CLDN5 SLC7A5,Excitatory neuron,11.76470588235294,Pyramidal cells,9.411764705882355,Neuron,8.968609865470851
2382,Endo CLDN5 SLC7A5,Endo CLDN5 SLC7A5,Excitatory neuron,11.76470588235294,Pyramidal cells,9.411764705882355,Neuron,8.968609865470851
2383,Endo CLDN5 SLC7A5,Endo CLDN5 SLC7A5,Excitatory neuron,11.76470588235294,Pyramidal cells,9.411764705882355,Neuron,8.968609865470851
2384,Endo CLDN5 SLC7A5,Endo CLDN5 SLC7A5,Excitatory neuron,11.76470588235294,Pyramidal cells,9.411764705882355,Neuron,8.968609865470851
2385,Endo CLDN5 SLC7A5,Endo CLDN5 SLC7A5,Excitatory neuron,11.76470588235294,Pyramidal cells,9.411764705882355,Neuron,8.968609865470851
2386,Endo CLDN5 SLC7A5,Endo CLDN5 SLC7A5,Excitatory neuron,11.76470588235294,Pyramidal cells,9.411764705882355,Neuron,8.968609865470851
2387,Endo CLDN5 SLC7A5,Endo CLDN5 SLC7A5,Excitatory neuron,11.76470588235294,Pyramidal cells,9.411764705882355,Neuron,8.968609865470851
2388,Endo CLDN5 SLC7A5,Endo CLDN5 SLC7A5,Excitatory neuron,11.76470588235294,Pyramidal cells,9.411764705882355,Neuron,8.968609865470851
2389,Endo CLDN5 SLC7A5,Endo CLDN5 SLC7A5,Excitatory neuron,11.76470588235294,Pyramidal cells,9.411764705882355,Neuron,8.968609865470851
2390,Endo CLDN5 SLC7A5,Endo CLDN5 SLC7A5,Excitatory neuron,11.76470588235294,Pyramidal cells,9.411764705882355,Neuron,8.968609865470851
2391,Endo CLDN5 SLC7A5,Endo CLDN5 SLC7A5,Excitatory neuron,11.76470588235294,Pyramidal cells,9.411764705882355,Neuron,8.968609865470851
2392,Endo CLDN5 SLC7A5,Endo CLDN5 SLC7A5,Excitatory neuron,11.76470588235294,Pyramidal cells,9.411764705882355,Neuron,8.968609865470851
2393,Endo CLDN5 SLC7A5,Endo CLDN5 SLC7A5,Excitatory neuron,11.76470588235294,Pyramidal cells,9.411764705882355,Neuron,8.968609865470851
2394,Endo CLDN5 SLC7A5,Endo CLDN5 SLC7A5,Excitatory neuron,11.76470588235294,Pyramidal cells,9.411764705882355,Neuron,8.968609865470851
2395,Endo CLDN5 SLC7A5,Endo CLDN5 SLC7A5,Excitatory neuron,11.76470588235294,Pyramidal cells,9.411764705882355,Neuron,8.968609865470851
2396,Micro P2RY12 APBB1IP,Micro P2RY12 APBB1IP,Microglia,9.917355371900827,Microglial-specific cell,7.6923076923076925,Homeostatic microglial cell,7.142857142857142
2397,L3-5 RORB MKX GRIN3A,L3-5 RORB MKX GRIN3A,Cajal-retzius cells,7.8125,Somatostatin interneuron,7.2727272727272725,Lake et al.science.in5,3.508771929824562
2398,L2-3 CUX2 ACVR1C THSD7A,L2-3 CUX2 ACVR1C THSD7A,Somatostatin interneuron,3.6363636363636362,Neurons,3.1620553359683794,Cajal-retzius cells,3.125
2399,Endo CLDN5 SLC7A5,Endo CLDN5 SLC7A5,Excitatory neuron,11.76470588235294,Pyramidal cells,9.411764705882355,Neuron,8.968609865470851
2400,InN VIP HS3ST3B1,InN VIP HS3ST3B1,Purkinje neurons,7.339449541284404,Neuroblasts,6.0,Lake et al.science.ex8,5.5045871559633035
2401,Micro P2RY12 APBB1IP,Micro P2RY12 APBB1IP,Microglia,9.917355371900827,Microglial-specific cell,7.6923076923076925,Homeostatic microglial cell,7.142857142857142
2402,Endo CLDN5 SLC7A5,Endo CLDN5 SLC7A5,Excitatory neuron,11.76470588235294,Pyramidal cells,9.411764705882355,Neuron,8.968609865470851
2403,Oligo MOG OPALIN,Oligo MOG OPALIN,Oligodendrocytes,11.594202898550725,Oligodendrocyte,9.44206008583691,Mature oligodendrocyte,7.2727272727272725
2404,Endo CLDN5 SLC7A5,Endo CLDN5 SLC7A5,Excitatory neuron,11.76470588235294,Pyramidal cells,9.411764705882355,Neuron,8.968609865470851
2405,L2-3 CUX2 ACVR1C THSD7A,L2-3 CUX2 ACVR1C THSD7A,Somatostatin interneuron,3.6363636363636362,Neurons,3.1620553359683794,Cajal-retzius cells,3.125
2406,Endo CLDN5 SLC7A5,Endo CLDN5 SLC7A5,Excitatory neuron,11.76470588235294,Pyramidal cells,9.411764705882355,Neuron,8.968609865470851
2407,Oligo MOG OPALIN,Oligo MOG OPALIN,Oligodendrocytes,11.594202898550725,Oligodendrocyte,9.44206008583691,Mature oligodendrocyte,7.2727272727272725
2408,Oligo MOG OPALIN,Oligo MOG OPALIN,Oligodendrocytes,11.594202898550725,Oligodendrocyte,9.44206008583691,Mature oligodendrocyte,7.2727272727272725
2409,Endo CLDN5 SLC7A5,Endo CLDN5 SLC7A5,Excitatory neuron,11.76470588235294,Pyramidal cells,9.411764705882355,Neuron,8.968609865470851
2410,Endo CLDN5 SLC7A5,Endo CLDN5 SLC7A5,Excitatory neuron,11.76470588235294,Pyramidal cells,9.411764705882355,Neuron,8.968609865470851
2411,Endo CLDN5 SLC7A5,Endo CLDN5 SLC7A5,Excitatory neuron,11.76470588235294,Pyramidal cells,9.411764705882355,Neuron,8.968609865470851
2412,Endo CLDN5 SLC7A5,Endo CLDN5 SLC7A5,Excitatory neuron,11.76470588235294,Pyramidal cells,9.411764705882355,Neuron,8.968609865470851
2413,Oligo MOG OPALIN,Oligo MOG OPALIN,Oligodendrocytes,11.594202898550725,Oligodendrocyte,9.44206008583691,Mature oligodendrocyte,7.2727272727272725
2414,Endo CLDN5 SLC7A5,Endo CLDN5 SLC7A5,Excitatory neuron,11.76470588235294,Pyramidal cells,9.411764705882355,Neuron,8.968609865470851
2415,Endo CLDN5 SLC7A5,Endo CLDN5 SLC7A5,Excitatory neuron,11.76470588235294,Pyramidal cells,9.411764705882355,Neuron,8.968609865470851
2416,Endo CLDN5 SLC7A5,Endo CLDN5 SLC7A5,Excitatory neuron,11.76470588235294,Pyramidal cells,9.411764705882355,Neuron,8.968609865470851
2417,OPC PDGFRA PCDH15,OPC PDGFRA PCDH15,Oligodendrocyte precursor cell,22.22222222222222,Oligodendrocyte progenitor cells,15.384615384615383,Oligodendrocyte progenitor cell,13.114754098360654
2418,Astro AQP4 SLC1A2,Astro AQP4 SLC1A2,Astrocyte,6.94980694980695,Stem cell,5.47945205479452,Satellite glial cells,5.405405405405405
2419,Endo CLDN5 SLC7A5,Endo CLDN5 SLC7A5,Excitatory neuron,11.76470588235294,Pyramidal cells,9.411764705882355,Neuron,8.968609865470851
2420,Endo CLDN5 SLC7A5,Endo CLDN5 SLC7A5,Excitatory neuron,11.76470588235294,Pyramidal cells,9.411764705882355,Neuron,8.968609865470851
2421,Endo CLDN5 SLC7A5,Endo CLDN5 SLC7A5,Excitatory neuron,11.76470588235294,Pyramidal cells,9.411764705882355,Neuron,8.968609865470851
2422,L6 OPRK1 THEMIS RGS6,L6 OPRK1 THEMIS RGS6,Retinal ganglion cells,5.042016806722689,Neuron,4.484304932735426,Lake et al.science.ex8,3.669724770642202
2423,Endo CLDN5 SLC7A5,Endo CLDN5 SLC7A5,Excitatory neuron,11.76470588235294,Pyramidal cells,9.411764705882355,Neuron,8.968609865470851
2424,Endo CLDN5 SLC7A5,Endo CLDN5 SLC7A5,Excitatory neuron,11.76470588235294,Pyramidal cells,9.411764705882355,Neuron,8.968609865470851
2425,Oligo MOG OPALIN,Oligo MOG OPALIN,Oligodendrocytes,11.594202898550725,Oligodendrocyte,9.44206008583691,Mature oligodendrocyte,7.2727272727272725
2426,Endo CLDN5 SLC7A5,Endo CLDN5 SLC7A5,Excitatory neuron,11.76470588235294,Pyramidal cells,9.411764705882355,Neuron,8.968609865470851
2427,Endo CLDN5 SLC7A5,Endo CLDN5 SLC7A5,Excitatory neuron,11.76470588235294,Pyramidal cells,9.411764705882355,Neuron,8.968609865470851
2428,L2-3 CUX2 ACVR1C THSD7A,L2-3 CUX2 ACVR1C THSD7A,Somatostatin interneuron,3.6363636363636362,Neurons,3.1620553359683794,Cajal-retzius cells,3.125
2429,Endo CLDN5 SLC7A5,Endo CLDN5 SLC7A5,Excitatory neuron,11.76470588235294,Pyramidal cells,9.411764705882355,Neuron,8.968609865470851
2430,InN SST FREM1,InN SST FREM1,Purkinje neurons,9.174311926605505,Oligodendrocyte precursor cell,6.349206349206351,Neuron,5.381165919282512
2431,Astro AQP4 SLC1A2,Astro AQP4 SLC1A2,Astrocyte,6.94980694980695,Stem cell,5.47945205479452,Satellite glial cells,5.405405405405405
2432,Endo CLDN5 SLC7A5,Endo CLDN5 SLC7A5,Excitatory neuron,11.76470588235294,Pyramidal cells,9.411764705882355,Neuron,8.968609865470851
2433,Endo CLDN5 SLC7A5,Endo CLDN5 SLC7A5,Excitatory neuron,11.76470588235294,Pyramidal cells,9.411764705882355,Neuron,8.968609865470851
2434,Endo CLDN5 SLC7A5,Endo CLDN5 SLC7A5,Excitatory neuron,11.76470588235294,Pyramidal cells,9.411764705882355,Neuron,8.968609865470851
2435,L6 OPRK1 THEMIS RGS6,L6 OPRK1 THEMIS RGS6,Retinal ganglion cells,5.042016806722689,Neuron,4.484304932735426,Lake et al.science.ex8,3.669724770642202
2436,Endo CLDN5 SLC7A5,Endo CLDN5 SLC7A5,Excitatory neuron,11.76470588235294,Pyramidal cells,9.411764705882355,Neuron,8.968609865470851
2437,L3-5 RORB MKX GRIN3A,L3-5 RORB MKX GRIN3A,Cajal-retzius cells,7.8125,Somatostatin interneuron,7.2727272727272725,Lake et al.science.in5,3.508771929824562
2438,Endo CLDN5 SLC7A5,Endo CLDN5 SLC7A5,Excitatory neuron,11.76470588235294,Pyramidal cells,9.411764705882355,Neuron,8.968609865470851
2439,OPC PDGFRA PCDH15,OPC PDGFRA PCDH15,Oligodendrocyte precursor cell,22.22222222222222,Oligodendrocyte progenitor cells,15.384615384615383,Oligodendrocyte progenitor cell,13.114754098360654
2440,Endo CLDN5 SLC7A5,Endo CLDN5 SLC7A5,Excitatory neuron,11.76470588235294,Pyramidal cells,9.411764705882355,Neuron,8.968609865470851
2441,Micro P2RY12 APBB1IP,Micro P2RY12 APBB1IP,Microglia,9.917355371900827,Microglial-specific cell,7.6923076923076925,Homeostatic microglial cell,7.142857142857142
2442,OPC PDGFRA PCDH15,OPC PDGFRA PCDH15,Oligodendrocyte precursor cell,22.22222222222222,Oligodendrocyte progenitor cells,15.384615384615383,Oligodendrocyte progenitor cell,13.114754098360654
2443,Endo CLDN5 SLC7A5,Endo CLDN5 SLC7A5,Excitatory neuron,11.76470588235294,Pyramidal cells,9.411764705882355,Neuron,8.968609865470851
2444,OPC PDGFRA PCDH15,OPC PDGFRA PCDH15,Oligodendrocyte precursor cell,22.22222222222222,Oligodendrocyte progenitor cells,15.384615384615383,Oligodendrocyte progenitor cell,13.114754098360654
2445,Endo CLDN5 SLC7A5,Endo CLDN5 SLC7A5,Excitatory neuron,11.76470588235294,Pyramidal cells,9.411764705882355,Neuron,8.968609865470851
2446,L2-3 CUX2 ACVR1C THSD7A,L2-3 CUX2 ACVR1C THSD7A,Somatostatin interneuron,3.6363636363636362,Neurons,3.1620553359683794,Cajal-retzius cells,3.125
2447,Endo CLDN5 SLC7A5,Endo CLDN5 SLC7A5,Excitatory neuron,11.76470588235294,Pyramidal cells,9.411764705882355,Neuron,8.968609865470851
2448,Endo CLDN5 SLC7A5,Endo CLDN5 SLC7A5,Excitatory neuron,11.76470588235294,Pyramidal cells,9.411764705882355,Neuron,8.968609865470851
2449,Oligo MOG OPALIN,Oligo MOG OPALIN,Oligodendrocytes,11.594202898550725,Oligodendrocyte,9.44206008583691,Mature oligodendrocyte,7.2727272727272725
2450,L3-5 RORB MKX GRIN3A,L3-5 RORB MKX GRIN3A,Cajal-retzius cells,7.8125,Somatostatin interneuron,7.2727272727272725,Lake et al.science.in5,3.508771929824562
2451,Endo CLDN5 SLC7A5,Endo CLDN5 SLC7A5,Excitatory neuron,11.76470588235294,Pyramidal cells,9.411764705882355,Neuron,8.968609865470851
2452,Oligo MOG OPALIN,Oligo MOG OPALIN,Oligodendrocytes,11.594202898550725,Oligodendrocyte,9.44206008583691,Mature oligodendrocyte,7.2727272727272725
2453,Endo CLDN5 SLC7A5,Endo CLDN5 SLC7A5,Excitatory neuron,11.76470588235294,Pyramidal cells,9.411764705882355,Neuron,8.968609865470851
2454,Oligo MOG OPALIN,Oligo MOG OPALIN,Oligodendrocytes,11.594202898550725,Oligodendrocyte,9.44206008583691,Mature oligodendrocyte,7.2727272727272725
2455,Endo CLDN5 SLC7A5,Endo CLDN5 SLC7A5,Excitatory neuron,11.76470588235294,Pyramidal cells,9.411764705882355,Neuron,8.968609865470851
2456,Endo CLDN5 SLC7A5,Endo CLDN5 SLC7A5,Excitatory neuron,11.76470588235294,Pyramidal cells,9.411764705882355,Neuron,8.968609865470851
2457,InN PVALB HPSE,InN PVALB HPSE,Parvalbumin interneuron,7.4074074074074066,Lake et al.science.ex6,7.1428571428571415,Purkinje neurons,5.5045871559633035
2458,Oligo MOG OPALIN,Oligo MOG OPALIN,Oligodendrocytes,11.594202898550725,Oligodendrocyte,9.44206008583691,Mature oligodendrocyte,7.2727272727272725
2459,Endo CLDN5 SLC7A5,Endo CLDN5 SLC7A5,Excitatory neuron,11.76470588235294,Pyramidal cells,9.411764705882355,Neuron,8.968609865470851
2460,Endo CLDN5 SLC7A5,Endo CLDN5 SLC7A5,Excitatory neuron,11.76470588235294,Pyramidal cells,9.411764705882355,Neuron,8.968609865470851
2461,Endo CLDN5 SLC7A5,Endo CLDN5 SLC7A5,Excitatory neuron,11.76470588235294,Pyramidal cells,9.411764705882355,Neuron,8.968609865470851
2462,L3-5 RORB MKX GRIN3A,L3-5 RORB MKX GRIN3A,Cajal-retzius cells,7.8125,Somatostatin interneuron,7.2727272727272725,Lake et al.science.in5,3.508771929824562
2463,Oligo MOG OPALIN,Oligo MOG OPALIN,Oligodendrocytes,11.594202898550725,Oligodendrocyte,9.44206008583691,Mature oligodendrocyte,7.2727272727272725
2464,Endo CLDN5 SLC7A5,Endo CLDN5 SLC7A5,Excitatory neuron,11.76470588235294,Pyramidal cells,9.411764705882355,Neuron,8.968609865470851
2465,Micro P2RY12 APBB1IP,Micro P2RY12 APBB1IP,Microglia,9.917355371900827,Microglial-specific cell,7.6923076923076925,Homeostatic microglial cell,7.142857142857142
2466,L3-5 RORB MKX GRIN3A,L3-5 RORB MKX GRIN3A,Cajal-retzius cells,7.8125,Somatostatin interneuron,7.2727272727272725,Lake et al.science.in5,3.508771929824562
2467,Endo CLDN5 SLC7A5,Endo CLDN5 SLC7A5,Excitatory neuron,11.76470588235294,Pyramidal cells,9.411764705882355,Neuron,8.968609865470851
2468,InN PVALB HPSE,InN PVALB HPSE,Parvalbumin interneuron,7.4074074074074066,Lake et al.science.ex6,7.1428571428571415,Purkinje neurons,5.5045871559633035
2469,InN SST FREM1,InN SST FREM1,Purkinje neurons,9.174311926605505,Oligodendrocyte precursor cell,6.349206349206351,Neuron,5.381165919282512
2470,Endo CLDN5 SLC7A5,Endo CLDN5 SLC7A5,Excitatory neuron,11.76470588235294,Pyramidal cells,9.411764705882355,Neuron,8.968609865470851
2471,Endo CLDN5 SLC7A5,Endo CLDN5 SLC7A5,Excitatory neuron,11.76470588235294,Pyramidal cells,9.411764705882355,Neuron,8.968609865470851
2472,L6 FEZF2 NPFFR2 KCNK2,L6 FEZF2 NPFFR2 KCNK2,Lake et al.science.ex6,16.666666666666664,Somatostatin interneuron,3.6363636363636362,Lake et al.science.in3,3.1746031746031753
2473,Endo CLDN5 SLC7A5,Endo CLDN5 SLC7A5,Excitatory neuron,11.76470588235294,Pyramidal cells,9.411764705882355,Neuron,8.968609865470851
2474,Endo CLDN5 SLC7A5,Endo CLDN5 SLC7A5,Excitatory neuron,11.76470588235294,Pyramidal cells,9.411764705882355,Neuron,8.968609865470851
2475,Endo CLDN5 SLC7A5,Endo CLDN5 SLC7A5,Excitatory neuron,11.76470588235294,Pyramidal cells,9.411764705882355,Neuron,8.968609865470851
2476,Endo CLDN5 SLC7A5,Endo CLDN5 SLC7A5,Excitatory neuron,11.76470588235294,Pyramidal cells,9.411764705882355,Neuron,8.968609865470851
2477,Endo CLDN5 SLC7A5,Endo CLDN5 SLC7A5,Excitatory neuron,11.76470588235294,Pyramidal cells,9.411764705882355,Neuron,8.968609865470851
2478,Endo CLDN5 SLC7A5,Endo CLDN5 SLC7A5,Excitatory neuron,11.76470588235294,Pyramidal cells,9.411764705882355,Neuron,8.968609865470851
2479,Astro AQP4 SLC1A2,Astro AQP4 SLC1A2,Astrocyte,6.94980694980695,Stem cell,5.47945205479452,Satellite glial cells,5.405405405405405
2480,Oligo MOG OPALIN,Oligo MOG OPALIN,Oligodendrocytes,11.594202898550725,Oligodendrocyte,9.44206008583691,Mature oligodendrocyte,7.2727272727272725
2481,Endo CLDN5 SLC7A5,Endo CLDN5 SLC7A5,Excitatory neuron,11.76470588235294,Pyramidal cells,9.411764705882355,Neuron,8.968609865470851
2482,Oligo MOG OPALIN,Oligo MOG OPALIN,Oligodendrocytes,11.594202898550725,Oligodendrocyte,9.44206008583691,Mature oligodendrocyte,7.2727272727272725
2483,Endo CLDN5 SLC7A5,Endo CLDN5 SLC7A5,Excitatory neuron,11.76470588235294,Pyramidal cells,9.411764705882355,Neuron,8.968609865470851
2484,Endo CLDN5 SLC7A5,Endo CLDN5 SLC7A5,Excitatory neuron,11.76470588235294,Pyramidal cells,9.411764705882355,Neuron,8.968609865470851
2485,L3-5 RORB MKX GRIN3A,L3-5 RORB MKX GRIN3A,Cajal-retzius cells,7.8125,Somatostatin interneuron,7.2727272727272725,Lake et al.science.in5,3.508771929824562
2486,Endo CLDN5 SLC7A5,Endo CLDN5 SLC7A5,Excitatory neuron,11.76470588235294,Pyramidal cells,9.411764705882355,Neuron,8.968609865470851
2487,PC P2RY14 GRM8,PC P2RY14 GRM8,Pericyte,8.695652173913043,Endothelial cell,7.692307692307692,Mural cell,7.017543859649124
2488,Endo CLDN5 SLC7A5,Endo CLDN5 SLC7A5,Excitatory neuron,11.76470588235294,Pyramidal cells,9.411764705882355,Neuron,8.968609865470851
2489,L6 OPRK1 THEMIS RGS6,L6 OPRK1 THEMIS RGS6,Retinal ganglion cells,5.042016806722689,Neuron,4.484304932735426,Lake et al.science.ex8,3.669724770642202
2490,Endo CLDN5 SLC7A5,Endo CLDN5 SLC7A5,Excitatory neuron,11.76470588235294,Pyramidal cells,9.411764705882355,Neuron,8.968609865470851
2491,Endo CLDN5 SLC7A5,Endo CLDN5 SLC7A5,Excitatory neuron,11.76470588235294,Pyramidal cells,9.411764705882355,Neuron,8.968609865470851
2492,Endo CLDN5 SLC7A5,Endo CLDN5 SLC7A5,Excitatory neuron,11.76470588235294,Pyramidal cells,9.411764705882355,Neuron,8.968609865470851
2493,Oligo MOG OPALIN,Oligo MOG OPALIN,Oligodendrocytes,11.594202898550725,Oligodendrocyte,9.44206008583691,Mature oligodendrocyte,7.2727272727272725
2494,Endo CLDN5 SLC7A5,Endo CLDN5 SLC7A5,Excitatory neuron,11.76470588235294,Pyramidal cells,9.411764705882355,Neuron,8.968609865470851
2495,Oligo MOG OPALIN,Oligo MOG OPALIN,Oligodendrocytes,11.594202898550725,Oligodendrocyte,9.44206008583691,Mature oligodendrocyte,7.2727272727272725
2496,Endo CLDN5 SLC7A5,Endo CLDN5 SLC7A5,Excitatory neuron,11.76470588235294,Pyramidal cells,9.411764705882355,Neuron,8.968609865470851
2497,Endo CLDN5 SLC7A5,Endo CLDN5 SLC7A5,Excitatory neuron,11.76470588235294,Pyramidal cells,9.411764705882355,Neuron,8.968609865470851
2498,OPC PDGFRA PCDH15,OPC PDGFRA PCDH15,Oligodendrocyte precursor cell,22.22222222222222,Oligodendrocyte progenitor cells,15.384615384615383,Oligodendrocyte progenitor cell,13.114754098360654
2499,Endo CLDN5 SLC7A5,Endo CLDN5 SLC7A5,Excitatory neuron,11.76470588235294,Pyramidal cells,9.411764705882355,Neuron,8.968609865470851
2500,InN PVALB HPSE,InN PVALB HPSE,Parvalbumin interneuron,7.4074074074074066,Lake et al.science.ex6,7.1428571428571415,Purkinje neurons,5.5045871559633035
2501,Endo CLDN5 SLC7A5,Endo CLDN5 SLC7A5,Excitatory neuron,11.76470588235294,Pyramidal cells,9.411764705882355,Neuron,8.968609865470851
2502,Endo CLDN5 SLC7A5,Endo CLDN5 SLC7A5,Excitatory neuron,11.76470588235294,Pyramidal cells,9.411764705882355,Neuron,8.968609865470851
2503,Endo CLDN5 SLC7A5,Endo CLDN5 SLC7A5,Excitatory neuron,11.76470588235294,Pyramidal cells,9.411764705882355,Neuron,8.968609865470851
2504,Endo CLDN5 SLC7A5,Endo CLDN5 SLC7A5,Excitatory neuron,11.76470588235294,Pyramidal cells,9.411764705882355,Neuron,8.968609865470851
2505,Endo CLDN5 SLC7A5,Endo CLDN5 SLC7A5,Excitatory neuron,11.76470588235294,Pyramidal cells,9.411764705882355,Neuron,8.968609865470851
2506,Oligo MOG OPALIN,Oligo MOG OPALIN,Oligodendrocytes,11.594202898550725,Oligodendrocyte,9.44206008583691,Mature oligodendrocyte,7.2727272727272725
2507,Endo CLDN5 SLC7A5,Endo CLDN5 SLC7A5,Excitatory neuron,11.76470588235294,Pyramidal cells,9.411764705882355,Neuron,8.968609865470851
2508,Micro P2RY12 APBB1IP,Micro P2RY12 APBB1IP,Microglia,9.917355371900827,Microglial-specific cell,7.6923076923076925,Homeostatic microglial cell,7.142857142857142
2509,Endo CLDN5 SLC7A5,Endo CLDN5 SLC7A5,Excitatory neuron,11.76470588235294,Pyramidal cells,9.411764705882355,Neuron,8.968609865470851
2510,Micro P2RY12 APBB1IP,Micro P2RY12 APBB1IP,Microglia,9.917355371900827,Microglial-specific cell,7.6923076923076925,Homeostatic microglial cell,7.142857142857142
2511,Endo CLDN5 SLC7A5,Endo CLDN5 SLC7A5,Excitatory neuron,11.76470588235294,Pyramidal cells,9.411764705882355,Neuron,8.968609865470851
2512,Endo CLDN5 SLC7A5,Endo CLDN5 SLC7A5,Excitatory neuron,11.76470588235294,Pyramidal cells,9.411764705882355,Neuron,8.968609865470851
2513,Endo CLDN5 SLC7A5,Endo CLDN5 SLC7A5,Excitatory neuron,11.76470588235294,Pyramidal cells,9.411764705882355,Neuron,8.968609865470851
2514,PC P2RY14 GRM8,PC P2RY14 GRM8,Pericyte,8.695652173913043,Endothelial cell,7.692307692307692,Mural cell,7.017543859649124
2515,Endo CLDN5 SLC7A5,Endo CLDN5 SLC7A5,Excitatory neuron,11.76470588235294,Pyramidal cells,9.411764705882355,Neuron,8.968609865470851
2516,Endo CLDN5 SLC7A5,Endo CLDN5 SLC7A5,Excitatory neuron,11.76470588235294,Pyramidal cells,9.411764705882355,Neuron,8.968609865470851
2517,InN LAMP5 BMP7,InN LAMP5 BMP7,Lake et al.science.in4,7.142857142857142,Bergmann glia,6.593406593406592,Gabaergic neurons,6.153846153846153
2518,Endo CLDN5 SLC7A5,Endo CLDN5 SLC7A5,Excitatory neuron,11.76470588235294,Pyramidal cells,9.411764705882355,Neuron,8.968609865470851
2519,Endo CLDN5 SLC7A5,Endo CLDN5 SLC7A5,Excitatory neuron,11.76470588235294,Pyramidal cells,9.411764705882355,Neuron,8.968609865470851
2520,Endo CLDN5 SLC7A5,Endo CLDN5 SLC7A5,Excitatory neuron,11.76470588235294,Pyramidal cells,9.411764705882355,Neuron,8.968609865470851
2521,Endo CLDN5 SLC7A5,Endo CLDN5 SLC7A5,Excitatory neuron,11.76470588235294,Pyramidal cells,9.411764705882355,Neuron,8.968609865470851
2522,PC P2RY14 GRM8,PC P2RY14 GRM8,Pericyte,8.695652173913043,Endothelial cell,7.692307692307692,Mural cell,7.017543859649124
2523,Micro P2RY12 APBB1IP,Micro P2RY12 APBB1IP,Microglia,9.917355371900827,Microglial-specific cell,7.6923076923076925,Homeostatic microglial cell,7.142857142857142
2524,L3-5 RORB MKX GRIN3A,L3-5 RORB MKX GRIN3A,Cajal-retzius cells,7.8125,Somatostatin interneuron,7.2727272727272725,Lake et al.science.in5,3.508771929824562
2525,InN LAMP5 BMP7,InN LAMP5 BMP7,Lake et al.science.in4,7.142857142857142,Bergmann glia,6.593406593406592,Gabaergic neurons,6.153846153846153
2526,Endo CLDN5 SLC7A5,Endo CLDN5 SLC7A5,Excitatory neuron,11.76470588235294,Pyramidal cells,9.411764705882355,Neuron,8.968609865470851
2527,Endo CLDN5 SLC7A5,Endo CLDN5 SLC7A5,Excitatory neuron,11.76470588235294,Pyramidal cells,9.411764705882355,Neuron,8.968609865470851
2528,Endo CLDN5 SLC7A5,Endo CLDN5 SLC7A5,Excitatory neuron,11.76470588235294,Pyramidal cells,9.411764705882355,Neuron,8.968609865470851
2529,Endo CLDN5 SLC7A5,Endo CLDN5 SLC7A5,Excitatory neuron,11.76470588235294,Pyramidal cells,9.411764705882355,Neuron,8.968609865470851
2530,PC P2RY14 GRM8,PC P2RY14 GRM8,Pericyte,8.695652173913043,Endothelial cell,7.692307692307692,Mural cell,7.017543859649124
2531,Endo CLDN5 SLC7A5,Endo CLDN5 SLC7A5,Excitatory neuron,11.76470588235294,Pyramidal cells,9.411764705882355,Neuron,8.968609865470851
2532,Endo CLDN5 SLC7A5,Endo CLDN5 SLC7A5,Excitatory neuron,11.76470588235294,Pyramidal cells,9.411764705882355,Neuron,8.968609865470851
2533,Endo CLDN5 SLC7A5,Endo CLDN5 SLC7A5,Excitatory neuron,11.76470588235294,Pyramidal cells,9.411764705882355,Neuron,8.968609865470851
2534,Endo CLDN5 SLC7A5,Endo CLDN5 SLC7A5,Excitatory neuron,11.76470588235294,Pyramidal cells,9.411764705882355,Neuron,8.968609865470851
2535,InN LAMP5 BMP7,InN LAMP5 BMP7,Lake et al.science.in4,7.142857142857142,Bergmann glia,6.593406593406592,Gabaergic neurons,6.153846153846153
2536,L6 OPRK1 THEMIS RGS6,L6 OPRK1 THEMIS RGS6,Retinal ganglion cells,5.042016806722689,Neuron,4.484304932735426,Lake et al.science.ex8,3.669724770642202
2537,Endo CLDN5 SLC7A5,Endo CLDN5 SLC7A5,Excitatory neuron,11.76470588235294,Pyramidal cells,9.411764705882355,Neuron,8.968609865470851
2538,L2-3 CUX2 ACVR1C THSD7A,L2-3 CUX2 ACVR1C THSD7A,Somatostatin interneuron,3.6363636363636362,Neurons,3.1620553359683794,Cajal-retzius cells,3.125
2539,Endo CLDN5 SLC7A5,Endo CLDN5 SLC7A5,Excitatory neuron,11.76470588235294,Pyramidal cells,9.411764705882355,Neuron,8.968609865470851
2540,Endo CLDN5 SLC7A5,Endo CLDN5 SLC7A5,Excitatory neuron,11.76470588235294,Pyramidal cells,9.411764705882355,Neuron,8.968609865470851
2541,Endo CLDN5 SLC7A5,Endo CLDN5 SLC7A5,Excitatory neuron,11.76470588235294,Pyramidal cells,9.411764705882355,Neuron,8.968609865470851
2542,L3-5 RORB GABRG1 KCNH7,L3-5 RORB GABRG1 KCNH7,Somatostatin interneuron,3.6363636363636362,Lake et al.science.in5,3.508771929824562,Lake et al.science.ex5,3.389830508474577
2543,Endo CLDN5 SLC7A5,Endo CLDN5 SLC7A5,Excitatory neuron,11.76470588235294,Pyramidal cells,9.411764705882355,Neuron,8.968609865470851
2544,Endo CLDN5 SLC7A5,Endo CLDN5 SLC7A5,Excitatory neuron,11.76470588235294,Pyramidal cells,9.411764705882355,Neuron,8.968609865470851
2545,Endo CLDN5 SLC7A5,Endo CLDN5 SLC7A5,Excitatory neuron,11.76470588235294,Pyramidal cells,9.411764705882355,Neuron,8.968609865470851
2546,Oligo MOG OPALIN,Oligo MOG OPALIN,Oligodendrocytes,11.594202898550725,Oligodendrocyte,9.44206008583691,Mature oligodendrocyte,7.2727272727272725
2547,OPC PDGFRA PCDH15,OPC PDGFRA PCDH15,Oligodendrocyte precursor cell,22.22222222222222,Oligodendrocyte progenitor cells,15.384615384615383,Oligodendrocyte progenitor cell,13.114754098360654
2548,Endo CLDN5 SLC7A5,Endo CLDN5 SLC7A5,Excitatory neuron,11.76470588235294,Pyramidal cells,9.411764705882355,Neuron,8.968609865470851
2549,L3-5 RORB MKX GRIN3A,L3-5 RORB MKX GRIN3A,Cajal-retzius cells,7.8125,Somatostatin interneuron,7.2727272727272725,Lake et al.science.in5,3.508771929824562
2550,Endo CLDN5 SLC7A5,Endo CLDN5 SLC7A5,Excitatory neuron,11.76470588235294,Pyramidal cells,9.411764705882355,Neuron,8.968609865470851
2551,L2-3 CUX2 ACVR1C THSD7A,L2-3 CUX2 ACVR1C THSD7A,Somatostatin interneuron,3.6363636363636362,Neurons,3.1620553359683794,Cajal-retzius cells,3.125
2552,L3-5 RORB MKX GRIN3A,L3-5 RORB MKX GRIN3A,Cajal-retzius cells,7.8125,Somatostatin interneuron,7.2727272727272725,Lake et al.science.in5,3.508771929824562
2553,Endo CLDN5 SLC7A5,Endo CLDN5 SLC7A5,Excitatory neuron,11.76470588235294,Pyramidal cells,9.411764705882355,Neuron,8.968609865470851
2554,InN PVALB HPSE,InN PVALB HPSE,Parvalbumin interneuron,7.4074074074074066,Lake et al.science.ex6,7.1428571428571415,Purkinje neurons,5.5045871559633035
2555,Oligo MOG OPALIN,Oligo MOG OPALIN,Oligodendrocytes,11.594202898550725,Oligodendrocyte,9.44206008583691,Mature oligodendrocyte,7.2727272727272725
2556,InN VIP HS3ST3B1,InN VIP HS3ST3B1,Purkinje neurons,7.339449541284404,Neuroblasts,6.0,Lake et al.science.ex8,5.5045871559633035
2557,Endo CLDN5 SLC7A5,Endo CLDN5 SLC7A5,Excitatory neuron,11.76470588235294,Pyramidal cells,9.411764705882355,Neuron,8.968609865470851
2558,Endo CLDN5 SLC7A5,Endo CLDN5 SLC7A5,Excitatory neuron,11.76470588235294,Pyramidal cells,9.411764705882355,Neuron,8.968609865470851
2559,Endo CLDN5 SLC7A5,Endo CLDN5 SLC7A5,Excitatory neuron,11.76470588235294,Pyramidal cells,9.411764705882355,Neuron,8.968609865470851
2560,Endo CLDN5 SLC7A5,Endo CLDN5 SLC7A5,Excitatory neuron,11.76470588235294,Pyramidal cells,9.411764705882355,Neuron,8.968609865470851
2561,Endo CLDN5 SLC7A5,Endo CLDN5 SLC7A5,Excitatory neuron,11.76470588235294,Pyramidal cells,9.411764705882355,Neuron,8.968609865470851
2562,Endo CLDN5 SLC7A5,Endo CLDN5 SLC7A5,Excitatory neuron,11.76470588235294,Pyramidal cells,9.411764705882355,Neuron,8.968609865470851
2563,Endo CLDN5 SLC7A5,Endo CLDN5 SLC7A5,Excitatory neuron,11.76470588235294,Pyramidal cells,9.411764705882355,Neuron,8.968609865470851
2564,Endo CLDN5 SLC7A5,Endo CLDN5 SLC7A5,Excitatory neuron,11.76470588235294,Pyramidal cells,9.411764705882355,Neuron,8.968609865470851
2565,InN LAMP5 BMP7,InN LAMP5 BMP7,Lake et al.science.in4,7.142857142857142,Bergmann glia,6.593406593406592,Gabaergic neurons,6.153846153846153
2566,Endo CLDN5 SLC7A5,Endo CLDN5 SLC7A5,Excitatory neuron,11.76470588235294,Pyramidal cells,9.411764705882355,Neuron,8.968609865470851
2567,Endo CLDN5 SLC7A5,Endo CLDN5 SLC7A5,Excitatory neuron,11.76470588235294,Pyramidal cells,9.411764705882355,Neuron,8.968609865470851
2568,Endo CLDN5 SLC7A5,Endo CLDN5 SLC7A5,Excitatory neuron,11.76470588235294,Pyramidal cells,9.411764705882355,Neuron,8.968609865470851
2569,L6 OPRK1 THEMIS RGS6,L6 OPRK1 THEMIS RGS6,Retinal ganglion cells,5.042016806722689,Neuron,4.484304932735426,Lake et al.science.ex8,3.669724770642202
2570,Endo CLDN5 SLC7A5,Endo CLDN5 SLC7A5,Excitatory neuron,11.76470588235294,Pyramidal cells,9.411764705882355,Neuron,8.968609865470851
2571,Endo CLDN5 SLC7A5,Endo CLDN5 SLC7A5,Excitatory neuron,11.76470588235294,Pyramidal cells,9.411764705882355,Neuron,8.968609865470851
2572,Endo CLDN5 SLC7A5,Endo CLDN5 SLC7A5,Excitatory neuron,11.76470588235294,Pyramidal cells,9.411764705882355,Neuron,8.968609865470851
2573,Endo CLDN5 SLC7A5,Endo CLDN5 SLC7A5,Excitatory neuron,11.76470588235294,Pyramidal cells,9.411764705882355,Neuron,8.968609865470851
2574,Oligo MOG OPALIN,Oligo MOG OPALIN,Oligodendrocytes,11.594202898550725,Oligodendrocyte,9.44206008583691,Mature oligodendrocyte,7.2727272727272725
2575,Endo CLDN5 SLC7A5,Endo CLDN5 SLC7A5,Excitatory neuron,11.76470588235294,Pyramidal cells,9.411764705882355,Neuron,8.968609865470851
2576,Endo CLDN5 SLC7A5,Endo CLDN5 SLC7A5,Excitatory neuron,11.76470588235294,Pyramidal cells,9.411764705882355,Neuron,8.968609865470851
2577,Endo CLDN5 SLC7A5,Endo CLDN5 SLC7A5,Excitatory neuron,11.76470588235294,Pyramidal cells,9.411764705882355,Neuron,8.968609865470851
2578,InN LAMP5 BMP7,InN LAMP5 BMP7,Lake et al.science.in4,7.142857142857142,Bergmann glia,6.593406593406592,Gabaergic neurons,6.153846153846153
2579,L6 OPRK1 THEMIS RGS6,L6 OPRK1 THEMIS RGS6,Retinal ganglion cells,5.042016806722689,Neuron,4.484304932735426,Lake et al.science.ex8,3.669724770642202
2580,Astro AQP4 SLC1A2,Astro AQP4 SLC1A2,Astrocyte,6.94980694980695,Stem cell,5.47945205479452,Satellite glial cells,5.405405405405405
2581,Endo CLDN5 SLC7A5,Endo CLDN5 SLC7A5,Excitatory neuron,11.76470588235294,Pyramidal cells,9.411764705882355,Neuron,8.968609865470851
2582,InN VIP HS3ST3B1,InN VIP HS3ST3B1,Purkinje neurons,7.339449541284404,Neuroblasts,6.0,Lake et al.science.ex8,5.5045871559633035
2583,InN PVALB HPSE,InN PVALB HPSE,Parvalbumin interneuron,7.4074074074074066,Lake et al.science.ex6,7.1428571428571415,Purkinje neurons,5.5045871559633035
2584,Endo CLDN5 SLC7A5,Endo CLDN5 SLC7A5,Excitatory neuron,11.76470588235294,Pyramidal cells,9.411764705882355,Neuron,8.968609865470851
2585,Endo CLDN5 SLC7A5,Endo CLDN5 SLC7A5,Excitatory neuron,11.76470588235294,Pyramidal cells,9.411764705882355,Neuron,8.968609865470851
2586,Endo CLDN5 SLC7A5,Endo CLDN5 SLC7A5,Excitatory neuron,11.76470588235294,Pyramidal cells,9.411764705882355,Neuron,8.968609865470851
2587,L6 FEZF2 NPFFR2 KCNK2,L6 FEZF2 NPFFR2 KCNK2,Lake et al.science.ex6,16.666666666666664,Somatostatin interneuron,3.6363636363636362,Lake et al.science.in3,3.1746031746031753
2588,Endo CLDN5 SLC7A5,Endo CLDN5 SLC7A5,Excitatory neuron,11.76470588235294,Pyramidal cells,9.411764705882355,Neuron,8.968609865470851
2589,Endo CLDN5 SLC7A5,Endo CLDN5 SLC7A5,Excitatory neuron,11.76470588235294,Pyramidal cells,9.411764705882355,Neuron,8.968609865470851
2590,L6 FEZF2 NPFFR2 KCNK2,L6 FEZF2 NPFFR2 KCNK2,Lake et al.science.ex6,16.666666666666664,Somatostatin interneuron,3.6363636363636362,Lake et al.science.in3,3.1746031746031753
2591,Endo CLDN5 SLC7A5,Endo CLDN5 SLC7A5,Excitatory neuron,11.76470588235294,Pyramidal cells,9.411764705882355,Neuron,8.968609865470851
2592,Oligo MOG OPALIN,Oligo MOG OPALIN,Oligodendrocytes,11.594202898550725,Oligodendrocyte,9.44206008583691,Mature oligodendrocyte,7.2727272727272725
2593,Endo CLDN5 SLC7A5,Endo CLDN5 SLC7A5,Excitatory neuron,11.76470588235294,Pyramidal cells,9.411764705882355,Neuron,8.968609865470851
2594,Endo CLDN5 SLC7A5,Endo CLDN5 SLC7A5,Excitatory neuron,11.76470588235294,Pyramidal cells,9.411764705882355,Neuron,8.968609865470851
2595,L3-5 RORB GABRG1 KCNH7,L3-5 RORB GABRG1 KCNH7,Somatostatin interneuron,3.6363636363636362,Lake et al.science.in5,3.508771929824562,Lake et al.science.ex5,3.389830508474577
2596,Endo CLDN5 SLC7A5,Endo CLDN5 SLC7A5,Excitatory neuron,11.76470588235294,Pyramidal cells,9.411764705882355,Neuron,8.968609865470851
2597,Endo CLDN5 SLC7A5,Endo CLDN5 SLC7A5,Excitatory neuron,11.76470588235294,Pyramidal cells,9.411764705882355,Neuron,8.968609865470851
2598,Endo CLDN5 SLC7A5,Endo CLDN5 SLC7A5,Excitatory neuron,11.76470588235294,Pyramidal cells,9.411764705882355,Neuron,8.968609865470851
2599,PC P2RY14 GRM8,PC P2RY14 GRM8,Pericyte,8.695652173913043,Endothelial cell,7.692307692307692,Mural cell,7.017543859649124
2600,Oligo MOG OPALIN,Oligo MOG OPALIN,Oligodendrocytes,11.594202898550725,Oligodendrocyte,9.44206008583691,Mature oligodendrocyte,7.2727272727272725
2601,Endo CLDN5 SLC7A5,Endo CLDN5 SLC7A5,Excitatory neuron,11.76470588235294,Pyramidal cells,9.411764705882355,Neuron,8.968609865470851
2602,Micro P2RY12 APBB1IP,Micro P2RY12 APBB1IP,Microglia,9.917355371900827,Microglial-specific cell,7.6923076923076925,Homeostatic microglial cell,7.142857142857142
2603,Endo CLDN5 SLC7A5,Endo CLDN5 SLC7A5,Excitatory neuron,11.76470588235294,Pyramidal cells,9.411764705882355,Neuron,8.968609865470851
2604,PC P2RY14 GRM8,PC P2RY14 GRM8,Pericyte,8.695652173913043,Endothelial cell,7.692307692307692,Mural cell,7.017543859649124
2605,Oligo MOG OPALIN,Oligo MOG OPALIN,Oligodendrocytes,11.594202898550725,Oligodendrocyte,9.44206008583691,Mature oligodendrocyte,7.2727272727272725
2606,Endo CLDN5 SLC7A5,Endo CLDN5 SLC7A5,Excitatory neuron,11.76470588235294,Pyramidal cells,9.411764705882355,Neuron,8.968609865470851
2607,L3-5 RORB PCBP3 IL1RAPL2,L3-5 RORB PCBP3 IL1RAPL2,Retinal ganglion cells,3.361344537815126,Lake et al.science.ex4,3.1746031746031753,Neuroendocrine cells,2.5974025974025974
2608,Endo CLDN5 SLC7A5,Endo CLDN5 SLC7A5,Excitatory neuron,11.76470588235294,Pyramidal cells,9.411764705882355,Neuron,8.968609865470851
2609,Endo CLDN5 SLC7A5,Endo CLDN5 SLC7A5,Excitatory neuron,11.76470588235294,Pyramidal cells,9.411764705882355,Neuron,8.968609865470851
2610,Oligo MOG OPALIN,Oligo MOG OPALIN,Oligodendrocytes,11.594202898550725,Oligodendrocyte,9.44206008583691,Mature oligodendrocyte,7.2727272727272725
2611,Endo CLDN5 SLC7A5,Endo CLDN5 SLC7A5,Excitatory neuron,11.76470588235294,Pyramidal cells,9.411764705882355,Neuron,8.968609865470851
2612,OPC PDGFRA PCDH15,OPC PDGFRA PCDH15,Oligodendrocyte precursor cell,22.22222222222222,Oligodendrocyte progenitor cells,15.384615384615383,Oligodendrocyte progenitor cell,13.114754098360654
2613,Oligo MOG OPALIN,Oligo MOG OPALIN,Oligodendrocytes,11.594202898550725,Oligodendrocyte,9.44206008583691,Mature oligodendrocyte,7.2727272727272725
2614,Endo CLDN5 SLC7A5,Endo CLDN5 SLC7A5,Excitatory neuron,11.76470588235294,Pyramidal cells,9.411764705882355,Neuron,8.968609865470851
2615,Endo CLDN5 SLC7A5,Endo CLDN5 SLC7A5,Excitatory neuron,11.76470588235294,Pyramidal cells,9.411764705882355,Neuron,8.968609865470851
2616,Endo CLDN5 SLC7A5,Endo CLDN5 SLC7A5,Excitatory neuron,11.76470588235294,Pyramidal cells,9.411764705882355,Neuron,8.968609865470851
2617,Endo CLDN5 SLC7A5,Endo CLDN5 SLC7A5,Excitatory neuron,11.76470588235294,Pyramidal cells,9.411764705882355,Neuron,8.968609865470851
2618,Endo CLDN5 SLC7A5,Endo CLDN5 SLC7A5,Excitatory neuron,11.76470588235294,Pyramidal cells,9.411764705882355,Neuron,8.968609865470851
2619,Endo CLDN5 SLC7A5,Endo CLDN5 SLC7A5,Excitatory neuron,11.76470588235294,Pyramidal cells,9.411764705882355,Neuron,8.968609865470851
2620,InN PVALB HPSE,InN PVALB HPSE,Parvalbumin interneuron,7.4074074074074066,Lake et al.science.ex6,7.1428571428571415,Purkinje neurons,5.5045871559633035
2621,Endo CLDN5 SLC7A5,Endo CLDN5 SLC7A5,Excitatory neuron,11.76470588235294,Pyramidal cells,9.411764705882355,Neuron,8.968609865470851
2622,PC P2RY14 GRM8,PC P2RY14 GRM8,Pericyte,8.695652173913043,Endothelial cell,7.692307692307692,Mural cell,7.017543859649124
2623,PC P2RY14 GRM8,PC P2RY14 GRM8,Pericyte,8.695652173913043,Endothelial cell,7.692307692307692,Mural cell,7.017543859649124
2624,Endo CLDN5 SLC7A5,Endo CLDN5 SLC7A5,Excitatory neuron,11.76470588235294,Pyramidal cells,9.411764705882355,Neuron,8.968609865470851
2625,Endo CLDN5 SLC7A5,Endo CLDN5 SLC7A5,Excitatory neuron,11.76470588235294,Pyramidal cells,9.411764705882355,Neuron,8.968609865470851
2626,Endo CLDN5 SLC7A5,Endo CLDN5 SLC7A5,Excitatory neuron,11.76470588235294,Pyramidal cells,9.411764705882355,Neuron,8.968609865470851
2627,Endo CLDN5 SLC7A5,Endo CLDN5 SLC7A5,Excitatory neuron,11.76470588235294,Pyramidal cells,9.411764705882355,Neuron,8.968609865470851
2628,Endo CLDN5 SLC7A5,Endo CLDN5 SLC7A5,Excitatory neuron,11.76470588235294,Pyramidal cells,9.411764705882355,Neuron,8.968609865470851
2629,Oligo MOG OPALIN,Oligo MOG OPALIN,Oligodendrocytes,11.594202898550725,Oligodendrocyte,9.44206008583691,Mature oligodendrocyte,7.2727272727272725
2630,Endo CLDN5 SLC7A5,Endo CLDN5 SLC7A5,Excitatory neuron,11.76470588235294,Pyramidal cells,9.411764705882355,Neuron,8.968609865470851
2631,Micro P2RY12 APBB1IP,Micro P2RY12 APBB1IP,Microglia,9.917355371900827,Microglial-specific cell,7.6923076923076925,Homeostatic microglial cell,7.142857142857142
2632,Endo CLDN5 SLC7A5,Endo CLDN5 SLC7A5,Excitatory neuron,11.76470588235294,Pyramidal cells,9.411764705882355,Neuron,8.968609865470851
2633,Endo CLDN5 SLC7A5,Endo CLDN5 SLC7A5,Excitatory neuron,11.76470588235294,Pyramidal cells,9.411764705882355,Neuron,8.968609865470851
2634,Micro P2RY12 APBB1IP,Micro P2RY12 APBB1IP,Microglia,9.917355371900827,Microglial-specific cell,7.6923076923076925,Homeostatic microglial cell,7.142857142857142
2635,Endo CLDN5 SLC7A5,Endo CLDN5 SLC7A5,Excitatory neuron,11.76470588235294,Pyramidal cells,9.411764705882355,Neuron,8.968609865470851
2636,Endo CLDN5 SLC7A5,Endo CLDN5 SLC7A5,Excitatory neuron,11.76470588235294,Pyramidal cells,9.411764705882355,Neuron,8.968609865470851
2637,Endo CLDN5 SLC7A5,Endo CLDN5 SLC7A5,Excitatory neuron,11.76470588235294,Pyramidal cells,9.411764705882355,Neuron,8.968609865470851
2638,Endo CLDN5 SLC7A5,Endo CLDN5 SLC7A5,Excitatory neuron,11.76470588235294,Pyramidal cells,9.411764705882355,Neuron,8.968609865470851
2639,Endo CLDN5 SLC7A5,Endo CLDN5 SLC7A5,Excitatory neuron,11.76470588235294,Pyramidal cells,9.411764705882355,Neuron,8.968609865470851
2640,L2-3 CUX2 ACVR1C THSD7A,L2-3 CUX2 ACVR1C THSD7A,Somatostatin interneuron,3.6363636363636362,Neurons,3.1620553359683794,Cajal-retzius cells,3.125
2641,Endo CLDN5 SLC7A5,Endo CLDN5 SLC7A5,Excitatory neuron,11.76470588235294,Pyramidal cells,9.411764705882355,Neuron,8.968609865470851
2642,Endo CLDN5 SLC7A5,Endo CLDN5 SLC7A5,Excitatory neuron,11.76470588235294,Pyramidal cells,9.411764705882355,Neuron,8.968609865470851
2643,Endo CLDN5 SLC7A5,Endo CLDN5 SLC7A5,Excitatory neuron,11.76470588235294,Pyramidal cells,9.411764705882355,Neuron,8.968609865470851
2644,Endo CLDN5 SLC7A5,Endo CLDN5 SLC7A5,Excitatory neuron,11.76470588235294,Pyramidal cells,9.411764705882355,Neuron,8.968609865470851
2645,Endo CLDN5 SLC7A5,Endo CLDN5 SLC7A5,Excitatory neuron,11.76470588235294,Pyramidal cells,9.411764705882355,Neuron,8.968609865470851
2646,PC P2RY14 GRM8,PC P2RY14 GRM8,Pericyte,8.695652173913043,Endothelial cell,7.692307692307692,Mural cell,7.017543859649124
2647,Endo CLDN5 SLC7A5,Endo CLDN5 SLC7A5,Excitatory neuron,11.76470588235294,Pyramidal cells,9.411764705882355,Neuron,8.968609865470851
2648,Endo CLDN5 SLC7A5,Endo CLDN5 SLC7A5,Excitatory neuron,11.76470588235294,Pyramidal cells,9.411764705882355,Neuron,8.968609865470851
2649,Endo CLDN5 SLC7A5,Endo CLDN5 SLC7A5,Excitatory neuron,11.76470588235294,Pyramidal cells,9.411764705882355,Neuron,8.968609865470851
2650,Oligo MOG OPALIN,Oligo MOG OPALIN,Oligodendrocytes,11.594202898550725,Oligodendrocyte,9.44206008583691,Mature oligodendrocyte,7.2727272727272725
2651,Endo CLDN5 SLC7A5,Endo CLDN5 SLC7A5,Excitatory neuron,11.76470588235294,Pyramidal cells,9.411764705882355,Neuron,8.968609865470851
2652,Endo CLDN5 SLC7A5,Endo CLDN5 SLC7A5,Excitatory neuron,11.76470588235294,Pyramidal cells,9.411764705882355,Neuron,8.968609865470851
2653,Endo CLDN5 SLC7A5,Endo CLDN5 SLC7A5,Excitatory neuron,11.76470588235294,Pyramidal cells,9.411764705882355,Neuron,8.968609865470851
2654,Endo CLDN5 SLC7A5,Endo CLDN5 SLC7A5,Excitatory neuron,11.76470588235294,Pyramidal cells,9.411764705882355,Neuron,8.968609865470851
2655,Endo CLDN5 SLC7A5,Endo CLDN5 SLC7A5,Excitatory neuron,11.76470588235294,Pyramidal cells,9.411764705882355,Neuron,8.968609865470851
2656,Endo CLDN5 SLC7A5,Endo CLDN5 SLC7A5,Excitatory neuron,11.76470588235294,Pyramidal cells,9.411764705882355,Neuron,8.968609865470851
2657,Endo CLDN5 SLC7A5,Endo CLDN5 SLC7A5,Excitatory neuron,11.76470588235294,Pyramidal cells,9.411764705882355,Neuron,8.968609865470851
2658,Endo CLDN5 SLC7A5,Endo CLDN5 SLC7A5,Excitatory neuron,11.76470588235294,Pyramidal cells,9.411764705882355,Neuron,8.968609865470851
2659,InN LAMP5 BMP7,InN LAMP5 BMP7,Lake et al.science.in4,7.142857142857142,Bergmann glia,6.593406593406592,Gabaergic neurons,6.153846153846153
2660,Endo CLDN5 SLC7A5,Endo CLDN5 SLC7A5,Excitatory neuron,11.76470588235294,Pyramidal cells,9.411764705882355,Neuron,8.968609865470851
2661,Endo CLDN5 SLC7A5,Endo CLDN5 SLC7A5,Excitatory neuron,11.76470588235294,Pyramidal cells,9.411764705882355,Neuron,8.968609865470851
2662,Endo CLDN5 SLC7A5,Endo CLDN5 SLC7A5,Excitatory neuron,11.76470588235294,Pyramidal cells,9.411764705882355,Neuron,8.968609865470851
2663,L2-3 CUX2 ACVR1C THSD7A,L2-3 CUX2 ACVR1C THSD7A,Somatostatin interneuron,3.6363636363636362,Neurons,3.1620553359683794,Cajal-retzius cells,3.125
2664,PC P2RY14 GRM8,PC P2RY14 GRM8,Pericyte,8.695652173913043,Endothelial cell,7.692307692307692,Mural cell,7.017543859649124
2665,Endo CLDN5 SLC7A5,Endo CLDN5 SLC7A5,Excitatory neuron,11.76470588235294,Pyramidal cells,9.411764705882355,Neuron,8.968609865470851
2666,Endo CLDN5 SLC7A5,Endo CLDN5 SLC7A5,Excitatory neuron,11.76470588235294,Pyramidal cells,9.411764705882355,Neuron,8.968609865470851
2667,Endo CLDN5 SLC7A5,Endo CLDN5 SLC7A5,Excitatory neuron,11.76470588235294,Pyramidal cells,9.411764705882355,Neuron,8.968609865470851
2668,Micro P2RY12 APBB1IP,Micro P2RY12 APBB1IP,Microglia,9.917355371900827,Microglial-specific cell,7.6923076923076925,Homeostatic microglial cell,7.142857142857142
2669,Endo CLDN5 SLC7A5,Endo CLDN5 SLC7A5,Excitatory neuron,11.76470588235294,Pyramidal cells,9.411764705882355,Neuron,8.968609865470851
2670,Endo CLDN5 SLC7A5,Endo CLDN5 SLC7A5,Excitatory neuron,11.76470588235294,Pyramidal cells,9.411764705882355,Neuron,8.968609865470851
2671,Endo CLDN5 SLC7A5,Endo CLDN5 SLC7A5,Excitatory neuron,11.76470588235294,Pyramidal cells,9.411764705882355,Neuron,8.968609865470851
2672,Endo CLDN5 SLC7A5,Endo CLDN5 SLC7A5,Excitatory neuron,11.76470588235294,Pyramidal cells,9.411764705882355,Neuron,8.968609865470851
2673,Endo CLDN5 SLC7A5,Endo CLDN5 SLC7A5,Excitatory neuron,11.76470588235294,Pyramidal cells,9.411764705882355,Neuron,8.968609865470851
2674,Micro P2RY12 APBB1IP,Micro P2RY12 APBB1IP,Microglia,9.917355371900827,Microglial-specific cell,7.6923076923076925,Homeostatic microglial cell,7.142857142857142
2675,Astro AQP4 SLC1A2,Astro AQP4 SLC1A2,Astrocyte,6.94980694980695,Stem cell,5.47945205479452,Satellite glial cells,5.405405405405405
2676,Micro P2RY12 APBB1IP,Micro P2RY12 APBB1IP,Microglia,9.917355371900827,Microglial-specific cell,7.6923076923076925,Homeostatic microglial cell,7.142857142857142
2677,Micro P2RY12 APBB1IP,Micro P2RY12 APBB1IP,Microglia,9.917355371900827,Microglial-specific cell,7.6923076923076925,Homeostatic microglial cell,7.142857142857142
2678,Endo CLDN5 SLC7A5,Endo CLDN5 SLC7A5,Excitatory neuron,11.76470588235294,Pyramidal cells,9.411764705882355,Neuron,8.968609865470851
2679,Endo CLDN5 SLC7A5,Endo CLDN5 SLC7A5,Excitatory neuron,11.76470588235294,Pyramidal cells,9.411764705882355,Neuron,8.968609865470851
2680,Oligo MOG OPALIN,Oligo MOG OPALIN,Oligodendrocytes,11.594202898550725,Oligodendrocyte,9.44206008583691,Mature oligodendrocyte,7.2727272727272725
2681,Endo CLDN5 SLC7A5,Endo CLDN5 SLC7A5,Excitatory neuron,11.76470588235294,Pyramidal cells,9.411764705882355,Neuron,8.968609865470851
2682,L3-5 RORB MKX GRIN3A,L3-5 RORB MKX GRIN3A,Cajal-retzius cells,7.8125,Somatostatin interneuron,7.2727272727272725,Lake et al.science.in5,3.508771929824562
2683,Endo CLDN5 SLC7A5,Endo CLDN5 SLC7A5,Excitatory neuron,11.76470588235294,Pyramidal cells,9.411764705882355,Neuron,8.968609865470851
2684,Oligo MOG OPALIN,Oligo MOG OPALIN,Oligodendrocytes,11.594202898550725,Oligodendrocyte,9.44206008583691,Mature oligodendrocyte,7.2727272727272725
2685,Micro P2RY12 APBB1IP,Micro P2RY12 APBB1IP,Microglia,9.917355371900827,Microglial-specific cell,7.6923076923076925,Homeostatic microglial cell,7.142857142857142
2686,InN SST FREM1,InN SST FREM1,Purkinje neurons,9.174311926605505,Oligodendrocyte precursor cell,6.349206349206351,Neuron,5.381165919282512
2687,Oligo MOG OPALIN,Oligo MOG OPALIN,Oligodendrocytes,11.594202898550725,Oligodendrocyte,9.44206008583691,Mature oligodendrocyte,7.2727272727272725
2688,Endo CLDN5 SLC7A5,Endo CLDN5 SLC7A5,Excitatory neuron,11.76470588235294,Pyramidal cells,9.411764705882355,Neuron,8.968609865470851
2689,L5-6 FEZF2 NXPH2 GRIK1,L5-6 FEZF2 NXPH2 GRIK1,Lake et al.science.ex6,16.666666666666664,Epithelial cell,3.7735849056603774,Glutamatergic neuron,3.7037037037037033
2690,Endo CLDN5 SLC7A5,Endo CLDN5 SLC7A5,Excitatory neuron,11.76470588235294,Pyramidal cells,9.411764705882355,Neuron,8.968609865470851
2691,InN PVALB HPSE,InN PVALB HPSE,Parvalbumin interneuron,7.4074074074074066,Lake et al.science.ex6,7.1428571428571415,Purkinje neurons,5.5045871559633035
2692,Endo CLDN5 SLC7A5,Endo CLDN5 SLC7A5,Excitatory neuron,11.76470588235294,Pyramidal cells,9.411764705882355,Neuron,8.968609865470851
2693,Endo CLDN5 SLC7A5,Endo CLDN5 SLC7A5,Excitatory neuron,11.76470588235294,Pyramidal cells,9.411764705882355,Neuron,8.968609865470851
2694,L6 FEZF2 NPFFR2 KCNK2,L6 FEZF2 NPFFR2 KCNK2,Lake et al.science.ex6,16.666666666666664,Somatostatin interneuron,3.6363636363636362,Lake et al.science.in3,3.1746031746031753
2695,L5-6 FEZF2 NXPH2 GRIK1,L5-6 FEZF2 NXPH2 GRIK1,Lake et al.science.ex6,16.666666666666664,Epithelial cell,3.7735849056603774,Glutamatergic neuron,3.7037037037037033
2696,L3-5 RORB MKX GRIN3A,L3-5 RORB MKX GRIN3A,Cajal-retzius cells,7.8125,Somatostatin interneuron,7.2727272727272725,Lake et al.science.in5,3.508771929824562
2697,Endo CLDN5 SLC7A5,Endo CLDN5 SLC7A5,Excitatory neuron,11.76470588235294,Pyramidal cells,9.411764705882355,Neuron,8.968609865470851
2698,InN VIP HS3ST3B1,InN VIP HS3ST3B1,Purkinje neurons,7.339449541284404,Neuroblasts,6.0,Lake et al.science.ex8,5.5045871559633035
2699,Endo CLDN5 SLC7A5,Endo CLDN5 SLC7A5,Excitatory neuron,11.76470588235294,Pyramidal cells,9.411764705882355,Neuron,8.968609865470851
2700,Endo CLDN5 SLC7A5,Endo CLDN5 SLC7A5,Excitatory neuron,11.76470588235294,Pyramidal cells,9.411764705882355,Neuron,8.968609865470851
2701,Endo CLDN5 SLC7A5,Endo CLDN5 SLC7A5,Excitatory neuron,11.76470588235294,Pyramidal cells,9.411764705882355,Neuron,8.968609865470851
2702,Endo CLDN5 SLC7A5,Endo CLDN5 SLC7A5,Excitatory neuron,11.76470588235294,Pyramidal cells,9.411764705882355,Neuron,8.968609865470851
2703,Endo CLDN5 SLC7A5,Endo CLDN5 SLC7A5,Excitatory neuron,11.76470588235294,Pyramidal cells,9.411764705882355,Neuron,8.968609865470851
2704,PC P2RY14 GRM8,PC P2RY14 GRM8,Pericyte,8.695652173913043,Endothelial cell,7.692307692307692,Mural cell,7.017543859649124
2705,OPC PDGFRA PCDH15,OPC PDGFRA PCDH15,Oligodendrocyte precursor cell,22.22222222222222,Oligodendrocyte progenitor cells,15.384615384615383,Oligodendrocyte progenitor cell,13.114754098360654
2706,Endo CLDN5 SLC7A5,Endo CLDN5 SLC7A5,Excitatory neuron,11.76470588235294,Pyramidal cells,9.411764705882355,Neuron,8.968609865470851
2707,Endo CLDN5 SLC7A5,Endo CLDN5 SLC7A5,Excitatory neuron,11.76470588235294,Pyramidal cells,9.411764705882355,Neuron,8.968609865470851
2708,Endo CLDN5 SLC7A5,Endo CLDN5 SLC7A5,Excitatory neuron,11.76470588235294,Pyramidal cells,9.411764705882355,Neuron,8.968609865470851
2709,Oligo MOG OPALIN,Oligo MOG OPALIN,Oligodendrocytes,11.594202898550725,Oligodendrocyte,9.44206008583691,Mature oligodendrocyte,7.2727272727272725
2710,Endo CLDN5 SLC7A5,Endo CLDN5 SLC7A5,Excitatory neuron,11.76470588235294,Pyramidal cells,9.411764705882355,Neuron,8.968609865470851
2711,Endo CLDN5 SLC7A5,Endo CLDN5 SLC7A5,Excitatory neuron,11.76470588235294,Pyramidal cells,9.411764705882355,Neuron,8.968609865470851
2712,Oligo MOG OPALIN,Oligo MOG OPALIN,Oligodendrocytes,11.594202898550725,Oligodendrocyte,9.44206008583691,Mature oligodendrocyte,7.2727272727272725
2713,Endo CLDN5 SLC7A5,Endo CLDN5 SLC7A5,Excitatory neuron,11.76470588235294,Pyramidal cells,9.411764705882355,Neuron,8.968609865470851
2714,Micro P2RY12 APBB1IP,Micro P2RY12 APBB1IP,Microglia,9.917355371900827,Microglial-specific cell,7.6923076923076925,Homeostatic microglial cell,7.142857142857142
2715,InN VIP HS3ST3B1,InN VIP HS3ST3B1,Purkinje neurons,7.339449541284404,Neuroblasts,6.0,Lake et al.science.ex8,5.5045871559633035
2716,Oligo MOG OPALIN,Oligo MOG OPALIN,Oligodendrocytes,11.594202898550725,Oligodendrocyte,9.44206008583691,Mature oligodendrocyte,7.2727272727272725
2717,Endo CLDN5 SLC7A5,Endo CLDN5 SLC7A5,Excitatory neuron,11.76470588235294,Pyramidal cells,9.411764705882355,Neuron,8.968609865470851
2718,Endo CLDN5 SLC7A5,Endo CLDN5 SLC7A5,Excitatory neuron,11.76470588235294,Pyramidal cells,9.411764705882355,Neuron,8.968609865470851
2719,Endo CLDN5 SLC7A5,Endo CLDN5 SLC7A5,Excitatory neuron,11.76470588235294,Pyramidal cells,9.411764705882355,Neuron,8.968609865470851
2720,InN PVALB HPSE,InN PVALB HPSE,Parvalbumin interneuron,7.4074074074074066,Lake et al.science.ex6,7.1428571428571415,Purkinje neurons,5.5045871559633035
2721,Endo CLDN5 SLC7A5,Endo CLDN5 SLC7A5,Excitatory neuron,11.76470588235294,Pyramidal cells,9.411764705882355,Neuron,8.968609865470851
2722,Endo CLDN5 SLC7A5,Endo CLDN5 SLC7A5,Excitatory neuron,11.76470588235294,Pyramidal cells,9.411764705882355,Neuron,8.968609865470851
2723,Endo CLDN5 SLC7A5,Endo CLDN5 SLC7A5,Excitatory neuron,11.76470588235294,Pyramidal cells,9.411764705882355,Neuron,8.968609865470851
2724,L6 FEZF2 NPFFR2 KCNK2,L6 FEZF2 NPFFR2 KCNK2,Lake et al.science.ex6,16.666666666666664,Somatostatin interneuron,3.6363636363636362,Lake et al.science.in3,3.1746031746031753
2725,Astro AQP4 SLC1A2,Astro AQP4 SLC1A2,Astrocyte,6.94980694980695,Stem cell,5.47945205479452,Satellite glial cells,5.405405405405405
2726,OPC PDGFRA PCDH15,OPC PDGFRA PCDH15,Oligodendrocyte precursor cell,22.22222222222222,Oligodendrocyte progenitor cells,15.384615384615383,Oligodendrocyte progenitor cell,13.114754098360654
2727,InN SST FREM1,InN SST FREM1,Purkinje neurons,9.174311926605505,Oligodendrocyte precursor cell,6.349206349206351,Neuron,5.381165919282512
2728,InN PVALB HPSE,InN PVALB HPSE,Parvalbumin interneuron,7.4074074074074066,Lake et al.science.ex6,7.1428571428571415,Purkinje neurons,5.5045871559633035
2729,Endo CLDN5 SLC7A5,Endo CLDN5 SLC7A5,Excitatory neuron,11.76470588235294,Pyramidal cells,9.411764705882355,Neuron,8.968609865470851
2730,Endo CLDN5 SLC7A5,Endo CLDN5 SLC7A5,Excitatory neuron,11.76470588235294,Pyramidal cells,9.411764705882355,Neuron,8.968609865470851
2731,Endo CLDN5 SLC7A5,Endo CLDN5 SLC7A5,Excitatory neuron,11.76470588235294,Pyramidal cells,9.411764705882355,Neuron,8.968609865470851
2732,L2-3 CUX2 ACVR1C THSD7A,L2-3 CUX2 ACVR1C THSD7A,Somatostatin interneuron,3.6363636363636362,Neurons,3.1620553359683794,Cajal-retzius cells,3.125
2733,OPC PDGFRA PCDH15,OPC PDGFRA PCDH15,Oligodendrocyte precursor cell,22.22222222222222,Oligodendrocyte progenitor cells,15.384615384615383,Oligodendrocyte progenitor cell,13.114754098360654
2734,L3-5 RORB MKX GRIN3A,L3-5 RORB MKX GRIN3A,Cajal-retzius cells,7.8125,Somatostatin interneuron,7.2727272727272725,Lake et al.science.in5,3.508771929824562
2735,Endo CLDN5 SLC7A5,Endo CLDN5 SLC7A5,Excitatory neuron,11.76470588235294,Pyramidal cells,9.411764705882355,Neuron,8.968609865470851
2736,Endo CLDN5 SLC7A5,Endo CLDN5 SLC7A5,Excitatory neuron,11.76470588235294,Pyramidal cells,9.411764705882355,Neuron,8.968609865470851
2737,L2-3 CUX2 ACVR1C THSD7A,L2-3 CUX2 ACVR1C THSD7A,Somatostatin interneuron,3.6363636363636362,Neurons,3.1620553359683794,Cajal-retzius cells,3.125
2738,L2-3 CUX2 ACVR1C THSD7A,L2-3 CUX2 ACVR1C THSD7A,Somatostatin interneuron,3.6363636363636362,Neurons,3.1620553359683794,Cajal-retzius cells,3.125
2739,Micro P2RY12 APBB1IP,Micro P2RY12 APBB1IP,Microglia,9.917355371900827,Microglial-specific cell,7.6923076923076925,Homeostatic microglial cell,7.142857142857142
2740,Astro AQP4 SLC1A2,Astro AQP4 SLC1A2,Astrocyte,6.94980694980695,Stem cell,5.47945205479452,Satellite glial cells,5.405405405405405
2741,Endo CLDN5 SLC7A5,Endo CLDN5 SLC7A5,Excitatory neuron,11.76470588235294,Pyramidal cells,9.411764705882355,Neuron,8.968609865470851
2742,Endo CLDN5 SLC7A5,Endo CLDN5 SLC7A5,Excitatory neuron,11.76470588235294,Pyramidal cells,9.411764705882355,Neuron,8.968609865470851
2743,Endo CLDN5 SLC7A5,Endo CLDN5 SLC7A5,Excitatory neuron,11.76470588235294,Pyramidal cells,9.411764705882355,Neuron,8.968609865470851
2744,Endo CLDN5 SLC7A5,Endo CLDN5 SLC7A5,Excitatory neuron,11.76470588235294,Pyramidal cells,9.411764705882355,Neuron,8.968609865470851
2745,L3-5 RORB MKX GRIN3A,L3-5 RORB MKX GRIN3A,Cajal-retzius cells,7.8125,Somatostatin interneuron,7.2727272727272725,Lake et al.science.in5,3.508771929824562
2746,L2-3 CUX2 ACVR1C THSD7A,L2-3 CUX2 ACVR1C THSD7A,Somatostatin interneuron,3.6363636363636362,Neurons,3.1620553359683794,Cajal-retzius cells,3.125
2747,InN LAMP5 BMP7,InN LAMP5 BMP7,Lake et al.science.in4,7.142857142857142,Bergmann glia,6.593406593406592,Gabaergic neurons,6.153846153846153
2748,InN SST FREM1,InN SST FREM1,Purkinje neurons,9.174311926605505,Oligodendrocyte precursor cell,6.349206349206351,Neuron,5.381165919282512
2749,Endo CLDN5 SLC7A5,Endo CLDN5 SLC7A5,Excitatory neuron,11.76470588235294,Pyramidal cells,9.411764705882355,Neuron,8.968609865470851
2750,Endo CLDN5 SLC7A5,Endo CLDN5 SLC7A5,Excitatory neuron,11.76470588235294,Pyramidal cells,9.411764705882355,Neuron,8.968609865470851
2751,L2-3 CUX2 ACVR1C THSD7A,L2-3 CUX2 ACVR1C THSD7A,Somatostatin interneuron,3.6363636363636362,Neurons,3.1620553359683794,Cajal-retzius cells,3.125
2752,OPC PDGFRA PCDH15,OPC PDGFRA PCDH15,Oligodendrocyte precursor cell,22.22222222222222,Oligodendrocyte progenitor cells,15.384615384615383,Oligodendrocyte progenitor cell,13.114754098360654
2753,Endo CLDN5 SLC7A5,Endo CLDN5 SLC7A5,Excitatory neuron,11.76470588235294,Pyramidal cells,9.411764705882355,Neuron,8.968609865470851
2754,PC P2RY14 GRM8,PC P2RY14 GRM8,Pericyte,8.695652173913043,Endothelial cell,7.692307692307692,Mural cell,7.017543859649124
2755,Endo CLDN5 SLC7A5,Endo CLDN5 SLC7A5,Excitatory neuron,11.76470588235294,Pyramidal cells,9.411764705882355,Neuron,8.968609865470851
2756,OPC PDGFRA PCDH15,OPC PDGFRA PCDH15,Oligodendrocyte precursor cell,22.22222222222222,Oligodendrocyte progenitor cells,15.384615384615383,Oligodendrocyte progenitor cell,13.114754098360654
2757,Endo CLDN5 SLC7A5,Endo CLDN5 SLC7A5,Excitatory neuron,11.76470588235294,Pyramidal cells,9.411764705882355,Neuron,8.968609865470851
2758,Endo CLDN5 SLC7A5,Endo CLDN5 SLC7A5,Excitatory neuron,11.76470588235294,Pyramidal cells,9.411764705882355,Neuron,8.968609865470851
2759,Oligo MOG OPALIN,Oligo MOG OPALIN,Oligodendrocytes,11.594202898550725,Oligodendrocyte,9.44206008583691,Mature oligodendrocyte,7.2727272727272725
2760,Micro P2RY12 APBB1IP,Micro P2RY12 APBB1IP,Microglia,9.917355371900827,Microglial-specific cell,7.6923076923076925,Homeostatic microglial cell,7.142857142857142
2761,Endo CLDN5 SLC7A5,Endo CLDN5 SLC7A5,Excitatory neuron,11.76470588235294,Pyramidal cells,9.411764705882355,Neuron,8.968609865470851
2762,Endo CLDN5 SLC7A5,Endo CLDN5 SLC7A5,Excitatory neuron,11.76470588235294,Pyramidal cells,9.411764705882355,Neuron,8.968609865470851
2763,Endo CLDN5 SLC7A5,Endo CLDN5 SLC7A5,Excitatory neuron,11.76470588235294,Pyramidal cells,9.411764705882355,Neuron,8.968609865470851
2764,Endo CLDN5 SLC7A5,Endo CLDN5 SLC7A5,Excitatory neuron,11.76470588235294,Pyramidal cells,9.411764705882355,Neuron,8.968609865470851
2765,Oligo MOG OPALIN,Oligo MOG OPALIN,Oligodendrocytes,11.594202898550725,Oligodendrocyte,9.44206008583691,Mature oligodendrocyte,7.2727272727272725
2766,Endo CLDN5 SLC7A5,Endo CLDN5 SLC7A5,Excitatory neuron,11.76470588235294,Pyramidal cells,9.411764705882355,Neuron,8.968609865470851
2767,Endo CLDN5 SLC7A5,Endo CLDN5 SLC7A5,Excitatory neuron,11.76470588235294,Pyramidal cells,9.411764705882355,Neuron,8.968609865470851
2768,Oligo MOG OPALIN,Oligo MOG OPALIN,Oligodendrocytes,11.594202898550725,Oligodendrocyte,9.44206008583691,Mature oligodendrocyte,7.2727272727272725
2769,Endo CLDN5 SLC7A5,Endo CLDN5 SLC7A5,Excitatory neuron,11.76470588235294,Pyramidal cells,9.411764705882355,Neuron,8.968609865470851
2770,Micro P2RY12 APBB1IP,Micro P2RY12 APBB1IP,Microglia,9.917355371900827,Microglial-specific cell,7.6923076923076925,Homeostatic microglial cell,7.142857142857142
2771,Endo CLDN5 SLC7A5,Endo CLDN5 SLC7A5,Excitatory neuron,11.76470588235294,Pyramidal cells,9.411764705882355,Neuron,8.968609865470851
2772,Endo CLDN5 SLC7A5,Endo CLDN5 SLC7A5,Excitatory neuron,11.76470588235294,Pyramidal cells,9.411764705882355,Neuron,8.968609865470851
2773,Endo CLDN5 SLC7A5,Endo CLDN5 SLC7A5,Excitatory neuron,11.76470588235294,Pyramidal cells,9.411764705882355,Neuron,8.968609865470851
2774,Oligo MOG OPALIN,Oligo MOG OPALIN,Oligodendrocytes,11.594202898550725,Oligodendrocyte,9.44206008583691,Mature oligodendrocyte,7.2727272727272725
2775,L3-5 RORB MKX GRIN3A,L3-5 RORB MKX GRIN3A,Cajal-retzius cells,7.8125,Somatostatin interneuron,7.2727272727272725,Lake et al.science.in5,3.508771929824562
2776,Endo CLDN5 SLC7A5,Endo CLDN5 SLC7A5,Excitatory neuron,11.76470588235294,Pyramidal cells,9.411764705882355,Neuron,8.968609865470851
2777,Endo CLDN5 SLC7A5,Endo CLDN5 SLC7A5,Excitatory neuron,11.76470588235294,Pyramidal cells,9.411764705882355,Neuron,8.968609865470851
2778,Micro P2RY12 APBB1IP,Micro P2RY12 APBB1IP,Microglia,9.917355371900827,Microglial-specific cell,7.6923076923076925,Homeostatic microglial cell,7.142857142857142
2779,InN SST FREM1,InN SST FREM1,Purkinje neurons,9.174311926605505,Oligodendrocyte precursor cell,6.349206349206351,Neuron,5.381165919282512
2780,Endo CLDN5 SLC7A5,Endo CLDN5 SLC7A5,Excitatory neuron,11.76470588235294,Pyramidal cells,9.411764705882355,Neuron,8.968609865470851
2781,Endo CLDN5 SLC7A5,Endo CLDN5 SLC7A5,Excitatory neuron,11.76470588235294,Pyramidal cells,9.411764705882355,Neuron,8.968609865470851
2782,Oligo MOG OPALIN,Oligo MOG OPALIN,Oligodendrocytes,11.594202898550725,Oligodendrocyte,9.44206008583691,Mature oligodendrocyte,7.2727272727272725
2783,Endo CLDN5 SLC7A5,Endo CLDN5 SLC7A5,Excitatory neuron,11.76470588235294,Pyramidal cells,9.411764705882355,Neuron,8.968609865470851
2784,Endo CLDN5 SLC7A5,Endo CLDN5 SLC7A5,Excitatory neuron,11.76470588235294,Pyramidal cells,9.411764705882355,Neuron,8.968609865470851
2785,Endo CLDN5 SLC7A5,Endo CLDN5 SLC7A5,Excitatory neuron,11.76470588235294,Pyramidal cells,9.411764705882355,Neuron,8.968609865470851
2786,Astro AQP4 SLC1A2,Astro AQP4 SLC1A2,Astrocyte,6.94980694980695,Stem cell,5.47945205479452,Satellite glial cells,5.405405405405405
2787,InN SST FREM1,InN SST FREM1,Purkinje neurons,9.174311926605505,Oligodendrocyte precursor cell,6.349206349206351,Neuron,5.381165919282512
2788,Endo CLDN5 SLC7A5,Endo CLDN5 SLC7A5,Excitatory neuron,11.76470588235294,Pyramidal cells,9.411764705882355,Neuron,8.968609865470851
2789,Endo CLDN5 SLC7A5,Endo CLDN5 SLC7A5,Excitatory neuron,11.76470588235294,Pyramidal cells,9.411764705882355,Neuron,8.968609865470851
2790,Oligo MOG OPALIN,Oligo MOG OPALIN,Oligodendrocytes,11.594202898550725,Oligodendrocyte,9.44206008583691,Mature oligodendrocyte,7.2727272727272725
2791,Endo CLDN5 SLC7A5,Endo CLDN5 SLC7A5,Excitatory neuron,11.76470588235294,Pyramidal cells,9.411764705882355,Neuron,8.968609865470851
2792,Endo CLDN5 SLC7A5,Endo CLDN5 SLC7A5,Excitatory neuron,11.76470588235294,Pyramidal cells,9.411764705882355,Neuron,8.968609865470851
2793,Endo CLDN5 SLC7A5,Endo CLDN5 SLC7A5,Excitatory neuron,11.76470588235294,Pyramidal cells,9.411764705882355,Neuron,8.968609865470851
2794,OPC PDGFRA PCDH15,OPC PDGFRA PCDH15,Oligodendrocyte precursor cell,22.22222222222222,Oligodendrocyte progenitor cells,15.384615384615383,Oligodendrocyte progenitor cell,13.114754098360654
2795,Endo CLDN5 SLC7A5,Endo CLDN5 SLC7A5,Excitatory neuron,11.76470588235294,Pyramidal cells,9.411764705882355,Neuron,8.968609865470851
2796,Endo CLDN5 SLC7A5,Endo CLDN5 SLC7A5,Excitatory neuron,11.76470588235294,Pyramidal cells,9.411764705882355,Neuron,8.968609865470851
2797,Endo CLDN5 SLC7A5,Endo CLDN5 SLC7A5,Excitatory neuron,11.76470588235294,Pyramidal cells,9.411764705882355,Neuron,8.968609865470851
2798,Endo CLDN5 SLC7A5,Endo CLDN5 SLC7A5,Excitatory neuron,11.76470588235294,Pyramidal cells,9.411764705882355,Neuron,8.968609865470851
2799,Astro AQP4 SLC1A2,Astro AQP4 SLC1A2,Astrocyte,6.94980694980695,Stem cell,5.47945205479452,Satellite glial cells,5.405405405405405
2800,Micro P2RY12 APBB1IP,Micro P2RY12 APBB1IP,Microglia,9.917355371900827,Microglial-specific cell,7.6923076923076925,Homeostatic microglial cell,7.142857142857142
2801,Oligo MOG OPALIN,Oligo MOG OPALIN,Oligodendrocytes,11.594202898550725,Oligodendrocyte,9.44206008583691,Mature oligodendrocyte,7.2727272727272725
2802,Endo CLDN5 SLC7A5,Endo CLDN5 SLC7A5,Excitatory neuron,11.76470588235294,Pyramidal cells,9.411764705882355,Neuron,8.968609865470851
2803,Endo CLDN5 SLC7A5,Endo CLDN5 SLC7A5,Excitatory neuron,11.76470588235294,Pyramidal cells,9.411764705882355,Neuron,8.968609865470851
2804,L5-6 FEZF2 NXPH2 GRIK1,L5-6 FEZF2 NXPH2 GRIK1,Lake et al.science.ex6,16.666666666666664,Epithelial cell,3.7735849056603774,Glutamatergic neuron,3.7037037037037033
2805,Endo CLDN5 SLC7A5,Endo CLDN5 SLC7A5,Excitatory neuron,11.76470588235294,Pyramidal cells,9.411764705882355,Neuron,8.968609865470851
2806,Endo CLDN5 SLC7A5,Endo CLDN5 SLC7A5,Excitatory neuron,11.76470588235294,Pyramidal cells,9.411764705882355,Neuron,8.968609865470851
2807,L3-5 RORB MKX GRIN3A,L3-5 RORB MKX GRIN3A,Cajal-retzius cells,7.8125,Somatostatin interneuron,7.2727272727272725,Lake et al.science.in5,3.508771929824562
2808,PC P2RY14 GRM8,PC P2RY14 GRM8,Pericyte,8.695652173913043,Endothelial cell,7.692307692307692,Mural cell,7.017543859649124
2809,Endo CLDN5 SLC7A5,Endo CLDN5 SLC7A5,Excitatory neuron,11.76470588235294,Pyramidal cells,9.411764705882355,Neuron,8.968609865470851
2810,Endo CLDN5 SLC7A5,Endo CLDN5 SLC7A5,Excitatory neuron,11.76470588235294,Pyramidal cells,9.411764705882355,Neuron,8.968609865470851
2811,Endo CLDN5 SLC7A5,Endo CLDN5 SLC7A5,Excitatory neuron,11.76470588235294,Pyramidal cells,9.411764705882355,Neuron,8.968609865470851
2812,L2-3 CUX2 ACVR1C THSD7A,L2-3 CUX2 ACVR1C THSD7A,Somatostatin interneuron,3.6363636363636362,Neurons,3.1620553359683794,Cajal-retzius cells,3.125
2813,Endo CLDN5 SLC7A5,Endo CLDN5 SLC7A5,Excitatory neuron,11.76470588235294,Pyramidal cells,9.411764705882355,Neuron,8.968609865470851
2814,Endo CLDN5 SLC7A5,Endo CLDN5 SLC7A5,Excitatory neuron,11.76470588235294,Pyramidal cells,9.411764705882355,Neuron,8.968609865470851
2815,Endo CLDN5 SLC7A5,Endo CLDN5 SLC7A5,Excitatory neuron,11.76470588235294,Pyramidal cells,9.411764705882355,Neuron,8.968609865470851
2816,Endo CLDN5 SLC7A5,Endo CLDN5 SLC7A5,Excitatory neuron,11.76470588235294,Pyramidal cells,9.411764705882355,Neuron,8.968609865470851
2817,Micro P2RY12 APBB1IP,Micro P2RY12 APBB1IP,Microglia,9.917355371900827,Microglial-specific cell,7.6923076923076925,Homeostatic microglial cell,7.142857142857142
2818,Endo CLDN5 SLC7A5,Endo CLDN5 SLC7A5,Excitatory neuron,11.76470588235294,Pyramidal cells,9.411764705882355,Neuron,8.968609865470851
2819,L2-3 CUX2 ACVR1C THSD7A,L2-3 CUX2 ACVR1C THSD7A,Somatostatin interneuron,3.6363636363636362,Neurons,3.1620553359683794,Cajal-retzius cells,3.125
2820,L3-5 RORB MKX GRIN3A,L3-5 RORB MKX GRIN3A,Cajal-retzius cells,7.8125,Somatostatin interneuron,7.2727272727272725,Lake et al.science.in5,3.508771929824562
2821,Endo CLDN5 SLC7A5,Endo CLDN5 SLC7A5,Excitatory neuron,11.76470588235294,Pyramidal cells,9.411764705882355,Neuron,8.968609865470851
2822,Endo CLDN5 SLC7A5,Endo CLDN5 SLC7A5,Excitatory neuron,11.76470588235294,Pyramidal cells,9.411764705882355,Neuron,8.968609865470851
2823,Endo CLDN5 SLC7A5,Endo CLDN5 SLC7A5,Excitatory neuron,11.76470588235294,Pyramidal cells,9.411764705882355,Neuron,8.968609865470851
2824,PC P2RY14 GRM8,PC P2RY14 GRM8,Pericyte,8.695652173913043,Endothelial cell,7.692307692307692,Mural cell,7.017543859649124
2825,Endo CLDN5 SLC7A5,Endo CLDN5 SLC7A5,Excitatory neuron,11.76470588235294,Pyramidal cells,9.411764705882355,Neuron,8.968609865470851
2826,L2-3 CUX2 ACVR1C THSD7A,L2-3 CUX2 ACVR1C THSD7A,Somatostatin interneuron,3.6363636363636362,Neurons,3.1620553359683794,Cajal-retzius cells,3.125
2827,Endo CLDN5 SLC7A5,Endo CLDN5 SLC7A5,Excitatory neuron,11.76470588235294,Pyramidal cells,9.411764705882355,Neuron,8.968609865470851
2828,Astro AQP4 SLC1A2,Astro AQP4 SLC1A2,Astrocyte,6.94980694980695,Stem cell,5.47945205479452,Satellite glial cells,5.405405405405405
2829,Endo CLDN5 SLC7A5,Endo CLDN5 SLC7A5,Excitatory neuron,11.76470588235294,Pyramidal cells,9.411764705882355,Neuron,8.968609865470851
2830,Endo CLDN5 SLC7A5,Endo CLDN5 SLC7A5,Excitatory neuron,11.76470588235294,Pyramidal cells,9.411764705882355,Neuron,8.968609865470851
2831,InN SST FREM1,InN SST FREM1,Purkinje neurons,9.174311926605505,Oligodendrocyte precursor cell,6.349206349206351,Neuron,5.381165919282512
2832,Endo CLDN5 SLC7A5,Endo CLDN5 SLC7A5,Excitatory neuron,11.76470588235294,Pyramidal cells,9.411764705882355,Neuron,8.968609865470851
2833,Endo CLDN5 SLC7A5,Endo CLDN5 SLC7A5,Excitatory neuron,11.76470588235294,Pyramidal cells,9.411764705882355,Neuron,8.968609865470851
2834,L2-3 CUX2 ACVR1C THSD7A,L2-3 CUX2 ACVR1C THSD7A,Somatostatin interneuron,3.6363636363636362,Neurons,3.1620553359683794,Cajal-retzius cells,3.125
2835,InN LAMP5 BMP7,InN LAMP5 BMP7,Lake et al.science.in4,7.142857142857142,Bergmann glia,6.593406593406592,Gabaergic neurons,6.153846153846153
2836,Endo CLDN5 SLC7A5,Endo CLDN5 SLC7A5,Excitatory neuron,11.76470588235294,Pyramidal cells,9.411764705882355,Neuron,8.968609865470851
2837,Endo CLDN5 SLC7A5,Endo CLDN5 SLC7A5,Excitatory neuron,11.76470588235294,Pyramidal cells,9.411764705882355,Neuron,8.968609865470851
2838,Astro AQP4 SLC1A2,Astro AQP4 SLC1A2,Astrocyte,6.94980694980695,Stem cell,5.47945205479452,Satellite glial cells,5.405405405405405
2839,L3-5 RORB MKX GRIN3A,L3-5 RORB MKX GRIN3A,Cajal-retzius cells,7.8125,Somatostatin interneuron,7.2727272727272725,Lake et al.science.in5,3.508771929824562
2840,Micro P2RY12 APBB1IP,Micro P2RY12 APBB1IP,Microglia,9.917355371900827,Microglial-specific cell,7.6923076923076925,Homeostatic microglial cell,7.142857142857142
2841,Endo CLDN5 SLC7A5,Endo CLDN5 SLC7A5,Excitatory neuron,11.76470588235294,Pyramidal cells,9.411764705882355,Neuron,8.968609865470851
2842,Endo CLDN5 SLC7A5,Endo CLDN5 SLC7A5,Excitatory neuron,11.76470588235294,Pyramidal cells,9.411764705882355,Neuron,8.968609865470851
2843,Endo CLDN5 SLC7A5,Endo CLDN5 SLC7A5,Excitatory neuron,11.76470588235294,Pyramidal cells,9.411764705882355,Neuron,8.968609865470851
2844,L6 FEZF2 NPFFR2 KCNK2,L6 FEZF2 NPFFR2 KCNK2,Lake et al.science.ex6,16.666666666666664,Somatostatin interneuron,3.6363636363636362,Lake et al.science.in3,3.1746031746031753
2845,Endo CLDN5 SLC7A5,Endo CLDN5 SLC7A5,Excitatory neuron,11.76470588235294,Pyramidal cells,9.411764705882355,Neuron,8.968609865470851
2846,L2-3 CUX2 ACVR1C THSD7A,L2-3 CUX2 ACVR1C THSD7A,Somatostatin interneuron,3.6363636363636362,Neurons,3.1620553359683794,Cajal-retzius cells,3.125
2847,Endo CLDN5 SLC7A5,Endo CLDN5 SLC7A5,Excitatory neuron,11.76470588235294,Pyramidal cells,9.411764705882355,Neuron,8.968609865470851
2848,Endo CLDN5 SLC7A5,Endo CLDN5 SLC7A5,Excitatory neuron,11.76470588235294,Pyramidal cells,9.411764705882355,Neuron,8.968609865470851
2849,L3-5 RORB MKX GRIN3A,L3-5 RORB MKX GRIN3A,Cajal-retzius cells,7.8125,Somatostatin interneuron,7.2727272727272725,Lake et al.science.in5,3.508771929824562
2850,Endo CLDN5 SLC7A5,Endo CLDN5 SLC7A5,Excitatory neuron,11.76470588235294,Pyramidal cells,9.411764705882355,Neuron,8.968609865470851
2851,OPC PDGFRA PCDH15,OPC PDGFRA PCDH15,Oligodendrocyte precursor cell,22.22222222222222,Oligodendrocyte progenitor cells,15.384615384615383,Oligodendrocyte progenitor cell,13.114754098360654
2852,Endo CLDN5 SLC7A5,Endo CLDN5 SLC7A5,Excitatory neuron,11.76470588235294,Pyramidal cells,9.411764705882355,Neuron,8.968609865470851
2853,Oligo MOG OPALIN,Oligo MOG OPALIN,Oligodendrocytes,11.594202898550725,Oligodendrocyte,9.44206008583691,Mature oligodendrocyte,7.2727272727272725
2854,Endo CLDN5 SLC7A5,Endo CLDN5 SLC7A5,Excitatory neuron,11.76470588235294,Pyramidal cells,9.411764705882355,Neuron,8.968609865470851
2855,L2-3 CUX2 ACVR1C THSD7A,L2-3 CUX2 ACVR1C THSD7A,Somatostatin interneuron,3.6363636363636362,Neurons,3.1620553359683794,Cajal-retzius cells,3.125
2856,Endo CLDN5 SLC7A5,Endo CLDN5 SLC7A5,Excitatory neuron,11.76470588235294,Pyramidal cells,9.411764705882355,Neuron,8.968609865470851
2857,Endo CLDN5 SLC7A5,Endo CLDN5 SLC7A5,Excitatory neuron,11.76470588235294,Pyramidal cells,9.411764705882355,Neuron,8.968609865470851
2858,OPC PDGFRA PCDH15,OPC PDGFRA PCDH15,Oligodendrocyte precursor cell,22.22222222222222,Oligodendrocyte progenitor cells,15.384615384615383,Oligodendrocyte progenitor cell,13.114754098360654
2859,Oligo MOG OPALIN,Oligo MOG OPALIN,Oligodendrocytes,11.594202898550725,Oligodendrocyte,9.44206008583691,Mature oligodendrocyte,7.2727272727272725
2860,Endo CLDN5 SLC7A5,Endo CLDN5 SLC7A5,Excitatory neuron,11.76470588235294,Pyramidal cells,9.411764705882355,Neuron,8.968609865470851
2861,Endo CLDN5 SLC7A5,Endo CLDN5 SLC7A5,Excitatory neuron,11.76470588235294,Pyramidal cells,9.411764705882355,Neuron,8.968609865470851
2862,InN SST FREM1,InN SST FREM1,Purkinje neurons,9.174311926605505,Oligodendrocyte precursor cell,6.349206349206351,Neuron,5.381165919282512
2863,Endo CLDN5 SLC7A5,Endo CLDN5 SLC7A5,Excitatory neuron,11.76470588235294,Pyramidal cells,9.411764705882355,Neuron,8.968609865470851
2864,Endo CLDN5 SLC7A5,Endo CLDN5 SLC7A5,Excitatory neuron,11.76470588235294,Pyramidal cells,9.411764705882355,Neuron,8.968609865470851
2865,PC P2RY14 GRM8,PC P2RY14 GRM8,Pericyte,8.695652173913043,Endothelial cell,7.692307692307692,Mural cell,7.017543859649124
2866,Endo CLDN5 SLC7A5,Endo CLDN5 SLC7A5,Excitatory neuron,11.76470588235294,Pyramidal cells,9.411764705882355,Neuron,8.968609865470851
2867,Micro P2RY12 APBB1IP,Micro P2RY12 APBB1IP,Microglia,9.917355371900827,Microglial-specific cell,7.6923076923076925,Homeostatic microglial cell,7.142857142857142
2868,Astro AQP4 SLC1A2,Astro AQP4 SLC1A2,Astrocyte,6.94980694980695,Stem cell,5.47945205479452,Satellite glial cells,5.405405405405405
2869,Endo CLDN5 SLC7A5,Endo CLDN5 SLC7A5,Excitatory neuron,11.76470588235294,Pyramidal cells,9.411764705882355,Neuron,8.968609865470851
2870,Endo CLDN5 SLC7A5,Endo CLDN5 SLC7A5,Excitatory neuron,11.76470588235294,Pyramidal cells,9.411764705882355,Neuron,8.968609865470851
2871,InN VIP HS3ST3B1,InN VIP HS3ST3B1,Purkinje neurons,7.339449541284404,Neuroblasts,6.0,Lake et al.science.ex8,5.5045871559633035
2872,Endo CLDN5 SLC7A5,Endo CLDN5 SLC7A5,Excitatory neuron,11.76470588235294,Pyramidal cells,9.411764705882355,Neuron,8.968609865470851
2873,Endo CLDN5 SLC7A5,Endo CLDN5 SLC7A5,Excitatory neuron,11.76470588235294,Pyramidal cells,9.411764705882355,Neuron,8.968609865470851
2874,Endo CLDN5 SLC7A5,Endo CLDN5 SLC7A5,Excitatory neuron,11.76470588235294,Pyramidal cells,9.411764705882355,Neuron,8.968609865470851
2875,Endo CLDN5 SLC7A5,Endo CLDN5 SLC7A5,Excitatory neuron,11.76470588235294,Pyramidal cells,9.411764705882355,Neuron,8.968609865470851
2876,Endo CLDN5 SLC7A5,Endo CLDN5 SLC7A5,Excitatory neuron,11.76470588235294,Pyramidal cells,9.411764705882355,Neuron,8.968609865470851
2877,OPC PDGFRA PCDH15,OPC PDGFRA PCDH15,Oligodendrocyte precursor cell,22.22222222222222,Oligodendrocyte progenitor cells,15.384615384615383,Oligodendrocyte progenitor cell,13.114754098360654
2878,Endo CLDN5 SLC7A5,Endo CLDN5 SLC7A5,Excitatory neuron,11.76470588235294,Pyramidal cells,9.411764705882355,Neuron,8.968609865470851
2879,Endo CLDN5 SLC7A5,Endo CLDN5 SLC7A5,Excitatory neuron,11.76470588235294,Pyramidal cells,9.411764705882355,Neuron,8.968609865470851
2880,Endo CLDN5 SLC7A5,Endo CLDN5 SLC7A5,Excitatory neuron,11.76470588235294,Pyramidal cells,9.411764705882355,Neuron,8.968609865470851
2881,Endo CLDN5 SLC7A5,Endo CLDN5 SLC7A5,Excitatory neuron,11.76470588235294,Pyramidal cells,9.411764705882355,Neuron,8.968609865470851
2882,Micro P2RY12 APBB1IP,Micro P2RY12 APBB1IP,Microglia,9.917355371900827,Microglial-specific cell,7.6923076923076925,Homeostatic microglial cell,7.142857142857142
2883,Endo CLDN5 SLC7A5,Endo CLDN5 SLC7A5,Excitatory neuron,11.76470588235294,Pyramidal cells,9.411764705882355,Neuron,8.968609865470851
2884,L3-5 RORB MKX GRIN3A,L3-5 RORB MKX GRIN3A,Cajal-retzius cells,7.8125,Somatostatin interneuron,7.2727272727272725,Lake et al.science.in5,3.508771929824562
2885,Astro AQP4 SLC1A2,Astro AQP4 SLC1A2,Astrocyte,6.94980694980695,Stem cell,5.47945205479452,Satellite glial cells,5.405405405405405
2886,Endo CLDN5 SLC7A5,Endo CLDN5 SLC7A5,Excitatory neuron,11.76470588235294,Pyramidal cells,9.411764705882355,Neuron,8.968609865470851
2887,InN SST FREM1,InN SST FREM1,Purkinje neurons,9.174311926605505,Oligodendrocyte precursor cell,6.349206349206351,Neuron,5.381165919282512
2888,Endo CLDN5 SLC7A5,Endo CLDN5 SLC7A5,Excitatory neuron,11.76470588235294,Pyramidal cells,9.411764705882355,Neuron,8.968609865470851
2889,Endo CLDN5 SLC7A5,Endo CLDN5 SLC7A5,Excitatory neuron,11.76470588235294,Pyramidal cells,9.411764705882355,Neuron,8.968609865470851
2890,Endo CLDN5 SLC7A5,Endo CLDN5 SLC7A5,Excitatory neuron,11.76470588235294,Pyramidal cells,9.411764705882355,Neuron,8.968609865470851
2891,Endo CLDN5 SLC7A5,Endo CLDN5 SLC7A5,Excitatory neuron,11.76470588235294,Pyramidal cells,9.411764705882355,Neuron,8.968609865470851
2892,Astro AQP4 SLC1A2,Astro AQP4 SLC1A2,Astrocyte,6.94980694980695,Stem cell,5.47945205479452,Satellite glial cells,5.405405405405405
2893,Endo CLDN5 SLC7A5,Endo CLDN5 SLC7A5,Excitatory neuron,11.76470588235294,Pyramidal cells,9.411764705882355,Neuron,8.968609865470851
2894,L6 FEZF2 NPFFR2 KCNK2,L6 FEZF2 NPFFR2 KCNK2,Lake et al.science.ex6,16.666666666666664,Somatostatin interneuron,3.6363636363636362,Lake et al.science.in3,3.1746031746031753
2895,Oligo MOG OPALIN,Oligo MOG OPALIN,Oligodendrocytes,11.594202898550725,Oligodendrocyte,9.44206008583691,Mature oligodendrocyte,7.2727272727272725
2896,Endo CLDN5 SLC7A5,Endo CLDN5 SLC7A5,Excitatory neuron,11.76470588235294,Pyramidal cells,9.411764705882355,Neuron,8.968609865470851
2897,InN SST FREM1,InN SST FREM1,Purkinje neurons,9.174311926605505,Oligodendrocyte precursor cell,6.349206349206351,Neuron,5.381165919282512
2898,PC P2RY14 GRM8,PC P2RY14 GRM8,Pericyte,8.695652173913043,Endothelial cell,7.692307692307692,Mural cell,7.017543859649124
2899,Endo CLDN5 SLC7A5,Endo CLDN5 SLC7A5,Excitatory neuron,11.76470588235294,Pyramidal cells,9.411764705882355,Neuron,8.968609865470851
2900,Astro AQP4 SLC1A2,Astro AQP4 SLC1A2,Astrocyte,6.94980694980695,Stem cell,5.47945205479452,Satellite glial cells,5.405405405405405
2901,Endo CLDN5 SLC7A5,Endo CLDN5 SLC7A5,Excitatory neuron,11.76470588235294,Pyramidal cells,9.411764705882355,Neuron,8.968609865470851
2902,Endo CLDN5 SLC7A5,Endo CLDN5 SLC7A5,Excitatory neuron,11.76470588235294,Pyramidal cells,9.411764705882355,Neuron,8.968609865470851
2903,Endo CLDN5 SLC7A5,Endo CLDN5 SLC7A5,Excitatory neuron,11.76470588235294,Pyramidal cells,9.411764705882355,Neuron,8.968609865470851
2904,Endo CLDN5 SLC7A5,Endo CLDN5 SLC7A5,Excitatory neuron,11.76470588235294,Pyramidal cells,9.411764705882355,Neuron,8.968609865470851
2905,Endo CLDN5 SLC7A5,Endo CLDN5 SLC7A5,Excitatory neuron,11.76470588235294,Pyramidal cells,9.411764705882355,Neuron,8.968609865470851
2906,L3-5 RORB MKX GRIN3A,L3-5 RORB MKX GRIN3A,Cajal-retzius cells,7.8125,Somatostatin interneuron,7.2727272727272725,Lake et al.science.in5,3.508771929824562
2907,InN PVALB HPSE,InN PVALB HPSE,Parvalbumin interneuron,7.4074074074074066,Lake et al.science.ex6,7.1428571428571415,Purkinje neurons,5.5045871559633035
2908,Endo CLDN5 SLC7A5,Endo CLDN5 SLC7A5,Excitatory neuron,11.76470588235294,Pyramidal cells,9.411764705882355,Neuron,8.968609865470851
2909,Endo CLDN5 SLC7A5,Endo CLDN5 SLC7A5,Excitatory neuron,11.76470588235294,Pyramidal cells,9.411764705882355,Neuron,8.968609865470851
2910,Astro AQP4 SLC1A2,Astro AQP4 SLC1A2,Astrocyte,6.94980694980695,Stem cell,5.47945205479452,Satellite glial cells,5.405405405405405
2911,Oligo MOG OPALIN,Oligo MOG OPALIN,Oligodendrocytes,11.594202898550725,Oligodendrocyte,9.44206008583691,Mature oligodendrocyte,7.2727272727272725
2912,Endo CLDN5 SLC7A5,Endo CLDN5 SLC7A5,Excitatory neuron,11.76470588235294,Pyramidal cells,9.411764705882355,Neuron,8.968609865470851
2913,InN PVALB HPSE,InN PVALB HPSE,Parvalbumin interneuron,7.4074074074074066,Lake et al.science.ex6,7.1428571428571415,Purkinje neurons,5.5045871559633035
2914,Endo CLDN5 SLC7A5,Endo CLDN5 SLC7A5,Excitatory neuron,11.76470588235294,Pyramidal cells,9.411764705882355,Neuron,8.968609865470851
2915,Endo CLDN5 SLC7A5,Endo CLDN5 SLC7A5,Excitatory neuron,11.76470588235294,Pyramidal cells,9.411764705882355,Neuron,8.968609865470851
2916,Endo CLDN5 SLC7A5,Endo CLDN5 SLC7A5,Excitatory neuron,11.76470588235294,Pyramidal cells,9.411764705882355,Neuron,8.968609865470851
2917,Endo CLDN5 SLC7A5,Endo CLDN5 SLC7A5,Excitatory neuron,11.76470588235294,Pyramidal cells,9.411764705882355,Neuron,8.968609865470851
2918,Endo CLDN5 SLC7A5,Endo CLDN5 SLC7A5,Excitatory neuron,11.76470588235294,Pyramidal cells,9.411764705882355,Neuron,8.968609865470851
2919,Endo CLDN5 SLC7A5,Endo CLDN5 SLC7A5,Excitatory neuron,11.76470588235294,Pyramidal cells,9.411764705882355,Neuron,8.968609865470851
2920,Endo CLDN5 SLC7A5,Endo CLDN5 SLC7A5,Excitatory neuron,11.76470588235294,Pyramidal cells,9.411764705882355,Neuron,8.968609865470851
2921,Oligo MOG OPALIN,Oligo MOG OPALIN,Oligodendrocytes,11.594202898550725,Oligodendrocyte,9.44206008583691,Mature oligodendrocyte,7.2727272727272725
2922,L3-5 RORB MKX GRIN3A,L3-5 RORB MKX GRIN3A,Cajal-retzius cells,7.8125,Somatostatin interneuron,7.2727272727272725,Lake et al.science.in5,3.508771929824562
2923,Endo CLDN5 SLC7A5,Endo CLDN5 SLC7A5,Excitatory neuron,11.76470588235294,Pyramidal cells,9.411764705882355,Neuron,8.968609865470851
2924,Endo CLDN5 SLC7A5,Endo CLDN5 SLC7A5,Excitatory neuron,11.76470588235294,Pyramidal cells,9.411764705882355,Neuron,8.968609865470851
2925,Endo CLDN5 SLC7A5,Endo CLDN5 SLC7A5,Excitatory neuron,11.76470588235294,Pyramidal cells,9.411764705882355,Neuron,8.968609865470851
2926,InN VIP HS3ST3B1,InN VIP HS3ST3B1,Purkinje neurons,7.339449541284404,Neuroblasts,6.0,Lake et al.science.ex8,5.5045871559633035
2927,Astro AQP4 SLC1A2,Astro AQP4 SLC1A2,Astrocyte,6.94980694980695,Stem cell,5.47945205479452,Satellite glial cells,5.405405405405405
2928,Endo CLDN5 SLC7A5,Endo CLDN5 SLC7A5,Excitatory neuron,11.76470588235294,Pyramidal cells,9.411764705882355,Neuron,8.968609865470851
2929,Endo CLDN5 SLC7A5,Endo CLDN5 SLC7A5,Excitatory neuron,11.76470588235294,Pyramidal cells,9.411764705882355,Neuron,8.968609865470851
2930,Oligo MOG OPALIN,Oligo MOG OPALIN,Oligodendrocytes,11.594202898550725,Oligodendrocyte,9.44206008583691,Mature oligodendrocyte,7.2727272727272725
2931,Endo CLDN5 SLC7A5,Endo CLDN5 SLC7A5,Excitatory neuron,11.76470588235294,Pyramidal cells,9.411764705882355,Neuron,8.968609865470851
2932,Endo CLDN5 SLC7A5,Endo CLDN5 SLC7A5,Excitatory neuron,11.76470588235294,Pyramidal cells,9.411764705882355,Neuron,8.968609865470851
2933,Endo CLDN5 SLC7A5,Endo CLDN5 SLC7A5,Excitatory neuron,11.76470588235294,Pyramidal cells,9.411764705882355,Neuron,8.968609865470851
2934,Endo CLDN5 SLC7A5,Endo CLDN5 SLC7A5,Excitatory neuron,11.76470588235294,Pyramidal cells,9.411764705882355,Neuron,8.968609865470851
2935,Oligo MOG OPALIN,Oligo MOG OPALIN,Oligodendrocytes,11.594202898550725,Oligodendrocyte,9.44206008583691,Mature oligodendrocyte,7.2727272727272725
2936,Endo CLDN5 SLC7A5,Endo CLDN5 SLC7A5,Excitatory neuron,11.76470588235294,Pyramidal cells,9.411764705882355,Neuron,8.968609865470851
2937,InN VIP HS3ST3B1,InN VIP HS3ST3B1,Purkinje neurons,7.339449541284404,Neuroblasts,6.0,Lake et al.science.ex8,5.5045871559633035
2938,Endo CLDN5 SLC7A5,Endo CLDN5 SLC7A5,Excitatory neuron,11.76470588235294,Pyramidal cells,9.411764705882355,Neuron,8.968609865470851
2939,L2-3 CUX2 ACVR1C THSD7A,L2-3 CUX2 ACVR1C THSD7A,Somatostatin interneuron,3.6363636363636362,Neurons,3.1620553359683794,Cajal-retzius cells,3.125
2940,Endo CLDN5 SLC7A5,Endo CLDN5 SLC7A5,Excitatory neuron,11.76470588235294,Pyramidal cells,9.411764705882355,Neuron,8.968609865470851
2941,Endo CLDN5 SLC7A5,Endo CLDN5 SLC7A5,Excitatory neuron,11.76470588235294,Pyramidal cells,9.411764705882355,Neuron,8.968609865470851
2942,Oligo MOG OPALIN,Oligo MOG OPALIN,Oligodendrocytes,11.594202898550725,Oligodendrocyte,9.44206008583691,Mature oligodendrocyte,7.2727272727272725
2943,Oligo MOG OPALIN,Oligo MOG OPALIN,Oligodendrocytes,11.594202898550725,Oligodendrocyte,9.44206008583691,Mature oligodendrocyte,7.2727272727272725
2944,Oligo MOG OPALIN,Oligo MOG OPALIN,Oligodendrocytes,11.594202898550725,Oligodendrocyte,9.44206008583691,Mature oligodendrocyte,7.2727272727272725
2945,InN SST FREM1,InN SST FREM1,Purkinje neurons,9.174311926605505,Oligodendrocyte precursor cell,6.349206349206351,Neuron,5.381165919282512
2946,Endo CLDN5 SLC7A5,Endo CLDN5 SLC7A5,Excitatory neuron,11.76470588235294,Pyramidal cells,9.411764705882355,Neuron,8.968609865470851
2947,Endo CLDN5 SLC7A5,Endo CLDN5 SLC7A5,Excitatory neuron,11.76470588235294,Pyramidal cells,9.411764705882355,Neuron,8.968609865470851
2948,Endo CLDN5 SLC7A5,Endo CLDN5 SLC7A5,Excitatory neuron,11.76470588235294,Pyramidal cells,9.411764705882355,Neuron,8.968609865470851
2949,Oligo MOG OPALIN,Oligo MOG OPALIN,Oligodendrocytes,11.594202898550725,Oligodendrocyte,9.44206008583691,Mature oligodendrocyte,7.2727272727272725
2950,Astro AQP4 SLC1A2,Astro AQP4 SLC1A2,Astrocyte,6.94980694980695,Stem cell,5.47945205479452,Satellite glial cells,5.405405405405405
2951,Micro P2RY12 APBB1IP,Micro P2RY12 APBB1IP,Microglia,9.917355371900827,Microglial-specific cell,7.6923076923076925,Homeostatic microglial cell,7.142857142857142
2952,Astro AQP4 SLC1A2,Astro AQP4 SLC1A2,Astrocyte,6.94980694980695,Stem cell,5.47945205479452,Satellite glial cells,5.405405405405405
2953,Oligo MOG OPALIN,Oligo MOG OPALIN,Oligodendrocytes,11.594202898550725,Oligodendrocyte,9.44206008583691,Mature oligodendrocyte,7.2727272727272725
2954,Endo CLDN5 SLC7A5,Endo CLDN5 SLC7A5,Excitatory neuron,11.76470588235294,Pyramidal cells,9.411764705882355,Neuron,8.968609865470851
2955,Endo CLDN5 SLC7A5,Endo CLDN5 SLC7A5,Excitatory neuron,11.76470588235294,Pyramidal cells,9.411764705882355,Neuron,8.968609865470851
2956,L3-5 RORB MKX GRIN3A,L3-5 RORB MKX GRIN3A,Cajal-retzius cells,7.8125,Somatostatin interneuron,7.2727272727272725,Lake et al.science.in5,3.508771929824562
2957,L2-3 CUX2 ACVR1C THSD7A,L2-3 CUX2 ACVR1C THSD7A,Somatostatin interneuron,3.6363636363636362,Neurons,3.1620553359683794,Cajal-retzius cells,3.125
2958,Endo CLDN5 SLC7A5,Endo CLDN5 SLC7A5,Excitatory neuron,11.76470588235294,Pyramidal cells,9.411764705882355,Neuron,8.968609865470851
2959,Endo CLDN5 SLC7A5,Endo CLDN5 SLC7A5,Excitatory neuron,11.76470588235294,Pyramidal cells,9.411764705882355,Neuron,8.968609865470851
2960,L6 OPRK1 THEMIS RGS6,L6 OPRK1 THEMIS RGS6,Retinal ganglion cells,5.042016806722689,Neuron,4.484304932735426,Lake et al.science.ex8,3.669724770642202
2961,Endo CLDN5 SLC7A5,Endo CLDN5 SLC7A5,Excitatory neuron,11.76470588235294,Pyramidal cells,9.411764705882355,Neuron,8.968609865470851
2962,Endo CLDN5 SLC7A5,Endo CLDN5 SLC7A5,Excitatory neuron,11.76470588235294,Pyramidal cells,9.411764705882355,Neuron,8.968609865470851
2963,Endo CLDN5 SLC7A5,Endo CLDN5 SLC7A5,Excitatory neuron,11.76470588235294,Pyramidal cells,9.411764705882355,Neuron,8.968609865470851
2964,Endo CLDN5 SLC7A5,Endo CLDN5 SLC7A5,Excitatory neuron,11.76470588235294,Pyramidal cells,9.411764705882355,Neuron,8.968609865470851
2965,Oligo MOG OPALIN,Oligo MOG OPALIN,Oligodendrocytes,11.594202898550725,Oligodendrocyte,9.44206008583691,Mature oligodendrocyte,7.2727272727272725
2966,Endo CLDN5 SLC7A5,Endo CLDN5 SLC7A5,Excitatory neuron,11.76470588235294,Pyramidal cells,9.411764705882355,Neuron,8.968609865470851
2967,Endo CLDN5 SLC7A5,Endo CLDN5 SLC7A5,Excitatory neuron,11.76470588235294,Pyramidal cells,9.411764705882355,Neuron,8.968609865470851
2968,Endo CLDN5 SLC7A5,Endo CLDN5 SLC7A5,Excitatory neuron,11.76470588235294,Pyramidal cells,9.411764705882355,Neuron,8.968609865470851
2969,Endo CLDN5 SLC7A5,Endo CLDN5 SLC7A5,Excitatory neuron,11.76470588235294,Pyramidal cells,9.411764705882355,Neuron,8.968609865470851
2970,Astro AQP4 SLC1A2,Astro AQP4 SLC1A2,Astrocyte,6.94980694980695,Stem cell,5.47945205479452,Satellite glial cells,5.405405405405405
2971,Endo CLDN5 SLC7A5,Endo CLDN5 SLC7A5,Excitatory neuron,11.76470588235294,Pyramidal cells,9.411764705882355,Neuron,8.968609865470851
2972,InN SST FREM1,InN SST FREM1,Purkinje neurons,9.174311926605505,Oligodendrocyte precursor cell,6.349206349206351,Neuron,5.381165919282512
2973,Endo CLDN5 SLC7A5,Endo CLDN5 SLC7A5,Excitatory neuron,11.76470588235294,Pyramidal cells,9.411764705882355,Neuron,8.968609865470851
2974,L2-3 CUX2 ACVR1C THSD7A,L2-3 CUX2 ACVR1C THSD7A,Somatostatin interneuron,3.6363636363636362,Neurons,3.1620553359683794,Cajal-retzius cells,3.125
2975,Endo CLDN5 SLC7A5,Endo CLDN5 SLC7A5,Excitatory neuron,11.76470588235294,Pyramidal cells,9.411764705882355,Neuron,8.968609865470851
2976,Endo CLDN5 SLC7A5,Endo CLDN5 SLC7A5,Excitatory neuron,11.76470588235294,Pyramidal cells,9.411764705882355,Neuron,8.968609865470851
2977,Endo CLDN5 SLC7A5,Endo CLDN5 SLC7A5,Excitatory neuron,11.76470588235294,Pyramidal cells,9.411764705882355,Neuron,8.968609865470851
2978,Oligo MOG OPALIN,Oligo MOG OPALIN,Oligodendrocytes,11.594202898550725,Oligodendrocyte,9.44206008583691,Mature oligodendrocyte,7.2727272727272725
2979,Endo CLDN5 SLC7A5,Endo CLDN5 SLC7A5,Excitatory neuron,11.76470588235294,Pyramidal cells,9.411764705882355,Neuron,8.968609865470851
2980,L3-5 RORB MKX GRIN3A,L3-5 RORB MKX GRIN3A,Cajal-retzius cells,7.8125,Somatostatin interneuron,7.2727272727272725,Lake et al.science.in5,3.508771929824562
2981,Oligo MOG OPALIN,Oligo MOG OPALIN,Oligodendrocytes,11.594202898550725,Oligodendrocyte,9.44206008583691,Mature oligodendrocyte,7.2727272727272725
2982,Endo CLDN5 SLC7A5,Endo CLDN5 SLC7A5,Excitatory neuron,11.76470588235294,Pyramidal cells,9.411764705882355,Neuron,8.968609865470851
2983,Endo CLDN5 SLC7A5,Endo CLDN5 SLC7A5,Excitatory neuron,11.76470588235294,Pyramidal cells,9.411764705882355,Neuron,8.968609865470851
2984,L3-5 RORB MKX GRIN3A,L3-5 RORB MKX GRIN3A,Cajal-retzius cells,7.8125,Somatostatin interneuron,7.2727272727272725,Lake et al.science.in5,3.508771929824562
2985,OPC PDGFRA PCDH15,OPC PDGFRA PCDH15,Oligodendrocyte precursor cell,22.22222222222222,Oligodendrocyte progenitor cells,15.384615384615383,Oligodendrocyte progenitor cell,13.114754098360654
2986,Endo CLDN5 SLC7A5,Endo CLDN5 SLC7A5,Excitatory neuron,11.76470588235294,Pyramidal cells,9.411764705882355,Neuron,8.968609865470851
2987,L3-5 RORB MKX GRIN3A,L3-5 RORB MKX GRIN3A,Cajal-retzius cells,7.8125,Somatostatin interneuron,7.2727272727272725,Lake et al.science.in5,3.508771929824562
2988,Endo CLDN5 SLC7A5,Endo CLDN5 SLC7A5,Excitatory neuron,11.76470588235294,Pyramidal cells,9.411764705882355,Neuron,8.968609865470851
2989,Astro AQP4 SLC1A2,Astro AQP4 SLC1A2,Astrocyte,6.94980694980695,Stem cell,5.47945205479452,Satellite glial cells,5.405405405405405
2990,InN PVALB HPSE,InN PVALB HPSE,Parvalbumin interneuron,7.4074074074074066,Lake et al.science.ex6,7.1428571428571415,Purkinje neurons,5.5045871559633035
2991,InN SST FREM1,InN SST FREM1,Purkinje neurons,9.174311926605505,Oligodendrocyte precursor cell,6.349206349206351,Neuron,5.381165919282512
2992,Endo CLDN5 SLC7A5,Endo CLDN5 SLC7A5,Excitatory neuron,11.76470588235294,Pyramidal cells,9.411764705882355,Neuron,8.968609865470851
2993,Endo CLDN5 SLC7A5,Endo CLDN5 SLC7A5,Excitatory neuron,11.76470588235294,Pyramidal cells,9.411764705882355,Neuron,8.968609865470851
2994,Endo CLDN5 SLC7A5,Endo CLDN5 SLC7A5,Excitatory neuron,11.76470588235294,Pyramidal cells,9.411764705882355,Neuron,8.968609865470851
2995,Oligo MOG OPALIN,Oligo MOG OPALIN,Oligodendrocytes,11.594202898550725,Oligodendrocyte,9.44206008583691,Mature oligodendrocyte,7.2727272727272725
2996,Endo CLDN5 SLC7A5,Endo CLDN5 SLC7A5,Excitatory neuron,11.76470588235294,Pyramidal cells,9.411764705882355,Neuron,8.968609865470851
2997,Micro P2RY12 APBB1IP,Micro P2RY12 APBB1IP,Microglia,9.917355371900827,Microglial-specific cell,7.6923076923076925,Homeostatic microglial cell,7.142857142857142
2998,Endo CLDN5 SLC7A5,Endo CLDN5 SLC7A5,Excitatory neuron,11.76470588235294,Pyramidal cells,9.411764705882355,Neuron,8.968609865470851
2999,Endo CLDN5 SLC7A5,Endo CLDN5 SLC7A5,Excitatory neuron,11.76470588235294,Pyramidal cells,9.411764705882355,Neuron,8.968609865470851
3000,OPC PDGFRA PCDH15,OPC PDGFRA PCDH15,Oligodendrocyte precursor cell,22.22222222222222,Oligodendrocyte progenitor cells,15.384615384615383,Oligodendrocyte progenitor cell,13.114754098360654
3001,InN SST FREM1,InN SST FREM1,Purkinje neurons,9.174311926605505,Oligodendrocyte precursor cell,6.349206349206351,Neuron,5.381165919282512
3002,InN LAMP5 BMP7,InN LAMP5 BMP7,Lake et al.science.in4,7.142857142857142,Bergmann glia,6.593406593406592,Gabaergic neurons,6.153846153846153
3003,Endo CLDN5 SLC7A5,Endo CLDN5 SLC7A5,Excitatory neuron,11.76470588235294,Pyramidal cells,9.411764705882355,Neuron,8.968609865470851
3004,Oligo MOG OPALIN,Oligo MOG OPALIN,Oligodendrocytes,11.594202898550725,Oligodendrocyte,9.44206008583691,Mature oligodendrocyte,7.2727272727272725
3005,Endo CLDN5 SLC7A5,Endo CLDN5 SLC7A5,Excitatory neuron,11.76470588235294,Pyramidal cells,9.411764705882355,Neuron,8.968609865470851
3006,Endo CLDN5 SLC7A5,Endo CLDN5 SLC7A5,Excitatory neuron,11.76470588235294,Pyramidal cells,9.411764705882355,Neuron,8.968609865470851
3007,Endo CLDN5 SLC7A5,Endo CLDN5 SLC7A5,Excitatory neuron,11.76470588235294,Pyramidal cells,9.411764705882355,Neuron,8.968609865470851
3008,Endo CLDN5 SLC7A5,Endo CLDN5 SLC7A5,Excitatory neuron,11.76470588235294,Pyramidal cells,9.411764705882355,Neuron,8.968609865470851
3009,Endo CLDN5 SLC7A5,Endo CLDN5 SLC7A5,Excitatory neuron,11.76470588235294,Pyramidal cells,9.411764705882355,Neuron,8.968609865470851
3010,Endo CLDN5 SLC7A5,Endo CLDN5 SLC7A5,Excitatory neuron,11.76470588235294,Pyramidal cells,9.411764705882355,Neuron,8.968609865470851
3011,Endo CLDN5 SLC7A5,Endo CLDN5 SLC7A5,Excitatory neuron,11.76470588235294,Pyramidal cells,9.411764705882355,Neuron,8.968609865470851
3012,Oligo MOG OPALIN,Oligo MOG OPALIN,Oligodendrocytes,11.594202898550725,Oligodendrocyte,9.44206008583691,Mature oligodendrocyte,7.2727272727272725
3013,Endo CLDN5 SLC7A5,Endo CLDN5 SLC7A5,Excitatory neuron,11.76470588235294,Pyramidal cells,9.411764705882355,Neuron,8.968609865470851
3014,L2-3 CUX2 ACVR1C THSD7A,L2-3 CUX2 ACVR1C THSD7A,Somatostatin interneuron,3.6363636363636362,Neurons,3.1620553359683794,Cajal-retzius cells,3.125
3015,L3-5 RORB MKX GRIN3A,L3-5 RORB MKX GRIN3A,Cajal-retzius cells,7.8125,Somatostatin interneuron,7.2727272727272725,Lake et al.science.in5,3.508771929824562
3016,Endo CLDN5 SLC7A5,Endo CLDN5 SLC7A5,Excitatory neuron,11.76470588235294,Pyramidal cells,9.411764705882355,Neuron,8.968609865470851
3017,Micro P2RY12 APBB1IP,Micro P2RY12 APBB1IP,Microglia,9.917355371900827,Microglial-specific cell,7.6923076923076925,Homeostatic microglial cell,7.142857142857142
3018,Astro AQP4 SLC1A2,Astro AQP4 SLC1A2,Astrocyte,6.94980694980695,Stem cell,5.47945205479452,Satellite glial cells,5.405405405405405
3019,Endo CLDN5 SLC7A5,Endo CLDN5 SLC7A5,Excitatory neuron,11.76470588235294,Pyramidal cells,9.411764705882355,Neuron,8.968609865470851
3020,Endo CLDN5 SLC7A5,Endo CLDN5 SLC7A5,Excitatory neuron,11.76470588235294,Pyramidal cells,9.411764705882355,Neuron,8.968609865470851
3021,Endo CLDN5 SLC7A5,Endo CLDN5 SLC7A5,Excitatory neuron,11.76470588235294,Pyramidal cells,9.411764705882355,Neuron,8.968609865470851
3022,Endo CLDN5 SLC7A5,Endo CLDN5 SLC7A5,Excitatory neuron,11.76470588235294,Pyramidal cells,9.411764705882355,Neuron,8.968609865470851
3023,Endo CLDN5 SLC7A5,Endo CLDN5 SLC7A5,Excitatory neuron,11.76470588235294,Pyramidal cells,9.411764705882355,Neuron,8.968609865470851
3024,Endo CLDN5 SLC7A5,Endo CLDN5 SLC7A5,Excitatory neuron,11.76470588235294,Pyramidal cells,9.411764705882355,Neuron,8.968609865470851
3025,L3-5 RORB MKX GRIN3A,L3-5 RORB MKX GRIN3A,Cajal-retzius cells,7.8125,Somatostatin interneuron,7.2727272727272725,Lake et al.science.in5,3.508771929824562
3026,Endo CLDN5 SLC7A5,Endo CLDN5 SLC7A5,Excitatory neuron,11.76470588235294,Pyramidal cells,9.411764705882355,Neuron,8.968609865470851
3027,Endo CLDN5 SLC7A5,Endo CLDN5 SLC7A5,Excitatory neuron,11.76470588235294,Pyramidal cells,9.411764705882355,Neuron,8.968609865470851
3028,Endo CLDN5 SLC7A5,Endo CLDN5 SLC7A5,Excitatory neuron,11.76470588235294,Pyramidal cells,9.411764705882355,Neuron,8.968609865470851
3029,Endo CLDN5 SLC7A5,Endo CLDN5 SLC7A5,Excitatory neuron,11.76470588235294,Pyramidal cells,9.411764705882355,Neuron,8.968609865470851
3030,Endo CLDN5 SLC7A5,Endo CLDN5 SLC7A5,Excitatory neuron,11.76470588235294,Pyramidal cells,9.411764705882355,Neuron,8.968609865470851
3031,Endo CLDN5 SLC7A5,Endo CLDN5 SLC7A5,Excitatory neuron,11.76470588235294,Pyramidal cells,9.411764705882355,Neuron,8.968609865470851
3032,Endo CLDN5 SLC7A5,Endo CLDN5 SLC7A5,Excitatory neuron,11.76470588235294,Pyramidal cells,9.411764705882355,Neuron,8.968609865470851
3033,Micro P2RY12 APBB1IP,Micro P2RY12 APBB1IP,Microglia,9.917355371900827,Microglial-specific cell,7.6923076923076925,Homeostatic microglial cell,7.142857142857142
3034,L6 FEZF2 NPFFR2 KCNK2,L6 FEZF2 NPFFR2 KCNK2,Lake et al.science.ex6,16.666666666666664,Somatostatin interneuron,3.6363636363636362,Lake et al.science.in3,3.1746031746031753
3035,L2-3 CUX2 ACVR1C THSD7A,L2-3 CUX2 ACVR1C THSD7A,Somatostatin interneuron,3.6363636363636362,Neurons,3.1620553359683794,Cajal-retzius cells,3.125
3036,Endo CLDN5 SLC7A5,Endo CLDN5 SLC7A5,Excitatory neuron,11.76470588235294,Pyramidal cells,9.411764705882355,Neuron,8.968609865470851
3037,InN SST FREM1,InN SST FREM1,Purkinje neurons,9.174311926605505,Oligodendrocyte precursor cell,6.349206349206351,Neuron,5.381165919282512
3038,Endo CLDN5 SLC7A5,Endo CLDN5 SLC7A5,Excitatory neuron,11.76470588235294,Pyramidal cells,9.411764705882355,Neuron,8.968609865470851
3039,Endo CLDN5 SLC7A5,Endo CLDN5 SLC7A5,Excitatory neuron,11.76470588235294,Pyramidal cells,9.411764705882355,Neuron,8.968609865470851
3040,Astro AQP4 SLC1A2,Astro AQP4 SLC1A2,Astrocyte,6.94980694980695,Stem cell,5.47945205479452,Satellite glial cells,5.405405405405405
3041,Endo CLDN5 SLC7A5,Endo CLDN5 SLC7A5,Excitatory neuron,11.76470588235294,Pyramidal cells,9.411764705882355,Neuron,8.968609865470851
3042,Endo CLDN5 SLC7A5,Endo CLDN5 SLC7A5,Excitatory neuron,11.76470588235294,Pyramidal cells,9.411764705882355,Neuron,8.968609865470851
3043,Endo CLDN5 SLC7A5,Endo CLDN5 SLC7A5,Excitatory neuron,11.76470588235294,Pyramidal cells,9.411764705882355,Neuron,8.968609865470851
3044,L2-3 CUX2 ACVR1C THSD7A,L2-3 CUX2 ACVR1C THSD7A,Somatostatin interneuron,3.6363636363636362,Neurons,3.1620553359683794,Cajal-retzius cells,3.125
3045,Endo CLDN5 SLC7A5,Endo CLDN5 SLC7A5,Excitatory neuron,11.76470588235294,Pyramidal cells,9.411764705882355,Neuron,8.968609865470851
3046,InN VIP HS3ST3B1,InN VIP HS3ST3B1,Purkinje neurons,7.339449541284404,Neuroblasts,6.0,Lake et al.science.ex8,5.5045871559633035
3047,InN SST FREM1,InN SST FREM1,Purkinje neurons,9.174311926605505,Oligodendrocyte precursor cell,6.349206349206351,Neuron,5.381165919282512
3048,Endo CLDN5 SLC7A5,Endo CLDN5 SLC7A5,Excitatory neuron,11.76470588235294,Pyramidal cells,9.411764705882355,Neuron,8.968609865470851
3049,InN PVALB HPSE,InN PVALB HPSE,Parvalbumin interneuron,7.4074074074074066,Lake et al.science.ex6,7.1428571428571415,Purkinje neurons,5.5045871559633035
3050,Endo CLDN5 SLC7A5,Endo CLDN5 SLC7A5,Excitatory neuron,11.76470588235294,Pyramidal cells,9.411764705882355,Neuron,8.968609865470851
3051,InN SST FREM1,InN SST FREM1,Purkinje neurons,9.174311926605505,Oligodendrocyte precursor cell,6.349206349206351,Neuron,5.381165919282512
3052,Oligo MOG OPALIN,Oligo MOG OPALIN,Oligodendrocytes,11.594202898550725,Oligodendrocyte,9.44206008583691,Mature oligodendrocyte,7.2727272727272725
3053,L2-3 CUX2 ACVR1C THSD7A,L2-3 CUX2 ACVR1C THSD7A,Somatostatin interneuron,3.6363636363636362,Neurons,3.1620553359683794,Cajal-retzius cells,3.125
3054,Endo CLDN5 SLC7A5,Endo CLDN5 SLC7A5,Excitatory neuron,11.76470588235294,Pyramidal cells,9.411764705882355,Neuron,8.968609865470851
3055,Endo CLDN5 SLC7A5,Endo CLDN5 SLC7A5,Excitatory neuron,11.76470588235294,Pyramidal cells,9.411764705882355,Neuron,8.968609865470851
3056,Oligo MOG OPALIN,Oligo MOG OPALIN,Oligodendrocytes,11.594202898550725,Oligodendrocyte,9.44206008583691,Mature oligodendrocyte,7.2727272727272725
3057,Endo CLDN5 SLC7A5,Endo CLDN5 SLC7A5,Excitatory neuron,11.76470588235294,Pyramidal cells,9.411764705882355,Neuron,8.968609865470851
3058,Endo CLDN5 SLC7A5,Endo CLDN5 SLC7A5,Excitatory neuron,11.76470588235294,Pyramidal cells,9.411764705882355,Neuron,8.968609865470851
3059,Oligo MOG OPALIN,Oligo MOG OPALIN,Oligodendrocytes,11.594202898550725,Oligodendrocyte,9.44206008583691,Mature oligodendrocyte,7.2727272727272725
3060,Endo CLDN5 SLC7A5,Endo CLDN5 SLC7A5,Excitatory neuron,11.76470588235294,Pyramidal cells,9.411764705882355,Neuron,8.968609865470851
3061,Endo CLDN5 SLC7A5,Endo CLDN5 SLC7A5,Excitatory neuron,11.76470588235294,Pyramidal cells,9.411764705882355,Neuron,8.968609865470851
3062,Endo CLDN5 SLC7A5,Endo CLDN5 SLC7A5,Excitatory neuron,11.76470588235294,Pyramidal cells,9.411764705882355,Neuron,8.968609865470851
3063,L6 FEZF2 NPFFR2 KCNK2,L6 FEZF2 NPFFR2 KCNK2,Lake et al.science.ex6,16.666666666666664,Somatostatin interneuron,3.6363636363636362,Lake et al.science.in3,3.1746031746031753
3064,Endo CLDN5 SLC7A5,Endo CLDN5 SLC7A5,Excitatory neuron,11.76470588235294,Pyramidal cells,9.411764705882355,Neuron,8.968609865470851
3065,Endo CLDN5 SLC7A5,Endo CLDN5 SLC7A5,Excitatory neuron,11.76470588235294,Pyramidal cells,9.411764705882355,Neuron,8.968609865470851
3066,InN SST FREM1,InN SST FREM1,Purkinje neurons,9.174311926605505,Oligodendrocyte precursor cell,6.349206349206351,Neuron,5.381165919282512
3067,Endo CLDN5 SLC7A5,Endo CLDN5 SLC7A5,Excitatory neuron,11.76470588235294,Pyramidal cells,9.411764705882355,Neuron,8.968609865470851
3068,Endo CLDN5 SLC7A5,Endo CLDN5 SLC7A5,Excitatory neuron,11.76470588235294,Pyramidal cells,9.411764705882355,Neuron,8.968609865470851
3069,L6 OPRK1 THEMIS RGS6,L6 OPRK1 THEMIS RGS6,Retinal ganglion cells,5.042016806722689,Neuron,4.484304932735426,Lake et al.science.ex8,3.669724770642202
3070,Endo CLDN5 SLC7A5,Endo CLDN5 SLC7A5,Excitatory neuron,11.76470588235294,Pyramidal cells,9.411764705882355,Neuron,8.968609865470851
3071,Endo CLDN5 SLC7A5,Endo CLDN5 SLC7A5,Excitatory neuron,11.76470588235294,Pyramidal cells,9.411764705882355,Neuron,8.968609865470851
3072,Endo CLDN5 SLC7A5,Endo CLDN5 SLC7A5,Excitatory neuron,11.76470588235294,Pyramidal cells,9.411764705882355,Neuron,8.968609865470851
3073,Endo CLDN5 SLC7A5,Endo CLDN5 SLC7A5,Excitatory neuron,11.76470588235294,Pyramidal cells,9.411764705882355,Neuron,8.968609865470851
3074,Oligo MOG OPALIN,Oligo MOG OPALIN,Oligodendrocytes,11.594202898550725,Oligodendrocyte,9.44206008583691,Mature oligodendrocyte,7.2727272727272725
3075,Endo CLDN5 SLC7A5,Endo CLDN5 SLC7A5,Excitatory neuron,11.76470588235294,Pyramidal cells,9.411764705882355,Neuron,8.968609865470851
3076,Oligo MOG OPALIN,Oligo MOG OPALIN,Oligodendrocytes,11.594202898550725,Oligodendrocyte,9.44206008583691,Mature oligodendrocyte,7.2727272727272725
3077,OPC PDGFRA PCDH15,OPC PDGFRA PCDH15,Oligodendrocyte precursor cell,22.22222222222222,Oligodendrocyte progenitor cells,15.384615384615383,Oligodendrocyte progenitor cell,13.114754098360654
3078,Endo CLDN5 SLC7A5,Endo CLDN5 SLC7A5,Excitatory neuron,11.76470588235294,Pyramidal cells,9.411764705882355,Neuron,8.968609865470851
3079,L3-5 RORB MKX GRIN3A,L3-5 RORB MKX GRIN3A,Cajal-retzius cells,7.8125,Somatostatin interneuron,7.2727272727272725,Lake et al.science.in5,3.508771929824562
3080,Endo CLDN5 SLC7A5,Endo CLDN5 SLC7A5,Excitatory neuron,11.76470588235294,Pyramidal cells,9.411764705882355,Neuron,8.968609865470851
3081,Endo CLDN5 SLC7A5,Endo CLDN5 SLC7A5,Excitatory neuron,11.76470588235294,Pyramidal cells,9.411764705882355,Neuron,8.968609865470851
3082,L2-3 CUX2 ACVR1C THSD7A,L2-3 CUX2 ACVR1C THSD7A,Somatostatin interneuron,3.6363636363636362,Neurons,3.1620553359683794,Cajal-retzius cells,3.125
3083,Endo CLDN5 SLC7A5,Endo CLDN5 SLC7A5,Excitatory neuron,11.76470588235294,Pyramidal cells,9.411764705882355,Neuron,8.968609865470851
3084,Endo CLDN5 SLC7A5,Endo CLDN5 SLC7A5,Excitatory neuron,11.76470588235294,Pyramidal cells,9.411764705882355,Neuron,8.968609865470851
3085,Endo CLDN5 SLC7A5,Endo CLDN5 SLC7A5,Excitatory neuron,11.76470588235294,Pyramidal cells,9.411764705882355,Neuron,8.968609865470851
3086,Endo CLDN5 SLC7A5,Endo CLDN5 SLC7A5,Excitatory neuron,11.76470588235294,Pyramidal cells,9.411764705882355,Neuron,8.968609865470851
3087,L3-5 RORB MKX GRIN3A,L3-5 RORB MKX GRIN3A,Cajal-retzius cells,7.8125,Somatostatin interneuron,7.2727272727272725,Lake et al.science.in5,3.508771929824562
3088,Astro AQP4 SLC1A2,Astro AQP4 SLC1A2,Astrocyte,6.94980694980695,Stem cell,5.47945205479452,Satellite glial cells,5.405405405405405
3089,Endo CLDN5 SLC7A5,Endo CLDN5 SLC7A5,Excitatory neuron,11.76470588235294,Pyramidal cells,9.411764705882355,Neuron,8.968609865470851
3090,Endo CLDN5 SLC7A5,Endo CLDN5 SLC7A5,Excitatory neuron,11.76470588235294,Pyramidal cells,9.411764705882355,Neuron,8.968609865470851
3091,L3-5 RORB MKX GRIN3A,L3-5 RORB MKX GRIN3A,Cajal-retzius cells,7.8125,Somatostatin interneuron,7.2727272727272725,Lake et al.science.in5,3.508771929824562
3092,OPC PDGFRA PCDH15,OPC PDGFRA PCDH15,Oligodendrocyte precursor cell,22.22222222222222,Oligodendrocyte progenitor cells,15.384615384615383,Oligodendrocyte progenitor cell,13.114754098360654
3093,Oligo MOG OPALIN,Oligo MOG OPALIN,Oligodendrocytes,11.594202898550725,Oligodendrocyte,9.44206008583691,Mature oligodendrocyte,7.2727272727272725
3094,Endo CLDN5 SLC7A5,Endo CLDN5 SLC7A5,Excitatory neuron,11.76470588235294,Pyramidal cells,9.411764705882355,Neuron,8.968609865470851
3095,Endo CLDN5 SLC7A5,Endo CLDN5 SLC7A5,Excitatory neuron,11.76470588235294,Pyramidal cells,9.411764705882355,Neuron,8.968609865470851
3096,Endo CLDN5 SLC7A5,Endo CLDN5 SLC7A5,Excitatory neuron,11.76470588235294,Pyramidal cells,9.411764705882355,Neuron,8.968609865470851
3097,OPC PDGFRA PCDH15,OPC PDGFRA PCDH15,Oligodendrocyte precursor cell,22.22222222222222,Oligodendrocyte progenitor cells,15.384615384615383,Oligodendrocyte progenitor cell,13.114754098360654
3098,Micro P2RY12 APBB1IP,Micro P2RY12 APBB1IP,Microglia,9.917355371900827,Microglial-specific cell,7.6923076923076925,Homeostatic microglial cell,7.142857142857142
3099,Endo CLDN5 SLC7A5,Endo CLDN5 SLC7A5,Excitatory neuron,11.76470588235294,Pyramidal cells,9.411764705882355,Neuron,8.968609865470851
3100,InN PVALB HPSE,InN PVALB HPSE,Parvalbumin interneuron,7.4074074074074066,Lake et al.science.ex6,7.1428571428571415,Purkinje neurons,5.5045871559633035
3101,Endo CLDN5 SLC7A5,Endo CLDN5 SLC7A5,Excitatory neuron,11.76470588235294,Pyramidal cells,9.411764705882355,Neuron,8.968609865470851
3102,Endo CLDN5 SLC7A5,Endo CLDN5 SLC7A5,Excitatory neuron,11.76470588235294,Pyramidal cells,9.411764705882355,Neuron,8.968609865470851
3103,Endo CLDN5 SLC7A5,Endo CLDN5 SLC7A5,Excitatory neuron,11.76470588235294,Pyramidal cells,9.411764705882355,Neuron,8.968609865470851
3104,OPC PDGFRA PCDH15,OPC PDGFRA PCDH15,Oligodendrocyte precursor cell,22.22222222222222,Oligodendrocyte progenitor cells,15.384615384615383,Oligodendrocyte progenitor cell,13.114754098360654
3105,InN LAMP5 BMP7,InN LAMP5 BMP7,Lake et al.science.in4,7.142857142857142,Bergmann glia,6.593406593406592,Gabaergic neurons,6.153846153846153
3106,Endo CLDN5 SLC7A5,Endo CLDN5 SLC7A5,Excitatory neuron,11.76470588235294,Pyramidal cells,9.411764705882355,Neuron,8.968609865470851
3107,L3-5 RORB MKX GRIN3A,L3-5 RORB MKX GRIN3A,Cajal-retzius cells,7.8125,Somatostatin interneuron,7.2727272727272725,Lake et al.science.in5,3.508771929824562
3108,OPC PDGFRA PCDH15,OPC PDGFRA PCDH15,Oligodendrocyte precursor cell,22.22222222222222,Oligodendrocyte progenitor cells,15.384615384615383,Oligodendrocyte progenitor cell,13.114754098360654
3109,Endo CLDN5 SLC7A5,Endo CLDN5 SLC7A5,Excitatory neuron,11.76470588235294,Pyramidal cells,9.411764705882355,Neuron,8.968609865470851
3110,Endo CLDN5 SLC7A5,Endo CLDN5 SLC7A5,Excitatory neuron,11.76470588235294,Pyramidal cells,9.411764705882355,Neuron,8.968609865470851
3111,Endo CLDN5 SLC7A5,Endo CLDN5 SLC7A5,Excitatory neuron,11.76470588235294,Pyramidal cells,9.411764705882355,Neuron,8.968609865470851
3112,L3-5 RORB MKX GRIN3A,L3-5 RORB MKX GRIN3A,Cajal-retzius cells,7.8125,Somatostatin interneuron,7.2727272727272725,Lake et al.science.in5,3.508771929824562
3113,Endo CLDN5 SLC7A5,Endo CLDN5 SLC7A5,Excitatory neuron,11.76470588235294,Pyramidal cells,9.411764705882355,Neuron,8.968609865470851
3114,Endo CLDN5 SLC7A5,Endo CLDN5 SLC7A5,Excitatory neuron,11.76470588235294,Pyramidal cells,9.411764705882355,Neuron,8.968609865470851
3115,OPC PDGFRA PCDH15,OPC PDGFRA PCDH15,Oligodendrocyte precursor cell,22.22222222222222,Oligodendrocyte progenitor cells,15.384615384615383,Oligodendrocyte progenitor cell,13.114754098360654
3116,Endo CLDN5 SLC7A5,Endo CLDN5 SLC7A5,Excitatory neuron,11.76470588235294,Pyramidal cells,9.411764705882355,Neuron,8.968609865470851
3117,Endo CLDN5 SLC7A5,Endo CLDN5 SLC7A5,Excitatory neuron,11.76470588235294,Pyramidal cells,9.411764705882355,Neuron,8.968609865470851
3118,L3-5 RORB GABRG1 KCNH7,L3-5 RORB GABRG1 KCNH7,Somatostatin interneuron,3.6363636363636362,Lake et al.science.in5,3.508771929824562,Lake et al.science.ex5,3.389830508474577
3119,PC P2RY14 GRM8,PC P2RY14 GRM8,Pericyte,8.695652173913043,Endothelial cell,7.692307692307692,Mural cell,7.017543859649124
3120,Endo CLDN5 SLC7A5,Endo CLDN5 SLC7A5,Excitatory neuron,11.76470588235294,Pyramidal cells,9.411764705882355,Neuron,8.968609865470851
3121,Oligo MOG OPALIN,Oligo MOG OPALIN,Oligodendrocytes,11.594202898550725,Oligodendrocyte,9.44206008583691,Mature oligodendrocyte,7.2727272727272725
3122,Endo CLDN5 SLC7A5,Endo CLDN5 SLC7A5,Excitatory neuron,11.76470588235294,Pyramidal cells,9.411764705882355,Neuron,8.968609865470851
3123,Endo CLDN5 SLC7A5,Endo CLDN5 SLC7A5,Excitatory neuron,11.76470588235294,Pyramidal cells,9.411764705882355,Neuron,8.968609865470851
3124,Astro AQP4 SLC1A2,Astro AQP4 SLC1A2,Astrocyte,6.94980694980695,Stem cell,5.47945205479452,Satellite glial cells,5.405405405405405
3125,Endo CLDN5 SLC7A5,Endo CLDN5 SLC7A5,Excitatory neuron,11.76470588235294,Pyramidal cells,9.411764705882355,Neuron,8.968609865470851
3126,Endo CLDN5 SLC7A5,Endo CLDN5 SLC7A5,Excitatory neuron,11.76470588235294,Pyramidal cells,9.411764705882355,Neuron,8.968609865470851
3127,Astro AQP4 SLC1A2,Astro AQP4 SLC1A2,Astrocyte,6.94980694980695,Stem cell,5.47945205479452,Satellite glial cells,5.405405405405405
3128,Endo CLDN5 SLC7A5,Endo CLDN5 SLC7A5,Excitatory neuron,11.76470588235294,Pyramidal cells,9.411764705882355,Neuron,8.968609865470851
3129,Endo CLDN5 SLC7A5,Endo CLDN5 SLC7A5,Excitatory neuron,11.76470588235294,Pyramidal cells,9.411764705882355,Neuron,8.968609865470851
3130,Oligo MOG OPALIN,Oligo MOG OPALIN,Oligodendrocytes,11.594202898550725,Oligodendrocyte,9.44206008583691,Mature oligodendrocyte,7.2727272727272725
3131,Oligo MOG OPALIN,Oligo MOG OPALIN,Oligodendrocytes,11.594202898550725,Oligodendrocyte,9.44206008583691,Mature oligodendrocyte,7.2727272727272725
3132,Oligo MOG OPALIN,Oligo MOG OPALIN,Oligodendrocytes,11.594202898550725,Oligodendrocyte,9.44206008583691,Mature oligodendrocyte,7.2727272727272725
3133,Endo CLDN5 SLC7A5,Endo CLDN5 SLC7A5,Excitatory neuron,11.76470588235294,Pyramidal cells,9.411764705882355,Neuron,8.968609865470851
3134,InN LAMP5 BMP7,InN LAMP5 BMP7,Lake et al.science.in4,7.142857142857142,Bergmann glia,6.593406593406592,Gabaergic neurons,6.153846153846153
3135,Endo CLDN5 SLC7A5,Endo CLDN5 SLC7A5,Excitatory neuron,11.76470588235294,Pyramidal cells,9.411764705882355,Neuron,8.968609865470851
3136,Oligo MOG OPALIN,Oligo MOG OPALIN,Oligodendrocytes,11.594202898550725,Oligodendrocyte,9.44206008583691,Mature oligodendrocyte,7.2727272727272725
3137,Astro AQP4 SLC1A2,Astro AQP4 SLC1A2,Astrocyte,6.94980694980695,Stem cell,5.47945205479452,Satellite glial cells,5.405405405405405
3138,Endo CLDN5 SLC7A5,Endo CLDN5 SLC7A5,Excitatory neuron,11.76470588235294,Pyramidal cells,9.411764705882355,Neuron,8.968609865470851
3139,Endo CLDN5 SLC7A5,Endo CLDN5 SLC7A5,Excitatory neuron,11.76470588235294,Pyramidal cells,9.411764705882355,Neuron,8.968609865470851
3140,Endo CLDN5 SLC7A5,Endo CLDN5 SLC7A5,Excitatory neuron,11.76470588235294,Pyramidal cells,9.411764705882355,Neuron,8.968609865470851
3141,Astro AQP4 SLC1A2,Astro AQP4 SLC1A2,Astrocyte,6.94980694980695,Stem cell,5.47945205479452,Satellite glial cells,5.405405405405405
3142,Endo CLDN5 SLC7A5,Endo CLDN5 SLC7A5,Excitatory neuron,11.76470588235294,Pyramidal cells,9.411764705882355,Neuron,8.968609865470851
3143,Endo CLDN5 SLC7A5,Endo CLDN5 SLC7A5,Excitatory neuron,11.76470588235294,Pyramidal cells,9.411764705882355,Neuron,8.968609865470851
3144,L2-3 CUX2 ACVR1C THSD7A,L2-3 CUX2 ACVR1C THSD7A,Somatostatin interneuron,3.6363636363636362,Neurons,3.1620553359683794,Cajal-retzius cells,3.125
3145,Endo CLDN5 SLC7A5,Endo CLDN5 SLC7A5,Excitatory neuron,11.76470588235294,Pyramidal cells,9.411764705882355,Neuron,8.968609865470851
3146,L3-5 RORB MKX GRIN3A,L3-5 RORB MKX GRIN3A,Cajal-retzius cells,7.8125,Somatostatin interneuron,7.2727272727272725,Lake et al.science.in5,3.508771929824562
3147,Endo CLDN5 SLC7A5,Endo CLDN5 SLC7A5,Excitatory neuron,11.76470588235294,Pyramidal cells,9.411764705882355,Neuron,8.968609865470851
3148,Endo CLDN5 SLC7A5,Endo CLDN5 SLC7A5,Excitatory neuron,11.76470588235294,Pyramidal cells,9.411764705882355,Neuron,8.968609865470851
3149,Endo CLDN5 SLC7A5,Endo CLDN5 SLC7A5,Excitatory neuron,11.76470588235294,Pyramidal cells,9.411764705882355,Neuron,8.968609865470851
3150,InN SST FREM1,InN SST FREM1,Purkinje neurons,9.174311926605505,Oligodendrocyte precursor cell,6.349206349206351,Neuron,5.381165919282512
3151,InN VIP HS3ST3B1,InN VIP HS3ST3B1,Purkinje neurons,7.339449541284404,Neuroblasts,6.0,Lake et al.science.ex8,5.5045871559633035
3152,Endo CLDN5 SLC7A5,Endo CLDN5 SLC7A5,Excitatory neuron,11.76470588235294,Pyramidal cells,9.411764705882355,Neuron,8.968609865470851
3153,L2-3 CUX2 ACVR1C THSD7A,L2-3 CUX2 ACVR1C THSD7A,Somatostatin interneuron,3.6363636363636362,Neurons,3.1620553359683794,Cajal-retzius cells,3.125
3154,Oligo MOG OPALIN,Oligo MOG OPALIN,Oligodendrocytes,11.594202898550725,Oligodendrocyte,9.44206008583691,Mature oligodendrocyte,7.2727272727272725
3155,Endo CLDN5 SLC7A5,Endo CLDN5 SLC7A5,Excitatory neuron,11.76470588235294,Pyramidal cells,9.411764705882355,Neuron,8.968609865470851
3156,Endo CLDN5 SLC7A5,Endo CLDN5 SLC7A5,Excitatory neuron,11.76470588235294,Pyramidal cells,9.411764705882355,Neuron,8.968609865470851
3157,Micro P2RY12 APBB1IP,Micro P2RY12 APBB1IP,Microglia,9.917355371900827,Microglial-specific cell,7.6923076923076925,Homeostatic microglial cell,7.142857142857142
3158,L5-6 FEZF2 NXPH2 GRIK1,L5-6 FEZF2 NXPH2 GRIK1,Lake et al.science.ex6,16.666666666666664,Epithelial cell,3.7735849056603774,Glutamatergic neuron,3.7037037037037033
3159,Endo CLDN5 SLC7A5,Endo CLDN5 SLC7A5,Excitatory neuron,11.76470588235294,Pyramidal cells,9.411764705882355,Neuron,8.968609865470851
3160,L6 OPRK1 THEMIS RGS6,L6 OPRK1 THEMIS RGS6,Retinal ganglion cells,5.042016806722689,Neuron,4.484304932735426,Lake et al.science.ex8,3.669724770642202
3161,Endo CLDN5 SLC7A5,Endo CLDN5 SLC7A5,Excitatory neuron,11.76470588235294,Pyramidal cells,9.411764705882355,Neuron,8.968609865470851
3162,Micro P2RY12 APBB1IP,Micro P2RY12 APBB1IP,Microglia,9.917355371900827,Microglial-specific cell,7.6923076923076925,Homeostatic microglial cell,7.142857142857142
3163,Endo CLDN5 SLC7A5,Endo CLDN5 SLC7A5,Excitatory neuron,11.76470588235294,Pyramidal cells,9.411764705882355,Neuron,8.968609865470851
3164,Endo CLDN5 SLC7A5,Endo CLDN5 SLC7A5,Excitatory neuron,11.76470588235294,Pyramidal cells,9.411764705882355,Neuron,8.968609865470851
3165,Endo CLDN5 SLC7A5,Endo CLDN5 SLC7A5,Excitatory neuron,11.76470588235294,Pyramidal cells,9.411764705882355,Neuron,8.968609865470851
3166,Endo CLDN5 SLC7A5,Endo CLDN5 SLC7A5,Excitatory neuron,11.76470588235294,Pyramidal cells,9.411764705882355,Neuron,8.968609865470851
3167,Endo CLDN5 SLC7A5,Endo CLDN5 SLC7A5,Excitatory neuron,11.76470588235294,Pyramidal cells,9.411764705882355,Neuron,8.968609865470851
3168,Endo CLDN5 SLC7A5,Endo CLDN5 SLC7A5,Excitatory neuron,11.76470588235294,Pyramidal cells,9.411764705882355,Neuron,8.968609865470851
3169,Endo CLDN5 SLC7A5,Endo CLDN5 SLC7A5,Excitatory neuron,11.76470588235294,Pyramidal cells,9.411764705882355,Neuron,8.968609865470851
3170,L2-3 CUX2 ACVR1C THSD7A,L2-3 CUX2 ACVR1C THSD7A,Somatostatin interneuron,3.6363636363636362,Neurons,3.1620553359683794,Cajal-retzius cells,3.125
3171,Endo CLDN5 SLC7A5,Endo CLDN5 SLC7A5,Excitatory neuron,11.76470588235294,Pyramidal cells,9.411764705882355,Neuron,8.968609865470851
3172,L2-3 CUX2 ACVR1C THSD7A,L2-3 CUX2 ACVR1C THSD7A,Somatostatin interneuron,3.6363636363636362,Neurons,3.1620553359683794,Cajal-retzius cells,3.125
3173,Endo CLDN5 SLC7A5,Endo CLDN5 SLC7A5,Excitatory neuron,11.76470588235294,Pyramidal cells,9.411764705882355,Neuron,8.968609865470851
3174,Endo CLDN5 SLC7A5,Endo CLDN5 SLC7A5,Excitatory neuron,11.76470588235294,Pyramidal cells,9.411764705882355,Neuron,8.968609865470851
3175,Endo CLDN5 SLC7A5,Endo CLDN5 SLC7A5,Excitatory neuron,11.76470588235294,Pyramidal cells,9.411764705882355,Neuron,8.968609865470851
3176,L3-5 RORB MKX GRIN3A,L3-5 RORB MKX GRIN3A,Cajal-retzius cells,7.8125,Somatostatin interneuron,7.2727272727272725,Lake et al.science.in5,3.508771929824562
3177,Micro P2RY12 APBB1IP,Micro P2RY12 APBB1IP,Microglia,9.917355371900827,Microglial-specific cell,7.6923076923076925,Homeostatic microglial cell,7.142857142857142
3178,Astro AQP4 SLC1A2,Astro AQP4 SLC1A2,Astrocyte,6.94980694980695,Stem cell,5.47945205479452,Satellite glial cells,5.405405405405405
3179,Astro AQP4 SLC1A2,Astro AQP4 SLC1A2,Astrocyte,6.94980694980695,Stem cell,5.47945205479452,Satellite glial cells,5.405405405405405
3180,Endo CLDN5 SLC7A5,Endo CLDN5 SLC7A5,Excitatory neuron,11.76470588235294,Pyramidal cells,9.411764705882355,Neuron,8.968609865470851
3181,Endo CLDN5 SLC7A5,Endo CLDN5 SLC7A5,Excitatory neuron,11.76470588235294,Pyramidal cells,9.411764705882355,Neuron,8.968609865470851
3182,Astro AQP4 SLC1A2,Astro AQP4 SLC1A2,Astrocyte,6.94980694980695,Stem cell,5.47945205479452,Satellite glial cells,5.405405405405405
3183,L6 OPRK1 THEMIS RGS6,L6 OPRK1 THEMIS RGS6,Retinal ganglion cells,5.042016806722689,Neuron,4.484304932735426,Lake et al.science.ex8,3.669724770642202
3184,Endo CLDN5 SLC7A5,Endo CLDN5 SLC7A5,Excitatory neuron,11.76470588235294,Pyramidal cells,9.411764705882355,Neuron,8.968609865470851
3185,Endo CLDN5 SLC7A5,Endo CLDN5 SLC7A5,Excitatory neuron,11.76470588235294,Pyramidal cells,9.411764705882355,Neuron,8.968609865470851
3186,Endo CLDN5 SLC7A5,Endo CLDN5 SLC7A5,Excitatory neuron,11.76470588235294,Pyramidal cells,9.411764705882355,Neuron,8.968609865470851
3187,Endo CLDN5 SLC7A5,Endo CLDN5 SLC7A5,Excitatory neuron,11.76470588235294,Pyramidal cells,9.411764705882355,Neuron,8.968609865470851
3188,Endo CLDN5 SLC7A5,Endo CLDN5 SLC7A5,Excitatory neuron,11.76470588235294,Pyramidal cells,9.411764705882355,Neuron,8.968609865470851
3189,Endo CLDN5 SLC7A5,Endo CLDN5 SLC7A5,Excitatory neuron,11.76470588235294,Pyramidal cells,9.411764705882355,Neuron,8.968609865470851
3190,L3-5 RORB MKX GRIN3A,L3-5 RORB MKX GRIN3A,Cajal-retzius cells,7.8125,Somatostatin interneuron,7.2727272727272725,Lake et al.science.in5,3.508771929824562
3191,Endo CLDN5 SLC7A5,Endo CLDN5 SLC7A5,Excitatory neuron,11.76470588235294,Pyramidal cells,9.411764705882355,Neuron,8.968609865470851
3192,Oligo MOG OPALIN,Oligo MOG OPALIN,Oligodendrocytes,11.594202898550725,Oligodendrocyte,9.44206008583691,Mature oligodendrocyte,7.2727272727272725
3193,Endo CLDN5 SLC7A5,Endo CLDN5 SLC7A5,Excitatory neuron,11.76470588235294,Pyramidal cells,9.411764705882355,Neuron,8.968609865470851
3194,Endo CLDN5 SLC7A5,Endo CLDN5 SLC7A5,Excitatory neuron,11.76470588235294,Pyramidal cells,9.411764705882355,Neuron,8.968609865470851
3195,Endo CLDN5 SLC7A5,Endo CLDN5 SLC7A5,Excitatory neuron,11.76470588235294,Pyramidal cells,9.411764705882355,Neuron,8.968609865470851
3196,Astro AQP4 SLC1A2,Astro AQP4 SLC1A2,Astrocyte,6.94980694980695,Stem cell,5.47945205479452,Satellite glial cells,5.405405405405405
3197,Endo CLDN5 SLC7A5,Endo CLDN5 SLC7A5,Excitatory neuron,11.76470588235294,Pyramidal cells,9.411764705882355,Neuron,8.968609865470851
3198,Endo CLDN5 SLC7A5,Endo CLDN5 SLC7A5,Excitatory neuron,11.76470588235294,Pyramidal cells,9.411764705882355,Neuron,8.968609865470851
3199,Endo CLDN5 SLC7A5,Endo CLDN5 SLC7A5,Excitatory neuron,11.76470588235294,Pyramidal cells,9.411764705882355,Neuron,8.968609865470851
3200,Endo CLDN5 SLC7A5,Endo CLDN5 SLC7A5,Excitatory neuron,11.76470588235294,Pyramidal cells,9.411764705882355,Neuron,8.968609865470851
3201,Astro AQP4 SLC1A2,Astro AQP4 SLC1A2,Astrocyte,6.94980694980695,Stem cell,5.47945205479452,Satellite glial cells,5.405405405405405
3202,Endo CLDN5 SLC7A5,Endo CLDN5 SLC7A5,Excitatory neuron,11.76470588235294,Pyramidal cells,9.411764705882355,Neuron,8.968609865470851
3203,Endo CLDN5 SLC7A5,Endo CLDN5 SLC7A5,Excitatory neuron,11.76470588235294,Pyramidal cells,9.411764705882355,Neuron,8.968609865470851
3204,Endo CLDN5 SLC7A5,Endo CLDN5 SLC7A5,Excitatory neuron,11.76470588235294,Pyramidal cells,9.411764705882355,Neuron,8.968609865470851
3205,InN SST FREM1,InN SST FREM1,Purkinje neurons,9.174311926605505,Oligodendrocyte precursor cell,6.349206349206351,Neuron,5.381165919282512
3206,Endo CLDN5 SLC7A5,Endo CLDN5 SLC7A5,Excitatory neuron,11.76470588235294,Pyramidal cells,9.411764705882355,Neuron,8.968609865470851
3207,Endo CLDN5 SLC7A5,Endo CLDN5 SLC7A5,Excitatory neuron,11.76470588235294,Pyramidal cells,9.411764705882355,Neuron,8.968609865470851
3208,Endo CLDN5 SLC7A5,Endo CLDN5 SLC7A5,Excitatory neuron,11.76470588235294,Pyramidal cells,9.411764705882355,Neuron,8.968609865470851
3209,Endo CLDN5 SLC7A5,Endo CLDN5 SLC7A5,Excitatory neuron,11.76470588235294,Pyramidal cells,9.411764705882355,Neuron,8.968609865470851
3210,Endo CLDN5 SLC7A5,Endo CLDN5 SLC7A5,Excitatory neuron,11.76470588235294,Pyramidal cells,9.411764705882355,Neuron,8.968609865470851
3211,Endo CLDN5 SLC7A5,Endo CLDN5 SLC7A5,Excitatory neuron,11.76470588235294,Pyramidal cells,9.411764705882355,Neuron,8.968609865470851
3212,Endo CLDN5 SLC7A5,Endo CLDN5 SLC7A5,Excitatory neuron,11.76470588235294,Pyramidal cells,9.411764705882355,Neuron,8.968609865470851
3213,OPC PDGFRA PCDH15,OPC PDGFRA PCDH15,Oligodendrocyte precursor cell,22.22222222222222,Oligodendrocyte progenitor cells,15.384615384615383,Oligodendrocyte progenitor cell,13.114754098360654
3214,Endo CLDN5 SLC7A5,Endo CLDN5 SLC7A5,Excitatory neuron,11.76470588235294,Pyramidal cells,9.411764705882355,Neuron,8.968609865470851
3215,Endo CLDN5 SLC7A5,Endo CLDN5 SLC7A5,Excitatory neuron,11.76470588235294,Pyramidal cells,9.411764705882355,Neuron,8.968609865470851
3216,Endo CLDN5 SLC7A5,Endo CLDN5 SLC7A5,Excitatory neuron,11.76470588235294,Pyramidal cells,9.411764705882355,Neuron,8.968609865470851
3217,Endo CLDN5 SLC7A5,Endo CLDN5 SLC7A5,Excitatory neuron,11.76470588235294,Pyramidal cells,9.411764705882355,Neuron,8.968609865470851
3218,Astro AQP4 SLC1A2,Astro AQP4 SLC1A2,Astrocyte,6.94980694980695,Stem cell,5.47945205479452,Satellite glial cells,5.405405405405405
3219,Endo CLDN5 SLC7A5,Endo CLDN5 SLC7A5,Excitatory neuron,11.76470588235294,Pyramidal cells,9.411764705882355,Neuron,8.968609865470851
3220,Endo CLDN5 SLC7A5,Endo CLDN5 SLC7A5,Excitatory neuron,11.76470588235294,Pyramidal cells,9.411764705882355,Neuron,8.968609865470851
3221,Endo CLDN5 SLC7A5,Endo CLDN5 SLC7A5,Excitatory neuron,11.76470588235294,Pyramidal cells,9.411764705882355,Neuron,8.968609865470851
3222,Endo CLDN5 SLC7A5,Endo CLDN5 SLC7A5,Excitatory neuron,11.76470588235294,Pyramidal cells,9.411764705882355,Neuron,8.968609865470851
3223,Endo CLDN5 SLC7A5,Endo CLDN5 SLC7A5,Excitatory neuron,11.76470588235294,Pyramidal cells,9.411764705882355,Neuron,8.968609865470851
3224,Endo CLDN5 SLC7A5,Endo CLDN5 SLC7A5,Excitatory neuron,11.76470588235294,Pyramidal cells,9.411764705882355,Neuron,8.968609865470851
3225,Oligo MOG OPALIN,Oligo MOG OPALIN,Oligodendrocytes,11.594202898550725,Oligodendrocyte,9.44206008583691,Mature oligodendrocyte,7.2727272727272725
3226,OPC PDGFRA PCDH15,OPC PDGFRA PCDH15,Oligodendrocyte precursor cell,22.22222222222222,Oligodendrocyte progenitor cells,15.384615384615383,Oligodendrocyte progenitor cell,13.114754098360654
3227,Endo CLDN5 SLC7A5,Endo CLDN5 SLC7A5,Excitatory neuron,11.76470588235294,Pyramidal cells,9.411764705882355,Neuron,8.968609865470851
3228,L6 FEZF2 NPFFR2 KCNK2,L6 FEZF2 NPFFR2 KCNK2,Lake et al.science.ex6,16.666666666666664,Somatostatin interneuron,3.6363636363636362,Lake et al.science.in3,3.1746031746031753
3229,InN VIP HS3ST3B1,InN VIP HS3ST3B1,Purkinje neurons,7.339449541284404,Neuroblasts,6.0,Lake et al.science.ex8,5.5045871559633035
3230,Endo CLDN5 SLC7A5,Endo CLDN5 SLC7A5,Excitatory neuron,11.76470588235294,Pyramidal cells,9.411764705882355,Neuron,8.968609865470851
3231,Endo CLDN5 SLC7A5,Endo CLDN5 SLC7A5,Excitatory neuron,11.76470588235294,Pyramidal cells,9.411764705882355,Neuron,8.968609865470851
3232,Endo CLDN5 SLC7A5,Endo CLDN5 SLC7A5,Excitatory neuron,11.76470588235294,Pyramidal cells,9.411764705882355,Neuron,8.968609865470851
3233,Endo CLDN5 SLC7A5,Endo CLDN5 SLC7A5,Excitatory neuron,11.76470588235294,Pyramidal cells,9.411764705882355,Neuron,8.968609865470851
3234,Endo CLDN5 SLC7A5,Endo CLDN5 SLC7A5,Excitatory neuron,11.76470588235294,Pyramidal cells,9.411764705882355,Neuron,8.968609865470851
3235,OPC PDGFRA PCDH15,OPC PDGFRA PCDH15,Oligodendrocyte precursor cell,22.22222222222222,Oligodendrocyte progenitor cells,15.384615384615383,Oligodendrocyte progenitor cell,13.114754098360654
3236,Endo CLDN5 SLC7A5,Endo CLDN5 SLC7A5,Excitatory neuron,11.76470588235294,Pyramidal cells,9.411764705882355,Neuron,8.968609865470851
3237,Astro AQP4 SLC1A2,Astro AQP4 SLC1A2,Astrocyte,6.94980694980695,Stem cell,5.47945205479452,Satellite glial cells,5.405405405405405
3238,Endo CLDN5 SLC7A5,Endo CLDN5 SLC7A5,Excitatory neuron,11.76470588235294,Pyramidal cells,9.411764705882355,Neuron,8.968609865470851
3239,Endo CLDN5 SLC7A5,Endo CLDN5 SLC7A5,Excitatory neuron,11.76470588235294,Pyramidal cells,9.411764705882355,Neuron,8.968609865470851
3240,Endo CLDN5 SLC7A5,Endo CLDN5 SLC7A5,Excitatory neuron,11.76470588235294,Pyramidal cells,9.411764705882355,Neuron,8.968609865470851
3241,Micro P2RY12 APBB1IP,Micro P2RY12 APBB1IP,Microglia,9.917355371900827,Microglial-specific cell,7.6923076923076925,Homeostatic microglial cell,7.142857142857142
3242,Endo CLDN5 SLC7A5,Endo CLDN5 SLC7A5,Excitatory neuron,11.76470588235294,Pyramidal cells,9.411764705882355,Neuron,8.968609865470851
3243,Endo CLDN5 SLC7A5,Endo CLDN5 SLC7A5,Excitatory neuron,11.76470588235294,Pyramidal cells,9.411764705882355,Neuron,8.968609865470851
3244,Oligo MOG OPALIN,Oligo MOG OPALIN,Oligodendrocytes,11.594202898550725,Oligodendrocyte,9.44206008583691,Mature oligodendrocyte,7.2727272727272725
3245,Endo CLDN5 SLC7A5,Endo CLDN5 SLC7A5,Excitatory neuron,11.76470588235294,Pyramidal cells,9.411764705882355,Neuron,8.968609865470851
3246,Endo CLDN5 SLC7A5,Endo CLDN5 SLC7A5,Excitatory neuron,11.76470588235294,Pyramidal cells,9.411764705882355,Neuron,8.968609865470851
3247,InN VIP HS3ST3B1,InN VIP HS3ST3B1,Purkinje neurons,7.339449541284404,Neuroblasts,6.0,Lake et al.science.ex8,5.5045871559633035
3248,Endo CLDN5 SLC7A5,Endo CLDN5 SLC7A5,Excitatory neuron,11.76470588235294,Pyramidal cells,9.411764705882355,Neuron,8.968609865470851
3249,Endo CLDN5 SLC7A5,Endo CLDN5 SLC7A5,Excitatory neuron,11.76470588235294,Pyramidal cells,9.411764705882355,Neuron,8.968609865470851
3250,Endo CLDN5 SLC7A5,Endo CLDN5 SLC7A5,Excitatory neuron,11.76470588235294,Pyramidal cells,9.411764705882355,Neuron,8.968609865470851
3251,PC P2RY14 GRM8,PC P2RY14 GRM8,Pericyte,8.695652173913043,Endothelial cell,7.692307692307692,Mural cell,7.017543859649124
3252,Astro AQP4 SLC1A2,Astro AQP4 SLC1A2,Astrocyte,6.94980694980695,Stem cell,5.47945205479452,Satellite glial cells,5.405405405405405
3253,L3-5 RORB MKX GRIN3A,L3-5 RORB MKX GRIN3A,Cajal-retzius cells,7.8125,Somatostatin interneuron,7.2727272727272725,Lake et al.science.in5,3.508771929824562
3254,Endo CLDN5 SLC7A5,Endo CLDN5 SLC7A5,Excitatory neuron,11.76470588235294,Pyramidal cells,9.411764705882355,Neuron,8.968609865470851
3255,Endo CLDN5 SLC7A5,Endo CLDN5 SLC7A5,Excitatory neuron,11.76470588235294,Pyramidal cells,9.411764705882355,Neuron,8.968609865470851
3256,Endo CLDN5 SLC7A5,Endo CLDN5 SLC7A5,Excitatory neuron,11.76470588235294,Pyramidal cells,9.411764705882355,Neuron,8.968609865470851
3257,Micro P2RY12 APBB1IP,Micro P2RY12 APBB1IP,Microglia,9.917355371900827,Microglial-specific cell,7.6923076923076925,Homeostatic microglial cell,7.142857142857142
3258,Endo CLDN5 SLC7A5,Endo CLDN5 SLC7A5,Excitatory neuron,11.76470588235294,Pyramidal cells,9.411764705882355,Neuron,8.968609865470851
3259,Endo CLDN5 SLC7A5,Endo CLDN5 SLC7A5,Excitatory neuron,11.76470588235294,Pyramidal cells,9.411764705882355,Neuron,8.968609865470851
3260,Endo CLDN5 SLC7A5,Endo CLDN5 SLC7A5,Excitatory neuron,11.76470588235294,Pyramidal cells,9.411764705882355,Neuron,8.968609865470851
3261,Endo CLDN5 SLC7A5,Endo CLDN5 SLC7A5,Excitatory neuron,11.76470588235294,Pyramidal cells,9.411764705882355,Neuron,8.968609865470851
3262,Endo CLDN5 SLC7A5,Endo CLDN5 SLC7A5,Excitatory neuron,11.76470588235294,Pyramidal cells,9.411764705882355,Neuron,8.968609865470851
3263,Micro P2RY12 APBB1IP,Micro P2RY12 APBB1IP,Microglia,9.917355371900827,Microglial-specific cell,7.6923076923076925,Homeostatic microglial cell,7.142857142857142
3264,Endo CLDN5 SLC7A5,Endo CLDN5 SLC7A5,Excitatory neuron,11.76470588235294,Pyramidal cells,9.411764705882355,Neuron,8.968609865470851
3265,InN PVALB HPSE,InN PVALB HPSE,Parvalbumin interneuron,7.4074074074074066,Lake et al.science.ex6,7.1428571428571415,Purkinje neurons,5.5045871559633035
3266,Oligo MOG OPALIN,Oligo MOG OPALIN,Oligodendrocytes,11.594202898550725,Oligodendrocyte,9.44206008583691,Mature oligodendrocyte,7.2727272727272725
3267,Endo CLDN5 SLC7A5,Endo CLDN5 SLC7A5,Excitatory neuron,11.76470588235294,Pyramidal cells,9.411764705882355,Neuron,8.968609865470851
3268,Endo CLDN5 SLC7A5,Endo CLDN5 SLC7A5,Excitatory neuron,11.76470588235294,Pyramidal cells,9.411764705882355,Neuron,8.968609865470851
3269,Endo CLDN5 SLC7A5,Endo CLDN5 SLC7A5,Excitatory neuron,11.76470588235294,Pyramidal cells,9.411764705882355,Neuron,8.968609865470851
3270,Endo CLDN5 SLC7A5,Endo CLDN5 SLC7A5,Excitatory neuron,11.76470588235294,Pyramidal cells,9.411764705882355,Neuron,8.968609865470851
3271,Endo CLDN5 SLC7A5,Endo CLDN5 SLC7A5,Excitatory neuron,11.76470588235294,Pyramidal cells,9.411764705882355,Neuron,8.968609865470851
3272,Astro AQP4 SLC1A2,Astro AQP4 SLC1A2,Astrocyte,6.94980694980695,Stem cell,5.47945205479452,Satellite glial cells,5.405405405405405
3273,L3-5 RORB GABRG1 KCNH7,L3-5 RORB GABRG1 KCNH7,Somatostatin interneuron,3.6363636363636362,Lake et al.science.in5,3.508771929824562,Lake et al.science.ex5,3.389830508474577
3274,Micro P2RY12 APBB1IP,Micro P2RY12 APBB1IP,Microglia,9.917355371900827,Microglial-specific cell,7.6923076923076925,Homeostatic microglial cell,7.142857142857142
3275,Endo CLDN5 SLC7A5,Endo CLDN5 SLC7A5,Excitatory neuron,11.76470588235294,Pyramidal cells,9.411764705882355,Neuron,8.968609865470851
3276,Endo CLDN5 SLC7A5,Endo CLDN5 SLC7A5,Excitatory neuron,11.76470588235294,Pyramidal cells,9.411764705882355,Neuron,8.968609865470851
3277,Endo CLDN5 SLC7A5,Endo CLDN5 SLC7A5,Excitatory neuron,11.76470588235294,Pyramidal cells,9.411764705882355,Neuron,8.968609865470851
3278,Endo CLDN5 SLC7A5,Endo CLDN5 SLC7A5,Excitatory neuron,11.76470588235294,Pyramidal cells,9.411764705882355,Neuron,8.968609865470851
3279,Oligo MOG OPALIN,Oligo MOG OPALIN,Oligodendrocytes,11.594202898550725,Oligodendrocyte,9.44206008583691,Mature oligodendrocyte,7.2727272727272725
3280,Endo CLDN5 SLC7A5,Endo CLDN5 SLC7A5,Excitatory neuron,11.76470588235294,Pyramidal cells,9.411764705882355,Neuron,8.968609865470851
3281,Endo CLDN5 SLC7A5,Endo CLDN5 SLC7A5,Excitatory neuron,11.76470588235294,Pyramidal cells,9.411764705882355,Neuron,8.968609865470851
3282,Endo CLDN5 SLC7A5,Endo CLDN5 SLC7A5,Excitatory neuron,11.76470588235294,Pyramidal cells,9.411764705882355,Neuron,8.968609865470851
3283,Endo CLDN5 SLC7A5,Endo CLDN5 SLC7A5,Excitatory neuron,11.76470588235294,Pyramidal cells,9.411764705882355,Neuron,8.968609865470851
3284,Endo CLDN5 SLC7A5,Endo CLDN5 SLC7A5,Excitatory neuron,11.76470588235294,Pyramidal cells,9.411764705882355,Neuron,8.968609865470851
3285,L3-5 RORB GABRG1 KCNH7,L3-5 RORB GABRG1 KCNH7,Somatostatin interneuron,3.6363636363636362,Lake et al.science.in5,3.508771929824562,Lake et al.science.ex5,3.389830508474577
3286,L6 OPRK1 THEMIS RGS6,L6 OPRK1 THEMIS RGS6,Retinal ganglion cells,5.042016806722689,Neuron,4.484304932735426,Lake et al.science.ex8,3.669724770642202
3287,PC P2RY14 GRM8,PC P2RY14 GRM8,Pericyte,8.695652173913043,Endothelial cell,7.692307692307692,Mural cell,7.017543859649124
3288,Endo CLDN5 SLC7A5,Endo CLDN5 SLC7A5,Excitatory neuron,11.76470588235294,Pyramidal cells,9.411764705882355,Neuron,8.968609865470851
3289,Endo CLDN5 SLC7A5,Endo CLDN5 SLC7A5,Excitatory neuron,11.76470588235294,Pyramidal cells,9.411764705882355,Neuron,8.968609865470851
3290,Endo CLDN5 SLC7A5,Endo CLDN5 SLC7A5,Excitatory neuron,11.76470588235294,Pyramidal cells,9.411764705882355,Neuron,8.968609865470851
3291,Endo CLDN5 SLC7A5,Endo CLDN5 SLC7A5,Excitatory neuron,11.76470588235294,Pyramidal cells,9.411764705882355,Neuron,8.968609865470851
3292,Endo CLDN5 SLC7A5,Endo CLDN5 SLC7A5,Excitatory neuron,11.76470588235294,Pyramidal cells,9.411764705882355,Neuron,8.968609865470851
3293,Oligo MOG OPALIN,Oligo MOG OPALIN,Oligodendrocytes,11.594202898550725,Oligodendrocyte,9.44206008583691,Mature oligodendrocyte,7.2727272727272725
3294,Oligo MOG OPALIN,Oligo MOG OPALIN,Oligodendrocytes,11.594202898550725,Oligodendrocyte,9.44206008583691,Mature oligodendrocyte,7.2727272727272725
3295,L2-3 CUX2 ACVR1C THSD7A,L2-3 CUX2 ACVR1C THSD7A,Somatostatin interneuron,3.6363636363636362,Neurons,3.1620553359683794,Cajal-retzius cells,3.125
3296,L6 OPRK1 THEMIS RGS6,L6 OPRK1 THEMIS RGS6,Retinal ganglion cells,5.042016806722689,Neuron,4.484304932735426,Lake et al.science.ex8,3.669724770642202
3297,Endo CLDN5 SLC7A5,Endo CLDN5 SLC7A5,Excitatory neuron,11.76470588235294,Pyramidal cells,9.411764705882355,Neuron,8.968609865470851
3298,Endo CLDN5 SLC7A5,Endo CLDN5 SLC7A5,Excitatory neuron,11.76470588235294,Pyramidal cells,9.411764705882355,Neuron,8.968609865470851
3299,Oligo MOG OPALIN,Oligo MOG OPALIN,Oligodendrocytes,11.594202898550725,Oligodendrocyte,9.44206008583691,Mature oligodendrocyte,7.2727272727272725
3300,Oligo MOG OPALIN,Oligo MOG OPALIN,Oligodendrocytes,11.594202898550725,Oligodendrocyte,9.44206008583691,Mature oligodendrocyte,7.2727272727272725
3301,Endo CLDN5 SLC7A5,Endo CLDN5 SLC7A5,Excitatory neuron,11.76470588235294,Pyramidal cells,9.411764705882355,Neuron,8.968609865470851
3302,L5-6 FEZF2 NXPH2 GRIK1,L5-6 FEZF2 NXPH2 GRIK1,Lake et al.science.ex6,16.666666666666664,Epithelial cell,3.7735849056603774,Glutamatergic neuron,3.7037037037037033
3303,Endo CLDN5 SLC7A5,Endo CLDN5 SLC7A5,Excitatory neuron,11.76470588235294,Pyramidal cells,9.411764705882355,Neuron,8.968609865470851
3304,Endo CLDN5 SLC7A5,Endo CLDN5 SLC7A5,Excitatory neuron,11.76470588235294,Pyramidal cells,9.411764705882355,Neuron,8.968609865470851
3305,Endo CLDN5 SLC7A5,Endo CLDN5 SLC7A5,Excitatory neuron,11.76470588235294,Pyramidal cells,9.411764705882355,Neuron,8.968609865470851
3306,Endo CLDN5 SLC7A5,Endo CLDN5 SLC7A5,Excitatory neuron,11.76470588235294,Pyramidal cells,9.411764705882355,Neuron,8.968609865470851
3307,Endo CLDN5 SLC7A5,Endo CLDN5 SLC7A5,Excitatory neuron,11.76470588235294,Pyramidal cells,9.411764705882355,Neuron,8.968609865470851
3308,Endo CLDN5 SLC7A5,Endo CLDN5 SLC7A5,Excitatory neuron,11.76470588235294,Pyramidal cells,9.411764705882355,Neuron,8.968609865470851
3309,PC P2RY14 GRM8,PC P2RY14 GRM8,Pericyte,8.695652173913043,Endothelial cell,7.692307692307692,Mural cell,7.017543859649124
3310,Endo CLDN5 SLC7A5,Endo CLDN5 SLC7A5,Excitatory neuron,11.76470588235294,Pyramidal cells,9.411764705882355,Neuron,8.968609865470851
3311,Endo CLDN5 SLC7A5,Endo CLDN5 SLC7A5,Excitatory neuron,11.76470588235294,Pyramidal cells,9.411764705882355,Neuron,8.968609865470851
3312,Endo CLDN5 SLC7A5,Endo CLDN5 SLC7A5,Excitatory neuron,11.76470588235294,Pyramidal cells,9.411764705882355,Neuron,8.968609865470851
3313,Endo CLDN5 SLC7A5,Endo CLDN5 SLC7A5,Excitatory neuron,11.76470588235294,Pyramidal cells,9.411764705882355,Neuron,8.968609865470851
3314,Endo CLDN5 SLC7A5,Endo CLDN5 SLC7A5,Excitatory neuron,11.76470588235294,Pyramidal cells,9.411764705882355,Neuron,8.968609865470851
3315,Endo CLDN5 SLC7A5,Endo CLDN5 SLC7A5,Excitatory neuron,11.76470588235294,Pyramidal cells,9.411764705882355,Neuron,8.968609865470851
3316,Endo CLDN5 SLC7A5,Endo CLDN5 SLC7A5,Excitatory neuron,11.76470588235294,Pyramidal cells,9.411764705882355,Neuron,8.968609865470851
3317,Endo CLDN5 SLC7A5,Endo CLDN5 SLC7A5,Excitatory neuron,11.76470588235294,Pyramidal cells,9.411764705882355,Neuron,8.968609865470851
3318,InN PVALB HPSE,InN PVALB HPSE,Parvalbumin interneuron,7.4074074074074066,Lake et al.science.ex6,7.1428571428571415,Purkinje neurons,5.5045871559633035
3319,Endo CLDN5 SLC7A5,Endo CLDN5 SLC7A5,Excitatory neuron,11.76470588235294,Pyramidal cells,9.411764705882355,Neuron,8.968609865470851
3320,Oligo MOG OPALIN,Oligo MOG OPALIN,Oligodendrocytes,11.594202898550725,Oligodendrocyte,9.44206008583691,Mature oligodendrocyte,7.2727272727272725
3321,Endo CLDN5 SLC7A5,Endo CLDN5 SLC7A5,Excitatory neuron,11.76470588235294,Pyramidal cells,9.411764705882355,Neuron,8.968609865470851
3322,L2-3 CUX2 ACVR1C THSD7A,L2-3 CUX2 ACVR1C THSD7A,Somatostatin interneuron,3.6363636363636362,Neurons,3.1620553359683794,Cajal-retzius cells,3.125
3323,Endo CLDN5 SLC7A5,Endo CLDN5 SLC7A5,Excitatory neuron,11.76470588235294,Pyramidal cells,9.411764705882355,Neuron,8.968609865470851
3324,Endo CLDN5 SLC7A5,Endo CLDN5 SLC7A5,Excitatory neuron,11.76470588235294,Pyramidal cells,9.411764705882355,Neuron,8.968609865470851
3325,L2-3 CUX2 ACVR1C THSD7A,L2-3 CUX2 ACVR1C THSD7A,Somatostatin interneuron,3.6363636363636362,Neurons,3.1620553359683794,Cajal-retzius cells,3.125
3326,Endo CLDN5 SLC7A5,Endo CLDN5 SLC7A5,Excitatory neuron,11.76470588235294,Pyramidal cells,9.411764705882355,Neuron,8.968609865470851
3327,Endo CLDN5 SLC7A5,Endo CLDN5 SLC7A5,Excitatory neuron,11.76470588235294,Pyramidal cells,9.411764705882355,Neuron,8.968609865470851
3328,Oligo MOG OPALIN,Oligo MOG OPALIN,Oligodendrocytes,11.594202898550725,Oligodendrocyte,9.44206008583691,Mature oligodendrocyte,7.2727272727272725
3329,Endo CLDN5 SLC7A5,Endo CLDN5 SLC7A5,Excitatory neuron,11.76470588235294,Pyramidal cells,9.411764705882355,Neuron,8.968609865470851
3330,Endo CLDN5 SLC7A5,Endo CLDN5 SLC7A5,Excitatory neuron,11.76470588235294,Pyramidal cells,9.411764705882355,Neuron,8.968609865470851
3331,Endo CLDN5 SLC7A5,Endo CLDN5 SLC7A5,Excitatory neuron,11.76470588235294,Pyramidal cells,9.411764705882355,Neuron,8.968609865470851
3332,L3-5 RORB MKX GRIN3A,L3-5 RORB MKX GRIN3A,Cajal-retzius cells,7.8125,Somatostatin interneuron,7.2727272727272725,Lake et al.science.in5,3.508771929824562
3333,Oligo MOG OPALIN,Oligo MOG OPALIN,Oligodendrocytes,11.594202898550725,Oligodendrocyte,9.44206008583691,Mature oligodendrocyte,7.2727272727272725
3334,L2-3 CUX2 ACVR1C THSD7A,L2-3 CUX2 ACVR1C THSD7A,Somatostatin interneuron,3.6363636363636362,Neurons,3.1620553359683794,Cajal-retzius cells,3.125
3335,Endo CLDN5 SLC7A5,Endo CLDN5 SLC7A5,Excitatory neuron,11.76470588235294,Pyramidal cells,9.411764705882355,Neuron,8.968609865470851
3336,L3-5 RORB MKX GRIN3A,L3-5 RORB MKX GRIN3A,Cajal-retzius cells,7.8125,Somatostatin interneuron,7.2727272727272725,Lake et al.science.in5,3.508771929824562
3337,Endo CLDN5 SLC7A5,Endo CLDN5 SLC7A5,Excitatory neuron,11.76470588235294,Pyramidal cells,9.411764705882355,Neuron,8.968609865470851
3338,Astro AQP4 SLC1A2,Astro AQP4 SLC1A2,Astrocyte,6.94980694980695,Stem cell,5.47945205479452,Satellite glial cells,5.405405405405405
3339,Endo CLDN5 SLC7A5,Endo CLDN5 SLC7A5,Excitatory neuron,11.76470588235294,Pyramidal cells,9.411764705882355,Neuron,8.968609865470851
3340,Endo CLDN5 SLC7A5,Endo CLDN5 SLC7A5,Excitatory neuron,11.76470588235294,Pyramidal cells,9.411764705882355,Neuron,8.968609865470851
3341,Endo CLDN5 SLC7A5,Endo CLDN5 SLC7A5,Excitatory neuron,11.76470588235294,Pyramidal cells,9.411764705882355,Neuron,8.968609865470851
3342,Endo CLDN5 SLC7A5,Endo CLDN5 SLC7A5,Excitatory neuron,11.76470588235294,Pyramidal cells,9.411764705882355,Neuron,8.968609865470851
3343,Oligo MOG OPALIN,Oligo MOG OPALIN,Oligodendrocytes,11.594202898550725,Oligodendrocyte,9.44206008583691,Mature oligodendrocyte,7.2727272727272725
3344,L2-3 CUX2 ACVR1C THSD7A,L2-3 CUX2 ACVR1C THSD7A,Somatostatin interneuron,3.6363636363636362,Neurons,3.1620553359683794,Cajal-retzius cells,3.125
3345,Endo CLDN5 SLC7A5,Endo CLDN5 SLC7A5,Excitatory neuron,11.76470588235294,Pyramidal cells,9.411764705882355,Neuron,8.968609865470851
3346,Oligo MOG OPALIN,Oligo MOG OPALIN,Oligodendrocytes,11.594202898550725,Oligodendrocyte,9.44206008583691,Mature oligodendrocyte,7.2727272727272725
3347,Endo CLDN5 SLC7A5,Endo CLDN5 SLC7A5,Excitatory neuron,11.76470588235294,Pyramidal cells,9.411764705882355,Neuron,8.968609865470851
3348,Oligo MOG OPALIN,Oligo MOG OPALIN,Oligodendrocytes,11.594202898550725,Oligodendrocyte,9.44206008583691,Mature oligodendrocyte,7.2727272727272725
3349,L3-5 RORB MKX GRIN3A,L3-5 RORB MKX GRIN3A,Cajal-retzius cells,7.8125,Somatostatin interneuron,7.2727272727272725,Lake et al.science.in5,3.508771929824562
3350,Oligo MOG OPALIN,Oligo MOG OPALIN,Oligodendrocytes,11.594202898550725,Oligodendrocyte,9.44206008583691,Mature oligodendrocyte,7.2727272727272725
3351,Endo CLDN5 SLC7A5,Endo CLDN5 SLC7A5,Excitatory neuron,11.76470588235294,Pyramidal cells,9.411764705882355,Neuron,8.968609865470851
3352,Endo CLDN5 SLC7A5,Endo CLDN5 SLC7A5,Excitatory neuron,11.76470588235294,Pyramidal cells,9.411764705882355,Neuron,8.968609865470851
3353,Endo CLDN5 SLC7A5,Endo CLDN5 SLC7A5,Excitatory neuron,11.76470588235294,Pyramidal cells,9.411764705882355,Neuron,8.968609865470851
3354,Endo CLDN5 SLC7A5,Endo CLDN5 SLC7A5,Excitatory neuron,11.76470588235294,Pyramidal cells,9.411764705882355,Neuron,8.968609865470851
3355,L2-3 CUX2 ACVR1C THSD7A,L2-3 CUX2 ACVR1C THSD7A,Somatostatin interneuron,3.6363636363636362,Neurons,3.1620553359683794,Cajal-retzius cells,3.125
3356,InN PVALB HPSE,InN PVALB HPSE,Parvalbumin interneuron,7.4074074074074066,Lake et al.science.ex6,7.1428571428571415,Purkinje neurons,5.5045871559633035
3357,Endo CLDN5 SLC7A5,Endo CLDN5 SLC7A5,Excitatory neuron,11.76470588235294,Pyramidal cells,9.411764705882355,Neuron,8.968609865470851
3358,Endo CLDN5 SLC7A5,Endo CLDN5 SLC7A5,Excitatory neuron,11.76470588235294,Pyramidal cells,9.411764705882355,Neuron,8.968609865470851
3359,Endo CLDN5 SLC7A5,Endo CLDN5 SLC7A5,Excitatory neuron,11.76470588235294,Pyramidal cells,9.411764705882355,Neuron,8.968609865470851
3360,Endo CLDN5 SLC7A5,Endo CLDN5 SLC7A5,Excitatory neuron,11.76470588235294,Pyramidal cells,9.411764705882355,Neuron,8.968609865470851
3361,Endo CLDN5 SLC7A5,Endo CLDN5 SLC7A5,Excitatory neuron,11.76470588235294,Pyramidal cells,9.411764705882355,Neuron,8.968609865470851
3362,L2-3 CUX2 ACVR1C THSD7A,L2-3 CUX2 ACVR1C THSD7A,Somatostatin interneuron,3.6363636363636362,Neurons,3.1620553359683794,Cajal-retzius cells,3.125
3363,L6 FEZF2 NPFFR2 KCNK2,L6 FEZF2 NPFFR2 KCNK2,Lake et al.science.ex6,16.666666666666664,Somatostatin interneuron,3.6363636363636362,Lake et al.science.in3,3.1746031746031753
3364,InN SST FREM1,InN SST FREM1,Purkinje neurons,9.174311926605505,Oligodendrocyte precursor cell,6.349206349206351,Neuron,5.381165919282512
3365,L6 FEZF2 NPFFR2 KCNK2,L6 FEZF2 NPFFR2 KCNK2,Lake et al.science.ex6,16.666666666666664,Somatostatin interneuron,3.6363636363636362,Lake et al.science.in3,3.1746031746031753
3366,L3-5 RORB GABRG1 KCNH7,L3-5 RORB GABRG1 KCNH7,Somatostatin interneuron,3.6363636363636362,Lake et al.science.in5,3.508771929824562,Lake et al.science.ex5,3.389830508474577
3367,L2-3 CUX2 ACVR1C THSD7A,L2-3 CUX2 ACVR1C THSD7A,Somatostatin interneuron,3.6363636363636362,Neurons,3.1620553359683794,Cajal-retzius cells,3.125
3368,Endo CLDN5 SLC7A5,Endo CLDN5 SLC7A5,Excitatory neuron,11.76470588235294,Pyramidal cells,9.411764705882355,Neuron,8.968609865470851
3369,Endo CLDN5 SLC7A5,Endo CLDN5 SLC7A5,Excitatory neuron,11.76470588235294,Pyramidal cells,9.411764705882355,Neuron,8.968609865470851
3370,Endo CLDN5 SLC7A5,Endo CLDN5 SLC7A5,Excitatory neuron,11.76470588235294,Pyramidal cells,9.411764705882355,Neuron,8.968609865470851
3371,Endo CLDN5 SLC7A5,Endo CLDN5 SLC7A5,Excitatory neuron,11.76470588235294,Pyramidal cells,9.411764705882355,Neuron,8.968609865470851
3372,Oligo MOG OPALIN,Oligo MOG OPALIN,Oligodendrocytes,11.594202898550725,Oligodendrocyte,9.44206008583691,Mature oligodendrocyte,7.2727272727272725
3373,Oligo MOG OPALIN,Oligo MOG OPALIN,Oligodendrocytes,11.594202898550725,Oligodendrocyte,9.44206008583691,Mature oligodendrocyte,7.2727272727272725
3374,Endo CLDN5 SLC7A5,Endo CLDN5 SLC7A5,Excitatory neuron,11.76470588235294,Pyramidal cells,9.411764705882355,Neuron,8.968609865470851
3375,Oligo MOG OPALIN,Oligo MOG OPALIN,Oligodendrocytes,11.594202898550725,Oligodendrocyte,9.44206008583691,Mature oligodendrocyte,7.2727272727272725
3376,Oligo MOG OPALIN,Oligo MOG OPALIN,Oligodendrocytes,11.594202898550725,Oligodendrocyte,9.44206008583691,Mature oligodendrocyte,7.2727272727272725
3377,Oligo MOG OPALIN,Oligo MOG OPALIN,Oligodendrocytes,11.594202898550725,Oligodendrocyte,9.44206008583691,Mature oligodendrocyte,7.2727272727272725
3378,Endo CLDN5 SLC7A5,Endo CLDN5 SLC7A5,Excitatory neuron,11.76470588235294,Pyramidal cells,9.411764705882355,Neuron,8.968609865470851
3379,Endo CLDN5 SLC7A5,Endo CLDN5 SLC7A5,Excitatory neuron,11.76470588235294,Pyramidal cells,9.411764705882355,Neuron,8.968609865470851
3380,Endo CLDN5 SLC7A5,Endo CLDN5 SLC7A5,Excitatory neuron,11.76470588235294,Pyramidal cells,9.411764705882355,Neuron,8.968609865470851
3381,Endo CLDN5 SLC7A5,Endo CLDN5 SLC7A5,Excitatory neuron,11.76470588235294,Pyramidal cells,9.411764705882355,Neuron,8.968609865470851
3382,Oligo MOG OPALIN,Oligo MOG OPALIN,Oligodendrocytes,11.594202898550725,Oligodendrocyte,9.44206008583691,Mature oligodendrocyte,7.2727272727272725
3383,Endo CLDN5 SLC7A5,Endo CLDN5 SLC7A5,Excitatory neuron,11.76470588235294,Pyramidal cells,9.411764705882355,Neuron,8.968609865470851
3384,Oligo MOG OPALIN,Oligo MOG OPALIN,Oligodendrocytes,11.594202898550725,Oligodendrocyte,9.44206008583691,Mature oligodendrocyte,7.2727272727272725
3385,Endo CLDN5 SLC7A5,Endo CLDN5 SLC7A5,Excitatory neuron,11.76470588235294,Pyramidal cells,9.411764705882355,Neuron,8.968609865470851
3386,InN VIP HS3ST3B1,InN VIP HS3ST3B1,Purkinje neurons,7.339449541284404,Neuroblasts,6.0,Lake et al.science.ex8,5.5045871559633035
3387,Endo CLDN5 SLC7A5,Endo CLDN5 SLC7A5,Excitatory neuron,11.76470588235294,Pyramidal cells,9.411764705882355,Neuron,8.968609865470851
3388,InN LAMP5 BMP7,InN LAMP5 BMP7,Lake et al.science.in4,7.142857142857142,Bergmann glia,6.593406593406592,Gabaergic neurons,6.153846153846153
3389,Oligo MOG OPALIN,Oligo MOG OPALIN,Oligodendrocytes,11.594202898550725,Oligodendrocyte,9.44206008583691,Mature oligodendrocyte,7.2727272727272725
3390,InN LAMP5 BMP7,InN LAMP5 BMP7,Lake et al.science.in4,7.142857142857142,Bergmann glia,6.593406593406592,Gabaergic neurons,6.153846153846153
3391,L3-5 RORB GABRG1 KCNH7,L3-5 RORB GABRG1 KCNH7,Somatostatin interneuron,3.6363636363636362,Lake et al.science.in5,3.508771929824562,Lake et al.science.ex5,3.389830508474577
3392,InN SST FREM1,InN SST FREM1,Purkinje neurons,9.174311926605505,Oligodendrocyte precursor cell,6.349206349206351,Neuron,5.381165919282512
3393,PC P2RY14 GRM8,PC P2RY14 GRM8,Pericyte,8.695652173913043,Endothelial cell,7.692307692307692,Mural cell,7.017543859649124
3394,Endo CLDN5 SLC7A5,Endo CLDN5 SLC7A5,Excitatory neuron,11.76470588235294,Pyramidal cells,9.411764705882355,Neuron,8.968609865470851
3395,Endo CLDN5 SLC7A5,Endo CLDN5 SLC7A5,Excitatory neuron,11.76470588235294,Pyramidal cells,9.411764705882355,Neuron,8.968609865470851
3396,PC P2RY14 GRM8,PC P2RY14 GRM8,Pericyte,8.695652173913043,Endothelial cell,7.692307692307692,Mural cell,7.017543859649124
3397,L6 OPRK1 THEMIS RGS6,L6 OPRK1 THEMIS RGS6,Retinal ganglion cells,5.042016806722689,Neuron,4.484304932735426,Lake et al.science.ex8,3.669724770642202
3398,Endo CLDN5 SLC7A5,Endo CLDN5 SLC7A5,Excitatory neuron,11.76470588235294,Pyramidal cells,9.411764705882355,Neuron,8.968609865470851
3399,L2-3 CUX2 ACVR1C THSD7A,L2-3 CUX2 ACVR1C THSD7A,Somatostatin interneuron,3.6363636363636362,Neurons,3.1620553359683794,Cajal-retzius cells,3.125
3400,Endo CLDN5 SLC7A5,Endo CLDN5 SLC7A5,Excitatory neuron,11.76470588235294,Pyramidal cells,9.411764705882355,Neuron,8.968609865470851
3401,Endo CLDN5 SLC7A5,Endo CLDN5 SLC7A5,Excitatory neuron,11.76470588235294,Pyramidal cells,9.411764705882355,Neuron,8.968609865470851
3402,Endo CLDN5 SLC7A5,Endo CLDN5 SLC7A5,Excitatory neuron,11.76470588235294,Pyramidal cells,9.411764705882355,Neuron,8.968609865470851
3403,InN SST FREM1,InN SST FREM1,Purkinje neurons,9.174311926605505,Oligodendrocyte precursor cell,6.349206349206351,Neuron,5.381165919282512
3404,L3-5 RORB MKX GRIN3A,L3-5 RORB MKX GRIN3A,Cajal-retzius cells,7.8125,Somatostatin interneuron,7.2727272727272725,Lake et al.science.in5,3.508771929824562
3405,OPC PDGFRA PCDH15,OPC PDGFRA PCDH15,Oligodendrocyte precursor cell,22.22222222222222,Oligodendrocyte progenitor cells,15.384615384615383,Oligodendrocyte progenitor cell,13.114754098360654
3406,Endo CLDN5 SLC7A5,Endo CLDN5 SLC7A5,Excitatory neuron,11.76470588235294,Pyramidal cells,9.411764705882355,Neuron,8.968609865470851
3407,Endo CLDN5 SLC7A5,Endo CLDN5 SLC7A5,Excitatory neuron,11.76470588235294,Pyramidal cells,9.411764705882355,Neuron,8.968609865470851
3408,Micro P2RY12 APBB1IP,Micro P2RY12 APBB1IP,Microglia,9.917355371900827,Microglial-specific cell,7.6923076923076925,Homeostatic microglial cell,7.142857142857142
3409,InN SST FREM1,InN SST FREM1,Purkinje neurons,9.174311926605505,Oligodendrocyte precursor cell,6.349206349206351,Neuron,5.381165919282512
3410,InN SST FREM1,InN SST FREM1,Purkinje neurons,9.174311926605505,Oligodendrocyte precursor cell,6.349206349206351,Neuron,5.381165919282512
3411,Endo CLDN5 SLC7A5,Endo CLDN5 SLC7A5,Excitatory neuron,11.76470588235294,Pyramidal cells,9.411764705882355,Neuron,8.968609865470851
3412,Endo CLDN5 SLC7A5,Endo CLDN5 SLC7A5,Excitatory neuron,11.76470588235294,Pyramidal cells,9.411764705882355,Neuron,8.968609865470851
3413,PC P2RY14 GRM8,PC P2RY14 GRM8,Pericyte,8.695652173913043,Endothelial cell,7.692307692307692,Mural cell,7.017543859649124
3414,Endo CLDN5 SLC7A5,Endo CLDN5 SLC7A5,Excitatory neuron,11.76470588235294,Pyramidal cells,9.411764705882355,Neuron,8.968609865470851
3415,Endo CLDN5 SLC7A5,Endo CLDN5 SLC7A5,Excitatory neuron,11.76470588235294,Pyramidal cells,9.411764705882355,Neuron,8.968609865470851
3416,Endo CLDN5 SLC7A5,Endo CLDN5 SLC7A5,Excitatory neuron,11.76470588235294,Pyramidal cells,9.411764705882355,Neuron,8.968609865470851
3417,OPC PDGFRA PCDH15,OPC PDGFRA PCDH15,Oligodendrocyte precursor cell,22.22222222222222,Oligodendrocyte progenitor cells,15.384615384615383,Oligodendrocyte progenitor cell,13.114754098360654
3418,Endo CLDN5 SLC7A5,Endo CLDN5 SLC7A5,Excitatory neuron,11.76470588235294,Pyramidal cells,9.411764705882355,Neuron,8.968609865470851
3419,InN SST FREM1,InN SST FREM1,Purkinje neurons,9.174311926605505,Oligodendrocyte precursor cell,6.349206349206351,Neuron,5.381165919282512
3420,Endo CLDN5 SLC7A5,Endo CLDN5 SLC7A5,Excitatory neuron,11.76470588235294,Pyramidal cells,9.411764705882355,Neuron,8.968609865470851
3421,Endo CLDN5 SLC7A5,Endo CLDN5 SLC7A5,Excitatory neuron,11.76470588235294,Pyramidal cells,9.411764705882355,Neuron,8.968609865470851
3422,InN LAMP5 BMP7,InN LAMP5 BMP7,Lake et al.science.in4,7.142857142857142,Bergmann glia,6.593406593406592,Gabaergic neurons,6.153846153846153
3423,Endo CLDN5 SLC7A5,Endo CLDN5 SLC7A5,Excitatory neuron,11.76470588235294,Pyramidal cells,9.411764705882355,Neuron,8.968609865470851
3424,Endo CLDN5 SLC7A5,Endo CLDN5 SLC7A5,Excitatory neuron,11.76470588235294,Pyramidal cells,9.411764705882355,Neuron,8.968609865470851
3425,Endo CLDN5 SLC7A5,Endo CLDN5 SLC7A5,Excitatory neuron,11.76470588235294,Pyramidal cells,9.411764705882355,Neuron,8.968609865470851
3426,Endo CLDN5 SLC7A5,Endo CLDN5 SLC7A5,Excitatory neuron,11.76470588235294,Pyramidal cells,9.411764705882355,Neuron,8.968609865470851
3427,Endo CLDN5 SLC7A5,Endo CLDN5 SLC7A5,Excitatory neuron,11.76470588235294,Pyramidal cells,9.411764705882355,Neuron,8.968609865470851
3428,OPC PDGFRA PCDH15,OPC PDGFRA PCDH15,Oligodendrocyte precursor cell,22.22222222222222,Oligodendrocyte progenitor cells,15.384615384615383,Oligodendrocyte progenitor cell,13.114754098360654
3429,L3-5 RORB MKX GRIN3A,L3-5 RORB MKX GRIN3A,Cajal-retzius cells,7.8125,Somatostatin interneuron,7.2727272727272725,Lake et al.science.in5,3.508771929824562
3430,Endo CLDN5 SLC7A5,Endo CLDN5 SLC7A5,Excitatory neuron,11.76470588235294,Pyramidal cells,9.411764705882355,Neuron,8.968609865470851
3431,Astro AQP4 SLC1A2,Astro AQP4 SLC1A2,Astrocyte,6.94980694980695,Stem cell,5.47945205479452,Satellite glial cells,5.405405405405405
3432,Micro P2RY12 APBB1IP,Micro P2RY12 APBB1IP,Microglia,9.917355371900827,Microglial-specific cell,7.6923076923076925,Homeostatic microglial cell,7.142857142857142
3433,Astro AQP4 SLC1A2,Astro AQP4 SLC1A2,Astrocyte,6.94980694980695,Stem cell,5.47945205479452,Satellite glial cells,5.405405405405405
3434,Endo CLDN5 SLC7A5,Endo CLDN5 SLC7A5,Excitatory neuron,11.76470588235294,Pyramidal cells,9.411764705882355,Neuron,8.968609865470851
3435,Endo CLDN5 SLC7A5,Endo CLDN5 SLC7A5,Excitatory neuron,11.76470588235294,Pyramidal cells,9.411764705882355,Neuron,8.968609865470851
3436,Endo CLDN5 SLC7A5,Endo CLDN5 SLC7A5,Excitatory neuron,11.76470588235294,Pyramidal cells,9.411764705882355,Neuron,8.968609865470851
3437,Endo CLDN5 SLC7A5,Endo CLDN5 SLC7A5,Excitatory neuron,11.76470588235294,Pyramidal cells,9.411764705882355,Neuron,8.968609865470851
3438,Endo CLDN5 SLC7A5,Endo CLDN5 SLC7A5,Excitatory neuron,11.76470588235294,Pyramidal cells,9.411764705882355,Neuron,8.968609865470851
3439,InN SST FREM1,InN SST FREM1,Purkinje neurons,9.174311926605505,Oligodendrocyte precursor cell,6.349206349206351,Neuron,5.381165919282512
3440,Endo CLDN5 SLC7A5,Endo CLDN5 SLC7A5,Excitatory neuron,11.76470588235294,Pyramidal cells,9.411764705882355,Neuron,8.968609865470851
3441,Endo CLDN5 SLC7A5,Endo CLDN5 SLC7A5,Excitatory neuron,11.76470588235294,Pyramidal cells,9.411764705882355,Neuron,8.968609865470851
3442,Endo CLDN5 SLC7A5,Endo CLDN5 SLC7A5,Excitatory neuron,11.76470588235294,Pyramidal cells,9.411764705882355,Neuron,8.968609865470851
3443,L6 FEZF2 NPFFR2 KCNK2,L6 FEZF2 NPFFR2 KCNK2,Lake et al.science.ex6,16.666666666666664,Somatostatin interneuron,3.6363636363636362,Lake et al.science.in3,3.1746031746031753
3444,Oligo MOG OPALIN,Oligo MOG OPALIN,Oligodendrocytes,11.594202898550725,Oligodendrocyte,9.44206008583691,Mature oligodendrocyte,7.2727272727272725
3445,Astro AQP4 SLC1A2,Astro AQP4 SLC1A2,Astrocyte,6.94980694980695,Stem cell,5.47945205479452,Satellite glial cells,5.405405405405405
3446,Endo CLDN5 SLC7A5,Endo CLDN5 SLC7A5,Excitatory neuron,11.76470588235294,Pyramidal cells,9.411764705882355,Neuron,8.968609865470851
3447,Endo CLDN5 SLC7A5,Endo CLDN5 SLC7A5,Excitatory neuron,11.76470588235294,Pyramidal cells,9.411764705882355,Neuron,8.968609865470851
3448,Endo CLDN5 SLC7A5,Endo CLDN5 SLC7A5,Excitatory neuron,11.76470588235294,Pyramidal cells,9.411764705882355,Neuron,8.968609865470851
3449,Astro AQP4 SLC1A2,Astro AQP4 SLC1A2,Astrocyte,6.94980694980695,Stem cell,5.47945205479452,Satellite glial cells,5.405405405405405
3450,Endo CLDN5 SLC7A5,Endo CLDN5 SLC7A5,Excitatory neuron,11.76470588235294,Pyramidal cells,9.411764705882355,Neuron,8.968609865470851
3451,Oligo MOG OPALIN,Oligo MOG OPALIN,Oligodendrocytes,11.594202898550725,Oligodendrocyte,9.44206008583691,Mature oligodendrocyte,7.2727272727272725
3452,Oligo MOG OPALIN,Oligo MOG OPALIN,Oligodendrocytes,11.594202898550725,Oligodendrocyte,9.44206008583691,Mature oligodendrocyte,7.2727272727272725
3453,Endo CLDN5 SLC7A5,Endo CLDN5 SLC7A5,Excitatory neuron,11.76470588235294,Pyramidal cells,9.411764705882355,Neuron,8.968609865470851
3454,Endo CLDN5 SLC7A5,Endo CLDN5 SLC7A5,Excitatory neuron,11.76470588235294,Pyramidal cells,9.411764705882355,Neuron,8.968609865470851
3455,Endo CLDN5 SLC7A5,Endo CLDN5 SLC7A5,Excitatory neuron,11.76470588235294,Pyramidal cells,9.411764705882355,Neuron,8.968609865470851
3456,Endo CLDN5 SLC7A5,Endo CLDN5 SLC7A5,Excitatory neuron,11.76470588235294,Pyramidal cells,9.411764705882355,Neuron,8.968609865470851
3457,Endo CLDN5 SLC7A5,Endo CLDN5 SLC7A5,Excitatory neuron,11.76470588235294,Pyramidal cells,9.411764705882355,Neuron,8.968609865470851
3458,Endo CLDN5 SLC7A5,Endo CLDN5 SLC7A5,Excitatory neuron,11.76470588235294,Pyramidal cells,9.411764705882355,Neuron,8.968609865470851
3459,Oligo MOG OPALIN,Oligo MOG OPALIN,Oligodendrocytes,11.594202898550725,Oligodendrocyte,9.44206008583691,Mature oligodendrocyte,7.2727272727272725
3460,Endo CLDN5 SLC7A5,Endo CLDN5 SLC7A5,Excitatory neuron,11.76470588235294,Pyramidal cells,9.411764705882355,Neuron,8.968609865470851
3461,Endo CLDN5 SLC7A5,Endo CLDN5 SLC7A5,Excitatory neuron,11.76470588235294,Pyramidal cells,9.411764705882355,Neuron,8.968609865470851
3462,Endo CLDN5 SLC7A5,Endo CLDN5 SLC7A5,Excitatory neuron,11.76470588235294,Pyramidal cells,9.411764705882355,Neuron,8.968609865470851
3463,Oligo MOG OPALIN,Oligo MOG OPALIN,Oligodendrocytes,11.594202898550725,Oligodendrocyte,9.44206008583691,Mature oligodendrocyte,7.2727272727272725
3464,Oligo MOG OPALIN,Oligo MOG OPALIN,Oligodendrocytes,11.594202898550725,Oligodendrocyte,9.44206008583691,Mature oligodendrocyte,7.2727272727272725
3465,Endo CLDN5 SLC7A5,Endo CLDN5 SLC7A5,Excitatory neuron,11.76470588235294,Pyramidal cells,9.411764705882355,Neuron,8.968609865470851
3466,InN VIP HS3ST3B1,InN VIP HS3ST3B1,Purkinje neurons,7.339449541284404,Neuroblasts,6.0,Lake et al.science.ex8,5.5045871559633035
3467,Micro P2RY12 APBB1IP,Micro P2RY12 APBB1IP,Microglia,9.917355371900827,Microglial-specific cell,7.6923076923076925,Homeostatic microglial cell,7.142857142857142
3468,Endo CLDN5 SLC7A5,Endo CLDN5 SLC7A5,Excitatory neuron,11.76470588235294,Pyramidal cells,9.411764705882355,Neuron,8.968609865470851
3469,Oligo MOG OPALIN,Oligo MOG OPALIN,Oligodendrocytes,11.594202898550725,Oligodendrocyte,9.44206008583691,Mature oligodendrocyte,7.2727272727272725
3470,Endo CLDN5 SLC7A5,Endo CLDN5 SLC7A5,Excitatory neuron,11.76470588235294,Pyramidal cells,9.411764705882355,Neuron,8.968609865470851
3471,L2-3 CUX2 ACVR1C THSD7A,L2-3 CUX2 ACVR1C THSD7A,Somatostatin interneuron,3.6363636363636362,Neurons,3.1620553359683794,Cajal-retzius cells,3.125
3472,Endo CLDN5 SLC7A5,Endo CLDN5 SLC7A5,Excitatory neuron,11.76470588235294,Pyramidal cells,9.411764705882355,Neuron,8.968609865470851
3473,L6 FEZF2 NPFFR2 KCNK2,L6 FEZF2 NPFFR2 KCNK2,Lake et al.science.ex6,16.666666666666664,Somatostatin interneuron,3.6363636363636362,Lake et al.science.in3,3.1746031746031753
3474,L6 FEZF2 NPFFR2 KCNK2,L6 FEZF2 NPFFR2 KCNK2,Lake et al.science.ex6,16.666666666666664,Somatostatin interneuron,3.6363636363636362,Lake et al.science.in3,3.1746031746031753
3475,Endo CLDN5 SLC7A5,Endo CLDN5 SLC7A5,Excitatory neuron,11.76470588235294,Pyramidal cells,9.411764705882355,Neuron,8.968609865470851
3476,Endo CLDN5 SLC7A5,Endo CLDN5 SLC7A5,Excitatory neuron,11.76470588235294,Pyramidal cells,9.411764705882355,Neuron,8.968609865470851
3477,Endo CLDN5 SLC7A5,Endo CLDN5 SLC7A5,Excitatory neuron,11.76470588235294,Pyramidal cells,9.411764705882355,Neuron,8.968609865470851
3478,L6 FEZF2 NPFFR2 KCNK2,L6 FEZF2 NPFFR2 KCNK2,Lake et al.science.ex6,16.666666666666664,Somatostatin interneuron,3.6363636363636362,Lake et al.science.in3,3.1746031746031753
3479,Endo CLDN5 SLC7A5,Endo CLDN5 SLC7A5,Excitatory neuron,11.76470588235294,Pyramidal cells,9.411764705882355,Neuron,8.968609865470851
3480,Endo CLDN5 SLC7A5,Endo CLDN5 SLC7A5,Excitatory neuron,11.76470588235294,Pyramidal cells,9.411764705882355,Neuron,8.968609865470851
3481,Astro AQP4 SLC1A2,Astro AQP4 SLC1A2,Astrocyte,6.94980694980695,Stem cell,5.47945205479452,Satellite glial cells,5.405405405405405
3482,L2-3 CUX2 ACVR1C THSD7A,L2-3 CUX2 ACVR1C THSD7A,Somatostatin interneuron,3.6363636363636362,Neurons,3.1620553359683794,Cajal-retzius cells,3.125
3483,Endo CLDN5 SLC7A5,Endo CLDN5 SLC7A5,Excitatory neuron,11.76470588235294,Pyramidal cells,9.411764705882355,Neuron,8.968609865470851
3484,L2-3 CUX2 ACVR1C THSD7A,L2-3 CUX2 ACVR1C THSD7A,Somatostatin interneuron,3.6363636363636362,Neurons,3.1620553359683794,Cajal-retzius cells,3.125
3485,InN PVALB HPSE,InN PVALB HPSE,Parvalbumin interneuron,7.4074074074074066,Lake et al.science.ex6,7.1428571428571415,Purkinje neurons,5.5045871559633035
3486,L2-3 CUX2 ACVR1C THSD7A,L2-3 CUX2 ACVR1C THSD7A,Somatostatin interneuron,3.6363636363636362,Neurons,3.1620553359683794,Cajal-retzius cells,3.125
3487,Endo CLDN5 SLC7A5,Endo CLDN5 SLC7A5,Excitatory neuron,11.76470588235294,Pyramidal cells,9.411764705882355,Neuron,8.968609865470851
3488,Endo CLDN5 SLC7A5,Endo CLDN5 SLC7A5,Excitatory neuron,11.76470588235294,Pyramidal cells,9.411764705882355,Neuron,8.968609865470851
3489,Endo CLDN5 SLC7A5,Endo CLDN5 SLC7A5,Excitatory neuron,11.76470588235294,Pyramidal cells,9.411764705882355,Neuron,8.968609865470851
3490,Endo CLDN5 SLC7A5,Endo CLDN5 SLC7A5,Excitatory neuron,11.76470588235294,Pyramidal cells,9.411764705882355,Neuron,8.968609865470851
3491,Endo CLDN5 SLC7A5,Endo CLDN5 SLC7A5,Excitatory neuron,11.76470588235294,Pyramidal cells,9.411764705882355,Neuron,8.968609865470851
3492,Endo CLDN5 SLC7A5,Endo CLDN5 SLC7A5,Excitatory neuron,11.76470588235294,Pyramidal cells,9.411764705882355,Neuron,8.968609865470851
3493,Endo CLDN5 SLC7A5,Endo CLDN5 SLC7A5,Excitatory neuron,11.76470588235294,Pyramidal cells,9.411764705882355,Neuron,8.968609865470851
3494,L3-5 RORB MKX GRIN3A,L3-5 RORB MKX GRIN3A,Cajal-retzius cells,7.8125,Somatostatin interneuron,7.2727272727272725,Lake et al.science.in5,3.508771929824562
3495,Oligo MOG OPALIN,Oligo MOG OPALIN,Oligodendrocytes,11.594202898550725,Oligodendrocyte,9.44206008583691,Mature oligodendrocyte,7.2727272727272725
3496,Oligo MOG OPALIN,Oligo MOG OPALIN,Oligodendrocytes,11.594202898550725,Oligodendrocyte,9.44206008583691,Mature oligodendrocyte,7.2727272727272725
3497,L3-5 RORB GABRG1 KCNH7,L3-5 RORB GABRG1 KCNH7,Somatostatin interneuron,3.6363636363636362,Lake et al.science.in5,3.508771929824562,Lake et al.science.ex5,3.389830508474577
3498,Astro AQP4 SLC1A2,Astro AQP4 SLC1A2,Astrocyte,6.94980694980695,Stem cell,5.47945205479452,Satellite glial cells,5.405405405405405
3499,Endo CLDN5 SLC7A5,Endo CLDN5 SLC7A5,Excitatory neuron,11.76470588235294,Pyramidal cells,9.411764705882355,Neuron,8.968609865470851
3500,Endo CLDN5 SLC7A5,Endo CLDN5 SLC7A5,Excitatory neuron,11.76470588235294,Pyramidal cells,9.411764705882355,Neuron,8.968609865470851
3501,Endo CLDN5 SLC7A5,Endo CLDN5 SLC7A5,Excitatory neuron,11.76470588235294,Pyramidal cells,9.411764705882355,Neuron,8.968609865470851
3502,Endo CLDN5 SLC7A5,Endo CLDN5 SLC7A5,Excitatory neuron,11.76470588235294,Pyramidal cells,9.411764705882355,Neuron,8.968609865470851
3503,Endo CLDN5 SLC7A5,Endo CLDN5 SLC7A5,Excitatory neuron,11.76470588235294,Pyramidal cells,9.411764705882355,Neuron,8.968609865470851
3504,Endo CLDN5 SLC7A5,Endo CLDN5 SLC7A5,Excitatory neuron,11.76470588235294,Pyramidal cells,9.411764705882355,Neuron,8.968609865470851
3505,Endo CLDN5 SLC7A5,Endo CLDN5 SLC7A5,Excitatory neuron,11.76470588235294,Pyramidal cells,9.411764705882355,Neuron,8.968609865470851
3506,Endo CLDN5 SLC7A5,Endo CLDN5 SLC7A5,Excitatory neuron,11.76470588235294,Pyramidal cells,9.411764705882355,Neuron,8.968609865470851
3507,Endo CLDN5 SLC7A5,Endo CLDN5 SLC7A5,Excitatory neuron,11.76470588235294,Pyramidal cells,9.411764705882355,Neuron,8.968609865470851
3508,InN SST FREM1,InN SST FREM1,Purkinje neurons,9.174311926605505,Oligodendrocyte precursor cell,6.349206349206351,Neuron,5.381165919282512
3509,Endo CLDN5 SLC7A5,Endo CLDN5 SLC7A5,Excitatory neuron,11.76470588235294,Pyramidal cells,9.411764705882355,Neuron,8.968609865470851
3510,Oligo MOG OPALIN,Oligo MOG OPALIN,Oligodendrocytes,11.594202898550725,Oligodendrocyte,9.44206008583691,Mature oligodendrocyte,7.2727272727272725
3511,Endo CLDN5 SLC7A5,Endo CLDN5 SLC7A5,Excitatory neuron,11.76470588235294,Pyramidal cells,9.411764705882355,Neuron,8.968609865470851
3512,Endo CLDN5 SLC7A5,Endo CLDN5 SLC7A5,Excitatory neuron,11.76470588235294,Pyramidal cells,9.411764705882355,Neuron,8.968609865470851
3513,InN PVALB HPSE,InN PVALB HPSE,Parvalbumin interneuron,7.4074074074074066,Lake et al.science.ex6,7.1428571428571415,Purkinje neurons,5.5045871559633035
3514,Endo CLDN5 SLC7A5,Endo CLDN5 SLC7A5,Excitatory neuron,11.76470588235294,Pyramidal cells,9.411764705882355,Neuron,8.968609865470851
3515,Endo CLDN5 SLC7A5,Endo CLDN5 SLC7A5,Excitatory neuron,11.76470588235294,Pyramidal cells,9.411764705882355,Neuron,8.968609865470851
3516,Endo CLDN5 SLC7A5,Endo CLDN5 SLC7A5,Excitatory neuron,11.76470588235294,Pyramidal cells,9.411764705882355,Neuron,8.968609865470851
3517,InN VIP HS3ST3B1,InN VIP HS3ST3B1,Purkinje neurons,7.339449541284404,Neuroblasts,6.0,Lake et al.science.ex8,5.5045871559633035
3518,Endo CLDN5 SLC7A5,Endo CLDN5 SLC7A5,Excitatory neuron,11.76470588235294,Pyramidal cells,9.411764705882355,Neuron,8.968609865470851
3519,Endo CLDN5 SLC7A5,Endo CLDN5 SLC7A5,Excitatory neuron,11.76470588235294,Pyramidal cells,9.411764705882355,Neuron,8.968609865470851
3520,PC P2RY14 GRM8,PC P2RY14 GRM8,Pericyte,8.695652173913043,Endothelial cell,7.692307692307692,Mural cell,7.017543859649124
3521,Endo CLDN5 SLC7A5,Endo CLDN5 SLC7A5,Excitatory neuron,11.76470588235294,Pyramidal cells,9.411764705882355,Neuron,8.968609865470851
3522,L2-3 CUX2 ACVR1C THSD7A,L2-3 CUX2 ACVR1C THSD7A,Somatostatin interneuron,3.6363636363636362,Neurons,3.1620553359683794,Cajal-retzius cells,3.125
3523,Endo CLDN5 SLC7A5,Endo CLDN5 SLC7A5,Excitatory neuron,11.76470588235294,Pyramidal cells,9.411764705882355,Neuron,8.968609865470851
3524,Endo CLDN5 SLC7A5,Endo CLDN5 SLC7A5,Excitatory neuron,11.76470588235294,Pyramidal cells,9.411764705882355,Neuron,8.968609865470851
3525,Endo CLDN5 SLC7A5,Endo CLDN5 SLC7A5,Excitatory neuron,11.76470588235294,Pyramidal cells,9.411764705882355,Neuron,8.968609865470851
3526,L3-5 RORB MKX GRIN3A,L3-5 RORB MKX GRIN3A,Cajal-retzius cells,7.8125,Somatostatin interneuron,7.2727272727272725,Lake et al.science.in5,3.508771929824562
3527,Endo CLDN5 SLC7A5,Endo CLDN5 SLC7A5,Excitatory neuron,11.76470588235294,Pyramidal cells,9.411764705882355,Neuron,8.968609865470851
3528,Endo CLDN5 SLC7A5,Endo CLDN5 SLC7A5,Excitatory neuron,11.76470588235294,Pyramidal cells,9.411764705882355,Neuron,8.968609865470851
3529,Micro P2RY12 APBB1IP,Micro P2RY12 APBB1IP,Microglia,9.917355371900827,Microglial-specific cell,7.6923076923076925,Homeostatic microglial cell,7.142857142857142
3530,InN VIP HS3ST3B1,InN VIP HS3ST3B1,Purkinje neurons,7.339449541284404,Neuroblasts,6.0,Lake et al.science.ex8,5.5045871559633035
3531,Endo CLDN5 SLC7A5,Endo CLDN5 SLC7A5,Excitatory neuron,11.76470588235294,Pyramidal cells,9.411764705882355,Neuron,8.968609865470851
3532,Endo CLDN5 SLC7A5,Endo CLDN5 SLC7A5,Excitatory neuron,11.76470588235294,Pyramidal cells,9.411764705882355,Neuron,8.968609865470851
3533,Oligo MOG OPALIN,Oligo MOG OPALIN,Oligodendrocytes,11.594202898550725,Oligodendrocyte,9.44206008583691,Mature oligodendrocyte,7.2727272727272725
3534,Oligo MOG OPALIN,Oligo MOG OPALIN,Oligodendrocytes,11.594202898550725,Oligodendrocyte,9.44206008583691,Mature oligodendrocyte,7.2727272727272725
3535,L6 OPRK1 THEMIS RGS6,L6 OPRK1 THEMIS RGS6,Retinal ganglion cells,5.042016806722689,Neuron,4.484304932735426,Lake et al.science.ex8,3.669724770642202
3536,InN PVALB HPSE,InN PVALB HPSE,Parvalbumin interneuron,7.4074074074074066,Lake et al.science.ex6,7.1428571428571415,Purkinje neurons,5.5045871559633035
3537,L2-3 CUX2 ACVR1C THSD7A,L2-3 CUX2 ACVR1C THSD7A,Somatostatin interneuron,3.6363636363636362,Neurons,3.1620553359683794,Cajal-retzius cells,3.125
3538,Endo CLDN5 SLC7A5,Endo CLDN5 SLC7A5,Excitatory neuron,11.76470588235294,Pyramidal cells,9.411764705882355,Neuron,8.968609865470851
3539,Endo CLDN5 SLC7A5,Endo CLDN5 SLC7A5,Excitatory neuron,11.76470588235294,Pyramidal cells,9.411764705882355,Neuron,8.968609865470851
3540,Oligo MOG OPALIN,Oligo MOG OPALIN,Oligodendrocytes,11.594202898550725,Oligodendrocyte,9.44206008583691,Mature oligodendrocyte,7.2727272727272725
3541,Oligo MOG OPALIN,Oligo MOG OPALIN,Oligodendrocytes,11.594202898550725,Oligodendrocyte,9.44206008583691,Mature oligodendrocyte,7.2727272727272725
3542,Endo CLDN5 SLC7A5,Endo CLDN5 SLC7A5,Excitatory neuron,11.76470588235294,Pyramidal cells,9.411764705882355,Neuron,8.968609865470851
3543,OPC PDGFRA PCDH15,OPC PDGFRA PCDH15,Oligodendrocyte precursor cell,22.22222222222222,Oligodendrocyte progenitor cells,15.384615384615383,Oligodendrocyte progenitor cell,13.114754098360654
3544,L2-3 CUX2 ACVR1C THSD7A,L2-3 CUX2 ACVR1C THSD7A,Somatostatin interneuron,3.6363636363636362,Neurons,3.1620553359683794,Cajal-retzius cells,3.125
3545,Endo CLDN5 SLC7A5,Endo CLDN5 SLC7A5,Excitatory neuron,11.76470588235294,Pyramidal cells,9.411764705882355,Neuron,8.968609865470851
3546,Oligo MOG OPALIN,Oligo MOG OPALIN,Oligodendrocytes,11.594202898550725,Oligodendrocyte,9.44206008583691,Mature oligodendrocyte,7.2727272727272725
3547,Endo CLDN5 SLC7A5,Endo CLDN5 SLC7A5,Excitatory neuron,11.76470588235294,Pyramidal cells,9.411764705882355,Neuron,8.968609865470851
3548,Astro AQP4 SLC1A2,Astro AQP4 SLC1A2,Astrocyte,6.94980694980695,Stem cell,5.47945205479452,Satellite glial cells,5.405405405405405
3549,Endo CLDN5 SLC7A5,Endo CLDN5 SLC7A5,Excitatory neuron,11.76470588235294,Pyramidal cells,9.411764705882355,Neuron,8.968609865470851
3550,Micro P2RY12 APBB1IP,Micro P2RY12 APBB1IP,Microglia,9.917355371900827,Microglial-specific cell,7.6923076923076925,Homeostatic microglial cell,7.142857142857142
3551,Endo CLDN5 SLC7A5,Endo CLDN5 SLC7A5,Excitatory neuron,11.76470588235294,Pyramidal cells,9.411764705882355,Neuron,8.968609865470851
3552,OPC PDGFRA PCDH15,OPC PDGFRA PCDH15,Oligodendrocyte precursor cell,22.22222222222222,Oligodendrocyte progenitor cells,15.384615384615383,Oligodendrocyte progenitor cell,13.114754098360654
3553,Endo CLDN5 SLC7A5,Endo CLDN5 SLC7A5,Excitatory neuron,11.76470588235294,Pyramidal cells,9.411764705882355,Neuron,8.968609865470851
3554,OPC PDGFRA PCDH15,OPC PDGFRA PCDH15,Oligodendrocyte precursor cell,22.22222222222222,Oligodendrocyte progenitor cells,15.384615384615383,Oligodendrocyte progenitor cell,13.114754098360654
3555,Endo CLDN5 SLC7A5,Endo CLDN5 SLC7A5,Excitatory neuron,11.76470588235294,Pyramidal cells,9.411764705882355,Neuron,8.968609865470851
3556,Oligo MOG OPALIN,Oligo MOG OPALIN,Oligodendrocytes,11.594202898550725,Oligodendrocyte,9.44206008583691,Mature oligodendrocyte,7.2727272727272725
3557,OPC PDGFRA PCDH15,OPC PDGFRA PCDH15,Oligodendrocyte precursor cell,22.22222222222222,Oligodendrocyte progenitor cells,15.384615384615383,Oligodendrocyte progenitor cell,13.114754098360654
3558,InN SST FREM1,InN SST FREM1,Purkinje neurons,9.174311926605505,Oligodendrocyte precursor cell,6.349206349206351,Neuron,5.381165919282512
3559,InN SST FREM1,InN SST FREM1,Purkinje neurons,9.174311926605505,Oligodendrocyte precursor cell,6.349206349206351,Neuron,5.381165919282512
3560,Oligo MOG OPALIN,Oligo MOG OPALIN,Oligodendrocytes,11.594202898550725,Oligodendrocyte,9.44206008583691,Mature oligodendrocyte,7.2727272727272725
3561,PC P2RY14 GRM8,PC P2RY14 GRM8,Pericyte,8.695652173913043,Endothelial cell,7.692307692307692,Mural cell,7.017543859649124
3562,InN VIP HS3ST3B1,InN VIP HS3ST3B1,Purkinje neurons,7.339449541284404,Neuroblasts,6.0,Lake et al.science.ex8,5.5045871559633035
3563,OPC PDGFRA PCDH15,OPC PDGFRA PCDH15,Oligodendrocyte precursor cell,22.22222222222222,Oligodendrocyte progenitor cells,15.384615384615383,Oligodendrocyte progenitor cell,13.114754098360654
3564,L3-5 RORB GABRG1 KCNH7,L3-5 RORB GABRG1 KCNH7,Somatostatin interneuron,3.6363636363636362,Lake et al.science.in5,3.508771929824562,Lake et al.science.ex5,3.389830508474577
3565,Endo CLDN5 SLC7A5,Endo CLDN5 SLC7A5,Excitatory neuron,11.76470588235294,Pyramidal cells,9.411764705882355,Neuron,8.968609865470851
3566,Endo CLDN5 SLC7A5,Endo CLDN5 SLC7A5,Excitatory neuron,11.76470588235294,Pyramidal cells,9.411764705882355,Neuron,8.968609865470851
3567,Endo CLDN5 SLC7A5,Endo CLDN5 SLC7A5,Excitatory neuron,11.76470588235294,Pyramidal cells,9.411764705882355,Neuron,8.968609865470851
3568,Endo CLDN5 SLC7A5,Endo CLDN5 SLC7A5,Excitatory neuron,11.76470588235294,Pyramidal cells,9.411764705882355,Neuron,8.968609865470851
3569,L3-5 RORB MKX GRIN3A,L3-5 RORB MKX GRIN3A,Cajal-retzius cells,7.8125,Somatostatin interneuron,7.2727272727272725,Lake et al.science.in5,3.508771929824562
3570,Endo CLDN5 SLC7A5,Endo CLDN5 SLC7A5,Excitatory neuron,11.76470588235294,Pyramidal cells,9.411764705882355,Neuron,8.968609865470851
3571,Endo CLDN5 SLC7A5,Endo CLDN5 SLC7A5,Excitatory neuron,11.76470588235294,Pyramidal cells,9.411764705882355,Neuron,8.968609865470851
3572,Endo CLDN5 SLC7A5,Endo CLDN5 SLC7A5,Excitatory neuron,11.76470588235294,Pyramidal cells,9.411764705882355,Neuron,8.968609865470851
3573,Endo CLDN5 SLC7A5,Endo CLDN5 SLC7A5,Excitatory neuron,11.76470588235294,Pyramidal cells,9.411764705882355,Neuron,8.968609865470851
3574,Endo CLDN5 SLC7A5,Endo CLDN5 SLC7A5,Excitatory neuron,11.76470588235294,Pyramidal cells,9.411764705882355,Neuron,8.968609865470851
3575,PC P2RY14 GRM8,PC P2RY14 GRM8,Pericyte,8.695652173913043,Endothelial cell,7.692307692307692,Mural cell,7.017543859649124
3576,Endo CLDN5 SLC7A5,Endo CLDN5 SLC7A5,Excitatory neuron,11.76470588235294,Pyramidal cells,9.411764705882355,Neuron,8.968609865470851
3577,InN LAMP5 BMP7,InN LAMP5 BMP7,Lake et al.science.in4,7.142857142857142,Bergmann glia,6.593406593406592,Gabaergic neurons,6.153846153846153
3578,L6 FEZF2 NPFFR2 KCNK2,L6 FEZF2 NPFFR2 KCNK2,Lake et al.science.ex6,16.666666666666664,Somatostatin interneuron,3.6363636363636362,Lake et al.science.in3,3.1746031746031753
3579,Micro P2RY12 APBB1IP,Micro P2RY12 APBB1IP,Microglia,9.917355371900827,Microglial-specific cell,7.6923076923076925,Homeostatic microglial cell,7.142857142857142
3580,Endo CLDN5 SLC7A5,Endo CLDN5 SLC7A5,Excitatory neuron,11.76470588235294,Pyramidal cells,9.411764705882355,Neuron,8.968609865470851
3581,L2-3 CUX2 ACVR1C THSD7A,L2-3 CUX2 ACVR1C THSD7A,Somatostatin interneuron,3.6363636363636362,Neurons,3.1620553359683794,Cajal-retzius cells,3.125
3582,Micro P2RY12 APBB1IP,Micro P2RY12 APBB1IP,Microglia,9.917355371900827,Microglial-specific cell,7.6923076923076925,Homeostatic microglial cell,7.142857142857142
3583,L6 OPRK1 THEMIS RGS6,L6 OPRK1 THEMIS RGS6,Retinal ganglion cells,5.042016806722689,Neuron,4.484304932735426,Lake et al.science.ex8,3.669724770642202
3584,Astro AQP4 SLC1A2,Astro AQP4 SLC1A2,Astrocyte,6.94980694980695,Stem cell,5.47945205479452,Satellite glial cells,5.405405405405405
3585,Oligo MOG OPALIN,Oligo MOG OPALIN,Oligodendrocytes,11.594202898550725,Oligodendrocyte,9.44206008583691,Mature oligodendrocyte,7.2727272727272725
3586,Oligo MOG OPALIN,Oligo MOG OPALIN,Oligodendrocytes,11.594202898550725,Oligodendrocyte,9.44206008583691,Mature oligodendrocyte,7.2727272727272725
3587,Endo CLDN5 SLC7A5,Endo CLDN5 SLC7A5,Excitatory neuron,11.76470588235294,Pyramidal cells,9.411764705882355,Neuron,8.968609865470851
3588,Endo CLDN5 SLC7A5,Endo CLDN5 SLC7A5,Excitatory neuron,11.76470588235294,Pyramidal cells,9.411764705882355,Neuron,8.968609865470851
3589,Endo CLDN5 SLC7A5,Endo CLDN5 SLC7A5,Excitatory neuron,11.76470588235294,Pyramidal cells,9.411764705882355,Neuron,8.968609865470851
3590,Endo CLDN5 SLC7A5,Endo CLDN5 SLC7A5,Excitatory neuron,11.76470588235294,Pyramidal cells,9.411764705882355,Neuron,8.968609865470851
3591,Endo CLDN5 SLC7A5,Endo CLDN5 SLC7A5,Excitatory neuron,11.76470588235294,Pyramidal cells,9.411764705882355,Neuron,8.968609865470851
3592,Endo CLDN5 SLC7A5,Endo CLDN5 SLC7A5,Excitatory neuron,11.76470588235294,Pyramidal cells,9.411764705882355,Neuron,8.968609865470851
3593,PC P2RY14 GRM8,PC P2RY14 GRM8,Pericyte,8.695652173913043,Endothelial cell,7.692307692307692,Mural cell,7.017543859649124
3594,Endo CLDN5 SLC7A5,Endo CLDN5 SLC7A5,Excitatory neuron,11.76470588235294,Pyramidal cells,9.411764705882355,Neuron,8.968609865470851
3595,Endo CLDN5 SLC7A5,Endo CLDN5 SLC7A5,Excitatory neuron,11.76470588235294,Pyramidal cells,9.411764705882355,Neuron,8.968609865470851
3596,Endo CLDN5 SLC7A5,Endo CLDN5 SLC7A5,Excitatory neuron,11.76470588235294,Pyramidal cells,9.411764705882355,Neuron,8.968609865470851
3597,Endo CLDN5 SLC7A5,Endo CLDN5 SLC7A5,Excitatory neuron,11.76470588235294,Pyramidal cells,9.411764705882355,Neuron,8.968609865470851
3598,Oligo MOG OPALIN,Oligo MOG OPALIN,Oligodendrocytes,11.594202898550725,Oligodendrocyte,9.44206008583691,Mature oligodendrocyte,7.2727272727272725
3599,Endo CLDN5 SLC7A5,Endo CLDN5 SLC7A5,Excitatory neuron,11.76470588235294,Pyramidal cells,9.411764705882355,Neuron,8.968609865470851
3600,Endo CLDN5 SLC7A5,Endo CLDN5 SLC7A5,Excitatory neuron,11.76470588235294,Pyramidal cells,9.411764705882355,Neuron,8.968609865470851
3601,Endo CLDN5 SLC7A5,Endo CLDN5 SLC7A5,Excitatory neuron,11.76470588235294,Pyramidal cells,9.411764705882355,Neuron,8.968609865470851
3602,L3-5 RORB MKX GRIN3A,L3-5 RORB MKX GRIN3A,Cajal-retzius cells,7.8125,Somatostatin interneuron,7.2727272727272725,Lake et al.science.in5,3.508771929824562
3603,Endo CLDN5 SLC7A5,Endo CLDN5 SLC7A5,Excitatory neuron,11.76470588235294,Pyramidal cells,9.411764705882355,Neuron,8.968609865470851
3604,Endo CLDN5 SLC7A5,Endo CLDN5 SLC7A5,Excitatory neuron,11.76470588235294,Pyramidal cells,9.411764705882355,Neuron,8.968609865470851
3605,L6 FEZF2 NPFFR2 KCNK2,L6 FEZF2 NPFFR2 KCNK2,Lake et al.science.ex6,16.666666666666664,Somatostatin interneuron,3.6363636363636362,Lake et al.science.in3,3.1746031746031753
3606,Astro AQP4 SLC1A2,Astro AQP4 SLC1A2,Astrocyte,6.94980694980695,Stem cell,5.47945205479452,Satellite glial cells,5.405405405405405
3607,Astro AQP4 SLC1A2,Astro AQP4 SLC1A2,Astrocyte,6.94980694980695,Stem cell,5.47945205479452,Satellite glial cells,5.405405405405405
3608,Endo CLDN5 SLC7A5,Endo CLDN5 SLC7A5,Excitatory neuron,11.76470588235294,Pyramidal cells,9.411764705882355,Neuron,8.968609865470851
3609,Endo CLDN5 SLC7A5,Endo CLDN5 SLC7A5,Excitatory neuron,11.76470588235294,Pyramidal cells,9.411764705882355,Neuron,8.968609865470851
3610,Endo CLDN5 SLC7A5,Endo CLDN5 SLC7A5,Excitatory neuron,11.76470588235294,Pyramidal cells,9.411764705882355,Neuron,8.968609865470851
3611,Micro P2RY12 APBB1IP,Micro P2RY12 APBB1IP,Microglia,9.917355371900827,Microglial-specific cell,7.6923076923076925,Homeostatic microglial cell,7.142857142857142
3612,Endo CLDN5 SLC7A5,Endo CLDN5 SLC7A5,Excitatory neuron,11.76470588235294,Pyramidal cells,9.411764705882355,Neuron,8.968609865470851
3613,Endo CLDN5 SLC7A5,Endo CLDN5 SLC7A5,Excitatory neuron,11.76470588235294,Pyramidal cells,9.411764705882355,Neuron,8.968609865470851
3614,Endo CLDN5 SLC7A5,Endo CLDN5 SLC7A5,Excitatory neuron,11.76470588235294,Pyramidal cells,9.411764705882355,Neuron,8.968609865470851
3615,Oligo MOG OPALIN,Oligo MOG OPALIN,Oligodendrocytes,11.594202898550725,Oligodendrocyte,9.44206008583691,Mature oligodendrocyte,7.2727272727272725
3616,Endo CLDN5 SLC7A5,Endo CLDN5 SLC7A5,Excitatory neuron,11.76470588235294,Pyramidal cells,9.411764705882355,Neuron,8.968609865470851
3617,L2-3 CUX2 ACVR1C THSD7A,L2-3 CUX2 ACVR1C THSD7A,Somatostatin interneuron,3.6363636363636362,Neurons,3.1620553359683794,Cajal-retzius cells,3.125
3618,PC P2RY14 GRM8,PC P2RY14 GRM8,Pericyte,8.695652173913043,Endothelial cell,7.692307692307692,Mural cell,7.017543859649124
3619,Oligo MOG OPALIN,Oligo MOG OPALIN,Oligodendrocytes,11.594202898550725,Oligodendrocyte,9.44206008583691,Mature oligodendrocyte,7.2727272727272725
3620,Endo CLDN5 SLC7A5,Endo CLDN5 SLC7A5,Excitatory neuron,11.76470588235294,Pyramidal cells,9.411764705882355,Neuron,8.968609865470851
3621,Endo CLDN5 SLC7A5,Endo CLDN5 SLC7A5,Excitatory neuron,11.76470588235294,Pyramidal cells,9.411764705882355,Neuron,8.968609865470851
3622,L2-3 CUX2 ACVR1C THSD7A,L2-3 CUX2 ACVR1C THSD7A,Somatostatin interneuron,3.6363636363636362,Neurons,3.1620553359683794,Cajal-retzius cells,3.125
3623,Oligo MOG OPALIN,Oligo MOG OPALIN,Oligodendrocytes,11.594202898550725,Oligodendrocyte,9.44206008583691,Mature oligodendrocyte,7.2727272727272725
3624,Oligo MOG OPALIN,Oligo MOG OPALIN,Oligodendrocytes,11.594202898550725,Oligodendrocyte,9.44206008583691,Mature oligodendrocyte,7.2727272727272725
3625,Astro AQP4 SLC1A2,Astro AQP4 SLC1A2,Astrocyte,6.94980694980695,Stem cell,5.47945205479452,Satellite glial cells,5.405405405405405
3626,Endo CLDN5 SLC7A5,Endo CLDN5 SLC7A5,Excitatory neuron,11.76470588235294,Pyramidal cells,9.411764705882355,Neuron,8.968609865470851
3627,Oligo MOG OPALIN,Oligo MOG OPALIN,Oligodendrocytes,11.594202898550725,Oligodendrocyte,9.44206008583691,Mature oligodendrocyte,7.2727272727272725
3628,Endo CLDN5 SLC7A5,Endo CLDN5 SLC7A5,Excitatory neuron,11.76470588235294,Pyramidal cells,9.411764705882355,Neuron,8.968609865470851
3629,InN PVALB HPSE,InN PVALB HPSE,Parvalbumin interneuron,7.4074074074074066,Lake et al.science.ex6,7.1428571428571415,Purkinje neurons,5.5045871559633035
3630,Endo CLDN5 SLC7A5,Endo CLDN5 SLC7A5,Excitatory neuron,11.76470588235294,Pyramidal cells,9.411764705882355,Neuron,8.968609865470851
3631,Endo CLDN5 SLC7A5,Endo CLDN5 SLC7A5,Excitatory neuron,11.76470588235294,Pyramidal cells,9.411764705882355,Neuron,8.968609865470851
3632,L2-3 CUX2 ACVR1C THSD7A,L2-3 CUX2 ACVR1C THSD7A,Somatostatin interneuron,3.6363636363636362,Neurons,3.1620553359683794,Cajal-retzius cells,3.125
3633,Endo CLDN5 SLC7A5,Endo CLDN5 SLC7A5,Excitatory neuron,11.76470588235294,Pyramidal cells,9.411764705882355,Neuron,8.968609865470851
3634,Endo CLDN5 SLC7A5,Endo CLDN5 SLC7A5,Excitatory neuron,11.76470588235294,Pyramidal cells,9.411764705882355,Neuron,8.968609865470851
3635,Endo CLDN5 SLC7A5,Endo CLDN5 SLC7A5,Excitatory neuron,11.76470588235294,Pyramidal cells,9.411764705882355,Neuron,8.968609865470851
3636,Endo CLDN5 SLC7A5,Endo CLDN5 SLC7A5,Excitatory neuron,11.76470588235294,Pyramidal cells,9.411764705882355,Neuron,8.968609865470851
3637,L6 OPRK1 THEMIS RGS6,L6 OPRK1 THEMIS RGS6,Retinal ganglion cells,5.042016806722689,Neuron,4.484304932735426,Lake et al.science.ex8,3.669724770642202
3638,Endo CLDN5 SLC7A5,Endo CLDN5 SLC7A5,Excitatory neuron,11.76470588235294,Pyramidal cells,9.411764705882355,Neuron,8.968609865470851
3639,Oligo MOG OPALIN,Oligo MOG OPALIN,Oligodendrocytes,11.594202898550725,Oligodendrocyte,9.44206008583691,Mature oligodendrocyte,7.2727272727272725
3640,Endo CLDN5 SLC7A5,Endo CLDN5 SLC7A5,Excitatory neuron,11.76470588235294,Pyramidal cells,9.411764705882355,Neuron,8.968609865470851
3641,Endo CLDN5 SLC7A5,Endo CLDN5 SLC7A5,Excitatory neuron,11.76470588235294,Pyramidal cells,9.411764705882355,Neuron,8.968609865470851
3642,Endo CLDN5 SLC7A5,Endo CLDN5 SLC7A5,Excitatory neuron,11.76470588235294,Pyramidal cells,9.411764705882355,Neuron,8.968609865470851
3643,Endo CLDN5 SLC7A5,Endo CLDN5 SLC7A5,Excitatory neuron,11.76470588235294,Pyramidal cells,9.411764705882355,Neuron,8.968609865470851
3644,Endo CLDN5 SLC7A5,Endo CLDN5 SLC7A5,Excitatory neuron,11.76470588235294,Pyramidal cells,9.411764705882355,Neuron,8.968609865470851
3645,Endo CLDN5 SLC7A5,Endo CLDN5 SLC7A5,Excitatory neuron,11.76470588235294,Pyramidal cells,9.411764705882355,Neuron,8.968609865470851
3646,Oligo MOG OPALIN,Oligo MOG OPALIN,Oligodendrocytes,11.594202898550725,Oligodendrocyte,9.44206008583691,Mature oligodendrocyte,7.2727272727272725
3647,L6 OPRK1 THEMIS RGS6,L6 OPRK1 THEMIS RGS6,Retinal ganglion cells,5.042016806722689,Neuron,4.484304932735426,Lake et al.science.ex8,3.669724770642202
3648,Oligo MOG OPALIN,Oligo MOG OPALIN,Oligodendrocytes,11.594202898550725,Oligodendrocyte,9.44206008583691,Mature oligodendrocyte,7.2727272727272725
3649,Endo CLDN5 SLC7A5,Endo CLDN5 SLC7A5,Excitatory neuron,11.76470588235294,Pyramidal cells,9.411764705882355,Neuron,8.968609865470851
3650,Endo CLDN5 SLC7A5,Endo CLDN5 SLC7A5,Excitatory neuron,11.76470588235294,Pyramidal cells,9.411764705882355,Neuron,8.968609865470851
3651,Endo CLDN5 SLC7A5,Endo CLDN5 SLC7A5,Excitatory neuron,11.76470588235294,Pyramidal cells,9.411764705882355,Neuron,8.968609865470851
3652,L6 OPRK1 THEMIS RGS6,L6 OPRK1 THEMIS RGS6,Retinal ganglion cells,5.042016806722689,Neuron,4.484304932735426,Lake et al.science.ex8,3.669724770642202
3653,Oligo MOG OPALIN,Oligo MOG OPALIN,Oligodendrocytes,11.594202898550725,Oligodendrocyte,9.44206008583691,Mature oligodendrocyte,7.2727272727272725
3654,L6 FEZF2 NPFFR2 KCNK2,L6 FEZF2 NPFFR2 KCNK2,Lake et al.science.ex6,16.666666666666664,Somatostatin interneuron,3.6363636363636362,Lake et al.science.in3,3.1746031746031753
3655,Oligo MOG OPALIN,Oligo MOG OPALIN,Oligodendrocytes,11.594202898550725,Oligodendrocyte,9.44206008583691,Mature oligodendrocyte,7.2727272727272725
3656,L3-5 RORB MKX GRIN3A,L3-5 RORB MKX GRIN3A,Cajal-retzius cells,7.8125,Somatostatin interneuron,7.2727272727272725,Lake et al.science.in5,3.508771929824562
3657,Astro AQP4 SLC1A2,Astro AQP4 SLC1A2,Astrocyte,6.94980694980695,Stem cell,5.47945205479452,Satellite glial cells,5.405405405405405
3658,Endo CLDN5 SLC7A5,Endo CLDN5 SLC7A5,Excitatory neuron,11.76470588235294,Pyramidal cells,9.411764705882355,Neuron,8.968609865470851
3659,L3-5 RORB MKX GRIN3A,L3-5 RORB MKX GRIN3A,Cajal-retzius cells,7.8125,Somatostatin interneuron,7.2727272727272725,Lake et al.science.in5,3.508771929824562
3660,L2-3 CUX2 ACVR1C THSD7A,L2-3 CUX2 ACVR1C THSD7A,Somatostatin interneuron,3.6363636363636362,Neurons,3.1620553359683794,Cajal-retzius cells,3.125
3661,Endo CLDN5 SLC7A5,Endo CLDN5 SLC7A5,Excitatory neuron,11.76470588235294,Pyramidal cells,9.411764705882355,Neuron,8.968609865470851
3662,L2-3 CUX2 ACVR1C THSD7A,L2-3 CUX2 ACVR1C THSD7A,Somatostatin interneuron,3.6363636363636362,Neurons,3.1620553359683794,Cajal-retzius cells,3.125
3663,L6 FEZF2 NPFFR2 KCNK2,L6 FEZF2 NPFFR2 KCNK2,Lake et al.science.ex6,16.666666666666664,Somatostatin interneuron,3.6363636363636362,Lake et al.science.in3,3.1746031746031753
3664,Oligo MOG OPALIN,Oligo MOG OPALIN,Oligodendrocytes,11.594202898550725,Oligodendrocyte,9.44206008583691,Mature oligodendrocyte,7.2727272727272725
3665,L3-5 RORB GABRG1 KCNH7,L3-5 RORB GABRG1 KCNH7,Somatostatin interneuron,3.6363636363636362,Lake et al.science.in5,3.508771929824562,Lake et al.science.ex5,3.389830508474577
3666,L2-3 CUX2 ACVR1C THSD7A,L2-3 CUX2 ACVR1C THSD7A,Somatostatin interneuron,3.6363636363636362,Neurons,3.1620553359683794,Cajal-retzius cells,3.125
3667,Oligo MOG OPALIN,Oligo MOG OPALIN,Oligodendrocytes,11.594202898550725,Oligodendrocyte,9.44206008583691,Mature oligodendrocyte,7.2727272727272725
3668,Micro P2RY12 APBB1IP,Micro P2RY12 APBB1IP,Microglia,9.917355371900827,Microglial-specific cell,7.6923076923076925,Homeostatic microglial cell,7.142857142857142
3669,L3-5 RORB MKX GRIN3A,L3-5 RORB MKX GRIN3A,Cajal-retzius cells,7.8125,Somatostatin interneuron,7.2727272727272725,Lake et al.science.in5,3.508771929824562
3670,Endo CLDN5 SLC7A5,Endo CLDN5 SLC7A5,Excitatory neuron,11.76470588235294,Pyramidal cells,9.411764705882355,Neuron,8.968609865470851
3671,Endo CLDN5 SLC7A5,Endo CLDN5 SLC7A5,Excitatory neuron,11.76470588235294,Pyramidal cells,9.411764705882355,Neuron,8.968609865470851
3672,Endo CLDN5 SLC7A5,Endo CLDN5 SLC7A5,Excitatory neuron,11.76470588235294,Pyramidal cells,9.411764705882355,Neuron,8.968609865470851
3673,Oligo MOG OPALIN,Oligo MOG OPALIN,Oligodendrocytes,11.594202898550725,Oligodendrocyte,9.44206008583691,Mature oligodendrocyte,7.2727272727272725
3674,Oligo MOG OPALIN,Oligo MOG OPALIN,Oligodendrocytes,11.594202898550725,Oligodendrocyte,9.44206008583691,Mature oligodendrocyte,7.2727272727272725
3675,OPC PDGFRA PCDH15,OPC PDGFRA PCDH15,Oligodendrocyte precursor cell,22.22222222222222,Oligodendrocyte progenitor cells,15.384615384615383,Oligodendrocyte progenitor cell,13.114754098360654
3676,Endo CLDN5 SLC7A5,Endo CLDN5 SLC7A5,Excitatory neuron,11.76470588235294,Pyramidal cells,9.411764705882355,Neuron,8.968609865470851
3677,Endo CLDN5 SLC7A5,Endo CLDN5 SLC7A5,Excitatory neuron,11.76470588235294,Pyramidal cells,9.411764705882355,Neuron,8.968609865470851
3678,Endo CLDN5 SLC7A5,Endo CLDN5 SLC7A5,Excitatory neuron,11.76470588235294,Pyramidal cells,9.411764705882355,Neuron,8.968609865470851
3679,L2-3 CUX2 ACVR1C THSD7A,L2-3 CUX2 ACVR1C THSD7A,Somatostatin interneuron,3.6363636363636362,Neurons,3.1620553359683794,Cajal-retzius cells,3.125
3680,Endo CLDN5 SLC7A5,Endo CLDN5 SLC7A5,Excitatory neuron,11.76470588235294,Pyramidal cells,9.411764705882355,Neuron,8.968609865470851
3681,Endo CLDN5 SLC7A5,Endo CLDN5 SLC7A5,Excitatory neuron,11.76470588235294,Pyramidal cells,9.411764705882355,Neuron,8.968609865470851
3682,L6 OPRK1 THEMIS RGS6,L6 OPRK1 THEMIS RGS6,Retinal ganglion cells,5.042016806722689,Neuron,4.484304932735426,Lake et al.science.ex8,3.669724770642202
3683,Oligo MOG OPALIN,Oligo MOG OPALIN,Oligodendrocytes,11.594202898550725,Oligodendrocyte,9.44206008583691,Mature oligodendrocyte,7.2727272727272725
3684,Oligo MOG OPALIN,Oligo MOG OPALIN,Oligodendrocytes,11.594202898550725,Oligodendrocyte,9.44206008583691,Mature oligodendrocyte,7.2727272727272725
3685,L2-3 CUX2 ACVR1C THSD7A,L2-3 CUX2 ACVR1C THSD7A,Somatostatin interneuron,3.6363636363636362,Neurons,3.1620553359683794,Cajal-retzius cells,3.125
3686,Endo CLDN5 SLC7A5,Endo CLDN5 SLC7A5,Excitatory neuron,11.76470588235294,Pyramidal cells,9.411764705882355,Neuron,8.968609865470851
3687,Endo CLDN5 SLC7A5,Endo CLDN5 SLC7A5,Excitatory neuron,11.76470588235294,Pyramidal cells,9.411764705882355,Neuron,8.968609865470851
3688,Endo CLDN5 SLC7A5,Endo CLDN5 SLC7A5,Excitatory neuron,11.76470588235294,Pyramidal cells,9.411764705882355,Neuron,8.968609865470851
3689,L6 OPRK1 THEMIS RGS6,L6 OPRK1 THEMIS RGS6,Retinal ganglion cells,5.042016806722689,Neuron,4.484304932735426,Lake et al.science.ex8,3.669724770642202
3690,Endo CLDN5 SLC7A5,Endo CLDN5 SLC7A5,Excitatory neuron,11.76470588235294,Pyramidal cells,9.411764705882355,Neuron,8.968609865470851
3691,L2-3 CUX2 ACVR1C THSD7A,L2-3 CUX2 ACVR1C THSD7A,Somatostatin interneuron,3.6363636363636362,Neurons,3.1620553359683794,Cajal-retzius cells,3.125
3692,Oligo MOG OPALIN,Oligo MOG OPALIN,Oligodendrocytes,11.594202898550725,Oligodendrocyte,9.44206008583691,Mature oligodendrocyte,7.2727272727272725
3693,L2-3 CUX2 ACVR1C THSD7A,L2-3 CUX2 ACVR1C THSD7A,Somatostatin interneuron,3.6363636363636362,Neurons,3.1620553359683794,Cajal-retzius cells,3.125
3694,L2-3 CUX2 ACVR1C THSD7A,L2-3 CUX2 ACVR1C THSD7A,Somatostatin interneuron,3.6363636363636362,Neurons,3.1620553359683794,Cajal-retzius cells,3.125
3695,Oligo MOG OPALIN,Oligo MOG OPALIN,Oligodendrocytes,11.594202898550725,Oligodendrocyte,9.44206008583691,Mature oligodendrocyte,7.2727272727272725
3696,Endo CLDN5 SLC7A5,Endo CLDN5 SLC7A5,Excitatory neuron,11.76470588235294,Pyramidal cells,9.411764705882355,Neuron,8.968609865470851
3697,Endo CLDN5 SLC7A5,Endo CLDN5 SLC7A5,Excitatory neuron,11.76470588235294,Pyramidal cells,9.411764705882355,Neuron,8.968609865470851
3698,InN PVALB HPSE,InN PVALB HPSE,Parvalbumin interneuron,7.4074074074074066,Lake et al.science.ex6,7.1428571428571415,Purkinje neurons,5.5045871559633035
3699,Endo CLDN5 SLC7A5,Endo CLDN5 SLC7A5,Excitatory neuron,11.76470588235294,Pyramidal cells,9.411764705882355,Neuron,8.968609865470851
3700,Endo CLDN5 SLC7A5,Endo CLDN5 SLC7A5,Excitatory neuron,11.76470588235294,Pyramidal cells,9.411764705882355,Neuron,8.968609865470851
3701,Endo CLDN5 SLC7A5,Endo CLDN5 SLC7A5,Excitatory neuron,11.76470588235294,Pyramidal cells,9.411764705882355,Neuron,8.968609865470851
3702,InN PVALB HPSE,InN PVALB HPSE,Parvalbumin interneuron,7.4074074074074066,Lake et al.science.ex6,7.1428571428571415,Purkinje neurons,5.5045871559633035
3703,Endo CLDN5 SLC7A5,Endo CLDN5 SLC7A5,Excitatory neuron,11.76470588235294,Pyramidal cells,9.411764705882355,Neuron,8.968609865470851
3704,Oligo MOG OPALIN,Oligo MOG OPALIN,Oligodendrocytes,11.594202898550725,Oligodendrocyte,9.44206008583691,Mature oligodendrocyte,7.2727272727272725
3705,Endo CLDN5 SLC7A5,Endo CLDN5 SLC7A5,Excitatory neuron,11.76470588235294,Pyramidal cells,9.411764705882355,Neuron,8.968609865470851
3706,Endo CLDN5 SLC7A5,Endo CLDN5 SLC7A5,Excitatory neuron,11.76470588235294,Pyramidal cells,9.411764705882355,Neuron,8.968609865470851
3707,Oligo MOG OPALIN,Oligo MOG OPALIN,Oligodendrocytes,11.594202898550725,Oligodendrocyte,9.44206008583691,Mature oligodendrocyte,7.2727272727272725
3708,Endo CLDN5 SLC7A5,Endo CLDN5 SLC7A5,Excitatory neuron,11.76470588235294,Pyramidal cells,9.411764705882355,Neuron,8.968609865470851
3709,Oligo MOG OPALIN,Oligo MOG OPALIN,Oligodendrocytes,11.594202898550725,Oligodendrocyte,9.44206008583691,Mature oligodendrocyte,7.2727272727272725
3710,Endo CLDN5 SLC7A5,Endo CLDN5 SLC7A5,Excitatory neuron,11.76470588235294,Pyramidal cells,9.411764705882355,Neuron,8.968609865470851
3711,Endo CLDN5 SLC7A5,Endo CLDN5 SLC7A5,Excitatory neuron,11.76470588235294,Pyramidal cells,9.411764705882355,Neuron,8.968609865470851
3712,Endo CLDN5 SLC7A5,Endo CLDN5 SLC7A5,Excitatory neuron,11.76470588235294,Pyramidal cells,9.411764705882355,Neuron,8.968609865470851
3713,L3-5 RORB MKX GRIN3A,L3-5 RORB MKX GRIN3A,Cajal-retzius cells,7.8125,Somatostatin interneuron,7.2727272727272725,Lake et al.science.in5,3.508771929824562
3714,L3-5 RORB MKX GRIN3A,L3-5 RORB MKX GRIN3A,Cajal-retzius cells,7.8125,Somatostatin interneuron,7.2727272727272725,Lake et al.science.in5,3.508771929824562
3715,Endo CLDN5 SLC7A5,Endo CLDN5 SLC7A5,Excitatory neuron,11.76470588235294,Pyramidal cells,9.411764705882355,Neuron,8.968609865470851
3716,Endo CLDN5 SLC7A5,Endo CLDN5 SLC7A5,Excitatory neuron,11.76470588235294,Pyramidal cells,9.411764705882355,Neuron,8.968609865470851
3717,Endo CLDN5 SLC7A5,Endo CLDN5 SLC7A5,Excitatory neuron,11.76470588235294,Pyramidal cells,9.411764705882355,Neuron,8.968609865470851
3718,PC P2RY14 GRM8,PC P2RY14 GRM8,Pericyte,8.695652173913043,Endothelial cell,7.692307692307692,Mural cell,7.017543859649124
3719,L6 OPRK1 THEMIS RGS6,L6 OPRK1 THEMIS RGS6,Retinal ganglion cells,5.042016806722689,Neuron,4.484304932735426,Lake et al.science.ex8,3.669724770642202
3720,L6 OPRK1 THEMIS RGS6,L6 OPRK1 THEMIS RGS6,Retinal ganglion cells,5.042016806722689,Neuron,4.484304932735426,Lake et al.science.ex8,3.669724770642202
3721,InN SST FREM1,InN SST FREM1,Purkinje neurons,9.174311926605505,Oligodendrocyte precursor cell,6.349206349206351,Neuron,5.381165919282512
3722,Endo CLDN5 SLC7A5,Endo CLDN5 SLC7A5,Excitatory neuron,11.76470588235294,Pyramidal cells,9.411764705882355,Neuron,8.968609865470851
3723,Oligo MOG OPALIN,Oligo MOG OPALIN,Oligodendrocytes,11.594202898550725,Oligodendrocyte,9.44206008583691,Mature oligodendrocyte,7.2727272727272725
3724,L3-5 RORB MKX GRIN3A,L3-5 RORB MKX GRIN3A,Cajal-retzius cells,7.8125,Somatostatin interneuron,7.2727272727272725,Lake et al.science.in5,3.508771929824562
3725,OPC PDGFRA PCDH15,OPC PDGFRA PCDH15,Oligodendrocyte precursor cell,22.22222222222222,Oligodendrocyte progenitor cells,15.384615384615383,Oligodendrocyte progenitor cell,13.114754098360654
3726,Endo CLDN5 SLC7A5,Endo CLDN5 SLC7A5,Excitatory neuron,11.76470588235294,Pyramidal cells,9.411764705882355,Neuron,8.968609865470851
3727,Endo CLDN5 SLC7A5,Endo CLDN5 SLC7A5,Excitatory neuron,11.76470588235294,Pyramidal cells,9.411764705882355,Neuron,8.968609865470851
3728,L3-5 RORB MKX GRIN3A,L3-5 RORB MKX GRIN3A,Cajal-retzius cells,7.8125,Somatostatin interneuron,7.2727272727272725,Lake et al.science.in5,3.508771929824562
3729,L6 OPRK1 THEMIS RGS6,L6 OPRK1 THEMIS RGS6,Retinal ganglion cells,5.042016806722689,Neuron,4.484304932735426,Lake et al.science.ex8,3.669724770642202
3730,Astro AQP4 SLC1A2,Astro AQP4 SLC1A2,Astrocyte,6.94980694980695,Stem cell,5.47945205479452,Satellite glial cells,5.405405405405405
3731,Endo CLDN5 SLC7A5,Endo CLDN5 SLC7A5,Excitatory neuron,11.76470588235294,Pyramidal cells,9.411764705882355,Neuron,8.968609865470851
3732,Endo CLDN5 SLC7A5,Endo CLDN5 SLC7A5,Excitatory neuron,11.76470588235294,Pyramidal cells,9.411764705882355,Neuron,8.968609865470851
3733,Endo CLDN5 SLC7A5,Endo CLDN5 SLC7A5,Excitatory neuron,11.76470588235294,Pyramidal cells,9.411764705882355,Neuron,8.968609865470851
3734,Endo CLDN5 SLC7A5,Endo CLDN5 SLC7A5,Excitatory neuron,11.76470588235294,Pyramidal cells,9.411764705882355,Neuron,8.968609865470851
3735,Oligo MOG OPALIN,Oligo MOG OPALIN,Oligodendrocytes,11.594202898550725,Oligodendrocyte,9.44206008583691,Mature oligodendrocyte,7.2727272727272725
3736,Endo CLDN5 SLC7A5,Endo CLDN5 SLC7A5,Excitatory neuron,11.76470588235294,Pyramidal cells,9.411764705882355,Neuron,8.968609865470851
3737,Endo CLDN5 SLC7A5,Endo CLDN5 SLC7A5,Excitatory neuron,11.76470588235294,Pyramidal cells,9.411764705882355,Neuron,8.968609865470851
3738,PC P2RY14 GRM8,PC P2RY14 GRM8,Pericyte,8.695652173913043,Endothelial cell,7.692307692307692,Mural cell,7.017543859649124
3739,PC P2RY14 GRM8,PC P2RY14 GRM8,Pericyte,8.695652173913043,Endothelial cell,7.692307692307692,Mural cell,7.017543859649124
3740,Endo CLDN5 SLC7A5,Endo CLDN5 SLC7A5,Excitatory neuron,11.76470588235294,Pyramidal cells,9.411764705882355,Neuron,8.968609865470851
3741,PC P2RY14 GRM8,PC P2RY14 GRM8,Pericyte,8.695652173913043,Endothelial cell,7.692307692307692,Mural cell,7.017543859649124
3742,Endo CLDN5 SLC7A5,Endo CLDN5 SLC7A5,Excitatory neuron,11.76470588235294,Pyramidal cells,9.411764705882355,Neuron,8.968609865470851
3743,Endo CLDN5 SLC7A5,Endo CLDN5 SLC7A5,Excitatory neuron,11.76470588235294,Pyramidal cells,9.411764705882355,Neuron,8.968609865470851
3744,Endo CLDN5 SLC7A5,Endo CLDN5 SLC7A5,Excitatory neuron,11.76470588235294,Pyramidal cells,9.411764705882355,Neuron,8.968609865470851
3745,Endo CLDN5 SLC7A5,Endo CLDN5 SLC7A5,Excitatory neuron,11.76470588235294,Pyramidal cells,9.411764705882355,Neuron,8.968609865470851
3746,InN LAMP5 BMP7,InN LAMP5 BMP7,Lake et al.science.in4,7.142857142857142,Bergmann glia,6.593406593406592,Gabaergic neurons,6.153846153846153
3747,Endo CLDN5 SLC7A5,Endo CLDN5 SLC7A5,Excitatory neuron,11.76470588235294,Pyramidal cells,9.411764705882355,Neuron,8.968609865470851
3748,Micro P2RY12 APBB1IP,Micro P2RY12 APBB1IP,Microglia,9.917355371900827,Microglial-specific cell,7.6923076923076925,Homeostatic microglial cell,7.142857142857142
3749,Endo CLDN5 SLC7A5,Endo CLDN5 SLC7A5,Excitatory neuron,11.76470588235294,Pyramidal cells,9.411764705882355,Neuron,8.968609865470851
3750,InN VIP HS3ST3B1,InN VIP HS3ST3B1,Purkinje neurons,7.339449541284404,Neuroblasts,6.0,Lake et al.science.ex8,5.5045871559633035
3751,L6 OPRK1 THEMIS RGS6,L6 OPRK1 THEMIS RGS6,Retinal ganglion cells,5.042016806722689,Neuron,4.484304932735426,Lake et al.science.ex8,3.669724770642202
3752,Endo CLDN5 SLC7A5,Endo CLDN5 SLC7A5,Excitatory neuron,11.76470588235294,Pyramidal cells,9.411764705882355,Neuron,8.968609865470851
3753,Endo CLDN5 SLC7A5,Endo CLDN5 SLC7A5,Excitatory neuron,11.76470588235294,Pyramidal cells,9.411764705882355,Neuron,8.968609865470851
3754,Endo CLDN5 SLC7A5,Endo CLDN5 SLC7A5,Excitatory neuron,11.76470588235294,Pyramidal cells,9.411764705882355,Neuron,8.968609865470851
3755,Endo CLDN5 SLC7A5,Endo CLDN5 SLC7A5,Excitatory neuron,11.76470588235294,Pyramidal cells,9.411764705882355,Neuron,8.968609865470851
3756,L6 FEZF2 NPFFR2 KCNK2,L6 FEZF2 NPFFR2 KCNK2,Lake et al.science.ex6,16.666666666666664,Somatostatin interneuron,3.6363636363636362,Lake et al.science.in3,3.1746031746031753
3757,Endo CLDN5 SLC7A5,Endo CLDN5 SLC7A5,Excitatory neuron,11.76470588235294,Pyramidal cells,9.411764705882355,Neuron,8.968609865470851
3758,Endo CLDN5 SLC7A5,Endo CLDN5 SLC7A5,Excitatory neuron,11.76470588235294,Pyramidal cells,9.411764705882355,Neuron,8.968609865470851
3759,Endo CLDN5 SLC7A5,Endo CLDN5 SLC7A5,Excitatory neuron,11.76470588235294,Pyramidal cells,9.411764705882355,Neuron,8.968609865470851
3760,L3-5 RORB MKX GRIN3A,L3-5 RORB MKX GRIN3A,Cajal-retzius cells,7.8125,Somatostatin interneuron,7.2727272727272725,Lake et al.science.in5,3.508771929824562
3761,Endo CLDN5 SLC7A5,Endo CLDN5 SLC7A5,Excitatory neuron,11.76470588235294,Pyramidal cells,9.411764705882355,Neuron,8.968609865470851
3762,L2-3 CUX2 ACVR1C THSD7A,L2-3 CUX2 ACVR1C THSD7A,Somatostatin interneuron,3.6363636363636362,Neurons,3.1620553359683794,Cajal-retzius cells,3.125
3763,InN PVALB HPSE,InN PVALB HPSE,Parvalbumin interneuron,7.4074074074074066,Lake et al.science.ex6,7.1428571428571415,Purkinje neurons,5.5045871559633035
3764,L2-3 CUX2 ACVR1C THSD7A,L2-3 CUX2 ACVR1C THSD7A,Somatostatin interneuron,3.6363636363636362,Neurons,3.1620553359683794,Cajal-retzius cells,3.125
3765,Endo CLDN5 SLC7A5,Endo CLDN5 SLC7A5,Excitatory neuron,11.76470588235294,Pyramidal cells,9.411764705882355,Neuron,8.968609865470851
3766,L3-5 RORB GABRG1 KCNH7,L3-5 RORB GABRG1 KCNH7,Somatostatin interneuron,3.6363636363636362,Lake et al.science.in5,3.508771929824562,Lake et al.science.ex5,3.389830508474577
3767,Endo CLDN5 SLC7A5,Endo CLDN5 SLC7A5,Excitatory neuron,11.76470588235294,Pyramidal cells,9.411764705882355,Neuron,8.968609865470851
3768,Endo CLDN5 SLC7A5,Endo CLDN5 SLC7A5,Excitatory neuron,11.76470588235294,Pyramidal cells,9.411764705882355,Neuron,8.968609865470851
3769,Endo CLDN5 SLC7A5,Endo CLDN5 SLC7A5,Excitatory neuron,11.76470588235294,Pyramidal cells,9.411764705882355,Neuron,8.968609865470851
3770,Endo CLDN5 SLC7A5,Endo CLDN5 SLC7A5,Excitatory neuron,11.76470588235294,Pyramidal cells,9.411764705882355,Neuron,8.968609865470851
3771,L3-5 RORB PCBP3 IL1RAPL2,L3-5 RORB PCBP3 IL1RAPL2,Retinal ganglion cells,3.361344537815126,Lake et al.science.ex4,3.1746031746031753,Neuroendocrine cells,2.5974025974025974
3772,Endo CLDN5 SLC7A5,Endo CLDN5 SLC7A5,Excitatory neuron,11.76470588235294,Pyramidal cells,9.411764705882355,Neuron,8.968609865470851
3773,Endo CLDN5 SLC7A5,Endo CLDN5 SLC7A5,Excitatory neuron,11.76470588235294,Pyramidal cells,9.411764705882355,Neuron,8.968609865470851
3774,InN SST FREM1,InN SST FREM1,Purkinje neurons,9.174311926605505,Oligodendrocyte precursor cell,6.349206349206351,Neuron,5.381165919282512
3775,Endo CLDN5 SLC7A5,Endo CLDN5 SLC7A5,Excitatory neuron,11.76470588235294,Pyramidal cells,9.411764705882355,Neuron,8.968609865470851
3776,Endo CLDN5 SLC7A5,Endo CLDN5 SLC7A5,Excitatory neuron,11.76470588235294,Pyramidal cells,9.411764705882355,Neuron,8.968609865470851
3777,Astro AQP4 SLC1A2,Astro AQP4 SLC1A2,Astrocyte,6.94980694980695,Stem cell,5.47945205479452,Satellite glial cells,5.405405405405405
3778,Oligo MOG OPALIN,Oligo MOG OPALIN,Oligodendrocytes,11.594202898550725,Oligodendrocyte,9.44206008583691,Mature oligodendrocyte,7.2727272727272725
3779,Endo CLDN5 SLC7A5,Endo CLDN5 SLC7A5,Excitatory neuron,11.76470588235294,Pyramidal cells,9.411764705882355,Neuron,8.968609865470851
3780,Endo CLDN5 SLC7A5,Endo CLDN5 SLC7A5,Excitatory neuron,11.76470588235294,Pyramidal cells,9.411764705882355,Neuron,8.968609865470851
3781,InN SST FREM1,InN SST FREM1,Purkinje neurons,9.174311926605505,Oligodendrocyte precursor cell,6.349206349206351,Neuron,5.381165919282512
3782,Endo CLDN5 SLC7A5,Endo CLDN5 SLC7A5,Excitatory neuron,11.76470588235294,Pyramidal cells,9.411764705882355,Neuron,8.968609865470851
3783,Oligo MOG OPALIN,Oligo MOG OPALIN,Oligodendrocytes,11.594202898550725,Oligodendrocyte,9.44206008583691,Mature oligodendrocyte,7.2727272727272725
3784,Endo CLDN5 SLC7A5,Endo CLDN5 SLC7A5,Excitatory neuron,11.76470588235294,Pyramidal cells,9.411764705882355,Neuron,8.968609865470851
3785,Endo CLDN5 SLC7A5,Endo CLDN5 SLC7A5,Excitatory neuron,11.76470588235294,Pyramidal cells,9.411764705882355,Neuron,8.968609865470851
3786,Oligo MOG OPALIN,Oligo MOG OPALIN,Oligodendrocytes,11.594202898550725,Oligodendrocyte,9.44206008583691,Mature oligodendrocyte,7.2727272727272725
3787,Micro P2RY12 APBB1IP,Micro P2RY12 APBB1IP,Microglia,9.917355371900827,Microglial-specific cell,7.6923076923076925,Homeostatic microglial cell,7.142857142857142
3788,InN SST FREM1,InN SST FREM1,Purkinje neurons,9.174311926605505,Oligodendrocyte precursor cell,6.349206349206351,Neuron,5.381165919282512
3789,Endo CLDN5 SLC7A5,Endo CLDN5 SLC7A5,Excitatory neuron,11.76470588235294,Pyramidal cells,9.411764705882355,Neuron,8.968609865470851
3790,Endo CLDN5 SLC7A5,Endo CLDN5 SLC7A5,Excitatory neuron,11.76470588235294,Pyramidal cells,9.411764705882355,Neuron,8.968609865470851
3791,Endo CLDN5 SLC7A5,Endo CLDN5 SLC7A5,Excitatory neuron,11.76470588235294,Pyramidal cells,9.411764705882355,Neuron,8.968609865470851
3792,InN SST FREM1,InN SST FREM1,Purkinje neurons,9.174311926605505,Oligodendrocyte precursor cell,6.349206349206351,Neuron,5.381165919282512
3793,InN PVALB HPSE,InN PVALB HPSE,Parvalbumin interneuron,7.4074074074074066,Lake et al.science.ex6,7.1428571428571415,Purkinje neurons,5.5045871559633035
3794,Endo CLDN5 SLC7A5,Endo CLDN5 SLC7A5,Excitatory neuron,11.76470588235294,Pyramidal cells,9.411764705882355,Neuron,8.968609865470851
3795,Endo CLDN5 SLC7A5,Endo CLDN5 SLC7A5,Excitatory neuron,11.76470588235294,Pyramidal cells,9.411764705882355,Neuron,8.968609865470851
3796,Oligo MOG OPALIN,Oligo MOG OPALIN,Oligodendrocytes,11.594202898550725,Oligodendrocyte,9.44206008583691,Mature oligodendrocyte,7.2727272727272725
3797,L3-5 RORB MKX GRIN3A,L3-5 RORB MKX GRIN3A,Cajal-retzius cells,7.8125,Somatostatin interneuron,7.2727272727272725,Lake et al.science.in5,3.508771929824562
3798,Micro P2RY12 APBB1IP,Micro P2RY12 APBB1IP,Microglia,9.917355371900827,Microglial-specific cell,7.6923076923076925,Homeostatic microglial cell,7.142857142857142
3799,Endo CLDN5 SLC7A5,Endo CLDN5 SLC7A5,Excitatory neuron,11.76470588235294,Pyramidal cells,9.411764705882355,Neuron,8.968609865470851
3800,Endo CLDN5 SLC7A5,Endo CLDN5 SLC7A5,Excitatory neuron,11.76470588235294,Pyramidal cells,9.411764705882355,Neuron,8.968609865470851
3801,Endo CLDN5 SLC7A5,Endo CLDN5 SLC7A5,Excitatory neuron,11.76470588235294,Pyramidal cells,9.411764705882355,Neuron,8.968609865470851
3802,Endo CLDN5 SLC7A5,Endo CLDN5 SLC7A5,Excitatory neuron,11.76470588235294,Pyramidal cells,9.411764705882355,Neuron,8.968609865470851
3803,Oligo MOG OPALIN,Oligo MOG OPALIN,Oligodendrocytes,11.594202898550725,Oligodendrocyte,9.44206008583691,Mature oligodendrocyte,7.2727272727272725
3804,Oligo MOG OPALIN,Oligo MOG OPALIN,Oligodendrocytes,11.594202898550725,Oligodendrocyte,9.44206008583691,Mature oligodendrocyte,7.2727272727272725
3805,Oligo MOG OPALIN,Oligo MOG OPALIN,Oligodendrocytes,11.594202898550725,Oligodendrocyte,9.44206008583691,Mature oligodendrocyte,7.2727272727272725
3806,L5-6 FEZF2 NXPH2 GRIK1,L5-6 FEZF2 NXPH2 GRIK1,Lake et al.science.ex6,16.666666666666664,Epithelial cell,3.7735849056603774,Glutamatergic neuron,3.7037037037037033
3807,Endo CLDN5 SLC7A5,Endo CLDN5 SLC7A5,Excitatory neuron,11.76470588235294,Pyramidal cells,9.411764705882355,Neuron,8.968609865470851
3808,Oligo MOG OPALIN,Oligo MOG OPALIN,Oligodendrocytes,11.594202898550725,Oligodendrocyte,9.44206008583691,Mature oligodendrocyte,7.2727272727272725
3809,InN SST FREM1,InN SST FREM1,Purkinje neurons,9.174311926605505,Oligodendrocyte precursor cell,6.349206349206351,Neuron,5.381165919282512
3810,Endo CLDN5 SLC7A5,Endo CLDN5 SLC7A5,Excitatory neuron,11.76470588235294,Pyramidal cells,9.411764705882355,Neuron,8.968609865470851
3811,PC P2RY14 GRM8,PC P2RY14 GRM8,Pericyte,8.695652173913043,Endothelial cell,7.692307692307692,Mural cell,7.017543859649124
3812,InN SST FREM1,InN SST FREM1,Purkinje neurons,9.174311926605505,Oligodendrocyte precursor cell,6.349206349206351,Neuron,5.381165919282512
3813,Endo CLDN5 SLC7A5,Endo CLDN5 SLC7A5,Excitatory neuron,11.76470588235294,Pyramidal cells,9.411764705882355,Neuron,8.968609865470851
3814,Oligo MOG OPALIN,Oligo MOG OPALIN,Oligodendrocytes,11.594202898550725,Oligodendrocyte,9.44206008583691,Mature oligodendrocyte,7.2727272727272725
3815,L5-6 FEZF2 NXPH2 GRIK1,L5-6 FEZF2 NXPH2 GRIK1,Lake et al.science.ex6,16.666666666666664,Epithelial cell,3.7735849056603774,Glutamatergic neuron,3.7037037037037033
3816,Endo CLDN5 SLC7A5,Endo CLDN5 SLC7A5,Excitatory neuron,11.76470588235294,Pyramidal cells,9.411764705882355,Neuron,8.968609865470851
3817,Endo CLDN5 SLC7A5,Endo CLDN5 SLC7A5,Excitatory neuron,11.76470588235294,Pyramidal cells,9.411764705882355,Neuron,8.968609865470851
3818,Endo CLDN5 SLC7A5,Endo CLDN5 SLC7A5,Excitatory neuron,11.76470588235294,Pyramidal cells,9.411764705882355,Neuron,8.968609865470851
3819,L3-5 RORB PCBP3 IL1RAPL2,L3-5 RORB PCBP3 IL1RAPL2,Retinal ganglion cells,3.361344537815126,Lake et al.science.ex4,3.1746031746031753,Neuroendocrine cells,2.5974025974025974
3820,InN LAMP5 BMP7,InN LAMP5 BMP7,Lake et al.science.in4,7.142857142857142,Bergmann glia,6.593406593406592,Gabaergic neurons,6.153846153846153
3821,Endo CLDN5 SLC7A5,Endo CLDN5 SLC7A5,Excitatory neuron,11.76470588235294,Pyramidal cells,9.411764705882355,Neuron,8.968609865470851
3822,L2-3 CUX2 ACVR1C THSD7A,L2-3 CUX2 ACVR1C THSD7A,Somatostatin interneuron,3.6363636363636362,Neurons,3.1620553359683794,Cajal-retzius cells,3.125
3823,Endo CLDN5 SLC7A5,Endo CLDN5 SLC7A5,Excitatory neuron,11.76470588235294,Pyramidal cells,9.411764705882355,Neuron,8.968609865470851
3824,Endo CLDN5 SLC7A5,Endo CLDN5 SLC7A5,Excitatory neuron,11.76470588235294,Pyramidal cells,9.411764705882355,Neuron,8.968609865470851
3825,OPC PDGFRA PCDH15,OPC PDGFRA PCDH15,Oligodendrocyte precursor cell,22.22222222222222,Oligodendrocyte progenitor cells,15.384615384615383,Oligodendrocyte progenitor cell,13.114754098360654
3826,Endo CLDN5 SLC7A5,Endo CLDN5 SLC7A5,Excitatory neuron,11.76470588235294,Pyramidal cells,9.411764705882355,Neuron,8.968609865470851
3827,Endo CLDN5 SLC7A5,Endo CLDN5 SLC7A5,Excitatory neuron,11.76470588235294,Pyramidal cells,9.411764705882355,Neuron,8.968609865470851
3828,Endo CLDN5 SLC7A5,Endo CLDN5 SLC7A5,Excitatory neuron,11.76470588235294,Pyramidal cells,9.411764705882355,Neuron,8.968609865470851
3829,Endo CLDN5 SLC7A5,Endo CLDN5 SLC7A5,Excitatory neuron,11.76470588235294,Pyramidal cells,9.411764705882355,Neuron,8.968609865470851
3830,Endo CLDN5 SLC7A5,Endo CLDN5 SLC7A5,Excitatory neuron,11.76470588235294,Pyramidal cells,9.411764705882355,Neuron,8.968609865470851
3831,Astro AQP4 SLC1A2,Astro AQP4 SLC1A2,Astrocyte,6.94980694980695,Stem cell,5.47945205479452,Satellite glial cells,5.405405405405405
3832,Oligo MOG OPALIN,Oligo MOG OPALIN,Oligodendrocytes,11.594202898550725,Oligodendrocyte,9.44206008583691,Mature oligodendrocyte,7.2727272727272725
3833,InN VIP HS3ST3B1,InN VIP HS3ST3B1,Purkinje neurons,7.339449541284404,Neuroblasts,6.0,Lake et al.science.ex8,5.5045871559633035
3834,Endo CLDN5 SLC7A5,Endo CLDN5 SLC7A5,Excitatory neuron,11.76470588235294,Pyramidal cells,9.411764705882355,Neuron,8.968609865470851
3835,Oligo MOG OPALIN,Oligo MOG OPALIN,Oligodendrocytes,11.594202898550725,Oligodendrocyte,9.44206008583691,Mature oligodendrocyte,7.2727272727272725
3836,Endo CLDN5 SLC7A5,Endo CLDN5 SLC7A5,Excitatory neuron,11.76470588235294,Pyramidal cells,9.411764705882355,Neuron,8.968609865470851
3837,Oligo MOG OPALIN,Oligo MOG OPALIN,Oligodendrocytes,11.594202898550725,Oligodendrocyte,9.44206008583691,Mature oligodendrocyte,7.2727272727272725
3838,Astro AQP4 SLC1A2,Astro AQP4 SLC1A2,Astrocyte,6.94980694980695,Stem cell,5.47945205479452,Satellite glial cells,5.405405405405405
3839,Endo CLDN5 SLC7A5,Endo CLDN5 SLC7A5,Excitatory neuron,11.76470588235294,Pyramidal cells,9.411764705882355,Neuron,8.968609865470851
3840,Endo CLDN5 SLC7A5,Endo CLDN5 SLC7A5,Excitatory neuron,11.76470588235294,Pyramidal cells,9.411764705882355,Neuron,8.968609865470851
3841,L6 OPRK1 THEMIS RGS6,L6 OPRK1 THEMIS RGS6,Retinal ganglion cells,5.042016806722689,Neuron,4.484304932735426,Lake et al.science.ex8,3.669724770642202
3842,Endo CLDN5 SLC7A5,Endo CLDN5 SLC7A5,Excitatory neuron,11.76470588235294,Pyramidal cells,9.411764705882355,Neuron,8.968609865470851
3843,Endo CLDN5 SLC7A5,Endo CLDN5 SLC7A5,Excitatory neuron,11.76470588235294,Pyramidal cells,9.411764705882355,Neuron,8.968609865470851
3844,Endo CLDN5 SLC7A5,Endo CLDN5 SLC7A5,Excitatory neuron,11.76470588235294,Pyramidal cells,9.411764705882355,Neuron,8.968609865470851
3845,Endo CLDN5 SLC7A5,Endo CLDN5 SLC7A5,Excitatory neuron,11.76470588235294,Pyramidal cells,9.411764705882355,Neuron,8.968609865470851
3846,Oligo MOG OPALIN,Oligo MOG OPALIN,Oligodendrocytes,11.594202898550725,Oligodendrocyte,9.44206008583691,Mature oligodendrocyte,7.2727272727272725
3847,PC P2RY14 GRM8,PC P2RY14 GRM8,Pericyte,8.695652173913043,Endothelial cell,7.692307692307692,Mural cell,7.017543859649124
3848,Endo CLDN5 SLC7A5,Endo CLDN5 SLC7A5,Excitatory neuron,11.76470588235294,Pyramidal cells,9.411764705882355,Neuron,8.968609865470851
3849,OPC PDGFRA PCDH15,OPC PDGFRA PCDH15,Oligodendrocyte precursor cell,22.22222222222222,Oligodendrocyte progenitor cells,15.384615384615383,Oligodendrocyte progenitor cell,13.114754098360654
3850,L3-5 RORB MKX GRIN3A,L3-5 RORB MKX GRIN3A,Cajal-retzius cells,7.8125,Somatostatin interneuron,7.2727272727272725,Lake et al.science.in5,3.508771929824562
3851,PC P2RY14 GRM8,PC P2RY14 GRM8,Pericyte,8.695652173913043,Endothelial cell,7.692307692307692,Mural cell,7.017543859649124
3852,Endo CLDN5 SLC7A5,Endo CLDN5 SLC7A5,Excitatory neuron,11.76470588235294,Pyramidal cells,9.411764705882355,Neuron,8.968609865470851
3853,Endo CLDN5 SLC7A5,Endo CLDN5 SLC7A5,Excitatory neuron,11.76470588235294,Pyramidal cells,9.411764705882355,Neuron,8.968609865470851
3854,Endo CLDN5 SLC7A5,Endo CLDN5 SLC7A5,Excitatory neuron,11.76470588235294,Pyramidal cells,9.411764705882355,Neuron,8.968609865470851
3855,Oligo MOG OPALIN,Oligo MOG OPALIN,Oligodendrocytes,11.594202898550725,Oligodendrocyte,9.44206008583691,Mature oligodendrocyte,7.2727272727272725
3856,Endo CLDN5 SLC7A5,Endo CLDN5 SLC7A5,Excitatory neuron,11.76470588235294,Pyramidal cells,9.411764705882355,Neuron,8.968609865470851
3857,Endo CLDN5 SLC7A5,Endo CLDN5 SLC7A5,Excitatory neuron,11.76470588235294,Pyramidal cells,9.411764705882355,Neuron,8.968609865470851
3858,Endo CLDN5 SLC7A5,Endo CLDN5 SLC7A5,Excitatory neuron,11.76470588235294,Pyramidal cells,9.411764705882355,Neuron,8.968609865470851
3859,Endo CLDN5 SLC7A5,Endo CLDN5 SLC7A5,Excitatory neuron,11.76470588235294,Pyramidal cells,9.411764705882355,Neuron,8.968609865470851
3860,Oligo MOG OPALIN,Oligo MOG OPALIN,Oligodendrocytes,11.594202898550725,Oligodendrocyte,9.44206008583691,Mature oligodendrocyte,7.2727272727272725
3861,InN SST FREM1,InN SST FREM1,Purkinje neurons,9.174311926605505,Oligodendrocyte precursor cell,6.349206349206351,Neuron,5.381165919282512
3862,Micro P2RY12 APBB1IP,Micro P2RY12 APBB1IP,Microglia,9.917355371900827,Microglial-specific cell,7.6923076923076925,Homeostatic microglial cell,7.142857142857142
3863,OPC PDGFRA PCDH15,OPC PDGFRA PCDH15,Oligodendrocyte precursor cell,22.22222222222222,Oligodendrocyte progenitor cells,15.384615384615383,Oligodendrocyte progenitor cell,13.114754098360654
3864,Endo CLDN5 SLC7A5,Endo CLDN5 SLC7A5,Excitatory neuron,11.76470588235294,Pyramidal cells,9.411764705882355,Neuron,8.968609865470851
3865,L2-3 CUX2 ACVR1C THSD7A,L2-3 CUX2 ACVR1C THSD7A,Somatostatin interneuron,3.6363636363636362,Neurons,3.1620553359683794,Cajal-retzius cells,3.125
3866,Endo CLDN5 SLC7A5,Endo CLDN5 SLC7A5,Excitatory neuron,11.76470588235294,Pyramidal cells,9.411764705882355,Neuron,8.968609865470851
3867,L3-5 RORB GABRG1 KCNH7,L3-5 RORB GABRG1 KCNH7,Somatostatin interneuron,3.6363636363636362,Lake et al.science.in5,3.508771929824562,Lake et al.science.ex5,3.389830508474577
3868,Endo CLDN5 SLC7A5,Endo CLDN5 SLC7A5,Excitatory neuron,11.76470588235294,Pyramidal cells,9.411764705882355,Neuron,8.968609865470851
3869,Endo CLDN5 SLC7A5,Endo CLDN5 SLC7A5,Excitatory neuron,11.76470588235294,Pyramidal cells,9.411764705882355,Neuron,8.968609865470851
3870,L6 OPRK1 THEMIS RGS6,L6 OPRK1 THEMIS RGS6,Retinal ganglion cells,5.042016806722689,Neuron,4.484304932735426,Lake et al.science.ex8,3.669724770642202
3871,Astro AQP4 SLC1A2,Astro AQP4 SLC1A2,Astrocyte,6.94980694980695,Stem cell,5.47945205479452,Satellite glial cells,5.405405405405405
3872,Endo CLDN5 SLC7A5,Endo CLDN5 SLC7A5,Excitatory neuron,11.76470588235294,Pyramidal cells,9.411764705882355,Neuron,8.968609865470851
3873,Endo CLDN5 SLC7A5,Endo CLDN5 SLC7A5,Excitatory neuron,11.76470588235294,Pyramidal cells,9.411764705882355,Neuron,8.968609865470851
3874,Endo CLDN5 SLC7A5,Endo CLDN5 SLC7A5,Excitatory neuron,11.76470588235294,Pyramidal cells,9.411764705882355,Neuron,8.968609865470851
3875,Astro AQP4 SLC1A2,Astro AQP4 SLC1A2,Astrocyte,6.94980694980695,Stem cell,5.47945205479452,Satellite glial cells,5.405405405405405
3876,L6 OPRK1 THEMIS RGS6,L6 OPRK1 THEMIS RGS6,Retinal ganglion cells,5.042016806722689,Neuron,4.484304932735426,Lake et al.science.ex8,3.669724770642202
3877,Endo CLDN5 SLC7A5,Endo CLDN5 SLC7A5,Excitatory neuron,11.76470588235294,Pyramidal cells,9.411764705882355,Neuron,8.968609865470851
3878,Endo CLDN5 SLC7A5,Endo CLDN5 SLC7A5,Excitatory neuron,11.76470588235294,Pyramidal cells,9.411764705882355,Neuron,8.968609865470851
3879,Astro AQP4 SLC1A2,Astro AQP4 SLC1A2,Astrocyte,6.94980694980695,Stem cell,5.47945205479452,Satellite glial cells,5.405405405405405
3880,Micro P2RY12 APBB1IP,Micro P2RY12 APBB1IP,Microglia,9.917355371900827,Microglial-specific cell,7.6923076923076925,Homeostatic microglial cell,7.142857142857142
3881,Endo CLDN5 SLC7A5,Endo CLDN5 SLC7A5,Excitatory neuron,11.76470588235294,Pyramidal cells,9.411764705882355,Neuron,8.968609865470851
3882,Endo CLDN5 SLC7A5,Endo CLDN5 SLC7A5,Excitatory neuron,11.76470588235294,Pyramidal cells,9.411764705882355,Neuron,8.968609865470851
3883,Endo CLDN5 SLC7A5,Endo CLDN5 SLC7A5,Excitatory neuron,11.76470588235294,Pyramidal cells,9.411764705882355,Neuron,8.968609865470851
3884,OPC PDGFRA PCDH15,OPC PDGFRA PCDH15,Oligodendrocyte precursor cell,22.22222222222222,Oligodendrocyte progenitor cells,15.384615384615383,Oligodendrocyte progenitor cell,13.114754098360654
3885,Endo CLDN5 SLC7A5,Endo CLDN5 SLC7A5,Excitatory neuron,11.76470588235294,Pyramidal cells,9.411764705882355,Neuron,8.968609865470851
3886,Endo CLDN5 SLC7A5,Endo CLDN5 SLC7A5,Excitatory neuron,11.76470588235294,Pyramidal cells,9.411764705882355,Neuron,8.968609865470851
3887,Endo CLDN5 SLC7A5,Endo CLDN5 SLC7A5,Excitatory neuron,11.76470588235294,Pyramidal cells,9.411764705882355,Neuron,8.968609865470851
3888,Endo CLDN5 SLC7A5,Endo CLDN5 SLC7A5,Excitatory neuron,11.76470588235294,Pyramidal cells,9.411764705882355,Neuron,8.968609865470851
3889,Endo CLDN5 SLC7A5,Endo CLDN5 SLC7A5,Excitatory neuron,11.76470588235294,Pyramidal cells,9.411764705882355,Neuron,8.968609865470851
3890,Endo CLDN5 SLC7A5,Endo CLDN5 SLC7A5,Excitatory neuron,11.76470588235294,Pyramidal cells,9.411764705882355,Neuron,8.968609865470851
3891,Astro AQP4 SLC1A2,Astro AQP4 SLC1A2,Astrocyte,6.94980694980695,Stem cell,5.47945205479452,Satellite glial cells,5.405405405405405
3892,InN SST FREM1,InN SST FREM1,Purkinje neurons,9.174311926605505,Oligodendrocyte precursor cell,6.349206349206351,Neuron,5.381165919282512
3893,Endo CLDN5 SLC7A5,Endo CLDN5 SLC7A5,Excitatory neuron,11.76470588235294,Pyramidal cells,9.411764705882355,Neuron,8.968609865470851
3894,L2-3 CUX2 ACVR1C THSD7A,L2-3 CUX2 ACVR1C THSD7A,Somatostatin interneuron,3.6363636363636362,Neurons,3.1620553359683794,Cajal-retzius cells,3.125
3895,Endo CLDN5 SLC7A5,Endo CLDN5 SLC7A5,Excitatory neuron,11.76470588235294,Pyramidal cells,9.411764705882355,Neuron,8.968609865470851
3896,Endo CLDN5 SLC7A5,Endo CLDN5 SLC7A5,Excitatory neuron,11.76470588235294,Pyramidal cells,9.411764705882355,Neuron,8.968609865470851
3897,Oligo MOG OPALIN,Oligo MOG OPALIN,Oligodendrocytes,11.594202898550725,Oligodendrocyte,9.44206008583691,Mature oligodendrocyte,7.2727272727272725
3898,Endo CLDN5 SLC7A5,Endo CLDN5 SLC7A5,Excitatory neuron,11.76470588235294,Pyramidal cells,9.411764705882355,Neuron,8.968609865470851
3899,Endo CLDN5 SLC7A5,Endo CLDN5 SLC7A5,Excitatory neuron,11.76470588235294,Pyramidal cells,9.411764705882355,Neuron,8.968609865470851
3900,Oligo MOG OPALIN,Oligo MOG OPALIN,Oligodendrocytes,11.594202898550725,Oligodendrocyte,9.44206008583691,Mature oligodendrocyte,7.2727272727272725
3901,L3-5 RORB MKX GRIN3A,L3-5 RORB MKX GRIN3A,Cajal-retzius cells,7.8125,Somatostatin interneuron,7.2727272727272725,Lake et al.science.in5,3.508771929824562
3902,Endo CLDN5 SLC7A5,Endo CLDN5 SLC7A5,Excitatory neuron,11.76470588235294,Pyramidal cells,9.411764705882355,Neuron,8.968609865470851
3903,Oligo MOG OPALIN,Oligo MOG OPALIN,Oligodendrocytes,11.594202898550725,Oligodendrocyte,9.44206008583691,Mature oligodendrocyte,7.2727272727272725
3904,Endo CLDN5 SLC7A5,Endo CLDN5 SLC7A5,Excitatory neuron,11.76470588235294,Pyramidal cells,9.411764705882355,Neuron,8.968609865470851
3905,Oligo MOG OPALIN,Oligo MOG OPALIN,Oligodendrocytes,11.594202898550725,Oligodendrocyte,9.44206008583691,Mature oligodendrocyte,7.2727272727272725
3906,Endo CLDN5 SLC7A5,Endo CLDN5 SLC7A5,Excitatory neuron,11.76470588235294,Pyramidal cells,9.411764705882355,Neuron,8.968609865470851
3907,Endo CLDN5 SLC7A5,Endo CLDN5 SLC7A5,Excitatory neuron,11.76470588235294,Pyramidal cells,9.411764705882355,Neuron,8.968609865470851
3908,InN VIP HS3ST3B1,InN VIP HS3ST3B1,Purkinje neurons,7.339449541284404,Neuroblasts,6.0,Lake et al.science.ex8,5.5045871559633035
3909,L6 OPRK1 THEMIS RGS6,L6 OPRK1 THEMIS RGS6,Retinal ganglion cells,5.042016806722689,Neuron,4.484304932735426,Lake et al.science.ex8,3.669724770642202
3910,Endo CLDN5 SLC7A5,Endo CLDN5 SLC7A5,Excitatory neuron,11.76470588235294,Pyramidal cells,9.411764705882355,Neuron,8.968609865470851
3911,InN SST FREM1,InN SST FREM1,Purkinje neurons,9.174311926605505,Oligodendrocyte precursor cell,6.349206349206351,Neuron,5.381165919282512
3912,Endo CLDN5 SLC7A5,Endo CLDN5 SLC7A5,Excitatory neuron,11.76470588235294,Pyramidal cells,9.411764705882355,Neuron,8.968609865470851
3913,L3-5 RORB MKX GRIN3A,L3-5 RORB MKX GRIN3A,Cajal-retzius cells,7.8125,Somatostatin interneuron,7.2727272727272725,Lake et al.science.in5,3.508771929824562
3914,OPC PDGFRA PCDH15,OPC PDGFRA PCDH15,Oligodendrocyte precursor cell,22.22222222222222,Oligodendrocyte progenitor cells,15.384615384615383,Oligodendrocyte progenitor cell,13.114754098360654
3915,PC P2RY14 GRM8,PC P2RY14 GRM8,Pericyte,8.695652173913043,Endothelial cell,7.692307692307692,Mural cell,7.017543859649124
3916,Endo CLDN5 SLC7A5,Endo CLDN5 SLC7A5,Excitatory neuron,11.76470588235294,Pyramidal cells,9.411764705882355,Neuron,8.968609865470851
3917,Endo CLDN5 SLC7A5,Endo CLDN5 SLC7A5,Excitatory neuron,11.76470588235294,Pyramidal cells,9.411764705882355,Neuron,8.968609865470851
3918,Endo CLDN5 SLC7A5,Endo CLDN5 SLC7A5,Excitatory neuron,11.76470588235294,Pyramidal cells,9.411764705882355,Neuron,8.968609865470851
3919,L3-5 RORB PCBP3 IL1RAPL2,L3-5 RORB PCBP3 IL1RAPL2,Retinal ganglion cells,3.361344537815126,Lake et al.science.ex4,3.1746031746031753,Neuroendocrine cells,2.5974025974025974
3920,Endo CLDN5 SLC7A5,Endo CLDN5 SLC7A5,Excitatory neuron,11.76470588235294,Pyramidal cells,9.411764705882355,Neuron,8.968609865470851
3921,Endo CLDN5 SLC7A5,Endo CLDN5 SLC7A5,Excitatory neuron,11.76470588235294,Pyramidal cells,9.411764705882355,Neuron,8.968609865470851
3922,Endo CLDN5 SLC7A5,Endo CLDN5 SLC7A5,Excitatory neuron,11.76470588235294,Pyramidal cells,9.411764705882355,Neuron,8.968609865470851
3923,Astro AQP4 SLC1A2,Astro AQP4 SLC1A2,Astrocyte,6.94980694980695,Stem cell,5.47945205479452,Satellite glial cells,5.405405405405405
3924,Endo CLDN5 SLC7A5,Endo CLDN5 SLC7A5,Excitatory neuron,11.76470588235294,Pyramidal cells,9.411764705882355,Neuron,8.968609865470851
3925,Endo CLDN5 SLC7A5,Endo CLDN5 SLC7A5,Excitatory neuron,11.76470588235294,Pyramidal cells,9.411764705882355,Neuron,8.968609865470851
3926,InN VIP HS3ST3B1,InN VIP HS3ST3B1,Purkinje neurons,7.339449541284404,Neuroblasts,6.0,Lake et al.science.ex8,5.5045871559633035
3927,Oligo MOG OPALIN,Oligo MOG OPALIN,Oligodendrocytes,11.594202898550725,Oligodendrocyte,9.44206008583691,Mature oligodendrocyte,7.2727272727272725
3928,InN PVALB HPSE,InN PVALB HPSE,Parvalbumin interneuron,7.4074074074074066,Lake et al.science.ex6,7.1428571428571415,Purkinje neurons,5.5045871559633035
3929,Endo CLDN5 SLC7A5,Endo CLDN5 SLC7A5,Excitatory neuron,11.76470588235294,Pyramidal cells,9.411764705882355,Neuron,8.968609865470851
3930,Endo CLDN5 SLC7A5,Endo CLDN5 SLC7A5,Excitatory neuron,11.76470588235294,Pyramidal cells,9.411764705882355,Neuron,8.968609865470851
3931,Astro AQP4 SLC1A2,Astro AQP4 SLC1A2,Astrocyte,6.94980694980695,Stem cell,5.47945205479452,Satellite glial cells,5.405405405405405
3932,Endo CLDN5 SLC7A5,Endo CLDN5 SLC7A5,Excitatory neuron,11.76470588235294,Pyramidal cells,9.411764705882355,Neuron,8.968609865470851
3933,InN VIP HS3ST3B1,InN VIP HS3ST3B1,Purkinje neurons,7.339449541284404,Neuroblasts,6.0,Lake et al.science.ex8,5.5045871559633035
3934,Endo CLDN5 SLC7A5,Endo CLDN5 SLC7A5,Excitatory neuron,11.76470588235294,Pyramidal cells,9.411764705882355,Neuron,8.968609865470851
3935,Endo CLDN5 SLC7A5,Endo CLDN5 SLC7A5,Excitatory neuron,11.76470588235294,Pyramidal cells,9.411764705882355,Neuron,8.968609865470851
3936,InN VIP HS3ST3B1,InN VIP HS3ST3B1,Purkinje neurons,7.339449541284404,Neuroblasts,6.0,Lake et al.science.ex8,5.5045871559633035
3937,Endo CLDN5 SLC7A5,Endo CLDN5 SLC7A5,Excitatory neuron,11.76470588235294,Pyramidal cells,9.411764705882355,Neuron,8.968609865470851
3938,Endo CLDN5 SLC7A5,Endo CLDN5 SLC7A5,Excitatory neuron,11.76470588235294,Pyramidal cells,9.411764705882355,Neuron,8.968609865470851
3939,OPC PDGFRA PCDH15,OPC PDGFRA PCDH15,Oligodendrocyte precursor cell,22.22222222222222,Oligodendrocyte progenitor cells,15.384615384615383,Oligodendrocyte progenitor cell,13.114754098360654
3940,L3-5 RORB PCBP3 IL1RAPL2,L3-5 RORB PCBP3 IL1RAPL2,Retinal ganglion cells,3.361344537815126,Lake et al.science.ex4,3.1746031746031753,Neuroendocrine cells,2.5974025974025974
3941,Endo CLDN5 SLC7A5,Endo CLDN5 SLC7A5,Excitatory neuron,11.76470588235294,Pyramidal cells,9.411764705882355,Neuron,8.968609865470851
3942,Endo CLDN5 SLC7A5,Endo CLDN5 SLC7A5,Excitatory neuron,11.76470588235294,Pyramidal cells,9.411764705882355,Neuron,8.968609865470851
3943,L3-5 RORB GABRG1 KCNH7,L3-5 RORB GABRG1 KCNH7,Somatostatin interneuron,3.6363636363636362,Lake et al.science.in5,3.508771929824562,Lake et al.science.ex5,3.389830508474577
3944,Endo CLDN5 SLC7A5,Endo CLDN5 SLC7A5,Excitatory neuron,11.76470588235294,Pyramidal cells,9.411764705882355,Neuron,8.968609865470851
3945,Endo CLDN5 SLC7A5,Endo CLDN5 SLC7A5,Excitatory neuron,11.76470588235294,Pyramidal cells,9.411764705882355,Neuron,8.968609865470851
3946,L2-3 CUX2 ACVR1C THSD7A,L2-3 CUX2 ACVR1C THSD7A,Somatostatin interneuron,3.6363636363636362,Neurons,3.1620553359683794,Cajal-retzius cells,3.125
3947,Oligo MOG OPALIN,Oligo MOG OPALIN,Oligodendrocytes,11.594202898550725,Oligodendrocyte,9.44206008583691,Mature oligodendrocyte,7.2727272727272725
3948,Astro AQP4 SLC1A2,Astro AQP4 SLC1A2,Astrocyte,6.94980694980695,Stem cell,5.47945205479452,Satellite glial cells,5.405405405405405
3949,Oligo MOG OPALIN,Oligo MOG OPALIN,Oligodendrocytes,11.594202898550725,Oligodendrocyte,9.44206008583691,Mature oligodendrocyte,7.2727272727272725
3950,Astro AQP4 SLC1A2,Astro AQP4 SLC1A2,Astrocyte,6.94980694980695,Stem cell,5.47945205479452,Satellite glial cells,5.405405405405405
3951,PC P2RY14 GRM8,PC P2RY14 GRM8,Pericyte,8.695652173913043,Endothelial cell,7.692307692307692,Mural cell,7.017543859649124
3952,Micro P2RY12 APBB1IP,Micro P2RY12 APBB1IP,Microglia,9.917355371900827,Microglial-specific cell,7.6923076923076925,Homeostatic microglial cell,7.142857142857142
3953,L5-6 FEZF2 NXPH2 GRIK1,L5-6 FEZF2 NXPH2 GRIK1,Lake et al.science.ex6,16.666666666666664,Epithelial cell,3.7735849056603774,Glutamatergic neuron,3.7037037037037033
3954,Endo CLDN5 SLC7A5,Endo CLDN5 SLC7A5,Excitatory neuron,11.76470588235294,Pyramidal cells,9.411764705882355,Neuron,8.968609865470851
3955,Endo CLDN5 SLC7A5,Endo CLDN5 SLC7A5,Excitatory neuron,11.76470588235294,Pyramidal cells,9.411764705882355,Neuron,8.968609865470851
3956,Endo CLDN5 SLC7A5,Endo CLDN5 SLC7A5,Excitatory neuron,11.76470588235294,Pyramidal cells,9.411764705882355,Neuron,8.968609865470851
3957,Endo CLDN5 SLC7A5,Endo CLDN5 SLC7A5,Excitatory neuron,11.76470588235294,Pyramidal cells,9.411764705882355,Neuron,8.968609865470851
3958,Oligo MOG OPALIN,Oligo MOG OPALIN,Oligodendrocytes,11.594202898550725,Oligodendrocyte,9.44206008583691,Mature oligodendrocyte,7.2727272727272725
3959,Endo CLDN5 SLC7A5,Endo CLDN5 SLC7A5,Excitatory neuron,11.76470588235294,Pyramidal cells,9.411764705882355,Neuron,8.968609865470851
3960,Micro P2RY12 APBB1IP,Micro P2RY12 APBB1IP,Microglia,9.917355371900827,Microglial-specific cell,7.6923076923076925,Homeostatic microglial cell,7.142857142857142
3961,L3-5 RORB MKX GRIN3A,L3-5 RORB MKX GRIN3A,Cajal-retzius cells,7.8125,Somatostatin interneuron,7.2727272727272725,Lake et al.science.in5,3.508771929824562
3962,Endo CLDN5 SLC7A5,Endo CLDN5 SLC7A5,Excitatory neuron,11.76470588235294,Pyramidal cells,9.411764705882355,Neuron,8.968609865470851
3963,Endo CLDN5 SLC7A5,Endo CLDN5 SLC7A5,Excitatory neuron,11.76470588235294,Pyramidal cells,9.411764705882355,Neuron,8.968609865470851
3964,Endo CLDN5 SLC7A5,Endo CLDN5 SLC7A5,Excitatory neuron,11.76470588235294,Pyramidal cells,9.411764705882355,Neuron,8.968609865470851
3965,InN SST FREM1,InN SST FREM1,Purkinje neurons,9.174311926605505,Oligodendrocyte precursor cell,6.349206349206351,Neuron,5.381165919282512
3966,Oligo MOG OPALIN,Oligo MOG OPALIN,Oligodendrocytes,11.594202898550725,Oligodendrocyte,9.44206008583691,Mature oligodendrocyte,7.2727272727272725
3967,Oligo MOG OPALIN,Oligo MOG OPALIN,Oligodendrocytes,11.594202898550725,Oligodendrocyte,9.44206008583691,Mature oligodendrocyte,7.2727272727272725
3968,InN PVALB HPSE,InN PVALB HPSE,Parvalbumin interneuron,7.4074074074074066,Lake et al.science.ex6,7.1428571428571415,Purkinje neurons,5.5045871559633035
3969,Endo CLDN5 SLC7A5,Endo CLDN5 SLC7A5,Excitatory neuron,11.76470588235294,Pyramidal cells,9.411764705882355,Neuron,8.968609865470851
3970,Astro AQP4 SLC1A2,Astro AQP4 SLC1A2,Astrocyte,6.94980694980695,Stem cell,5.47945205479452,Satellite glial cells,5.405405405405405
3971,Endo CLDN5 SLC7A5,Endo CLDN5 SLC7A5,Excitatory neuron,11.76470588235294,Pyramidal cells,9.411764705882355,Neuron,8.968609865470851
3972,Endo CLDN5 SLC7A5,Endo CLDN5 SLC7A5,Excitatory neuron,11.76470588235294,Pyramidal cells,9.411764705882355,Neuron,8.968609865470851
3973,L2-3 CUX2 ACVR1C THSD7A,L2-3 CUX2 ACVR1C THSD7A,Somatostatin interneuron,3.6363636363636362,Neurons,3.1620553359683794,Cajal-retzius cells,3.125
3974,Oligo MOG OPALIN,Oligo MOG OPALIN,Oligodendrocytes,11.594202898550725,Oligodendrocyte,9.44206008583691,Mature oligodendrocyte,7.2727272727272725
3975,Endo CLDN5 SLC7A5,Endo CLDN5 SLC7A5,Excitatory neuron,11.76470588235294,Pyramidal cells,9.411764705882355,Neuron,8.968609865470851
3976,Endo CLDN5 SLC7A5,Endo CLDN5 SLC7A5,Excitatory neuron,11.76470588235294,Pyramidal cells,9.411764705882355,Neuron,8.968609865470851
3977,Endo CLDN5 SLC7A5,Endo CLDN5 SLC7A5,Excitatory neuron,11.76470588235294,Pyramidal cells,9.411764705882355,Neuron,8.968609865470851
3978,Oligo MOG OPALIN,Oligo MOG OPALIN,Oligodendrocytes,11.594202898550725,Oligodendrocyte,9.44206008583691,Mature oligodendrocyte,7.2727272727272725
3979,Astro AQP4 SLC1A2,Astro AQP4 SLC1A2,Astrocyte,6.94980694980695,Stem cell,5.47945205479452,Satellite glial cells,5.405405405405405
3980,Endo CLDN5 SLC7A5,Endo CLDN5 SLC7A5,Excitatory neuron,11.76470588235294,Pyramidal cells,9.411764705882355,Neuron,8.968609865470851
3981,Astro AQP4 SLC1A2,Astro AQP4 SLC1A2,Astrocyte,6.94980694980695,Stem cell,5.47945205479452,Satellite glial cells,5.405405405405405
3982,InN SST FREM1,InN SST FREM1,Purkinje neurons,9.174311926605505,Oligodendrocyte precursor cell,6.349206349206351,Neuron,5.381165919282512
3983,Endo CLDN5 SLC7A5,Endo CLDN5 SLC7A5,Excitatory neuron,11.76470588235294,Pyramidal cells,9.411764705882355,Neuron,8.968609865470851
3984,L2-3 CUX2 ACVR1C THSD7A,L2-3 CUX2 ACVR1C THSD7A,Somatostatin interneuron,3.6363636363636362,Neurons,3.1620553359683794,Cajal-retzius cells,3.125
3985,L2-3 CUX2 ACVR1C THSD7A,L2-3 CUX2 ACVR1C THSD7A,Somatostatin interneuron,3.6363636363636362,Neurons,3.1620553359683794,Cajal-retzius cells,3.125
3986,L3-5 RORB PCBP3 IL1RAPL2,L3-5 RORB PCBP3 IL1RAPL2,Retinal ganglion cells,3.361344537815126,Lake et al.science.ex4,3.1746031746031753,Neuroendocrine cells,2.5974025974025974
3987,Oligo MOG OPALIN,Oligo MOG OPALIN,Oligodendrocytes,11.594202898550725,Oligodendrocyte,9.44206008583691,Mature oligodendrocyte,7.2727272727272725
3988,InN VIP HS3ST3B1,InN VIP HS3ST3B1,Purkinje neurons,7.339449541284404,Neuroblasts,6.0,Lake et al.science.ex8,5.5045871559633035
3989,Astro AQP4 SLC1A2,Astro AQP4 SLC1A2,Astrocyte,6.94980694980695,Stem cell,5.47945205479452,Satellite glial cells,5.405405405405405
3990,Endo CLDN5 SLC7A5,Endo CLDN5 SLC7A5,Excitatory neuron,11.76470588235294,Pyramidal cells,9.411764705882355,Neuron,8.968609865470851
3991,OPC PDGFRA PCDH15,OPC PDGFRA PCDH15,Oligodendrocyte precursor cell,22.22222222222222,Oligodendrocyte progenitor cells,15.384615384615383,Oligodendrocyte progenitor cell,13.114754098360654
3992,Endo CLDN5 SLC7A5,Endo CLDN5 SLC7A5,Excitatory neuron,11.76470588235294,Pyramidal cells,9.411764705882355,Neuron,8.968609865470851
3993,Endo CLDN5 SLC7A5,Endo CLDN5 SLC7A5,Excitatory neuron,11.76470588235294,Pyramidal cells,9.411764705882355,Neuron,8.968609865470851
3994,InN VIP HS3ST3B1,InN VIP HS3ST3B1,Purkinje neurons,7.339449541284404,Neuroblasts,6.0,Lake et al.science.ex8,5.5045871559633035
3995,InN LAMP5 BMP7,InN LAMP5 BMP7,Lake et al.science.in4,7.142857142857142,Bergmann glia,6.593406593406592,Gabaergic neurons,6.153846153846153
3996,L2-3 CUX2 ACVR1C THSD7A,L2-3 CUX2 ACVR1C THSD7A,Somatostatin interneuron,3.6363636363636362,Neurons,3.1620553359683794,Cajal-retzius cells,3.125
3997,Endo CLDN5 SLC7A5,Endo CLDN5 SLC7A5,Excitatory neuron,11.76470588235294,Pyramidal cells,9.411764705882355,Neuron,8.968609865470851
3998,InN SST FREM1,InN SST FREM1,Purkinje neurons,9.174311926605505,Oligodendrocyte precursor cell,6.349206349206351,Neuron,5.381165919282512
3999,InN SST FREM1,InN SST FREM1,Purkinje neurons,9.174311926605505,Oligodendrocyte precursor cell,6.349206349206351,Neuron,5.381165919282512
4000,Endo CLDN5 SLC7A5,Endo CLDN5 SLC7A5,Excitatory neuron,11.76470588235294,Pyramidal cells,9.411764705882355,Neuron,8.968609865470851
4001,Endo CLDN5 SLC7A5,Endo CLDN5 SLC7A5,Excitatory neuron,11.76470588235294,Pyramidal cells,9.411764705882355,Neuron,8.968609865470851
4002,Endo CLDN5 SLC7A5,Endo CLDN5 SLC7A5,Excitatory neuron,11.76470588235294,Pyramidal cells,9.411764705882355,Neuron,8.968609865470851
4003,Oligo MOG OPALIN,Oligo MOG OPALIN,Oligodendrocytes,11.594202898550725,Oligodendrocyte,9.44206008583691,Mature oligodendrocyte,7.2727272727272725
4004,Endo CLDN5 SLC7A5,Endo CLDN5 SLC7A5,Excitatory neuron,11.76470588235294,Pyramidal cells,9.411764705882355,Neuron,8.968609865470851
4005,Endo CLDN5 SLC7A5,Endo CLDN5 SLC7A5,Excitatory neuron,11.76470588235294,Pyramidal cells,9.411764705882355,Neuron,8.968609865470851
4006,InN SST FREM1,InN SST FREM1,Purkinje neurons,9.174311926605505,Oligodendrocyte precursor cell,6.349206349206351,Neuron,5.381165919282512
4007,Endo CLDN5 SLC7A5,Endo CLDN5 SLC7A5,Excitatory neuron,11.76470588235294,Pyramidal cells,9.411764705882355,Neuron,8.968609865470851
4008,Endo CLDN5 SLC7A5,Endo CLDN5 SLC7A5,Excitatory neuron,11.76470588235294,Pyramidal cells,9.411764705882355,Neuron,8.968609865470851
4009,Endo CLDN5 SLC7A5,Endo CLDN5 SLC7A5,Excitatory neuron,11.76470588235294,Pyramidal cells,9.411764705882355,Neuron,8.968609865470851
4010,Endo CLDN5 SLC7A5,Endo CLDN5 SLC7A5,Excitatory neuron,11.76470588235294,Pyramidal cells,9.411764705882355,Neuron,8.968609865470851
4011,Endo CLDN5 SLC7A5,Endo CLDN5 SLC7A5,Excitatory neuron,11.76470588235294,Pyramidal cells,9.411764705882355,Neuron,8.968609865470851
4012,Endo CLDN5 SLC7A5,Endo CLDN5 SLC7A5,Excitatory neuron,11.76470588235294,Pyramidal cells,9.411764705882355,Neuron,8.968609865470851
4013,Micro P2RY12 APBB1IP,Micro P2RY12 APBB1IP,Microglia,9.917355371900827,Microglial-specific cell,7.6923076923076925,Homeostatic microglial cell,7.142857142857142
4014,Micro P2RY12 APBB1IP,Micro P2RY12 APBB1IP,Microglia,9.917355371900827,Microglial-specific cell,7.6923076923076925,Homeostatic microglial cell,7.142857142857142
4015,Oligo MOG OPALIN,Oligo MOG OPALIN,Oligodendrocytes,11.594202898550725,Oligodendrocyte,9.44206008583691,Mature oligodendrocyte,7.2727272727272725
4016,Micro P2RY12 APBB1IP,Micro P2RY12 APBB1IP,Microglia,9.917355371900827,Microglial-specific cell,7.6923076923076925,Homeostatic microglial cell,7.142857142857142
4017,Oligo MOG OPALIN,Oligo MOG OPALIN,Oligodendrocytes,11.594202898550725,Oligodendrocyte,9.44206008583691,Mature oligodendrocyte,7.2727272727272725
4018,Endo CLDN5 SLC7A5,Endo CLDN5 SLC7A5,Excitatory neuron,11.76470588235294,Pyramidal cells,9.411764705882355,Neuron,8.968609865470851
4019,PC P2RY14 GRM8,PC P2RY14 GRM8,Pericyte,8.695652173913043,Endothelial cell,7.692307692307692,Mural cell,7.017543859649124
4020,Endo CLDN5 SLC7A5,Endo CLDN5 SLC7A5,Excitatory neuron,11.76470588235294,Pyramidal cells,9.411764705882355,Neuron,8.968609865470851
4021,L6 OPRK1 THEMIS RGS6,L6 OPRK1 THEMIS RGS6,Retinal ganglion cells,5.042016806722689,Neuron,4.484304932735426,Lake et al.science.ex8,3.669724770642202
4022,Micro P2RY12 APBB1IP,Micro P2RY12 APBB1IP,Microglia,9.917355371900827,Microglial-specific cell,7.6923076923076925,Homeostatic microglial cell,7.142857142857142
4023,Astro AQP4 SLC1A2,Astro AQP4 SLC1A2,Astrocyte,6.94980694980695,Stem cell,5.47945205479452,Satellite glial cells,5.405405405405405
4024,Endo CLDN5 SLC7A5,Endo CLDN5 SLC7A5,Excitatory neuron,11.76470588235294,Pyramidal cells,9.411764705882355,Neuron,8.968609865470851
4025,Endo CLDN5 SLC7A5,Endo CLDN5 SLC7A5,Excitatory neuron,11.76470588235294,Pyramidal cells,9.411764705882355,Neuron,8.968609865470851
4026,InN SST FREM1,InN SST FREM1,Purkinje neurons,9.174311926605505,Oligodendrocyte precursor cell,6.349206349206351,Neuron,5.381165919282512
4027,Endo CLDN5 SLC7A5,Endo CLDN5 SLC7A5,Excitatory neuron,11.76470588235294,Pyramidal cells,9.411764705882355,Neuron,8.968609865470851
4028,Endo CLDN5 SLC7A5,Endo CLDN5 SLC7A5,Excitatory neuron,11.76470588235294,Pyramidal cells,9.411764705882355,Neuron,8.968609865470851
4029,Endo CLDN5 SLC7A5,Endo CLDN5 SLC7A5,Excitatory neuron,11.76470588235294,Pyramidal cells,9.411764705882355,Neuron,8.968609865470851
4030,Endo CLDN5 SLC7A5,Endo CLDN5 SLC7A5,Excitatory neuron,11.76470588235294,Pyramidal cells,9.411764705882355,Neuron,8.968609865470851
4031,Endo CLDN5 SLC7A5,Endo CLDN5 SLC7A5,Excitatory neuron,11.76470588235294,Pyramidal cells,9.411764705882355,Neuron,8.968609865470851
4032,Endo CLDN5 SLC7A5,Endo CLDN5 SLC7A5,Excitatory neuron,11.76470588235294,Pyramidal cells,9.411764705882355,Neuron,8.968609865470851
4033,Oligo MOG OPALIN,Oligo MOG OPALIN,Oligodendrocytes,11.594202898550725,Oligodendrocyte,9.44206008583691,Mature oligodendrocyte,7.2727272727272725
4034,Endo CLDN5 SLC7A5,Endo CLDN5 SLC7A5,Excitatory neuron,11.76470588235294,Pyramidal cells,9.411764705882355,Neuron,8.968609865470851
4035,OPC PDGFRA PCDH15,OPC PDGFRA PCDH15,Oligodendrocyte precursor cell,22.22222222222222,Oligodendrocyte progenitor cells,15.384615384615383,Oligodendrocyte progenitor cell,13.114754098360654
4036,Astro AQP4 SLC1A2,Astro AQP4 SLC1A2,Astrocyte,6.94980694980695,Stem cell,5.47945205479452,Satellite glial cells,5.405405405405405
4037,Oligo MOG OPALIN,Oligo MOG OPALIN,Oligodendrocytes,11.594202898550725,Oligodendrocyte,9.44206008583691,Mature oligodendrocyte,7.2727272727272725
4038,Endo CLDN5 SLC7A5,Endo CLDN5 SLC7A5,Excitatory neuron,11.76470588235294,Pyramidal cells,9.411764705882355,Neuron,8.968609865470851
4039,Oligo MOG OPALIN,Oligo MOG OPALIN,Oligodendrocytes,11.594202898550725,Oligodendrocyte,9.44206008583691,Mature oligodendrocyte,7.2727272727272725
4040,Endo CLDN5 SLC7A5,Endo CLDN5 SLC7A5,Excitatory neuron,11.76470588235294,Pyramidal cells,9.411764705882355,Neuron,8.968609865470851
4041,Oligo MOG OPALIN,Oligo MOG OPALIN,Oligodendrocytes,11.594202898550725,Oligodendrocyte,9.44206008583691,Mature oligodendrocyte,7.2727272727272725
4042,Endo CLDN5 SLC7A5,Endo CLDN5 SLC7A5,Excitatory neuron,11.76470588235294,Pyramidal cells,9.411764705882355,Neuron,8.968609865470851
4043,Oligo MOG OPALIN,Oligo MOG OPALIN,Oligodendrocytes,11.594202898550725,Oligodendrocyte,9.44206008583691,Mature oligodendrocyte,7.2727272727272725
4044,Endo CLDN5 SLC7A5,Endo CLDN5 SLC7A5,Excitatory neuron,11.76470588235294,Pyramidal cells,9.411764705882355,Neuron,8.968609865470851
4045,Endo CLDN5 SLC7A5,Endo CLDN5 SLC7A5,Excitatory neuron,11.76470588235294,Pyramidal cells,9.411764705882355,Neuron,8.968609865470851
4046,Endo CLDN5 SLC7A5,Endo CLDN5 SLC7A5,Excitatory neuron,11.76470588235294,Pyramidal cells,9.411764705882355,Neuron,8.968609865470851
4047,Oligo MOG OPALIN,Oligo MOG OPALIN,Oligodendrocytes,11.594202898550725,Oligodendrocyte,9.44206008583691,Mature oligodendrocyte,7.2727272727272725
4048,Endo CLDN5 SLC7A5,Endo CLDN5 SLC7A5,Excitatory neuron,11.76470588235294,Pyramidal cells,9.411764705882355,Neuron,8.968609865470851
4049,Endo CLDN5 SLC7A5,Endo CLDN5 SLC7A5,Excitatory neuron,11.76470588235294,Pyramidal cells,9.411764705882355,Neuron,8.968609865470851
4050,Micro P2RY12 APBB1IP,Micro P2RY12 APBB1IP,Microglia,9.917355371900827,Microglial-specific cell,7.6923076923076925,Homeostatic microglial cell,7.142857142857142
4051,Endo CLDN5 SLC7A5,Endo CLDN5 SLC7A5,Excitatory neuron,11.76470588235294,Pyramidal cells,9.411764705882355,Neuron,8.968609865470851
4052,Endo CLDN5 SLC7A5,Endo CLDN5 SLC7A5,Excitatory neuron,11.76470588235294,Pyramidal cells,9.411764705882355,Neuron,8.968609865470851
4053,OPC PDGFRA PCDH15,OPC PDGFRA PCDH15,Oligodendrocyte precursor cell,22.22222222222222,Oligodendrocyte progenitor cells,15.384615384615383,Oligodendrocyte progenitor cell,13.114754098360654
4054,Endo CLDN5 SLC7A5,Endo CLDN5 SLC7A5,Excitatory neuron,11.76470588235294,Pyramidal cells,9.411764705882355,Neuron,8.968609865470851
4055,Endo CLDN5 SLC7A5,Endo CLDN5 SLC7A5,Excitatory neuron,11.76470588235294,Pyramidal cells,9.411764705882355,Neuron,8.968609865470851
4056,Astro AQP4 SLC1A2,Astro AQP4 SLC1A2,Astrocyte,6.94980694980695,Stem cell,5.47945205479452,Satellite glial cells,5.405405405405405
4057,Endo CLDN5 SLC7A5,Endo CLDN5 SLC7A5,Excitatory neuron,11.76470588235294,Pyramidal cells,9.411764705882355,Neuron,8.968609865470851
4058,Endo CLDN5 SLC7A5,Endo CLDN5 SLC7A5,Excitatory neuron,11.76470588235294,Pyramidal cells,9.411764705882355,Neuron,8.968609865470851
4059,Oligo MOG OPALIN,Oligo MOG OPALIN,Oligodendrocytes,11.594202898550725,Oligodendrocyte,9.44206008583691,Mature oligodendrocyte,7.2727272727272725
4060,Endo CLDN5 SLC7A5,Endo CLDN5 SLC7A5,Excitatory neuron,11.76470588235294,Pyramidal cells,9.411764705882355,Neuron,8.968609865470851
4061,Oligo MOG OPALIN,Oligo MOG OPALIN,Oligodendrocytes,11.594202898550725,Oligodendrocyte,9.44206008583691,Mature oligodendrocyte,7.2727272727272725
4062,Endo CLDN5 SLC7A5,Endo CLDN5 SLC7A5,Excitatory neuron,11.76470588235294,Pyramidal cells,9.411764705882355,Neuron,8.968609865470851
4063,Endo CLDN5 SLC7A5,Endo CLDN5 SLC7A5,Excitatory neuron,11.76470588235294,Pyramidal cells,9.411764705882355,Neuron,8.968609865470851
4064,InN SST FREM1,InN SST FREM1,Purkinje neurons,9.174311926605505,Oligodendrocyte precursor cell,6.349206349206351,Neuron,5.381165919282512
4065,Micro P2RY12 APBB1IP,Micro P2RY12 APBB1IP,Microglia,9.917355371900827,Microglial-specific cell,7.6923076923076925,Homeostatic microglial cell,7.142857142857142
4066,InN PVALB HPSE,InN PVALB HPSE,Parvalbumin interneuron,7.4074074074074066,Lake et al.science.ex6,7.1428571428571415,Purkinje neurons,5.5045871559633035
4067,Endo CLDN5 SLC7A5,Endo CLDN5 SLC7A5,Excitatory neuron,11.76470588235294,Pyramidal cells,9.411764705882355,Neuron,8.968609865470851
4068,Endo CLDN5 SLC7A5,Endo CLDN5 SLC7A5,Excitatory neuron,11.76470588235294,Pyramidal cells,9.411764705882355,Neuron,8.968609865470851
4069,Endo CLDN5 SLC7A5,Endo CLDN5 SLC7A5,Excitatory neuron,11.76470588235294,Pyramidal cells,9.411764705882355,Neuron,8.968609865470851
