,leiden,ctpt_individual_prediction,ctpt_confidence,ctpt_consensus_prediction,manual_annotation
AAACCCACAATACCTG-1,9,Endo CLDN5 SLC7A5,0.9855361297569619,Endo CLDN5 SLC7A5,
AAACCCACAGCAAGAC-1,2,Astro AQP4 SLC1A2,0.9473064410138817,Astro AQP4 SLC1A2,
AAACCCATCCGAGTGC-1,2,Astro AQP4 SLC1A2,0.91025208405523,Astro AQP4 SLC1A2,
AAACGAAAGGGACCAT-1,47,L5-6 FEZF2 NXPH2 GPC5,0.3583130462828144,L5-6 FEZF2 NXPH2 GRIK1,
AAACGAACACTCCACT-1,0,Oligo MOG OPALIN,0.9999853742746837,Oligo MOG OPALIN,
AAACGAACAGAAACCG-1,5,L2-3 CUX2 ACVR1C THSD7A,0.9997109722455838,L2-3 CUX2 ACVR1C THSD7A,
AAACGAATCAGCTTGA-1,18,Endo CLDN5 SLC7A5,0.8412337115304402,Endo CLDN5 SLC7A5,
AAACGAATCATGGATC-1,10,Endo CLDN5 SLC7A5,0.6262037306387966,Endo CLDN5 SLC7A5,
AAACGAATCATTTGTC-1,41,Astro GFAP AQP1,0.9866915384512063,Oligo MOG OPALIN,
AAACGAATCCACTGGG-1,3,Micro P2RY12 APBB1IP,0.995541201686417,Micro P2RY12 APBB1IP,
AAACGAATCGAGATGG-1,0,Oligo MOG OPALIN,0.9999858487548375,Oligo MOG OPALIN,
AAACGCTAGGCGCTTC-1,16,Oligo MOG OPALIN,0.8284399674837273,Endo CLDN5 SLC7A5,
AAACGCTCAGCAGGAT-1,6,Oligo MOG OPALIN,0.9970511574952341,Oligo MOG OPALIN,
AAACGCTCATAATGCC-1,14,Oligo MOG OPALIN,0.3803163609117407,Endo CLDN5 SLC7A5,
AAACGCTGTACAGAGC-1,0,Oligo MOG OPALIN,0.9998446656109642,Oligo MOG OPALIN,
AAACGCTTCGCACGAC-1,2,Endo CLDN5 SLC7A5,0.7338517233728531,Astro AQP4 SLC1A2,
AAAGAACAGACCATTC-1,7,Endo CLDN5 SLC7A5,0.9579385973661982,L3-5 RORB MKX GRIN3A,
AAAGAACAGCCGAATG-1,10,Endo CLDN5 SLC7A5,0.5503867789961059,Endo CLDN5 SLC7A5,
AAAGAACCAGCTACAT-1,18,Endo CLDN5 SLC7A5,0.7444527584728992,Endo CLDN5 SLC7A5,
AAAGAACCAGGGTTGA-1,41,Oligo MOG OPALIN,0.9313913073230382,Oligo MOG OPALIN,
AAAGAACGTACGTGTT-1,39,InN ADARB2 COL5A2,0.9509618561118137,InN LAMP5 BMP7,
AAAGAACTCACCTGGG-1,7,L3-5 RORB MKX GRIN3A,0.9880622654484028,L3-5 RORB MKX GRIN3A,
AAAGAACTCCGTCACT-1,2,Oligo MOG OPALIN,0.330532576715626,Astro AQP4 SLC1A2,
AAAGGATAGTTCTACG-1,11,InN SST THSD7B,0.9496421869658477,InN SST FREM1,
AAAGGATCAGAATGTA-1,5,L2-3 CUX2 NTNG1 COL5A2,0.3744994107027225,L2-3 CUX2 ACVR1C THSD7A,
AAAGGATCATGTGCCG-1,23,Endo CLDN5 SLC7A5,0.9475981537006887,Endo CLDN5 SLC7A5,
AAAGGATGTACGATTC-1,4,Endo CLDN5 SLC7A5,0.9919002425450703,Endo CLDN5 SLC7A5,
AAAGGATGTAGTCGTT-1,15,Endo CLDN5 SLC7A5,0.45933625389073063,Endo CLDN5 SLC7A5,
AAAGGATGTGGGTATG-1,30,Oligo MOG OPALIN,0.9269653343533522,Endo CLDN5 SLC7A5,
AAAGGGCCAACCAGAG-1,30,Endo CLDN5 SLC7A5,0.979413752761847,Endo CLDN5 SLC7A5,
AAAGGGCCAGCGTGAA-1,11,InN SST HS3ST5,0.8785409466060926,InN SST FREM1,
AAAGGGCGTGCCTTTC-1,0,Oligo MOG OPALIN,0.9999236081879509,Oligo MOG OPALIN,
AAAGGGCTCGGACGTC-1,28,Endo CLDN5 SLC7A5,0.9441718448165296,Endo CLDN5 SLC7A5,
AAAGGGCTCTTAAGGC-1,7,L3-5 RORB MKX DCC,0.9752369668309233,L3-5 RORB MKX GRIN3A,
AAAGGTAAGACCTTTG-1,1,Endo CLDN5 SLC7A5,0.9918948226098069,Endo CLDN5 SLC7A5,
AAAGGTAGTAGGTGCA-1,8,Endo CLDN5 SLC7A5,0.9105420572561702,Endo CLDN5 SLC7A5,
AAAGGTAGTCGTGTTA-1,0,Oligo MOG OPALIN,0.9999816316820592,Oligo MOG OPALIN,
AAAGGTAGTGATTGGG-1,42,PC P2RY14 GRM8,0.996530568654385,PC P2RY14 GRM8,
AAAGTCCAGCCACTCG-1,5,L3-5 RORB PCBP3 LINGO2,0.7166011302066345,L2-3 CUX2 ACVR1C THSD7A,
AAAGTCCCACTACCGG-1,40,Endo CLDN5 SLC7A5,0.5984827841040362,Endo CLDN5 SLC7A5,
AAAGTCCGTTCAAGTC-1,16,Endo CLDN5 SLC7A5,0.6302764861584252,Endo CLDN5 SLC7A5,
AAAGTCCTCTCTCGCA-1,36,L3-5 RORB GABRG1 PTPRO,0.4089179950533558,L3-5 RORB GABRG1 KCNH7,
AAAGTGAAGAGCATCG-1,20,Endo CLDN5 SLC7A5,0.954240710928277,Endo CLDN5 SLC7A5,
AAAGTGACAAGTTCGT-1,16,Endo CLDN5 SLC7A5,0.30888163897043286,Endo CLDN5 SLC7A5,
AAAGTGATCACCGGTG-1,3,Micro P2RY12 APBB1IP,0.867091200180911,Micro P2RY12 APBB1IP,
AAAGTGATCGCCAATA-1,7,L3-5 RORB MKX GALR1,0.32354986987708095,L3-5 RORB MKX GRIN3A,
AAATGGAAGCATCAGG-1,4,Endo CLDN5 SLC7A5,0.9699794721015221,Endo CLDN5 SLC7A5,
AAATGGACAACTCGAT-1,19,Oligo MOG OPALIN,0.5998558934587277,Endo CLDN5 SLC7A5,
AAATGGAGTATGATCC-1,6,Oligo MOG OPALIN,0.9999999251603462,Oligo MOG OPALIN,
AAATGGATCCTCACTG-1,27,Oligo MOG OPALIN,0.9798260771798643,Endo CLDN5 SLC7A5,
AAATGGATCGTTCCTG-1,8,Endo CLDN5 SLC7A5,0.9997325091001374,Endo CLDN5 SLC7A5,
AACAAAGAGGAAGTGA-1,13,Oligo MOG OPALIN,0.38472439594189567,OPC PDGFRA PCDH15,
AACAAAGCACTTTAGG-1,34,L6 FEZF2 SYT6 PTPRT,0.7695064263797887,L6 FEZF2 NPFFR2 KCNK2,
AACAAAGGTAGGTACG-1,6,Oligo MOG OPALIN,0.9999997611696785,Oligo MOG OPALIN,
AACAAAGTCATTACCT-1,17,Endo CLDN5 SLC7A5,0.9418281624968248,Endo CLDN5 SLC7A5,
AACAACCAGCGGGTAT-1,24,Endo CLDN5 SLC7A5,0.9797383736731445,Endo CLDN5 SLC7A5,
AACAACCAGTAATACG-1,26,InN PVALB HPSE,0.9934142871293743,InN PVALB HPSE,
AACAACCAGTCTTGGT-1,0,Oligo MOG OPALIN,0.9999949047391193,Oligo MOG OPALIN,
AACAACCCATCACGGC-1,7,L3-5 RORB MKX DCC,0.9988724543941808,L3-5 RORB MKX GRIN3A,
AACAACCTCATTACTC-1,31,InN ADARB2 RGS10,0.7001544023103174,InN VIP HS3ST3B1,
AACAAGAAGCTTACGT-1,8,Endo CLDN5 SLC7A5,0.7881768318691609,Endo CLDN5 SLC7A5,
AACAAGAAGGCCACCT-1,0,Oligo MOG OPALIN,0.9889913086888222,Oligo MOG OPALIN,
AACAAGACATTGGCAT-1,37,L2-3 CUX2 NTNG1 PALMD,0.562082459150813,Endo CLDN5 SLC7A5,
AACACACCACGCAAAG-1,18,L3-5 RORB MKX GRIN3A,0.3844296692867885,Endo CLDN5 SLC7A5,
AACACACCATGGGCAA-1,27,Endo CLDN5 SLC7A5,0.599163400151521,Endo CLDN5 SLC7A5,
AACACACTCACACCGG-1,2,Endo CLDN5 SLC7A5,0.579099229712297,Astro AQP4 SLC1A2,
AACACACTCCCAATAG-1,9,Endo CLDN5 SLC7A5,0.9653749306477671,Endo CLDN5 SLC7A5,
AACAGGGAGAACGCGT-1,11,InN SST THSD7B,0.9009337429607117,InN SST FREM1,
AACAGGGCACTTTATC-1,11,InN SST HTR2C,0.9986042081406848,InN SST FREM1,
AACAGGGGTAGGAGTC-1,1,Endo CLDN5 SLC7A5,0.8335993130165769,Endo CLDN5 SLC7A5,
AACAGGGTCATACAGC-1,7,Endo CLDN5 SLC7A5,0.6325421352364262,L3-5 RORB MKX GRIN3A,
AACAGGGTCCCATAAG-1,13,OPC PDGFRA PCDH15,0.9999999999142686,OPC PDGFRA PCDH15,
AACAGGGTCGATTCCC-1,17,Endo CLDN5 SLC7A5,0.5144871812917916,Endo CLDN5 SLC7A5,
AACCAACGTCCTACAA-1,25,Endo CLDN5 SLC7A5,0.6167587605403823,Endo CLDN5 SLC7A5,
AACCACACAACGTATC-1,2,Astro AQP4 SLC1A2,0.5645508963216164,Astro AQP4 SLC1A2,
AACCACACACTGTGTA-1,30,Endo CLDN5 SLC7A5,0.7312348648125687,Endo CLDN5 SLC7A5,
AACCACACAGGTTACT-1,0,Oligo MOG OPALIN,0.9999912626500472,Oligo MOG OPALIN,
AACCACAGTAGTTCCA-1,46,L3-5 RORB PCBP3 ARHGAP15,0.6924988449615979,L3-5 RORB PCBP3 IL1RAPL2,
AACCACATCGTAGCCG-1,42,PC P2RY14 GRM8,0.9414660684564458,PC P2RY14 GRM8,
AACCACATCTGTAACG-1,30,Endo CLDN5 SLC7A5,0.9781770736850955,Endo CLDN5 SLC7A5,
AACCATGAGTAAATGC-1,18,Endo CLDN5 SLC7A5,0.3203493041068577,Endo CLDN5 SLC7A5,
AACCATGCAAAGGGTC-1,8,Endo CLDN5 SLC7A5,0.7572437924245067,Endo CLDN5 SLC7A5,
AACCATGCACCTGCGA-1,30,Endo CLDN5 SLC7A5,0.9839223071635516,Endo CLDN5 SLC7A5,
AACCATGGTCCCTGAG-1,25,Endo CLDN5 SLC7A5,0.9572380345971571,Endo CLDN5 SLC7A5,
AACCATGTCGATTCCC-1,36,L3-5 RORB TNNT2 PRRX1,0.8105108535257873,L3-5 RORB GABRG1 KCNH7,
AACCCAACACAAAGTA-1,19,Endo CLDN5 SLC7A5,0.9572803019081944,Endo CLDN5 SLC7A5,
AACCCAACATATCTGG-1,1,Endo CLDN5 SLC7A5,0.9818166155654235,Endo CLDN5 SLC7A5,
AACCCAAGTGGCTTGC-1,7,L3-5 RORB MKX DCC,0.9582792703837002,L3-5 RORB MKX GRIN3A,
AACCCAATCACCCTGT-1,10,Endo CLDN5 SLC7A5,0.9195754720825482,Endo CLDN5 SLC7A5,
AACCCAATCTTCCCGA-1,2,Endo CLDN5 SLC7A5,0.8461663591511341,Astro AQP4 SLC1A2,
AACCCAATCTTGTTAC-1,10,Oligo MOG OPALIN,0.9983928541937511,Endo CLDN5 SLC7A5,
AACCTGAAGCTTCATG-1,11,InN SST TRPC7,0.5547891255531361,InN SST FREM1,
AACCTTTAGTTACTCG-1,6,Oligo MOG OPALIN,0.999985118395194,Oligo MOG OPALIN,
AACCTTTCAGCTGAGA-1,30,Oligo MOG OPALIN,0.5633268232342403,Endo CLDN5 SLC7A5,
AACCTTTGTCCACATA-1,13,OPC PDGFRA PCDH15,0.999999998103775,OPC PDGFRA PCDH15,
AACCTTTTCGACGACC-1,6,Oligo MOG OPALIN,0.9817493586193746,Oligo MOG OPALIN,
AACCTTTTCGCACGGT-1,17,Endo CLDN5 SLC7A5,0.9856237739879392,Endo CLDN5 SLC7A5,
AACGAAACAAGCGCTC-1,41,Oligo MOG OPALIN,0.9999974659009306,Oligo MOG OPALIN,
AACGGGAAGACCATAA-1,17,Endo CLDN5 SLC7A5,0.710889137319688,Endo CLDN5 SLC7A5,
AACGGGAAGTGCGTCC-1,9,Endo CLDN5 SLC7A5,0.7853076071550156,Endo CLDN5 SLC7A5,
AACGGGAGTAATACCC-1,26,InN PVALB PIEZO2,0.9619563147331934,InN PVALB HPSE,
AACGGGAGTTGATCGT-1,30,Endo CLDN5 SLC7A5,0.9395702279187574,Endo CLDN5 SLC7A5,
AACGGGATCGCTGACG-1,17,Endo CLDN5 SLC7A5,0.9042534065455228,Endo CLDN5 SLC7A5,
AACGTCAAGGCCATAG-1,4,Endo CLDN5 SLC7A5,0.9811818412186715,Endo CLDN5 SLC7A5,
AACGTCAGTGGACTGA-1,1,Endo CLDN5 SLC7A5,0.884260917803063,Endo CLDN5 SLC7A5,
AACGTCAGTGGGAGAG-1,17,Endo CLDN5 SLC7A5,0.9244770011016222,Endo CLDN5 SLC7A5,
AACGTCAGTTTAGTCG-1,7,L3-5 RORB MKX GRIN3A,0.731887070724705,L3-5 RORB MKX GRIN3A,
AACGTCATCCGTAATG-1,1,Endo CLDN5 SLC7A5,0.5764931974654858,Endo CLDN5 SLC7A5,
AACGTCATCGAACCAT-1,27,Endo CLDN5 SLC7A5,0.7613992753222867,Endo CLDN5 SLC7A5,
AACTTCTGTCTAACGT-1,7,L3-5 RORB MKX GRIN3A,0.9099724579871877,L3-5 RORB MKX GRIN3A,
AACTTCTGTGGAACCA-1,23,Endo CLDN5 SLC7A5,0.9366750405113053,Endo CLDN5 SLC7A5,
AACTTCTTCTCCCATG-1,8,Endo CLDN5 SLC7A5,0.5027392069765855,Endo CLDN5 SLC7A5,
AACTTCTTCTCTTCAA-1,9,Endo CLDN5 SLC7A5,0.5134876070640675,Endo CLDN5 SLC7A5,
AAGAACAAGCCGTAAG-1,32,Oligo MOG OPALIN,0.9983204305761345,Endo CLDN5 SLC7A5,
AAGAACACAAGACTGG-1,16,Endo CLDN5 SLC7A5,0.9982592700097603,Endo CLDN5 SLC7A5,
AAGAACACACCCAAGC-1,10,Endo CLDN5 SLC7A5,0.8925857647853973,Endo CLDN5 SLC7A5,
AAGAACACACGACAGA-1,24,Endo CLDN5 SLC7A5,0.36267918465889326,Endo CLDN5 SLC7A5,
AAGAACACAGTATACC-1,44,Endo CLDN5 SLC7A5,0.9226587934903919,Endo CLDN5 SLC7A5,
AAGAACACAGTGGGTA-1,9,Endo CLDN5 SLC7A5,0.7483426855410512,Endo CLDN5 SLC7A5,
AAGAACATCAAGAATG-1,18,Endo CLDN5 SLC7A5,0.4149595836225769,Endo CLDN5 SLC7A5,
AAGAACATCAGTGTGT-1,19,Endo CLDN5 SLC7A5,0.9241558792492454,Endo CLDN5 SLC7A5,
AAGAACATCGAAACAA-1,3,Micro P2RY12 APBB1IP,0.484512243213236,Micro P2RY12 APBB1IP,
AAGACAACACACGCCA-1,3,Micro P2RY12 APBB1IP,0.78692546795969,Micro P2RY12 APBB1IP,
AAGACAACACTCTGCT-1,19,Endo CLDN5 SLC7A5,0.5037131993973695,Endo CLDN5 SLC7A5,
AAGACAAGTTTCCATT-1,11,InN SST FREM1,0.9996216964389362,InN SST FREM1,
AAGACAAGTTTCGTTT-1,32,Oligo MOG OPALIN,0.9809269394037577,Endo CLDN5 SLC7A5,
AAGACTCAGCTTAAGA-1,32,Endo CLDN5 SLC7A5,0.985863726464803,Endo CLDN5 SLC7A5,
AAGACTCAGTAACGTA-1,5,L2-3 CUX2 NTNG1 PLCH1,0.4732755848199925,L2-3 CUX2 ACVR1C THSD7A,
AAGACTCAGTAGACAT-1,35,Oligo MOG OPALIN,0.8844334128140928,Endo CLDN5 SLC7A5,
AAGACTCTCACAATGC-1,10,Endo CLDN5 SLC7A5,0.9136734657085079,Endo CLDN5 SLC7A5,
AAGACTCTCGAAGCCC-1,0,Oligo MOG OPALIN,0.9990769387941485,Oligo MOG OPALIN,
AAGACTCTCGATGCTA-1,20,Endo CLDN5 SLC7A5,0.3396661385307701,Endo CLDN5 SLC7A5,
AAGATAGAGATTGATG-1,32,Oligo MOG OPALIN,0.953830990567291,Endo CLDN5 SLC7A5,
AAGATAGAGCTGCGAA-1,45,Oligo MOG OPALIN,0.8380650140737809,Endo CLDN5 SLC7A5,
AAGATAGGTTACACAC-1,29,PC P2RY14 GRM8,0.9596563413233341,PC P2RY14 GRM8,
AAGATAGTCAAGCGTT-1,2,Astro AQP4 SLC1A2,0.9972263596003081,Astro AQP4 SLC1A2,
AAGATAGTCATTCTTG-1,3,Micro P2RY12 APBB1IP,0.6964516329421874,Micro P2RY12 APBB1IP,
AAGATAGTCCACTTCG-1,4,L2-3 CUX2 NTNG1 PALMD,0.6612168770312039,Endo CLDN5 SLC7A5,
AAGCATCCAAGAGTAT-1,3,Micro P2RY12 GLDN,0.40125327757681245,Micro P2RY12 APBB1IP,
AAGCCATAGTTCTACG-1,0,Oligo MOG OPALIN,0.9999498265677128,Oligo MOG OPALIN,
AAGCCATCAAATCGTC-1,14,Endo CLDN5 SLC7A5,0.9999570795687284,Endo CLDN5 SLC7A5,
AAGCCATCAACAGCCC-1,40,Endo CLDN5 SLC7A5,0.9986328018013706,Endo CLDN5 SLC7A5,
AAGCCATGTTCTATCT-1,43,L3-5 RORB MKX GRIN3A,0.6216268699887423,Endo CLDN5 SLC7A5,
AAGCGAGAGGGCAATC-1,10,Endo CLDN5 SLC7A5,0.6767129842123729,Endo CLDN5 SLC7A5,
AAGCGAGCAGCATCTA-1,3,Micro P2RY12 APBB1IP,0.5269240333224569,Micro P2RY12 APBB1IP,
AAGCGAGCAGCTCATA-1,21,L6 OPRK1 THEMIS RGS6,0.9960452883327975,L6 OPRK1 THEMIS RGS6,
AAGCGAGGTGGAGGTT-1,20,Oligo MOG OPALIN,0.35360469378081044,Endo CLDN5 SLC7A5,
AAGCGAGTCAACTTTC-1,23,Endo CLDN5 SLC7A5,0.9770719737619575,Endo CLDN5 SLC7A5,
AAGCGAGTCCATACAG-1,14,Endo CLDN5 SLC7A5,0.9992464134766323,Endo CLDN5 SLC7A5,
AAGCGAGTCTACACTT-1,0,Oligo MOG OPALIN,0.973211084989789,Oligo MOG OPALIN,
AAGCGAGTCTTCTGTA-1,6,Oligo MOG OPALIN,0.9999999002752247,Oligo MOG OPALIN,
AAGCGTTAGTCATAGA-1,34,L6 FEZF2 NPFFR2 KCNK2,0.41566717484345983,L6 FEZF2 NPFFR2 KCNK2,
AAGCGTTCAGCTATAC-1,8,Oligo MOG OPALIN,0.7703731529776952,Endo CLDN5 SLC7A5,
AAGCGTTGTCGTATTG-1,31,InN VIP FREM2,0.984788205240417,InN VIP HS3ST3B1,
AAGCGTTGTTTGTTGG-1,2,Astro AQP4 SLC1A2,0.9802046977186968,Astro AQP4 SLC1A2,
AAGCGTTTCAATCCGA-1,43,Endo CLDN5 SLC7A5,0.9513178617448642,Endo CLDN5 SLC7A5,
AAGCGTTTCTCCGTGT-1,4,L2-3 CUX2 NTNG1 PALMD,0.5146533936017362,Endo CLDN5 SLC7A5,
AAGGAATCAGTCTCTC-1,1,Endo CLDN5 SLC7A5,0.6743933031031083,Endo CLDN5 SLC7A5,
AAGGAATGTGAAAGTT-1,29,PC P2RY14 GRM8,0.9999935358577406,PC P2RY14 GRM8,
AAGGAATGTGCGGATA-1,5,L2-3 CUX2 NTNG1 PALMD,0.9333854795789991,L2-3 CUX2 ACVR1C THSD7A,
AAGGAATGTTCGAGCC-1,0,Oligo MOG OPALIN,0.9820118564709394,Oligo MOG OPALIN,
AAGGTAAAGACGCCAA-1,39,InN LAMP5 ADAMTS20,0.9312420739269164,InN LAMP5 BMP7,
AAGGTAAGTAGGAAAG-1,16,Endo CLDN5 SLC7A5,0.8594990186552163,Endo CLDN5 SLC7A5,
AAGGTAATCACATCAG-1,3,Micro P2RY12 APBB1IP,0.30455631618319273,Micro P2RY12 APBB1IP,
AAGGTAATCATCACAG-1,16,Endo CLDN5 SLC7A5,0.9455227515799522,Endo CLDN5 SLC7A5,
AAGTACCAGCGGGTAT-1,8,Endo CLDN5 SLC7A5,0.5071572158059319,Endo CLDN5 SLC7A5,
AAGTACCAGGTCGCCT-1,2,Astro AQP4 SLC1A2,0.9877652926759993,Astro AQP4 SLC1A2,
AAGTACCCAGAGGGTT-1,5,L2-3 CUX2 ACVR1C INHBA,0.3452381415503662,L2-3 CUX2 ACVR1C THSD7A,
AAGTACCCAGTTAAAG-1,39,InN LAMP5 BMP7,0.9982765003437816,InN LAMP5 BMP7,
AAGTACCCATCGTTCC-1,18,L6 OPRK1 THEMIS RGS6,0.8707091404651712,Endo CLDN5 SLC7A5,
AAGTACCTCCCGAGAC-1,18,Endo CLDN5 SLC7A5,0.9846161743434662,Endo CLDN5 SLC7A5,
AAGTACCTCGCAATGT-1,40,Endo CLDN5 SLC7A5,0.3678533700791264,Endo CLDN5 SLC7A5,
AAGTCGTCAGATACCT-1,15,Oligo MOG OPALIN,0.9820686519192955,Endo CLDN5 SLC7A5,
AAGTCGTCAGGTGTGA-1,0,Oligo MOG OPALIN,0.9648179029631324,Oligo MOG OPALIN,
AAGTCGTTCTACTTCA-1,11,InN SST FREM1,0.9377058771847516,InN SST FREM1,
AAGTGAACAGACACAG-1,36,L3-5 RORB GABRG1 KCNH7,0.5426021706042669,L3-5 RORB GABRG1 KCNH7,
AAGTGAAGTCCAGTTA-1,2,Astro GFAP AQP1,0.7600321133097689,Astro AQP4 SLC1A2,
AAGTGAAGTCGCGGTT-1,11,InN SST FREM1,0.9976124081046136,InN SST FREM1,
AAGTGAATCCAGGACC-1,13,Endo CLDN5 SLC7A5,0.32809232261562665,OPC PDGFRA PCDH15,
AAGTTCGAGTGCCAGA-1,0,Oligo MOG OPALIN,0.9999809607315742,Oligo MOG OPALIN,
AAGTTCGCAGTGTGGA-1,26,InN PVALB HPSE,0.9986176945959291,InN PVALB HPSE,
AAGTTCGCATCGAAGG-1,4,Oligo MOG OPALIN,0.8257467325083259,Endo CLDN5 SLC7A5,
AAGTTCGTCACCGGTG-1,9,Endo CLDN5 SLC7A5,0.9918524742092154,Endo CLDN5 SLC7A5,
AAGTTCGTCTGAGCAT-1,2,Astro GFAP AQP1,0.9984694813458681,Astro AQP4 SLC1A2,
AATAGAGAGAGAACCC-1,11,InN SST STK32A,0.4145568315756404,InN SST FREM1,
AATAGAGCACCCTTAC-1,7,L3-5 RORB MKX GRIN3A,0.9909337210631127,L3-5 RORB MKX GRIN3A,
AATAGAGCACTCTGCT-1,3,Oligo MOG OPALIN,0.3168866560321266,Micro P2RY12 APBB1IP,
AATAGAGGTGATAGTA-1,46,L3-5 RORB PCBP3 IL1RAPL2,0.726511835543327,L3-5 RORB PCBP3 IL1RAPL2,
AATAGAGTCACTTTGT-1,6,Oligo MOG OPALIN,0.9999998585523493,Oligo MOG OPALIN,
AATAGAGTCGGCTTGG-1,0,Oligo MOG OPALIN,0.9886824629003171,Oligo MOG OPALIN,
AATCACGAGAAACTGT-1,32,Endo CLDN5 SLC7A5,0.4874078162063114,Endo CLDN5 SLC7A5,
AATCACGAGCACGTCC-1,43,Endo CLDN5 SLC7A5,0.996226678504352,Endo CLDN5 SLC7A5,
AATCACGCAACTCGAT-1,11,InN SST FREM1,0.9409398217398859,InN SST FREM1,
AATCACGCAAGGGTCA-1,3,Micro P2RY12 GLDN,0.6549214617294853,Micro P2RY12 APBB1IP,
AATCACGCACGACAGA-1,2,Endo CLDN5 SLC7A5,0.33052894521431403,Astro AQP4 SLC1A2,
AATCACGCAGTCTACA-1,28,Endo CLDN5 SLC7A5,0.9821073970717704,Endo CLDN5 SLC7A5,
AATCACGGTGATTCAC-1,3,Micro P2RY12 APBB1IP,0.9999746236850523,Micro P2RY12 APBB1IP,
AATCACGGTTGCACGC-1,1,Endo CLDN5 SLC7A5,0.7921959210911149,Endo CLDN5 SLC7A5,
AATCGACCATGATGCT-1,12,Oligo MOG OPALIN,0.494662583358646,Endo CLDN5 SLC7A5,
AATCGACCATGTGGTT-1,38,Endo CLDN5 SLC7A5,0.41113991307511305,Endo CLDN5 SLC7A5,
AATCGACGTCGCTGCA-1,2,Astro AQP4 SLC1A2,0.8305349302767305,Astro AQP4 SLC1A2,
AATCGACTCTTCTGTA-1,0,Oligo MOG OPALIN,0.9994176877158714,Oligo MOG OPALIN,
AATCGTGAGCAGGCTA-1,16,Oligo MOG OPALIN,0.9756479635925477,Endo CLDN5 SLC7A5,
AATCGTGTCAATCTCT-1,18,Oligo MOG OPALIN,0.36934864040162924,Endo CLDN5 SLC7A5,
AATCGTGTCAGTAGGG-1,17,Endo CLDN5 SLC7A5,0.7684183533237964,Endo CLDN5 SLC7A5,
AATGAAGCAGAGGCAT-1,22,Oligo MOG OPALIN,0.9978943615913117,Endo CLDN5 SLC7A5,
AATGAAGCAGGTGTGA-1,7,L3-5 RORB MKX GRIN3A,0.9615469832054044,L3-5 RORB MKX GRIN3A,
AATGAAGCATGGCTAT-1,25,Endo CLDN5 SLC7A5,0.9821871510652108,Endo CLDN5 SLC7A5,
AATGAAGGTAGAGTTA-1,2,Astro GFAP FABP7,0.9931090084293092,Astro AQP4 SLC1A2,
AATGACCAGACCAAAT-1,4,Endo CLDN5 SLC7A5,0.8994575964434878,Endo CLDN5 SLC7A5,
AATGACCAGAGCCTGA-1,22,Endo CLDN5 SLC7A5,0.39230157247700054,Endo CLDN5 SLC7A5,
AATGACCCAAGCGGAT-1,42,PC P2RY14 GRM8,0.9999988000930693,PC P2RY14 GRM8,
AATGACCCAGCGCTTG-1,4,Endo CLDN5 SLC7A5,0.9944178722683649,Endo CLDN5 SLC7A5,
AATGACCTCGAGCCAC-1,0,Oligo MOG OPALIN,0.9999857770110095,Oligo MOG OPALIN,
AATGCCACAGCAGAAC-1,24,Oligo MOG OPALIN,0.9464318474599294,Endo CLDN5 SLC7A5,
AATGCCACAGCTGAAG-1,2,Astro AQP4 SLC1A2,0.8664723258353041,Astro AQP4 SLC1A2,
AATGCCAGTGCGAGTA-1,20,Oligo MOG OPALIN,0.7813089604016945,Endo CLDN5 SLC7A5,
AATGCCAGTTATGTCG-1,32,Oligo MOG OPALIN,0.9115710347487594,Endo CLDN5 SLC7A5,
AATGCCATCCAAACCA-1,18,Oligo MOG OPALIN,0.9323820905504837,Endo CLDN5 SLC7A5,
AATGGAACAACGACAG-1,9,Endo CLDN5 SLC7A5,0.9694405781882388,Endo CLDN5 SLC7A5,
AATGGAAGTGCCCAGT-1,21,Endo CLDN5 SLC7A5,0.329941351392007,L6 OPRK1 THEMIS RGS6,
AATGGAATCGGCACTG-1,3,Micro P2RY12 GLDN,0.9037909590155754,Micro P2RY12 APBB1IP,
AATGGCTAGCCTATTG-1,7,Endo CLDN5 SLC7A5,0.5355274620605556,L3-5 RORB MKX GRIN3A,
AATGGCTCAGGTAGTG-1,1,Endo CLDN5 SLC7A5,0.9473436112153468,Endo CLDN5 SLC7A5,
AATGGCTGTACAATAG-1,15,Endo CLDN5 SLC7A5,0.43809303603899147,Endo CLDN5 SLC7A5,
AATGGCTTCAGATTGC-1,5,L2-3 CUX2 ACVR1C THSD7A,0.997852835355756,L2-3 CUX2 ACVR1C THSD7A,
AATGGCTTCATGCCAA-1,4,Endo CLDN5 SLC7A5,0.5023477351661357,Endo CLDN5 SLC7A5,
AATTCCTAGTAGGATT-1,3,Micro P2RY12 APBB1IP,0.8046213732858152,Micro P2RY12 APBB1IP,
AATTCCTAGTGCCTCG-1,14,Endo CLDN5 SLC7A5,0.9525422229124684,Endo CLDN5 SLC7A5,
AATTCCTCACTCCGGA-1,5,L2-3 CUX2 NTNG1 PALMD,0.42746609130138385,L2-3 CUX2 ACVR1C THSD7A,
AATTCCTGTGGACTAG-1,27,Endo CLDN5 SLC7A5,0.9163287195317072,Endo CLDN5 SLC7A5,
AATTCCTGTTTGTTCT-1,1,Endo CLDN5 SLC7A5,0.6944872185017246,Endo CLDN5 SLC7A5,
AATTTCCCAGAATTCC-1,22,Oligo MOG OPALIN,0.9598021177720003,Endo CLDN5 SLC7A5,
AATTTCCGTACCGTGC-1,11,InN SST HGF GABRQ,0.6245367593282616,InN SST FREM1,
AATTTCCGTTCAGCTA-1,5,L2-4 CUX2 RORB CLMN,0.3040219935868705,L2-3 CUX2 ACVR1C THSD7A,
ACAAAGAAGCACCCAC-1,39,InN LAMP5 BMP7,0.9844830273568537,InN LAMP5 BMP7,
ACAAAGACACCTATCC-1,1,Endo CLDN5 SLC7A5,0.7224564427817233,Endo CLDN5 SLC7A5,
ACAAAGAGTACACGTT-1,13,OPC PDGFRA PCDH15,0.9999999977995588,OPC PDGFRA PCDH15,
ACAACCACAGGAACCA-1,10,Endo CLDN5 SLC7A5,0.4674226612578156,Endo CLDN5 SLC7A5,
ACAACCACAGTTCCAA-1,33,Endo CLDN5 SLC7A5,0.9650277546387385,Endo CLDN5 SLC7A5,
ACAACCAGTGGTCTTA-1,35,Oligo MOG OPALIN,0.3917397637003137,Endo CLDN5 SLC7A5,
ACAACCATCCATAGAC-1,8,Oligo MOG OPALIN,0.9943996552173558,Endo CLDN5 SLC7A5,
ACAACCATCGAGTCCG-1,1,Endo CLDN5 SLC7A5,0.7847078398373288,Endo CLDN5 SLC7A5,
ACAAGCTAGAAGAGCA-1,31,InN VIP SCML4,0.9928820377271692,InN VIP HS3ST3B1,
ACAAGCTAGGTGCCTC-1,11,InN SST HTR2C,0.7992912702994606,InN SST FREM1,
ACAAGCTCATGTGCTA-1,10,Oligo MOG OPALIN,0.6228929490780126,Endo CLDN5 SLC7A5,
ACAAGCTGTAGTGATA-1,39,InN LAMP5 LHX6 TAC1,0.9574093057538252,InN LAMP5 BMP7,
ACAAGCTTCTAGTACG-1,3,Micro P2RY12 APBB1IP,0.9753054132294756,Micro P2RY12 APBB1IP,
ACACAGTGTAAGATAC-1,29,PC P2RY14 GRM8,0.9999987046333474,PC P2RY14 GRM8,
ACACAGTTCCTGTACC-1,0,Endo CLDN5 SLC7A5,0.6006712795873017,Oligo MOG OPALIN,
ACACCAACAGGCCCTA-1,28,Oligo MOG OPALIN,0.7527403712745346,Endo CLDN5 SLC7A5,
ACACCAAGTGTTTGCA-1,12,Endo CLDN5 SLC7A5,0.9782672857427206,Endo CLDN5 SLC7A5,
ACACCAATCAGCGGAA-1,6,Oligo MOG OPALIN,0.9989660901909495,Oligo MOG OPALIN,
ACACCAATCGGCTGAC-1,41,Oligo MOG OPALIN,0.9615581731114267,Oligo MOG OPALIN,
ACACCAATCTATCCAT-1,12,Oligo MOG OPALIN,0.5900687962886705,Endo CLDN5 SLC7A5,
ACACGCGCAATAGTCC-1,4,Endo CLDN5 SLC7A5,0.9855932666606168,Endo CLDN5 SLC7A5,
ACACGCGCACGGGCTT-1,14,Endo CLDN5 SLC7A5,0.9912372843324602,Endo CLDN5 SLC7A5,
ACACGCGCAGCATTGT-1,33,Endo CLDN5 SLC7A5,0.8845726701456604,Endo CLDN5 SLC7A5,
ACACGCGGTGGGCTCT-1,7,L3-5 RORB MKX GRIN3A,0.5708124141718746,L3-5 RORB MKX GRIN3A,
ACACGCGTCATCGCCT-1,14,Endo CLDN5 SLC7A5,0.3818260675256331,Endo CLDN5 SLC7A5,
ACACTGAAGTCGGGAT-1,0,Oligo MOG OPALIN,0.9998826479425232,Oligo MOG OPALIN,
ACACTGACATCCGATA-1,23,Endo CLDN5 SLC7A5,0.9180310548298698,Endo CLDN5 SLC7A5,
ACACTGAGTACAAGCG-1,18,L3-5 RORB GABRG1 PTPRO,0.5940957203211451,Endo CLDN5 SLC7A5,
ACACTGAGTTCATCGA-1,14,Endo CLDN5 SLC7A5,0.9530089286187793,Endo CLDN5 SLC7A5,
ACAGAAACACACACGC-1,44,Endo CLDN5 SLC7A5,0.9422731036940372,Endo CLDN5 SLC7A5,
ACAGAAACACCACATA-1,30,Endo CLDN5 SLC7A5,0.9922231350108228,Endo CLDN5 SLC7A5,
ACAGAAACAGAGTCAG-1,3,Micro P2RY12 APBB1IP,0.8854942816520617,Micro P2RY12 APBB1IP,
ACAGCCGAGGACAACC-1,23,Endo CLDN5 SLC7A5,0.5037539902526821,Endo CLDN5 SLC7A5,
ACAGCCGAGGCATCGA-1,34,L6 FEZF2 SYT6 CDH9,0.8288544682710084,L6 FEZF2 NPFFR2 KCNK2,
ACAGCCGAGGGAACAA-1,13,OPC PDGFRA PCDH15,0.9999999999999944,OPC PDGFRA PCDH15,
ACAGCCGAGTGGACTG-1,32,Endo CLDN5 SLC7A5,0.5380883429723227,Endo CLDN5 SLC7A5,
ACAGCCGCAGAACTCT-1,10,Endo CLDN5 SLC7A5,0.8842550988728785,Endo CLDN5 SLC7A5,
ACAGCCGCAGACCTGC-1,10,Endo CLDN5 SLC7A5,0.9760599052146598,Endo CLDN5 SLC7A5,
ACAGCCGCATACACCA-1,27,Oligo MOG OPALIN,0.9999426977855297,Endo CLDN5 SLC7A5,
ACAGCCGGTGCACGCT-1,9,Endo CLDN5 SLC7A5,0.8204385437293679,Endo CLDN5 SLC7A5,
ACAGCCGGTTACCTGA-1,23,Endo CLDN5 SLC7A5,0.9534158780490252,Endo CLDN5 SLC7A5,
ACAGCCGTCATTTCGT-1,3,Micro P2RY12 APBB1IP,0.9483968281014473,Micro P2RY12 APBB1IP,
ACAGCCGTCTTCGTGC-1,12,Endo CLDN5 SLC7A5,0.7569194723658805,Endo CLDN5 SLC7A5,
ACAGGGACAGACGGAT-1,25,Oligo MOG OPALIN,0.9836248615667915,Endo CLDN5 SLC7A5,
ACATCCCCAAAGGGCT-1,15,Oligo MOG OPALIN,0.9198762362924465,Endo CLDN5 SLC7A5,
ACATCCCCAGCACGAA-1,7,L3-5 RORB MKX GRIN3A,0.8105941868154667,L3-5 RORB MKX GRIN3A,
ACATCCCCAGTCCGTG-1,2,OPC PDGFRA PCDH15,0.39147902568534243,Astro AQP4 SLC1A2,
ACATCCCGTGAGATCG-1,11,InN SST THSD7B,0.9969660269003867,InN SST FREM1,
ACATCCCTCGTGAGAG-1,12,Oligo MOG OPALIN,0.8309313539458554,Endo CLDN5 SLC7A5,
ACATCGAAGCGACTAG-1,31,InN VIP MEGF11 LHFP,0.8062393078684191,InN VIP HS3ST3B1,
ACATCGAAGTCAGCGA-1,31,InN VIP MEGF11 LHFP,0.9815823086051858,InN VIP HS3ST3B1,
ACATCGACAAGTGACG-1,36,L3-5 RORB GABRG1 PTPRO,0.40126364269564535,L3-5 RORB GABRG1 KCNH7,
ACATGCACAACCCTCT-1,33,Oligo MOG OPALIN,0.38896559184854,Endo CLDN5 SLC7A5,
ACATGCACACACTTAG-1,2,Astro GFAP AQP1,0.9969854955834704,Astro AQP4 SLC1A2,
ACATGCACAGAGTGAC-1,10,Endo CLDN5 SLC7A5,0.9808561493150709,Endo CLDN5 SLC7A5,
ACATTTCAGGGCTGAT-1,8,Endo CLDN5 SLC7A5,0.9894772747389712,Endo CLDN5 SLC7A5,
ACATTTCCAGAGATGC-1,12,Endo CLDN5 SLC7A5,0.9240305603919546,Endo CLDN5 SLC7A5,
ACATTTCCAGCCGTCA-1,14,Endo CLDN5 SLC7A5,0.9842757018525163,Endo CLDN5 SLC7A5,
ACATTTCCATGGGATG-1,0,Oligo MOG OPALIN,0.9993267816790237,Oligo MOG OPALIN,
ACATTTCTCTCTGCTG-1,2,Astro AQP4 SLC1A2,0.9479049234603054,Astro AQP4 SLC1A2,
ACCAAACCAACTTGGT-1,10,Endo CLDN5 SLC7A5,0.7355775302174337,Endo CLDN5 SLC7A5,
ACCAAACGTGCCGTTG-1,39,InN LAMP5 LHX6 TAC1,0.9763678360585594,InN LAMP5 BMP7,
ACCAAACGTGGCGCTT-1,7,L2-4 CUX2 RORB CLMN,0.405432580317158,L3-5 RORB MKX GRIN3A,
ACCAACAAGAGCCGTA-1,3,Micro P2RY12 APBB1IP,0.40632239863081815,Micro P2RY12 APBB1IP,
ACCAACAAGGTCCCTG-1,16,L2-3 CUX2 NTNG1 PALMD,0.8593444435876367,Endo CLDN5 SLC7A5,
ACCAACACACCGTGCA-1,16,Endo CLDN5 SLC7A5,0.9800523627279855,Endo CLDN5 SLC7A5,
ACCAACACAGCTGAAG-1,33,Endo CLDN5 SLC7A5,0.9904045912882586,Endo CLDN5 SLC7A5,
ACCACAACAACGGTAG-1,44,Endo CLDN5 SLC7A5,0.6334548859876705,Endo CLDN5 SLC7A5,
ACCACAACAATCAGCT-1,5,L2-3 CUX2 ACVR1C THSD7A,0.9963840387608448,L2-3 CUX2 ACVR1C THSD7A,
ACCACAACACAGAGCA-1,14,Endo CLDN5 SLC7A5,0.37464895765789274,Endo CLDN5 SLC7A5,
ACCACAAGTTCGCGTG-1,0,Oligo MOG OPALIN,0.9995262423124954,Oligo MOG OPALIN,
ACCACAATCCTTATCA-1,5,L2-3 CUX2 NTNG1 PALMD,0.6000230096150598,L2-3 CUX2 ACVR1C THSD7A,
ACCATTTCAACACGTT-1,0,Oligo MOG OPALIN,0.9998760886042835,Oligo MOG OPALIN,
ACCATTTCAAGACGAC-1,2,Astro AQP4 SLC1A2,0.6916887295192808,Astro AQP4 SLC1A2,
ACCATTTGTGACATCT-1,14,Endo CLDN5 SLC7A5,0.9972251958816117,Endo CLDN5 SLC7A5,
ACCATTTGTGACCTGC-1,3,Micro P2RY12 APBB1IP,0.9967607219268797,Micro P2RY12 APBB1IP,
ACCATTTTCGACGATT-1,40,Endo CLDN5 SLC7A5,0.9048306265506942,Endo CLDN5 SLC7A5,
ACCCAAAAGAAGAACG-1,5,L2-3 CUX2 ACVR1C THSD7A,0.9766166577071836,L2-3 CUX2 ACVR1C THSD7A,
ACCCAAAAGCCTCAGC-1,40,Endo CLDN5 SLC7A5,0.9090059410174537,Endo CLDN5 SLC7A5,
ACCCAAAAGCGTTCCG-1,24,SMC ACTA2 CRISPLD2,0.3009936296474058,Endo CLDN5 SLC7A5,
ACCCAAAAGTAAACAC-1,2,Oligo MOG OPALIN,0.8930296160001104,Astro AQP4 SLC1A2,
ACCCAAACAAGCAGGT-1,16,Endo CLDN5 SLC7A5,0.5256145728058323,Endo CLDN5 SLC7A5,
ACCCAAACAGGCATGA-1,0,Oligo MOG OPALIN,0.9999002154457957,Oligo MOG OPALIN,
ACCCAAACATTCATCT-1,11,InN SST THSD7B,0.9998464983881955,InN SST FREM1,
ACCCAAAGTAGTCACT-1,24,Oligo MOG OPALIN,0.3132514309963189,Endo CLDN5 SLC7A5,
ACCCAAATCTAGTTCT-1,28,Endo CLDN5 SLC7A5,0.9449215366611848,Endo CLDN5 SLC7A5,
ACCCTCAAGGCCCGTT-1,41,Oligo MOG OPALIN,0.9923894305269655,Oligo MOG OPALIN,
ACCCTCAAGGGAACAA-1,26,InN PVALB PRKCH,0.9771661129396182,InN PVALB HPSE,
ACCCTCACAGTCAGTT-1,7,L3-5 RORB MKX GRIN3A,0.5931498448340036,L3-5 RORB MKX GRIN3A,
ACCCTCAGTCCAGTTA-1,16,Oligo MOG OPALIN,0.9081680921243027,Endo CLDN5 SLC7A5,
ACCCTCAGTTGGATCT-1,44,Endo CLDN5 SLC7A5,0.5567459911777468,Endo CLDN5 SLC7A5,
ACCCTTGCAGCCCACA-1,9,Endo CLDN5 SLC7A5,0.9111377464125179,Endo CLDN5 SLC7A5,
ACCCTTGTCCACGTCT-1,22,Endo CLDN5 SLC7A5,0.6327017022669277,Endo CLDN5 SLC7A5,
ACCGTTCCAAATGAAC-1,25,Oligo MOG OPALIN,0.5475429233995024,Endo CLDN5 SLC7A5,
ACCGTTCCACACCGAC-1,18,Endo CLDN5 SLC7A5,0.9359187815286691,Endo CLDN5 SLC7A5,
ACCGTTCGTGGAAATT-1,9,Oligo MOG OPALIN,0.6457458313837436,Endo CLDN5 SLC7A5,
ACCGTTCTCAGACCGC-1,9,Endo CLDN5 SLC7A5,0.9636947680739826,Endo CLDN5 SLC7A5,
ACCTACCCATTATGCG-1,27,Endo CLDN5 SLC7A5,0.6366014068567435,Endo CLDN5 SLC7A5,
ACCTACCGTTATTCTC-1,19,Endo CLDN5 SLC7A5,0.7707552217842057,Endo CLDN5 SLC7A5,
ACCTACCGTTCCACAA-1,13,OPC PDGFRA PCDH15,0.9999999999939588,OPC PDGFRA PCDH15,
ACCTGAAAGAGGATCC-1,2,Astro GFAP AQP1,0.30885449257968123,Astro AQP4 SLC1A2,
ACCTGAAAGATCGCCC-1,22,Endo CLDN5 SLC7A5,0.9384460218633756,Endo CLDN5 SLC7A5,
ACCTGAACACTGCGTG-1,11,InN SST HS3ST5,0.7258835550979602,InN SST FREM1,
ACCTGAAGTGAGCGAT-1,10,Endo CLDN5 SLC7A5,0.338665745662802,Endo CLDN5 SLC7A5,
ACCTGAATCAGCTGAT-1,27,Endo CLDN5 SLC7A5,0.9951651190230151,Endo CLDN5 SLC7A5,
ACCTGTCAGATGCCGA-1,6,Oligo MOG OPALIN,0.9999997077140322,Oligo MOG OPALIN,
ACCTGTCCAATAAGGT-1,33,Astro AQP4 SLC1A2,0.5655792639087831,Endo CLDN5 SLC7A5,
ACCTGTCCAGTCGTTA-1,40,L3-5 RORB MKX GRIN3A,0.5024885298273956,Endo CLDN5 SLC7A5,
ACCTGTCTCGACCATA-1,6,Oligo MOG OPALIN,0.9978510419765436,Oligo MOG OPALIN,
ACGATCATCCTCATAT-1,43,Oligo MOG OPALIN,0.6909228887011799,Endo CLDN5 SLC7A5,
ACGATGTAGCGCCTCA-1,10,Endo CLDN5 SLC7A5,0.6821302104389207,Endo CLDN5 SLC7A5,
ACGATGTAGTCACACT-1,38,Endo CLDN5 SLC7A5,0.780150835101981,Endo CLDN5 SLC7A5,
ACGATGTAGTTCCGGC-1,16,Endo CLDN5 SLC7A5,0.7247624520928123,Endo CLDN5 SLC7A5,
ACGATGTCACTGTGTA-1,15,Endo CLDN5 SLC7A5,0.45127921028417295,Endo CLDN5 SLC7A5,
ACGATGTCAGCAAGAC-1,1,Endo CLDN5 SLC7A5,0.8496786460541098,Endo CLDN5 SLC7A5,
ACGATGTCATCCGTGG-1,4,Oligo MOG OPALIN,0.34578784788613115,Endo CLDN5 SLC7A5,
ACGATGTGTCACCTTC-1,24,Endo CLDN5 SLC7A5,0.8184957690172929,Endo CLDN5 SLC7A5,
ACGATGTGTCTTTCTA-1,3,Micro P2RY12 APBB1IP,0.9861429569766027,Micro P2RY12 APBB1IP,
ACGATGTTCGGACTGC-1,10,Endo CLDN5 SLC7A5,0.94899852445508,Endo CLDN5 SLC7A5,
ACGATGTTCGTTAGAC-1,7,L3-5 RORB MKX GRIN3A,0.7951714883237924,L3-5 RORB MKX GRIN3A,
ACGATGTTCTGATTCT-1,28,Endo CLDN5 SLC7A5,0.8351611372582255,Endo CLDN5 SLC7A5,
ACGCACGAGTAAATGC-1,18,Endo CLDN5 SLC7A5,0.3043038914366026,Endo CLDN5 SLC7A5,
ACGCACGAGTAATACG-1,32,L2-3 CUX2 NTNG1 PALMD,0.5780388280840469,Endo CLDN5 SLC7A5,
ACGCACGAGTGGAATT-1,0,Oligo MOG OPALIN,0.9999864334077982,Oligo MOG OPALIN,
ACGCACGCAAGGCCTC-1,2,Astro GFAP FABP7,0.5015626483036183,Astro AQP4 SLC1A2,
ACGCACGGTTAAGCAA-1,3,Micro P2RY12 APBB1IP,0.9991144075847493,Micro P2RY12 APBB1IP,
ACGCACGTCTATCGGA-1,4,Endo CLDN5 SLC7A5,0.38709027901455434,Endo CLDN5 SLC7A5,
ACGGAAGCAACCGGAA-1,6,Oligo MOG GSN,0.9999687417929021,Oligo MOG OPALIN,
ACGGAAGCAAGATGTA-1,1,Endo CLDN5 SLC7A5,0.4173078200056137,Endo CLDN5 SLC7A5,
ACGGAAGGTCGAGCAA-1,5,L2-3 CUX2 NTNG1 PLCH1,0.3047938594854105,L2-3 CUX2 ACVR1C THSD7A,
ACGGAAGGTGGCAACA-1,33,Oligo MOG OPALIN,0.5366579928891062,Endo CLDN5 SLC7A5,
ACGGAAGGTTTGTTCT-1,5,L2-4 CUX2 RORB CLMN,0.3425521618155651,L2-3 CUX2 ACVR1C THSD7A,
ACGGAAGTCAAAGCCT-1,22,Endo CLDN5 SLC7A5,0.9978692062635404,Endo CLDN5 SLC7A5,
ACGGAAGTCAACTACG-1,14,Endo CLDN5 SLC7A5,0.6357261689149669,Endo CLDN5 SLC7A5,
ACGGAAGTCACTGATG-1,31,InN VIP SCML4,0.9996816989266378,InN VIP HS3ST3B1,
ACGGGTCAGGTTACCT-1,0,Oligo MOG OPALIN,0.9992582969134558,Oligo MOG OPALIN,
ACGGGTCCACCGTCTT-1,4,Endo CLDN5 SLC7A5,0.7941176284156524,Endo CLDN5 SLC7A5,
ACGGGTCCAGCGACAA-1,7,L3-5 RORB MKX DCC,0.9925716051138808,L3-5 RORB MKX GRIN3A,
ACGGGTCGTTCGTACA-1,23,Endo CLDN5 SLC7A5,0.9853773063622054,Endo CLDN5 SLC7A5,
ACGGGTCGTTGAATCC-1,28,Endo CLDN5 SLC7A5,0.9986339958160648,Endo CLDN5 SLC7A5,
ACGGGTCGTTGGCCTG-1,16,Endo CLDN5 SLC7A5,0.42357792645967135,Endo CLDN5 SLC7A5,
ACGGGTCGTTTCCCAC-1,1,Oligo MOG OPALIN,0.98628694500656,Endo CLDN5 SLC7A5,
ACGGGTCTCTCAGAAC-1,13,OPC PDGFRA PCDH15,0.9999999999999936,OPC PDGFRA PCDH15,
ACGGGTCTCTTCGGAA-1,15,Endo CLDN5 SLC7A5,0.3413511096280009,Endo CLDN5 SLC7A5,
ACGGTCGAGCGGACAT-1,1,Endo CLDN5 SLC7A5,0.99127225578556,Endo CLDN5 SLC7A5,
ACGGTCGAGGCCCAAA-1,6,Oligo MOG OPALIN,0.9999997061972268,Oligo MOG OPALIN,
ACGGTCGAGTGGATTA-1,4,Oligo MOG OPALIN,0.6056978368485275,Endo CLDN5 SLC7A5,
ACGGTCGCACGGCACT-1,20,Oligo MOG OPALIN,0.9534581239915055,Endo CLDN5 SLC7A5,
ACGGTCGCAGACACAG-1,38,Endo CLDN5 SLC7A5,0.9440658705752463,Endo CLDN5 SLC7A5,
ACGGTTACAATACCTG-1,18,L2-3 CUX2 NTNG1 PALMD,0.8007146433281722,Endo CLDN5 SLC7A5,
ACGGTTACATTGAGGG-1,42,PC P2RY14 GRM8,0.9709290813092025,PC P2RY14 GRM8,
ACGGTTAGTAGTTAGA-1,6,Oligo MOG OPALIN,0.9999925907433712,Oligo MOG OPALIN,
ACGGTTATCCACCTCA-1,12,Endo CLDN5 SLC7A5,0.9719607698602597,Endo CLDN5 SLC7A5,
ACGGTTATCTTCACGC-1,14,Endo CLDN5 SLC7A5,0.8752718996762618,Endo CLDN5 SLC7A5,
ACGTAACAGGCAGGTT-1,25,Oligo MOG OPALIN,0.7262763265861001,Endo CLDN5 SLC7A5,
ACGTAACCACAAGTTC-1,18,L3-5 RORB MKX GRIN3A,0.5262157271593646,Endo CLDN5 SLC7A5,
ACGTAACCATCCTAAG-1,13,OPC PDGFRA PCDH15,0.9435427924481566,OPC PDGFRA PCDH15,
ACGTAACTCCATTTAC-1,2,Endo CLDN5 SLC7A5,0.43114944977599234,Astro AQP4 SLC1A2,
ACGTACAAGGATTACA-1,14,Endo CLDN5 SLC7A5,0.6637971509651635,Endo CLDN5 SLC7A5,
ACGTACAAGTGTACAA-1,1,Endo CLDN5 SLC7A5,0.3369195373727413,Endo CLDN5 SLC7A5,
ACGTACAAGTTTAGGA-1,19,Endo CLDN5 SLC7A5,0.9559371520801173,Endo CLDN5 SLC7A5,
ACGTACACAAATCCCA-1,42,PC P2RY14 GRM8,0.9990856525080645,PC P2RY14 GRM8,
ACGTACACACTTCAGA-1,8,Endo CLDN5 SLC7A5,0.9958204685543907,Endo CLDN5 SLC7A5,
ACGTACACAGCTCTGG-1,18,Oligo MOG OPALIN,0.9938311184608596,Endo CLDN5 SLC7A5,
ACGTACATCAAACCTG-1,15,Endo CLDN5 SLC7A5,0.9606741547285366,Endo CLDN5 SLC7A5,
ACGTACATCGCATGAT-1,41,Oligo MOG OPALIN,0.9999596760971522,Oligo MOG OPALIN,
ACGTACATCGTACACA-1,10,Oligo MOG OPALIN,0.45762652151508787,Endo CLDN5 SLC7A5,
ACGTAGTAGCGTCAGA-1,44,Oligo MOG OPALIN,0.5764475424473543,Endo CLDN5 SLC7A5,
ACGTAGTCATTGTGCA-1,30,Endo CLDN5 SLC7A5,0.9195914895883681,Endo CLDN5 SLC7A5,
ACGTCCTAGAAGGGAT-1,41,Oligo MOG OPALIN,0.9999993504094847,Oligo MOG OPALIN,
ACGTCCTAGCATACTC-1,8,Endo CLDN5 SLC7A5,0.5931634716168377,Endo CLDN5 SLC7A5,
ACGTCCTAGCGGCTCT-1,6,Oligo MOG GSN,0.9951614442088329,Oligo MOG OPALIN,
ACGTCCTCACTCATAG-1,28,Endo CLDN5 SLC7A5,0.9893599895284516,Endo CLDN5 SLC7A5,
ACGTCCTGTCACCTTC-1,14,Endo CLDN5 SLC7A5,0.9270802106945802,Endo CLDN5 SLC7A5,
ACGTCCTTCGACCATA-1,8,Endo CLDN5 SLC7A5,0.9536475096216781,Endo CLDN5 SLC7A5,
ACGTTCCAGAGATCGC-1,1,Endo CLDN5 SLC7A5,0.985280231973051,Endo CLDN5 SLC7A5,
ACGTTCCCAAGCACCC-1,36,L3-5 RORB GABRG1 KCNH7,0.34082370420053465,L3-5 RORB GABRG1 KCNH7,
ACGTTCCCACCAAAGG-1,40,Endo CLDN5 SLC7A5,0.7223499632490435,Endo CLDN5 SLC7A5,
ACGTTCCGTCTGCGCA-1,18,Endo CLDN5 SLC7A5,0.8982720328767377,Endo CLDN5 SLC7A5,
ACGTTCCTCGTTGTAG-1,21,L6 OPRK1 SMYD1 SNTB1,0.6037336982624677,L6 OPRK1 THEMIS RGS6,
ACTACGACATGCACTA-1,4,Endo CLDN5 SLC7A5,0.9256416814028117,Endo CLDN5 SLC7A5,
ACTACGAGTGCAACGA-1,24,L2-3 CUX2 NTNG1 PALMD,0.46581961977865405,Endo CLDN5 SLC7A5,
ACTACGAGTGTATACC-1,26,InN PVALB SYT2,0.5359091122645193,InN PVALB HPSE,
ACTACGAGTGTTCCTC-1,7,L3-5 RORB MKX DCC,0.9866513659885019,L3-5 RORB MKX GRIN3A,
ACTACGAGTTACTCAG-1,12,Endo CLDN5 SLC7A5,0.7517428795840302,Endo CLDN5 SLC7A5,
ACTACGATCAAGCCCG-1,10,Endo CLDN5 SLC7A5,0.9289219332457094,Endo CLDN5 SLC7A5,
ACTACGATCATACGGT-1,2,Astro GFAP AQP1,0.6876903946628536,Astro AQP4 SLC1A2,
ACTATCTAGGTCACTT-1,12,Endo CLDN5 SLC7A5,0.9710965362956153,Endo CLDN5 SLC7A5,
ACTATCTCACGCTTAA-1,32,L6 OPRK1 THEMIS RGS6,0.3486129746222677,Endo CLDN5 SLC7A5,
ACTATCTCAGATTCGT-1,9,L2-3 CUX2 NTNG1 PALMD,0.5881535942314343,Endo CLDN5 SLC7A5,
ACTATCTTCAGTGGGA-1,0,Oligo MOG OPALIN,0.9322624314885241,Oligo MOG OPALIN,
ACTATCTTCGGCTGGT-1,14,Endo CLDN5 SLC7A5,0.9333893098608498,Endo CLDN5 SLC7A5,
ACTATGGAGAAGTCCG-1,7,L3-5 RORB MKX GRIN3A,0.8038257958861433,L3-5 RORB MKX GRIN3A,
ACTATGGCACAGACGA-1,1,Endo CLDN5 SLC7A5,0.9463882430792349,Endo CLDN5 SLC7A5,
ACTATGGCACCCTGAG-1,2,Astro AQP4 SLC1A2,0.8631877849022691,Astro AQP4 SLC1A2,
ACTATGGGTGGCCACT-1,33,Endo CLDN5 SLC7A5,0.8507841813076976,Endo CLDN5 SLC7A5,
ACTATGGGTTCAAAGA-1,20,Endo CLDN5 SLC7A5,0.6216227612159383,Endo CLDN5 SLC7A5,
ACTATTCCAAGTATCC-1,42,SMC ACTA2 CYP1B1,0.5486329806507164,PC P2RY14 GRM8,
ACTATTCGTGAATGTA-1,19,Endo CLDN5 SLC7A5,0.9851654213419255,Endo CLDN5 SLC7A5,
ACTATTCTCCTAAACG-1,13,OPC PDGFRA PCDH15,0.43833320800675124,OPC PDGFRA PCDH15,
ACTATTCTCTTAATCC-1,10,Endo CLDN5 SLC7A5,0.7560100732555912,Endo CLDN5 SLC7A5,
ACTCCCAAGTTGTACC-1,8,Endo CLDN5 SLC7A5,0.9910574612766698,Endo CLDN5 SLC7A5,
ACTCCCACACCTCTAC-1,44,Oligo MOG OPALIN,0.3340770169164536,Endo CLDN5 SLC7A5,
ACTCCCAGTCAGCGTC-1,4,Micro P2RY12 APBB1IP,0.5620589935509329,Endo CLDN5 SLC7A5,
ACTCCCATCAAGTCGT-1,7,L3-5 RORB MKX GALR1,0.4686642508343797,L3-5 RORB MKX GRIN3A,
ACTCCCATCTCGAGTA-1,31,InN VIP CLSTN2,0.8121979325608543,InN VIP HS3ST3B1,
ACTCTCGAGGGATCTG-1,9,Endo CLDN5 SLC7A5,0.8473771891275896,Endo CLDN5 SLC7A5,
ACTCTCGAGGGCAAGG-1,1,Oligo MOG OPALIN,0.9772763341497802,Endo CLDN5 SLC7A5,
ACTCTCGAGTAGTCCT-1,42,Endo CLDN5 SLC7A5,0.9899290668779376,PC P2RY14 GRM8,
ACTCTCGCAAGCGAAC-1,4,Endo CLDN5 SLC7A5,0.8996628233038709,Endo CLDN5 SLC7A5,
ACTCTCGCACTTTATC-1,23,Oligo MOG OPALIN,0.7974833484697837,Endo CLDN5 SLC7A5,
ACTGATGAGAGCCCAA-1,3,Micro P2RY12 APBB1IP,0.9945129187989464,Micro P2RY12 APBB1IP,
ACTGATGCATACTGAC-1,33,Endo CLDN5 SLC7A5,0.3327530738756856,Endo CLDN5 SLC7A5,
ACTGATGGTAGGATAT-1,0,Oligo MOG OPALIN,0.9999999436878683,Oligo MOG OPALIN,
ACTGATGGTTGTTTGG-1,12,Endo CLDN5 SLC7A5,0.896635219419508,Endo CLDN5 SLC7A5,
ACTGATGTCTGAATCG-1,0,Oligo MOG OPALIN,0.9999994635132998,Oligo MOG OPALIN,
ACTGCAAAGCGGTAAC-1,19,Oligo MOG OPALIN,0.8040050207569813,Endo CLDN5 SLC7A5,
ACTGCAACAACCAGAG-1,7,L3-5 RORB MKX DCC,0.9995880859861402,L3-5 RORB MKX GRIN3A,
ACTGCAACACAAAGTA-1,8,Endo CLDN5 SLC7A5,0.9493155174256126,Endo CLDN5 SLC7A5,
ACTGCAAGTCCCTAAA-1,9,Endo CLDN5 SLC7A5,0.9437140361437978,Endo CLDN5 SLC7A5,
ACTGTCCAGACAGCTG-1,3,Micro P2RY12 APBB1IP,0.9870733118301445,Micro P2RY12 APBB1IP,
ACTGTCCAGGTAGGCT-1,13,OPC PDGFRA PCDH15,0.9999999869550504,OPC PDGFRA PCDH15,
ACTGTCCCACCAGCCA-1,38,Endo CLDN5 SLC7A5,0.9983934137016202,Endo CLDN5 SLC7A5,
ACTGTCCGTTCGGCGT-1,7,L3-5 RORB MKX GRIN3A,0.9900406658712958,L3-5 RORB MKX GRIN3A,
ACTGTCCTCAGATTGC-1,46,L3-5 RORB PCBP3 IL1RAPL2,0.8282730230011991,L3-5 RORB PCBP3 IL1RAPL2,
ACTGTCCTCATCGACA-1,48,Endo CLDN5 SLC7A5,0.9753229597523982,Endo CLDN5 SLC7A5,
ACTGTCCTCGTCAAAC-1,32,L3-5 RORB MKX GRIN3A,0.9771357134688333,Endo CLDN5 SLC7A5,
ACTGTGACAGCGGTCT-1,44,Endo CLDN5 DKK2,0.9997765709215892,Endo CLDN5 SLC7A5,
ACTGTGATCCGTTGAA-1,5,L2-3 CUX2 ACVR1C THSD7A,0.9998335728446716,L2-3 CUX2 ACVR1C THSD7A,
ACTTAGGAGGTTATAG-1,23,Endo CLDN5 SLC7A5,0.9958701806349973,Endo CLDN5 SLC7A5,
ACTTAGGCACGCTGAC-1,11,InN SST FREM1,0.9732928341638465,InN SST FREM1,
ACTTAGGCAGCATTGT-1,40,Oligo MOG OPALIN,0.5499978349804242,Endo CLDN5 SLC7A5,
ACTTAGGCATCTATCT-1,40,Oligo MOG OPALIN,0.48837585447306364,Endo CLDN5 SLC7A5,
ACTTAGGGTGCCTTTC-1,29,PC P2RY14 GRM8,0.999894036259706,PC P2RY14 GRM8,
ACTTAGGTCCTCTCGA-1,30,Endo CLDN5 SLC7A5,0.34077123523828495,Endo CLDN5 SLC7A5,
ACTTAGGTCGACCAAT-1,39,InN LAMP5 BMP7,0.9987147266621001,InN LAMP5 BMP7,
ACTTATCAGCACCGAA-1,8,Endo CLDN5 SLC7A5,0.519506284333179,Endo CLDN5 SLC7A5,
ACTTATCCATGGCTGC-1,15,Endo CLDN5 SLC7A5,0.575299030658608,Endo CLDN5 SLC7A5,
ACTTCCGAGCTTCATG-1,3,Micro P2RY12 APBB1IP,0.9661331315239418,Micro P2RY12 APBB1IP,
ACTTCCGAGGTTCCGC-1,11,InN SST HTR2C,0.9925907829723559,InN SST FREM1,
ACTTCCGCATCTAACG-1,42,PC P2RY14 GRM8,0.3675547630177767,PC P2RY14 GRM8,
ACTTCCGTCACCATCC-1,0,Oligo MOG OPALIN,0.9999998763916349,Oligo MOG OPALIN,
ACTTCCGTCAGGACGA-1,4,Endo CLDN5 SLC7A5,0.551753050549673,Endo CLDN5 SLC7A5,
ACTTCGCCACAGCATT-1,27,Endo CLDN5 SLC7A5,0.958878006641558,Endo CLDN5 SLC7A5,
ACTTTCAAGGAAAGTG-1,12,Endo CLDN5 SLC7A5,0.7130050321442073,Endo CLDN5 SLC7A5,
ACTTTCACACAATCTG-1,10,Endo CLDN5 SLC7A5,0.9837151038332802,Endo CLDN5 SLC7A5,
ACTTTCACACCGTCTT-1,8,Endo CLDN5 SLC7A5,0.4403208448191276,Endo CLDN5 SLC7A5,
ACTTTCACAGTCCCGA-1,10,Endo CLDN5 SLC7A5,0.5256363077237084,Endo CLDN5 SLC7A5,
ACTTTCACATAGAAAC-1,0,Oligo MOG OPALIN,0.9999996423982027,Oligo MOG OPALIN,
ACTTTCATCCGTCCTA-1,40,Endo CLDN5 SLC7A5,0.978970885870554,Endo CLDN5 SLC7A5,
ACTTTCATCCTTCTTC-1,17,Oligo MOG OPALIN,0.9904699954409137,Endo CLDN5 SLC7A5,
ACTTTGTAGCTGAAAT-1,11,InN SST ANKRD33B,0.36530661525903363,InN SST FREM1,
ACTTTGTAGGTGAGCT-1,18,L6 OPRK1 THEMIS RGS6,0.46886894447237776,Endo CLDN5 SLC7A5,
ACTTTGTAGGTGATAT-1,38,Endo CLDN5 SLC7A5,0.9928619690271052,Endo CLDN5 SLC7A5,
ACTTTGTTCGTCGATA-1,17,Endo CLDN5 SLC7A5,0.9482819978199313,Endo CLDN5 SLC7A5,
AGAAATGAGCTACTAC-1,44,Endo CLDN5 DKK2,0.9997252198295932,Endo CLDN5 SLC7A5,
AGAAATGAGGCCCACT-1,42,PC P2RY14 GRM8,0.9912559556138342,PC P2RY14 GRM8,
AGAAATGCATCGAAGG-1,7,L3-5 RORB MKX GRIN3A,0.9919373071280658,L3-5 RORB MKX GRIN3A,
AGAAATGGTTTCGTGA-1,8,Endo CLDN5 SLC7A5,0.5868960466758084,Endo CLDN5 SLC7A5,
AGAAATGTCATCTATC-1,10,Endo CLDN5 SLC7A5,0.6779377787523485,Endo CLDN5 SLC7A5,
AGAAATGTCGAGCCTG-1,23,Oligo MOG OPALIN,0.5225459256580727,Endo CLDN5 SLC7A5,
AGAAATGTCTCCGCAT-1,7,L3-5 RORB MKX GRIN3A,0.33665048396790725,L3-5 RORB MKX GRIN3A,
AGAACAAAGAGGTTAT-1,3,Micro P2RY12 APBB1IP,0.9417957263999874,Micro P2RY12 APBB1IP,
AGAACAAAGGGAGATA-1,15,Oligo MOG OPALIN,0.9502392269288781,Endo CLDN5 SLC7A5,
AGAACAAGTCTCACGG-1,0,Oligo MOG OPALIN,0.6704814917900923,Oligo MOG OPALIN,
AGAACCTCAGTATTCG-1,26,InN PVALB ANOS1,0.9143110822991095,InN PVALB HPSE,
AGAACCTGTAGGCAAC-1,9,Endo CLDN5 SLC7A5,0.6672086139715707,Endo CLDN5 SLC7A5,
AGAACCTGTCATCGCG-1,8,Endo CLDN5 SLC7A5,0.5779581108221077,Endo CLDN5 SLC7A5,
AGAAGCGAGCGATCGA-1,16,Oligo MOG OPALIN,0.545894371776024,Endo CLDN5 SLC7A5,
AGAAGCGAGCTTTGTG-1,4,Endo CLDN5 SLC7A5,0.9458341509125704,Endo CLDN5 SLC7A5,
AGAAGTAGTCGTAATC-1,4,Oligo MOG OPALIN,0.7647913306800473,Endo CLDN5 SLC7A5,
AGAAGTATCTGATGGT-1,28,Endo CLDN5 SLC7A5,0.9088146014488986,Endo CLDN5 SLC7A5,
AGACAAAAGCAACTCT-1,1,Endo CLDN5 SLC7A5,0.7553087138749528,Endo CLDN5 SLC7A5,
AGACAAAAGGCGAAGG-1,19,Oligo MOG OPALIN,0.9772842850116736,Endo CLDN5 SLC7A5,
AGACAAAAGTCCTACA-1,18,Endo CLDN5 SLC7A5,0.6368708208583146,Endo CLDN5 SLC7A5,
AGACAAAAGTTCGCAT-1,1,Endo CLDN5 SLC7A5,0.9220434221114369,Endo CLDN5 SLC7A5,
AGACAAACAAGAGGCT-1,6,Oligo MOG OPALIN,0.9999955419211628,Oligo MOG OPALIN,
AGACAAACAGAGGTAC-1,8,Oligo MOG OPALIN,0.34195442052078673,Endo CLDN5 SLC7A5,
AGACAAACAGTCAGTT-1,0,Oligo MOG OPALIN,0.9996399094448184,Oligo MOG OPALIN,
AGACAAATCGTTGTGA-1,5,L2-3 CUX2 NTNG1 PALMD,0.5589565421917415,L2-3 CUX2 ACVR1C THSD7A,
AGACACTAGACTCATC-1,15,Endo CLDN5 SLC7A5,0.5780597687832469,Endo CLDN5 SLC7A5,
AGACACTCAGAGTTGG-1,8,Endo CLDN5 SLC7A5,0.45236673628746227,Endo CLDN5 SLC7A5,
AGACACTCATTACGGT-1,32,Endo CLDN5 SLC7A5,0.7353322931421052,Endo CLDN5 SLC7A5,
AGACACTTCTACTGCC-1,0,Oligo MOG OPALIN,0.9999622506240984,Oligo MOG OPALIN,
AGACACTTCTCATGGA-1,26,InN PVALB GRIN2C,0.9878592089544361,InN PVALB HPSE,
AGACAGGGTATCTCGA-1,19,Endo CLDN5 SLC7A5,0.9740116370869184,Endo CLDN5 SLC7A5,
AGACAGGGTATGAAGT-1,21,L6 OPRK1 SMYD1 SNTB1,0.622531225403974,L6 OPRK1 THEMIS RGS6,
AGACAGGGTGTAACGG-1,18,Oligo MOG OPALIN,0.9425443290985628,Endo CLDN5 SLC7A5,
AGACAGGTCACCCTGT-1,3,Micro P2RY12 APBB1IP,0.7437917113913004,Micro P2RY12 APBB1IP,
AGACAGGTCTAGACCA-1,38,Endo CLDN5 SLC7A5,0.8881265226437255,Endo CLDN5 SLC7A5,
AGACCATGTGAGGAAA-1,5,L2-4 CUX2 RORB CLMN,0.9467552470606839,L2-3 CUX2 ACVR1C THSD7A,
AGACCATGTGTCCCTT-1,4,L2-3 CUX2 NTNG1 PALMD,0.317527138215661,Endo CLDN5 SLC7A5,
AGACCATTCGGCCTTT-1,31,InN VIP CLSTN2,0.9981431035396604,InN VIP HS3ST3B1,
AGACCCGCAACCGCCA-1,4,Oligo MOG OPALIN,0.5842183390965096,Endo CLDN5 SLC7A5,
AGACCCGCAGCTCTGG-1,27,Endo CLDN5 SLC7A5,0.8562145949952424,Endo CLDN5 SLC7A5,
AGACCCGTCCGTACGG-1,2,Astro AQP4 SLC1A2,0.987148813637869,Astro AQP4 SLC1A2,
AGACTCACAACCACGC-1,28,Endo CLDN5 SLC7A5,0.7077986181178221,Endo CLDN5 SLC7A5,
AGACTCAGTTCTCTCG-1,19,Oligo MOG OPALIN,0.7184221151540194,Endo CLDN5 SLC7A5,
AGACTCATCCGACATA-1,16,Endo CLDN5 SLC7A5,0.6624653414724317,Endo CLDN5 SLC7A5,
AGAGAATAGATAGTGT-1,11,InN SST HTR2C,0.9867949386586062,InN SST FREM1,
AGAGAATCACCATTCC-1,15,Endo CLDN5 SLC7A5,0.6664320790220912,Endo CLDN5 SLC7A5,
AGAGAATTCTAGCAAC-1,19,Oligo MOG OPALIN,0.9408982231049393,Endo CLDN5 SLC7A5,
AGAGAGCCAATTTCGG-1,8,Endo CLDN5 SLC7A5,0.9629123356843992,Endo CLDN5 SLC7A5,
AGAGCAGCAACAGAGC-1,4,Endo CLDN5 SLC7A5,0.8597891810040922,Endo CLDN5 SLC7A5,
AGAGCAGCATCTGTTT-1,3,Micro P2RY12 APBB1IP,0.985990068074896,Micro P2RY12 APBB1IP,
AGAGCAGTCTACACTT-1,11,InN SST HS3ST5,0.8802247658198347,InN SST FREM1,
AGAGCCCAGATTGATG-1,1,Oligo MOG OPALIN,0.9381487223498157,Endo CLDN5 SLC7A5,
AGAGCCCAGTTAGTGA-1,21,L3-5 RORB MKX GRIN3A,0.8905531180454076,L6 OPRK1 THEMIS RGS6,
AGATAGAAGCAAGGAA-1,5,L3-5 RORB PCBP3 LINGO2,0.32309852978025805,L2-3 CUX2 ACVR1C THSD7A,
AGATAGACATCAGCGC-1,18,Endo CLDN5 SLC7A5,0.3403936916722263,Endo CLDN5 SLC7A5,
AGATAGATCCATAAGC-1,8,Endo CLDN5 SLC7A5,0.9758805306350569,Endo CLDN5 SLC7A5,
AGATCCAAGGGTACGT-1,3,Micro P2RY12 APBB1IP,0.6282371536419686,Micro P2RY12 APBB1IP,
AGATCCACAACAGTGG-1,35,Endo CLDN5 SLC7A5,0.33359960265205374,Endo CLDN5 SLC7A5,
AGATCCACAGCCTACG-1,2,Astro AQP4 SLC1A2,0.9892457949320475,Astro AQP4 SLC1A2,
AGATCCACAGTTTCAG-1,12,Endo CLDN5 SLC7A5,0.8990497630679484,Endo CLDN5 SLC7A5,
AGATCCACATCCTCAC-1,11,InN SST HGF GABRQ,0.9697889817402608,InN SST FREM1,
AGATCCATCACTCTTA-1,17,Endo CLDN5 SLC7A5,0.3904810314052604,Endo CLDN5 SLC7A5,
AGATCCATCCAATCCC-1,39,InN LAMP5 BMP7,0.578632271947262,InN LAMP5 BMP7,
AGATCCATCTATCCAT-1,37,Endo CLDN5 SLC7A5,0.9767304930762865,Endo CLDN5 SLC7A5,
AGATCGTCATGTTTGG-1,9,L2-3 CUX2 NTNG1 PALMD,0.3629125894208215,Endo CLDN5 SLC7A5,
AGATGAAAGACGGTCA-1,4,Endo CLDN5 SLC7A5,0.9754894579361435,Endo CLDN5 SLC7A5,
AGATGAAAGCTTCGTA-1,2,Endo CLDN5 SLC7A5,0.9918780764060107,Astro AQP4 SLC1A2,
AGATGAAAGGTCATCT-1,2,Endo CLDN5 SLC7A5,0.6697524957686508,Astro AQP4 SLC1A2,
AGATGAAAGTAAATGC-1,9,Endo CLDN5 SLC7A5,0.9966128726868733,Endo CLDN5 SLC7A5,
AGATGAAAGTAAGGGA-1,5,L2-3 CUX2 NTNG1 PALMD,0.5608270563417206,L2-3 CUX2 ACVR1C THSD7A,
AGATGAACAGACAAGC-1,14,Endo CLDN5 SLC7A5,0.9949996529963258,Endo CLDN5 SLC7A5,
AGATGAATCTTCGGAA-1,22,Endo CLDN5 SLC7A5,0.9662955390379707,Endo CLDN5 SLC7A5,
AGATGCTAGCTGAGTG-1,1,Endo CLDN5 SLC7A5,0.38010360732453713,Endo CLDN5 SLC7A5,
AGATGCTTCGGTCTAA-1,10,Endo CLDN5 SLC7A5,0.8625746311304682,Endo CLDN5 SLC7A5,
AGCATCAAGCCATTTG-1,24,Endo CLDN5 SLC7A5,0.8107478056186913,Endo CLDN5 SLC7A5,
AGCATCACACAATCTG-1,2,Endo CLDN5 SLC7A5,0.7420916805394969,Astro AQP4 SLC1A2,
AGCATCACACCAGTAT-1,2,Endo CLDN5 SLC7A5,0.5233280296806345,Astro AQP4 SLC1A2,
AGCATCACAGTAGATA-1,14,Endo CLDN5 SLC7A5,0.9968262140669026,Endo CLDN5 SLC7A5,
AGCATCAGTAACAGGC-1,4,Endo CLDN5 SLC7A5,0.5510399413621823,Endo CLDN5 SLC7A5,
AGCATCATCCGTCACT-1,30,Endo CLDN5 SLC7A5,0.9027120244085108,Endo CLDN5 SLC7A5,
AGCCAATAGGGCCAAT-1,0,Oligo MOG OPALIN,0.41893086989575823,Oligo MOG OPALIN,
AGCCAATCACGATAGG-1,37,SMC ACTA2 CNN1,0.9980847470593183,Endo CLDN5 SLC7A5,
AGCCAATGTGTAAATG-1,5,L2-3 CUX2 ACVR1C THSD7A,0.9405395782125394,L2-3 CUX2 ACVR1C THSD7A,
AGCCAATTCAGACCGC-1,23,Endo CLDN5 SLC7A5,0.6109766155432426,Endo CLDN5 SLC7A5,
AGCCAATTCCCTTCCC-1,19,Endo CLDN5 SLC7A5,0.7130362336729711,Endo CLDN5 SLC7A5,
AGCCAATTCGGTGCAC-1,38,Endo CLDN5 SLC7A5,0.9958239648270201,Endo CLDN5 SLC7A5,
AGCCACGAGTGCAGCA-1,5,L2-3 CUX2 NTNG1 PALMD,0.3750988459113543,L2-3 CUX2 ACVR1C THSD7A,
AGCCACGGTACGCTAT-1,10,Endo CLDN5 SLC7A5,0.968924127415709,Endo CLDN5 SLC7A5,
AGCCACGGTGAGCTCC-1,15,Endo CLDN5 SLC7A5,0.5415729601146128,Endo CLDN5 SLC7A5,
AGCCACGGTTCAATCG-1,26,InN PVALB PDE3A,0.9997253921651087,InN PVALB HPSE,
AGCCACGTCCTCTTTC-1,25,Endo CLDN5 SLC7A5,0.7814669812159271,Endo CLDN5 SLC7A5,
AGCCACGTCTCAGTCC-1,36,L3-5 RORB MKX DCC,0.5131627007897902,L3-5 RORB GABRG1 KCNH7,
AGCCAGCAGACGCATG-1,32,Endo CLDN5 SLC7A5,0.37382120603179425,Endo CLDN5 SLC7A5,
AGCCAGCCATGAGTAA-1,39,InN LAMP5 ADAMTS20,0.3251742520638842,InN LAMP5 BMP7,
AGCCAGCGTTGTTGAC-1,19,Endo CLDN5 SLC7A5,0.9878499721527862,Endo CLDN5 SLC7A5,
AGCCAGCTCGTGCACG-1,0,Oligo MOG OPALIN,0.9999999872417783,Oligo MOG OPALIN,
AGCGATTAGGTGAGAA-1,7,L3-5 RORB MKX DCC,0.719305144668464,L3-5 RORB MKX GRIN3A,
AGCGATTCATGCCGAC-1,8,Endo CLDN5 SLC7A5,0.6917309811392269,Endo CLDN5 SLC7A5,
AGCGATTGTCACTCAA-1,28,Endo CLDN5 SLC7A5,0.9984060392314676,Endo CLDN5 SLC7A5,
AGCGATTTCGAGTACT-1,3,Micro P2RY12 APBB1IP,0.5729641414878521,Micro P2RY12 APBB1IP,
AGCGATTTCTGAGGCC-1,15,Oligo MOG OPALIN,0.9702554146862828,Endo CLDN5 SLC7A5,
AGCGCCAAGGAGGCAG-1,1,Endo CLDN5 SLC7A5,0.9879882903793551,Endo CLDN5 SLC7A5,
AGCGCCACATCACCAA-1,45,Endo CLDN5 SLC7A5,0.5802475112537994,Endo CLDN5 SLC7A5,
AGCGCCAGTAAGTAGT-1,6,Oligo MOG OPALIN,0.9999425701656506,Oligo MOG OPALIN,
AGCGCCATCGCTGTTC-1,14,Endo CLDN5 SLC7A5,0.35614585650049907,Endo CLDN5 SLC7A5,
AGCGCCATCGGCAGTC-1,8,Endo CLDN5 SLC7A5,0.34812939879316807,Endo CLDN5 SLC7A5,
AGCGCTGAGAGGTGCT-1,28,Endo CLDN5 SLC7A5,0.9566449054744741,Endo CLDN5 SLC7A5,
AGCGCTGGTGCCGGTT-1,36,L3-5 RORB TNNT2 TSHZ2,0.8095252380382819,L3-5 RORB GABRG1 KCNH7,
AGCGCTGGTGGTCCGT-1,16,Oligo MOG OPALIN,0.558819441128935,Endo CLDN5 SLC7A5,
AGCGCTGTCCCTTGTG-1,16,Endo CLDN5 SLC7A5,0.8186673060820641,Endo CLDN5 SLC7A5,
AGCGCTGTCCGTAGTA-1,10,Oligo MOG OPALIN,0.9251789682739204,Endo CLDN5 SLC7A5,
AGCGTATTCTCATAGG-1,8,Endo CLDN5 SLC7A5,0.39963678891966287,Endo CLDN5 SLC7A5,
AGCGTCGCAGAGTTCT-1,6,Oligo MOG OPALIN,0.9999972625190308,Oligo MOG OPALIN,
AGCTACAAGCCATTCA-1,17,Endo CLDN5 SLC7A5,0.5905377355253021,Endo CLDN5 SLC7A5,
AGCTACAAGTCTCGTA-1,5,L2-4 CUX2 RORB CLMN,0.3454697927960313,L2-3 CUX2 ACVR1C THSD7A,
AGCTACACAACGAGGT-1,5,L2-3 CUX2 NTNG1 PLCH1,0.3370196927288521,L2-3 CUX2 ACVR1C THSD7A,
AGCTACACATATAGCC-1,14,Endo CLDN5 SLC7A5,0.9931851745829656,Endo CLDN5 SLC7A5,
AGCTACAGTGAGATTA-1,39,InN LAMP5 ADAMTS20,0.7195747162556433,InN LAMP5 BMP7,
AGCTACAGTGTGCTTA-1,13,Endo CLDN5 SLC7A5,0.8820230831335681,OPC PDGFRA PCDH15,
AGCTACATCCATACAG-1,21,L6 OPRK1 THEMIS RGS6,0.8336104142017503,L6 OPRK1 THEMIS RGS6,
AGCTCAACAAGGTCAG-1,25,Endo CLDN5 SLC7A5,0.7158462206270229,Endo CLDN5 SLC7A5,
AGCTCAATCCTCGCAT-1,30,Endo CLDN5 SLC7A5,0.8683257937578042,Endo CLDN5 SLC7A5,
AGCTCAATCGCAACAT-1,31,InN VIP ADAM12,0.33484699327690604,InN VIP HS3ST3B1,
AGCTTCCAGCATCCTA-1,0,Oligo MOG OPALIN,0.9934556705202962,Oligo MOG OPALIN,
AGCTTCCAGGTACTGG-1,24,Endo CLDN5 SLC7A5,0.8768710698468878,Endo CLDN5 SLC7A5,
AGCTTCCAGTGGAAGA-1,43,Endo CLDN5 SLC7A5,0.8148804250871458,Endo CLDN5 SLC7A5,
AGCTTCCAGTTGGCTT-1,1,Endo CLDN5 SLC7A5,0.7460656858568333,Endo CLDN5 SLC7A5,
AGCTTCCGTAGAGCTG-1,12,L2-3 CUX2 NTNG1 PALMD,0.40863506236798075,Endo CLDN5 SLC7A5,
AGCTTCCGTCGACGCT-1,12,Endo CLDN5 SLC7A5,0.4219772386497703,Endo CLDN5 SLC7A5,
AGCTTCCGTGAATAAC-1,8,Oligo MOG OPALIN,0.9009991064072139,Endo CLDN5 SLC7A5,
AGCTTCCTCAAATGAG-1,0,Oligo MOG OPALIN,0.9999392722043559,Oligo MOG OPALIN,
AGCTTCCTCCTCACCA-1,16,Endo CLDN5 SLC7A5,0.9800833125585126,Endo CLDN5 SLC7A5,
AGCTTCCTCTGTTCAT-1,4,Endo CLDN5 SLC7A5,0.9244355129815172,Endo CLDN5 SLC7A5,
AGGAAATAGAAATTGC-1,38,Endo CLDN5 SLC7A5,0.39730720625578847,Endo CLDN5 SLC7A5,
AGGAAATAGCAAGTCG-1,18,Endo CLDN5 SLC7A5,0.6563899088407742,Endo CLDN5 SLC7A5,
AGGAAATCAAACGTGG-1,26,InN PVALB HPSE,0.8799771098338027,InN PVALB HPSE,
AGGAAATGTAGAATAC-1,25,Oligo MOG OPALIN,0.8707684943767618,Endo CLDN5 SLC7A5,
AGGAAATTCACCGGTG-1,16,Endo CLDN5 SLC7A5,0.7005316637826818,Endo CLDN5 SLC7A5,
AGGAATAAGATGAACT-1,5,L2-3 CUX2 ACVR1C THSD7A,0.763917276446174,L2-3 CUX2 ACVR1C THSD7A,
AGGAATAAGCAAACAT-1,18,Oligo MOG OPALIN,0.7927868446032268,Endo CLDN5 SLC7A5,
AGGAATAAGTGTGTTC-1,22,Endo CLDN5 SLC7A5,0.3398655967763955,Endo CLDN5 SLC7A5,
AGGAATAGTATCGAAA-1,4,Endo CLDN5 SLC7A5,0.9484545968529041,Endo CLDN5 SLC7A5,
AGGAATAGTTCTGACA-1,17,Micro P2RY12 APBB1IP,0.393957759333359,Endo CLDN5 SLC7A5,
AGGACGACATGATAGA-1,0,Oligo MOG OPALIN,0.6625770946592323,Oligo MOG OPALIN,
AGGACGAGTCCGATCG-1,1,Endo CLDN5 SLC7A5,0.6635839000184606,Endo CLDN5 SLC7A5,
AGGACTTGTTCCCAAA-1,35,Endo CLDN5 SLC7A5,0.502436795479542,Endo CLDN5 SLC7A5,
AGGAGGTAGAGCCCAA-1,41,Oligo MOG OPALIN,0.9022132527141195,Oligo MOG OPALIN,
AGGAGGTGTCCGCAGT-1,12,Endo CLDN5 SLC7A5,0.984025698964577,Endo CLDN5 SLC7A5,
AGGAGGTTCCAGCAAT-1,3,Micro P2RY12 APBB1IP,0.9961617206171157,Micro P2RY12 APBB1IP,
AGGATAAAGTTTGCTG-1,31,InN VIP EXPH5,0.9929429504097195,InN VIP HS3ST3B1,
AGGATAACATCTTCGC-1,23,Endo CLDN5 SLC7A5,0.9776837069420321,Endo CLDN5 SLC7A5,
AGGATCTCACGGTAGA-1,5,L2-3 CUX2 ACVR1C THSD7A,0.9942212921591443,L2-3 CUX2 ACVR1C THSD7A,
AGGATCTTCGAGAAGC-1,0,Oligo MOG OPALIN,0.999971164938576,Oligo MOG OPALIN,
AGGATCTTCGAGATAA-1,16,Endo CLDN5 SLC7A5,0.9473198683313508,Endo CLDN5 SLC7A5,
AGGATCTTCGTAGTGT-1,8,Oligo MOG OPALIN,0.9108734420610771,Endo CLDN5 SLC7A5,
AGGCATTAGCGCTGAA-1,4,Endo CLDN5 SLC7A5,0.5856411196417786,Endo CLDN5 SLC7A5,
AGGCATTAGGCCTAAG-1,0,Oligo MOG OPALIN,0.9997118769870218,Oligo MOG OPALIN,
AGGCATTCATCTTTCA-1,26,InN LAMP5 LHX6 TAC1,0.4406522827674048,InN PVALB HPSE,
AGGCATTGTATCGCAT-1,47,L5-6 FEZF2 NXPH2 GPC5,0.4425471372596189,L5-6 FEZF2 NXPH2 GRIK1,
AGGCATTGTATCTCGA-1,36,L3-5 RORB GABRG1 KCNH7,0.7499705033607115,L3-5 RORB GABRG1 KCNH7,
AGGCATTGTTCATCGA-1,29,PC P2RY14 GRM8,0.9994116500309895,PC P2RY14 GRM8,
AGGCATTGTTGCTCAA-1,46,L3-5 RORB PCBP3 LINGO2,0.5793171112600425,L3-5 RORB PCBP3 IL1RAPL2,
AGGCATTTCCCAGGAC-1,37,Oligo MOG OPALIN,0.8883702697577796,Endo CLDN5 SLC7A5,
AGGCATTTCCTAGCCT-1,21,L6 OPRK1 THEMIS RGS6,0.7438624508891399,L6 OPRK1 THEMIS RGS6,
AGGCCACAGCGTGTTT-1,44,Oligo MOG OPALIN,0.9290665209148755,Endo CLDN5 SLC7A5,
AGGCCACCAAGCGATG-1,12,Oligo MOG OPALIN,0.35222276585955997,Endo CLDN5 SLC7A5,
AGGCCACCACGTCATA-1,3,Micro P2RY12 APBB1IP,0.999278511903637,Micro P2RY12 APBB1IP,
AGGCCACCAGGACATG-1,31,InN VIP HS3ST3B1,0.5771983547186695,InN VIP HS3ST3B1,
AGGCCACGTTGCTCCT-1,13,Oligo MOG OPALIN,0.9425147725776675,OPC PDGFRA PCDH15,
AGGCTGCAGCTGGAGT-1,30,Endo CLDN5 SLC7A5,0.9911613762606484,Endo CLDN5 SLC7A5,
AGGCTGCCAGTCGGTC-1,28,Endo CLDN5 SLC7A5,0.6027915254833623,Endo CLDN5 SLC7A5,
AGGCTGCGTTGTCAGT-1,14,Endo CLDN5 SLC7A5,0.9644712112633645,Endo CLDN5 SLC7A5,
AGGGAGTCAATTGCTG-1,1,Endo CLDN5 SLC7A5,0.8954608948978504,Endo CLDN5 SLC7A5,
AGGGAGTCACATGTTG-1,11,InN SST FREM1,0.9680159059092109,InN SST FREM1,
AGGGAGTCAGCTGTTA-1,22,Endo CLDN5 SLC7A5,0.9786847205323189,Endo CLDN5 SLC7A5,
AGGGAGTCATCCCGTT-1,0,Oligo MOG OPALIN,0.9999957803107381,Oligo MOG OPALIN,
AGGGAGTCATCTCAAG-1,39,InN LAMP5 BMP7,0.9862992737099961,InN LAMP5 BMP7,
AGGGAGTTCCATTGTT-1,13,OPC PDGFRA PCDH15,0.9599668812305604,OPC PDGFRA PCDH15,
AGGGCCTCACCATATG-1,8,Endo CLDN5 SLC7A5,0.9258418471104429,Endo CLDN5 SLC7A5,
AGGGCCTCATATCGGT-1,38,Endo CLDN5 SLC7A5,0.9530455927249035,Endo CLDN5 SLC7A5,
AGGGCCTTCAGCGCAC-1,6,Oligo MOG OPALIN,0.9999945380917792,Oligo MOG OPALIN,
AGGGCTCAGCTGACAG-1,13,OPC PDGFRA PCDH15,0.9999999999976292,OPC PDGFRA PCDH15,
AGGGCTCCAACCAACT-1,26,InN PVALB HPSE,0.6665234739855916,InN PVALB HPSE,
AGGGCTCCAATAAGGT-1,41,Astro AQP4 SLC1A2,0.7281649266709991,Oligo MOG OPALIN,
AGGGCTCCAGGCGATA-1,2,Astro GFAP FABP7,0.8376425399644575,Astro AQP4 SLC1A2,
AGGGTCCCAGGACATG-1,4,Endo CLDN5 SLC7A5,0.9848455734288909,Endo CLDN5 SLC7A5,
AGGGTCCTCAGCACCG-1,37,Oligo MOG OPALIN,0.9164316094952808,Endo CLDN5 SLC7A5,
AGGGTCCTCCCGTTCA-1,11,InN SST HS3ST5,0.9322415858168218,InN SST FREM1,
AGGGTGAGTAGCGTCC-1,4,Endo CLDN5 SLC7A5,0.9947213030721784,Endo CLDN5 SLC7A5,
AGGGTGAGTTCTAACG-1,13,Oligo MOG OPALIN,0.30548869049226096,OPC PDGFRA PCDH15,
AGGGTTTAGCTGTACT-1,1,Endo CLDN5 SLC7A5,0.82277895575776,Endo CLDN5 SLC7A5,
AGGGTTTGTCACCACG-1,19,Endo CLDN5 SLC7A5,0.8618815200081039,Endo CLDN5 SLC7A5,
AGGGTTTTCGACGACC-1,13,OPC PDGFRA PCDH15,0.9999999999842355,OPC PDGFRA PCDH15,
AGGTAGGAGTTCATGC-1,2,Astro AQP4 SLC1A2,0.9918670147596764,Astro AQP4 SLC1A2,
AGGTAGGTCTGGTGCG-1,12,Endo CLDN5 SLC7A5,0.5805389535287263,Endo CLDN5 SLC7A5,
AGGTAGGTCTGTCAGA-1,1,Endo CLDN5 SLC7A5,0.9183719258273092,Endo CLDN5 SLC7A5,
AGGTCATGTACGATTC-1,11,InN SST TRPC7,0.6343128410845623,InN SST FREM1,
AGGTCATGTGTCATCA-1,36,L3-5 RORB GABRG1 PTPRO,0.5457740274594962,L3-5 RORB GABRG1 KCNH7,
AGGTCATGTTCTCACC-1,30,Endo CLDN5 SLC7A5,0.9710345290018538,Endo CLDN5 SLC7A5,
AGGTCATTCCGATAAC-1,1,Endo CLDN5 SLC7A5,0.9382723137224074,Endo CLDN5 SLC7A5,
AGGTCATTCTGTCGTC-1,8,Oligo MOG OPALIN,0.9516160955503709,Endo CLDN5 SLC7A5,
AGGTCTAAGACTTCAC-1,25,Endo CLDN5 SLC7A5,0.9603310110267425,Endo CLDN5 SLC7A5,
AGGTCTACAGAGTCTT-1,44,Endo CLDN5 SLC7A5,0.47414927387179123,Endo CLDN5 SLC7A5,
AGGTCTACATGACTGT-1,37,Oligo MOG OPALIN,0.9971117144240825,Endo CLDN5 SLC7A5,
AGGTCTAGTATTCCGA-1,10,Endo CLDN5 SLC7A5,0.9113770326088965,Endo CLDN5 SLC7A5,
AGGTCTATCATGAAAG-1,2,Oligo MOG OPALIN,0.8504633615856225,Astro AQP4 SLC1A2,
AGGTCTATCCGTGTGG-1,8,Endo CLDN5 SLC7A5,0.45548461824729297,Endo CLDN5 SLC7A5,
AGGTGTTAGTACGTCT-1,29,PC P2RY14 GRM8,0.9711718641538231,PC P2RY14 GRM8,
AGGTGTTAGTCGCTAT-1,24,Oligo MOG OPALIN,0.9999835625885116,Endo CLDN5 SLC7A5,
AGGTGTTCATGAAGCG-1,30,Endo CLDN5 SLC7A5,0.896212923215471,Endo CLDN5 SLC7A5,
AGGTGTTGTATAATGG-1,34,L6 FEZF2 NPFFR2 KCNK2,0.996854376954331,L6 FEZF2 NPFFR2 KCNK2,
AGGTTACCAGCACAAG-1,4,Endo CLDN5 SLC7A5,0.8651186461788777,Endo CLDN5 SLC7A5,
AGGTTACGTCAGACTT-1,5,L2-3 CUX2 NTNG1 PALMD,0.47334343472588164,L2-3 CUX2 ACVR1C THSD7A,
AGGTTACGTCCGTACG-1,2,OPC PDGFRA PCDH15,0.9999999456068417,Astro AQP4 SLC1A2,
AGGTTACGTGGGATTG-1,4,Oligo MOG OPALIN,0.35998039749483246,Endo CLDN5 SLC7A5,
AGGTTACGTTCCGCAG-1,29,Endo CLDN5 SLC7A5,0.8838603899458642,PC P2RY14 GRM8,
AGGTTACGTTCTCCAC-1,7,Endo CLDN5 SLC7A5,0.423166066420057,L3-5 RORB MKX GRIN3A,
AGGTTGTCACATAACC-1,45,Oligo MOG OPALIN,0.49196809941553293,Endo CLDN5 SLC7A5,
AGGTTGTCATAGGTAA-1,0,Oligo MOG OPALIN,0.9565546648140124,Oligo MOG OPALIN,
AGGTTGTGTAGCTTTG-1,0,Oligo MOG OPALIN,0.9999904985953365,Oligo MOG OPALIN,
AGGTTGTGTTCCGGTG-1,35,Endo CLDN5 SLC7A5,0.8733284245403993,Endo CLDN5 SLC7A5,
AGGTTGTGTTTGGAAA-1,2,Astro AQP4 SLC1A2,0.880640727890502,Astro AQP4 SLC1A2,
AGGTTGTTCTGATTCT-1,18,Endo CLDN5 SLC7A5,0.6875389342394764,Endo CLDN5 SLC7A5,
AGTAACCAGAATAGTC-1,15,Endo CLDN5 SLC7A5,0.8954932381686526,Endo CLDN5 SLC7A5,
AGTAACCAGAGAGGGC-1,6,Oligo MOG OPALIN,0.9999918613157573,Oligo MOG OPALIN,
AGTAACCAGATCCAAA-1,3,Micro P2RY12 APBB1IP,0.9942285610793309,Micro P2RY12 APBB1IP,
AGTAACCTCCGTAGTA-1,2,Astro AQP4 SLC1A2,0.5302854028477645,Astro AQP4 SLC1A2,
AGTACCAAGCCATATC-1,32,Endo CLDN5 SLC7A5,0.3405224586927911,Endo CLDN5 SLC7A5,
AGTACCAAGGGCGAGA-1,4,Endo CLDN5 SLC7A5,0.44852721721465966,Endo CLDN5 SLC7A5,
AGTACCACAGCGACAA-1,18,Endo CLDN5 SLC7A5,0.37353808526224497,Endo CLDN5 SLC7A5,
AGTACCAGTACCCGAC-1,34,L6 FEZF2 NPFFR2 TPD52L1,0.41086565040130146,L6 FEZF2 NPFFR2 KCNK2,
AGTACTGCAACAGCCC-1,2,L2-3 CUX2 NTNG1 PALMD,0.44791041037884727,Astro AQP4 SLC1A2,
AGTAGCTAGAGCAAGA-1,9,L2-3 CUX2 NTNG1 PALMD,0.7655532893523868,Endo CLDN5 SLC7A5,
AGTAGCTAGCCTAGGA-1,6,Oligo MOG OPALIN,0.9999051966361236,Oligo MOG OPALIN,
AGTAGCTGTATCTCGA-1,7,L3-5 RORB MKX DCC,0.796780371200192,L3-5 RORB MKX GRIN3A,
AGTAGCTGTGCTGCAC-1,4,Endo CLDN5 SLC7A5,0.7851817225075249,Endo CLDN5 SLC7A5,
AGTAGTCCAGCTGTGC-1,0,Oligo MOG OPALIN,0.999994990828651,Oligo MOG OPALIN,
AGTCAACCAGCGCGTT-1,10,Oligo MOG OPALIN,0.3503221297143754,Endo CLDN5 SLC7A5,
AGTCAACCAGTACTAC-1,29,PC P2RY14 GRM8,0.9999798646091158,PC P2RY14 GRM8,
AGTCAACGTATCGTAC-1,34,L6 FEZF2 NPFFR2 KCNK2,0.9542370204158792,L6 FEZF2 NPFFR2 KCNK2,
AGTCAACGTTTGCAGT-1,29,Endo CLDN5 SLC7A5,0.6947614535904735,PC P2RY14 GRM8,
AGTCACACATAGGTTC-1,6,Oligo MOG OPALIN,0.999998862945202,Oligo MOG OPALIN,
AGTCACAGTCTGATCA-1,36,L3-5 RORB GABRG1 PTPRO,0.5994985828126964,L3-5 RORB GABRG1 KCNH7,
AGTCACATCGCATTGA-1,4,Endo CLDN5 SLC7A5,0.9953474877774453,Endo CLDN5 SLC7A5,
AGTCACATCTCGGTCT-1,10,Endo CLDN5 SLC7A5,0.9239128021398507,Endo CLDN5 SLC7A5,
AGTCATGAGGACAGTC-1,14,Endo CLDN5 SLC7A5,0.9849476490231978,Endo CLDN5 SLC7A5,
AGTCATGAGGTCGTGA-1,4,Endo CLDN5 SLC7A5,0.9441515704050275,Endo CLDN5 SLC7A5,
AGTCATGCAAAGCACG-1,9,Endo CLDN5 SLC7A5,0.9928261897911772,Endo CLDN5 SLC7A5,
AGTCATGGTACGGTTT-1,11,InN SST HTR2C,0.9997330052292903,InN SST FREM1,
AGTCATGGTGCATTAC-1,27,Endo CLDN5 SLC7A5,0.6244628572010575,Endo CLDN5 SLC7A5,
AGTCATGGTGTAGGAC-1,37,PC P2RY14 GRM8,0.34136407421098747,Endo CLDN5 SLC7A5,
AGTCATGGTTGGAGGT-1,9,Endo CLDN5 SLC7A5,0.6592584787310475,Endo CLDN5 SLC7A5,
AGTCTCCAGTAACGAT-1,14,Endo CLDN5 SLC7A5,0.6652496700718844,Endo CLDN5 SLC7A5,
AGTCTCCCAACATCGT-1,4,Endo CLDN5 SLC7A5,0.5346997489659451,Endo CLDN5 SLC7A5,
AGTCTCCCAGACCCGT-1,6,Oligo MOG OPALIN,0.9999902923741802,Oligo MOG OPALIN,
AGTCTCCGTACCCGAC-1,0,Oligo MOG OPALIN,0.9999636827551778,Oligo MOG OPALIN,
AGTCTCCGTACGAGCA-1,6,Oligo MOG GSN,0.9999946125774583,Oligo MOG OPALIN,
AGTCTCCGTGAGTTTC-1,27,Endo CLDN5 SLC7A5,0.3662931692419021,Endo CLDN5 SLC7A5,
AGTCTCCGTTCAGCTA-1,6,Oligo MOG OPALIN,0.9999601782020684,Oligo MOG OPALIN,
AGTCTCCTCGGTAGGA-1,34,L6 FEZF2 AMOTL1 CDH6,0.6761794614293923,L6 FEZF2 NPFFR2 KCNK2,
AGTGACTCAGTTGCGC-1,19,Endo CLDN5 SLC7A5,0.6770277350337573,Endo CLDN5 SLC7A5,
AGTGACTGTATCAAGA-1,5,L2-3 CUX2 NTNG1 PALMD,0.4681821211405083,L2-3 CUX2 ACVR1C THSD7A,
AGTGATCAGTAGGAAG-1,4,Endo CLDN5 SLC7A5,0.7735020740707865,Endo CLDN5 SLC7A5,
AGTGATCGTAAGTTGA-1,36,L3-5 RORB GABRG1 PTPRO,0.6795831667615911,L3-5 RORB GABRG1 KCNH7,
AGTGATCTCGACTCCT-1,23,Endo CLDN5 SLC7A5,0.9302991418780007,Endo CLDN5 SLC7A5,
AGTGCCGCAAACACCT-1,0,Oligo MOG OPALIN,0.9997553845461505,Oligo MOG OPALIN,
AGTGCCGGTAGGATAT-1,14,Endo CLDN5 SLC7A5,0.9808577896619449,Endo CLDN5 SLC7A5,
AGTGCCGTCACACCGG-1,1,Endo CLDN5 SLC7A5,0.999606946253667,Endo CLDN5 SLC7A5,
AGTGCCGTCGGTTAGT-1,8,Endo CLDN5 SLC7A5,0.973927116119121,Endo CLDN5 SLC7A5,
AGTGTTGAGACAAGCC-1,29,Endo CLDN5 SLC7A5,0.39937546881640124,PC P2RY14 GRM8,
AGTGTTGCAGAGAAAG-1,32,Endo CLDN5 SLC7A5,0.997903381895476,Endo CLDN5 SLC7A5,
AGTGTTGCATCCGAAT-1,20,Oligo MOG OPALIN,0.9871743878727911,Endo CLDN5 SLC7A5,
AGTGTTGGTATCGCAT-1,1,Oligo MOG OPALIN,0.9978094576214052,Endo CLDN5 SLC7A5,
AGTGTTGTCTTGCGCT-1,5,L2-3 CUX2 NTNG1 PALMD,0.38649645020238804,L2-3 CUX2 ACVR1C THSD7A,
AGTTAGCGTCCCGGTA-1,18,Endo CLDN5 SLC7A5,0.33318531851879607,Endo CLDN5 SLC7A5,
AGTTCCCAGAAAGCGA-1,27,Endo CLDN5 SLC7A5,0.7183091553880763,Endo CLDN5 SLC7A5,
AGTTCCCAGACGCTCC-1,14,Endo CLDN5 SLC7A5,0.9996208210366888,Endo CLDN5 SLC7A5,
AGTTCCCAGCACTAGG-1,34,L6 FEZF2 NPFFR2 TPD52L1,0.7256775616476996,L6 FEZF2 NPFFR2 KCNK2,
AGTTCCCCAGCAAGAC-1,0,Oligo MOG OPALIN,0.99994329454509,Oligo MOG OPALIN,
AGTTCCCCAGTCAGTT-1,24,Endo CLDN5 SLC7A5,0.9012050478621603,Endo CLDN5 SLC7A5,
AGTTCCCCATCGATCA-1,1,Endo CLDN5 SLC7A5,0.8730848925485984,Endo CLDN5 SLC7A5,
AGTTCCCGTTCTCCCA-1,1,Endo CLDN5 SLC7A5,0.9201689274511529,Endo CLDN5 SLC7A5,
AGTTCCCTCATTCCTA-1,10,Endo CLDN5 SLC7A5,0.9781066047662512,Endo CLDN5 SLC7A5,
AGTTCCCTCTGGGCCA-1,31,InN VIP MEGF11 LHFP,0.6177460759854998,InN VIP HS3ST3B1,
AGTTCGACACCAAATC-1,22,Endo CLDN5 SLC7A5,0.9956830964107694,Endo CLDN5 SLC7A5,
AGTTCGATCGGTCGAC-1,8,Oligo MOG OPALIN,0.9163775455482547,Endo CLDN5 SLC7A5,
ATACCGACACGACGTC-1,37,SMC ACTA2 CNN1,0.9990586382298806,Endo CLDN5 SLC7A5,
ATACCGAGTGCAACGA-1,23,Endo CLDN5 SLC7A5,0.9698096788047387,Endo CLDN5 SLC7A5,
ATACCGATCCCGATCT-1,26,InN PVALB GRIN2C,0.9919811539799955,InN PVALB HPSE,
ATACCTTAGGGTAGCT-1,42,PC P2RY14 GRM8,0.9599964465691618,PC P2RY14 GRM8,
ATACCTTAGTTGCTCA-1,6,Oligo MOG OPALIN,0.9999293362026013,Oligo MOG OPALIN,
ATACCTTCAACGGGTA-1,20,Endo CLDN5 SLC7A5,0.9731308401308285,Endo CLDN5 SLC7A5,
ATACCTTCAGTATGAA-1,15,Endo CLDN5 SLC7A5,0.833801113163204,Endo CLDN5 SLC7A5,
ATACCTTGTGACAGCA-1,16,Endo CLDN5 SLC7A5,0.9934193733112989,Endo CLDN5 SLC7A5,
ATACCTTTCGCTCTCA-1,5,L2-3 CUX2 NTNG1 PLCH1,0.7996055361899321,L2-3 CUX2 ACVR1C THSD7A,
ATACTTCAGGGACACT-1,9,Oligo MOG OPALIN,0.9930623591714691,Endo CLDN5 SLC7A5,
ATACTTCAGTAGGGTC-1,46,L3-5 RORB PCBP3 ARHGAP15,0.8034098394957664,L3-5 RORB PCBP3 IL1RAPL2,
ATACTTCAGTCTGCGC-1,3,Micro P2RY12 GLDN,0.991545450159843,Micro P2RY12 APBB1IP,
ATACTTCCAACGGCTC-1,47,L5-6 FEZF2 NXPH2 CDH8,0.4822842733112801,L5-6 FEZF2 NXPH2 GRIK1,
ATACTTCCACGTTGGC-1,4,Endo CLDN5 SLC7A5,0.8462062305103136,Endo CLDN5 SLC7A5,
ATACTTCCAGTTTCAG-1,10,Endo CLDN5 SLC7A5,0.9941699951974187,Endo CLDN5 SLC7A5,
ATACTTCGTACGGATG-1,13,Myeloid LSP1 LYZ,0.8986194171841516,OPC PDGFRA PCDH15,
ATAGACCAGAGATGCC-1,8,Endo CLDN5 SLC7A5,0.8773187180422017,Endo CLDN5 SLC7A5,
ATAGACCAGTGTGTTC-1,14,Endo CLDN5 SLC7A5,0.790437026523677,Endo CLDN5 SLC7A5,
ATAGACCTCGGAGTGA-1,12,Endo CLDN5 SLC7A5,0.8125744554379886,Endo CLDN5 SLC7A5,
ATAGAGACACTATCCC-1,15,L2-3 CUX2 NTNG1 PALMD,0.8277628343056079,Endo CLDN5 SLC7A5,
ATAGAGACATGTTTGG-1,36,L3-5 RORB GABRG1 PTPRO,0.5558975960224436,L3-5 RORB GABRG1 KCNH7,
ATAGAGATCTACGGTA-1,3,Micro P2RY12 APBB1IP,0.8864569550424071,Micro P2RY12 APBB1IP,
ATAGGCTGTGAATTGA-1,5,L2-4 CUX2 RORB CLMN,0.6197306537674788,L2-3 CUX2 ACVR1C THSD7A,
ATAGGCTGTTTAAGGA-1,20,Endo CLDN5 SLC7A5,0.907763052925265,Endo CLDN5 SLC7A5,
ATAGGCTTCAAACCCA-1,18,Endo CLDN5 SLC7A5,0.8237864417463431,Endo CLDN5 SLC7A5,
ATAGGCTTCTAAGGAA-1,41,Oligo MOG OPALIN,0.9997274193695781,Oligo MOG OPALIN,
ATAGGCTTCTGGGATT-1,21,L6 OPRK1 THEMIS RGS6,0.4907677963953459,L6 OPRK1 THEMIS RGS6,
ATATCCTCAATCACGT-1,9,Endo CLDN5 SLC7A5,0.44803130051722956,Endo CLDN5 SLC7A5,
ATATCCTCATTCCTCG-1,12,L3-5 RORB MKX GRIN3A,0.8483327478454769,Endo CLDN5 SLC7A5,
ATATCCTGTTTACTTC-1,29,VLMC COL1A2 SLC13A3,0.6157177455600585,PC P2RY14 GRM8,
ATCACAGAGAGCAAGA-1,14,Endo CLDN5 SLC7A5,0.3253622276665043,Endo CLDN5 SLC7A5,
ATCACAGAGCCGTTAT-1,4,L2-4 CUX2 RORB CLMN,0.4179249831839338,Endo CLDN5 SLC7A5,
ATCACAGAGGCAATGC-1,25,Endo CLDN5 SLC7A5,0.9719798999140636,Endo CLDN5 SLC7A5,
ATCACAGCAAATCGTC-1,4,Endo CLDN5 SLC7A5,0.9871204564649494,Endo CLDN5 SLC7A5,
ATCACAGCATCAGTGT-1,18,Oligo MOG OPALIN,0.6537398170300933,Endo CLDN5 SLC7A5,
ATCACAGCATCTTTCA-1,9,Endo CLDN5 SLC7A5,0.7358309835054176,Endo CLDN5 SLC7A5,
ATCACAGCATGAGAAT-1,0,Oligo MOG OPALIN,0.9731868343837475,Oligo MOG OPALIN,
ATCACAGTCGCAAGAG-1,14,Endo CLDN5 IL1R1,0.9982988633377512,Endo CLDN5 SLC7A5,
ATCACAGTCGTTAGTG-1,14,Endo CLDN5 SLC7A5,0.9989662733893909,Endo CLDN5 SLC7A5,
ATCACAGTCTCCTGCA-1,22,Endo CLDN5 SLC7A5,0.5962822909182506,Endo CLDN5 SLC7A5,
ATCACGAAGATCCTAC-1,1,Endo CLDN5 SLC7A5,0.3187911977012376,Endo CLDN5 SLC7A5,
ATCACGAAGTACAACA-1,3,Micro P2RY12 APBB1IP,0.9832364827267956,Micro P2RY12 APBB1IP,
ATCACGAAGTCGGGAT-1,3,Micro P2RY12 APBB1IP,0.9996900740650889,Micro P2RY12 APBB1IP,
ATCACGACAGGGACTA-1,17,Endo CLDN5 SLC7A5,0.6951649427747004,Endo CLDN5 SLC7A5,
ATCACGAGTGATGGCA-1,2,Astro AQP4 SLC1A2,0.9843123679848803,Astro AQP4 SLC1A2,
ATCACGAGTGGGATTG-1,16,Endo CLDN5 SLC7A5,0.44181581649448143,Endo CLDN5 SLC7A5,
ATCACTTCAATTGTGC-1,28,Endo CLDN5 SLC7A5,0.8861077333480094,Endo CLDN5 SLC7A5,
ATCACTTCAGAGGGTT-1,28,Endo CLDN5 SLC7A5,0.8754196561445862,Endo CLDN5 SLC7A5,
ATCACTTGTCAAGCGA-1,21,L6 OPRK1 THEMIS RGS6,0.8458657786120993,L6 OPRK1 THEMIS RGS6,
ATCACTTTCAAGGACG-1,10,Endo CLDN5 SLC7A5,0.5042820247228116,Endo CLDN5 SLC7A5,
ATCAGGTAGGACGGAG-1,38,Oligo MOG OPALIN,0.949530627143897,Endo CLDN5 SLC7A5,
ATCAGGTTCGAACCAT-1,3,Micro P2RY12 APBB1IP,0.9871303318492908,Micro P2RY12 APBB1IP,
ATCATTCAGGTCGTAG-1,11,InN SST NPY,0.9976543074809281,InN SST FREM1,
ATCATTCGTCGCTTAA-1,3,Micro P2RY12 APBB1IP,0.9297241101990611,Micro P2RY12 APBB1IP,
ATCATTCGTTCTTGCC-1,16,Endo CLDN5 SLC7A5,0.8051396131559346,Endo CLDN5 SLC7A5,
ATCATTCTCACCCATC-1,15,Endo CLDN5 SLC7A5,0.9844971878744259,Endo CLDN5 SLC7A5,
ATCATTCTCTGCTTTA-1,5,L2-3 CUX2 ACVR1C THSD7A,0.8900491587965025,L2-3 CUX2 ACVR1C THSD7A,
ATCCACCCAGTTTCAG-1,26,InN PVALB ANOS1,0.6850177677798935,InN PVALB HPSE,
ATCCACCGTTCGAGCC-1,30,Endo CLDN5 SLC7A5,0.9786389375544609,Endo CLDN5 SLC7A5,
ATCCATTAGGAGAGTA-1,27,Endo CLDN5 SLC7A5,0.818410702768859,Endo CLDN5 SLC7A5,
ATCCATTAGGCATGGT-1,12,L3-5 RORB MKX GRIN3A,0.9247411197386568,Endo CLDN5 SLC7A5,
ATCCATTCACATATGC-1,16,Endo CLDN5 SLC7A5,0.4528582249788122,Endo CLDN5 SLC7A5,
ATCCATTCACGACAGA-1,21,L2-3 CUX2 NTNG1 PALMD,0.7308747055369097,L6 OPRK1 THEMIS RGS6,
ATCCATTCACGCGCTA-1,1,Endo CLDN5 SLC7A5,0.9639262087466752,Endo CLDN5 SLC7A5,
ATCCATTCATGACACT-1,10,Oligo MOG OPALIN,0.7772808737945347,Endo CLDN5 SLC7A5,
ATCCATTGTCTGATAC-1,23,Oligo MOG OPALIN,0.9998944410285885,Endo CLDN5 SLC7A5,
ATCCCTGAGGATTTCC-1,4,Endo CLDN5 SLC7A5,0.3452581790096476,Endo CLDN5 SLC7A5,
ATCCCTGTCATGTCAG-1,9,Endo CLDN5 SLC7A5,0.9821130375786842,Endo CLDN5 SLC7A5,
ATCCCTGTCCACACCT-1,2,Astro AQP4 SLC1A2,0.7551855346830697,Astro AQP4 SLC1A2,
ATCCCTGTCGCATAGT-1,7,L3-5 RORB MKX DCC,0.9980526741412915,L3-5 RORB MKX GRIN3A,
ATCCCTGTCTGAATCG-1,19,Endo CLDN5 SLC7A5,0.7914261046206336,Endo CLDN5 SLC7A5,
ATCCGTCCAACCTATG-1,11,InN SST FREM1,0.9954006795027832,InN SST FREM1,
ATCCTATAGCTACAAA-1,31,InN VIP ADAM12,0.9858429834233513,InN VIP HS3ST3B1,
ATCCTATTCTTAGCCC-1,11,InN SST FREM1,0.9999095964539799,InN SST FREM1,
ATCGATGCACAAATCC-1,34,L5 FEZF2 BCL11B POU3F1,0.8831622732455645,L6 FEZF2 NPFFR2 KCNK2,
ATCGATGCATCGCTCT-1,28,Endo CLDN5 SLC7A5,0.6822744610624409,Endo CLDN5 SLC7A5,
ATCGATGTCCATATGG-1,29,VLMC COL1A2 VLMCA8,0.996829829776976,PC P2RY14 GRM8,
ATCGATGTCCCGAATA-1,6,Oligo MOG OPALIN,0.9999568785539205,Oligo MOG OPALIN,
ATCGATGTCGGATTAC-1,37,Endo CLDN5 SLC7A5,0.6730042367400797,Endo CLDN5 SLC7A5,
ATCGCCTCAAATACGA-1,12,L3-5 RORB MKX GRIN3A,0.5751319812359428,Endo CLDN5 SLC7A5,
ATCGCCTCAGTCAGAG-1,4,Endo CLDN5 SLC7A5,0.9988199097473552,Endo CLDN5 SLC7A5,
ATCGCCTGTAGCACGA-1,4,Endo CLDN5 SLC7A5,0.9449859684577263,Endo CLDN5 SLC7A5,
ATCGGATAGAGGTGCT-1,27,Endo CLDN5 SLC7A5,0.8590089609147501,Endo CLDN5 SLC7A5,
ATCGGATCAGAATCGG-1,12,Endo CLDN5 SLC7A5,0.9370174954603906,Endo CLDN5 SLC7A5,
ATCGGATGTGGTCTGC-1,0,Oligo MOG OPALIN,0.999999975671399,Oligo MOG OPALIN,
ATCGGCGAGTTGTCGT-1,3,Micro P2RY12 APBB1IP,0.9717697284645862,Micro P2RY12 APBB1IP,
ATCGGCGCACTCGATA-1,4,L2-3 CUX2 NTNG1 PALMD,0.6844118011599435,Endo CLDN5 SLC7A5,
ATCGGCGGTGATAGTA-1,21,L6 OPRK1 SMYD1 SNTB1,0.7672069528493988,L6 OPRK1 THEMIS RGS6,
ATCGGCGTCAGACCCG-1,41,Oligo MOG OPALIN,0.3706802184835868,Oligo MOG OPALIN,
ATCGGCGTCATCGTAG-1,7,L3-5 RORB MKX DCC,0.9972478836069515,L3-5 RORB MKX GRIN3A,
ATCGGCGTCCTCACTG-1,2,Astro GFAP FABP7,0.3049924463477682,Astro AQP4 SLC1A2,
ATCGTAGAGCAAGTCG-1,4,Endo CLDN5 SLC7A5,0.43114400406541475,Endo CLDN5 SLC7A5,
ATCGTAGGTACTCAAC-1,32,Oligo MOG OPALIN,0.9223358112672279,Endo CLDN5 SLC7A5,
ATCGTAGTCCCATAGA-1,40,Oligo MOG OPALIN,0.9962879449939912,Endo CLDN5 SLC7A5,
ATCGTAGTCCCTCAAC-1,16,Endo CLDN5 SLC7A5,0.8140707901800881,Endo CLDN5 SLC7A5,
ATCGTCCGTTTCGACA-1,7,L3-5 RORB MKX GRIN3A,0.9863755550562523,L3-5 RORB MKX GRIN3A,
ATCGTCCTCGAATGCT-1,28,Endo CLDN5 SLC7A5,0.9983028292257214,Endo CLDN5 SLC7A5,
ATCGTGAAGTCGTCTA-1,21,L6 OPRK1 THEMIS RGS6,0.9910767621835362,L6 OPRK1 THEMIS RGS6,
ATCGTGAAGTTATGGA-1,21,Endo CLDN5 SLC7A5,0.3335930633882395,L6 OPRK1 THEMIS RGS6,
ATCGTGACAGGAATAT-1,6,Oligo MOG OPALIN,0.9999993423037468,Oligo MOG OPALIN,
ATCGTGAGTGGCTGAA-1,24,Oligo MOG OPALIN,0.9624933196297486,Endo CLDN5 SLC7A5,
ATCTCTACAATCAAGA-1,27,Endo CLDN5 SLC7A5,0.6358110880752783,Endo CLDN5 SLC7A5,
ATCTTCAAGCCTAACT-1,13,OPC PDGFRA PCDH15,0.9789824156815703,OPC PDGFRA PCDH15,
ATCTTCAAGCTGCCAC-1,16,Endo CLDN5 SLC7A5,0.6919826380888905,Endo CLDN5 SLC7A5,
ATCTTCAAGCTGTACT-1,15,Endo CLDN5 SLC7A5,0.3508660775106505,Endo CLDN5 SLC7A5,
ATCTTCAAGTATAACG-1,7,L3-5 RORB MKX GRIN3A,0.8991513396501345,L3-5 RORB MKX GRIN3A,
ATCTTCAGTAAGGCCA-1,0,Oligo MOG OPALIN,0.9999999663397472,Oligo MOG OPALIN,
ATCTTCAGTACGCTAT-1,1,Oligo MOG OPALIN,0.8403535129973531,Endo CLDN5 SLC7A5,
ATCTTCAGTCATGCAT-1,0,Oligo MOG OPALIN,0.5318714216157598,Oligo MOG OPALIN,
ATCTTCAGTCCGTACG-1,21,L6 OPRK1 THEMIS RGS6,0.31829572936287465,L6 OPRK1 THEMIS RGS6,
ATGAAAGCAGCATTGT-1,7,L3-5 RORB MKX GRIN3A,0.9364171015006982,L3-5 RORB MKX GRIN3A,
ATGAAAGGTATAGGGC-1,1,Endo CLDN5 SLC7A5,0.34443676478128316,Endo CLDN5 SLC7A5,
ATGAAAGTCAAATGAG-1,34,L6 FEZF2 NPFFR2 TPD52L1,0.9448879611033192,L6 FEZF2 NPFFR2 KCNK2,
ATGAAAGTCGGTCAGC-1,3,Micro P2RY12 APBB1IP,0.8563618274935595,Micro P2RY12 APBB1IP,
ATGAAAGTCTAGATCG-1,3,Micro P2RY12 APBB1IP,0.8335028559468833,Micro P2RY12 APBB1IP,
ATGACCACATCGGAAG-1,46,L3-5 RORB PCBP3 IL1RAPL2,0.7363804219906569,L3-5 RORB PCBP3 IL1RAPL2,
ATGACCAGTCGTCTCT-1,43,Endo CLDN5 SLC7A5,0.7884986219781567,Endo CLDN5 SLC7A5,
ATGACCATCACACCCT-1,9,Endo CLDN5 SLC7A5,0.994674956650557,Endo CLDN5 SLC7A5,
ATGACCATCATTCGTT-1,5,Endo CLDN5 SLC7A5,0.5348388031680397,L2-3 CUX2 ACVR1C THSD7A,
ATGAGGGAGTCATAGA-1,5,L2-4 CUX2 RORB CLMN,0.41812093634191655,L2-3 CUX2 ACVR1C THSD7A,
ATGAGGGAGTGCACAG-1,9,Endo CLDN5 SLC7A5,0.958621862938724,Endo CLDN5 SLC7A5,
ATGAGGGCATCTTAGG-1,8,Oligo MOG OPALIN,0.3804369010294782,Endo CLDN5 SLC7A5,
ATGAGGGGTCCGATCG-1,11,InN SST FREM1,0.9697400820892526,InN SST FREM1,
ATGAGGGGTTGTCATG-1,46,L3-5 RORB PCBP3 IL1RAPL2,0.535341747078153,L3-5 RORB PCBP3 IL1RAPL2,
ATGAGGGTCCAACCGG-1,10,Endo CLDN5 SLC7A5,0.8495792245263971,Endo CLDN5 SLC7A5,
ATGAGGGTCCCATTTA-1,5,L2-3 CUX2 ACVR1C THSD7A,0.9989774356484252,L2-3 CUX2 ACVR1C THSD7A,
ATGAGGGTCGGACCAC-1,3,Micro P2RY12 APBB1IP,0.9629885037898726,Micro P2RY12 APBB1IP,
ATGAGGGTCTTGGCTC-1,33,Endo CLDN5 SLC7A5,0.9866502782303039,Endo CLDN5 SLC7A5,
ATGAGTCAGACATCCT-1,20,Endo CLDN5 SLC7A5,0.5469272688222779,Endo CLDN5 SLC7A5,
ATGAGTCGTGTATTCG-1,4,Endo CLDN5 SLC7A5,0.969272952412672,Endo CLDN5 SLC7A5,
ATGAGTCTCAGCGCGT-1,19,Endo CLDN5 SLC7A5,0.9027516145127159,Endo CLDN5 SLC7A5,
ATGAGTCTCATACGGT-1,2,Endo CLDN5 SLC7A5,0.6231554578541658,Astro AQP4 SLC1A2,
ATGATCGAGGTGCATG-1,2,Astro AQP4 SLC1A2,0.9553255208008965,Astro AQP4 SLC1A2,
ATGATCGCACATAGCT-1,8,Endo CLDN5 SLC7A5,0.4563851279085577,Endo CLDN5 SLC7A5,
ATGATCGTCAAAGGTA-1,41,Oligo MOG OPALIN,0.9999342911338632,Oligo MOG OPALIN,
ATGATCGTCATAGAGA-1,14,Endo CLDN5 SLC7A5,0.9997532073633298,Endo CLDN5 SLC7A5,
ATGCATGAGAAACTCA-1,45,Oligo MOG OPALIN,0.7523953628667058,Endo CLDN5 SLC7A5,
ATGCATGCAGACCTAT-1,19,Endo CLDN5 SLC7A5,0.9894034882148783,Endo CLDN5 SLC7A5,
ATGCATGGTCGTACAT-1,23,Endo CLDN5 SLC7A5,0.9724767506484375,Endo CLDN5 SLC7A5,
ATGCCTCGTACCTATG-1,8,Endo CLDN5 SLC7A5,0.9695628709496248,Endo CLDN5 SLC7A5,
ATGCCTCGTCTGTCCT-1,2,Astro AQP4 SLC1A2,0.9913020529141228,Astro AQP4 SLC1A2,
ATGCCTCGTTCGGACC-1,3,Astro GFAP FABP7,0.9902219394820655,Micro P2RY12 APBB1IP,
ATGCGATGTAAGCGGT-1,34,L6 FEZF2 NPFFR2 KCNK2,0.9952841363031569,L6 FEZF2 NPFFR2 KCNK2,
ATGCGATTCCACGAAT-1,20,Endo CLDN5 SLC7A5,0.8169036012204661,Endo CLDN5 SLC7A5,
ATGGAGGCAAATCGTC-1,1,Endo CLDN5 SLC7A5,0.31090025880935135,Endo CLDN5 SLC7A5,
ATGGATCAGAGTTGTA-1,30,Endo CLDN5 SLC7A5,0.9954068493249372,Endo CLDN5 SLC7A5,
ATGGATCAGGAATTAC-1,37,Endo CLDN5 SLC7A5,0.9029828764670368,Endo CLDN5 SLC7A5,
ATGGATCCAAACCACT-1,44,Endo CLDN5 DKK2,0.9999980369565271,Endo CLDN5 SLC7A5,
ATGGATCGTGAGCAGT-1,8,Oligo MOG OPALIN,0.8214842132936079,Endo CLDN5 SLC7A5,
ATGGATCTCAGTGGGA-1,35,Endo CLDN5 SLC7A5,0.7575621462598222,Endo CLDN5 SLC7A5,
ATGGGAGCATTAAGCC-1,1,Micro P2RY12 APBB1IP,0.3210757250280465,Endo CLDN5 SLC7A5,
ATGGGAGGTACTGAGG-1,12,Endo CLDN5 SLC7A5,0.6631306150039807,Endo CLDN5 SLC7A5,
ATGGGAGGTTGCCTAA-1,1,Endo CLDN5 SLC7A5,0.3636956957196221,Endo CLDN5 SLC7A5,
ATGGGTTCAGCTACAT-1,4,Endo CLDN5 SLC7A5,0.9171562843421751,Endo CLDN5 SLC7A5,
ATGGGTTGTTCGGTAT-1,11,InN SST HTR2C,0.7364241633224536,InN SST FREM1,
ATGGGTTGTTCTGAGT-1,8,Oligo MOG OPALIN,0.5727282505993401,Endo CLDN5 SLC7A5,
ATGTCCCAGGTGCTGA-1,16,Endo CLDN5 SLC7A5,0.8596365201471137,Endo CLDN5 SLC7A5,
ATGTCCCAGTACTCGT-1,4,Endo CLDN5 SLC7A5,0.9042499449520539,Endo CLDN5 SLC7A5,
ATGTCCCCACATTCTT-1,9,Endo CLDN5 SLC7A5,0.9635919395021059,Endo CLDN5 SLC7A5,
ATGTCCCGTATTCCGA-1,17,L2-3 CUX2 NTNG1 PALMD,0.38991816098218735,Endo CLDN5 SLC7A5,
ATGTCCCGTTTGCCGG-1,13,OPC PDGFRA PCDH15,0.999979707785953,OPC PDGFRA PCDH15,
ATGTCCCTCGCCAGTG-1,0,Oligo MOG OPALIN,0.99999732680761,Oligo MOG OPALIN,
ATGTCTTAGCCAAGCA-1,16,Oligo MOG OPALIN,0.6832712409381635,Endo CLDN5 SLC7A5,
ATGTCTTTCGTTCTAT-1,0,Oligo MOG OPALIN,0.999999948359876,Oligo MOG OPALIN,
ATTACCTAGCCGTTGC-1,8,Endo CLDN5 SLC7A5,0.9456557501607099,Endo CLDN5 SLC7A5,
ATTACCTAGTGGACGT-1,31,InN VIP HS3ST3B1,0.9405874367450678,InN VIP HS3ST3B1,
ATTACCTTCCATTGCC-1,6,Oligo MOG OPALIN,0.9999988379767086,Oligo MOG OPALIN,
ATTACTCAGACTCTTG-1,4,Endo CLDN5 SLC7A5,0.7049267099265876,Endo CLDN5 SLC7A5,
ATTACTCCACTTCATT-1,8,Endo CLDN5 SLC7A5,0.9621725224507375,Endo CLDN5 SLC7A5,
ATTACTCGTCACTCTC-1,10,Endo CLDN5 SLC7A5,0.9204866364532654,Endo CLDN5 SLC7A5,
ATTACTCGTGCAACGA-1,25,Endo CLDN5 SLC7A5,0.6341046191151584,Endo CLDN5 SLC7A5,
ATTACTCGTGGGACAT-1,0,Oligo MOG OPALIN,0.9994604271599453,Oligo MOG OPALIN,
ATTACTCGTTGTTGTG-1,40,Endo CLDN5 SLC7A5,0.9788715468404758,Endo CLDN5 SLC7A5,
ATTATCCAGTACCGGA-1,0,Oligo MOG OPALIN,0.9999998391866919,Oligo MOG OPALIN,
ATTATCCGTGTGACCC-1,9,Endo CLDN5 SLC7A5,0.9946657726458201,Endo CLDN5 SLC7A5,
ATTCACTAGTCGGGAT-1,12,Oligo MOG OPALIN,0.5865009550134391,Endo CLDN5 SLC7A5,
ATTCACTCAAATGCTC-1,24,Oligo MOG OPALIN,0.9767929132333039,Endo CLDN5 SLC7A5,
ATTCACTTCCATCTGC-1,19,Endo CLDN5 SLC7A5,0.9998760339337104,Endo CLDN5 SLC7A5,
ATTCACTTCGCATGAT-1,8,Endo CLDN5 SLC7A5,0.32055324142452724,Endo CLDN5 SLC7A5,
ATTCAGGCAATCGCCG-1,1,Endo CLDN5 SLC7A5,0.9767916490761464,Endo CLDN5 SLC7A5,
ATTCAGGCACGATTCA-1,9,Endo CLDN5 SLC7A5,0.9749628688260338,Endo CLDN5 SLC7A5,
ATTCAGGCATTAGGCT-1,45,Endo CLDN5 SLC7A5,0.9502036588416888,Endo CLDN5 SLC7A5,
ATTCAGGGTCAAGCCC-1,25,Endo CLDN5 SLC7A5,0.4249385291004513,Endo CLDN5 SLC7A5,
ATTCAGGGTGTACATC-1,7,L3-5 RORB MKX DCC,0.9625439624900826,L3-5 RORB MKX GRIN3A,
ATTCATCAGAAGTCCG-1,6,Oligo MOG OPALIN,0.9999972420671072,Oligo MOG OPALIN,
ATTCATCAGGATACAT-1,7,L3-5 RORB MKX GRIN3A,0.996854973555564,L3-5 RORB MKX GRIN3A,
ATTCATCCAGATTCGT-1,32,Endo CLDN5 SLC7A5,0.6913718958096453,Endo CLDN5 SLC7A5,
ATTCATCCATAACAGA-1,3,Astro GFAP AQP1,0.8495606778323944,Micro P2RY12 APBB1IP,
ATTCATCTCAAGAATG-1,24,Endo CLDN5 SLC7A5,0.9981976121241938,Endo CLDN5 SLC7A5,
ATTCATCTCATGGAGG-1,26,InN SST THSD7B,0.8335418376183678,InN PVALB HPSE,
ATTCATCTCGATTCCC-1,27,Endo CLDN5 SLC7A5,0.6754449904191908,Endo CLDN5 SLC7A5,
ATTCATCTCGGTAAGG-1,19,Endo CLDN5 SLC7A5,0.9834258032098532,Endo CLDN5 SLC7A5,
ATTCATCTCGGTATGT-1,18,Oligo MOG OPALIN,0.8907279527392941,Endo CLDN5 SLC7A5,
ATTCATCTCTCCAAGA-1,9,Endo CLDN5 SLC7A5,0.9997900891181202,Endo CLDN5 SLC7A5,
ATTCCATCAAACCACT-1,1,Endo CLDN5 SLC7A5,0.942751394256806,Endo CLDN5 SLC7A5,
ATTCCATCACGTCGGT-1,0,Oligo MOG OPALIN,0.9999373308415129,Oligo MOG OPALIN,
ATTCCATCAGAAACCG-1,4,Endo CLDN5 SLC7A5,0.8573857231753452,Endo CLDN5 SLC7A5,
ATTCCATCAGTGGGTA-1,7,L3-5 RORB MKX DCC,0.41658150316950765,L3-5 RORB MKX GRIN3A,
ATTCCATGTACCGTCG-1,18,Endo CLDN5 SLC7A5,0.5609060546389525,Endo CLDN5 SLC7A5,
ATTCCCGCAGTAGAAT-1,19,Endo CLDN5 SLC7A5,0.5486521030216895,Endo CLDN5 SLC7A5,
ATTCCTAAGCCTCGTG-1,19,Endo CLDN5 SLC7A5,0.9739968629346487,Endo CLDN5 SLC7A5,
ATTCCTAAGGTCGCCT-1,3,Micro P2RY12 APBB1IP,0.9226421252471344,Micro P2RY12 APBB1IP,
ATTCCTACAGAAGTGC-1,34,L6 FEZF2 SYT6 PTPRT,0.9753239838606925,L6 FEZF2 NPFFR2 KCNK2,
ATTCCTAGTAACTTCG-1,28,Oligo MOG OPALIN,0.5211862651950495,Endo CLDN5 SLC7A5,
ATTCCTAGTTTGAAAG-1,39,InN LAMP5 LHX6 TAC1,0.996703092958497,InN LAMP5 BMP7,
ATTCCTATCATCCTAT-1,20,Endo CLDN5 SLC7A5,0.9703903924894491,Endo CLDN5 SLC7A5,
ATTCCTATCCGTCCTA-1,32,Endo CLDN5 SLC7A5,0.7324681583298103,Endo CLDN5 SLC7A5,
ATTCCTATCGGCTGAC-1,0,Oligo MOG OPALIN,0.9996833299514609,Oligo MOG OPALIN,
ATTCCTATCTCAACGA-1,18,Endo CLDN5 SLC7A5,0.9159505363989737,Endo CLDN5 SLC7A5,
ATTCGTTAGCATTTGC-1,2,Oligo MOG OPALIN,0.33999497939044543,Astro AQP4 SLC1A2,
ATTCGTTAGTAGTGCG-1,17,Endo CLDN5 SLC7A5,0.9149391712384033,Endo CLDN5 SLC7A5,
ATTCGTTCAAACTAGA-1,4,Endo CLDN5 SLC7A5,0.32189489944401833,Endo CLDN5 SLC7A5,
ATTCGTTGTGAACCGA-1,3,Micro P2RY12 APBB1IP,0.9959569745293025,Micro P2RY12 APBB1IP,
ATTCGTTTCGCGTGAC-1,18,Endo CLDN5 SLC7A5,0.7899192046159889,Endo CLDN5 SLC7A5,
ATTCTACAGTGGAAGA-1,24,Endo CLDN5 SLC7A5,0.455318817524826,Endo CLDN5 SLC7A5,
ATTCTACCAAGTCGTT-1,8,Endo CLDN5 SLC7A5,0.9855643047279057,Endo CLDN5 SLC7A5,
ATTCTACGTAGAGGAA-1,7,L3-5 RORB MKX GRIN3A,0.9462877149688501,L3-5 RORB MKX GRIN3A,
ATTCTACTCATCCCGT-1,12,Endo CLDN5 SLC7A5,0.8288434446516176,Endo CLDN5 SLC7A5,
ATTCTACTCATCGTAG-1,0,Oligo MOG OPALIN,0.8257774453445056,Oligo MOG OPALIN,
ATTGGGTTCTGTCCGT-1,7,L3-5 RORB MKX DCC,0.40707310051673923,L3-5 RORB MKX GRIN3A,
ATTGTTCAGGATTCAA-1,13,OPC PDGFRA PCDH15,0.6041318282377536,OPC PDGFRA PCDH15,
ATTGTTCGTTGTCTAG-1,6,Oligo MOG OPALIN,0.9995981285352243,Oligo MOG OPALIN,
ATTGTTCTCTTGAGCA-1,29,PC P2RY14 GRM8,0.9925143861559935,PC P2RY14 GRM8,
ATTTACCAGATAGCAT-1,29,PC P2RY14 GRM8,0.9999975563437475,PC P2RY14 GRM8,
ATTTACCAGTGTTGTC-1,0,Oligo MOG OPALIN,0.5400534688792105,Oligo MOG OPALIN,
ATTTACCTCATCACAG-1,5,L2-3 CUX2 NTNG1 PALMD,0.36398458455561766,L2-3 CUX2 ACVR1C THSD7A,
ATTTACCTCCGATGCG-1,14,Endo CLDN5 SLC7A5,0.795842284685131,Endo CLDN5 SLC7A5,
ATTTACCTCGTGTTCC-1,0,Oligo MOG OPALIN,0.9999998092504139,Oligo MOG OPALIN,
ATTTCACGTAGCACAG-1,17,Endo CLDN5 SLC7A5,0.5815011208184628,Endo CLDN5 SLC7A5,
ATTTCACTCAGCTTCC-1,13,OPC PDGFRA PCDH15,0.9999999999694529,OPC PDGFRA PCDH15,
ATTTCTGCAAATACGA-1,27,Endo CLDN5 SLC7A5,0.5656222405698825,Endo CLDN5 SLC7A5,
ATTTCTGCATTGTAGC-1,15,L2-3 CUX2 NTNG1 PALMD,0.6632464075188719,Endo CLDN5 SLC7A5,
ATTTCTGGTGCATGAG-1,12,Endo CLDN5 SLC7A5,0.9704797814896177,Endo CLDN5 SLC7A5,
CAAAGAAAGGGTTAGC-1,16,Endo CLDN5 SLC7A5,0.8449123890471298,Endo CLDN5 SLC7A5,
CAAAGAAAGGTCTGGA-1,10,Endo CLDN5 SLC7A5,0.996760953539542,Endo CLDN5 SLC7A5,
CAAAGAATCCTGCTAC-1,3,Micro P2RY12 APBB1IP,0.9971941327489402,Micro P2RY12 APBB1IP,
CAAAGAATCTCATAGG-1,0,Oligo MOG OPALIN,0.9093363985603915,Oligo MOG OPALIN,
CAACAACGTAACCAGG-1,4,Oligo MOG OPALIN,0.9351102379565278,Endo CLDN5 SLC7A5,
CAACAGTAGTATTCCG-1,7,L3-5 RORB MKX DCC,0.9977754860550248,L3-5 RORB MKX GRIN3A,
CAACAGTCATTGTACG-1,16,Endo CLDN5 SLC7A5,0.987786827137569,Endo CLDN5 SLC7A5,
CAACAGTGTCTGCGCA-1,2,L2-3 CUX2 NTNG1 PALMD,0.4946839753213712,Astro AQP4 SLC1A2,
CAACAGTGTTCAAGGG-1,6,Oligo MOG OPALIN,0.9745362601522889,Oligo MOG OPALIN,
CAACCAAAGAGCACTG-1,9,Endo CLDN5 SLC7A5,0.9645189276768326,Endo CLDN5 SLC7A5,
CAACCAATCCGAGAAG-1,30,Oligo MOG OPALIN,0.8215432852937756,Endo CLDN5 SLC7A5,
CAACCAATCCTACCAC-1,42,PC P2RY14 GRM8,0.9344621078018094,PC P2RY14 GRM8,
CAACCTCAGAGAACCC-1,19,Endo CLDN5 SLC7A5,0.865408458159985,Endo CLDN5 SLC7A5,
CAACCTCAGTAAACGT-1,3,Micro P2RY12 APBB1IP,0.9667073077087301,Micro P2RY12 APBB1IP,
CAACCTCGTAAGCAAT-1,43,Endo CLDN5 SLC7A5,0.579332331092073,Endo CLDN5 SLC7A5,
CAACCTCTCAACCTCC-1,33,Endo CLDN5 SLC7A5,0.4116061127711645,Endo CLDN5 SLC7A5,
CAACGATAGCCGGAAT-1,47,L5-6 FEZF2 NXPH2 GRIK1,0.635032768443926,L5-6 FEZF2 NXPH2 GRIK1,
CAACGATCACGACGAA-1,12,Endo CLDN5 SLC7A5,0.883928048502455,Endo CLDN5 SLC7A5,
CAACGATCATGGAATA-1,16,Endo CLDN5 SLC7A5,0.5280695317297165,Endo CLDN5 SLC7A5,
CAACGATCATTCTGTT-1,11,InN SST HTR2C,0.8567087732026023,InN SST FREM1,
CAACGATGTTGGCTAT-1,24,Endo CLDN5 SLC7A5,0.8508559664058731,Endo CLDN5 SLC7A5,
CAACGATTCACCTGTC-1,37,Endo CLDN5 SLC7A5,0.7209532605073553,Endo CLDN5 SLC7A5,
CAACGGCAGAGACAAG-1,5,L2-4 CUX2 RORB CLMN,0.9261290847949646,L2-3 CUX2 ACVR1C THSD7A,
CAACGGCCAATAGGGC-1,14,Endo CLDN5 SLC7A5,0.9774818462663512,Endo CLDN5 SLC7A5,
CAACGGCGTACAGTCT-1,7,L3-5 RORB MKX GRIN3A,0.953009925767317,L3-5 RORB MKX GRIN3A,
CAAGACTGTACGATTC-1,17,Endo CLDN5 SLC7A5,0.970842547643556,Endo CLDN5 SLC7A5,
CAAGACTGTAGAGACC-1,23,Endo CLDN5 SLC7A5,0.7403247164310075,Endo CLDN5 SLC7A5,
CAAGACTTCCCAATAG-1,34,L6 FEZF2 SYT6 ERBB4,0.5892714553379084,L6 FEZF2 NPFFR2 KCNK2,
CAAGAGGAGATACGAT-1,15,Endo CLDN5 SLC7A5,0.33977064309996674,Endo CLDN5 SLC7A5,
CAAGAGGCAAAGGCAC-1,32,Oligo MOG OPALIN,0.6425543811188014,Endo CLDN5 SLC7A5,
CAAGAGGCAAGGTCGA-1,4,Endo CLDN5 SLC7A5,0.5569492311210259,Endo CLDN5 SLC7A5,
CAAGAGGTCAAATGAG-1,26,InN PVALB HPSE,0.9622079379512597,InN PVALB HPSE,
CAAGAGGTCCTACAAG-1,20,Endo CLDN5 SLC7A5,0.9218163371269911,Endo CLDN5 SLC7A5,
CAAGAGGTCCTCTCGA-1,1,Endo CLDN5 SLC7A5,0.9524141209229364,Endo CLDN5 SLC7A5,
CAAGCTAAGAACGCGT-1,7,L3-5 RORB MKX DCC,0.9965047448982898,L3-5 RORB MKX GRIN3A,
CAAGCTAAGTCCTACA-1,26,InN PVALB PIEZO2,0.7615625830049421,InN PVALB HPSE,
CAAGCTATCAGGACGA-1,9,Endo CLDN5 SLC7A5,0.9895766867500531,Endo CLDN5 SLC7A5,
CAAGCTATCTAGGCCG-1,10,Endo CLDN5 SLC7A5,0.9606096064470271,Endo CLDN5 SLC7A5,
CAAGGGAAGATAGTGT-1,26,InN PVALB HPSE,0.988405255568098,InN PVALB HPSE,
CAAGGGAAGTCATCGT-1,10,Endo CLDN5 SLC7A5,0.9837125720726234,Endo CLDN5 SLC7A5,
CAAGGGACAACTCGTA-1,5,L2-3 CUX2 NTNG1 PALMD,0.30801844751009383,L2-3 CUX2 ACVR1C THSD7A,
CAAGGGACATCTTCGC-1,0,Oligo MOG FRY,0.9165896418467684,Oligo MOG OPALIN,
CAAGGGAGTACGCTTA-1,7,L3-5 RORB MKX DCC,0.9987703595767813,L3-5 RORB MKX GRIN3A,
CAAGGGAGTCGATGCC-1,5,L2-3 CUX2 ACVR1C THSD7A,0.9853090337445461,L2-3 CUX2 ACVR1C THSD7A,
CAAGGGAGTGCATCTA-1,17,Endo CLDN5 SLC7A5,0.6786303271850755,Endo CLDN5 SLC7A5,
CAATACGAGGTCATAA-1,12,Endo CLDN5 SLC7A5,0.9585769856222304,Endo CLDN5 SLC7A5,
CAATACGAGTAGGATT-1,13,Endo CLDN5 SLC7A5,0.7687697500003405,OPC PDGFRA PCDH15,
CAATACGAGTCAACAA-1,6,Oligo MOG GSN,0.8964365742507773,Oligo MOG OPALIN,
CAATACGAGTTAGAAC-1,14,Endo CLDN5 SLC7A5,0.983011896915526,Endo CLDN5 SLC7A5,
CAATACGCAAAGCACG-1,4,Endo CLDN5 SLC7A5,0.6574445585759098,Endo CLDN5 SLC7A5,
CAATACGGTATGGGAC-1,11,InN SST HS3ST5,0.9982403261163961,InN SST FREM1,
CAATACGGTTGCTCAA-1,25,Endo CLDN5 SLC7A5,0.9714819624666383,Endo CLDN5 SLC7A5,
CAATACGGTTTGCAGT-1,12,Endo CLDN5 SLC7A5,0.9844518153906241,Endo CLDN5 SLC7A5,
CAATCGAAGGCCACTC-1,38,Oligo MOG OPALIN,0.40977675576550016,Endo CLDN5 SLC7A5,
CAATGACGTGTGGACA-1,3,Micro P2RY12 APBB1IP,0.48882287419851556,Micro P2RY12 APBB1IP,
CAATGACTCATCACCC-1,6,Oligo MOG OPALIN,0.9999808259190323,Oligo MOG OPALIN,
CAATTTCAGAAGCTCG-1,2,Astro AQP4 SLC1A2,0.9994877535722557,Astro AQP4 SLC1A2,
CAATTTCAGAATCTAG-1,17,L3-5 RORB MKX GRIN3A,0.7327808018174207,Endo CLDN5 SLC7A5,
CAATTTCAGAGTGTGC-1,7,L3-5 RORB MKX DCC,0.9918306107889499,L3-5 RORB MKX GRIN3A,
CAATTTCAGTAACCTC-1,29,Endo CLDN5 SLC7A5,0.867525835796141,PC P2RY14 GRM8,
CAATTTCTCTCTTGCG-1,2,Oligo MOG OPALIN,0.39714151795695085,Astro AQP4 SLC1A2,
CACAACACATACTTTC-1,20,Endo CLDN5 SLC7A5,0.9031474154188124,Endo CLDN5 SLC7A5,
CACACAAAGAGGGTAA-1,39,InN LAMP5 BMP7,0.7582304104882021,InN LAMP5 BMP7,
CACACAAAGCACCAGA-1,2,Astro GFAP AQP1,0.9946566370364498,Astro AQP4 SLC1A2,
CACACAACAATTGCTG-1,8,Endo CLDN5 SLC7A5,0.9869372919038545,Endo CLDN5 SLC7A5,
CACACAACATGCCGGT-1,6,Oligo MOG OPALIN,0.9999999953888348,Oligo MOG OPALIN,
CACACAAGTATGCTTG-1,0,Oligo MOG OPALIN,0.6269640913516931,Oligo MOG OPALIN,
CACACAATCTGTCAGA-1,10,Oligo MOG OPALIN,0.9885367281909283,Endo CLDN5 SLC7A5,
CACAGATCAGAGGCTA-1,27,Endo CLDN5 SLC7A5,0.7157641304905553,Endo CLDN5 SLC7A5,
CACAGGCGTCGGCACT-1,8,Endo CLDN5 SLC7A5,0.9779998508567723,Endo CLDN5 SLC7A5,
CACAGGCTCGTCGCTT-1,22,Endo CLDN5 SLC7A5,0.9853416056002559,Endo CLDN5 SLC7A5,
CACATGAAGATGACAT-1,15,Endo CLDN5 SLC7A5,0.3270382991282924,Endo CLDN5 SLC7A5,
CACATGACACCGTCGA-1,2,Astro GFAP AQP1,0.9131672412297722,Astro AQP4 SLC1A2,
CACATGAGTGATGTAA-1,5,L2-3 CUX2 ACVR1C THSD7A,0.8598983467469733,L2-3 CUX2 ACVR1C THSD7A,
CACATGATCACTGATG-1,12,Endo CLDN5 SLC7A5,0.7203802699965788,Endo CLDN5 SLC7A5,
CACATGATCAGGACAG-1,11,InN SST FREM1,0.9984558712781006,InN SST FREM1,
CACATGATCCCTAGGG-1,14,Endo CLDN5 SLC7A5,0.9977105112245033,Endo CLDN5 SLC7A5,
CACCAAAGTGAACTAA-1,45,Oligo MOG OPALIN,0.9914453954271804,Endo CLDN5 SLC7A5,
CACCGTTAGAGAGGTA-1,35,Endo CLDN5 SLC7A5,0.45326224996668757,Endo CLDN5 SLC7A5,
CACCGTTAGTCTGCAT-1,23,Endo CLDN5 SLC7A5,0.7933139469027443,Endo CLDN5 SLC7A5,
CACCGTTAGTGAACAT-1,7,L3-5 RORB MKX GRIN3A,0.6367063737813227,L3-5 RORB MKX GRIN3A,
CACCGTTGTACTCGTA-1,18,Endo CLDN5 SLC7A5,0.5526136906291707,Endo CLDN5 SLC7A5,
CACGAATGTCCACGCA-1,21,L6 OPRK1 THEMIS RGS6,0.9860421234676267,L6 OPRK1 THEMIS RGS6,
CACGAATGTCGGCACT-1,10,L5-6 FEZF2 NXPH2 SORCS3,0.5761640909925543,Endo CLDN5 SLC7A5,
CACGGGTAGAGTTGCG-1,4,Endo CLDN5 SLC7A5,0.6035656626662574,Endo CLDN5 SLC7A5,
CACGGGTAGGTAGCCA-1,16,Endo CLDN5 SLC7A5,0.6203265052844872,Endo CLDN5 SLC7A5,
CACGGGTAGGTTCTAC-1,4,Endo CLDN5 SLC7A5,0.9802172966179042,Endo CLDN5 SLC7A5,
CACGGGTGTAGTGCGA-1,36,L3-5 RORB GABRG1 KCNH7,0.4526098750145298,L3-5 RORB GABRG1 KCNH7,
CACGGGTTCCAAACCA-1,27,Endo CLDN5 SLC7A5,0.31440221062177875,Endo CLDN5 SLC7A5,
CACGGGTTCTTCCGTG-1,38,Endo CLDN5 SLC7A5,0.9992158828371679,Endo CLDN5 SLC7A5,
CACGTGGGTATGACAA-1,28,Endo CLDN5 SLC7A5,0.9846985938490247,Endo CLDN5 SLC7A5,
CACGTTCAGGTTGACG-1,43,Oligo MOG OPALIN,0.9196948387155338,Endo CLDN5 SLC7A5,
CACTAAGAGGTTCCAT-1,9,Endo CLDN5 SLC7A5,0.9518871054971972,Endo CLDN5 SLC7A5,
CACTAAGCACCGGTCA-1,1,L2-3 CUX2 NTNG1 PALMD,0.34665202862548955,Endo CLDN5 SLC7A5,
CACTAAGCACTATCCC-1,12,Endo CLDN5 SLC7A5,0.937629524348832,Endo CLDN5 SLC7A5,
CACTAAGGTAATTGGA-1,0,Oligo MOG OPALIN,0.994460009551894,Oligo MOG OPALIN,
CACTAAGGTACGAGTG-1,1,Endo CLDN5 SLC7A5,0.9510853442623481,Endo CLDN5 SLC7A5,
CACTAAGGTCTGTGTA-1,41,Oligo MOG OPALIN,0.9993720110840282,Oligo MOG OPALIN,
CACTAAGTCCCGAACG-1,10,Oligo MOG OPALIN,0.6411052377068075,Endo CLDN5 SLC7A5,
CACTAAGTCCGATCTC-1,1,Oligo MOG OPALIN,0.6679711745276494,Endo CLDN5 SLC7A5,
CACTGAAAGCCTTTGA-1,6,Oligo MOG OPALIN,0.9999998999817996,Oligo MOG OPALIN,
CACTGAAGTATTTCGG-1,34,L6 FEZF2 SYT6 CDH9,0.6672866450182889,L6 FEZF2 NPFFR2 KCNK2,
CACTGAATCCGTTGAA-1,36,L3-5 RORB GABRG1 KCNH7,0.5855193959849954,L3-5 RORB GABRG1 KCNH7,
CACTGGGAGATGACCG-1,22,Endo CLDN5 SLC7A5,0.9927880546209829,Endo CLDN5 SLC7A5,
CACTGGGCACTTGGGC-1,17,Endo CLDN5 SLC7A5,0.9556283139979288,Endo CLDN5 SLC7A5,
CACTGGGGTACGAGTG-1,2,Astro AQP4 SLC1A2,0.9978498773535075,Astro AQP4 SLC1A2,
CACTGGGGTGCGTGCT-1,1,Endo CLDN5 SLC7A5,0.9975840405008765,Endo CLDN5 SLC7A5,
CACTGGGGTTTCGATG-1,6,Oligo MOG OPALIN,0.9999998696923119,Oligo MOG OPALIN,
CACTGGGTCACTACTT-1,42,PC P2RY14 GRM8,0.5144049116763457,PC P2RY14 GRM8,
CACTGTCAGAGCAGTC-1,4,Oligo MOG OPALIN,0.31471179103095154,Endo CLDN5 SLC7A5,
CACTGTCAGCGGGTAT-1,6,Oligo MOG OPALIN,0.9999861359640493,Oligo MOG OPALIN,
CACTGTCGTCGGCTAC-1,2,Astro GFAP FABP7,0.9625769155979036,Astro AQP4 SLC1A2,
CACTGTCTCTTAGCAG-1,33,Endo CLDN5 SLC7A5,0.5698022684998376,Endo CLDN5 SLC7A5,
CACTTCGAGGCCCGTT-1,26,InN PVALB SNTB1,0.4123508747359534,InN PVALB HPSE,
CACTTCGAGTCACAGG-1,29,PC P2RY14 GRM8,0.9999996885063926,PC P2RY14 GRM8,
CACTTCGCACCGCTAG-1,11,InN SST HS3ST5,0.8632644109828209,InN SST FREM1,
CACTTCGTCCCACAGG-1,29,PC P2RY14 GRM8,0.3666236249407027,PC P2RY14 GRM8,
CAGAGCCAGGATCACG-1,15,Endo CLDN5 SLC7A5,0.9879170412617679,Endo CLDN5 SLC7A5,
CAGAGCCCACGTAACT-1,11,InN SST ADAMTSL1,0.9925622781465286,InN SST FREM1,
CAGAGCCCAGAGACTG-1,7,L3-5 RORB MKX GRIN3A,0.9788309129521742,L3-5 RORB MKX GRIN3A,
CAGATACAGTAAGAGG-1,16,Oligo MOG OPALIN,0.9974036601725447,Endo CLDN5 SLC7A5,
CAGATACCAAGTGGAC-1,6,Oligo MOG GSN,0.9999619167801816,Oligo MOG OPALIN,
CAGATACCACTTGGCG-1,0,Oligo MOG OPALIN,0.9999951663253758,Oligo MOG OPALIN,
CAGATACGTTCTCACC-1,0,Oligo MOG OPALIN,0.9999983489446966,Oligo MOG OPALIN,
CAGATCACAAAGCGTG-1,13,OPC PDGFRA PCDH15,0.9733693721085389,OPC PDGFRA PCDH15,
CAGATCACAAGAATAC-1,6,Oligo MOG OPALIN,0.9999994809667931,Oligo MOG OPALIN,
CAGATCAGTCTAGGTT-1,5,L2-3 CUX2 ACVR1C THSD7A,0.7554432791956242,L2-3 CUX2 ACVR1C THSD7A,
CAGATCAGTTCTCCCA-1,15,Oligo MOG OPALIN,0.4576995350533196,Endo CLDN5 SLC7A5,
CAGATCATCTACCTTA-1,6,Oligo MOG OPALIN,0.9999474177494907,Oligo MOG OPALIN,
CAGATCATCTCTCTTC-1,9,Endo CLDN5 SLC7A5,0.8465213929507682,Endo CLDN5 SLC7A5,
CAGATTGAGAGAATCT-1,23,Endo CLDN5 SLC7A5,0.3943581509569557,Endo CLDN5 SLC7A5,
CAGATTGAGGGAGGGT-1,10,Endo CLDN5 SLC7A5,0.9630459860834446,Endo CLDN5 SLC7A5,
CAGATTGCAAGTGTCT-1,33,Endo CLDN5 SLC7A5,0.9120700421290853,Endo CLDN5 SLC7A5,
CAGATTGGTAGCTGAG-1,17,Endo CLDN5 SLC7A5,0.9502119604570777,Endo CLDN5 SLC7A5,
CAGCAATAGCGTATGG-1,10,Endo CLDN5 SLC7A5,0.9346338631457619,Endo CLDN5 SLC7A5,
CAGCAATCACGTATAC-1,2,Astro GFAP AQP1,0.8360367811328286,Astro AQP4 SLC1A2,
CAGCAATCATACACCA-1,7,L3-5 RORB MKX GRIN3A,0.9434683568560732,L3-5 RORB MKX GRIN3A,
CAGCAATGTACGCTAT-1,4,Oligo MOG OPALIN,0.6333630926591937,Endo CLDN5 SLC7A5,
CAGCAATGTGGGATTG-1,6,Oligo MOG OPALIN,0.6433047045796981,Oligo MOG OPALIN,
CAGCAATGTTCTCGTC-1,5,L2-3 CUX2 ACVR1C THSD7A,0.9976306241290949,L2-3 CUX2 ACVR1C THSD7A,
CAGCAATTCAAGCGTT-1,10,Endo CLDN5 SLC7A5,0.6981965107663487,Endo CLDN5 SLC7A5,
CAGCAATTCGCTGATA-1,6,Oligo MOG OPALIN,0.9999977280426823,Oligo MOG OPALIN,
CAGCACGCAAAGACTA-1,3,Micro P2RY12 APBB1IP,0.4458667182035238,Micro P2RY12 APBB1IP,
CAGCACGCATCAGCAT-1,6,Oligo MOG OPALIN,0.9974242431586374,Oligo MOG OPALIN,
CAGCACGTCCGGCAGT-1,6,Oligo MOG OPALIN,0.9722796755438748,Oligo MOG OPALIN,
CAGCACGTCGAACCTA-1,13,OPC PDGFRA PCDH15,0.9999999999993301,OPC PDGFRA PCDH15,
CAGCACGTCTGAATCG-1,1,Endo CLDN5 SLC7A5,0.867024714086599,Endo CLDN5 SLC7A5,
CAGCAGCAGTTGGCTT-1,0,Oligo MOG OPALIN,0.9999976152394986,Oligo MOG OPALIN,
CAGCCAGAGGCGATAC-1,2,Astro AQP4 SLC1A2,0.8597639827476419,Astro AQP4 SLC1A2,
CAGCCAGGTATCAGGG-1,21,L6 OPRK1 THEMIS RGS6,0.9877464978039052,L6 OPRK1 THEMIS RGS6,
CAGCCAGTCACCATAG-1,38,Endo CLDN5 SLC7A5,0.47619261780987027,Endo CLDN5 SLC7A5,
CAGCGTGAGCCGTTGC-1,1,Endo CLDN5 SLC7A5,0.646570815114005,Endo CLDN5 SLC7A5,
CAGCGTGAGGCATCAG-1,6,Oligo MOG GSN,0.8401140343240489,Oligo MOG OPALIN,
CAGCGTGCAAATCAAG-1,5,L2-4 CUX2 RORB CLMN,0.4340212611013497,L2-3 CUX2 ACVR1C THSD7A,
CAGCGTGGTACTAACC-1,5,L2-3 CUX2 NTNG1 PALMD,0.4109060303774532,L2-3 CUX2 ACVR1C THSD7A,
CAGCGTGGTGTATACC-1,7,L3-5 RORB MKX DCC,0.3153533448038284,L3-5 RORB MKX GRIN3A,
CAGCGTGTCTGAGCAT-1,10,Endo CLDN5 SLC7A5,0.5614023223739675,Endo CLDN5 SLC7A5,
CAGGCCAAGTCATGCT-1,10,Oligo MOG OPALIN,0.8859862295421966,Endo CLDN5 SLC7A5,
CAGGCCAGTACCTAGT-1,1,Endo CLDN5 SLC7A5,0.6016992388287689,Endo CLDN5 SLC7A5,
CAGGCCAGTTATAGAG-1,10,Endo CLDN5 SLC7A5,0.9842433416522979,Endo CLDN5 SLC7A5,
CAGGCCATCATTGGTG-1,10,Endo CLDN5 SLC7A5,0.49251002240513153,Endo CLDN5 SLC7A5,
CAGGCCATCCCGAACG-1,2,Astro AQP4 SLC1A2,0.6155748217184525,Astro AQP4 SLC1A2,
CAGGGCTAGATAGGGA-1,5,L2-3 CUX2 NTNG1 PALMD,0.5377349939027499,L2-3 CUX2 ACVR1C THSD7A,
CAGGGCTCAACAGCCC-1,35,Oligo MOG OPALIN,0.9835734331607835,Endo CLDN5 SLC7A5,
CAGGGCTGTTGTACGT-1,24,Endo CLDN5 SLC7A5,0.9442044983045668,Endo CLDN5 SLC7A5,
CAGGGCTTCACCATCC-1,17,Endo CLDN5 SLC7A5,0.3072556956580975,Endo CLDN5 SLC7A5,
CAGGGCTTCCACGGGT-1,6,Oligo MOG OPALIN,0.9999914477386845,Oligo MOG OPALIN,
CAGGGCTTCTCGTTTA-1,1,Endo CLDN5 SLC7A5,0.8570377960298882,Endo CLDN5 SLC7A5,
CAGGTATAGAATCGTA-1,6,Oligo MOG GSN,0.9971213115880184,Oligo MOG OPALIN,
CAGGTATAGACGCAGT-1,1,Endo CLDN5 SLC7A5,0.8207179606246349,Endo CLDN5 SLC7A5,
CAGGTATCACATGTTG-1,24,Oligo MOG OPALIN,0.9654740674420789,Endo CLDN5 SLC7A5,
CAGGTATCACCTGCAG-1,0,Oligo MOG OPALIN,0.9999996032082124,Oligo MOG OPALIN,
CAGGTATCACTCCTTG-1,6,Oligo MOG OPALIN,0.7450353729332794,Oligo MOG OPALIN,
CAGGTATGTGGCTAGA-1,19,Oligo MOG OPALIN,0.8663641975760921,Endo CLDN5 SLC7A5,
CAGGTATTCAAGTCGT-1,7,L3-5 RORB MKX GRIN3A,0.3921003470438879,L3-5 RORB MKX GRIN3A,
CAGGTATTCGTGGCGT-1,4,Endo CLDN5 SLC7A5,0.9619610998259348,Endo CLDN5 SLC7A5,
CAGTGCGCAACAAAGT-1,39,InN LAMP5 BMP7,0.9985946512838285,InN LAMP5 BMP7,
CAGTGCGCACAGCCTG-1,15,Endo CLDN5 SLC7A5,0.31398283157419266,Endo CLDN5 SLC7A5,
CAGTGCGCACGCAAAG-1,43,L2-3 CUX2 NTNG1 PALMD,0.7850551648490052,Endo CLDN5 SLC7A5,
CAGTGCGGTGCTATTG-1,20,Endo CLDN5 SLC7A5,0.6259472738528794,Endo CLDN5 SLC7A5,
CAGTGCGTCATCTACT-1,16,Endo CLDN5 SLC7A5,0.9936267485334705,Endo CLDN5 SLC7A5,
CAGTGCGTCCATTCAT-1,9,Endo CLDN5 SLC7A5,0.8059512078998183,Endo CLDN5 SLC7A5,
CAGTTAGAGCAAGGAA-1,0,Oligo MOG OPALIN,0.8931573232439924,Oligo MOG OPALIN,
CAGTTAGAGCCAAGCA-1,2,Astro AQP4 SLC1A2,0.6145477092599528,Astro AQP4 SLC1A2,
CAGTTAGAGCCTGCCA-1,17,Endo CLDN5 SLC7A5,0.9800582249710044,Endo CLDN5 SLC7A5,
CAGTTAGCAGCGTGAA-1,36,L3-5 RORB TNNT2 TSHZ2,0.9028389378860895,L3-5 RORB GABRG1 KCNH7,
CAGTTAGGTCGTGCCA-1,9,Endo CLDN5 SLC7A5,0.635670001288188,Endo CLDN5 SLC7A5,
CAGTTCCTCCAGCACG-1,40,Endo CLDN5 SLC7A5,0.8036772412372031,Endo CLDN5 SLC7A5,
CATAAGCAGCCATCCG-1,0,Oligo MOG OPALIN,0.9999760727822405,Oligo MOG OPALIN,
CATAAGCCACGGGCTT-1,27,Oligo MOG OPALIN,0.9995451061064637,Endo CLDN5 SLC7A5,
CATAAGCGTCACTTCC-1,2,Astro AQP4 SLC1A2,0.5054480406935934,Astro AQP4 SLC1A2,
CATAAGCTCCTTGACC-1,1,Endo CLDN5 SLC7A5,0.9298089859453496,Endo CLDN5 SLC7A5,
CATACAGAGCTAATCC-1,10,Endo CLDN5 SLC7A5,0.9970161938528356,Endo CLDN5 SLC7A5,
CATACAGCAAATGAGT-1,10,Endo CLDN5 SLC7A5,0.608158024637308,Endo CLDN5 SLC7A5,
CATACAGTCATGTCAG-1,7,L3-5 RORB MKX GRIN3A,0.9405328123980149,L3-5 RORB MKX GRIN3A,
CATACAGTCGTGGTAT-1,17,Endo CLDN5 SLC7A5,0.9561161669397481,Endo CLDN5 SLC7A5,
CATACCCAGTCGCCCA-1,30,Endo CLDN5 SLC7A5,0.9154404845306207,Endo CLDN5 SLC7A5,
CATACCCGTAGGCTGA-1,2,Astro AQP4 SLC1A2,0.9669570830443284,Astro AQP4 SLC1A2,
CATACCCTCAGGACGA-1,13,OPC PDGFRA PCDH15,0.9999999999858864,OPC PDGFRA PCDH15,
CATACCCTCTACTTCA-1,7,Micro P2RY12 APBB1IP,0.31150976866097957,L3-5 RORB MKX GRIN3A,
CATACTTAGGGCGAAG-1,47,L5-6 FEZF2 NXPH2 SORCS3,0.6995883475549178,L5-6 FEZF2 NXPH2 GRIK1,
CATACTTCACATACGT-1,22,Endo CLDN5 SLC7A5,0.9983325222570508,Endo CLDN5 SLC7A5,
CATAGACCACCGGAAA-1,3,Micro P2RY12 APBB1IP,0.7709039645902253,Micro P2RY12 APBB1IP,
CATAGACCACGTAACT-1,16,Endo CLDN5 SLC7A5,0.6183799501208942,Endo CLDN5 SLC7A5,
CATAGACCATTCTCTA-1,2,Astro GFAP AQP1,0.9321959633750352,Astro AQP4 SLC1A2,
CATAGACGTCGTTCAA-1,19,Oligo MOG OPALIN,0.9213693335368116,Endo CLDN5 SLC7A5,
CATAGACTCATTACTC-1,15,Endo CLDN5 SLC7A5,0.812357263554314,Endo CLDN5 SLC7A5,
CATAGACTCGCCACTT-1,4,Endo CLDN5 SLC7A5,0.9639441373561193,Endo CLDN5 SLC7A5,
CATCAAGAGAGAATCT-1,48,Endo CLDN5 SLC7A5,0.3684465565744804,Endo CLDN5 SLC7A5,
CATCAAGAGAGGTTTA-1,4,Oligo MOG OPALIN,0.919766064712929,Endo CLDN5 SLC7A5,
CATCAAGAGGTAGCCA-1,3,Micro P2RY12 APBB1IP,0.7247490879177058,Micro P2RY12 APBB1IP,
CATCAAGAGGTTACCT-1,12,Oligo MOG OPALIN,0.7984368459703972,Endo CLDN5 SLC7A5,
CATCAAGAGTAAGACT-1,33,Endo CLDN5 SLC7A5,0.828863116235893,Endo CLDN5 SLC7A5,
CATCAAGCAAACAGGC-1,37,Oligo MOG OPALIN,0.3548312943611006,Endo CLDN5 SLC7A5,
CATCAAGCATAGCACT-1,19,Endo CLDN5 SLC7A5,0.9248656918591166,Endo CLDN5 SLC7A5,
CATCAAGGTTCAAACC-1,23,Endo CLDN5 SLC7A5,0.7700106899764522,Endo CLDN5 SLC7A5,
CATCAAGTCAGCAATC-1,32,Endo CLDN5 SLC7A5,0.484003002548053,Endo CLDN5 SLC7A5,
CATCAAGTCGGTTCAA-1,10,Endo CLDN5 SLC7A5,0.9339221692000336,Endo CLDN5 SLC7A5,
CATCCACAGCTGTCCG-1,23,Endo CLDN5 SLC7A5,0.8847151414692007,Endo CLDN5 SLC7A5,
CATCCACAGTAAAGCT-1,22,Endo CLDN5 SLC7A5,0.9673972352716053,Endo CLDN5 SLC7A5,
CATCCACCATCCTCAC-1,8,Endo CLDN5 SLC7A5,0.9860463357174375,Endo CLDN5 SLC7A5,
CATCCACCATTGCTGA-1,1,Endo CLDN5 SLC7A5,0.9408119588242156,Endo CLDN5 SLC7A5,
CATCCACGTCGTACAT-1,22,Endo CLDN5 SLC7A5,0.7953376751181062,Endo CLDN5 SLC7A5,
CATCCACTCACGGACC-1,8,Endo CLDN5 SLC7A5,0.9779248582168788,Endo CLDN5 SLC7A5,
CATCCACTCTCCACTG-1,36,L3-5 RORB GABRG1 KCNH7,0.8990477574359301,L3-5 RORB GABRG1 KCNH7,
CATCCCAAGACGATAT-1,42,PC P2RY14 GRM8,0.9999758778456328,PC P2RY14 GRM8,
CATCCCACAAGTAGTA-1,20,Endo CLDN5 SLC7A5,0.9227073020837747,Endo CLDN5 SLC7A5,
CATCCCACAGAAATTG-1,2,Astro AQP4 SLC1A2,0.9080443482861991,Astro AQP4 SLC1A2,
CATCCCATCGACGTCG-1,7,L3-5 RORB MKX GRIN3A,0.7527042502780259,L3-5 RORB MKX GRIN3A,
CATCCGTAGTAGACAT-1,17,Oligo MOG OPALIN,0.6400324298992787,Endo CLDN5 SLC7A5,
CATCCGTGTACATTGC-1,28,Endo CLDN5 SLC7A5,0.9788394889746409,Endo CLDN5 SLC7A5,
CATCCGTTCAGCAGAG-1,25,Endo CLDN5 SLC7A5,0.8207770043508632,Endo CLDN5 SLC7A5,
CATCGCTTCATCCCGT-1,8,Endo CLDN5 SLC7A5,0.47861716612367894,Endo CLDN5 SLC7A5,
CATCGCTTCTCTCTTC-1,34,L6 FEZF2 NPFFR2 KCNK2,0.6404316182913279,L6 FEZF2 NPFFR2 KCNK2,
CATCGGGCAGCTCTGG-1,15,L2-4 CUX2 RORB CLMN,0.33842027209051173,Endo CLDN5 SLC7A5,
CATCGGGCATGGGCAA-1,14,Endo CLDN5 SLC7A5,0.9996676499185243,Endo CLDN5 SLC7A5,
CATCGGGGTGCGGCTT-1,1,Endo CLDN5 SLC7A5,0.38506022856293476,Endo CLDN5 SLC7A5,
CATCGGGTCCATTCAT-1,0,Endo CLDN5 SLC7A5,0.8223666723545675,Oligo MOG OPALIN,
CATCGGGTCCTAGCTC-1,25,Endo CLDN5 SLC7A5,0.9992083867687472,Endo CLDN5 SLC7A5,
CATCGTCAGCCACTCG-1,35,Endo CLDN5 SLC7A5,0.8657081549298481,Endo CLDN5 SLC7A5,
CATCGTCAGTCGCCAC-1,9,Endo CLDN5 SLC7A5,0.991901313236533,Endo CLDN5 SLC7A5,
CATCGTCAGTGGTTAA-1,33,Endo CLDN5 SLC7A5,0.889675762279094,Endo CLDN5 SLC7A5,
CATCGTCCAAGTGCTT-1,36,L3-5 RORB GABRG1 PTPRO,0.7456810987227868,L3-5 RORB GABRG1 KCNH7,
CATCGTCCACCCTCTA-1,15,L2-3 CUX2 NTNG1 PALMD,0.7329742740110508,Endo CLDN5 SLC7A5,
CATCGTCTCCAACCAA-1,28,Endo CLDN5 SLC7A5,0.8411987445849627,Endo CLDN5 SLC7A5,
CATCGTCTCCACTAGA-1,28,Endo CLDN5 SLC7A5,0.7813826279181584,Endo CLDN5 SLC7A5,
CATGAGTAGCCGTTGC-1,17,Endo CLDN5 SLC7A5,0.9891344681239456,Endo CLDN5 SLC7A5,
CATGAGTAGCTACAAA-1,11,InN SST TRPC7,0.45631387854881206,InN SST FREM1,
CATGAGTAGTAGTCAA-1,4,Endo CLDN5 SLC7A5,0.9426801503724964,Endo CLDN5 SLC7A5,
CATGAGTGTGAGGAAA-1,2,Astro AQP4 SLC1A2,0.3822756135508324,Astro AQP4 SLC1A2,
CATGAGTTCCTCACCA-1,3,Micro P2RY12 APBB1IP,0.929278512290452,Micro P2RY12 APBB1IP,
CATGCAAAGATTGGGC-1,42,PC P2RY14 GRM8,0.9995908690648264,PC P2RY14 GRM8,
CATGCAAAGTATGAAC-1,37,L2-3 CUX2 NTNG1 PALMD,0.4683196211405005,Endo CLDN5 SLC7A5,
CATGCAACAAGTATAG-1,18,L2-3 CUX2 NTNG1 PALMD,0.8429524128711638,Endo CLDN5 SLC7A5,
CATGCAAGTAACCAGG-1,38,Endo CLDN5 SLC7A5,0.44150686672421535,Endo CLDN5 SLC7A5,
CATGCAAGTGACACGA-1,6,Oligo MOG OPALIN,0.9999810893589983,Oligo MOG OPALIN,
CATGCCTAGATGGCAC-1,23,Endo CLDN5 SLC7A5,0.7674912487884176,Endo CLDN5 SLC7A5,
CATGCCTAGCCGAATG-1,8,Oligo MOG OPALIN,0.5846667807772309,Endo CLDN5 SLC7A5,
CATGCCTAGGAGGTTC-1,8,Endo CLDN5 SLC7A5,0.9071231752896897,Endo CLDN5 SLC7A5,
CATGCCTGTGACGTCC-1,12,L3-5 RORB MKX GRIN3A,0.32577777764664123,Endo CLDN5 SLC7A5,
CATGCCTGTTGTCTAG-1,0,Oligo MOG OPALIN,0.9997512162493617,Oligo MOG OPALIN,
CATGCCTTCCATACTT-1,6,Oligo MOG OPALIN,0.999952506640871,Oligo MOG OPALIN,
CATGCGGCAACTAGAA-1,10,Endo CLDN5 SLC7A5,0.607061637985399,Endo CLDN5 SLC7A5,
CATGCGGCATAATCGC-1,11,InN SST HS3ST5,0.9936097565287778,InN SST FREM1,
CATGCGGTCGTCGCTT-1,6,Oligo MOG OPALIN,0.9999997973684878,Oligo MOG OPALIN,
CATGCGGTCTTCCGTG-1,38,Oligo MOG OPALIN,0.5384606798706519,Endo CLDN5 SLC7A5,
CATGCTCAGCGTTAGG-1,10,L6 OPRK1 THEMIS RGS6,0.6971911514934498,Endo CLDN5 SLC7A5,
CATGCTCAGGGCAATC-1,4,Endo CLDN5 SLC7A5,0.42265653404352466,Endo CLDN5 SLC7A5,
CATGCTCGTAGACACG-1,17,Endo CLDN5 SLC7A5,0.8814288098012694,Endo CLDN5 SLC7A5,
CATGCTCTCATGTCTT-1,9,Oligo MOG OPALIN,0.358874747933951,Endo CLDN5 SLC7A5,
CATGGATAGCTAGATA-1,14,Endo CLDN5 SLC7A5,0.999845958582021,Endo CLDN5 SLC7A5,
CATGGATAGTGGAATT-1,31,Endo CLDN5 SLC7A5,0.3172671009187051,InN VIP HS3ST3B1,
CATGGATAGTTGAATG-1,10,L3-5 RORB GABRG1 PTPRO,0.3762869404232899,Endo CLDN5 SLC7A5,
CATGGATGTTCAACGT-1,31,InN ADARB2 RGS10,0.9607759898857148,InN VIP HS3ST3B1,
CATGGTACAGTAGGAC-1,39,InN LAMP5 BMP7,0.997059482192447,InN LAMP5 BMP7,
CATGGTATCATTACTC-1,11,InN SST HGF GABRQ,0.637184601452172,InN SST FREM1,
CATGGTATCCATTGTT-1,2,Endo CLDN5 SLC7A5,0.33770017836019606,Astro AQP4 SLC1A2,
CATTCATAGAAGCGCT-1,47,L5-6 FEZF2 NXPH2 GRIK1,0.9342917725792927,L5-6 FEZF2 NXPH2 GRIK1,
CATTCATAGACCCTTA-1,29,Endo CLDN5 SLC7A5,0.3895216045194171,PC P2RY14 GRM8,
CATTCATCAAGAGTGC-1,10,Endo CLDN5 SLC7A5,0.7240155455226173,Endo CLDN5 SLC7A5,
CATTCATCAAGGTTGG-1,17,Astro GFAP AQP1,0.5598247070470638,Endo CLDN5 SLC7A5,
CATTCATGTAGCTGAG-1,22,Endo CLDN5 SLC7A5,0.94940562289329,Endo CLDN5 SLC7A5,
CATTCATGTCGTCGGT-1,0,Oligo MOG OPALIN,0.9999934762942051,Oligo MOG OPALIN,
CATTCCGCAAATCCCA-1,0,Oligo MOG OPALIN,0.9999697862151264,Oligo MOG OPALIN,
CATTCCGGTAGGTCAG-1,0,Oligo MOG OPALIN,0.9999998922324796,Oligo MOG OPALIN,
CATTCCGTCAGTCAGT-1,11,InN SST STK32A,0.9962593764863374,InN SST FREM1,
CATTCCGTCCACAGCG-1,22,Endo CLDN5 SLC7A5,0.5310272764867575,Endo CLDN5 SLC7A5,
CATTCTAAGATTGCGG-1,22,Oligo MOG OPALIN,0.6414392338191324,Endo CLDN5 SLC7A5,
CATTCTAAGCGACAGT-1,12,Endo CLDN5 SLC7A5,0.9560305285050946,Endo CLDN5 SLC7A5,
CATTCTAAGGGCAGAG-1,7,L3-5 RORB MKX DCC,0.9723027542275013,L3-5 RORB MKX GRIN3A,
CATTCTACAAGTATCC-1,31,InN VIP EGF,0.7128090222423714,InN VIP HS3ST3B1,
CATTGAGAGTTCATGC-1,29,PC P2RY14 GRM8,0.9999535024937064,PC P2RY14 GRM8,
CATTGAGTCAGCATTG-1,11,InN SST HTR2C,0.9866130252814507,InN SST FREM1,
CATTGCCCACCGTGCA-1,3,Micro P2RY12 APBB1IP,0.9848036406878836,Micro P2RY12 APBB1IP,
CATTGCCCAGACTGCC-1,37,SMC ACTA2 CNN1,0.9999385875775099,Endo CLDN5 SLC7A5,
CATTGCCCAGTGCGCT-1,3,Micro P2RY12 APBB1IP,0.9743298615019605,Micro P2RY12 APBB1IP,
CATTGCCGTTCGATTG-1,7,L3-5 RORB MKX GRIN3A,0.5953516556242839,L3-5 RORB MKX GRIN3A,
CATTGCCTCCCAATAG-1,17,Endo CLDN5 SLC7A5,0.9678712178601648,Endo CLDN5 SLC7A5,
CATTGCCTCCGCACTT-1,14,Oligo MOG OPALIN,0.9971401634447583,Endo CLDN5 SLC7A5,
CATTGCCTCTTGCAGA-1,1,Endo CLDN5 SLC7A5,0.919911894651797,Endo CLDN5 SLC7A5,
CATTGTTCACTTGGCG-1,14,Endo CLDN5 SLC7A5,0.7238023770419688,Endo CLDN5 SLC7A5,
CATTGTTGTGGTGATG-1,43,Endo CLDN5 SLC7A5,0.8245929208500575,Endo CLDN5 SLC7A5,
CATTGTTTCCGGCTTT-1,10,Endo CLDN5 SLC7A5,0.9845545477492141,Endo CLDN5 SLC7A5,
CATTTCAAGCCTCTCT-1,28,Endo CLDN5 SLC7A5,0.913680426080443,Endo CLDN5 SLC7A5,
CATTTCATCTGCATAG-1,36,L3-5 RORB GABRG1 KCNH7,0.3859512741622148,L3-5 RORB GABRG1 KCNH7,
CCAAGCGAGAACCCGA-1,16,Endo CLDN5 SLC7A5,0.8272589705683321,Endo CLDN5 SLC7A5,
CCAAGCGGTGATGAAT-1,4,Micro P2RY12 APBB1IP,0.34222998260198845,Endo CLDN5 SLC7A5,
CCAAGCGGTTGTACGT-1,29,Endo CLDN5 SLC7A5,0.723244353178099,PC P2RY14 GRM8,
CCAAGCGTCGCATGAT-1,14,Endo CLDN5 SLC7A5,0.9959684667462195,Endo CLDN5 SLC7A5,
CCAAGCGTCGGCAGTC-1,11,InN SST ADAMTSL1,0.5774350051730525,InN SST FREM1,
CCAATGAAGAAGCCTG-1,7,L3-5 RORB MKX DCC,0.9867095620416998,L3-5 RORB MKX GRIN3A,
CCAATGAAGTGCTCAT-1,10,Endo CLDN5 SLC7A5,0.32878605929150767,Endo CLDN5 SLC7A5,
CCAATGACAATCTCGA-1,2,Astro AQP4 SLC1A2,0.9503155062112281,Astro AQP4 SLC1A2,
CCAATGACACTCACTC-1,25,Endo CLDN5 SLC7A5,0.5129207216390498,Endo CLDN5 SLC7A5,
CCAATGAGTGCAACGA-1,12,Endo CLDN5 SLC7A5,0.44836223610672504,Endo CLDN5 SLC7A5,
CCAATGATCATCTCTA-1,31,InN VIP CLSTN2,0.9920105264523316,InN VIP HS3ST3B1,
CCAATGATCGCTTACC-1,4,Endo CLDN5 SLC7A5,0.9594692556002625,Endo CLDN5 SLC7A5,
CCAATGATCTCTGAGA-1,24,Micro P2RY12 APBB1IP,0.645365881502436,Endo CLDN5 SLC7A5,
CCAATTTAGGAGCAAA-1,12,Endo CLDN5 SLC7A5,0.9212994022383449,Endo CLDN5 SLC7A5,
CCAATTTAGTGCGTCC-1,47,L5-6 FEZF2 NXPH2 CDH8,0.9708463506313163,L5-6 FEZF2 NXPH2 GRIK1,
CCAATTTCAATTGCAC-1,10,Oligo MOG OPALIN,0.7018303997578568,Endo CLDN5 SLC7A5,
CCAATTTCATCCGATA-1,35,Endo CLDN5 SLC7A5,0.32260064279933,Endo CLDN5 SLC7A5,
CCAATTTGTTCGTTCC-1,3,Micro P2RY12 APBB1IP,0.6540807620870907,Micro P2RY12 APBB1IP,
CCAATTTTCCGTGGTG-1,13,OPC PDGFRA PCDH15,0.9999999999871338,OPC PDGFRA PCDH15,
CCACAAAAGAATTGCA-1,7,Oligo MOG OPALIN,0.3227565290668884,L3-5 RORB MKX GRIN3A,
CCACAAAAGCAACCAG-1,2,Endo CLDN5 SLC7A5,0.4213724878659816,Astro AQP4 SLC1A2,
CCACAAACAATTCTTC-1,37,Endo CLDN5 SLC7A5,0.8312509467992166,Endo CLDN5 SLC7A5,
CCACAAAGTACACTCA-1,16,Endo CLDN5 SLC7A5,0.8913052900533793,Endo CLDN5 SLC7A5,
CCACAAAGTCAGACGA-1,0,Oligo MOG OPALIN,0.9999623117414103,Oligo MOG OPALIN,
CCACACTAGTTTGTCG-1,17,Endo CLDN5 SLC7A5,0.9776802326301276,Endo CLDN5 SLC7A5,
CCACACTCACTTACAG-1,9,Endo CLDN5 SLC7A5,0.846598661376374,Endo CLDN5 SLC7A5,
CCACACTCAGTCAGTT-1,26,InN PVALB HPSE,0.9939901948460252,InN PVALB HPSE,
CCACACTGTATAATGG-1,9,Endo CLDN5 SLC7A5,0.5308087501380663,Endo CLDN5 SLC7A5,
CCACCATAGAAGTCCG-1,21,L6 OPRK1 THEMIS RGS6,0.999039411888644,L6 OPRK1 THEMIS RGS6,
CCACCATCACTTTATC-1,42,PC P2RY14 GRM8,0.9694304132892214,PC P2RY14 GRM8,
CCACCATGTCTGTAAC-1,13,OPC PDGFRA PCDH15,0.9999999999998828,OPC PDGFRA PCDH15,
CCACCATTCTACACTT-1,6,Oligo MOG OPALIN,0.99999235040209,Oligo MOG OPALIN,
CCACGAGAGCTGCCAC-1,5,L2-3 CUX2 NTNG1 COL5A2,0.5660219128944346,L2-3 CUX2 ACVR1C THSD7A,
CCACGAGCACGGAAGT-1,47,L5-6 FEZF2 NXPH2 CDH8,0.34208380867022065,L5-6 FEZF2 NXPH2 GRIK1,
CCACGAGTCAACTACG-1,16,Endo CLDN5 SLC7A5,0.638815511396035,Endo CLDN5 SLC7A5,
CCACGTTTCGTAACCA-1,16,Endo CLDN5 SLC7A5,0.8916586577470971,Endo CLDN5 SLC7A5,
CCACTTGAGTATTGCC-1,5,L2-3 CUX2 ACVR1C THSD7A,0.9991066132693601,L2-3 CUX2 ACVR1C THSD7A,
CCACTTGTCTCAGTCC-1,26,InN PVALB PDE3A,0.6007606449949717,InN PVALB HPSE,
CCATAAGAGAAACCCG-1,1,Endo CLDN5 SLC7A5,0.43667092268862945,Endo CLDN5 SLC7A5,
CCATAAGCACGGAAGT-1,8,Endo CLDN5 SLC7A5,0.99588957125459,Endo CLDN5 SLC7A5,
CCATAAGCAGTTCACA-1,30,Endo CLDN5 SLC7A5,0.9423193559696008,Endo CLDN5 SLC7A5,
CCATAAGCATGACAGG-1,1,Endo CLDN5 SLC7A5,0.9992586058100233,Endo CLDN5 SLC7A5,
CCATAAGTCTCCCTAG-1,44,Endo CLDN5 DKK2,0.9184649373774365,Endo CLDN5 SLC7A5,
CCATAAGTCTTGCGCT-1,10,Endo CLDN5 SLC7A5,0.9602912437277595,Endo CLDN5 SLC7A5,
CCATCACGTCTCCCTA-1,24,Endo CLDN5 SLC7A5,0.8594107731333328,Endo CLDN5 SLC7A5,
CCATCACGTGCTTATG-1,15,Endo CLDN5 SLC7A5,0.4122492603160756,Endo CLDN5 SLC7A5,
CCATCACTCCGTGGTG-1,2,Astro GFAP FABP7,0.9994845961696112,Astro AQP4 SLC1A2,
CCATCACTCCTCACGT-1,23,Endo CLDN5 SLC7A5,0.7464658013177482,Endo CLDN5 SLC7A5,
CCATCACTCTCTTGCG-1,37,Endo CLDN5 SLC7A5,0.9066409422839471,Endo CLDN5 SLC7A5,
CCCAACTAGATGTTGA-1,1,Endo CLDN5 SLC7A5,0.39397350113763735,Endo CLDN5 SLC7A5,
CCCAACTAGTCAGAGC-1,3,Micro P2RY12 GLDN,0.45701694242427926,Micro P2RY12 APBB1IP,
CCCAACTCAAAGCACG-1,1,Endo CLDN5 SLC7A5,0.9296243342775982,Endo CLDN5 SLC7A5,
CCCAACTCAATGCAGG-1,9,Endo CLDN5 SLC7A5,0.606997664306897,Endo CLDN5 SLC7A5,
CCCAACTCACGACGTC-1,44,Endo CLDN5 SLC7A5,0.9879079782249868,Endo CLDN5 SLC7A5,
CCCAACTCAGGCAATG-1,22,Endo CLDN5 SLC7A5,0.9808822056676304,Endo CLDN5 SLC7A5,
CCCAACTTCACCCATC-1,2,Astro GFAP AQP1,0.9422092105720722,Astro AQP4 SLC1A2,
CCCAACTTCATTATCC-1,4,Endo CLDN5 SLC7A5,0.8422333399931844,Endo CLDN5 SLC7A5,
CCCAACTTCTTGAACG-1,24,Oligo MOG OPALIN,0.9494423099740625,Endo CLDN5 SLC7A5,
CCCAACTTCTTGGGCG-1,18,Oligo MOG OPALIN,0.7937240909030004,Endo CLDN5 SLC7A5,
CCCATTGCAACTGTGT-1,16,Oligo MOG OPALIN,0.9876458089990477,Endo CLDN5 SLC7A5,
CCCATTGCAAGTCGTT-1,7,L3-5 RORB MKX DCC,0.9414208283885191,L3-5 RORB MKX GRIN3A,
CCCATTGCAGTTTCAG-1,5,L2-3 CUX2 NTNG1 PALMD,0.6478324103052788,L2-3 CUX2 ACVR1C THSD7A,
CCCATTGGTTCCACGG-1,14,Endo CLDN5 SLC7A5,0.9673732698575805,Endo CLDN5 SLC7A5,
CCCATTGTCCTTCTAA-1,2,Astro AQP4 SLC1A2,0.9994771644973885,Astro AQP4 SLC1A2,
CCCATTGTCGGAATTC-1,24,L2-3 CUX2 NTNG1 PALMD,0.8083100264210002,Endo CLDN5 SLC7A5,
CCCATTGTCTTAGGAC-1,0,Oligo MOG OPALIN,0.9999850085161359,Oligo MOG OPALIN,
CCCGAAGCAGATCCTA-1,12,Endo CLDN5 SLC7A5,0.38831387352311647,Endo CLDN5 SLC7A5,
CCCGGAATCATTGCCC-1,2,Endo CLDN5 SLC7A5,0.8483322438258718,Astro AQP4 SLC1A2,
CCCTAACAGGGCGAAG-1,8,Endo CLDN5 SLC7A5,0.9992775434001478,Endo CLDN5 SLC7A5,
CCCTAACCAACTCGTA-1,45,Oligo MOG OPALIN,0.8729862779209977,Endo CLDN5 SLC7A5,
CCCTAACCATCCTTGC-1,9,Endo CLDN5 SLC7A5,0.9694179166341966,Endo CLDN5 SLC7A5,
CCCTAACGTTATGTCG-1,48,Endo CLDN5 SLC7A5,0.9595358699724049,Endo CLDN5 SLC7A5,
CCCTCAAAGTTCCGGC-1,1,Endo CLDN5 SLC7A5,0.9588077504230467,Endo CLDN5 SLC7A5,
CCCTCAACAAGATTGA-1,33,Endo CLDN5 SLC7A5,0.93832120138739,Endo CLDN5 SLC7A5,
CCCTCAACACCCAAGC-1,8,Endo CLDN5 SLC7A5,0.7807200519450872,Endo CLDN5 SLC7A5,
CCCTCAATCACTCTTA-1,22,PC P2RY14 GRM8,0.8914470716791478,Endo CLDN5 SLC7A5,
CCCTCAATCAGGCGAA-1,24,Endo CLDN5 SLC7A5,0.8795561713610931,Endo CLDN5 SLC7A5,
CCCTCAATCCTACCAC-1,6,Oligo MOG OPALIN,0.9997389319898097,Oligo MOG OPALIN,
CCCTCTCAGCACTAGG-1,5,L2-3 CUX2 ACVR1C THSD7A,0.9623378749801607,L2-3 CUX2 ACVR1C THSD7A,
CCCTCTCAGCCGATAG-1,14,L3-5 RORB MKX GRIN3A,0.9878529224181988,Endo CLDN5 SLC7A5,
CCCTCTCAGGATTCCT-1,10,Oligo MOG OPALIN,0.524087579567601,Endo CLDN5 SLC7A5,
CCCTCTCGTACTGGGA-1,33,Endo CLDN5 SLC7A5,0.3542407502912802,Endo CLDN5 SLC7A5,
CCCTCTCGTGAGTAAT-1,36,L3-5 RORB GABRG1 PTPRO,0.6946085293429313,L3-5 RORB GABRG1 KCNH7,
CCCTCTCGTGTTGAGG-1,12,Endo CLDN5 SLC7A5,0.9397866560007254,Endo CLDN5 SLC7A5,
CCCTGATAGTTATGGA-1,36,L3-5 RORB GABRG1 KCNH7,0.5093932700950006,L3-5 RORB GABRG1 KCNH7,
CCCTGATAGTTGGGAC-1,3,Micro P2RY12 APBB1IP,0.8260134720515588,Micro P2RY12 APBB1IP,
CCCTGATCAAGTATCC-1,3,Micro P2RY12 APBB1IP,0.9918925180091199,Micro P2RY12 APBB1IP,
CCCTGATTCACTCACC-1,21,L6 OPRK1 THEMIS RGS6,0.813366873969878,L6 OPRK1 THEMIS RGS6,
CCCTGATTCCACTTCG-1,43,Oligo MOG OPALIN,0.908096860463848,Endo CLDN5 SLC7A5,
CCCTTAGAGGTTGAGC-1,3,Micro P2RY12 APBB1IP,0.9851327700126349,Micro P2RY12 APBB1IP,
CCCTTAGAGTATTGCC-1,3,Micro P2RY12 APBB1IP,0.6550208004559053,Micro P2RY12 APBB1IP,
CCCTTAGCAGGCCTGT-1,19,Endo CLDN5 SLC7A5,0.9975996459016391,Endo CLDN5 SLC7A5,
CCCTTAGGTCCTCATC-1,18,Endo CLDN5 SLC7A5,0.6824122103225688,Endo CLDN5 SLC7A5,
CCGAACGCAAATCGTC-1,9,Endo CLDN5 SLC7A5,0.47273219620254164,Endo CLDN5 SLC7A5,
CCGAACGCAATTAGGA-1,17,Oligo MOG OPALIN,0.7583590372243583,Endo CLDN5 SLC7A5,
CCGAACGCAGAGGACT-1,14,Endo CLDN5 SLC7A5,0.9981912660699683,Endo CLDN5 SLC7A5,
CCGAACGTCTCGACGG-1,24,Oligo MOG OPALIN,0.8869077990535948,Endo CLDN5 SLC7A5,
CCGATCTAGCATCCCG-1,8,Endo CLDN5 SLC7A5,0.9847097170458168,Endo CLDN5 SLC7A5,
CCGATCTGTTCGGCCA-1,6,Oligo MOG OPALIN,0.9999793632701214,Oligo MOG OPALIN,
CCGATCTTCCGTAATG-1,3,Micro P2RY12 APBB1IP,0.9996701512075857,Micro P2RY12 APBB1IP,
CCGATCTTCGTCGATA-1,27,Micro P2RY12 APBB1IP,0.5025561942388879,Endo CLDN5 SLC7A5,
CCGATCTTCTCGGTCT-1,19,Oligo MOG OPALIN,0.9164349992658393,Endo CLDN5 SLC7A5,
CCGATGGCATACTGTG-1,12,Endo CLDN5 SLC7A5,0.8982046065829916,Endo CLDN5 SLC7A5,
CCGATGGCATGAGATA-1,13,OPC PDGFRA PCDH15,0.9999999864818085,OPC PDGFRA PCDH15,
CCGCAAGAGATTAGAC-1,2,Astro GFAP AQP1,0.7296688802124608,Astro AQP4 SLC1A2,
CCGCAAGGTAGAAACT-1,21,Oligo MOG OPALIN,0.7819117756253705,L6 OPRK1 THEMIS RGS6,
CCGCAAGGTGAGAACC-1,32,Endo CLDN5 SLC7A5,0.6743830780618622,Endo CLDN5 SLC7A5,
CCGCAAGGTTGCTGAT-1,22,Endo CLDN5 SLC7A5,0.6129218741184557,Endo CLDN5 SLC7A5,
CCGCAAGTCTGGCCAG-1,27,Endo CLDN5 SLC7A5,0.9853272498056154,Endo CLDN5 SLC7A5,
CCGGACAAGTCACTCA-1,44,Endo CLDN5 SLC7A5,0.8985822938503673,Endo CLDN5 SLC7A5,
CCGGACAAGTCGCCCA-1,4,Endo CLDN5 SLC7A5,0.9309514344210196,Endo CLDN5 SLC7A5,
CCGGACAGTATGTCTG-1,38,Endo CLDN5 SLC7A5,0.5055532087114971,Endo CLDN5 SLC7A5,
CCGGGTAAGTCCCAAT-1,17,Endo CLDN5 SLC7A5,0.9820104916547786,Endo CLDN5 SLC7A5,
CCGGGTACAGGACATG-1,3,Micro P2RY12 APBB1IP,0.8506131647692962,Micro P2RY12 APBB1IP,
CCGGGTATCCCTCGAT-1,13,OPC PDGFRA PCDH15,0.9999999999998803,OPC PDGFRA PCDH15,
CCGGGTATCGCGCTGA-1,9,Endo CLDN5 SLC7A5,0.8986852445681448,Endo CLDN5 SLC7A5,
CCGGTAGCAACAAAGT-1,3,Micro P2RY12 APBB1IP,0.6474295831910868,Micro P2RY12 APBB1IP,
CCGGTAGCAATGGCCC-1,14,Endo CLDN5 SLC7A5,0.52160661070885,Endo CLDN5 SLC7A5,
CCGGTAGCATTGGATC-1,11,Oligo MOG OPALIN,0.3239389604302178,InN SST FREM1,
CCGGTAGGTACAGCGA-1,6,Oligo MOG OPALIN,0.999997409311863,Oligo MOG OPALIN,
CCGGTGACAAAGGTTA-1,46,L3-5 RORB PCBP3 ARHGAP15,0.36393557417370953,L3-5 RORB PCBP3 IL1RAPL2,
CCGGTGAGTCTTGCGG-1,2,Astro AQP4 SLC1A2,0.9224728147212926,Astro AQP4 SLC1A2,
CCGGTGATCATCTCTA-1,4,L2-3 CUX2 NTNG1 PALMD,0.8711836075038362,Endo CLDN5 SLC7A5,
CCGGTGATCCAACCGG-1,40,Endo CLDN5 SLC7A5,0.9613832053886224,Endo CLDN5 SLC7A5,
CCGTAGGAGCACCGAA-1,12,Endo CLDN5 SLC7A5,0.982947906372577,Endo CLDN5 SLC7A5,
CCGTAGGCATAGCACT-1,0,Oligo MOG OPALIN,0.9999118621996204,Oligo MOG OPALIN,
CCGTAGGTCTGGTTGA-1,2,Endo CLDN5 SLC7A5,0.44321279687955634,Astro AQP4 SLC1A2,
CCGTGAGAGACAACTA-1,39,InN LAMP5 BMP7,0.9999821566265775,InN LAMP5 BMP7,
CCGTGAGCACGACGTC-1,21,L6 OPRK1 THEMIS RGS6,0.9130529796298699,L6 OPRK1 THEMIS RGS6,
CCGTGAGCATAGATGA-1,8,Oligo MOG OPALIN,0.6806098698161966,Endo CLDN5 SLC7A5,
CCGTGAGGTCGGTACC-1,13,OPC PDGFRA PCDH15,0.9999999479023045,OPC PDGFRA PCDH15,
CCGTGAGGTGTCCTAA-1,7,L3-5 RORB MKX GRIN3A,0.7037223486039853,L3-5 RORB MKX GRIN3A,
CCGTGAGTCATTCACT-1,17,Endo CLDN5 SLC7A5,0.43558241034966744,Endo CLDN5 SLC7A5,
CCGTGAGTCGCCAATA-1,20,Endo CLDN5 SLC7A5,0.39887132758919713,Endo CLDN5 SLC7A5,
CCGTTCACAAGGTCGA-1,8,Endo CLDN5 SLC7A5,0.9492026639833093,Endo CLDN5 SLC7A5,
CCGTTCACACGTGTGC-1,29,PC P2RY14 GRM8,0.9992800422416449,PC P2RY14 GRM8,
CCGTTCAGTATAGCTC-1,2,Astro AQP4 SLC1A2,0.9989342619794386,Astro AQP4 SLC1A2,
CCGTTCAGTTTCACTT-1,1,Endo CLDN5 SLC7A5,0.3244929965985067,Endo CLDN5 SLC7A5,
CCTAACCCAACACAAA-1,10,Oligo MOG OPALIN,0.9485882630051027,Endo CLDN5 SLC7A5,
CCTAACCCAATCAGCT-1,10,Endo CLDN5 SLC7A5,0.9629282285661666,Endo CLDN5 SLC7A5,
CCTAACCCAGAAACCG-1,16,Oligo MOG OPALIN,0.9860077778225516,Endo CLDN5 SLC7A5,
CCTAACCCATCGGAAG-1,15,Endo CLDN5 SLC7A5,0.8029782719174604,Endo CLDN5 SLC7A5,
CCTAACCGTAGTATAG-1,30,Endo CLDN5 SLC7A5,0.8758935175224081,Endo CLDN5 SLC7A5,
CCTAACCGTCACGCTG-1,8,Endo CLDN5 SLC7A5,0.9646277004341741,Endo CLDN5 SLC7A5,
CCTAACCGTGATCGTT-1,23,Oligo MOG OPALIN,0.5315327338747539,Endo CLDN5 SLC7A5,
CCTAACCGTGGCTACC-1,8,Endo CLDN5 SLC7A5,0.8083050561153083,Endo CLDN5 SLC7A5,
CCTAACCTCACCTACC-1,24,Endo CLDN5 SLC7A5,0.4764089089873818,Endo CLDN5 SLC7A5,
CCTAACCTCGTGCGAC-1,24,Oligo MOG OPALIN,0.9886231982096702,Endo CLDN5 SLC7A5,
CCTAAGAGTAGGTCAG-1,16,Oligo MOG OPALIN,0.9949452270448795,Endo CLDN5 SLC7A5,
CCTAAGAGTATCGAGG-1,4,L3-5 RORB MKX GRIN3A,0.81145766830749,Endo CLDN5 SLC7A5,
CCTAAGAGTCGAGTGA-1,15,Endo CLDN5 SLC7A5,0.611423871901951,Endo CLDN5 SLC7A5,
CCTAAGAGTTAAGAAC-1,0,Oligo MOG OPALIN,0.9999980749715156,Oligo MOG OPALIN,
CCTAAGATCCAGTACA-1,16,Endo CLDN5 SLC7A5,0.9999928456890025,Endo CLDN5 SLC7A5,
CCTAAGATCGGTAAGG-1,3,Micro P2RY12 APBB1IP,0.9684461742431215,Micro P2RY12 APBB1IP,
CCTACGTGTAAGTCAA-1,1,Endo CLDN5 SLC7A5,0.9658476167090044,Endo CLDN5 SLC7A5,
CCTACGTGTATCGTAC-1,33,Endo CLDN5 SLC7A5,0.4977334832631797,Endo CLDN5 SLC7A5,
CCTATCGTCTGAGAGG-1,37,Endo CLDN5 SLC7A5,0.992104191463692,Endo CLDN5 SLC7A5,
CCTATCGTCTGCGGCA-1,6,Oligo MOG GSN,0.9483268329753531,Oligo MOG OPALIN,
CCTATCGTCTGTCTCG-1,13,OPC PDGFRA PCDH15,0.9999997231762623,OPC PDGFRA PCDH15,
CCTCAACCACCTGCGA-1,2,Astro GFAP AQP1,0.6594365360783083,Astro AQP4 SLC1A2,
CCTCAACGTAACGCGA-1,9,Endo CLDN5 SLC7A5,0.9945013903437406,Endo CLDN5 SLC7A5,
CCTCAACGTAGATTAG-1,23,L2-3 CUX2 NTNG1 PALMD,0.5550272637582696,Endo CLDN5 SLC7A5,
CCTCAACTCGCTGCGA-1,31,Oligo MOG OPALIN,0.44187240049074095,InN VIP HS3ST3B1,
CCTCACAAGCCACAAG-1,29,PC P2RY14 GRM8,0.9993071539998698,PC P2RY14 GRM8,
CCTCACACAAAGTGTA-1,40,Endo CLDN5 SLC7A5,0.9195152321435007,Endo CLDN5 SLC7A5,
CCTCACACATGAATAG-1,1,Endo CLDN5 SLC7A5,0.9985618067279978,Endo CLDN5 SLC7A5,
CCTCACAGTATACAGA-1,6,Oligo MOG OPALIN,0.9999797306683714,Oligo MOG OPALIN,
CCTCACATCGCCATAA-1,31,InN VIP ADAM12,0.9909897626216335,InN VIP HS3ST3B1,
CCTCAGTCAAACAGGC-1,12,L2-3 CUX2 NTNG1 PALMD,0.4053920775257082,Endo CLDN5 SLC7A5,
CCTCAGTCAATGAACA-1,38,Endo CLDN5 SLC7A5,0.4179389146323583,Endo CLDN5 SLC7A5,
CCTCAGTGTGCAGATG-1,7,L3-5 RORB MKX DCC,0.9996069467181953,L3-5 RORB MKX GRIN3A,
CCTCAGTGTTAGAGAT-1,14,Endo CLDN5 SLC7A5,0.9996809041429289,Endo CLDN5 SLC7A5,
CCTCAGTTCATTTACC-1,19,Endo CLDN5 SLC7A5,0.9916382465056935,Endo CLDN5 SLC7A5,
CCTCAGTTCGCAATTG-1,3,Endo CLDN5 SLC7A5,0.635776295176411,Micro P2RY12 APBB1IP,
CCTCATGAGCAACTTC-1,40,Oligo MOG OPALIN,0.4320690975934275,Endo CLDN5 SLC7A5,
CCTCATGAGCACTCTA-1,32,Oligo MOG OPALIN,0.8067731551831944,Endo CLDN5 SLC7A5,
CCTCATGCAAGTGCAG-1,3,Micro P2RY12 APBB1IP,0.5989857365596887,Micro P2RY12 APBB1IP,
CCTCATGCACGTACTA-1,17,Endo CLDN5 SLC7A5,0.777038309885241,Endo CLDN5 SLC7A5,
CCTCATGCATGGGAAC-1,10,Oligo MOG OPALIN,0.9083168131761992,Endo CLDN5 SLC7A5,
CCTCATGTCACGGAGA-1,4,Endo CLDN5 SLC7A5,0.8759365261228133,Endo CLDN5 SLC7A5,
CCTCATGTCGAACCTA-1,8,L2-3 CUX2 NTNG1 PALMD,0.4007486801701719,Endo CLDN5 SLC7A5,
CCTCATGTCTAGATCG-1,14,Endo CLDN5 SLC7A5,0.9815134728876771,Endo CLDN5 SLC7A5,
CCTCATGTCTGCGGGT-1,32,Endo CLDN5 SLC7A5,0.4454024940227148,Endo CLDN5 SLC7A5,
CCTCCAAAGAGTCAAT-1,8,Endo CLDN5 SLC7A5,0.9498808343699969,Endo CLDN5 SLC7A5,
CCTCCAAAGTAAGCAT-1,26,InN PVALB HPSE,0.5859044649700451,InN PVALB HPSE,
CCTCCAAGTACAACGG-1,10,Oligo MOG OPALIN,0.9977697118154728,Endo CLDN5 SLC7A5,
CCTCCAATCGCGCTGA-1,6,Oligo MOG OPALIN,0.9999685291467912,Oligo MOG OPALIN,
CCTCCTCAGAGCACTG-1,2,Astro GFAP AQP1,0.7696294083635605,Astro AQP4 SLC1A2,
CCTCCTCCAAGAGCTG-1,39,InN LAMP5 BMP7,0.9847416272908702,InN LAMP5 BMP7,
CCTCCTCGTGGAATGC-1,1,Endo CLDN5 SLC7A5,0.9762811455810129,Endo CLDN5 SLC7A5,
CCTCCTCTCAGCACCG-1,33,Endo CLDN5 SLC7A5,0.5786196435349341,Endo CLDN5 SLC7A5,
CCTCCTCTCCATCTGC-1,7,L3-5 RORB MKX GRIN3A,0.9905977246753707,L3-5 RORB MKX GRIN3A,
CCTCTAGAGAGAGTGA-1,12,Endo CLDN5 SLC7A5,0.7065795719412018,Endo CLDN5 SLC7A5,
CCTCTAGCAGGATTCT-1,38,Endo CLDN5 SLC7A5,0.9052523428970319,Endo CLDN5 SLC7A5,
CCTCTAGGTCTCGCGA-1,22,Endo CLDN5 SLC7A5,0.45088861941916114,Endo CLDN5 SLC7A5,
CCTCTAGTCATCCTGC-1,1,L2-3 CUX2 NTNG1 PALMD,0.87134933931868,Endo CLDN5 SLC7A5,
CCTCTAGTCGACCACG-1,0,Oligo MOG OPALIN,0.9904902965446046,Oligo MOG OPALIN,
CCTCTCCGTCTGTGTA-1,15,Endo CLDN5 SLC7A5,0.8302459123245508,Endo CLDN5 SLC7A5,
CCTCTCCGTTTACGTG-1,8,Endo CLDN5 SLC7A5,0.9354175772453751,Endo CLDN5 SLC7A5,
CCTGCATAGGCTCCCA-1,21,L6 OPRK1 THEMIS RGS6,0.9743745715138724,L6 OPRK1 THEMIS RGS6,
CCTGCATAGTGGTTAA-1,10,Endo CLDN5 SLC7A5,0.7314769803472871,Endo CLDN5 SLC7A5,
CCTGCATGTAATTGGA-1,3,Micro P2RY12 APBB1IP,0.4240461419078447,Micro P2RY12 APBB1IP,
CCTGCATGTGGCTACC-1,22,Endo CLDN5 SLC7A5,0.3952206242590924,Endo CLDN5 SLC7A5,
CCTGCATTCCATGATG-1,10,Endo CLDN5 SLC7A5,0.39109858062020053,Endo CLDN5 SLC7A5,
CCTGCATTCTACTGAG-1,24,Endo CLDN5 SLC7A5,0.6395512535407413,Endo CLDN5 SLC7A5,
CCTGTTGCAGCAGAAC-1,8,Endo CLDN5 SLC7A5,0.9743203544333001,Endo CLDN5 SLC7A5,
CCTGTTGGTTCGGTAT-1,9,Endo CLDN5 SLC7A5,0.7405212002804876,Endo CLDN5 SLC7A5,
CCTGTTGTCCTACCGT-1,8,Endo CLDN5 SLC7A5,0.8724029958198131,Endo CLDN5 SLC7A5,
CCTTCAGAGGGTAATT-1,17,Endo CLDN5 SLC7A5,0.987902384541069,Endo CLDN5 SLC7A5,
CCTTCAGCACGCACCA-1,4,Endo CLDN5 SLC7A5,0.9884794050201482,Endo CLDN5 SLC7A5,
CCTTCAGCATCAGCAT-1,20,Oligo MOG OPALIN,0.5026516706659587,Endo CLDN5 SLC7A5,
CCTTCAGGTTGAGAGC-1,31,InN VIP CLSTN2,0.7105347817433411,InN VIP HS3ST3B1,
CCTTCAGGTTGCGAAG-1,20,Endo CLDN5 SLC7A5,0.8537181058079889,Endo CLDN5 SLC7A5,
CCTTCAGTCGCAGTTA-1,16,Endo CLDN5 SLC7A5,0.9947313892022077,Endo CLDN5 SLC7A5,
CCTTGTGAGTACAGCG-1,7,Oligo MOG OPALIN,0.9896169169004713,L3-5 RORB MKX GRIN3A,
CCTTGTGCATTCGGGC-1,5,L2-4 CUX2 RORB CLMN,0.9958858410471224,L2-3 CUX2 ACVR1C THSD7A,
CCTTGTGTCCGTGGGT-1,13,OPC PDGFRA PCDH15,0.9999999999972435,OPC PDGFRA PCDH15,
CCTTTGGAGAAACTAC-1,23,Endo CLDN5 SLC7A5,0.8996459241084179,Endo CLDN5 SLC7A5,
CCTTTGGAGAGGGTCT-1,27,Endo CLDN5 SLC7A5,0.9777036298239622,Endo CLDN5 SLC7A5,
CCTTTGGAGCTGTCCG-1,21,L6 OPRK1 THEMIS RGS6,0.9571841991638619,L6 OPRK1 THEMIS RGS6,
CCTTTGGAGTCCCAAT-1,13,OPC PDGFRA PCDH15,0.9999971673863267,OPC PDGFRA PCDH15,
CCTTTGGCAGCTGCCA-1,2,Astro AQP4 SLC1A2,0.9995428659758315,Astro AQP4 SLC1A2,
CCTTTGGGTAGAATAC-1,29,PC P2RY14 GRM8,0.9266198012846519,PC P2RY14 GRM8,
CCTTTGGGTAGACAAT-1,21,L6 OPRK1 THEMIS RGS6,0.9909190954694418,L6 OPRK1 THEMIS RGS6,
CCTTTGGGTCCGATCG-1,0,Oligo MOG OPALIN,0.999562985160318,Oligo MOG OPALIN,
CCTTTGGGTCGTGGAA-1,1,Endo CLDN5 SLC7A5,0.9997565192481422,Endo CLDN5 SLC7A5,
CCTTTGGGTTGTCATG-1,30,Endo CLDN5 SLC7A5,0.6479994627900709,Endo CLDN5 SLC7A5,
CCTTTGGTCCCTGTTG-1,5,L2-3 CUX2 ACVR1C THSD7A,0.9114151913646867,L2-3 CUX2 ACVR1C THSD7A,
CGAAGGAAGGAACATT-1,44,Oligo MOG OPALIN,0.7708311767786203,Endo CLDN5 SLC7A5,
CGAAGGAAGGTAGCAC-1,8,Endo CLDN5 SLC7A5,0.3751332305529337,Endo CLDN5 SLC7A5,
CGAAGGAAGTTCCTGA-1,17,Endo CLDN5 SLC7A5,0.9973366999365123,Endo CLDN5 SLC7A5,
CGAAGGACAGTCGGAA-1,1,Endo CLDN5 SLC7A5,0.997580142530002,Endo CLDN5 SLC7A5,
CGAAGTTAGCGATTCT-1,39,InN LAMP5 LHX6 TAC1,0.9935665558098528,InN LAMP5 BMP7,
CGAAGTTAGCTCTGTA-1,8,Oligo MOG OPALIN,0.9761487906811257,Endo CLDN5 SLC7A5,
CGAAGTTAGTGCGCTC-1,13,Astro AQP4 SLC1A2,0.741298351073927,OPC PDGFRA PCDH15,
CGAAGTTCATAGACTC-1,9,Endo CLDN5 SLC7A5,0.4163222582377049,Endo CLDN5 SLC7A5,
CGAAGTTCATGACTCA-1,9,Endo CLDN5 SLC7A5,0.4544706363289504,Endo CLDN5 SLC7A5,
CGAAGTTGTACAACGG-1,19,Endo CLDN5 SLC7A5,0.926711752553486,Endo CLDN5 SLC7A5,
CGAAGTTGTGTCTTAG-1,10,Oligo MOG OPALIN,0.9459061758752598,Endo CLDN5 SLC7A5,
CGAAGTTGTTGCATGT-1,25,Endo CLDN5 SLC7A5,0.9777933595391821,Endo CLDN5 SLC7A5,
CGAATTGCAATCACGT-1,15,OPC PDGFRA PCDH15,0.4537305412133252,Endo CLDN5 SLC7A5,
CGAATTGGTAACAAGT-1,2,Astro AQP4 SLC1A2,0.9707371251069538,Astro AQP4 SLC1A2,
CGAATTGTCACTGAAC-1,27,Endo CLDN5 SLC7A5,0.949443234382123,Endo CLDN5 SLC7A5,
CGAATTGTCCCTTCCC-1,4,Endo CLDN5 SLC7A5,0.9787162568771403,Endo CLDN5 SLC7A5,
CGAATTGTCCGCACGA-1,7,L3-5 RORB MKX GRIN3A,0.5121846529990255,L3-5 RORB MKX GRIN3A,
CGAATTGTCGCTGCGA-1,7,L3-5 RORB MKX GRIN3A,0.9602354113357948,L3-5 RORB MKX GRIN3A,
CGACAGCAGAAGGTAG-1,5,L2-4 CUX2 RORB CLMN,0.528051044037202,L2-3 CUX2 ACVR1C THSD7A,
CGACAGCCACTAGTAC-1,32,Oligo MOG OPALIN,0.7556023821012353,Endo CLDN5 SLC7A5,
CGACAGCGTGCTAGCC-1,9,Endo CLDN5 SLC7A5,0.373213891642998,Endo CLDN5 SLC7A5,
CGACAGCGTTCTTGCC-1,8,Oligo MOG OPALIN,0.782773641914596,Endo CLDN5 SLC7A5,
CGACAGCTCGAAACAA-1,5,L2-3 CUX2 NTNG1 PALMD,0.346559781034838,L2-3 CUX2 ACVR1C THSD7A,
CGAGAAGAGAACCCGA-1,0,Oligo MOG OPALIN,0.9999286805321673,Oligo MOG OPALIN,
CGAGAAGAGTGATAGT-1,0,Oligo MOG OPALIN,0.999997507586224,Oligo MOG OPALIN,
CGAGAAGTCACTACGA-1,13,Endo CLDN5 SLC7A5,0.9728609615140924,OPC PDGFRA PCDH15,
CGAGGAAAGGGTAGCT-1,35,Endo CLDN5 SLC7A5,0.9373981314165543,Endo CLDN5 SLC7A5,
CGAGGAACACTCAAGT-1,3,Micro P2RY12 APBB1IP,0.9853272256237258,Micro P2RY12 APBB1IP,
CGAGGAACATCTGGGC-1,4,Endo CLDN5 SLC7A5,0.7027203759910671,Endo CLDN5 SLC7A5,
CGAGGAATCAAGCCCG-1,26,InN PVALB ANOS1,0.9033271681600162,InN PVALB HPSE,
CGAGGAATCAAGCCTA-1,1,Endo CLDN5 SLC7A5,0.9855121361665775,Endo CLDN5 SLC7A5,
CGAGGAATCCATTGTT-1,2,Astro AQP4 SLC1A2,0.917688404675941,Astro AQP4 SLC1A2,
CGAGGCTAGTGGAATT-1,8,Endo CLDN5 SLC7A5,0.9916325372784601,Endo CLDN5 SLC7A5,
CGAGGCTAGTGTAGAT-1,24,Endo CLDN5 SLC7A5,0.9348407624290047,Endo CLDN5 SLC7A5,
CGAGGCTCACTAGAGG-1,24,Endo CLDN5 SLC7A5,0.3420343517918417,Endo CLDN5 SLC7A5,
CGAGGCTCAGCGTGAA-1,11,InN SST NPY,0.9992909531453996,InN SST FREM1,
CGAGGCTTCGGCTTGG-1,2,Astro GFAP FABP7,0.8252820656237511,Astro AQP4 SLC1A2,
CGAGTGCAGCCACTCG-1,36,L3-5 RORB TNNT2 TSHZ2,0.8051042649552167,L3-5 RORB GABRG1 KCNH7,
CGAGTGCAGCGCTGCT-1,9,Endo CLDN5 SLC7A5,0.7601478726983262,Endo CLDN5 SLC7A5,
CGAGTGCAGCTGACCC-1,0,Oligo MOG OPALIN,0.999932837028958,Oligo MOG OPALIN,
CGAGTGCCATGGCTAT-1,1,Endo CLDN5 SLC7A5,0.9884603842738411,Endo CLDN5 SLC7A5,
CGAGTGCGTTACAGCT-1,1,Endo CLDN5 SLC7A5,0.9885972387616998,Endo CLDN5 SLC7A5,
CGAGTTAAGATAACGT-1,1,Endo CLDN5 SLC7A5,0.4450411058059259,Endo CLDN5 SLC7A5,
CGAGTTACACAGTGAG-1,33,Endo CLDN5 SLC7A5,0.5584794595849734,Endo CLDN5 SLC7A5,
CGAGTTACACGTCTCT-1,15,Endo CLDN5 SLC7A5,0.4562242185849825,Endo CLDN5 SLC7A5,
CGAGTTAGTCATTCCC-1,15,Endo CLDN5 SLC7A5,0.45686595144050823,Endo CLDN5 SLC7A5,
CGAGTTAGTGTGAATA-1,33,Oligo MOG OPALIN,0.8298336758413491,Endo CLDN5 SLC7A5,
CGAGTTAGTTCGGTAT-1,11,Oligo MOG OPALIN,0.357103157614417,InN SST FREM1,
CGAGTTATCTAGCAAC-1,43,Endo CLDN5 SLC7A5,0.5994774722537205,Endo CLDN5 SLC7A5,
CGATCGGAGAAACTGT-1,39,InN LAMP5 BMP7,0.8739192677248039,InN LAMP5 BMP7,
CGATCGGGTACGGGAT-1,1,Oligo MOG OPALIN,0.9885290854933847,Endo CLDN5 SLC7A5,
CGATGCGAGAAAGTCT-1,9,Oligo MOG OPALIN,0.7176940998369334,Endo CLDN5 SLC7A5,
CGATGCGCACCAGGTC-1,3,Micro P2RY12 APBB1IP,0.9734419905830886,Micro P2RY12 APBB1IP,
CGATGCGCAGATAAAC-1,32,Endo CLDN5 SLC7A5,0.6053015452729353,Endo CLDN5 SLC7A5,
CGATGCGGTTGTGTAC-1,0,Oligo MOG OPALIN,0.9999738206386763,Oligo MOG OPALIN,
CGATGCGGTTTAGTCG-1,6,Oligo MOG OPALIN,0.9998244532892212,Oligo MOG OPALIN,
CGATGCGTCGAGAAGC-1,5,L2-3 CUX2 ACVR1C THSD7A,0.9961637794820173,L2-3 CUX2 ACVR1C THSD7A,
CGATGCGTCGCCTTTG-1,20,Endo CLDN5 SLC7A5,0.7671104175654707,Endo CLDN5 SLC7A5,
CGATGCGTCTACCAGA-1,8,L2-3 CUX2 NTNG1 PALMD,0.9751293488942228,Endo CLDN5 SLC7A5,
CGATGCGTCTTTGCGC-1,7,Endo CLDN5 SLC7A5,0.9383346853439659,L3-5 RORB MKX GRIN3A,
CGATGGCCACGACTAT-1,32,Endo CLDN5 SLC7A5,0.45130105150670224,Endo CLDN5 SLC7A5,
CGCAGGTAGCGATTCT-1,16,Endo CLDN5 SLC7A5,0.911843263425615,Endo CLDN5 SLC7A5,
CGCAGGTAGTGTTCAC-1,12,Endo CLDN5 SLC7A5,0.9885286100723719,Endo CLDN5 SLC7A5,
CGCAGGTAGTTTCGGT-1,23,Endo CLDN5 SLC7A5,0.8606637073609922,Endo CLDN5 SLC7A5,
CGCAGGTCAAGAGGTC-1,1,Endo CLDN5 SLC7A5,0.5307532523249433,Endo CLDN5 SLC7A5,
CGCAGGTGTCTGTCCT-1,7,L3-5 RORB MKX DCC,0.928288326723186,L3-5 RORB MKX GRIN3A,
CGCAGGTGTTGTGGCC-1,13,OPC PDGFRA PCDH15,0.9999987087455069,OPC PDGFRA PCDH15,
CGCATAACATGGGAAC-1,4,Endo CLDN5 SLC7A5,0.9116384048649253,Endo CLDN5 SLC7A5,
CGCATAATCATTCGGA-1,0,Oligo MOG OPALIN,0.9984363740964884,Oligo MOG OPALIN,
CGCATAATCGAGAGAC-1,0,Oligo MOG OPALIN,0.744809322367846,Oligo MOG OPALIN,
CGCATGGCACCGTCTT-1,28,Oligo MOG OPALIN,0.7212780979670792,Endo CLDN5 SLC7A5,
CGCATGGCAGGAGACT-1,13,OPC PDGFRA PCDH15,0.9999999998899647,OPC PDGFRA PCDH15,
CGCATGGGTCTAGGCC-1,23,Oligo MOG OPALIN,0.4939374855769138,Endo CLDN5 SLC7A5,
CGCATGGGTTAGTCGT-1,19,Endo CLDN5 SLC7A5,0.7955817322035433,Endo CLDN5 SLC7A5,
CGCATGGTCTTCTGGC-1,7,L3-5 RORB MKX DCC,0.35525867409887507,L3-5 RORB MKX GRIN3A,
CGCCAGACAAAGCTCT-1,3,Micro P2RY12 APBB1IP,0.9250583209068319,Micro P2RY12 APBB1IP,
CGCCAGACACGAGGTA-1,32,Endo CLDN5 SLC7A5,0.9430791717055667,Endo CLDN5 SLC7A5,
CGCCAGACAGCACAGA-1,15,Endo CLDN5 SLC7A5,0.5202409147108475,Endo CLDN5 SLC7A5,
CGCCAGAGTTCGATTG-1,18,Endo CLDN5 SLC7A5,0.8961186403193974,Endo CLDN5 SLC7A5,
CGCCATTCATACGCAT-1,19,Endo CLDN5 SLC7A5,0.987950774903292,Endo CLDN5 SLC7A5,
CGGAACCAGGAACGCT-1,34,L6 FEZF2 NPFFR2 KCNK2,0.6006649486343554,L6 FEZF2 NPFFR2 KCNK2,
CGGAACCCAGTTAGAA-1,19,Oligo MOG OPALIN,0.9318790165320342,Endo CLDN5 SLC7A5,
CGGAACCGTACCTGTA-1,8,Oligo MOG OPALIN,0.4143258581285635,Endo CLDN5 SLC7A5,
CGGAACCTCAAGCTGT-1,19,Oligo MOG OPALIN,0.9442993805793471,Endo CLDN5 SLC7A5,
CGGAATTAGGCAGGGA-1,44,Endo CLDN5 DKK2,0.9999644472848886,Endo CLDN5 SLC7A5,
CGGAATTAGGGTTGCA-1,14,Endo CLDN5 SLC7A5,0.7957743809464972,Endo CLDN5 SLC7A5,
CGGAATTAGTTGGACG-1,7,L3-5 RORB MKX GRIN3A,0.9602583663066703,L3-5 RORB MKX GRIN3A,
CGGAATTCACCCTTAC-1,23,Oligo MOG OPALIN,0.9794865018019278,Endo CLDN5 SLC7A5,
CGGAATTCACGCTTAA-1,5,L2-3 CUX2 NTNG1 PALMD,0.9847951013371133,L2-3 CUX2 ACVR1C THSD7A,
CGGAATTGTACAAAGT-1,0,Endo CLDN5 SLC7A5,0.4894461298152051,Oligo MOG OPALIN,
CGGACACCAGTATACC-1,0,Oligo MOG OPALIN,0.9521571782293106,Oligo MOG OPALIN,
CGGACACCAGTGTATC-1,41,Oligo MOG OPALIN,0.9933811048029183,Oligo MOG OPALIN,
CGGACACTCATAGACC-1,8,Oligo MOG OPALIN,0.3726977984802621,Endo CLDN5 SLC7A5,
CGGACACTCGCACTCT-1,20,Endo CLDN5 SLC7A5,0.907044329662613,Endo CLDN5 SLC7A5,
CGGACACTCGGTCGAC-1,37,SMC ACTA2 CNN1,0.9984712090528379,Endo CLDN5 SLC7A5,
CGGAGAAAGCATGAAT-1,28,Endo CLDN5 SLC7A5,0.5782670421206707,Endo CLDN5 SLC7A5,
CGGAGAACAATGAACA-1,19,Endo CLDN5 SLC7A5,0.8778124315882976,Endo CLDN5 SLC7A5,
CGGAGAACAGCATCTA-1,23,Endo CLDN5 SLC7A5,0.8204686520144467,Endo CLDN5 SLC7A5,
CGGAGAAGTATGGTTC-1,14,Endo CLDN5 SLC7A5,0.3275628885509054,Endo CLDN5 SLC7A5,
CGGAGAATCATCGCAA-1,9,Endo CLDN5 SLC7A5,0.8822812728794045,Endo CLDN5 SLC7A5,
CGGCAGTAGATTGCGG-1,8,Endo CLDN5 SLC7A5,0.9809254508762553,Endo CLDN5 SLC7A5,
CGGCAGTCAGGTTCCG-1,31,InN VIP EXPH5,0.3861822729612568,InN VIP HS3ST3B1,
CGGGACTAGAACAGGA-1,37,Endo CLDN5 SLC7A5,0.7651886205228821,Endo CLDN5 SLC7A5,
CGGGACTAGAGAGTGA-1,37,L2-3 CUX2 NTNG1 PALMD,0.4909148566922056,Endo CLDN5 SLC7A5,
CGGGACTAGCGATGGT-1,0,Oligo MOG OPALIN,0.9999126971746007,Oligo MOG OPALIN,
CGGGACTAGGGCTGAT-1,18,L2-3 CUX2 NTNG1 PALMD,0.5178789349932739,Endo CLDN5 SLC7A5,
CGGGACTGTCGATTTG-1,1,Endo CLDN5 SLC7A5,0.9763951097978588,Endo CLDN5 SLC7A5,
CGGGACTGTTACTCAG-1,18,Oligo MOG OPALIN,0.30625285354918685,Endo CLDN5 SLC7A5,
CGGGCATAGAACAAGG-1,1,Endo CLDN5 SLC7A5,0.9699759276578568,Endo CLDN5 SLC7A5,
CGGGCATAGCATCGAG-1,8,Oligo MOG OPALIN,0.687732896856236,Endo CLDN5 SLC7A5,
CGGGCATCACCATTCC-1,8,Endo CLDN5 SLC7A5,0.9639419857027723,Endo CLDN5 SLC7A5,
CGGGCATGTTCCTTGC-1,7,Endo CLDN5 SLC7A5,0.441497387629905,L3-5 RORB MKX GRIN3A,
CGGGCATTCACTGTCC-1,23,Endo CLDN5 SLC7A5,0.8792571456029797,Endo CLDN5 SLC7A5,
CGGGCATTCATCACAG-1,24,Endo CLDN5 SLC7A5,0.802815232152645,Endo CLDN5 SLC7A5,
CGGGCATTCCGCTAGG-1,20,Endo CLDN5 SLC7A5,0.8336579809342882,Endo CLDN5 SLC7A5,
CGGGTCAAGATTAGCA-1,17,Endo CLDN5 SLC7A5,0.547370062838554,Endo CLDN5 SLC7A5,
CGGGTGTCAGTCGCTG-1,4,Oligo MOG OPALIN,0.8493046236480362,Endo CLDN5 SLC7A5,
CGGGTGTGTGTACATC-1,7,L3-5 RORB MKX GALR1,0.3290673229943127,L3-5 RORB MKX GRIN3A,
CGGTCAGAGCATGGGT-1,19,Endo CLDN5 SLC7A5,0.9113873904775125,Endo CLDN5 SLC7A5,
CGGTCAGAGGTGAGCT-1,25,Endo CLDN5 SLC7A5,0.8699801882721666,Endo CLDN5 SLC7A5,
CGGTCAGGTAGGTGCA-1,11,InN SST FREM1,0.9561988071192667,InN SST FREM1,
CGGTCAGGTTATGTGC-1,34,L6 FEZF2 NPFFR2 KCNK2,0.6899325904351105,L6 FEZF2 NPFFR2 KCNK2,
CGGTCAGTCAGACTGT-1,25,Endo CLDN5 SLC7A5,0.899034216593999,Endo CLDN5 SLC7A5,
CGGTCAGTCCGTCACT-1,13,Endo CLDN5 SLC7A5,0.9998127833211283,OPC PDGFRA PCDH15,
CGGTCAGTCTACCTTA-1,22,Endo CLDN5 SLC7A5,0.9526857999034731,Endo CLDN5 SLC7A5,
CGTAAGTCAGCACAGA-1,12,Oligo MOG OPALIN,0.8501403358389553,Endo CLDN5 SLC7A5,
CGTAAGTTCACACCGG-1,21,L6 OPRK1 THEMIS RGS6,0.868815114353063,L6 OPRK1 THEMIS RGS6,
CGTAAGTTCTACCTTA-1,11,InN SST KLHL14,0.4953340503120637,InN SST FREM1,
CGTAAGTTCTGGTGGC-1,36,L3-5 RORB GABRG1 KCNH7,0.683869930748742,L3-5 RORB GABRG1 KCNH7,
CGTAATGCACTTGTCC-1,0,OPC PDGFRA PCDH15,0.9998395375067284,Oligo MOG OPALIN,
CGTAATGCAGTTGCGC-1,3,Micro P2RY12 APBB1IP,0.8548739915095,Micro P2RY12 APBB1IP,
CGTAATGCATGTTTGG-1,26,InN PVALB PIEZO2,0.3388520626524546,InN PVALB HPSE,
CGTAATGGTTTCGGCG-1,3,Micro P2RY12 APBB1IP,0.9841198473393267,Micro P2RY12 APBB1IP,
CGTAGTAGTGGATTTC-1,37,Endo CLDN5 SLC7A5,0.5030267168804876,Endo CLDN5 SLC7A5,
CGTAGTATCTCTCAAT-1,0,Oligo MOG OPALIN,0.9999989590631291,Oligo MOG OPALIN,
CGTCAAAGTATGTCAC-1,11,InN SST HTR2C,0.4998475008351427,InN SST FREM1,
CGTCAAATCCACGGGT-1,20,Endo CLDN5 SLC7A5,0.9534103970362345,Endo CLDN5 SLC7A5,
CGTCCATAGCACCAGA-1,3,Micro P2RY12 APBB1IP,0.6161146204887817,Micro P2RY12 APBB1IP,
CGTCCATCATCTGTTT-1,0,Oligo MOG OPALIN,0.999992706225776,Oligo MOG OPALIN,
CGTCCATGTGTTAGCT-1,10,Endo CLDN5 SLC7A5,0.9884418712096986,Endo CLDN5 SLC7A5,
CGTCCATTCTTCGACC-1,4,Endo CLDN5 SLC7A5,0.9167805918818395,Endo CLDN5 SLC7A5,
CGTGAATAGACTACCT-1,5,L2-3 CUX2 ACVR1C THSD7A,0.5890201720703595,L2-3 CUX2 ACVR1C THSD7A,
CGTGAATAGTCGAGGT-1,3,Micro P2RY12 APBB1IP,0.3443380620152445,Micro P2RY12 APBB1IP,
CGTGAATCACTTGAAC-1,8,Endo CLDN5 SLC7A5,0.9897793999422956,Endo CLDN5 SLC7A5,
CGTGAATCAGCTTCCT-1,1,Endo CLDN5 SLC7A5,0.991807375407801,Endo CLDN5 SLC7A5,
CGTGAATGTATATGGA-1,13,OPC PDGFRA PCDH15,0.9999999996462481,OPC PDGFRA PCDH15,
CGTGAATGTCACTAGT-1,3,Micro P2RY12 APBB1IP,0.9428267849951588,Micro P2RY12 APBB1IP,
CGTGAATGTGTAGCAG-1,38,Endo CLDN5 SLC7A5,0.9954861485071131,Endo CLDN5 SLC7A5,
CGTGAATGTTCTTAGG-1,1,Oligo MOG OPALIN,0.5347051967084574,Endo CLDN5 SLC7A5,
CGTGATACACAGCTGC-1,1,Endo CLDN5 SLC7A5,0.9440302894904334,Endo CLDN5 SLC7A5,
CGTGATAGTCCTCAGG-1,13,OPC PDGFRA PCDH15,0.999976427217745,OPC PDGFRA PCDH15,
CGTGCTTAGCGGACAT-1,30,Endo CLDN5 SLC7A5,0.9905461745726007,Endo CLDN5 SLC7A5,
CGTGCTTAGCTAGAGC-1,26,InN PVALB PIEZO2,0.8510565275679147,InN PVALB HPSE,
CGTGCTTTCCATTGTT-1,3,Micro P2RY12 APBB1IP,0.6435929451450283,Micro P2RY12 APBB1IP,
CGTGTCTCATTACGGT-1,7,L3-5 RORB MKX GALR1,0.9024558402973415,L3-5 RORB MKX GRIN3A,
CGTGTCTGTAGATGTA-1,3,Micro P2RY12 APBB1IP,0.9736846956061391,Micro P2RY12 APBB1IP,
CGTGTCTGTTGTCAGT-1,30,Oligo MOG OPALIN,0.9876968800559273,Endo CLDN5 SLC7A5,
CGTGTCTTCGTGTGAT-1,39,InN ADARB2 SFRP2,0.9438853637789462,InN LAMP5 BMP7,
CGTTAGACAATCGCGC-1,3,Micro P2RY12 APBB1IP,0.785600805175023,Micro P2RY12 APBB1IP,
CGTTAGAGTTGTCCCT-1,37,Oligo MOG OPALIN,0.37701412089186953,Endo CLDN5 SLC7A5,
CGTTAGAGTTTGGGTT-1,3,Endo CLDN5 SLC7A5,0.9792872471341421,Micro P2RY12 APBB1IP,
CGTTAGATCGAGAGCA-1,7,L3-5 RORB MKX DCC,0.8951491290478436,L3-5 RORB MKX GRIN3A,
CGTTAGATCTCACTCG-1,19,Oligo MOG OPALIN,0.9924154828599612,Endo CLDN5 SLC7A5,
CGTTCTGAGACCGCCT-1,25,Oligo MOG OPALIN,0.9573979750231985,Endo CLDN5 SLC7A5,
CGTTCTGGTCCTGTTC-1,18,Oligo MOG OPALIN,0.9657411181526345,Endo CLDN5 SLC7A5,
CGTTGGGGTGATCATC-1,3,Micro P2RY12 APBB1IP,0.5654924107028994,Micro P2RY12 APBB1IP,
CGTTGGGGTTGATCGT-1,4,Endo CLDN5 SLC7A5,0.8625287558390643,Endo CLDN5 SLC7A5,
CGTTGGGTCAGGTGTT-1,6,Oligo MOG OPALIN,0.9966556632888693,Oligo MOG OPALIN,
CGTTGGGTCTATGCCC-1,46,L3-5 RORB PCBP3 LINGO2,0.905969868217058,L3-5 RORB PCBP3 IL1RAPL2,
CTAACCCAGAAACACT-1,29,VLMC COL1A2 VLMCA8,0.9992960727458383,PC P2RY14 GRM8,
CTAACCCAGAACGTGC-1,13,L2-3 CUX2 NTNG1 PALMD,0.4051241517275818,OPC PDGFRA PCDH15,
CTAACCCAGCGCATCC-1,14,Endo CLDN5 SLC7A5,0.9997365128606959,Endo CLDN5 SLC7A5,
CTAACCCGTGGCAGAT-1,27,Endo CLDN5 SLC7A5,0.9005217572283007,Endo CLDN5 SLC7A5,
CTAACCCTCACCGGTG-1,11,InN SST HS3ST5,0.6810516132246888,InN SST FREM1,
CTAACCCTCTCTAAGG-1,6,Oligo MOG OPALIN,0.9774391835355508,Oligo MOG OPALIN,
CTAAGTGCACTTGGGC-1,19,Micro P2RY12 APBB1IP,0.7777244995396152,Endo CLDN5 SLC7A5,
CTAAGTGGTACAGAGC-1,7,L3-5 RORB MKX GRIN3A,0.8404073589398777,L3-5 RORB MKX GRIN3A,
CTAAGTGTCAACCGAT-1,11,InN SST HGF GABRQ,0.9736713596690818,InN SST FREM1,
CTAAGTGTCAGCAATC-1,10,Endo CLDN5 SLC7A5,0.9982692066098023,Endo CLDN5 SLC7A5,
CTAAGTGTCATCGACA-1,24,Endo CLDN5 SLC7A5,0.42195080353085107,Endo CLDN5 SLC7A5,
CTAAGTGTCATTCGGA-1,5,L2-3 CUX2 PLCXD3,0.8402438767931792,L2-3 CUX2 ACVR1C THSD7A,
CTAAGTGTCCTTGACC-1,6,OPC PDGFRA PCDH15,0.8498449716150583,Oligo MOG OPALIN,
CTAAGTGTCGTGGAAG-1,0,Oligo MOG OPALIN,0.9996455271130797,Oligo MOG OPALIN,
CTACAGACACACTTAG-1,23,Endo CLDN5 SLC7A5,0.932077159000901,Endo CLDN5 SLC7A5,
CTACAGACACCAAAGG-1,1,Endo CLDN5 SLC7A5,0.9960600033437793,Endo CLDN5 SLC7A5,
CTACAGACAGGACATG-1,3,Micro P2RY12 APBB1IP,0.9939808642184338,Micro P2RY12 APBB1IP,
CTACAGAGTGTAAATG-1,2,Astro AQP4 SLC1A2,0.998200044660454,Astro AQP4 SLC1A2,
CTACATTAGGCGTCCT-1,12,Endo CLDN5 SLC7A5,0.6208190886421382,Endo CLDN5 SLC7A5,
CTACATTAGTAAACTG-1,8,Endo CLDN5 SLC7A5,0.7879868451911133,Endo CLDN5 SLC7A5,
CTACATTGTGACAACG-1,7,L3-5 RORB MKX DCC,0.3529100432773089,L3-5 RORB MKX GRIN3A,
CTACCCATCAGTGTCA-1,18,Endo CLDN5 SLC7A5,0.4089904771567109,Endo CLDN5 SLC7A5,
CTACCTGCAGTATTCG-1,41,Oligo MOG OPALIN,0.9250400440935026,Oligo MOG OPALIN,
CTACCTGCAGTCGCTG-1,27,Endo CLDN5 SLC7A5,0.9779840910305574,Endo CLDN5 SLC7A5,
CTACCTGGTAATGCTC-1,4,Endo CLDN5 SLC7A5,0.9976951673873079,Endo CLDN5 SLC7A5,
CTACCTGGTATCCTCC-1,0,Oligo MOG OPALIN,0.9999846541969771,Oligo MOG OPALIN,
CTACCTGGTGCAATGG-1,34,L6 FEZF2 NPFFR2 KCNK2,0.6292399384184701,L6 FEZF2 NPFFR2 KCNK2,
CTACCTGTCACCTTAT-1,22,Endo CLDN5 SLC7A5,0.6946133883255073,Endo CLDN5 SLC7A5,
CTACCTGTCACTGTTT-1,3,Micro P2RY12 APBB1IP,0.9986800866818872,Micro P2RY12 APBB1IP,
CTACGGGAGCTAAATG-1,1,Endo CLDN5 SLC7A5,0.999562186377017,Endo CLDN5 SLC7A5,
CTACGGGTCTCGAACA-1,22,Endo CLDN5 SLC7A5,0.8782188960041526,Endo CLDN5 SLC7A5,
CTACTATAGCCATTGT-1,9,Endo CLDN5 SLC7A5,0.9828389196626596,Endo CLDN5 SLC7A5,
CTACTATAGCCTGGAA-1,9,L2-4 CUX2 RORB CLMN,0.4710756834438574,Endo CLDN5 SLC7A5,
CTACTATCAATAGTCC-1,16,Endo CLDN5 SLC7A5,0.9336714004111132,Endo CLDN5 SLC7A5,
CTACTATTCCACGGGT-1,17,Endo CLDN5 SLC7A5,0.833277573970965,Endo CLDN5 SLC7A5,
CTAGACAAGCCTCTTC-1,25,Endo CLDN5 SLC7A5,0.403105482690637,Endo CLDN5 SLC7A5,
CTAGACAAGCGTTACT-1,23,Oligo MOG OPALIN,0.8758527026987085,Endo CLDN5 SLC7A5,
CTAGACATCACGATAC-1,38,Endo CLDN5 SLC7A5,0.8790970918967786,Endo CLDN5 SLC7A5,
CTAGACATCCAGCTCT-1,30,Endo CLDN5 SLC7A5,0.4977841244752697,Endo CLDN5 SLC7A5,
CTAGGTAAGCCAGACA-1,6,Oligo MOG OPALIN,0.9992727987141475,Oligo MOG OPALIN,
CTAGGTAAGCGAATGC-1,8,Endo CLDN5 SLC7A5,0.7901469493743227,Endo CLDN5 SLC7A5,
CTAGGTAGTATTGGCT-1,30,Endo CLDN5 SLC7A5,0.9481884758751705,Endo CLDN5 SLC7A5,
CTAGGTATCAATCCGA-1,20,L2-3 CUX2 NTNG1 COL5A2,0.3217801618150978,Endo CLDN5 SLC7A5,
CTAGGTATCTCTCGAC-1,27,Oligo MOG OPALIN,0.6196117014097969,Endo CLDN5 SLC7A5,
CTATAGGAGCTGAGTG-1,7,L3-5 RORB MKX DCC,0.9894426703018309,L3-5 RORB MKX GRIN3A,
CTATAGGCACTGAGTT-1,29,VLMC COL1A2 SLC13A3,0.9999948498203587,PC P2RY14 GRM8,
CTATAGGCAGAAATTG-1,16,Endo CLDN5 SLC7A5,0.5689157845342152,Endo CLDN5 SLC7A5,
CTATAGGGTCTTCTAT-1,18,Endo CLDN5 SLC7A5,0.7672027144163952,Endo CLDN5 SLC7A5,
CTATAGGTCGCTGACG-1,19,Endo CLDN5 SLC7A5,0.8173821529053977,Endo CLDN5 SLC7A5,
CTATAGGTCTTGGCTC-1,12,L3-5 RORB MKX DCC,0.9940022660596288,Endo CLDN5 SLC7A5,
CTATCCGAGTCGAAAT-1,2,Astro AQP4 SLC1A2,0.9960804938036467,Astro AQP4 SLC1A2,
CTATCCGCAAGTTCGT-1,17,Endo CLDN5 SLC7A5,0.9021911631460869,Endo CLDN5 SLC7A5,
CTATCCGCACAGCCTG-1,21,L6 OPRK1 THEMIS RGS6,0.9841103976558914,L6 OPRK1 THEMIS RGS6,
CTATCTAAGGTCCAGA-1,1,Endo CLDN5 SLC7A5,0.505597542623158,Endo CLDN5 SLC7A5,
CTATCTAAGTATAACG-1,2,Astro GFAP AQP1,0.8377540264061526,Astro AQP4 SLC1A2,
CTATCTACACTGAGGA-1,7,L3-5 RORB MKX GRIN3A,0.9917636107232594,L3-5 RORB MKX GRIN3A,
CTATCTACAGCTAACT-1,11,InN SST STK32A,0.9830978776043494,InN SST FREM1,
CTATCTACATCTCATT-1,13,OPC PDGFRA PCDH15,0.9999999999991878,OPC PDGFRA PCDH15,
CTATCTAGTAGCTGTT-1,11,InN SST NPY,0.5479363085809636,InN SST FREM1,
CTATCTAGTATCATGC-1,9,Endo CLDN5 SLC7A5,0.9960170588115427,Endo CLDN5 SLC7A5,
CTATCTAGTTCGGACC-1,15,Oligo MOG OPALIN,0.6312022686067718,Endo CLDN5 SLC7A5,
CTCAACCAGGAGGCAG-1,39,InN LAMP5 BMP7,0.9997629207021834,InN LAMP5 BMP7,
CTCAACCGTTGGGTTT-1,12,Endo CLDN5 SLC7A5,0.8028327568252549,Endo CLDN5 SLC7A5,
CTCAACCTCGCCTTTG-1,21,L6 OPRK1 THEMIS RGS6,0.8230195517913131,L6 OPRK1 THEMIS RGS6,
CTCAAGAAGTTCATGC-1,8,Endo CLDN5 SLC7A5,0.9955552621850006,Endo CLDN5 SLC7A5,
CTCAAGACATGTAACC-1,33,Endo CLDN5 SLC7A5,0.9745042011664339,Endo CLDN5 SLC7A5,
CTCAAGAGTAGAATAC-1,6,Oligo MOG OPALIN,0.9955449061666978,Oligo MOG OPALIN,
CTCAAGAGTATACCCA-1,0,Oligo MOG OPALIN,0.5256840768254345,Oligo MOG OPALIN,
CTCAAGAGTTCGAACT-1,40,Endo CLDN5 SLC7A5,0.3432525403531885,Endo CLDN5 SLC7A5,
CTCAATTCAGGTGACA-1,18,L3-5 RORB MKX GRIN3A,0.3567287800536904,Endo CLDN5 SLC7A5,
CTCAATTCATCTATCT-1,17,Oligo MOG OPALIN,0.45503081402626616,Endo CLDN5 SLC7A5,
CTCAATTGTCAGGCAA-1,15,Endo CLDN5 SLC7A5,0.334698243935796,Endo CLDN5 SLC7A5,
CTCAATTGTCTCCTGT-1,26,InN PVALB HPSE,0.9996045266809351,InN PVALB HPSE,
CTCAATTGTGAGCTCC-1,18,Endo CLDN5 SLC7A5,0.9295670874180505,Endo CLDN5 SLC7A5,
CTCAATTGTGTTCATG-1,30,Endo CLDN5 SLC7A5,0.9756273879423607,Endo CLDN5 SLC7A5,
CTCAATTTCGTGGACC-1,5,L6 OPRK1 THEMIS RGS6,0.9490645189522662,L2-3 CUX2 ACVR1C THSD7A,
CTCAATTTCTCGCGTT-1,35,Oligo MOG OPALIN,0.4470313899139608,Endo CLDN5 SLC7A5,
CTCACTGAGCTACAAA-1,34,L6 FEZF2 SYT6 SULF1,0.7437298991513819,L6 FEZF2 NPFFR2 KCNK2,
CTCACTGCACTACCCT-1,0,Oligo MOG OPALIN,0.9999995578136246,Oligo MOG OPALIN,
CTCACTGGTATTGAGA-1,24,Oligo MOG OPALIN,0.3918384682303114,Endo CLDN5 SLC7A5,
CTCACTGGTATTTCCT-1,8,Endo CLDN5 SLC7A5,0.6103679910121618,Endo CLDN5 SLC7A5,
CTCACTGGTCGAATTC-1,0,Oligo MOG OPALIN,0.9999997336985821,Oligo MOG OPALIN,
CTCACTGGTGGCTTGC-1,13,OPC PDGFRA PCDH15,0.9999773337432285,OPC PDGFRA PCDH15,
CTCACTGGTTAAAGTG-1,48,Oligo MOG OPALIN,0.5963789386016054,Endo CLDN5 SLC7A5,
CTCAGAAAGCATCTTG-1,4,Oligo MOG OPALIN,0.7597671623373549,Endo CLDN5 SLC7A5,
CTCAGAAAGGGAGGCA-1,20,Endo CLDN5 SLC7A5,0.9198403227777275,Endo CLDN5 SLC7A5,
CTCAGAAAGGTACTGG-1,3,Astro AQP4 SLC1A2,0.7509234821563878,Micro P2RY12 APBB1IP,
CTCAGAACAGGAATAT-1,7,L3-5 RORB MKX DCC,0.8085260517005975,L3-5 RORB MKX GRIN3A,
CTCAGAACATGCTGCG-1,14,Endo CLDN5 SLC7A5,0.5276908548542477,Endo CLDN5 SLC7A5,
CTCAGAAGTAGTTAGA-1,10,Endo CLDN5 SLC7A5,0.8873008290262235,Endo CLDN5 SLC7A5,
CTCAGAAGTTCGGCTG-1,5,L2-3 CUX2 NTNG1 PALMD,0.7981286329367988,L2-3 CUX2 ACVR1C THSD7A,
CTCAGAATCTGCCTGT-1,15,Endo CLDN5 SLC7A5,0.9985438708027701,Endo CLDN5 SLC7A5,
CTCAGGGCAATAGTGA-1,18,Endo CLDN5 SLC7A5,0.5301270346316435,Endo CLDN5 SLC7A5,
CTCAGGGCAGAGGTAC-1,10,Endo CLDN5 SLC7A5,0.777023600426711,Endo CLDN5 SLC7A5,
CTCAGGGGTAGGTACG-1,29,PC P2RY14 GRM8,0.9999940009001553,PC P2RY14 GRM8,
CTCAGGGGTTGATGTC-1,45,Endo CLDN5 SLC7A5,0.9304052680466095,Endo CLDN5 SLC7A5,
CTCAGTCAGAAGTCTA-1,7,L3-5 RORB MKX GRIN3A,0.8984717676566237,L3-5 RORB MKX GRIN3A,
CTCAGTCAGATCACCT-1,6,Oligo MOG OPALIN,0.9999984171060383,Oligo MOG OPALIN,
CTCAGTCAGCTTAGTC-1,4,Endo CLDN5 SLC7A5,0.9963999987269305,Endo CLDN5 SLC7A5,
CTCAGTCAGGCGAAGG-1,2,Astro AQP4 SLC1A2,0.5807496599778164,Astro AQP4 SLC1A2,
CTCAGTCCAAAGGCGT-1,11,InN SST HS3ST5,0.9587882666689201,InN SST FREM1,
CTCAGTCTCGTCGACG-1,4,Endo CLDN5 SLC7A5,0.9613424925129809,Endo CLDN5 SLC7A5,
CTCAGTCTCGTCGCTT-1,14,Endo CLDN5 SLC7A5,0.9988575403993059,Endo CLDN5 SLC7A5,
CTCATCGAGATCGCCC-1,18,Endo CLDN5 SLC7A5,0.9401839357121773,Endo CLDN5 SLC7A5,
CTCATCGCAACCCTCT-1,30,Endo CLDN5 SLC7A5,0.38194362623507566,Endo CLDN5 SLC7A5,
CTCATCGGTGTGCCTG-1,2,Oligo MOG OPALIN,0.47984149416985017,Astro AQP4 SLC1A2,
CTCATCGTCACAAGAA-1,33,Endo CLDN5 SLC7A5,0.9923266791105052,Endo CLDN5 SLC7A5,
CTCATCGTCCTCACCA-1,3,Micro P2RY12 APBB1IP,0.9996354850697071,Micro P2RY12 APBB1IP,
CTCATGCAGGCGTCCT-1,13,Oligo MOG OPALIN,0.9255714206198992,OPC PDGFRA PCDH15,
CTCATGCTCTGTTGGA-1,37,L2-3 CUX2 NTNG1 PALMD,0.6667007747031565,Endo CLDN5 SLC7A5,
CTCATTAAGCCGCACT-1,21,InN PVALB PRKCH,0.6728159470180126,L6 OPRK1 THEMIS RGS6,
CTCATTACAATTCTCT-1,0,Oligo MOG OPALIN,0.9993291631874816,Oligo MOG OPALIN,
CTCATTACATGCGTGC-1,5,L2-3 CUX2 ACVR1C THSD7A,0.9637872059731016,L2-3 CUX2 ACVR1C THSD7A,
CTCATTATCCTCATAT-1,16,Endo CLDN5 SLC7A5,0.5607762095670312,Endo CLDN5 SLC7A5,
CTCATTATCGTTCATT-1,17,Endo CLDN5 SLC7A5,0.7239392594099656,Endo CLDN5 SLC7A5,
CTCCAACAGCAGCCCT-1,0,Oligo MOG OPALIN,0.9968457823118942,Oligo MOG OPALIN,
CTCCAACAGTACTGGG-1,17,Endo CLDN5 SLC7A5,0.8774859703224096,Endo CLDN5 SLC7A5,
CTCCAACCAACCAACT-1,15,Oligo MOG OPALIN,0.6821914857460304,Endo CLDN5 SLC7A5,
CTCCAACCAACGCATT-1,41,Oligo MOG OPALIN,0.9913246875032468,Oligo MOG OPALIN,
CTCCAACCAGACCTAT-1,41,Oligo MOG OPALIN,0.9998652475637253,Oligo MOG OPALIN,
CTCCAACGTACTTGTG-1,15,Endo CLDN5 SLC7A5,0.6981646952729215,Endo CLDN5 SLC7A5,
CTCCAACTCTGCATGA-1,1,Endo CLDN5 SLC7A5,0.8323308475956951,Endo CLDN5 SLC7A5,
CTCCACAGTCCATCTC-1,0,Oligo MOG GSN,0.41618182085640526,Oligo MOG OPALIN,
CTCCACAGTCCGACGT-1,9,Endo CLDN5 SLC7A5,0.8082981630388287,Endo CLDN5 SLC7A5,
CTCCACATCGGTCACG-1,0,Oligo MOG OPALIN,0.9990264953982639,Oligo MOG OPALIN,
CTCCACATCTAAGCGT-1,36,L3-5 RORB GABRG1 KCNH7,0.47861765908829307,L3-5 RORB GABRG1 KCNH7,
CTCCATGAGACTAGAT-1,9,Endo CLDN5 SLC7A5,0.41243671052430303,Endo CLDN5 SLC7A5,
CTCCATGAGGATCATA-1,27,Endo CLDN5 SLC7A5,0.7323386278257623,Endo CLDN5 SLC7A5,
CTCCATGCAATAGTGA-1,20,Endo CLDN5 SLC7A5,0.5460867892574367,Endo CLDN5 SLC7A5,
CTCCATGCACATGACT-1,35,L2-3 CUX2 NTNG1 PALMD,0.9623048145683122,Endo CLDN5 SLC7A5,
CTCCATGGTCAGCTTA-1,0,Oligo MOG OPALIN,0.9822374012275172,Oligo MOG OPALIN,
CTCCATGGTTAGAGAT-1,12,Endo CLDN5 SLC7A5,0.8305433254151939,Endo CLDN5 SLC7A5,
CTCCCAACAAATAGCA-1,4,Endo CLDN5 SLC7A5,0.9696894203068531,Endo CLDN5 SLC7A5,
CTCCCAACAGCTGTCG-1,16,Endo CLDN5 SLC7A5,0.9270463519253198,Endo CLDN5 SLC7A5,
CTCCCAACATCGGAAG-1,14,Endo CLDN5 SLC7A5,0.9660435308312648,Endo CLDN5 SLC7A5,
CTCCCAAGTGGTTCTA-1,20,Endo CLDN5 SLC7A5,0.9107762667163495,Endo CLDN5 SLC7A5,
CTCCCAATCGAGCACC-1,15,Endo CLDN5 SLC7A5,0.9503135400050461,Endo CLDN5 SLC7A5,
CTCCCTCCAAATGAGT-1,9,Endo CLDN5 SLC7A5,0.7177974204471839,Endo CLDN5 SLC7A5,
CTCCCTCCAGCGCTTG-1,37,Endo CLDN5 SLC7A5,0.9530389021209764,Endo CLDN5 SLC7A5,
CTCCGATCACCATAAC-1,17,Endo CLDN5 SLC7A5,0.9530432409032865,Endo CLDN5 SLC7A5,
CTCCGATCATACCGTA-1,0,Oligo MOG OPALIN,0.9999993567682722,Oligo MOG OPALIN,
CTCCGATCATGACACT-1,15,Endo CLDN5 SLC7A5,0.9929752314716906,Endo CLDN5 SLC7A5,
CTCCGATGTCTACGAT-1,5,Endo CLDN5 SLC7A5,0.6310964952943166,L2-3 CUX2 ACVR1C THSD7A,
CTCCGATTCTGCACCT-1,13,Endo CLDN5 SLC7A5,0.7770914999120895,OPC PDGFRA PCDH15,
CTCCTCCCAAGAGGCT-1,15,Endo CLDN5 SLC7A5,0.9318260474375504,Endo CLDN5 SLC7A5,
CTCCTCCCAGACCAGA-1,10,Endo CLDN5 SLC7A5,0.574263018090304,Endo CLDN5 SLC7A5,
CTCCTCCGTAGATCCT-1,14,Endo CLDN5 SLC7A5,0.9954503995506826,Endo CLDN5 SLC7A5,
CTCCTCCGTTGCTCAA-1,33,Endo CLDN5 SLC7A5,0.6372843716110832,Endo CLDN5 SLC7A5,
CTCCTTTAGGAAAGAC-1,45,Oligo MOG OPALIN,0.46177417314194924,Endo CLDN5 SLC7A5,
CTCCTTTCAGGCAATG-1,6,Oligo MOG OPALIN,0.999998986362247,Oligo MOG OPALIN,
CTCCTTTGTCGTTGCG-1,37,SMC ACTA2 CNN1,0.9661360246542267,Endo CLDN5 SLC7A5,
CTCGAGGCATTGCTTT-1,0,Endo CLDN5 SLC7A5,0.8810930396483716,Oligo MOG OPALIN,
CTCGAGGGTTAAGGAT-1,8,Endo CLDN5 SLC7A5,0.8327592708373552,Endo CLDN5 SLC7A5,
CTCGAGGGTTGGGATG-1,26,InN PVALB HPSE,0.9986824103330925,InN PVALB HPSE,
CTCGAGGTCAAGGACG-1,7,L3-5 RORB MKX DCC,0.7941270134659756,L3-5 RORB MKX GRIN3A,
CTCTCAGAGACCACGA-1,1,Endo CLDN5 SLC7A5,0.535518008460095,Endo CLDN5 SLC7A5,
CTCTCAGTCTCGTGGG-1,3,Micro P2RY12 APBB1IP,0.9682391625369554,Micro P2RY12 APBB1IP,
CTCTCGACAACCAATC-1,4,Endo CLDN5 SLC7A5,0.9381175538214751,Endo CLDN5 SLC7A5,
CTCTCGACACTCAGAT-1,3,Macro F13A1 COLEC12,0.9999999897553827,Micro P2RY12 APBB1IP,
CTCTCGAGTAATGATG-1,46,L3-5 RORB GABRG1 PLCH1,0.9895041846360529,L3-5 RORB PCBP3 IL1RAPL2,
CTCTCGAGTCGTGATT-1,31,InN VIP CLSTN2,0.9804876983805213,InN VIP HS3ST3B1,
CTCTCGATCGCTCCTA-1,12,Endo CLDN5 SLC7A5,0.7673341089585299,Endo CLDN5 SLC7A5,
CTCTGGTAGAGTCCGA-1,22,Endo CLDN5 SLC7A5,0.9797423453608248,Endo CLDN5 SLC7A5,
CTCTGGTCAGGCTACC-1,8,Endo CLDN5 SLC7A5,0.9338496136688538,Endo CLDN5 SLC7A5,
CTCTGGTCATCAGTGT-1,1,Endo CLDN5 SLC7A5,0.38776206387782924,Endo CLDN5 SLC7A5,
CTGAATGAGACGACTG-1,16,Oligo MOG OPALIN,0.9943912945978963,Endo CLDN5 SLC7A5,
CTGAATGAGCGATTCT-1,27,Endo CLDN5 SLC7A5,0.7719205468387547,Endo CLDN5 SLC7A5,
CTGAATGAGGTGGGTT-1,26,InN PVALB HPSE,0.3027565885441063,InN PVALB HPSE,
CTGAATGAGTGGATAT-1,6,Oligo MOG GSN,0.9739616146713159,Oligo MOG OPALIN,
CTGAATGCACGTACTA-1,1,Endo CLDN5 SLC7A5,0.9871396438684876,Endo CLDN5 SLC7A5,
CTGAATGCATTCACCC-1,2,Astro AQP4 SLC1A2,0.9851100989934617,Astro AQP4 SLC1A2,
CTGAATGGTACGATCT-1,6,Oligo MOG OPALIN,0.9999953020139242,Oligo MOG OPALIN,
CTGAATGGTGCTGCAC-1,24,Endo CLDN5 SLC7A5,0.6199107968051599,Endo CLDN5 SLC7A5,
CTGAATGGTTCACCGG-1,1,Oligo MOG OPALIN,0.7635899801311585,Endo CLDN5 SLC7A5,
CTGAATGTCATCGGGC-1,20,Endo CLDN5 SLC7A5,0.6400748726096849,Endo CLDN5 SLC7A5,
CTGAATGTCTCGGGAC-1,0,Oligo MOG OPALIN,0.9881521753583254,Oligo MOG OPALIN,
CTGAGCGCATCATTTC-1,2,Endo CLDN5 SLC7A5,0.4582680097636877,Astro AQP4 SLC1A2,
CTGAGCGGTATCCCTC-1,1,Endo CLDN5 SLC7A5,0.660430176935217,Endo CLDN5 SLC7A5,
CTGAGCGTCAGACAAA-1,9,Endo CLDN5 SLC7A5,0.6217774879655774,Endo CLDN5 SLC7A5,
CTGAGGCCACACAGAG-1,2,Astro AQP4 SLC1A2,0.700160824826849,Astro AQP4 SLC1A2,
CTGAGGCCAGTAGAAT-1,11,InN SST FREM1,0.8150963965132445,InN SST FREM1,
CTGAGGCGTTAAGAAC-1,40,Endo CLDN5 SLC7A5,0.9808062766353094,Endo CLDN5 SLC7A5,
CTGAGGCTCAGTCTTT-1,15,Endo CLDN5 SLC7A5,0.9933357841446747,Endo CLDN5 SLC7A5,
CTGAGGCTCGGCTATA-1,6,Oligo MOG OPALIN,0.9034376234216026,Oligo MOG OPALIN,
CTGATCCCATAGCTGT-1,37,Oligo MOG OPALIN,0.8414401195269408,Endo CLDN5 SLC7A5,
CTGATCCGTTGGGACA-1,13,OPC PDGFRA PCDH15,0.999999479948676,OPC PDGFRA PCDH15,
CTGATCCTCAGTCTTT-1,8,Endo CLDN5 SLC7A5,0.9981231285212281,Endo CLDN5 SLC7A5,
CTGCAGGAGACCAGAC-1,13,OPC PDGFRA PCDH15,0.9999999999993623,OPC PDGFRA PCDH15,
CTGCAGGAGGATTACA-1,12,Endo CLDN5 SLC7A5,0.7947443226988478,Endo CLDN5 SLC7A5,
CTGCAGGCAAGAATAC-1,42,PC P2RY14 GRM8,0.9998464392529195,PC P2RY14 GRM8,
CTGCAGGCAAGTACCT-1,16,Endo CLDN5 SLC7A5,0.7074054575694023,Endo CLDN5 SLC7A5,
CTGCAGGCAAGTGGTG-1,1,Endo CLDN5 SLC7A5,0.8744965055748094,Endo CLDN5 SLC7A5,
CTGCAGGCACACCAGC-1,20,Endo CLDN5 SLC7A5,0.42714356334199605,Endo CLDN5 SLC7A5,
CTGCAGGGTCTTAGTG-1,10,Endo CLDN5 SLC7A5,0.7624446677025988,Endo CLDN5 SLC7A5,
CTGCAGGGTTGACTAC-1,24,Oligo MOG OPALIN,0.994144637428863,Endo CLDN5 SLC7A5,
CTGCATCAGAGAGGGC-1,22,Endo CLDN5 SLC7A5,0.7873864060306794,Endo CLDN5 SLC7A5,
CTGCATCTCTATACGG-1,1,L2-3 CUX2 ACVR1C INHBA,0.5852010331670302,Endo CLDN5 SLC7A5,
CTGCCATAGGCATTTC-1,18,Endo CLDN5 SLC7A5,0.48053989034873107,Endo CLDN5 SLC7A5,
CTGCCATTCGTCTACC-1,12,Endo CLDN5 SLC7A5,0.8451751380090822,Endo CLDN5 SLC7A5,
CTGCCTAAGTAAATGC-1,8,Endo CLDN5 SLC7A5,0.6955590143755747,Endo CLDN5 SLC7A5,
CTGCCTACAACTCCCT-1,30,Oligo MOG OPALIN,0.7533121750232897,Endo CLDN5 SLC7A5,
CTGCCTATCCGGACGT-1,13,OPC PDGFRA PCDH15,0.9994100201993302,OPC PDGFRA PCDH15,
CTGCCTATCTACGGTA-1,8,Oligo MOG OPALIN,0.8542357710926936,Endo CLDN5 SLC7A5,
CTGCGAGAGCTTTCTT-1,6,Oligo MOG OPALIN,0.9997438559551274,Oligo MOG OPALIN,
CTGCGAGAGGCGTTGA-1,3,Micro P2RY12 APBB1IP,0.7044307004981817,Micro P2RY12 APBB1IP,
CTGCGAGCACAGCTTA-1,36,L3-5 RORB GABRG1 PTPRO,0.3059010005182098,L3-5 RORB GABRG1 KCNH7,
CTGCGAGCATACTGTG-1,3,Micro P2RY12 APBB1IP,0.8233926876619349,Micro P2RY12 APBB1IP,
CTGCGAGTCGTTGTAG-1,19,Endo CLDN5 SLC7A5,0.7234757954459838,Endo CLDN5 SLC7A5,
CTGCTCAAGACTACCT-1,20,Oligo MOG OPALIN,0.5901021075928594,Endo CLDN5 SLC7A5,
CTGCTCAAGATCCTAC-1,27,Endo CLDN5 SLC7A5,0.5973448656847501,Endo CLDN5 SLC7A5,
CTGCTCAAGATGCCGA-1,18,Endo CLDN5 SLC7A5,0.4503826600418799,Endo CLDN5 SLC7A5,
CTGCTCAAGCATCAGG-1,6,Oligo MOG OPALIN,0.9907154635046345,Oligo MOG OPALIN,
CTGCTCACACAGAAGC-1,3,Micro P2RY12 APBB1IP,0.38765761054859355,Micro P2RY12 APBB1IP,
CTGCTCACAGAATCGG-1,16,Oligo MOG OPALIN,0.8548620590144718,Endo CLDN5 SLC7A5,
CTGCTCAGTGACTAAA-1,14,Endo CLDN5 SLC7A5,0.9998966682715343,Endo CLDN5 SLC7A5,
CTGCTCAGTGATATAG-1,41,Oligo MOG OPALIN,0.9997032939175463,Oligo MOG OPALIN,
CTGCTCATCACGAACT-1,8,Endo CLDN5 SLC7A5,0.9678677044999998,Endo CLDN5 SLC7A5,
CTGCTCATCTTACGTT-1,6,Oligo MOG OPALIN,0.9999928704346241,Oligo MOG OPALIN,
CTGGACGAGCACTGGA-1,34,L6 FEZF2 SYT6 PTPRT,0.539273558789118,L6 FEZF2 NPFFR2 KCNK2,
CTGGACGAGTCGAGGT-1,2,Endo CLDN5 SLC7A5,0.4108171162098104,Astro AQP4 SLC1A2,
CTGGACGGTCTTGCTC-1,44,Endo CLDN5 DKK2,0.999090422827977,Endo CLDN5 SLC7A5,
CTGGCAGCATCGCCTT-1,10,Endo CLDN5 SLC7A5,0.9233409618848025,Endo CLDN5 SLC7A5,
CTGGCAGGTCCTTAAG-1,32,Endo CLDN5 SLC7A5,0.9679888876683191,Endo CLDN5 SLC7A5,
CTGGCAGTCTGCGATA-1,8,Endo CLDN5 SLC7A5,0.30022468828799387,Endo CLDN5 SLC7A5,
CTGGTCTAGATCGCCC-1,13,OPC PDGFRA PCDH15,0.9936630556314687,OPC PDGFRA PCDH15,
CTGGTCTCAGGCACAA-1,0,Oligo MOG OPALIN,0.7471725352270859,Oligo MOG OPALIN,
CTGGTCTGTAACAGTA-1,42,PC P2RY14 GRM8,0.9778606757087452,PC P2RY14 GRM8,
CTGGTCTTCTAACGGT-1,3,Micro P2RY12 APBB1IP,0.4647266364250758,Micro P2RY12 APBB1IP,
CTGTACCAGGTCACTT-1,1,Oligo MOG OPALIN,0.973583866913451,Endo CLDN5 SLC7A5,
CTGTACCAGGTGCCAA-1,5,L2-3 CUX2 ACVR1C THSD7A,0.9969845527654668,L2-3 CUX2 ACVR1C THSD7A,
CTGTACCCATAACCCA-1,5,L2-3 CUX2 ACVR1C THSD7A,0.9950971652659417,L2-3 CUX2 ACVR1C THSD7A,
CTGTACCGTGACTAAA-1,44,Endo CLDN5 SLC7A5,0.9973800802779754,Endo CLDN5 SLC7A5,
CTGTACCTCCGAACGC-1,11,InN SST FREM1,0.9971036235920593,InN SST FREM1,
CTGTACCTCTCCGCAT-1,3,Micro P2RY12 APBB1IP,0.9681334673527573,Micro P2RY12 APBB1IP,
CTGTAGAAGGACTTCT-1,8,Endo CLDN5 SLC7A5,0.8838965342879124,Endo CLDN5 SLC7A5,
CTGTAGATCCCGTGTT-1,0,Oligo MOG OPALIN,0.9999955181625991,Oligo MOG OPALIN,
CTGTATTTCCCTCTCC-1,12,Endo CLDN5 SLC7A5,0.6069988107257833,Endo CLDN5 SLC7A5,
CTGTATTTCGATCCCT-1,9,L5 FEZF2 BCL11B POU3F1,0.6298883969122393,Endo CLDN5 SLC7A5,
CTGTCGTAGAGTCAAT-1,37,Endo CLDN5 SLC7A5,0.6586668455049738,Endo CLDN5 SLC7A5,
CTGTGAAGTGAGACCA-1,28,Endo CLDN5 SLC7A5,0.6069350848772367,Endo CLDN5 SLC7A5,
CTGTGAAGTGTTGCCG-1,0,Oligo MOG OPALIN,0.9975260036153814,Oligo MOG OPALIN,
CTGTGGGCACATGACT-1,9,Endo CLDN5 SLC7A5,0.9252067225375413,Endo CLDN5 SLC7A5,
CTGTGGGGTCCACATA-1,18,Endo CLDN5 SLC7A5,0.5852437368857499,Endo CLDN5 SLC7A5,
CTGTGGGTCACGTAGT-1,35,Endo CLDN5 SLC7A5,0.5425620681899689,Endo CLDN5 SLC7A5,
CTGTGGGTCGAGAACG-1,21,L6 OPRK1 THEMIS RGS6,0.9627702666322913,L6 OPRK1 THEMIS RGS6,
CTTACCGTCCGTATGA-1,6,Oligo MOG OPALIN,0.9926841554361825,Oligo MOG OPALIN,
CTTAGGAAGAATGTTG-1,3,Micro P2RY12 APBB1IP,0.7931755450350149,Micro P2RY12 APBB1IP,
CTTAGGACAGATACCT-1,19,Endo CLDN5 SLC7A5,0.9877252935431228,Endo CLDN5 SLC7A5,
CTTAGGACAGATTAAG-1,24,Astro AQP4 SLC1A2,0.4618700434201552,Endo CLDN5 SLC7A5,
CTTAGGACATTACGGT-1,1,Endo CLDN5 SLC7A5,0.99170381936601,Endo CLDN5 SLC7A5,
CTTAGGAGTTTACGTG-1,16,Endo CLDN5 SLC7A5,0.9883654092365951,Endo CLDN5 SLC7A5,
CTTAGGATCAGACAAA-1,36,L3-5 RORB GABRG1 KCNH7,0.7308493743100537,L3-5 RORB GABRG1 KCNH7,
CTTAGGATCTCAAAGC-1,10,Endo CLDN5 SLC7A5,0.999277194716554,Endo CLDN5 SLC7A5,
CTTCAATAGAGCAACC-1,0,Oligo MOG OPALIN,0.9997011852059915,Oligo MOG OPALIN,
CTTCAATAGCCATTCA-1,27,Endo CLDN5 SLC7A5,0.6794821025499762,Endo CLDN5 SLC7A5,
CTTCAATCACGAGAAC-1,13,Endo CLDN5 SLC7A5,0.49496561432663216,OPC PDGFRA PCDH15,
CTTCCGAAGCGAGAAA-1,10,Oligo MOG OPALIN,0.7573073106524739,Endo CLDN5 SLC7A5,
CTTCCGAAGTCACTCA-1,8,Endo CLDN5 SLC7A5,0.7433976629275785,Endo CLDN5 SLC7A5,
CTTCCGACACTTCCTG-1,3,Micro P2RY12 APBB1IP,0.931578758692293,Micro P2RY12 APBB1IP,
CTTCCGAGTAACAGGC-1,18,Oligo MOG OPALIN,0.6550677820704891,Endo CLDN5 SLC7A5,
CTTCCGATCACATCAG-1,14,Endo CLDN5 SLC7A5,0.9985742038296013,Endo CLDN5 SLC7A5,
CTTCCGATCGTTCTCG-1,35,Oligo MOG OPALIN,0.5994267254202914,Endo CLDN5 SLC7A5,
CTTCCTTAGTTTCGAC-1,0,Oligo MOG OPALIN,0.3032038092321756,Oligo MOG OPALIN,
CTTCCTTCACAAGCTT-1,11,InN SST HS3ST5,0.6967559556725175,InN SST FREM1,
CTTCCTTCACGTCTCT-1,25,Endo CLDN5 SLC7A5,0.9359313022992303,Endo CLDN5 SLC7A5,
CTTCCTTGTCTCACAA-1,1,Endo CLDN5 SLC7A5,0.992530217083374,Endo CLDN5 SLC7A5,
CTTCCTTGTGGTCCCA-1,0,Oligo MOG OPALIN,0.9995494789384554,Oligo MOG OPALIN,
CTTCCTTGTTTCGGCG-1,31,InN ADARB2 FAM19A1,0.9879744628761348,InN VIP HS3ST3B1,
CTTCCTTTCAAACCTG-1,19,Endo CLDN5 SLC7A5,0.5107982643605785,Endo CLDN5 SLC7A5,
CTTCCTTTCTGAATCG-1,45,Endo CLDN5 SLC7A5,0.9970533403513328,Endo CLDN5 SLC7A5,
CTTCGGTAGACATATG-1,28,Endo CLDN5 SLC7A5,0.9876402557188969,Endo CLDN5 SLC7A5,
CTTCGGTAGAGTCCGA-1,5,L2-3 CUX2 NTNG1 PALMD,0.5834101850366578,L2-3 CUX2 ACVR1C THSD7A,
CTTCGGTCAACAGAGC-1,21,L6 OPRK1 THEMIS RGS6,0.9963790953045468,L6 OPRK1 THEMIS RGS6,
CTTCGGTCACATTGTG-1,7,L3-5 RORB MKX GALR1,0.8445672558325241,L3-5 RORB MKX GRIN3A,
CTTCGGTGTGAGGAAA-1,5,L2-3 CUX2 ACVR1C THSD7A,0.3264267272930847,L2-3 CUX2 ACVR1C THSD7A,
CTTCGGTGTGTGAATA-1,5,L2-3 CUX2 NTNG1 PALMD,0.8873674572227934,L2-3 CUX2 ACVR1C THSD7A,
CTTCTAAAGAATCTAG-1,28,Endo CLDN5 SLC7A5,0.8401639520380928,Endo CLDN5 SLC7A5,
CTTCTAAAGCTGCCTG-1,9,Endo CLDN5 SLC7A5,0.9924288460130432,Endo CLDN5 SLC7A5,
CTTCTAACACAGTGTT-1,6,Oligo MOG OPALIN,0.9999991074721443,Oligo MOG OPALIN,
CTTCTAACACGGTGCT-1,4,Endo CLDN5 SLC7A5,0.49935122643948143,Endo CLDN5 SLC7A5,
CTTCTAAGTCTAGGTT-1,16,Endo CLDN5 SLC7A5,0.30621690200087776,Endo CLDN5 SLC7A5,
CTTCTAAGTCTGCGCA-1,6,Oligo MOG OPALIN,0.9999871506135507,Oligo MOG OPALIN,
CTTCTAAGTTGCCATA-1,3,Oligo MOG OPALIN,0.9701579467636098,Micro P2RY12 APBB1IP,
CTTCTAATCTAGTTCT-1,14,Endo CLDN5 SLC7A5,0.304902966681664,Endo CLDN5 SLC7A5,
CTTCTCTAGTTCATGC-1,15,Endo CLDN5 SLC7A5,0.9029337332127464,Endo CLDN5 SLC7A5,
CTTCTCTGTTATAGCC-1,12,Oligo MOG OPALIN,0.3407236682707727,Endo CLDN5 SLC7A5,
CTTCTCTTCTCTGGTC-1,8,Endo CLDN5 SLC7A5,0.9637970282960833,Endo CLDN5 SLC7A5,
CTTCTCTTCTCTTAAC-1,5,L2-3 CUX2 NTNG1 PLCH1,0.4861906914421432,L2-3 CUX2 ACVR1C THSD7A,
CTTGAGACACATGTTG-1,5,Oligo MOG OPALIN,0.8402969259859713,L2-3 CUX2 ACVR1C THSD7A,
CTTGAGACACATTCTT-1,24,Endo CLDN5 SLC7A5,0.6255568392616265,Endo CLDN5 SLC7A5,
CTTGAGACATATCTGG-1,43,Oligo MOG OPALIN,0.9972786924189706,Endo CLDN5 SLC7A5,
CTTGAGAGTCCTATAG-1,15,Endo CLDN5 SLC7A5,0.9397267290146991,Endo CLDN5 SLC7A5,
CTTGATTAGATACAGT-1,14,Endo CLDN5 SLC7A5,0.9843900572849429,Endo CLDN5 SLC7A5,
CTTGATTAGTACCCTA-1,1,Endo CLDN5 SLC7A5,0.3951828963412806,Endo CLDN5 SLC7A5,
CTTGATTAGTTCAACC-1,11,Oligo MOG OPALIN,0.985921947767326,InN SST FREM1,
CTTGATTAGTTTCGAC-1,12,Endo CLDN5 SLC7A5,0.907645477627537,Endo CLDN5 SLC7A5,
CTTGATTCAAACTAGA-1,0,Oligo MOG OPALIN,0.9999408261710386,Oligo MOG OPALIN,
CTTGATTCAAGGCCTC-1,1,Endo CLDN5 SLC7A5,0.9964297229875824,Endo CLDN5 SLC7A5,
CTTGATTGTGTGAGCA-1,11,Endo CLDN5 SLC7A5,0.5090818178970378,InN SST FREM1,
CTTTCAACAACCAGAG-1,36,L3-5 RORB MKX DCC,0.7005563786780652,L3-5 RORB GABRG1 KCNH7,
CTTTCAACATTGGGAG-1,3,Micro P2RY12 APBB1IP,0.9680424809075917,Micro P2RY12 APBB1IP,
CTTTCGGAGCCTTTCC-1,7,L3-5 RORB MKX DCC,0.3359608167073895,L3-5 RORB MKX GRIN3A,
CTTTCGGAGTATAGAC-1,41,Oligo MOG OPALIN,0.9999995175095092,Oligo MOG OPALIN,
CTTTCGGCAGGTGGAT-1,10,Endo CLDN5 SLC7A5,0.9740481566285163,Endo CLDN5 SLC7A5,
CTTTCGGCATACCAGT-1,10,Oligo MOG OPALIN,0.9999994125857492,Endo CLDN5 SLC7A5,
CTTTCGGGTAGTGATA-1,1,Endo CLDN5 SLC7A5,0.9973607275307567,Endo CLDN5 SLC7A5,
CTTTCGGGTCAAACGG-1,26,InN PVALB ANOS1,0.9424623106043908,InN PVALB HPSE,
CTTTCGGTCGACATTG-1,26,InN PVALB ANOS1,0.9259762315879736,InN PVALB HPSE,
GAAACCTAGATGCAGC-1,25,L2-3 CUX2 NTNG1 PALMD,0.35027173375629767,Endo CLDN5 SLC7A5,
GAAACCTCAATGTTGC-1,17,InN SST THSD7B,0.7548964040594672,Endo CLDN5 SLC7A5,
GAAACCTCACCTATCC-1,10,Endo CLDN5 SLC7A5,0.8077093792009067,Endo CLDN5 SLC7A5,
GAAACCTGTCTGTGAT-1,4,Endo CLDN5 SLC7A5,0.48366834691275457,Endo CLDN5 SLC7A5,
GAAACCTTCAAATGAG-1,13,Endo CLDN5 SLC7A5,0.9934178807558651,OPC PDGFRA PCDH15,
GAAACCTTCTAACGCA-1,31,InN ADARB2 COL5A2,0.7498334392748559,InN VIP HS3ST3B1,
GAAATGAAGAGGGTGG-1,13,Oligo MOG OPALIN,0.9723230874811388,OPC PDGFRA PCDH15,
GAAATGAGTTGGACTT-1,0,Oligo MOG OPALIN,0.464088975295038,Oligo MOG OPALIN,
GAAATGATCGCAATGT-1,33,Endo CLDN5 SLC7A5,0.3729517416234461,Endo CLDN5 SLC7A5,
GAACACTAGACGCAGT-1,12,Endo CLDN5 SLC7A5,0.927556210909955,Endo CLDN5 SLC7A5,
GAACACTAGGGTTGCA-1,9,Endo CLDN5 SLC7A5,0.8083866776067039,Endo CLDN5 SLC7A5,
GAACACTAGTGACACG-1,15,Oligo MOG OPALIN,0.3960079026623286,Endo CLDN5 SLC7A5,
GAACACTGTAAGATAC-1,2,Astro AQP4 SLC1A2,0.9037762322258764,Astro AQP4 SLC1A2,
GAACGTTAGACAGTCG-1,7,Endo CLDN5 SLC7A5,0.4110869358924121,L3-5 RORB MKX GRIN3A,
GAACGTTCACGCGCAT-1,30,Endo CLDN5 SLC7A5,0.9976228669649867,Endo CLDN5 SLC7A5,
GAACGTTGTCAACCTA-1,2,Astro AQP4 SLC1A2,0.9969786799275646,Astro AQP4 SLC1A2,
GAACTGTAGCGCCATC-1,16,Endo CLDN5 SLC7A5,0.9981280916670842,Endo CLDN5 SLC7A5,
GAACTGTCAATGGCCC-1,36,L3-5 RORB GABRG1 PTPRO,0.8853121059909902,L3-5 RORB GABRG1 KCNH7,
GAACTGTGTAGAGTTA-1,2,Astro AQP4 SLC1A2,0.9993204079908053,Astro AQP4 SLC1A2,
GAACTGTTCTGCGAGC-1,1,Endo CLDN5 SLC7A5,0.8247826350659038,Endo CLDN5 SLC7A5,
GAAGAATAGGTAATCA-1,7,L3-5 RORB MKX GRIN3A,0.7945797304016214,L3-5 RORB MKX GRIN3A,
GAAGAATGTCCAAGAG-1,3,Micro P2RY12 GLDN,0.9998219826133552,Micro P2RY12 APBB1IP,
GAAGAATGTTACCCAA-1,11,L2-3 CUX2 NTNG1 PALMD,0.40122706957252546,InN SST FREM1,
GAAGAATTCGACACTA-1,20,Oligo MOG OPALIN,0.48840683442391597,Endo CLDN5 SLC7A5,
GAAGCCCAGTAAGAGG-1,45,Endo CLDN5 SLC7A5,0.8198845810243613,Endo CLDN5 SLC7A5,
GAAGCCCGTCCGTACG-1,1,Endo CLDN5 SLC7A5,0.4095025538414221,Endo CLDN5 SLC7A5,
GAAGCCCGTCGGATTT-1,2,Oligo MOG OPALIN,0.4655424729776065,Astro AQP4 SLC1A2,
GAAGCCCTCTGAGGTT-1,21,L6 OPRK1 THEMIS RGS6,0.9927047893017358,L6 OPRK1 THEMIS RGS6,
GAAGCGAAGTGGTGAC-1,39,InN LAMP5 LHX6 TAC1,0.818381663717901,InN LAMP5 BMP7,
GAAGCGAGTGCGAGTA-1,17,Oligo MOG OPALIN,0.9985364762132618,Endo CLDN5 SLC7A5,
GAAGCGAGTGGTCTGC-1,4,Endo CLDN5 SLC7A5,0.5544266069399234,Endo CLDN5 SLC7A5,
GAAGCGATCTGCGGCA-1,33,Endo CLDN5 SLC7A5,0.3478656955293408,Endo CLDN5 SLC7A5,
GAAGGACCAGATCCTA-1,28,Endo CLDN5 SLC7A5,0.7856731065718678,Endo CLDN5 SLC7A5,
GAAGGACGTCGTGATT-1,21,L6 OPRK1 THEMIS RGS6,0.9363299792859614,L6 OPRK1 THEMIS RGS6,
GAAGGACTCCGCTGTT-1,3,Oligo MOG OPALIN,0.38089404562110335,Micro P2RY12 APBB1IP,
GAAGGACTCGGACTTA-1,0,Oligo MOG OPALIN,0.9642042139752501,Oligo MOG OPALIN,
GAAGGACTCGGCTGTG-1,2,Astro AQP4 SLC1A2,0.999225632318005,Astro AQP4 SLC1A2,
GAAGGGTAGAGAAGGT-1,39,InN LAMP5 BMP7,0.9369080562762525,InN LAMP5 BMP7,
GAAGGGTCAGTGGGTA-1,5,L2-3 CUX2 NTNG1 PALMD,0.31945581218234326,L2-3 CUX2 ACVR1C THSD7A,
GAAGGGTTCCTCTTTC-1,21,Oligo MOG OPALIN,0.870723622229932,L6 OPRK1 THEMIS RGS6,
GAAGTAATCGTAGGAG-1,5,Endo CLDN5 SLC7A5,0.7230128916871207,L2-3 CUX2 ACVR1C THSD7A,
GAATAGAGTGAGATTA-1,0,Oligo MOG OPALIN,0.7479217807094644,Oligo MOG OPALIN,
GAATAGAGTTCTTGTT-1,1,Oligo MOG OPALIN,0.9522496452002408,Endo CLDN5 SLC7A5,
GAATAGATCGTGCATA-1,25,Endo CLDN5 SLC7A5,0.9624542946343347,Endo CLDN5 SLC7A5,
GAATAGATCTGCTCTG-1,15,Oligo MOG OPALIN,0.765452755986565,Endo CLDN5 SLC7A5,
GAATCACAGTGGATAT-1,17,Endo CLDN5 SLC7A5,0.9048063318291307,Endo CLDN5 SLC7A5,
GAATCACGTGCAATAA-1,22,Endo CLDN5 SLC7A5,0.9908040548840403,Endo CLDN5 SLC7A5,
GAATCACGTTAGAAGT-1,30,Endo CLDN5 SLC7A5,0.9253874860359319,Endo CLDN5 SLC7A5,
GAATCACTCGGTGCAC-1,6,Oligo MOG OPALIN,0.9561885877565709,Oligo MOG OPALIN,
GAATCGTAGAGATTCA-1,9,L2-3 CUX2 NTNG1 PALMD,0.32961494150291143,Endo CLDN5 SLC7A5,
GAATCGTTCCTGTAAG-1,40,Endo CLDN5 SLC7A5,0.47630476539522504,Endo CLDN5 SLC7A5,
GAATCGTTCTGCGAGC-1,47,L5-6 FEZF2 NXPH2 GRIK1,0.8552969213273895,L5-6 FEZF2 NXPH2 GRIK1,
GAATCGTTCTGGCTGG-1,8,Endo CLDN5 SLC7A5,0.5384669512915952,Endo CLDN5 SLC7A5,
GACACGCAGCTGCCTG-1,44,Endo CLDN5 DKK2,0.9999361011276802,Endo CLDN5 SLC7A5,
GACACGCAGGTGGGTT-1,17,Endo CLDN5 SLC7A5,0.9675358714174535,Endo CLDN5 SLC7A5,
GACACGCCAAAGCTCT-1,1,Endo CLDN5 SLC7A5,0.6216314306374495,Endo CLDN5 SLC7A5,
GACACGCCAAGAGGTC-1,4,Oligo MOG OPALIN,0.9913570777480802,Endo CLDN5 SLC7A5,
GACACGCCAAGCGCAA-1,21,L6 OPRK1 THEMIS RGS6,0.9974024874819277,L6 OPRK1 THEMIS RGS6,
GACACGCGTACCAATC-1,23,Endo CLDN5 SLC7A5,0.9896495420828638,Endo CLDN5 SLC7A5,
GACACGCGTAGAAACT-1,5,L2-3 CUX2 ACVR1C THSD7A,0.9658750339567286,L2-3 CUX2 ACVR1C THSD7A,
GACACGCTCTATTTCG-1,33,Oligo MOG OPALIN,0.9954035722668506,Endo CLDN5 SLC7A5,
GACAGCCAGATTGACA-1,21,L6 OPRK1 THEMIS RGS6,0.9949209617371335,L6 OPRK1 THEMIS RGS6,
GACAGCCAGCGATTCT-1,11,InN SST KLHL14,0.7854347837874704,InN SST FREM1,
GACAGCCCAGCTGTAT-1,2,Astro AQP4 SLC1A2,0.7333983231447322,Astro AQP4 SLC1A2,
GACAGCCCATCACCAA-1,27,Endo CLDN5 SLC7A5,0.8780066608996783,Endo CLDN5 SLC7A5,
GACAGCCTCACCGGGT-1,32,Endo CLDN5 SLC7A5,0.3154733346175199,Endo CLDN5 SLC7A5,
GACATCACAAGACGAC-1,2,Astro AQP4 SLC1A2,0.542739739162354,Astro AQP4 SLC1A2,
GACATCACATGCAGGA-1,10,Endo CLDN5 SLC7A5,0.8901078158546745,Endo CLDN5 SLC7A5,
GACATCAGTGTTCGAT-1,9,Endo CLDN5 SLC7A5,0.9928205612167077,Endo CLDN5 SLC7A5,
GACCAATCAGTCGCAC-1,0,Oligo MOG OPALIN,0.8472878093232403,Oligo MOG OPALIN,
GACCAATCAGTTCTAG-1,27,Endo CLDN5 SLC7A5,0.999179969430379,Endo CLDN5 SLC7A5,
GACCAATTCCCATTCG-1,11,InN SST FREM1,0.9337655400455164,InN SST FREM1,
GACCAATTCGAGCCTG-1,13,OPC PDGFRA PCDH15,0.9999999999689879,OPC PDGFRA PCDH15,
GACCCAGAGCGCCTAC-1,2,Astro AQP4 SLC1A2,0.9984666985270161,Astro AQP4 SLC1A2,
GACCCAGTCCACTAGA-1,29,PC P2RY14 GRM8,0.9998051470974058,PC P2RY14 GRM8,
GACCCAGTCCTGCTAC-1,35,Endo CLDN5 SLC7A5,0.536298577149846,Endo CLDN5 SLC7A5,
GACCCTTAGGTAAGGA-1,3,Micro P2RY12 APBB1IP,0.5507810233206315,Micro P2RY12 APBB1IP,
GACCCTTAGGTAGGCT-1,11,InN SST TRPC7,0.49433089527992785,InN SST FREM1,
GACCCTTCACCTGCAG-1,2,Astro AQP4 SLC1A2,0.8783313971731328,Astro AQP4 SLC1A2,
GACCCTTGTCACTCTC-1,11,InN SST STK32A,0.8399558107314786,InN SST FREM1,
GACCCTTTCAACTGAC-1,15,Oligo MOG OPALIN,0.8475441932918678,Endo CLDN5 SLC7A5,
GACCCTTTCACATTGG-1,24,Endo CLDN5 SLC7A5,0.8240144227333406,Endo CLDN5 SLC7A5,
GACCCTTTCAGTGCGC-1,25,Endo CLDN5 SLC7A5,0.568443470266683,Endo CLDN5 SLC7A5,
GACCCTTTCATGTCTT-1,21,L6 OPRK1 THEMIS RGS6,0.9996697901140319,L6 OPRK1 THEMIS RGS6,
GACCCTTTCGCATTAG-1,4,Endo CLDN5 SLC7A5,0.9710342336168563,Endo CLDN5 SLC7A5,
GACCGTGAGTACAACA-1,14,Endo CLDN5 SLC7A5,0.4045093093164946,Endo CLDN5 SLC7A5,
GACCGTGGTGGACCAA-1,16,Oligo MOG OPALIN,0.9894011979417906,Endo CLDN5 SLC7A5,
GACCGTGGTTAGGAGC-1,2,Astro AQP4 SLC1A2,0.5636786663479207,Astro AQP4 SLC1A2,
GACCTTCCACACCTGG-1,7,L3-5 RORB MKX GRIN3A,0.696918705231964,L3-5 RORB MKX GRIN3A,
GACCTTCCACTTGGGC-1,40,Oligo MOG OPALIN,0.518777368110484,Endo CLDN5 SLC7A5,
GACCTTCGTTCCGGTG-1,38,Endo CLDN5 SLC7A5,0.9350025402829395,Endo CLDN5 SLC7A5,
GACCTTCGTTTCACTT-1,2,Astro GFAP FABP7,0.794616417409955,Astro AQP4 SLC1A2,
GACGCTGAGATTCGCT-1,1,Endo CLDN5 SLC7A5,0.40530782856172803,Endo CLDN5 SLC7A5,
GACGCTGAGCTGAAAT-1,48,Oligo MOG OPALIN,0.9780055156801051,Endo CLDN5 SLC7A5,
GACGCTGCATCTCGTC-1,19,Endo CLDN5 SLC7A5,0.6394742711713011,Endo CLDN5 SLC7A5,
GACGCTGGTCGGCACT-1,15,Endo CLDN5 SLC7A5,0.7507345098493895,Endo CLDN5 SLC7A5,
GACGCTGGTTGCTCCT-1,36,L3-5 RORB GABRG1 KCNH7,0.3420271995930962,L3-5 RORB GABRG1 KCNH7,
GACGTTACATGCCATA-1,13,OPC PDGFRA PCDH15,0.9997917717512133,OPC PDGFRA PCDH15,
GACGTTAGTCAGTCGC-1,4,Endo CLDN5 SLC7A5,0.8471834543709482,Endo CLDN5 SLC7A5,
GACGTTAGTCTTGAGT-1,6,Oligo MOG OPALIN,0.999998195435216,Oligo MOG OPALIN,
GACTATGCACAAGCAG-1,46,L3-5 RORB PCBP3 IL1RAPL2,0.32142021237986845,L3-5 RORB PCBP3 IL1RAPL2,
GACTATGTCCATTGTT-1,13,OPC PDGFRA PCDH15,0.9996982740663981,OPC PDGFRA PCDH15,
GACTCAATCGACGTCG-1,34,L6 FEZF2 DCBLD1 MITF,0.9213084084034078,L6 FEZF2 NPFFR2 KCNK2,
GACTCAATCTAAGCCA-1,16,Endo CLDN5 SLC7A5,0.5347218286808982,Endo CLDN5 SLC7A5,
GACTCAATCTTGAGCA-1,3,Micro P2RY12 APBB1IP,0.9062219525432021,Micro P2RY12 APBB1IP,
GACTCTCAGGCGAAGG-1,25,Endo CLDN5 SLC7A5,0.43258017786549513,Endo CLDN5 SLC7A5,
GACTCTCCAAGGTCTT-1,9,Endo CLDN5 SLC7A5,0.4623128102400559,Endo CLDN5 SLC7A5,
GACTCTCCACGTACAT-1,0,Oligo MOG OPALIN,0.9997998608798828,Oligo MOG OPALIN,
GACTCTCCAGAACATA-1,3,Micro P2RY12 APBB1IP,0.9001165897850997,Micro P2RY12 APBB1IP,
GACTCTCGTGACCGTC-1,18,Oligo MOG OPALIN,0.8997826335489385,Endo CLDN5 SLC7A5,
GACTCTCGTGCATACT-1,33,Endo CLDN5 SLC7A5,0.7644257908075067,Endo CLDN5 SLC7A5,
GACTGATAGAAACACT-1,23,Endo CLDN5 SLC7A5,0.32982185346543763,Endo CLDN5 SLC7A5,
GACTGATAGCAGCAGT-1,17,Endo CLDN5 SLC7A5,0.8011968084473031,Endo CLDN5 SLC7A5,
GACTGATCACCCATAA-1,29,Endo CLDN5 SLC7A5,0.40646421958586265,PC P2RY14 GRM8,
GACTGATCAGAGCGTA-1,12,Endo CLDN5 SLC7A5,0.9139672373306216,Endo CLDN5 SLC7A5,
GACTTCCAGAGAGGGC-1,21,L6 OPRK1 THEMIS RGS6,0.9996450010371588,L6 OPRK1 THEMIS RGS6,
GACTTCCAGTCATACC-1,1,Endo CLDN5 SLC7A5,0.9757641473315708,Endo CLDN5 SLC7A5,
GACTTCCCACGGTCTG-1,16,Oligo MOG OPALIN,0.6846686707743683,Endo CLDN5 SLC7A5,
GACTTCCGTTCGTGCG-1,2,Astro GFAP AQP1,0.41381453946839175,Astro AQP4 SLC1A2,
GACTTCCTCTTACTGT-1,22,Endo CLDN5 SLC7A5,0.9893287223945598,Endo CLDN5 SLC7A5,
GAGAAATCAACCGGAA-1,38,Endo CLDN5 SLC7A5,0.9418087967805615,Endo CLDN5 SLC7A5,
GAGAAATTCAAGATAG-1,26,InN PVALB PIEZO2,0.9236419673155811,InN PVALB HPSE,
GAGAAATTCCGATAAC-1,2,Astro AQP4 SLC1A2,0.7251462344039806,Astro AQP4 SLC1A2,
GAGAAATTCCGTAGTA-1,3,Micro P2RY12 APBB1IP,0.8278477975190635,Micro P2RY12 APBB1IP,
GAGACCCCAGAGGACT-1,32,Endo CLDN5 SLC7A5,0.800314443422692,Endo CLDN5 SLC7A5,
GAGACCCGTCCGGATC-1,26,InN PVALB SNTB1,0.9667942098012244,InN PVALB HPSE,
GAGACCCGTCGAACGA-1,48,Endo CLDN5 SLC7A5,0.729429172203279,Endo CLDN5 SLC7A5,
GAGACCCGTCTTCTAT-1,24,Endo CLDN5 SLC7A5,0.9790297559432156,Endo CLDN5 SLC7A5,
GAGACCCTCGGTCTGG-1,1,Endo CLDN5 SLC7A5,0.9060408269927855,Endo CLDN5 SLC7A5,
GAGACTTCACACCGAC-1,8,Oligo MOG OPALIN,0.7972950380641254,Endo CLDN5 SLC7A5,
GAGACTTCATCCAATG-1,1,Endo CLDN5 SLC7A5,0.6542136697843057,Endo CLDN5 SLC7A5,
GAGACTTGTCGGATTT-1,14,Endo CLDN5 SLC7A5,0.999292343721821,Endo CLDN5 SLC7A5,
GAGACTTGTTGACTAC-1,0,Oligo MOG OPALIN,0.9002905991391198,Oligo MOG OPALIN,
GAGAGGTAGTCATACC-1,45,Endo CLDN5 SLC7A5,0.3989310722163171,Endo CLDN5 SLC7A5,
GAGAGGTCAACCGGAA-1,15,Oligo MOG OPALIN,0.9657390014396219,Endo CLDN5 SLC7A5,
GAGAGGTCAATACGAA-1,34,L6 FEZF2 NPFFR2 TPD52L1,0.33809847955834094,L6 FEZF2 NPFFR2 KCNK2,
GAGAGGTGTGCCTAAT-1,25,Oligo MOG OPALIN,0.7612262471355473,Endo CLDN5 SLC7A5,
GAGAGGTTCCCTCTTT-1,0,Oligo MOG OPALIN,0.9999851027744823,Oligo MOG OPALIN,
GAGAGGTTCTAATTCC-1,33,Oligo MOG OPALIN,0.5924933763993133,Endo CLDN5 SLC7A5,
GAGATGGAGACGAGCT-1,14,Endo CLDN5 SLC7A5,0.7276278357490378,Endo CLDN5 SLC7A5,
GAGATGGAGACTCCGC-1,20,Endo CLDN5 SLC7A5,0.682766253994986,Endo CLDN5 SLC7A5,
GAGATGGAGCGTGAAC-1,1,Oligo MOG OPALIN,0.9629417277194929,Endo CLDN5 SLC7A5,
GAGATGGCAACCCGCA-1,45,Endo CLDN5 SLC7A5,0.364409830260217,Endo CLDN5 SLC7A5,
GAGATGGCAAGGCTTT-1,45,Endo CLDN5 SLC7A5,0.8770879676552189,Endo CLDN5 SLC7A5,
GAGATGGCACCAGGTC-1,36,L3-5 RORB GABRG1 PTPRO,0.6690166069620985,L3-5 RORB GABRG1 KCNH7,
GAGATGGGTGTGACCC-1,7,L3-5 RORB MKX GALR1,0.8579796134042779,L3-5 RORB MKX GRIN3A,
GAGATGGTCTCAACCC-1,0,Oligo MOG OPALIN,0.9895170696880556,Oligo MOG OPALIN,
GAGCCTGAGAAATTGC-1,16,Endo CLDN5 SLC7A5,0.6335620456359345,Endo CLDN5 SLC7A5,
GAGCCTGAGCACTCTA-1,5,L2-4 CUX2 RORB CLMN,0.9350938653094633,L2-3 CUX2 ACVR1C THSD7A,
GAGCCTGCACAGTGTT-1,34,L6 FEZF2 NPFFR2 KCNK2,0.7520024029322027,L6 FEZF2 NPFFR2 KCNK2,
GAGCCTGTCTCTGCTG-1,4,Endo CLDN5 SLC7A5,0.9496843043694635,Endo CLDN5 SLC7A5,
GAGCCTGTCTGCGAGC-1,29,Endo CLDN5 SLC7A5,0.40677138209799285,PC P2RY14 GRM8,
GAGCCTGTCTTGGATG-1,13,OPC PDGFRA PCDH15,0.9999998836729025,OPC PDGFRA PCDH15,
GAGCTGCAGTTGTACC-1,36,L3-5 RORB GABRG1 PTPRO,0.3814085893497512,L3-5 RORB GABRG1 KCNH7,
GAGCTGCCATATGCGT-1,0,Oligo MOG OPALIN,0.9573678880571923,Oligo MOG OPALIN,
GAGCTGCGTACGAGCA-1,4,Oligo MOG OPALIN,0.3797596622573421,Endo CLDN5 SLC7A5,
GAGGCAAAGGGCCTCT-1,9,Endo CLDN5 SLC7A5,0.9069414171411307,Endo CLDN5 SLC7A5,
GAGGCAAAGGTGCTAG-1,17,Endo CLDN5 SLC7A5,0.9919202503074824,Endo CLDN5 SLC7A5,
GAGGCAAGTTTCTTAC-1,2,Astro GFAP AQP1,0.9966950609114327,Astro AQP4 SLC1A2,
GAGGCAATCATACGAC-1,26,InN PVALB PIEZO2,0.503324966250919,InN PVALB HPSE,
GAGGCAATCCGATGCG-1,2,Astro GFAP AQP1,0.4812070120851628,Astro AQP4 SLC1A2,
GAGGCAATCGCAGTCG-1,31,InN VIP HS3ST3B1,0.9952415933093889,InN VIP HS3ST3B1,
GAGGCAATCGTAGTCA-1,12,Endo CLDN5 SLC7A5,0.8213371830728672,Endo CLDN5 SLC7A5,
GAGGCCTCAACGTATC-1,38,Oligo MOG OPALIN,0.9755128210399299,Endo CLDN5 SLC7A5,
GAGGCCTCAATCGAAA-1,27,L2-3 CUX2 NTNG1 PALMD,0.3118330775825533,Endo CLDN5 SLC7A5,
GAGGCCTCACCGGAAA-1,4,Endo CLDN5 SLC7A5,0.8517872164665011,Endo CLDN5 SLC7A5,
GAGGCCTCACTCAGAT-1,27,Endo CLDN5 SLC7A5,0.9991663832833886,Endo CLDN5 SLC7A5,
GAGGCCTGTGGATCGA-1,11,InN SST THSD7B,0.9934616841155236,InN SST FREM1,
GAGGGATCAGCGAACA-1,35,Oligo MOG OPALIN,0.7224597569769914,Endo CLDN5 SLC7A5,
GAGGGTATCAACTACG-1,9,Endo CLDN5 SLC7A5,0.9609286435286329,Endo CLDN5 SLC7A5,
GAGTCATAGCGTATGG-1,24,Oligo MOG OPALIN,0.9898044883778363,Endo CLDN5 SLC7A5,
GAGTCATAGGTCATCT-1,16,Endo CLDN5 SLC7A5,0.5108046482166735,Endo CLDN5 SLC7A5,
GAGTCATTCTTTACAC-1,5,L2-3 CUX2 NTNG1 PALMD,0.8981310364974558,L2-3 CUX2 ACVR1C THSD7A,
GAGTCTAAGTTCATCG-1,2,Astro AQP4 SLC1A2,0.9190024261507526,Astro AQP4 SLC1A2,
GAGTCTACAAGACCTT-1,24,Oligo MOG OPALIN,0.8970397608250688,Endo CLDN5 SLC7A5,
GAGTCTAGTACGACAG-1,14,Endo CLDN5 SLC7A5,0.999155835465175,Endo CLDN5 SLC7A5,
GAGTGAGAGCTCAGAG-1,31,InN ADARB2 FAM19A1,0.9996606798439768,InN VIP HS3ST3B1,
GAGTGAGGTGAATATG-1,32,Oligo MOG OPALIN,0.996070481243574,Endo CLDN5 SLC7A5,
GAGTGAGTCTAGGAAA-1,17,Endo CLDN5 SLC7A5,0.9921685625578954,Endo CLDN5 SLC7A5,
GAGTGTTAGGGTCACA-1,22,Endo CLDN5 SLC7A5,0.3829837500988512,Endo CLDN5 SLC7A5,
GAGTGTTCATTGGATC-1,7,L3-5 RORB MKX GALR1,0.34376293183711215,L3-5 RORB MKX GRIN3A,
GAGTGTTGTGCATGTT-1,12,Endo CLDN5 SLC7A5,0.6379770464752219,Endo CLDN5 SLC7A5,
GAGTGTTGTTACCGTA-1,2,Endo CLDN5 SLC7A5,0.9045946180390463,Astro AQP4 SLC1A2,
GAGTTACAGAATAACC-1,23,Endo CLDN5 SLC7A5,0.9295820979622504,Endo CLDN5 SLC7A5,
GAGTTACAGATAGGGA-1,38,Endo CLDN5 SLC7A5,0.5716666885910975,Endo CLDN5 SLC7A5,
GAGTTACAGCAGCGAT-1,15,Endo CLDN5 SLC7A5,0.8637598684930908,Endo CLDN5 SLC7A5,
GAGTTACCAAGCTGTT-1,16,Endo CLDN5 SLC7A5,0.9875523737665054,Endo CLDN5 SLC7A5,
GAGTTACCACCTGTCT-1,17,Endo CLDN5 SLC7A5,0.6675650475759551,Endo CLDN5 SLC7A5,
GAGTTACGTGGTAACG-1,0,Oligo MOG OPALIN,0.9817520471975507,Oligo MOG OPALIN,
GAGTTACGTTTGGAAA-1,2,Astro AQP4 SLC1A2,0.8454120263722428,Astro AQP4 SLC1A2,
GAGTTACTCTGCAGCG-1,10,Endo CLDN5 SLC7A5,0.9915207969376157,Endo CLDN5 SLC7A5,
GAGTTGTAGACATCAA-1,37,Endo CLDN5 SLC7A5,0.8874159433377746,Endo CLDN5 SLC7A5,
GAGTTGTCATTGGCAT-1,43,Endo CLDN5 SLC7A5,0.7744920058752117,Endo CLDN5 SLC7A5,
GAGTTGTGTACAGGTG-1,8,Endo CLDN5 SLC7A5,0.960973203055214,Endo CLDN5 SLC7A5,
GAGTTGTTCGCTACGG-1,1,L2-3 CUX2 NTNG1 PALMD,0.8480056577591564,Endo CLDN5 SLC7A5,
GAGTTTGAGCTAGAAT-1,6,Oligo MOG OPALIN,0.9999995866659542,Oligo MOG OPALIN,
GAGTTTGTCCCTGGTT-1,29,Endo CLDN5 SLC7A5,0.9779113782050038,PC P2RY14 GRM8,
GATAGAAAGTCCTGCG-1,1,Endo CLDN5 SLC7A5,0.9752007762299835,Endo CLDN5 SLC7A5,
GATAGAACACCTGCAG-1,0,Oligo MOG OPALIN,0.9981581042413868,Oligo MOG OPALIN,
GATAGCTAGCCGATCC-1,0,Oligo MOG OPALIN,0.9999938757410826,Oligo MOG OPALIN,
GATAGCTCATGTCAGT-1,11,InN SST NPY,0.45260284149518504,InN SST FREM1,
GATAGCTGTCATATGC-1,19,Endo CLDN5 SLC7A5,0.9883965677175309,Endo CLDN5 SLC7A5,
GATAGCTGTCATGCAT-1,34,L6 FEZF2 NPFFR2 KCNK2,0.97933846650396,L6 FEZF2 NPFFR2 KCNK2,
GATAGCTTCACGACTA-1,21,L6 OPRK1 THEMIS RGS6,0.9816985151386904,L6 OPRK1 THEMIS RGS6,
GATCACAAGACTTCCA-1,23,Endo CLDN5 SLC7A5,0.37597185693432084,Endo CLDN5 SLC7A5,
GATCACAAGATGAACT-1,6,Oligo MOG OPALIN,0.9999245835042109,Oligo MOG OPALIN,
GATCACACAAGGTCTT-1,3,Micro P2RY12 APBB1IP,0.9792539556877594,Micro P2RY12 APBB1IP,
GATCACAGTAATTAGG-1,2,Endo CLDN5 SLC7A5,0.9383737868743464,Astro AQP4 SLC1A2,
GATCACAGTCTACAGT-1,15,L2-3 CUX2 NTNG1 PALMD,0.8795133832688116,Endo CLDN5 SLC7A5,
GATCACAGTTTACACG-1,1,L6 OPRK1 SMYD1 KCND2,0.32089815546473716,Endo CLDN5 SLC7A5,
GATCACATCATCACAG-1,32,Endo CLDN5 SLC7A5,0.983274798880017,Endo CLDN5 SLC7A5,
GATCACATCGAGAGAC-1,41,Oligo MOG OPALIN,0.9954813367106519,Oligo MOG OPALIN,
GATCAGTCAGATTCGT-1,1,Endo CLDN5 SLC7A5,0.9840611424793465,Endo CLDN5 SLC7A5,
GATCAGTGTTATGGTC-1,4,Endo CLDN5 SLC7A5,0.7333048117026265,Endo CLDN5 SLC7A5,
GATCAGTTCAAATGCC-1,9,Endo CLDN5 SLC7A5,0.9888388448438067,Endo CLDN5 SLC7A5,
GATCAGTTCCATTTCA-1,12,Endo CLDN5 SLC7A5,0.6363167578558455,Endo CLDN5 SLC7A5,
GATCATGGTCCTGGGT-1,4,Endo CLDN5 SLC7A5,0.8845186666791506,Endo CLDN5 SLC7A5,
GATCATGGTGGAGAAA-1,36,L3-5 RORB GABRG1 PTPRO,0.5660618545877071,L3-5 RORB GABRG1 KCNH7,
GATCATGTCGAACTCA-1,6,Oligo MOG OPALIN,0.9977014519634011,Oligo MOG OPALIN,
GATCATGTCTGCTGAA-1,20,Oligo MOG OPALIN,0.8834675999560548,Endo CLDN5 SLC7A5,
GATCCCTAGGGAGATA-1,22,Endo CLDN5 SLC7A5,0.32964611458679066,Endo CLDN5 SLC7A5,
GATCCCTAGTTGCCCG-1,8,Endo CLDN5 SLC7A5,0.9363789626392612,Endo CLDN5 SLC7A5,
GATCCCTAGTTGTCGT-1,19,Oligo MOG OPALIN,0.6830097941926696,Endo CLDN5 SLC7A5,
GATCCCTCAACAGCCC-1,14,Endo CLDN5 SLC7A5,0.6375083443466443,Endo CLDN5 SLC7A5,
GATCCCTCACCTCGTT-1,17,Endo CLDN5 SLC7A5,0.9498202190061165,Endo CLDN5 SLC7A5,
GATCCCTCATTAGGAA-1,22,Endo CLDN5 SLC7A5,0.7046377697041554,Endo CLDN5 SLC7A5,
GATCCCTTCCCTTGTG-1,12,Oligo MOG OPALIN,0.6945493387396735,Endo CLDN5 SLC7A5,
GATCCCTTCGGACTGC-1,10,Endo CLDN5 SLC7A5,0.6228216543603883,Endo CLDN5 SLC7A5,
GATCCCTTCTTCACAT-1,4,Endo CLDN5 SLC7A5,0.8046109499385345,Endo CLDN5 SLC7A5,
GATCGTAAGGCCTTCG-1,27,Oligo MOG OPALIN,0.7770248755584568,Endo CLDN5 SLC7A5,
GATCGTAGTACGAGTG-1,21,L6 OPRK1 THEMIS RGS6,0.9953337675195599,L6 OPRK1 THEMIS RGS6,
GATCGTATCCACTGAA-1,6,Oligo MOG OPALIN,0.7944996487694618,Oligo MOG OPALIN,
GATCGTATCCGGCAGT-1,23,Endo CLDN5 SLC7A5,0.9874767112191097,Endo CLDN5 SLC7A5,
GATGACTCAACACAAA-1,0,Oligo MOG OPALIN,0.991266717597295,Oligo MOG OPALIN,
GATGACTTCCACCCTA-1,0,Oligo MOG OPALIN,0.9952836355629779,Oligo MOG OPALIN,
GATGAGGCACTTCCTG-1,27,Endo CLDN5 SLC7A5,0.932317226577817,Endo CLDN5 SLC7A5,
GATGAGGCAGTCGGTC-1,16,Endo CLDN5 SLC7A5,0.6507006658778486,Endo CLDN5 SLC7A5,
GATGAGGGTATGCTAC-1,3,OPC PDGFRA PCDH15,0.9999952049273083,Micro P2RY12 APBB1IP,
GATGAGGGTGGTTTGT-1,3,Micro P2RY12 APBB1IP,0.9530812004147878,Micro P2RY12 APBB1IP,
GATGAGGTCGACGATT-1,27,Oligo MOG OPALIN,0.8765134247193935,Endo CLDN5 SLC7A5,
GATGATCCACATCATG-1,24,Endo CLDN5 SLC7A5,0.9050710203976298,Endo CLDN5 SLC7A5,
GATGATCCAGGGACTA-1,13,OPC PDGFRA PCDH15,0.9999836518965333,OPC PDGFRA PCDH15,
GATGATCTCCCAATAG-1,17,Oligo MOG OPALIN,0.9854080378228403,Endo CLDN5 SLC7A5,
GATGATCTCCGATGTA-1,3,Micro P2RY12 APBB1IP,0.9892190209399395,Micro P2RY12 APBB1IP,
GATGCTAAGACCAAAT-1,4,Oligo MOG OPALIN,0.4741164856846105,Endo CLDN5 SLC7A5,
GATGCTAGTCACCCTT-1,21,L6 OPRK1 SMYD1 ADAMTS17,0.9935842657559705,L6 OPRK1 THEMIS RGS6,
GATGCTATCATTCATC-1,6,Oligo MOG OPALIN,0.9999731060657899,Oligo MOG OPALIN,
GATGCTATCTATCGCC-1,7,L3-5 RORB GABRG1 PTPRO,0.7139001370045992,L3-5 RORB MKX GRIN3A,
GATGGAGCACTGCTTC-1,12,Endo CLDN5 SLC7A5,0.7758724488666429,Endo CLDN5 SLC7A5,
GATGGAGCAGAGAATT-1,25,Endo CLDN5 SLC7A5,0.9394958437593267,Endo CLDN5 SLC7A5,
GATGGAGTCACGTCCT-1,4,Endo CLDN5 SLC7A5,0.9650479158336178,Endo CLDN5 SLC7A5,
GATGTTGCAGTATTCG-1,6,Oligo MOG OPALIN,0.998804934253329,Oligo MOG OPALIN,
GATGTTGGTCAAAGAT-1,11,InN SST FREM1,0.9996110882708493,InN SST FREM1,
GATTCGAAGTCTGGTT-1,25,Endo CLDN5 SLC7A5,0.8646833031784812,Endo CLDN5 SLC7A5,
GATTCGACAAATTAGG-1,2,Endo CLDN5 SLC7A5,0.7842096781421672,Astro AQP4 SLC1A2,
GATTCGACACTTGACA-1,3,Micro P2RY12 APBB1IP,0.4876150700830977,Micro P2RY12 APBB1IP,
GATTCGAGTGCGAGTA-1,5,L2-4 CUX2 RORB CLMN,0.7883504398561325,L2-3 CUX2 ACVR1C THSD7A,
GATTCTTCAGGAATAT-1,25,Endo CLDN5 SLC7A5,0.9812170649546261,Endo CLDN5 SLC7A5,
GATTCTTGTATGTCAC-1,1,Endo CLDN5 SLC7A5,0.41597104850642186,Endo CLDN5 SLC7A5,
GATTCTTTCGGCTATA-1,42,PC P2RY14 GRM8,0.999957565123171,PC P2RY14 GRM8,
GATTGGTAGTGTAGTA-1,1,Endo CLDN5 SLC7A5,0.998724515232441,Endo CLDN5 SLC7A5,
GATTGGTCAGCGTACC-1,0,Oligo MOG OPALIN,0.7301742131671376,Oligo MOG OPALIN,
GATTGGTGTAGTCTTG-1,25,Endo CLDN5 SLC7A5,0.9359672105319036,Endo CLDN5 SLC7A5,
GATTGGTGTTCGTACA-1,5,L2-3 CUX2 NTNG1 PALMD,0.656036416796583,L2-3 CUX2 ACVR1C THSD7A,
GATTTCTAGAGGTATT-1,25,Endo CLDN5 SLC7A5,0.9943075829651892,Endo CLDN5 SLC7A5,
GATTTCTAGGACAGTC-1,26,InN PVALB SYT2,0.9775479458589289,InN PVALB HPSE,
GATTTCTAGTGGAATT-1,0,Oligo MOG OPALIN,0.9252071111327844,Oligo MOG OPALIN,
GATTTCTGTCCAGGTC-1,8,Endo CLDN5 SLC7A5,0.9796471540306964,Endo CLDN5 SLC7A5,
GATTTCTGTCGCATCG-1,4,Endo CLDN5 SLC7A5,0.7763329033500624,Endo CLDN5 SLC7A5,
GATTTCTTCAAGCTTG-1,20,Oligo MOG OPALIN,0.9669695946831951,Endo CLDN5 SLC7A5,
GATTTCTTCGATACGT-1,16,Endo CLDN5 SLC7A5,0.5687265286524327,Endo CLDN5 SLC7A5,
GATTTCTTCGGAACTT-1,46,L3-5 RORB GABRG1 PLCH1,0.9229971236423378,L3-5 RORB PCBP3 IL1RAPL2,
GCAACATCACGTAGAG-1,8,Oligo MOG OPALIN,0.8003389576196435,Endo CLDN5 SLC7A5,
GCAACATGTCTGTAGT-1,21,L6 OPRK1 THEMIS RGS6,0.9980335983853403,L6 OPRK1 THEMIS RGS6,
GCAACATTCACTTATC-1,1,InN PVALB HPSE,0.44819298942863167,Endo CLDN5 SLC7A5,
GCAACCGAGCCTCAAT-1,4,Endo CLDN5 SLC7A5,0.9971638557655866,Endo CLDN5 SLC7A5,
GCAACCGCAAGCAGGT-1,19,Endo CLDN5 SLC7A5,0.9953099658933959,Endo CLDN5 SLC7A5,
GCAACCGGTTTCGATG-1,9,Oligo MOG OPALIN,0.975478925538493,Endo CLDN5 SLC7A5,
GCACATAGTGCAACGA-1,29,PC P2RY14 GRM8,0.9993408905798209,PC P2RY14 GRM8,
GCACATATCATGGAGG-1,4,Endo CLDN5 SLC7A5,0.8559325439855628,Endo CLDN5 SLC7A5,
GCACATATCCGCGGAT-1,15,Endo CLDN5 SLC7A5,0.9884301654876558,Endo CLDN5 SLC7A5,
GCACGGTAGCGATCGA-1,0,Oligo MOG OPALIN,0.9998986238945431,Oligo MOG OPALIN,
GCACGGTCACATGACT-1,10,Endo CLDN5 SLC7A5,0.9602258446099676,Endo CLDN5 SLC7A5,
GCACGGTGTTGACTAC-1,16,Endo CLDN5 SLC7A5,0.9122231915517671,Endo CLDN5 SLC7A5,
GCACGGTTCACTTATC-1,42,PC P2RY14 GRM8,0.9998765614148573,PC P2RY14 GRM8,
GCACGGTTCGACCAAT-1,28,Endo CLDN5 SLC7A5,0.9499662519659178,Endo CLDN5 SLC7A5,
GCACGTGAGAAACACT-1,4,Endo CLDN5 SLC7A5,0.5190050265913225,Endo CLDN5 SLC7A5,
GCACGTGAGCCGATCC-1,4,Endo CLDN5 SLC7A5,0.7624267157545586,Endo CLDN5 SLC7A5,
GCACGTGAGTATGACA-1,21,L6 OPRK1 THEMIS RGS6,0.9979608776587613,L6 OPRK1 THEMIS RGS6,
GCACGTGAGTGTACAA-1,14,Endo CLDN5 SLC7A5,0.8014898399147491,Endo CLDN5 SLC7A5,
GCACGTGTCCATAGAC-1,26,InN PVALB HPSE,0.7626106081391006,InN PVALB HPSE,
GCACGTGTCTAGATCG-1,10,Endo CLDN5 SLC7A5,0.6917253748657949,Endo CLDN5 SLC7A5,
GCACTAACATAGTCGT-1,16,Endo CLDN5 SLC7A5,0.6663142369373879,Endo CLDN5 SLC7A5,
GCACTAAGTCAGGTGA-1,20,L2-3 CUX2 NTNG1 PALMD,0.4296403816076679,Endo CLDN5 SLC7A5,
GCACTAAGTCTACACA-1,1,Endo CLDN5 SLC7A5,0.9982176524298056,Endo CLDN5 SLC7A5,
GCACTAAGTCTCGGAC-1,9,L2-3 CUX2 NTNG1 PALMD,0.7585442173194151,Endo CLDN5 SLC7A5,
GCAGCCAAGCTGGTGA-1,9,Oligo MOG OPALIN,0.5149935963826904,Endo CLDN5 SLC7A5,
GCAGCCATCGAGCCAC-1,2,Astro AQP4 SLC1A2,0.6697100039420384,Astro AQP4 SLC1A2,
GCAGCTGCACTAACGT-1,34,L5 FEZF2 BCL11B POU3F1,0.9234345466756982,L6 FEZF2 NPFFR2 KCNK2,
GCAGCTGCACTAGGCC-1,7,L3-5 RORB MKX DCC,0.9789179687965196,L3-5 RORB MKX GRIN3A,
GCAGCTGCATGCCGAC-1,15,Endo CLDN5 SLC7A5,0.9399796356576531,Endo CLDN5 SLC7A5,
GCAGCTGGTATGTCAC-1,20,Endo CLDN5 SLC7A5,0.7526537554944027,Endo CLDN5 SLC7A5,
GCAGCTGGTCTAGGCC-1,20,Endo CLDN5 SLC7A5,0.9448532687293453,Endo CLDN5 SLC7A5,
GCAGCTGGTTGCTCGG-1,3,Micro P2RY12 APBB1IP,0.8453520325471806,Micro P2RY12 APBB1IP,
GCAGGCTCATACCGTA-1,1,Endo CLDN5 SLC7A5,0.9514095433772012,Endo CLDN5 SLC7A5,
GCAGGCTCATGAAGCG-1,18,Endo CLDN5 SLC7A5,0.9970503516244673,Endo CLDN5 SLC7A5,
GCAGGCTTCATCGCTC-1,17,Oligo MOG OPALIN,0.3319404316959587,Endo CLDN5 SLC7A5,
GCAGGCTTCTTGGCTC-1,9,Oligo MOG OPALIN,0.8043685385906966,Endo CLDN5 SLC7A5,
GCAGTTAAGTGGTGGT-1,15,Endo CLDN5 SLC7A5,0.9688378389540387,Endo CLDN5 SLC7A5,
GCAGTTACAAGAGTGC-1,6,Oligo MOG OPALIN,0.9999941214527635,Oligo MOG OPALIN,
GCAGTTATCATTCGTT-1,1,Endo CLDN5 SLC7A5,0.9928787397659412,Endo CLDN5 SLC7A5,
GCAGTTATCCATGCAA-1,7,L3-5 RORB MKX GRIN3A,0.4768874938739844,L3-5 RORB MKX GRIN3A,
GCATCGGAGATCCCGC-1,5,L2-4 CUX2 RORB CLMN,0.3867604882395264,L2-3 CUX2 ACVR1C THSD7A,
GCATCGGAGCTCGAAG-1,7,L3-5 RORB MKX GRIN3A,0.9969270303584356,L3-5 RORB MKX GRIN3A,
GCATCGGCAACAAGTA-1,22,Endo CLDN5 SLC7A5,0.9223955338685851,Endo CLDN5 SLC7A5,
GCATCGGGTATCAGGG-1,10,Endo CLDN5 SLC7A5,0.8243915797572104,Endo CLDN5 SLC7A5,
GCATCGGGTCAGCTTA-1,34,L6 FEZF2 NPFFR2 TPD52L1,0.972071769068815,L6 FEZF2 NPFFR2 KCNK2,
GCATCGGTCATGAGAA-1,31,InN ADARB2 FAM19A1,0.7696996074436664,InN VIP HS3ST3B1,
GCATCGGTCGATTCCC-1,24,Endo CLDN5 SLC7A5,0.9415267357808744,Endo CLDN5 SLC7A5,
GCATCTCAGCTGACCC-1,30,L2-3 CUX2 NTNG1 PALMD,0.30883755853999234,Endo CLDN5 SLC7A5,
GCATCTCCATTACTCT-1,6,Oligo MOG OPALIN,0.9999951730641959,Oligo MOG OPALIN,
GCATCTCTCCTACACC-1,3,Micro P2RY12 APBB1IP,0.874811768537364,Micro P2RY12 APBB1IP,
GCATCTCTCGGCGATC-1,37,Oligo MOG OPALIN,0.4318674895179933,Endo CLDN5 SLC7A5,
GCATGATAGCATGCGA-1,3,Micro P2RY12 APBB1IP,0.9916913320237924,Micro P2RY12 APBB1IP,
GCATGATAGCCTGGAA-1,45,Endo CLDN5 SLC7A5,0.7260175889558911,Endo CLDN5 SLC7A5,
GCATGATCACAGCCTG-1,25,Endo CLDN5 SLC7A5,0.697758988177479,Endo CLDN5 SLC7A5,
GCATGATCACGCTATA-1,29,Endo CLDN5 SLC7A5,0.6828984214042896,PC P2RY14 GRM8,
GCATGATGTCCACATA-1,27,Endo CLDN5 SLC7A5,0.873284165003331,Endo CLDN5 SLC7A5,
GCATGATTCAGTCTTT-1,22,Endo CLDN5 SLC7A5,0.9952938383683609,Endo CLDN5 SLC7A5,
GCATTAGAGGCTAACG-1,28,L2-3 CUX2 NTNG1 PALMD,0.6717811084683314,Endo CLDN5 SLC7A5,
GCATTAGGTCCACTTC-1,28,Endo CLDN5 SLC7A5,0.45216296012384927,Endo CLDN5 SLC7A5,
GCATTAGTCGACATAC-1,6,Oligo MOG GSN,0.999843950911295,Oligo MOG OPALIN,
GCATTAGTCGTAACCA-1,14,Endo CLDN5 SLC7A5,0.33644110265823446,Endo CLDN5 SLC7A5,
GCCAACGAGGCATCAG-1,19,Endo CLDN5 SLC7A5,0.9881425070394559,Endo CLDN5 SLC7A5,
GCCAACGCAATCAGCT-1,1,Endo CLDN5 SLC7A5,0.9125109376663755,Endo CLDN5 SLC7A5,
GCCAACGCAGCGAGTA-1,2,Endo CLDN5 SLC7A5,0.956456175920965,Astro AQP4 SLC1A2,
GCCAACGTCAAGCGTT-1,17,Oligo MOG OPALIN,0.9328492769983229,Endo CLDN5 SLC7A5,
GCCAGCAAGACAAGCC-1,2,Astro GFAP AQP1,0.9992167085802576,Astro AQP4 SLC1A2,
GCCAGCACACCGTGGT-1,28,Endo CLDN5 SLC7A5,0.9979233030354971,Endo CLDN5 SLC7A5,
GCCAGCACATCTAACG-1,6,Oligo MOG OPALIN,0.9982019088351609,Oligo MOG OPALIN,
GCCAGCATCGCTGCGA-1,12,Endo CLDN5 SLC7A5,0.9994397365457879,Endo CLDN5 SLC7A5,
GCCAGGTGTGGGCTCT-1,19,Endo CLDN5 SLC7A5,0.9543948467701656,Endo CLDN5 SLC7A5,
GCCAGGTTCGACATTG-1,0,InN SST FREM1,0.8761365653899721,Oligo MOG OPALIN,
GCCAGGTTCTAGGCAT-1,17,Endo CLDN5 SLC7A5,0.9942557370111074,Endo CLDN5 SLC7A5,
GCCAGGTTCTTCGTGC-1,2,Astro AQP4 SLC1A2,0.9977556759325198,Astro AQP4 SLC1A2,
GCCAGGTTCTTGCGCT-1,12,Oligo MOG OPALIN,0.9488613025074955,Endo CLDN5 SLC7A5,
GCCAGTGCACTACCCT-1,5,L2-4 CUX2 RORB CLMN,0.7443721411177143,L2-3 CUX2 ACVR1C THSD7A,
GCCAGTGGTAATGCTC-1,12,Endo CLDN5 SLC7A5,0.38815392140323385,Endo CLDN5 SLC7A5,
GCCAGTGGTACGATTC-1,2,Astro AQP4 SLC1A2,0.5908734133828619,Astro AQP4 SLC1A2,
GCCAGTGTCAATCGGT-1,38,Endo CLDN5 SLC7A5,0.9285552471305484,Endo CLDN5 SLC7A5,
GCCATGGAGAATGTTG-1,2,Astro GFAP AQP1,0.5662495572276458,Astro AQP4 SLC1A2,
GCCATGGGTCGTTGCG-1,5,Oligo MOG OPALIN,0.9276817762992905,L2-3 CUX2 ACVR1C THSD7A,
GCCATGGGTGCGAGTA-1,17,Endo CLDN5 SLC7A5,0.41095093908532043,Endo CLDN5 SLC7A5,
GCCATTCAGCCTATCA-1,1,Endo CLDN5 SLC7A5,0.4490719571447841,Endo CLDN5 SLC7A5,
GCCATTCGTCGTTGGC-1,5,L2-3 CUX2 ACVR1C THSD7A,0.3812613989571928,L2-3 CUX2 ACVR1C THSD7A,
GCCATTCGTGACGCCT-1,23,Endo CLDN5 SLC7A5,0.9523679581878745,Endo CLDN5 SLC7A5,
GCCATTCTCGCTTACC-1,9,Endo CLDN5 SLC7A5,0.9559931186971428,Endo CLDN5 SLC7A5,
GCCATTCTCTCCGAGG-1,21,L6 OPRK1 THEMIS RGS6,0.6658688636824487,L6 OPRK1 THEMIS RGS6,
GCCCGAAAGATGACCG-1,19,Endo CLDN5 SLC7A5,0.5569580746686177,Endo CLDN5 SLC7A5,
GCCCGAAAGGGCATGT-1,9,Endo CLDN5 SLC7A5,0.9871144070914766,Endo CLDN5 SLC7A5,
GCCCGAAGTGCATTAC-1,2,Astro AQP4 SLC1A2,0.9810903953061443,Astro AQP4 SLC1A2,
GCCCGAATCCCAACTC-1,46,L3-5 RORB PCBP3 LINGO2,0.8581188526539419,L3-5 RORB PCBP3 IL1RAPL2,
GCCGATGCAACAAGAT-1,9,Endo CLDN5 SLC7A5,0.9962763487108461,Endo CLDN5 SLC7A5,
GCCGATGGTGATGAAT-1,12,Endo CLDN5 SLC7A5,0.9752747348192154,Endo CLDN5 SLC7A5,
GCCGATGGTGGGCTCT-1,32,Endo CLDN5 SLC7A5,0.8817029306034522,Endo CLDN5 SLC7A5,
GCCGATGGTTCCTAAG-1,16,Endo CLDN5 SLC7A5,0.773380359321678,Endo CLDN5 SLC7A5,
GCCGTGACAATTGTGC-1,19,Endo CLDN5 SLC7A5,0.5588173299083409,Endo CLDN5 SLC7A5,
GCCGTGAGTCTGATAC-1,15,Oligo MOG OPALIN,0.568246770222373,Endo CLDN5 SLC7A5,
GCCGTGATCCGGTTCT-1,35,Endo CLDN5 SLC7A5,0.9345150287108533,Endo CLDN5 SLC7A5,
GCCTGTTAGCGCCTTG-1,18,Endo CLDN5 SLC7A5,0.4098448473327429,Endo CLDN5 SLC7A5,
GCCTGTTAGCTCTATG-1,32,Endo CLDN5 SLC7A5,0.35586742438570595,Endo CLDN5 SLC7A5,
GCCTGTTCACGATTCA-1,9,Endo CLDN5 SLC7A5,0.9933282151282113,Endo CLDN5 SLC7A5,
GCCTGTTCAGACCAAG-1,28,Endo CLDN5 SLC7A5,0.8386958505455763,Endo CLDN5 SLC7A5,
GCCTGTTCATCAGCGC-1,28,Endo CLDN5 SLC7A5,0.6635057355997689,Endo CLDN5 SLC7A5,
GCCTGTTGTCTTCGAA-1,24,Oligo MOG OPALIN,0.46750869287014263,Endo CLDN5 SLC7A5,
GCCTGTTGTTCCGCAG-1,8,Endo CLDN5 SLC7A5,0.4354566128256782,Endo CLDN5 SLC7A5,
GCCTGTTTCCTTATAC-1,4,Endo CLDN5 SLC7A5,0.8830709583727125,Endo CLDN5 SLC7A5,
GCCTGTTTCTCCGTGT-1,3,Micro P2RY12 APBB1IP,0.9866264985743846,Micro P2RY12 APBB1IP,
GCGATCGAGCGATGCA-1,7,L3-5 RORB MKX GRIN3A,0.5301237709042874,L3-5 RORB MKX GRIN3A,
GCGATCGCAAGTATCC-1,5,L2-4 CUX2 RORB CLMN,0.5268046875208755,L2-3 CUX2 ACVR1C THSD7A,
GCGATCGGTGTATTGC-1,12,Oligo MOG OPALIN,0.9708743915871209,Endo CLDN5 SLC7A5,
GCGATCGGTTTACTGG-1,31,InN VIP MEGF11 LHFP,0.4937395003863529,InN VIP HS3ST3B1,
GCGGAAACAGCACAGA-1,3,Micro P2RY12 APBB1IP,0.8462222270392592,Micro P2RY12 APBB1IP,
GCGGAAAGTGTTCGAT-1,18,Endo CLDN5 SLC7A5,0.39953759300973385,Endo CLDN5 SLC7A5,
GCGGAAAGTTGCATGT-1,0,Oligo MOG OPALIN,0.9999570355734223,Oligo MOG OPALIN,
GCGGATCCAAATACAG-1,4,Endo CLDN5 SLC7A5,0.9799441248128726,Endo CLDN5 SLC7A5,
GCGGATCGTACGAGCA-1,5,Oligo MOG OPALIN,0.958342659076817,L2-3 CUX2 ACVR1C THSD7A,
GCGGATCGTTATTCTC-1,8,Endo CLDN5 SLC7A5,0.7816916768036133,Endo CLDN5 SLC7A5,
GCGGATCTCGCCAGTG-1,0,Oligo MOG OPALIN,0.9870176571927911,Oligo MOG OPALIN,
GCGTGCACATCAGTCA-1,0,Oligo MOG OPALIN,0.9999999902110556,Oligo MOG OPALIN,
GCGTGCATCTTGGTGA-1,1,Endo CLDN5 SLC7A5,0.9827433885113939,Endo CLDN5 SLC7A5,
GCGTTTCCAGAAATTG-1,15,Endo CLDN5 SLC7A5,0.3258252792787609,Endo CLDN5 SLC7A5,
GCGTTTCCAGAGATGC-1,1,Endo CLDN5 SLC7A5,0.5577431693746157,Endo CLDN5 SLC7A5,
GCGTTTCCATCATCTT-1,4,Endo CLDN5 SLC7A5,0.9886441800184271,Endo CLDN5 SLC7A5,
GCGTTTCTCAGCCTCT-1,6,Oligo MOG OPALIN,0.9999951015692882,Oligo MOG OPALIN,
GCTACAACATGCAGCC-1,1,Oligo MOG OPALIN,0.470755855020461,Endo CLDN5 SLC7A5,
GCTACAATCCATGATG-1,4,Oligo MOG OPALIN,0.495152355472682,Endo CLDN5 SLC7A5,
GCTACAATCGCAGTGC-1,16,Endo CLDN5 SLC7A5,0.3926324188295383,Endo CLDN5 SLC7A5,
GCTACCTAGGCACCAA-1,13,Oligo MOG OPALIN,0.40902485105198655,OPC PDGFRA PCDH15,
GCTACCTAGTTGCCTA-1,2,Endo CLDN5 SLC7A5,0.3925507250849171,Astro AQP4 SLC1A2,
GCTACCTCAAGCAGGT-1,25,Endo CLDN5 SLC7A5,0.9947160797820473,Endo CLDN5 SLC7A5,
GCTACCTCAGCTGTCG-1,14,Oligo MOG OPALIN,0.4086641971851988,Endo CLDN5 SLC7A5,
GCTACCTGTCTACGTA-1,20,Endo CLDN5 SLC7A5,0.8123382818544206,Endo CLDN5 SLC7A5,
GCTACCTTCCCGAAAT-1,21,L6 OPRK1 THEMIS RGS6,0.34481087113244113,L6 OPRK1 THEMIS RGS6,
GCTACCTTCTAGTACG-1,19,Endo CLDN5 SLC7A5,0.7831531957748771,Endo CLDN5 SLC7A5,
GCTCAAAAGTCTTGGT-1,22,Endo CLDN5 SLC7A5,0.9305374060603803,Endo CLDN5 SLC7A5,
GCTCAAACAAGATTGA-1,6,Oligo MOG OPALIN,0.9999993490617286,Oligo MOG OPALIN,
GCTCAAACATCCGAGC-1,20,Endo CLDN5 SLC7A5,0.5418801992449004,Endo CLDN5 SLC7A5,
GCTCAAAGTCCGGTCA-1,17,Endo CLDN5 SLC7A5,0.9447787378163193,Endo CLDN5 SLC7A5,
GCTCAAAGTCGGTGAA-1,5,L2-3 CUX2 ACVR1C THSD7A,0.8622245967907872,L2-3 CUX2 ACVR1C THSD7A,
GCTCAAAGTGACTGTT-1,30,Endo CLDN5 SLC7A5,0.9846545755897385,Endo CLDN5 SLC7A5,
GCTCAAAGTTGTTGAC-1,11,InN SST HTR2C,0.7471789832405357,InN SST FREM1,
GCTGAATAGACAAGCC-1,2,Astro AQP4 SLC1A2,0.680872298534586,Astro AQP4 SLC1A2,
GCTGAATAGTACCGGA-1,8,L3-5 RORB GABRG1 PTPRO,0.3417325138089541,Endo CLDN5 SLC7A5,
GCTGCAGAGGAGACCT-1,9,L2-3 CUX2 NTNG1 PALMD,0.7749777808766776,Endo CLDN5 SLC7A5,
GCTGCAGAGTACCGGA-1,38,L2-3 CUX2 NTNG1 PALMD,0.7502496421261967,Endo CLDN5 SLC7A5,
GCTGCAGGTGCATCTA-1,21,L6 OPRK1 THEMIS RGS6,0.6653245906480013,L6 OPRK1 THEMIS RGS6,
GCTGGGTCACTGCTTC-1,19,Endo CLDN5 SLC7A5,0.8064874262428267,Endo CLDN5 SLC7A5,
GCTGGGTGTACCTAGT-1,7,L3-5 RORB MKX GRIN3A,0.9778689318382282,L3-5 RORB MKX GRIN3A,
GCTGGGTGTTATAGAG-1,12,Endo CLDN5 SLC7A5,0.867237610104105,Endo CLDN5 SLC7A5,
GCTGGGTTCATGCGGC-1,13,OPC PDGFRA PCDH15,0.9999999999957452,OPC PDGFRA PCDH15,
GCTTCACGTCTCGACG-1,37,SMC ACTA2 CNN1,0.9969652900853463,Endo CLDN5 SLC7A5,
GCTTCACGTGCTCCGA-1,3,Oligo MOG OPALIN,0.7112773353396699,Micro P2RY12 APBB1IP,
GCTTCACTCATGCCCT-1,13,OPC PDGFRA PCDH15,0.9999999999992228,OPC PDGFRA PCDH15,
GCTTCACTCTTGGTGA-1,4,Endo CLDN5 SLC7A5,0.7978654423883574,Endo CLDN5 SLC7A5,
GCTTGGGAGAGATCGC-1,13,OPC PDGFRA PCDH15,0.9999999999999727,OPC PDGFRA PCDH15,
GCTTGGGCAATCAGCT-1,27,Endo CLDN5 SLC7A5,0.9945481254834535,Endo CLDN5 SLC7A5,
GCTTGGGCAGTAGTTC-1,5,L2-3 CUX2 NTNG1 COL5A2,0.795781395794546,L2-3 CUX2 ACVR1C THSD7A,
GCTTGGGTCATACGGT-1,4,Endo CLDN5 SLC7A5,0.997949448953184,Endo CLDN5 SLC7A5,
GCTTGGGTCGCAGTCG-1,37,Endo CLDN5 SLC7A5,0.42734015570825956,Endo CLDN5 SLC7A5,
GCTTTCGAGATTGCGG-1,0,Endo CLDN5 SLC7A5,0.4611205762364993,Oligo MOG OPALIN,
GCTTTCGAGTCATCCA-1,7,L3-5 RORB MKX DCC,0.6619896244449169,L3-5 RORB MKX GRIN3A,
GCTTTCGGTAATACCC-1,16,Oligo MOG OPALIN,0.8060073324672667,Endo CLDN5 SLC7A5,
GCTTTCGGTTTCGCTC-1,0,Oligo MOG OPALIN,0.9999980380820164,Oligo MOG OPALIN,
GCTTTCGTCCAGTACA-1,4,L2-3 CUX2 NTNG1 PALMD,0.9888991606564009,Endo CLDN5 SLC7A5,
GCTTTCGTCGGAGCAA-1,6,Oligo MOG OPALIN,0.9999997670369246,Oligo MOG OPALIN,
GGAACCCAGGTTTGAA-1,1,Endo CLDN5 SLC7A5,0.8915924369374704,Endo CLDN5 SLC7A5,
GGAACCCAGTCTAGCT-1,32,Endo CLDN5 SLC7A5,0.4922676281430842,Endo CLDN5 SLC7A5,
GGAACCCGTAGAATAC-1,26,InN PVALB HPSE,0.9161992798234223,InN PVALB HPSE,
GGAACCCGTCCGAAAG-1,0,Oligo MOG OPALIN,0.999964487926731,Oligo MOG OPALIN,
GGAACCCTCATCCTGC-1,8,Endo CLDN5 SLC7A5,0.880565394499748,Endo CLDN5 SLC7A5,
GGAAGTGAGGTTCAGG-1,10,Oligo MOG OPALIN,0.5884936275153024,Endo CLDN5 SLC7A5,
GGAAGTGGTACGGATG-1,16,Endo CLDN5 SLC7A5,0.7889970450686982,Endo CLDN5 SLC7A5,
GGAAGTGGTATCCTCC-1,7,Endo CLDN5 SLC7A5,0.7737462566223374,L3-5 RORB MKX GRIN3A,
GGAAGTGGTATTTCTC-1,6,Oligo MOG OPALIN,0.9999999381934772,Oligo MOG OPALIN,
GGAAGTGGTCGAGCTC-1,18,Endo CLDN5 SLC7A5,0.9422722871537085,Endo CLDN5 SLC7A5,
GGAAGTGGTGAGGATC-1,3,Micro P2RY12 APBB1IP,0.9862170093740575,Micro P2RY12 APBB1IP,
GGAAGTGGTTCCAGGC-1,7,L3-5 RORB MKX GRIN3A,0.9795788116310294,L3-5 RORB MKX GRIN3A,
GGAAGTGGTTTGGGTT-1,8,Oligo MOG OPALIN,0.9962301565452002,Endo CLDN5 SLC7A5,
GGAATCTCAGGTGACA-1,26,InN PVALB HPSE,0.9981042027460144,InN PVALB HPSE,
GGAATCTGTTGCGAAG-1,11,Oligo MOG OPALIN,0.6164622774228901,InN SST FREM1,
GGAATGGAGAACTGAT-1,16,Endo CLDN5 SLC7A5,0.6115401179873504,Endo CLDN5 SLC7A5,
GGAATGGCAAGTCGTT-1,4,Endo CLDN5 SLC7A5,0.5753859900088072,Endo CLDN5 SLC7A5,
GGACGTCAGATTGAGT-1,34,L6 FEZF2 NPFFR2 KCNK2,0.9340961747779537,L6 FEZF2 NPFFR2 KCNK2,
GGACGTCCAATCGTCA-1,10,Endo CLDN5 SLC7A5,0.8761907186115497,Endo CLDN5 SLC7A5,
GGACGTCCATGACACT-1,9,Endo CLDN5 SLC7A5,0.9373165034939274,Endo CLDN5 SLC7A5,
GGAGAACAGAGTACCG-1,18,Endo CLDN5 SLC7A5,0.8490363319072479,Endo CLDN5 SLC7A5,
GGAGAACAGCGCCTTG-1,48,Endo CLDN5 SLC7A5,0.8540622814200589,Endo CLDN5 SLC7A5,
GGAGAACCAAGCCATT-1,28,Endo CLDN5 SLC7A5,0.9560116647595136,Endo CLDN5 SLC7A5,
GGAGAACCACTAGAGG-1,17,Endo CLDN5 SLC7A5,0.8693919668998188,Endo CLDN5 SLC7A5,
GGAGAACGTAGCTTGT-1,2,Astro AQP4 SLC1A2,0.7404128264887625,Astro AQP4 SLC1A2,
GGAGATGCAAGTATAG-1,0,Oligo MOG OPALIN,0.9717808016253321,Oligo MOG OPALIN,
GGAGATGGTTCAATCG-1,24,Oligo MOG OPALIN,0.977496502196445,Endo CLDN5 SLC7A5,
GGAGCAAAGGGTAATT-1,6,Oligo MOG OPALIN,0.9999858565640872,Oligo MOG OPALIN,
GGAGCAACAGTGCGCT-1,18,Endo CLDN5 SLC7A5,0.7339000146563082,Endo CLDN5 SLC7A5,
GGAGGATCATTGACTG-1,35,L2-3 CUX2 NTNG1 PALMD,0.3562226260430519,Endo CLDN5 SLC7A5,
GGAGGATGTAATGCTC-1,7,Oligo MOG OPALIN,0.9450249233616597,L3-5 RORB MKX GRIN3A,
GGAGGTAAGGCCCACT-1,10,Endo CLDN5 SLC7A5,0.8976835924299912,Endo CLDN5 SLC7A5,
GGAGGTAGTGCGGATA-1,29,Endo CLDN5 SLC7A5,0.835518250942458,PC P2RY14 GRM8,
GGAGGTATCTTCCGTG-1,43,Oligo MOG OPALIN,0.7739779576429543,Endo CLDN5 SLC7A5,
GGATCTAAGCAGCCCT-1,21,L2-3 CUX2 NTNG1 PLCH1,0.41030073269063894,L6 OPRK1 THEMIS RGS6,
GGATCTAAGGAGTCTG-1,20,Endo CLDN5 SLC7A5,0.7231289000673279,Endo CLDN5 SLC7A5,
GGATCTACACCGGTCA-1,40,L2-3 CUX2 NTNG1 PALMD,0.6077761344924033,Endo CLDN5 SLC7A5,
GGATCTAGTGAGACGT-1,12,Oligo MOG OPALIN,0.8917691748820012,Endo CLDN5 SLC7A5,
GGATCTATCCATCTAT-1,6,Oligo MOG OPALIN,0.9999568481824561,Oligo MOG OPALIN,
GGATCTATCGCTTTAT-1,4,Endo CLDN5 SLC7A5,0.8507667524975582,Endo CLDN5 SLC7A5,
GGATGTTGTCAAGCGA-1,6,Oligo MOG OPALIN,0.9999931632797747,Oligo MOG OPALIN,
GGATGTTTCACGTCCT-1,20,Oligo MOG OPALIN,0.7982611486686934,Endo CLDN5 SLC7A5,
GGATGTTTCTATCGCC-1,43,Endo CLDN5 SLC7A5,0.4410267736937742,Endo CLDN5 SLC7A5,
GGATGTTTCTGCATGA-1,13,OPC PDGFRA PCDH15,0.7847741522659911,OPC PDGFRA PCDH15,
GGCACGTAGCAAGTGC-1,32,Endo CLDN5 SLC7A5,0.7921570418176013,Endo CLDN5 SLC7A5,
GGCACGTCACCATATG-1,26,InN PVALB SYT2,0.7426147525877729,InN PVALB HPSE,
GGCACGTGTACGATTC-1,1,Endo CLDN5 SLC7A5,0.9872179883168887,Endo CLDN5 SLC7A5,
GGCACGTGTTTAGAGA-1,18,Endo CLDN5 SLC7A5,0.7083324649145795,Endo CLDN5 SLC7A5,
GGCACGTTCCCATAAG-1,14,Endo CLDN5 SLC7A5,0.42526605966686165,Endo CLDN5 SLC7A5,
GGCAGTCAGCTAATGA-1,4,Endo CLDN5 SLC7A5,0.4934935696850714,Endo CLDN5 SLC7A5,
GGCAGTCAGTAGACAT-1,24,Endo CLDN5 SLC7A5,0.8877698334541159,Endo CLDN5 SLC7A5,
GGCAGTCGTACCTAAC-1,6,Oligo MOG OPALIN,0.8704096714325873,Oligo MOG OPALIN,
GGCAGTCGTTCACGAT-1,4,Endo CLDN5 SLC7A5,0.964178996055008,Endo CLDN5 SLC7A5,
GGCTGTGAGGGAGGAC-1,3,Micro P2RY12 GLDN,0.34607372162618505,Micro P2RY12 APBB1IP,
GGCTGTGCAAGGACAC-1,24,Endo CLDN5 SLC7A5,0.34351281291883407,Endo CLDN5 SLC7A5,
GGCTGTGTCCATGATG-1,3,Micro P2RY12 APBB1IP,0.9830121482961223,Micro P2RY12 APBB1IP,
GGCTGTGTCCTTACCG-1,20,Endo CLDN5 SLC7A5,0.7488342911456055,Endo CLDN5 SLC7A5,
GGCTTGGCAAATTAGG-1,10,Endo CLDN5 SLC7A5,0.8994199194848701,Endo CLDN5 SLC7A5,
GGCTTGGCAAGAAACT-1,48,Endo CLDN5 SLC7A5,0.9506733775927451,Endo CLDN5 SLC7A5,
GGCTTGGGTCAGGAGT-1,29,PC P2RY14 GRM8,0.9999075335463036,PC P2RY14 GRM8,
GGCTTGGGTCCACTTC-1,1,Endo CLDN5 SLC7A5,0.9001397809647461,Endo CLDN5 SLC7A5,
GGCTTGGGTTCTCAGA-1,17,Oligo MOG OPALIN,0.8496401015026833,Endo CLDN5 SLC7A5,
GGCTTGGGTTGTAGCT-1,39,InN LAMP5 LHX6 TAC1,0.9924126853567852,InN LAMP5 BMP7,
GGCTTGGTCGGAACTT-1,19,Endo CLDN5 SLC7A5,0.9897871872111259,Endo CLDN5 SLC7A5,
GGCTTGGTCTCAAAGC-1,16,Endo CLDN5 SLC7A5,0.8443030682010294,Endo CLDN5 SLC7A5,
GGCTTGGTCTGGCTGG-1,4,Endo CLDN5 SLC7A5,0.9894487464614944,Endo CLDN5 SLC7A5,
GGCTTTCAGGCCCACT-1,43,Endo CLDN5 SLC7A5,0.8446889328193602,Endo CLDN5 SLC7A5,
GGCTTTCGTTTGAAAG-1,42,Endo CLDN5 IL1R1,0.9632231840073405,PC P2RY14 GRM8,
GGGAAGTAGCCAAGTG-1,3,Micro P2RY12 APBB1IP,0.7631590704391575,Micro P2RY12 APBB1IP,
GGGAAGTGTCGTATGT-1,7,Endo CLDN5 SLC7A5,0.5421233659970864,L3-5 RORB MKX GRIN3A,
GGGACAACATAATCCG-1,39,InN LAMP5 RELN,0.9571758541679821,InN LAMP5 BMP7,
GGGACAAGTCTGATAC-1,30,Oligo MOG OPALIN,0.4523422545520175,Endo CLDN5 SLC7A5,
GGGACAAGTGAGATTA-1,19,Oligo MOG OPALIN,0.8166631657317176,Endo CLDN5 SLC7A5,
GGGACAATCGCCTTTG-1,14,Endo CLDN5 SLC7A5,0.33367346876255416,Endo CLDN5 SLC7A5,
GGGACAATCTAGCCTC-1,4,Endo CLDN5 SLC7A5,0.5965029930694541,Endo CLDN5 SLC7A5,
GGGACCTAGGAGTACC-1,29,Endo CLDN5 SLC7A5,0.33632414164613683,PC P2RY14 GRM8,
GGGACCTTCCTTATGT-1,1,Endo CLDN5 SLC7A5,0.9602548605371088,Endo CLDN5 SLC7A5,
GGGACTCAGGGCAGTT-1,27,L2-3 CUX2 NTNG1 PALMD,0.8627708377933366,Endo CLDN5 SLC7A5,
GGGACTCGTAAGCGGT-1,20,Endo CLDN5 SLC7A5,0.9818592173809888,Endo CLDN5 SLC7A5,
GGGAGATCAAGGACAC-1,12,Endo CLDN5 SLC7A5,0.8936310653110532,Endo CLDN5 SLC7A5,
GGGAGATCAATGAGCG-1,39,InN LAMP5 LHX6 PROX1,0.4884846875802027,InN LAMP5 BMP7,
GGGAGATCAGTCGAGA-1,21,L6 OPRK1 THEMIS RGS6,0.9683673392643156,L6 OPRK1 THEMIS RGS6,
GGGAGATGTATCGAGG-1,25,Endo CLDN5 SLC7A5,0.35358939439118825,Endo CLDN5 SLC7A5,
GGGAGATGTGGGATTG-1,5,L2-3 CUX2 ACVR1C THSD7A,0.8945090456011409,L2-3 CUX2 ACVR1C THSD7A,
GGGAGATGTTAGGCTT-1,14,Endo CLDN5 SLC7A5,0.9203964904850482,Endo CLDN5 SLC7A5,
GGGAGATTCACCCTTG-1,17,Oligo MOG OPALIN,0.9815737387623834,Endo CLDN5 SLC7A5,
GGGAGATTCACCTGGG-1,19,Endo CLDN5 SLC7A5,0.9291485679281015,Endo CLDN5 SLC7A5,
GGGAGATTCACGAACT-1,36,L3-5 RORB GABRG1 PTPRO,0.3193260925029428,L3-5 RORB GABRG1 KCNH7,
GGGAGATTCGCTGACG-1,32,Astro AQP4 SLC1A2,0.9839428411162319,Endo CLDN5 SLC7A5,
GGGAGATTCTGGGATT-1,33,Endo CLDN5 SLC7A5,0.8801041246460481,Endo CLDN5 SLC7A5,
GGGAGTAAGGAAGAAC-1,10,Oligo MOG OPALIN,0.3550143118279865,Endo CLDN5 SLC7A5,
GGGAGTACAAGCGATG-1,0,Oligo MOG OPALIN,0.9986744644345058,Oligo MOG OPALIN,
GGGATCCCACGTGAGA-1,13,OPC PDGFRA PCDH15,0.999999999972272,OPC PDGFRA PCDH15,
GGGATCCCATCGTTCC-1,9,Endo CLDN5 SLC7A5,0.9325753824272404,Endo CLDN5 SLC7A5,
GGGATGACACCCTCTA-1,7,L3-5 RORB MKX GRIN3A,0.43617891834011946,L3-5 RORB MKX GRIN3A,
GGGATGACAGGCTACC-1,10,Oligo MOG OPALIN,0.5138793532850362,Endo CLDN5 SLC7A5,
GGGATGAGTCCAGGTC-1,5,L2-4 CUX2 RORB CLMN,0.49476999164161123,L2-3 CUX2 ACVR1C THSD7A,
GGGATGATCACGGAGA-1,7,Endo CLDN5 SLC7A5,0.3116701509495988,L3-5 RORB MKX GRIN3A,
GGGCCATAGATGCTTC-1,10,Endo CLDN5 SLC7A5,0.37314391519811657,Endo CLDN5 SLC7A5,
GGGCCATAGCTGAAGC-1,26,InN PVALB PIEZO2,0.893396944165249,InN PVALB HPSE,
GGGCCATCATAGTCGT-1,6,Oligo MOG OPALIN,0.6953676856325862,Oligo MOG OPALIN,
GGGCCATCATGACGTT-1,31,InN VIP SCML4,0.9986235372290356,InN VIP HS3ST3B1,
GGGCCATGTATTTCCT-1,1,Endo CLDN5 SLC7A5,0.9977882661165054,Endo CLDN5 SLC7A5,
GGGCCATGTTCGCGTG-1,4,Endo CLDN5 SLC7A5,0.8403760080336721,Endo CLDN5 SLC7A5,
GGGCGTTAGAATTCAG-1,20,Endo CLDN5 SLC7A5,0.9928310013336833,Endo CLDN5 SLC7A5,
GGGCGTTTCATGAGTC-1,30,Endo CLDN5 SLC7A5,0.9244591890718846,Endo CLDN5 SLC7A5,
GGGCTACAGCTAAACA-1,28,Endo CLDN5 SLC7A5,0.9590500521802229,Endo CLDN5 SLC7A5,
GGGCTACCAAACACGG-1,27,Endo CLDN5 SLC7A5,0.5647069177849172,Endo CLDN5 SLC7A5,
GGGCTACCAATCCTAG-1,15,Endo CLDN5 SLC7A5,0.9399736222497197,Endo CLDN5 SLC7A5,
GGGCTCACAAACACCT-1,15,L3-5 RORB MKX GRIN3A,0.7013707645403723,Endo CLDN5 SLC7A5,
GGGCTCACATGACCCG-1,39,InN LAMP5 LHX6 TAC1,0.9997435932159818,InN LAMP5 BMP7,
GGGCTCAGTCACTAGT-1,18,Oligo MOG OPALIN,0.761881240166026,Endo CLDN5 SLC7A5,
GGGCTCATCCACGAAT-1,10,Endo CLDN5 SLC7A5,0.8891538648507797,Endo CLDN5 SLC7A5,
GGGCTCATCGTGCTCT-1,1,Endo CLDN5 SLC7A5,0.9849225416929507,Endo CLDN5 SLC7A5,
GGGTAGACACCGAATT-1,21,L6 OPRK1 THEMIS RGS6,0.9972584494999962,L6 OPRK1 THEMIS RGS6,
GGGTAGAGTATTGGCT-1,1,Endo CLDN5 SLC7A5,0.643354414741863,Endo CLDN5 SLC7A5,
GGGTAGAGTCCACGCA-1,15,Endo CLDN5 SLC7A5,0.343949025072565,Endo CLDN5 SLC7A5,
GGGTAGATCCTTGGAA-1,45,Oligo MOG OPALIN,0.43736729633763904,Endo CLDN5 SLC7A5,
GGGTAGATCTATGCCC-1,27,Oligo MOG OPALIN,0.9663732524867198,Endo CLDN5 SLC7A5,
GGGTATTGTGGATCAG-1,6,Oligo MOG OPALIN,0.9999978566404767,Oligo MOG OPALIN,
GGGTATTTCGGCCCAA-1,19,L2-3 CUX2 NTNG1 PALMD,0.689554193449247,Endo CLDN5 SLC7A5,
GGGTATTTCTTCACAT-1,43,Endo CLDN5 SLC7A5,0.9145826708920954,Endo CLDN5 SLC7A5,
GGGTCACAGCTCGCAC-1,1,Endo CLDN5 SLC7A5,0.5740133332973787,Endo CLDN5 SLC7A5,
GGGTCACCATGCACTA-1,39,InN ADARB2 COL5A2,0.8697173723511007,InN LAMP5 BMP7,
GGGTCACGTGCTTCAA-1,21,L6 OPRK1 THEMIS RGS6,0.3592740829707068,L6 OPRK1 THEMIS RGS6,
GGGTCTGAGCGAGTAC-1,2,Astro GFAP AQP1,0.9151862045562017,Astro AQP4 SLC1A2,
GGGTGAAAGAGCGACT-1,14,Endo CLDN5 SLC7A5,0.9996717546792425,Endo CLDN5 SLC7A5,
GGGTGAAAGCAACAGC-1,31,Endo CLDN5 SLC7A5,0.3013687428404311,InN VIP HS3ST3B1,
GGGTGAAAGCAGCAGT-1,26,InN PVALB ANOS1,0.6336334483731628,InN PVALB HPSE,
GGGTGAAGTACACTCA-1,1,Endo CLDN5 SLC7A5,0.9999195130015944,Endo CLDN5 SLC7A5,
GGGTGAATCCACTAGA-1,30,Endo CLDN5 SLC7A5,0.6003138733546054,Endo CLDN5 SLC7A5,
GGGTGAATCGCTCTCA-1,33,Oligo MOG OPALIN,0.9123176703130231,Endo CLDN5 SLC7A5,
GGGTGTCCACGTGTGC-1,34,L6 FEZF2 SYT6 CDH9,0.32463185469621825,L6 FEZF2 NPFFR2 KCNK2,
GGGTGTCGTGACATCT-1,19,Oligo MOG OPALIN,0.9982941721193928,Endo CLDN5 SLC7A5,
GGGTGTCGTTGTGCAT-1,22,Endo CLDN5 SLC7A5,0.9292775746235751,Endo CLDN5 SLC7A5,
GGGTGTCTCAAGTTGC-1,34,L6 FEZF2 NPFFR2 KCNK2,0.9366952475953397,L6 FEZF2 NPFFR2 KCNK2,
GGGTTATAGACAACAT-1,14,Endo CLDN5 SLC7A5,0.9961903022154656,Endo CLDN5 SLC7A5,
GGGTTATAGACCATAA-1,6,Oligo MOG OPALIN,0.9999998512137879,Oligo MOG OPALIN,
GGGTTATAGAGTGTGC-1,27,Endo CLDN5 SLC7A5,0.7161574235673493,Endo CLDN5 SLC7A5,
GGGTTATCAAGGCGTA-1,37,Endo CLDN5 SLC7A5,0.5417042719697257,Endo CLDN5 SLC7A5,
GGGTTATCACTACAGT-1,36,L3-5 RORB TNNT2 TSHZ2,0.5922973773083957,L3-5 RORB GABRG1 KCNH7,
GGGTTATCAGCTGTAT-1,14,Endo CLDN5 SLC7A5,0.5761423815277841,Endo CLDN5 SLC7A5,
GGGTTATTCTAAGAAG-1,22,Endo CLDN5 SLC7A5,0.6948704520802778,Endo CLDN5 SLC7A5,
GGGTTATTCTTTGCTA-1,8,Endo CLDN5 SLC7A5,0.6653509382679231,Endo CLDN5 SLC7A5,
GGGTTTAAGACATATG-1,29,Endo CLDN5 SLC7A5,0.5494407548247932,PC P2RY14 GRM8,
GGGTTTAAGATCCTAC-1,0,Oligo MOG OPALIN,0.9999872261106229,Oligo MOG OPALIN,
GGGTTTACACTACTTT-1,8,Endo CLDN5 SLC7A5,0.7229498324725926,Endo CLDN5 SLC7A5,
GGGTTTAGTCAATGGG-1,3,Micro P2RY12 APBB1IP,0.9993210989812081,Micro P2RY12 APBB1IP,
GGTAACTAGGAATGTT-1,18,Endo CLDN5 SLC7A5,0.8021356460495572,Endo CLDN5 SLC7A5,
GGTAACTCAAGAGAGA-1,29,PC P2RY14 GRM8,0.9999990163886152,PC P2RY14 GRM8,
GGTAACTCACCGGCTA-1,0,Oligo MOG OPALIN,0.5144654766810427,Oligo MOG OPALIN,
GGTAACTGTCGAAGCA-1,40,Endo CLDN5 SLC7A5,0.9910793857168314,Endo CLDN5 SLC7A5,
GGTAATCAGATGCCGA-1,46,L3-5 RORB PCBP3 IL1RAPL2,0.4858839981817014,L3-5 RORB PCBP3 IL1RAPL2,
GGTAATCGTCGCATGC-1,40,Oligo MOG OPALIN,0.7802810256545515,Endo CLDN5 SLC7A5,
GGTAGAGCACCAGCCA-1,24,Endo CLDN5 SLC7A5,0.9975876412518931,Endo CLDN5 SLC7A5,
GGTAGAGCAGAAGCGT-1,0,Endo CLDN5 SLC7A5,0.8417492684505111,Oligo MOG OPALIN,
GGTAGAGCAGTCTACA-1,1,Endo CLDN5 SLC7A5,0.8593901150252982,Endo CLDN5 SLC7A5,
GGTAGAGGTTGGACCC-1,13,OPC PDGFRA PCDH15,0.999999966524195,OPC PDGFRA PCDH15,
GGTCACGAGGGAGGAC-1,6,Oligo MOG OPALIN,0.9999143993404226,Oligo MOG OPALIN,
GGTCACGCAGCTTTGA-1,1,Oligo MOG OPALIN,0.9724921213991162,Endo CLDN5 SLC7A5,
GGTCTGGCAGAGGAAA-1,40,Endo CLDN5 SLC7A5,0.8312459001483745,Endo CLDN5 SLC7A5,
GGTCTGGGTACATACC-1,23,Endo CLDN5 SLC7A5,0.9767860134319893,Endo CLDN5 SLC7A5,
GGTCTGGGTCTCCCTA-1,9,Endo CLDN5 SLC7A5,0.8539919160327828,Endo CLDN5 SLC7A5,
GGTCTGGGTGAGTTGG-1,8,Endo CLDN5 SLC7A5,0.9348732637257497,Endo CLDN5 SLC7A5,
GGTCTGGGTGTAGCAG-1,43,Endo CLDN5 SLC7A5,0.3853648608525425,Endo CLDN5 SLC7A5,
GGTGAAGCAGAGGCAT-1,26,InN PVALB ANOS1,0.9218880996054617,InN PVALB HPSE,
GGTGAAGGTATCGAAA-1,1,Endo CLDN5 SLC7A5,0.8783555147981602,Endo CLDN5 SLC7A5,
GGTGATTAGGTAAAGG-1,42,PC P2RY14 GRM8,0.9986042883741587,PC P2RY14 GRM8,
GGTGATTAGTCAACAA-1,42,PC P2RY14 GRM8,0.9992934629524517,PC P2RY14 GRM8,
GGTGATTAGTGCGCTC-1,25,Endo CLDN5 SLC7A5,0.9314545186072936,Endo CLDN5 SLC7A5,
GGTGATTCAACCGACC-1,23,L6 OPRK1 THEMIS RGS6,0.7518353693627092,Endo CLDN5 SLC7A5,
GGTGATTCATCGATGT-1,14,Endo CLDN5 IL1R1,0.9125856219431596,Endo CLDN5 SLC7A5,
GGTGATTGTAGTCACT-1,27,Endo CLDN5 SLC7A5,0.8282868524221638,Endo CLDN5 SLC7A5,
GGTGATTGTGCTATTG-1,10,Endo CLDN5 SLC7A5,0.9111231528324641,Endo CLDN5 SLC7A5,
GGTGGCTAGCATTGTC-1,0,Oligo MOG OPALIN,0.9999995028802751,Oligo MOG OPALIN,
GGTGGCTCAGCTGTAT-1,14,Endo CLDN5 SLC7A5,0.999409979616626,Endo CLDN5 SLC7A5,
GGTGGCTGTGCCGAAA-1,3,Micro P2RY12 APBB1IP,0.340455771682655,Micro P2RY12 APBB1IP,
GGTGGCTGTGTGTACT-1,8,Endo CLDN5 SLC7A5,0.9844800826712334,Endo CLDN5 SLC7A5,
GGTGGCTTCGCCAGTG-1,30,Endo CLDN5 SLC7A5,0.6597075447305236,Endo CLDN5 SLC7A5,
GGTGGCTTCGGAGCAA-1,3,Micro P2RY12 APBB1IP,0.9585294402260083,Micro P2RY12 APBB1IP,
GGTGTCGAGTTGCTCA-1,14,Endo CLDN5 IL1R1,0.645537829535453,Endo CLDN5 SLC7A5,
GGTGTCGTCCAGCAAT-1,12,Endo CLDN5 SLC7A5,0.9886541219855809,Endo CLDN5 SLC7A5,
GGTGTCGTCCTATGGA-1,25,Endo CLDN5 SLC7A5,0.988531823379992,Endo CLDN5 SLC7A5,
GGTGTTAAGCCGGAAT-1,19,L3-5 RORB MKX GRIN3A,0.46743106165517073,Endo CLDN5 SLC7A5,
GGTGTTAAGTATGGCG-1,4,Endo CLDN5 SLC7A5,0.532320707152402,Endo CLDN5 SLC7A5,
GGTGTTACAATGCAAA-1,5,L2-3 CUX2 NTNG1 PALMD,0.3588522628909672,L2-3 CUX2 ACVR1C THSD7A,
GGTGTTACACACCTGG-1,48,Endo CLDN5 SLC7A5,0.8715883389486733,Endo CLDN5 SLC7A5,
GGTGTTATCGACCTAA-1,1,Endo CLDN5 SLC7A5,0.8643571627656393,Endo CLDN5 SLC7A5,
GGTTCTCAGTATTGCC-1,9,Endo CLDN5 SLC7A5,0.7989871343914898,Endo CLDN5 SLC7A5,
GGTTCTCCACGCAAAG-1,9,Endo CLDN5 SLC7A5,0.8656131132971656,Endo CLDN5 SLC7A5,
GGTTGTAAGAACTCCT-1,18,Endo CLDN5 SLC7A5,0.5034422554976763,Endo CLDN5 SLC7A5,
GGTTGTACAATCGTCA-1,42,PC P2RY14 GRM8,0.9951759199324205,PC P2RY14 GRM8,
GGTTGTATCGGCTTCT-1,22,Endo CLDN5 SLC7A5,0.9384808213715232,Endo CLDN5 SLC7A5,
GTAACACCAAAGGATT-1,4,Endo CLDN5 SLC7A5,0.7023356401625315,Endo CLDN5 SLC7A5,
GTAACACCAACGTTAC-1,30,Endo CLDN5 SLC7A5,0.9078150725799068,Endo CLDN5 SLC7A5,
GTAACACGTCAAGGCA-1,0,Oligo MOG OPALIN,0.9999997260027222,Oligo MOG OPALIN,
GTAACACGTCAGGCAA-1,8,Endo CLDN5 SLC7A5,0.9368470233916832,Endo CLDN5 SLC7A5,
GTAACACTCGTGTGGC-1,9,Endo CLDN5 SLC7A5,0.9618020584699195,Endo CLDN5 SLC7A5,
GTAACCAAGGGAGATA-1,12,Oligo MOG OPALIN,0.9340522383848922,Endo CLDN5 SLC7A5,
GTAACCAAGTCATGGG-1,17,Oligo MOG OPALIN,0.9589456997440344,Endo CLDN5 SLC7A5,
GTAACCACAACATACC-1,14,Endo CLDN5 SLC7A5,0.4743014407040364,Endo CLDN5 SLC7A5,
GTAACCACATAATGAG-1,25,Endo CLDN5 SLC7A5,0.8424207321428154,Endo CLDN5 SLC7A5,
GTAACCAGTACAAACA-1,33,Oligo MOG OPALIN,0.999496969476857,Endo CLDN5 SLC7A5,
GTAACCAGTACCGTCG-1,30,Endo CLDN5 SLC7A5,0.9936999381848142,Endo CLDN5 SLC7A5,
GTAACCAGTCTTACAG-1,39,InN LAMP5 LHX6 PROX1,0.6183399799671648,InN LAMP5 BMP7,
GTAACCATCTGATTCT-1,9,Endo CLDN5 SLC7A5,0.9982528921124679,Endo CLDN5 SLC7A5,
GTAAGTCAGAATCGAT-1,20,Oligo MOG OPALIN,0.7271434277212298,Endo CLDN5 SLC7A5,
GTAAGTCAGTGATGGC-1,9,Endo CLDN5 SLC7A5,0.7725369219907093,Endo CLDN5 SLC7A5,
GTAAGTCCACAAAGTA-1,5,L2-3 CUX2 ACVR1C THSD7A,0.9948428004985711,L2-3 CUX2 ACVR1C THSD7A,
GTAAGTCCACGCGCTA-1,42,PC P2RY14 GRM8,0.9999950760779678,PC P2RY14 GRM8,
GTAAGTCTCCCATTTA-1,18,L2-3 CUX2 NTNG1 PALMD,0.6025693490447191,Endo CLDN5 SLC7A5,
GTAAGTCTCTGCGAGC-1,18,Endo CLDN5 SLC7A5,0.39172183028811586,Endo CLDN5 SLC7A5,
GTAATCGAGGCACTAG-1,1,Endo CLDN5 SLC7A5,0.773793807877721,Endo CLDN5 SLC7A5,
GTAATCGGTAGAGTTA-1,3,Micro P2RY12 APBB1IP,0.8646240361198116,Micro P2RY12 APBB1IP,
GTAATCGGTCAAGTTC-1,45,Endo CLDN5 SLC7A5,0.918572115196846,Endo CLDN5 SLC7A5,
GTAATCGTCAATCCGA-1,1,Endo CLDN5 SLC7A5,0.9991248025503755,Endo CLDN5 SLC7A5,
GTAATGCCAGAGAGGG-1,27,Endo CLDN5 SLC7A5,0.9442588664772448,Endo CLDN5 SLC7A5,
GTAATGCCATTAAGCC-1,15,Endo CLDN5 SLC7A5,0.34524701951844416,Endo CLDN5 SLC7A5,
GTAATGCGTATTAAGG-1,24,Endo CLDN5 SLC7A5,0.32296102572101776,Endo CLDN5 SLC7A5,
GTAATGCGTGTTGCCG-1,3,Macro F13A1 COLEC12,0.6619698666861954,Micro P2RY12 APBB1IP,
GTAATGCTCATGAGGG-1,2,Astro GFAP AQP1,0.6326509194769873,Astro AQP4 SLC1A2,
GTAATGCTCGACGAGA-1,3,Macro F13A1 COLEC12,0.9960024029363153,Micro P2RY12 APBB1IP,
GTAATGCTCGGCATCG-1,3,Micro P2RY12 APBB1IP,0.6549364203989344,Micro P2RY12 APBB1IP,
GTAATGCTCGGCTTGG-1,8,Endo CLDN5 SLC7A5,0.9918433490253308,Endo CLDN5 SLC7A5,
GTACAACAGCGTGCCT-1,27,Endo CLDN5 SLC7A5,0.3354946649803949,Endo CLDN5 SLC7A5,
GTACAACAGTCGCGAA-1,0,Oligo MOG OPALIN,0.9984951209354332,Oligo MOG OPALIN,
GTACAACCAATCGCGC-1,1,Endo CLDN5 SLC7A5,0.9536399734143988,Endo CLDN5 SLC7A5,
GTACAACCAGAAACCG-1,7,L3-5 RORB MKX GRIN3A,0.6181456375887756,L3-5 RORB MKX GRIN3A,
GTACAACCATGGCTGC-1,35,Oligo MOG OPALIN,0.9451143382528417,Endo CLDN5 SLC7A5,
GTACAACGTCGCCTAG-1,6,Oligo MOG OPALIN,0.999970347689101,Oligo MOG OPALIN,
GTACAACGTGCTCTCT-1,3,Astro GFAP AQP1,0.799781373364285,Micro P2RY12 APBB1IP,
GTACAACTCTATCACT-1,11,Endo CLDN5 SLC7A5,0.5901757341327417,InN SST FREM1,
GTACAGTAGCCAAGCA-1,6,Oligo MOG OPALIN,0.9999937747263775,Oligo MOG OPALIN,
GTACAGTAGTCGCCCA-1,28,Endo CLDN5 SLC7A5,0.7799708322850016,Endo CLDN5 SLC7A5,
GTACAGTCAAGTTCCA-1,47,L5-6 FEZF2 NXPH2 CDH8,0.5226985329765066,L5-6 FEZF2 NXPH2 GRIK1,
GTACAGTGTTGCATAC-1,10,Oligo MOG OPALIN,0.9900054022547972,Endo CLDN5 SLC7A5,
GTAGAAACACTCGATA-1,26,InN PVALB PDE3A,0.9007527257707976,InN PVALB HPSE,
GTAGAAACAGAGTTGG-1,38,Endo CLDN5 SLC7A5,0.9375200375194899,Endo CLDN5 SLC7A5,
GTAGAGGAGACGGAAA-1,23,Endo CLDN5 SLC7A5,0.8665134282779456,Endo CLDN5 SLC7A5,
GTAGAGGTCGGACTGC-1,34,L6 FEZF2 DCBLD1 MITF,0.30185463629552495,L6 FEZF2 NPFFR2 KCNK2,
GTAGAGGTCTACGCAA-1,47,L5-6 FEZF2 NXPH2 CDH8,0.322912097119631,L5-6 FEZF2 NXPH2 GRIK1,
GTAGATCCATGTACGT-1,7,L3-5 RORB MKX DCC,0.9936056789509671,L3-5 RORB MKX GRIN3A,
GTAGATCGTTGGGACA-1,1,Oligo MOG OPALIN,0.997918506125661,Endo CLDN5 SLC7A5,
GTAGCTAGTGCAATGG-1,31,InN VIP ADAM12,0.9957430634655904,InN VIP HS3ST3B1,
GTAGCTATCTAGCCTC-1,18,Endo CLDN5 SLC7A5,0.8549337323430968,Endo CLDN5 SLC7A5,
GTAGCTATCTAGTGTG-1,28,Endo CLDN5 SLC7A5,0.30676535561056817,Endo CLDN5 SLC7A5,
GTAGGAGAGAGGCGTT-1,35,Endo CLDN5 SLC7A5,0.9431279877181536,Endo CLDN5 SLC7A5,
GTAGGAGCAGGTCCCA-1,4,Endo CLDN5 SLC7A5,0.8891431873580493,Endo CLDN5 SLC7A5,
GTAGGAGGTTCTCTCG-1,20,Endo CLDN5 SLC7A5,0.7235455914158786,Endo CLDN5 SLC7A5,
GTAGGTTAGAGCAGCT-1,29,PC P2RY14 GRM8,0.9999963291571982,PC P2RY14 GRM8,
GTAGGTTTCGGACTGC-1,13,OPC PDGFRA PCDH15,0.9988841127199708,OPC PDGFRA PCDH15,
GTAGGTTTCTTCGGAA-1,33,Endo CLDN5 SLC7A5,0.9984186884116708,Endo CLDN5 SLC7A5,
GTAGTACCACCTGATA-1,16,Endo CLDN5 SLC7A5,0.7295067780221178,Endo CLDN5 SLC7A5,
GTAGTACTCCGAGAAG-1,19,Endo CLDN5 SLC7A5,0.5722156285912265,Endo CLDN5 SLC7A5,
GTAGTACTCGATTCCC-1,0,Oligo MOG OPALIN,0.9999984734172541,Oligo MOG OPALIN,
GTATTGGAGTGTACAA-1,48,L3-5 RORB GABRG1 PTPRO,0.3355982306352504,Endo CLDN5 SLC7A5,
GTATTGGAGTTACTCG-1,28,Endo CLDN5 SLC7A5,0.5526805412086131,Endo CLDN5 SLC7A5,
GTATTGGCATCACGGC-1,0,Oligo MOG OPALIN,0.9999967178752495,Oligo MOG OPALIN,
GTATTGGCATTCACCC-1,4,Endo CLDN5 SLC7A5,0.7252628629804084,Endo CLDN5 SLC7A5,
GTATTGGGTTCAGGTT-1,3,Micro P2RY12 APBB1IP,0.6538402725196055,Micro P2RY12 APBB1IP,
GTATTGGTCTGCATGA-1,31,InN ADARB2 RGS10,0.49541300363904706,InN VIP HS3ST3B1,
GTATTTCGTCAGTCTA-1,0,Oligo MOG OPALIN,0.9998176436564478,Oligo MOG OPALIN,
GTCAAACCAACACTAC-1,17,Endo CLDN5 SLC7A5,0.47804284385697066,Endo CLDN5 SLC7A5,
GTCAAACTCTCATTTG-1,27,Endo CLDN5 SLC7A5,0.41482787078285277,Endo CLDN5 SLC7A5,
GTCAAGTAGTTGCCCG-1,4,Endo CLDN5 SLC7A5,0.7006758849936479,Endo CLDN5 SLC7A5,
GTCAAGTCAAGCCATT-1,26,InN SST PLPP4,0.9491358621726608,InN PVALB HPSE,
GTCAAGTCAATGCAGG-1,10,Oligo MOG OPALIN,0.9715873691786696,Endo CLDN5 SLC7A5,
GTCAAGTCACTAACCA-1,12,Endo CLDN5 SLC7A5,0.5912836703123752,Endo CLDN5 SLC7A5,
GTCAAGTCATAGTCAC-1,22,Endo CLDN5 SLC7A5,0.8406475219474594,Endo CLDN5 SLC7A5,
GTCACGGAGCTCGGCT-1,34,L6 FEZF2 AMOTL1 CDH6,0.6770026108200358,L6 FEZF2 NPFFR2 KCNK2,
GTCACGGCAACACTAC-1,2,Oligo MOG OPALIN,0.7377849762541614,Astro AQP4 SLC1A2,
GTCACGGGTACAACGG-1,13,OPC PDGFRA PCDH15,0.9999999999961502,OPC PDGFRA PCDH15,
GTCACGGTCCACAAGT-1,11,Endo CLDN5 SLC7A5,0.9854693111060729,InN SST FREM1,
GTCACGGTCGGCTGTG-1,26,InN PVALB PDE3A,0.7725360170902895,InN PVALB HPSE,
GTCACTCCAATCCTTT-1,16,L2-3 CUX2 NTNG1 PALMD,0.3471505628832467,Endo CLDN5 SLC7A5,
GTCACTCCACCACTGG-1,16,Endo CLDN5 SLC7A5,0.8506515035226978,Endo CLDN5 SLC7A5,
GTCACTCGTCGAGCAA-1,16,Oligo MOG OPALIN,0.9966726068768783,Endo CLDN5 SLC7A5,
GTCACTCGTTCGGCGT-1,5,L2-3 CUX2 ACVR1C THSD7A,0.8827786422444159,L2-3 CUX2 ACVR1C THSD7A,
GTCACTCTCGTAGCTA-1,13,OPC PDGFRA PCDH15,0.9999974365369761,OPC PDGFRA PCDH15,
GTCAGCGAGCCAGAGT-1,7,L3-5 RORB MKX DCC,0.6175592908318985,L3-5 RORB MKX GRIN3A,
GTCAGCGCACAAACGG-1,9,Oligo MOG OPALIN,0.8223824263145088,Endo CLDN5 SLC7A5,
GTCAGCGTCACGATAC-1,17,Oligo MOG OPALIN,0.9959031286927048,Endo CLDN5 SLC7A5,
GTCAGCGTCGAGCTGC-1,5,L2-3 CUX2 ACVR1C THSD7A,0.7125451758304078,L2-3 CUX2 ACVR1C THSD7A,
GTCAGCGTCTTGGATG-1,5,Oligo MOG OPALIN,0.494020286634546,L2-3 CUX2 ACVR1C THSD7A,
GTCATCCAGGACGGAG-1,3,Micro P2RY12 APBB1IP,0.3574249638756138,Micro P2RY12 APBB1IP,
GTCATCCAGTAGTCTC-1,2,Oligo MOG OPALIN,0.9952526248445202,Astro AQP4 SLC1A2,
GTCATCCCAAATTGCC-1,35,Endo CLDN5 SLC7A5,0.5470190920622513,Endo CLDN5 SLC7A5,
GTCATCCGTCCTACAA-1,4,Endo CLDN5 SLC7A5,0.8678260397818985,Endo CLDN5 SLC7A5,
GTCATGAAGAGTGGCT-1,10,Endo CLDN5 SLC7A5,0.8603433990428236,Endo CLDN5 SLC7A5,
GTCATGAAGTCTGTAC-1,17,Endo CLDN5 SLC7A5,0.6379962199327105,Endo CLDN5 SLC7A5,
GTCATGAGTTCTCCCA-1,7,L3-5 RORB MKX DCC,0.9957283593042825,L3-5 RORB MKX GRIN3A,
GTCATGAGTTGTAAAG-1,5,L2-4 CUX2 RORB CLMN,0.9861630764481157,L2-3 CUX2 ACVR1C THSD7A,
GTCATTTAGCTGGCTC-1,39,InN LAMP5 BMP7,0.9994622140870475,InN LAMP5 BMP7,
GTCATTTCACCAAATC-1,11,InN SST ADAMTSL1,0.9482156076754694,InN SST FREM1,
GTCATTTCAGTAACCT-1,1,Endo CLDN5 SLC7A5,0.9373801755591935,Endo CLDN5 SLC7A5,
GTCATTTGTTTCACAG-1,19,Endo CLDN5 SLC7A5,0.6031443639573443,Endo CLDN5 SLC7A5,
GTCATTTGTTTCGGCG-1,5,L2-3 CUX2 NTNG1 PALMD,0.5404521063764305,L2-3 CUX2 ACVR1C THSD7A,
GTCATTTTCTGTGTGA-1,13,OPC PDGFRA PCDH15,0.9999999999966953,OPC PDGFRA PCDH15,
GTCCACTAGAATGTTG-1,9,Endo CLDN5 SLC7A5,0.9810308088941633,Endo CLDN5 SLC7A5,
GTCCACTCAAGTGGAC-1,29,L3-5 RORB MKX GRIN3A,0.4823873134646685,PC P2RY14 GRM8,
GTCCACTGTAGGACCA-1,9,Endo CLDN5 SLC7A5,0.9783741673182351,Endo CLDN5 SLC7A5,
GTCCCATAGTATGGAT-1,13,OPC PDGFRA PCDH15,0.9999999999939622,OPC PDGFRA PCDH15,
GTCCCATGTATTAAGG-1,33,Endo CLDN5 SLC7A5,0.5359855823624999,Endo CLDN5 SLC7A5,
GTCCCATTCAAATAGG-1,19,Oligo MOG OPALIN,0.6078883765377198,Endo CLDN5 SLC7A5,
GTCCCATTCTCCCATG-1,41,Oligo MOG OPALIN,0.9993675772255496,Oligo MOG OPALIN,
GTCCTCAAGGTCTTTG-1,3,Micro P2RY12 APBB1IP,0.7729330400943778,Micro P2RY12 APBB1IP,
GTCCTCAAGTCATCGT-1,32,Endo CLDN5 SLC7A5,0.3640385179266037,Endo CLDN5 SLC7A5,
GTCCTCACAACAACAA-1,24,Oligo MOG OPALIN,0.8873214603458761,Endo CLDN5 SLC7A5,
GTCCTCATCCTCACGT-1,27,Endo CLDN5 SLC7A5,0.9995667661076876,Endo CLDN5 SLC7A5,
GTCCTCATCGAAGCCC-1,24,Oligo MOG OPALIN,0.6321758634913947,Endo CLDN5 SLC7A5,
GTCGAATCATTGAAAG-1,0,Oligo MOG OPALIN,0.9998709224360363,Oligo MOG OPALIN,
GTCGAATGTAGATTAG-1,9,Endo CLDN5 SLC7A5,0.3281879558921993,Endo CLDN5 SLC7A5,
GTCGAATTCAACGCTA-1,25,Endo CLDN5 SLC7A5,0.8199802976381598,Endo CLDN5 SLC7A5,
GTCGAATTCAGCCTCT-1,41,Oligo MOG OPALIN,0.9999819260736713,Oligo MOG OPALIN,
GTCGAATTCGATGGAG-1,20,Endo CLDN5 SLC7A5,0.9477510195316416,Endo CLDN5 SLC7A5,
GTCGCGAAGGTGCGAT-1,3,Macro F13A1 COLEC12,0.7723496411850873,Micro P2RY12 APBB1IP,
GTCGCGAGTGGTCTGC-1,14,Endo CLDN5 SLC7A5,0.9973677184264097,Endo CLDN5 SLC7A5,
GTCGCGATCCATTGCC-1,25,Endo CLDN5 SLC7A5,0.9986839542328764,Endo CLDN5 SLC7A5,
GTCGCGATCGGAGTGA-1,30,Endo CLDN5 SLC7A5,0.8869434795069894,Endo CLDN5 SLC7A5,
GTCGTAACATGAAAGT-1,0,Oligo MOG OPALIN,0.9997953157815945,Oligo MOG OPALIN,
GTCGTAAGTGCCTAAT-1,7,L3-5 RORB MKX GRIN3A,0.9978215228085794,L3-5 RORB MKX GRIN3A,
GTCGTAATCCCGATCT-1,23,Endo CLDN5 SLC7A5,0.7738723947346513,Endo CLDN5 SLC7A5,
GTCGTAATCTAGAACC-1,28,L2-3 CUX2 NTNG1 PALMD,0.91642493969978,Endo CLDN5 SLC7A5,
GTCGTTCAGCTAGAGC-1,3,Micro P2RY12 APBB1IP,0.9934968199795317,Micro P2RY12 APBB1IP,
GTCGTTCAGGTGCAGT-1,11,InN SST FREM1,0.9992175681136882,InN SST FREM1,
GTCGTTCCACGTCGTG-1,38,Endo CLDN5 SLC7A5,0.9838558985002547,Endo CLDN5 SLC7A5,
GTCGTTCTCGAGCTGC-1,4,Endo CLDN5 SLC7A5,0.9546930286404589,Endo CLDN5 SLC7A5,
GTCGTTCTCTGAACGT-1,6,Oligo MOG OPALIN,0.99937268799245,Oligo MOG OPALIN,
GTCTACCAGAGTTGAT-1,1,Endo CLDN5 SLC7A5,0.9791292306228023,Endo CLDN5 SLC7A5,
GTCTACCGTACCATAC-1,23,Endo CLDN5 SLC7A5,0.90406926968372,Endo CLDN5 SLC7A5,
GTCTACCGTCCACACG-1,20,Endo CLDN5 SLC7A5,0.794549304396517,Endo CLDN5 SLC7A5,
GTCTACCTCTGTCGTC-1,2,Oligo MOG OPALIN,0.564025276535571,Astro AQP4 SLC1A2,
GTCTAGAAGAGTATAC-1,11,InN SST STK32A,0.4168217630123742,InN SST FREM1,
GTCTAGAGTACGCTTA-1,25,Oligo MOG OPALIN,0.9369920507064347,Endo CLDN5 SLC7A5,
GTCTAGAGTTAGGAGC-1,18,Oligo MOG OPALIN,0.9960940538611043,Endo CLDN5 SLC7A5,
GTCTCACGTGGTCCCA-1,0,Oligo MOG OPALIN,0.5963932618277266,Oligo MOG OPALIN,
GTCTGTCAGACAACAT-1,4,L2-3 CUX2 ACVR1C INHBA,0.38226171463926745,Endo CLDN5 SLC7A5,
GTCTGTCAGCACTGGA-1,1,Endo CLDN5 SLC7A5,0.7731790553370125,Endo CLDN5 SLC7A5,
GTCTGTCAGCATGAAT-1,25,Endo CLDN5 SLC7A5,0.39466886729883954,Endo CLDN5 SLC7A5,
GTCTGTCAGCGGGTTA-1,13,OPC PDGFRA PCDH15,0.9976536758231279,OPC PDGFRA PCDH15,
GTCTGTCAGCTAGTTC-1,24,Oligo MOG OPALIN,0.9999554700492104,Endo CLDN5 SLC7A5,
GTCTGTCAGTTGAAGT-1,4,Endo CLDN5 SLC7A5,0.6837164007010849,Endo CLDN5 SLC7A5,
GTCTGTCCACTTTAGG-1,35,Endo CLDN5 SLC7A5,0.5634776007172604,Endo CLDN5 SLC7A5,
GTCTGTCGTAGAGACC-1,40,Endo CLDN5 SLC7A5,0.3353463332981886,Endo CLDN5 SLC7A5,
GTCTGTCTCAGCACCG-1,2,Astro AQP4 SLC1A2,0.71187866188425,Astro AQP4 SLC1A2,
GTCTGTCTCCACGTGG-1,3,Micro P2RY12 APBB1IP,0.9987374489553654,Micro P2RY12 APBB1IP,
GTCTGTCTCGCAAGAG-1,0,Oligo MOG OPALIN,0.9998785713344575,Oligo MOG OPALIN,
GTCTTTAAGAGAGGGC-1,20,Oligo MOG OPALIN,0.6473186715166563,Endo CLDN5 SLC7A5,
GTCTTTACAAGACTGG-1,18,L3-5 RORB GABRG1 PTPRO,0.5975636101671802,Endo CLDN5 SLC7A5,
GTGACGCAGCGAGTCA-1,47,L5-6 FEZF2 NXPH2 SORCS3,0.9878894701548504,L5-6 FEZF2 NXPH2 GRIK1,
GTGACGCCAATGTGGG-1,14,Endo CLDN5 SLC7A5,0.9976994036475879,Endo CLDN5 SLC7A5,
GTGAGCCGTCCTCCAT-1,25,Oligo MOG OPALIN,0.99517855372006,Endo CLDN5 SLC7A5,
GTGAGCCTCATGACAC-1,7,L3-5 RORB MKX GRIN3A,0.4201358341796623,L3-5 RORB MKX GRIN3A,
GTGAGGAAGTGGCAGT-1,42,PC P2RY14 GRM8,0.5297450124609376,PC P2RY14 GRM8,
GTGAGGACAACACTAC-1,40,L3-5 RORB MKX DCC,0.45284231435386946,Endo CLDN5 SLC7A5,
GTGAGGACACGTTGGC-1,4,Endo CLDN5 SLC7A5,0.8625009533713263,Endo CLDN5 SLC7A5,
GTGAGGATCGGCCAAC-1,30,Endo CLDN5 SLC7A5,0.7903074805099682,Endo CLDN5 SLC7A5,
GTGAGTTAGAAGTATC-1,5,L2-3 CUX2 ACVR1C THSD7A,0.5105499346898583,L2-3 CUX2 ACVR1C THSD7A,
GTGAGTTGTTAGGGAC-1,25,Endo CLDN5 SLC7A5,0.8614060860371574,Endo CLDN5 SLC7A5,
GTGAGTTTCATCGTAG-1,23,Endo CLDN5 SLC7A5,0.9537512781779642,Endo CLDN5 SLC7A5,
GTGATGTAGCTCCGAC-1,35,Oligo MOG OPALIN,0.4167829386030015,Endo CLDN5 SLC7A5,
GTGATGTGTTGCTCCT-1,1,L2-3 CUX2 NTNG1 PALMD,0.6814711747336476,Endo CLDN5 SLC7A5,
GTGCACGAGATACGAT-1,3,Micro P2RY12 APBB1IP,0.9695445100260994,Micro P2RY12 APBB1IP,
GTGCACGAGGCCGCTT-1,12,Endo CLDN5 SLC7A5,0.49417983433146745,Endo CLDN5 SLC7A5,
GTGCACGAGGGTGAAA-1,5,L2-3 CUX2 ACVR1C THSD7A,0.9904671787325686,L2-3 CUX2 ACVR1C THSD7A,
GTGCACGAGTGACCTT-1,7,L3-5 RORB MKX GRIN3A,0.876059407191921,L3-5 RORB MKX GRIN3A,
GTGCACGGTTGCGAAG-1,15,Endo CLDN5 SLC7A5,0.4795750792155733,Endo CLDN5 SLC7A5,
GTGCACGTCATTGAGC-1,38,Endo CLDN5 SLC7A5,0.9922595317523614,Endo CLDN5 SLC7A5,
GTGCACGTCTCGCTCA-1,38,Oligo MOG OPALIN,0.9396780985867915,Endo CLDN5 SLC7A5,
GTGCAGCTCGCGAAGA-1,42,PC P2RY14 GRM8,0.8975560867320912,PC P2RY14 GRM8,
GTGCGTGCAGGTTCGC-1,27,Endo CLDN5 SLC7A5,0.9208957748254114,Endo CLDN5 SLC7A5,
GTGCGTGTCGTAGGAG-1,5,L2-4 CUX2 RORB CLMN,0.8428858836943394,L2-3 CUX2 ACVR1C THSD7A,
GTGCGTGTCGTTGTGA-1,40,Endo CLDN5 SLC7A5,0.8106371747331304,Endo CLDN5 SLC7A5,
GTGCTGGGTCCAAATC-1,2,Astro AQP4 SLC1A2,0.9189307618970741,Astro AQP4 SLC1A2,
GTGCTGGTCACCATCC-1,15,Oligo MOG OPALIN,0.9323457305897453,Endo CLDN5 SLC7A5,
GTGCTTCAGCTGTACT-1,4,Endo CLDN5 SLC7A5,0.9519710349024572,Endo CLDN5 SLC7A5,
GTGCTTCAGCTGTGCC-1,11,InN SST TRPC7,0.9102117516708499,InN SST FREM1,
GTGCTTCGTTAAGGGC-1,15,Oligo MOG OPALIN,0.8554380236543432,Endo CLDN5 SLC7A5,
GTGCTTCTCATGCCGG-1,38,L2-3 CUX2 NTNG1 PALMD,0.9278626229145084,Endo CLDN5 SLC7A5,
GTGGAAGCATTGCCTC-1,5,L2-4 CUX2 RORB CLMN,0.5253909314737278,L2-3 CUX2 ACVR1C THSD7A,
GTGGAAGTCCATTGTT-1,39,InN LAMP5 BMP7,0.9723428874948656,InN LAMP5 BMP7,
GTGGAGAGTCGTGGTC-1,17,Endo CLDN5 SLC7A5,0.3079411924760954,Endo CLDN5 SLC7A5,
GTGGAGAGTTGCCGAC-1,15,Endo CLDN5 SLC7A5,0.3691293322609719,Endo CLDN5 SLC7A5,
GTGGAGATCGAGATAA-1,2,Endo CLDN5 SLC7A5,0.634011589649914,Astro AQP4 SLC1A2,
GTGGCGTGTAATGATG-1,7,Endo CLDN5 SLC7A5,0.6364495777627797,L3-5 RORB MKX GRIN3A,
GTGGGAAAGCCGTCGT-1,3,Micro P2RY12 APBB1IP,0.6772957213641995,Micro P2RY12 APBB1IP,
GTGGGAACAATAGTAG-1,9,Endo CLDN5 SLC7A5,0.6977759781537026,Endo CLDN5 SLC7A5,
GTGGGAACACACCAGC-1,37,Endo CLDN5 SLC7A5,0.9904021037553271,Endo CLDN5 SLC7A5,
GTGGGAACAGCGGTCT-1,17,Endo CLDN5 SLC7A5,0.9677580517090383,Endo CLDN5 SLC7A5,
GTGGGAACAGCGTTGC-1,34,L6 FEZF2 SYT6 CDH9,0.5990771432220686,L6 FEZF2 NPFFR2 KCNK2,
GTGGGAATCCGATAAC-1,23,Oligo MOG OPALIN,0.3040651337501847,Endo CLDN5 SLC7A5,
GTGGGAATCTGTCGTC-1,5,L2-4 CUX2 RORB CLMN,0.33071363177417573,L2-3 CUX2 ACVR1C THSD7A,
GTGGTTAAGCCAACCC-1,15,Endo CLDN5 SLC7A5,0.3312123275687482,Endo CLDN5 SLC7A5,
GTGGTTAAGGCTTTCA-1,9,Oligo MOG OPALIN,0.9160472104919173,Endo CLDN5 SLC7A5,
GTGGTTAGTTTAGTCG-1,7,L3-5 RORB MKX GRIN3A,0.8617934501365838,L3-5 RORB MKX GRIN3A,
GTGTAACAGAAAGCGA-1,32,Endo CLDN5 SLC7A5,0.4106300157055343,Endo CLDN5 SLC7A5,
GTGTAACAGAGAGCCT-1,13,OPC PDGFRA PCDH15,0.999999999999865,OPC PDGFRA PCDH15,
GTGTAACCAAATCGTC-1,12,Oligo MOG OPALIN,0.9945087782943426,Endo CLDN5 SLC7A5,
GTGTCCTCACCCTGAG-1,0,Oligo MOG OPALIN,0.9999985295723895,Oligo MOG OPALIN,
GTGTCCTCAGAGTCTT-1,12,Endo CLDN5 SLC7A5,0.350533519543814,Endo CLDN5 SLC7A5,
GTGTCCTTCAGAGCGA-1,5,L2-3 CUX2 ACVR1C THSD7A,0.9992256419389656,L2-3 CUX2 ACVR1C THSD7A,
GTGTCCTTCCATGATG-1,27,Endo CLDN5 SLC7A5,0.9242026686099181,Endo CLDN5 SLC7A5,
GTGTCCTTCGTGTGAT-1,16,Endo CLDN5 SLC7A5,0.6488256088983974,Endo CLDN5 SLC7A5,
GTGTGATAGAGCAGTC-1,13,OPC PDGFRA PCDH15,0.9999999752167341,OPC PDGFRA PCDH15,
GTGTGATCATCCTCAC-1,0,Oligo MOG OPALIN,0.9943427770260747,Oligo MOG OPALIN,
GTGTGATGTACAGGTG-1,12,Endo CLDN5 SLC7A5,0.43244474796025667,Endo CLDN5 SLC7A5,
GTGTGATGTGCGCTCA-1,30,Endo CLDN5 SLC7A5,0.9414570706620404,Endo CLDN5 SLC7A5,
GTGTGATTCGGCACTG-1,11,InN SST TRPC7,0.6003985226485324,InN SST FREM1,
GTGTGGCAGTAGGCCA-1,30,Endo CLDN5 SLC7A5,0.9992630913506197,Endo CLDN5 SLC7A5,
GTGTGGCCAGGACTTT-1,19,Endo CLDN5 SLC7A5,0.9978191716742665,Endo CLDN5 SLC7A5,
GTGTTAGAGATCCGAG-1,29,VLMC COL1A2 VLMCA8,0.9695357786183579,PC P2RY14 GRM8,
GTGTTAGAGCGTATGG-1,28,Endo CLDN5 SLC7A5,0.9411936258118406,Endo CLDN5 SLC7A5,
GTGTTAGGTACAGAGC-1,3,Micro P2RY12 APBB1IP,0.6718270029561426,Micro P2RY12 APBB1IP,
GTGTTAGTCAAACGAA-1,2,Endo CLDN5 SLC7A5,0.9770658660575542,Astro AQP4 SLC1A2,
GTGTTAGTCAGACCTA-1,30,Astro AQP4 SLC1A2,0.66043212403251,Endo CLDN5 SLC7A5,
GTGTTCCCACCACTGG-1,37,Endo CLDN5 SLC7A5,0.8490692085546104,Endo CLDN5 SLC7A5,
GTGTTCCCACGGCGTT-1,31,InN VIP EXPH5,0.997222365652643,InN VIP HS3ST3B1,
GTGTTCCGTCGCCACA-1,12,L2-3 CUX2 NTNG1 PALMD,0.665670457438581,Endo CLDN5 SLC7A5,
GTGTTCCTCTCTTCAA-1,35,Endo CLDN5 SLC7A5,0.4891600869896269,Endo CLDN5 SLC7A5,
GTTACAGAGGGAGATA-1,15,Oligo MOG OPALIN,0.49433527311859693,Endo CLDN5 SLC7A5,
GTTACAGCAATACAGA-1,12,Endo CLDN5 SLC7A5,0.761481112504236,Endo CLDN5 SLC7A5,
GTTACAGCATTCCTCG-1,10,Endo CLDN5 SLC7A5,0.9761683065285427,Endo CLDN5 SLC7A5,
GTTACCCCACCCTAGG-1,13,OPC PDGFRA PCDH15,0.9999999986914991,OPC PDGFRA PCDH15,
GTTACCCCACGTTCGG-1,9,L2-3 CUX2 NTNG1 PALMD,0.6342890074522356,Endo CLDN5 SLC7A5,
GTTACCCCAGCTATTG-1,23,L6 OPRK1 THEMIS RGS6,0.4266456295543565,Endo CLDN5 SLC7A5,
GTTACCCGTGAAGCGT-1,15,Endo CLDN5 SLC7A5,0.4449579678174042,Endo CLDN5 SLC7A5,
GTTACCCGTGCCCAGT-1,14,Oligo MOG OPALIN,0.8170763286827278,Endo CLDN5 SLC7A5,
GTTACCCTCCTTTGAT-1,3,Micro P2RY12 APBB1IP,0.9925405213778806,Micro P2RY12 APBB1IP,
GTTACGAAGCAATTCC-1,1,Endo CLDN5 SLC7A5,0.6518338340962117,Endo CLDN5 SLC7A5,
GTTACGAAGCATCAAA-1,7,L3-5 RORB MKX DCC,0.936035608959724,L3-5 RORB MKX GRIN3A,
GTTACGAAGGTACAAT-1,2,Astro GFAP FABP7,0.99887944063109,Astro AQP4 SLC1A2,
GTTACGACACGGGCTT-1,1,Endo CLDN5 SLC7A5,0.8741700576251534,Endo CLDN5 SLC7A5,
GTTACGAGTAGCTCGC-1,11,InN SST STK32A,0.9982452602691162,InN SST FREM1,
GTTACGAGTGTTCGTA-1,1,Endo CLDN5 SLC7A5,0.8522146659983654,Endo CLDN5 SLC7A5,
GTTAGACAGTAACGTA-1,10,Endo CLDN5 SLC7A5,0.9803710238875251,Endo CLDN5 SLC7A5,
GTTAGACCAACTGAAA-1,12,Endo CLDN5 SLC7A5,0.9265683460718632,Endo CLDN5 SLC7A5,
GTTAGACGTGTTGACT-1,33,Endo CLDN5 SLC7A5,0.340980628079912,Endo CLDN5 SLC7A5,
GTTAGACTCACGATAC-1,2,Astro AQP4 SLC1A2,0.9844791783827098,Astro AQP4 SLC1A2,
GTTAGACTCTGAACGT-1,43,Endo CLDN5 SLC7A5,0.4733646223640458,Endo CLDN5 SLC7A5,
GTTAGTGAGCCGGATA-1,34,L6 FEZF2 SYT6 PTPRT,0.5807381014454761,L6 FEZF2 NPFFR2 KCNK2,
GTTAGTGAGCTGCCTG-1,0,Endo CLDN5 SLC7A5,0.9362460847158416,Oligo MOG OPALIN,
GTTAGTGAGTCGAAAT-1,28,Oligo MOG OPALIN,0.9360968547042889,Endo CLDN5 SLC7A5,
GTTAGTGCAACTGGTT-1,11,InN SST STK32A,0.9976514344975478,InN SST FREM1,
GTTAGTGGTAGGCTGA-1,29,PC P2RY14 GRM8,0.9999972309477969,PC P2RY14 GRM8,
GTTAGTGGTGATATAG-1,43,Endo CLDN5 SLC7A5,0.7096591311040089,Endo CLDN5 SLC7A5,
GTTAGTGTCAAGTGTC-1,2,Astro AQP4 SLC1A2,0.6947442295841728,Astro AQP4 SLC1A2,
GTTAGTGTCCCATTTA-1,10,Endo CLDN5 SLC7A5,0.9570405394590163,Endo CLDN5 SLC7A5,
GTTAGTGTCCTCTTTC-1,15,Endo CLDN5 SLC7A5,0.7487177167340591,Endo CLDN5 SLC7A5,
GTTAGTGTCGTTGTGA-1,17,Oligo MOG OPALIN,0.9849754104300578,Endo CLDN5 SLC7A5,
GTTAGTGTCTAGCCAA-1,18,L2-3 CUX2 NTNG1 PALMD,0.6815320718188365,Endo CLDN5 SLC7A5,
GTTATGGTCTAGGAAA-1,9,Oligo MOG OPALIN,0.7768379323312994,Endo CLDN5 SLC7A5,
GTTCATTAGCACCCAC-1,7,L3-5 RORB MKX GRIN3A,0.9266835820696605,L3-5 RORB MKX GRIN3A,
GTTCATTCAATGAAAC-1,26,InN PVALB PIEZO2,0.9584732320824891,InN PVALB HPSE,
GTTCATTCAGCGGTTC-1,22,Endo CLDN5 SLC7A5,0.37367820197223117,Endo CLDN5 SLC7A5,
GTTCATTGTCAGTCTA-1,44,Endo CLDN5 DKK2,0.9999754213534144,Endo CLDN5 SLC7A5,
GTTCATTGTCCTGAAT-1,2,Astro AQP4 SLC1A2,0.9978933013193757,Astro AQP4 SLC1A2,
GTTCATTGTCGAGATG-1,0,Oligo MOG OPALIN,0.9999630349304193,Oligo MOG OPALIN,
GTTCATTGTCTTCAAG-1,17,Endo CLDN5 SLC7A5,0.7499036308076994,Endo CLDN5 SLC7A5,
GTTCATTTCGTAGGGA-1,26,InN PVALB ANOS1,0.9690589648233543,InN PVALB HPSE,
GTTCCGTCAGGTGGAT-1,20,Endo CLDN5 SLC7A5,0.9903299848307872,Endo CLDN5 SLC7A5,
GTTCCGTTCGCGCTGA-1,22,Endo CLDN5 SLC7A5,0.8241868294293422,Endo CLDN5 SLC7A5,
GTTCGCTAGAAGAGCA-1,9,Endo CLDN5 SLC7A5,0.5473725928245924,Endo CLDN5 SLC7A5,
GTTCGCTAGCCGCACT-1,4,Endo CLDN5 SLC7A5,0.968872958659433,Endo CLDN5 SLC7A5,
GTTCGCTCACAACATC-1,25,Endo CLDN5 SLC7A5,0.8735745193414095,Endo CLDN5 SLC7A5,
GTTCGCTGTATGCTAC-1,43,Endo CLDN5 SLC7A5,0.9935502477074529,Endo CLDN5 SLC7A5,
GTTCGCTGTCTACTGA-1,25,Endo CLDN5 SLC7A5,0.9165632879411549,Endo CLDN5 SLC7A5,
GTTCGCTGTGTCATCA-1,6,Oligo MOG GSN,0.9987343195536472,Oligo MOG OPALIN,
GTTCGCTTCCTAAACG-1,7,L3-5 RORB MKX DCC,0.934700614710355,L3-5 RORB MKX GRIN3A,
GTTCTATAGAGATTCA-1,1,Endo CLDN5 SLC7A5,0.9756034163990612,Endo CLDN5 SLC7A5,
GTTCTATAGCTGGTGA-1,43,Endo CLDN5 SLC7A5,0.7584847416332493,Endo CLDN5 SLC7A5,
GTTCTATCAGAACTTC-1,9,Endo CLDN5 SLC7A5,0.44384639094093314,Endo CLDN5 SLC7A5,
GTTCTATGTATCTCTT-1,31,L2-3 CUX2 NTNG1 PALMD,0.4917075539512406,InN VIP HS3ST3B1,
GTTGAACAGCGTATAA-1,2,Endo CLDN5 SLC7A5,0.4351014010861134,Astro AQP4 SLC1A2,
GTTGAACTCGAAGAAT-1,37,Endo CLDN5 SLC7A5,0.753744311998518,Endo CLDN5 SLC7A5,
GTTGAACTCTGTCGTC-1,33,Endo CLDN5 SLC7A5,0.8098217625533951,Endo CLDN5 SLC7A5,
GTTGCGGAGATCGACG-1,6,Oligo MOG OPALIN,0.9999999797434469,Oligo MOG OPALIN,
GTTGCGGAGGCCTGCT-1,18,Endo CLDN5 SLC7A5,0.4222401359934539,Endo CLDN5 SLC7A5,
GTTGCGGGTCCGATCG-1,40,Endo CLDN5 SLC7A5,0.7463962518103293,Endo CLDN5 SLC7A5,
GTTGCGGGTTTCCAAG-1,14,Endo CLDN5 SLC7A5,0.8189301723932114,Endo CLDN5 SLC7A5,
GTTGCGGTCCTGCTAC-1,16,Endo CLDN5 SLC7A5,0.7441202053139226,Endo CLDN5 SLC7A5,
GTTGCTCCAAGATGGC-1,0,Oligo MOG OPALIN,0.9540253529601418,Oligo MOG OPALIN,
GTTGCTCCATCTAACG-1,1,Endo CLDN5 SLC7A5,0.8514324138815709,Endo CLDN5 SLC7A5,
GTTGCTCTCAGGAGAC-1,31,InN VIP FREM2,0.9931796712029493,InN VIP HS3ST3B1,
GTTGCTCTCTTCTTCC-1,25,Endo CLDN5 SLC7A5,0.8916222817371926,Endo CLDN5 SLC7A5,
GTTGTAGAGTTGGAGC-1,5,Oligo MOG OPALIN,0.3892958569817418,L2-3 CUX2 ACVR1C THSD7A,
GTTGTAGCATAAGCAA-1,19,Oligo MOG OPALIN,0.6391767193625945,Endo CLDN5 SLC7A5,
GTTGTAGGTCCCAAAT-1,8,Endo CLDN5 SLC7A5,0.9971362064005933,Endo CLDN5 SLC7A5,
GTTGTAGGTGTCTTGA-1,0,Oligo MOG OPALIN,0.999998486545422,Oligo MOG OPALIN,
GTTGTAGTCCGTGGTG-1,6,Oligo MOG OPALIN,0.8782736190187959,Oligo MOG OPALIN,
GTTGTAGTCTGTTGGA-1,0,Oligo MOG OPALIN,0.9821743276533985,Oligo MOG OPALIN,
GTTGTCCAGTCCTACA-1,11,InN SST HS3ST5,0.9865256865805381,InN SST FREM1,
GTTGTCCCAATCGCAT-1,38,Endo CLDN5 SLC7A5,0.3824678945056648,Endo CLDN5 SLC7A5,
GTTGTCCCACCAGACC-1,10,L2-3 CUX2 NTNG1 PALMD,0.481960610616858,Endo CLDN5 SLC7A5,
GTTGTCCCACCGTGGT-1,4,Endo CLDN5 SLC7A5,0.3397151083385748,Endo CLDN5 SLC7A5,
GTTGTCCGTCATATGC-1,41,Oligo MOG OPALIN,0.9948482860764865,Oligo MOG OPALIN,
GTTGTGATCAGTCACA-1,2,Astro AQP4 SLC1A2,0.9821084209637301,Astro AQP4 SLC1A2,
GTTTACTAGCGCCATC-1,3,Micro P2RY12 APBB1IP,0.9689513797597327,Micro P2RY12 APBB1IP,
GTTTACTAGTAAGACT-1,2,Astro AQP4 SLC1A2,0.9895120697967014,Astro AQP4 SLC1A2,
GTTTACTCAAGAATAC-1,0,Oligo MOG OPALIN,0.965564904607807,Oligo MOG OPALIN,
GTTTACTCACTGCGTG-1,24,Endo CLDN5 SLC7A5,0.4651322946569506,Endo CLDN5 SLC7A5,
GTTTACTCATCCGTTC-1,30,Endo CLDN5 SLC7A5,0.4976125586282325,Endo CLDN5 SLC7A5,
GTTTACTGTCGCACAC-1,7,L3-5 RORB MKX GRIN3A,0.7734499990533557,L3-5 RORB MKX GRIN3A,
GTTTACTGTTGTACGT-1,5,L2-4 CUX2 RORB CLMN,0.5651619279768815,L2-3 CUX2 ACVR1C THSD7A,
GTTTACTTCAATCCAG-1,15,Endo CLDN5 SLC7A5,0.9348576030711875,Endo CLDN5 SLC7A5,
GTTTACTTCCTGTAGA-1,17,Oligo MOG OPALIN,0.40572424440579286,Endo CLDN5 SLC7A5,
GTTTGGACAGCTGCCA-1,21,L6 OPRK1 THEMIS RGS6,0.9994224185373187,L6 OPRK1 THEMIS RGS6,
GTTTGGATCAGGTAAA-1,17,L6 OPRK1 THEMIS RGS6,0.5480239944385003,Endo CLDN5 SLC7A5,
TAACACGCAAAGCTAA-1,12,Oligo MOG OPALIN,0.3447673272108601,Endo CLDN5 SLC7A5,
TAACACGCAAGTTCCA-1,8,Oligo MOG OPALIN,0.31597778665364507,Endo CLDN5 SLC7A5,
TAACACGTCTCTAGGA-1,44,Endo CLDN5 SLC7A5,0.34552485552981654,Endo CLDN5 SLC7A5,
TAACCAGAGTCGGGAT-1,0,Oligo MOG OPALIN,0.9999933239639177,Oligo MOG OPALIN,
TAACCAGTCTCAGGCG-1,17,Endo CLDN5 SLC7A5,0.9414921933028467,Endo CLDN5 SLC7A5,
TAACGACAGATAGGGA-1,30,Endo CLDN5 SLC7A5,0.9741468573629273,Endo CLDN5 SLC7A5,
TAACGACAGCACTTTG-1,15,Endo CLDN5 SLC7A5,0.9684460867825181,Endo CLDN5 SLC7A5,
TAACGACTCGTTGCCT-1,10,Endo CLDN5 SLC7A5,0.43253448456201676,Endo CLDN5 SLC7A5,
TAACGACTCTGCGGCA-1,2,Astro GFAP FABP7,0.6166137976011844,Astro AQP4 SLC1A2,
TAACTTCCACTATGTG-1,35,Endo CLDN5 SLC7A5,0.9902602028550487,Endo CLDN5 SLC7A5,
TAACTTCCAGCACCCA-1,11,InN SST PLPP4,0.9952578948845943,InN SST FREM1,
TAACTTCCATCCGATA-1,17,Endo CLDN5 SLC7A5,0.9462588854307851,Endo CLDN5 SLC7A5,
TAAGCACAGGTAAGGA-1,5,L2-4 CUX2 RORB CLMN,0.7809198145805288,L2-3 CUX2 ACVR1C THSD7A,
TAAGCACCAAGGAGTC-1,4,Endo CLDN5 SLC7A5,0.8037700125835937,Endo CLDN5 SLC7A5,
TAAGCCACAAACCGGA-1,22,Oligo MOG OPALIN,0.6767922631251263,Endo CLDN5 SLC7A5,
TAAGCCACAAAGTGTA-1,25,Endo CLDN5 SLC7A5,0.9746237938624156,Endo CLDN5 SLC7A5,
TAAGCCAGTCTGTGCG-1,6,Oligo MOG OPALIN,0.9999983700034701,Oligo MOG OPALIN,
TAAGCCATCTCCTGAC-1,25,Endo CLDN5 SLC7A5,0.993239780728719,Endo CLDN5 SLC7A5,
TAAGCGTGTCATCCCT-1,7,L3-5 RORB MKX GRIN3A,0.35494735782547926,L3-5 RORB MKX GRIN3A,
TAAGCGTTCCGTCACT-1,6,Oligo MOG GSN,0.9985348158555188,Oligo MOG OPALIN,
TAAGCGTTCTGAGCAT-1,24,Endo CLDN5 SLC7A5,0.5585281921102393,Endo CLDN5 SLC7A5,
TAAGTCGAGGACGCTA-1,43,L2-3 CUX2 NTNG1 PALMD,0.7608064758803543,Endo CLDN5 SLC7A5,
TAAGTCGCAACTGGTT-1,7,L3-5 RORB MKX GRIN3A,0.9893457238734001,L3-5 RORB MKX GRIN3A,
TAAGTCGCACTGGAAG-1,13,OPC PDGFRA PCDH15,0.9985633495977309,OPC PDGFRA PCDH15,
TAAGTCGGTATTGACC-1,24,Endo CLDN5 SLC7A5,0.7868125888847298,Endo CLDN5 SLC7A5,
TAAGTCGGTTAAGACA-1,7,L3-5 RORB MKX DCC,0.9984284181470336,L3-5 RORB MKX GRIN3A,
TAATCTCAGCTGAAAT-1,32,L2-3 CUX2 NTNG1 PALMD,0.41372512311008597,Endo CLDN5 SLC7A5,
TAATCTCAGGCATCAG-1,2,Astro AQP4 SLC1A2,0.9926238651405449,Astro AQP4 SLC1A2,
TAATCTCCAACGTATC-1,26,InN PVALB PRKCH,0.9738437734151068,InN PVALB HPSE,
TAATTCCAGGGTTAGC-1,11,InN SST PLPP4,0.3356643903591212,InN SST FREM1,
TAATTCCCACGGTGAA-1,35,Endo CLDN5 SLC7A5,0.32828510082637535,Endo CLDN5 SLC7A5,
TAATTCCGTCCACTTC-1,37,Endo CLDN5 SLC7A5,0.947281780005651,Endo CLDN5 SLC7A5,
TAATTCCTCCATCTCG-1,23,Micro P2RY12 APBB1IP,0.9225581582081174,Endo CLDN5 SLC7A5,
TAATTCCTCCTCACTG-1,0,Oligo MOG OPALIN,0.9999180261747292,Oligo MOG OPALIN,
TACAACGCATTAGGAA-1,18,Endo CLDN5 SLC7A5,0.6092006385179041,Endo CLDN5 SLC7A5,
TACACCCGTGCAACAG-1,3,Micro P2RY12 APBB1IP,0.98680012315057,Micro P2RY12 APBB1IP,
TACACCCTCCTCAGAA-1,19,Endo CLDN5 SLC7A5,0.40856996769202264,Endo CLDN5 SLC7A5,
TACACCCTCTGACGCG-1,16,Endo CLDN5 SLC7A5,0.560391919130204,Endo CLDN5 SLC7A5,
TACAGGTAGATAGCAT-1,13,OPC PDGFRA PCDH15,0.9999999939690911,OPC PDGFRA PCDH15,
TACAGGTAGGATGCGT-1,11,InN SST FREM1,0.9996765485929995,InN SST FREM1,
TACAGGTAGGTCCTGC-1,39,InN LAMP5 LHX6 PROX1,0.9761498085065219,InN LAMP5 BMP7,
TACAGGTCAAGTCCAT-1,1,Endo CLDN5 SLC7A5,0.5313411807370967,Endo CLDN5 SLC7A5,
TACAGGTCACAGCTGC-1,6,Oligo MOG OPALIN,0.999996044108007,Oligo MOG OPALIN,
TACAGGTTCATGGGAG-1,1,L2-3 CUX2 ACVR1C INHBA,0.32963187747885114,Endo CLDN5 SLC7A5,
TACATTCCAGGAGGAG-1,9,Endo CLDN5 SLC7A5,0.9051691003057434,Endo CLDN5 SLC7A5,
TACATTCTCATCTCTA-1,35,Endo CLDN5 SLC7A5,0.6019413505360892,Endo CLDN5 SLC7A5,
TACATTCTCGGCTGAC-1,9,L3-5 RORB MKX GRIN3A,0.5361888381799824,Endo CLDN5 SLC7A5,
TACCCACCATTACTCT-1,33,Endo CLDN5 SLC7A5,0.9890563270415814,Endo CLDN5 SLC7A5,
TACCCACGTATCGCAT-1,27,Endo CLDN5 SLC7A5,0.4616843409541169,Endo CLDN5 SLC7A5,
TACCCACTCTAACACG-1,4,L3-5 RORB MKX GRIN3A,0.551916778871995,Endo CLDN5 SLC7A5,
TACCCACTCTCGCGTT-1,41,Astro GFAP AQP1,0.46210611107985683,Oligo MOG OPALIN,
TACCCGTAGAACTGAT-1,20,Oligo MOG OPALIN,0.5364177874964664,Endo CLDN5 SLC7A5,
TACCCGTGTTCCGCGA-1,5,L2-3 CUX2 ACVR1C THSD7A,0.9457586643216971,L2-3 CUX2 ACVR1C THSD7A,
TACCCGTTCGAAATCC-1,7,L3-5 RORB MKX DCC,0.9896743895660616,L3-5 RORB MKX GRIN3A,
TACCCGTTCGCTCTCA-1,17,Endo CLDN5 SLC7A5,0.5986483320981986,Endo CLDN5 SLC7A5,
TACCGAAAGACCACGA-1,3,Micro P2RY12 APBB1IP,0.8755487622843592,Micro P2RY12 APBB1IP,
TACCGAACACATAGCT-1,2,Astro AQP4 SLC1A2,0.8834186684194044,Astro AQP4 SLC1A2,
TACCGAACATTGCCTC-1,8,Endo CLDN5 SLC7A5,0.7976232283947954,Endo CLDN5 SLC7A5,
TACCGAAGTCGTCAGC-1,23,Oligo MOG OPALIN,0.8977000406788502,Endo CLDN5 SLC7A5,
TACCGAATCCAATCCC-1,10,Endo CLDN5 SLC7A5,0.8022548004772806,Endo CLDN5 SLC7A5,
TACCGAATCGCGATCG-1,9,Endo CLDN5 SLC7A5,0.4641642451071891,Endo CLDN5 SLC7A5,
TACCGGGAGATGATTG-1,9,Endo CLDN5 SLC7A5,0.9874394210512749,Endo CLDN5 SLC7A5,
TACCGGGAGTTGCCCG-1,12,L3-5 RORB MKX GRIN3A,0.8201561036612217,Endo CLDN5 SLC7A5,
TACCGGGCATCTAACG-1,7,L3-5 RORB MKX GALR1,0.5687413819115771,L3-5 RORB MKX GRIN3A,
TACCGGGGTACGTGAG-1,4,Endo CLDN5 SLC7A5,0.4028989019662994,Endo CLDN5 SLC7A5,
TACCGGGGTCAGGTGA-1,14,Endo CLDN5 SLC7A5,0.9958055297045563,Endo CLDN5 SLC7A5,
TACCGGGGTGATGAAT-1,1,Endo CLDN5 SLC7A5,0.9652326055051669,Endo CLDN5 SLC7A5,
TACCGGGGTTTCCCAC-1,17,Endo CLDN5 SLC7A5,0.5205898195428846,Endo CLDN5 SLC7A5,
TACCGGGTCCACATAG-1,32,L2-3 CUX2 NTNG1 PALMD,0.5615837469909293,Endo CLDN5 SLC7A5,
TACCTCGCACGTAGTT-1,1,Endo CLDN5 SLC7A5,0.7027981782769221,Endo CLDN5 SLC7A5,
TACCTCGCATACTTTC-1,1,Endo CLDN5 SLC7A5,0.9974865344807617,Endo CLDN5 SLC7A5,
TACCTCGGTATGGGAC-1,3,Micro P2RY12 APBB1IP,0.7274497162775427,Micro P2RY12 APBB1IP,
TACCTCGGTTTACGAC-1,34,L6 FEZF2 DCBLD1 MITF,0.36122364938569723,L6 FEZF2 NPFFR2 KCNK2,
TACCTCGTCCTGTACC-1,5,L2-4 CUX2 RORB CLMN,0.628369466222057,L2-3 CUX2 ACVR1C THSD7A,
TACCTCGTCGCTTGCT-1,32,Endo CLDN5 SLC7A5,0.9547452992558921,Endo CLDN5 SLC7A5,
TACCTGCAGATGTTAG-1,11,InN SST ADAMTSL1,0.839286884593609,InN SST FREM1,
TACCTGCCATAATCGC-1,17,Oligo MOG OPALIN,0.49470198842910446,Endo CLDN5 SLC7A5,
TACCTGCGTCATCCGG-1,16,Endo CLDN5 SLC7A5,0.9617917302574566,Endo CLDN5 SLC7A5,
TACCTGCGTGAGTAGC-1,2,Astro AQP4 SLC1A2,0.929843694999825,Astro AQP4 SLC1A2,
TACCTGCGTTTCAGAC-1,1,Endo CLDN5 SLC7A5,0.6324185107455468,Endo CLDN5 SLC7A5,
TACGCTCCAACCACAT-1,40,Oligo MOG OPALIN,0.7736190135531634,Endo CLDN5 SLC7A5,
TACGCTCCAACCGTAT-1,20,Endo CLDN5 SLC7A5,0.8572299065660399,Endo CLDN5 SLC7A5,
TACGCTCCAGTTAAAG-1,5,L2-3 CUX2 ACVR1C THSD7A,0.9387609045572565,L2-3 CUX2 ACVR1C THSD7A,
TACGCTCGTTCGGGTC-1,22,Endo CLDN5 SLC7A5,0.9862666055135871,Endo CLDN5 SLC7A5,
TACGGGCAGGACTGGT-1,31,Oligo MOG OPALIN,0.4604037911387003,InN VIP HS3ST3B1,
TACGGGCCAAGATGGC-1,11,InN SST FREM1,0.6914214474282996,InN SST FREM1,
TACGGGCCACGATAGG-1,25,Endo CLDN5 SLC7A5,0.541883380271508,Endo CLDN5 SLC7A5,
TACGGGCCACGTTGGC-1,26,InN SST PLPP4,0.9833712946866816,InN PVALB HPSE,
TACGGGCCATCCAATG-1,18,L2-3 CUX2 NTNG1 PALMD,0.488009049865777,Endo CLDN5 SLC7A5,
TACGGGCGTGCTATTG-1,11,Oligo MOG OPALIN,0.6504455863855557,InN SST FREM1,
TACGGGCTCGCTACGG-1,0,Endo CLDN5 SLC7A5,0.9893614231313288,Oligo MOG OPALIN,
TACGGGCTCGTTCTGC-1,5,L2-3 CUX2 ACVR1C THSD7A,0.8802612523740077,L2-3 CUX2 ACVR1C THSD7A,
TACGGTACAACTGCCG-1,17,Endo CLDN5 SLC7A5,0.9141108328686797,Endo CLDN5 SLC7A5,
TACGGTAGTACGATGG-1,23,Endo CLDN5 SLC7A5,0.9989261949827167,Endo CLDN5 SLC7A5,
TACGGTATCGATAACC-1,0,Oligo MOG OPALIN,0.9929917808715875,Oligo MOG OPALIN,
TACGGTATCTAACACG-1,14,Endo CLDN5 SLC7A5,0.9799501482934917,Endo CLDN5 SLC7A5,
TACGTCCAGAGAGGGC-1,32,Endo CLDN5 SLC7A5,0.6430149273154503,Endo CLDN5 SLC7A5,
TACGTCCAGTGAATAC-1,0,Oligo MOG OPALIN,0.9999989653060709,Oligo MOG OPALIN,
TACGTCCGTCCAGTTA-1,10,Endo CLDN5 SLC7A5,0.9945562648406175,Endo CLDN5 SLC7A5,
TACGTCCGTCCGACGT-1,19,Endo CLDN5 SLC7A5,0.31042269012152324,Endo CLDN5 SLC7A5,
TACGTCCTCTGCTTTA-1,9,Endo CLDN5 SLC7A5,0.6123132122559826,Endo CLDN5 SLC7A5,
TACTGCCAGGATACCG-1,34,L6 FEZF2 SYT6 CDH9,0.9631716001343253,L6 FEZF2 NPFFR2 KCNK2,
TACTGCCAGTCTCCTC-1,8,Endo CLDN5 SLC7A5,0.9009829091510789,Endo CLDN5 SLC7A5,
TACTGCCCAAGACGAC-1,8,Endo CLDN5 SLC7A5,0.9858078921162056,Endo CLDN5 SLC7A5,
TACTGCCGTGGCCCAT-1,11,InN SST HS3ST5,0.8630175512542388,InN SST FREM1,
TACTGCCTCGCAGATT-1,4,Endo CLDN5 SLC7A5,0.3080596115441136,Endo CLDN5 SLC7A5,
TACTTACAGGAAACGA-1,8,Endo CLDN5 SLC7A5,0.847488759352141,Endo CLDN5 SLC7A5,
TACTTACCAAAGGAGA-1,21,L6 OPRK1 THEMIS RGS6,0.5760556016847191,L6 OPRK1 THEMIS RGS6,
TACTTACTCAGGAACG-1,1,Endo CLDN5 SLC7A5,0.8811828161953995,Endo CLDN5 SLC7A5,
TACTTACTCGAATCCA-1,43,Endo CLDN5 SLC7A5,0.4314857912828228,Endo CLDN5 SLC7A5,
TACTTACTCTAACGGT-1,17,Endo CLDN5 SLC7A5,0.6860743690952557,Endo CLDN5 SLC7A5,
TACTTCAAGTCGGCAA-1,8,Endo CLDN5 SLC7A5,0.906557576792552,Endo CLDN5 SLC7A5,
TACTTCAGTTCTATCT-1,41,Oligo MOG OPALIN,0.7920902899910378,Oligo MOG OPALIN,
TACTTCATCCCTCTTT-1,8,Oligo MOG OPALIN,0.9913246215518537,Endo CLDN5 SLC7A5,
TACTTCATCGGTCTAA-1,0,Oligo MOG OPALIN,0.99998783821539,Oligo MOG OPALIN,
TACTTGTAGATCCAAA-1,13,Oligo MOG OPALIN,0.9995239829513489,OPC PDGFRA PCDH15,
TACTTGTCATGAGAAT-1,18,Endo CLDN5 SLC7A5,0.33079896431497785,Endo CLDN5 SLC7A5,
TACTTGTGTATTGCCA-1,7,L3-5 RORB MKX GALR1,0.5493102715588508,L3-5 RORB MKX GRIN3A,
TACTTGTGTTCCTAGA-1,16,InN SST NPY,0.9737063815868199,Endo CLDN5 SLC7A5,
TACTTGTTCACTGTCC-1,19,Endo CLDN5 SLC7A5,0.3179078542736667,Endo CLDN5 SLC7A5,
TACTTGTTCATGCTAG-1,5,L2-3 CUX2 NTNG1 PALMD,0.7912417029382706,L2-3 CUX2 ACVR1C THSD7A,
TACTTGTTCTCTCGAC-1,19,Endo CLDN5 SLC7A5,0.9901981199978054,Endo CLDN5 SLC7A5,
TAGACCAAGCACGATG-1,9,Endo CLDN5 SLC7A5,0.96932901601785,Endo CLDN5 SLC7A5,
TAGACCAAGCGATTCT-1,8,Endo CLDN5 SLC7A5,0.9805702587073485,Endo CLDN5 SLC7A5,
TAGACCACAAACGAGC-1,4,Endo CLDN5 SLC7A5,0.8808536206246474,Endo CLDN5 SLC7A5,
TAGACCAGTTCGAAGG-1,7,L3-5 RORB MKX GRIN3A,0.9765849729770988,L3-5 RORB MKX GRIN3A,
TAGACCATCGCGTGCA-1,2,Astro GFAP AQP1,0.9995919907415538,Astro AQP4 SLC1A2,
TAGACTGGTAGACAAT-1,9,Endo CLDN5 SLC7A5,0.7321896934965235,Endo CLDN5 SLC7A5,
TAGACTGTCAGCTGAT-1,12,Endo CLDN5 SLC7A5,0.3329612555130004,Endo CLDN5 SLC7A5,
TAGACTGTCCGTGTAA-1,7,L3-5 RORB MKX GRIN3A,0.723550161902782,L3-5 RORB MKX GRIN3A,
TAGAGTCAGCCGATAG-1,13,OPC PDGFRA PCDH15,0.9999999530080488,OPC PDGFRA PCDH15,
TAGAGTCCAGCTCTGG-1,6,Oligo MOG OPALIN,0.9999948359599006,Oligo MOG OPALIN,
TAGAGTCTCCAAACCA-1,28,Endo CLDN5 SLC7A5,0.8119175155698244,Endo CLDN5 SLC7A5,
TAGAGTCTCCAACCGG-1,28,Endo CLDN5 SLC7A5,0.9840151984818534,Endo CLDN5 SLC7A5,
TAGATCGGTCTTCTAT-1,37,Endo CLDN5 SLC7A5,0.9774931802235902,Endo CLDN5 SLC7A5,
TAGATCGTCTCCAAGA-1,13,Endo CLDN5 SLC7A5,0.8246233392226833,OPC PDGFRA PCDH15,
TAGCACAAGAACGTGC-1,3,Micro P2RY12 APBB1IP,0.6234593633040715,Micro P2RY12 APBB1IP,
TAGCACAAGGGCGAAG-1,17,Endo CLDN5 SLC7A5,0.5823328006081226,Endo CLDN5 SLC7A5,
TAGCACAAGGTGGGTT-1,26,InN PVALB ANOS1,0.9425950113943162,InN PVALB HPSE,
TAGCACACACCGGTCA-1,8,Endo CLDN5 SLC7A5,0.8417396333003071,Endo CLDN5 SLC7A5,
TAGCACAGTCTTCGAA-1,10,Endo CLDN5 SLC7A5,0.81141428372773,Endo CLDN5 SLC7A5,
TAGCACAGTGGCTGCT-1,10,Endo CLDN5 SLC7A5,0.8042949337424488,Endo CLDN5 SLC7A5,
TAGCACAGTTGTACGT-1,13,OPC PDGFRA PCDH15,0.9999999999973381,OPC PDGFRA PCDH15,
TAGGAGGAGAGGTTAT-1,39,InN LAMP5 BMP7,0.7695910087435197,InN LAMP5 BMP7,
TAGGAGGAGCGTGAGT-1,8,Endo CLDN5 SLC7A5,0.8255792569015906,Endo CLDN5 SLC7A5,
TAGGAGGGTCATCAGT-1,7,L3-5 RORB MKX DCC,0.4822378107860988,L3-5 RORB MKX GRIN3A,
TAGGAGGGTCTAATCG-1,13,OPC PDGFRA PCDH15,0.9883799924209788,OPC PDGFRA PCDH15,
TAGGAGGGTGCCCGTA-1,10,Oligo MOG OPALIN,0.9341599830783852,Endo CLDN5 SLC7A5,
TAGGGTTAGGAGAGGC-1,22,Endo CLDN5 SLC7A5,0.9930815257083568,Endo CLDN5 SLC7A5,
TAGGGTTCAACGATCT-1,14,Endo CLDN5 SLC7A5,0.9813326744315097,Endo CLDN5 SLC7A5,
TAGGGTTGTCACTTAG-1,7,L3-5 RORB MKX GRIN3A,0.40769730289968387,L3-5 RORB MKX GRIN3A,
TAGGGTTGTCTAGGTT-1,15,Endo CLDN5 SLC7A5,0.8217875909058171,Endo CLDN5 SLC7A5,
TAGGTACAGGCCGCTT-1,44,Endo CLDN5 DKK2,0.9999835620027687,Endo CLDN5 SLC7A5,
TAGGTACAGGGTGGGA-1,13,OPC PDGFRA PCDH15,0.9999999949266574,OPC PDGFRA PCDH15,
TAGGTACCAGCAGTCC-1,8,Endo CLDN5 SLC7A5,0.5246858974485126,Endo CLDN5 SLC7A5,
TAGGTTGAGACGCCCT-1,8,Endo CLDN5 SLC7A5,0.7225664945759419,Endo CLDN5 SLC7A5,
TAGGTTGCAACTCGAT-1,36,L3-5 RORB GABRG1 PTPRO,0.4868615961592809,L3-5 RORB GABRG1 KCNH7,
TAGGTTGCAATACAGA-1,29,VLMC COL1A2 VLMCA8,0.8059388666022973,PC P2RY14 GRM8,
TAGGTTGCACTGTCGG-1,9,Endo CLDN5 SLC7A5,0.9977989617537544,Endo CLDN5 SLC7A5,
TAGGTTGGTATTCCGA-1,0,Oligo MOG OPALIN,0.9999529198414628,Oligo MOG OPALIN,
TAGGTTGGTGGTTTGT-1,37,Endo CLDN5 SLC7A5,0.9253596336505892,Endo CLDN5 SLC7A5,
TAGGTTGGTTTCACAG-1,15,Oligo MOG OPALIN,0.9943969335325672,Endo CLDN5 SLC7A5,
TAGGTTGTCCTTATGT-1,2,Astro GFAP AQP1,0.6886597611398938,Astro AQP4 SLC1A2,
TAGGTTGTCTTACGTT-1,20,Endo CLDN5 SLC7A5,0.9139728773769598,Endo CLDN5 SLC7A5,
TAGTGCACAAGAATGT-1,33,Endo CLDN5 SLC7A5,0.9867979294916361,Endo CLDN5 SLC7A5,
TAGTGCAGTGTCTTAG-1,2,Endo CLDN5 SLC7A5,0.42662257605690035,Astro AQP4 SLC1A2,
TAGTGCAGTTAGGCCC-1,19,Endo CLDN5 SLC7A5,0.5381391503701213,Endo CLDN5 SLC7A5,
TATACCTCACGGTAGA-1,19,Endo CLDN5 SLC7A5,0.5307907794178603,Endo CLDN5 SLC7A5,
TATACCTCAGAGGGTT-1,6,Oligo MOG OPALIN,0.999998888056273,Oligo MOG OPALIN,
TATACCTGTTAACCTG-1,0,Oligo MOG OPALIN,0.9999926385799567,Oligo MOG OPALIN,
TATACCTTCTGCGGGT-1,41,Oligo MOG OPALIN,0.9999157219281285,Oligo MOG OPALIN,
TATATCCAGACGCCAA-1,8,Endo CLDN5 SLC7A5,0.8197705081738557,Endo CLDN5 SLC7A5,
TATATCCGTAACCAGG-1,39,InN LAMP5 LHX6 TAC1,0.9957935047360051,InN LAMP5 BMP7,
TATATCCGTTCCAGGC-1,1,Endo CLDN5 SLC7A5,0.8119438281308732,Endo CLDN5 SLC7A5,
TATATCCTCAACCTTT-1,0,Oligo MOG OPALIN,0.9999993866325819,Oligo MOG OPALIN,
TATATCCTCGCGTGCA-1,2,Astro AQP4 SLC1A2,0.9971187320938071,Astro AQP4 SLC1A2,
TATCAGGAGTTTGCTG-1,25,Endo CLDN5 SLC7A5,0.9506525264560093,Endo CLDN5 SLC7A5,
TATCAGGGTCTACATG-1,17,Endo CLDN5 SLC7A5,0.32502349561907684,Endo CLDN5 SLC7A5,
TATCAGGTCGGAGTAG-1,12,Endo CLDN5 SLC7A5,0.4046232456108984,Endo CLDN5 SLC7A5,
TATCAGGTCTACGCGG-1,2,Astro AQP4 SLC1A2,0.9045360513535162,Astro AQP4 SLC1A2,
TATCCTAAGGCCTGAA-1,35,Endo CLDN5 SLC7A5,0.979784932289494,Endo CLDN5 SLC7A5,
TATCCTAGTCCGACGT-1,1,Endo CLDN5 SLC7A5,0.9924821960329504,Endo CLDN5 SLC7A5,
TATCCTAGTCTACACA-1,5,L2-3 CUX2 ACVR1C THSD7A,0.8898017085347983,L2-3 CUX2 ACVR1C THSD7A,
TATCGCCAGCCGAATG-1,37,SMC ACTA2 CNN1,0.9473185641085387,Endo CLDN5 SLC7A5,
TATCGCCCACTGTCCT-1,7,Oligo MOG OPALIN,0.679514670532926,L3-5 RORB MKX GRIN3A,
TATCGCCGTTCAAACC-1,45,Oligo MOG OPALIN,0.6926530778514279,Endo CLDN5 SLC7A5,
TATCGCCGTTCGGTTA-1,32,Endo CLDN5 SLC7A5,0.9742324432471514,Endo CLDN5 SLC7A5,
TATCGCCTCAAGAGGC-1,9,Endo CLDN5 SLC7A5,0.9468465630096321,Endo CLDN5 SLC7A5,
TATCTGTAGCTGAGCA-1,11,Endo CLDN5 SLC7A5,0.4106499480950336,InN SST FREM1,
TATCTGTAGGGACAGG-1,31,InN VIP SCML4,0.9953677062920929,InN VIP HS3ST3B1,
TATCTGTAGGTATTGA-1,35,Endo CLDN5 SLC7A5,0.8398599993382267,Endo CLDN5 SLC7A5,
TATCTGTAGTCTGTAC-1,5,L2-4 CUX2 RORB CLMN,0.9978161518152748,L2-3 CUX2 ACVR1C THSD7A,
TATCTGTGTAGGACCA-1,0,Oligo MOG OPALIN,0.9999935237648477,Oligo MOG OPALIN,
TATCTGTGTGCACGCT-1,24,Oligo MOG OPALIN,0.6883425006241539,Endo CLDN5 SLC7A5,
TATCTGTGTGTGACCC-1,1,Endo CLDN5 SLC7A5,0.8401228973063095,Endo CLDN5 SLC7A5,
TATCTTGAGTGCAGCA-1,3,Micro P2RY12 APBB1IP,0.7952769264896294,Micro P2RY12 APBB1IP,
TATCTTGCAGGATCTT-1,47,L5-6 FEZF2 NXPH2 GRIK1,0.9754000435732261,L5-6 FEZF2 NXPH2 GRIK1,
TATCTTGGTCACCGAC-1,14,Endo CLDN5 SLC7A5,0.9978724465136272,Endo CLDN5 SLC7A5,
TATCTTGTCTAAGGAA-1,21,L6 OPRK1 THEMIS RGS6,0.9971073847779012,L6 OPRK1 THEMIS RGS6,
TATGTTCAGCGGACAT-1,14,Endo CLDN5 SLC7A5,0.9772399747235194,Endo CLDN5 SLC7A5,
TATGTTCAGGGCAATC-1,3,Micro P2RY12 APBB1IP,0.9196656623730893,Micro P2RY12 APBB1IP,
TATGTTCCACCACATA-1,14,Endo CLDN5 SLC7A5,0.890038732047746,Endo CLDN5 SLC7A5,
TATTCCAAGCAATTCC-1,23,Oligo MOG OPALIN,0.7855903745016914,Endo CLDN5 SLC7A5,
TATTCCAAGTCCTGCG-1,12,Endo CLDN5 SLC7A5,0.9819770769086639,Endo CLDN5 SLC7A5,
TATTCCATCCGGACTG-1,15,Endo CLDN5 SLC7A5,0.7785323557398643,Endo CLDN5 SLC7A5,
TATTCCATCGCCTTTG-1,35,Endo CLDN5 SLC7A5,0.8048363786046594,Endo CLDN5 SLC7A5,
TATTCCATCTACCCAC-1,19,Endo CLDN5 SLC7A5,0.9651468487831306,Endo CLDN5 SLC7A5,
TATTCCATCTATACTC-1,16,Endo CLDN5 SLC7A5,0.9955046658963893,Endo CLDN5 SLC7A5,
TATTGCTAGAGCCATG-1,5,L2-3 CUX2 ACVR1C THSD7A,0.5519444637198683,L2-3 CUX2 ACVR1C THSD7A,
TATTGCTAGGTTGGTG-1,28,Endo CLDN5 SLC7A5,0.5041816374052414,Endo CLDN5 SLC7A5,
TATTGCTGTAAGGTCG-1,5,L2-3 CUX2 ACVR1C THSD7A,0.9719401382711278,L2-3 CUX2 ACVR1C THSD7A,
TATTGCTTCGCCAATA-1,40,Endo CLDN5 SLC7A5,0.9804937219993473,Endo CLDN5 SLC7A5,
TATTGCTTCGCGGTAC-1,15,Endo CLDN5 SLC7A5,0.9384545028614841,Endo CLDN5 SLC7A5,
TATTGGGTCCGAGAAG-1,20,Oligo MOG OPALIN,0.9684362337176081,Endo CLDN5 SLC7A5,
TATTTCGGTGCCGGTT-1,7,L3-5 RORB MKX DCC,0.3364968956996208,L3-5 RORB MKX GRIN3A,
TATTTCGTCGTTAGAC-1,3,Micro P2RY12 APBB1IP,0.9984596858202739,Micro P2RY12 APBB1IP,
TCAAGACCAACTCGAT-1,2,Astro AQP4 SLC1A2,0.983550777303703,Astro AQP4 SLC1A2,
TCAAGACCACCCTTGT-1,2,Oligo MOG OPALIN,0.39146665992113183,Astro AQP4 SLC1A2,
TCAAGACCAGGTCCGT-1,9,Endo CLDN5 SLC7A5,0.9207860057516565,Endo CLDN5 SLC7A5,
TCAAGACGTGCATTAC-1,10,Endo CLDN5 SLC7A5,0.9758599778946496,Endo CLDN5 SLC7A5,
TCAAGACTCCGAAATC-1,2,Astro GFAP AQP1,0.9305510931519765,Astro AQP4 SLC1A2,
TCAAGACTCTTCACGC-1,21,L6 OPRK1 THEMIS RGS6,0.9795323963138787,L6 OPRK1 THEMIS RGS6,
TCAAGCAAGTAATTGG-1,40,Oligo MOG OPALIN,0.7696138057173443,Endo CLDN5 SLC7A5,
TCAAGCAGTTGCAAGG-1,9,Oligo MOG OPALIN,0.855804508135781,Endo CLDN5 SLC7A5,
TCAAGCATCACGACTA-1,8,Endo CLDN5 SLC7A5,0.698790769997587,Endo CLDN5 SLC7A5,
TCAAGTGAGAGGTTAT-1,16,Endo CLDN5 SLC7A5,0.986273120316645,Endo CLDN5 SLC7A5,
TCAAGTGAGGAACATT-1,17,Endo CLDN5 SLC7A5,0.6709912438776366,Endo CLDN5 SLC7A5,
TCAAGTGCACCTATCC-1,1,Endo CLDN5 SLC7A5,0.8744459208447511,Endo CLDN5 SLC7A5,
TCAAGTGCAGGAGGTT-1,7,L3-5 RORB MKX GRIN3A,0.6915032879556223,L3-5 RORB MKX GRIN3A,
TCAAGTGGTGCCGGTT-1,17,Endo CLDN5 SLC7A5,0.964102877560867,Endo CLDN5 SLC7A5,
TCAATCTGTAGATTGA-1,0,Oligo MOG OPALIN,0.9252717235890654,Oligo MOG OPALIN,
TCAATCTGTGGTTTGT-1,14,Endo CLDN5 SLC7A5,0.843727369446655,Endo CLDN5 SLC7A5,
TCACAAGAGTTCCATG-1,12,Endo CLDN5 SLC7A5,0.9078810383614774,Endo CLDN5 SLC7A5,
TCACAAGCATGGTACT-1,19,Micro P2RY12 APBB1IP,0.8714396131728133,Endo CLDN5 SLC7A5,
TCACAAGTCACCGCTT-1,2,Astro AQP4 SLC1A2,0.7349496903593611,Astro AQP4 SLC1A2,
TCACACCAGGTTCTAC-1,18,Endo CLDN5 SLC7A5,0.9550196248290034,Endo CLDN5 SLC7A5,
TCACACCGTTCTCTCG-1,8,Endo CLDN5 SLC7A5,0.8455857397276154,Endo CLDN5 SLC7A5,
TCACACCTCGCTGATA-1,1,Endo CLDN5 SLC7A5,0.6383061416522265,Endo CLDN5 SLC7A5,
TCACACCTCGTAACAC-1,23,Endo CLDN5 SLC7A5,0.5544620347084398,Endo CLDN5 SLC7A5,
TCACATTAGAGTCTTC-1,2,Astro AQP4 SLC1A2,0.9986360821159789,Astro AQP4 SLC1A2,
TCACATTAGGCCCACT-1,25,Endo CLDN5 SLC7A5,0.30584046586066743,Endo CLDN5 SLC7A5,
TCACATTCAACTGCCG-1,1,Oligo MOG OPALIN,0.7764404318519212,Endo CLDN5 SLC7A5,
TCACATTTCGGTCTAA-1,15,Endo CLDN5 SLC7A5,0.9978462413718798,Endo CLDN5 SLC7A5,
TCACATTTCTGCCTCA-1,11,InN SST HS3ST5,0.9917330432621778,InN SST FREM1,
TCACGCTGTCAAACGG-1,15,Endo CLDN5 SLC7A5,0.9913755929878776,Endo CLDN5 SLC7A5,
TCACGCTGTTCTCTCG-1,28,Endo CLDN5 SLC7A5,0.9924901416687837,Endo CLDN5 SLC7A5,
TCACGCTTCGTAGCCG-1,4,Endo CLDN5 SLC7A5,0.9936570450203004,Endo CLDN5 SLC7A5,
TCACGGGTCACGAGGA-1,1,Endo CLDN5 SLC7A5,0.7569792478336947,Endo CLDN5 SLC7A5,
TCACGGGTCGTACCTC-1,44,Endo CLDN5 SLC7A5,0.6955465962926015,Endo CLDN5 SLC7A5,
TCACTATCACAGCTTA-1,15,Endo CLDN5 SLC7A5,0.98117450658381,Endo CLDN5 SLC7A5,
TCACTATTCTCAACGA-1,4,Endo CLDN5 SLC7A5,0.4856174865309867,Endo CLDN5 SLC7A5,
TCACTCGAGTCACTGT-1,13,Endo CLDN5 SLC7A5,0.9941295477662045,OPC PDGFRA PCDH15,
TCACTCGTCAAGTCTG-1,15,L2-3 CUX2 NTNG1 PALMD,0.7570736414854699,Endo CLDN5 SLC7A5,
TCACTCGTCCCAAGTA-1,10,Endo CLDN5 SLC7A5,0.9405862965153968,Endo CLDN5 SLC7A5,
TCACTCGTCGTACCTC-1,9,Endo CLDN5 SLC7A5,0.7769322218967384,Endo CLDN5 SLC7A5,
TCAGCAAAGACCCGCT-1,23,Endo CLDN5 SLC7A5,0.962468419114121,Endo CLDN5 SLC7A5,
TCAGCAAAGGGAGGGT-1,2,Astro GFAP AQP1,0.9890299022593824,Astro AQP4 SLC1A2,
TCAGCAATCAGGACGA-1,43,Oligo MOG OPALIN,0.9621063954382489,Endo CLDN5 SLC7A5,
TCAGCCTAGTTAACGA-1,1,Endo CLDN5 SLC7A5,0.7964432347934786,Endo CLDN5 SLC7A5,
TCAGCCTCAGCTGAGA-1,28,Endo CLDN5 SLC7A5,0.9330610251026648,Endo CLDN5 SLC7A5,
TCAGCCTGTTACGTAC-1,14,Endo CLDN5 SLC7A5,0.9983541423950405,Endo CLDN5 SLC7A5,
TCAGCCTTCCCTTGTG-1,19,Endo CLDN5 SLC7A5,0.8624060576490775,Endo CLDN5 SLC7A5,
TCAGGGCAGCAACTTC-1,8,Endo CLDN5 SLC7A5,0.8975095733754059,Endo CLDN5 SLC7A5,
TCAGGGCAGGGAGGTG-1,41,Oligo MOG OPALIN,0.9623360119489514,Oligo MOG OPALIN,
TCAGGGCCAAAGGCAC-1,13,OPC PDGFRA PCDH15,0.9999999999998477,OPC PDGFRA PCDH15,
TCAGGGCGTGGGCTTC-1,4,Endo CLDN5 SLC7A5,0.775143527368437,Endo CLDN5 SLC7A5,
TCAGGGCTCAGCTGTA-1,34,L6 FEZF2 SYT6 ERBB4,0.4613753312265448,L6 FEZF2 NPFFR2 KCNK2,
TCAGGGCTCGCTGTTC-1,31,InN VIP EXPH5,0.9995382271282861,InN VIP HS3ST3B1,
TCAGGTAAGAGCAGAA-1,22,Endo CLDN5 SLC7A5,0.7857761866825201,Endo CLDN5 SLC7A5,
TCAGGTACACTGTGAT-1,9,Endo CLDN5 SLC7A5,0.926353267030701,Endo CLDN5 SLC7A5,
TCAGGTAGTATCGATC-1,28,Endo CLDN5 SLC7A5,0.9342016871276879,Endo CLDN5 SLC7A5,
TCAGGTATCATTGGTG-1,27,Oligo MOG OPALIN,0.3939598557906372,Endo CLDN5 SLC7A5,
TCAGTCCAGTCGGCAA-1,40,Endo CLDN5 SLC7A5,0.8240892378926835,Endo CLDN5 SLC7A5,
TCAGTCCCAATTAGGA-1,13,OPC PDGFRA PCDH15,0.9999902350318464,OPC PDGFRA PCDH15,
TCAGTCCCACGCTGTG-1,1,Endo CLDN5 SLC7A5,0.8592916794947135,Endo CLDN5 SLC7A5,
TCAGTCCGTTGCCAAT-1,2,OPC PDGFRA PCDH15,0.986149461212255,Astro AQP4 SLC1A2,
TCAGTGAAGCATGTTC-1,8,Endo CLDN5 SLC7A5,0.6571353147714138,Endo CLDN5 SLC7A5,
TCAGTGACAGAGGCTA-1,1,Endo CLDN5 SLC7A5,0.9933915493165739,Endo CLDN5 SLC7A5,
TCAGTGACATATTCGG-1,12,Oligo MOG OPALIN,0.8895270988332524,Endo CLDN5 SLC7A5,
TCAGTGATCGTTCGCT-1,3,Micro P2RY12 APBB1IP,0.8469488978839783,Micro P2RY12 APBB1IP,
TCAGTTTTCCACACAA-1,19,Endo CLDN5 SLC7A5,0.9294157423271109,Endo CLDN5 SLC7A5,
TCAGTTTTCTGGGTCG-1,27,Endo CLDN5 SLC7A5,0.9574333306011238,Endo CLDN5 SLC7A5,
TCATACTAGGCTTAAA-1,6,OPC PDGFRA PCDH15,0.9934057721991805,Oligo MOG OPALIN,
TCATACTAGTGGCCTC-1,4,Endo CLDN5 SLC7A5,0.9862009945155316,Endo CLDN5 SLC7A5,
TCATACTCATGTCAGT-1,15,Oligo MOG OPALIN,0.4004310509013397,Endo CLDN5 SLC7A5,
TCATACTTCCAACCAA-1,31,InN VIP MEGF11 LHFP,0.9984899905672642,InN VIP HS3ST3B1,
TCATATCCATAACAGA-1,10,Endo CLDN5 SLC7A5,0.6299457435817921,Endo CLDN5 SLC7A5,
TCATATCCATGCAGGA-1,30,Endo CLDN5 SLC7A5,0.9963675365990763,Endo CLDN5 SLC7A5,
TCATATCGTGCTAGCC-1,9,Endo CLDN5 SLC7A5,0.9749278058517222,Endo CLDN5 SLC7A5,
TCATATCGTGGCAGAT-1,42,PC P2RY14 GRM8,0.9793104218400712,PC P2RY14 GRM8,
TCATATCTCAAGCCCG-1,2,Astro AQP4 SLC1A2,0.8528519430859416,Astro AQP4 SLC1A2,
TCATCATAGGAGAGGC-1,7,L3-5 RORB MKX DCC,0.7223759745066434,L3-5 RORB MKX GRIN3A,
TCATCCGAGGTTACCT-1,9,Oligo MOG OPALIN,0.5922476764473199,Endo CLDN5 SLC7A5,
TCATGAGAGACATAAC-1,20,Endo CLDN5 SLC7A5,0.966765232416751,Endo CLDN5 SLC7A5,
TCATGAGCAAGAGCTG-1,18,Oligo MOG OPALIN,0.9495233105283158,Endo CLDN5 SLC7A5,
TCATGAGGTTCAAAGA-1,3,Micro P2RY12 APBB1IP,0.8379155962688247,Micro P2RY12 APBB1IP,
TCATGAGTCATCACAG-1,1,Endo CLDN5 SLC7A5,0.9799205522059254,Endo CLDN5 SLC7A5,
TCATGCCAGATACATG-1,10,Endo CLDN5 SLC7A5,0.5297332507497396,Endo CLDN5 SLC7A5,
TCATGCCAGCACAAAT-1,8,Endo CLDN5 SLC7A5,0.5089390782616587,Endo CLDN5 SLC7A5,
TCATGCCAGGCGCTTC-1,16,Endo CLDN5 SLC7A5,0.7203711074675273,Endo CLDN5 SLC7A5,
TCATGCCAGTCGAAAT-1,20,Endo CLDN5 SLC7A5,0.9911181282035846,Endo CLDN5 SLC7A5,
TCATGCCCATCAGTCA-1,3,Micro P2RY12 APBB1IP,0.9383191783553588,Micro P2RY12 APBB1IP,
TCATGGAAGCGATGAC-1,14,Endo CLDN5 SLC7A5,0.8447992736423657,Endo CLDN5 SLC7A5,
TCATGGAGTCCCGCAA-1,26,InN PVALB PDE3A,0.9727452894524242,InN PVALB HPSE,
TCATGGAGTCTCTCCA-1,0,Oligo MOG OPALIN,0.8551888638803364,Oligo MOG OPALIN,
TCATGGAGTCTTACAG-1,37,SMC ACTA2 CNN1,0.9620478483806184,Endo CLDN5 SLC7A5,
TCATGGAGTTCGAACT-1,4,Endo CLDN5 SLC7A5,0.9222305218327801,Endo CLDN5 SLC7A5,
TCATGGAGTTTCACTT-1,9,Endo CLDN5 SLC7A5,0.31147042581080636,Endo CLDN5 SLC7A5,
TCATGTTAGTTCGCAT-1,19,Oligo MOG OPALIN,0.9776836772660413,Endo CLDN5 SLC7A5,
TCATGTTCAACGTATC-1,33,Endo CLDN5 SLC7A5,0.3626454451669978,Endo CLDN5 SLC7A5,
TCATGTTGTGCGCTCA-1,2,Astro GFAP AQP1,0.30938484415517353,Astro AQP4 SLC1A2,
TCATGTTGTTTGACAC-1,36,L3-5 RORB GABRG1 KCNH7,0.4004250678051286,L3-5 RORB GABRG1 KCNH7,
TCATGTTTCATCTGTT-1,3,Micro P2RY12 APBB1IP,0.5178214351558794,Micro P2RY12 APBB1IP,
TCATTACAGACAGCGT-1,27,Endo CLDN5 SLC7A5,0.974446786580575,Endo CLDN5 SLC7A5,
TCATTACTCAAGCCCG-1,38,Endo CLDN5 SLC7A5,0.5825223537873282,Endo CLDN5 SLC7A5,
TCATTCAGTCCAACGC-1,19,Endo CLDN5 SLC7A5,0.6689156862752839,Endo CLDN5 SLC7A5,
TCATTCATCATCTACT-1,12,Endo CLDN5 SLC7A5,0.40433943289251373,Endo CLDN5 SLC7A5,
TCATTCATCTCATTGT-1,6,Oligo MOG GSN,0.7560979581369992,Oligo MOG OPALIN,
TCATTGTGTAGCGAGT-1,9,Endo CLDN5 SLC7A5,0.41294938087426025,Endo CLDN5 SLC7A5,
TCATTGTGTAGTCACT-1,19,Endo CLDN5 SLC7A5,0.3558827244390743,Endo CLDN5 SLC7A5,
TCATTGTGTTTCCAAG-1,1,Oligo MOG OPALIN,0.7964658437175931,Endo CLDN5 SLC7A5,
TCATTGTTCAGCCCAG-1,18,Endo CLDN5 SLC7A5,0.7953587408411003,Endo CLDN5 SLC7A5,
TCATTGTTCCCAGGCA-1,24,Endo CLDN5 SLC7A5,0.8642106126980015,Endo CLDN5 SLC7A5,
TCATTTGAGATGCTTC-1,36,L3-5 RORB GABRG1 KCNH7,0.3274857997542561,L3-5 RORB GABRG1 KCNH7,
TCATTTGAGCATAGGC-1,21,Oligo MOG OPALIN,0.5737400729549731,L6 OPRK1 THEMIS RGS6,
TCATTTGCAGTTTGGT-1,42,PC P2RY14 GRM8,0.9996908487312814,PC P2RY14 GRM8,
TCATTTGTCGAAATCC-1,4,Endo CLDN5 SLC7A5,0.8155160534436325,Endo CLDN5 SLC7A5,
TCCACCAAGTACCGGA-1,12,OPC PDGFRA PCDH15,0.6046177111162704,Endo CLDN5 SLC7A5,
TCCACCACAAGAGATT-1,28,Endo CLDN5 SLC7A5,0.9864317607638322,Endo CLDN5 SLC7A5,
TCCACCACACCAGCGT-1,1,Endo CLDN5 SLC7A5,0.4925036202301665,Endo CLDN5 SLC7A5,
TCCACCACACGCGCTA-1,10,Oligo MOG OPALIN,0.309794557384052,Endo CLDN5 SLC7A5,
TCCACCACAGACCCGT-1,6,Oligo MOG OPALIN,0.9999904740601485,Oligo MOG OPALIN,
TCCACGTCACTAGAGG-1,0,Oligo MOG OPALIN,0.9649130577983518,Oligo MOG OPALIN,
TCCACGTGTAACGTTC-1,5,L2-4 CUX2 RORB CLMN,0.990612552055758,L2-3 CUX2 ACVR1C THSD7A,
TCCACGTGTGGCTAGA-1,21,L6 OPRK1 THEMIS RGS6,0.996699960982364,L6 OPRK1 THEMIS RGS6,
TCCAGAACACTATCGA-1,10,Endo CLDN5 SLC7A5,0.9175189717577055,Endo CLDN5 SLC7A5,
TCCAGAAGTTCTTGTT-1,9,Oligo MOG OPALIN,0.5558617978906097,Endo CLDN5 SLC7A5,
TCCAGAATCCCAAGTA-1,6,Oligo MOG OPALIN,0.9999765916733214,Oligo MOG OPALIN,
TCCAGAATCTCTCTTC-1,0,Oligo MOG OPALIN,0.9995908356361629,Oligo MOG OPALIN,
TCCATCGAGAGCTGAC-1,8,Endo CLDN5 SLC7A5,0.977189219677546,Endo CLDN5 SLC7A5,
TCCATCGCAGTGACCC-1,47,L5-6 FEZF2 NXPH2 GRIK1,0.9988840618641068,L5-6 FEZF2 NXPH2 GRIK1,
TCCATCGGTATCCCAA-1,17,Endo CLDN5 SLC7A5,0.6561930470396311,Endo CLDN5 SLC7A5,
TCCATCGTCAACGAGG-1,18,Endo CLDN5 SLC7A5,0.9845477515839668,Endo CLDN5 SLC7A5,
TCCATCGTCGCATTGA-1,33,Endo CLDN5 SLC7A5,0.9973888152235586,Endo CLDN5 SLC7A5,
TCCATGCCAATGCAAA-1,20,Endo CLDN5 SLC7A5,0.6715874756279647,Endo CLDN5 SLC7A5,
TCCCACAAGACAACTA-1,30,Endo CLDN5 SLC7A5,0.9357206599141886,Endo CLDN5 SLC7A5,
TCCCACACATGAATCC-1,15,Endo CLDN5 SLC7A5,0.8352035322319202,Endo CLDN5 SLC7A5,
TCCCACAGTTCCACAA-1,29,PC P2RY14 GRM8,0.9997270949554359,PC P2RY14 GRM8,
TCCCAGTAGTCGAATA-1,45,Endo CLDN5 SLC7A5,0.6026596840960223,Endo CLDN5 SLC7A5,
TCCCAGTCACTTTATC-1,8,Endo CLDN5 SLC7A5,0.32399675649013465,Endo CLDN5 SLC7A5,
TCCCAGTGTCACTTCC-1,12,Oligo MOG OPALIN,0.9352820514504205,Endo CLDN5 SLC7A5,
TCCCATGAGGAAGTCC-1,8,Endo CLDN5 SLC7A5,0.8224301989175274,Endo CLDN5 SLC7A5,
TCCCATGCATGGCCCA-1,10,Endo CLDN5 SLC7A5,0.8169767034582363,Endo CLDN5 SLC7A5,
TCCGAAAAGACCTGGA-1,10,Endo CLDN5 SLC7A5,0.8801053678041362,Endo CLDN5 SLC7A5,
TCCGAAACATACCGTA-1,28,Oligo MOG OPALIN,0.3681970802447712,Endo CLDN5 SLC7A5,
TCCGAAAGTGCGAACA-1,10,Oligo MOG OPALIN,0.7514937282815972,Endo CLDN5 SLC7A5,
TCCGAAATCGTCCTCA-1,26,InN PVALB ANOS1,0.982645974296468,InN PVALB HPSE,
TCCGATCAGCCATTGT-1,23,Endo CLDN5 SLC7A5,0.959684139985181,Endo CLDN5 SLC7A5,
TCCGATCAGGAAGTAG-1,0,Oligo MOG OPALIN,0.4535157274227643,Oligo MOG OPALIN,
TCCGGGAAGACCTCAT-1,16,Oligo MOG OPALIN,0.7426934185638363,Endo CLDN5 SLC7A5,
TCCGGGAAGGTTCAGG-1,5,L2-4 CUX2 RORB CLMN,0.5074477355254348,L2-3 CUX2 ACVR1C THSD7A,
TCCGGGACATCCTCAC-1,17,Endo CLDN5 SLC7A5,0.7599116761153594,Endo CLDN5 SLC7A5,
TCCGGGAGTTAGAAGT-1,15,Oligo MOG OPALIN,0.9576101693660797,Endo CLDN5 SLC7A5,
TCCGTGTCAGCACAGA-1,5,L2-3 CUX2 NTNG1 COL5A2,0.3228571495162053,L2-3 CUX2 ACVR1C THSD7A,
TCCGTGTTCTTCACGC-1,17,Oligo MOG OPALIN,0.7526677831639513,Endo CLDN5 SLC7A5,
TCCTAATAGCGCCATC-1,19,Endo CLDN5 SLC7A5,0.8096483142404597,Endo CLDN5 SLC7A5,
TCCTAATCACGGGTAA-1,6,Oligo MOG OPALIN,0.9999905234535197,Oligo MOG OPALIN,
TCCTAATCAGCGAACA-1,9,Endo CLDN5 SLC7A5,0.5603955799899811,Endo CLDN5 SLC7A5,
TCCTAATTCGTCCATC-1,33,Endo CLDN5 SLC7A5,0.6159992055477059,Endo CLDN5 SLC7A5,
TCCTCCCCAACGACAG-1,22,Endo CLDN5 SLC7A5,0.331877809217546,Endo CLDN5 SLC7A5,
TCCTCCCGTGAGAGGG-1,7,L3-5 RORB MKX DCC,0.9575618187510194,L3-5 RORB MKX GRIN3A,
TCCTCCCTCCATGATG-1,6,Oligo MOG OPALIN,0.9999678870809224,Oligo MOG OPALIN,
TCCTCCCTCGCAAGAG-1,5,L2-4 CUX2 RORB CLMN,0.5694676111836643,L2-3 CUX2 ACVR1C THSD7A,
TCCTCCCTCGCCGATG-1,12,L3-5 RORB MKX GRIN3A,0.792904152086151,Endo CLDN5 SLC7A5,
TCCTCGAAGCTCTTCC-1,7,Endo CLDN5 SLC7A5,0.6824556739978501,L3-5 RORB MKX GRIN3A,
TCCTCGACACCAACAT-1,4,Oligo MOG OPALIN,0.6003331302010272,Endo CLDN5 SLC7A5,
TCCTCGACAGTCAACT-1,2,Astro AQP4 SLC1A2,0.9943861186272783,Astro AQP4 SLC1A2,
TCCTCGACATTGCCGG-1,9,Endo CLDN5 SLC7A5,0.9126951001999088,Endo CLDN5 SLC7A5,
TCCTCTTCACATGTTG-1,19,Endo CLDN5 SLC7A5,0.9725639235880897,Endo CLDN5 SLC7A5,
TCCTCTTGTACCACGC-1,9,Endo CLDN5 SLC7A5,0.4126465331983639,Endo CLDN5 SLC7A5,
TCCTCTTGTGATACCT-1,15,Endo CLDN5 SLC7A5,0.4332699440798177,Endo CLDN5 SLC7A5,
TCCTCTTTCCTACAAG-1,41,Oligo MOG OPALIN,0.999977080627903,Oligo MOG OPALIN,
TCCTCTTTCGCGTTTC-1,5,L6 FEZF2 NPFFR2 KCNK2,0.8951871856999244,L2-3 CUX2 ACVR1C THSD7A,
TCCTGCAAGAGGCGTT-1,8,Endo CLDN5 SLC7A5,0.9496615124549761,Endo CLDN5 SLC7A5,
TCCTGCACACAACGTT-1,6,Oligo MOG OPALIN,0.9999873037739648,Oligo MOG OPALIN,
TCCTGCACACAAGCTT-1,30,Oligo MOG OPALIN,0.456820782508068,Endo CLDN5 SLC7A5,
TCCTGCATCAAACCTG-1,0,Oligo MOG OPALIN,0.9999833761806004,Oligo MOG OPALIN,
TCCTGCATCCATCACC-1,7,L3-5 RORB MKX GRIN3A,0.9921821302083815,L3-5 RORB MKX GRIN3A,
TCCTTCTAGCCATGCC-1,6,Oligo MOG OPALIN,0.9999913057143832,Oligo MOG OPALIN,
TCCTTTCCAGGCACAA-1,4,Endo CLDN5 SLC7A5,0.31761174475669346,Endo CLDN5 SLC7A5,
TCCTTTCCAGTATACC-1,12,Endo CLDN5 SLC7A5,0.5863129496307458,Endo CLDN5 SLC7A5,
TCGAACAAGCTGCCAC-1,22,Endo CLDN5 SLC7A5,0.4900001931399359,Endo CLDN5 SLC7A5,
TCGAACAAGTTAACGA-1,35,Oligo MOG OPALIN,0.3916662048992762,Endo CLDN5 SLC7A5,
TCGAACAGTTACGGAG-1,5,L2-4 CUX2 RORB CLMN,0.7514612174098816,L2-3 CUX2 ACVR1C THSD7A,
TCGAACAGTTGAGAGC-1,26,InN PVALB HPSE,0.9997536045763514,InN PVALB HPSE,
TCGAAGTGTACAAGTA-1,1,Endo CLDN5 SLC7A5,0.9944234477993726,Endo CLDN5 SLC7A5,
TCGAAGTGTGGTACAG-1,16,Micro P2RY12 APBB1IP,0.6041843205913693,Endo CLDN5 SLC7A5,
TCGAAGTTCTTAGTTC-1,16,Endo CLDN5 SLC7A5,0.7785977596982652,Endo CLDN5 SLC7A5,
TCGACCTCAATCGCAT-1,24,Oligo MOG OPALIN,0.9999866143740077,Endo CLDN5 SLC7A5,
TCGACCTCAGCCCACA-1,24,Endo CLDN5 SLC7A5,0.893763077049662,Endo CLDN5 SLC7A5,
TCGACCTGTCTTGAGT-1,5,L2-3 CUX2 NTNG1 PALMD,0.8789205547906194,L2-3 CUX2 ACVR1C THSD7A,
TCGACCTTCCGTCCTA-1,34,L6 FEZF2 SYT6 ERBB4,0.7937074432389667,L6 FEZF2 NPFFR2 KCNK2,
TCGACCTTCGTGCACG-1,11,InN SST STK32A,0.9888979517958241,InN SST FREM1,
TCGACGGCAAAGGGTC-1,34,L6 FEZF2 SYT6 CDH9,0.9071405631914329,L6 FEZF2 NPFFR2 KCNK2,
TCGACGGCAAGTGCTT-1,36,L3-5 RORB TNNT2 TSHZ2,0.7132666125018073,L3-5 RORB GABRG1 KCNH7,
TCGACGGCATCGTGGC-1,5,L2-4 CUX2 RORB CLMN,0.35637210282635134,L2-3 CUX2 ACVR1C THSD7A,
TCGACGGGTCGACTTA-1,22,Oligo MOG OPALIN,0.49027463301897034,Endo CLDN5 SLC7A5,
TCGATTTAGACGCATG-1,28,Endo CLDN5 SLC7A5,0.42315683591373804,Endo CLDN5 SLC7A5,
TCGATTTGTATCGAGG-1,33,L6 OPRK1 THEMIS RGS6,0.9304096322124515,Endo CLDN5 SLC7A5,
TCGATTTGTTTCTTAC-1,32,Oligo MOG OPALIN,0.4657237811076582,Endo CLDN5 SLC7A5,
TCGCACTCAGGATGAC-1,0,Endo CLDN5 SLC7A5,0.616292442283722,Oligo MOG OPALIN,
TCGCACTCATCCGATA-1,0,Oligo MOG OPALIN,0.9998194059127871,Oligo MOG OPALIN,
TCGCACTGTACTCGAT-1,10,Endo CLDN5 SLC7A5,0.7639791588165779,Endo CLDN5 SLC7A5,
TCGCAGGAGGATTTGA-1,6,Oligo MOG OPALIN,0.9999977896509828,Oligo MOG OPALIN,
TCGCAGGAGGGTACAC-1,0,Oligo MOG OPALIN,0.9999992885876762,Oligo MOG OPALIN,
TCGCAGGCAGGACAGT-1,6,Oligo MOG OPALIN,0.999995030298453,Oligo MOG OPALIN,
TCGCAGGGTCCATCTC-1,35,Endo CLDN5 SLC7A5,0.37320981331136455,Endo CLDN5 SLC7A5,
TCGCAGGGTTGCTGAT-1,16,Endo CLDN5 SLC7A5,0.5828702686862604,Endo CLDN5 SLC7A5,
TCGCAGGTCAAGGTGG-1,4,Endo CLDN5 SLC7A5,0.9885830990468324,Endo CLDN5 SLC7A5,
TCGCAGGTCGTCTCAC-1,27,Oligo MOG OPALIN,0.4556597082926133,Endo CLDN5 SLC7A5,
TCGCTCACAGAGGAAA-1,6,Oligo MOG OPALIN,0.999947873322256,Oligo MOG OPALIN,
TCGCTCAGTCTCCTGT-1,12,Endo CLDN5 SLC7A5,0.8625286949631054,Endo CLDN5 SLC7A5,
TCGCTCATCGTCCATC-1,6,Oligo MOG GSN,0.9416819338094191,Oligo MOG OPALIN,
TCGCTCATCTCGAACA-1,12,Endo CLDN5 SLC7A5,0.8461554323197824,Endo CLDN5 SLC7A5,
TCGGATACACATCCCT-1,31,InN VIP HS3ST3B1,0.8932645653638059,InN VIP HS3ST3B1,
TCGGATACACTTGACA-1,19,Endo CLDN5 SLC7A5,0.5909152241286524,Endo CLDN5 SLC7A5,
TCGGATACATCCTTCG-1,39,InN LAMP5 RELN,0.8740174848921181,InN LAMP5 BMP7,
TCGGATAGTTCTTAGG-1,6,Oligo MOG OPALIN,0.9423735168280156,Oligo MOG OPALIN,
TCGGATATCCACTTCG-1,39,InN LAMP5 LHX6 TAC1,0.9997166002000698,InN LAMP5 BMP7,
TCGGGACCACAAGTGG-1,36,L3-5 RORB GABRG1 PTPRO,0.40762157066971655,L3-5 RORB GABRG1 KCNH7,
TCGGGACCATGATAGA-1,11,InN SST STK32A,0.9887475916260441,InN SST FREM1,
TCGGGACCATGCCATA-1,42,PC P2RY14 GRM8,0.9996125917487803,PC P2RY14 GRM8,
TCGGGTGAGCGATGAC-1,17,Endo CLDN5 SLC7A5,0.905740259073963,Endo CLDN5 SLC7A5,
TCGGGTGGTCATACCA-1,33,Endo CLDN5 SLC7A5,0.7959639590044265,Endo CLDN5 SLC7A5,
TCGGGTGGTTCTGACA-1,29,Oligo MOG GSN,0.7220752151414603,PC P2RY14 GRM8,
TCGGTCTGTCAAGCGA-1,21,L6 OPRK1 THEMIS RGS6,0.993526546889549,L6 OPRK1 THEMIS RGS6,
TCGGTCTTCTGTGTGA-1,9,Endo CLDN5 SLC7A5,0.5392612502098719,Endo CLDN5 SLC7A5,
TCGTAGACACGTCTCT-1,5,L2-3 CUX2 NTNG1 COL5A2,0.36483655184374475,L2-3 CUX2 ACVR1C THSD7A,
TCGTAGACATGTCTAG-1,4,Endo CLDN5 SLC7A5,0.9678864577235146,Endo CLDN5 SLC7A5,
TCGTCCAAGTTGTCAC-1,43,Endo CLDN5 SLC7A5,0.9742640159282744,Endo CLDN5 SLC7A5,
TCGTCCACACTGGATT-1,20,Endo CLDN5 SLC7A5,0.9820769919882623,Endo CLDN5 SLC7A5,
TCGTCCAGTATGAGCG-1,11,InN SST HTR2C,0.39137770231478936,InN SST FREM1,
TCGTCCAGTCAAAGAT-1,7,L3-5 RORB MKX GRIN3A,0.7765860193339775,L3-5 RORB MKX GRIN3A,
TCGTCCATCCTCAGAA-1,13,OPC PDGFRA PCDH15,0.9999997153874998,OPC PDGFRA PCDH15,
TCGTCCATCTGAGGCC-1,43,Endo CLDN5 SLC7A5,0.5626182331057253,Endo CLDN5 SLC7A5,
TCGTGCTTCAGATTGC-1,8,Endo CLDN5 SLC7A5,0.48463422760779024,Endo CLDN5 SLC7A5,
TCGTGCTTCTGTCCCA-1,3,Micro P2RY12 APBB1IP,0.5689385415405397,Micro P2RY12 APBB1IP,
TCGTGGGAGCGGACAT-1,11,InN SST THSD7B,0.9961178772989039,InN SST FREM1,
TCGTGGGGTAGAGTTA-1,11,InN SST FREM1,0.4752242483372128,InN SST FREM1,
TCGTGGGGTTTCTATC-1,20,Endo CLDN5 SLC7A5,0.9563037715147201,Endo CLDN5 SLC7A5,
TCGTGGGTCATTACGG-1,9,Endo CLDN5 SLC7A5,0.5558868612229533,Endo CLDN5 SLC7A5,
TCTAACTAGTCGCCCA-1,42,PC P2RY14 GRM8,0.9968671617521868,PC P2RY14 GRM8,
TCTAACTCAAGATGGC-1,45,Endo CLDN5 SLC7A5,0.9146114380035129,Endo CLDN5 SLC7A5,
TCTAACTCAGTCTGGC-1,1,Endo CLDN5 SLC7A5,0.7878882215934538,Endo CLDN5 SLC7A5,
TCTAACTGTTCGTTCC-1,9,Endo CLDN5 SLC7A5,0.5310464338473131,Endo CLDN5 SLC7A5,
TCTACATCAGGCTACC-1,13,OPC PDGFRA PCDH15,0.999999999997528,OPC PDGFRA PCDH15,
TCTACATGTGCCTACG-1,1,Endo CLDN5 SLC7A5,0.9917771125059097,Endo CLDN5 SLC7A5,
TCTACCGCAAATCAGA-1,11,InN SST FREM1,0.9984252481107432,InN SST FREM1,
TCTACCGCATCCTCAC-1,48,Endo CLDN5 SLC7A5,0.9420197608976236,Endo CLDN5 SLC7A5,
TCTACCGGTCGAAACG-1,25,Endo CLDN5 SLC7A5,0.9775845637232639,Endo CLDN5 SLC7A5,
TCTACCGGTGCGTTTA-1,39,InN ADARB2 SFRP2,0.9736216585706862,InN LAMP5 BMP7,
TCTACCGGTTACCGTA-1,18,Oligo MOG OPALIN,0.9889627161037019,Endo CLDN5 SLC7A5,
TCTACCGGTTCTAAGC-1,18,Endo CLDN5 SLC7A5,0.5214743348293422,Endo CLDN5 SLC7A5,
TCTACCGTCAGGAAGC-1,14,Endo CLDN5 IL1R1,0.9410288045277254,Endo CLDN5 SLC7A5,
TCTACCGTCGAACCAT-1,1,L2-3 CUX2 NTNG1 PALMD,0.3854925465904384,Endo CLDN5 SLC7A5,
TCTATACAGAAGCGGG-1,44,Endo CLDN5 SLC7A5,0.6002948952574645,Endo CLDN5 SLC7A5,
TCTATACAGCCAACCC-1,13,OPC PDGFRA PCDH15,0.999999995879371,OPC PDGFRA PCDH15,
TCTATACGTGACTGAG-1,7,Endo CLDN5 SLC7A5,0.5350868515746174,L3-5 RORB MKX GRIN3A,
TCTATACGTGGTATGG-1,1,Endo CLDN5 SLC7A5,0.9586907066341193,Endo CLDN5 SLC7A5,
TCTATACTCGTCCTTG-1,2,Astro GFAP AQP1,0.6062706780811961,Astro AQP4 SLC1A2,
TCTATACTCTGCGGCA-1,3,Micro P2RY12 APBB1IP,0.7321951331222739,Micro P2RY12 APBB1IP,
TCTATCAAGTTGTCAC-1,2,Astro AQP4 SLC1A2,0.6093963608040204,Astro AQP4 SLC1A2,
TCTATCACACTCCTTG-1,19,Endo CLDN5 SLC7A5,0.9933593851846002,Endo CLDN5 SLC7A5,
TCTATCACATTCACAG-1,35,Endo CLDN5 SLC7A5,0.5771041505793122,Endo CLDN5 SLC7A5,
TCTATCAGTACATTGC-1,4,Endo CLDN5 SLC7A5,0.5467843626178123,Endo CLDN5 SLC7A5,
TCTATCAGTCCCTGAG-1,12,Endo CLDN5 SLC7A5,0.9723193996418398,Endo CLDN5 SLC7A5,
TCTATCAGTGATCGTT-1,19,Endo CLDN5 SLC7A5,0.7266446055805807,Endo CLDN5 SLC7A5,
TCTCACGCAAGTGCAG-1,11,InN SST STK32A,0.7832704609263149,InN SST FREM1,
TCTCACGTCTTTGATC-1,12,Endo CLDN5 SLC7A5,0.45471957964671017,Endo CLDN5 SLC7A5,
TCTCAGCAGTACCATC-1,22,Endo CLDN5 SLC7A5,0.9639120126275077,Endo CLDN5 SLC7A5,
TCTCAGCAGTCCTGTA-1,10,Endo CLDN5 SLC7A5,0.5643014741707203,Endo CLDN5 SLC7A5,
TCTCAGCCAAGACCGA-1,34,L6 FEZF2 NPFFR2 TPD52L1,0.9801958991953302,L6 FEZF2 NPFFR2 KCNK2,
TCTCAGCCACTTGAAC-1,0,Endo CLDN5 SLC7A5,0.4165082302178753,Oligo MOG OPALIN,
TCTCAGCCATGTGCCG-1,2,Astro AQP4 SLC1A2,0.31800022914645437,Astro AQP4 SLC1A2,
TCTCAGCGTTTGATCG-1,38,Endo CLDN5 SLC7A5,0.9496430304411041,Endo CLDN5 SLC7A5,
TCTCAGCTCGTTCATT-1,18,Endo CLDN5 SLC7A5,0.8862295585104231,Endo CLDN5 SLC7A5,
TCTCCGAAGCCTGTGC-1,25,Endo CLDN5 SLC7A5,0.9741415965106597,Endo CLDN5 SLC7A5,
TCTCCGAAGTGGAATT-1,2,Astro AQP4 SLC1A2,0.4318300018532258,Astro AQP4 SLC1A2,
TCTCCGACAGGAAGTC-1,16,Endo CLDN5 SLC7A5,0.9425121450420231,Endo CLDN5 SLC7A5,
TCTCTGGCAGCGCTTG-1,0,Oligo MOG OPALIN,0.9993995857262368,Oligo MOG OPALIN,
TCTCTGGCAGCGGTCT-1,0,Oligo MOG OPALIN,0.9979428192657782,Oligo MOG OPALIN,
TCTCTGGGTATCGCAT-1,4,Endo CLDN5 SLC7A5,0.9669944680672786,Endo CLDN5 SLC7A5,
TCTCTGGTCGTCGACG-1,22,Endo CLDN5 SLC7A5,0.948875240501179,Endo CLDN5 SLC7A5,
TCTGCCAAGCGAATGC-1,1,Endo CLDN5 SLC7A5,0.9947427925994924,Endo CLDN5 SLC7A5,
TCTGCCACAATACGCT-1,22,Endo CLDN5 SLC7A5,0.9662166444871237,Endo CLDN5 SLC7A5,
TCTGCCACAGCGTTTA-1,18,Oligo MOG OPALIN,0.3260283448023856,Endo CLDN5 SLC7A5,
TCTGCCATCAGTGTCA-1,1,Endo CLDN5 SLC7A5,0.8089084725745191,Endo CLDN5 SLC7A5,
TCTGCCATCTTAGCAG-1,41,Oligo MOG OPALIN,0.999916241776869,Oligo MOG OPALIN,
TCTGCCATCTTCCAGC-1,10,Endo CLDN5 SLC7A5,0.983049319965537,Endo CLDN5 SLC7A5,
TCTGGCTAGTGGAATT-1,27,Endo CLDN5 SLC7A5,0.9369540528423435,Endo CLDN5 SLC7A5,
TCTGGCTCAATTTCCT-1,28,Endo CLDN5 SLC7A5,0.8718638418470813,Endo CLDN5 SLC7A5,
TCTGGCTCACTGATTG-1,6,Oligo MOG OPALIN,0.9999968449750685,Oligo MOG OPALIN,
TCTGGCTCAGAGGTTG-1,0,Oligo MOG OPALIN,0.5764122568694863,Oligo MOG OPALIN,
TCTGGCTTCCACAGCG-1,9,Endo CLDN5 SLC7A5,0.9509323793701119,Endo CLDN5 SLC7A5,
TCTGTCGCAGTGGTGA-1,31,InN VIP HS3ST3B1,0.997645700056723,InN VIP HS3ST3B1,
TCTGTCGGTCTGTCCT-1,3,Micro P2RY12 CCL3,0.9871316409348505,Micro P2RY12 APBB1IP,
TCTGTCGGTTTGTGGT-1,40,L3-5 RORB MKX GRIN3A,0.4973024815096238,Endo CLDN5 SLC7A5,
TCTGTCGTCCTCTGCA-1,0,Oligo MOG OPALIN,0.9983860332409269,Oligo MOG OPALIN,
TCTGTCGTCTCGCCTA-1,1,Oligo MOG OPALIN,0.6053367870629146,Endo CLDN5 SLC7A5,
TCTTAGTAGCGGATCA-1,5,L2-3 CUX2 NTNG1 COL5A2,0.8924531173023662,L2-3 CUX2 ACVR1C THSD7A,
TCTTAGTGTTGGGACA-1,19,Endo CLDN5 SLC7A5,0.8842596818160102,Endo CLDN5 SLC7A5,
TCTTAGTGTTTCGCTC-1,34,L6 FEZF2 NPFFR2 TPD52L1,0.7109627613892574,L6 FEZF2 NPFFR2 KCNK2,
TCTTAGTTCATCGCCT-1,34,L6 FEZF2 SYT6 SULF1,0.4472047132555108,L6 FEZF2 NPFFR2 KCNK2,
TCTTCCTGTATCACCA-1,8,Oligo MOG OPALIN,0.3120660114710193,Endo CLDN5 SLC7A5,
TCTTCCTGTGAATTGA-1,23,Oligo MOG OPALIN,0.742449782384198,Endo CLDN5 SLC7A5,
TCTTCCTTCAAGGTGG-1,38,Endo CLDN5 SLC7A5,0.7536670463259748,Endo CLDN5 SLC7A5,
TCTTGCGCACGACGTC-1,34,L6 FEZF2 SYT6 CDH9,0.8691832059151473,L6 FEZF2 NPFFR2 KCNK2,
TCTTGCGCACGACTAT-1,20,Endo CLDN5 SLC7A5,0.9966622744646398,Endo CLDN5 SLC7A5,
TCTTGCGCAGAGTTCT-1,17,Oligo MOG OPALIN,0.9357097493563679,Endo CLDN5 SLC7A5,
TCTTGCGCATCGGAGA-1,2,Endo CLDN5 SLC7A5,0.5270745556098612,Astro AQP4 SLC1A2,
TCTTGCGGTAATACCC-1,5,L2-3 CUX2 ACVR1C THSD7A,0.9208925827245987,L2-3 CUX2 ACVR1C THSD7A,
TCTTGCGTCAGGACAG-1,9,Oligo MOG OPALIN,0.8079554769514381,Endo CLDN5 SLC7A5,
TCTTGCGTCCATTGTT-1,5,L3-5 RORB PCBP3 LINGO2,0.7843647044931698,L2-3 CUX2 ACVR1C THSD7A,
TCTTGCGTCCTCATAT-1,26,InN PVALB HPSE,0.9628571332017332,InN PVALB HPSE,
TCTTTGAAGGTACAGC-1,5,Oligo MOG OPALIN,0.44851764393092647,L2-3 CUX2 ACVR1C THSD7A,
TCTTTGACATCATCTT-1,17,Endo CLDN5 SLC7A5,0.9779788039652003,Endo CLDN5 SLC7A5,
TCTTTGATCTGCTCTG-1,24,Micro P2RY12 APBB1IP,0.6022874597964161,Endo CLDN5 SLC7A5,
TGAACGTAGCTGGTGA-1,10,Endo CLDN5 SLC7A5,0.8450156581365537,Endo CLDN5 SLC7A5,
TGAACGTTCAGTGTGT-1,19,Oligo MOG OPALIN,0.9253484742992005,Endo CLDN5 SLC7A5,
TGAATCGAGTCACGAG-1,14,Endo CLDN5 SLC7A5,0.9620862474185086,Endo CLDN5 SLC7A5,
TGAATCGCACAGCTTA-1,18,Endo CLDN5 SLC7A5,0.7069830227677542,Endo CLDN5 SLC7A5,
TGAATCGGTAAGTTAG-1,24,Endo CLDN5 SLC7A5,0.999351052613643,Endo CLDN5 SLC7A5,
TGAATCGTCAAGTTGC-1,7,L3-5 RORB MKX GRIN3A,0.9911071746881216,L3-5 RORB MKX GRIN3A,
TGAATCGTCCCGAACG-1,6,Oligo MOG OPALIN,0.9998976566668268,Oligo MOG OPALIN,
TGAATCGTCGATTGGT-1,6,Oligo MOG OPALIN,0.9936341779489269,Oligo MOG OPALIN,
TGAATGCAGGTTCACT-1,36,Micro P2RY12 APBB1IP,0.3065737931213546,L3-5 RORB GABRG1 KCNH7,
TGAATGCAGTCTTCGA-1,2,T SKAP1 CD247,0.9999211684417318,Astro AQP4 SLC1A2,
TGAATGCCAAATAGCA-1,14,Endo CLDN5 SLC7A5,0.9819693821776765,Endo CLDN5 SLC7A5,
TGAATGCCACCAAAGG-1,1,Endo CLDN5 SLC7A5,0.4901741589013757,Endo CLDN5 SLC7A5,
TGAATGCTCATTGCTT-1,25,Endo CLDN5 SLC7A5,0.9847040532065138,Endo CLDN5 SLC7A5,
TGACAGTCAATTGTGC-1,4,Endo CLDN5 SLC7A5,0.6194948263982077,Endo CLDN5 SLC7A5,
TGACAGTCACTCCACT-1,9,Endo CLDN5 SLC7A5,0.8946143502861719,Endo CLDN5 SLC7A5,
TGACAGTTCACTGGGC-1,8,Oligo MOG OPALIN,0.5903055937760959,Endo CLDN5 SLC7A5,
TGACCCTAGAACCGCA-1,14,L2-3 CUX2 NTNG1 PALMD,0.4735665432257167,Endo CLDN5 SLC7A5,
TGACCCTGTCGCGTTG-1,44,Endo CLDN5 DKK2,0.9940798471485024,Endo CLDN5 SLC7A5,
TGACCCTTCGCAACAT-1,9,Endo CLDN5 SLC7A5,0.8794773908016618,Endo CLDN5 SLC7A5,
TGACGCGAGGCCACCT-1,11,InN SST PLPP4,0.589620123741567,InN SST FREM1,
TGACGCGAGGTCGCCT-1,15,Endo CLDN5 SLC7A5,0.32349525542962415,Endo CLDN5 SLC7A5,
TGACGCGGTCTGCGCA-1,0,Oligo MOG OPALIN,0.9999847603654022,Oligo MOG OPALIN,
TGACTCCAGGCTGGAT-1,24,Oligo MOG OPALIN,0.9373390490233533,Endo CLDN5 SLC7A5,
TGACTCCAGTCGGCCT-1,15,Endo CLDN5 SLC7A5,0.35177813260913177,Endo CLDN5 SLC7A5,
TGACTCCCAGACCATT-1,26,InN PVALB HPSE,0.9939084445967001,InN PVALB HPSE,
TGACTCCTCGGTGAAG-1,10,Oligo MOG OPALIN,0.7626263586460044,Endo CLDN5 SLC7A5,
TGAGACTAGCTCGAAG-1,14,Endo CLDN5 SLC7A5,0.8940243448965428,Endo CLDN5 SLC7A5,
TGAGACTCAGTCTGGC-1,15,L2-4 CUX2 RORB CLMN,0.49107551492819207,Endo CLDN5 SLC7A5,
TGAGACTGTGAGCCAA-1,31,InN VIP FREM2,0.9986888358999225,InN VIP HS3ST3B1,
TGAGACTGTGTCTTGA-1,33,Endo CLDN5 SLC7A5,0.9990932234182485,Endo CLDN5 SLC7A5,
TGAGACTTCGGACCAC-1,32,InN ADARB2 PALMD,0.925136932009658,Endo CLDN5 SLC7A5,
TGAGCATAGCGAGAAA-1,29,Endo CLDN5 SLC7A5,0.8916091578322385,PC P2RY14 GRM8,
TGAGCATAGTTCCATG-1,20,Endo CLDN5 SLC7A5,0.9790749687528738,Endo CLDN5 SLC7A5,
TGAGCATTCATGACAC-1,5,L2-3 CUX2 NTNG1 COL5A2,0.37608633294197263,L2-3 CUX2 ACVR1C THSD7A,
TGAGCGCCACTCCTGT-1,1,Endo CLDN5 SLC7A5,0.757860420981009,Endo CLDN5 SLC7A5,
TGAGGAGCAGGTTACT-1,35,Endo CLDN5 SLC7A5,0.957827031525403,Endo CLDN5 SLC7A5,
TGAGGAGGTTATGTGC-1,9,L2-3 CUX2 NTNG1 PALMD,0.5404642108786127,Endo CLDN5 SLC7A5,
TGAGGAGGTTTCTATC-1,7,L3-5 RORB MKX GALR1,0.6997124494043896,L3-5 RORB MKX GRIN3A,
TGAGGGACACTTCAGA-1,24,L2-3 CUX2 NTNG1 PALMD,0.9486556276893103,Endo CLDN5 SLC7A5,
TGAGGGACAGTCAGTT-1,12,Endo CLDN5 SLC7A5,0.9201140477263182,Endo CLDN5 SLC7A5,
TGAGGGAGTATTCTCT-1,3,Micro P2RY12 APBB1IP,0.7118426912435771,Micro P2RY12 APBB1IP,
TGAGGGAGTGTTCGTA-1,31,InN VIP FREM2,0.8804707341384723,InN VIP HS3ST3B1,
TGAGGGATCCATACTT-1,12,Endo CLDN5 SLC7A5,0.991032568481197,Endo CLDN5 SLC7A5,
TGAGGTTAGAGTTGAT-1,1,Endo CLDN5 SLC7A5,0.9602592886810674,Endo CLDN5 SLC7A5,
TGAGGTTAGCTAATCC-1,0,Oligo MOG OPALIN,0.9999857498477365,Oligo MOG OPALIN,
TGAGGTTTCAAGAATG-1,0,Oligo MOG OPALIN,0.7554582838871086,Oligo MOG OPALIN,
TGAGGTTTCCATTTAC-1,21,L6 OPRK1 SMYD1 SNTB1,0.7490612315194308,L6 OPRK1 THEMIS RGS6,
TGAGTCAAGACTTCCA-1,26,InN PVALB HPSE,0.6027276900176318,InN PVALB HPSE,
TGAGTCACAATTGAAG-1,5,L2-3 CUX2 ACVR1C THSD7A,0.9483680249671768,L2-3 CUX2 ACVR1C THSD7A,
TGAGTCACAATTTCCT-1,16,Endo CLDN5 SLC7A5,0.9589681683455813,Endo CLDN5 SLC7A5,
TGAGTCACATACTTTC-1,9,Endo CLDN5 SLC7A5,0.5895221894200223,Endo CLDN5 SLC7A5,
TGAGTCAGTCGATTCA-1,0,Oligo MOG OPALIN,0.9999106118311358,Oligo MOG OPALIN,
TGAGTCATCAAAGACA-1,0,Oligo MOG OPALIN,0.9997891430781276,Oligo MOG OPALIN,
TGAGTCATCAGTGTTG-1,20,Endo CLDN5 SLC7A5,0.9942669343888088,Endo CLDN5 SLC7A5,
TGAGTCATCTCAACGA-1,13,OPC PDGFRA PCDH15,0.9683193785188213,OPC PDGFRA PCDH15,
TGATCAGGTCAACGCC-1,5,L2-3 CUX2 ACVR1C THSD7A,0.9953124331151885,L2-3 CUX2 ACVR1C THSD7A,
TGATCAGGTGCAATAA-1,10,L3-5 RORB GABRG1 PTPRO,0.43723035349706835,Endo CLDN5 SLC7A5,
TGATCAGTCGTCTAAG-1,0,Oligo MOG OPALIN,0.5919463211465271,Oligo MOG OPALIN,
TGATCAGTCTAGGCAT-1,25,Endo CLDN5 SLC7A5,0.9940404880501663,Endo CLDN5 SLC7A5,
TGATCTTAGGGAGGTG-1,2,Astro AQP4 SLC1A2,0.9669462617540483,Astro AQP4 SLC1A2,
TGATCTTGTCACTTAG-1,38,Endo CLDN5 SLC7A5,0.942150439654783,Endo CLDN5 SLC7A5,
TGATCTTGTCCGTTTC-1,3,Micro P2RY12 APBB1IP,0.9476054590307451,Micro P2RY12 APBB1IP,
TGATCTTGTTCGGCCA-1,23,Endo CLDN5 SLC7A5,0.8011079895309223,Endo CLDN5 SLC7A5,
TGATCTTTCTACCAGA-1,13,OPC PDGFRA PCDH15,0.99986180472659,OPC PDGFRA PCDH15,
TGATGCACATACTGTG-1,37,Endo CLDN5 SLC7A5,0.8304038728005656,Endo CLDN5 SLC7A5,
TGATGCATCATAAGGA-1,13,OPC PDGFRA PCDH15,0.9999999996265192,OPC PDGFRA PCDH15,
TGATGCATCTGTGCAA-1,9,Endo CLDN5 SLC7A5,0.9515844578224472,Endo CLDN5 SLC7A5,
TGATGGTTCTTAGGAC-1,0,Oligo MOG OPALIN,0.9979472574830661,Oligo MOG OPALIN,
TGATTCTCACCTGAAT-1,13,OPC PDGFRA PCDH15,0.9999999999970284,OPC PDGFRA PCDH15,
TGATTCTCAGGTGGAT-1,11,InN SST HS3ST5,0.9881845762652424,InN SST FREM1,
TGATTCTCATCGAGCC-1,11,OPC PDGFRA PCDH15,0.35302897228360874,InN SST FREM1,
TGATTCTGTGGCTACC-1,0,Oligo MOG OPALIN,0.9984681181132777,Oligo MOG OPALIN,
TGATTTCAGTCATCGT-1,29,PC P2RY14 GRM8,0.9973568801307697,PC P2RY14 GRM8,
TGATTTCCAGTAACCT-1,31,InN VIP MEGF11 LHFP,0.5869404266404382,InN VIP HS3ST3B1,
TGATTTCTCGATTGAC-1,13,Endo CLDN5 SLC7A5,0.3203662776727976,OPC PDGFRA PCDH15,
TGATTTCTCGTTGTTT-1,36,L3-5 RORB TNNT2 TSHZ2,0.6655621069255784,L3-5 RORB GABRG1 KCNH7,
TGCACGGAGGCATCTT-1,20,Endo CLDN5 SLC7A5,0.9162339168336961,Endo CLDN5 SLC7A5,
TGCACGGGTGAAAGTT-1,27,Endo CLDN5 SLC7A5,0.8808061403173488,Endo CLDN5 SLC7A5,
TGCACGGGTGGATTTC-1,19,Oligo MOG OPALIN,0.9778576144925489,Endo CLDN5 SLC7A5,
TGCACGGGTTATCTTC-1,9,Endo CLDN5 SLC7A5,0.9667697839239111,Endo CLDN5 SLC7A5,
TGCAGATAGGCTGGAT-1,7,L3-5 RORB MKX DCC,0.9994747228489764,L3-5 RORB MKX GRIN3A,
TGCAGATCAAGACGGT-1,20,Oligo MOG OPALIN,0.8892994239744654,Endo CLDN5 SLC7A5,
TGCAGATCAGGTTTAC-1,40,InN VIP ADAM12,0.41498799415017024,Endo CLDN5 SLC7A5,
TGCAGATGTCACAATC-1,19,Oligo MOG OPALIN,0.8888559883447236,Endo CLDN5 SLC7A5,
TGCAGATGTGTCCTAA-1,28,Endo CLDN5 SLC7A5,0.7725708079238575,Endo CLDN5 SLC7A5,
TGCAGATGTTTAGTCG-1,22,Oligo MOG OPALIN,0.5265433282524364,Endo CLDN5 SLC7A5,
TGCAGGCCACGACAGA-1,29,PC P2RY14 GRM8,0.9999287984943525,PC P2RY14 GRM8,
TGCAGGCTCCAGCCTT-1,16,Endo CLDN5 SLC7A5,0.9019481586144975,Endo CLDN5 SLC7A5,
TGCAGGCTCGCGTGCA-1,39,InN LAMP5 BMP7,0.8768791560680225,InN LAMP5 BMP7,
TGCAGGCTCGGATAAA-1,34,L6 FEZF2 SYT6 CDH9,0.9130385223584379,L6 FEZF2 NPFFR2 KCNK2,
TGCAGGCTCTTTGCGC-1,3,Micro P2RY12 APBB1IP,0.3669378000567767,Micro P2RY12 APBB1IP,
TGCAGTAAGGTTATAG-1,9,Endo CLDN5 SLC7A5,0.6772794070373201,Endo CLDN5 SLC7A5,
TGCAGTACACGTCGTG-1,5,L2-3 CUX2 NTNG1 PALMD,0.3359986750235399,L2-3 CUX2 ACVR1C THSD7A,
TGCAGTAGTTACCTGA-1,3,Micro P2RY12 APBB1IP,0.9843333081541786,Micro P2RY12 APBB1IP,
TGCATCCAGGTTCCGC-1,21,L6 OPRK1 THEMIS RGS6,0.8418424835192301,L6 OPRK1 THEMIS RGS6,
TGCATCCAGTTGCTGT-1,2,Astro GFAP FABP7,0.9990394523430498,Astro AQP4 SLC1A2,
TGCATCCCAGGCACTC-1,6,Oligo MOG OPALIN,0.9997875143118826,Oligo MOG OPALIN,
TGCATCCGTTTGGAGG-1,0,Oligo MOG OPALIN,0.9978728736297863,Oligo MOG OPALIN,
TGCATGAAGACTTCGT-1,16,Endo CLDN5 SLC7A5,0.5462354819930605,Endo CLDN5 SLC7A5,
TGCATGAAGGTAAGTT-1,8,Endo CLDN5 SLC7A5,0.9543905602369703,Endo CLDN5 SLC7A5,
TGCATGATCTGCCTGT-1,32,Endo CLDN5 SLC7A5,0.9851142456739216,Endo CLDN5 SLC7A5,
TGCCGAGGTACTAGCT-1,9,Endo CLDN5 SLC7A5,0.9996741918481795,Endo CLDN5 SLC7A5,
TGCCGAGGTGTGCCTG-1,14,Endo CLDN5 SLC7A5,0.9386918418336822,Endo CLDN5 SLC7A5,
TGCCGAGTCTCGTCAC-1,18,Endo CLDN5 SLC7A5,0.993746185647067,Endo CLDN5 SLC7A5,
TGCGACGAGTCCCAAT-1,29,PC P2RY14 GRM8,0.9996495322208183,PC P2RY14 GRM8,
TGCGACGGTCACAATC-1,15,Endo CLDN5 SLC7A5,0.8739036600653608,Endo CLDN5 SLC7A5,
TGCGACGGTGCGGCTT-1,1,Endo CLDN5 SLC7A5,0.7628721350534439,Endo CLDN5 SLC7A5,
TGCGACGTCCATAGGT-1,4,Endo CLDN5 SLC7A5,0.30521328025555033,Endo CLDN5 SLC7A5,
TGCGACGTCCCATAAG-1,18,Endo CLDN5 SLC7A5,0.6800399316241748,Endo CLDN5 SLC7A5,
TGCGATACATCGAAGG-1,6,Oligo MOG OPALIN,0.9871683086790084,Oligo MOG OPALIN,
TGCGATATCGTGCATA-1,23,Endo CLDN5 SLC7A5,0.6137319394120935,Endo CLDN5 SLC7A5,
TGCGGCAAGAAGGGAT-1,22,Endo CLDN5 SLC7A5,0.8334285132026504,Endo CLDN5 SLC7A5,
TGCGGCAAGATCCGAG-1,43,Endo CLDN5 SLC7A5,0.39152873102911695,Endo CLDN5 SLC7A5,
TGCGGCAGTGAGTTGG-1,7,L2-3 CUX2 NTNG1 PALMD,0.5757083429878451,L3-5 RORB MKX GRIN3A,
TGCGGCAGTGGGATTG-1,16,Endo CLDN5 SLC7A5,0.8577639096082559,Endo CLDN5 SLC7A5,
TGCGGGTAGGTAGATT-1,10,Endo CLDN5 SLC7A5,0.8108941757676694,Endo CLDN5 SLC7A5,
TGCGGGTAGTATCCTG-1,34,L6 FEZF2 SYT6 CDH9,0.9997092499581445,L6 FEZF2 NPFFR2 KCNK2,
TGCGGGTTCGGCTCTT-1,2,Astro GFAP AQP1,0.8118888610033884,Astro AQP4 SLC1A2,
TGCGGGTTCGGTGTTA-1,2,Astro AQP4 SLC1A2,0.6521837565342025,Astro AQP4 SLC1A2,
TGCTCCAAGAAGCTCG-1,17,Endo CLDN5 SLC7A5,0.9808235826038756,Endo CLDN5 SLC7A5,
TGCTCCAAGGAAACGA-1,9,Oligo MOG OPALIN,0.5361103466850734,Endo CLDN5 SLC7A5,
TGCTCCAAGGAGTACC-1,10,Endo CLDN5 SLC7A5,0.6068083981417655,Endo CLDN5 SLC7A5,
TGCTCCAGTATGCTTG-1,3,Micro P2RY12 APBB1IP,0.9354795326326856,Micro P2RY12 APBB1IP,
TGCTCCAGTTTGAAAG-1,35,Endo CLDN5 SLC7A5,0.4418322312048659,Endo CLDN5 SLC7A5,
TGCTCCATCGAGTTGT-1,4,Endo CLDN5 SLC7A5,0.6923739850555246,Endo CLDN5 SLC7A5,
TGCTCCATCTGCTCTG-1,22,Oligo MOG OPALIN,0.9154262808535719,Endo CLDN5 SLC7A5,
TGCTCGTAGAGTCTTC-1,0,Oligo MOG OPALIN,0.982437064341894,Oligo MOG OPALIN,
TGCTCGTAGTCATGAA-1,20,Endo CLDN5 SLC7A5,0.45357513257136456,Endo CLDN5 SLC7A5,
TGCTCGTCAGTGAGCA-1,5,L2-4 CUX2 RORB CLMN,0.5099342050868547,L2-3 CUX2 ACVR1C THSD7A,
TGCTCGTTCCGCTAGG-1,29,Endo CLDN5 SLC7A5,0.5651273479663699,PC P2RY14 GRM8,
TGCTGAAAGCCTGACC-1,0,Oligo MOG OPALIN,0.9999990984249628,Oligo MOG OPALIN,
TGCTGAACAGGGAATC-1,4,Endo CLDN5 SLC7A5,0.8309948793675925,Endo CLDN5 SLC7A5,
TGCTGAAGTGTCCGTG-1,33,Oligo MOG OPALIN,0.9861929604038854,Endo CLDN5 SLC7A5,
TGCTGAAGTGTGGTCC-1,5,Oligo MOG OPALIN,0.9956071914744994,L2-3 CUX2 ACVR1C THSD7A,
TGCTGAATCACTACTT-1,41,Oligo MOG OPALIN,0.9999644925940275,Oligo MOG OPALIN,
TGCTTCGAGCTACTGT-1,0,Oligo MOG OPALIN,0.9999983358188255,Oligo MOG OPALIN,
TGCTTCGAGTCTAACC-1,2,Astro AQP4 SLC1A2,0.7001547857275761,Astro AQP4 SLC1A2,
TGCTTCGCAAATGAAC-1,10,L2-3 CUX2 NTNG1 PALMD,0.4086387126209248,Endo CLDN5 SLC7A5,
TGCTTCGCACATTCTT-1,6,Oligo MOG OPALIN,0.9999929082769636,Oligo MOG OPALIN,
TGCTTCGCACGACTAT-1,8,Endo CLDN5 SLC7A5,0.8255113961961014,Endo CLDN5 SLC7A5,
TGCTTCGGTACCATAC-1,26,InN SST ADRA1D,0.7174624687043432,InN PVALB HPSE,
TGCTTCGGTATCGATC-1,8,Endo CLDN5 SLC7A5,0.8539509631024899,Endo CLDN5 SLC7A5,
TGCTTCGGTTTCGTAG-1,12,Oligo MOG OPALIN,0.7416894666381818,Endo CLDN5 SLC7A5,
TGCTTCGTCGACGCTG-1,5,L2-3 CUX2 ACVR1C THSD7A,0.6929226966396382,L2-3 CUX2 ACVR1C THSD7A,
TGCTTGCAGGATCACG-1,40,Endo CLDN5 SLC7A5,0.9075310419745455,Endo CLDN5 SLC7A5,
TGCTTGCGTAACTAAG-1,1,Endo CLDN5 SLC7A5,0.964891063970058,Endo CLDN5 SLC7A5,
TGCTTGCTCCCGAGAC-1,15,Endo CLDN5 SLC7A5,0.9799143006613598,Endo CLDN5 SLC7A5,
TGCTTGCTCGGACCAC-1,12,Endo CLDN5 SLC7A5,0.973328758746209,Endo CLDN5 SLC7A5,
TGCTTGCTCTATCCAT-1,21,L6 OPRK1 THEMIS RGS6,0.9982465504222505,L6 OPRK1 THEMIS RGS6,
TGGAACTAGTGTAGAT-1,12,Endo CLDN5 SLC7A5,0.919037988122206,Endo CLDN5 SLC7A5,
TGGAACTGTAACGGTG-1,0,Oligo MOG OPALIN,0.8584320767688155,Oligo MOG OPALIN,
TGGAACTGTGGAACAC-1,24,Endo CLDN5 SLC7A5,0.9625604974954362,Endo CLDN5 SLC7A5,
TGGAACTTCTCGCAGG-1,28,Endo CLDN5 SLC7A5,0.8445842439092448,Endo CLDN5 SLC7A5,
TGGAGAGAGTGAATAC-1,1,Endo CLDN5 SLC7A5,0.9710176128597101,Endo CLDN5 SLC7A5,
TGGAGAGGTCAACCTA-1,10,Endo CLDN5 SLC7A5,0.48088232823724203,Endo CLDN5 SLC7A5,
TGGAGAGTCCCACAGG-1,1,Endo CLDN5 SLC7A5,0.9578285201240666,Endo CLDN5 SLC7A5,
TGGAGGAAGAGTCAGC-1,28,Endo CLDN5 SLC7A5,0.9576053703857881,Endo CLDN5 SLC7A5,
TGGAGGAAGATACGAT-1,0,Oligo MOG OPALIN,0.9999951697921606,Oligo MOG OPALIN,
TGGAGGACAGGGCTTC-1,21,L6 OPRK1 THEMIS RGS6,0.9977139490128704,L6 OPRK1 THEMIS RGS6,
TGGAGGAGTACAGGTG-1,6,Oligo MOG OPALIN,0.9999997817309682,Oligo MOG OPALIN,
TGGAGGATCGAAATCC-1,18,L2-4 CUX2 RORB CLMN,0.5832097366483322,Endo CLDN5 SLC7A5,
TGGAGGATCTGCATGA-1,45,Endo CLDN5 SLC7A5,0.5599752334629999,Endo CLDN5 SLC7A5,
TGGATCAAGTGGTTAA-1,14,Endo CLDN5 SLC7A5,0.977955979958611,Endo CLDN5 SLC7A5,
TGGATCACACACTTAG-1,21,L6 OPRK1 THEMIS RGS6,0.9762549273395136,L6 OPRK1 THEMIS RGS6,
TGGATCACAGGTGTGA-1,0,Oligo MOG OPALIN,0.9999979455415231,Oligo MOG OPALIN,
TGGATCAGTAGGATAT-1,34,L6 FEZF2 NPFFR2 KCNK2,0.576276207394066,L6 FEZF2 NPFFR2 KCNK2,
TGGATGTCAATAGGAT-1,0,Oligo MOG OPALIN,0.9949269520896815,Oligo MOG OPALIN,
TGGATGTTCATGTCTT-1,7,L3-5 RORB MKX DCC,0.7195665228140395,L3-5 RORB MKX GRIN3A,
TGGCGTGAGCGACATG-1,2,Astro AQP4 SLC1A2,0.999206853085968,Astro AQP4 SLC1A2,
TGGCGTGTCTGGTGCG-1,9,L3-5 RORB MKX GRIN3A,0.6589114835246928,Endo CLDN5 SLC7A5,
TGGGAAGAGGTTGCCC-1,7,L3-5 RORB MKX GALR1,0.9700925152182114,L3-5 RORB MKX GRIN3A,
TGGGAAGCAAAGCACG-1,5,L2-3 CUX2 ACVR1C THSD7A,0.9793340875954489,L2-3 CUX2 ACVR1C THSD7A,
TGGGAAGCAGGTAGTG-1,17,Endo CLDN5 SLC7A5,0.9994120799356316,Endo CLDN5 SLC7A5,
TGGGAGAAGAGTCGAC-1,5,L2-3 CUX2 ACVR1C THSD7A,0.9979818802235751,L2-3 CUX2 ACVR1C THSD7A,
TGGGAGACAAATCAAG-1,34,L6 FEZF2 SYT6 PTPRT,0.7174273710308744,L6 FEZF2 NPFFR2 KCNK2,
TGGGAGACACGGTCTG-1,6,Oligo MOG GSN,0.9787396715751446,Oligo MOG OPALIN,
TGGGAGACATGAAGGC-1,36,L3-5 RORB GABRG1 KCNH7,0.32202703930119536,L3-5 RORB GABRG1 KCNH7,
TGGGAGATCACAAGAA-1,5,L2-3 CUX2 ACVR1C THSD7A,0.8821151059830101,L2-3 CUX2 ACVR1C THSD7A,
TGGGATTAGATGCTGG-1,6,Oligo MOG OPALIN,0.9999594417361053,Oligo MOG OPALIN,
TGGGATTAGGCACAAC-1,3,Micro P2RY12 APBB1IP,0.9957003495111905,Micro P2RY12 APBB1IP,
TGGGATTAGTAAATGC-1,7,L3-5 RORB MKX GRIN3A,0.9698714464895966,L3-5 RORB MKX GRIN3A,
TGGGATTAGTAAGCAT-1,23,Endo CLDN5 SLC7A5,0.7054907672236659,Endo CLDN5 SLC7A5,
TGGGATTCATTGACCA-1,12,Endo CLDN5 SLC7A5,0.9834110966217252,Endo CLDN5 SLC7A5,
TGGGATTGTCAGCGTC-1,19,Endo CLDN5 SLC7A5,0.9021141697808577,Endo CLDN5 SLC7A5,
TGGGATTGTTGTACGT-1,0,Oligo MOG OPALIN,0.9999976796788093,Oligo MOG OPALIN,
TGGGATTTCAGCACCG-1,0,Oligo MOG OPALIN,0.9999998460267807,Oligo MOG OPALIN,
TGGGCGTGTCTGCGCA-1,13,OPC PDGFRA PCDH15,0.9999999999722577,OPC PDGFRA PCDH15,
TGGGCGTTCGCTGTTC-1,40,Endo CLDN5 SLC7A5,0.8404623562619726,Endo CLDN5 SLC7A5,
TGGGCGTTCTGACAGT-1,18,Oligo MOG OPALIN,0.7506427101540445,Endo CLDN5 SLC7A5,
TGGGCTGTCCTTATCA-1,16,Endo CLDN5 SLC7A5,0.9088420174415615,Endo CLDN5 SLC7A5,
TGGGCTGTCGGCGATC-1,5,L2-3 CUX2 NTNG1 PALMD,0.8266256319392735,L2-3 CUX2 ACVR1C THSD7A,
TGGGCTGTCTGATGGT-1,14,Endo CLDN5 SLC7A5,0.5890637241483825,Endo CLDN5 SLC7A5,
TGGGTTACAAACAGGC-1,12,Endo CLDN5 SLC7A5,0.5738229919959449,Endo CLDN5 SLC7A5,
TGGGTTAGTATCGAAA-1,21,L3-5 RORB MKX GRIN3A,0.7454285222690148,L6 OPRK1 THEMIS RGS6,
TGGGTTAGTCACAATC-1,6,Oligo MOG OPALIN,0.3232453656390262,Oligo MOG OPALIN,
TGGGTTATCATTTGCT-1,0,Oligo MOG OPALIN,0.9999994339673048,Oligo MOG OPALIN,
TGGTACAAGATCGACG-1,5,L2-3 CUX2 ACVR1C THSD7A,0.9120438813397935,L2-3 CUX2 ACVR1C THSD7A,
TGGTACAAGGTTGACG-1,9,Oligo MOG OPALIN,0.9964871690540235,Endo CLDN5 SLC7A5,
TGGTACAAGTCATGCT-1,10,Endo CLDN5 SLC7A5,0.6727811171015781,Endo CLDN5 SLC7A5,
TGGTACAAGTGTTCAC-1,1,Endo CLDN5 SLC7A5,0.4896267263140352,Endo CLDN5 SLC7A5,
TGGTACATCGACACCG-1,21,L6 OPRK1 THEMIS RGS6,0.9987050625723629,L6 OPRK1 THEMIS RGS6,
TGGTAGTAGAACGTGC-1,23,Oligo MOG OPALIN,0.8450600742467371,Endo CLDN5 SLC7A5,
TGGTAGTAGGTCCGAA-1,5,L2-4 CUX2 RORB CLMN,0.9207276527111452,L2-3 CUX2 ACVR1C THSD7A,
TGGTAGTAGTAGAGTT-1,6,Oligo MOG OPALIN,0.9999999569304973,Oligo MOG OPALIN,
TGGTAGTGTGCATTAC-1,5,L3-5 RORB PCBP3 LINGO2,0.6613642196951129,L2-3 CUX2 ACVR1C THSD7A,
TGGTAGTTCCTAAACG-1,5,L2-3 CUX2 ACVR1C THSD7A,0.48046447783007884,L2-3 CUX2 ACVR1C THSD7A,
TGGTGATAGCCATTTG-1,6,Oligo MOG OPALIN,0.999754678734743,Oligo MOG OPALIN,
TGGTGATGTCCGGTGT-1,9,Endo CLDN5 SLC7A5,0.9568249732157753,Endo CLDN5 SLC7A5,
TGGTTAGAGATGGCGT-1,4,Endo CLDN5 SLC7A5,0.9862521254446447,Endo CLDN5 SLC7A5,
TGGTTAGCACAACCGC-1,26,InN PVALB PIEZO2,0.6783584134646149,InN PVALB HPSE,
TGGTTAGCATGCAGCC-1,8,Endo CLDN5 SLC7A5,0.6713730649427424,Endo CLDN5 SLC7A5,
TGGTTAGGTACGTGTT-1,15,Endo CLDN5 SLC7A5,0.7479140954691958,Endo CLDN5 SLC7A5,
TGTAACGAGCAAGTGC-1,20,L2-3 CUX2 NTNG1 PALMD,0.3090583227670229,Endo CLDN5 SLC7A5,
TGTAACGAGTGTCATC-1,26,InN PVALB HPSE,0.9719259999070733,InN PVALB HPSE,
TGTAACGGTCGTTATG-1,25,Endo CLDN5 SLC7A5,0.4498465132820856,Endo CLDN5 SLC7A5,
TGTAACGTCGAAATCC-1,0,Oligo MOG OPALIN,0.9999966608908256,Oligo MOG OPALIN,
TGTAAGCAGCCGCTTG-1,14,Endo CLDN5 SLC7A5,0.9948291899044525,Endo CLDN5 SLC7A5,
TGTAAGCCACACGGTC-1,4,Oligo MOG OPALIN,0.46507771214825583,Endo CLDN5 SLC7A5,
TGTAAGCGTACAAAGT-1,0,Oligo MOG OPALIN,0.8912171863316615,Oligo MOG OPALIN,
TGTAAGCGTTCTTAGG-1,1,Astro AQP4 SLC1A2,0.469378740885876,Endo CLDN5 SLC7A5,
TGTACAGAGCATAGGC-1,0,Oligo MOG OPALIN,0.9899371940752032,Oligo MOG OPALIN,
TGTACAGCACCAACAT-1,14,Endo CLDN5 SLC7A5,0.9786711804473834,Endo CLDN5 SLC7A5,
TGTACAGCAGCTTCCT-1,30,Endo CLDN5 SLC7A5,0.9785659563151115,Endo CLDN5 SLC7A5,
TGTACAGTCCAACCAA-1,45,Oligo MOG OPALIN,0.3502580048673737,Endo CLDN5 SLC7A5,
TGTACAGTCCTATTTG-1,7,L3-5 RORB MKX GRIN3A,0.3379817725922162,L3-5 RORB MKX GRIN3A,
TGTAGACCATCTCGTC-1,7,L3-5 RORB MKX GRIN3A,0.7885042751946657,L3-5 RORB MKX GRIN3A,
TGTAGACTCGAGATAA-1,4,Endo CLDN5 SLC7A5,0.8270219079183319,Endo CLDN5 SLC7A5,
TGTAGACTCGTGCTCT-1,17,Endo CLDN5 SLC7A5,0.9511218244302232,Endo CLDN5 SLC7A5,
TGTCAGAAGACGGAAA-1,1,Endo CLDN5 SLC7A5,0.7940280645912192,Endo CLDN5 SLC7A5,
TGTCAGAAGCAAATGT-1,42,PC P2RY14 GRM8,0.9772975016990538,PC P2RY14 GRM8,
TGTCAGACAAATAAGC-1,21,L6 OPRK1 THEMIS RGS6,0.8661764530514143,L6 OPRK1 THEMIS RGS6,
TGTCAGAGTCTTGCTC-1,21,L6 OPRK1 THEMIS RGS6,0.4693312932844,L6 OPRK1 THEMIS RGS6,
TGTCCACAGGTAGTAT-1,11,InN SST STK32A,0.8837665867543736,InN SST FREM1,
TGTCCACAGTGCAGGT-1,38,Endo CLDN5 SLC7A5,0.7820633130174361,Endo CLDN5 SLC7A5,
TGTCCACCACTTCAGA-1,41,Oligo MOG OPALIN,0.9999897836719206,Oligo MOG OPALIN,
TGTCCACGTCAAGCGA-1,7,L3-5 RORB MKX DCC,0.6865978267729088,L3-5 RORB MKX GRIN3A,
TGTCCCAAGCCAAGTG-1,13,OPC PDGFRA PCDH15,0.999999999999929,OPC PDGFRA PCDH15,
TGTCCCAAGTCGCCCA-1,8,Endo CLDN5 SLC7A5,0.8352732388409521,Endo CLDN5 SLC7A5,
TGTCCCAAGTGAGGCT-1,18,Endo CLDN5 SLC7A5,0.8365939440457156,Endo CLDN5 SLC7A5,
TGTCCCACAGCAGGAT-1,7,Endo CLDN5 SLC7A5,0.6095623017269213,L3-5 RORB MKX GRIN3A,
TGTCCCACAGCTCGGT-1,21,L6 OPRK1 THEMIS RGS6,0.9947324304019892,L6 OPRK1 THEMIS RGS6,
TGTCCCATCGTGGCTG-1,2,Astro AQP4 SLC1A2,0.9202666454892698,Astro AQP4 SLC1A2,
TGTCCTGCAATCCAGT-1,12,Endo CLDN5 SLC7A5,0.44622994690964635,Endo CLDN5 SLC7A5,
TGTCCTGCACGCGCTA-1,48,L2-3 CUX2 NTNG1 PALMD,0.36669190162695364,Endo CLDN5 SLC7A5,
TGTCCTGCATCGAAGG-1,44,Endo CLDN5 SLC7A5,0.8517983092914918,Endo CLDN5 SLC7A5,
TGTCCTGGTAACATGA-1,1,Endo CLDN5 SLC7A5,0.8733007165175384,Endo CLDN5 SLC7A5,
TGTCCTGTCGATACAC-1,41,Oligo MOG OPALIN,0.9909655072865896,Oligo MOG OPALIN,
TGTGAGTAGCTTAAGA-1,38,Endo CLDN5 SLC7A5,0.43515615256196416,Endo CLDN5 SLC7A5,
TGTGAGTAGTCGCCAC-1,15,Endo CLDN5 SLC7A5,0.305885910933167,Endo CLDN5 SLC7A5,
TGTGAGTGTACGAAAT-1,42,PC P2RY14 GRM8,0.9959994967595062,PC P2RY14 GRM8,
TGTGATGAGGCCTGCT-1,29,PC P2RY14 GRM8,0.999988368507495,PC P2RY14 GRM8,
TGTGATGGTACTCAAC-1,9,Endo CLDN5 SLC7A5,0.9828910780620708,Endo CLDN5 SLC7A5,
TGTGATGGTTGGCCGT-1,29,Endo CLDN5 SLC7A5,0.9586684097791887,PC P2RY14 GRM8,
TGTGATGTCAAGCCAT-1,9,Endo CLDN5 SLC7A5,0.864522095602948,Endo CLDN5 SLC7A5,
TGTGCGGAGAGAGCGG-1,18,Endo CLDN5 SLC7A5,0.7074167666299452,Endo CLDN5 SLC7A5,
TGTGGCGAGATGGGCT-1,8,Endo CLDN5 SLC7A5,0.5258134839742147,Endo CLDN5 SLC7A5,
TGTGGCGGTATCGAGG-1,4,Endo CLDN5 SLC7A5,0.9522793925037413,Endo CLDN5 SLC7A5,
TGTGGCGGTCAATGGG-1,39,InN LAMP5 LHX6 PROX1,0.3887685289520726,InN LAMP5 BMP7,
TGTGGCGTCGCCAATA-1,38,Endo CLDN5 SLC7A5,0.9734212478788528,Endo CLDN5 SLC7A5,
TGTGTGAAGCTAGCCC-1,3,Micro P2RY12 GLDN,0.6592101607527915,Micro P2RY12 APBB1IP,
TGTGTGACACAATCTG-1,32,Endo CLDN5 SLC7A5,0.79342530724549,Endo CLDN5 SLC7A5,
TGTGTGAGTTGGCCGT-1,31,InN VIP SCML4,0.9985424908659959,InN VIP HS3ST3B1,
TGTTACTAGATGTAGT-1,21,L3-5 RORB TNNT2 PRRX1,0.833924386728023,L6 OPRK1 THEMIS RGS6,
TGTTACTAGTAACGTA-1,30,Endo CLDN5 SLC7A5,0.9829124917721659,Endo CLDN5 SLC7A5,
TGTTACTCAATCCTAG-1,23,Endo CLDN5 SLC7A5,0.9609491285277052,Endo CLDN5 SLC7A5,
TGTTACTCACCCATAA-1,25,Endo CLDN5 SLC7A5,0.990200994716021,Endo CLDN5 SLC7A5,
TGTTACTGTAATGCGG-1,10,Endo CLDN5 SLC7A5,0.8236030273701879,Endo CLDN5 SLC7A5,
TGTTCATAGCAGGCTA-1,34,L6 FEZF2 NPFFR2 KCNK2,0.796990311011539,L6 FEZF2 NPFFR2 KCNK2,
TGTTCATAGGTTGCCC-1,16,Endo CLDN5 SLC7A5,0.9857899535362339,Endo CLDN5 SLC7A5,
TGTTCATGTATGAAAC-1,17,Oligo MOG OPALIN,0.6698770530459168,Endo CLDN5 SLC7A5,
TGTTCATGTCATCGGC-1,19,Endo CLDN5 SLC7A5,0.9959253491868573,Endo CLDN5 SLC7A5,
TGTTCATGTGGTCTCG-1,7,L3-5 RORB MKX GRIN3A,0.9847630881551995,L3-5 RORB MKX GRIN3A,
TGTTCCGGTTGCATTG-1,20,Endo CLDN5 SLC7A5,0.8940787161500195,Endo CLDN5 SLC7A5,
TGTTCCGTCAGACCTA-1,5,L2-3 CUX2 NTNG1 PLCH1,0.49498071211245315,L2-3 CUX2 ACVR1C THSD7A,
TGTTCTACAACGAGGT-1,26,InN PVALB HPSE,0.4167066604392587,InN PVALB HPSE,
TGTTCTAGTAGTGCGA-1,5,L2-3 CUX2 ACVR1C THSD7A,0.9784128330197536,L2-3 CUX2 ACVR1C THSD7A,
TGTTCTAGTTCCGCTT-1,10,Endo CLDN5 SLC7A5,0.7430631391843863,Endo CLDN5 SLC7A5,
TGTTCTATCACCCTGT-1,36,L3-5 RORB GABRG1 KCNH7,0.40368472998560295,L3-5 RORB GABRG1 KCNH7,
TGTTCTATCACTCACC-1,33,Endo CLDN5 SLC7A5,0.6154268707083159,Endo CLDN5 SLC7A5,
TGTTCTATCTAAGCCA-1,22,Endo CLDN5 SLC7A5,0.839292733070908,Endo CLDN5 SLC7A5,
TGTTGAGAGAACAGGA-1,25,Oligo MOG OPALIN,0.8523547410066148,Endo CLDN5 SLC7A5,
TGTTGAGAGCCATCCG-1,15,Oligo MOG OPALIN,0.9347900897885769,Endo CLDN5 SLC7A5,
TGTTGAGCAACCCGCA-1,46,L3-5 RORB PCBP3 LINGO2,0.47305256934557965,L3-5 RORB PCBP3 IL1RAPL2,
TGTTGAGGTAGTCGGA-1,17,Endo CLDN5 SLC7A5,0.5277948378076861,Endo CLDN5 SLC7A5,
TGTTGAGTCGCTCATC-1,9,Endo CLDN5 SLC7A5,0.994003522436509,Endo CLDN5 SLC7A5,
TGTTGGAGTGAATTGA-1,11,InN SST ADAMTSL1,0.5207580702449991,InN SST FREM1,
TGTTTGTAGCTACGTT-1,15,Endo CLDN5 SLC7A5,0.9821843363843982,Endo CLDN5 SLC7A5,
TGTTTGTCATGCAGCC-1,20,Endo CLDN5 SLC7A5,0.9994967799737444,Endo CLDN5 SLC7A5,
TTAATCCAGTAGCCAG-1,2,Astro AQP4 SLC1A2,0.9136553228554624,Astro AQP4 SLC1A2,
TTAATCCGTCATGGCC-1,0,Oligo MOG OPALIN,0.9999947747653317,Oligo MOG OPALIN,
TTAATCCGTGAGGAAA-1,48,Endo CLDN5 SLC7A5,0.9473108621746776,Endo CLDN5 SLC7A5,
TTAATCCGTTCGTGCG-1,32,Endo CLDN5 SLC7A5,0.532370534532153,Endo CLDN5 SLC7A5,
TTAATCCTCCACCTCA-1,11,InN SST PLPP4,0.3147996109328782,InN SST FREM1,
TTACAGGAGATCCAAA-1,14,Endo CLDN5 IL1R1,0.9994914570535831,Endo CLDN5 SLC7A5,
TTACAGGAGCGAATGC-1,0,Oligo MOG OPALIN,0.7641200178132426,Oligo MOG OPALIN,
TTACAGGAGCTGGCCT-1,1,Oligo MOG OPALIN,0.6413164989949554,Endo CLDN5 SLC7A5,
TTACAGGGTACAAACA-1,10,Endo CLDN5 SLC7A5,0.3381409843758628,Endo CLDN5 SLC7A5,
TTACAGGGTCTTTATC-1,0,Oligo MOG OPALIN,0.9999594217576213,Oligo MOG OPALIN,
TTACCATAGGATTCCT-1,3,Micro P2RY12 APBB1IP,0.9953730748733283,Micro P2RY12 APBB1IP,
TTACCATAGGCGAAGG-1,11,InN SST PLPP4,0.6136849636879634,InN SST FREM1,
TTACCATAGGGACAGG-1,4,Endo CLDN5 SLC7A5,0.9993658909281167,Endo CLDN5 SLC7A5,
TTACCATGTACGATTC-1,32,Endo CLDN5 SLC7A5,0.8340745920478355,Endo CLDN5 SLC7A5,
TTACCATTCAGCGCAC-1,37,Endo CLDN5 SLC7A5,0.5637557229466923,Endo CLDN5 SLC7A5,
TTACCGCCAAAGCTAA-1,11,InN SST FREM1,0.9995408744332787,InN SST FREM1,
TTACCGCCATCGATGT-1,26,InN PVALB HPSE,0.9381265212786175,InN PVALB HPSE,
TTACCGCTCAGGCGAA-1,15,Endo CLDN5 SLC7A5,0.7368360061781936,Endo CLDN5 SLC7A5,
TTACCGCTCCTCTCGA-1,25,Endo CLDN5 SLC7A5,0.9147805409265034,Endo CLDN5 SLC7A5,
TTACGCCAGATGCTAA-1,41,Oligo MOG OPALIN,0.9999852403043118,Oligo MOG OPALIN,
TTACGCCCAATGAAAC-1,7,Oligo MOG OPALIN,0.40007189987698016,L3-5 RORB MKX GRIN3A,
TTACGCCGTATGCTTG-1,3,Micro P2RY12 APBB1IP,0.9856474055990057,Micro P2RY12 APBB1IP,
TTACGCCGTTCCTACC-1,15,L3-5 RORB TNNT2 PRRX1,0.9472217015831544,Endo CLDN5 SLC7A5,
TTACGCCTCCTTATGT-1,14,Endo CLDN5 SLC7A5,0.7052178695070986,Endo CLDN5 SLC7A5,
TTACGTTGTAGCTGAG-1,30,Endo CLDN5 SLC7A5,0.9828857251361419,Endo CLDN5 SLC7A5,
TTACGTTGTCGACGCT-1,9,Endo CLDN5 SLC7A5,0.7632069757473521,Endo CLDN5 SLC7A5,
TTACGTTTCACCTCGT-1,0,Oligo MOG OPALIN,0.9999955935730203,Oligo MOG OPALIN,
TTACGTTTCGCGAAGA-1,0,Oligo MOG OPALIN,0.9999873418392228,Oligo MOG OPALIN,
TTACGTTTCGCTGTTC-1,6,Oligo MOG OPALIN,0.9999967568579964,Oligo MOG OPALIN,
TTACTGTAGAAATGGG-1,47,L5-6 FEZF2 NXPH2 GRIK1,0.9960854743916018,L5-6 FEZF2 NXPH2 GRIK1,
TTACTGTAGCACGTCC-1,15,L6 OPRK1 THEMIS RGS6,0.45254755582551226,Endo CLDN5 SLC7A5,
TTACTGTCAGTTGTCA-1,6,Oligo MOG OPALIN,0.9999978132686079,Oligo MOG OPALIN,
TTACTGTCATCCCACT-1,11,InN SST HS3ST5,0.9943655507779011,InN SST FREM1,
TTACTGTGTACCAATC-1,10,Endo CLDN5 SLC7A5,0.5195092718137068,Endo CLDN5 SLC7A5,
TTACTGTGTGAGCAGT-1,29,Oligo MOG OPALIN,0.8404289114108033,PC P2RY14 GRM8,
TTAGGCAAGAAAGCGA-1,11,InN SST FREM1,0.9940116694822528,InN SST FREM1,
TTAGGCACACACACGC-1,1,Endo CLDN5 SLC7A5,0.7391470936948531,Endo CLDN5 SLC7A5,
TTAGGCACATGAGGGT-1,6,Oligo MOG OPALIN,0.9999808455204305,Oligo MOG OPALIN,
TTAGGCAGTGTCATTG-1,47,L5-6 FEZF2 NXPH2 CDH8,0.47825778163361005,L5-6 FEZF2 NXPH2 GRIK1,
TTAGGGTAGCCTCTGG-1,17,Endo CLDN5 SLC7A5,0.33913777904937986,Endo CLDN5 SLC7A5,
TTAGGGTAGCTCGAAG-1,1,Oligo MOG OPALIN,0.8472712725327152,Endo CLDN5 SLC7A5,
TTAGGGTAGGGAGGAC-1,9,Oligo MOG OPALIN,0.9980940982367371,Endo CLDN5 SLC7A5,
TTAGGGTCAGGTGACA-1,46,L3-5 RORB PCBP3 LINGO2,0.7641425678907877,L3-5 RORB PCBP3 IL1RAPL2,
TTAGTCTAGAGGTCGT-1,39,InN LAMP5 RELN,0.995603174606965,InN LAMP5 BMP7,
TTAGTCTAGCCTCTGG-1,10,Endo CLDN5 SLC7A5,0.4416728965654413,Endo CLDN5 SLC7A5,
TTAGTCTAGGGTGGGA-1,5,L2-3 CUX2 ACVR1C THSD7A,0.9445033345287768,L2-3 CUX2 ACVR1C THSD7A,
TTAGTCTAGGTAGTAT-1,8,Endo CLDN5 SLC7A5,0.44116913371072575,Endo CLDN5 SLC7A5,
TTAGTCTCAACGCATT-1,9,Endo CLDN5 SLC7A5,0.9965910411325553,Endo CLDN5 SLC7A5,
TTAGTCTCACATTCGA-1,13,OPC PDGFRA PCDH15,0.9999999999999876,OPC PDGFRA PCDH15,
TTAGTCTCACCCTAAA-1,10,L2-3 CUX2 NTNG1 PALMD,0.5582874779166502,Endo CLDN5 SLC7A5,
TTAGTCTGTAGCGATG-1,18,Endo CLDN5 SLC7A5,0.6988071789863959,Endo CLDN5 SLC7A5,
TTAGTCTGTCGTGTTA-1,20,Endo CLDN5 SLC7A5,0.7485093869724476,Endo CLDN5 SLC7A5,
TTATTGCAGCCTCTCT-1,4,Endo CLDN5 SLC7A5,0.811296107031887,Endo CLDN5 SLC7A5,
TTATTGCAGCGCCTTG-1,35,Endo CLDN5 SLC7A5,0.748444227547756,Endo CLDN5 SLC7A5,
TTATTGCCACATCATG-1,2,Astro AQP4 SLC1A2,0.9754651946607226,Astro AQP4 SLC1A2,
TTATTGCGTCTAACGT-1,6,Oligo MOG OPALIN,0.9999910419914827,Oligo MOG OPALIN,
TTATTGCGTTGTACGT-1,31,InN VIP CLSTN2,0.9988793905969281,InN VIP HS3ST3B1,
TTATTGCTCGCCGATG-1,4,Endo CLDN5 SLC7A5,0.31040302012134224,Endo CLDN5 SLC7A5,
TTCAATCTCATGACAC-1,0,Oligo MOG OPALIN,0.999999896037277,Oligo MOG OPALIN,
TTCAATCTCCATAGAC-1,8,Endo CLDN5 SLC7A5,0.5677777023014233,Endo CLDN5 SLC7A5,
TTCACCGGTGGTCTTA-1,41,Oligo MOG OPALIN,0.437083238636953,Oligo MOG OPALIN,
TTCACCGGTTACCTTT-1,2,Astro AQP4 SLC1A2,0.6754079150772738,Astro AQP4 SLC1A2,
TTCACCGGTTCCGCGA-1,9,Endo CLDN5 SLC7A5,0.688691110916098,Endo CLDN5 SLC7A5,
TTCACCGTCCTATTTG-1,8,Endo CLDN5 SLC7A5,0.7058607935386003,Endo CLDN5 SLC7A5,
TTCACGCCAAAGACGC-1,21,L6 OPRK1 THEMIS RGS6,0.7841027563806585,L6 OPRK1 THEMIS RGS6,
TTCACGCGTTGCTTGA-1,16,Endo CLDN5 SLC7A5,0.8445617033060255,Endo CLDN5 SLC7A5,
TTCACGCTCCATCTAT-1,20,Endo CLDN5 SLC7A5,0.7450229815492183,Endo CLDN5 SLC7A5,
TTCAGGAGTGCATCTA-1,8,Endo CLDN5 SLC7A5,0.802867089989967,Endo CLDN5 SLC7A5,
TTCAGGAGTTCAAGGG-1,27,Endo CLDN5 SLC7A5,0.5505098674304908,Endo CLDN5 SLC7A5,
TTCATGTCAAACGTGG-1,0,Oligo MOG OPALIN,0.9999989123955557,Oligo MOG OPALIN,
TTCATGTCATACTTTC-1,29,PC P2RY14 GRM8,0.9999999950888339,PC P2RY14 GRM8,
TTCATGTGTTCGGCCA-1,22,Oligo MOG OPALIN,0.912462685235532,Endo CLDN5 SLC7A5,
TTCATGTTCACCTCGT-1,13,Endo CLDN5 SLC7A5,0.8147785485293113,OPC PDGFRA PCDH15,
TTCATTGAGTATGACA-1,7,L3-5 RORB MKX DCC,0.7246454383619719,L3-5 RORB MKX GRIN3A,
TTCATTGAGTCATACC-1,29,Oligo MOG OPALIN,0.9657238053571507,PC P2RY14 GRM8,
TTCATTGCAGACAAGC-1,15,Oligo MOG OPALIN,0.857044176385495,Endo CLDN5 SLC7A5,
TTCATTGGTACTAACC-1,12,Endo CLDN5 SLC7A5,0.9512295062384233,Endo CLDN5 SLC7A5,
TTCATTGGTCGAGCTC-1,23,Endo CLDN5 SLC7A5,0.47957927740736706,Endo CLDN5 SLC7A5,
TTCATTGGTGCGTCGT-1,0,Oligo MOG OPALIN,0.9999688042909556,Oligo MOG OPALIN,
TTCATTGTCAACTGGT-1,20,Endo CLDN5 SLC7A5,0.3876161462366371,Endo CLDN5 SLC7A5,
TTCATTGTCAGTGTCA-1,30,Endo CLDN5 SLC7A5,0.9313093080606653,Endo CLDN5 SLC7A5,
TTCATTGTCGTTCGCT-1,20,Endo CLDN5 SLC7A5,0.35453759933909323,Endo CLDN5 SLC7A5,
TTCATTGTCTGCGTCT-1,22,Endo CLDN5 SLC7A5,0.8827662487869438,Endo CLDN5 SLC7A5,
TTCCAATAGAAACTCA-1,0,Oligo MOG OPALIN,0.9998703931597099,Oligo MOG OPALIN,
TTCCAATAGGATCACG-1,11,InN SST FREM1,0.9436901813026068,InN SST FREM1,
TTCCAATAGGTATCTC-1,3,Micro P2RY12 APBB1IP,0.9061825097673395,Micro P2RY12 APBB1IP,
TTCCAATAGTGTTGAA-1,13,OPC PDGFRA PCDH15,0.9999999934156403,OPC PDGFRA PCDH15,
TTCCAATCACAGTCAT-1,35,Oligo MOG OPALIN,0.9669802965797236,Endo CLDN5 SLC7A5,
TTCCAATTCCCTTGGT-1,5,Oligo MOG OPALIN,0.8380032922072445,L2-3 CUX2 ACVR1C THSD7A,
TTCCACGAGTCCCAAT-1,24,Endo CLDN5 SLC7A5,0.8353741679068388,Endo CLDN5 SLC7A5,
TTCCACGCAGTCGGTC-1,36,L3-5 RORB GABRG1 PLCH1,0.8097701882767782,L3-5 RORB GABRG1 KCNH7,
TTCCACGGTGATCGTT-1,45,Endo CLDN5 SLC7A5,0.4775274289468576,Endo CLDN5 SLC7A5,
TTCCGGTCACCGTGAC-1,24,L2-4 CUX2 RORB CLMN,0.3025767251008655,Endo CLDN5 SLC7A5,
TTCCGTGGTCAAAGAT-1,21,L6 OPRK1 SMYD1 TSHZ2,0.41331033526228733,L6 OPRK1 THEMIS RGS6,
TTCCTAAAGACACACG-1,2,Astro AQP4 SLC1A2,0.9936390457280281,Astro AQP4 SLC1A2,
TTCCTAACAAACTAGA-1,10,Endo CLDN5 SLC7A5,0.47714312496507827,Endo CLDN5 SLC7A5,
TTCCTAACAATACGAA-1,1,Endo CLDN5 SLC7A5,0.9724532317409539,Endo CLDN5 SLC7A5,
TTCCTAACACAGTCCG-1,12,Endo CLDN5 SLC7A5,0.39900777698885176,Endo CLDN5 SLC7A5,
TTCCTAAGTAGGCTCC-1,2,Astro AQP4 SLC1A2,0.6182985279388361,Astro AQP4 SLC1A2,
TTCCTAAGTTCCACAA-1,21,L6 OPRK1 THEMIS RGS6,0.8771251496059367,L6 OPRK1 THEMIS RGS6,
TTCCTAATCAACCTTT-1,12,Endo CLDN5 SLC7A5,0.9994335998968629,Endo CLDN5 SLC7A5,
TTCCTAATCCTCTCGA-1,12,Oligo MOG OPALIN,0.7187813916087983,Endo CLDN5 SLC7A5,
TTCCTAATCTCAACCC-1,2,Astro AQP4 SLC1A2,0.4068491428445042,Astro AQP4 SLC1A2,
TTCCTCTGTCCGGCAT-1,3,Micro P2RY12 APBB1IP,0.9597771039484055,Micro P2RY12 APBB1IP,
TTCCTCTGTGGCTAGA-1,1,Endo CLDN5 SLC7A5,0.991979338966417,Endo CLDN5 SLC7A5,
TTCCTCTGTGTTGACT-1,1,Endo CLDN5 SLC7A5,0.9304391894186944,Endo CLDN5 SLC7A5,
TTCCTCTTCCATAGAC-1,16,Endo CLDN5 SLC7A5,0.9983898560502594,Endo CLDN5 SLC7A5,
TTCCTTCCAAACGAGC-1,13,OPC PDGFRA PCDH15,0.9999951922993159,OPC PDGFRA PCDH15,
TTCCTTCCAAATACAG-1,1,Endo CLDN5 SLC7A5,0.995968123330554,Endo CLDN5 SLC7A5,
TTCCTTCTCCTGTTAT-1,8,Oligo MOG OPALIN,0.9337235629280541,Endo CLDN5 SLC7A5,
TTCGATTAGACATAAC-1,40,Endo CLDN5 SLC7A5,0.9853160985022296,Endo CLDN5 SLC7A5,
TTCGATTAGTCCTACA-1,8,Endo CLDN5 SLC7A5,0.998701946790566,Endo CLDN5 SLC7A5,
TTCGATTCAAATCAGA-1,16,Endo CLDN5 SLC7A5,0.6963410390380119,Endo CLDN5 SLC7A5,
TTCGATTGTATGTCTG-1,22,Endo CLDN5 SLC7A5,0.7935569615394726,Endo CLDN5 SLC7A5,
TTCGATTTCCGTAATG-1,2,Astro AQP4 SLC1A2,0.4265675753043601,Astro AQP4 SLC1A2,
TTCGATTTCCTGGCTT-1,11,InN SST HS3ST5,0.9747215279026674,InN SST FREM1,
TTCGATTTCTTCTTCC-1,1,Endo CLDN5 SLC7A5,0.9258724176686095,Endo CLDN5 SLC7A5,
TTCGCTGAGGTACAAT-1,5,L3-5 RORB MKX GRIN3A,0.9461912811544677,L2-3 CUX2 ACVR1C THSD7A,
TTCGCTGAGTTGAATG-1,44,Endo CLDN5 SLC7A5,0.7842575636217847,Endo CLDN5 SLC7A5,
TTCGCTGCAGCGTGCT-1,12,Endo CLDN5 SLC7A5,0.9997770564718916,Endo CLDN5 SLC7A5,
TTCGCTGGTGGCATCC-1,6,Oligo MOG OPALIN,0.8781929740738226,Oligo MOG OPALIN,
TTCGCTGGTGGCGTAA-1,22,Endo CLDN5 SLC7A5,0.9999019135654781,Endo CLDN5 SLC7A5,
TTCGCTGGTTAACCTG-1,23,Endo CLDN5 SLC7A5,0.5756146502478533,Endo CLDN5 SLC7A5,
TTCGCTGGTTCGGTAT-1,0,Oligo MOG OPALIN,0.929069445007128,Oligo MOG OPALIN,
TTCGCTGTCTCTAAGG-1,7,L3-5 RORB MKX SCN5A,0.9511957368947269,L3-5 RORB MKX GRIN3A,
TTCGGTCAGCTCTGTA-1,18,Endo CLDN5 SLC7A5,0.8890295157336607,Endo CLDN5 SLC7A5,
TTCGGTCCAAGGCTTT-1,0,Oligo MOG OPALIN,0.9999794957670171,Oligo MOG OPALIN,
TTCGGTCCAGAGGCAT-1,15,Endo CLDN5 SLC7A5,0.8402873414807548,Endo CLDN5 SLC7A5,
TTCGGTCCAGTACTAC-1,0,Oligo MOG OPALIN,0.9999547981220097,Oligo MOG OPALIN,
TTCGGTCCATCTATCT-1,22,Endo CLDN5 SLC7A5,0.748028124383307,Endo CLDN5 SLC7A5,
TTCGGTCTCATACGAC-1,4,Oligo MOG OPALIN,0.8903064765412435,Endo CLDN5 SLC7A5,
TTCGGTCTCCTGGCTT-1,31,InN VIP HS3ST3B1,0.8910054065918304,InN VIP HS3ST3B1,
TTCGGTCTCTTGCAAG-1,21,L6 OPRK1 THEMIS RGS6,0.9985795072978251,L6 OPRK1 THEMIS RGS6,
TTCTAACTCTCAGAAC-1,9,Endo CLDN5 SLC7A5,0.9762761243870287,Endo CLDN5 SLC7A5,
TTCTAACTCTGGACCG-1,11,InN SST THSD7B,0.9991871540758179,InN SST FREM1,
TTCTAACTCTGTGCTC-1,17,Endo CLDN5 SLC7A5,0.857552658360717,Endo CLDN5 SLC7A5,
TTCTAGTAGTGGCGAT-1,7,L3-5 RORB MKX GRIN3A,0.8917772832553906,L3-5 RORB MKX GRIN3A,
TTCTAGTAGTGTTCAC-1,13,OPC PDGFRA PCDH15,0.9999999977282954,OPC PDGFRA PCDH15,
TTCTAGTGTTACGGAG-1,29,PC P2RY14 GRM8,0.9999984196291622,PC P2RY14 GRM8,
TTCTCTCCACGCTGAC-1,18,Endo CLDN5 SLC7A5,0.9613326514394143,Endo CLDN5 SLC7A5,
TTCTCTCTCTCTGCCA-1,35,Endo CLDN5 SLC7A5,0.9451970544562616,Endo CLDN5 SLC7A5,
TTCTGTACACAACATC-1,15,Endo CLDN5 SLC7A5,0.3692058771922801,Endo CLDN5 SLC7A5,
TTCTGTACAGAGGCAT-1,46,L3-5 RORB GABRG1 PLCH1,0.5081230266548168,L3-5 RORB PCBP3 IL1RAPL2,
TTCTGTAGTCAGTCGC-1,4,Endo CLDN5 SLC7A5,0.9674039651951982,Endo CLDN5 SLC7A5,
TTCTGTATCACCTACC-1,4,Endo CLDN5 SLC7A5,0.3455187704201807,Endo CLDN5 SLC7A5,
TTCTGTATCGTAGAGG-1,33,Endo CLDN5 SLC7A5,0.874313835791195,Endo CLDN5 SLC7A5,
TTCTTCCAGTGGATAT-1,2,Astro AQP4 SLC1A2,0.9864844251936976,Astro AQP4 SLC1A2,
TTCTTCCCACATGACT-1,20,Endo CLDN5 SLC7A5,0.728343840954604,Endo CLDN5 SLC7A5,
TTCTTCCCACCCAATA-1,24,L2-3 CUX2 NTNG1 PALMD,0.4409565780079987,Endo CLDN5 SLC7A5,
TTCTTCCTCACAAGGG-1,31,InN VIP EXPH5,0.9915719359246036,InN VIP HS3ST3B1,
TTCTTGAAGGTCATTC-1,0,Oligo MOG OPALIN,0.9937533793228838,Oligo MOG OPALIN,
TTCTTGACAGTAGAGC-1,26,InN PVALB HPSE,0.9669248238334346,InN PVALB HPSE,
TTCTTGATCTACGGGC-1,15,Endo CLDN5 SLC7A5,0.9659565414284985,Endo CLDN5 SLC7A5,
TTGAACGCACCTATCC-1,28,Endo CLDN5 SLC7A5,0.7089819501526259,Endo CLDN5 SLC7A5,
TTGAACGGTCAACACT-1,2,Oligo MOG OPALIN,0.5154869487884924,Astro AQP4 SLC1A2,
TTGAACGGTGTGATGG-1,40,Endo CLDN5 SLC7A5,0.8641453102072412,Endo CLDN5 SLC7A5,
TTGACCCAGACATCCT-1,31,InN VIP EGF,0.6065162557464228,InN VIP HS3ST3B1,
TTGACCCAGGTACATA-1,16,Oligo MOG OPALIN,0.8317580661610287,Endo CLDN5 SLC7A5,
TTGACCCAGGTTATAG-1,19,Oligo MOG OPALIN,0.9890911595254382,Endo CLDN5 SLC7A5,
TTGACCCAGTACGAGC-1,31,InN VIP ADAM12,0.9640259883163484,InN VIP HS3ST3B1,
TTGACCCCAGGGATAC-1,30,Oligo MOG OPALIN,0.9266861121137591,Endo CLDN5 SLC7A5,
TTGACCCCAGGTTCCG-1,18,Endo CLDN5 SLC7A5,0.9651894847489082,Endo CLDN5 SLC7A5,
TTGACCCTCCTACAAG-1,13,OPC PDGFRA PCDH15,0.9999999999999862,OPC PDGFRA PCDH15,
TTGAGTGAGGAAAGAC-1,46,L3-5 RORB PCBP3 LINGO2,0.7822726632941509,L3-5 RORB PCBP3 IL1RAPL2,
TTGAGTGAGGTTACAA-1,8,Endo CLDN5 SLC7A5,0.7702323773235782,Endo CLDN5 SLC7A5,
TTGAGTGCAGTGCGCT-1,35,Endo CLDN5 SLC7A5,0.9424308000515205,Endo CLDN5 SLC7A5,
TTGAGTGGTGGTTTGT-1,36,Endo CLDN5 SLC7A5,0.46622650665354143,L3-5 RORB GABRG1 KCNH7,
TTGATGGAGTTGAAGT-1,30,Endo CLDN5 SLC7A5,0.9945826753036774,Endo CLDN5 SLC7A5,
TTGATGGCACGGCTAC-1,1,Endo CLDN5 SLC7A5,0.8992046318959626,Endo CLDN5 SLC7A5,
TTGATGGCATCTTAGG-1,5,L2-4 CUX2 RORB CLMN,0.9602160291682311,L2-3 CUX2 ACVR1C THSD7A,
TTGATGGGTCCACACG-1,6,Oligo MOG OPALIN,0.9999962725207717,Oligo MOG OPALIN,
TTGATGGGTCGCATCG-1,2,Astro GFAP FABP7,0.9918532273164044,Astro AQP4 SLC1A2,
TTGCATTAGATGGTAT-1,0,Oligo MOG OPALIN,0.9828200804197393,Oligo MOG OPALIN,
TTGCATTCACTACAGT-1,2,Astro GFAP AQP1,0.5135709462386912,Astro AQP4 SLC1A2,
TTGCATTGTCGAAGCA-1,29,PC P2RY14 GRM8,0.9999476300379587,PC P2RY14 GRM8,
TTGCATTGTCGTGTTA-1,3,Micro P2RY12 APBB1IP,0.7736021369186912,Micro P2RY12 APBB1IP,
TTGCATTTCACGATCA-1,47,L2-3 CUX2 NTNG1 PALMD,0.9565877784383121,L5-6 FEZF2 NXPH2 GRIK1,
TTGCATTTCCAAGAGG-1,23,Oligo MOG OPALIN,0.5201147721406383,Endo CLDN5 SLC7A5,
TTGCATTTCGTCTCAC-1,22,Endo CLDN5 SLC7A5,0.9987937455063359,Endo CLDN5 SLC7A5,
TTGCCTGAGCGTTGTT-1,20,Endo CLDN5 SLC7A5,0.3074259572001377,Endo CLDN5 SLC7A5,
TTGCCTGCACGTAGAG-1,35,Oligo MOG OPALIN,0.9273526396961627,Endo CLDN5 SLC7A5,
TTGCCTGCATCGGTTA-1,6,Oligo MOG OPALIN,0.9999999950868335,Oligo MOG OPALIN,
TTGCCTGCATGTGTCA-1,22,Endo CLDN5 SLC7A5,0.6051265131137453,Endo CLDN5 SLC7A5,
TTGCCTGGTAGAATAC-1,3,Micro P2RY12 APBB1IP,0.967480449076665,Micro P2RY12 APBB1IP,
TTGCCTGGTCTACACA-1,7,Oligo MOG OPALIN,0.9913477036075738,L3-5 RORB MKX GRIN3A,
TTGCCTGGTGTATCCA-1,28,Endo CLDN5 SLC7A5,0.7685525724906296,Endo CLDN5 SLC7A5,
TTGCCTGTCTCATGCC-1,38,Endo CLDN5 SLC7A5,0.9519290093381437,Endo CLDN5 SLC7A5,
TTGCGTCCATTAGGCT-1,20,Oligo MOG OPALIN,0.7727389702329238,Endo CLDN5 SLC7A5,
TTGCGTCTCTATGTGG-1,11,InN SST HS3ST5,0.905627935427184,InN SST FREM1,
TTGCTGCAGTAAGCAT-1,0,Oligo MOG OPALIN,0.9998285941690376,Oligo MOG OPALIN,
TTGCTGCGTCCATAGT-1,0,Oligo MOG OPALIN,0.9883358103389287,Oligo MOG OPALIN,
TTGGATGAGCTAGCCC-1,26,InN PVALB PIEZO2,0.5559522183794521,InN PVALB HPSE,
TTGGATGCACTGCGTG-1,22,Oligo MOG OPALIN,0.8394958320736255,Endo CLDN5 SLC7A5,
TTGGATGGTCTGATCA-1,2,Astro AQP4 SLC1A2,0.9134136281256647,Astro AQP4 SLC1A2,
TTGGATGGTGTCTTGA-1,40,Endo CLDN5 SLC7A5,0.8751044006253268,Endo CLDN5 SLC7A5,
TTGGATGTCTGATGGT-1,48,Endo CLDN5 SLC7A5,0.960656047941159,Endo CLDN5 SLC7A5,
TTGGGATAGAGGGTCT-1,5,L2-4 CUX2 RORB CLMN,0.9593777435985678,L2-3 CUX2 ACVR1C THSD7A,
TTGGGATGTGGGAGAG-1,6,Oligo MOG OPALIN,0.9999966918463514,Oligo MOG OPALIN,
TTGGGCGCAACTGCTA-1,25,Endo CLDN5 SLC7A5,0.8640369801223522,Endo CLDN5 SLC7A5,
TTGGGCGGTGAGATTA-1,22,Oligo MOG OPALIN,0.9025716784297657,Endo CLDN5 SLC7A5,
TTGGGCGTCAGTAGGG-1,17,Endo CLDN5 SLC7A5,0.8746994902628206,Endo CLDN5 SLC7A5,
TTGGGTACATATCTCT-1,0,Oligo MOG OPALIN,0.41441739613258427,Oligo MOG OPALIN,
TTGGGTATCCATAAGC-1,2,Oligo MOG OPALIN,0.9369517363573139,Astro AQP4 SLC1A2,
TTGGGTATCTTGGATG-1,14,Endo CLDN5 SLC7A5,0.867425550571067,Endo CLDN5 SLC7A5,
TTGGTTTCAAACCATC-1,2,Oligo MOG OPALIN,0.8665542932452408,Astro AQP4 SLC1A2,
TTGGTTTCAATACCCA-1,11,InN SST HTR2C,0.9927657589805889,InN SST FREM1,
TTGGTTTCACATGACT-1,33,L3-5 RORB GABRG1 PTPRO,0.30102180544912666,Endo CLDN5 SLC7A5,
TTGGTTTCAGTTGTTG-1,5,L2-3 CUX2 ACVR1C THSD7A,0.7111742574364497,L2-3 CUX2 ACVR1C THSD7A,
TTGGTTTCATCATGAC-1,5,L2-3 CUX2 NTNG1 PALMD,0.6533853682785465,L2-3 CUX2 ACVR1C THSD7A,
TTGGTTTGTATTGGCT-1,46,L3-5 RORB PCBP3 IL1RAPL2,0.36025180650432354,L3-5 RORB PCBP3 IL1RAPL2,
TTGGTTTGTCGTATGT-1,0,Oligo MOG OPALIN,0.9689051332043048,Oligo MOG OPALIN,
TTGGTTTGTGGCTGCT-1,31,InN VIP HS3ST3B1,0.8441384086746122,InN VIP HS3ST3B1,
TTGGTTTGTTGCATTG-1,2,Oligo MOG OPALIN,0.7531514563893943,Astro AQP4 SLC1A2,
TTGGTTTTCCTCTCTT-1,1,Endo CLDN5 SLC7A5,0.962993008067689,Endo CLDN5 SLC7A5,
TTGTGGAAGAGCCGTA-1,13,OPC PDGFRA PCDH15,0.9999999991158299,OPC PDGFRA PCDH15,
TTGTGGATCCCTCATG-1,32,L2-3 CUX2 NTNG1 PALMD,0.3480587857585126,Endo CLDN5 SLC7A5,
TTGTGGATCTTTGCTA-1,14,Endo CLDN5 SLC7A5,0.9899912628025919,Endo CLDN5 SLC7A5,
TTGTGTTAGAGCTGCA-1,31,InN VIP MEGF11 LHFP,0.9405418590043645,InN VIP HS3ST3B1,
TTGTGTTAGATGACCG-1,39,InN LAMP5 LHX6 PROX1,0.9786564236206678,InN LAMP5 BMP7,
TTGTGTTAGGAAGTGA-1,5,L2-4 CUX2 RORB CLMN,0.9143168512129414,L2-3 CUX2 ACVR1C THSD7A,
TTGTGTTTCATGTCTT-1,23,Endo CLDN5 SLC7A5,0.9689618426804516,Endo CLDN5 SLC7A5,
TTGTGTTTCGTTAGAC-1,11,InN SST KLHL14,0.9924279317274142,InN SST FREM1,
TTGTTCACAGGTTCCG-1,11,InN SST STK32A,0.996622476484745,InN SST FREM1,
TTGTTCAGTAACCAGG-1,10,Endo CLDN5 SLC7A5,0.9665798944104822,Endo CLDN5 SLC7A5,
TTGTTCAGTCTCACAA-1,23,Oligo MOG OPALIN,0.9413418534936722,Endo CLDN5 SLC7A5,
TTGTTCATCAGGAGAC-1,1,Endo CLDN5 SLC7A5,0.989505523631383,Endo CLDN5 SLC7A5,
TTGTTCATCGAATGCT-1,41,Oligo MOG OPALIN,0.9693825360341277,Oligo MOG OPALIN,
TTGTTGTAGACCCGCT-1,1,Endo CLDN5 SLC7A5,0.46783622037939016,Endo CLDN5 SLC7A5,
TTGTTGTCAGAAACCG-1,35,Endo CLDN5 SLC7A5,0.9408057218678,Endo CLDN5 SLC7A5,
TTGTTGTGTGTTATCG-1,11,InN SST TRPC7,0.4229409705340525,InN SST FREM1,
TTGTTGTTCGCTTAAG-1,22,Endo CLDN5 SLC7A5,0.7568051045663581,Endo CLDN5 SLC7A5,
TTGTTTGCATAGGAGC-1,9,Endo CLDN5 SLC7A5,0.9875837261578476,Endo CLDN5 SLC7A5,
TTGTTTGTCAAGGAGC-1,1,Endo CLDN5 SLC7A5,0.9718729206048099,Endo CLDN5 SLC7A5,
TTGTTTGTCAGATTGC-1,1,Endo CLDN5 SLC7A5,0.935952330697904,Endo CLDN5 SLC7A5,
TTGTTTGTCAGTAGGG-1,10,Endo CLDN5 SLC7A5,0.9900823629082594,Endo CLDN5 SLC7A5,
TTTACCAAGTACAACA-1,18,Endo CLDN5 SLC7A5,0.8519075326687608,Endo CLDN5 SLC7A5,
TTTACCAGTACTCGCG-1,3,Micro P2RY12 APBB1IP,0.8695803775494594,Micro P2RY12 APBB1IP,
TTTACCAGTAGAGACC-1,3,Micro P2RY12 APBB1IP,0.9884724964782527,Micro P2RY12 APBB1IP,
TTTACCATCGTGTGAT-1,6,Oligo MOG OPALIN,0.9997838541253696,Oligo MOG OPALIN,
TTTACGTAGCAGCACA-1,3,Micro P2RY12 APBB1IP,0.9979225052229257,Micro P2RY12 APBB1IP,
TTTACGTCAACCACAT-1,0,Oligo MOG OPALIN,0.9962511062027477,Oligo MOG OPALIN,
TTTACGTGTGTATTGC-1,40,Endo CLDN5 SLC7A5,0.9642790693154606,Endo CLDN5 SLC7A5,
TTTACGTTCTCCGAAA-1,29,PC P2RY14 GRM8,0.9371544089324575,PC P2RY14 GRM8,
TTTACTGAGCATCCTA-1,38,Endo CLDN5 SLC7A5,0.9870743586612793,Endo CLDN5 SLC7A5,
TTTACTGAGGTTCTAC-1,21,L6 OPRK1 THEMIS RGS6,0.9994730576473089,L6 OPRK1 THEMIS RGS6,
TTTACTGAGTTCTCTT-1,3,Micro P2RY12 CCL3,0.7898433556680644,Micro P2RY12 APBB1IP,
TTTACTGCACGGTGTC-1,2,Oligo MOG OPALIN,0.4395095845114938,Astro AQP4 SLC1A2,
TTTACTGTCGACTCCT-1,4,Endo CLDN5 SLC7A5,0.4290992766270174,Endo CLDN5 SLC7A5,
TTTAGTCAGATTGAGT-1,32,Endo CLDN5 SLC7A5,0.539934146876006,Endo CLDN5 SLC7A5,
TTTAGTCCAGGCTTGC-1,11,InN SST FREM1,0.9936691733088128,InN SST FREM1,
TTTAGTCGTTGGTACT-1,1,Endo CLDN5 SLC7A5,0.8611595280288342,Endo CLDN5 SLC7A5,
TTTATGCCAAAGGCGT-1,14,Endo CLDN5 SLC7A5,0.5764766959920553,Endo CLDN5 SLC7A5,
TTTATGCTCCTTCTAA-1,20,Endo CLDN5 SLC7A5,0.39595446101163073,Endo CLDN5 SLC7A5,
TTTCACAAGGTTCCAT-1,16,Endo CLDN5 SLC7A5,0.8147991160260566,Endo CLDN5 SLC7A5,
TTTCAGTCACTTCAAG-1,12,Endo CLDN5 SLC7A5,0.8491203096526766,Endo CLDN5 SLC7A5,
TTTCAGTGTGGGACAT-1,18,Oligo MOG OPALIN,0.8269788262635165,Endo CLDN5 SLC7A5,
TTTCAGTGTGTTTGCA-1,0,Oligo MOG OPALIN,0.9999993030986575,Oligo MOG OPALIN,
TTTCAGTTCCGGCAGT-1,35,Endo CLDN5 SLC7A5,0.38664846799051805,Endo CLDN5 SLC7A5,
TTTCATGAGAAACTCA-1,13,OPC PDGFRA PCDH15,1.0,OPC PDGFRA PCDH15,
TTTCATGGTCACAATC-1,2,Astro AQP4 SLC1A2,0.9712781378785607,Astro AQP4 SLC1A2,
TTTCATGTCCTAGAGT-1,6,Oligo MOG OPALIN,0.9999999932058738,Oligo MOG OPALIN,
TTTCCTCAGGTTATAG-1,17,Endo CLDN5 SLC7A5,0.6210487303768907,Endo CLDN5 SLC7A5,
TTTCCTCGTAGGCAAC-1,6,Oligo MOG OPALIN,0.9999998532709826,Oligo MOG OPALIN,
TTTCCTCTCAAATGAG-1,23,Endo CLDN5 SLC7A5,0.5230994554293167,Endo CLDN5 SLC7A5,
TTTCGATAGAATTCAG-1,0,Oligo MOG OPALIN,0.9999997695368548,Oligo MOG OPALIN,
TTTCGATAGTAGTGCG-1,33,Endo CLDN5 SLC7A5,0.9048417313806438,Endo CLDN5 SLC7A5,
TTTCGATGTGCCTATA-1,41,Oligo MOG OPALIN,0.9999862858543819,Oligo MOG OPALIN,
TTTCGATTCATACGGT-1,10,Endo CLDN5 SLC7A5,0.6715096212010083,Endo CLDN5 SLC7A5,
TTTCGATTCGAGTTGT-1,20,Endo CLDN5 SLC7A5,0.5421820401509905,Endo CLDN5 SLC7A5,
TTTGACTAGATTGTGA-1,25,Endo CLDN5 SLC7A5,0.3672599056461423,Endo CLDN5 SLC7A5,
TTTGACTAGCTAGAAT-1,0,Oligo MOG OPALIN,0.9999688535435773,Oligo MOG OPALIN,
TTTGACTCAAACAGGC-1,14,Endo CLDN5 SLC7A5,0.9992010107113358,Endo CLDN5 SLC7A5,
TTTGACTGTGACTGAG-1,44,Endo CLDN5 SLC7A5,0.5358741961799719,Endo CLDN5 SLC7A5,
TTTGACTTCTCTTGCG-1,3,Micro P2RY12 APBB1IP,0.9893065314248172,Micro P2RY12 APBB1IP,
TTTGACTTCTTCACGC-1,8,Endo CLDN5 SLC7A5,0.4908882458504335,Endo CLDN5 SLC7A5,
TTTGATCTCACTGAAC-1,8,Endo CLDN5 SLC7A5,0.9324094843353525,Endo CLDN5 SLC7A5,
TTTGGAGAGAGAGCCT-1,13,OPC PDGFRA PCDH15,0.9999999999999916,OPC PDGFRA PCDH15,
TTTGGAGAGTTGCTGT-1,9,Oligo MOG OPALIN,0.8219870851293133,Endo CLDN5 SLC7A5,
TTTGGAGCAAGTGGCA-1,22,Endo CLDN5 SLC7A5,0.9979150582317257,Endo CLDN5 SLC7A5,
TTTGGAGCATTGTAGC-1,2,Oligo MOG OPALIN,0.5843954392566432,Astro AQP4 SLC1A2,
TTTGGAGTCCGATGCG-1,43,Endo CLDN5 SLC7A5,0.586412969867567,Endo CLDN5 SLC7A5,
TTTGGTTCAATCAGCT-1,14,Endo CLDN5 SLC7A5,0.9853678030537446,Endo CLDN5 SLC7A5,
TTTGGTTGTACGTGAG-1,0,Oligo MOG OPALIN,0.9769475447779941,Oligo MOG OPALIN,
TTTGGTTTCCATCGTC-1,15,Endo CLDN5 SLC7A5,0.6609011569183467,Endo CLDN5 SLC7A5,
TTTGGTTTCCCGTTGT-1,0,Oligo MOG OPALIN,0.43048308938490665,Oligo MOG OPALIN,
TTTGTTGAGATTAGCA-1,9,Oligo MOG OPALIN,0.9996493876751726,Endo CLDN5 SLC7A5,
TTTGTTGCAATCCAGT-1,16,Endo CLDN5 SLC7A5,0.9946294446554127,Endo CLDN5 SLC7A5,
TTTGTTGCACGACGCT-1,11,InN SST HS3ST5,0.9992962952070674,InN SST FREM1,
TTTGTTGGTAGAATAC-1,3,Micro P2RY12 APBB1IP,0.9791699613291684,Micro P2RY12 APBB1IP,
TTTGTTGGTCGAAGCA-1,26,InN SST ADRA1D,0.6458012779492321,InN PVALB HPSE,
TTTGTTGGTGACAGCA-1,10,Endo CLDN5 SLC7A5,0.4945385777584834,Endo CLDN5 SLC7A5,
TTTGTTGTCTAGCCAA-1,35,Oligo MOG OPALIN,0.7494870090129218,Endo CLDN5 SLC7A5,
TTTGTTGTCTGCTCTG-1,22,Endo CLDN5 SLC7A5,0.8699328534373506,Endo CLDN5 SLC7A5,
