,ctpt_individual_prediction,ctpt_confidence
AAACCCAAGACTCTTG-1,Astro GFAP FABP7,0.8003562954130542
AAACCCATCCCGTGTT-1,Endo CLDN5 SLC7A5,0.7840784722842193
AAACGAAAGCACCGAA-1,Endo CLDN5 SLC7A5,0.7826519809751392
AAACGAAAGGATACAT-1,Oligo MOG OPALIN,0.6043913781430357
AAACGAAAGGTGAGCT-1,Oligo MOG OPALIN,0.9201401549395823
AAACGAAGTCGCGTCA-1,OPC PDGFRA PCDH15,0.9895763066875419
AAAGAACAGCGCTTCG-1,L2-3 CUX2 NTNG1 PALMD,0.6960570315506367
AAAGAACCAGTTAAAG-1,Endo CLDN5 SLC7A5,0.8909710833485084
AAAGAACGTGGTCCGT-1,Endo CLDN5 SLC7A5,0.8554484425195842
AAAGAACGTTATGGTC-1,Endo CLDN5 SLC7A5,0.5911943917450879
AAAGAACTCACCTCTG-1,Endo CLDN5 SLC7A5,0.9702392247491661
AAAGGATCATGACACT-1,L2-3 CUX2 NTNG1 PALMD,0.9555255373723305
AAAGGATGTTCAGCTA-1,L2-3 CUX2 NTNG1 PALMD,0.4896421506938495
AAAGGGCAGTAAACAC-1,Endo CLDN5 SLC7A5,0.9486306380575465
AAAGGGCCATACTGTG-1,Astro GFAP AQP1,0.6997706563169083
AAAGGTAAGATGACAT-1,Endo CLDN5 SLC7A5,0.5934256184035412
AAAGGTACAGGACAGT-1,Micro P2RY12 APBB1IP,0.5026471522149272
AAAGTCCGTAATGCTC-1,Endo CLDN5 SLC7A5,0.6986604880326212
AAAGTCCTCACTTATC-1,Endo CLDN5 SLC7A5,0.6940643066971877
AAAGTGAAGACGCAGT-1,Oligo MOG OPALIN,0.998521159251809
AAAGTGAAGTTCTACG-1,Micro P2RY12 APBB1IP,0.9994381135160554
AAAGTGACAGACCAAG-1,L2-3 CUX2 NTNG1 PALMD,0.7126336899480538
AAAGTGACAGGGACTA-1,Endo CLDN5 SLC7A5,0.38350541106655955
AAAGTGAGTCCAGAAG-1,Micro P2RY12 GLDN,0.6108409161483601
AAAGTGAGTTTGTGGT-1,Endo CLDN5 SLC7A5,0.9228775731186741
AAAGTGATCCGATGTA-1,Endo CLDN5 SLC7A5,0.5961568108628323
AAATGGACAATGTCAC-1,Endo CLDN5 SLC7A5,0.42209297044371663
AAATGGACACGCGTCA-1,Endo CLDN5 SLC7A5,0.7893154044299252
AAATGGATCCCATAAG-1,Endo CLDN5 SLC7A5,0.999941101451653
AACAAAGGTGGATCGA-1,L2-3 CUX2 NTNG1 PALMD,0.647061102024261
AACAAAGTCGAGAAAT-1,Endo CLDN5 SLC7A5,0.8399677068466697
AACAAGACAAAGGAGA-1,Endo CLDN5 SLC7A5,0.9928554703587901
AACAAGACATTCACCC-1,Endo CLDN5 SLC7A5,0.9983233559036384
AACAAGATCATCTGTT-1,Endo CLDN5 SLC7A5,0.5967430602447761
AACACACAGGAGTATT-1,Endo CLDN5 SLC7A5,0.35958037571944373
AACACACAGGTCCCTG-1,L2-3 CUX2 ACVR1C THSD7A,0.710165927150085
AACACACCACCAGCCA-1,Endo CLDN5 SLC7A5,0.7612103944272203
AACACACCATAGAGGC-1,Endo CLDN5 SLC7A5,0.838142019409189
AACAGGGCACCAAAGG-1,Endo CLDN5 SLC7A5,0.9159456011404368
AACAGGGTCTCTGCCA-1,Endo CLDN5 SLC7A5,0.6596291653171557
AACCACAAGGATACCG-1,Endo CLDN5 SLC7A5,0.9955716576372101
AACCACACACGTACAT-1,Oligo MOG OPALIN,0.9982139962652179
AACCACACATACCACA-1,Endo CLDN5 SLC7A5,0.999840479384482
AACCACATCTGCATGA-1,Endo CLDN5 SLC7A5,0.9996357203292084
AACCATGCAGGTAGTG-1,Endo CLDN5 SLC7A5,0.9469842996967113
AACCATGCATGTAACC-1,Endo CLDN5 SLC7A5,0.6715741654595512
AACCATGTCAGACATC-1,Endo CLDN5 SLC7A5,0.9932405941313176
AACCCAAAGAATCGCG-1,Endo CLDN5 SLC7A5,0.9987589766106981
AACCCAACATCCGGTG-1,Endo CLDN5 SLC7A5,0.894999406504048
AACCCAATCACAGAGG-1,Endo CLDN5 SLC7A5,0.6409138417941062
AACCTGAAGACAACAT-1,Oligo MOG OPALIN,0.9654424600726078
AACCTGACACCGCTGA-1,Endo CLDN5 SLC7A5,0.993789248182689
AACCTGATCATGTCTT-1,L3-5 RORB MKX DCC,0.9991250142437516
AACCTTTAGGCGTTAG-1,InN PVALB SNTB1,0.31241963326766725
AACCTTTCATACAGCT-1,Endo CLDN5 SLC7A5,0.7787314684912209
AACCTTTTCCTACTGC-1,Endo CLDN5 SLC7A5,0.9990571108887751
AACGAAAAGTGCACTT-1,Endo CLDN5 SLC7A5,0.9982579545493601
AACGAAACATAGGCGA-1,Endo CLDN5 SLC7A5,0.7321097897725681
AACGAAATCAAGCCCG-1,Endo CLDN5 SLC7A5,0.8804361722114272
AACGGGAAGGCATCAG-1,Micro P2RY12 APBB1IP,0.998772231153973
AACGGGAGTCGTTGGC-1,Endo CLDN5 SLC7A5,0.38512358406886854
AACGGGAGTTCTTAGG-1,Oligo MOG OPALIN,0.9350969854780001
AACGGGAGTTGGAGGT-1,Endo CLDN5 SLC7A5,0.765116035063957
AACGGGATCGCTACGG-1,Oligo MOG OPALIN,0.9677919354874959
AACGTCAAGTACGTCT-1,L2-3 CUX2 NTNG1 PALMD,0.7749258113954636
AACGTCAGTTACAGCT-1,Endo CLDN5 SLC7A5,0.3247596348415047
AACGTCATCCAAGAGG-1,Oligo MOG OPALIN,0.998160214725196
AACTTCTAGTCATACC-1,SMC ACTA2 CNN1,0.9994492116489941
AACTTCTCAGTTAGGG-1,L3-5 RORB PCBP3 IL1RAPL2,0.8282332730156612
AAGACAAAGGTAGCAC-1,L2-3 CUX2 NTNG1 PALMD,0.99660674641527
AAGACAACAAGCGAGT-1,L2-3 CUX2 ACVR1C THSD7A,0.41203464335672196
AAGACAACAGGGATAC-1,Endo CLDN5 SLC7A5,0.946172379189128
AAGACAAGTAGCCCTG-1,L2-3 CUX2 ACVR1C THSD7A,0.49527453754393336
AAGACTCAGGAGCTGT-1,L2-3 CUX2 NTNG1 PALMD,0.7457358928361807
AAGATAGAGTTTAGGA-1,Endo CLDN5 SLC7A5,0.9408173111221246
AAGATAGTCCGTAGGC-1,Endo CLDN5 SLC7A5,0.7338992132885773
AAGCATCAGAAACCCG-1,Endo CLDN5 SLC7A5,0.9966551844494036
AAGCATCAGTTGGAAT-1,Endo CLDN5 SLC7A5,0.7754899085566955
AAGCATCGTTAAAGTG-1,Endo CLDN5 SLC7A5,0.6269138424324742
AAGCCATAGAAATCCA-1,Micro P2RY12 APBB1IP,0.52158799022189
AAGCCATAGCGTCAGA-1,L2-3 CUX2 NTNG1 PALMD,0.4143544252557093
AAGCCATGTGCCTTTC-1,Astro AQP4 SLC1A2,0.9749541043900848
AAGCGAGAGGCCCAAA-1,Oligo MOG OPALIN,0.9321885120847864
AAGCGAGCAACGATTC-1,Oligo MOG OPALIN,0.9986573498202077
AAGCGAGTCGAACACT-1,L2-3 CUX2 NTNG1 PALMD,0.8685623267728003
AAGCGTTAGACTCGAG-1,Endo CLDN5 SLC7A5,0.7838249972722111
AAGCGTTAGCCGATAG-1,Oligo MOG OPALIN,0.43608603777418153
AAGCGTTAGCCTCAAT-1,Endo CLDN5 SLC7A5,0.9175859418770481
AAGCGTTGTGTGTCGC-1,Endo CLDN5 SLC7A5,0.7418857093154888
AAGGAATAGAATTGCA-1,Oligo MOG GSN,0.3481487978460174
AAGGAATCACGCGTCA-1,Endo CLDN5 SLC7A5,0.8912671973168717
AAGGAATGTGCCCGTA-1,Endo CLDN5 SLC7A5,0.9998702880365238
AAGGTAAAGTAAGACT-1,Endo CLDN5 SLC7A5,0.9136861631384637
AAGGTAAAGTTGAATG-1,Endo CLDN5 SLC7A5,0.37588367614526236
AAGTACCGTTCTCGCT-1,Oligo MOG OPALIN,0.5457569125668197
AAGTACCTCCATCTCG-1,Oligo MOG OPALIN,0.7819792934325155
AAGTCGTCATTGGCAT-1,Endo CLDN5 SLC7A5,0.7091066262593003
AAGTCGTGTACCCGAC-1,Endo CLDN5 SLC7A5,0.3406844325878425
AAGTCGTGTCACTGAT-1,Endo CLDN5 SLC7A5,0.7848023261037057
AAGTCGTTCGAGTCTA-1,Oligo MOG OPALIN,0.5385186811554841
AAGTTCGAGGGATCAC-1,L3-5 RORB MKX GRIN3A,0.7124907877682474
AAGTTCGAGTCCGCCA-1,Endo CLDN5 SLC7A5,0.9899290075658363
AAGTTCGTCACATACG-1,Endo CLDN5 SLC7A5,0.9925910538107301
AAGTTCGTCGCTGCGA-1,Endo CLDN5 SLC7A5,0.7602064927434468
AAGTTCGTCGTCGGGT-1,Oligo MOG OPALIN,0.999704182587543
AATAGAGAGAATCGTA-1,Endo CLDN5 SLC7A5,0.9103793040186987
AATAGAGGTAGCCCTG-1,Endo CLDN5 SLC7A5,0.6920119681565464
AATCACGGTAGATGTA-1,Oligo MOG OPALIN,0.8284386274378042
AATCACGTCGCCTCTA-1,Endo CLDN5 SLC7A5,0.5366520916752149
AATCGACGTTCCTAAG-1,Oligo MOG OPALIN,0.43751936745933795
AATCGTGAGTGCAAAT-1,Endo CLDN5 SLC7A5,0.9923022033197749
AATCGTGGTTAAACCC-1,Endo CLDN5 SLC7A5,0.5358216453005418
AATCGTGTCCCTCGTA-1,InN PVALB HPSE,0.4180465085743194
AATGAAGAGTAGTCAA-1,Oligo MOG OPALIN,0.7542558692657338
AATGAAGCAAACTGCT-1,Oligo MOG OPALIN,0.9999881068501283
AATGAAGCACTACTTT-1,Endo CLDN5 SLC7A5,0.9764407589065436
AATGACCAGAAGCGCT-1,Endo CLDN5 SLC7A5,0.6065922555472297
AATGACCGTGGCTGAA-1,L2-3 CUX2 NTNG1 PALMD,0.365077353519954
AATGACCTCAACGTGT-1,Endo CLDN5 SLC7A5,0.9991574044003647
AATGACCTCGTGTTCC-1,Endo CLDN5 SLC7A5,0.980020431230768
AATGCCAAGACATAAC-1,Endo CLDN5 SLC7A5,0.8859569212907668
AATGCCAAGATGTTCC-1,Endo CLDN5 SLC7A5,0.7299822101471145
AATGCCAAGCACTTTG-1,Endo CLDN5 SLC7A5,0.9857822826025503
AATGGAAAGCAACCAG-1,Endo CLDN5 DKK2,0.9842859185601948
AATGGAACAAGCGCTC-1,Oligo MOG OPALIN,0.8282307971102111
AATGGAACACTACGGC-1,Endo CLDN5 SLC7A5,0.9019403950261997
AATGGAACATCGCCTT-1,Endo CLDN5 SLC7A5,0.9945666881345793
AATGGAACATGAAAGT-1,Oligo MOG OPALIN,0.6344671487649256
AATGGAATCCTCACGT-1,Endo CLDN5 SLC7A5,0.9616840900407754
AATGGCTTCGTGAGAG-1,Oligo MOG OPALIN,0.49987399524289455
ACAAAGAAGAGTGAAG-1,Endo CLDN5 SLC7A5,0.9943759067621647
ACAAAGAAGGCAGGTT-1,Endo CLDN5 SLC7A5,0.9602317890641165
ACAAAGAGTACTGAGG-1,Endo CLDN5 SLC7A5,0.539393499174176
ACAACCAAGGCCCACT-1,Oligo MOG OPALIN,0.3918280019337112
ACAACCAGTTCTCGCT-1,Endo CLDN5 SLC7A5,0.8560143114306654
ACAAGCTAGTATAACG-1,Endo CLDN5 SLC7A5,0.993751056133921
ACAAGCTGTTAAAGTG-1,Endo CLDN5 SLC7A5,0.4010393675476995
ACAAGCTGTTTGGCTA-1,Endo CLDN5 SLC7A5,0.7733656673639374
ACAAGCTTCGTTGCCT-1,Endo CLDN5 SLC7A5,0.9737743213736041
ACACAGTAGAGAATCT-1,Oligo MOG OPALIN,0.8888613771091906
ACACAGTCAGGACGAT-1,L2-3 CUX2 NTNG1 PALMD,0.3325040479508522
ACACAGTCATGTCAGT-1,Endo CLDN5 SLC7A5,0.8953599468137964
ACACAGTGTCACTCGG-1,Endo CLDN5 SLC7A5,0.4473508463432344
ACACAGTTCCATTCGC-1,Endo CLDN5 SLC7A5,0.9994775322628819
ACACAGTTCGCGAAGA-1,L2-3 CUX2 NTNG1 PALMD,0.40759788072273584
ACACCAACATCATCTT-1,Endo CLDN5 SLC7A5,0.47704582634432335
ACACCAAGTCAGCGTC-1,Endo CLDN5 SLC7A5,0.7636305297889063
ACACCAATCTTTCCAA-1,Endo CLDN5 SLC7A5,0.6551420227645804
ACACGCGAGGAGTATT-1,Endo CLDN5 SLC7A5,0.3402340486811115
ACACGCGCACTGTCCT-1,Endo CLDN5 SLC7A5,0.643798490388899
ACACGCGCAGACAAGC-1,Micro P2RY12 APBB1IP,0.3271310917861739
ACACGCGCATAATCGC-1,L2-3 CUX2 ACVR1C THSD7A,0.33648967150603876
ACACTGAGTGGGATTG-1,Endo CLDN5 SLC7A5,0.5856631766051771
ACAGAAAAGGTTGAGC-1,Endo CLDN5 SLC7A5,0.6968894682060832
ACAGAAACACCTCTAC-1,Endo CLDN5 SLC7A5,0.8894528537370302
ACAGAAATCCCTTGGT-1,Endo CLDN5 SLC7A5,0.8537715199327087
ACAGAAATCCGGTTCT-1,OPC PDGFRA PCDH15,0.9999999997434266
ACAGAAATCGAGCTGC-1,Astro AQP4 SLC1A2,0.7338647414117252
ACAGAAATCGCTAATG-1,Oligo MOG OPALIN,0.7873287876994749
ACAGCCGGTCCAAATC-1,Endo CLDN5 SLC7A5,0.5712387958819547
ACAGGGACAGGTGTTT-1,Endo CLDN5 SLC7A5,0.9826189628292445
ACAGGGAGTTAGTCGT-1,L2-3 CUX2 NTNG1 PALMD,0.8913215297936372
ACATCCCAGCATCAGG-1,InN VIP SCML4,0.9693590642138519
ACATCCCAGCTGAAAT-1,Endo CLDN5 SLC7A5,0.49762373137832794
ACATCGAAGACTTAAG-1,Oligo MOG OPALIN,0.9976433626324437
ACATCGAAGTTCATGC-1,L2-3 CUX2 NTNG1 PALMD,0.5736073051318076
ACATCGAGTGGGCTTC-1,Endo CLDN5 SLC7A5,0.7495898961477533
ACATCGATCAGTAGGG-1,Endo CLDN5 SLC7A5,0.5499862299488738
ACATGCACATGTGGTT-1,Endo CLDN5 SLC7A5,0.5948725231738059
ACATGCAGTTACTCAG-1,Endo CLDN5 SLC7A5,0.9482251550187664
ACATGCATCATCACTT-1,Oligo MOG OPALIN,0.9501485220002023
ACATGCATCTCATGCC-1,L2-3 CUX2 NTNG1 PALMD,0.642923350040699
ACATTTCAGGCGAAGG-1,InN SST HS3ST5,0.7528437710544281
ACATTTCCAAACACGG-1,Endo CLDN5 SLC7A5,0.9963730046035052
ACATTTCCAATCGCGC-1,Oligo MOG OPALIN,0.9999999904188684
ACATTTCTCCGCGAGT-1,Oligo MOG GSN,0.9491607794213028
ACATTTCTCGGACTGC-1,L2-3 CUX2 ACVR1C THSD7A,0.9904048539964475
ACCAACAGTAAGTTAG-1,Oligo MOG OPALIN,0.9767629905432005
ACCATTTAGACATACA-1,Endo CLDN5 SLC7A5,0.9879648992187234
ACCATTTAGATCACTC-1,Endo CLDN5 SLC7A5,0.9718385478985637
ACCATTTGTCGGAACA-1,Oligo MOG OPALIN,0.3898845092214348
ACCATTTTCCAAGGGA-1,Endo CLDN5 SLC7A5,0.9899267780463612
ACCCTCAAGGACGCTA-1,Endo CLDN5 SLC7A5,0.588444269615062
ACCCTCATCACTCGAA-1,OPC PDGFRA PCDH15,0.9999999999996521
ACCCTTGAGAACGTGC-1,Endo CLDN5 SLC7A5,0.9247359520142864
ACCCTTGAGCCTCCAG-1,Endo CLDN5 SLC7A5,0.9384475457478113
ACCCTTGAGTCCGTCG-1,Oligo MOG GSN,0.9998716604468378
ACCCTTGCAAACGTGG-1,Endo CLDN5 SLC7A5,0.7981435740869584
ACCCTTGCAATGGCCC-1,L2-3 CUX2 ACVR1C THSD7A,0.4227603786044472
ACCCTTGCATAAGCGG-1,Endo CLDN5 SLC7A5,0.8265947603231212
ACCGTTCAGAGTTCGG-1,Oligo MOG OPALIN,0.9088692796666057
ACCTACCAGCTCTTCC-1,Endo CLDN5 SLC7A5,0.9923192309363471
ACCTGTCAGTCGAAAT-1,Endo CLDN5 SLC7A5,0.9998173222689342
ACCTGTCCAGTGTATC-1,Oligo MOG OPALIN,0.8246546229744834
ACCTGTCGTAGGTACG-1,L2-3 CUX2 NTNG1 PALMD,0.49478932296178263
ACCTGTCTCGCTGATA-1,Endo CLDN5 SLC7A5,0.6870521243390684
ACGATCAAGTTGCGCC-1,Micro P2RY12 APBB1IP,0.5396799714423273
ACGATCACAGTAGGAC-1,Endo CLDN5 SLC7A5,0.7467318608312797
ACGATGTGTGTTTCTT-1,Endo CLDN5 SLC7A5,0.3787691697587837
ACGATGTTCGGATACT-1,Endo CLDN5 SLC7A5,0.862264819971742
ACGCACGAGGGTTTCT-1,Oligo MOG OPALIN,0.9998658401473202
ACGCACGGTCGAATTC-1,Endo CLDN5 SLC7A5,0.5208416810151549
ACGGAAGCAGCGTAGA-1,Oligo MOG OPALIN,0.9466723175323126
ACGGAAGGTACGTTCA-1,Oligo MOG OPALIN,0.870254200822273
ACGGGTCGTACGAAAT-1,Astro AQP4 SLC1A2,0.8859074381227727
ACGGTCGCAAGTGATA-1,Endo CLDN5 SLC7A5,0.32847837194877216
ACGGTTAAGGTGCTGA-1,Endo CLDN5 SLC7A5,0.5272721835599746
ACGGTTACAAACTCGT-1,Endo CLDN5 SLC7A5,0.9713118106625372
ACGGTTACAGCTGTAT-1,L2-3 CUX2 ACVR1C THSD7A,0.8917969384465448
ACGGTTAGTAACCCGC-1,Endo CLDN5 SLC7A5,0.9559469847355385
ACGTAACTCCTAACAG-1,Oligo MOG OPALIN,0.9984286025400523
ACGTACAGTGGCAACA-1,Oligo MOG OPALIN,0.9527451990650082
ACGTACATCCAAGGGA-1,Endo CLDN5 SLC7A5,0.7587717034802274
ACGTAGTAGGCCTTCG-1,SMC ACTA2 CNN1,0.9999514838549136
ACGTAGTAGGTCACTT-1,InN VIP EXPH5,0.8048965808084674
ACGTAGTAGTCGAATA-1,Astro AQP4 SLC1A2,0.9996778708754612
ACGTAGTCAGAAACCG-1,Endo CLDN5 SLC7A5,0.345660802344729
ACGTAGTCATGTTCGA-1,Endo CLDN5 SLC7A5,0.8564249852997651
ACGTAGTGTGACTATC-1,Endo CLDN5 SLC7A5,0.48719147442689187
ACGTAGTGTGGATCGA-1,Endo CLDN5 SLC7A5,0.9171988858799689
ACGTAGTGTGTACATC-1,Endo CLDN5 SLC7A5,0.3880163945138923
ACGTCCTAGCACTAGG-1,Endo CLDN5 SLC7A5,0.9077931658570628
ACGTCCTCACTTGGCG-1,Endo CLDN5 SLC7A5,0.997070975131461
ACGTCCTGTGTGTACT-1,L2-3 CUX2 ACVR1C THSD7A,0.9998777535477656
ACGTCCTGTTAACCTG-1,Endo CLDN5 SLC7A5,0.3940767721417412
ACTACGAAGGACAGTC-1,Endo CLDN5 SLC7A5,0.9587279287561147
ACTACGAAGGTATCTC-1,Oligo MOG OPALIN,0.6455628615809059
ACTACGAAGTGTGTTC-1,Endo CLDN5 SLC7A5,0.3394505390561238
ACTACGACAAACCATC-1,Oligo MOG OPALIN,0.7222263010001443
ACTACGAGTGTCACAT-1,Astro AQP4 SLC1A2,0.38688551879901834
ACTATCTCAATTGAAG-1,Endo CLDN5 SLC7A5,0.4018128760622941
ACTATCTGTTGTTGAC-1,L2-3 CUX2 ACVR1C THSD7A,0.5551216611929889
ACTCCCAAGTGTGTTC-1,Endo CLDN5 SLC7A5,0.8000685431653812
ACTCCCACAAATAGCA-1,Endo CLDN5 SLC7A5,0.6733169265455357
ACTCCCAGTGAATATG-1,Endo CLDN5 SLC7A5,0.48608342497498175
ACTCCCATCTGGAAGG-1,Endo CLDN5 SLC7A5,0.9456108048512037
ACTCTCGCACCATTCC-1,L2-3 CUX2 NTNG1 PALMD,0.920824323759597
ACTCTCGGTGCCTGCA-1,L2-3 CUX2 NTNG1 PALMD,0.5889189868133454
ACTCTCGGTGTCCGGT-1,Endo CLDN5 SLC7A5,0.9242837927818397
ACTCTCGTCGATACTG-1,Endo CLDN5 SLC7A5,0.6676835977612242
ACTCTCGTCTGCTGAA-1,Endo CLDN5 SLC7A5,0.8024885446466397
ACTGATGGTCAGACTT-1,Oligo MOG OPALIN,0.6324620108883331
ACTGCAAAGCCGTTGC-1,Endo CLDN5 SLC7A5,0.5969061797527859
ACTGCAAAGTACAGAT-1,L2-3 CUX2 NTNG1 PALMD,0.9901161263702642
ACTGCAACACGGCCAT-1,Oligo MOG OPALIN,0.9999622492962094
ACTGCAATCCGGACTG-1,L2-3 CUX2 NTNG1 PALMD,0.35801718301783875
ACTGTCCAGAAGCCAC-1,Endo CLDN5 SLC7A5,0.5705567361159994
ACTGTCCAGGACAACC-1,Endo CLDN5 SLC7A5,0.37097289679578144
ACTGTCCGTGCCGAAA-1,Endo CLDN5 SLC7A5,0.8463257359397243
ACTGTCCTCACTGGGC-1,OPC PDGFRA PCDH15,0.9218372113012547
ACTGTGAAGTTGCCTA-1,Endo CLDN5 SLC7A5,0.5928173235810102
ACTGTGACAAAGCAAT-1,OPC PDGFRA PCDH15,0.9999999999999492
ACTGTGACAGCCCAGT-1,Endo CLDN5 SLC7A5,0.3134534952185326
ACTGTGAGTCTGCAAT-1,Oligo MOG OPALIN,0.9341311707335335
ACTTAGGGTCCTCCTA-1,Endo CLDN5 SLC7A5,0.9977184274491879
ACTTAGGTCCTGATAG-1,Endo CLDN5 SLC7A5,0.8627593740714732
ACTTATCAGATGAATC-1,Endo CLDN5 SLC7A5,0.3593069380471335
ACTTATCAGGAAAGGT-1,Endo CLDN5 SLC7A5,0.3865393546456268
ACTTATCGTACGTGAG-1,Endo CLDN5 SLC7A5,0.3491073106869774
ACTTATCGTATTGAGA-1,Endo CLDN5 SLC7A5,0.9803663476094879
ACTTATCTCCAACCAA-1,Endo CLDN5 SLC7A5,0.8600164134059151
ACTTCCGTCCGTCAAA-1,Endo CLDN5 SLC7A5,0.3071480707608374
ACTTCGCGTTCCCACT-1,Endo CLDN5 SLC7A5,0.6234081451108243
ACTTCGCTCCGACAGC-1,Endo CLDN5 SLC7A5,0.81126921419744
ACTTTCACAAGGCAAC-1,Endo CLDN5 SLC7A5,0.9208927893860269
ACTTTCACACTTGAAC-1,Endo CLDN5 SLC7A5,0.911004235850025
ACTTTCATCCGTAATG-1,Endo CLDN5 SLC7A5,0.6665542766401805
ACTTTGTCAAATAGCA-1,Endo CLDN5 SLC7A5,0.7048889909761162
AGAAATGAGCGCCTAC-1,Endo CLDN5 SLC7A5,0.37394027678965286
AGAAATGAGGCACGAT-1,Endo CLDN5 SLC7A5,0.5293518589498108
AGAAATGGTTCAGCGC-1,Endo CLDN5 SLC7A5,0.941140215166878
AGAACAATCAAAGCCT-1,Endo CLDN5 SLC7A5,0.9438243577305689
AGAACAATCAGTAGGG-1,Endo CLDN5 SLC7A5,0.7613391725764801
AGAACAATCCCTTTGG-1,InN LAMP5 BMP7,0.6469795624079671
AGAACCTAGGCCTAAG-1,Endo CLDN5 SLC7A5,0.6626734839054295
AGAACCTGTGATCGTT-1,L2-3 CUX2 NTNG1 PALMD,0.6547579482790006
AGAAGCGCATCCGTTC-1,Endo CLDN5 SLC7A5,0.7522588422712326
AGAAGCGTCACTGGTA-1,L2-3 CUX2 ACVR1C THSD7A,0.6878052183261588
AGAAGTAGTTTGGAAA-1,Endo CLDN5 SLC7A5,0.9217675113138628
AGAAGTATCCCTTCCC-1,Endo CLDN5 SLC7A5,0.7905155794550927
AGACAAAAGTATGAAC-1,Endo CLDN5 SLC7A5,0.5770171442267867
AGACAAAAGTCCTGTA-1,InN SST ADAMTSL1,0.9942410392684642
AGACAAACAGGTGGAT-1,Endo CLDN5 SLC7A5,0.5496799648988803
AGACACTGTCAACCAT-1,L2-3 CUX2 ACVR1C THSD7A,0.5020506047043951
AGACAGGAGGAAGTCC-1,Endo CLDN5 SLC7A5,0.9983030743457236
AGACAGGAGGATTTAG-1,Endo CLDN5 SLC7A5,0.5764775798763984
AGACCATAGTGTAGTA-1,Astro GFAP FABP7,0.9998256319416103
AGACCATTCATTGCTT-1,Endo CLDN5 SLC7A5,0.707153193092674
AGACCATTCCTACTGC-1,Endo CLDN5 SLC7A5,0.5324141689608771
AGACCATTCGGATTAC-1,Endo CLDN5 SLC7A5,0.3364930188205937
AGACCCGAGATGACCG-1,InN PVALB SNTB1,0.6085876710985233
AGACCCGGTTACGGAG-1,Oligo MOG OPALIN,0.7577414066802732
AGACCCGTCACTGTCC-1,Endo CLDN5 SLC7A5,0.7473737224707162
AGACCCGTCCCTAGGG-1,Oligo MOG OPALIN,0.8378367660586437
AGACTCAAGCGCAATG-1,Micro P2RY12 APBB1IP,0.9995065858407026
AGAGAATAGACCGTTT-1,Astro GFAP AQP1,0.5104608686407063
AGAGAATCACTGGCCA-1,Endo CLDN5 SLC7A5,0.9397609781585479
AGAGAATTCGCGGTAC-1,Oligo MOG OPALIN,0.7468663050717667
AGAGAGCCAGTGGCTC-1,L2-3 CUX2 NTNG1 PALMD,0.3856636059126784
AGAGCAGAGAAGTGTT-1,Endo CLDN5 SLC7A5,0.8239756757196399
AGAGCAGAGCGACTGA-1,Endo CLDN5 SLC7A5,0.9729442838933109
AGAGCAGGTATAGGAT-1,Endo CLDN5 SLC7A5,0.7936775933829832
AGAGCAGTCACTAGCA-1,Endo CLDN5 SLC7A5,0.9996768101973286
AGAGCCCAGCTTCATG-1,Endo CLDN5 SLC7A5,0.5264277840387529
AGAGCCCAGGTAAGTT-1,L2-3 CUX2 NTNG1 PALMD,0.887821651089127
AGAGCCCGTCAAACGG-1,Endo CLDN5 SLC7A5,0.6834538878908938
AGAGCCCTCCATTGCC-1,Endo CLDN5 SLC7A5,0.998169002066672
AGATAGAAGGCCATAG-1,Micro P2RY12 APBB1IP,0.9898660261430344
AGATAGAGTAAGATTG-1,L2-3 CUX2 NTNG1 PALMD,0.5483855808535951
AGATAGAGTTACGGAG-1,InN VIP ADAM12,0.4477475585851801
AGATCCAAGCCTTTGA-1,L2-3 CUX2 NTNG1 PALMD,0.5077920250986754
AGATCCACAATTTCGG-1,Micro P2RY12 APBB1IP,0.9997703267912931
AGATCCAGTCCAAGAG-1,Oligo MOG OPALIN,0.627281497300924
AGATCCAGTCTTGGTA-1,OPC PDGFRA PCDH15,0.9999999999999953
AGATCCATCCTCAGGG-1,Endo CLDN5 SLC7A5,0.9974016988966389
AGATCGTTCAAACGAA-1,InN VIP EXPH5,0.9918819238422987
AGATCGTTCGTCTACC-1,Endo CLDN5 SLC7A5,0.8462963845622201
AGATGAACAAATCAGA-1,Endo CLDN5 SLC7A5,0.870057025565063
AGATGCTGTTCCTACC-1,Endo CLDN5 SLC7A5,0.4319939525353178
AGATGCTGTTGTCATG-1,Oligo MOG OPALIN,0.5479042612174887
AGCCAATGTAACGCGA-1,Endo CLDN5 SLC7A5,0.9359756480173979
AGCCAATGTCCCTGTT-1,Endo CLDN5 SLC7A5,0.5628233061230176
AGCCACGAGGAGAGTA-1,L3-5 RORB MKX DCC,0.34305916644568757
AGCCACGAGGCACGAT-1,Endo CLDN5 SLC7A5,0.44900192552064006
AGCCACGGTTCTTAGG-1,Astro GFAP AQP1,0.9763073037158254
AGCCACGTCTCCAAGA-1,Endo CLDN5 SLC7A5,0.9857078820194674
AGCCAGCAGTATAGAC-1,Endo CLDN5 SLC7A5,0.5969786369808016
AGCCAGCAGTCGCTAT-1,L2-3 CUX2 NTNG1 PALMD,0.447543932715589
AGCCAGCCAAGTTCCA-1,Oligo MOG OPALIN,0.9942250671449238
AGCCAGCCACTATCGA-1,Endo CLDN5 SLC7A5,0.7965132354303729
AGCCAGCCATCGTTCC-1,Endo CLDN5 SLC7A5,0.9439356367986552
AGCCAGCTCTAGGCAT-1,Endo CLDN5 SLC7A5,0.889326618764179
AGCGATTAGAGTTGTA-1,Endo CLDN5 SLC7A5,0.7423372683509807
AGCGATTAGCTTTGTG-1,Endo CLDN5 SLC7A5,0.8764316003195479
AGCGATTCACACGGTC-1,Endo CLDN5 SLC7A5,0.9321494545412653
AGCGATTTCATTACCT-1,L3-5 RORB MKX GRIN3A,0.9931082513701881
AGCGATTTCCTCTAAT-1,Endo CLDN5 SLC7A5,0.46350461739811766
AGCGCCAAGCGCTTCG-1,L2-3 CUX2 NTNG1 PALMD,0.618018365391985
AGCGCCAAGTTCATCG-1,Endo CLDN5 SLC7A5,0.804826381124314
AGCGCTGCAACTACGT-1,L2-3 CUX2 ACVR1C THSD7A,0.3504320294018487
AGCGCTGCAGCAGTTT-1,Endo CLDN5 SLC7A5,0.47016452032192463
AGCGCTGGTCGTTATG-1,Endo CLDN5 SLC7A5,0.473510007759915
AGCGTATGTTGCCTAA-1,OPC PDGFRA PCDH15,0.9999564948467917
AGCGTATTCAACGTGT-1,Micro P2RY12 APBB1IP,0.9984877407258632
AGCGTATTCATTGTGG-1,Endo CLDN5 SLC7A5,0.5119320665052349
AGCGTATTCGCAATTG-1,Endo CLDN5 SLC7A5,0.9040134227487259
AGCGTCGCACGAAAGC-1,Endo CLDN5 SLC7A5,0.8549771872066722
AGCGTCGCAGATAAAC-1,Endo CLDN5 SLC7A5,0.9738555619423448
AGCGTCGCAGATGCGA-1,OPC PDGFRA PCDH15,0.9999999999978084
AGCTACAGTCTTAGTG-1,Endo CLDN5 SLC7A5,0.9999676323365067
AGCTCAACAACTGATC-1,Endo CLDN5 SLC7A5,0.9425380722236769
AGCTCAAGTGTGACCC-1,Oligo MOG FRY,0.36239949673838234
AGCTCAATCAGCTGTA-1,Endo CLDN5 SLC7A5,0.3709343516776601
AGCTCAATCTCCGCAT-1,L2-3 CUX2 NTNG1 PALMD,0.4947072226866202
AGCTTCCCAAACCGGA-1,Endo CLDN5 SLC7A5,0.9263663279837411
AGCTTCCTCGGTAGGA-1,Endo CLDN5 SLC7A5,0.9417365052783709
AGGAAATTCTTTGGAG-1,Endo CLDN5 SLC7A5,0.3107217776231215
AGGAATAAGAATTCAG-1,OPC PDGFRA PCDH15,0.9999999999982627
AGGAATAGTCACAGAG-1,Oligo MOG OPALIN,0.5946666828855165
AGGAATAGTTCTGACA-1,Endo CLDN5 SLC7A5,0.9999587482037042
AGGAATATCTGTGCTC-1,Endo CLDN5 SLC7A5,0.5844905574280858
AGGACTTAGAGTCTTC-1,Micro P2RY12 APBB1IP,0.9299203863364486
AGGACTTAGCCTGTCG-1,Endo CLDN5 SLC7A5,0.6145080752053562
AGGACTTAGGTCGACA-1,Endo CLDN5 SLC7A5,0.5911711275948822
AGGACTTCATAGAAAC-1,Oligo MOG OPALIN,0.3555293353649127
AGGAGGTGTCCGGCAT-1,L2-3 CUX2 NTNG1 PALMD,0.5232215343079836
AGGAGGTTCTATTGTC-1,Endo CLDN5 SLC7A5,0.5425109327916726
AGGATAACATAGGTAA-1,Endo CLDN5 SLC7A5,0.974418793646028
AGGATCTAGGGCAATC-1,L2-3 CUX2 NTNG1 PALMD,0.35766179566469825
AGGATCTCAACTCCCT-1,Endo CLDN5 SLC7A5,0.9821349701267055
AGGATCTCACGGATCC-1,Endo CLDN5 SLC7A5,0.4176813738065841
AGGCATTGTAACGGTG-1,Endo CLDN5 SLC7A5,0.9017349199584215
AGGCATTTCCAATCTT-1,Oligo MOG OPALIN,0.9999320578029126
AGGCATTTCCACGTAA-1,L2-3 CUX2 NTNG1 PALMD,0.8690153739342646
AGGCCACGTCACAGAG-1,Endo CLDN5 SLC7A5,0.7712440634838093
AGGCCACTCCGATCGG-1,Endo CLDN5 SLC7A5,0.7516845553052334
AGGCCACTCGGACGTC-1,Endo CLDN5 SLC7A5,0.9993178882596544
AGGCTGCTCAAGTCGT-1,Endo CLDN5 SLC7A5,0.9986823031419381
AGGGAGTTCATAGAGA-1,OPC PDGFRA PCDH15,0.9999999999999611
AGGGCCTAGAGCCGAT-1,Endo CLDN5 SLC7A5,0.5755386938432365
AGGGCCTAGGTACATA-1,Endo CLDN5 SLC7A5,0.36407150026927104
AGGGCCTTCCTTTGAT-1,Endo CLDN5 SLC7A5,0.9999977757828669
AGGGCCTTCGGCTTGG-1,Endo CLDN5 SLC7A5,0.7395826475238423
AGGGCCTTCTGGGCGT-1,L2-3 CUX2 NTNG1 PALMD,0.31382284146773853
AGGGCTCCAAACGGCA-1,Endo CLDN5 SLC7A5,0.41585649763855453
AGGGTCCAGAATCGCG-1,Endo CLDN5 SLC7A5,0.5806998781873226
AGGGTCCGTATCTCTT-1,Oligo MOG OPALIN,0.3451462556286129
AGGGTCCGTGACCTGC-1,Oligo MOG OPALIN,0.32058781944332054
AGGGTCCGTGAGCGAT-1,Endo CLDN5 SLC7A5,0.9943500468698241
AGGGTGAAGTGTCATC-1,L2-3 CUX2 NTNG1 PALMD,0.5708547267765036
AGGGTGACACCAGCCA-1,Endo CLDN5 SLC7A5,0.9729535640848115
AGGGTTTGTAGGCAAC-1,L2-3 CUX2 NTNG1 PALMD,0.5276222451677729
AGGGTTTGTGGTTTAC-1,L2-3 CUX2 ACVR1C THSD7A,0.9651899525906961
AGGGTTTTCATCACAG-1,Endo CLDN5 SLC7A5,0.6738383408160454
AGGGTTTTCGTCGGGT-1,L2-3 CUX2 NTNG1 PALMD,0.5638643642490222
AGGGTTTTCTCTTGCG-1,Endo CLDN5 SLC7A5,0.9217715826298928
AGGGTTTTCTGGAGAG-1,Endo CLDN5 SLC7A5,0.8780612325391991
AGGTAGGAGCTGACAG-1,Endo CLDN5 SLC7A5,0.9603740019353252
AGGTCATAGCCTGCCA-1,Endo CLDN5 SLC7A5,0.4614252395780746
AGGTCATAGGACTATA-1,Endo CLDN5 SLC7A5,0.9685535620779094
AGGTCATGTACAATAG-1,Endo CLDN5 SLC7A5,0.963313558681255
AGGTCATGTGAGGATC-1,OPC PDGFRA PCDH15,0.404680500412684
AGGTCATGTGTTACAC-1,L2-3 CUX2 NTNG1 PALMD,0.40605078874807454
AGGTCATTCATTCGTT-1,Endo CLDN5 SLC7A5,0.9732478631223133
AGGTCATTCCCTCGAT-1,L2-3 CUX2 NTNG1 PALMD,0.8879933886967986
AGGTCTATCACACCGG-1,Endo CLDN5 SLC7A5,0.656167743559701
AGGTGTTTCGAGAAGC-1,Endo CLDN5 SLC7A5,0.4673331360908879
AGGTTACAGCATGTTC-1,Endo CLDN5 SLC7A5,0.9170194757034286
AGGTTACCACCTGAAT-1,Oligo MOG OPALIN,0.9494684905150698
AGGTTACCATTCCTAT-1,Endo CLDN5 SLC7A5,0.30626089612053553
AGGTTGTAGAGTGGCT-1,Endo CLDN5 SLC7A5,0.9994854646731813
AGGTTGTCACCAAAGG-1,Endo CLDN5 SLC7A5,0.33506766672576
AGGTTGTCATTGAAAG-1,Endo CLDN5 SLC7A5,0.9978736632449056
AGTAACCAGACAGTCG-1,Endo CLDN5 SLC7A5,0.38933235381250403
AGTAACCAGTGCACCC-1,Endo CLDN5 SLC7A5,0.3043823840589179
AGTAACCTCTTGGCTC-1,Endo CLDN5 SLC7A5,0.9850890591246976
AGTACTGGTTTGTTCT-1,Oligo MOG OPALIN,0.9871579248248625
AGTAGCTAGAACCCGA-1,L2-3 CUX2 NTNG1 PALMD,0.9683566985395506
AGTAGCTGTAGCACGA-1,Endo CLDN5 SLC7A5,0.9904572764261694
AGTAGCTGTGGATGAC-1,Endo CLDN5 SLC7A5,0.9641956885474928
AGTAGCTTCCTGGCTT-1,L2-3 CUX2 ACVR1C THSD7A,0.33121701381131957
AGTCAACAGTCAGGGT-1,Endo CLDN5 SLC7A5,0.9812107844213384
AGTCACACACAAAGCG-1,Endo CLDN5 SLC7A5,0.38262857638821873
AGTCACACACAGAAGC-1,Oligo MOG OPALIN,0.9959742972729367
AGTCACACACATATGC-1,L2-3 CUX2 NTNG1 PALMD,0.7058008161146572
AGTCACAGTAAGGAGA-1,Endo CLDN5 SLC7A5,0.6454024785801294
AGTCATGCACGGTAGA-1,L2-3 CUX2 NTNG1 PALMD,0.5130454277798191
AGTCTCCCAGTAACGG-1,Endo CLDN5 SLC7A5,0.9908005856893776
AGTCTCCGTCTTGTCC-1,Endo CLDN5 SLC7A5,0.3977421678079395
AGTCTCCTCGAACCAT-1,InN LAMP5 LHX6 TAC1,0.6008321477238427
AGTCTCCTCGGTCAGC-1,Endo CLDN5 SLC7A5,0.35889139384704005
AGTGACTCAAACCGGA-1,OPC PDGFRA PCDH15,0.9999999999994822
AGTGACTCATGTTCAG-1,Endo CLDN5 SLC7A5,0.5706943714173355
AGTGACTGTACCCAGC-1,Endo CLDN5 SLC7A5,0.5898972090574303
AGTGACTTCAAGAATG-1,Endo CLDN5 SLC7A5,0.9891465711474134
AGTGATCCATCTTCGC-1,Endo CLDN5 SLC7A5,0.31337109615282144
AGTGATCTCTCATTAC-1,L2-3 CUX2 NTNG1 PALMD,0.3346305563074253
AGTGATCTCTCGCCTA-1,Endo CLDN5 SLC7A5,0.5871829493321201
AGTGCCGAGGTTCTAC-1,Endo CLDN5 SLC7A5,0.3996277569288532
AGTGCCGGTATGGGAC-1,Endo CLDN5 SLC7A5,0.9861133679985009
AGTGCCGGTGTCTTCC-1,Endo CLDN5 SLC7A5,0.6858307646442201
AGTGTTGGTCTGTGTA-1,InN VIP FREM2,0.8927098727085407
AGTGTTGGTTGTCTAG-1,Endo CLDN5 SLC7A5,0.4020035902925506
AGTGTTGTCATGGAGG-1,Endo CLDN5 SLC7A5,0.4867324537858475
AGTTCGAAGACCCGCT-1,Astro GFAP AQP1,0.9892657099345418
AGTTCGAAGCCGAACA-1,Endo CLDN5 SLC7A5,0.9151011719619637
AGTTCGATCTATTGTC-1,Endo CLDN5 SLC7A5,0.7444090192356754
ATACCGACACTGTCGG-1,Oligo MOG OPALIN,0.3762873407331215
ATACCGACATACAGGG-1,Oligo MOG OPALIN,0.40633387783857405
ATACCGATCAGCCTTC-1,Endo CLDN5 SLC7A5,0.6336863786747233
ATACCGATCGAAGCAG-1,L2-4 CUX2 RORB CLMN,0.4812820564988159
ATACCTTAGCAAGGAA-1,Endo CLDN5 SLC7A5,0.9501479682938127
ATACCTTAGCAGTCTT-1,Endo CLDN5 SLC7A5,0.9704202433390061
ATACCTTAGCCTTTGA-1,Endo CLDN5 SLC7A5,0.9912450948573649
ATACCTTAGCGAGAAA-1,Endo CLDN5 SLC7A5,0.8311788418767939
ATACCTTAGCTGGTGA-1,Endo CLDN5 SLC7A5,0.7044080888790986
ATACTTCAGACGACGT-1,Endo CLDN5 SLC7A5,0.9356872368904924
ATACTTCAGATTTGCC-1,L2-3 CUX2 NTNG1 PALMD,0.6973421079264445
ATACTTCCAATTAGGA-1,PC P2RY14 GRM8,0.9999998766049282
ATACTTCGTGAGTAAT-1,Oligo MOG OPALIN,0.8481028546687133
ATACTTCTCAGATGCT-1,L2-3 CUX2 NTNG1 PALMD,0.934240310664413
ATAGACCAGCTATCTG-1,Endo CLDN5 SLC7A5,0.7521773462154642
ATAGACCCACAGAGCA-1,Oligo MOG OPALIN,0.9826285533354651
ATAGACCCACATACTG-1,Endo CLDN5 SLC7A5,0.955641683672072
ATAGAGAAGCTAAACA-1,Oligo MOG OPALIN,0.9428005297319881
ATAGAGAAGTTCGCAT-1,Endo CLDN5 SLC7A5,0.9851393502431137
ATAGAGAAGTTGAAAC-1,Astro AQP4 SLC1A2,0.9996621550549195
ATAGAGACACCTCAGG-1,Endo CLDN5 SLC7A5,0.7536841629860439
ATAGAGATCAACTACG-1,Endo CLDN5 SLC7A5,0.5371211421095509
ATAGAGATCAAGAGTA-1,OPC PDGFRA PCDH15,0.9999999999583098
ATAGAGATCAGCTCTC-1,Oligo MOG OPALIN,0.9640797950829941
ATAGGCTTCAGTCCGG-1,InN SST KLHL14,0.82016624187189
ATATCCTAGCTAGTTC-1,Astro GFAP FABP7,0.6579799158008238
ATATCCTGTCAGTCGC-1,Endo CLDN5 SLC7A5,0.3627620328165994
ATATCCTTCGCTAGCG-1,Endo CLDN5 SLC7A5,0.32503409473160716
ATATCCTTCGTTCCTG-1,Micro P2RY12 APBB1IP,0.3262223186047174
ATATCCTTCTCGGTCT-1,Endo CLDN5 SLC7A5,0.9701269523707465
ATCACAGAGTGACACG-1,Oligo MOG OPALIN,0.33386733440770455
ATCACAGCAATAGAGT-1,Endo CLDN5 SLC7A5,0.9948056513854908
ATCACAGGTTACGGAG-1,Endo CLDN5 SLC7A5,0.8946001428292507
ATCACAGTCATTGCTT-1,Endo CLDN5 SLC7A5,0.4581504890762097
ATCACGACACCTCTAC-1,L3-5 RORB MKX DCC,0.9999581578408395
ATCACGAGTATTCCGA-1,Oligo MOG OPALIN,0.9997526998201814
ATCACGATCCTTGAAG-1,L2-3 CUX2 NTNG1 PALMD,0.6113994446500933
ATCACTTAGGACATCG-1,Oligo MOG OPALIN,0.9999126814802098
ATCACTTGTAGGGTAC-1,Oligo MOG OPALIN,0.9999915546203598
ATCACTTTCGGTCGAC-1,Endo CLDN5 SLC7A5,0.9692065349458614
ATCAGGTAGAGAATCT-1,Endo CLDN5 SLC7A5,0.9202429861152145
ATCAGGTTCCACTTTA-1,L2-3 CUX2 NTNG1 PALMD,0.8659913432409704
ATCAGGTTCTCTTCAA-1,Astro GFAP AQP1,0.3691113051928974
ATCATTCAGTTGGAGC-1,Astro GFAP AQP1,0.37997658250732685
ATCATTCCACGTAGTT-1,Oligo MOG OPALIN,0.4934567816378954
ATCATTCTCTTAGTTC-1,Astro AQP4 SLC1A2,0.9573600396694208
ATCCACCAGAGCAACC-1,L2-3 CUX2 NTNG1 PALMD,0.7987355447752833
ATCCACCAGCAGGCAT-1,Endo CLDN5 SLC7A5,0.995286555750092
ATCCACCCAAGACTGG-1,Astro AQP4 SLC1A2,0.8366839506837951
ATCCACCGTCATCGGC-1,Oligo MOG OPALIN,0.9982081095096657
ATCCACCTCACTGCTC-1,Endo CLDN5 SLC7A5,0.9879676096459745
ATCCATTAGGAGCAAA-1,OPC PDGFRA PCDH15,0.9999999999990858
ATCCATTAGTCAGGGT-1,Endo CLDN5 SLC7A5,0.5010983590056861
ATCCCTGAGCGACAGT-1,Oligo MOG OPALIN,0.9948442420896279
ATCCGTCAGATAGTGT-1,OPC PDGFRA PCDH15,0.9960004487515273
ATCCGTCAGTAATTGG-1,InN PVALB PDE3A,0.9302420737439933
ATCCGTCGTGTCATCA-1,Endo CLDN5 SLC7A5,0.9705698619522259
ATCCTATTCCATCCGT-1,Endo CLDN5 SLC7A5,0.7219649637531942
ATCGATGGTCTGATAC-1,L2-3 CUX2 ACVR1C THSD7A,0.45814563408016246
ATCGATGTCTGCAGCG-1,Endo CLDN5 SLC7A5,0.31901375148722333
ATCGCCTCAGTAGTGG-1,Endo CLDN5 SLC7A5,0.9821019664846706
ATCGCCTGTTGGTAGG-1,Endo CLDN5 SLC7A5,0.8650823756759631
ATCGGATAGGCTTAGG-1,Endo CLDN5 SLC7A5,0.693583033888418
ATCGGATAGTCCCGAC-1,Oligo MOG OPALIN,0.5032168676824338
ATCGGATGTTCCTACC-1,Oligo MOG OPALIN,0.43961368709129817
ATCGGCGCACGTACTA-1,Endo CLDN5 SLC7A5,0.9990107759101554
ATCGTAGAGATTAGCA-1,L2-3 CUX2 NTNG1 PALMD,0.680528969492183
ATCGTAGAGCTATCCA-1,Astro AQP4 SLC1A2,0.9934800174037923
ATCGTAGGTGGTTCTA-1,L2-3 CUX2 NTNG1 PALMD,0.5217707808447806
ATCGTCCAGAAGTGTT-1,Endo CLDN5 SLC7A5,0.763674302109379
ATCGTCCAGGAGCAAA-1,L2-3 CUX2 ACVR1C THSD7A,0.9977174857462353
ATCGTCCAGTAGGGTC-1,Endo CLDN5 SLC7A5,0.9844440767972036
ATCGTCCCACCAGTTA-1,Endo CLDN5 SLC7A5,0.9671099445879665
ATCGTGACAACCAACT-1,Endo CLDN5 SLC7A5,0.9772853837908121
ATCGTGACATGTGCCG-1,Endo CLDN5 SLC7A5,0.442126007931182
ATCGTGATCTCCTGAC-1,L2-3 CUX2 NTNG1 PALMD,0.47840507826827094
ATCGTGATCTGGTGCG-1,Endo CLDN5 SLC7A5,0.965344066075744
ATCGTGATCTTCCTAA-1,Endo CLDN5 SLC7A5,0.9264191673003953
ATCTCTAAGGGCTGAT-1,L2-3 CUX2 NTNG1 PALMD,0.3213844578184661
ATCTCTAGTCCTTAAG-1,Astro GFAP FABP7,0.9976958654707612
ATCTCTATCAACCTTT-1,Endo CLDN5 SLC7A5,0.37249359174084745
ATCTTCAAGAGACAAG-1,Endo CLDN5 SLC7A5,0.9116209636781704
ATCTTCATCCGGGACT-1,Endo CLDN5 SLC7A5,0.6378400379011797
ATCTTCATCCGTCCTA-1,Oligo MOG OPALIN,0.6180964005125337
ATCTTCATCTCCAAGA-1,L2-3 CUX2 NTNG1 PALMD,0.8224680417681255
ATGAAAGAGCGTGTTT-1,Endo CLDN5 SLC7A5,0.47456306056031544
ATGAAAGAGTAACAGT-1,Endo CLDN5 SLC7A5,0.6927855505411324
ATGAAAGCAACAGCTT-1,Endo CLDN5 SLC7A5,0.4291815876227756
ATGAAAGTCGAGAAGC-1,L2-3 CUX2 NTNG1 PALMD,0.46886396870328123
ATGACCAAGTTTGGCT-1,Endo CLDN5 SLC7A5,0.4835481014074134
ATGACCACATGGAGAC-1,Oligo MOG GSN,0.673010514052028
ATGAGGGCAGCTACAT-1,Endo CLDN5 SLC7A5,0.6186122316883316
ATGAGGGCATGGTACT-1,Micro P2RY12 APBB1IP,0.9988613537654459
ATGAGGGGTACACTCA-1,Endo CLDN5 SLC7A5,0.998138323866974
ATGAGTCAGACCTTTG-1,Endo CLDN5 SLC7A5,0.380817130641524
ATGAGTCAGTCGAGGT-1,Endo CLDN5 SLC7A5,0.3262109544562842
ATGAGTCGTGAGATAT-1,Endo CLDN5 SLC7A5,0.5109012255542605
ATGATCGAGGAGGTTC-1,Oligo MOG OPALIN,0.9989145086060721
ATGATCGCAAGTGGGT-1,Endo CLDN5 SLC7A5,0.3860659808519447
ATGATCGCACTGGACC-1,Endo CLDN5 SLC7A5,0.479326265903222
ATGATCGCAGAGGCTA-1,Endo CLDN5 SLC7A5,0.6857220567646449
ATGATCGGTGGCTAGA-1,OPC PDGFRA PCDH15,0.9938427287207129
ATGATCGTCCTCACTG-1,Endo CLDN5 SLC7A5,0.8852505261054134
ATGCATGGTACGATGG-1,L2-3 CUX2 NTNG1 PALMD,0.5391601413136932
ATGCCTCCACAGTATC-1,Oligo MOG OPALIN,0.947594677268743
ATGCCTCGTCCGAAGA-1,Endo CLDN5 SLC7A5,0.8073141670478308
ATGCGATCAAGAAATC-1,Endo CLDN5 SLC7A5,0.9997844324980091
ATGCGATGTAGCGATG-1,L2-3 CUX2 NTNG1 PALMD,0.8119670677404939
ATGGAGGCATCAGCGC-1,Astro AQP4 SLC1A2,0.4409214108594268
ATGGAGGCATGAGTAA-1,Endo CLDN5 SLC7A5,0.5436886769771666
ATGGAGGTCGGCAGTC-1,Astro AQP4 SLC1A2,0.7049873819837379
ATGGATCAGAGGGTGG-1,PC P2RY14 GRM8,0.9012667342567254
ATGGATCAGCAGAAAG-1,Endo CLDN5 SLC7A5,0.4242129018894864
ATGGATCCAACGGCCT-1,L2-3 CUX2 NTNG1 PALMD,0.39682329927340754
ATGGATCCATGCGGTC-1,Endo CLDN5 SLC7A5,0.9963281937258224
ATGGATCGTCATCCGG-1,InN VIP HS3ST3B1,0.7304080071824602
ATGGGAGAGACAGCTG-1,Endo CLDN5 SLC7A5,0.4414578122829015
ATGGGAGCAATTAGGA-1,Endo CLDN5 SLC7A5,0.6674353836350021
ATGGGTTTCTGGTGCG-1,Oligo MOG OPALIN,0.9852233415485774
ATGGTTGCAACGATTC-1,Oligo MOG OPALIN,0.5958079405492532
ATGGTTGGTTTAGTCG-1,Endo CLDN5 SLC7A5,0.3050688987168732
ATGGTTGTCTGAGTCA-1,Oligo MOG OPALIN,0.997663093763076
ATGTCCCGTGACTAAA-1,Endo CLDN5 SLC7A5,0.39615698748174005
ATGTCCCGTGCAACGA-1,L2-3 CUX2 NTNG1 PALMD,0.812209726850411
ATGTCCCTCGGAATGG-1,L2-3 CUX2 NTNG1 PALMD,0.4416578594897118
ATGTCTTAGCCGCACT-1,Endo CLDN5 SLC7A5,0.9989814773015585
ATGTCTTAGGCTCTAT-1,Endo CLDN5 SLC7A5,0.3815760057227901
ATGTCTTAGGTCATTC-1,Endo CLDN5 SLC7A5,0.9925872848276587
ATGTCTTCAAACCATC-1,Endo CLDN5 SLC7A5,0.6396882136109969
ATGTCTTTCTATCACT-1,Endo CLDN5 SLC7A5,0.3682064469337483
ATTACCTAGTTGTAGA-1,Endo CLDN5 SLC7A5,0.6499786365170607
ATTACCTTCAGTAGGG-1,SMC ACTA2 CNN1,0.999931742729501
ATTACTCAGGGAGTGG-1,Endo CLDN5 SLC7A5,0.5624842140777997
ATTACTCCACCAACAT-1,Oligo MOG OPALIN,0.43143911824405795
ATTACTCGTGACTAAA-1,Oligo MOG OPALIN,0.6874585756477833
ATTATCCAGCAACTTC-1,Oligo MOG OPALIN,0.998284370974584
ATTATCCCATCGAACT-1,Endo CLDN5 SLC7A5,0.38047038168907765
ATTATCCTCATTCGTT-1,Endo CLDN5 SLC7A5,0.3823226145602657
ATTATCCTCCTAGCGG-1,L2-3 CUX2 NTNG1 PALMD,0.3747948672578453
ATTATCCTCGTCAAAC-1,L2-3 CUX2 NTNG1 PALMD,0.6986374762207883
ATTCACTAGAATACAC-1,SMC ACTA2 CNN1,0.923537781885547
ATTCACTCACGAGGTA-1,Oligo MOG OPALIN,0.38180432040444395
ATTCACTGTGAGTAGC-1,Astro GFAP FABP7,0.8600061109646526
ATTCAGGCAATCGCCG-1,InN SST THSD7B,0.999406239326847
ATTCAGGTCGAGGCAA-1,L2-3 CUX2 NTNG1 PALMD,0.3947669687797957
ATTCATCAGCCTCGTG-1,L2-3 CUX2 NTNG1 PALMD,0.8303715561479383
ATTCCATGTATCGATC-1,Endo CLDN5 SLC7A5,0.4091498653452074
ATTCCATGTCAGGTAG-1,L2-3 CUX2 NTNG1 PALMD,0.4434698699211368
ATTCCATGTCTACGTA-1,Micro P2RY12 APBB1IP,0.9997165059051523
ATTCCTAAGGTACAGC-1,L2-3 CUX2 NTNG1 PALMD,0.4732574678854418
ATTCCTATCAAGCTGT-1,Oligo MOG OPALIN,0.9999997839473971
ATTCGTTAGATGACAT-1,OPC PDGFRA PCDH15,0.9999999999999987
ATTCGTTAGGCTCACC-1,Endo CLDN5 SLC7A5,0.775780433939762
ATTCGTTCACCGTGCA-1,L2-3 CUX2 NTNG1 PLCH1,0.5134917813909426
ATTCGTTCATCGGAAG-1,OPC PDGFRA PCDH15,0.9999402500269646
ATTCTACCAAACTCGT-1,Endo CLDN5 SLC7A5,0.5160025313897761
ATTCTACGTCGGTGTC-1,L2-3 CUX2 ACVR1C THSD7A,0.47825234574904274
ATTCTTGCACGCGCTA-1,Endo CLDN5 SLC7A5,0.9908572420966212
ATTCTTGCATGTGTCA-1,Endo CLDN5 SLC7A5,0.6167789464015407
ATTGGGTCACACACTA-1,Endo CLDN5 SLC7A5,0.9737097309225402
ATTGTTCCACTTGAGT-1,Endo CLDN5 SLC7A5,0.9359525286663886
ATTGTTCGTTTCTTAC-1,Endo CLDN5 SLC7A5,0.7541091595030625
ATTTACCAGGGAACAA-1,Endo CLDN5 SLC7A5,0.988329678885128
ATTTACCAGTAGTCAA-1,L2-3 CUX2 NTNG1 COL5A2,0.8662156184688196
ATTTACCGTCACCACG-1,L2-3 CUX2 ACVR1C THSD7A,0.38314976164040593
ATTTACCGTGATAGTA-1,Endo CLDN5 SLC7A5,0.7079951236672737
ATTTCACTCGATCCCT-1,Endo CLDN5 SLC7A5,0.4790953774799919
ATTTCTGAGTATAACG-1,Oligo MOG OPALIN,0.5926524112399202
ATTTCTGGTACGGCAA-1,L2-3 CUX2 NTNG1 PALMD,0.5334511100543139
CAAAGAAAGGAGAATG-1,Micro P2RY12 APBB1IP,0.9999291295883225
CAAAGAACATCCGGCA-1,Micro P2RY12 APBB1IP,0.9931323924700831
CAAAGAACATTCATCT-1,Endo CLDN5 SLC7A5,0.48664577102747086
CAAAGAAGTATCAGGG-1,Endo CLDN5 SLC7A5,0.36108083476200153
CAACAACCACTGCATA-1,Astro GFAP AQP1,0.8148597553262014
CAACAACGTGCTCTTC-1,Oligo MOG OPALIN,0.7347809398314226
CAACAACGTGTTCAGT-1,InN ADARB2 SFRP2,0.9996606066086456
CAACAGTAGGCTCACC-1,Oligo MOG OPALIN,0.7493826051784648
CAACAGTTCATTTACC-1,Endo CLDN5 SLC7A5,0.9809376959663101
CAACCAAAGTGAGGCT-1,L2-3 CUX2 NTNG1 PALMD,0.9287940047918879
CAACCAACACCTTCGT-1,Endo CLDN5 SLC7A5,0.6254832157127563
CAACCAAGTTCCTAGA-1,Endo CLDN5 SLC7A5,0.48368374986145896
CAACCAAGTTGCTAGT-1,Endo CLDN5 SLC7A5,0.988423929716879
CAACCTCAGACCAGAC-1,Oligo MOG OPALIN,0.8038633923136181
CAACCTCAGAGAGGTA-1,Endo CLDN5 SLC7A5,0.9863877611426215
CAACCTCAGTCTCTGA-1,Endo CLDN5 SLC7A5,0.4215522312969002
CAACCTCCAATTGTGC-1,Endo CLDN5 SLC7A5,0.796039461578019
CAACCTCGTACCGGCT-1,Endo CLDN5 SLC7A5,0.6760692819384969
CAACGATAGTTGAATG-1,Endo CLDN5 SLC7A5,0.4017162572681377
CAACGATTCGTGGTAT-1,Micro P2RY12 APBB1IP,0.9978193067869935
CAACGGCCAGTCAGAG-1,Endo CLDN5 SLC7A5,0.5093516155942168
CAACGGCGTCCCACGA-1,Endo CLDN5 SLC7A5,0.9426228188838124
CAAGACTAGAGTGGCT-1,Endo CLDN5 SLC7A5,0.3977744411000585
CAAGACTCAGGCGATA-1,Endo CLDN5 SLC7A5,0.4243506843841675
CAAGACTGTCAAAGTA-1,Oligo MOG OPALIN,0.4087556082840746
CAAGACTGTCTATGAC-1,Endo CLDN5 SLC7A5,0.6306848243947903
CAAGACTTCAGAGTTC-1,Astro AQP4 SLC1A2,0.7720604927718874
CAAGACTTCCTTGACC-1,OPC PDGFRA PCDH15,0.39909653293641567
CAAGAGGAGAAAGCGA-1,Endo CLDN5 SLC7A5,0.3465025972623419
CAAGAGGCAATGTCTG-1,Endo CLDN5 SLC7A5,0.9550222651175055
CAAGAGGGTTAATGAG-1,L2-3 CUX2 NTNG1 PALMD,0.5301123593587695
CAAGAGGTCGGATAAA-1,Endo CLDN5 SLC7A5,0.9746571335332944
CAAGCTACACGGAAGT-1,Endo CLDN5 SLC7A5,0.7592204444075396
CAAGCTACATCGTGGC-1,Oligo MOG OPALIN,0.46224080388711264
CAAGCTAGTACCTAGT-1,Endo CLDN5 SLC7A5,0.5543000065560648
CAAGCTAGTCGAGTTT-1,Endo CLDN5 SLC7A5,0.9940759461144018
CAAGGGACACACACGC-1,Oligo MOG OPALIN,0.9940363799761369
CAAGGGACATCTGTTT-1,Endo CLDN5 SLC7A5,0.7827199408064126
CAAGGGAGTACCTGTA-1,Endo CLDN5 SLC7A5,0.8062128850210198
CAAGGGAGTTCACCGG-1,Oligo MOG OPALIN,0.31061685305672004
CAAGGGATCTTCCCAG-1,Endo CLDN5 SLC7A5,0.30719548675245395
CAATACGGTAAGGTCG-1,Endo CLDN5 SLC7A5,0.92608582063975
CAATACGTCGAGTGGA-1,PC P2RY14 GRM8,0.9996875573544075
CAATCGACATGCACTA-1,Endo CLDN5 SLC7A5,0.9627945445917887
CAATCGAGTATGAAAC-1,L2-3 CUX2 NTNG1 COL5A2,0.35938927388201763
CAATCGAGTCCGTTTC-1,Endo CLDN5 SLC7A5,0.43997252581248697
CAATCGATCCTACAAG-1,Endo CLDN5 SLC7A5,0.6207359357470239
CAATGACAGGTGGCTA-1,Endo CLDN5 SLC7A5,0.9221723652676673
CAATGACGTGGCACTC-1,Oligo MOG GSN,0.8892034918436182
CAATTTCAGCTTCTAG-1,Endo CLDN5 SLC7A5,0.9753682897940134
CAATTTCCATGTACGT-1,Endo CLDN5 SLC7A5,0.4185524152639233
CAATTTCGTCGGAAAC-1,L2-3 CUX2 ACVR1C THSD7A,0.6413333298061142
CAATTTCGTCGTTTCC-1,Endo CLDN5 SLC7A5,0.6570492618287979
CAATTTCTCAGCGCAC-1,OPC PDGFRA PCDH15,0.999999999997983
CACAACAAGACCACGA-1,Micro P2RY12 APBB1IP,0.9985601932337738
CACAACAAGTGCCAGA-1,Endo CLDN5 SLC7A5,0.329602377414984
CACACAACACCCTAGG-1,L2-3 CUX2 ACVR1C THSD7A,0.919516899464834
CACACAAGTCCCACGA-1,L2-3 CUX2 ACVR1C THSD7A,0.9719474122757695
CACACAAGTCCTTTGC-1,L3-5 RORB GABRG1 KCNH7,0.4618837341955619
CACACAATCGTGGGAA-1,Endo CLDN5 SLC7A5,0.9951946570031843
CACAGATCACTCATAG-1,Endo CLDN5 SLC7A5,0.38896497726196494
CACAGATCAGTCTGGC-1,InN SST HTR2C,0.38172225023954576
CACAGATGTCGGTACC-1,Oligo MOG OPALIN,0.9999899472195053
CACAGATGTTTAAGGA-1,L2-3 CUX2 NTNG1 COL5A2,0.44512050841296863
CACAGGCTCGTGGGAA-1,L2-3 CUX2 ACVR1C THSD7A,0.9997714543629238
CACATGAGTACTCCCT-1,Endo CLDN5 SLC7A5,0.9991663302086563
CACATGAGTAGGCAGT-1,Endo CLDN5 SLC7A5,0.848747982182995
CACATGAGTGACACAG-1,L2-3 CUX2 NTNG1 PALMD,0.7697536265734325
CACCAAAAGGTCCCTG-1,L2-3 CUX2 NTNG1 PALMD,0.9420469845316954
CACCAAACAGAATCGG-1,Endo CLDN5 SLC7A5,0.9996881920387793
CACCAAAGTGATGAAT-1,Oligo MOG OPALIN,0.9996824919288763
CACCAAATCGAGTTGT-1,Endo CLDN5 SLC7A5,0.8654460509899214
CACCGTTAGTTGCTCA-1,OPC PDGFRA PCDH15,0.9999999999806413
CACCGTTGTATTTCCT-1,Endo CLDN5 SLC7A5,0.33426115701349385
CACGAATAGCTAGTTC-1,Endo CLDN5 SLC7A5,0.9989780457995485
CACGAATGTAAGCGGT-1,L2-3 CUX2 NTNG1 PALMD,0.7698651222167748
CACGAATGTCCGAAGA-1,Oligo MOG OPALIN,0.5687306832746764
CACGAATTCCAACTAG-1,L2-3 CUX2 NTNG1 PALMD,0.9862450464747381
CACGGGTTCTCCGAAA-1,Endo CLDN5 SLC7A5,0.3129528492185645
CACGTGGAGCATCAAA-1,Endo CLDN5 SLC7A5,0.6229821997474461
CACGTGGAGCTTAGTC-1,Endo CLDN5 SLC7A5,0.9919227338507027
CACGTGGGTCGTCGGT-1,Endo CLDN5 SLC7A5,0.8373148709463462
CACGTGGTCAACACGT-1,Endo CLDN5 SLC7A5,0.9487232953653519
CACGTGGTCTCTGCTG-1,Endo CLDN5 SLC7A5,0.3118232268760042
CACGTTCCAATACCCA-1,Oligo MOG OPALIN,0.44736745620018803
CACTAAGAGTCTGGAG-1,Endo CLDN5 SLC7A5,0.6333082558695163
CACTAAGCATGCACTA-1,L2-3 CUX2 ACVR1C THSD7A,0.6172724171105541
CACTAAGGTCGAGATG-1,Astro AQP4 SLC1A2,0.9495550862235953
CACTAAGTCACGATCA-1,Endo CLDN5 SLC7A5,0.37713923659548915
CACTGGGCAATTTCGG-1,Endo CLDN5 SLC7A5,0.34819980312889237
CACTGGGGTCTACAAC-1,L6 OPRK1 THEMIS RGS6,0.999387525368911
CACTGTCGTATCATGC-1,Endo CLDN5 SLC7A5,0.6769853480876148
CACTTCGCAGTCGGTC-1,Endo CLDN5 SLC7A5,0.9826448949581178
CAGAGCCAGAACTCCT-1,Endo CLDN5 SLC7A5,0.7972361473619053
CAGAGCCAGCAGAAAG-1,L2-3 CUX2 NTNG1 PALMD,0.8017565770768941
CAGAGCCTCGCTGCGA-1,Endo CLDN5 SLC7A5,0.4287985756894628
CAGATACAGGTACAGC-1,Endo CLDN5 SLC7A5,0.4820557450625046
CAGATACTCGGCACTG-1,Endo CLDN5 SLC7A5,0.9958994012270898
CAGATCACAGGCACAA-1,Endo CLDN5 SLC7A5,0.4040355025708859
CAGATCAGTCTGTGCG-1,Endo CLDN5 SLC7A5,0.3096568924307041
CAGATCATCACCTCTG-1,Endo CLDN5 SLC7A5,0.3672078494970415
CAGATTGCAGGGATAC-1,Endo CLDN5 SLC7A5,0.776260149362212
CAGCACGCACCGGTCA-1,L2-3 CUX2 NTNG1 PALMD,0.40323415287688325
CAGCACGTCAACCCGG-1,Endo CLDN5 SLC7A5,0.9063121127544589
CAGCAGCCAACCGTGC-1,Endo CLDN5 SLC7A5,0.8892657338313488
CAGCAGCCACTCTGCT-1,Endo CLDN5 SLC7A5,0.8699050517470256
CAGCAGCGTAGATGTA-1,Endo CLDN5 SLC7A5,0.6683944222703477
CAGCAGCGTGATACTC-1,Endo CLDN5 SLC7A5,0.9917111199611138
CAGCCAGGTCTGCATA-1,Endo CLDN5 SLC7A5,0.95622008436789
CAGCCAGTCCGAGGCT-1,Endo CLDN5 SLC7A5,0.8082798050279595
CAGCGTGCAAGATTGA-1,InN VIP CLSTN2,0.4377122435562407
CAGCGTGGTACGTAGG-1,Endo CLDN5 SLC7A5,0.697451408127127
CAGCGTGTCAGCAGAG-1,Endo CLDN5 SLC7A5,0.995843888969586
CAGCGTGTCGTCAACA-1,Endo CLDN5 SLC7A5,0.3516354811061907
CAGGCCAAGGTTCACT-1,Endo CLDN5 SLC7A5,0.8129012284468665
CAGGGCTAGAGGTCAC-1,Endo CLDN5 SLC7A5,0.9316322824365886
CAGGGCTCACGGTGTC-1,Endo CLDN5 SLC7A5,0.6552011737362275
CAGGGCTTCGGTGTAT-1,L2-3 CUX2 NTNG1 PALMD,0.41200188074800687
CAGGTATCAGTGAGCA-1,Endo CLDN5 SLC7A5,0.853161646427766
CAGGTATGTCACTACA-1,L2-3 CUX2 NTNG1 PALMD,0.7917393064125725
CAGGTATTCGTGCTCT-1,Micro P2RY12 APBB1IP,0.7603335375466012
CAGTGCGAGTCGTTAC-1,L2-3 CUX2 NTNG1 PALMD,0.6887218199720592
CAGTGCGGTGGTTTGT-1,Endo CLDN5 SLC7A5,0.315530306901973
CAGTGCGGTTCGTAAC-1,Endo CLDN5 SLC7A5,0.9408995125047617
CAGTTAGCAAATGCTC-1,Endo CLDN5 SLC7A5,0.33181252934137884
CAGTTAGTCGTGTGGC-1,Oligo MOG OPALIN,0.6164264495969488
CAGTTCCAGAGAGCAA-1,Endo CLDN5 SLC7A5,0.9586023831814151
CAGTTCCCAGTTAGAA-1,Endo CLDN5 SLC7A5,0.8240623552143745
CAGTTCCGTCCAGCCA-1,Endo CLDN5 SLC7A5,0.37916724425600323
CATAAGCGTAACCAGG-1,L2-3 CUX2 NTNG1 PALMD,0.6798894020114227
CATAAGCGTCTTCATT-1,Endo CLDN5 SLC7A5,0.7364502272763056
CATACAGCAGCATTGT-1,Endo CLDN5 SLC7A5,0.39764634876053806
CATACAGGTAGTTACC-1,Endo CLDN5 SLC7A5,0.9985685457263265
CATACCCAGTAACGTA-1,L2-3 CUX2 NTNG1 PALMD,0.9584401701798075
CATACCCAGTTCAACC-1,Endo CLDN5 SLC7A5,0.69925519350247
CATACCCCACGACGTC-1,L2-3 CUX2 ACVR1C THSD7A,0.8069729252422648
CATACCCGTGAGTGAC-1,Endo CLDN5 SLC7A5,0.8882383626568284
CATACCCTCGTTGTGA-1,Endo CLDN5 SLC7A5,0.9937879812861075
CATACTTCAGATTTCG-1,Astro GFAP FABP7,0.999883207614887
CATACTTCATCACCAA-1,Endo CLDN5 SLC7A5,0.31365971232725665
CATAGACAGGCGCTTC-1,Endo CLDN5 SLC7A5,0.9468376013083243
CATAGACCAAACAGGC-1,Endo CLDN5 SLC7A5,0.9750793031044952
CATAGACCACAACGAG-1,Endo CLDN5 SLC7A5,0.9991707425625266
CATAGACCAGACGATG-1,InN SST THSD7B,0.9998067419999435
CATCAAGAGACGACTG-1,Endo CLDN5 SLC7A5,0.9698574531836721
CATCAAGTCGTCGCTT-1,Endo CLDN5 SLC7A5,0.9817499214206225
CATCCACCAATTCTCT-1,Oligo MOG OPALIN,0.9631840939914569
CATCCACCAGCGACCT-1,Endo CLDN5 SLC7A5,0.9751744079343146
CATCCACTCCATAGGT-1,L2-3 CUX2 NTNG1 PALMD,0.4129439185582582
CATCCACTCTTGGGCG-1,Endo CLDN5 SLC7A5,0.6504488257418107
CATCCCAAGTGCACTT-1,Endo CLDN5 SLC7A5,0.9944182504989573
CATCCCACAACATCGT-1,Endo CLDN5 SLC7A5,0.9707264509340475
CATCCCATCAGTCCGG-1,L3-5 RORB TNNT2 TSHZ2,0.8620761301780253
CATCCGTGTCTTACAG-1,L2-3 CUX2 NTNG1 PALMD,0.5783897781770917
CATCCGTGTTCTCTAT-1,L2-3 CUX2 ACVR1C THSD7A,0.999192340588711
CATCGCTGTGGGAGAG-1,Oligo MOG OPALIN,0.9991815071511949
CATCGCTGTTTACTGG-1,L2-3 CUX2 ACVR1C THSD7A,0.784710976370392
CATCGGGAGATGGGCT-1,Oligo MOG OPALIN,0.30165522075187046
CATCGGGAGGAATTAC-1,Endo CLDN5 SLC7A5,0.46263772835926026
CATCGGGGTGTAGGAC-1,Endo CLDN5 SLC7A5,0.9127168280640904
CATCGGGTCCCGAGTG-1,Oligo MOG OPALIN,0.3953868333106642
CATCGTCAGCGATCGA-1,Endo CLDN5 SLC7A5,0.8562163276717543
CATCGTCAGTATGGCG-1,VLMC COL1A2 VLMCA8,0.9987984596604504
CATCGTCCAGCGTGCT-1,Endo CLDN5 SLC7A5,0.4328280216564573
CATCGTCCAGGAACCA-1,Endo CLDN5 SLC7A5,0.9880811954858751
CATCGTCGTTGCATTG-1,Endo CLDN5 SLC7A5,0.9425868094982959
CATCGTCGTTTGACAC-1,Oligo MOG OPALIN,0.9458245424369932
CATGAGTCAGCAATTC-1,Endo CLDN5 SLC7A5,0.9951150525257457
CATGCAAAGCAATAGT-1,InN ADARB2 CADPS2,0.48199741708098615
CATGCAAAGCTTTCTT-1,Endo CLDN5 SLC7A5,0.48498123209782623
CATGCAAAGTCCCAAT-1,Endo CLDN5 SLC7A5,0.6281673338525703
CATGCAAAGTCGAGGT-1,Endo CLDN5 SLC7A5,0.9727798245120377
CATGCAACAAATAAGC-1,Endo CLDN5 SLC7A5,0.7008147330424876
CATGCAAGTATGCTAC-1,Endo CLDN5 SLC7A5,0.9495246637299133
CATGCAAGTGATACAA-1,Endo CLDN5 SLC7A5,0.8802670241524664
CATGCCTAGTAATACG-1,InN PVALB ANOS1,0.8025116343362569
CATGCCTTCTCCGAGG-1,Endo CLDN5 SLC7A5,0.8483052371948276
CATGCGGAGTAGCATA-1,Endo CLDN5 SLC7A5,0.36448166929187054
CATGCGGCAAACACGG-1,L2-3 CUX2 NTNG1 PALMD,0.5585315120680071
CATGCGGTCAGCCTTC-1,Endo CLDN5 SLC7A5,0.7443291922189692
CATGCTCGTTGGCCGT-1,Astro GFAP FABP7,0.9109391707750573
CATGGATAGCACTCAT-1,L2-3 CUX2 NTNG1 PALMD,0.8817934812597982
CATGGTAAGTCCTGTA-1,L2-3 CUX2 NTNG1 PALMD,0.8143819345452583
CATGGTAAGTTGCGAG-1,Endo CLDN5 SLC7A5,0.346474958161141
CATTCATAGAGCAACC-1,L2-3 CUX2 NTNG1 PALMD,0.49107758543863395
CATTCATAGCACCCAC-1,L2-3 CUX2 NTNG1 PALMD,0.9141791620711878
CATTCATAGCGTGTTT-1,Endo CLDN5 SLC7A5,0.7927086476030761
CATTCATAGTATGAAC-1,Astro GFAP AQP1,0.5109998557014082
CATTCATGTCGGTACC-1,Endo CLDN5 SLC7A5,0.7651761578342806
CATTGAGGTCACCGCA-1,Astro GFAP FABP7,0.9250616367452191
CATTGAGGTGTGTCGC-1,L2-3 CUX2 NTNG1 PALMD,0.48207639655394574
CATTGAGGTGTTTCTT-1,Oligo MOG OPALIN,0.4648267420623861
CATTGAGTCTGGACCG-1,L2-3 CUX2 ACVR1C INHBA,0.33215089465194964
CATTGCCAGAACTGAT-1,Endo CLDN5 SLC7A5,0.9110922713870233
CATTGCCAGGGATCTG-1,Endo CLDN5 SLC7A5,0.9338831472199782
CATTGCCAGTTTGCTG-1,L2-3 CUX2 ACVR1C THSD7A,0.34439738241175455
CATTGTTAGTTCCATG-1,Endo CLDN5 SLC7A5,0.9703064962259119
CATTGTTTCCTATTTG-1,Oligo MOG OPALIN,0.8024751742640347
CATTTCAAGGACGGAG-1,Oligo MOG OPALIN,0.8727138738879987
CATTTCAGTATGGTTC-1,Oligo MOG OPALIN,0.9995075925125864
CATTTCAGTCGACTGC-1,Oligo MOG OPALIN,0.9974420458627201
CATTTCATCCCTCTAG-1,Endo CLDN5 SLC7A5,0.949573984161117
CATTTCATCTGGGCGT-1,L2-3 CUX2 NTNG1 PALMD,0.8741294598781966
CCAAGCGGTTCGTTCC-1,Endo CLDN5 SLC7A5,0.36388736222441964
CCAAGCGTCGCAATGT-1,L2-3 CUX2 NTNG1 PALMD,0.5379299467527815
CCAATGACACACTTAG-1,Endo CLDN5 SLC7A5,0.4468793395515139
CCAATGAGTATGTGTC-1,Endo CLDN5 SLC7A5,0.8133803311232873
CCAATGAGTGGTCTGC-1,Oligo MOG OPALIN,0.9999971867727538
CCAATGATCTTGCGCT-1,Oligo MOG OPALIN,0.40897718271349603
CCAATTTTCTCTCCGA-1,Oligo MOG OPALIN,0.37229904890708587
CCACAAATCTTAGCAG-1,Oligo MOG OPALIN,0.5558485580781749
CCACACTAGCAGTAAT-1,L2-3 CUX2 NTNG1 PALMD,0.6118486047332098
CCACACTCAGATACCT-1,Endo CLDN5 SLC7A5,0.5216069853427261
CCACACTTCGATGCTA-1,Endo CLDN5 SLC7A5,0.37053181675221203
CCACACTTCGGACTGC-1,Endo CLDN5 SLC7A5,0.33735441445433517
CCACCATCATCGGAAG-1,Oligo MOG OPALIN,0.44746458087703367
CCACCATTCACCATAG-1,L2-3 CUX2 ACVR1C THSD7A,0.31368901510426955
CCACGAGGTGCATTAC-1,InN VIP EGF,0.478582346189245
CCACGTTCAGAACTAA-1,L2-3 CUX2 NTNG1 PALMD,0.7889835778081616
CCACGTTGTGTCTTCC-1,Endo CLDN5 SLC7A5,0.694932897656663
CCACTTGTCCTCTAGC-1,Endo CLDN5 SLC7A5,0.3471895341716288
CCACTTGTCTTGATTC-1,Endo CLDN5 SLC7A5,0.9814732305970552
CCATAAGCACAGCCAC-1,OPC PDGFRA PCDH15,0.9999999939330373
CCATAAGCACGGGCTT-1,Oligo MOG OPALIN,0.9998362793163729
CCATAAGTCCGAGGCT-1,L2-3 CUX2 NTNG1 PALMD,0.4719867148139579
CCATCACCACGTGAGA-1,Endo CLDN5 SLC7A5,0.7013340170474207
CCATCACGTGGACCAA-1,Endo CLDN5 SLC7A5,0.9849552365769728
CCATCACTCAGTCTTT-1,Micro P2RY12 APBB1IP,0.3416719257944596
CCCAACTAGACTCTTG-1,Endo CLDN5 SLC7A5,0.42883288231153677
CCCAACTGTCCATAGT-1,L2-3 CUX2 ACVR1C THSD7A,0.3001517123521957
CCCAACTTCTGCCTGT-1,Endo CLDN5 SLC7A5,0.4509321677205523
CCCATTGGTGCTAGCC-1,Endo CLDN5 SLC7A5,0.3060024337523148
CCCATTGTCGACTCCT-1,Endo CLDN5 SLC7A5,0.4250684494952705
CCCGGAACACGGCCAT-1,InN SST STK32A,0.9994033502034552
CCCGGAAGTCAAGTTC-1,Micro P2RY12 CCL3,0.9998758691345234
CCCGGAAGTCTAATCG-1,Endo CLDN5 SLC7A5,0.989684705835093
CCCGGAAGTGTGGACA-1,Oligo MOG OPALIN,0.7427346713837069
CCCGGAATCAACCCGG-1,Endo CLDN5 SLC7A5,0.9942196517029417
CCCGGAATCCACACCT-1,L2-3 CUX2 NTNG1 PALMD,0.5511539793071533
CCCGGAATCCACGAAT-1,Endo CLDN5 SLC7A5,0.9147693407532149
CCCGGAATCCCATGGG-1,OPC PDGFRA PCDH15,0.9958891670449136
CCCGGAATCGTGGCGT-1,L2-3 CUX2 NTNG1 PALMD,0.8819582555080122
CCCTAACTCCATTGTT-1,Endo CLDN5 SLC7A5,0.9986977947800845
CCCTCAACATCAGTGT-1,Endo CLDN5 SLC7A5,0.9957795461591772
CCCTCAAGTAAGTAGT-1,Micro P2RY12 APBB1IP,0.5551998257810051
CCCTCAAGTTACGATC-1,Endo CLDN5 SLC7A5,0.9754477266844666
CCCTCTCCAAGGTCTT-1,Astro GFAP FABP7,0.5656096540276366
CCCTCTCGTTGGGTTT-1,Endo CLDN5 SLC7A5,0.36952384771026126
CCCTCTCTCCACTTCG-1,Oligo MOG OPALIN,0.9895772948729123
CCCTGATAGACCATTC-1,Endo CLDN5 SLC7A5,0.46326110076481153
CCCTGATAGAGATCGC-1,Endo CLDN5 SLC7A5,0.8637577279268319
CCCTGATCAGATACTC-1,Endo CLDN5 SLC7A5,0.6058148704065163
CCCTGATGTCAGTCTA-1,Micro P2RY12 APBB1IP,0.6425813227865391
CCCTTAGGTCATCCCT-1,Astro GFAP AQP1,0.3326848456021805
CCGAACGCAGGCCTGT-1,PC P2RY14 GRM8,0.9997540450406737
CCGAACGGTAGCTGTT-1,L2-3 CUX2 ACVR1C THSD7A,0.5004433599661036
CCGATCTAGTACGTCT-1,SMC ACTA2 CNN1,0.997272716004205
CCGATCTCAACTCCCT-1,Astro AQP4 SLC1A2,0.3587456300787666
CCGATCTCATACTTTC-1,Endo CLDN5 SLC7A5,0.9098233114627862
CCGATCTTCAAGGACG-1,Endo CLDN5 SLC7A5,0.7082390996874005
CCGATGGTCACGGGCT-1,Oligo MOG OPALIN,0.8129620645340659
CCGCAAGCATTGGGAG-1,Endo CLDN5 SLC7A5,0.9441109274782714
CCGGACAAGGACAAGA-1,Endo CLDN5 SLC7A5,0.6123504640403724
CCGGACACAATCGAAA-1,L2-3 CUX2 NTNG1 PALMD,0.4040827959587232
CCGGACATCCTACAAG-1,Endo CLDN5 SLC7A5,0.5057346226662729
CCGGGTATCCTCCACA-1,Endo CLDN5 SLC7A5,0.9978587796252449
CCGGGTATCTTGCAAG-1,L6 OPRK1 SMYD1 KCND2,0.37724866895133724
CCGGTAGAGATGCAGC-1,InN PVALB HPSE,0.9997064933710664
CCGGTAGCAATAGTGA-1,Micro P2RY12 APBB1IP,0.9916574482217835
CCGGTAGCATAGGTTC-1,Endo CLDN5 SLC7A5,0.786394072043676
CCGGTAGTCCAAGGGA-1,L2-3 CUX2 NTNG1 PALMD,0.5983073933702129
CCGGTGACACTGGATT-1,Endo CLDN5 SLC7A5,0.39973079221812213
CCGGTGACAGCTGTTA-1,L2-3 CUX2 NTNG1 COL5A2,0.33315515911883015
CCGGTGAGTCATCCCT-1,Endo CLDN5 SLC7A5,0.7547364014038732
CCGTAGGAGGGTACAC-1,Endo CLDN5 SLC7A5,0.41264495531998713
CCGTGAGCAAATACGA-1,Endo CLDN5 SLC7A5,0.6940710988723124
CCGTGAGGTTCTTGCC-1,Oligo MOG OPALIN,0.9740306632209383
CCGTGAGTCGAATCCA-1,L2-3 CUX2 NTNG1 PALMD,0.761533195046958
CCGTTCAGTTCGAGCC-1,Endo CLDN5 SLC7A5,0.6967074938868018
CCGTTCATCCACAAGT-1,Endo CLDN5 SLC7A5,0.8259768998344198
CCGTTCATCCCTGGTT-1,Oligo MOG OPALIN,0.9494168106042968
CCTAACCAGCATTTCG-1,Endo CLDN5 SLC7A5,0.5607660601255506
CCTAAGATCGGCTGGT-1,L2-3 CUX2 NTNG1 PALMD,0.31873199055386175
CCTAAGATCGTGGCGT-1,Endo CLDN5 SLC7A5,0.36855836149003457
CCTACGTCAGATTAAG-1,Oligo MOG OPALIN,0.30224293327260227
CCTACGTGTGGATGAC-1,Endo CLDN5 SLC7A5,0.9986802859065956
CCTATCGCAAGTAGTA-1,Endo CLDN5 SLC7A5,0.8814844906240852
CCTATCGCAAGTGCAG-1,Oligo MOG OPALIN,0.9999864623577783
CCTATCGGTGGTTCTA-1,Oligo MOG OPALIN,0.9075738376848556
CCTATCGGTTGTCAGT-1,Oligo MOG OPALIN,0.9999561687013223
CCTATCGTCGGTGCAC-1,Endo CLDN5 SLC7A5,0.3202802316034483
CCTATCGTCTGAGCAT-1,Oligo MOG OPALIN,0.5761206123694818
CCTCAACAGCCACTCG-1,Oligo MOG OPALIN,0.4354717450551645
CCTCACAGTAGACGTG-1,Endo CLDN5 SLC7A5,0.3410939886883825
CCTCACATCGACTCCT-1,Endo CLDN5 SLC7A5,0.5991947041743367
CCTCAGTAGATACCAA-1,Endo CLDN5 SLC7A5,0.5417868554226597
CCTCAGTCAAACTCGT-1,L2-3 CUX2 NTNG1 PALMD,0.7607492602623566
CCTCAGTCACGCCACA-1,Endo CLDN5 SLC7A5,0.45142832690164264
CCTCATGAGGATACAT-1,InN ADARB2 COL5A2,0.9617349617849494
CCTCATGAGTACTGTC-1,Endo CLDN5 SLC7A5,0.34347271165085175
CCTCATGCAATCACGT-1,Endo CLDN5 SLC7A5,0.8811449279218296
CCTCATGGTCCCGCAA-1,Endo CLDN5 SLC7A5,0.9956857545912381
CCTCATGTCAAACGAA-1,L2-3 CUX2 NTNG1 PALMD,0.48998079978583725
CCTCCAAAGCTCCCTT-1,L2-3 CUX2 NTNG1 PALMD,0.4930374709515414
CCTCCAACAATCACGT-1,Oligo MOG OPALIN,0.999995778766553
CCTCCAACAATGAGCG-1,Endo CLDN5 SLC7A5,0.4153885626527846
CCTCCTCAGGGAGATA-1,Endo CLDN5 SLC7A5,0.8225726729443287
CCTCCTCAGTTGGCTT-1,PC P2RY14 GRM8,0.9583416939450717
CCTCCTCGTTGCTAGT-1,Oligo MOG OPALIN,0.8523369213942104
CCTCTAGAGCGCCTAC-1,L2-3 CUX2 NTNG1 PALMD,0.5890368621881107
CCTCTCCAGCTCATAC-1,Endo CLDN5 SLC7A5,0.4216837709388487
CCTCTCCCATAATGCC-1,L2-3 CUX2 ACVR1C THSD7A,0.9941876594532293
CCTCTCCCATGGGCAA-1,Endo CLDN5 SLC7A5,0.9136039456436127
CCTCTCCTCACAGAGG-1,Endo CLDN5 SLC7A5,0.9995410328640948
CCTCTCCTCGCTGCGA-1,Endo CLDN5 SLC7A5,0.9867669742366743
CCTCTCCTCGGTCTAA-1,Endo CLDN5 SLC7A5,0.8474245953279425
CCTGCATAGACTGGGT-1,Endo CLDN5 SLC7A5,0.5884834991232168
CCTGCATAGCCATATC-1,Endo CLDN5 SLC7A5,0.6581444403084754
CCTGCATTCACATACG-1,Endo CLDN5 SLC7A5,0.5492440833272728
CCTGTTGCAGGCTACC-1,Oligo MOG OPALIN,0.9987185071316128
CCTGTTGCATATCTGG-1,Endo CLDN5 SLC7A5,0.8780838580485607
CCTGTTGTCAACCTTT-1,Endo CLDN5 SLC7A5,0.4529825410998745
CCTGTTGTCCCAGGAC-1,Endo CLDN5 SLC7A5,0.9649621196405996
CCTGTTGTCGAACCTA-1,Endo CLDN5 SLC7A5,0.30776648180685523
CCTGTTGTCTGAGAAA-1,Endo CLDN5 SLC7A5,0.30654843335559395
CCTTCAGCACTGAGTT-1,Endo CLDN5 SLC7A5,0.48761905309472664
CCTTCAGTCCGTGGCA-1,L2-3 CUX2 NTNG1 PALMD,0.42205161181357176
CCTTGTGAGCCATCCG-1,Endo CLDN5 SLC7A5,0.3474686143207048
CCTTGTGAGGCGAAGG-1,Endo CLDN5 SLC7A5,0.6733166372581428
CCTTGTGCATCCGCGA-1,Endo CLDN5 SLC7A5,0.6102751166425936
CCTTTGGAGACTGTTC-1,InN SST THSD7B,0.997319471949716
CCTTTGGCAAATGCTC-1,L2-3 CUX2 ACVR1C THSD7A,0.8248674955816916
CCTTTGGCACTCTCGT-1,Endo CLDN5 SLC7A5,0.7347092899363931
CCTTTGGCAGCCCAGT-1,OPC PDGFRA PCDH15,0.4569234217336529
CCTTTGGCAGCTGTAT-1,InN SST FREM1,0.9536461259482317
CCTTTGGCATGAGATA-1,Endo CLDN5 SLC7A5,0.4074128102306562
CGAAGGAAGGTCACAG-1,L2-3 CUX2 NTNG1 PALMD,0.518246662005435
CGAAGGACAGCGCTTG-1,Endo CLDN5 SLC7A5,0.8987171007310971
CGAAGGACAGCGTTTA-1,Endo CLDN5 SLC7A5,0.5991586418494598
CGAAGTTCATAAGATG-1,Astro GFAP FABP7,0.34717868882023467
CGAAGTTCATTCTCCG-1,Endo CLDN5 SLC7A5,0.9528524248516036
CGAAGTTGTCACCCTT-1,Endo CLDN5 SLC7A5,0.652019850156904
CGAATTGAGAAATGGG-1,OPC PDGFRA PCDH15,0.6615351211934798
CGAATTGAGGGAACAA-1,Endo CLDN5 SLC7A5,0.5089660762668903
CGACAGCAGTCAGCCC-1,Endo CLDN5 SLC7A5,0.9797247323789748
CGACAGCTCATTTGCT-1,Endo CLDN5 SLC7A5,0.7798860812339952
CGACAGCTCGACATAC-1,Endo CLDN5 SLC7A5,0.41632243422955606
CGAGAAGCAGCAGTGA-1,InN PVALB PIEZO2,0.9974207614700383
CGAGAAGCAGGCTATT-1,Endo CLDN5 SLC7A5,0.6540656498461636
CGAGAAGGTGGTATGG-1,Endo CLDN5 SLC7A5,0.7590921507314943
CGAGGAAAGTCTGTAC-1,Endo CLDN5 SLC7A5,0.4295958849733793
CGAGGAACAGAGTGTG-1,L2-3 CUX2 ACVR1C THSD7A,0.8583295263041603
CGAGGAATCACTTGTT-1,Endo CLDN5 SLC7A5,0.96913263273533
CGAGGCTTCACTCGAA-1,Endo CLDN5 SLC7A5,0.7559044706246955
CGAGGCTTCCAAGCTA-1,L2-3 CUX2 NTNG1 PALMD,0.3132007835126553
CGAGTTAAGAACTGAT-1,Endo CLDN5 SLC7A5,0.3659432009687486
CGAGTTAGTAGTGCGA-1,Endo CLDN5 SLC7A5,0.9961724443100867
CGAGTTATCGTCAGAT-1,Endo CLDN5 SLC7A5,0.4131471369700721
CGAGTTATCTTTCTAG-1,Oligo MOG OPALIN,0.9999705816320207
CGATCGGAGAATAGTC-1,Endo CLDN5 SLC7A5,0.727432777989971
CGATCGGGTCAAGCGA-1,L2-3 CUX2 ACVR1C THSD7A,0.6560156671144491
CGATCGGGTGTGGTCC-1,Endo CLDN5 SLC7A5,0.9890985472669857
CGATCGGTCTCAAAGC-1,Endo CLDN5 SLC7A5,0.5561546738455236
CGATGCGAGACCCGCT-1,Endo CLDN5 SLC7A5,0.9949843161585394
CGATGCGAGAGTGAAG-1,Endo CLDN5 SLC7A5,0.9543538181352713
CGATGCGCAATCGCGC-1,Endo CLDN5 SLC7A5,0.8483731321959523
CGATGCGCACCTGCGA-1,Endo CLDN5 SLC7A5,0.41583124470249405
CGATGCGGTTCGGACC-1,Astro AQP4 SLC1A2,0.9999994514186784
CGATGCGGTTGATGTC-1,Endo CLDN5 SLC7A5,0.8902111349180554
CGATGCGGTTGCCATA-1,Oligo MOG OPALIN,0.3918949412095117
CGATGGCAGTTAGTGA-1,Endo CLDN5 SLC7A5,0.6501986385744722
CGATGGCTCCTATGGA-1,L2-3 CUX2 NTNG1 PALMD,0.7185274650901573
CGCAGGTAGCTGTTCA-1,Endo CLDN5 SLC7A5,0.6321969251655333
CGCAGGTCACCAGTTA-1,Endo CLDN5 SLC7A5,0.9546823147222739
CGCAGGTTCGACACTA-1,Endo CLDN5 SLC7A5,0.7085401704696125
CGCATAACAAGTTCCA-1,Endo CLDN5 SLC7A5,0.9753830360953926
CGCATAACATCCTGTC-1,Oligo MOG OPALIN,0.9947650310024471
CGCATAATCACACGAT-1,Endo CLDN5 SLC7A5,0.4545360469827854
CGCATAATCGAGTGAG-1,Astro AQP4 SLC1A2,0.9758252852627474
CGCATGGAGTTCATGC-1,OPC PDGFRA PCDH15,0.9999999986677275
CGCATGGTCGATACTG-1,Endo CLDN5 SLC7A5,0.972455084029931
CGCCAGAAGAGCTGCA-1,Oligo MOG OPALIN,0.9999955051168901
CGCCAGACACCTCGTT-1,Endo CLDN5 SLC7A5,0.9989480378213703
CGCCAGATCGAGCCTG-1,Endo CLDN5 SLC7A5,0.9555264792606799
CGCCATTAGCCAACCC-1,Endo CLDN5 SLC7A5,0.987551284323933
CGCCATTGTGGCAACA-1,VLMC SLC47A1 SLC4A4,0.9963152356048327
CGCGTGACAACCGATT-1,Micro P2RY12 APBB1IP,0.33346950228076605
CGGAACCAGGTGCCTC-1,Endo CLDN5 SLC7A5,0.8117052048945261
CGGAACCGTTCCTACC-1,Endo CLDN5 SLC7A5,0.834703486273159
CGGAATTAGGTGCAGT-1,Endo CLDN5 SLC7A5,0.9930674156422258
CGGAATTCATGATAGA-1,Endo CLDN5 SLC7A5,0.7857708364368918
CGGACACAGATTGACA-1,Endo CLDN5 SLC7A5,0.7996662352743626
CGGACACCAATCCAGT-1,Endo CLDN5 SLC7A5,0.9652475239101036
CGGACACCACAGCTTA-1,Endo CLDN5 SLC7A5,0.9975037069045752
CGGACACCACCAGCGT-1,Endo CLDN5 SLC7A5,0.3231820943571581
CGGACACCATCTGGGC-1,Oligo MOG OPALIN,0.9544068909098301
CGGACACGTCTCCCTA-1,L2-3 CUX2 NTNG1 PALMD,0.5348802684600458
CGGACACTCTAAGCGT-1,Oligo MOG OPALIN,0.4451512266897852
CGGAGAATCTCGTTTA-1,L2-3 CUX2 NTNG1 PALMD,0.7380238596200805
CGGCAGTGTTAGGAGC-1,Endo CLDN5 SLC7A5,0.7874015952793187
CGGGACTCAGCCTACG-1,Endo CLDN5 SLC7A5,0.3687974224424404
CGGGACTTCCGCTAGG-1,Endo CLDN5 SLC7A5,0.6452173381385604
CGGGCATTCGTGGAAG-1,Oligo MOG OPALIN,0.906271469639934
CGGGTCAAGAAACCAT-1,SMC ACTA2 CNN1,0.9889646439120848
CGGGTCAGTCAATCTG-1,L2-3 CUX2 NTNG1 PALMD,0.8764216886776348
CGGGTGTCAGACGCTC-1,L2-3 CUX2 NTNG1 PALMD,0.5466757211220574
CGGGTGTCATGGCGCT-1,Endo CLDN5 SLC7A5,0.4002634485473567
CGGTCAGAGACCTCAT-1,Endo CLDN5 SLC7A5,0.8021924072541823
CGTAAGTAGACTCATC-1,Endo CLDN5 SLC7A5,0.8665705350887638
CGTAAGTAGGATATGT-1,Endo CLDN5 SLC7A5,0.42820774836356007
CGTAAGTCACTAGGTT-1,Astro AQP4 SLC1A2,0.9999986762673528
CGTAAGTTCAACTGGT-1,Endo CLDN5 SLC7A5,0.7829611968730942
CGTAAGTTCGAATCCA-1,InN ADARB2 FAM19A1,0.999960029626366
CGTAATGGTCCAAGAG-1,Endo CLDN5 SLC7A5,0.9957053728580063
CGTAGTAAGTCATAGA-1,Endo CLDN5 SLC7A5,0.4893897855633205
CGTAGTACAAACTAGA-1,Endo CLDN5 SLC7A5,0.9567273327430299
CGTAGTAGTCGTTCAA-1,Endo CLDN5 SLC7A5,0.9726793724318195
CGTCAAAGTGAACCGA-1,Endo CLDN5 SLC7A5,0.751313671661577
CGTCCATAGCGAGGAG-1,Endo CLDN5 SLC7A5,0.9792497465065928
CGTGAATAGACGTCGA-1,Endo CLDN5 SLC7A5,0.7185322843025582
CGTGAATCACGATTCA-1,Endo CLDN5 SLC7A5,0.8677516455463522
CGTGAATCAGGCGAAT-1,Oligo MOG OPALIN,0.995297182313798
CGTGATACACGTCATA-1,Endo CLDN5 SLC7A5,0.753344150367343
CGTGCTTCAAAGACGC-1,Endo CLDN5 SLC7A5,0.9962219679659545
CGTGCTTTCGCTGCGA-1,Endo CLDN5 SLC7A5,0.99309475474147
CGTGTCTCAATTCGTG-1,L2-3 CUX2 NTNG1 PALMD,0.3083739146262407
CGTGTCTCACCACTGG-1,Endo CLDN5 SLC7A5,0.4570619918437339
CGTGTCTCATTCCTCG-1,Endo CLDN5 SLC7A5,0.9357767326384766
CGTGTCTGTCTGTAAC-1,Endo CLDN5 SLC7A5,0.410901954194551
CGTGTCTGTGTCCACG-1,Oligo MOG OPALIN,0.6771077795858335
CGTGTCTGTTTACGTG-1,Endo CLDN5 SLC7A5,0.9548656703101178
CGTTAGAAGTAACGTA-1,Endo CLDN5 SLC7A5,0.3027620968729987
CGTTAGAAGTAGTGCG-1,InN SST HTR2C,0.46136589665153277
CGTTAGACATACAGAA-1,L2-3 CUX2 NTNG1 PALMD,0.9532113499113851
CGTTAGACATGAAAGT-1,InN VIP FREM2,0.5208918589848824
CGTTAGAGTGCCCACA-1,L2-3 CUX2 NTNG1 PALMD,0.38850978570139355
CGTTCTGCAATATCCG-1,Oligo MOG OPALIN,0.7476909035124341
CGTTGGGAGATGTTGA-1,InN ADARB2 CALCR,0.8954803980014563
CGTTGGGAGGCAGCTA-1,Endo CLDN5 SLC7A5,0.8194148264691544
CGTTGGGAGGTCTGGA-1,Oligo MOG OPALIN,0.9922108933448811
CGTTGGGTCAAGTCGT-1,Endo CLDN5 SLC7A5,0.974338108973757
CGTTGGGTCACCGACG-1,Oligo MOG OPALIN,0.5416510774418416
CGTTGGGTCATCGGGC-1,Endo CLDN5 SLC7A5,0.49553342558049074
CGTTGGGTCGCAAGAG-1,Endo CLDN5 SLC7A5,0.50626793759923
CTAACCCAGTTGCCTA-1,Oligo MOG OPALIN,0.567723349398101
CTAAGTGCATGATAGA-1,Endo CLDN5 SLC7A5,0.8929112646620943
CTAAGTGGTACTCCCT-1,Endo CLDN5 SLC7A5,0.3734554905301384
CTAAGTGGTTGCAACT-1,OPC PDGFRA PCDH15,0.9999997984734346
CTAAGTGTCGATACAC-1,Endo CLDN5 SLC7A5,0.7412610997345258
CTACAGACATTAGGAA-1,Endo CLDN5 SLC7A5,0.386421696912537
CTACAGATCGAGCCTG-1,PC P2RY14 GRM8,0.9999991328215548
CTACATTCAAATGATG-1,OPC PDGFRA PCDH15,0.9999999999694458
CTACATTGTGGATCAG-1,Astro AQP4 SLC1A2,0.5226799942710103
CTACCCAGTAGTGATA-1,Endo CLDN5 SLC7A5,0.9374584551820018
CTACCCAGTTGTAGCT-1,PC P2RY14 GRM8,0.9997255468550773
CTACCTGCACCGCTAG-1,Endo CLDN5 SLC7A5,0.9450559142715708
CTACGGGAGGAGTCTG-1,Endo CLDN5 SLC7A5,0.7785920075816214
CTACGGGCAGACATCT-1,Oligo MOG OPALIN,0.9652997765221262
CTACGGGGTCTACAGT-1,Endo CLDN5 SLC7A5,0.5838899737869088
CTACTATAGACCTTTG-1,L2-3 CUX2 ACVR1C THSD7A,0.6993064044623161
CTACTATCAGAGCCCT-1,L2-3 CUX2 NTNG1 PALMD,0.9589331704816559
CTACTATGTATACAGA-1,Oligo MOG OPALIN,0.9511368099299727
CTACTATGTCCGATCG-1,Endo CLDN5 SLC7A5,0.6504810212060612
CTAGACAGTCTCAAGT-1,Endo CLDN5 SLC7A5,0.9656818967306899
CTAGACATCATGGGAG-1,Endo CLDN5 SLC7A5,0.6353167478033499
CTAGGTAAGGCGCTCT-1,Endo CLDN5 SLC7A5,0.4787762351674455
CTAGGTAAGGCTTCCG-1,Endo CLDN5 SLC7A5,0.9627941832778855
CTAGGTACACGTGTGC-1,Endo CLDN5 SLC7A5,0.5798645956621175
CTAGGTATCTATTTCG-1,Endo CLDN5 SLC7A5,0.3353388681509388
CTATAGGAGTATGGCG-1,Endo CLDN5 SLC7A5,0.6651550918158056
CTATCCGCATTGGATC-1,InN SST PLPP4,0.30296229061996877
CTATCCGTCCATCACC-1,Endo CLDN5 SLC7A5,0.4935652243171873
CTATCCGTCTTCTCAA-1,Endo CLDN5 SLC7A5,0.9995014109997222
CTATCTACAGGAGGTT-1,Endo CLDN5 SLC7A5,0.48573315034531006
CTCAAGAAGCCTCTCT-1,Endo CLDN5 SLC7A5,0.6819757472327883
CTCAAGAAGGCCGCTT-1,Endo CLDN5 SLC7A5,0.3987727861595463
CTCAAGACAAGGCCTC-1,Endo CLDN5 SLC7A5,0.6590015612378989
CTCAAGAGTACGGTTT-1,Endo CLDN5 SLC7A5,0.31462301127009684
CTCAATTGTAGTATAG-1,Endo CLDN5 SLC7A5,0.8148280426284896
CTCAATTTCAACGTGT-1,Astro AQP4 SLC1A2,0.4304721643169652
CTCAATTTCCATGAGT-1,Astro AQP4 SLC1A2,0.3986643636540652
CTCACTGAGGCTTAAA-1,Endo CLDN5 SLC7A5,0.8324085850254764
CTCACTGCAAGAGATT-1,L2-3 CUX2 ACVR1C THSD7A,0.5481634546233048
CTCACTGCAGTGTACT-1,Endo CLDN5 SLC7A5,0.9821757401983057
CTCACTGTCGCTGTCT-1,Endo CLDN5 SLC7A5,0.7584807127099078
CTCAGAACACGTTGGC-1,Endo CLDN5 SLC7A5,0.7611724217193337
CTCAGAACAGGATGAC-1,PC P2RY14 GRM8,0.9997790974158379
CTCAGAACATCTAACG-1,SMC ACTA2 CNN1,0.9668765134074833
CTCAGAAGTACGCTTA-1,Endo CLDN5 SLC7A5,0.9513939852509707
CTCAGAATCGGTAAGG-1,OPC PDGFRA PCDH15,0.9999999999984899
CTCAGGGAGCTCCCTT-1,Endo CLDN5 SLC7A5,0.5504097541212906
CTCAGGGAGGACTTCT-1,Endo CLDN5 SLC7A5,0.43431399956590316
CTCAGGGGTGTCCACG-1,Endo CLDN5 SLC7A5,0.8119541333793493
CTCAGTCAGACAAGCC-1,Endo CLDN5 SLC7A5,0.6055367599461232
CTCAGTCCAGAACCGA-1,Endo CLDN5 SLC7A5,0.7000661476993726
CTCAGTCCAGTCGGTC-1,Endo CLDN5 SLC7A5,0.7940688484076641
CTCAGTCGTATCGCGC-1,SMC ACTA2 CNN1,0.4485938882644657
CTCAGTCGTCCCTCAT-1,Endo CLDN5 SLC7A5,0.789866186376634
CTCAGTCGTGCATCTA-1,Endo CLDN5 SLC7A5,0.9297244597104393
CTCAGTCGTGGAAGTC-1,Endo CLDN5 SLC7A5,0.31002707457853185
CTCAGTCTCAGTCACA-1,Micro P2RY12 APBB1IP,0.9459053347012797
CTCAGTCTCTATCGTT-1,Endo CLDN5 SLC7A5,0.9971892046757114
CTCATCGCACTACCCT-1,L2-3 CUX2 NTNG1 PALMD,0.44143459932351653
CTCATCGTCGGCATCG-1,Endo CLDN5 SLC7A5,0.34686792865568516
CTCATGCCAGGAGGTT-1,Endo CLDN5 SLC7A5,0.814122860119694
CTCATGCCATTCACCC-1,L2-3 CUX2 NTNG1 PALMD,0.7538312140932294
CTCATTACACGGCGTT-1,Endo CLDN5 SLC7A5,0.3926132171254621
CTCATTACATCCCGTT-1,Micro P2RY12 APBB1IP,0.9327460429706019
CTCATTAGTCATCAGT-1,Endo CLDN5 SLC7A5,0.4038058309980556
CTCATTAGTGTGATGG-1,Oligo MOG OPALIN,0.9994688704550815
CTCCAACAGAGCAACC-1,Endo CLDN5 SLC7A5,0.9951540784980902
CTCCAACAGCCTCACG-1,SMC ACTA2 CNN1,0.9999965404730099
CTCCAACCATCCAACA-1,Oligo MOG OPALIN,0.436926334341385
CTCCAACTCTTTCCAA-1,Endo CLDN5 SLC7A5,0.3698656111432042
CTCCACACAAGATGGC-1,Endo CLDN5 SLC7A5,0.6125967946958016
CTCCACATCGCAGTGC-1,Oligo MOG OPALIN,0.9307594484984726
CTCCACATCGCGTAGC-1,InN VIP SCML4,0.4713715988455191
CTCCATGAGCTGCGAA-1,Endo CLDN5 SLC7A5,0.5259692846168562
CTCCATGGTAAGCTCT-1,Endo CLDN5 SLC7A5,0.942454248748362
CTCCATGGTCCAGCGT-1,L2-3 CUX2 NTNG1 PALMD,0.5239575308457973
CTCCCAAAGCGTCAGA-1,Endo CLDN5 SLC7A5,0.7283634115210523
CTCCCAAAGGAGGCAG-1,Endo CLDN5 SLC7A5,0.7964864064143286
CTCCCAAAGGTCTTTG-1,Endo CLDN5 SLC7A5,0.7423444207760479
CTCCCAAAGGTTACAA-1,Endo CLDN5 SLC7A5,0.9477000728979481
CTCCCAACACGGCCAT-1,Endo CLDN5 SLC7A5,0.3041138567575491
CTCCCAAGTCAATCTG-1,Endo CLDN5 SLC7A5,0.8852631332268043
CTCCCAATCCGAGAAG-1,Endo CLDN5 SLC7A5,0.8677497531362988
CTCCCAATCCTACGGG-1,Endo CLDN5 SLC7A5,0.479774944981327
CTCCCTCAGAGCACTG-1,Endo CLDN5 IL1R1,0.37990523364098405
CTCCCTCCACGTACAT-1,Astro GFAP AQP1,0.9626426551532118
CTCCCTCCACTCCTTG-1,InN VIP ADAM12,0.35175184031897044
CTCCCTCTCGTAACCA-1,L2-3 CUX2 NTNG1 PALMD,0.6065054806592675
CTCCGATAGAGAGCAA-1,L2-3 CUX2 NTNG1 PALMD,0.34084468713534516
CTCCGATAGCGTTGTT-1,Endo CLDN5 SLC7A5,0.8682744479167929
CTCCGATGTAGACAGC-1,L2-3 CUX2 ACVR1C THSD7A,0.7305927841224092
CTCCGATGTTGCTGAT-1,L2-3 CUX2 NTNG1 PALMD,0.3141421965026805
CTCCTCCCATGGACAG-1,Endo CLDN5 SLC7A5,0.9992553096779528
CTCCTCCTCGATACAC-1,L2-3 CUX2 NTNG1 PALMD,0.6400173168313147
CTCCTTTAGAGACAAG-1,Micro P2RY12 APBB1IP,0.31231622234204465
CTCCTTTCAATATCCG-1,InN VIP MDGA1,0.9995427000791719
CTCCTTTGTCTAACGT-1,Endo CLDN5 SLC7A5,0.639344064017211
CTCCTTTTCGCGATCG-1,Endo CLDN5 SLC7A5,0.5853296224176777
CTCGAGGGTCTCACAA-1,L3-5 RORB PCBP3 ARHGAP15,0.326642407075217
CTCGAGGTCAACTGGT-1,Endo CLDN5 SLC7A5,0.663354083413725
CTCTCAGCACCCAACG-1,Endo CLDN5 SLC7A5,0.4259402747995629
CTCTCAGTCCGATCGG-1,L2-3 CUX2 ACVR1C THSD7A,0.9897420168077645
CTCTCGACACTGTCCT-1,OPC PDGFRA PCDH15,0.9999999999999223
CTCTGGTGTGTAACGG-1,OPC PDGFRA PCDH15,0.9999999999883444
CTCTGGTTCCTCTAAT-1,Endo CLDN5 SLC7A5,0.6619624081405171
CTGAATGGTACACGTT-1,Endo CLDN5 SLC7A5,0.7882100812319524
CTGAGCGAGAGAGTTT-1,L2-3 CUX2 NTNG1 PALMD,0.6140335883469968
CTGAGCGAGATGGCGT-1,L2-3 CUX2 NTNG1 PALMD,0.3058626040452687
CTGAGCGAGCTGAAAT-1,Oligo MOG OPALIN,0.7437199982265081
CTGAGCGAGTTGCCTA-1,Endo CLDN5 SLC7A5,0.9654965875750714
CTGAGCGCACCCAATA-1,Endo CLDN5 SLC7A5,0.3574932116485796
CTGAGGCAGAACAAGG-1,Endo CLDN5 SLC7A5,0.48443850171763264
CTGAGGCAGAGTGAAG-1,Endo CLDN5 SLC7A5,0.999232013389976
CTGAGGCGTTGAATCC-1,Endo CLDN5 SLC7A5,0.39883750483408
CTGAGGCTCGTAACAC-1,Endo CLDN5 SLC7A5,0.9974043840247362
CTGAGGCTCTGAGCAT-1,Endo CLDN5 SLC7A5,0.7364712780616128
CTGATCCCAGAACTTC-1,Endo CLDN5 SLC7A5,0.7865453253876616
CTGATCCGTCGGAACA-1,L2-3 CUX2 NTNG1 PALMD,0.8569788381819515
CTGCAGGCAAATACAG-1,Endo CLDN5 SLC7A5,0.6884533215705992
CTGCAGGCACAGCTGC-1,Endo CLDN5 SLC7A5,0.752156850194246
CTGCAGGTCATCACAG-1,Oligo MOG OPALIN,0.8347792316457411
CTGCATCAGTCACGCC-1,Endo CLDN5 SLC7A5,0.3042415862039775
CTGCATCAGTGAGGCT-1,Endo CLDN5 SLC7A5,0.7493504860168727
CTGCATCCACATCCCT-1,Endo CLDN5 SLC7A5,0.9701633055220857
CTGCATCTCGCTGTCT-1,L2-3 CUX2 ACVR1C INHBA,0.6381408327730654
CTGCCATCACATATGC-1,L2-3 CUX2 NTNG1 PALMD,0.4598494693281883
CTGCCATGTCGAATGG-1,Endo CLDN5 SLC7A5,0.7759953302285566
CTGCCATGTTGATGTC-1,Endo CLDN5 SLC7A5,0.4614486197987929
CTGCCATTCATGCTAG-1,Endo CLDN5 SLC7A5,0.3899897582864223
CTGCCATTCCGTGGGT-1,Endo CLDN5 SLC7A5,0.7266255241598304
CTGCCTAGTACTGGGA-1,Endo CLDN5 SLC7A5,0.6019958567862335
CTGCCTAGTCGGCCTA-1,Oligo MOG OPALIN,0.99993600142705
CTGCCTATCATTACCT-1,L2-3 CUX2 NTNG1 PALMD,0.7380076250247531
CTGCGAGAGACGCATG-1,Endo CLDN5 SLC7A5,0.536152350062298
CTGCTCAAGCTGCCTG-1,L2-3 CUX2 NTNG1 PALMD,0.3193253155516221
CTGCTCAAGTGGACTG-1,Oligo MOG OPALIN,0.9481889635449254
CTGCTCACACTATCGA-1,Endo CLDN5 SLC7A5,0.4280518983137686
CTGCTCATCTTAGCAG-1,Oligo MOG OPALIN,0.9999958265604978
CTGGCAGAGCGATGAC-1,Endo CLDN5 SLC7A5,0.9996994810316404
CTGGCAGCACCATATG-1,Endo CLDN5 SLC7A5,0.6010968142494156
CTGGCAGGTCATAAAG-1,Oligo MOG OPALIN,0.9452117862923269
CTGGCAGGTGACACGA-1,Endo CLDN5 SLC7A5,0.6748617342155501
CTGGCAGTCAAGCTTG-1,Endo CLDN5 SLC7A5,0.9218276220388523
CTGGCAGTCAGAGTTC-1,Endo CLDN5 SLC7A5,0.5327905714287366
CTGGTCTCACACTGGC-1,Oligo MOG OPALIN,0.9999728685711461
CTGGTCTGTACCACGC-1,L2-3 CUX2 NTNG1 PALMD,0.5305061788018236
CTGGTCTTCTCGCCTA-1,Endo CLDN5 SLC7A5,0.5977052538946886
CTGTACCTCTATGTGG-1,Oligo MOG OPALIN,0.9882869578026674
CTGTAGAAGCGTATGG-1,Oligo MOG OPALIN,0.9146124638095837
CTGTAGACAGAACATA-1,Endo CLDN5 SLC7A5,0.8983368302724
CTGTAGAGTGGAGGTT-1,Oligo MOG OPALIN,0.6661213826817984
CTGTATTAGCCTGGAA-1,Endo CLDN5 SLC7A5,0.87718399986528
CTGTATTTCCGGTTCT-1,OPC PDGFRA PCDH15,0.9999999999846383
CTGTCGTCAAACTCTG-1,Endo CLDN5 SLC7A5,0.9841052462281514
CTGTCGTGTGTTCGTA-1,Oligo MOG OPALIN,0.897810205756472
CTGTGAACACTCCGAG-1,Endo CLDN5 SLC7A5,0.571404968673033
CTGTGGGAGAATCCCT-1,Endo CLDN5 SLC7A5,0.5567146441587502
CTGTGGGAGTTACGTC-1,Endo CLDN5 SLC7A5,0.3425025012561475
CTGTGGGGTCCAACGC-1,Endo CLDN5 SLC7A5,0.9988819156896832
CTTACCGCATGTCGTA-1,Endo CLDN5 SLC7A5,0.9858858787749978
CTTCAATAGATGCTGG-1,Endo CLDN5 SLC7A5,0.5169564051142331
CTTCAATCAGGTACGA-1,Oligo MOG OPALIN,0.4874231527374274
CTTCAATGTATCTTCT-1,Endo CLDN5 SLC7A5,0.3202279368346159
CTTCAATTCGTGGAAG-1,Endo CLDN5 SLC7A5,0.8738252902526905
CTTCCGAAGGATTTCC-1,Endo CLDN5 SLC7A5,0.9817462068378843
CTTCCGAAGTACAACA-1,Endo CLDN5 SLC7A5,0.9946918979206907
CTTCCGACATCTGGGC-1,Astro AQP4 SLC1A2,0.9995261832999651
CTTCCGAGTAGTCGTT-1,Oligo MOG OPALIN,0.9615705898280899
CTTCCTTAGACTTAAG-1,Endo CLDN5 SLC7A5,0.995742478029199
CTTCCTTAGGCTAAAT-1,Endo CLDN5 SLC7A5,0.9891197451224675
CTTCCTTAGTGTAGTA-1,Endo CLDN5 SLC7A5,0.9760717838352049
CTTCCTTGTCATAAAG-1,Endo CLDN5 SLC7A5,0.9676566051536315
CTTCGGTGTAACGATA-1,Oligo MOG OPALIN,0.9800176749855447
CTTCGGTTCACTGCTC-1,Endo CLDN5 SLC7A5,0.45303834122088305
CTTCGGTTCTCGACGG-1,Endo CLDN5 SLC7A5,0.8364328678742152
CTTCGGTTCTCTATGT-1,L2-3 CUX2 NTNG1 PALMD,0.44717447374162733
CTTCTAAAGCTGTTCA-1,Oligo MOG GSN,0.9988904752708373
CTTCTCTAGAGAGAAC-1,Micro P2RY12 APBB1IP,0.9756446740841562
CTTCTCTAGATGGGCT-1,Endo CLDN5 SLC7A5,0.9320039744485953
CTTCTCTAGGGCCAAT-1,InN SST HTR2C,0.9921683622103944
CTTCTCTCAGTGACCC-1,Micro P2RY12 APBB1IP,0.9948356318592778
CTTCTCTCATAACCCA-1,Endo CLDN5 SLC7A5,0.3488574016810459
CTTCTCTGTCGATTCA-1,Endo CLDN5 SLC7A5,0.6098155414652572
CTTCTCTTCCCTTTGG-1,L2-3 CUX2 NTNG1 PALMD,0.3994240831631884
CTTGAGAGTGCACAAG-1,Endo CLDN5 SLC7A5,0.9722742514457289
CTTGAGAGTTGCTCCT-1,Endo CLDN5 SLC7A5,0.9615281830396465
CTTGATTAGAGCATTA-1,Endo CLDN5 SLC7A5,0.9997565333398488
CTTGATTGTGCCGTTG-1,Endo CLDN5 SLC7A5,0.5411512944900195
CTTGATTTCCTTTAGT-1,Oligo MOG OPALIN,0.6375489937394557
CTTTCAAAGTACCCTA-1,Endo CLDN5 SLC7A5,0.6964514815507139
CTTTCAAGTTGCATAC-1,Oligo MOG OPALIN,0.9999699771968377
CTTTCGGAGTAGTGCG-1,Endo CLDN5 SLC7A5,0.7339819832011212
CTTTCGGTCTCGACGG-1,Endo CLDN5 SLC7A5,0.8630000700595443
GAAACCTCAGTGCGCT-1,Endo CLDN5 SLC7A5,0.9872812054599648
GAAACCTGTTGCATAC-1,Oligo MOG OPALIN,0.9999953317373527
GAAACCTTCCACTTCG-1,L2-3 CUX2 ACVR1C THSD7A,0.5405490311570054
GAAATGAAGTCACGAG-1,Endo CLDN5 SLC7A5,0.5825525415321751
GAACACTAGTTATGGA-1,Endo CLDN5 SLC7A5,0.6027476121655972
GAACACTCACATACGT-1,Endo CLDN5 SLC7A5,0.7245338433764894
GAACACTTCGGTCACG-1,Endo CLDN5 SLC7A5,0.45122730276843415
GAACGTTGTCAACCAT-1,Oligo MOG OPALIN,0.999538413959765
GAACGTTTCCGCACTT-1,L2-3 CUX2 NTNG1 PALMD,0.5841108620440635
GAACTGTAGAGTTCGG-1,Endo CLDN5 SLC7A5,0.6781747893956083
GAACTGTGTTTCGTTT-1,Endo CLDN5 SLC7A5,0.9864005419559572
GAAGAATAGTGGTTCT-1,L2-3 CUX2 NTNG1 PALMD,0.5210863682131729
GAAGAATCAAAGGATT-1,Endo CLDN5 SLC7A5,0.9984282338407879
GAAGAATTCTGAACGT-1,L3-5 RORB GABRG1 KCNH7,0.6967608774742229
GAAGAATTCTTACGTT-1,Endo CLDN5 SLC7A5,0.45962124368436896
GAAGCCCAGGAAGTCC-1,L2-3 CUX2 ACVR1C THSD7A,0.9967076692741528
GAAGCCCCAGAACCGA-1,Endo CLDN5 SLC7A5,0.3936519005400414
GAAGCCCCATGAAGCG-1,Endo CLDN5 SLC7A5,0.3395669281028145
GAAGCCCGTCGTTATG-1,Endo CLDN5 SLC7A5,0.5363251775552911
GAAGCGACATCCGTTC-1,Endo CLDN5 SLC7A5,0.6837665733570683
GAAGCGATCGCCAACG-1,Astro AQP4 SLC1A2,0.9999996425503704
GAAGGACCACCTGCAG-1,Oligo MOG OPALIN,0.9999578046822137
GAAGGACCAGCGTTTA-1,InN SST FREM1,0.9785807369727141
GAAGGACGTAGTCTGT-1,Endo CLDN5 SLC7A5,0.9800441821616068
GAAGGACGTCAAAGCG-1,Endo CLDN5 SLC7A5,0.5290941321326916
GAAGGGTCATTGCAAC-1,Endo CLDN5 SLC7A5,0.9660261814554097
GAAGTAACACGTACAT-1,L2-3 CUX2 ACVR1C THSD7A,0.6916342304609242
GAAGTAATCTCATTAC-1,Oligo MOG OPALIN,0.9632256682526856
GAATAGAAGTAGACAT-1,Endo CLDN5 SLC7A5,0.9999592307673438
GAATAGATCGCTAGCG-1,Endo CLDN5 SLC7A5,0.40738586705769425
GAATCACGTCCAGCAC-1,Endo CLDN5 SLC7A5,0.5069022396525243
GAATCACGTCTCGACG-1,L2-3 CUX2 ACVR1C THSD7A,0.627624994844877
GAATCGTCAAACCATC-1,Endo CLDN5 SLC7A5,0.8734394969707371
GACACGCAGCATGCGA-1,Oligo MOG OPALIN,0.9956074984950132
GACACGCAGCCACAAG-1,Endo CLDN5 SLC7A5,0.5585205530951014
GACACGCAGGGCAACT-1,L2-3 CUX2 NTNG1 PALMD,0.558774655148419
GACACGCCAAATGGTA-1,L2-3 CUX2 NTNG1 PALMD,0.7367299641074568
GACACGCGTTGCACGC-1,Endo CLDN5 SLC7A5,0.47375189359499764
GACAGCCTCAGACTGT-1,L2-3 CUX2 NTNG1 PALMD,0.3349686524867898
GACAGCCTCTCAGTCC-1,L2-3 CUX2 ACVR1C THSD7A,0.8468063308971291
GACATCACACAACGCC-1,L2-3 CUX2 NTNG1 PALMD,0.360487189151151
GACATCATCAAGAGTA-1,Endo CLDN5 SLC7A5,0.9207317950864664
GACCAATAGAAGGCTC-1,Endo CLDN5 SLC7A5,0.988734162943517
GACCCAGAGTGGTTCT-1,Oligo MOG OPALIN,0.823131715510492
GACCCTTAGTTGAAAC-1,InN PVALB HPSE,0.3030496857167976
GACCCTTGTCGAGCTC-1,L2-3 CUX2 ACVR1C THSD7A,0.4827804251478652
GACCGTGCATCTCGTC-1,Endo CLDN5 SLC7A5,0.31264498068188795
GACCGTGTCAGTGTCA-1,Oligo MOG OPALIN,0.8890682202205582
GACCTTCAGACGTCGA-1,L6 OPRK1 SMYD1 TSHZ2,0.7595656623218658
GACCTTCAGGATACAT-1,L3-5 RORB MKX GRIN3A,0.45632866130215743
GACCTTCAGGTAGCAC-1,L6 OPRK1 THEMIS RGS6,0.9674483030628542
GACCTTCCATAACCCA-1,InN VIP ADAM12,0.9992235087377375
GACCTTCTCGCCAATA-1,Endo CLDN5 SLC7A5,0.6067226383644222
GACGTTACAGAGATTA-1,Endo CLDN5 SLC7A5,0.9906354719691506
GACGTTAGTGGTAACG-1,Oligo MOG OPALIN,0.7213082853004366
GACGTTAGTGTGTACT-1,L2-3 CUX2 ACVR1C THSD7A,0.9781566902398069
GACGTTAGTTCCGTTC-1,Endo CLDN5 SLC7A5,0.5213220877325208
GACGTTAGTTGGTGTT-1,Endo CLDN5 SLC7A5,0.33425420438071307
GACTATGAGTGGACGT-1,Endo CLDN5 SLC7A5,0.6427258707454002
GACTATGCAAGTCGTT-1,Endo CLDN5 SLC7A5,0.4497647272383736
GACTATGGTTAGGGTG-1,Endo CLDN5 SLC7A5,0.5599418310278655
GACTCAACAAGTGACG-1,Endo CLDN5 SLC7A5,0.7064094511845919
GACTCAACAATCGTCA-1,Endo CLDN5 SLC7A5,0.9760561476361989
GACTCAAGTATAGGAT-1,Endo CLDN5 SLC7A5,0.809608646890484
GACTCAAGTTGGCCTG-1,L2-3 CUX2 ACVR1C THSD7A,0.48025405197458626
GACTCAATCCGGTAAT-1,Micro P2RY12 APBB1IP,0.968701761243169
GACTCTCAGGAAGTCC-1,Micro P2RY12 APBB1IP,0.3066057545745403
GACTCTCGTCTGTAGT-1,OPC PDGFRA PCDH15,0.9932415928357986
GACTTCCAGATTGTGA-1,Endo CLDN5 SLC7A5,0.8490301571357833
GACTTCCGTTGTGTTG-1,Endo CLDN5 SLC7A5,0.7395855631086907
GACTTCCTCGACGACC-1,Oligo MOG OPALIN,0.9427088002780187
GAGAAATAGCACTGGA-1,Endo CLDN5 SLC7A5,0.35124926651424343
GAGAAATAGGTTGGAC-1,L2-3 CUX2 NTNG1 PALMD,0.8630221631009721
GAGAAATCAATTTCCT-1,Oligo MOG OPALIN,0.5051020393622323
GAGAAATCAGGATTCT-1,Endo CLDN5 SLC7A5,0.3125011125380048
GAGAAATCAGGTAGTG-1,L2-3 CUX2 NTNG1 PALMD,0.3202050804863579
GAGACCCAGTCTAGAA-1,Endo CLDN5 SLC7A5,0.757980812193632
GAGACCCCAGTTTCGA-1,Oligo MOG OPALIN,0.9196587426487008
GAGACCCGTCGCACAC-1,Endo CLDN5 SLC7A5,0.3838045104138212
GAGACCCGTGACCGTC-1,Endo CLDN5 SLC7A5,0.6136933394021449
GAGACTTGTTTCGTAG-1,Oligo MOG OPALIN,0.9592066289758848
GAGAGGTAGAAGCCTG-1,Endo CLDN5 SLC7A5,0.6010189605376735
GAGAGGTGTATCACCA-1,Endo CLDN5 SLC7A5,0.4390040560079974
GAGAGGTGTGTTGATC-1,Endo CLDN5 SLC7A5,0.6623881723581037
GAGAGGTTCGTTCCCA-1,Endo CLDN5 SLC7A5,0.999701487843458
GAGAGGTTCTGTCAGA-1,Oligo MOG OPALIN,0.9997081788640527
GAGATGGGTTTCAGAC-1,Endo CLDN5 SLC7A5,0.5480929848232444
GAGATGGTCACTCGAA-1,Oligo MOG OPALIN,0.9995472663801634
GAGCTGCCATGACTCA-1,Endo CLDN5 SLC7A5,0.993444158219849
GAGCTGCTCGTTGTAG-1,Endo CLDN5 SLC7A5,0.6088711839083449
GAGGCAACAGGCAATG-1,Astro GFAP AQP1,0.9997782871916511
GAGGCAAGTATGAGAT-1,L2-3 CUX2 NTNG1 PALMD,0.8794619746641883
GAGGCAATCAGGACAG-1,Endo CLDN5 SLC7A5,0.6537148789907259
GAGGCAATCTCTATAC-1,L2-3 CUX2 ACVR1C THSD7A,0.5547191100992889
GAGGCCTAGCCGATAG-1,Endo CLDN5 SLC7A5,0.9982901661519443
GAGGGATGTATACCCA-1,Endo CLDN5 SLC7A5,0.31414948281873445
GAGGGTACAGCTTTGA-1,Endo CLDN5 SLC7A5,0.957097952056465
GAGGGTAGTTGAGTCT-1,Endo CLDN5 SLC7A5,0.860768698575877
GAGGGTATCACCCTGT-1,Endo CLDN5 SLC7A5,0.9936807581605379
GAGGGTATCTGCGTCT-1,Endo CLDN5 SLC7A5,0.9982354550787407
GAGTCATGTCGAAGCA-1,Endo CLDN5 SLC7A5,0.5925976962840663
GAGTCATGTCGACTTA-1,Endo CLDN5 SLC7A5,0.9182659872734499
GAGTCATGTGATTAGA-1,L2-3 CUX2 NTNG1 PALMD,0.9231572079198748
GAGTCATTCCATCCGT-1,L2-3 CUX2 NTNG1 PALMD,0.6567759918080678
GAGTCTACACAGTCCG-1,L3-5 RORB GABRG1 PTPRO,0.48232336331563547
GAGTCTATCCGATAAC-1,Endo CLDN5 SLC7A5,0.9502064465931248
GAGTCTATCCTTCAGC-1,Oligo MOG OPALIN,0.340981026505658
GAGTCTATCTGTAAGC-1,Endo CLDN5 SLC7A5,0.9954972120472892
GAGTGAGCATTGGATC-1,Endo CLDN5 SLC7A5,0.8325089191175582
GAGTGAGGTGCCTAAT-1,Endo CLDN5 SLC7A5,0.9071998517259408
GAGTGAGTCGAGTCTA-1,Endo CLDN5 SLC7A5,0.6220281624074004
GAGTGTTAGATCCTAC-1,Endo CLDN5 SLC7A5,0.8221312386566509
GAGTGTTGTCTTGGTA-1,Endo CLDN5 SLC7A5,0.4393585121382969
GAGTTACCAACGGTAG-1,Endo CLDN5 SLC7A5,0.6574278215958995
GAGTTACCAACTCCAA-1,Endo CLDN5 SLC7A5,0.7773359635958953
GAGTTACGTGTTCCTC-1,Astro GFAP FABP7,0.3029626531570478
GAGTTACTCAGACCGC-1,L2-3 CUX2 NTNG1 PALMD,0.42209968916994084
GAGTTACTCAGGAGAC-1,Endo CLDN5 SLC7A5,0.7131644104489976
GAGTTGTGTGGTCTGC-1,Endo CLDN5 SLC7A5,0.5811043288608506
GAGTTTGAGACCTCAT-1,Endo CLDN5 SLC7A5,0.4483828912687223
GAGTTTGAGGACTTCT-1,L2-3 CUX2 NTNG1 PALMD,0.3882968521156962
GAGTTTGGTAGCTGTT-1,Endo CLDN5 SLC7A5,0.7748583650703599
GATAGAAAGGAATTAC-1,Endo CLDN5 SLC7A5,0.8980478708006978
GATAGAAAGGAGAGTA-1,Astro GFAP AQP1,0.3031546595635098
GATAGAACACGTCGTG-1,Endo CLDN5 SLC7A5,0.32281831933381094
GATAGAAGTTATCTTC-1,Endo CLDN5 SLC7A5,0.6029769367431103
GATAGCTAGGAGTATT-1,Endo CLDN5 SLC7A5,0.5807625815405228
GATAGCTCACTGGCGT-1,Endo CLDN5 SLC7A5,0.9666181703217206
GATAGCTTCTGGCCAG-1,Endo CLDN5 SLC7A5,0.8358505555943773
GATCACAAGATGGCAC-1,L2-3 CUX2 NTNG1 PALMD,0.42570170379038397
GATCAGTAGTCACACT-1,Endo CLDN5 SLC7A5,0.997432573688354
GATCAGTTCATGTCTT-1,Endo CLDN5 SLC7A5,0.9512088008820417
GATCAGTTCTACCACC-1,Endo CLDN5 SLC7A5,0.421465160563877
GATCAGTTCTCTCTAA-1,Oligo MOG OPALIN,0.9882294308594782
GATCATGCAAAGCAAT-1,Endo CLDN5 SLC7A5,0.8455023822655062
GATCATGCAATTCACG-1,InN VIP EXPH5,0.9990453509007572
GATCATGGTTAAACAG-1,Endo CLDN5 SLC7A5,0.8762778124769862
GATCATGTCCGGCAAC-1,Micro P2RY12 CCL3,0.5680248400447805
GATCCCTAGCGACCCT-1,Endo CLDN5 SLC7A5,0.335363965904548
GATCCCTCACCGTGCA-1,Endo CLDN5 SLC7A5,0.9653047822549738
GATCCCTCATGGAAGC-1,Oligo MOG OPALIN,0.6230699575193155
GATCCCTCATTGACAC-1,Endo CLDN5 SLC7A5,0.45545459462859483
GATCGTATCGCTACAA-1,L2-3 CUX2 NTNG1 PALMD,0.3782384787248152
GATGACTTCCGATGTA-1,L2-3 CUX2 NTNG1 PALMD,0.5582329773527054
GATGAGGGTGAGCCAA-1,Endo CLDN5 SLC7A5,0.6931891551239685
GATGAGGTCCAAGCTA-1,L2-3 CUX2 ACVR1C THSD7A,0.8373096636327291
GATGATCAGCTCGACC-1,Oligo MOG OPALIN,0.9747215227459002
GATGATCCAAGGCAAC-1,Endo CLDN5 SLC7A5,0.3346846602657341
GATGATCCATCTTAGG-1,Endo CLDN5 SLC7A5,0.875093978357338
GATGCTATCGACGCTG-1,Endo CLDN5 SLC7A5,0.926314698515884
GATGGAGAGCCTCCAG-1,Endo CLDN5 SLC7A5,0.984920096681801
GATGGAGCACATACTG-1,Oligo MOG OPALIN,0.7696188544616476
GATGGAGCATAGGTAA-1,Endo CLDN5 SLC7A5,0.6432199651511602
GATGGAGTCGGATTAC-1,Oligo MOG OPALIN,0.6525419514852945
GATGGAGTCGGTCACG-1,Endo CLDN5 SLC7A5,0.6683609133144861
GATGTTGAGGCTCCCA-1,Endo CLDN5 SLC7A5,0.3703158589575456
GATGTTGGTAACTAAG-1,Endo CLDN5 SLC7A5,0.9997757674859663
GATGTTGTCCTGTTGC-1,OPC PDGFRA PCDH15,0.9999999996746245
GATGTTGTCTACACTT-1,Endo CLDN5 SLC7A5,0.9158968861325046
GATTCTTAGAGTCAGC-1,Endo CLDN5 SLC7A5,0.9598941367723876
GATTCTTAGCATCCCG-1,Endo CLDN5 SLC7A5,0.4206225605256901
GATTCTTAGTGATAAC-1,L2-3 CUX2 ACVR1C THSD7A,0.9968556909196895
GATTCTTAGTGGACTG-1,Endo CLDN5 SLC7A5,0.9961562243082364
GATTGGTAGACGGTCA-1,Endo CLDN5 SLC7A5,0.7103367888719728
GATTGGTCAATCAGCT-1,Endo CLDN5 SLC7A5,0.5259937085548427
GATTGGTCATCCGGTG-1,L2-3 CUX2 NTNG1 PALMD,0.5987829013330311
GATTTCTTCCTTGGAA-1,Endo CLDN5 SLC7A5,0.5401940936730246
GATTTCTTCGGTAACT-1,Astro AQP4 SLC1A2,0.9997199930487207
GCAACATAGATGCTAA-1,Endo CLDN5 SLC7A5,0.33847048384462197
GCAACATCATATAGCC-1,Endo CLDN5 SLC7A5,0.4663208889604558
GCAACCGAGATGCGAC-1,Endo CLDN5 SLC7A5,0.3231337763591741
GCAACCGAGCAACAGC-1,L2-3 CUX2 ACVR1C THSD7A,0.9970343294645456
GCAACCGAGTGGCAGT-1,Micro P2RY12 APBB1IP,0.4211595351398761
GCACATATCATGGTAC-1,Endo CLDN5 SLC7A5,0.4012547720049281
GCACGGTAGGCTAAAT-1,OPC PDGFRA PCDH15,0.9999999923539596
GCACGGTCATCACCAA-1,Endo CLDN5 SLC7A5,0.961926386399579
GCACGGTGTAGAGATT-1,Endo CLDN5 SLC7A5,0.7857387271634314
GCACGGTGTAGTCTTG-1,L2-3 CUX2 NTNG1 PALMD,0.8054938304548879
GCACGTGAGACCAAAT-1,Oligo MOG OPALIN,0.9361064424558098
GCACGTGAGCTGCCAC-1,Endo CLDN5 SLC7A5,0.4547246445083534
GCACGTGAGTGGTTCT-1,Endo CLDN5 SLC7A5,0.9547984365055425
GCACGTGCAACACAAA-1,Endo CLDN5 SLC7A5,0.9671110125293069
GCACGTGTCACAGTGT-1,Endo CLDN5 SLC7A5,0.6602405124843738
GCACTAAGTCGGTACC-1,Endo CLDN5 SLC7A5,0.9963102580667549
GCACTAATCACAGTGT-1,Oligo MOG OPALIN,0.9520659987924024
GCACTAATCCATCTGC-1,InN SST HGF GABRQ,0.9940045332694667
GCACTAATCGCAAGAG-1,Oligo MOG OPALIN,0.9566797084270635
GCAGCCAAGCTTCGTA-1,L2-3 CUX2 NTNG1 PALMD,0.4124143209984516
GCAGCCAGTCTGTGCG-1,L6 OPRK1 THEMIS RGS6,0.9961487845082451
GCAGCTGGTAGTCGGA-1,Endo CLDN5 SLC7A5,0.9778327528192075
GCAGCTGTCAAAGGAT-1,Endo CLDN5 SLC7A5,0.9394661701455607
GCAGGCTAGAATTTGG-1,Endo CLDN5 SLC7A5,0.9306640862205959
GCAGGCTAGCCTTGAT-1,Endo CLDN5 SLC7A5,0.9742275415550643
GCAGGCTGTACAAGTA-1,Oligo MOG OPALIN,0.9993352342820313
GCAGGCTTCATCGACA-1,Endo CLDN5 SLC7A5,0.8535181752466473
GCAGTTAAGACCAACG-1,Endo CLDN5 SLC7A5,0.9940649122999481
GCAGTTACAATGACCT-1,L2-3 CUX2 NTNG1 PALMD,0.7486111229257453
GCAGTTAGTTTCACAG-1,Endo CLDN5 SLC7A5,0.9997812832135948
GCATCGGAGATAACAC-1,Endo CLDN5 SLC7A5,0.7473706534077277
GCATCGGAGCACGTCC-1,Oligo MOG OPALIN,0.49293065041622847
GCATCGGCACGGCGTT-1,Oligo MOG OPALIN,0.9988302346189869
GCATCGGGTTTCCAAG-1,Oligo MOG OPALIN,0.622219969474494
GCATCGGTCGCAGATT-1,Endo CLDN5 SLC7A5,0.373461990232604
GCATCTCCATAATGAG-1,Endo CLDN5 SLC7A5,0.7873705644984351
GCATCTCTCACCTACC-1,Endo CLDN5 SLC7A5,0.7742240956867141
GCATGATAGAGTCAAT-1,Endo CLDN5 SLC7A5,0.9460935912982515
GCATGATAGGTGAGCT-1,Endo CLDN5 SLC7A5,0.6212344345650226
GCATGATCACACCGAC-1,Endo CLDN5 SLC7A5,0.8963990162574573
GCATGATCACTATCGA-1,L2-3 CUX2 NTNG1 PALMD,0.9087767424579437
GCATGATGTATTAAGG-1,Endo CLDN5 SLC7A5,0.578550819733278
GCATGATGTCGAATGG-1,L2-3 CUX2 NTNG1 PALMD,0.49259857531630946
GCATGATTCAAGCCGC-1,L2-3 CUX2 ACVR1C THSD7A,0.9920342238434662
GCATGATTCATTTCGT-1,Astro AQP4 SLC1A2,0.4077421874442022
GCATGATTCCGTAATG-1,Oligo MOG OPALIN,0.5946005281793055
GCATGATTCCGTGTCT-1,Endo CLDN5 SLC7A5,0.6391640655408278
GCATTAGAGACGCCCT-1,Endo CLDN5 SLC7A5,0.970818865872871
GCATTAGTCATGGCCG-1,Oligo MOG OPALIN,0.7968643635624025
GCATTAGTCCGTTGAA-1,Endo CLDN5 SLC7A5,0.542412537023414
GCCAACGAGCTCGTGC-1,L2-3 CUX2 NTNG1 PALMD,0.5085933249635886
GCCAACGAGGACACTG-1,Endo CLDN5 SLC7A5,0.3013647160858609
GCCAACGCACTTCCTG-1,Endo CLDN5 SLC7A5,0.9992904565775511
GCCAACGGTAGCTCGC-1,L2-3 CUX2 ACVR1C THSD7A,0.8046152266006485
GCCAGCAAGACGACGT-1,Endo CLDN5 SLC7A5,0.39228938277272085
GCCAGCAAGAGCCGAT-1,PC P2RY14 GRM8,0.9968666665113738
GCCAGCACAAGTCCAT-1,Endo CLDN5 SLC7A5,0.7949980199687143
GCCAGCACATGAATAG-1,Endo CLDN5 SLC7A5,0.9939291818846191
GCCAGCATCATGTCAG-1,Endo CLDN5 SLC7A5,0.30504638173152304
GCCAGGTAGCACTGGA-1,OPC PDGFRA PCDH15,0.40676175030266815
GCCAGGTCATACAGGG-1,L2-3 CUX2 ACVR1C THSD7A,0.5653554475081689
GCCAGGTGTGCAAGAC-1,Endo CLDN5 SLC7A5,0.891719028661659
GCCAGTGGTAGGCTCC-1,L3-5 RORB PCBP3 IL1RAPL2,0.8682041220900127
GCCATGGAGTATGTAG-1,Micro P2RY12 APBB1IP,0.9784785854089733
GCCATGGCAACAGCCC-1,Micro P2RY12 APBB1IP,0.9275001964722978
GCCATGGCAGGCACAA-1,Endo CLDN5 SLC7A5,0.49919706687797766
GCCATTCCACCTCGTT-1,Endo CLDN5 SLC7A5,0.7578710674683339
GCCATTCTCAAGTCGT-1,Oligo MOG OPALIN,0.9996050544279472
GCCCAGAGTAATGATG-1,L2-3 CUX2 ACVR1C THSD7A,0.40907017030539605
GCCCGAAGTTTGCCGG-1,Endo CLDN5 SLC7A5,0.8809548455202016
GCCGTGACAATTCTTC-1,Endo CLDN5 SLC7A5,0.8835928388842845
GCCGTGAGTATAGGGC-1,Micro P2RY12 APBB1IP,0.9999469811124655
GCCGTGATCATGAAAG-1,Micro P2RY12 CCL3,0.9259347958046448
GCCTGTTCATTCGGGC-1,Micro P2RY12 CCL3,0.9227429314877802
GCCTGTTGTCATGGCC-1,Endo CLDN5 SLC7A5,0.7592574425124677
GCGAGAAAGATGACCG-1,L2-3 CUX2 NTNG1 PALMD,0.65481833972999
GCGAGAAGTCACCTTC-1,Endo CLDN5 SLC7A5,0.9977856269811053
GCGAGAATCGCCTAGG-1,Endo CLDN5 SLC7A5,0.742733204179626
GCGATCGAGGACATCG-1,Oligo MOG OPALIN,0.7482372508121734
GCGATCGCATTGAGGG-1,L2-3 CUX2 ACVR1C THSD7A,0.7499728750547152
GCGATCGGTTAATGAG-1,Endo CLDN5 SLC7A5,0.37863865657696144
GCGATCGTCAAACGTC-1,Oligo MOG OPALIN,0.387238406251089
GCGATCGTCGGACCAC-1,L2-3 CUX2 NTNG1 PALMD,0.4204651019446004
GCGGAAAAGATGGGCT-1,Oligo MOG OPALIN,0.9988970211500027
GCGGAAAAGTCTTCGA-1,Endo CLDN5 SLC7A5,0.9233541920520819
GCGGAAAGTAAGATTG-1,Endo CLDN5 SLC7A5,0.5394498783356435
GCGGAAAGTCGAAGCA-1,Endo CLDN5 SLC7A5,0.6031526857041647
GCGGATCAGGACAACC-1,Endo CLDN5 SLC7A5,0.8163661421311205
GCGGATCGTGCCCACA-1,Endo CLDN5 SLC7A5,0.5176096634327015
GCGGATCGTGGGTATG-1,Micro P2RY12 APBB1IP,0.5098260243111868
GCGGATCGTGTAAATG-1,Endo CLDN5 SLC7A5,0.9923610101879586
GCGGATCGTGTTCCAA-1,Endo CLDN5 SLC7A5,0.9282417670408487
GCGTGCACACACGGAA-1,Oligo MOG OPALIN,0.4184297871454652
GCGTGCAGTACTGTTG-1,Oligo MOG OPALIN,0.6245613845165775
GCGTGCATCGGAGCAA-1,Endo CLDN5 SLC7A5,0.8210080972397531
GCGTTTCAGTAAACTG-1,L2-3 CUX2 NTNG1 PALMD,0.5574640073227252
GCTACAACAATTCTTC-1,Endo CLDN5 SLC7A5,0.33560396654115754
GCTACAACACCAGTTA-1,Endo CLDN5 SLC7A5,0.9973269317820361
GCTACAACAGGTTACT-1,Endo CLDN5 SLC7A5,0.6367448401951749
GCTACAACATAGAATG-1,Endo CLDN5 SLC7A5,0.5736007337667708
GCTACAAGTCCCGGTA-1,Endo CLDN5 SLC7A5,0.6464571424408162
GCTACAATCCGCAGTG-1,Oligo MOG OPALIN,0.39891635872781744
GCTACCTAGATGGGCT-1,Oligo MOG OPALIN,0.6212813483919037
GCTACCTAGCAGCGAT-1,Oligo MOG OPALIN,0.999975749851984
GCTACCTAGGTACCTT-1,Endo CLDN5 SLC7A5,0.9946993743619928
GCTACCTCACTGCATA-1,Endo CLDN5 SLC7A5,0.9005705680126316
GCTACCTGTGGTTCTA-1,Endo CLDN5 SLC7A5,0.34129686965551925
GCTACCTTCAATCGGT-1,Endo CLDN5 SLC7A5,0.5296968058526913
GCTCAAAGTCCAGCGT-1,L2-3 CUX2 NTNG1 PALMD,0.6612222858036639
GCTCAAAGTGCCTTCT-1,Endo CLDN5 SLC7A5,0.9495009416367457
GCTGAATAGGGATCTG-1,Endo CLDN5 SLC7A5,0.9634780124533183
GCTGAATAGTGATTCC-1,Endo CLDN5 SLC7A5,0.9976211574113848
GCTGAATCAAATTAGG-1,Endo CLDN5 SLC7A5,0.5718695527620531
GCTGCAGCAGGACTTT-1,Endo CLDN5 SLC7A5,0.9970893552450866
GCTGCAGTCCGAGCTG-1,Endo CLDN5 SLC7A5,0.9993863306692944
GCTGGGTCAGCAGTAG-1,L2-3 CUX2 NTNG1 PALMD,0.776083772940633
GCTGGGTGTAGTGGCA-1,Endo CLDN5 SLC7A5,0.8442821376123277
GCTGGGTGTGGCTGCT-1,Endo CLDN5 SLC7A5,0.4659659323919493
GCTTCACGTCACTCAA-1,Oligo MOG GSN,0.9996868193527623
GCTTCACGTCGAGTTT-1,Endo CLDN5 SLC7A5,0.6146057812323127
GCTTCACTCCAAGCAT-1,Endo CLDN5 SLC7A5,0.5114684226662675
GCTTGGGGTCCAAATC-1,Oligo MOG OPALIN,0.9999911584056712
GCTTGGGGTGAGGAAA-1,Endo CLDN5 SLC7A5,0.3473651732806091
GCTTGGGGTGTTAAAG-1,Endo CLDN5 SLC7A5,0.7334549338442824
GCTTGGGTCAAGTCTG-1,Endo CLDN5 SLC7A5,0.9969416624762277
GCTTGGGTCGCGCTGA-1,L2-3 CUX2 NTNG1 PALMD,0.38719655659707325
GCTTTCGCAACCAGAG-1,Endo CLDN5 SLC7A5,0.5884407221542357
GCTTTCGCACATTGTG-1,Endo CLDN5 SLC7A5,0.8746248655964566
GCTTTCGCAGCCGTCA-1,Oligo MOG OPALIN,0.9973095611476259
GCTTTCGGTCAAAGTA-1,InN PVALB PRKCH,0.9981612686207255
GCTTTCGTCGCAACAT-1,Endo CLDN5 SLC7A5,0.7273749381952608
GGAACCCAGCGTGTCC-1,L2-3 CUX2 ACVR1C THSD7A,0.44546606526326576
GGAACCCCACGCTATA-1,Endo CLDN5 SLC7A5,0.33216416091403445
GGAACCCCATGGAATA-1,Astro AQP4 SLC1A2,0.6130163010528554
GGAACCCGTAACTGCT-1,Oligo MOG OPALIN,0.6437368542871073
GGAAGTGAGATCCAAA-1,Endo CLDN5 SLC7A5,0.7634175670953984
GGAAGTGTCAAGCCCG-1,Oligo MOG OPALIN,0.9759701652463774
GGAAGTGTCTTTACAC-1,Endo CLDN5 SLC7A5,0.5789298831334274
GGAATCTCAGTTGTTG-1,L2-3 CUX2 NTNG1 PALMD,0.4546102753073909
GGAATCTTCAGAGCAG-1,Endo CLDN5 SLC7A5,0.7106953098546769
GGAATGGAGGCATTTC-1,Endo CLDN5 SLC7A5,0.9463355523000829
GGAATGGCATAACGGG-1,Endo CLDN5 SLC7A5,0.37890137778550753
GGAATGGTCTGAGATC-1,Endo CLDN5 SLC7A5,0.6097181913569697
GGACGTCGTGCTTATG-1,Endo CLDN5 SLC7A5,0.9369527561434392
GGACGTCTCACATCAG-1,Endo CLDN5 SLC7A5,0.9569582730761691
GGAGAACAGAAATTGC-1,L2-3 CUX2 NTNG1 PALMD,0.34696819874774665
GGAGATGAGAGCACTG-1,Endo CLDN5 SLC7A5,0.77778003043301
GGAGATGTCTGCACCT-1,L2-3 CUX2 NTNG1 PALMD,0.32225117153483746
GGAGCAAAGCTTCGTA-1,Oligo MOG OPALIN,0.6131538178710144
GGAGCAAGTCGCGGTT-1,Endo CLDN5 SLC7A5,0.9757519811427195
GGAGGATCAGCTAACT-1,Endo CLDN5 SLC7A5,0.9822757525914333
GGAGGTAAGGAATGTT-1,Endo CLDN5 SLC7A5,0.8691281689818143
GGAGGTAGTGACAGGT-1,Endo CLDN5 SLC7A5,0.6206934717494504
GGAGGTATCAGTCACA-1,L2-3 CUX2 NTNG1 PALMD,0.4478848794298
GGAGGTATCTGTCAGA-1,Endo CLDN5 SLC7A5,0.5842433790787461
GGATCTAAGAGCCGAT-1,L2-3 CUX2 ACVR1C THSD7A,0.35261385399430195
GGATCTACAGATCCTA-1,Endo CLDN5 SLC7A5,0.9881698653866777
GGATGTTAGATCACCT-1,Endo CLDN5 SLC7A5,0.9965014678875489
GGATGTTCAGCTTTGA-1,Endo CLDN5 SLC7A5,0.6624110334785487
GGATGTTGTGCTATTG-1,Oligo MOG OPALIN,0.6883431340716338
GGCACGTAGTCAACAA-1,Endo CLDN5 SLC7A5,0.9723468779104728
GGCACGTCAACTGCCG-1,Oligo MOG OPALIN,0.9999631312351172
GGCACGTCATGAGAAT-1,Oligo MOG OPALIN,0.8438831855441286
GGCAGTCGTGCAATAA-1,L2-3 CUX2 NTNG1 PALMD,0.3072754293143805
GGCAGTCGTTGATCGT-1,Endo CLDN5 SLC7A5,0.6196810245856419
GGCGTCAAGGATGGCT-1,Endo CLDN5 SLC7A5,0.3759157416753292
GGCGTCACAACCTAAC-1,L2-3 CUX2 NTNG1 PALMD,0.3279451938088613
GGCGTCAGTCCAAGAG-1,Oligo MOG OPALIN,0.3845157809771754
GGCGTCATCAACACCA-1,L2-3 CUX2 NTNG1 PALMD,0.9291426451072451
GGCGTCATCGTTCTCG-1,Oligo MOG OPALIN,0.9460737921689408
GGCGTCATCTCGTGGG-1,Endo CLDN5 SLC7A5,0.9648235555750156
GGCTGTGAGGCGTCCT-1,Endo CLDN5 SLC7A5,0.9747554410873209
GGCTGTGAGGTTACAA-1,Endo CLDN5 SLC7A5,0.994268850869637
GGCTGTGGTCGCTCGA-1,L2-3 CUX2 NTNG1 PALMD,0.507981888555864
GGCTTTCGTCGTATGT-1,Endo CLDN5 SLC7A5,0.4039019972133483
GGCTTTCGTCTGATCA-1,InN LAMP5 ADAMTS20,0.9141180295247471
GGCTTTCTCTGATTCT-1,Endo CLDN5 SLC7A5,0.6639723718076765
GGGAAGTGTCGAACGA-1,Endo CLDN5 SLC7A5,0.7671684128473591
GGGACAATCACAGAGG-1,L2-3 CUX2 NTNG1 PALMD,0.5179404654343375
GGGACCTTCAAAGGTA-1,Oligo MOG OPALIN,0.47374753951431237
GGGACTCCACCTCTAC-1,InN SST PLPP4,0.9995219471395396
GGGACTCCATACGCAT-1,L2-3 CUX2 NTNG1 PALMD,0.5654441667815837
GGGACTCGTCATGCAT-1,Endo CLDN5 SLC7A5,0.699023625361349
GGGACTCGTTCATCTT-1,Endo CLDN5 SLC7A5,0.9911446612540578
GGGAGATGTAGGGTAC-1,Oligo MOG OPALIN,0.9998078564090891
GGGAGATTCACTGTCC-1,Endo CLDN5 SLC7A5,0.6675232833704301
GGGAGATTCGTAACTG-1,Endo CLDN5 SLC7A5,0.6098254984449649
GGGAGTACAGGAATCG-1,L2-3 CUX2 ACVR1C THSD7A,0.7200910385342406
GGGATCCCACTGCGTG-1,Endo CLDN5 SLC7A5,0.9184607495996016
GGGATCCTCGTACCTC-1,Endo CLDN5 SLC7A5,0.9620949451950619
GGGATCCTCGTGGAAG-1,Endo CLDN5 SLC7A5,0.6622193183166856
GGGATGAAGGCTTCCG-1,Endo CLDN5 SLC7A5,0.7683201355501259
GGGATGACAACGGCCT-1,Endo CLDN5 SLC7A5,0.996771079001837
GGGATGACAAGGCTTT-1,Endo CLDN5 SLC7A5,0.6957050071789235
GGGATGAGTGTGTCGC-1,Oligo MOG OPALIN,0.9999677300564168
GGGATGATCACTACTT-1,InN VIP EXPH5,0.7664412189026014
GGGCCATAGCTCTATG-1,Oligo MOG OPALIN,0.7425245054118474
GGGCCATAGCTGACTT-1,Oligo MOG OPALIN,0.9601632724891048
GGGCGTTAGACGCAGT-1,Endo CLDN5 SLC7A5,0.9853988162491274
GGGCGTTCAAGAGTGC-1,Endo CLDN5 SLC7A5,0.3062258330891334
GGGCGTTGTACGACTT-1,PC P2RY14 GRM8,0.999999416533373
GGGCGTTGTCGGATTT-1,Endo CLDN5 SLC7A5,0.7348626913856328
GGGCGTTTCAAGAGTA-1,Endo CLDN5 SLC7A5,0.3733089326420791
GGGCTACAGTCTTGGT-1,Endo CLDN5 SLC7A5,0.5271203671349474
GGGCTACGTTTCCATT-1,L2-3 CUX2 NTNG1 PALMD,0.4805290368685823
GGGCTCACAAAGGGTC-1,Endo CLDN5 SLC7A5,0.7854228678086652
GGGCTCACAAGCAGGT-1,Endo CLDN5 SLC7A5,0.43457169474889473
GGGCTCACACCTCTAC-1,L2-3 CUX2 NTNG1 PALMD,0.3937072090393903
GGGCTCACACTGTCGG-1,Endo CLDN5 SLC7A5,0.733042762444577
GGGCTCAGTCTATGAC-1,Oligo MOG GSN,0.9829596769983345
GGGCTCAGTGTGACCC-1,Endo CLDN5 SLC7A5,0.9991379765733299
GGGTAGAAGTACCATC-1,Endo CLDN5 SLC7A5,0.8926795354612593
GGGTAGACAATCAAGA-1,Endo CLDN5 SLC7A5,0.8330178362295098
GGGTAGAGTGGGACAT-1,Endo CLDN5 SLC7A5,0.9846388801815005
GGGTAGAGTTTACGAC-1,Endo CLDN5 SLC7A5,0.9387496705351298
GGGTATTAGGACATCG-1,Endo CLDN5 SLC7A5,0.5895907824293847
GGGTATTGTAGACAGC-1,Endo CLDN5 SLC7A5,0.5052891600829714
GGGTATTGTTTACGTG-1,L3-5 RORB GABRG1 PLCH1,0.9903782351654508
GGGTCACAGACCAAAT-1,Endo CLDN5 SLC7A5,0.7658742275043743
GGGTCACAGGTACCTT-1,Endo CLDN5 SLC7A5,0.9697875482084309
GGGTCACCATCTTAGG-1,Oligo MOG OPALIN,0.38141829764522495
GGGTCACTCCGATAGT-1,L2-3 CUX2 NTNG1 PALMD,0.8819755670953731
GGGTCTGAGTACCCTA-1,Endo CLDN5 SLC7A5,0.33150227794144954
GGGTCTGCAATTCACG-1,OPC PDGFRA PCDH15,0.5899172557330563
GGGTCTGCACCAGGTC-1,Endo CLDN5 SLC7A5,0.5019158380324291
GGGTCTGCACCATAAC-1,Endo CLDN5 SLC7A5,0.3052817029942781
GGGTCTGGTTCCGCGA-1,Endo CLDN5 SLC7A5,0.8887584766403142
GGGTCTGTCCTGATAG-1,L2-3 CUX2 NTNG1 PALMD,0.816101354609451
GGGTCTGTCGTTACCC-1,Endo CLDN5 SLC7A5,0.8586133735767589
GGGTGAACATAGGCGA-1,L2-3 CUX2 NTNG1 PALMD,0.3169850724949237
GGGTGAAGTCTTAGTG-1,OPC PDGFRA PCDH15,0.9999999999923754
GGGTGTCAGTGGTGAC-1,Oligo MOG OPALIN,0.9999995928899291
GGGTGTCCAACCCTAA-1,OPC PDGFRA PCDH15,0.9999999819207014
GGGTGTCTCATCACCC-1,Endo CLDN5 SLC7A5,0.3257355467119987
GGGTTATCACTACTTT-1,Oligo MOG OPALIN,0.35480983515809617
GGGTTTACACGTCTCT-1,L2-3 CUX2 NTNG1 PALMD,0.9236784787632899
GGGTTTAGTGAGCGAT-1,Endo CLDN5 SLC7A5,0.5056906420599757
GGTAACTAGTCTAACC-1,L2-3 CUX2 NTNG1 PALMD,0.35512549937769317
GGTAACTAGTGGTGAC-1,Endo CLDN5 SLC7A5,0.9936398922331765
GGTAATCAGGTTACAA-1,Endo CLDN5 SLC7A5,0.86732577521976
GGTAATCCAAGTGACG-1,Endo CLDN5 SLC7A5,0.9976616960463585
GGTAATCCATTCCTCG-1,L2-3 CUX2 NTNG1 PALMD,0.3294750030013148
GGTAATCGTGGTCTTA-1,L2-3 CUX2 NTNG1 PALMD,0.5127318210448156
GGTAATCGTGTTTGCA-1,Endo CLDN5 SLC7A5,0.7594726284025063
GGTAATCTCCAAAGGG-1,Oligo MOG OPALIN,0.999995998115176
GGTAATCTCGGTTCAA-1,Endo CLDN5 SLC7A5,0.9993802757652149
GGTAGAGAGGAAGTGA-1,Endo CLDN5 SLC7A5,0.9568316027443904
GGTAGAGCAGTGTGCC-1,Astro GFAP FABP7,0.4273159888213139
GGTAGAGGTGGCTTAT-1,Endo CLDN5 SLC7A5,0.91771704178128
GGTAGAGGTTTCACTT-1,PC P2RY14 GRM8,0.8781151019427667
GGTCACGAGCAGCCTC-1,Endo CLDN5 SLC7A5,0.8637786351442239
GGTCACGCAGCACAAG-1,Oligo MOG GSN,0.9525979190286061
GGTCACGTCAGTCTTT-1,Endo CLDN5 SLC7A5,0.3418437097421792
GGTCTGGAGGGTGAGG-1,Endo CLDN5 SLC7A5,0.9286841566911461
GGTCTGGTCGCACGAC-1,Endo CLDN5 SLC7A5,0.4696430645025647
GGTGAAGAGTGGACGT-1,Endo CLDN5 SLC7A5,0.5207168063055739
GGTGAAGGTCTCGACG-1,Endo CLDN5 SLC7A5,0.5862202142973325
GGTGATTAGACTCTAC-1,Endo CLDN5 SLC7A5,0.7335973382572574
GGTGATTCAGCTTTGA-1,Endo CLDN5 SLC7A5,0.9462863645959249
GGTGGCTAGCCTCTGG-1,Oligo MOG OPALIN,0.590049261745994
GGTGGCTAGTCTAGCT-1,Endo CLDN5 SLC7A5,0.9856088917174866
GGTGGCTTCATAGAGA-1,Micro P2RY12 APBB1IP,0.99729617422121
GGTGTCGGTTCCGCTT-1,Endo CLDN5 SLC7A5,0.4562249808465379
GGTGTTAAGCTCTTCC-1,Endo CLDN5 SLC7A5,0.8878154916638329
GGTGTTAAGGGTGAAA-1,Endo CLDN5 SLC7A5,0.9892897785773679
GGTGTTATCCTAGCCT-1,Endo CLDN5 SLC7A5,0.889081911610246
GGTGTTATCCTCAGGG-1,Endo CLDN5 SLC7A5,0.3058871507842084
GGTGTTATCCTTATAC-1,Endo CLDN5 SLC7A5,0.854812852997678
GGTTAACAGCAACTCT-1,Endo CLDN5 SLC7A5,0.999924444721017
GGTTAACAGTGGAAGA-1,Endo CLDN5 SLC7A5,0.5510042636077944
GGTTAACGTGACGTCC-1,Endo CLDN5 SLC7A5,0.9907880837003223
GGTTAACGTTGCAACT-1,Endo CLDN5 SLC7A5,0.41848432334673513
GGTTAACTCATCTCTA-1,Endo CLDN5 SLC7A5,0.6630239565844124
GGTTAACTCATGCCGG-1,Endo CLDN5 SLC7A5,0.5931196692546742
GGTTCTCCAACTCCCT-1,Endo CLDN5 SLC7A5,0.6717412534406332
GGTTCTCGTACTGTTG-1,Endo CLDN5 SLC7A5,0.9213937963155701
GGTTGTAAGAGCACTG-1,Endo CLDN5 SLC7A5,0.8643115759713548
GGTTGTATCGGTTAGT-1,Oligo MOG OPALIN,0.9790785165203608
GGTTGTATCGTTGCCT-1,Endo CLDN5 SLC7A5,0.9752120780024441
GTAACACCAAATGCGG-1,Endo CLDN5 SLC7A5,0.36230919815446955
GTAACACCAGTAGTGG-1,Endo CLDN5 SLC7A5,0.8450941918074092
GTAACACGTGTGCCTG-1,Endo CLDN5 SLC7A5,0.9926563931145999
GTAACACTCCACTGAA-1,Oligo MOG OPALIN,0.3543961215478946
GTAACCAAGTATGCAA-1,Endo CLDN5 SLC7A5,0.6149967209365264
GTAACCAGTTCTCGTC-1,Oligo MOG OPALIN,0.62995031946491
GTAACCATCATTGTGG-1,Endo CLDN5 SLC7A5,0.9895801829072616
GTAACCATCGACGCTG-1,L3-5 RORB GABRG1 PTPRO,0.3188404585163522
GTAAGTCGTACGTGAG-1,Endo CLDN5 SLC7A5,0.9969461261352117
GTAAGTCGTCGAGCTC-1,Endo CLDN5 SLC7A5,0.7828794694882456
GTAATCGAGGGAGGTG-1,L3-5 RORB TNNT2 TSHZ2,0.7798370758485658
GTAATCGAGTGTAGTA-1,L2-3 CUX2 ACVR1C THSD7A,0.8574924653931786
GTAATCGTCAACCTCC-1,Endo CLDN5 SLC7A5,0.990755060793408
GTAATGCCAGTGGTGA-1,Astro GFAP AQP1,0.5012144141911922
GTAATGCGTTGTCAGT-1,Endo CLDN5 SLC7A5,0.48069759511966254
GTAATGCTCCTCTAGC-1,Endo CLDN5 SLC7A5,0.8258811507119176
GTACAACCACCTGCAG-1,Endo CLDN5 SLC7A5,0.8697306404089641
GTACAACTCGTAACCA-1,Endo CLDN5 SLC7A5,0.9376920080800336
GTACAGTAGATGGGCT-1,Endo CLDN5 SLC7A5,0.7665072060012165
GTACAGTAGCTGGTGA-1,Oligo MOG OPALIN,0.9999772687575044
GTACAGTAGTCGAATA-1,Oligo MOG OPALIN,0.9999913251658532
GTACAGTGTCTGATCA-1,Oligo MOG OPALIN,0.9999997360183526
GTACAGTTCCAAGCTA-1,Endo CLDN5 SLC7A5,0.6130571547413297
GTACAGTTCTGTCTCG-1,Endo CLDN5 SLC7A5,0.9980561466862024
GTAGAAAAGCTGAGCA-1,OPC PDGFRA PCDH15,0.9678246657826638
GTAGAAAAGGCGTTGA-1,Oligo MOG OPALIN,0.9599035269972237
GTAGAAAAGGTCGACA-1,Endo CLDN5 SLC7A5,0.6517500582803372
GTAGAGGCATAGTCAC-1,Endo CLDN5 SLC7A5,0.46135145174759506
GTAGAGGTCACTTATC-1,Endo CLDN5 SLC7A5,0.32386592721638585
GTAGAGGTCCAATGCA-1,Oligo MOG OPALIN,0.6119302444508663
GTAGAGGTCGTTCTGC-1,Endo CLDN5 SLC7A5,0.7669518561435607
GTAGATCAGATTGAGT-1,L2-3 CUX2 NTNG1 PALMD,0.6854320019254063
GTAGATCCACAAGCAG-1,Endo CLDN5 SLC7A5,0.878863624797311
GTAGATCCACCCTCTA-1,Endo CLDN5 SLC7A5,0.37174062607255454
GTAGATCCACCTGATA-1,Endo CLDN5 SLC7A5,0.7429359330049239
GTAGATCCATAGTCGT-1,Oligo MOG OPALIN,0.4957251203095776
GTAGATCTCATCCCGT-1,Endo CLDN5 SLC7A5,0.9307297746143801
GTAGATCTCTGTGCTC-1,Endo CLDN5 SLC7A5,0.5592209731094475
GTAGCTAGTAAGATTG-1,L3-5 RORB MKX GRIN3A,0.9108306053496475
GTAGCTAGTGTGTCCG-1,Endo CLDN5 SLC7A5,0.7447188269618137
GTAGCTATCTCACCCA-1,Oligo MOG OPALIN,0.5889650044446753
GTAGGAGAGGGATCAC-1,Endo CLDN5 SLC7A5,0.303581521810902
GTAGGAGCACTACAGT-1,Endo CLDN5 SLC7A5,0.4197182254880056
GTAGTACAGCGGCTCT-1,Micro P2RY12 APBB1IP,0.9682173485631789
GTAGTACCAATGGCCC-1,L2-3 CUX2 NTNG1 PALMD,0.8893161809444221
GTAGTACCACCAAATC-1,Oligo MOG OPALIN,0.9983504894437669
GTAGTACCAGAGGGTT-1,Endo CLDN5 SLC7A5,0.9989829711625225
GTAGTACGTCCTGAAT-1,Endo CLDN5 SLC7A5,0.6735004494782776
GTAGTACTCCTCACGT-1,Micro P2RY12 APBB1IP,0.9989415398247428
GTATTGGTCAAAGACA-1,L2-3 CUX2 NTNG1 PALMD,0.7687134456629626
GTATTGGTCTACCAGA-1,Endo CLDN5 SLC7A5,0.9049726992347921
GTATTTCGTATACAGA-1,Endo CLDN5 SLC7A5,0.9688882779364882
GTATTTCGTTTCGCTC-1,Endo CLDN5 SLC7A5,0.4609123597546881
GTCAAACAGCAGGTCA-1,Oligo MOG OPALIN,0.9989431272494497
GTCAAACCAATGACCT-1,L2-3 CUX2 NTNG1 PALMD,0.7540724706210185
GTCAAACTCACTGGGC-1,Endo CLDN5 SLC7A5,0.9792792697829231
GTCAAACTCCGCGGAT-1,L3-5 RORB MKX GRIN3A,0.48317502616980745
GTCAAGTAGTTCATCG-1,Endo CLDN5 SLC7A5,0.8413830543473574
GTCAAGTCAGGTGAGT-1,InN ADARB2 CADPS2,0.5971836514106592
GTCAAGTGTACGAGTG-1,Endo CLDN5 SLC7A5,0.44875671129385486
GTCACGGCACATACTG-1,Endo CLDN5 SLC7A5,0.909944194745856
GTCACGGTCGGCAGTC-1,Endo CLDN5 SLC7A5,0.3479753233760659
GTCACTCAGCAGCCCT-1,Endo CLDN5 SLC7A5,0.9790285947280724
GTCACTCTCCATTGCC-1,Endo CLDN5 SLC7A5,0.3902701350168039
GTCAGCGAGGCAATGC-1,L2-4 CUX2 RORB CLMN,0.5766658371062141
GTCAGCGCACGCAGTC-1,Endo CLDN5 SLC7A5,0.5396619066885213
GTCAGCGTCAGGGTAG-1,Endo CLDN5 SLC7A5,0.6282191833269758
GTCATCCCACGTCGTG-1,Endo CLDN5 SLC7A5,0.4944273397123712
GTCATCCTCCCTGTTG-1,Endo CLDN5 SLC7A5,0.9990996432199415
GTCATGAGTACAAGCG-1,Endo CLDN5 SLC7A5,0.6083990531503904
GTCATTTAGGGTGGGA-1,Endo CLDN5 SLC7A5,0.998392090180958
GTCATTTCACTCAAGT-1,Endo CLDN5 SLC7A5,0.7544548635970368
GTCATTTGTATGGAAT-1,Endo CLDN5 SLC7A5,0.936858443827303
GTCATTTGTCCATCTC-1,Endo CLDN5 SLC7A5,0.9532434516521964
GTCATTTTCGTGCAGC-1,L2-3 CUX2 ACVR1C THSD7A,0.3250420838151088
GTCCACTCATGGGCAA-1,Endo CLDN5 SLC7A5,0.8920233495042943
GTCCACTGTATGTCCA-1,Oligo MOG OPALIN,0.9943629490896506
GTCCACTGTCACTTCC-1,Endo CLDN5 SLC7A5,0.8949120807363666
GTCCCATCAAACACCT-1,Endo CLDN5 SLC7A5,0.5680974002091249
GTCCCATCACAATTCG-1,Endo CLDN5 SLC7A5,0.9982197775052691
GTCCTCACATCTCGTC-1,L2-3 CUX2 NTNG1 PALMD,0.8774969844330461
GTCCTCAGTTAGGCTT-1,L2-3 CUX2 NTNG1 PALMD,0.46777877052105615
GTCCTCATCCGTAGTA-1,Endo CLDN5 SLC7A5,0.6485207188239451
GTCGAATAGCTAAGTA-1,Micro P2RY12 APBB1IP,0.32745747913308193
GTCGAATAGGCCCGTT-1,SMC ACTA2 CYP1B1,0.30069539641936766
GTCGAATAGTTGCGCC-1,Oligo MOG OPALIN,0.9999566982914236
GTCGCGACACATGAAA-1,Endo CLDN5 SLC7A5,0.9490640355368695
GTCGCGACACGTATAC-1,Endo CLDN5 SLC7A5,0.5801599590727359
GTCGCGACAGCTCCTT-1,Endo CLDN5 SLC7A5,0.5960562868318566
GTCGCGAGTCTCCCTA-1,Endo CLDN5 SLC7A5,0.9967656164844583
GTCGTAAAGGCTTCCG-1,Oligo MOG OPALIN,0.998980084888092
GTCGTAACATTGCCGG-1,Oligo MOG OPALIN,0.7482939938925354
GTCGTTCAGCACACCC-1,Endo CLDN5 SLC7A5,0.3983748168993049
GTCGTTCAGTCTAACC-1,Oligo MOG OPALIN,0.9989175439671004
GTCGTTCCATGGGCAA-1,Endo CLDN5 SLC7A5,0.8381542471540023
GTCGTTCGTACAGAAT-1,Endo CLDN5 SLC7A5,0.9985939212648427
GTCGTTCGTGGACAGT-1,Endo CLDN5 SLC7A5,0.3012718190280894
GTCTACCAGTACGTCT-1,Endo CLDN5 SLC7A5,0.8588573770906107
GTCTACCAGTGAGTGC-1,Oligo MOG OPALIN,0.945219997556849
GTCTACCTCAGTCAGT-1,Endo CLDN5 SLC7A5,0.8336660972272082
GTCTAGACAGAGCTAG-1,Oligo MOG OPALIN,0.9986438246103577
GTCTAGAGTTAAGGAT-1,Endo CLDN5 SLC7A5,0.8288900872595838
GTCTAGAGTTAGGACG-1,Oligo MOG OPALIN,0.7178988603960686
GTCTAGATCGTTCTCG-1,L2-3 CUX2 ACVR1C THSD7A,0.3185684552922648
GTCTAGATCTCTAAGG-1,L2-3 CUX2 NTNG1 PALMD,0.3338510396075447
GTCTCACAGTGTTCAC-1,Endo CLDN5 SLC7A5,0.999194195686385
GTCTCACCAATTAGGA-1,L2-3 CUX2 NTNG1 PALMD,0.4859319674901907
GTCTCACCATGATGCT-1,Endo CLDN5 SLC7A5,0.543876275016716
GTCTCACGTCATCTAG-1,Endo CLDN5 SLC7A5,0.314000615631912
GTCTCACTCGATCCAA-1,Endo CLDN5 SLC7A5,0.7758950540140702
GTCTCACTCGTCTAAG-1,Endo CLDN5 SLC7A5,0.9988406996432029
GTCTGTCAGGAAGTGA-1,OPC PDGFRA PCDH15,0.3330344478269454
GTCTGTCTCAGATTGC-1,Endo CLDN5 SLC7A5,0.8820264226783273
GTCTGTCTCCGCACGA-1,Endo CLDN5 SLC7A5,0.3169363639082309
GTCTGTCTCGTGGGTC-1,InN SST FREM1,0.6823724967712228
GTGACGCCAGCACAAG-1,Endo CLDN5 SLC7A5,0.7920702621759644
GTGACGCTCATGTCTT-1,L2-3 CUX2 NTNG1 PALMD,0.7423168064310165
GTGAGCCGTACATTGC-1,InN LAMP5 LHX6 TAC1,0.9833124095223804
GTGAGCCTCATTCTTG-1,Endo CLDN5 SLC7A5,0.9669465026205881
GTGAGCCTCGGTCTGG-1,Endo CLDN5 SLC7A5,0.5975954882500044
GTGAGGAAGGTGATAT-1,Oligo MOG OPALIN,0.7370726158484684
GTGAGGAGTACTCGAT-1,Endo CLDN5 SLC7A5,0.9142218026515868
GTGAGTTAGAAGCGAA-1,Micro P2RY12 APBB1IP,0.3415226063704122
GTGAGTTAGCAAATCA-1,Micro P2RY12 APBB1IP,0.9758582767825518
GTGAGTTCACATGAAA-1,L2-3 CUX2 NTNG1 PALMD,0.41507557569634695
GTGAGTTCATATCGGT-1,InN PVALB HPSE,0.9913541868678116
GTGAGTTCATCCCACT-1,L2-3 CUX2 NTNG1 PALMD,0.49788642822054885
GTGAGTTGTCTCGCGA-1,Endo CLDN5 SLC7A5,0.5820163734607752
GTGCACGCATAAGCAA-1,Endo CLDN5 SLC7A5,0.5342148238774221
GTGCACGGTAACAGGC-1,Endo CLDN5 SLC7A5,0.9593992837017855
GTGCACGTCGCCTTTG-1,Oligo MOG OPALIN,0.9996820155373297
GTGCAGCGTACAACGG-1,Endo CLDN5 SLC7A5,0.9442871593404577
GTGCAGCGTTGAGGAC-1,Oligo MOG OPALIN,0.9999230939637788
GTGCTGGAGGAATGTT-1,L2-3 CUX2 NTNG1 PALMD,0.36523550845038544
GTGCTGGCATCGTCCT-1,Endo CLDN5 SLC7A5,0.5562585713536914
GTGCTGGTCATTGTGG-1,Endo CLDN5 SLC7A5,0.5012822772630745
GTGCTGGTCGGACGTC-1,L2-3 CUX2 NTNG1 PALMD,0.41814400182196554
GTGCTTCAGTCACTCA-1,L2-3 CUX2 NTNG1 PALMD,0.8906700767053188
GTGCTTCCAGGGAATC-1,L2-3 CUX2 NTNG1 PALMD,0.5909156587471721
GTGCTTCGTCTTTATC-1,Endo CLDN5 SLC7A5,0.9349828962847919
GTGCTTCTCAAGGTGG-1,Endo CLDN5 SLC7A5,0.9881579212467606
GTGCTTCTCTCTTAAC-1,Endo CLDN5 SLC7A5,0.36172087196555736
GTGGAAGAGGTCCAGA-1,Endo CLDN5 SLC7A5,0.7259536066983571
GTGGAAGAGTCATGGG-1,Endo CLDN5 SLC7A5,0.5007734751812459
GTGGAAGGTACAAGCG-1,Oligo MOG OPALIN,0.9999949304922869
GTGGAGATCGATCCCT-1,Endo CLDN5 SLC7A5,0.4480228223323447
GTGGCGTAGATGAATC-1,Endo CLDN5 SLC7A5,0.7704007599656966
GTGGCGTCAAATCAAG-1,Endo CLDN5 SLC7A5,0.9770669129512924
GTGGCGTCAAGATGTA-1,Endo CLDN5 SLC7A5,0.9743111406550218
GTGGCGTGTCGGATTT-1,L6 OPRK1 SMYD1 SNTB1,0.5399988290867674
GTGGCGTTCTTAGCCC-1,Endo CLDN5 SLC7A5,0.8856935439366017
GTGGGAACAGACATCT-1,Astro AQP4 SLC1A2,0.9999754557152057
GTGGGAACAGGCTACC-1,Endo CLDN5 SLC7A5,0.3470151081070784
GTGGGAAGTATCCCTC-1,Endo CLDN5 SLC7A5,0.33889317460763607
GTGGGAATCCACAGCG-1,Endo CLDN5 SLC7A5,0.4308583883402343
GTGGGAATCGACCATA-1,Endo CLDN5 SLC7A5,0.9618063384088926
GTGGGAATCGGCAGTC-1,Endo CLDN5 SLC7A5,0.9999957354174829
GTGGTTAGTAGGATAT-1,L2-3 CUX2 NTNG1 PALMD,0.8853898699784166
GTGGTTATCAAGCTTG-1,Endo CLDN5 SLC7A5,0.694347550902206
GTGGTTATCTATCCAT-1,Oligo MOG OPALIN,0.9947482635250173
GTGTAACAGCAACCAG-1,Endo CLDN5 SLC7A5,0.9560257479713478
GTGTAACAGGACATCG-1,Endo CLDN5 SLC7A5,0.9453899363982707
GTGTAACCAGCATTGT-1,L2-3 CUX2 NTNG1 PALMD,0.6755131239484511
GTGTAACCAGCTACCG-1,Oligo MOG OPALIN,0.8825563698497062
GTGTAACTCACGTCCT-1,Endo CLDN5 SLC7A5,0.5429502181293316
GTGTCCTTCGAACCAT-1,Endo CLDN5 SLC7A5,0.6088713243899062
GTGTGATCACGTTCGG-1,Endo CLDN5 SLC7A5,0.3488031391364887
GTGTGATGTGCATCTA-1,L2-3 CUX2 ACVR1C THSD7A,0.8302601472564246
GTGTGGCCACATTCGA-1,Oligo MOG OPALIN,0.8737220439889289
GTGTTAGAGCACCAGA-1,Oligo MOG OPALIN,0.9999698743531876
GTGTTAGGTAGGTTTC-1,Astro AQP4 SLC1A2,0.6744280301870439
GTGTTAGGTGGCTGCT-1,InN PVALB SNTB1,0.5019886627066036
GTGTTAGGTGGTACAG-1,Endo CLDN5 SLC7A5,0.8676762929413078
GTTACAGAGATTGTGA-1,Endo CLDN5 SLC7A5,0.3667691384132447
GTTACAGAGTGGAAGA-1,Astro AQP4 SLC1A2,0.9969245845635004
GTTACAGCACAGCGCT-1,L3-5 RORB PCBP3 IL1RAPL2,0.5519986095881846
GTTACAGCATGTTCAG-1,InN PVALB HPSE,0.9975212671903604
GTTACAGGTTAGTTCG-1,L2-3 CUX2 NTNG1 PALMD,0.4792403571179435
GTTACGAAGAGCTGAC-1,Endo CLDN5 SLC7A5,0.37223038668890346
GTTACGACAGTTGGTT-1,Oligo MOG OPALIN,0.9941243176426774
GTTACGAGTCCCTGAG-1,Endo CLDN5 SLC7A5,0.9572415813550017
GTTACGAGTTAGTTCG-1,Endo CLDN5 SLC7A5,0.38252673867327025
GTTACGATCTTGTTAC-1,Endo CLDN5 SLC7A5,0.9112155359393544
GTTAGACAGATCGACG-1,Oligo MOG OPALIN,0.8340335173900649
GTTAGACAGGACAACC-1,Endo CLDN5 SLC7A5,0.9830974978653312
GTTAGACAGTGGACGT-1,Endo CLDN5 SLC7A5,0.9675905755028875
GTTAGACAGTGGTTAA-1,Astro AQP4 SLC1A2,0.9997464382143915
GTTAGTGGTACCTGTA-1,Micro P2RY12 APBB1IP,0.3763030322134169
GTTAGTGTCGCACGAC-1,Endo CLDN5 SLC7A5,0.8789709109933379
GTTATGGAGGCCGCTT-1,OPC PDGFRA PCDH15,0.9507259726959746
GTTATGGAGTAAACTG-1,Endo CLDN5 SLC7A5,0.9977059496484867
GTTATGGAGTGCTCAT-1,Endo CLDN5 SLC7A5,0.4003269035262613
GTTATGGCAGTCGGAA-1,Endo CLDN5 SLC7A5,0.88504232500758
GTTATGGTCAAGAGGC-1,Endo CLDN5 SLC7A5,0.9169863084698461
GTTATGGTCTCAACCC-1,Astro AQP4 SLC1A2,0.9999986677583569
GTTATGGTCTTCCCAG-1,Endo CLDN5 SLC7A5,0.6327870339048067
GTTCATTAGGCGACAT-1,L2-3 CUX2 NTNG1 PALMD,0.46243015160285234
GTTCATTTCTGTAACG-1,L2-3 CUX2 NTNG1 PALMD,0.41742565097030165
GTTCCGTAGCGCCGTT-1,Endo CLDN5 SLC7A5,0.9998431005703083
GTTCCGTAGGTGCTGA-1,L2-3 CUX2 NTNG1 PALMD,0.812285600059335
GTTCCGTAGTGGTTCT-1,Endo CLDN5 SLC7A5,0.38755160327604693
GTTCCGTCAGAACCGA-1,Endo CLDN5 SLC7A5,0.85125152406548
GTTCCGTCAGTAGATA-1,Endo CLDN5 SLC7A5,0.43778544406223874
GTTCCGTTCCATCACC-1,Endo CLDN5 SLC7A5,0.5410045049077044
GTTCCGTTCTTGGCTC-1,Oligo MOG GSN,0.9261289800677043
GTTCGCTAGCATGGGT-1,Endo CLDN5 SLC7A5,0.7089763612936527
GTTCGCTTCGAAATCC-1,Oligo MOG OPALIN,0.9993741782764217
GTTCTATCACAGTATC-1,Endo CLDN5 SLC7A5,0.4850354099496647
GTTCTATTCGTGCAGC-1,Endo CLDN5 SLC7A5,0.9092184081157284
GTTCTATTCTAAGCGT-1,Oligo MOG OPALIN,0.7835724694393699
GTTCTATTCTGGTTGA-1,Endo CLDN5 SLC7A5,0.8898103958151046
GTTGAACTCAACTTTC-1,L6 FEZF2 NPFFR2 KCNK2,0.9617544704069805
GTTGCGGAGGCCACCT-1,Oligo MOG OPALIN,0.9997368533070776
GTTGCGGCAATTCACG-1,Endo CLDN5 SLC7A5,0.8374769550495963
GTTGCGGTCGAGATAA-1,Endo CLDN5 SLC7A5,0.9187901687764884
GTTGCGGTCTACCCAC-1,Endo CLDN5 SLC7A5,0.7003039688218634
GTTGCTCGTACTCCCT-1,InN SST FREM1,0.9994435004829377
GTTGCTCGTATGCGGA-1,Endo CLDN5 SLC7A5,0.32094112374681766
GTTGCTCTCAGACCGC-1,Endo CLDN5 SLC7A5,0.9905761015690884
GTTGTAGCAAAGGCAC-1,Endo CLDN5 SLC7A5,0.9192338252223157
GTTGTAGCATGATGCT-1,Endo CLDN5 SLC7A5,0.9425524439526634
GTTGTAGGTCCCTAAA-1,OPC PDGFRA PCDH15,0.9999663853486136
GTTGTAGTCCGGTAGC-1,Endo CLDN5 SLC7A5,0.561962371503432
GTTGTCCAGACGACTG-1,Endo CLDN5 SLC7A5,0.993442744454148
GTTGTCCAGAGCAGAA-1,Oligo MOG OPALIN,0.5849278251632416
GTTGTCCTCATTTGGG-1,Endo CLDN5 SLC7A5,0.3245282121431898
GTTGTCCTCGCCTTGT-1,InN VIP ADAM12,0.5032705949140771
GTTGTGAAGCGTCAAG-1,Oligo MOG OPALIN,0.9991795922946646
GTTGTGAGTCCGACGT-1,Endo CLDN5 SLC7A5,0.6924228704925429
GTTGTGATCTGTAAGC-1,Oligo MOG OPALIN,0.3580966244670935
GTTTACTAGCCTTTGA-1,Endo CLDN5 SLC7A5,0.8110389008822179
GTTTACTGTAGGTGCA-1,Endo CLDN5 SLC7A5,0.9808729281294691
GTTTACTGTTGGGAAC-1,Oligo MOG OPALIN,0.5829516028798586
GTTTACTTCACTCTTA-1,Endo CLDN5 SLC7A5,0.3885542344998973
GTTTACTTCCCGTAAA-1,Oligo MOG OPALIN,0.7535549779486115
GTTTACTTCTCTGAGA-1,Astro GFAP FABP7,0.9937164674871871
GTTTGGAGTCGCTTAA-1,Endo CLDN5 SLC7A5,0.4679615527900483
GTTTGGATCTTCCACG-1,Endo CLDN5 SLC7A5,0.9817001590724874
TAACACGCATCTTCGC-1,Endo CLDN5 SLC7A5,0.8075871500319035
TAACACGGTCAGCGTC-1,Endo CLDN5 SLC7A5,0.6230506038299396
TAACACGTCGGTTAGT-1,Endo CLDN5 SLC7A5,0.9412554502992505
TAACCAGAGACATGCG-1,Endo CLDN5 SLC7A5,0.9990106257584103
TAACCAGGTAGCACAG-1,Endo CLDN5 SLC7A5,0.30121220242789537
TAACCAGGTTGTATGC-1,Micro P2RY12 APBB1IP,0.9317207965194695
TAACGACGTAAGAACT-1,Endo CLDN5 SLC7A5,0.8279178018351886
TAACGACGTGTCTTGA-1,Endo CLDN5 SLC7A5,0.8523451259003731
TAACGACGTTCTCGCT-1,Endo CLDN5 SLC7A5,0.6343732551431588
TAACGACTCCCTTCCC-1,Endo CLDN5 SLC7A5,0.365713592472111
TAACTTCAGGCTTTCA-1,Endo CLDN5 SLC7A5,0.9976221495548829
TAACTTCGTACCTAGT-1,Endo CLDN5 SLC7A5,0.6351680209505008
TAACTTCGTCATGGCC-1,Oligo MOG OPALIN,0.999724742916279
TAAGCACCACAGCTTA-1,Oligo MOG OPALIN,0.9612225840447127
TAAGCACTCCACCCTA-1,Oligo MOG OPALIN,0.3576006879361315
TAAGCCAAGGCTGGAT-1,Endo CLDN5 SLC7A5,0.8219927242184601
TAAGCCACACTCCTTG-1,Endo CLDN5 SLC7A5,0.648512601452707
TAAGCCACATGACGGA-1,Endo CLDN5 SLC7A5,0.998943549650308
TAAGCCAGTATCTTCT-1,Endo CLDN5 SLC7A5,0.9945581448763293
TAAGCCATCCCTCTCC-1,Endo CLDN5 SLC7A5,0.8888341848079351
TAAGCGTGTGGCTGAA-1,Endo CLDN5 SLC7A5,0.9482016792034034
TAAGCGTTCACGGACC-1,Endo CLDN5 SLC7A5,0.3005606910021267
TAAGTCGAGTAGCATA-1,Endo CLDN5 SLC7A5,0.6481091593933052
TAAGTCGGTACAAGTA-1,Endo CLDN5 SLC7A5,0.6876988270558975
TAAGTCGGTGACGTCC-1,InN LAMP5 RELN,0.8421387191057919
TAATCTCAGGGACCAT-1,Endo CLDN5 SLC7A5,0.9993700421224189
TAATCTCGTCGAGTTT-1,InN VIP EXPH5,0.3397420616688911
TAATTCCCAGCGCGTT-1,Endo CLDN5 SLC7A5,0.8653388119769229
TAATTCCGTCCTTGTC-1,Micro P2RY12 APBB1IP,0.9998015798864793
TAATTCCTCATGGATC-1,Endo CLDN5 SLC7A5,0.9479579990180858
TACAACGGTGAGATTA-1,InN VIP EXPH5,0.9989382215997324
TACACCCAGGTTCCAT-1,Oligo MOG OPALIN,0.3697927316000811
TACACCCTCATCCCGT-1,Oligo MOG OPALIN,0.9998637362267635
TACAGGTCAACTCCCT-1,Oligo MOG OPALIN,0.5192330076479689
TACAGGTGTCTCGCGA-1,Endo CLDN5 SLC7A5,0.3485073935979853
TACAGGTTCGTTAGTG-1,Endo CLDN5 SLC7A5,0.5227350573172087
TACATTCAGGACGCAT-1,Endo CLDN5 SLC7A5,0.9410386867129156
TACATTCGTAACGGTG-1,Endo CLDN5 SLC7A5,0.805018170067931
TACATTCGTCGCATGC-1,Oligo MOG OPALIN,0.5161323911690074
TACCCACCATGATGCT-1,Oligo MOG OPALIN,0.75033949257098
TACCCGTAGTATGACA-1,Endo CLDN5 SLC7A5,0.9634564842276402
TACCCGTGTGAAAGTT-1,Endo CLDN5 SLC7A5,0.9980714747740983
TACCCGTGTGGGATTG-1,Endo CLDN5 SLC7A5,0.7566297172368146
TACCGAAGTAATCAGA-1,Endo CLDN5 SLC7A5,0.6568313056408297
TACCGAAGTACAGCGA-1,Endo CLDN5 SLC7A5,0.909804713686804
TACCGAAGTATACCCA-1,Oligo MOG OPALIN,0.4551319948790921
TACCGAAGTCTAATCG-1,Endo CLDN5 SLC7A5,0.8375303011509173
TACCGAATCACTAGCA-1,L2-3 CUX2 ACVR1C THSD7A,0.3286157229557341
TACCGGGGTTGGGCCT-1,L2-3 CUX2 NTNG1 PALMD,0.5167979783721951
TACCGGGTCGGCTCTT-1,Endo CLDN5 SLC7A5,0.9356929927332178
TACCTCGAGGGTAATT-1,Endo CLDN5 SLC7A5,0.3714057307565534
TACCTCGGTCTAACTG-1,Endo CLDN5 SLC7A5,0.5014310386315453
TACCTCGTCCCTAGGG-1,Endo CLDN5 SLC7A5,0.6763333391745578
TACCTGCAGAGGTATT-1,L2-3 CUX2 NTNG1 PALMD,0.31867620874518915
TACCTGCAGGAGAGGC-1,PC P2RY14 GRM8,0.9999818615200635
TACCTGCGTCAAGGCA-1,Endo CLDN5 SLC7A5,0.4135692809116137
TACCTGCGTGTACGCC-1,L2-3 CUX2 NTNG1 PALMD,0.7822184318796878
TACCTGCTCACACGAT-1,InN VIP ADAM12,0.3065208731887123
TACGCTCAGAGGATGA-1,Endo CLDN5 SLC7A5,0.8656634610546504
TACGCTCAGCGCCATC-1,Endo CLDN5 SLC7A5,0.30352216849541325
TACGCTCAGTCGTTAC-1,L2-3 CUX2 ACVR1C THSD7A,0.46794211548904335
TACGCTCGTCATTGCA-1,Endo CLDN5 SLC7A5,0.3442360584675117
TACGCTCGTGATAGAT-1,Endo CLDN5 SLC7A5,0.9141261115380371
TACGCTCGTGCATCTA-1,Oligo MOG OPALIN,0.47918218578649563
TACGCTCTCTAGAGCT-1,Endo CLDN5 SLC7A5,0.7037841148458679
TACGGGCCATGTGTCA-1,L2-3 CUX2 NTNG1 PALMD,0.5852190661381876
TACGGGCGTAGGAGGG-1,Endo CLDN5 SLC7A5,0.8690657938390645
TACGGGCTCGAGCCTG-1,Oligo MOG OPALIN,0.9495446498104001
TACGGTAAGACGAGCT-1,Endo CLDN5 SLC7A5,0.9321244266987317
TACGGTATCTTCTGTA-1,Endo CLDN5 SLC7A5,0.8910162052241793
TACGTCCAGGCGAACT-1,Endo CLDN5 SLC7A5,0.32411189225127096
TACGTCCCAACCAGAG-1,L2-3 CUX2 ACVR1C THSD7A,0.997526446616581
TACGTCCCATTCTCTA-1,InN ADARB2 COL5A2,0.38783081816739434
TACTTACAGAAGGATG-1,Endo CLDN5 SLC7A5,0.9831993171973749
TACTTACCAAGGCGTA-1,Oligo MOG OPALIN,0.8396184324609356
TACTTACGTCGTGATT-1,Endo CLDN5 SLC7A5,0.8710084895294723
TACTTCACACAATCTG-1,Endo CLDN5 SLC7A5,0.7027737127594265
TACTTCAGTAGACACG-1,Oligo MOG OPALIN,0.9999933217725612
TACTTGTAGGTATTGA-1,Endo CLDN5 SLC7A5,0.3388842487811541
TACTTGTGTAACGCGA-1,L2-3 CUX2 NTNG1 PALMD,0.6151576760187784
TACTTGTGTGTGTCCG-1,Endo CLDN5 SLC7A5,0.7893176383430812
TAGACCAAGGTACCTT-1,Endo CLDN5 SLC7A5,0.4445822916303209
TAGACCACATACTTTC-1,Endo CLDN5 SLC7A5,0.9977908618440005
TAGACCATCTTTCCAA-1,Endo CLDN5 SLC7A5,0.8908394913792343
TAGACTGAGGAGTATT-1,Endo CLDN5 SLC7A5,0.9402929902479465
TAGACTGGTATCACCA-1,Endo CLDN5 SLC7A5,0.9870960447470322
TAGACTGTCATTCGTT-1,Endo CLDN5 SLC7A5,0.997154518572171
TAGACTGTCGCCGAAC-1,Endo CLDN5 SLC7A5,0.6427528545005742
TAGAGTCAGACGCCAA-1,Oligo MOG OPALIN,0.9994750512996241
TAGAGTCAGATAACGT-1,Oligo MOG FRY,0.9988961897561602
TAGAGTCAGATAGTGT-1,Endo CLDN5 SLC7A5,0.9571202700982362
TAGAGTCAGTTTCGAC-1,Oligo MOG OPALIN,0.3491077926039361
TAGAGTCCAAACCGGA-1,L2-3 CUX2 NTNG1 PALMD,0.9263070513086862
TAGAGTCCAAGTGGCA-1,Endo CLDN5 SLC7A5,0.9614038690403695
TAGAGTCGTGGTTTAC-1,L2-3 CUX2 NTNG1 PALMD,0.8606395924029847
TAGCACAAGCATCAGG-1,Oligo MOG GSN,0.7330995122940219
TAGCACACAGTTGGTT-1,Oligo MOG OPALIN,0.9997984944562855
TAGCACATCAGCTAGT-1,Endo CLDN5 SLC7A5,0.33065131917531304
TAGGAGGAGGATTCAA-1,L2-3 CUX2 NTNG1 PALMD,0.44208581053994483
TAGGAGGCACAACATC-1,T SKAP1 CD247,0.9987683822083736
TAGGAGGTCCACATAG-1,Endo CLDN5 SLC7A5,0.759323235864124
TAGGGTTGTCTCGGGT-1,Endo CLDN5 IL1R1,0.9999999981199315
TAGGTACAGCTTAGTC-1,L2-3 CUX2 NTNG1 PALMD,0.30216271955619145
TAGGTACAGGGAGGGT-1,Endo CLDN5 SLC7A5,0.4308539785699537
TAGGTACAGTGAGTGC-1,Endo CLDN5 SLC7A5,0.36893166076840317
TAGGTACCACCAGCCA-1,Astro AQP4 SLC1A2,0.9999975517582853
TAGGTTGTCGTAGCTA-1,Endo CLDN5 SLC7A5,0.5807759192160759
TAGGTTGTCGTTAGAC-1,Endo CLDN5 SLC7A5,0.34657828140917446
TAGGTTGTCTCTGGTC-1,L2-3 CUX2 ACVR1C THSD7A,0.4190380909015586
TAGTGCAAGCGAGTCA-1,Endo CLDN5 SLC7A5,0.8596466652434572
TAGTGCACAACACGAG-1,Endo CLDN5 SLC7A5,0.7971473129695623
TAGTGCATCGCGGACT-1,Endo CLDN5 SLC7A5,0.363903401232179
TATACCTGTAGATCCT-1,Endo CLDN5 SLC7A5,0.8278937136762562
TATATCCAGAAGCCTG-1,Endo CLDN5 SLC7A5,0.6487053750303192
TATATCCAGGAGACCT-1,L2-3 CUX2 NTNG1 PALMD,0.42685670620984256
TATATCCCAAATAGCA-1,L2-3 CUX2 NTNG1 PALMD,0.7352079700876996
TATCAGGAGGGTATAT-1,Astro AQP4 SLC1A2,0.6264762997805007
TATCAGGGTCACGACC-1,Endo CLDN5 SLC7A5,0.9070183694601349
TATCAGGTCACAAGGG-1,Endo CLDN5 SLC7A5,0.999180393531924
TATCCTAAGGATTCAA-1,Endo CLDN5 SLC7A5,0.9859196646322294
TATCCTATCATCGCCT-1,L2-3 CUX2 NTNG1 PALMD,0.3159165483257031
TATCCTATCCCATTCG-1,Oligo MOG OPALIN,0.9957143232161325
TATCCTATCTCTAGGA-1,L2-3 CUX2 ACVR1C THSD7A,0.3909158964006694
TATCGCCAGGCCTTGC-1,Oligo MOG OPALIN,0.7095093070267211
TATCGCCAGTCGGCCT-1,Endo CLDN5 SLC7A5,0.9264719957650303
TATCGCCCACATGACT-1,Endo CLDN5 SLC7A5,0.9097976773226782
TATCGCCGTAAGGAGA-1,Endo CLDN5 SLC7A5,0.6671353093451994
TATCGCCTCCTCAGGG-1,Endo CLDN5 SLC7A5,0.5790114363735948
TATCTGTCACGGTGAA-1,Oligo MOG OPALIN,0.999993288396319
TATCTGTCACTACACA-1,Oligo MOG OPALIN,0.43581011918083323
TATCTGTGTGTTAAAG-1,Endo CLDN5 SLC7A5,0.8634404092303254
TATCTGTGTTAGTCGT-1,Endo CLDN5 SLC7A5,0.6736879294744641
TATCTGTTCTGAACGT-1,L2-3 CUX2 NTNG1 PALMD,0.3587989964390693
TATCTTGAGGGAGGAC-1,L2-3 CUX2 NTNG1 PALMD,0.6040893220567276
TATGTTCCAAGGTTGG-1,Oligo MOG OPALIN,0.999833574035707
TATGTTCGTAGGAAAG-1,Endo CLDN5 SLC7A5,0.9800396931658607
TATGTTCGTGGTCTCG-1,Endo CLDN5 SLC7A5,0.7238327574605846
TATGTTCGTTCTCTAT-1,Endo CLDN5 SLC7A5,0.3497336693274985
TATTCCAAGGGCAAGG-1,Endo CLDN5 SLC7A5,0.7104848094912039
TATTGGGGTTCCCAAA-1,Endo CLDN5 SLC7A5,0.9633974135101815
TATTGGGTCTTAGGAC-1,Oligo MOG OPALIN,0.8422813487271942
TCAAGCAAGTCATCGT-1,Endo CLDN5 SLC7A5,0.7500927265075763
TCAAGCAGTCGATTAC-1,Endo CLDN5 SLC7A5,0.990719217319263
TCAAGTGCAACACAGG-1,L2-3 CUX2 NTNG1 PALMD,0.5734593618619885
TCAAGTGCACGCTGCA-1,Endo CLDN5 SLC7A5,0.5412203805028578
TCAAGTGTCTAGTTCT-1,Oligo MOG OPALIN,0.5752173424268714
TCAATCTAGTTTGAGA-1,Endo CLDN5 SLC7A5,0.40881675071577056
TCAATCTGTCATACCA-1,Endo CLDN5 SLC7A5,0.8522477935608092
TCAATTCAGACTTGTC-1,L2-3 CUX2 NTNG1 PALMD,0.4154699861733316
TCAATTCAGCGACTTT-1,Endo CLDN5 SLC7A5,0.5377346116091098
TCAATTCCACCAGCTG-1,Oligo MOG OPALIN,0.9999997645570592
TCACAAGGTGTGTGGA-1,L2-3 CUX2 NTNG1 PALMD,0.45214698865957764
TCACACCGTCATCAGT-1,Endo CLDN5 SLC7A5,0.9873811548379785
TCACACCTCTGAGGCC-1,Astro GFAP AQP1,0.9998097818191441
TCACGCTTCATTGGTG-1,L2-3 CUX2 NTNG1 PALMD,0.330555925661272
TCACGGGAGCATACTC-1,Endo CLDN5 SLC7A5,0.8494225723954751
TCACGGGCAAACACGG-1,Endo CLDN5 SLC7A5,0.7167341721597821
TCACGGGGTCATAAAG-1,Endo CLDN5 SLC7A5,0.8744274409580174
TCACGGGTCACGTCCT-1,Endo CLDN5 SLC7A5,0.5782700473041293
TCACGGGTCTGAGGCC-1,Oligo MOG OPALIN,0.9993569361988812
TCACTATAGCATCTTG-1,Micro P2RY12 CCL3,0.8380239316246193
TCACTATAGCATTTGC-1,PC P2RY14 GRM8,0.5745377845711365
TCACTATCACATTCTT-1,L2-3 CUX2 NTNG1 PALMD,0.4944369788542473
TCACTATCACGTGAGA-1,Endo CLDN5 SLC7A5,0.9951079126355531
TCACTATGTCTGTTAG-1,L2-3 CUX2 NTNG1 PALMD,0.8444009889849123
TCACTATTCTGTAACG-1,Endo CLDN5 SLC7A5,0.5807131884645838
TCACTCGAGACTGAGC-1,Endo CLDN5 SLC7A5,0.46481671492181614
TCACTCGCATATCTCT-1,OPC PDGFRA PCDH15,0.9999999999931746
TCACTCGCATTCGATG-1,Endo CLDN5 SLC7A5,0.6813823401525211
TCAGCAACAACAGATA-1,Endo CLDN5 SLC7A5,0.9899232805428887
TCAGCAAGTTAGAAAC-1,Endo CLDN5 SLC7A5,0.4820131892922345
TCAGCAATCACAAGAA-1,Endo CLDN5 SLC7A5,0.7475265661460526
TCAGCAATCGTTCCTG-1,T SKAP1 CD247,0.9882719414131486
TCAGCCTAGACATATG-1,Endo CLDN5 SLC7A5,0.9730126796834897
TCAGCCTGTTCTTCAT-1,Endo CLDN5 SLC7A5,0.7874233588023398
TCAGCCTTCGGCGATC-1,Endo CLDN5 SLC7A5,0.8983731238955849
TCAGCCTTCTAGACAC-1,Astro GFAP AQP1,0.34187288082977846
TCAGGGCGTTCTGACA-1,Endo CLDN5 SLC7A5,0.956481328435062
TCAGGGCTCCTAACAG-1,L2-3 CUX2 NTNG1 PALMD,0.3121586297568205
TCAGGTAGTGAGGCAT-1,Endo CLDN5 SLC7A5,0.30715625060923735
TCAGGTATCACTGATG-1,Endo CLDN5 SLC7A5,0.9457085072204086
TCAGGTATCCCTCTAG-1,Endo CLDN5 SLC7A5,0.9206669169180796
TCAGTCCAGATGAATC-1,L3-5 RORB GABRG1 PTPRO,0.3298055374214585
TCAGTCCAGTATAACG-1,Oligo MOG OPALIN,0.9970913323286835
TCAGTCCTCGCCTATC-1,Endo CLDN5 SLC7A5,0.5387551602506782
TCAGTGAAGGCGTCCT-1,Micro P2RY12 APBB1IP,0.9897515113782058
TCAGTGAAGTGCACTT-1,Endo CLDN5 SLC7A5,0.5635142184962801
TCAGTGACAAGTTTGC-1,Endo CLDN5 SLC7A5,0.3126390408297416
TCAGTGATCAAACCTG-1,Astro GFAP AQP1,0.9083395498439614
TCAGTGATCCTCACCA-1,Oligo MOG OPALIN,0.999296484967133
TCAGTTTAGTGATGGC-1,Astro GFAP AQP1,0.9999360295251758
TCAGTTTCATAGTCAC-1,Endo CLDN5 SLC7A5,0.9986930048572971
TCAGTTTGTACTAAGA-1,Endo CLDN5 SLC7A5,0.45498276055953757
TCAGTTTGTGTACATC-1,Endo CLDN5 SLC7A5,0.9911835867275807
TCAGTTTTCGGTATGT-1,Endo CLDN5 SLC7A5,0.8835988320334427
TCATACTAGGAGAGGC-1,L2-3 CUX2 ACVR1C THSD7A,0.776155164823114
TCATACTAGTGCTACT-1,Endo CLDN5 SLC7A5,0.5337411602858975
TCATATCGTTACGTAC-1,Endo CLDN5 SLC7A5,0.5146077903979462
TCATCATAGGAACTAT-1,Endo CLDN5 SLC7A5,0.9104758504912335
TCATCATCAATAGTAG-1,Endo CLDN5 SLC7A5,0.4903205454047644
TCATCATCAGGTCTCG-1,Endo CLDN5 SLC7A5,0.9805202586850834
TCATCCGCAGTCGTTA-1,Endo CLDN5 SLC7A5,0.7405014787261308
TCATCCGTCTGTGTGA-1,Endo CLDN5 SLC7A5,0.5269762729128613
TCATGAGAGAACTGAT-1,InN PVALB HPSE,0.9762665375142896
TCATGAGGTATGAAGT-1,Endo CLDN5 SLC7A5,0.9472283772071156
TCATGAGTCGGCTGTG-1,Endo CLDN5 SLC7A5,0.9718112403617128
TCATGCCAGAGCATAT-1,Endo CLDN5 SLC7A5,0.4005188955571952
TCATGCCAGCCTAACT-1,Endo CLDN5 SLC7A5,0.9525878759817131
TCATGCCGTCCCAAAT-1,Endo CLDN5 SLC7A5,0.8605409780030772
TCATGCCGTCTACTGA-1,L2-3 CUX2 NTNG1 PALMD,0.873167917872405
TCATGGAAGCAGGCTA-1,L2-3 CUX2 NTNG1 PALMD,0.9028217327452088
TCATGGACAGCTTTGA-1,Astro GFAP FABP7,0.8960900825053305
TCATGGATCATGGGAG-1,Endo CLDN5 SLC7A5,0.9771487084711664
TCATGTTAGTACAGAT-1,InN VIP EXPH5,0.7558426762646905
TCATGTTGTTCGGACC-1,Endo CLDN5 SLC7A5,0.9858552627645636
TCATGTTGTTGAGAGC-1,L3-5 RORB TNNT2 TSHZ2,0.6524979903648839
TCATTACCAATAAGGT-1,Endo CLDN5 SLC7A5,0.9977974433008769
TCATTACCACTTCAAG-1,Endo CLDN5 SLC7A5,0.47847239598527813
TCATTACGTTTCGTAG-1,Endo CLDN5 SLC7A5,0.7316170875979587
TCATTCACATGGAAGC-1,Micro P2RY12 APBB1IP,0.6608373051964852
TCATTGTAGGGTACGT-1,Micro P2RY12 APBB1IP,0.7141445298665878
TCATTGTTCCCACAGG-1,Oligo MOG OPALIN,0.4550928575626457
TCATTTGAGAGACAAG-1,Endo CLDN5 SLC7A5,0.7146828583295997
TCATTTGAGGCGTTGA-1,Endo CLDN5 SLC7A5,0.9786112277048841
TCATTTGAGGGTTGCA-1,Endo CLDN5 SLC7A5,0.5686207299250753
TCATTTGCACATGAAA-1,Endo CLDN5 SLC7A5,0.5134455019512129
TCCACCAAGGGAGAAT-1,InN SST ADAMTSL1,0.4433450749336193
TCCACCAAGTGTAGTA-1,OPC PDGFRA PCDH15,0.4213383022000529
TCCACCACAGTGTATC-1,Endo CLDN5 SLC7A5,0.47978726951892486
TCCACGTCAGCCTACG-1,Endo CLDN5 SLC7A5,0.8524948657527667
TCCACGTTCGCAAGAG-1,Oligo MOG OPALIN,0.8356235224129067
TCCAGAACAGTTAGGG-1,Micro P2RY12 APBB1IP,0.9993022016031201
TCCATCGTCCACGTCT-1,Endo CLDN5 SLC7A5,0.9932051494004654
TCCATGCAGACACACG-1,Oligo MOG GSN,0.5495720127487784
TCCATGCAGCTGGCCT-1,SMC ACTA2 CNN1,0.9700161651396064
TCCATGCAGTCCCGGT-1,Oligo MOG OPALIN,0.9149048122380619
TCCATGCCACCAGCCA-1,L2-3 CUX2 NTNG1 PALMD,0.5821995412105907
TCCATGCTCATGAGTC-1,Endo CLDN5 SLC7A5,0.9862513080522195
TCCATGCTCCGTGGCA-1,Oligo MOG OPALIN,0.8469197115532481
TCCCACATCAGCCTTC-1,Astro GFAP FABP7,0.9735169421608382
TCCCACATCGCATGAT-1,Endo CLDN5 SLC7A5,0.7787068314148908
TCCCAGTAGCGTATAA-1,Oligo MOG OPALIN,0.6162935241768271
TCCCATGGTATGATCC-1,Endo CLDN5 SLC7A5,0.6785722519575283
TCCCATGTCTCGCTTG-1,Endo CLDN5 SLC7A5,0.998164816120667
TCCGAAAAGCTTCGTA-1,Endo CLDN5 SLC7A5,0.8961444826688727
TCCGAAAAGGGTTGCA-1,Endo CLDN5 SLC7A5,0.9913655219198743
TCCGAAATCCGTGGTG-1,Endo CLDN5 SLC7A5,0.9778459462072987
TCCGGGAGTATGTCTG-1,Oligo MOG OPALIN,0.9016244257078128
TCCGTGTGTATTAAGG-1,Endo CLDN5 SLC7A5,0.4605497079812372
TCCGTGTGTGGTTTAC-1,L3-5 RORB TNNT2 TSHZ2,0.9579101611244089
TCCGTGTTCCATCTAT-1,L2-3 CUX2 NTNG1 PALMD,0.44112702335853077
TCCTAATTCGACACCG-1,L2-3 CUX2 NTNG1 PALMD,0.9258109010110914
TCCTCCCCACTGGCGT-1,Endo CLDN5 SLC7A5,0.8432906093728181
TCCTCCCGTAGTCTTG-1,Oligo MOG OPALIN,0.4283640033062774
TCCTCCCTCTCGAACA-1,Astro GFAP FABP7,0.9999972167899804
TCCTCGACAGGGAATC-1,L2-3 CUX2 NTNG1 PALMD,0.7606014873088099
TCCTCGAGTCAACCTA-1,Endo CLDN5 SLC7A5,0.9436568995584463
TCCTCGATCGGAGTAG-1,Oligo MOG OPALIN,0.9964396900359342
TCCTCTTCAAGTTTGC-1,Endo CLDN5 SLC7A5,0.7649925459215813
TCCTCTTTCCACACAA-1,Oligo MOG OPALIN,0.9999912591989006
TCCTGCACAAACTAAG-1,Endo CLDN5 SLC7A5,0.4538684529588805
TCCTGCACAAGCACCC-1,Endo CLDN5 SLC7A5,0.8710682396240702
TCCTGCAGTCTAACTG-1,Endo CLDN5 SLC7A5,0.9453930120465258
TCCTGCATCTCACGAA-1,Endo CLDN5 SLC7A5,0.4063288469926302
TCCTTCTCACTGTGTA-1,SMC ACTA2 CNN1,0.9990768465761074
TCCTTCTGTAAGTTAG-1,Endo CLDN5 IL1R1,0.9990117454365556
TCCTTCTGTACGCTTA-1,Endo CLDN5 SLC7A5,0.41682113883834476
TCCTTCTTCACCTCGT-1,Endo CLDN5 SLC7A5,0.42757184932851955
TCCTTTCCAGCTGAAG-1,Oligo MOG OPALIN,0.9999882712484697
TCCTTTCGTCATTGCA-1,Endo CLDN5 SLC7A5,0.9489877007318441
TCGAACACACGTCATA-1,Endo CLDN5 SLC7A5,0.9898853151096655
TCGAACAGTCGATTTG-1,Endo CLDN5 SLC7A5,0.9624756524574369
TCGAACATCCTCCACA-1,Astro AQP4 SLC1A2,0.947954288557401
TCGAACATCGTCGATA-1,Oligo MOG OPALIN,0.7345222185964888
TCGAAGTCACACACGC-1,Endo CLDN5 SLC7A5,0.5541403738297584
TCGAAGTGTGCATTAC-1,Endo CLDN5 SLC7A5,0.8460766957530907
TCGAAGTGTGGACCTC-1,L2-3 CUX2 NTNG1 PALMD,0.5673988071066778
TCGAAGTTCCATTCAT-1,L2-3 CUX2 NTNG1 PALMD,0.7750003335618959
TCGACCTCACTGAGGA-1,Oligo MOG OPALIN,0.9999836860466121
TCGACCTGTGCCGGTT-1,InN LAMP5 RELN,0.8425431241202614
TCGACCTTCACTACTT-1,Endo CLDN5 SLC7A5,0.9919119779470038
TCGACGGGTCTTTCTA-1,Endo CLDN5 SLC7A5,0.9925847356555513
TCGATTTGTGGAGAAA-1,Endo CLDN5 SLC7A5,0.9769523875310647
TCGATTTGTTGATGTC-1,L2-3 CUX2 NTNG1 PALMD,0.9815311134900437
TCGCACTGTGCATTTG-1,Endo CLDN5 SLC7A5,0.9800110836806594
TCGCAGGAGCGCTGCT-1,Endo CLDN5 SLC7A5,0.48452233911379533
TCGCAGGCACTTGAGT-1,Endo CLDN5 SLC7A5,0.515296520349861
TCGCAGGGTGCAGATG-1,L2-3 CUX2 NTNG1 PALMD,0.7522566158404914
TCGCAGGTCACCTCAC-1,Endo CLDN5 SLC7A5,0.8107160897661857
TCGCTCAAGGCACGAT-1,Endo CLDN5 SLC7A5,0.6677374064518707
TCGCTCACAAACCATC-1,Oligo MOG OPALIN,0.9999993224865528
TCGCTCACAGTTGCGC-1,Endo CLDN5 SLC7A5,0.5723018340250005
TCGCTCAGTGGATGAC-1,Endo CLDN5 SLC7A5,0.9944404415538095
TCGCTTGCAATAACCC-1,Endo CLDN5 SLC7A5,0.6748687155445298
TCGCTTGCACCGTGCA-1,Endo CLDN5 SLC7A5,0.9599747112558643
TCGCTTGCATTCACAG-1,Endo CLDN5 SLC7A5,0.8776137886278329
TCGCTTGTCATCGGGC-1,Endo CLDN5 SLC7A5,0.44301444598323636
TCGGATAAGCGGCTCT-1,Endo CLDN5 SLC7A5,0.6690180797706066
TCGGATACAACAGAGC-1,Oligo MOG OPALIN,0.9038750448387275
TCGGGACAGTAGCCAG-1,L2-3 CUX2 NTNG1 PALMD,0.997897226339893
TCGGGCAAGTCGGGAT-1,Oligo MOG OPALIN,0.9449623521478354
TCGGGCACACCAGACC-1,Endo CLDN5 SLC7A5,0.8040034918098945
TCGGGCAGTTGATCGT-1,Endo CLDN5 SLC7A5,0.4348388054417286
TCGGGTGCATGCTGCG-1,L2-4 CUX2 RORB CLMN,0.35326119405201256
TCGGTCTAGGTCTGGA-1,Endo CLDN5 SLC7A5,0.6347309153061855
TCGGTCTCATGGGTCC-1,Endo CLDN5 SLC7A5,0.8167472122472053
TCGGTCTGTACCGGCT-1,Endo CLDN5 SLC7A5,0.9872369891036172
TCGGTCTGTGGTAATA-1,Endo CLDN5 SLC7A5,0.6904967806731991
TCGGTCTTCGACATAC-1,Oligo MOG OPALIN,0.6701776655742439
TCGGTCTTCTAGTACG-1,Endo CLDN5 SLC7A5,0.6417636863286634
TCGTAGACAATGCTCA-1,Endo CLDN5 SLC7A5,0.6628228353330226
TCGTAGACACGTACTA-1,Endo CLDN5 SLC7A5,0.9010267075445741
TCGTAGACACTGTCGG-1,Micro P2RY12 APBB1IP,0.9461424924764182
TCGTAGAGTATCTTCT-1,Endo CLDN5 SLC7A5,0.3468886745150749
TCGTCCAAGTGGAAGA-1,Endo CLDN5 SLC7A5,0.4226202380974774
TCGTCCACAAACGAGC-1,Endo CLDN5 SLC7A5,0.4471753490995499
TCGTCCAGTTAATCGC-1,L3-5 RORB MKX GRIN3A,0.9992333546982703
TCGTGCTGTCTACACA-1,Oligo MOG OPALIN,0.9799906575604729
TCGTGCTGTCTTAGTG-1,L2-3 CUX2 ACVR1C THSD7A,0.41456283491565943
TCGTGCTTCGATTTCT-1,Endo CLDN5 SLC7A5,0.4415207364016394
TCGTGCTTCTACGGGC-1,Oligo MOG OPALIN,0.3210518188439407
TCGTGGGTCTCTGACC-1,L2-3 CUX2 NTNG1 PALMD,0.7614333945610628
TCGTGGGTCTTCCACG-1,Endo CLDN5 SLC7A5,0.9983719132019254
TCTAACTCACGGAAGT-1,L2-3 CUX2 ACVR1C THSD7A,0.5221269997115229
TCTAACTCATCAACCA-1,Astro GFAP AQP1,0.763659458318716
TCTAACTGTAGTCGGA-1,Oligo MOG OPALIN,0.9771944852509384
TCTAACTGTCACCACG-1,Endo CLDN5 SLC7A5,0.5732661937853507
TCTAACTGTGTGAATA-1,Endo CLDN5 SLC7A5,0.4890294944393963
TCTACATAGACAACTA-1,Endo CLDN5 SLC7A5,0.851804183831386
TCTACATAGAGAGGTA-1,Endo CLDN5 SLC7A5,0.839139773996286
TCTACATGTCCCACGA-1,L2-3 CUX2 NTNG1 PALMD,0.39137948174057197
TCTACCGGTCGGAAAC-1,Endo CLDN5 SLC7A5,0.5024995814540606
TCTACCGGTGAATTGA-1,Oligo MOG OPALIN,0.8030264648177529
TCTACCGTCCGAAGGA-1,Endo CLDN5 SLC7A5,0.8215630706520053
TCTATACGTGGGTCAA-1,Endo CLDN5 SLC7A5,0.5949375512029735
TCTATACTCGAGTTGT-1,L3-5 RORB MKX DCC,0.9112514985998401
TCTATCAAGTAAACTG-1,Endo CLDN5 SLC7A5,0.9907300841622294
TCTATCAGTGCATCTA-1,Endo CLDN5 SLC7A5,0.6105139780754767
TCTATCATCCACCCTA-1,Endo CLDN5 SLC7A5,0.5614106442084489
TCTATCATCCTGGGAC-1,L2-3 CUX2 NTNG1 PALMD,0.9737045146446085
TCTCACGAGTAACGAT-1,InN SST TRPC7,0.36671738164058637
TCTCACGGTCTGATAC-1,Oligo MOG OPALIN,0.9918088160651051
TCTCAGCGTCACAATC-1,Endo CLDN5 SLC7A5,0.7255866007799702
TCTCAGCGTCCCTGTT-1,Endo CLDN5 SLC7A5,0.41713757012097447
TCTCAGCTCTGGTCAA-1,L2-3 CUX2 NTNG1 PALMD,0.3108290371829749
TCTCCGAAGGACGCAT-1,Endo CLDN5 SLC7A5,0.6978093723596833
TCTCCGAAGGTGCGAT-1,Endo CLDN5 SLC7A5,0.9859026409749286
TCTCCGACAGGGAGAG-1,InN LAMP5 LHX6 TAC1,0.9991430576056181
TCTCCGAGTAGGAAAG-1,OPC PDGFRA PCDH15,0.7609355899885456
TCTCCGAGTAGTTCCA-1,Endo CLDN5 SLC7A5,0.38132501930918655
TCTCCGAGTATTCCTT-1,Oligo MOG OPALIN,0.5975506333218766
TCTCCGATCTAGAACC-1,Endo CLDN5 SLC7A5,0.5994430139346977
TCTCTGGAGAGCAGAA-1,OPC PDGFRA PCDH15,0.9999999999322091
TCTCTGGTCCCATTCG-1,Micro P2RY12 APBB1IP,0.998090734348246
TCTGCCAAGTACCGGA-1,Endo CLDN5 SLC7A5,0.4822613882532664
TCTGCCATCCATCGTC-1,Endo CLDN5 SLC7A5,0.8597965209034298
TCTGGCTAGGCGAACT-1,Astro AQP4 SLC1A2,0.9836678803084816
TCTGGCTGTCGATTAC-1,Endo CLDN5 SLC7A5,0.7233296752716841
TCTGGCTGTGAGTTTC-1,Endo CLDN5 SLC7A5,0.9995534259473577
TCTGGCTTCAAGGCTT-1,Endo CLDN5 SLC7A5,0.9999641085107567
TCTGGCTTCATCACAG-1,L2-3 CUX2 NTNG1 PALMD,0.6961257576371095
TCTGGCTTCGCGGACT-1,Endo CLDN5 SLC7A5,0.717453544946973
TCTGTCGAGTAGTCCT-1,Oligo MOG OPALIN,0.4610680644633737
TCTGTCGGTGCGACAA-1,Oligo MOG OPALIN,0.9997912958095451
TCTGTCGTCCCTCAAC-1,Endo CLDN5 SLC7A5,0.9888428224514466
TCTGTCGTCTCCCAAC-1,Endo CLDN5 SLC7A5,0.9814824591442384
TCTTCCTAGCAGCGAT-1,Astro AQP4 SLC1A2,0.5560186799919967
TCTTCCTAGGTTCAGG-1,Oligo MOG OPALIN,0.6417743506764338
TCTTCCTAGTATGGAT-1,InN LAMP5 RELN,0.9925523427360129
TCTTCCTGTAGCTTGT-1,InN VIP SCML4,0.9999406959472514
TCTTCCTGTGTGACCC-1,Oligo MOG OPALIN,0.6063258433101224
TCTTCCTTCCAGTGTA-1,L2-3 CUX2 NTNG1 COL5A2,0.4919759674858602
TCTTCCTTCCCTTCCC-1,Endo CLDN5 SLC7A5,0.8229981295352975
TCTTCCTTCCTTCAGC-1,L2-3 CUX2 NTNG1 PALMD,0.4226519085935192
TCTTGCGAGAGCTGAC-1,Endo CLDN5 SLC7A5,0.9998830694025521
TCTTGCGAGTGCCCGT-1,Endo CLDN5 SLC7A5,0.9756039089299763
TCTTGCGCAGTGTGGA-1,Endo CLDN5 SLC7A5,0.9804970426337253
TCTTTGAAGGCATTTC-1,InN LAMP5 LHX6 TAC1,0.9835796504593419
TCTTTGAAGGTCATAA-1,Oligo MOG GSN,0.9097810682145502
TGAACGTAGGTGATAT-1,Oligo MOG OPALIN,0.589780784237904
TGAACGTGTCGTACAT-1,Oligo MOG OPALIN,0.8079015150710167
TGAACGTTCCTTCAGC-1,Astro AQP4 SLC1A2,0.5799857385600413
TGAATCGCATTGAAGA-1,L2-3 CUX2 NTNG1 PALMD,0.3012880496083993
TGAATCGGTTAAAGTG-1,Endo CLDN5 SLC7A5,0.35323437780042616
TGAATCGTCCTATTGT-1,Endo CLDN5 SLC7A5,0.998734526794708
TGAATGCCAAATTAGG-1,Endo CLDN5 SLC7A5,0.5750454860592972
TGACAGTAGGCGCTCT-1,L2-3 CUX2 NTNG1 PALMD,0.5782002747704218
TGACAGTAGGGTATAT-1,Endo CLDN5 SLC7A5,0.580683560519256
TGACAGTGTGAGGATC-1,Endo CLDN5 SLC7A5,0.5134749644948796
TGACCCTCAAACTGCT-1,Endo CLDN5 SLC7A5,0.676919364923375
TGACCCTCAGCGACCT-1,L2-3 CUX2 NTNG1 PALMD,0.5923998174681715
TGACGCGAGAGTCAAT-1,Endo CLDN5 SLC7A5,0.9918004119214815
TGACGCGAGGAGCTGT-1,Endo CLDN5 SLC7A5,0.8921451463860496
TGACGCGGTCACAGTT-1,Endo CLDN5 SLC7A5,0.6413083343112015
TGACGCGTCTGCTCTG-1,Oligo MOG OPALIN,0.9999744655627077
TGACTCCAGGACCCAA-1,L2-3 CUX2 ACVR1C THSD7A,0.9939201922155539
TGACTCCGTACGGATG-1,Endo CLDN5 SLC7A5,0.7787865787528753
TGAGACTAGACGGAAA-1,Endo CLDN5 SLC7A5,0.7283473829407888
TGAGACTCATAGATGA-1,Oligo MOG FRY,0.9882542106318968
TGAGACTGTTCCTTGC-1,Endo CLDN5 SLC7A5,0.6263394923523045
TGAGACTTCGATCCAA-1,Micro P2RY12 APBB1IP,0.9337362161337447
TGAGCATAGAAGCTGC-1,Oligo MOG OPALIN,0.9976073972228737
TGAGCATAGGTTGACG-1,Endo CLDN5 SLC7A5,0.3296615232366392
TGAGCATCACAACGTT-1,Endo CLDN5 SLC7A5,0.8901402600893055
TGAGCGCCAACACGAG-1,Oligo MOG OPALIN,0.7375366140374608
TGAGGAGAGCATGGGT-1,Endo CLDN5 SLC7A5,0.9889086238645045
TGAGGAGTCCTTGGAA-1,Endo CLDN5 SLC7A5,0.5946304180244071
TGAGGGAAGATACGAT-1,Oligo MOG OPALIN,0.9999942737213143
TGAGGGACAACGGTAG-1,Astro AQP4 OSMR,0.48279665477507927
TGAGGGAGTCCTCCAT-1,Endo CLDN5 SLC7A5,0.6032602340413654
TGAGGGAGTGCGTGCT-1,L6 FEZF2 SYT6 PTPRT,0.3484242435164941
TGAGGGATCTAGAGCT-1,Endo CLDN5 SLC7A5,0.8571299803745115
TGAGGGATCTGTGTGA-1,Oligo MOG OPALIN,0.999985426401795
TGAGGTTAGTTAACGA-1,Oligo MOG OPALIN,0.9999451325600077
TGAGGTTCACTCCGGA-1,Endo CLDN5 SLC7A5,0.8103797135699646
TGAGGTTCAGTTTCGA-1,L2-3 CUX2 NTNG1 PALMD,0.6235912372207654
TGAGGTTCATGAATCC-1,Endo CLDN5 SLC7A5,0.9988532400568658
TGAGTCAGTACCAATC-1,Endo CLDN5 SLC7A5,0.6730878661637192
TGAGTCATCCCTCATG-1,Oligo MOG OPALIN,0.9907537372227337
TGATCAGGTGGAGGTT-1,Oligo MOG OPALIN,0.9949992068933191
TGATCTTAGTACCATC-1,Oligo MOG OPALIN,0.6902647771056454
TGATCTTTCAGACCTA-1,Endo CLDN5 SLC7A5,0.6578035319860863
TGATGCAAGGAACGAA-1,Endo CLDN5 SLC7A5,0.9147458837775081
TGATGCAGTGCATGAG-1,Endo CLDN5 SLC7A5,0.31896815988428673
TGATTTCCAGCAGAAC-1,Endo CLDN5 SLC7A5,0.8904620549466542
TGATTTCGTCCGAAGA-1,Endo CLDN5 SLC7A5,0.8480090185279335
TGATTTCTCCATTTAC-1,L2-4 CUX2 RORB CLMN,0.4601376770512459
TGCACGGCAACCTAAC-1,Endo CLDN5 SLC7A5,0.33652353125042367
TGCACGGGTACGGTTT-1,Endo CLDN5 SLC7A5,0.7975608506455079
TGCAGATAGTAGGATT-1,Endo CLDN5 SLC7A5,0.5489136178952703
TGCAGATCAACTGATC-1,Oligo MOG OPALIN,0.9990779724791063
TGCAGATCAATTCACG-1,Micro P2RY12 APBB1IP,0.9995111416470523
TGCAGATCACGGGCTT-1,Endo CLDN5 SLC7A5,0.9789123442826554
TGCAGATCAGCGGTCT-1,Endo CLDN5 SLC7A5,0.7458954046558214
TGCAGGCAGTTCATGC-1,Endo CLDN5 SLC7A5,0.7185525141515784
TGCAGGCTCGGAAGGT-1,Oligo MOG OPALIN,0.9594470617862404
TGCAGTAGTTTAAGGA-1,Endo CLDN5 SLC7A5,0.8173010029802394
TGCATCCAGCCATTGT-1,Endo CLDN5 SLC7A5,0.8710318000749737
TGCATCCCAAGTCCAT-1,PC P2RY14 GRM8,0.9454234572332111
TGCATCCCAGCGAACA-1,Endo CLDN5 SLC7A5,0.9698163200221976
TGCATCCTCCATCTCG-1,Endo CLDN5 SLC7A5,0.6414167441845287
TGCATGACAGCTTTCC-1,Oligo MOG OPALIN,0.9740085198022159
TGCATGATCGCGTGAC-1,Endo CLDN5 SLC7A5,0.8743265907839618
TGCCGAGAGCATTTGC-1,Endo CLDN5 SLC7A5,0.7411044293488913
TGCCGAGGTAATGCGG-1,Endo CLDN5 SLC7A5,0.33685821428755636
TGCGACGAGGTAGCCA-1,Oligo MOG OPALIN,0.7326099131450063
TGCGACGCAGAGTGTG-1,Endo CLDN5 SLC7A5,0.9932273105725601
TGCGACGTCCAATCTT-1,Endo CLDN5 SLC7A5,0.9154972355583592
TGCGATAGTACTTCCC-1,Endo CLDN5 SLC7A5,0.4441257801949546
TGCGGCACACAGACGA-1,Endo CLDN5 SLC7A5,0.8402291359577035
TGCGGCATCCGTGGGT-1,L2-3 CUX2 NTNG1 PALMD,0.6593328249701347
TGCGGCATCGGTCAGC-1,Endo CLDN5 SLC7A5,0.7571432480214559
TGCTCCAAGAATTGTG-1,L2-3 CUX2 NTNG1 PALMD,0.5128752781237533
TGCTCCAAGCGTATGG-1,Endo CLDN5 SLC7A5,0.9948691919341636
TGCTCCACATGAGAAT-1,L2-3 CUX2 ACVR1C THSD7A,0.8025577081454844
TGCTCCAGTCTGCGCA-1,L2-3 CUX2 NTNG1 PALMD,0.5636654601481589
TGCTCCATCATCCCGT-1,Endo CLDN5 SLC7A5,0.5551827145421706
TGCTCGTAGATACATG-1,Endo CLDN5 SLC7A5,0.46622725823999206
TGCTCGTAGCGCCCAT-1,L2-3 CUX2 ACVR1C THSD7A,0.5513025709743241
TGCTCGTAGCGTTGTT-1,Endo CLDN5 SLC7A5,0.6875423502085531
TGCTCGTAGTTGGGAC-1,Endo CLDN5 SLC7A5,0.8777453608165958
TGCTCGTCATGGGAAC-1,Endo CLDN5 SLC7A5,0.414378429412651
TGCTCGTGTAACATAG-1,Endo CLDN5 SLC7A5,0.9694709093805722
TGCTCGTGTTGTGTTG-1,Endo CLDN5 SLC7A5,0.3651110440421558
TGCTTCGAGGAAGTGA-1,Endo CLDN5 SLC7A5,0.8739190424377663
TGCTTGCCAACCTATG-1,T SKAP1 CD247,0.9999981228880664
TGGAACTGTCAGACGA-1,Endo CLDN5 SLC7A5,0.3061073737273404
TGGAACTGTTGTCTAG-1,Endo CLDN5 SLC7A5,0.5799153248987946
TGGAGAGAGACGATAT-1,Endo CLDN5 SLC7A5,0.996208973749192
TGGAGAGGTGTCCGTG-1,L2-3 CUX2 NTNG1 PALMD,0.38740379462036284
TGGAGAGGTGTTGAGG-1,Endo CLDN5 SLC7A5,0.3840350911470985
TGGAGAGGTTTGGGAG-1,OPC PDGFRA PCDH15,0.9806894481717233
TGGAGAGTCCAACCAA-1,Endo CLDN5 SLC7A5,0.5810316885997189
TGGAGGAGTCGCATGC-1,Endo CLDN5 SLC7A5,0.8016272978562524
TGGAGGATCGCACGGT-1,Endo CLDN5 SLC7A5,0.3161696166206941
TGGATCAAGCGCGTTC-1,Endo CLDN5 SLC7A5,0.9999835538015172
TGGATCACAACCAATC-1,Oligo MOG OPALIN,0.3204526506952951
TGGATCACATAACAGA-1,Oligo MOG OPALIN,0.9723483814936387
TGGATGTAGAGAACCC-1,Endo CLDN5 SLC7A5,0.6989210675344723
TGGCGTGCAGATGCGA-1,Endo CLDN5 SLC7A5,0.8747785277133755
TGGCGTGCATGATAGA-1,Oligo MOG OPALIN,0.9999930099296966
TGGCGTGGTCATGGCC-1,Endo CLDN5 SLC7A5,0.40089914932811765
TGGCGTGGTCCTGAAT-1,L3-5 RORB TNNT2 TSHZ2,0.8676346236565899
TGGCGTGGTGACCGTC-1,Endo CLDN5 SLC7A5,0.7328900955553836
TGGCGTGGTTTGACAC-1,Endo CLDN5 SLC7A5,0.4995079375379501
TGGCGTGTCATTACCT-1,Endo CLDN5 SLC7A5,0.6133400981146434
TGGGAAGAGATTGACA-1,Oligo MOG OPALIN,0.6521743581631707
TGGGAAGAGTGCGCTC-1,Endo CLDN5 SLC7A5,0.9119826045970041
TGGGAAGGTATCCTCC-1,OPC PDGFRA PCDH15,0.529276642518101
TGGGAAGGTATGCTAC-1,Endo CLDN5 SLC7A5,0.6740688030170554
TGGGAAGTCCGATAAC-1,OPC PDGFRA PCDH15,0.9999999999869094
TGGGAGAAGCGTCAAG-1,Endo CLDN5 SLC7A5,0.6967302614549736
TGGGAGACAAGAGGTC-1,L2-3 CUX2 NTNG1 PALMD,0.5184021140390171
TGGGAGAGTACAGTAA-1,Oligo MOG OPALIN,0.48572687832808303
TGGGAGATCCGGCTTT-1,Oligo MOG OPALIN,0.7816183576422692
TGGGATTAGAATAACC-1,Endo CLDN5 SLC7A5,0.8704187474608326
TGGGATTCAATCTCGA-1,L2-3 CUX2 NTNG1 PALMD,0.6334064394036912
TGGGATTCACCTTCGT-1,Oligo MOG OPALIN,0.5764771598179219
TGGGATTTCTTTCCAA-1,L2-3 CUX2 ACVR1C THSD7A,0.8629871543440752
TGGGCGTCAAATGGAT-1,L2-3 CUX2 NTNG1 PALMD,0.461070403247518
TGGGCGTCACCAGTAT-1,Endo CLDN5 SLC7A5,0.6745510263909289
TGGGCGTCACCCTTAC-1,Endo CLDN5 SLC7A5,0.9596526469133788
TGGGCGTGTCGAGTTT-1,Endo CLDN5 SLC7A5,0.43986734793953225
TGGGCGTGTTTCCCAC-1,L2-3 CUX2 NTNG1 PALMD,0.6096105300869666
TGGGCGTTCCGGCAAC-1,Endo CLDN5 SLC7A5,0.8626544972482741
TGGGCTGCATCTCGTC-1,Endo CLDN5 SLC7A5,0.783074421831909
TGGTACAAGGGCTTCC-1,Endo CLDN5 SLC7A5,0.3550935442751776
TGGTACAAGTGGCAGT-1,L2-3 CUX2 NTNG1 PALMD,0.9928083682666232
TGGTACACAATGAGCG-1,Oligo MOG GSN,0.889525498244691
TGGTACACACTTGTCC-1,Endo CLDN5 SLC7A5,0.8553865871067273
TGGTACACAGAGAAAG-1,Endo CLDN5 SLC7A5,0.978878521594903
TGGTACATCAAGATAG-1,Endo CLDN5 SLC7A5,0.3109821069430494
TGGTACATCACGAACT-1,Endo CLDN5 SLC7A5,0.6492053771268014
TGGTAGTAGCGGTATG-1,Endo CLDN5 SLC7A5,0.42248561579986826
TGGTGATCACACGCCA-1,Endo CLDN5 SLC7A5,0.9996453765885046
TGGTGATGTCTTTCTA-1,Endo CLDN5 SLC7A5,0.4528241637259509
TGGTGATGTTCGATTG-1,Astro GFAP AQP1,0.5670843160978183
TGGTTAGCAACAGTGG-1,Endo CLDN5 SLC7A5,0.9886981760162304
TGTAACGAGCGTACAG-1,Endo CLDN5 SLC7A5,0.5545808243804872
TGTAACGCAAGGCTTT-1,Micro P2RY12 APBB1IP,0.9920737331897689
TGTAAGCCAATACGAA-1,Endo CLDN5 SLC7A5,0.4323526144771728
TGTAAGCTCCAGCAAT-1,Endo CLDN5 SLC7A5,0.9623055302652639
TGTACAGAGCACTAAA-1,Endo CLDN5 SLC7A5,0.6693261146435747
TGTACAGAGGAGAATG-1,Endo CLDN5 SLC7A5,0.9952009384495034
TGTACAGAGGAGCTGT-1,Endo CLDN5 SLC7A5,0.3855007832547329
TGTACAGAGGCAGGTT-1,Endo CLDN5 SLC7A5,0.7522022950316484
TGTACAGCACAGACGA-1,Endo CLDN5 SLC7A5,0.4793419115320551
TGTACAGGTAGCCCTG-1,Endo CLDN5 SLC7A5,0.34892096871384976
TGTCAGAGTGGTATGG-1,Endo CLDN5 SLC7A5,0.4965678727048602
TGTCAGAGTTAGTCGT-1,L2-3 CUX2 ACVR1C THSD7A,0.5007113832878226
TGTCCACAGGGTTGCA-1,Oligo MOG OPALIN,0.9874511072825495
TGTCCACGTAGTTCCA-1,L2-3 CUX2 NTNG1 PALMD,0.371672484829719
TGTCCACTCTGAGCAT-1,Endo CLDN5 SLC7A5,0.9625672360387374
TGTCCCACAATAACCC-1,Endo CLDN5 SLC7A5,0.6818813740559583
TGTCCCATCATTCGGA-1,Astro GFAP FABP7,0.8183729323337994
TGTCCCATCTCTGCCA-1,Endo CLDN5 SLC7A5,0.5567041825674357
TGTCCCATCTTTACAC-1,Endo CLDN5 SLC7A5,0.9925097753864282
TGTCCTGCATCTAACG-1,Endo CLDN5 SLC7A5,0.5992769428751707
TGTCCTGTCTGGTGCG-1,Endo CLDN5 SLC7A5,0.9202339953007883
TGTCCTGTCTTGGATG-1,Endo CLDN5 SLC7A5,0.9655385108850514
TGTGAGTAGTAGACAT-1,L6 OPRK1 THEMIS RGS6,0.9976074175570506
TGTGAGTGTACTCGCG-1,L2-3 CUX2 NTNG1 PALMD,0.5897067358804172
TGTGAGTTCAGGACAG-1,Endo CLDN5 SLC7A5,0.9859231174943915
TGTGAGTTCATGGCCG-1,Endo CLDN5 SLC7A5,0.6050146839208806
TGTGCGGTCTCACGAA-1,Endo CLDN5 SLC7A5,0.6143353223632763
TGTGGCGCAGGGATAC-1,InN SST HTR2C,0.8171751034273033
TGTGGCGGTCTGCAAT-1,Endo CLDN5 SLC7A5,0.9549052250445395
TGTGTGACAGGACAGT-1,Endo CLDN5 SLC7A5,0.9898426348796949
TGTGTGACATCTGGGC-1,Endo CLDN5 SLC7A5,0.9997816110911109
TGTGTGAGTATAGCTC-1,L2-3 CUX2 NTNG1 PALMD,0.4046286045852416
TGTGTGATCTCATTAC-1,L2-3 CUX2 NTNG1 PALMD,0.3722805799718792
TGTTACTTCACCCTTG-1,Oligo MOG OPALIN,0.9999995926980954
TGTTACTTCTCACGAA-1,Endo CLDN5 SLC7A5,0.6959795179035683
TGTTCATAGAAGTCTA-1,Endo CLDN5 SLC7A5,0.9890583464655213
TGTTCATAGATAGTCA-1,Endo CLDN5 SLC7A5,0.5304892232338315
TGTTCCGAGAGAAGGT-1,Endo CLDN5 SLC7A5,0.9806873822599818
TGTTCCGAGAGTGTGC-1,Oligo MOG OPALIN,0.7788282985774898
TGTTCCGTCCACTTCG-1,Astro GFAP FABP7,0.9910518094292525
TGTTCTAAGGTCATCT-1,Endo CLDN5 SLC7A5,0.9261689001531519
TGTTCTATCAACTGAC-1,Endo CLDN5 SLC7A5,0.7250834506928627
TGTTCTATCACAGAGG-1,OPC PDGFRA PCDH15,0.9999999999997422
TGTTCTATCATCCCGT-1,Endo CLDN5 SLC7A5,0.4435019410934815
TGTTGAGCAATTGCTG-1,Endo CLDN5 SLC7A5,0.7711834264851555
TGTTGAGGTCTACTGA-1,Endo CLDN5 SLC7A5,0.8492260311162172
TGTTGGACAAGACCTT-1,Endo CLDN5 SLC7A5,0.9521072587006053
TGTTGGACAGGAACCA-1,Oligo MOG OPALIN,0.4821986715697592
TGTTGGAGTCAGGAGT-1,Oligo MOG OPALIN,0.6728268425424445
TGTTTGTCAATTTCCT-1,L3-5 RORB GABRG1 KCNH7,0.7693979557094258
TGTTTGTCACATTCTT-1,InN VIP CLSTN2,0.999955907453828
TGTTTGTGTGGCAACA-1,Endo CLDN5 SLC7A5,0.9997418966769142
TGTTTGTTCCGTGGTG-1,Endo CLDN5 SLC7A5,0.3026577253595662
TTAATCCAGCGCCCAT-1,L2-3 CUX2 NTNG1 PALMD,0.3349757602867797
TTAATCCAGCGGGTAT-1,Endo CLDN5 SLC7A5,0.6531818960760073
TTAATCCAGTCAGAGC-1,Astro AQP4 SLC1A2,0.9984818670763608
TTAATCCCACAGTGTT-1,Oligo MOG OPALIN,0.9982326573618366
TTAATCCCACGGGTAA-1,Oligo MOG OPALIN,0.7811089177715284
TTACCGCAGAGCCGAT-1,Endo CLDN5 SLC7A5,0.9815466782673411
TTACCGCGTATGTCAC-1,Endo CLDN5 SLC7A5,0.7937368761624817
TTACGCCAGCATGCGA-1,Astro AQP4 SLC1A2,0.9954375198085158
TTACGCCAGGGAGTGG-1,Astro GFAP AQP1,0.995235173958044
TTACGCCTCACCTCTG-1,Endo CLDN5 SLC7A5,0.9845335860664829
TTACGTTGTGGGCTTC-1,Oligo MOG OPALIN,0.9998101391231999
TTACGTTTCCTCTGCA-1,Endo CLDN5 SLC7A5,0.5756432029963902
TTACTGTAGAGCATAT-1,L2-3 CUX2 NTNG1 PALMD,0.425848179422636
TTACTGTCATGGATCT-1,Oligo MOG OPALIN,0.439089297463791
TTACTGTGTGGCACTC-1,Endo CLDN5 SLC7A5,0.550190565004421
TTAGGCAAGTGCCTCG-1,L2-3 CUX2 ACVR1C THSD7A,0.9601222964705323
TTAGGCAGTTGGGAAC-1,Endo CLDN5 SLC7A5,0.7548510562042071
TTAGGGTTCCTTCTAA-1,Micro P2RY12 APBB1IP,0.31691650431125556
TTAGTCTAGGATTTGA-1,Endo CLDN5 SLC7A5,0.8959996116290391
TTAGTCTCAACCTAAC-1,InN SST STK32A,0.9792054897527888
TTAGTCTCACTGGAAG-1,Endo CLDN5 SLC7A5,0.33246547062588183
TTAGTCTTCAAGAGTA-1,Endo CLDN5 SLC7A5,0.6093581765185156
TTATTGCAGACATAGT-1,Endo CLDN5 SLC7A5,0.8521264358180369
TTATTGCAGACTAAGT-1,InN PVALB ANOS1,0.7688775488077255
TTATTGCAGTCTGCAT-1,Endo CLDN5 SLC7A5,0.7500597364519144
TTATTGCCACCCAAGC-1,InN PVALB ANOS1,0.5280480209956399
TTATTGCGTCTCAAGT-1,OPC PDGFRA PCDH15,0.5672086802565292
TTCAATCAGACTCAAA-1,InN ADARB2 FAM19A1,0.9992770999608698
TTCAATCAGTCACAGG-1,Endo CLDN5 SLC7A5,0.33336221683943307
TTCAATCCATATACCG-1,Oligo MOG OPALIN,0.5254900618336881
TTCAATCGTAGGACCA-1,Oligo MOG OPALIN,0.9997000031050527
TTCACCGGTAGGTACG-1,Micro P2RY12 APBB1IP,0.7439147492360884
TTCACCGTCCGTTGGG-1,Oligo MOG OPALIN,0.8218038522049708
TTCACGCAGTAGACAT-1,L2-3 CUX2 ACVR1C THSD7A,0.4033832833462355
TTCACGCCACATTACG-1,Endo CLDN5 SLC7A5,0.8657019790348341
TTCACGCCACGATAGG-1,InN VIP MEGF11 LHFP,0.3734005524811079
TTCACGCTCTATACTC-1,Endo CLDN5 SLC7A5,0.8701516865733674
TTCATGTGTCTGCATA-1,Endo CLDN5 SLC7A5,0.7262170764042298
TTCATTGTCGAGAAGC-1,Endo CLDN5 SLC7A5,0.9996798638825878
TTCATTGTCGGCTTGG-1,L2-3 CUX2 NTNG1 PALMD,0.8139378397848971
TTCCAATCATGACAGG-1,Endo CLDN5 SLC7A5,0.8769895166968339
TTCCAATGTCGTCATA-1,L2-3 CUX2 NTNG1 PALMD,0.6534598138978106
TTCCAATGTGAATATG-1,Endo CLDN5 SLC7A5,0.5593337557365772
TTCCACGAGCTGTTAC-1,Endo CLDN5 SLC7A5,0.9966200971269962
TTCCACGGTGGGTATG-1,Endo CLDN5 SLC7A5,0.4117177697335145
TTCCACGTCAAACTGC-1,Endo CLDN5 SLC7A5,0.9992871628515098
TTCCGGTCATGACGAG-1,Endo CLDN5 IL1R1,0.34124005596169826
TTCCGGTTCTGGGCGT-1,Endo CLDN5 SLC7A5,0.9880137952978737
TTCCGTGTCAACTACG-1,Endo CLDN5 SLC7A5,0.5806064961011188
TTCCGTGTCCTGTTGC-1,PC P2RY14 GRM8,0.9999954404529752
TTCCGTGTCGGAGCAA-1,L2-3 CUX2 NTNG1 PALMD,0.3506066738118078
TTCCTAACACAATCTG-1,PC P2RY14 GRM8,0.9985751373513531
TTCCTAAGTCACTTCC-1,Astro GFAP FABP7,0.9920911035085466
TTCCTAATCAGCATTG-1,Endo CLDN5 SLC7A5,0.4903829803401179
TTCCTCTAGCATTTGC-1,InN PVALB HPSE,0.9451871238168327
TTCCTCTGTGCGGTAA-1,L2-3 CUX2 NTNG1 PALMD,0.45814377977849957
TTCCTTCAGGAAAGTG-1,Endo CLDN5 SLC7A5,0.920727036332215
TTCCTTCCATTCCTCG-1,Oligo MOG OPALIN,0.9999195709850609
TTCCTTCTCTGCGGCA-1,Endo CLDN5 SLC7A5,0.9783646372890218
TTCGATTAGAGCTGCA-1,InN SST HS3ST5,0.8801828413261867
TTCGATTGTCGAGATG-1,Endo CLDN5 SLC7A5,0.956458281105535
TTCGATTTCGTGGTAT-1,Endo CLDN5 SLC7A5,0.801821332431535
TTCGCTGCAACCCTCT-1,L2-3 CUX2 NTNG1 PALMD,0.7657789899876336
TTCGCTGGTGGACTGA-1,L2-3 CUX2 ACVR1C INHBA,0.5184296290938537
TTCGCTGTCCTTCTAA-1,Endo CLDN5 SLC7A5,0.8337899345475845
TTCGGTCAGGTTGACG-1,Endo CLDN5 SLC7A5,0.953690218423097
TTCTAACAGAATCGTA-1,Endo CLDN5 SLC7A5,0.9114796936741204
TTCTAACAGAGATTCA-1,L2-3 CUX2 NTNG1 PALMD,0.5982625125870354
TTCTAACCAGCAGGAT-1,OPC PDGFRA PCDH15,0.9999996802391619
TTCTAACGTTCCCAAA-1,Endo CLDN5 SLC7A5,0.7534832820433428
TTCTAACTCAGCCCAG-1,Oligo MOG OPALIN,0.9998411689373089
TTCTAACTCTCGTGGG-1,L3-5 RORB MKX GRIN3A,0.85887396636271
TTCTAGTGTGGCTGAA-1,Oligo MOG OPALIN,0.9998481110090911
TTCTAGTTCCACATAG-1,Endo CLDN5 SLC7A5,0.9944346791074828
TTCTAGTTCTAGACCA-1,Oligo MOG OPALIN,0.9974235327136791
TTCTCTCAGTTCCTGA-1,Astro GFAP AQP1,0.9385246976576835
TTCTCTCGTGAAAGTT-1,Oligo MOG OPALIN,0.8985373400842164
TTCTGTAAGAGCCCAA-1,Endo CLDN5 SLC7A5,0.5175430939914543
TTCTGTACACTCCTTG-1,L2-3 CUX2 NTNG1 PALMD,0.8452721579362626
TTCTGTAGTGGACTAG-1,Endo CLDN5 SLC7A5,0.9905022468097066
TTCTTCCAGTACAGCG-1,Endo CLDN5 SLC7A5,0.9406988219335891
TTCTTCCCACTTTAGG-1,Astro GFAP AQP1,0.7083660143864593
TTCTTCCGTAAGCTCT-1,InN SST PLPP4,0.9829083695240993
TTCTTCCTCCGGCTTT-1,Endo CLDN5 SLC7A5,0.46756458880908475
TTCTTGAGTAACTTCG-1,Endo CLDN5 SLC7A5,0.46781381265476085
TTGACCCAGGTCGTAG-1,Endo CLDN5 SLC7A5,0.7135469104534532
TTGACCCAGGTTACAA-1,L2-3 CUX2 NTNG1 PALMD,0.35691960888072427
TTGACCCCAAGAGCTG-1,Endo CLDN5 SLC7A5,0.8998223691685037
TTGACCCGTCCAGCAC-1,Endo CLDN5 SLC7A5,0.35054613743717233
TTGAGTGCAAGCGCTC-1,Endo CLDN5 SLC7A5,0.7137002682793931
TTGAGTGCAAGTGTCT-1,Endo CLDN5 SLC7A5,0.9753891465324189
TTGAGTGCATTCCTAT-1,Endo CLDN5 SLC7A5,0.7619500648441595
TTGATGGCACGCGCAT-1,Endo CLDN5 SLC7A5,0.9230312276734046
TTGATGGCAGTTCTAG-1,Oligo MOG OPALIN,0.990801447497754
TTGCATTAGCATACTC-1,Oligo MOG OPALIN,0.6413073356671036
TTGCATTAGGCAGGGA-1,Endo CLDN5 SLC7A5,0.9935118250691518
TTGCATTAGGTGATCG-1,Endo CLDN5 SLC7A5,0.3399041342357211
TTGCATTCAAACACGG-1,Endo CLDN5 SLC7A5,0.7287587754283128
TTGCATTCACGCGTGT-1,Oligo MOG OPALIN,0.8006813996879152
TTGCATTGTACGAGTG-1,Endo CLDN5 SLC7A5,0.4819774247029414
TTGCATTTCGCGGACT-1,Endo CLDN5 SLC7A5,0.9994918414373416
TTGCCTGAGCACGGAT-1,Endo CLDN5 SLC7A5,0.4114854689176538
TTGCCTGTCTAGTGAC-1,Endo CLDN5 SLC7A5,0.6496665936111059
TTGCGTCAGAATCTAG-1,Endo CLDN5 SLC7A5,0.6887719888717796
TTGCGTCAGGTTTACC-1,Astro AQP4 SLC1A2,0.9671499506410216
TTGCGTCTCGCTAATG-1,Endo CLDN5 SLC7A5,0.9667587537450691
TTGCTGCAGGTTACAA-1,Endo CLDN5 SLC7A5,0.9964919322115195
TTGCTGCAGGTTAGTA-1,Endo CLDN5 SLC7A5,0.38503908796973774
TTGGATGAGCCTGAGA-1,Endo CLDN5 SLC7A5,0.8090531923755971
TTGGATGCAGACTCTA-1,Endo CLDN5 SLC7A5,0.30683740254817554
TTGGATGGTTTCGTAG-1,OPC PDGFRA PCDH15,0.9999803492377288
TTGGATGTCCAAACCA-1,InN SST FREM1,0.9414577785467592
TTGGGATAGGTTCAGG-1,Oligo MOG OPALIN,0.49913809832908534
TTGGGATGTGATGAAT-1,Endo CLDN5 SLC7A5,0.47648485389309436
TTGGGATGTGCGTGCT-1,L2-3 CUX2 ACVR1C THSD7A,0.5548079698546774
TTGGGATTCCGTATGA-1,Endo CLDN5 SLC7A5,0.43842780692926026
TTGGGATTCTAAGAAG-1,Endo CLDN5 SLC7A5,0.5210045433242496
TTGGGCGAGACCACGA-1,Endo CLDN5 SLC7A5,0.46316091309887036
TTGGGCGAGTGCAAAT-1,Oligo MOG OPALIN,0.9998904476593307
TTGGGCGTCGACATAC-1,L2-3 CUX2 NTNG1 PALMD,0.3451575513669619
TTGGTTTAGTCAACAA-1,Endo CLDN5 SLC7A5,0.4590141012410679
TTGGTTTCATACAGAA-1,Micro P2RY12 APBB1IP,0.6298112798725757
TTGGTTTTCCCGTTCA-1,Oligo MOG OPALIN,0.99999854176831
TTGTGGAAGACTCAAA-1,Endo CLDN5 SLC7A5,0.784510001439225
TTGTGTTAGTAACCTC-1,Endo CLDN5 SLC7A5,0.8992991482467715
TTGTGTTTCAAACTGC-1,OPC PDGFRA PCDH15,0.9999999995802389
TTGTTCAAGGAATGTT-1,L6 FEZF2 SYT6 CDH9,0.47541033987511094
TTGTTCACAAGTGCAG-1,Endo CLDN5 SLC7A5,0.5178772235267831
TTGTTGTAGCATCCTA-1,Endo CLDN5 SLC7A5,0.3992723371483462
TTGTTGTAGGCATTTC-1,Endo CLDN5 SLC7A5,0.5285532984331052
TTGTTGTCATGATGCT-1,Endo CLDN5 SLC7A5,0.6360816340478623
TTGTTGTGTACAGGTG-1,Oligo MOG OPALIN,0.9999723903521472
TTGTTGTGTATCAGCT-1,Endo CLDN5 SLC7A5,0.43759597516474275
TTGTTGTGTGGCAACA-1,Endo CLDN5 SLC7A5,0.3284862871834371
TTGTTTGAGTGCCTCG-1,Endo CLDN5 SLC7A5,0.9825913327710302
TTGTTTGCATCCGATA-1,Endo CLDN5 SLC7A5,0.405711855631435
TTGTTTGGTCTTGAGT-1,Endo CLDN5 SLC7A5,0.6534324882094202
TTTACCAAGAGTGTGC-1,L2-3 CUX2 NTNG1 PALMD,0.5201074543727704
TTTACCACAAGTGGCA-1,Endo CLDN5 SLC7A5,0.9324216564062071
TTTACCATCACGATCA-1,InN PVALB PDE3A,0.863934789301734
TTTACCATCCCTATTA-1,Oligo MOG OPALIN,0.970811304190608
TTTACCATCGCCACTT-1,Endo CLDN5 SLC7A5,0.8398217412454337
TTTACGTCAACACTAC-1,Endo CLDN5 SLC7A5,0.9942729169155368
TTTACGTTCCGAACGC-1,Oligo MOG OPALIN,0.9860948598828754
TTTACTGCAAAGTGTA-1,Endo CLDN5 SLC7A5,0.9290322853450385
TTTACTGCAGAATGTA-1,Endo CLDN5 SLC7A5,0.9850535654891713
TTTACTGGTCTTGTCC-1,Endo CLDN5 SLC7A5,0.6370757649831088
TTTACTGGTTGCAAGG-1,Endo CLDN5 SLC7A5,0.5844126004067226
TTTAGTCAGCGAAACC-1,Endo CLDN5 SLC7A5,0.9926496922952571
TTTAGTCAGTGTACAA-1,Endo CLDN5 SLC7A5,0.4196936941314444
TTTATGCTCACTGTCC-1,Endo CLDN5 SLC7A5,0.5236238855119477
TTTCACACATAATGCC-1,L2-3 CUX2 NTNG1 PALMD,0.7768432389652405
TTTCACATCACCACAA-1,Endo CLDN5 SLC7A5,0.5337942853777666
TTTCAGTAGCAGAAAG-1,L2-3 CUX2 NTNG1 PALMD,0.38556553779018726
TTTCAGTGTTCCTACC-1,Endo CLDN5 SLC7A5,0.539804686827802
TTTCGATTCGCCAGAC-1,Endo CLDN5 SLC7A5,0.8405663835618447
TTTGACTAGTCGGGAT-1,Endo CLDN5 SLC7A5,0.8052663711537872
TTTGACTAGTTGCTGT-1,Oligo MOG OPALIN,0.9520490026009132
TTTGATCAGCACCGTC-1,Endo CLDN5 SLC7A5,0.99094456317918
TTTGATCGTTTCCATT-1,Endo CLDN5 SLC7A5,0.7576836598489687
TTTGGAGCACTGTTCC-1,SMC ACTA2 CNN1,0.9886866847192358
TTTGGAGCAGCTCATA-1,Endo CLDN5 SLC7A5,0.6597242070753476
TTTGGAGCAGGACGAT-1,Endo CLDN5 SLC7A5,0.44146165362615475
TTTGGAGCAGTTGAAA-1,Astro AQP4 SLC1A2,0.9999559701530936
TTTGGAGGTACAGTAA-1,Endo CLDN5 SLC7A5,0.5040519922449417
TTTGGAGTCCATTGCC-1,Endo CLDN5 SLC7A5,0.9901519859181116
TTTGGAGTCCCAAGCG-1,Endo CLDN5 SLC7A5,0.9801114979411273
TTTGGAGTCGACCTAA-1,Endo CLDN5 SLC7A5,0.6156792876732581
TTTGGTTGTATTTCTC-1,Astro AQP4 SLC1A2,0.9993941534019459
TTTGGTTTCGCATTGA-1,L2-3 CUX2 NTNG1 PALMD,0.3784127686437232
