,ctpt_individual_prediction,ctpt_confidence
AAACCCAAGCGGTAAC-1,Astro AQP4 SLC1A2,0.9061550406382363
AAACCCAGTACTCAAC-1,L3-5 RORB PCBP3 ARHGAP15,0.9272729359499938
AAACCCAGTGAGATTA-1,Oligo MOG OPALIN,0.9999971320648794
AAACCCAGTTCGTAAC-1,Micro P2RY12 APBB1IP,0.9394913273448406
AAACCCATCAAATAGG-1,Oligo MOG OPALIN,0.999902712554648
AAACGAACAGCATTGT-1,Oligo MOG GSN,0.9824736753179418
AAACGAACATCACAGT-1,Oligo MOG OPALIN,0.9999989049821627
AAACGAACATTAGGCT-1,L6 FEZF2 SYT6 ERBB4,0.7741857901852998
AAACGAAGTACAGAAT-1,Oligo MOG OPALIN,0.9971476872832981
AAACGAAGTATGGAGC-1,Oligo MOG OPALIN,0.9332636012275729
AAACGCTTCGACGCTG-1,Endo CLDN5 SLC7A5,0.9603216300712655
AAACGCTTCGTTCTAT-1,Oligo MOG OPALIN,0.999985188754102
AAACGCTTCTCCCATG-1,PC P2RY14 GRM8,0.9159305463597092
AAAGAACAGAATCTAG-1,Oligo MOG OPALIN,0.9999790053684448
AAAGAACAGCGGCTCT-1,Oligo MOG OPALIN,0.9999985995446059
AAAGAACAGTTGGCGA-1,InN SST PLPP4,0.9996860592138763
AAAGAACCAAACACGG-1,Oligo MOG OPALIN,0.9932843380168648
AAAGAACCAGCTCTGG-1,Astro GFAP FABP7,0.8163878932696963
AAAGAACCATCCGGCA-1,L6 FEZF2 NPFFR2 TPD52L1,0.4006497994581586
AAAGAACGTGATAGAT-1,Oligo MOG OPALIN,0.9999860533941752
AAAGAACGTTCGATTG-1,Endo CLDN5 SLC7A5,0.9666419253781754
AAAGGATAGCTAAATG-1,Endo CLDN5 SLC7A5,0.5075868576759018
AAAGGGCTCTCTGGTC-1,Oligo MOG OPALIN,0.9907808045305511
AAAGGTAAGTGGCGAT-1,L5-6 FEZF2 NXPH2 CDH8,0.9772896077757064
AAAGGTACAGCACGAA-1,Endo CLDN5 SLC7A5,0.9932302578645335
AAAGGTATCGGCGATC-1,PC P2RY14 GRM8,0.9999173536509252
AAAGTCCAGACTCTAC-1,Oligo MOG OPALIN,0.9998224449125676
AAAGTCCAGAGGGTGG-1,L6 FEZF2 SYT6 PTPRT,0.8427574213728996
AAAGTCCCAGCTTCCT-1,PC P2RY14 GRM8,0.8227928067800946
AAAGTCCCAGCTTCGG-1,Astro GFAP AQP1,0.34224033827945166
AAAGTCCCATATCTGG-1,L2-3 CUX2 ACVR1C THSD7A,0.9951448212794022
AAAGTCCCATCAGCGC-1,Endo CLDN5 SLC7A5,0.4344879839528905
AAAGTCCTCACTGTCC-1,Oligo MOG OPALIN,0.999618750955603
AAAGTCCTCCTAACAG-1,Oligo MOG OPALIN,0.9999411944411524
AAAGTGAAGCAACAGC-1,L3-5 RORB MKX DCC,0.2096967554427267
AAAGTGATCAGCCTCT-1,OPC PDGFRA PCDH15,0.9999999999998372
AAAGTGATCTCTTAAC-1,Endo CLDN5 SLC7A5,0.1704049398673161
AAATGGAAGAGAATCT-1,Oligo MOG OPALIN,0.998571498431878
AAATGGAAGATAGTCA-1,InN VIP MDGA1,0.9522657539221668
AAATGGATCACTGGGC-1,OPC PDGFRA PCDH15,0.9999999998443823
AAATGGATCGAGCCTG-1,Astro AQP4 SLC1A2,0.8004119541704342
AACAAAGAGATGACAT-1,Oligo MOG OPALIN,0.9999909182174694
AACAAAGCAATCCTAG-1,Oligo MOG OPALIN,0.33296868399426227
AACAAAGTCAACGCTA-1,L2-3 CUX2 ACVR1C THSD7A,0.9171382659079863
AACAAAGTCTAGCCTC-1,Oligo MOG OPALIN,0.9986724568536715
AACAAAGTCTCCATAT-1,Endo CLDN5 SLC7A5,0.7577222214758297
AACAAAGTCTCCCATG-1,Endo CLDN5 SLC7A5,0.4669432192245524
AACAACCAGACGTCGA-1,L2-4 CUX2 RORB CLMN,0.993652887115817
AACAACCAGCCTCTTC-1,Endo CLDN5 SLC7A5,0.9855632601905289
AACAACCAGCTACGTT-1,Astro GFAP AQP1,0.9703711434095524
AACAACCGTGCGTTTA-1,L3-5 RORB TNNT2 TSHZ2,0.6072220813486747
AACAACCGTGTGCCTG-1,L3-5 RORB MKX GRIN3A,0.3426113716307262
AACAAGAAGACTAGAT-1,OPC PDGFRA PCDH15,0.9999999999999989
AACAAGAGTATTCCTT-1,Endo CLDN5 SLC7A5,0.9999930096358669
AACAAGAGTTAACAGA-1,SMC ACTA2 CNN1,0.7988549811662297
AACACACAGATCACCT-1,Micro P2RY12 APBB1IP,0.40685265951592864
AACACACAGGCATGCA-1,Endo CLDN5 SLC7A5,0.7259689654191633
AACACACAGTAGCCAG-1,Endo CLDN5 SLC7A5,0.5304550077327986
AACACACCATCGTCCT-1,Oligo MOG OPALIN,0.9994586421719907
AACACACGTTCAATCG-1,PC P2RY14 GRM8,0.7878785328289017
AACACACGTTTCCCAC-1,L2-3 CUX2 NTNG1 PALMD,0.7828454240176721
AACACACTCCCATGGG-1,Oligo MOG OPALIN,0.9999685654050788
AACAGGGCACTCTAGA-1,PC P2RY14 GRM8,0.982792817993743
AACAGGGCAGAAATCA-1,Endo CLDN5 SLC7A5,0.945536723005877
AACAGGGGTCGATTTG-1,Oligo MOG GSN,0.3856174600884222
AACAGGGTCAATGCAC-1,OPC PDGFRA PCDH15,0.9999999871754607
AACAGGGTCACTGATG-1,Endo CLDN5 SLC7A5,0.8574057524492762
AACCAACAGTCATTGC-1,Astro AQP4 SLC1A2,0.9986133740626794
AACCAACCAAACTGCT-1,InN VIP CLSTN2,0.9042644589752808
AACCAACCAAGCTACT-1,Astro AQP4 SLC1A2,0.056478503712764014
AACCAACCACACCTAA-1,L3-5 RORB MKX GRIN3A,0.7974319155348891
AACCAACCAGACTGCC-1,Oligo MOG OPALIN,0.9711371560207355
AACCAACGTACAGGTG-1,Oligo MOG OPALIN,0.9958074189322617
AACCAACGTGTTTACG-1,Endo CLDN5 SLC7A5,0.978989193010948
AACCAACGTTCACCGG-1,Oligo MOG OPALIN,0.9932296957581747
AACCAACTCGGCTATA-1,Astro GFAP AQP1,0.9783870595028644
AACCAACTCGTGTCAA-1,InN SST ADAMTSL1,0.9994311745113532
AACCACAAGAGGCTGT-1,Astro GFAP FABP7,0.9998617704172876
AACCACAAGGTGATAT-1,Oligo MOG OPALIN,0.7061429349158582
AACCACACAACGTAAA-1,L2-4 CUX2 RORB CLMN,0.016829478743761898
AACCACACAGGACAGT-1,Endo CLDN5 SLC7A5,0.9983522212143151
AACCACAGTACAGAGC-1,InN SST ADAMTSL1,0.10078576268297494
AACCACAGTCATGGCC-1,InN LAMP5 RELN,0.9015029881126163
AACCACAGTTGTTGAC-1,L2-3 CUX2 NTNG1 PALMD,0.7223930815933516
AACCACATCGCACGAC-1,OPC PDGFRA PCDH15,0.9999999986315666
AACCATGAGACTCATC-1,InN SST FREM1,0.9843617755009896
AACCATGAGCAACTTC-1,Oligo MOG OPALIN,0.9992973723087752
AACCATGAGCGCTGAA-1,Oligo MOG OPALIN,0.9997812046330627
AACCATGGTGCCTAAT-1,Endo CLDN5 SLC7A5,0.9287353734183122
AACCCAAAGGGTCAAC-1,Endo CLDN5 SLC7A5,0.9996241492243402
AACCCAATCATCAGTG-1,L2-3 CUX2 NTNG1 COL5A2,0.12384085468493028
AACCTGAAGTAGTGCG-1,L2-3 CUX2 ACVR1C INHBA,0.9926869769347235
AACCTGAAGTCGTCTA-1,Oligo MOG OPALIN,0.9999852556883404
AACCTGACACATAGCT-1,Oligo MOG OPALIN,0.9999990891908517
AACCTGACAGGCGTTC-1,InN SST NPY,0.7821004497852408
AACCTGAGTGTCATTG-1,L2-3 CUX2 NTNG1 COL5A2,0.7311640607404502
AACCTGAGTTGACGGA-1,Astro AQP4 SLC1A2,0.8993986350325894
AACCTGATCCTTATCA-1,Oligo MOG OPALIN,0.997699250864853
AACCTTTCAGACAAAT-1,InN VIP FREM2,0.8849638253717469
AACCTTTGTATGGAGC-1,Endo CLDN5 SLC7A5,0.9975059017246716
AACCTTTGTATGTCAC-1,Endo CLDN5 SLC7A5,0.7778305948846542
AACCTTTGTCGAAGCA-1,Oligo MOG OPALIN,0.9923604074895718
AACCTTTGTTGCCGCA-1,Oligo MOG OPALIN,0.9999984223145408
AACCTTTTCAGCGCAC-1,Endo CLDN5 SLC7A5,0.7234135615298146
AACGAAAAGCCATGCC-1,Oligo MOG OPALIN,0.9999806165768519
AACGGGAAGGTTTGAA-1,L3-5 RORB MKX GRIN3A,0.39430363552973563
AACGGGACAGAGCCCT-1,Astro AQP4 SLC1A2,0.980321256266217
AACGGGAGTTCTCTAT-1,Oligo MOG OPALIN,0.9998941050253426
AACGGGATCTAGCCTC-1,Endo CLDN5 IL1R1,0.8133603536412567
AACGTCACAGAGCCCT-1,Oligo MOG OPALIN,0.999972037339662
AACGTCAGTACGCGTC-1,L3-5 RORB MKX GRIN3A,0.578117794306678
AACGTCAGTCTACAAC-1,Astro AQP4 SLC1A2,0.9894673385657835
AACGTCATCTTCTAAC-1,Endo CLDN5 SLC7A5,0.9994619425027529
AACTTCTCAGAGAGGG-1,Oligo MOG OPALIN,0.999978122609763
AACTTCTCATGTGGTT-1,OPC PDGFRA PCDH15,0.9999999999752547
AACTTCTGTGCCAAGA-1,Oligo MOG OPALIN,0.9999993198383869
AACTTCTTCCATTTCA-1,L2-3 CUX2 NTNG1 PLCH1,0.032258558628677804
AAGAACAAGTCAGAGC-1,PC P2RY14 GRM8,0.9990628578973426
AAGAACAGTCCTCCAT-1,L3-5 RORB MKX DCC,0.8821497023840613
AAGAACAGTTATGTGC-1,Endo CLDN5 SLC7A5,0.9984788893639824
AAGAACATCATTTCCA-1,L2-3 CUX2 NTNG1 COL5A2,0.4217337075063685
AAGACAAAGGTCGACA-1,L2-3 CUX2 NTNG1 COL5A2,0.12362476170188727
AAGACAAAGTACAGAT-1,Micro P2RY12 GLDN,0.7213564100551082
AAGACAAGTATTTCGG-1,L2-4 CUX2 RORB CLMN,0.030243197863210627
AAGACTCAGATGACAT-1,Astro GFAP FABP7,0.6337554155060293
AAGACTCTCGAACCAT-1,Astro AQP4 SLC1A2,0.9942961940330483
AAGATAGAGCAGCCTC-1,Oligo MOG OPALIN,0.9999510424434639
AAGATAGAGGCACTAG-1,L5 FEZF2 BCL11B POU3F1,0.9927108362117645
AAGATAGAGGTCCTGC-1,Oligo MOG OPALIN,0.999922642318678
AAGATAGCAGTCTGGC-1,L2-3 CUX2 NTNG1 PALMD,0.320625052234419
AAGCATCAGACGACTG-1,Oligo MOG OPALIN,0.9817465845348489
AAGCATCGTATCGTGT-1,OPC PDGFRA PCDH15,0.9999999999999984
AAGCATCTCTCAATCT-1,Oligo MOG OPALIN,0.9999934364002125
AAGCCATCAGATCCAT-1,Oligo MOG FRY,0.4449720409109828
AAGCCATCAGCGACAA-1,Oligo MOG GSN,0.9977288249796425
AAGCCATGTACTTCCC-1,Oligo MOG OPALIN,0.9642929636572312
AAGCCATGTTCTCCAC-1,Astro GFAP FABP7,0.9995656790090713
AAGCCATGTTGCGAAG-1,Oligo MOG OPALIN,0.9999008949043622
AAGCGAGAGTCCTGTA-1,OPC PDGFRA PCDH15,0.9999999999999902
AAGCGAGCACCACATA-1,InN VIP CLSTN2,0.8127367835171841
AAGCGAGGTGTCCTAA-1,Oligo MOG OPALIN,0.9109225030248715
AAGCGAGGTTTACACG-1,Oligo MOG OPALIN,0.9996816206205195
AAGCGAGTCGAATGCT-1,Astro GFAP AQP1,0.9246721393875549
AAGCGTTAGCATGCAG-1,Oligo MOG OPALIN,0.9999997297678644
AAGCGTTCACATCATG-1,Oligo MOG OPALIN,0.28938382322936684
AAGCGTTGTTTACTTC-1,L6 OPRK1 THEMIS RGS6,0.9958019233767585
AAGCGTTTCCAATCCC-1,Oligo MOG OPALIN,0.9999001904049606
AAGCGTTTCGCAAGAG-1,OPC PDGFRA PCDH15,0.9999999999996587
AAGCGTTTCTAGTGTG-1,Oligo MOG OPALIN,0.9920422038871188
AAGGAATAGCGTGTTT-1,L3-5 RORB MKX GRIN3A,0.6134247841433531
AAGGAATAGGTCTTTG-1,Oligo MOG OPALIN,0.999998255159227
AAGGAATTCCCATGGG-1,Endo CLDN5 SLC7A5,0.8128949985935456
AAGGTAACAAATGATG-1,L6 OPRK1 THEMIS RGS6,0.9953130276408919
AAGTACCAGGACGCAT-1,Oligo MOG OPALIN,0.9999963513392413
AAGTACCCAAACGAGC-1,InN LAMP5 LHX6 TAC1,0.5012076859720995
AAGTACCCATCCTTCG-1,Oligo MOG OPALIN,0.9980241294492427
AAGTCGTAGCGTATGG-1,Oligo MOG OPALIN,0.9996277251763509
AAGTCGTAGCTAGATA-1,Oligo MOG OPALIN,0.9872094331483291
AAGTCGTAGGCCTTCG-1,Oligo MOG OPALIN,0.993015321596474
AAGTCGTCAAGAATGT-1,Oligo MOG OPALIN,0.9999535753202363
AAGTCGTCAGGCCCTA-1,Oligo MOG OPALIN,0.9999363519367889
AAGTGAAAGCAAGCCA-1,L2-3 CUX2 ACVR1C THSD7A,0.3915212307627583
AAGTGAACAAGGTACG-1,InN SST TRPC7,0.284980830451775
AAGTGAAGTACTCGCG-1,Oligo MOG OPALIN,0.9999911109733732
AAGTGAAGTCGCAGTC-1,Oligo MOG OPALIN,0.9998931603272154
AAGTGAAGTGTCATCA-1,Oligo MOG OPALIN,0.9972077052738031
AAGTGAATCATAGACC-1,Endo CLDN5 SLC7A5,0.9718789323271029
AAGTTCGAGAAACCCG-1,InN SST ADAMTSL1,0.18865593486802218
AAGTTCGAGCGCCTTG-1,Micro P2RY12 APBB1IP,0.17786295442962222
AAGTTCGCAATTAGGA-1,Oligo MOG OPALIN,0.9990444070511239
AAGTTCGCAATTTCCT-1,L3-5 RORB MKX GRIN3A,0.7359557838632685
AAGTTCGTCGCAATTG-1,OPC PDGFRA PCDH15,0.9999999999999942
AATAGAGGTTAGGACG-1,Oligo MOG OPALIN,0.6254185384710402
AATAGAGTCGACATTG-1,Oligo MOG OPALIN,0.9999916553268094
AATAGAGTCGCGTAGC-1,InN ADARB2 SFRP2,0.9974213427018883
AATCACGAGGCATCAG-1,L6 FEZF2 NPFFR2 KCNK2,0.7947460817027235
AATCACGAGGTAAAGG-1,Oligo MOG OPALIN,0.9993433490826484
AATCACGCAACTGCTA-1,L6 FEZF2 DCBLD1 MITF,0.9757719801564442
AATCACGCAAGGACAC-1,Endo CLDN5 SLC7A5,0.9998568490896759
AATCACGCAATGAACA-1,Astro AQP4 SLC1A2,0.08071195529513531
AATCACGCACGTCGTG-1,PC P2RY14 GRM8,0.9999991051179732
AATCACGCAGTATGAA-1,Oligo MOG OPALIN,0.9999890845509928
AATCACGCATACCACA-1,Endo CLDN5 SLC7A5,0.03665726402494686
AATCACGCATGGCTGC-1,Micro P2RY12 APBB1IP,0.9260202837565153
AATCACGGTGTCCACG-1,Astro GFAP AQP1,0.17871240130504992
AATCACGTCTAGAGCT-1,Endo CLDN5 SLC7A5,0.1526114090595165
AATCACGTCTTGCAGA-1,InN PVALB ANOS1,0.8119942782979614
AATCGACCAGAGTGAC-1,Endo CLDN5 SLC7A5,0.9470455754060961
AATCGACCATCCGAAT-1,Micro P2RY12 APBB1IP,0.975069595164185
AATCGACGTACTGCGC-1,Oligo MOG OPALIN,0.9999960077139027
AATCGACGTGCAACGA-1,L3-5 RORB MKX GRIN3A,0.8892407555524469
AATCGACGTTGCAACT-1,Astro AQP4 SLC1A2,0.9895004807794991
AATCGACTCTGTACAG-1,Astro GFAP FABP7,0.9929347869255064
AATCGTGAGAGTACCG-1,L3-5 RORB GABRG1 KCNH7,0.22822496482103394
AATCGTGAGGCGATAC-1,Astro AQP4 SLC1A2,0.9993661525176296
AATCGTGAGTCTGGAG-1,Oligo MOG OPALIN,0.9996718633802198
AATCGTGGTAGGAGTC-1,Oligo MOG OPALIN,0.9999836605455968
AATGAAGAGAAACTAC-1,Endo CLDN5 SLC7A5,0.9950128521136405
AATGAAGCAGAGGCTA-1,Endo CLDN5 SLC7A5,0.767437100989413
AATGAAGGTCGCATCG-1,L6 FEZF2 DCBLD1 MITF,0.9924357716184894
AATGAAGGTGAGTAGC-1,L2-3 CUX2 NTNG1 COL5A2,0.3293318850144011
AATGAAGTCGTGTTCC-1,Endo CLDN5 SLC7A5,0.17649826431239057
AATGACCAGGCAGTCA-1,Endo CLDN5 SLC7A5,0.5173878267371841
AATGACCCATACCATG-1,PC P2RY14 GRM8,0.9999893974604316
AATGACCGTAATTGGA-1,Endo CLDN5 SLC7A5,0.025122538416823405
AATGACCGTATGAGCG-1,L2-3 CUX2 NTNG1 COL5A2,0.07006105100894347
AATGACCGTCGTGATT-1,OPC PDGFRA PCDH15,0.9999999987894326
AATGACCGTCGTGCCA-1,Oligo MOG OPALIN,0.9998509830888517
AATGACCGTGACCGTC-1,Endo CLDN5 SLC7A5,0.8320357471912089
AATGACCGTTGAATCC-1,Oligo MOG OPALIN,0.959010678934755
AATGACCGTTTCTATC-1,L2-4 CUX2 RORB CLMN,0.8155606067418966
AATGACCTCTCCAAGA-1,Astro AQP4 SLC1A2,0.6895399197878822
AATGCCAAGAGTATAC-1,Micro P2RY12 APBB1IP,0.9996010880087868
AATGCCAAGCCATTTG-1,Micro P2RY12 APBB1IP,0.9808085023903363
AATGCCAAGGCGCTTC-1,PC P2RY14 GRM8,0.9989060560674372
AATGCCAAGGCTAAAT-1,Endo CLDN5 SLC7A5,0.620276342342996
AATGCCACAACTAGAA-1,Oligo MOG OPALIN,0.7799605218014728
AATGCCACAGGTCAGA-1,Oligo MOG OPALIN,0.9999460312026476
AATGCCAGTAGCTCGC-1,L2-3 CUX2 ACVR1C THSD7A,0.9994982361187577
AATGCCATCAGCGTCG-1,L2-3 CUX2 NTNG1 PLCH1,0.5200342751794342
AATGCCATCCCTTGGT-1,L2-4 CUX2 RORB CLMN,0.5163614996596825
AATGCCATCGAAGCAG-1,Endo CLDN5 SLC7A5,0.9406647535915063
AATGCCATCGAGAAAT-1,Astro GFAP FABP7,0.9943756892958336
AATGGAAAGAGTCAGC-1,InN VIP SCML4,0.9999329499924176
AATGGAAAGCGTGCCT-1,Endo CLDN5 SLC7A5,0.5816131998456157
AATGGAAAGGCATGCA-1,L2-3 CUX2 NTNG1 PALMD,0.14355799935223776
AATGGAAAGTAGGGTC-1,L6 FEZF2 SYT6 PTPRT,0.5583572497281418
AATGGAAGTGTCATCA-1,InN SST ADAMTSL1,0.5239591052350049
AATGGCTAGAAAGTCT-1,L3-5 RORB MKX DCC,0.9233450708485907
AATGGCTCACAAAGCG-1,Oligo MOG OPALIN,0.9999699394610357
AATGGCTGTACAGTCT-1,L2-3 CUX2 NTNG1 PLCH1,0.2174667234572223
AATGGCTTCAGCTTGA-1,OPC PDGFRA PCDH15,0.9996442591238857
AATGGCTTCCACTGGG-1,InN VIP HS3ST3B1,0.9004192340903099
AATGGCTTCGATTCCC-1,L2-3 CUX2 NTNG1 PALMD,0.024465173732095943
AATGGCTTCGGACTGC-1,Endo CLDN5 SLC7A5,0.07962288558349977
AATTCCTAGACCAAAT-1,Oligo MOG OPALIN,0.9999696355334039
AATTCCTAGCCATGCC-1,L2-3 CUX2 NTNG1 COL5A2,0.06259965345506688
AATTCCTCAACGAGGT-1,Endo CLDN5 SLC7A5,0.26438768914119226
AATTCCTGTCACTCGG-1,Endo CLDN5 SLC7A5,0.6082701970043709
AATTCCTGTTACCTGA-1,Oligo MOG GSN,0.9375685332614602
AATTCCTTCGCCAGAC-1,Endo CLDN5 SLC7A5,0.9301009352528793
AATTCCTTCGTGTCAA-1,Oligo MOG OPALIN,0.9999997405936638
AATTTCCAGCAAATGT-1,Endo CLDN5 SLC7A5,0.8787336291914661
AATTTCCAGGTCGTAG-1,L5-6 FEZF2 NXPH2 SORCS3,0.2600298533722243
AATTTCCCATAACTCG-1,Oligo MOG OPALIN,0.38413592534427343
AATTTCCGTGAAGCGT-1,Oligo MOG OPALIN,0.9999991509137731
AATTTCCGTTGGCCGT-1,Astro AQP4 SLC1A2,0.9756671142815654
AATTTCCTCGTAGTCA-1,Micro P2RY12 APBB1IP,0.9981511967626243
ACAAAGAAGACTGAGC-1,Oligo MOG OPALIN,0.9765693718144485
ACAAAGAAGCGAGAAA-1,PC P2RY14 GRM8,0.9999998112834557
ACAAAGAAGTTCCGGC-1,Oligo MOG OPALIN,0.999982403035481
ACAAAGACAGGTGTGA-1,Astro GFAP FABP7,0.9164610324079413
ACAAAGACATAATCCG-1,Endo CLDN5 SLC7A5,0.6394640330701297
ACAAAGACATGCCGAC-1,Endo CLDN5 DKK2,0.9996377299031953
ACAAAGAGTATTTCCT-1,Oligo MOG OPALIN,0.5956620133708055
ACAAAGAGTTGGATCT-1,Oligo MOG OPALIN,0.9981973985628589
ACAAAGAGTTTGGGTT-1,L3-5 RORB MKX DCC,0.9988430009735006
ACAAAGATCACAAGAA-1,Oligo MOG OPALIN,0.9996355464770316
ACAAAGATCATTGCTT-1,L2-3 CUX2 NTNG1 COL5A2,0.05067695493560035
ACAAAGATCTGTGCGG-1,Astro AQP4 SLC1A2,0.16933294364432724
ACAACCAGTTATTCCT-1,Endo CLDN5 SLC7A5,0.9798542886287733
ACAACCATCGACATAC-1,L2-3 CUX2 ACVR1C THSD7A,0.9983882869298196
ACAAGCTAGCCTCTCT-1,L3-5 RORB GABRG1 KCNH7,0.09369557595684688
ACAAGCTCACCTATCC-1,Oligo MOG OPALIN,0.6028162670033772
ACAAGCTCACGCAAAG-1,L2-3 CUX2 NTNG1 PALMD,0.7189342077538821
ACAAGCTGTACAATAG-1,Oligo MOG OPALIN,0.99574330359843
ACACAGTAGGATCATA-1,Oligo MOG OPALIN,0.9893206879539144
ACACAGTGTAATGATG-1,Endo CLDN5 SLC7A5,0.4976361599604731
ACACAGTGTGCCTATA-1,Oligo MOG OPALIN,0.999940172250071
ACACAGTGTGTCTAAC-1,Oligo MOG OPALIN,0.998195168889491
ACACAGTGTGTTATCG-1,Astro AQP4 SLC1A2,0.8728038997461347
ACACAGTTCACTGCTC-1,Oligo MOG OPALIN,0.9981834344400098
ACACCAAAGGTACCTT-1,PC P2RY14 GRM8,0.9999793657112231
ACACCAACACTTCAGA-1,Oligo MOG OPALIN,0.9999991138354144
ACACCAACATGCCGAC-1,InN VIP EXPH5,0.9912843938563746
ACACCAACATGGAATA-1,Oligo MOG OPALIN,0.9999789534757771
ACACCAACATGGGTCC-1,Oligo MOG OPALIN,0.9995185298054892
ACACCAATCCATACTT-1,Micro P2RY12 APBB1IP,0.997947349551757
ACACCAATCTCCCATG-1,Endo CLDN5 SLC7A5,0.925027148494756
ACACGCGGTAGAATAC-1,Oligo MOG OPALIN,0.9997568295092373
ACACGCGTCAGAGTGG-1,Oligo MOG OPALIN,0.999881957283467
ACACTGAAGGAACTCG-1,Endo CLDN5 SLC7A5,0.9519291540134789
ACACTGATCAGACCGC-1,Oligo MOG OPALIN,0.9996955069538442
ACAGAAAAGGTTGGAC-1,Endo CLDN5 SLC7A5,0.3339951189553397
ACAGAAACAAGACCTT-1,Astro GFAP FABP7,0.9999977622642794
ACAGAAACACTCTAGA-1,Endo CLDN5 SLC7A5,0.9943150565110142
ACAGAAAGTATGAGCG-1,Endo CLDN5 SLC7A5,0.9697529647220757
ACAGAAATCGTTCTGC-1,Astro GFAP FABP7,0.4153810295995377
ACAGAAATCTAAGCGT-1,L2-3 CUX2 NTNG1 PALMD,0.1819657214690888
ACAGAAATCTGTCGTC-1,Astro GFAP FABP7,0.9999428467089682
ACAGAAATCTTCCTAA-1,Endo CLDN5 SLC7A5,0.9802898417346172
ACAGCCGAGGAATGTT-1,Astro GFAP FABP7,0.7714527245569459
ACAGCCGAGTAGGGTC-1,Astro AQP4 SLC1A2,0.3988496729462351
ACAGCCGTCTACCAGA-1,Oligo MOG OPALIN,0.9999814295059664
ACAGGGAAGGAGGGTG-1,Oligo MOG OPALIN,0.9999697560214478
ACAGGGAAGGATACAT-1,Micro P2RY12 APBB1IP,0.9665429468076158
ACAGGGACACTAGGTT-1,L3-5 RORB MKX GRIN3A,0.4145523167265516
ACAGGGACATACAGCT-1,Oligo MOG OPALIN,0.99757221591469
ACAGGGACATCAGCAT-1,Oligo MOG OPALIN,0.38624476330676305
ACAGGGAGTCATCGCG-1,Astro GFAP AQP1,0.7023529706068898
ACAGGGATCCCGAAAT-1,Micro P2RY12 APBB1IP,0.9977317022790158
ACATCCCAGAATCGCG-1,Endo CLDN5 SLC7A5,0.9353196633771088
ACATCCCAGCTTGTTG-1,PC P2RY14 GRM8,0.9999911136151417
ACATCCCAGTATAGGT-1,L2-3 CUX2 ARHGAP18,0.01393264301391135
ACATCCCCAATGGCAG-1,PC P2RY14 GRM8,0.9999999733947234
ACATCCCCATGGTGGA-1,Oligo MOG OPALIN,0.9999897491169605
ACATCCCGTTCTCACC-1,Endo CLDN5 SLC7A5,0.9639584740574434
ACATCCCGTTTGCCGG-1,L2-3 CUX2 ACVR1C THSD7A,0.5840540136390275
ACATCCCTCAGACTGT-1,Oligo MOG GSN,0.12864824249127202
ACATCGAAGACCGTTT-1,Astro GFAP FABP7,0.9988524454156181
ACATCGAAGATTGACA-1,Astro GFAP FABP7,0.9997934667213587
ACATCGAAGGATGTTA-1,PC P2RY14 GRM8,0.9999908813737801
ACATCGAAGTCACTGT-1,Micro P2RY12 APBB1IP,0.9970937279370722
ACATCGACAGGTTCCG-1,PC P2RY14 GRM8,0.9998523632654216
ACATCGATCCGCAACG-1,PC P2RY14 GRM8,0.9995695766340206
ACATGCAAGACGCCCT-1,InN VIP CLSTN2,0.07210550245206467
ACATGCAAGTTCTCTT-1,Oligo MOG OPALIN,0.9999920289821715
ACATGCAGTGGTAACG-1,OPC PDGFRA PCDH15,0.9999999999983813
ACATGCAGTTCGGCCA-1,Oligo MOG OPALIN,0.9999018138659668
ACATGCAGTTGTGTAC-1,InN SST TRPC7,0.9770973377950142
ACATGCATCGCTCTAC-1,PC P2RY14 GRM8,0.994690156760445
ACATGCATCTGCAGCG-1,L2-3 CUX2 NTNG1 PALMD,0.5729940922122797
ACATTTCCACCTTCGT-1,Astro GFAP FABP7,0.9999728762389475
ACATTTCCAGCGACAA-1,Oligo MOG OPALIN,0.9234485937261286
ACATTTCGTTCAAAGA-1,PC P2RY14 GRM8,0.9992825425462404
ACATTTCTCAAGTCTG-1,Oligo MOG OPALIN,0.9998973009703255
ACCAAACAGTGGCGAT-1,Oligo MOG OPALIN,0.999998560979052
ACCAAACTCCACTGAA-1,InN VIP SCML4,0.8015512773267379
ACCAAACTCCCTAGGG-1,Astro GFAP AQP1,0.9780527683002527
ACCAACAAGAAGCTGC-1,OPC PDGFRA PCDH15,0.9999999999999993
ACCAACAAGGGTTAAT-1,L6 FEZF2 NPFFR2 TPD52L1,0.6379890844821634
ACCAACACAATTCTCT-1,L2-4 CUX2 RORB CLMN,0.9879288630096702
ACCAACATCCTCCACA-1,Micro P2RY12 APBB1IP,0.9997157621065351
ACCAACATCGTACCTC-1,L3-5 RORB MKX GRIN3A,0.9794519928105565
ACCACAAAGGGCATGT-1,Oligo MOG OPALIN,0.9990561998049292
ACCACAACACTTGACA-1,Oligo MOG GSN,0.024463203501265664
ACCACAAGTTTACTTC-1,PC P2RY14 GRM8,0.9999737429216835
ACCACAATCATTACCT-1,Endo CLDN5 IL1R1,0.9511038719353565
ACCACAATCGTTAGAC-1,L3-5 RORB GABRG1 KCNH7,0.7902755232387012
ACCATTTCAGAAATTG-1,Oligo MOG OPALIN,0.9998970440822311
ACCATTTGTCGTTGGC-1,Oligo MOG OPALIN,0.9995399996185614
ACCCAAAAGAGTTCGG-1,Oligo MOG OPALIN,0.9994130054512943
ACCCAAAAGGACTGGT-1,Endo CLDN5 SLC7A5,0.9929379562565137
ACCCAAACAAAGGCAC-1,Oligo MOG GSN,0.23580921563795007
ACCCAAACATACACCA-1,Oligo MOG OPALIN,0.9999465279759316
ACCCAAAGTAACGATA-1,Oligo MOG OPALIN,0.9987064260972544
ACCCAAAGTTGGCCGT-1,PC P2RY14 GRM8,0.9999739655608629
ACCCAAATCCACTGAA-1,Oligo MOG OPALIN,0.958761710121693
ACCCAAATCTAAACGC-1,Oligo MOG OPALIN,0.9999056281587952
ACCCTCACACAGCTGC-1,Endo CLDN5 SLC7A5,0.6205056067781812
ACCCTCACAGGCAATG-1,SMC ACTA2 CNN1,0.9987442117921308
ACCCTCAGTATGCAAA-1,Oligo MOG OPALIN,0.9998998641901568
ACCCTTGCAAATTAGG-1,Oligo MOG OPALIN,0.9989580749486068
ACCCTTGGTAGATCCT-1,Endo CLDN5 SLC7A5,0.9899635258709244
ACCCTTGTCCGAGAAG-1,Astro AQP4 SLC1A2,0.7447818478796179
ACCCTTGTCGCTGTCT-1,Astro AQP4 SLC1A2,0.9581279615911634
ACCGTTCAGATAACAC-1,Oligo MOG OPALIN,0.999977164911214
ACCGTTCCACGTAACT-1,Endo CLDN5 SLC7A5,0.7625804367927511
ACCGTTCGTAGTGTGG-1,Oligo MOG OPALIN,0.9999536493252105
ACCGTTCGTCAAGCGA-1,Astro GFAP AQP1,0.8559125525226569
ACCGTTCGTTCGATTG-1,Oligo MOG OPALIN,0.2790958628291924
ACCGTTCTCATCACAG-1,L2-3 CUX2 NTNG1 PALMD,0.05418201303489824
ACCTACCAGAGTCAAT-1,L6 OPRK1 THEMIS RGS6,0.9187716360671139
ACCTACCAGCATCGAG-1,VLMC COL1A2 SLC13A3,0.6376321061118605
ACCTACCCAACCACGC-1,Oligo MOG OPALIN,0.9734542981475697
ACCTACCCAGACATCT-1,Endo CLDN5 SLC7A5,0.7100702476427478
ACCTACCGTGTCCGGT-1,Oligo MOG OPALIN,0.999321265693511
ACCTACCGTTACGGAG-1,Endo CLDN5 SLC7A5,0.2854174758677244
ACCTACCTCATCGACA-1,Endo CLDN5 IL1R1,0.26173028890633954
ACCTACCTCGAAACAA-1,Oligo MOG OPALIN,0.9999541179602409
ACCTGAAAGGAATTAC-1,Endo CLDN5 SLC7A5,0.34174849927823475
ACCTGAACACCGTCTT-1,Oligo MOG OPALIN,0.9991095226085426
ACCTGAATCCTGTTGC-1,Endo CLDN5 SLC7A5,0.34130420300839914
ACCTGTCAGAGGGTCT-1,Oligo MOG OPALIN,0.9998397370653084
ACCTGTCAGAGGTTTA-1,Endo CLDN5 SLC7A5,0.3100740928315745
ACCTGTCCACCAGCGT-1,Oligo MOG OPALIN,0.9999426394012703
ACCTGTCGTATTTCGG-1,Oligo MOG OPALIN,0.1758046365104794
ACCTGTCGTCAGGCAA-1,L5-6 FEZF2 NXPH2 CDH8,0.9075452851945651
ACGATCAAGCCGGAAT-1,L2-3 CUX2 ACVR1C INHBA,0.14242685455693496
ACGATCAAGGATCACG-1,L2-3 CUX2 ACVR1C THSD7A,0.968438383928095
ACGATCACAGCACCCA-1,L6 FEZF2 DCBLD1 MITF,0.20755816052736517
ACGATCATCAAAGGAT-1,L2-3 CUX2 ACVR1C THSD7A,0.3766033715291607
ACGATGTCACACGGTC-1,Oligo MOG OPALIN,0.9996420633292724
ACGATGTCATGTTCGA-1,InN PVALB PIEZO2,0.5782699386322572
ACGATGTGTGGCAACA-1,InN SST ADAMTSL1,0.9414153526346154
ACGATGTTCAGAGTTC-1,InN ADARB2 FAM19A1,0.9895287774404372
ACGATGTTCATTGTTC-1,L2-3 CUX2 ACVR1C THSD7A,0.9997630746149494
ACGATGTTCGTGCATA-1,Oligo MOG OPALIN,0.9926667233337025
ACGCACGCACACCTAA-1,Endo CLDN5 SLC7A5,0.07184358512677551
ACGCACGGTACATACC-1,Oligo MOG OPALIN,0.04774387348502801
ACGGAAGAGACGTCGA-1,L3-5 RORB GABRG1 PTPRO,0.06350467645576525
ACGGAAGAGGTGGTTG-1,Astro GFAP FABP7,0.9942271216019191
ACGGAAGGTACAAAGT-1,Oligo MOG OPALIN,0.9999971243155357
ACGGAAGGTAGTCCTA-1,L6 OPRK1 THEMIS RGS6,0.9995651670984932
ACGGAAGTCAACACCA-1,InN SST STK32A,0.9999120266216663
ACGGAAGTCAACTCTT-1,InN SST TRPC7,0.6459519460715377
ACGGAAGTCACCGCTT-1,InN SST ADAMTSL1,0.8515412704157861
ACGGAAGTCGCGATCG-1,Astro GFAP AQP1,0.6870829633081437
ACGGGTCAGATGCGAC-1,Oligo MOG OPALIN,0.9999049810579254
ACGGGTCCACTTTAGG-1,Astro GFAP FABP7,0.9541410935929091
ACGGGTCGTACCACGC-1,Oligo MOG GSN,0.8778174478626176
ACGGGTCGTCCAACGC-1,Endo CLDN5 SLC7A5,0.9566748431284615
ACGGGTCGTGCTCTCT-1,L2-3 CUX2 NTNG1 PALMD,0.6636221935071179
ACGGGTCGTTCAAGGG-1,Endo CLDN5 SLC7A5,0.9744594434633351
ACGGGTCTCAGGAAGC-1,InN LAMP5 LHX6 PROX1,0.9033208844547195
ACGGGTCTCCTTATGT-1,InN SST NPY,0.9949429319180418
ACGGTCGAGACATAAC-1,Oligo MOG OPALIN,0.9997564620232691
ACGGTCGAGCGATTCT-1,L2-3 CUX2 NTNG1 PALMD,0.3670246225941186
ACGGTCGAGGGTTGCA-1,Oligo MOG OPALIN,0.9982340783808249
ACGGTCGCACTCTGCT-1,L2-3 CUX2 NTNG1 PALMD,0.1328888591095531
ACGGTCGTCCCTTGGT-1,Oligo MOG OPALIN,0.9913632532987425
ACGGTTACAGACACAG-1,Oligo MOG OPALIN,0.9996056976586299
ACGTAACCAAGCAATA-1,InN SST ADAMTSL1,0.24915408867663563
ACGTAACCATGAATAG-1,InN VIP HS3ST3B1,0.9996049681569439
ACGTAACTCGAGCACC-1,Oligo MOG OPALIN,0.9994329895203407
ACGTACAAGACGCAGT-1,InN VIP CLSTN2,0.9996980339147733
ACGTACAAGTTGCTGT-1,Oligo MOG OPALIN,0.9999985261881813
ACGTACACAAGCAGGT-1,Oligo MOG OPALIN,0.999796467876362
ACGTACACACGAGAAC-1,Oligo MOG OPALIN,0.9999966319059798
ACGTAGTGTAGTTCCA-1,L3-5 RORB MKX DCC,0.34032130687600337
ACGTAGTGTGCTCCGA-1,Oligo MOG OPALIN,0.99994820504585
ACGTAGTGTTCGGCGT-1,Endo CLDN5 SLC7A5,0.25750310544655525
ACGTCCTAGGAACGTC-1,L6 FEZF2 SYT6 ERBB4,0.1480882135847013
ACGTCCTAGTTTGGCT-1,Oligo MOG OPALIN,0.9535784919268105
ACGTTCCAGCCTGGAA-1,Endo CLDN5 SLC7A5,0.9886996430812737
ACGTTCCAGTGTACAA-1,Oligo MOG OPALIN,0.8836066038416339
ACGTTCCAGTTTGTCG-1,PC P2RY14 GRM8,0.9993347356302982
ACGTTCCGTCTTGCGG-1,Astro AQP4 SLC1A2,0.9999119292321264
ACTACGAAGTTTAGGA-1,Astro AQP4 SLC1A2,0.41047900887109295
ACTACGACAGTATGAA-1,Oligo MOG OPALIN,0.9999975957741463
ACTACGAGTTAAGGAT-1,L2-3 CUX2 NTNG1 COL5A2,0.4478038602988052
ACTACGATCCGACGGT-1,Astro AQP4 SLC1A2,0.9954068143386614
ACTACGATCGTCTAAG-1,L2-3 CUX2 NTNG1 COL5A2,0.2950401691866318
ACTATCTAGAACAGGA-1,InN SST HS3ST5,0.880772193254076
ACTATCTAGGGTATAT-1,PC P2RY14 GRM8,0.9999733437717834
ACTATCTGTCGAAGCA-1,Oligo MOG OPALIN,0.9991575253154307
ACTATCTGTGTTCGTA-1,Oligo MOG OPALIN,0.9999973727304207
ACTATCTTCCATTCGC-1,L3-5 RORB GABRG1 KCNH7,0.65869002298951
ACTATGGAGACGATAT-1,Endo CLDN5 SLC7A5,0.9825138675332402
ACTATGGAGGATCATA-1,L6 FEZF2 DCBLD1 MITF,0.5436815125856526
ACTATGGTCTGAATCG-1,Endo CLDN5 SLC7A5,0.6598601813332224
ACTATTCCAAGTTTGC-1,Endo CLDN5 SLC7A5,0.8559708550297337
ACTATTCCAGGACAGT-1,Endo CLDN5 SLC7A5,0.9980798400464855
ACTCCCAAGGCGAAGG-1,Endo CLDN5 SLC7A5,0.9962603693239923
ACTCCCAGTGACAACG-1,L2-3 CUX2 ACVR1C THSD7A,0.8968611775463339
ACTCTCGAGTTCATCG-1,Micro P2RY12 APBB1IP,0.9926936838700616
ACTCTCGGTCGAGCAA-1,Oligo MOG OPALIN,0.9839351956457726
ACTCTCGGTCTCAGAT-1,L2-3 CUX2 NTNG1 COL5A2,0.38402090026474756
ACTCTCGTCGCCTCTA-1,InN LAMP5 ADAMTS20,0.18371973326231275
ACTGATGAGAGTCTGG-1,L3-5 RORB MKX GRIN3A,0.2866079325624908
ACTGATGAGTCGTCTA-1,Oligo MOG OPALIN,0.9546098370018568
ACTGATGCAAGTTCCA-1,Endo CLDN5 SLC7A5,0.5538854420588344
ACTGATGGTGTTTGCA-1,Astro AQP4 SLC1A2,0.9904162330623483
ACTGATGGTTACCTGA-1,Oligo MOG OPALIN,0.9997933320453442
ACTGATGTCATCAGTG-1,Micro P2RY12 APBB1IP,0.8012006033812553
ACTGATGTCCTTTGAT-1,Oligo MOG OPALIN,0.997341026887863
ACTGCAACACGGAAGT-1,Endo CLDN5 SLC7A5,0.06163901644410679
ACTGCAACATAGCTGT-1,L2-3 CUX2 NTNG1 COL5A2,0.2222130173427198
ACTGCAAGTATGTCTG-1,L2-3 CUX2 ACVR1C THSD7A,0.9985824969648388
ACTGCAAGTCCCTGTT-1,Oligo MOG OPALIN,0.9999921097879232
ACTGCAAGTTCGTTCC-1,Oligo MOG OPALIN,0.9722895189177904
ACTGCAATCTACCAGA-1,OPC PDGFRA PCDH15,0.9999997513683371
ACTGCAATCTCTGCCA-1,Endo CLDN5 SLC7A5,0.79500281005801
ACTGTCCAGATCCCAT-1,Oligo MOG OPALIN,0.949305868587742
ACTGTCCAGCCGAACA-1,Oligo MOG OPALIN,0.3827491001759175
ACTGTCCAGCGACTGA-1,Oligo MOG OPALIN,0.9999223612954032
ACTGTCCCAAGAGAGA-1,Oligo MOG OPALIN,0.9996299856467524
ACTGTCCCACGACCTG-1,Oligo MOG OPALIN,0.9995670389368865
ACTGTCCTCTGACCCT-1,Astro AQP4 SLC1A2,0.06456934948334701
ACTGTGAAGTTGTCAC-1,L6 FEZF2 NPFFR2 TPD52L1,0.8166789660795823
ACTGTGACACGTAGTT-1,L3-5 RORB GABRG1 PTPRO,0.06356429462707039
ACTGTGAGTACTAACC-1,L5 FEZF2 BCL11B POU3F1,0.19617630866434235
ACTTAGGCAATTTCTC-1,InN LAMP5 LHX6 TAC1,0.6779392861601156
ACTTAGGGTAGCACGA-1,InN SST TRPC7,0.970113676138766
ACTTAGGGTCAAGCGA-1,Astro GFAP AQP1,0.5026656094905555
ACTTAGGTCCCAAGTA-1,L6 OPRK1 THEMIS RGS6,0.9817861398400494
ACTTAGGTCGAGTTGT-1,InN LAMP5 LHX6 PROX1,0.9957099213014202
ACTTATCAGAGTTGAT-1,Oligo MOG FRY,0.9541623533328673
ACTTATCCAGGTGACA-1,Oligo MOG OPALIN,0.9998245866631649
ACTTATCGTGGAATGC-1,InN SST HS3ST5,0.4720711145816375
ACTTATCTCAGCAGAG-1,Endo CLDN5 SLC7A5,0.4489272610535312
ACTTCCGAGATAGGGA-1,Oligo MOG OPALIN,0.999962294021691
ACTTCCGCACGCAAAG-1,Astro AQP4 SLC1A2,0.9999953746599556
ACTTCCGCATAACAGA-1,InN VIP PENK,0.9297537435900723
ACTTCCGGTGCTGATT-1,Endo CLDN5 SLC7A5,0.24635560868778267
ACTTCCGTCAAGCTTG-1,Oligo MOG OPALIN,0.9999297282326798
ACTTCGCAGATGAACT-1,Oligo MOG OPALIN,0.999996010705246
ACTTCGCAGCAATTCC-1,Endo CLDN5 SLC7A5,0.9656590669507796
ACTTCGCTCGTCAGAT-1,Oligo MOG GSN,0.8300122337568229
ACTTTCACAGATTCGT-1,Oligo MOG OPALIN,0.9999959994027662
ACTTTCAGTTTGAAAG-1,Oligo MOG OPALIN,0.9999845737462405
ACTTTCATCAGGAAGC-1,Micro P2RY12 APBB1IP,0.9917887956538769
ACTTTGTAGCGAGTAC-1,Endo CLDN5 SLC7A5,0.9832451486195549
ACTTTGTCACGCGTGT-1,Oligo MOG OPALIN,0.9999837152873728
ACTTTGTCAGGAGGAG-1,InN SST FREM1,0.0605907601613551
ACTTTGTGTACTCCGG-1,L3-5 RORB GABRG1 KCNH7,0.20190442371511996
ACTTTGTGTTGCTAGT-1,Oligo MOG OPALIN,0.9976907980580466
ACTTTGTTCCACGTGG-1,Astro AQP4 SLC1A2,0.9971460150381247
ACTTTGTTCTTGATTC-1,Endo CLDN5 SLC7A5,0.8791582712939879
AGAAATGAGCAGATAT-1,InN SST ADRA1D,0.3772131619106791
AGAAATGAGTAGGAAG-1,Endo CLDN5 SLC7A5,0.9145772359438602
AGAAATGCAGAGTAAT-1,Endo CLDN5 SLC7A5,0.7009891597441668
AGAAATGGTCTCGACG-1,Endo CLDN5 SLC7A5,0.9412992876460325
AGAACAAAGAGTCAGC-1,Astro AQP4 SLC1A2,0.9920820232918832
AGAACAAAGTCAGCCC-1,InN VIP EXPH5,0.9741956116757996
AGAACAAAGTTCTACG-1,Oligo MOG GSN,0.9953901566912564
AGAACAACATCGAGCC-1,Oligo MOG OPALIN,0.9997319889573438
AGAACAAGTGTCTAAC-1,Oligo MOG OPALIN,0.29171108728428535
AGAACAATCACTTTGT-1,Oligo MOG OPALIN,0.9945282135132985
AGAACCTCAATTAGGA-1,PC P2RY14 GRM8,0.9816460231517926
AGAACCTGTAGTCGTT-1,Oligo MOG OPALIN,0.9970530690793882
AGAACCTGTTCGTTCC-1,Oligo MOG OPALIN,0.9970493528109982
AGAACCTGTTGCATCA-1,InN SST ADAMTSL1,0.9835424886265316
AGAACCTTCCGCACGA-1,Oligo MOG OPALIN,0.9928803663745769
AGAAGCGAGCTGAAAT-1,Oligo MOG OPALIN,0.9990733426644598
AGAAGCGAGCTTTGTG-1,L5-6 FEZF2 NXPH2 SORCS3,0.3233286178737667
AGAAGCGAGGCGAAGG-1,Oligo MOG OPALIN,0.9999994312627246
AGAAGCGCAATCGCGC-1,Oligo MOG OPALIN,0.9997180187808107
AGAAGCGGTTCAAGGG-1,L2-3 CUX2 NTNG1 PALMD,0.09979653468661956
AGAAGCGTCTAGCATG-1,Oligo MOG OPALIN,0.9998484345132167
AGAAGCGTCTTACACT-1,Astro AQP4 SLC1A2,0.9909823809781794
AGAAGTAAGTTCCGTA-1,Oligo MOG OPALIN,0.999991059952759
AGAAGTACACTCACTC-1,L2-3 CUX2 NTNG1 PALMD,0.8155542345875894
AGAAGTAGTGCAGTGA-1,Oligo MOG OPALIN,0.467424030793438
AGACAAAGTGTCCAAT-1,Endo CLDN5 SLC7A5,0.8327214257340299
AGACAAATCCATGAGT-1,Oligo MOG OPALIN,0.9974779551171833
AGACAAATCCTCACCA-1,InN PVALB SYT2,0.11512530939292306
AGACACTAGACTTAAG-1,Oligo MOG OPALIN,0.9999978116918747
AGACACTAGGCCACCT-1,Micro P2RY12 APBB1IP,0.98651450077027
AGACACTCACAGCTGC-1,InN SST ADAMTSL1,0.9862608353897375
AGACACTGTCAGGAGT-1,Oligo MOG OPALIN,0.9982655790851571
AGACACTGTTCAAGGG-1,PC P2RY14 GRM8,0.9998603851587714
AGACACTTCCGTGGCA-1,Oligo MOG OPALIN,0.3662384609430642
AGACAGGAGCAATAGT-1,InN SST HS3ST5,0.4239102328377498
AGACAGGAGTGTGTTC-1,Oligo MOG GSN,0.879238401371051
AGACAGGCACAGTGTT-1,Oligo MOG OPALIN,0.9995694321663702
AGACAGGCATGACGGA-1,Astro AQP4 SLC1A2,0.9974035048640155
AGACAGGGTTGCTCAA-1,L2-3 CUX2 ACVR1C THSD7A,0.5421623033775466
AGACCATCACGCACCA-1,L2-3 CUX2 ACVR1C THSD7A,0.3479577325362997
AGACCATTCTCAGAAC-1,L2-3 CUX2 ACVR1C THSD7A,0.7273272107500426
AGACCCGAGATGAAGG-1,Oligo MOG OPALIN,0.9806813418499603
AGACCCGTCTCAAAGC-1,Endo CLDN5 SLC7A5,0.998143223391603
AGACCCGTCTGTCCCA-1,InN LAMP5 LHX6 PROX1,0.19781164717973335
AGACTCAAGCGAGAAA-1,InN VIP HS3ST3B1,0.8196311303313688
AGACTCAGTAACACCT-1,Micro P2RY12 APBB1IP,0.42358461776951
AGACTCAGTCAATCTG-1,Endo CLDN5 SLC7A5,0.93120179854727
AGACTCATCCTCTAGC-1,Oligo MOG OPALIN,0.9999595368287382
AGAGAATAGGAGGCAG-1,Oligo MOG OPALIN,0.9998598142942247
AGAGAATCAAGTTTGC-1,Oligo MOG OPALIN,0.6664512487435286
AGAGAATCATGATCTG-1,Oligo MOG OPALIN,0.9998975032427707
AGAGAATGTCACAATC-1,Oligo MOG OPALIN,0.9999935169486539
AGAGAATGTCCTACGG-1,InN PVALB ANOS1,0.6804631198610587
AGAGAATTCTTACCAT-1,Astro AQP4 SLC1A2,0.5615988270112254
AGAGAGCAGGTAAAGG-1,Micro P2RY12 GLDN,0.9998368024966929
AGAGAGCCAACTGCCG-1,Astro AQP4 SLC1A2,0.9975661592021017
AGAGAGCCAGCAGTGA-1,Endo CLDN5 SLC7A5,0.4162907411457367
AGAGAGCGTATGGAAT-1,L2-3 CUX2 ACVR1C THSD7A,0.30042488565267683
AGAGAGCTCACCGGGT-1,L3-5 RORB MKX GALR1,0.6834108552892333
AGAGAGCTCGCTCTAC-1,Astro AQP4 OSMR,0.044730504715179566
AGAGAGCTCTGACAGT-1,Astro GFAP AQP1,0.9962157457059762
AGAGAGCTCTTCCTAA-1,L3-5 RORB MKX GALR1,0.6695849762135216
AGAGCAGAGCAAGTGC-1,Oligo MOG OPALIN,0.9996102769594754
AGAGCAGAGTAAGACT-1,Endo CLDN5 SLC7A5,0.5858057235483576
AGAGCAGCAGAGGTTG-1,Oligo MOG OPALIN,0.9999877490354554
AGAGCAGCAGCTGTAT-1,Astro AQP4 SLC1A2,0.7974024579961203
AGAGCAGCATCCCACT-1,Endo CLDN5 SLC7A5,0.8183254380700052
AGAGCAGTCACTGGGC-1,Oligo MOG OPALIN,0.9989031298518644
AGAGCAGTCGTGCAGC-1,L2-3 CUX2 NTNG1 PALMD,0.8168350015131013
AGAGCCCAGACAGTCG-1,Oligo MOG OPALIN,0.9998475049659938
AGAGCCCAGACATCAA-1,InN SST PLPP4,0.3121263591721946
AGAGCCCCATGTGTCA-1,Endo CLDN5 SLC7A5,0.9898217167896978
AGAGCCCTCATACGAC-1,Micro P2RY12 APBB1IP,0.998299243353904
AGAGCCCTCATGAAAG-1,L6 OPRK1 THEMIS RGS6,0.9997993444100666
AGAGCCCTCCGATCGG-1,PC P2RY14 GRM8,0.9999767129260277
AGATAGAAGAACCGCA-1,Oligo MOG OPALIN,0.9999209337535535
AGATAGAAGGTCCCTG-1,Oligo MOG OPALIN,0.9924461486295708
AGATAGACATAATGAG-1,Micro P2RY12 APBB1IP,0.9811064936021657
AGATCCACACGCGGTT-1,Oligo MOG OPALIN,0.9992772151005981
AGATCCACATGCACTA-1,InN SST HS3ST5,0.8859339161182105
AGATCCAGTAACGGTG-1,Oligo MOG OPALIN,0.9999501988419826
AGATCCATCAGCGTCG-1,Endo CLDN5 SLC7A5,0.9750155496102055
AGATCCATCATACAGC-1,InN SST ADAMTSL1,0.36802454293961157
AGATCCATCCCTTGGT-1,InN LAMP5 BMP7,0.1718855171184576
AGATCGTAGCTGGAGT-1,Endo CLDN5 SLC7A5,0.11266790597971656
AGATCGTAGGATGAGA-1,Oligo MOG OPALIN,0.024504951172140122
AGATCGTAGTGGCAGT-1,InN VIP SCML4,0.9863635338557677
AGATCGTCAGAGAAAG-1,Oligo MOG OPALIN,0.3667253192639749
AGATCGTTCTGCGATA-1,Oligo MOG OPALIN,0.9999364238704609
AGATGAACAGTGTATC-1,Oligo MOG OPALIN,0.9997024917682031
AGATGAACATGGATCT-1,Oligo MOG OPALIN,0.9999376988874703
AGATGAATCCCTCGAT-1,PC P2RY14 GRM8,0.9999796158881229
AGATGCTCACAATGCT-1,Astro AQP4 SLC1A2,0.9965010360412432
AGATGCTCACATATGC-1,Endo CLDN5 SLC7A5,0.9611208787107325
AGATGCTCACGTAACT-1,Endo CLDN5 SLC7A5,0.9856256851281885
AGATGCTCACTGCTTC-1,Oligo MOG OPALIN,0.7403404963037046
AGATGCTGTAGTGTGG-1,Oligo MOG OPALIN,0.9994256112243814
AGATGCTTCACGACTA-1,Astro GFAP FABP7,0.99987348859831
AGATGCTTCATCGGGC-1,InN PVALB ANOS1,0.9791789432643478
AGCATCAGTTGTCAGT-1,L2-4 CUX2 RORB CLMN,0.9858254010932874
AGCATCATCATTACGG-1,Astro GFAP FABP7,0.9999854382247759
AGCATCATCCCGTAAA-1,Astro AQP4 SLC1A2,0.9114790814914755
AGCATCATCGTTACCC-1,Endo CLDN5 SLC7A5,0.22361955561241495
AGCATCATCTGGGCAC-1,OPC PDGFRA PCDH15,0.9999999999948863
AGCCAATCAAGGTCGA-1,InN SST ADAMTSL1,0.9999400600770035
AGCCAATCATCTAACG-1,InN SST TRPC7,0.8220144276835633
AGCCAATGTCGCGTCA-1,InN LAMP5 BMP7,0.9980725144591478
AGCCAATTCCTCACTG-1,Astro AQP4 SLC1A2,0.9975919740534167
AGCCAATTCGTGCAGC-1,Endo CLDN5 SLC7A5,0.987033996354744
AGCCAATTCGTTGTGA-1,Endo CLDN5 SLC7A5,0.3546849379649038
AGCCACGGTGCTCGTG-1,Endo CLDN5 SLC7A5,0.8333565924440755
AGCCAGCAGCTCCGAC-1,Oligo MOG GSN,0.06693163552366495
AGCCAGCAGTTGTCGT-1,Oligo MOG OPALIN,0.9999975223290505
AGCCAGCTCCACTTTA-1,Oligo MOG OPALIN,0.9999513313880973
AGCGATTCAAAGGTTA-1,InN VIP HS3ST3B1,0.9828038419310771
AGCGATTCACTAGGTT-1,Oligo MOG OPALIN,0.9999444297820117
AGCGATTGTATAGGAT-1,Micro P2RY12 APBB1IP,0.6574496045079
AGCGATTTCACAACCA-1,Astro AQP4 SLC1A2,0.9991390951135606
AGCGCCAAGCACTTTG-1,InN SST KLHL14,0.3347598662753286
AGCGCTGAGGAGAGTA-1,Endo CLDN5 SLC7A5,0.8690442902723626
AGCGCTGCATCTAACG-1,Astro AQP4 SLC1A2,0.1406084240255433
AGCGCTGGTATCGCTA-1,Oligo MOG OPALIN,0.999997638138129
AGCGTATAGATGCTAA-1,InN SST TRPC7,0.9866965728180378
AGCGTATAGGCATGGT-1,InN SST HTR2C,0.8903799905012538
AGCGTATAGTCAGGGT-1,Astro AQP4 SLC1A2,0.0886359939218401
AGCGTATCATGTGGTT-1,Endo CLDN5 SLC7A5,0.9756533092682794
AGCGTCGCAAGAGTTA-1,Oligo MOG OPALIN,0.9980767882292236
AGCGTCGCACTGCTTC-1,Oligo MOG OPALIN,0.1020499800513424
AGCGTCGGTGTAAACA-1,Oligo MOG OPALIN,0.9747840840893548
AGCGTCGGTTCTAAGC-1,L2-3 CUX2 NTNG1 PALMD,0.6432300205117255
AGCTACACATGGGTCC-1,Endo CLDN5 SLC7A5,0.15217999974800328
AGCTACAGTAGCGAGT-1,Oligo MOG OPALIN,0.9996992479978666
AGCTACAGTAGGTACG-1,OPC PDGFRA PCDH15,0.9999999978762992
AGCTACAGTCGCAGTC-1,Oligo MOG OPALIN,0.9994025757330399
AGCTACAGTGAGCAGT-1,InN PVALB ANOS1,0.3092033288645419
AGCTACAGTTGGAGGT-1,Oligo MOG OPALIN,0.9997531386977961
AGCTCAAAGTAGATCA-1,L6 OPRK1 SMYD1 SNTB1,0.5274278777110414
AGCTCAAGTAACGTTC-1,Astro AQP4 SLC1A2,0.9999517504404245
AGCTTCCAGACAAGCC-1,Astro AQP4 SLC1A2,0.9991486207858341
AGCTTCCAGGTACAAT-1,Endo CLDN5 SLC7A5,0.9146730452387387
AGCTTCCCATCTCAAG-1,Oligo MOG FRY,0.8650136901365274
AGGAAATCATGGGCAA-1,Oligo MOG OPALIN,0.9990879089254984
AGGAAATGTACGGGAT-1,InN PVALB HPSE,0.054979427284678965
AGGAAATTCTATCACT-1,PC P2RY14 GRM8,0.9997481389184492
AGGAATAAGGACTATA-1,Oligo MOG OPALIN,0.9999152100958978
AGGAATACACGTACTA-1,L3-5 RORB MKX DCC,0.9546743576645971
AGGAATACAGCGATTT-1,Endo CLDN5 SLC7A5,0.9743302385774854
AGGAATAGTTAAGAAC-1,L2-3 CUX2 NTNG1 PALMD,0.6251783551321626
AGGAATAGTTGGCCTG-1,Endo CLDN5 SLC7A5,0.7659865934408402
AGGAATATCCGTTTCG-1,L2-3 CUX2 ACVR1C THSD7A,0.4870174155715531
AGGAATATCGATCCAA-1,Endo CLDN5 SLC7A5,0.5668481474814532
AGGAATATCGTGCACG-1,Astro GFAP AQP1,0.9994790003041766
AGGACGACACGACAAG-1,Endo CLDN5 SLC7A5,0.07286880416071995
AGGACGACAGCGACCT-1,Endo CLDN5 SLC7A5,0.8863891192546302
AGGACGATCCAGGACC-1,Endo CLDN5 SLC7A5,0.9895458902160723
AGGACTTCAAATTGCC-1,Oligo MOG OPALIN,0.998820489217983
AGGACTTCAATGGCAG-1,Micro P2RY12 APBB1IP,0.3129820095495169
AGGACTTGTTAGCGGA-1,InN ADARB2 PALMD,0.07623393894860227
AGGACTTTCTACACTT-1,InN PVALB ANOS1,0.7997040804293817
AGGAGGTAGCGACTAG-1,L3-5 RORB PCBP3 LINGO2,0.20776196630399874
AGGAGGTAGTTAGAAC-1,Endo CLDN5 SLC7A5,0.7688637972655505
AGGAGGTGTAGGCAGT-1,Oligo MOG OPALIN,0.9905775658342518
AGGAGGTGTCGATTAC-1,InN PVALB PDE3A,0.7349512879313947
AGGAGGTTCGCGCTGA-1,Oligo MOG OPALIN,0.999327221825391
AGGATAAAGCGTTAGG-1,Endo CLDN5 SLC7A5,0.999930855625747
AGGATAACACTACGGC-1,Oligo MOG OPALIN,0.9999653497205415
AGGATAACAGCTGAAG-1,L2-3 CUX2 ACVR1C INHBA,0.11558326325107714
AGGATAAGTAAGGTCG-1,Endo CLDN5 SLC7A5,0.9640827643949387
AGGATAAGTGTTCCTC-1,L2-3 CUX2 NTNG1 PALMD,0.649882781541502
AGGATCTCACACCGAC-1,L6 FEZF2 NPFFR2 KCNK2,0.06224530330260096
AGGATCTCACTATCGA-1,Oligo MOG OPALIN,0.07849461765029668
AGGATCTCAGAGGAAA-1,PC P2RY14 GRM8,0.9981281232416286
AGGATCTGTCGCGTTG-1,Endo CLDN5 SLC7A5,0.9277371005080213
AGGATCTGTTGTCCCT-1,Oligo MOG GSN,0.7546129016165607
AGGATCTGTTTACACG-1,Astro GFAP AQP1,0.9991406342939303
AGGATCTTCGCCGAAC-1,L3-5 RORB MKX GALR1,0.48187984662709926
AGGCATTCAGCACAGA-1,Oligo MOG OPALIN,0.9954776238397371
AGGCATTGTAAGATAC-1,InN SST TRPC7,0.7317891466273917
AGGCATTGTATACCCA-1,Oligo MOG OPALIN,0.9999666435321655
AGGCATTTCCATCTGC-1,L2-3 CUX2 ACVR1C INHBA,0.013192671985731716
AGGCCACAGGTGGGTT-1,Oligo MOG OPALIN,0.9998798207590945
AGGCCACAGTCAGAGC-1,Astro GFAP FABP7,0.9989483906381235
AGGCCACTCAGCATTG-1,Endo CLDN5 SLC7A5,0.9451894048031246
AGGCCACTCATGCCGG-1,PC P2RY14 GRM8,0.9999928423436014
AGGCCACTCTTTGCGC-1,Oligo MOG OPALIN,0.9999911038589624
AGGCTGCAGGTTGGTG-1,L3-5 RORB MKX DCC,0.6864640451533683
AGGCTGCCAACACAGG-1,Oligo MOG OPALIN,0.9993695703509866
AGGCTGCGTAACGCGA-1,Endo CLDN5 SLC7A5,0.8244729659217539
AGGCTGCGTATGAAGT-1,L2-3 CUX2 ACVR1C THSD7A,0.7995876510865411
AGGCTGCGTTACCGTA-1,Micro P2RY12 GLDN,0.5900746284444799
AGGCTGCGTTCGAACT-1,L3-5 RORB MKX GRIN3A,0.7669843138500526
AGGGAGTAGTCACACT-1,Oligo MOG OPALIN,0.995615605044637
AGGGAGTCACCTGAAT-1,OPC PDGFRA PCDH15,0.7728166457914194
AGGGAGTCAGGATCTT-1,Oligo MOG OPALIN,0.9998643434846897
AGGGAGTTCCCTTTGG-1,Oligo MOG OPALIN,0.9881052269049769
AGGGCCTAGAGCCCAA-1,Oligo MOG OPALIN,0.9999979306534322
AGGGCCTAGCACCGTC-1,OPC PDGFRA PCDH15,0.9999999999131965
AGGGCCTCATCGAAGG-1,L2-3 CUX2 NTNG1 PALMD,0.36474796184666286
AGGGCCTGTCGGAAAC-1,L5-6 FEZF2 NXPH2 CDH8,0.3397829195248273
AGGGCCTGTGAACTAA-1,Endo CLDN5 SLC7A5,0.9983813563191006
AGGGCCTTCGGTGTAT-1,Endo CLDN5 SLC7A5,0.5183948667917626
AGGGCTCAGTCTCGTA-1,Astro GFAP FABP7,0.906630768852736
AGGGCTCCATTGCAAC-1,Endo CLDN5 SLC7A5,0.937170218409838
AGGGCTCGTTGCATTG-1,Oligo MOG OPALIN,0.9999324340943999
AGGGCTCTCCCAAGTA-1,Oligo MOG OPALIN,0.34555030486745136
AGGGTCCAGTGTTGAA-1,Oligo MOG OPALIN,0.7623153512457518
AGGGTCCAGTTGGAAT-1,InN SST PLPP4,0.5962818134189297
AGGGTCCCACAAATAG-1,L2-3 CUX2 NTNG1 PALMD,0.09296736024403814
AGGGTCCGTGACCGTC-1,Oligo MOG FRY,0.7004669319617789
AGGGTCCGTGTGCCTG-1,Endo CLDN5 SLC7A5,0.5040393057996522
AGGGTCCTCATCGTAG-1,Astro AQP4 SLC1A2,0.9991765670965279
AGGGTCCTCTGGGCGT-1,Astro GFAP FABP7,0.9879490132033129
AGGGTGACAGAGACTG-1,Astro AQP4 SLC1A2,0.854560768424406
AGGGTGACAGCTGTAT-1,Endo CLDN5 SLC7A5,0.16445834023977077
AGGGTGACATAACAGA-1,Endo CLDN5 SLC7A5,0.9931595452245254
AGGGTGATCATACGAC-1,InN ADARB2 CADPS2,0.906359961028366
AGGGTGATCTGGAGAG-1,InN SST FREM1,0.8765374761214557
AGGGTTTAGAAATTCG-1,Endo CLDN5 SLC7A5,0.6863324415498263
AGGGTTTCAAAGCTAA-1,Oligo MOG OPALIN,0.9999438521706626
AGGGTTTCAATGAGCG-1,InN PVALB ANOS1,0.4646299174776471
AGGGTTTCACTGTGTA-1,Oligo MOG OPALIN,0.9999998379190632
AGGGTTTCAGCGAGTA-1,Endo CLDN5 SLC7A5,0.9234270439855689
AGGGTTTCATGAATCC-1,Endo CLDN5 SLC7A5,0.9736805718016998
AGGGTTTCATGGCTAT-1,Endo CLDN5 DKK2,0.13084348533944398
AGGGTTTGTATTCCGA-1,Oligo MOG OPALIN,0.9993137632737771
AGGGTTTGTGCATCTA-1,L3-5 RORB MKX DCC,0.9719417484345698
AGGGTTTTCCCATGGG-1,Endo CLDN5 SLC7A5,0.191086301331303
AGGTAGGCAACGCATT-1,Endo CLDN5 SLC7A5,0.9979207258168054
AGGTAGGTCGAGGCAA-1,InN PVALB ANOS1,0.2556179816052564
AGGTCATAGGTAAGGA-1,Oligo MOG OPALIN,0.9298565147288601
AGGTCATCAGAGGAAA-1,Astro GFAP AQP1,0.054438245543014664
AGGTCATGTTTACGAC-1,Endo CLDN5 SLC7A5,0.027712274965001005
AGGTCATTCAGACCGC-1,PC P2RY14 GRM8,0.9999618737954027
AGGTCATTCGTCGGGT-1,L6 FEZF2 SYT6 PTPRT,0.018943357049823938
AGGTCTAAGTATAGAC-1,Astro AQP4 SLC1A2,0.9558601391967674
AGGTCTACAAAGACTA-1,Endo CLDN5 IL1R1,0.9999935344282647
AGGTCTACATCAACCA-1,Endo CLDN5 SLC7A5,0.6183833085287128
AGGTCTAGTATCACGT-1,L6 OPRK1 THEMIS RGS6,0.2876399765376046
AGGTCTAGTTACCTTT-1,InN VIP ADAM12,0.6495645522570672
AGGTCTAGTTGCTGAT-1,Oligo MOG OPALIN,0.9999998408408242
AGGTCTATCTGTGCGG-1,Endo CLDN5 SLC7A5,0.8994741073784092
AGGTGTTAGATCGGTG-1,Endo CLDN5 SLC7A5,0.4541600868751243
AGGTGTTAGTAGCAAT-1,Oligo MOG OPALIN,0.9953409981957566
AGGTGTTGTTCGATTG-1,InN VIP SCML4,0.16017230253346296
AGGTGTTTCCGGTAGC-1,InN SST NPY,0.23187747035381917
AGGTTACCAAAGGGTC-1,PC P2RY14 GRM8,0.9999996741267706
AGGTTACCACCAGCTG-1,PC P2RY14 GRM8,0.9999989203718377
AGGTTACGTATACCTG-1,Oligo MOG OPALIN,0.9999818071198624
AGGTTACGTGGCTGCT-1,OPC PDGFRA PCDH15,0.9978419748628337
AGGTTACGTTGCTAGT-1,Oligo MOG OPALIN,0.9999839998833029
AGGTTGTCAAATCCCA-1,L6 OPRK1 THEMIS RGS6,0.04214825783825761
AGGTTGTCAGATCCTA-1,InN SST ADRA1D,0.6180774455278271
AGGTTGTGTCCTGGGT-1,Endo CLDN5 SLC7A5,0.2630489211082461
AGGTTGTGTTGAGGAC-1,L3-5 RORB MKX GRIN3A,0.9674798508500336
AGGTTGTTCCGTGGCA-1,Oligo MOG OPALIN,0.9886041043801129
AGGTTGTTCGACCTAA-1,Oligo MOG OPALIN,0.9999987725345277
AGGTTGTTCTTAGTTC-1,Endo CLDN5 SLC7A5,0.5416040115919158
AGTAACCCAAATACGA-1,Oligo MOG OPALIN,0.2504614836907347
AGTAACCCATCTCGTC-1,Oligo MOG OPALIN,0.9792285078925085
AGTAACCGTTGTCATG-1,Endo CLDN5 SLC7A5,0.9537581678192969
AGTACCAAGAAACTCA-1,Endo CLDN5 SLC7A5,0.9946424307141638
AGTACCAAGTAATCCC-1,InN ADARB2 RGS10,0.1562860787095524
AGTACCACACATTCTT-1,Oligo MOG OPALIN,0.999610181085583
AGTACCACACCAAAGG-1,Astro AQP4 SLC1A2,0.9961846135614634
AGTACCACACGCGCTA-1,L2-3 CUX2 NTNG1 COL5A2,0.040130500497511136
AGTACCACACTATGTG-1,Endo CLDN5 SLC7A5,0.4656187562164192
AGTACCACATCAACCA-1,Endo CLDN5 SLC7A5,0.6230186788978738
AGTACCAGTAATCAGA-1,Oligo MOG OPALIN,0.9999762416468568
AGTACCATCTCCTGAC-1,Astro GFAP FABP7,0.7239597796792413
AGTACTGCAATGTGGG-1,Endo CLDN5 SLC7A5,0.9960709200361088
AGTACTGCAGTTAAAG-1,InN SST ADAMTSL1,0.9395442288095313
AGTACTGCATAGATGA-1,OPC PDGFRA PCDH15,0.9999999997946563
AGTACTGCATGATCTG-1,L6 OPRK1 THEMIS RGS6,0.9927059909972046
AGTACTGGTCACCGCA-1,Oligo MOG OPALIN,0.9730763740983615
AGTACTGGTTCTGACA-1,Astro AQP4 SLC1A2,0.999850570729707
AGTACTGTCACCTGGG-1,Oligo MOG OPALIN,0.9989517057326013
AGTACTGTCATTATCC-1,Oligo MOG OPALIN,0.9946051698574356
AGTAGCTAGGCACTAG-1,InN PVALB PIEZO2,0.973179476570325
AGTAGCTGTACCAATC-1,L2-3 CUX2 ACVR1C INHBA,0.2684860581105408
AGTAGTCAGCGTGTTT-1,InN SST HTR2C,0.9973948824816198
AGTAGTCTCGCCGATG-1,L2-3 CUX2 NTNG1 COL5A2,0.9060986976353724
AGTAGTCTCGGTTCAA-1,InN VIP MEGF11 LHFP,0.04699846736159342
AGTAGTCTCGTGGCGT-1,Astro AQP4 OSMR,0.06319524802185
AGTCAACAGCTACAAA-1,Oligo MOG OPALIN,0.9379057283611352
AGTCAACCATCTCGTC-1,Astro AQP4 SLC1A2,0.9677531162408168
AGTCAACTCTCTTAAC-1,Astro GFAP FABP7,0.30142985430692926
AGTCACAAGCGAGGAG-1,Micro P2RY12 APBB1IP,0.7195551002124799
AGTCACAAGCTCCATA-1,Oligo MOG OPALIN,0.9996893234976295
AGTCACAAGCTGAGCA-1,InN SST TRPC7,0.011880837520830733
AGTCACAAGGCAGGGA-1,L3-5 RORB MKX DCC,0.9647978929683674
AGTCACACAGTTCACA-1,L2-3 CUX2 NTNG1 PALMD,0.7438313188665413
AGTCACAGTGGAGAAA-1,InN SST ADAMTSL1,0.8496188455139292
AGTCATGAGAGCAGAA-1,Oligo MOG OPALIN,0.9335586436497464
AGTCATGAGTTGAAAC-1,PC P2RY14 GRM8,0.5120609774612178
AGTCATGCAAGTGTCT-1,L2-3 CUX2 ACVR1C THSD7A,0.9062357643026452
AGTCATGCACTGTCGG-1,PC P2RY14 GRM8,0.9788867224433825
AGTCATGGTACGAAAT-1,Astro AQP4 SLC1A2,0.7314311772741238
AGTCATGGTTGCCGCA-1,Oligo MOG OPALIN,0.23364378647046166
AGTCATGTCCAACCGG-1,Endo CLDN5 SLC7A5,0.8264999953284785
AGTCATGTCTCCTGTG-1,Endo CLDN5 SLC7A5,0.9958680079758856
AGTCTCCAGGACAGCT-1,Endo CLDN5 SLC7A5,0.7306852697827095
AGTCTCCCAAAGGATT-1,Oligo MOG OPALIN,0.9997866627024496
AGTCTCCCATGAATCC-1,Oligo MOG OPALIN,0.8481547767937143
AGTCTCCCATGGCACC-1,Oligo MOG OPALIN,0.9993089007693078
AGTCTCCTCATGAGTC-1,InN ADARB2 SFRP2,0.17253889391197813
AGTGACTAGACGACTG-1,InN VIP MEGF11 LHFP,0.7488047599548247
AGTGACTAGCTCCACG-1,L2-3 CUX2 NTNG1 PALMD,0.10685725218032094
AGTGACTCAATAGGAT-1,L3-5 RORB GABRG1 KCNH7,0.5887587475613555
AGTGACTCACCAGCTG-1,Endo CLDN5 SLC7A5,0.07484485467114926
AGTGACTGTCGCCACA-1,L2-3 CUX2 ACVR1C THSD7A,0.5577626816531897
AGTGACTTCAAAGAAC-1,L3-5 RORB MKX GRIN3A,0.8887054906839195
AGTGACTTCTCCCATG-1,Endo CLDN5 SLC7A5,0.09782967029774736
AGTGATCAGATAGCAT-1,Endo CLDN5 SLC7A5,0.7281198277813493
AGTGATCCAACCGTGC-1,InN LAMP5 LHX6 TAC1,0.8203566165628173
AGTGATCCAGCTTTCC-1,L2-3 CUX2 NTNG1 PLCH1,0.2475477938601305
AGTGATCCATCGCCTT-1,Oligo MOG OPALIN,0.6629797326841066
AGTGATCCATGCGGTC-1,Oligo MOG OPALIN,0.9999835959948814
AGTGATCGTACACTCA-1,Micro P2RY12 APBB1IP,0.14220969253846963
AGTGATCGTCCACACG-1,OPC PDGFRA PCDH15,0.9999999999997962
AGTGATCTCGCAACAT-1,Endo CLDN5 SLC7A5,0.935873107752076
AGTGCCGAGGGATCTG-1,Endo CLDN5 SLC7A5,0.6387304523265486
AGTGCCGAGTTCCTGA-1,Astro AQP4 SLC1A2,0.9999444360789522
AGTGCCGCAACGACTT-1,Oligo MOG OPALIN,0.9997697080897022
AGTGCCGCAACTAGAA-1,InN ADARB2 SFRP2,0.9998336359474402
AGTGCCGGTCGAACGA-1,L3-5 RORB GABRG1 KCNH7,0.2737064014747834
AGTGCCGTCAAGAGTA-1,Oligo MOG OPALIN,0.45177627475907306
AGTGCCGTCCAACCGG-1,Oligo MOG OPALIN,0.3318814988950195
AGTGCCGTCGTGGGAA-1,Oligo MOG OPALIN,0.9868420754193452
AGTGTTGCAAATGCGG-1,L3-5 RORB MKX DCC,0.9952730298165682
AGTGTTGCAAGCGATG-1,Oligo MOG OPALIN,0.9999714239166837
AGTGTTGGTATGGAGC-1,Oligo MOG OPALIN,0.9995012993080155
AGTGTTGGTCACTTCC-1,InN SST THSD7B,0.9694492210722243
AGTGTTGGTTCATCTT-1,Oligo MOG OPALIN,0.9933562548480703
AGTGTTGGTTCTCCCA-1,Oligo MOG OPALIN,0.1264692300768888
AGTGTTGTCCCATGGG-1,Micro P2RY12 APBB1IP,0.27141955717166066
AGTTAGCAGTCTAGAA-1,InN SST FREM1,0.976424086293269
AGTTAGCAGTTGCATC-1,Oligo MOG OPALIN,0.9999998694740683
AGTTAGCCATCAGTCA-1,Endo CLDN5 SLC7A5,0.29671560155615867
AGTTAGCGTACTCAAC-1,PC P2RY14 GRM8,0.9998033630052813
AGTTAGCTCAGGCGAA-1,Micro P2RY12 APBB1IP,0.45014220644084135
AGTTCCCCAATGTCTG-1,Endo CLDN5 SLC7A5,0.7686732323493318
AGTTCCCGTTCCATTT-1,Oligo MOG OPALIN,0.9999575776266911
AGTTCCCGTTTCACTT-1,Endo CLDN5 SLC7A5,0.5496097129875742
AGTTCCCTCGTTATCT-1,Oligo MOG FRY,0.984172617452292
AGTTCGACAACGTATC-1,Oligo MOG OPALIN,0.9998099661909634
AGTTCGACACAGTCGC-1,L2-3 CUX2 NTNG1 COL5A2,0.5599312767411622
AGTTCGATCCCGTGTT-1,Oligo MOG OPALIN,0.9999957979486099
ATACCGAAGAGACAAG-1,Astro AQP4 SLC1A2,0.9997766480664759
ATACCGACAAGCTACT-1,Astro AQP4 SLC1A2,0.597901046513146
ATACCGAGTAAGCGGT-1,Astro AQP4 SLC1A2,0.9797647964806211
ATACCGATCTCCCAAC-1,Astro AQP4 SLC1A2,0.9987798967870866
ATACCTTAGGATATGT-1,L3-5 RORB MKX DCC,0.9989026281625858
ATACCTTAGGTATAGT-1,Endo CLDN5 SLC7A5,0.9939718811402335
ATACCTTGTGAACTAA-1,Oligo MOG OPALIN,0.9941598126770069
ATACTTCAGTCGCCAC-1,Endo CLDN5 SLC7A5,0.09020905842099715
ATACTTCCATGGCTGC-1,Micro P2RY12 CCL3,0.07269482687420986
ATACTTCGTCAGCTTA-1,Oligo MOG OPALIN,0.990196109331526
ATACTTCGTTCCTACC-1,Oligo MOG OPALIN,0.38090358475646424
ATAGACCAGTACTGGG-1,Endo CLDN5 SLC7A5,0.9014941024733426
ATAGACCAGTTGAAGT-1,InN ADARB2 FAM19A1,0.9350234633402451
ATAGACCCACTTGGCG-1,Endo CLDN5 SLC7A5,0.9985043121703776
ATAGACCCATAAGCAA-1,InN SST ADAMTSL1,0.2277415414888491
ATAGACCGTAGTTAGA-1,Endo CLDN5 SLC7A5,0.7450087560606276
ATAGACCGTCTTGGTA-1,Micro P2RY12 GLDN,0.8687391734441916
ATAGACCTCGAATCCA-1,Oligo MOG OPALIN,0.9992578189048184
ATAGAGAAGCTGCCAC-1,L3-5 RORB PCBP3 LINGO2,0.9059192105988327
ATAGAGAAGGGCCAAT-1,InN PVALB PIEZO2,0.4278612971721078
ATAGAGACAAGCGCAA-1,Oligo MOG OPALIN,0.9986468903548182
ATAGAGACATCTTTCA-1,L2-3 CUX2 NTNG1 PALMD,0.3057362847144264
ATAGAGAGTAAGACCG-1,Oligo MOG OPALIN,0.9171964062492248
ATAGGCTAGAATAGTC-1,Oligo MOG OPALIN,0.9999857591316296
ATAGGCTAGTAGCTCT-1,Astro GFAP FABP7,0.999908344587129
ATAGGCTGTAGTACGG-1,L2-3 CUX2 ACVR1C THSD7A,0.9993280976779602
ATATCCTAGGATCATA-1,Endo CLDN5 SLC7A5,0.9313922935477406
ATATCCTGTACCGCGT-1,Astro GFAP AQP1,0.26319502500165226
ATATCCTGTACTCCCT-1,InN SST ADAMTSL1,0.9107716046073189
ATATCCTTCATACGGT-1,L2-3 CUX2 ACVR1C THSD7A,0.7365621901501499
ATCACAGCAGATCCTA-1,Oligo MOG OPALIN,0.44264726473600885
ATCACAGTCCATAAGC-1,InN SST ADAMTSL1,0.31605917292535696
ATCACAGTCGCCACTT-1,Astro AQP4 SLC1A2,0.9974853254678399
ATCACAGTCTTAGTTC-1,Oligo MOG OPALIN,0.9999948184926896
ATCACGACAGAGAAAG-1,Endo CLDN5 SLC7A5,0.9926979806715129
ATCACGAGTAATTAGG-1,Oligo MOG OPALIN,0.9998580070366563
ATCACGAGTAGCACAG-1,L3-5 RORB GABRG1 KCNH7,0.02747066043493389
ATCACGATCCAGCCTT-1,Endo CLDN5 SLC7A5,0.6708510215081414
ATCACGATCTGATGGT-1,L2-3 CUX2 NTNG1 COL5A2,0.13529806270316788
ATCACTTAGCAACTCT-1,InN SST ADAMTSL1,0.9976586294441033
ATCACTTAGTAGTCCT-1,Oligo MOG GSN,0.989413654813448
ATCACTTAGTCGAAGC-1,Oligo MOG OPALIN,0.9987242297525242
ATCACTTCACTCACTC-1,Oligo MOG OPALIN,0.9988545418103856
ATCACTTCACTGAGTT-1,Endo CLDN5 SLC7A5,0.44197010715532703
ATCACTTCATACACCA-1,Oligo MOG OPALIN,0.9832535370632246
ATCACTTTCCGTTTCG-1,Oligo MOG OPALIN,0.999580619962181
ATCACTTTCGTCGATA-1,PC P2RY14 GRM8,0.999996987903776
ATCAGGTCACATTACG-1,Endo CLDN5 SLC7A5,0.9869666956226009
ATCAGGTGTATGCGTT-1,L6 FEZF2 DCBLD1 MITF,0.9837614784296701
ATCAGGTTCTAGGAAA-1,Astro GFAP AQP1,0.9999000899489596
ATCATTCAGACATGCG-1,OPC PDGFRA PCDH15,0.318293289577625
ATCATTCCAGGTTTAC-1,InN VIP EXPH5,0.978482422869674
ATCCACCAGTGGACTG-1,L2-3 CUX2 ACVR1C THSD7A,0.9996636909572993
ATCCACCCAAACACCT-1,Endo CLDN5 SLC7A5,0.52642434501949
ATCCACCCAAACTGCT-1,Oligo MOG OPALIN,0.9990846546488152
ATCCACCGTGAACCGA-1,Astro GFAP FABP7,0.9999724955169512
ATCCACCGTGCCCACA-1,PC P2RY14 GRM8,0.9557376154569069
ATCCACCTCATGCCAA-1,InN VIP EGF,0.9974174065945695
ATCCACCTCCATCTCG-1,InN SST ADAMTSL1,0.05798484193415407
ATCCACCTCTTCCACG-1,Oligo MOG OPALIN,0.9999916462458945
ATCCATTAGAGGGTAA-1,InN SST ADAMTSL1,0.9617495304717002
ATCCATTAGGAACTAT-1,Endo CLDN5 SLC7A5,0.8511256943382937
ATCCATTTCACGACTA-1,InN SST FREM1,0.9910567438011965
ATCCATTTCGACCACG-1,PC P2RY14 GRM8,0.9999997046498297
ATCCCTGAGAAGGGAT-1,Astro GFAP FABP7,0.7683495369138126
ATCCCTGCACATTCGA-1,Micro P2RY12 APBB1IP,0.987078288255668
ATCCCTGCACCAGACC-1,L2-3 CUX2 ACVR1C THSD7A,0.9999834390278126
ATCCCTGCACTTGAAC-1,Oligo MOG OPALIN,0.8698908331647813
ATCCCTGGTGACCGTC-1,PC P2RY14 GRM8,0.9999998596704934
ATCCCTGTCATTACCT-1,Astro GFAP FABP7,0.9930492483311185
ATCCCTGTCCATACAG-1,L2-3 CUX2 NTNG1 PALMD,0.2723789225118654
ATCCCTGTCGCTCATC-1,Oligo MOG OPALIN,0.8153275366276269
ATCCCTGTCTGTCTCG-1,Oligo MOG OPALIN,0.9997703714075544
ATCCGTCAGCTACGTT-1,Endo CLDN5 SLC7A5,0.9943754563955916
ATCCGTCAGGTTATAG-1,Oligo MOG OPALIN,0.9999895277364291
ATCCGTCGTACGATCT-1,InN VIP EXPH5,0.9347005597892091
ATCCGTCGTCCACATA-1,InN SST PLPP4,0.9993519710345954
ATCCGTCTCCCTCGTA-1,Endo CLDN5 SLC7A5,0.31770103208439004
ATCCGTCTCTGGGCAC-1,Endo CLDN5 SLC7A5,0.8413982926833091
ATCCTATAGAATCCCT-1,Oligo MOG OPALIN,0.9379399619210667
ATCCTATAGACCAGAC-1,Astro GFAP AQP1,0.9436615218046586
ATCCTATAGGTCCTGC-1,InN SST TRPC7,0.8888315584181121
ATCCTATCATATGGCT-1,Endo CLDN5 SLC7A5,0.8554043805110131
ATCCTATGTACCCGAC-1,L2-3 CUX2 ACVR1C THSD7A,0.9966036683239595
ATCCTATGTCCAGCCA-1,Oligo MOG OPALIN,0.9999976286988841
ATCCTATGTCCATCTC-1,L2-3 CUX2 NTNG1 COL5A2,0.376369835414651
ATCCTATGTCGCAACC-1,L2-3 CUX2 ACVR1C THSD7A,0.9176384438097523
ATCCTATGTGTGTCCG-1,Micro P2RY12 APBB1IP,0.4467121875024886
ATCGATGAGCTAGTTC-1,Endo CLDN5 SLC7A5,0.7251767287679146
ATCGATGAGGACGGAG-1,Oligo MOG OPALIN,0.9991718750723939
ATCGATGAGGTTGTTC-1,L6 FEZF2 AMOTL1 CDH6,0.9218751757530588
ATCGATGCAATGAACA-1,Oligo MOG OPALIN,0.9997491745655095
ATCGATGCAGTCAGCC-1,Oligo MOG OPALIN,0.9985626455100638
ATCGCCTAGTGCAGCA-1,Oligo MOG OPALIN,0.9983749406955842
ATCGCCTTCCCTTGGT-1,Endo CLDN5 SLC7A5,0.6312220907166882
ATCGCCTTCGCGTGAC-1,Oligo MOG OPALIN,0.9999809737747624
ATCGGATCAAATTGCC-1,InN SST HTR2C,0.5120104439906487
ATCGGATCAAGTCGTT-1,Astro GFAP FABP7,0.20263827130423437
ATCGGATCACGCTTAA-1,Endo CLDN5 SLC7A5,0.999447620832569
ATCGGATCAGAGTTGG-1,PC P2RY14 GRM8,0.9107013865782824
ATCGGATCATAAGCAA-1,Oligo MOG OPALIN,0.99921280846472
ATCGGATGTGGAATGC-1,InN ADARB2 COL5A2,0.6353490391190059
ATCGGATTCTAGACCA-1,L2-3 CUX2 NTNG1 PALMD,0.15793658242400177
ATCGGCGCAAGTCCAT-1,L3-5 RORB MKX GRIN3A,0.9818488823170223
ATCGGCGCACGCCAGT-1,Endo CLDN5 SLC7A5,0.322409833262789
ATCGGCGCACTTCAAG-1,InN SST ADAMTSL1,0.9564180322827277
ATCGGCGGTTAAGTCC-1,Oligo MOG OPALIN,0.9999948376025896
ATCGGCGTCTTACCGC-1,Astro GFAP AQP1,0.8977039166390056
ATCGTAGCAGGAACCA-1,Endo CLDN5 SLC7A5,0.12087762041813695
ATCGTAGTCGTGGCTG-1,Endo CLDN5 SLC7A5,0.5728446313831316
ATCGTCCAGGTCCCTG-1,Endo CLDN5 SLC7A5,0.9833098338792561
ATCGTCCAGTGCACCC-1,Oligo MOG OPALIN,0.9989603667621237
ATCGTCCAGTGCACTT-1,Oligo MOG OPALIN,0.9994314923604131
ATCGTCCCATGACACT-1,InN VIP CLSTN2,0.7864543314272299
ATCGTCCTCTTGAACG-1,OPC PDGFRA PCDH15,0.9992906784452423
ATCGTGACAAATAAGC-1,InN PVALB ANOS1,0.7105096865751956
ATCGTGACATGTGTCA-1,L6 FEZF2 DCBLD1 MITF,0.9303029488368872
ATCGTGATCTGTCTCG-1,Oligo MOG OPALIN,0.999985600254282
ATCTCTAAGCGTGAAC-1,L2-3 CUX2 NTNG1 PALMD,0.1358661236052278
ATCTCTACACAGAGCA-1,Astro AQP4 SLC1A2,0.8222824770845095
ATCTCTACACGTACAT-1,Oligo MOG OPALIN,0.6948782375830335
ATCTCTATCTCGGGAC-1,Oligo MOG OPALIN,0.9998599343500129
ATCTCTATCTTGCAAG-1,Oligo MOG OPALIN,0.9999763330549107
ATCTTCACACCCTAGG-1,L3-5 RORB MKX DCC,0.9928313447323901
ATCTTCACATGGCCAC-1,Astro GFAP AQP1,0.9975145009885323
ATCTTCAGTGCCCACA-1,Endo CLDN5 SLC7A5,0.7678914987924562
ATCTTCATCCATCACC-1,Oligo MOG OPALIN,0.9999671719718275
ATCTTCATCCTGGCTT-1,Endo CLDN5 SLC7A5,0.9854301527018613
ATGAAAGAGTGGGAAA-1,Endo CLDN5 SLC7A5,0.9482771645215492
ATGAAAGCAGCTGTCG-1,Oligo MOG OPALIN,0.9998692580502747
ATGAAAGCATCTTCGC-1,L6 FEZF2 SYT6 ERBB4,0.5194811896398758
ATGAAAGGTGACTGAG-1,L2-3 CUX2 NTNG1 PALMD,0.022469273632790412
ATGAAAGGTTTGAAAG-1,Oligo MOG GSN,0.9999965794981108
ATGAAAGTCCGACAGC-1,Oligo MOG OPALIN,0.9440967618855044
ATGACCAAGCTGAGTG-1,Oligo MOG OPALIN,0.44180262142093385
ATGACCAAGGTTGGAC-1,PC P2RY14 GRM8,0.9998869200926359
ATGACCACATAATGAG-1,L6 FEZF2 SYT6 CDH9,0.02453479681830164
ATGACCAGTACCTATG-1,Oligo MOG OPALIN,0.9999970442297563
ATGACCAGTGATACAA-1,Oligo MOG FRY,0.9748865086058052
ATGAGGGAGAGAGTGA-1,Oligo MOG OPALIN,0.9998443082242948
ATGAGGGCAGAAGTGC-1,PC P2RY14 GRM8,0.9887564622715552
ATGAGGGGTCGTGTTA-1,Endo CLDN5 SLC7A5,0.9613706411377992
ATGAGGGGTGGCCCAT-1,InN SST PLPP4,0.8257024417545407
ATGAGGGGTTAGAAGT-1,Astro GFAP FABP7,0.9999944821060472
ATGAGGGGTTGATGTC-1,Oligo MOG OPALIN,0.9999290637442374
ATGAGGGTCCTTGAAG-1,Astro GFAP FABP7,0.9998725106164232
ATGAGGGTCTAGTCAG-1,Oligo MOG OPALIN,0.99999415307016
ATGAGTCAGCGATCGA-1,L2-4 CUX2 RORB CLMN,0.23296363394764752
ATGAGTCTCATGGAGG-1,Oligo MOG OPALIN,0.9826085052371927
ATGATCGAGACCAGAC-1,Oligo MOG OPALIN,0.9997700648495782
ATGATCGCACGAGGTA-1,L3-5 RORB GABRG1 KCNH7,0.07038392584160491
ATGATCGGTTTGTGGT-1,Endo CLDN5 SLC7A5,0.997859576175496
ATGATCGTCTGTGCAA-1,Oligo MOG OPALIN,0.9999744329571456
ATGCCTCAGATAGTGT-1,L2-3 CUX2 ACVR1C THSD7A,0.36114766024146483
ATGCCTCCAGTGTGCC-1,InN VIP EXPH5,0.7376254834265518
ATGCCTCCATGACTCA-1,L2-3 CUX2 NTNG1 PALMD,0.01605521854573718
ATGCCTCGTGATGGCA-1,Oligo MOG OPALIN,0.968579382386437
ATGCCTCGTTGTATGC-1,OPC PDGFRA PCDH15,0.9999999999999993
ATGCCTCGTTTCGCTC-1,Oligo MOG OPALIN,0.9994757623594647
ATGCCTCTCGTCAAAC-1,Oligo MOG OPALIN,0.9839914896527684
ATGCGATAGAGTAACT-1,PC P2RY14 GRM8,0.9999939620632802
ATGCGATCAACGATTC-1,Astro GFAP FABP7,0.9997794920453825
ATGCGATGTCGCAGTC-1,Oligo MOG OPALIN,0.9991026498735204
ATGCGATGTTACCCAA-1,Astro GFAP FABP7,0.9977903961104443
ATGGAGGAGAGGCCAT-1,OPC PDGFRA PCDH15,0.999999999990592
ATGGAGGAGATTGATG-1,L2-3 CUX2 NTNG1 COL5A2,0.5841740638752875
ATGGAGGCATGGTGGA-1,Astro GFAP FABP7,0.9953085344007871
ATGGAGGTCAATGTCG-1,L3-5 RORB PCBP3 ARHGAP15,0.9971519997972377
ATGGAGGTCAGCGCGT-1,InN VIP HS3ST3B1,0.8965924478950132
ATGGAGGTCCAATCTT-1,PC P2RY14 GRM8,0.9998867524582432
ATGGAGGTCGGCGATC-1,OPC PDGFRA PCDH15,0.9999999999981657
ATGGAGGTCGGTTAGT-1,Endo CLDN5 SLC7A5,0.7001659454949366
ATGGATCAGAAAGCGA-1,L6 FEZF2 SYT6 PTPRT,0.2249698473149489
ATGGATCAGACCAAGC-1,Endo CLDN5 SLC7A5,0.925252683610914
ATGGATCAGTCCTGTA-1,OPC PDGFRA PCDH15,0.9951602362535507
ATGGATCGTGATTGGG-1,L2-4 CUX2 RORB CLMN,0.022540244723499407
ATGGATCTCCTAACAG-1,Oligo MOG OPALIN,0.9999288420239657
ATGGATCTCTTAGGAC-1,Oligo MOG OPALIN,0.5824430338438678
ATGGGAGAGAGTAACT-1,Oligo MOG OPALIN,0.9993883778211229
ATGGGAGCAGTGCGCT-1,Oligo MOG GSN,0.9920258565424941
ATGGGAGGTCTCACGG-1,Endo CLDN5 SLC7A5,0.95048457133723
ATGGGAGTCGCGAAGA-1,Astro GFAP FABP7,0.9990731227580136
ATGGGTTAGACGACGT-1,Astro GFAP AQP1,0.9976891882061586
ATGGGTTGTTGTAGCT-1,Oligo MOG OPALIN,0.8764410028216741
ATGGGTTTCCGATGTA-1,Endo CLDN5 SLC7A5,0.979081762199486
ATGGGTTTCTCATGCC-1,Astro AQP4 SLC1A2,0.3511038279183652
ATGGTTGAGGGCTAAC-1,Endo CLDN5 SLC7A5,0.9751245634340682
ATGGTTGGTATCGAGG-1,Endo CLDN5 SLC7A5,0.7547724744669828
ATGGTTGGTCGAGCTC-1,InN SST ADRA1D,0.8667912788003698
ATGGTTGTCCAAAGGG-1,Oligo MOG OPALIN,0.9993606265725772
ATGGTTGTCCGGACTG-1,Oligo MOG OPALIN,0.20694764255197373
ATGGTTGTCGAAATCC-1,Astro GFAP FABP7,0.9948356969758921
ATGTCCCAGTATGAAC-1,Endo CLDN5 SLC7A5,0.7833602159539687
ATGTCCCCAAGGCGTA-1,Astro GFAP FABP7,0.9999136098343495
ATGTCCCCAGCCGTCA-1,Endo CLDN5 SLC7A5,0.988821203178198
ATGTCCCCAGCGTGAA-1,InN VIP CLSTN2,0.516821869948226
ATGTCCCCAGCTGTTA-1,Oligo MOG OPALIN,0.9999408388722111
ATGTCCCCAGGTGTTT-1,InN VIP SCML4,0.6047681283706945
ATGTCCCCATAGGTTC-1,Astro AQP4 SLC1A2,0.3368971722505643
ATGTCCCGTATGTCCA-1,Astro AQP4 SLC1A2,0.5038771596113094
ATGTCCCGTGACTCGC-1,L2-3 CUX2 NTNG1 PALMD,0.8244574239660589
ATGTCTTAGTGCACAG-1,Oligo MOG OPALIN,0.9995356785927175
ATGTCTTCATTCGGGC-1,L2-3 CUX2 ACVR1C INHBA,0.8698838359869321
ATGTCTTGTCTGTGGC-1,Oligo MOG OPALIN,0.9999979977023232
ATGTCTTGTTAGCTAC-1,Astro GFAP AQP1,0.9986912991777932
ATTACCTAGCATTGAA-1,OPC PDGFRA PCDH15,0.43173995638281026
ATTACCTAGCCGATAG-1,Oligo MOG OPALIN,0.9999561347923825
ATTACCTCAAGGGTCA-1,Endo CLDN5 SLC7A5,0.4486000410554968
ATTACCTCAGCACACC-1,L2-3 CUX2 NTNG1 PALMD,0.7560495976777563
ATTACCTCAGTGGCTC-1,Oligo MOG OPALIN,0.9958394276528634
ATTACCTGTCTTGAGT-1,Astro AQP4 SLC1A2,0.34113351716553203
ATTACTCAGAACTGAT-1,Endo CLDN5 SLC7A5,0.5007206743248546
ATTACTCAGATTGCGG-1,SMC ACTA2 CNN1,0.999965688079462
ATTACTCCACAGTATC-1,InN SST TRPC7,0.8038050088065598
ATTACTCCACTACCGG-1,Oligo MOG OPALIN,0.6778706396317752
ATTACTCCATAGTCGT-1,Oligo MOG OPALIN,0.9999787764193302
ATTACTCGTTTCTATC-1,Oligo MOG OPALIN,0.999627819572863
ATTATCCAGAAGTATC-1,Oligo MOG OPALIN,0.893077375999199
ATTATCCCAACAGCTT-1,InN PVALB HPSE,0.993016602136553
ATTATCCCACCTCTAC-1,Endo CLDN5 SLC7A5,0.9846469300376434
ATTATCCGTAAGATTG-1,InN SST FREM1,0.4640275119993324
ATTATCCTCCACATAG-1,Oligo MOG OPALIN,0.9997472018942929
ATTATCCTCTGGGCAC-1,Endo CLDN5 SLC7A5,0.5082885006970923
ATTCACTAGACGGATC-1,Astro AQP4 SLC1A2,0.9966651757350279
ATTCACTAGGTGAGCT-1,L6 OPRK1 THEMIS RGS6,0.9981544963909119
ATTCACTCAAACTAAG-1,Oligo MOG OPALIN,0.9999972858927068
ATTCACTGTGCCGTAC-1,L2-3 CUX2 NTNG1 PALMD,0.3817671508770821
ATTCACTGTTGGGAAC-1,Oligo MOG OPALIN,0.4048012124915246
ATTCAGGAGCATATGA-1,L6 FEZF2 NPFFR2 KCNK2,0.878125759314805
ATTCAGGAGGGTAATT-1,PC P2RY14 GRM8,0.9999922399543811
ATTCAGGAGTTCCGGC-1,Micro P2RY12 APBB1IP,0.9011038222601385
ATTCAGGCACACAGCC-1,PC P2RY14 GRM8,0.8645944098129739
ATTCAGGGTGCTTCAA-1,InN SST FREM1,0.9870263150451518
ATTCATCAGGAACTCG-1,Oligo MOG OPALIN,0.9999708786757067
ATTCATCAGTCTAGCT-1,Oligo MOG OPALIN,0.9998056348321918
ATTCATCGTTGTGTTG-1,L3-5 RORB PCBP3 LINGO2,0.1592265828593594
ATTCATCTCTCATTAC-1,Oligo MOG OPALIN,0.9985704485844583
ATTCATCTCTGTGCGG-1,Oligo MOG OPALIN,0.999986190415536
ATTCCATAGCGTTGTT-1,Astro AQP4 SLC1A2,0.8879935033852057
ATTCCATAGCTCACTA-1,InN SST ADAMTSL1,0.8100295058118293
ATTCCATCAAGCAGGT-1,L2-3 CUX2 NTNG1 PALMD,0.1296610885257575
ATTCCATCAATAGGGC-1,InN VIP SCML4,0.1258672863445671
ATTCCATCAGGTTTAC-1,Micro P2RY12 APBB1IP,0.17362520539408402
ATTCCATCATAGGCGA-1,L6 OPRK1 THEMIS RGS6,0.5474080992925462
ATTCCATGTGTTCGTA-1,Endo CLDN5 SLC7A5,0.7785422458298935
ATTCCATGTTACTCAG-1,PC P2RY14 GRM8,0.9999282003955714
ATTCCATTCGGCCCAA-1,OPC PDGFRA PCDH15,0.9999999999999865
ATTCCCGAGTTCCATG-1,Endo CLDN5 SLC7A5,0.2952502492246778
ATTCCCGCACACCAGC-1,Endo CLDN5 DKK2,0.9999219895727777
ATTCCCGGTCTTGTCC-1,Endo CLDN5 SLC7A5,0.11057794698614712
ATTCCCGGTTCTTAGG-1,Astro AQP4 SLC1A2,0.9394955303074872
ATTCCCGGTTTACTGG-1,Oligo MOG OPALIN,0.9999996553531816
ATTCCCGTCCGACGGT-1,Oligo MOG OPALIN,0.9999993384980982
ATTCCCGTCGTGGGTC-1,SMC ACTA2 CNN1,0.9010359928856159
ATTCCCGTCTGCTCTG-1,Oligo MOG OPALIN,0.9999359996651482
ATTCCTACAATCAGCT-1,Oligo MOG OPALIN,0.996297040605886
ATTCCTAGTGGATCAG-1,Oligo MOG OPALIN,0.9992196150381973
ATTCGTTAGATCGGTG-1,Oligo MOG OPALIN,0.065953711644303
ATTCGTTAGATGTTCC-1,PC P2RY14 GRM8,0.8967377530605422
ATTCGTTAGTATAGGT-1,Oligo MOG OPALIN,0.9996641208395177
ATTCGTTGTGGACTAG-1,L2-3 CUX2 NTNG1 PALMD,0.11216144137869595
ATTCGTTGTTTGCCGG-1,Astro AQP4 SLC1A2,0.538389617779785
ATTCGTTTCCTTCAGC-1,Oligo MOG OPALIN,0.9999923286956107
ATTCGTTTCGACGATT-1,InN ADARB2 PALMD,0.8976771466100969
ATTCTACAGACAGCTG-1,Oligo MOG OPALIN,0.9999754163070691
ATTCTACAGACTGGGT-1,Oligo MOG OPALIN,0.9997077158605949
ATTCTACCACTCCCTA-1,InN PVALB ANOS1,0.19230283265641382
ATTCTACCACTTACAG-1,L6 FEZF2 SYT6 PTPRT,0.45186736859760557
ATTCTACCATAGAGGC-1,PC P2RY14 GRM8,0.9999968128249539
ATTCTACGTACTTCCC-1,Oligo MOG OPALIN,0.9999441128216869
ATTCTACGTATGGGAC-1,L3-5 RORB GABRG1 PTPRO,0.24281267718551885
ATTCTACGTGTCACAT-1,Endo CLDN5 SLC7A5,0.21470667836190363
ATTCTACTCACTCTTA-1,L2-4 CUX2 RORB CLMN,0.4539325739286313
ATTCTACTCGCATAGT-1,Oligo MOG GSN,0.9999664862600532
ATTCTACTCTCGTTTA-1,Oligo MOG OPALIN,0.9999832539816292
ATTCTTGAGCAGGCAT-1,L2-3 CUX2 NTNG1 PALMD,0.04526732399136791
ATTCTTGCAGGCAATG-1,Micro P2RY12 APBB1IP,0.2832049987279442
ATTCTTGGTGAGTTGG-1,L2-3 CUX2 NTNG1 COL5A2,0.2705302295549182
ATTCTTGTCCATTTCA-1,InN SST HS3ST5,0.9999143751488863
ATTCTTGTCCGATCGG-1,InN SST THSD7B,0.9998365220288723
ATTCTTGTCGGAGCAA-1,Oligo MOG OPALIN,0.99999947643257
ATTCTTGTCTTGAGCA-1,Micro P2RY12 APBB1IP,0.9941137882933047
ATTGGGTCAAGACGAC-1,Oligo MOG OPALIN,0.9999195096227099
ATTGGGTCAGCACGAA-1,InN SST PLPP4,0.9774345113837867
ATTGGGTTCAGGTGTT-1,Astro AQP4 SLC1A2,0.6114055120147153
ATTGTTCAGCTTTGTG-1,Endo CLDN5 SLC7A5,0.06434291657586631
ATTGTTCAGGTCGTAG-1,Oligo MOG OPALIN,0.7011524332731743
ATTGTTCCAAGGCCTC-1,Oligo MOG OPALIN,0.9913374517256149
ATTGTTCCAATGCAGG-1,Astro AQP4 SLC1A2,0.9864013407879799
ATTTACCCAATCGCCG-1,Oligo MOG OPALIN,0.9999947284201868
ATTTACCCATCGTTCC-1,L3-5 RORB MKX GRIN3A,0.8562967025636113
ATTTACCGTAGCGTTT-1,Oligo MOG OPALIN,0.9567401395409525
ATTTACCGTATGAGAT-1,L6 OPRK1 THEMIS RGS6,0.9899847457327908
ATTTACCGTTTCCATT-1,Micro P2RY12 APBB1IP,0.9866772173375382
ATTTACCTCGTTCTAT-1,Astro GFAP FABP7,0.46589269113462767
ATTTACCTCTTGGGCG-1,Oligo MOG OPALIN,0.9999836571879805
ATTTCACAGCACACAG-1,Oligo MOG OPALIN,0.9992700574122958
ATTTCACAGCTAATGA-1,InN PVALB SYT2,0.05365913328370667
ATTTCTGCAATGTTGC-1,Oligo MOG OPALIN,0.9989210429489259
ATTTCTGGTATTGCCA-1,Micro P2RY12 APBB1IP,0.9876165877495365
ATTTCTGGTGTGCTTA-1,Endo CLDN5 SLC7A5,0.42200167576976977
ATTTCTGTCATTCCTA-1,Oligo MOG OPALIN,0.7563152920092299
CAAAGAAAGCCTGAGA-1,InN SST ADAMTSL1,0.9111785215946111
CAAAGAAAGGGAGTGG-1,Micro P2RY12 APBB1IP,0.567876644025408
CAAAGAAAGTAGTGCG-1,L3-5 RORB MKX GRIN3A,0.9940598167884955
CAAAGAAGTGACGTCC-1,Oligo MOG OPALIN,0.3695702486163776
CAACAACAGAGGGTCT-1,Micro P2RY12 GLDN,0.10573196021919357
CAACAACAGCTACGTT-1,Oligo MOG OPALIN,0.9999981564447308
CAACAACCACCAGCCA-1,Micro P2RY12 APBB1IP,0.5907015958447119
CAACAACCACGACGAA-1,Astro AQP4 SLC1A2,0.9996714101089322
CAACAACCAGATCACT-1,Oligo MOG OPALIN,0.999788108175812
CAACAACCATCATCCC-1,Endo CLDN5 SLC7A5,0.5261584319089749
CAACAACGTCATACCA-1,Astro AQP4 SLC1A2,0.9994920719263681
CAACAACTCCGTGGGT-1,Oligo MOG OPALIN,0.9986906606404724
CAACAACTCGCCGAGT-1,L3-5 RORB MKX GRIN3A,0.8948231872024172
CAACAGTGTTGCCGAC-1,Endo CLDN5 SLC7A5,0.8790137987821368
CAACAGTGTTGGACCC-1,Oligo MOG OPALIN,0.9999965142176255
CAACCAAAGTAAGAGG-1,SMC ACTA2 CYP1B1,0.8323414203748188
CAACCAAGTAAGCGGT-1,Endo CLDN5 SLC7A5,0.9719666109811419
CAACCAAGTAGGACCA-1,Astro GFAP FABP7,0.9978183091630711
CAACCAATCGGTGAAG-1,L3-5 RORB MKX DCC,0.6147274820872464
CAACCTCAGCTGACTT-1,Oligo MOG OPALIN,0.9501589515333889
CAACCTCAGGATAATC-1,VLMC COL1A2 VLMCA8,0.2920906108116817
CAACCTCAGGCAGGTT-1,Oligo MOG OPALIN,0.999981291856099
CAACCTCCAACGTAAA-1,Endo CLDN5 SLC7A5,0.6039283795823004
CAACCTCCATACAGCT-1,InN SST HS3ST5,0.7507879652461876
CAACCTCCATAGGTTC-1,Oligo MOG OPALIN,0.9834367189849237
CAACCTCCATCAACCA-1,Oligo MOG OPALIN,0.295247011783744
CAACCTCTCGAACGCC-1,L3-5 RORB MKX GRIN3A,0.2514404711910709
CAACGATAGACCAGAC-1,Astro GFAP AQP1,0.9998690048008368
CAACGATCACAAATCC-1,OPC PDGFRA PCDH15,0.9999999999999889
CAACGATTCGACACCG-1,Oligo MOG OPALIN,0.9998203597888786
CAACGATTCGGAATTC-1,Oligo MOG OPALIN,0.9998623240986477
CAACGGCAGAGGTCAC-1,InN VIP EXPH5,0.8506505907187095
CAACGGCCACATACGT-1,Oligo MOG OPALIN,0.9999927078554279
CAACGGCTCTACTTCA-1,L2-3 CUX2 ACVR1C THSD7A,0.3765129109976891
CAAGACTCAAGACGGT-1,PC P2RY14 GRM8,0.9987766758490862
CAAGACTGTCTCAGGC-1,Endo CLDN5 SLC7A5,0.5135306609089404
CAAGACTGTGAATTGA-1,Oligo MOG OPALIN,0.9998645270031205
CAAGACTGTTCTCGTC-1,InN LAMP5 LHX6 TAC1,0.9410947930884845
CAAGACTTCATTCTTG-1,Oligo MOG OPALIN,0.4994636115092152
CAAGACTTCGAAGCAG-1,Astro AQP4 SLC1A2,0.9994774126208548
CAAGAGGAGGTAGTAT-1,Endo CLDN5 SLC7A5,0.9747203143488314
CAAGAGGAGTCACTGT-1,Oligo MOG OPALIN,0.9999910029138944
CAAGAGGCAAACCACT-1,Endo CLDN5 SLC7A5,0.8818245588683398
CAAGCTAAGAGTTGTA-1,InN VIP ADAM12,0.9995372216923053
CAAGCTAAGGTAAGTT-1,Endo CLDN5 SLC7A5,0.9070276895334648
CAAGCTACAGACAATA-1,Oligo MOG OPALIN,0.9512691734030259
CAAGCTAGTTCCGCAG-1,Oligo MOG OPALIN,0.9980745540460667
CAAGCTATCTACAGGT-1,Oligo MOG OPALIN,0.9961866447739417
CAAGCTATCTTCGGAA-1,L3-5 RORB MKX GALR1,0.5912714752771028
CAAGGGAAGACAACAT-1,InN PVALB ANOS1,0.9661372201292043
CAAGGGAAGGCGACAT-1,InN VIP ADAM12,0.9152266462165255
CAAGGGACACTGTGTA-1,Oligo MOG OPALIN,0.8888014096633153
CAATACGAGGGTTTCT-1,Oligo MOG OPALIN,0.9999130622753667
CAATACGCAGGAGACT-1,Oligo MOG OPALIN,0.14177490873181486
CAATACGGTCACTTAG-1,Oligo MOG OPALIN,0.8512925295296699
CAATACGGTGATTCTG-1,Endo CLDN5 SLC7A5,0.9114170844023198
CAATACGGTTAACCTG-1,Oligo MOG OPALIN,0.9877694699890477
CAATACGTCCACCTGT-1,Oligo MOG OPALIN,0.8004366048763152
CAATCGAAGCCATTGT-1,Endo CLDN5 SLC7A5,0.7970934863041197
CAATCGAAGGACGCAT-1,Oligo MOG OPALIN,0.9997807421485236
CAATCGACAATATCCG-1,Oligo MOG OPALIN,0.9965397274647697
CAATGACCACCAGGTC-1,L5-6 FEZF2 NXPH2 CDH8,0.43593212045161706
CAATGACGTACTCCGG-1,Astro AQP4 SLC1A2,0.9108710231900239
CAATGACGTCATCAGT-1,InN SST PLPP4,0.9989791678122922
CAATGACGTTGCCATA-1,Micro P2RY12 APBB1IP,0.7881302453181086
CAATGACTCCTTCTTC-1,Endo CLDN5 SLC7A5,0.8356569286981096
CAATGACTCGTTCCCA-1,Oligo MOG OPALIN,0.9997523720619872
CAATTTCGTCTTTCAT-1,PC P2RY14 GRM8,0.9999931686191837
CAATTTCTCTACTTCA-1,InN VIP SCML4,0.244531605915299
CACAACAAGCGGTATG-1,Endo CLDN5 SLC7A5,0.8711227038904163
CACAACAAGGATCATA-1,Astro GFAP AQP1,0.9628775865155866
CACAACACACGGCCAT-1,OPC PDGFRA PCDH15,0.9999998811535554
CACACAAAGGCTAGCA-1,Endo CLDN5 SLC7A5,0.19805166665755763
CACACAAAGTAATCCC-1,Oligo MOG OPALIN,0.9281264704576806
CACACAAGTCATTGCA-1,InN SST FREM1,0.7731313545744548
CACACAATCTGCATAG-1,Endo CLDN5 SLC7A5,0.7404300063537608
CACAGATAGATGAATC-1,Astro GFAP FABP7,0.15013931065500563
CACAGATAGGGCCCTT-1,Oligo MOG OPALIN,0.9255858487241894
CACAGATGTACCTGTA-1,Oligo MOG OPALIN,0.40267574102971043
CACAGATGTATGGGAC-1,Endo CLDN5 SLC7A5,0.9793903020580947
CACAGATGTCCGGTGT-1,Endo CLDN5 SLC7A5,0.9891458997546618
CACAGATTCTTAGCAG-1,L2-3 CUX2 ACVR1C THSD7A,0.7826179610005564
CACAGGCAGACGGAAA-1,Oligo MOG OPALIN,0.9926241469232816
CACAGGCCAGGAATCG-1,T SKAP1 CD247,0.9744384944279018
CACAGGCCATCCGCGA-1,Oligo MOG OPALIN,0.9998518906749159
CACAGGCGTAAGTTGA-1,Endo CLDN5 SLC7A5,0.9806934242493267
CACAGGCGTCGGTGTC-1,Oligo MOG OPALIN,0.9894098667842437
CACAGGCGTGATTCAC-1,Oligo MOG OPALIN,0.9996190159683199
CACATGAAGTGCAACG-1,L6 OPRK1 THEMIS RGS6,0.9958756243439388
CACATGACAGAACTAA-1,InN ADARB2 COL5A2,0.86137808592011
CACATGACATTGTCGA-1,Micro P2RY12 APBB1IP,0.9968250079047444
CACATGAGTATACGGG-1,Astro GFAP FABP7,0.9902352265316331
CACATGAGTCTAACTG-1,Astro GFAP AQP1,0.8500438253730231
CACATGATCAAGAGTA-1,L2-4 CUX2 RORB CLMN,0.1961550207661124
CACATGATCTGTGCTC-1,Oligo MOG FRY,0.9995886522554914
CACCAAAAGGGCTTCC-1,Oligo MOG OPALIN,0.9999995986544966
CACCAAAAGTCAGGGT-1,InN SST ADAMTSL1,0.5659207837301863
CACCAAAGTAGCTTAC-1,Oligo MOG OPALIN,0.4961669571341428
CACCAAAGTTACGGAG-1,L3-5 RORB PCBP3 IL1RAPL2,0.05722705502067169
CACCAAATCCGCGGAT-1,Oligo MOG OPALIN,0.9993727182124198
CACCGTTCAAACCGGA-1,Endo CLDN5 SLC7A5,0.9397422295952486
CACCGTTCATCCCGTT-1,InN SST TRPC7,0.6770769907488073
CACCGTTGTAGAGATT-1,L3-5 RORB GABRG1 PTPRO,0.5562680183171079
CACCGTTGTCTTGCTC-1,L3-5 RORB TNNT2 PRRX1,0.3122159010371334
CACCGTTGTGACACGA-1,Micro P2RY12 APBB1IP,0.9944371297042139
CACCGTTTCGCAACAT-1,L2-3 CUX2 NTNG1 PALMD,0.11830500709793211
CACCGTTTCTACTTCA-1,Endo CLDN5 SLC7A5,0.39766024356234486
CACGAATAGACGCTCC-1,Oligo MOG OPALIN,0.9979408800308317
CACGAATCAGGCTATT-1,Micro P2RY12 APBB1IP,0.9876209210217552
CACGAATGTATCACCA-1,Oligo MOG OPALIN,0.9999965393134895
CACGAATTCATGCGGC-1,InN VIP HS3ST3B1,0.9987392781659634
CACGGGTCACAACATC-1,Micro P2RY12 APBB1IP,0.9415192844288865
CACGGGTGTGCGGCTT-1,Endo CLDN5 SLC7A5,0.9207673127216903
CACGGGTTCAGTCCGG-1,Oligo MOG OPALIN,0.9799312844499972
CACGGGTTCGGTCTAA-1,Oligo MOG OPALIN,0.9873597389748292
CACGTGGAGGCTTCCG-1,Oligo MOG OPALIN,0.999976645432922
CACGTGGAGGGTGAAA-1,Oligo MOG OPALIN,0.999998619884148
CACGTGGCAACGACAG-1,Oligo MOG OPALIN,0.9990878779247223
CACGTGGCATAAGCAA-1,Oligo MOG OPALIN,0.9988931141821688
CACGTGGGTATATGGA-1,Micro P2RY12 APBB1IP,0.9159723006965663
CACGTGGGTCCTACGG-1,Oligo MOG OPALIN,0.9871309187982396
CACGTTCCATGATAGA-1,Astro GFAP FABP7,0.9997841489889607
CACGTTCCATTGCTTT-1,InN VIP ADAM12,0.27002619032589326
CACGTTCTCACCCTCA-1,Endo CLDN5 SLC7A5,0.45396811244377777
CACGTTCTCAGGGTAG-1,PC P2RY14 GRM8,0.9999622168062413
CACGTTCTCTATGTGG-1,Endo CLDN5 SLC7A5,0.7037158620188252
CACTAAGCATCTTTCA-1,L2-3 CUX2 NTNG1 PALMD,0.85727482367712
CACTAAGGTAGAGCTG-1,Endo CLDN5 SLC7A5,0.9912157322774998
CACTAAGGTCTTCAAG-1,Oligo MOG OPALIN,0.9999410810558227
CACTAAGTCCAATGCA-1,PC P2RY14 GRM8,0.9999478369328307
CACTAAGTCCTAGCGG-1,L2-4 CUX2 RORB CLMN,0.998709641982706
CACTGAAAGTAGTCTC-1,Endo CLDN5 SLC7A5,0.5639837076999994
CACTGAACAAAGAACT-1,Endo CLDN5 SLC7A5,0.6580100029823718
CACTGAACACTGAGTT-1,PC P2RY14 GRM8,0.9998939063639571
CACTGAACAGCGAACA-1,Oligo MOG OPALIN,0.9998760517497831
CACTGAAGTCGGTAAG-1,SMC ACTA2 CNN1,0.9996541361067205
CACTGAAGTGCTGCAC-1,Oligo MOG OPALIN,0.8531953700397857
CACTGAATCCGGCTTT-1,Oligo MOG OPALIN,0.9999660669689604
CACTGAATCGAACCAT-1,Endo CLDN5 SLC7A5,0.9410254588218996
CACTGAATCGTGGGAA-1,InN PVALB PIEZO2,0.9308568772257295
CACTGGGAGGGTTAGC-1,Endo CLDN5 DKK2,0.9999175895297889
CACTGGGCAGCCTATA-1,Oligo MOG OPALIN,0.9999372134167183
CACTGGGGTACCTAAC-1,SMC ACTA2 CNN1,0.9992383193093173
CACTGGGGTGCGAGTA-1,L2-3 CUX2 ACVR1C THSD7A,0.9497163820793637
CACTGGGTCCTACAAG-1,Endo CLDN5 SLC7A5,0.2313332472289756
CACTGTCAGGTAGGCT-1,InN PVALB ANOS1,0.5989347646035822
CACTGTCGTACCGGCT-1,Endo CLDN5 SLC7A5,0.9091672303723863
CACTGTCGTTCCGTTC-1,L6 OPRK1 SMYD1 KCND2,0.027564924140385156
CACTTCGCAACTAGAA-1,Oligo MOG OPALIN,0.9999627883673613
CACTTCGCAATGTGGG-1,Oligo MOG OPALIN,0.8578840648626584
CACTTCGCAATTGGTC-1,PC P2RY14 GRM8,0.999972147865954
CACTTCGTCAGCGTCG-1,Oligo MOG OPALIN,0.9999996621281069
CACTTCGTCCCTTGGT-1,Oligo MOG OPALIN,0.9999212624115799
CACTTCGTCCTCATAT-1,Endo CLDN5 SLC7A5,0.39582586773902867
CACTTCGTCTTAGTTC-1,L5 FEZF2 BCL11B POU3F1,0.9668434759617409
CAGAGCCAGACAGTCG-1,L6 FEZF2 SYT6 SULF1,0.5562668285026277
CAGAGCCAGAGTAACT-1,Oligo MOG OPALIN,0.9978282299687312
CAGAGCCCACTTCAAG-1,Oligo MOG OPALIN,0.9999716674385992
CAGAGCCCATAATCCG-1,Endo CLDN5 SLC7A5,0.680233669332912
CAGAGCCCATGTGCTA-1,L2-3 CUX2 ACVR1C INHBA,0.889571477896084
CAGAGCCGTGTCGATT-1,Oligo MOG OPALIN,0.9999803991839955
CAGAGCCTCGCAGATT-1,Oligo MOG GSN,0.9781676980823161
CAGAGCCTCTGCCTCA-1,Endo CLDN5 SLC7A5,0.964895177654551
CAGATACAGCACCAGA-1,Oligo MOG OPALIN,0.9988929330551446
CAGATACCACCTTCCA-1,Astro GFAP AQP1,0.030312008063803464
CAGATACGTACATTGC-1,Astro AQP4 SLC1A2,0.9910939416821621
CAGATACGTAGAGCTG-1,Endo CLDN5 SLC7A5,0.46490644104961953
CAGATACGTGGCTCTG-1,Astro AQP4 SLC1A2,0.999836282751945
CAGATTGAGATAACAC-1,InN ADARB2 SFRP2,0.9992853608492729
CAGATTGAGGCTAAAT-1,Endo CLDN5 SLC7A5,0.2970732276765739
CAGATTGAGTAGTCAA-1,InN PVALB HPSE,0.6476437062492734
CAGATTGAGTCCCTAA-1,Endo CLDN5 SLC7A5,0.800095732204058
CAGATTGCAAGAGTTA-1,Astro AQP4 SLC1A2,0.9992049503428665
CAGATTGCACGGGTAA-1,Oligo MOG OPALIN,0.9999999268855868
CAGATTGGTCATGGCC-1,InN LAMP5 BMP7,0.33370021704615493
CAGATTGTCGATTTCT-1,Oligo MOG OPALIN,0.8587205552606122
CAGCAATCAGCCGTTG-1,Oligo MOG OPALIN,0.9990296944611606
CAGCAATCATTACGGT-1,InN SST ADAMTSL1,0.9730624096479187
CAGCAATTCATCGGGC-1,Oligo MOG OPALIN,0.9997534898246977
CAGCAATTCTCCCATG-1,Oligo MOG OPALIN,0.983925082683092
CAGCAATTCTGAGTCA-1,Oligo MOG OPALIN,0.6610675288493716
CAGCACGCATCGCCTT-1,Oligo MOG OPALIN,0.9675062260970212
CAGCACGTCAAAGACA-1,Endo CLDN5 SLC7A5,0.9849564319723907
CAGCAGCAGGTGATCG-1,Oligo MOG OPALIN,0.9997555459718781
CAGCAGCCAAGTCCCG-1,InN SST PLPP4,0.06984424558047704
CAGCAGCCATCTCCCA-1,Endo CLDN5 SLC7A5,0.945770236736414
CAGCAGCGTCTTTCAT-1,Oligo MOG OPALIN,0.9999688318686188
CAGCCAGAGCAGTCTT-1,InN SST ADAMTSL1,0.30300294147445145
CAGCCAGCATGGGATG-1,InN VIP MEGF11 LHFP,0.13784409799668967
CAGCCAGGTCAACCTA-1,Endo CLDN5 SLC7A5,0.6722879048654374
CAGCCAGGTCACGACC-1,InN PVALB HPSE,0.04742425809279883
CAGCCAGTCCCTTCCC-1,Oligo MOG OPALIN,0.9999962049639578
CAGCGTGTCTGGCCAG-1,L2-3 CUX2 ACVR1C THSD7A,0.9752369677631405
CAGGCCAAGCAACAGC-1,Endo CLDN5 SLC7A5,0.9981115909100688
CAGGCCAAGCGAATGC-1,Endo CLDN5 SLC7A5,0.38511024698319135
CAGGCCAAGGAGCTGT-1,Oligo MOG OPALIN,0.9976331296097408
CAGGCCAAGGTAAGGA-1,Endo CLDN5 SLC7A5,0.6674022481702137
CAGGCCACACCTGCGA-1,Oligo MOG OPALIN,0.9768692344270662
CAGGCCAGTAAGATTG-1,Oligo MOG OPALIN,0.9976919899014067
CAGGCCATCGAGATAA-1,L2-3 CUX2 NTNG1 PALMD,0.15205082944935963
CAGGCCATCGCCAATA-1,InN SST TRPC7,0.955476732448363
CAGGCCATCGTCGACG-1,Micro P2RY12 APBB1IP,0.8055096692619067
CAGGCCATCTGCGATA-1,Micro P2RY12 APBB1IP,0.9999595168999226
CAGGGCTTCAAGCCAT-1,Oligo MOG OPALIN,0.33208941035967565
CAGGGCTTCGTTAGTG-1,L6 OPRK1 THEMIS RGS6,0.9538024391484419
CAGGTATAGACAGCTG-1,Oligo MOG OPALIN,0.999713990934909
CAGGTATCACTGGAAG-1,Endo CLDN5 SLC7A5,0.9654457645842778
CAGGTATCATCTTAGG-1,Astro GFAP FABP7,0.9988732086229741
CAGGTATCATGACTGT-1,Oligo MOG GSN,0.941241428337918
CAGGTATGTGGTTTGT-1,Micro P2RY12 APBB1IP,0.8789548296942455
CAGGTATTCGCTAATG-1,Oligo MOG OPALIN,0.8365107850170337
CAGGTATTCTCCATAT-1,Oligo MOG OPALIN,0.997578314736865
CAGGTATTCTCGGTCT-1,Micro P2RY12 APBB1IP,0.9394127243584134
CAGTGCGAGGAAAGAC-1,Endo CLDN5 SLC7A5,0.703003196855959
CAGTGCGAGTCGAGGT-1,Micro P2RY12 GLDN,0.9999957771227092
CAGTGCGAGTGGTGAC-1,L6 FEZF2 AMOTL1 CDH6,0.4738220683332952
CAGTGCGCACTCTAGA-1,Endo CLDN5 SLC7A5,0.8463625084820762
CAGTGCGCATTGCCTC-1,Oligo MOG OPALIN,0.9999789561953997
CAGTGCGGTTTGGGTT-1,Astro AQP4 SLC1A2,0.8578454156886379
CAGTGCGTCATGAGAA-1,Micro P2RY12 APBB1IP,0.9751785812482717
CAGTTAGAGAGCGACT-1,Endo CLDN5 SLC7A5,0.9987312117027807
CAGTTAGAGATCGCTT-1,Endo CLDN5 SLC7A5,0.06520690685022781
CAGTTAGAGTGACCTT-1,L2-4 CUX2 RORB CLMN,0.026232415795417217
CAGTTAGGTACCCGAC-1,PC P2RY14 GRM8,0.998825458921057
CAGTTAGGTCGGTACC-1,L2-3 CUX2 NTNG1 PLCH1,0.014571515295801061
CAGTTAGTCACCTGGG-1,Endo CLDN5 IL1R1,0.0658953923741412
CAGTTAGTCAGACAAA-1,L2-3 CUX2 NTNG1 PALMD,0.49037760721260715
CAGTTCCAGTTGTAAG-1,Endo CLDN5 SLC7A5,0.9024693202199577
CAGTTCCCATGACTCA-1,Endo CLDN5 SLC7A5,0.7510008358036364
CAGTTCCGTATGAGAT-1,Oligo MOG OPALIN,0.9998299238539086
CAGTTCCGTGTCATGT-1,Oligo MOG OPALIN,0.9827326451020159
CAGTTCCTCCACAGGC-1,Oligo MOG OPALIN,0.999998864883674
CAGTTCCTCTGCATGA-1,Endo CLDN5 SLC7A5,0.9995395764310387
CATAAGCGTACAATAG-1,Astro GFAP FABP7,0.24347748368626698
CATAAGCGTAGCGTCC-1,Astro AQP4 SLC1A2,0.9972190079572274
CATAAGCTCCCAAGCG-1,Oligo MOG OPALIN,0.9998901115453078
CATAAGCTCCGATCGG-1,Micro P2RY12 APBB1IP,0.1572498765337029
CATACAGAGGTCCTGC-1,Oligo MOG OPALIN,0.9999662575618713
CATACAGCACTAGGCC-1,Oligo MOG OPALIN,0.9863845051719177
CATACAGCAGAACATA-1,InN VIP HS3ST3B1,0.9801113663225299
CATACAGGTACCGGCT-1,Endo CLDN5 SLC7A5,0.7420957189616548
CATACAGGTATACCTG-1,L6 OPRK1 THEMIS RGS6,0.9995294203141454
CATACAGGTGATATAG-1,L6 FEZF2 NPFFR2 TPD52L1,0.9902354390220539
CATACCCTCTATTTCG-1,Oligo MOG OPALIN,0.7973830870067454
CATACTTCAGAATTCC-1,Endo CLDN5 SLC7A5,0.09255724450414614
CATACTTCATAGCTGT-1,Endo CLDN5 SLC7A5,0.9783093247636857
CATACTTGTGTCTCCT-1,Oligo MOG OPALIN,0.9999714824489732
CATACTTGTTAAGGAT-1,Oligo MOG OPALIN,0.999800245182042
CATACTTGTTGTTTGG-1,InN VIP FREM2,0.7989919278419824
CATAGACAGGCTTAGG-1,PC P2RY14 GRM8,0.9999055903631973
CATAGACCACATGTTG-1,Astro GFAP FABP7,0.9928581862848275
CATAGACCACCCATAA-1,Oligo MOG OPALIN,0.9999966272669638
CATAGACCATATCGGT-1,Oligo MOG OPALIN,0.9999948431103527
CATAGACGTGTCTTAG-1,Oligo MOG OPALIN,0.9999000164862923
CATCAAGCACGTCTCT-1,InN ADARB2 COL5A2,0.9471238314559913
CATCAAGTCCCTCGAT-1,Oligo MOG OPALIN,0.9993152140556164
CATCCACAGGCTCACC-1,InN PVALB HPSE,0.6667252221410142
CATCCACAGTGTACCT-1,Oligo MOG OPALIN,0.9927299725904074
CATCCACCAGTATGAA-1,Oligo MOG OPALIN,0.9999938007824901
CATCCACGTCGGAACA-1,Oligo MOG OPALIN,0.9649017953412925
CATCCCAAGGCATCAG-1,Oligo MOG OPALIN,0.9986205309015318
CATCCCAAGTTCGCAT-1,Oligo MOG OPALIN,0.9982505172815119
CATCCCACATGAAGGC-1,Oligo MOG OPALIN,0.9999999830740433
CATCCCAGTGCTCTCT-1,InN SST ADRA1D,0.8814257978226051
CATCCGTAGATCCGAG-1,L6 FEZF2 NPFFR2 TPD52L1,0.9664442553661711
CATCCGTAGCTCGCAC-1,L6 FEZF2 SYT6 ERBB4,0.16057925319110083
CATCCGTCACAGTACT-1,L6 FEZF2 SYT6 PTPRT,0.6938245406825976
CATCCGTTCCCTCTAG-1,Endo CLDN5 SLC7A5,0.9934887707822303
CATCCGTTCTACGGTA-1,Oligo MOG GSN,0.8864345509413076
CATCGCTAGCACCGTC-1,L6 FEZF2 SYT6 ERBB4,0.23804079391547478
CATCGCTAGCACTCTA-1,Endo CLDN5 SLC7A5,0.8668870067230013
CATCGCTAGTCGAAAT-1,L2-3 CUX2 ACVR1C THSD7A,0.9990555243843808
CATCGCTGTATGTCAC-1,InN PVALB PRKCH,0.266832380420078
CATCGCTTCCAACTAG-1,L3-5 RORB MKX DCC,0.9983286024641308
CATCGCTTCCACCCTA-1,L2-3 CUX2 NTNG1 COL5A2,0.5001765443264797
CATCGCTTCGATACTG-1,Oligo MOG OPALIN,0.9812775443073719
CATCGGGAGGGACTGT-1,PC P2RY14 GRM8,0.9999990465094811
CATCGGGAGTATAGAC-1,L6 OPRK1 THEMIS RGS6,0.9975974764208321
CATCGGGCACTGAATC-1,InN SST ADRA1D,0.9190265173293793
CATCGGGCATACAGCT-1,Oligo MOG OPALIN,0.9999351933840156
CATCGGGCATGCCGAC-1,Endo CLDN5 SLC7A5,0.9961508927579138
CATCGGGGTATCTTCT-1,Oligo MOG OPALIN,0.9999802679023372
CATCGGGTCTATGTGG-1,Oligo MOG OPALIN,0.38500488516515885
CATCGTCCAAGAGAGA-1,Endo CLDN5 SLC7A5,0.9733542650184257
CATCGTCCACATTACG-1,InN SST ADRA1D,0.9367326924767029
CATCGTCCAGCTTCGG-1,Oligo MOG OPALIN,0.9967555757548395
CATCGTCCAGTCAGCC-1,Oligo MOG OPALIN,0.6983228383291683
CATCGTCGTATGGTTC-1,L5-6 FEZF2 NXPH2 GPC5,0.779279447513288
CATCGTCGTCGCCACA-1,Endo CLDN5 SLC7A5,0.9992887198058683
CATGAGTAGCCATTCA-1,InN SST ADAMTSL1,0.9900472862688439
CATGAGTAGGCAATGC-1,L5 FEZF2 BCL11B POU3F1,0.4815968164030222
CATGAGTCAGGTCAAG-1,Endo CLDN5 SLC7A5,0.9998477709461984
CATGAGTTCCGTAGTA-1,L2-3 CUX2 ACVR1C THSD7A,0.9030043248413067
CATGCAACATCGAGCC-1,Oligo MOG OPALIN,0.999999767328533
CATGCAAGTCCACTTC-1,L2-4 CUX2 RORB CLMN,0.42627083675154265
CATGCAATCATAGGCT-1,L6 FEZF2 SYT6 PTPRT,0.1720823406890516
CATGCCTGTGAAGCTG-1,Oligo MOG OPALIN,0.9999967757535949
CATGCCTTCGGAGTGA-1,Oligo MOG OPALIN,0.9061303721532612
CATGCGGCAACTCGAT-1,Astro GFAP FABP7,0.9999773422886724
CATGCGGGTCCGAAAG-1,Oligo MOG OPALIN,0.9998960738755813
CATGCGGGTGTATACC-1,Astro AQP4 SLC1A2,0.961195455902846
CATGCTCAGCCTGTGC-1,InN SST ADRA1D,0.6344669406749872
CATGCTCCAAGATGTA-1,L2-3 CUX2 NTNG1 PLCH1,0.3387300893783031
CATGCTCTCCGACGGT-1,Oligo MOG OPALIN,0.999941667100188
CATGCTCTCTCCGCAT-1,Endo CLDN5 SLC7A5,0.07977438830990834
CATGGATAGTTGCTGT-1,Astro GFAP FABP7,0.9806894415862191
CATGGATCAACATACC-1,Micro P2RY12 APBB1IP,0.996703191725636
CATGGATCAGCAGACA-1,Micro P2RY12 APBB1IP,0.7482837033391987
CATGGATGTCGATTTG-1,Oligo MOG OPALIN,0.9999943668092175
CATGGATGTCTATGAC-1,Endo CLDN5 SLC7A5,0.9993201195373272
CATGGTACATAGGTAA-1,InN SST ADAMTSL1,0.986707702145931
CATGGTATCTATTCGT-1,Oligo MOG OPALIN,0.9997297655010581
CATTCATAGATCGCCC-1,Oligo MOG OPALIN,0.9988805647773562
CATTCATAGCGTTGTT-1,Oligo MOG OPALIN,0.9999974478545277
CATTCATAGTTCGGTT-1,L6 FEZF2 AMOTL1 CDH6,0.9914234230755393
CATTCATCAACGCCCA-1,L5-6 FEZF2 NXPH2 SORCS3,0.1699626057671357
CATTCATGTCATGCAT-1,Astro AQP4 SLC1A2,0.9998471941393527
CATTCATGTCGCGGTT-1,InN LAMP5 LHX6 PROX1,0.8208207733815464
CATTCCGAGATAACAC-1,InN PVALB PRKCH,0.9974835585198127
CATTCCGAGCGTTCAT-1,InN PVALB PIEZO2,0.5320157429209837
CATTCCGAGGTTGCCC-1,Endo CLDN5 SLC7A5,0.8189163004485636
CATTCCGAGTGCGTCC-1,L2-3 CUX2 NTNG1 PALMD,0.06936250512450585
CATTCCGTCGTAGGGA-1,Oligo MOG OPALIN,0.9888792724715921
CATTCTAAGTTGCTGT-1,Endo CLDN5 SLC7A5,0.15312249918209758
CATTCTAGTATGATCC-1,Oligo MOG OPALIN,0.9976899842620494
CATTCTAGTTTAAGGA-1,Endo CLDN5 SLC7A5,0.8985180579983034
CATTCTATCATCTATC-1,Astro AQP4 SLC1A2,0.9889493743765696
CATTGCCAGTCCTGCG-1,Oligo MOG OPALIN,0.9966191101628635
CATTGCCCAAGAGAGA-1,Astro AQP4 SLC1A2,0.9972229891840837
CATTGCCCAATTGCTG-1,Micro P2RY12 APBB1IP,0.6784407711148037
CATTGCCTCAGTCCGG-1,PC P2RY14 GRM8,0.9999348962395231
CATTGCCTCGCTAATG-1,Oligo MOG OPALIN,0.9999873625547472
CATTGCCTCTTTCTAG-1,L3-5 RORB MKX GRIN3A,0.9471545376577325
CATTGTTAGCTCTATG-1,Oligo MOG GSN,0.9624806838303115
CATTGTTCAGTCCCGA-1,Astro GFAP FABP7,0.9999606849862597
CATTGTTCATGTGTCA-1,Endo CLDN5 SLC7A5,0.6456915969333878
CATTGTTTCGTGCATA-1,Micro P2RY12 APBB1IP,0.9947371016171389
CATTTCAAGGACGCAT-1,Oligo MOG OPALIN,0.9998449004865002
CATTTCAAGTCGCCAC-1,Oligo MOG OPALIN,0.999990717987543
CATTTCACACACAGAG-1,L2-3 CUX2 ACVR1C THSD7A,0.9956071655435993
CATTTCACACCTGAAT-1,Endo CLDN5 SLC7A5,0.4734273092546615
CATTTCACATGGCCAC-1,Micro P2RY12 APBB1IP,0.9461118607295722
CCAAGCGAGACTAAGT-1,Endo CLDN5 SLC7A5,0.9859693099698393
CCAAGCGGTCGCTCGA-1,Oligo MOG OPALIN,0.9790017107993597
CCAAGCGGTTAGAGAT-1,Oligo MOG OPALIN,0.9999786524923865
CCAAGCGGTTGGGATG-1,PC P2RY14 GRM8,0.9997148284159598
CCAAGCGTCATGCGGC-1,L2-3 CUX2 ACVR1C THSD7A,0.9469817684146302
CCAAGCGTCCCAGGCA-1,SMC ACTA2 CNN1,0.9998008334662217
CCAATGAAGCACCGAA-1,Oligo MOG OPALIN,0.9985305927605843
CCAATGAAGCGTCAGA-1,L3-5 RORB GABRG1 PTPRO,0.2520449364052624
CCAATGAAGTCATTGC-1,Oligo MOG OPALIN,0.9999973388495397
CCAATGACAAGAGGCT-1,L2-3 CUX2 ACVR1C THSD7A,0.9999192989423825
CCAATTTAGGTAGGCT-1,Astro AQP4 SLC1A2,0.9835653633961056
CCAATTTAGTGTCATC-1,Oligo MOG OPALIN,0.47331042144150187
CCAATTTGTTCGAAGG-1,Oligo MOG OPALIN,0.9962520642504212
CCAATTTTCAACTTTC-1,Oligo MOG OPALIN,0.9946920079798315
CCAATTTTCACCTCTG-1,Micro P2RY12 APBB1IP,0.994209008038409
CCACAAAAGGCATTTC-1,Oligo MOG OPALIN,0.9999446134666823
CCACAAAAGGTAGCCA-1,Endo CLDN5 SLC7A5,0.8568489514596693
CCACAAAGTAACTGCT-1,Oligo MOG OPALIN,0.999786730894999
CCACAAAGTAGGAGGG-1,InN VIP MEGF11 LHFP,0.6949921870621488
CCACAAAGTCAGTTTG-1,Astro GFAP FABP7,0.961487066120922
CCACAAAGTGCATTAC-1,Endo CLDN5 SLC7A5,0.03969288116832033
CCACAAATCGAAGAAT-1,InN LAMP5 BMP7,0.5761633147237802
CCACACTAGAAGCGCT-1,Oligo MOG OPALIN,0.9996591990035623
CCACACTAGGTTCACT-1,Oligo MOG OPALIN,0.9999936554828586
CCACACTAGTGGGAAA-1,Endo CLDN5 SLC7A5,0.5396869936567914
CCACACTTCTCATTAC-1,Micro P2RY12 APBB1IP,0.9987225027269012
CCACCATAGAGACAAG-1,InN VIP ADAM12,0.9978045052938144
CCACCATCAAGGTACG-1,Oligo MOG OPALIN,0.9989018153871573
CCACCATCAATACCCA-1,Endo CLDN5 SLC7A5,0.9148745242084784
CCACCATCATCGCTAA-1,Astro GFAP FABP7,0.9775957302147598
CCACCATCATGGATCT-1,Oligo MOG OPALIN,0.14870775344336568
CCACCATTCAATCGGT-1,Oligo MOG GSN,0.9999999252247673
CCACCATTCACTCACC-1,Astro AQP4 SLC1A2,0.9999799378102486
CCACGAGGTAAGATAC-1,PC P2RY14 GRM8,0.9998336962284058
CCACGAGGTAGTCACT-1,Oligo MOG OPALIN,0.9999078100930484
CCACGAGTCTGTGTGA-1,InN LAMP5 BMP7,0.9979456917353333
CCACGTTAGCAATTAG-1,OPC PDGFRA PCDH15,0.9999999999999882
CCACGTTAGTCCGCCA-1,Astro GFAP AQP1,0.8946570227623599
CCACGTTCAATTGTGC-1,Oligo MOG OPALIN,0.7173817741380054
CCACGTTCATCCGTGG-1,Oligo MOG OPALIN,0.8520811323635601
CCACGTTCATGGATCT-1,Oligo MOG OPALIN,0.9999597711642811
CCACGTTTCGGCCAAC-1,Endo CLDN5 SLC7A5,0.4660668846669821
CCACTTGAGAGAGCGG-1,InN PVALB PDE3A,0.9602996481277168
CCACTTGGTAGGAGGG-1,Oligo MOG OPALIN,0.9999986520243591
CCACTTGGTATGACAA-1,L2-3 CUX2 ACVR1C THSD7A,0.9353475817671203
CCACTTGGTCCGTTTC-1,OPC PDGFRA PCDH15,0.9999999999996272
CCACTTGGTTATGACC-1,Oligo MOG OPALIN,0.9942191788102526
CCACTTGGTTATGTCG-1,Oligo MOG OPALIN,0.9957425006628382
CCACTTGGTTCCGTTC-1,L2-3 CUX2 NTNG1 PALMD,0.06408033925639299
CCACTTGTCAGTCATG-1,Endo CLDN5 SLC7A5,0.9691964534787553
CCACTTGTCCCGTGAG-1,L6 OPRK1 THEMIS RGS6,0.28791446712870133
CCATAAGAGGGACTGT-1,Oligo MOG OPALIN,0.5226279539901163
CCATAAGCACCAGGTC-1,Oligo MOG OPALIN,0.9984728948364209
CCATAAGCATCGATGT-1,Oligo MOG GSN,0.838367786666671
CCATAAGGTCTTGTCC-1,Endo CLDN5 SLC7A5,0.9384984698933719
CCATAAGTCAGACAAA-1,Oligo MOG OPALIN,0.9999762969727914
CCATCACTCCCTTTGG-1,Oligo MOG OPALIN,0.9999440411532835
CCCAACTCAAGTGATA-1,PC P2RY14 GRM8,0.9998074326666568
CCCAACTCAGTGCCTG-1,InN SST TRPC7,0.6748808654669889
CCCAACTCATGTTACG-1,InN SST ADAMTSL1,0.9998767962358467
CCCAACTGTTCCTAGA-1,Astro GFAP FABP7,0.9756236781833777
CCCAACTTCCAATCCC-1,Oligo MOG OPALIN,0.9999992539305345
CCCAACTTCGATTGAC-1,Endo CLDN5 SLC7A5,0.3565721465885058
CCCAACTTCTTGATTC-1,InN SST PLPP4,0.2363409070226942
CCCATTGAGTCTGCGC-1,Endo CLDN5 SLC7A5,0.7582131473046156
CCCATTGCATAAGCAA-1,Astro GFAP AQP1,0.9187249140314951
CCCATTGGTCACCACG-1,L6 OPRK1 THEMIS RGS6,0.9914885948563869
CCCATTGTCATTTGGG-1,Endo CLDN5 SLC7A5,0.5863911366936598
CCCGAAGCATGTGTCA-1,Oligo MOG OPALIN,0.5345925317783577
CCCGAAGTCGGATAAA-1,Oligo MOG OPALIN,0.9998180362552068
CCCGAAGTCGGTAAGG-1,PC P2RY14 GRM8,0.9184271116420534
CCCGGAACAGCGTACC-1,L2-3 CUX2 NTNG1 COL5A2,0.2922938892837178
CCCGGAAGTAGCGTCC-1,Micro P2RY12 APBB1IP,0.05971622387675009
CCCGGAAGTGACATCT-1,L3-5 RORB MKX GRIN3A,0.9697204249898945
CCCGGAATCTGCGGCA-1,L6 FEZF2 AMOTL1 CDH6,0.8552882789430738
CCCTAACAGCACAAAT-1,Endo CLDN5 SLC7A5,0.999952177298083
CCCTAACCATAATCGC-1,Astro GFAP FABP7,0.9997413067281704
CCCTAACGTTGCAAGG-1,Oligo MOG OPALIN,0.9828894176236486
CCCTAACGTTTAAGGA-1,Endo CLDN5 SLC7A5,0.3143329967403012
CCCTAACTCGCTTTAT-1,Oligo MOG OPALIN,0.1718649049617083
CCCTCAAAGGTCACTT-1,Oligo MOG OPALIN,0.9998879150790055
CCCTCAAGTGGCCACT-1,Oligo MOG OPALIN,0.99956616601219
CCCTCAATCATCTCTA-1,Oligo MOG OPALIN,0.8144814697642839
CCCTCTCAGATCCCAT-1,Micro P2RY12 APBB1IP,0.8523389964243373
CCCTCTCCAGCGAGTA-1,PC P2RY14 GRM8,0.9999973439865145
CCCTCTCTCTTACCAT-1,Astro GFAP FABP7,0.9944050881274213
CCCTGATCAGTCGAGA-1,L2-3 CUX2 NTNG1 PALMD,0.26783364162705925
CCCTGATCAGTTTCGA-1,Oligo MOG OPALIN,0.9998547934697676
CCCTTAGAGAACAAGG-1,L3-5 RORB GABRG1 KCNH7,0.22506646994834076
CCCTTAGCAATTAGGA-1,Micro P2RY12 APBB1IP,0.9517671352478785
CCCTTAGCACCTGAAT-1,Oligo MOG OPALIN,0.9998022407182601
CCCTTAGCAGTCGGTC-1,L3-5 RORB PCBP3 ARHGAP15,0.5527669150487187
CCCTTAGTCTTCTTCC-1,L2-3 CUX2 NTNG1 COL5A2,0.21806970515374155
CCGAACGAGTTACGGG-1,Oligo MOG OPALIN,0.10961750970172589
CCGAACGGTCTGTAAC-1,Oligo MOG OPALIN,0.991187075017663
CCGAACGGTTACACTG-1,Endo CLDN5 SLC7A5,0.5726347112245475
CCGATGGAGGCTGGAT-1,Oligo MOG OPALIN,0.9999887000322152
CCGATGGCATAACAGA-1,Oligo MOG OPALIN,0.9999506155678581
CCGATGGGTGCGGATA-1,L3-5 RORB MKX GRIN3A,0.9954649208932842
CCGATGGGTGGACAGT-1,Endo CLDN5 SLC7A5,0.7228581320042183
CCGATGGGTTCAGCTA-1,Endo CLDN5 SLC7A5,0.2945840546561673
CCGATGGTCCGTGCGA-1,L2-3 CUX2 NTNG1 PALMD,0.2538993853149564
CCGCAAGAGATGCCGA-1,Endo CLDN5 SLC7A5,0.9999284169088548
CCGCAAGAGTCTGCGC-1,Oligo MOG OPALIN,0.9996304942386548
CCGCAAGCAATAGTAG-1,Oligo MOG OPALIN,0.9996587632840058
CCGCAAGGTCCATAGT-1,Oligo MOG OPALIN,0.9815366242518735
CCGCAAGGTGAAGCTG-1,Endo CLDN5 SLC7A5,0.37223744507952267
CCGCAAGTCTGACCCT-1,Macro F13A1 COLEC12,0.06977605053135146
CCGCAAGTCTGGGCGT-1,Oligo MOG OPALIN,0.9971031937065551
CCGGACAAGAGTAACT-1,Oligo MOG OPALIN,0.9998307670782319
CCGGACAGTAGAGACC-1,L6 FEZF2 NPFFR2 KCNK2,0.2491098408024544
CCGGACATCACCGACG-1,L3-5 RORB TNNT2 PRRX1,0.004802808161736788
CCGGACATCATCCTAT-1,Astro AQP4 SLC1A2,0.5366328591921377
CCGGGTAAGAAGTGTT-1,OPC PDGFRA PCDH15,0.9999999999981555
CCGGGTACACAGGATG-1,PC P2RY14 GRM8,0.9999568225002647
CCGGGTACAGAACATA-1,Astro GFAP FABP7,0.9609326980021432
CCGGGTACAGCGACCT-1,Oligo MOG OPALIN,0.9796770577443162
CCGGGTACAGGCCTGT-1,Oligo MOG OPALIN,0.9923417167503948
CCGGGTATCCACACAA-1,OPC PDGFRA PCDH15,0.9999999999999987
CCGGTAGAGCACTTTG-1,Micro P2RY12 APBB1IP,0.2644782195675841
CCGGTAGCACGGAAGT-1,InN VIP EXPH5,0.9906182785317121
CCGGTAGGTGGTGATG-1,Astro GFAP FABP7,0.22053818894197771
CCGGTGAAGGTTGTTC-1,Oligo MOG OPALIN,0.9999836721141576
CCGGTGATCATTCTTG-1,Micro P2RY12 APBB1IP,0.9999214237089826
CCGGTGATCGTGGTAT-1,Oligo MOG OPALIN,0.8866406543326644
CCGTAGGAGGCTAGCA-1,Oligo MOG OPALIN,0.9929804995236711
CCGTAGGCACTCCTTG-1,Astro GFAP FABP7,0.9797238448738937
CCGTAGGCAGCTGTTA-1,OPC PDGFRA PCDH15,0.9999999999651472
CCGTAGGTCTTTCGAT-1,Oligo MOG OPALIN,0.9992376929008581
CCGTGAGCAGGAGACT-1,L3-5 RORB MKX DCC,0.9947712509007851
CCGTGAGCATTCAGCA-1,Oligo MOG OPALIN,0.9999549369475982
CCGTGAGTCCATCCGT-1,Oligo MOG OPALIN,0.9999549473627302
CCGTGAGTCGAACGCC-1,L3-5 RORB MKX GRIN3A,0.7084489120264166
CCGTGAGTCGGACAAG-1,Oligo MOG OPALIN,0.9161957286282532
CCGTTCACAATTAGGA-1,L3-5 RORB GABRG1 PLCH1,0.025922421520834696
CCGTTCATCTTCACAT-1,L2-3 CUX2 ACVR1C THSD7A,0.9204501434924612
CCTAACCCAAAGGCGT-1,Endo CLDN5 SLC7A5,0.047501149488315485
CCTAACCCAATGCAAA-1,Oligo MOG OPALIN,0.9999995939194172
CCTAACCCATTGAAAG-1,Oligo MOG OPALIN,0.9999633074026737
CCTAACCTCAACTCTT-1,L2-4 CUX2 RORB CLMN,0.967442286282722
CCTAAGACATACAGCT-1,Oligo MOG OPALIN,0.9999644910572278
CCTAAGATCATTTCCA-1,Oligo MOG OPALIN,0.999953952299059
CCTACGTCAACAGAGC-1,L2-3 CUX2 ACVR1C THSD7A,0.9261648406719782
CCTACGTCACCAGTAT-1,Endo CLDN5 SLC7A5,0.9446885520648806
CCTACGTTCCTATGGA-1,L2-4 CUX2 RORB CLMN,0.11160031814467028
CCTACGTTCGCAGTGC-1,Oligo MOG OPALIN,0.994419095671877
CCTACGTTCTACGCAA-1,Oligo MOG OPALIN,0.9999813889219737
CCTACGTTCTTACTGT-1,Oligo MOG OPALIN,0.9989697433683331
CCTATCGAGACGCATG-1,Endo CLDN5 SLC7A5,0.020598890836544242
CCTATCGAGTTTCGAC-1,Oligo MOG OPALIN,0.9988789064206692
CCTATCGCAAACCGGA-1,Oligo MOG OPALIN,0.999543273108389
CCTATCGCAAGACGGT-1,L3-5 RORB MKX DCC,0.8728414488526993
CCTATCGCAGAAATTG-1,InN PVALB PIEZO2,0.014725101141506667
CCTATCGGTCGCACAC-1,Endo CLDN5 SLC7A5,0.9916157760538383
CCTATCGGTGCTAGCC-1,Oligo MOG OPALIN,0.9999922546006649
CCTATCGGTGGCGTAA-1,Oligo MOG OPALIN,0.9999871438267556
CCTATCGGTTTCGTAG-1,L6 FEZF2 SYT6 PTPRT,0.13579412248141942
CCTATCGTCCACTGGG-1,Endo CLDN5 SLC7A5,0.9740039581143096
CCTCAACAGATTGCGG-1,L2-3 CUX2 NTNG1 PALMD,0.7662197071112852
CCTCAACAGGGCGAAG-1,Oligo MOG OPALIN,0.9963002346974666
CCTCAACAGTCGCCCA-1,Oligo MOG OPALIN,0.9979651155991267
CCTCAACCACGACGTC-1,PC P2RY14 GRM8,0.9999565578889034
CCTCAACCAGTAGTTC-1,Endo CLDN5 SLC7A5,0.9971378005512427
CCTCACAAGCCTGACC-1,Oligo MOG OPALIN,0.999993565678034
CCTCACACAACCACAT-1,Oligo MOG OPALIN,0.9997448164741357
CCTCACAGTCCACTCT-1,Astro GFAP AQP1,0.9826308287674693
CCTCACAGTTTCTTAC-1,L3-5 RORB MKX GRIN3A,0.7642541265881574
CCTCACATCACACGAT-1,InN SST FREM1,0.0107786988487848
CCTCACATCCTTATCA-1,Endo CLDN5 SLC7A5,0.9779087689703901
CCTCAGTAGTGTCATC-1,InN SST ADRA1D,0.39379837283539426
CCTCAGTCATCTTAGG-1,Endo CLDN5 SLC7A5,0.34402209126356775
CCTCAGTGTGTTCATG-1,InN SST TRPC7,0.9808140332223361
CCTCAGTTCCGACAGC-1,Oligo MOG OPALIN,0.9999921822778627
CCTCAGTTCCTGTAAG-1,Oligo MOG OPALIN,0.32657305007310317
CCTCAGTTCTCTGACC-1,Oligo MOG OPALIN,0.9999582271686223
CCTCATGAGCCAAGTG-1,Endo CLDN5 SLC7A5,0.8816216062763405
CCTCATGAGGAACTCG-1,Oligo MOG OPALIN,0.9998641464519945
CCTCATGAGGTCGTCC-1,L2-3 CUX2 ACVR1C THSD7A,0.9839789050644463
CCTCATGCACAGCCAC-1,Endo CLDN5 SLC7A5,0.5256891911622799
CCTCATGCACTAAACC-1,Oligo MOG OPALIN,0.9999907932327841
CCTCATGCACTTCAGA-1,OPC PDGFRA PCDH15,0.9999999999999969
CCTCATGCAGCCGTCA-1,L3-5 RORB PCBP3 ARHGAP15,0.4187916644464452
CCTCATGGTATTCCTT-1,Oligo MOG OPALIN,0.9999942671873155
CCTCATGGTGTCCGGT-1,Oligo MOG OPALIN,0.999978281618409
CCTCATGGTTGGGTTT-1,Endo CLDN5 SLC7A5,0.938801362862802
CCTCATGTCATTACTC-1,Oligo MOG OPALIN,0.9135562939172914
CCTCATGTCTCCATAT-1,InN PVALB GRIN2C,0.8656512502901936
CCTCCAAGTCTTCCGT-1,L3-5 RORB MKX GRIN3A,0.7580326059201924
CCTCCAAGTGATGAAT-1,OPC PDGFRA PCDH15,0.9999948077988228
CCTCCAAGTTGAGGAC-1,InN LAMP5 LHX6 PROX1,0.8585440992872453
CCTCCAATCTTAGCTT-1,InN SST PLPP4,0.9928159696827003
CCTCCTCAGGTCCTGC-1,Oligo MOG OPALIN,0.9993738385475358
CCTCCTCCAGAACATA-1,Oligo MOG OPALIN,0.9995658566894805
CCTCCTCCATGGAATA-1,Endo CLDN5 SLC7A5,0.5804667685547422
CCTCCTCTCCGTTGGG-1,InN VIP HS3ST3B1,0.9842576510017907
CCTCCTCTCGTAGCCG-1,L3-5 RORB GABRG1 KCNH7,0.08618613971720308
CCTCCTCTCTGCGTCT-1,L6 OPRK1 THEMIS RGS6,0.9928193075346834
CCTCTAGCACTGTCGG-1,Endo CLDN5 SLC7A5,0.4546788419193636
CCTCTAGCACTTACAG-1,InN PVALB SYT2,0.838165686537445
CCTCTAGGTTAGAAGT-1,Endo CLDN5 SLC7A5,0.49259222930867436
CCTCTCCAGGCTTAGG-1,Micro P2RY12 APBB1IP,0.9829285246792162
CCTCTCCAGTAGCAAT-1,Astro GFAP FABP7,0.9983628475688209
CCTCTCCGTATTCTCT-1,Astro GFAP FABP7,0.999994594462154
CCTCTCCGTGACACGA-1,Endo CLDN5 SLC7A5,0.9819628287876992
CCTCTCCGTTCTCCCA-1,Endo CLDN5 SLC7A5,0.9893540626374412
CCTGCATAGCCTCTTC-1,Oligo MOG OPALIN,0.9868201987891874
CCTGCATGTACTCGCG-1,Endo CLDN5 SLC7A5,0.8716643122556813
CCTGCATTCATCCTAT-1,InN SST FREM1,0.9837307150663779
CCTGCATTCGCCGAAC-1,Micro P2RY12 GLDN,0.37163176072037485
CCTGTTGAGTCATTGC-1,Endo CLDN5 IL1R1,0.48299966590238813
CCTGTTGGTCGACTGC-1,Oligo MOG OPALIN,0.9855783076549922
CCTGTTGGTTCGGTAT-1,Endo CLDN5 SLC7A5,0.7696534975188634
CCTGTTGTCCAACTGA-1,Micro P2RY12 APBB1IP,0.961477304015782
CCTGTTGTCCGTGGGT-1,Endo CLDN5 SLC7A5,0.50956091298543
CCTGTTGTCGCGTCGA-1,InN PVALB HPSE,0.29367721396639684
CCTTCAGAGTTCCAGT-1,Endo CLDN5 SLC7A5,0.9639598879238801
CCTTCAGCATCATTGG-1,Endo CLDN5 SLC7A5,0.11742418527576115
CCTTCAGGTAGACGTG-1,Endo CLDN5 SLC7A5,0.6207958041194466
CCTTGTGAGGGATCGT-1,Oligo MOG OPALIN,0.9999724998894431
CCTTGTGGTGGTCTTA-1,Endo CLDN5 SLC7A5,0.18399267091796986
CCTTGTGTCCCAAGTA-1,Oligo MOG OPALIN,0.9989565216096955
CCTTGTGTCTCGGCTT-1,InN SST TRPC7,0.47683687224835797
CCTTGTGTCTGTCCGT-1,Oligo MOG OPALIN,0.9999367029712481
CCTTTGGAGCTACTGT-1,Oligo MOG OPALIN,0.9999995326368719
CCTTTGGGTAAGAACT-1,Astro GFAP FABP7,0.5582166969074687
CCTTTGGTCCTTATAC-1,Oligo MOG OPALIN,0.9995739955274682
CCTTTGGTCGCGATCG-1,Endo CLDN5 SLC7A5,0.9434048865062039
CGAAGGAAGCCTCTCT-1,Oligo MOG FRY,0.9827337089880687
CGAAGGATCACCTGGG-1,Endo CLDN5 SLC7A5,0.8854877000726779
CGAAGGATCGACGACC-1,Endo CLDN5 SLC7A5,0.8752107475727802
CGAAGGATCGTAGTCA-1,L2-3 CUX2 ACVR1C THSD7A,0.9985568906109278
CGAAGGATCTACCACC-1,Oligo MOG OPALIN,0.9999871863760494
CGAAGTTAGCCAGACA-1,Astro GFAP FABP7,0.9999494870164007
CGAAGTTAGTCTACCA-1,Oligo MOG OPALIN,0.9956710731080287
CGAAGTTGTCTGGTTA-1,Endo CLDN5 SLC7A5,0.6066151092469234
CGAATTGCAGCAGACA-1,L2-3 CUX2 ACVR1C THSD7A,0.5548517099695813
CGAATTGGTCCAAGAG-1,Oligo MOG OPALIN,0.9997739603812453
CGAATTGTCCCTAGGG-1,Oligo MOG OPALIN,0.9999160046836811
CGACAGCAGTAGCCAG-1,Astro GFAP FABP7,0.9999982572176054
CGACAGCCAAGTAGTA-1,PC P2RY14 GRM8,0.9998578197063772
CGACAGCCAGAGCTAG-1,Oligo MOG OPALIN,0.9998455927208043
CGACAGCGTAGCTGAG-1,Endo CLDN5 SLC7A5,0.9248249766202268
CGACAGCGTCGCTGCA-1,Oligo MOG OPALIN,0.9999993457535478
CGACAGCTCCGCACTT-1,Oligo MOG OPALIN,0.8985981288708028
CGACAGCTCTGCGGAC-1,InN SST ADRA1D,0.32458608733197336
CGACAGCTCTTAGGAC-1,Astro AQP4 SLC1A2,0.9553367743596228
CGAGAAGAGACTGAGC-1,Oligo MOG OPALIN,0.9999948620844284
CGAGAAGAGCGTTCAT-1,Oligo MOG OPALIN,0.9999749031432211
CGAGAAGAGTTGCCCG-1,Oligo MOG OPALIN,0.6743375190483137
CGAGAAGCATCCTTCG-1,Endo CLDN5 SLC7A5,0.9516220452113144
CGAGAAGGTGTTACTG-1,L2-3 CUX2 ACVR1C THSD7A,0.9987376651869212
CGAGAAGTCGGCCTTT-1,L2-3 CUX2 NTNG1 PALMD,0.682868515527345
CGAGGAAAGTATGGAT-1,Astro AQP4 SLC1A2,0.591634976204241
CGAGGAACAGGTGACA-1,InN SST HS3ST5,0.9337658172378047
CGAGGAACAGTCAACT-1,Oligo MOG OPALIN,0.9999983311747341
CGAGGAAGTGCCTAAT-1,L2-3 CUX2 NTNG1 PALMD,0.5357358761872556
CGAGGCTAGAGGGCGA-1,Oligo MOG OPALIN,0.9999466747346449
CGAGGCTCAGCTCCTT-1,Oligo MOG OPALIN,0.999425050318174
CGAGGCTGTCGTATTG-1,InN PVALB ANOS1,0.2758851979503546
CGAGGCTTCTCCTACG-1,Oligo MOG OPALIN,0.9982477957760955
CGAGTGCAGCGTGCCT-1,Macro F13A1 COLEC12,0.999996542439839
CGAGTGCAGGAAAGGT-1,L6 OPRK1 THEMIS RGS6,0.9806402196849688
CGAGTGCCACCCGTAG-1,Micro P2RY12 GLDN,0.9789473359728535
CGAGTGCCATGACGTT-1,Endo CLDN5 SLC7A5,0.6221515572226182
CGAGTGCCATGCAGCC-1,Oligo MOG OPALIN,0.999997788062767
CGAGTGCTCCCAACTC-1,Oligo MOG GSN,0.9903183234163454
CGAGTGCTCGAAGCAG-1,Astro GFAP FABP7,0.998066733925943
CGAGTGCTCTCGTCGT-1,Astro GFAP AQP1,0.03583009390802655
CGAGTTAAGAGCACTG-1,Oligo MOG OPALIN,0.9998810100549277
CGAGTTAGTTCATCGA-1,L2-3 CUX2 ACVR1C THSD7A,0.8151569973214471
CGATCGGTCCACTAGA-1,Oligo MOG OPALIN,0.9999939211311917
CGATGCGAGGTGATCG-1,PC P2RY14 GRM8,0.9413599025662017
CGATGCGCACTGTGTA-1,Endo CLDN5 SLC7A5,0.8472048166301306
CGATGCGCAGAGATTA-1,Oligo MOG OPALIN,0.9996958449419326
CGATGCGGTGTCCGTG-1,InN VIP EXPH5,0.9460524184227216
CGATGGCAGTGCACTT-1,L2-3 CUX2 ACVR1C THSD7A,0.6264211064151454
CGATGGCCACGATTCA-1,Micro P2RY12 APBB1IP,0.2096897468321905
CGATGGCCATATAGCC-1,InN LAMP5 LHX6 TAC1,0.5282182195529193
CGATGGCGTCACCACG-1,Oligo MOG OPALIN,0.999971865584479
CGATGGCGTCCAATCA-1,Oligo MOG OPALIN,0.9999944106217092
CGATGGCTCACTGAAC-1,Endo CLDN5 SLC7A5,0.972796552671582
CGATGGCTCCTTCTGG-1,L6 OPRK1 THEMIS RGS6,0.9885755953656843
CGCAGGTAGGGCATGT-1,Endo CLDN5 SLC7A5,0.8019489377167867
CGCAGGTAGTATAGAC-1,Oligo MOG OPALIN,0.999646796208957
CGCAGGTCACATTACG-1,Oligo MOG OPALIN,0.9497768037734312
CGCAGGTTCTGGTTGA-1,InN SST ADAMTSL1,0.5973684156218928
CGCATAAAGGGCAATC-1,Endo CLDN5 SLC7A5,0.9371803956398538
CGCATAAGTCGTGTTA-1,InN SST TRPC7,0.550282911144169
CGCATGGAGACCAGAC-1,Oligo MOG OPALIN,0.9999003764179931
CGCATGGCAACTGGTT-1,Endo CLDN5 SLC7A5,0.04808697285440994
CGCATGGGTACTGAGG-1,Endo CLDN5 SLC7A5,0.8782627965606683
CGCATGGGTAGTAAGT-1,Micro P2RY12 APBB1IP,0.7960075579119068
CGCATGGTCCGTGTCT-1,L3-5 RORB MKX GALR1,0.2900173670297015
CGCCAGAAGTGGGAAA-1,Oligo MOG OPALIN,0.9999775271673692
CGCCAGACATAAGCAA-1,PC P2RY14 GRM8,0.9999985166515727
CGCCAGAGTGATTCAC-1,Astro GFAP FABP7,0.5360989107530802
CGCCAGATCGTGCGAC-1,Oligo MOG GSN,0.8733601208024471
CGCCATTAGAGCAGTC-1,Micro P2RY12 APBB1IP,0.9879842166413129
CGCCATTAGGATCATA-1,InN LAMP5 LHX6 TAC1,0.9684806933131155
CGCCATTAGGATTTCC-1,Oligo MOG OPALIN,0.9240908601144102
CGCCATTCAAGAGGCT-1,Endo CLDN5 SLC7A5,0.9987521105636165
CGCCATTCAGAATCGG-1,Astro GFAP FABP7,0.9998632412930653
CGCCATTCAGAGAATT-1,Oligo MOG OPALIN,0.9999954942156111
CGCCATTGTAGCCAGA-1,InN VIP ADAM12,0.9952470018575108
CGCCATTGTATAATGG-1,InN VIP HS3ST3B1,0.9997092125762997
CGCCATTGTTCCACGG-1,L2-3 CUX2 ACVR1C THSD7A,0.963745891516518
CGCCATTTCTAAGGAA-1,InN LAMP5 LHX6 PROX1,0.5778806223844114
CGCGTGAAGCGACAGT-1,Oligo MOG OPALIN,0.9996837043084968
CGCGTGAAGGACAACC-1,VLMC COL1A2 VLMCA8,0.5541626116144592
CGCGTGACACAATGTC-1,Micro P2RY12 APBB1IP,0.9828130472822467
CGCGTGACACGAGAAC-1,Endo CLDN5 SLC7A5,0.6460254095448024
CGCGTGATCGTGTGAT-1,Oligo MOG OPALIN,0.9994788824129851
CGGAACCAGAGGTTAT-1,Oligo MOG OPALIN,0.8491112002342125
CGGAACCCAGACACAG-1,Endo CLDN5 SLC7A5,0.8744487045654716
CGGAACCCAGGCACAA-1,Oligo MOG OPALIN,0.9962176114047997
CGGAACCCATTCTTCA-1,Astro GFAP FABP7,0.9995424151744641
CGGAACCGTACTTCCC-1,InN SST ADAMTSL1,0.9944678434740559
CGGAACCGTCGTAATC-1,Astro GFAP FABP7,0.7699549385678254
CGGAACCTCTAAGAAG-1,Oligo MOG OPALIN,0.9999997267763516
CGGAATTGTGAGCTCC-1,Endo CLDN5 SLC7A5,0.23485918552581322
CGGAATTTCCACGTAA-1,Endo CLDN5 SLC7A5,0.9901412287517217
CGGACACAGCACTCAT-1,Endo CLDN5 SLC7A5,0.99120121591534
CGGACACAGGTACCTT-1,L3-5 RORB GABRG1 PTPRO,0.013206568750016408
CGGACACCATGCTGCG-1,Astro AQP4 SLC1A2,0.12677015113454795
CGGAGAACACGTATAC-1,Endo CLDN5 SLC7A5,0.9547267306191972
CGGAGAACAGTTTGGT-1,InN PVALB PIEZO2,0.1459020812310279
CGGAGAATCTTTACAC-1,Endo CLDN5 SLC7A5,0.5402265287880131
CGGCAGTAGAATAGTC-1,Micro P2RY12 GLDN,0.3321205138741512
CGGCAGTTCTTCCACG-1,L2-4 CUX2 RORB CLMN,0.08127407072413974
CGGGACTCATGACTGT-1,Endo CLDN5 SLC7A5,0.7063795198138566
CGGGACTTCAAGTGGG-1,InN SST FREM1,0.9999050140011929
CGGGACTTCAGTGTGT-1,L3-5 RORB PCBP3 IL1RAPL2,0.971041897573158
CGGGACTTCGTGCTCT-1,Oligo MOG OPALIN,0.9778231153533954
CGGGCATAGAAGGTAG-1,Endo CLDN5 SLC7A5,0.5311186962708632
CGGGCATAGTCTGCAT-1,InN PVALB HPSE,0.9993271421655125
CGGGCATCAGAAACCG-1,Oligo MOG OPALIN,0.9999659588318164
CGGGCATCATACCATG-1,Oligo MOG OPALIN,0.9982078415200651
CGGGCATGTGCGGTAA-1,OPC PDGFRA PCDH15,0.9999999998802584
CGGGCATGTTCCCAAA-1,L3-5 RORB MKX GRIN3A,0.9881798483578673
CGGGCATTCAGCTTGA-1,Endo CLDN5 SLC7A5,0.8004947357707579
CGGGCATTCAGTCTTT-1,Endo CLDN5 SLC7A5,0.6178543255707787
CGGGCATTCTTGGAAC-1,Endo CLDN5 SLC7A5,0.6972340346998604
CGGGTCAAGCGCATCC-1,InN LAMP5 LHX6 TAC1,0.7997848023949728
CGGGTCAAGTACAACA-1,InN SST ADAMTSL1,0.8677877311605666
CGGGTCAGTGAGCTCC-1,Oligo MOG OPALIN,0.9998692727811556
CGGGTGTGTACAGGTG-1,Oligo MOG OPALIN,0.9853114526735957
CGGGTGTTCAGATGCT-1,Micro P2RY12 APBB1IP,0.993707896850592
CGGTCAGCAGTTTCGA-1,Oligo MOG OPALIN,0.999993217240774
CGGTCAGTCAGGGTAG-1,Astro GFAP FABP7,0.9963954987382546
CGTAAGTCAAACACCT-1,Oligo MOG OPALIN,0.995808817483574
CGTAAGTGTTACGTAC-1,InN SST HS3ST5,0.9761921911723582
CGTAATGTCAGCACCG-1,OPC PDGFRA PCDH15,0.9999999999999927
CGTAATGTCCGACGGT-1,Endo CLDN5 SLC7A5,0.863512335088074
CGTAGTAAGCCACCGT-1,Oligo MOG OPALIN,0.9999871323558618
CGTAGTAAGCCTTGAT-1,Oligo MOG OPALIN,0.9996295668392968
CGTAGTAAGGTTGAGC-1,L6 FEZF2 SYT6 CDH9,0.5016912023703427
CGTAGTAGTACAGTTC-1,InN SST PLPP4,0.7873211668308002
CGTAGTATCCACACAA-1,Oligo MOG OPALIN,0.9948210599645453
CGTAGTATCGACCTAA-1,Oligo MOG OPALIN,0.67726090427766
CGTCAAAAGAAACTAC-1,L6 OPRK1 THEMIS RGS6,0.9999219723030854
CGTCAAAAGAGGGCGA-1,Oligo MOG OPALIN,0.9837260387587322
CGTCAAACACCGTCGA-1,PC P2RY14 GRM8,0.9999730301443989
CGTCAAACATGACGTT-1,Endo CLDN5 SLC7A5,0.17289211218412537
CGTCAAATCGCAGAGA-1,L2-3 CUX2 NTNG1 PALMD,0.40256427672553463
CGTCAAATCGCCGTGA-1,Oligo MOG GSN,0.9999635819284257
CGTCAAATCTTCGCTG-1,Oligo MOG OPALIN,0.9996411470637868
CGTCCATAGTTAACGA-1,L5 FEZF2 BCL11B POU3F1,0.7811756414989923
CGTCCATGTCTACATG-1,Oligo MOG GSN,0.8779484789892479
CGTCCATGTGGTCTGC-1,L3-5 RORB GABRG1 KCNH7,0.5955573879704232
CGTCCATTCACGAGGA-1,Astro GFAP AQP1,0.9206802204566592
CGTGAATAGACGAAGA-1,Endo CLDN5 SLC7A5,0.9640602444860171
CGTGAATAGCGCCTCA-1,InN SST HS3ST5,0.9761351031565135
CGTGAATAGTTTCTTC-1,Endo CLDN5 SLC7A5,0.9999390811257839
CGTGAATCACTGAGGA-1,InN LAMP5 BMP7,0.9231610514030923
CGTGAATCATCCCACT-1,Oligo MOG OPALIN,0.999993468626052
CGTGAATTCACATACG-1,Oligo MOG OPALIN,0.9996521620559896
CGTGATACACTAGGTT-1,Oligo MOG OPALIN,0.9994061615010136
CGTGATAGTCATCACA-1,Endo CLDN5 SLC7A5,0.9995462053843815
CGTGATAGTTTCTTAC-1,Oligo MOG OPALIN,0.9999832096429081
CGTGATATCGGTGCAC-1,Endo CLDN5 SLC7A5,0.9672758852108612
CGTGCTTAGGTTCTTG-1,Oligo MOG OPALIN,0.9997704788290067
CGTGCTTAGTGCCAGA-1,Oligo MOG OPALIN,0.999999819484136
CGTGCTTGTCGCACAC-1,Oligo MOG OPALIN,0.99990345752682
CGTGCTTGTGCGAGTA-1,InN SST THSD7B,0.9992576456287817
CGTGCTTTCCTTTGAT-1,PC P2RY14 GRM8,0.9977451306112112
CGTGCTTTCTGTCAGA-1,Astro AQP4 SLC1A2,0.9416188895024258
CGTGTCTAGCATCAGG-1,Astro AQP4 SLC1A2,0.9150043524319558
CGTGTCTCATGGCCAC-1,Endo CLDN5 SLC7A5,0.24411448195009636
CGTGTCTGTGACTATC-1,Oligo MOG OPALIN,0.9999998873518849
CGTGTCTTCAACCGAT-1,InN VIP PENK,0.9864499063855676
CGTGTCTTCGCAGTTA-1,L2-4 CUX2 RORB CLMN,0.9107315151906055
CGTGTCTTCTTCCAGC-1,Micro P2RY12 APBB1IP,0.9925733133936326
CGTTAGAAGCGTCAGA-1,Micro P2RY12 APBB1IP,0.9979260293136933
CGTTAGACACGGCGTT-1,Oligo MOG OPALIN,0.9991125967032128
CGTTAGACACTCCGGA-1,Oligo MOG OPALIN,0.9940860104843215
CGTTAGAGTAGGCTGA-1,Oligo MOG OPALIN,0.9999130954412504
CGTTAGATCCGAGTGC-1,Endo CLDN5 SLC7A5,0.924312376697462
CGTTCTGCAACACAGG-1,Oligo MOG OPALIN,0.999432215208303
CGTTCTGCACACGGAA-1,OPC PDGFRA PCDH15,0.999999999999869
CGTTCTGCACTGGCGT-1,L2-4 CUX2 RORB CLMN,0.5411773756496568
CGTTCTGGTACTGGGA-1,Oligo MOG OPALIN,0.9971025283360366
CGTTCTGGTTATGTCG-1,L2-3 CUX2 ACVR1C THSD7A,0.9595086325819399
CGTTGGGAGAATCCCT-1,Endo CLDN5 SLC7A5,0.9627534259614124
CGTTGGGAGCGCCTCA-1,Astro AQP4 SLC1A2,0.9870623271288647
CGTTGGGCATATACCG-1,Micro P2RY12 APBB1IP,0.9957956368225279
CTAACCCAGCTCAGAG-1,InN VIP CLSTN2,0.9990470983147128
CTAACCCTCAGCTCTC-1,Endo CLDN5 SLC7A5,0.9999837700834197
CTAACCCTCCCATAGA-1,Oligo MOG OPALIN,0.9996213511998078
CTAACTTAGGTCTGGA-1,Astro GFAP FABP7,0.2603866277188831
CTAACTTAGTGGACGT-1,L2-3 CUX2 ACVR1C THSD7A,0.9979995586392049
CTAACTTAGTGGTCAG-1,Oligo MOG GSN,0.9973983144910428
CTAACTTCAAAGGATT-1,L3-5 RORB MKX GRIN3A,0.7655493907029087
CTAACTTCAGTTGGTT-1,Oligo MOG OPALIN,0.9950378424833342
CTAACTTGTGGTAACG-1,Endo CLDN5 SLC7A5,0.8107037090608744
CTAACTTGTGGTTTAC-1,Oligo MOG OPALIN,0.9999994983083452
CTAACTTTCGCACTCT-1,Oligo MOG GSN,0.9940252321224384
CTAAGTGCAAGTTTGC-1,Oligo MOG OPALIN,0.9743492247804625
CTAAGTGCACGGTCTG-1,L6 FEZF2 NPFFR2 TPD52L1,0.1509608323337342
CTAAGTGCATTGTCGA-1,InN PVALB ANOS1,0.6834989597529412
CTAAGTGGTAGCTTTG-1,Endo CLDN5 SLC7A5,0.4525287226482995
CTACAGACAGCAGAAC-1,Oligo MOG OPALIN,0.9867547799043019
CTACAGAGTAGTGCGA-1,Oligo MOG OPALIN,0.9999986621698257
CTACAGATCTCTAAGG-1,Astro GFAP FABP7,0.999989706141355
CTACATTAGATGAAGG-1,L6 OPRK1 THEMIS RGS6,0.45451707636458843
CTACATTCAGAGTAAT-1,Oligo MOG OPALIN,0.9999171648497571
CTACATTCAGAGTTCT-1,Oligo MOG OPALIN,0.9999981768025012
CTACATTCATATGCGT-1,Astro AQP4 SLC1A2,0.998526935413133
CTACATTGTCTCCCTA-1,Endo CLDN5 SLC7A5,0.8052757012331396
CTACATTTCATGCCGG-1,Endo CLDN5 SLC7A5,0.8837028591879538
CTACATTTCTCCCATG-1,Endo CLDN5 SLC7A5,0.712194528993326
CTACATTTCTTAGTTC-1,Endo CLDN5 SLC7A5,0.22897286795850572
CTACATTTCTTCTCAA-1,Oligo MOG OPALIN,0.999998792986702
CTACCCAGTGCGAACA-1,Oligo MOG OPALIN,0.9999964047975313
CTACCTGAGCGTTCAT-1,PC P2RY14 GRM8,0.9999486705666493
CTACCTGAGTGGGAAA-1,Endo CLDN5 SLC7A5,0.2890616755161436
CTACCTGAGTTGCCCG-1,L2-3 CUX2 NTNG1 PALMD,0.4366894273637701
CTACCTGCAGTAGAAT-1,Oligo MOG OPALIN,0.9993162306888704
CTACCTGGTACGGCAA-1,Endo CLDN5 SLC7A5,0.2826448763172372
CTACCTGGTCCACACG-1,Oligo MOG OPALIN,0.9313194545239213
CTACCTGTCTAGCATG-1,Oligo MOG OPALIN,0.9761148074146205
CTACGGGAGACCTCCG-1,Oligo MOG OPALIN,0.9991640812631835
CTACGGGAGTAAGACT-1,InN ADARB2 FAM19A1,0.9994685683535443
CTACGGGCACAGTGAG-1,L6 OPRK1 THEMIS RGS6,0.8099561327958986
CTACTATCATTACTCT-1,InN SST ADAMTSL1,0.9770430587377346
CTACTATGTGGTCCGT-1,Endo CLDN5 SLC7A5,0.9999928199695562
CTACTATTCAAGGAGC-1,Oligo MOG OPALIN,0.975125752832126
CTAGACAAGGGAGATA-1,L2-3 CUX2 NTNG1 COL5A2,0.29167356768655983
CTAGACAAGTCCGTCG-1,Endo CLDN5 SLC7A5,0.21304847239862928
CTAGACACATATGCGT-1,Endo CLDN5 DKK2,0.3136671397652453
CTAGACATCAGCGGAA-1,OPC PDGFRA PCDH15,0.9999999999990727
CTAGGTACAGCTTTGA-1,Endo CLDN5 SLC7A5,0.9933992525530845
CTAGGTAGTCCTGTTC-1,Micro P2RY12 APBB1IP,0.9649891335394437
CTAGGTATCGTAGTGT-1,Endo CLDN5 SLC7A5,0.8667355494409638
CTAGGTATCTGTACAG-1,InN VIP HS3ST3B1,0.776651227272926
CTATAGGAGTGGAAGA-1,L6 FEZF2 NPFFR2 TPD52L1,0.8675928109030544
CTATAGGCAAATCCCA-1,Astro AQP4 SLC1A2,0.6789298900853621
CTATAGGCATGTGACT-1,Astro GFAP FABP7,0.5039006315082335
CTATAGGGTCTTCCGT-1,Oligo MOG OPALIN,0.9998698027389503
CTATAGGTCCTGTACC-1,InN SST FREM1,0.999991053146206
CTATCCGAGGTTTGAA-1,InN SST STK32A,0.045056399052187515
CTATCCGAGTCGAGGT-1,OPC PDGFRA PCDH15,0.9999999982578056
CTATCCGCACTGCTTC-1,Oligo MOG OPALIN,0.9999928675618143
CTATCCGGTAGCGTCC-1,Astro GFAP FABP7,0.2325562544003593
CTATCTAAGAGATGCC-1,Oligo MOG OPALIN,0.9999995763374173
CTATCTAAGGTCATTC-1,PC P2RY14 GRM8,0.9999989481853807
CTATCTAAGTAACAGT-1,Endo CLDN5 SLC7A5,0.9169157024663832
CTATCTAGTACCACGC-1,InN SST ADAMTSL1,0.8444254599630863
CTCAACCAGAACTGAT-1,Oligo MOG GSN,0.9621047061585533
CTCAACCCAAAGTATG-1,Oligo MOG OPALIN,0.9999697588793636
CTCAACCTCCTGGGAC-1,L3-5 RORB PCBP3 ARHGAP15,0.06308698384743552
CTCAAGAAGGCTTTCA-1,InN SST ADAMTSL1,0.9998488062913707
CTCAAGAGTGGACTGA-1,L2-4 CUX2 RORB CLMN,0.8796311492889043
CTCAAGATCCGGTAAT-1,Endo CLDN5 SLC7A5,0.7334239902734511
CTCAAGATCGTTGTTT-1,Endo CLDN5 SLC7A5,0.4663113332843274
CTCAATTCAAGTCCAT-1,Oligo MOG OPALIN,0.9999246825104644
CTCAATTCAGTAGAGC-1,Oligo MOG OPALIN,0.988718006025342
CTCAATTTCACGGGAA-1,L2-3 CUX2 NTNG1 PALMD,0.05164576144712893
CTCAATTTCCGCTTAC-1,InN SST HTR2C,0.3015173367956999
CTCACTGAGAATGTTG-1,InN VIP MEGF11 LHFP,0.6440535330229523
CTCACTGAGAGTAACT-1,Oligo MOG OPALIN,0.9999487522860584
CTCACTGAGCTCGACC-1,Oligo MOG OPALIN,0.9998024641494946
CTCACTGCAGCCTACG-1,L6 OPRK1 THEMIS RGS6,0.9420103290667435
CTCACTGGTCCGGTCA-1,Astro GFAP FABP7,0.6116089735634777
CTCACTGGTGAGTCAG-1,Endo CLDN5 SLC7A5,0.2230092242919792
CTCACTGTCAGGACAG-1,Endo CLDN5 SLC7A5,0.08853779515678183
CTCAGAAAGACTAGAT-1,L2-3 CUX2 NTNG1 PALMD,0.8272157015634972
CTCAGAAAGACTCTAC-1,InN PVALB ANOS1,0.925469672716425
CTCAGAAGTCCGACGT-1,L2-3 CUX2 NTNG1 PALMD,0.03168708252484915
CTCAGAATCCTACACC-1,Micro P2RY12 APBB1IP,0.5451124893300237
CTCAGAATCGGTAACT-1,Endo CLDN5 SLC7A5,0.9899264633630483
CTCAGAATCTCCCATG-1,Endo CLDN5 SLC7A5,0.7128099497378126
CTCAGGGAGAGCCGTA-1,InN PVALB HPSE,0.7728535124813455
CTCAGGGAGCGCACAA-1,L3-5 RORB MKX GRIN3A,0.036206321426577204
CTCAGGGAGGTTATAG-1,Oligo MOG OPALIN,0.9915513712258056
CTCAGGGCAAGAGTTA-1,Astro AQP4 SLC1A2,0.999960005426659
CTCAGGGGTGGATCAG-1,Oligo MOG OPALIN,0.9998697335550764
CTCAGGGGTTAAACAG-1,Oligo MOG OPALIN,0.9998138768170425
CTCAGTCAGTATAGGT-1,InN SST HGF GABRQ,0.9106980874031539
CTCAGTCGTTAAGTCC-1,Astro AQP4 SLC1A2,0.9987697688746963
CTCAGTCGTTCCTAAG-1,Oligo MOG OPALIN,0.9990000815576777
CTCAGTCTCAAGTTGC-1,InN VIP EXPH5,0.9902121522734595
CTCATCGGTAGGAGGG-1,L2-4 CUX2 RORB CLMN,0.321911456972369
CTCATCGGTTGCATAC-1,Endo CLDN5 SLC7A5,0.837320601611511
CTCATCGTCCTCCACA-1,InN ADARB2 FAM19A1,0.9855008957303315
CTCATCGTCTACCACC-1,InN SST ADRA1D,0.9948667145468871
CTCATGCGTGATATAG-1,Oligo MOG OPALIN,0.9578134208527581
CTCATGCGTTCGATTG-1,Micro P2RY12 APBB1IP,0.9640773954666351
CTCATGCTCAAGCCGC-1,Astro GFAP AQP1,0.9998296665417302
CTCATTACATCGGAGA-1,Astro GFAP AQP1,0.9999870960841801
CTCATTAGTCAATCTG-1,Astro AQP4 SLC1A2,0.9989493059248041
CTCATTAGTCACCGCA-1,L2-3 CUX2 NTNG1 COL5A2,0.04054757745324008
CTCATTATCGTGAGAG-1,L3-5 RORB MKX GRIN3A,0.3660883375203439
CTCATTATCTCAACGA-1,Oligo MOG OPALIN,0.9987180598018343
CTCCAACCAATTGGTC-1,Astro GFAP AQP1,0.9962696961476493
CTCCAACCACTAAACC-1,Endo CLDN5 SLC7A5,0.5601309766174822
CTCCAACCACTGCATA-1,Endo CLDN5 SLC7A5,0.5448635085860865
CTCCAACCATGGGTTT-1,Oligo MOG OPALIN,0.9990027100449953
CTCCAACGTTACCCTC-1,Endo CLDN5 SLC7A5,0.7965929619750398
CTCCACAAGGACGCAT-1,Astro AQP4 SLC1A2,0.9860637312900731
CTCCACACATCCGAGC-1,Astro AQP4 SLC1A2,0.9963461215287833
CTCCACAGTCAAGCGA-1,Micro P2RY12 APBB1IP,0.020703640660962596
CTCCACAGTCTATGAC-1,InN ADARB2 COL5A2,0.9487276209258394
CTCCACATCGGTCTGG-1,Oligo MOG OPALIN,0.9999236452141234
CTCCATGAGCACACAG-1,OPC PDGFRA PCDH15,0.9998445883534177
CTCCATGCAGGCCTGT-1,Endo CLDN5 SLC7A5,0.42629849891126514
CTCCATGGTGATTCAC-1,Oligo MOG OPALIN,0.9712242484553153
CTCCATGGTGTATCCA-1,Macro F13A1 COLEC12,0.9306733106163909
CTCCATGGTTGTTGTG-1,Oligo MOG OPALIN,0.9986820964304802
CTCCATGTCACGATCA-1,Endo CLDN5 DKK2,0.9999865583294912
CTCCATGTCGCGCCAA-1,Astro AQP4 SLC1A2,0.8765365761555368
CTCCCAACAAACCATC-1,Oligo MOG OPALIN,0.9999719975691717
CTCCCAACATCAACCA-1,Oligo MOG OPALIN,0.9545148782294366
CTCCCAAGTATCGCTA-1,Oligo MOG OPALIN,0.9996437842628931
CTCCCAAGTCCAATCA-1,Oligo MOG OPALIN,0.9995433354208741
CTCCCTCCATCCGGCA-1,Oligo MOG OPALIN,0.9864654654892379
CTCCCTCTCGAGTTGT-1,Endo CLDN5 SLC7A5,0.9762575165522742
CTCCGATAGGACATCG-1,Oligo MOG FRY,0.4966756102118027
CTCCGATAGTGATAAC-1,Endo CLDN5 SLC7A5,0.9835434544482261
CTCCGATGTGCATACT-1,Endo CLDN5 SLC7A5,0.11656163877566494
CTCCGATGTGCTGTCG-1,Oligo MOG OPALIN,0.998001631096784
CTCCGATTCCTATTTG-1,Oligo MOG OPALIN,0.9999513708621195
CTCCGATTCGCATTGA-1,Micro P2RY12 APBB1IP,0.9995353834542519
CTCCGATTCGTAGAGG-1,L2-3 CUX2 NTNG1 PALMD,0.29289923606313883
CTCCTCCAGACATAAC-1,Oligo MOG OPALIN,0.9999813775264055
CTCCTCCCATAGATGA-1,Oligo MOG OPALIN,0.4324056123116067
CTCCTCCGTCCCAAAT-1,Micro P2RY12 APBB1IP,0.23724200030734838
CTCCTCCTCACTCTTA-1,Endo CLDN5 IL1R1,0.17173847453420255
CTCCTTTAGGCTCTCG-1,Oligo MOG OPALIN,0.7941810501736036
CTCCTTTCAGAACCGA-1,L3-5 RORB MKX GRIN3A,0.6491254403494888
CTCCTTTGTATCGTTG-1,L2-3 CUX2 ACVR1C THSD7A,0.7972599283301699
CTCCTTTTCAGTGTCA-1,Oligo MOG OPALIN,0.9575786099175916
CTCCTTTTCCGATCTC-1,Oligo MOG OPALIN,0.9999237183528299
CTCCTTTTCGTCTACC-1,Oligo MOG OPALIN,0.9967175046002117
CTCCTTTTCTCCTACG-1,Oligo MOG GSN,0.031650199608631704
CTCGAGGCACGGTGTC-1,L2-3 CUX2 NTNG1 PALMD,0.3484008460157624
CTCGAGGTCGCAGTTA-1,PC P2RY14 GRM8,0.9953286959916665
CTCTCAGAGTTGGAAT-1,Oligo MOG OPALIN,0.999799216279249
CTCTCAGCATTGGGAG-1,Endo CLDN5 SLC7A5,0.62183972593709
CTCTCGAAGGTGCTTT-1,Oligo MOG OPALIN,0.9999688103652787
CTCTGGTGTAAGCGGT-1,L2-3 CUX2 ACVR1C THSD7A,0.9992398940014223
CTGAATGAGCTGACAG-1,L3-5 RORB GABRG1 PTPRO,0.5512908918208225
CTGAATGCAAGCAATA-1,Endo CLDN5 SLC7A5,0.9956129621600698
CTGAATGCAGAGAATT-1,Endo CLDN5 SLC7A5,0.7556230328135708
CTGAATGTCCACGTGG-1,Oligo MOG OPALIN,0.9992281286364552
CTGAATGTCCTAGCCT-1,Endo CLDN5 SLC7A5,0.8866302556475703
CTGAATGTCCTTACCG-1,Endo CLDN5 SLC7A5,0.47903646243283304
CTGAGCGCAACTCCCT-1,Oligo MOG OPALIN,0.9867431624148981
CTGAGCGCAGTCTTCC-1,L2-3 CUX2 ACVR1C THSD7A,0.99752611410129
CTGAGCGGTCCAGCAC-1,Endo CLDN5 SLC7A5,0.8098834062369527
CTGAGGCAGACGTCGA-1,Astro AQP4 SLC1A2,0.9912565879600457
CTGAGGCCAACTCCCT-1,Oligo MOG OPALIN,0.999998388282426
CTGAGGCGTATGAGAT-1,L2-3 CUX2 NTNG1 PALMD,0.421614746303804
CTGATCCAGAAACTAC-1,Endo CLDN5 SLC7A5,0.6664224654831313
CTGATCCAGCACGATG-1,Astro GFAP FABP7,0.9675930087597543
CTGATCCCAGCACAGA-1,Endo CLDN5 SLC7A5,0.7971879289740095
CTGATCCGTCATCAGT-1,PC P2RY14 GRM8,0.9999915693722969
CTGATCCGTCCCGCAA-1,Oligo MOG OPALIN,0.9995829497714642
CTGATCCTCGGACTTA-1,Endo CLDN5 SLC7A5,0.9766569554017804
CTGCAGGAGTTGCATC-1,Oligo MOG OPALIN,0.9999947851407323
CTGCAGGCAAGTGGGT-1,Oligo MOG OPALIN,0.8351701486909918
CTGCAGGCAGAGGGTT-1,Oligo MOG OPALIN,0.9998165032926012
CTGCAGGGTCCAAATC-1,L6 FEZF2 AMOTL1 CDH6,0.9293265164241359
CTGCAGGGTGGTCTAT-1,Endo CLDN5 SLC7A5,0.969339133878779
CTGCATCAGATAACAC-1,Oligo MOG GSN,0.9999998945237698
CTGCATCGTATGGTAA-1,Oligo MOG OPALIN,0.9994827877620915
CTGCATCTCTCCATAT-1,Endo CLDN5 SLC7A5,0.875272153960664
CTGCCATCAAGACGAC-1,InN LAMP5 RELN,0.8656396566848855
CTGCCATCACCCTATC-1,Endo CLDN5 SLC7A5,0.02527228714110611
CTGCCATCAGTTTGGT-1,Oligo MOG OPALIN,0.9983830140274282
CTGCCATCATTGAGCT-1,Oligo MOG OPALIN,0.9968096300615756
CTGCCATGTACCGGAA-1,L3-5 RORB PCBP3 LINGO2,0.5104495439875616
CTGCCATTCACAGTGT-1,Oligo MOG OPALIN,0.9999886702510399
CTGCCATTCAGACCTA-1,InN LAMP5 ADAMTS20,0.6445407289518165
CTGCCATTCTCGCTCA-1,Oligo MOG OPALIN,0.9999574423862818
CTGCCTAAGAGAAGGT-1,Endo CLDN5 SLC7A5,0.9733010264051971
CTGCCTAAGATCCAAA-1,L3-5 RORB MKX GRIN3A,0.9995568613553145
CTGCCTAAGTCTTCCC-1,Oligo MOG OPALIN,0.9990766417089566
CTGCCTAAGTTACGTC-1,Endo CLDN5 SLC7A5,0.7607423613295292
CTGCCTACAAGACCGA-1,PC P2RY14 GRM8,0.8651646855933888
CTGCCTACAGAGACTG-1,InN PVALB GRIN2C,0.967484397082866
CTGCCTAGTCTAGATC-1,Oligo MOG OPALIN,0.9999951419965291
CTGCCTAGTTGTACGT-1,Oligo MOG OPALIN,0.9982491162433244
CTGCCTAGTTTACCTT-1,Oligo MOG OPALIN,0.9996791778428111
CTGCGAGAGTTTCAGC-1,Oligo MOG OPALIN,0.999997683151843
CTGCGAGTCTCCTACG-1,Oligo MOG OPALIN,0.9999149347510699
CTGCTCAAGCTCGCAC-1,Endo CLDN5 SLC7A5,0.9524506701422593
CTGCTCAGTCCGCAGT-1,Oligo MOG OPALIN,0.9997713388183658
CTGCTCATCAACTGGT-1,Astro GFAP FABP7,0.9999996190095638
CTGCTCATCACCTCAC-1,Astro AQP4 SLC1A2,0.9998573851405442
CTGCTCATCGGTAACT-1,Astro AQP4 SLC1A2,0.9211003927675967
CTGCTCATCTTACTGT-1,InN ADARB2 PALMD,0.9975496554775445
CTGGACGAGAGGATCC-1,Oligo MOG OPALIN,0.9999890233403398
CTGGACGGTCTGTGCG-1,Endo CLDN5 SLC7A5,0.5806928874831664
CTGGACGTCCTACCAC-1,Oligo MOG OPALIN,0.9998097068708477
CTGGACGTCTATCGTT-1,InN SST ADRA1D,0.1686893587342099
CTGGCAGAGAGAGTTT-1,Astro AQP4 SLC1A2,0.7844172015395031
CTGGCAGTCAATCAGC-1,L2-3 CUX2 NTNG1 COL5A2,0.6726270826159624
CTGGCAGTCCTAAGTG-1,InN SST FREM1,0.9954208809389576
CTGGCAGTCGCGCTGA-1,Oligo MOG OPALIN,0.14720534196306093
CTGGTCTCAGACTCTA-1,Oligo MOG OPALIN,0.607227326467372
CTGGTCTGTCCCTAAA-1,L2-3 CUX2 NTNG1 COL5A2,0.7903691142519476
CTGGTCTGTTGTAAAG-1,Micro P2RY12 APBB1IP,0.9157374805058441
CTGTACCAGACTCCGC-1,L3-5 RORB GABRG1 KCNH7,0.2624373538432688
CTGTACCAGCATGGGT-1,Endo CLDN5 SLC7A5,0.17487671296091167
CTGTACCCAAATCGTC-1,Micro P2RY12 CCL3,0.39359907793757004
CTGTACCGTACCAATC-1,Oligo MOG OPALIN,0.9944340772161717
CTGTACCTCTAGCCAA-1,Astro GFAP FABP7,0.6889071859640487
CTGTAGAGTGAGTAAT-1,Astro AQP4 SLC1A2,0.9949383509389212
CTGTAGATCGGAATGG-1,Endo CLDN5 SLC7A5,0.9863393969399379
CTGTATTGTTTCACTT-1,Oligo MOG OPALIN,0.9999359992492795
CTGTCGTAGACTAAGT-1,Oligo MOG OPALIN,0.9998145314251596
CTGTCGTAGCGCCTAC-1,Oligo MOG OPALIN,0.9998573829996987
CTGTCGTAGGTCATCT-1,OPC PDGFRA PCDH15,0.9999999999999978
CTGTCGTAGGTCCTGC-1,L6 FEZF2 SYT6 CDH9,0.9824781802732223
CTGTCGTCACACCTGG-1,L3-5 RORB GABRG1 PTPRO,0.16181693625798216
CTGTCGTCACAGAGAC-1,InN SST TRPC7,0.24913332011972944
CTGTCGTCATGCCGCA-1,InN PVALB ANOS1,0.9088297137442694
CTGTCGTGTTCGATTG-1,InN PVALB ANOS1,0.48922505619392465
CTGTGAAGTCTCGGGT-1,Endo CLDN5 SLC7A5,0.9176066086251379
CTGTGAAGTGACAGGT-1,Oligo MOG OPALIN,0.926784714031385
CTGTGAAGTGGTTCTA-1,Endo CLDN5 SLC7A5,0.9081742790982955
CTGTGAAGTTTGGCTA-1,Oligo MOG OPALIN,0.9962753823038275
CTGTGAATCTAGTCAG-1,L2-3 CUX2 ACVR1C THSD7A,0.9261750144793295
CTGTGGGCAACGTAAA-1,OPC PDGFRA PCDH15,0.9999999999829274
CTGTGGGTCCGTAGTA-1,InN SST ADAMTSL1,0.8883873295644086
CTGTGGGTCTCCGATC-1,Astro GFAP FABP7,0.6470168920205425
CTTACCGAGCATGGGT-1,Endo CLDN5 SLC7A5,0.9395091080826039
CTTACCGAGCCTGGAA-1,Micro P2RY12 GLDN,0.7533833559873375
CTTACCGAGTCGTCTA-1,InN LAMP5 LHX6 TAC1,0.9884528649738781
CTTACCGGTGCTTCAA-1,InN SST STK32A,0.9699502284659003
CTTACCGGTGGTAACG-1,Oligo MOG OPALIN,0.999796022004975
CTTAGGAAGATGAATC-1,InN SST FREM1,0.9991647356998173
CTTAGGACATGACAGG-1,Oligo MOG OPALIN,0.999908923332406
CTTAGGACATGAGTAA-1,Endo CLDN5 SLC7A5,0.5234780063405697
CTTCAATAGTATGTAG-1,L3-5 RORB PCBP3 LINGO2,0.9492976958248049
CTTCAATTCGCCATAA-1,Endo CLDN5 SLC7A5,0.9824022738602183
CTTCAATTCGTGCACG-1,Endo CLDN5 SLC7A5,0.7023944669493516
CTTCCGAAGAGTTGTA-1,Astro GFAP FABP7,0.9978571164378626
CTTCCTTCACAATCTG-1,L2-3 CUX2 NTNG1 PALMD,0.05671897455154283
CTTCCTTCACTGCTTC-1,Astro GFAP AQP1,0.9922000857088773
CTTCCTTGTATCGATC-1,Oligo MOG OPALIN,0.9058561191363612
CTTCGGTAGATACATG-1,Endo CLDN5 SLC7A5,0.9999844638493379
CTTCGGTAGTTCACTG-1,Endo CLDN5 SLC7A5,0.09521907373574337
CTTCGGTCAGAAGTGC-1,Astro AQP4 SLC1A2,0.8766309331012684
CTTCGGTGTGTCGATT-1,Oligo MOG OPALIN,0.9997805453050225
CTTCGGTTCGACCATA-1,Astro AQP4 SLC1A2,0.17547220074278544
CTTCTAAGTCGCCACA-1,L2-3 CUX2 ACVR1C THSD7A,0.7018922109588941
CTTCTAAGTGACTATC-1,Oligo MOG OPALIN,0.917159802363485
CTTCTCTAGCTGCCTG-1,InN SST ADAMTSL1,0.9298360900080186
CTTCTCTAGTGTCATC-1,L3-5 RORB GABRG1 PTPRO,0.14057411317658544
CTTCTCTGTCCTTTGC-1,Astro GFAP AQP1,0.34881711575259994
CTTCTCTGTGGTGATG-1,Astro AQP4 SLC1A2,0.9929177938993228
CTTCTCTTCAGCGCAC-1,Oligo MOG OPALIN,0.9998788467555614
CTTCTCTTCGGCATTA-1,Astro AQP4 OSMR,0.10962643564436614
CTTGAGAAGCGAACTG-1,L6 OPRK1 THEMIS RGS6,0.3401004714046775
CTTGAGAAGTTGTACC-1,Oligo MOG OPALIN,0.9999792038109483
CTTGAGACAGTAGATA-1,Endo CLDN5 SLC7A5,0.8919244815681616
CTTGAGAGTCCAATCA-1,Oligo MOG OPALIN,0.9999468276061285
CTTGAGAGTTGCCATA-1,Oligo MOG OPALIN,0.999982742980506
CTTGAGATCGCCAGTG-1,InN LAMP5 LHX6 TAC1,0.99395021604368
CTTGATTAGCACGTCC-1,Endo CLDN5 SLC7A5,0.9984048918210444
CTTGATTAGCCAGACA-1,Astro GFAP FABP7,0.20874645178346496
CTTGATTAGGGAACAA-1,Oligo MOG OPALIN,0.9999761405820179
CTTGATTTCACCCTGT-1,Oligo MOG OPALIN,0.7547563947163893
CTTTCAAAGGCGCTCT-1,Oligo MOG OPALIN,0.16007082235424436
CTTTCAAAGGTTCCGC-1,L3-5 RORB MKX GRIN3A,0.9164069152360176
CTTTCAACACCGGAAA-1,Oligo MOG OPALIN,0.992961281147482
CTTTCAACAGTACTAC-1,Oligo MOG OPALIN,0.999989721654365
CTTTCAAGTGGTCTCG-1,L3-5 RORB GABRG1 KCNH7,0.6299259249764148
CTTTCGGAGGGCGAAG-1,Endo CLDN5 SLC7A5,0.9912802048340844
CTTTCGGCAACTGAAA-1,Endo CLDN5 SLC7A5,0.7376486303638597
CTTTCGGCAGCAGAAC-1,Micro P2RY12 APBB1IP,0.9854669023918132
CTTTCGGCATTGCTTT-1,Oligo MOG OPALIN,0.9999789609897531
CTTTCGGTCCAAACCA-1,Oligo MOG OPALIN,0.996950814282992
CTTTCGGTCGCACTCT-1,Micro P2RY12 APBB1IP,0.6927832742091607
CTTTCGGTCGCGCTGA-1,Oligo MOG OPALIN,0.9998091084762357
GAAACCTGTACGTGTT-1,InN SST HS3ST5,0.9264948616135223
GAAACCTTCTTAAGGC-1,Endo CLDN5 SLC7A5,0.9984381022611469
GAAATGAAGAGGCGGA-1,Oligo MOG OPALIN,0.9996836168207613
GAAATGACATAGGTAA-1,Oligo MOG OPALIN,0.9992935881918317
GAAATGAGTAGTATAG-1,Endo CLDN5 SLC7A5,0.7879100830266264
GAACACTAGCGTCGAA-1,Endo CLDN5 SLC7A5,0.9472415942812973
GAACACTAGTAATTGG-1,Oligo MOG OPALIN,0.9988092505388168
GAACACTGTATCGAAA-1,L2-4 CUX2 RORB CLMN,0.90834983472182
GAACACTGTATTTCGG-1,Oligo MOG OPALIN,0.9982677703234706
GAACGTTCACTGATTG-1,Micro P2RY12 APBB1IP,0.058144030973935355
GAACGTTCATGCGTGC-1,OPC PDGFRA PCDH15,0.999973983523104
GAACGTTGTCTTCATT-1,Oligo MOG OPALIN,0.9998975514957549
GAACGTTTCGATTCCC-1,Oligo MOG OPALIN,0.8723567063379026
GAACTGTAGCATCCTA-1,Endo CLDN5 DKK2,0.9998797136133615
GAACTGTAGGGAGTTC-1,Oligo MOG OPALIN,0.9999646020970823
GAACTGTCAGCTACAT-1,InN SST THSD7B,0.9984832888588232
GAACTGTGTTGGAGGT-1,Oligo MOG OPALIN,0.9998909419923475
GAACTGTGTTTCAGAC-1,Oligo MOG OPALIN,0.999956164600068
GAACTGTTCGAGTGGA-1,Micro P2RY12 APBB1IP,0.3757647822488941
GAAGAATGTTAAAGTG-1,Endo CLDN5 SLC7A5,0.626155530325566
GAAGAATTCCCTCAAC-1,Oligo MOG OPALIN,0.99999116781866
GAAGCCCAGACAGCGT-1,Oligo MOG OPALIN,0.9999516671898261
GAAGCCCCAAGAGTAT-1,Endo CLDN5 SLC7A5,0.6136118816973906
GAAGCCCCATGACCCG-1,Endo CLDN5 SLC7A5,0.9966959401130039
GAAGCCCCATGACTCA-1,Oligo MOG OPALIN,0.9914668069278869
GAAGCCCGTATCCCAA-1,Oligo MOG OPALIN,0.9867975685294293
GAAGCCCGTATGACAA-1,Oligo MOG OPALIN,0.9855468878802124
GAAGCCCGTCCAAATC-1,Astro GFAP FABP7,0.9999409266585527
GAAGCCCGTCTCTCCA-1,Endo CLDN5 SLC7A5,0.9625069808752096
GAAGCCCGTTAAGACA-1,Oligo MOG OPALIN,0.9999842065932645
GAAGCCCTCAGACAAA-1,Oligo MOG GSN,0.42774970663781936
GAAGCCCTCGTTCCCA-1,Oligo MOG OPALIN,0.8035232564647876
GAAGCGACATACCGTA-1,L2-3 CUX2 ACVR1C THSD7A,0.1711862078916634
GAAGCGATCCCTCTCC-1,Oligo MOG OPALIN,0.9198423536174692
GAAGGACAGATACATG-1,Endo CLDN5 SLC7A5,0.14227680482582658
GAAGGACAGCAGGCAT-1,Endo CLDN5 SLC7A5,0.9863612649832105
GAAGGACAGCCTCTCT-1,L2-3 CUX2 ACVR1C THSD7A,0.5602779013803199
GAAGGACCAGCGGATA-1,Oligo MOG OPALIN,0.9999806544705842
GAAGGACCAGCTGTTA-1,InN SST HTR2C,0.11071132495409056
GAAGGACGTTCCGCTT-1,L3-5 RORB MKX GRIN3A,0.04975456459952749
GAAGGACTCCCGAACG-1,Oligo MOG OPALIN,0.9641782878493216
GAAGGACTCGCACGAC-1,InN PVALB HPSE,0.07009413856956193
GAAGGACTCTCGCAGG-1,Oligo MOG OPALIN,0.9996312287256235
GAAGGGTCATGTTCAG-1,InN VIP CLSTN2,0.9550787617902281
GAAGGGTTCATTGTTC-1,Oligo MOG OPALIN,0.9999853298732121
GAAGGGTTCGCAGTTA-1,InN SST HS3ST5,0.61830228605683
GAAGTAACACCTTCCA-1,Astro AQP4 SLC1A2,0.998060987671966
GAAGTAACATATCTCT-1,L6 OPRK1 THEMIS RGS6,0.863543753197081
GAAGTAAGTAGCGCTC-1,Oligo MOG OPALIN,0.9999990650515337
GAATAGAAGACCAGAC-1,Endo CLDN5 SLC7A5,0.27744355620384253
GAATAGAGTCTACGAT-1,Oligo MOG OPALIN,0.9999968972727853
GAATAGAGTGTGTGGA-1,L2-3 CUX2 NTNG1 PALMD,0.27808378763005653
GAATAGAGTTGTGTTG-1,Oligo MOG OPALIN,0.9290799777083419
GAATAGATCACAATGC-1,Endo CLDN5 SLC7A5,0.862505435840135
GAATAGATCGCACTCT-1,Oligo MOG OPALIN,0.12124031088342689
GAATCACAGTGAGCCA-1,Oligo MOG OPALIN,0.9905325358114009
GAATCACCATGGTGGA-1,Endo CLDN5 SLC7A5,0.9368326594337087
GAATCACTCCAGCCTT-1,L2-3 CUX2 ACVR1C THSD7A,0.9955338214245072
GAATCGTAGGTAAGTT-1,Oligo MOG OPALIN,0.745491413526297
GAATCGTCACCAAATC-1,L2-3 CUX2 NTNG1 PALMD,0.8407916103142541
GAATCGTGTTCCCACT-1,Oligo MOG OPALIN,0.9996953068114697
GAATCGTTCAAGTGTC-1,L2-3 CUX2 NTNG1 PALMD,0.5311922386347836
GACACGCAGGATATGT-1,L2-3 CUX2 NTNG1 PALMD,0.5331454756491658
GACACGCAGGTGATAT-1,L3-5 RORB MKX DCC,0.32992920037990575
GACACGCAGTGCTAGG-1,Oligo MOG OPALIN,0.9851151386354804
GACACGCGTCTCAGAT-1,InN PVALB ANOS1,0.5492410665016775
GACACGCTCAGCTGTA-1,Oligo MOG OPALIN,0.9999829657578969
GACACGCTCCATCTCG-1,L2-3 CUX2 NTNG1 PALMD,0.06303672537887761
GACAGCCAGAGTTGAT-1,InN PVALB ANOS1,0.9043579106330193
GACAGCCAGTAATTGG-1,Endo CLDN5 SLC7A5,0.30678383282014393
GACAGCCCAACAGATA-1,Endo CLDN5 SLC7A5,0.283367489221104
GACAGCCCACGCTGAC-1,L2-3 CUX2 NTNG1 PALMD,0.37729478107067577
GACAGCCGTTCGTACA-1,Oligo MOG OPALIN,0.9997733693872037
GACATCACAAAGGCGT-1,Oligo MOG OPALIN,0.9977809515706746
GACATCACATTACGGT-1,Oligo MOG OPALIN,0.9983991183278524
GACATCAGTCCGAAGA-1,InN SST ADAMTSL1,0.5736114644117631
GACATCAGTCTGTGCG-1,InN VIP HS3ST3B1,0.0898368290091886
GACATCATCATTGCGA-1,Oligo MOG OPALIN,0.9998491124275903
GACCAATAGTGATAGT-1,Oligo MOG OPALIN,0.8240351582581563
GACCCAGAGAGATTCA-1,Astro AQP4 SLC1A2,0.9820618085645195
GACCCAGAGCGCCTAC-1,Oligo MOG OPALIN,0.9999814093736669
GACCCAGCACAATGAA-1,InN SST TRPC7,0.7978791744804233
GACCCAGGTCTTGAAC-1,L2-4 CUX2 RORB CLMN,0.7683474706277436
GACCCAGTCAATCAGC-1,Astro GFAP AQP1,0.6086393091581256
GACCCAGTCTGAGATC-1,Oligo MOG OPALIN,0.9084399187635167
GACCCTTAGGATTCCT-1,L2-3 CUX2 ACVR1C THSD7A,0.9984779476782689
GACCCTTAGTAAGCAT-1,OPC PDGFRA PCDH15,0.9999999999914195
GACCCTTCAGCACAAG-1,Astro AQP4 SLC1A2,0.9997815804724516
GACCCTTCATGACGAG-1,Astro GFAP AQP1,0.9553619615906982
GACCCTTGTATCGTAC-1,Endo CLDN5 SLC7A5,0.8401918871212594
GACCCTTTCCGCAAAT-1,Oligo MOG OPALIN,0.9826289344282099
GACCCTTTCGAAGTGG-1,Astro GFAP FABP7,0.051014947226418104
GACCCTTTCGGTCACG-1,Astro GFAP FABP7,0.7203206753053547
GACCCTTTCGTTGTAG-1,L6 FEZF2 SYT6 PTPRT,0.7420495120078601
GACCGTGCAAGCGCTC-1,Astro AQP4 SLC1A2,0.9963236520939907
GACCGTGTCTTCGACC-1,L6 OPRK1 SMYD1 ADAMTS17,0.8794822937826662
GACCTTCCAAATTAGG-1,InN SST ADAMTSL1,0.9702204053362449
GACCTTCTCACCTTAT-1,Oligo MOG OPALIN,0.9225835897473824
GACCTTCTCCATCTCG-1,Astro AQP4 SLC1A2,0.6355379313343571
GACCTTCTCCGCATAA-1,Astro GFAP AQP1,0.9990326730844963
GACCTTCTCGGCCAAC-1,Endo CLDN5 SLC7A5,0.17447657065680267
GACGCTGAGACCATGG-1,Oligo MOG OPALIN,0.9998307655993734
GACGCTGAGCCTGAAG-1,L6 FEZF2 NPFFR2 TPD52L1,0.9773421867185599
GACGCTGCATGGCCCA-1,Micro P2RY12 GLDN,0.9998042828552429
GACGCTGCATGTGGCC-1,Oligo MOG OPALIN,0.9995342759108579
GACGCTGGTAGAGATT-1,Astro GFAP FABP7,0.9992335145936043
GACGCTGGTAGGAGTC-1,Endo CLDN5 SLC7A5,0.9765020981340237
GACGCTGTCTTTGATC-1,Endo CLDN5 SLC7A5,0.44862172906494524
GACGTTACAGCTGGTC-1,Astro GFAP FABP7,0.9853335933334743
GACGTTACATGGCTGC-1,Oligo MOG OPALIN,0.9972874907190038
GACGTTAGTCCAGTTA-1,Endo CLDN5 SLC7A5,0.3093221810632272
GACGTTAGTTTGAAAG-1,Oligo MOG OPALIN,0.9838169239604551
GACTATGAGCTTGTGT-1,InN PVALB PDE3A,0.9178923669970395
GACTATGCACTGGCCA-1,InN SST THSD7B,0.9984626821517538
GACTATGGTATGAGAT-1,Endo CLDN5 SLC7A5,0.07287615876553423
GACTATGGTGTAAACA-1,Endo CLDN5 SLC7A5,0.9564197720846499
GACTATGTCCATCACC-1,Endo CLDN5 SLC7A5,0.9951201918315867
GACTATGTCCCTTGTG-1,Endo CLDN5 SLC7A5,0.8774687702863244
GACTATGTCGTGCACG-1,Oligo MOG OPALIN,0.9998906732831425
GACTCAAAGTACTGGG-1,Endo CLDN5 SLC7A5,0.8913150621630943
GACTCAAAGTCAGGGT-1,Oligo MOG OPALIN,0.7519042482820382
GACTCAACACTCGATA-1,Endo CLDN5 SLC7A5,0.976005428964473
GACTCAACATGCCATA-1,Astro GFAP FABP7,0.9408980344248452
GACTCAAGTTGCATAC-1,Oligo MOG OPALIN,0.8899255098848822
GACTCAATCGGCTGAC-1,Oligo MOG FRY,0.9957674356258613
GACTCTCTCTAGTTCT-1,L2-3 CUX2 ACVR1C THSD7A,0.9713079402852879
GACTCTCTCTGTTGGA-1,InN SST ADAMTSL1,0.9945283835405517
GACTGATCAGACAATA-1,Oligo MOG FRY,0.1303724595051464
GACTGATTCCGATAGT-1,L6 FEZF2 NPFFR2 KCNK2,0.677882943561679
GACTTCCCAAAGGAGA-1,InN SST ADAMTSL1,0.026219710091955114
GACTTCCCAACGATCT-1,Endo CLDN5 SLC7A5,0.33059995882064425
GACTTCCGTTTGGGAG-1,PC P2RY14 GRM8,0.9999571189032337
GAGAAATCACCTCAGG-1,Astro AQP4 SLC1A2,0.5435264477422141
GAGAAATGTGATACCT-1,Endo CLDN5 SLC7A5,0.21016614564761135
GAGAAATGTGCATTAC-1,L3-5 RORB MKX GALR1,0.018337455966691805
GAGAAATGTTCTCCCA-1,Oligo MOG OPALIN,0.3743666446703554
GAGAAATTCCCAGGAC-1,Oligo MOG OPALIN,0.1417942714817792
GAGACCCCAAGTAGTA-1,Endo CLDN5 SLC7A5,0.8941119170243225
GAGACCCGTTTGACAC-1,Oligo MOG OPALIN,0.981166203912946
GAGACCCTCCGCTGTT-1,InN SST ADAMTSL1,0.9090601135350765
GAGACCCTCGAGAGCA-1,Oligo MOG OPALIN,0.9997627176737736
GAGACTTAGACCGTTT-1,Endo CLDN5 SLC7A5,0.6636025343207503
GAGACTTAGTGCCGAA-1,Astro GFAP FABP7,0.9458259852248827
GAGACTTCACTCCACT-1,L2-3 CUX2 NTNG1 PALMD,0.10193412658627599
GAGACTTTCCCAGCGA-1,Micro P2RY12 APBB1IP,0.5286073171853227
GAGAGGTAGAAACCCG-1,L3-5 RORB MKX GRIN3A,0.8786327640790281
GAGAGGTAGAAACTCA-1,Oligo MOG OPALIN,0.9999856658070889
GAGAGGTCACGCGCAT-1,Endo CLDN5 SLC7A5,0.9963986710699921
GAGAGGTCACGTTGGC-1,Endo CLDN5 SLC7A5,0.7696914479229687
GAGAGGTTCTCGACGG-1,L3-5 RORB GABRG1 PLCH1,0.8750169876725494
GAGATGGAGAGCCATG-1,Oligo MOG OPALIN,0.999835283212664
GAGATGGCACGTTCGG-1,L2-3 CUX2 NTNG1 PALMD,0.23845009769534123
GAGATGGTCAATCTCT-1,Oligo MOG OPALIN,0.9894985229052843
GAGATGGTCCGCAGTG-1,OPC PDGFRA PCDH15,0.9997062561671225
GAGATGGTCCGTGTGG-1,L2-3 CUX2 ACVR1C THSD7A,0.8345456642772691
GAGATGGTCGATGGAG-1,Oligo MOG OPALIN,0.9999776515127283
GAGATGGTCGTAACTG-1,Endo CLDN5 SLC7A5,0.5341202878493996
GAGATGGTCGTGGAAG-1,Oligo MOG OPALIN,0.9999961720972244
GAGATGGTCGTTGCCT-1,Oligo MOG OPALIN,0.9575459268815366
GAGCCTGAGGTCCCGT-1,L2-3 CUX2 ACVR1C THSD7A,0.9976302348266501
GAGCCTGGTCGATTCA-1,L6 FEZF2 SYT6 SULF1,0.7253409095632792
GAGCCTGTCCATTTAC-1,Micro P2RY12 APBB1IP,0.06561411748175226
GAGCCTGTCCCGTGTT-1,L2-3 CUX2 NTNG1 PALMD,0.04882422502202299
GAGCTGCAGCGGACAT-1,Astro AQP4 SLC1A2,0.9369855734850425
GAGCTGCCAGAGCTAG-1,InN ADARB2 CADPS2,0.9952729592121912
GAGCTGCCATCATTTC-1,Oligo MOG OPALIN,0.9999391160279285
GAGCTGCGTACTGACT-1,Oligo MOG OPALIN,0.9999999910199121
GAGCTGCGTTGGAGAC-1,Oligo MOG OPALIN,0.9999947447222644
GAGCTGCTCCCAGGAC-1,L2-3 CUX2 NTNG1 PALMD,0.8338601417854764
GAGCTGCTCTGCACCT-1,Endo CLDN5 SLC7A5,0.6992781962065535
GAGGCAAAGATGAAGG-1,Oligo MOG OPALIN,0.29177982910946243
GAGGCAACAATCACGT-1,Oligo MOG OPALIN,0.1892587226154084
GAGGCAACATCTCATT-1,Astro AQP4 SLC1A2,0.9720004374738501
GAGGCAAGTGGGCTCT-1,L3-5 RORB MKX GRIN3A,0.6893990233296792
GAGGCAAGTTATTCCT-1,Endo CLDN5 SLC7A5,0.0264098994078003
GAGGCCTAGCCATGCC-1,Oligo MOG OPALIN,0.9999930936586487
GAGGCCTCACTGCGTG-1,InN VIP EXPH5,0.06811226985111662
GAGGCCTGTCACTGAT-1,Endo CLDN5 SLC7A5,0.626033161284417
GAGGCCTTCCCTTCCC-1,L2-3 CUX2 ACVR1C THSD7A,0.9861318282901219
GAGGCCTTCTGCGGCA-1,Endo CLDN5 SLC7A5,0.9705506601837925
GAGGGATAGACGGTTG-1,OPC PDGFRA PCDH15,0.9990833738041704
GAGGGATAGCAGCCTC-1,Oligo MOG OPALIN,0.9797595287982421
GAGGGATAGTATAACG-1,L2-3 CUX2 NTNG1 PALMD,0.2504664924016028
GAGGGATTCTGGAAGG-1,Micro P2RY12 APBB1IP,0.7038221521269028
GAGGGTACACAAGCTT-1,Oligo MOG OPALIN,0.935232985495438
GAGGGTAGTAATTAGG-1,Oligo MOG OPALIN,0.9999757167479594
GAGGGTAGTGCTCCGA-1,L6 OPRK1 THEMIS RGS6,0.9997026655058235
GAGGGTATCTGTCCGT-1,Endo CLDN5 SLC7A5,0.668036704498624
GAGTCATAGCTAATGA-1,Astro AQP4 SLC1A2,0.09100170323803516
GAGTCATAGGTTATAG-1,L3-5 RORB MKX GRIN3A,0.9197490422402854
GAGTCATCATGGTGGA-1,PC P2RY14 GRM8,0.9997779948874409
GAGTCTAAGGTAGTAT-1,InN SST TRPC7,0.24706741333556237
GAGTCTAAGTCACTGT-1,L6 OPRK1 SMYD1 TSHZ2,0.5431567673327847
GAGTCTACAAGCTCTA-1,L2-3 CUX2 NTNG1 COL5A2,0.1842690137389462
GAGTGAGCACGATAGG-1,Micro P2RY12 APBB1IP,0.9996548188744409
GAGTGAGCAGGCCCTA-1,Endo CLDN5 SLC7A5,0.8628594895670195
GAGTGAGGTAGAGATT-1,L2-3 CUX2 ACVR1C THSD7A,0.7705966050512723
GAGTGAGGTTTGGAGG-1,L6 OPRK1 THEMIS RGS6,0.8221449476730299
GAGTGTTAGCATGAAT-1,Oligo MOG OPALIN,0.9988419186991874
GAGTGTTAGGGTCAAC-1,L6 FEZF2 DCBLD1 MITF,0.20027070518550816
GAGTGTTCAAGCGAAC-1,Endo CLDN5 SLC7A5,0.6422114704399794
GAGTGTTCACAGCGCT-1,Oligo MOG OPALIN,0.896922105308599
GAGTGTTCAGGACATG-1,Oligo MOG OPALIN,0.9999630659832371
GAGTGTTCATTGAAAG-1,Endo CLDN5 SLC7A5,0.23140242096452918
GAGTGTTGTAACGCGA-1,Oligo MOG OPALIN,0.8908143395906651
GAGTGTTGTCATATGC-1,InN PVALB PRKCH,0.9979453106934645
GAGTGTTTCTCTAAGG-1,Endo CLDN5 SLC7A5,0.9108418908495655
GAGTGTTTCTGCATAG-1,L2-3 CUX2 NTNG1 PALMD,0.21257358759725584
GAGTTACAGGTCCGAA-1,L2-3 CUX2 ACVR1C THSD7A,0.9964977200968567
GAGTTACAGTAAGGGA-1,Micro P2RY12 APBB1IP,0.5259764247327581
GAGTTACAGTTGTACC-1,Oligo MOG OPALIN,0.9996870116553317
GAGTTACCAGTCGCAC-1,InN SST TRPC7,0.9954174350938038
GAGTTACTCGACTCCT-1,Micro P2RY12 APBB1IP,0.801304808234934
GAGTTGTAGACCAGCA-1,Oligo MOG GSN,0.9416434856034079
GAGTTGTAGTTCCGGC-1,Endo CLDN5 SLC7A5,0.818686662048137
GAGTTGTCAAAGCGTG-1,Oligo MOG OPALIN,0.9999917420171022
GAGTTGTGTAACCAGG-1,L2-3 CUX2 ACVR1C THSD7A,0.14529117721912446
GAGTTGTGTCACCTTC-1,Astro AQP4 SLC1A2,0.8195099397149034
GAGTTGTGTGTGTCCG-1,Endo CLDN5 SLC7A5,0.9151983461934035
GAGTTGTTCTGGTCAA-1,Oligo MOG OPALIN,0.9998999036656352
GAGTTTGAGAAGTCAT-1,L2-3 CUX2 NTNG1 PALMD,0.6011303470934944
GAGTTTGAGACGGTTG-1,InN VIP FREM2,0.8890759828729924
GAGTTTGCACGAAAGC-1,PC P2RY14 GRM8,0.9999999722817524
GAGTTTGCAGTGGGTA-1,Oligo MOG OPALIN,0.9999135334731061
GAGTTTGCATCGTGGC-1,Oligo MOG OPALIN,0.999880756185226
GAGTTTGTCAAAGCCT-1,Endo CLDN5 SLC7A5,0.12669149069487357
GAGTTTGTCCGCCTAT-1,Endo CLDN5 SLC7A5,0.19967118265968867
GAGTTTGTCCTGTACC-1,Oligo MOG OPALIN,0.9999996875291629
GATAGAAAGCATGCGA-1,PC P2RY14 GRM8,0.999934145566256
GATAGAAAGGGACAGG-1,Oligo MOG OPALIN,0.9991143761850301
GATAGAACAACTCCCT-1,Astro GFAP FABP7,0.9994193011312008
GATAGAACAGACTCTA-1,Oligo MOG OPALIN,0.9999972492858272
GATAGAATCTCGTCAC-1,Endo CLDN5 SLC7A5,0.44256575527590064
GATAGCTCACAGCCTG-1,Endo CLDN5 IL1R1,0.999996213478998
GATAGCTCAGATCCAT-1,L3-5 RORB MKX GRIN3A,0.9986665632917476
GATAGCTGTAGCTCGC-1,Astro GFAP FABP7,0.06836048928984532
GATAGCTTCCTTTGAT-1,Endo CLDN5 SLC7A5,0.1738647297035314
GATAGCTTCTTCCTAA-1,Endo CLDN5 SLC7A5,0.9540080208551435
GATCACAGTCGACGCT-1,InN SST PLPP4,0.5891629601739583
GATCACATCCCTGGTT-1,Oligo MOG OPALIN,0.9998844492877246
GATCACATCTTTCCAA-1,OPC PDGFRA PCDH15,0.9999999999999867
GATCAGTAGTCATAGA-1,Oligo MOG OPALIN,0.9999592501536414
GATCAGTCAATAGGAT-1,Oligo MOG OPALIN,0.999955262953235
GATCAGTCAGCTCGGT-1,VLMC COL1A2 SLC13A3,0.811188063770775
GATCAGTGTAGAATAC-1,Micro P2RY12 GLDN,0.8515224014024657
GATCAGTGTTAAGTCC-1,Endo CLDN5 SLC7A5,0.6541465348703053
GATCAGTGTTAGCGGA-1,Endo CLDN5 SLC7A5,0.9430639125385096
GATCATGAGCTGAAGC-1,Oligo MOG OPALIN,0.9992660011752321
GATCATGCACAGACGA-1,InN SST TRPC7,0.39567485766126154
GATCATGCACCTGAAT-1,L2-3 CUX2 NTNG1 COL5A2,0.17491318630885702
GATCATGTCTGAGGCC-1,L3-5 RORB MKX GRIN3A,0.1310170992783758
GATCCCTCAGCATTGT-1,Oligo MOG OPALIN,0.9999789904610441
GATCCCTGTCCTTGTC-1,Endo CLDN5 SLC7A5,0.7980513241666228
GATCCCTGTTGAATCC-1,L2-3 CUX2 ACVR1C THSD7A,0.9908433928879532
GATCCCTTCTTACCGC-1,Astro AQP4 SLC1A2,0.9837948436832425
GATCGTAAGGATACCG-1,Oligo MOG OPALIN,0.9999732465593681
GATCGTACATTGCCTC-1,Endo CLDN5 SLC7A5,0.8755115486759558
GATCGTAGTCTAGATC-1,Endo CLDN5 SLC7A5,0.5321445247719715
GATCGTAGTGCCCTTT-1,Oligo MOG OPALIN,0.9999730693170545
GATCGTATCGAACCTA-1,Micro P2RY12 APBB1IP,0.4213774045725493
GATCGTATCGACACCG-1,Endo CLDN5 SLC7A5,0.9882917989178442
GATCGTATCGCTACGG-1,Astro GFAP AQP1,0.9998998981539559
GATCGTATCGTAGTCA-1,Endo CLDN5 SLC7A5,0.09354309836669857
GATGACTCATCCGTGG-1,Oligo MOG OPALIN,0.9993567367042002
GATGACTTCTCGAGTA-1,Astro GFAP FABP7,0.22636334582036596
GATGACTTCTTACGTT-1,L2-3 CUX2 NTNG1 PALMD,0.45103389177064906
GATGAGGCACGTAGAG-1,Oligo MOG OPALIN,0.9999865319965469
GATGAGGGTCCACTCT-1,Oligo MOG OPALIN,0.7435551160606887
GATGAGGTCCCGAGGT-1,InN PVALB ANOS1,0.8127825923359008
GATGAGGTCTCCCATG-1,Oligo MOG OPALIN,0.9489691149111554
GATGATCCAAAGGGCT-1,L2-3 CUX2 NTNG1 PALMD,0.6485584646628404
GATGATCTCAACACGT-1,L6 OPRK1 THEMIS RGS6,0.9497410940516187
GATGATCTCCATCTAT-1,L2-3 CUX2 ACVR1C THSD7A,0.9984946280940775
GATGCTAAGAGAATCT-1,Oligo MOG OPALIN,0.974572248455893
GATGCTAGTCTTTATC-1,Astro AQP4 SLC1A2,0.9768665720705113
GATGGAGAGATGGCAC-1,Astro AQP4 SLC1A2,0.84485807059023
GATGGAGCACGTCGTG-1,Oligo MOG OPALIN,0.9991317656045988
GATGGAGCAGAACCGA-1,Oligo MOG OPALIN,0.9890218156585252
GATGGAGCAGACCAAG-1,InN VIP CLSTN2,0.49728884238735876
GATGGAGGTTCCGCGA-1,Oligo MOG OPALIN,0.9991241447676045
GATGGAGGTTGGGAAC-1,Oligo MOG OPALIN,0.47362044361870936
GATGGAGTCACTCACC-1,Oligo MOG OPALIN,0.9999617265535045
GATGGAGTCCCTGGTT-1,Micro P2RY12 APBB1IP,0.9827375010586794
GATGGAGTCGTGCAGC-1,Oligo MOG OPALIN,0.998179688994557
GATGGAGTCGTTCTAT-1,Astro GFAP AQP1,0.24532541691819224
GATGTTGAGGTAAAGG-1,Oligo MOG OPALIN,0.9968174808372171
GATGTTGAGTGAGTTA-1,L2-3 CUX2 NTNG1 PALMD,0.040685504709912564
GATGTTGTCGTAATGC-1,L5-6 FEZF2 NXPH2 SORCS3,0.10165427472605698
GATTCGAAGAGAGGTA-1,Micro P2RY12 APBB1IP,0.9005965841210134
GATTCGAAGGTCATCT-1,InN SST HTR2C,0.13930216104676352
GATTCGAGTCGTGTTA-1,Astro AQP4 SLC1A2,0.8832445150389631
GATTCGAGTCTCACGG-1,Oligo MOG OPALIN,0.9872200716241178
GATTCGAGTGCATCTA-1,Micro P2RY12 APBB1IP,0.3888981223056788
GATTCTTCAAGTGCTT-1,Endo CLDN5 SLC7A5,0.8223826478356207
GATTCTTCAATCAAGA-1,Endo CLDN5 SLC7A5,0.7557792943003352
GATTCTTCAATGTTGC-1,Oligo MOG OPALIN,0.9999931493866984
GATTCTTGTGTCCCTT-1,L2-3 CUX2 NTNG1 COL5A2,0.09662923337701089
GATTCTTGTTTGGGTT-1,Endo CLDN5 SLC7A5,0.6384282373312177
GATTGGTGTATGAAGT-1,PC P2RY14 GRM8,0.9967321388645515
GATTGGTGTGGATTTC-1,Endo CLDN5 SLC7A5,0.771840763218793
GATTGGTGTTGTACGT-1,Endo CLDN5 SLC7A5,0.6145082548631428
GATTGGTTCATCTACT-1,PC P2RY14 GRM8,0.9978858077809574
GATTGGTTCGAGCTGC-1,Oligo MOG OPALIN,0.9999799061910892
GATTTCTAGAGCCGAT-1,Endo CLDN5 SLC7A5,0.8746203814297202
GATTTCTAGCCTCACG-1,Endo CLDN5 SLC7A5,0.6168571813674468
GATTTCTCACTGGCCA-1,L2-3 CUX2 ACVR1C THSD7A,0.9901509107182094
GATTTCTGTATAGGAT-1,Oligo MOG OPALIN,0.9992014143910094
GATTTCTGTGAGCGAT-1,Endo CLDN5 SLC7A5,0.9641660976362553
GATTTCTGTTCTATCT-1,Astro GFAP AQP1,0.9954673157174605
GATTTCTGTTGAGGAC-1,L3-5 RORB MKX GRIN3A,0.7177040547806645
GATTTCTTCCGTCAAA-1,PC P2RY14 GRM8,0.999997922432357
GCAACATCACCAAAGG-1,Oligo MOG OPALIN,0.9986356869600653
GCAACATGTTTCAGAC-1,L6 FEZF2 SYT6 ERBB4,0.42683345289027846
GCAACATTCAACTGAC-1,L2-3 CUX2 NTNG1 PALMD,0.5455101918079434
GCAACATTCCCATTTA-1,InN SST HS3ST5,0.9972263731796015
GCAACATTCTATTCGT-1,Oligo MOG OPALIN,0.9991126470029837
GCAACCGAGACGCATG-1,Oligo MOG OPALIN,0.9999903117741106
GCAACCGAGCTCCACG-1,Astro AQP4 SLC1A2,0.9939294200267649
GCAACCGAGGTGGCTA-1,Astro AQP4 SLC1A2,0.9993394585458518
GCAACCGCAAGAGATT-1,Astro AQP4 SLC1A2,0.9998871825737832
GCAACCGGTGTTCGAT-1,Astro GFAP FABP7,0.9985913542523861
GCAACCGTCACGATAC-1,Endo CLDN5 SLC7A5,0.7519131077550275
GCAACCGTCGTCAAAC-1,Oligo MOG OPALIN,0.9999995442422428
GCACATAAGCTTAGTC-1,Oligo MOG OPALIN,0.9995808358222027
GCACATAAGGATATGT-1,Oligo MOG OPALIN,0.9998171884626906
GCACATAAGGGTCACA-1,Astro AQP4 OSMR,0.9853141757773699
GCACATAAGGGTTGCA-1,Endo CLDN5 SLC7A5,0.23041202984671585
GCACATATCAAGAATG-1,InN SST ADAMTSL1,0.9775649335865337
GCACATATCAGGTGTT-1,Endo CLDN5 SLC7A5,0.9795286568837772
GCACGGTAGTAAAGCT-1,L2-3 CUX2 NTNG1 PLCH1,0.5160788227796885
GCACGGTAGTCACTGT-1,Micro P2RY12 APBB1IP,0.9690824196703071
GCACGGTTCAGCCTTC-1,Astro AQP4 SLC1A2,0.4273025843411517
GCACGGTTCTGGGTCG-1,InN LAMP5 BMP7,0.9877180964362412
GCACGTGAGCCGCTTG-1,Oligo MOG OPALIN,0.9999812545906492
GCACGTGAGGGTTAAT-1,Oligo MOG OPALIN,0.9999995119812756
GCACGTGAGGTCCAGA-1,Micro P2RY12 APBB1IP,0.39785282159187935
GCACGTGCAACGCATT-1,Oligo MOG OPALIN,0.9116856769881291
GCACGTGCATGCCGAC-1,Oligo MOG OPALIN,0.9999071588148348
GCACGTGCATTCACAG-1,InN LAMP5 ADAMTS20,0.8630569791184527
GCACGTGGTTGCGTAT-1,OPC PDGFRA PCDH15,0.9999999999963298
GCACTAAAGGCGAAGG-1,Oligo MOG OPALIN,0.999955880141263
GCACTAAAGGGCAAGG-1,Oligo MOG OPALIN,0.9997691735932601
GCACTAACAGGAATCG-1,Endo CLDN5 SLC7A5,0.7744129026674816
GCACTAAGTGGCTAGA-1,Oligo MOG OPALIN,0.6422479220322249
GCACTAAGTTGAAGTA-1,Oligo MOG OPALIN,0.9689395323597951
GCACTAATCCACAGCG-1,Oligo MOG OPALIN,0.9997935391720277
GCAGCCAGTGTTACTG-1,Endo CLDN5 SLC7A5,0.8806108135226048
GCAGCCATCCGGTAGC-1,Endo CLDN5 SLC7A5,0.06555756641937834
GCAGCCATCGCGGACT-1,Oligo MOG OPALIN,0.9927909931804308
GCAGCCATCTTGTGCC-1,L2-3 CUX2 ACVR1C THSD7A,0.9908355055754973
GCAGCTGAGCCACTCG-1,Endo CLDN5 SLC7A5,0.7660520136631428
GCAGCTGAGGTCCAGA-1,Endo CLDN5 IL1R1,0.05561053401882225
GCAGCTGCACTGCACG-1,Oligo MOG OPALIN,0.9999037676407596
GCAGCTGGTATGATCC-1,Endo CLDN5 IL1R1,0.36114518649402244
GCAGCTGGTTCCTAGA-1,L6 OPRK1 SMYD1 TSHZ2,0.996978688400138
GCAGCTGGTTCTTAGG-1,Oligo MOG OPALIN,0.17199405521429584
GCAGCTGTCCCGAGAC-1,Oligo MOG OPALIN,0.9998427257436766
GCAGGCTAGAAGCCTG-1,L2-3 CUX2 ACVR1C THSD7A,0.9990545038898364
GCAGTTAGTGTGCCTG-1,OPC PDGFRA PCDH15,0.9999999999999141
GCATCGGAGAGATCGC-1,Oligo MOG OPALIN,0.612173079764939
GCATCGGCAATGTGGG-1,InN SST HS3ST5,0.20254602786491338
GCATCGGCAGCGATTT-1,InN VIP CLSTN2,0.998238507344638
GCATCGGTCAGTGTCA-1,L3-5 RORB MKX GALR1,0.012956292268156753
GCATCTCAGAGAGAAC-1,PC P2RY14 GRM8,0.9999994306144162
GCATCTCCAACTTGGT-1,Oligo MOG OPALIN,0.9998133996203141
GCATCTCTCGGTTGTA-1,L2-3 CUX2 ACVR1C THSD7A,0.935819967628783
GCATGATAGCGCCGTT-1,L2-3 CUX2 ACVR1C THSD7A,0.8424202602121792
GCATGATCAACGGCTC-1,InN SST TRPC7,0.24704215050787218
GCATTAGAGCGTTAGG-1,L2-3 CUX2 ACVR1C INHBA,0.3214152999167842
GCATTAGGTACCGGCT-1,Oligo MOG OPALIN,0.9999797197044513
GCATTAGGTAGACGTG-1,PC P2RY14 GRM8,0.9656426222589511
GCATTAGGTGAGTTTC-1,InN PVALB PIEZO2,0.6737500269326796
GCCAACGCAAGCGGAT-1,L3-5 RORB MKX DCC,0.9045379605378313
GCCAACGCACGCAGTC-1,Astro GFAP AQP1,0.5606266249988898
GCCAACGTCGGCCTTT-1,Oligo MOG OPALIN,0.9982042186489561
GCCAGCACACCGGTCA-1,InN PVALB PIEZO2,0.9545055476045391
GCCAGCATCGTGGCGT-1,InN LAMP5 LHX6 TAC1,0.9831120222317274
GCCAGGTAGTTGAAGT-1,InN VIP ADAM12,0.030257309552801218
GCCAGGTCATATCTCT-1,Oligo MOG OPALIN,0.5081022945111077
GCCAGGTCATGCAGGA-1,PC P2RY14 GRM8,0.9981426059175503
GCCAGGTTCTTTCTAG-1,SMC ACTA2 CNN1,0.9999960711217748
GCCAGTGAGCCTGAGA-1,L2-3 CUX2 ACVR1C THSD7A,0.10508726479812669
GCCAGTGCAGGCTTGC-1,PC P2RY14 GRM8,0.9014579752169125
GCCAGTGGTTTCGGCG-1,Oligo MOG OPALIN,0.9787506302481876
GCCATGGAGCAAGTGC-1,L2-4 CUX2 RORB CLMN,0.9975402123525494
GCCATGGCAGCTAACT-1,Oligo MOG OPALIN,0.9998568175394202
GCCATGGCAGGCATTT-1,Endo CLDN5 SLC7A5,0.350899417930719
GCCATTCAGCGAGTAC-1,Endo CLDN5 SLC7A5,0.285826283739544
GCCATTCCAAGTCGTT-1,InN VIP EXPH5,0.999792754112018
GCCATTCCAATGACCT-1,Endo CLDN5 SLC7A5,0.7514213600068382
GCCATTCCACGGTGCT-1,L6 FEZF2 SYT6 CDH9,0.446078914329238
GCCATTCGTAATGATG-1,Astro GFAP FABP7,0.9990835635282816
GCCATTCTCTGCTTTA-1,Endo CLDN5 SLC7A5,0.4017050804782833
GCCCAGAAGGGTCACA-1,Oligo MOG OPALIN,0.999066087950871
GCCCAGAAGTGAACAT-1,L6 FEZF2 AMOTL1 CDH6,0.2221593717427565
GCCCAGAGTGCCTTCT-1,Micro P2RY12 APBB1IP,0.9574148412007165
GCCCAGAGTGGGTTGA-1,Endo CLDN5 SLC7A5,0.9343158551009527
GCCCAGAGTTTCCAAG-1,InN SST PLPP4,0.7068061202255959
GCCCAGATCTTCTGTA-1,L2-3 CUX2 NTNG1 COL5A2,0.033320316866284935
GCCCGAACAACAGTGG-1,Oligo MOG OPALIN,0.9999866519194675
GCCCGAACAACGACTT-1,Endo CLDN5 SLC7A5,0.9621915510798703
GCCCGAACAGGCTCTG-1,InN VIP CLSTN2,0.143027519937162
GCCCGAAGTAATGATG-1,InN VIP MDGA1,0.8058052109421866
GCCCGAAGTACGCTAT-1,Oligo MOG OPALIN,0.7179785060388397
GCCCGAAGTCAACATC-1,Oligo MOG OPALIN,0.9999999328863366
GCCCGAATCTTGAACG-1,L2-3 CUX2 NTNG1 PALMD,0.7679730719491927
GCCGATGGTAACGTTC-1,L2-3 CUX2 NTNG1 PALMD,0.3606104163725536
GCCGATGGTAGGTGCA-1,Endo CLDN5 SLC7A5,0.37047718920839884
GCCGATGGTGATTAGA-1,OPC PDGFRA PCDH15,0.9999999999999964
GCCGATGGTGCAAGAC-1,Oligo MOG OPALIN,0.9998530380557603
GCCGATGTCCTCAGAA-1,Micro P2RY12 GLDN,0.8284888104645087
GCCGATGTCGGCATAT-1,Oligo MOG OPALIN,0.9289631888923144
GCCGATGTCGGTTAGT-1,L3-5 RORB GABRG1 KCNH7,0.6390328558472905
GCCGATGTCGTTCCCA-1,Endo CLDN5 SLC7A5,0.5742174414989025
GCCGTGATCACCTCAC-1,Oligo MOG OPALIN,0.9979338663083253
GCCTGTTAGGCTAAAT-1,Oligo MOG OPALIN,0.9999982633381883
GCGAGAAAGGTAGTCG-1,Micro P2RY12 APBB1IP,0.9943008462688098
GCGAGAAGTTGCGTAT-1,L2-3 CUX2 NTNG1 COL5A2,0.03374380200044616
GCGAGAATCGACATTG-1,Endo CLDN5 SLC7A5,0.9877374357472015
GCGATCGCATCATTGG-1,Micro P2RY12 APBB1IP,0.44853202827532196
GCGATCGGTGGTCTTA-1,Oligo MOG OPALIN,0.9873403380547101
GCGGAAAAGACCAACG-1,Micro P2RY12 APBB1IP,0.9976119897569683
GCGGAAAAGCTAGATA-1,Oligo MOG OPALIN,0.9999629175235594
GCGGAAAAGTAGTCAA-1,Micro P2RY12 APBB1IP,0.9905411520760231
GCGGAAAAGTTTGTCG-1,Endo CLDN5 SLC7A5,0.10637656258399282
GCGGAAACAACTTGGT-1,Astro AQP4 SLC1A2,0.9853888613296823
GCGGAAACATTGTGCA-1,Oligo MOG OPALIN,0.9996036677733323
GCGGAAAGTTCGGCTG-1,Endo CLDN5 SLC7A5,0.5973303560776055
GCGGATCCATTGTCGA-1,Endo CLDN5 SLC7A5,0.988169222256038
GCGTGCAAGAGTCCGA-1,Oligo MOG OPALIN,0.9999279357852673
GCGTTTCCACAGCATT-1,Astro GFAP AQP1,0.6681513609688361
GCGTTTCCATTCGGGC-1,Oligo MOG OPALIN,0.9957812338390614
GCGTTTCGTTATCTGG-1,L2-3 CUX2 NTNG1 PALMD,0.4721990508759023
GCGTTTCTCAGGAAGC-1,Oligo MOG OPALIN,0.9999933826775258
GCTACAAAGAGAATCT-1,L3-5 RORB GABRG1 PLCH1,0.736303071758933
GCTACAAAGGAACTCG-1,Endo CLDN5 SLC7A5,0.9990199069669519
GCTACAAAGTTCACTG-1,PC P2RY14 GRM8,0.9999977637115985
GCTACAACAACAGATA-1,L2-3 CUX2 ACVR1C THSD7A,0.9953825479441053
GCTACAACATGAGAAT-1,Oligo MOG OPALIN,0.9991605099002068
GCTACAAGTAACCAGG-1,Endo CLDN5 SLC7A5,0.4440099500997515
GCTACAAGTAGGCTGA-1,Endo CLDN5 SLC7A5,0.029173513727810785
GCTACAAGTGAGACCA-1,Oligo MOG OPALIN,0.9999853846161303
GCTACAAGTGTTCGTA-1,Oligo MOG OPALIN,0.9999220450523074
GCTACAAGTTTGAAAG-1,Oligo MOG OPALIN,0.9672100090810309
GCTACCTAGGGCAACT-1,Oligo MOG OPALIN,0.9997669480748733
GCTCAAAAGCAATAAC-1,InN VIP HS3ST3B1,0.9883426303044707
GCTCAAAAGCAGCCTC-1,Oligo MOG OPALIN,0.7907112676507079
GCTCAAAAGGCTTAAA-1,Endo CLDN5 SLC7A5,0.9665243471035038
GCTCAAAGTACCGGAA-1,Oligo MOG OPALIN,0.9999970690709464
GCTCAAAGTAGCGTCC-1,Endo CLDN5 SLC7A5,0.16637294193068966
GCTCAAAGTCGTTGGC-1,L3-5 RORB MKX DCC,0.9892067166723346
GCTGAATGTAACCAGG-1,Endo CLDN5 SLC7A5,0.153550454243328
GCTGAATTCAACTCTT-1,Astro AQP4 SLC1A2,0.8790876949158394
GCTGAATTCGATTGAC-1,InN PVALB SNTB1,0.5423413855624694
GCTGAATTCGGACCAC-1,PC P2RY14 GRM8,0.9999945182852678
GCTGAATTCTATCGGA-1,InN VIP ADAM12,0.9672529259736383
GCTGCAGAGGGTAGCT-1,Oligo MOG OPALIN,0.7851823058383377
GCTGCAGCACCAGCGT-1,Astro AQP4 SLC1A2,0.09747528977716824
GCTGCAGCAGGTATGG-1,Oligo MOG OPALIN,0.9992129171838544
GCTGCAGGTACAAGCG-1,L6 OPRK1 THEMIS RGS6,0.9811523745000421
GCTGGGTAGCAATTCC-1,Endo CLDN5 SLC7A5,0.9247527943858256
GCTGGGTCACTGGCGT-1,Oligo MOG OPALIN,0.9961553461068797
GCTGGGTTCCAACTGA-1,L6 FEZF2 NPFFR2 KCNK2,0.7895617671792529
GCTGGGTTCCATACAG-1,InN PVALB SNTB1,0.44849239603865393
GCTTCACAGACGCAGT-1,Micro P2RY12 APBB1IP,0.9482986242363286
GCTTCACAGGCGATAC-1,Endo CLDN5 SLC7A5,0.980776025553892
GCTTCACCATTCCTCG-1,L2-3 CUX2 NTNG1 PALMD,0.6990724675933356
GCTTCACGTGGAAATT-1,Oligo MOG OPALIN,0.9979150205616304
GCTTCACGTTAGGCCC-1,Oligo MOG OPALIN,0.9921352692728728
GCTTCACTCATCCCGT-1,Oligo MOG OPALIN,0.9993873205653864
GCTTCACTCGATGGAG-1,Oligo MOG OPALIN,0.9998921569220696
GCTTGGGAGTGGTTAA-1,Astro AQP4 SLC1A2,0.9982494193700028
GCTTGGGGTGGGTTGA-1,InN LAMP5 LHX6 TAC1,0.35032584075220885
GCTTGGGGTTGCGAAG-1,InN LAMP5 BMP7,0.8344506661903753
GCTTGGGTCCTCAGGG-1,Endo CLDN5 SLC7A5,0.9989530631501328
GCTTTCGAGTCCCGGT-1,Oligo MOG OPALIN,0.9826791395259539
GCTTTCGAGTGGATTA-1,Oligo MOG OPALIN,0.9982483690474344
GCTTTCGCACAAATCC-1,InN SST HTR2C,0.4888322472558867
GCTTTCGCACCTGTCT-1,L6 OPRK1 THEMIS RGS6,0.03727962338036596
GCTTTCGCAGTGTACT-1,Oligo MOG OPALIN,0.9999641098734522
GGAACCCAGTAGAATC-1,Astro GFAP AQP1,0.9951367348077065
GGAACCCGTGGACTGA-1,L2-3 CUX2 NTNG1 PALMD,0.1973114566748153
GGAACCCGTTAACAGA-1,Astro AQP4 SLC1A2,0.985807442304662
GGAACCCGTTAGAGAT-1,Astro GFAP AQP1,0.12841316582790263
GGAAGTGCATAGAATG-1,Oligo MOG OPALIN,0.999988684017147
GGAAGTGCATGGAACG-1,L2-3 CUX2 NTNG1 PALMD,0.13816361172969838
GGAAGTGGTACCTTCC-1,Oligo MOG OPALIN,0.9996611667670084
GGAAGTGTCCTCTCGA-1,L5 FEZF2 BCL11B POU3F1,0.7233123280525515
GGAAGTGTCGTTCATT-1,L2-3 CUX2 ACVR1C THSD7A,0.17935836462590085
GGAATCTCAAGTGGAC-1,Oligo MOG GSN,0.9598727922276711
GGAATCTCAGTTGTTG-1,Oligo MOG OPALIN,0.999779025547162
GGAATGGAGCGACATG-1,OPC PDGFRA PCDH15,0.9999999999993829
GGAATGGAGTTGTCGT-1,Oligo MOG OPALIN,0.999966975363781
GGAATGGCAGCTTCCT-1,InN LAMP5 BMP7,0.9703417126481337
GGAATGGCAGGTATGG-1,Oligo MOG OPALIN,0.9824077482578407
GGAATGGGTTACCTGA-1,InN SST HTR2C,0.43096426462238874
GGAATGGTCATGAAAG-1,Endo CLDN5 SLC7A5,0.9777030083510303
GGAATGGTCTGGGTCG-1,L3-5 RORB MKX DCC,0.993254078830483
GGACGTCCAAAGGCTG-1,L5-6 FEZF2 NXPH2 CDH8,0.29453725204218617
GGACGTCCATTGCCTC-1,Endo CLDN5 SLC7A5,0.2611886313849472
GGACGTCGTCCGAAGA-1,L2-3 CUX2 NTNG1 PALMD,0.46371122122758096
GGACGTCGTCGGTGAA-1,L3-5 RORB MKX GRIN3A,0.9799012288955485
GGAGAACAGAAATTGC-1,L6 OPRK1 THEMIS RGS6,0.9551999788346294
GGAGAACAGCACCGTC-1,PC P2RY14 GRM8,0.9999136888684309
GGAGAACCACCCTAGG-1,Oligo MOG OPALIN,0.9998756335576388
GGAGAACCATTCTTCA-1,Oligo MOG FRY,0.5068689760219068
GGAGAACGTAGAAACT-1,Endo CLDN5 SLC7A5,0.13957612107415795
GGAGAACGTCCAAAGG-1,Endo CLDN5 SLC7A5,0.7029958601677492
GGAGAACGTCTGCGCA-1,OPC PDGFRA PCDH15,0.9999999999999198
GGAGAACGTGCTCGTG-1,InN VIP EXPH5,0.039794376236449346
GGAGAACTCGCTCTCA-1,Astro GFAP AQP1,0.9999429804562885
GGAGAACTCTTACACT-1,Astro GFAP FABP7,0.9919847615871261
GGAGATGAGCTATCCA-1,Oligo MOG OPALIN,0.6305852527601069
GGAGATGCATAAGCAA-1,Oligo MOG OPALIN,0.9985720430407312
GGAGCAAAGAATTTGG-1,Endo CLDN5 SLC7A5,0.7454070274310096
GGAGCAAGTTACACTG-1,Astro AQP4 SLC1A2,0.9980908327143211
GGAGCAAGTTGCTAGT-1,Oligo MOG OPALIN,0.9999541564761982
GGAGCAATCCTGTTGC-1,Oligo MOG OPALIN,0.9985010653046639
GGAGGATAGTGCTCAT-1,L6 FEZF2 SYT6 PTPRT,0.31934374176534414
GGAGGATTCAATCCAG-1,Oligo MOG OPALIN,0.9105593548347802
GGAGGATTCCTTGAAG-1,Oligo MOG OPALIN,0.9700853615180731
GGAGGTAAGTGGCGAT-1,Oligo MOG OPALIN,0.9999754131227151
GGAGGTAGTACAGAAT-1,Astro GFAP AQP1,0.8997738515662533
GGAGGTAGTGCTCCGA-1,Micro P2RY12 APBB1IP,0.9358711681175277
GGAGGTAGTGTTGATC-1,Oligo MOG OPALIN,0.9997539510814165
GGAGGTAGTTGAAGTA-1,Oligo MOG OPALIN,0.9998308470973163
GGAGGTATCTCTTAAC-1,L2-3 CUX2 ACVR1C THSD7A,0.7083309767654412
GGATCTAAGGGTAGCT-1,InN SST HTR2C,0.7228521124542227
GGATCTACACCAAATC-1,Oligo MOG OPALIN,0.996083462741613
GGATCTAGTTGCCGCA-1,Endo CLDN5 SLC7A5,0.9562760740628644
GGATCTATCCCTCATG-1,L6 FEZF2 SYT6 PTPRT,0.461940542346911
GGATGTTAGAGCTTTC-1,Oligo MOG OPALIN,0.8380307464446324
GGATGTTAGGCTCTCG-1,Astro GFAP FABP7,0.9617748388644055
GGATGTTGTAAGGTCG-1,Oligo MOG OPALIN,0.9999993714896771
GGCACGTCAATAAGGT-1,L2-3 CUX2 NTNG1 PALMD,0.18254309795136914
GGCACGTGTACGCGTC-1,Oligo MOG OPALIN,0.9666467655583659
GGCACGTGTCAACACT-1,Micro P2RY12 GLDN,0.999874947274878
GGCACGTGTTTCAGAC-1,Micro P2RY12 APBB1IP,0.8991386798506948
GGCAGTCAGACCTCAT-1,Micro P2RY12 APBB1IP,0.9651990608359384
GGCAGTCAGCCTGAGA-1,Oligo MOG OPALIN,0.9989353136356695
GGCAGTCAGGACGGAG-1,InN VIP CLSTN2,0.8421773010018541
GGCAGTCAGGCACCAA-1,Oligo MOG OPALIN,0.24445627077492024
GGCAGTCTCTTTGGAG-1,Micro P2RY12 GLDN,0.9966037293850468
GGCGTCAGTCTGTAAC-1,L3-5 RORB MKX GRIN3A,0.3352992970481134
GGCGTCATCCCTGTTG-1,Oligo MOG OPALIN,0.9999983269897209
GGCGTCATCGCTGACG-1,Oligo MOG OPALIN,0.999666849602861
GGCTGTGCAACGGCTC-1,OPC PDGFRA PCDH15,0.9999999999975437
GGCTGTGCAGAGACTG-1,Oligo MOG OPALIN,0.3202908532535541
GGCTGTGCAGGTGTTT-1,InN VIP HS3ST3B1,0.9954110564315468
GGCTGTGGTACTGCCG-1,Endo CLDN5 SLC7A5,0.986659969945242
GGCTGTGGTTGACTGT-1,L2-3 CUX2 ACVR1C THSD7A,0.9996376842926548
GGCTGTGTCAATCCGA-1,Endo CLDN5 SLC7A5,0.8808980259901101
GGCTGTGTCCGTGTAA-1,Oligo MOG OPALIN,0.9980964185766603
GGCTTGGAGTCACAGG-1,InN SST TRPC7,0.446664637259019
GGCTTGGGTACCAATC-1,L2-3 CUX2 NTNG1 PALMD,0.5904869947366609
GGCTTGGTCAAGCTTG-1,Endo CLDN5 SLC7A5,0.9700607873569146
GGCTTGGTCCCAAGCG-1,InN LAMP5 LHX6 TAC1,0.9771695638128824
GGCTTTCAGGCAATGC-1,Oligo MOG OPALIN,0.49860404678622827
GGCTTTCAGGGTACGT-1,InN SST ADAMTSL1,0.29738805997706413
GGCTTTCCAAGTCATC-1,InN PVALB HPSE,0.9190091550316982
GGCTTTCCACAGCGCT-1,Oligo MOG OPALIN,0.9957064706428466
GGCTTTCCACCATAAC-1,Oligo MOG OPALIN,0.9999321920049209
GGCTTTCCAGATACCT-1,Astro AQP4 SLC1A2,0.8516999361403529
GGCTTTCGTCCGGTGT-1,Oligo MOG OPALIN,0.9806544890736647
GGCTTTCGTGCGAGTA-1,Endo CLDN5 SLC7A5,0.8820211235558197
GGCTTTCTCTACGGTA-1,InN ADARB2 RGS10,0.12738618078834135
GGGAAGTAGTCGGGAT-1,Oligo MOG OPALIN,0.9999228068756347
GGGAAGTCAATAAGGT-1,Oligo MOG OPALIN,0.9999979233971503
GGGAAGTCAGTCGGTC-1,Oligo MOG OPALIN,0.9997272376981156
GGGAAGTCATGACGTT-1,Astro GFAP AQP1,0.9585726794031009
GGGAAGTTCAAGTGGG-1,Endo CLDN5 SLC7A5,0.9996044447390506
GGGACAAAGACAGCTG-1,Oligo MOG OPALIN,0.9195598476093487
GGGACAAGTGTTAGCT-1,L6 OPRK1 THEMIS RGS6,0.9220702969241736
GGGACCTAGTAAACAC-1,Endo CLDN5 SLC7A5,0.4315341921767961
GGGACCTCACGTGTGC-1,Endo CLDN5 SLC7A5,0.8285156047876331
GGGACCTCATTGAGCT-1,Endo CLDN5 SLC7A5,0.9769119992124667
GGGACCTGTCGTCTCT-1,Endo CLDN5 SLC7A5,0.17502425891170856
GGGACCTTCCCAGCGA-1,Oligo MOG OPALIN,0.40389808916191794
GGGACTCCAATGTCAC-1,PC P2RY14 GRM8,0.9998245264707284
GGGACTCCACGGATCC-1,L2-3 CUX2 ACVR1C THSD7A,0.9509011397951989
GGGACTCGTGCTCGTG-1,L2-3 CUX2 NTNG1 PALMD,0.1591994608988976
GGGACTCGTGTTAAAG-1,PC P2RY14 GRM8,0.9999688749327944
GGGACTCTCCGGTAAT-1,L3-5 RORB PCBP3 ARHGAP15,0.9125221321556221
GGGAGATCAGAACTTC-1,Oligo MOG OPALIN,0.9999930665750337
GGGAGTAAGCACCGAA-1,Oligo MOG OPALIN,0.9972454600963971
GGGAGTAAGGTGCCAA-1,Endo CLDN5 SLC7A5,0.964655944921499
GGGAGTACAGTTCACA-1,InN PVALB ANOS1,0.705922331679367
GGGAGTATCACGGACC-1,Oligo MOG OPALIN,0.9989388054719704
GGGATCCCAAATGATG-1,L3-5 RORB GABRG1 PLCH1,0.6865686907605907
GGGATCCCAATCGTCA-1,Endo CLDN5 SLC7A5,0.9965123550470727
GGGATCCTCTGCTTTA-1,Oligo MOG OPALIN,0.999965874352319
GGGATCCTCTTCTTCC-1,Oligo MOG OPALIN,0.9798365883468733
GGGATGAAGATCGACG-1,L3-5 RORB MKX GALR1,0.07379303643757251
GGGATGAGTGCTAGCC-1,Endo CLDN5 SLC7A5,0.886374012321088
GGGATGAGTTAATCGC-1,InN SST NPY,0.2770399943500419
GGGATGATCCACCCTA-1,InN LAMP5 BMP7,0.998285947470712
GGGATGATCCGTGTAA-1,Endo CLDN5 SLC7A5,0.9070024233085497
GGGCCATAGATCACTC-1,PC P2RY14 GRM8,0.9999809662112396
GGGCCATCAAGCGCAA-1,Astro GFAP AQP1,0.9999990649976473
GGGCCATGTCGTATGT-1,Oligo MOG OPALIN,0.3955620394208933
GGGCCATGTTTGACAC-1,Astro GFAP FABP7,0.9958552950831501
GGGCCATTCATACGGT-1,Oligo MOG OPALIN,0.9989466058387463
GGGCCATTCGACACCG-1,Oligo MOG OPALIN,0.9999990645749196
GGGCCATTCTGATTCT-1,Endo CLDN5 SLC7A5,0.8456862583574171
GGGCGTTAGACCGTTT-1,Oligo MOG OPALIN,0.989476124900686
GGGCGTTCAGTGGCTC-1,Oligo MOG OPALIN,0.9979025827261152
GGGCGTTGTAAGGAGA-1,Oligo MOG OPALIN,0.9996899150082763
GGGCGTTGTGTTACTG-1,Oligo MOG OPALIN,0.9999139931018755
GGGCGTTGTGTTCCAA-1,Astro AQP4 SLC1A2,0.8392546378539696
GGGCGTTGTTAGCGGA-1,L6 OPRK1 THEMIS RGS6,0.9999897212230342
GGGCGTTGTTCGGTAT-1,Oligo MOG OPALIN,0.9999093404206802
GGGCGTTTCTCCTGAC-1,Endo CLDN5 SLC7A5,0.6259390035107022
GGGCTACAGACCATGG-1,InN VIP HS3ST3B1,0.4353848515109645
GGGCTACAGACGCAGT-1,Oligo MOG OPALIN,0.9995135746327222
GGGCTACAGGCACTCC-1,Micro P2RY12 GLDN,0.9999997666895692
GGGCTACCAGTCAGTT-1,L6 OPRK1 THEMIS RGS6,0.9822575525579013
GGGCTACCATTCGGGC-1,PC P2RY14 GRM8,0.9999967886535227
GGGCTACGTTGAAGTA-1,Astro GFAP FABP7,0.9972176979373631
GGGCTCAAGGAGAATG-1,Endo CLDN5 IL1R1,0.999999928823291
GGGCTCAAGGTCACTT-1,Endo CLDN5 SLC7A5,0.5917748909776654
GGGCTCACACATGGTT-1,L3-5 RORB GABRG1 PTPRO,0.36210963531275275
GGGCTCACATTCACCC-1,Oligo MOG OPALIN,0.990843120352332
GGGCTCAGTTTCGATG-1,Endo CLDN5 SLC7A5,0.4617458338661866
GGGTAGACACCTAAAC-1,Oligo MOG OPALIN,0.3477550752348944
GGGTAGACAGTTAGAA-1,PC P2RY14 GRM8,0.9360287397989719
GGGTAGACATCCGGTG-1,PC P2RY14 GRM8,0.9987545426354744
GGGTATTAGAACAAGG-1,OPC PDGFRA PCDH15,0.9999999999646374
GGGTATTAGATACATG-1,Oligo MOG OPALIN,0.9999208257796854
GGGTATTAGGACGCAT-1,Astro GFAP FABP7,0.9999978410096803
GGGTATTCACACCTAA-1,InN PVALB PDE3A,0.9932137211140796
GGGTATTGTCACCACG-1,Endo CLDN5 SLC7A5,0.2938202018233648
GGGTATTGTCACCCTT-1,L6 FEZF2 SYT6 PTPRT,0.6481001147227179
GGGTATTGTCGCTTAA-1,InN ADARB2 SFRP2,0.9898754531754789
GGGTCACCAAAGCACG-1,Endo CLDN5 SLC7A5,0.9989366067766655
GGGTCACGTCCTGTTC-1,Endo CLDN5 SLC7A5,0.5668603031328758
GGGTCACGTGGACTGA-1,Oligo MOG OPALIN,0.9586569601494831
GGGTCTGAGCCGTCGT-1,Astro GFAP FABP7,0.5019798489124513
GGGTCTGAGGTACTGG-1,InN VIP CLSTN2,0.995654265878287
GGGTCTGGTCGTAATC-1,Oligo MOG OPALIN,0.9997583237045411
GGGTCTGGTGCGAACA-1,InN SST NPY,0.5839317620490343
GGGTCTGGTGCTATTG-1,OPC PDGFRA PCDH15,0.9999999999997766
GGGTCTGGTTAAGCAA-1,Oligo MOG OPALIN,0.999814780955771
GGGTCTGTCTAACGCA-1,L3-5 RORB MKX DCC,0.8422313739341039
GGGTCTGTCTCATGGA-1,Astro GFAP FABP7,0.9958868013951178
GGGTGAAAGAGCCGAT-1,Endo CLDN5 SLC7A5,0.032433629873511706
GGGTGAAAGGCTGGAT-1,Oligo MOG OPALIN,0.9999970353947295
GGGTGAAAGTATGTAG-1,InN VIP HS3ST3B1,0.993998201060163
GGGTGAACAAGTGTCT-1,InN VIP SCML4,0.9336008034757649
GGGTGAACACCTCTGT-1,Oligo MOG OPALIN,0.9999923865462682
GGGTGAACACGTCGGT-1,Oligo MOG OPALIN,0.9964442448593009
GGGTGAACAGAATCGG-1,OPC PDGFRA PCDH15,0.9999995090902835
GGGTGAAGTCACATTG-1,Micro P2RY12 GLDN,0.49973642351393277
GGGTGAAGTGGACTGA-1,OPC PDGFRA PCDH15,0.9999999996193165
GGGTGAATCACATCAG-1,Oligo MOG OPALIN,0.9994398176827396
GGGTGTCAGAAGCCTG-1,L6 FEZF2 NPFFR2 TPD52L1,0.9970066470850297
GGGTGTCCATCCGGTG-1,Astro GFAP FABP7,0.9985276315887155
GGGTGTCGTAGCTGTT-1,L6 OPRK1 THEMIS RGS6,0.7342830601331918
GGGTGTCGTATACCCA-1,Oligo MOG OPALIN,0.9996939354474986
GGGTGTCGTATGCAAA-1,Oligo MOG OPALIN,0.9966648242930238
GGGTGTCGTCCACTCT-1,Endo CLDN5 SLC7A5,0.9502194902480069
GGGTGTCGTGATATAG-1,Oligo MOG OPALIN,0.9954554730237055
GGGTGTCTCACGACTA-1,Oligo MOG OPALIN,0.9986337044654845
GGGTTATCAGCCATTA-1,Endo CLDN5 SLC7A5,0.9714215169220731
GGGTTATGTAGGCAAC-1,InN SST NPY,0.9997258467351243
GGGTTATGTCCATACA-1,InN SST FREM1,0.9997697414348435
GGGTTATGTGCTATTG-1,Oligo MOG OPALIN,0.9999597527557781
GGGTTATTCCGTATGA-1,Oligo MOG OPALIN,0.7706839896671044
GGGTTATTCGTCGGGT-1,Astro GFAP AQP1,0.28950882279455664
GGGTTTAGTGCCGTTG-1,Endo CLDN5 SLC7A5,0.9926444142390376
GGGTTTATCCTAGCTC-1,L3-5 RORB MKX GALR1,0.4526948821122249
GGGTTTATCGTAACAC-1,InN LAMP5 RELN,0.9858884099655321
GGTAACTAGTTCACTG-1,Oligo MOG OPALIN,0.9999360883755186
GGTAACTTCAAGAAAC-1,Oligo MOG GSN,0.7886778119253008
GGTAACTTCCTACGGG-1,Oligo MOG OPALIN,0.9998186455841148
GGTAACTTCGCAGATT-1,Oligo MOG OPALIN,0.9999924035790297
GGTAATCGTGAGGCAT-1,Oligo MOG OPALIN,0.9999807948445071
GGTAGAGTCCGACGGT-1,Astro GFAP AQP1,0.5704823149834533
GGTAGAGTCGTGGGAA-1,OPC PDGFRA PCDH15,0.9999999999981966
GGTCACGAGAGTACCG-1,Endo CLDN5 SLC7A5,0.6655465357547544
GGTCACGCAGTTGTCA-1,Endo CLDN5 SLC7A5,0.820085722127522
GGTCACGGTTGTACGT-1,Oligo MOG OPALIN,0.999985326689791
GGTCACGTCAAACGTC-1,Oligo MOG OPALIN,0.9999990799885348
GGTCACGTCAGATTGC-1,Oligo MOG OPALIN,0.5558474076190306
GGTCTGGAGACCAAGC-1,Oligo MOG OPALIN,0.9995003413777229
GGTCTGGAGCTCGCAC-1,L6 OPRK1 THEMIS RGS6,0.9982531443826028
GGTCTGGCAGAGTAAT-1,Oligo MOG OPALIN,0.9999850553062016
GGTCTGGGTATGTCCA-1,Oligo MOG OPALIN,0.9995981768164116
GGTCTGGGTTAAGTCC-1,Oligo MOG OPALIN,0.9162542506487901
GGTCTGGGTTAGAAAC-1,Endo CLDN5 IL1R1,0.9629937574866921
GGTCTGGTCGCAGTGC-1,Endo CLDN5 SLC7A5,0.9463562666560993
GGTCTGGTCTTCCCGA-1,InN PVALB PDE3A,0.9967913803434937
GGTGAAGAGCGTTACT-1,Oligo MOG OPALIN,0.9998233338137693
GGTGAAGTCACCGGTG-1,Micro P2RY12 APBB1IP,0.9835966653542667
GGTGATTTCATTTGGG-1,Micro P2RY12 APBB1IP,0.5724989954365967
GGTGATTTCGCCCAGA-1,Oligo MOG OPALIN,0.997556490775168
GGTGGCTAGGAGCAAA-1,Oligo MOG OPALIN,0.9999348924333794
GGTGGCTAGGATCATA-1,Oligo MOG OPALIN,0.998880876063269
GGTGGCTAGGGTCTTT-1,Oligo MOG OPALIN,0.711745576379178
GGTGGCTGTATCACCA-1,L3-5 RORB GABRG1 KCNH7,0.11396337071669682
GGTGGCTGTTATAGCC-1,InN SST HTR2C,0.9711440661130153
GGTGGCTTCTAGTCAG-1,Oligo MOG OPALIN,0.9904145956418553
GGTGTCGAGTGTACCT-1,Oligo MOG OPALIN,0.9998436446573963
GGTGTCGCAACCCTCT-1,L5-6 FEZF2 NXPH2 SORCS3,0.8244577143107897
GGTGTCGCAATTGCTG-1,Oligo MOG OPALIN,0.9999973707174852
GGTGTCGCATGGCACC-1,Oligo MOG OPALIN,0.9999645514569216
GGTGTCGGTCCGGTGT-1,InN SST PLPP4,0.9445819685526675
GGTGTCGGTCTGCAAT-1,Endo CLDN5 SLC7A5,0.185252745137808
GGTGTCGTCCCGAGGT-1,Endo CLDN5 SLC7A5,0.9996075634430693
GGTGTCGTCCGAGTGC-1,L2-3 CUX2 ACVR1C THSD7A,0.9911472554209784
GGTGTTAAGGTAGTAT-1,OPC PDGFRA PCDH15,0.9999999999994422
GGTGTTACAGCGTGCT-1,Oligo MOG OPALIN,0.9991775551716775
GGTGTTAGTGCCTACG-1,Oligo MOG OPALIN,0.9993554594465909
GGTGTTATCATAGCAC-1,Oligo MOG OPALIN,0.9691265950263601
GGTTAACCATCATCCC-1,Astro GFAP FABP7,0.9986050738732515
GGTTAACGTCGGATTT-1,Endo CLDN5 SLC7A5,0.8111330188889888
GGTTAACGTGGCTGAA-1,Oligo MOG OPALIN,0.9870868952707414
GGTTCTCAGCCTGAAG-1,L2-3 CUX2 ACVR1C THSD7A,0.9969619731977541
GGTTCTCCAGATCCTA-1,InN PVALB PIEZO2,0.9606241367670648
GGTTGTAAGGCTGTAG-1,Astro AQP4 SLC1A2,0.9998473598523744
GGTTGTAGTCTTGGTA-1,Endo CLDN5 SLC7A5,0.9750789644653243
GGTTGTATCATTCATC-1,Oligo MOG OPALIN,0.861195077658053
GTAACACCAGGATCTT-1,SMC ACTA2 CNN1,0.9988651751300021
GTAACACGTGCACATT-1,Oligo MOG OPALIN,0.9999946840647805
GTAACCAAGAGCACTG-1,Micro P2RY12 APBB1IP,0.7058389078349658
GTAACCACAAGGCGTA-1,Endo CLDN5 SLC7A5,0.7420734890873062
GTAACCAGTAGGCAAC-1,Endo CLDN5 SLC7A5,0.8522560344649084
GTAACCATCAAGTCTG-1,L3-5 RORB MKX GRIN3A,0.513208443118012
GTAACCATCCGTTGAA-1,Oligo MOG OPALIN,0.9999848047071767
GTAAGTCAGTAACGTA-1,L6 FEZF2 NPFFR2 KCNK2,0.8258724936680238
GTAAGTCCAACAGCCC-1,L2-3 CUX2 NTNG1 PALMD,0.2749857315418187
GTAAGTCCATAGGCGA-1,L2-3 CUX2 NTNG1 PALMD,0.8848508093215296
GTAAGTCGTCCTCCAT-1,InN SST HS3ST5,0.9287550724224259
GTAAGTCGTCTGCGCA-1,OPC PDGFRA PCDH15,0.9999864010565901
GTAAGTCGTTACGCCG-1,Endo CLDN5 SLC7A5,0.09775974805835802
GTAAGTCGTTGTACGT-1,Astro AQP4 SLC1A2,0.9999989761872085
GTAAGTCTCGACACTA-1,Oligo MOG OPALIN,0.9672198899692113
GTAAGTCTCGGCCAAC-1,PC P2RY14 GRM8,0.9937117393414662
GTAAGTCTCGGCTATA-1,Astro AQP4 SLC1A2,0.0554596783681157
GTAATCGGTGTAACGG-1,Oligo MOG OPALIN,0.9994120333521975
GTAATGCAGCCTGGAA-1,Oligo MOG OPALIN,0.99999482827853
GTACAACAGCTTCTAG-1,Oligo MOG OPALIN,0.9998843894828658
GTACAACAGGCTTCCG-1,Astro GFAP FABP7,0.16664277341112174
GTACAACAGTCTGTAC-1,Oligo MOG OPALIN,0.999999878673998
GTACAACCACTCCGGA-1,Oligo MOG OPALIN,0.9999932884942555
GTACAACGTGTAGCAG-1,Oligo MOG OPALIN,0.9996707485493783
GTACAACTCATCTCTA-1,PC P2RY14 GRM8,0.9999980421405706
GTACAGTAGATTCGCT-1,Endo CLDN5 SLC7A5,0.7856192267074865
GTACAGTCAATTGAGA-1,PC P2RY14 GRM8,0.9989313561745211
GTACAGTGTGAATATG-1,Oligo MOG OPALIN,0.9952503098377291
GTACAGTGTGCTTATG-1,PC P2RY14 GRM8,0.8950589529814503
GTACAGTTCACCTGTC-1,Astro GFAP FABP7,0.8292533581103787
GTACAGTTCGTGAGAG-1,Endo CLDN5 SLC7A5,0.7435405799215481
GTAGAAAAGGATCATA-1,Endo CLDN5 SLC7A5,0.931843122268628
GTAGAGGCAGTCAGAG-1,Endo CLDN5 SLC7A5,0.8866056140996822
GTAGAGGCATACAGAA-1,Oligo MOG OPALIN,0.9897157627296036
GTAGAGGGTAAGCGGT-1,Oligo MOG OPALIN,0.9972909196674166
GTAGAGGGTATGTCAC-1,Micro P2RY12 APBB1IP,0.9898810007479509
GTAGAGGGTCTGTTAG-1,Endo CLDN5 SLC7A5,0.052133208627571655
GTAGAGGTCGAGAACG-1,Oligo MOG OPALIN,0.9998653730814469
GTAGATCAGCCTAACT-1,Oligo MOG OPALIN,0.9976263929655023
GTAGATCCAATGGCAG-1,Endo CLDN5 SLC7A5,0.24454736305891855
GTAGATCGTACAATAG-1,Oligo MOG OPALIN,0.9999098908767857
GTAGATCGTCTTACTT-1,Endo CLDN5 SLC7A5,0.7507203562910167
GTAGCTAAGACAGCTG-1,Oligo MOG OPALIN,0.9997083360946509
GTAGCTAAGAGCAAGA-1,Oligo MOG GSN,0.11411349063064279
GTAGCTAAGGATGTTA-1,Endo CLDN5 SLC7A5,0.9084395236047567
GTAGCTAAGGCGTTGA-1,Oligo MOG OPALIN,0.9999931758181116
GTAGCTACAGCATACT-1,Oligo MOG GSN,0.9992789386049777
GTAGCTACATAGGCGA-1,Oligo MOG GSN,0.6592569430666081
GTAGCTAGTGACCTGC-1,PC P2RY14 GRM8,0.9999975259372237
GTAGCTAGTGAGTAAT-1,L2-3 CUX2 NTNG1 PALMD,0.6390469236436367
GTAGCTATCCAGCTCT-1,L2-3 CUX2 NTNG1 COL5A2,0.015598605874183763
GTAGCTATCGACCACG-1,Micro P2RY12 APBB1IP,0.994460594743587
GTAGCTATCTGCGGGT-1,Oligo MOG OPALIN,0.9997556324560737
GTAGGAGAGAAGGCTC-1,Oligo MOG OPALIN,0.9995572220479674
GTAGGAGAGGGCGAGA-1,Endo CLDN5 SLC7A5,0.9555967489821396
GTAGGAGCACCCTAGG-1,Oligo MOG OPALIN,0.9641158274037428
GTAGGAGTCTCGACGG-1,Oligo MOG OPALIN,0.6838045142166029
GTAGGTTAGAGGCGTT-1,InN SST PLPP4,0.8148690085914894
GTAGGTTAGAGTGTGC-1,Oligo MOG OPALIN,0.9999991975295957
GTAGGTTAGGTTGAGC-1,Oligo MOG OPALIN,0.7986156659367049
GTAGGTTCAACCGTAT-1,PC P2RY14 GRM8,0.9999147319258699
GTAGGTTCAGTCGCAC-1,Oligo MOG OPALIN,0.8638795912170469
GTAGGTTGTCTCTCTG-1,PC P2RY14 GRM8,0.9545338438536539
GTAGGTTTCCGATGTA-1,Oligo MOG OPALIN,0.9745812959441141
GTAGGTTTCGTAGCCG-1,L2-3 CUX2 NTNG1 PALMD,0.3449335683056955
GTAGTACAGATTGATG-1,Endo CLDN5 SLC7A5,0.7903636655251057
GTAGTACAGTAACCTC-1,Astro GFAP FABP7,0.87058833846226
GTAGTACCATTGCTGA-1,Endo CLDN5 SLC7A5,0.9868788254771658
GTAGTACTCGGAGTAG-1,L2-3 CUX2 NTNG1 PALMD,0.13924787239520037
GTAGTACTCTTCCCGA-1,Oligo MOG OPALIN,0.20560501798303646
GTATTGGAGAGCAAGA-1,Endo CLDN5 SLC7A5,0.4125396339380452
GTATTGGAGTGAGGCT-1,Oligo MOG OPALIN,0.9998971953456637
GTATTGGCAAGAAATC-1,Oligo MOG OPALIN,0.9999983132209698
GTATTGGGTACTCGCG-1,L2-3 CUX2 ACVR1C THSD7A,0.9739261629164847
GTATTGGGTCGTTTCC-1,Oligo MOG OPALIN,0.9999763637826813
GTATTGGGTGAGATAT-1,Oligo MOG OPALIN,0.9718552162168661
GTATTGGTCTAGTGTG-1,Endo CLDN5 DKK2,0.9977656930810944
GTATTGGTCTCCCATG-1,Oligo MOG OPALIN,0.8810994295839879
GTATTTCAGACGTCGA-1,L3-5 RORB PCBP3 ARHGAP15,0.7090403581020882
GTATTTCAGAGAACCC-1,Astro GFAP FABP7,0.9721457930195225
GTATTTCCAAATCGTC-1,Endo CLDN5 SLC7A5,0.8747148816207956
GTATTTCTCTCATTTG-1,Oligo MOG OPALIN,0.9998441269860548
GTCAAACAGAGTCACG-1,Endo CLDN5 SLC7A5,0.9370940806841972
GTCAAACAGGCGATAC-1,Micro P2RY12 APBB1IP,0.49730373889898893
GTCAAACCACACGTGC-1,Oligo MOG OPALIN,0.9980594018266441
GTCAAACGTATGTGTC-1,InN PVALB PRKCH,0.9877050668666214
GTCAAACGTCGTCTCT-1,Oligo MOG OPALIN,0.9992591204229961
GTCAAGTCACTTGACA-1,Endo CLDN5 SLC7A5,0.07746037154515616
GTCAAGTTCATAGAGA-1,InN LAMP5 RELN,0.9932415715677336
GTCAAGTTCTCGCGTT-1,InN PVALB PRKCH,0.9974312963814352
GTCACGGCAGAGAAAG-1,Oligo MOG OPALIN,0.9898134868883917
GTCACGGGTCACTGAT-1,InN PVALB HPSE,0.6631538672746303
GTCACGGTCTCAACGA-1,L2-3 CUX2 ACVR1C THSD7A,0.9991664032052053
GTCACTCAGTTACGGG-1,Endo CLDN5 SLC7A5,0.7382742994438647
GTCACTCCATCATCTT-1,Oligo MOG OPALIN,0.9954843050114563
GTCACTCGTGAATGAT-1,Oligo MOG OPALIN,0.9999483255212736
GTCACTCTCAGTCATG-1,InN PVALB PIEZO2,0.8206621057159691
GTCACTCTCGAAGAAT-1,Astro GFAP AQP1,0.12669013089559192
GTCACTCTCGACCAAT-1,Oligo MOG OPALIN,0.9995688495798056
GTCAGCGAGCCGTTGC-1,Oligo MOG OPALIN,0.9998293892353056
GTCAGCGAGTGGGAAA-1,Endo CLDN5 SLC7A5,0.32457176823543954
GTCAGCGCAACTGGTT-1,InN VIP MEGF11 LHFP,0.9983964081964627
GTCAGCGGTGGTCTTA-1,Endo CLDN5 SLC7A5,0.48851550181580633
GTCAGCGTCCAGCCTT-1,InN VIP ADAM12,0.9236653945673545
GTCATCCAGAGCATTA-1,InN LAMP5 ADAMTS20,0.8415679474443318
GTCATCCAGGCCGCTT-1,Endo CLDN5 SLC7A5,0.9969828121068417
GTCATCCAGTGGACTG-1,Oligo MOG OPALIN,0.9918711611409223
GTCATCCGTGAGCAGT-1,Endo CLDN5 DKK2,0.7224881775050355
GTCATGAAGGGCAGAG-1,L6 FEZF2 SYT6 CDH9,0.9749934500869617
GTCATGACAACTCCCT-1,Oligo MOG OPALIN,0.8742363781443755
GTCATGACACATTGTG-1,Endo CLDN5 SLC7A5,0.9929910438461093
GTCATGACACTAGGTT-1,Endo CLDN5 SLC7A5,0.6165539201360701
GTCATGACAGCTACAT-1,Oligo MOG OPALIN,0.9975225552189824
GTCATGACATGCGGTC-1,Oligo MOG OPALIN,0.9996364366337943
GTCATGAGTATACAGA-1,Oligo MOG OPALIN,0.1312816805140992
GTCATGATCTCAGAAC-1,Oligo MOG GSN,0.8219020228068985
GTCATTTAGCAGGCTA-1,Oligo MOG OPALIN,0.5842338153797685
GTCATTTCAGGTGGAT-1,PC P2RY14 GRM8,0.9999337519889688
GTCATTTCAGTAACCT-1,Oligo MOG OPALIN,0.998999466117527
GTCATTTTCCATGAGT-1,Oligo MOG OPALIN,0.9997616930562017
GTCATTTTCTAGACAC-1,Oligo MOG OPALIN,0.9998949151072194
GTCCACTCACACAGAG-1,Endo CLDN5 SLC7A5,0.8097006655814156
GTCCACTGTAGCCCTG-1,InN SST ADAMTSL1,0.9574908942540797
GTCCACTTCTGCGTCT-1,Endo CLDN5 SLC7A5,0.4953589512665357
GTCCACTTCTGGGAGA-1,Oligo MOG OPALIN,0.8525124938705497
GTCCCATGTTTAGAGA-1,Oligo MOG OPALIN,0.5376945148087989
GTCCCATTCTTAGGAC-1,InN PVALB ANOS1,0.9711787737599203
GTCCTCACAGTCTTCC-1,Oligo MOG OPALIN,0.9999955369793395
GTCCTCAGTGTCGCTG-1,Oligo MOG OPALIN,0.9800412898592282
GTCCTCAGTTTACGTG-1,Oligo MOG OPALIN,0.999387620370161
GTCCTCATCTCTCCGA-1,Oligo MOG OPALIN,0.9999448051649616
GTCGAATGTACATTGC-1,InN SST HS3ST5,0.7765091171430785
GTCGAATGTTCTCCTG-1,InN SST HS3ST5,0.9620881772676826
GTCGCGAAGGTGCGAT-1,Oligo MOG OPALIN,0.9997762003317231
GTCGCGAGTATAGGAT-1,Micro P2RY12 APBB1IP,0.987804641450541
GTCGCGAGTTCAATCG-1,L2-4 CUX2 RORB CLMN,0.9077673267464288
GTCGCGATCTTCCACG-1,Astro GFAP FABP7,0.9959605839785369
GTCGTAAAGTAACGAT-1,Endo CLDN5 SLC7A5,0.9870471443786867
GTCGTAACAAAGCAAT-1,L5 FEZF2 BCL11B POU3F1,0.8484362243232391
GTCGTAACAAAGGATT-1,Oligo MOG OPALIN,0.9999497672724877
GTCGTAAGTAGGACCA-1,L3-5 RORB TNNT2 PRRX1,0.41471516369266914
GTCGTAATCACTTTGT-1,Astro AQP4 SLC1A2,0.985806717705321
GTCGTAATCAGTGGGA-1,InN SST ADAMTSL1,0.2795519286306268
GTCGTAATCCTCAGGG-1,Oligo MOG OPALIN,0.9999966868835666
GTCGTAATCTGGGATT-1,Oligo MOG OPALIN,0.9963210549284959
GTCGTTCAGAGTCACG-1,Astro GFAP FABP7,0.6778001149132559
GTCGTTCAGATAGCAT-1,Micro P2RY12 APBB1IP,0.35855939011252597
GTCGTTCGTATACAGA-1,VLMC COL1A2 VLMCA8,0.8265264856908765
GTCGTTCGTATGGAGC-1,Oligo MOG OPALIN,0.9934041375911565
GTCGTTCTCTAGGAAA-1,InN LAMP5 LHX6 PROX1,0.8890257050102237
GTCGTTCTCTGGGAGA-1,Oligo MOG OPALIN,0.9999625263195959
GTCTACCAGCAGCAGT-1,Oligo MOG OPALIN,0.9999599222966249
GTCTACCCACCCTCTA-1,Oligo MOG OPALIN,0.9998533887498791
GTCTACCCATGTGGTT-1,Oligo MOG OPALIN,0.9999998406417289
GTCTACCCATTGCCTC-1,Oligo MOG OPALIN,0.9828314585345715
GTCTAGAAGAGGTATT-1,Oligo MOG OPALIN,0.9887513264066357
GTCTAGAAGCGACATG-1,L2-3 CUX2 ACVR1C THSD7A,0.9996438824102984
GTCTAGAAGGGCTTCC-1,Endo CLDN5 SLC7A5,0.9762307826322958
GTCTAGACAAAGTATG-1,Oligo MOG OPALIN,0.999991030920553
GTCTAGAGTGACACGA-1,InN SST ADAMTSL1,0.9439483652571363
GTCTCACAGCTGGCCT-1,Endo CLDN5 DKK2,0.1550713632136679
GTCTCACAGTGGTCAG-1,Astro AQP4 SLC1A2,0.8044444635942507
GTCTCACCAAGCGAAC-1,Oligo MOG OPALIN,0.9999958561299837
GTCTCACCATGGCCAC-1,Oligo MOG OPALIN,0.9999197487258806
GTCTCACGTACCTGTA-1,Oligo MOG OPALIN,0.19916877223742047
GTCTCACGTGTTAGCT-1,Oligo MOG GSN,0.9999987055077387
GTCTCACTCTTGGGCG-1,Oligo MOG OPALIN,0.999993596453264
GTCTGTCAGAGGCTGT-1,L3-5 RORB GABRG1 KCNH7,0.21893561982296544
GTCTGTCCACCTCTAC-1,Oligo MOG OPALIN,0.214429290469712
GTCTGTCTCTAAGAAG-1,Oligo MOG OPALIN,0.9999273225885965
GTCTTTACAGACCAGA-1,Endo CLDN5 SLC7A5,0.20492692682739366
GTCTTTAGTATGTGTC-1,InN SST TRPC7,0.7366918578918068
GTCTTTATCATCCTGC-1,Oligo MOG OPALIN,0.9996420479452524
GTCTTTATCCAGTACA-1,Oligo MOG OPALIN,0.9999412059903795
GTCTTTATCCTAGCGG-1,Astro AQP4 SLC1A2,0.9987369600485573
GTGACGCAGAATTGCA-1,Oligo MOG OPALIN,0.17815992021461965
GTGACGCAGACTGTTC-1,Oligo MOG OPALIN,0.9992267986441308
GTGACGCCAGGTTCAT-1,Endo CLDN5 SLC7A5,0.7825994807286349
GTGACGCGTCCTCCTA-1,Oligo MOG OPALIN,0.9998435566369785
GTGACGCGTGTAGGAC-1,L2-3 CUX2 NTNG1 PALMD,0.27643539751746
GTGACGCTCCGGGACT-1,Oligo MOG OPALIN,0.9999667385086729
GTGACGCTCCTAAGTG-1,Oligo MOG OPALIN,0.999969024992119
GTGACGCTCCTTATAC-1,Endo CLDN5 SLC7A5,0.9304037619291224
GTGACGCTCTGTAACG-1,OPC PDGFRA PCDH15,0.9999999999999987
GTGAGCCCAACACAGG-1,OPC PDGFRA PCDH15,0.9999999999996183
GTGAGCCCAAGATTGA-1,Oligo MOG OPALIN,0.9999900275918895
GTGAGCCCAGTATTCG-1,L2-3 CUX2 ACVR1C THSD7A,0.4803757275092778
GTGAGCCGTCCGACGT-1,Endo CLDN5 SLC7A5,0.4466205734712597
GTGAGCCGTCTGTCAA-1,L2-3 CUX2 ACVR1C THSD7A,0.997106653351366
GTGAGCCGTTCCTTGC-1,Endo CLDN5 SLC7A5,0.9400443261526966
GTGAGCCGTTGGGTTT-1,Micro P2RY12 APBB1IP,0.17715432449168375
GTGAGCCTCAGACAAA-1,Oligo MOG OPALIN,0.9954038776904902
GTGAGCCTCTATTGTC-1,Endo CLDN5 SLC7A5,0.964716542576533
GTGAGGACACCTGTCT-1,InN VIP EXPH5,0.9686846782012947
GTGAGGAGTATGACAA-1,L2-3 CUX2 ACVR1C THSD7A,0.07731811442811662
GTGAGGAGTTTGGGAG-1,L3-5 RORB GABRG1 KCNH7,0.16022082043408595
GTGAGGATCGCTCTAC-1,L3-5 RORB MKX DCC,0.5637414522427676
GTGAGTTCAGAGTTGG-1,Oligo MOG OPALIN,0.9928947485850288
GTGAGTTGTAACGTTC-1,Oligo MOG OPALIN,0.9997267992610922
GTGAGTTGTGCGGATA-1,Oligo MOG OPALIN,0.9999985987219064
GTGAGTTTCCCTAGGG-1,L6 FEZF2 NPFFR2 TPD52L1,0.03491951865208474
GTGAGTTTCTGCCTCA-1,Endo CLDN5 SLC7A5,0.7054180111438214
GTGATGTAGCGTTACT-1,Oligo MOG OPALIN,0.6813467049053855
GTGATGTAGTGTACCT-1,InN SST ADAMTSL1,0.9930987324601117
GTGATGTCAAGAGTTA-1,OPC PDGFRA PCDH15,0.999999957350757
GTGATGTCAGCCTTCT-1,Astro GFAP FABP7,0.9998572071389265
GTGATGTCATTGCAAC-1,Oligo MOG OPALIN,0.9999339273975743
GTGATGTGTTAGCTAC-1,Oligo MOG OPALIN,0.9999461815119016
GTGCACGAGTAGGCCA-1,Oligo MOG OPALIN,0.9997331310732394
GTGCACGCACACCGAC-1,Endo CLDN5 SLC7A5,0.95627453262812
GTGCAGCGTAATCAGA-1,Oligo MOG OPALIN,0.9998953609044149
GTGCAGCGTCAAAGTA-1,Astro GFAP FABP7,0.9999365625199933
GTGCAGCTCATTGTGG-1,Oligo MOG OPALIN,0.999976614127188
GTGCAGCTCCCATGGG-1,Oligo MOG OPALIN,0.7252416399978336
GTGCAGCTCGTTAGTG-1,Oligo MOG OPALIN,0.8845279819725772
GTGCGTGCAGCAATTC-1,Oligo MOG OPALIN,0.9996831005844572
GTGCGTGCATAACGGG-1,Oligo MOG OPALIN,0.4652404318259617
GTGCGTGGTCGCCTAG-1,PC P2RY14 GRM8,0.9924192830279392
GTGCGTGGTGCGGATA-1,L3-5 RORB TNNT2 TSHZ2,0.25503254343536075
GTGCGTGTCCCTCTAG-1,Oligo MOG OPALIN,0.9999707945437967
GTGCGTGTCTGTCGCT-1,InN VIP HS3ST3B1,0.9988485344383152
GTGCTGGAGCTTACGT-1,Endo CLDN5 SLC7A5,0.8170434712620236
GTGCTGGCAGAAGTGC-1,Astro GFAP FABP7,0.9999251331296904
GTGCTGGTCATGAAAG-1,Oligo MOG OPALIN,0.9975368638911516
GTGCTTCGTATTCCTT-1,L2-3 CUX2 NTNG1 PLCH1,0.14882058487393587
GTGCTTCGTATTGCCA-1,Endo CLDN5 SLC7A5,0.9597363659642543
GTGCTTCGTCGATTCA-1,Endo CLDN5 SLC7A5,0.9929979424836494
GTGCTTCGTGAGACCA-1,Oligo MOG OPALIN,0.9991833287290087
GTGCTTCTCTCTATAC-1,Endo CLDN5 SLC7A5,0.1086207593724109
GTGGAAGAGTCACGCC-1,L5-6 FEZF2 NXPH2 CDH8,0.4539301579821963
GTGGAAGAGTGGGAAA-1,Endo CLDN5 SLC7A5,0.4647288428966889
GTGGAAGAGTTGCGAG-1,PC P2RY14 GRM8,0.9999882890673487
GTGGAAGCACTGCTTC-1,Oligo MOG OPALIN,0.9999836086368056
GTGGAAGGTTCTATCT-1,Oligo MOG OPALIN,0.9993572013034033
GTGGAGACAGCATGCC-1,L2-3 CUX2 NTNG1 PALMD,0.48052676151596807
GTGGAGACAGGCAATG-1,Oligo MOG OPALIN,0.9997913624080987
GTGGAGAGTACCCACG-1,Oligo MOG OPALIN,0.9933152396818908
GTGGAGAGTCATCTAG-1,Micro P2RY12 APBB1IP,0.9854557710435736
GTGGAGATCATCACAG-1,Astro GFAP FABP7,0.4074152813205843
GTGGAGATCGGCATAT-1,Endo CLDN5 SLC7A5,0.9635881236603356
GTGGCGTAGTCATAGA-1,InN VIP ADAM12,0.8915385420252687
GTGGCGTAGTGCCAGA-1,Oligo MOG OPALIN,0.9999796245487269
GTGGCGTGTACGATCT-1,L2-4 CUX2 RORB CLMN,0.9300234849422513
GTGGCGTTCCAGTTCC-1,Oligo MOG OPALIN,0.9999943590535666
GTGGGAAAGGACATCG-1,Endo CLDN5 SLC7A5,0.891894323916011
GTGGGAACACAATTCG-1,Endo CLDN5 SLC7A5,0.9784430022154077
GTGGGAACACCATTCC-1,Oligo MOG GSN,0.9210762748145545
GTGGGAATCGGTCGAC-1,Astro AQP4 SLC1A2,0.047722345868547865
GTGGTTAAGCTGAGTG-1,Oligo MOG OPALIN,0.9996134859023491
GTGGTTAGTACGCGTC-1,L3-5 RORB MKX GRIN3A,0.22780671740944913
GTGGTTATCAAGCCCG-1,Oligo MOG OPALIN,0.9999878186976432
GTGGTTATCACAGTGT-1,Astro GFAP FABP7,0.039457184832160354
GTGTAACAGACATACA-1,Endo CLDN5 SLC7A5,0.9991230717279813
GTGTAACAGCTAGCCC-1,L2-3 CUX2 ACVR1C THSD7A,0.6028945096575331
GTGTCCTAGGTCACCC-1,Oligo MOG OPALIN,0.9998452826689577
GTGTCCTCAGCTCTGG-1,Endo CLDN5 SLC7A5,0.8796074523667572
GTGTGATGTACAGAGC-1,Micro P2RY12 APBB1IP,0.9690426341858079
GTGTGATGTTGTCCCT-1,Endo CLDN5 SLC7A5,0.7095273030468987
GTGTGATTCGAGCACC-1,Oligo MOG OPALIN,0.9983779976488066
GTGTGGCCAAGTGGTG-1,Endo CLDN5 SLC7A5,0.2354942216953065
GTGTGGCCACTCAAGT-1,L6 FEZF2 SYT6 ERBB4,0.06211133469209462
GTGTGGCGTCGCAACC-1,Micro P2RY12 APBB1IP,0.6221923036207185
GTGTGGCGTTGGCCGT-1,Oligo MOG OPALIN,0.4146315266290153
GTGTGGCTCTCGGTAA-1,L2-3 CUX2 NTNG1 PALMD,0.610281657700021
GTGTTAGAGAGCGACT-1,Endo CLDN5 SLC7A5,0.4508685497622372
GTGTTAGAGCGTTCAT-1,OPC PDGFRA PCDH15,0.9999999999999822
GTGTTAGCACATAACC-1,Astro GFAP AQP1,0.9971985467102963
GTGTTAGGTGACTGTT-1,InN PVALB HPSE,0.9621753578836137
GTGTTCCAGAGAGGTA-1,L3-5 RORB MKX DCC,0.01943910496865733
GTGTTCCAGAGCCGAT-1,Oligo MOG OPALIN,0.9948679349784713
GTGTTCCGTAAGACCG-1,Oligo MOG OPALIN,0.9999993015240958
GTGTTCCGTGATTCAC-1,Endo CLDN5 SLC7A5,0.7900429798031247
GTGTTCCGTGTTATCG-1,L2-3 CUX2 ACVR1C THSD7A,0.9828911842188075
GTGTTCCTCGTGCACG-1,Endo CLDN5 SLC7A5,0.7863054834429355
GTTACAGAGTATTAGG-1,L2-3 CUX2 NTNG1 PALMD,0.509185808084315
GTTACAGAGTGGTGGT-1,L6 OPRK1 SMYD1 KCND2,0.5267095618675485
GTTACAGCAAGTATCC-1,Oligo MOG OPALIN,0.9997785837911372
GTTACAGCATCCAACA-1,InN ADARB2 COL5A2,0.9970054528813164
GTTACAGCATGACTAC-1,PC P2RY14 GRM8,0.9971894047773104
GTTACCCAGACTTCGT-1,InN SST ADAMTSL1,0.9985496237114442
GTTACCCAGCATGGGT-1,Endo CLDN5 SLC7A5,0.9871293644809561
GTTACCCAGGCCGCTT-1,InN SST ADAMTSL1,0.9655855013300787
GTTACCCAGTCCGTCG-1,Endo CLDN5 SLC7A5,0.9425596288298081
GTTACCCCAATGAAAC-1,Oligo MOG OPALIN,0.9995750957884553
GTTACCCGTGGCACTC-1,InN ADARB2 FAM19A1,0.9997423187208926
GTTACGAAGGCCACCT-1,OPC PDGFRA PCDH15,0.9999999999999851
GTTACGAAGTTTCTTC-1,Micro P2RY12 APBB1IP,0.9984786803003818
GTTACGACAAAGGCAC-1,L2-3 CUX2 ACVR1C INHBA,0.07740121333925487
GTTACGAGTATGAGCG-1,Oligo MOG OPALIN,0.9999825640996529
GTTACGAGTGACATCT-1,Oligo MOG OPALIN,0.9999996742996481
GTTACGAGTGACCGTC-1,Endo CLDN5 SLC7A5,0.7212075745329646
GTTACGATCAACGTGT-1,Oligo MOG OPALIN,0.8343722779942625
GTTACGATCTACTGCC-1,Oligo MOG OPALIN,0.9605258414271304
GTTAGACAGTGCTCGC-1,Oligo MOG OPALIN,0.9999954548407166
GTTAGACCAAAGGCAC-1,Oligo MOG OPALIN,0.9999096543447186
GTTAGACGTCCGGTGT-1,Oligo MOG OPALIN,0.9997042878247672
GTTAGACTCCCATGGG-1,Oligo MOG OPALIN,0.4399260725903233
GTTAGACTCCCTCATG-1,Endo CLDN5 SLC7A5,0.7388117710377284
GTTAGACTCGAGTCCG-1,Astro AQP4 SLC1A2,0.9994551297956132
GTTAGACTCTTACCGC-1,PC P2RY14 GRM8,0.999997253628491
GTTAGTGAGAGCATTA-1,L6 FEZF2 SYT6 ERBB4,0.5976614342688331
GTTAGTGAGCAATTCC-1,Oligo MOG OPALIN,0.9999985538265266
GTTAGTGAGGAAAGGT-1,InN PVALB PDE3A,0.9498727506954003
GTTAGTGAGGCAGGTT-1,InN LAMP5 LHX6 TAC1,0.9815508039655106
GTTAGTGCACAAGCTT-1,Astro AQP4 SLC1A2,0.26410326106364196
GTTAGTGCATCACGGC-1,InN SST FREM1,0.9958706598120058
GTTAGTGTCACTTATC-1,Micro P2RY12 APBB1IP,0.9312592827774767
GTTAGTGTCCGCTAGG-1,Oligo MOG OPALIN,0.9999957857249666
GTTAGTGTCGCCATAA-1,Endo CLDN5 SLC7A5,0.20351021794290133
GTTATGGAGAAGCCAC-1,InN SST KLHL14,0.5868076735022554
GTTATGGAGTATTCCG-1,Oligo MOG OPALIN,0.9999596065151418
GTTATGGCACAATCTG-1,OPC PDGFRA PCDH15,0.9999999698922559
GTTATGGCACGCCAGT-1,Oligo MOG OPALIN,0.9997968095447611
GTTATGGTCACCGGTG-1,Endo CLDN5 SLC7A5,0.29168633086128903
GTTCATTAGAGAGCGG-1,Oligo MOG OPALIN,0.9999994926931779
GTTCATTAGCTACGTT-1,Astro AQP4 SLC1A2,0.935427439771904
GTTCATTCAAATGGAT-1,Oligo MOG OPALIN,0.8110883678495721
GTTCATTCAGTCTGGC-1,Oligo MOG OPALIN,0.999873782757323
GTTCATTGTGATTCAC-1,Astro GFAP AQP1,0.9995617893847742
GTTCATTGTGCCGGTT-1,Endo CLDN5 SLC7A5,0.9876794209619879
GTTCATTTCCCATGGG-1,Endo CLDN5 SLC7A5,0.9328577242944769
GTTCCGTAGCTAGATA-1,InN PVALB ANOS1,0.8437034975093275
GTTCCGTAGGAACTCG-1,Micro P2RY12 APBB1IP,0.948307627767055
GTTCCGTAGGTAAACT-1,Astro GFAP AQP1,0.6956443479590414
GTTCCGTGTGTCCGTG-1,InN VIP FREM2,0.9596699374765723
GTTCCGTGTTCGGCCA-1,Oligo MOG OPALIN,0.9998383798446451
GTTCCGTTCCACCCTA-1,OPC PDGFRA PCDH15,0.9999999999979061
GTTCGCTAGCGCCCAT-1,Endo CLDN5 DKK2,0.9960008311826573
GTTCGCTCACGCGGTT-1,L2-3 CUX2 NTNG1 PLCH1,0.2534819435554451
GTTCGCTCATACCACA-1,L6 FEZF2 NPFFR2 TPD52L1,0.8701266581110274
GTTCGCTCATACTGTG-1,Oligo MOG GSN,0.4630511342430808
GTTCGCTGTGGAAGTC-1,L2-3 CUX2 ACVR1C INHBA,0.172912439532569
GTTCGCTGTTCTGACA-1,L6 OPRK1 THEMIS RGS6,0.9055266292753213
GTTCTATAGGTTTACC-1,Endo CLDN5 SLC7A5,0.9610743067215175
GTTCTATCAACAAGTA-1,Oligo MOG OPALIN,0.9995900377780995
GTTCTATCAGACCCGT-1,OPC PDGFRA PCDH15,0.9999999999894598
GTTGAACGTACGAGTG-1,SMC ACTA2 CNN1,0.9999798875156674
GTTGAACGTCCTTTGC-1,OPC PDGFRA PCDH15,0.9999999999999953
GTTGAACGTGGCCCAT-1,Oligo MOG OPALIN,0.9522875252202353
GTTGAACTCTAAGAAG-1,InN VIP SCML4,0.7930060202158834
GTTGCGGAGTGGGAAA-1,Endo CLDN5 SLC7A5,0.37046422064041235
GTTGCGGCATCCGTTC-1,Micro P2RY12 APBB1IP,0.9563679308951287
GTTGCGGCATCGGTTA-1,Astro AQP4 SLC1A2,0.9993335667937012
GTTGCGGCATCTGTTT-1,L2-3 CUX2 ACVR1C INHBA,0.6541290261784832
GTTGCGGGTAGACAGC-1,Oligo MOG OPALIN,0.9994718491156365
GTTGCGGGTATGGTAA-1,Astro GFAP FABP7,0.9999968760053338
GTTGCTCGTTTCACTT-1,Oligo MOG GSN,0.9991610337108437
GTTGTAGCAAAGGCTG-1,Oligo MOG OPALIN,0.9999306171050623
GTTGTAGCAATACGAA-1,Oligo MOG OPALIN,0.9991900434150205
GTTGTAGCATGACGGA-1,L3-5 RORB TNNT2 TSHZ2,0.12829176560610756
GTTGTAGCATGGCGCT-1,Oligo MOG OPALIN,0.9984823661024053
GTTGTAGGTGGAAATT-1,PC P2RY14 GRM8,0.9997371873406335
GTTGTAGTCACTCGAA-1,Endo CLDN5 SLC7A5,0.540162910410509
GTTGTAGTCGACGATT-1,L6 FEZF2 SYT6 SULF1,0.3693546486325602
GTTGTAGTCTCATGGA-1,Micro P2RY12 APBB1IP,0.5950155564357154
GTTGTAGTCTGAGTCA-1,Oligo MOG OPALIN,0.9999932670155304
GTTGTCCCACTAACCA-1,Micro P2RY12 APBB1IP,0.9913955299788375
GTTGTCCCAGCGTTTA-1,Endo CLDN5 SLC7A5,0.9515794707102592
GTTGTCCGTACACTCA-1,Oligo MOG OPALIN,0.9982226737368053
GTTGTCCGTGGATACG-1,Astro GFAP FABP7,0.9998441805469612
GTTGTGAAGACTGTTC-1,PC P2RY14 GRM8,0.9736246040947084
GTTGTGAAGGCCATAG-1,PC P2RY14 GRM8,0.999999825761365
GTTGTGACAGTAACAA-1,Endo CLDN5 SLC7A5,0.22631437857957834
GTTGTGAGTCATGGCC-1,Astro GFAP FABP7,0.9990856532057713
GTTGTGAGTCGCTTGG-1,InN SST FREM1,0.991286467283897
GTTGTGAGTTAAACCC-1,InN SST ADAMTSL1,0.7406042573534302
GTTGTGATCGCAATGT-1,Oligo MOG OPALIN,0.9988711275086103
GTTGTGATCGGAGTGA-1,PC P2RY14 GRM8,0.9998849185384515
GTTGTGATCTCGACGG-1,InN ADARB2 FAM19A1,0.9933798467043106
GTTTACTCAGGTCTCG-1,Endo CLDN5 SLC7A5,0.9822608592367541
GTTTACTGTGAGTTGG-1,InN VIP ADAM12,0.9997463443952608
GTTTACTGTTTGTTCT-1,Oligo MOG OPALIN,0.9996017425835239
GTTTACTTCTGAGTCA-1,Oligo MOG OPALIN,0.9606209303919678
GTTTGGAAGTGGGAAA-1,Oligo MOG OPALIN,0.6716026802436682
GTTTGGACAACTTCTT-1,Endo CLDN5 SLC7A5,0.3455091487514882
GTTTGGACAATCCTTT-1,InN SST HTR2C,0.9599604803667373
GTTTGGAGTTCTCCCA-1,Oligo MOG OPALIN,0.9999995410908543
GTTTGGATCAGTGTTG-1,Endo CLDN5 SLC7A5,0.5685229749187468
GTTTGGATCATGCGGC-1,Oligo MOG OPALIN,0.4435571472017244
GTTTGGATCCTAGCCT-1,Endo CLDN5 SLC7A5,0.8981160851019567
TAACACGAGTCACTCA-1,Oligo MOG OPALIN,0.9988321875415692
TAACACGAGTTGGAAT-1,InN ADARB2 FAM19A1,0.9651013701040735
TAACACGGTAGCACGA-1,L3-5 RORB GABRG1 PTPRO,0.349194019227617
TAACACGGTAGTACGG-1,InN VIP MEGF11 LHFP,0.8216384347618357
TAACACGGTAGTGATA-1,Oligo MOG OPALIN,0.9999999510254645
TAACACGGTGTTCAGT-1,L3-5 RORB MKX GRIN3A,0.3308190595412829
TAACACGGTTTGGGTT-1,L3-5 RORB PCBP3 IL1RAPL2,0.1134401441606891
TAACCAGAGATAGCTA-1,Oligo MOG OPALIN,0.9999062794996927
TAACCAGAGGATACAT-1,Oligo MOG OPALIN,0.9996635932427592
TAACCAGAGGGAGGTG-1,L5-6 FEZF2 NXPH2 SORCS3,0.16879748723643528
TAACCAGCAAAGGGCT-1,Endo CLDN5 SLC7A5,0.9837514058051201
TAACCAGGTTCTCCTG-1,L6 OPRK1 SMYD1 TSHZ2,0.6024926030445746
TAACGACCACTCTCGT-1,Endo CLDN5 SLC7A5,0.05713463545780913
TAACGACGTACTCCCT-1,Endo CLDN5 SLC7A5,0.9853670783356818
TAACGACGTATGTCAC-1,Endo CLDN5 SLC7A5,0.9271225461112433
TAACGACGTCGAGCAA-1,Oligo MOG OPALIN,0.9999896884407291
TAACGACTCTTGAACG-1,InN LAMP5 RELN,0.9995730033826159
TAACTTCAGAAATTCG-1,Oligo MOG OPALIN,0.9631279990899123
TAACTTCTCCCTAGGG-1,L2-3 CUX2 ACVR1C THSD7A,0.9288780262009521
TAAGCACCATTGCAAC-1,Astro AQP4 SLC1A2,0.9972985298120285
TAAGCACGTCCAACGC-1,L6 OPRK1 THEMIS RGS6,0.9996445381134607
TAAGCACGTGATCGTT-1,OPC PDGFRA PCDH15,0.9999999999277029
TAAGCACGTTGCTTGA-1,Oligo MOG OPALIN,0.9999986803988111
TAAGCACTCACTCCGT-1,L6 OPRK1 THEMIS RGS6,0.9879665131476042
TAAGCACTCTTGGTCC-1,Endo CLDN5 SLC7A5,0.5485658307057806
TAAGCCAAGCGTGTTT-1,Astro AQP4 SLC1A2,0.894531476596747
TAAGCCACACCGTCTT-1,Oligo MOG OPALIN,0.998880978023503
TAAGCCACATAGGTAA-1,Oligo MOG OPALIN,0.9914153672248822
TAAGCCATCCACTTTA-1,Oligo MOG OPALIN,0.9998818527483558
TAAGCGTAGATAGGGA-1,Oligo MOG OPALIN,0.9999545170613491
TAAGCGTAGCCAACCC-1,Endo CLDN5 SLC7A5,0.9517048396433514
TAAGCGTAGGCTAGCA-1,Oligo MOG OPALIN,0.9997412705880153
TAAGCGTCATTGAGGG-1,Endo CLDN5 SLC7A5,0.7270934448213204
TAAGCGTGTGTTTGCA-1,InN VIP HS3ST3B1,0.23818866569722671
TAAGCGTTCTCACTCG-1,L2-3 CUX2 ACVR1C THSD7A,0.9894759962116528
TAAGTCGAGATCGCTT-1,Oligo MOG OPALIN,0.9962184658222951
TAAGTCGTCAGGGTAG-1,InN VIP CLSTN2,0.9997239963532244
TAATCTCAGCCGAATG-1,L3-5 RORB MKX DCC,0.9792371010639236
TAATCTCCAGTAGTGG-1,L6 OPRK1 SMYD1 ADAMTS17,0.09457338031954625
TAATCTCCATAAGCGG-1,PC P2RY14 GRM8,0.7560415780472768
TAATCTCTCACGAGGA-1,Oligo MOG GSN,0.9060003501877854
TAATCTCTCGACCCAG-1,Oligo MOG OPALIN,0.9999792848705861
TAATTCCAGTATGGCG-1,Endo CLDN5 SLC7A5,0.7784541333675019
TAATTCCAGTGAGGTC-1,Astro AQP4 SLC1A2,0.8532821334704088
TAATTCCCACGACCTG-1,L2-3 CUX2 NTNG1 COL5A2,0.17226666483769376
TAATTCCCACTACACA-1,L2-3 CUX2 ACVR1C THSD7A,0.8532824863756421
TAATTCCCACTCACTC-1,Endo CLDN5 SLC7A5,0.9139506021771999
TAATTCCCATCCTAAG-1,Oligo MOG OPALIN,0.9998851607493927
TAATTCCCATGTAACC-1,Oligo MOG OPALIN,0.998886721390049
TAATTCCGTGCCGAAA-1,InN ADARB2 COL5A2,0.5855034026566348
TAATTCCTCGCATTAG-1,Oligo MOG OPALIN,0.9998730992558971
TAATTCCTCTCGTGAA-1,InN PVALB ANOS1,0.6344278196009379
TACAACGAGCTCGTGC-1,Oligo MOG OPALIN,0.9540105059030912
TACAACGCATATAGCC-1,L2-3 CUX2 ACVR1C THSD7A,0.9060989152757358
TACAACGGTGACGCCT-1,Endo CLDN5 SLC7A5,0.7281057893879687
TACACCCCAAGAGGCT-1,Oligo MOG OPALIN,0.9999954687959279
TACACCCGTCCGTTTC-1,L2-3 CUX2 ACVR1C THSD7A,0.0941058563921785
TACACCCGTTTGCCGG-1,Oligo MOG OPALIN,0.8403483128096665
TACACCCTCATTTGCT-1,Oligo MOG OPALIN,0.999611672172692
TACACCCTCTAGAGCT-1,Oligo MOG OPALIN,0.999668769021863
TACACCCTCTCAGAAC-1,Micro P2RY12 APBB1IP,0.9687612888357068
TACAGGTCAACGACAG-1,InN SST ADAMTSL1,0.9669864376595675
TACAGGTGTAGTACGG-1,Endo CLDN5 SLC7A5,0.9813287511570812
TACAGGTGTGACTCGC-1,L3-5 RORB MKX DCC,0.9886451438807162
TACAGGTGTGTCTTGA-1,Oligo MOG OPALIN,0.9999885029154858
TACAGGTTCACAAGAA-1,L2-4 CUX2 RORB CLMN,0.9568818233267837
TACATTCCAACAGATA-1,Oligo MOG OPALIN,0.9999684065800163
TACATTCCAACGATTC-1,InN VIP FREM2,0.19418845089972803
TACATTCGTTATTCTC-1,Oligo MOG OPALIN,0.9943453594952092
TACATTCTCACAGTGT-1,Oligo MOG OPALIN,0.998135942618972
TACATTCTCAGTCTTT-1,L3-5 RORB MKX GRIN3A,0.2766189369020141
TACATTCTCTCCGTGT-1,Oligo MOG OPALIN,0.9948285523164273
TACCCACGTACAGAGC-1,InN PVALB PIEZO2,0.15900024224274104
TACCCACTCACCTTAT-1,Oligo MOG OPALIN,0.9935564754223689
TACCCACTCGGTGAAG-1,Endo CLDN5 SLC7A5,0.992628232503708
TACCCGTAGAGTCAAT-1,L3-5 RORB MKX GALR1,0.05230961510474838
TACCCGTAGAGTTCGG-1,L3-5 RORB MKX DCC,0.999930732727259
TACCCGTCAGATCACT-1,L3-5 RORB MKX GRIN3A,0.6920824963589297
TACCCGTGTACCTGTA-1,Oligo MOG OPALIN,0.04442675484487788
TACCCGTTCCATTGGA-1,InN ADARB2 FAM19A1,0.9233895613550294
TACCGAACAGCCCACA-1,L2-3 CUX2 ACVR1C THSD7A,0.11302739382778194
TACCGAAGTTGTGGAG-1,Micro P2RY12 APBB1IP,0.25227304811141865
TACCGAATCGGTCGGT-1,Endo CLDN5 SLC7A5,0.7654419055983472
TACCGGGAGAAGGCTC-1,InN ADARB2 FAM19A1,0.9989252660874774
TACCGGGCAACACAAA-1,Endo CLDN5 SLC7A5,0.9906570714736024
TACCGGGCAGAGATTA-1,Micro P2RY12 APBB1IP,0.9959112480280761
TACCGGGGTCAAAGCG-1,Oligo MOG OPALIN,0.9999857748202345
TACCGGGGTGCCCACA-1,InN SST HS3ST5,0.19677332494274738
TACCGGGTCTCTCTTC-1,Oligo MOG OPALIN,0.9997596479468838
TACCTCGAGCAATTCC-1,Oligo MOG OPALIN,0.9999839690860678
TACCTCGCAAAGCTCT-1,Endo CLDN5 SLC7A5,0.9983697956511154
TACCTCGCAACAGTGG-1,Oligo MOG OPALIN,0.9999899280812957
TACCTCGCATGACTGT-1,OPC PDGFRA PCDH15,0.9999999877733828
TACCTCGGTTAAGGGC-1,Oligo MOG OPALIN,0.9635166954309268
TACCTCGTCACAATGC-1,L2-3 CUX2 ACVR1C THSD7A,0.4243723271670158
TACCTCGTCTAGTTCT-1,Oligo MOG OPALIN,0.9999955682973303
TACCTGCAGATAGGGA-1,Micro P2RY12 APBB1IP,0.4480402323800309
TACCTGCGTTCTCTAT-1,L2-3 CUX2 ACVR1C THSD7A,0.9987654186985008
TACCTGCGTTGCATTG-1,Astro GFAP AQP1,0.9536882407463881
TACCTGCTCTTCGACC-1,Endo CLDN5 SLC7A5,0.607816537356364
TACGCTCAGGTTGAGC-1,Oligo MOG OPALIN,0.3581344330119398
TACGCTCAGTGCGACA-1,Oligo MOG GSN,0.7670196733954812
TACGCTCCATTCGATG-1,Astro GFAP FABP7,0.9999979423971297
TACGCTCTCCCAATAG-1,Astro AQP4 SLC1A2,0.35533377443302777
TACGCTCTCGACACTA-1,Astro AQP4 SLC1A2,0.9996743073793387
TACGGGCCAGCGTTTA-1,InN SST ADAMTSL1,0.44545398831379207
TACGGGCGTCCTGTCT-1,Endo CLDN5 SLC7A5,0.9715467168982688
TACGGGCGTCTGTCCT-1,PC P2RY14 GRM8,0.38021479041160655
TACGGGCGTTCGTTCC-1,Oligo MOG OPALIN,0.5303048116022041
TACGGGCTCGGATAAA-1,Astro AQP4 SLC1A2,0.99900604427909
TACGGTACAAGTACCT-1,Endo CLDN5 SLC7A5,0.912883499805083
TACGGTAGTGCGAACA-1,Astro AQP4 SLC1A2,0.0660048639348657
TACGGTAGTGGGACAT-1,Endo CLDN5 SLC7A5,0.4150735386346547
TACGGTAGTTGCACGC-1,Oligo MOG OPALIN,0.7197703194152724
TACGTCCAGAGAGCGG-1,L2-3 CUX2 ACVR1C INHBA,0.3132432500402826
TACGTCCAGGATGAGA-1,PC P2RY14 GRM8,0.9990436593713572
TACGTCCTCAAGCGTT-1,Oligo MOG OPALIN,0.9999973085396396
TACGTCCTCGCCTTGT-1,Endo CLDN5 SLC7A5,0.9837202294870332
TACTGCCAGAAATTCG-1,Oligo MOG GSN,0.9999978705603657
TACTGCCAGACCAACG-1,InN PVALB ANOS1,0.9543572439103322
TACTGCCAGGGCGAGA-1,Oligo MOG OPALIN,0.9999990555797866
TACTGCCCATCCGAGC-1,Endo CLDN5 SLC7A5,0.3269209244643111
TACTGCCCATTAGGAA-1,Endo CLDN5 SLC7A5,0.9031644540600927
TACTGCCGTAGCCAGA-1,Endo CLDN5 SLC7A5,0.3910458433739748
TACTGCCTCTCATAGG-1,Micro P2RY12 APBB1IP,0.9993159108470809
TACTGCCTCTCGTTTA-1,InN PVALB PIEZO2,0.8598425455543739
TACTTACAGGTACCTT-1,PC P2RY14 GRM8,0.9999993498715839
TACTTACCAGCACAGA-1,L2-3 CUX2 NTNG1 COL5A2,0.15771348143450953
TACTTACGTATTGCCA-1,OPC PDGFRA PCDH15,0.9999999980857999
TACTTACTCCAAACCA-1,Micro P2RY12 APBB1IP,0.863390160119533
TACTTACTCTTTGATC-1,Oligo MOG OPALIN,0.9999872693920385
TACTTCAAGCGCCCAT-1,Oligo MOG OPALIN,0.999939673741642
TACTTCACACGCGCTA-1,InN PVALB GRIN2C,0.531208525198389
TACTTCACACTCCTGT-1,Oligo MOG OPALIN,0.9999936701314449
TACTTCAGTAGAGTTA-1,PC P2RY14 GRM8,0.9999891310415205
TACTTCAGTGATTCAC-1,Oligo MOG OPALIN,0.823322388873712
TACTTCATCTTCTGGC-1,InN VIP CLSTN2,0.9211993857986736
TACTTGTAGACATAAC-1,InN VIP CLSTN2,0.5041984761873052
TACTTGTAGTAATACG-1,L3-5 RORB TNNT2 TSHZ2,0.7644394291693943
TACTTGTCATTAAGCC-1,Oligo MOG OPALIN,0.9999701703881555
TACTTGTGTGCAATAA-1,Oligo MOG OPALIN,0.9971011320527156
TACTTGTTCACCGGTG-1,Oligo MOG OPALIN,0.9999666818053599
TACTTGTTCGACGCGT-1,Endo CLDN5 SLC7A5,0.7379672693294469
TACTTGTTCTAAGGAA-1,Oligo MOG OPALIN,0.9999696557772312
TACTTGTTCTGCGATA-1,Endo CLDN5 SLC7A5,0.1279213666348417
TAGACCAAGAAGCGAA-1,Endo CLDN5 SLC7A5,0.4985358656480214
TAGACCACAACCCTCT-1,Endo CLDN5 SLC7A5,0.882243088612328
TAGACCACACACGGTC-1,Oligo MOG OPALIN,0.9975531960264282
TAGACCACACTGAGGA-1,Oligo MOG OPALIN,0.8954571740187123
TAGACCACATCGTCCT-1,Oligo MOG GSN,0.2483442119831748
TAGACCAGTACGGGAT-1,InN VIP CLSTN2,0.050750389250523935
TAGACCAGTAGAGCTG-1,OPC PDGFRA PCDH15,0.9999999995195463
TAGACCAGTATCCTCC-1,Oligo MOG OPALIN,0.9999911796524718
TAGACTGCACTCCCTA-1,Astro GFAP FABP7,0.9815664696573669
TAGACTGTCCCTTGTG-1,Astro AQP4 SLC1A2,0.9966888415720705
TAGACTGTCCGCGATG-1,Oligo MOG OPALIN,0.9999697029256019
TAGAGTCAGTCGGCAA-1,Endo CLDN5 SLC7A5,0.29535934742627995
TAGAGTCCACCCTATC-1,Endo CLDN5 SLC7A5,0.04526665889044732
TAGAGTCCATAACGGG-1,L6 OPRK1 THEMIS RGS6,0.8896201113582877
TAGAGTCGTTAGCGGA-1,L2-3 CUX2 ACVR1C THSD7A,0.7659853370550549
TAGAGTCTCTTACACT-1,InN SST HTR2C,0.03761457852502184
TAGATCGCAATGAAAC-1,OPC PDGFRA PCDH15,0.9999999999999964
TAGATCGCATTCAGCA-1,Oligo MOG OPALIN,0.8953756518077315
TAGATCGTCGGACGTC-1,Astro GFAP AQP1,0.7756824181022958
TAGATCGTCGTTAGTG-1,L6 FEZF2 NPFFR2 TPD52L1,0.4568426738295588
TAGCACACAACGGCCT-1,Oligo MOG OPALIN,0.9998878230994199
TAGCACACATGTCGTA-1,Oligo MOG OPALIN,0.990542324230167
TAGGAGGAGATAGCTA-1,OPC PDGFRA PCDH15,0.9999999923830766
TAGGAGGAGGATACAT-1,L3-5 RORB MKX DCC,0.9967563249040009
TAGGAGGAGGTCACCC-1,InN VIP MEGF11 LHFP,0.9444542734300203
TAGGAGGCAAGCTACT-1,Endo CLDN5 SLC7A5,0.3766490134723569
TAGGAGGCAGTTACCA-1,L3-5 RORB MKX GRIN3A,0.9751389701989184
TAGGAGGGTTCCAAAC-1,Oligo MOG OPALIN,0.9695809150255372
TAGGGTTAGCCTGACC-1,InN SST FREM1,0.9998410929666494
TAGGGTTCACAAGGTG-1,PC P2RY14 GRM8,0.9999724728535883
TAGGGTTGTGATGGCA-1,Endo CLDN5 SLC7A5,0.9981974039609137
TAGGGTTGTTAGAGTA-1,L6 FEZF2 HCRTR2 THSD7B,0.4001496868079435
TAGGGTTTCAACCTCC-1,Oligo MOG GSN,0.9999999882418696
TAGGTACAGGAGCAAA-1,Astro AQP4 SLC1A2,0.9957158453297785
TAGGTACAGGCAGCTA-1,Endo CLDN5 SLC7A5,0.7558891517124651
TAGGTACAGTAAGCAT-1,L6 OPRK1 SMYD1 SNTB1,0.44287029922747806
TAGGTACCACTCCCTA-1,L2-3 CUX2 ACVR1C THSD7A,0.9958737069844699
TAGGTTGAGACTCTTG-1,Endo CLDN5 SLC7A5,0.6526083318613587
TAGGTTGAGCTGGCTC-1,Oligo MOG OPALIN,0.9998638996298509
TAGGTTGGTACCTATG-1,InN ADARB2 COL5A2,0.8164750975199448
TAGGTTGGTCCGACGT-1,Oligo MOG OPALIN,0.8765226997408612
TAGGTTGGTTCCGCAG-1,InN VIP EXPH5,0.9917006135838184
TAGGTTGTCGTGGCGT-1,Endo CLDN5 SLC7A5,0.9666261846550003
TAGTGCAAGATCCAAA-1,L6 OPRK1 THEMIS RGS6,0.9984807653640644
TAGTGCAAGGTTGAGC-1,Oligo MOG OPALIN,0.9999993605257412
TAGTGCAAGTCAACAA-1,PC P2RY14 GRM8,0.9972573032745724
TAGTGCACAAGAAATC-1,Oligo MOG OPALIN,0.2986679379745071
TAGTGCACACAAAGTA-1,Astro GFAP FABP7,0.9936452987555078
TAGTGCACACATGGTT-1,Oligo MOG OPALIN,0.9994039308657006
TAGTGCACAGTCGTTA-1,Oligo MOG OPALIN,0.9944507817281545
TAGTGCACATACAGCT-1,Endo CLDN5 SLC7A5,0.17659582267204282
TAGTGCACATGAGGGT-1,L3-5 RORB MKX GRIN3A,0.76582515503917
TAGTGCACATTCCTCG-1,Astro GFAP FABP7,0.9120755254638214
TAGTGCATCTTGCAGA-1,Oligo MOG OPALIN,0.9999935491073251
TATACCTAGCCGATAG-1,L2-4 CUX2 RORB CLMN,0.25358017423055385
TATACCTCAAATCAGA-1,Oligo MOG OPALIN,0.9884391852375917
TATACCTCATAACTCG-1,InN VIP EGF,0.985103476386004
TATACCTCATGACACT-1,Endo CLDN5 SLC7A5,0.9089960638456018
TATACCTTCGTTAGTG-1,L2-3 CUX2 ACVR1C THSD7A,0.31497264950446613
TATACCTTCTCGTCAC-1,Oligo MOG OPALIN,0.9998884056316618
TATATCCAGACTTGTC-1,Astro GFAP FABP7,0.986661187318519
TATATCCAGGATATGT-1,Oligo MOG OPALIN,0.9999907449853341
TATATCCCAGTCAGAG-1,Oligo MOG OPALIN,0.9955923247761918
TATATCCTCAGTCATG-1,Oligo MOG OPALIN,0.930325669829819
TATATCCTCGGTAAGG-1,Oligo MOG OPALIN,0.9962393701512661
TATCAGGAGCTGGTGA-1,Oligo MOG OPALIN,0.9998117447297437
TATCAGGTCAAGCTTG-1,L2-3 CUX2 NTNG1 PALMD,0.49025106157978676
TATCAGGTCATCACAG-1,Oligo MOG OPALIN,0.16537997862364995
TATCAGGTCCTACGGG-1,Endo CLDN5 SLC7A5,0.8757610315231575
TATCAGGTCTAGTGTG-1,Micro P2RY12 APBB1IP,0.746114697275344
TATCAGGTCTCCCATG-1,Oligo MOG OPALIN,0.812585416621208
TATCCTACAAATACGA-1,L2-3 CUX2 NTNG1 PALMD,0.33347745369211995
TATCCTACACACGGAA-1,Astro AQP4 SLC1A2,0.9999541677291778
TATCCTACAGACCTGC-1,Astro AQP4 SLC1A2,0.9999624154980661
TATCCTAGTGTACGCC-1,Endo CLDN5 SLC7A5,0.9755126207503229
TATCCTATCAACCGAT-1,InN SST HS3ST5,0.9979459162451628
TATCCTATCAATCCAG-1,Endo CLDN5 SLC7A5,0.7884028262840577
TATCCTATCGAACCAT-1,Endo CLDN5 SLC7A5,0.8454411179844787
TATCCTATCGGAGTGA-1,Endo CLDN5 SLC7A5,0.29334102683988245
TATCGCCAGCGCTGAA-1,L2-3 CUX2 NTNG1 PALMD,0.9742695466397884
TATCGCCCAAAGGGCT-1,Oligo MOG OPALIN,0.9954421635704963
TATCGCCCATTACTCT-1,Oligo MOG OPALIN,0.6608477524708338
TATCGCCGTTGGGAAC-1,PC P2RY14 GRM8,0.9999929228038542
TATCTGTAGCAACAGC-1,Endo CLDN5 SLC7A5,0.9770838557600999
TATCTGTAGTAGGCCA-1,Oligo MOG OPALIN,0.9999985687935957
TATCTGTCAAATGGAT-1,Oligo MOG OPALIN,0.9999739865708251
TATCTGTGTCGCCACA-1,Oligo MOG OPALIN,0.9999966330220981
TATCTGTGTTACTCAG-1,Endo CLDN5 DKK2,0.9984780936261126
TATCTGTTCAGAACCT-1,L3-5 RORB MKX DCC,0.6509557525806636
TATCTTGAGTCGAAGC-1,Oligo MOG OPALIN,0.999140380922649
TATCTTGCAGATTAAG-1,Endo CLDN5 SLC7A5,0.8485605138712361
TATCTTGGTCCTTAAG-1,InN LAMP5 LHX6 TAC1,0.7329532122619439
TATCTTGTCGTCCTCA-1,Oligo MOG OPALIN,0.9391080804984739
TATGTTCAGGCCACTC-1,Endo CLDN5 SLC7A5,0.8393867520868245
TATGTTCAGTCCCAGC-1,Oligo MOG OPALIN,0.99996765274458
TATTCCAAGAGGTATT-1,Oligo MOG OPALIN,0.9997904706331052
TATTCCAGTCAGTCCG-1,Oligo MOG OPALIN,0.9977835723929158
TATTCCAGTTGTGCCG-1,L2-3 CUX2 NTNG1 PALMD,0.07783313253399102
TATTCCATCAGGAGAC-1,Endo CLDN5 SLC7A5,0.9133236155616064
TATTCCATCCGGCTTT-1,Oligo MOG OPALIN,0.8602093579319249
TATTCCATCGTTGCCT-1,Endo CLDN5 SLC7A5,0.3980626178008955
TATTGCTCAAACCACT-1,Endo CLDN5 SLC7A5,0.18570618373650877
TATTGCTTCCATACAG-1,Endo CLDN5 SLC7A5,0.4591962831043837
TATTGGGAGGCACAAC-1,Endo CLDN5 SLC7A5,0.6782228799468935
TATTGGGAGTGCTAGG-1,Oligo MOG GSN,0.9792764612900459
TATTGGGGTAATGCGG-1,Oligo MOG OPALIN,0.9998918241011655
TATTGGGTCCTTGACC-1,Endo CLDN5 SLC7A5,0.9574142962589888
TATTTCGAGACCATTC-1,PC P2RY14 GRM8,0.16960319630453008
TATTTCGAGTGATAAC-1,L2-3 CUX2 ACVR1C INHBA,0.046120600387916676
TCAAGACAGCCATTGT-1,Oligo MOG OPALIN,0.9999619108123508
TCAAGACCAACCCTCT-1,L3-5 RORB MKX DCC,0.5094286629442086
TCAAGCACAATGAGCG-1,Astro AQP4 SLC1A2,0.7400222847163357
TCAAGCACATAATCGC-1,PC P2RY14 GRM8,0.9999247886367514
TCAAGCATCCTACTGC-1,L2-3 CUX2 NTNG1 PALMD,0.6593977676218937
TCAAGTGAGATAGCAT-1,Oligo MOG OPALIN,0.9999999552713446
TCAAGTGCATGGACAG-1,Oligo MOG OPALIN,0.951808391247564
TCAAGTGTCGAACACT-1,OPC PDGFRA PCDH15,0.9999999998815425
TCAATCTAGCAGGGAG-1,Astro AQP4 SLC1A2,0.6414224399861522
TCAATCTAGGATGTTA-1,Oligo MOG OPALIN,0.9999997862793727
TCAATCTAGTTAGTGA-1,L2-3 CUX2 ACVR1C THSD7A,0.9559712533406272
TCAATCTCAGGCACAA-1,Oligo MOG OPALIN,0.9985938697221648
TCAATCTGTCTGATCA-1,L6 OPRK1 SMYD1 SNTB1,0.37464630299035695
TCAATCTTCATCGGGC-1,Endo CLDN5 SLC7A5,0.5022639971400542
TCAATTCCAATAACGA-1,InN SST ADRA1D,0.9958071783498894
TCAATTCTCGATCCAA-1,Oligo MOG OPALIN,0.9998294385658613
TCACAAGAGCATGGGT-1,Endo CLDN5 SLC7A5,0.6039953803028437
TCACAAGAGCTTTGTG-1,Oligo MOG OPALIN,0.9999127496014001
TCACAAGAGTACGAGC-1,Astro AQP4 SLC1A2,0.16306347999357626
TCACAAGCACGTTGGC-1,Astro GFAP FABP7,0.9962318604795893
TCACAAGTCTAGAGCT-1,Oligo MOG OPALIN,0.9995744989008318
TCACACCAGGTTATAG-1,Endo CLDN5 SLC7A5,0.8655887710973131
TCACACCCAACACACT-1,Endo CLDN5 SLC7A5,0.48397509983473164
TCACACCCAAGCGAGT-1,Oligo MOG OPALIN,0.9983210478410186
TCACACCCAATGAGCG-1,Oligo MOG OPALIN,0.9970496847966696
TCACACCCATGAATCC-1,L6 FEZF2 DCBLD1 MITF,0.9698556943872304
TCACACCCATGTTACG-1,Endo CLDN5 SLC7A5,0.7457880725280803
TCACACCGTATAGGAT-1,InN SST FREM1,0.9992823234019735
TCACACCGTTATCTGG-1,Oligo MOG OPALIN,0.9840070842066567
TCACATTAGAGGCGGA-1,Oligo MOG OPALIN,0.9999141776995445
TCACATTAGCTGTCCG-1,Endo CLDN5 SLC7A5,0.7810865250631613
TCACATTCAGGATTCT-1,InN VIP EXPH5,0.9999138894919769
TCACATTTCGTCGGGT-1,PC P2RY14 GRM8,0.21855005292698187
TCACGCTAGATGAAGG-1,InN VIP EXPH5,0.9827130462577923
TCACGCTCAGACTCTA-1,L2-3 CUX2 ACVR1C INHBA,0.2958780900618601
TCACGCTTCCCTCATG-1,Endo CLDN5 SLC7A5,0.938490391124799
TCACGCTTCCGCTAGG-1,Endo CLDN5 SLC7A5,0.9948038035869052
TCACGGGCAAGACTGG-1,Oligo MOG OPALIN,0.999999094066145
TCACGGGTCAGTCTTT-1,PC P2RY14 GRM8,0.9995723750923127
TCACTATAGAGCCTGA-1,InN PVALB ANOS1,0.9551175496789753
TCACTCGCACCATATG-1,Oligo MOG OPALIN,0.975078929792494
TCACTCGCAGGCACTC-1,L6 FEZF2 AMOTL1 CDH6,0.9804512920106473
TCACTCGTCGACCCAG-1,Oligo MOG OPALIN,0.9811833833639947
TCACTCGTCTCGGTCT-1,Endo CLDN5 SLC7A5,0.9960114527087626
TCAGCAACATCATCTT-1,Endo CLDN5 SLC7A5,0.7004124153286653
TCAGCAATCTATCGCC-1,Endo CLDN5 SLC7A5,0.6025810330134398
TCAGCCTAGCATGTTC-1,L2-3 CUX2 NTNG1 PALMD,0.4888035972512387
TCAGCCTAGCGACATG-1,Oligo MOG OPALIN,0.9999677734725432
TCAGCCTTCATCACAG-1,Oligo MOG OPALIN,0.9993491357094415
TCAGCCTTCCATAAGC-1,Endo CLDN5 SLC7A5,0.47550546856298137
TCAGCCTTCGCTAAAC-1,Oligo MOG OPALIN,0.9993997357780108
TCAGGGCCAGTCACGC-1,Oligo MOG OPALIN,0.9816524671888994
TCAGGGCCATGGATCT-1,OPC PDGFRA PCDH15,0.9999735343223679
TCAGGGCTCCCGAATA-1,Oligo MOG OPALIN,0.8458410235055643
TCAGGTACAAACGAGC-1,Endo CLDN5 SLC7A5,0.9023115607286694
TCAGGTACAGGAATAT-1,InN SST STK32A,0.999184189388371
TCAGGTACAGGCGAAT-1,Oligo MOG OPALIN,0.9899587002811501
TCAGGTACAGTAGAGC-1,Endo CLDN5 SLC7A5,0.150700950985133
TCAGGTACATTGACTG-1,Micro P2RY12 APBB1IP,0.4472001857627333
TCAGGTAGTGACAACG-1,OPC PDGFRA PCDH15,0.9999999999998552
TCAGGTATCAACTGAC-1,Astro GFAP FABP7,0.9956626169905739
TCAGGTATCCTGGTCT-1,Astro AQP4 SLC1A2,0.3508644213891862
TCAGTCCCACGTTGGC-1,L2-3 CUX2 NTNG1 PALMD,0.409547048953777
TCAGTCCCAGAGATGC-1,Oligo MOG OPALIN,0.9998515544312996
TCAGTCCCATGACTCA-1,Endo CLDN5 SLC7A5,0.9716010757968148
TCAGTCCGTGTTTACG-1,Oligo MOG OPALIN,0.9993706692963025
TCAGTCCTCACTACTT-1,Endo CLDN5 SLC7A5,0.7503873736260495
TCAGTCCTCATCTGTT-1,L2-3 CUX2 NTNG1 PLCH1,0.11143989553019047
TCAGTGAAGGGTATAT-1,Endo CLDN5 SLC7A5,0.05216552290812645
TCAGTGAAGGTACAAT-1,L2-3 CUX2 ACVR1C THSD7A,0.8970083881633851
TCAGTGACATAGATGA-1,Oligo MOG OPALIN,0.9999200585593918
TCAGTTTGTTCATCGA-1,Endo CLDN5 SLC7A5,0.9820019894230457
TCAGTTTTCAGCTCTC-1,InN VIP ADAM12,0.9854163585515715
TCAGTTTTCGACATCA-1,Oligo MOG OPALIN,0.9999857247090768
TCATACTAGCCGCTTG-1,L2-3 CUX2 NTNG1 PALMD,0.21544929868655804
TCATACTAGGATCACG-1,Oligo MOG GSN,0.9546802201408799
TCATACTCATGAAAGT-1,Oligo MOG OPALIN,0.9985727516844476
TCATACTTCCCAGGAC-1,PC P2RY14 GRM8,0.9998939894425194
TCATATCAGACTTAAG-1,PC P2RY14 GRM8,0.9919012353519352
TCATATCAGCAACAGC-1,L2-3 CUX2 ACVR1C THSD7A,0.9979175716937663
TCATATCAGCAACTTC-1,Oligo MOG OPALIN,0.9990564949450387
TCATATCGTCGGTGAA-1,Astro GFAP FABP7,0.9842288072698824
TCATATCGTGATAGTA-1,Endo CLDN5 SLC7A5,0.1779641558024516
TCATCATCAACTGCTA-1,Endo CLDN5 SLC7A5,0.9588912584442398
TCATCATCAATTGAGA-1,Oligo MOG OPALIN,0.9999991061370909
TCATCATGTTACCTGA-1,Endo CLDN5 SLC7A5,0.9366404668601156
TCATCATGTTATTCCT-1,Oligo MOG OPALIN,0.999995464437008
TCATCCGAGGTAAGGA-1,Endo CLDN5 SLC7A5,0.7709585889902719
TCATCCGAGTACGAGC-1,PC P2RY14 GRM8,0.999999501544127
TCATCCGCACTCAAGT-1,Oligo MOG OPALIN,0.9999751017868151
TCATCCGCATCGAACT-1,Oligo MOG OPALIN,0.9924784861836969
TCATCCGGTACTAACC-1,Oligo MOG OPALIN,0.9998459160823248
TCATCCGTCAGCGCGT-1,InN PVALB ANOS1,0.7240733400012745
TCATGAGCAATAACGA-1,InN PVALB ANOS1,0.5437108558295056
TCATGAGGTATTGCCA-1,InN SST HTR2C,0.9917578453895994
TCATGAGTCGGTCTAA-1,L6 OPRK1 SMYD1 TSHZ2,0.8211345310930106
TCATGAGTCTCGCTCA-1,Oligo MOG OPALIN,0.9968716448649583
TCATGAGTCTCGTCGT-1,Endo CLDN5 SLC7A5,0.08850269968623897
TCATGCCAGGAAAGTG-1,Oligo MOG OPALIN,0.9999974173820029
TCATGCCGTTTGGCTA-1,Oligo MOG OPALIN,0.9997976265999182
TCATGGAAGACTCTTG-1,L3-5 RORB MKX GRIN3A,0.2792859056887257
TCATGGAAGGTTGGAC-1,Endo CLDN5 SLC7A5,0.9075331665509767
TCATGGAAGTAATACG-1,Endo CLDN5 SLC7A5,0.9988753501690297
TCATGGAAGTCGAAAT-1,Oligo MOG FRY,0.9991651126863765
TCATGGACAATTCACG-1,Astro AQP4 SLC1A2,0.025208051239565144
TCATGGAGTACTGAGG-1,Astro GFAP AQP1,0.999219372813136
TCATGGAGTAGGTGCA-1,Oligo MOG OPALIN,0.9998995482308642
TCATGGATCCATACAG-1,Oligo MOG OPALIN,0.9973465075371175
TCATGTTAGCATCTTG-1,Oligo MOG OPALIN,0.9999979344538282
TCATGTTAGTCACACT-1,L2-3 CUX2 NTNG1 PALMD,0.5424722732578794
TCATGTTCACGAGAAC-1,InN LAMP5 RELN,0.990290267881572
TCATGTTGTATGAAGT-1,Astro GFAP FABP7,0.9854046138931348
TCATGTTGTTTAAGGA-1,L6 FEZF2 NPFFR2 TPD52L1,0.9885749659102031
TCATTACAGACTCCGC-1,Oligo MOG OPALIN,0.9997757008988063
TCATTACAGCTCATAC-1,Astro AQP4 SLC1A2,0.9998397989733586
TCATTACCAGCAGTCC-1,Oligo MOG OPALIN,0.9999981212740974
TCATTACGTACGGGAT-1,L6 OPRK1 THEMIS RGS6,0.7201187982641049
TCATTACGTGCGTGCT-1,InN SST HS3ST5,0.7473946236493723
TCATTACGTGCTCTTC-1,Oligo MOG OPALIN,0.9966600819181737
TCATTACTCCCTCATG-1,Oligo MOG OPALIN,0.8415999093090237
TCATTCACAAGACAAT-1,Oligo MOG OPALIN,0.9999936880885051
TCATTCAGTCGCACGT-1,Oligo MOG OPALIN,0.9999971966018131
TCATTGTTCCGCTAGG-1,Oligo MOG OPALIN,0.9768791970024155
TCATTGTTCTGAGAAA-1,Oligo MOG OPALIN,0.9997892897911584
TCATTTGAGAGCCTGA-1,Oligo MOG OPALIN,0.9882072705496336
TCATTTGAGCCAAGTG-1,InN VIP EXPH5,0.9959891197152083
TCATTTGCATCCTTGC-1,Endo CLDN5 SLC7A5,0.8049208072753826
TCATTTGGTGGATTTC-1,Astro GFAP FABP7,0.9821892825587095
TCATTTGTCCAGTGTA-1,Oligo MOG OPALIN,0.9999798181772734
TCATTTGTCGAACCTA-1,OPC PDGFRA PCDH15,0.9999999999999998
TCCACCAAGGTAGTAT-1,Micro P2RY12 APBB1IP,0.7506355234108835
TCCACCAAGTTTGCTG-1,InN PVALB ANOS1,0.8938396232843537
TCCACCACAGAGGTTG-1,Oligo MOG OPALIN,0.9993077810060359
TCCACCAGTAGGAGTC-1,Endo CLDN5 SLC7A5,0.7195737122466085
TCCACCAGTGTCTTGA-1,Oligo MOG OPALIN,0.99755870841079
TCCACCATCGGTGTAT-1,Oligo MOG OPALIN,0.6860887472749945
TCCACGTAGTACGAGC-1,Endo CLDN5 SLC7A5,0.055069628836932664
TCCACGTAGTCGGGAT-1,PC P2RY14 GRM8,0.9999916213523767
TCCACGTCAGATCATC-1,Oligo MOG OPALIN,0.9999986134263731
TCCACGTCATCGTCCT-1,Micro P2RY12 APBB1IP,0.9915202979857309
TCCACGTGTACACTCA-1,Micro P2RY12 APBB1IP,0.7984123827752518
TCCAGAAAGGATTACA-1,Micro P2RY12 APBB1IP,0.9671355651801837
TCCAGAAAGTGTAGAT-1,InN SST ADAMTSL1,0.19265475793150577
TCCAGAACAACTCATG-1,PC P2RY14 GRM8,0.9999838517892663
TCCAGAACAGAGTAAT-1,L2-3 CUX2 ACVR1C THSD7A,0.10133243837974064
TCCAGAAGTGTGTACT-1,Oligo MOG GSN,0.9999982627312091
TCCAGAATCAACGCTA-1,Oligo MOG OPALIN,0.9999678712106852
TCCATCGCAAGCCCAC-1,Oligo MOG OPALIN,0.9842964995876188
TCCATCGTCCCATTCG-1,Oligo MOG OPALIN,0.9999647856984097
TCCATCGTCGCTAATG-1,Oligo MOG OPALIN,0.9999238890609573
TCCATCGTCTACAGGT-1,PC P2RY14 GRM8,0.9995833359713447
TCCATGCAGATACCAA-1,L2-3 CUX2 NTNG1 PALMD,0.6662462647266696
TCCATGCAGCGTATGG-1,Astro AQP4 SLC1A2,0.913951831330242
TCCATGCAGTAGCAAT-1,Oligo MOG OPALIN,0.06461076029412477
TCCATGCCAAACGTGG-1,Oligo MOG OPALIN,0.9998910842165416
TCCATGCGTAAGGCCA-1,Endo CLDN5 SLC7A5,0.8907323253346164
TCCATGCGTCGCGGTT-1,Oligo MOG OPALIN,0.9996088378785785
TCCATGCTCCTACACC-1,Endo CLDN5 SLC7A5,0.2086277426171139
TCCCACAAGGGAGGCA-1,Oligo MOG OPALIN,0.9998864326007296
TCCCACACAGCTACTA-1,Oligo MOG OPALIN,0.9999327956397076
TCCCACAGTGAGACGT-1,Oligo MOG OPALIN,0.9999705834554556
TCCCAGTAGCCTGACC-1,L2-3 CUX2 NTNG1 PALMD,0.837774411796546
TCCCAGTCAATCGCCG-1,Oligo MOG OPALIN,0.9999963500638277
TCCCAGTCACAAGTTC-1,Oligo MOG OPALIN,0.9999228906127564
TCCCAGTCAGGTATGG-1,Oligo MOG OPALIN,0.999715864731121
TCCCAGTCATAACTCG-1,L3-5 RORB GABRG1 KCNH7,0.4527299403206901
TCCCAGTGTCGCGTTG-1,T SKAP1 CD247,0.9999960990069099
TCCCAGTTCCAAATGC-1,Astro AQP4 SLC1A2,0.8284643627024999
TCCCAGTTCCGTGTCT-1,L6 OPRK1 THEMIS RGS6,0.9372322030830726
TCCCAGTTCGTTGCCT-1,L5-6 FEZF2 NXPH2 CDH8,0.8603244619553689
TCCCATGAGAATACAC-1,Astro GFAP AQP1,0.9995507292277426
TCCCATGCACCTCAGG-1,Astro GFAP FABP7,0.8881620692729028
TCCCATGGTACGGATG-1,Astro AQP4 SLC1A2,0.9502992586903053
TCCCATGGTAGGATAT-1,Endo CLDN5 SLC7A5,0.2429708675597819
TCCCATGTCGAGCACC-1,InN PVALB PIEZO2,0.11620701143847166
TCCGAAACAAAGGAGA-1,InN VIP EXPH5,0.9968246728591885
TCCGAAATCAAGCGTT-1,PC P2RY14 GRM8,0.9999716469511671
TCCGAAATCATCGGGC-1,Astro GFAP AQP1,0.7240544995409824
TCCGAAATCGCGCTGA-1,Oligo MOG OPALIN,0.9949984553454564
TCCGAAATCTGGGCAC-1,InN VIP CLSTN2,0.23108146450794503
TCCGATCAGGGCCAAT-1,Micro P2RY12 GLDN,0.7624653450675424
TCCGATCCAACCGCCA-1,Endo CLDN5 SLC7A5,0.8978097277699061
TCCGATCGTGACAGGT-1,Oligo MOG OPALIN,0.9938753193530251
TCCGATCGTTCACGAT-1,Oligo MOG OPALIN,0.9348361809315189
TCCGATCTCCAACTGA-1,Oligo MOG OPALIN,0.9999959426162224
TCCGGGAAGACTCTAC-1,L2-3 CUX2 NTNG1 COL5A2,0.2950182935571306
TCCGGGAAGAGCCGAT-1,Oligo MOG OPALIN,0.9999733527489436
TCCGGGAAGGTCACAG-1,Oligo MOG OPALIN,0.9998885805608538
TCCGGGACACAATGTC-1,Endo CLDN5 SLC7A5,0.98701813910062
TCCGGGACAGGATTCT-1,Oligo MOG OPALIN,0.9998408003546502
TCCGGGATCTTAGCTT-1,L2-3 CUX2 ACVR1C THSD7A,0.9998588977134649
TCCGTGTCAAACTAGA-1,L2-4 CUX2 RORB CLMN,0.08746706632664365
TCCGTGTCACTTCATT-1,Astro AQP4 SLC1A2,0.8738551404069967
TCCGTGTCAGTCCGTG-1,PC P2RY14 GRM8,0.9999946594317817
TCCGTGTGTATTCCGA-1,Endo CLDN5 SLC7A5,0.8011347240300986
TCCGTGTGTATTCCTT-1,Endo CLDN5 SLC7A5,0.269665076882348
TCCGTGTGTGTCTTCC-1,Astro GFAP FABP7,0.999359971864659
TCCGTGTTCGTCAACA-1,Endo CLDN5 SLC7A5,0.8886202832085056
TCCGTGTTCTGTTCAT-1,Oligo MOG OPALIN,0.9999767825779113
TCCTAATAGGGCTTCC-1,Oligo MOG GSN,0.854742221327017
TCCTAATGTAGTCTTG-1,InN LAMP5 RELN,0.9742876707143131
TCCTAATTCAATCAGC-1,Endo CLDN5 SLC7A5,0.558136677534039
TCCTAATTCGACGCTG-1,PC P2RY14 GRM8,0.9996835944609633
TCCTCCCAGATTACCC-1,OPC PDGFRA PCDH15,0.9999999758119972
TCCTCCCCAAGATCCT-1,Oligo MOG OPALIN,0.9996010497146713
TCCTCCCGTCCAACGC-1,L6 FEZF2 SYT6 CDH9,0.6511372224122128
TCCTCCCTCATCCTGC-1,Endo CLDN5 SLC7A5,0.5429862355529117
TCCTCCCTCTTCACGC-1,Endo CLDN5 SLC7A5,0.4182726598550624
TCCTCCCTCTTCTCAA-1,Astro AQP4 SLC1A2,0.9433378623165639
TCCTCGACAAATTGCC-1,InN PVALB HPSE,0.9879993139930291
TCCTCGACACACCTGG-1,Oligo MOG OPALIN,0.9827690736702696
TCCTCGACAGCTTCGG-1,Astro AQP4 SLC1A2,0.23778445935263412
TCCTCGAGTATACCTG-1,Endo CLDN5 SLC7A5,0.3060548373229536
TCCTCGAGTCTGTGCG-1,L2-3 CUX2 NTNG1 PALMD,0.19508291594076616
TCCTCGATCTCACTCG-1,Oligo MOG OPALIN,0.9996256653074972
TCCTCGATCTCGCTTG-1,L2-3 CUX2 ACVR1C THSD7A,0.16665878545891594
TCCTCTTCATCTAGAC-1,Oligo MOG OPALIN,0.9980461062967847
TCCTCTTGTTAGCTAC-1,Oligo MOG OPALIN,0.9999894622615705
TCCTCTTTCGGCTTGG-1,Oligo MOG OPALIN,0.9998954934811654
TCCTCTTTCTCGACGG-1,Oligo MOG OPALIN,0.8731800477398908
TCCTCTTTCTGGGTCG-1,L2-3 CUX2 NTNG1 PALMD,0.04331380304323964
TCCTGCAAGGCATGCA-1,Oligo MOG OPALIN,0.9998831852972171
TCCTGCAGTTCACGAT-1,Endo CLDN5 SLC7A5,0.8623414715880627
TCCTGCATCAGCTGTA-1,Astro AQP4 SLC1A2,0.6878286308966661
TCCTGCATCCTGGGTG-1,Endo CLDN5 SLC7A5,0.9300662116625493
TCCTTCTCAACTGTGT-1,Oligo MOG OPALIN,0.9789080538605688
TCCTTTCCAGATTTCG-1,Oligo MOG OPALIN,0.9999367494073217
TCCTTTCGTAATACCC-1,Endo CLDN5 SLC7A5,0.7267669459301175
TCCTTTCTCTGAATGC-1,Endo CLDN5 SLC7A5,0.4270610488728867
TCGAACAAGAAATGGG-1,Oligo MOG OPALIN,0.9999938404875872
TCGAACAAGCATCCCG-1,Micro P2RY12 APBB1IP,0.8785787169665286
TCGAACACACAACGCC-1,Astro GFAP FABP7,0.9999924968099247
TCGAACACACCCTGAG-1,Micro P2RY12 APBB1IP,0.9328272806367266
TCGAACAGTAACTAAG-1,T SKAP1 CD247,0.9958838856787183
TCGAAGTAGTAAGAGG-1,Oligo MOG OPALIN,0.9999626292509514
TCGAAGTCAGGCTACC-1,Endo CLDN5 SLC7A5,0.8608611160453468
TCGAAGTCAGGTTCAT-1,Oligo MOG OPALIN,0.9999695198022298
TCGACCTAGCGTCTGC-1,Oligo MOG OPALIN,0.9592418387161277
TCGACCTAGGTTGGTG-1,Oligo MOG OPALIN,0.9488934476229997
TCGACCTCAAACTCGT-1,Endo CLDN5 SLC7A5,0.8031011389377091
TCGACCTCAGGTATGG-1,Astro GFAP FABP7,0.9999829041440136
TCGACCTGTAGAGTTA-1,Endo CLDN5 SLC7A5,0.9624537530114999
TCGACGGGTCAAACGG-1,L2-3 CUX2 NTNG1 PALMD,0.2578440055001981
TCGACGGTCGCCATAA-1,Oligo MOG OPALIN,0.9999843647174792
TCGACGGTCTCTCAAT-1,Endo CLDN5 SLC7A5,0.057620175243577126
TCGATTTAGCGCAATG-1,InN SST KLHL14,0.9990756556174256
TCGATTTAGGCTGGAT-1,Astro AQP4 SLC1A2,0.9879869706745444
TCGATTTAGTGACCTT-1,L2-3 CUX2 NTNG1 COL5A2,0.34762483419266976
TCGATTTGTCACCGCA-1,InN VIP EXPH5,0.43574898739744317
TCGATTTTCGCTGTCT-1,Oligo MOG OPALIN,0.39650079984917275
TCGATTTTCGGTATGT-1,Oligo MOG OPALIN,0.9995902753664582
TCGCACTCAACCCTCT-1,PC P2RY14 GRM8,0.9965087232907698
TCGCACTCACCTTCGT-1,Oligo MOG OPALIN,0.9817012380648946
TCGCACTCACGAAGAC-1,L6 FEZF2 NPFFR2 TPD52L1,0.3082383315082921
TCGCACTGTAGCGATG-1,L3-5 RORB GABRG1 PTPRO,0.7967463364257196
TCGCAGGAGTTACGGG-1,L3-5 RORB MKX DCC,0.2599911609437164
TCGCAGGCATGACGGA-1,Astro GFAP FABP7,0.9958254246116856
TCGCAGGGTAGTTAGA-1,Astro AQP4 SLC1A2,0.9630191349323549
TCGCAGGTCCATAAGC-1,Oligo MOG OPALIN,0.9994716341665016
TCGCTCAAGGCTGGAT-1,PC P2RY14 GRM8,0.36135066710268554
TCGCTCATCATTCACT-1,Endo CLDN5 SLC7A5,0.9999467081373213
TCGCTCATCTCCTGCA-1,Endo CLDN5 SLC7A5,0.4551822271822928
TCGCTTGAGAAGGCTC-1,Oligo MOG OPALIN,0.1607546747187201
TCGCTTGAGGTAAACT-1,L6 FEZF2 AMOTL1 CDH6,0.5357965172033187
TCGCTTGCAATACGAA-1,L2-3 CUX2 ACVR1C THSD7A,0.9981844928092827
TCGCTTGGTCGAACAG-1,Astro GFAP FABP7,0.9999873669463015
TCGCTTGTCCTCTAGC-1,Astro GFAP AQP1,0.9860360008045606
TCGCTTGTCTCCCATG-1,InN SST HTR2C,0.9421082714383762
TCGCTTGTCTGGGAGA-1,PC P2RY14 GRM8,0.9699703906104282
TCGGATACAAGGCGTA-1,InN VIP MDGA1,0.11550187921354138
TCGGATAGTTCTGACA-1,Endo CLDN5 SLC7A5,0.9872953828013489
TCGGATATCATGACAC-1,L6 FEZF2 SYT6 CDH9,0.9952129752288922
TCGGGACAGCCGATAG-1,L2-3 CUX2 NTNG1 PLCH1,0.05049191447577018
TCGGGACAGCTGAGTG-1,InN SST ADRA1D,0.989732315333096
TCGGGACAGGTTGCCC-1,Oligo MOG OPALIN,0.9999995682892618
TCGGGACGTGAGTCAG-1,L2-3 CUX2 ACVR1C THSD7A,0.999905339806771
TCGGGACTCCCGTAAA-1,Oligo MOG OPALIN,0.9997661832269706
TCGGGACTCCTCCACA-1,Endo CLDN5 SLC7A5,0.9810751961125435
TCGGGACTCGAAGTGG-1,L2-3 CUX2 ACVR1C THSD7A,0.5795698090358323
TCGGGCAAGTGTTGAA-1,Oligo MOG OPALIN,0.9999004659985825
TCGGGCACACGGTCTG-1,L2-3 CUX2 ACVR1C THSD7A,0.9204536457640634
TCGGGCAGTACAGAGC-1,L3-5 RORB TNNT2 TSHZ2,0.12848196920044858
TCGGGCAGTGATGAAT-1,Oligo MOG OPALIN,0.9999898745768786
TCGGGCATCCCTCATG-1,Endo CLDN5 SLC7A5,0.8983557141018896
TCGGGTGAGCTACTAC-1,Endo CLDN5 SLC7A5,0.9659890051449119
TCGGGTGCAGACCGCT-1,Micro P2RY12 APBB1IP,0.8649295149992983
TCGGGTGCAGGTGACA-1,Oligo MOG OPALIN,0.998969131094956
TCGGGTGTCCTGCTAC-1,Endo CLDN5 SLC7A5,0.19734801129522994
TCGGTCTAGCTTAAGA-1,Oligo MOG OPALIN,0.9673164925874476
TCGGTCTCACGTCGGT-1,Endo CLDN5 SLC7A5,0.942670569507278
TCGGTCTGTTCGGCCA-1,Endo CLDN5 SLC7A5,0.9190224886133953
TCGGTCTTCACGAGGA-1,Oligo MOG OPALIN,0.9999753339957947
TCGTAGAAGTGATAGT-1,Oligo MOG OPALIN,0.9999397000652303
TCGTAGACATAATGAG-1,L3-5 RORB GABRG1 PTPRO,0.0930548350511196
TCGTAGATCCAAACCA-1,L2-3 CUX2 ACVR1C THSD7A,0.9648376665976902
TCGTAGATCTAACGCA-1,Oligo MOG OPALIN,0.9960751656072449
TCGTAGATCTGTACAG-1,Astro AQP4 SLC1A2,0.9988118032334835
TCGTCCAAGTGTCATC-1,VLMC COL1A2 VLMCA8,0.60117587361134
TCGTCCACACTACGGC-1,Oligo MOG OPALIN,0.9998684311577183
TCGTCCAGTTTCAGAC-1,L3-5 RORB GABRG1 PTPRO,0.7777776912527243
TCGTGCTCACAGAAGC-1,Micro P2RY12 APBB1IP,0.5730306304032986
TCGTGCTCACGGATCC-1,L2-4 CUX2 RORB CLMN,0.16696625066157203
TCGTGCTGTGACTCTA-1,PC P2RY14 GRM8,0.793213731515685
TCGTGCTTCACCGGTG-1,L3-5 RORB MKX DCC,0.9952656809309459
TCGTGGGAGGTGTGAC-1,Oligo MOG OPALIN,0.9999989900399557
TCGTGGGCACAATGAA-1,L2-4 CUX2 RORB CLMN,0.9938097229529556
TCGTGGGCACGTGTGC-1,Oligo MOG OPALIN,0.9999596274327694
TCGTGGGCATCGAAGG-1,L2-3 CUX2 NTNG1 PALMD,0.4406619211291757
TCGTGGGGTGAGCGAT-1,Astro AQP4 SLC1A2,0.9962913505308304
TCTAACTCAAGCGCTC-1,L2-3 CUX2 NTNG1 PALMD,0.07952152730186919
TCTAACTCAGAAGCGT-1,L2-3 CUX2 NTNG1 COL5A2,0.5568513623163541
TCTAACTCAGCGTTTA-1,Oligo MOG OPALIN,0.9999787088985458
TCTAACTGTCGAGTTT-1,L3-5 RORB PCBP3 ARHGAP15,0.12446775429470439
TCTACATAGGAACGCT-1,Micro P2RY12 APBB1IP,0.997114333260769
TCTACATAGGTAAACT-1,Endo CLDN5 SLC7A5,0.032940391803462865
TCTACATAGGTTACAA-1,Oligo MOG OPALIN,0.9951112677438755
TCTACATCAACTCATG-1,Oligo MOG OPALIN,0.9997008005719075
TCTACATGTGAGGAAA-1,Oligo MOG OPALIN,0.14008637463411255
TCTACATTCTGGTCAA-1,Oligo MOG OPALIN,0.9996487819168067
TCTACCGAGTAGGAAG-1,InN LAMP5 ADAMTS20,0.7431516941960741
TCTACCGAGTTACGTC-1,L2-3 CUX2 NTNG1 PALMD,0.22921037072520628
TCTACCGCAACACGTT-1,L2-3 CUX2 NTNG1 COL5A2,0.11127517588935353
TCTACCGCAATCAAGA-1,Oligo MOG OPALIN,0.9998436748210368
TCTATACAGAGAGCCT-1,Micro P2RY12 GLDN,0.9321460923434502
TCTATACAGGAGTACC-1,L2-3 CUX2 NTNG1 PALMD,0.14111137346227456
TCTATACAGGTCCTGC-1,L3-5 RORB MKX GALR1,0.8847318835249885
TCTATACGTAACCAGG-1,Oligo MOG OPALIN,0.9999562363647513
TCTATACGTCGCAGTC-1,PC P2RY14 GRM8,0.9999648152270112
TCTATACGTTGCCGAC-1,Endo CLDN5 SLC7A5,0.8718915622097045
TCTATACTCATTGGTG-1,Oligo MOG OPALIN,0.9999827568512276
TCTATCAAGTGGCGAT-1,Endo CLDN5 SLC7A5,0.6486851995086795
TCTATCACACGGATCC-1,Astro GFAP FABP7,0.9967997793600681
TCTATCAGTCAATGGG-1,PC P2RY14 GRM8,0.999940793615732
TCTATCAGTGACTCTA-1,T SKAP1 CD247,0.9954214592998155
TCTCACGAGAAATCCA-1,Oligo MOG OPALIN,0.9999851605499177
TCTCACGAGTCAGAGC-1,OPC PDGFRA PCDH15,0.9999999997492155
TCTCACGCAACCGCTG-1,Oligo MOG OPALIN,0.9473004707015935
TCTCACGCAGCAGTGA-1,InN LHX6 HGF STON2,0.9215122448563474
TCTCACGGTACAGAGC-1,Oligo MOG OPALIN,0.9997970761614371
TCTCACGGTCGCATCG-1,Astro GFAP AQP1,0.12221122385143618
TCTCACGGTTCTTGTT-1,Astro GFAP FABP7,0.9998009427278982
TCTCACGTCGAATCCA-1,Oligo MOG OPALIN,0.7769511108726918
TCTCACGTCTCTGACC-1,Oligo MOG OPALIN,0.99999830971807
TCTCAGCAGTATGACA-1,Endo CLDN5 SLC7A5,0.5673658995410436
TCTCAGCCACACCTGG-1,Astro AQP4 SLC1A2,0.03426759228813245
TCTCAGCCAGTCTGGC-1,Endo CLDN5 SLC7A5,0.9888473397857171
TCTCAGCTCCCGTTGT-1,Oligo MOG OPALIN,0.6203292590766115
TCTCAGCTCTCCTGCA-1,InN ADARB2 COL5A2,0.9319407756899747
TCTCAGCTCTCGTCAC-1,L2-4 CUX2 RORB CLMN,0.10039630198614248
TCTCCGACACAGACGA-1,Endo CLDN5 SLC7A5,0.05196232391782153
TCTCCGACACCCAATA-1,InN ADARB2 FAM19A1,0.9611997740970017
TCTCCGAGTGTGTGGA-1,Oligo MOG OPALIN,0.9985310093432735
TCTCCGATCCACACCT-1,Endo CLDN5 SLC7A5,0.9705518642902705
TCTCCGATCGGTCAGC-1,Oligo MOG OPALIN,0.9974928521463653
TCTCTGGCAACAGATA-1,Endo CLDN5 SLC7A5,0.6810578628714206
TCTCTGGGTAATTAGG-1,Oligo MOG OPALIN,0.9806850671950541
TCTCTGGGTAGCGTAG-1,Oligo MOG OPALIN,0.9995222452923899
TCTCTGGGTCCTTGTC-1,Micro P2RY12 APBB1IP,0.9511977253230574
TCTCTGGGTCGTATTG-1,Oligo MOG OPALIN,0.9999946379305056
TCTCTGGTCGGTCACG-1,InN VIP FREM2,0.9983516415234625
TCTGCCACACTGTTCC-1,Astro AQP4 SLC1A2,0.89340355021001
TCTGCCACAGGTGACA-1,L5 FEZF2 BCL11B POU3F1,0.9903695029709708
TCTGCCATCTCCCATG-1,Oligo MOG OPALIN,0.6444925580640023
TCTGGCTAGGCCTTGC-1,Endo CLDN5 SLC7A5,0.9764746245600432
TCTGGCTCAATTGCTG-1,Oligo MOG OPALIN,0.847427976654345
TCTGGCTCATCGTCCT-1,Oligo MOG OPALIN,0.9817971091033008
TCTGGCTGTGACTGAG-1,L2-3 CUX2 NTNG1 COL5A2,0.0190772418882982
TCTGGCTGTGCCTTCT-1,Oligo MOG OPALIN,0.9999896444820754
TCTGGCTGTTTGGCTA-1,L6 FEZF2 DCBLD1 MITF,0.9784374599983988
TCTGTCGAGATGCCGA-1,Oligo MOG OPALIN,0.9999380164113614
TCTGTCGAGTCTAGCT-1,L6 FEZF2 AMOTL1 CDH6,0.083282171722751
TCTGTCGCAACGGCTC-1,PC P2RY14 GRM8,0.9993972832800614
TCTGTCGCATGCTGCG-1,Oligo MOG OPALIN,0.9999246296849994
TCTGTCGCATGGCTGC-1,Oligo MOG OPALIN,0.9999709284046766
TCTGTCGGTCTCACAA-1,Endo CLDN5 SLC7A5,0.16966498445460632
TCTGTCGTCAGAGCAG-1,Oligo MOG OPALIN,0.9999565757513224
TCTGTCGTCTCCACTG-1,Endo CLDN5 SLC7A5,0.858348082785479
TCTGTCGTCTGGTTGA-1,L2-3 CUX2 ACVR1C THSD7A,0.995732820276819
TCTTAGTCACCTTCGT-1,SMC ACTA2 CNN1,0.20989939462280907
TCTTAGTGTGCTTATG-1,Oligo MOG OPALIN,0.9879170259634453
TCTTCCTAGACAGCGT-1,Endo CLDN5 SLC7A5,0.7697313497278055
TCTTCCTAGCTCGCAC-1,Astro AQP4 SLC1A2,0.8346090175414971
TCTTCCTAGGTCCGAA-1,Endo CLDN5 SLC7A5,0.9638823592742262
TCTTCCTCAATCGCAT-1,Oligo MOG OPALIN,0.9998046350933849
TCTTCCTGTGATTAGA-1,PC P2RY14 GRM8,0.11146019802133533
TCTTCCTGTGTAAACA-1,Oligo MOG OPALIN,0.9999803384653868
TCTTCCTGTTTCACAG-1,Oligo MOG GSN,0.9999943270230908
TCTTCCTTCAGGAAAT-1,Oligo MOG OPALIN,0.9997976978152524
TCTTCCTTCGGACTTA-1,Oligo MOG OPALIN,0.2687663574415653
TCTTCCTTCTGGACCG-1,Astro AQP4 SLC1A2,0.9999651877841369
TCTTCCTTCTTCTTCC-1,Oligo MOG OPALIN,0.9723762998725055
TCTTGCGAGTCACAGG-1,Oligo MOG OPALIN,0.388161895592594
TCTTGCGCAGCTGCCA-1,InN SST ADRA1D,0.9820248563366683
TCTTGCGGTTATGACC-1,OPC PDGFRA PCDH15,0.99999999999999
TCTTGCGGTTTGCAGT-1,Oligo MOG GSN,0.9551478667419586
TCTTGCGTCATACGGT-1,InN SST ADAMTSL1,0.880153417469687
TCTTTGAAGCATAGGC-1,Oligo MOG OPALIN,0.9999996222365982
TCTTTGAAGGGTATAT-1,Oligo MOG OPALIN,0.999970745466721
TCTTTGACATCTCCCA-1,L6 OPRK1 THEMIS RGS6,0.980074828329185
TCTTTGAGTACCTTCC-1,Oligo MOG OPALIN,0.877187092431298
TCTTTGAGTGATGTAA-1,InN SST PLPP4,0.8459247709784723
TCTTTGAGTTCTTCAT-1,Oligo MOG OPALIN,0.7548404094936763
TCTTTGATCGCTTTAT-1,Oligo MOG OPALIN,0.9998604784979178
TCTTTGATCTCCCATG-1,Oligo MOG OPALIN,0.37267111187178514
TGAACGTCACTTACAG-1,Oligo MOG OPALIN,0.9999841519567028
TGAACGTGTCGCTGCA-1,OPC PDGFRA PCDH15,0.9999999999999851
TGAACGTGTGGCCACT-1,InN ADARB2 COL5A2,0.8369094249093622
TGAACGTGTGGTCTTA-1,Endo CLDN5 SLC7A5,0.7006969362431713
TGAACGTTCTAACACG-1,Oligo MOG OPALIN,0.940830167613033
TGAATCGTCGTTCAGA-1,Oligo MOG OPALIN,0.9985787804771526
TGAATCGTCTCGAACA-1,Oligo MOG OPALIN,0.9999906735064207
TGAATGCAGAGAATCT-1,Oligo MOG OPALIN,0.9126356138451222
TGAATGCAGCAGAAAG-1,PC P2RY14 GRM8,0.9827490833885202
TGAATGCAGGGCGAGA-1,Oligo MOG OPALIN,0.9999983069523797
TGAATGCCATGCAGCC-1,Oligo MOG OPALIN,0.9991183704013734
TGAATGCTCTCGCGTT-1,Micro P2RY12 APBB1IP,0.9853002772049279
TGACAGTAGATTGACA-1,InN VIP SCML4,0.8821804395332012
TGACAGTAGCAAGTCG-1,Oligo MOG OPALIN,0.9997271271847455
TGACAGTAGCGTCAAG-1,Oligo MOG OPALIN,0.9999509244533623
TGACAGTAGGGAGGCA-1,Micro P2RY12 APBB1IP,0.9883295193605802
TGACAGTCACAAGTGG-1,Oligo MOG OPALIN,0.9999976664594916
TGACAGTGTCAAGGCA-1,Oligo MOG OPALIN,0.9999965320702098
TGACAGTGTCTACACA-1,Oligo MOG OPALIN,0.9991391319076848
TGACAGTGTGTAAATG-1,Astro GFAP AQP1,0.9999414443127153
TGACAGTTCATGCGGC-1,PC P2RY14 GRM8,0.9999832352383667
TGACCCTAGCAATAGT-1,Oligo MOG OPALIN,0.9998403838534806
TGACCCTAGCTGGAGT-1,Oligo MOG OPALIN,0.9999894194624671
TGACCCTAGTCTGTAC-1,Oligo MOG OPALIN,0.999999966670233
TGACCCTCAACCGACC-1,Endo CLDN5 IL1R1,0.9286246213771735
TGACCCTCAGGTATGG-1,Endo CLDN5 SLC7A5,0.9321079890434725
TGACCCTGTGCCTGAC-1,Oligo MOG OPALIN,0.9295173594391192
TGACCCTGTTGCAACT-1,L2-4 CUX2 RORB CLMN,0.9732477145561652
TGACCCTGTTTCCATT-1,Oligo MOG OPALIN,0.9998902382261287
TGACCCTTCCTTACCG-1,L2-3 CUX2 NTNG1 PALMD,0.018212343216660695
TGACCCTTCTACACTT-1,Oligo MOG OPALIN,0.9759697627984271
TGACGCGAGCGACAGT-1,InN VIP ADAM12,0.9961131330727887
TGACGCGAGCTAATCC-1,Oligo MOG OPALIN,0.9856803187418086
TGACGCGAGTGTTCCA-1,InN VIP EGF,0.7264281326398315
TGACGCGCACATAACC-1,Astro GFAP AQP1,0.9838430649635456
TGACGCGGTCTTGCGG-1,InN SST ADRA1D,0.4621388034395422
TGACGCGGTTCGAACT-1,Oligo MOG OPALIN,0.9988318676596948
TGACGCGTCCATTGTT-1,L2-3 CUX2 NTNG1 PALMD,0.8091635610139185
TGACGCGTCCTCACCA-1,L2-3 CUX2 NTNG1 PALMD,0.31058660831445484
TGACTCCCAAAGTATG-1,Endo CLDN5 SLC7A5,0.7611916880006597
TGACTCCCAATGTTGC-1,Endo CLDN5 SLC7A5,0.9035500030910968
TGACTCCCACCGTCTT-1,L3-5 RORB MKX GRIN3A,0.9980762648967916
TGACTCCCACTCCACT-1,Endo CLDN5 SLC7A5,0.9304343820525958
TGACTCCCACTTCAAG-1,Oligo MOG OPALIN,0.9993100372584944
TGACTCCGTGGATACG-1,Oligo MOG OPALIN,0.9746952597318186
TGACTCCTCACCGCTT-1,Astro GFAP FABP7,0.9990956308991411
TGACTCCTCCTCTTTC-1,Oligo MOG OPALIN,0.999816658493192
TGACTCCTCGGTTGTA-1,InN PVALB HPSE,0.8738797771394302
TGAGACTCAAAGCTCT-1,Oligo MOG OPALIN,0.9997774177304632
TGAGACTCAGAATGTA-1,Micro P2RY12 APBB1IP,0.9840113852694594
TGAGACTCAGATACCT-1,Oligo MOG OPALIN,0.994273972923238
TGAGACTTCAGCAATC-1,Oligo MOG OPALIN,0.9999642632044288
TGAGCATAGATGGCGT-1,InN VIP EXPH5,0.9973409366097926
TGAGCATGTACTTGTG-1,Oligo MOG OPALIN,0.9997953450098717
TGAGCGCAGTAAATGC-1,Astro AQP4 SLC1A2,0.7335207893807153
TGAGCGCCAACTTGGT-1,L2-3 CUX2 ACVR1C THSD7A,0.9801298072676997
TGAGCGCGTCATCCGG-1,Astro GFAP AQP1,0.9771208810780674
TGAGCGCGTTCGCGTG-1,Oligo MOG OPALIN,0.9999975708711698
TGAGCGCTCGTTTACT-1,Endo CLDN5 SLC7A5,0.8909559773574839
TGAGGAGAGCTAGAAT-1,Oligo MOG OPALIN,0.9999940037133417
TGAGGAGAGGGCAGAG-1,Oligo MOG OPALIN,0.9991622444320021
TGAGGAGCAGATCATC-1,Oligo MOG OPALIN,0.32859551810731363
TGAGGAGCATGAGTAA-1,Endo CLDN5 SLC7A5,0.8450255825559383
TGAGGAGTCCTAAACG-1,InN VIP CLSTN2,0.8535336821531972
TGAGGGAAGATCCAAA-1,Oligo MOG OPALIN,0.9999928971422114
TGAGGGAGTACGTGAG-1,L6 FEZF2 NPFFR2 TPD52L1,0.7824120078592318
TGAGGGAGTATGAGAT-1,Oligo MOG OPALIN,0.9999998658972449
TGAGGGAGTCGTTATG-1,Oligo MOG OPALIN,0.9999976641104239
TGAGGGATCCTTGACC-1,Endo CLDN5 SLC7A5,0.9640279477533362
TGAGGGATCGTACACA-1,Oligo MOG OPALIN,0.9991569483818598
TGAGGGATCTCTAAGG-1,Oligo MOG OPALIN,0.9999996462595985
TGAGGTTAGAGCGACT-1,Oligo MOG OPALIN,0.999724504311677
TGAGGTTAGCGCTGAA-1,Oligo MOG OPALIN,0.998107001444606
TGAGGTTAGGTGCTAG-1,PC P2RY14 GRM8,0.9996824331353721
TGAGGTTGTATTAAGG-1,Oligo MOG OPALIN,0.9999993219452666
TGAGGTTGTCGAGCTC-1,Endo CLDN5 SLC7A5,0.6064080509101786
TGAGGTTGTTCGATTG-1,Oligo MOG OPALIN,0.9999908624143455
TGAGTCAAGTCTGCGC-1,OPC PDGFRA PCDH15,0.9999999999999991
TGAGTCAGTATGGGAC-1,L2-3 CUX2 NTNG1 PALMD,0.6966185434216521
TGATCAGCATGACCCG-1,Endo CLDN5 SLC7A5,0.6167047435949579
TGATCAGGTATGGTTC-1,Endo CLDN5 SLC7A5,0.9383112124937651
TGATCAGGTCAGTCCG-1,Oligo MOG OPALIN,0.999871593994734
TGATCAGGTTGTTTGG-1,Oligo MOG OPALIN,0.9999890201435945
TGATCAGGTTTAGAGA-1,Oligo MOG OPALIN,0.9999936574345633
TGATCTTAGACGTCGA-1,Oligo MOG OPALIN,0.9999817762758998
TGATCTTAGGACTTCT-1,Astro GFAP FABP7,0.9996133671148967
TGATCTTCACGCGCTA-1,Oligo MOG OPALIN,0.9993371829004513
TGATCTTGTCAACCAT-1,L2-4 CUX2 RORB CLMN,0.41486138332011985
TGATGCAAGATGATTG-1,Oligo MOG OPALIN,0.9999986556349966
TGATGCACAAGACGAC-1,Oligo MOG OPALIN,0.9981371396203688
TGATGCACAGACCAGA-1,Endo CLDN5 SLC7A5,0.8566357317605557
TGATGCACAGGAAGTC-1,Astro AQP4 SLC1A2,0.9930704430554527
TGATGCACAGTCTACA-1,Endo CLDN5 SLC7A5,0.08816150181978737
TGATGCACATTCTGTT-1,Oligo MOG OPALIN,0.9999716935467289
TGATGCATCACTAGCA-1,Oligo MOG OPALIN,0.6176664678319926
TGATGCATCCGTGGTG-1,Oligo MOG OPALIN,0.9910416450623364
TGATGGTAGGTCCAGA-1,Oligo MOG OPALIN,0.8941700466767127
TGATGGTTCGATTGAC-1,Oligo MOG OPALIN,0.9993854490518753
TGATGGTTCTAGGCAT-1,Oligo MOG OPALIN,0.9775161111648362
TGATTCTAGACCAGAC-1,Astro AQP4 SLC1A2,0.9997679892045317
TGATTCTAGCTAAATG-1,Astro AQP4 SLC1A2,0.9998982231302856
TGATTCTAGGCTCTCG-1,PC P2RY14 GRM8,0.996969589233983
TGATTCTAGTCGAAGC-1,Oligo MOG OPALIN,0.9999936676876678
TGATTCTCAGCTACAT-1,Astro GFAP FABP7,0.9999292571030202
TGATTCTGTCCTATAG-1,Oligo MOG OPALIN,0.9631520214543342
TGATTCTTCTCTCAAT-1,OPC PDGFRA PCDH15,0.9999999999963893
TGATTTCAGAAGTCTA-1,L2-3 CUX2 NTNG1 PALMD,0.6815647084396905
TGATTTCCAAGTGACG-1,Endo CLDN5 SLC7A5,0.8693844329189446
TGATTTCCACTAACCA-1,L6 FEZF2 AMOTL1 CDH6,0.12261684758208614
TGATTTCGTATCCTCC-1,Endo CLDN5 SLC7A5,0.9851509797589519
TGATTTCTCTAGTCAG-1,Oligo MOG OPALIN,0.9999988650207178
TGCACGGAGGAAACGA-1,Oligo MOG OPALIN,0.9999943968470799
TGCACGGTCGTTCCTG-1,InN VIP EXPH5,0.9980931657971915
TGCAGATGTAGCGATG-1,Oligo MOG OPALIN,0.999954484460808
TGCAGGCAGCGCTGCT-1,Endo CLDN5 SLC7A5,0.38228093347558556
TGCAGGCAGGCAGGGA-1,Astro GFAP AQP1,0.16627227938264688
TGCAGGCCAAGTAGTA-1,Oligo MOG OPALIN,0.9997016352226474
TGCAGGCCAATTGAAG-1,L3-5 RORB PCBP3 LINGO2,0.5726597753880057
TGCAGGCGTATTGACC-1,Oligo MOG OPALIN,0.9750938086697913
TGCAGGCGTCGCATGC-1,Astro AQP4 SLC1A2,0.9879264905425362
TGCAGGCTCAATCGGT-1,Endo CLDN5 SLC7A5,0.9998376394447356
TGCAGTACAGACATCT-1,Endo CLDN5 SLC7A5,0.8075034010747228
TGCAGTACATGGCCCA-1,L2-3 CUX2 ACVR1C THSD7A,0.9780223844572071
TGCAGTAGTCAAATCC-1,Oligo MOG OPALIN,0.04118448071318057
TGCAGTAGTCTTGCTC-1,Endo CLDN5 SLC7A5,0.9927880065087478
TGCAGTATCTATCGGA-1,Endo CLDN5 SLC7A5,0.9871292169116389
TGCATCCCATAGATCC-1,Oligo MOG OPALIN,0.9999639465702206
TGCATCCGTAGTCTGT-1,OPC PDGFRA PCDH15,0.9999999999659062
TGCATCCGTGTCATCA-1,InN PVALB HPSE,0.9062583006006046
TGCATCCGTGTCGCTG-1,Endo CLDN5 SLC7A5,0.6319158146901386
TGCATCCGTTGAGTCT-1,L6 FEZF2 SYT6 PTPRT,0.9202219069894748
TGCATCCTCACTACTT-1,Oligo MOG OPALIN,0.9994695777119003
TGCATCCTCAGGAAAT-1,Oligo MOG OPALIN,0.9980561279641098
TGCATGACAGTTCACA-1,Oligo MOG OPALIN,0.9999126852452305
TGCATGACATTCGATG-1,Micro P2RY12 GLDN,0.9999409773953009
TGCATGAGTATCGAGG-1,Astro GFAP FABP7,0.9999058499091482
TGCATGAGTGCCTAAT-1,L2-4 CUX2 RORB CLMN,0.8128183485671369
TGCATGAGTTAGGAGC-1,PC P2RY14 GRM8,0.9990793679314538
TGCATGATCCGGCAAC-1,Oligo MOG OPALIN,0.9949129813759101
TGCATGATCGGAGATG-1,Endo CLDN5 SLC7A5,0.9986262568204662
TGCCGAGAGCGGTAGT-1,L6 FEZF2 AMOTL1 CDH6,0.5414671272232178
TGCCGAGTCAAAGAAC-1,Astro GFAP FABP7,0.825565930157154
TGCGACGAGGCCATAG-1,Oligo MOG OPALIN,0.22694946486223952
TGCGACGCAGAAATCA-1,L2-3 CUX2 NTNG1 COL5A2,0.0936410731159902
TGCGACGCAGTGGGTA-1,Oligo MOG OPALIN,0.9999410725548128
TGCGACGGTCGGAAAC-1,L2-3 CUX2 ACVR1C THSD7A,0.996688656362259
TGCGACGGTTACCTGA-1,Oligo MOG OPALIN,0.997380347540315
TGCGACGTCATAGGCT-1,Endo CLDN5 SLC7A5,0.1642668346933752
TGCGATAAGACGACGT-1,Oligo MOG OPALIN,0.9998157679350994
TGCGATACAAAGGAGA-1,Oligo MOG OPALIN,0.9999981571959786
TGCGATATCAAGCCGC-1,Oligo MOG OPALIN,0.9988168573813831
TGCGATATCCGTTTCG-1,Endo CLDN5 SLC7A5,0.2945895923236409
TGCGATATCGGCAGTC-1,Astro AQP4 SLC1A2,0.9967333966056507
TGCGGCAAGCCTCACG-1,PC P2RY14 GRM8,0.8786520138762288
TGCGGCATCCTTCAGC-1,L3-5 RORB MKX DCC,0.8910414978383473
TGCGGGTGTGTGAGCA-1,L2-3 CUX2 NTNG1 PALMD,0.10130599561359144
TGCTCCACAGATCACT-1,L2-3 CUX2 ACVR1C THSD7A,0.9637538174200784
TGCTCCAGTAACCCTA-1,L3-5 RORB MKX GRIN3A,0.14543959287128586
TGCTCCAGTATCAGGG-1,Micro P2RY12 APBB1IP,0.599960540847672
TGCTCCATCAGTGATC-1,Oligo MOG OPALIN,0.9799637049166036
TGCTCGTAGGACACTG-1,Astro GFAP FABP7,0.8635592394350965
TGCTCGTCATCTCGTC-1,Oligo MOG OPALIN,0.9999938939444253
TGCTCGTGTATTTCTC-1,Oligo MOG OPALIN,0.9960341782295918
TGCTCGTGTTACTCAG-1,Astro AQP4 SLC1A2,0.6307386059747361
TGCTCGTTCCCGTGTT-1,Endo CLDN5 SLC7A5,0.48993502431751035
TGCTCGTTCCGATGCG-1,L2-3 CUX2 NTNG1 PALMD,0.9107536969369949
TGCTCGTTCTTCTGGC-1,Endo CLDN5 SLC7A5,0.7313002090322552
TGCTGAAAGCATCGAG-1,Oligo MOG OPALIN,0.9999993847489645
TGCTGAACACGCCAGT-1,Micro P2RY12 GLDN,0.7291090878352912
TGCTGAAGTTCACGAT-1,L2-3 CUX2 ACVR1C THSD7A,0.998501777510391
TGCTTCGAGGTATTGA-1,Endo CLDN5 SLC7A5,0.9572252425785175
TGCTTCGGTGTCCACG-1,Oligo MOG OPALIN,0.9999979762192973
TGCTTGCAGGTTGTTC-1,Oligo MOG OPALIN,0.9999903986640571
TGCTTGCAGTAACAGT-1,L3-5 RORB MKX DCC,0.10617768828159033
TGCTTGCAGTCACTCA-1,Oligo MOG OPALIN,0.9990695937020168
TGCTTGCCAATTGAAG-1,Oligo MOG OPALIN,0.9999988248636382
TGCTTGCCACGTACAT-1,Oligo MOG OPALIN,0.999814670115606
TGCTTGCCAGATCACT-1,InN VIP HS3ST3B1,0.9923801400779236
TGCTTGCGTCAAAGCG-1,Oligo MOG OPALIN,0.971229599874981
TGCTTGCGTGAGGAAA-1,Endo CLDN5 SLC7A5,0.666695351723344
TGCTTGCGTTAGGACG-1,Oligo MOG OPALIN,0.9185977286090141
TGCTTGCGTTCTCAGA-1,InN LAMP5 RELN,0.9971141641532061
TGGAACTAGAATGTTG-1,Endo CLDN5 SLC7A5,0.4681130686699239
TGGAACTCACCGGCTA-1,L2-3 CUX2 NTNG1 COL5A2,0.12647439393189014
TGGAACTCAGAAATTG-1,Oligo MOG OPALIN,0.853373485940045
TGGAACTGTTATAGCC-1,Oligo MOG OPALIN,0.9999292965056648
TGGAACTGTTGCGGCT-1,Oligo MOG OPALIN,0.9999946245755011
TGGAACTTCAGCACCG-1,Endo CLDN5 SLC7A5,0.7192837467481746
TGGAACTTCATTGCCC-1,InN SST PLPP4,0.9868866999019262
TGGAACTTCGTTCCCA-1,L3-5 RORB GABRG1 KCNH7,0.3364719360237639
TGGAGAGAGATGCTAA-1,L2-3 CUX2 ACVR1C THSD7A,0.1602581128337305
TGGAGAGAGCCAAGTG-1,L6 OPRK1 SMYD1 KCND2,0.04631481487093954
TGGAGAGAGGACAACC-1,Oligo MOG OPALIN,0.9999873414322196
TGGAGAGGTGCGGTAA-1,Astro GFAP AQP1,0.9964013172520008
TGGAGAGGTGCGTGCT-1,Oligo MOG OPALIN,0.9148525918961401
TGGAGAGGTTCTCAGA-1,L6 OPRK1 THEMIS RGS6,0.9999188389551442
TGGAGAGGTTCTCCCA-1,Micro P2RY12 APBB1IP,0.8304443395047639
TGGAGGAAGAAGCCAC-1,Micro P2RY12 GLDN,0.9784173285935933
TGGAGGAAGCAACCAG-1,OPC PDGFRA PCDH15,0.9999999999998339
TGGAGGAAGGGAGTGG-1,Oligo MOG OPALIN,0.9983307837496346
TGGAGGACACCGTACG-1,Endo CLDN5 IL1R1,0.3913614870754449
TGGAGGACACGGTGAA-1,InN VIP EGF,0.9995168014769278
TGGAGGATCAACGTGT-1,SMC ACTA2 CNN1,0.9999834879127657
TGGATCAGTGTTCGTA-1,Oligo MOG OPALIN,0.9999749773498254
TGGATCATCACCATCC-1,Astro AQP4 SLC1A2,0.9986479872888854
TGGATCATCGCTCTCA-1,Endo CLDN5 SLC7A5,0.6951085735343726
TGGATCATCTACGGGC-1,Oligo MOG OPALIN,0.9999198785657282
TGGATGTAGAGCCGTA-1,Endo CLDN5 SLC7A5,0.9973411531802483
TGGATGTCACATCATG-1,Oligo MOG OPALIN,0.9998935361174429
TGGATGTTCTGCAGCG-1,Oligo MOG OPALIN,0.9971045574197264
TGGCGTGCACTACGGC-1,InN PVALB ANOS1,0.7589845836649234
TGGCGTGCAGACCTGC-1,Oligo MOG OPALIN,0.9642030037716929
TGGCGTGGTTTACTTC-1,Oligo MOG OPALIN,0.9999382010242707
TGGCGTGTCCATACAG-1,Astro AQP4 SLC1A2,0.971347353792763
TGGCGTGTCGATTGAC-1,PC P2RY14 GRM8,0.8737355319376243
TGGGAAGAGTGCCAGA-1,Micro P2RY12 APBB1IP,0.8313312380892508
TGGGAAGGTTATTCCT-1,InN VIP HS3ST3B1,0.9999213218837766
TGGGAGAAGGTGCTTT-1,Oligo MOG GSN,0.9804669455489835
TGGGAGACAAGAGGTC-1,Endo CLDN5 SLC7A5,0.8389254417907229
TGGGAGAGTGTCCACG-1,Oligo MOG OPALIN,0.0066344791916604605
TGGGAGATCAATCGGT-1,Endo CLDN5 SLC7A5,0.9558307549953617
TGGGAGATCTGAACGT-1,Oligo MOG OPALIN,0.9999175190635514
TGGGATTAGACGCCAA-1,OPC PDGFRA PCDH15,0.9205904066053539
TGGGATTGTAGGCTCC-1,OPC PDGFRA PCDH15,0.9999999999999969
TGGGATTTCCTGGGTG-1,L6 FEZF2 SYT6 CDH9,0.8445864008176593
TGGGCGTAGAATTGTG-1,Oligo MOG OPALIN,0.9999897316181259
TGGGCGTCATGGGAAC-1,Endo CLDN5 SLC7A5,0.9730302643501475
TGGGCGTGTGTCCAAT-1,Oligo MOG OPALIN,0.6527732136247336
TGGGCTGAGAACGTGC-1,InN PVALB ANOS1,0.47895953892628745
TGGGCTGAGAAGATCT-1,InN PVALB ANOS1,0.26486281388548044
TGGGCTGAGAGGCTGT-1,Micro P2RY12 APBB1IP,0.9994041665957591
TGGGCTGAGCACGATG-1,Endo CLDN5 SLC7A5,0.08458506454833799
TGGGCTGAGTTTAGGA-1,L6 OPRK1 THEMIS RGS6,0.6098224679767367
TGGGCTGGTGCCCAGT-1,Endo CLDN5 SLC7A5,0.10346949275976401
TGGGCTGGTGTGAATA-1,Oligo MOG OPALIN,0.9997725409033474
TGGGCTGGTGTGTCCG-1,Endo CLDN5 SLC7A5,0.540618555510355
TGGGCTGTCACCGGGT-1,Micro P2RY12 APBB1IP,0.8561991295713102
TGGGCTGTCCACTTCG-1,OPC PDGFRA PCDH15,0.9999999999999527
TGGGTTAGTGAATAAC-1,Endo CLDN5 SLC7A5,0.8667735847522969
TGGGTTATCAGTGTTG-1,Oligo MOG OPALIN,0.6903209624346108
TGGTACAAGTGGGAAA-1,Endo CLDN5 SLC7A5,0.6404208798178938
TGGTACAGTAAGAACT-1,Micro P2RY12 APBB1IP,0.11941185711360043
TGGTACATCACCATCC-1,Oligo MOG OPALIN,0.9999325113629874
TGGTACATCATGGCCG-1,Oligo MOG OPALIN,0.9998568696656209
TGGTACATCCGCTAGG-1,L2-3 CUX2 NTNG1 PLCH1,0.3955326223318293
TGGTAGTAGGGTATAT-1,L2-3 CUX2 ACVR1C THSD7A,0.9918420200926144
TGGTAGTCAGTATGAA-1,L3-5 RORB TNNT2 TSHZ2,0.37899962645123525
TGGTAGTCATCGTTCC-1,Oligo MOG GSN,0.9537027694496576
TGGTAGTGTCGCACGT-1,L3-5 RORB MKX GALR1,0.36499850816537577
TGGTAGTGTGAGTTTC-1,Endo CLDN5 SLC7A5,0.9530882103013154
TGGTGATAGACTTCGT-1,L2-3 CUX2 ACVR1C THSD7A,0.11407582030905983
TGGTGATAGCGAGGAG-1,Oligo MOG OPALIN,0.9946087468763454
TGGTGATCACCAGCTG-1,Endo CLDN5 SLC7A5,0.8310008832167676
TGGTGATGTGTCCACG-1,L6 OPRK1 THEMIS RGS6,0.16116074676297687
TGGTGATTCAAATAGG-1,Oligo MOG OPALIN,0.9996659455699091
TGGTGATTCAGCATTG-1,Astro GFAP FABP7,0.9999951528267716
TGGTTAGCACAGCTTA-1,Oligo MOG OPALIN,0.9999980644113828
TGGTTAGCAGTAGAAT-1,L2-3 CUX2 ACVR1C THSD7A,0.999878364142254
TGGTTAGCATTGCAAC-1,InN SST HS3ST5,0.9379433116953723
TGGTTAGCATTGCTTT-1,L2-3 CUX2 ACVR1C THSD7A,0.9630557012159907
TGGTTAGGTACTGCCG-1,Oligo MOG OPALIN,0.9996944914886153
TGGTTAGGTGGTTCTA-1,Micro P2RY12 APBB1IP,0.9847756201569736
TGGTTAGTCAATGTCG-1,Oligo MOG OPALIN,0.9999981311425216
TGTAACGAGCCAACCC-1,Endo CLDN5 SLC7A5,0.5117670676891712
TGTAACGTCAATCTTC-1,Astro GFAP FABP7,0.4915571478231877
TGTAAGCTCGGCTTCT-1,Endo CLDN5 SLC7A5,0.15310212005065313
TGTAAGCTCTGAACGT-1,PC P2RY14 GRM8,0.9999981541511233
TGTACAGAGAGCTGCA-1,Endo CLDN5 SLC7A5,0.07666546883176219
TGTACAGAGCTAGAGC-1,Oligo MOG OPALIN,0.998592256196255
TGTACAGCAAGTTTGC-1,Astro GFAP AQP1,0.9344671218048497
TGTACAGCACAACCGC-1,InN LAMP5 LHX6 TAC1,0.9998040421745139
TGTACAGCAGCAGTGA-1,Astro GFAP FABP7,0.9995007811221543
TGTACAGGTTGGTGTT-1,L2-3 CUX2 NTNG1 COL5A2,0.05683309143503641
TGTAGACAGTTTGAGA-1,InN VIP EXPH5,0.829641746576225
TGTAGACGTAGCTTAC-1,InN SST HTR2C,0.9642451400381612
TGTAGACGTTCGATTG-1,Endo CLDN5 SLC7A5,0.9304124456683132
TGTAGACTCTTGTGCC-1,L2-3 CUX2 ACVR1C THSD7A,0.9880258208814144
TGTCAGAAGATCCCAT-1,PC P2RY14 GRM8,0.9999998623073886
TGTCAGACACGCGTGT-1,Oligo MOG OPALIN,0.9932537608465086
TGTCAGAGTGCACGCT-1,L3-5 RORB MKX GALR1,0.8143341506301064
TGTCAGAGTTACGGAG-1,Oligo MOG OPALIN,0.9993350091112387
TGTCAGATCGAATCCA-1,Oligo MOG OPALIN,0.9999827259331234
TGTCAGATCGATTTCT-1,L2-3 CUX2 NTNG1 PALMD,0.8136466901472078
TGTCCACAGACGATAT-1,InN SST ADAMTSL1,0.9929875660765068
TGTCCACCATCTCATT-1,Endo CLDN5 SLC7A5,0.21535035340135583
TGTCCACGTAGCGTAG-1,Oligo MOG OPALIN,0.999998221106455
TGTCCACTCCCACAGG-1,Oligo MOG OPALIN,0.9998933072826995
TGTCCACTCCTTATCA-1,Endo CLDN5 SLC7A5,0.9999599077314283
TGTCCCAAGAAACACT-1,Oligo MOG OPALIN,0.9999956034269205
TGTCCCATCAATCCAG-1,L2-3 CUX2 NTNG1 PALMD,0.03761887070931526
TGTCCTGAGGAGTACC-1,Astro AQP4 SLC1A2,0.7664364288199572
TGTCCTGCATTGACAC-1,Endo CLDN5 SLC7A5,0.9585987008603581
TGTCCTGGTGACCGAA-1,Astro AQP4 SLC1A2,0.09326205682091213
TGTCCTGGTTTCCAAG-1,Endo CLDN5 SLC7A5,0.7482963537175363
TGTCCTGTCCGCGATG-1,Endo CLDN5 SLC7A5,0.3111410151253424
TGTCCTGTCTAGGCAT-1,InN SST STK32A,0.99472567569113
TGTCCTGTCTCGTGAA-1,L3-5 RORB MKX GRIN3A,0.9557844716558556
TGTGAGTGTCGATGCC-1,Oligo MOG OPALIN,0.5898240022017893
TGTGAGTGTGCTTCAA-1,InN SST STK32A,0.6271552935669633
TGTGAGTTCCCTCTTT-1,Oligo MOG OPALIN,0.9993305991494436
TGTGAGTTCCGATCTC-1,Micro P2RY12 APBB1IP,0.48010346241960333
TGTGAGTTCCTTCAGC-1,PC P2RY14 GRM8,0.9983415974441417
TGTGATGAGAGCAAGA-1,PC P2RY14 GRM8,0.9999999290383607
TGTGATGCACCAAAGG-1,Micro P2RY12 APBB1IP,0.046921475325547926
TGTGATGTCTCGCAGG-1,InN SST STK32A,0.028984061902759168
TGTGCGGAGTGGGAAA-1,Endo CLDN5 SLC7A5,0.202232289199346
TGTGCGGCACCGTCTT-1,Astro GFAP FABP7,0.999977585903056
TGTGCGGCATGCAGCC-1,L2-3 CUX2 NTNG1 PALMD,0.9258135956945497
TGTGCGGTCGCCGTGA-1,PC P2RY14 GRM8,0.9999991522564867
TGTGCGGTCTGAGATC-1,Oligo MOG OPALIN,0.9994629498795108
TGTGGCGCAGGACAGT-1,L2-3 CUX2 ACVR1C THSD7A,0.528371389438242
TGTGGCGCATGTGCTA-1,InN SST HTR2C,0.6917424013038027
TGTGGCGGTCACGACC-1,Oligo MOG OPALIN,0.6366900402435044
TGTGGCGGTCGAGCTC-1,L2-4 CUX2 RORB CLMN,0.9836123176838826
TGTGTGAAGTTCGCAT-1,L2-3 CUX2 ACVR1C THSD7A,0.9724966921291521
TGTGTGACAATGCAGG-1,L2-3 CUX2 ACVR1C INHBA,0.03726692817779906
TGTGTGACATGAAGCG-1,L2-3 CUX2 NTNG1 PALMD,0.11708165388205942
TGTGTGAGTCAGGAGT-1,Endo CLDN5 SLC7A5,0.9787156662506808
TGTGTGAGTTCAGCGC-1,Endo CLDN5 SLC7A5,0.4155893827636558
TGTTACTAGAGGTCGT-1,Oligo MOG OPALIN,0.999992194511762
TGTTACTAGTCAAGCG-1,Oligo MOG OPALIN,0.9999947844582548
TGTTACTCATTCGATG-1,Astro GFAP FABP7,0.9984520369410891
TGTTACTTCATCGACA-1,Astro AQP4 SLC1A2,0.8911001583922118
TGTTACTTCCATTTGT-1,L2-3 CUX2 ACVR1C THSD7A,0.6190232605642629
TGTTCATAGACGCTCC-1,L2-3 CUX2 NTNG1 COL5A2,0.280236064950855
TGTTCATGTGCTCTCT-1,Oligo MOG OPALIN,0.9999954398529559
TGTTCATTCTCGGTAA-1,Astro GFAP AQP1,0.9998575487907727
TGTTCCGAGATTGCGG-1,PC P2RY14 GRM8,0.9999719622410209
TGTTCCGAGTGCCTCG-1,InN SST ADAMTSL1,0.9895004136275213
TGTTCTAAGATTGACA-1,L6 FEZF2 NPFFR2 TPD52L1,0.8009622831769759
TGTTCTACATATCTCT-1,PC P2RY14 GRM8,0.9999967080436621
TGTTCTAGTATCGGTT-1,L3-5 RORB MKX GRIN3A,0.9845683502942927
TGTTCTAGTATGATCC-1,OPC PDGFRA PCDH15,0.9999999991460256
TGTTCTAGTATTGGCT-1,Micro P2RY12 APBB1IP,0.4934297332640159
TGTTCTATCGGAATGG-1,L6 OPRK1 THEMIS RGS6,0.6580607693762508
TGTTCTATCGGTTGTA-1,Oligo MOG OPALIN,0.9999236906367256
TGTTCTATCTCCTACG-1,OPC PDGFRA PCDH15,0.9999999999819105
TGTTGAGAGCGTTCCG-1,Endo CLDN5 SLC7A5,0.35483482243571995
TGTTGAGAGTATGGCG-1,Micro P2RY12 APBB1IP,0.8450052959098446
TGTTGAGAGTCCGCCA-1,InN SST ADAMTSL1,0.7452899508402054
TGTTGAGCAGCTGTGC-1,L3-5 RORB GABRG1 PTPRO,0.03450276993158494
TGTTGAGGTTGCCGCA-1,Micro P2RY12 APBB1IP,0.4562661509568279
TGTTGGAAGAATTCAG-1,Oligo MOG OPALIN,0.9990062373176265
TGTTGGAAGCAGATAT-1,Endo CLDN5 SLC7A5,0.31882630567662934
TGTTGGACAAATCGTC-1,L6 FEZF2 SYT6 PTPRT,0.3093841175071887
TGTTGGACAGAGAATT-1,Astro AQP4 SLC1A2,0.9565010502801744
TGTTGGACAGCTGTAT-1,Oligo MOG OPALIN,0.9998115523554976
TGTTGGACATAATGAG-1,L3-5 RORB MKX DCC,0.41894508321807766
TGTTGGAGTGGTCTCG-1,Oligo MOG OPALIN,0.9991325803903409
TGTTTGTCAAAGCGTG-1,Oligo MOG OPALIN,0.9501101247900483
TGTTTGTCAACCAGAG-1,Endo CLDN5 SLC7A5,0.38996996488139357
TGTTTGTCAAGATGGC-1,Astro GFAP AQP1,0.9995604334667163
TGTTTGTGTCGGATTT-1,Endo CLDN5 SLC7A5,0.996458591093484
TGTTTGTTCTGGAGAG-1,Oligo MOG OPALIN,0.9719043933161462
TTAATCCAGGGTTTCT-1,Astro GFAP FABP7,0.9424019459717845
TTAATCCGTTCCTACC-1,Astro GFAP AQP1,0.9565407754127494
TTAATCCTCCACACAA-1,L2-3 CUX2 NTNG1 PALMD,0.7453621028396875
TTAATCCTCGACGCTG-1,Oligo MOG OPALIN,0.997253382324771
TTACAGGAGTAACGTA-1,L3-5 RORB MKX GALR1,0.03670806835960424
TTACAGGCAATTGCGT-1,L2-3 CUX2 ACVR1C THSD7A,0.9914525006713297
TTACAGGCAGCAGAAC-1,OPC PDGFRA PCDH15,0.9999999423878561
TTACAGGTCAAGAGTA-1,Micro P2RY12 APBB1IP,0.8031397947917702
TTACCATAGGCATGGT-1,Endo CLDN5 SLC7A5,0.04461381654131107
TTACCATCAGGCGAAT-1,Oligo MOG OPALIN,0.9999999705429856
TTACCATGTTCCGCTT-1,Astro GFAP FABP7,0.8004436501084975
TTACCATTCCGATCGG-1,L2-4 CUX2 RORB CLMN,0.9906999760391062
TTACCATTCCTCCACA-1,InN SST TRPC7,0.9506114676444565
TTACCATTCGACCACG-1,Oligo MOG OPALIN,0.3082648166425553
TTACCGCCACCCAAGC-1,Oligo MOG OPALIN,0.9999926625341372
TTACCGCTCAAGAATG-1,Oligo MOG OPALIN,0.9999792545706165
TTACGCCAGCGTCGAA-1,InN SST ADAMTSL1,0.9073811489824765
TTACGCCCATTCATCT-1,Oligo MOG OPALIN,0.999992939609134
TTACGCCGTTATCCAG-1,Endo CLDN5 SLC7A5,0.38730389534278475
TTACGTTCACAGCGCT-1,Endo CLDN5 SLC7A5,0.08142368939818066
TTACGTTGTAGTACGG-1,InN SST ADAMTSL1,0.9866316679246016
TTACGTTGTGAAGCGT-1,SMC ACTA2 CRISPLD2,0.0615366248242627
TTACTGTCACTGAGGA-1,Oligo MOG OPALIN,0.9668983485161892
TTAGGCACACGGGTAA-1,Oligo MOG OPALIN,0.999023655150891
TTAGGCACAGTGGCTC-1,InN ADARB2 SFRP2,0.9892095068876124
TTAGGCATCACCTCAC-1,Oligo MOG OPALIN,0.9997576453336836
TTAGGGTCACACACTA-1,L2-3 CUX2 NTNG1 COL5A2,0.030517401434527115
TTAGGGTGTAATGATG-1,InN SST TRPC7,0.8219998415843291
TTAGGGTGTCTTACTT-1,Oligo MOG OPALIN,0.9999925849930034
TTAGGGTGTTATTCCT-1,L2-3 CUX2 NTNG1 PALMD,0.20221591544321907
TTAGGGTGTTCAATCG-1,Endo CLDN5 SLC7A5,0.9792911847753518
TTAGGGTTCGCTCTCA-1,Oligo MOG OPALIN,0.987099761978136
TTAGTCTAGACTGGGT-1,Oligo MOG OPALIN,0.9999817752955742
TTAGTCTCACCAGTAT-1,Astro GFAP FABP7,0.7578379836355256
TTAGTCTCACGTAGAG-1,Endo CLDN5 SLC7A5,0.9054603625018319
TTAGTCTGTATCCTCC-1,OPC PDGFRA PCDH15,0.999999999989919
TTAGTCTGTATTTCGG-1,Oligo MOG OPALIN,0.99862464472719
TTAGTCTGTTGTATGC-1,Oligo MOG OPALIN,0.9999871885087269
TTAGTCTTCCACGTAA-1,Endo CLDN5 SLC7A5,0.8282229906772716
TTAGTCTTCTCACTCG-1,Micro P2RY12 APBB1IP,0.5161536459117287
TTATTGCCACATGAAA-1,Oligo MOG OPALIN,0.6607338915821939
TTATTGCGTACGGATG-1,Endo CLDN5 SLC7A5,0.17236349948450777
TTATTGCTCATCGTAG-1,Endo CLDN5 SLC7A5,0.9999969541671053
TTATTGCTCTGTTGGA-1,Endo CLDN5 SLC7A5,0.9858639829891047
TTCAATCCAACCGCTG-1,InN VIP HS3ST3B1,0.9998949544624561
TTCAATCCATCATTTC-1,OPC PDGFRA PCDH15,0.9982598499204731
TTCAATCCATCGAAGG-1,Endo CLDN5 SLC7A5,0.9877998991773755
TTCACCGAGGGCTAAC-1,Oligo MOG OPALIN,0.9985058532842868
TTCACCGAGGGTATAT-1,Oligo MOG OPALIN,0.999983924413713
TTCACCGAGGTATCTC-1,Endo CLDN5 SLC7A5,0.9132811592714284
TTCACCGCACGCAAAG-1,Endo CLDN5 SLC7A5,0.8508993087894424
TTCACCGCAGACCAGA-1,Oligo MOG OPALIN,0.9996241250058929
TTCACCGCATAATCCG-1,Astro AQP4 OSMR,0.0185175477739582
TTCACCGGTATGTCTG-1,Oligo MOG OPALIN,0.9999884278296911
TTCACCGTCGAGTGGA-1,Astro GFAP FABP7,0.9822743705785975
TTCACCGTCGTAGGAG-1,L6 OPRK1 THEMIS RGS6,0.81196012131564
TTCACCGTCGTGTGGC-1,L6 FEZF2 NPFFR2 TPD52L1,0.8397107556410671
TTCACCGTCTAAGCGT-1,Oligo MOG OPALIN,0.9999806848490007
TTCACGCTCAACCTTT-1,OPC PDGFRA PCDH15,0.9999999994123776
TTCAGGAAGGCTGAAC-1,Oligo MOG OPALIN,0.9999729126662644
TTCAGGAAGTATCCTG-1,Endo CLDN5 SLC7A5,0.9975369583715887
TTCAGGAGTCACCCTT-1,Oligo MOG OPALIN,0.8543325436226883
TTCATGTCAACCGTGC-1,L2-3 CUX2 NTNG1 PLCH1,0.05950516966652192
TTCATTGCACCGGAAA-1,Micro P2RY12 APBB1IP,0.46525679451369234
TTCATTGTCCTTATCA-1,Oligo MOG OPALIN,0.961611579064193
TTCCAATAGTCTAACC-1,Endo CLDN5 SLC7A5,0.42646049682453663
TTCCAATCACGACGCT-1,InN ADARB2 RGS10,0.8012662408974417
TTCCAATGTAACACGG-1,Endo CLDN5 SLC7A5,0.6169654538434028
TTCCACGAGCCTCAGC-1,Oligo MOG OPALIN,0.9860981259305103
TTCCACGAGGACGGAG-1,Oligo MOG OPALIN,0.9999429955019794
TTCCACGAGGTATTGA-1,L3-5 RORB GABRG1 PTPRO,0.5944094528209752
TTCCACGAGGTCACAG-1,Oligo MOG OPALIN,0.9997670991433759
TTCCACGAGTAGTGCG-1,Endo CLDN5 SLC7A5,0.22817758277359246
TTCCACGCATCATTGG-1,Endo CLDN5 SLC7A5,0.9683338635119639
TTCCACGGTAGCACAG-1,Oligo MOG OPALIN,0.9997781716774076
TTCCACGGTTCTCAGA-1,Astro AQP4 SLC1A2,0.9522377871949474
TTCCACGTCAAGGACG-1,Astro GFAP FABP7,0.9988308876988569
TTCCACGTCTGACGCG-1,Oligo MOG OPALIN,0.9999640950654721
TTCCGGTAGCCACAAG-1,Astro GFAP FABP7,0.4023171535889301
TTCCGGTAGTCCGTCG-1,PC P2RY14 GRM8,0.9989168237060412
TTCCGGTCACAGGATG-1,Oligo MOG OPALIN,0.9999288092062625
TTCCGGTGTCCGAAGA-1,L2-3 CUX2 NTNG1 PALMD,0.9611817829938695
TTCCGGTGTTTGGAAA-1,Oligo MOG OPALIN,0.9360163618162185
TTCCGGTTCTGACCCT-1,Endo CLDN5 SLC7A5,0.35847810482202414
TTCCGGTTCTGTCTCG-1,Endo CLDN5 SLC7A5,0.43339073769336406
TTCCGGTTCTTCTAAC-1,Oligo MOG OPALIN,0.9999948302971888
TTCCGTGAGATAGCTA-1,Oligo MOG OPALIN,0.9999677844726794
TTCCGTGAGGTCGAGT-1,PC P2RY14 GRM8,0.999896213871369
TTCCGTGAGTGAGGTC-1,Astro GFAP FABP7,0.9853791792699171
TTCCTAAAGGTCCGAA-1,Oligo MOG OPALIN,0.9999461862082064
TTCCTAACACCGTCGA-1,Micro P2RY12 APBB1IP,0.9997178271963476
TTCCTAATCCTGCTAC-1,L3-5 RORB TNNT2 PRRX1,0.9852626833758368
TTCCTAATCTACGCAA-1,Oligo MOG OPALIN,0.9997138558024906
TTCCTCTAGTTCCGGC-1,Oligo MOG OPALIN,0.9980495221807388
TTCCTCTGTCAATGGG-1,Endo CLDN5 SLC7A5,0.9987426208138859
TTCCTCTGTCTCGCGA-1,InN VIP SCML4,0.66111019350647
TTCCTCTGTGCCGGTT-1,InN LAMP5 LHX6 TAC1,0.9966913547237956
TTCCTCTTCGCTTTAT-1,Endo CLDN5 SLC7A5,0.5760137231952587
TTCCTTCCAAACGGCA-1,InN VIP HS3ST3B1,0.999869064789314
TTCCTTCCATAGATCC-1,Oligo MOG OPALIN,0.9983957708583919
TTCCTTCGTTGTCATG-1,InN VIP CLSTN2,0.5063434207874853
TTCCTTCTCTCGACGG-1,Endo CLDN5 SLC7A5,0.9962686873561258
TTCGATTAGCTAGCCC-1,Oligo MOG OPALIN,0.9959557639422434
TTCGATTAGTACAGAT-1,L6 OPRK1 SMYD1 TSHZ2,0.5618830443126601
TTCGATTCATGGGTCC-1,Astro GFAP AQP1,0.8424490544090479
TTCGATTGTCGCGGTT-1,Endo CLDN5 SLC7A5,0.9937372329384513
TTCGATTTCGCTCATC-1,Endo CLDN5 SLC7A5,0.933961655615264
TTCGCTGAGTTCTACG-1,Astro AQP4 SLC1A2,0.4977229202576018
TTCGCTGCATAATGCC-1,L3-5 RORB MKX GRIN3A,0.9945802417908292
TTCGCTGTCCCTTTGG-1,Endo CLDN5 SLC7A5,0.7773030130262955
TTCGCTGTCTGCTCTG-1,Oligo MOG OPALIN,0.992465631808136
TTCGGTCAGTTCTACG-1,Endo CLDN5 SLC7A5,0.9779623163908038
TTCGGTCCACAGCCTG-1,Oligo MOG OPALIN,0.9977462855328783
TTCGGTCTCCACGAAT-1,Astro GFAP FABP7,0.9890072501693283
TTCTAACAGTTAGTGA-1,Oligo MOG OPALIN,0.9999994022778098
TTCTAACCAGGTGTTT-1,OPC PDGFRA PCDH15,0.9999999999988787
TTCTAACGTGGGTCAA-1,L2-3 CUX2 NTNG1 PALMD,0.7292507357329674
TTCTAGTAGACGAGCT-1,L2-3 CUX2 ACVR1C THSD7A,0.5250747583139828
TTCTAGTCATTCTTCA-1,Endo CLDN5 SLC7A5,0.6906763617669366
TTCTCTCCAGCAATTC-1,L2-3 CUX2 NTNG1 PALMD,0.30433800973984027
TTCTCTCGTTATTCCT-1,Endo CLDN5 SLC7A5,0.8518059760881743
TTCTGTAAGAATGTTG-1,L3-5 RORB GABRG1 PTPRO,0.42574515891674175
TTCTGTAAGATACCAA-1,L2-3 CUX2 ACVR1C THSD7A,0.9703661616675382
TTCTGTAAGCAACTTC-1,InN PVALB ANOS1,0.7923053114347325
TTCTGTAAGCTTAAGA-1,InN VIP CLSTN2,0.9977432526473649
TTCTGTATCGAGTGAG-1,Oligo MOG GSN,0.9998754940649528
TTCTTCCAGATCGCTT-1,InN SST ADAMTSL1,0.9888426882684855
TTCTTCCAGCGCAATG-1,Astro AQP4 SLC1A2,0.9632719892543242
TTCTTCCCAGGATTCT-1,Endo CLDN5 SLC7A5,0.9990266119228265
TTCTTCCCATGTGACT-1,Endo CLDN5 SLC7A5,0.7694983887121816
TTCTTCCTCAACGTGT-1,Oligo MOG OPALIN,0.39123999438457
TTCTTCCTCAGCCCAG-1,L2-3 CUX2 NTNG1 PALMD,0.28878904326100846
TTCTTCCTCCATAGGT-1,Endo CLDN5 DKK2,0.9999960794956151
TTCTTGAAGGTCCTGC-1,Micro P2RY12 APBB1IP,0.7624953242730065
TTCTTGAAGGTTCTAC-1,PC P2RY14 GRM8,0.9999955493068268
TTCTTGAGTGGACCTC-1,Oligo MOG OPALIN,0.9316424116754889
TTCTTGATCATTCATC-1,Oligo MOG OPALIN,0.9999853982280985
TTGAACGAGAATAACC-1,Endo CLDN5 SLC7A5,0.6820700271741238
TTGAACGAGCACGTCC-1,Micro P2RY12 APBB1IP,0.9700833119593432
TTGAACGAGCACTTTG-1,Astro AQP4 SLC1A2,0.9987978792875964
TTGAACGAGCTAGATA-1,Oligo MOG OPALIN,0.9999829854627958
TTGAACGAGTATGGAT-1,L2-4 CUX2 RORB CLMN,0.9632014619165827
TTGAACGCAAATCAGA-1,Oligo MOG OPALIN,0.9997597302759844
TTGAACGGTGTCCAAT-1,Oligo MOG OPALIN,0.9995001146980926
TTGAACGGTTATAGCC-1,Micro P2RY12 APBB1IP,0.9759477409274876
TTGAACGGTTGCATAC-1,Oligo MOG OPALIN,0.9864728819756275
TTGACCCAGATGCTGG-1,Oligo MOG OPALIN,0.9992853037262959
TTGAGTGAGTATAGAC-1,L5-6 FEZF2 NXPH2 GPC5,0.5689678652323182
TTGAGTGCAGCGAACA-1,Oligo MOG OPALIN,0.9999328709684235
TTGAGTGGTAACATGA-1,L6 FEZF2 SYT6 CDH9,0.6004070347550358
TTGAGTGGTCCAGGTC-1,Oligo MOG OPALIN,0.9972140503101137
TTGAGTGTCTGAGGCC-1,Endo CLDN5 SLC7A5,0.8067235903353581
TTGATGGCAAGGACAC-1,Micro P2RY12 APBB1IP,0.9926361080688173
TTGATGGCAGAAACCG-1,Oligo MOG OPALIN,0.6327591192624736
TTGATGGCAGGACATG-1,Astro GFAP FABP7,0.9998206806181796
TTGCATTAGTGTACCT-1,Oligo MOG OPALIN,0.9993869463136018
TTGCATTCAAACGGCA-1,Oligo MOG OPALIN,0.9979089507388479
TTGCATTCATGTTCAG-1,L2-3 CUX2 ACVR1C THSD7A,0.9748655317018771
TTGCATTGTACTCAAC-1,InN SST ADAMTSL1,0.25838532894643546
TTGCATTTCTTCTGTA-1,Oligo MOG OPALIN,0.9952945392471013
TTGCCTGAGAGGACTC-1,L3-5 RORB MKX DCC,0.9992318017809249
TTGCCTGAGGAATCGC-1,L2-3 CUX2 ACVR1C THSD7A,0.94460118776709
TTGCCTGAGTAACGTA-1,Endo CLDN5 SLC7A5,0.993470892600746
TTGCCTGAGTACTGGG-1,InN PVALB HPSE,0.7015416575238156
TTGCCTGCAGACGATG-1,Oligo MOG OPALIN,0.9998892796518453
TTGCCTGCAGCCCACA-1,Micro P2RY12 GLDN,0.495348380142827
TTGCCTGCAGGTGTTT-1,L3-5 RORB GABRG1 KCNH7,0.9234228189435667
TTGCCTGCAGTAGTGG-1,Endo CLDN5 SLC7A5,0.5711290577474945
TTGCCTGGTTGGCTAT-1,Endo CLDN5 SLC7A5,0.973384252744323
TTGCCTGTCAGAGCGA-1,InN VIP HS3ST3B1,0.3747604584731764
TTGCGTCAGTAGTCAA-1,InN SST ADAMTSL1,0.9677138815608397
TTGCGTCAGTTTCTTC-1,Micro P2RY12 APBB1IP,0.5388656741463975
TTGCGTCCACCATATG-1,Oligo MOG GSN,0.9738307296422974
TTGCGTCCACTCTGCT-1,Oligo MOG OPALIN,0.9999993841546995
TTGCGTCGTCTTGCGG-1,L3-5 RORB PCBP3 LINGO2,0.5347729457534962
TTGCGTCGTGCCTATA-1,Oligo MOG OPALIN,0.24047590826086862
TTGCTGCAGCCGGATA-1,Oligo MOG OPALIN,0.9999703821752096
TTGCTGCCAAGGGTCA-1,Endo CLDN5 SLC7A5,0.08987833853757371
TTGCTGCCAAGTTGGG-1,Endo CLDN5 SLC7A5,0.9920424308465116
TTGCTGCCACACAGCC-1,InN SST PLPP4,0.8914289059204595
TTGCTGCCATTCGATG-1,L2-3 CUX2 NTNG1 PALMD,0.4199724144158572
TTGCTGCTCTACTGCC-1,Oligo MOG OPALIN,0.9993873420773391
TTGGATGCAAGCAATA-1,Micro P2RY12 APBB1IP,0.9885253080156363
TTGGATGGTGACACAG-1,Oligo MOG OPALIN,0.999990215781783
TTGGATGGTGCATTTG-1,InN SST PLPP4,0.4013646728208637
TTGGATGGTTCTCTAT-1,Oligo MOG OPALIN,0.9999878475963295
TTGGATGTCACTGCTC-1,OPC PDGFRA PCDH15,0.9999999999997742
TTGGGATAGCGTTGTT-1,L2-3 CUX2 ACVR1C THSD7A,0.7416025227461844
TTGGGATCATGAAGCG-1,Astro AQP4 SLC1A2,0.9945899319367388
TTGGGATGTACCATAC-1,L2-3 CUX2 NTNG1 PALMD,0.9025050119278217
TTGGGATGTATGCTTG-1,InN SST TRPC7,0.9080065614116902
TTGGGATTCAAGCTTG-1,Astro GFAP AQP1,0.06714704796181806
TTGGGATTCGTCACCT-1,Oligo MOG GSN,0.9946218502816466
TTGGGCGAGCGGTATG-1,Micro P2RY12 APBB1IP,0.5987152404807135
TTGGGCGCAAATGAAC-1,Endo CLDN5 SLC7A5,0.30004505872887643
TTGGGCGCAGCTGAAG-1,Oligo MOG OPALIN,0.1132524824974696
TTGGGCGCAGTTCCAA-1,Oligo MOG OPALIN,0.9968139124390925
TTGGGCGTCTACACAG-1,OPC PDGFRA PCDH15,0.9999999999997591
TTGGGTAAGACAGCTG-1,Endo CLDN5 SLC7A5,0.938949748183068
TTGGGTAAGACTGTTC-1,Endo CLDN5 SLC7A5,0.7991773942720333
TTGGGTAAGTCAACAA-1,Astro GFAP FABP7,0.9990240459307407
TTGGGTACACCTGATA-1,Endo CLDN5 SLC7A5,0.433595398862938
TTGGGTATCCCTCTAG-1,Endo CLDN5 SLC7A5,0.9372470817017513
TTGGTTTTCGTGTTCC-1,InN SST FREM1,0.9921432885440388
TTGTGGACAAATGAAC-1,L2-3 CUX2 ACVR1C INHBA,0.12952085258951174
TTGTGGACATAGGTTC-1,L2-3 CUX2 NTNG1 COL5A2,0.41966608004600375
TTGTGGATCAGCTTGA-1,InN SST ADRA1D,0.8209773530313851
TTGTGTTAGTAAACTG-1,PC P2RY14 GRM8,0.9999996125674278
TTGTGTTTCCGCAACG-1,Astro GFAP FABP7,0.07509179852473687
TTGTTCAAGACCCTTA-1,Endo CLDN5 SLC7A5,0.9996499830711684
TTGTTCAAGGGCAGGA-1,Oligo MOG OPALIN,0.9984609606734743
TTGTTCAAGTCGAATA-1,InN SST ADRA1D,0.9886823221063519
TTGTTCAAGTTGGCGA-1,Oligo MOG OPALIN,0.9982776214032983
TTGTTCAGTCACCGAC-1,Endo CLDN5 SLC7A5,0.9882341668692138
TTGTTCAGTTAGGCTT-1,Oligo MOG OPALIN,0.9930864880896515
TTGTTCATCCTCAGGG-1,Oligo MOG OPALIN,0.9999928330716609
TTGTTGTAGTGCAACG-1,Oligo MOG OPALIN,0.9987366740550643
TTGTTGTCACTACCGG-1,OPC PDGFRA PCDH15,0.9999999999999247
TTGTTGTCAGACAAGC-1,Oligo MOG OPALIN,0.9999987209405181
TTGTTTGAGGGCCAAT-1,Micro P2RY12 APBB1IP,0.9968260322038486
TTGTTTGCAGCGGATA-1,Oligo MOG OPALIN,0.9993124668373896
TTGTTTGGTTCCTACC-1,Endo CLDN5 SLC7A5,0.15405082974436238
TTGTTTGTCAAGCTTG-1,Astro AQP4 SLC1A2,0.887074509264097
TTGTTTGTCACAGTGT-1,InN SST FREM1,0.9160496790654648
TTTACCACATGAGATA-1,Endo CLDN5 SLC7A5,0.7600801533883035
TTTACCAGTACATACC-1,Oligo MOG OPALIN,0.9998396214395193
TTTACCATCAAATGCC-1,Oligo MOG OPALIN,0.9420516292314314
TTTACCATCATTTGTC-1,SMC ACTA2 CNN1,0.9947833349249103
TTTACCATCTAGTCAG-1,L2-3 CUX2 ACVR1C THSD7A,0.383536898123583
TTTACGTCAGAAACCG-1,Oligo MOG OPALIN,0.9999905416721359
TTTACGTGTAGATTGA-1,L2-3 CUX2 NTNG1 PLCH1,0.30006498399115816
TTTACGTGTATGCGTT-1,Oligo MOG OPALIN,0.9875539550357159
TTTACGTGTCGAATGG-1,L2-3 CUX2 NTNG1 PALMD,0.05939271466735587
TTTACGTGTCTGTGGC-1,PC P2RY14 GRM8,0.9999944203999921
TTTACGTGTTTGTTGG-1,L2-3 CUX2 NTNG1 PALMD,0.660521669429347
TTTACGTTCATGCCAA-1,L2-3 CUX2 ACVR1C THSD7A,0.9000870818819295
TTTACTGAGAGAGTTT-1,Oligo MOG OPALIN,0.3452408503201637
TTTACTGGTAGTGTGG-1,L2-4 CUX2 RORB CLMN,0.023360081228221308
TTTACTGGTAGTTCCA-1,Oligo MOG OPALIN,0.9999800594899358
TTTACTGGTCTGCGCA-1,Endo CLDN5 SLC7A5,0.824206859571791
TTTACTGTCTAGCATG-1,Oligo MOG OPALIN,0.9999980669028675
TTTAGTCCAAGTTCCA-1,L2-3 CUX2 ACVR1C INHBA,0.5096767030298507
TTTAGTCCAGCAGAAC-1,Oligo MOG OPALIN,0.9997990880532222
TTTAGTCGTGAGCGAT-1,Oligo MOG OPALIN,0.36351417180135526
TTTAGTCTCATCACTT-1,Oligo MOG OPALIN,0.9999369734121317
TTTATGCAGAAGTGTT-1,InN ADARB2 RGS10,0.041649228042162784
TTTATGCAGAGTAACT-1,Endo CLDN5 SLC7A5,0.3072525825789064
TTTATGCAGATAGGGA-1,Astro AQP4 SLC1A2,0.9988498066888005
TTTATGCAGGTAGCCA-1,L3-5 RORB MKX DCC,0.998537213464192
TTTATGCCAATACCCA-1,Oligo MOG OPALIN,0.9999997881593248
TTTATGCCATGAATCC-1,InN SST ADAMTSL1,0.9881394704278234
TTTATGCGTGTTCGAT-1,L2-3 CUX2 ACVR1C THSD7A,0.9954361559611965
TTTATGCTCCATCGTC-1,Oligo MOG OPALIN,0.9994145549493075
TTTATGCTCGCGTGCA-1,Oligo MOG OPALIN,0.9998666196329105
TTTCACAAGCATTTGC-1,Endo CLDN5 IL1R1,0.6585045070365022
TTTCACAAGTTAACAG-1,Endo CLDN5 SLC7A5,0.9945600224312772
TTTCACACACAAAGCG-1,Oligo MOG OPALIN,0.9997759675125046
TTTCACACACCATAAC-1,L2-3 CUX2 NTNG1 PALMD,0.5789230824063928
TTTCACACATGACGTT-1,Endo CLDN5 SLC7A5,0.6237385076613126
TTTCACAGTAGCGAGT-1,PC P2RY14 GRM8,0.9999926386532793
TTTCACAGTGCCCACA-1,Endo CLDN5 SLC7A5,0.8081471647431823
TTTCACAGTGTGACCC-1,Endo CLDN5 SLC7A5,0.9712572180781172
TTTCAGTCAAGTTCGT-1,Endo CLDN5 SLC7A5,0.9446523369498191
TTTCAGTCAGGTTCAT-1,PC P2RY14 GRM8,0.9999953337602365
TTTCAGTTCATTATCC-1,L2-3 CUX2 ACVR1C THSD7A,0.27651356623599943
TTTCAGTTCCTGTTAT-1,Oligo MOG OPALIN,0.9979602209894612
TTTCAGTTCTCGGTCT-1,Oligo MOG OPALIN,0.9999886493724462
TTTCATGCAGGTATGG-1,Oligo MOG OPALIN,0.9980613038413501
TTTCATGCATAGGTTC-1,Micro P2RY12 APBB1IP,0.2810740436237762
TTTCATGGTCTGTGAT-1,Oligo MOG OPALIN,0.9979250938296832
TTTCCTCGTTGCGGCT-1,Micro P2RY12 APBB1IP,0.9965290773471617
TTTCCTCTCTCCCATG-1,InN VIP ADAM12,0.01753191408401053
TTTCGATAGCACTGGA-1,Micro P2RY12 APBB1IP,0.25462726266995206
TTTCGATAGCGGACAT-1,Astro GFAP AQP1,0.9999014016946987
TTTCGATCAACGGCCT-1,Endo CLDN5 SLC7A5,0.8594449854185353
TTTCGATCAACGTATC-1,Endo CLDN5 SLC7A5,0.9999957719225171
TTTCGATCAATCAAGA-1,Oligo MOG OPALIN,0.9998325214021032
TTTCGATGTATTGACC-1,L2-3 CUX2 NTNG1 PLCH1,0.41917504403670297
TTTCGATGTCAGATTC-1,Endo CLDN5 SLC7A5,0.03161093029106067
TTTCGATGTGCAGTGA-1,Oligo MOG OPALIN,0.9999970465193642
TTTCGATTCGCATTGA-1,InN SST ADAMTSL1,0.9458855993608754
TTTCGATTCTTTCTAG-1,Oligo MOG OPALIN,0.9977129244876074
TTTGACTCAGACCTGC-1,Astro GFAP FABP7,0.5232519969728302
TTTGATCAGCACTTTG-1,Oligo MOG OPALIN,0.9999997100524699
TTTGATCAGGCAGGGA-1,Endo CLDN5 SLC7A5,0.24866636088130525
TTTGATCCACCTGCTT-1,Endo CLDN5 SLC7A5,0.09621779915148405
TTTGATCCACTGTCCT-1,Oligo MOG OPALIN,0.9997427875591669
TTTGATCCAGACTGCC-1,InN SST ADAMTSL1,0.9955960411294253
TTTGATCTCACCCTTG-1,Oligo MOG OPALIN,0.05391480742990975
TTTGATCTCCTCGATC-1,Oligo MOG OPALIN,0.999917394379743
TTTGATCTCTACTTCA-1,Oligo MOG OPALIN,0.9978796896192799
TTTGGAGAGTGGGAAA-1,Astro GFAP FABP7,0.9923513788769718
TTTGGAGCAAAGGGCT-1,Micro P2RY12 APBB1IP,0.27213311869251516
TTTGGAGCACATTCGA-1,Oligo MOG OPALIN,0.9998108073423033
TTTGGAGCATTGTACG-1,L2-3 CUX2 NTNG1 PALMD,0.3848859161736944
TTTGGAGGTAGTTACC-1,Micro P2RY12 APBB1IP,0.9795946325165938
TTTGGAGTCGCCTTTG-1,L2-3 CUX2 NTNG1 PALMD,0.5877983144525216
TTTGGAGTCGTGGGAA-1,Oligo MOG OPALIN,0.9656377355677428
TTTGGTTCAGAAACCG-1,Astro AQP4 SLC1A2,0.999947338794681
TTTGGTTCATCGATGT-1,Oligo MOG OPALIN,0.8825019745791288
TTTGTTGGTACACTCA-1,L2-3 CUX2 NTNG1 PALMD,0.5802110653878523
TTTGTTGGTGTAGGAC-1,Oligo MOG OPALIN,0.9994780812555758
TTTGTTGTCTAAGCCA-1,Endo CLDN5 SLC7A5,0.9963430861395817
TTTGTTGTCTATACGG-1,Astro AQP4 SLC1A2,0.703840098996937
TTTGTTGTCTCTGACC-1,InN SST HS3ST5,0.9644654758149418
