,ctpt_individual_prediction,ctpt_confidence
AAACCCACATTCAGGT-1,Oligo MOG OPALIN,0.19323727578681885
AAACCCAGTAAGATCA-1,Endo CLDN5 IL1R1,0.19072131110047685
AAACGAAAGTCTCTGA-1,Oligo MOG OPALIN,0.05662531327767885
AAACGAATCAAAGGTA-1,Oligo MOG OPALIN,0.27030271955981644
AAACGAATCCGCAAAT-1,Endo CLDN5 SLC7A5,0.7070886012002611
AAACGCTAGCACAAAT-1,Endo CLDN5 SLC7A5,0.019705555279082666
AAACGCTAGCAGTAAT-1,Endo CLDN5 SLC7A5,0.18370077227937237
AAACGCTAGCCTCAGC-1,Oligo MOG OPALIN,0.9514164507222997
AAACGCTAGGCGATAC-1,Endo CLDN5 SLC7A5,0.4383479925993936
AAACGCTCAAGTGTCT-1,Oligo MOG OPALIN,0.9998743851726372
AAACGCTGTACCAGAG-1,Endo CLDN5 SLC7A5,0.5213590915002456
AAACGCTTCTAAGCCA-1,Micro P2RY12 APBB1IP,0.929160998852813
AAAGAACAGATTCGAA-1,InN SST KLHL14,0.9663198514190792
AAAGAACAGTTGCTCA-1,Endo CLDN5 SLC7A5,0.22201582998160901
AAAGAACTCTCCATAT-1,Micro P2RY12 APBB1IP,0.9990812334089065
AAAGGATCACACCAGC-1,Endo CLDN5 SLC7A5,0.24633069152280498
AAAGGATGTAGAATGT-1,Astro GFAP AQP1,0.016360504167372614
AAAGGATGTCGTTTCC-1,L2-3 CUX2 NTNG1 PALMD,0.12975630942328192
AAAGGGCTCACCTCGT-1,Oligo MOG OPALIN,0.9763688014248979
AAAGGGCTCAGGAGAC-1,Astro GFAP AQP1,0.17284115964021413
AAAGGGCTCCGCGGAT-1,Astro AQP4 SLC1A2,0.9999013678115308
AAAGGTACACCGGTCA-1,Endo CLDN5 SLC7A5,0.785776023062287
AAAGGTACATGTCGTA-1,Oligo MOG OPALIN,0.9949917008045144
AAAGGTATCATCCTGC-1,L3-5 RORB MKX GRIN3A,0.31329551072535555
AAAGTCCAGGTGGCTA-1,L2-3 CUX2 NTNG1 PALMD,0.41337861014800475
AAAGTCCGTTTACCAG-1,Endo CLDN5 SLC7A5,0.18356768643969518
AAAGTCCTCAACACGT-1,Oligo MOG OPALIN,0.6150315774996663
AAAGTCCTCCTGTTAT-1,Oligo MOG FRY,0.6111154192505551
AAAGTGACAATACCTG-1,Endo CLDN5 SLC7A5,0.37791329869999857
AAAGTGACAGACCATT-1,InN SST HTR2C,0.9976048944619074
AAAGTGACATCCAATG-1,Endo CLDN5 SLC7A5,0.37402095588676787
AAAGTGAGTGCTGCAC-1,Astro AQP4 SLC1A2,0.9969618881029529
AAAGTGAGTGTGCCTG-1,InN VIP FREM2,0.6900447778911561
AAAGTGATCTCAATCT-1,Oligo MOG OPALIN,0.7596198772924025
AAAGTGATCTCTGCTG-1,Endo CLDN5 SLC7A5,0.24629534837868342
AAATGGAAGTGGGAAA-1,Oligo MOG OPALIN,0.9910134709932662
AAATGGACAATTGCCA-1,Oligo MOG OPALIN,0.999995099417606
AAATGGACAGTCGAGA-1,Astro GFAP AQP1,0.9968316620647328
AAATGGAGTAGACACG-1,L6 OPRK1 THEMIS RGS6,0.8308071573077056
AAATGGAGTTAGTTCG-1,Oligo MOG OPALIN,0.5278325878454513
AAATGGATCAGGCGAA-1,L2-3 CUX2 NTNG1 PALMD,0.13956064215099617
AAATGGATCCAATCTT-1,Endo CLDN5 SLC7A5,0.7708515787162257
AAATGGATCGCAGAGA-1,Endo CLDN5 SLC7A5,0.8643588457851329
AACAAAGAGCTGACAG-1,Oligo MOG OPALIN,0.01596019672485689
AACAAAGAGGCTCAAG-1,L2-3 CUX2 NTNG1 PALMD,0.05540814745734601
AACAAAGAGTAATCCC-1,Oligo MOG OPALIN,0.3906578604013042
AACAAAGAGTCGCGAA-1,Astro GFAP FABP7,0.9999599543562379
AACAAAGCAACTCGTA-1,Astro AQP4 SLC1A2,0.9998144858884637
AACAAAGCAAGCTGCC-1,Oligo MOG OPALIN,0.8372403250532618
AACAAAGCAATTGCGT-1,Endo CLDN5 SLC7A5,0.0839272726894079
AACAAAGCACCAGTTA-1,Endo CLDN5 SLC7A5,0.4164698796880596
AACAAAGCAGAGCCCT-1,L3-5 RORB MKX GRIN3A,0.025169817792379392
AACAAAGCATCCAACA-1,L2-3 CUX2 NTNG1 PALMD,0.14927989229971594
AACAAAGTCCACTAGA-1,Astro AQP4 SLC1A2,0.0646304056484219
AACAAAGTCTCGGTCT-1,L2-3 CUX2 ACVR1C THSD7A,0.9997887983594386
AACAACCAGTCATACC-1,Endo CLDN5 SLC7A5,0.4429998634567156
AACAACCCACATAACC-1,Endo CLDN5 SLC7A5,0.11784490145497419
AACAACCGTAGACGGT-1,L2-3 CUX2 NTNG1 PALMD,0.039994302269939136
AACAACCGTGCGTGCT-1,InN SST HGF GABRQ,0.9882668992040375
AACAACCTCACGGGCT-1,Oligo MOG OPALIN,0.9884061190447931
AACAACCTCCTTCAGC-1,L2-3 CUX2 NTNG1 PALMD,0.10950324240164275
AACAAGAAGGTTGCCC-1,Endo CLDN5 SLC7A5,0.576638324292386
AACAAGACACTGCGAC-1,Oligo MOG GSN,0.7903008348802699
AACAAGAGTGAACGGT-1,Endo CLDN5 SLC7A5,0.653226596108956
AACAAGAGTGGGACAT-1,L3-5 RORB PCBP3 ARHGAP15,0.10488197731120188
AACAAGAGTTCTCACC-1,Oligo MOG OPALIN,0.8714413455726592
AACAAGATCCTCACGT-1,Oligo MOG OPALIN,0.6099006801946664
AACACACAGCTAATGA-1,Astro GFAP AQP1,0.03471415806742346
AACACACAGCTACTAC-1,L2-3 CUX2 NTNG1 PALMD,0.49285386655275437
AACACACAGCTGGCCT-1,L6 OPRK1 THEMIS RGS6,0.6930711719316072
AACACACCAGCCCACA-1,InN SST FREM1,0.037317805741255115
AACACACGTATACCCA-1,Endo CLDN5 SLC7A5,0.023935779952014714
AACAGGGAGCCTCTCT-1,SMC ACTA2 CRISPLD2,0.18214968693089081
AACAGGGAGGCTTTCA-1,Astro GFAP AQP1,0.999733609399156
AACAGGGAGTACTGGG-1,L6 FEZF2 NPFFR2 KCNK2,0.13431880794670398
AACAGGGCACAGAGAC-1,InN SST ADAMTSL1,0.999242534952683
AACAGGGGTGCCTTTC-1,Oligo MOG OPALIN,0.9998919869662038
AACAGGGTCAGACTGT-1,Micro P2RY12 APBB1IP,0.17677827930279913
AACAGGGTCTGGCCTT-1,Oligo MOG OPALIN,0.6686969031518307
AACCAACAGAGGCTGT-1,InN SST TRPC7,0.471751178563339
AACCAACCACTGAATC-1,L2-3 CUX2 NTNG1 PALMD,0.8249791518612843
AACCAACCATTGGCAT-1,Astro AQP4 SLC1A2,0.9999164564725683
AACCAACGTATTGACC-1,Astro AQP4 SLC1A2,0.9998923337696691
AACCAACGTCCTGGGT-1,Oligo MOG OPALIN,0.5169292851144698
AACCAACGTGTTCGTA-1,Endo CLDN5 SLC7A5,0.21073313348581893
AACCAACGTTAAGCAA-1,Oligo MOG OPALIN,0.9523905189845633
AACCAACTCCACAAGT-1,Oligo MOG OPALIN,0.4834930393653686
AACCACAAGGGCAGTT-1,Endo CLDN5 SLC7A5,0.39425144222702124
AACCACACAACATCGT-1,Oligo MOG OPALIN,0.9869368416707801
AACCACACACAAGTTC-1,Oligo MOG OPALIN,0.9680472282890559
AACCACACAGGCATTT-1,L6 OPRK1 SMYD1 KCND2,0.03531293026907512
AACCACACATACAGAA-1,L3-5 RORB MKX GALR1,0.11371412661777429
AACCACAGTGTAGGAC-1,Endo CLDN5 SLC7A5,0.31186031809323866
AACCACATCGAAGCAG-1,Oligo MOG GSN,0.11243022935642588
AACCACATCGGTCGAC-1,Oligo MOG OPALIN,0.7909190504005381
AACCATGAGATGTTCC-1,Endo CLDN5 SLC7A5,0.22217285197680287
AACCATGAGCGGGTTA-1,Endo CLDN5 SLC7A5,0.9342961069396408
AACCATGCAGTAGGAC-1,InN VIP ADAM12,0.01484835498618557
AACCATGCATACCATG-1,L6 OPRK1 SMYD1 KCND2,0.04689071126526753
AACCATGGTCGAGCTC-1,Oligo MOG OPALIN,0.999259722916564
AACCATGTCGACGAGA-1,Astro GFAP AQP1,0.999785338124388
AACCCAAAGAGGGTGG-1,PC P2RY14 GRM8,0.9999776653741906
AACCCAAAGATAACAC-1,Endo CLDN5 SLC7A5,0.24486254078837583
AACCCAAAGGAGGGTG-1,Astro AQP4 SLC1A2,0.9995074538426573
AACCCAACAAGAGGCT-1,Oligo MOG OPALIN,0.7413500920415793
AACCCAACAGAATTCC-1,Astro AQP4 SLC1A2,0.1165211622074424
AACCCAACAGCCTACG-1,Oligo MOG OPALIN,0.08695208479943357
AACCCAACAGTCAGTT-1,L2-3 CUX2 NTNG1 PALMD,0.07917360584561965
AACCCAATCCAGCAAT-1,Endo CLDN5 SLC7A5,0.12986857623932996
AACCCAATCCTTCTAA-1,Oligo MOG FRY,0.22297436643457413
AACCTGAAGACGCAGT-1,InN SST KLHL14,0.9873521799814169
AACCTGAAGGTACAGC-1,Astro GFAP AQP1,0.02219890020324321
AACCTGAAGTTCACTG-1,L2-3 CUX2 NTNG1 PALMD,0.05118918735764193
AACCTGACACAGAGAC-1,Oligo MOG OPALIN,0.14923622398647196
AACCTGACACTGTTCC-1,Micro P2RY12 APBB1IP,0.9991511975269165
AACCTGACAGCTACAT-1,L2-3 CUX2 NTNG1 COL5A2,0.20565858389538785
AACCTGAGTAGATCCT-1,Astro GFAP AQP1,0.007730100665644357
AACCTGATCCTGGTCT-1,PC P2RY14 GRM8,0.02938868663175055
AACCTGATCGAAGCAG-1,Oligo MOG OPALIN,0.6261043729714294
AACCTTTCATTGGGAG-1,Endo CLDN5 SLC7A5,0.10437092210394786
AACCTTTTCCGATGCG-1,Oligo MOG OPALIN,0.3661597151195531
AACCTTTTCCGTGGGT-1,Endo CLDN5 SLC7A5,0.6805458772228004
AACCTTTTCGTCGGGT-1,Astro AQP4 SLC1A2,0.9966477087480627
AACGAAAAGCCTGGAA-1,Oligo MOG OPALIN,0.02115057530899432
AACGAAAGTCCTACGG-1,L6 FEZF2 NPFFR2 TPD52L1,0.07442096526272227
AACGAAATCCCAGCGA-1,Astro GFAP AQP1,0.06888762547930947
AACGAAATCTACCCAC-1,L2-3 CUX2 NTNG1 PALMD,0.2858267135997278
AACGGGACAGAGTCTT-1,Oligo MOG OPALIN,0.14636425737672684
AACGGGACATTCCTAT-1,Astro GFAP AQP1,0.06534005619515465
AACGGGAGTACTCCGG-1,Endo CLDN5 SLC7A5,0.7669118432788742
AACGGGATCGAAGTGG-1,L2-3 CUX2 NTNG1 PALMD,0.018243027414323768
AACGTCAAGCGTATGG-1,Endo CLDN5 SLC7A5,0.08480683385392272
AACGTCAAGCTGAGTG-1,Micro P2RY12 APBB1IP,0.04833800650697464
AACGTCAAGGTGGCTA-1,Endo CLDN5 SLC7A5,0.2584973585347531
AACGTCACATGACACT-1,Oligo MOG OPALIN,0.9992611698738789
AACGTCATCAGTGTCA-1,Endo CLDN5 SLC7A5,0.7050400838149243
AACGTCATCATGAAAG-1,Astro GFAP AQP1,0.5199910696321844
AACGTCATCCGATCTC-1,Oligo MOG OPALIN,0.03632149624067358
AACGTCATCTGTAAGC-1,Oligo MOG OPALIN,0.8570448471427043
AACTTCTAGGAACGCT-1,Oligo MOG OPALIN,0.3870291503791635
AACTTCTCAATTTCCT-1,Endo CLDN5 SLC7A5,0.034036862507018664
AACTTCTCATTCAGCA-1,L3-5 RORB MKX DCC,0.05977325266156378
AACTTCTTCGGACAAG-1,L2-3 CUX2 NTNG1 PALMD,0.6786512573773191
AAGAACAAGTACCATC-1,Endo CLDN5 SLC7A5,0.9046064783161315
AAGAACACAATACCTG-1,Oligo MOG OPALIN,0.913507417312033
AAGAACACAATGCTCA-1,Astro AQP4 SLC1A2,0.6051869997131921
AAGAACATCTTGGTCC-1,Endo CLDN5 SLC7A5,0.4971645473898038
AAGACAAAGGCCCACT-1,Astro AQP4 SLC1A2,0.04301079217754309
AAGACAACAACGCATT-1,L2-3 CUX2 NTNG1 PALMD,0.02153732262978801
AAGACAACATCAGTCA-1,Oligo MOG OPALIN,0.9389354760409123
AAGACAAGTATCAGCT-1,Endo CLDN5 SLC7A5,0.08899919218737205
AAGACAAGTATGCAAA-1,InN SST NPY,0.9149839098341593
AAGACAAGTCGCCTAG-1,Astro AQP4 SLC1A2,0.9999959153694881
AAGACAAGTGCGAGTA-1,Endo CLDN5 SLC7A5,0.16749163190485158
AAGACAATCAACCTTT-1,Astro AQP4 SLC1A2,0.2702829425142484
AAGACAATCCAATGCA-1,Endo CLDN5 SLC7A5,0.32081415022295173
AAGACTCAGTCGAAGC-1,L6 OPRK1 THEMIS RGS6,0.1853149731015898
AAGACTCCAAGATGGC-1,SMC ACTA2 CNN1,0.9902135222646676
AAGACTCCACCACTGG-1,Oligo MOG OPALIN,0.9790656864637228
AAGACTCGTGATTCTG-1,L3-5 RORB MKX GRIN3A,0.2873866433443944
AAGACTCGTTCGTGCG-1,Oligo MOG OPALIN,0.8598145076815772
AAGACTCTCTGAGTCA-1,Endo CLDN5 SLC7A5,0.08135058602153467
AAGACTCTCTGTAAGC-1,Oligo MOG OPALIN,0.999401302785277
AAGATAGAGACGAGCT-1,Astro GFAP AQP1,0.995154736018952
AAGATAGAGGACAACC-1,L2-4 CUX2 RORB CLMN,0.027174685016583145
AAGATAGAGGCGATAC-1,Astro GFAP AQP1,0.1188535682011673
AAGATAGAGGTACAGC-1,Astro GFAP AQP1,0.9825748197532439
AAGATAGAGTCCGCGT-1,Oligo MOG OPALIN,0.9820915468849388
AAGATAGCAACTGCTA-1,Oligo MOG OPALIN,0.05216987644705376
AAGATAGCACCAGTTA-1,InN SST TRPC7,0.9877600431304491
AAGATAGCAGACAATA-1,Oligo MOG OPALIN,0.026876993564356414
AAGATAGCAGTCAACT-1,Endo CLDN5 SLC7A5,0.7399969320369137
AAGATAGGTCGTCAGC-1,Endo CLDN5 SLC7A5,0.2303467169711835
AAGATAGGTTGTGCAT-1,Endo CLDN5 SLC7A5,0.03647628653907437
AAGCATCGTCTGTGAT-1,Oligo MOG OPALIN,0.9912944638861647
AAGCATCTCAAGCGTT-1,L6 OPRK1 THEMIS RGS6,0.1802659376085782
AAGCATCTCAATGCAC-1,Endo CLDN5 SLC7A5,0.13969055879424314
AAGCATCTCACTACGA-1,L2-3 CUX2 NTNG1 PALMD,0.7629264847105995
AAGCCATAGAGGTTAT-1,Oligo MOG OPALIN,0.922179692674629
AAGCCATAGGCTAGCA-1,Oligo MOG OPALIN,0.434616849209158
AAGCCATCAAAGGGCT-1,L2-4 CUX2 RORB CLMN,0.07008229252046495
AAGCCATCAGAGTAAT-1,Endo CLDN5 SLC7A5,0.9398670156905913
AAGCCATGTGTGTACT-1,Endo CLDN5 SLC7A5,0.06064706132352191
AAGCGAGAGCCGTAAG-1,Astro GFAP AQP1,0.03973278520645562
AAGCGAGCACACCGAC-1,L6 FEZF2 NPFFR2 TPD52L1,0.7683486825776522
AAGCGAGCACTTACAG-1,Oligo MOG FRY,0.05722396681624939
AAGCGAGGTCTTCTAT-1,L6 OPRK1 SMYD1 SNTB1,0.04386963626965854
AAGCGAGGTGAATAAC-1,InN PVALB SYT2,0.054096792643628995
AAGCGAGGTGATGAAT-1,Endo CLDN5 SLC7A5,0.10518398540533923
AAGCGAGGTTAGGCTT-1,Endo CLDN5 SLC7A5,0.37648941515559586
AAGCGAGTCCCGAACG-1,Oligo MOG OPALIN,0.48759552694709535
AAGCGAGTCGGCTCTT-1,L2-3 CUX2 NTNG1 PALMD,0.05596665649722106
AAGCGTTAGTGCTACT-1,Endo CLDN5 SLC7A5,0.5446346589398101
AAGCGTTCACACTTAG-1,Endo CLDN5 SLC7A5,0.8378611572303054
AAGCGTTGTCTCGACG-1,Astro GFAP FABP7,0.9852339390458733
AAGCGTTTCTCGGTCT-1,L3-5 RORB GABRG1 PTPRO,0.14760604286155424
AAGGAATAGGACTTCT-1,Micro P2RY12 GLDN,0.8384135805015386
AAGGAATAGGTAGTCG-1,Micro P2RY12 APBB1IP,0.9998853865855352
AAGGAATAGTTACGAA-1,PC P2RY14 GRM8,0.970680613154992
AAGGAATCATACTGTG-1,InN SST TRPC7,0.07706290918903563
AAGGAATGTCTCAGAT-1,Endo CLDN5 SLC7A5,0.13039965004420365
AAGGAATGTGTCGCTG-1,InN LAMP5 RELN,0.996726805724324
AAGGAATTCCGATGTA-1,Endo CLDN5 SLC7A5,0.22658129310053304
AAGGTAAAGGGTGAGG-1,Endo CLDN5 SLC7A5,0.9637658616642658
AAGGTAACACTAAACC-1,L3-5 RORB GABRG1 KCNH7,0.09555058508794989
AAGGTAACAGTTGTCA-1,Astro GFAP AQP1,0.08921988864089525
AAGGTAATCAGGGATG-1,Endo CLDN5 SLC7A5,0.621494971078229
AAGGTAATCGAGAACG-1,Endo CLDN5 SLC7A5,0.9497928295224803
AAGGTAATCGGTAACT-1,L6 OPRK1 THEMIS RGS6,0.2708837395704002
AAGGTAATCTAGAACC-1,L3-5 RORB MKX GRIN3A,0.019763332122524534
AAGTACCAGCAAGTCG-1,Endo CLDN5 SLC7A5,0.3619022811957227
AAGTACCAGCGAGTCA-1,Oligo MOG OPALIN,0.06148942592043606
AAGTACCCACGAAGAC-1,Oligo MOG OPALIN,0.9427195236941668
AAGTACCGTGCTCCGA-1,Oligo MOG OPALIN,0.07034080705864247
AAGTACCGTGTTATCG-1,L2-3 CUX2 NTNG1 PALMD,0.12893257367371708
AAGTCGTCACGACTAT-1,PC P2RY14 GRM8,0.9999868009505001
AAGTCGTCAGAAATTG-1,L2-3 CUX2 NTNG1 PALMD,0.8261014922509681
AAGTCGTGTACTCCCT-1,Endo CLDN5 SLC7A5,0.6063110657797697
AAGTGAAAGAAGGATG-1,Endo CLDN5 SLC7A5,0.9764732084901985
AAGTGAAAGGACTAAT-1,Endo CLDN5 SLC7A5,0.37806168694987646
AAGTGAAGTCTTGGTA-1,Endo CLDN5 SLC7A5,0.24619628232132496
AAGTGAAGTGATTGGG-1,OPC PDGFRA PCDH15,0.9966778602835978
AAGTTCGAGGAATCGC-1,Astro AQP4 SLC1A2,0.7571623094271778
AAGTTCGAGTACCGGA-1,Oligo MOG OPALIN,0.9983265942338235
AAGTTCGCACCACTGG-1,Endo CLDN5 SLC7A5,0.04125207370968261
AAGTTCGTCAGATGCT-1,Oligo MOG OPALIN,0.9997850514902781
AATAGAGAGACTACCT-1,Endo CLDN5 SLC7A5,0.11466296614230327
AATAGAGAGCAAGCCA-1,Endo CLDN5 SLC7A5,0.12296638102236511
AATAGAGCATACTGTG-1,Astro AQP4 SLC1A2,0.13106507835457173
AATAGAGGTTCATCTT-1,Oligo MOG OPALIN,0.9192355377146703
AATAGAGTCCATCTAT-1,L6 OPRK1 THEMIS RGS6,0.27941878792115166
AATCACGCACAGAGAC-1,Oligo MOG OPALIN,0.9942439933909349
AATCACGTCGGAGTGA-1,Endo CLDN5 SLC7A5,0.9078017523838485
AATCGACTCATTGTTC-1,Endo CLDN5 SLC7A5,0.7145180168007792
AATCGACTCGCTGATA-1,InN ADARB2 FAM19A1,0.8816051926352023
AATGAAGAGACTCATC-1,Oligo MOG OPALIN,0.852746448641022
AATGAAGGTGGTATGG-1,Endo CLDN5 SLC7A5,0.9391033161860554
AATGAAGTCTATCCAT-1,Oligo MOG OPALIN,0.4652601923977845
AATGAAGTCTCCCATG-1,Endo CLDN5 SLC7A5,0.1995350288837674
AATGAAGTCTCTGCCA-1,Oligo MOG OPALIN,0.08295972223536958
AATGACCAGAGCAGAA-1,Endo CLDN5 SLC7A5,0.406003128196194
AATGACCAGTGCACTT-1,L6 FEZF2 SYT6 PTPRT,0.04933849179842859
AATGACCCATGGAGAC-1,L2-3 CUX2 NTNG1 PALMD,0.6036345845978535
AATGACCGTACGAGCA-1,Micro P2RY12 APBB1IP,0.8986762217447465
AATGACCTCCAGCAAT-1,Astro AQP4 SLC1A2,0.9976325558972612
AATGACCTCCCTTCCC-1,Oligo MOG OPALIN,0.9998388383699929
AATGCCAAGTATGAAC-1,Micro P2RY12 APBB1IP,0.9991493322421328
AATGCCAGTGAGGAAA-1,Astro AQP4 SLC1A2,0.9999990216001564
AATGCCATCATTATCC-1,L3-5 RORB MKX GRIN3A,0.29094701882733565
AATGCCATCGAGAGAC-1,Endo CLDN5 SLC7A5,0.5181099461313238
AATGCCATCTGAATGC-1,InN VIP ADAM12,0.006385706155694168
AATGCCATCTGGCTGG-1,Oligo MOG OPALIN,0.013326782468963298
AATGGAACAAAGTGTA-1,Endo CLDN5 SLC7A5,0.27759792399983874
AATGGAACAGGAGGAG-1,Endo CLDN5 SLC7A5,0.8926235578171696
AATGGAAGTGTCTTGA-1,Oligo MOG OPALIN,0.9933115432355624
AATGGAAGTTTCGGCG-1,Oligo MOG OPALIN,0.39192220574216885
AATGGAATCTCGTCGT-1,Oligo MOG OPALIN,0.8035721953545384
AATGGAATCTGTGTGA-1,Endo CLDN5 SLC7A5,0.10908053396601816
AATGGCTAGTTCACTG-1,Endo CLDN5 SLC7A5,0.564251048704012
AATGGCTCAGAATTCC-1,L6 FEZF2 NPFFR2 TPD52L1,0.1185570426949563
AATGGCTTCCTCACCA-1,Oligo MOG OPALIN,0.37446021944931174
AATTCCTGTCATTGCA-1,L6 OPRK1 THEMIS RGS6,0.03512480216221862
AATTCCTTCAATGTCG-1,Oligo MOG OPALIN,0.4755483127848589
AATTCCTTCCACTGAA-1,Oligo MOG OPALIN,0.9999846391384559
AATTTCCAGGAACATT-1,Endo CLDN5 SLC7A5,0.6586877309142032
AATTTCCCATGACTAC-1,Endo CLDN5 SLC7A5,0.24245566493059562
ACAAAGAAGGACGCAT-1,Endo CLDN5 SLC7A5,0.2004617353621656
ACAAAGAGTGCGAACA-1,Oligo MOG OPALIN,0.2984959107624679
ACAAAGAGTGTAGTGG-1,Endo CLDN5 SLC7A5,0.5135439994177166
ACAAAGATCATGACAC-1,Endo CLDN5 SLC7A5,0.057233408547450404
ACAACCAAGGCACGAT-1,Oligo MOG OPALIN,0.9992041398071504
ACAACCAAGGGTGAGG-1,Endo CLDN5 SLC7A5,0.9138003330202089
ACAACCAAGTGATTCC-1,Astro GFAP AQP1,0.5800142933761593
ACAACCACAAAGAGTT-1,Endo CLDN5 SLC7A5,0.7753310659928462
ACAACCACAGACACCC-1,L6 FEZF2 SYT6 CDH9,0.026201430386312216
ACAACCACATAACCCA-1,L2-3 CUX2 NTNG1 PLCH1,0.07903263875162689
ACAACCAGTTACACTG-1,Oligo MOG OPALIN,0.9569505927779315
ACAACCATCAAAGGTA-1,Endo CLDN5 SLC7A5,0.8710686453512769
ACAACCATCGCTGCGA-1,InN SST FREM1,0.009775194422627432
ACAAGCTAGAATTCAG-1,Oligo MOG OPALIN,0.3362993328350373
ACAAGCTAGAGCAACC-1,Endo CLDN5 SLC7A5,0.6051704736429263
ACAAGCTAGGAACGAA-1,Astro AQP4 SLC1A2,0.39996536793039816
ACAAGCTAGGGCAGTT-1,Oligo MOG OPALIN,0.044686774068373444
ACAAGCTGTAGGTAGC-1,Oligo MOG OPALIN,0.02807103309078606
ACAAGCTTCCGATAAC-1,PC P2RY14 GRM8,0.010598110147698394
ACACAGTAGACGCTCC-1,Endo CLDN5 SLC7A5,0.22283428635765254
ACACAGTAGGAATTAC-1,InN SST HS3ST5,0.9907905273616369
ACACAGTGTGCTCCGA-1,OPC PDGFRA PCDH15,0.9999999999999931
ACACCAACAAATAAGC-1,L2-3 CUX2 NTNG1 COL5A2,0.07318535731547111
ACACCAACAGTCGCTG-1,Oligo MOG OPALIN,0.9997291530774014
ACACCAATCGTTGTTT-1,L2-3 CUX2 ACVR1C THSD7A,0.02926529829572254
ACACGCGCAGAGGACT-1,Endo CLDN5 IL1R1,0.011621109597636119
ACACGCGCAGCCGTTG-1,Endo CLDN5 SLC7A5,0.5530704137648468
ACACGCGCATAATGAG-1,Astro AQP4 SLC1A2,0.9996514500206064
ACACGCGCATCGTGGC-1,Endo CLDN5 SLC7A5,0.8790369248271437
ACACGCGGTCCTGGTG-1,Endo CLDN5 SLC7A5,0.5248923485509775
ACACGCGGTTTCGTTT-1,L2-3 CUX2 NTNG1 PALMD,0.884881243042597
ACACTGAAGGATTACA-1,Astro AQP4 SLC1A2,0.8442160561838334
ACACTGACACCAGCTG-1,Endo CLDN5 SLC7A5,0.45537891187979057
ACACTGACACTTCCTG-1,Endo CLDN5 SLC7A5,0.7240163796620115
ACACTGACAGACCTAT-1,InN VIP EXPH5,0.8181011936004123
ACACTGACAGCTGGTC-1,Endo CLDN5 SLC7A5,0.9168690502540655
ACACTGATCAGTAGGG-1,Astro GFAP AQP1,0.38144601439744275
ACACTGATCGCCGAAC-1,InN SST STK32A,0.3597533255437608
ACACTGATCTGCGGAC-1,Oligo MOG OPALIN,0.9929876456377216
ACAGAAAAGAACCGCA-1,Oligo MOG GSN,0.11880340337724156
ACAGAAAAGCCGAACA-1,InN ADARB2 PALMD,0.07650749810571977
ACAGCCGAGCACTAAA-1,Endo CLDN5 SLC7A5,0.3190630263140023
ACAGCCGCACCTGAAT-1,Endo CLDN5 SLC7A5,0.9935897883077341
ACAGCCGCATCTATCT-1,Endo CLDN5 SLC7A5,0.0874872503795457
ACAGCCGGTACTCGCG-1,L3-5 RORB MKX GALR1,0.122064054746672
ACAGCCGTCCACTGAA-1,Endo CLDN5 SLC7A5,0.09813759333845114
ACAGGGAAGGCTAGCA-1,Endo CLDN5 SLC7A5,0.16423504911081827
ACAGGGAAGGTTACCT-1,Oligo MOG OPALIN,0.2517946168992445
ACAGGGAAGTGATCGG-1,Endo CLDN5 SLC7A5,0.41442139462147537
ACAGGGAAGTTAGTGA-1,Endo CLDN5 SLC7A5,0.19381508423431457
ACAGGGACATATCTGG-1,Oligo MOG OPALIN,0.9999963123121871
ACAGGGACATGGAGAC-1,Oligo MOG OPALIN,0.999801760126698
ACAGGGATCCGCACTT-1,Oligo MOG OPALIN,0.9967315710199032
ACAGGGATCTGGAGAG-1,Micro P2RY12 APBB1IP,0.09819372538359994
ACATCCCAGCATGAAT-1,L3-5 RORB MKX GRIN3A,0.6398164046719612
ACATCCCAGCGTTAGG-1,InN SST HTR2C,0.01704787525326325
ACATCCCAGTTCTACG-1,Astro GFAP AQP1,0.07142164024638542
ACATCCCCATAATGAG-1,Endo CLDN5 SLC7A5,0.9760266996968029
ACATCCCCATTCACCC-1,Endo CLDN5 SLC7A5,0.9975803410920954
ACATCCCGTATGATCC-1,InN VIP ADAM12,0.020061976766615034
ACATCCCTCCACGTCT-1,L2-3 CUX2 NTNG1 PALMD,0.4442858612635426
ACATCCCTCCAGCCTT-1,Endo CLDN5 SLC7A5,0.10976750003877682
ACATCCCTCGTTCATT-1,Endo CLDN5 SLC7A5,0.3080434291338061
ACATCGAAGTACCCTA-1,L2-3 CUX2 ACVR1C INHBA,0.05388313681156421
ACATCGACAAAGCTCT-1,Oligo MOG OPALIN,0.9089257151852147
ACATCGACAACCACAT-1,Endo CLDN5 SLC7A5,0.054718458431477345
ACATCGACACTGCGAC-1,Oligo MOG OPALIN,0.14332056518908667
ACATCGAGTTCCAGGC-1,L6 OPRK1 SMYD1 SNTB1,0.14550189753373208
ACATCGATCACGTCCT-1,L6 FEZF2 NPFFR2 KCNK2,0.01594213295168319
ACATCGATCCATCAGA-1,Endo CLDN5 SLC7A5,0.6518451130836747
ACATCGATCCCTCATG-1,Oligo MOG OPALIN,0.9017566565851386
ACATGCAAGGCATCTT-1,Oligo MOG OPALIN,0.9996321997389713
ACATGCACAAGCACCC-1,Astro GFAP AQP1,0.027691426228716457
ACATGCACAAGTCATC-1,Oligo MOG OPALIN,0.9993079145813322
ACATGCACAGTTTGGT-1,Oligo MOG OPALIN,0.05991083542515299
ACATGCAGTGGACTGA-1,Astro GFAP AQP1,0.02674870897111841
ACATGCAGTTCGGCTG-1,L2-3 CUX2 NTNG1 PALMD,0.3347429082965084
ACATGCAGTTGTCATG-1,L2-3 CUX2 NTNG1 PALMD,0.3270917539206483
ACATGCATCGACTCCT-1,Endo CLDN5 SLC7A5,0.07773389857483277
ACATGCATCTAGCATG-1,L3-5 RORB MKX GRIN3A,0.009604947348546592
ACATGCATCTGGGCCA-1,Oligo MOG OPALIN,0.35711454778312196
ACATTTCAGACCATGG-1,InN SST KLHL14,0.03677067530678345
ACATTTCCAGAAATTG-1,Endo CLDN5 SLC7A5,0.22632107979937577
ACATTTCGTCCAGCGT-1,L2-3 CUX2 NTNG1 PALMD,0.3244113309131383
ACATTTCTCCTTCTGG-1,Oligo MOG OPALIN,0.9675774598096584
ACCAAACAGAACAGGA-1,Oligo MOG OPALIN,0.9020840581050237
ACCAAACAGTGTTGAA-1,PC P2RY14 GRM8,0.9114118754007271
ACCAAACCAAGCACAG-1,Oligo MOG OPALIN,0.6309085212285171
ACCAAACCATCTGTTT-1,Oligo MOG OPALIN,0.04495554823584391
ACCAAACGTACGAGTG-1,L2-3 CUX2 NTNG1 PALMD,0.03857909492312262
ACCAAACGTCAACGCC-1,L2-3 CUX2 NTNG1 PALMD,0.3403251595602008
ACCAAACGTTGTTTGG-1,Astro GFAP AQP1,0.9997239137206478
ACCAAACTCAAGGCTT-1,Micro P2RY12 APBB1IP,0.006363401699785998
ACCAACACAACGAGGT-1,Oligo MOG OPALIN,0.20880123688310906
ACCAACAGTATACCTG-1,Endo CLDN5 SLC7A5,0.9975490086764465
ACCAACAGTCATAAAG-1,Astro GFAP AQP1,0.05910927732982551
ACCACAAAGAGAACCC-1,Oligo MOG OPALIN,0.9998689568272032
ACCACAACAATAGGAT-1,Astro AQP4 SLC1A2,0.9999969424103662
ACCACAACAGTACTAC-1,Oligo MOG OPALIN,0.06690788232353874
ACCACAACAGTATGAA-1,Oligo MOG OPALIN,0.04467632030281305
ACCACAAGTACGCTAT-1,Oligo MOG OPALIN,0.06598680009286202
ACCACAAGTCCAAGAG-1,Astro GFAP AQP1,0.11808339201318342
ACCACAATCCGATGTA-1,Oligo MOG OPALIN,0.9987944488737829
ACCACAATCGTGGAAG-1,Endo CLDN5 SLC7A5,0.13646893109307429
ACCACAATCTCATTAC-1,L2-3 CUX2 NTNG1 PALMD,0.07553421372100053
ACCATTTAGACATAGT-1,Endo CLDN5 SLC7A5,0.029899705062868
ACCATTTCAGACAAGC-1,Endo CLDN5 SLC7A5,0.3961082982875033
ACCATTTGTTACACAC-1,Astro GFAP AQP1,0.22666892942889844
ACCATTTTCACGATAC-1,Oligo MOG OPALIN,0.82886094109493
ACCCAAACAATCGAAA-1,Endo CLDN5 SLC7A5,0.8497912238033992
ACCCAAAGTGGCCACT-1,InN PVALB HPSE,0.01047560743048036
ACCCAAATCGAAGCCC-1,Oligo MOG OPALIN,0.7575795189366703
ACCCAAATCGATCCCT-1,Oligo MOG OPALIN,0.08037739605690823
ACCCTCAGTAGCTAAA-1,Endo CLDN5 SLC7A5,0.05712920163257676
ACCCTCAGTATTTCGG-1,Astro GFAP AQP1,0.7696155011424287
ACCCTCAGTGGGACAT-1,L6 FEZF2 NPFFR2 KCNK2,0.22768279533555924
ACCCTCATCAAACGAA-1,InN ADARB2 FAM19A1,0.9992783862677955
ACCCTCATCCACCCTA-1,L2-3 CUX2 NTNG1 PALMD,0.07257707777660137
ACCCTCATCCGAGTGC-1,Oligo MOG OPALIN,0.05859260982654934
ACCCTCATCGCTCTCA-1,Endo CLDN5 SLC7A5,0.951684006864571
ACCCTTGCACTACTTT-1,Endo CLDN5 SLC7A5,0.3597624962581718
ACCCTTGGTATCCCTC-1,Oligo MOG OPALIN,0.028599739490457098
ACCGTTCCATAGATCC-1,Endo CLDN5 SLC7A5,0.9452226803174516
ACCGTTCGTACTGTTG-1,InN VIP ADAM12,0.05193923994907226
ACCGTTCGTGGATACG-1,Endo CLDN5 SLC7A5,0.6144895404531532
ACCGTTCTCCGTTGGG-1,Micro P2RY12 CCL3,0.03115092568037579
ACCTACCAGCCGTTAT-1,L3-5 RORB GABRG1 PTPRO,0.02129761832042927
ACCTACCAGGGTAATT-1,Oligo MOG OPALIN,0.47721506168059163
ACCTACCAGTGCGCTC-1,Oligo MOG OPALIN,0.9017854926598
ACCTACCCACACCAGC-1,Oligo MOG OPALIN,0.07046619019387845
ACCTACCCACGATAGG-1,Astro GFAP AQP1,0.027246789473003383
ACCTACCGTTCCGCAG-1,Endo CLDN5 SLC7A5,0.5868581001290365
ACCTACCTCCCAGTGG-1,Oligo MOG OPALIN,0.049385347204719134
ACCTACCTCCTCACTG-1,Micro P2RY12 APBB1IP,0.7953491173926047
ACCTGAAAGCCACTCG-1,Endo CLDN5 SLC7A5,0.047985290088326964
ACCTGAAAGTTCAACC-1,Oligo MOG OPALIN,0.376578690631481
ACCTGAACAAAGTGTA-1,Astro GFAP AQP1,0.10622284106836445
ACCTGAACACTAAACC-1,Endo CLDN5 SLC7A5,0.14479621686606328
ACCTGAAGTATCACCA-1,Endo CLDN5 SLC7A5,0.851275503961501
ACCTGAAGTGACTGTT-1,InN PVALB HPSE,0.00805087911032902
ACCTGAATCCACCTGT-1,Oligo MOG OPALIN,0.1288897403336439
ACCTGAATCGGCCCAA-1,Endo CLDN5 SLC7A5,0.9386471651336586
ACCTGTCAGAGAATCT-1,Oligo MOG OPALIN,0.9955066483582764
ACCTGTCAGGTAATCA-1,Endo CLDN5 SLC7A5,0.0375962077659318
ACCTGTCCAAATCGGG-1,Oligo MOG OPALIN,0.9998748236856276
ACCTGTCCACGCTATA-1,Endo CLDN5 SLC7A5,0.16226520521570972
ACCTGTCCAGGTACGA-1,Endo CLDN5 SLC7A5,0.8059511199367158
ACCTGTCTCCCGAAAT-1,L2-3 CUX2 NTNG1 PALMD,0.09737402796512143
ACCTGTCTCTCGTTTA-1,L6 OPRK1 THEMIS RGS6,0.9675453847217578
ACGATCACAAAGCTCT-1,Endo CLDN5 SLC7A5,0.3188112170082607
ACGATCATCATGGCCG-1,InN PVALB SNTB1,0.03068315983044963
ACGATCATCGGTAAGG-1,Micro P2RY12 APBB1IP,0.9982530913275103
ACGATGTAGACGTCGA-1,Astro GFAP AQP1,0.13674250069073152
ACGATGTAGATGGTCG-1,L3-5 RORB MKX GALR1,0.02765604460006062
ACGATGTGTATGCGGA-1,Endo CLDN5 SLC7A5,0.4587817136988868
ACGATGTGTCAGGTGA-1,Endo CLDN5 SLC7A5,0.15502184878241426
ACGATGTGTCTGCAAT-1,Oligo MOG OPALIN,0.12202861942160448
ACGCACGAGCACTCCG-1,Oligo MOG OPALIN,0.05222697519722238
ACGCACGAGGCTTTCA-1,Endo CLDN5 SLC7A5,0.560383462717467
ACGCACGGTGAAGCTG-1,Endo CLDN5 SLC7A5,0.8778292363294216
ACGCACGTCGAGATAA-1,L2-3 CUX2 NTNG1 PALMD,0.08707569795251481
ACGGAAGCAAGACAAT-1,L3-5 RORB GABRG1 PTPRO,0.05449154624273585
ACGGAAGCACAGCTTA-1,Endo CLDN5 SLC7A5,0.649755326075553
ACGGAAGCATTCTCTA-1,Oligo MOG OPALIN,0.9999098610036715
ACGGAAGGTATCGCTA-1,Endo CLDN5 SLC7A5,0.025846817969898503
ACGGAAGGTCGTGGTC-1,L3-5 RORB MKX GALR1,0.06147949816336085
ACGGAAGGTTGCTCCT-1,L3-5 RORB MKX GRIN3A,0.06945479125764181
ACGGAAGTCCTACTGC-1,Endo CLDN5 SLC7A5,0.4768933413085965
ACGGGTCAGTGGCCTC-1,Endo CLDN5 SLC7A5,0.583637548659355
ACGGGTCCAGTCTACA-1,Oligo MOG OPALIN,0.12830835272786
ACGGGTCGTACTAGCT-1,Oligo MOG OPALIN,0.9934782148902938
ACGGGTCGTGTTCCAA-1,L3-5 RORB GABRG1 PLCH1,0.4584910610541471
ACGGGTCTCCCTCTTT-1,L6 OPRK1 THEMIS RGS6,0.025694006022640044
ACGGTCGAGAGAGCAA-1,Endo CLDN5 SLC7A5,0.09799145168979867
ACGGTCGTCGAGCCTG-1,Endo CLDN5 SLC7A5,0.11864535128595899
ACGGTTAAGGCTTCCG-1,Endo CLDN5 SLC7A5,0.7531335020219464
ACGGTTACAGAGGGTT-1,Endo CLDN5 SLC7A5,0.028909175855853696
ACGGTTAGTAGCACGA-1,L2-3 CUX2 NTNG1 PALMD,0.41892495807680746
ACGGTTATCTGGCCGA-1,InN VIP ADAM12,0.12976416648523625
ACGTAACAGAAATGGG-1,Oligo MOG OPALIN,0.42791493584104695
ACGTAACCACGGAAGT-1,Oligo MOG OPALIN,0.16434162160782728
ACGTAACGTCTTGAGT-1,Oligo MOG OPALIN,0.8199565381493871
ACGTAACGTGCATACT-1,L2-3 CUX2 NTNG1 PALMD,0.16157125363769934
ACGTAACTCTTGGTCC-1,L2-3 CUX2 ACVR1C THSD7A,0.14619885371319963
ACGTACACAAATCAAG-1,L2-3 CUX2 ACVR1C THSD7A,0.014985076903004256
ACGTACACACACTTAG-1,Oligo MOG OPALIN,0.8540573464200357
ACGTACAGTCAGTCTA-1,Endo CLDN5 SLC7A5,0.0550919165307693
ACGTACATCCTACGGG-1,Oligo MOG OPALIN,0.8442807097099441
ACGTACATCCTCTGCA-1,Oligo MOG OPALIN,0.9314015981732444
ACGTACATCGTAACAC-1,Endo CLDN5 SLC7A5,0.009711735446648313
ACGTACATCTCAGGCG-1,Oligo MOG OPALIN,0.34899600293555455
ACGTACATCTCGAGTA-1,Oligo MOG OPALIN,0.9948948170297337
ACGTAGTAGTTGTACC-1,Endo CLDN5 SLC7A5,0.3520674987924164
ACGTAGTCAACACACT-1,L6 OPRK1 THEMIS RGS6,0.07165479439862765
ACGTAGTCAAGTGACG-1,L2-3 CUX2 ACVR1C THSD7A,0.01183885458654636
ACGTAGTCAGTCGCTG-1,Micro P2RY12 APBB1IP,0.9809139646175331
ACGTAGTGTTAGGGAC-1,Oligo MOG OPALIN,0.9484333973138227
ACGTCCTGTACTGCGC-1,Oligo MOG OPALIN,0.28143939138673835
ACGTCCTGTCTTCTAT-1,Endo CLDN5 SLC7A5,0.9631451787336788
ACGTTCCAGAAGGATG-1,InN LAMP5 ADAMTS20,0.07251672804922804
ACGTTCCAGCCATCCG-1,Oligo MOG OPALIN,0.47486586134270314
ACGTTCCCAGCGTTGC-1,Endo CLDN5 SLC7A5,0.049582768974585516
ACGTTCCCATGACTTG-1,Oligo MOG OPALIN,0.9951782085107495
ACGTTCCCATTCGGGC-1,Endo CLDN5 SLC7A5,0.06269160483345904
ACGTTCCGTACCGGAA-1,L6 FEZF2 NPFFR2 TPD52L1,0.08911614164316457
ACGTTCCGTACGCTAT-1,Endo CLDN5 SLC7A5,0.35172355925810406
ACGTTCCGTCGGCACT-1,Astro GFAP AQP1,0.09185282707591721
ACGTTCCTCCGAACGC-1,Oligo MOG OPALIN,0.23665321872813466
ACGTTCCTCTTCTAAC-1,Oligo MOG OPALIN,0.07671659670759938
ACTACGAAGGGTCACA-1,Endo CLDN5 SLC7A5,0.8520604951696116
ACTACGAAGTCACTGT-1,Endo CLDN5 SLC7A5,0.9266482553172309
ACTACGACAGACTGCC-1,Endo CLDN5 SLC7A5,0.0988516708102995
ACTACGAGTGTGACCC-1,L3-5 RORB GABRG1 PTPRO,0.06221637312217896
ACTACGAGTTACGCCG-1,Astro GFAP AQP1,0.2806231736442798
ACTACGAGTTCCACGG-1,InN PVALB HPSE,0.5728978588491853
ACTACGAGTTCTCTCG-1,Astro GFAP AQP1,0.8711593999070236
ACTATCTAGCGACCCT-1,Oligo MOG GSN,0.03768351684073634
ACTATCTAGCGCATCC-1,Oligo MOG OPALIN,0.34326151996665455
ACTATCTCAACCCTCT-1,L2-3 CUX2 NTNG1 PALMD,0.4621111325657937
ACTATCTCAATCGCAT-1,Oligo MOG OPALIN,0.35342301386549174
ACTATCTGTAGTCACT-1,Endo CLDN5 SLC7A5,0.22330128237844915
ACTATCTGTCAAGCCC-1,L6 OPRK1 THEMIS RGS6,0.10890005141875382
ACTATCTTCCCATGGG-1,Oligo MOG OPALIN,0.9237921774371795
ACTATCTTCTATCCAT-1,Micro P2RY12 APBB1IP,0.7577396518762054
ACTATGGAGCATCGAG-1,Oligo MOG OPALIN,0.1354389569929344
ACTATGGAGGTTGTTC-1,Endo CLDN5 SLC7A5,0.23364088037278602
ACTATGGCACGAGGAT-1,L2-3 CUX2 NTNG1 PALMD,0.032399748529316284
ACTATTCAGTTACGGG-1,Oligo MOG OPALIN,0.9506606774179948
ACTATTCCATGAGAAT-1,Endo CLDN5 SLC7A5,0.11171154799881425
ACTATTCCATTGCTGA-1,Endo CLDN5 SLC7A5,0.15573456481613906
ACTATTCGTCTCGGAC-1,L2-4 CUX2 RORB CLMN,0.033734063563432407
ACTATTCTCAGTGATC-1,Astro GFAP AQP1,0.03935321999130633
ACTATTCTCATGCGGC-1,Endo CLDN5 SLC7A5,0.996398125745818
ACTATTCTCTCGACCT-1,L3-5 RORB MKX GRIN3A,0.43821226338083547
ACTCCCACACTTTAGG-1,Oligo MOG OPALIN,0.999877308189324
ACTCCCACAGGGTCTC-1,L2-3 CUX2 NTNG1 PALMD,0.8654601289504245
ACTCCCACATCGCCTT-1,Astro GFAP AQP1,0.2929428681594758
ACTCCCAGTCGCTCGA-1,Oligo MOG OPALIN,0.7649136556568972
ACTCCCAGTTTCAGAC-1,Oligo MOG OPALIN,0.9059280370704486
ACTCCCATCGGATACT-1,Endo CLDN5 SLC7A5,0.07782812160529716
ACTCTCGAGAGTGAAG-1,Endo CLDN5 SLC7A5,0.8370638227500588
ACTCTCGCAGATCCTA-1,Endo CLDN5 SLC7A5,0.8941390435330876
ACTCTCGCATTACTCT-1,Endo CLDN5 SLC7A5,0.5990634368560381
ACTGATGAGCCTAACT-1,OPC PDGFRA PCDH15,0.9999999999999987
ACTGATGAGCTACAAA-1,SMC ACTA2 CNN1,0.9760769514259352
ACTGATGAGTATAACG-1,Endo CLDN5 SLC7A5,0.7179006967509276
ACTGATGCAAAGAACT-1,Endo CLDN5 SLC7A5,0.7666297454503624
ACTGATGGTACGCTAT-1,Endo CLDN5 SLC7A5,0.9865852588637345
ACTGATGTCCCAGGAC-1,Oligo MOG OPALIN,0.11164639360651846
ACTGATGTCCCTTTGG-1,Micro P2RY12 APBB1IP,0.038636929656210225
ACTGCAAAGACCGTTT-1,Astro GFAP AQP1,0.9980572036904702
ACTGCAAAGGAACTCG-1,Endo CLDN5 SLC7A5,0.6047971378288078
ACTGCAAAGGCATGCA-1,Oligo MOG OPALIN,0.7847295880049938
ACTGCAACACTCCTTG-1,Endo CLDN5 SLC7A5,0.5697835530732361
ACTGCAACAGGGACTA-1,Oligo MOG OPALIN,0.8722072653223758
ACTGCAACAGTGGTGA-1,Oligo MOG OPALIN,0.26471171788392067
ACTGCAACATTCGGGC-1,Endo CLDN5 SLC7A5,0.15024920921317284
ACTGCAAGTACTCGTA-1,Endo CLDN5 SLC7A5,0.5622673794300115
ACTGCAAGTGTGGTCC-1,Endo CLDN5 SLC7A5,0.25203943347482405
ACTGCAATCCACTAGA-1,Endo CLDN5 SLC7A5,0.2084022120770792
ACTGCAATCCAGCTCT-1,Endo CLDN5 SLC7A5,0.6753486397380639
ACTGTCCCAGCTGAGA-1,Micro P2RY12 APBB1IP,0.2526020490078076
ACTGTCCGTTAATCGC-1,Oligo MOG OPALIN,0.45994568772559585
ACTGTCCTCGGCTGTG-1,Astro GFAP AQP1,0.1842337134942397
ACTGTGAAGAGGTGCT-1,L2-3 CUX2 NTNG1 PALMD,0.03465105557914572
ACTGTGACACCTGCTT-1,Endo CLDN5 SLC7A5,0.8818918969542648
ACTGTGACAGAGGGTT-1,Astro GFAP AQP1,0.021978261223276105
ACTGTGAGTAAGATCA-1,Oligo MOG OPALIN,0.06463196352596078
ACTGTGAGTACCAATC-1,L6 FEZF2 NPFFR2 KCNK2,0.049907475632555466
ACTGTGAGTGTTAACC-1,Astro GFAP FABP7,0.01654011277005939
ACTGTGATCCGTATAG-1,L6 OPRK1 THEMIS RGS6,0.37332937978207786
ACTGTGATCGTTAGTG-1,Oligo MOG OPALIN,0.9863656489717842
ACTGTGATCTGGAGAG-1,Oligo MOG OPALIN,0.7473837517621424
ACTTAGGAGGTATCTC-1,Astro AQP4 SLC1A2,0.9985876426367372
ACTTAGGGTACTGTTG-1,Oligo MOG OPALIN,0.9999985930408497
ACTTAGGGTCGTGCCA-1,InN PVALB HPSE,0.39705056146518625
ACTTAGGGTGTATACC-1,Endo CLDN5 SLC7A5,0.8097274091808045
ACTTAGGGTTACCCTC-1,Oligo MOG OPALIN,0.9730939450211139
ACTTATCAGCAAATCA-1,Astro GFAP AQP1,0.9999979381470878
ACTTATCAGGCTCTCG-1,Oligo MOG OPALIN,0.9745716068920859
ACTTATCAGGTATTGA-1,InN PVALB PIEZO2,0.016245041113590306
ACTTATCCAATTGCAC-1,Oligo MOG OPALIN,0.9992258026470549
ACTTATCCACTGCGAC-1,Endo CLDN5 SLC7A5,0.6818812275051144
ACTTATCCATGACTCA-1,Endo CLDN5 SLC7A5,0.9051558674864336
ACTTATCGTACGCTAT-1,Astro GFAP FABP7,0.009550234975087776
ACTTATCGTGTTATCG-1,OPC PDGFRA PCDH15,0.75365604473302
ACTTCCGAGTTGTAAG-1,InN PVALB HPSE,0.11213719892913958
ACTTCCGCACAAAGTA-1,Macro F13A1 COLEC12,0.020689788637397455
ACTTCCGGTTAAACCC-1,Endo CLDN5 SLC7A5,0.27590713830763697
ACTTCGCAGGGAGATA-1,Oligo MOG OPALIN,0.8591994628317297
ACTTCGCAGTGACCTT-1,Oligo MOG OPALIN,0.2581723175201247
ACTTCGCCAACCAGAG-1,InN VIP ADAM12,0.03357036050387009
ACTTCGCCACTAGTAC-1,Astro AQP4 SLC1A2,0.9974824589100956
ACTTCGCCATGGATCT-1,Oligo MOG OPALIN,0.037401728667997326
ACTTCGCGTAAGTCAA-1,L6 FEZF2 SYT6 ERBB4,0.2662817010057701
ACTTCGCTCGCTTACC-1,Astro AQP4 SLC1A2,0.9998272205414951
ACTTTCAAGACAGCGT-1,InN SST FREM1,0.9711022733715453
ACTTTCAAGGGTGGGA-1,Endo CLDN5 SLC7A5,0.09456637624006867
ACTTTCACAAGAGTTA-1,Oligo MOG OPALIN,0.07097819729450082
ACTTTCACAGACGATG-1,Oligo MOG OPALIN,0.06733957523998725
ACTTTCAGTACTGACT-1,Oligo MOG OPALIN,0.1932811999878264
ACTTTCAGTGCAAGAC-1,Endo CLDN5 SLC7A5,0.7420882877102042
ACTTTCAGTTGAGGAC-1,OPC PDGFRA PCDH15,0.8947994398883433
ACTTTCATCCTTCAGC-1,L2-3 CUX2 NTNG1 COL5A2,0.10406791474183831
ACTTTCATCGCCACTT-1,Endo CLDN5 SLC7A5,0.5502532409109494
ACTTTCATCGTGCATA-1,Endo CLDN5 SLC7A5,0.14652067977917627
ACTTTGTAGATTGGGC-1,Endo CLDN5 SLC7A5,0.16748180945012425
ACTTTGTGTAGACGTG-1,L2-3 CUX2 NTNG1 PALMD,0.028106211196259466
ACTTTGTTCGGCTTGG-1,Oligo MOG OPALIN,0.999922016265982
AGAAATGCACAGTGTT-1,Endo CLDN5 SLC7A5,0.8849515391908515
AGAAATGCACTAGGCC-1,InN SST FREM1,0.9944075595371158
AGAAATGCAGAACTCT-1,L2-4 CUX2 RORB CLMN,0.030735546841864598
AGAAATGCATCTTTCA-1,Endo CLDN5 SLC7A5,0.7780653786959809
AGAAATGTCGAGATAA-1,Astro GFAP AQP1,0.3312607384697825
AGAAATGTCGCTTGAA-1,Endo CLDN5 SLC7A5,0.8266702701117975
AGAACAAAGGACAACC-1,PC P2RY14 GRM8,0.9928533884221515
AGAACAACACCTCGTT-1,Oligo MOG OPALIN,0.9996159282523087
AGAACAATCTCCTGAC-1,Endo CLDN5 SLC7A5,0.6636107544990651
AGAACCTAGCTTCATG-1,PC P2RY14 GRM8,0.9999694001649848
AGAACCTCAAATGCTC-1,Oligo MOG OPALIN,0.9998336622246479
AGAACCTCATCGGTTA-1,Endo CLDN5 SLC7A5,0.18183201186230818
AGAACCTGTAACATGA-1,Endo CLDN5 SLC7A5,0.8611832118172995
AGAAGCGAGTATCCTG-1,Endo CLDN5 SLC7A5,0.9979331492444429
AGAAGCGCACCAAATC-1,InN SST FREM1,0.08374223792295064
AGAAGCGCACTAAACC-1,Endo CLDN5 SLC7A5,0.9828299497073384
AGAAGTACACTAGAGG-1,L2-3 CUX2 NTNG1 PALMD,0.6488416647229716
AGAAGTAGTAGATCCT-1,Endo CLDN5 SLC7A5,0.015668122018421955
AGAAGTAGTGGATCGA-1,L3-5 RORB MKX DCC,0.13655757040676317
AGAAGTAGTGTTGACT-1,Oligo MOG OPALIN,0.9999502484402487
AGAAGTATCCGCTTAC-1,Endo CLDN5 SLC7A5,0.5904116569254841
AGAAGTATCTAGGCCG-1,Astro AQP4 SLC1A2,0.998863992150576
AGACAAATCGTGACTA-1,Endo CLDN5 SLC7A5,0.8834645579411632
AGACACTAGAGCAGTC-1,Oligo MOG OPALIN,0.902792357588915
AGACACTGTGGTCAAG-1,Astro GFAP AQP1,0.9999410436589283
AGACACTTCTGATGGT-1,Endo CLDN5 SLC7A5,0.12333629199228568
AGACAGGAGCGTATGG-1,Astro AQP4 SLC1A2,0.999383036401938
AGACAGGCAGAGCTAG-1,L6 OPRK1 THEMIS RGS6,0.04156282360725702
AGACAGGGTGTCGCTG-1,Oligo MOG OPALIN,0.9997731333783663
AGACCATCAATGCAAA-1,Endo CLDN5 SLC7A5,0.047200881720904905
AGACCATCACTACACA-1,Astro AQP4 SLC1A2,0.9999937970683765
AGACCATCAGCTCATA-1,Endo CLDN5 SLC7A5,0.9466019196056464
AGACCATGTATCCCTC-1,Oligo MOG OPALIN,0.7692098209197474
AGACCATGTTCGGTTA-1,Endo CLDN5 SLC7A5,0.17967574347143644
AGACCCGAGGGCTTCC-1,Endo CLDN5 SLC7A5,0.4714021019577839
AGACCCGAGTCTGCGC-1,Endo CLDN5 SLC7A5,0.6098538439541056
AGACCCGGTACCGGCT-1,Astro GFAP FABP7,0.9999965950402436
AGACCCGGTGATACTC-1,Oligo MOG OPALIN,0.9998092309163589
AGACTCAAGGTAAAGG-1,Oligo MOG OPALIN,0.06418179025721937
AGACTCACACCCATAA-1,Oligo MOG OPALIN,0.9996203260694718
AGACTCACAGGTCCCA-1,L2-3 CUX2 NTNG1 COL5A2,0.008137622700277554
AGACTCAGTAATTAGG-1,L2-3 CUX2 NTNG1 PALMD,0.2705097699138594
AGACTCAGTACTCGTA-1,Endo CLDN5 SLC7A5,0.5551427231465593
AGACTCAGTTTCACAG-1,Oligo MOG OPALIN,0.3653238667025888
AGAGAATAGGTTACCT-1,L3-5 RORB GABRG1 PTPRO,0.30418622476513163
AGAGAATGTACTGCGC-1,L6 OPRK1 THEMIS RGS6,0.055884638168990794
AGAGAATGTTCAGTAC-1,Oligo MOG FRY,0.016200430729310288
AGAGAATTCGACGATT-1,Oligo MOG OPALIN,0.9999959856890887
AGAGAGCAGTAAGCAT-1,Astro AQP4 SLC1A2,0.9988734919856279
AGAGAGCAGTTCCAGT-1,Astro GFAP AQP1,0.6034054844020895
AGAGAGCCAGAAATTG-1,L2-3 CUX2 NTNG1 PALMD,0.9699517846615766
AGAGAGCCAGCTGGTC-1,Astro GFAP FABP7,0.04211962215964435
AGAGAGCGTACGTGAG-1,Endo CLDN5 SLC7A5,0.6744591492095813
AGAGAGCGTGCTTCAA-1,Astro GFAP AQP1,0.10306103196786807
AGAGAGCTCCACATAG-1,Oligo MOG OPALIN,0.2949597432689015
AGAGAGCTCGTCCATC-1,InN PVALB PIEZO2,0.3969463838337599
AGAGCAGCAAGAGGTC-1,Oligo MOG OPALIN,0.9751844358832144
AGAGCAGCATTAAGCC-1,Oligo MOG OPALIN,0.27137933325268626
AGAGCAGTCGATGCAT-1,Endo CLDN5 SLC7A5,0.7629933043843998
AGAGCAGTCGGCATCG-1,L2-3 CUX2 NTNG1 PALMD,0.03719018449483361
AGAGCCCAGACGCATG-1,Endo CLDN5 SLC7A5,0.17123016385619566
AGAGCCCAGATTAGCA-1,L3-5 RORB GABRG1 KCNH7,0.09540551642000286
AGAGCCCAGCACTCAT-1,Oligo MOG OPALIN,0.9998628414831207
AGAGCCCAGGTAGCAC-1,Endo CLDN5 SLC7A5,0.18310231722797096
AGAGCCCCATTACTCT-1,Endo CLDN5 SLC7A5,0.7760708542726135
AGAGCCCGTAATTAGG-1,Oligo MOG OPALIN,0.9998319206187372
AGATAGAAGACAGTCG-1,Oligo MOG OPALIN,0.9908635558843292
AGATAGAAGAGGATGA-1,L2-3 CUX2 NTNG1 COL5A2,0.05213944128062083
AGATAGACAGCCTATA-1,Oligo MOG OPALIN,0.2128919909260647
AGATAGACAGTAGATA-1,Endo CLDN5 SLC7A5,0.04895775041382528
AGATAGAGTACAGAAT-1,L6 FEZF2 AMOTL1 CDH6,0.6935072017438316
AGATAGAGTGCGTCGT-1,Astro GFAP FABP7,0.7991407285471609
AGATAGAGTGTGGACA-1,Oligo MOG OPALIN,0.9980944583316798
AGATAGATCCCTCGAT-1,Micro P2RY12 APBB1IP,0.2952460288695436
AGATAGATCCTATTTG-1,Astro GFAP AQP1,0.9893262659799404
AGATAGATCTAGTGTG-1,Endo CLDN5 SLC7A5,0.03796856293733425
AGATAGATCTTACTGT-1,Endo CLDN5 SLC7A5,0.7957876055027957
AGATAGATCTTCTTCC-1,Astro GFAP AQP1,0.03862862274108826
AGATCCAAGGTAGATT-1,L2-3 CUX2 NTNG1 PALMD,0.10226914226299946
AGATCCACAGGCATTT-1,Oligo MOG GSN,0.525002126610369
AGATCCACAGTTAAAG-1,L2-3 CUX2 NTNG1 COL5A2,0.021737137793628108
AGATCCAGTACTGAGG-1,Endo CLDN5 SLC7A5,0.9652776574531045
AGATCCAGTCTGTCCT-1,Endo CLDN5 SLC7A5,0.031750343629426483
AGATCCAGTGCCCGTA-1,Oligo MOG OPALIN,0.9954294533575205
AGATCCATCACGATAC-1,Oligo MOG OPALIN,0.4647271269650788
AGATCCATCGACGCGT-1,Endo CLDN5 SLC7A5,0.19546900104483453
AGATCCATCGCACTCT-1,Oligo MOG OPALIN,0.970091665836999
AGATCCATCTCAATCT-1,Oligo MOG OPALIN,0.8209868973979842
AGATCCATCTTCTAAC-1,Endo CLDN5 SLC7A5,0.5604038048280031
AGATCGTCAGCCCACA-1,L6 FEZF2 NPFFR2 TPD52L1,0.020233195217587274
AGATCGTCAGGTGAGT-1,Astro GFAP AQP1,0.9999297800572003
AGATCGTCATCGGTTA-1,OPC PDGFRA PCDH15,0.9999999999999865
AGATCGTTCCCAGCGA-1,Astro GFAP FABP7,0.6160260136819895
AGATCGTTCTTACACT-1,Endo CLDN5 SLC7A5,0.07763311169217882
AGATGAAAGATGCCGA-1,Astro AQP4 SLC1A2,0.9996356093861564
AGATGAAAGGCTTTCA-1,Oligo MOG OPALIN,0.6212720982802602
AGATGAAAGGGCTAAC-1,Astro GFAP AQP1,0.9991627238958656
AGATGAACACTAGGCC-1,Oligo MOG OPALIN,0.013148852769330794
AGATGAAGTATCGAAA-1,Endo CLDN5 SLC7A5,0.9368861664584708
AGATGAAGTCGAAGCA-1,PC P2RY14 GRM8,0.6225945919255614
AGATGAATCCGTAGGC-1,Astro AQP4 SLC1A2,0.999394644459332
AGATGAATCCTAACAG-1,Endo CLDN5 SLC7A5,0.7039680913733213
AGATGCTCACCAGTAT-1,Endo CLDN5 SLC7A5,0.7556489248467396
AGATGCTCACTCCACT-1,Endo CLDN5 SLC7A5,0.4504839469659378
AGATGCTCATTGCCTC-1,Oligo MOG OPALIN,0.8845591840858354
AGATGCTTCCGATCGG-1,Endo CLDN5 SLC7A5,0.34480180831960966
AGATGCTTCCTTGGAA-1,Endo CLDN5 SLC7A5,0.08710650428598406
AGCATCAAGCATTTGC-1,Endo CLDN5 SLC7A5,0.9086166405874725
AGCATCAAGTATTAGG-1,Endo CLDN5 SLC7A5,0.5141569276201251
AGCATCACAAAGCAAT-1,Endo CLDN5 SLC7A5,0.16124335715240057
AGCATCACAACTTGCA-1,Oligo MOG OPALIN,0.17758655599085268
AGCATCACAGTTTCGA-1,Endo CLDN5 SLC7A5,0.8141095377778331
AGCATCAGTGCGGCTT-1,Oligo MOG OPALIN,0.18434716103956997
AGCCAATGTAACTGCT-1,Astro GFAP AQP1,0.8494644156852093
AGCCAATGTTCATCGA-1,Oligo MOG OPALIN,0.39488515655950873
AGCCAATTCCGAAATC-1,InN SST NPY,0.74335018178499
AGCCACGCAAAGGATT-1,L6 FEZF2 NPFFR2 KCNK2,0.06486439035961053
AGCCACGCAACTGTGT-1,Endo CLDN5 SLC7A5,0.9174112862487587
AGCCACGCAAGCTCTA-1,L2-3 CUX2 NTNG1 PALMD,0.8850780668416919
AGCCACGCACATATCG-1,Endo CLDN5 SLC7A5,0.11369278042654003
AGCCACGCACGTATAC-1,Astro GFAP AQP1,0.9938849849030094
AGCCACGGTACGGTTT-1,Endo CLDN5 SLC7A5,0.5574428653946069
AGCCAGCAGATAGTCA-1,Endo CLDN5 SLC7A5,0.7906276748392567
AGCCAGCCACAACGAG-1,Endo CLDN5 SLC7A5,0.17061846869000127
AGCCAGCCATGCGGTC-1,Endo CLDN5 SLC7A5,0.4366313786065269
AGCCAGCGTTGCCAAT-1,Endo CLDN5 SLC7A5,0.9713819373927808
AGCCAGCTCAGTGGGA-1,Endo CLDN5 SLC7A5,0.9672568276644028
AGCCAGCTCTGTGTGA-1,Endo CLDN5 SLC7A5,0.1301290473829026
AGCGATTAGACCAACG-1,Endo CLDN5 SLC7A5,0.7625464273608886
AGCGATTAGAGCCATG-1,Endo CLDN5 SLC7A5,0.797142776861495
AGCGATTTCCCATAGA-1,Oligo MOG OPALIN,0.9274345498174613
AGCGCCAAGACCAAGC-1,Oligo MOG OPALIN,0.999898232939731
AGCGCCAAGGAAGTCC-1,Endo CLDN5 SLC7A5,0.9899530332381732
AGCGCCACAGGCGATA-1,Oligo MOG OPALIN,0.02445085936127924
AGCGCCAGTACGCTAT-1,Oligo MOG OPALIN,0.9991846256686109
AGCGCCAGTATTGAGA-1,Oligo MOG OPALIN,0.998639087387389
AGCGCCAGTTCTTAGG-1,Oligo MOG OPALIN,0.13220400308028069
AGCGCCATCCAAGGGA-1,L2-3 CUX2 NTNG1 PALMD,0.04343317940385131
AGCGCCATCGATTTCT-1,Endo CLDN5 SLC7A5,0.9924390858162818
AGCGCTGAGACCTTTG-1,L5-6 FEZF2 NXPH2 SORCS3,0.02886706454769825
AGCGCTGAGCGAACTG-1,L2-3 CUX2 ACVR1C THSD7A,0.029358526471441028
AGCGCTGCAATGCTCA-1,Oligo MOG OPALIN,0.1491217071010951
AGCGCTGCACAGAGCA-1,Oligo MOG OPALIN,0.986399733029075
AGCGCTGCAGTCGGAA-1,Endo CLDN5 SLC7A5,0.19035128694121944
AGCGCTGGTCTCTCAC-1,L2-3 CUX2 NTNG1 PALMD,0.05868935753620535
AGCGCTGGTGTCCACG-1,Oligo MOG OPALIN,0.999133694654022
AGCGCTGTCGCTCTCA-1,Endo CLDN5 SLC7A5,0.11870163406228869
AGCGTATAGAAACCAT-1,L6 FEZF2 DCBLD1 MITF,0.297770989442769
AGCGTATAGACTAAGT-1,Endo CLDN5 SLC7A5,0.20614980553343215
AGCGTATCATGCGTGC-1,Endo CLDN5 SLC7A5,0.03146810834410437
AGCGTATTCATGCGGC-1,Oligo MOG OPALIN,0.9999860013484141
AGCGTCGGTGCCGTTG-1,Oligo MOG OPALIN,0.9374315127944525
AGCTACAAGATCCTAC-1,L2-4 CUX2 RORB CLMN,0.033547586333480935
AGCTACAAGATGATTG-1,Endo CLDN5 SLC7A5,0.12406928570853225
AGCTACATCCGCTAGG-1,Endo CLDN5 SLC7A5,0.512131172467361
AGCTCAAAGGTAAGTT-1,PC P2RY14 GRM8,0.9997672758660764
AGCTCAACACAACCGC-1,Oligo MOG OPALIN,0.5580141550157846
AGCTCAAGTAGAGGAA-1,Endo CLDN5 SLC7A5,0.033301161056634054
AGCTCAAGTTTACACG-1,Astro GFAP AQP1,0.10698630256588784
AGCTCAATCTAGGCAT-1,Endo CLDN5 SLC7A5,0.30113111933532793
AGCTCAATCTGTCAGA-1,L6 OPRK1 THEMIS RGS6,0.9685763136786476
AGCTTCCAGGGTTGCA-1,Oligo MOG OPALIN,0.17028819121538644
AGCTTCCCACGACAGA-1,Endo CLDN5 SLC7A5,0.014588610123882023
AGCTTCCCATACCACA-1,Endo CLDN5 SLC7A5,0.4606056227813226
AGCTTCCCATGACAGG-1,L6 FEZF2 SYT6 PTPRT,0.21899937752444154
AGCTTCCGTCATGACT-1,L6 OPRK1 THEMIS RGS6,0.6514588430926433
AGCTTCCGTCGAGATG-1,Oligo MOG OPALIN,0.2312816390199354
AGCTTCCTCGTGCGAC-1,Oligo MOG OPALIN,0.8981080489944004
AGGAAATAGAAATTCG-1,Oligo MOG OPALIN,0.030999329773676327
AGGAAATCATTGACTG-1,PC P2RY14 GRM8,0.3777058666508556
AGGAAATGTCTGCCTT-1,Endo CLDN5 SLC7A5,0.12569358676293338
AGGAAATGTGGAACAC-1,Endo CLDN5 SLC7A5,0.07300238372539218
AGGAATAAGATCGGTG-1,Micro P2RY12 APBB1IP,0.9813690392521724
AGGAATAAGGGTTAGC-1,Endo CLDN5 SLC7A5,0.07062437270391213
AGGAATACAAGGCGTA-1,Endo CLDN5 SLC7A5,0.21596911646530195
AGGAATAGTCGCTCGA-1,Micro P2RY12 APBB1IP,0.9601498995732278
AGGAATATCAATGTCG-1,Endo CLDN5 SLC7A5,0.24551567073317712
AGGAATATCGACCCAG-1,Oligo MOG OPALIN,0.9996786915491406
AGGACGAAGTCTGTAC-1,Oligo MOG OPALIN,0.25017433933106586
AGGACGAGTGAATATG-1,Endo CLDN5 SLC7A5,0.8666637455427199
AGGACGATCTACCCAC-1,Endo CLDN5 SLC7A5,0.029341218871672757
AGGACTTAGGGAGAAT-1,Oligo MOG OPALIN,0.8715364498435201
AGGACTTAGGTGGGTT-1,Micro P2RY12 APBB1IP,0.9994989254668191
AGGACTTCAACGGCCT-1,Astro GFAP AQP1,0.9996264874783128
AGGACTTCAACTGAAA-1,Oligo MOG OPALIN,0.9979792582299016
AGGACTTCATAACGGG-1,OPC PDGFRA PCDH15,0.9906589517457214
AGGACTTGTGGAACAC-1,Oligo MOG OPALIN,0.7965570672389068
AGGACTTTCCGTGTGG-1,OPC PDGFRA PCDH15,0.9999999999996143
AGGACTTTCTATACTC-1,Micro P2RY12 APBB1IP,0.9951409821871784
AGGAGGTAGGACGCTA-1,Oligo MOG OPALIN,0.9999993319926893
AGGAGGTCAACACGTT-1,Oligo MOG OPALIN,0.9978030430054287
AGGAGGTCACGTCTCT-1,Oligo MOG OPALIN,0.9988823580210952
AGGAGGTCAGCGAACA-1,Astro GFAP FABP7,0.02060985095056559
AGGAGGTTCTCCCATG-1,Oligo MOG OPALIN,0.897628080439405
AGGAGGTTCTTCTTCC-1,Oligo MOG OPALIN,0.4524034170945448
AGGAGGTTCTTTCCAA-1,Endo CLDN5 SLC7A5,0.9862367842774757
AGGATAAAGCGATGCA-1,InN SST ANKRD33B,0.0193867493659169
AGGATAAAGTTCCATG-1,Endo CLDN5 SLC7A5,0.4080050699298861
AGGATAACACGCTGAC-1,SMC ACTA2 CRISPLD2,0.00414718274842187
AGGATAACATGACGGA-1,Endo CLDN5 SLC7A5,0.39993601999759215
AGGATAACATTCTCTA-1,Endo CLDN5 SLC7A5,0.6050812872921025
AGGATAATCGAGCCAC-1,Endo CLDN5 SLC7A5,0.816320684140112
AGGATCTAGTAGACCG-1,Oligo MOG OPALIN,0.35390299316377816
AGGATCTCAACTCGAT-1,Endo CLDN5 SLC7A5,0.3139671246756042
AGGATCTCAGCCCACA-1,Endo CLDN5 SLC7A5,0.9918660118190309
AGGATCTGTCGAAACG-1,Oligo MOG OPALIN,0.9999207730092808
AGGATCTGTTTAGAGA-1,Oligo MOG OPALIN,0.07207887242964191
AGGATCTTCGGCCAAC-1,Endo CLDN5 SLC7A5,0.03455155570749968
AGGCATTAGCGCTGCT-1,L6 FEZF2 AMOTL1 CDH6,0.11070886281025838
AGGCCACAGTAATTGG-1,Endo CLDN5 SLC7A5,0.0775017230572086
AGGCCACCACCCTATC-1,Endo CLDN5 SLC7A5,0.27352149346990223
AGGCTGCAGGCACTAG-1,Oligo MOG OPALIN,0.09413681801239882
AGGCTGCCACCTGCAG-1,Oligo MOG OPALIN,0.16251197118697353
AGGCTGCCAGCCGTCA-1,Astro GFAP AQP1,0.9789649398411446
AGGCTGCGTCACTGAT-1,Endo CLDN5 SLC7A5,0.29966780099546403
AGGCTGCGTGACACGA-1,Endo CLDN5 SLC7A5,0.34666254282268655
AGGCTGCTCATAGACC-1,Oligo MOG OPALIN,0.9531021433685338
AGGCTGCTCTAGAGCT-1,Oligo MOG OPALIN,0.8910192269246685
AGGCTGCTCTCAACCC-1,Oligo MOG OPALIN,0.26537781432700297
AGGGAGTAGGTCGCCT-1,Endo CLDN5 SLC7A5,0.3967920907798733
AGGGAGTCAGGTTCCG-1,Endo CLDN5 SLC7A5,0.99620032441633
AGGGAGTGTCAGGTAG-1,Oligo MOG OPALIN,0.9912879467552955
AGGGAGTGTCCTCCTA-1,L6 OPRK1 THEMIS RGS6,0.6498406754782502
AGGGAGTTCTCGGTAA-1,InN VIP FREM2,0.23431680684102352
AGGGAGTTCTTGTTAC-1,L6 OPRK1 SMYD1 KCND2,0.020483715396420347
AGGGCCTAGAGGACTC-1,Oligo MOG OPALIN,0.4867050535892025
AGGGCCTAGATGCGAC-1,L6 OPRK1 THEMIS RGS6,0.9757106225163079
AGGGCCTCAACTGGTT-1,Astro GFAP FABP7,0.9999894818283854
AGGGCCTGTTATCTGG-1,Endo CLDN5 SLC7A5,0.9661591719949149
AGGGCCTTCACTGTCC-1,Oligo MOG OPALIN,0.19725513938200293
AGGGCCTTCTGCTTTA-1,Oligo MOG OPALIN,0.9931537646325632
AGGGCCTTCTTGATTC-1,Oligo MOG OPALIN,0.999975269066374
AGGGCTCAGCTCGACC-1,L2-3 CUX2 NTNG1 PALMD,0.06017121859690038
AGGGCTCAGGGTACAC-1,Endo CLDN5 SLC7A5,0.07020892042229668
AGGGCTCAGGTGATCG-1,Astro GFAP AQP1,0.999997576494802
AGGGCTCGTGCCCAGT-1,InN SST HS3ST5,0.22529275233553364
AGGGTCCCATAGCACT-1,Endo CLDN5 SLC7A5,0.3734756931450851
AGGGTGACACGGTGTC-1,Astro AQP4 SLC1A2,0.9904694978940835
AGGGTGAGTCAGTCCG-1,L2-3 CUX2 NTNG1 PALMD,0.3656246408959881
AGGGTGATCAAACCCA-1,Oligo MOG OPALIN,0.40354126704899657
AGGGTGATCATTATCC-1,Endo CLDN5 SLC7A5,0.9582473604563663
AGGGTGATCCGGCAGT-1,L2-3 CUX2 NTNG1 PALMD,0.3371620685106758
AGGGTTTAGCGATTCT-1,Oligo MOG OPALIN,0.02289452824549623
AGGGTTTCAATTAGGA-1,Oligo MOG OPALIN,0.8642205545292115
AGGGTTTGTACAGTCT-1,Oligo MOG OPALIN,0.29906198139707046
AGGTAGGCAAACGAGC-1,Micro P2RY12 GLDN,0.5764228536780553
AGGTAGGCATCTGGGC-1,InN ADARB2 RGS10,0.8974951623626952
AGGTAGGGTCACAATC-1,Oligo MOG OPALIN,0.9280974524838986
AGGTAGGGTCGTGATT-1,L2-3 CUX2 NTNG1 PALMD,0.10897026103775437
AGGTAGGTCAGTGTGT-1,InN VIP ADAM12,0.9999191944481934
AGGTAGGTCGAGCACC-1,L6 OPRK1 THEMIS RGS6,0.589654210235089
AGGTAGGTCTGGTGGC-1,Astro GFAP AQP1,0.20659627653390988
AGGTCATAGACAGTCG-1,Oligo MOG OPALIN,0.9277998661723272
AGGTCATCATGACCCG-1,L3-5 RORB MKX GRIN3A,0.014936087468428578
AGGTCTACAAAGACTA-1,L3-5 RORB GABRG1 KCNH7,0.05639225963135368
AGGTCTACAATACGCT-1,Oligo MOG OPALIN,0.9988379134540466
AGGTCTAGTGACACGA-1,InN ADARB2 FAM19A1,0.9956388885880337
AGGTCTAGTGGCTTGC-1,Oligo MOG OPALIN,0.23083924498766548
AGGTCTATCCACCCTA-1,Endo CLDN5 SLC7A5,0.9789134649162639
AGGTCTATCTAGTTCT-1,L2-3 CUX2 NTNG1 PALMD,0.03384557962040436
AGGTGTTAGCGACTGA-1,Astro GFAP AQP1,0.04838101236756095
AGGTGTTAGCGGTAAC-1,Endo CLDN5 SLC7A5,0.10186513268054535
AGGTGTTAGCTGAAGC-1,Astro GFAP AQP1,0.01583762662710117
AGGTGTTCAGCTACTA-1,Endo CLDN5 SLC7A5,0.023085490788345313
AGGTGTTCATGTGACT-1,Oligo MOG OPALIN,0.9985565743750938
AGGTGTTTCATTCTTG-1,L3-5 RORB MKX SCN5A,0.9525630472634498
AGGTGTTTCCATCGTC-1,Astro GFAP AQP1,0.4508267875592233
AGGTGTTTCTGCTAGA-1,Endo CLDN5 SLC7A5,0.9930804002603854
AGGTTACAGATCCAAA-1,Micro P2RY12 APBB1IP,0.852477481563129
AGGTTACAGCGACCCT-1,Astro GFAP AQP1,0.9949748445858008
AGGTTACAGGGTTGCA-1,Astro GFAP FABP7,0.11047165948485974
AGGTTACGTGAAAGTT-1,OPC PDGFRA PCDH15,0.9999999999618758
AGGTTACGTGGTCTAT-1,L2-3 CUX2 NTNG1 PALMD,0.02797231845313173
AGGTTACTCCAACCAA-1,L3-5 RORB TNNT2 TSHZ2,0.027070172210125483
AGGTTACTCGAACTCA-1,Oligo MOG OPALIN,0.048317689904337796
AGGTTACTCGATTGAC-1,Oligo MOG OPALIN,0.5783488901880841
AGGTTACTCTAAGCGT-1,Endo CLDN5 SLC7A5,0.7160984846097163
AGGTTGTAGCAGGGAG-1,Astro GFAP AQP1,0.7104055647072004
AGGTTGTAGCTCGGCT-1,Oligo MOG OPALIN,0.983056835013494
AGGTTGTAGTTCGGTT-1,Endo CLDN5 SLC7A5,0.13917154284722735
AGGTTGTAGTTGCATC-1,Endo CLDN5 SLC7A5,0.10178327073862156
AGGTTGTCAAGAGGTC-1,InN SST THSD7B,0.15687194913806587
AGGTTGTCATAGTCGT-1,Astro GFAP AQP1,0.991039170360399
AGGTTGTTCACGGTCG-1,Endo CLDN5 SLC7A5,0.6717015732220738
AGTAACCAGCGCTGCT-1,Endo CLDN5 SLC7A5,0.46230040764856245
AGTAACCAGGCGAAGG-1,Astro GFAP AQP1,0.25079239323487873
AGTAACCCATGTGTCA-1,Oligo MOG OPALIN,0.999041421037144
AGTAACCGTCCTCCTA-1,Endo CLDN5 SLC7A5,0.6806231297802716
AGTAACCGTGGTTCTA-1,L2-3 CUX2 NTNG1 PALMD,0.0624121520499972
AGTAACCTCATGAGAA-1,InN PVALB HPSE,0.6958154883840558
AGTACCAAGGTTTACC-1,OPC PDGFRA PCDH15,0.9999999999994535
AGTACCACAAGAGTTA-1,Endo CLDN5 SLC7A5,0.4528232322624288
AGTACCACAGTCCCGA-1,L3-5 RORB GABRG1 PTPRO,0.01903857579663455
AGTACCAGTATCTCTT-1,Endo CLDN5 SLC7A5,0.04112222573156923
AGTACCAGTCACTTCC-1,Endo CLDN5 SLC7A5,0.07736887432062228
AGTACTGAGCGATTCT-1,Astro AQP4 SLC1A2,0.9992533762437581
AGTACTGGTGTGTGGA-1,Astro GFAP FABP7,0.9997533439092612
AGTACTGTCAAACCTG-1,Oligo MOG OPALIN,0.9266537415338574
AGTAGCTAGGGATCGT-1,Astro GFAP AQP1,0.1398431309754471
AGTAGCTAGTCGGCCT-1,Endo CLDN5 SLC7A5,0.5914173955770932
AGTAGCTCATGAAGGC-1,Astro GFAP AQP1,0.3935511226533271
AGTAGCTTCAAGGACG-1,Oligo MOG OPALIN,0.990716658550366
AGTAGCTTCCATCCGT-1,InN SST THSD7B,0.9999629525836543
AGTAGTCAGCCGGATA-1,Endo CLDN5 SLC7A5,0.8035022699424894
AGTAGTCAGGGAGAAT-1,Oligo MOG OPALIN,0.9999938579855404
AGTAGTCCAAATACAG-1,L6 FEZF2 SYT6 PTPRT,0.026828363698298982
AGTAGTCCAGTAACCT-1,Endo CLDN5 SLC7A5,0.05882254299892438
AGTAGTCTCCGGCAAC-1,PC P2RY14 GRM8,0.019041031680789997
AGTAGTCTCTAGTGTG-1,Oligo MOG OPALIN,0.05920606367519913
AGTCAACAGAGTCACG-1,Endo CLDN5 SLC7A5,0.9395781270593634
AGTCAACAGGTGCCTC-1,L6 OPRK1 THEMIS RGS6,0.015306244826714223
AGTCAACAGTGCTCAT-1,InN SST HS3ST5,0.03627545002737013
AGTCAACCATTCACAG-1,Endo CLDN5 SLC7A5,0.846442233902416
AGTCAACTCTTCGGTC-1,Endo CLDN5 SLC7A5,0.8894336169528396
AGTCACAAGACTGAGC-1,Endo CLDN5 SLC7A5,0.022764607045479047
AGTCACAAGTCACTCA-1,Endo CLDN5 SLC7A5,0.03084837374059234
AGTCACAGTGAGGCAT-1,InN SST THSD7B,0.039001911130462634
AGTCACATCAACTGGT-1,Oligo MOG OPALIN,0.7440328399187279
AGTCACATCACATTGG-1,Astro AQP4 SLC1A2,0.9999158081638572
AGTCATGAGCGTCTCG-1,Endo CLDN5 SLC7A5,0.07545969101740661
AGTCATGAGTAACCGG-1,Endo CLDN5 SLC7A5,0.2093387228285419
AGTCATGCAAGAGATT-1,Endo CLDN5 SLC7A5,0.3133993431971506
AGTCATGGTATCGCGC-1,Oligo MOG OPALIN,0.764057593142543
AGTCTCCCAGCGTGCT-1,Astro GFAP AQP1,0.05962909266016233
AGTCTCCCATAACAGA-1,Endo CLDN5 SLC7A5,0.8070912518598158
AGTCTCCGTTCGATTG-1,Oligo MOG OPALIN,0.009348851146178285
AGTCTCCTCAGTAGGG-1,Oligo MOG OPALIN,0.9999555076603485
AGTGACTCAAAGGTTA-1,Astro GFAP AQP1,0.06669718675137111
AGTGACTCAAGTATCC-1,Astro GFAP AQP1,0.16644434016410312
AGTGACTCACACCTGG-1,Endo CLDN5 SLC7A5,0.12767995144420896
AGTGACTGTGTGTCCG-1,Endo CLDN5 SLC7A5,0.22259217800905726
AGTGACTTCACTGCTC-1,Endo CLDN5 SLC7A5,0.04946142711761054
AGTGACTTCGGTCACG-1,Oligo MOG OPALIN,0.9989925925491139
AGTGATCAGAGATCGC-1,Endo CLDN5 SLC7A5,0.8524060161478033
AGTGATCAGCCAAGCA-1,Astro GFAP AQP1,0.021811715662396695
AGTGATCAGTGGCCTC-1,InN PVALB HPSE,0.3788504254223184
AGTGATCGTACTGAGG-1,Endo CLDN5 SLC7A5,0.3370778800249397
AGTGATCGTTCTCTAT-1,Oligo MOG OPALIN,0.306724876749213
AGTGATCTCAGGGATG-1,Oligo MOG OPALIN,0.18466694356819646
AGTGATCTCAGTCCGG-1,Oligo MOG OPALIN,0.9999836414308517
AGTGCCGCAACTCGAT-1,Oligo MOG OPALIN,0.9990256135737603
AGTGCCGCACGCAAAG-1,Endo CLDN5 SLC7A5,0.7428805808287229
AGTGCCGGTGTAGTGG-1,L2-3 CUX2 NTNG1 PALMD,0.16976110795954102
AGTGTTGAGTCAGGGT-1,Oligo MOG OPALIN,0.9990935246019851
AGTGTTGAGTCATCGT-1,Oligo MOG OPALIN,0.26161316878360125
AGTTAGCAGAGAGGTA-1,Oligo MOG FRY,0.24253252785214985
AGTTAGCAGCTAGATA-1,Endo CLDN5 SLC7A5,0.9992394198952884
AGTTAGCCACTAGGTT-1,Endo CLDN5 SLC7A5,0.7390589449803167
AGTTAGCCATAGTCAC-1,Astro GFAP FABP7,0.9556278088689457
AGTTAGCTCGCGTGAC-1,Endo CLDN5 SLC7A5,0.8795520610379756
AGTTAGCTCGGAGTAG-1,Endo CLDN5 SLC7A5,0.7464601010868857
AGTTAGCTCTTACTGT-1,L2-3 CUX2 NTNG1 PALMD,0.025290324382705096
AGTTCCCAGCCATATC-1,Endo CLDN5 SLC7A5,0.9644010629229531
AGTTCCCAGGATAATC-1,InN SST STK32A,0.8987502737153183
AGTTCCCAGTACGAGC-1,Oligo MOG OPALIN,0.04505516540805328
AGTTCCCCACTAGAGG-1,Endo CLDN5 SLC7A5,0.08812656217363017
AGTTCCCGTCTCCCTA-1,Endo CLDN5 SLC7A5,0.01722682292894347
AGTTCCCTCCGCAGTG-1,Astro GFAP AQP1,0.3513472397201157
AGTTCGAAGAGCAGCT-1,Oligo MOG OPALIN,0.34444723852735604
AGTTCGAAGAGTGACC-1,Oligo MOG OPALIN,0.44962097583540156
AGTTCGAAGCAACAAT-1,Endo CLDN5 SLC7A5,0.451127028588188
AGTTCGACAATGGCCC-1,InN VIP CLSTN2,0.011293765622318631
AGTTCGACACAGAGCA-1,Oligo MOG OPALIN,0.9997991125155876
AGTTCGACACGACGTC-1,Astro GFAP AQP1,0.08433381402879339
AGTTCGATCCCTTGTG-1,Endo CLDN5 SLC7A5,0.4905735615169738
ATACCGACAATCGCCG-1,Endo CLDN5 SLC7A5,0.7233744221019262
ATACCGACAATCTCGA-1,L6 OPRK1 SMYD1 KCND2,0.010673078888482049
ATACCGACACGTAACT-1,Astro GFAP AQP1,0.3530132279175278
ATACCGACATTAGGAA-1,Endo CLDN5 SLC7A5,0.8152607912584687
ATACCGAGTCGGTAAG-1,Endo CLDN5 SLC7A5,0.04028743200957582
ATACCGATCCAAGAGG-1,Micro P2RY12 APBB1IP,0.043930936965624695
ATACCGATCGATGCAT-1,Oligo MOG OPALIN,0.9995075447968594
ATACCGATCTGGCTGG-1,L6 FEZF2 SYT6 ERBB4,0.063044016636255
ATACCTTAGGACTTCT-1,Oligo MOG OPALIN,0.48579000983435133
ATACCTTAGGTGCTAG-1,L6 FEZF2 DCBLD1 MITF,0.09513767601174965
ATACCTTCACGCTATA-1,Oligo MOG OPALIN,0.9980503806709267
ATACCTTCAGAACTTC-1,L6 FEZF2 NPFFR2 KCNK2,0.0328535207803228
ATACCTTCAGCTGTAT-1,L6 OPRK1 THEMIS RGS6,0.02482641443211995
ATACCTTCATCAGCTA-1,Micro P2RY12 APBB1IP,0.9951823026020292
ATACCTTTCATTATCC-1,Endo CLDN5 SLC7A5,0.17392632960245677
ATACCTTTCTGGCCAG-1,Oligo MOG OPALIN,0.7883681511315263
ATACTTCCACTAGAGG-1,Astro GFAP AQP1,0.3046336115279685
ATACTTCCAGCTGAGA-1,Oligo MOG OPALIN,0.2649604695203927
ATACTTCCATGGGCAA-1,Endo CLDN5 SLC7A5,0.4741589972154135
ATAGACCAGACTTCGT-1,L6 FEZF2 NPFFR2 TPD52L1,0.029019255887599658
ATAGACCGTCCACACG-1,Endo CLDN5 SLC7A5,0.2979156251010653
ATAGACCTCAGCTCTC-1,L6 OPRK1 SMYD1 SNTB1,0.022657285525078195
ATAGACCTCTGCTAGA-1,Endo CLDN5 SLC7A5,0.7473138160376669
ATAGAGAAGGATCACG-1,Endo CLDN5 SLC7A5,0.7822688583649179
ATAGAGAAGGGCTGAT-1,L2-3 CUX2 NTNG1 PALMD,0.23443643401190914
ATAGAGAAGTAAACAC-1,Oligo MOG OPALIN,0.48059554459284637
ATAGAGACAACGCATT-1,L3-5 RORB GABRG1 KCNH7,0.49479597476079334
ATAGAGACAAGTTTGC-1,Oligo MOG OPALIN,0.9999523941000509
ATAGAGAGTCAAAGCG-1,Endo CLDN5 SLC7A5,0.9402175219877181
ATAGGCTAGTTCCTGA-1,Oligo MOG OPALIN,0.8394232641960692
ATAGGCTCAGACTCTA-1,Oligo MOG OPALIN,0.9382865297048556
ATAGGCTGTTCTCCAC-1,Endo CLDN5 SLC7A5,0.10878352623298933
ATAGGCTTCAATCAGC-1,Oligo MOG OPALIN,0.7056857981464002
ATAGGCTTCATCGTAG-1,Oligo MOG OPALIN,0.6493540948521889
ATATCCTAGTTGGCTT-1,Endo CLDN5 SLC7A5,0.27354263681160906
ATATCCTCATCGATAC-1,Astro AQP4 SLC1A2,0.9999837787638911
ATATCCTCATTACTCT-1,Endo CLDN5 SLC7A5,0.924564069969157
ATATCCTTCCGTCAAA-1,L6 OPRK1 THEMIS RGS6,0.019347241345551644
ATATCCTTCGACCTAA-1,L6 FEZF2 SYT6 PTPRT,0.05539499669768972
ATCACAGAGGTTCTAC-1,Endo CLDN5 SLC7A5,0.11210552110215836
ATCACAGGTAATCAGA-1,Oligo MOG OPALIN,0.35914093718750795
ATCACAGTCTTAGCAG-1,Endo CLDN5 SLC7A5,0.020962362093050534
ATCACGAAGTCGTCTA-1,VLMC COL1A2 VLMCA8,0.8024226543168472
ATCACGAAGTTGCATC-1,Endo CLDN5 SLC7A5,0.5302927067674598
ATCACGACAGCTGCCA-1,Oligo MOG OPALIN,0.9990765565709151
ATCACGATCAAACCTG-1,Oligo MOG OPALIN,0.994534809074826
ATCACGATCCCTCGAT-1,Endo CLDN5 SLC7A5,0.14942343301420438
ATCACTTCATCGAGCC-1,Oligo MOG OPALIN,0.996962750354241
ATCACTTGTCAACACT-1,Oligo MOG OPALIN,0.3591341498240174
ATCACTTGTTATAGAG-1,L6 FEZF2 SYT6 ERBB4,0.037473575034441486
ATCACTTTCTCTGGTC-1,Oligo MOG OPALIN,0.06928701783889159
ATCAGGTAGAAGTCTA-1,Endo CLDN5 SLC7A5,0.22497492029636545
ATCAGGTCAGACAATA-1,Endo CLDN5 SLC7A5,0.24709610189683767
ATCAGGTGTCCCTCAT-1,Oligo MOG OPALIN,0.11550022810701001
ATCATTCAGAACAAGG-1,Endo CLDN5 SLC7A5,0.12296758573472952
ATCATTCCAAATAAGC-1,Astro AQP4 SLC1A2,0.9999257217574413
ATCATTCGTCTCGCGA-1,Oligo MOG OPALIN,0.5712345400751682
ATCATTCTCGGTAAGG-1,Endo CLDN5 SLC7A5,0.17449201782109042
ATCCACCAGAGCACTG-1,Endo CLDN5 SLC7A5,0.9316962540660809
ATCCACCCATGTGGTT-1,Astro GFAP AQP1,0.9993564779996466
ATCCACCGTTCTTGTT-1,L6 FEZF2 SYT6 ERBB4,0.004317229091224914
ATCCATTGTTCCACAA-1,Astro GFAP AQP1,0.9739400394720118
ATCCCTGAGAAGATCT-1,Endo CLDN5 SLC7A5,0.36067959583670356
ATCCCTGAGACTTCGT-1,Endo CLDN5 SLC7A5,0.42581245481141156
ATCCCTGAGAGAGTGA-1,Oligo MOG OPALIN,0.9185859042508339
ATCCCTGAGGTCCAGA-1,SMC ACTA2 CNN1,0.9258142171120062
ATCCCTGCAAGGTACG-1,Endo CLDN5 SLC7A5,0.7249261655785442
ATCCCTGCAGCATCTA-1,Endo CLDN5 SLC7A5,0.7768983952886156
ATCCCTGCAGCTGGTC-1,Oligo MOG GSN,0.016382225014961775
ATCCCTGCAGTCGGAA-1,Endo CLDN5 SLC7A5,0.026159901100431846
ATCCCTGCATTGCTTT-1,OPC PDGFRA PCDH15,0.9999999999999811
ATCCCTGTCTGAATGC-1,L6 OPRK1 THEMIS RGS6,0.3318796630716935
ATCCGTCCACAAGCCC-1,Astro GFAP AQP1,0.8069609963722952
ATCCGTCCACTGTTCC-1,Oligo MOG OPALIN,0.9047901730007543
ATCCGTCTCAAGCTTG-1,Endo CLDN5 SLC7A5,0.7046634290666529
ATCCTATAGCCTTCTC-1,PC P2RY14 GRM8,0.9997916358741313
ATCCTATCATCCGTTC-1,InN PVALB SYT2,0.07126660393315648
ATCCTATCATGAAAGT-1,Endo CLDN5 SLC7A5,0.4564664070498569
ATCCTATGTAGTGGCA-1,Oligo MOG OPALIN,0.9631533269274289
ATCCTATGTATTGGCT-1,Oligo MOG OPALIN,0.12893886192743242
ATCCTATGTCACTAGT-1,L3-5 RORB MKX GRIN3A,0.09042486503919522
ATCCTATGTCCTATAG-1,Oligo MOG OPALIN,0.9999738019015485
ATCCTATGTCGCTTGG-1,Endo CLDN5 SLC7A5,0.7952374397303813
ATCGATGAGCTATCCA-1,Endo CLDN5 SLC7A5,0.32392828912791233
ATCGATGGTCTCCCTA-1,L2-3 CUX2 NTNG1 COL5A2,0.03852472304472
ATCGATGTCATGTCTT-1,L3-5 RORB MKX GALR1,0.02986103647196338
ATCGATGTCGGAATTC-1,Oligo MOG OPALIN,0.9990867562938857
ATCGATGTCGTCGACG-1,Astro GFAP AQP1,0.0133323848111486
ATCGCCTAGGCGCTTC-1,PC P2RY14 GRM8,0.19934394376596942
ATCGCCTCAACAGAGC-1,Oligo MOG FRY,0.08936106572560612
ATCGCCTCAGATCCTA-1,Oligo MOG OPALIN,0.16076379907633917
ATCGCCTGTCTTTCTA-1,Endo CLDN5 SLC7A5,0.3689234826230442
ATCGCCTTCAAATGCC-1,Endo CLDN5 SLC7A5,0.9880285115725039
ATCGCCTTCATTCGGA-1,Endo CLDN5 SLC7A5,0.3782442733456467
ATCGCCTTCCTCCACA-1,Astro GFAP AQP1,0.9989920215085689
ATCGGATAGTATGAGT-1,Endo CLDN5 IL1R1,0.02258151102662157
ATCGGATCAACACTAC-1,L6 FEZF2 NPFFR2 KCNK2,0.027370497201508633
ATCGGATCAAGGCTTT-1,L2-3 CUX2 NTNG1 PLCH1,0.08577833692095697
ATCGGATCAATTGCTG-1,Oligo MOG OPALIN,0.05641085044502582
ATCGGATCACGCACCA-1,L3-5 RORB MKX GRIN3A,0.7497978582539566
ATCGGATCAGACAAAT-1,Endo CLDN5 SLC7A5,0.050206097986613074
ATCGGATCATCGATCA-1,Oligo MOG OPALIN,0.9999828710330846
ATCGGATGTCAACACT-1,Astro AQP4 SLC1A2,0.9980671613860385
ATCGGATGTGACTGAG-1,Endo CLDN5 SLC7A5,0.23488293516006878
ATCGGATGTGATACCT-1,Endo CLDN5 SLC7A5,0.2197639012835181
ATCGGATGTTATGTCG-1,Endo CLDN5 SLC7A5,0.012283070312329098
ATCGGATTCCCTCATG-1,Oligo MOG OPALIN,0.9995872040689074
ATCGGATTCGTAGTGT-1,Endo CLDN5 SLC7A5,0.2767775233419942
ATCGGATTCTGCGGGT-1,Oligo MOG OPALIN,0.9798961475563426
ATCGGCGAGACCTTTG-1,Endo CLDN5 SLC7A5,0.6909797979228631
ATCGGCGCACAGCTTA-1,Endo CLDN5 SLC7A5,0.06015715470156323
ATCGGCGGTGGACAGT-1,Oligo MOG OPALIN,0.9986601258922149
ATCGGCGTCAACCTCC-1,Endo CLDN5 SLC7A5,0.3021233755849595
ATCGGCGTCCATACTT-1,Oligo MOG OPALIN,0.5406660296556931
ATCGTAGAGCCAGAGT-1,Oligo MOG OPALIN,0.9999412321095172
ATCGTAGAGCTAGATA-1,Endo CLDN5 SLC7A5,0.037628829523007966
ATCGTAGCAAGTTTGC-1,Endo CLDN5 SLC7A5,0.32242363965103665
ATCGTAGCACAATCTG-1,Endo CLDN5 SLC7A5,0.04144128019021916
ATCGTAGCACAATGTC-1,Oligo MOG OPALIN,0.98542032672776
ATCGTAGGTTTACCTT-1,Oligo MOG OPALIN,0.6700517615132455
ATCGTAGTCTGGTCAA-1,Oligo MOG OPALIN,0.6109688451769314
ATCGTCCAGCTGTTAC-1,Astro AQP4 SLC1A2,0.9996965034794494
ATCGTCCAGGTGGTTG-1,Oligo MOG OPALIN,0.9446931242163199
ATCGTCCCAAGCGATG-1,Endo CLDN5 SLC7A5,0.9160570183346645
ATCGTCCCACGTACTA-1,Oligo MOG OPALIN,0.9999597069462937
ATCGTCCCATGACACT-1,Astro AQP4 SLC1A2,0.9988010560332443
ATCGTCCGTCCAAAGG-1,L2-3 CUX2 NTNG1 PALMD,0.30791655403987606
ATCGTCCGTTATGGTC-1,L6 OPRK1 THEMIS RGS6,0.9965630361540141
ATCGTCCTCCAACTAG-1,Oligo MOG OPALIN,0.7185966187692937
ATCGTCCTCTCTCCGA-1,Oligo MOG OPALIN,0.9799249509120148
ATCGTGACACTCTAGA-1,Endo CLDN5 SLC7A5,0.06018904153296106
ATCGTGATCGCCTTTG-1,Astro GFAP AQP1,0.9683049993250853
ATCTCTACAAATTAGG-1,Endo CLDN5 SLC7A5,0.8843373479193891
ATCTCTATCAGAGTTC-1,Endo CLDN5 SLC7A5,0.33942756804293894
ATCTCTATCAGCTCTC-1,L2-3 CUX2 NTNG1 PALMD,0.05047540925866396
ATCTCTATCGCCATAA-1,Astro GFAP FABP7,0.9999989588500191
ATCTTCAAGCGTCTCG-1,Endo CLDN5 SLC7A5,0.9164628374594506
ATCTTCAAGTCTCTGA-1,Oligo MOG OPALIN,0.9895083759232204
ATCTTCAGTATGGTAA-1,Astro GFAP AQP1,0.3456901414895721
ATCTTCAGTCCTGAAT-1,Astro AQP4 SLC1A2,0.9974689488738433
ATCTTCAGTTCGATTG-1,Oligo MOG OPALIN,0.9998690482554858
ATCTTCATCAGTCTTT-1,L6 FEZF2 NPFFR2 TPD52L1,0.678619983150908
ATCTTCATCCACTTCG-1,Endo CLDN5 SLC7A5,0.6792175578641901
ATGAAAGAGTCGAAAT-1,Endo CLDN5 SLC7A5,0.736335488372524
ATGAAAGCAACAAAGT-1,Astro GFAP AQP1,0.021354103196985667
ATGAAAGCAACCACGC-1,Oligo MOG OPALIN,0.0823410238212053
ATGAAAGCAATAGAGT-1,Micro P2RY12 APBB1IP,0.9422897940716747
ATGAAAGGTACTGAGG-1,Endo CLDN5 SLC7A5,0.053333576807016544
ATGAAAGGTAGAGCTG-1,L2-3 CUX2 NTNG1 PALMD,0.9203846762715819
ATGAAAGTCCCAAGTA-1,Micro P2RY12 APBB1IP,0.9461599656251394
ATGACCACATTACTCT-1,Oligo MOG OPALIN,0.9962873115493345
ATGACCAGTCACAATC-1,Oligo MOG OPALIN,0.9941090142066014
ATGACCAGTCATCTAG-1,Endo CLDN5 SLC7A5,0.006088711545608643
ATGACCAGTTCATCGA-1,InN VIP HS3ST3B1,0.41290695223656526
ATGACCATCCACTAGA-1,Endo CLDN5 SLC7A5,0.5603127815368373
ATGACCATCGTGTTCC-1,Endo CLDN5 SLC7A5,0.08449392839464943
ATGAGGGAGCACTGGA-1,Endo CLDN5 SLC7A5,0.20914892979975752
ATGAGGGAGGACAGTC-1,L2-3 CUX2 NTNG1 PALMD,0.013453168492936493
ATGAGGGAGGCTCTAT-1,Astro AQP4 SLC1A2,0.9928904665362357
ATGAGGGAGTCCGCCA-1,L2-3 CUX2 NTNG1 PALMD,0.04218607501564842
ATGAGGGCAACCACAT-1,Endo CLDN5 SLC7A5,0.11206108345760478
ATGAGGGCATCTATCT-1,Astro GFAP AQP1,0.3682141589091426
ATGAGGGTCTACTGCC-1,Oligo MOG OPALIN,0.9566355086405648
ATGAGTCAGCAGTACG-1,L3-5 RORB PCBP3 IL1RAPL2,0.03519292830826854
ATGAGTCCACATTCGA-1,L2-3 CUX2 NTNG1 PALMD,0.3578041144317869
ATGATCGAGAGTATAC-1,Endo CLDN5 SLC7A5,0.2519443896419209
ATGATCGGTTTAAGGA-1,Oligo MOG OPALIN,0.12447862520544142
ATGATCGTCCGCGAGT-1,Oligo MOG OPALIN,0.4449842986314447
ATGCATGCAACAAGTA-1,Endo CLDN5 SLC7A5,0.10206310829447598
ATGCATGCAACCCGCA-1,Oligo MOG OPALIN,0.5432921303991839
ATGCATGCAGGTTACT-1,Endo CLDN5 SLC7A5,0.3247810767098145
ATGCATGCAGTCACGC-1,Endo CLDN5 SLC7A5,0.013394477933121613
ATGCATGCATTACGGT-1,Endo CLDN5 SLC7A5,0.05065896513453655
ATGCATGGTACAGAGC-1,Endo CLDN5 SLC7A5,0.39834781088038157
ATGCATGTCATCGTAG-1,PC P2RY14 GRM8,0.9999822203259758
ATGCATGTCATGAGGG-1,L6 OPRK1 SMYD1 SNTB1,0.24038146081974943
ATGCATGTCTTTACAC-1,Endo CLDN5 SLC7A5,0.9998968528602851
ATGCCTCAGCTTAAGA-1,Oligo MOG OPALIN,0.2426837343303667
ATGCCTCCAATCTGCA-1,Oligo MOG OPALIN,0.9985769844994961
ATGCCTCCAGCGCTTG-1,Endo CLDN5 SLC7A5,0.7590952646366088
ATGCGATAGTTAACGA-1,Oligo MOG OPALIN,0.8593344519470305
ATGCGATTCGTAGCCG-1,L2-3 CUX2 ACVR1C INHBA,0.04921131306546174
ATGGAGGAGATAGCAT-1,L2-3 CUX2 NTNG1 COL5A2,0.10789658678136266
ATGGAGGCATTAGGCT-1,Oligo MOG OPALIN,0.1134579547567432
ATGGAGGGTACCGTGC-1,InN SST FREM1,0.8454013479111562
ATGGAGGGTGGCTGAA-1,Oligo MOG GSN,0.9991414155325752
ATGGAGGTCAGGTAAA-1,Endo CLDN5 SLC7A5,0.09896859597832078
ATGGAGGTCGCTAATG-1,Astro GFAP FABP7,0.9988290431211179
ATGGATCGTACGCTTA-1,Endo CLDN5 SLC7A5,0.5678929115909054
ATGGATCGTCCTATAG-1,Astro GFAP AQP1,0.08065128130286608
ATGGGAGAGACCAGCA-1,L3-5 RORB MKX GALR1,0.30709510469076545
ATGGGAGCATGAATAG-1,InN PVALB SYT2,0.07958767311124999
ATGGGAGTCCGTGTAA-1,OPC PDGFRA PCDH15,0.9999999999990228
ATGGGAGTCCTCATAT-1,Oligo MOG OPALIN,0.5981697263593793
ATGGGAGTCGAAGAAT-1,Endo CLDN5 SLC7A5,0.013955875255592987
ATGGGAGTCGAGAGAC-1,OPC PDGFRA PCDH15,0.9994967866274769
ATGGGAGTCGGCCAAC-1,Endo CLDN5 SLC7A5,0.018013948707779143
ATGGGAGTCGTAACCA-1,L2-4 CUX2 RORB CLMN,0.19981993480718593
ATGGGAGTCTGGTGCG-1,L2-3 CUX2 NTNG1 PALMD,0.49403709628691717
ATGGGTTAGCAACAAT-1,Endo CLDN5 SLC7A5,0.6401827852516385
ATGGGTTAGCGAGAAA-1,Astro GFAP AQP1,0.9975637311370334
ATGGGTTCAATCCTTT-1,L2-4 CUX2 RORB CLMN,0.054714697052289624
ATGGGTTGTACAAAGT-1,Oligo MOG OPALIN,0.9997571790561911
ATGGGTTGTAGTATAG-1,Endo CLDN5 SLC7A5,0.8143465447906334
ATGGGTTGTTGCCGAC-1,Endo CLDN5 SLC7A5,0.18313612702631926
ATGGGTTTCACCGGGT-1,L6 OPRK1 THEMIS RGS6,0.3210774698905083
ATGGGTTTCTGGACCG-1,L6 OPRK1 SMYD1 SNTB1,0.10602453193027096
ATGGTTGCAATCGCAT-1,Oligo MOG OPALIN,0.9997212662909069
ATGGTTGCAGGTACGA-1,Astro GFAP AQP1,0.1902101774814987
ATGGTTGGTGGGCTCT-1,Endo CLDN5 SLC7A5,0.11709772422847842
ATGGTTGTCGCTTTAT-1,Astro GFAP AQP1,0.26583361796970556
ATGGTTGTCTTTCTAG-1,Endo CLDN5 SLC7A5,0.86757926528525
ATGTCCCAGTGCACTT-1,L2-3 CUX2 NTNG1 PALMD,0.14565863780544583
ATGTCCCCAAACCACT-1,Endo CLDN5 SLC7A5,0.384385022686166
ATGTCCCCACCTTCGT-1,L6 OPRK1 SMYD1 SNTB1,0.0657531097078746
ATGTCCCCAGTATTCG-1,Endo CLDN5 SLC7A5,0.03997170783709839
ATGTCCCTCCGATAGT-1,Oligo MOG OPALIN,0.9996137859259386
ATGTCTTAGATTCGAA-1,InN PVALB ANOS1,0.9018038159388874
ATGTCTTCACCCATAA-1,Oligo MOG OPALIN,0.37899291977617194
ATGTCTTGTGCACGCT-1,Astro AQP4 SLC1A2,0.9996703994168181
ATTACCTAGGGCATGT-1,L2-3 CUX2 NTNG1 PALMD,0.18639263316326837
ATTACCTCAATACAGA-1,Oligo MOG OPALIN,0.998911944868306
ATTACCTCAATACCTG-1,L2-3 CUX2 NTNG1 PALMD,0.19266590326588826
ATTACCTCAGGATTCT-1,Oligo MOG FRY,0.4361857863906928
ATTACCTCATAGAATG-1,Endo CLDN5 SLC7A5,0.634840501509443
ATTACCTCATCTCATT-1,Oligo MOG OPALIN,0.8265377591748122
ATTACCTGTCAGTCTA-1,Endo CLDN5 SLC7A5,0.06163921793576776
ATTACTCCACGTCGTG-1,Micro P2RY12 GLDN,0.9970749597746952
ATTACTCCAGCGACCT-1,Endo CLDN5 SLC7A5,0.13339959969670262
ATTACTCGTAACCAGG-1,Endo CLDN5 SLC7A5,0.07551393932614224
ATTACTCGTCCTATAG-1,Oligo MOG OPALIN,0.404562094995679
ATTATCCAGCGGTATG-1,Oligo MOG OPALIN,0.2346821855455366
ATTATCCCACACTTAG-1,Oligo MOG OPALIN,0.8577644771965542
ATTATCCCATAGACTC-1,Oligo MOG OPALIN,0.9997721334254384
ATTATCCGTACCGTCG-1,OPC PDGFRA PCDH15,0.07097987855648538
ATTATCCGTCTTAGTG-1,Endo CLDN5 SLC7A5,0.9323028356317478
ATTATCCTCCCTTCCC-1,Endo CLDN5 SLC7A5,0.7962788286257697
ATTCACTAGACATAGT-1,InN LAMP5 BMP7,0.6941558687164322
ATTCACTCAAACCGGA-1,L6 OPRK1 THEMIS RGS6,0.16134828102831417
ATTCACTGTGGTGATG-1,Endo CLDN5 SLC7A5,0.11958760002108326
ATTCACTTCGCGTCGA-1,Endo CLDN5 SLC7A5,0.12181939598941532
ATTCATCCACTAACGT-1,L2-3 CUX2 NTNG1 PALMD,0.37052711117651876
ATTCATCGTCACGCTG-1,Oligo MOG FRY,0.020435541293203182
ATTCATCTCCCAGGCA-1,Endo CLDN5 SLC7A5,0.2673481396875596
ATTCATCTCTTCGATT-1,Endo CLDN5 SLC7A5,0.15658817825765092
ATTCCATAGGTGATCG-1,Astro AQP4 SLC1A2,0.9999662480867145
ATTCCATCATTGGCAT-1,Astro GFAP FABP7,0.09074639528967714
ATTCCATTCCCTCTAG-1,Micro P2RY12 APBB1IP,0.2314521814286348
ATTCCCGCAACAGCCC-1,Astro AQP4 SLC1A2,0.7292096784575044
ATTCCCGCAGAGGCTA-1,Endo CLDN5 SLC7A5,0.9840929837216348
ATTCCTAAGTCGCCCA-1,Oligo MOG OPALIN,0.9996811482075862
ATTCCTAAGTCTGGAG-1,Oligo MOG OPALIN,0.5076366710455863
ATTCCTACATGACACT-1,Oligo MOG OPALIN,0.06043953854638043
ATTCCTAGTGAGATTA-1,Oligo MOG OPALIN,0.08166338488487838
ATTCCTATCATTACGG-1,Oligo MOG OPALIN,0.8291237028427445
ATTCGTTCACCACTGG-1,Endo CLDN5 SLC7A5,0.8166609905812743
ATTCGTTCACGGCCAT-1,Oligo MOG OPALIN,0.8228349423012309
ATTCGTTTCCACGTGG-1,Endo CLDN5 SLC7A5,0.7326455165728462
ATTCTACAGCTGACTT-1,Astro GFAP FABP7,0.04123981048855567
ATTCTACAGTAGCTCT-1,Endo CLDN5 SLC7A5,0.8020014023741381
ATTCTACAGTATTGCC-1,Micro P2RY12 APBB1IP,0.9865945145957973
ATTCTACCAGTCTGGC-1,Oligo MOG OPALIN,0.9999821413314056
ATTCTACCATCAGCGC-1,Endo CLDN5 SLC7A5,0.17314340756829463
ATTCTACGTACGGGAT-1,Endo CLDN5 SLC7A5,0.07817453311115419
ATTCTACTCATACAGC-1,L6 OPRK1 THEMIS RGS6,0.0974714425524928
ATTCTACTCATGCAGT-1,Endo CLDN5 SLC7A5,0.05991973068654177
ATTCTACTCTCCGAAA-1,Oligo MOG OPALIN,0.4104808228351188
ATTCTTGAGAAGTGTT-1,L6 OPRK1 SMYD1 SNTB1,0.026065582237339693
ATTCTTGCAACTGAAA-1,L2-3 CUX2 NTNG1 PALMD,0.25632303656497707
ATTCTTGCAAGACAAT-1,Endo CLDN5 SLC7A5,0.19412503198407363
ATTCTTGCAAGAGTTA-1,Endo CLDN5 SLC7A5,0.09280257729143741
ATTCTTGCACTGGCGT-1,Astro GFAP AQP1,0.02173891900468646
ATTCTTGGTATCCCAA-1,InN SST FREM1,0.06726251387734264
ATTCTTGGTGGAGGTT-1,L6 FEZF2 NPFFR2 TPD52L1,0.9727667536185818
ATTCTTGTCGAACCTA-1,Micro P2RY12 APBB1IP,0.9940238229838381
ATTCTTGTCGAGCCTG-1,L2-3 CUX2 NTNG1 PALMD,0.05435774388312467
ATTGGGTAGGAGGCAG-1,L2-3 CUX2 NTNG1 PALMD,0.5943715289950471
ATTGGGTGTCACCTTC-1,Oligo MOG OPALIN,0.9991713887962554
ATTGGGTGTGGCAACA-1,L6 FEZF2 SYT6 PTPRT,0.936985483284591
ATTGGGTGTTTACTGG-1,Endo CLDN5 SLC7A5,0.4458347416794267
ATTGGGTTCTGTTCAT-1,Astro GFAP FABP7,0.816785756484234
ATTGTTCCACTGTCCT-1,Oligo MOG FRY,0.3410618378224407
ATTGTTCGTAACAGTA-1,Oligo MOG OPALIN,0.8493703021675388
ATTGTTCTCATTGCGA-1,Oligo MOG OPALIN,0.9124217313985619
ATTGTTCTCGAGTACT-1,L3-5 RORB PCBP3 IL1RAPL2,0.009478176306287486
ATTTACCAGAGGATGA-1,Oligo MOG OPALIN,0.9980602089603553
ATTTACCCAGCTATTG-1,Endo CLDN5 SLC7A5,0.746094842294249
ATTTACCTCAACTTTC-1,Micro P2RY12 APBB1IP,0.9974300409015519
ATTTACCTCCCTATTA-1,L6 OPRK1 THEMIS RGS6,0.03709463265314429
ATTTACCTCCGGGACT-1,Endo CLDN5 SLC7A5,0.142369841045258
ATTTACCTCTGCAGCG-1,Endo CLDN5 SLC7A5,0.06423048089201032
ATTTACCTCTGCGGAC-1,Endo CLDN5 SLC7A5,0.9652492897131737
ATTTCACAGAGGCGTT-1,Oligo MOG OPALIN,0.832846794632292
ATTTCACGTACCTAGT-1,Endo CLDN5 SLC7A5,0.9550475073296949
ATTTCACTCTCATGGA-1,Astro GFAP AQP1,0.9999265220261091
ATTTCACTCTTTCAGT-1,Oligo MOG OPALIN,0.7329109371645136
ATTTCTGAGTATCTGC-1,Endo CLDN5 SLC7A5,0.1160019329874748
ATTTCTGCATCGATCA-1,Micro P2RY12 APBB1IP,0.9785930396750002
ATTTCTGGTCGGAACA-1,L6 FEZF2 SYT6 CDH9,0.9639260103297217
ATTTCTGGTCGTATGT-1,Oligo MOG OPALIN,0.6657476776888093
ATTTCTGTCATCACCC-1,Endo CLDN5 SLC7A5,0.5708035297726677
CAAAGAAAGGATGCGT-1,L6 FEZF2 NPFFR2 KCNK2,0.08853814438249599
CAAAGAAGTATCTCGA-1,Endo CLDN5 SLC7A5,0.6170692676950297
CAAAGAAGTCAAAGTA-1,Endo CLDN5 SLC7A5,0.30303755310966407
CAAAGAATCACCATAG-1,PC P2RY14 GRM8,0.6474748555718486
CAACAACAGTCGGCAA-1,L3-5 RORB MKX DCC,0.026529688424669667
CAACAACTCCCAGGCA-1,Oligo MOG OPALIN,0.2608927214106297
CAACAACTCCTATGGA-1,L2-3 CUX2 NTNG1 PALMD,0.07648336478595533
CAACAACTCTCTCCGA-1,Oligo MOG OPALIN,0.8402248886807454
CAACAACTCTTACTGT-1,OPC PDGFRA PCDH15,0.9999999999999953
CAACAGTAGAGATGCC-1,Endo CLDN5 SLC7A5,0.35130068541570975
CAACAGTAGAGGTTAT-1,L2-3 CUX2 NTNG1 PALMD,0.054481371801532244
CAACAGTGTGATTAGA-1,Oligo MOG OPALIN,0.8911079818715221
CAACAGTTCCGAGTGC-1,Endo CLDN5 SLC7A5,0.3719273769101119
CAACCAAAGCCGGATA-1,Oligo MOG OPALIN,0.14026168685839693
CAACCAAAGTGAATAC-1,L6 OPRK1 THEMIS RGS6,0.2854795004574311
CAACCAACAATCGTCA-1,Oligo MOG OPALIN,0.07511889997215267
CAACCAACAGTGGTGA-1,Endo CLDN5 SLC7A5,0.5498360906102852
CAACCAACATCAGTCA-1,Endo CLDN5 SLC7A5,0.08167003607614155
CAACCAATCAGGAAAT-1,L6 OPRK1 THEMIS RGS6,0.9867425505307533
CAACCAATCGATGGAG-1,Oligo MOG OPALIN,0.9535106252627416
CAACCTCCACTTCCTG-1,L6 OPRK1 THEMIS RGS6,0.017343343008656698
CAACCTCCATACCAGT-1,Oligo MOG OPALIN,0.42185113918327816
CAACCTCCATCGATGT-1,Endo CLDN5 SLC7A5,0.21997951718952374
CAACCTCGTCGATTCA-1,Endo CLDN5 SLC7A5,0.9492437513699697
CAACGATAGCGAGTAC-1,Oligo MOG OPALIN,0.11211635668401232
CAACGATAGGCCTTCG-1,Astro GFAP AQP1,0.22617103355142773
CAACGATTCATCGACA-1,Micro P2RY12 APBB1IP,0.14413911479886216
CAACGATTCTTGTTAC-1,Endo CLDN5 SLC7A5,0.9919656026376125
CAACGGCAGATACCAA-1,Astro GFAP AQP1,0.9783728027094627
CAACGGCAGGTTCCAT-1,Endo CLDN5 SLC7A5,0.08396539115215883
CAACGGCCAGCGTACC-1,Astro GFAP AQP1,0.9999891502206446
CAACGGCCATACAGGG-1,Endo CLDN5 SLC7A5,0.21734591914677087
CAACGGCTCCGTACGG-1,Endo CLDN5 SLC7A5,0.8956304474538735
CAACGGCTCGGCTGAC-1,SMC ACTA2 CYP1B1,0.016796433245501858
CAAGACTAGAGTCTGG-1,OPC PDGFRA PCDH15,0.13943407288821358
CAAGACTCATGTGCCG-1,Endo CLDN5 SLC7A5,0.38064498047578704
CAAGACTGTCGTACAT-1,L2-3 CUX2 ACVR1C THSD7A,0.041948173772432644
CAAGACTTCCTAGCCT-1,L3-5 RORB MKX GRIN3A,0.09817277937196095
CAAGACTTCTTAGCTT-1,Endo CLDN5 SLC7A5,0.8884109774503439
CAAGAGGAGCAAGTCG-1,Micro P2RY12 APBB1IP,0.9940654382271631
CAAGAGGCATTGACCA-1,Oligo MOG OPALIN,0.5389472352958942
CAAGAGGGTTGTAAAG-1,Endo CLDN5 SLC7A5,0.9365914888015312
CAAGAGGTCGAGCCAC-1,Micro P2RY12 APBB1IP,0.22968308697158354
CAAGCTAGTGTCCGTG-1,Oligo MOG OPALIN,0.3745926061669348
CAAGCTATCCCAGTGG-1,Oligo MOG OPALIN,0.1485579323736403
CAAGCTATCTGTACAG-1,Oligo MOG OPALIN,0.7976762816001661
CAAGGGACATGTGCCG-1,Oligo MOG OPALIN,0.9870926700778273
CAAGGGACATTGAAGA-1,Endo CLDN5 SLC7A5,0.1430507679469133
CAAGGGAGTAGCGAGT-1,Oligo MOG OPALIN,0.4261238843405928
CAAGGGAGTATACCCA-1,Endo CLDN5 IL1R1,0.06496859706871944
CAAGGGAGTGCGTTTA-1,Oligo MOG OPALIN,0.4183334392890893
CAAGGGAGTGTCCTAA-1,SMC ACTA2 CRISPLD2,0.011461249437196359
CAAGGGAGTTCAAGGG-1,Endo CLDN5 SLC7A5,0.5715603561144212
CAAGGGATCGTTGCCT-1,Oligo MOG OPALIN,0.9996835531881817
CAAGGGATCTCTCAAT-1,Endo CLDN5 IL1R1,0.04726396317285169
CAAGGGATCTTAGCCC-1,Endo CLDN5 SLC7A5,0.03327810336932032
CAATACGAGATCCGAG-1,Astro GFAP AQP1,0.02326069913801099
CAATACGAGCTCCGAC-1,Astro GFAP AQP1,0.102097115330203
CAATACGAGCTTGTTG-1,L2-3 CUX2 NTNG1 PALMD,0.8090360518667188
CAATACGCAATAGTGA-1,Oligo MOG OPALIN,0.9999156382819234
CAATACGCATGGCGCT-1,InN VIP ADAM12,0.9964078560025238
CAATACGTCAATCTCT-1,L2-3 CUX2 NTNG1 PALMD,0.024999974613612863
CAATACGTCCCTCTCC-1,Astro GFAP AQP1,0.24530466582896115
CAATCGAAGGTTCCAT-1,Endo CLDN5 SLC7A5,0.3899969957451908
CAATCGAGTGTTCAGT-1,Endo CLDN5 SLC7A5,0.26308177825391144
CAATCGATCTTCTTCC-1,Endo CLDN5 SLC7A5,0.16220105298074367
CAATGACAGGCTCCCA-1,Endo CLDN5 SLC7A5,0.9711867383401712
CAATGACTCCTGGCTT-1,L6 FEZF2 NPFFR2 KCNK2,0.03713581742292549
CAATGACTCTATCGCC-1,Astro GFAP AQP1,0.17042328761477324
CAATTTCGTAATCAAG-1,Endo CLDN5 SLC7A5,0.9816212212068793
CAATTTCGTTAGAGTA-1,Endo CLDN5 SLC7A5,0.7581740165237753
CAATTTCTCAGACCGC-1,Oligo MOG GSN,0.0903039999137556
CAATTTCTCCACACCT-1,Oligo MOG OPALIN,0.9997475530600443
CAATTTCTCCGCTAGG-1,Oligo MOG OPALIN,0.0658651209962725
CAATTTCTCGGATTAC-1,Oligo MOG OPALIN,0.9997034718418867
CAATTTCTCTAGATCG-1,Oligo MOG OPALIN,0.7195470552839478
CAATTTCTCTGGCCTT-1,Endo CLDN5 SLC7A5,0.3298452619115314
CACAACAAGCTAGAAT-1,Astro GFAP AQP1,0.19014753867033385
CACAACAAGCTGCCAC-1,Micro P2RY12 APBB1IP,0.041028608111517144
CACAACAAGTATAGAC-1,InN LAMP5 BMP7,0.9967590874076255
CACAACAAGTCGGCAA-1,Endo CLDN5 SLC7A5,0.5245070760961053
CACAACAAGTTGTAAG-1,Oligo MOG OPALIN,0.19502757022647302
CACAACACACGCGGTT-1,Endo CLDN5 SLC7A5,0.666014673657142
CACAACACACTGCACG-1,Oligo MOG OPALIN,0.9700542270016118
CACAACAGTTTCCCAC-1,Oligo MOG OPALIN,0.22544317667951344
CACACAAAGTTCATCG-1,Endo CLDN5 SLC7A5,0.7824829845369182
CACACAACAACTCGTA-1,Oligo MOG OPALIN,0.7301743910859892
CACACAACAATCGCCG-1,Astro AQP4 SLC1A2,0.9968063155939574
CACACAACACTGATTG-1,Endo CLDN5 SLC7A5,0.7920183311784914
CACACAAGTAGATGTA-1,PC P2RY14 GRM8,0.9999992757559352
CACACAATCCCAGTGG-1,SMC ACTA2 CYP1B1,0.008686354453919768
CACAGATAGAAACCAT-1,Endo CLDN5 SLC7A5,0.012146935557012331
CACAGATAGACTCGAG-1,Oligo MOG OPALIN,0.6875233358764669
CACAGATGTGAGCAGT-1,Oligo MOG OPALIN,0.9989129864469614
CACAGATGTGAGGATC-1,Oligo MOG OPALIN,0.9305270135470712
CACAGATTCTTACGGA-1,L2-3 CUX2 NTNG1 PALMD,0.17292796053129098
CACAGGCCAAATCGTC-1,Endo CLDN5 SLC7A5,0.29362362995880903
CACAGGCCACTGCACG-1,L3-5 RORB MKX GRIN3A,0.04104108366559756
CACAGGCCAGCTTTCC-1,L6 FEZF2 SYT6 PTPRT,0.031605810040362704
CACAGGCCAGTTCACA-1,Astro AQP4 SLC1A2,0.9999992414707564
CACAGGCGTACAAACA-1,Endo CLDN5 SLC7A5,0.03763325139245273
CACAGGCGTACGAGCA-1,Astro AQP4 SLC1A2,0.024096013413932135
CACAGGCGTGCACAAG-1,Oligo MOG OPALIN,0.6240855432452717
CACAGGCGTGGCGCTT-1,L6 OPRK1 SMYD1 TSHZ2,0.16570877690035626
CACAGGCTCATCGCTC-1,L2-3 CUX2 NTNG1 PALMD,0.06348224477655337
CACAGGCTCTATCGTT-1,L6 OPRK1 SMYD1 SNTB1,0.06623899002098538
CACATGATCGTGAGAG-1,Oligo MOG OPALIN,0.9997587263550548
CACATGATCTTCCCAG-1,Endo CLDN5 SLC7A5,0.9569373378184256
CACCAAAAGATTGATG-1,Oligo MOG OPALIN,0.9633302877072272
CACCAAAAGGAGTACC-1,Endo CLDN5 SLC7A5,0.29235469472977316
CACCAAACACCCAACG-1,L2-3 CUX2 NTNG1 PALMD,0.6494020574634614
CACCAAACAGGGAGAG-1,Oligo MOG OPALIN,0.053866542002169504
CACCAAAGTAGGCAGT-1,Oligo MOG GSN,0.06864077097661468
CACCAAAGTGTTACTG-1,InN PVALB ANOS1,0.06407024043365825
CACCAAATCAACTACG-1,Endo CLDN5 SLC7A5,0.16454560552562394
CACCAAATCGCTCTCA-1,Endo CLDN5 SLC7A5,0.2722750691440072
CACCAAATCTCGTGGG-1,Oligo MOG OPALIN,0.4209455492532561
CACCGTTCAAGGAGTC-1,L3-5 RORB GABRG1 PTPRO,0.05823822906253541
CACCGTTCACCTGCGA-1,InN LAMP5 BMP7,0.9783988766701901
CACCGTTGTACAGTCT-1,L6 OPRK1 THEMIS RGS6,0.14856601020846819
CACCGTTGTAGAGTTA-1,Oligo MOG OPALIN,0.9968684520461012
CACCGTTTCACCTTAT-1,Endo CLDN5 SLC7A5,0.5010844229718625
CACCGTTTCTACTTCA-1,Oligo MOG OPALIN,0.9911314122123159
CACGAATAGGGTACGT-1,Endo CLDN5 SLC7A5,0.08710168656215389
CACGAATCAGCTGTCG-1,Oligo MOG OPALIN,0.9985746389587391
CACGAATGTATGAAAC-1,Oligo MOG OPALIN,0.3987427866279106
CACGAATGTGACGTCC-1,Endo CLDN5 SLC7A5,0.16408127545876294
CACGGGTCATGAAAGT-1,Endo CLDN5 SLC7A5,0.07329304084018391
CACGGGTGTGCGGATA-1,Endo CLDN5 SLC7A5,0.927091383587287
CACGTGGCACGTAGAG-1,Endo CLDN5 SLC7A5,0.30944409790078153
CACGTGGCAGCCCAGT-1,L3-5 RORB MKX GRIN3A,0.07692535147585484
CACGTGGGTGGTCCCA-1,Endo CLDN5 SLC7A5,0.5728928699765454
CACGTTCCACGTCTCT-1,Oligo MOG OPALIN,0.9910875000555178
CACGTTCGTTCAACGT-1,Endo CLDN5 SLC7A5,0.364909142241728
CACGTTCTCCATACAG-1,L2-3 CUX2 NTNG1 PALMD,0.6573866489409207
CACGTTCTCGACCATA-1,Oligo MOG OPALIN,0.6986421884732812
CACGTTCTCTGCTTAT-1,Astro GFAP AQP1,0.09858549762560449
CACTAAGAGAAATCCA-1,Oligo MOG FRY,0.026512643509718933
CACTAAGAGAGCCATG-1,Micro P2RY12 APBB1IP,0.8013049664373252
CACTAAGGTAACATAG-1,Endo CLDN5 SLC7A5,0.6172388532394291
CACTAAGGTCACTTCC-1,InN SST ADAMTSL1,0.9674267729825208
CACTAAGTCCTTCTTC-1,Oligo MOG OPALIN,0.48287727105755085
CACTGAAAGGTTGCCC-1,Endo CLDN5 SLC7A5,0.9265558420143044
CACTGAAAGTAGACAT-1,L3-5 RORB MKX GRIN3A,0.16733515964725124
CACTGAAGTAACTGCT-1,Endo CLDN5 SLC7A5,0.03389197967839665
CACTGGGCAATTGTGC-1,Astro AQP4 SLC1A2,0.9944870339393165
CACTGGGGTAACACGG-1,Oligo MOG OPALIN,0.9979946419394978
CACTGGGGTCACATTG-1,Endo CLDN5 SLC7A5,0.05151554755366933
CACTGTCAGGACATCG-1,Endo CLDN5 SLC7A5,0.9963322129047897
CACTGTCCAAGGACAC-1,Endo CLDN5 SLC7A5,0.9045730113021385
CACTGTCCAGGAGGAG-1,InN SST ANKRD33B,0.018268385846726336
CACTGTCCAGTGTACT-1,Astro GFAP AQP1,0.9999590148606947
CACTGTCTCACCTTAT-1,Endo CLDN5 SLC7A5,0.13224995494232125
CACTGTCTCGAGAGCA-1,Endo CLDN5 SLC7A5,0.18160241777314792
CACTGTCTCTCCTACG-1,Oligo MOG OPALIN,0.07662949718908096
CACTGTCTCTGGTGGC-1,Oligo MOG OPALIN,0.9997762521020116
CACTTCGAGCGAACTG-1,OPC PDGFRA PCDH15,1.0
CACTTCGAGGTAGCCA-1,Micro P2RY12 APBB1IP,0.031917137262786714
CACTTCGCAAGCACCC-1,Astro GFAP FABP7,0.2686984130821769
CACTTCGCACACCGAC-1,Oligo MOG OPALIN,0.06167125577021153
CACTTCGCAGTTTGGT-1,L6 FEZF2 DCBLD1 MITF,0.012943041374768606
CACTTCGCATCCCGTT-1,Oligo MOG OPALIN,0.9995017175740488
CACTTCGTCTACTCAT-1,Astro GFAP FABP7,0.018466566338326357
CAGAGCCAGCAGCGAT-1,Astro GFAP AQP1,0.09040476573805553
CAGAGCCAGCTTCATG-1,L6 OPRK1 THEMIS RGS6,0.11352253310594196
CAGAGCCAGGATTTGA-1,Endo CLDN5 SLC7A5,0.5545838601250875
CAGAGCCAGGTCACCC-1,Endo CLDN5 SLC7A5,0.03173229080050806
CAGAGCCCACACCTGG-1,Endo CLDN5 SLC7A5,0.04059666952549751
CAGAGCCCATGACTCA-1,Astro GFAP AQP1,0.5748536092042575
CAGAGCCGTCGACTTA-1,Endo CLDN5 SLC7A5,0.7544399904824338
CAGATACCAATGTCAC-1,Astro GFAP AQP1,0.0655656453866437
CAGATACGTCACTCGG-1,Endo CLDN5 SLC7A5,0.9445870316410109
CAGATACGTCCCTAAA-1,Endo CLDN5 SLC7A5,0.9252241722691077
CAGATACGTTCATCGA-1,Endo CLDN5 SLC7A5,0.4091471694902882
CAGATACTCAGCTAGT-1,Oligo MOG OPALIN,0.9999759305652343
CAGATACTCGGCTCTT-1,Oligo MOG OPALIN,0.9999981449157936
CAGATCAAGAAACTGT-1,Endo CLDN5 SLC7A5,0.9628370270762493
CAGATCAAGGTGTGAC-1,Astro GFAP FABP7,0.9986057636934218
CAGATCACATCAGTCA-1,VLMC SLC47A1 SLC4A4,0.999999905861422
CAGATCACATCTTTCA-1,Endo CLDN5 SLC7A5,0.09924290118047614
CAGATCAGTGTTCGAT-1,Oligo MOG OPALIN,0.6595034645220761
CAGATCATCCATTTCA-1,Endo CLDN5 SLC7A5,0.18870206903394324
CAGATCATCCCAAGTA-1,Oligo MOG OPALIN,0.9839419604727868
CAGATCATCGAGATGG-1,L2-3 CUX2 NTNG1 PALMD,0.5169682907987737
CAGATCATCTGCGGCA-1,Endo CLDN5 SLC7A5,0.5940989654780328
CAGATCATCTTTGCAT-1,Micro P2RY12 APBB1IP,0.3071814768194926
CAGATTGAGATTAGAC-1,InN PVALB ANOS1,0.16492281147283017
CAGATTGAGCCGATTT-1,PC P2RY14 GRM8,0.9986868534821012
CAGATTGAGTTGAAAC-1,Endo CLDN5 SLC7A5,0.024962862682627512
CAGATTGGTATTCTCT-1,Endo CLDN5 SLC7A5,0.8605583088508038
CAGATTGTCACCGGGT-1,Endo CLDN5 SLC7A5,0.17808618231546997
CAGCAATAGAGAGCGG-1,Endo CLDN5 SLC7A5,0.08550995283604869
CAGCAATAGTAAACTG-1,Endo CLDN5 SLC7A5,0.6451050024654277
CAGCAATCATACCACA-1,Oligo MOG OPALIN,0.3460078677004264
CAGCAATGTGTGAGCA-1,Oligo MOG OPALIN,0.9999951346301943
CAGCAATGTTTGCCGG-1,Astro AQP4 SLC1A2,0.030411307536763823
CAGCAATTCGTTCTGC-1,L3-5 RORB MKX DCC,0.9029336589466392
CAGCACGCAGCTGCCA-1,Endo CLDN5 SLC7A5,0.7656401754953517
CAGCACGGTAATGATG-1,Endo CLDN5 SLC7A5,0.7698575315564115
CAGCACGTCACGGAGA-1,Oligo MOG OPALIN,0.7280538284228939
CAGCACGTCAGCATTG-1,L3-5 RORB MKX GALR1,0.0475541845783786
CAGCAGCAGTTAACAG-1,Endo CLDN5 SLC7A5,0.6094637176725173
CAGCAGCAGTTGCCTA-1,Oligo MOG OPALIN,0.23791096465994618
CAGCAGCCAAACTGCT-1,Oligo MOG OPALIN,0.9877184057365503
CAGCCAGAGCCATTCA-1,InN ADARB2 COL5A2,0.047369195030110466
CAGCCAGAGTTGTACC-1,Oligo MOG OPALIN,0.0674072399742597
CAGCCAGCAAATGCGG-1,Oligo MOG OPALIN,0.7646941276555885
CAGCCAGCACAGCTGC-1,InN SST FREM1,0.020239585870266415
CAGCCAGCACCATATG-1,Astro GFAP AQP1,0.08362734060738561
CAGCCAGCACTTTATC-1,Endo CLDN5 SLC7A5,0.868920748088526
CAGCCAGGTTCCCAAA-1,OPC PDGFRA PCDH15,0.9999999999755897
CAGCCAGTCACGGGCT-1,Endo CLDN5 SLC7A5,0.9081830178885252
CAGCCAGTCAGACCCG-1,Oligo MOG OPALIN,0.13635222652218149
CAGCGTGAGACTCTTG-1,Endo CLDN5 SLC7A5,0.027030294618849444
CAGCGTGCACCTCAGG-1,Micro P2RY12 APBB1IP,0.985262674898334
CAGGCCAAGGTGCCTC-1,Oligo MOG OPALIN,0.4900843637997727
CAGGCCAGTCCCAAAT-1,Oligo MOG GSN,0.01648693764961555
CAGGCCAGTCGTAATC-1,Oligo MOG OPALIN,0.9778644745733303
CAGGCCATCCGACAGC-1,Oligo MOG OPALIN,0.8948821315966506
CAGGGCTTCCTGTAAG-1,Endo CLDN5 SLC7A5,0.8933155884465787
CAGGTATAGCGTATAA-1,Endo CLDN5 SLC7A5,0.3413495099969346
CAGGTATCAAAGGAGA-1,Oligo MOG OPALIN,0.535825590479108
CAGGTATGTACACTCA-1,Endo CLDN5 SLC7A5,0.08822749169405124
CAGGTATGTACGACAG-1,Astro GFAP AQP1,0.9983373759211055
CAGGTATTCACTTGTT-1,Endo CLDN5 SLC7A5,0.03919657235520512
CAGGTATTCTTTGATC-1,Oligo MOG OPALIN,0.8370576193862823
CAGTGCGAGAGTCAGC-1,L6 FEZF2 NPFFR2 KCNK2,0.27361702623689593
CAGTGCGAGGCAGCTA-1,Oligo MOG OPALIN,0.09409810807339354
CAGTGCGAGTAACGTA-1,Endo CLDN5 IL1R1,0.021156523761827712
CAGTGCGAGTGAATAC-1,Oligo MOG OPALIN,0.9994381636489997
CAGTGCGCACACGTGC-1,Endo CLDN5 SLC7A5,0.8277779758162545
CAGTGCGCACGTTGGC-1,Astro GFAP AQP1,0.9998901710214153
CAGTGCGCATGGGCAA-1,Astro AQP4 SLC1A2,0.07113712619304575
CAGTGCGGTACTGCCG-1,Endo CLDN5 SLC7A5,0.7039851383671789
CAGTGCGGTGCACAAG-1,Endo CLDN5 SLC7A5,0.7172547995233133
CAGTGCGGTTGAGTCT-1,Endo CLDN5 SLC7A5,0.5642986674804865
CAGTTAGAGTAGCTCT-1,Oligo MOG OPALIN,0.5352564531498851
CAGTTAGCACGACAGA-1,Astro GFAP AQP1,0.10297751696946449
CAGTTAGGTAATTAGG-1,Endo CLDN5 SLC7A5,0.09191516815805638
CAGTTAGGTCTCGGGT-1,Endo CLDN5 SLC7A5,0.03937378324711588
CAGTTAGTCCATTCAT-1,InN SST TRPC7,0.9802013838087452
CAGTTAGTCCCATACC-1,Endo CLDN5 SLC7A5,0.10152527221987177
CAGTTCCAGGCTTCCG-1,Oligo MOG FRY,0.004855249098511012
CAGTTCCAGGGTTTCT-1,Endo CLDN5 SLC7A5,0.9803401723474306
CAGTTCCCATGGGTCC-1,Endo CLDN5 SLC7A5,0.166293143181877
CAGTTCCTCAGAGCGA-1,Oligo MOG OPALIN,0.5539612657874686
CATAAGCAGAAGCCTG-1,Endo CLDN5 SLC7A5,0.04516211346220154
CATAAGCAGACAGTCG-1,Oligo MOG OPALIN,0.9999117507770652
CATAAGCAGTAGCCAG-1,Endo CLDN5 SLC7A5,0.3250120777790976
CATAAGCGTGACCGAA-1,Astro GFAP AQP1,0.023936892948294826
CATAAGCGTTTCGGCG-1,L6 FEZF2 SYT6 PTPRT,0.6457804991246234
CATAAGCTCATTGCCC-1,InN SST TRPC7,0.2404176179183738
CATAAGCTCCGACAGC-1,Endo CLDN5 SLC7A5,0.026069602607669766
CATAAGCTCGATACAC-1,Oligo MOG OPALIN,0.21315027097762448
CATAAGCTCGGTCATA-1,Endo CLDN5 SLC7A5,0.1926059957014128
CATAAGCTCTCAACCC-1,Endo CLDN5 SLC7A5,0.7454103715023714
CATACAGAGAGTCTTC-1,Oligo MOG OPALIN,0.013769687269970016
CATACAGCATTGTCGA-1,Endo CLDN5 SLC7A5,0.10424347385139784
CATACAGGTATACAGA-1,Endo CLDN5 SLC7A5,0.06805547550245342
CATACAGGTATAGCTC-1,Oligo MOG OPALIN,0.9590818706875504
CATACCCAGAAGTCTA-1,Astro GFAP AQP1,0.1182166911550525
CATACCCCACGACGTC-1,Micro P2RY12 APBB1IP,0.14270191681615693
CATACCCCAGATCATC-1,Endo CLDN5 SLC7A5,0.0394820789863908
CATACCCGTCTAGTGT-1,Oligo MOG OPALIN,0.9999376237232644
CATACCCGTCTGCGCA-1,Endo CLDN5 SLC7A5,0.6518537449533259
CATACCCTCCAGCAAT-1,Endo CLDN5 SLC7A5,0.013275149878607478
CATACCCTCGTGGGAA-1,Endo CLDN5 SLC7A5,0.8832916220184374
CATACCCTCGTTATCT-1,L3-5 RORB MKX GRIN3A,0.03191593265913092
CATACTTAGGATTCAA-1,Oligo MOG OPALIN,0.3216430116505159
CATACTTCACACAGAG-1,Endo CLDN5 SLC7A5,0.2758661161355278
CATACTTCAGCTCTGG-1,Endo CLDN5 SLC7A5,0.08032543900456307
CATACTTGTAGTACGG-1,Endo CLDN5 SLC7A5,0.903287166658919
CATACTTGTCGAATTC-1,Oligo MOG OPALIN,0.6087735414312868
CATACTTTCACGGTCG-1,PC P2RY14 GRM8,0.09727948030607014
CATACTTTCCTCACGT-1,Oligo MOG OPALIN,0.8659835163379475
CATAGACAGAGTGTGC-1,Endo CLDN5 SLC7A5,0.1580533693558229
CATAGACCAAGATGTA-1,T SKAP1 CD247,0.9999999437856872
CATAGACCATAGAGGC-1,Endo CLDN5 SLC7A5,0.0341128620258163
CATAGACCATTGCTGA-1,Endo CLDN5 SLC7A5,0.5683451383208755
CATCAAGCACTATGTG-1,Astro AQP4 SLC1A2,0.0483461988709872
CATCAAGGTGCATTTG-1,L2-4 CUX2 RORB CLMN,0.044703678901287826
CATCAAGTCGCTGCGA-1,Endo CLDN5 SLC7A5,0.9530269160702762
CATCCACAGAATACAC-1,Oligo MOG OPALIN,0.9536711523723436
CATCCACAGTCGGGAT-1,Endo CLDN5 SLC7A5,0.9640099140965714
CATCCACCAAACACCT-1,Oligo MOG OPALIN,0.9999969481702893
CATCCACCACAAATCC-1,Oligo MOG OPALIN,0.9991002718918979
CATCCACCACAAGCTT-1,L2-3 CUX2 NTNG1 PALMD,0.8820843788510392
CATCCACGTCCTGTTC-1,L2-3 CUX2 NTNG1 PALMD,0.09134446424030919
CATCCACGTCGATTTG-1,Oligo MOG OPALIN,0.977384303717065
CATCCACGTTGGGATG-1,Endo CLDN5 SLC7A5,0.6765079134742319
CATCCACTCACTAGCA-1,Oligo MOG OPALIN,0.9998206545398917
CATCCCAAGCGTTAGG-1,OPC PDGFRA PCDH15,0.999999999999994
CATCCCACAACACAGG-1,Micro P2RY12 APBB1IP,0.984682505363351
CATCCCACAATAGTAG-1,Endo CLDN5 SLC7A5,0.5252929871831797
CATCCCACACACGCCA-1,Endo CLDN5 SLC7A5,0.9553718300677053
CATCCCACACAGTACT-1,Endo CLDN5 SLC7A5,0.8278217649353943
CATCCCACAGAGTTCT-1,Oligo MOG OPALIN,0.6701283748144744
CATCCCAGTGCATACT-1,Endo CLDN5 SLC7A5,0.29908632217896347
CATCCCAGTGGTCTCG-1,Endo CLDN5 SLC7A5,0.9796749144945642
CATCCGTAGCATTGTC-1,Endo CLDN5 SLC7A5,0.9976051182066229
CATCCGTAGCTAGTTC-1,Oligo MOG OPALIN,0.10061005856378814
CATCCGTAGGTTGCCC-1,Endo CLDN5 SLC7A5,0.24887414171607514
CATCGCTCAGTCTCTC-1,Endo CLDN5 SLC7A5,0.9456833422747283
CATCGCTCATGACCCG-1,Endo CLDN5 SLC7A5,0.3994622244371546
CATCGCTGTACCCGCA-1,Endo CLDN5 SLC7A5,0.9898473456666932
CATCGCTTCTCGTGAA-1,Endo CLDN5 SLC7A5,0.10096031758055367
CATCGGGCATTCTGTT-1,L6 OPRK1 THEMIS RGS6,0.04629841083944627
CATCGGGGTACGGTTT-1,Oligo MOG OPALIN,0.9998234293988228
CATCGGGGTTCCGCAG-1,Endo CLDN5 SLC7A5,0.029823199058074037
CATCGGGGTTTGGAAA-1,Oligo MOG OPALIN,0.3437715583479565
CATCGTCAGGCTAAAT-1,L2-3 CUX2 NTNG1 COL5A2,0.016622249759712247
CATCGTCCAGAGTGTG-1,OPC PDGFRA PCDH15,0.010008552186171239
CATCGTCCATTGACTG-1,Endo CLDN5 SLC7A5,0.6508305162002721
CATGAGTAGCAACTTC-1,Oligo MOG OPALIN,0.7687075671933963
CATGAGTAGTTTCAGC-1,Oligo MOG OPALIN,0.3389978238693787
CATGAGTCAAAGCTAA-1,Endo CLDN5 SLC7A5,0.6386263543395723
CATGAGTCACCAGGTC-1,Endo CLDN5 SLC7A5,0.6763549130830188
CATGAGTCAGTGCCTG-1,Oligo MOG OPALIN,0.9953997121563248
CATGAGTGTGACAACG-1,Endo CLDN5 SLC7A5,0.8532383594128142
CATGAGTGTGGCTGCT-1,Endo CLDN5 SLC7A5,0.4449223411072413
CATGAGTGTTGCCGAC-1,Astro GFAP AQP1,0.10902692666765595
CATGAGTTCATCCCGT-1,Oligo MOG OPALIN,0.8175688448565993
CATGAGTTCTAGGCAT-1,L2-3 CUX2 ACVR1C THSD7A,0.20826075582369508
CATGCAAAGCAATTAG-1,Endo CLDN5 SLC7A5,0.9234692680027784
CATGCAACAAAGGATT-1,Endo CLDN5 SLC7A5,0.12209638834030989
CATGCAACACTAGAGG-1,L2-3 CUX2 NTNG1 PALMD,0.6074876155815777
CATGCAACAGCTTTGA-1,Endo CLDN5 SLC7A5,0.9639699865497348
CATGCAATCCGGACTG-1,Oligo MOG OPALIN,0.4756751744714172
CATGCCTAGAGTTCGG-1,Oligo MOG OPALIN,0.957922738922435
CATGCCTCATGGCACC-1,Oligo MOG OPALIN,0.8879319425259261
CATGCCTGTCACTTCC-1,Oligo MOG OPALIN,0.943227520437368
CATGCCTTCATAGAGA-1,Astro GFAP AQP1,0.39007256163508036
CATGCCTTCTCTCCGA-1,Endo CLDN5 SLC7A5,0.9225344474642693
CATGCGGAGACATAGT-1,InN PVALB PIEZO2,0.01225254092111688
CATGCGGGTCTTACAG-1,Endo CLDN5 SLC7A5,0.20806138794916063
CATGCGGTCCATAAGC-1,Endo CLDN5 SLC7A5,0.7374619360540041
CATGCGGTCCCGTGTT-1,InN SST HS3ST5,0.10677841238562681
CATGCGGTCCGATCTC-1,Oligo MOG OPALIN,0.9999718971343717
CATGCGGTCGTCCTCA-1,Oligo MOG OPALIN,0.9998402785672054
CATGCTCAGGAGAGTA-1,L3-5 RORB MKX GALR1,0.028909553513454693
CATGCTCAGGCATTTC-1,Oligo MOG OPALIN,0.9375651189124952
CATGCTCCATTACTCT-1,Endo CLDN5 SLC7A5,0.9756394243721023
CATGCTCCATTGAAGA-1,Oligo MOG OPALIN,0.992803501888164
CATGCTCGTGGTAATA-1,Endo CLDN5 SLC7A5,0.018067559260680925
CATGCTCTCCAAGCTA-1,Astro AQP4 SLC1A2,0.9998592976713455
CATGCTCTCCTCCACA-1,Endo CLDN5 SLC7A5,0.8434233897348719
CATGCTCTCGCATAGT-1,Endo CLDN5 SLC7A5,0.004067576702953839
CATGCTCTCTTTGCAT-1,Oligo MOG OPALIN,0.9509681073615923
CATGGATGTTCTCCCA-1,Astro AQP4 SLC1A2,0.9999959647367118
CATGGATGTTTGAACC-1,Oligo MOG OPALIN,0.3211707764780532
CATGGATTCACGTCCT-1,Oligo MOG OPALIN,0.16421037535218655
CATGGATTCTATCACT-1,InN ADARB2 COL5A2,0.02852254086040082
CATGGTATCAACACCA-1,PC P2RY14 GRM8,0.9999345883918899
CATTCATAGATGCCGA-1,InN SST STK32A,0.3510579812096756
CATTCATGTCGCTTGG-1,L2-3 CUX2 NTNG1 COL5A2,0.07221642171109649
CATTCATGTGTTCATG-1,L3-5 RORB MKX GALR1,0.14324025142989535
CATTCATTCTCAGTCC-1,Endo CLDN5 SLC7A5,0.07466010928346618
CATTCCGAGCATGCAG-1,Oligo MOG OPALIN,0.14744915100315123
CATTCCGAGGTGATAT-1,InN ADARB2 CALCR,0.025057056520256624
CATTCCGAGTTCATCG-1,Endo CLDN5 SLC7A5,0.09806241263025069
CATTCCGCACACCTAA-1,Oligo MOG OPALIN,0.9842674680983836
CATTCCGCACGACCTG-1,L6 OPRK1 SMYD1 SNTB1,0.023583540971309932
CATTCCGCATCGGTTA-1,Oligo MOG OPALIN,0.934408778330579
CATTCCGGTACTGACT-1,Endo CLDN5 SLC7A5,0.7496811344846855
CATTCCGGTTGTACGT-1,Astro AQP4 SLC1A2,0.9993413421183863
CATTCCGTCGATAACC-1,InN PVALB SYT2,0.11697142287937551
CATTCCGTCGGAACTT-1,Oligo MOG OPALIN,0.9360386115654431
CATTCTAAGCAGGCAT-1,Oligo MOG OPALIN,0.8849431927644665
CATTCTACAAGATGTA-1,L2-3 CUX2 NTNG1 PALMD,0.3516902270121743
CATTCTACATTACTCT-1,Oligo MOG OPALIN,0.764206239144267
CATTCTAGTCTGCATA-1,Endo CLDN5 SLC7A5,0.8516965769658426
CATTCTAGTTGGTAGG-1,Astro GFAP FABP7,0.9999989704555051
CATTCTATCCGGACGT-1,Oligo MOG OPALIN,0.9840543519369509
CATTCTATCGCCGAAC-1,Endo CLDN5 SLC7A5,0.905699780229307
CATTGAGAGCGACTTT-1,OPC PDGFRA PCDH15,0.999999999999857
CATTGAGGTGTCTTCC-1,Oligo MOG OPALIN,0.9977398855741986
CATTGAGTCTGCTTAT-1,Oligo MOG OPALIN,0.6387218891072419
CATTGCCCACCAGACC-1,Oligo MOG OPALIN,0.1979477292553803
CATTGCCCACGACGTC-1,Endo CLDN5 SLC7A5,0.13393497912272528
CATTGCCCAGTTTCAG-1,Oligo MOG OPALIN,0.20191374200290144
CATTGCCTCCAAGCAT-1,Endo CLDN5 SLC7A5,0.31771380474265665
CATTGCCTCCACCCTA-1,L2-3 CUX2 NTNG1 PALMD,0.05469363866760125
CATTGTTAGCGTCTCG-1,Astro AQP4 SLC1A2,0.13582088218327468
CATTGTTCAAACCATC-1,Oligo MOG OPALIN,0.5061659111688316
CATTGTTCAAAGCTCT-1,Oligo MOG OPALIN,0.872851614537475
CATTGTTCAGACCTGC-1,Oligo MOG OPALIN,0.0986641668888556
CATTGTTCAGAGATGC-1,Endo CLDN5 SLC7A5,0.402573916334685
CATTGTTCATCCGAGC-1,Oligo MOG OPALIN,0.6585749144123448
CATTGTTGTAAGGCTG-1,Astro GFAP FABP7,0.9998043497167476
CATTGTTGTGGTAATA-1,Astro GFAP AQP1,0.0118058181539577
CATTTCAAGAAGGATG-1,Astro GFAP FABP7,0.9707243869411714
CATTTCAAGAGCTGAC-1,Endo CLDN5 SLC7A5,0.24255407320475503
CATTTCAAGGTAAACT-1,Endo CLDN5 SLC7A5,0.7958502344377434
CATTTCATCGAATCCA-1,InN VIP EGF,0.028677490539145034
CCAAGCGCATGGGAAC-1,Endo CLDN5 SLC7A5,0.4092118215216039
CCAAGCGTCCTCTCGA-1,Endo CLDN5 SLC7A5,0.4887299847750259
CCAATGAAGGGTAGCT-1,Endo CLDN5 SLC7A5,0.5336834710634657
CCAATGAAGGTTCATC-1,Astro GFAP AQP1,0.9475578082965977
CCAATGACAACTCCCT-1,Oligo MOG OPALIN,0.5315320206341817
CCAATGAGTCCACACG-1,Oligo MOG OPALIN,0.10556716191341378
CCAATGAGTCCTGGTG-1,Endo CLDN5 SLC7A5,0.6554407686296646
CCAATGAGTGCTATTG-1,Endo CLDN5 SLC7A5,0.24129600237118307
CCAATGATCTCAATCT-1,Oligo MOG OPALIN,0.9952267703432814
CCAATTTAGCCACTCG-1,Endo CLDN5 SLC7A5,0.024321919656367753
CCAATTTAGGGAGGGT-1,Endo CLDN5 SLC7A5,0.1823040567565093
CCAATTTAGTTCCGGC-1,L6 OPRK1 THEMIS RGS6,0.04540309995373817
CCAATTTCAAATGGTA-1,PC P2RY14 GRM8,0.9999946055511835
CCAATTTCACGCACCA-1,Endo CLDN5 SLC7A5,0.7259682319027678
CCAATTTCATTCTGTT-1,L2-3 CUX2 NTNG1 PALMD,0.07662283435145714
CCAATTTGTAACATAG-1,Endo CLDN5 SLC7A5,0.5935011395566033
CCAATTTGTCACGCTG-1,L6 FEZF2 SYT6 PTPRT,0.015425580062231528
CCAATTTTCTATGTGG-1,Endo CLDN5 SLC7A5,0.2086294830157878
CCACAAACACAGAAGC-1,OPC PDGFRA PCDH15,0.9999999999999871
CCACAAACAGATTCGT-1,Endo CLDN5 SLC7A5,0.22935863049446212
CCACAAACATAATCGC-1,Oligo MOG OPALIN,0.9880976073829937
CCACAAACATGGATCT-1,Astro AQP4 SLC1A2,0.9974559370469072
CCACAAATCACACGAT-1,Endo CLDN5 SLC7A5,0.23686656385290014
CCACAAATCCGATGTA-1,Micro P2RY12 APBB1IP,0.7663343670245432
CCACAAATCTCCGAGG-1,Endo CLDN5 SLC7A5,0.6105010411507658
CCACACTAGATTCGAA-1,Oligo MOG OPALIN,0.9915518466037055
CCACACTAGGCTCTAT-1,OPC PDGFRA PCDH15,0.050850623232526024
CCACACTGTAACTGCT-1,Oligo MOG OPALIN,0.7416834356863046
CCACACTGTTAGGCCC-1,InN VIP MEGF11 LHFP,0.6746961701042954
CCACACTTCCTTCTTC-1,Oligo MOG OPALIN,0.18784244403498015
CCACACTTCGTGGCTG-1,Endo CLDN5 SLC7A5,0.5102665249041206
CCACCATAGTAAACAC-1,Endo CLDN5 SLC7A5,0.7317082189929369
CCACCATCACAAGCTT-1,Oligo MOG OPALIN,0.99930365555225
CCACCATCACGGTCTG-1,Endo CLDN5 SLC7A5,0.9835836859860339
CCACCATCATGTTTGG-1,Oligo MOG OPALIN,0.48031345021845995
CCACCATTCATTCATC-1,Oligo MOG OPALIN,0.8559944539894614
CCACCATTCTGAGCAT-1,Endo CLDN5 SLC7A5,0.8779336721069237
CCACGAGAGGATTACA-1,L6 FEZF2 DCBLD1 MITF,0.06731602444509244
CCACGAGCAAAGGCAC-1,Oligo MOG OPALIN,0.9203145486782739
CCACGAGCAACTGAAA-1,Endo CLDN5 SLC7A5,0.9964317703511854
CCACGAGGTACGATCT-1,Oligo MOG OPALIN,0.42366523624229013
CCACGAGTCACAAGAA-1,Oligo MOG OPALIN,0.24355413820460325
CCACGAGTCACCCTCA-1,L3-5 RORB MKX DCC,0.005571857861467471
CCACGAGTCGTTCTAT-1,InN SST FREM1,0.06654067019792034
CCACGTTAGACTGGGT-1,Oligo MOG OPALIN,0.7949019416120643
CCACGTTAGAGTAACT-1,Oligo MOG OPALIN,0.5316925669030497
CCACGTTCAATCTCGA-1,Endo CLDN5 SLC7A5,0.6794013732705706
CCACGTTCACACGCCA-1,Astro AQP4 SLC1A2,0.99871516775188
CCACGTTCATCTATCT-1,L6 OPRK1 THEMIS RGS6,0.03505440636186713
CCACGTTGTGGAAATT-1,Oligo MOG OPALIN,0.9671399289734622
CCACGTTGTGTTAAAG-1,Endo CLDN5 SLC7A5,0.11950540908164925
CCACTTGAGGCGCTTC-1,Endo CLDN5 SLC7A5,0.182140010168518
CCACTTGCAAACTCGT-1,L2-3 CUX2 NTNG1 PALMD,0.1164031976525326
CCACTTGCAAGTGCTT-1,L2-3 CUX2 NTNG1 PALMD,0.7750142364489472
CCACTTGCAATGACCT-1,Endo CLDN5 SLC7A5,0.7447819333204634
CCACTTGGTACCCAGC-1,Endo CLDN5 SLC7A5,0.9260169069676465
CCACTTGGTCACTCGG-1,Endo CLDN5 SLC7A5,0.976186716552665
CCACTTGGTTGAAGTA-1,Astro GFAP AQP1,0.9999977080973322
CCACTTGTCAACCTCC-1,Oligo MOG OPALIN,0.21545649230104677
CCACTTGTCACCCATC-1,Oligo MOG OPALIN,0.9991463635773552
CCACTTGTCACGGACC-1,Astro GFAP AQP1,0.7948388625673752
CCATAAGCAAGACCGA-1,Oligo MOG OPALIN,0.862030188255129
CCATAAGCACGAGGTA-1,Endo CLDN5 SLC7A5,0.03732529696821728
CCATAAGGTATACGGG-1,L6 OPRK1 THEMIS RGS6,0.03440501348810086
CCATAAGTCCAAGCAT-1,Oligo MOG OPALIN,0.9389491759153736
CCATAAGTCGGACTGC-1,Endo CLDN5 SLC7A5,0.5780717217169347
CCATCACGTCTTTATC-1,Endo CLDN5 SLC7A5,0.19206920150258366
CCATCACTCAACGCTA-1,Oligo MOG OPALIN,0.9995735772971284
CCATCACTCATTCTTG-1,Endo CLDN5 SLC7A5,0.03800782444851717
CCATCACTCCTTGGAA-1,InN SST FREM1,0.278683266361099
CCATCACTCGCTTACC-1,Oligo MOG OPALIN,0.9999964944779026
CCCAACTAGAAGTATC-1,Endo CLDN5 SLC7A5,0.7213113117158179
CCCAACTGTTACCTGA-1,Oligo MOG OPALIN,0.39536809966425196
CCCAACTTCTATCGCC-1,PC P2RY14 GRM8,0.9999989292912785
CCCATTGAGCAACAAT-1,Oligo MOG OPALIN,0.8048290522649663
CCCATTGAGCTCACTA-1,Endo CLDN5 SLC7A5,0.74311744968266
CCCATTGGTCGAAGCA-1,Astro AQP4 SLC1A2,0.9997589187155433
CCCGAAGAGCATGATA-1,PC P2RY14 GRM8,0.2051590519439243
CCCGAAGAGCCATTTG-1,Oligo MOG OPALIN,0.6881500637110125
CCCGAAGAGGACAAGA-1,Oligo MOG OPALIN,0.9734849574289348
CCCGAAGCATAACCCA-1,L6 OPRK1 THEMIS RGS6,0.11044716886428692
CCCGAAGCATTCTTCA-1,Endo CLDN5 SLC7A5,0.2161537403443373
CCCGAAGGTCACTTCC-1,Oligo MOG OPALIN,0.9999968146527741
CCCGAAGTCAGCATTG-1,OPC PDGFRA PCDH15,0.9999999999765703
CCCGAAGTCCTCGATC-1,Endo CLDN5 SLC7A5,0.2177671351169998
CCCGAAGTCGATTGAC-1,Oligo MOG OPALIN,0.8334109169908565
CCCGAAGTCTGCGATA-1,Astro AQP4 SLC1A2,0.9995920580682418
CCCGAAGTCTTGGCTC-1,Endo CLDN5 SLC7A5,0.3416255345455393
CCCGGAATCTCTAGGA-1,L3-5 RORB MKX GRIN3A,0.04891662192001413
CCCGGAATCTGGACTA-1,Endo CLDN5 SLC7A5,0.9543585399286539
CCCTAACAGAGTGACC-1,Endo CLDN5 SLC7A5,0.4641883219771572
CCCTAACCACCTCGTT-1,Oligo MOG OPALIN,0.08875675824079715
CCCTAACCAGCTGGTC-1,Endo CLDN5 SLC7A5,0.9493713576581951
CCCTAACCATGTGTCA-1,Endo CLDN5 SLC7A5,0.2541063260909195
CCCTAACGTCGAATGG-1,OPC PDGFRA PCDH15,0.999999999999998
CCCTAACGTGCTATTG-1,Oligo MOG OPALIN,0.9999988792991613
CCCTAACTCATGACAC-1,Oligo MOG OPALIN,0.3516409274355433
CCCTAACTCTAGTGTG-1,L3-5 RORB PCBP3 ARHGAP15,0.006418440082906215
CCCTAACTCTCAATCT-1,Endo CLDN5 SLC7A5,0.9926114509203073
CCCTAACTCTGTTCAT-1,L6 OPRK1 THEMIS RGS6,0.006375624910157884
CCCTCAAAGGAGAGGC-1,Oligo MOG OPALIN,0.3582381235267572
CCCTCAAAGTGGATTA-1,Endo CLDN5 SLC7A5,0.13373310126420804
CCCTCAACAGATTTCG-1,Oligo MOG OPALIN,0.9929661693713572
CCCTCAACATAGCTGT-1,Oligo MOG OPALIN,0.8475529383486881
CCCTCAACATCCTATT-1,Oligo MOG OPALIN,0.19585779273271361
CCCTCAATCCATACTT-1,L2-3 CUX2 NTNG1 PALMD,0.10173407005941064
CCCTCAATCCGATGCG-1,Endo CLDN5 SLC7A5,0.14826270921684373
CCCTCAATCTATTGTC-1,Oligo MOG OPALIN,0.997602199093352
CCCTCTCCATTGTACG-1,Endo CLDN5 SLC7A5,0.3248820088866663
CCCTCTCGTCATATGC-1,L2-3 CUX2 ACVR1C THSD7A,0.05263443750919976
CCCTCTCGTGGTCTTA-1,Micro P2RY12 APBB1IP,0.9717126190282084
CCCTCTCTCCATTTCA-1,Astro GFAP AQP1,0.9977361143666714
CCCTGATAGAAATCCA-1,L2-3 CUX2 ACVR1C THSD7A,0.0057646560663359376
CCCTGATAGTCTTCCC-1,Endo CLDN5 SLC7A5,0.6869863599297036
CCCTGATCACCACATA-1,L6 FEZF2 SYT6 ERBB4,0.009379034782909476
CCCTGATCACCGGTCA-1,Endo CLDN5 SLC7A5,0.7671404635458172
CCCTGATCAGTAGAAT-1,L3-5 RORB GABRG1 KCNH7,0.0373819069677258
CCCTGATGTTAGGGTG-1,Astro GFAP AQP1,0.8559936335172733
CCCTTAGAGCAACTTC-1,Endo CLDN5 SLC7A5,0.4317900079232588
CCCTTAGGTGATACAA-1,InN SST FREM1,0.26765936818001845
CCCTTAGGTGCACGCT-1,Micro P2RY12 GLDN,0.11699661597932322
CCCTTAGGTGCTGCAC-1,Oligo MOG OPALIN,0.7754003625171568
CCCTTAGTCAAATAGG-1,Oligo MOG OPALIN,0.5784990527836497
CCCTTAGTCTACTGCC-1,Oligo MOG OPALIN,0.9903748811434003
CCCTTAGTCTGGTTGA-1,Endo CLDN5 SLC7A5,0.8293193730422355
CCGAACGAGACAGCTG-1,Endo CLDN5 SLC7A5,0.1512773017802406
CCGAACGAGTCTAACC-1,Endo CLDN5 SLC7A5,0.35189885335756493
CCGAACGGTGTTGACT-1,Endo CLDN5 SLC7A5,0.9824667710938121
CCGAACGTCTTAGGAC-1,Endo CLDN5 SLC7A5,0.014131885944196032
CCGATCTAGAAACTCA-1,Oligo MOG OPALIN,0.9890703035507432
CCGATCTAGTGTCATC-1,L2-3 CUX2 NTNG1 PALMD,0.46644104110284457
CCGATCTGTCCACAGC-1,L6 OPRK1 THEMIS RGS6,0.045475281379383385
CCGATCTGTGAGAGGG-1,L3-5 RORB GABRG1 PTPRO,0.17062803516141237
CCGATCTTCACCCTCA-1,L2-3 CUX2 NTNG1 PALMD,0.14119027884734192
CCGATCTTCTTCTGGC-1,L2-3 CUX2 NTNG1 PALMD,0.05915607006490566
CCGATGGAGGCACTCC-1,Endo CLDN5 SLC7A5,0.2754781815620586
CCGATGGGTCATATGC-1,Oligo MOG OPALIN,0.2644058345697508
CCGATGGTCCTCTAGC-1,Oligo MOG OPALIN,0.5680710576959974
CCGCAAGAGATCCCAT-1,Endo CLDN5 SLC7A5,0.2862048452897346
CCGCAAGAGATGAAGG-1,Endo CLDN5 SLC7A5,0.9869418797127039
CCGCAAGAGGAGTATT-1,Endo CLDN5 SLC7A5,0.9217078049553318
CCGCAAGCACTGTCCT-1,Micro P2RY12 APBB1IP,0.294965593318754
CCGCAAGCAGGGATAC-1,Astro GFAP AQP1,0.27192515250119986
CCGCAAGCATCATCCC-1,OPC PDGFRA PCDH15,0.11372987277744773
CCGCAAGTCGCAATGT-1,Astro GFAP AQP1,0.999858269270037
CCGCAAGTCTCACTCG-1,Oligo MOG OPALIN,0.9914420777592798
CCGGACAAGTGCAGGT-1,InN SST FREM1,0.023898271703657666
CCGGACACAGGTGGAT-1,Astro GFAP AQP1,0.008624007913738968
CCGGACATCAGTCACA-1,Endo CLDN5 SLC7A5,0.10211419995270218
CCGGACATCATTGCTT-1,L6 OPRK1 THEMIS RGS6,0.21193808106049208
CCGGACATCCGCCTAT-1,Endo CLDN5 SLC7A5,0.10507093514990298
CCGGACATCCTGCCAT-1,Endo CLDN5 SLC7A5,0.061400506648119066
CCGGACATCGACATAC-1,L2-4 CUX2 RORB CLMN,0.011075507292771026
CCGGGTACATGTGGCC-1,L2-3 CUX2 NTNG1 PALMD,0.6626284134104835
CCGGGTAGTACGAAAT-1,Astro GFAP AQP1,0.3456933821777857
CCGGGTATCACTGATG-1,OPC PDGFRA PCDH15,0.9999999999585343
CCGGGTATCATGGGAG-1,Endo CLDN5 SLC7A5,0.988477407617196
CCGGGTATCGCTCCTA-1,Oligo MOG OPALIN,0.9991090269415631
CCGGTAGAGCAGCGAT-1,Astro GFAP AQP1,0.16420826257834717
CCGGTAGAGGTGCATG-1,Endo CLDN5 SLC7A5,0.33438440280469495
CCGGTAGGTCATGACT-1,Oligo MOG OPALIN,0.965629318171426
CCGGTAGGTTGCTCCT-1,Endo CLDN5 SLC7A5,0.09810543692941501
CCGGTAGTCCTGGGTG-1,Endo CLDN5 SLC7A5,0.6773034543109052
CCGGTAGTCTTAAGGC-1,Oligo MOG OPALIN,0.4199944044491308
CCGGTGAAGTTGTACC-1,Astro AQP4 SLC1A2,0.9866920542332908
CCGGTGACAAAGGGCT-1,Oligo MOG OPALIN,0.15945532183465225
CCGGTGACAGCTCGGT-1,Oligo MOG OPALIN,0.9995624494004782
CCGGTGAGTCTTACAG-1,Endo CLDN5 SLC7A5,0.5130151026216221
CCGGTGAGTGGACCTC-1,L2-3 CUX2 NTNG1 PALMD,0.2868060799067994
CCGGTGATCATTTACC-1,Endo CLDN5 SLC7A5,0.3468586853464845
CCGTAGGGTACTTCCC-1,Oligo MOG OPALIN,0.0686072343737797
CCGTAGGGTGCCTAAT-1,Endo CLDN5 IL1R1,0.01588907312586616
CCGTAGGTCACTCGAA-1,Oligo MOG OPALIN,0.7980312173064941
CCGTAGGTCAGCGGAA-1,Oligo MOG OPALIN,0.9913395415654505
CCGTGAGAGAACCGCA-1,Endo CLDN5 SLC7A5,0.010303858969721556
CCGTGAGAGACATACA-1,Endo CLDN5 SLC7A5,0.11115294043764319
CCGTGAGCAGCTTCCT-1,Endo CLDN5 SLC7A5,0.15858729692381734
CCGTGAGTCCTCTCTT-1,L2-3 CUX2 NTNG1 PALMD,0.8987584659436915
CCGTGAGTCGTTCGCT-1,Endo CLDN5 SLC7A5,0.773413450295906
CCGTTCACAAGTAGTA-1,Oligo MOG OPALIN,0.9996762166588373
CCGTTCACACAGCGCT-1,Micro P2RY12 GLDN,0.13044045547662014
CCGTTCACAGACCAAG-1,Oligo MOG OPALIN,0.9211532501046069
CCGTTCACATGATCTG-1,Oligo MOG OPALIN,0.03214619900478884
CCGTTCAGTAGCTTTG-1,Astro GFAP AQP1,0.9904890639854098
CCGTTCAGTCCGGTCA-1,Endo CLDN5 SLC7A5,0.9163459545679562
CCGTTCATCAAAGAAC-1,Oligo MOG OPALIN,0.7187037384680717
CCTAACCAGAACAAGG-1,Endo CLDN5 SLC7A5,0.01110373888196926
CCTAACCAGACAACTA-1,L2-3 CUX2 ACVR1C INHBA,0.1942700227203305
CCTAACCAGTCGAGGT-1,L2-3 CUX2 NTNG1 PALMD,0.4262266115300484
CCTAACCCACAAAGCG-1,InN SST FREM1,0.024266151973784598
CCTAACCGTTGCCGCA-1,Endo CLDN5 SLC7A5,0.035113836860613604
CCTAACCTCTTGGATG-1,Micro P2RY12 APBB1IP,0.5809452710467253
CCTAAGAAGGTGCTGA-1,Endo CLDN5 SLC7A5,0.12464760974466677
CCTAAGACACAATTCG-1,Oligo MOG OPALIN,0.9955080838358991
CCTAAGACACTTGTCC-1,Oligo MOG OPALIN,0.5216020474473229
CCTAAGACAGCAGTTT-1,L3-5 RORB MKX GRIN3A,0.06981177462080934
CCTAAGACAGGTACGA-1,Oligo MOG OPALIN,0.997604913749205
CCTAAGAGTCCGAAGA-1,Endo CLDN5 SLC7A5,0.19041053305738107
CCTAAGAGTCGAACAG-1,Oligo MOG OPALIN,0.9999728054328498
CCTAAGAGTGGTAATA-1,Astro AQP4 SLC1A2,0.9952632325366577
CCTAAGAGTTTCGTTT-1,Endo CLDN5 SLC7A5,0.016115052279667703
CCTAAGATCCAGTGTA-1,Endo CLDN5 SLC7A5,0.12250707729142661
CCTACGTAGTCTTCCC-1,Endo CLDN5 SLC7A5,0.06976332457715362
CCTACGTCAGCGAGTA-1,Oligo MOG OPALIN,0.7349027489886057
CCTACGTCATCATCCC-1,Oligo MOG OPALIN,0.9985041556441658
CCTACGTTCACTTGTT-1,Endo CLDN5 SLC7A5,0.7124849554381473
CCTATCGCAAAGACTA-1,Oligo MOG FRY,0.9997553316564592
CCTATCGCAAATGGAT-1,InN VIP CLSTN2,0.9281400105080844
CCTATCGCACTACTTT-1,Micro P2RY12 APBB1IP,0.989499112253961
CCTATCGTCCAGCACG-1,Oligo MOG OPALIN,0.10911725551481238
CCTATCGTCGGCTGTG-1,Oligo MOG OPALIN,0.9999801562991512
CCTATCGTCTCGGGAC-1,Endo CLDN5 SLC7A5,0.008273405233406396
CCTATCGTCTGCGGAC-1,L2-3 CUX2 NTNG1 COL5A2,0.03566878610652076
CCTCAACAGAAGCGGG-1,Micro P2RY12 APBB1IP,0.9990123532999905
CCTCAACAGGATATGT-1,Oligo MOG OPALIN,0.02539768257491022
CCTCAACCAAGAGTGC-1,Endo CLDN5 SLC7A5,0.13754704284383099
CCTCAACGTTGGACTT-1,Endo CLDN5 SLC7A5,0.8654086547970237
CCTCAACTCAGAACCT-1,Oligo MOG OPALIN,0.7834228162462997
CCTCAACTCCCTCGTA-1,Oligo MOG OPALIN,0.9890818465575744
CCTCACAAGAGCATAT-1,Endo CLDN5 SLC7A5,0.020920382232777927
CCTCACAAGCAAGTCG-1,Endo CLDN5 SLC7A5,0.44242039948960044
CCTCACAAGCAGTCTT-1,InN SST PLPP4,0.014493946457803995
CCTCACACAAGAAACT-1,InN SST ADAMTSL1,0.018355532584067396
CCTCACACAAGCGAGT-1,L2-3 CUX2 NTNG1 PALMD,0.5781660431736811
CCTCACACACACTTAG-1,Endo CLDN5 SLC7A5,0.6901928532186414
CCTCACACATGACGTT-1,Endo CLDN5 SLC7A5,0.7908935614535696
CCTCACAGTGTATTCG-1,SMC ACTA2 CRISPLD2,0.034587695960688204
CCTCACAGTTCATCTT-1,Endo CLDN5 SLC7A5,0.3095349863485296
CCTCACATCCAACCAA-1,Oligo MOG OPALIN,0.9999959060976804
CCTCACATCGGCATCG-1,Endo CLDN5 SLC7A5,0.5416645046691252
CCTCAGTAGTAGCTCT-1,Endo CLDN5 SLC7A5,0.4293260312914947
CCTCAGTAGTTCCGTA-1,Oligo MOG OPALIN,0.6586857948675326
CCTCAGTCACTTTAGG-1,Oligo MOG OPALIN,0.7510567903329144
CCTCAGTCATCGATCA-1,Oligo MOG OPALIN,0.9720426295752516
CCTCAGTGTCAGTCGC-1,Oligo MOG OPALIN,0.1584191279864322
CCTCAGTGTCGTCATA-1,Endo CLDN5 SLC7A5,0.3989879968807443
CCTCAGTGTGCACATT-1,Oligo MOG OPALIN,0.8598920754348411
CCTCAGTTCCACAAGT-1,Oligo MOG OPALIN,0.9999535935721665
CCTCATGAGTCTGTAC-1,Astro AQP4 SLC1A2,0.9997439051078661
CCTCATGGTAGCTTAC-1,Oligo MOG OPALIN,0.3124649586586313
CCTCATGGTGAGAGGG-1,Oligo MOG OPALIN,0.8143827453480673
CCTCATGTCTCGGGAC-1,Oligo MOG OPALIN,0.20840243748585016
CCTCATGTCTTTACAC-1,Endo CLDN5 SLC7A5,0.21319730510667356
CCTCCAAAGGCTATCT-1,L6 OPRK1 SMYD1 KCND2,0.05022682187037996
CCTCCTCAGATGAATC-1,Oligo MOG GSN,0.03287491392309248
CCTCCTCAGCCGGATA-1,Endo CLDN5 IL1R1,0.04565281883487684
CCTCCTCAGTTCCGTA-1,InN SST HTR2C,0.025028531674357635
CCTCCTCAGTTGTACC-1,Endo CLDN5 SLC7A5,0.7856636883678834
CCTCCTCCAGACCATT-1,Oligo MOG OPALIN,0.05978801011530633
CCTCCTCCATAACGGG-1,InN PVALB HPSE,0.13390967650562188
CCTCCTCCATAGGTTC-1,L2-3 CUX2 ACVR1C THSD7A,0.9965281282489912
CCTCCTCGTACCGCGT-1,Endo CLDN5 SLC7A5,0.2802343803118717
CCTCCTCTCACCATCC-1,Oligo MOG OPALIN,0.760227400843084
CCTCCTCTCACTACTT-1,Oligo MOG OPALIN,0.3283025815173788
CCTCTAGCAGCAGACA-1,Endo CLDN5 SLC7A5,0.6015925519076097
CCTCTAGGTAATGTGA-1,Endo CLDN5 SLC7A5,0.7515741179292149
CCTCTAGGTTGGCCTG-1,Oligo MOG OPALIN,0.10384706052532629
CCTCTAGTCCCGAACG-1,Oligo MOG OPALIN,0.014241653219710479
CCTCTCCAGCTCGGCT-1,Oligo MOG OPALIN,0.7815182569397402
CCTCTCCCACTGGCCA-1,Endo CLDN5 SLC7A5,0.9996891429434459
CCTCTCCGTCCCTAAA-1,Endo CLDN5 SLC7A5,0.6002882838738688
CCTCTCCTCCCTCATG-1,Oligo MOG OPALIN,0.973251422281958
CCTCTCCTCCGCACGA-1,Astro GFAP AQP1,0.033250945407848766
CCTCTCCTCTAGCCTC-1,Endo CLDN5 SLC7A5,0.9473665717701508
CCTCTCCTCTCTATAC-1,Endo CLDN5 SLC7A5,0.07899928154942042
CCTGCATAGACTCATC-1,Oligo MOG OPALIN,0.3009231831520548
CCTGCATAGCCGCACT-1,L2-3 CUX2 NTNG1 PALMD,0.23586676989530114
CCTGCATAGTTCGCAT-1,T SKAP1 CD247,0.9972652393723169
CCTGCATCACAGCTTA-1,Oligo MOG OPALIN,0.4372548078256713
CCTGCATGTCTTTATC-1,Endo CLDN5 SLC7A5,0.5335947525661539
CCTGCATGTTCCTAGA-1,Oligo MOG OPALIN,0.994654454485864
CCTGTTGGTATGGTTC-1,Astro GFAP AQP1,0.9999912087616404
CCTGTTGGTGCGTGCT-1,Endo CLDN5 SLC7A5,0.6451361212395966
CCTGTTGTCATCTATC-1,Endo CLDN5 SLC7A5,0.3832565284112527
CCTGTTGTCATGTCAG-1,Endo CLDN5 SLC7A5,0.946853291834063
CCTGTTGTCCCGGTAG-1,Oligo MOG FRY,0.1498270407856742
CCTGTTGTCTATCACT-1,Oligo MOG OPALIN,0.8567443851193987
CCTGTTGTCTGCCTGT-1,L2-4 CUX2 RORB CLMN,0.12324758285213268
CCTTCAGGTAAGGTCG-1,Oligo MOG OPALIN,0.9273016805636529
CCTTCAGGTAAGTAGT-1,Astro AQP4 SLC1A2,0.9999959317995795
CCTTCAGGTCCAGTTA-1,L2-3 CUX2 ACVR1C INHBA,0.13517962570690473
CCTTCAGGTGCAGATG-1,InN VIP ADAM12,0.9549845989249872
CCTTGTGAGCTCCGAC-1,Endo CLDN5 SLC7A5,0.18641820308725562
CCTTGTGGTTATGTGC-1,Endo CLDN5 SLC7A5,0.37035652719441625
CCTTGTGGTTCGATTG-1,Oligo MOG OPALIN,0.9914955103158315
CCTTGTGTCCTAGCCT-1,Oligo MOG OPALIN,0.38261676947174705
CCTTGTGTCGCCTATC-1,Astro GFAP AQP1,0.9996883162121184
CCTTTGGAGGAGGCAG-1,Oligo MOG OPALIN,0.6934345853614946
CCTTTGGCAAGAATAC-1,Oligo MOG OPALIN,0.08205650633030474
CCTTTGGCAATCAAGA-1,L2-3 CUX2 NTNG1 PALMD,0.09770901585586615
CCTTTGGCAGGTTCCG-1,Endo CLDN5 SLC7A5,0.04450994105772922
CCTTTGGGTAAGACCG-1,Oligo MOG OPALIN,0.7059366670191008
CCTTTGGGTGTACAGG-1,Astro GFAP AQP1,0.1452070721344122
CGAAGGATCAAGTAAG-1,InN LAMP5 RELN,0.9991551688924223
CGAAGGATCAGTGTGT-1,L6 FEZF2 NPFFR2 TPD52L1,0.029467887367223906
CGAAGTTAGACTTAAG-1,Oligo MOG OPALIN,0.9600878482277249
CGAAGTTCAGACCATT-1,InN SST ADAMTSL1,0.008755763326580977
CGAAGTTCAGCACGAA-1,Endo CLDN5 SLC7A5,0.08734545546129642
CGAAGTTGTGTTTCTT-1,Endo CLDN5 SLC7A5,0.5032794207708682
CGAAGTTGTTCAAACC-1,Endo CLDN5 SLC7A5,0.935759363993715
CGAAGTTTCAATCCAG-1,InN PVALB SNTB1,0.07239759899096962
CGAATTGAGACGGTTG-1,L2-3 CUX2 ACVR1C THSD7A,0.05006665065719533
CGAATTGCAACTAGAA-1,L2-3 CUX2 NTNG1 PALMD,0.16780539740892184
CGAATTGCACAGTCCG-1,Oligo MOG OPALIN,0.9996188100160807
CGAATTGGTCAGGAGT-1,L6 OPRK1 THEMIS RGS6,0.991685876685258
CGAATTGTCGCGCTGA-1,Oligo MOG OPALIN,0.3999968979038565
CGACAGCAGATGCCGA-1,Oligo MOG OPALIN,0.018965823658609438
CGACAGCAGGACGGAG-1,Endo CLDN5 SLC7A5,0.7391217641749925
CGACAGCCAAGTATAG-1,Endo CLDN5 SLC7A5,0.02329088981093453
CGACAGCCATGACTGT-1,Oligo MOG OPALIN,0.2299030093514553
CGACAGCTCAACACCA-1,L2-3 CUX2 NTNG1 PALMD,0.14609226832578942
CGAGAAGAGAGCAGCT-1,Oligo MOG OPALIN,0.12986052680956942
CGAGAAGAGATGTTCC-1,Astro GFAP AQP1,0.04395168107354891
CGAGAAGTCAAGTAAG-1,Oligo MOG OPALIN,0.9575943824816247
CGAGAAGTCTGGGAGA-1,Oligo MOG OPALIN,0.7723343987289374
CGAGGAACAAAGCACG-1,VLMC COL1A2 VLMCA8,0.4897397566596664
CGAGGAAGTCCATCTC-1,InN VIP ADAM12,0.012114608342470318
CGAGGAAGTTAAGACA-1,Oligo MOG OPALIN,0.29102688955371203
CGAGGAAGTTTAGAGA-1,Oligo MOG OPALIN,0.9997736129412316
CGAGGAATCGAGAAGC-1,Oligo MOG OPALIN,0.22361658242534743
CGAGGCTAGCTGACTT-1,Astro GFAP AQP1,0.9706414036015605
CGAGGCTGTTGCATCA-1,Endo CLDN5 SLC7A5,0.9549078281046757
CGAGGCTGTTTCGATG-1,Oligo MOG OPALIN,0.4415189363903531
CGAGGCTTCTCCCAAC-1,Endo CLDN5 SLC7A5,0.02966724025114507
CGAGTGCAGGCAGTCA-1,Endo CLDN5 SLC7A5,0.36675499389199134
CGAGTGCCACTCAGAT-1,Oligo MOG OPALIN,0.04445839550925457
CGAGTGCCAGCTGTAT-1,L3-5 RORB MKX GRIN3A,0.025107147240955464
CGAGTGCCAGGTACGA-1,Oligo MOG OPALIN,0.9999584687999334
CGAGTGCCATTGCCGG-1,Oligo MOG OPALIN,0.8553036157059483
CGAGTGCCATTGGCAT-1,Endo CLDN5 SLC7A5,0.09956117039420205
CGAGTGCGTTTCTTAC-1,Endo CLDN5 SLC7A5,0.13680077812092153
CGAGTTAGTGCATACT-1,Astro AQP4 SLC1A2,0.9995925686074062
CGATCGGTCATCTGTT-1,Endo CLDN5 SLC7A5,0.6829346384394147
CGATCGGTCCGGTTCT-1,Oligo MOG OPALIN,0.9855346120358534
CGATCGGTCTACCACC-1,Endo CLDN5 SLC7A5,0.12610857691152705
CGATCGGTCTCGTGAA-1,Endo CLDN5 SLC7A5,0.5720388259286336
CGATGCGAGCGGGTTA-1,Oligo MOG OPALIN,0.8939117254378172
CGATGCGAGTAAACAC-1,Micro P2RY12 APBB1IP,0.05064119361898869
CGATGCGAGTATAGAC-1,Oligo MOG GSN,0.05342304192185266
CGATGCGGTTCTAACG-1,Oligo MOG OPALIN,0.8189954005806724
CGATGCGTCGATTGAC-1,Oligo MOG OPALIN,0.9999233209632244
CGATGGCAGACGAGCT-1,Endo CLDN5 SLC7A5,0.9159132309055446
CGATGGCAGTCGGCCT-1,Endo CLDN5 SLC7A5,0.11677340115113667
CGATGGCTCACCTTGC-1,Endo CLDN5 SLC7A5,0.043461135484470656
CGATGGCTCCCTCGTA-1,Micro P2RY12 APBB1IP,0.13724197686127954
CGATGGCTCTCCTGAC-1,Endo CLDN5 SLC7A5,0.7568308697469944
CGATGGCTCTCGTTTA-1,Endo CLDN5 SLC7A5,0.4748604382647908
CGCAGGTAGATAGGGA-1,Oligo MOG OPALIN,0.0791143338550255
CGCAGGTAGCACCCAC-1,Oligo MOG OPALIN,0.9925099568400553
CGCAGGTGTCCTCAGG-1,Oligo MOG OPALIN,0.9998232193343713
CGCAGGTTCTACAGGT-1,Endo CLDN5 SLC7A5,0.9402327471006383
CGCATAAAGCATCGAG-1,Oligo MOG OPALIN,0.9999736441298192
CGCATAACACTGTCCT-1,Oligo MOG OPALIN,0.7720880003201125
CGCATAACAGAAGTTA-1,Oligo MOG OPALIN,0.9992860348417365
CGCATAACATAGAGGC-1,Oligo MOG OPALIN,0.3574193595489898
CGCATAACATTGGATC-1,Oligo MOG OPALIN,0.9575117032693262
CGCATAAGTAAGATTG-1,L6 OPRK1 THEMIS RGS6,0.46979822953119926
CGCATAAGTCCTCCTA-1,Endo CLDN5 SLC7A5,0.040232550258318754
CGCATAATCAATCTCT-1,Endo CLDN5 SLC7A5,0.9079362196444948
CGCATAATCGGAGTAG-1,Endo CLDN5 SLC7A5,0.3649737575366617
CGCATGGAGCATGTTC-1,Oligo MOG OPALIN,0.2109127803085296
CGCATGGAGTTACGGG-1,L3-5 RORB MKX GRIN3A,0.018105044187232477
CGCATGGCACGTCTCT-1,Endo CLDN5 IL1R1,0.0134318175473986
CGCATGGCAGTTGAAA-1,L2-3 CUX2 ACVR1C THSD7A,0.88209373183704
CGCATGGGTACCGGAA-1,Oligo MOG OPALIN,0.9729156483001316
CGCATGGGTGAGGCAT-1,Endo CLDN5 SLC7A5,0.16479159050832515
CGCATGGGTTCTCCCA-1,Endo CLDN5 SLC7A5,0.6504737979521185
CGCATGGGTTGCGGAA-1,Endo CLDN5 SLC7A5,0.6585279460821355
CGCATGGTCCTCTGCA-1,Oligo MOG OPALIN,0.9982858100814211
CGCCAGAAGCCTATCA-1,Oligo MOG OPALIN,0.2183973484954205
CGCCAGAAGGCATCGA-1,PC P2RY14 GRM8,0.9999999460782028
CGCCAGAAGTTGCCTA-1,Endo CLDN5 SLC7A5,0.3575398397638985
CGCCAGACACGCGCTA-1,L3-5 RORB GABRG1 PLCH1,0.022978535936002863
CGCCAGACAGCACAGA-1,Astro AQP4 SLC1A2,0.9999238557752415
CGCCAGAGTATGAGCG-1,Endo CLDN5 SLC7A5,0.441282651579258
CGCCAGAGTTGCATAC-1,Oligo MOG OPALIN,0.9794873203668372
CGCCATTAGGCCTAGA-1,Oligo MOG OPALIN,0.9770451691806122
CGCCATTCACCAGCTG-1,L6 FEZF2 SYT6 ERBB4,0.08474994457791711
CGCCATTCACCTCTGT-1,Endo CLDN5 SLC7A5,0.8574912144073742
CGCCATTCAGGTTCGC-1,Oligo MOG FRY,0.04729999628002443
CGCCATTCAGTAGTGG-1,Macro F13A1 COLEC12,0.9999933177415824
CGCCATTGTACTGTTG-1,Endo CLDN5 SLC7A5,0.9856718840032969
CGCCATTGTGAGTAAT-1,Oligo MOG OPALIN,0.9797967637951587
CGCCATTTCTACTCAT-1,Endo CLDN5 SLC7A5,0.083593556081251
CGCGTGAAGGCCTTCG-1,Oligo MOG OPALIN,0.9999297621740042
CGCGTGAAGTGAGTGC-1,Oligo MOG OPALIN,0.045322690332486607
CGCGTGACAGGAGGTT-1,InN VIP MEGF11 LHFP,0.9719086118581506
CGCGTGAGTCAAAGAT-1,Oligo MOG OPALIN,0.9976795547758517
CGCGTGAGTCAACGCC-1,Astro GFAP AQP1,0.9621611267347061
CGCGTGATCACGGACC-1,Astro GFAP AQP1,0.9978962009839506
CGGAACCAGAGCATTA-1,L2-4 CUX2 RORB CLMN,0.04972660090150951
CGGAACCCAAGGTCGA-1,Oligo MOG OPALIN,0.4918691781893236
CGGAACCCACTAGAGG-1,L2-3 CUX2 NTNG1 PALMD,0.06182133862986887
CGGAACCCACTAGTAC-1,Endo CLDN5 SLC7A5,0.9938798690366267
CGGAACCCATCACCAA-1,Oligo MOG OPALIN,0.9792106025077748
CGGAACCGTAGTTACC-1,L6 OPRK1 THEMIS RGS6,0.04489801064306002
CGGAACCGTGAGGAAA-1,Oligo MOG OPALIN,0.3791269702645332
CGGAACCTCATTCGGA-1,Astro GFAP FABP7,0.999618391230175
CGGAACCTCCGCGATG-1,Oligo MOG OPALIN,0.9055908785200252
CGGAACCTCTATCGTT-1,Endo CLDN5 SLC7A5,0.5351999323200934
CGGAACCTCTCACCCA-1,L6 FEZF2 SYT6 CDH9,0.08896088260192336
CGGAACCTCTCTAAGG-1,Oligo MOG OPALIN,0.2421223996828548
CGGAACCTCTGTACAG-1,Oligo MOG OPALIN,0.999811397432539
CGGAATTAGAATTCAG-1,Oligo MOG OPALIN,0.509413163808518
CGGAATTCAGCACCCA-1,Endo CLDN5 SLC7A5,0.6192771042461381
CGGAATTGTGGACAGT-1,OPC PDGFRA PCDH15,0.9999999999993459
CGGAATTGTGTGTACT-1,Endo CLDN5 SLC7A5,0.6601669629482786
CGGAATTTCCGATAAC-1,Endo CLDN5 SLC7A5,0.9866750735155543
CGGAATTTCGTCGCTT-1,L3-5 RORB GABRG1 PTPRO,0.03152552042909599
CGGACACGTACGGATG-1,L2-3 CUX2 NTNG1 PLCH1,0.07355384733525258
CGGACACGTATGACAA-1,Endo CLDN5 SLC7A5,0.28589474263203474
CGGACACGTCCGGTCA-1,Astro GFAP FABP7,0.016568549966613354
CGGACACGTCCTCCAT-1,Oligo MOG OPALIN,0.6836529377539322
CGGAGAAAGTAATCCC-1,InN SST PLPP4,0.29141873393605866
CGGAGAACATGTGCCG-1,L2-4 CUX2 RORB CLMN,0.01878753805387305
CGGAGAAGTGCGAGTA-1,Oligo MOG OPALIN,0.980453861862515
CGGAGAATCACGACTA-1,Astro AQP4 SLC1A2,0.02421955985500577
CGGAGAATCGCCAGAC-1,PC P2RY14 GRM8,0.9997646842781407
CGGCAGTCACATACTG-1,Endo CLDN5 SLC7A5,0.1191771733468623
CGGCAGTGTCCAGAAG-1,L2-3 CUX2 NTNG1 PALMD,0.3843961859820702
CGGCAGTTCAGGAAAT-1,Micro P2RY12 APBB1IP,0.9934282415303125
CGGCAGTTCCCGAATA-1,Endo CLDN5 SLC7A5,0.1428952707384263
CGGCAGTTCTCTCTAA-1,L2-3 CUX2 ACVR1C THSD7A,0.13660174391222965
CGGGACTAGACGGAAA-1,Oligo MOG OPALIN,0.8053309551770416
CGGGACTAGCCATTGT-1,Endo CLDN5 SLC7A5,0.043155069436412806
CGGGACTGTAGTCGGA-1,Endo CLDN5 SLC7A5,0.9060177856003296
CGGGACTGTCCACAGC-1,Oligo MOG OPALIN,0.010656637503318368
CGGGACTTCAAGCCTA-1,Endo CLDN5 SLC7A5,0.14245560649106762
CGGGACTTCAGCTTGA-1,Oligo MOG OPALIN,0.8306611730032687
CGGGACTTCCTGTTAT-1,Endo CLDN5 SLC7A5,0.9456490214825725
CGGGACTTCTCCCATG-1,Oligo MOG OPALIN,0.8158325881445664
CGGGCATAGAGGCGTT-1,Endo CLDN5 SLC7A5,0.8554013316229995
CGGGCATAGTTCGCAT-1,Oligo MOG OPALIN,0.008103117807403096
CGGGCATAGTTGCTCA-1,Oligo MOG OPALIN,0.3846252330289144
CGGGCATGTTTACCTT-1,L3-5 RORB GABRG1 PTPRO,0.1776375037368421
CGGGCATTCACTCCGT-1,VLMC COL1A2 SLC13A3,0.10036963224947477
CGGGCATTCGGATAAA-1,Oligo MOG OPALIN,0.06283290433023633
CGGGTCAAGGTAGTAT-1,Astro GFAP AQP1,0.19045769677281113
CGGGTCAGTCTGTCAA-1,Endo CLDN5 SLC7A5,0.05704872705512778
CGGGTCAGTGTTAAAG-1,Oligo MOG OPALIN,0.9974305652926462
CGGGTCATCGTTAGAC-1,Endo CLDN5 SLC7A5,0.830836608731377
CGGGTCATCGTTCATT-1,Endo CLDN5 SLC7A5,0.12553866548556414
CGGGTGTAGAGTTGTA-1,Endo CLDN5 SLC7A5,0.09159558046727244
CGGGTGTAGTTAACGA-1,Oligo MOG OPALIN,0.2824998135157134
CGGGTGTCAAAGACTA-1,Oligo MOG OPALIN,0.32903630810185663
CGGGTGTCAAATCGGG-1,Endo CLDN5 SLC7A5,0.36911970251867615
CGGGTGTCATCTCATT-1,L6 OPRK1 SMYD1 SNTB1,0.6341475782721985
CGGGTGTGTCGTCATA-1,Astro GFAP AQP1,0.8356582624334575
CGGGTGTTCTCATAGG-1,Endo CLDN5 SLC7A5,0.9802688731096342
CGGTCAGAGGTAGGCT-1,L2-3 CUX2 NTNG1 PALMD,0.9257811202661225
CGGTCAGCACTACTTT-1,Oligo MOG OPALIN,0.8953970294146523
CGGTCAGGTCTACAAC-1,Oligo MOG OPALIN,0.34386584225525185
CGGTCAGGTGTGTTTG-1,Oligo MOG OPALIN,0.9989768904913406
CGGTCAGTCAACGAGG-1,L3-5 RORB MKX DCC,0.05864965867968418
CGTAAGTCACTACAGT-1,Endo CLDN5 SLC7A5,0.5497080601418919
CGTAAGTGTGCCTGCA-1,Astro AQP4 SLC1A2,0.9999979634173087
CGTAAGTTCGCCGATG-1,Endo CLDN5 SLC7A5,0.9505820402359813
CGTAAGTTCTCCCATG-1,Endo CLDN5 SLC7A5,0.8754175959900561
CGTAATGAGCTGGAGT-1,Oligo MOG OPALIN,0.18130906481011952
CGTAATGCATCGAACT-1,InN SST FREM1,0.01725115223982483
CGTAATGGTCCAGCAC-1,Oligo MOG OPALIN,0.9999149999164124
CGTAATGTCTTCTGTA-1,Endo CLDN5 SLC7A5,0.063806155109737
CGTAGTAAGCGGCTCT-1,Oligo MOG OPALIN,0.9999873947376494
CGTAGTAAGGTCACCC-1,Oligo MOG GSN,0.9730870933027332
CGTAGTACACACTTAG-1,Endo CLDN5 SLC7A5,0.07398738721141643
CGTAGTACATCGTGGC-1,L2-3 CUX2 NTNG1 PALMD,0.5500820055747432
CGTAGTAGTCTGATCA-1,PC P2RY14 GRM8,0.9999953344020338
CGTAGTATCATTTACC-1,Endo CLDN5 SLC7A5,0.997054748494031
CGTAGTATCCCGTTCA-1,Endo CLDN5 SLC7A5,0.9273377895232633
CGTAGTATCGCCAACG-1,Micro P2RY12 APBB1IP,0.6569455075082362
CGTAGTATCGCTGCGA-1,L6 FEZF2 SYT6 PTPRT,0.053136087599466385
CGTCAAAAGAGGATGA-1,Astro GFAP AQP1,0.05978705036401346
CGTCAAAAGTAGCCAG-1,Endo CLDN5 SLC7A5,0.9660639540952985
CGTCAAAGTAGGTGCA-1,Endo CLDN5 SLC7A5,0.7501603194105532
CGTCAAATCAGGAAGC-1,Oligo MOG OPALIN,0.14554708277364806
CGTCAAATCGTGTTCC-1,Oligo MOG OPALIN,0.8694597179332113
CGTCCATTCCGAACGC-1,Oligo MOG OPALIN,0.12976646346584733
CGTCCATTCCGTCAAA-1,Oligo MOG OPALIN,0.3198235891482792
CGTCCATTCTCATTAC-1,Endo CLDN5 SLC7A5,0.19423476326851383
CGTGAATAGCGTTCCG-1,Endo CLDN5 SLC7A5,0.7743755641927683
CGTGAATAGGTAAAGG-1,L3-5 RORB MKX GRIN3A,0.09052552649017455
CGTGAATAGTAGCATA-1,Oligo MOG OPALIN,0.9905220363329178
CGTGAATCACCTGATA-1,Oligo MOG OPALIN,0.9987461418060244
CGTGAATGTGCGAGTA-1,Oligo MOG OPALIN,0.5942410310685102
CGTGAATGTTACCCAA-1,L3-5 RORB MKX GRIN3A,0.5565486588456504
CGTGAATTCCATCTGC-1,Endo CLDN5 SLC7A5,0.21002268968032567
CGTGAATTCGTCTACC-1,Endo CLDN5 SLC7A5,0.9988867281292818
CGTGATAAGATTGATG-1,Oligo MOG OPALIN,0.9493756808186987
CGTGATAAGCGAGAAA-1,Endo CLDN5 SLC7A5,0.045409672545223385
CGTGATAAGGACAAGA-1,Endo CLDN5 SLC7A5,0.08975565428331783
CGTGATACATGGAATA-1,Endo CLDN5 SLC7A5,0.7572019591877464
CGTGATATCCCGTTCA-1,Oligo MOG OPALIN,0.9772218523221057
CGTGATATCTCTCTAA-1,Endo CLDN5 SLC7A5,0.11556938982612164
CGTGCTTGTAGCGTAG-1,L6 OPRK1 THEMIS RGS6,0.01923641979530214
CGTGCTTGTCTAACGT-1,Oligo MOG FRY,0.03263897094225907
CGTGTCTGTTGCATCA-1,L2-3 CUX2 NTNG1 PALMD,0.48584919343917166
CGTGTCTTCTCATTTG-1,Micro P2RY12 APBB1IP,0.23333934206416726
CGTTAGAAGATGGTCG-1,Micro P2RY12 APBB1IP,0.5041617793898133
CGTTAGACAAATGCTC-1,Oligo MOG OPALIN,0.9986665912059715
CGTTAGACAGTGGCTC-1,Oligo MOG OPALIN,0.9166035294935805
CGTTAGAGTAGCTTTG-1,Oligo MOG OPALIN,0.11580278539819479
CGTTAGAGTCAGTCCG-1,Oligo MOG OPALIN,0.2716641536141951
CGTTAGAGTGACTAAA-1,Endo CLDN5 SLC7A5,0.3322956738207761
CGTTAGAGTTCTCACC-1,Endo CLDN5 SLC7A5,0.9936872189695274
CGTTAGATCACCGGTG-1,Astro GFAP AQP1,0.18262687453499227
CGTTCTGAGTATTGCC-1,Endo CLDN5 SLC7A5,0.2987458904444046
CGTTCTGTCTCCGTGT-1,Oligo MOG OPALIN,0.9996432642433555
CGTTGGGCAAATGCTC-1,Endo CLDN5 SLC7A5,0.5763341493146211
CGTTGGGCACCATTCC-1,Endo CLDN5 SLC7A5,0.0670589915928057
CGTTGGGCATGAATCC-1,Oligo MOG OPALIN,0.6722593115545282
CGTTGGGGTCCAAGAG-1,Oligo MOG OPALIN,0.10113423059934963
CGTTGGGGTGTCCTAA-1,Endo CLDN5 SLC7A5,0.9792791367475326
CGTTGGGGTTTCGATG-1,Astro GFAP AQP1,0.9999158093842488
CTAACCCGTACTCAAC-1,Endo CLDN5 SLC7A5,0.32080307278163284
CTAACCCTCCCATTTA-1,L3-5 RORB MKX DCC,0.08175700348872529
CTAACCCTCCGTTTCG-1,Oligo MOG OPALIN,0.9099356766966595
CTAACCCTCCTCTAAT-1,Oligo MOG OPALIN,0.9875434112705449
CTAACCCTCTTCACGC-1,L2-3 CUX2 NTNG1 PALMD,0.03444842789342304
CTAACTTTCCAGCCTT-1,L6 OPRK1 THEMIS RGS6,0.043298480831077145
CTAACTTTCGGAAACG-1,Oligo MOG OPALIN,0.9979717611937315
CTAAGTGAGTCTTCGA-1,Endo CLDN5 SLC7A5,0.6052822326769876
CTAAGTGCAACGGCTC-1,Endo CLDN5 SLC7A5,0.19686432259159914
CTAAGTGCACGTAGAG-1,L2-3 CUX2 NTNG1 PALMD,0.1479702355584043
CTAAGTGCACTTCATT-1,Endo CLDN5 SLC7A5,0.12371987651213318
CTAAGTGTCTCCGAAA-1,Endo CLDN5 SLC7A5,0.8874899789086118
CTAAGTGTCTCGAGTA-1,Oligo MOG OPALIN,0.99996254249919
CTACAGACAGAGCGTA-1,Endo CLDN5 SLC7A5,0.3977989280239551
CTACAGATCCAGTTCC-1,L3-5 RORB MKX GRIN3A,0.041505485986769466
CTACAGATCGAGCCTG-1,L2-3 CUX2 NTNG1 PALMD,0.18548649692929758
CTACAGATCGCCGATG-1,Endo CLDN5 SLC7A5,0.6835737296349086
CTACATTAGACGTCCC-1,Endo CLDN5 SLC7A5,0.10434481689178596
CTACATTAGCGATGCA-1,InN SST ADAMTSL1,0.024207687002465818
CTACATTCACATGACT-1,Endo CLDN5 SLC7A5,0.31591865050388646
CTACATTGTGCGAACA-1,Oligo MOG OPALIN,0.9677144975511556
CTACATTTCAAAGCCT-1,Endo CLDN5 SLC7A5,0.04211279976119336
CTACATTTCCGGCAAC-1,Endo CLDN5 SLC7A5,0.2575610106649412
CTACATTTCCTGCTAC-1,Oligo MOG OPALIN,0.9999937466140708
CTACCCAAGATGCAGC-1,Endo CLDN5 SLC7A5,0.3308257219262717
CTACCCACATGGCTGC-1,L6 FEZF2 SYT6 PTPRT,0.021512927879679043
CTACCCAGTATGCTAC-1,Astro AQP4 SLC1A2,0.2766314518516224
CTACCCAGTCAACACT-1,InN LAMP5 LHX6 TAC1,0.00512711369979321
CTACCCATCACCTCAC-1,Endo CLDN5 SLC7A5,0.976217168675809
CTACCCATCGCTTTAT-1,L3-5 RORB MKX DCC,0.05800822267267887
CTACCTGAGAATCCCT-1,L2-3 CUX2 NTNG1 PLCH1,0.03994694939070393
CTACCTGAGCAGGTCA-1,Oligo MOG OPALIN,0.16517152390471243
CTACCTGAGCCTCACG-1,Endo CLDN5 SLC7A5,0.506243203591089
CTACCTGCAGCATGCC-1,Endo CLDN5 SLC7A5,0.848460844690642
CTACCTGGTACGGTTT-1,Oligo MOG OPALIN,0.4897581329232426
CTACCTGTCGCAGAGA-1,Oligo MOG OPALIN,0.8812047397080299
CTACGGGAGCGTATGG-1,COP GPR17 SOX4,0.9821800865969361
CTACTATAGCTACAAA-1,Oligo MOG OPALIN,0.46934854765146716
CTACTATCATATCTGG-1,Endo CLDN5 SLC7A5,0.8457984001596189
CTACTATCATATGCGT-1,Astro AQP4 SLC1A2,0.27979764824283165
CTACTATTCATTGCCC-1,Oligo MOG OPALIN,0.9942721531397734
CTAGACACATGGAAGC-1,Oligo MOG OPALIN,0.998717232636795
CTAGACATCGGCCAAC-1,Endo CLDN5 SLC7A5,0.09129778571048298
CTAGGTAAGATTTGCC-1,L2-3 CUX2 NTNG1 COL5A2,0.053443772667492985
CTAGGTACACAGTCGC-1,L2-3 CUX2 NTNG1 PALMD,0.10340408820085462
CTAGGTAGTACTCGCG-1,Astro AQP4 SLC1A2,0.9947342824099691
CTAGGTAGTCACTACA-1,Endo CLDN5 SLC7A5,0.12276578327171604
CTAGGTAGTCTGTGGC-1,Micro P2RY12 APBB1IP,0.1969421155331483
CTAGGTATCAAGTCGT-1,OPC PDGFRA PCDH15,0.9999999999999993
CTAGGTATCCTTTGAT-1,Endo CLDN5 SLC7A5,0.2997796628859154
CTAGGTATCTAAGCCA-1,InN SST HS3ST5,0.9810566428313124
CTATAGGGTTATAGCC-1,Oligo MOG OPALIN,0.9568431106241987
CTATAGGTCACCTCAC-1,Endo CLDN5 SLC7A5,0.6581081839109117
CTATAGGTCCTGTAAG-1,Oligo MOG OPALIN,0.9489688813143256
CTATAGGTCGCCGATG-1,OPC PDGFRA PCDH15,0.6955695767468878
CTATCCGAGCGTTAGG-1,Endo CLDN5 SLC7A5,0.11853798075205964
CTATCCGAGGCCACCT-1,L6 OPRK1 THEMIS RGS6,0.9739022375861787
CTATCCGAGTTACGGG-1,PC P2RY14 GRM8,0.9998309517855667
CTATCCGGTATCGAAA-1,Astro GFAP FABP7,0.9785909244333832
CTATCCGTCCATGATG-1,InN SST TRPC7,0.8278018094963351
CTATCCGTCGTTGCCT-1,Endo CLDN5 SLC7A5,0.4783971154168584
CTATCTAAGATTGATG-1,Oligo MOG OPALIN,0.5974238784571739
CTATCTAAGGCATGCA-1,Endo CLDN5 SLC7A5,0.2276554669097071
CTATCTAAGGGATCAC-1,Endo CLDN5 SLC7A5,0.2386660705221415
CTATCTACATAGGAGC-1,Astro GFAP AQP1,0.030582943169418408
CTATCTAGTTAACAGA-1,Endo CLDN5 SLC7A5,0.041176314630108714
CTCAACCAGACTGGGT-1,Endo CLDN5 SLC7A5,0.12319556167137181
CTCAACCAGCCTTCTC-1,Astro AQP4 SLC1A2,0.9998684452024817
CTCAACCAGGGCATGT-1,Endo CLDN5 SLC7A5,0.9199467766183715
CTCAACCGTGGCGTAA-1,Oligo MOG OPALIN,0.014617768886893605
CTCAACCTCCTATGGA-1,Oligo MOG OPALIN,0.2503822679394989
CTCAAGACAGACCGCT-1,Astro GFAP AQP1,0.4789818949859036
CTCAAGAGTTGCTCAA-1,Oligo MOG OPALIN,0.20278258046024414
CTCAAGATCACCTGGG-1,Oligo MOG OPALIN,0.9812061750134249
CTCAATTAGTCTAACC-1,Oligo MOG OPALIN,0.9999989204018251
CTCAATTAGTGCGCTC-1,Oligo MOG OPALIN,0.24699116635524726
CTCAATTCACGTCGTG-1,Oligo MOG OPALIN,0.9999981114947052
CTCAATTGTCCAGTTA-1,L6 FEZF2 SYT6 CDH9,0.7496644539201825
CTCACTGAGAATCCCT-1,Endo CLDN5 SLC7A5,0.6844048412313649
CTCACTGAGCTCAGAG-1,L2-3 CUX2 NTNG1 PALMD,0.060258426649086316
CTCACTGAGGTAAACT-1,Oligo MOG OPALIN,0.9040037814742323
CTCACTGCAGAGGTTG-1,Oligo MOG OPALIN,0.1236663800482057
CTCACTGCAGAGTCAG-1,Astro GFAP AQP1,0.12453584176464012
CTCACTGGTAGAAACT-1,Micro P2RY12 APBB1IP,0.24418466821941226
CTCACTGGTCCTCCTA-1,Endo CLDN5 SLC7A5,0.04304233418570939
CTCACTGTCATTCATC-1,Oligo MOG OPALIN,0.016450198515868104
CTCACTGTCGGTTAGT-1,Astro AQP4 SLC1A2,0.9999863635895022
CTCACTGTCTGGAAGG-1,Endo CLDN5 SLC7A5,0.288646390410969
CTCACTGTCTTACGTT-1,Endo CLDN5 SLC7A5,0.2674505496812479
CTCAGAAAGTGACCTT-1,InN SST THSD7B,0.9990199417490487
CTCAGAAAGTTCCAGT-1,Oligo MOG OPALIN,0.9984205851521339
CTCAGAACACTTGGCG-1,Oligo MOG OPALIN,0.15961196917068188
CTCAGAATCCGTACGG-1,Endo CLDN5 SLC7A5,0.22432371780988325
CTCAGGGAGAGATTCA-1,Oligo MOG OPALIN,0.03450714584212258
CTCAGGGCAAGCAATA-1,InN SST STK32A,0.7264053698795314
CTCAGGGGTAGTCTTG-1,Oligo MOG OPALIN,0.25149952893353994
CTCAGGGGTCCATACA-1,Oligo MOG OPALIN,0.9808575335738753
CTCAGGGGTGTTCGAT-1,Oligo MOG OPALIN,0.9985011528453768
CTCAGGGTCATTTGCT-1,Endo CLDN5 SLC7A5,0.03488908585046669
CTCAGGGTCGGCATCG-1,Astro GFAP AQP1,0.23212637378452902
CTCAGGGTCGTCTACC-1,Astro AQP4 SLC1A2,0.9959494943485832
CTCAGTCTCGCCAGAC-1,Oligo MOG OPALIN,0.09900194413573205
CTCATCGAGGTGCTAG-1,Oligo MOG OPALIN,0.7470430210389398
CTCATCGAGGTGGGTT-1,Oligo MOG OPALIN,0.9999332288465942
CTCATCGCAATTTCTC-1,Endo CLDN5 SLC7A5,0.742959855625233
CTCATCGCAGCATTGT-1,Astro GFAP AQP1,0.9171603303065032
CTCATCGGTCCACTCT-1,Endo CLDN5 SLC7A5,0.90628063101494
CTCATCGGTGAATAAC-1,Oligo MOG OPALIN,0.26481323384679784
CTCATCGTCAATCCAG-1,Oligo MOG OPALIN,0.8923278647171389
CTCATCGTCTCGGGAC-1,Endo CLDN5 SLC7A5,0.5694882437299229
CTCATGCAGAGGCGTT-1,L6 OPRK1 THEMIS RGS6,0.20712360701240828
CTCATGCAGAGTCAGC-1,Oligo MOG OPALIN,0.577926023409286
CTCATGCAGCCTCACG-1,InN VIP ADAM12,0.9943129894478194
CTCATGCAGTTGGAGC-1,Endo CLDN5 SLC7A5,0.04838360534953539
CTCATGCCATACACCA-1,L3-5 RORB MKX GRIN3A,0.2655285671189801
CTCATGCGTGGCCTCA-1,Endo CLDN5 SLC7A5,0.12161461064883303
CTCATGCTCATCCTAT-1,L2-3 CUX2 NTNG1 PALMD,0.19365101172968882
CTCATGCTCCATTTAC-1,Oligo MOG OPALIN,0.40830135107122184
CTCATGCTCGCCACTT-1,Oligo MOG OPALIN,0.9934701650951372
CTCATGCTCGCTCTAC-1,Oligo MOG OPALIN,0.05145912016645439
CTCATGCTCTAGTACG-1,Oligo MOG OPALIN,0.9973875718784153
CTCATTACATTGCAAC-1,L3-5 RORB MKX GALR1,0.12420204507268548
CTCATTAGTCCACATA-1,Oligo MOG OPALIN,0.9985092689705939
CTCATTAGTGATAGTA-1,InN PVALB ANOS1,0.08105311884189455
CTCATTAGTGCATTTG-1,L2-3 CUX2 NTNG1 PALMD,0.8074974234297135
CTCATTAGTGGTCTTA-1,Astro GFAP AQP1,0.9987828710115175
CTCATTATCAGGGTAG-1,Endo CLDN5 SLC7A5,0.01545276510496822
CTCATTATCGATACGT-1,Astro AQP4 SLC1A2,0.999993726650142
CTCCAACAGAATCGTA-1,Oligo MOG OPALIN,0.3180392989177536
CTCCAACAGCGGTAAC-1,OPC PDGFRA PCDH15,0.9999999999999967
CTCCAACCACAAATAG-1,Oligo MOG FRY,0.34160079973938096
CTCCAACCAGATTCGT-1,Oligo MOG OPALIN,0.08720901917560014
CTCCAACCATGACGGA-1,Oligo MOG OPALIN,0.9999967717574297
CTCCAACTCCGTGGCA-1,InN PVALB ANOS1,0.1782097765636187
CTCCACAAGGTTAGTA-1,Oligo MOG OPALIN,0.9779000342072975
CTCCACAGTCAACCAT-1,Oligo MOG OPALIN,0.9999523801486874
CTCCACAGTCACAATC-1,Endo CLDN5 SLC7A5,0.9874085399047323
CTCCACATCACTGGTA-1,Endo CLDN5 SLC7A5,0.5919342509205414
CTCCACATCTTCGTGC-1,Oligo MOG OPALIN,0.6492952596323355
CTCCATGCACAGGATG-1,L2-3 CUX2 NTNG1 PALMD,0.06359454421104413
CTCCATGCAGCTGCCA-1,Oligo MOG OPALIN,0.6548277296992574
CTCCATGGTCTCACGG-1,InN PVALB PDE3A,0.08016034913558856
CTCCCAAAGCTGTTCA-1,Astro GFAP AQP1,0.18938498532501646
CTCCCAAGTGGGTCAA-1,OPC PDGFRA PCDH15,0.9999999999999964
CTCCCTCAGGTCTGGA-1,Oligo MOG OPALIN,0.9998949434950403
CTCCCTCCAGCTTCGG-1,Astro GFAP FABP7,0.9620285326310005
CTCCCTCGTCTTGTCC-1,InN SST FREM1,0.6814278280790287
CTCCGATCAGTCTACA-1,Oligo MOG OPALIN,0.9995125002732468
CTCCGATCATCCGGCA-1,Oligo MOG OPALIN,0.8181624006870537
CTCCGATTCCACCCTA-1,Oligo MOG GSN,0.053612596267328914
CTCCGATTCCATCACC-1,L3-5 RORB PCBP3 ARHGAP15,0.12157686038180823
CTCCGATTCTACTGAG-1,Astro GFAP AQP1,0.9999941984349668
CTCCTCCCAGAAATCA-1,L3-5 RORB MKX GRIN3A,0.10797797801405903
CTCCTCCCATGTTACG-1,Endo CLDN5 SLC7A5,0.07628301882872544
CTCCTCCTCAGTCATG-1,Oligo MOG OPALIN,0.999987500600385
CTCCTTTAGCAATTCC-1,Endo CLDN5 SLC7A5,0.2973009773767103
CTCCTTTCACCATAAC-1,Oligo MOG GSN,0.9859397212256166
CTCCTTTCACGAAAGC-1,InN SST TRPC7,0.40908560318354353
CTCCTTTGTATTTCCT-1,Oligo MOG OPALIN,0.9265065911593681
CTCCTTTGTGCAAGAC-1,Oligo MOG FRY,0.20148171301068835
CTCCTTTTCAGCAATC-1,Oligo MOG OPALIN,0.9997989755750365
CTCCTTTTCAGCCTTC-1,Astro GFAP FABP7,0.19002569511819045
CTCGAGGAGACTGGGT-1,Endo CLDN5 SLC7A5,0.1594687166994754
CTCGAGGAGCATGCGA-1,L3-5 RORB MKX GRIN3A,0.02615246992491593
CTCGAGGTCTGGTGCG-1,Endo CLDN5 SLC7A5,0.6288945680167928
CTCTCAGAGAAGCGAA-1,Endo CLDN5 SLC7A5,0.5822224889779151
CTCTCAGAGCGAGAAA-1,Endo CLDN5 SLC7A5,0.5818895601478248
CTCTCAGAGCGATCGA-1,InN VIP CLSTN2,0.9979758194230006
CTCTCAGAGGTAACTA-1,L2-3 CUX2 NTNG1 PALMD,0.20549845405000564
CTCTCAGAGTGGGAAA-1,Oligo MOG OPALIN,0.01898306301784472
CTCTCAGCAATCACGT-1,Oligo MOG OPALIN,0.34080209581844134
CTCTCAGCACTGTGTA-1,Endo CLDN5 SLC7A5,0.8191582560443309
CTCTCAGCAGGTGAGT-1,Endo CLDN5 SLC7A5,0.504013366864394
CTCTCAGGTAGAATAC-1,Oligo MOG OPALIN,0.06563651481648643
CTCTCAGGTGGTTTAC-1,L2-4 CUX2 RORB CLMN,0.04175922330943594
CTCTCAGTCAATCTCT-1,InN ADARB2 COL5A2,0.11268316515050797
CTCTCAGTCAGGAACG-1,L2-3 CUX2 NTNG1 PALMD,0.05690266179589467
CTCTCAGTCTTGCAGA-1,Endo CLDN5 SLC7A5,0.2915822059786893
CTCTCGACACCTGCAG-1,Endo CLDN5 SLC7A5,0.40114398526601536
CTCTCGATCCTAAGTG-1,L2-3 CUX2 NTNG1 PALMD,0.48179204295388606
CTCTCGATCGTAGTGT-1,Astro GFAP AQP1,0.6627092379366385
CTCTGGTCACCTTCGT-1,Endo CLDN5 SLC7A5,0.2488326207365036
CTCTGGTCATAGGCGA-1,Endo CLDN5 SLC7A5,0.11721381200491378
CTCTGGTTCCATCAGA-1,Endo CLDN5 SLC7A5,0.8988845154459076
CTCTGGTTCTGCTCTG-1,Endo CLDN5 SLC7A5,0.43550452629692626
CTGAATGCAAATCCCA-1,Astro AQP4 SLC1A2,0.8972573455136744
CTGAATGCAAGTTGGG-1,Oligo MOG OPALIN,0.45765625047803626
CTGAATGCACAAACGG-1,Oligo MOG OPALIN,0.7599356555185065
CTGAATGGTATTAAGG-1,Endo CLDN5 SLC7A5,0.5223720966174276
CTGAATGTCAAAGAAC-1,Oligo MOG FRY,0.9155424508399777
CTGAATGTCACTTGGA-1,Oligo MOG OPALIN,0.7188060086551008
CTGAATGTCCGGACTG-1,Micro P2RY12 APBB1IP,0.9999843906336946
CTGAGCGAGACCATGG-1,Endo CLDN5 SLC7A5,0.20198517869981464
CTGAGCGAGAGTCAAT-1,Endo CLDN5 SLC7A5,0.2899546163349485
CTGAGCGAGTTGCGCC-1,Oligo MOG OPALIN,0.6640174967322918
CTGAGCGCACCCTCTA-1,PC P2RY14 GRM8,0.9998552235301571
CTGAGCGGTATCATGC-1,Oligo MOG OPALIN,0.9398821618893664
CTGAGCGGTCTTCAAG-1,Oligo MOG OPALIN,0.6277914222466234
CTGAGCGGTTACACTG-1,Oligo MOG OPALIN,0.9999245266748629
CTGAGCGTCAAAGGTA-1,Endo CLDN5 SLC7A5,0.9942102337481632
CTGAGGCAGAGCCCAA-1,Endo CLDN5 SLC7A5,0.3361073112521521
CTGAGGCAGAGTGAAG-1,Oligo MOG OPALIN,0.9788011172963347
CTGAGGCCAATCGCCG-1,Astro GFAP AQP1,0.21642377036000413
CTGAGGCCATGGCTAT-1,Endo CLDN5 SLC7A5,0.06183525167366481
CTGAGGCGTACTGACT-1,Astro GFAP AQP1,0.061560857131133996
CTGAGGCGTCATAAAG-1,Oligo MOG OPALIN,0.3023330818162624
CTGAGGCGTGGTAATA-1,Endo CLDN5 SLC7A5,0.9912405328010556
CTGAGGCTCCTACACC-1,Astro GFAP FABP7,0.04869223561562515
CTGAGGCTCTTCGACC-1,Oligo MOG OPALIN,0.9170949994259291
CTGATCCAGAGCCGTA-1,Astro GFAP AQP1,0.9998324489545155
CTGATCCAGTCAAGCG-1,Oligo MOG OPALIN,0.09455890425889843
CTGATCCCACCCTCTA-1,Endo CLDN5 SLC7A5,0.8437566646084591
CTGATCCTCAGGACGA-1,Micro P2RY12 APBB1IP,0.15270246281098918
CTGATCCTCAGTCATG-1,Oligo MOG OPALIN,0.9998791578204423
CTGATCCTCATAGCAC-1,InN PVALB ANOS1,0.05432773204451731
CTGCAGGCAGGTGAGT-1,Oligo MOG OPALIN,0.9999991389015134
CTGCAGGCATCGCTGG-1,Oligo MOG OPALIN,0.9634079754308029
CTGCAGGTCTTGATTC-1,Endo CLDN5 SLC7A5,0.7766687505419886
CTGCATCAGACTAAGT-1,L2-4 CUX2 RORB CLMN,0.16545178117658757
CTGCATCAGCGTATAA-1,InN VIP FREM2,0.02875531468946186
CTGCATCCAAGGTCAG-1,PC P2RY14 GRM8,0.9999960749809053
CTGCATCCACCAGCGT-1,Astro GFAP AQP1,0.03703929738663869
CTGCATCCACTGTTCC-1,Micro P2RY12 APBB1IP,0.6462189974978527
CTGCATCGTACTAGCT-1,Micro P2RY12 APBB1IP,0.14754283673675964
CTGCATCTCGCGGTAC-1,Endo CLDN5 SLC7A5,0.7561428721962593
CTGCCATAGATTGTGA-1,Oligo MOG OPALIN,0.3333361455935265
CTGCCATAGGTGGCTA-1,Endo CLDN5 SLC7A5,0.9507730624660481
CTGCCATAGGTTCCAT-1,Astro GFAP FABP7,0.999987727852239
CTGCCATAGTCCTGTA-1,Oligo MOG OPALIN,0.9518745694608024
CTGCCATGTCAAACGG-1,Oligo MOG OPALIN,0.8660077930895014
CTGCCATTCCGTGGCA-1,InN VIP CLSTN2,0.6347591080569126
CTGCCATTCCTTTGAT-1,Astro GFAP AQP1,0.059070007893125345
CTGCCTATCGATGCAT-1,Oligo MOG OPALIN,0.9996771057023887
CTGCGAGAGACATAAC-1,Endo CLDN5 SLC7A5,0.6255257926889242
CTGCGAGCAATTCTTC-1,L2-3 CUX2 NTNG1 PALMD,0.06230400540549132
CTGCGAGCACAACGTT-1,Oligo MOG OPALIN,0.99996288857349
CTGCGAGGTCGAGATG-1,L2-3 CUX2 NTNG1 COL5A2,0.031834694917109316
CTGCGAGGTCGCATTA-1,Astro GFAP AQP1,0.7120639408574473
CTGCGAGTCAGAGCAG-1,Oligo MOG OPALIN,0.5977387302449123
CTGCGAGTCATGAGTC-1,Endo CLDN5 SLC7A5,0.4903751263640615
CTGCGAGTCATTTCCA-1,InN SST FREM1,0.02866641338311891
CTGCTCAAGGTGAGAA-1,Astro GFAP AQP1,0.08229448223007935
CTGCTCAGTTGAGTCT-1,Endo CLDN5 SLC7A5,0.9907276777329518
CTGCTCATCAGACCCG-1,Oligo MOG OPALIN,0.8868372896432242
CTGCTCATCATGCGGC-1,Astro AQP4 SLC1A2,0.9849445540867663
CTGCTCATCGCCTAGG-1,Endo CLDN5 SLC7A5,0.07490215209040285
CTGGACGAGGAGACCT-1,Endo CLDN5 SLC7A5,0.4467755719678675
CTGGACGAGTGATTCC-1,Oligo MOG OPALIN,0.9876622072161685
CTGGACGCACTCCTGT-1,Oligo MOG OPALIN,0.03040836563347657
CTGGACGCATCCTAAG-1,L6 FEZF2 NPFFR2 KCNK2,0.0324221911221859
CTGGACGGTACAAGCG-1,Endo CLDN5 SLC7A5,0.054440422750802304
CTGGACGTCATTCACT-1,Endo CLDN5 SLC7A5,0.34173455006418774
CTGGACGTCCCTCATG-1,Oligo MOG OPALIN,0.9988415453310105
CTGGACGTCTCCCATG-1,Oligo MOG OPALIN,0.8520009509981233
CTGGCAGAGCGTCTGC-1,Oligo MOG OPALIN,0.9376838453736719
CTGGCAGAGGTTAGTA-1,Astro GFAP AQP1,0.2516303637559533
CTGGCAGAGTGCAACG-1,L3-5 RORB PCBP3 IL1RAPL2,0.007376461464937433
CTGGCAGCACGACGCT-1,Endo CLDN5 SLC7A5,0.3332941428954728
CTGGCAGTCCGATTAG-1,Oligo MOG OPALIN,0.8397135054958587
CTGGCAGTCCTGTAAG-1,Endo CLDN5 SLC7A5,0.9194786397802821
CTGGCAGTCCTTATCA-1,L3-5 RORB MKX DCC,0.7817473422695892
CTGGTCTCACGCGGTT-1,Oligo MOG OPALIN,0.9530059758405585
CTGGTCTGTACACGTT-1,L6 OPRK1 THEMIS RGS6,0.5357659350130853
CTGGTCTGTCGAATTC-1,Astro GFAP AQP1,0.08945976665589478
CTGGTCTGTTGCAAGG-1,Endo CLDN5 SLC7A5,0.22536351224804776
CTGGTCTTCACTGTCC-1,Endo CLDN5 SLC7A5,0.3913870980908253
CTGTACCCACGCGGTT-1,Oligo MOG OPALIN,0.8540266146481835
CTGTACCTCATAAGGA-1,Endo CLDN5 SLC7A5,0.6194729677962342
CTGTACCTCGGAGATG-1,L2-3 CUX2 ACVR1C THSD7A,0.04497283738434175
CTGTAGACAACTGGTT-1,Endo CLDN5 SLC7A5,0.502976077161382
CTGTAGAGTGTACATC-1,Endo CLDN5 SLC7A5,0.9980742663906342
CTGTATTAGCGCAATG-1,Oligo MOG OPALIN,0.7990745088695417
CTGTATTAGCGTATAA-1,L6 OPRK1 THEMIS RGS6,0.05248805520234231
CTGTATTCACCAGTTA-1,Oligo MOG OPALIN,0.9998723100617348
CTGTATTTCCACTGAA-1,Micro P2RY12 APBB1IP,0.24001762248877584
CTGTCGTCACTACCGG-1,InN VIP MEGF11 LHFP,0.9935887884684943
CTGTCGTGTTCGGGTC-1,Endo CLDN5 SLC7A5,0.8784726903028388
CTGTCGTTCGAGTCCG-1,Endo CLDN5 SLC7A5,0.6568120744472498
CTGTGAAAGGCACTCC-1,Endo CLDN5 SLC7A5,0.9962505673319619
CTGTGAACAGAGGTAC-1,Endo CLDN5 SLC7A5,0.09002441678003174
CTGTGAACATCGATGT-1,Astro GFAP AQP1,0.10042900623713479
CTGTGAAGTCCAATCA-1,Endo CLDN5 SLC7A5,0.07584893663840973
CTGTGAAGTGCAGGAT-1,Endo CLDN5 SLC7A5,0.999694187723862
CTGTGAATCACCTGTC-1,Oligo MOG OPALIN,0.3492174419532483
CTGTGAATCGCATGAT-1,Oligo MOG OPALIN,0.999999150275393
CTGTGGGAGACCCTTA-1,Endo CLDN5 SLC7A5,0.9904513404157471
CTGTGGGAGTAGGTTA-1,Endo CLDN5 SLC7A5,0.048808211429927535
CTGTGGGGTGGACCAA-1,Endo CLDN5 SLC7A5,0.7271351506534478
CTGTGGGTCCGAAATC-1,Astro GFAP AQP1,0.5671729458415294
CTGTGGGTCCTTCACG-1,Endo CLDN5 IL1R1,0.08719102828394398
CTGTGGGTCGTCTCAC-1,Endo CLDN5 SLC7A5,0.10486503111465299
CTGTGGGTCTCGAACA-1,Micro P2RY12 APBB1IP,0.01876205304551886
CTTACCGAGGGCAGGA-1,L2-3 CUX2 NTNG1 PLCH1,0.13955123047470355
CTTACCGCAATTGTGC-1,InN LAMP5 MEIS2,0.019276407921002003
CTTACCGCACAACGTT-1,Oligo MOG OPALIN,0.9971145629912392
CTTACCGCAGCTGCCA-1,Astro GFAP AQP1,0.10409869078249023
CTTACCGGTACGTACT-1,Endo CLDN5 SLC7A5,0.13691861067733369
CTTACCGGTAGCTTTG-1,Astro GFAP AQP1,0.34709153572550566
CTTACCGGTAGGAAAG-1,Endo CLDN5 SLC7A5,0.4483309214757348
CTTACCGGTCTGTAAC-1,Endo CLDN5 SLC7A5,0.2795083504082091
CTTACCGTCACTACTT-1,L2-3 CUX2 NTNG1 PALMD,0.8718787002372792
CTTAGGAAGTCTGGTT-1,L2-3 CUX2 NTNG1 COL5A2,0.13479473808921835
CTTAGGACAATTTCTC-1,Endo CLDN5 SLC7A5,0.9999809155609486
CTTAGGATCAGCTCTC-1,Endo CLDN5 SLC7A5,0.25603933552907476
CTTCAATAGGTAAAGG-1,Endo CLDN5 SLC7A5,0.03331076198187946
CTTCAATCAAATGGTA-1,Astro AQP4 SLC1A2,0.9891165536545758
CTTCAATCACAGTCAT-1,Oligo MOG OPALIN,0.9976254595232068
CTTCAATGTACACGTT-1,Micro P2RY12 APBB1IP,0.9438574702113459
CTTCAATGTTGTGTTG-1,Endo CLDN5 SLC7A5,0.8180920528182964
CTTCCGAAGACGGAAA-1,Macro F13A1 COLEC12,0.011251777083152387
CTTCCGAAGCTACAAA-1,Astro GFAP AQP1,0.02781746436765754
CTTCCGACACTTGAGT-1,Oligo MOG OPALIN,0.8182514145109736
CTTCCTTAGCAGGCTA-1,Endo CLDN5 SLC7A5,0.8617736563785294
CTTCCTTCAATAGAGT-1,Oligo MOG OPALIN,0.14032801355818314
CTTCCTTCACTGGATT-1,Endo CLDN5 SLC7A5,0.1873955650654081
CTTCCTTTCGATCCCT-1,Oligo MOG OPALIN,0.9999107883061487
CTTCGGTAGATTCGAA-1,Endo CLDN5 SLC7A5,0.5238188720064422
CTTCGGTAGCTTTCTT-1,Astro AQP4 SLC1A2,0.06934797333803715
CTTCGGTCACAACGAG-1,L2-3 CUX2 ARHGAP18,0.1810235790984431
CTTCGGTCATGACTTG-1,Oligo MOG OPALIN,0.8631412160735381
CTTCGGTGTACCCAGC-1,Endo CLDN5 SLC7A5,0.07732515140552834
CTTCGGTGTCGCGTTG-1,L3-5 RORB GABRG1 PTPRO,0.12388657207615993
CTTCGGTGTTGGCCTG-1,Astro GFAP AQP1,0.9999893326366445
CTTCGGTTCACTTTGT-1,L3-5 RORB MKX GALR1,0.6502945484297962
CTTCGGTTCCGGCAGT-1,Endo CLDN5 SLC7A5,0.9975807236815128
CTTCGGTTCGCTCCTA-1,Endo CLDN5 SLC7A5,0.9427103817408127
CTTCTAACAAGTTCCA-1,Oligo MOG OPALIN,0.427940341113212
CTTCTAACACGTCATA-1,L2-3 CUX2 NTNG1 PALMD,0.10644429353249306
CTTCTAACATAGACTC-1,Oligo MOG OPALIN,0.6679218140268205
CTTCTAACATTAAGCC-1,Oligo MOG OPALIN,0.9536459511720615
CTTCTAAGTGAGTTGG-1,Oligo MOG OPALIN,0.9997422630150758
CTTCTAAGTGATCATC-1,Oligo MOG OPALIN,0.23045222711467697
CTTCTAATCACCTCGT-1,L6 OPRK1 THEMIS RGS6,0.5007466536749136
CTTCTAATCATGAGGG-1,Oligo MOG OPALIN,0.9999954004904664
CTTCTAATCGCATTGA-1,Oligo MOG OPALIN,0.9226870380076718
CTTCTCTAGACATACA-1,Endo CLDN5 SLC7A5,0.42277158374067686
CTTCTCTAGCCACAAG-1,Endo CLDN5 SLC7A5,0.2802173136804748
CTTCTCTAGTAAACTG-1,Astro GFAP AQP1,0.3391304633358084
CTTCTCTCAGGAATCG-1,InN SST TRPC7,0.021271932033123764
CTTCTCTGTATCGTAC-1,Oligo MOG OPALIN,0.5514464447563358
CTTCTCTGTCCAATCA-1,Endo CLDN5 SLC7A5,0.9833403313029416
CTTCTCTGTCTACAAC-1,Astro GFAP AQP1,0.09993288380824987
CTTCTCTTCAAGAATG-1,L2-3 CUX2 ACVR1C THSD7A,0.0617134011895383
CTTCTCTTCCATATGG-1,Endo CLDN5 SLC7A5,0.3141671458161913
CTTCTCTTCCGAACGC-1,Endo CLDN5 SLC7A5,0.9622937833927645
CTTCTCTTCGAGAGAC-1,Endo CLDN5 SLC7A5,0.9242926725676001
CTTGAGAAGAAGCGCT-1,Endo CLDN5 SLC7A5,0.017064838174417646
CTTGAGACAGTAGATA-1,Endo CLDN5 SLC7A5,0.8674378761733755
CTTGAGATCAGACAAA-1,Oligo MOG OPALIN,0.1088880672456705
CTTGAGATCCACAAGT-1,Endo CLDN5 SLC7A5,0.08047566616390281
CTTGAGATCCATGATG-1,Oligo MOG OPALIN,0.0865865665316761
CTTGAGATCGACGTCG-1,Astro GFAP FABP7,0.08838721186356907
CTTGAGATCGATCCAA-1,Oligo MOG OPALIN,0.02170484805328224
CTTGAGATCTCTCAAT-1,Oligo MOG OPALIN,0.48059020962763305
CTTGATTAGTCGGCAA-1,Micro P2RY12 APBB1IP,0.9799873073137935
CTTGATTCACAAAGTA-1,Endo CLDN5 SLC7A5,0.9630333126555853
CTTGATTGTTCCGTTC-1,InN LAMP5 ADAMTS20,0.040390992289062545
CTTTCAAGTTACAGCT-1,Astro AQP4 SLC1A2,0.9913455956295504
CTTTCAATCGGCACTG-1,Astro GFAP AQP1,0.048876510694737314
CTTTCGGAGCTTAGTC-1,InN PVALB ANOS1,0.016276992690255176
CTTTCGGCAAGTCATC-1,Endo CLDN5 SLC7A5,0.9766970749284674
CTTTCGGCACTAACCA-1,Oligo MOG OPALIN,0.9999899873041523
CTTTCGGGTGTATTCG-1,Astro AQP4 OSMR,0.02502318220469571
GAAACCTCACACACGC-1,L3-5 RORB MKX GRIN3A,0.006163424205998638
GAAACCTCACCCAACG-1,Oligo MOG OPALIN,0.11999918819606513
GAAACCTCATGTACGT-1,Oligo MOG OPALIN,0.8026778896050872
GAAATGAAGTAAGCAT-1,Endo CLDN5 SLC7A5,0.8617385652559162
GAAATGACAAACACCT-1,Astro GFAP AQP1,0.020685678064767034
GAAATGACAGCTTTCC-1,Endo CLDN5 SLC7A5,0.44414861550799206
GAAATGACATTGACAC-1,Oligo MOG OPALIN,0.9263955231618412
GAAATGAGTAACGTTC-1,Endo CLDN5 SLC7A5,0.8982700471767474
GAAATGAGTTATTCTC-1,Astro GFAP FABP7,0.9998149747101729
GAAATGATCTCCCATG-1,Endo CLDN5 SLC7A5,0.06784661877036868
GAACACTAGAGTCAGC-1,Endo CLDN5 SLC7A5,0.36896252671506524
GAACACTAGCACTGGA-1,Oligo MOG OPALIN,0.8392290632073945
GAACACTAGTCGCCAC-1,L2-3 CUX2 NTNG1 PALMD,0.010021326326562816
GAACACTCACAGCTGC-1,Oligo MOG OPALIN,0.522923712539637
GAACACTGTCCTCCAT-1,Endo CLDN5 SLC7A5,0.6298720112254306
GAACACTGTTCAGCGC-1,L2-3 CUX2 NTNG1 PALMD,0.16404753971502128
GAACGTTAGCGAACTG-1,Endo CLDN5 SLC7A5,0.0900875345731317
GAACGTTGTAGTCTGT-1,Oligo MOG GSN,0.7708484313133708
GAACGTTGTGTGTACT-1,Endo CLDN5 SLC7A5,0.7467596605144632
GAACTGTAGAATCGTA-1,Oligo MOG OPALIN,0.1482151841546662
GAACTGTAGGCATTTC-1,Oligo MOG OPALIN,0.9539472300430815
GAACTGTCAAAGGCAC-1,Oligo MOG OPALIN,0.9986150066956466
GAACTGTGTAAGTCAA-1,Endo CLDN5 SLC7A5,0.9187574564660197
GAACTGTTCATTGCGA-1,Endo CLDN5 SLC7A5,0.1260955528274706
GAACTGTTCCACCTCA-1,Endo CLDN5 SLC7A5,0.6442647201158868
GAAGAATCAAACAGGC-1,Endo CLDN5 SLC7A5,0.0508170258181169
GAAGAATCAACTCATG-1,Oligo MOG OPALIN,0.9660738657593871
GAAGAATCACTTGGGC-1,Oligo MOG OPALIN,0.996454909482725
GAAGAATCAGAAATTG-1,Astro AQP4 SLC1A2,0.04888958725256745
GAAGAATCAGACCGCT-1,L2-3 CUX2 ACVR1C THSD7A,0.7961276787245062
GAAGAATCAGCTCATA-1,Astro AQP4 SLC1A2,0.9999982044752436
GAAGAATCAGTGGGTA-1,L6 OPRK1 THEMIS RGS6,0.03548228204648775
GAAGAATTCCCTGTTG-1,Endo CLDN5 SLC7A5,0.21687672042418255
GAAGCCCAGGCATCAG-1,Oligo MOG OPALIN,0.5275736933110493
GAAGCCCAGGGTCAAC-1,Endo CLDN5 SLC7A5,0.15899837205318396
GAAGCCCAGGTCATAA-1,Endo CLDN5 SLC7A5,0.23481395697103707
GAAGCCCCACCGGCTA-1,Oligo MOG OPALIN,0.08164219695928933
GAAGCCCCAGAACTCT-1,Endo CLDN5 SLC7A5,0.29613755102194494
GAAGCCCCAGCACGAA-1,Endo CLDN5 SLC7A5,0.05561821651475239
GAAGCCCGTAATTAGG-1,Oligo MOG GSN,0.35259344831855904
GAAGCCCGTAGTATAG-1,Oligo MOG OPALIN,0.004593576582945746
GAAGCCCGTCACTAGT-1,InN VIP ADAM12,0.01987160201675694
GAAGCCCGTCTGCGCA-1,Oligo MOG FRY,0.024401264261409147
GAAGCCCTCCAGTGCG-1,L6 FEZF2 SYT6 PTPRT,0.04737980918305107
GAAGCGAAGGCTCAAG-1,Endo CLDN5 SLC7A5,0.11241493995903039
GAAGCGACAAAGCACG-1,Oligo MOG OPALIN,0.5128703427122386
GAAGGACAGGCCCAAA-1,L3-5 RORB MKX GRIN3A,0.4592183139925816
GAAGGACAGTTCTCTT-1,Endo CLDN5 SLC7A5,0.49380154926544617
GAAGGACCAACGGCTC-1,Astro AQP4 SLC1A2,0.9972242462561942
GAAGGACGTATAGGGC-1,L6 OPRK1 THEMIS RGS6,0.8667525842576351
GAAGGACGTGAACCGA-1,Endo CLDN5 SLC7A5,0.12054945189987136
GAAGGACGTGAGCTCC-1,Endo CLDN5 SLC7A5,0.0606348469357506
GAAGGACGTTAGAGAT-1,L6 OPRK1 THEMIS RGS6,0.1224361818049193
GAAGGGTAGCGCTGCT-1,L3-5 RORB MKX DCC,0.014290395096886324
GAAGGGTCACTCAGAT-1,Oligo MOG OPALIN,0.9999975565904663
GAAGGGTTCTATCCAT-1,Endo CLDN5 SLC7A5,0.2405696379669312
GAAGGGTTCTCCCTAG-1,Endo CLDN5 SLC7A5,0.902399618299201
GAAGTAACAATTGCGT-1,Oligo MOG OPALIN,0.03423606749099602
GAAGTAAGTACTGGGA-1,Oligo MOG OPALIN,0.037101464390487816
GAAGTAAGTTCCTACC-1,Astro GFAP AQP1,0.12221167632734456
GAAGTAAGTTGCGAAG-1,Endo CLDN5 SLC7A5,0.7748072303830181
GAATAGAAGAGCTTTC-1,Astro GFAP AQP1,0.7340943951336131
GAATAGAAGATAACGT-1,L2-3 CUX2 ACVR1C THSD7A,0.22431990918374253
GAATAGAAGTAAACTG-1,Oligo MOG OPALIN,0.9999794025227544
GAATAGACACACCGCA-1,Oligo MOG OPALIN,0.5733331783413921
GAATAGACATTCGATG-1,L2-3 CUX2 NTNG1 PALMD,0.7694899229647095
GAATAGAGTCACCCTT-1,Endo CLDN5 SLC7A5,0.5368299362740262
GAATAGATCACAGAGG-1,Endo CLDN5 SLC7A5,0.6330517905514763
GAATAGATCAGAGCGA-1,Endo CLDN5 SLC7A5,0.8594184226612267
GAATCACCAATGTTGC-1,Oligo MOG OPALIN,0.07396607433577052
GAATCACCAGATAAAC-1,Endo CLDN5 SLC7A5,0.8328419176714924
GAATCACCAGCGTACC-1,Endo CLDN5 SLC7A5,0.36701915146852787
GAATCACGTCCAGTTA-1,L3-5 RORB MKX GRIN3A,0.353841691442876
GAATCACTCACTACTT-1,L6 OPRK1 THEMIS RGS6,0.0546994603768187
GAATCACTCGACGCTG-1,Oligo MOG OPALIN,0.9976460231641612
GAATCGTCATACTTTC-1,Oligo MOG OPALIN,0.9999516100132022
GAATCGTGTCCTTGTC-1,Oligo MOG OPALIN,0.9923978870528649
GAATCGTGTGTATACC-1,Endo CLDN5 SLC7A5,0.22277510267324743
GAATCGTTCAAGATAG-1,Oligo MOG GSN,0.06250920964899993
GAATCGTTCGTAGGAG-1,Oligo MOG OPALIN,0.3391584237003565
GAATCGTTCTTGATTC-1,L3-5 RORB MKX GALR1,0.4838845952479919
GACACGCAGGTTCTTG-1,Oligo MOG GSN,0.029605168691009685
GACACGCGTGCATTAC-1,Endo CLDN5 SLC7A5,0.6564871571611074
GACACGCGTTTCGGCG-1,Endo CLDN5 SLC7A5,0.18330683304655462
GACACGCTCAGTGTTG-1,Endo CLDN5 SLC7A5,0.0859994172882577
GACACGCTCATGCCGG-1,Astro GFAP FABP7,0.9999778230273304
GACACGCTCGAGCACC-1,Oligo MOG OPALIN,0.707282432657244
GACACGCTCTCGCCTA-1,Endo CLDN5 SLC7A5,0.021398957018110242
GACAGCCCAGAATTCC-1,Oligo MOG OPALIN,0.6928480152287068
GACAGCCCATTGTCGA-1,Oligo MOG OPALIN,0.9257572620069902
GACAGCCGTCAACACT-1,Endo CLDN5 SLC7A5,0.8691516267813088
GACAGCCTCTCTCTTC-1,Endo CLDN5 SLC7A5,0.6912563901944515
GACATCAAGACTCCGC-1,Oligo MOG OPALIN,0.6986043307456801
GACATCAAGCCATTCA-1,L2-3 CUX2 NTNG1 PALMD,0.5658773915729972
GACATCAAGGCTGGAT-1,Oligo MOG OPALIN,0.999784766309023
GACATCAAGTAAAGCT-1,Oligo MOG OPALIN,0.4015016050143585
GACATCACATGCACTA-1,Endo CLDN5 SLC7A5,0.6012300479528917
GACATCAGTCCACAGC-1,L6 OPRK1 THEMIS RGS6,0.026965530862329723
GACATCAGTTGGAGAC-1,Endo CLDN5 SLC7A5,0.7156602034361712
GACATCATCCAGTGCG-1,Oligo MOG OPALIN,0.15178443656775126
GACATCATCTGGACCG-1,Astro GFAP AQP1,0.1058066654027469
GACCAATAGTTGAAGT-1,Endo CLDN5 SLC7A5,0.03281371252395237
GACCAATCACGAGGAT-1,OPC PDGFRA PCDH15,0.9831737949754343
GACCAATCATAACCCA-1,Oligo MOG OPALIN,0.007291213667894184
GACCAATCATTGAGCT-1,Endo CLDN5 SLC7A5,0.1285600578882767
GACCAATGTGCAGGAT-1,Astro GFAP AQP1,0.859769147574945
GACCCAGAGAATAGTC-1,InN SST TRPC7,0.06049532947777154
GACCCAGCAACCGTGC-1,Endo CLDN5 SLC7A5,0.2973980634855783
GACCCAGTCAAAGCCT-1,Endo CLDN5 SLC7A5,0.9926086161349091
GACCCAGTCTAGACCA-1,L6 FEZF2 SYT6 CDH9,0.054957982850668885
GACCCTTAGTATCTGC-1,InN SST TRPC7,0.008734358695887604
GACCCTTCAAAGTGTA-1,L2-3 CUX2 NTNG1 PALMD,0.08440096098257313
GACCCTTCATATTCGG-1,Oligo MOG OPALIN,0.9976158502786626
GACCGTGAGCTCACTA-1,L2-3 CUX2 NTNG1 PALMD,0.011404215741625404
GACCGTGCAAGTATAG-1,Oligo MOG OPALIN,0.3900020637237243
GACCGTGTCAAAGGTA-1,Oligo MOG FRY,0.09227373801822067
GACCGTGTCATAGCAC-1,L3-5 RORB MKX GRIN3A,0.4794106613799636
GACCGTGTCCGGCAGT-1,Endo CLDN5 SLC7A5,0.9833636517730123
GACCTTCAGTGCTACT-1,L6 OPRK1 THEMIS RGS6,0.4712860110205576
GACCTTCCAGATTCGT-1,PC P2RY14 GRM8,0.9999981097315145
GACCTTCCAGGTGACA-1,Endo CLDN5 SLC7A5,0.21796153307671087
GACCTTCGTCACCGAC-1,T SKAP1 CD247,0.9216977552092662
GACCTTCGTGTCATTG-1,Oligo MOG OPALIN,0.9976744405698549
GACCTTCTCGGTGTTA-1,L3-5 RORB PCBP3 ARHGAP15,0.0470300601167002
GACCTTCTCTGCGGGT-1,Astro GFAP AQP1,0.9997635108119883
GACGCTGAGTGATAAC-1,Astro GFAP AQP1,0.0695413949799872
GACGCTGCAACCAACT-1,Astro GFAP AQP1,0.9999898824331973
GACGCTGGTACTCCCT-1,Astro GFAP AQP1,0.8157201966481943
GACGCTGGTATCCCAA-1,OPC PDGFRA PCDH15,0.16729085309795297
GACGCTGGTCAATGGG-1,Endo CLDN5 SLC7A5,0.9020652103441518
GACGCTGTCTTGAACG-1,L6 FEZF2 SYT6 CDH9,0.02955877979941257
GACGTTAAGGAGTACC-1,Astro AQP4 SLC1A2,0.14872325208153162
GACGTTAAGGCACGAT-1,L6 OPRK1 SMYD1 KCND2,0.08904028747068181
GACGTTACAGTCCCGA-1,Oligo MOG OPALIN,0.9451418717748715
GACGTTACATCGGATT-1,L6 OPRK1 THEMIS RGS6,0.982350830289954
GACGTTAGTGTGAATA-1,InN VIP HS3ST3B1,0.01222643742598984
GACGTTATCACCGACG-1,Astro GFAP AQP1,0.9999990952071611
GACGTTATCATAGAGA-1,Astro GFAP FABP7,0.4195238263495914
GACGTTATCATTGTGG-1,InN VIP ADAM12,0.1279484136994262
GACGTTATCCTTACCG-1,L2-4 CUX2 RORB CLMN,0.08829709230433068
GACGTTATCTCGCTCA-1,Oligo MOG OPALIN,0.999999918054751
GACTATGAGATGTTGA-1,Oligo MOG OPALIN,0.9998419606786998
GACTATGCATGTCTAG-1,Oligo MOG OPALIN,0.9998055540384178
GACTATGTCGGCGATC-1,Endo CLDN5 SLC7A5,0.15064572504731513
GACTATGTCTCCCATG-1,Endo CLDN5 SLC7A5,0.2379317640261449
GACTCAAAGGGTACAC-1,L2-3 CUX2 NTNG1 PLCH1,0.007984861745159605
GACTCAACACCTCGTT-1,Endo CLDN5 SLC7A5,0.9216741932999566
GACTCAATCCGTTGGG-1,Endo CLDN5 SLC7A5,0.6979736086397812
GACTCTCCACAGGATG-1,Oligo MOG OPALIN,0.8722733160681625
GACTCTCTCAAGCCTA-1,Endo CLDN5 SLC7A5,0.0729310031437413
GACTCTCTCACAACCA-1,Oligo MOG OPALIN,0.9559455297143189
GACTCTCTCACCCTTG-1,Endo CLDN5 SLC7A5,0.09679549403050956
GACTCTCTCGGAGTAG-1,Oligo MOG OPALIN,0.6674595262230174
GACTCTCTCTGAGTCA-1,L2-3 CUX2 ACVR1C THSD7A,0.124468537065137
GACTGATAGTGCAGCA-1,L2-3 CUX2 NTNG1 PLCH1,0.1805263654110894
GACTGATCACAAATGA-1,InN SST THSD7B,0.3996851371878276
GACTGATCATGAATAG-1,Oligo MOG OPALIN,0.627327623927942
GACTTCCAGACTTGTC-1,InN SST PLPP4,0.019521288683258416
GACTTCCCATAATCCG-1,Oligo MOG OPALIN,0.5571736766017208
GACTTCCGTACGGGAT-1,Astro AQP4 SLC1A2,0.03278068926620454
GACTTCCGTAGTCGTT-1,OPC PDGFRA PCDH15,0.9999999999999749
GACTTCCGTATCCCAA-1,Endo CLDN5 SLC7A5,0.17419930743316578
GACTTCCTCCTTGAAG-1,Endo CLDN5 SLC7A5,0.725587959728008
GACTTCCTCGACGCTG-1,Astro GFAP AQP1,0.9891120407518834
GACTTCCTCTTACCGC-1,Oligo MOG OPALIN,0.9999856115414983
GACTTCCTCTTACTGT-1,Oligo MOG OPALIN,0.2853131195432556
GAGAAATAGCTACTGT-1,Endo CLDN5 SLC7A5,0.917010637822985
GAGAAATAGGCCACCT-1,L3-5 RORB MKX GRIN3A,0.013012917234452708
GAGAAATAGTTGGGAC-1,Astro AQP4 SLC1A2,0.9975773365935833
GAGAAATCAACCACAT-1,Astro GFAP AQP1,0.12961799091257473
GAGAAATCACAGAGCA-1,Endo CLDN5 SLC7A5,0.44693537533947075
GAGAAATCATTAGGAA-1,Oligo MOG OPALIN,0.9099999059259664
GAGAAATGTGTGTGGA-1,Astro GFAP AQP1,0.03444457958047088
GAGAAATTCCGAACGC-1,L3-5 RORB GABRG1 KCNH7,0.011899603793860562
GAGACCCAGGAGAGGC-1,Oligo MOG OPALIN,0.10466061369170034
GAGACCCCAGTAGAAT-1,Oligo MOG OPALIN,0.34913139107324764
GAGACCCGTTGGCTAT-1,L2-3 CUX2 NTNG1 PALMD,0.48595837202055064
GAGACCCTCGCTAAAC-1,Endo CLDN5 SLC7A5,0.27668927436812074
GAGACTTAGCGTTCAT-1,Endo CLDN5 SLC7A5,0.3576759884569242
GAGACTTCAACTCCAA-1,Oligo MOG OPALIN,0.9033731473898565
GAGACTTCAGTAGTTC-1,Endo CLDN5 SLC7A5,0.33489909469529283
GAGACTTTCAAACGTC-1,Astro GFAP AQP1,0.01755112575434459
GAGACTTTCCGTGGTG-1,L2-3 CUX2 NTNG1 PALMD,0.5660488294465544
GAGAGGTAGCGCCTTG-1,Oligo MOG FRY,0.22979222029280294
GAGAGGTAGGTATTGA-1,SMC ACTA2 CYP1B1,0.04130445106865736
GAGAGGTCAAAGACGC-1,Oligo MOG OPALIN,0.9987460876504516
GAGAGGTGTCGAGCTC-1,L6 FEZF2 SYT6 ERBB4,0.04963485255785081
GAGAGGTTCTGGACTA-1,InN SST HTR2C,0.999918922701354
GAGATGGCACGATTCA-1,Endo CLDN5 SLC7A5,0.11556611535665433
GAGATGGCAGAGTTCT-1,Oligo MOG OPALIN,0.9801564185654038
GAGATGGTCCATTCAT-1,Endo CLDN5 SLC7A5,0.8825283641378124
GAGATGGTCCGATAAC-1,SMC ACTA2 CYP1B1,0.0971862866329877
GAGCCTGAGCCAGACA-1,Oligo MOG OPALIN,0.9982014560469593
GAGCCTGAGTCGGGAT-1,Oligo MOG OPALIN,0.1224035307818336
GAGCCTGCAAGTTCGT-1,InN LAMP5 BMP7,0.2407287436573559
GAGCCTGCAATGCTCA-1,Oligo MOG OPALIN,0.2294482620003059
GAGCCTGCACAAGCCC-1,Endo CLDN5 SLC7A5,0.37287565110491955
GAGCCTGGTACATTGC-1,Endo CLDN5 SLC7A5,0.9366087870052647
GAGCCTGGTTCGTACA-1,Oligo MOG OPALIN,0.999995695189892
GAGCCTGGTTTAGTCG-1,Endo CLDN5 SLC7A5,0.20484877884473213
GAGCTGCAGGGCTGAT-1,Astro GFAP AQP1,0.9997421660298434
GAGCTGCCAGACCTAT-1,Oligo MOG OPALIN,0.2182085590593839
GAGCTGCGTATGGGAC-1,Endo CLDN5 SLC7A5,0.08583504242886107
GAGCTGCGTGCCTACG-1,Endo CLDN5 SLC7A5,0.39883989175667034
GAGCTGCTCTGAATGC-1,L2-3 CUX2 ACVR1C INHBA,0.0477782552592662
GAGGCAACATCGATCA-1,Oligo MOG OPALIN,0.8699334345930099
GAGGCAAGTACCTAGT-1,Endo CLDN5 SLC7A5,0.49917929498953056
GAGGCAAGTTCACCGG-1,Endo CLDN5 SLC7A5,0.9990189648921217
GAGGCAATCACTGGGC-1,Endo CLDN5 SLC7A5,0.2970812930099627
GAGGCAATCAGAGTTC-1,Endo CLDN5 SLC7A5,0.5695141619303297
GAGGCCTAGTTTGCTG-1,Endo CLDN5 SLC7A5,0.9624053172105052
GAGGCCTCACATACGT-1,Oligo MOG OPALIN,0.999982512977731
GAGGCCTCACCATATG-1,Astro GFAP AQP1,0.9999820914208228
GAGGCCTCACTAACGT-1,Endo CLDN5 SLC7A5,0.16583240849914982
GAGGCCTCAGCGATTT-1,Endo CLDN5 SLC7A5,0.7299954465093337
GAGGCCTGTGTCGCTG-1,Endo CLDN5 SLC7A5,0.0944217871586046
GAGGGATAGTCCCTAA-1,Endo CLDN5 SLC7A5,0.45920485584141096
GAGGGATAGTTTGTCG-1,VLMC COL1A2 VLMCA8,0.9415554726273736
GAGGGATCAATAACCC-1,Astro GFAP AQP1,0.39818241851462205
GAGGGATCACTCAGAT-1,Astro GFAP AQP1,0.06912100576961679
GAGGGATGTACGATCT-1,L2-3 CUX2 NTNG1 PALMD,0.031363447615141184
GAGGGATGTTTCGTGA-1,Oligo MOG OPALIN,0.9999842794965919
GAGGGTAAGTATCTGC-1,Endo CLDN5 SLC7A5,0.3053509766277085
GAGGGTAAGTTTCAGC-1,SMC ACTA2 CNN1,0.04045696635179137
GAGGGTACAAGATGTA-1,Oligo MOG OPALIN,0.09908265122592207
GAGGGTACATGCCATA-1,Endo CLDN5 SLC7A5,0.6140649213742777
GAGGGTAGTCTCGCGA-1,Endo CLDN5 SLC7A5,0.6175368984001811
GAGGGTATCAAGGACG-1,Endo CLDN5 SLC7A5,0.8952907636112187
GAGTCATAGGTTACCT-1,Oligo MOG OPALIN,0.9954685206568795
GAGTCATAGGTTCACT-1,Endo CLDN5 SLC7A5,0.6253123537819236
GAGTCATAGTTGTCAC-1,L3-5 RORB MKX GRIN3A,0.19103978521475198
GAGTCATCATAAGCAA-1,Astro GFAP FABP7,0.9999927467879735
GAGTCATGTGTATTCG-1,L2-3 CUX2 NTNG1 PALMD,0.9749592358755595
GAGTCATTCATTTGTC-1,Oligo MOG OPALIN,0.9432814432944242
GAGTCTACAATACGCT-1,Endo CLDN5 SLC7A5,0.5451821341042742
GAGTCTACATCTTCGC-1,Endo CLDN5 SLC7A5,0.3958020748148364
GAGTCTAGTGCCTTTC-1,Oligo MOG OPALIN,0.9667377362083145
GAGTCTATCATCGCAA-1,L6 OPRK1 THEMIS RGS6,0.09609490553020997
GAGTCTATCTCGAACA-1,Endo CLDN5 SLC7A5,0.18914517051322918
GAGTCTATCTCGACGG-1,Endo CLDN5 SLC7A5,0.0938301669494585
GAGTGAGAGATCCAAA-1,L6 FEZF2 SYT6 CDH9,0.08802043285992245
GAGTGAGAGTGCAACG-1,Oligo MOG OPALIN,0.6546975070610709
GAGTGAGCAAATGAGT-1,Oligo MOG OPALIN,0.9808251655833798
GAGTGAGGTGTGTGGA-1,InN VIP ADAM12,0.004705100019323483
GAGTGTTAGCCATTGT-1,Oligo MOG OPALIN,0.9988274994521803
GAGTGTTAGCCTCTCT-1,Endo CLDN5 SLC7A5,0.5813293448316154
GAGTGTTTCACTGCTC-1,Endo CLDN5 SLC7A5,0.6575091888287521
GAGTGTTTCATGAAAG-1,Oligo MOG OPALIN,0.9991692813920893
GAGTGTTTCCTGTTGC-1,Oligo MOG OPALIN,0.1500001307263724
GAGTTACAGGATCACG-1,SMC ACTA2 CYP1B1,0.03292919480117957
GAGTTACAGTACCCTA-1,Astro AQP4 SLC1A2,0.978897609800966
GAGTTACCACATCCCT-1,Endo CLDN5 SLC7A5,0.13066395011858126
GAGTTACCATCATTTC-1,Oligo MOG OPALIN,0.5739745449851101
GAGTTACGTCACTCTC-1,Astro AQP4 SLC1A2,0.9999065237947278
GAGTTACTCACTTCTA-1,Endo CLDN5 SLC7A5,0.40870332900462775
GAGTTACTCCGTGACG-1,Astro GFAP AQP1,0.999989751034166
GAGTTACTCTCGTGAA-1,Oligo MOG OPALIN,0.08962963011546467
GAGTTGTGTAAGTAGT-1,Endo CLDN5 SLC7A5,0.9094406226871236
GAGTTTGAGACCATAA-1,Endo CLDN5 SLC7A5,0.997809843653485
GAGTTTGGTGCTCTTC-1,Oligo MOG OPALIN,0.3425157002268801
GAGTTTGTCCCGAACG-1,Endo CLDN5 SLC7A5,0.024520135106672957
GATAGAAAGGCTCTCG-1,Oligo MOG OPALIN,0.8434418372831616
GATAGAACAGCTTTCC-1,Oligo MOG OPALIN,0.9999657303353559
GATAGAAGTTTACCTT-1,Oligo MOG OPALIN,0.2025479695327862
GATAGCTAGGATAATC-1,Oligo MOG OPALIN,0.9999603803666338
GATAGCTGTGAGCAGT-1,L2-3 CUX2 NTNG1 PALMD,0.22162184110429178
GATAGCTGTTCCCACT-1,Endo CLDN5 SLC7A5,0.021289529411436116
GATAGCTTCAACTGGT-1,InN VIP ADAM12,0.12836015448859422
GATAGCTTCCATTCAT-1,L2-3 CUX2 NTNG1 PALMD,0.08335339362605952
GATAGCTTCTCTCTTC-1,Astro GFAP AQP1,0.07526814602076343
GATCACAAGATGCTGG-1,L3-5 RORB MKX GALR1,0.08714758773094898
GATCACAAGGAGAATG-1,L2-3 CUX2 ACVR1C THSD7A,0.6221658100780897
GATCACACACGCACCA-1,Micro P2RY12 APBB1IP,0.021438533855870124
GATCACACAGCGATTT-1,Oligo MOG OPALIN,0.7639996889120971
GATCACAGTAGATGTA-1,Endo CLDN5 SLC7A5,0.06569384569850609
GATCACATCAGACATC-1,Oligo MOG OPALIN,0.5308589035639637
GATCACATCATTACGG-1,Oligo MOG OPALIN,0.500921129813434
GATCAGTAGCCTCCAG-1,Astro GFAP AQP1,0.07007138252219175
GATCAGTTCCCGTTCA-1,InN SST HTR2C,0.029137383564517547
GATCATGAGCAACTCT-1,InN PVALB PDE3A,0.21803569662852543
GATCATGCACTAACGT-1,Oligo MOG OPALIN,0.9991312484056958
GATCATGCAGGACGAT-1,Oligo MOG OPALIN,0.37291067735365563
GATCATGGTAAGCAAT-1,Endo CLDN5 SLC7A5,0.24128326028030753
GATCATGGTCAAGCGA-1,Oligo MOG OPALIN,0.9994623367299297
GATCCCTAGCCTATTG-1,Oligo MOG OPALIN,0.6591597657531882
GATCCCTGTGTGCCTG-1,Endo CLDN5 SLC7A5,0.4934301719113507
GATCCCTTCGAAGCAG-1,L2-3 CUX2 NTNG1 PALMD,0.11124524304267412
GATCCCTTCGGACTTA-1,Endo CLDN5 SLC7A5,0.5871750312682578
GATCCCTTCTTTCCAA-1,Endo CLDN5 SLC7A5,0.675917792422041
GATCGTAAGCTTAAGA-1,InN SST ADAMTSL1,0.05378514221825552
GATCGTACACCCTAGG-1,Endo CLDN5 SLC7A5,0.015858661624456937
GATCGTACACGACAAG-1,Astro GFAP AQP1,0.35318491915287104
GATCGTAGTTCCGCAG-1,Oligo MOG OPALIN,0.60296949598915
GATCGTAGTTGTTGAC-1,Endo CLDN5 SLC7A5,0.1728416300178671
GATCGTATCCGACGGT-1,L3-5 RORB GABRG1 PTPRO,0.07488109730367819
GATCGTATCTTCGTGC-1,Endo CLDN5 SLC7A5,0.20498133663434584
GATGACTAGCGACATG-1,InN VIP ADAM12,0.028356620508340803
GATGACTAGGTGCCAA-1,InN VIP ADAM12,0.05353608862194924
GATGACTCAAATCAGA-1,InN SST THSD7B,0.24204882599953131
GATGACTCATCGGAAG-1,Astro AQP4 SLC1A2,0.471097182211031
GATGACTCATTATGCG-1,Oligo MOG OPALIN,0.7937540780682781
GATGACTTCTCCCATG-1,Endo CLDN5 SLC7A5,0.2534263167605252
GATGAGGAGAGGTTAT-1,Endo CLDN5 SLC7A5,0.02223393600291667
GATGAGGAGGCCACTC-1,Oligo MOG OPALIN,0.3268017714911828
GATGAGGCACAATCTG-1,PC P2RY14 GRM8,0.024643169179660595
GATGAGGGTAGGCTCC-1,Oligo MOG OPALIN,0.9229186457323023
GATGAGGGTCCATAGT-1,Astro GFAP AQP1,0.9992952894938721
GATGAGGGTCGTTATG-1,Endo CLDN5 SLC7A5,0.0861214742560498
GATGATCAGAGCCATG-1,Oligo MOG OPALIN,0.8062675167961701
GATGATCAGATGCTTC-1,Endo CLDN5 SLC7A5,0.7150663781305302
GATGATCAGCTTCATG-1,Oligo MOG GSN,0.015331325391910414
GATGATCAGTATAACG-1,Endo CLDN5 SLC7A5,0.8674579898887544
GATGATCCAAGTGGGT-1,Oligo MOG OPALIN,0.7121145016094846
GATGATCGTATTAAGG-1,PC P2RY14 GRM8,0.9999990269194005
GATGATCTCTACACTT-1,Endo CLDN5 SLC7A5,0.9928835097849685
GATGATCTCTATACTC-1,Endo CLDN5 SLC7A5,0.05041246204683791
GATGCTAAGGAAGTGA-1,Endo CLDN5 SLC7A5,0.4225494342184842
GATGCTAAGTCACGCC-1,Endo CLDN5 SLC7A5,0.3453671480553696
GATGCTAGTCCTCCAT-1,InN LAMP5 BMP7,0.9896796014674983
GATGCTATCCATAAGC-1,Endo CLDN5 SLC7A5,0.1301416705755654
GATGCTATCCTACTGC-1,L6 FEZF2 SYT6 PTPRT,0.17441509145211548
GATGCTATCTCAGTCC-1,L3-5 RORB MKX GRIN3A,0.01314799416477232
GATGCTATCTGGTTGA-1,PC P2RY14 GRM8,0.5389508759510179
GATGCTATCTTCACGC-1,OPC PDGFRA PCDH15,0.29218398212737967
GATGGAGAGAGTCACG-1,Oligo MOG OPALIN,0.21490798173662878
GATGGAGCATGTCTAG-1,Endo CLDN5 SLC7A5,0.8839213794395999
GATGGAGCATTGACCA-1,Endo CLDN5 SLC7A5,0.6329130533242018
GATGGAGGTCATTCCC-1,Astro GFAP AQP1,0.11749636480047539
GATGGAGGTTACGCCG-1,L3-5 RORB MKX GRIN3A,0.14852558948878733
GATGGAGTCACTACGA-1,Oligo MOG OPALIN,0.0846932277788861
GATTCGATCTGGGATT-1,Endo CLDN5 SLC7A5,0.9420302706355858
GATTCTTAGGTCCAGA-1,Oligo MOG OPALIN,0.04743215351239486
GATTCTTCACCTCTGT-1,Endo CLDN5 SLC7A5,0.22674867072988297
GATTCTTCAGAGAATT-1,Oligo MOG OPALIN,0.3095957834013747
GATTCTTGTATGGAAT-1,Endo CLDN5 SLC7A5,0.16796039494648043
GATTCTTGTGGCATCC-1,Endo CLDN5 SLC7A5,0.36856032051782556
GATTCTTGTGGCTTAT-1,Endo CLDN5 SLC7A5,0.4213157043249543
GATTCTTGTTCACCGG-1,Endo CLDN5 SLC7A5,0.566406571675355
GATTCTTTCATCGTAG-1,Oligo MOG OPALIN,0.9989142665071739
GATTCTTTCTAGCCTC-1,L3-5 RORB MKX GRIN3A,0.06530042748553494
GATTGGTAGTTGGCGA-1,Astro GFAP AQP1,0.9537039743801946
GATTGGTGTGCATGAG-1,Endo CLDN5 SLC7A5,0.11126354663284475
GATTGGTTCTGGCCTT-1,Endo CLDN5 SLC7A5,0.09837941522660518
GATTTCTAGAGAACCC-1,Endo CLDN5 SLC7A5,0.10590355148914116
GATTTCTCAGAACTCT-1,L6 OPRK1 THEMIS RGS6,0.4061151814760769
GATTTCTCAGAGAATT-1,L5-6 FEZF2 NXPH2 SORCS3,0.7607965389862803
GATTTCTTCACCTACC-1,Micro P2RY12 APBB1IP,0.15242548281233032
GATTTCTTCAGCCCAG-1,L6 FEZF2 NPFFR2 TPD52L1,0.04563293887044569
GCAACATAGCACACAG-1,Astro GFAP AQP1,0.6064677841375858
GCAACATAGCCACCGT-1,Endo CLDN5 SLC7A5,0.8719202307100573
GCAACATAGTACAGCG-1,OPC PDGFRA PCDH15,0.999999999999998
GCAACATAGTCTTCCC-1,Endo CLDN5 SLC7A5,0.7087864580184027
GCAACATTCAGACCGC-1,Endo CLDN5 SLC7A5,0.06111865471873385
GCAACATTCGAACCAT-1,Astro GFAP AQP1,0.02622884567166685
GCAACATTCTTTCGAT-1,L2-3 CUX2 NTNG1 PALMD,0.07735307429407723
GCAACCGCACTTGGCG-1,L6 FEZF2 DCBLD1 MITF,0.11120693540346609
GCAACCGCAGCGTATT-1,Endo CLDN5 SLC7A5,0.23623688820174135
GCAACCGCAGTTGTCA-1,Endo CLDN5 SLC7A5,0.05908331206420426
GCAACCGCATGTCGTA-1,Astro GFAP AQP1,0.2644154408840402
GCAACCGGTGCCAAGA-1,Oligo MOG OPALIN,0.9941942032257193
GCAACCGTCCAGTTCC-1,Astro AQP4 SLC1A2,0.9999954359793567
GCAACCGTCCATAAGC-1,InN LAMP5 LHX6 TAC1,0.06474083487919277
GCAACCGTCCCTCTAG-1,Oligo MOG OPALIN,0.26243193283920596
GCAACCGTCTGCGGGT-1,L3-5 RORB GABRG1 PTPRO,0.025912601011860274
GCACATACACAACGCC-1,L3-5 RORB MKX GRIN3A,0.3080548472614312
GCACATACAGTAACGG-1,L2-3 CUX2 NTNG1 PALMD,0.025391750692301367
GCACATACATCACCAA-1,Endo CLDN5 SLC7A5,0.10269357262274757
GCACATAGTACGTGAG-1,L3-5 RORB GABRG1 PTPRO,0.01818233599840643
GCACATAGTGTTAGCT-1,Oligo MOG OPALIN,0.9994710050572536
GCACGGTAGCGAGGAG-1,Oligo MOG OPALIN,0.018965541421478403
GCACGGTAGTACTGTC-1,L3-5 RORB GABRG1 PTPRO,0.030598391365364585
GCACGGTGTGCTGCAC-1,L3-5 RORB MKX GRIN3A,0.0698455266574747
GCACGGTTCCACACCT-1,L3-5 RORB MKX GRIN3A,0.012151785963779091
GCACGGTTCGTCACCT-1,InN LAMP5 LHX6 TAC1,0.03214959979735659
GCACGGTTCTCAGGCG-1,Endo CLDN5 SLC7A5,0.11031793896443756
GCACGTGAGACTACCT-1,OPC PDGFRA PCDH15,0.9999999999999569
GCACGTGAGGAATCGC-1,Oligo MOG OPALIN,0.45589469262633076
GCACGTGAGTATAGGT-1,InN SST HTR2C,0.9925623683752539
GCACGTGCACCGTGGT-1,Astro AQP4 SLC1A2,0.9996513165767886
GCACGTGCATAATCCG-1,Astro GFAP AQP1,0.1598504751419828
GCACTAAAGGTGATAT-1,L3-5 RORB GABRG1 PTPRO,0.21269728791035405
GCACTAAAGGTTCCAT-1,Endo CLDN5 SLC7A5,0.21914992685558252
GCACTAAAGGTTTACC-1,L3-5 RORB PCBP3 IL1RAPL2,0.034794096554161644
GCACTAATCATCCTAT-1,Oligo MOG OPALIN,0.9994263648282782
GCACTAATCGCAACAT-1,L6 FEZF2 DCBLD1 MITF,0.552785205790965
GCACTAATCTACTGAG-1,Endo CLDN5 SLC7A5,0.1974039469652525
GCAGCCACAATGGCAG-1,Astro GFAP AQP1,0.11498994393428472
GCAGCCAGTTGCTTGA-1,L6 OPRK1 THEMIS RGS6,0.28089437922345145
GCAGCCATCGCAAGAG-1,Micro P2RY12 GLDN,0.9918704372960448
GCAGCCATCGTCTACC-1,Astro GFAP AQP1,0.8757421553420066
GCAGCTGAGAGCGACT-1,L2-4 CUX2 RORB CLMN,0.061292507448382716
GCAGCTGAGATGAAGG-1,Endo CLDN5 SLC7A5,0.496784543263533
GCAGCTGAGTGATTCC-1,Oligo MOG OPALIN,0.5062896560954475
GCAGCTGAGTGGTTAA-1,Endo CLDN5 SLC7A5,0.43948352699834387
GCAGCTGAGTTGCGCC-1,Astro GFAP AQP1,0.058904134619024794
GCAGCTGCAAGCGCAA-1,Endo CLDN5 SLC7A5,0.09852136272729711
GCAGCTGCAAGGTACG-1,L2-3 CUX2 ACVR1C THSD7A,0.020835052571729927
GCAGCTGGTAGCTGAG-1,Oligo MOG OPALIN,0.9999359663851176
GCAGCTGTCCCAGTGG-1,Oligo MOG OPALIN,0.8713106864905183
GCAGCTGTCTTTGGAG-1,Oligo MOG OPALIN,0.9089316376923988
GCAGGCTAGACCAACG-1,Endo CLDN5 SLC7A5,0.5277855809274489
GCAGGCTAGGTGAGAA-1,Endo CLDN5 SLC7A5,0.6325748808432244
GCAGGCTCACCTGCTT-1,L6 FEZF2 SYT6 ERBB4,0.05811532864836904
GCAGGCTGTATCGCTA-1,Endo CLDN5 SLC7A5,0.14838016156892997
GCAGGCTTCTGCATGA-1,Oligo MOG OPALIN,0.9829947202387868
GCAGTTAAGCTCGACC-1,Oligo MOG OPALIN,0.9998611973732067
GCAGTTACAACGTTAC-1,Endo CLDN5 SLC7A5,0.41131000114310784
GCAGTTACACCGAATT-1,L2-3 CUX2 NTNG1 PALMD,0.10220243968890799
GCAGTTAGTAACAGGC-1,L3-5 RORB GABRG1 PTPRO,0.42730442359324267
GCATCGGAGGTCCAGA-1,Oligo MOG OPALIN,0.8891539630436489
GCATCGGCATCTCATT-1,InN PVALB HPSE,0.03673985252713617
GCATCGGGTCGGAAAC-1,L2-3 CUX2 NTNG1 PALMD,0.4806099172566538
GCATCGGTCACGTAGT-1,Endo CLDN5 SLC7A5,0.021349400639702625
GCATCTCCAGGCCTGT-1,L2-3 CUX2 NTNG1 PALMD,0.06807537984453163
GCATCTCCAGGGTTGA-1,L2-3 CUX2 NTNG1 PALMD,0.019668193948061147
GCATCTCGTCGAGATG-1,Endo CLDN5 SLC7A5,0.9381003483085228
GCATGATAGGCTTCCG-1,L6 OPRK1 THEMIS RGS6,0.08320328987850853
GCATGATAGGGCATGT-1,Endo CLDN5 SLC7A5,0.2346939884603858
GCATGATCAGTCAGCC-1,Oligo MOG OPALIN,0.9063048256953351
GCATGATGTCAACATC-1,Endo CLDN5 SLC7A5,0.06867606484044324
GCATGATGTGAACTAA-1,Micro P2RY12 APBB1IP,0.9937703286683613
GCATGATGTGCGGATA-1,Oligo MOG OPALIN,0.9306620586411591
GCATGATGTTATCTTC-1,Endo CLDN5 SLC7A5,0.20475311640197216
GCATGATTCTCAATCT-1,Endo CLDN5 SLC7A5,0.30496004126901943
GCATTAGAGATGGCAC-1,L3-5 RORB MKX GRIN3A,0.40238932434581476
GCATTAGAGTCCTGCG-1,Astro GFAP AQP1,0.2554586157744264
GCCAACGAGCATAGGC-1,Oligo MOG OPALIN,0.006270528650957258
GCCAACGCAGAGATTA-1,L3-5 RORB MKX GRIN3A,0.04657986684634344
GCCAACGCAGAGCTAG-1,Oligo MOG OPALIN,0.9909937368268111
GCCAACGCAGCCGGTT-1,Oligo MOG OPALIN,0.6065836934108211
GCCAACGGTACAAGCG-1,L2-3 CUX2 NTNG1 COL5A2,0.023453111036396225
GCCAACGGTCTTCGAA-1,Oligo MOG OPALIN,0.9996981669011074
GCCAACGGTGAAAGTT-1,Endo CLDN5 SLC7A5,0.7983760322622167
GCCAACGGTGACTCGC-1,OPC PDGFRA PCDH15,0.9999999999999751
GCCAACGTCCTCGCAT-1,Endo CLDN5 SLC7A5,0.12299765712494691
GCCAACGTCGTGCGAC-1,Endo CLDN5 SLC7A5,0.9739568296303687
GCCAGCACACTGGCCA-1,Endo CLDN5 SLC7A5,0.9521753005875118
GCCAGGTAGACGCAGT-1,Oligo MOG OPALIN,0.7208463291529105
GCCAGGTAGGAATCGC-1,Oligo MOG OPALIN,0.7542369990950247
GCCAGGTAGGATACAT-1,Endo CLDN5 SLC7A5,0.04444960203872648
GCCAGGTCAGCCGGTT-1,Oligo MOG OPALIN,0.9864886212468278
GCCAGGTGTGCCTTCT-1,Endo CLDN5 SLC7A5,0.040595442541231264
GCCAGGTTCAACACGT-1,InN VIP EXPH5,0.9906475314938658
GCCAGGTTCACTGGTA-1,Oligo MOG OPALIN,0.22072468212309734
GCCAGGTTCACTTATC-1,Oligo MOG OPALIN,0.3617527444624963
GCCAGGTTCAGAATAG-1,Endo CLDN5 SLC7A5,0.11015374532009774
GCCAGGTTCGAGAATA-1,Endo CLDN5 SLC7A5,0.05232120397944491
GCCAGTGAGTAAATGC-1,L6 OPRK1 THEMIS RGS6,0.0339136098907631
GCCAGTGCAACGACAG-1,Oligo MOG OPALIN,0.04097416072899761
GCCAGTGCACATTCGA-1,OPC PDGFRA PCDH15,0.8798993491262269
GCCAGTGGTCATCCCT-1,Oligo MOG OPALIN,0.9946988507729341
GCCAGTGTCCATTTGT-1,Endo CLDN5 SLC7A5,0.703978472163055
GCCATGGGTAAGGTCG-1,Oligo MOG OPALIN,0.5140206676183692
GCCATGGGTAGATCGG-1,L3-5 RORB PCBP3 IL1RAPL2,0.11816633844549522
GCCATGGGTTAAAGTG-1,Oligo MOG OPALIN,0.9760047390774973
GCCATGGTCAGCGTCG-1,Oligo MOG OPALIN,0.18674436363126487
GCCATGGTCCCGAATA-1,Oligo MOG OPALIN,0.26485455453176965
GCCATTCCAGGATTCT-1,InN SST HTR2C,0.04719446935068112
GCCATTCGTATCGAGG-1,Oligo MOG OPALIN,0.9293546728089905
GCCATTCGTCCACATA-1,OPC PDGFRA PCDH15,0.09007943558822773
GCCCAGAGTTGTAAAG-1,Endo CLDN5 SLC7A5,0.24035388250906947
GCCCAGAGTTGTGCAT-1,Oligo MOG OPALIN,0.9878071680047396
GCCCAGATCACTGTCC-1,Endo CLDN5 SLC7A5,0.06099836590054153
GCCCAGATCTTACGTT-1,Oligo MOG OPALIN,0.9996551740073115
GCCCGAAAGCCTTTCC-1,Endo CLDN5 SLC7A5,0.37999254676203376
GCCCGAACAACACGTT-1,L2-3 CUX2 NTNG1 PALMD,0.9260123378272394
GCCCGAACACTGCGAC-1,L2-3 CUX2 NTNG1 PALMD,0.075267505066618
GCCCGAACAGAAATTG-1,Oligo MOG OPALIN,0.9794992538678443
GCCCGAATCCTCACCA-1,Endo CLDN5 SLC7A5,0.7656214735858903
GCCGATGCACCGGAAA-1,Oligo MOG OPALIN,0.37625616852189475
GCCGATGCACTCATAG-1,Astro AQP4 SLC1A2,0.03812413772008621
GCCGATGGTATCTCTT-1,Oligo MOG FRY,0.14562276735698726
GCCGATGGTGGCTTGC-1,Oligo MOG OPALIN,0.04686890159008128
GCCGTGAAGAAACCAT-1,Oligo MOG OPALIN,0.7066322881084892
GCCGTGACAGCTGTCG-1,L6 FEZF2 SYT6 CDH9,0.9916519110675704
GCCGTGAGTTTCGCTC-1,Endo CLDN5 SLC7A5,0.18714550362100724
GCCGTGATCCTTATCA-1,Endo CLDN5 SLC7A5,0.25647238816119183
GCCGTGATCGTGGGTC-1,Endo CLDN5 SLC7A5,0.9894638630376112
GCCTGTTAGAGGCCAT-1,Oligo MOG OPALIN,0.719757840600065
GCCTGTTAGGTTACCT-1,Astro AQP4 SLC1A2,0.270398916789727
GCCTGTTAGTATGTAG-1,Oligo MOG OPALIN,0.9987932881253997
GCCTGTTCAACCCTAA-1,Oligo MOG OPALIN,0.8773082568241988
GCCTGTTGTGAGATTA-1,Endo CLDN5 SLC7A5,0.5564000540364487
GCCTGTTGTGGTCCCA-1,Astro GFAP AQP1,0.04888802600334668
GCCTGTTGTGTTCCTC-1,Endo CLDN5 SLC7A5,0.4492754919748788
GCGAGAAAGTTGCATC-1,L2-3 CUX2 NTNG1 PALMD,0.6217505735351224
GCGAGAAGTTTGTTGG-1,Oligo MOG OPALIN,0.8680163490031524
GCGAGAATCCGGTAAT-1,Oligo MOG OPALIN,0.5018632142017799
GCGAGAATCTGTTGGA-1,Astro AQP4 SLC1A2,0.9999938093480298
GCGATCGAGGTATCTC-1,Endo CLDN5 SLC7A5,0.48801087777496077
GCGATCGCACGTCATA-1,L6 OPRK1 THEMIS RGS6,0.2836124300948596
GCGATCGCATGGGATG-1,Endo CLDN5 SLC7A5,0.6471515269609602
GCGATCGCATTCAGCA-1,Endo CLDN5 SLC7A5,0.7106484729487492
GCGATCGCATTGCCGG-1,L6 OPRK1 THEMIS RGS6,0.0693095520800495
GCGATCGGTACTTGTG-1,InN PVALB HPSE,0.27187996735016934
GCGATCGGTATACAGA-1,Oligo MOG OPALIN,0.9961781374296419
GCGATCGTCAACACCA-1,Astro AQP4 SLC1A2,0.8725401184599899
GCGATCGTCATGCCCT-1,Oligo MOG OPALIN,0.6165160040341716
GCGGAAAAGACAGCGT-1,Endo CLDN5 SLC7A5,0.36270522745925804
GCGGAAAAGACTTCAC-1,L6 OPRK1 THEMIS RGS6,0.07741084079530548
GCGGAAAAGGCACAAC-1,L2-3 CUX2 NTNG1 PALMD,0.48931062661787433
GCGGAAAAGTACGAGC-1,L6 OPRK1 THEMIS RGS6,0.01912897187611436
GCGGAAAAGTTGTACC-1,Endo CLDN5 SLC7A5,0.7838768809129639
GCGGAAAGTACCCACG-1,Astro GFAP AQP1,0.9999001412732401
GCGGAAAGTGGATACG-1,L6 FEZF2 SYT6 ERBB4,0.030947060482121123
GCGGAAAGTGTCACAT-1,Endo CLDN5 SLC7A5,0.5971154375134017
GCGGAAAGTTGTGCAT-1,Endo CLDN5 SLC7A5,0.3058139749295067
GCGGAAATCACGGTCG-1,Endo CLDN5 SLC7A5,0.9349099819390078
GCGGAAATCATGCCAA-1,L2-3 CUX2 ACVR1C THSD7A,0.34668662734336186
GCGGATCAGCCTTGAT-1,L2-3 CUX2 NTNG1 PALMD,0.45559270958283515
GCGGATCCAGCCCACA-1,Oligo MOG OPALIN,0.07521934704228937
GCGGATCGTCGGTGAA-1,Endo CLDN5 SLC7A5,0.23330390191525685
GCGGATCGTTAAGTCC-1,Oligo MOG OPALIN,0.13686762803955224
GCGGATCGTTACGTAC-1,Endo CLDN5 SLC7A5,0.230706226185419
GCGGATCGTTCCTAGA-1,InN SST ADAMTSL1,0.016733867562202347
GCGGATCTCCCTCGTA-1,Oligo MOG OPALIN,0.9825752943665511
GCGGATCTCGCCAACG-1,Oligo MOG OPALIN,0.33344921091358787
GCGTGCAAGAGCACTG-1,L2-3 CUX2 NTNG1 PALMD,0.8481763849759411
GCGTGCAAGGACAACC-1,Endo CLDN5 SLC7A5,0.40611912618130974
GCGTGCACAACGACAG-1,Astro GFAP FABP7,0.9999311168912544
GCGTGCACATCATCCC-1,Oligo MOG OPALIN,0.9943369509589742
GCGTGCACATTGCCGG-1,Endo CLDN5 SLC7A5,0.3674474304945936
GCGTGCAGTTAAGACA-1,Oligo MOG OPALIN,0.9999747051156266
GCGTGCAGTTCGGCGT-1,Astro GFAP AQP1,0.30092760394273715
GCGTGCATCCGAACGC-1,Oligo MOG OPALIN,0.9997862325697342
GCGTGCATCGACGTCG-1,Astro GFAP FABP7,0.99999902643411
GCGTTTCAGGCCTGAA-1,PC P2RY14 GRM8,0.9999982575363346
GCGTTTCCAGTTAGGG-1,COP GPR17 SOX4,0.9988255431215376
GCGTTTCGTACCGGAA-1,Endo CLDN5 SLC7A5,0.049998067194237536
GCGTTTCGTTCATCTT-1,Endo CLDN5 SLC7A5,0.1466181491040266
GCGTTTCTCGATACTG-1,L2-3 CUX2 NTNG1 PALMD,0.4678080778592146
GCGTTTCTCGCAACAT-1,Endo CLDN5 SLC7A5,0.08549101721155794
GCGTTTCTCTATACTC-1,Endo CLDN5 SLC7A5,0.8920310488528636
GCTACAACAATCAGCT-1,Endo CLDN5 SLC7A5,0.9590859246462363
GCTACAACACCTGTCT-1,L6 OPRK1 THEMIS RGS6,0.061949504131576544
GCTACAACATACAGAA-1,L6 OPRK1 THEMIS RGS6,0.9862321128125614
GCTACAAGTCATTGCA-1,Endo CLDN5 SLC7A5,0.24222474163502644
GCTACAAGTCCAGCGT-1,Endo CLDN5 SLC7A5,0.2891043315663802
GCTACAAGTTATTCCT-1,Micro P2RY12 CCL3,0.04027757248682817
GCTACCTAGACGACTG-1,L2-3 CUX2 NTNG1 PALMD,0.048242637508613816
GCTACCTAGATGACAT-1,L3-5 RORB TNNT2 TSHZ2,0.0677431055125683
GCTACCTCAAATGCTC-1,Oligo MOG OPALIN,0.9734893062828374
GCTACCTCACCGTACG-1,Oligo MOG OPALIN,0.9951684629594
GCTACCTGTCTTCAAG-1,Endo CLDN5 SLC7A5,0.18428096733034566
GCTACCTTCAAACCCA-1,Endo CLDN5 SLC7A5,0.011442226198838642
GCTCAAAGTATTGAGA-1,Endo CLDN5 SLC7A5,0.9966600053956474
GCTCAAATCCCTCTTT-1,Oligo MOG OPALIN,0.6541777859867778
GCTCAAATCCTTCTGG-1,Oligo MOG OPALIN,0.15198936936559027
GCTCAAATCTACACTT-1,Oligo MOG OPALIN,0.5793607455903109
GCTGAATAGGTTTACC-1,Oligo MOG OPALIN,0.049660013091430005
GCTGAATCAAGTGATA-1,Oligo MOG OPALIN,0.1314527114303869
GCTGAATGTCCAAATC-1,Endo CLDN5 SLC7A5,0.5020930691675731
GCTGAATGTTTGGAAA-1,Oligo MOG OPALIN,0.4126597846094206
GCTGCAGAGGTCCTGC-1,L2-3 CUX2 NTNG1 PALMD,0.5584466463243694
GCTGCAGCAACGCCCA-1,Oligo MOG OPALIN,0.8061300265572993
GCTGCAGCACAAATCC-1,Oligo MOG OPALIN,0.05386994326806606
GCTGCAGGTTCAGTAC-1,Endo CLDN5 SLC7A5,0.7743378599971513
GCTGCAGTCCGCGGAT-1,Oligo MOG OPALIN,0.9969123962422655
GCTGCAGTCGCTAATG-1,Oligo MOG GSN,0.978663815779744
GCTGCAGTCTCCACTG-1,Micro P2RY12 APBB1IP,0.05087510821753579
GCTGGGTAGGTCACCC-1,Astro AQP4 SLC1A2,0.9995130027398609
GCTGGGTCAGCGGATA-1,Endo CLDN5 SLC7A5,0.549273828231468
GCTGGGTGTATCTCGA-1,Endo CLDN5 SLC7A5,0.03004837617504227
GCTGGGTGTCGGTGAA-1,Oligo MOG OPALIN,0.37026023074751985
GCTTCACAGCACGGAT-1,Oligo MOG OPALIN,0.9999837175075694
GCTTCACAGTCCGCCA-1,Oligo MOG OPALIN,0.5530421153183228
GCTTCACGTGAGTAAT-1,PC P2RY14 GRM8,0.9999346875439157
GCTTCACTCCGCGATG-1,Micro P2RY12 APBB1IP,0.194431168078542
GCTTCACTCGACTCCT-1,L2-3 CUX2 NTNG1 PALMD,0.015447215590570662
GCTTCACTCTCGGCTT-1,Endo CLDN5 SLC7A5,0.4989053171809664
GCTTGGGCAGCGCTTG-1,Oligo MOG OPALIN,0.2977542539601421
GCTTGGGGTCAACGCC-1,Oligo MOG OPALIN,0.7730362496830254
GCTTGGGGTTTGGCTA-1,L6 FEZF2 SYT6 CDH9,0.22595005717196237
GCTTGGGTCACTGCTC-1,Oligo MOG OPALIN,0.25120772241917083
GCTTGGGTCCGTGTGG-1,Astro AQP4 SLC1A2,0.9924819218740581
GCTTTCGAGCCTCAGC-1,Oligo MOG OPALIN,0.09133673799256449
GCTTTCGCACATAACC-1,Oligo MOG OPALIN,0.873931594390288
GCTTTCGTCAGCCCAG-1,Micro P2RY12 APBB1IP,0.03636202043135875
GCTTTCGTCATGCCGG-1,Endo CLDN5 SLC7A5,0.4411796218096304
GGAACCCCACCGTGGT-1,Oligo MOG OPALIN,0.9718343260634763
GGAACCCCACGGCTAC-1,Endo CLDN5 SLC7A5,0.36360610829441087
GGAACCCCATGACTTG-1,Endo CLDN5 SLC7A5,0.8626005799598142
GGAACCCGTCTACGTA-1,Micro P2RY12 APBB1IP,0.10504348446041993
GGAACCCTCATTGCTT-1,Endo CLDN5 SLC7A5,0.931892790102263
GGAAGTGAGGAACGTC-1,Endo CLDN5 SLC7A5,0.804196566676766
GGAAGTGGTACGACAG-1,Oligo MOG OPALIN,0.058948010713299276
GGAAGTGGTGAATGAT-1,Endo CLDN5 SLC7A5,0.8448347802887196
GGAAGTGGTGTCCAAT-1,Endo CLDN5 SLC7A5,0.41145056961775833
GGAAGTGGTTATCCAG-1,Endo CLDN5 SLC7A5,0.09118288884028834
GGAAGTGTCATACAGC-1,Oligo MOG OPALIN,0.39931707348508827
GGAATCTCAGACGCTC-1,Oligo MOG OPALIN,0.9535480423349703
GGAATCTCAGCTACCG-1,Oligo MOG OPALIN,0.1715390858704132
GGAATCTTCTCTGCTG-1,L2-3 CUX2 NTNG1 PALMD,0.039844480421494965
GGAATGGAGAATCTAG-1,Endo CLDN5 SLC7A5,0.8078629445750067
GGAATGGAGAGGATGA-1,Endo CLDN5 SLC7A5,0.2816535367254021
GGAATGGAGCTAGTTC-1,Oligo MOG OPALIN,0.8779449863773315
GGAATGGCACGTCATA-1,Endo CLDN5 SLC7A5,0.9063507734001522
GGAATGGCAGAGTTGG-1,OPC PDGFRA PCDH15,0.9966995169906829
GGAATGGCATCGGCCA-1,OPC PDGFRA PCDH15,0.9999999999999936
GGAATGGCATCTTTCA-1,Endo CLDN5 SLC7A5,0.35175984638837776
GGAATGGGTAACATGA-1,Endo CLDN5 SLC7A5,0.06605986051793558
GGAATGGGTCAAAGTA-1,L2-3 CUX2 NTNG1 PALMD,0.23496683460878065
GGAATGGTCGAACCAT-1,Astro GFAP AQP1,0.3497484036863394
GGAATGGTCGCCTATC-1,InN LHX6 HGF STON2,0.19424273279423554
GGACGTCCAGGCTTGC-1,Endo CLDN5 SLC7A5,0.8356040948051918
GGACGTCCAGTCTTCC-1,Endo CLDN5 SLC7A5,0.013800038084706834
GGACGTCCATCCCGTT-1,Oligo MOG OPALIN,0.41561999005868855
GGACGTCGTCCTACAA-1,Endo CLDN5 SLC7A5,0.05986655403240719
GGACGTCGTTAATGAG-1,Oligo MOG OPALIN,0.297139920402679
GGACGTCTCAAATGCC-1,Oligo MOG OPALIN,0.8512172201512888
GGAGAACAGCCGGATA-1,Endo CLDN5 SLC7A5,0.8894360430432038
GGAGAACAGTAAGGGA-1,Oligo MOG OPALIN,0.25762934305805263
GGAGAACAGTCTTCCC-1,Oligo MOG OPALIN,0.994685030846987
GGAGAACCACTCCGAG-1,Endo CLDN5 SLC7A5,0.4058207071010269
GGAGAACGTCTAGGTT-1,Endo CLDN5 SLC7A5,0.09805650232380068
GGAGAACTCTAGTACG-1,Oligo MOG OPALIN,0.6654278480912844
GGAGATGAGATGAACT-1,Endo CLDN5 SLC7A5,0.037372306550313546
GGAGATGAGGACTGGT-1,Oligo MOG OPALIN,0.8007058457374112
GGAGATGAGGATACGC-1,Oligo MOG OPALIN,0.9896787310109949
GGAGATGAGTTCCGGC-1,InN SST ADAMTSL1,0.025090861797188137
GGAGATGCAAGATGGC-1,InN VIP FREM2,0.015893425418671434
GGAGATGCAGCATTGT-1,Endo CLDN5 SLC7A5,0.5766184849294751
GGAGATGCATGCCGCA-1,Oligo MOG OPALIN,0.3972050392516975
GGAGATGGTGCCGAAA-1,InN SST PLPP4,0.0437872593724336
GGAGATGTCCTGGGAC-1,Endo CLDN5 SLC7A5,0.41897205669773024
GGAGATGTCGGCTATA-1,Oligo MOG OPALIN,0.9807509831158144
GGAGCAAAGCGACTAG-1,PC P2RY14 GRM8,0.9999870827332337
GGAGCAAAGCTACTAC-1,PC P2RY14 GRM8,0.5856096114231294
GGAGCAAAGTGTTCCA-1,InN VIP EXPH5,0.0896738685154123
GGAGCAACAAGAGGTC-1,Astro GFAP FABP7,0.9999991037768737
GGAGGATAGACGGATC-1,L2-3 CUX2 NTNG1 PLCH1,0.8510698296334858
GGAGGATGTAGGCAAC-1,Endo CLDN5 SLC7A5,0.5876894120850447
GGAGGATGTGCGAGTA-1,Micro P2RY12 APBB1IP,0.08518136314853379
GGAGGTAAGACTGAGC-1,Endo CLDN5 SLC7A5,0.2779928018139721
GGAGGTACAGACGGAT-1,Endo CLDN5 SLC7A5,0.34907361275916754
GGAGGTACAGGATGAC-1,Oligo MOG OPALIN,0.9994811753697855
GGAGGTATCTTGATTC-1,Endo CLDN5 SLC7A5,0.16023547113809164
GGATCTAAGTACCCTA-1,Oligo MOG OPALIN,0.9947723005308405
GGATCTACAATAGTGA-1,Oligo MOG OPALIN,0.9829192591852716
GGATCTAGTCGGTGTC-1,L2-3 CUX2 ACVR1C THSD7A,0.03968582478412254
GGATCTAGTTGAATCC-1,Astro AQP4 OSMR,0.010778567376228568
GGATCTATCTAAACGC-1,OPC PDGFRA PCDH15,0.9999999999999989
GGATGTTAGCCTCTTC-1,OPC PDGFRA PCDH15,0.29188544402334815
GGATGTTAGGACGGAG-1,Oligo MOG OPALIN,0.5524213194309439
GGATGTTAGGTAATCA-1,Endo CLDN5 SLC7A5,0.513819857084394
GGATGTTAGTTGCTGT-1,Endo CLDN5 SLC7A5,0.054471549678662363
GGATGTTCATGGCTAT-1,Endo CLDN5 SLC7A5,0.11926428576052105
GGATGTTGTCCCTCAT-1,Endo CLDN5 SLC7A5,0.029471188315605214
GGCACGTAGACGCTCC-1,Endo CLDN5 SLC7A5,0.19590291664507997
GGCACGTCAAGGTCGA-1,Endo CLDN5 SLC7A5,0.9925263333023373
GGCACGTCAAGTCCCG-1,L3-5 RORB PCBP3 LINGO2,0.017035182082804037
GGCACGTTCAAGGAGC-1,Oligo MOG OPALIN,0.9986775017478895
GGCACGTTCCCATACC-1,Endo CLDN5 SLC7A5,0.9743833667713934
GGCACGTTCTTTGCGC-1,Endo CLDN5 SLC7A5,0.03703124860167635
GGCAGTCCACCGGCTA-1,Endo CLDN5 SLC7A5,0.17662181424741
GGCAGTCCAGTGAGCA-1,Endo CLDN5 SLC7A5,0.18048197247720538
GGCAGTCGTATGGTAA-1,Endo CLDN5 SLC7A5,0.9483858093250883
GGCAGTCGTCCAATCA-1,Oligo MOG OPALIN,0.6674973312855845
GGCAGTCGTCGACTGC-1,OPC PDGFRA PCDH15,0.04827417440760931
GGCAGTCGTCTACAGT-1,Astro AQP4 SLC1A2,0.08458366942218525
GGCAGTCGTGTTTGCA-1,L2-3 CUX2 NTNG1 PALMD,0.4612446426237601
GGCAGTCGTTTACCTT-1,Oligo MOG OPALIN,0.992947656400713
GGCAGTCTCACTACTT-1,Oligo MOG OPALIN,0.5707062008077921
GGCAGTCTCGCATTAG-1,Astro AQP4 SLC1A2,0.601565069002776
GGCAGTCTCTTACGTT-1,InN SST ADAMTSL1,0.04196762742007582
GGCGTCACAGAGGCAT-1,Oligo MOG OPALIN,0.9999612047665735
GGCGTCATCATCACAG-1,Oligo MOG OPALIN,0.8248343371085459
GGCGTCATCGAGAGAC-1,Oligo MOG OPALIN,0.22428995408588998
GGCTGTGGTGGCAACA-1,Oligo MOG OPALIN,0.8231604357618386
GGCTGTGTCCCTTGGT-1,InN PVALB PDE3A,0.9994919744569264
GGCTGTGTCCGAGATT-1,Oligo MOG OPALIN,0.8283259981793174
GGCTTGGAGAGCATCG-1,L3-5 RORB MKX GALR1,0.4825303866263043
GGCTTGGAGGCGCTCT-1,Astro GFAP AQP1,0.07465912809608229
GGCTTGGGTAACAGTA-1,Oligo MOG OPALIN,0.05766756759556012
GGCTTGGGTAGATCGG-1,Oligo MOG OPALIN,0.26776083334625544
GGCTTGGGTCGATTAC-1,Oligo MOG OPALIN,0.8151834657847506
GGCTTGGGTGCCTAAT-1,Oligo MOG OPALIN,0.999874968657739
GGCTTGGTCCGGCAAC-1,Astro GFAP AQP1,0.04888587637462276
GGCTTGGTCGATCCCT-1,Oligo MOG OPALIN,0.024071249292115564
GGCTTTCAGACGCTCC-1,Astro AQP4 SLC1A2,0.1700764110132881
GGCTTTCCAAGAAACT-1,Endo CLDN5 SLC7A5,0.025681465146206686
GGCTTTCCATCCGTGG-1,Endo CLDN5 SLC7A5,0.46337746978453537
GGCTTTCTCTGTGCAA-1,Oligo MOG OPALIN,0.5431073685216933
GGCTTTCTCTTGCGCT-1,Endo CLDN5 SLC7A5,0.562572569705392
GGGAAGTTCAAATGAG-1,Astro GFAP AQP1,0.9978190868403625
GGGACAACAGCGTTTA-1,Oligo MOG OPALIN,0.86320157554315
GGGACAAGTAGCTGTT-1,Oligo MOG OPALIN,0.9999648552715515
GGGACAAGTGCTCTCT-1,Oligo MOG OPALIN,0.140272127159361
GGGACAATCCCAGGCA-1,Endo CLDN5 SLC7A5,0.16392856728563215
GGGACAATCCCTCGTA-1,Endo CLDN5 SLC7A5,0.37190305530120493
GGGACCTAGCTTCTAG-1,L3-5 RORB MKX GALR1,0.02281278382254882
GGGACCTCAATGGCCC-1,L2-3 CUX2 NTNG1 PALMD,0.015479593989052845
GGGACCTGTATCCTTT-1,Endo CLDN5 SLC7A5,0.9994015227857602
GGGACCTTCACCCTTG-1,Micro P2RY12 APBB1IP,0.11648188015230151
GGGACCTTCGGCTGGT-1,Endo CLDN5 SLC7A5,0.21377573624214358
GGGACCTTCTGGGCAC-1,L3-5 RORB GABRG1 KCNH7,0.019486459501291423
GGGACTCAGTAGCATA-1,Endo CLDN5 SLC7A5,0.8075336377595671
GGGACTCCAAATTAGG-1,L6 OPRK1 SMYD1 SNTB1,0.006537996539957651
GGGACTCCAGCCTATA-1,SMC ACTA2 CNN1,0.7046625870821767
GGGACTCCAGGTACGA-1,Oligo MOG OPALIN,0.8381098398767035
GGGACTCTCTCCGAGG-1,Endo CLDN5 SLC7A5,0.80642100564971
GGGAGATAGTCCTGTA-1,Oligo MOG OPALIN,0.12728632858686748
GGGAGATGTCATAGTC-1,Micro P2RY12 APBB1IP,0.30050778779987286
GGGAGATTCTAGTACG-1,Oligo MOG OPALIN,0.924923062761686
GGGAGTAAGGACTAAT-1,Oligo MOG OPALIN,0.09574236101394705
GGGAGTAAGTCCCGGT-1,Oligo MOG OPALIN,0.997870222310664
GGGAGTACACGTAACT-1,Oligo MOG OPALIN,0.9980343396125646
GGGAGTACACTAGAGG-1,Oligo MOG OPALIN,0.9988243182918181
GGGAGTACAGAATCGG-1,Oligo MOG OPALIN,0.9452877615282215
GGGAGTAGTAACGCGA-1,Endo CLDN5 SLC7A5,0.021930072889920164
GGGAGTAGTCTAACGT-1,Endo CLDN5 SLC7A5,0.7459354481310463
GGGAGTATCTCCACTG-1,Endo CLDN5 SLC7A5,0.11399040223434026
GGGATCCAGCATGTTC-1,VLMC COL1A2 VLMCA8,0.9796019710438822
GGGATCCAGGAACGCT-1,Oligo MOG OPALIN,0.138994823305621
GGGATCCAGGGTGGGA-1,Endo CLDN5 SLC7A5,0.07094011648394787
GGGATCCCATTACTCT-1,Endo CLDN5 SLC7A5,0.63138797287006
GGGATCCGTTAGGAGC-1,Endo CLDN5 SLC7A5,0.11859520741418311
GGGATCCTCATTACTC-1,L2-3 CUX2 NTNG1 PALMD,0.01826703191658367
GGGATCCTCGGCTCTT-1,L2-3 CUX2 NTNG1 PALMD,0.03227265568961833
GGGATCCTCTGCTTTA-1,Endo CLDN5 SLC7A5,0.42059735281979815
GGGATGAAGGAAAGTG-1,Endo CLDN5 SLC7A5,0.8573181299227166
GGGATGAAGGAGAGGC-1,Oligo MOG FRY,0.15984381332952874
GGGATGACAAAGGCGT-1,L6 OPRK1 SMYD1 KCND2,0.026777717812587018
GGGATGACACATCATG-1,Oligo MOG OPALIN,0.37343622263664084
GGGATGAGTCGCACAC-1,Oligo MOG FRY,0.10376777655341198
GGGATGATCAGGTAAA-1,Oligo MOG OPALIN,0.9993876576990569
GGGATGATCTTGATTC-1,Astro GFAP AQP1,0.10008628920590382
GGGCCATAGATCGGTG-1,L2-3 CUX2 NTNG1 PALMD,0.12336574852121904
GGGCCATGTCAGGAGT-1,Endo CLDN5 SLC7A5,0.4258927836226531
GGGCCATTCGGACTTA-1,Oligo MOG OPALIN,0.29670011451386485
GGGCCATTCGGAGATG-1,Oligo MOG OPALIN,0.015071357871059758
GGGCCATTCGTGGCGT-1,Endo CLDN5 SLC7A5,0.23386320234860955
GGGCGTTCAAGTCGTT-1,Endo CLDN5 SLC7A5,0.8445046839260096
GGGCGTTTCGCGTTTC-1,Oligo MOG OPALIN,0.9948272863552079
GGGCGTTTCTGAGCAT-1,OPC PDGFRA PCDH15,0.9999999999986853
GGGCTACAGGCATCAG-1,Astro GFAP AQP1,0.19870589210645717
GGGCTACAGGCCATAG-1,Endo CLDN5 SLC7A5,0.4713310033149279
GGGCTACGTCTCGGAC-1,Oligo MOG OPALIN,0.5765984174462809
GGGCTACTCGTAGGAG-1,Endo CLDN5 SLC7A5,0.14758657694677493
GGGCTCAAGTAGCAAT-1,L2-3 CUX2 NTNG1 PALMD,0.6324023769489822
GGGCTCACAAGGTACG-1,Oligo MOG OPALIN,0.22629690069598937
GGGCTCATCCTACTGC-1,InN SST STK32A,0.9704445980281872
GGGTAGAAGGGCTGAT-1,VLMC COL1A2 VLMCA8,0.9896954524036657
GGGTAGAAGTGCACCC-1,L2-4 CUX2 RORB CLMN,0.04054778879725096
GGGTATTAGGTTGTTC-1,PC P2RY14 GRM8,0.9987914833749265
GGGTATTAGTATGGAT-1,Astro GFAP AQP1,0.9551755464904607
GGGTATTCAAACCACT-1,Endo CLDN5 SLC7A5,0.549937628854519
GGGTATTGTCAACGCC-1,Oligo MOG OPALIN,0.3735738818597767
GGGTATTGTTCCTAAG-1,Endo CLDN5 SLC7A5,0.03895632210074837
GGGTATTGTTTACTGG-1,Oligo MOG OPALIN,0.9900857027616647
GGGTATTTCAAGAGTA-1,Oligo MOG OPALIN,0.3745453102904549
GGGTATTTCCCTCATG-1,Endo CLDN5 SLC7A5,0.45572859378220903
GGGTATTTCTGTCTCG-1,L6 FEZF2 SYT6 ERBB4,0.05393764256552855
GGGTCACCACCTTCCA-1,OPC PDGFRA PCDH15,0.14857952896675317
GGGTCACCACTCACTC-1,Endo CLDN5 SLC7A5,0.353847697177947
GGGTCACCAGGGAATC-1,Oligo MOG OPALIN,0.9989269905706544
GGGTCACCATCGTGGC-1,Endo CLDN5 IL1R1,0.019823362637001317
GGGTCACGTACGTAGG-1,PC P2RY14 GRM8,0.028252660866587065
GGGTCACGTAGTCGTT-1,L3-5 RORB MKX GRIN3A,0.3216684376845898
GGGTCACGTGTTGATC-1,Oligo MOG OPALIN,0.9733726601328941
GGGTCACTCATATGGC-1,Endo CLDN5 SLC7A5,0.8344479602608134
GGGTCTGAGAAGTCTA-1,Micro P2RY12 APBB1IP,0.9669556389109311
GGGTCTGGTAGTCGGA-1,L3-5 RORB GABRG1 KCNH7,0.40600050485003186
GGGTCTGGTTCTAAGC-1,Oligo MOG OPALIN,0.9636833391737684
GGGTCTGTCCAACCGG-1,Oligo MOG OPALIN,0.9992117328171859
GGGTCTGTCCAGCACG-1,Endo CLDN5 SLC7A5,0.004691901434879711
GGGTCTGTCTTTCCAA-1,Endo CLDN5 SLC7A5,0.8123361569452976
GGGTGAAAGACCAGCA-1,Oligo MOG OPALIN,0.9318118955870914
GGGTGAACAACCTAAC-1,Oligo MOG OPALIN,0.10282927048140819
GGGTGAACAGCTGAGA-1,Endo CLDN5 SLC7A5,0.7101194930891014
GGGTGAAGTGAACTAA-1,Oligo MOG FRY,0.02157204512583354
GGGTGAAGTTCGATTG-1,Oligo MOG OPALIN,0.24511912618303747
GGGTGAATCTGTCGCT-1,Endo CLDN5 SLC7A5,0.932719631821298
GGGTGTCAGGGCAAGG-1,RB HBA1 HBB,0.019353016168670006
GGGTGTCCAGGTCAAG-1,L2-3 CUX2 NTNG1 PALMD,0.20918197407347117
GGGTGTCGTCATCACA-1,Endo CLDN5 SLC7A5,0.09943255255949711
GGGTGTCTCATTGCCC-1,InN PVALB SYT2,0.014242045388774856
GGGTGTCTCTCATAGG-1,Endo CLDN5 SLC7A5,0.9977865025958901
GGGTGTCTCTCCATAT-1,Oligo MOG OPALIN,0.7045470216679987
GGGTTATAGACGCAGT-1,RB HBA1 HBB,0.2156442295408611
GGGTTATCAATTCTTC-1,Endo CLDN5 SLC7A5,0.9398638333217054
GGGTTATCAGCCCAGT-1,Astro AQP4 SLC1A2,0.999663295125793
GGGTTATGTGACCGTC-1,Endo CLDN5 SLC7A5,0.33409726284055336
GGGTTATTCACCTCTG-1,Endo CLDN5 SLC7A5,0.011846936543245739
GGGTTTAAGATACATG-1,L2-3 CUX2 NTNG1 PALMD,0.15840832277697656
GGGTTTACATGGATCT-1,Oligo MOG OPALIN,0.9993312205675537
GGGTTTAGTACTGAGG-1,L2-3 CUX2 NTNG1 PALMD,0.05229168861954225
GGGTTTATCTCTGACC-1,Astro AQP4 OSMR,0.29777671122022104
GGTAACTCACTGTCCT-1,Oligo MOG OPALIN,0.3296284627998895
GGTAACTCAGTGGGTA-1,Oligo MOG OPALIN,0.9997029477425982
GGTAACTGTGGGCTCT-1,OPC PDGFRA PCDH15,0.9999999999999989
GGTAACTGTGTAACGG-1,Oligo MOG OPALIN,0.9791619829685603
GGTAACTTCAACCGAT-1,Oligo MOG OPALIN,0.9900768107046496
GGTAATCAGGACGGAG-1,OPC PDGFRA PCDH15,0.3416040952797461
GGTAATCAGGGTCTTT-1,Endo CLDN5 SLC7A5,0.11792389536469922
GGTAATCTCTACTGCC-1,Endo CLDN5 SLC7A5,0.9968318272629143
GGTAGAGAGAGGTATT-1,Endo CLDN5 SLC7A5,0.12651987100515838
GGTAGAGCAACAAGTA-1,Oligo MOG OPALIN,0.037107400762591
GGTAGAGTCATATGGC-1,Oligo MOG OPALIN,0.45772997195975407
GGTAGAGTCTTACGTT-1,InN LHX6 HGF STON2,0.1256510956786616
GGTCACGTCAGTCCGG-1,Oligo MOG OPALIN,0.3752221334181993
GGTCACGTCATGAAAG-1,Oligo MOG OPALIN,0.9485166721679865
GGTCACGTCCGAGAAG-1,Endo CLDN5 SLC7A5,0.0159641705736414
GGTCTGGAGAGGGTCT-1,Endo CLDN5 SLC7A5,0.7736546449031895
GGTCTGGAGCAGGCAT-1,Oligo MOG OPALIN,0.9999760193420959
GGTCTGGAGCGTATAA-1,Endo CLDN5 SLC7A5,0.6735081641304609
GGTCTGGCAATGGGTG-1,Endo CLDN5 SLC7A5,0.9995891296212752
GGTCTGGCATTGTAGC-1,Oligo MOG OPALIN,0.13966367211506234
GGTCTGGGTCCTCCAT-1,Endo CLDN5 SLC7A5,0.605188113668947
GGTGAAGAGCCTTCTC-1,Endo CLDN5 SLC7A5,0.9868653698556071
GGTGAAGAGTGGGAAA-1,Endo CLDN5 SLC7A5,0.9618952050639578
GGTGAAGCACTACCCT-1,InN VIP ADAM12,0.05294774374056698
GGTGAAGGTCCAGGTC-1,Endo CLDN5 SLC7A5,0.8391330926186423
GGTGAAGGTGTCACAT-1,Oligo MOG OPALIN,0.7424669956963126
GGTGAAGGTTGCGGCT-1,L3-5 RORB MKX DCC,0.9881205072884905
GGTGAAGTCATTCGTT-1,L3-5 RORB MKX GRIN3A,0.04600081304394405
GGTGAAGTCCGTGGCA-1,Endo CLDN5 SLC7A5,0.1352250629200152
GGTGAAGTCTGCGAGC-1,Oligo MOG OPALIN,0.9815025428545475
GGTGATTAGACATAAC-1,Endo CLDN5 SLC7A5,0.09729842058223498
GGTGATTCATGACACT-1,Oligo MOG OPALIN,0.9999934532414028
GGTGATTGTTGTCTAG-1,Astro GFAP AQP1,0.17622091709508111
GGTGATTTCCACTGAA-1,Astro AQP4 SLC1A2,0.9998802787744109
GGTGATTTCCAGCCTT-1,Endo CLDN5 SLC7A5,0.10233433092882603
GGTGATTTCCTACTGC-1,Endo CLDN5 SLC7A5,0.3649976751193393
GGTGATTTCGCCGAGT-1,Oligo MOG OPALIN,0.13853898481180416
GGTGGCTAGCAGTACG-1,Oligo MOG OPALIN,0.9680886873863788
GGTGGCTCAAACCACT-1,L6 OPRK1 THEMIS RGS6,0.36084368321121796
GGTGGCTCAAGCTGCC-1,Endo CLDN5 SLC7A5,0.4682210857050849
GGTGGCTCAGCGTACC-1,Endo CLDN5 SLC7A5,0.1359307846734984
GGTGGCTGTGGTAATA-1,Endo CLDN5 SLC7A5,0.0805532358752319
GGTGGCTTCCTCACTG-1,Oligo MOG OPALIN,0.9996593156365962
GGTGGCTTCGCCTTTG-1,Oligo MOG OPALIN,0.08456939321308557
GGTGTCGCAATACAGA-1,Oligo MOG FRY,0.2969601845761825
GGTGTCGCATGAGTAA-1,L3-5 RORB PCBP3 IL1RAPL2,0.027659932677554278
GGTGTCGTCCATTGTT-1,InN SST FREM1,0.35369715214112046
GGTGTCGTCGGTGTAT-1,Oligo MOG OPALIN,0.9989079528019776
GGTGTCGTCTAATTCC-1,Endo CLDN5 SLC7A5,0.16332314887754823
GGTGTTACAATGCAGG-1,Micro P2RY12 APBB1IP,0.06035354235466315
GGTGTTACACGCAGTC-1,Oligo MOG OPALIN,0.15114948231854733
GGTGTTACATGCCGGT-1,Endo CLDN5 SLC7A5,0.9074511591379039
GGTGTTAGTACGATTC-1,L3-5 RORB GABRG1 PTPRO,0.07103233966896924
GGTGTTATCGCGTTTC-1,Oligo MOG OPALIN,0.9819901052937076
GGTTAACAGAATTGCA-1,Endo CLDN5 SLC7A5,0.1403881085927662
GGTTAACAGGTCCAGA-1,Micro P2RY12 APBB1IP,0.7334926993193303
GGTTAACCATAACTCG-1,Astro GFAP AQP1,0.9997557765187525
GGTTAACGTGAACCGA-1,Astro AQP4 SLC1A2,0.9175767123136012
GGTTCTCAGCTTACGT-1,Micro P2RY12 APBB1IP,0.0196338992008474
GGTTCTCCAACCGCCA-1,Endo CLDN5 SLC7A5,0.2050104519758475
GGTTCTCCAGTCAGAG-1,Astro GFAP AQP1,0.17029141997643404
GGTTCTCCATGGCCCA-1,Endo CLDN5 SLC7A5,0.017682088973743362
GGTTCTCTCTCGTGAA-1,L2-3 CUX2 NTNG1 PALMD,0.37169766722453357
GGTTGTAAGTACTCGT-1,InN SST HTR2C,0.005628641406539115
GGTTGTACAGCTACTA-1,Astro GFAP AQP1,0.15614406088248747
GGTTGTATCCTGCTAC-1,Endo CLDN5 SLC7A5,0.0798572352281889
GTAACACCACGATAGG-1,Oligo MOG OPALIN,0.9999861682381117
GTAACACGTGGACTGA-1,Oligo MOG OPALIN,0.04362374224960492
GTAACACTCACTACGA-1,Astro GFAP AQP1,0.031260179623215464
GTAACACTCTACACTT-1,Endo CLDN5 SLC7A5,0.7977272687758394
GTAACCAAGGAAAGTG-1,Oligo MOG OPALIN,0.5077338274974634
GTAACCACAGGAAGTC-1,RB HBA1 HBB,0.08870186645237547
GTAACCAGTTAGGAGC-1,Endo CLDN5 SLC7A5,0.2468016503690895
GTAACCAGTTCAAGTC-1,Oligo MOG OPALIN,0.05378663204408444
GTAACCATCCCGTGAG-1,Astro AQP4 SLC1A2,0.999982460092833
GTAAGTCTCTTGGCTC-1,Endo CLDN5 SLC7A5,0.9751218291629821
GTAATCGAGCATTGTC-1,Endo CLDN5 SLC7A5,0.36677041903897095
GTAATCGAGGTTGTTC-1,Oligo MOG GSN,0.9917284984291012
GTAATCGCAAAGGAGA-1,InN SST PLPP4,0.9990168571998449
GTAATCGCAAGTGGAC-1,Astro GFAP AQP1,0.4630461911415407
GTAATCGCACGTAGTT-1,Oligo MOG OPALIN,0.7184369026765678
GTAATCGCACTTGTGA-1,InN SST NPY,0.14897271986287353
GTAATCGGTACTCCGG-1,Oligo MOG GSN,0.08479224256129059
GTAATCGGTAGGAGTC-1,Oligo MOG OPALIN,0.9999686878457579
GTAATCGGTGGGATTG-1,Endo CLDN5 SLC7A5,0.47348434893497454
GTAATGCAGGTTGCCC-1,Endo CLDN5 SLC7A5,0.020396711902154786
GTAATGCAGTGTAGTA-1,Astro AQP4 SLC1A2,0.9982799154884809
GTAATGCCAATCGAAA-1,Astro GFAP AQP1,0.02666383214159213
GTAATGCGTACGATCT-1,L3-5 RORB TNNT2 PRRX1,0.006511465548188388
GTAATGCGTATGAGAT-1,Endo CLDN5 SLC7A5,0.06250379765958698
GTAATGCGTCACCACG-1,Oligo MOG OPALIN,0.9999612596932353
GTAATGCTCAAGCCTA-1,L2-3 CUX2 NTNG1 PALMD,0.7728358212331232
GTAATGCTCACCTCTG-1,Endo CLDN5 SLC7A5,0.7753008205007986
GTACAACAGGGCAGTT-1,Endo CLDN5 SLC7A5,0.22890216288518897
GTACAACAGTCCTGTA-1,Oligo MOG OPALIN,0.09279403518114028
GTACAACCAACTGCTA-1,Endo CLDN5 SLC7A5,0.1678755178426514
GTACAACCACTAGGCC-1,Oligo MOG OPALIN,0.8857699268857699
GTACAACGTATGTCCA-1,Oligo MOG OPALIN,0.9993514646870091
GTACAACTCGAGCTGC-1,Endo CLDN5 SLC7A5,0.9900848016772374
GTACAACTCGGTCATA-1,Endo CLDN5 SLC7A5,0.044520478504981933
GTACAGTAGAAGGCTC-1,OPC PDGFRA PCDH15,0.9999651551993783
GTACAGTAGATAACAC-1,Endo CLDN5 SLC7A5,0.6151438795028819
GTACAGTGTACTCCGG-1,Endo CLDN5 SLC7A5,0.6535770991265545
GTACAGTGTGTATTGC-1,Astro AQP4 SLC1A2,0.9962510736897704
GTACAGTGTTCAGGTT-1,Oligo MOG OPALIN,0.11781848311832334
GTACAGTGTTTCGTTT-1,Endo CLDN5 SLC7A5,0.5141462822555796
GTACAGTTCAGCACCG-1,Endo CLDN5 SLC7A5,0.1463187795684604
GTAGAAAAGATACATG-1,Oligo MOG OPALIN,0.9479301489073203
GTAGAAAAGTCGAGGT-1,L3-5 RORB PCBP3 ARHGAP15,0.06948133092618898
GTAGAAAGTTCCAAAC-1,Oligo MOG OPALIN,0.9998564367447292
GTAGAAATCAAATGCC-1,Oligo MOG OPALIN,0.895580544630472
GTAGAAATCTTTGGAG-1,Astro AQP4 SLC1A2,0.9997334073445542
GTAGAGGAGCTAATCC-1,L2-3 CUX2 ACVR1C THSD7A,0.3134245066241707
GTAGAGGAGTAGTCTC-1,Oligo MOG OPALIN,0.9889097854371282
GTAGAGGTCTGAGAGG-1,L2-3 CUX2 NTNG1 PALMD,0.2040147155356254
GTAGATCAGCTACTGT-1,Endo CLDN5 SLC7A5,0.35183117027453187
GTAGATCTCCCATGGG-1,Endo CLDN5 SLC7A5,0.2189036759413515
GTAGCTACAGCCTATA-1,Oligo MOG OPALIN,0.5274633779627436
GTAGCTACAGTGGCTC-1,Endo CLDN5 SLC7A5,0.198268391702651
GTAGCTAGTAGCGAGT-1,L2-3 CUX2 NTNG1 PALMD,0.0718174387291852
GTAGCTATCACCCTCA-1,Endo CLDN5 IL1R1,0.2855799814471792
GTAGCTATCCTGTACC-1,Endo CLDN5 SLC7A5,0.887188825135785
GTAGGAGCACGAAGAC-1,OPC PDGFRA PCDH15,0.9999999999999947
GTAGGAGGTCTTTATC-1,Oligo MOG OPALIN,0.038527887489198415
GTAGGAGTCGTGGGAA-1,Endo CLDN5 SLC7A5,0.2745781171873788
GTAGGTTAGGCTTAAA-1,L2-3 CUX2 ACVR1C INHBA,0.13094520117297873
GTAGGTTAGTTGGACG-1,Oligo MOG OPALIN,0.3321957880406545
GTAGGTTGTGAGCGAT-1,Micro P2RY12 APBB1IP,0.9560789230215353
GTAGGTTGTTCGATTG-1,Astro GFAP AQP1,0.998796200570503
GTAGGTTTCTACCCAC-1,Endo CLDN5 SLC7A5,0.08491537071053913
GTAGGTTTCTTCGTGC-1,Astro AQP4 SLC1A2,0.05614667708070449
GTAGTACCACCAAATC-1,Endo CLDN5 SLC7A5,0.03551682350889094
GTAGTACGTAAGGAGA-1,Oligo MOG OPALIN,0.9998884224474894
GTAGTACGTGCTTATG-1,Oligo MOG OPALIN,0.29330904091469095
GTAGTACTCCGAGTGC-1,L2-3 CUX2 NTNG1 PALMD,0.29500760104287516
GTAGTACTCGGAATGG-1,L2-3 CUX2 NTNG1 PALMD,0.860276584010058
GTAGTACTCTAGACCA-1,Oligo MOG OPALIN,0.997851575784318
GTATTGGAGAGCAGAA-1,Endo CLDN5 SLC7A5,0.273926857931995
GTATTGGCAAGCGAGT-1,InN PVALB GRIN2C,0.11673158738962795
GTATTGGCAGATAAAC-1,Oligo MOG OPALIN,0.999235397049634
GTATTGGGTACCCGAC-1,Oligo MOG OPALIN,0.8197055730512256
GTATTGGGTATAGGGC-1,Endo CLDN5 SLC7A5,0.586671275777415
GTATTGGGTTCTCGCT-1,Astro GFAP AQP1,0.08138239093929474
GTATTGGTCATGCCAA-1,Astro GFAP AQP1,0.5677382750532494
GTATTTCAGCAGGCTA-1,L6 OPRK1 THEMIS RGS6,0.05011532529336031
GTATTTCAGTGGTTCT-1,L2-4 CUX2 RORB CLMN,0.049261936879434046
GTATTTCCAAATGCTC-1,Astro GFAP AQP1,0.9953974030175406
GTATTTCGTACGACAG-1,InN VIP ADAM12,0.010069135260063769
GTCAAACAGTCTCTGA-1,Oligo MOG OPALIN,0.6678484778087356
GTCAAACTCCTACCAC-1,Astro GFAP AQP1,0.1440031467282145
GTCAAGTAGGATGAGA-1,L3-5 RORB GABRG1 PLCH1,0.052723388055163446
GTCAAGTAGGCATTTC-1,L2-3 CUX2 NTNG1 PALMD,0.4599978784083838
GTCAAGTGTATGGGAC-1,Endo CLDN5 SLC7A5,0.7614006517164608
GTCAAGTGTCGAGCTC-1,InN SST KLHL14,0.9750725561080557
GTCAAGTGTGGGATTG-1,Oligo MOG OPALIN,0.45371641106175575
GTCAAGTTCGAGTCCG-1,L3-5 RORB GABRG1 PTPRO,0.024491152046336475
GTCACGGAGTAACGTA-1,Endo CLDN5 SLC7A5,0.04854912139915502
GTCACGGGTATACAGA-1,Astro AQP4 SLC1A2,0.9893342026291263
GTCACGGTCCTTCTGG-1,Micro P2RY12 APBB1IP,0.9993899625200566
GTCACGGTCGTGCACG-1,Astro AQP4 SLC1A2,0.9958837685126101
GTCACTCAGCGTACAG-1,Astro GFAP AQP1,0.09805335920726126
GTCACTCCATTGAGCT-1,L2-3 CUX2 NTNG1 PALMD,0.22241619800541884
GTCACTCGTTAGCGGA-1,Astro GFAP AQP1,0.07671352781481777
GTCACTCTCACCATGA-1,Oligo MOG OPALIN,0.9800327638560188
GTCACTCTCATGTCTT-1,Endo CLDN5 SLC7A5,0.11852455151859236
GTCACTCTCCCGTAAA-1,Endo CLDN5 SLC7A5,0.16152375066969138
GTCAGCGAGAGATGCC-1,Oligo MOG OPALIN,0.9999714938356564
GTCAGCGAGCGACCCT-1,L3-5 RORB MKX GRIN3A,0.9013647073692302
GTCAGCGAGCGCCATC-1,Oligo MOG OPALIN,0.43676666333488895
GTCAGCGAGGATACGC-1,Oligo MOG OPALIN,0.9999104907727037
GTCAGCGCAATCGCGC-1,Oligo MOG OPALIN,0.6619964875186022
GTCATCCAGTATAACG-1,Endo CLDN5 SLC7A5,0.45509923049646805
GTCATCCCAAGCCTGC-1,Endo CLDN5 SLC7A5,0.33383341780163955
GTCATCCCACTGCGTG-1,Astro GFAP AQP1,0.050313881347357516
GTCATCCGTACCCAGC-1,Endo CLDN5 SLC7A5,0.9871571423808525
GTCATCCTCATAAGGA-1,L6 OPRK1 THEMIS RGS6,0.9676732822224989
GTCATCCTCGGCATCG-1,Oligo MOG OPALIN,0.9803765932293796
GTCATGAAGGCTAACG-1,Oligo MOG OPALIN,0.03893327069469968
GTCATGAAGTAGGCCA-1,Endo CLDN5 SLC7A5,0.3999463454246629
GTCATGAAGTCACTGT-1,Endo CLDN5 SLC7A5,0.48667834923334796
GTCATGACAACTACGT-1,Endo CLDN5 SLC7A5,0.47663316368604464
GTCATGACACAGTCCG-1,L3-5 RORB MKX GRIN3A,0.5844957971458689
GTCATGAGTCTTGAGT-1,Endo CLDN5 SLC7A5,0.8850235725839861
GTCATGATCTCGTGAA-1,L3-5 RORB PCBP3 IL1RAPL2,0.009965900811541823
GTCATGATCTGTCGCT-1,Oligo MOG OPALIN,0.08899412022261338
GTCATTTAGTGGATAT-1,L2-3 CUX2 ACVR1C INHBA,0.041774781570005505
GTCATTTCATGGAAGC-1,Astro GFAP AQP1,0.023737023580038603
GTCATTTTCACCACAA-1,OPC PDGFRA PCDH15,0.9999999999999443
GTCATTTTCGAACACT-1,Endo CLDN5 SLC7A5,0.8979945252206284
GTCCACTAGAGTTGTA-1,Oligo MOG OPALIN,0.5520038023614217
GTCCACTAGCGAATGC-1,L3-5 RORB GABRG1 PTPRO,0.12085318489641116
GTCCACTAGGGCAGGA-1,L3-5 RORB MKX GRIN3A,0.015198932915239834
GTCCACTCACGACCTG-1,Oligo MOG OPALIN,0.9570840260881989
GTCCACTGTACGATGG-1,Endo CLDN5 SLC7A5,0.08623824411410001
GTCCACTGTGTTGATC-1,L2-4 CUX2 RORB CLMN,0.05045254585624553
GTCCACTTCCCGAAAT-1,Micro P2RY12 APBB1IP,0.9379805602399326
GTCCCATAGCGATGAC-1,Endo CLDN5 SLC7A5,0.6628465250200225
GTCCCATAGGTCCCTG-1,Oligo MOG OPALIN,0.9999638054074248
GTCCCATCAATCTCGA-1,Astro AQP4 SLC1A2,0.13106567635719915
GTCCCATCACACAGCC-1,L6 OPRK1 THEMIS RGS6,0.6197905349872742
GTCCCATCACTCTCGT-1,Endo CLDN5 SLC7A5,0.3884810598692791
GTCCCATGTCGCGGTT-1,Astro GFAP AQP1,0.18761162927845557
GTCCCATGTCTACACA-1,Endo CLDN5 SLC7A5,0.46647847308457185
GTCCCATGTGAGCAGT-1,Endo CLDN5 SLC7A5,0.9610077968477815
GTCCCATGTGCGAACA-1,Oligo MOG OPALIN,0.6474261401681533
GTCCCATGTTTCGACA-1,L2-3 CUX2 NTNG1 PALMD,0.6212052175323779
GTCCCATTCCCGAGTG-1,Oligo MOG FRY,0.05866193992998445
GTCCCATTCGTCGATA-1,Endo CLDN5 SLC7A5,0.26655567744648395
GTCCCATTCTTACGGA-1,Endo CLDN5 SLC7A5,0.9770808916616315
GTCCTCAAGACAACTA-1,Endo CLDN5 SLC7A5,0.43078810190407235
GTCCTCAAGTCTACCA-1,Astro GFAP AQP1,0.4838033574024026
GTCCTCACACGAGAAC-1,L3-5 RORB PCBP3 IL1RAPL2,0.15246480770300572
GTCCTCAGTTTAAGGA-1,Endo CLDN5 SLC7A5,0.6265110877023587
GTCGAATCACACGCCA-1,Oligo MOG OPALIN,0.03542081852138546
GTCGAATCAGTCGAGA-1,Endo CLDN5 SLC7A5,0.40485614585793567
GTCGAATTCCATCTGC-1,L2-3 CUX2 NTNG1 PALMD,0.4244678787263263
GTCGCGAAGCTGTGCC-1,Endo CLDN5 SLC7A5,0.18794727835611982
GTCGCGAAGGCCTTCG-1,Oligo MOG OPALIN,0.9995332503714466
GTCGCGACAAAGGTTA-1,L3-5 RORB GABRG1 PTPRO,0.051683333274888325
GTCGCGAGTGAGCGAT-1,InN PVALB ANOS1,0.02062514797885838
GTCGCGAGTTTCTATC-1,Oligo MOG OPALIN,0.9975129726710366
GTCGCGATCATATGGC-1,Micro P2RY12 APBB1IP,0.10167322592410197
GTCGCGATCCAATCTT-1,Endo CLDN5 SLC7A5,0.12585704110583848
GTCGCGATCCCTCAAC-1,Oligo MOG OPALIN,0.9904367996610949
GTCGCGATCTGTACAG-1,L6 FEZF2 SYT6 ERBB4,0.014420689647332818
GTCGTAAAGTGCGACA-1,Endo CLDN5 SLC7A5,0.23074972138742297
GTCGTAACAACAGAGC-1,Oligo MOG OPALIN,0.9587337193686447
GTCGTAAGTGTAAACA-1,Endo CLDN5 SLC7A5,0.02422110824255655
GTCGTAAGTTGGACTT-1,Astro GFAP AQP1,0.125332531706975
GTCGTAATCTTAGGAC-1,Endo CLDN5 SLC7A5,0.8789449594783317
GTCGTTCCACTATCGA-1,Oligo MOG OPALIN,0.7754095248045094
GTCGTTCGTGCATTTG-1,Endo CLDN5 SLC7A5,0.8661690843077873
GTCGTTCTCAGGAACG-1,Endo CLDN5 SLC7A5,0.8131120828409946
GTCGTTCTCATAGACC-1,L6 FEZF2 SYT6 PTPRT,0.03428846726851943
GTCTACCAGACGCTCC-1,Astro GFAP AQP1,0.997927742953952
GTCTACCCAGCTACCG-1,L6 OPRK1 THEMIS RGS6,0.9678314231944797
GTCTACCGTCCGAAAG-1,L2-3 CUX2 NTNG1 PALMD,0.5210262845513947
GTCTACCGTTTGAAAG-1,Endo CLDN5 SLC7A5,0.9016180040593026
GTCTACCTCAGGAAAT-1,L2-3 CUX2 NTNG1 PALMD,0.060211124648348574
GTCTAGACAGAGGCTA-1,Oligo MOG OPALIN,0.2927134724307087
GTCTAGACAGAGTGTG-1,L2-3 CUX2 NTNG1 PALMD,0.483140398794799
GTCTAGACAGATCCTA-1,Micro P2RY12 APBB1IP,0.9663345758317272
GTCTAGACAGCCTTCT-1,Endo CLDN5 SLC7A5,0.6899885876506913
GTCTAGATCAGAATAG-1,Micro P2RY12 APBB1IP,0.40928952591798645
GTCTAGATCGCCAATA-1,Oligo MOG OPALIN,0.9976961171798198
GTCTAGATCTATACGG-1,Oligo MOG GSN,0.9991743696168798
GTCTCACAGCGTGAGT-1,L6 OPRK1 THEMIS RGS6,0.9342299543905793
GTCTCACAGTGGGAAA-1,Endo CLDN5 SLC7A5,0.8451763079840509
GTCTCACCACGCGGTT-1,InN PVALB PIEZO2,0.01082268325508212
GTCTCACCATGTCGTA-1,Oligo MOG OPALIN,0.22683743919205487
GTCTCACGTTATCTGG-1,Oligo MOG OPALIN,0.9997805503255713
GTCTCACTCGCGGACT-1,L3-5 RORB MKX DCC,0.13773593850178248
GTCTGTCCATGGGTCC-1,L3-5 RORB GABRG1 PTPRO,0.01607285304903383
GTCTGTCTCCTCAGAA-1,Micro P2RY12 APBB1IP,0.46664383710773205
GTCTTTAAGGAACGAA-1,Oligo MOG OPALIN,0.9996827466379843
GTCTTTACAACCGACC-1,Oligo MOG FRY,0.015308873865053417
GTCTTTACAACGGTAG-1,Endo CLDN5 SLC7A5,0.12154691758389301
GTCTTTACATGATAGA-1,Endo CLDN5 SLC7A5,0.22531887292315173
GTCTTTACATGGTACT-1,Endo CLDN5 SLC7A5,0.12670994432451288
GTCTTTAGTTAGGGTG-1,L2-3 CUX2 NTNG1 PALMD,0.1193127208716134
GTCTTTAGTTCTATCT-1,Endo CLDN5 SLC7A5,0.7989651487847282
GTGACGCAGTACGAGC-1,Oligo MOG OPALIN,0.5527044791906002
GTGACGCGTAACGCGA-1,L3-5 RORB MKX GRIN3A,0.07269826687358875
GTGACGCGTCAACATC-1,Endo CLDN5 SLC7A5,0.9586134758843349
GTGACGCGTGCCCTTT-1,Oligo MOG OPALIN,0.35616765130497174
GTGACGCTCAACACCA-1,L3-5 RORB GABRG1 PTPRO,0.2681107319676238
GTGACGCTCCATTGCC-1,Endo CLDN5 SLC7A5,0.6274568809608884
GTGACGCTCCCATAAG-1,Oligo MOG OPALIN,0.9281917829792049
GTGACGCTCTCCCATG-1,Oligo MOG OPALIN,0.4774707870476971
GTGAGCCAGCTATCTG-1,Endo CLDN5 SLC7A5,0.09286979057178103
GTGAGCCAGGGAGGAC-1,Astro AQP4 SLC1A2,0.9999832517914684
GTGAGCCCACGCTATA-1,Endo CLDN5 SLC7A5,0.8512294915529467
GTGAGCCCACTTCTCG-1,Oligo MOG OPALIN,0.9863934298824476
GTGAGCCCATACACCA-1,L6 OPRK1 THEMIS RGS6,0.050826818266971205
GTGAGCCGTGCCTTCT-1,InN SST HS3ST5,0.814508746392849
GTGAGCCTCAACACCA-1,Endo CLDN5 SLC7A5,0.18907894541778458
GTGAGCCTCTGACGCG-1,L3-5 RORB TNNT2 PRRX1,0.06377098907220846
GTGAGGAAGATGCTGG-1,Astro GFAP AQP1,0.2236375142428775
GTGAGGAAGGTCATCT-1,L2-3 CUX2 NTNG1 PALMD,0.4078702569653077
GTGAGGACAACTGATC-1,Oligo MOG OPALIN,0.9756263315470356
GTGAGGACAACTTGGT-1,L2-3 CUX2 NTNG1 PALMD,0.4307117606126102
GTGAGGACAGTAACAA-1,Endo CLDN5 SLC7A5,0.6730970546104023
GTGAGGAGTCTTGCTC-1,L2-3 CUX2 NTNG1 PALMD,0.07958696558675195
GTGAGTTCATTAAGCC-1,Oligo MOG OPALIN,0.8758968639510828
GTGAGTTGTCCACGCA-1,Astro AQP4 SLC1A2,0.9280936425224645
GTGATGTAGTCACGCC-1,Endo CLDN5 SLC7A5,0.048705564399304756
GTGATGTCACCAAAGG-1,Micro P2RY12 GLDN,0.8826097538083535
GTGATGTGTGGGTCAA-1,L2-4 CUX2 RORB CLMN,0.0064130387956373965
GTGATGTGTTCGGCCA-1,Endo CLDN5 SLC7A5,0.17845740058163617
GTGATGTGTTGGGAAC-1,InN PVALB HPSE,0.17846584777380156
GTGATGTTCAGGGTAG-1,L6 FEZF2 NPFFR2 TPD52L1,0.8503186016357073
GTGATGTTCTGAGAAA-1,Astro AQP4 SLC1A2,0.8088032787238113
GTGCACGAGTCCGTCG-1,Oligo MOG OPALIN,0.9594788305036992
GTGCACGCAAATAGCA-1,Oligo MOG OPALIN,0.9999477708882291
GTGCACGCACGTACAT-1,L2-4 CUX2 RORB CLMN,0.16381188907018004
GTGCACGCAGCTACTA-1,L3-5 RORB PCBP3 IL1RAPL2,0.03333855832984119
GTGCACGTCATTGCCC-1,Endo CLDN5 SLC7A5,0.1869350166642332
GTGCAGCAGACCTCAT-1,L2-3 CUX2 NTNG1 PALMD,0.15794236493629832
GTGCAGCCAACCTAAC-1,Oligo MOG OPALIN,0.1086701962557269
GTGCAGCCACAAGTTC-1,Oligo MOG OPALIN,0.7632121474640444
GTGCAGCCACCAAAGG-1,Endo CLDN5 SLC7A5,0.7753352685867716
GTGCAGCGTGATCATC-1,Micro P2RY12 APBB1IP,0.06875598672154107
GTGCAGCGTGATTAGA-1,Endo CLDN5 SLC7A5,0.02558826934040808
GTGCAGCTCCTATGGA-1,Oligo MOG OPALIN,0.9997695127133877
GTGCGTGAGAACTTCC-1,InN PVALB ANOS1,0.12067474103205687
GTGCGTGAGAGTCTTC-1,Oligo MOG OPALIN,0.05187391157025615
GTGCGTGAGCGGATCA-1,L2-3 CUX2 ACVR1C THSD7A,0.07131528636990891
GTGCGTGCACCAAAGG-1,Endo CLDN5 SLC7A5,0.9428714541627355
GTGCGTGCATCGTGCG-1,L6 FEZF2 NPFFR2 TPD52L1,0.07395660188016784
GTGCGTGCATGGGCAA-1,Endo CLDN5 SLC7A5,0.47048272552370063
GTGCTGGAGGTATCTC-1,Oligo MOG OPALIN,0.9325994257152838
GTGCTGGAGTGATGGC-1,Oligo MOG OPALIN,0.2962918379620305
GTGCTGGCAGACCTGC-1,Oligo MOG OPALIN,0.9999701885538428
GTGCTGGCAGCTATTG-1,Astro AQP4 SLC1A2,0.999138451514197
GTGCTGGTCCCAAGCG-1,L3-5 RORB GABRG1 PTPRO,0.14031024918767548
GTGCTGGTCCCGTGAG-1,Endo CLDN5 SLC7A5,0.6545111722013908
GTGCTGGTCGACCAAT-1,Endo CLDN5 SLC7A5,0.03913203620541771
GTGCTTCAGTACGAGC-1,L2-3 CUX2 NTNG1 PALMD,0.05289895615013826
GTGCTTCCACCTCTAC-1,Oligo MOG OPALIN,0.9876701483719516
GTGCTTCGTAGCGTAG-1,Oligo MOG OPALIN,0.2743358664280719
GTGCTTCGTGAATGTA-1,InN SST TRPC7,0.04783840008629717
GTGGAAGAGAGGGTGG-1,L2-4 CUX2 RORB CLMN,0.06293782878818098
GTGGAAGCAGGGACTA-1,L6 FEZF2 SYT6 PTPRT,0.04502969475444356
GTGGAAGCATGTCTAG-1,Micro P2RY12 CCL3,0.4702112180601409
GTGGAAGTCCTATTTG-1,Endo CLDN5 SLC7A5,0.08653305137071765
GTGGAAGTCGCGCTGA-1,Endo CLDN5 SLC7A5,0.16781133343132926
GTGGAAGTCGTAACCA-1,Endo CLDN5 SLC7A5,0.6609646442813203
GTGGAGAGTAACCAGG-1,Micro P2RY12 APBB1IP,0.005183609981757029
GTGGAGAGTCAGATTC-1,L3-5 RORB GABRG1 KCNH7,0.04772483835658363
GTGGCGTAGATCCCGC-1,Oligo MOG OPALIN,0.8553220907161894
GTGGCGTCATGGTGGA-1,Oligo MOG OPALIN,0.9999969550725688
GTGGCGTGTATGAGGC-1,InN SST FREM1,0.1344718558671278
GTGGCGTTCCGATAAC-1,Oligo MOG OPALIN,0.9999936534240261
GTGGCGTTCGTGGGTC-1,InN VIP ADAM12,0.08486822107858755
GTGGGAAAGCCTAGGA-1,Endo CLDN5 SLC7A5,0.19845926704191344
GTGGGAACAAATGCTC-1,Endo CLDN5 SLC7A5,0.9191880617149085
GTGGGAACACGAGGTA-1,Endo CLDN5 SLC7A5,0.1056463753409988
GTGGGAACACTTCCTG-1,Oligo MOG OPALIN,0.9389573990633194
GTGGGAAGTGAGCGAT-1,Endo CLDN5 SLC7A5,0.7622617880286106
GTGGGAAGTGTTAGCT-1,L3-5 RORB MKX GALR1,0.0187662336430414
GTGGGAATCCGCTAGG-1,Oligo MOG OPALIN,0.019506664419858242
GTGGGAATCGCCAATA-1,L2-3 CUX2 NTNG1 PALMD,0.18563670626607864
GTGGTTACAGAGGGTT-1,Endo CLDN5 SLC7A5,0.03836310558306559
GTGGTTACATCGATGT-1,Oligo MOG OPALIN,0.984512578886291
GTGGTTATCAAGAGGC-1,Endo CLDN5 SLC7A5,0.2608168036409388
GTGGTTATCGCCAATA-1,Astro AQP4 SLC1A2,0.9473498795739226
GTGTAACAGACTTCCA-1,Astro GFAP AQP1,0.04241103571183826
GTGTAACAGATTAGCA-1,Endo CLDN5 SLC7A5,0.6874061082155427
GTGTAACAGTAATTGG-1,L2-3 CUX2 NTNG1 PALMD,0.03536741945471031
GTGTAACCAAGCAATA-1,L2-3 CUX2 NTNG1 PALMD,0.09005235502058906
GTGTAACCAGACGATG-1,Oligo MOG OPALIN,0.109998676294345
GTGTAACGTGAGGAAA-1,Endo CLDN5 SLC7A5,0.720319603650384
GTGTAACGTGTTATCG-1,Oligo MOG OPALIN,0.9999997887098202
GTGTCCTAGAAGTCTA-1,Oligo MOG OPALIN,0.07979154867350226
GTGTCCTAGGGCTAAC-1,Endo CLDN5 SLC7A5,0.791272573425844
GTGTCCTCATTCTGTT-1,L2-3 CUX2 NTNG1 PALMD,0.09449462235889731
GTGTCCTTCGACATAC-1,Astro AQP4 SLC1A2,0.9383345210688844
GTGTCCTTCGCAAGAG-1,L2-3 CUX2 NTNG1 PALMD,0.23022836063772098
GTGTCCTTCTCCGATC-1,Endo CLDN5 SLC7A5,0.943714825777124
GTGTCCTTCTTGGGCG-1,T SKAP1 CD247,0.9633345979232135
GTGTGATCAGGCAATG-1,Endo CLDN5 SLC7A5,0.31272701035345335
GTGTGATCATGAAAGT-1,InN PVALB HPSE,0.02541650640293096
GTGTGATGTAATGATG-1,L6 FEZF2 SYT6 ERBB4,0.012014745107550743
GTGTGATGTCACGACC-1,Oligo MOG OPALIN,0.9307801738116664
GTGTGGCAGAGTCAGC-1,Endo CLDN5 SLC7A5,0.30080361881365614
GTGTGGCAGGGAGTGG-1,Oligo MOG OPALIN,0.5640770065294495
GTGTGGCCACAGAGCA-1,Endo CLDN5 SLC7A5,0.5444624920605741
GTGTGGCCATAGCACT-1,L6 OPRK1 THEMIS RGS6,0.9969398603102411
GTGTGGCGTGACGTCC-1,Endo CLDN5 IL1R1,0.10658591349591057
GTGTGGCTCACCGGTG-1,Astro AQP4 OSMR,0.009595923346425705
GTGTTAGGTACGATGG-1,Oligo MOG OPALIN,0.6906868135957974
GTGTTAGGTGCATACT-1,Endo CLDN5 SLC7A5,0.7930942214004727
GTGTTAGGTGTGCCTG-1,Oligo MOG OPALIN,0.9997438762830213
GTGTTAGTCCATCGTC-1,Endo CLDN5 SLC7A5,0.7736909712265916
GTGTTCCCAACTGCTA-1,L2-3 CUX2 NTNG1 PALMD,0.8962663426383047
GTGTTCCGTGCTCTCT-1,Micro P2RY12 APBB1IP,0.9996753087191024
GTGTTCCTCATTGTTC-1,Endo CLDN5 SLC7A5,0.30251622133557876
GTTACAGAGTGGTGGT-1,Endo CLDN5 SLC7A5,0.7315838805685033
GTTACAGCAAGTGACG-1,Endo CLDN5 SLC7A5,0.17431358039304326
GTTACAGCAGCCGGTT-1,Endo CLDN5 SLC7A5,0.45856879897518577
GTTACAGCATCTCCCA-1,L3-5 RORB MKX DCC,0.0292851248255191
GTTACAGTCGGATACT-1,Oligo MOG OPALIN,0.7590347666377039
GTTACAGTCTAGTTCT-1,Endo CLDN5 SLC7A5,0.9505275093142692
GTTACCCAGCGCCATC-1,L2-3 CUX2 NTNG1 COL5A2,0.019543473346325547
GTTACCCCAGGTTACT-1,Endo CLDN5 SLC7A5,0.21955594586943844
GTTACCCTCATCGCTC-1,Endo CLDN5 SLC7A5,0.08596728971226145
GTTACGACAAGACGGT-1,Oligo MOG OPALIN,0.8637362435929514
GTTACGAGTGCTGCAC-1,Oligo MOG OPALIN,0.6778043355365803
GTTAGACAGACGCCCT-1,Oligo MOG OPALIN,0.5056739098810852
GTTAGACAGCGCCTAC-1,Endo CLDN5 SLC7A5,0.38231782139180465
GTTAGACAGGACAAGA-1,Endo CLDN5 SLC7A5,0.05188421219521444
GTTAGACAGGGATCGT-1,Oligo MOG OPALIN,0.428307815527275
GTTAGACAGGTGCATG-1,Endo CLDN5 SLC7A5,0.4822821190943621
GTTAGACAGTGCCCGT-1,L2-3 CUX2 NTNG1 PALMD,0.07166717671681055
GTTAGACAGTGCGACA-1,Oligo MOG OPALIN,0.7988118095396234
GTTAGACAGTTCATGC-1,Oligo MOG OPALIN,0.22101407750317328
GTTAGACCACGTACAT-1,Astro AQP4 SLC1A2,0.9999840661444461
GTTAGACGTAAGTAGT-1,Endo CLDN5 SLC7A5,0.9936734374770474
GTTAGACTCACCTGTC-1,Endo CLDN5 SLC7A5,0.9153744292584741
GTTAGACTCTAGGCAT-1,Oligo MOG OPALIN,0.9999006185007393
GTTAGTGGTCTCCTGT-1,Oligo MOG OPALIN,0.9995501874008349
GTTAGTGGTGCACGCT-1,Micro P2RY12 APBB1IP,0.03306699915882228
GTTAGTGTCACAACCA-1,Endo CLDN5 SLC7A5,0.9993618215185283
GTTATGGCAGGGTCTC-1,Endo CLDN5 SLC7A5,0.3943380811127436
GTTATGGCAGTTGGTT-1,Endo CLDN5 SLC7A5,0.10805293889714149
GTTATGGTCGCCTTTG-1,Astro GFAP AQP1,0.9937108221490607
GTTATGGTCTCCTGAC-1,Endo CLDN5 SLC7A5,0.9342823385694474
GTTCATTAGCAAATCA-1,Endo CLDN5 SLC7A5,0.08550780529044522
GTTCATTCAGAGAATT-1,Oligo MOG FRY,0.10763288675927704
GTTCATTGTTCGAGCC-1,L3-5 RORB TNNT2 PRRX1,0.13765152181744642
GTTCATTTCGCGTGCA-1,Endo CLDN5 SLC7A5,0.32931860404241
GTTCCGTAGAAATGGG-1,Oligo MOG OPALIN,0.9262690859929743
GTTCCGTAGATCGCCC-1,Endo CLDN5 SLC7A5,0.12165062467925682
GTTCCGTCAACAAGAT-1,Endo CLDN5 SLC7A5,0.7900998076914215
GTTCCGTCACGACAGA-1,Astro AQP4 SLC1A2,0.19411288879211133
GTTCCGTCATGACGAG-1,L2-3 CUX2 NTNG1 PALMD,0.07417061203845318
GTTCCGTGTCAAAGCG-1,Endo CLDN5 SLC7A5,0.6851455967343736
GTTCCGTTCTCCCATG-1,Oligo MOG OPALIN,0.9522616274185368
GTTCGCTCACATATCG-1,Endo CLDN5 SLC7A5,0.9771878354605577
GTTCGCTCACATCATG-1,Endo CLDN5 SLC7A5,0.5340337531585848
GTTCGCTCAGTTTCAG-1,Oligo MOG OPALIN,0.999974612645087
GTTCGCTCATTACTCT-1,Endo CLDN5 SLC7A5,0.03971445945156121
GTTCGCTTCAATCTTC-1,Endo CLDN5 SLC7A5,0.1471367028126019
GTTCTATAGGCATGGT-1,Oligo MOG GSN,0.5960890467083793
GTTCTATAGTAACGTA-1,Astro GFAP AQP1,0.34880943024368344
GTTCTATCAAGTCGTT-1,Endo CLDN5 SLC7A5,0.509068880061072
GTTCTATCATCCCGTT-1,Endo CLDN5 SLC7A5,0.1279438728106784
GTTCTATGTCTACAGT-1,Endo CLDN5 SLC7A5,0.6874229135551638
GTTCTATGTTTACACG-1,Oligo MOG OPALIN,0.8045287451948566
GTTCTATTCCTACACC-1,Astro AQP4 SLC1A2,0.9999758791778122
GTTCTATTCTTTGCGC-1,Oligo MOG OPALIN,0.9954304465260161
GTTGAACGTGTGTACT-1,Oligo MOG OPALIN,0.9999836436425954
GTTGAACGTTCAATCG-1,Endo CLDN5 SLC7A5,0.6724087377568383
GTTGAACTCAGCACCG-1,Oligo MOG OPALIN,0.8996691605741086
GTTGAACTCTCTCTTC-1,Oligo MOG OPALIN,0.4185192504424577
GTTGCGGCAAATGCTC-1,InN SST HTR2C,0.019760774315753304
GTTGCGGTCAGAGTTC-1,L6 OPRK1 THEMIS RGS6,0.999795101944223
GTTGCGGTCCAACCAA-1,Endo CLDN5 SLC7A5,0.536722498641426
GTTGCTCAGAGAGCAA-1,Astro GFAP AQP1,0.057281693150362446
GTTGCTCAGGCGATAC-1,Astro AQP4 SLC1A2,0.9989996581464644
GTTGCTCAGTAACAGT-1,Oligo MOG OPALIN,0.999921299950414
GTTGCTCAGTTCCATG-1,L2-3 CUX2 NTNG1 PALMD,0.2308951036419425
GTTGCTCCAACGTAAA-1,Endo CLDN5 SLC7A5,0.6987567645101446
GTTGCTCCAGACAATA-1,Endo CLDN5 SLC7A5,0.7577036855577314
GTTGCTCGTCGCTCGA-1,Endo CLDN5 SLC7A5,0.008252696849284624
GTTGCTCTCACTCTTA-1,Endo CLDN5 SLC7A5,0.4094324773140832
GTTGCTCTCCATAAGC-1,VLMC SLC47A1 SLC4A4,0.9999996057468576
GTTGTAGAGCAGCACA-1,Micro P2RY12 APBB1IP,0.9845996265356649
GTTGTAGGTGCGTCGT-1,Endo CLDN5 SLC7A5,0.08545869030530338
GTTGTCCCAATCGAAA-1,Oligo MOG OPALIN,0.4802141061604757
GTTGTCCCACGTACAT-1,Endo CLDN5 SLC7A5,0.887196178032775
GTTGTCCCATAGCTGT-1,Endo CLDN5 SLC7A5,0.53081782890027
GTTGTCCCATGACTTG-1,Endo CLDN5 SLC7A5,0.742676099283474
GTTGTCCTCTTAGCCC-1,InN VIP ADAM12,0.03289462863610805
GTTGTGAAGGGAACAA-1,Micro P2RY12 GLDN,0.22565932735765923
GTTGTGAAGGTTCATC-1,Oligo MOG OPALIN,0.9964702904551999
GTTGTGACACTCATAG-1,Endo CLDN5 SLC7A5,0.5436334064337778
GTTGTGACACTGATTG-1,Oligo MOG OPALIN,0.5754453154812937
GTTGTGACATGGGAAC-1,Oligo MOG OPALIN,0.9715671965424378
GTTGTGAGTAACACCT-1,Oligo MOG OPALIN,0.14151956027615076
GTTGTGAGTCATAAAG-1,L2-3 CUX2 NTNG1 PLCH1,0.11831352519283325
GTTGTGATCTGCGGGT-1,OPC PDGFRA PCDH15,0.9999999999999714
GTTTACTAGGAAGTGA-1,Astro GFAP AQP1,0.9954320555287688
GTTTACTGTACACTCA-1,Oligo MOG OPALIN,0.9882991534878255
GTTTACTGTCAAACGG-1,Oligo MOG OPALIN,0.9999418569958379
GTTTACTGTGATACCT-1,Endo CLDN5 SLC7A5,0.7008300827753612
GTTTACTGTTGTCAGT-1,VLMC COL1A2 SLC13A3,0.8230495799725935
GTTTACTTCAAGCCCG-1,VLMC COL1A2 VLMCA8,0.8849286038015662
GTTTACTTCCGCTGTT-1,Astro GFAP AQP1,0.02983975516109309
GTTTGGACACAGTCCG-1,Oligo MOG OPALIN,0.9184639010487569
GTTTGGACAGCTACAT-1,Endo CLDN5 SLC7A5,0.4298416578216918
GTTTGGAGTGGTCCCA-1,Endo CLDN5 SLC7A5,0.7267817892497609
GTTTGGAGTTCCCACT-1,Micro P2RY12 APBB1IP,0.7965543165861024
GTTTGGAGTTTATGCG-1,L2-3 CUX2 NTNG1 PALMD,0.14610643799686274
TAACACGAGCATCAAA-1,Oligo MOG OPALIN,0.08403798405181157
TAACACGAGCCATTTG-1,Endo CLDN5 SLC7A5,0.9415760915743593
TAACACGCAAAGACTA-1,Oligo MOG OPALIN,0.6568881636687589
TAACACGCACTCGATA-1,Oligo MOG OPALIN,0.9737804272496997
TAACACGCAGAGTTCT-1,Oligo MOG OPALIN,0.9330959569277237
TAACACGCATTGTCGA-1,OPC PDGFRA PCDH15,1.0
TAACACGGTAGGGAGG-1,Oligo MOG OPALIN,0.9993308246089446
TAACACGTCATTTGCT-1,Endo CLDN5 SLC7A5,0.034020008031349705
TAACACGTCGGCCAAC-1,Oligo MOG OPALIN,0.3276358433675197
TAACCAGAGTCTTGGT-1,Astro AQP4 SLC1A2,0.670517877293662
TAACCAGCAACCGATT-1,Endo CLDN5 SLC7A5,0.6086461176832538
TAACCAGGTAGGATAT-1,L2-3 CUX2 NTNG1 PALMD,0.282074118932512
TAACCAGGTTCTATCT-1,Oligo MOG OPALIN,0.6005478411851063
TAACGACAGCCTCCAG-1,Endo CLDN5 SLC7A5,0.11349225163071691
TAACGACAGGACCCAA-1,Endo CLDN5 SLC7A5,0.06647642847310291
TAACGACCAAAGTATG-1,Endo CLDN5 SLC7A5,0.9667226160334343
TAACGACCAATAGGGC-1,Endo CLDN5 SLC7A5,0.5676666235058345
TAACGACCAATGAAAC-1,L2-4 CUX2 RORB CLMN,0.12871893684393623
TAACGACCATCGTCCT-1,Astro GFAP AQP1,0.043243937731811975
TAACGACGTACGTTCA-1,Oligo MOG OPALIN,0.521607920328745
TAACGACGTTAGGAGC-1,Micro P2RY12 APBB1IP,0.20962756495353257
TAACGACTCTCAGGCG-1,Endo CLDN5 SLC7A5,0.06756910405350315
TAACTTCGTGCTAGCC-1,L3-5 RORB PCBP3 LINGO2,0.0894002749782495
TAACTTCTCAGCTCTC-1,L2-4 CUX2 RORB CLMN,0.04509838098960374
TAACTTCTCCTCATAT-1,Endo CLDN5 SLC7A5,0.21205211237453142
TAAGCACAGTCTCGTA-1,Endo CLDN5 SLC7A5,0.07393425234395498
TAAGCACCACTCCCTA-1,Oligo MOG OPALIN,0.4282953257468914
TAAGCACCAGACTCTA-1,Endo CLDN5 SLC7A5,0.9302570797705209
TAAGCACGTTCGAAGG-1,Oligo MOG OPALIN,0.9925994706139434
TAAGCCAAGCAGTCTT-1,Astro GFAP AQP1,0.035869756873110954
TAAGCCAAGGCATCTT-1,Endo CLDN5 SLC7A5,0.5828147225035883
TAAGCCACAACTACGT-1,L6 OPRK1 THEMIS RGS6,0.021260631447413084
TAAGCCACACATGAAA-1,L2-4 CUX2 RORB CLMN,0.05975120448012608
TAAGCCAGTATTTCCT-1,Endo CLDN5 SLC7A5,0.5071053067628074
TAAGCCAGTCGGCTAC-1,Endo CLDN5 SLC7A5,0.68632967303021
TAAGCGTCAACCACAT-1,Astro AQP4 SLC1A2,0.9999956904554681
TAAGCGTGTCTCCTGT-1,Oligo MOG OPALIN,0.6987861359041466
TAAGCGTTCAAGGACG-1,L6 FEZF2 NPFFR2 KCNK2,0.9770772724399179
TAAGCGTTCCTCTAAT-1,Oligo MOG OPALIN,0.9999851999716782
TAAGCGTTCGACTCCT-1,Endo CLDN5 SLC7A5,0.029475218883687867
TAAGTCGCACAAATAG-1,Endo CLDN5 SLC7A5,0.1035116337792493
TAAGTCGCACAACGCC-1,InN PVALB PIEZO2,0.15443593150563092
TAAGTCGGTGCTGTCG-1,Astro GFAP AQP1,0.23099758339968668
TAAGTCGTCACCGGGT-1,Endo CLDN5 SLC7A5,0.2561261745291784
TAATCTCAGCCTGAGA-1,OPC PDGFRA PCDH15,0.9999999925714669
TAATCTCAGTCCGCCA-1,Endo CLDN5 SLC7A5,0.0791658717871623
TAATCTCCAACTGTGT-1,Oligo MOG OPALIN,0.9999898345071349
TAATCTCCATCACAGT-1,Endo CLDN5 SLC7A5,0.7760017152322646
TAATCTCTCATGAGGG-1,Oligo MOG OPALIN,0.3986658060888594
TAATCTCTCTATGCCC-1,Endo CLDN5 SLC7A5,0.09799211205317815
TAATCTCTCTCTAGGA-1,Endo CLDN5 SLC7A5,0.987306735878623
TAATCTCTCTTCTTCC-1,L6 OPRK1 THEMIS RGS6,0.14889594341263807
TAATTCCAGCCTTTGA-1,Micro P2RY12 APBB1IP,0.9520404254393798
TAATTCCAGTCTAACC-1,Oligo MOG OPALIN,0.8741882851975549
TAATTCCCAGAGCGTA-1,L3-5 RORB MKX DCC,0.3473000062383355
TAATTCCCATGCAGGA-1,Astro GFAP AQP1,0.9862417006319657
TAATTCCGTAATGCGG-1,InN PVALB PIEZO2,0.05554646711738916
TAATTCCGTCATCCGG-1,L6 FEZF2 SYT6 ERBB4,0.051689343975259226
TAATTCCGTTGTGCAT-1,Endo CLDN5 SLC7A5,0.7330036738614797
TAATTCCTCACTCACC-1,L2-3 CUX2 NTNG1 PALMD,0.0850946704490796
TAATTCCTCGCAGTCG-1,L2-3 CUX2 ACVR1C THSD7A,0.7419505380567953
TAATTCCTCTTAGCAG-1,Oligo MOG OPALIN,0.9973762598440078
TACAACGCACGTACAT-1,Astro GFAP AQP1,0.1539562575376934
TACAACGGTTGCTAGT-1,L2-3 CUX2 NTNG1 PALMD,0.00813446967029034
TACACCCAGAACAAGG-1,Endo CLDN5 SLC7A5,0.9804987147094569
TACACCCAGAGAACCC-1,Endo CLDN5 SLC7A5,0.4701761988577973
TACACCCAGCAAGGAA-1,L6 OPRK1 SMYD1 KCND2,0.10463308309405414
TACACCCAGTGCCCGT-1,Endo CLDN5 SLC7A5,0.6183371227242551
TACACCCGTAGGTACG-1,Endo CLDN5 SLC7A5,0.34593341708066533
TACACCCGTGAATGTA-1,Endo CLDN5 SLC7A5,0.5501263572778498
TACACCCTCTCTCCGA-1,Oligo MOG OPALIN,0.020429634535303835
TACAGGTGTCTGTAGT-1,Astro GFAP AQP1,0.9999899750351893
TACAGGTGTTGCGTAT-1,Micro P2RY12 CCL3,0.06533785816846517
TACAGGTGTTGGGAAC-1,Endo CLDN5 SLC7A5,0.06525766247645658
TACAGGTTCCGGTAAT-1,L2-3 CUX2 ACVR1C INHBA,0.010786270586049721
TACATTCCAACTTCTT-1,Oligo MOG OPALIN,0.9892072627793533
TACATTCCAGTGTATC-1,Oligo MOG FRY,0.0793956497211739
TACATTCTCAAAGCCT-1,Endo CLDN5 SLC7A5,0.10127601015086639
TACATTCTCAGAGCGA-1,Micro P2RY12 GLDN,0.27989872427539064
TACCCACAGCTCTTCC-1,Endo CLDN5 SLC7A5,0.9056440254912219
TACCCACAGGTCCCGT-1,Endo CLDN5 SLC7A5,0.537293597841102
TACCCACCAACCTATG-1,Astro AQP4 SLC1A2,0.830669639453167
TACCCACGTTGCTCAA-1,Astro GFAP AQP1,0.999969141982391
TACCCACTCTGGTTGA-1,Endo CLDN5 SLC7A5,0.4324702154605975
TACCCGTAGCCTCACG-1,Endo CLDN5 SLC7A5,0.4354751363890706
TACCCGTAGTTGCCTA-1,Oligo MOG OPALIN,0.40716931495234765
TACCCGTGTACCGCGT-1,Endo CLDN5 SLC7A5,0.9874370872450444
TACCCGTGTCTAGGTT-1,Oligo MOG OPALIN,0.40733433251862255
TACCCGTTCCAACCGG-1,Endo CLDN5 SLC7A5,0.4290189142482418
TACCCGTTCTTGGATG-1,Endo CLDN5 SLC7A5,0.18358081004311266
TACCGAAAGGCTCCCA-1,Endo CLDN5 SLC7A5,0.07968146285706507
TACCGAAGTGTCTTCC-1,Endo CLDN5 SLC7A5,0.052535325958278666
TACCGAATCATGCGGC-1,InN SST FREM1,0.02781356615961152
TACCGAATCCCGAATA-1,Endo CLDN5 SLC7A5,0.41389243351290966
TACCGAATCGATACTG-1,L3-5 RORB MKX GRIN3A,0.06322430776422346
TACCGAATCGTCGATA-1,L2-4 CUX2 RORB CLMN,0.19823853416870796
TACCGAATCTCCCTAG-1,L2-3 CUX2 NTNG1 PALMD,0.39616737600160684
TACCGAATCTCGTCGT-1,L6 OPRK1 THEMIS RGS6,0.6685504180242928
TACCGGGCACTTCAAG-1,Oligo MOG OPALIN,0.9954640411833959
TACCGGGTCACTGCTC-1,Endo CLDN5 SLC7A5,0.3676376702300018
TACCTCGCACGTCGGT-1,Endo CLDN5 SLC7A5,0.8119144761180107
TACCTCGCAGGCAATG-1,Oligo MOG OPALIN,0.4707994976620946
TACCTCGCATAATGAG-1,Endo CLDN5 SLC7A5,0.08294140916346712
TACCTCGCATCTCATT-1,Astro GFAP AQP1,0.11165266757139937
TACCTCGTCATAGGCT-1,Astro GFAP AQP1,0.03615032557216527
TACCTCGTCCCATTCG-1,Endo CLDN5 SLC7A5,0.07126138293619229
TACCTCGTCCTCATAT-1,Endo CLDN5 SLC7A5,0.3083855664152945
TACCTGCAGATCACCT-1,Oligo MOG OPALIN,0.23079825902495002
TACCTGCAGGTGCTTT-1,L6 FEZF2 SYT6 PTPRT,0.013870822567365177
TACCTGCCAGATCATC-1,InN PVALB ANOS1,0.023742312870829722
TACCTGCCAGGCTACC-1,Endo CLDN5 SLC7A5,0.06258378454022838
TACCTGCGTCGAATGG-1,Endo CLDN5 SLC7A5,0.7452757569935688
TACCTGCGTCTATGAC-1,Astro GFAP AQP1,0.9981422981353154
TACCTGCTCCCATGGG-1,Endo CLDN5 SLC7A5,0.18675734729222052
TACCTGCTCTCCCATG-1,Endo CLDN5 SLC7A5,0.6780122155798843
TACGCTCAGCCTTTCC-1,Oligo MOG OPALIN,0.6138913692727662
TACGCTCAGTAGGAAG-1,InN SST TRPC7,0.6897024936669265
TACGCTCAGTCGAAGC-1,Astro AQP4 SLC1A2,0.022566869589686612
TACGCTCAGTTCCGTA-1,Endo CLDN5 SLC7A5,0.13067015687912242
TACGCTCGTATACAGA-1,Astro GFAP AQP1,0.018859771821041416
TACGCTCGTCTGATAC-1,Oligo MOG OPALIN,0.9926941056258443
TACGCTCGTTCTTGCC-1,Oligo MOG OPALIN,0.11533019844311118
TACGGGCAGCGTATAA-1,L2-3 CUX2 NTNG1 PALMD,0.3509383444959804
TACGGGCAGGTTGACG-1,Oligo MOG OPALIN,0.9502752050061427
TACGGGCCACGGCCAT-1,PC P2RY14 GRM8,0.9998780292172375
TACGGGCTCATCGCAA-1,Endo CLDN5 SLC7A5,0.41205810482545374
TACGGTACAAGTATCC-1,L2-3 CUX2 NTNG1 PALMD,0.22193939254854333
TACGGTAGTCTTTCAT-1,Endo CLDN5 SLC7A5,0.3811094214747515
TACGGTATCACAACCA-1,Oligo MOG OPALIN,0.22656259273723958
TACGGTATCCACGAAT-1,Astro GFAP AQP1,0.6854450025626235
TACGGTATCCCAGGAC-1,Astro AQP4 SLC1A2,0.2805543523685513
TACGGTATCGACATCA-1,Oligo MOG OPALIN,0.16668619102198118
TACGTCCCAGGCATTT-1,Astro GFAP AQP1,0.017590250172533527
TACGTCCGTCAACCTA-1,L2-3 CUX2 ACVR1C THSD7A,0.9985364113736055
TACGTCCTCGTTCATT-1,L2-3 CUX2 NTNG1 PALMD,0.07449382816185617
TACGTCCTCTGCCTCA-1,Oligo MOG OPALIN,0.9999300812495509
TACTGCCGTACAACGG-1,Endo CLDN5 SLC7A5,0.06567078520669833
TACTGCCGTAGCGTTT-1,Oligo MOG OPALIN,0.2413089551900469
TACTGCCTCCCATAGA-1,Endo CLDN5 SLC7A5,0.23550458369345
TACTTACAGATCCCAT-1,Endo CLDN5 SLC7A5,0.008487013103190586
TACTTACAGGACAGCT-1,Oligo MOG OPALIN,0.6007226430466621
TACTTACAGGCCTGCT-1,PC P2RY14 GRM8,0.9992123961880656
TACTTACCACGACGTC-1,Endo CLDN5 SLC7A5,0.19648348228203047
TACTTACGTACTCGTA-1,Endo CLDN5 SLC7A5,0.32247126695402656
TACTTACGTTGCCAAT-1,L2-3 CUX2 NTNG1 PALMD,0.17549042291775407
TACTTACTCATTGTTC-1,Micro P2RY12 APBB1IP,0.9924465942963233
TACTTCAAGATCACTC-1,Endo CLDN5 SLC7A5,0.5465354248165203
TACTTCAAGTTGGCTT-1,Oligo MOG OPALIN,0.9999690999295822
TACTTCACACGACGAA-1,OPC PDGFRA PCDH15,0.034726687271238045
TACTTCAGTTTCTTAC-1,Oligo MOG OPALIN,0.29085829991516554
TACTTCATCGATCCCT-1,Astro AQP4 SLC1A2,0.4041916301760853
TACTTGTAGACTCTTG-1,OPC PDGFRA PCDH15,0.04946627646387477
TACTTGTTCCGCAACG-1,L2-3 CUX2 NTNG1 PALMD,0.005507800150595083
TACTTGTTCGCAACAT-1,L3-5 RORB GABRG1 PTPRO,0.03499719482120357
TACTTGTTCTACCACC-1,Endo CLDN5 SLC7A5,0.047591252563412186
TAGACCAAGCAACTCT-1,Astro GFAP AQP1,0.013969397084125378
TAGACCACAGAACGCA-1,Endo CLDN5 SLC7A5,0.014433231191710753
TAGACCAGTACATACC-1,Oligo MOG OPALIN,0.997178998834457
TAGACCATCCGTGGTG-1,Oligo MOG OPALIN,0.999998324042136
TAGACCATCGTTGTTT-1,Micro P2RY12 APBB1IP,0.052799570687975354
TAGACTGAGAGTACCG-1,Micro P2RY12 APBB1IP,0.9970477141709078
TAGACTGAGCTAATGA-1,Oligo MOG OPALIN,0.7621039968101366
TAGACTGAGTAACGTA-1,Endo CLDN5 SLC7A5,0.7815998536002357
TAGACTGCAGATGCGA-1,L2-3 CUX2 ACVR1C INHBA,0.1551639694307556
TAGACTGGTCAAGCGA-1,Endo CLDN5 SLC7A5,0.8756169755714877
TAGACTGTCAGTGATC-1,Oligo MOG OPALIN,0.8016740795844995
TAGACTGTCTCCCATG-1,Endo CLDN5 SLC7A5,0.11022611756585389
TAGAGTCTCGAACACT-1,Astro GFAP AQP1,0.5137260707438374
TAGATCGAGAGGACTC-1,Oligo MOG OPALIN,0.9999950088270521
TAGATCGCAAGTACCT-1,Oligo MOG OPALIN,0.29194659984225924
TAGATCGCAGCGTTTA-1,Endo CLDN5 SLC7A5,0.030858727132841376
TAGATCGCATGACTAC-1,Endo CLDN5 SLC7A5,0.0959218156581659
TAGATCGGTCCAGGTC-1,Astro GFAP AQP1,0.9336616060851496
TAGATCGTCTCCCATG-1,Endo CLDN5 SLC7A5,0.3315567073889188
TAGCACAAGGACTAAT-1,Oligo MOG OPALIN,0.06241607326225726
TAGCACAAGGAGACCT-1,Astro GFAP AQP1,0.9980884791327184
TAGCACACACAGCATT-1,Endo CLDN5 SLC7A5,0.027064637596775312
TAGCACACATGGTACT-1,Astro GFAP AQP1,0.006969755467752305
TAGCACAGTGAGTCAG-1,L6 OPRK1 THEMIS RGS6,0.031558340867642524
TAGCACATCATCGTAG-1,Endo CLDN5 SLC7A5,0.3816198672415536
TAGCACATCCGTGGCA-1,Oligo MOG OPALIN,0.4665001084062799
TAGGAGGAGACACACG-1,Oligo MOG OPALIN,0.9938669813373399
TAGGAGGAGATAACAC-1,Endo CLDN5 SLC7A5,0.8246646869841469
TAGGAGGCACACCAGC-1,Oligo MOG OPALIN,0.9998328234475656
TAGGAGGGTGCCTGAC-1,L2-3 CUX2 NTNG1 PALMD,0.433057653863628
TAGGAGGTCCCGTGTT-1,L6 FEZF2 SYT6 CDH9,0.07228792308035316
TAGGAGGTCTTCGTAT-1,L2-3 CUX2 NTNG1 PALMD,0.09184834151965467
TAGGGTTAGACTGAGC-1,Endo CLDN5 SLC7A5,0.12793865770370655
TAGGGTTAGTCAGAGC-1,Endo CLDN5 SLC7A5,0.11500394950671394
TAGGGTTAGTTGTAAG-1,Astro GFAP AQP1,0.2723630595145103
TAGGGTTGTCACTAGT-1,Endo CLDN5 SLC7A5,0.6989835333041804
TAGGGTTGTGTGTCGC-1,Endo CLDN5 SLC7A5,0.5654570112002094
TAGGTACCATTGCTGA-1,Endo CLDN5 SLC7A5,0.6084305007143511
TAGGTACTCTATGTGG-1,Endo CLDN5 SLC7A5,0.9651597059816395
TAGGTTGAGGATCATA-1,Oligo MOG OPALIN,0.6954507135231967
TAGGTTGAGGGAACAA-1,Oligo MOG OPALIN,0.05555140138765976
TAGGTTGAGTCACTCA-1,L2-3 CUX2 NTNG1 PALMD,0.24267979027747374
TAGGTTGAGTGAGGTC-1,Endo CLDN5 SLC7A5,0.43990415902622815
TAGGTTGCAGCGATTT-1,Endo CLDN5 SLC7A5,0.14885692199573272
TAGGTTGGTCAGTCGC-1,Endo CLDN5 SLC7A5,0.087420767931989
TAGGTTGGTCGTTGGC-1,Endo CLDN5 SLC7A5,0.3510761626794855
TAGGTTGTCGACGATT-1,Oligo MOG OPALIN,0.9999896819307826
TAGTGCAAGTGGAATT-1,Oligo MOG OPALIN,0.9999158272663556
TAGTGCACAGGCACTC-1,Astro AQP4 OSMR,0.00935778340056524
TAGTGCATCCATCTGC-1,Endo CLDN5 SLC7A5,0.9001410870198344
TAGTGCATCGCGTCGA-1,Endo CLDN5 SLC7A5,0.5320851137189434
TATACCTCAAGGAGTC-1,Astro GFAP AQP1,0.893620477298079
TATACCTGTCACTCTC-1,L3-5 RORB GABRG1 PTPRO,0.02787198273492812
TATACCTGTCATGACT-1,L6 FEZF2 NPFFR2 TPD52L1,0.02312374643396156
TATACCTGTCTTTCAT-1,InN PVALB PIEZO2,0.02152143736709627
TATATCCAGCGACATG-1,Oligo MOG OPALIN,0.999886755584238
TATATCCGTCGCTTGG-1,Astro GFAP AQP1,0.0293531828280122
TATATCCGTTACCCTC-1,L3-5 RORB MKX GRIN3A,0.4191375937338042
TATATCCTCTATTGTC-1,Endo CLDN5 SLC7A5,0.2440451639233457
TATATCCTCTTCCACG-1,Endo CLDN5 SLC7A5,0.3573321971173051
TATCAGGAGCAATTCC-1,Oligo MOG OPALIN,0.26431200122442494
TATCAGGCATTCAGCA-1,Oligo MOG OPALIN,0.13180957238452284
TATCAGGGTTCAAGTC-1,Micro P2RY12 APBB1IP,0.025293888072521607
TATCAGGTCATCACAG-1,Oligo MOG OPALIN,0.9041904660332605
TATCAGGTCGCGGACT-1,L6 OPRK1 THEMIS RGS6,0.05421651704258965
TATCCTAAGCCAGAGT-1,Oligo MOG OPALIN,0.9958300380781149
TATCCTAAGCTGACAG-1,Oligo MOG OPALIN,0.9929674189897919
TATCCTAAGGTTCTTG-1,Endo CLDN5 SLC7A5,0.7141367457693133
TATCCTACAACGGCTC-1,Astro AQP4 SLC1A2,0.8867859124267767
TATCCTAGTACCTAAC-1,Endo CLDN5 SLC7A5,0.20279623155303597
TATCCTAGTCGTTGGC-1,Oligo MOG OPALIN,0.9671747161519286
TATCCTAGTTGGGATG-1,Endo CLDN5 SLC7A5,0.9857846494138411
TATCCTATCACGAGGA-1,Endo CLDN5 SLC7A5,0.5358002760539438
TATCCTATCTACGCGG-1,Endo CLDN5 SLC7A5,0.19686206702848605
TATCGCCAGTCCTACA-1,Endo CLDN5 SLC7A5,0.6755442352456438
TATCGCCGTCACTTAG-1,Astro GFAP AQP1,0.8098627831243012
TATCGCCGTCTGTGCG-1,Oligo MOG OPALIN,0.17077986669589762
TATCGCCGTGCAATGG-1,Oligo MOG OPALIN,0.9531564338321913
TATCGCCTCCATCTCG-1,Endo CLDN5 SLC7A5,0.3380306721026225
TATCGCCTCCCATAGA-1,Endo CLDN5 SLC7A5,0.5132423611198951
TATCTGTAGAGAGGTA-1,L2-3 CUX2 NTNG1 PALMD,0.25165228474727386
TATCTGTTCATTATCC-1,L2-3 CUX2 NTNG1 COL5A2,0.03476419930227686
TATCTGTTCTGGGTCG-1,Endo CLDN5 SLC7A5,0.7086905870469058
TATCTTGAGGCTCTCG-1,L6 FEZF2 NPFFR2 TPD52L1,0.02789143616199868
TATCTTGGTGACAGGT-1,Oligo MOG OPALIN,0.9995431344814363
TATCTTGTCAAGCGTT-1,OPC PDGFRA PCDH15,0.47812549870015214
TATGTTCAGATCCCAT-1,Oligo MOG OPALIN,0.9948000587052452
TATGTTCAGCCTATCA-1,Oligo MOG OPALIN,0.5611843578373322
TATGTTCCAGCAGAAC-1,Astro AQP4 SLC1A2,0.999939405295959
TATGTTCTCGACCCAG-1,Endo CLDN5 SLC7A5,0.10558059078156923
TATTCCATCAACTCTT-1,L6 OPRK1 SMYD1 KCND2,0.05033747830836641
TATTCCATCACAAGGG-1,L3-5 RORB MKX DCC,0.954154728302502
TATTCCATCTTTCCAA-1,L6 FEZF2 SYT6 CDH9,0.2602557483341432
TATTGCTAGACGTCGA-1,Oligo MOG OPALIN,0.09062341997753208
TATTGCTAGAGGACTC-1,Oligo MOG OPALIN,0.3325284235107978
TATTGCTAGCATCGAG-1,Endo CLDN5 SLC7A5,0.09473858335938218
TATTGCTCATCTGCGG-1,Astro AQP4 SLC1A2,0.014672615979554018
TATTGCTGTTGTCAGT-1,Endo CLDN5 SLC7A5,0.08440943777661503
TATTGCTTCACTTTGT-1,Endo CLDN5 SLC7A5,0.9990569465331014
TATTGCTTCTAGTGAC-1,Endo CLDN5 SLC7A5,0.689093438181561
TATTGCTTCTCCCATG-1,Oligo MOG OPALIN,0.5528798277816557
TATTGGGTCGTGACTA-1,Oligo MOG OPALIN,0.6083061148748529
TATTTCGAGGAGTATT-1,Astro AQP4 SLC1A2,0.030803072219033775
TATTTCGAGGTGCTGA-1,Oligo MOG OPALIN,0.9670513630222132
TATTTCGCAAGTATAG-1,Astro GFAP AQP1,0.03530620833521905
TATTTCGGTAAGTAGT-1,Endo CLDN5 SLC7A5,0.4433968522272606
TATTTCGTCATGACAC-1,Astro GFAP FABP7,0.9999912173084349
TATTTCGTCCTGATAG-1,Oligo MOG OPALIN,0.30624520677540074
TCAAGACAGCAGGGAG-1,Endo CLDN5 SLC7A5,0.7379511814282642
TCAAGACAGGAACGAA-1,Endo CLDN5 IL1R1,0.9995161052734852
TCAAGACAGGACACTG-1,Endo CLDN5 SLC7A5,0.6937058624242036
TCAAGACCAATTCTCT-1,Endo CLDN5 SLC7A5,0.024040595435826973
TCAAGACCAGAGTGTG-1,OPC PDGFRA PCDH15,0.999999999999966
TCAAGACCATGGCGCT-1,InN VIP FREM2,0.3477236690839352
TCAAGACTCCCAATAG-1,Oligo MOG OPALIN,0.5068060871822956
TCAAGACTCTCGGTCT-1,Endo CLDN5 SLC7A5,0.7584937985287581
TCAAGCACAGAGAAAG-1,Endo CLDN5 SLC7A5,0.05088546596186779
TCAAGCAGTCATCACA-1,Astro GFAP AQP1,0.021828321442409263
TCAAGCAGTGATCGTT-1,Astro GFAP AQP1,0.9436424312646085
TCAAGCAGTTCTCGTC-1,L3-5 RORB GABRG1 PTPRO,0.2950958740308633
TCAAGCATCGAGCACC-1,Micro P2RY12 APBB1IP,0.9964724645825807
TCAAGCATCGGTAAGG-1,Astro AQP4 SLC1A2,0.19990013105376267
TCAAGTGAGACAACAT-1,Endo CLDN5 SLC7A5,0.5875404320851284
TCAAGTGAGATTGAGT-1,Oligo MOG OPALIN,0.9933604596260559
TCAAGTGGTGCAATAA-1,L2-3 CUX2 NTNG1 PALMD,0.06965147132061883
TCAATCTAGTTGGCGA-1,Endo CLDN5 SLC7A5,0.24790966929016134
TCAATCTCAACCACGC-1,Oligo MOG OPALIN,0.25246141755705626
TCAATCTCAACGGCCT-1,InN PVALB PDE3A,0.08258121525961754
TCAATCTCAGATACCT-1,OPC PDGFRA PCDH15,0.23747125040492884
TCAATCTCAGCAGTCC-1,Endo CLDN5 SLC7A5,0.12081609122989917
TCAATTCAGCAAATCA-1,Astro GFAP AQP1,0.17474270841101872
TCAATTCAGGTTACCT-1,L2-3 CUX2 NTNG1 PALMD,0.7857311314635246
TCAATTCAGTCCCTAA-1,Oligo MOG OPALIN,0.7485890447320012
TCAATTCCAGGTCTCG-1,Oligo MOG OPALIN,0.9999785345452037
TCAATTCGTGTGCCTG-1,Endo CLDN5 SLC7A5,0.8673438915931687
TCAATTCTCATCCTAT-1,L2-3 CUX2 NTNG1 PALMD,0.9693956455864546
TCACAAGAGACCACGA-1,Endo CLDN5 IL1R1,0.018350583069962564
TCACAAGGTGGTCCGT-1,Endo CLDN5 SLC7A5,0.6148380182736679
TCACAAGTCACCTCGT-1,Oligo MOG OPALIN,0.9999611922693568
TCACAAGTCTGCCTCA-1,Endo CLDN5 SLC7A5,0.13256846373425185
TCACACCGTAACTGCT-1,Oligo MOG OPALIN,0.10723812253602523
TCACACCGTACGTAGG-1,Endo CLDN5 SLC7A5,0.923060341307924
TCACACCGTGTCTTCC-1,Endo CLDN5 SLC7A5,0.11730885645939453
TCACACCTCATGCAGT-1,Oligo MOG OPALIN,0.4420789847723695
TCACATTAGTGTAGAT-1,Endo CLDN5 SLC7A5,0.18429820028293567
TCACATTCAAAGAACT-1,Astro AQP4 SLC1A2,0.9999986001621635
TCACATTCAAGGAGTC-1,Endo CLDN5 SLC7A5,0.7511645723757983
TCACATTCACGAGGAT-1,Endo CLDN5 SLC7A5,0.2033721790937318
TCACATTCAGGCATTT-1,L3-5 RORB GABRG1 KCNH7,0.22742564045872937
TCACATTCATCCTTCG-1,L5-6 FEZF2 NXPH2 CDH8,0.7915193746581478
TCACATTGTGACACGA-1,Endo CLDN5 SLC7A5,0.7738553854728227
TCACATTTCCACCTGT-1,Oligo MOG OPALIN,0.2760004855466963
TCACGCTCACTGATTG-1,Endo CLDN5 SLC7A5,0.24158362684135753
TCACGCTGTAGTGTGG-1,Oligo MOG OPALIN,0.9992518398437393
TCACGCTGTCATTGCA-1,Astro GFAP AQP1,0.0833620658375077
TCACGCTTCAAGGACG-1,L6 OPRK1 THEMIS RGS6,0.1107783295820135
TCACGCTTCATCACAG-1,Endo CLDN5 SLC7A5,0.045622057771549346
TCACGCTTCGAACGCC-1,L6 OPRK1 THEMIS RGS6,0.9738197568382199
TCACGGGAGTGGTGGT-1,Astro AQP4 SLC1A2,0.10207138065065822
TCACGGGGTCAGTCGC-1,L2-3 CUX2 NTNG1 PALMD,0.2348837980796793
TCACGGGTCCTTGAAG-1,L2-3 CUX2 NTNG1 PALMD,0.16419529924649773
TCACGGGTCTTTCCGG-1,Oligo MOG OPALIN,0.9999729984484889
TCACTATCAAATGAAC-1,Astro GFAP FABP7,0.07686397095580519
TCACTATCACAAACGG-1,L2-3 CUX2 NTNG1 PALMD,0.6785308791104193
TCACTATCATCTCCCA-1,L2-3 CUX2 NTNG1 PALMD,0.2611612682781522
TCACTATGTATAGGAT-1,L6 OPRK1 THEMIS RGS6,0.6670899905169824
TCACTCGCACCGGTCA-1,Oligo MOG OPALIN,0.025269096997969104
TCACTCGTCGATAACC-1,Astro GFAP AQP1,0.06623141343814727
TCACTCGTCTGAGCAT-1,Oligo MOG OPALIN,0.19162954063440077
TCAGCAAAGGCCATAG-1,Endo CLDN5 SLC7A5,0.1382055523600888
TCAGCAACACTCAGAT-1,Oligo MOG OPALIN,0.9999786650609278
TCAGCAACAGGAGGAG-1,Oligo MOG OPALIN,0.36232969758876693
TCAGCAAGTTGTAGCT-1,Endo CLDN5 SLC7A5,0.018765936984592384
TCAGCAAGTTTGGCTA-1,Oligo MOG OPALIN,0.8980037837483046
TCAGCAATCATGAGAA-1,Oligo MOG OPALIN,0.9878589997622946
TCAGCAATCTTAGCTT-1,Astro AQP4 SLC1A2,0.9947029772647088
TCAGCCTAGCGATGGT-1,Oligo MOG OPALIN,0.678473597010216
TCAGCCTAGGACGCAT-1,Oligo MOG OPALIN,0.9998346520771626
TCAGCCTCACGTAACT-1,OPC PDGFRA PCDH15,0.8199236178809982
TCAGCCTCACGTCGGT-1,Oligo MOG OPALIN,0.19726610428717054
TCAGCCTCATGACGGA-1,Oligo MOG OPALIN,0.9961627481733676
TCAGCCTGTCAGCGTC-1,L2-3 CUX2 NTNG1 PALMD,0.5895511069565468
TCAGCCTGTCCAAAGG-1,Endo CLDN5 SLC7A5,0.8886697882414119
TCAGCCTGTTTACACG-1,Endo CLDN5 SLC7A5,0.09181772950144182
TCAGCCTTCCAAACCA-1,Endo CLDN5 SLC7A5,0.9992445472586746
TCAGCCTTCCGTAGTA-1,L6 FEZF2 NPFFR2 TPD52L1,0.01882587395238507
TCAGCCTTCGGAATGG-1,Endo CLDN5 SLC7A5,0.8859035481409563
TCAGCCTTCTCCGAGG-1,Oligo MOG OPALIN,0.14834330899227524
TCAGGGCAGAATCCCT-1,Astro GFAP AQP1,0.18108090692003842
TCAGGGCAGTTGTCAC-1,Oligo MOG OPALIN,0.9960298142159305
TCAGGGCCAAATCGGG-1,Endo CLDN5 SLC7A5,0.6316744601159062
TCAGGGCCAACGTTAC-1,L2-3 CUX2 NTNG1 PALMD,0.0189525896369288
TCAGGGCTCAGGAAAT-1,Endo CLDN5 SLC7A5,0.7063771128916663
TCAGGGCTCCGATGTA-1,Endo CLDN5 SLC7A5,0.11968279168301325
TCAGGTAAGCGGATCA-1,OPC PDGFRA PCDH15,0.9999999999366898
TCAGGTAAGTAGGCCA-1,Oligo MOG OPALIN,0.01251463357559454
TCAGGTAAGTGGAAAG-1,Astro GFAP AQP1,0.9310556275629175
TCAGGTACAAATGCGG-1,Endo CLDN5 SLC7A5,0.14126169402144567
TCAGGTACAAATTGCC-1,SMC ACTA2 CNN1,0.9995057492203727
TCAGGTACAGACGCTC-1,Oligo MOG OPALIN,0.15689435535088628
TCAGGTAGTCGCTTGG-1,Endo CLDN5 SLC7A5,0.18758176682745734
TCAGGTAGTCTGTGAT-1,Endo CLDN5 SLC7A5,0.04038761059774095
TCAGGTAGTGTCCATA-1,L6 FEZF2 SYT6 PTPRT,0.08097973652305332
TCAGTCCAGAGCATTA-1,Endo CLDN5 SLC7A5,0.21441059729547113
TCAGTCCAGGCTAGCA-1,Oligo MOG OPALIN,0.9886894615346662
TCAGTCCAGTAATTGG-1,Endo CLDN5 SLC7A5,0.5644836229456481
TCAGTCCAGTGTAGAT-1,Astro AQP4 SLC1A2,0.9997765886745699
TCAGTCCTCTCATGGA-1,Oligo MOG OPALIN,0.16016116635065827
TCAGTGAAGGTGAGCT-1,Micro P2RY12 APBB1IP,0.5599801739656584
TCAGTGAGTAGCGTCC-1,Endo CLDN5 SLC7A5,0.35850778111389403
TCAGTGATCAGTCCGG-1,Astro GFAP AQP1,0.0262826547120359
TCAGTGATCCGGCTTT-1,L2-3 CUX2 NTNG1 PALMD,0.09047827484201049
TCAGTGATCGACATAC-1,Oligo MOG OPALIN,0.045240212357320356
TCAGTTTAGGTGCTTT-1,Endo CLDN5 SLC7A5,0.9337677046741147
TCAGTTTAGTGTGTTC-1,Oligo MOG OPALIN,0.9961748150107886
TCAGTTTCAACACACT-1,Astro GFAP AQP1,0.027134619819473283
TCAGTTTCATGGCACC-1,L2-3 CUX2 NTNG1 PALMD,0.5500114966219187
TCAGTTTGTAAGACCG-1,L6 OPRK1 THEMIS RGS6,0.08701608607279399
TCAGTTTTCAAATAGG-1,Astro AQP4 SLC1A2,0.9999741603876833
TCAGTTTTCAGGGATG-1,Oligo MOG FRY,0.8684154632799959
TCAGTTTTCTTCCACG-1,Oligo MOG OPALIN,0.9238456246546205
TCATACTAGAGGATGA-1,Endo CLDN5 SLC7A5,0.5305983366025598
TCATACTGTCGAGCTC-1,Oligo MOG OPALIN,0.5940809366065455
TCATACTTCATCCTGC-1,OPC PDGFRA PCDH15,0.9999999999999647
TCATACTTCTCTGAGA-1,L2-3 CUX2 NTNG1 PALMD,0.030749328584927602
TCATACTTCTGGAAGG-1,L2-3 CUX2 NTNG1 PALMD,0.5234863982952118
TCATACTTCTGGCCTT-1,Endo CLDN5 SLC7A5,0.6393163382234882
TCATATCCAGAGCCCT-1,Oligo MOG OPALIN,0.6288011345786607
TCATATCGTTACCGTA-1,Endo CLDN5 SLC7A5,0.5578217092073309
TCATATCTCACATACG-1,L2-3 CUX2 NTNG1 PALMD,0.01845576175441932
TCATATCTCGCCGTGA-1,Endo CLDN5 SLC7A5,0.06960097397001991
TCATCATAGCACCAGA-1,Endo CLDN5 SLC7A5,0.12973343355668276
TCATCATCAAGAGTAT-1,Endo CLDN5 SLC7A5,0.28021413142178914
TCATCATCACTATCGA-1,Oligo MOG OPALIN,0.17124566579466527
TCATCATGTCAATGGG-1,L3-5 RORB MKX GRIN3A,0.07701390232319448
TCATCATTCCGATAAC-1,Endo CLDN5 SLC7A5,0.9366687381619433
TCATCCGAGCCATTGT-1,Endo CLDN5 SLC7A5,0.054768966801643795
TCATCCGAGGCCTTGC-1,Endo CLDN5 SLC7A5,0.03302205977076382
TCATCCGCAACAAAGT-1,Oligo MOG OPALIN,0.18592092713201758
TCATCCGTCCTGCCAT-1,Oligo MOG OPALIN,0.09664572154346117
TCATGAGCATGATGCT-1,Endo CLDN5 SLC7A5,0.18859532743539328
TCATGAGGTAATTGGA-1,Oligo MOG OPALIN,0.08078364221695597
TCATGAGGTTAGTTCG-1,Oligo MOG OPALIN,0.0879363051547724
TCATGAGGTTGGACTT-1,Oligo MOG OPALIN,0.9984631058332514
TCATGCCAGCTGGTGA-1,Endo CLDN5 SLC7A5,0.04086197065192839
TCATGCCAGGGCTAAC-1,Oligo MOG OPALIN,0.32457916260987857
TCATGCCGTATCTTCT-1,Oligo MOG OPALIN,0.02310630434663616
TCATGCCGTGTGCTTA-1,Astro GFAP AQP1,0.03375637664010403
TCATGCCGTTCCACGG-1,Endo CLDN5 SLC7A5,0.026110095541846262
TCATGGACACAACGTT-1,InN LAMP5 ADAMTS20,0.08431395990745245
TCATGGAGTGGCTTGC-1,Endo CLDN5 SLC7A5,0.11279949029835117
TCATGGAGTTCCTACC-1,L2-3 CUX2 ACVR1C THSD7A,0.052215953290156165
TCATGGAGTTGGTAGG-1,L2-4 CUX2 RORB CLMN,0.022931802100905035
TCATGGATCAAGCCCG-1,Endo CLDN5 SLC7A5,0.9010407542689064
TCATGTTCAAAGACGC-1,Oligo MOG OPALIN,0.4451373507453016
TCATTACAGCCGGATA-1,Oligo MOG OPALIN,0.9216865747467725
TCATTACAGGCTCACC-1,Astro GFAP AQP1,0.8360218300420222
TCATTACAGGTCGAGT-1,Oligo MOG OPALIN,0.8849048222872018
TCATTACGTTTCAGAC-1,L6 OPRK1 THEMIS RGS6,0.03906057206679632
TCATTACTCCACTAGA-1,Endo CLDN5 SLC7A5,0.5707524273455369
TCATTACTCCCAGTGG-1,PC P2RY14 GRM8,0.02034061304296176
TCATTACTCGGTCTGG-1,InN SST HTR2C,0.012472575152484856
TCATTACTCTTAGCAG-1,Oligo MOG OPALIN,0.9999922075153015
TCATTCAAGCGGGTAT-1,Oligo MOG OPALIN,0.24094363191331375
TCATTCACAAGCCATT-1,Endo CLDN5 SLC7A5,0.39134873052478025
TCATTCAGTCACTAGT-1,Astro GFAP AQP1,0.03331021912209818
TCATTCAGTGTTCATG-1,L2-3 CUX2 NTNG1 PALMD,0.44447962272559244
TCATTCAGTTAAGACA-1,Endo CLDN5 SLC7A5,0.7449485333443536
TCATTGTAGAGGGTAA-1,Endo CLDN5 SLC7A5,0.7682963574928265
TCATTGTAGCGCCTCA-1,SMC ACTA2 CYP1B1,0.01688523908228584
TCATTGTAGCGCTGAA-1,Oligo MOG OPALIN,0.12978586649669357
TCATTGTAGTTCCGGC-1,L6 FEZF2 SYT6 PTPRT,0.4821665604629812
TCATTGTGTTCAAGGG-1,Oligo MOG OPALIN,0.9999742642705931
TCATTGTTCAGAGCGA-1,L6 OPRK1 THEMIS RGS6,0.14919797703755674
TCATTGTTCATACGAC-1,Oligo MOG GSN,0.9932156268259678
TCATTGTTCCCTCAAC-1,L6 FEZF2 SYT6 PTPRT,0.03841647611227891
TCATTGTTCCGTGTCT-1,Oligo MOG OPALIN,0.9999509024965114
TCATTGTTCGGTGAAG-1,Oligo MOG OPALIN,0.14935559151574576
TCATTTGCAAGTGACG-1,Oligo MOG OPALIN,0.7606674816390167
TCATTTGCATATGGCT-1,L3-5 RORB MKX GRIN3A,0.6262855433687918
TCATTTGTCATAGGCT-1,Endo CLDN5 SLC7A5,0.06054279187683852
TCCACCAAGAGTCGAC-1,Endo CLDN5 SLC7A5,0.09328692483509644
TCCACCAAGTTGAAGT-1,Endo CLDN5 SLC7A5,0.04320352959747604
TCCACCACAACCGTGC-1,Astro GFAP AQP1,0.9999734572630088
TCCACCAGTCGCTCGA-1,Oligo MOG OPALIN,0.6479680769195397
TCCACCAGTGCGGCTT-1,Endo CLDN5 SLC7A5,0.22183285584202403
TCCACCAGTTCCACAA-1,Endo CLDN5 SLC7A5,0.8263575430006834
TCCACCATCGCCTTGT-1,L6 OPRK1 THEMIS RGS6,0.1172793078933101
TCCACGTAGGATTTCC-1,L6 OPRK1 THEMIS RGS6,0.010922225939849936
TCCACGTCAACAGAGC-1,L6 FEZF2 SYT6 ERBB4,0.01295702351378886
TCCACGTCAGGTGAGT-1,Astro AQP4 SLC1A2,0.9984413144882283
TCCACGTGTACTCGCG-1,Endo CLDN5 SLC7A5,0.07005887598119431
TCCACGTTCGGCTTGG-1,Astro AQP4 SLC1A2,0.3067222327890065
TCCACGTTCTTCCCGA-1,L3-5 RORB GABRG1 PLCH1,0.12344062696150203
TCCACGTTCTTCCTAA-1,Oligo MOG OPALIN,0.9974370965108846
TCCAGAAAGAGAGGGC-1,InN SST HS3ST5,0.00862876734412397
TCCAGAAAGAGTGAAG-1,OPC PDGFRA PCDH15,0.9999999999344915
TCCAGAAAGTCCGCGT-1,L6 OPRK1 THEMIS RGS6,0.9378188830842701
TCCAGAACAAATGGCG-1,Astro GFAP AQP1,0.9999813169321273
TCCAGAACACAGACGA-1,Oligo MOG OPALIN,0.9919445641269927
TCCAGAACATGTGGTT-1,L3-5 RORB MKX GRIN3A,0.0231251785247961
TCCAGAATCAAACTGC-1,Endo CLDN5 SLC7A5,0.18400536609804805
TCCAGAATCCAAATGC-1,L2-4 CUX2 RORB CLMN,0.10263700009325039
TCCAGAATCTGAGAAA-1,L3-5 RORB MKX GRIN3A,0.6208404792254311
TCCAGAATCTTTGCAT-1,Astro GFAP AQP1,0.9838399023679075
TCCATCGGTCGGATTT-1,OPC PDGFRA PCDH15,0.9999999999999385
TCCATCGTCCGGTTCT-1,Endo CLDN5 SLC7A5,0.17654343499319544
TCCATCGTCTGAATGC-1,L2-3 CUX2 NTNG1 PALMD,0.46983607607945577
TCCATGCCAGCACAAG-1,L6 OPRK1 THEMIS RGS6,0.044440890519683224
TCCATGCGTGCCTGCA-1,Endo CLDN5 SLC7A5,0.7471708494933131
TCCATGCGTTCGGCCA-1,Oligo MOG OPALIN,0.918042612917411
TCCATGCGTTGACTGT-1,L2-3 CUX2 NTNG1 PALMD,0.39436334765088527
TCCATGCTCCTCTAAT-1,Oligo MOG OPALIN,0.43491027676154287
TCCATGCTCGGAATGG-1,Oligo MOG OPALIN,0.9221298897999546
TCCCACAAGATCCCGC-1,Oligo MOG OPALIN,0.024846359130555638
TCCCACACACCAAATC-1,Oligo MOG OPALIN,0.9807997544490723
TCCCACACATAATGCC-1,InN SST THSD7B,0.9999785494596712
TCCCACAGTAGGTTTC-1,InN PVALB ANOS1,0.04409214837227805
TCCCACATCCTCGATC-1,Oligo MOG OPALIN,0.9072788822884216
TCCCACATCTCTATGT-1,L3-5 RORB PCBP3 IL1RAPL2,0.26522014011179473
TCCCAGTAGTCATACC-1,L6 FEZF2 SYT6 CDH9,0.06955410751379235
TCCCAGTAGTTCCGTA-1,Oligo MOG OPALIN,0.9996300301499725
TCCCAGTCAAGTCGTT-1,Astro AQP4 SLC1A2,0.9986632290567189
TCCCAGTCACCAGCGT-1,Endo CLDN5 SLC7A5,0.5106658584840342
TCCCAGTCATGGCCCA-1,Astro GFAP AQP1,0.05948583383016128
TCCCAGTGTATGAGAT-1,Astro GFAP AQP1,0.018932426339482538
TCCCAGTGTGTCCATA-1,SMC ACTA2 CYP1B1,0.1256898581622768
TCCCAGTTCTAAGAAG-1,Endo CLDN5 SLC7A5,0.03634361886446008
TCCCATGAGCAATAGT-1,Endo CLDN5 SLC7A5,0.2263483254389565
TCCCATGAGTGCCCGT-1,L6 FEZF2 NPFFR2 TPD52L1,0.038333674455180426
TCCCATGCATGAATAG-1,Oligo MOG OPALIN,0.15854268137050717
TCCCATGGTCCGATCG-1,Endo CLDN5 SLC7A5,0.3686704968421338
TCCCATGGTGCGGATA-1,Oligo MOG OPALIN,0.9589122039896749
TCCCATGGTTCGAACT-1,Endo CLDN5 SLC7A5,0.8662659640859169
TCCCATGTCGGAAACG-1,Endo CLDN5 SLC7A5,0.15655088047693677
TCCCATGTCTTAAGGC-1,Oligo MOG OPALIN,0.695318050798176
TCCGAAATCCAAATGC-1,Astro GFAP AQP1,0.0578669541299528
TCCGATCAGAAGATCT-1,Endo CLDN5 SLC7A5,0.025679621010027753
TCCGATCCAAAGGATT-1,L2-3 CUX2 NTNG1 PALMD,0.09734343606835735
TCCGATCCATTCCTCG-1,Oligo MOG OPALIN,0.7641797702026536
TCCGATCGTACCAGAG-1,Oligo MOG OPALIN,0.07956583650132533
TCCGATCTCCGTGGTG-1,Astro GFAP AQP1,0.2571620415777447
TCCGGGACAGTCGGAA-1,Oligo MOG FRY,0.062089771890479845
TCCGGGATCCTAACAG-1,Oligo MOG OPALIN,0.11395070266807786
TCCGTGTGTACTTCCC-1,Micro P2RY12 APBB1IP,0.1200090930544433
TCCGTGTTCCAATCTT-1,Endo CLDN5 SLC7A5,0.9947117420394591
TCCGTGTTCGCCAACG-1,L3-5 RORB MKX GALR1,0.05128231287846664
TCCTAATCAAGGAGTC-1,L6 FEZF2 SYT6 PTPRT,0.3439054362127744
TCCTAATGTCCACAGC-1,Endo CLDN5 SLC7A5,0.490234514709501
TCCTAATGTCCAGAAG-1,L3-5 RORB GABRG1 PTPRO,0.06541410978960273
TCCTAATGTTGGGCCT-1,Oligo MOG OPALIN,0.0658894790877524
TCCTCCCCAAGACCGA-1,Astro AQP4 SLC1A2,0.9384282117755671
TCCTCCCCAATACGCT-1,Endo CLDN5 SLC7A5,0.2714201417029442
TCCTCCCCATGTGCTA-1,L2-3 CUX2 ACVR1C INHBA,0.01301545748653732
TCCTCCCGTCCAGTTA-1,Oligo MOG OPALIN,0.2105634436933885
TCCTCCCGTCGCTGCA-1,Endo CLDN5 SLC7A5,0.820260935113215
TCCTCCCGTGACAGGT-1,Endo CLDN5 SLC7A5,0.5835062013497159
TCCTCCCGTGCAAGAC-1,Micro P2RY12 APBB1IP,0.9030955619159834
TCCTCCCGTGGACAGT-1,Micro P2RY12 APBB1IP,0.8840741790275872
TCCTCCCTCTCGTCGT-1,Astro AQP4 SLC1A2,0.9999637123385205
TCCTCGAAGAATTGCA-1,Endo CLDN5 SLC7A5,0.9258429622196426
TCCTCGACAAACTAGA-1,Oligo MOG OPALIN,0.9575756459472853
TCCTCGACAGAAGCGT-1,Astro AQP4 SLC1A2,0.9971912300062994
TCCTCGACATCACAGT-1,L2-3 CUX2 NTNG1 PALMD,0.013501752058704951
TCCTCGACATCGTTCC-1,L3-5 RORB GABRG1 PLCH1,0.006602209506910541
TCCTCGAGTCTACACA-1,Oligo MOG OPALIN,0.3166262544862317
TCCTCGATCGAGAGCA-1,Oligo MOG OPALIN,0.939341683858037
TCCTCTTAGAGCAAGA-1,L2-3 CUX2 NTNG1 PALMD,0.2140625201570359
TCCTCTTCACGCTGCA-1,Oligo MOG OPALIN,0.0430064636402748
TCCTCTTCATCGGTTA-1,Endo CLDN5 SLC7A5,0.9785663069421696
TCCTCTTCATTGTCGA-1,Oligo MOG OPALIN,0.9163404967618368
TCCTCTTGTAGGCTCC-1,Oligo MOG OPALIN,0.9998883637486156
TCCTCTTGTCAATGGG-1,Endo CLDN5 SLC7A5,0.06529126501068147
TCCTCTTGTCATAACC-1,OPC PDGFRA PCDH15,0.012429044657079167
TCCTCTTTCGTCACCT-1,Astro GFAP AQP1,0.6057334018654191
TCCTGCAAGCACCCAC-1,Endo CLDN5 SLC7A5,0.06675310640584704
TCCTGCAAGGCTGAAC-1,L2-3 CUX2 ACVR1C THSD7A,0.9979981965891163
TCCTGCAAGTGCGCTC-1,Astro AQP4 SLC1A2,0.7702730442157907
TCCTGCACAAGCGATG-1,L2-3 CUX2 NTNG1 PALMD,0.1396557692699946
TCCTGCACATGGGAAC-1,Oligo MOG OPALIN,0.8927306778702934
TCCTGCAGTATTGGCT-1,Oligo MOG OPALIN,0.8638636250911572
TCCTGCAGTCACTGAT-1,L2-3 CUX2 ACVR1C THSD7A,0.030379294363653518
TCCTGCAGTTGTTTGG-1,L2-3 CUX2 NTNG1 PALMD,0.029403712420781068
TCCTGCATCTGGACTA-1,L3-5 RORB GABRG1 PLCH1,0.06645570708712341
TCCTTCTCACTTCAGA-1,Astro GFAP AQP1,0.022464192629654108
TCCTTCTCATCATCTT-1,Endo CLDN5 SLC7A5,0.6540062870032708
TCCTTCTGTGCTTATG-1,L3-5 RORB GABRG1 PTPRO,0.046867219302790024
TCCTTCTGTTAGAGTA-1,Endo CLDN5 SLC7A5,0.12022004309909194
TCCTTCTTCTGAGGCC-1,Oligo MOG OPALIN,0.9996235486807782
TCCTTTCAGACATCCT-1,L6 OPRK1 THEMIS RGS6,0.29607229991563255
TCCTTTCGTCGCACAC-1,Astro AQP4 SLC1A2,0.7131402004293151
TCCTTTCGTGGCTCTG-1,Endo CLDN5 SLC7A5,0.844138375496264
TCCTTTCGTGGCTTGC-1,Oligo MOG OPALIN,0.7082109298906348
TCGAACAAGTTGCTCA-1,L2-3 CUX2 NTNG1 PALMD,0.8750119920701029
TCGAACACAGATACCT-1,L3-5 RORB TNNT2 PRRX1,0.00841709643849227
TCGAACACATCCGTGG-1,Endo CLDN5 SLC7A5,0.11044644595578514
TCGAACAGTATCCTTT-1,Astro AQP4 SLC1A2,0.999999705713994
TCGAAGTAGGATACAT-1,Endo CLDN5 SLC7A5,0.475208009577131
TCGAAGTTCTGCGTCT-1,PC P2RY14 GRM8,0.999998992709041
TCGACCTGTGCTAGCC-1,L2-3 CUX2 NTNG1 PLCH1,0.10607480165694241
TCGACGGAGACTACCT-1,Endo CLDN5 SLC7A5,0.36758843787784934
TCGACGGCAATTGCCA-1,Oligo MOG OPALIN,0.6173335972548284
TCGACGGGTACACTCA-1,Astro GFAP AQP1,0.016853737218428665
TCGACGGGTTCCAAAC-1,Oligo MOG OPALIN,0.9320255353498823
TCGACGGTCCACGTGG-1,Astro AQP4 SLC1A2,0.9680582911059107
TCGATTTCACGCGCTA-1,Endo CLDN5 SLC7A5,0.86834901223129
TCGATTTCAGAAGTGC-1,Astro GFAP AQP1,0.9359901009334131
TCGATTTTCACCTCAC-1,Oligo MOG OPALIN,0.8294747486851052
TCGATTTTCCCTGGTT-1,Oligo MOG OPALIN,0.857913962036765
TCGATTTTCTCCGTGT-1,Astro GFAP AQP1,0.25667574624024236
TCGCACTAGACAGCTG-1,Endo CLDN5 SLC7A5,0.012854038590782966
TCGCACTCAACGGGTA-1,Endo CLDN5 SLC7A5,0.21281390562374985
TCGCACTTCGGACCAC-1,Oligo MOG OPALIN,0.4334296449003982
TCGCAGGAGCGTGCTC-1,Oligo MOG OPALIN,0.36718512540755166
TCGCAGGGTTGCTTGA-1,Oligo MOG OPALIN,0.8453577300858509
TCGCTCAAGCAACTTC-1,L2-3 CUX2 NTNG1 PALMD,0.24415520563241433
TCGCTCACATGAGGGT-1,Oligo MOG OPALIN,0.24662461743798286
TCGCTCAGTGAACTAA-1,Oligo MOG OPALIN,0.996042143112389
TCGCTCAGTTAAGGGC-1,Micro P2RY12 APBB1IP,0.9146105930813088
TCGCTCATCACGGGCT-1,Oligo MOG GSN,0.07477553213338926
TCGCTCATCGACCATA-1,Oligo MOG OPALIN,0.9961855439084832
TCGCTCATCGGCTGGT-1,Endo CLDN5 SLC7A5,0.44721775722322
TCGCTCATCGTCCTCA-1,Endo CLDN5 SLC7A5,0.6844135595039336
TCGCTTGAGATGCTTC-1,Endo CLDN5 SLC7A5,0.07631471810319762
TCGCTTGAGCTGGAGT-1,Endo CLDN5 SLC7A5,0.717520339358263
TCGCTTGGTGAGCGAT-1,Oligo MOG GSN,0.5301898582485954
TCGCTTGTCACTACTT-1,Oligo MOG OPALIN,0.9998772851257388
TCGGATAAGTAGTCCT-1,Oligo MOG OPALIN,0.27191459778791827
TCGGATACATAACCCA-1,Endo CLDN5 SLC7A5,0.7812208526362737
TCGGATACATACATCG-1,Oligo MOG OPALIN,0.8320112938631025
TCGGGACCAACCCGCA-1,Astro GFAP AQP1,0.6229981915797483
TCGGGACCATTGTGCA-1,Astro AQP4 SLC1A2,0.9990811182796795
TCGGGACGTTGCAAGG-1,Endo CLDN5 SLC7A5,0.7376983460813624
TCGGGCAAGTCGCTAT-1,Endo CLDN5 SLC7A5,0.03896692385086688
TCGGGCACAAATCGTC-1,Endo CLDN5 SLC7A5,0.08053649600235058
TCGGGCACAGCCTATA-1,Oligo MOG OPALIN,0.9851161125109476
TCGGGCACATCTCCCA-1,Endo CLDN5 SLC7A5,0.02598355353649852
TCGGGCAGTGCCGTTG-1,Micro P2RY12 APBB1IP,0.13722469739790122
TCGGGCATCCACGTCT-1,L2-3 CUX2 ACVR1C THSD7A,0.9984167318820404
TCGGGTGGTACGCTAT-1,Endo CLDN5 SLC7A5,0.8163578199035892
TCGGGTGGTGTCACAT-1,OPC PDGFRA PCDH15,0.9648460657594347
TCGGGTGTCCATTGCC-1,Oligo MOG OPALIN,0.9950385902009723
TCGGTCTAGAGAACCC-1,Oligo MOG OPALIN,0.1648424724897295
TCGGTCTAGTACTGTC-1,Oligo MOG OPALIN,0.7811283592383064
TCGGTCTCACTTGAGT-1,InN PVALB HPSE,0.014421716693545214
TCGGTCTTCGTGAGAG-1,Oligo MOG OPALIN,0.9983351143153969
TCGGTCTTCTCTCTTC-1,Endo CLDN5 SLC7A5,0.7606766433943264
TCGTAGAAGACGCTCC-1,Endo CLDN5 SLC7A5,0.0621491112104418
TCGTAGAAGTTAGTAG-1,L3-5 RORB MKX GRIN3A,0.05857179869050262
TCGTAGACACGCCAGT-1,L6 OPRK1 THEMIS RGS6,0.09552182439591816
TCGTAGAGTATCGAGG-1,Astro AQP4 SLC1A2,0.9999760640933534
TCGTAGAGTATCGTTG-1,Oligo MOG OPALIN,0.2712787561120491
TCGTAGAGTGTCATCA-1,InN SST HTR2C,0.7244958046998623
TCGTAGATCTCGACCT-1,Oligo MOG OPALIN,0.040455470842919464
TCGTCCAAGAGCAGAA-1,Endo CLDN5 SLC7A5,0.8719015237104586
TCGTCCAAGCTTCTAG-1,L2-3 CUX2 ACVR1C THSD7A,0.24469913931130954
TCGTCCACAATGAAAC-1,L6 FEZF2 NPFFR2 KCNK2,0.22895997980714844
TCGTCCACAATTGAGA-1,Astro GFAP AQP1,0.2026905552461681
TCGTCCACAGCGTGCT-1,Endo CLDN5 SLC7A5,0.12446893707847345
TCGTCCAGTGCTGTCG-1,Oligo MOG OPALIN,0.9699582495582267
TCGTCCAGTGTCCATA-1,Oligo MOG OPALIN,0.999991517847628
TCGTCCAGTTGGATCT-1,Endo CLDN5 SLC7A5,0.8886627824420611
TCGTGCTAGGATACGC-1,Oligo MOG OPALIN,0.9999919812692466
TCGTGCTCACCACTGG-1,Endo CLDN5 SLC7A5,0.8251340283541232
TCGTGCTCAGGCACTC-1,Oligo MOG OPALIN,0.9998967608528202
TCGTGCTCAGTGGCTC-1,Oligo MOG OPALIN,0.11691511884789205
TCGTGGGCAAGTTGGG-1,Endo CLDN5 SLC7A5,0.18394873466992356
TCGTGGGCAGTCTCTC-1,Oligo MOG OPALIN,0.9315983238420218
TCGTGGGGTCGCGGTT-1,Astro AQP4 SLC1A2,0.5552810635028046
TCGTGGGGTTGCACGC-1,Endo CLDN5 SLC7A5,0.6842212431645408
TCGTGGGTCGACACTA-1,Endo CLDN5 SLC7A5,0.02661258780399753
TCTAACTCAGTGACCC-1,Oligo MOG OPALIN,0.7039412933253454
TCTAACTGTCCGGATC-1,Astro GFAP AQP1,0.06663095937947926
TCTAACTGTGTTCGAT-1,PC P2RY14 GRM8,0.9999987048023427
TCTAACTTCAGGAACG-1,InN VIP HS3ST3B1,0.22421852514389518
TCTAACTTCGGTTCAA-1,Oligo MOG OPALIN,0.24837144120848387
TCTACATAGAGTCTTC-1,Astro GFAP AQP1,0.9999833858509299
TCTACATCACTGATTG-1,Endo CLDN5 SLC7A5,0.10256978814715234
TCTACATGTGTTGCCG-1,Oligo MOG OPALIN,0.8596486969226071
TCTACATTCTTCGACC-1,L3-5 RORB MKX GRIN3A,0.644927330607245
TCTACCGAGTTAGAAC-1,L3-5 RORB MKX GRIN3A,0.006316521951416544
TCTACCGCAGAGTAAT-1,Oligo MOG OPALIN,0.995149488368058
TCTACCGCATGCCATA-1,Astro AQP4 SLC1A2,0.9998920796255988
TCTACCGTCAGGAAAT-1,Oligo MOG OPALIN,0.9825663704874347
TCTATACAGCCTCTGG-1,Endo CLDN5 SLC7A5,0.6595716650674807
TCTATACAGTCACGCC-1,L6 OPRK1 THEMIS RGS6,0.06781963158697413
TCTATACCAGATCCTA-1,Astro GFAP AQP1,0.9129415169175579
TCTATACCAGCTACTA-1,Oligo MOG OPALIN,0.09789656103036058
TCTATACCATGACGGA-1,Astro AQP4 SLC1A2,0.9997411219022577
TCTATACGTATCGAGG-1,Oligo MOG OPALIN,0.9985572232995561
TCTATACGTTTACACG-1,Oligo MOG OPALIN,0.9387165113790524
TCTATACTCACGACTA-1,Endo CLDN5 SLC7A5,0.9983973324231683
TCTATACTCATCCTGC-1,Oligo MOG OPALIN,0.9997674685461634
TCTATACTCCTTCTGG-1,Astro AQP4 SLC1A2,0.9986685819545053
TCTATCAAGAGTAACT-1,InN VIP ADAM12,0.018322042778101545
TCTATCAGTCGAGCAA-1,Oligo MOG OPALIN,0.9997179908275814
TCTATCAGTTATCTGG-1,Endo CLDN5 SLC7A5,0.7119356517023294
TCTATCATCTGGCCGA-1,InN PVALB HPSE,0.04201209167500769
TCTCACGCACCTCAGG-1,Oligo MOG OPALIN,0.32754163320774354
TCTCACGCAGTGTGGA-1,Oligo MOG OPALIN,0.9999948717355296
TCTCAGCAGTCACAGG-1,L6 OPRK1 THEMIS RGS6,0.8345843117223741
TCTCAGCCACATGGTT-1,Endo CLDN5 SLC7A5,0.8403223069280071
TCTCAGCCACCTGAAT-1,Endo CLDN5 SLC7A5,0.25921508761805934
TCTCAGCCAGTTCTAG-1,Oligo MOG OPALIN,0.15539673241666768
TCTCAGCGTACACGCC-1,Endo CLDN5 SLC7A5,0.032309853483382396
TCTCAGCGTCCTACGG-1,L3-5 RORB MKX GRIN3A,0.2711338877877955
TCTCAGCTCCCTATTA-1,Oligo MOG OPALIN,0.9817675311423621
TCTCAGCTCCTTATAC-1,Oligo MOG OPALIN,0.9999429569004191
TCTCCGAAGGCGATAC-1,Micro P2RY12 APBB1IP,0.3466791927667605
TCTCCGACACTGCATA-1,Micro P2RY12 APBB1IP,0.9870357277987724
TCTCCGACATCAGCTA-1,Endo CLDN5 SLC7A5,0.2257883310906981
TCTCCGAGTCTTCGAA-1,OPC PDGFRA PCDH15,0.999999659673564
TCTCCGATCACTACTT-1,Oligo MOG OPALIN,0.9666913723775
TCTCCGATCCCGAATA-1,Endo CLDN5 SLC7A5,0.832285329331247
TCTCCGATCGTGGGAA-1,Oligo MOG OPALIN,0.6629037198902065
TCTCTGGAGTGATCGG-1,Astro GFAP AQP1,0.9999931864946934
TCTGCCAAGCCTGACC-1,Endo CLDN5 SLC7A5,0.041711283409914965
TCTGCCACACGGAAGT-1,InN SST TRPC7,0.02705792097816153
TCTGCCAGTACCATAC-1,Micro P2RY12 APBB1IP,0.9990389152919005
TCTGCCATCTTCGATT-1,Astro GFAP AQP1,0.10055476087874803
TCTGGCTGTCTTTATC-1,Astro GFAP AQP1,0.8074391042179747
TCTGGCTGTTAATCGC-1,Endo CLDN5 SLC7A5,0.4773334454310815
TCTGTCGGTCATATGC-1,Astro GFAP AQP1,0.5214342632838705
TCTGTCGTCAAGCGTT-1,Oligo MOG OPALIN,0.9999626107028289
TCTTAGTAGGTGCTGA-1,Astro GFAP AQP1,0.28573825099323685
TCTTAGTAGTGGTTGG-1,Endo CLDN5 SLC7A5,0.992198191301615
TCTTAGTGTCTGTTAG-1,L6 FEZF2 SYT6 PTPRT,0.8219869648280719
TCTTAGTTCTACGGTA-1,Astro GFAP AQP1,0.9711695316171169
TCTTCCTCACGGTGTC-1,Oligo MOG GSN,0.9568739917460005
TCTTCCTGTGCATACT-1,Endo CLDN5 SLC7A5,0.03704711372924991
TCTTCCTTCACAGAGG-1,L2-3 CUX2 NTNG1 PALMD,0.9396645014869048
TCTTTGAAGGCCCGTT-1,L2-3 CUX2 NTNG1 PALMD,0.06908060419150946
TCTTTGAAGGTACCTT-1,Endo CLDN5 SLC7A5,0.9954810224384353
TCTTTGAAGGTCACTT-1,L3-5 RORB GABRG1 PTPRO,0.3177599058934323
TCTTTGAAGTATGAGT-1,Astro GFAP AQP1,0.7567209554501938
TCTTTGACACGATTCA-1,Oligo MOG OPALIN,0.14701742247531369
TCTTTGAGTTGCTCCT-1,Endo CLDN5 SLC7A5,0.5090890953525069
TCTTTGATCATCGCCT-1,Endo CLDN5 SLC7A5,0.6826743042200151
TCTTTGATCTCCCATG-1,Endo CLDN5 SLC7A5,0.5558975652338005
TGAACGTAGCTGGCTC-1,Endo CLDN5 SLC7A5,0.0613617906295566
TGAACGTCAGTACTAC-1,Oligo MOG OPALIN,0.06870874628621004
TGAACGTGTCGAATTC-1,L6 OPRK1 THEMIS RGS6,0.08389288752971213
TGAACGTGTCTTCAAG-1,Micro P2RY12 APBB1IP,0.9998343491768181
TGAACGTGTGGGACAT-1,Endo CLDN5 SLC7A5,0.24652389920533263
TGAATCGAGAATTCAG-1,L3-5 RORB MKX GRIN3A,0.011521902132681824
TGAATCGAGATGTAGT-1,Endo CLDN5 SLC7A5,0.021751156526618264
TGAATCGAGCCTGAAG-1,Astro GFAP AQP1,0.06928033994235533
TGAATCGAGTGGCAGT-1,Oligo MOG OPALIN,0.9996766644884534
TGAATCGCAAGAGAGA-1,Oligo MOG OPALIN,0.9996078210003598
TGAATCGGTATCACGT-1,Astro AQP4 SLC1A2,0.9999961346682337
TGAATCGGTTAGAAGT-1,Oligo MOG OPALIN,0.9979467218245
TGAATCGTCGTCGCTT-1,Astro GFAP AQP1,0.7064854402963338
TGAATGCAGAAACTAC-1,Oligo MOG GSN,0.3476181019625187
TGAATGCAGCAACTTC-1,Endo CLDN5 SLC7A5,0.8198985688441934
TGAATGCGTCCCTAAA-1,Endo CLDN5 SLC7A5,0.24177842612465547
TGAATGCGTGGTACAG-1,Endo CLDN5 SLC7A5,0.045472730553819646
TGAATGCTCCTACGAA-1,Oligo MOG OPALIN,0.31260736679722245
TGAATGCTCGGTGTTA-1,Oligo MOG OPALIN,0.9931811719549505
TGACAGTCACAAGTTC-1,Oligo MOG OPALIN,0.3535396577213471
TGACAGTCAGATTTCG-1,Endo CLDN5 SLC7A5,0.5027280611518572
TGACAGTCAGGACTAG-1,Oligo MOG OPALIN,0.48405645185665575
TGACAGTCATAAGCGG-1,Oligo MOG OPALIN,0.3662493413937664
TGACAGTCATTGAGGG-1,InN SST ADAMTSL1,0.024414107237737653
TGACAGTGTATCAGCT-1,Endo CLDN5 SLC7A5,0.4129409919618581
TGACAGTGTCATAACC-1,Oligo MOG OPALIN,0.07387971412450382
TGACAGTGTGCGGCTT-1,Endo CLDN5 SLC7A5,0.3435341965725509
TGACAGTTCGTCGACG-1,Oligo MOG OPALIN,0.8081543962958095
TGACCCTAGATACAGT-1,Oligo MOG OPALIN,0.9518731504455459
TGACCCTCACCACATA-1,Endo CLDN5 SLC7A5,0.7924130531817175
TGACCCTCAGTAGTTC-1,InN PVALB PIEZO2,0.05316600198916323
TGACCCTCATGACACT-1,Micro P2RY12 APBB1IP,0.16914174017185024
TGACCCTTCCAAATGC-1,Astro GFAP AQP1,0.841264499348839
TGACGCGAGACATCCT-1,L3-5 RORB GABRG1 PTPRO,0.033974547261423134
TGACGCGAGTGAGGCT-1,Oligo MOG OPALIN,0.8538555158830952
TGACGCGCATCCAACA-1,Oligo MOG OPALIN,0.5972885189298082
TGACGCGTCTTCGGAA-1,L2-3 CUX2 ACVR1C THSD7A,0.04380783362294089
TGACTCCAGACTGTTC-1,Oligo MOG OPALIN,0.9997642388120545
TGACTCCAGTGTAGAT-1,Endo CLDN5 SLC7A5,0.8701963828541901
TGACTCCTCGAGAGAC-1,Endo CLDN5 SLC7A5,0.11538082164719164
TGACTCCTCGCCAGTG-1,Endo CLDN5 SLC7A5,0.4324581175012495
TGACTCCTCGCCATAA-1,Oligo MOG OPALIN,0.9999996118506925
TGAGACTAGGTACCTT-1,Endo CLDN5 SLC7A5,0.31420949472100906
TGAGACTCACTAAACC-1,Astro GFAP AQP1,0.05527232435590035
TGAGACTGTGAGCTCC-1,Oligo MOG OPALIN,0.009534324386994681
TGAGACTGTTCCCAAA-1,Oligo MOG OPALIN,0.9999979550250174
TGAGACTTCATCCCGT-1,Endo CLDN5 SLC7A5,0.4950975254352603
TGAGACTTCCCGTGTT-1,Endo CLDN5 SLC7A5,0.9094194492172057
TGAGCATCAAACTAGA-1,Endo CLDN5 SLC7A5,0.13887879937449588
TGAGCATGTAAGTCAA-1,Oligo MOG OPALIN,0.22528095490711547
TGAGCATGTCGAACAG-1,Oligo MOG OPALIN,0.9981213248933726
TGAGCATGTGCCTGAC-1,Oligo MOG OPALIN,0.5000586598271164
TGAGCATGTTTAGAGA-1,Endo CLDN5 SLC7A5,0.05013128694654462
TGAGCATTCCCAGGAC-1,Endo CLDN5 SLC7A5,0.6430236705869781
TGAGCATTCGAAGCAG-1,Oligo MOG OPALIN,0.02829994139387567
TGAGCGCAGAGAGGGC-1,Oligo MOG OPALIN,0.9999870073432019
TGAGCGCAGCCTCATA-1,InN LAMP5 BMP7,0.8707483586160157
TGAGCGCAGTCCCAAT-1,OPC PDGFRA PCDH15,0.9999734726176845
TGAGCGCCACGTGTGC-1,Astro AQP4 SLC1A2,0.9008483787843181
TGAGCGCCATACACCA-1,L6 FEZF2 SYT6 PTPRT,0.03132092351618355
TGAGCGCGTCAGATTC-1,Endo CLDN5 SLC7A5,0.9931829444338975
TGAGCGCGTCGGATTT-1,Oligo MOG FRY,0.02452345321004146
TGAGCGCGTTATTCCT-1,PC P2RY14 GRM8,0.9540148811039535
TGAGGAGAGATAGCAT-1,Endo CLDN5 SLC7A5,0.500599628139213
TGAGGAGAGGATTCAA-1,L2-3 CUX2 NTNG1 PALMD,0.9190915826170379
TGAGGAGCACGACAGA-1,Oligo MOG OPALIN,0.5875180176944805
TGAGGAGGTTCAAACC-1,Oligo MOG OPALIN,0.99822198006942
TGAGGGAAGACTTGTC-1,Endo CLDN5 SLC7A5,0.2826190893097045
TGAGGGAAGGAACATT-1,InN SST FREM1,0.9974831511747028
TGAGGGACACAGCCAC-1,L5-6 FEZF2 NXPH2 SORCS3,0.05248813627865258
TGAGGGACATCATGAC-1,Oligo MOG OPALIN,0.9998458075058522
TGAGGGACATCCAACA-1,Endo CLDN5 SLC7A5,0.1445440244958317
TGAGGGACATGTACGT-1,Astro GFAP AQP1,0.9964891821953166
TGAGGGAGTATGCGGA-1,InN VIP EXPH5,0.7455051484412959
TGAGGGAGTCCTACGG-1,Oligo MOG OPALIN,0.1487767625774442
TGAGGGAGTTTCGTGA-1,InN SST STK32A,0.12032868488055949
TGAGGGATCCCGTGTT-1,Endo CLDN5 SLC7A5,0.18407080299504006
TGAGGGATCTCTTCAA-1,Endo CLDN5 SLC7A5,0.34189839170763053
TGAGGTTCAAAGGTTA-1,Oligo MOG OPALIN,0.31726185443084004
TGAGGTTCAAGACTGG-1,Oligo MOG OPALIN,0.10723826972853068
TGAGGTTGTATCGATC-1,Oligo MOG OPALIN,0.7046163171787281
TGAGGTTGTCTTGCGG-1,Endo CLDN5 SLC7A5,0.8574833518157161
TGAGGTTTCCCGTGAG-1,Endo CLDN5 SLC7A5,0.1445458101002103
TGAGTCAAGGTGCTGA-1,Endo CLDN5 SLC7A5,0.11797142144725267
TGAGTCACATGTAACC-1,Oligo MOG OPALIN,0.24048763840273962
TGAGTCATCCGTCAAA-1,PC P2RY14 GRM8,0.9963778763251917
TGATCAGCACCGTGCA-1,Oligo MOG OPALIN,0.9460708180737724
TGATCAGCACCTATCC-1,Astro AQP4 SLC1A2,0.549236764711898
TGATCAGTCACCATAG-1,InN SST HTR2C,0.01209282658310755
TGATCTTAGCCTAACT-1,Astro AQP4 SLC1A2,0.12821347862654275
TGATCTTAGGCCTAAG-1,Oligo MOG OPALIN,0.8474495464201213
TGATCTTGTACACTCA-1,Endo CLDN5 SLC7A5,0.8680733085310728
TGATCTTGTCTCCCTA-1,Oligo MOG OPALIN,0.6076446781775169
TGATCTTGTTTACCAG-1,Astro AQP4 SLC1A2,0.9999346320930756
TGATCTTTCAAAGACA-1,Oligo MOG OPALIN,0.9436908493233732
TGATGCAAGCATTGTC-1,Astro GFAP AQP1,0.5842483158703987
TGATGCACAGGTGAGT-1,Oligo MOG OPALIN,0.9981241203453995
TGATGCAGTATTTCTC-1,Oligo MOG OPALIN,0.755618434955201
TGATGCAGTGTTCCTC-1,PC P2RY14 GRM8,0.9981982409263026
TGATGCATCCAGGACC-1,Oligo MOG OPALIN,0.08238152944758212
TGATGGTCACAAGCAG-1,Astro GFAP AQP1,0.4291201630784277
TGATGGTGTACCTAAC-1,Oligo MOG OPALIN,0.9776167270375821
TGATGGTGTGCGTTTA-1,Endo CLDN5 SLC7A5,0.060873735561677314
TGATGGTTCCCTCGTA-1,Oligo MOG GSN,0.6762733707749574
TGATGGTTCGAAACAA-1,Endo CLDN5 SLC7A5,0.40163550986165736
TGATTCTCACCTCTGT-1,Oligo MOG OPALIN,0.03909816539894211
TGATTCTCAGTGTACT-1,L2-3 CUX2 NTNG1 PALMD,0.06741844852953446
TGATTCTCAGTTGCGC-1,Endo CLDN5 SLC7A5,0.6152604594927942
TGATTCTGTGTGGTCC-1,Oligo MOG FRY,0.019506592659484984
TGATTCTTCCACACAA-1,L2-4 CUX2 RORB CLMN,0.0756732238827069
TGATTCTTCTTGCAAG-1,Astro AQP4 SLC1A2,0.9999939668588821
TGATTTCCAAATCGTC-1,Endo CLDN5 SLC7A5,0.3263237819548305
TGATTTCCAGAAGTGC-1,L2-3 CUX2 NTNG1 COL5A2,0.17051575400529267
TGATTTCCAGACCTGC-1,Endo CLDN5 SLC7A5,0.8437709018409957
TGATTTCCAGGAAGTC-1,Oligo MOG OPALIN,0.9992642922236069
TGATTTCCAGGCTTGC-1,Oligo MOG OPALIN,0.6378864526096648
TGATTTCGTACGACAG-1,InN SST ADAMTSL1,0.14201897838432834
TGATTTCGTGTCATCA-1,L2-3 CUX2 NTNG1 PALMD,0.22045571820427876
TGATTTCTCGGAGCAA-1,Astro GFAP FABP7,0.9999833418481945
TGATTTCTCTCTTCAA-1,Oligo MOG OPALIN,0.510511054751098
TGCACGGAGGAACGAA-1,Endo CLDN5 SLC7A5,0.10263550904952085
TGCACGGAGGAGGCAG-1,Endo CLDN5 SLC7A5,0.9042823823353641
TGCACGGGTGCATGTT-1,Oligo MOG OPALIN,0.9997835931397633
TGCAGATAGATAGCTA-1,Oligo MOG OPALIN,0.13099662618573418
TGCAGATCAATTGAAG-1,L3-5 RORB GABRG1 PTPRO,0.007070129906632288
TGCAGATCACCTCGTT-1,Endo CLDN5 SLC7A5,0.00948365789718521
TGCAGATCACTTCATT-1,L6 OPRK1 THEMIS RGS6,0.9981487058517655
TGCAGATCAGTCCCGA-1,Endo CLDN5 SLC7A5,0.15839963684847094
TGCAGATGTACAATAG-1,Endo CLDN5 SLC7A5,0.452575405989014
TGCAGATGTTACTCAG-1,Astro GFAP AQP1,0.9592841851868559
TGCAGATTCCGATAGT-1,Endo CLDN5 SLC7A5,0.19405869439927698
TGCAGATTCTTCTGTA-1,Oligo MOG GSN,0.0716772841309893
TGCAGGCAGAGCCATG-1,Astro AQP4 SLC1A2,0.9999287064464558
TGCAGGCCAGATCATC-1,L3-5 RORB MKX GALR1,0.06004316134335516
TGCAGGCGTCCACACG-1,Micro P2RY12 APBB1IP,0.8463368835696301
TGCAGGCTCGCCTTTG-1,Endo CLDN5 SLC7A5,0.09268307739010472
TGCAGTAAGCAATTCC-1,Astro GFAP AQP1,0.9977981728595615
TGCAGTAGTGGGATTG-1,Oligo MOG OPALIN,0.9979804383088955
TGCAGTAGTTTCCCAC-1,Endo CLDN5 SLC7A5,0.9763592402402363
TGCAGTATCATGTCTT-1,Astro AQP4 SLC1A2,0.08405034031539489
TGCAGTATCCCTTTGG-1,Endo CLDN5 SLC7A5,0.13367539755461588
TGCAGTATCTGTCGTC-1,Oligo MOG OPALIN,0.9978841795840386
TGCAGTATCTTAGGAC-1,Oligo MOG OPALIN,0.014000985913801807
TGCATCCAGCCGATTT-1,PC P2RY14 GRM8,0.9999905642496706
TGCATCCAGCTCTATG-1,Endo CLDN5 SLC7A5,0.15911869553650004
TGCATCCAGGGCTGAT-1,Oligo MOG OPALIN,0.6819915254228744
TGCATCCAGTGGTGGT-1,Oligo MOG OPALIN,0.2060112108617924
TGCATCCCAGAAGTGC-1,Endo CLDN5 SLC7A5,0.9522586649276256
TGCATCCCATATCTCT-1,Endo CLDN5 SLC7A5,0.28245512696977493
TGCATCCGTCCCTCAT-1,Endo CLDN5 SLC7A5,0.010005708513406425
TGCATCCTCAAGTCTG-1,Micro P2RY12 APBB1IP,0.9194023307780634
TGCATCCTCCTGTTAT-1,L6 OPRK1 THEMIS RGS6,0.8490696957877256
TGCATCCTCTTCTAAC-1,Oligo MOG OPALIN,0.07143839232189456
TGCATGAAGTAATTGG-1,Oligo MOG OPALIN,0.9944647395327634
TGCATGACAAATTGGA-1,Astro GFAP AQP1,0.22911122478117268
TGCATGACAAGCACCC-1,Endo CLDN5 SLC7A5,0.023348746172346096
TGCATGACACGGCCAT-1,Oligo MOG OPALIN,0.7069668051601422
TGCATGACACGTGAGA-1,L2-3 CUX2 ACVR1C THSD7A,0.08194646925682589
TGCATGACATCACGGC-1,Endo CLDN5 IL1R1,0.021916236660940884
TGCATGACATGTTTGG-1,Astro GFAP AQP1,0.5830331639382754
TGCATGATCAGCGGAA-1,Endo CLDN5 SLC7A5,0.04718076447630093
TGCATGATCCTCGCAT-1,Oligo MOG FRY,0.9977873428881016
TGCCGAGCAACGATTC-1,Endo CLDN5 SLC7A5,0.12536919081545406
TGCCGAGCATGGCACC-1,Astro GFAP AQP1,0.6620435649407248
TGCCGAGGTCACTACA-1,Endo CLDN5 SLC7A5,0.052656055912643634
TGCCGAGTCGTAGGAG-1,Astro GFAP FABP7,0.9999993512921626
TGCCGAGTCTAGCCTC-1,L2-3 CUX2 NTNG1 PALMD,0.03358936591528669
TGCGACGAGGGAGGTG-1,L2-3 CUX2 NTNG1 PALMD,0.19270678966091462
TGCGACGAGTAAACTG-1,Endo CLDN5 SLC7A5,0.05520575633754299
TGCGACGGTGTAACGG-1,Oligo MOG OPALIN,0.9678151546222524
TGCGACGGTTCTCACC-1,Oligo MOG OPALIN,0.9989116185701075
TGCGACGTCACTACTT-1,Astro GFAP AQP1,0.924861986907927
TGCGACGTCAGTGTCA-1,Oligo MOG OPALIN,0.1834659952093973
TGCGACGTCTTAGCAG-1,Astro AQP4 SLC1A2,0.8877587506329415
TGCGATAAGGAAAGAC-1,Endo CLDN5 SLC7A5,0.6304891633205487
TGCGATAGTGTAAATG-1,Oligo MOG OPALIN,0.881043575158188
TGCGATATCGCGATCG-1,Oligo MOG OPALIN,0.4807715800628925
TGCGATATCTTCCCAG-1,Oligo MOG OPALIN,0.999977702455219
TGCGGCAAGAACAAGG-1,Astro GFAP AQP1,0.9994923248480094
TGCGGCAAGAGCATAT-1,Endo CLDN5 IL1R1,0.04591365417755954
TGCGGCAAGCAGAAAG-1,Endo CLDN5 SLC7A5,0.9745531900418323
TGCGGCATCGGCATAT-1,Oligo MOG OPALIN,0.9994936720574712
TGCGGCATCTTGCAGA-1,Oligo MOG OPALIN,0.9997393430988808
TGCGGGTGTCGAACGA-1,Endo CLDN5 SLC7A5,0.8905197448273108
TGCGGGTGTTCTTGCC-1,Astro GFAP AQP1,0.8300144791050763
TGCGGGTTCCTCGATC-1,Oligo MOG OPALIN,0.9999670058111113
TGCGGGTTCGAGTTGT-1,L6 FEZF2 NPFFR2 KCNK2,0.023005712563933182
TGCGGGTTCTCATGCC-1,Oligo MOG OPALIN,0.9972619648816456
TGCTCCAAGAGTATAC-1,Oligo MOG OPALIN,0.5535407323981273
TGCTCCACAGCTATTG-1,Oligo MOG OPALIN,0.9998151369644307
TGCTCCAGTGTAGCAG-1,Endo CLDN5 SLC7A5,0.9288430923093244
TGCTCGTAGGTAGTCG-1,Oligo MOG FRY,0.022965813260957063
TGCTCGTAGGTCTTTG-1,Endo CLDN5 SLC7A5,0.9400279041907501
TGCTCGTCACCTGAAT-1,Endo CLDN5 SLC7A5,0.11537778315004901
TGCTCGTGTCTGTCAA-1,Oligo MOG OPALIN,0.2002370501608038
TGCTCGTTCCATTGGA-1,Endo CLDN5 SLC7A5,0.6783300273546032
TGCTCGTTCTCCGAAA-1,Endo CLDN5 SLC7A5,0.17861496612521222
TGCTGAAAGGAAAGTG-1,Endo CLDN5 SLC7A5,0.27824091523064154
TGCTGAACATGCACTA-1,Astro AQP4 OSMR,0.07102246396939393
TGCTGAATCTTGATTC-1,Oligo MOG OPALIN,0.9944704206987882
TGCTTCGCACGAGGTA-1,Endo CLDN5 SLC7A5,0.9766614097867349
TGCTTCGTCGGTCGGT-1,Micro P2RY12 APBB1IP,0.04911037132795024
TGCTTGCGTACCAATC-1,Oligo MOG OPALIN,0.6676253739823034
TGCTTGCTCATCGTAG-1,L2-3 CUX2 ACVR1C THSD7A,0.19471899585756094
TGGAACTCATAATCCG-1,L6 FEZF2 NPFFR2 KCNK2,0.37273487463894217
TGGAACTCATGGTACT-1,Astro GFAP AQP1,0.9999930932025033
TGGAACTTCGCATTAG-1,L2-3 CUX2 NTNG1 PALMD,0.020150531692212585
TGGAACTTCTTACGGA-1,Oligo MOG OPALIN,0.9999840445447674
TGGAGAGCAAACTCTG-1,L6 OPRK1 THEMIS RGS6,0.07234418920741537
TGGAGAGGTAAGATTG-1,Endo CLDN5 SLC7A5,0.15575314749527397
TGGAGAGTCACTCGAA-1,Endo CLDN5 SLC7A5,0.4375603609472446
TGGAGGAAGAAACACT-1,Endo CLDN5 SLC7A5,0.747894635743751
TGGAGGAAGATGGTAT-1,Oligo MOG OPALIN,0.8557778524386834
TGGAGGAAGTAGGATT-1,Oligo MOG OPALIN,0.11709268219796885
TGGAGGACAGATACCT-1,Endo CLDN5 SLC7A5,0.19723652974220426
TGGAGGATCTTTGCAT-1,L3-5 RORB MKX GALR1,0.1338334660734583
TGGATCACACACTTAG-1,L2-3 CUX2 NTNG1 PALMD,0.07819797731951511
TGGATCAGTACTCCGG-1,Endo CLDN5 SLC7A5,0.08987516545270498
TGGATCAGTTAGGGAC-1,Endo CLDN5 SLC7A5,0.2263422713114834
TGGATCAGTTTCGACA-1,Oligo MOG OPALIN,0.9901390000991167
TGGATCATCACCACAA-1,InN VIP ADAM12,0.029558651162807325
TGGATCATCATGCCAA-1,Endo CLDN5 SLC7A5,0.49835224326146077
TGGATCATCGGTCGAC-1,L2-3 CUX2 NTNG1 PLCH1,0.2746740679436282
TGGATGTAGAAGAGCA-1,Oligo MOG OPALIN,0.8924455031506433
TGGATGTAGGTTCTTG-1,Oligo MOG OPALIN,0.9995017680831031
TGGATGTCACCGTACG-1,Astro GFAP AQP1,0.9999245839590843
TGGATGTCACGAAAGC-1,PC P2RY14 GRM8,0.9934156503071073
TGGATGTCAGCGACCT-1,Oligo MOG OPALIN,0.12225848530834645
TGGATGTCAGGCGAAT-1,L2-3 CUX2 NTNG1 PLCH1,0.06923689646199487
TGGATGTGTTCTAACG-1,Endo CLDN5 SLC7A5,0.3326287124715518
TGGATGTTCAACCGAT-1,Astro GFAP AQP1,0.9972358217039244
TGGATGTTCAATCTCT-1,Endo CLDN5 SLC7A5,0.7983589252082967
TGGATGTTCGAGAAGC-1,OPC PDGFRA PCDH15,0.9999999327702752
TGGCGTGAGCGACTTT-1,L3-5 RORB PCBP3 ARHGAP15,0.6964481634971719
TGGCGTGCAAACTCTG-1,L2-3 CUX2 NTNG1 PALMD,0.8103724385609685
TGGCGTGCACTTGTCC-1,Endo CLDN5 SLC7A5,0.008520816849725431
TGGCGTGGTCCACGCA-1,Endo CLDN5 SLC7A5,0.033220219616632254
TGGCGTGGTCGTCAGC-1,Oligo MOG OPALIN,0.1294883951127063
TGGCGTGGTTAAAGTG-1,L2-3 CUX2 NTNG1 PALMD,0.07106453894802352
TGGCGTGTCGACATTG-1,L3-5 RORB PCBP3 ARHGAP15,0.030830924803977925
TGGGAAGAGGAGAATG-1,Oligo MOG OPALIN,0.9961278884733099
TGGGAAGAGGCATGGT-1,Endo CLDN5 SLC7A5,0.06113992204582652
TGGGAAGAGTGCAAAT-1,Endo CLDN5 SLC7A5,0.13323853900113702
TGGGAAGGTCCAGGTC-1,L2-3 CUX2 NTNG1 COL5A2,0.9431497760722631
TGGGAAGTCAGACAAA-1,Endo CLDN5 SLC7A5,0.16951277217985844
TGGGAAGTCTTCTGGC-1,Oligo MOG OPALIN,0.999977227582234
TGGGAGAAGGATTCAA-1,Oligo MOG OPALIN,0.9990504966858929
TGGGAGAAGTATGAGT-1,L6 OPRK1 THEMIS RGS6,0.22336331257751804
TGGGAGAAGTGTTCAC-1,Endo CLDN5 SLC7A5,0.05220213957320014
TGGGAGACAGAACGCA-1,L6 OPRK1 THEMIS RGS6,0.290468861646147
TGGGAGACATGGGAAC-1,Oligo MOG OPALIN,0.999333954431831
TGGGAGATCGTCACCT-1,Endo CLDN5 SLC7A5,0.887946930488783
TGGGAGATCTGACAGT-1,Oligo MOG OPALIN,0.9999739514780115
TGGGAGATCTTGGTCC-1,Astro GFAP AQP1,0.028669717467919558
TGGGATTAGAGTGAAG-1,Astro AQP4 SLC1A2,0.8746137685585128
TGGGATTAGGAGAATG-1,Endo CLDN5 SLC7A5,0.04619224240813861
TGGGATTAGGATCATA-1,OPC PDGFRA PCDH15,0.1610035227047819
TGGGATTAGTAGACAT-1,Endo CLDN5 SLC7A5,0.9199637928830259
TGGGATTCAATAACGA-1,Micro P2RY12 APBB1IP,0.9505992484215804
TGGGATTGTGAATGAT-1,Oligo MOG FRY,0.6813877433657501
TGGGATTGTGGGAGAG-1,Micro P2RY12 APBB1IP,0.829389171158765
TGGGATTTCACAAGAA-1,Astro GFAP AQP1,0.9158307519152821
TGGGATTTCAGGTAAA-1,Oligo MOG OPALIN,0.4057416188100414
TGGGATTTCCAATCTT-1,Endo CLDN5 SLC7A5,0.8364905243664317
TGGGCGTGTAATTGGA-1,Endo CLDN5 SLC7A5,0.9395794746274966
TGGGCGTGTAGGTACG-1,Endo CLDN5 SLC7A5,0.3539721253187629
TGGGCGTTCAGATGCT-1,Endo CLDN5 SLC7A5,0.9811330130510058
TGGGCGTTCTTCACAT-1,Micro P2RY12 CCL3,0.24359530393140957
TGGGCTGCATAGAATG-1,Endo CLDN5 SLC7A5,0.7668326164281143
TGGGCTGGTAACTTCG-1,Endo CLDN5 SLC7A5,0.9731567879356043
TGGGCTGGTAGGACTG-1,Endo CLDN5 SLC7A5,0.13315209605283135
TGGGCTGGTCGACGCT-1,L3-5 RORB PCBP3 IL1RAPL2,0.07323532513350564
TGGGCTGTCCCGAGAC-1,InN VIP PENK,0.9993510023717356
TGGGCTGTCCCGTTCA-1,L2-3 CUX2 NTNG1 COL5A2,0.24293101336609355
TGGGCTGTCTGAGCAT-1,Astro GFAP AQP1,0.9999356880053825
TGGGCTGTCTTTGCGC-1,L2-4 CUX2 RORB CLMN,0.017642283791661925
TGGGTTAAGCATCTTG-1,L2-4 CUX2 RORB CLMN,0.10430050957972208
TGGGTTACAGGTTCCG-1,L3-5 RORB MKX GRIN3A,0.11550224200299891
TGGGTTAGTAGGGTAC-1,Oligo MOG OPALIN,0.9994764529039472
TGGGTTAGTCTCGCGA-1,Oligo MOG OPALIN,0.9992414945219489
TGGGTTATCAAATGAG-1,Oligo MOG OPALIN,0.9932763365971874
TGGGTTATCGTGTTCC-1,Endo CLDN5 SLC7A5,0.8623100506031216
TGGGTTATCTTGAGCA-1,Oligo MOG OPALIN,0.99999240855178
TGGTACAGTACTGGGA-1,L2-4 CUX2 RORB CLMN,0.012567846541954378
TGGTACATCGTCGCTT-1,Oligo MOG OPALIN,0.09285157674127953
TGGTACATCTCAAAGC-1,Oligo MOG OPALIN,0.9999200177999604
TGGTACATCTGGTCAA-1,Micro P2RY12 APBB1IP,0.9977289357438615
TGGTAGTCACAGTACT-1,L2-3 CUX2 NTNG1 PALMD,0.8964091408032795
TGGTAGTGTCGACTTA-1,Endo CLDN5 SLC7A5,0.898882703209849
TGGTAGTGTCGGCACT-1,InN PVALB PDE3A,0.012957836784104351
TGGTAGTTCAAACGTC-1,InN ADARB2 RGS10,0.01587431877290887
TGGTAGTTCCCAGGAC-1,Oligo MOG OPALIN,0.3592970541192056
TGGTAGTTCCTGGCTT-1,Endo CLDN5 SLC7A5,0.151400836460076
TGGTGATAGGGTAATT-1,L2-4 CUX2 RORB CLMN,0.04676618669732139
TGGTGATAGTTCCGTA-1,L2-3 CUX2 NTNG1 PALMD,0.013682773467819292
TGGTGATGTACAAGCG-1,Endo CLDN5 SLC7A5,0.9640179351315108
TGGTGATTCACTACGA-1,Endo CLDN5 SLC7A5,0.8153491105755952
TGGTTAGAGCCGGAAT-1,InN SST ADRA1D,0.02631591690803554
TGGTTAGAGGAACTAT-1,Endo CLDN5 SLC7A5,0.27297171667448344
TGGTTAGCAGCCTATA-1,Endo CLDN5 SLC7A5,0.8499452002896518
TGGTTAGCAGTGTACT-1,Oligo MOG OPALIN,0.34414026240469553
TGGTTAGCATGAGGGT-1,InN LAMP5 LHX6 PROX1,0.005882143858577893
TGGTTAGTCACAGTGT-1,Astro GFAP FABP7,0.9996178366876697
TGGTTAGTCAGTGTTG-1,Endo CLDN5 SLC7A5,0.33890745334796823
TGTAACGCATGGCTAT-1,Oligo MOG OPALIN,0.9999654420518641
TGTAACGGTGTGAATA-1,L2-4 CUX2 RORB CLMN,0.011004082650888713
TGTAACGTCAAATAGG-1,Oligo MOG OPALIN,0.9977814955368307
TGTAACGTCCCATAGA-1,Oligo MOG OPALIN,0.6911768665990828
TGTAAGCGTAAGACCG-1,L2-3 CUX2 NTNG1 PLCH1,0.06588642284911676
TGTAAGCGTATTTCGG-1,Oligo MOG OPALIN,0.35442816334623517
TGTAAGCGTTAACAGA-1,Oligo MOG OPALIN,0.17806462463089034
TGTAAGCTCTACCAGA-1,Endo CLDN5 SLC7A5,0.01378037051120325
TGTAAGCTCTGGCCGA-1,Oligo MOG OPALIN,0.9627100915509427
TGTACAGAGCGATGGT-1,L6 OPRK1 THEMIS RGS6,0.8746658923814752
TGTACAGAGCGCCGTT-1,L6 OPRK1 THEMIS RGS6,0.7319487090727731
TGTACAGCACTACAGT-1,Endo CLDN5 SLC7A5,0.8562153534912849
TGTACAGCAGAGATTA-1,Endo CLDN5 SLC7A5,0.7962031099206657
TGTACAGCATCGATCA-1,Endo CLDN5 SLC7A5,0.10942126571132468
TGTAGACAGCTTCTAG-1,Endo CLDN5 SLC7A5,0.8065400977680557
TGTAGACAGGATGAGA-1,Oligo MOG OPALIN,0.8286783818408838
TGTAGACCAACACGTT-1,Endo CLDN5 SLC7A5,0.5422166454116493
TGTAGACTCGTCCTCA-1,Endo CLDN5 SLC7A5,0.3906553252953455
TGTCAGAAGTACGTCT-1,Endo CLDN5 SLC7A5,0.10958495787491407
TGTCAGACACCATTCC-1,Endo CLDN5 SLC7A5,0.1814183871256777
TGTCAGACATGGGAAC-1,Endo CLDN5 SLC7A5,0.9635710521133977
TGTCAGAGTCAGTCGC-1,Oligo MOG OPALIN,0.9943942147575647
TGTCAGATCTGTGCTC-1,Endo CLDN5 SLC7A5,0.8013676968714676
TGTCCACCACACCTGG-1,Oligo MOG FRY,0.6068403912184104
TGTCCACGTGGCTACC-1,Micro P2RY12 APBB1IP,0.9978630105390127
TGTCCACGTTCAGGTT-1,Astro GFAP FABP7,0.9999947700109478
TGTCCACGTTCGGGTC-1,Endo CLDN5 SLC7A5,0.8518994510614782
TGTCCACTCACCACAA-1,L2-3 CUX2 NTNG1 PALMD,0.14244300127481418
TGTCCACTCCTCACGT-1,L6 OPRK1 THEMIS RGS6,0.21802339279628813
TGTCCCAAGACCGCCT-1,L6 OPRK1 THEMIS RGS6,0.3654783837934041
TGTCCCACAGAGAATT-1,Oligo MOG OPALIN,0.071192428754182
TGTCCCAGTAACACGG-1,Astro GFAP AQP1,0.8358647432343416
TGTCCCAGTCCAAAGG-1,L2-3 CUX2 NTNG1 PALMD,0.09543531548489992
TGTCCCAGTGGCTCTG-1,Endo CLDN5 SLC7A5,0.4037219270245523
TGTCCCATCACTCCGT-1,Endo CLDN5 SLC7A5,0.2630529509555692
TGTCCCATCCCGAATA-1,L2-3 CUX2 NTNG1 PALMD,0.37233828481902803
TGTCCTGAGATCCCAT-1,Endo CLDN5 SLC7A5,0.8961961085413938
TGTCCTGAGCCACTCG-1,Astro GFAP AQP1,0.023890619469701772
TGTCCTGAGGTAACTA-1,L6 OPRK1 THEMIS RGS6,0.1188886358143948
TGTCCTGGTAGACTGG-1,L2-3 CUX2 NTNG1 PALMD,0.015107929076979483
TGTCCTGGTATCAGCT-1,Oligo MOG OPALIN,0.7968990427405981
TGTCCTGTCCAGTGTA-1,L6 OPRK1 THEMIS RGS6,0.8135544482297598
TGTCCTGTCCGATGTA-1,Endo CLDN5 IL1R1,0.2467123804156857
TGTCCTGTCCTAGCCT-1,L2-3 CUX2 NTNG1 PALMD,0.7476266421927619
TGTGAGTAGACGCTCC-1,Astro AQP4 SLC1A2,0.18814150964093293
TGTGAGTAGGTGCCTC-1,Endo CLDN5 SLC7A5,0.23495017643263874
TGTGAGTAGTTTCGAC-1,Astro GFAP AQP1,0.059817571577216476
TGTGAGTCAGGCTATT-1,L6 FEZF2 SYT6 ERBB4,0.0353647606291472
TGTGAGTCATATCTCT-1,Endo CLDN5 SLC7A5,0.13014369037966092
TGTGAGTGTGGTCCCA-1,Oligo MOG OPALIN,0.9746612204768861
TGTGAGTTCCGTGTAA-1,Endo CLDN5 SLC7A5,0.3433261601780308
TGTGATGCACAAATAG-1,L6 OPRK1 THEMIS RGS6,0.043813776606370224
TGTGCGGAGCCGAACA-1,Oligo MOG OPALIN,0.13318239363237278
TGTGCGGAGTAAACGT-1,Endo CLDN5 SLC7A5,0.9517567875771412
TGTGCGGCAACCGTAT-1,Endo CLDN5 SLC7A5,0.4233656250929828
TGTGCGGCAACGGGTA-1,L2-3 CUX2 NTNG1 PALMD,0.6951282956929435
TGTGCGGGTGAGCCAA-1,InN SST TRPC7,0.8610940625500967
TGTGCGGGTGCTGATT-1,InN PVALB PIEZO2,0.12293963385916246
TGTGCGGTCTAAGCGT-1,Astro GFAP AQP1,0.021325994681789664
TGTGCGGTCTAGAACC-1,L2-3 CUX2 ACVR1C THSD7A,0.036212850786685506
TGTGGCGAGCAAACAT-1,Oligo MOG OPALIN,0.8900326861335283
TGTGGCGCAGTCGGAA-1,Endo CLDN5 SLC7A5,0.1281357074584468
TGTGGCGGTGGCTTAT-1,Oligo MOG OPALIN,0.9954849355081732
TGTGTGAAGGCTTAAA-1,Oligo MOG OPALIN,0.029489160207937324
TGTGTGATCAAGTTGC-1,L2-3 CUX2 NTNG1 PALMD,0.11208302040312591
TGTGTGATCCTCTCTT-1,Oligo MOG OPALIN,0.6606250011836045
TGTGTGATCTTGGAAC-1,Oligo MOG OPALIN,0.9276015671991251
TGTTACTAGCTGAAGC-1,Astro GFAP AQP1,0.9982642323153302
TGTTACTAGTCCCGAC-1,Oligo MOG OPALIN,0.8397010912408734
TGTTACTCAGGCTTGC-1,Astro GFAP AQP1,0.14320439579338665
TGTTACTCATCATTGG-1,Endo CLDN5 SLC7A5,0.26072501326921216
TGTTACTTCAGACCCG-1,Oligo MOG OPALIN,0.9999448941848784
TGTTACTTCATGCCGG-1,Oligo MOG OPALIN,0.6326630477745725
TGTTACTTCTGCTTTA-1,Endo CLDN5 SLC7A5,0.49584187027855015
TGTTCATAGCGATGCA-1,InN LHX6 HGF STON2,0.014473186143684596
TGTTCATCATCATCCC-1,Oligo MOG OPALIN,0.4767407911432971
TGTTCATTCTTAGCAG-1,Oligo MOG OPALIN,0.028094084948738655
TGTTCCGAGGATTCAA-1,Astro GFAP AQP1,0.07974132952587809
TGTTCCGAGTGACCTT-1,Oligo MOG OPALIN,0.9739935355496409
TGTTCCGCAAAGAACT-1,Endo CLDN5 SLC7A5,0.3433550856714197
TGTTCCGGTAAGCAAT-1,L6 OPRK1 THEMIS RGS6,0.3727165019903275
TGTTCCGGTACGTAGG-1,Astro AQP4 SLC1A2,0.9988013839489077
TGTTCTAAGAGTTCGG-1,Endo CLDN5 SLC7A5,0.2972984466459157
TGTTCTAGTCACTTAG-1,Endo CLDN5 SLC7A5,0.8818387729683309
TGTTCTATCAACCTCC-1,Endo CLDN5 SLC7A5,0.21636682263594484
TGTTCTATCGGTCAGC-1,Endo CLDN5 SLC7A5,0.9782021511946651
TGTTGAGAGAACTCCT-1,Endo CLDN5 SLC7A5,0.21750819486715836
TGTTGAGGTCCGAAGA-1,Endo CLDN5 SLC7A5,0.024321819109026917
TGTTGAGGTGATACTC-1,Oligo MOG OPALIN,0.5426575257566848
TGTTGAGTCCACATAG-1,InN VIP HS3ST3B1,0.031380285967371524
TGTTGGAAGCCTCAAT-1,InN SST TRPC7,0.022698162827626846
TGTTGGAAGTTTGAGA-1,T SKAP1 CD247,0.9999992222524412
TGTTGGAGTTGGGAAC-1,Endo CLDN5 SLC7A5,0.10686527990254843
TGTTTGTAGACGAGCT-1,Oligo MOG OPALIN,0.9834229243811631
TGTTTGTCACTACCCT-1,L6 OPRK1 THEMIS RGS6,0.022908272542232398
TGTTTGTGTAGCGAGT-1,Endo CLDN5 SLC7A5,0.3925067637177859
TGTTTGTTCATTTGTC-1,Endo CLDN5 SLC7A5,0.048372466036379
TGTTTGTTCGTCCTTG-1,L3-5 RORB MKX GALR1,0.1688258032199828
TGTTTGTTCTTAGTTC-1,OPC PDGFRA PCDH15,0.15236231613419263
TTAATCCCAGCACACC-1,InN SST FREM1,0.03682964424878819
TTAATCCGTATGAAGT-1,Astro GFAP AQP1,0.014055631880350014
TTAATCCGTCGCAACC-1,Astro AQP4 SLC1A2,0.07731507259918091
TTACAGGAGGGCGAAG-1,Endo CLDN5 SLC7A5,0.16417882702198372
TTACAGGCATAACGGG-1,OPC PDGFRA PCDH15,0.6849330950979644
TTACCATAGTTAGTAG-1,L6 OPRK1 THEMIS RGS6,0.16555658294650016
TTACCATTCCGCCTAT-1,Oligo MOG OPALIN,0.3315318206763037
TTACCATTCCTAAGTG-1,L6 OPRK1 THEMIS RGS6,0.07029911320145979
TTACCGCAGATAGCAT-1,Endo CLDN5 SLC7A5,0.9396300094775338
TTACCGCAGCTTCTAG-1,Oligo MOG OPALIN,0.10730717035525116
TTACCGCGTTAGCTAC-1,Astro GFAP FABP7,0.9912364967408904
TTACCGCTCAACACCA-1,Oligo MOG OPALIN,0.1471975258934015
TTACCGCTCACTGTCC-1,Endo CLDN5 SLC7A5,0.8834122922200811
TTACCGCTCAGGTAAA-1,Endo CLDN5 SLC7A5,0.9520342985953472
TTACCGCTCGCTGTTC-1,Oligo MOG OPALIN,0.9999257770698774
TTACGCCAGACCATTC-1,L2-3 CUX2 NTNG1 PALMD,0.5006438307108321
TTACGCCAGTAGGCCA-1,Endo CLDN5 SLC7A5,0.09380081279249859
TTACGCCAGTATAACG-1,PC P2RY14 GRM8,0.9999939140119847
TTACGCCCACAATTCG-1,Oligo MOG OPALIN,0.6216528457316534
TTACGCCCATTGACTG-1,Oligo MOG OPALIN,0.7965860107472503
TTACGCCGTTACCCAA-1,Endo CLDN5 SLC7A5,0.11488686742045394
TTACGCCTCCTTCTAA-1,Oligo MOG OPALIN,0.694655050239228
TTACGTTAGAGTCGAC-1,L2-3 CUX2 NTNG1 PALMD,0.1030959543408142
TTACGTTCAAGCTCTA-1,L6 OPRK1 THEMIS RGS6,0.029818028110569793
TTACGTTCACTAACCA-1,Endo CLDN5 SLC7A5,0.7564486685282712
TTACTGTCAAGACGAC-1,Endo CLDN5 SLC7A5,0.059489768137953876
TTACTGTGTATCCCTC-1,Oligo MOG OPALIN,0.11087371461540467
TTACTGTGTCTGTCCT-1,Oligo MOG OPALIN,0.5218839405235612
TTACTGTGTGGAGAAA-1,Endo CLDN5 SLC7A5,0.02853045907509503
TTAGGCAAGCGAAACC-1,Endo CLDN5 SLC7A5,0.6117863264206884
TTAGGCACATATCGGT-1,Endo CLDN5 SLC7A5,0.8720931429061094
TTAGGCACATGTTACG-1,Oligo MOG OPALIN,0.04530454088189837
TTAGGCAGTGAACTAA-1,Endo CLDN5 SLC7A5,0.8405852305650522
TTAGGCATCCTTACCG-1,L3-5 RORB MKX GRIN3A,0.17924039902017316
TTAGGGTAGTGTAGTA-1,OPC PDGFRA PCDH15,0.999999999999782
TTAGGGTTCCACACAA-1,Endo CLDN5 SLC7A5,0.6578478686737271
TTAGGGTTCGAGTGGA-1,Endo CLDN5 SLC7A5,0.6664060871713151
TTAGTCTAGAATTGTG-1,OPC PDGFRA PCDH15,0.9999999999999707
TTAGTCTAGGTTCAGG-1,Micro P2RY12 APBB1IP,0.8303106585660459
TTAGTCTCAAATCAAG-1,Astro GFAP AQP1,0.07857693277693462
TTAGTCTCAATTTCGG-1,Oligo MOG OPALIN,0.8549678683722272
TTAGTCTTCAGTGCGC-1,Oligo MOG OPALIN,0.0962268602674967
TTATTGCAGATGAATC-1,Oligo MOG FRY,0.008183924376053977
TTATTGCGTACATACC-1,Endo CLDN5 SLC7A5,0.20703332570736718
TTATTGCTCTTGGTGA-1,Endo CLDN5 SLC7A5,0.06842641954912826
TTCAATCAGAAGCCTG-1,Astro AQP4 SLC1A2,0.023891332102690097
TTCAATCCAGTCAGCC-1,Endo CLDN5 SLC7A5,0.7691185229326893
TTCAATCGTAAGTTGA-1,Endo CLDN5 SLC7A5,0.016588074350758816
TTCAATCGTCATTCCC-1,Endo CLDN5 SLC7A5,0.8764332017790933
TTCAATCTCACATTGG-1,L2-3 CUX2 NTNG1 PALMD,0.7115536839556073
TTCAATCTCCAAGCTA-1,Oligo MOG OPALIN,0.09831963369879786
TTCAATCTCTCTGAGA-1,Endo CLDN5 SLC7A5,0.7971785071471805
TTCACCGAGATCCCAT-1,Oligo MOG OPALIN,0.0981826127357217
TTCACCGAGGATGAGA-1,Endo CLDN5 SLC7A5,0.8999509438354256
TTCACCGAGGCATCAG-1,Oligo MOG OPALIN,0.9977545427841625
TTCACCGCAGGTCCCA-1,Endo CLDN5 SLC7A5,0.08277737802923155
TTCACCGTCAGCGCGT-1,Oligo MOG OPALIN,0.8593869242362062
TTCACGCAGACTCATC-1,Oligo MOG OPALIN,0.8476189451121992
TTCACGCAGAGTGGCT-1,L2-3 CUX2 ACVR1C THSD7A,0.4293663118592575
TTCACGCAGTTCATGC-1,Oligo MOG OPALIN,0.9949100618572526
TTCACGCGTGGCTAGA-1,Oligo MOG OPALIN,0.077536424000753
TTCACGCGTGTTGATC-1,Endo CLDN5 SLC7A5,0.7791016250944801
TTCAGGAAGGGCAGTT-1,Endo CLDN5 SLC7A5,0.060053749182895445
TTCAGGACATCCTGTC-1,Oligo MOG OPALIN,0.999984813859371
TTCAGGAGTGCCTATA-1,Endo CLDN5 SLC7A5,0.09400805086224485
TTCAGGAGTTTCACTT-1,PC P2RY14 GRM8,0.06566564625337835
TTCAGGATCTCTATGT-1,Endo CLDN5 SLC7A5,0.5045810029723656
TTCATGTCATCTCGTC-1,Endo CLDN5 SLC7A5,0.5923026187166635
TTCATGTGTCCAAAGG-1,Oligo MOG GSN,0.5144492220714685
TTCATGTGTTGCATGT-1,Oligo MOG OPALIN,0.08081893973427537
TTCATGTGTTGTTGCA-1,InN SST TRPC7,0.028523463412373277
TTCATGTTCACGTCCT-1,L3-5 RORB GABRG1 PLCH1,0.04591451143820055
TTCATGTTCGAACGGA-1,Endo CLDN5 SLC7A5,0.07807965883614076
TTCATGTTCGGCATCG-1,Endo CLDN5 SLC7A5,0.014610391976801331
TTCATTGAGAGGGCGA-1,L3-5 RORB GABRG1 PLCH1,0.7173417984658685
TTCATTGAGGTCATAA-1,Endo CLDN5 SLC7A5,0.11338322387394593
TTCATTGCAATTGCCA-1,L6 OPRK1 THEMIS RGS6,0.0359830934786176
TTCATTGGTACGGGAT-1,Astro GFAP AQP1,0.9999951014632987
TTCATTGTCCAATGCA-1,Oligo MOG OPALIN,0.9844361620294465
TTCCAATCAGCGGATA-1,Oligo MOG OPALIN,0.9997555812674831
TTCCAATGTGAGACCA-1,Endo CLDN5 SLC7A5,0.03576314701387904
TTCCAATGTGCCTGCA-1,Endo CLDN5 SLC7A5,0.4586339055222755
TTCCAATTCGGTGAAG-1,L3-5 RORB MKX GRIN3A,0.2507234908589257
TTCCACGAGGACTGGT-1,Astro AQP4 SLC1A2,0.9973676218167314
TTCCACGCATTCAGGT-1,Oligo MOG OPALIN,0.9981678611760733
TTCCACGCATTGACCA-1,L2-3 CUX2 NTNG1 PALMD,0.04494635697029513
TTCCACGGTCCGAAGA-1,L2-3 CUX2 ACVR1C THSD7A,0.07778394755861365
TTCCACGGTGCCCTTT-1,Oligo MOG OPALIN,0.5488824341775623
TTCCACGGTGTCCATA-1,L6 OPRK1 SMYD1 SNTB1,0.023169565865542023
TTCCACGTCTATCACT-1,Macro F13A1 COLEC12,0.9812879084592354
TTCCGGTAGTATTCCG-1,Astro GFAP AQP1,0.12534956409664738
TTCCGGTAGTGAGGCT-1,Oligo MOG OPALIN,0.9998589920671053
TTCCGGTGTCAACCAT-1,Astro GFAP AQP1,0.3279287238250104
TTCCGGTGTGAGAACC-1,Oligo MOG OPALIN,0.8400715406667633
TTCCGGTGTGTGTTTG-1,Endo CLDN5 SLC7A5,0.7544892108928839
TTCCGGTGTTCAGCTA-1,L2-3 CUX2 NTNG1 PLCH1,0.1371086500916739
TTCCGGTTCGCTGCGA-1,Endo CLDN5 SLC7A5,0.04657397061322649
TTCCGGTTCGTGGAAG-1,Astro GFAP FABP7,0.053546714344904725
TTCCGGTTCTTTGCAT-1,Oligo MOG OPALIN,0.9447509946381206
TTCCGTGGTGGGTATG-1,Endo CLDN5 SLC7A5,0.5292805394894683
TTCCGTGTCGGCTCTT-1,Endo CLDN5 SLC7A5,0.03922497522299548
TTCCGTGTCTGAGAAA-1,Oligo MOG OPALIN,0.9999873902077406
TTCCTAAAGTAGAGTT-1,Oligo MOG OPALIN,0.9991224490395029
TTCCTAAGTTGGCTAT-1,Oligo MOG GSN,0.7310024038277819
TTCCTCTAGATGAACT-1,Endo CLDN5 SLC7A5,0.3915575655790653
TTCCTCTCAGAATTCC-1,L6 FEZF2 SYT6 CDH9,0.045701226341794327
TTCCTCTCATCTGCGG-1,OPC PDGFRA PCDH15,0.09681050546445485
TTCCTCTCATCTTAGG-1,Oligo MOG FRY,0.03621624203510896
TTCCTCTTCGGCTTCT-1,Oligo MOG OPALIN,0.5872277758547958
TTCCTTCCACTACCGG-1,Endo CLDN5 SLC7A5,0.11855268185092614
TTCCTTCGTTTGTGGT-1,L3-5 RORB MKX GRIN3A,0.10427227882456835
TTCCTTCTCAGACCGC-1,Oligo MOG OPALIN,0.9968056356819369
TTCGATTCAGACCTGC-1,Astro GFAP AQP1,0.042797857085842
TTCGATTCATGCAGCC-1,Endo CLDN5 SLC7A5,0.5299154702302465
TTCGATTGTCCTGTTC-1,Astro AQP4 OSMR,0.9990651880309649
TTCGATTGTCTAACGT-1,Endo CLDN5 SLC7A5,0.4140524064888303
TTCGATTGTTAGAGTA-1,Oligo MOG OPALIN,0.6263719727384692
TTCGATTTCATGACAC-1,Endo CLDN5 SLC7A5,0.934078854831643
TTCGATTTCGTGGTAT-1,Oligo MOG OPALIN,0.9998863499489036
TTCGATTTCTGCGGCA-1,Oligo MOG OPALIN,0.2861233343235033
TTCGCTGCACGGTGTC-1,Oligo MOG OPALIN,0.9999958159909721
TTCGCTGTCCATTCGC-1,Endo CLDN5 SLC7A5,0.3724128366808246
TTCGGTCAGGAGCTGT-1,Oligo MOG OPALIN,0.09525817993621608
TTCGGTCAGGTAGCAC-1,L2-3 CUX2 NTNG1 PALMD,0.4208094568540173
TTCGGTCCAATGTCAC-1,L6 FEZF2 NPFFR2 TPD52L1,0.5235677509723947
TTCGGTCCACGGTGTC-1,L2-3 CUX2 NTNG1 PALMD,0.6737969025833874
TTCGGTCCAGCTGTAT-1,Endo CLDN5 SLC7A5,0.6844292449477861
TTCGGTCCATTGCTTT-1,Endo CLDN5 SLC7A5,0.6459130771819456
TTCTAACAGACTCGAG-1,Oligo MOG OPALIN,0.9907441995676827
TTCTAACAGCAATTCC-1,Oligo MOG OPALIN,0.8005149881466571
TTCTAACGTGATATAG-1,PC P2RY14 GRM8,0.9921276351677338
TTCTAACGTGTTTACG-1,Oligo MOG OPALIN,0.33890651266311644
TTCTAACGTTCAATCG-1,Oligo MOG FRY,0.00651945527362188
TTCTAACGTTCTCCCA-1,Endo CLDN5 SLC7A5,0.947252048897492
TTCTAACGTTGTAGCT-1,Endo CLDN5 SLC7A5,0.8104952346586077
TTCTAACTCCATTGTT-1,Astro GFAP AQP1,0.03497052415287503
TTCTAACTCTGTCCGT-1,Oligo MOG OPALIN,0.9701618869408656
TTCTAGTAGCGAATGC-1,Astro GFAP AQP1,0.9995573589797627
TTCTAGTCATACAGAA-1,Endo CLDN5 SLC7A5,0.6390250205084741
TTCTAGTGTTATAGCC-1,Astro GFAP AQP1,0.04890530475442925
TTCTAGTTCGGTAAGG-1,Endo CLDN5 SLC7A5,0.9686109763814766
TTCTCTCAGCCGATAG-1,Astro GFAP AQP1,0.0067175642546938065
TTCTCTCAGTAAACAC-1,Endo CLDN5 SLC7A5,0.9108367429445389
TTCTCTCCACGTAGAG-1,Astro GFAP AQP1,0.9780751890523336
TTCTCTCCATGTGACT-1,Endo CLDN5 SLC7A5,0.4313933421099537
TTCTCTCTCGAAATCC-1,L2-3 CUX2 ACVR1C THSD7A,0.1100014160280083
TTCTCTCTCGCGTGAC-1,Endo CLDN5 SLC7A5,0.22635714231824006
TTCTCTCTCTTCGTAT-1,PC P2RY14 GRM8,0.9999984541673868
TTCTGTAAGACGGTCA-1,Oligo MOG OPALIN,0.3602418443975285
TTCTGTAAGCGTGTTT-1,Astro GFAP AQP1,0.9731326886001073
TTCTGTACATTACTCT-1,L2-3 CUX2 NTNG1 PALMD,0.8699854926851195
TTCTGTATCAACTGAC-1,Endo CLDN5 SLC7A5,0.8166042799788278
TTCTGTATCTAGCATG-1,Oligo MOG OPALIN,0.07508950087264783
TTCTTCCTCAGAACCT-1,L6 FEZF2 SYT6 PTPRT,0.17079792135958055
TTCTTCCTCATCCCGT-1,PC P2RY14 GRM8,0.039208136237926614
TTCTTGAAGCGTATGG-1,Oligo MOG OPALIN,0.9935852088595416
TTCTTGAAGCTACTAC-1,L3-5 RORB GABRG1 KCNH7,0.009748310929690465
TTCTTGATCATACGGT-1,Micro P2RY12 APBB1IP,0.9983225115660295
TTCTTGATCGATACAC-1,Astro GFAP AQP1,0.3574427667490623
TTGAACGAGCCAAGTG-1,Oligo MOG OPALIN,0.24585989904911343
TTGAACGAGGTCACCC-1,Endo CLDN5 SLC7A5,0.02229987223611424
TTGAACGCATTGCAAC-1,Endo CLDN5 SLC7A5,0.6048323420430026
TTGAACGGTAGGGAGG-1,Oligo MOG OPALIN,0.9679150657547193
TTGACCCAGCATCAAA-1,Oligo MOG OPALIN,0.022738500095999245
TTGACCCCAACAGATA-1,Endo CLDN5 SLC7A5,0.08309931753424417
TTGACCCCAGTTTGGT-1,L2-4 CUX2 RORB CLMN,0.8833162980202302
TTGACCCTCCACCTGT-1,L3-5 RORB MKX GRIN3A,0.015834164111944212
TTGACCCTCGAACACT-1,Endo CLDN5 SLC7A5,0.09068559103674216
TTGAGTGAGCAAGTGC-1,Oligo MOG OPALIN,0.6438628988924509
TTGAGTGCACTGCTTC-1,Oligo MOG OPALIN,0.9999407084820707
TTGAGTGGTACAGTTC-1,Endo CLDN5 SLC7A5,0.33551407182489934
TTGAGTGGTGTCCAAT-1,Oligo MOG FRY,0.2124952412721903
TTGAGTGGTTGTCTAG-1,Endo CLDN5 SLC7A5,0.9032376367621003
TTGAGTGTCAAACCCA-1,Oligo MOG FRY,0.03293816225780055
TTGAGTGTCTGATTCT-1,Endo CLDN5 SLC7A5,0.9892676141584932
TTGAGTGTCTTCCCAG-1,Oligo MOG OPALIN,0.9417611280930648
TTGATGGAGTTGGAGC-1,Endo CLDN5 SLC7A5,0.10316413166780176
TTGATGGGTCTCTCTG-1,L2-3 CUX2 NTNG1 PLCH1,0.7289400876843556
TTGATGGGTGTGAGCA-1,Micro P2RY12 CCL3,0.19153966700282102
TTGATGGGTTTACGTG-1,Oligo MOG OPALIN,0.06918302821062035
TTGATGGTCCTTATGT-1,Endo CLDN5 SLC7A5,0.13500937347226438
TTGCATTCAAGTCATC-1,Oligo MOG OPALIN,0.06423095938719865
TTGCATTTCAACCTTT-1,Oligo MOG OPALIN,0.999187791904432
TTGCATTTCTACCACC-1,Endo CLDN5 SLC7A5,0.9950350368107934
TTGCCTGAGGATTCAA-1,L6 OPRK1 THEMIS RGS6,0.7897732204908701
TTGCCTGCAAGGTTGG-1,Oligo MOG OPALIN,0.8625657532256054
TTGCCTGCAATTGCAC-1,Endo CLDN5 SLC7A5,0.6803988702960488
TTGCCTGCACAGTATC-1,Endo CLDN5 SLC7A5,0.6979297034914278
TTGCCTGCAGTCGTTA-1,Oligo MOG OPALIN,0.7491853261910405
TTGCCTGGTAGACAGC-1,Endo CLDN5 SLC7A5,0.4732783590378911
TTGCCTGGTCCAGCGT-1,Endo CLDN5 SLC7A5,0.9495282805003528
TTGCCTGGTTCCGCTT-1,Oligo MOG OPALIN,0.9998194229876621
TTGCCTGGTTCGGCGT-1,Astro GFAP AQP1,0.6825067604547737
TTGCCTGTCTCCCATG-1,Endo CLDN5 SLC7A5,0.9291036088726105
TTGCGTCAGTACAGCG-1,Oligo MOG OPALIN,0.4583726033085812
TTGCGTCCATCCGGTG-1,Endo CLDN5 SLC7A5,0.9972860974626412
TTGCGTCCATCTTTCA-1,Endo CLDN5 SLC7A5,0.9822604364494567
TTGCGTCTCCCTGGTT-1,Oligo MOG OPALIN,0.9643791671200029
TTGCGTCTCGATACTG-1,Oligo MOG OPALIN,0.9999856548059832
TTGCTGCAGGGATCTG-1,Endo CLDN5 SLC7A5,0.2632056079092649
TTGCTGCCAAGGTACG-1,Oligo MOG OPALIN,0.8895352887113428
TTGCTGCCATGGAAGC-1,L3-5 RORB GABRG1 KCNH7,0.3683619556429316
TTGCTGCTCATACAGC-1,Oligo MOG OPALIN,0.5793563892561223
TTGCTGCTCCAACTAG-1,L2-3 CUX2 NTNG1 COL5A2,0.017935924675884056
TTGCTGCTCGTAACAC-1,L3-5 RORB MKX DCC,0.9972041878911794
TTGCTGCTCTCCCATG-1,Oligo MOG OPALIN,0.28629528663504694
TTGGATGGTAAGTTAG-1,InN VIP CLSTN2,0.8353871297886016
TTGGATGTCATTACTC-1,Oligo MOG OPALIN,0.9193531191135011
TTGGATGTCCATAGAC-1,L2-3 CUX2 NTNG1 PALMD,0.030377786808255976
TTGGATGTCGATAACC-1,Endo CLDN5 SLC7A5,0.5303076673172843
TTGGGATAGTGTGTTC-1,Astro GFAP AQP1,0.6591692263946684
TTGGGATCAACATACC-1,Oligo MOG OPALIN,0.05853778814436658
TTGGGATGTTTGATCG-1,Endo CLDN5 IL1R1,0.9999762228715201
TTGGGATTCAACTTTC-1,Endo CLDN5 SLC7A5,0.0395615982874177
TTGGGATTCATCAGTG-1,Endo CLDN5 SLC7A5,0.9669538764816095
TTGGGCGAGGTATAGT-1,Micro P2RY12 APBB1IP,0.6421781069573116
TTGGGCGCACGAGGAT-1,L3-5 RORB MKX DCC,0.03344601412831564
TTGGGCGGTATTGCCA-1,Endo CLDN5 SLC7A5,0.6188035929178265
TTGGGCGGTCGTGATT-1,Oligo MOG GSN,0.134545176596585
TTGGGCGGTTAGGAGC-1,Endo CLDN5 SLC7A5,0.2066773301044577
TTGGGCGTCATGTCAG-1,Astro GFAP AQP1,0.10782736445336502
TTGGGCGTCCGCTAGG-1,Endo CLDN5 SLC7A5,0.30240731970407464
TTGGGCGTCGAAGGAC-1,L2-4 CUX2 RORB CLMN,0.039577530680645644
TTGGGCGTCTGAATCG-1,L2-3 CUX2 NTNG1 PALMD,0.19997631229377372
TTGGGTAAGATCGCCC-1,Endo CLDN5 SLC7A5,0.6419487794325489
TTGGGTAAGGTTCATC-1,Astro GFAP AQP1,0.7142920257462989
TTGGGTACACCTATCC-1,Endo CLDN5 SLC7A5,0.14977610897819923
TTGGGTACACTTCTCG-1,Endo CLDN5 SLC7A5,0.17968809480915696
TTGGGTACAGGCGAAT-1,Oligo MOG OPALIN,0.09041549442584756
TTGGGTACATGACAAA-1,L2-3 CUX2 NTNG1 PALMD,0.1811494421184682
TTGGGTACATGACTAC-1,Endo CLDN5 SLC7A5,0.94639569829643
TTGGGTAGTGACCGTC-1,L2-3 CUX2 NTNG1 PLCH1,0.13421615755375862
TTGGGTATCACGTCCT-1,Endo CLDN5 SLC7A5,0.8333221118754753
TTGGGTATCTCCCTAG-1,L3-5 RORB GABRG1 PLCH1,0.008446617259352517
TTGGTTTTCTCGACGG-1,Endo CLDN5 SLC7A5,0.13348677704746362
TTGTGGAAGTACGAGC-1,L3-5 RORB MKX DCC,0.047575189278605656
TTGTGGACAGGTCCGT-1,Endo CLDN5 SLC7A5,0.15237068215059196
TTGTGGACATTCCTAT-1,T SKAP1 CD247,0.9999987735445431
TTGTGTTAGAGAGAAC-1,Endo CLDN5 SLC7A5,0.036415192127451076
TTGTGTTCACCAAATC-1,Oligo MOG OPALIN,0.6978840697892642
TTGTGTTGTCACTTCC-1,L2-3 CUX2 NTNG1 PALMD,0.40885330237962214
TTGTGTTGTCCGGCAT-1,L2-3 CUX2 NTNG1 PALMD,0.02518845625855419
TTGTGTTTCCCTCGAT-1,Oligo MOG OPALIN,0.9925832721409582
TTGTGTTTCTCGCAGG-1,Endo CLDN5 SLC7A5,0.08755883957496889
TTGTTCAAGACGGATC-1,Endo CLDN5 SLC7A5,0.0468708730096423
TTGTTCAAGGAGAGGC-1,L2-3 CUX2 NTNG1 PALMD,0.30674556439333034
TTGTTCAAGTGTAGAT-1,Oligo MOG OPALIN,0.9997441894914183
TTGTTCACAAGTACCT-1,Endo CLDN5 SLC7A5,0.988518589745551
TTGTTCACACCAAAGG-1,Endo CLDN5 SLC7A5,0.9553472487833015
TTGTTCATCAACGCTA-1,Endo CLDN5 SLC7A5,0.08144996723407621
TTGTTCATCGTTCTGC-1,Astro GFAP FABP7,0.0733662306096339
TTGTTGTAGCCGATAG-1,Oligo MOG OPALIN,0.2563043409599312
TTGTTGTAGTCATTGC-1,Astro GFAP AQP1,0.3641666853909068
TTGTTGTCACCGTCTT-1,Astro GFAP AQP1,0.9997697431819278
TTGTTGTGTGGCTAGA-1,Astro AQP4 SLC1A2,0.9999770511909588
TTGTTGTTCCCATACC-1,Endo CLDN5 SLC7A5,0.9715525108570864
TTGTTGTTCGCCAACG-1,Astro GFAP AQP1,0.9949500847713009
TTGTTGTTCGCGAAGA-1,Astro AQP4 SLC1A2,0.9999807980111632
TTGTTTGAGTCCTGTA-1,Oligo MOG OPALIN,0.8597597392092887
TTGTTTGCAGATGCGA-1,Oligo MOG OPALIN,0.0838522923136523
TTGTTTGGTTGAGGAC-1,Endo CLDN5 SLC7A5,0.5674891699302044
TTGTTTGTCGTTCTAT-1,Endo CLDN5 SLC7A5,0.18155391457884915
TTTACCACAACGACTT-1,Endo CLDN5 SLC7A5,0.8572535218526011
TTTACCACACTGCTTC-1,Endo CLDN5 SLC7A5,0.31891711760081015
TTTACCAGTACCACGC-1,Endo CLDN5 SLC7A5,0.9506198403892331
TTTACCAGTGTTACAC-1,SMC ACTA2 CNN1,0.12932991244173056
TTTACCAGTTGATGTC-1,Oligo MOG OPALIN,0.7384107050546883
TTTACCATCGCTTGAA-1,Endo CLDN5 SLC7A5,0.050326370024825255
TTTACGTCAAGTTCGT-1,Endo CLDN5 SLC7A5,0.17032391099591707
TTTACGTGTAGAGGAA-1,OPC PDGFRA PCDH15,0.9999999999999731
TTTACGTTCCCATGGG-1,Oligo MOG FRY,0.024774435859431957
TTTACTGCACTCTAGA-1,Endo CLDN5 SLC7A5,0.6347226635800548
TTTACTGCAGAGAAAG-1,L6 OPRK1 THEMIS RGS6,0.037451350295871384
TTTACTGCAGAGCGTA-1,InN LAMP5 LHX6 TAC1,0.06468412954998676
TTTACTGGTGGTACAG-1,Oligo MOG OPALIN,0.8855683852163354
TTTACTGGTTCTCGTC-1,Oligo MOG OPALIN,0.9153448476884668
TTTACTGTCGAGTTGT-1,Endo CLDN5 SLC7A5,0.8883152634026797
TTTAGTCAGATTCGCT-1,SMC ACTA2 CRISPLD2,0.023512352991803796
TTTAGTCAGGGACTGT-1,L3-5 RORB PCBP3 LINGO2,0.16557112711878713
TTTAGTCGTGGGACAT-1,Oligo MOG OPALIN,0.08105581626173049
TTTAGTCTCGAACTCA-1,InN SST FREM1,0.008352059128580272
TTTAGTCTCTCGAGTA-1,Endo CLDN5 SLC7A5,0.028360702804404482
TTTATGCAGAAGCGAA-1,L2-3 CUX2 NTNG1 PALMD,0.11708372882222552
TTTATGCAGGGAACAA-1,Astro GFAP FABP7,0.9819217689287341
TTTATGCCACAAACGG-1,L5-6 FEZF2 NXPH2 GRIK1,0.04723226755918525
TTTATGCTCAGGTAAA-1,Endo CLDN5 SLC7A5,0.05582146102818165
TTTATGCTCGACGCGT-1,Endo CLDN5 SLC7A5,0.07150805586851719
TTTCACAAGGTAGATT-1,L2-3 CUX2 NTNG1 PALMD,0.23828545971745627
TTTCACAAGTCCTGTA-1,Endo CLDN5 SLC7A5,0.8490563921262652
TTTCACACACTGATTG-1,L2-3 CUX2 NTNG1 PALMD,0.24567164047972329
TTTCACAGTAGAGATT-1,Oligo MOG OPALIN,0.3182475974103447
TTTCACAGTCTTCAAG-1,SMC ACTA2 CYP1B1,0.030122367812687796
TTTCAGTCAAATCAAG-1,Endo CLDN5 SLC7A5,0.05864329291307739
TTTCAGTCACCTGCAG-1,Endo CLDN5 SLC7A5,0.7186744777675013
TTTCAGTCAGTAACCT-1,Micro P2RY12 APBB1IP,0.09532286651085412
TTTCAGTTCAAGGAGC-1,L3-5 RORB MKX DCC,0.11090854701046028
TTTCATGCAGATGCGA-1,Oligo MOG OPALIN,0.9995369680321432
TTTCATGTCACTGAAC-1,Astro AQP4 SLC1A2,0.9992883500551479
TTTCCTCAGCTGAAAT-1,T SKAP1 CD247,0.9999999883157359
TTTCCTCGTCATTCCC-1,Endo CLDN5 SLC7A5,0.07593828363282441
TTTCCTCGTGGTCTCG-1,Oligo MOG OPALIN,0.6372022604635864
TTTCCTCGTTTACGTG-1,L2-3 CUX2 NTNG1 PALMD,0.0581602517462106
TTTCGATAGAAGCCAC-1,Endo CLDN5 SLC7A5,0.8260000266802261
TTTCGATAGGGTTGCA-1,L3-5 RORB GABRG1 PLCH1,0.17073306791941142
TTTCGATAGTGCACTT-1,Oligo MOG OPALIN,0.86487429435903
TTTCGATCATGAGATA-1,Oligo MOG OPALIN,0.7429457017274803
TTTCGATGTACCCACG-1,Oligo MOG OPALIN,0.8116605258718553
TTTCGATTCACCGGGT-1,Astro GFAP AQP1,0.711365711267674
TTTCGATTCCATCCGT-1,Oligo MOG OPALIN,0.574909043122908
TTTGACTAGACGCTCC-1,Oligo MOG OPALIN,0.778216987473904
TTTGACTAGTAATTGG-1,Endo CLDN5 SLC7A5,0.14015474293920704
TTTGACTCAGCCGTCA-1,Oligo MOG OPALIN,0.6059555818742273
TTTGACTGTACTCAAC-1,Astro GFAP AQP1,0.09753406561407399
TTTGACTGTCCATCTC-1,Astro AQP4 SLC1A2,0.23728392545372004
TTTGACTTCCATGATG-1,Endo CLDN5 SLC7A5,0.9508235153907795
TTTGACTTCTGCGTCT-1,Oligo MOG OPALIN,0.1896560049055571
TTTGATCTCGACATAC-1,Oligo MOG OPALIN,0.8750156318888807
TTTGGAGAGACCTCAT-1,Astro GFAP FABP7,0.11967878630475881
TTTGGAGGTATCGCGC-1,Astro AQP4 SLC1A2,0.9995516418509159
TTTGGAGTCAGAGCGA-1,Endo CLDN5 SLC7A5,0.9968835824569771
TTTGGAGTCGGAGTAG-1,Endo CLDN5 SLC7A5,0.10017278483084838
TTTGGTTGTCGTTGCG-1,L2-3 CUX2 ACVR1C THSD7A,0.0602139201657301
TTTGTTGCAGCTGTGC-1,L2-3 CUX2 ACVR1C THSD7A,0.9293497316806635
TTTGTTGCATCGGAGA-1,Astro GFAP AQP1,0.017473004314193737
TTTGTTGGTAGGCAAC-1,Endo CLDN5 SLC7A5,0.7128579372989094
TTTGTTGGTGGCGCTT-1,Oligo MOG OPALIN,0.5063198245412398
TTTGTTGGTTTAGAGA-1,InN VIP CLSTN2,0.9993356401801963
