,leiden,ctpt_individual_prediction,ctpt_confidence,ctpt_consensus_prediction,manual_annotation
AAACCCAAGTTCTCTT-1,2,Endo CLDN5 IL1R1,0.30917252667046274,Endo CLDN5 IL1R1,
AAACCCACAAGGTCTT-1,5,Oligo MOG GSN,0.9988248967688843,Oligo MOG GSN,
AAACCCATCAAAGACA-1,1,OPC PDGFRA PCDH15,0.9999999999995028,OPC PDGFRA PCDH15,
AAACCCATCATTGCGA-1,8,Oligo MOG OPALIN,0.9958696258742363,Oligo MOG OPALIN,
AAACGAACATGACTCA-1,15,Endo CLDN5 SLC7A5,0.8118457575032985,Endo CLDN5 SLC7A5,
AAACGAATCTGTCGCT-1,19,Endo CLDN5 SLC7A5,0.75822867155006,Endo CLDN5 SLC7A5,
AAACGCTCACCCTGAG-1,10,OPC PDGFRA PCDH15,0.9999999999952174,OPC PDGFRA PCDH15,
AAAGAACCACAGTGAG-1,1,OPC PDGFRA PCDH15,0.9999999999946725,OPC PDGFRA PCDH15,
AAAGAACTCGGCTATA-1,0,OPC PDGFRA PCDH15,0.9999999999999509,OPC PDGFRA PCDH15,
AAAGGGCCAGCAGATG-1,2,Endo CLDN5 IL1R1,0.48460432839223755,Endo CLDN5 IL1R1,
AAAGGTAAGCCTGAAG-1,11,Astro AQP4 SLC1A2,0.5991910000934239,Astro AQP4 SLC1A2,
AAAGGTATCGGTTGTA-1,0,OPC PDGFRA PCDH15,0.9999999999011384,OPC PDGFRA PCDH15,
AAAGTCCGTTCCCAAA-1,3,OPC PDGFRA PCDH15,0.9999999994276705,OPC PDGFRA PCDH15,
AAAGTCCTCCAATGCA-1,2,L2-3 CUX2 NTNG1 PALMD,0.4163673918215192,Endo CLDN5 IL1R1,
AAAGTCCTCGGTCTAA-1,9,Oligo MOG OPALIN,0.7455583539814363,Oligo MOG OPALIN,
AAAGTGAAGCCATCCG-1,0,OPC PDGFRA PCDH15,0.9999999999984741,OPC PDGFRA PCDH15,
AAAGTGAAGTGGTCAG-1,2,L2-3 CUX2 NTNG1 PALMD,0.35521598013479383,Endo CLDN5 IL1R1,
AAATGGAAGCGTCGAA-1,0,OPC PDGFRA PCDH15,0.9999999999884885,OPC PDGFRA PCDH15,
AAATGGACACAAATAG-1,9,Oligo MOG OPALIN,0.9999906584916982,Oligo MOG OPALIN,
AAATGGATCAAGGCTT-1,3,OPC PDGFRA PCDH15,0.9999999999998275,OPC PDGFRA PCDH15,
AACAAAGGTATCCCAA-1,1,OPC PDGFRA PCDH15,0.999999999999994,OPC PDGFRA PCDH15,
AACAACCCACTTGGCG-1,10,OPC PDGFRA PCDH15,0.9999999999988709,OPC PDGFRA PCDH15,
AACAACCGTAATTGGA-1,0,OPC PDGFRA PCDH15,0.9999940856620411,OPC PDGFRA PCDH15,
AACAAGAGTGGCTTGC-1,15,Endo CLDN5 SLC7A5,0.8514403997717808,Endo CLDN5 SLC7A5,
AACACACAGGGCTTCC-1,1,OPC PDGFRA PCDH15,0.9999999999776661,OPC PDGFRA PCDH15,
AACACACCAGATGCGA-1,7,Oligo MOG OPALIN,0.9954213976307738,Oligo MOG OPALIN,
AACACACCATGAGATA-1,9,Oligo MOG OPALIN,0.8974328660989525,Oligo MOG OPALIN,
AACACACTCCTTCTAA-1,10,OPC PDGFRA PCDH15,0.9999999999962328,OPC PDGFRA PCDH15,
AACACACTCTACTTCA-1,4,Oligo MOG OPALIN,0.9996388309825286,Oligo MOG GSN,
AACAGGGGTCCCAAAT-1,5,Oligo MOG GSN,0.9999506869356451,Oligo MOG GSN,
AACAGGGTCGTAGCTA-1,6,Oligo MOG OPALIN,0.9877225098313457,Oligo MOG OPALIN,
AACCAACAGACGGATC-1,1,OPC PDGFRA PCDH15,0.9999999999936309,OPC PDGFRA PCDH15,
AACCAACGTCTTCCGT-1,0,OPC PDGFRA PCDH15,0.9999999999913121,OPC PDGFRA PCDH15,
AACCAACTCGGACCAC-1,1,OPC PDGFRA PCDH15,0.9999999999993647,OPC PDGFRA PCDH15,
AACCACAGTGGCTAGA-1,17,Endo CLDN5 SLC7A5,0.9650102523306964,Endo CLDN5 SLC7A5,
AACCACATCGACCAAT-1,0,OPC PDGFRA PCDH15,0.9999999943403228,OPC PDGFRA PCDH15,
AACCATGAGGTTCACT-1,3,OPC PDGFRA PCDH15,0.9999999999993372,OPC PDGFRA PCDH15,
AACCTGAGTCGTGGTC-1,20,OPC PDGFRA PCDH15,0.9999997898994515,OPC PDGFRA PCDH15,
AACGAAAAGGTCCAGA-1,22,Oligo MOG OPALIN,0.8591759238107584,Oligo MOG OPALIN,
AACGGGACACGCTGCA-1,18,Oligo MOG GSN,0.8038394836437839,Oligo MOG OPALIN,
AACGGGAGTAATTAGG-1,9,Oligo MOG OPALIN,0.9999700539882703,Oligo MOG OPALIN,
AACGGGAGTGGAATGC-1,18,Oligo MOG GSN,0.9854386681679114,Oligo MOG OPALIN,
AACGTCAAGCAAGCCA-1,17,Endo CLDN5 SLC7A5,0.9994449137888608,Endo CLDN5 SLC7A5,
AACGTCAAGGCATGCA-1,12,Oligo MOG OPALIN,0.7849783137957342,Oligo MOG GSN,
AACGTCATCGAGAATA-1,1,OPC PDGFRA PCDH15,0.9999999999992768,OPC PDGFRA PCDH15,
AACTTCTGTACAGTCT-1,3,OPC PDGFRA PCDH15,0.999999999999859,OPC PDGFRA PCDH15,
AACTTCTGTTACCCAA-1,10,OPC PDGFRA PCDH15,0.9999999999997657,OPC PDGFRA PCDH15,
AACTTCTTCTGTTCAT-1,0,OPC PDGFRA PCDH15,0.9999999999997573,OPC PDGFRA PCDH15,
AAGAACACACCTGCGA-1,6,Oligo MOG OPALIN,0.9999450214952709,Oligo MOG OPALIN,
AAGAACAGTGCTGATT-1,6,Oligo MOG GSN,0.9906978830250426,Oligo MOG OPALIN,
AAGATAGCAAAGGCTG-1,0,OPC PDGFRA PCDH15,0.9999999999929936,OPC PDGFRA PCDH15,
AAGCATCCAATAACCC-1,2,Endo CLDN5 IL1R1,0.529784135502884,Endo CLDN5 IL1R1,
AAGCATCCAGTCAGTT-1,6,Oligo MOG OPALIN,0.9999079847650656,Oligo MOG OPALIN,
AAGCCATCAGACCAGA-1,22,Oligo MOG OPALIN,0.5459256440122107,Oligo MOG OPALIN,
AAGCGAGAGCTCGACC-1,20,OPC PDGFRA PCDH15,0.9999999994116862,OPC PDGFRA PCDH15,
AAGCGAGCAATGGCAG-1,12,Oligo MOG GSN,0.999851076388363,Oligo MOG GSN,
AAGCGTTGTCGAAGCA-1,0,OPC PDGFRA PCDH15,0.9999999994428321,OPC PDGFRA PCDH15,
AAGGAATAGAATCGCG-1,7,Oligo MOG OPALIN,0.9750991436543804,Oligo MOG OPALIN,
AAGGAATAGCCTTTCC-1,0,OPC PDGFRA PCDH15,0.9999999999994258,OPC PDGFRA PCDH15,
AAGGAATGTGGTTTGT-1,18,Oligo MOG OPALIN,0.9918639638557367,Oligo MOG OPALIN,
AAGGTAAGTGATTAGA-1,0,OPC PDGFRA PCDH15,0.9999999999983733,OPC PDGFRA PCDH15,
AAGGTAATCAGGTGTT-1,3,OPC PDGFRA PCDH15,0.999999999999446,OPC PDGFRA PCDH15,
AAGTCGTAGGGTTTCT-1,9,Oligo MOG GSN,0.4956708545058989,Oligo MOG OPALIN,
AAGTGAACAGCGTATT-1,20,OPC PDGFRA PCDH15,0.9999999992506987,OPC PDGFRA PCDH15,
AAGTTCGGTCGTTCAA-1,19,Endo CLDN5 SLC7A5,0.782634588256958,Endo CLDN5 SLC7A5,
AATAGAGAGTCATGGG-1,0,OPC PDGFRA PCDH15,0.999999997344188,OPC PDGFRA PCDH15,
AATCACGTCTATCCAT-1,14,Astro AQP4 SLC1A2,0.9769637399633169,Astro AQP4 SLC1A2,
AATCGACGTAGCTCGC-1,15,Endo CLDN5 SLC7A5,0.37190339809709255,Endo CLDN5 SLC7A5,
AATCGACTCCTTCTAA-1,6,Oligo MOG OPALIN,0.9998747237109452,Oligo MOG OPALIN,
AATCGTGAGACGCCCT-1,10,OPC PDGFRA PCDH15,0.9999999999992373,OPC PDGFRA PCDH15,
AATGAAGCATGTCAGT-1,4,Oligo MOG OPALIN,0.9818835751463679,Oligo MOG GSN,
AATGAAGGTACTTCCC-1,3,OPC PDGFRA PCDH15,0.9999999999999878,OPC PDGFRA PCDH15,
AATGAAGTCACTTGTT-1,7,Oligo MOG OPALIN,0.99260662943159,Oligo MOG OPALIN,
AATGACCCAGGTGACA-1,22,Oligo MOG OPALIN,0.4180680834210948,Oligo MOG OPALIN,
AATGGAATCGCTGATA-1,16,Micro P2RY12 APBB1IP,0.9994169858746019,Micro P2RY12 APBB1IP,
AATGGCTGTAAGCAAT-1,3,OPC PDGFRA PCDH15,0.9999999999990599,OPC PDGFRA PCDH15,
AATTCCTCATGCAGCC-1,3,OPC PDGFRA PCDH15,0.9999999999999829,OPC PDGFRA PCDH15,
AATTTCCTCACTGTCC-1,15,Endo CLDN5 SLC7A5,0.3932302504228702,Endo CLDN5 SLC7A5,
ACAAAGAAGCATCCCG-1,3,OPC PDGFRA PCDH15,0.999999999999923,OPC PDGFRA PCDH15,
ACAAAGAGTAACATCC-1,2,Endo CLDN5 IL1R1,0.3161626349529416,Endo CLDN5 IL1R1,
ACAAAGATCTAACACG-1,6,Oligo MOG OPALIN,0.9995955675237063,Oligo MOG OPALIN,
ACAACCACACTCAGAT-1,16,Micro P2RY12 APBB1IP,0.7874758982250432,Micro P2RY12 APBB1IP,
ACAAGCTGTTAAGAAC-1,7,Oligo MOG OPALIN,0.999516391440788,Oligo MOG OPALIN,
ACACAGTAGCCGTTGC-1,20,OPC PDGFRA PCDH15,0.999999999996017,OPC PDGFRA PCDH15,
ACACAGTGTCGACTGC-1,22,Oligo MOG OPALIN,0.504815074861743,Oligo MOG OPALIN,
ACACAGTTCCTTATAC-1,0,COP GPR17 SOX4,0.9953967115904617,OPC PDGFRA PCDH15,
ACACCAACACCGGCTA-1,2,Endo CLDN5 IL1R1,0.3348999760840916,Endo CLDN5 IL1R1,
ACACCAACACTTCTCG-1,1,OPC PDGFRA PCDH15,0.9999999999999967,OPC PDGFRA PCDH15,
ACACCAAGTTCCAAAC-1,14,Astro AQP4 SLC1A2,0.57546073546199,Astro AQP4 SLC1A2,
ACACTGAAGGTATCTC-1,11,Astro GFAP AQP1,0.9424128657857482,Astro AQP4 SLC1A2,
ACACTGAGTCAAGTTC-1,7,Oligo MOG OPALIN,0.9955647468421215,Oligo MOG OPALIN,
ACAGAAATCGTGTGAT-1,4,Oligo MOG GSN,0.9999905661898402,Oligo MOG GSN,
ACATCGATCTTCGTAT-1,3,OPC PDGFRA PCDH15,0.9999999999999452,OPC PDGFRA PCDH15,
ACATGCAGTTTGGCTA-1,1,OPC PDGFRA PCDH15,0.9999999999997318,OPC PDGFRA PCDH15,
ACATTTCAGATGGTCG-1,17,Endo CLDN5 SLC7A5,0.9995861522164546,Endo CLDN5 SLC7A5,
ACCAAACTCCTTGACC-1,3,OPC PDGFRA PCDH15,0.9999999999999885,OPC PDGFRA PCDH15,
ACCAACAGTTCATCTT-1,5,Oligo MOG GSN,0.9999857681900912,Oligo MOG GSN,
ACCACAAAGGGAGTTC-1,17,Endo CLDN5 SLC7A5,0.4410673659888449,Endo CLDN5 SLC7A5,
ACCACAAAGGTCGCCT-1,2,InN VIP EXPH5,0.5036609064612317,Endo CLDN5 IL1R1,
ACCACAACAGAATTCC-1,2,Endo CLDN5 IL1R1,0.35974169521411203,Endo CLDN5 IL1R1,
ACCACAACATAACCCA-1,4,Oligo MOG OPALIN,0.8101699623587795,Oligo MOG GSN,
ACCACAATCCGGACGT-1,3,OPC PDGFRA PCDH15,0.9999999999999774,OPC PDGFRA PCDH15,
ACCACAATCTACCTTA-1,10,OPC PDGFRA PCDH15,0.9999814352942427,OPC PDGFRA PCDH15,
ACCATTTGTCGTGTTA-1,19,Endo CLDN5 IL1R1,0.6554313917818129,Endo CLDN5 SLC7A5,
ACCATTTTCAATCCAG-1,15,Endo CLDN5 SLC7A5,0.9397739664657638,Endo CLDN5 SLC7A5,
ACCCAAAAGCGTGTTT-1,8,Oligo MOG OPALIN,0.9999833225097752,Oligo MOG OPALIN,
ACCCTCACAAAGCAAT-1,1,OPC PDGFRA PCDH15,0.999999999991309,OPC PDGFRA PCDH15,
ACCCTCATCTTGGATG-1,9,Oligo MOG OPALIN,0.9997462298234805,Oligo MOG OPALIN,
ACCCTTGAGATCGGTG-1,5,Oligo MOG GSN,0.9999999774908884,Oligo MOG GSN,
ACCTACCGTACTCGAT-1,1,OPC PDGFRA PCDH15,0.9999999999997966,OPC PDGFRA PCDH15,
ACCTACCTCGCTAATG-1,10,OPC PDGFRA PCDH15,0.9999999999999494,OPC PDGFRA PCDH15,
ACCTACCTCTCGTTTA-1,14,Astro GFAP FABP7,0.409115111523167,Astro AQP4 SLC1A2,
ACCTGAACAATGCAAA-1,9,Oligo MOG OPALIN,0.9999953132617491,Oligo MOG OPALIN,
ACCTGAATCAGATTGC-1,3,OPC PDGFRA PCDH15,0.9999999999985478,OPC PDGFRA PCDH15,
ACCTGTCAGACTGTTC-1,10,OPC PDGFRA PCDH15,0.9999999999960656,OPC PDGFRA PCDH15,
ACCTGTCCATACAGAA-1,9,Oligo MOG OPALIN,0.9028293279156787,Oligo MOG OPALIN,
ACCTGTCTCTATGCCC-1,13,VLMC COL1A2 VLMCA8,0.999074587743741,PC P2RY14 GRM8,
ACGATCACAGAGGCAT-1,6,Oligo MOG OPALIN,0.999722939206482,Oligo MOG OPALIN,
ACGATCACATGTGACT-1,9,Oligo MOG OPALIN,0.999954947500155,Oligo MOG OPALIN,
ACGATCATCGCCTTGT-1,13,PC P2RY14 GRM8,0.99997682095031,PC P2RY14 GRM8,
ACGCACGGTTTATGCG-1,1,OPC PDGFRA PCDH15,0.9999999999959455,OPC PDGFRA PCDH15,
ACGGAAGCAAAGCTCT-1,0,OPC PDGFRA PCDH15,0.9999999999989797,OPC PDGFRA PCDH15,
ACGGAAGCATCTGCGG-1,10,OPC PDGFRA PCDH15,0.9999999999530114,OPC PDGFRA PCDH15,
ACGGGTCCAGTTCTAG-1,2,Endo CLDN5 IL1R1,0.32842060241521825,Endo CLDN5 IL1R1,
ACGGGTCGTCCAGGTC-1,0,OPC PDGFRA PCDH15,0.999999999815609,OPC PDGFRA PCDH15,
ACGGGTCGTCGATGCC-1,10,OPC PDGFRA PCDH15,0.9999999999987101,OPC PDGFRA PCDH15,
ACGGTCGAGAAACTAC-1,16,Micro P2RY12 APBB1IP,0.47570603079726037,Micro P2RY12 APBB1IP,
ACGGTCGCACGATAGG-1,6,Oligo MOG OPALIN,0.9801986903341827,Oligo MOG OPALIN,
ACGGTCGCAGCTGTGC-1,21,Astro AQP4 SLC1A2,0.48963268623158357,Astro AQP4 SLC1A2,
ACGGTCGTCGTCTAAG-1,2,Endo CLDN5 IL1R1,0.5344128452430196,Endo CLDN5 IL1R1,
ACGGTTAGTCACTCAA-1,1,OPC PDGFRA PCDH15,0.9999999999995925,OPC PDGFRA PCDH15,
ACGTACAAGGTTCAGG-1,1,OPC PDGFRA PCDH15,0.9999999999997529,OPC PDGFRA PCDH15,
ACGTAGTGTTTGGAAA-1,12,Oligo MOG GSN,0.9799109966774715,Oligo MOG GSN,
ACGTCCTGTCTGTCAA-1,3,OPC PDGFRA PCDH15,0.9999999999999771,OPC PDGFRA PCDH15,
ACGTTCCAGCTAGCCC-1,19,Endo CLDN5 SLC7A5,0.5079900760721153,Endo CLDN5 SLC7A5,
ACGTTCCTCCCAGGCA-1,9,Oligo MOG OPALIN,0.9870740760485688,Oligo MOG OPALIN,
ACTATGGGTATTCCGA-1,4,Oligo MOG GSN,0.7567413720489586,Oligo MOG GSN,
ACTATGGGTGGTCCGT-1,3,OPC PDGFRA PCDH15,0.9999999999992661,OPC PDGFRA PCDH15,
ACTCCCACAGTAGATA-1,10,OPC PDGFRA PCDH15,0.9999999999996918,OPC PDGFRA PCDH15,
ACTCCCAGTATACCCA-1,17,Endo CLDN5 SLC7A5,0.973209122925679,Endo CLDN5 SLC7A5,
ACTCCCAGTCTAGTGT-1,0,OPC PDGFRA PCDH15,0.9999999999992124,OPC PDGFRA PCDH15,
ACTCCCAGTTCCTTGC-1,6,Oligo MOG OPALIN,0.9954128679004393,Oligo MOG OPALIN,
ACTCTCGTCACCTGTC-1,6,Oligo MOG OPALIN,0.9999702232933901,Oligo MOG OPALIN,
ACTGCAACAAAGAGTT-1,0,OPC PDGFRA PCDH15,0.9999999996105329,OPC PDGFRA PCDH15,
ACTGCAAGTATATGGA-1,2,Endo CLDN5 IL1R1,0.41260851132869164,Endo CLDN5 IL1R1,
ACTGCAATCTGTTCAT-1,13,PC P2RY14 GRM8,0.9999933130686356,PC P2RY14 GRM8,
ACTGTCCCATGTTCGA-1,1,OPC PDGFRA PCDH15,0.9999999999849827,OPC PDGFRA PCDH15,
ACTGTGAAGTTTCGAC-1,10,OPC PDGFRA PCDH15,0.9999999999212807,OPC PDGFRA PCDH15,
ACTGTGAGTTGGCCGT-1,14,Astro AQP4 SLC1A2,0.6173026719762359,Astro AQP4 SLC1A2,
ACTGTGATCTTCGTAT-1,0,OPC PDGFRA PCDH15,0.9999999999995146,OPC PDGFRA PCDH15,
ACTTAGGTCCAAGAGG-1,3,OPC PDGFRA PCDH15,0.9999999999999791,OPC PDGFRA PCDH15,
ACTTATCCAGCACGAA-1,5,Oligo MOG GSN,0.9999502876185447,Oligo MOG GSN,
ACTTATCGTAGTCGGA-1,0,OPC PDGFRA PCDH15,0.999999999999188,OPC PDGFRA PCDH15,
ACTTATCGTGCATGAG-1,17,Endo CLDN5 SLC7A5,0.9994763705895592,Endo CLDN5 SLC7A5,
ACTTCCGCAATGAACA-1,17,Endo CLDN5 SLC7A5,0.9962970094397263,Endo CLDN5 SLC7A5,
ACTTCCGGTAGTTAGA-1,3,OPC PDGFRA PCDH15,0.9999999999995093,OPC PDGFRA PCDH15,
ACTTCGCAGCATCTTG-1,3,OPC PDGFRA PCDH15,0.9999999999999047,OPC PDGFRA PCDH15,
ACTTTCAAGCCATATC-1,9,Oligo MOG OPALIN,0.9996277855366772,Oligo MOG OPALIN,
ACTTTGTCACACACGC-1,19,Endo CLDN5 SLC7A5,0.9677810502529348,Endo CLDN5 SLC7A5,
ACTTTGTTCCGGTAGC-1,1,OPC PDGFRA PCDH15,0.9999999999995657,OPC PDGFRA PCDH15,
AGAAATGTCGGCTATA-1,16,T SKAP1 CD247,0.9999999719526157,Micro P2RY12 APBB1IP,
AGAACAAGTATCTCGA-1,8,Oligo MOG OPALIN,0.9992595763128674,Oligo MOG OPALIN,
AGAACAAGTCATAGTC-1,5,Oligo MOG GSN,0.9999996626369337,Oligo MOG GSN,
AGAACCTCAAGTGGAC-1,5,Oligo MOG GSN,0.9999999997416407,Oligo MOG GSN,
AGAAGTACACCGTGGT-1,6,Oligo MOG OPALIN,0.9998577970093271,Oligo MOG OPALIN,
AGACAAAAGCGGACAT-1,22,Oligo MOG OPALIN,0.3141673582293482,Oligo MOG OPALIN,
AGACACTTCTCTCGCA-1,5,Oligo MOG GSN,0.999999217456925,Oligo MOG GSN,
AGACAGGGTACCCGCA-1,1,OPC PDGFRA PCDH15,0.9999999999989939,OPC PDGFRA PCDH15,
AGACCCGGTGCAACGA-1,11,Astro AQP4 SLC1A2,0.5118895939132291,Astro AQP4 SLC1A2,
AGACTCACATCCCGTT-1,3,OPC PDGFRA PCDH15,0.9999999999999263,OPC PDGFRA PCDH15,
AGAGAATAGACCGCCT-1,3,OPC PDGFRA PCDH15,0.9999999999995355,OPC PDGFRA PCDH15,
AGAGAATTCATTGCTT-1,9,Oligo MOG OPALIN,0.9870669662029203,Oligo MOG OPALIN,
AGAGAATTCTGCATGA-1,10,OPC PDGFRA PCDH15,0.9999999999999809,OPC PDGFRA PCDH15,
AGAGAGCCAGACCTAT-1,2,Endo CLDN5 IL1R1,0.46327773995517696,Endo CLDN5 IL1R1,
AGAGCAGAGGGTGAAA-1,12,Oligo MOG GSN,0.997121922717273,Oligo MOG GSN,
AGAGCCCAGAGGGTGG-1,15,Endo CLDN5 SLC7A5,0.9275657327417619,Endo CLDN5 SLC7A5,
AGATAGACAACCGTAT-1,2,Endo CLDN5 IL1R1,0.41208766295540783,Endo CLDN5 IL1R1,
AGATAGACACGGCTAC-1,14,Astro GFAP FABP7,0.7384132028414455,Astro AQP4 SLC1A2,
AGATAGACAGGCGAAT-1,11,Astro AQP4 SLC1A2,0.9512970522814342,Astro AQP4 SLC1A2,
AGATCGTAGCTTGTGT-1,11,Astro AQP4 SLC1A2,0.6159270672790045,Astro AQP4 SLC1A2,
AGATCGTTCTCATAGG-1,8,Oligo MOG OPALIN,0.9999717428144783,Oligo MOG OPALIN,
AGCATCAAGGAGAATG-1,7,Oligo MOG OPALIN,0.9986640470014378,Oligo MOG OPALIN,
AGCATCACATCAGCAT-1,4,Oligo MOG GSN,0.9953285230488893,Oligo MOG GSN,
AGCCACGCAGGATCTT-1,13,PC P2RY14 GRM8,0.9994483470813146,PC P2RY14 GRM8,
AGCCACGCAGGGTCTC-1,5,Oligo MOG GSN,0.9999882608249245,Oligo MOG GSN,
AGCCACGCATAGAGGC-1,15,Endo CLDN5 SLC7A5,0.816375775679659,Endo CLDN5 SLC7A5,
AGCCACGGTTATTCTC-1,3,OPC PDGFRA PCDH15,0.9999999999992202,OPC PDGFRA PCDH15,
AGCCACGTCTCATTAC-1,2,Endo CLDN5 IL1R1,0.5019166102577246,Endo CLDN5 IL1R1,
AGCGATTGTCACTGAT-1,6,Oligo MOG OPALIN,0.9988255483638668,Oligo MOG OPALIN,
AGCGATTTCCCTGGTT-1,4,Oligo MOG GSN,0.9999823214491437,Oligo MOG GSN,
AGCGCCAAGACGTCCC-1,22,InN PVALB SYT2,0.46924917140016337,Oligo MOG OPALIN,
AGCGCCACACCCTGTT-1,7,Oligo MOG OPALIN,0.999401476297451,Oligo MOG OPALIN,
AGCGCCAGTAGGGTAC-1,0,OPC PDGFRA PCDH15,0.9999999999992313,OPC PDGFRA PCDH15,
AGCGCTGAGCCTTTGA-1,16,Micro P2RY12 APBB1IP,0.9666922207162953,Micro P2RY12 APBB1IP,
AGCGCTGAGCTTGTGT-1,5,Oligo MOG GSN,0.9999928215816181,Oligo MOG GSN,
AGCGTATGTAGCTGTT-1,15,Endo CLDN5 SLC7A5,0.9857344526898145,Endo CLDN5 SLC7A5,
AGCGTCGCAGCGTGCT-1,13,PC P2RY14 GRM8,0.9999830803734502,PC P2RY14 GRM8,
AGCGTCGGTCTACAAC-1,20,OPC PDGFRA PCDH15,0.9998177013577638,OPC PDGFRA PCDH15,
AGCTCAAAGAACTTCC-1,4,Oligo MOG GSN,0.984065419052811,Oligo MOG GSN,
AGCTCAAGTCGAATGG-1,9,Oligo MOG OPALIN,0.9999792183377819,Oligo MOG OPALIN,
AGCTCAATCAACGTGT-1,4,Oligo MOG OPALIN,0.9600799792091862,Oligo MOG GSN,
AGGAAATAGGAACTCG-1,19,Endo CLDN5 SLC7A5,0.8232288562566845,Endo CLDN5 SLC7A5,
AGGAATAAGGGTATAT-1,11,Astro AQP4 SLC1A2,0.4163891665521821,Astro AQP4 SLC1A2,
AGGACGACACAAGCTT-1,23,Endo CLDN5 DKK2,0.5825327228215351,Endo CLDN5 DKK2,
AGGACGATCCAGTGTA-1,6,Oligo MOG OPALIN,0.9999176782530059,Oligo MOG OPALIN,
AGGAGGTAGAGTAACT-1,0,OPC PDGFRA PCDH15,0.9999999999940501,OPC PDGFRA PCDH15,
AGGATAAGTCCCTGAG-1,2,L5-6 FEZF2 NXPH2 GRIK1,0.35054241479661225,Endo CLDN5 IL1R1,
AGGATCTCACGTTCGG-1,1,OPC PDGFRA PCDH15,0.9999999992716411,OPC PDGFRA PCDH15,
AGGCATTAGACATATG-1,6,Oligo MOG OPALIN,0.9998041371600922,Oligo MOG OPALIN,
AGGCTGCAGAGCAGCT-1,22,L2-4 CUX2 RORB CLMN,0.45213712489429053,Oligo MOG OPALIN,
AGGGAGTAGTGGTGGT-1,19,Endo CLDN5 IL1R1,0.318656803969057,Endo CLDN5 SLC7A5,
AGGGCCTTCTAGCAAC-1,7,Oligo MOG OPALIN,0.9999203096801106,Oligo MOG OPALIN,
AGGGCTCTCCGCACTT-1,6,Oligo MOG OPALIN,0.9999911751941128,Oligo MOG OPALIN,
AGGGTGAAGTCCGCCA-1,18,Oligo MOG OPALIN,0.9987865134581041,Oligo MOG OPALIN,
AGGGTGACACTACACA-1,1,OPC PDGFRA PCDH15,0.9999999999975493,OPC PDGFRA PCDH15,
AGGGTGAGTCAGACTT-1,5,Oligo MOG GSN,0.9999995876303247,Oligo MOG GSN,
AGGGTGAGTGAGGAAA-1,4,Oligo MOG GSN,0.95416716514906,Oligo MOG GSN,
AGGTAGGCAAAGGGTC-1,2,InN VIP EXPH5,0.4875632713953305,Endo CLDN5 IL1R1,
AGGTAGGGTTAAGACA-1,0,OPC PDGFRA PCDH15,0.9999999999996394,OPC PDGFRA PCDH15,
AGGTAGGTCCGTACGG-1,8,Oligo MOG OPALIN,0.9801391304810562,Oligo MOG OPALIN,
AGGTCATAGTTTGTCG-1,5,Oligo MOG GSN,0.9999972011734125,Oligo MOG GSN,
AGGTCTAGTTCTTCAT-1,1,OPC PDGFRA PCDH15,0.9999999999999574,OPC PDGFRA PCDH15,
AGGTGTTCAGAACTTC-1,11,Astro AQP4 SLC1A2,0.9965629274268878,Astro AQP4 SLC1A2,
AGGTGTTGTTGTATGC-1,11,Astro AQP4 SLC1A2,0.8292843256776607,Astro AQP4 SLC1A2,
AGGTTACAGCGTATGG-1,13,PC P2RY14 GRM8,0.9771926195027755,PC P2RY14 GRM8,
AGGTTACGTTCTAAGC-1,14,Astro AQP4 SLC1A2,0.6191501210959633,Astro AQP4 SLC1A2,
AGTACCACACTGGATT-1,6,Oligo MOG OPALIN,0.9997979037752246,Oligo MOG OPALIN,
AGTACTGAGTCGTCTA-1,9,Oligo MOG OPALIN,0.9994833634041798,Oligo MOG OPALIN,
AGTACTGTCTGTGCTC-1,10,OPC PDGFRA PCDH15,0.9999999999992988,OPC PDGFRA PCDH15,
AGTAGTCGTGTAAACA-1,2,Endo CLDN5 IL1R1,0.43227390516731584,Endo CLDN5 IL1R1,
AGTCAACGTAGTTACC-1,11,Astro AQP4 SLC1A2,0.5542863122717272,Astro AQP4 SLC1A2,
AGTCATGAGTACCGGA-1,0,OPC PDGFRA PCDH15,0.9999999999570883,OPC PDGFRA PCDH15,
AGTCTCCAGCGTGTCC-1,0,OPC PDGFRA PCDH15,0.9999999998304376,OPC PDGFRA PCDH15,
AGTCTCCCAATGAACA-1,2,Endo CLDN5 IL1R1,0.30380238694440914,Endo CLDN5 IL1R1,
AGTGACTGTACCGTGC-1,3,OPC PDGFRA PCDH15,0.9999999999986007,OPC PDGFRA PCDH15,
AGTGACTGTAGGTTTC-1,8,Oligo MOG OPALIN,0.9999840099086744,Oligo MOG OPALIN,
AGTGATCCAGAGGCAT-1,20,OPC PDGFRA PCDH15,0.9999999899082067,OPC PDGFRA PCDH15,
AGTGATCGTGGATCGA-1,19,Endo CLDN5 IL1R1,0.3075755329602403,Endo CLDN5 SLC7A5,
AGTGCCGAGATTGGGC-1,1,OPC PDGFRA PCDH15,0.999999999992264,OPC PDGFRA PCDH15,
AGTGTTGGTTACACTG-1,16,Micro P2RY12 CCL3,0.47405122011180845,Micro P2RY12 APBB1IP,
AGTGTTGGTTCAAGTC-1,9,Oligo MOG GSN,0.6474515382239059,Oligo MOG OPALIN,
AGTTAGCGTAACATAG-1,8,Oligo MOG OPALIN,0.99981193598063,Oligo MOG OPALIN,
AGTTCCCTCTAAGAAG-1,12,Oligo MOG GSN,0.9987380813847452,Oligo MOG GSN,
AGTTCGACATAGCTGT-1,14,Astro AQP4 SLC1A2,0.9715625476219704,Astro AQP4 SLC1A2,
AGTTCGAGTCACATTG-1,0,OPC PDGFRA PCDH15,0.9999999999981537,OPC PDGFRA PCDH15,
ATACCGAAGGATGAGA-1,20,OPC PDGFRA PCDH15,0.9999999996479199,OPC PDGFRA PCDH15,
ATACCGAGTGGCTGCT-1,7,Oligo MOG OPALIN,0.9908454967541064,Oligo MOG OPALIN,
ATACCTTCACCGAATT-1,6,Oligo MOG OPALIN,0.7450829261767493,Oligo MOG OPALIN,
ATACCTTTCAGACCTA-1,8,Oligo MOG OPALIN,0.9999379993050043,Oligo MOG OPALIN,
ATACCTTTCGCTGTTC-1,15,Endo CLDN5 SLC7A5,0.8610800251578407,Endo CLDN5 SLC7A5,
ATACTTCAGATGACAT-1,15,Endo CLDN5 SLC7A5,0.9987279569691503,Endo CLDN5 SLC7A5,
ATACTTCTCGAAGCCC-1,17,PC P2RY14 GRM8,0.9623291582283741,Endo CLDN5 SLC7A5,
ATACTTCTCTTTCTAG-1,7,Oligo MOG OPALIN,0.9999451723636795,Oligo MOG OPALIN,
ATAGAGAAGGTAGTCG-1,0,OPC PDGFRA PCDH15,0.9999999999911391,OPC PDGFRA PCDH15,
ATAGGCTGTCATCACA-1,0,OPC PDGFRA PCDH15,0.9999999999985285,OPC PDGFRA PCDH15,
ATATCCTGTGAGACCA-1,14,Astro AQP4 SLC1A2,0.6053399092153227,Astro AQP4 SLC1A2,
ATATCCTGTGCCCTTT-1,3,OPC PDGFRA PCDH15,0.9999999999999964,OPC PDGFRA PCDH15,
ATCACAGAGATTCGAA-1,5,Oligo MOG GSN,0.9999988830281896,Oligo MOG GSN,
ATCACAGGTCCAGCCA-1,3,OPC PDGFRA PCDH15,0.9999999999996583,OPC PDGFRA PCDH15,
ATCACGATCGCTTGAA-1,7,Oligo MOG OPALIN,0.9967404303067565,Oligo MOG OPALIN,
ATCACTTGTTATCTTC-1,5,Oligo MOG GSN,0.9999966386395083,Oligo MOG GSN,
ATCAGGTCAATGTTGC-1,6,Oligo MOG OPALIN,0.958330852153504,Oligo MOG OPALIN,
ATCATTCTCCTGGTCT-1,17,Endo CLDN5 DKK2,0.9906077359079237,Endo CLDN5 SLC7A5,
ATCCATTAGATCGACG-1,18,Oligo MOG GSN,0.9880511477783492,Oligo MOG OPALIN,
ATCCATTTCGAGAACG-1,1,OPC PDGFRA PCDH15,0.9999999999988152,OPC PDGFRA PCDH15,
ATCCCTGCATAATCGC-1,2,Endo CLDN5 IL1R1,0.3173752721343806,Endo CLDN5 IL1R1,
ATCCTATGTACAAACA-1,1,OPC PDGFRA PCDH15,0.9999999999987832,OPC PDGFRA PCDH15,
ATCGCCTCAGAACATA-1,20,OPC PDGFRA PCDH15,0.9999975294075606,OPC PDGFRA PCDH15,
ATCGGATCACGGTAGA-1,0,OPC PDGFRA PCDH15,0.9999999999717912,OPC PDGFRA PCDH15,
ATCGGATTCTGATGGT-1,8,Oligo MOG OPALIN,0.9985974575949812,Oligo MOG OPALIN,
ATCGGCGAGGTCCAGA-1,6,Oligo MOG OPALIN,0.9999490860966797,Oligo MOG OPALIN,
ATCGGCGCAATCTCGA-1,3,OPC PDGFRA PCDH15,0.9999999999990625,OPC PDGFRA PCDH15,
ATCGGCGGTATGCAAA-1,0,OPC PDGFRA PCDH15,0.9999999999954159,OPC PDGFRA PCDH15,
ATCGGCGTCGTAGTCA-1,2,L3-5 RORB PCBP3 ARHGAP15,0.5298247939635491,Endo CLDN5 IL1R1,
ATCGTAGCACCTTCGT-1,22,InN PVALB HPSE,0.8189073813477007,Oligo MOG OPALIN,
ATCGTGACAATGGCCC-1,9,Oligo MOG OPALIN,0.9939118050415495,Oligo MOG OPALIN,
ATCGTGATCGTCGGGT-1,0,OPC PDGFRA PCDH15,0.9999999909895182,OPC PDGFRA PCDH15,
ATCTCTAAGCAAGCCA-1,14,Astro AQP4 SLC1A2,0.99606391761977,Astro AQP4 SLC1A2,
ATCTCTAAGCAGCAGT-1,16,Micro P2RY12 APBB1IP,0.3657401757619886,Micro P2RY12 APBB1IP,
ATCTCTATCGGCCCAA-1,0,OPC PDGFRA PCDH15,0.9999999998752191,OPC PDGFRA PCDH15,
ATGAAAGTCGACGCTG-1,4,Oligo MOG OPALIN,0.9007160912831412,Oligo MOG GSN,
ATGACCACACTCTGCT-1,19,Endo CLDN5 SLC7A5,0.9891524034889667,Endo CLDN5 SLC7A5,
ATGACCATCCGCTTAC-1,18,Oligo MOG GSN,0.4220765593311141,Oligo MOG OPALIN,
ATGAGTCGTTCTAACG-1,12,Oligo MOG GSN,0.9985754900456716,Oligo MOG GSN,
ATGATCGGTTCAGGTT-1,0,OPC PDGFRA PCDH15,0.9999999999998046,OPC PDGFRA PCDH15,
ATGCATGCAGTCGGAA-1,13,PC P2RY14 GRM8,0.853105939831714,PC P2RY14 GRM8,
ATGCATGGTGAGGAAA-1,19,InN VIP EXPH5,0.49744797483373976,Endo CLDN5 SLC7A5,
ATGCATGTCAAGGAGC-1,6,Oligo MOG OPALIN,0.9941296549456374,Oligo MOG OPALIN,
ATGCCTCGTAACGGTG-1,11,Astro GFAP AQP1,0.6432951652220321,Astro AQP4 SLC1A2,
ATGCGATTCCTTGGAA-1,14,L2-3 CUX2 ACVR1C THSD7A,0.430226312531442,Astro AQP4 SLC1A2,
ATGCGATTCGGTCGAC-1,5,Oligo MOG GSN,0.999999781862419,Oligo MOG GSN,
ATGGAGGCAGAGTTCT-1,0,OPC PDGFRA PCDH15,0.9999999996499294,OPC PDGFRA PCDH15,
ATGGAGGGTGTATTCG-1,16,Macro F13A1 COLEC12,0.9982297087145268,Micro P2RY12 APBB1IP,
ATGGAGGTCTCGAGTA-1,0,OPC PDGFRA PCDH15,0.9999999999996421,OPC PDGFRA PCDH15,
ATGGGTTCAACCGTGC-1,2,InN VIP EXPH5,0.32782482115243733,Endo CLDN5 IL1R1,
ATGGGTTTCTGGGCCA-1,10,OPC PDGFRA PCDH15,0.9999999999942357,OPC PDGFRA PCDH15,
ATGGTTGAGAGCAGCT-1,5,Oligo MOG GSN,0.9999999999936038,Oligo MOG GSN,
ATGGTTGGTAAGACCG-1,1,OPC PDGFRA PCDH15,0.9999999999999154,OPC PDGFRA PCDH15,
ATGGTTGTCTCTGACC-1,0,OPC PDGFRA PCDH15,0.9999999999971967,OPC PDGFRA PCDH15,
ATGTCCCTCGAGAAAT-1,5,Oligo MOG GSN,0.9999984869406912,Oligo MOG GSN,
ATGTCTTAGTGGCCTC-1,1,OPC PDGFRA PCDH15,0.9999999999998095,OPC PDGFRA PCDH15,
ATGTCTTGTACGAAAT-1,1,OPC PDGFRA PCDH15,0.9999999999995688,OPC PDGFRA PCDH15,
ATTACCTAGTAAGACT-1,16,Micro P2RY12 APBB1IP,0.9380213762844684,Micro P2RY12 APBB1IP,
ATTACTCAGTTACGAA-1,18,Oligo MOG OPALIN,0.9993997998027738,Oligo MOG OPALIN,
ATTACTCCAGCTTTCC-1,15,Endo CLDN5 SLC7A5,0.9982083495765444,Endo CLDN5 SLC7A5,
ATTATCCCACATATGC-1,13,PC P2RY14 GRM8,0.9948704617048021,PC P2RY14 GRM8,
ATTCACTGTAGAAACT-1,9,Oligo MOG OPALIN,0.9996964725222162,Oligo MOG OPALIN,
ATTCACTGTAGTGGCA-1,14,Astro AQP4 SLC1A2,0.4933764256298421,Astro AQP4 SLC1A2,
ATTCACTTCATTCTTG-1,3,OPC PDGFRA PCDH15,0.9999999999999525,OPC PDGFRA PCDH15,
ATTCAGGTCACAGAGG-1,2,Endo CLDN5 IL1R1,0.3143296363676641,Endo CLDN5 IL1R1,
ATTCATCCACGGTGCT-1,21,InN PVALB SYT2,0.6730964864470567,Astro AQP4 SLC1A2,
ATTCATCGTATGAAAC-1,7,Oligo MOG OPALIN,0.9978359494611058,Oligo MOG OPALIN,
ATTCCATAGTCTAGCT-1,13,PC P2RY14 GRM8,0.9998553987964452,PC P2RY14 GRM8,
ATTCCATAGTTAGTGA-1,14,Astro AQP4 SLC1A2,0.5407637924200206,Astro AQP4 SLC1A2,
ATTCCATGTACAATAG-1,20,OPC PDGFRA PCDH15,0.9999999986754584,OPC PDGFRA PCDH15,
ATTCCCGTCATTCGTT-1,22,InN PVALB HPSE,0.38073432873143653,Oligo MOG OPALIN,
ATTCCTAAGTGCCTCG-1,6,Oligo MOG OPALIN,0.9988703726811909,Oligo MOG OPALIN,
ATTCCTAGTGGGAGAG-1,1,OPC PDGFRA PCDH15,0.9999999992545818,OPC PDGFRA PCDH15,
ATTCTACCAAGACCGA-1,7,Oligo MOG OPALIN,0.9997600550729243,Oligo MOG OPALIN,
ATTCTACCACACTTAG-1,2,Endo CLDN5 IL1R1,0.7549119749921279,Endo CLDN5 IL1R1,
ATTCTACCATACTGTG-1,19,Endo CLDN5 SLC7A5,0.9925037530256057,Endo CLDN5 SLC7A5,
ATTCTTGAGCTCCACG-1,3,OPC PDGFRA PCDH15,0.9999999999996576,OPC PDGFRA PCDH15,
ATTCTTGCAGCACAGA-1,0,OPC PDGFRA PCDH15,0.9999999989680148,OPC PDGFRA PCDH15,
ATTTCACCAGACCCGT-1,1,OPC PDGFRA PCDH15,0.9999999999992715,OPC PDGFRA PCDH15,
ATTTCACGTTAAGCAA-1,17,Endo CLDN5 IL1R1,0.9837236270813531,Endo CLDN5 SLC7A5,
ATTTCTGCACGTAACT-1,1,OPC PDGFRA PCDH15,0.9999999999996934,OPC PDGFRA PCDH15,
CAAAGAAAGGGATCAC-1,17,Endo CLDN5 SLC7A5,0.9930983610478038,Endo CLDN5 SLC7A5,
CAACAACCAATCACGT-1,8,Oligo MOG OPALIN,0.9989402061330322,Oligo MOG OPALIN,
CAACAACCAGAGCTAG-1,0,OPC PDGFRA PCDH15,0.9999999999993161,OPC PDGFRA PCDH15,
CAACAACCATGCCGAC-1,6,Oligo MOG OPALIN,0.9971364903098119,Oligo MOG OPALIN,
CAACAACGTTCGGCGT-1,2,Endo CLDN5 IL1R1,0.38569766550865203,Endo CLDN5 IL1R1,
CAACAGTCAGCGTTTA-1,11,Astro AQP4 SLC1A2,0.878140973000569,Astro AQP4 SLC1A2,
CAACCAACATATTCGG-1,23,Endo CLDN5 DKK2,0.919016242849266,Endo CLDN5 DKK2,
CAACCTCAGTATGCAA-1,6,Oligo MOG OPALIN,0.999948520497608,Oligo MOG OPALIN,
CAACGATAGGTGCCTC-1,22,OPC PDGFRA PCDH15,0.9204790322249853,Oligo MOG OPALIN,
CAACGGCAGGCCTTCG-1,4,Oligo MOG OPALIN,0.7061027938824743,Oligo MOG GSN,
CAAGACTCACCGTCTT-1,3,OPC PDGFRA PCDH15,0.9999999999993252,OPC PDGFRA PCDH15,
CAAGAGGCAAAGTGTA-1,6,Oligo MOG GSN,0.7063124840279544,Oligo MOG OPALIN,
CAAGAGGCAGCGTTTA-1,0,OPC PDGFRA PCDH15,0.9999999994058577,OPC PDGFRA PCDH15,
CAAGAGGGTTCAAACC-1,1,OPC PDGFRA PCDH15,0.9999999999999936,OPC PDGFRA PCDH15,
CAAGAGGTCCTGTAAG-1,5,Oligo MOG GSN,0.999900627482056,Oligo MOG GSN,
CAAGCTACAGTTAGGG-1,1,OPC PDGFRA PCDH15,0.9999999999899789,OPC PDGFRA PCDH15,
CAATACGAGATACCAA-1,19,Endo CLDN5 SLC7A5,0.49676925423584006,Endo CLDN5 SLC7A5,
CAATACGAGGATTCAA-1,11,Astro AQP4 SLC1A2,0.35807966411208314,Astro AQP4 SLC1A2,
CAATACGTCACGATCA-1,3,OPC PDGFRA PCDH15,0.9999999999976965,OPC PDGFRA PCDH15,
CAATGACCAAGTGATA-1,0,OPC PDGFRA PCDH15,0.9999999999991911,OPC PDGFRA PCDH15,
CAATTTCCACTTGTGA-1,5,Oligo MOG GSN,0.9999999776715438,Oligo MOG GSN,
CACAACAGTACAAACA-1,4,Oligo MOG GSN,0.9918944845473706,Oligo MOG GSN,
CACACAATCCCGTGTT-1,18,Oligo MOG OPALIN,0.999883390901168,Oligo MOG OPALIN,
CACAGATCAACGAGGT-1,2,Endo CLDN5 IL1R1,0.8010866226608951,Endo CLDN5 IL1R1,
CACAGATCAGCTGCCA-1,0,OPC PDGFRA PCDH15,0.9999999999989242,OPC PDGFRA PCDH15,
CACAGATTCCATGCAA-1,3,OPC PDGFRA PCDH15,0.9999999999997604,OPC PDGFRA PCDH15,
CACAGATTCCTTATCA-1,1,OPC PDGFRA PCDH15,0.999999999947025,OPC PDGFRA PCDH15,
CACATGACATGGTACT-1,22,L2-4 CUX2 RORB CLMN,0.4560264168397111,Oligo MOG OPALIN,
CACATGATCGGTAACT-1,15,Endo CLDN5 SLC7A5,0.8175552857062557,Endo CLDN5 SLC7A5,
CACCAAATCAACCTCC-1,16,Micro P2RY12 APBB1IP,0.9997315047606443,Micro P2RY12 APBB1IP,
CACGAATAGGACTTCT-1,9,Oligo MOG OPALIN,0.9999931181657492,Oligo MOG OPALIN,
CACGAATGTCAGCGTC-1,11,Astro AQP4 SLC1A2,0.5736254029274216,Astro AQP4 SLC1A2,
CACGGGTGTCGAATGG-1,8,Oligo MOG OPALIN,0.9999954062609216,Oligo MOG OPALIN,
CACGTTCAGAGGACTC-1,12,Oligo MOG GSN,0.9583765917755268,Oligo MOG GSN,
CACGTTCTCAGAACCT-1,1,OPC PDGFRA PCDH15,0.9999999999945111,OPC PDGFRA PCDH15,
CACTAAGCAGTAGAAT-1,18,Oligo MOG OPALIN,0.9756831545911534,Oligo MOG OPALIN,
CACTAAGGTCACAGAG-1,10,OPC PDGFRA PCDH15,0.999999999895941,OPC PDGFRA PCDH15,
CACTGAAGTAGAATAC-1,6,Oligo MOG OPALIN,0.9926398702180859,Oligo MOG OPALIN,
CACTGGGAGCTACTAC-1,2,Endo CLDN5 IL1R1,0.8953618902558529,Endo CLDN5 IL1R1,
CACTGGGAGGGAGATA-1,0,OPC PDGFRA PCDH15,0.9999999999911449,OPC PDGFRA PCDH15,
CACTGGGAGTAGTCCT-1,6,Oligo MOG OPALIN,0.9999645334552498,Oligo MOG OPALIN,
CACTGTCAGCTGGCTC-1,4,Oligo MOG GSN,0.9008817027881418,Oligo MOG GSN,
CACTTCGAGTCAGGGT-1,5,Oligo MOG GSN,0.9999979280590628,Oligo MOG GSN,
CACTTCGCAGTAACGG-1,6,Oligo MOG OPALIN,0.9989875625826252,Oligo MOG OPALIN,
CAGAGCCAGCGTCTCG-1,4,Oligo MOG GSN,0.9291431898623306,Oligo MOG GSN,
CAGAGCCCACAAATAG-1,2,Endo CLDN5 IL1R1,0.629856928451385,Endo CLDN5 IL1R1,
CAGATACCATGACTCA-1,10,OPC PDGFRA PCDH15,0.9999999999739204,OPC PDGFRA PCDH15,
CAGATCATCCGTGGTG-1,0,OPC PDGFRA PCDH15,0.942913851344476,OPC PDGFRA PCDH15,
CAGATTGTCGCAATGT-1,5,Oligo MOG GSN,0.9999997534607753,Oligo MOG GSN,
CAGCAATGTGCCTACG-1,1,OPC PDGFRA PCDH15,0.9999999999417033,OPC PDGFRA PCDH15,
CAGCAATTCAATGCAC-1,11,Astro GFAP AQP1,0.9857352809196757,Astro AQP4 SLC1A2,
CAGCACGAGATTCGAA-1,2,Endo CLDN5 IL1R1,0.4631886333918379,Endo CLDN5 IL1R1,
CAGCACGCAATGCAAA-1,12,Oligo MOG GSN,0.9998094166527424,Oligo MOG GSN,
CAGCACGCACGGCTAC-1,16,Micro P2RY12 APBB1IP,0.5226527584327567,Micro P2RY12 APBB1IP,
CAGCACGCAGACCCGT-1,18,Oligo MOG OPALIN,0.40461002100047816,Oligo MOG OPALIN,
CAGCAGCAGGGTCAAC-1,2,Endo CLDN5 IL1R1,0.3026942667385054,Endo CLDN5 IL1R1,
CAGCAGCAGTAAGACT-1,12,Oligo MOG OPALIN,0.9079009740873628,Oligo MOG GSN,
CAGCGTGAGCGATGCA-1,1,OPC PDGFRA PCDH15,0.9999999999970541,OPC PDGFRA PCDH15,
CAGCGTGAGGTGGTTG-1,11,Astro AQP4 SLC1A2,0.3768395132574177,Astro AQP4 SLC1A2,
CAGCGTGTCATAGGCT-1,8,Oligo MOG OPALIN,0.9988890675667348,Oligo MOG OPALIN,
CAGCGTGTCGCTGTTC-1,16,Macro F13A1 COLEC12,0.9999712795526979,Micro P2RY12 APBB1IP,
CAGGCCACAAAGGAGA-1,3,OPC PDGFRA PCDH15,0.9999999999997169,OPC PDGFRA PCDH15,
CAGGGCTCACTACACA-1,11,Astro AQP4 SLC1A2,0.6714964623274414,Astro AQP4 SLC1A2,
CAGGGCTTCCAGTTCC-1,1,OPC PDGFRA PCDH15,0.9999999999267066,OPC PDGFRA PCDH15,
CAGGTATGTCACCTTC-1,11,Astro GFAP AQP1,0.3482243140902526,Astro AQP4 SLC1A2,
CAGTGCGGTCTAATCG-1,17,Endo CLDN5 SLC7A5,0.99177921891224,Endo CLDN5 SLC7A5,
CAGTTAGTCGCCTTTG-1,5,Oligo MOG GSN,0.9986755858926659,Oligo MOG GSN,
CAGTTCCCAATAGGAT-1,0,OPC PDGFRA PCDH15,0.9999999999965323,OPC PDGFRA PCDH15,
CAGTTCCGTCGGCTAC-1,4,Oligo MOG GSN,0.9829239483209958,Oligo MOG GSN,
CAGTTCCGTCGTTATG-1,2,Endo CLDN5 SLC7A5,0.4690228529210649,Endo CLDN5 IL1R1,
CATACAGCACCTTCCA-1,3,OPC PDGFRA PCDH15,0.9999999999999953,OPC PDGFRA PCDH15,
CATACAGCAGAATCGG-1,2,Endo CLDN5 IL1R1,0.33098431418129887,Endo CLDN5 IL1R1,
CATACAGGTCTTCATT-1,5,Oligo MOG GSN,0.9999827763041441,Oligo MOG GSN,
CATACAGTCCTTATAC-1,13,PC P2RY14 GRM8,0.9999997868369491,PC P2RY14 GRM8,
CATACAGTCGTCTCAC-1,15,Endo CLDN5 SLC7A5,0.998559732083107,Endo CLDN5 SLC7A5,
CATACCCAGGAGTATT-1,18,Oligo MOG GSN,0.9955898385136084,Oligo MOG OPALIN,
CATACCCAGTTTAGGA-1,2,Endo CLDN5 IL1R1,0.3243020225569162,Endo CLDN5 IL1R1,
CATACCCTCGCTAAAC-1,23,Endo CLDN5 DKK2,0.999859499322379,Endo CLDN5 DKK2,
CATAGACAGCGCCTCA-1,17,Endo CLDN5 SLC7A5,0.9990963870774554,Endo CLDN5 SLC7A5,
CATAGACCAGGTTCAT-1,3,OPC PDGFRA PCDH15,0.9999999999974707,OPC PDGFRA PCDH15,
CATAGACCAGTGTGGA-1,15,Endo CLDN5 SLC7A5,0.9778597409191093,Endo CLDN5 SLC7A5,
CATAGACCATAATGCC-1,9,Oligo MOG OPALIN,0.9997277169210043,Oligo MOG OPALIN,
CATCAAGAGGGTTAGC-1,9,Oligo MOG OPALIN,0.9993743692165411,Oligo MOG OPALIN,
CATCCACAGGTAATCA-1,7,Oligo MOG OPALIN,0.9999736477365961,Oligo MOG OPALIN,
CATCCACTCAGGAAAT-1,13,PC P2RY14 GRM8,0.999998344852362,PC P2RY14 GRM8,
CATCCCAAGTACAGCG-1,15,Oligo MOG OPALIN,0.504883375000723,Endo CLDN5 SLC7A5,
CATCCGTTCGGACTGC-1,0,OPC PDGFRA PCDH15,0.9999999999702023,OPC PDGFRA PCDH15,
CATCGCTCAAGAGAGA-1,0,OPC PDGFRA PCDH15,0.9999999999999583,OPC PDGFRA PCDH15,
CATCGCTGTACCCACG-1,3,OPC PDGFRA PCDH15,0.9999999999997089,OPC PDGFRA PCDH15,
CATCGCTGTCCACATA-1,3,OPC PDGFRA PCDH15,0.9999999999999798,OPC PDGFRA PCDH15,
CATCGCTTCCTTATCA-1,5,Oligo MOG GSN,0.999998536586679,Oligo MOG GSN,
CATCGTCAGCAGAAAG-1,9,Oligo MOG OPALIN,0.9997228636628048,Oligo MOG OPALIN,
CATCGTCGTCATGCAT-1,8,Oligo MOG OPALIN,0.999988890739949,Oligo MOG OPALIN,
CATCGTCTCCGAACGC-1,17,Endo CLDN5 SLC7A5,0.936876575528576,Endo CLDN5 SLC7A5,
CATGAGTGTTGCTCGG-1,0,OPC PDGFRA PCDH15,0.9999999993805084,OPC PDGFRA PCDH15,
CATGCAAAGGTTGCCC-1,6,Oligo MOG OPALIN,0.9926435236614569,Oligo MOG OPALIN,
CATGCAACAGGTGACA-1,4,Oligo MOG GSN,0.8112233281005147,Oligo MOG GSN,
CATGCAAGTACCCGCA-1,15,Endo CLDN5 SLC7A5,0.9797726499648172,Endo CLDN5 SLC7A5,
CATGCAAGTAGATTAG-1,18,Oligo MOG OPALIN,0.8126019399003888,Oligo MOG OPALIN,
CATGCAAGTAGCGAGT-1,15,Endo CLDN5 SLC7A5,0.939181118118378,Endo CLDN5 SLC7A5,
CATGCAAGTCGAGCTC-1,16,Micro P2RY12 APBB1IP,0.9904513630711154,Micro P2RY12 APBB1IP,
CATGCCTCATGAGATA-1,12,Oligo MOG GSN,0.9973461409228996,Oligo MOG GSN,
CATGCGGAGGGTCACA-1,2,Endo CLDN5 IL1R1,0.303737985885403,Endo CLDN5 IL1R1,
CATGCGGCAGACCAAG-1,2,Endo CLDN5 IL1R1,0.4142558986779319,Endo CLDN5 IL1R1,
CATGGATAGCGTCGAA-1,2,Endo CLDN5 IL1R1,0.7683184001909024,Endo CLDN5 IL1R1,
CATGGTAAGGACTAAT-1,3,OPC PDGFRA PCDH15,0.9999999999999525,OPC PDGFRA PCDH15,
CATTCCGCAGGTTTAC-1,4,Oligo MOG GSN,0.7144760981459313,Oligo MOG GSN,
CATTCTAAGTGGACGT-1,18,Oligo MOG GSN,0.9738195169670344,Oligo MOG OPALIN,
CATTCTAGTTTCGCTC-1,10,OPC PDGFRA PCDH15,0.9999999999971219,OPC PDGFRA PCDH15,
CATTCTATCCCGAATA-1,11,Astro AQP4 SLC1A2,0.5062611268151908,Astro AQP4 SLC1A2,
CATTCTATCGACGCGT-1,20,OPC PDGFRA PCDH15,0.9999999985555186,OPC PDGFRA PCDH15,
CATTGCCCATGGAACG-1,5,Oligo MOG GSN,0.9999999748807644,Oligo MOG GSN,
CATTGTTAGGATTTAG-1,1,OPC PDGFRA PCDH15,0.9999999999997258,OPC PDGFRA PCDH15,
CATTGTTTCTGGAGAG-1,14,Endo CLDN5 SLC7A5,0.369585101873897,Astro AQP4 SLC1A2,
CATTTCAAGTCAACAA-1,10,OPC PDGFRA PCDH15,0.9999999999999216,OPC PDGFRA PCDH15,
CATTTCACAATCGCCG-1,19,Endo CLDN5 SLC7A5,0.8333636671264276,Endo CLDN5 SLC7A5,
CATTTCACAATGGGTG-1,0,OPC PDGFRA PCDH15,0.9999999999785358,OPC PDGFRA PCDH15,
CCAAGCGCATGTCAGT-1,5,Oligo MOG GSN,0.9995442516516867,Oligo MOG GSN,
CCAAGCGTCCACCCTA-1,17,Endo CLDN5 SLC7A5,0.9998493240573214,Endo CLDN5 SLC7A5,
CCAATTTAGGGAGGAC-1,3,OPC PDGFRA PCDH15,0.9999999999999287,OPC PDGFRA PCDH15,
CCAATTTAGTGTACAA-1,16,Micro P2RY12 GLDN,0.87923783616024,Micro P2RY12 APBB1IP,
CCAATTTGTCAACACT-1,5,Oligo MOG GSN,0.9999978062558529,Oligo MOG GSN,
CCAATTTGTCGAACGA-1,3,OPC PDGFRA PCDH15,0.9999999999999982,OPC PDGFRA PCDH15,
CCAATTTTCACGTCCT-1,7,Oligo MOG OPALIN,0.9999978161512176,Oligo MOG OPALIN,
CCACAAAGTTATAGAG-1,12,Oligo MOG GSN,0.9971503085234,Oligo MOG GSN,
CCACGTTTCACCGACG-1,2,Endo CLDN5 SLC7A5,0.4805746094913385,Endo CLDN5 IL1R1,
CCACTTGGTTCTCCCA-1,2,Endo CLDN5 IL1R1,0.46578901218134483,Endo CLDN5 IL1R1,
CCACTTGTCGTCTAAG-1,0,OPC PDGFRA PCDH15,0.9999999999962041,OPC PDGFRA PCDH15,
CCATCACGTGTTCAGT-1,19,Oligo MOG OPALIN,0.47126180848087473,Endo CLDN5 SLC7A5,
CCCAACTCACTTCAAG-1,3,OPC PDGFRA PCDH15,0.9999999999964815,OPC PDGFRA PCDH15,
CCCAACTGTAGCGTCC-1,4,Oligo MOG OPALIN,0.7169658805494075,Oligo MOG GSN,
CCCAACTTCTTCGGTC-1,18,Oligo MOG FRY,0.9944174590151014,Oligo MOG OPALIN,
CCCGGAAAGTGGCGAT-1,8,Oligo MOG OPALIN,0.9996459427207696,Oligo MOG OPALIN,
CCCGGAATCCGTAATG-1,3,OPC PDGFRA PCDH15,0.999999999999605,OPC PDGFRA PCDH15,
CCCTAACCAGAGTTCT-1,23,Endo CLDN5 DKK2,0.9942238942711182,Endo CLDN5 DKK2,
CCCTCAATCGCATAGT-1,2,Endo CLDN5 IL1R1,0.6370377000731532,Endo CLDN5 IL1R1,
CCCTCTCAGGTCCCGT-1,4,Oligo MOG OPALIN,0.7124179477630329,Oligo MOG GSN,
CCCTCTCCAACAGAGC-1,6,Oligo MOG OPALIN,0.8083360997696634,Oligo MOG OPALIN,
CCCTCTCCATACAGAA-1,7,Oligo MOG OPALIN,0.9978926249180564,Oligo MOG OPALIN,
CCCTCTCGTAACCAGG-1,1,OPC PDGFRA PCDH15,0.9999999999999767,OPC PDGFRA PCDH15,
CCCTGATAGATGGGCT-1,19,L2-3 CUX2 NTNG1 PALMD,0.38740908041844185,Endo CLDN5 SLC7A5,
CCCTTAGCAATCGCAT-1,5,Oligo MOG GSN,0.9999999298563205,Oligo MOG GSN,
CCGAACGAGACACACG-1,10,OPC PDGFRA PCDH15,0.9999999999998133,OPC PDGFRA PCDH15,
CCGAACGAGCCTATCA-1,10,OPC PDGFRA PCDH15,0.999999999999954,OPC PDGFRA PCDH15,
CCGAACGAGTGAGGCT-1,19,Endo CLDN5 SLC7A5,0.8370279005783653,Endo CLDN5 SLC7A5,
CCGATCTCACGAAGAC-1,5,Oligo MOG GSN,0.9986568081495283,Oligo MOG GSN,
CCGATCTGTAATGATG-1,9,Oligo MOG OPALIN,0.9999998915614468,Oligo MOG OPALIN,
CCGATGGCAGAGGTTG-1,14,Astro AQP4 SLC1A2,0.6681485994959605,Astro AQP4 SLC1A2,
CCGCAAGAGGATGCGT-1,5,Oligo MOG GSN,0.9999927797509965,Oligo MOG GSN,
CCGCAAGCACGTAGAG-1,8,Oligo MOG OPALIN,0.9994366126149675,Oligo MOG OPALIN,
CCGGACACACGTCGGT-1,20,OPC PDGFRA PCDH15,0.9999999975266836,OPC PDGFRA PCDH15,
CCGGGTATCGGACGTC-1,0,OPC PDGFRA PCDH15,0.9999999999506275,OPC PDGFRA PCDH15,
CCGGTAGAGTCATCGT-1,8,Oligo MOG OPALIN,0.9993230855412983,Oligo MOG OPALIN,
CCGGTAGTCGTCTCAC-1,8,Oligo MOG OPALIN,0.9991963305082092,Oligo MOG OPALIN,
CCGGTGAAGGTCCGAA-1,12,Oligo MOG GSN,0.9470607261930015,Oligo MOG GSN,
CCGGTGATCAATGCAC-1,7,Oligo MOG OPALIN,0.9999756433678934,Oligo MOG OPALIN,
CCGGTGATCACTTATC-1,3,OPC PDGFRA PCDH15,0.9999999999999722,OPC PDGFRA PCDH15,
CCGTAGGCATAACAGA-1,13,PC P2RY14 GRM8,0.9999090939639084,PC P2RY14 GRM8,
CCGTAGGGTGGTCCGT-1,11,Astro AQP4 SLC1A2,0.3868340713402813,Astro AQP4 SLC1A2,
CCGTGAGCAGAATGTA-1,2,Endo CLDN5 IL1R1,0.9133565825075065,Endo CLDN5 IL1R1,
CCGTGAGGTGTCCTAA-1,8,Oligo MOG OPALIN,0.9976710852890336,Oligo MOG OPALIN,
CCGTTCACACATTCTT-1,4,Oligo MOG OPALIN,0.8268413889865873,Oligo MOG GSN,
CCGTTCACATAGACTC-1,16,Macro F13A1 COLEC12,0.9999892790891751,Micro P2RY12 APBB1IP,
CCTAACCTCAAGGAGC-1,10,OPC PDGFRA PCDH15,0.9999999999991627,OPC PDGFRA PCDH15,
CCTAACCTCAGCTCTC-1,7,Oligo MOG OPALIN,0.9999941115355235,Oligo MOG OPALIN,
CCTAAGAAGTGGATAT-1,3,OPC PDGFRA PCDH15,0.9999999999520244,OPC PDGFRA PCDH15,
CCTAAGAGTTAGAGTA-1,19,Endo CLDN5 IL1R1,0.3155369061179215,Endo CLDN5 SLC7A5,
CCTCAACCAAGCACCC-1,7,Oligo MOG OPALIN,0.9998696471058474,Oligo MOG OPALIN,
CCTCACAAGTACTGTC-1,0,OPC PDGFRA PCDH15,0.9999999991071049,OPC PDGFRA PCDH15,
CCTCAGTGTTTGCCGG-1,15,Oligo MOG OPALIN,0.5300305064666146,Endo CLDN5 SLC7A5,
CCTCATGAGTTGAATG-1,6,Oligo MOG OPALIN,0.9998269195956255,Oligo MOG OPALIN,
CCTCATGCAACGGTAG-1,2,Endo CLDN5 IL1R1,0.48344452822928957,Endo CLDN5 IL1R1,
CCTCATGGTAGCTAAA-1,19,Endo CLDN5 SLC7A5,0.8180981145504845,Endo CLDN5 SLC7A5,
CCTCATGGTCAAATCC-1,21,Astro AQP4 SLC1A2,0.7040118248094326,Astro AQP4 SLC1A2,
CCTCCAAAGGCGCTTC-1,1,OPC PDGFRA PCDH15,0.9999999999999889,OPC PDGFRA PCDH15,
CCTCCAAAGTCTGCAT-1,14,Astro GFAP AQP1,0.9996208181533974,Astro AQP4 SLC1A2,
CCTCCTCTCGCTTAAG-1,14,L2-3 CUX2 ACVR1C THSD7A,0.4363179940138534,Astro AQP4 SLC1A2,
CCTCTAGCAGGCACAA-1,6,Oligo MOG GSN,0.5096458509487849,Oligo MOG OPALIN,
CCTCTAGTCGGTCGGT-1,13,PC P2RY14 GRM8,0.9999987807993546,PC P2RY14 GRM8,
CCTCTCCCACAGCTGC-1,3,OPC PDGFRA PCDH15,0.999999999999954,OPC PDGFRA PCDH15,
CCTCTCCTCGCTTGCT-1,8,Oligo MOG OPALIN,0.9999814317179605,Oligo MOG OPALIN,
CCTCTCCTCGGCCCAA-1,9,Oligo MOG OPALIN,0.9974574449290126,Oligo MOG OPALIN,
CCTGCATAGGAAGTGA-1,14,Astro AQP4 SLC1A2,0.3510112172481404,Astro AQP4 SLC1A2,
CCTGTTGCAATCTCTT-1,13,VLMC COL1A2 VLMCA8,0.5199916392898719,PC P2RY14 GRM8,
CCTGTTGCACTTCCTG-1,17,T SKAP1 CD247,0.6091030919279823,Endo CLDN5 SLC7A5,
CCTGTTGTCTACCAGA-1,5,Oligo MOG GSN,0.9999999342568943,Oligo MOG GSN,
CCTGTTGTCTGGTGCG-1,3,OPC PDGFRA PCDH15,0.9999999999999483,OPC PDGFRA PCDH15,
CCTTCAGAGAATCGCG-1,20,OPC PDGFRA PCDH15,0.9999999906408558,OPC PDGFRA PCDH15,
CCTTCAGCACACGGTC-1,7,Oligo MOG OPALIN,0.9999851193977746,Oligo MOG OPALIN,
CCTTGTGCAGTTAGGG-1,5,Oligo MOG GSN,0.999831626064746,Oligo MOG GSN,
CCTTTGGAGACGCATG-1,13,PC P2RY14 GRM8,0.4128489337794977,PC P2RY14 GRM8,
CCTTTGGTCATCGTAG-1,5,Oligo MOG GSN,0.9998978847672065,Oligo MOG GSN,
CGAAGGAAGATCGGTG-1,18,Oligo MOG OPALIN,0.9959571398145118,Oligo MOG OPALIN,
CGAAGGAGTCAATGGG-1,13,PC P2RY14 GRM8,0.9999994308128792,PC P2RY14 GRM8,
CGAAGTTCACTCTCGT-1,23,Endo CLDN5 IL1R1,0.7246287295935632,Endo CLDN5 DKK2,
CGAAGTTGTACCTAGT-1,20,OPC PDGFRA PCDH15,0.8980169852712981,OPC PDGFRA PCDH15,
CGAATTGAGCACAAAT-1,14,Astro GFAP AQP1,0.8315146605452362,Astro AQP4 SLC1A2,
CGAATTGTCTGTAACG-1,7,Oligo MOG OPALIN,0.9990596648906369,Oligo MOG OPALIN,
CGACAGCAGCATCAAA-1,6,Oligo MOG OPALIN,0.7546955541992383,Oligo MOG OPALIN,
CGACAGCGTCTCTCTG-1,2,Endo CLDN5 IL1R1,0.4192480204636233,Endo CLDN5 IL1R1,
CGAGAAGAGGAACGAA-1,1,OPC PDGFRA PCDH15,0.9999999999986555,OPC PDGFRA PCDH15,
CGAGAAGAGTCACACT-1,8,Oligo MOG OPALIN,0.9985431076295016,Oligo MOG OPALIN,
CGAGGAAAGCGTGCCT-1,10,OPC PDGFRA PCDH15,0.9999999999998501,OPC PDGFRA PCDH15,
CGAGGAAGTACGATGG-1,11,Astro GFAP AQP1,0.3262925676100772,Astro AQP4 SLC1A2,
CGAGGAATCGCATGAT-1,5,Oligo MOG GSN,0.9999999864720401,Oligo MOG GSN,
CGAGGCTCAATCGCCG-1,4,Oligo MOG OPALIN,0.9946299247132004,Oligo MOG GSN,
CGAGTTATCCCAGGCA-1,18,Oligo MOG OPALIN,0.9872882206429094,Oligo MOG OPALIN,
CGATCGGAGTCAGAGC-1,20,OPC PDGFRA PCDH15,0.9999999758933754,OPC PDGFRA PCDH15,
CGATCGGGTAGATCCT-1,1,OPC PDGFRA PCDH15,0.9999999999955658,OPC PDGFRA PCDH15,
CGATCGGTCGTTCCTG-1,9,Oligo MOG OPALIN,0.9970119450978645,Oligo MOG OPALIN,
CGATGCGTCTCTGCCA-1,14,Astro AQP4 SLC1A2,0.9274999994023154,Astro AQP4 SLC1A2,
CGATGGCGTCATATGC-1,6,Oligo MOG GSN,0.5624743000716835,Oligo MOG OPALIN,
CGATGGCTCGCCGAGT-1,1,OPC PDGFRA PCDH15,0.9999999999970621,OPC PDGFRA PCDH15,
CGATGGCTCTGGTGGC-1,5,Oligo MOG GSN,0.9999998413546921,Oligo MOG GSN,
CGCAGGTTCAAGCCAT-1,7,Oligo MOG OPALIN,0.9808755752441684,Oligo MOG OPALIN,
CGCCAGAAGGGCATGT-1,2,Endo CLDN5 IL1R1,0.5301375690526449,Endo CLDN5 IL1R1,
CGCCAGATCAGACCGC-1,3,OPC PDGFRA PCDH15,0.9999999999990583,OPC PDGFRA PCDH15,
CGCCATTAGAAGTCAT-1,9,Oligo MOG OPALIN,0.8144023153732727,Oligo MOG OPALIN,
CGGAACCAGCGCAATG-1,7,Oligo MOG OPALIN,0.8914150765292873,Oligo MOG OPALIN,
CGGAACCAGTCGAATA-1,7,Oligo MOG OPALIN,0.9998788202750394,Oligo MOG OPALIN,
CGGAACCTCGTGGGTC-1,13,PC P2RY14 GRM8,0.9999383725533697,PC P2RY14 GRM8,
CGGAATTGTTGGTACT-1,3,OPC PDGFRA PCDH15,0.9999999999999354,OPC PDGFRA PCDH15,
CGGAATTTCGGCCCAA-1,0,OPC PDGFRA PCDH15,0.9999999504450447,OPC PDGFRA PCDH15,
CGGACACGTGTAACGG-1,0,OPC PDGFRA PCDH15,0.9999999999995597,OPC PDGFRA PCDH15,
CGGACACTCGGACAAG-1,0,OPC PDGFRA PCDH15,0.9999999999929787,OPC PDGFRA PCDH15,
CGGAGAAAGCTATCCA-1,20,OPC PDGFRA PCDH15,0.9999999999989244,OPC PDGFRA PCDH15,
CGGAGAATCTTCGTGC-1,23,OPC PDGFRA PCDH15,0.999999999943795,Endo CLDN5 DKK2,
CGGCAGTGTTTCGCTC-1,13,PC P2RY14 GRM8,0.9999957134657675,PC P2RY14 GRM8,
CGGGACTCATGTAACC-1,11,Astro AQP4 SLC1A2,0.5606033806034085,Astro AQP4 SLC1A2,
CGGGCATAGCGTGCTC-1,12,Oligo MOG GSN,0.999994150792522,Oligo MOG GSN,
CGGGTCACATGTTACG-1,2,InN VIP EXPH5,0.33348925949825725,Endo CLDN5 IL1R1,
CGGGTGTAGACTCGAG-1,21,L2-3 CUX2 NTNG1 PALMD,0.40001351654382433,Astro AQP4 SLC1A2,
CGGGTGTCAATCACGT-1,1,OPC PDGFRA PCDH15,0.999999999999879,OPC PDGFRA PCDH15,
CGGGTGTTCCATCACC-1,3,OPC PDGFRA PCDH15,0.9999999999981382,OPC PDGFRA PCDH15,
CGGTCAGGTACCGGCT-1,3,OPC PDGFRA PCDH15,0.9999999999982485,OPC PDGFRA PCDH15,
CGGTCAGTCCTAACAG-1,9,Oligo MOG OPALIN,0.6311941515575836,Oligo MOG OPALIN,
CGTAATGAGAGAGCAA-1,20,OPC PDGFRA PCDH15,0.9999424494629683,OPC PDGFRA PCDH15,
CGTAATGGTGTTGATC-1,6,Oligo MOG OPALIN,0.9458081645587731,Oligo MOG OPALIN,
CGTAATGTCATCGACA-1,1,OPC PDGFRA PCDH15,0.999999999999992,OPC PDGFRA PCDH15,
CGTAGTACATGACCCG-1,5,Oligo MOG GSN,0.9999908462063405,Oligo MOG GSN,
CGTGAATCAGGTTTAC-1,1,OPC PDGFRA PCDH15,0.9999999999106486,OPC PDGFRA PCDH15,
CGTGATAAGCCATATC-1,20,OPC PDGFRA PCDH15,0.9999999999100684,OPC PDGFRA PCDH15,
CGTGATACACTCACTC-1,7,Oligo MOG OPALIN,0.9829968977546891,Oligo MOG OPALIN,
CGTGATAGTTGAGAGC-1,14,Astro AQP4 SLC1A2,0.6374763401550455,Astro AQP4 SLC1A2,
CGTGATATCACAGAGG-1,0,OPC PDGFRA PCDH15,0.9999999999991032,OPC PDGFRA PCDH15,
CGTGTCTGTATCAGCT-1,18,Oligo MOG OPALIN,0.9322451099584996,Oligo MOG OPALIN,
CGTTAGAAGCATTTGC-1,8,Oligo MOG OPALIN,0.9999404386235035,Oligo MOG OPALIN,
CGTTAGAGTAAGAACT-1,14,Astro AQP4 SLC1A2,0.45978093423392963,Astro AQP4 SLC1A2,
CGTTCTGGTGCGAGTA-1,12,Oligo MOG GSN,0.8788708143203716,Oligo MOG GSN,
CGTTCTGTCACTGTCC-1,12,Oligo MOG GSN,0.9953660983576311,Oligo MOG GSN,
CGTTGGGAGCCTGTGC-1,5,Oligo MOG GSN,0.9999998516802775,Oligo MOG GSN,
CTAACCCAGCAACAAT-1,0,OPC PDGFRA PCDH15,0.9999999996198552,OPC PDGFRA PCDH15,
CTAACCCAGCAACAGC-1,5,Oligo MOG GSN,0.9999845724833182,Oligo MOG GSN,
CTAACCCCAAGCGAAC-1,3,OPC PDGFRA PCDH15,0.999999999999736,OPC PDGFRA PCDH15,
CTAACTTTCTCGGTAA-1,17,Endo CLDN5 SLC7A5,0.9997852551557521,Endo CLDN5 SLC7A5,
CTACAGACAAGCTCTA-1,8,Oligo MOG OPALIN,0.9999746866694758,Oligo MOG OPALIN,
CTACAGAGTTATCTGG-1,0,OPC PDGFRA PCDH15,0.9999999999994789,OPC PDGFRA PCDH15,
CTACATTTCCATAGGT-1,14,Astro GFAP FABP7,0.6991619543574545,Astro AQP4 SLC1A2,
CTACATTTCCGCAAAT-1,3,OPC PDGFRA PCDH15,0.9999999999998974,OPC PDGFRA PCDH15,
CTACATTTCGGTAGAG-1,9,Oligo MOG OPALIN,0.9986527650089171,Oligo MOG OPALIN,
CTACCCACAAAGAACT-1,12,Oligo MOG GSN,0.9999893654887011,Oligo MOG GSN,
CTACCCACATCGAGCC-1,4,Oligo MOG OPALIN,0.9950442726530311,Oligo MOG GSN,
CTACCCAGTAGAATAC-1,6,Oligo MOG OPALIN,0.9985800364464925,Oligo MOG OPALIN,
CTACCTGAGTTTCGGT-1,9,Oligo MOG OPALIN,0.9996573001163365,Oligo MOG OPALIN,
CTACCTGTCATCTATC-1,0,OPC PDGFRA PCDH15,0.9999999999904277,OPC PDGFRA PCDH15,
CTACGGGAGTTTCAGC-1,11,Astro AQP4 SLC1A2,0.6442114274431724,Astro AQP4 SLC1A2,
CTACGGGGTAACTTCG-1,16,Micro P2RY12 CCL3,0.33176189148412366,Micro P2RY12 APBB1IP,
CTACTATGTTGCATCA-1,3,OPC PDGFRA PCDH15,0.9999999999998508,OPC PDGFRA PCDH15,
CTACTATTCAAGTAAG-1,6,Oligo MOG OPALIN,0.9999988786959105,Oligo MOG OPALIN,
CTAGACAGTGCCCAGT-1,2,Endo CLDN5 IL1R1,0.3160220257192266,Endo CLDN5 IL1R1,
CTAGGTAAGTGATGGC-1,14,Astro AQP4 SLC1A2,0.9213730485907138,Astro AQP4 SLC1A2,
CTAGGTAAGTTCCGGC-1,8,Oligo MOG OPALIN,0.998664137718557,Oligo MOG OPALIN,
CTAGGTACAAGAGTAT-1,22,Oligo MOG OPALIN,0.41953052810497693,Oligo MOG OPALIN,
CTATAGGAGTCGGCAA-1,2,L5-6 FEZF2 NXPH2 GRIK1,0.3137425627670848,Endo CLDN5 IL1R1,
CTATAGGGTGGGCTTC-1,11,Astro AQP4 SLC1A2,0.9386745924341372,Astro AQP4 SLC1A2,
CTATCTATCCGGACTG-1,16,Micro P2RY12 APBB1IP,0.4493490818483298,Micro P2RY12 APBB1IP,
CTCAACCCACTCCTGT-1,3,OPC PDGFRA PCDH15,0.9999999999999927,OPC PDGFRA PCDH15,
CTCAAGACATGTCGTA-1,7,Oligo MOG OPALIN,0.9993164597678627,Oligo MOG OPALIN,
CTCAAGATCGTCCTCA-1,0,OPC PDGFRA PCDH15,0.9999999979425531,OPC PDGFRA PCDH15,
CTCAATTCATCTCAAG-1,12,Oligo MOG GSN,0.9956362774045332,Oligo MOG GSN,
CTCAATTCATGGAGAC-1,10,OPC PDGFRA PCDH15,0.9999999999963771,OPC PDGFRA PCDH15,
CTCACTGCAAGTTTGC-1,13,PC P2RY14 GRM8,0.908006251780172,PC P2RY14 GRM8,
CTCACTGCAATACCTG-1,15,Endo CLDN5 SLC7A5,0.9485465493748765,Endo CLDN5 SLC7A5,
CTCACTGCACACAGAG-1,0,OPC PDGFRA PCDH15,0.9999999998337605,OPC PDGFRA PCDH15,
CTCACTGCATAATGCC-1,7,Oligo MOG OPALIN,0.9999569935511707,Oligo MOG OPALIN,
CTCACTGGTCGGATTT-1,0,OPC PDGFRA PCDH15,0.9999999999978495,OPC PDGFRA PCDH15,
CTCAGGGAGTTCTCTT-1,16,Micro P2RY12 APBB1IP,0.9859513019633965,Micro P2RY12 APBB1IP,
CTCAGGGCAGCAGTGA-1,1,OPC PDGFRA PCDH15,0.9999999999965303,OPC PDGFRA PCDH15,
CTCATCGCAATGTGGG-1,4,Oligo MOG OPALIN,0.6138422620015104,Oligo MOG GSN,
CTCATCGGTGTACAGG-1,4,Oligo MOG GSN,0.8575007324632562,Oligo MOG GSN,
CTCATGCGTTTGCCGG-1,1,OPC PDGFRA PCDH15,0.9999999999999856,OPC PDGFRA PCDH15,
CTCATTAGTCAAAGAT-1,9,Oligo MOG OPALIN,0.9999614953393912,Oligo MOG OPALIN,
CTCATTATCCTGTTAT-1,16,T SKAP1 CD247,0.999999748192698,Micro P2RY12 APBB1IP,
CTCATTATCGTTCGCT-1,12,Oligo MOG GSN,0.8629984364961973,Oligo MOG GSN,
CTCCAACAGGATATGT-1,0,OPC PDGFRA PCDH15,0.9999999038511401,OPC PDGFRA PCDH15,
CTCCACATCGGAATGG-1,21,L2-3 CUX2 ACVR1C THSD7A,0.9937784285137272,Astro AQP4 SLC1A2,
CTCCATGAGGGTCAAC-1,12,Oligo MOG GSN,0.9999975814053595,Oligo MOG GSN,
CTCCATGCACTGTGAT-1,9,Oligo MOG OPALIN,0.9999946895480687,Oligo MOG OPALIN,
CTCCCAAAGACGGATC-1,4,Oligo MOG OPALIN,0.6170992032838719,Oligo MOG GSN,
CTCCCAACATTCACCC-1,16,Micro P2RY12 GLDN,0.6696775578834703,Micro P2RY12 APBB1IP,
CTCCCAAGTTCTCGCT-1,11,Astro AQP4 SLC1A2,0.9873611678844526,Astro AQP4 SLC1A2,
CTCCCAATCAGGGTAG-1,10,OPC PDGFRA PCDH15,0.9999999999884683,OPC PDGFRA PCDH15,
CTCCCAATCGGCCAAC-1,0,OPC PDGFRA PCDH15,0.9999999999955198,OPC PDGFRA PCDH15,
CTCCCTCTCGTACCTC-1,6,Oligo MOG OPALIN,0.9868825618183038,Oligo MOG OPALIN,
CTCCCTCTCTTCCCAG-1,3,OPC PDGFRA PCDH15,0.9999999999991411,OPC PDGFRA PCDH15,
CTCCTCCAGGCATCGA-1,16,Micro P2RY12 GLDN,0.3694347703598966,Micro P2RY12 APBB1IP,
CTCCTCCCAATTGGTC-1,3,OPC PDGFRA PCDH15,0.9999999999999152,OPC PDGFRA PCDH15,
CTCCTCCGTCTTCTAT-1,0,OPC PDGFRA PCDH15,0.9999999999880116,OPC PDGFRA PCDH15,
CTCCTTTCAATCTCGA-1,8,Oligo MOG OPALIN,0.9999652230728355,Oligo MOG OPALIN,
CTCTCAGAGTAGTCCT-1,7,Oligo MOG OPALIN,0.999992389743478,Oligo MOG OPALIN,
CTCTCAGCAAGATCCT-1,9,Oligo MOG OPALIN,0.9999961410960394,Oligo MOG OPALIN,
CTCTCGATCCAAAGGG-1,20,OPC PDGFRA PCDH15,0.9999999066309674,OPC PDGFRA PCDH15,
CTCTGGTCAAGCGATG-1,0,OPC PDGFRA PCDH15,0.9999999999832299,OPC PDGFRA PCDH15,
CTCTGGTCAGCGTGCT-1,22,L2-3 CUX2 NTNG1 PALMD,0.8273316138547665,Oligo MOG OPALIN,
CTCTGGTGTCATCCCT-1,3,OPC PDGFRA PCDH15,0.9999999999999745,OPC PDGFRA PCDH15,
CTGAATGAGATAGGGA-1,12,Oligo MOG GSN,0.9923287309291596,Oligo MOG GSN,
CTGAATGCACAATCTG-1,3,OPC PDGFRA PCDH15,0.9999999999999067,OPC PDGFRA PCDH15,
CTGAGGCTCCTACCGT-1,6,Oligo MOG OPALIN,0.9617698764282094,Oligo MOG OPALIN,
CTGATCCCACGCGGTT-1,10,OPC PDGFRA PCDH15,0.9999999999996916,OPC PDGFRA PCDH15,
CTGATCCCACTGCATA-1,22,Oligo MOG OPALIN,0.6852993724347323,Oligo MOG OPALIN,
CTGCAGGTCGGATACT-1,1,OPC PDGFRA PCDH15,0.9999999981275798,OPC PDGFRA PCDH15,
CTGCATCCATTACGGT-1,18,Oligo MOG OPALIN,0.5342286761883863,Oligo MOG OPALIN,
CTGCCATAGGGAGGGT-1,0,OPC PDGFRA PCDH15,0.9999999995784856,OPC PDGFRA PCDH15,
CTGCCATCATGGCCAC-1,18,Oligo MOG OPALIN,0.9998863892760089,Oligo MOG OPALIN,
CTGCCATTCACGAACT-1,13,SMC ACTA2 CNN1,0.9991233086629127,PC P2RY14 GRM8,
CTGCCTAAGCCGCACT-1,14,Astro AQP4 SLC1A2,0.9950250268308326,Astro AQP4 SLC1A2,
CTGCCTAGTCGCACAC-1,3,OPC PDGFRA PCDH15,0.9999999999998961,OPC PDGFRA PCDH15,
CTGCGAGTCTTTGCTA-1,2,Endo CLDN5 IL1R1,0.4082071683980883,Endo CLDN5 IL1R1,
CTGCTCACACCATATG-1,5,Oligo MOG GSN,0.9999999929690335,Oligo MOG GSN,
CTGCTCATCCGATAGT-1,9,Oligo MOG OPALIN,0.9867044223954236,Oligo MOG OPALIN,
CTGGACGTCACAATGC-1,1,OPC PDGFRA PCDH15,0.9999999999996958,OPC PDGFRA PCDH15,
CTGGTCTAGGACACTG-1,7,Oligo MOG OPALIN,0.9295699175824242,Oligo MOG OPALIN,
CTGGTCTGTAGAGACC-1,3,OPC PDGFRA PCDH15,0.9999999999996514,OPC PDGFRA PCDH15,
CTGTACCGTACGATTC-1,8,Oligo MOG OPALIN,0.9983655964754451,Oligo MOG OPALIN,
CTGTACCGTGACAGCA-1,17,Endo CLDN5 SLC7A5,0.9449594913874654,Endo CLDN5 SLC7A5,
CTGTATTCATCAGCAT-1,13,PC P2RY14 GRM8,0.9999998236984451,PC P2RY14 GRM8,
CTGTATTGTTCGCGTG-1,2,Endo CLDN5 IL1R1,0.3474075935949179,Endo CLDN5 IL1R1,
CTGTCGTAGGTCACTT-1,14,Astro AQP4 SLC1A2,0.9556675285328203,Astro AQP4 SLC1A2,
CTGTCGTCACCAGCCA-1,1,OPC PDGFRA PCDH15,0.9999999999879141,OPC PDGFRA PCDH15,
CTGTCGTCATCATCCC-1,1,OPC PDGFRA PCDH15,0.9999999999933888,OPC PDGFRA PCDH15,
CTGTCGTGTATGACAA-1,7,Oligo MOG OPALIN,0.9967456648173791,Oligo MOG OPALIN,
CTGTGAACAACCGCTG-1,8,Oligo MOG OPALIN,0.9944789646908436,Oligo MOG OPALIN,
CTGTGGGGTGAATTAG-1,18,Oligo MOG GSN,0.9956815885010225,Oligo MOG OPALIN,
CTTACCGCAAGCGCAA-1,9,Oligo MOG OPALIN,0.9421502830438263,Oligo MOG OPALIN,
CTTAGGAGTCATCCCT-1,1,OPC PDGFRA PCDH15,0.9999999999984128,OPC PDGFRA PCDH15,
CTTAGGATCTAGTACG-1,2,Endo CLDN5 IL1R1,0.5613060860679563,Endo CLDN5 IL1R1,
CTTCAATCAACCCTAA-1,17,Endo CLDN5 SLC7A5,0.9541491168357664,Endo CLDN5 SLC7A5,
CTTCCGACAGAGGCAT-1,4,Oligo MOG GSN,0.999661496164137,Oligo MOG GSN,
CTTCCTTCAGCGAGTA-1,11,Astro AQP4 SLC1A2,0.5027892094811988,Astro AQP4 SLC1A2,
CTTCTAACAAATCAAG-1,4,Oligo MOG GSN,0.9453572864199487,Oligo MOG GSN,
CTTCTCTTCTTACGTT-1,8,Oligo MOG OPALIN,0.9830840031523749,Oligo MOG OPALIN,
CTTGAGAGTAGCTGAG-1,12,Oligo MOG GSN,0.7203695936859005,Oligo MOG GSN,
CTTGAGATCGTGCACG-1,6,Oligo MOG OPALIN,0.9998133383757499,Oligo MOG OPALIN,
CTTGAGATCTGTCTCG-1,16,Micro P2RY12 APBB1IP,0.9996416710819501,Micro P2RY12 APBB1IP,
CTTGATTAGGAGCAAA-1,4,Oligo MOG OPALIN,0.5584858210314895,Oligo MOG GSN,
CTTGATTCAGCAAGAC-1,21,InN LAMP5 BMP7,0.9990704298874363,Astro AQP4 SLC1A2,
CTTTCAAGTGCCCTTT-1,1,OPC PDGFRA PCDH15,0.9999999999996394,OPC PDGFRA PCDH15,
CTTTCGGCATTCTCCG-1,1,OPC PDGFRA PCDH15,0.9999999999997295,OPC PDGFRA PCDH15,
CTTTCGGGTGCTAGCC-1,1,OPC PDGFRA PCDH15,0.9999999999892533,OPC PDGFRA PCDH15,
CTTTCGGGTGGCGTAA-1,20,OPC PDGFRA PCDH15,0.9999970894660077,OPC PDGFRA PCDH15,
CTTTCGGTCACCTGGG-1,19,Endo CLDN5 IL1R1,0.8321899226172238,Endo CLDN5 SLC7A5,
CTTTCGGTCCATTGGA-1,1,OPC PDGFRA PCDH15,0.9999999999249767,OPC PDGFRA PCDH15,
GAAACCTAGAGGGCGA-1,20,OPC PDGFRA PCDH15,0.999997563971636,OPC PDGFRA PCDH15,
GAAACCTAGCTGCCTG-1,21,InN LAMP5 LHX6 PROX1,0.42170435933884626,Astro AQP4 SLC1A2,
GAAACCTTCGTAGTGT-1,11,Astro AQP4 SLC1A2,0.905283038066694,Astro AQP4 SLC1A2,
GAAACCTTCTGTGCTC-1,16,Myeloid LSP1 LYZ,0.9973909184912635,Micro P2RY12 APBB1IP,
GAACACTGTGCAACGA-1,2,Endo CLDN5 IL1R1,0.4495015895343586,Endo CLDN5 IL1R1,
GAACGTTCATTAGGAA-1,4,Oligo MOG OPALIN,0.9815432842967329,Oligo MOG GSN,
GAACTGTAGCGTTACT-1,12,Oligo MOG GSN,0.9987858747728806,Oligo MOG GSN,
GAACTGTAGGTACATA-1,5,Oligo MOG GSN,0.9999385554873109,Oligo MOG GSN,
GAACTGTGTGCCGTAC-1,6,Oligo MOG OPALIN,0.9945785144988054,Oligo MOG OPALIN,
GAAGAATGTCACAGTT-1,5,Oligo MOG GSN,0.9999399404961304,Oligo MOG GSN,
GAAGCCCAGTAGACCG-1,0,OPC PDGFRA PCDH15,0.9999999999926759,OPC PDGFRA PCDH15,
GAAGCCCGTCTCAAGT-1,0,OPC PDGFRA PCDH15,0.9999999999970366,OPC PDGFRA PCDH15,
GAAGCGAAGAATGTTG-1,0,OPC PDGFRA PCDH15,0.9999999984866708,OPC PDGFRA PCDH15,
GAAGCGAAGTAGAGTT-1,3,OPC PDGFRA PCDH15,0.9999999999995965,OPC PDGFRA PCDH15,
GAAGCGACACATTGTG-1,1,OPC PDGFRA PCDH15,0.999999999989543,OPC PDGFRA PCDH15,
GAAGCGACAGGTGTGA-1,0,OPC PDGFRA PCDH15,0.999999999998856,OPC PDGFRA PCDH15,
GAAGCGATCAATCAGC-1,4,Oligo MOG OPALIN,0.9929884424732911,Oligo MOG GSN,
GAAGGACAGACTTGTC-1,22,Oligo MOG OPALIN,0.6328411054706784,Oligo MOG OPALIN,
GAAGGACAGCCTGAGA-1,10,OPC PDGFRA PCDH15,0.9999999999997227,OPC PDGFRA PCDH15,
GAAGGACGTCTACTGA-1,1,OPC PDGFRA PCDH15,0.9999999999990059,OPC PDGFRA PCDH15,
GAAGGGTGTCATGACT-1,9,Oligo MOG OPALIN,0.4437249552165539,Oligo MOG OPALIN,
GAATAGATCCGGCTTT-1,4,Oligo MOG GSN,0.8053938313376119,Oligo MOG GSN,
GAATCGTAGCCAAGCA-1,0,OPC PDGFRA PCDH15,0.9999999996650484,OPC PDGFRA PCDH15,
GAATCGTGTACACGCC-1,7,Oligo MOG OPALIN,0.9987847424989449,Oligo MOG OPALIN,
GACAGCCCATGAAGCG-1,2,Endo CLDN5 IL1R1,0.7980414719536422,Endo CLDN5 IL1R1,
GACCAATGTCAAGTTC-1,22,L3-5 RORB MKX GRIN3A,0.5186036240021333,Oligo MOG OPALIN,
GACCAATTCGCTCTAC-1,2,InN VIP EXPH5,0.31927059493597404,Endo CLDN5 IL1R1,
GACCCAGAGGCTTTCA-1,3,OPC PDGFRA PCDH15,0.9999999999975218,OPC PDGFRA PCDH15,
GACCCAGTCTCGAACA-1,2,InN VIP EXPH5,0.35923354033648786,Endo CLDN5 IL1R1,
GACCCAGTCTCTTGCG-1,13,PC P2RY14 GRM8,0.9999997553157111,PC P2RY14 GRM8,
GACCCTTAGTGCTAGG-1,7,Oligo MOG OPALIN,0.9999404665465136,Oligo MOG OPALIN,
GACCCTTGTCTTAGTG-1,17,T SKAP1 CD247,0.999662985016126,Endo CLDN5 SLC7A5,
GACCTTCAGTGGGAAA-1,4,Oligo MOG GSN,0.9994501876176671,Oligo MOG GSN,
GACGCTGAGGCCTAAG-1,7,Oligo MOG OPALIN,0.9999986168050895,Oligo MOG OPALIN,
GACGCTGCAGTTGCGC-1,2,VLMC SLC47A1 SLC4A4,0.4487890721568643,Endo CLDN5 IL1R1,
GACGTTATCGCCGAGT-1,5,Oligo MOG GSN,0.999436233994159,Oligo MOG GSN,
GACTCAAAGCGCCATC-1,8,Oligo MOG OPALIN,0.9998582521946044,Oligo MOG OPALIN,
GACTCTCCAAAGCGTG-1,23,PC P2RY14 GRM8,0.9918669242328114,Endo CLDN5 DKK2,
GACTCTCCACCGGTCA-1,11,Astro GFAP AQP1,0.732958554760151,Astro AQP4 SLC1A2,
GACTCTCTCGAGAGAC-1,7,Oligo MOG OPALIN,0.7941163006898961,Oligo MOG OPALIN,
GACTTCCAGGTCCAGA-1,17,Endo CLDN5 SLC7A5,0.98765245480665,Endo CLDN5 SLC7A5,
GACTTCCCAGGCATGA-1,15,Endo CLDN5 SLC7A5,0.9688139588295729,Endo CLDN5 SLC7A5,
GAGAAATAGTATAACG-1,23,VLMC COL1A2 VLMCA8,0.9965316252253912,Endo CLDN5 DKK2,
GAGACTTAGGAGAGGC-1,0,OPC PDGFRA PCDH15,0.9999999801740074,OPC PDGFRA PCDH15,
GAGACTTCAGGTGAGT-1,18,Oligo MOG OPALIN,0.9956460184075049,Oligo MOG OPALIN,
GAGAGGTTCTGAGATC-1,11,Astro GFAP AQP1,0.5112959770177627,Astro AQP4 SLC1A2,
GAGCCTGGTCACCTTC-1,5,Oligo MOG GSN,0.9999999613431564,Oligo MOG GSN,
GAGCTGCAGTGGTGAC-1,9,Oligo MOG OPALIN,0.9769671471088923,Oligo MOG OPALIN,
GAGCTGCCAAGGACAC-1,12,Oligo MOG GSN,0.9937843067226628,Oligo MOG GSN,
GAGCTGCGTGACTCTA-1,9,Oligo MOG OPALIN,0.9999387082313916,Oligo MOG OPALIN,
GAGCTGCTCGGAGCAA-1,21,Astro AQP4 SLC1A2,0.4430368889730938,Astro AQP4 SLC1A2,
GAGGCCTAGGGATGTC-1,4,Oligo MOG OPALIN,0.9617805865236351,Oligo MOG GSN,
GAGGCCTCATATTCGG-1,8,Oligo MOG OPALIN,0.9994899582607006,Oligo MOG OPALIN,
GAGGGTAAGACGTCCC-1,16,T SKAP1 CD247,0.9999994235153326,Micro P2RY12 APBB1IP,
GAGGGTAAGGACCCAA-1,12,Oligo MOG GSN,0.758494444789302,Oligo MOG GSN,
GAGTCATAGCGAGTCA-1,8,Oligo MOG OPALIN,0.9999829391257199,Oligo MOG OPALIN,
GAGTCATCACCGGAAA-1,6,Oligo MOG OPALIN,0.9715157780655952,Oligo MOG OPALIN,
GAGTGAGAGGAGTACC-1,12,Oligo MOG GSN,0.9999993661686813,Oligo MOG GSN,
GAGTGAGCAGCAATTC-1,13,PC P2RY14 GRM8,0.999980085814654,PC P2RY14 GRM8,
GAGTGAGGTCACCACG-1,17,Endo CLDN5 SLC7A5,0.9664572647442882,Endo CLDN5 SLC7A5,
GAGTGTTTCCATGATG-1,19,Endo CLDN5 IL1R1,0.44088429358316783,Endo CLDN5 SLC7A5,
GAGTTACCACTGATTG-1,2,Endo CLDN5 IL1R1,0.6030094948282274,Endo CLDN5 IL1R1,
GAGTTGTCAGGAGGAG-1,14,PC P2RY14 GRM8,0.3183579434789813,Astro AQP4 SLC1A2,
GAGTTGTGTAAGACCG-1,0,OPC PDGFRA PCDH15,0.9999999999855853,OPC PDGFRA PCDH15,
GAGTTGTGTGGTATGG-1,2,Endo CLDN5 IL1R1,0.37460254460899234,Endo CLDN5 IL1R1,
GAGTTTGCAAATGCGG-1,1,OPC PDGFRA PCDH15,0.999999999991128,OPC PDGFRA PCDH15,
GATAGAAAGCTCGGCT-1,21,Astro AQP4 SLC1A2,0.34739034943272556,Astro AQP4 SLC1A2,
GATAGAATCTTAGCAG-1,3,OPC PDGFRA PCDH15,0.9999999998961664,OPC PDGFRA PCDH15,
GATAGCTCACAAGCTT-1,11,Astro AQP4 SLC1A2,0.5550070661221627,Astro AQP4 SLC1A2,
GATAGCTTCGGTAGAG-1,21,Astro AQP4 SLC1A2,0.5802778717103926,Astro AQP4 SLC1A2,
GATCACAAGTCATGGG-1,3,OPC PDGFRA PCDH15,0.9999999999937201,OPC PDGFRA PCDH15,
GATCACATCTACACTT-1,3,OPC PDGFRA PCDH15,0.99999999999999,OPC PDGFRA PCDH15,
GATCATGCAAGAGAGA-1,0,OPC PDGFRA PCDH15,0.9999999998916995,OPC PDGFRA PCDH15,
GATCATGCAATAGGAT-1,16,Micro P2RY12 APBB1IP,0.9891423781916028,Micro P2RY12 APBB1IP,
GATCATGGTCTCGCGA-1,0,OPC PDGFRA PCDH15,0.9999999944764588,OPC PDGFRA PCDH15,
GATCCCTCATTACTCT-1,7,Oligo MOG OPALIN,0.9566571304682703,Oligo MOG OPALIN,
GATCCCTGTGGTACAG-1,4,Oligo MOG GSN,0.6833748018862167,Oligo MOG GSN,
GATCGTACAGACATCT-1,12,Oligo MOG GSN,0.9544931845160401,Oligo MOG GSN,
GATCGTATCCACGTGG-1,5,Oligo MOG GSN,0.999999987876132,Oligo MOG GSN,
GATGACTCATAGAATG-1,15,Endo CLDN5 SLC7A5,0.8742557091389458,Endo CLDN5 SLC7A5,
GATGAGGTCCTTACCG-1,22,InN PVALB SYT2,0.4532527426105996,Oligo MOG OPALIN,
GATGATCGTCTAATCG-1,14,Astro AQP4 SLC1A2,0.4901126000918583,Astro AQP4 SLC1A2,
GATGCTACAACACTAC-1,1,OPC PDGFRA PCDH15,0.9999999999484386,OPC PDGFRA PCDH15,
GATGGAGGTGAAAGTT-1,5,Oligo MOG GSN,0.9999998975569954,Oligo MOG GSN,
GATGGAGTCCATTGCC-1,16,Micro P2RY12 APBB1IP,0.9967915550863606,Micro P2RY12 APBB1IP,
GATTCGAAGATAGTGT-1,15,Endo CLDN5 SLC7A5,0.9648343354568851,Endo CLDN5 SLC7A5,
GATTCGAAGTTATGGA-1,7,Oligo MOG OPALIN,0.9986311420820951,Oligo MOG OPALIN,
GATTCGACACGTGTGC-1,11,Astro AQP4 SLC1A2,0.4896216216389544,Astro AQP4 SLC1A2,
GATTCGAGTACCGGAA-1,21,InN LAMP5 LHX6 TAC1,0.660192206772532,Astro AQP4 SLC1A2,
GATTCGATCACCTCAC-1,7,Oligo MOG OPALIN,0.9979042660669779,Oligo MOG OPALIN,
GATTCTTAGCTAGATA-1,10,OPC PDGFRA PCDH15,0.9999999997456563,OPC PDGFRA PCDH15,
GATTGGTGTTGTTTGG-1,5,Oligo MOG GSN,0.9999997383788389,Oligo MOG GSN,
GATTTCTAGTGGAAGA-1,1,OPC PDGFRA PCDH15,0.9999999999939639,OPC PDGFRA PCDH15,
GCAACATGTCGTAATC-1,19,Endo CLDN5 IL1R1,0.32428386999099695,Endo CLDN5 SLC7A5,
GCAACATTCGTTATCT-1,1,OPC PDGFRA PCDH15,0.9999999999999993,OPC PDGFRA PCDH15,
GCAACATTCTCAACCC-1,21,InN LAMP5 LHX6 TAC1,0.4136859098947404,Astro AQP4 SLC1A2,
GCACATATCTGCTCTG-1,23,Endo CLDN5 IL1R1,0.6220372150904583,Endo CLDN5 DKK2,
GCACGGTGTTTCGTAG-1,14,Astro GFAP AQP1,0.6714019097606153,Astro AQP4 SLC1A2,
GCACGTGAGATGGCGT-1,22,Oligo MOG OPALIN,0.8951265407528608,Oligo MOG OPALIN,
GCACGTGAGATGTAGT-1,1,OPC PDGFRA PCDH15,0.9999999998484461,OPC PDGFRA PCDH15,
GCACGTGAGGCATCAG-1,1,OPC PDGFRA PCDH15,0.9999999999917677,OPC PDGFRA PCDH15,
GCACTAAAGACGCCAA-1,12,Oligo MOG GSN,0.999999967287923,Oligo MOG GSN,
GCACTAAAGGAAGTGA-1,0,OPC PDGFRA PCDH15,0.9999999999999576,OPC PDGFRA PCDH15,
GCACTAAAGTTTGCTG-1,17,Endo CLDN5 SLC7A5,0.9997118089596099,Endo CLDN5 SLC7A5,
GCAGCCACAAACACCT-1,9,Oligo MOG OPALIN,0.7579380129673561,Oligo MOG OPALIN,
GCAGTTAAGTGAGCCA-1,4,Oligo MOG GSN,0.999550003311278,Oligo MOG GSN,
GCAGTTACAAGCCTGC-1,7,Oligo MOG OPALIN,0.9881767219291328,Oligo MOG OPALIN,
GCATCGGAGCGTTCAT-1,4,Oligo MOG OPALIN,0.9941806626467222,Oligo MOG GSN,
GCATCGGGTACAGGTG-1,20,OPC PDGFRA PCDH15,0.9999999999999183,OPC PDGFRA PCDH15,
GCATCGGGTATCGCAT-1,20,OPC PDGFRA PCDH15,0.999999997736793,OPC PDGFRA PCDH15,
GCATCTCAGTCCTGCG-1,10,OPC PDGFRA PCDH15,0.9999999999998315,OPC PDGFRA PCDH15,
GCATCTCCAATCCAGT-1,13,PC P2RY14 GRM8,0.9999972921319433,PC P2RY14 GRM8,
GCATCTCCATACCAGT-1,1,OPC PDGFRA PCDH15,0.9999999999998455,OPC PDGFRA PCDH15,
GCATGATCAATTCGTG-1,1,OPC PDGFRA PCDH15,0.9999999999999531,OPC PDGFRA PCDH15,
GCATGATGTAGTATAG-1,8,Oligo MOG OPALIN,0.9999895678154731,Oligo MOG OPALIN,
GCATGATGTGCCTACG-1,9,Oligo MOG OPALIN,0.9965676334851085,Oligo MOG OPALIN,
GCCAACGCACTCATAG-1,1,OPC PDGFRA PCDH15,0.9999999999999636,OPC PDGFRA PCDH15,
GCCAACGGTATGCGTT-1,4,Oligo MOG OPALIN,0.6041974304588721,Oligo MOG GSN,
GCCAACGGTGAGAGGG-1,20,OPC PDGFRA PCDH15,0.9999999975391667,OPC PDGFRA PCDH15,
GCCAGCAGTGCGAGTA-1,19,Endo CLDN5 IL1R1,0.3023973137896002,Endo CLDN5 SLC7A5,
GCCAGCATCTATGTGG-1,1,OPC PDGFRA PCDH15,0.9999999999693627,OPC PDGFRA PCDH15,
GCCAGTGAGCGACTTT-1,17,Endo CLDN5 SLC7A5,0.9924597447470459,Endo CLDN5 SLC7A5,
GCCATGGAGTTCGCAT-1,12,Oligo MOG OPALIN,0.9932562479294842,Oligo MOG GSN,
GCCATTCGTATGGTAA-1,11,Astro AQP4 SLC1A2,0.995529867787108,Astro AQP4 SLC1A2,
GCCCAGAAGGTTCCAT-1,3,OPC PDGFRA PCDH15,0.999999999999764,OPC PDGFRA PCDH15,
GCCCAGACAGAGGACT-1,3,OPC PDGFRA PCDH15,0.9999999995154747,OPC PDGFRA PCDH15,
GCCCAGAGTGATGGCA-1,6,Oligo MOG OPALIN,0.9560339015717225,Oligo MOG OPALIN,
GCCCAGAGTGTCACAT-1,1,OPC PDGFRA PCDH15,0.9999999999930838,OPC PDGFRA PCDH15,
GCCCAGATCCAAATGC-1,1,OPC PDGFRA PCDH15,0.9999999999536007,OPC PDGFRA PCDH15,
GCCCAGATCTTGATTC-1,7,Oligo MOG OPALIN,0.9999303551979224,Oligo MOG OPALIN,
GCCCGAACACGCTGTG-1,5,Oligo MOG GSN,0.994639384152245,Oligo MOG GSN,
GCCCGAAGTGTTGATC-1,2,Endo CLDN5 IL1R1,0.5302567886911923,Endo CLDN5 IL1R1,
GCCGTGAAGCCTCTGG-1,15,Endo CLDN5 SLC7A5,0.3544949697196052,Endo CLDN5 SLC7A5,
GCGAGAATCTCTCAAT-1,23,Endo CLDN5 SLC7A5,0.8890640634290047,Endo CLDN5 DKK2,
GCGGAAATCACTCACC-1,1,OPC PDGFRA PCDH15,0.9999999999922426,OPC PDGFRA PCDH15,
GCGGATCTCAGCCTCT-1,10,OPC PDGFRA PCDH15,0.9999999990204842,OPC PDGFRA PCDH15,
GCGTGCACAGGACAGT-1,21,Endo CLDN5 SLC7A5,0.614494437943734,Astro AQP4 SLC1A2,
GCGTGCAGTCAGGAGT-1,15,Endo CLDN5 SLC7A5,0.8602214930298706,Endo CLDN5 SLC7A5,
GCGTGCAGTTCCCACT-1,2,Endo CLDN5 IL1R1,0.45499188327422285,Endo CLDN5 IL1R1,
GCGTGCATCGTCAGAT-1,16,T SKAP1 CD247,0.9999391563285066,Micro P2RY12 APBB1IP,
GCGTTTCCACTTCATT-1,21,Endo CLDN5 SLC7A5,0.3097446638461097,Astro AQP4 SLC1A2,
GCGTTTCCATAGCACT-1,11,Astro GFAP AQP1,0.3160591799262796,Astro AQP4 SLC1A2,
GCTGCAGTCTCTTAAC-1,21,InN SST HTR2C,0.5553285202171759,Astro AQP4 SLC1A2,
GCTGGGTCAGATCATC-1,2,Endo CLDN5 IL1R1,0.35984396404657293,Endo CLDN5 IL1R1,
GCTTCACGTGGTCCGT-1,6,Oligo MOG OPALIN,0.9749021572414923,Oligo MOG OPALIN,
GCTTGGGCAACTTCTT-1,11,Astro AQP4 SLC1A2,0.5243187432521125,Astro AQP4 SLC1A2,
GCTTGGGGTGTCCGTG-1,0,OPC PDGFRA PCDH15,0.9999999452731388,OPC PDGFRA PCDH15,
GCTTGGGGTTCGTAAC-1,3,OPC PDGFRA PCDH15,0.9999999999999942,OPC PDGFRA PCDH15,
GCTTGGGTCCAGCACG-1,3,OPC PDGFRA PCDH15,0.999999999999938,OPC PDGFRA PCDH15,
GCTTGGGTCGATTTCT-1,11,Astro AQP4 SLC1A2,0.524361390149879,Astro AQP4 SLC1A2,
GGAACCCTCTCGCTCA-1,3,OPC PDGFRA PCDH15,0.9999999999983225,OPC PDGFRA PCDH15,
GGAAGTGAGTGCCTCG-1,1,OPC PDGFRA PCDH15,0.9999999999990086,OPC PDGFRA PCDH15,
GGAATCTCACTGAGTT-1,13,PC P2RY14 GRM8,0.9980294391881892,PC P2RY14 GRM8,
GGAATGGTCTTTCTAG-1,0,OPC PDGFRA PCDH15,0.9999999999940428,OPC PDGFRA PCDH15,
GGACGTCAGTATGGCG-1,0,OPC PDGFRA PCDH15,0.9999999999889875,OPC PDGFRA PCDH15,
GGACGTCGTATACCCA-1,2,L2-3 CUX2 ACVR1C THSD7A,0.3242305837183066,Endo CLDN5 IL1R1,
GGACGTCGTTCAAACC-1,21,Astro AQP4 SLC1A2,0.46963523934146845,Astro AQP4 SLC1A2,
GGAGAACCAATACGAA-1,15,Endo CLDN5 SLC7A5,0.700518567021505,Endo CLDN5 SLC7A5,
GGAGATGTCGGAAACG-1,0,OPC PDGFRA PCDH15,0.9999999999878699,OPC PDGFRA PCDH15,
GGAGGATCACGTACAT-1,17,Endo CLDN5 SLC7A5,0.9722690830040308,Endo CLDN5 SLC7A5,
GGATCTACAACTCATG-1,1,OPC PDGFRA PCDH15,0.9999999998541462,OPC PDGFRA PCDH15,
GGATGTTAGAAAGCGA-1,7,Oligo MOG OPALIN,0.9997873066462141,Oligo MOG OPALIN,
GGATGTTAGGGCAATC-1,8,Oligo MOG OPALIN,0.9965254559569746,Oligo MOG OPALIN,
GGCACGTCATTCCTAT-1,22,L2-4 CUX2 RORB CLMN,0.31839034907561065,Oligo MOG OPALIN,
GGCACGTGTTGTTGCA-1,11,Astro AQP4 SLC1A2,0.5134272637402744,Astro AQP4 SLC1A2,
GGCACGTTCGCAATGT-1,14,Astro GFAP AQP1,0.7040835470221197,Astro AQP4 SLC1A2,
GGCAGTCTCCTAGCGG-1,3,OPC PDGFRA PCDH15,0.9999999999885549,OPC PDGFRA PCDH15,
GGCAGTCTCGCCAGAC-1,0,OPC PDGFRA PCDH15,0.9999999999994009,OPC PDGFRA PCDH15,
GGCGTCAGTATGCGGA-1,7,Oligo MOG OPALIN,0.9940989672283441,Oligo MOG OPALIN,
GGCGTCAGTCACCGAC-1,23,PC P2RY14 GRM8,0.8957212497086606,Endo CLDN5 DKK2,
GGCTGTGGTTGCATCA-1,2,InN VIP EXPH5,0.3127956857782638,Endo CLDN5 IL1R1,
GGCTTGGAGAAAGTCT-1,1,OPC PDGFRA PCDH15,0.9999999999562725,OPC PDGFRA PCDH15,
GGCTTGGTCGAGAACG-1,0,OPC PDGFRA PCDH15,0.9999999997922728,OPC PDGFRA PCDH15,
GGCTTTCAGGGAGAAT-1,22,L2-4 CUX2 RORB CLMN,0.3059111270411242,Oligo MOG OPALIN,
GGCTTTCAGTCTGCGC-1,8,Oligo MOG OPALIN,0.993438289597752,Oligo MOG OPALIN,
GGCTTTCGTCGGCTAC-1,1,OPC PDGFRA PCDH15,0.9999999999998759,OPC PDGFRA PCDH15,
GGGAAGTCAACCAATC-1,10,OPC PDGFRA PCDH15,0.9999999999994895,OPC PDGFRA PCDH15,
GGGAAGTCACGACGAA-1,0,OPC PDGFRA PCDH15,0.9999999995758302,OPC PDGFRA PCDH15,
GGGAAGTCACTTTATC-1,12,Oligo MOG GSN,0.9999928667499317,Oligo MOG GSN,
GGGACCTCATGACTTG-1,0,OPC PDGFRA PCDH15,0.9999999999969149,OPC PDGFRA PCDH15,
GGGACTCAGTGGTGAC-1,10,OPC PDGFRA PCDH15,0.9999999999994902,OPC PDGFRA PCDH15,
GGGAGATCAATGTCTG-1,8,Oligo MOG OPALIN,0.9995281813426309,Oligo MOG OPALIN,
GGGAGATGTATCGAGG-1,19,Endo CLDN5 IL1R1,0.3249807676321359,Endo CLDN5 SLC7A5,
GGGAGTAAGGATAATC-1,2,Endo CLDN5 IL1R1,0.5949967726356142,Endo CLDN5 IL1R1,
GGGAGTACAACGGCCT-1,4,Oligo MOG GSN,0.6654294701306457,Oligo MOG GSN,
GGGCCATTCCGAGATT-1,15,InN ADARB2 PALMD,0.3123025239947082,Endo CLDN5 SLC7A5,
GGGCGTTCACACACTA-1,17,Endo CLDN5 SLC7A5,0.5455398014534935,Endo CLDN5 SLC7A5,
GGGCGTTGTACAGTTC-1,0,OPC PDGFRA PCDH15,0.9999999999864861,OPC PDGFRA PCDH15,
GGGCTACAGATGTTAG-1,21,Oligo MOG OPALIN,0.9454743335822043,Astro AQP4 SLC1A2,
GGGCTACAGGGTTAAT-1,4,Oligo MOG OPALIN,0.9996677031710032,Oligo MOG GSN,
GGGTAGAAGCAACAGC-1,9,Oligo MOG OPALIN,0.9997706866778624,Oligo MOG OPALIN,
GGGTATTCACTCCGAG-1,1,OPC PDGFRA PCDH15,0.9999999999998044,OPC PDGFRA PCDH15,
GGGTATTGTAACCCGC-1,17,Endo CLDN5 IL1R1,0.7289626353307662,Endo CLDN5 SLC7A5,
GGGTCACAGTCTGGAG-1,4,Oligo MOG GSN,0.6391530745906503,Oligo MOG GSN,
GGGTCACTCCGAACGC-1,2,Endo CLDN5 IL1R1,0.48216482799625116,Endo CLDN5 IL1R1,
GGGTCTGGTGCAATGG-1,6,Oligo MOG OPALIN,0.9983309926668992,Oligo MOG OPALIN,
GGGTGAAGTAATCAGA-1,14,Astro AQP4 SLC1A2,0.6025529751961056,Astro AQP4 SLC1A2,
GGGTGTCTCTACCTTA-1,3,OPC PDGFRA PCDH15,0.9999999999999971,OPC PDGFRA PCDH15,
GGGTTATCAAGCAGGT-1,8,Oligo MOG OPALIN,0.9999870475009731,Oligo MOG OPALIN,
GGGTTTAAGAGACAAG-1,3,OPC PDGFRA PCDH15,0.9999999999995126,OPC PDGFRA PCDH15,
GGGTTTAAGTCTCGTA-1,1,OPC PDGFRA PCDH15,0.9999999999983711,OPC PDGFRA PCDH15,
GGGTTTACATTCGATG-1,6,Oligo MOG OPALIN,0.7957214496757424,Oligo MOG OPALIN,
GGGTTTAGTTGTGGAG-1,23,Endo CLDN5 DKK2,0.4166153697610336,Endo CLDN5 DKK2,
GGTAACTGTAAGATCA-1,7,Oligo MOG OPALIN,0.996890546806244,Oligo MOG OPALIN,
GGTAACTGTGAGAACC-1,2,Endo CLDN5 IL1R1,0.3487035680515351,Endo CLDN5 IL1R1,
GGTAACTTCACCTCTG-1,13,SMC ACTA2 CYP1B1,0.7287984213969475,PC P2RY14 GRM8,
GGTAATCCACGCTGTG-1,1,OPC PDGFRA PCDH15,0.999999999999367,OPC PDGFRA PCDH15,
GGTAGAGCATGGGCAA-1,21,Endo CLDN5 SLC7A5,0.8943207393990266,Astro AQP4 SLC1A2,
GGTCACGAGCCGTTGC-1,7,Oligo MOG OPALIN,0.9608043997387242,Oligo MOG OPALIN,
GGTCACGCAATTGCAC-1,3,OPC PDGFRA PCDH15,0.9999999999897387,OPC PDGFRA PCDH15,
GGTGAAGTCAAAGACA-1,1,OPC PDGFRA PCDH15,0.9999999999998832,OPC PDGFRA PCDH15,
GGTGAAGTCCCGGTAG-1,20,OPC PDGFRA PCDH15,0.9999999893005097,OPC PDGFRA PCDH15,
GGTGAAGTCGCATTGA-1,11,Astro GFAP AQP1,0.9002543676371297,Astro AQP4 SLC1A2,
GGTGATTAGCTCAGAG-1,12,Oligo MOG GSN,0.9999914642922635,Oligo MOG GSN,
GGTGATTAGGAACGAA-1,4,Oligo MOG OPALIN,0.928169293826775,Oligo MOG GSN,
GGTGATTCAGGCTTGC-1,16,Macro F13A1 COLEC12,0.9979784479820362,Micro P2RY12 APBB1IP,
GGTGGCTTCCCTGTTG-1,8,Oligo MOG OPALIN,0.99678811389331,Oligo MOG OPALIN,
GGTTAACCAAGCCCAC-1,5,Oligo MOG GSN,0.9999996060679497,Oligo MOG GSN,
GGTTAACTCTCTCTAA-1,6,Oligo MOG OPALIN,0.998941888360916,Oligo MOG OPALIN,
GGTTGTAAGCGAAACC-1,13,PC P2RY14 GRM8,0.9999997223002951,PC P2RY14 GRM8,
GGTTGTACACAGTATC-1,15,Endo CLDN5 SLC7A5,0.9412722316699724,Endo CLDN5 SLC7A5,
GGTTGTACAGCAAGAC-1,3,OPC PDGFRA PCDH15,0.9999999999999836,OPC PDGFRA PCDH15,
GGTTGTATCCTCATAT-1,7,Oligo MOG OPALIN,0.9418882844000216,Oligo MOG OPALIN,
GTAACCAAGGTTCACT-1,6,Oligo MOG OPALIN,0.9751122429498932,Oligo MOG OPALIN,
GTAACCAGTCACGCTG-1,4,Oligo MOG OPALIN,0.996354697468397,Oligo MOG GSN,
GTAACCAGTTTACGAC-1,14,Astro AQP4 SLC1A2,0.9580860829950595,Astro AQP4 SLC1A2,
GTAATCGAGGTCACCC-1,5,Oligo MOG GSN,0.9999974848537535,Oligo MOG GSN,
GTAATCGGTCTCTCAC-1,6,Oligo MOG OPALIN,0.9927633544860884,Oligo MOG OPALIN,
GTAATGCCAATGAGCG-1,0,OPC PDGFRA PCDH15,0.9999999999660429,OPC PDGFRA PCDH15,
GTACAACCATCCGAAT-1,22,Oligo MOG OPALIN,0.946944479411975,Oligo MOG OPALIN,
GTACAGTCACTCTAGA-1,6,Oligo MOG OPALIN,0.9996523336213915,Oligo MOG OPALIN,
GTACAGTTCGAAGTGG-1,9,Oligo MOG OPALIN,0.7439604174998047,Oligo MOG OPALIN,
GTAGAGGTCACTACGA-1,15,Endo CLDN5 SLC7A5,0.8777438822899285,Endo CLDN5 SLC7A5,
GTAGATCAGCATGCGA-1,2,OPC PDGFRA PCDH15,0.39273138705979993,Endo CLDN5 IL1R1,
GTAGCTAAGTGATAGT-1,22,L3-5 RORB MKX GRIN3A,0.3982042220035595,Oligo MOG OPALIN,
GTAGGTTAGAGGTCGT-1,2,InN VIP EXPH5,0.6954845380935625,Endo CLDN5 IL1R1,
GTAGGTTTCGACACCG-1,19,Oligo MOG OPALIN,0.7493177723725959,Endo CLDN5 SLC7A5,
GTAGTACAGTAAGCAT-1,7,Oligo MOG OPALIN,0.9999668801205399,Oligo MOG OPALIN,
GTATTGGCATACCACA-1,20,OPC PDGFRA PCDH15,0.9999999991907731,OPC PDGFRA PCDH15,
GTCAAACCAAGCTGTT-1,5,Oligo MOG GSN,0.9999959112149126,Oligo MOG GSN,
GTCAAACGTCACTGAT-1,23,Endo CLDN5 SLC7A5,0.9911312993988521,Endo CLDN5 DKK2,
GTCAAACGTCTACAAC-1,0,OPC PDGFRA PCDH15,0.999999999949813,OPC PDGFRA PCDH15,
GTCAAGTAGCAAACAT-1,1,OPC PDGFRA PCDH15,0.9999999999999152,OPC PDGFRA PCDH15,
GTCAAGTAGCATTGAA-1,12,Oligo MOG GSN,0.9998063158078575,Oligo MOG GSN,
GTCAAGTCACGACGAA-1,11,Astro AQP4 SLC1A2,0.7562626318080942,Astro AQP4 SLC1A2,
GTCAGCGGTACAGAGC-1,14,Astro GFAP AQP1,0.8352515142518139,Astro AQP4 SLC1A2,
GTCATGATCTCGTGGG-1,12,Oligo MOG GSN,0.9999998553069774,Oligo MOG GSN,
GTCCCATCAATCGCCG-1,15,Oligo MOG OPALIN,0.9158479036689122,Endo CLDN5 SLC7A5,
GTCCCATCAGGACTTT-1,0,OPC PDGFRA PCDH15,0.9999999999979579,OPC PDGFRA PCDH15,
GTCCTCAAGCGACTTT-1,10,OPC PDGFRA PCDH15,0.999999999989285,OPC PDGFRA PCDH15,
GTCCTCACAGGCTATT-1,3,OPC PDGFRA PCDH15,0.9999999999996982,OPC PDGFRA PCDH15,
GTCGAATGTGGCGCTT-1,6,Oligo MOG OPALIN,0.9998899582400317,Oligo MOG OPALIN,
GTCGAATGTTCTATCT-1,20,OPC PDGFRA PCDH15,0.9999938505969918,OPC PDGFRA PCDH15,
GTCGCGAGTTGTGTAC-1,0,OPC PDGFRA PCDH15,0.9999999997132227,OPC PDGFRA PCDH15,
GTCGTAAAGAGAGGTA-1,6,Oligo MOG OPALIN,0.9999877439248201,Oligo MOG OPALIN,
GTCGTAATCGAACTCA-1,7,Oligo MOG OPALIN,0.9987043476830628,Oligo MOG OPALIN,
GTCGTTCTCACTTTGT-1,1,OPC PDGFRA PCDH15,0.9999999997098359,OPC PDGFRA PCDH15,
GTCGTTCTCATTTGCT-1,7,Oligo MOG OPALIN,0.9998852271063876,Oligo MOG OPALIN,
GTCTACCCACGAAGAC-1,9,Oligo MOG OPALIN,0.8623699169198294,Oligo MOG OPALIN,
GTCTACCTCAGGTGTT-1,9,Oligo MOG OPALIN,0.9778442502470417,Oligo MOG OPALIN,
GTCTAGAGTGGTTTGT-1,8,Oligo MOG OPALIN,0.9996072607503564,Oligo MOG OPALIN,
GTCTCACAGGTTGAGC-1,18,Oligo MOG OPALIN,0.9999953868694723,Oligo MOG OPALIN,
GTCTCACCAATAGGGC-1,8,Oligo MOG OPALIN,0.9916587943154727,Oligo MOG OPALIN,
GTCTGTCCAAGACCTT-1,14,Astro AQP4 SLC1A2,0.6510170669660149,Astro AQP4 SLC1A2,
GTCTGTCCAGAGAGGG-1,2,Endo CLDN5 IL1R1,0.32814356059454297,Endo CLDN5 IL1R1,
GTCTTTAAGGGATCAC-1,2,Endo CLDN5 IL1R1,0.3981337131161982,Endo CLDN5 IL1R1,
GTGACGCCAGCAGTAG-1,22,Oligo MOG OPALIN,0.8144806823660753,Oligo MOG OPALIN,
GTGACGCGTTACAGCT-1,15,Endo CLDN5 SLC7A5,0.814275522647752,Endo CLDN5 SLC7A5,
GTGAGTTTCAGTGCGC-1,3,OPC PDGFRA PCDH15,0.99999999996059,OPC PDGFRA PCDH15,
GTGAGTTTCCTCTTTC-1,4,Oligo MOG GSN,0.9134687239200814,Oligo MOG GSN,
GTGATGTAGATGCAGC-1,12,Oligo MOG GSN,0.9999878081174338,Oligo MOG GSN,
GTGATGTGTGATGTAA-1,1,OPC PDGFRA PCDH15,0.9999999998651881,OPC PDGFRA PCDH15,
GTGCACGCACATGGTT-1,10,OPC PDGFRA PCDH15,0.9999999999999967,OPC PDGFRA PCDH15,
GTGCACGCATGAATAG-1,6,Oligo MOG OPALIN,0.977050181570606,Oligo MOG OPALIN,
GTGCAGCGTGAGTGAC-1,0,OPC PDGFRA PCDH15,0.9999999936248878,OPC PDGFRA PCDH15,
GTGCGTGTCGTAACAC-1,21,Astro AQP4 SLC1A2,0.44285358414391096,Astro AQP4 SLC1A2,
GTGCTTCAGCACGATG-1,16,Micro P2RY12 APBB1IP,0.9275656590964337,Micro P2RY12 APBB1IP,
GTGGAAGTCTGCTCTG-1,22,Oligo MOG OPALIN,0.9967121229536747,Oligo MOG OPALIN,
GTGGAGATCCAACTAG-1,1,OPC PDGFRA PCDH15,0.9999999999997022,OPC PDGFRA PCDH15,
GTGGCGTAGGGTGAGG-1,12,Oligo MOG GSN,0.9998870266934818,Oligo MOG GSN,
GTGGCGTCATATGAAG-1,13,PC P2RY14 GRM8,0.9999999079591713,PC P2RY14 GRM8,
GTGGCGTTCTCTATGT-1,11,Astro GFAP AQP1,0.9560769608800898,Astro AQP4 SLC1A2,
GTGGGAAAGATTGGGC-1,21,InN LAMP5 LHX6 TAC1,0.30958052356379767,Astro AQP4 SLC1A2,
GTGGTTAAGCTCGTGC-1,9,Oligo MOG OPALIN,0.9994992467726674,Oligo MOG OPALIN,
GTGGTTAAGTGTTCAC-1,21,InN LHX6 HGF STON2,0.40721169533563534,Astro AQP4 SLC1A2,
GTGGTTAGTCCGTTTC-1,9,Oligo MOG OPALIN,0.9997988832275705,Oligo MOG OPALIN,
GTGGTTATCGAGTCCG-1,13,PC P2RY14 GRM8,0.9999996454227134,PC P2RY14 GRM8,
GTGTAACTCGCTGCGA-1,0,OPC PDGFRA PCDH15,0.9999999999998639,OPC PDGFRA PCDH15,
GTGTAACTCGGCTTCT-1,12,Oligo MOG GSN,0.9937891124378425,Oligo MOG GSN,
GTGTCCTAGTCACTGT-1,11,Astro AQP4 SLC1A2,0.6632814996452561,Astro AQP4 SLC1A2,
GTGTCCTCACCTGCTT-1,21,Endo CLDN5 SLC7A5,0.3266110265082965,Astro AQP4 SLC1A2,
GTGTCCTGTCACAGTT-1,22,Oligo MOG OPALIN,0.9498797620345157,Oligo MOG OPALIN,
GTGTCCTTCCTTCAGC-1,16,Micro P2RY12 APBB1IP,0.981521560273251,Micro P2RY12 APBB1IP,
GTGTGATCAAGGCAAC-1,0,OPC PDGFRA PCDH15,0.9999999999864828,OPC PDGFRA PCDH15,
GTGTGATTCCACTTCG-1,5,Oligo MOG GSN,0.81558321748976,Oligo MOG GSN,
GTGTGATTCTAGTTCT-1,16,Micro P2RY12 APBB1IP,0.7977115402571958,Micro P2RY12 APBB1IP,
GTGTGGCCACCTCGTT-1,0,OPC PDGFRA PCDH15,0.9999999999318081,OPC PDGFRA PCDH15,
GTGTTCCCACACCTTC-1,2,Endo CLDN5 SLC7A5,0.6281356303090179,Endo CLDN5 IL1R1,
GTGTTCCGTATAGGAT-1,11,Astro AQP4 SLC1A2,0.9818877899258801,Astro AQP4 SLC1A2,
GTTACAGCAGGAAGTC-1,12,Oligo MOG GSN,0.9999865881738936,Oligo MOG GSN,
GTTACAGGTGGATACG-1,15,Endo CLDN5 SLC7A5,0.6957327790070015,Endo CLDN5 SLC7A5,
GTTACCCGTCCGGCAT-1,1,OPC PDGFRA PCDH15,0.9999999999999933,OPC PDGFRA PCDH15,
GTTACGACAGTCTCTC-1,12,Oligo MOG GSN,0.9999761175582045,Oligo MOG GSN,
GTTACGAGTCTCAGGC-1,9,Oligo MOG OPALIN,0.9962120088310817,Oligo MOG OPALIN,
GTTAGACAGCTTAGTC-1,7,Oligo MOG OPALIN,0.99998981402832,Oligo MOG OPALIN,
GTTAGTGAGGTCACCC-1,22,L2-3 CUX2 NTNG1 PLCH1,0.5207040940328236,Oligo MOG OPALIN,
GTTAGTGTCCGACATA-1,18,Oligo MOG OPALIN,0.9750997194741476,Oligo MOG OPALIN,
GTTATGGGTGCGAGTA-1,12,Oligo MOG GSN,0.9997926955335994,Oligo MOG GSN,
GTTCATTAGTATAACG-1,0,OPC PDGFRA PCDH15,0.9999999760846624,OPC PDGFRA PCDH15,
GTTCATTAGTCACGCC-1,10,OPC PDGFRA PCDH15,0.9999999999999793,OPC PDGFRA PCDH15,
GTTCATTCAGACGCTC-1,2,L2-3 CUX2 NTNG1 PALMD,0.6597593633015906,Endo CLDN5 IL1R1,
GTTCGCTAGAGTACCG-1,5,Oligo MOG GSN,0.9994942204890968,Oligo MOG GSN,
GTTCGCTTCCGCTAGG-1,13,PC P2RY14 GRM8,0.9999998234497488,PC P2RY14 GRM8,
GTTCGCTTCTCCAAGA-1,0,OPC PDGFRA PCDH15,0.9999999995709707,OPC PDGFRA PCDH15,
GTTGAACCAGCGTAGA-1,8,Oligo MOG OPALIN,0.9988785877302833,Oligo MOG OPALIN,
GTTGAACTCAAATGAG-1,9,Oligo MOG OPALIN,0.9999640044603162,Oligo MOG OPALIN,
GTTGTAGGTATGTCCA-1,18,Oligo MOG OPALIN,0.43855206140806197,Oligo MOG OPALIN,
GTTGTAGTCGCTGTCT-1,7,Oligo MOG OPALIN,0.9999480608106788,Oligo MOG OPALIN,
GTTGTCCAGATGAACT-1,4,Oligo MOG OPALIN,0.9999695771650207,Oligo MOG GSN,
GTTGTGAGTGAGCAGT-1,4,Oligo MOG GSN,0.9914226292326338,Oligo MOG GSN,
GTTGTGATCTCGGTCT-1,8,Oligo MOG OPALIN,0.9999836944755895,Oligo MOG OPALIN,
GTTTACTCACAACGTT-1,2,Endo CLDN5 SLC7A5,0.6026290600879237,Endo CLDN5 IL1R1,
GTTTACTGTTTAGAGA-1,0,OPC PDGFRA PCDH15,0.9999999999983311,OPC PDGFRA PCDH15,
GTTTACTTCACCTCGT-1,20,OPC PDGFRA PCDH15,0.9999999750557946,OPC PDGFRA PCDH15,
GTTTGGACAGCGCTTG-1,7,Oligo MOG OPALIN,0.9997239892332548,Oligo MOG OPALIN,
GTTTGGACAGTCACGC-1,8,Oligo MOG OPALIN,0.996387633417454,Oligo MOG OPALIN,
GTTTGGAGTGGTATGG-1,3,OPC PDGFRA PCDH15,0.9999999999983844,OPC PDGFRA PCDH15,
GTTTGGATCCCATTCG-1,14,Astro AQP4 SLC1A2,0.3257644671861842,Astro AQP4 SLC1A2,
GTTTGGATCGGCCAAC-1,2,Endo CLDN5 IL1R1,0.4808723890601681,Endo CLDN5 IL1R1,
TAACACGTCCACCTGT-1,4,Oligo MOG GSN,0.9999724711290372,Oligo MOG GSN,
TAACCAGCACAATGAA-1,19,Endo CLDN5 SLC7A5,0.30532137143805804,Endo CLDN5 SLC7A5,
TAACCAGGTCTAGTGT-1,12,Oligo MOG OPALIN,0.5533138748141425,Oligo MOG GSN,
TAAGCGTGTCTGTCCT-1,23,Endo CLDN5 IL1R1,0.5756228945244506,Endo CLDN5 DKK2,
TAAGTCGAGACTCTAC-1,7,Oligo MOG OPALIN,0.9551883911949295,Oligo MOG OPALIN,
TAATTCCGTACTAGCT-1,3,OPC PDGFRA PCDH15,0.9999999999999758,OPC PDGFRA PCDH15,
TAATTCCGTCCTGGTG-1,4,Oligo MOG GSN,0.9260818097690039,Oligo MOG GSN,
TAATTCCTCACGGTCG-1,0,OPC PDGFRA PCDH15,0.9999999997000155,OPC PDGFRA PCDH15,
TACACCCAGGCGAACT-1,3,OPC PDGFRA PCDH15,0.9999999999993487,OPC PDGFRA PCDH15,
TACAGGTGTTGTGGCC-1,1,OPC PDGFRA PCDH15,0.9999999998291647,OPC PDGFRA PCDH15,
TACATTCAGAGCACTG-1,19,Endo CLDN5 SLC7A5,0.9911070562373466,Endo CLDN5 SLC7A5,
TACCCACGTGAGGATC-1,4,Oligo MOG GSN,0.6743988432735633,Oligo MOG GSN,
TACCCGTAGCTATCTG-1,5,Oligo MOG GSN,0.9999999528705728,Oligo MOG GSN,
TACCCGTGTCGAACGA-1,1,OPC PDGFRA PCDH15,0.9999999999524993,OPC PDGFRA PCDH15,
TACCCGTTCCGTGTGG-1,17,Endo CLDN5 SLC7A5,0.9981190638302557,Endo CLDN5 SLC7A5,
TACCGAATCGCCTCTA-1,21,InN ADARB2 FAM19A1,0.9999797325823327,Astro AQP4 SLC1A2,
TACCGGGCAACAAGTA-1,0,OPC PDGFRA PCDH15,0.9999999999991116,OPC PDGFRA PCDH15,
TACCGGGCAATTCGTG-1,1,OPC PDGFRA PCDH15,0.9999999999978533,OPC PDGFRA PCDH15,
TACCGGGTCAACTTTC-1,15,Endo CLDN5 SLC7A5,0.9238799395773718,Endo CLDN5 SLC7A5,
TACCTCGAGGAACGAA-1,18,Oligo MOG OPALIN,0.9999083758379232,Oligo MOG OPALIN,
TACCTCGTCGCATAGT-1,10,OPC PDGFRA PCDH15,0.999999999999376,OPC PDGFRA PCDH15,
TACCTGCAGGCCCAAA-1,3,OPC PDGFRA PCDH15,0.9999999999999574,OPC PDGFRA PCDH15,
TACCTGCCATCTTTCA-1,13,PC P2RY14 GRM8,0.9999998492503429,PC P2RY14 GRM8,
TACGGGCAGCGACAGT-1,10,OPC PDGFRA PCDH15,0.9999999999997464,OPC PDGFRA PCDH15,
TACGGGCCAACCACGC-1,2,Endo CLDN5 IL1R1,0.40592231077311325,Endo CLDN5 IL1R1,
TACGGTACAGTCTGGC-1,20,OPC PDGFRA PCDH15,0.9999999994673807,OPC PDGFRA PCDH15,
TACTTACTCACTGATG-1,12,Oligo MOG GSN,0.9999993591168523,Oligo MOG GSN,
TACTTCAGTGAGTGAC-1,6,Oligo MOG OPALIN,0.9994584113768901,Oligo MOG OPALIN,
TACTTCAGTGCGAGTA-1,8,Oligo MOG OPALIN,0.9999817348924478,Oligo MOG OPALIN,
TACTTCATCCACTTTA-1,3,OPC PDGFRA PCDH15,0.999999999998999,OPC PDGFRA PCDH15,
TACTTCATCCAGTACA-1,8,Oligo MOG OPALIN,0.9950265056259258,Oligo MOG OPALIN,
TACTTGTGTGTTCGTA-1,1,OPC PDGFRA PCDH15,0.9999999999956433,OPC PDGFRA PCDH15,
TACTTGTTCTTGGTCC-1,16,Micro P2RY12 APBB1IP,0.40468859384811984,Micro P2RY12 APBB1IP,
TAGACCAAGAATCGAT-1,13,PC P2RY14 GRM8,0.9999948040982174,PC P2RY14 GRM8,
TAGACTGAGATGGTAT-1,3,OPC PDGFRA PCDH15,0.9999999999979998,OPC PDGFRA PCDH15,
TAGACTGGTCCTCAGG-1,3,OPC PDGFRA PCDH15,0.9999999999715206,OPC PDGFRA PCDH15,
TAGAGTCCAATTGAAG-1,15,Endo CLDN5 SLC7A5,0.8081827719526385,Endo CLDN5 SLC7A5,
TAGAGTCGTAATCAGA-1,13,PC P2RY14 GRM8,0.9999999887325074,PC P2RY14 GRM8,
TAGATCGTCTAGGAAA-1,6,Oligo MOG OPALIN,0.999919151277715,Oligo MOG OPALIN,
TAGCACACAGTTTCAG-1,10,OPC PDGFRA PCDH15,0.9999999999999158,OPC PDGFRA PCDH15,
TAGCACAGTAAGTAGT-1,9,Oligo MOG OPALIN,0.9847839186323105,Oligo MOG OPALIN,
TAGCACAGTACGATGG-1,2,Endo CLDN5 IL1R1,0.3111286184045014,Endo CLDN5 IL1R1,
TAGGGTTCACCTGATA-1,0,OPC PDGFRA PCDH15,0.9999999998634408,OPC PDGFRA PCDH15,
TAGGGTTGTCTCAAGT-1,9,Oligo MOG OPALIN,0.9799027852852079,Oligo MOG OPALIN,
TAGGGTTGTGTTCCAA-1,4,Oligo MOG OPALIN,0.9958562405766129,Oligo MOG GSN,
TAGGGTTTCTTGGCTC-1,14,Astro GFAP AQP1,0.9492649616440014,Astro AQP4 SLC1A2,
TAGGTTGCACGTGAGA-1,10,OPC PDGFRA PCDH15,0.999999999988026,OPC PDGFRA PCDH15,
TAGGTTGCACTGTTCC-1,4,Oligo MOG GSN,0.9361971935133404,Oligo MOG GSN,
TAGGTTGTCCCTCAAC-1,3,OPC PDGFRA PCDH15,0.9999999999999851,OPC PDGFRA PCDH15,
TAGTGCAGTAGGTACG-1,21,InN LAMP5 BMP7,0.9990713520310692,Astro AQP4 SLC1A2,
TAGTGCATCGGAAGGT-1,23,Endo CLDN5 DKK2,0.8900456712010684,Endo CLDN5 DKK2,
TAGTGCATCTATTCGT-1,8,Oligo MOG OPALIN,0.8984155538133302,Oligo MOG OPALIN,
TAGTGCATCTGGGCGT-1,20,OPC PDGFRA PCDH15,0.9999999999589615,OPC PDGFRA PCDH15,
TATACCTTCACTAGCA-1,10,OPC PDGFRA PCDH15,0.9999999999997127,OPC PDGFRA PCDH15,
TATATCCAGGTAGACC-1,10,OPC PDGFRA PCDH15,0.9999999999997158,OPC PDGFRA PCDH15,
TATATCCGTGGATACG-1,13,PC P2RY14 GRM8,0.9999985427320013,PC P2RY14 GRM8,
TATCCTAAGAACGTGC-1,5,Oligo MOG GSN,0.9999989763182323,Oligo MOG GSN,
TATCTGTAGTCGTCTA-1,22,Oligo MOG OPALIN,0.7346518202581549,Oligo MOG OPALIN,
TATCTGTAGTTGTAAG-1,0,OPC PDGFRA PCDH15,0.9999999999999958,OPC PDGFRA PCDH15,
TATCTGTCAACACACT-1,15,Endo CLDN5 SLC7A5,0.9358741212380632,Endo CLDN5 SLC7A5,
TATCTGTGTTGATCGT-1,13,PC P2RY14 GRM8,0.9999319140754784,PC P2RY14 GRM8,
TATCTTGTCGATTGAC-1,10,OPC PDGFRA PCDH15,0.9999999999948692,OPC PDGFRA PCDH15,
TATGTTCCACTAACGT-1,1,OPC PDGFRA PCDH15,0.9999999999999947,OPC PDGFRA PCDH15,
TATTCCATCGTTCATT-1,4,Oligo MOG GSN,0.589799444141698,Oligo MOG GSN,
TATTGCTCAGGCTATT-1,1,OPC PDGFRA PCDH15,0.9999999999999887,OPC PDGFRA PCDH15,
TATTGCTTCTCTCGCA-1,17,Endo CLDN5 SLC7A5,0.9963703119644326,Endo CLDN5 SLC7A5,
TATTGGGTCTAGGCCG-1,17,Endo CLDN5 SLC7A5,0.9788595846999679,Endo CLDN5 SLC7A5,
TATTTCGGTGGACTAG-1,21,Astro AQP4 SLC1A2,0.4823234667043266,Astro AQP4 SLC1A2,
TATTTCGTCCATCAGA-1,2,Endo CLDN5 IL1R1,0.31947637060901507,Endo CLDN5 IL1R1,
TCAAGACTCCACCCTA-1,5,Oligo MOG GSN,0.9999962417074534,Oligo MOG GSN,
TCAAGCAGTCTTGAAC-1,0,OPC PDGFRA PCDH15,0.9999999994857793,OPC PDGFRA PCDH15,
TCAAGTGAGACCGCCT-1,8,Oligo MOG OPALIN,0.9999930034263216,Oligo MOG OPALIN,
TCAAGTGCAAGGCCTC-1,10,OPC PDGFRA PCDH15,0.999999999999837,OPC PDGFRA PCDH15,
TCAAGTGGTGACGTCC-1,5,Oligo MOG GSN,0.999999524762212,Oligo MOG GSN,
TCAATCTGTTCCGCAG-1,18,Oligo MOG OPALIN,0.9668639493752466,Oligo MOG OPALIN,
TCAATTCCAATTCTTC-1,4,Oligo MOG GSN,0.9402462331260443,Oligo MOG GSN,
TCACAAGGTCGTACAT-1,10,OPC PDGFRA PCDH15,0.9999999968001805,OPC PDGFRA PCDH15,
TCACACCCAGCTTTCC-1,0,OPC PDGFRA PCDH15,0.9999999986804913,OPC PDGFRA PCDH15,
TCACATTGTAGCTCGC-1,10,OPC PDGFRA PCDH15,0.9999999999999898,OPC PDGFRA PCDH15,
TCACATTGTCATAACC-1,11,Astro GFAP AQP1,0.6684239157548686,Astro AQP4 SLC1A2,
TCACATTTCGAACTCA-1,23,Endo CLDN5 SLC7A5,0.9091117495243126,Endo CLDN5 DKK2,
TCACGCTAGAATCGCG-1,19,T SKAP1 CD247,0.8340635013628935,Endo CLDN5 SLC7A5,
TCACGGGCAGCACAAG-1,4,Oligo MOG GSN,0.999742186153114,Oligo MOG GSN,
TCACGGGGTCCACTTC-1,4,Oligo MOG OPALIN,0.9993047254032681,Oligo MOG GSN,
TCACTATCATAGAAAC-1,2,Endo CLDN5 IL1R1,0.45671892232673367,Endo CLDN5 IL1R1,
TCACTATGTATCTCGA-1,21,InN LAMP5 RELN,0.9999548234683614,Astro AQP4 SLC1A2,
TCACTATGTGTGTCGC-1,11,Astro GFAP AQP1,0.32451389538835773,Astro AQP4 SLC1A2,
TCACTATTCCACGTGG-1,16,Micro P2RY12 APBB1IP,0.9996458462458725,Micro P2RY12 APBB1IP,
TCACTCGGTCTTCAAG-1,11,Astro AQP4 SLC1A2,0.9919162309231403,Astro AQP4 SLC1A2,
TCAGCAAAGCCATGCC-1,2,Endo CLDN5 IL1R1,0.3815699593278352,Endo CLDN5 IL1R1,
TCAGCCTTCTGCGTCT-1,2,Endo CLDN5 IL1R1,0.3455434808285323,Endo CLDN5 IL1R1,
TCAGGTAAGAGTCAGC-1,2,Endo CLDN5 IL1R1,0.44236552308294375,Endo CLDN5 IL1R1,
TCAGGTAAGCTAAGTA-1,12,Oligo MOG OPALIN,0.9863474454457387,Oligo MOG GSN,
TCAGGTAGTGATGGCA-1,19,Oligo MOG OPALIN,0.5482321993956135,Endo CLDN5 SLC7A5,
TCAGGTAGTTTAGAGA-1,16,Micro P2RY12 APBB1IP,0.6817914614287555,Micro P2RY12 APBB1IP,
TCAGTGACAAGCGGAT-1,14,Astro AQP4 SLC1A2,0.4219185974037242,Astro AQP4 SLC1A2,
TCAGTTTAGTCTACCA-1,21,Astro AQP4 SLC1A2,0.4913693508589088,Astro AQP4 SLC1A2,
TCAGTTTCAAAGCTAA-1,7,Oligo MOG OPALIN,0.9987695986054402,Oligo MOG OPALIN,
TCAGTTTGTGTGTGTT-1,18,Oligo MOG OPALIN,0.9976098023890759,Oligo MOG OPALIN,
TCAGTTTTCAGCTTCC-1,0,OPC PDGFRA PCDH15,0.9999999999993641,OPC PDGFRA PCDH15,
TCATACTCAGCCGGTT-1,19,T SKAP1 CD247,0.9996622298098907,Endo CLDN5 SLC7A5,
TCATATCCAACTTCTT-1,3,OPC PDGFRA PCDH15,0.9999999999999474,OPC PDGFRA PCDH15,
TCATATCCAGTTGTCA-1,13,PC P2RY14 GRM8,0.9978195751174871,PC P2RY14 GRM8,
TCATATCGTAGTACGG-1,2,Endo CLDN5 IL1R1,0.45180851640172776,Endo CLDN5 IL1R1,
TCATCATCACTGTCGG-1,1,OPC PDGFRA PCDH15,0.9999999999978335,OPC PDGFRA PCDH15,
TCATCATCATCTGGGC-1,7,Oligo MOG OPALIN,0.9995363957790095,Oligo MOG OPALIN,
TCATCATTCCAATCCC-1,2,Oligo MOG OPALIN,0.7225431526922169,Endo CLDN5 IL1R1,
TCATCCGCAAACACCT-1,5,Oligo MOG GSN,0.999995652378057,Oligo MOG GSN,
TCATCCGCATTGACTG-1,3,OPC PDGFRA PCDH15,0.99999999999995,OPC PDGFRA PCDH15,
TCATGAGTCTCAGGCG-1,2,Endo CLDN5 IL1R1,0.41118710124837315,Endo CLDN5 IL1R1,
TCATGCCTCACCGGGT-1,0,OPC PDGFRA PCDH15,0.9999999999960911,OPC PDGFRA PCDH15,
TCATGTTCAACAGTGG-1,17,Endo CLDN5 SLC7A5,0.6740554188219963,Endo CLDN5 SLC7A5,
TCATTACAGACCCGCT-1,4,Oligo MOG GSN,0.9988233977657931,Oligo MOG GSN,
TCATTACGTGATTCAC-1,2,Endo CLDN5 IL1R1,0.3124486028504745,Endo CLDN5 IL1R1,
TCATTTGAGCAACAGC-1,1,OPC PDGFRA PCDH15,0.9999999999592171,OPC PDGFRA PCDH15,
TCCACGTAGGCAGTCA-1,0,OPC PDGFRA PCDH15,0.9999999999434142,OPC PDGFRA PCDH15,
TCCACGTGTATACGGG-1,10,OPC PDGFRA PCDH15,0.9999999999394338,OPC PDGFRA PCDH15,
TCCACGTGTATTTCGG-1,23,Endo CLDN5 SLC7A5,0.9823655306428123,Endo CLDN5 DKK2,
TCCACGTTCAATCGGT-1,1,OPC PDGFRA PCDH15,0.9999999999999993,OPC PDGFRA PCDH15,
TCCATCGCACGTACAT-1,3,OPC PDGFRA PCDH15,0.9999999999999845,OPC PDGFRA PCDH15,
TCCATCGGTCCAGCGT-1,0,OPC PDGFRA PCDH15,0.9999999997263826,OPC PDGFRA PCDH15,
TCCCAGTGTCCTTAAG-1,3,OPC PDGFRA PCDH15,0.9999999999999551,OPC PDGFRA PCDH15,
TCCGATCCAAGTATCC-1,7,Oligo MOG OPALIN,0.8566870231400721,Oligo MOG OPALIN,
TCCGATCGTAACACGG-1,0,OPC PDGFRA PCDH15,0.9999999992530388,OPC PDGFRA PCDH15,
TCCGATCGTGCAACGA-1,2,Endo CLDN5 IL1R1,0.5576351357831919,Endo CLDN5 IL1R1,
TCCGGGAAGATGGCGT-1,15,Oligo MOG OPALIN,0.5559773214382331,Endo CLDN5 SLC7A5,
TCCGGGAAGCCTGGAA-1,5,Oligo MOG GSN,0.9997957938478294,Oligo MOG GSN,
TCCGGGAAGTAGCCAG-1,0,OPC PDGFRA PCDH15,0.9999999999024225,OPC PDGFRA PCDH15,
TCCGGGAAGTCCCAAT-1,11,Astro GFAP AQP1,0.8760121838593193,Astro AQP4 SLC1A2,
TCCGGGAGTGTGGACA-1,8,Oligo MOG OPALIN,0.9990838052979595,Oligo MOG OPALIN,
TCCTAATAGACTCAAA-1,14,Astro AQP4 SLC1A2,0.7538776808549443,Astro AQP4 SLC1A2,
TCCTAATCACGTTCGG-1,15,Endo CLDN5 SLC7A5,0.9508724029796259,Endo CLDN5 SLC7A5,
TCCTCCCAGCATATGA-1,16,Micro P2RY12 APBB1IP,0.9742772413954859,Micro P2RY12 APBB1IP,
TCCTCCCGTGTGCTTA-1,15,Endo CLDN5 SLC7A5,0.947062654047358,Endo CLDN5 SLC7A5,
TCCTCGATCCCATAAG-1,2,InN VIP EXPH5,0.3542461611000024,Endo CLDN5 IL1R1,
TCCTCGATCGAGAGAC-1,4,Oligo MOG OPALIN,0.9988137194017048,Oligo MOG GSN,
TCCTGCAAGGATTCAA-1,8,Oligo MOG OPALIN,0.9781158876373174,Oligo MOG OPALIN,
TCCTGCATCACGATCA-1,3,OPC PDGFRA PCDH15,0.9999999999933655,OPC PDGFRA PCDH15,
TCCTTCTCAGTTGCGC-1,0,OPC PDGFRA PCDH15,0.9999999999938356,OPC PDGFRA PCDH15,
TCCTTTCAGTGGTTCT-1,5,Oligo MOG GSN,0.9985819035883253,Oligo MOG GSN,
TCCTTTCGTACATACC-1,0,OPC PDGFRA PCDH15,0.9999999999950089,OPC PDGFRA PCDH15,
TCCTTTCGTGACAGGT-1,17,Endo CLDN5 SLC7A5,0.9990247227342456,Endo CLDN5 SLC7A5,
TCGAACAAGTTGCTCA-1,16,Macro F13A1 COLEC12,0.9911302337892046,Micro P2RY12 APBB1IP,
TCGAAGTAGTTGCATC-1,6,Oligo MOG OPALIN,0.9999224718902344,Oligo MOG OPALIN,
TCGAAGTGTTAAGCAA-1,9,Oligo MOG OPALIN,0.9972506136854915,Oligo MOG OPALIN,
TCGAAGTGTTGTTGAC-1,6,Oligo MOG OPALIN,0.9998521859020028,Oligo MOG OPALIN,
TCGACCTAGTATCCTG-1,4,Oligo MOG OPALIN,0.9933392851318182,Oligo MOG GSN,
TCGACGGGTACGCGTC-1,6,Oligo MOG OPALIN,0.9946158005250387,Oligo MOG OPALIN,
TCGATTTAGAGCGACT-1,13,PC P2RY14 GRM8,0.9999992705051811,PC P2RY14 GRM8,
TCGATTTTCACCTTAT-1,6,Oligo MOG OPALIN,0.9818415579698188,Oligo MOG OPALIN,
TCGATTTTCGCGTAGC-1,16,Micro P2RY12 CCL3,0.9187263406813774,Micro P2RY12 APBB1IP,
TCGCACTAGCAGGCTA-1,19,Endo CLDN5 SLC7A5,0.9389364299280473,Endo CLDN5 SLC7A5,
TCGCACTGTAAGCAAT-1,17,Endo CLDN5 SLC7A5,0.9997305730292146,Endo CLDN5 SLC7A5,
TCGCACTTCTCAACGA-1,5,Oligo MOG GSN,0.9999999187035529,Oligo MOG GSN,
TCGCTCAAGGTGCCTC-1,21,Astro AQP4 SLC1A2,0.440943199549447,Astro AQP4 SLC1A2,
TCGCTTGAGTCTGGAG-1,9,Oligo MOG OPALIN,0.7915440249512482,Oligo MOG OPALIN,
TCGCTTGTCTGTTGGA-1,13,PC P2RY14 GRM8,0.999989104133119,PC P2RY14 GRM8,
TCGGATACAAGTCCCG-1,13,PC P2RY14 GRM8,0.9999991408329897,PC P2RY14 GRM8,
TCGGATACATGTCTAG-1,20,OPC PDGFRA PCDH15,0.9999999970259401,OPC PDGFRA PCDH15,
TCGGGACGTCTCACGG-1,0,OPC PDGFRA PCDH15,0.9999999998182418,OPC PDGFRA PCDH15,
TCGGGACTCGGAGTAG-1,14,Astro AQP4 SLC1A2,0.9753502284452835,Astro AQP4 SLC1A2,
TCGGGTGAGCCTCAGC-1,4,Oligo MOG OPALIN,0.9842130879100317,Oligo MOG GSN,
TCGGGTGGTGGCTACC-1,10,OPC PDGFRA PCDH15,0.9999999999999076,OPC PDGFRA PCDH15,
TCGTAGACACCTGCAG-1,14,Astro AQP4 SLC1A2,0.9897309568293363,Astro AQP4 SLC1A2,
TCGTCCAAGGAGTACC-1,13,PC P2RY14 GRM8,0.9996643036503089,PC P2RY14 GRM8,
TCGTGCTAGCGCCGTT-1,0,OPC PDGFRA PCDH15,0.9999999998628888,OPC PDGFRA PCDH15,
TCGTGCTAGGTAGCCA-1,12,Oligo MOG GSN,0.9998812096372321,Oligo MOG GSN,
TCGTGCTCACATAGCT-1,16,T SKAP1 CD247,0.9999709551605973,Micro P2RY12 APBB1IP,
TCGTGGGAGCCATATC-1,20,OPC PDGFRA PCDH15,0.999999997711422,OPC PDGFRA PCDH15,
TCTAACTCATATACCG-1,12,Oligo MOG GSN,0.5743739417020572,Oligo MOG GSN,
TCTAACTTCGGAGTGA-1,5,Oligo MOG GSN,0.9999971951664041,Oligo MOG GSN,
TCTACATAGGCTTTCA-1,4,Oligo MOG GSN,0.983167060181889,Oligo MOG GSN,
TCTACATCAACATACC-1,9,Oligo MOG OPALIN,0.9356224412398197,Oligo MOG OPALIN,
TCTACATCAGAGTTGG-1,6,Oligo MOG OPALIN,0.9971240730014092,Oligo MOG OPALIN,
TCTACATGTACAACGG-1,2,Endo CLDN5 IL1R1,0.333298392080016,Endo CLDN5 IL1R1,
TCTACATTCTGTCGCT-1,0,OPC PDGFRA PCDH15,0.9999999999982518,OPC PDGFRA PCDH15,
TCTACCGAGTTGCCCG-1,1,OPC PDGFRA PCDH15,0.9999999999999987,OPC PDGFRA PCDH15,
TCTACCGCAGACAATA-1,9,Oligo MOG OPALIN,0.9999989077687103,Oligo MOG OPALIN,
TCTACCGCAGTTCTAG-1,4,Oligo MOG GSN,0.9889966214864085,Oligo MOG GSN,
TCTACCGCATCGATCA-1,8,Oligo MOG OPALIN,0.9999982493097324,Oligo MOG OPALIN,
TCTACCGGTAATTAGG-1,7,Oligo MOG OPALIN,0.9975956874255981,Oligo MOG OPALIN,
TCTATACCACGACCTG-1,12,Oligo MOG GSN,0.8776070240073969,Oligo MOG GSN,
TCTATACCAGAGAATT-1,14,Astro GFAP AQP1,0.7079567067614079,Astro AQP4 SLC1A2,
TCTATACTCCAAGCAT-1,3,OPC PDGFRA PCDH15,0.9999999999990801,OPC PDGFRA PCDH15,
TCTATCAAGATCCCAT-1,12,Oligo MOG GSN,0.9968099556244904,Oligo MOG GSN,
TCTATCACAAACGAGC-1,8,Oligo MOG OPALIN,0.9954881295542454,Oligo MOG OPALIN,
TCTATCATCGAAGAAT-1,1,OPC PDGFRA PCDH15,0.9999999999992026,OPC PDGFRA PCDH15,
TCTCACGCAAGAGTGC-1,3,OPC PDGFRA PCDH15,0.9999999999987994,OPC PDGFRA PCDH15,
TCTCACGCATGTTCAG-1,1,OPC PDGFRA PCDH15,0.9999999999941587,OPC PDGFRA PCDH15,
TCTCACGTCTACCAGA-1,12,Oligo MOG GSN,0.346361523342696,Oligo MOG GSN,
TCTCAGCCACCTGAAT-1,8,Oligo MOG OPALIN,0.9997695321713411,Oligo MOG OPALIN,
TCTGCCAAGATGATTG-1,13,PC P2RY14 GRM8,0.9999825374191712,PC P2RY14 GRM8,
TCTGCCACACAATGCT-1,9,Oligo MOG OPALIN,0.9978039786367934,Oligo MOG OPALIN,
TCTGCCAGTACGATCT-1,4,Oligo MOG GSN,0.7920268054224581,Oligo MOG GSN,
TCTGGCTCACCGTGAC-1,8,Oligo MOG OPALIN,0.9998229073719183,Oligo MOG OPALIN,
TCTGGCTGTGGTCCCA-1,0,OPC PDGFRA PCDH15,0.9999999999985443,OPC PDGFRA PCDH15,
TCTGGCTTCTTACACT-1,6,Oligo MOG GSN,0.775539703760374,Oligo MOG OPALIN,
TCTGTCGTCAAATGCC-1,1,OPC PDGFRA PCDH15,0.999999999999803,OPC PDGFRA PCDH15,
TCTTAGTTCCTTCGAC-1,10,OPC PDGFRA PCDH15,0.9999999999998292,OPC PDGFRA PCDH15,
TCTTCCTAGCATGTTC-1,19,Endo CLDN5 SLC7A5,0.8534717916574062,Endo CLDN5 SLC7A5,
TCTTCCTGTATCGCGC-1,11,Astro AQP4 SLC1A2,0.7247092272901603,Astro AQP4 SLC1A2,
TCTTCCTTCTGTCAGA-1,3,OPC PDGFRA PCDH15,0.9999999999999498,OPC PDGFRA PCDH15,
TCTTTGACATAGCACT-1,2,Endo CLDN5 IL1R1,0.3592616977172125,Endo CLDN5 IL1R1,
TCTTTGAGTAATGCTC-1,8,Oligo MOG OPALIN,0.9998448921897393,Oligo MOG OPALIN,
TCTTTGAGTAGTCGGA-1,11,Astro GFAP AQP1,0.3158397265030555,Astro AQP4 SLC1A2,
TCTTTGATCGAACCTA-1,2,Endo CLDN5 IL1R1,0.41539864371624896,Endo CLDN5 IL1R1,
TGAACGTAGTTATGGA-1,20,OPC PDGFRA PCDH15,0.9999936203216346,OPC PDGFRA PCDH15,
TGAACGTTCGAGTCTA-1,13,PC P2RY14 GRM8,0.9883829524153256,PC P2RY14 GRM8,
TGAACGTTCGGTGTTA-1,16,Micro P2RY12 APBB1IP,0.8420599346773262,Micro P2RY12 APBB1IP,
TGAATCGCACTTCTCG-1,1,OPC PDGFRA PCDH15,0.9999999999971927,OPC PDGFRA PCDH15,
TGAATGCAGAGGTCAC-1,5,Oligo MOG GSN,0.9999952780022338,Oligo MOG GSN,
TGAATGCCATAACAGA-1,12,Oligo MOG GSN,0.9960691669272633,Oligo MOG GSN,
TGACCCTTCAGAACCT-1,1,OPC PDGFRA PCDH15,0.9999999998913349,OPC PDGFRA PCDH15,
TGACGCGAGCGATGAC-1,6,Oligo MOG OPALIN,0.9928450544268713,Oligo MOG OPALIN,
TGAGCATTCGAGCTGC-1,23,Endo CLDN5 IL1R1,0.6466352492563759,Endo CLDN5 DKK2,
TGAGCGCCACCTCGTT-1,1,OPC PDGFRA PCDH15,0.9999999999988383,OPC PDGFRA PCDH15,
TGAGGGAAGTAAGACT-1,6,Oligo MOG OPALIN,0.9996816766358374,Oligo MOG OPALIN,
TGAGGGACAACCCTCT-1,10,OPC PDGFRA PCDH15,0.9999999996434232,OPC PDGFRA PCDH15,
TGAGGTTAGGCGAACT-1,4,Oligo MOG GSN,0.9738186529091123,Oligo MOG GSN,
TGAGGTTAGGGAGGCA-1,11,Astro AQP4 SLC1A2,0.3948142830580708,Astro AQP4 SLC1A2,
TGAGGTTCATCGCCTT-1,2,Endo CLDN5 IL1R1,0.514097375513541,Endo CLDN5 IL1R1,
TGAGTCAGTGTCTTAG-1,14,Astro AQP4 SLC1A2,0.46331400085723357,Astro AQP4 SLC1A2,
TGATCTTTCCCTATTA-1,1,OPC PDGFRA PCDH15,0.9999999998996552,OPC PDGFRA PCDH15,
TGATGCACACTAGGCC-1,21,Astro AQP4 SLC1A2,0.60786711379218,Astro AQP4 SLC1A2,
TGATGCAGTCCGTACG-1,1,OPC PDGFRA PCDH15,0.9999999999940881,OPC PDGFRA PCDH15,
TGATGGTAGCCATATC-1,6,Oligo MOG OPALIN,0.9986782655850632,Oligo MOG OPALIN,
TGATGGTCATAGCACT-1,2,Endo CLDN5 IL1R1,0.3844698468748273,Endo CLDN5 IL1R1,
TGATTCTAGGATATGT-1,5,Oligo MOG GSN,0.9148784209478266,Oligo MOG GSN,
TGATTTCAGCTGCGAA-1,10,OPC PDGFRA PCDH15,0.9999999999987554,OPC PDGFRA PCDH15,
TGCACGGTCGTTAGAC-1,10,OPC PDGFRA PCDH15,0.9999999999375802,OPC PDGFRA PCDH15,
TGCACGGTCTTTGCGC-1,10,OPC PDGFRA PCDH15,0.9999999999980391,OPC PDGFRA PCDH15,
TGCAGATGTGGATCGA-1,0,OPC PDGFRA PCDH15,0.9999999999906077,OPC PDGFRA PCDH15,
TGCAGGCAGAATAGTC-1,4,Oligo MOG GSN,0.9912439543272352,Oligo MOG GSN,
TGCAGGCCAACGAGGT-1,16,Micro P2RY12 APBB1IP,0.38063100921212767,Micro P2RY12 APBB1IP,
TGCAGTAAGCAAGTGC-1,19,Endo CLDN5 IL1R1,0.3301351249584128,Endo CLDN5 SLC7A5,
TGCAGTAGTTCGCGTG-1,21,Endo CLDN5 SLC7A5,0.4354115649414134,Astro AQP4 SLC1A2,
TGCATGAGTAGCCCTG-1,1,OPC PDGFRA PCDH15,0.9999999999992284,OPC PDGFRA PCDH15,
TGCCGAGGTGCCCGTA-1,3,OPC PDGFRA PCDH15,0.999999999999408,OPC PDGFRA PCDH15,
TGCGACGGTCAAAGAT-1,5,Oligo MOG GSN,0.9999096693078047,Oligo MOG GSN,
TGCGATACACCTCTAC-1,21,Astro AQP4 SLC1A2,0.32062468655748266,Astro AQP4 SLC1A2,
TGCGGCACATCCCACT-1,8,Oligo MOG OPALIN,0.9995378513423533,Oligo MOG OPALIN,
TGCGGGTAGTCCCGAC-1,5,Oligo MOG GSN,0.9999998913081043,Oligo MOG GSN,
TGCGGGTCACATCCCT-1,2,OPC PDGFRA PCDH15,0.3411650470383754,Endo CLDN5 IL1R1,
TGCTCCAAGGAACGTC-1,15,Endo CLDN5 SLC7A5,0.8598663071867974,Endo CLDN5 SLC7A5,
TGCTGAAAGCATGGGT-1,21,L2-3 CUX2 NTNG1 PALMD,0.8015105054782664,Astro AQP4 SLC1A2,
TGCTGAATCGTGTCAA-1,12,Oligo MOG GSN,0.8706194061644996,Oligo MOG GSN,
TGCTTCGCATAATCGC-1,2,Endo CLDN5 IL1R1,0.4053153362166611,Endo CLDN5 IL1R1,
TGCTTCGTCGACGACC-1,14,Astro AQP4 SLC1A2,0.5110880900885886,Astro AQP4 SLC1A2,
TGCTTGCTCTTGGTCC-1,7,Oligo MOG OPALIN,0.9918404087382561,Oligo MOG OPALIN,
TGGAACTCACCTGTCT-1,16,Micro P2RY12 APBB1IP,0.9951605041286876,Micro P2RY12 APBB1IP,
TGGAACTCACGGCGTT-1,7,Oligo MOG OPALIN,0.9760029212290179,Oligo MOG OPALIN,
TGGAACTCATCATTTC-1,9,Oligo MOG OPALIN,0.9830906143966796,Oligo MOG OPALIN,
TGGAACTGTCTTAGTG-1,14,Astro AQP4 SLC1A2,0.9540737423207418,Astro AQP4 SLC1A2,
TGGAGAGGTCCACTTC-1,3,OPC PDGFRA PCDH15,0.9999999999992524,OPC PDGFRA PCDH15,
TGGATCAGTCTGTAAC-1,2,Endo CLDN5 IL1R1,0.6514150572993397,Endo CLDN5 IL1R1,
TGGATGTCAGAAATCA-1,20,OPC PDGFRA PCDH15,0.9999995712184189,OPC PDGFRA PCDH15,
TGGATGTTCACTTATC-1,9,Oligo MOG OPALIN,0.9989680329689816,Oligo MOG OPALIN,
TGGATGTTCATCACCC-1,7,Oligo MOG OPALIN,0.9980229198074377,Oligo MOG OPALIN,
TGGCGTGAGTCCGCGT-1,12,Oligo MOG GSN,0.9970126892732221,Oligo MOG GSN,
TGGGAAGCATACAGAA-1,22,Oligo MOG OPALIN,0.775625231906307,Oligo MOG OPALIN,
TGGGAAGGTACAGTCT-1,11,Astro AQP4 SLC1A2,0.4357907329774122,Astro AQP4 SLC1A2,
TGGGAAGGTGCTTATG-1,5,Oligo MOG GSN,0.9999994902596507,Oligo MOG GSN,
TGGGAGATCAGAGCGA-1,4,Oligo MOG OPALIN,0.824164960344273,Oligo MOG GSN,
TGGGAGATCAGTCCGG-1,4,Oligo MOG OPALIN,0.9859744137458352,Oligo MOG GSN,
TGGGATTCACGCAGTC-1,9,Oligo MOG OPALIN,0.9996973932534117,Oligo MOG OPALIN,
TGGGATTGTTTGTGGT-1,2,Endo CLDN5 IL1R1,0.38326796924962797,Endo CLDN5 IL1R1,
TGGGCTGCACTCACTC-1,3,OPC PDGFRA PCDH15,0.9999999999897846,OPC PDGFRA PCDH15,
TGGGCTGGTGACAGGT-1,0,OPC PDGFRA PCDH15,0.9999999961333361,OPC PDGFRA PCDH15,
TGGTACAGTTCTTGCC-1,9,Oligo MOG OPALIN,0.9938049247379811,Oligo MOG OPALIN,
TGGTAGTCATAGGCGA-1,1,OPC PDGFRA PCDH15,0.9999999999994265,OPC PDGFRA PCDH15,
TGTAACGAGCGAGTAC-1,18,Oligo MOG OPALIN,0.9999690146950919,Oligo MOG OPALIN,
TGTACAGCACGCGGTT-1,7,Oligo MOG OPALIN,0.9999920675247594,Oligo MOG OPALIN,
TGTAGACAGTTATGGA-1,0,OPC PDGFRA PCDH15,0.999999998760442,OPC PDGFRA PCDH15,
TGTCAGAAGCCTGACC-1,2,Endo CLDN5 IL1R1,0.3624176353062798,Endo CLDN5 IL1R1,
TGTCAGACAACAGTGG-1,2,Endo CLDN5 IL1R1,0.3460358485673649,Endo CLDN5 IL1R1,
TGTCAGACAAGAGTGC-1,22,L2-4 CUX2 RORB CLMN,0.32076725873811357,Oligo MOG OPALIN,
TGTCAGAGTGTATCCA-1,0,OPC PDGFRA PCDH15,0.9999999999915616,OPC PDGFRA PCDH15,
TGTCCACAGTCCGCCA-1,10,OPC PDGFRA PCDH15,0.9999999999992544,OPC PDGFRA PCDH15,
TGTCCACTCATGAGGG-1,3,OPC PDGFRA PCDH15,0.9999999999999947,OPC PDGFRA PCDH15,
TGTCCCAAGTATGACA-1,0,OPC PDGFRA PCDH15,0.9999999999962743,OPC PDGFRA PCDH15,
TGTGAGTTCTAGCAAC-1,1,OPC PDGFRA PCDH15,0.9999999999999276,OPC PDGFRA PCDH15,
TGTGATGAGCATCCTA-1,12,Oligo MOG GSN,0.9965136302466285,Oligo MOG GSN,
TGTGCGGCAAGAGCTG-1,7,Oligo MOG OPALIN,0.9999872295614292,Oligo MOG OPALIN,
TGTGGCGGTGCAACGA-1,2,Endo CLDN5 IL1R1,0.36921915364097596,Endo CLDN5 IL1R1,
TGTGGCGTCCATAAGC-1,1,OPC PDGFRA PCDH15,0.9999999999696567,OPC PDGFRA PCDH15,
TGTTACTTCGCCACTT-1,23,Endo CLDN5 SLC7A5,0.9723582479237026,Endo CLDN5 DKK2,
TGTTCATCACATTACG-1,8,Oligo MOG OPALIN,0.999666525459438,Oligo MOG OPALIN,
TGTTCATGTGCCGGTT-1,0,OPC PDGFRA PCDH15,0.9999999999999509,OPC PDGFRA PCDH15,
TGTTCTAGTGATTAGA-1,9,Oligo MOG OPALIN,0.6858068575754123,Oligo MOG OPALIN,
TGTTGAGCATGAGTAA-1,0,OPC PDGFRA PCDH15,0.9999999999987035,OPC PDGFRA PCDH15,
TGTTGAGCATTGTCGA-1,6,Oligo MOG OPALIN,0.9999116918669423,Oligo MOG OPALIN,
TGTTGGAGTTGAGAGC-1,1,OPC PDGFRA PCDH15,0.9999999999987692,OPC PDGFRA PCDH15,
TGTTTGTCAAAGGCGT-1,18,Oligo MOG OPALIN,0.9998056082230435,Oligo MOG OPALIN,
TGTTTGTCAGACCGCT-1,15,Endo CLDN5 SLC7A5,0.5643575769144292,Endo CLDN5 SLC7A5,
TTAATCCAGAGTATAC-1,2,Endo CLDN5 IL1R1,0.41026435599569294,Endo CLDN5 IL1R1,
TTACCATGTGTTAACC-1,13,SMC ACTA2 CYP1B1,0.9906943176910319,PC P2RY14 GRM8,
TTACCATTCTGACAGT-1,15,L3-5 RORB MKX GRIN3A,0.4555776505583769,Endo CLDN5 SLC7A5,
TTACCGCAGCGCCATC-1,3,OPC PDGFRA PCDH15,0.9999999999999738,OPC PDGFRA PCDH15,
TTACCGCAGTAGGGTC-1,11,Astro AQP4 SLC1A2,0.4295113319058448,Astro AQP4 SLC1A2,
TTACCGCGTTACCCTC-1,6,Oligo MOG OPALIN,0.9997135445445743,Oligo MOG OPALIN,
TTACCGCTCCCTATTA-1,7,Oligo MOG OPALIN,0.9997673999618201,Oligo MOG OPALIN,
TTACGTTTCTAAGGAA-1,1,OPC PDGFRA PCDH15,0.9999999999998865,OPC PDGFRA PCDH15,
TTACTGTGTAGCTGAG-1,5,Oligo MOG GSN,0.9999996355633922,Oligo MOG GSN,
TTAGGCAAGCATGGGT-1,0,OPC PDGFRA PCDH15,0.9999999999262941,OPC PDGFRA PCDH15,
TTAGTCTCACAGGATG-1,3,OPC PDGFRA PCDH15,0.9999999999823335,OPC PDGFRA PCDH15,
TTAGTCTGTATAGCTC-1,19,Endo CLDN5 IL1R1,0.5520858789049619,Endo CLDN5 SLC7A5,
TTAGTCTTCGCCATAA-1,10,OPC PDGFRA PCDH15,0.9999999999999609,OPC PDGFRA PCDH15,
TTATTGCTCTCCGAAA-1,11,Astro AQP4 SLC1A2,0.688316642643466,Astro AQP4 SLC1A2,
TTCAATCCAGCAGTCC-1,20,OPC PDGFRA PCDH15,0.9999999958254753,OPC PDGFRA PCDH15,
TTCAATCGTTGCCTAA-1,2,Endo CLDN5 IL1R1,0.7699951399135375,Endo CLDN5 IL1R1,
TTCACGCCACCACTGG-1,3,OPC PDGFRA PCDH15,0.9999999999999876,OPC PDGFRA PCDH15,
TTCAGGATCATTTACC-1,3,OPC PDGFRA PCDH15,0.9999999999989673,OPC PDGFRA PCDH15,
TTCATGTCATGAAGGC-1,9,Oligo MOG OPALIN,0.9998116097886269,Oligo MOG OPALIN,
TTCATTGCAAGAGTTA-1,15,Endo CLDN5 SLC7A5,0.9421543527156798,Endo CLDN5 SLC7A5,
TTCATTGGTCTAACGT-1,5,Oligo MOG GSN,0.999979594292234,Oligo MOG GSN,
TTCATTGTCGTTGTTT-1,14,Astro AQP4 SLC1A2,0.9376067809333312,Astro AQP4 SLC1A2,
TTCCAATGTTCGAACT-1,4,Oligo MOG OPALIN,0.7542789936030182,Oligo MOG GSN,
TTCCACGCAGACATCT-1,15,Endo CLDN5 SLC7A5,0.6377925439335884,Endo CLDN5 SLC7A5,
TTCCGGTGTCGCATGC-1,20,OPC PDGFRA PCDH15,0.999909371407662,OPC PDGFRA PCDH15,
TTCCGGTTCGCTGTTC-1,18,Oligo MOG OPALIN,0.9136667368136582,Oligo MOG OPALIN,
TTCCTAAAGAGCAGCT-1,19,Endo CLDN5 IL1R1,0.4610108290430225,Endo CLDN5 SLC7A5,
TTCCTAAAGGTAAACT-1,7,Oligo MOG OPALIN,0.9999886769818781,Oligo MOG OPALIN,
TTCCTAAGTCATCAGT-1,6,Oligo MOG GSN,0.30805655936051124,Oligo MOG OPALIN,
TTCCTCTAGGCGAACT-1,2,Endo CLDN5 IL1R1,0.4409766322385514,Endo CLDN5 IL1R1,
TTCCTCTAGTAAGAGG-1,18,Oligo MOG OPALIN,0.999707472688263,Oligo MOG OPALIN,
TTCCTCTCACCGGTCA-1,4,Oligo MOG OPALIN,0.9769207868248339,Oligo MOG GSN,
TTCCTTCAGCACGGAT-1,5,Oligo MOG GSN,0.999999998717436,Oligo MOG GSN,
TTCCTTCTCGTCTAAG-1,10,OPC PDGFRA PCDH15,0.9999999998835825,OPC PDGFRA PCDH15,
TTCGATTCAGGAATCG-1,4,Oligo MOG GSN,0.8937921699423934,Oligo MOG GSN,
TTCGCTGTCCACAGGC-1,4,Oligo MOG OPALIN,0.9857606511266933,Oligo MOG GSN,
TTCGCTGTCTCCGCAT-1,17,Endo CLDN5 SLC7A5,0.98082795177781,Endo CLDN5 SLC7A5,
TTCGGTCCAGAGTGTG-1,16,Micro P2RY12 APBB1IP,0.8404176616759451,Micro P2RY12 APBB1IP,
TTCTAGTAGGCTCAAG-1,0,OPC PDGFRA PCDH15,0.9999999996681914,OPC PDGFRA PCDH15,
TTCTGTAAGCAAACAT-1,8,Oligo MOG OPALIN,0.9999738510449401,Oligo MOG OPALIN,
TTCTGTACAGTCGGTC-1,18,Oligo MOG OPALIN,0.9940454213159231,Oligo MOG OPALIN,
TTCTTCCCAAATCGGG-1,8,Oligo MOG OPALIN,0.9978699203255262,Oligo MOG OPALIN,
TTCTTCCTCAGGGATG-1,13,PC P2RY14 GRM8,0.9294388108366715,PC P2RY14 GRM8,
TTCTTGACAAGCGAGT-1,11,Macro F13A1 COLEC12,0.9999566242266538,Astro AQP4 SLC1A2,
TTCTTGATCCATGAGT-1,2,Endo CLDN5 IL1R1,0.3559721148154563,Endo CLDN5 IL1R1,
TTGAACGAGCACAAAT-1,8,Oligo MOG OPALIN,0.9999976339823261,Oligo MOG OPALIN,
TTGACCCGTCCTGTTC-1,13,PC P2RY14 GRM8,0.9996608337006369,PC P2RY14 GRM8,
TTGAGTGGTGCTGCAC-1,6,Oligo MOG OPALIN,0.9904210706059041,Oligo MOG OPALIN,
TTGAGTGTCCATCGTC-1,1,OPC PDGFRA PCDH15,0.9999999999997315,OPC PDGFRA PCDH15,
TTGAGTGTCCGCAAAT-1,0,OPC PDGFRA PCDH15,0.999999999997375,OPC PDGFRA PCDH15,
TTGATGGGTCCGGACT-1,15,Endo CLDN5 SLC7A5,0.9607940281935717,Endo CLDN5 SLC7A5,
TTGATGGTCAGCATTG-1,17,Endo CLDN5 SLC7A5,0.915115286748694,Endo CLDN5 SLC7A5,
TTGATGGTCCTAACAG-1,4,Oligo MOG OPALIN,0.999191860980378,Oligo MOG GSN,
TTGCATTAGATTGCGG-1,7,Oligo MOG OPALIN,0.9983947226371476,Oligo MOG OPALIN,
TTGCATTAGGACATCG-1,18,OPC PDGFRA PCDH15,0.9999998454826563,Oligo MOG OPALIN,
TTGCATTGTCCAGCCA-1,19,Endo CLDN5 IL1R1,0.3308105609637829,Endo CLDN5 SLC7A5,
TTGCCTGGTGCGGTAA-1,18,Oligo MOG OPALIN,0.9983949309910598,Oligo MOG OPALIN,
TTGCCTGGTTGCCATA-1,23,Endo CLDN5 DKK2,0.9774674305680053,Endo CLDN5 DKK2,
TTGCGTCTCTGACCCT-1,2,InN VIP EXPH5,0.7190937059486868,Endo CLDN5 IL1R1,
TTGCTGCTCATTGCGA-1,22,L2-4 CUX2 RORB CLMN,0.4347321087746302,Oligo MOG OPALIN,
TTGGATGTCTCATGGA-1,1,OPC PDGFRA PCDH15,0.9999999883713467,OPC PDGFRA PCDH15,
TTGGATGTCTGGGCCA-1,4,Oligo MOG OPALIN,0.8461249716540571,Oligo MOG GSN,
TTGGGTACAAGAGATT-1,17,Endo CLDN5 SLC7A5,0.9649932927032235,Endo CLDN5 SLC7A5,
TTGGGTATCATTGTTC-1,8,Oligo MOG OPALIN,0.999951960613317,Oligo MOG OPALIN,
TTGGTTTGTCGCAGTC-1,2,Endo CLDN5 IL1R1,0.5489344218800958,Endo CLDN5 IL1R1,
TTGGTTTGTTGGACCC-1,16,Micro P2RY12 APBB1IP,0.9970236274047952,Micro P2RY12 APBB1IP,
TTGTGGATCGAAACAA-1,22,InN PVALB SYT2,0.7050059814843039,Oligo MOG OPALIN,
TTGTGTTAGATTGCGG-1,17,Endo CLDN5 SLC7A5,0.9989478587332411,Endo CLDN5 SLC7A5,
TTGTGTTTCTATCACT-1,6,Oligo MOG OPALIN,0.99784916685851,Oligo MOG OPALIN,
TTGTTCACAGCGTTTA-1,3,OPC PDGFRA PCDH15,0.9999999999999212,OPC PDGFRA PCDH15,
TTGTTCATCCAAACCA-1,2,Endo CLDN5 IL1R1,0.533447881537274,Endo CLDN5 IL1R1,
TTGTTGTAGACCATTC-1,19,Endo CLDN5 IL1R1,0.33927042363985094,Endo CLDN5 SLC7A5,
TTGTTGTGTACGTACT-1,1,OPC PDGFRA PCDH15,0.9999999997926954,OPC PDGFRA PCDH15,
TTGTTTGAGACATGCG-1,2,Oligo MOG OPALIN,0.9416392311483199,Endo CLDN5 IL1R1,
TTGTTTGCACATATCG-1,2,Endo CLDN5 IL1R1,0.42177933841637993,Endo CLDN5 IL1R1,
TTTACCAAGCCATGCC-1,6,Oligo MOG OPALIN,0.3999869844942242,Oligo MOG OPALIN,
TTTACCACACTATCCC-1,0,OPC PDGFRA PCDH15,0.9999999999998426,OPC PDGFRA PCDH15,
TTTACCATCTCGGGAC-1,10,OPC PDGFRA PCDH15,0.9999999999995295,OPC PDGFRA PCDH15,
TTTACGTCAAGCTGTT-1,3,OPC PDGFRA PCDH15,0.9999999999941753,OPC PDGFRA PCDH15,
TTTACTGAGACCTCAT-1,21,L2-3 CUX2 NTNG1 PALMD,0.7645371203901333,Astro AQP4 SLC1A2,
TTTACTGAGCGTCTGC-1,2,Endo CLDN5 IL1R1,0.6574566143263211,Endo CLDN5 IL1R1,
TTTACTGAGTTGCGCC-1,2,Endo CLDN5 IL1R1,0.5274303777920673,Endo CLDN5 IL1R1,
TTTATGCCAGCGTATT-1,2,Endo CLDN5 IL1R1,0.46054965625573163,Endo CLDN5 IL1R1,
TTTATGCGTACAGAGC-1,17,Endo CLDN5 SLC7A5,0.6724450875780261,Endo CLDN5 SLC7A5,
TTTCACATCATCACCC-1,11,Astro AQP4 SLC1A2,0.8799926279843897,Astro AQP4 SLC1A2,
TTTCAGTAGTGGTTAA-1,10,OPC PDGFRA PCDH15,0.9999999999848221,OPC PDGFRA PCDH15,
TTTCCTCAGAGTCGAC-1,15,Endo CLDN5 SLC7A5,0.9821858769090167,Endo CLDN5 SLC7A5,
TTTCGATAGTAGGCCA-1,21,InN LAMP5 RELN,0.9998054148800658,Astro AQP4 SLC1A2,
TTTGACTGTTATCTTC-1,5,Oligo MOG GSN,0.9990363301264302,Oligo MOG GSN,
TTTGACTTCATTACCT-1,3,OPC PDGFRA PCDH15,0.9999999999416451,OPC PDGFRA PCDH15,
TTTGATCCAATGAAAC-1,4,Oligo MOG GSN,0.3767656128894489,Oligo MOG GSN,
TTTGGAGCAAGTGGGT-1,18,Oligo MOG OPALIN,0.9991326288144311,Oligo MOG OPALIN,
TTTGGAGTCATCACCC-1,18,Oligo MOG OPALIN,0.9863434420319239,Oligo MOG OPALIN,
TTTGGAGTCCTAAACG-1,21,Astro AQP4 SLC1A2,0.340435673188973,Astro AQP4 SLC1A2,
TTTGGAGTCGGTTGTA-1,0,OPC PDGFRA PCDH15,0.9999999999125546,OPC PDGFRA PCDH15,
TTTGGAGTCTTGCGCT-1,1,OPC PDGFRA PCDH15,0.9999999999999805,OPC PDGFRA PCDH15,
TTTGGTTAGATGGCAC-1,8,Oligo MOG OPALIN,0.9996948171688845,Oligo MOG OPALIN,
TTTGGTTAGTTACGGG-1,18,Oligo MOG GSN,0.8677342178264946,Oligo MOG OPALIN,
TTTGGTTGTATCGTGT-1,17,Endo CLDN5 IL1R1,0.5228736038509157,Endo CLDN5 SLC7A5,
TTTGGTTGTTTACTTC-1,2,Endo CLDN5 IL1R1,0.3677997783992299,Endo CLDN5 IL1R1,
TTTGTTGCACTACACA-1,0,OPC PDGFRA PCDH15,0.9999999999996922,OPC PDGFRA PCDH15,
