,leiden,ctpt_individual_prediction,ctpt_confidence,ctpt_consensus_prediction,manual_annotation
AAACCCAAGAGGTATT-1,9,OPC PDGFRA PCDH15,0.9999999995934687,OPC PDGFRA PCDH15,
AAACCCACAGCTATAC-1,3,Oligo MOG OPALIN,0.9999899479749516,Oligo MOG OPALIN,
AAACCCATCTTGGAAC-1,2,Oligo MOG OPALIN,0.9999829544244762,Oligo MOG OPALIN,
AAACGAAAGTGTAGAT-1,6,Endo CLDN5 SLC7A5,0.7554147345810848,Endo CLDN5 SLC7A5,
AAACGCTAGGCGCTTC-1,7,Endo CLDN5 SLC7A5,0.9962347152610787,Endo CLDN5 SLC7A5,
AAACGCTCATGTCAGT-1,0,Oligo MOG OPALIN,0.9999959502370965,Oligo MOG OPALIN,
AAACGCTTCACTCACC-1,8,Oligo MOG OPALIN,0.9984594410327053,Oligo MOG OPALIN,
AAAGAACAGGTTATAG-1,9,OPC PDGFRA PCDH15,0.9999994871057544,OPC PDGFRA PCDH15,
AAAGGATAGGTATCTC-1,2,Oligo MOG OPALIN,0.9968242986987392,Oligo MOG OPALIN,
AAAGGGCCAGAGTGAC-1,3,Oligo MOG OPALIN,0.7871293837781497,Oligo MOG OPALIN,
AAAGGGCGTCACCGAC-1,1,Oligo MOG OPALIN,0.999733826900289,Oligo MOG OPALIN,
AAAGGTAGTACACGCC-1,22,InN VIP FREM2,0.3163960695162107,InN VIP EXPH5,
AAAGGTAGTGGTAATA-1,16,L3-5 RORB PCBP3 IL1RAPL2,0.9900745083838823,L3-5 RORB MKX GRIN3A,
AAAGGTATCTCCGAAA-1,0,Oligo MOG OPALIN,0.9999399566749648,Oligo MOG OPALIN,
AAAGTCCCATGGAGAC-1,0,Oligo MOG OPALIN,0.9999997342062048,Oligo MOG OPALIN,
AAAGTCCTCCGAGCTG-1,11,Endo CLDN5 SLC7A5,0.9844968714134897,Endo CLDN5 SLC7A5,
AAAGTCCTCTCCGCAT-1,15,Endo CLDN5 SLC7A5,0.9633302577054782,Endo CLDN5 SLC7A5,
AAAGTGACAAGCACAG-1,0,Oligo MOG OPALIN,0.9999767369399158,Oligo MOG OPALIN,
AAAGTGACATAGATCC-1,0,Oligo MOG OPALIN,0.9999906281172187,Oligo MOG OPALIN,
AAAGTGACATGGTACT-1,2,Oligo MOG OPALIN,0.9999945499981024,Oligo MOG OPALIN,
AAAGTGAGTGCGCTCA-1,1,Oligo MOG OPALIN,0.9945652962610844,Oligo MOG OPALIN,
AAATGGACAAATGGTA-1,2,Oligo MOG OPALIN,0.9999976647354275,Oligo MOG OPALIN,
AAATGGACAAGACGGT-1,2,Oligo MOG OPALIN,0.9984970081863167,Oligo MOG OPALIN,
AAATGGATCCGCTTAC-1,0,Oligo MOG OPALIN,0.9999732058015086,Oligo MOG OPALIN,
AACAAAGTCGGTCGGT-1,5,Endo CLDN5 SLC7A5,0.3612331009288699,Astro AQP4 SLC1A2,
AACAACCAGGGATCTG-1,3,Oligo MOG OPALIN,0.9999987626217547,Oligo MOG OPALIN,
AACAACCCAATAGTGA-1,1,Oligo MOG OPALIN,0.9502182219638488,Oligo MOG OPALIN,
AACAACCTCTGGCTGG-1,4,Endo CLDN5 SLC7A5,0.996648042394826,Endo CLDN5 SLC7A5,
AACAAGAAGAGCCCAA-1,25,PC P2RY14 GRM8,0.9999440729517153,PC P2RY14 GRM8,
AACAAGAAGGATGCGT-1,7,Endo CLDN5 SLC7A5,0.5270789300341737,Endo CLDN5 SLC7A5,
AACAAGACACGGCCAT-1,18,Oligo MOG GSN,0.9862245080122141,Oligo MOG GSN,
AACAAGACAGAGTTCT-1,10,Micro P2RY12 APBB1IP,0.7610372154022433,Micro P2RY12 APBB1IP,
AACAAGAGTGAGGAAA-1,3,Oligo MOG OPALIN,0.9965233713484802,Oligo MOG OPALIN,
AACACACAGGGCAATC-1,4,Endo CLDN5 SLC7A5,0.7932971379964586,Endo CLDN5 SLC7A5,
AACACACCATATGGCT-1,0,Oligo MOG OPALIN,0.9999982313276021,Oligo MOG OPALIN,
AACAGGGAGCGCCTAC-1,4,Endo CLDN5 SLC7A5,0.9969772330034492,Endo CLDN5 SLC7A5,
AACAGGGAGTCCCGAC-1,3,Oligo MOG OPALIN,0.9999993708773848,Oligo MOG OPALIN,
AACAGGGCAAATGATG-1,12,Endo CLDN5 SLC7A5,0.9823270637984551,Endo CLDN5 SLC7A5,
AACAGGGGTGATGAAT-1,8,Oligo MOG OPALIN,0.9999943204252728,Oligo MOG OPALIN,
AACAGGGTCCGACGGT-1,21,InN PVALB HPSE,0.984864890958319,InN SST HTR2C,
AACCAACCAGGCATGA-1,2,Oligo MOG OPALIN,0.999997201081176,Oligo MOG OPALIN,
AACCACAGTAGGTCAG-1,7,Endo CLDN5 SLC7A5,0.9787198951555369,Endo CLDN5 SLC7A5,
AACCACAGTGTATTCG-1,13,Oligo MOG OPALIN,0.8537951800041547,Oligo MOG OPALIN,
AACCACATCGCACGGT-1,1,Oligo MOG OPALIN,0.9999997710734663,Oligo MOG OPALIN,
AACCATGAGTATGATG-1,2,Oligo MOG OPALIN,0.9999929024652227,Oligo MOG OPALIN,
AACCATGCATGTACGT-1,3,Oligo MOG OPALIN,0.9790817064883905,Oligo MOG OPALIN,
AACCATGGTTCAAGGG-1,12,Endo CLDN5 SLC7A5,0.8904939787284069,Endo CLDN5 SLC7A5,
AACCATGTCTTAGCTT-1,18,Oligo MOG GSN,0.9999930466326542,Oligo MOG GSN,
AACCCAAAGCGCTTCG-1,7,Endo CLDN5 SLC7A5,0.9809995362397891,Endo CLDN5 SLC7A5,
AACCCAAAGTCGGCCT-1,7,Endo CLDN5 SLC7A5,0.7709885933311448,Endo CLDN5 SLC7A5,
AACCCAACAGCTGAAG-1,21,InN SST PLPP4,0.3906175079435805,InN SST HTR2C,
AACCCAAGTGGACTGA-1,0,Oligo MOG OPALIN,0.9998579617126708,Oligo MOG OPALIN,
AACCCAATCGTGCGAC-1,7,Endo CLDN5 SLC7A5,0.8466566995155972,Endo CLDN5 SLC7A5,
AACCTGAAGGGCAAGG-1,14,Astro GFAP AQP1,0.7403560848860126,Astro GFAP AQP1,
AACCTGACAACCGCCA-1,0,Oligo MOG OPALIN,0.9998756263293836,Oligo MOG OPALIN,
AACCTGAGTTATCTTC-1,5,Astro AQP4 SLC1A2,0.8123139250386505,Astro AQP4 SLC1A2,
AACCTGATCGGCCAAC-1,18,Oligo MOG GSN,0.8740713481629939,Oligo MOG GSN,
AACCTTTGTCCCGGTA-1,3,Oligo MOG OPALIN,0.9999979450731059,Oligo MOG OPALIN,
AACCTTTTCAAAGACA-1,6,Endo CLDN5 SLC7A5,0.6975717154257871,Endo CLDN5 SLC7A5,
AACGAAACATTCTGTT-1,2,Oligo MOG OPALIN,0.9218181626916696,Oligo MOG OPALIN,
AACGGGATCTCGTGGG-1,0,Oligo MOG OPALIN,0.9993479051716788,Oligo MOG OPALIN,
AACGTCAGTCCGAAAG-1,6,Endo CLDN5 SLC7A5,0.9621619000184785,Endo CLDN5 SLC7A5,
AACGTCAGTGCTTCAA-1,2,Oligo MOG OPALIN,0.9996209269202667,Oligo MOG OPALIN,
AACGTCAGTTCGATTG-1,8,Oligo MOG OPALIN,0.5144426857547612,Oligo MOG OPALIN,
AACGTCAGTTGTGGCC-1,2,Oligo MOG OPALIN,0.9998887878998245,Oligo MOG OPALIN,
AACGTCATCGGTTCAA-1,0,Oligo MOG OPALIN,0.999868807366088,Oligo MOG OPALIN,
AACGTCATCGTGGGAA-1,2,Oligo MOG OPALIN,0.9999211347588961,Oligo MOG OPALIN,
AACTTCTCACAGCGCT-1,1,Oligo MOG OPALIN,0.9999925030912312,Oligo MOG OPALIN,
AAGAACAAGGCGACAT-1,13,Oligo MOG OPALIN,0.9999655928132085,Oligo MOG OPALIN,
AAGAACAGTCGATTTG-1,2,Oligo MOG OPALIN,0.999517627946025,Oligo MOG OPALIN,
AAGAACAGTCTTTCAT-1,4,Endo CLDN5 SLC7A5,0.9699352239239094,Endo CLDN5 SLC7A5,
AAGAACATCGGTTGTA-1,6,L2-3 CUX2 NTNG1 PALMD,0.6827289729246012,Endo CLDN5 SLC7A5,
AAGAACATCTGCGTCT-1,5,Astro AQP4 SLC1A2,0.3902271289988163,Astro AQP4 SLC1A2,
AAGACAAAGGTGCAGT-1,3,Oligo MOG OPALIN,0.9999841417910547,Oligo MOG OPALIN,
AAGACAACACGCACCA-1,12,Endo CLDN5 SLC7A5,0.9980065503331861,Endo CLDN5 SLC7A5,
AAGACAACAGAAGCGT-1,15,Endo CLDN5 SLC7A5,0.9955352168067946,Endo CLDN5 SLC7A5,
AAGACAAGTCCTGTTC-1,14,Astro GFAP AQP1,0.6616010216477725,Astro GFAP AQP1,
AAGACAAGTTACCCTC-1,18,Oligo MOG OPALIN,0.999924443800374,Oligo MOG GSN,
AAGACTCAGCCGATTT-1,5,Astro AQP4 SLC1A2,0.618193955577515,Astro AQP4 SLC1A2,
AAGACTCAGTGCTCAT-1,1,Oligo MOG OPALIN,0.9989720194081871,Oligo MOG OPALIN,
AAGACTCTCTTCCCAG-1,5,Astro AQP4 SLC1A2,0.9034920307439361,Astro AQP4 SLC1A2,
AAGATAGCATAGACTC-1,0,Oligo MOG OPALIN,0.9996299530524612,Oligo MOG OPALIN,
AAGCATCAGACCGTTT-1,4,Endo CLDN5 SLC7A5,0.9503170226844222,Endo CLDN5 SLC7A5,
AAGCATCAGGCCGCTT-1,1,Oligo MOG OPALIN,0.8469620212051049,Oligo MOG OPALIN,
AAGCATCCAAAGCTAA-1,13,Oligo MOG OPALIN,0.971963418612559,Oligo MOG OPALIN,
AAGCCATAGGATACAT-1,15,Endo CLDN5 SLC7A5,0.9999919710856582,Endo CLDN5 SLC7A5,
AAGCCATAGTTAACGA-1,4,Endo CLDN5 SLC7A5,0.7018444586631287,Endo CLDN5 SLC7A5,
AAGCCATCAAGTGCTT-1,19,Endo CLDN5 SLC7A5,0.9998498300640423,Endo CLDN5 SLC7A5,
AAGCCATTCACAACCA-1,3,Oligo MOG OPALIN,0.9981437449972962,Oligo MOG OPALIN,
AAGCGAGGTATCGGTT-1,5,Astro AQP4 SLC1A2,0.9893986675132765,Astro AQP4 SLC1A2,
AAGCGTTGTTTCGCTC-1,1,Oligo MOG OPALIN,0.9312493589513527,Oligo MOG OPALIN,
AAGCGTTTCACTGAAC-1,6,Oligo MOG OPALIN,0.5229185142429855,Endo CLDN5 SLC7A5,
AAGGAATGTGTAGTGG-1,3,Oligo MOG OPALIN,0.9731910273783148,Oligo MOG OPALIN,
AAGGAATGTTTCCCAC-1,14,Astro GFAP AQP1,0.983465621962953,Astro GFAP AQP1,
AAGTACCCAGCTCCTT-1,2,Oligo MOG OPALIN,0.9999679634671867,Oligo MOG OPALIN,
AAGTACCGTAACGCGA-1,1,Oligo MOG OPALIN,0.9999509884870423,Oligo MOG OPALIN,
AAGTACCGTAGAGACC-1,1,Oligo MOG OPALIN,0.9978539835408295,Oligo MOG OPALIN,
AAGTCGTAGTGGTTCT-1,2,Oligo MOG OPALIN,0.9998182102962597,Oligo MOG OPALIN,
AAGTCGTCACCCTTAC-1,6,Endo CLDN5 SLC7A5,0.9617864121364738,Endo CLDN5 SLC7A5,
AAGTCGTCATCAGCAT-1,7,Oligo MOG OPALIN,0.9316073237543177,Endo CLDN5 SLC7A5,
AAGTCGTCATGAAGGC-1,9,OPC PDGFRA PCDH15,0.9999999999936313,OPC PDGFRA PCDH15,
AAGTGAACAAGAGCTG-1,2,Oligo MOG OPALIN,0.9999731793566758,Oligo MOG OPALIN,
AAGTGAAGTCCAGCAC-1,9,OPC PDGFRA PCDH15,1.0,OPC PDGFRA PCDH15,
AAGTGAAGTCGTCGGT-1,6,Oligo MOG OPALIN,0.33204277790998243,Endo CLDN5 SLC7A5,
AAGTGAAGTGTCGATT-1,4,Endo CLDN5 SLC7A5,0.9847211815155862,Endo CLDN5 SLC7A5,
AAGTGAATCGGCACTG-1,23,Endo CLDN5 SLC7A5,0.7791186151856909,Endo CLDN5 SLC7A5,
AAGTTCGCACACTTAG-1,1,Oligo MOG OPALIN,0.9992641571660964,Oligo MOG OPALIN,
AAGTTCGCACATATGC-1,6,L2-3 CUX2 NTNG1 PALMD,0.7255051645273867,Endo CLDN5 SLC7A5,
AAGTTCGGTTCAGCGC-1,0,Oligo MOG OPALIN,0.999970332242407,Oligo MOG OPALIN,
AATAGAGAGGGCCAAT-1,3,Oligo MOG GSN,0.999669448471757,Oligo MOG OPALIN,
AATAGAGGTATACGGG-1,4,Endo CLDN5 SLC7A5,0.9714633353112759,Endo CLDN5 SLC7A5,
AATCACGCAAATAAGC-1,7,Endo CLDN5 SLC7A5,0.922658777293116,Endo CLDN5 SLC7A5,
AATCACGGTGGCTAGA-1,1,Oligo MOG OPALIN,0.9999684066770995,Oligo MOG OPALIN,
AATCGACGTGGAACCA-1,6,L2-3 CUX2 NTNG1 PALMD,0.9670184324431162,Endo CLDN5 SLC7A5,
AATCGTGAGGGAGGTG-1,3,Oligo MOG OPALIN,0.999996093252965,Oligo MOG OPALIN,
AATCGTGAGGTCACCC-1,21,InN PVALB ANOS1,0.8006032082116036,InN SST HTR2C,
AATCGTGCATAAGCAA-1,6,Endo CLDN5 SLC7A5,0.9895577420955028,Endo CLDN5 SLC7A5,
AATCGTGGTACAAAGT-1,13,Oligo MOG OPALIN,0.9263164100114685,Oligo MOG OPALIN,
AATGAAGAGGTTCATC-1,17,L2-3 CUX2 ACVR1C THSD7A,0.8293531164228408,L2-3 CUX2 ACVR1C THSD7A,
AATGAAGTCCGTAGGC-1,15,SMC ACTA2 CNN1,0.9999645112243685,Endo CLDN5 SLC7A5,
AATGACCAGAGTTGCG-1,0,Oligo MOG OPALIN,0.9999977787304248,Oligo MOG OPALIN,
AATGACCCAACTGCTA-1,10,Macro F13A1 COLEC12,0.7205779939506497,Micro P2RY12 APBB1IP,
AATGACCGTGCAAGAC-1,4,Endo CLDN5 SLC7A5,0.9740717649359438,Endo CLDN5 SLC7A5,
AATGACCTCCTCTAAT-1,6,Endo CLDN5 SLC7A5,0.43933699839370693,Endo CLDN5 SLC7A5,
AATGACCTCTGAGGCC-1,18,Oligo MOG GSN,0.545967550335265,Oligo MOG GSN,
AATGCCACATCCGAGC-1,8,Oligo MOG OPALIN,0.9999997992353219,Oligo MOG OPALIN,
AATGCCAGTTCCGCGA-1,1,Oligo MOG OPALIN,0.9919373310389182,Oligo MOG OPALIN,
AATGGCTCATCATTTC-1,13,Oligo MOG OPALIN,0.9986192335848978,Oligo MOG OPALIN,
AATGGCTGTTAAAGTG-1,7,Endo CLDN5 SLC7A5,0.9994511879127905,Endo CLDN5 SLC7A5,
AATTCCTAGGTCCGAA-1,22,InN VIP EGF,0.7670066994175581,InN VIP EXPH5,
AATTTCCAGCACTCGC-1,25,PC P2RY14 GRM8,0.9994620517759822,PC P2RY14 GRM8,
AATTTCCCAGTCGTTA-1,5,Endo CLDN5 SLC7A5,0.33072695882778175,Astro AQP4 SLC1A2,
AATTTCCTCGTGGCTG-1,0,Oligo MOG OPALIN,0.9999997347165703,Oligo MOG OPALIN,
AATTTCCTCTGTCTCG-1,0,Oligo MOG OPALIN,0.9998400767931274,Oligo MOG OPALIN,
ACAAAGAAGCATACTC-1,2,Oligo MOG OPALIN,0.9999466151284303,Oligo MOG OPALIN,
ACAAAGAAGGTGCGAT-1,11,Endo CLDN5 SLC7A5,0.9073638271888935,Endo CLDN5 SLC7A5,
ACAAAGAGTATATGGA-1,14,Astro GFAP AQP1,0.994116783710418,Astro GFAP AQP1,
ACAAAGAGTGAGAACC-1,3,Oligo MOG OPALIN,0.9999452472771732,Oligo MOG OPALIN,
ACAAAGATCGCTCTCA-1,3,Oligo MOG OPALIN,0.999880525618543,Oligo MOG OPALIN,
ACAACCAAGATTGACA-1,3,Oligo MOG OPALIN,0.9999980206510904,Oligo MOG OPALIN,
ACAACCAAGCGTTAGG-1,13,Oligo MOG OPALIN,0.9983115579609574,Oligo MOG OPALIN,
ACAACCACAGCAGACA-1,10,Micro P2RY12 GLDN,0.8625076163821185,Micro P2RY12 APBB1IP,
ACAACCAGTACTTCCC-1,15,OPC PDGFRA PCDH15,0.42984697241964326,Endo CLDN5 SLC7A5,
ACAACCAGTCTCAAGT-1,3,Oligo MOG OPALIN,0.9999517126156192,Oligo MOG OPALIN,
ACAACCATCGAACCTA-1,0,Oligo MOG OPALIN,0.9998645302655895,Oligo MOG OPALIN,
ACAAGCTGTAGCACAG-1,0,Oligo MOG OPALIN,0.9999663809547014,Oligo MOG OPALIN,
ACAAGCTTCCATTTAC-1,3,Oligo MOG OPALIN,0.9991744745049128,Oligo MOG OPALIN,
ACAAGCTTCCGTGCGA-1,1,Oligo MOG OPALIN,0.9999618381057654,Oligo MOG OPALIN,
ACAAGCTTCGAACGGA-1,8,Oligo MOG GSN,0.9410871421863127,Oligo MOG OPALIN,
ACACAGTCACCAGGTC-1,2,Oligo MOG OPALIN,0.9986540344305603,Oligo MOG OPALIN,
ACACAGTCAGATTTCG-1,11,Endo CLDN5 SLC7A5,0.9909647730300608,Endo CLDN5 SLC7A5,
ACACAGTGTGAGACGT-1,21,InN SST FREM1,0.976670834264065,InN SST HTR2C,
ACACAGTTCTTGGGCG-1,1,Oligo MOG OPALIN,0.9995392982163206,Oligo MOG OPALIN,
ACACCAAAGGGTTTCT-1,12,Endo CLDN5 SLC7A5,0.9790747270525685,Endo CLDN5 SLC7A5,
ACACCAAAGGTCACTT-1,3,Oligo MOG OPALIN,0.995104794860351,Oligo MOG OPALIN,
ACACCAAGTACGATCT-1,1,Oligo MOG OPALIN,0.9998250805365528,Oligo MOG OPALIN,
ACACGCGAGAGGCGTT-1,7,Endo CLDN5 SLC7A5,0.9986032003275938,Endo CLDN5 SLC7A5,
ACACGCGTCATTGCGA-1,6,Oligo MOG OPALIN,0.6095570172535952,Endo CLDN5 SLC7A5,
ACACTGAGTGAATGTA-1,3,Oligo MOG OPALIN,0.9997233776165172,Oligo MOG OPALIN,
ACAGAAAAGGTGCTGA-1,12,Endo CLDN5 SLC7A5,0.9769145183587469,Endo CLDN5 SLC7A5,
ACAGAAAAGGTGGGTT-1,3,Oligo MOG OPALIN,0.9999876343667342,Oligo MOG OPALIN,
ACAGAAAAGTTAGTAG-1,13,Oligo MOG OPALIN,0.9999889109852407,Oligo MOG OPALIN,
ACAGAAAGTGATTCAC-1,12,Endo CLDN5 SLC7A5,0.9229477863427048,Endo CLDN5 SLC7A5,
ACAGCCGAGGTCGACA-1,16,L3-5 RORB GABRG1 PLCH1,0.46371513728005265,L3-5 RORB MKX GRIN3A,
ACAGCCGTCTAGTACG-1,9,OPC PDGFRA PCDH15,0.9999999999999982,OPC PDGFRA PCDH15,
ACAGCCGTCTTCGGTC-1,3,Oligo MOG OPALIN,0.9999725448705128,Oligo MOG OPALIN,
ACAGGGAAGTCACGAG-1,2,Oligo MOG OPALIN,0.9999736090558559,Oligo MOG OPALIN,
ACAGGGAGTACGCTAT-1,3,Oligo MOG OPALIN,0.9997248525103632,Oligo MOG OPALIN,
ACAGGGAGTTGCATGT-1,2,Oligo MOG OPALIN,0.9999776468483221,Oligo MOG OPALIN,
ACAGGGATCTCGCTTG-1,1,Oligo MOG OPALIN,0.9996216994279151,Oligo MOG OPALIN,
ACATCCCAGTTGGAGC-1,22,InN VIP EXPH5,0.9996946620534846,InN VIP EXPH5,
ACATCCCCACTCAAGT-1,20,L6 FEZF2 NPFFR2 TPD52L1,0.9154607654629132,L6 FEZF2 SYT6 PTPRT,
ACATCCCGTAAGAACT-1,16,L3-5 RORB PCBP3 IL1RAPL2,0.7197180698296587,L3-5 RORB MKX GRIN3A,
ACATCCCGTAGTCTTG-1,3,Oligo MOG GSN,0.8909353641795957,Oligo MOG OPALIN,
ACATCCCGTGACTAAA-1,11,L3-5 RORB MKX GRIN3A,0.9458803893566673,Endo CLDN5 SLC7A5,
ACATCCCTCGAGATAA-1,1,Oligo MOG OPALIN,0.9999509097457557,Oligo MOG OPALIN,
ACATCGAAGTTAGAAC-1,1,Oligo MOG OPALIN,0.9972795945072269,Oligo MOG OPALIN,
ACATCGAGTCCCTGAG-1,7,Endo CLDN5 SLC7A5,0.9871537543846541,Endo CLDN5 SLC7A5,
ACATCGATCCAAAGGG-1,18,Oligo MOG GSN,0.9999891089911954,Oligo MOG GSN,
ACATGCAGTGTCATTG-1,9,OPC PDGFRA PCDH15,0.999999873796169,OPC PDGFRA PCDH15,
ACATGCATCTCCGATC-1,1,Oligo MOG OPALIN,0.7869750381555465,Oligo MOG OPALIN,
ACATTTCGTTCTCAGA-1,1,Oligo MOG OPALIN,0.9568413925682945,Oligo MOG OPALIN,
ACCAAACGTATGTCTG-1,15,SMC ACTA2 CNN1,0.944376613393054,Endo CLDN5 SLC7A5,
ACCAAACTCCCGAAAT-1,9,OPC PDGFRA PCDH15,0.9999999798479378,OPC PDGFRA PCDH15,
ACCAACATCACACCGG-1,10,Micro P2RY12 GLDN,0.9500380094700893,Micro P2RY12 APBB1IP,
ACCAACATCTGGGCAC-1,23,Endo CLDN5 SLC7A5,0.7913959490083778,Endo CLDN5 SLC7A5,
ACCACAATCCGGCTTT-1,15,Endo CLDN5 SLC7A5,0.7562798254180281,Endo CLDN5 SLC7A5,
ACCATTTAGTAATTGG-1,1,Oligo MOG OPALIN,0.9999104910251025,Oligo MOG OPALIN,
ACCATTTCATCACGGC-1,0,Oligo MOG OPALIN,0.9999616951046447,Oligo MOG OPALIN,
ACCATTTGTCTTCTAT-1,19,Endo CLDN5 SLC7A5,0.9996067931913718,Endo CLDN5 SLC7A5,
ACCCAAAAGCTCCGAC-1,5,Astro AQP4 SLC1A2,0.9823874312622924,Astro AQP4 SLC1A2,
ACCCAAAGTGCACGCT-1,13,Oligo MOG OPALIN,0.9976144845017503,Oligo MOG OPALIN,
ACCCAAAGTGCCTATA-1,22,InN LAMP5 BMP7,0.9994436708313205,InN VIP EXPH5,
ACCCAAATCCCAACTC-1,11,Endo CLDN5 SLC7A5,0.8455713450872485,Endo CLDN5 SLC7A5,
ACCCTCAGTAACTAAG-1,23,L6 FEZF2 NPFFR2 TPD52L1,0.5780503288299388,Endo CLDN5 SLC7A5,
ACCCTCATCACGGAGA-1,3,Oligo MOG OPALIN,0.999993837247111,Oligo MOG OPALIN,
ACCCTTGCAATACCCA-1,3,Oligo MOG OPALIN,0.9999921771698529,Oligo MOG OPALIN,
ACCCTTGGTGAGCGAT-1,2,Oligo MOG OPALIN,0.9999012454678414,Oligo MOG OPALIN,
ACCGTTCCACACGGAA-1,7,Endo CLDN5 SLC7A5,0.9813233152580949,Endo CLDN5 SLC7A5,
ACCGTTCTCATTTGCT-1,1,Oligo MOG OPALIN,0.9999893369303928,Oligo MOG OPALIN,
ACCTACCCACTCAAGT-1,5,Astro AQP4 SLC1A2,0.9909830424961906,Astro AQP4 SLC1A2,
ACCTACCTCCACACAA-1,26,Oligo MOG OPALIN,0.9993798356063972,Oligo MOG OPALIN,
ACCTGAAAGGTATCTC-1,11,Endo CLDN5 SLC7A5,0.7404773610128282,Endo CLDN5 SLC7A5,
ACCTGAAAGGTTCTAC-1,14,Endo CLDN5 SLC7A5,0.7758360887048308,Astro GFAP AQP1,
ACCTGAAAGTGCAACG-1,9,OPC PDGFRA PCDH15,0.9999999999999998,OPC PDGFRA PCDH15,
ACCTGAAGTTTCTTAC-1,3,Oligo MOG OPALIN,0.9999125167981421,Oligo MOG OPALIN,
ACCTGTCCAGCTGTAT-1,7,Endo CLDN5 SLC7A5,0.9930375142255107,Endo CLDN5 SLC7A5,
ACCTGTCCAGCTTTGA-1,0,Oligo MOG OPALIN,0.999985407842025,Oligo MOG OPALIN,
ACCTGTCGTAATGTGA-1,11,Endo CLDN5 SLC7A5,0.8855572378803396,Endo CLDN5 SLC7A5,
ACCTGTCGTCTGTGAT-1,10,Micro P2RY12 APBB1IP,0.9960286110381464,Micro P2RY12 APBB1IP,
ACCTGTCGTGTTCATG-1,0,Oligo MOG OPALIN,0.9999972611267468,Oligo MOG OPALIN,
ACCTGTCTCAGGTGTT-1,11,Endo CLDN5 SLC7A5,0.8096687930126343,Endo CLDN5 SLC7A5,
ACCTGTCTCTTCGACC-1,0,Oligo MOG OPALIN,0.9999857491272278,Oligo MOG OPALIN,
ACGATCAAGTGAGGTC-1,9,OPC PDGFRA PCDH15,1.0,OPC PDGFRA PCDH15,
ACGATCAGTCGATTAC-1,4,Endo CLDN5 SLC7A5,0.980654676349685,Endo CLDN5 SLC7A5,
ACGATGTAGCTGTACT-1,8,Oligo MOG OPALIN,0.999999774168486,Oligo MOG OPALIN,
ACGATGTCACGGCACT-1,11,L3-5 RORB MKX GRIN3A,0.7962942439449839,Endo CLDN5 SLC7A5,
ACGATGTGTCGCCACA-1,9,OPC PDGFRA PCDH15,0.9999999999999951,OPC PDGFRA PCDH15,
ACGATGTTCAATGTCG-1,8,Oligo MOG OPALIN,0.9999982270523847,Oligo MOG OPALIN,
ACGCACGAGAGCTTTC-1,2,Oligo MOG OPALIN,0.9998147606720462,Oligo MOG OPALIN,
ACGCACGAGAGGCCAT-1,7,Endo CLDN5 SLC7A5,0.9983321907734675,Endo CLDN5 SLC7A5,
ACGCACGCAAATGAAC-1,1,Oligo MOG OPALIN,0.9998331755771619,Oligo MOG OPALIN,
ACGCACGTCTTGCAGA-1,3,Oligo MOG OPALIN,0.9999987462178664,Oligo MOG OPALIN,
ACGGAAGCAAACTCGT-1,8,Oligo MOG OPALIN,0.9998936578481465,Oligo MOG OPALIN,
ACGGAAGCATCGATGT-1,8,Oligo MOG OPALIN,0.9999921630744578,Oligo MOG OPALIN,
ACGGAAGGTGCGGTAA-1,9,OPC PDGFRA PCDH15,0.9999999999553235,OPC PDGFRA PCDH15,
ACGGGTCCATTGAAAG-1,14,Astro GFAP AQP1,0.9423737486718045,Astro GFAP AQP1,
ACGGGTCGTAGCGCTC-1,2,Oligo MOG OPALIN,0.9999984820105069,Oligo MOG OPALIN,
ACGGGTCGTTCCTAAG-1,16,Endo CLDN5 SLC7A5,0.3326257691120673,L3-5 RORB MKX GRIN3A,
ACGGGTCGTTCTTGTT-1,13,Oligo MOG OPALIN,0.9954795486475996,Oligo MOG OPALIN,
ACGGGTCTCAGCGGAA-1,0,Oligo MOG OPALIN,0.9998612140107284,Oligo MOG OPALIN,
ACGGGTCTCTTAGGAC-1,4,Endo CLDN5 SLC7A5,0.9982825978959933,Endo CLDN5 SLC7A5,
ACGGTCGCAGAAGCGT-1,4,Endo CLDN5 SLC7A5,0.9987246766360265,Endo CLDN5 SLC7A5,
ACGGTCGGTTCCCACT-1,1,Oligo MOG OPALIN,0.9999996816799951,Oligo MOG OPALIN,
ACGGTCGGTTCTCCTG-1,8,Oligo MOG OPALIN,0.9999967070171343,Oligo MOG OPALIN,
ACGGTCGTCAGCTCTC-1,6,Oligo MOG OPALIN,0.4923326870473753,Endo CLDN5 SLC7A5,
ACGGTTACAGCAGAAC-1,2,Oligo MOG OPALIN,0.9999622849446705,Oligo MOG OPALIN,
ACGGTTAGTGTGAATA-1,8,Oligo MOG OPALIN,0.9999789344939977,Oligo MOG OPALIN,
ACGTAACCACGCTATA-1,12,Endo CLDN5 SLC7A5,0.9331594842150694,Endo CLDN5 SLC7A5,
ACGTAACCATAATCCG-1,23,Endo CLDN5 SLC7A5,0.9929738554825567,Endo CLDN5 SLC7A5,
ACGTACAAGTCGCCAC-1,3,Oligo MOG OPALIN,0.9999975777620059,Oligo MOG OPALIN,
ACGTACACAAGCGCTC-1,13,Oligo MOG OPALIN,0.9917566164949839,Oligo MOG OPALIN,
ACGTCCTAGCGGGTTA-1,5,Astro AQP4 SLC1A2,0.9997525355080481,Astro AQP4 SLC1A2,
ACGTCCTTCGCCATAA-1,15,Endo CLDN5 SLC7A5,0.5037563282128561,Endo CLDN5 SLC7A5,
ACGTCCTTCTCGACGG-1,1,Oligo MOG OPALIN,0.9999029184870142,Oligo MOG OPALIN,
ACGTTCCAGTGTTCAC-1,26,Oligo MOG OPALIN,0.9995395973748548,Oligo MOG OPALIN,
ACGTTCCTCTGCTTAT-1,9,OPC PDGFRA PCDH15,0.9999999991972193,OPC PDGFRA PCDH15,
ACTACGAGTCACAATC-1,4,Endo CLDN5 SLC7A5,0.9894578556845,Endo CLDN5 SLC7A5,
ACTATCTAGCGTGCCT-1,3,Oligo MOG OPALIN,0.9998716179019848,Oligo MOG OPALIN,
ACTATCTTCCTACAAG-1,18,Oligo MOG GSN,0.998365308242949,Oligo MOG GSN,
ACTATGGCAAGAAACT-1,6,Oligo MOG OPALIN,0.4735022436912821,Endo CLDN5 SLC7A5,
ACTATGGGTCCACATA-1,0,Oligo MOG OPALIN,0.9999979676673209,Oligo MOG OPALIN,
ACTATTCCAAGCACCC-1,9,OPC PDGFRA PCDH15,0.9999999999998312,OPC PDGFRA PCDH15,
ACTATTCGTTACGTAC-1,1,Oligo MOG OPALIN,0.9975168579703254,Oligo MOG OPALIN,
ACTATTCTCCTCAGAA-1,20,L6 FEZF2 AMOTL1 CDH6,0.7438672659558974,L6 FEZF2 SYT6 PTPRT,
ACTCCCAAGCGTCTGC-1,3,Oligo MOG GSN,0.9686774134644246,Oligo MOG OPALIN,
ACTCCCAAGGCAATGC-1,0,Oligo MOG OPALIN,0.9999977199061306,Oligo MOG OPALIN,
ACTCCCAAGTCACGCC-1,0,Oligo MOG OPALIN,0.9999396955122437,Oligo MOG OPALIN,
ACTCCCATCCATAGGT-1,15,Endo CLDN5 SLC7A5,0.9882527304075601,Endo CLDN5 SLC7A5,
ACTCTCGCAGAGTCTT-1,5,Astro AQP4 SLC1A2,0.9046501768304319,Astro AQP4 SLC1A2,
ACTCTCGGTACGAGCA-1,14,Astro GFAP FABP7,0.988426469103346,Astro GFAP AQP1,
ACTCTCGTCATGACAC-1,26,Oligo MOG OPALIN,0.36825114754351906,Oligo MOG OPALIN,
ACTGCAAAGACCATTC-1,6,Oligo MOG OPALIN,0.963511262688301,Endo CLDN5 SLC7A5,
ACTGCAAGTCCACATA-1,3,Oligo MOG OPALIN,0.9999499540972734,Oligo MOG OPALIN,
ACTGCAATCTTCTCAA-1,5,Endo CLDN5 SLC7A5,0.7056065429934858,Astro AQP4 SLC1A2,
ACTGTCCTCCATTCAT-1,12,Endo CLDN5 SLC7A5,0.8727117134256777,Endo CLDN5 SLC7A5,
ACTGTCCTCGAAGGAC-1,10,Micro P2RY12 GLDN,0.6500819980207568,Micro P2RY12 APBB1IP,
ACTTAGGAGTGAGGCT-1,0,Oligo MOG OPALIN,0.9999984699815786,Oligo MOG OPALIN,
ACTTAGGGTACCACGC-1,2,Oligo MOG OPALIN,0.9999851972785632,Oligo MOG OPALIN,
ACTTATCGTACTAAGA-1,21,InN SST FREM1,0.6225730812776772,InN SST HTR2C,
ACTTATCGTATGCAAA-1,3,Oligo MOG OPALIN,0.9999915154541167,Oligo MOG OPALIN,
ACTTCCGAGAGCCCAA-1,4,Endo CLDN5 SLC7A5,0.9488054351942381,Endo CLDN5 SLC7A5,
ACTTCCGGTCTAGGCC-1,15,Oligo MOG OPALIN,0.8809695066027824,Endo CLDN5 SLC7A5,
ACTTCGCAGCAGCAGT-1,1,Oligo MOG OPALIN,0.9615885111373677,Oligo MOG OPALIN,
ACTTCGCAGGAAGTGA-1,3,Oligo MOG OPALIN,0.9999999682924893,Oligo MOG OPALIN,
ACTTCGCGTAAGAACT-1,11,Endo CLDN5 SLC7A5,0.8492335757496764,Endo CLDN5 SLC7A5,
ACTTCGCGTACTCCCT-1,2,Oligo MOG OPALIN,0.9999701222688857,Oligo MOG OPALIN,
ACTTCGCGTATAGGGC-1,4,Endo CLDN5 SLC7A5,0.9451050483490023,Endo CLDN5 SLC7A5,
ACTTCGCGTATTCTCT-1,0,Oligo MOG OPALIN,0.9999990577085609,Oligo MOG OPALIN,
ACTTTCAAGCTGTACT-1,0,Oligo MOG OPALIN,0.9997555238379362,Oligo MOG OPALIN,
ACTTTGTCACTAGGTT-1,7,Endo CLDN5 SLC7A5,0.9524902765180596,Endo CLDN5 SLC7A5,
ACTTTGTCAGCAGTAG-1,13,Oligo MOG OPALIN,0.9656902811468355,Oligo MOG OPALIN,
ACTTTGTCAGCCGTTG-1,8,Oligo MOG OPALIN,0.9992747442818817,Oligo MOG OPALIN,
ACTTTGTCATCAGCTA-1,0,Oligo MOG OPALIN,0.9996450607541085,Oligo MOG OPALIN,
ACTTTGTGTGCAAGAC-1,0,Oligo MOG OPALIN,0.9999388025015824,Oligo MOG OPALIN,
ACTTTGTTCAAGTGTC-1,5,Astro AQP4 SLC1A2,0.9969932144929213,Astro AQP4 SLC1A2,
ACTTTGTTCCACGGGT-1,2,Oligo MOG FRY,0.636657435044968,Oligo MOG OPALIN,
ACTTTGTTCGGACTTA-1,8,Oligo MOG OPALIN,0.9999980249934148,Oligo MOG OPALIN,
AGAAATGAGCATTTCG-1,3,Oligo MOG OPALIN,0.9995403318070658,Oligo MOG OPALIN,
AGAAATGAGGCGTTAG-1,1,Oligo MOG OPALIN,0.9999973289406593,Oligo MOG OPALIN,
AGAAATGAGGCTAGCA-1,4,Endo CLDN5 SLC7A5,0.999138986741287,Endo CLDN5 SLC7A5,
AGAACAAAGTTCCGGC-1,2,Oligo MOG OPALIN,0.9999542623828953,Oligo MOG OPALIN,
AGAACAACAGCACGAA-1,25,VLMC COL1A2 VLMCA8,0.8962772772352382,PC P2RY14 GRM8,
AGAACAAGTGTCTTAG-1,17,L2-4 CUX2 RORB CLMN,0.8843691091401946,L2-3 CUX2 ACVR1C THSD7A,
AGAACAATCTTTGATC-1,9,OPC PDGFRA PCDH15,0.9999997635310895,OPC PDGFRA PCDH15,
AGAACCTCAGCTACAT-1,13,Oligo MOG OPALIN,0.9451476012684786,Oligo MOG OPALIN,
AGAAGCGAGATGACAT-1,23,Endo CLDN5 SLC7A5,0.9979318616598712,Endo CLDN5 SLC7A5,
AGAAGCGAGGGTGAAA-1,5,Endo CLDN5 SLC7A5,0.6778138749817457,Astro AQP4 SLC1A2,
AGAAGCGCACTTCCTG-1,12,Endo CLDN5 SLC7A5,0.8362260216276975,Endo CLDN5 SLC7A5,
AGAAGCGGTACACGTT-1,9,OPC PDGFRA PCDH15,0.999999999999982,OPC PDGFRA PCDH15,
AGAAGCGGTTAGAAAC-1,2,Oligo MOG OPALIN,0.999413355774509,Oligo MOG OPALIN,
AGAAGTATCCCTCTAG-1,4,Endo CLDN5 SLC7A5,0.8285507616001684,Endo CLDN5 SLC7A5,
AGACAAAAGCTACTAC-1,2,Oligo MOG OPALIN,0.9997710445669247,Oligo MOG OPALIN,
AGACAAACAAGTGTCT-1,1,Oligo MOG OPALIN,0.9908635476396129,Oligo MOG OPALIN,
AGACAAAGTACCCACG-1,2,Oligo MOG OPALIN,0.9999903709737686,Oligo MOG OPALIN,
AGACAAAGTCCTGAAT-1,24,Endo CLDN5 SLC7A5,0.9995043887713698,Endo CLDN5 SLC7A5,
AGACAAAGTCGACGCT-1,8,Oligo MOG OPALIN,0.9999385838311998,Oligo MOG OPALIN,
AGACAAAGTCTGTGTA-1,13,Oligo MOG OPALIN,0.9999899176934052,Oligo MOG OPALIN,
AGACACTAGCGAGTAC-1,16,L3-5 RORB MKX GRIN3A,0.4372557308662815,L3-5 RORB MKX GRIN3A,
AGACACTAGTCTGGAG-1,1,Oligo MOG OPALIN,0.999997103284432,Oligo MOG OPALIN,
AGACACTGTACGGGAT-1,8,Oligo MOG OPALIN,0.4445992033874695,Oligo MOG OPALIN,
AGACACTTCACGGTCG-1,11,Endo CLDN5 SLC7A5,0.9539225059340536,Endo CLDN5 SLC7A5,
AGACACTTCGTCAAAC-1,3,Oligo MOG OPALIN,0.9999963229750621,Oligo MOG OPALIN,
AGACAGGAGTCTGTAC-1,3,Oligo MOG OPALIN,0.9999931612979058,Oligo MOG OPALIN,
AGACAGGGTAATCAAG-1,0,Oligo MOG OPALIN,0.9987312528814402,Oligo MOG OPALIN,
AGACAGGGTGTACATC-1,4,Endo CLDN5 SLC7A5,0.5523642874322535,Endo CLDN5 SLC7A5,
AGACAGGTCCAACACA-1,9,OPC PDGFRA PCDH15,0.9999999999999993,OPC PDGFRA PCDH15,
AGACCATAGCTCACTA-1,1,Oligo MOG OPALIN,0.9993030129819206,Oligo MOG OPALIN,
AGACCATCACTTGTCC-1,5,Astro GFAP FABP7,0.7126284642912559,Astro AQP4 SLC1A2,
AGACCATGTGTTGATC-1,7,Endo CLDN5 SLC7A5,0.8912950665377627,Endo CLDN5 SLC7A5,
AGACCCGAGGAGACCT-1,4,Endo CLDN5 SLC7A5,0.9842248158856826,Endo CLDN5 SLC7A5,
AGACCCGCATCGGAGA-1,3,Oligo MOG GSN,0.8734269448819998,Oligo MOG OPALIN,
AGACTCAAGAGCATAT-1,4,Endo CLDN5 SLC7A5,0.789159235464726,Endo CLDN5 SLC7A5,
AGACTCATCCATCCGT-1,12,Endo CLDN5 SLC7A5,0.9916231268096088,Endo CLDN5 SLC7A5,
AGAGAATTCTCGACGG-1,5,Oligo MOG OPALIN,0.9683723117140934,Astro AQP4 SLC1A2,
AGAGAGCCAAACACCT-1,12,Endo CLDN5 SLC7A5,0.9949332079166681,Endo CLDN5 SLC7A5,
AGAGAGCCACAGTCCG-1,3,Oligo MOG OPALIN,0.9997753030746801,Oligo MOG OPALIN,
AGAGAGCTCCTCACCA-1,12,Endo CLDN5 SLC7A5,0.9537817926864115,Endo CLDN5 SLC7A5,
AGAGAGCTCGGTCATA-1,1,Oligo MOG OPALIN,0.9999896057999649,Oligo MOG OPALIN,
AGAGCAGAGTTCATCG-1,8,Oligo MOG OPALIN,0.9999641777645237,Oligo MOG OPALIN,
AGAGCAGCAATGCTCA-1,8,Oligo MOG OPALIN,0.9999991846196514,Oligo MOG OPALIN,
AGAGCAGCATCCGGCA-1,2,Oligo MOG OPALIN,0.9999994472387921,Oligo MOG OPALIN,
AGAGCAGGTTTCGTTT-1,15,Endo CLDN5 SLC7A5,0.9884086542176274,Endo CLDN5 SLC7A5,
AGAGCAGTCATTGGTG-1,10,Micro P2RY12 APBB1IP,0.36434093280034685,Micro P2RY12 APBB1IP,
AGAGCCCAGAGTTGCG-1,18,Oligo MOG OPALIN,0.9989656780264163,Oligo MOG GSN,
AGATAGAAGAGTGACC-1,5,Oligo MOG OPALIN,0.9904370994958118,Astro AQP4 SLC1A2,
AGATAGAGTGGTCTAT-1,8,Oligo MOG OPALIN,0.9999989283489841,Oligo MOG OPALIN,
AGATCCAAGAGCCTGA-1,12,Endo CLDN5 SLC7A5,0.9984705452992703,Endo CLDN5 SLC7A5,
AGATCCACAACGGTAG-1,3,Oligo MOG OPALIN,0.9999799012280123,Oligo MOG OPALIN,
AGATCCACAAGAGGTC-1,9,OPC PDGFRA PCDH15,0.9999999999945359,OPC PDGFRA PCDH15,
AGATCCAGTAACCCTA-1,5,Astro AQP4 SLC1A2,0.9974039535474796,Astro AQP4 SLC1A2,
AGATCCAGTATACCTG-1,4,Endo CLDN5 SLC7A5,0.8718289371732818,Endo CLDN5 SLC7A5,
AGATCGTAGGTAGTAT-1,17,L2-3 CUX2 NTNG1 PALMD,0.3404323943280858,L2-3 CUX2 ACVR1C THSD7A,
AGATCGTCAGTAGAGC-1,5,Astro GFAP AQP1,0.4015448212032131,Astro AQP4 SLC1A2,
AGATGAAAGATCACTC-1,21,InN SST KLHL14,0.6856386547132571,InN SST HTR2C,
AGATGAAAGTGGTTGG-1,5,Astro AQP4 SLC1A2,0.37528447069625376,Astro AQP4 SLC1A2,
AGATGAACAGGAGGAG-1,8,Oligo MOG OPALIN,0.9999864387054517,Oligo MOG OPALIN,
AGATGCTCAGGCAATG-1,9,OPC PDGFRA PCDH15,0.9999999999980815,OPC PDGFRA PCDH15,
AGCATCAAGAGCCCAA-1,6,L2-3 CUX2 NTNG1 PALMD,0.5728087360143819,Endo CLDN5 SLC7A5,
AGCATCATCGAGGCAA-1,8,Oligo MOG OPALIN,0.9999981854975304,Oligo MOG OPALIN,
AGCCAATGTAGACACG-1,8,Oligo MOG OPALIN,0.9999994949262971,Oligo MOG OPALIN,
AGCCAATTCCACGTGG-1,5,Astro AQP4 SLC1A2,0.9801467833018057,Astro AQP4 SLC1A2,
AGCCACGCACTAAACC-1,4,Endo CLDN5 SLC7A5,0.98364778331607,Endo CLDN5 SLC7A5,
AGCCACGCATTGACAC-1,1,Oligo MOG OPALIN,0.9996080824467394,Oligo MOG OPALIN,
AGCCACGGTCAAAGTA-1,3,Oligo MOG OPALIN,0.9989022806677706,Oligo MOG OPALIN,
AGCCACGGTCTCAGAT-1,13,Oligo MOG OPALIN,0.989751431055499,Oligo MOG OPALIN,
AGCCACGTCCACGTCT-1,10,Micro P2RY12 GLDN,0.9999996381393751,Micro P2RY12 APBB1IP,
AGCCACGTCGAGCTGC-1,0,Oligo MOG OPALIN,0.9689859268353205,Oligo MOG OPALIN,
AGCCACGTCTTGGTCC-1,23,Endo CLDN5 SLC7A5,0.9699622383458643,Endo CLDN5 SLC7A5,
AGCCAGCAGCATTGAA-1,0,Oligo MOG OPALIN,0.9999994139657636,Oligo MOG OPALIN,
AGCCAGCCAGGCATTT-1,2,Oligo MOG OPALIN,0.9926706180411067,Oligo MOG OPALIN,
AGCCAGCTCACTCACC-1,13,Oligo MOG OPALIN,0.9999164471226846,Oligo MOG OPALIN,
AGCGATTCAGCAGTTT-1,4,Oligo MOG OPALIN,0.938014721265796,Endo CLDN5 SLC7A5,
AGCGATTGTGTGTCCG-1,2,Oligo MOG OPALIN,0.9999932805835879,Oligo MOG OPALIN,
AGCGATTGTTCAAACC-1,14,Astro GFAP AQP1,0.9127601014584227,Astro GFAP AQP1,
AGCGCCAAGAGGTGCT-1,11,Endo CLDN5 SLC7A5,0.9265007298292126,Endo CLDN5 SLC7A5,
AGCGCCAAGATCGCCC-1,7,Oligo MOG OPALIN,0.9820611548539931,Endo CLDN5 SLC7A5,
AGCGCCACAATCGTCA-1,8,Oligo MOG GSN,0.6863802827255873,Oligo MOG OPALIN,
AGCGCTGGTCCTTGTC-1,4,Endo CLDN5 SLC7A5,0.9966715171410618,Endo CLDN5 SLC7A5,
AGCGTATAGGACAGTC-1,12,Endo CLDN5 SLC7A5,0.8066434837063092,Endo CLDN5 SLC7A5,
AGCGTATCAATTGTGC-1,5,Astro AQP4 SLC1A2,0.30795241296727904,Astro AQP4 SLC1A2,
AGCGTATTCTATCGTT-1,25,VLMC COL1A2 VLMCA8,0.9748642628077394,PC P2RY14 GRM8,
AGCTACACAATTGCCA-1,8,Oligo MOG OPALIN,0.982256718936791,Oligo MOG OPALIN,
AGCTCAAAGCCGATTT-1,16,L3-5 RORB MKX GRIN3A,0.999154272003077,L3-5 RORB MKX GRIN3A,
AGCTCAACACTTCCTG-1,0,Oligo MOG OPALIN,0.9999974258331318,Oligo MOG OPALIN,
AGCTCAACATTCACAG-1,15,Endo CLDN5 SLC7A5,0.5018354044956327,Endo CLDN5 SLC7A5,
AGCTCAATCACTCGAA-1,6,Oligo MOG GSN,0.7104652776253543,Endo CLDN5 SLC7A5,
AGCTCAATCCATTGTT-1,10,Micro P2RY12 APBB1IP,0.5565144161621325,Micro P2RY12 APBB1IP,
AGCTCAATCTCGGTAA-1,13,Oligo MOG OPALIN,0.9996792077810456,Oligo MOG OPALIN,
AGCTTCCAGCAAGTCG-1,9,OPC PDGFRA PCDH15,0.9999999999962694,OPC PDGFRA PCDH15,
AGCTTCCCAAGCGAGT-1,1,Oligo MOG OPALIN,0.99993657172645,Oligo MOG OPALIN,
AGCTTCCCACATTGTG-1,2,Oligo MOG FRY,0.993258911965267,Oligo MOG OPALIN,
AGCTTCCCAGCACACC-1,24,Endo CLDN5 SLC7A5,0.7400194398216802,Endo CLDN5 SLC7A5,
AGCTTCCCAGTATACC-1,3,Oligo MOG OPALIN,0.9999951608958926,Oligo MOG OPALIN,
AGCTTCCTCCTAACAG-1,9,OPC PDGFRA PCDH15,0.9999999734166214,OPC PDGFRA PCDH15,
AGCTTCCTCTTAGCAG-1,8,Oligo MOG OPALIN,0.9999627538572641,Oligo MOG OPALIN,
AGGAAATCACTAGGTT-1,17,L6 OPRK1 THEMIS RGS6,0.995360504407318,L2-3 CUX2 ACVR1C THSD7A,
AGGAAATGTTAAGTCC-1,21,InN SST HTR2C,0.6583038141622138,InN SST HTR2C,
AGGAAATGTTCAGGTT-1,9,OPC PDGFRA PCDH15,0.9999961540663589,OPC PDGFRA PCDH15,
AGGAATACATACCAGT-1,1,Oligo MOG OPALIN,0.9995575155030714,Oligo MOG OPALIN,
AGGAATAGTCACGACC-1,24,Oligo MOG OPALIN,0.9944433049116344,Endo CLDN5 SLC7A5,
AGGAATAGTGTGGTCC-1,5,Endo CLDN5 SLC7A5,0.5449696541936595,Astro AQP4 SLC1A2,
AGGAATAGTTGTAGCT-1,22,InN VIP HS3ST3B1,0.9527763257462354,InN VIP EXPH5,
AGGACGAAGCTACTAC-1,13,Oligo MOG OPALIN,0.9999910669250741,Oligo MOG OPALIN,
AGGACGAAGGGTCTTT-1,2,Oligo MOG OPALIN,0.999908310712587,Oligo MOG OPALIN,
AGGACGAAGTCCTGCG-1,2,Oligo MOG OPALIN,0.9999927158342173,Oligo MOG OPALIN,
AGGACGACACTCTGCT-1,0,Oligo MOG OPALIN,0.9999606015379076,Oligo MOG OPALIN,
AGGACTTAGACATATG-1,15,Endo CLDN5 SLC7A5,0.9248283047866085,Endo CLDN5 SLC7A5,
AGGACTTAGTGGGAAA-1,0,Oligo MOG OPALIN,0.9999954790437485,Oligo MOG OPALIN,
AGGACTTTCAGGAAGC-1,5,Astro GFAP AQP1,0.48554239216692247,Astro AQP4 SLC1A2,
AGGACTTTCGATTGGT-1,3,Oligo MOG OPALIN,0.9999845373567245,Oligo MOG OPALIN,
AGGAGGTGTACCGTCG-1,17,L6 OPRK1 THEMIS RGS6,0.8752763026122489,L2-3 CUX2 ACVR1C THSD7A,
AGGAGGTTCTCGCTCA-1,7,Endo CLDN5 SLC7A5,0.8994736945098181,Endo CLDN5 SLC7A5,
AGGATAAAGTTTGGCT-1,1,Oligo MOG OPALIN,0.9998780288350081,Oligo MOG OPALIN,
AGGATAACATCAACCA-1,3,Oligo MOG OPALIN,0.9999897111236794,Oligo MOG OPALIN,
AGGATAAGTGCAGGAT-1,1,Oligo MOG OPALIN,0.7023971933312373,Oligo MOG OPALIN,
AGGATAATCGCGGTAC-1,17,L2-3 CUX2 ACVR1C THSD7A,0.9909495325260085,L2-3 CUX2 ACVR1C THSD7A,
AGGATCTGTGGCGCTT-1,27,T SKAP1 CD247,0.9999996840601465,T SKAP1 CD247,
AGGATCTTCCGATGTA-1,5,Astro AQP4 SLC1A2,0.35525163393767795,Astro AQP4 SLC1A2,
AGGCATTAGCAGTAAT-1,3,Oligo MOG OPALIN,0.9983435562085512,Oligo MOG OPALIN,
AGGCATTGTAACTAAG-1,7,Endo CLDN5 SLC7A5,0.7680639981548135,Endo CLDN5 SLC7A5,
AGGCATTTCTCTATAC-1,13,Oligo MOG OPALIN,0.9997284670602241,Oligo MOG OPALIN,
AGGCCACAGACGGAAA-1,20,L6 FEZF2 NPFFR2 KCNK2,0.3772317270676843,L6 FEZF2 SYT6 PTPRT,
AGGCCACAGAGGTCAC-1,10,Micro P2RY12 GLDN,0.9597005901815205,Micro P2RY12 APBB1IP,
AGGCCACGTAGGTGCA-1,11,Endo CLDN5 SLC7A5,0.9976864990598049,Endo CLDN5 SLC7A5,
AGGCTGCCAATTGAAG-1,27,T SKAP1 CD247,0.9931788137162114,T SKAP1 CD247,
AGGCTGCGTACGATTC-1,14,Astro GFAP AQP1,0.361520421804283,Astro GFAP AQP1,
AGGCTGCGTTGTCAGT-1,9,OPC PDGFRA PCDH15,0.9999999999982276,OPC PDGFRA PCDH15,
AGGGAGTCAATTCACG-1,0,Oligo MOG OPALIN,0.9904144240018238,Oligo MOG OPALIN,
AGGGAGTCACCACATA-1,0,Oligo MOG OPALIN,0.9999992171305168,Oligo MOG OPALIN,
AGGGAGTTCCAGTACA-1,3,Oligo MOG OPALIN,0.9999972756132753,Oligo MOG OPALIN,
AGGGAGTTCCTTATCA-1,0,Oligo MOG OPALIN,0.9999989117560134,Oligo MOG OPALIN,
AGGGCTCCACTTACAG-1,19,Endo CLDN5 IL1R1,0.8786917803160401,Endo CLDN5 SLC7A5,
AGGGCTCGTGCAATGG-1,4,Endo CLDN5 SLC7A5,0.9844483613288496,Endo CLDN5 SLC7A5,
AGGGTCCTCAGTGTGT-1,0,Oligo MOG OPALIN,0.9999963777296859,Oligo MOG OPALIN,
AGGGTCCTCCCTCGTA-1,15,SMC ACTA2 CNN1,0.9999995422709261,Endo CLDN5 SLC7A5,
AGGGTGAAGGAGCTGT-1,17,L6 OPRK1 THEMIS RGS6,0.9924236833720849,L2-3 CUX2 ACVR1C THSD7A,
AGGGTGAAGTTAGAAC-1,0,Oligo MOG OPALIN,0.999926817098813,Oligo MOG OPALIN,
AGGGTGATCGTTCGCT-1,16,L3-5 RORB GABRG1 PTPRO,0.4549792994264393,L3-5 RORB MKX GRIN3A,
AGGGTTTGTTTACTTC-1,5,Astro GFAP AQP1,0.9836003906295402,Astro AQP4 SLC1A2,
AGGGTTTGTTTCGGCG-1,0,Oligo MOG OPALIN,0.9999994077737208,Oligo MOG OPALIN,
AGGTAGGAGATGCTTC-1,11,Endo CLDN5 SLC7A5,0.9741834754091222,Endo CLDN5 SLC7A5,
AGGTAGGAGGCACTAG-1,9,OPC PDGFRA PCDH15,0.9999999999999776,OPC PDGFRA PCDH15,
AGGTAGGGTGGCTACC-1,3,Oligo MOG OPALIN,0.9999893852687293,Oligo MOG OPALIN,
AGGTAGGTCAGACCGC-1,6,Endo CLDN5 SLC7A5,0.8988025424030647,Endo CLDN5 SLC7A5,
AGGTAGGTCTTTCCGG-1,2,Oligo MOG OPALIN,0.9998815919264555,Oligo MOG OPALIN,
AGGTCATCAGGGTTGA-1,3,Oligo MOG OPALIN,0.9994061567313655,Oligo MOG OPALIN,
AGGTCATGTACCGTCG-1,19,Endo CLDN5 IL1R1,0.9960808504803836,Endo CLDN5 SLC7A5,
AGGTCATTCTCCTGCA-1,15,L2-3 CUX2 ACVR1C THSD7A,0.6216932176016899,Endo CLDN5 SLC7A5,
AGGTCTAAGCCTTTCC-1,17,L2-3 CUX2 ACVR1C THSD7A,0.937168609215759,L2-3 CUX2 ACVR1C THSD7A,
AGGTCTACAGGCATGA-1,15,SMC ACTA2 CNN1,0.9997615591522212,Endo CLDN5 SLC7A5,
AGGTCTATCGCTCTCA-1,11,L3-5 RORB MKX GRIN3A,0.6327106477290695,Endo CLDN5 SLC7A5,
AGGTGTTCAGTCTCTC-1,6,Oligo MOG OPALIN,0.46525414773826873,Endo CLDN5 SLC7A5,
AGGTTACAGACTCCGC-1,26,Oligo MOG OPALIN,0.998546946533224,Oligo MOG OPALIN,
AGGTTACAGGTTGTTC-1,3,Oligo MOG OPALIN,0.9999351195543401,Oligo MOG OPALIN,
AGGTTACCAGACACAG-1,3,Oligo MOG OPALIN,0.9999991966957686,Oligo MOG OPALIN,
AGGTTGTCATCCGAGC-1,6,Endo CLDN5 SLC7A5,0.3817335199000475,Endo CLDN5 SLC7A5,
AGTAACCTCGGAAACG-1,16,Endo CLDN5 SLC7A5,0.914566042128405,L3-5 RORB MKX GRIN3A,
AGTACCAAGAGTTCGG-1,22,InN VIP CLSTN2,0.6627251860695951,InN VIP EXPH5,
AGTACCAGTGACCGTC-1,1,Oligo MOG OPALIN,0.9999901586953249,Oligo MOG OPALIN,
AGTACCATCATGAGAA-1,1,Oligo MOG OPALIN,0.9997717099735636,Oligo MOG OPALIN,
AGTACCATCGTAGCCG-1,12,Endo CLDN5 SLC7A5,0.9056055742302862,Endo CLDN5 SLC7A5,
AGTACTGCACCCTGTT-1,11,Endo CLDN5 SLC7A5,0.9979996408031452,Endo CLDN5 SLC7A5,
AGTACTGCACTTTAGG-1,13,Oligo MOG OPALIN,0.9996096482543514,Oligo MOG OPALIN,
AGTACTGCATAATGCC-1,1,Oligo MOG OPALIN,0.9999982488013104,Oligo MOG OPALIN,
AGTACTGTCTATGTGG-1,2,Oligo MOG OPALIN,0.9973841405501588,Oligo MOG OPALIN,
AGTACTGTCTCAGGCG-1,8,Oligo MOG OPALIN,0.9975632016200588,Oligo MOG OPALIN,
AGTAGCTAGGACAAGA-1,2,Oligo MOG OPALIN,0.9252709932768143,Oligo MOG OPALIN,
AGTAGTCAGCTCTTCC-1,22,InN LAMP5 BMP7,0.92971877860722,InN VIP EXPH5,
AGTAGTCCATAACAGA-1,8,Oligo MOG OPALIN,0.9999990484480028,Oligo MOG OPALIN,
AGTAGTCTCTGACGCG-1,10,Micro P2RY12 APBB1IP,0.966439948626038,Micro P2RY12 APBB1IP,
AGTCAACTCATCCTAT-1,6,L2-3 CUX2 NTNG1 PALMD,0.32346329799172036,Endo CLDN5 SLC7A5,
AGTCAACTCTTAGCTT-1,7,Endo CLDN5 SLC7A5,0.9816917751652057,Endo CLDN5 SLC7A5,
AGTCACAAGACATATG-1,7,Endo CLDN5 SLC7A5,0.9852333958577378,Endo CLDN5 SLC7A5,
AGTCACAGTACGATCT-1,1,Oligo MOG OPALIN,0.9997014391699147,Oligo MOG OPALIN,
AGTCACAGTAGAGACC-1,5,Astro AQP4 SLC1A2,0.941309867709218,Astro AQP4 SLC1A2,
AGTCACAGTGCTCTTC-1,1,Oligo MOG OPALIN,0.8613094757992877,Oligo MOG OPALIN,
AGTCACATCAGTGTGT-1,2,Oligo MOG OPALIN,0.9980725140717079,Oligo MOG OPALIN,
AGTCATGCAAGTGCAG-1,21,InN SST KLHL14,0.9787061477233785,InN SST HTR2C,
AGTCATGCAGCGAACA-1,20,Endo CLDN5 SLC7A5,0.7278764810122331,L6 FEZF2 SYT6 PTPRT,
AGTCATGGTACCTGTA-1,3,Oligo MOG OPALIN,0.9999911107140818,Oligo MOG OPALIN,
AGTCATGGTTAGAGAT-1,2,Oligo MOG OPALIN,0.9996569503378603,Oligo MOG OPALIN,
AGTCTCCAGGAAGTGA-1,7,Endo CLDN5 SLC7A5,0.9965747435005124,Endo CLDN5 SLC7A5,
AGTCTCCCATCCTTGC-1,12,Endo CLDN5 SLC7A5,0.9979966088787856,Endo CLDN5 SLC7A5,
AGTCTCCGTAGGTAGC-1,0,Oligo MOG OPALIN,0.9999810828351542,Oligo MOG OPALIN,
AGTCTCCGTGGTCTAT-1,7,Endo CLDN5 SLC7A5,0.8157989624483909,Endo CLDN5 SLC7A5,
AGTGACTCAACGCATT-1,5,Astro GFAP FABP7,0.397125591220067,Astro AQP4 SLC1A2,
AGTGACTCATGACAGG-1,6,Oligo MOG OPALIN,0.5491104452326981,Endo CLDN5 SLC7A5,
AGTGACTGTAGTTACC-1,2,Oligo MOG OPALIN,0.9999990486171558,Oligo MOG OPALIN,
AGTGACTGTTACAGCT-1,0,Oligo MOG OPALIN,0.9973965652040347,Oligo MOG OPALIN,
AGTGATCAGGTCACTT-1,5,Astro AQP4 SLC1A2,0.6019646740566645,Astro AQP4 SLC1A2,
AGTGATCCATTCTCCG-1,3,Oligo MOG OPALIN,0.9999972113058191,Oligo MOG OPALIN,
AGTGCCGAGAGCTGCA-1,12,Endo CLDN5 SLC7A5,0.6771521681343942,Endo CLDN5 SLC7A5,
AGTGCCGAGTGATAGT-1,1,Oligo MOG OPALIN,0.9798520276925284,Oligo MOG OPALIN,
AGTGCCGCAACTCCAA-1,11,Endo CLDN5 SLC7A5,0.9795653839120899,Endo CLDN5 SLC7A5,
AGTGCCGGTACTGAGG-1,22,InN VIP FREM2,0.9967347227306321,InN VIP EXPH5,
AGTGCCGGTTGGATCT-1,6,Oligo MOG OPALIN,0.952022913741495,Endo CLDN5 SLC7A5,
AGTGTTGGTGGAACAC-1,18,Oligo MOG GSN,0.9249425118401279,Oligo MOG GSN,
AGTGTTGGTTCGTGCG-1,13,Oligo MOG OPALIN,0.9410520533473091,Oligo MOG OPALIN,
AGTTCCCAGAGCCGTA-1,0,Oligo MOG OPALIN,0.9999696133955138,Oligo MOG OPALIN,
AGTTCCCCAGGGTCTC-1,7,Endo CLDN5 SLC7A5,0.9773863908579831,Endo CLDN5 SLC7A5,
AGTTCCCTCATCGCCT-1,10,Micro P2RY12 GLDN,0.8872860345513205,Micro P2RY12 APBB1IP,
AGTTCGAAGACAGCGT-1,2,Oligo MOG OPALIN,0.9999689972140092,Oligo MOG OPALIN,
AGTTCGAAGATCCCAT-1,5,Astro AQP4 SLC1A2,0.7715900300149083,Astro AQP4 SLC1A2,
ATACCGACATCTGCGG-1,11,Endo CLDN5 SLC7A5,0.9403418840617852,Endo CLDN5 SLC7A5,
ATACCGACATTACGGT-1,4,Endo CLDN5 SLC7A5,0.9980694601332728,Endo CLDN5 SLC7A5,
ATACCGATCAGAGCGA-1,12,Endo CLDN5 SLC7A5,0.7900974411544017,Endo CLDN5 SLC7A5,
ATACCTTGTCCAGCCA-1,0,Oligo MOG OPALIN,0.9999802747113345,Oligo MOG OPALIN,
ATACTTCCAGTCAACT-1,21,InN SST HTR2C,0.8062353100529581,InN SST HTR2C,
ATACTTCTCGGAAACG-1,10,Micro P2RY12 APBB1IP,0.9991614336584713,Micro P2RY12 APBB1IP,
ATAGACCTCAGATTGC-1,14,Astro GFAP AQP1,0.9583057596958077,Astro GFAP AQP1,
ATAGACCTCCGCTTAC-1,6,Endo CLDN5 SLC7A5,0.9962843141884744,Endo CLDN5 SLC7A5,
ATAGAGACACACCGAC-1,6,Endo CLDN5 SLC7A5,0.9645632359604279,Endo CLDN5 SLC7A5,
ATAGGCTAGCCAAGCA-1,7,Endo CLDN5 SLC7A5,0.9950679358884176,Endo CLDN5 SLC7A5,
ATAGGCTAGGGAGAAT-1,3,Oligo MOG OPALIN,0.9998955790948165,Oligo MOG OPALIN,
ATAGGCTTCGCATTAG-1,6,Endo CLDN5 SLC7A5,0.7686507523107993,Endo CLDN5 SLC7A5,
ATAGGCTTCGTTCCTG-1,12,Endo CLDN5 SLC7A5,0.3962162938807999,Endo CLDN5 SLC7A5,
ATATCCTCACTGGACC-1,10,Micro P2RY12 APBB1IP,0.4648763953383713,Micro P2RY12 APBB1IP,
ATATCCTCATAACGGG-1,2,Oligo MOG OPALIN,0.9998535520411215,Oligo MOG OPALIN,
ATATCCTTCCCGAACG-1,8,Oligo MOG OPALIN,0.9999935179805803,Oligo MOG OPALIN,
ATCACAGAGCTTACGT-1,6,Oligo MOG OPALIN,0.997384682795304,Endo CLDN5 SLC7A5,
ATCACAGAGGACGCAT-1,17,L2-3 CUX2 ACVR1C THSD7A,0.7668684336963746,L2-3 CUX2 ACVR1C THSD7A,
ATCACGATCGGCTATA-1,1,Oligo MOG OPALIN,0.9996251235075222,Oligo MOG OPALIN,
ATCACTTAGCTGAGCA-1,3,Oligo MOG OPALIN,0.9992251337008193,Oligo MOG OPALIN,
ATCACTTTCTAACGCA-1,16,L3-5 RORB MKX GRIN3A,0.9338581230195776,L3-5 RORB MKX GRIN3A,
ATCAGGTAGAAGTCTA-1,17,L2-3 CUX2 NTNG1 COL5A2,0.39080954440310617,L2-3 CUX2 ACVR1C THSD7A,
ATCAGGTAGGTCATTC-1,0,Oligo MOG OPALIN,0.9998922383732822,Oligo MOG OPALIN,
ATCAGGTCAGGCGTTC-1,10,Oligo MOG OPALIN,0.9767891204948806,Micro P2RY12 APBB1IP,
ATCAGGTGTCGTATGT-1,5,Astro GFAP AQP1,0.9885859955033285,Astro AQP4 SLC1A2,
ATCATTCCAAGTGACG-1,9,OPC PDGFRA PCDH15,0.9999999999993796,OPC PDGFRA PCDH15,
ATCATTCCACATGTTG-1,7,Oligo MOG OPALIN,0.9626872973350119,Endo CLDN5 SLC7A5,
ATCATTCGTGATGAAT-1,1,Oligo MOG OPALIN,0.9935553920791361,Oligo MOG OPALIN,
ATCATTCGTTGGGCCT-1,21,InN SST THSD7B,0.9999739523306305,InN SST HTR2C,
ATCATTCTCTACAGGT-1,1,Oligo MOG OPALIN,0.9974272995766712,Oligo MOG OPALIN,
ATCCATTAGGGTTAGC-1,12,Endo CLDN5 SLC7A5,0.5725414736428859,Endo CLDN5 SLC7A5,
ATCCATTAGTAACCTC-1,1,Oligo MOG OPALIN,0.9722002704666398,Oligo MOG OPALIN,
ATCCCTGCACAGTCCG-1,2,Oligo MOG OPALIN,0.999960299904309,Oligo MOG OPALIN,
ATCCCTGGTAAGTCAA-1,5,Astro AQP4 SLC1A2,0.9926956683927176,Astro AQP4 SLC1A2,
ATCCCTGGTACAGCGA-1,3,Oligo MOG OPALIN,0.9999960888669196,Oligo MOG OPALIN,
ATCCCTGTCAAACCCA-1,21,InN SST HTR2C,0.7761693766975726,InN SST HTR2C,
ATCCCTGTCTTACGGA-1,24,Endo CLDN5 SLC7A5,0.8916507872618534,Endo CLDN5 SLC7A5,
ATCCGTCAGGCGATAC-1,6,Endo CLDN5 SLC7A5,0.40948646259352706,Endo CLDN5 SLC7A5,
ATCCGTCCACCGTCGA-1,19,Endo CLDN5 SLC7A5,0.8555104110573007,Endo CLDN5 SLC7A5,
ATCCTATCAACCCGCA-1,3,Oligo MOG OPALIN,0.9196445986303033,Oligo MOG OPALIN,
ATCCTATCAAGGTCGA-1,12,Oligo MOG OPALIN,0.6486899729126492,Endo CLDN5 SLC7A5,
ATCCTATCAGAGGTTG-1,2,Oligo MOG OPALIN,0.9999963874261032,Oligo MOG OPALIN,
ATCCTATCATGGGTTT-1,3,Oligo MOG OPALIN,0.9999679486931087,Oligo MOG OPALIN,
ATCCTATTCTGTGCAA-1,15,Endo CLDN5 SLC7A5,0.8128354986291606,Endo CLDN5 SLC7A5,
ATCGATGAGTCAATCC-1,16,L3-5 RORB GABRG1 KCNH7,0.9024991407226444,L3-5 RORB MKX GRIN3A,
ATCGATGCACCGGTCA-1,4,Endo CLDN5 SLC7A5,0.9411375968205894,Endo CLDN5 SLC7A5,
ATCGATGCATCGCTAA-1,17,L6 OPRK1 THEMIS RGS6,0.9994623210800306,L2-3 CUX2 ACVR1C THSD7A,
ATCGATGCATTCACAG-1,3,Oligo MOG OPALIN,0.9999078389130757,Oligo MOG OPALIN,
ATCGGATAGTTGGCGA-1,6,Oligo MOG OPALIN,0.38847020190436127,Endo CLDN5 SLC7A5,
ATCGGCGCATAAGCGG-1,2,Oligo MOG OPALIN,0.999978500721604,Oligo MOG OPALIN,
ATCGGCGTCCCATGGG-1,5,Astro AQP4 SLC1A2,0.999195802526037,Astro AQP4 SLC1A2,
ATCGGCGTCGCACGAC-1,0,Oligo MOG OPALIN,0.999910588733175,Oligo MOG OPALIN,
ATCGGCGTCGGACTTA-1,4,Endo CLDN5 SLC7A5,0.8798295735359466,Endo CLDN5 SLC7A5,
ATCGGCGTCTCTCAAT-1,14,Astro GFAP AQP1,0.5764303130171866,Astro GFAP AQP1,
ATCGTAGAGCGCAATG-1,2,Oligo MOG OPALIN,0.9998970561984729,Oligo MOG OPALIN,
ATCGTAGCAGTATGAA-1,10,Micro P2RY12 GLDN,0.9508178659313842,Micro P2RY12 APBB1IP,
ATCGTAGTCACCATCC-1,6,OPC PDGFRA PCDH15,0.6571090336193878,Endo CLDN5 SLC7A5,
ATCGTCCCACTCCACT-1,1,Oligo MOG OPALIN,0.9616640260859325,Oligo MOG OPALIN,
ATCGTCCCATGGAGAC-1,5,Astro AQP4 SLC1A2,0.9998555773131262,Astro AQP4 SLC1A2,
ATCGTGAAGTTGCGAG-1,7,Endo CLDN5 SLC7A5,0.9642265788063384,Endo CLDN5 SLC7A5,
ATCGTGATCAACTACG-1,12,Endo CLDN5 SLC7A5,0.9756295154597439,Endo CLDN5 SLC7A5,
ATCGTGATCATTTCCA-1,1,Oligo MOG OPALIN,0.9998029012091961,Oligo MOG OPALIN,
ATCGTGATCGTGCATA-1,16,L3-5 RORB MKX GALR1,0.44443796945504765,L3-5 RORB MKX GRIN3A,
ATCTCTAAGAGAGAAC-1,2,Oligo MOG OPALIN,0.9999965269259731,Oligo MOG OPALIN,
ATCTCTATCGACGAGA-1,11,Endo CLDN5 SLC7A5,0.9965722285334312,Endo CLDN5 SLC7A5,
ATCTTCAAGGGCAGTT-1,2,Oligo MOG OPALIN,0.9998720584894671,Oligo MOG OPALIN,
ATCTTCACATTCAGCA-1,14,Astro GFAP AQP1,0.4122530302968956,Astro GFAP AQP1,
ATCTTCATCCTCTAGC-1,7,Endo CLDN5 SLC7A5,0.9658645912696083,Endo CLDN5 SLC7A5,
ATGAAAGAGCTCACTA-1,0,Oligo MOG OPALIN,0.9999852810778911,Oligo MOG OPALIN,
ATGAAAGCAATCGAAA-1,3,Oligo MOG OPALIN,0.9998352020667666,Oligo MOG OPALIN,
ATGAAAGCAGAAATTG-1,13,Endo CLDN5 SLC7A5,0.5784519181218348,Oligo MOG OPALIN,
ATGAAAGCAGACCTAT-1,5,Astro GFAP AQP1,0.37736339315662015,Astro AQP4 SLC1A2,
ATGAAAGCATGCAGCC-1,8,Oligo MOG OPALIN,0.9827090915125152,Oligo MOG OPALIN,
ATGACCAAGCATCAGG-1,5,Astro AQP4 SLC1A2,0.9336170557897533,Astro AQP4 SLC1A2,
ATGACCAAGTTACTCG-1,14,Astro GFAP FABP7,0.8596520040175741,Astro GFAP AQP1,
ATGACCACAACAAAGT-1,4,Endo CLDN5 SLC7A5,0.39779646207380126,Endo CLDN5 SLC7A5,
ATGACCAGTGCAACAG-1,4,Endo CLDN5 SLC7A5,0.33101024078925756,Endo CLDN5 SLC7A5,
ATGACCAGTGGAACCA-1,3,Oligo MOG OPALIN,0.9999990373793681,Oligo MOG OPALIN,
ATGAGGGCAGCGGATA-1,12,Endo CLDN5 SLC7A5,0.9581961002550038,Endo CLDN5 SLC7A5,
ATGAGGGCATAGGAGC-1,8,Oligo MOG OPALIN,0.9995393804358392,Oligo MOG OPALIN,
ATGAGGGGTGTTGAGG-1,20,L5-6 FEZF2 NXPH2 CDH8,0.9490503657449276,L6 FEZF2 SYT6 PTPRT,
ATGAGGGGTTCTGAGT-1,4,Endo CLDN5 SLC7A5,0.8923393113224927,Endo CLDN5 SLC7A5,
ATGAGGGGTTTACGTG-1,4,Endo CLDN5 SLC7A5,0.9972950910639846,Endo CLDN5 SLC7A5,
ATGATCGAGCATGTTC-1,6,Oligo MOG OPALIN,0.9212020575844214,Endo CLDN5 SLC7A5,
ATGATCGGTGTCCAAT-1,14,Astro GFAP AQP1,0.9771868134038623,Astro GFAP AQP1,
ATGCATGAGAGGATCC-1,2,Oligo MOG OPALIN,0.9999996168692964,Oligo MOG OPALIN,
ATGCATGCAATCGAAA-1,0,Oligo MOG OPALIN,0.9999949896963742,Oligo MOG OPALIN,
ATGCATGCACCACATA-1,6,Endo CLDN5 SLC7A5,0.5280139109975416,Endo CLDN5 SLC7A5,
ATGCATGCATTCCTAT-1,7,Endo CLDN5 SLC7A5,0.9936646604457917,Endo CLDN5 SLC7A5,
ATGCATGGTCTAGTGT-1,1,Oligo MOG OPALIN,0.9903618889218142,Oligo MOG OPALIN,
ATGCATGTCTGTCAGA-1,5,Astro AQP4 SLC1A2,0.7387819921326344,Astro AQP4 SLC1A2,
ATGCCTCAGAAACTAC-1,26,Oligo MOG OPALIN,0.9782397915323535,Oligo MOG OPALIN,
ATGCCTCTCGCCGATG-1,1,Oligo MOG OPALIN,0.9996126269680592,Oligo MOG OPALIN,
ATGCGATAGCTACAAA-1,19,Endo CLDN5 SLC7A5,0.9998393926845035,Endo CLDN5 SLC7A5,
ATGCGATGTCATCACA-1,24,L2-3 CUX2 NTNG1 PALMD,0.6283738119034,Endo CLDN5 SLC7A5,
ATGCGATTCGCTCCTA-1,14,Astro GFAP AQP1,0.999541573079694,Astro GFAP AQP1,
ATGGAGGAGCTTCATG-1,10,Micro P2RY12 APBB1IP,0.47924963559548106,Micro P2RY12 APBB1IP,
ATGGAGGCAGCTATAC-1,1,Oligo MOG OPALIN,0.9999978315648038,Oligo MOG OPALIN,
ATGGAGGCATGAGTAA-1,18,Oligo MOG GSN,0.9867889874090696,Oligo MOG GSN,
ATGGAGGCATGGGTCC-1,4,Endo CLDN5 SLC7A5,0.9669804572968959,Endo CLDN5 SLC7A5,
ATGGAGGTCCAATCCC-1,11,Endo CLDN5 SLC7A5,0.9065934164202497,Endo CLDN5 SLC7A5,
ATGGATCGTGCAGATG-1,9,OPC PDGFRA PCDH15,0.9999999995577089,OPC PDGFRA PCDH15,
ATGGATCGTTGTATGC-1,24,InN SST NPY,0.867977771795715,Endo CLDN5 SLC7A5,
ATGGATCTCGTCTAAG-1,2,Oligo MOG OPALIN,0.9998540846665943,Oligo MOG OPALIN,
ATGGGAGCACCTGCTT-1,13,Endo CLDN5 SLC7A5,0.4875557947226623,Oligo MOG OPALIN,
ATGTCCCAGCATTTGC-1,8,Oligo MOG OPALIN,0.987808743273157,Oligo MOG OPALIN,
ATGTCCCAGGCTCTAT-1,19,Endo CLDN5 SLC7A5,0.999784917729738,Endo CLDN5 SLC7A5,
ATGTCCCCAGCAGATG-1,3,Oligo MOG OPALIN,0.999986998935791,Oligo MOG OPALIN,
ATGTCCCGTCTGCATA-1,17,Oligo MOG OPALIN,0.8147028584540252,L2-3 CUX2 ACVR1C THSD7A,
ATGTCCCGTGTCCGTG-1,0,Oligo MOG OPALIN,0.9999966732401857,Oligo MOG OPALIN,
ATGTCTTGTGCTCTTC-1,24,Endo CLDN5 SLC7A5,0.46504476798572375,Endo CLDN5 SLC7A5,
ATTACCTCACGATAGG-1,14,Astro GFAP AQP1,0.9739169571005902,Astro GFAP AQP1,
ATTACTCAGAAACCAT-1,21,InN SST STK32A,0.9064966481184062,InN SST HTR2C,
ATTACTCGTACTGTTG-1,11,Endo CLDN5 SLC7A5,0.491217740463719,Endo CLDN5 SLC7A5,
ATTACTCTCTGGGTCG-1,9,OPC PDGFRA PCDH15,0.9999999992754882,OPC PDGFRA PCDH15,
ATTACTCTCTTTGATC-1,3,Oligo MOG OPALIN,0.9996877076520635,Oligo MOG OPALIN,
ATTATCCCAATGCTCA-1,12,L5 FEZF2 BCL11B POU3F1,0.7114633121641757,Endo CLDN5 SLC7A5,
ATTATCCCATATCTGG-1,4,Oligo MOG OPALIN,0.468327917633135,Endo CLDN5 SLC7A5,
ATTATCCGTGGCAACA-1,0,Oligo MOG OPALIN,0.9999970718662956,Oligo MOG OPALIN,
ATTATCCTCCGTCACT-1,14,Astro GFAP AQP1,0.7805817503360152,Astro GFAP AQP1,
ATTATCCTCGCGAAGA-1,0,Oligo MOG OPALIN,0.9999237358293069,Oligo MOG OPALIN,
ATTATCCTCTAGTCAG-1,13,Oligo MOG OPALIN,0.9999896184252632,Oligo MOG OPALIN,
ATTCACTGTAAGAACT-1,14,Astro GFAP AQP1,0.9829912456865483,Astro GFAP AQP1,
ATTCACTGTCGCACAC-1,2,Oligo MOG OPALIN,0.9999830106718379,Oligo MOG OPALIN,
ATTCAGGTCAGCGGAA-1,11,Endo CLDN5 SLC7A5,0.8614424588897428,Endo CLDN5 SLC7A5,
ATTCATCAGACGACGT-1,3,Oligo MOG OPALIN,0.963267857016058,Oligo MOG OPALIN,
ATTCATCGTTCGTAAC-1,8,Oligo MOG OPALIN,0.9999793877608812,Oligo MOG OPALIN,
ATTCATCTCCTGGCTT-1,3,Oligo MOG OPALIN,0.9999858312357279,Oligo MOG OPALIN,
ATTCCATAGGATTCAA-1,9,OPC PDGFRA PCDH15,0.9999999999998097,OPC PDGFRA PCDH15,
ATTCCCGTCGTCGATA-1,0,Oligo MOG OPALIN,0.9999864817921865,Oligo MOG OPALIN,
ATTCCTAAGCAAGCCA-1,17,L6 OPRK1 THEMIS RGS6,0.9865819325740457,L2-3 CUX2 ACVR1C THSD7A,
ATTCCTAAGTTGCCCG-1,7,Endo CLDN5 SLC7A5,0.8959304714956803,Endo CLDN5 SLC7A5,
ATTCCTACAGCTGTTA-1,0,Oligo MOG OPALIN,0.9999939255626019,Oligo MOG OPALIN,
ATTCCTAGTGGTTTGT-1,9,OPC PDGFRA PCDH15,0.9999999198763647,OPC PDGFRA PCDH15,
ATTCCTATCATCGTAG-1,3,Oligo MOG OPALIN,0.9996235510599442,Oligo MOG OPALIN,
ATTCGTTAGAGCGACT-1,7,Endo CLDN5 SLC7A5,0.8512602599289538,Endo CLDN5 SLC7A5,
ATTCGTTTCCTTACCG-1,15,Endo CLDN5 SLC7A5,0.9303916936051595,Endo CLDN5 SLC7A5,
ATTCTTGCAAAGGGCT-1,0,Oligo MOG OPALIN,0.9999979390253174,Oligo MOG OPALIN,
ATTCTTGCACTGGATT-1,2,Oligo MOG OPALIN,0.9988153986918127,Oligo MOG OPALIN,
ATTCTTGCAGTTTGGT-1,0,Oligo MOG OPALIN,0.9995726874619564,Oligo MOG OPALIN,
ATTCTTGGTGAGGCAT-1,5,Astro AQP4 SLC1A2,0.8899613893514697,Astro AQP4 SLC1A2,
ATTCTTGGTTCACCGG-1,14,Astro GFAP FABP7,0.9937696935168748,Astro GFAP AQP1,
ATTCTTGTCAACGAGG-1,14,Astro GFAP AQP1,0.9998016874964255,Astro GFAP AQP1,
ATTGGGTAGAAGGCTC-1,23,Endo CLDN5 SLC7A5,0.9931056429973045,Endo CLDN5 SLC7A5,
ATTGGGTAGCCTTTCC-1,0,Oligo MOG OPALIN,0.9999987259661538,Oligo MOG OPALIN,
ATTGGGTGTTAAGGAT-1,8,Oligo MOG OPALIN,0.9999284273147547,Oligo MOG OPALIN,
ATTGGGTTCACAACCA-1,1,Oligo MOG OPALIN,0.871394388409369,Oligo MOG OPALIN,
ATTGGGTTCCGCGGAT-1,11,Endo CLDN5 SLC7A5,0.9875478874095968,Endo CLDN5 SLC7A5,
ATTGGGTTCGAGAACG-1,4,Oligo MOG OPALIN,0.902908832651966,Endo CLDN5 SLC7A5,
ATTGTTCAGATAACAC-1,2,Oligo MOG OPALIN,0.9999965432440415,Oligo MOG OPALIN,
ATTGTTCCAACGGTAG-1,0,Oligo MOG OPALIN,0.9998905461951798,Oligo MOG OPALIN,
ATTGTTCTCGGCTGTG-1,0,Oligo MOG OPALIN,0.9999652668359845,Oligo MOG OPALIN,
ATTTACCAGCAGCACA-1,1,Oligo MOG OPALIN,0.9999684458281904,Oligo MOG OPALIN,
ATTTACCCAGTAGTTC-1,16,Oligo MOG OPALIN,0.910189750727272,L3-5 RORB MKX GRIN3A,
ATTTACCCAGTTAGGG-1,16,L2-4 CUX2 RORB CLMN,0.6496900907516452,L3-5 RORB MKX GRIN3A,
ATTTCACAGGCATCGA-1,8,Oligo MOG OPALIN,0.999219966631151,Oligo MOG OPALIN,
ATTTCACGTGCGGATA-1,6,Oligo MOG OPALIN,0.981283851405592,Endo CLDN5 SLC7A5,
CAAAGAAAGTAACAGT-1,5,Astro AQP4 SLC1A2,0.724539878214734,Astro AQP4 SLC1A2,
CAAAGAACAAGGGTCA-1,19,PC P2RY14 GRM8,0.9973972041493038,Endo CLDN5 SLC7A5,
CAAAGAAGTCACAGAG-1,8,Oligo MOG OPALIN,0.9998998960784446,Oligo MOG OPALIN,
CAAAGAATCCCAGCGA-1,0,Oligo MOG OPALIN,0.9999694239063801,Oligo MOG OPALIN,
CAAAGAATCGCATTGA-1,25,PC P2RY14 GRM8,0.9999964662814619,PC P2RY14 GRM8,
CAAAGAATCTCCGAGG-1,5,Astro AQP4 SLC1A2,0.9995364261263328,Astro AQP4 SLC1A2,
CAACAACAGGGAGTTC-1,7,Endo CLDN5 SLC7A5,0.725115941338273,Endo CLDN5 SLC7A5,
CAACAACTCAGCAATC-1,12,Endo CLDN5 SLC7A5,0.6765874526505207,Endo CLDN5 SLC7A5,
CAACAGTTCGATGCTA-1,7,Endo CLDN5 SLC7A5,0.9984050277696821,Endo CLDN5 SLC7A5,
CAACAGTTCTGGGCAC-1,12,Endo CLDN5 SLC7A5,0.8091139563729166,Endo CLDN5 SLC7A5,
CAACCAAAGCATCCCG-1,3,Oligo MOG OPALIN,0.9999921020581332,Oligo MOG OPALIN,
CAACCAACACTGCGAC-1,3,Oligo MOG OPALIN,0.9998656967929799,Oligo MOG OPALIN,
CAACCTCCAAACTCGT-1,20,L6 FEZF2 SYT6 SULF1,0.4555568725942396,L6 FEZF2 SYT6 PTPRT,
CAACCTCGTCTCCTGT-1,3,Oligo MOG OPALIN,0.9999953343812318,Oligo MOG OPALIN,
CAACGATAGCGAGTAC-1,6,Endo CLDN5 SLC7A5,0.5634486155400192,Endo CLDN5 SLC7A5,
CAACGATGTCGGTGTC-1,0,Oligo MOG OPALIN,0.999988091979397,Oligo MOG OPALIN,
CAACGATGTGAATTAG-1,17,L2-3 CUX2 ACVR1C THSD7A,0.9014911535792282,L2-3 CUX2 ACVR1C THSD7A,
CAACGGCAGATGCTAA-1,0,Oligo MOG OPALIN,0.9999057370802658,Oligo MOG OPALIN,
CAACGGCTCAAGGCTT-1,12,Endo CLDN5 SLC7A5,0.7625045717491102,Endo CLDN5 SLC7A5,
CAAGACTCAACGCATT-1,0,Oligo MOG OPALIN,0.9980306407133239,Oligo MOG OPALIN,
CAAGACTTCATGAAAG-1,0,Oligo MOG OPALIN,0.9230133466535804,Oligo MOG OPALIN,
CAAGACTTCCCATAAG-1,6,PC P2RY14 GRM8,0.45829342780932947,Endo CLDN5 SLC7A5,
CAAGAGGGTATACGGG-1,16,L3-5 RORB MKX GRIN3A,0.5431414180105836,L3-5 RORB MKX GRIN3A,
CAAGAGGGTCATTGCA-1,6,Endo CLDN5 SLC7A5,0.9919202438119799,Endo CLDN5 SLC7A5,
CAAGAGGGTGTGTGGA-1,2,Oligo MOG OPALIN,0.999984637347135,Oligo MOG OPALIN,
CAAGAGGTCAGTGATC-1,18,Oligo MOG GSN,0.9999991000154567,Oligo MOG GSN,
CAAGAGGTCCATAGAC-1,1,Oligo MOG OPALIN,0.9976707319714181,Oligo MOG OPALIN,
CAAGAGGTCCTTCAGC-1,1,Oligo MOG OPALIN,0.9999263405382433,Oligo MOG OPALIN,
CAAGCTAAGGAAGTAG-1,23,L2-3 CUX2 NTNG1 PALMD,0.8789384426544928,Endo CLDN5 SLC7A5,
CAAGCTATCGAACGCC-1,23,Endo CLDN5 SLC7A5,0.5952509633621589,Endo CLDN5 SLC7A5,
CAAGCTATCTCCCAAC-1,18,Oligo MOG GSN,0.9996146359131196,Oligo MOG GSN,
CAAGGGAAGTGAGGTC-1,14,Astro GFAP AQP1,0.9067264839268707,Astro GFAP AQP1,
CAAGGGAGTATCAAGA-1,5,Astro AQP4 SLC1A2,0.9961125538743923,Astro AQP4 SLC1A2,
CAAGGGAGTCAAAGAT-1,6,Endo CLDN5 SLC7A5,0.901213414907841,Endo CLDN5 SLC7A5,
CAAGGGAGTTTGCAGT-1,0,Oligo MOG OPALIN,0.9999967530898077,Oligo MOG OPALIN,
CAATACGCATACCACA-1,4,Endo CLDN5 SLC7A5,0.972292479157063,Endo CLDN5 SLC7A5,
CAATACGGTAGAGACC-1,1,Oligo MOG OPALIN,0.9999808466882787,Oligo MOG OPALIN,
CAATCGAAGTTGCGAG-1,2,Oligo MOG OPALIN,0.9999979786943881,Oligo MOG OPALIN,
CAATCGATCTCCCAAC-1,19,Endo CLDN5 SLC7A5,0.9956495219577942,Endo CLDN5 SLC7A5,
CAATGACCACAAGCTT-1,1,Oligo MOG OPALIN,0.8723708609109655,Oligo MOG OPALIN,
CAATGACCAGCGCGTT-1,4,Oligo MOG OPALIN,0.9996618871977521,Endo CLDN5 SLC7A5,
CAATGACCAGGGATAC-1,10,Micro P2RY12 APBB1IP,0.5066206800834526,Micro P2RY12 APBB1IP,
CAATTTCGTGAGATTA-1,4,Endo CLDN5 SLC7A5,0.9225755721922678,Endo CLDN5 SLC7A5,
CAATTTCTCATTTACC-1,8,Oligo MOG OPALIN,0.9986373430721944,Oligo MOG OPALIN,
CAATTTCTCGAGAGAC-1,2,Oligo MOG OPALIN,0.9986202062331575,Oligo MOG OPALIN,
CACAACATCGTCCTTG-1,0,Oligo MOG OPALIN,0.998215788824397,Oligo MOG OPALIN,
CACACAAAGACCTGGA-1,3,Oligo MOG OPALIN,0.9987474552636781,Oligo MOG OPALIN,
CACAGATAGACGCATG-1,0,Oligo MOG OPALIN,0.9999989311281313,Oligo MOG OPALIN,
CACAGATCACGAGGTA-1,2,Oligo MOG OPALIN,0.9999995077397895,Oligo MOG OPALIN,
CACAGATGTCAATGGG-1,3,Oligo MOG OPALIN,0.9996369297584894,Oligo MOG OPALIN,
CACAGATTCATCGGGC-1,16,L3-5 RORB MKX DCC,0.9929021044243816,L3-5 RORB MKX GRIN3A,
CACAGGCTCCCATAAG-1,6,InN PVALB PDE3A,0.8112388774801462,Endo CLDN5 SLC7A5,
CACAGGCTCTGTACAG-1,4,Endo CLDN5 SLC7A5,0.5834113371422006,Endo CLDN5 SLC7A5,
CACATGAGTCAAGCCC-1,6,Endo CLDN5 SLC7A5,0.9804575487547387,Endo CLDN5 SLC7A5,
CACCAAAAGGAGCTGT-1,9,OPC PDGFRA PCDH15,0.9999999999999845,OPC PDGFRA PCDH15,
CACCGTTGTTCAGTAC-1,3,Oligo MOG OPALIN,0.9970389688712266,Oligo MOG OPALIN,
CACCGTTTCAACGTGT-1,1,Oligo MOG OPALIN,0.6859202443648834,Oligo MOG OPALIN,
CACCGTTTCCTCTAAT-1,2,Oligo MOG OPALIN,0.9999030469192348,Oligo MOG OPALIN,
CACGAATCAAGCACAG-1,20,L6 FEZF2 SYT6 CDH9,0.3817451038962778,L6 FEZF2 SYT6 PTPRT,
CACGAATCAGGCTTGC-1,2,Oligo MOG OPALIN,0.9626028501711887,Oligo MOG OPALIN,
CACGAATGTACCTGTA-1,0,Oligo MOG OPALIN,0.9997550085224192,Oligo MOG OPALIN,
CACGGGTAGAGCCCAA-1,0,Oligo MOG OPALIN,0.9996471912390681,Oligo MOG OPALIN,
CACGGGTCACCCATAA-1,4,Endo CLDN5 SLC7A5,0.9930224107275594,Endo CLDN5 SLC7A5,
CACGGGTGTTTCGCTC-1,4,Endo CLDN5 SLC7A5,0.9935386941262209,Endo CLDN5 SLC7A5,
CACGGGTTCCTTGAAG-1,1,Oligo MOG OPALIN,0.9999990189208661,Oligo MOG OPALIN,
CACGTGGCACAAGTTC-1,3,Oligo MOG GSN,0.7348372810724523,Oligo MOG OPALIN,
CACGTGGGTATTGGCT-1,2,Oligo MOG OPALIN,0.9999827443848723,Oligo MOG OPALIN,
CACGTGGGTCGACTTA-1,7,Endo CLDN5 SLC7A5,0.9930955869206378,Endo CLDN5 SLC7A5,
CACGTGGTCTGGCCGA-1,8,Oligo MOG OPALIN,0.9999908722409449,Oligo MOG OPALIN,
CACGTTCAGATTGATG-1,4,Endo CLDN5 SLC7A5,0.9922380238657831,Endo CLDN5 SLC7A5,
CACGTTCAGCCGAATG-1,7,Endo CLDN5 SLC7A5,0.9775915240950092,Endo CLDN5 SLC7A5,
CACGTTCCAAGTATCC-1,5,Endo CLDN5 SLC7A5,0.6030443320468704,Astro AQP4 SLC1A2,
CACGTTCGTCGTCTCT-1,13,Oligo MOG OPALIN,0.9241923576537238,Oligo MOG OPALIN,
CACTAAGAGACCAGAC-1,7,Endo CLDN5 SLC7A5,0.9545357636859845,Endo CLDN5 SLC7A5,
CACTAAGGTCATTGCA-1,6,Endo CLDN5 SLC7A5,0.9643813175757153,Endo CLDN5 SLC7A5,
CACTGGGAGACGCTCC-1,1,Oligo MOG OPALIN,0.8949793646185845,Oligo MOG OPALIN,
CACTGGGAGCCAGACA-1,0,Oligo MOG OPALIN,0.9999159782483751,Oligo MOG OPALIN,
CACTGGGCATAGTCAC-1,6,L2-4 CUX2 RORB CLMN,0.8240936446522188,Endo CLDN5 SLC7A5,
CACTGGGTCCCGAATA-1,0,Oligo MOG OPALIN,0.9998177792383093,Oligo MOG OPALIN,
CACTGTCCACCTAAAC-1,6,InN PVALB ANOS1,0.5241445785087101,Endo CLDN5 SLC7A5,
CACTGTCCATGAGAAT-1,13,Oligo MOG OPALIN,0.998952532743373,Oligo MOG OPALIN,
CACTTCGAGACCAGCA-1,11,Endo CLDN5 SLC7A5,0.9999635626697446,Endo CLDN5 SLC7A5,
CACTTCGAGTAACGAT-1,3,Oligo MOG OPALIN,0.999992929524623,Oligo MOG OPALIN,
CACTTCGCAGAGGGTT-1,0,Oligo MOG OPALIN,0.9998424758776134,Oligo MOG OPALIN,
CAGAGCCCAAGAGGTC-1,15,Endo CLDN5 SLC7A5,0.9990748562269078,Endo CLDN5 SLC7A5,
CAGATACAGTCGGGAT-1,11,Endo CLDN5 SLC7A5,0.9488644787029191,Endo CLDN5 SLC7A5,
CAGATACCACCAACAT-1,4,Endo CLDN5 SLC7A5,0.9809823516881783,Endo CLDN5 SLC7A5,
CAGATACCATACCATG-1,1,Oligo MOG OPALIN,0.9998718504481384,Oligo MOG OPALIN,
CAGATCAAGATACATG-1,2,Oligo MOG OPALIN,0.9998652315648345,Oligo MOG OPALIN,
CAGATCACAGAAACCG-1,10,Micro P2RY12 GLDN,0.9994699114873511,Micro P2RY12 APBB1IP,
CAGATTGAGAGCAGCT-1,12,Endo CLDN5 SLC7A5,0.9883818800909683,Endo CLDN5 SLC7A5,
CAGATTGCACCTGCTT-1,0,Oligo MOG OPALIN,0.9990519228658388,Oligo MOG OPALIN,
CAGATTGCATCAGCTA-1,14,Astro GFAP FABP7,0.9985562822054037,Astro GFAP AQP1,
CAGATTGCATGGATCT-1,9,OPC PDGFRA PCDH15,0.9999999999999907,OPC PDGFRA PCDH15,
CAGCAATAGCACCGTC-1,4,Endo CLDN5 SLC7A5,0.4876169990902761,Endo CLDN5 SLC7A5,
CAGCAATAGGTTGTTC-1,4,Endo CLDN5 SLC7A5,0.5065190426210815,Endo CLDN5 SLC7A5,
CAGCAATCACAACGAG-1,15,SMC ACTA2 CNN1,0.9810124928876128,Endo CLDN5 SLC7A5,
CAGCAATCATCGCTCT-1,8,Oligo MOG OPALIN,0.9918603569085628,Oligo MOG OPALIN,
CAGCAATGTATTTCTC-1,16,L3-5 RORB MKX DCC,0.9986862839918271,L3-5 RORB MKX GRIN3A,
CAGCAATGTGAGGAAA-1,3,Oligo MOG OPALIN,0.984224010518172,Oligo MOG OPALIN,
CAGCACGGTATCCTCC-1,13,Oligo MOG OPALIN,0.9300820853001344,Oligo MOG OPALIN,
CAGCCAGAGCAAGCCA-1,1,Oligo MOG OPALIN,0.9671986490763148,Oligo MOG OPALIN,
CAGCCAGAGTATGAAC-1,0,Oligo MOG OPALIN,0.9999992538987124,Oligo MOG OPALIN,
CAGCCAGGTTTGTTGG-1,1,Oligo MOG OPALIN,0.9806432497708536,Oligo MOG OPALIN,
CAGCCAGTCTTCCCGA-1,2,Oligo MOG OPALIN,0.9999954438933071,Oligo MOG OPALIN,
CAGCGTGAGGCCTTCG-1,1,Oligo MOG OPALIN,0.9993326475150575,Oligo MOG OPALIN,
CAGCGTGCAGGAGGTT-1,14,Astro GFAP AQP1,0.9800067713926452,Astro GFAP AQP1,
CAGCGTGCATGGTACT-1,2,Oligo MOG OPALIN,0.999900285775251,Oligo MOG OPALIN,
CAGCGTGGTTTCGTTT-1,6,Oligo MOG OPALIN,0.9820298040986506,Endo CLDN5 SLC7A5,
CAGGCCACAGCTGTCG-1,2,Oligo MOG OPALIN,0.9999957904354395,Oligo MOG OPALIN,
CAGGCCACATCATCCC-1,10,Micro P2RY12 APBB1IP,0.951819401162177,Micro P2RY12 APBB1IP,
CAGGCCATCTGGCTGG-1,26,Oligo MOG OPALIN,0.9999722408505121,Oligo MOG OPALIN,
CAGGGCTAGCTGGTGA-1,15,Oligo MOG OPALIN,0.8547628067776231,Endo CLDN5 SLC7A5,
CAGGGCTGTACCTTCC-1,0,Oligo MOG OPALIN,0.9990974523456208,Oligo MOG OPALIN,
CAGGGCTTCTTACGTT-1,2,Oligo MOG OPALIN,0.9998833282033461,Oligo MOG OPALIN,
CAGGTATCACGAAAGC-1,10,Macro F13A1 COLEC12,0.43754230353756157,Micro P2RY12 APBB1IP,
CAGTGCGAGACGGATC-1,3,Oligo MOG OPALIN,0.9999078679440547,Oligo MOG OPALIN,
CAGTGCGTCCCATTTA-1,14,Astro GFAP AQP1,0.5478584158412472,Astro GFAP AQP1,
CAGTTAGCAAATTGCC-1,1,Oligo MOG OPALIN,0.9999976281383609,Oligo MOG OPALIN,
CAGTTAGGTAGCTAAA-1,2,Oligo MOG OPALIN,0.9999979065889021,Oligo MOG OPALIN,
CATAAGCAGTGTACCT-1,2,Oligo MOG FRY,0.9804383607842609,Oligo MOG OPALIN,
CATAAGCCAAAGTGTA-1,3,Oligo MOG OPALIN,0.999998147766848,Oligo MOG OPALIN,
CATAAGCGTAAGTAGT-1,10,Micro P2RY12 GLDN,0.9974267810307351,Micro P2RY12 APBB1IP,
CATACAGAGTCATGAA-1,16,L3-5 RORB MKX GRIN3A,0.43354775241551013,L3-5 RORB MKX GRIN3A,
CATACCCAGGATGGCT-1,2,Oligo MOG OPALIN,0.9998526237172803,Oligo MOG OPALIN,
CATACCCCAGGAGACT-1,5,Oligo MOG OPALIN,0.6240163080319148,Astro AQP4 SLC1A2,
CATACCCTCGCTTACC-1,0,Oligo MOG OPALIN,0.9999660047541689,Oligo MOG OPALIN,
CATACTTAGCGCCTCA-1,14,Astro GFAP FABP7,0.9305557362850815,Astro GFAP AQP1,
CATAGACGTAGAGCTG-1,0,Oligo MOG OPALIN,0.9999082607309513,Oligo MOG OPALIN,
CATAGACGTGGAATGC-1,1,Oligo MOG OPALIN,0.9999998473468421,Oligo MOG OPALIN,
CATAGACTCGTCAGAT-1,16,L3-5 RORB GABRG1 PTPRO,0.4848071289194815,L3-5 RORB MKX GRIN3A,
CATCAAGTCAAGAATG-1,8,Oligo MOG OPALIN,0.9999917423211196,Oligo MOG OPALIN,
CATCCACAGAAACTAC-1,2,Oligo MOG OPALIN,0.9999995097705628,Oligo MOG OPALIN,
CATCCACCAAGAGAGA-1,8,Oligo MOG OPALIN,0.9998713519893652,Oligo MOG OPALIN,
CATCCACGTGAGCCAA-1,0,Oligo MOG OPALIN,0.9999997675017401,Oligo MOG OPALIN,
CATCCACGTGAGGAAA-1,10,Micro P2RY12 APBB1IP,0.9861996975537731,Micro P2RY12 APBB1IP,
CATCCCAGTAGGCTCC-1,1,Oligo MOG OPALIN,0.9957523134623368,Oligo MOG OPALIN,
CATCCCATCAGTCCGG-1,22,InN VIP EXPH5,0.998813562364823,InN VIP EXPH5,
CATCCCATCGTTACCC-1,7,Endo CLDN5 SLC7A5,0.9927553958986401,Endo CLDN5 SLC7A5,
CATCGCTAGACTTGTC-1,1,Oligo MOG OPALIN,0.999984677270405,Oligo MOG OPALIN,
CATCGCTAGGTCTTTG-1,6,Endo CLDN5 SLC7A5,0.5536892855598169,Endo CLDN5 SLC7A5,
CATCGCTCATCCCGTT-1,9,OPC PDGFRA PCDH15,1.0,OPC PDGFRA PCDH15,
CATCGGGTCACTCCGT-1,20,Endo CLDN5 SLC7A5,0.3371474287959697,L6 FEZF2 SYT6 PTPRT,
CATCGGGTCATCTACT-1,5,Oligo MOG OPALIN,0.3232669286927836,Astro AQP4 SLC1A2,
CATCGTCCAGAGGCAT-1,2,Oligo MOG OPALIN,0.9999329975092205,Oligo MOG OPALIN,
CATGAGTCACACAGCC-1,18,Oligo MOG GSN,0.9955848231251816,Oligo MOG GSN,
CATGAGTTCGATCCCT-1,4,Endo CLDN5 SLC7A5,0.7635211209753949,Endo CLDN5 SLC7A5,
CATGCAATCAAGGAGC-1,4,Endo CLDN5 SLC7A5,0.5760042952417058,Endo CLDN5 SLC7A5,
CATGCCTCAAGACAAT-1,3,Oligo MOG OPALIN,0.9999969266890195,Oligo MOG OPALIN,
CATGCCTCACCAGTAT-1,2,Oligo MOG FRY,0.9970030367394013,Oligo MOG OPALIN,
CATGCCTTCTGTAAGC-1,2,Oligo MOG OPALIN,0.9997505867676402,Oligo MOG OPALIN,
CATGCGGAGGACTTCT-1,8,Oligo MOG OPALIN,0.998088349525596,Oligo MOG OPALIN,
CATGCGGCAGCAGGAT-1,5,Astro AQP4 SLC1A2,0.9836762014584077,Astro AQP4 SLC1A2,
CATGCGGGTTTGGAAA-1,11,Endo CLDN5 SLC7A5,0.43108905831911665,Endo CLDN5 SLC7A5,
CATGCTCCAATCGCCG-1,12,Endo CLDN5 SLC7A5,0.4783604976337788,Endo CLDN5 SLC7A5,
CATGGATAGCGCTTCG-1,6,Endo CLDN5 SLC7A5,0.30706320733704,Endo CLDN5 SLC7A5,
CATGGATAGGACTAAT-1,3,Oligo MOG OPALIN,0.9999468593338285,Oligo MOG OPALIN,
CATGGATGTCACAGTT-1,4,Endo CLDN5 SLC7A5,0.610010010222463,Endo CLDN5 SLC7A5,
CATGGATTCACCTACC-1,9,OPC PDGFRA PCDH15,0.9999999997887605,OPC PDGFRA PCDH15,
CATGGATTCAGTGGGA-1,19,Endo CLDN5 SLC7A5,0.9980275421677339,Endo CLDN5 SLC7A5,
CATGGATTCTCCACTG-1,6,L2-3 CUX2 NTNG1 PALMD,0.8655008635318665,Endo CLDN5 SLC7A5,
CATGGTACACTCCCTA-1,0,Oligo MOG OPALIN,0.9999927663270587,Oligo MOG OPALIN,
CATTCATCAACCTATG-1,4,Endo CLDN5 SLC7A5,0.9922493897484099,Endo CLDN5 SLC7A5,
CATTCATCATGGAAGC-1,1,Oligo MOG OPALIN,0.9999983177794799,Oligo MOG OPALIN,
CATTCCGAGACAACAT-1,8,Oligo MOG OPALIN,0.9736019634026766,Oligo MOG OPALIN,
CATTCCGAGTCATCCA-1,24,Oligo MOG OPALIN,0.9988561642933436,Endo CLDN5 SLC7A5,
CATTCCGGTATCGTTG-1,0,Oligo MOG OPALIN,0.9800369520512551,Oligo MOG OPALIN,
CATTCCGTCCTACTGC-1,14,Astro GFAP AQP1,0.8723154290418434,Astro GFAP AQP1,
CATTCTAGTTGAGAGC-1,14,Astro GFAP FABP7,0.9822485540487337,Astro GFAP AQP1,
CATTCTATCAGCTGTA-1,18,Oligo MOG GSN,0.9999913299244473,Oligo MOG GSN,
CATTGAGAGTCCGTCG-1,0,Oligo MOG OPALIN,0.9998552233567867,Oligo MOG OPALIN,
CATTGAGCAATTCGTG-1,15,Endo CLDN5 IL1R1,0.9627689701165797,Endo CLDN5 SLC7A5,
CATTGAGGTCGAAGCA-1,13,Oligo MOG OPALIN,0.9993865561312688,Oligo MOG OPALIN,
CATTGCCAGTGTTGAA-1,17,L6 OPRK1 SMYD1 KCND2,0.9516283643394411,L2-3 CUX2 ACVR1C THSD7A,
CATTGCCGTCCACATA-1,13,Oligo MOG OPALIN,0.9992645514684266,Oligo MOG OPALIN,
CATTGTTAGACCATAA-1,7,Endo CLDN5 SLC7A5,0.5905828997851754,Endo CLDN5 SLC7A5,
CATTGTTGTTCTTGTT-1,5,Astro AQP4 SLC1A2,0.3095304888035987,Astro AQP4 SLC1A2,
CATTTCAAGGGAGGGT-1,1,Oligo MOG OPALIN,0.9999005569126478,Oligo MOG OPALIN,
CATTTCACAAGCGGAT-1,21,InN PVALB SNTB1,0.83882577244837,InN SST HTR2C,
CATTTCATCGCGGTAC-1,7,Endo CLDN5 SLC7A5,0.9442773186072508,Endo CLDN5 SLC7A5,
CCAAGCGTCGATTCCC-1,4,Endo CLDN5 SLC7A5,0.968377029968407,Endo CLDN5 SLC7A5,
CCAAGCGTCTAGACAC-1,6,Oligo MOG OPALIN,0.996295979347425,Endo CLDN5 SLC7A5,
CCAATGAAGACGCTCC-1,4,Endo CLDN5 SLC7A5,0.9978210477639197,Endo CLDN5 SLC7A5,
CCAATGAAGTCGAAGC-1,24,Endo CLDN5 SLC7A5,0.8738869100991069,Endo CLDN5 SLC7A5,
CCAATGACATTCACCC-1,4,Endo CLDN5 SLC7A5,0.9341659655662667,Endo CLDN5 SLC7A5,
CCAATGAGTATGAGAT-1,14,Astro GFAP AQP1,0.3970414778213816,Astro GFAP AQP1,
CCAATTTAGGCTCCCA-1,4,Endo CLDN5 SLC7A5,0.7442835589945554,Endo CLDN5 SLC7A5,
CCAATTTGTAGACAGC-1,0,Oligo MOG OPALIN,0.8989465957686492,Oligo MOG OPALIN,
CCAATTTTCAAGTTGC-1,3,Oligo MOG OPALIN,0.9990180872132176,Oligo MOG OPALIN,
CCACAAAAGTGCGACA-1,17,L2-3 CUX2 NTNG1 COL5A2,0.3897992201052679,L2-3 CUX2 ACVR1C THSD7A,
CCACAAACAGTAGGAC-1,3,Oligo MOG OPALIN,0.9982965172020541,Oligo MOG OPALIN,
CCACAAAGTAGATCGG-1,6,Oligo MOG OPALIN,0.9988748717432591,Endo CLDN5 SLC7A5,
CCACACTTCATGACAC-1,3,Oligo MOG OPALIN,0.9999971264038827,Oligo MOG OPALIN,
CCACCATAGGTTTGAA-1,6,Oligo MOG OPALIN,0.44777422278726836,Endo CLDN5 SLC7A5,
CCACGAGGTACGTACT-1,8,Oligo MOG OPALIN,0.9999994155328801,Oligo MOG OPALIN,
CCACGTTCAAGTCCAT-1,2,Oligo MOG OPALIN,0.9999647536849642,Oligo MOG OPALIN,
CCACGTTGTTGCCATA-1,19,Endo CLDN5 SLC7A5,0.9895056276973491,Endo CLDN5 SLC7A5,
CCACGTTTCAAACTGC-1,10,Micro P2RY12 APBB1IP,0.9839008719340858,Micro P2RY12 APBB1IP,
CCACTTGCAGCTGTTA-1,3,Oligo MOG OPALIN,0.9999143601281565,Oligo MOG OPALIN,
CCACTTGGTGGTCTAT-1,8,Oligo MOG OPALIN,0.9999837823047334,Oligo MOG OPALIN,
CCATAAGAGCTGACCC-1,17,L2-3 CUX2 ACVR1C THSD7A,0.49741627364250734,L2-3 CUX2 ACVR1C THSD7A,
CCATAAGAGCTGGAGT-1,8,Oligo MOG OPALIN,0.9956633674993228,Oligo MOG OPALIN,
CCATAAGTCTGGTCAA-1,7,Endo CLDN5 SLC7A5,0.9905204170383335,Endo CLDN5 SLC7A5,
CCATCACAGTTGTACC-1,14,Astro GFAP AQP1,0.9902885888886661,Astro GFAP AQP1,
CCATCACCAGCCTTCT-1,14,Astro GFAP AQP1,0.9660599589983675,Astro GFAP AQP1,
CCATCACGTTAGAAAC-1,2,Oligo MOG OPALIN,0.999893958768765,Oligo MOG OPALIN,
CCATCACTCACTGGTA-1,2,Oligo MOG OPALIN,0.9999194261110657,Oligo MOG OPALIN,
CCATCACTCCGCAACG-1,3,Oligo MOG OPALIN,0.9999916245201625,Oligo MOG OPALIN,
CCCAACTCATTGACCA-1,8,Oligo MOG OPALIN,0.9998057181131024,Oligo MOG OPALIN,
CCCAACTTCTCGTCGT-1,9,OPC PDGFRA PCDH15,0.9999999999996818,OPC PDGFRA PCDH15,
CCCATTGAGTGAACAT-1,13,Oligo MOG OPALIN,0.9998585667270896,Oligo MOG OPALIN,
CCCATTGCATCCGAAT-1,9,OPC PDGFRA PCDH15,0.9999999999999158,OPC PDGFRA PCDH15,
CCCGAAGTCCTTCGAC-1,2,Oligo MOG OPALIN,0.9991843268958996,Oligo MOG OPALIN,
CCCTAACAGGACGGAG-1,5,Astro AQP4 SLC1A2,0.6428295267567182,Astro AQP4 SLC1A2,
CCCTAACCAAATGCTC-1,0,Oligo MOG OPALIN,0.9999995107731763,Oligo MOG OPALIN,
CCCTAACTCTCAGAAC-1,3,Oligo MOG OPALIN,0.9668586860338063,Oligo MOG OPALIN,
CCCTCAAAGTTGTAAG-1,2,Oligo MOG OPALIN,0.9996339749886387,Oligo MOG OPALIN,
CCCTCAAGTGGCAACA-1,9,OPC PDGFRA PCDH15,0.9999999999999984,OPC PDGFRA PCDH15,
CCCTCAATCAACACCA-1,1,Oligo MOG GSN,0.45221464526748834,Oligo MOG OPALIN,
CCCTCTCAGGATTACA-1,5,Astro AQP4 SLC1A2,0.8168278179154093,Astro AQP4 SLC1A2,
CCCTCTCCACTTGTGA-1,22,InN VIP EXPH5,0.6857357999142312,InN VIP EXPH5,
CCCTCTCTCCCAAGTA-1,15,Endo CLDN5 SLC7A5,0.38683823584224236,Endo CLDN5 SLC7A5,
CCCTGATCAATCAAGA-1,11,Endo CLDN5 SLC7A5,0.656372420131147,Endo CLDN5 SLC7A5,
CCCTGATCACGCACCA-1,3,Oligo MOG OPALIN,0.9999919845119747,Oligo MOG OPALIN,
CCCTGATCACTCAAGT-1,14,Endo CLDN5 SLC7A5,0.3181214492115628,Astro GFAP AQP1,
CCCTGATTCAGGGTAG-1,2,Oligo MOG OPALIN,0.9955414274249235,Oligo MOG OPALIN,
CCCTGATTCGGAACTT-1,0,Oligo MOG OPALIN,0.9999986123320594,Oligo MOG OPALIN,
CCCTTAGAGGACGCAT-1,14,Astro GFAP AQP1,0.9804865819056507,Astro GFAP AQP1,
CCCTTAGCACATGGTT-1,13,Oligo MOG OPALIN,0.9766819650159436,Oligo MOG OPALIN,
CCCTTAGCACCTGAAT-1,7,Endo CLDN5 SLC7A5,0.9028145975817795,Endo CLDN5 SLC7A5,
CCCTTAGTCATGGAGG-1,9,OPC PDGFRA PCDH15,0.9999999468996098,OPC PDGFRA PCDH15,
CCGAACGAGCCGAATG-1,1,Oligo MOG OPALIN,0.9999370592975945,Oligo MOG OPALIN,
CCGAACGGTACGTACT-1,8,Oligo MOG OPALIN,0.7652688709330742,Oligo MOG OPALIN,
CCGAACGGTCTCGGGT-1,0,Oligo MOG OPALIN,0.9994040885204261,Oligo MOG OPALIN,
CCGAACGTCCTGTAAG-1,11,L3-5 RORB MKX GRIN3A,0.9681082282095118,Endo CLDN5 SLC7A5,
CCGATCTAGTATAGGT-1,2,Oligo MOG OPALIN,0.9995896272738581,Oligo MOG OPALIN,
CCGATCTTCCTGTAGA-1,6,Endo CLDN5 SLC7A5,0.6964609785211282,Endo CLDN5 SLC7A5,
CCGATCTTCGCAGTTA-1,7,OPC PDGFRA PCDH15,0.6581720747546808,Endo CLDN5 SLC7A5,
CCGATGGCAACCGGAA-1,21,InN PVALB HPSE,0.9900106214331457,InN SST HTR2C,
CCGATGGTCACCCTTG-1,10,Micro P2RY12 APBB1IP,0.9910121646387751,Micro P2RY12 APBB1IP,
CCGCAAGAGGGTAGCT-1,0,Oligo MOG OPALIN,0.9999821667781709,Oligo MOG OPALIN,
CCGCAAGCACCTGAAT-1,7,Endo CLDN5 SLC7A5,0.9800363391298652,Endo CLDN5 SLC7A5,
CCGCAAGCAGCTACCG-1,1,Oligo MOG OPALIN,0.999997522086503,Oligo MOG OPALIN,
CCGGACAAGGTCACAG-1,12,Endo CLDN5 SLC7A5,0.8643043912945366,Endo CLDN5 SLC7A5,
CCGGACATCCATGCAA-1,0,Oligo MOG OPALIN,0.6402446890360031,Oligo MOG OPALIN,
CCGGTAGGTCACCGCA-1,0,Oligo MOG OPALIN,0.9999953332818594,Oligo MOG OPALIN,
CCGTAGGCAAATGGTA-1,1,Oligo MOG OPALIN,0.9749886435815489,Oligo MOG OPALIN,
CCGTAGGCACAGACGA-1,13,Oligo MOG OPALIN,0.9997740772130039,Oligo MOG OPALIN,
CCGTGAGAGAGGGTCT-1,3,Oligo MOG OPALIN,0.999752790306709,Oligo MOG OPALIN,
CCGTGAGCAGCTACTA-1,0,Oligo MOG OPALIN,0.9943433556025235,Oligo MOG OPALIN,
CCGTTCAAGAGACAAG-1,13,Oligo MOG OPALIN,0.9999259377860078,Oligo MOG OPALIN,
CCGTTCAAGCCACCGT-1,3,Oligo MOG OPALIN,0.9547369020321691,Oligo MOG OPALIN,
CCGTTCACAACAGTGG-1,2,Oligo MOG OPALIN,0.999998946649967,Oligo MOG OPALIN,
CCGTTCACACAACCGC-1,0,Oligo MOG OPALIN,0.9956008116462544,Oligo MOG OPALIN,
CCGTTCAGTCCCGTGA-1,0,Oligo MOG OPALIN,0.9949763686249098,Oligo MOG OPALIN,
CCGTTCATCATAAGGA-1,12,Endo CLDN5 SLC7A5,0.5989666297466056,Endo CLDN5 SLC7A5,
CCTAACCGTAGACAAT-1,13,Oligo MOG OPALIN,0.9976249482583168,Oligo MOG OPALIN,
CCTAAGAAGGAAGAAC-1,8,Oligo MOG OPALIN,0.9998209494937316,Oligo MOG OPALIN,
CCTAAGAAGTGGATAT-1,1,Oligo MOG OPALIN,0.9986049993423406,Oligo MOG OPALIN,
CCTAAGACAATTGAAG-1,0,Oligo MOG OPALIN,0.9999996975895191,Oligo MOG OPALIN,
CCTAAGACACTGGAAG-1,12,Endo CLDN5 SLC7A5,0.5615958211322826,Endo CLDN5 SLC7A5,
CCTAAGAGTTCCGCAG-1,4,Endo CLDN5 SLC7A5,0.9886719682024853,Endo CLDN5 SLC7A5,
CCTAAGATCCGAAGGA-1,18,Oligo MOG GSN,0.9997437423381025,Oligo MOG GSN,
CCTAAGATCGAACTCA-1,23,Endo CLDN5 SLC7A5,0.6594951819676064,Endo CLDN5 SLC7A5,
CCTACGTAGGCAGGTT-1,2,Oligo MOG OPALIN,0.9999999170200995,Oligo MOG OPALIN,
CCTATCGCAATCACGT-1,4,Endo CLDN5 SLC7A5,0.9606521147329201,Endo CLDN5 SLC7A5,
CCTATCGCATCAGCGC-1,17,L6 OPRK1 THEMIS RGS6,0.9694044164099633,L2-3 CUX2 ACVR1C THSD7A,
CCTATCGTCATGGAGG-1,0,Oligo MOG OPALIN,0.9975103085836386,Oligo MOG OPALIN,
CCTCAACTCCGCTAGG-1,19,PC P2RY14 GRM8,0.9629603279331749,Endo CLDN5 SLC7A5,
CCTCAGTAGCCTGTGC-1,20,L6 FEZF2 DCBLD1 MITF,0.9021177083728413,L6 FEZF2 SYT6 PTPRT,
CCTCAGTGTGTTCGAT-1,9,OPC PDGFRA PCDH15,0.9997012830647973,OPC PDGFRA PCDH15,
CCTCAGTGTTAGCTAC-1,10,Micro P2RY12 GLDN,0.9608501049305452,Micro P2RY12 APBB1IP,
CCTCAGTGTTGGCCTG-1,7,Endo CLDN5 SLC7A5,0.9427093999059984,Endo CLDN5 SLC7A5,
CCTCATGTCACATACG-1,8,Oligo MOG OPALIN,0.9999905713159467,Oligo MOG OPALIN,
CCTCCAACATGGGATG-1,17,L6 OPRK1 THEMIS RGS6,0.9969829045927586,L2-3 CUX2 ACVR1C THSD7A,
CCTCCAAGTGGGACAT-1,3,Oligo MOG OPALIN,0.9999712776888655,Oligo MOG OPALIN,
CCTCCAAGTGTAGCAG-1,10,Oligo MOG OPALIN,0.9197374166924117,Micro P2RY12 APBB1IP,
CCTCCAATCGCATGAT-1,3,Oligo MOG OPALIN,0.9999969527895795,Oligo MOG OPALIN,
CCTCCTCAGACGCATG-1,22,InN VIP EXPH5,0.5933441368760256,InN VIP EXPH5,
CCTCCTCAGGTCATCT-1,11,Endo CLDN5 SLC7A5,0.9701769641723839,Endo CLDN5 SLC7A5,
CCTCCTCCATACAGCT-1,11,Endo CLDN5 SLC7A5,0.8519143014731321,Endo CLDN5 SLC7A5,
CCTCCTCGTTTACCTT-1,24,Endo CLDN5 SLC7A5,0.40959011641180376,Endo CLDN5 SLC7A5,
CCTCCTCTCCTCTCTT-1,7,Endo CLDN5 SLC7A5,0.7997413465653174,Endo CLDN5 SLC7A5,
CCTCCTCTCCTCTTTC-1,3,Oligo MOG OPALIN,0.9803129067686296,Oligo MOG OPALIN,
CCTCTCCAGGGTCACA-1,11,Endo CLDN5 SLC7A5,0.9631547407763108,Endo CLDN5 SLC7A5,
CCTCTCCGTCTCGGGT-1,3,Oligo MOG OPALIN,0.9992918777871717,Oligo MOG OPALIN,
CCTCTCCTCCATCGTC-1,1,Oligo MOG OPALIN,0.913995995155325,Oligo MOG OPALIN,
CCTCTCCTCGGTAACT-1,6,Oligo MOG OPALIN,0.9990191492479202,Endo CLDN5 SLC7A5,
CCTGCATAGCGACTAG-1,9,OPC PDGFRA PCDH15,0.9999627562281541,OPC PDGFRA PCDH15,
CCTGCATAGTCAGCGA-1,9,OPC PDGFRA PCDH15,0.9999999994452506,OPC PDGFRA PCDH15,
CCTGTTGAGGGTTGCA-1,7,Endo CLDN5 SLC7A5,0.7190553283966384,Endo CLDN5 SLC7A5,
CCTGTTGCAAGAGTAT-1,7,Endo CLDN5 SLC7A5,0.9457191441999084,Endo CLDN5 SLC7A5,
CCTGTTGCACAACATC-1,8,Oligo MOG OPALIN,0.9956970234951389,Oligo MOG OPALIN,
CCTGTTGTCTACACAG-1,8,Oligo MOG OPALIN,0.9999920470660733,Oligo MOG OPALIN,
CCTTCAGAGATGATTG-1,2,Oligo MOG OPALIN,0.9997375556569196,Oligo MOG OPALIN,
CCTTCAGCAATGAAAC-1,10,Oligo MOG OPALIN,0.7429868742942702,Micro P2RY12 APBB1IP,
CCTTCAGCAGAGCGTA-1,23,Endo CLDN5 SLC7A5,0.8074750840546521,Endo CLDN5 SLC7A5,
CCTTCAGTCTTAATCC-1,12,Endo CLDN5 SLC7A5,0.9484031574148836,Endo CLDN5 SLC7A5,
CCTTGTGAGAATTGTG-1,25,PC P2RY14 GRM8,0.9975900066656539,PC P2RY14 GRM8,
CCTTGTGTCGACATCA-1,3,Oligo MOG OPALIN,0.9999944755318523,Oligo MOG OPALIN,
CCTTTGGCACAAAGTA-1,2,Oligo MOG OPALIN,0.9999986105433815,Oligo MOG OPALIN,
CGAAGGAAGCACCTGC-1,8,Oligo MOG OPALIN,0.9999997995617991,Oligo MOG OPALIN,
CGAAGGAAGGCCTAAG-1,4,Endo CLDN5 SLC7A5,0.854449542242111,Endo CLDN5 SLC7A5,
CGAAGGACAACATCGT-1,19,Endo CLDN5 SLC7A5,0.9981228017672357,Endo CLDN5 SLC7A5,
CGAAGGAGTGCAACAG-1,5,Endo CLDN5 SLC7A5,0.9321413157322705,Astro AQP4 SLC1A2,
CGAAGTTCAGTTCCAA-1,9,OPC PDGFRA PCDH15,0.9999999999796241,OPC PDGFRA PCDH15,
CGAAGTTGTCCACTCT-1,1,Oligo MOG OPALIN,0.9999945993644302,Oligo MOG OPALIN,
CGAAGTTTCACATTGG-1,3,Oligo MOG OPALIN,0.9999617237333527,Oligo MOG OPALIN,
CGAATTGAGTACAGAT-1,12,Endo CLDN5 SLC7A5,0.9813769955067443,Endo CLDN5 SLC7A5,
CGAATTGCACTCCCTA-1,8,Oligo MOG OPALIN,0.9983829889478925,Oligo MOG OPALIN,
CGACAGCAGGAACTCG-1,12,Endo CLDN5 SLC7A5,0.9012887176463776,Endo CLDN5 SLC7A5,
CGACAGCCAAGCAATA-1,13,Oligo MOG OPALIN,0.9960854423172867,Oligo MOG OPALIN,
CGACAGCCACACCGAC-1,3,Oligo MOG OPALIN,0.9935740229706389,Oligo MOG OPALIN,
CGACAGCCAGCCTTCT-1,12,Endo CLDN5 SLC7A5,0.9421290436548133,Endo CLDN5 SLC7A5,
CGACAGCTCGCTGTTC-1,9,OPC PDGFRA PCDH15,0.999999999999996,OPC PDGFRA PCDH15,
CGACAGCTCGGATACT-1,16,L3-5 RORB GABRG1 KCNH7,0.43325537637998973,L3-5 RORB MKX GRIN3A,
CGAGAAGCAAAGGCAC-1,0,Oligo MOG OPALIN,0.9999802264433189,Oligo MOG OPALIN,
CGAGAAGGTACATTGC-1,25,PC P2RY14 GRM8,0.9999985441326821,PC P2RY14 GRM8,
CGAGGAATCGGCTCTT-1,20,L6 FEZF2 SYT6 CDH9,0.9798968134380042,L6 FEZF2 SYT6 PTPRT,
CGAGGCTTCAGCATTG-1,17,L2-3 CUX2 ACVR1C THSD7A,0.991842301793431,L2-3 CUX2 ACVR1C THSD7A,
CGAGTGCAGGATGGCT-1,0,Oligo MOG OPALIN,0.9941129245287974,Oligo MOG OPALIN,
CGAGTGCCATCGCTGG-1,2,Oligo MOG OPALIN,0.9999964695424405,Oligo MOG OPALIN,
CGAGTTAGTGCAAGAC-1,2,Oligo MOG OPALIN,0.9998464035823883,Oligo MOG OPALIN,
CGATCGGAGGCCCAAA-1,2,Oligo MOG OPALIN,0.9999975579791169,Oligo MOG OPALIN,
CGATCGGTCGTAATGC-1,2,Oligo MOG OPALIN,0.9998536613317588,Oligo MOG OPALIN,
CGATGCGGTTATCTTC-1,12,Endo CLDN5 SLC7A5,0.9115705106215849,Endo CLDN5 SLC7A5,
CGATGCGTCCGTGGGT-1,2,Oligo MOG OPALIN,0.9995464867554759,Oligo MOG OPALIN,
CGATGCGTCTGAGGTT-1,0,Oligo MOG OPALIN,0.9960756194505406,Oligo MOG OPALIN,
CGATGGCGTAGTTAGA-1,20,L6 FEZF2 SYT6 PTPRT,0.750032222970877,L6 FEZF2 SYT6 PTPRT,
CGATGGCGTGAATTAG-1,15,Endo CLDN5 SLC7A5,0.99346633826929,Endo CLDN5 SLC7A5,
CGCAGGTAGGTCCAGA-1,9,OPC PDGFRA PCDH15,0.9999999999989118,OPC PDGFRA PCDH15,
CGCAGGTTCCCTCGAT-1,8,Oligo MOG OPALIN,0.8787605929772213,Oligo MOG OPALIN,
CGCAGGTTCTACACTT-1,5,Oligo MOG OPALIN,0.3900166255109019,Astro AQP4 SLC1A2,
CGCATAAAGAAACACT-1,0,Oligo MOG OPALIN,0.9999437830972715,Oligo MOG OPALIN,
CGCATAAGTTAAACCC-1,17,L6 OPRK1 THEMIS RGS6,0.9999493414993077,L2-3 CUX2 ACVR1C THSD7A,
CGCATAATCCTTGACC-1,0,Oligo MOG OPALIN,0.9485111156549784,Oligo MOG OPALIN,
CGCATAATCGTTGTGA-1,18,Oligo MOG GSN,0.9999363767789542,Oligo MOG GSN,
CGCATGGCAGCAGTAG-1,2,Oligo MOG OPALIN,0.9999228611714371,Oligo MOG OPALIN,
CGCATGGGTTGGATCT-1,20,L6 FEZF2 SYT6 PTPRT,0.9559618866270003,L6 FEZF2 SYT6 PTPRT,
CGCCAGACAATACGAA-1,14,Astro GFAP AQP1,0.48876836326316797,Astro GFAP AQP1,
CGCCATTAGATCCCAT-1,0,Oligo MOG OPALIN,0.9996978625584114,Oligo MOG OPALIN,
CGCCATTGTTAGAGTA-1,2,Oligo MOG OPALIN,0.9999985987164003,Oligo MOG OPALIN,
CGCGTGAAGGTGCCTC-1,4,Endo CLDN5 SLC7A5,0.9822823586271276,Endo CLDN5 SLC7A5,
CGCGTGACAAGACCTT-1,6,Endo CLDN5 SLC7A5,0.6917073400719357,Endo CLDN5 SLC7A5,
CGGAACCAGCATCGAG-1,1,Oligo MOG OPALIN,0.999378420628953,Oligo MOG OPALIN,
CGGAACCAGTATGAGT-1,14,Astro GFAP AQP1,0.8779451234316575,Astro GFAP AQP1,
CGGACACCATTAAGCC-1,1,Oligo MOG OPALIN,0.9999153963436449,Oligo MOG OPALIN,
CGGACACGTACTTGTG-1,7,Endo CLDN5 SLC7A5,0.9551764810680965,Endo CLDN5 SLC7A5,
CGGAGAAAGATAACAC-1,14,Astro GFAP FABP7,0.9990047191214161,Astro GFAP AQP1,
CGGAGAAAGTATTCCG-1,1,Oligo MOG OPALIN,0.9999673832565331,Oligo MOG OPALIN,
CGGAGAACAACACACT-1,16,L3-5 RORB GABRG1 PTPRO,0.30349139066074565,L3-5 RORB MKX GRIN3A,
CGGAGAACAAGTGTCT-1,5,Astro AQP4 SLC1A2,0.9997512278849874,Astro AQP4 SLC1A2,
CGGAGAATCCATAAGC-1,11,Endo CLDN5 SLC7A5,0.9617634197542237,Endo CLDN5 SLC7A5,
CGGCAGTAGTCTTCCC-1,7,Endo CLDN5 SLC7A5,0.9801333496238842,Endo CLDN5 SLC7A5,
CGGCAGTCAGAGAGGG-1,11,Endo CLDN5 SLC7A5,0.9492972367521175,Endo CLDN5 SLC7A5,
CGGCAGTCATCGATGT-1,0,Oligo MOG OPALIN,0.9999696499107299,Oligo MOG OPALIN,
CGGCAGTTCTTCTGTA-1,5,Astro AQP4 SLC1A2,0.9870112947873863,Astro AQP4 SLC1A2,
CGGGACTCACTCCGAG-1,6,Endo CLDN5 SLC7A5,0.9954709010856476,Endo CLDN5 SLC7A5,
CGGGACTTCACAAGAA-1,9,OPC PDGFRA PCDH15,0.9999999999992526,OPC PDGFRA PCDH15,
CGGGCATCAGGCATGA-1,22,InN PVALB GRIN2C,0.4923078121192717,InN VIP EXPH5,
CGGGTCAAGCCACCGT-1,1,Oligo MOG OPALIN,0.9999834945325483,Oligo MOG OPALIN,
CGGGTCAAGTTGTAGA-1,7,Endo CLDN5 SLC7A5,0.9812938313122928,Endo CLDN5 SLC7A5,
CGGGTCAGTAATTAGG-1,2,Oligo MOG OPALIN,0.9905489038494663,Oligo MOG OPALIN,
CGGGTCAGTACGGGAT-1,20,L6 FEZF2 SYT6 PTPRT,0.8863457805469657,L6 FEZF2 SYT6 PTPRT,
CGGGTGTCAGTAACGG-1,0,Oligo MOG OPALIN,0.999990557631951,Oligo MOG OPALIN,
CGGGTGTTCTTGCAAG-1,4,Endo CLDN5 SLC7A5,0.8727387820707715,Endo CLDN5 SLC7A5,
CGGTCAGCAGATTCGT-1,0,Oligo MOG OPALIN,0.9991771888053832,Oligo MOG OPALIN,
CGGTCAGGTAACGATA-1,11,Endo CLDN5 SLC7A5,0.9317217868454651,Endo CLDN5 SLC7A5,
CGGTCAGGTATCCTTT-1,14,Astro GFAP AQP1,0.9389730502237582,Astro GFAP AQP1,
CGGTCAGGTCGTATTG-1,3,Oligo MOG OPALIN,0.9999952840535689,Oligo MOG OPALIN,
CGGTCAGTCCCTCGAT-1,3,Oligo MOG OPALIN,0.9999961742334307,Oligo MOG OPALIN,
CGTAAGTCAGAGGTTG-1,0,Oligo MOG OPALIN,0.999986606369018,Oligo MOG OPALIN,
CGTAAGTCAGCACCCA-1,16,L3-5 RORB MKX DCC,0.9729847087610656,L3-5 RORB MKX GRIN3A,
CGTAAGTCATGTACGT-1,7,Endo CLDN5 SLC7A5,0.9175135643773116,Endo CLDN5 SLC7A5,
CGTAAGTGTAGCGTTT-1,7,Endo CLDN5 SLC7A5,0.9935063543772462,Endo CLDN5 SLC7A5,
CGTAAGTTCTGCCCTA-1,8,Oligo MOG OPALIN,0.9408264892112169,Oligo MOG OPALIN,
CGTAATGAGAAAGTCT-1,7,Endo CLDN5 SLC7A5,0.9984023831697892,Endo CLDN5 SLC7A5,
CGTAATGAGGTGTGAC-1,4,Endo CLDN5 SLC7A5,0.7266877900274278,Endo CLDN5 SLC7A5,
CGTAATGAGTCCTACA-1,6,Oligo MOG OPALIN,0.9822431399200927,Endo CLDN5 SLC7A5,
CGTAATGCAGATCCAT-1,2,Oligo MOG OPALIN,0.9999999508093742,Oligo MOG OPALIN,
CGTAATGGTACGAGCA-1,6,Endo CLDN5 SLC7A5,0.748984918716137,Endo CLDN5 SLC7A5,
CGTAATGTCAAGTCGT-1,3,Oligo MOG OPALIN,0.9999998142390755,Oligo MOG OPALIN,
CGTAGTAAGTAAATGC-1,1,Oligo MOG OPALIN,0.9994398706227102,Oligo MOG OPALIN,
CGTAGTATCAACCTCC-1,1,Oligo MOG OPALIN,0.3956598364562644,Oligo MOG OPALIN,
CGTCAAAAGGGAGGGT-1,10,Micro P2RY12 GLDN,0.9997042915367291,Micro P2RY12 APBB1IP,
CGTCAAACACGTAGTT-1,5,Astro AQP4 SLC1A2,0.999041883295606,Astro AQP4 SLC1A2,
CGTCAAACATCCGCGA-1,1,Oligo MOG OPALIN,0.9958330512253503,Oligo MOG OPALIN,
CGTCAAACATGGAATA-1,4,Endo CLDN5 SLC7A5,0.9914762278816666,Endo CLDN5 SLC7A5,
CGTCAAAGTACTCGTA-1,5,Astro AQP4 SLC1A2,0.9981312085943717,Astro AQP4 SLC1A2,
CGTCAAAGTGGACTAG-1,14,Oligo MOG OPALIN,0.7653816465266011,Astro GFAP AQP1,
CGTCCATAGCCAGAGT-1,7,Endo CLDN5 SLC7A5,0.9847027390293561,Endo CLDN5 SLC7A5,
CGTCCATCATAATCCG-1,1,Oligo MOG OPALIN,0.5011680303074809,Oligo MOG OPALIN,
CGTCCATGTTCCGGTG-1,17,L2-3 CUX2 ACVR1C THSD7A,0.9246051223597358,L2-3 CUX2 ACVR1C THSD7A,
CGTCCATTCGTGCTCT-1,1,Oligo MOG OPALIN,0.9917561808973965,Oligo MOG OPALIN,
CGTGAATAGAAATTCG-1,12,Endo CLDN5 SLC7A5,0.9647197056532899,Endo CLDN5 SLC7A5,
CGTGATAAGATCGGTG-1,0,Oligo MOG OPALIN,0.9999758908605121,Oligo MOG OPALIN,
CGTGCTTAGGGATCAC-1,0,Oligo MOG OPALIN,0.9996352640834989,Oligo MOG OPALIN,
CGTGCTTCACCTGCGA-1,3,Oligo MOG OPALIN,0.999999075270442,Oligo MOG OPALIN,
CGTGCTTGTCTTGCTC-1,7,Endo CLDN5 SLC7A5,0.9997770568481197,Endo CLDN5 SLC7A5,
CGTGTCTAGCGCCCAT-1,10,Micro P2RY12 APBB1IP,0.9653818249512509,Micro P2RY12 APBB1IP,
CGTGTCTCAACACTAC-1,1,Oligo MOG OPALIN,0.9899511898807336,Oligo MOG OPALIN,
CGTTAGAAGATGCCGA-1,0,Oligo MOG OPALIN,0.9999864130025249,Oligo MOG OPALIN,
CGTTAGATCACTGCTC-1,0,Oligo MOG OPALIN,0.9999766891432561,Oligo MOG OPALIN,
CGTTCTGGTTGTGCAT-1,7,Endo CLDN5 SLC7A5,0.9365597006838301,Endo CLDN5 SLC7A5,
CGTTCTGTCTTACCGC-1,6,Oligo MOG OPALIN,0.41587782117098954,Endo CLDN5 SLC7A5,
CGTTGGGGTCGCCACA-1,2,Oligo MOG OPALIN,0.9999724579984799,Oligo MOG OPALIN,
CTAACCCAGAGAATCT-1,6,Endo CLDN5 SLC7A5,0.6250431054269855,Endo CLDN5 SLC7A5,
CTAACCCAGGTGCAGT-1,1,Oligo MOG OPALIN,0.9994536600512803,Oligo MOG OPALIN,
CTAACCCGTACTGAGG-1,2,Oligo MOG OPALIN,0.9980521621428422,Oligo MOG OPALIN,
CTAACCCTCAACTCTT-1,9,OPC PDGFRA PCDH15,0.9999204795781464,OPC PDGFRA PCDH15,
CTAACCCTCTAGACCA-1,4,Endo CLDN5 SLC7A5,0.9963606010076994,Endo CLDN5 SLC7A5,
CTAACCCTCTATACTC-1,3,Oligo MOG GSN,0.49763896995618717,Oligo MOG OPALIN,
CTAACTTCATGCCATA-1,2,Oligo MOG OPALIN,0.9999440886355293,Oligo MOG OPALIN,
CTAACTTGTATCGCTA-1,13,Oligo MOG OPALIN,0.9063741121735266,Oligo MOG OPALIN,
CTAAGTGGTCGAACAG-1,0,Oligo MOG OPALIN,0.9996622836506752,Oligo MOG OPALIN,
CTACAGAGTCGACTTA-1,4,Endo CLDN5 SLC7A5,0.9010537267623857,Endo CLDN5 SLC7A5,
CTACATTCAACCGATT-1,20,L6 FEZF2 SYT6 PTPRT,0.49678707964426516,L6 FEZF2 SYT6 PTPRT,
CTACATTCACATACTG-1,2,Oligo MOG OPALIN,0.9690038488980777,Oligo MOG OPALIN,
CTACCCAAGACGACTG-1,22,InN LAMP5 RELN,0.9989121908864375,InN VIP EXPH5,
CTACCCAAGCTCTGTA-1,6,Endo CLDN5 SLC7A5,0.4738434972513213,Endo CLDN5 SLC7A5,
CTACCCAGTAAGAACT-1,8,Oligo MOG OPALIN,0.9996073719766098,Oligo MOG OPALIN,
CTACCCAGTGGTAACG-1,1,Oligo MOG OPALIN,0.9854927846762889,Oligo MOG OPALIN,
CTACCTGAGAGTGAAG-1,1,Oligo MOG OPALIN,0.9998785357500588,Oligo MOG OPALIN,
CTACCTGCAGTTGCGC-1,3,Oligo MOG OPALIN,0.9999321538182943,Oligo MOG OPALIN,
CTACCTGTCAACCGAT-1,5,Astro GFAP AQP1,0.36225021070558205,Astro AQP4 SLC1A2,
CTACGGGAGGGACCAT-1,12,Endo CLDN5 SLC7A5,0.9663723732801817,Endo CLDN5 SLC7A5,
CTACGGGCAATGACCT-1,9,OPC PDGFRA PCDH15,0.9999999957211125,OPC PDGFRA PCDH15,
CTACGGGTCCTGTACC-1,22,InN VIP EGF,0.9159423636384978,InN VIP EXPH5,
CTACGGGTCGAAATCC-1,4,Endo CLDN5 SLC7A5,0.9965562957877167,Endo CLDN5 SLC7A5,
CTACGGGTCTGTTGGA-1,0,Oligo MOG OPALIN,0.9990263456202757,Oligo MOG OPALIN,
CTACTATGTTGCCGCA-1,8,Oligo MOG OPALIN,0.9999875638503605,Oligo MOG OPALIN,
CTAGACACAAGCACCC-1,14,Astro GFAP AQP1,0.44372354867124486,Astro GFAP AQP1,
CTAGACAGTCCACAGC-1,3,Oligo MOG OPALIN,0.9999065295480628,Oligo MOG OPALIN,
CTAGACATCGTCGCTT-1,0,Oligo MOG OPALIN,0.9743100050668263,Oligo MOG OPALIN,
CTAGACATCTATGCCC-1,8,Oligo MOG OPALIN,0.9991430810702701,Oligo MOG OPALIN,
CTAGGTAAGCCGATTT-1,10,Micro P2RY12 APBB1IP,0.8966507565124915,Micro P2RY12 APBB1IP,
CTAGGTACAATTGCGT-1,7,Endo CLDN5 SLC7A5,0.9994769343671885,Endo CLDN5 SLC7A5,
CTAGGTACATATGAAG-1,0,Oligo MOG OPALIN,0.9999893381612376,Oligo MOG OPALIN,
CTAGGTAGTGCTTCAA-1,5,Astro AQP4 SLC1A2,0.9527822998447739,Astro AQP4 SLC1A2,
CTATAGGCATGTCAGT-1,7,Endo CLDN5 SLC7A5,0.9730253248851737,Endo CLDN5 SLC7A5,
CTATAGGGTAGTGCGA-1,0,Oligo MOG OPALIN,0.9999745417177595,Oligo MOG OPALIN,
CTATAGGTCCCATTCG-1,6,Endo CLDN5 SLC7A5,0.7880283323341858,Endo CLDN5 SLC7A5,
CTATAGGTCGGCTATA-1,11,Endo CLDN5 SLC7A5,0.9555751785311472,Endo CLDN5 SLC7A5,
CTATCCGAGAATACAC-1,3,Oligo MOG OPALIN,0.33702036543886243,Oligo MOG OPALIN,
CTATCCGGTATGAAAC-1,0,Oligo MOG OPALIN,0.9999969655983768,Oligo MOG OPALIN,
CTATCTAAGGATATAC-1,8,Oligo MOG OPALIN,0.9999924121170389,Oligo MOG OPALIN,
CTATCTACAGCTTCGG-1,19,Endo CLDN5 SLC7A5,0.9943204463535321,Endo CLDN5 SLC7A5,
CTATCTAGTGCCTGAC-1,20,L6 FEZF2 SYT6 CDH9,0.9967380768479481,L6 FEZF2 SYT6 PTPRT,
CTATCTATCAATCAGC-1,2,Oligo MOG OPALIN,0.9999995080741864,Oligo MOG OPALIN,
CTCAACCAGTAACCTC-1,0,Oligo MOG OPALIN,0.9999165089214453,Oligo MOG OPALIN,
CTCAACCGTATCGCGC-1,5,Astro GFAP AQP1,0.7636813676333992,Astro AQP4 SLC1A2,
CTCAACCTCGCTACAA-1,13,Oligo MOG OPALIN,0.9952791028318122,Oligo MOG OPALIN,
CTCAAGAGTGGTTTGT-1,10,Macro F13A1 COLEC12,0.3608301405419717,Micro P2RY12 APBB1IP,
CTCAATTGTAGTATAG-1,8,Oligo MOG GSN,0.9962785167972619,Oligo MOG OPALIN,
CTCAATTTCATAGACC-1,23,Endo CLDN5 SLC7A5,0.9588814392189435,Endo CLDN5 SLC7A5,
CTCACTGAGTAACCGG-1,18,Oligo MOG OPALIN,0.6855334792674274,Oligo MOG GSN,
CTCACTGCAACTCGAT-1,2,Oligo MOG OPALIN,0.9998430235968505,Oligo MOG OPALIN,
CTCACTGCACTAACGT-1,1,Oligo MOG OPALIN,0.9999625499679505,Oligo MOG OPALIN,
CTCAGAAAGAAAGTCT-1,7,Endo CLDN5 SLC7A5,0.9608800926401857,Endo CLDN5 SLC7A5,
CTCAGAACAAAGACGC-1,16,L3-5 RORB GABRG1 PTPRO,0.3445020425107996,L3-5 RORB MKX GRIN3A,
CTCAGAATCGCAAGAG-1,14,Astro GFAP AQP1,0.9957930903852188,Astro GFAP AQP1,
CTCAGAATCGCCAGAC-1,8,Oligo MOG OPALIN,0.9997491284415507,Oligo MOG OPALIN,
CTCAGGGCACGATTCA-1,7,Oligo MOG OPALIN,0.9945168382940944,Endo CLDN5 SLC7A5,
CTCAGGGTCAGCCTCT-1,16,L3-5 RORB MKX GRIN3A,0.9912717052533725,L3-5 RORB MKX GRIN3A,
CTCAGTCAGCTCATAC-1,1,Oligo MOG OPALIN,0.9746918127747191,Oligo MOG OPALIN,
CTCAGTCGTTGCAAGG-1,4,Endo CLDN5 SLC7A5,0.9984605332719885,Endo CLDN5 SLC7A5,
CTCAGTCTCAAGCTTG-1,15,Endo CLDN5 IL1R1,0.9494222952091247,Endo CLDN5 SLC7A5,
CTCAGTCTCCGGACGT-1,4,L3-5 RORB MKX GRIN3A,0.6482809030519026,Endo CLDN5 SLC7A5,
CTCATCGCATGAGTAA-1,19,PC P2RY14 GRM8,0.9725213211758058,Endo CLDN5 SLC7A5,
CTCATCGGTAATTAGG-1,11,Endo CLDN5 SLC7A5,0.6680261049891455,Endo CLDN5 SLC7A5,
CTCATGCAGACCATAA-1,2,Oligo MOG OPALIN,0.9999994920459396,Oligo MOG OPALIN,
CTCATGCGTAGTGGCA-1,1,Oligo MOG OPALIN,0.9999993172849846,Oligo MOG OPALIN,
CTCATTAAGGGCAGGA-1,2,Oligo MOG OPALIN,0.9998408826579661,Oligo MOG OPALIN,
CTCATTACAGTAACAA-1,1,Oligo MOG OPALIN,0.998979524660531,Oligo MOG OPALIN,
CTCATTACATGGCCCA-1,13,Endo CLDN5 SLC7A5,0.9618579488536108,Oligo MOG OPALIN,
CTCATTAGTAGGCTCC-1,10,Micro P2RY12 GLDN,0.9098392430371701,Micro P2RY12 APBB1IP,
CTCCAACCATCCAACA-1,0,Oligo MOG OPALIN,0.9999959820681418,Oligo MOG OPALIN,
CTCCAACTCCTCTCGA-1,12,Endo CLDN5 SLC7A5,0.9683542595731776,Endo CLDN5 SLC7A5,
CTCCAACTCGATTTCT-1,13,Oligo MOG OPALIN,0.9927782473780892,Oligo MOG OPALIN,
CTCCACAAGTACTCGT-1,5,Endo CLDN5 SLC7A5,0.9573397794760495,Astro AQP4 SLC1A2,
CTCCACAGTTATGTGC-1,2,Oligo MOG OPALIN,0.9999835399162211,Oligo MOG OPALIN,
CTCCACATCCTTATGT-1,7,Endo CLDN5 SLC7A5,0.826087728839725,Endo CLDN5 SLC7A5,
CTCCATGAGGCATGGT-1,0,Oligo MOG OPALIN,0.9999899514278614,Oligo MOG OPALIN,
CTCCATGCACAGCATT-1,9,OPC PDGFRA PCDH15,0.9999999966120059,OPC PDGFRA PCDH15,
CTCCCAAAGGGAGAAT-1,2,Oligo MOG OPALIN,0.9972431543364361,Oligo MOG OPALIN,
CTCCCAAAGTGCTAGG-1,16,L3-5 RORB PCBP3 ARHGAP15,0.4612740405404836,L3-5 RORB MKX GRIN3A,
CTCCCAACAACCGATT-1,3,Oligo MOG OPALIN,0.9999989601142405,Oligo MOG OPALIN,
CTCCCAACACACGGTC-1,7,Endo CLDN5 SLC7A5,0.9976140985036471,Endo CLDN5 SLC7A5,
CTCCCAATCCCTCGAT-1,1,Oligo MOG OPALIN,0.9972497787654937,Oligo MOG OPALIN,
CTCCGATAGGAACTCG-1,2,Oligo MOG OPALIN,0.9999964222540073,Oligo MOG OPALIN,
CTCCGATGTAGTCTTG-1,2,Oligo MOG OPALIN,0.999998245274494,Oligo MOG OPALIN,
CTCCGATGTCTTCATT-1,23,Endo CLDN5 SLC7A5,0.8665743355155162,Endo CLDN5 SLC7A5,
CTCCGATTCTTCTTCC-1,7,Endo CLDN5 SLC7A5,0.9778548251734374,Endo CLDN5 SLC7A5,
CTCCTCCAGCACTTTG-1,0,Oligo MOG OPALIN,0.9999752664778705,Oligo MOG OPALIN,
CTCCTCCAGTTTGTCG-1,10,Oligo MOG OPALIN,0.9950404119500768,Micro P2RY12 APBB1IP,
CTCCTTTGTCCACTTC-1,16,Endo CLDN5 SLC7A5,0.9703172504998097,L3-5 RORB MKX GRIN3A,
CTCCTTTTCAGTGCGC-1,10,Micro P2RY12 GLDN,0.9920415977775006,Micro P2RY12 APBB1IP,
CTCGAGGGTCGTTGCG-1,4,Endo CLDN5 SLC7A5,0.6889480509571044,Endo CLDN5 SLC7A5,
CTCTCAGAGGACTTCT-1,16,L3-5 RORB MKX DCC,0.9948551446251294,L3-5 RORB MKX GRIN3A,
CTCTCAGAGTTAACAG-1,2,Oligo MOG OPALIN,0.9999694398805946,Oligo MOG OPALIN,
CTCTCAGCACCAGTAT-1,5,Astro AQP4 SLC1A2,0.994551730577729,Astro AQP4 SLC1A2,
CTCTCAGGTGCTTATG-1,0,Oligo MOG OPALIN,0.9997606559750779,Oligo MOG OPALIN,
CTCTCGAAGGGCCTCT-1,4,Endo CLDN5 SLC7A5,0.9935780928251824,Endo CLDN5 SLC7A5,
CTCTCGACAATAACGA-1,15,Endo CLDN5 DKK2,0.9950051977832676,Endo CLDN5 SLC7A5,
CTCTCGACACCAGCTG-1,5,Astro GFAP AQP1,0.9384359139299,Astro AQP4 SLC1A2,
CTCTGGTAGGTAAACT-1,9,OPC PDGFRA PCDH15,0.9999999999990741,OPC PDGFRA PCDH15,
CTCTGGTCAGTAACAA-1,4,Oligo MOG OPALIN,0.9370338048566184,Endo CLDN5 SLC7A5,
CTCTGGTGTACGCGTC-1,5,Astro AQP4 SLC1A2,0.9907610152090778,Astro AQP4 SLC1A2,
CTCTGGTGTCGAAGCA-1,1,Oligo MOG OPALIN,0.820565661966403,Oligo MOG OPALIN,
CTCTGGTGTCGACTTA-1,5,Astro AQP4 SLC1A2,0.9739674652728593,Astro AQP4 SLC1A2,
CTCTGGTTCACGTAGT-1,6,Endo CLDN5 SLC7A5,0.5670724358507214,Endo CLDN5 SLC7A5,
CTCTGGTTCTATGCCC-1,1,Oligo MOG OPALIN,0.798224502175876,Oligo MOG OPALIN,
CTGAATGCATAACTCG-1,13,Oligo MOG OPALIN,0.9962456539851808,Oligo MOG OPALIN,
CTGAATGTCCGTGTGG-1,2,Oligo MOG OPALIN,0.9999898712251657,Oligo MOG OPALIN,
CTGAGCGAGCACAAAT-1,0,Oligo MOG OPALIN,0.9999476924887392,Oligo MOG OPALIN,
CTGAGCGAGTTCATGC-1,7,Endo CLDN5 SLC7A5,0.7339022324248967,Endo CLDN5 SLC7A5,
CTGAGCGAGTTGCTGT-1,8,Oligo MOG OPALIN,0.9862329595196802,Oligo MOG OPALIN,
CTGAGCGCAGGTCAGA-1,9,OPC PDGFRA PCDH15,0.9999999999998763,OPC PDGFRA PCDH15,
CTGAGCGGTAGTCGTT-1,18,Oligo MOG GSN,0.885297741699462,Oligo MOG GSN,
CTGAGCGTCAATCGGT-1,20,L6 FEZF2 SYT6 PTPRT,0.6528186893709164,L6 FEZF2 SYT6 PTPRT,
CTGAGGCAGCCGCTTG-1,4,Endo CLDN5 SLC7A5,0.538793693862099,Endo CLDN5 SLC7A5,
CTGAGGCGTTCCGGTG-1,6,L3-5 RORB GABRG1 PTPRO,0.32004075331821114,Endo CLDN5 SLC7A5,
CTGAGGCTCAGTCATG-1,2,Oligo MOG OPALIN,0.9999284397197113,Oligo MOG OPALIN,
CTGATCCCAGCAGTTT-1,6,Endo CLDN5 SLC7A5,0.9871033498974459,Endo CLDN5 SLC7A5,
CTGATCCCATGTGGCC-1,11,Endo CLDN5 SLC7A5,0.7339939925323398,Endo CLDN5 SLC7A5,
CTGATCCGTGTCCGGT-1,19,PC P2RY14 GRM8,0.8908328358770284,Endo CLDN5 SLC7A5,
CTGCAGGTCCATTTGT-1,1,Oligo MOG OPALIN,0.9973911462920328,Oligo MOG OPALIN,
CTGCATCCAATCCTTT-1,20,L5-6 FEZF2 NXPH2 CDH8,0.8312834317650653,L6 FEZF2 SYT6 PTPRT,
CTGCATCGTCAAAGCG-1,2,Oligo MOG OPALIN,0.9999987506256942,Oligo MOG OPALIN,
CTGCATCGTCTGCAAT-1,5,Astro AQP4 SLC1A2,0.439810526678715,Astro AQP4 SLC1A2,
CTGCCATAGAGCACTG-1,7,Endo CLDN5 SLC7A5,0.9803494831847633,Endo CLDN5 SLC7A5,
CTGCCATCATGAAAGT-1,1,Oligo MOG OPALIN,0.9999567114223464,Oligo MOG OPALIN,
CTGCCATTCACTGAAC-1,9,OPC PDGFRA PCDH15,0.9999999991015434,OPC PDGFRA PCDH15,
CTGCCATTCGCAGTCG-1,0,Oligo MOG OPALIN,0.999977108718784,Oligo MOG OPALIN,
CTGCCATTCTCGCAGG-1,0,Oligo MOG OPALIN,0.9999292388258382,Oligo MOG OPALIN,
CTGCCTAGTCAACGCC-1,11,Endo CLDN5 SLC7A5,0.9021418560577501,Endo CLDN5 SLC7A5,
CTGCGAGAGGCGAACT-1,1,Oligo MOG OPALIN,0.9943809140141866,Oligo MOG OPALIN,
CTGCGAGTCGTGACTA-1,6,Oligo MOG OPALIN,0.9396606184392345,Endo CLDN5 SLC7A5,
CTGCTCAAGCTCACTA-1,13,Endo CLDN5 SLC7A5,0.46374468081417075,Oligo MOG OPALIN,
CTGCTCACAACCCTAA-1,15,Oligo MOG OPALIN,0.6110285035021514,Endo CLDN5 SLC7A5,
CTGCTCAGTATAGCTC-1,2,Oligo MOG OPALIN,0.9999715128422284,Oligo MOG OPALIN,
CTGCTCAGTGAGCAGT-1,6,Endo CLDN5 SLC7A5,0.522545484238753,Endo CLDN5 SLC7A5,
CTGCTCATCATTCGGA-1,16,L3-5 RORB MKX GRIN3A,0.7101445677690627,L3-5 RORB MKX GRIN3A,
CTGGACGAGCACGATG-1,15,Endo CLDN5 SLC7A5,0.8410319018914612,Endo CLDN5 SLC7A5,
CTGGACGAGTAAATGC-1,18,Oligo MOG OPALIN,0.4774540922056277,Oligo MOG GSN,
CTGGACGCAGCTACTA-1,6,Oligo MOG OPALIN,0.918667571097572,Endo CLDN5 SLC7A5,
CTGGACGCATACCATG-1,9,OPC PDGFRA PCDH15,0.9999999999999991,OPC PDGFRA PCDH15,
CTGGACGCATCCGGCA-1,5,Astro GFAP FABP7,0.5083806633777446,Astro AQP4 SLC1A2,
CTGGACGTCATACGAC-1,6,Oligo MOG OPALIN,0.4605841899142251,Endo CLDN5 SLC7A5,
CTGGACGTCTGGGATT-1,0,Oligo MOG OPALIN,0.9997530876770838,Oligo MOG OPALIN,
CTGGCAGCAGATACCT-1,17,L6 OPRK1 THEMIS RGS6,0.9717794392611042,L2-3 CUX2 ACVR1C THSD7A,
CTGGCAGCAGCCGTTG-1,6,Endo CLDN5 SLC7A5,0.6794731400079117,Endo CLDN5 SLC7A5,
CTGGCAGTCTTCGTGC-1,1,Oligo MOG OPALIN,0.9998733330171746,Oligo MOG OPALIN,
CTGGTCTGTCCGAAAG-1,2,Oligo MOG OPALIN,0.9991730990055062,Oligo MOG OPALIN,
CTGTACCAGAACAAGG-1,0,Oligo MOG OPALIN,0.9999846868657406,Oligo MOG OPALIN,
CTGTAGAAGACCTTTG-1,0,Oligo MOG OPALIN,0.9917282914911862,Oligo MOG OPALIN,
CTGTAGAGTAGTTCCA-1,2,Oligo MOG OPALIN,0.9999923657405577,Oligo MOG OPALIN,
CTGTAGAGTGAACCGA-1,0,Oligo MOG OPALIN,0.9999996742822168,Oligo MOG OPALIN,
CTGTAGAGTTCGTTCC-1,0,Oligo MOG OPALIN,0.9963006812003252,Oligo MOG OPALIN,
CTGTATTAGAAGCGCT-1,11,Endo CLDN5 SLC7A5,0.9629083103440959,Endo CLDN5 SLC7A5,
CTGTATTAGGCAGGTT-1,14,Endo CLDN5 SLC7A5,0.5548146797680247,Astro GFAP AQP1,
CTGTCGTAGACAACTA-1,1,Oligo MOG OPALIN,0.7795814245016607,Oligo MOG OPALIN,
CTGTCGTAGCGCGTTC-1,2,Oligo MOG OPALIN,0.9999822385250596,Oligo MOG OPALIN,
CTGTCGTTCTCCCTAG-1,16,L3-5 RORB MKX GRIN3A,0.44643590434194397,L3-5 RORB MKX GRIN3A,
CTGTGAAAGTTTCGGT-1,14,Astro GFAP AQP1,0.5965164430339618,Astro GFAP AQP1,
CTGTGAACAGCTGTGC-1,24,InN LAMP5 LHX6 TAC1,0.7570837522395177,Endo CLDN5 SLC7A5,
CTGTGAATCAAATGCC-1,14,Astro GFAP AQP1,0.38835333356672336,Astro GFAP AQP1,
CTGTGGGAGCTTCATG-1,7,Endo CLDN5 SLC7A5,0.6070384272839195,Endo CLDN5 SLC7A5,
CTGTGGGCAACGTAAA-1,12,Endo CLDN5 SLC7A5,0.6841620651129703,Endo CLDN5 SLC7A5,
CTGTGGGTCATGGCCG-1,5,Astro AQP4 SLC1A2,0.9363710159905724,Astro AQP4 SLC1A2,
CTGTGGGTCCACAAGT-1,19,Endo CLDN5 SLC7A5,0.7336425962720736,Endo CLDN5 SLC7A5,
CTTACCGAGCAACAGC-1,1,Oligo MOG OPALIN,0.9496185383866259,Oligo MOG OPALIN,
CTTACCGAGGACGGAG-1,2,Oligo MOG OPALIN,0.9998721239262498,Oligo MOG OPALIN,
CTTACCGGTCTCTCAC-1,3,Oligo MOG OPALIN,0.9989584773189056,Oligo MOG OPALIN,
CTTACCGTCAGACAAA-1,6,Endo CLDN5 SLC7A5,0.3126408719622734,Endo CLDN5 SLC7A5,
CTTACCGTCTCCGATC-1,13,Oligo MOG OPALIN,0.9771318186265687,Oligo MOG OPALIN,
CTTAGGAAGGCACGAT-1,15,SMC ACTA2 CNN1,0.9995442752640123,Endo CLDN5 SLC7A5,
CTTAGGACACGGGCTT-1,1,Oligo MOG OPALIN,0.9931869075995122,Oligo MOG OPALIN,
CTTAGGACACTAACCA-1,9,OPC PDGFRA PCDH15,0.9999999999992923,OPC PDGFRA PCDH15,
CTTAGGACAGCTCTGG-1,10,Oligo MOG OPALIN,0.9999739035910693,Micro P2RY12 APBB1IP,
CTTAGGAGTAATTGGA-1,17,L6 OPRK1 THEMIS RGS6,0.700709151961811,L2-3 CUX2 ACVR1C THSD7A,
CTTAGGAGTTGGCTAT-1,16,L3-5 RORB MKX GRIN3A,0.7472680510916281,L3-5 RORB MKX GRIN3A,
CTTCAATAGACCGCCT-1,1,Oligo MOG OPALIN,0.962975002342086,Oligo MOG OPALIN,
CTTCCGACAGATTTCG-1,17,L2-3 CUX2 NTNG1 PALMD,0.6057723195012228,L2-3 CUX2 ACVR1C THSD7A,
CTTCCGATCAAACCCA-1,13,Oligo MOG OPALIN,0.9999895698620641,Oligo MOG OPALIN,
CTTCCGATCCATCCGT-1,15,Endo CLDN5 SLC7A5,0.4003994883900979,Endo CLDN5 SLC7A5,
CTTCCGATCCCTTGGT-1,11,Endo CLDN5 SLC7A5,0.9016883107242496,Endo CLDN5 SLC7A5,
CTTCCGATCCTCTAGC-1,9,OPC PDGFRA PCDH15,0.9999999999999662,OPC PDGFRA PCDH15,
CTTCCGATCCTTATGT-1,2,Oligo MOG OPALIN,0.9999812177350519,Oligo MOG OPALIN,
CTTCCTTAGTCGCCCA-1,1,Oligo MOG OPALIN,0.9999969856970337,Oligo MOG OPALIN,
CTTCCTTTCACTACGA-1,2,Oligo MOG OPALIN,0.9995829449180138,Oligo MOG OPALIN,
CTTCGGTCATCGCTAA-1,1,Oligo MOG OPALIN,0.9963186944266037,Oligo MOG OPALIN,
CTTCGGTGTCTCGACG-1,0,Oligo MOG OPALIN,0.9999842771143995,Oligo MOG OPALIN,
CTTCGGTTCAGGGTAG-1,2,Oligo MOG OPALIN,0.9995029182523639,Oligo MOG OPALIN,
CTTCGGTTCTGGGCAC-1,9,OPC PDGFRA PCDH15,0.9999999999999187,OPC PDGFRA PCDH15,
CTTCTAAAGCTGTTAC-1,11,L3-5 RORB MKX GRIN3A,0.9525289645052684,Endo CLDN5 SLC7A5,
CTTCTAACAACCACAT-1,12,Endo CLDN5 SLC7A5,0.5193123521942808,Endo CLDN5 SLC7A5,
CTTCTAACAGTTGCGC-1,4,L3-5 RORB MKX GRIN3A,0.6142659637168941,Endo CLDN5 SLC7A5,
CTTCTAAGTGAGATAT-1,1,Oligo MOG OPALIN,0.9952896232825105,Oligo MOG OPALIN,
CTTCTCTCAGTTACCA-1,16,L3-5 RORB MKX GRIN3A,0.9346763339032462,L3-5 RORB MKX GRIN3A,
CTTCTCTCATCGCTGG-1,1,Oligo MOG OPALIN,0.592488084509241,Oligo MOG OPALIN,
CTTGAGAAGTTCCTGA-1,0,Oligo MOG OPALIN,0.9999992792464111,Oligo MOG OPALIN,
CTTGAGACACCTGATA-1,7,Endo CLDN5 SLC7A5,0.9857472640711767,Endo CLDN5 SLC7A5,
CTTGAGACAGACAATA-1,10,Micro P2RY12 APBB1IP,0.8730311671644554,Micro P2RY12 APBB1IP,
CTTGAGATCGACACCG-1,2,Oligo MOG OPALIN,0.9999787997290276,Oligo MOG OPALIN,
CTTGATTAGACAGTCG-1,1,Oligo MOG OPALIN,0.9999502229037643,Oligo MOG OPALIN,
CTTGATTAGGAGTCTG-1,13,Oligo MOG OPALIN,0.9999914318503237,Oligo MOG OPALIN,
CTTGATTGTGACTGTT-1,0,Oligo MOG OPALIN,0.9999991266338044,Oligo MOG OPALIN,
CTTGATTGTTCGATTG-1,0,Oligo MOG OPALIN,0.9999998687442647,Oligo MOG OPALIN,
CTTTCAACAGGTGACA-1,11,Endo CLDN5 SLC7A5,0.8822517318129968,Endo CLDN5 SLC7A5,
CTTTCAAGTGGTTCTA-1,1,Oligo MOG OPALIN,0.9999722842583737,Oligo MOG OPALIN,
CTTTCGGAGGGACAGG-1,0,Oligo MOG OPALIN,0.9998978585522249,Oligo MOG OPALIN,
GAAACCTGTTCAAGGG-1,0,Oligo MOG OPALIN,0.9999720176049067,Oligo MOG OPALIN,
GAAATGACAGCTCATA-1,10,Micro P2RY12 APBB1IP,0.6811501240228736,Micro P2RY12 APBB1IP,
GAAATGACATAGGAGC-1,2,Oligo MOG OPALIN,0.9999872646449481,Oligo MOG OPALIN,
GAAATGATCTCAAAGC-1,1,Oligo MOG OPALIN,0.9983739880716067,Oligo MOG OPALIN,
GAACACTCACTCCTGT-1,4,Endo CLDN5 SLC7A5,0.9511155555813954,Endo CLDN5 SLC7A5,
GAACACTCATGACAGG-1,0,Oligo MOG OPALIN,0.9953467369602466,Oligo MOG OPALIN,
GAACACTGTCCCTGTT-1,10,Micro P2RY12 APBB1IP,0.3569917002001231,Micro P2RY12 APBB1IP,
GAACACTTCAAATAGG-1,10,Micro P2RY12 APBB1IP,0.4778448059309421,Micro P2RY12 APBB1IP,
GAACACTTCCCTGGTT-1,4,Endo CLDN5 SLC7A5,0.4100553312292365,Endo CLDN5 SLC7A5,
GAACACTTCGCCGAAC-1,1,Oligo MOG OPALIN,0.9949020778541762,Oligo MOG OPALIN,
GAACGTTCACTCAAGT-1,2,Oligo MOG OPALIN,0.9999952276946972,Oligo MOG OPALIN,
GAACGTTTCAAAGCCT-1,6,Endo CLDN5 SLC7A5,0.415708367981779,Endo CLDN5 SLC7A5,
GAACGTTTCACGATCA-1,0,Oligo MOG OPALIN,0.9999195956782613,Oligo MOG OPALIN,
GAACTGTAGGAGGGTG-1,10,Micro P2RY12 APBB1IP,0.9874202124858373,Micro P2RY12 APBB1IP,
GAACTGTCACGCACCA-1,0,Oligo MOG OPALIN,0.9999943203659221,Oligo MOG OPALIN,
GAACTGTCAGGTCCGT-1,0,Oligo MOG OPALIN,0.9999989945291816,Oligo MOG OPALIN,
GAACTGTCATTCACAG-1,7,Endo CLDN5 SLC7A5,0.9976114440078292,Endo CLDN5 SLC7A5,
GAAGAATAGGGATCAC-1,12,Endo CLDN5 SLC7A5,0.9622033702859627,Endo CLDN5 SLC7A5,
GAAGAATGTGAGTTTC-1,23,Endo CLDN5 SLC7A5,0.9687497855431864,Endo CLDN5 SLC7A5,
GAAGCCCAGAGTCTGG-1,9,OPC PDGFRA PCDH15,0.9999999999999982,OPC PDGFRA PCDH15,
GAAGCCCAGCGTATGG-1,10,Micro P2RY12 APBB1IP,0.967371997499028,Micro P2RY12 APBB1IP,
GAAGCCCCAAGGACAC-1,2,Oligo MOG OPALIN,0.9999567063516982,Oligo MOG OPALIN,
GAAGCGAAGTGTTGTC-1,6,Endo CLDN5 SLC7A5,0.4508029542791293,Endo CLDN5 SLC7A5,
GAAGCGACATCGTCCT-1,18,Oligo MOG GSN,0.9666242036153508,Oligo MOG GSN,
GAAGCGATCGCCTAGG-1,1,Oligo MOG OPALIN,0.9998704837706698,Oligo MOG OPALIN,
GAAGGACCACGTACAT-1,8,Oligo MOG OPALIN,0.999992913509377,Oligo MOG OPALIN,
GAAGGACGTGCTGTCG-1,6,Endo CLDN5 SLC7A5,0.646986383430914,Endo CLDN5 SLC7A5,
GAAGGACGTTCGTGCG-1,20,L5-6 FEZF2 NXPH2 GRIK1,0.9099609300082889,L6 FEZF2 SYT6 PTPRT,
GAAGGACTCCAGTTCC-1,2,Oligo MOG OPALIN,0.9923423742093055,Oligo MOG OPALIN,
GAAGGACTCCGGTAGC-1,3,Oligo MOG OPALIN,0.999955366213548,Oligo MOG OPALIN,
GAAGGACTCGATCCCT-1,3,Oligo MOG OPALIN,0.9819913667907201,Oligo MOG OPALIN,
GAAGGACTCGTAGCTA-1,12,Endo CLDN5 SLC7A5,0.5315735519596635,Endo CLDN5 SLC7A5,
GAAGGACTCTATACGG-1,22,InN ADARB2 COL5A2,0.3609257448697714,InN VIP EXPH5,
GAAGGGTCACTCAAGT-1,22,InN LAMP5 BMP7,0.9113019298175508,InN VIP EXPH5,
GAAGGGTGTTTACACG-1,4,Endo CLDN5 SLC7A5,0.514266426929357,Endo CLDN5 SLC7A5,
GAAGTAAAGGTTGACG-1,0,Oligo MOG OPALIN,0.999967872435653,Oligo MOG OPALIN,
GAAGTAACACGGTGAA-1,25,PC P2RY14 GRM8,0.9999981151176568,PC P2RY14 GRM8,
GAAGTAAGTGTTAGCT-1,8,Oligo MOG OPALIN,0.997987009385478,Oligo MOG OPALIN,
GAAGTAAGTTCGTAAC-1,15,Endo CLDN5 SLC7A5,0.4052855973890166,Endo CLDN5 SLC7A5,
GAATAGAGTCTCACGG-1,2,Oligo MOG OPALIN,0.9999905081556033,Oligo MOG OPALIN,
GAATAGATCGAGTGAG-1,9,OPC PDGFRA PCDH15,0.9999999999999971,OPC PDGFRA PCDH15,
GAATCACAGGGTTGCA-1,2,Oligo MOG OPALIN,0.9999880507819161,Oligo MOG OPALIN,
GAATCACCACGGGCTT-1,2,Oligo MOG OPALIN,0.9932167535016162,Oligo MOG OPALIN,
GAATCACTCCCTCTAG-1,6,Endo CLDN5 SLC7A5,0.800030999126448,Endo CLDN5 SLC7A5,
GAATCACTCTCTCTTC-1,5,Astro GFAP FABP7,0.33517117183524886,Astro AQP4 SLC1A2,
GAATCGTCAATCGCCG-1,6,Endo CLDN5 SLC7A5,0.9458974458400509,Endo CLDN5 SLC7A5,
GAATCGTGTACAGTAA-1,6,L2-3 CUX2 ACVR1C THSD7A,0.9905372980618165,Endo CLDN5 SLC7A5,
GACACGCAGTGCAAAT-1,3,Oligo MOG OPALIN,0.9976582680998368,Oligo MOG OPALIN,
GACACGCCATTGGCAT-1,10,Micro P2RY12 GLDN,0.9877872911354393,Micro P2RY12 APBB1IP,
GACACGCTCAAGAGTA-1,12,Endo CLDN5 SLC7A5,0.986964450285341,Endo CLDN5 SLC7A5,
GACACGCTCGACGAGA-1,23,Endo CLDN5 SLC7A5,0.9987533327363007,Endo CLDN5 SLC7A5,
GACACGCTCTTCCCAG-1,0,Oligo MOG OPALIN,0.9999651208146744,Oligo MOG OPALIN,
GACAGCCTCCTAGCGG-1,10,Micro P2RY12 APBB1IP,0.327207905383492,Micro P2RY12 APBB1IP,
GACAGCCTCCTTTAGT-1,5,Astro AQP4 SLC1A2,0.9854462379072126,Astro AQP4 SLC1A2,
GACATCAAGAGCATCG-1,0,Oligo MOG OPALIN,0.9999814899346713,Oligo MOG OPALIN,
GACATCACACACGGTC-1,3,Oligo MOG OPALIN,0.9830036104648464,Oligo MOG OPALIN,
GACATCACAGAATTCC-1,21,InN SST FREM1,0.9966888584543759,InN SST HTR2C,
GACCAATGTCGGATTT-1,6,Oligo MOG OPALIN,0.32030926432425666,Endo CLDN5 SLC7A5,
GACCAATTCAACTGAC-1,22,InN VIP EXPH5,0.7664883768967188,InN VIP EXPH5,
GACCAATTCCAAGGGA-1,14,Astro GFAP AQP1,0.9957844443899028,Astro GFAP AQP1,
GACCAATTCTATGCCC-1,0,Oligo MOG OPALIN,0.9952395621491144,Oligo MOG OPALIN,
GACCCAGGTTGGGCCT-1,26,Oligo MOG OPALIN,0.9999979824893309,Oligo MOG OPALIN,
GACCCAGTCTCACGAA-1,4,Endo CLDN5 SLC7A5,0.9546460279503516,Endo CLDN5 SLC7A5,
GACCCTTGTGTTCAGT-1,2,Oligo MOG OPALIN,0.9992573901804096,Oligo MOG OPALIN,
GACCCTTTCCACACAA-1,5,Astro AQP4 SLC1A2,0.8044921011539886,Astro AQP4 SLC1A2,
GACCCTTTCCCAGGCA-1,3,Oligo MOG OPALIN,0.7780286686380641,Oligo MOG OPALIN,
GACCGTGTCTACGCGG-1,6,L6 OPRK1 THEMIS RGS6,0.38402761873152486,Endo CLDN5 SLC7A5,
GACCTTCGTAGCTCGC-1,10,Macro F13A1 COLEC12,0.9980656155384232,Micro P2RY12 APBB1IP,
GACCTTCGTTCTCCTG-1,1,Oligo MOG OPALIN,0.9309134444650662,Oligo MOG OPALIN,
GACGCTGCATGCCGAC-1,3,Oligo MOG OPALIN,0.9999115041997402,Oligo MOG OPALIN,
GACGTTAAGATAGTCA-1,7,Endo CLDN5 SLC7A5,0.9963525440100215,Endo CLDN5 SLC7A5,
GACGTTACAAAGGTTA-1,7,Endo CLDN5 SLC7A5,0.7888916085161276,Endo CLDN5 SLC7A5,
GACGTTACAGACTGCC-1,14,Astro GFAP AQP1,0.9996672100874688,Astro GFAP AQP1,
GACGTTAGTTACCCAA-1,7,Oligo MOG OPALIN,0.9725811356988487,Endo CLDN5 SLC7A5,
GACGTTATCGTCTCAC-1,3,Oligo MOG OPALIN,0.9992246170307255,Oligo MOG OPALIN,
GACGTTATCGTGACTA-1,8,Oligo MOG OPALIN,0.99962481936656,Oligo MOG OPALIN,
GACGTTATCTGTTGGA-1,3,Oligo MOG OPALIN,0.9990276327719462,Oligo MOG OPALIN,
GACTATGAGCTTCGTA-1,6,Oligo MOG OPALIN,0.3262272328700248,Endo CLDN5 SLC7A5,
GACTATGCAAGCGCTC-1,4,L3-5 RORB MKX GRIN3A,0.5912847427843043,Endo CLDN5 SLC7A5,
GACTATGCATCCCACT-1,12,Endo CLDN5 SLC7A5,0.9065464072869189,Endo CLDN5 SLC7A5,
GACTATGTCAGCGCAC-1,15,Endo CLDN5 SLC7A5,0.5094505544395047,Endo CLDN5 SLC7A5,
GACTCAACAACCAACT-1,6,Oligo MOG OPALIN,0.49061408130081063,Endo CLDN5 SLC7A5,
GACTCAATCTCCATAT-1,4,Endo CLDN5 SLC7A5,0.9999769509184837,Endo CLDN5 SLC7A5,
GACTCTCGTCGAATGG-1,2,Oligo MOG OPALIN,0.999999977979944,Oligo MOG OPALIN,
GACTGATAGCCTATTG-1,6,Endo CLDN5 SLC7A5,0.9332557032119344,Endo CLDN5 SLC7A5,
GACTGATCAATAACGA-1,0,Oligo MOG OPALIN,0.9995646737270965,Oligo MOG OPALIN,
GACTGATCAGTCGCAC-1,10,Micro P2RY12 APBB1IP,0.9995937084311738,Micro P2RY12 APBB1IP,
GACTGATTCCGCGAGT-1,2,Oligo MOG OPALIN,0.9999409341792503,Oligo MOG OPALIN,
GACTTCCAGAGTCAGC-1,9,OPC PDGFRA PCDH15,0.9999999999999225,OPC PDGFRA PCDH15,
GACTTCCGTGAACCGA-1,10,Micro P2RY12 GLDN,0.9629503986909583,Micro P2RY12 APBB1IP,
GAGAAATCAATCCAGT-1,1,Oligo MOG OPALIN,0.9759641010495659,Oligo MOG OPALIN,
GAGACCCAGATGAAGG-1,8,Oligo MOG OPALIN,0.9999997825111808,Oligo MOG OPALIN,
GAGACCCCACGTACTA-1,6,Endo CLDN5 SLC7A5,0.6760336098525144,Endo CLDN5 SLC7A5,
GAGACCCGTCCCTCAT-1,11,Endo CLDN5 SLC7A5,0.9808270427161507,Endo CLDN5 SLC7A5,
GAGACCCTCCTCTGCA-1,24,Endo CLDN5 SLC7A5,0.9688474690902397,Endo CLDN5 SLC7A5,
GAGACCCTCGTGGCGT-1,5,Astro AQP4 SLC1A2,0.9044378291512488,Astro AQP4 SLC1A2,
GAGACCCTCTACCTTA-1,6,Oligo MOG OPALIN,0.7546632598376813,Endo CLDN5 SLC7A5,
GAGACTTCATCTTTCA-1,5,Astro AQP4 SLC1A2,0.9996576515431893,Astro AQP4 SLC1A2,
GAGAGGTGTCTCGCGA-1,2,Oligo MOG OPALIN,0.9999362956095451,Oligo MOG OPALIN,
GAGAGGTGTGGTCTCG-1,14,Astro GFAP FABP7,0.9980779373193396,Astro GFAP AQP1,
GAGAGGTGTTTCGGCG-1,1,Oligo MOG OPALIN,0.9894256105884494,Oligo MOG OPALIN,
GAGAGGTTCCTACACC-1,2,Oligo MOG OPALIN,0.9998877304925117,Oligo MOG OPALIN,
GAGATGGGTATCCTCC-1,6,Endo CLDN5 SLC7A5,0.9395176640665742,Endo CLDN5 SLC7A5,
GAGATGGTCCACTAGA-1,4,Endo CLDN5 SLC7A5,0.6869543545175295,Endo CLDN5 SLC7A5,
GAGCCTGTCGTAGTCA-1,25,VLMC COL1A2 VLMCA8,0.6128410167282092,PC P2RY14 GRM8,
GAGCTGCAGATGTAGT-1,4,Endo CLDN5 SLC7A5,0.8731140487044554,Endo CLDN5 SLC7A5,
GAGCTGCCAAACTGCT-1,22,InN LAMP5 LHX6 TAC1,0.9928179260603602,InN VIP EXPH5,
GAGCTGCTCAAGCCCG-1,4,Endo CLDN5 SLC7A5,0.9889276801065032,Endo CLDN5 SLC7A5,
GAGGCAACATGCCATA-1,11,Endo CLDN5 SLC7A5,0.6544759993794934,Endo CLDN5 SLC7A5,
GAGGCAAGTGCTTATG-1,17,L6 OPRK1 THEMIS RGS6,0.9857137547673063,L2-3 CUX2 ACVR1C THSD7A,
GAGGCAATCCAAAGGG-1,4,Endo CLDN5 SLC7A5,0.9155134025124649,Endo CLDN5 SLC7A5,
GAGGCCTGTCAAGTTC-1,7,Endo CLDN5 SLC7A5,0.9998623862338386,Endo CLDN5 SLC7A5,
GAGGCCTTCAACACCA-1,10,Oligo MOG OPALIN,0.9502766374784627,Micro P2RY12 APBB1IP,
GAGGGATCAATTGGTC-1,21,InN SST STK32A,0.6052870551767711,InN SST HTR2C,
GAGGGTAAGAATTGTG-1,4,Endo CLDN5 SLC7A5,0.31867242312363075,Endo CLDN5 SLC7A5,
GAGTCATTCAAGCCGC-1,0,Oligo MOG OPALIN,0.9999949400797484,Oligo MOG OPALIN,
GAGTCATTCCAGTTCC-1,11,Endo CLDN5 SLC7A5,0.7925847977270553,Endo CLDN5 SLC7A5,
GAGTCATTCCCTAGGG-1,1,Oligo MOG OPALIN,0.354915357009531,Oligo MOG OPALIN,
GAGTCATTCGCGGTAC-1,3,Oligo MOG OPALIN,0.9999989562213673,Oligo MOG OPALIN,
GAGTCTAAGCTCTGTA-1,21,InN PVALB PIEZO2,0.39559852019431596,InN SST HTR2C,
GAGTCTAAGGTCACTT-1,10,Macro F13A1 COLEC12,0.9805063898008587,Micro P2RY12 APBB1IP,
GAGTCTACAGCAGTGA-1,7,Endo CLDN5 SLC7A5,0.9966950404084114,Endo CLDN5 SLC7A5,
GAGTCTAGTGAGACCA-1,0,Oligo MOG OPALIN,0.9999744086863882,Oligo MOG OPALIN,
GAGTCTAGTGTCCATA-1,5,Astro AQP4 SLC1A2,0.7873681659631809,Astro AQP4 SLC1A2,
GAGTCTATCATCGGGC-1,1,Oligo MOG OPALIN,0.9931837693289371,Oligo MOG OPALIN,
GAGTGTTAGACCCGCT-1,0,Oligo MOG OPALIN,0.9999933220323728,Oligo MOG OPALIN,
GAGTGTTGTAGGGAGG-1,11,Endo CLDN5 SLC7A5,0.9777441650585998,Endo CLDN5 SLC7A5,
GAGTTACTCTAGTCAG-1,3,Oligo MOG OPALIN,0.9999632189148266,Oligo MOG OPALIN,
GAGTTGTCACATTCGA-1,2,Oligo MOG OPALIN,0.9985713769008034,Oligo MOG OPALIN,
GAGTTGTGTTCAATCG-1,4,Endo CLDN5 SLC7A5,0.8013433033241143,Endo CLDN5 SLC7A5,
GAGTTGTTCCCTGGTT-1,6,Oligo MOG OPALIN,0.9807716859836547,Endo CLDN5 SLC7A5,
GAGTTGTTCTTAATCC-1,19,Endo CLDN5 SLC7A5,0.9924198724688753,Endo CLDN5 SLC7A5,
GAGTTTGCACACTTAG-1,3,Oligo MOG OPALIN,0.9643916228978388,Oligo MOG OPALIN,
GAGTTTGTCTTCCAGC-1,19,Endo CLDN5 SLC7A5,0.9947020400434446,Endo CLDN5 SLC7A5,
GATAGAAAGCGATGCA-1,1,Oligo MOG OPALIN,0.9991005114819927,Oligo MOG OPALIN,
GATAGAATCCGTGCGA-1,0,Oligo MOG OPALIN,0.9993924477441483,Oligo MOG OPALIN,
GATAGCTCAGTTAGGG-1,7,Endo CLDN5 SLC7A5,0.9948098895742357,Endo CLDN5 SLC7A5,
GATAGCTGTATGGGAC-1,11,Endo CLDN5 SLC7A5,0.976606836670654,Endo CLDN5 SLC7A5,
GATAGCTTCGAACCAT-1,0,Oligo MOG OPALIN,0.9999971798176199,Oligo MOG OPALIN,
GATCACACAAGCGAGT-1,21,InN SST HTR2C,0.9843028573085851,InN SST HTR2C,
GATCACAGTCATTCCC-1,13,Oligo MOG OPALIN,0.8912189379620981,Oligo MOG OPALIN,
GATCAGTTCCATCACC-1,1,Oligo MOG OPALIN,0.9998571789205328,Oligo MOG OPALIN,
GATCATGAGATACAGT-1,21,InN SST THSD7B,0.96505904689392,InN SST HTR2C,
GATCATGAGGACTAAT-1,3,Oligo MOG OPALIN,0.9126162964047397,Oligo MOG OPALIN,
GATCATGGTCATCCCT-1,3,Oligo MOG OPALIN,0.9999985453237041,Oligo MOG OPALIN,
GATCATGTCGACGATT-1,0,Oligo MOG OPALIN,0.9999927874086024,Oligo MOG OPALIN,
GATCCCTCAGAGGCTA-1,11,Endo CLDN5 SLC7A5,0.8286318611243947,Endo CLDN5 SLC7A5,
GATCCCTCAGTCAGTT-1,2,Oligo MOG OPALIN,0.9221311089689775,Oligo MOG OPALIN,
GATCCCTGTGAATGTA-1,7,Endo CLDN5 SLC7A5,0.3358055991518043,Endo CLDN5 SLC7A5,
GATCGTACACACTTAG-1,1,Oligo MOG OPALIN,0.9999663290699061,Oligo MOG OPALIN,
GATCGTAGTATGATCC-1,4,Oligo MOG OPALIN,0.9911253238343104,Endo CLDN5 SLC7A5,
GATCGTAGTTACGGAG-1,17,L2-3 CUX2 ACVR1C THSD7A,0.4158773449111981,L2-3 CUX2 ACVR1C THSD7A,
GATGACTAGATGTTCC-1,1,Oligo MOG OPALIN,0.9996452896192435,Oligo MOG OPALIN,
GATGACTAGTGTTGTC-1,7,L2-3 CUX2 NTNG1 PALMD,0.6889023647417603,Endo CLDN5 SLC7A5,
GATGACTCAAGTGGGT-1,18,Oligo MOG GSN,0.9999953961794095,Oligo MOG GSN,
GATGACTTCACCATGA-1,12,L2-3 CUX2 NTNG1 PALMD,0.8020143955361273,Endo CLDN5 SLC7A5,
GATGACTTCCGATCGG-1,3,Oligo MOG OPALIN,0.9999843228311222,Oligo MOG OPALIN,
GATGAGGAGATGGTCG-1,10,Micro P2RY12 APBB1IP,0.9167725933430001,Micro P2RY12 APBB1IP,
GATGAGGCATGCGTGC-1,0,Oligo MOG OPALIN,0.9999984546448826,Oligo MOG OPALIN,
GATGAGGGTCCGGACT-1,15,Endo CLDN5 SLC7A5,0.9454130538531957,Endo CLDN5 SLC7A5,
GATGAGGTCATGGGAG-1,5,Astro AQP4 SLC1A2,0.9908495910488296,Astro AQP4 SLC1A2,
GATGAGGTCCCATTTA-1,11,Endo CLDN5 SLC7A5,0.9845150609721834,Endo CLDN5 SLC7A5,
GATGATCAGGTGATAT-1,0,Oligo MOG OPALIN,0.9999997335007103,Oligo MOG OPALIN,
GATGATCAGTTTGCTG-1,14,Oligo MOG OPALIN,0.38746022250115386,Astro GFAP AQP1,
GATGATCCAAGCAATA-1,22,InN VIP MEGF11 LHFP,0.9890739218321404,InN VIP EXPH5,
GATGCTAAGCGCCCAT-1,4,Endo CLDN5 SLC7A5,0.669724256779763,Endo CLDN5 SLC7A5,
GATGCTAAGTGGTGGT-1,15,OPC PDGFRA PCDH15,0.3315349298941586,Endo CLDN5 SLC7A5,
GATGCTACAAATGCTC-1,17,L2-3 CUX2 ACVR1C THSD7A,0.4258955895579917,L2-3 CUX2 ACVR1C THSD7A,
GATGCTATCGGTTGTA-1,5,Astro GFAP FABP7,0.8800093802375953,Astro AQP4 SLC1A2,
GATGGAGCAAAGAACT-1,4,Endo CLDN5 SLC7A5,0.3767586615161768,Endo CLDN5 SLC7A5,
GATGGAGGTGCTCGTG-1,6,Endo CLDN5 SLC7A5,0.35003281748151804,Endo CLDN5 SLC7A5,
GATGTTGAGTTGGCGA-1,2,Oligo MOG OPALIN,0.9999838438582948,Oligo MOG OPALIN,
GATGTTGCAAACTCGT-1,20,L6 FEZF2 AMOTL1 CDH6,0.6678484358268256,L6 FEZF2 SYT6 PTPRT,
GATGTTGTCAGGAGAC-1,2,Oligo MOG OPALIN,0.9999449203063664,Oligo MOG OPALIN,
GATTCGAAGCCGTAAG-1,1,Oligo MOG OPALIN,0.8778660185119641,Oligo MOG OPALIN,
GATTCGAAGCCTAACT-1,27,T SKAP1 CD247,0.9988577685584282,T SKAP1 CD247,
GATTCTTTCAACCTCC-1,23,Endo CLDN5 SLC7A5,0.9827247166331173,Endo CLDN5 SLC7A5,
GATTGGTAGTTTCGAC-1,14,Astro GFAP AQP1,0.9821873199125594,Astro GFAP AQP1,
GATTGGTCAAGTTTGC-1,4,Endo CLDN5 SLC7A5,0.9974634575964776,Endo CLDN5 SLC7A5,
GATTGGTGTAGCCAGA-1,22,InN VIP HS3ST3B1,0.9998936308818989,InN VIP EXPH5,
GATTTCTCAAGTGACG-1,11,Endo CLDN5 SLC7A5,0.9915256877770618,Endo CLDN5 SLC7A5,
GATTTCTGTCAAATCC-1,9,OPC PDGFRA PCDH15,0.9999999999999845,OPC PDGFRA PCDH15,
GCAACATCAAGATGGC-1,1,Oligo MOG OPALIN,0.9988651557578299,Oligo MOG OPALIN,
GCAACATCAATATCCG-1,4,Endo CLDN5 SLC7A5,0.8154158612681349,Endo CLDN5 SLC7A5,
GCAACATTCACGATCA-1,4,Endo CLDN5 SLC7A5,0.9290876094367817,Endo CLDN5 SLC7A5,
GCAACCGCAGACCATT-1,11,Endo CLDN5 SLC7A5,0.6676052686157822,Endo CLDN5 SLC7A5,
GCAACCGTCTTGCAAG-1,18,Oligo MOG GSN,0.9999951373838646,Oligo MOG GSN,
GCACATAGTCTCACAA-1,1,Oligo MOG OPALIN,0.9997513139698248,Oligo MOG OPALIN,
GCACGGTAGGTGTGAC-1,8,Oligo MOG OPALIN,0.9998671123271433,Oligo MOG OPALIN,
GCACGGTCAAACCATC-1,4,Endo CLDN5 SLC7A5,0.9783656544869549,Endo CLDN5 SLC7A5,
GCACGGTCATGGCTAT-1,20,L6 FEZF2 AMOTL1 CDH6,0.6793826500461498,L6 FEZF2 SYT6 PTPRT,
GCACGGTGTAGATCGG-1,12,Endo CLDN5 SLC7A5,0.8961539611356361,Endo CLDN5 SLC7A5,
GCACGGTGTCGCGTTG-1,8,Oligo MOG OPALIN,0.8400335491238514,Oligo MOG OPALIN,
GCACGTGGTGCACAAG-1,4,Endo CLDN5 SLC7A5,0.9603117630495643,Endo CLDN5 SLC7A5,
GCACGTGTCTGGGATT-1,0,Oligo MOG OPALIN,0.9999833220000561,Oligo MOG OPALIN,
GCACTAAGTGCACGCT-1,20,L6 FEZF2 SYT6 PTPRT,0.3580590088725264,L6 FEZF2 SYT6 PTPRT,
GCAGCCACAAGACTGG-1,9,OPC PDGFRA PCDH15,0.9999999999999241,OPC PDGFRA PCDH15,
GCAGCCACAATACGCT-1,0,Oligo MOG OPALIN,0.9998653862575988,Oligo MOG OPALIN,
GCAGCCACAGTCGTTA-1,2,Oligo MOG OPALIN,0.9999996695221078,Oligo MOG OPALIN,
GCAGCCAGTACGTTCA-1,18,Oligo MOG OPALIN,0.9701492565699483,Oligo MOG GSN,
GCAGCCATCAGTCACA-1,9,OPC PDGFRA PCDH15,0.999999999999605,OPC PDGFRA PCDH15,
GCAGCTGCAGATCATC-1,9,OPC PDGFRA PCDH15,0.9999999999954439,OPC PDGFRA PCDH15,
GCAGCTGTCCATCAGA-1,14,Astro GFAP AQP1,0.5546775836784661,Astro GFAP AQP1,
GCAGCTGTCTCTTAAC-1,0,Oligo MOG OPALIN,0.9999907800483901,Oligo MOG OPALIN,
GCAGGCTAGTTAGAAC-1,4,Endo CLDN5 SLC7A5,0.9289792448487176,Endo CLDN5 SLC7A5,
GCAGTTATCAGTGTGT-1,1,Oligo MOG OPALIN,0.9742183649129651,Oligo MOG OPALIN,
GCATCGGAGCAGGCTA-1,3,Oligo MOG OPALIN,0.999993844017395,Oligo MOG OPALIN,
GCATCGGGTACGTAGG-1,8,Oligo MOG OPALIN,0.7254803777408356,Oligo MOG OPALIN,
GCATCGGGTCCGACGT-1,1,Oligo MOG OPALIN,0.9999841884663222,Oligo MOG OPALIN,
GCATCGGTCAGGAGAC-1,6,Oligo MOG OPALIN,0.45076471121559364,Endo CLDN5 SLC7A5,
GCATCTCAGAAACACT-1,10,Micro P2RY12 APBB1IP,0.8076208677229573,Micro P2RY12 APBB1IP,
GCATCTCAGAGTCTTC-1,19,Endo CLDN5 SLC7A5,0.9999879392206791,Endo CLDN5 SLC7A5,
GCATCTCGTATAATGG-1,10,Macro F13A1 COLEC12,0.5446002307030261,Micro P2RY12 APBB1IP,
GCATCTCTCGATGGAG-1,2,Oligo MOG OPALIN,0.993477655191163,Oligo MOG OPALIN,
GCATGATCATACAGAA-1,4,Endo CLDN5 SLC7A5,0.9992411141011365,Endo CLDN5 SLC7A5,
GCATTAGAGTAACGTA-1,2,Oligo MOG OPALIN,0.9995418904804138,Oligo MOG OPALIN,
GCATTAGCAGACCGCT-1,22,InN LAMP5 BMP7,0.9988105429917129,InN VIP EXPH5,
GCCAGCAAGGTGAGCT-1,16,L3-5 RORB MKX GRIN3A,0.4757044586420731,L3-5 RORB MKX GRIN3A,
GCCAGCAAGTTGAAGT-1,5,Astro AQP4 SLC1A2,0.9953813739563027,Astro AQP4 SLC1A2,
GCCAGCATCTTACTGT-1,4,Endo CLDN5 SLC7A5,0.8145418169321116,Endo CLDN5 SLC7A5,
GCCAGGTAGAGTAACT-1,5,Astro AQP4 SLC1A2,0.6884313683084217,Astro AQP4 SLC1A2,
GCCAGGTAGCACTCCG-1,0,Oligo MOG OPALIN,0.9999994065373881,Oligo MOG OPALIN,
GCCAGGTAGTTGTAAG-1,21,InN PVALB HPSE,0.9940646720082894,InN SST HTR2C,
GCCAGGTTCTGGGTCG-1,2,Oligo MOG OPALIN,0.9999754446625049,Oligo MOG OPALIN,
GCCATGGGTGTCCGTG-1,3,Oligo MOG OPALIN,0.9078566062789339,Oligo MOG OPALIN,
GCCATTCGTACGCGTC-1,15,Endo CLDN5 SLC7A5,0.8787284305442872,Endo CLDN5 SLC7A5,
GCCATTCGTCTTAGTG-1,16,L3-5 RORB GABRG1 PLCH1,0.8015119001633365,L3-5 RORB MKX GRIN3A,
GCCATTCGTTCACCGG-1,16,L3-5 RORB MKX GRIN3A,0.6459588321492481,L3-5 RORB MKX GRIN3A,
GCCCAGAGTTTGAACC-1,10,Micro P2RY12 APBB1IP,0.9595592747083312,Micro P2RY12 APBB1IP,
GCCCGAAAGACTCATC-1,3,Oligo MOG OPALIN,0.999679608176197,Oligo MOG OPALIN,
GCCCGAAAGGCCATAG-1,16,L3-5 RORB MKX GRIN3A,0.7886183048722689,L3-5 RORB MKX GRIN3A,
GCCCGAACACTTGGGC-1,4,Endo CLDN5 SLC7A5,0.9944800142838217,Endo CLDN5 SLC7A5,
GCCCGAAGTGCCTTTC-1,7,Endo CLDN5 SLC7A5,0.9994740864760564,Endo CLDN5 SLC7A5,
GCCGATGAGTACGAGC-1,3,Oligo MOG OPALIN,0.9997959730975711,Oligo MOG OPALIN,
GCCGATGCAACAAGTA-1,3,Oligo MOG OPALIN,0.9136163366156824,Oligo MOG OPALIN,
GCCGTGAAGACCTCAT-1,1,Oligo MOG OPALIN,0.9999379937561236,Oligo MOG OPALIN,
GCCGTGATCACTGCTC-1,11,Endo CLDN5 SLC7A5,0.7976860929294101,Endo CLDN5 SLC7A5,
GCCTGTTAGCAACTCT-1,3,Oligo MOG OPALIN,0.9997894209960576,Oligo MOG OPALIN,
GCCTGTTAGCCTCCAG-1,2,Oligo MOG OPALIN,0.9999999087790953,Oligo MOG OPALIN,
GCCTGTTCATCCAATG-1,12,Endo CLDN5 SLC7A5,0.9185866657293376,Endo CLDN5 SLC7A5,
GCCTGTTGTGCTTATG-1,11,Endo CLDN5 SLC7A5,0.9386503597873577,Endo CLDN5 SLC7A5,
GCCTGTTTCCTGTTGC-1,0,Oligo MOG OPALIN,0.996360804866592,Oligo MOG OPALIN,
GCGAGAAAGTGAACAT-1,5,Endo CLDN5 SLC7A5,0.8121046315718631,Astro AQP4 SLC1A2,
GCGATCGAGATGACAT-1,5,Astro AQP4 SLC1A2,0.9822341525832189,Astro AQP4 SLC1A2,
GCGATCGCACTCCTTG-1,3,Oligo MOG OPALIN,0.999984201783762,Oligo MOG OPALIN,
GCGATCGTCCATTTCA-1,9,OPC PDGFRA PCDH15,0.9999999999945024,OPC PDGFRA PCDH15,
GCGGAAAGTCGCAGTC-1,17,L6 OPRK1 THEMIS RGS6,0.9977443336512272,L2-3 CUX2 ACVR1C THSD7A,
GCGGAAAGTTGATGTC-1,13,Endo CLDN5 SLC7A5,0.527265780181929,Oligo MOG OPALIN,
GCGGATCAGAATACAC-1,3,Oligo MOG OPALIN,0.999778611928161,Oligo MOG OPALIN,
GCGGATCCAGGTGACA-1,9,OPC PDGFRA PCDH15,0.9999999994141411,OPC PDGFRA PCDH15,
GCGGATCCATGAATAG-1,7,Endo CLDN5 SLC7A5,0.9027159299975548,Endo CLDN5 SLC7A5,
GCGTTTCCAGTTTCAG-1,16,L3-5 RORB MKX GRIN3A,0.7937563875668783,L3-5 RORB MKX GRIN3A,
GCGTTTCGTAATGCTC-1,26,Oligo MOG OPALIN,0.9981226581439041,Oligo MOG OPALIN,
GCGTTTCTCCGGCAGT-1,14,Astro GFAP AQP1,0.9999504765442581,Astro GFAP AQP1,
GCTACAATCACCTCTG-1,26,Oligo MOG OPALIN,0.9998355300299061,Oligo MOG OPALIN,
GCTACCTCAAGGTCTT-1,10,Micro P2RY12 GLDN,0.9990781540537532,Micro P2RY12 APBB1IP,
GCTACCTGTCCGGTGT-1,13,Oligo MOG OPALIN,0.9940339346377067,Oligo MOG OPALIN,
GCTCAAAAGAACTCCT-1,1,Oligo MOG OPALIN,0.994606483285514,Oligo MOG OPALIN,
GCTCAAAAGGTTTGAA-1,12,Endo CLDN5 SLC7A5,0.9150351635163015,Endo CLDN5 SLC7A5,
GCTCAAAGTGTTGATC-1,5,Endo CLDN5 SLC7A5,0.4715906106325748,Astro AQP4 SLC1A2,
GCTGAATCAATTGAAG-1,0,Oligo MOG OPALIN,0.9999924113570506,Oligo MOG OPALIN,
GCTGAATGTCACTGAT-1,0,Oligo MOG OPALIN,0.9997120329094539,Oligo MOG OPALIN,
GCTGAATTCGCATAGT-1,2,Oligo MOG OPALIN,0.999700465843039,Oligo MOG OPALIN,
GCTGCAGAGGCAGTCA-1,0,Oligo MOG OPALIN,0.9999804436553656,Oligo MOG OPALIN,
GCTGCAGGTACTTGTG-1,12,Endo CLDN5 SLC7A5,0.9569183128975225,Endo CLDN5 SLC7A5,
GCTGCAGGTCACTACA-1,18,Oligo MOG GSN,0.9843335902275129,Oligo MOG GSN,
GCTGGGTAGCCTCTTC-1,3,Oligo MOG OPALIN,0.9635933941415938,Oligo MOG OPALIN,
GCTGGGTAGGTACCTT-1,6,Endo CLDN5 SLC7A5,0.7481718705756979,Endo CLDN5 SLC7A5,
GCTGGGTGTCGCTGCA-1,1,Oligo MOG OPALIN,0.998666615403655,Oligo MOG OPALIN,
GCTGGGTTCAACACCA-1,1,Oligo MOG GSN,0.4519522454294508,Oligo MOG OPALIN,
GCTGGGTTCTATCACT-1,6,Oligo MOG OPALIN,0.9131518003951336,Endo CLDN5 SLC7A5,
GCTTCACCACTGTCGG-1,0,Oligo MOG OPALIN,0.9987760916399088,Oligo MOG OPALIN,
GCTTCACCAGAGAATT-1,6,Oligo MOG OPALIN,0.9252958726184137,Endo CLDN5 SLC7A5,
GCTTCACGTGGAATGC-1,21,InN SST ADAMTSL1,0.711538912043848,InN SST HTR2C,
GCTTCACTCGTGAGAG-1,0,Oligo MOG OPALIN,0.9999981828617088,Oligo MOG OPALIN,
GCTTGGGTCGTCAGAT-1,3,Oligo MOG OPALIN,0.9944531809316729,Oligo MOG OPALIN,
GCTTTCGGTACGGGAT-1,14,Astro GFAP FABP7,0.9959462817125811,Astro GFAP AQP1,
GCTTTCGGTGCGTGCT-1,9,OPC PDGFRA PCDH15,0.9999999999998532,OPC PDGFRA PCDH15,
GGAACCCCACTCCTGT-1,7,Endo CLDN5 SLC7A5,0.9539628973255033,Endo CLDN5 SLC7A5,
GGAACCCCATGTGGCC-1,0,Oligo MOG OPALIN,0.9998798689279003,Oligo MOG OPALIN,
GGAACCCTCAATCTTC-1,10,Micro P2RY12 APBB1IP,0.9375394865115354,Micro P2RY12 APBB1IP,
GGAACCCTCGAGGCAA-1,12,Endo CLDN5 SLC7A5,0.9986889174723454,Endo CLDN5 SLC7A5,
GGAAGTGAGATTGGGC-1,26,Oligo MOG OPALIN,0.999817485535376,Oligo MOG OPALIN,
GGAAGTGAGGTTTGAA-1,16,L3-5 RORB MKX GRIN3A,0.7872199735837747,L3-5 RORB MKX GRIN3A,
GGAAGTGCAGATTAAG-1,2,Oligo MOG OPALIN,0.9999813599206707,Oligo MOG OPALIN,
GGAAGTGGTAGACGGT-1,5,Astro AQP4 SLC1A2,0.9999158716211776,Astro AQP4 SLC1A2,
GGAATCTGTTGCCGAC-1,5,Astro AQP4 SLC1A2,0.9851691463489729,Astro AQP4 SLC1A2,
GGAATCTTCGGCTGTG-1,10,Macro F13A1 COLEC12,0.9999996790113197,Micro P2RY12 APBB1IP,
GGAATCTTCTCCGTGT-1,4,Endo CLDN5 SLC7A5,0.9692217187744844,Endo CLDN5 SLC7A5,
GGAATCTTCTCGCCTA-1,1,Oligo MOG OPALIN,0.9999737005191387,Oligo MOG OPALIN,
GGAATGGCAAAGGCGT-1,0,Oligo MOG OPALIN,0.9978523913124242,Oligo MOG OPALIN,
GGAATGGCATACCAGT-1,2,Oligo MOG OPALIN,0.9999968926266234,Oligo MOG OPALIN,
GGAATGGGTACTAAGA-1,4,Endo CLDN5 SLC7A5,0.9407979308293635,Endo CLDN5 SLC7A5,
GGAATGGGTTGCGGAA-1,4,Endo CLDN5 SLC7A5,0.9481745616616666,Endo CLDN5 SLC7A5,
GGACGTCAGGTGCAGT-1,3,Oligo MOG OPALIN,0.9999966930992091,Oligo MOG OPALIN,
GGACGTCCACCAGGTC-1,0,Oligo MOG OPALIN,0.9999681352018783,Oligo MOG OPALIN,
GGAGAACAGGCTCTAT-1,0,Oligo MOG OPALIN,0.999996718501968,Oligo MOG OPALIN,
GGAGAACAGGTCGCCT-1,2,Oligo MOG OPALIN,0.9998874461520282,Oligo MOG OPALIN,
GGAGAACCAACACAAA-1,14,Astro GFAP AQP1,0.976890816044197,Astro GFAP AQP1,
GGAGAACGTTGGGACA-1,13,Oligo MOG OPALIN,0.9997773325452607,Oligo MOG OPALIN,
GGAGATGAGTGACCTT-1,0,Oligo MOG OPALIN,0.9999739113112617,Oligo MOG OPALIN,
GGAGATGCAGGACTTT-1,7,Endo CLDN5 SLC7A5,0.797668762314158,Endo CLDN5 SLC7A5,
GGAGATGCATCTCGTC-1,4,Endo CLDN5 SLC7A5,0.9989566514298073,Endo CLDN5 SLC7A5,
GGAGCAAAGTACCGGA-1,0,Oligo MOG OPALIN,0.9486036889946494,Oligo MOG OPALIN,
GGAGCAACAAATTGCC-1,5,Astro AQP4 SLC1A2,0.978631620318394,Astro AQP4 SLC1A2,
GGAGCAATCTATACTC-1,4,Endo CLDN5 SLC7A5,0.9374226654341952,Endo CLDN5 SLC7A5,
GGAGGATAGTTCCATG-1,4,Endo CLDN5 SLC7A5,0.981003925355914,Endo CLDN5 SLC7A5,
GGAGGATCACTGATTG-1,0,Oligo MOG OPALIN,0.997704855342419,Oligo MOG OPALIN,
GGAGGATTCTCCGCAT-1,3,Oligo MOG OPALIN,0.999994527902079,Oligo MOG OPALIN,
GGAGGTAAGCATGTTC-1,2,Oligo MOG OPALIN,0.999999850532964,Oligo MOG OPALIN,
GGAGGTAAGCCAGTAG-1,3,Oligo MOG OPALIN,0.9999972119957262,Oligo MOG OPALIN,
GGAGGTAGTATTCCGA-1,8,Oligo MOG OPALIN,0.9999012887666225,Oligo MOG OPALIN,
GGATCTAAGACCGTTT-1,0,Oligo MOG OPALIN,0.9997698178003291,Oligo MOG OPALIN,
GGATCTAAGAGTGTTA-1,13,Oligo MOG OPALIN,0.9966642781653828,Oligo MOG OPALIN,
GGATCTAAGTTCCGGC-1,4,Endo CLDN5 SLC7A5,0.709853888213606,Endo CLDN5 SLC7A5,
GGATCTAGTACGATTC-1,13,Oligo MOG OPALIN,0.9995192589107695,Oligo MOG OPALIN,
GGATCTATCTGACAGT-1,2,Oligo MOG OPALIN,0.999996355041467,Oligo MOG OPALIN,
GGATGTTTCGACTCCT-1,14,Astro GFAP AQP1,0.9615759020763689,Astro GFAP AQP1,
GGATGTTTCTCCCATG-1,0,Oligo MOG OPALIN,0.9999615593828134,Oligo MOG OPALIN,
GGCACGTAGGATGAGA-1,4,Endo CLDN5 SLC7A5,0.5559822554648626,Endo CLDN5 SLC7A5,
GGCACGTCACCCTAAA-1,26,Oligo MOG OPALIN,0.8798981951971356,Oligo MOG OPALIN,
GGCACGTGTACCCGAC-1,25,PC P2RY14 GRM8,0.9999995531783403,PC P2RY14 GRM8,
GGCAGTCGTCCGGTCA-1,3,Oligo MOG OPALIN,0.996845530174307,Oligo MOG OPALIN,
GGCAGTCTCGACCCAG-1,7,Endo CLDN5 SLC7A5,0.9265449789578174,Endo CLDN5 SLC7A5,
GGCGTCATCAAACGAA-1,4,Endo CLDN5 SLC7A5,0.9974773084714034,Endo CLDN5 SLC7A5,
GGCTGTGAGATGGTAT-1,7,Endo CLDN5 SLC7A5,0.9746024109752527,Endo CLDN5 SLC7A5,
GGCTGTGAGGGAGGAC-1,1,Oligo MOG OPALIN,0.9999979464566868,Oligo MOG OPALIN,
GGCTGTGAGTGTAGAT-1,1,Oligo MOG OPALIN,0.9541051760988193,Oligo MOG OPALIN,
GGCTTGGCAGAGCGTA-1,9,OPC PDGFRA PCDH15,0.9999999999999203,OPC PDGFRA PCDH15,
GGCTTGGGTAGCTCGC-1,14,Astro GFAP AQP1,0.8104205765879487,Astro GFAP AQP1,
GGCTTGGGTTGAGGAC-1,1,Oligo MOG OPALIN,0.9999999484543816,Oligo MOG OPALIN,
GGCTTTCCAAGGTCTT-1,3,Oligo MOG OPALIN,0.9998036108652308,Oligo MOG OPALIN,
GGGAAGTCAGACCCGT-1,24,InN LAMP5 LHX6 TAC1,0.37786627150998675,Endo CLDN5 SLC7A5,
GGGAAGTCATCGATGT-1,10,Micro P2RY12 APBB1IP,0.9952425360282368,Micro P2RY12 APBB1IP,
GGGACAAGTACAATAG-1,0,Oligo MOG OPALIN,0.9999985327439239,Oligo MOG OPALIN,
GGGACCTAGGAACTAT-1,1,Oligo MOG OPALIN,0.9999703905551304,Oligo MOG OPALIN,
GGGACCTTCACTGGTA-1,5,Astro AQP4 SLC1A2,0.9999580006637828,Astro AQP4 SLC1A2,
GGGACCTTCCACATAG-1,26,Oligo MOG OPALIN,0.9835950000518598,Oligo MOG OPALIN,
GGGACTCAGGTACAGC-1,4,Endo CLDN5 SLC7A5,0.9471205142719491,Endo CLDN5 SLC7A5,
GGGACTCAGGTCATTC-1,1,Oligo MOG OPALIN,0.9999921383077958,Oligo MOG OPALIN,
GGGACTCGTCTTGAAC-1,9,OPC PDGFRA PCDH15,0.9999999999997844,OPC PDGFRA PCDH15,
GGGAGATCAACCCGCA-1,4,Endo CLDN5 SLC7A5,0.9804527813726255,Endo CLDN5 SLC7A5,
GGGAGATTCGACATAC-1,11,Endo CLDN5 SLC7A5,0.8383055676442007,Endo CLDN5 SLC7A5,
GGGAGTAGTTGAGGAC-1,1,Oligo MOG OPALIN,0.8264940144562338,Oligo MOG OPALIN,
GGGAGTATCCTCACTG-1,12,Endo CLDN5 SLC7A5,0.939886008175648,Endo CLDN5 SLC7A5,
GGGAGTATCTGGAGAG-1,12,Endo CLDN5 SLC7A5,0.9570765158802385,Endo CLDN5 SLC7A5,
GGGATCCAGGTAAGAG-1,9,OPC PDGFRA PCDH15,0.999999999911384,OPC PDGFRA PCDH15,
GGGATGAGTCGCTTGG-1,10,Micro P2RY12 APBB1IP,0.9953754762724047,Micro P2RY12 APBB1IP,
GGGATGAGTTCGATTG-1,2,Oligo MOG OPALIN,0.9999964555766595,Oligo MOG OPALIN,
GGGATGATCACCTTAT-1,15,Endo CLDN5 SLC7A5,0.8272685929027209,Endo CLDN5 SLC7A5,
GGGCCATAGAAGCGAA-1,12,Endo CLDN5 SLC7A5,0.9973617135409505,Endo CLDN5 SLC7A5,
GGGCCATCACACGGAA-1,1,Oligo MOG OPALIN,0.9997190385796177,Oligo MOG OPALIN,
GGGCCATCATCCGAGC-1,7,Endo CLDN5 SLC7A5,0.9752277167199568,Endo CLDN5 SLC7A5,
GGGCGTTTCATGCATG-1,9,OPC PDGFRA PCDH15,0.9999999894177328,OPC PDGFRA PCDH15,
GGGCTACGTAATACCC-1,2,Oligo MOG OPALIN,0.9999965634239045,Oligo MOG OPALIN,
GGGCTCACATAGGTAA-1,26,Oligo MOG OPALIN,0.9999640002423013,Oligo MOG OPALIN,
GGGTATTGTCATGACT-1,10,Micro P2RY12 APBB1IP,0.9966148395725761,Micro P2RY12 APBB1IP,
GGGTCTGAGATTGCGG-1,12,Endo CLDN5 SLC7A5,0.9180995880791566,Endo CLDN5 SLC7A5,
GGGTCTGCACGCTTAA-1,1,Oligo MOG OPALIN,0.9999995074360805,Oligo MOG OPALIN,
GGGTCTGGTACACGTT-1,4,Endo CLDN5 SLC7A5,0.9806761530939173,Endo CLDN5 SLC7A5,
GGGTCTGTCAAAGACA-1,9,OPC PDGFRA PCDH15,1.0,OPC PDGFRA PCDH15,
GGGTCTGTCGGTTAGT-1,2,Oligo MOG OPALIN,0.9999720936714588,Oligo MOG OPALIN,
GGGTGAAGTCACGACC-1,10,Macro F13A1 COLEC12,0.8244809950864751,Micro P2RY12 APBB1IP,
GGGTGAAGTGATACTC-1,10,Endo CLDN5 SLC7A5,0.5306517997269675,Micro P2RY12 APBB1IP,
GGGTGTCAGAAGCCTG-1,3,Oligo MOG OPALIN,0.999998575280444,Oligo MOG OPALIN,
GGGTGTCTCTATTGTC-1,0,Oligo MOG OPALIN,0.99999267015274,Oligo MOG OPALIN,
GGGTTATAGGTGCATG-1,25,VLMC COL1A2 VLMCA8,0.9807691359079805,PC P2RY14 GRM8,
GGGTTATCAAGAGGCT-1,0,Oligo MOG OPALIN,0.9998985797920338,Oligo MOG OPALIN,
GGGTTATCACGAGAAC-1,27,T SKAP1 CD247,0.9998297587766573,T SKAP1 CD247,
GGGTTATGTAGGAGGG-1,1,Oligo MOG OPALIN,0.9634292346913927,Oligo MOG OPALIN,
GGGTTTATCCTAGAGT-1,9,OPC PDGFRA PCDH15,0.9999999999996372,OPC PDGFRA PCDH15,
GGTAACTGTTTCCATT-1,15,Endo CLDN5 DKK2,0.9780479226240535,Endo CLDN5 SLC7A5,
GGTAATCCAGACCCGT-1,2,Oligo MOG OPALIN,0.999996853701649,Oligo MOG OPALIN,
GGTAGAGGTACTGTTG-1,16,L3-5 RORB TNNT2 TSHZ2,0.6444505892892034,L3-5 RORB MKX GRIN3A,
GGTCACGAGCATCAGG-1,17,L2-4 CUX2 RORB CLMN,0.9256874447875578,L2-3 CUX2 ACVR1C THSD7A,
GGTCACGCATTCACCC-1,6,Endo CLDN5 SLC7A5,0.5696451540020181,Endo CLDN5 SLC7A5,
GGTCACGTCGATTCCC-1,1,Oligo MOG OPALIN,0.9968189718993885,Oligo MOG OPALIN,
GGTCTGGTCACTGGTA-1,2,Oligo MOG OPALIN,0.9999906232656087,Oligo MOG OPALIN,
GGTCTGGTCTCTGCTG-1,14,Astro GFAP AQP1,0.9820758513338141,Astro GFAP AQP1,
GGTGAAGAGTTCCAGT-1,0,Oligo MOG OPALIN,0.9999461773745696,Oligo MOG OPALIN,
GGTGAAGGTAGTGATA-1,0,Oligo MOG OPALIN,0.9672879864359294,Oligo MOG OPALIN,
GGTGAAGGTCCACTTC-1,13,Oligo MOG OPALIN,0.9999849245328822,Oligo MOG OPALIN,
GGTGAAGGTGTGTTTG-1,11,Endo CLDN5 SLC7A5,0.9503263337245528,Endo CLDN5 SLC7A5,
GGTGATTCAAAGCACG-1,3,Oligo MOG OPALIN,0.9999978459879523,Oligo MOG OPALIN,
GGTGATTTCAGTGATC-1,18,Oligo MOG GSN,0.9049267045787918,Oligo MOG GSN,
GGTGGCTAGTAGCCAG-1,9,OPC PDGFRA PCDH15,0.9999999999994929,OPC PDGFRA PCDH15,
GGTGGCTGTTCGGTAT-1,2,Oligo MOG OPALIN,0.9999668252439893,Oligo MOG OPALIN,
GGTGGCTTCATCGCTC-1,5,Astro AQP4 SLC1A2,0.4109909679065269,Astro AQP4 SLC1A2,
GGTGTCGGTCTAGGCC-1,14,Astro GFAP FABP7,0.5180352160726744,Astro GFAP AQP1,
GGTGTCGGTGTCATGT-1,11,Endo CLDN5 SLC7A5,0.9945367639031522,Endo CLDN5 SLC7A5,
GGTGTCGTCACCTACC-1,2,Oligo MOG OPALIN,0.9999982118987244,Oligo MOG OPALIN,
GGTGTCGTCGTCTAAG-1,3,Oligo MOG GSN,0.34839631231208923,Oligo MOG OPALIN,
GGTGTTATCAGAACCT-1,6,L2-3 CUX2 NTNG1 PALMD,0.3959555010993143,Endo CLDN5 SLC7A5,
GGTTAACCATCCTCAC-1,16,L3-5 RORB GABRG1 KCNH7,0.36172242387857767,L3-5 RORB MKX GRIN3A,
GGTTAACCATGGAACG-1,13,Oligo MOG OPALIN,0.9978559570791374,Oligo MOG OPALIN,
GGTTCTCCAACCGACC-1,1,Oligo MOG OPALIN,0.8232960210576413,Oligo MOG OPALIN,
GGTTCTCCAGGTACGA-1,4,L6 OPRK1 SMYD1 KCND2,0.3207627393756119,Endo CLDN5 SLC7A5,
GGTTCTCCATATTCGG-1,16,L3-5 RORB PCBP3 IL1RAPL2,0.4721207603075803,L3-5 RORB MKX GRIN3A,
GGTTGTACAGCTGCCA-1,3,Oligo MOG OPALIN,0.544981813168179,Oligo MOG OPALIN,
GGTTGTACATGAAAGT-1,6,Endo CLDN5 SLC7A5,0.5899419059551334,Endo CLDN5 SLC7A5,
GGTTGTATCTTCTGTA-1,9,OPC PDGFRA PCDH15,0.9999999981196332,OPC PDGFRA PCDH15,
GTAACACAGCTGTACT-1,7,Endo CLDN5 SLC7A5,0.9851613711579384,Endo CLDN5 SLC7A5,
GTAACACAGTAGGTTA-1,5,Astro GFAP FABP7,0.4509043533523235,Astro AQP4 SLC1A2,
GTAACACGTTCACCGG-1,9,OPC PDGFRA PCDH15,0.9999999999996496,OPC PDGFRA PCDH15,
GTAACACTCGTTACCC-1,1,Oligo MOG OPALIN,0.9909918592360667,Oligo MOG OPALIN,
GTAACCAGTAGTATAG-1,3,Oligo MOG OPALIN,0.9999564800361175,Oligo MOG OPALIN,
GTAACCATCACTGAAC-1,3,Oligo MOG OPALIN,0.9999915189567041,Oligo MOG OPALIN,
GTAAGTCTCGCCTCTA-1,3,Oligo MOG OPALIN,0.9996469443087961,Oligo MOG OPALIN,
GTAAGTCTCGTTCCTG-1,10,Micro P2RY12 APBB1IP,0.3743564621137238,Micro P2RY12 APBB1IP,
GTAATCGCAAGACCTT-1,1,Oligo MOG OPALIN,0.9999978147189654,Oligo MOG OPALIN,
GTAATCGTCGCCTCTA-1,25,PC P2RY14 GRM8,0.9998961230443818,PC P2RY14 GRM8,
GTAATGCCAGTTGTCA-1,3,Oligo MOG OPALIN,0.997931057335711,Oligo MOG OPALIN,
GTACAACAGATACGAT-1,5,Astro GFAP AQP1,0.6841108959419744,Astro AQP4 SLC1A2,
GTACAACAGGCACTAG-1,1,Oligo MOG OPALIN,0.996404911418616,Oligo MOG OPALIN,
GTACAACCAGGCATGA-1,15,Endo CLDN5 SLC7A5,0.7290565755019512,Endo CLDN5 SLC7A5,
GTACAGTGTTAAGAAC-1,6,Endo CLDN5 SLC7A5,0.9867713600282851,Endo CLDN5 SLC7A5,
GTACAGTTCATATGGC-1,2,Oligo MOG OPALIN,0.9945487192013208,Oligo MOG OPALIN,
GTAGAAAAGCAGGCAT-1,22,InN VIP HS3ST3B1,0.9978749715038646,InN VIP EXPH5,
GTAGAAAAGCATCGAG-1,17,L2-3 CUX2 ACVR1C THSD7A,0.9456573568082307,L2-3 CUX2 ACVR1C THSD7A,
GTAGAAAAGCGACAGT-1,0,Oligo MOG OPALIN,0.9900581197565785,Oligo MOG OPALIN,
GTAGAAAGTCGACTGC-1,1,Oligo MOG OPALIN,0.9999486873006166,Oligo MOG OPALIN,
GTAGAGGCAAGTTGGG-1,2,Oligo MOG OPALIN,0.9998111596174483,Oligo MOG OPALIN,
GTAGATCCAGAGGTTG-1,1,Oligo MOG OPALIN,0.9994585446958847,Oligo MOG OPALIN,
GTAGATCTCTTCCTAA-1,1,Oligo MOG OPALIN,0.9917213596411422,Oligo MOG OPALIN,
GTAGCTACAGTCTGGC-1,0,Oligo MOG OPALIN,0.999970807961268,Oligo MOG OPALIN,
GTAGGAGAGGAGTCTG-1,5,Astro AQP4 SLC1A2,0.9341661195229697,Astro AQP4 SLC1A2,
GTAGGAGAGTTGCTGT-1,11,Endo CLDN5 SLC7A5,0.7907392036560535,Endo CLDN5 SLC7A5,
GTAGGAGCAGCAATTC-1,4,Endo CLDN5 SLC7A5,0.9592680323539033,Endo CLDN5 SLC7A5,
GTAGGTTAGCATCTTG-1,0,Oligo MOG OPALIN,0.7999949856216604,Oligo MOG OPALIN,
GTAGGTTCACTGAGTT-1,1,Oligo MOG OPALIN,0.9984134764813878,Oligo MOG OPALIN,
GTAGGTTGTAGCGAGT-1,12,Endo CLDN5 SLC7A5,0.8808207381645566,Endo CLDN5 SLC7A5,
GTAGTACAGCGAACTG-1,12,Endo CLDN5 SLC7A5,0.5506430067796714,Endo CLDN5 SLC7A5,
GTAGTACAGGCAGCTA-1,22,InN VIP CLSTN2,0.9991962882251242,InN VIP EXPH5,
GTAGTACAGTATGGCG-1,0,Oligo MOG OPALIN,0.9999979352728633,Oligo MOG OPALIN,
GTAGTACAGTGAACAT-1,0,Oligo MOG OPALIN,0.9870905107752505,Oligo MOG OPALIN,
GTATTGGAGGTCATTC-1,24,Oligo MOG OPALIN,0.9876352327973252,Endo CLDN5 SLC7A5,
GTATTGGCACGCTGCA-1,1,Oligo MOG OPALIN,0.9853426366193513,Oligo MOG OPALIN,
GTATTGGTCGACCATA-1,11,Endo CLDN5 SLC7A5,0.947887504137566,Endo CLDN5 SLC7A5,
GTATTTCGTGGCTGAA-1,12,Endo CLDN5 SLC7A5,0.9668827508642129,Endo CLDN5 SLC7A5,
GTATTTCTCACTACTT-1,13,Oligo MOG OPALIN,0.997192556347477,Oligo MOG OPALIN,
GTATTTCTCCATCTAT-1,2,Oligo MOG OPALIN,0.9999992011449459,Oligo MOG OPALIN,
GTCAAACGTACTCGCG-1,2,Oligo MOG OPALIN,0.9999989204183763,Oligo MOG OPALIN,
GTCAAACGTGCATTAC-1,1,Oligo MOG OPALIN,0.9998384587908332,Oligo MOG OPALIN,
GTCACGGGTACATTGC-1,6,Oligo MOG OPALIN,0.9988134585546952,Endo CLDN5 SLC7A5,
GTCACGGGTCTGATAC-1,4,Endo CLDN5 SLC7A5,0.9660105471698541,Endo CLDN5 SLC7A5,
GTCACGGTCGACGAGA-1,25,PC P2RY14 GRM8,0.8060469960670612,PC P2RY14 GRM8,
GTCACTCTCTATTGTC-1,12,Endo CLDN5 SLC7A5,0.8868636267722222,Endo CLDN5 SLC7A5,
GTCACTCTCTCCTGTG-1,3,Oligo MOG OPALIN,0.999994751672999,Oligo MOG OPALIN,
GTCAGCGCATGAGTAA-1,0,Oligo MOG OPALIN,0.9999963222260897,Oligo MOG OPALIN,
GTCAGCGGTATGGAGC-1,21,InN PVALB PDE3A,0.5459984637587613,InN SST HTR2C,
GTCAGCGGTTCTCAGA-1,4,Endo CLDN5 SLC7A5,0.9923900083843386,Endo CLDN5 SLC7A5,
GTCATCCCAATGGGTG-1,10,Macro F13A1 COLEC12,0.9998439724968239,Micro P2RY12 APBB1IP,
GTCATCCTCAGCTTGA-1,14,Astro GFAP AQP1,0.816855327897601,Astro GFAP AQP1,
GTCATCCTCGCTCATC-1,13,Oligo MOG OPALIN,0.9974521234705075,Oligo MOG OPALIN,
GTCATGAAGGGAACAA-1,2,Oligo MOG OPALIN,0.9999999942843802,Oligo MOG OPALIN,
GTCATGACAAGTACCT-1,21,InN SST ADRA1D,0.6686590755573806,InN SST HTR2C,
GTCATGACACCTGAAT-1,2,Oligo MOG OPALIN,0.9445990297123723,Oligo MOG OPALIN,
GTCATGACATCCGCGA-1,20,L6 FEZF2 SYT6 PTPRT,0.9239641727206699,L6 FEZF2 SYT6 PTPRT,
GTCATTTAGACCATTC-1,5,Astro AQP4 SLC1A2,0.928659746228668,Astro AQP4 SLC1A2,
GTCATTTCAATCTCGA-1,15,OPC PDGFRA PCDH15,0.9874249338065366,Endo CLDN5 SLC7A5,
GTCATTTCACATAACC-1,20,L6 FEZF2 SYT6 CDH9,0.4565092092769523,L6 FEZF2 SYT6 PTPRT,
GTCATTTTCCTTATGT-1,2,Oligo MOG OPALIN,0.9999959086375207,Oligo MOG OPALIN,
GTCCACTAGGAGATAG-1,2,Oligo MOG OPALIN,0.9492789083776153,Oligo MOG OPALIN,
GTCCACTAGGTAAGTT-1,4,Endo CLDN5 SLC7A5,0.45368636497620773,Endo CLDN5 SLC7A5,
GTCCACTCAGAAGTGC-1,9,OPC PDGFRA PCDH15,0.9999999999996916,OPC PDGFRA PCDH15,
GTCCACTCATAGAAAC-1,0,Oligo MOG OPALIN,0.9999993569533435,Oligo MOG OPALIN,
GTCCCATAGTAAGAGG-1,10,Endo CLDN5 SLC7A5,0.3797363176760268,Micro P2RY12 APBB1IP,
GTCCCATGTAGACTGG-1,14,Astro GFAP AQP1,0.9516538520770782,Astro GFAP AQP1,
GTCCCATGTGAGTGAC-1,4,Endo CLDN5 SLC7A5,0.9277903342654091,Endo CLDN5 SLC7A5,
GTCCTCACAAGCAATA-1,4,Endo CLDN5 SLC7A5,0.8220110942230218,Endo CLDN5 SLC7A5,
GTCCTCACATGACACT-1,25,PC P2RY14 GRM8,0.9999295861621468,PC P2RY14 GRM8,
GTCCTCAGTTCCTTGC-1,23,Oligo MOG OPALIN,0.5277932756257319,Endo CLDN5 SLC7A5,
GTCCTCATCTGCCTCA-1,23,Endo CLDN5 SLC7A5,0.9830160037291561,Endo CLDN5 SLC7A5,
GTCGAATAGAGTGGCT-1,12,L2-3 CUX2 NTNG1 PALMD,0.45214487444263823,Endo CLDN5 SLC7A5,
GTCGAATGTATCACCA-1,5,Astro AQP4 SLC1A2,0.9749814233605837,Astro AQP4 SLC1A2,
GTCGAATGTGACAACG-1,3,Oligo MOG OPALIN,0.9999928177412591,Oligo MOG OPALIN,
GTCGAATGTTGGGTTT-1,8,Oligo MOG OPALIN,0.9999700821355745,Oligo MOG OPALIN,
GTCGAATGTTGTCATG-1,5,Endo CLDN5 SLC7A5,0.35537552280352214,Astro AQP4 SLC1A2,
GTCGAATTCGACACCG-1,1,Oligo MOG OPALIN,0.9827396934428854,Oligo MOG OPALIN,
GTCGCGACATTAAGCC-1,5,Astro GFAP AQP1,0.4571845469601922,Astro AQP4 SLC1A2,
GTCGTAAAGACTGTTC-1,2,Oligo MOG OPALIN,0.999397427192534,Oligo MOG OPALIN,
GTCGTAACAACCGGAA-1,8,Oligo MOG OPALIN,0.9999912068704245,Oligo MOG OPALIN,
GTCGTAATCCCATAAG-1,5,Astro AQP4 SLC1A2,0.859206919481511,Astro AQP4 SLC1A2,
GTCGTTCAGTGATCGG-1,12,Endo CLDN5 SLC7A5,0.8449933430401285,Endo CLDN5 SLC7A5,
GTCGTTCTCAAGGCTT-1,8,Oligo MOG OPALIN,0.9999952802175192,Oligo MOG OPALIN,
GTCTACCAGAAACCAT-1,5,Astro AQP4 SLC1A2,0.43073993053485393,Astro AQP4 SLC1A2,
GTCTACCCATTGTGCA-1,4,Endo CLDN5 SLC7A5,0.8836680431829049,Endo CLDN5 SLC7A5,
GTCTAGAAGATGCTTC-1,10,Micro P2RY12 GLDN,0.982251577569747,Micro P2RY12 APBB1IP,
GTCTAGAAGTGGTTAA-1,6,InN SST FREM1,0.5647258439617795,Endo CLDN5 SLC7A5,
GTCTAGACACCACTGG-1,0,Oligo MOG OPALIN,0.9999894849311678,Oligo MOG OPALIN,
GTCTCACAGCACCCAC-1,0,Oligo MOG OPALIN,0.9977713056021861,Oligo MOG OPALIN,
GTCTCACCAAGGAGTC-1,6,Endo CLDN5 SLC7A5,0.45225460918599825,Endo CLDN5 SLC7A5,
GTCTCACCACTTACAG-1,13,Oligo MOG OPALIN,0.9997655438355773,Oligo MOG OPALIN,
GTCTCACCAGCCTATA-1,19,Endo CLDN5 SLC7A5,0.7459214684935347,Endo CLDN5 SLC7A5,
GTCTCACGTCATAAAG-1,3,Oligo MOG OPALIN,0.9999995460630706,Oligo MOG OPALIN,
GTCTCACGTTATCTGG-1,8,Oligo MOG OPALIN,0.9997158650778987,Oligo MOG OPALIN,
GTCTCACTCATGGGAG-1,10,Micro P2RY12 APBB1IP,0.5520210120437696,Micro P2RY12 APBB1IP,
GTCTCACTCCACCTGT-1,9,OPC PDGFRA PCDH15,0.9999999999922948,OPC PDGFRA PCDH15,
GTCTTTACAGCGAACA-1,4,Endo CLDN5 SLC7A5,0.9928669799916645,Endo CLDN5 SLC7A5,
GTCTTTAGTGGACCAA-1,7,Endo CLDN5 SLC7A5,0.7932903536469531,Endo CLDN5 SLC7A5,
GTCTTTATCGGCACTG-1,9,OPC PDGFRA PCDH15,0.99999999993476,OPC PDGFRA PCDH15,
GTGACGCAGAGGTGCT-1,14,Astro GFAP AQP1,0.9074179283073545,Astro GFAP AQP1,
GTGACGCTCCTACACC-1,17,L2-3 CUX2 ACVR1C THSD7A,0.9156475608966193,L2-3 CUX2 ACVR1C THSD7A,
GTGACGCTCGCAATTG-1,7,Endo CLDN5 SLC7A5,0.4297754832442588,Endo CLDN5 SLC7A5,
GTGAGCCAGCATGTTC-1,0,Oligo MOG OPALIN,0.9999989723624143,Oligo MOG OPALIN,
GTGAGCCAGCTGAAAT-1,7,Endo CLDN5 SLC7A5,0.99778693614396,Endo CLDN5 SLC7A5,
GTGAGCCAGGGACAGG-1,13,Oligo MOG OPALIN,0.9310166075490265,Oligo MOG OPALIN,
GTGAGCCCAGCACGAA-1,2,Oligo MOG OPALIN,0.9993946309482896,Oligo MOG OPALIN,
GTGAGCCGTCCACACG-1,9,OPC PDGFRA PCDH15,1.0,OPC PDGFRA PCDH15,
GTGAGGACACGACAGA-1,0,Oligo MOG OPALIN,0.9671392309330561,Oligo MOG OPALIN,
GTGAGGAGTACTCCCT-1,7,Endo CLDN5 SLC7A5,0.7507121291177186,Endo CLDN5 SLC7A5,
GTGAGTTAGGAGCAAA-1,9,OPC PDGFRA PCDH15,0.9997279186388537,OPC PDGFRA PCDH15,
GTGAGTTAGTCGCCCA-1,17,L2-3 CUX2 ACVR1C THSD7A,0.9952381541581307,L2-3 CUX2 ACVR1C THSD7A,
GTGAGTTGTTTCCAAG-1,14,Endo CLDN5 SLC7A5,0.3570261062455677,Astro GFAP AQP1,
GTGAGTTTCAAGCGTT-1,3,Oligo MOG OPALIN,0.9998473758350799,Oligo MOG OPALIN,
GTGATGTCAAGACAAT-1,11,Endo CLDN5 SLC7A5,0.9846637678999653,Endo CLDN5 SLC7A5,
GTGATGTTCTTGAGCA-1,0,Oligo MOG OPALIN,0.9999998000487209,Oligo MOG OPALIN,
GTGCACGAGTAACCGG-1,2,Oligo MOG OPALIN,0.9999997847632932,Oligo MOG OPALIN,
GTGCACGGTGGATACG-1,2,Oligo MOG OPALIN,0.9999734223529457,Oligo MOG OPALIN,
GTGCACGTCAGTAGGG-1,3,Oligo MOG OPALIN,0.9999951850048026,Oligo MOG OPALIN,
GTGCACGTCCGAGCTG-1,3,Oligo MOG OPALIN,0.9998731603929782,Oligo MOG OPALIN,
GTGCACGTCGCCATAA-1,3,Oligo MOG OPALIN,0.9999832680934548,Oligo MOG OPALIN,
GTGCAGCAGAGACAAG-1,10,Micro P2RY12 APBB1IP,0.5901772970285967,Micro P2RY12 APBB1IP,
GTGCAGCAGTCCCAGC-1,9,OPC PDGFRA PCDH15,0.9999991666429165,OPC PDGFRA PCDH15,
GTGCGTGCAGGCGTTC-1,1,Oligo MOG OPALIN,0.9999215343595903,Oligo MOG OPALIN,
GTGCGTGCATGCCGAC-1,6,Endo CLDN5 SLC7A5,0.8103887727167519,Endo CLDN5 SLC7A5,
GTGCGTGTCGCAAGAG-1,13,Oligo MOG OPALIN,0.9999956871116198,Oligo MOG OPALIN,
GTGCTGGTCATGAGGG-1,25,Endo CLDN5 SLC7A5,0.30897710362647063,PC P2RY14 GRM8,
GTGGAAGCACTCAAGT-1,0,Oligo MOG OPALIN,0.999970580073349,Oligo MOG OPALIN,
GTGGAAGGTAGACAAT-1,0,Oligo MOG OPALIN,0.9999991551484894,Oligo MOG OPALIN,
GTGGAAGGTGGTATGG-1,3,Oligo MOG OPALIN,0.9924283323995512,Oligo MOG OPALIN,
GTGGAGAAGCATGCGA-1,5,Astro AQP4 SLC1A2,0.6180724828728666,Astro AQP4 SLC1A2,
GTGGAGACACTAACCA-1,14,Astro GFAP AQP1,0.6106716274808933,Astro GFAP AQP1,
GTGGAGACAGTCCGTG-1,8,Oligo MOG OPALIN,0.9877439843124886,Oligo MOG OPALIN,
GTGGAGATCTCCCATG-1,7,Oligo MOG OPALIN,0.49944750355219164,Endo CLDN5 SLC7A5,
GTGGCGTCAAAGCTCT-1,6,Oligo MOG OPALIN,0.6019944528311505,Endo CLDN5 SLC7A5,
GTGGGAACAATGCAGG-1,16,L3-5 RORB PCBP3 IL1RAPL2,0.8222968314367322,L3-5 RORB MKX GRIN3A,
GTGGGAAGTGACCTGC-1,1,Oligo MOG OPALIN,0.9999996266475328,Oligo MOG OPALIN,
GTGGTTAAGACATAGT-1,7,Oligo MOG OPALIN,0.8803096190146545,Endo CLDN5 SLC7A5,
GTGGTTAGTTCGATTG-1,18,Oligo MOG GSN,0.9990568166931106,Oligo MOG GSN,
GTGGTTAGTTGTGGCC-1,0,Oligo MOG OPALIN,0.9993597092433224,Oligo MOG OPALIN,
GTGTAACAGACGACGT-1,3,Oligo MOG OPALIN,0.9999413139454676,Oligo MOG OPALIN,
GTGTAACCACAAAGTA-1,3,Oligo MOG OPALIN,0.9999731015249547,Oligo MOG OPALIN,
GTGTAACCACTACCGG-1,2,Oligo MOG OPALIN,0.992783570034042,Oligo MOG OPALIN,
GTGTAACGTCAATCTG-1,13,Oligo MOG OPALIN,0.999846687738132,Oligo MOG OPALIN,
GTGTAACGTTCAGCTA-1,0,Oligo MOG OPALIN,0.9999011540778485,Oligo MOG OPALIN,
GTGTCCTAGAATCTAG-1,0,Oligo MOG OPALIN,0.9999953807597802,Oligo MOG OPALIN,
GTGTCCTCATAAGATG-1,6,Endo CLDN5 SLC7A5,0.5527369790458496,Endo CLDN5 SLC7A5,
GTGTCCTGTACAGTAA-1,4,Endo CLDN5 SLC7A5,0.9758966576498539,Endo CLDN5 SLC7A5,
GTGTCCTGTAGTCGTT-1,7,Endo CLDN5 SLC7A5,0.7171033026922567,Endo CLDN5 SLC7A5,
GTGTCCTTCCATCGTC-1,1,Oligo MOG OPALIN,0.9993233025012146,Oligo MOG OPALIN,
GTGTGATAGAATTGCA-1,11,Endo CLDN5 SLC7A5,0.9993046067406728,Endo CLDN5 SLC7A5,
GTGTGATAGAGCTTTC-1,2,Oligo MOG OPALIN,0.9999916224325981,Oligo MOG OPALIN,
GTGTGATGTCATCCGG-1,0,Oligo MOG OPALIN,0.9999913336914187,Oligo MOG OPALIN,
GTGTGATGTTGATGTC-1,3,Oligo MOG OPALIN,0.9999846139260505,Oligo MOG OPALIN,
GTGTTAGGTAACTAAG-1,2,Oligo MOG OPALIN,0.9999996445285846,Oligo MOG OPALIN,
GTGTTAGGTTTACCTT-1,3,Oligo MOG OPALIN,0.9999642541910256,Oligo MOG OPALIN,
GTGTTAGTCCTCACGT-1,5,Astro AQP4 SLC1A2,0.4356992733394034,Astro AQP4 SLC1A2,
GTGTTCCAGCATGAAT-1,1,Oligo MOG OPALIN,0.9999890695375743,Oligo MOG OPALIN,
GTGTTCCCATCGAACT-1,17,L2-3 CUX2 ACVR1C THSD7A,0.9965731192237022,L2-3 CUX2 ACVR1C THSD7A,
GTGTTCCGTATCAAGA-1,14,Astro GFAP FABP7,0.9866587703485606,Astro GFAP AQP1,
GTTACAGGTCGATTTG-1,0,Oligo MOG FRY,0.9325534279521561,Oligo MOG OPALIN,
GTTACAGGTGCGTCGT-1,2,Oligo MOG OPALIN,0.9999891607729646,Oligo MOG OPALIN,
GTTACAGTCGCTGACG-1,2,Oligo MOG OPALIN,0.999998226244034,Oligo MOG OPALIN,
GTTACCCCATGGATCT-1,2,Oligo MOG OPALIN,0.9999974728613985,Oligo MOG OPALIN,
GTTACGACATGTCGTA-1,5,Astro AQP4 SLC1A2,0.9956744501985326,Astro AQP4 SLC1A2,
GTTAGTGAGGATATAC-1,1,Oligo MOG OPALIN,0.9998308304273886,Oligo MOG OPALIN,
GTTATGGAGTTGTCAC-1,5,Astro GFAP AQP1,0.482911541269118,Astro AQP4 SLC1A2,
GTTATGGCAAGCGCAA-1,11,Endo CLDN5 SLC7A5,0.770541110508615,Endo CLDN5 SLC7A5,
GTTATGGTCCTTGACC-1,1,Oligo MOG OPALIN,0.9999006563950702,Oligo MOG OPALIN,
GTTATGGTCTTCGCTG-1,27,T SKAP1 CD247,0.999999260899447,T SKAP1 CD247,
GTTCATTCAGTAACGG-1,24,Endo CLDN5 SLC7A5,0.4059125640601471,Endo CLDN5 SLC7A5,
GTTCATTCATTGGCAT-1,24,Oligo MOG OPALIN,0.7576893762712404,Endo CLDN5 SLC7A5,
GTTCATTTCCAAGCCG-1,12,Endo CLDN5 SLC7A5,0.9905124937949802,Endo CLDN5 SLC7A5,
GTTCCGTAGCAGCGAT-1,12,Endo CLDN5 SLC7A5,0.7024494659627271,Endo CLDN5 SLC7A5,
GTTCGCTAGCGACTAG-1,21,InN SST TRPC7,0.7231834186251006,InN SST HTR2C,
GTTCGCTAGTCAGCGA-1,21,InN SST TRPC7,0.898527938207681,InN SST HTR2C,
GTTCGCTCAGGTCCCA-1,8,Oligo MOG OPALIN,0.9999963111902417,Oligo MOG OPALIN,
GTTCTATTCCATGATG-1,3,Oligo MOG OPALIN,0.999998143558428,Oligo MOG OPALIN,
GTTCTATTCGGTATGT-1,27,T SKAP1 CD247,0.9207153482162288,T SKAP1 CD247,
GTTGAACCAATTGCAC-1,22,InN LAMP5 LHX6 TAC1,0.9651246331823938,InN VIP EXPH5,
GTTGAACCATGACGAG-1,5,Astro AQP4 SLC1A2,0.9998823554127542,Astro AQP4 SLC1A2,
GTTGAACTCATGGCCG-1,1,Oligo MOG OPALIN,0.9999943179692842,Oligo MOG OPALIN,
GTTGAACTCGGCTCTT-1,0,Oligo MOG OPALIN,0.9999879459013895,Oligo MOG OPALIN,
GTTGCGGAGGCCCACT-1,4,Endo CLDN5 SLC7A5,0.7710041576411378,Endo CLDN5 SLC7A5,
GTTGCGGGTTGCATAC-1,19,Endo CLDN5 SLC7A5,0.9999354896341379,Endo CLDN5 SLC7A5,
GTTGCGGTCTGTCAGA-1,4,Endo CLDN5 SLC7A5,0.9958384271481157,Endo CLDN5 SLC7A5,
GTTGCTCGTCTCGCGA-1,1,Oligo MOG OPALIN,0.9995619892671301,Oligo MOG OPALIN,
GTTGCTCGTTGTTGAC-1,3,Oligo MOG OPALIN,0.9999569870054399,Oligo MOG OPALIN,
GTTGTAGCACGTAACT-1,25,VLMC COL1A2 VLMCA8,0.9997362239748298,PC P2RY14 GRM8,
GTTGTCCAGAAGTCAT-1,1,Oligo MOG OPALIN,0.9958224036365618,Oligo MOG OPALIN,
GTTGTCCAGAGCAAGA-1,6,Endo CLDN5 SLC7A5,0.46036673849835863,Endo CLDN5 SLC7A5,
GTTGTCCCAAGGCTTT-1,2,Oligo MOG OPALIN,0.9993863530490902,Oligo MOG OPALIN,
GTTGTCCCACCGCTGA-1,11,L3-5 RORB MKX GRIN3A,0.6933757959522293,Endo CLDN5 SLC7A5,
GTTGTCCGTAGACAGC-1,2,Oligo MOG OPALIN,0.999821117928647,Oligo MOG OPALIN,
GTTGTCCGTCCGATCG-1,6,PC P2RY14 GRM8,0.9623236462550494,Endo CLDN5 SLC7A5,
GTTGTCCTCAGGACAG-1,6,Endo CLDN5 SLC7A5,0.9785253616393973,Endo CLDN5 SLC7A5,
GTTGTCCTCCTCACCA-1,9,OPC PDGFRA PCDH15,0.9999999999995555,OPC PDGFRA PCDH15,
GTTGTCCTCTGGGCGT-1,7,Oligo MOG OPALIN,0.981304251121143,Endo CLDN5 SLC7A5,
GTTGTGAAGGTAGACC-1,9,OPC PDGFRA PCDH15,0.9999999999999796,OPC PDGFRA PCDH15,
GTTGTGATCTCTCGCA-1,16,L3-5 RORB MKX GRIN3A,0.3490948884702673,L3-5 RORB MKX GRIN3A,
GTTTACTCATACAGGG-1,1,Oligo MOG OPALIN,0.9996431639227085,Oligo MOG OPALIN,
GTTTACTGTCTGCCTT-1,7,Endo CLDN5 SLC7A5,0.6651946642111227,Endo CLDN5 SLC7A5,
TAACACGCATGGAACG-1,4,Endo CLDN5 SLC7A5,0.996953850273016,Endo CLDN5 SLC7A5,
TAACCAGCAGGTAGTG-1,1,Oligo MOG OPALIN,0.9991915822947145,Oligo MOG OPALIN,
TAACCAGTCACGATCA-1,0,Oligo MOG OPALIN,0.9999877087202127,Oligo MOG OPALIN,
TAACGACCAACACACT-1,15,Oligo MOG OPALIN,0.9915251506867655,Endo CLDN5 SLC7A5,
TAACGACGTATCTCTT-1,9,OPC PDGFRA PCDH15,0.9999999997720201,OPC PDGFRA PCDH15,
TAACGACGTCGCTTAA-1,11,Endo CLDN5 SLC7A5,0.8910428443568186,Endo CLDN5 SLC7A5,
TAACTTCCAGTGTACT-1,12,Endo CLDN5 SLC7A5,0.7843905186734912,Endo CLDN5 SLC7A5,
TAACTTCGTAGTTCCA-1,3,Oligo MOG OPALIN,0.9996714384545293,Oligo MOG OPALIN,
TAACTTCTCGCCGTGA-1,9,OPC PDGFRA PCDH15,0.9999999988485531,OPC PDGFRA PCDH15,
TAAGCACCAGAGAATT-1,1,Oligo MOG OPALIN,0.9920633491672247,Oligo MOG OPALIN,
TAAGCACGTCCAAGAG-1,1,Oligo MOG OPALIN,0.9995225427509588,Oligo MOG OPALIN,
TAAGCACGTCCCTGAG-1,17,L2-3 CUX2 ACVR1C THSD7A,0.9904005572248156,L2-3 CUX2 ACVR1C THSD7A,
TAAGCACGTCCTACAA-1,0,Oligo MOG OPALIN,0.9999983353329218,Oligo MOG OPALIN,
TAAGCACTCCTCGATC-1,2,Oligo MOG OPALIN,0.9999479008966687,Oligo MOG OPALIN,
TAAGCGTAGACAAGCC-1,15,Endo CLDN5 SLC7A5,0.9566187158919623,Endo CLDN5 SLC7A5,
TAAGTCGCATTGTACG-1,16,L3-5 RORB MKX DCC,0.35886274690232006,L3-5 RORB MKX GRIN3A,
TAAGTCGGTGGACAGT-1,12,Endo CLDN5 SLC7A5,0.7842654051885511,Endo CLDN5 SLC7A5,
TAATCTCAGGAACGAA-1,4,Endo CLDN5 SLC7A5,0.5291449854454354,Endo CLDN5 SLC7A5,
TAATCTCCAGCGAGTA-1,14,Astro GFAP AQP1,0.9636055265438223,Astro GFAP AQP1,
TAATTCCCAAGCGGAT-1,0,Oligo MOG OPALIN,0.9999958294020336,Oligo MOG OPALIN,
TACAACGGTTAACAGA-1,3,Oligo MOG OPALIN,0.9999879377276794,Oligo MOG OPALIN,
TACACCCCAAGCGCAA-1,10,Micro P2RY12 APBB1IP,0.8764176712699949,Micro P2RY12 APBB1IP,
TACAGGTCAACTTCTT-1,12,Endo CLDN5 SLC7A5,0.34024369187681786,Endo CLDN5 SLC7A5,
TACAGGTCACGTTCGG-1,0,Oligo MOG OPALIN,0.9999948954186535,Oligo MOG OPALIN,
TACAGGTGTATCGCGC-1,3,Oligo MOG OPALIN,0.9999923558807069,Oligo MOG OPALIN,
TACAGGTTCAGACCGC-1,9,OPC PDGFRA PCDH15,0.999999999998826,OPC PDGFRA PCDH15,
TACATTCAGGGCTTCC-1,2,Oligo MOG OPALIN,0.9999910774622659,Oligo MOG OPALIN,
TACATTCGTCGAACAG-1,3,Oligo MOG OPALIN,0.999981138097269,Oligo MOG OPALIN,
TACATTCTCATTTGCT-1,1,Oligo MOG OPALIN,0.8694845827244339,Oligo MOG OPALIN,
TACCCACCACTTGTCC-1,6,Oligo MOG OPALIN,0.9926112969563415,Endo CLDN5 SLC7A5,
TACCCACCATGGAGAC-1,7,L3-5 RORB GABRG1 PTPRO,0.4902021760978922,Endo CLDN5 SLC7A5,
TACCCACGTAGCCCTG-1,0,Oligo MOG OPALIN,0.9995749088640489,Oligo MOG OPALIN,
TACCCACTCGACGTCG-1,1,Oligo MOG OPALIN,0.9996556623531989,Oligo MOG OPALIN,
TACCCACTCGATTCCC-1,10,Micro P2RY12 APBB1IP,0.9837362111994019,Micro P2RY12 APBB1IP,
TACCCGTAGGCCTTCG-1,2,Oligo MOG OPALIN,0.9999998112183651,Oligo MOG OPALIN,
TACCCGTTCAGGTAAA-1,9,OPC PDGFRA PCDH15,0.9999999999999996,OPC PDGFRA PCDH15,
TACCGAAAGCACACCC-1,3,Oligo MOG OPALIN,0.9999821733401567,Oligo MOG OPALIN,
TACCGAAAGTAGCCAG-1,8,Oligo MOG OPALIN,0.9999218356315082,Oligo MOG OPALIN,
TACCGAATCCTTCGAC-1,3,Oligo MOG OPALIN,0.9991983433506615,Oligo MOG OPALIN,
TACCGGGAGGTGCTTT-1,3,Oligo MOG OPALIN,0.9999950181809554,Oligo MOG OPALIN,
TACCGGGAGTGCCTCG-1,10,Micro P2RY12 APBB1IP,0.49851167527844187,Micro P2RY12 APBB1IP,
TACCGGGAGTGGCGAT-1,12,Endo CLDN5 SLC7A5,0.555158704984024,Endo CLDN5 SLC7A5,
TACCGGGAGTTCCATG-1,1,Oligo MOG OPALIN,0.9997937992725451,Oligo MOG OPALIN,
TACCGGGGTACCTAAC-1,11,Endo CLDN5 SLC7A5,0.9959723623220054,Endo CLDN5 SLC7A5,
TACCTCGAGGCACGAT-1,10,Micro P2RY12 GLDN,0.947406425811146,Micro P2RY12 APBB1IP,
TACCTCGTCACAATGC-1,1,Oligo MOG OPALIN,0.9996710173770206,Oligo MOG OPALIN,
TACCTCGTCACTCTTA-1,2,Oligo MOG OPALIN,0.998078461208892,Oligo MOG OPALIN,
TACGCTCCACTCAAGT-1,14,Astro GFAP AQP1,0.9943481695714387,Astro GFAP AQP1,
TACGCTCCAGTCGCTG-1,22,InN ADARB2 CADPS2,0.9906918182790555,InN VIP EXPH5,
TACGGGCCAATGGCAG-1,6,Endo CLDN5 SLC7A5,0.30254941853857703,Endo CLDN5 SLC7A5,
TACGGGCGTGAGAACC-1,0,Oligo MOG OPALIN,0.9999952582696775,Oligo MOG OPALIN,
TACGGTAGTCATCAGT-1,17,L2-3 CUX2 NTNG1 COL5A2,0.5435003826955839,L2-3 CUX2 ACVR1C THSD7A,
TACGGTATCTTCGACC-1,6,Oligo MOG OPALIN,0.3408089331410454,Endo CLDN5 SLC7A5,
TACGTCCGTCTAGTGT-1,5,Astro AQP4 SLC1A2,0.999977018367482,Astro AQP4 SLC1A2,
TACTGCCCATCCGATA-1,2,Oligo MOG OPALIN,0.9999977225464031,Oligo MOG OPALIN,
TACTGCCGTCCCTAAA-1,11,Endo CLDN5 SLC7A5,0.9979190624549128,Endo CLDN5 SLC7A5,
TACTGCCTCGTCAACA-1,3,Oligo MOG OPALIN,0.999892095495997,Oligo MOG OPALIN,
TACTTCAAGACGCTCC-1,3,Oligo MOG OPALIN,0.9994443731193017,Oligo MOG OPALIN,
TACTTCAAGGTTGCCC-1,5,Astro GFAP AQP1,0.46270217861790297,Astro AQP4 SLC1A2,
TACTTCAGTGACTATC-1,25,PC P2RY14 GRM8,0.9999965185422229,PC P2RY14 GRM8,
TACTTGTAGAAGTATC-1,13,Oligo MOG OPALIN,0.9987194996850622,Oligo MOG OPALIN,
TACTTGTTCCCAACTC-1,3,Oligo MOG OPALIN,0.9978894316504823,Oligo MOG OPALIN,
TAGACCAAGAGTCAGC-1,4,Endo CLDN5 SLC7A5,0.9767607935873215,Endo CLDN5 SLC7A5,
TAGACCACAAATGCTC-1,2,Oligo MOG OPALIN,0.9998064546584198,Oligo MOG OPALIN,
TAGACCAGTGGCCACT-1,1,Oligo MOG OPALIN,0.9999095603746954,Oligo MOG OPALIN,
TAGACCAGTGGTTTGT-1,16,L3-5 RORB MKX GRIN3A,0.6093957360488661,L3-5 RORB MKX GRIN3A,
TAGACCAGTGTGAATA-1,6,Endo CLDN5 SLC7A5,0.37405387776359494,Endo CLDN5 SLC7A5,
TAGACTGAGCTGAGCA-1,19,Endo CLDN5 SLC7A5,0.9999851770206856,Endo CLDN5 SLC7A5,
TAGACTGAGCTGCGAA-1,10,Micro P2RY12 APBB1IP,0.6451625204899173,Micro P2RY12 APBB1IP,
TAGATCGTCAATCGGT-1,22,InN VIP SCML4,0.7599486584761082,InN VIP EXPH5,
TAGATCGTCACCCTTG-1,0,Oligo MOG OPALIN,0.9999893683710332,Oligo MOG OPALIN,
TAGCACAGTCGAGCTC-1,4,Oligo MOG OPALIN,0.8207551595461764,Endo CLDN5 SLC7A5,
TAGCACAGTCGTCATA-1,0,Oligo MOG OPALIN,0.9999718621105516,Oligo MOG OPALIN,
TAGGAGGAGCAGCACA-1,2,Oligo MOG OPALIN,0.9996749956993441,Oligo MOG OPALIN,
TAGGAGGCAATAGGAT-1,13,Oligo MOG OPALIN,0.9985810573869591,Oligo MOG OPALIN,
TAGGAGGGTATGCGTT-1,11,Endo CLDN5 SLC7A5,0.7609427025617093,Endo CLDN5 SLC7A5,
TAGGAGGTCTTGAGCA-1,1,Oligo MOG OPALIN,0.9995767437759796,Oligo MOG OPALIN,
TAGGGTTGTTACCTTT-1,0,Oligo MOG OPALIN,0.9988428952692571,Oligo MOG OPALIN,
TAGGTACAGCTACTAC-1,2,Oligo MOG OPALIN,0.9996355809102937,Oligo MOG OPALIN,
TAGGTACAGCTATCTG-1,19,Endo CLDN5 SLC7A5,0.9999763266825554,Endo CLDN5 SLC7A5,
TAGGTACAGCTGGCCT-1,8,Oligo MOG OPALIN,0.9993892473564835,Oligo MOG OPALIN,
TAGGTACAGTCTTCGA-1,2,Oligo MOG OPALIN,0.999980457753917,Oligo MOG OPALIN,
TAGGTACGTGGCATCC-1,0,Oligo MOG OPALIN,0.9999623498133722,Oligo MOG OPALIN,
TAGGTTGCATGTGCTA-1,1,Oligo MOG OPALIN,0.9999915834974699,Oligo MOG OPALIN,
TAGGTTGGTGGCTTGC-1,2,Oligo MOG OPALIN,0.9999948640814005,Oligo MOG OPALIN,
TAGGTTGTCCAGCTCT-1,20,L6 FEZF2 SYT6 PTPRT,0.6390477977809189,L6 FEZF2 SYT6 PTPRT,
TAGTGCACAGGATTCT-1,3,Oligo MOG OPALIN,0.9999991880090141,Oligo MOG OPALIN,
TAGTGCAGTAGTTCCA-1,22,InN LAMP5 LHX6 TAC1,0.9554805356564389,InN VIP EXPH5,
TAGTGCATCATGGCCG-1,3,Oligo MOG OPALIN,0.9999748958393002,Oligo MOG OPALIN,
TATATCCCAACCGTAT-1,11,L3-5 RORB MKX GRIN3A,0.5775462768809999,Endo CLDN5 SLC7A5,
TATATCCGTACGTTCA-1,3,Oligo MOG OPALIN,0.9999158345616759,Oligo MOG OPALIN,
TATATCCGTATCTCTT-1,21,InN SST HTR2C,0.9986675546669228,InN SST HTR2C,
TATATCCTCGCCCAGA-1,4,Endo CLDN5 SLC7A5,0.9006382826863348,Endo CLDN5 SLC7A5,
TATCAGGCACCGGAAA-1,19,Endo CLDN5 SLC7A5,0.9999841706089156,Endo CLDN5 SLC7A5,
TATCAGGGTGTCCAAT-1,13,Oligo MOG OPALIN,0.9936609976245829,Oligo MOG OPALIN,
TATCAGGTCATCGCTC-1,10,Macro F13A1 COLEC12,0.9994182597635891,Micro P2RY12 APBB1IP,
TATCCTAAGGATACGC-1,3,Oligo MOG OPALIN,0.9996636892207145,Oligo MOG OPALIN,
TATCCTAAGGATTTAG-1,0,Oligo MOG OPALIN,0.9998076999448942,Oligo MOG OPALIN,
TATCCTACAACTGTGT-1,18,Oligo MOG GSN,0.9999448646157212,Oligo MOG GSN,
TATCCTACAAGTGGCA-1,4,Endo CLDN5 SLC7A5,0.9982429054608039,Endo CLDN5 SLC7A5,
TATCCTAGTTACACAC-1,14,Astro GFAP FABP7,0.998045798857932,Astro GFAP AQP1,
TATCGCCAGCATGGGT-1,4,Endo CLDN5 SLC7A5,0.9873602309384197,Endo CLDN5 SLC7A5,
TATCGCCAGCTGACAG-1,0,Oligo MOG OPALIN,0.9995650283172547,Oligo MOG OPALIN,
TATCGCCAGGTAGATT-1,0,Oligo MOG OPALIN,0.9999998671466815,Oligo MOG OPALIN,
TATCGCCAGTCATACC-1,4,Endo CLDN5 SLC7A5,0.9354836614524751,Endo CLDN5 SLC7A5,
TATCGCCGTAACCCTA-1,19,Endo CLDN5 IL1R1,0.9999238532285952,Endo CLDN5 SLC7A5,
TATCGCCGTGTTCCTC-1,0,Oligo MOG OPALIN,0.9999897550194148,Oligo MOG OPALIN,
TATCGCCTCGAATCCA-1,11,Endo CLDN5 SLC7A5,0.940581454032848,Endo CLDN5 SLC7A5,
TATCTGTGTACGGATG-1,0,Oligo MOG OPALIN,0.998736804712554,Oligo MOG OPALIN,
TATCTGTGTCGAATTC-1,1,Oligo MOG OPALIN,0.9982116135374591,Oligo MOG OPALIN,
TATCTGTTCGCCAGTG-1,6,Oligo MOG OPALIN,0.9536802777248922,Endo CLDN5 SLC7A5,
TATCTTGCAAAGCTAA-1,5,Astro AQP4 SLC1A2,0.9984811967066117,Astro AQP4 SLC1A2,
TATCTTGGTCACTAGT-1,12,Endo CLDN5 SLC7A5,0.9955701245334612,Endo CLDN5 SLC7A5,
TATCTTGGTTGTAAAG-1,9,OPC PDGFRA PCDH15,0.9999999999959375,OPC PDGFRA PCDH15,
TATCTTGTCTAGTCAG-1,7,Endo CLDN5 SLC7A5,0.9705978422829757,Endo CLDN5 SLC7A5,
TATGTTCAGCATCCCG-1,1,Oligo MOG OPALIN,0.9998635769428974,Oligo MOG OPALIN,
TATGTTCCAATTTCCT-1,5,Astro AQP4 SLC1A2,0.9955348925126211,Astro AQP4 SLC1A2,
TATGTTCCACTGTCGG-1,0,Oligo MOG OPALIN,0.9999898730383234,Oligo MOG OPALIN,
TATGTTCGTACCGGCT-1,17,L2-3 CUX2 ACVR1C THSD7A,0.9921642752624834,L2-3 CUX2 ACVR1C THSD7A,
TATGTTCGTTTGATCG-1,13,Oligo MOG OPALIN,0.9996272716090405,Oligo MOG OPALIN,
TATTCCAGTCGTACAT-1,8,Oligo MOG OPALIN,0.9999616441656258,Oligo MOG OPALIN,
TATTCCAGTTCAAAGA-1,16,Endo CLDN5 SLC7A5,0.5159035222018726,L3-5 RORB MKX GRIN3A,
TATTCCATCAGACATC-1,2,Oligo MOG FRY,0.9999599092670172,Oligo MOG OPALIN,
TATTCCATCTGAATCG-1,2,Oligo MOG OPALIN,0.9951828511163194,Oligo MOG OPALIN,
TATTGCTCAGTTTGGT-1,3,Oligo MOG OPALIN,0.7751240549824492,Oligo MOG OPALIN,
TATTGGGCACTATCGA-1,1,Oligo MOG OPALIN,0.9999889609224916,Oligo MOG OPALIN,
TATTGGGTCGTCACCT-1,6,Oligo MOG OPALIN,0.7078952118783107,Endo CLDN5 SLC7A5,
TATTTCGCACACTGGC-1,10,Micro P2RY12 GLDN,0.9750251760446825,Micro P2RY12 APBB1IP,
TATTTCGGTGAATGTA-1,2,Oligo MOG OPALIN,0.9998535153717215,Oligo MOG OPALIN,
TCAAGACCAAAGCACG-1,1,Oligo MOG OPALIN,0.9999874936899433,Oligo MOG OPALIN,
TCAAGACCAATGGCCC-1,13,Oligo MOG OPALIN,0.9674642698278101,Oligo MOG OPALIN,
TCAAGACCAGATACTC-1,5,Astro GFAP AQP1,0.9572810956087042,Astro AQP4 SLC1A2,
TCAAGACTCGCGATCG-1,1,Oligo MOG OPALIN,0.9999716064338322,Oligo MOG OPALIN,
TCAAGACTCGGCTTCT-1,9,OPC PDGFRA PCDH15,0.9999993558701924,OPC PDGFRA PCDH15,
TCAAGCAAGTATGCAA-1,11,Endo CLDN5 SLC7A5,0.7331910545798599,Endo CLDN5 SLC7A5,
TCAAGCACAATTCGTG-1,1,Oligo MOG OPALIN,0.9999972048624608,Oligo MOG OPALIN,
TCAAGCAGTGCATTTG-1,1,Oligo MOG OPALIN,0.9999846461943025,Oligo MOG OPALIN,
TCAAGCAGTTGCTCAA-1,11,Endo CLDN5 SLC7A5,0.9982613161674655,Endo CLDN5 SLC7A5,
TCAAGCATCCGTAGTA-1,3,Oligo MOG OPALIN,0.9999735387101535,Oligo MOG OPALIN,
TCAAGTGAGCTGCCAC-1,19,Endo CLDN5 SLC7A5,0.9999124791225308,Endo CLDN5 SLC7A5,
TCAAGTGAGTGATAAC-1,16,L3-5 RORB MKX GRIN3A,0.9902058662380531,L3-5 RORB MKX GRIN3A,
TCAAGTGCACGCTATA-1,0,Oligo MOG OPALIN,0.9999600891164147,Oligo MOG OPALIN,
TCAAGTGTCATTCGTT-1,0,Oligo MOG OPALIN,0.9998642406635776,Oligo MOG OPALIN,
TCAATCTAGCACCAGA-1,9,OPC PDGFRA PCDH15,0.9999999999867881,OPC PDGFRA PCDH15,
TCAATCTTCCCATTTA-1,10,Micro P2RY12 GLDN,0.9959818664106388,Micro P2RY12 APBB1IP,
TCAATTCCATGACTGT-1,1,Oligo MOG OPALIN,0.9968259634834246,Oligo MOG OPALIN,
TCAATTCGTTATCTGG-1,3,Oligo MOG OPALIN,0.9999307473743326,Oligo MOG OPALIN,
TCAATTCTCCATTGTT-1,2,Oligo MOG OPALIN,0.9999765739692331,Oligo MOG OPALIN,
TCACAAGAGTCTAGAA-1,18,Oligo MOG GSN,0.7451101719901702,Oligo MOG GSN,
TCACAAGGTGTGTCGC-1,0,Oligo MOG OPALIN,0.9999833963274841,Oligo MOG OPALIN,
TCACACCAGCCGCTTG-1,8,Oligo MOG OPALIN,0.9935604939941625,Oligo MOG OPALIN,
TCACATTCACCCAATA-1,25,PC P2RY14 GRM8,0.9999999701192988,PC P2RY14 GRM8,
TCACATTTCGAGAATA-1,2,Oligo MOG OPALIN,0.9999994691990004,Oligo MOG OPALIN,
TCACGCTAGCGAATGC-1,20,L6 FEZF2 SYT6 PTPRT,0.3437089660761339,L6 FEZF2 SYT6 PTPRT,
TCACGCTGTTCCTACC-1,2,Oligo MOG OPALIN,0.9998767502769572,Oligo MOG OPALIN,
TCACGGGCAGAGGACT-1,13,Oligo MOG OPALIN,0.8452278971006342,Oligo MOG OPALIN,
TCACTATCATCGGAGA-1,0,Oligo MOG OPALIN,0.9999180626726825,Oligo MOG OPALIN,
TCACTCGAGACCTTTG-1,19,Endo CLDN5 SLC7A5,0.9994907553905925,Endo CLDN5 SLC7A5,
TCACTCGCAATACCTG-1,9,OPC PDGFRA PCDH15,1.0,OPC PDGFRA PCDH15,
TCACTCGTCCTTCTGG-1,2,Oligo MOG OPALIN,0.9998481781997504,Oligo MOG OPALIN,
TCACTCGTCTCGTGAA-1,12,Endo CLDN5 SLC7A5,0.9639560888030732,Endo CLDN5 SLC7A5,
TCAGCAAGTTGCATTG-1,8,Oligo MOG OPALIN,0.9999963641120168,Oligo MOG OPALIN,
TCAGCAATCAAGCGTT-1,2,Oligo MOG OPALIN,0.9999993359141439,Oligo MOG OPALIN,
TCAGCAATCCCAAGCG-1,7,Endo CLDN5 SLC7A5,0.999243396822217,Endo CLDN5 SLC7A5,
TCAGCCTAGGGACCAT-1,6,L2-3 CUX2 NTNG1 PLCH1,0.40423074628492134,Endo CLDN5 SLC7A5,
TCAGCCTCACCTCAGG-1,10,Micro P2RY12 APBB1IP,0.8864189046368176,Micro P2RY12 APBB1IP,
TCAGCCTCAGCTACTA-1,4,Endo CLDN5 SLC7A5,0.48526478087198816,Endo CLDN5 SLC7A5,
TCAGGGCCAAGATGGC-1,8,Oligo MOG OPALIN,0.9999981347042134,Oligo MOG OPALIN,
TCAGGGCCATGTGGCC-1,5,Astro GFAP AQP1,0.9318742664282138,Astro AQP4 SLC1A2,
TCAGGGCGTTACGTAC-1,0,Oligo MOG OPALIN,0.9904378711082422,Oligo MOG OPALIN,
TCAGGTACATAACTCG-1,8,Oligo MOG OPALIN,0.9998264498754073,Oligo MOG OPALIN,
TCAGGTATCCATATGG-1,8,Oligo MOG OPALIN,0.9999950767746216,Oligo MOG OPALIN,
TCAGGTATCCCTTCCC-1,9,OPC PDGFRA PCDH15,0.9999999999103013,OPC PDGFRA PCDH15,
TCAGTCCAGCCTCAGC-1,12,Endo CLDN5 SLC7A5,0.4721130503966685,Endo CLDN5 SLC7A5,
TCAGTCCAGGTACCTT-1,0,Oligo MOG OPALIN,0.9999982672002486,Oligo MOG OPALIN,
TCAGTTTAGCCGTTGC-1,19,Endo CLDN5 SLC7A5,0.9995620736997411,Endo CLDN5 SLC7A5,
TCAGTTTGTATTTCGG-1,23,Oligo MOG OPALIN,0.852493596181018,Endo CLDN5 SLC7A5,
TCAGTTTTCAACTACG-1,21,InN PVALB PDE3A,0.9965331958054777,InN SST HTR2C,
TCAGTTTTCCGAGATT-1,3,Oligo MOG OPALIN,0.999964455498313,Oligo MOG OPALIN,
TCAGTTTTCGCAGAGA-1,1,Oligo MOG OPALIN,0.9999974104391528,Oligo MOG OPALIN,
TCATACTCACATCCCT-1,0,Oligo MOG OPALIN,0.9999717882125757,Oligo MOG OPALIN,
TCATACTCACCTGCGA-1,15,Endo CLDN5 SLC7A5,0.5692855284375691,Endo CLDN5 SLC7A5,
TCATATCCATTGCTGA-1,5,Astro GFAP AQP1,0.9194924853747337,Astro AQP4 SLC1A2,
TCATATCGTTATCCAG-1,2,Oligo MOG OPALIN,0.9944329729949438,Oligo MOG OPALIN,
TCATATCTCTGTGCTC-1,3,Oligo MOG OPALIN,0.9999909351706444,Oligo MOG OPALIN,
TCATCATAGCCGTAAG-1,8,Oligo MOG OPALIN,0.9998742113416063,Oligo MOG OPALIN,
TCATCATGTGGTCTCG-1,4,Endo CLDN5 SLC7A5,0.9294636596859656,Endo CLDN5 SLC7A5,
TCATCCGCAGGTCAGA-1,3,Oligo MOG OPALIN,0.99999780860757,Oligo MOG OPALIN,
TCATCCGCAGTGGCTC-1,0,Oligo MOG OPALIN,0.9999657558300846,Oligo MOG OPALIN,
TCATCCGCATCGTTCC-1,21,InN PVALB HPSE,0.9894112770997764,InN SST HTR2C,
TCATCCGTCAGCGGAA-1,4,Endo CLDN5 SLC7A5,0.9962011116774385,Endo CLDN5 SLC7A5,
TCATGAGCACAGCCAC-1,1,Oligo MOG OPALIN,0.9983415159689704,Oligo MOG OPALIN,
TCATGAGGTTTGACAC-1,1,Oligo MOG OPALIN,0.9791145773588881,Oligo MOG OPALIN,
TCATGAGTCTGCGTCT-1,0,Oligo MOG OPALIN,0.9999661697446325,Oligo MOG OPALIN,
TCATGCCTCGCCAATA-1,12,Endo CLDN5 SLC7A5,0.5382936782040874,Endo CLDN5 SLC7A5,
TCATGCCTCTGTGCAA-1,7,Endo CLDN5 SLC7A5,0.9615578137074509,Endo CLDN5 SLC7A5,
TCATGGAAGAAATGGG-1,18,Oligo MOG GSN,0.9998795634233796,Oligo MOG GSN,
TCATGGAGTGTTATCG-1,4,Endo CLDN5 SLC7A5,0.6620961926324661,Endo CLDN5 SLC7A5,
TCATGGATCATTCTTG-1,13,Oligo MOG OPALIN,0.47262307623160604,Oligo MOG OPALIN,
TCATGTTAGGGATCGT-1,11,Endo CLDN5 SLC7A5,0.7483884929760612,Endo CLDN5 SLC7A5,
TCATGTTCACCCTCTA-1,0,Oligo MOG OPALIN,0.9999239806368316,Oligo MOG OPALIN,
TCATGTTCAGAACATA-1,13,Oligo MOG OPALIN,0.9830135301830757,Oligo MOG OPALIN,
TCATGTTGTGCAAGAC-1,2,Oligo MOG OPALIN,0.9986596876680341,Oligo MOG OPALIN,
TCATGTTGTTACGATC-1,0,Oligo MOG OPALIN,0.9605455876134126,Oligo MOG OPALIN,
TCATGTTTCTCCGAGG-1,0,Oligo MOG OPALIN,0.999954836918113,Oligo MOG OPALIN,
TCATTACCATACTGTG-1,18,Oligo MOG GSN,0.9830409352123172,Oligo MOG GSN,
TCATTACGTATATGGA-1,0,Oligo MOG OPALIN,0.9999685337072463,Oligo MOG OPALIN,
TCATTACGTGGATGAC-1,3,Oligo MOG OPALIN,0.9999999798649821,Oligo MOG OPALIN,
TCATTCACACCGCTGA-1,13,Oligo MOG OPALIN,0.9930286429067798,Oligo MOG OPALIN,
TCATTCATCCTCATAT-1,15,Endo CLDN5 SLC7A5,0.6040394569725303,Endo CLDN5 SLC7A5,
TCATTGTCACGGTGTC-1,2,Oligo MOG OPALIN,0.9998348086129522,Oligo MOG OPALIN,
TCATTTGCAACTCCAA-1,15,Oligo MOG OPALIN,0.9934510565690884,Endo CLDN5 SLC7A5,
TCATTTGCACCTGTCT-1,8,Oligo MOG OPALIN,0.9999997377662434,Oligo MOG OPALIN,
TCATTTGTCTCCTGCA-1,0,Oligo MOG OPALIN,0.9999993961515363,Oligo MOG OPALIN,
TCCACCAAGCCTCAGC-1,15,SMC ACTA2 CNN1,0.9999903139627416,Endo CLDN5 SLC7A5,
TCCACCATCATGAGGG-1,10,Micro P2RY12 APBB1IP,0.738311729849264,Micro P2RY12 APBB1IP,
TCCACGTGTTATAGAG-1,2,Oligo MOG OPALIN,0.9999862841843405,Oligo MOG OPALIN,
TCCACGTTCTCCCAAC-1,5,Astro GFAP FABP7,0.9918849032846921,Astro AQP4 SLC1A2,
TCCAGAAAGGTTACCT-1,1,Oligo MOG OPALIN,0.8321604035149106,Oligo MOG OPALIN,
TCCAGAACAATGAAAC-1,0,Oligo MOG OPALIN,0.9998857528392948,Oligo MOG OPALIN,
TCCAGAACATAGTCGT-1,7,Endo CLDN5 SLC7A5,0.9667725099871858,Endo CLDN5 SLC7A5,
TCCAGAAGTCACTTAG-1,6,L2-4 CUX2 RORB CLMN,0.6655416613313221,Endo CLDN5 SLC7A5,
TCCAGAATCATAAGGA-1,16,L3-5 RORB GABRG1 KCNH7,0.7087475026144336,L3-5 RORB MKX GRIN3A,
TCCATGCAGAATTCAG-1,11,Endo CLDN5 SLC7A5,0.8109691843222085,Endo CLDN5 SLC7A5,
TCCATGCGTTTACCTT-1,7,Oligo MOG OPALIN,0.8368011581568767,Endo CLDN5 SLC7A5,
TCCCACAAGGTTCAGG-1,17,L2-3 CUX2 NTNG1 PALMD,0.6395522498628309,L2-3 CUX2 ACVR1C THSD7A,
TCCCACACAGAGATGC-1,15,Endo CLDN5 SLC7A5,0.4048644665277654,Endo CLDN5 SLC7A5,
TCCCACACAGGACAGT-1,15,Endo CLDN5 SLC7A5,0.9478560892718663,Endo CLDN5 SLC7A5,
TCCCACAGTAGCTTTG-1,5,Astro AQP4 SLC1A2,0.9888381207884341,Astro AQP4 SLC1A2,
TCCCACAGTTCCTACC-1,13,Oligo MOG OPALIN,0.9997303040030616,Oligo MOG OPALIN,
TCCCACATCTGGAAGG-1,9,OPC PDGFRA PCDH15,0.999999999993733,OPC PDGFRA PCDH15,
TCCCAGTAGCTCATAC-1,5,Astro AQP4 SLC1A2,0.6588618787531015,Astro AQP4 SLC1A2,
TCCCAGTAGTGCTCGC-1,5,Astro AQP4 SLC1A2,0.9253974159801043,Astro AQP4 SLC1A2,
TCCCAGTCAGCCTATA-1,21,InN PVALB PIEZO2,0.995286765323492,InN SST HTR2C,
TCCCAGTTCAAATGCC-1,7,Endo CLDN5 SLC7A5,0.9953315780121216,Endo CLDN5 SLC7A5,
TCCCATGGTGATACCT-1,2,Oligo MOG OPALIN,0.9998202493700226,Oligo MOG OPALIN,
TCCGAAAGTAGTGTGG-1,1,Oligo MOG OPALIN,0.9993478949605819,Oligo MOG OPALIN,
TCCGAAAGTTCATCGA-1,1,Oligo MOG OPALIN,0.9999982208557806,Oligo MOG OPALIN,
TCCGAAATCACAAGAA-1,18,Oligo MOG GSN,0.9989145237461405,Oligo MOG GSN,
TCCGGGAGTGGCTTGC-1,8,Oligo MOG OPALIN,0.9963991338557417,Oligo MOG OPALIN,
TCCGGGAGTGTTTCTT-1,5,Astro AQP4 SLC1A2,0.9889692785085569,Astro AQP4 SLC1A2,
TCCGGGATCTAGTTCT-1,2,Oligo MOG OPALIN,0.9999941754009054,Oligo MOG OPALIN,
TCCGTGTCAGCGTGAA-1,7,Oligo MOG OPALIN,0.9401693896613557,Endo CLDN5 SLC7A5,
TCCGTGTCATAGGTTC-1,8,Oligo MOG OPALIN,0.9996084101776825,Oligo MOG OPALIN,
TCCTAATCAAATCCCA-1,3,Oligo MOG OPALIN,0.9522973172224998,Oligo MOG OPALIN,
TCCTAATCACCGTCGA-1,5,Astro AQP4 SLC1A2,0.9105333267567886,Astro AQP4 SLC1A2,
TCCTAATTCAAATAGG-1,2,Oligo MOG OPALIN,0.9996609559956063,Oligo MOG OPALIN,
TCCTAATTCCACCTCA-1,6,Endo CLDN5 SLC7A5,0.8178437189563746,Endo CLDN5 SLC7A5,
TCCTCCCAGATTCGCT-1,3,Oligo MOG OPALIN,0.9999376311376675,Oligo MOG OPALIN,
TCCTCCCAGGGAGATA-1,7,Endo CLDN5 SLC7A5,0.9754825336294286,Endo CLDN5 SLC7A5,
TCCTCCCCAAAGGATT-1,0,Oligo MOG OPALIN,0.8219032563950118,Oligo MOG OPALIN,
TCCTCCCCAGCACCCA-1,2,Oligo MOG OPALIN,0.999969190749407,Oligo MOG OPALIN,
TCCTCCCGTGCCCACA-1,10,Micro P2RY12 APBB1IP,0.5901481595292538,Micro P2RY12 APBB1IP,
TCCTCTTAGGCACCAA-1,5,Astro AQP4 SLC1A2,0.9232023178099634,Astro AQP4 SLC1A2,
TCCTGCACACACCGAC-1,2,Oligo MOG OPALIN,0.9999935434843519,Oligo MOG OPALIN,
TCCTGCATCAACTTTC-1,12,Endo CLDN5 SLC7A5,0.994818426492531,Endo CLDN5 SLC7A5,
TCCTGCATCTCAAAGC-1,3,Oligo MOG OPALIN,0.9998217614046675,Oligo MOG OPALIN,
TCCTGCATCTTCTAAC-1,1,Oligo MOG OPALIN,0.9996255521776023,Oligo MOG OPALIN,
TCCTTCTAGAAGCGCT-1,1,Oligo MOG OPALIN,0.4726219352293158,Oligo MOG OPALIN,
TCCTTCTCACAATGCT-1,14,Astro GFAP AQP1,0.8370196983596088,Astro GFAP AQP1,
TCCTTCTGTGATTCAC-1,4,L2-3 CUX2 NTNG1 PALMD,0.7627538597602154,Endo CLDN5 SLC7A5,
TCCTTTCCAAGTGACG-1,27,T SKAP1 CD247,0.8694511093786501,T SKAP1 CD247,
TCGAACATCAATCTTC-1,5,Endo CLDN5 SLC7A5,0.5015528820937408,Astro AQP4 SLC1A2,
TCGACCTAGCTCGAAG-1,19,Endo CLDN5 SLC7A5,0.999115505245081,Endo CLDN5 SLC7A5,
TCGACCTAGTGGAATT-1,2,Oligo MOG OPALIN,0.8425305088917777,Oligo MOG OPALIN,
TCGACCTGTTAAGCAA-1,9,OPC PDGFRA PCDH15,0.9999997489564776,OPC PDGFRA PCDH15,
TCGACCTTCATTGCTT-1,7,Oligo MOG OPALIN,0.9045920942584976,Endo CLDN5 SLC7A5,
TCGACGGCACCCAATA-1,1,Oligo MOG OPALIN,0.9974359635450015,Oligo MOG OPALIN,
TCGACGGGTCACAGAG-1,3,Oligo MOG OPALIN,0.9999995038853874,Oligo MOG OPALIN,
TCGACGGGTTCGAACT-1,11,Endo CLDN5 SLC7A5,0.49720913686294727,Endo CLDN5 SLC7A5,
TCGACGGTCGCATTGA-1,23,Endo CLDN5 SLC7A5,0.8622425762495488,Endo CLDN5 SLC7A5,
TCGATTTAGATGCAGC-1,0,Oligo MOG OPALIN,0.9971355944803034,Oligo MOG OPALIN,
TCGATTTAGTGGAAAG-1,6,Endo CLDN5 SLC7A5,0.36489755038322624,Endo CLDN5 SLC7A5,
TCGATTTGTGAATTAG-1,8,Oligo MOG OPALIN,0.9999109802472986,Oligo MOG OPALIN,
TCGATTTGTGAGATAT-1,11,Endo CLDN5 SLC7A5,0.92514409297937,Endo CLDN5 SLC7A5,
TCGATTTGTGCAATAA-1,8,Oligo MOG OPALIN,0.9977950748415357,Oligo MOG OPALIN,
TCGCACTGTGAATTGA-1,15,Endo CLDN5 SLC7A5,0.9989251028967766,Endo CLDN5 SLC7A5,
TCGCACTTCTACAGGT-1,18,Oligo MOG GSN,0.9999999270937563,Oligo MOG GSN,
TCGCAGGAGCTGCGAA-1,3,Oligo MOG OPALIN,0.9999857173549187,Oligo MOG OPALIN,
TCGCAGGGTCGCGGTT-1,19,SMC ACTA2 CYP1B1,0.8019852243708548,Endo CLDN5 SLC7A5,
TCGCAGGTCGTCGCTT-1,3,Oligo MOG OPALIN,0.9996749128975579,Oligo MOG OPALIN,
TCGCAGGTCTCAGTCC-1,7,Endo CLDN5 SLC7A5,0.9730130590932693,Endo CLDN5 SLC7A5,
TCGCTCACACAATGTC-1,5,Astro GFAP FABP7,0.38890074874270814,Astro AQP4 SLC1A2,
TCGCTCAGTCACGTGC-1,1,Oligo MOG OPALIN,0.9863490648194294,Oligo MOG OPALIN,
TCGCTCAGTCGTTCAA-1,17,L2-3 CUX2 ACVR1C INHBA,0.9318945083670158,L2-3 CUX2 ACVR1C THSD7A,
TCGCTCATCGCCTTGT-1,13,Oligo MOG OPALIN,0.994765306489384,Oligo MOG OPALIN,
TCGCTTGCAGCTGCCA-1,25,PC P2RY14 GRM8,0.5549924773764211,PC P2RY14 GRM8,
TCGCTTGCATGGCCCA-1,22,InN VIP EGF,0.9773087047152841,InN VIP EXPH5,
TCGGATACAGTTTGGT-1,7,Endo CLDN5 SLC7A5,0.7637838639451849,Endo CLDN5 SLC7A5,
TCGGATAGTTGTCATG-1,4,Endo CLDN5 SLC7A5,0.9916233405392084,Endo CLDN5 SLC7A5,
TCGGGACCAATCGTCA-1,22,InN VIP SCML4,0.999588452998146,InN VIP EXPH5,
TCGGGACGTTATGGTC-1,0,Oligo MOG OPALIN,0.9999683668501841,Oligo MOG OPALIN,
TCGGGCATCGCTTTAT-1,3,Oligo MOG OPALIN,0.9999910671861275,Oligo MOG OPALIN,
TCGGGTGGTCATCAGT-1,3,Oligo MOG OPALIN,0.9999209964755811,Oligo MOG OPALIN,
TCGGGTGGTCGTCGGT-1,5,Astro AQP4 SLC1A2,0.9895210194416459,Astro AQP4 SLC1A2,
TCGGGTGGTTTGGAAA-1,1,Oligo MOG OPALIN,0.996440219650822,Oligo MOG OPALIN,
TCGGTCTCACCAAATC-1,15,Endo CLDN5 SLC7A5,0.9893840026744091,Endo CLDN5 SLC7A5,
TCGGTCTCAGGACTAG-1,7,Oligo MOG OPALIN,0.8479644229443023,Endo CLDN5 SLC7A5,
TCGGTCTTCACTTTGT-1,4,Endo CLDN5 SLC7A5,0.9906420928666549,Endo CLDN5 SLC7A5,
TCGGTCTTCAGCAATC-1,13,Endo CLDN5 SLC7A5,0.6073905204349189,Oligo MOG OPALIN,
TCGGTCTTCTCACGAA-1,13,Oligo MOG OPALIN,0.9953559459190721,Oligo MOG OPALIN,
TCGTAGATCAGCATTG-1,6,Endo CLDN5 SLC7A5,0.42534703355563497,Endo CLDN5 SLC7A5,
TCGTCCACAATCGCAT-1,2,Oligo MOG OPALIN,0.9998578544201542,Oligo MOG OPALIN,
TCGTCCAGTTAAGCAA-1,2,Oligo MOG OPALIN,0.9999356994216908,Oligo MOG OPALIN,
TCGTCCATCACATACG-1,2,Oligo MOG OPALIN,0.9999632150374845,Oligo MOG OPALIN,
TCGTGCTCAAAGGCGT-1,1,Oligo MOG OPALIN,0.9999965800510938,Oligo MOG OPALIN,
TCGTGGGAGTCGGGAT-1,9,OPC PDGFRA PCDH15,0.9999999875079287,OPC PDGFRA PCDH15,
TCGTGGGCAACGGCTC-1,1,Oligo MOG OPALIN,0.9999030735676967,Oligo MOG OPALIN,
TCGTGGGCATGGCTGC-1,1,Oligo MOG OPALIN,0.999736579761724,Oligo MOG OPALIN,
TCTACATCAGTTGGTT-1,12,Endo CLDN5 SLC7A5,0.8739872039556672,Endo CLDN5 SLC7A5,
TCTACCGAGGTCTTTG-1,0,Oligo MOG OPALIN,0.9996254242413417,Oligo MOG OPALIN,
TCTACCGCATTAAAGG-1,6,Oligo MOG OPALIN,0.51998902717016,Endo CLDN5 SLC7A5,
TCTACCGGTCGGCTAC-1,0,Oligo MOG OPALIN,0.9999928279573341,Oligo MOG OPALIN,
TCTATACGTGGTCCGT-1,5,Astro GFAP FABP7,0.8225878220839326,Astro AQP4 SLC1A2,
TCTATACGTTTGGAAA-1,4,Endo CLDN5 SLC7A5,0.9893702883796813,Endo CLDN5 SLC7A5,
TCTATACTCAGCGCAC-1,22,InN ADARB2 FAM19A1,0.9993287580098676,InN VIP EXPH5,
TCTATCAAGTCTTCCC-1,1,Oligo MOG OPALIN,0.999994071982237,Oligo MOG OPALIN,
TCTATCACAAGCGCTC-1,0,Oligo MOG OPALIN,0.9999380120193893,Oligo MOG OPALIN,
TCTATCACAGACACCC-1,5,Astro AQP4 SLC1A2,0.999890619325938,Astro AQP4 SLC1A2,
TCTATCAGTCTACAAC-1,4,Endo CLDN5 SLC7A5,0.6203788724091178,Endo CLDN5 SLC7A5,
TCTATCAGTGCCTACG-1,5,Astro AQP4 SLC1A2,0.31965424633657236,Astro AQP4 SLC1A2,
TCTCACGAGTCACACT-1,0,Oligo MOG OPALIN,0.9998938510953377,Oligo MOG OPALIN,
TCTCACGTCCGTAGTA-1,19,Endo CLDN5 SLC7A5,0.9162380479424101,Endo CLDN5 SLC7A5,
TCTCAGCTCCATTTGT-1,11,Endo CLDN5 SLC7A5,0.9030554388589145,Endo CLDN5 SLC7A5,
TCTCAGCTCTGGCCTT-1,3,Oligo MOG OPALIN,0.9999962724473936,Oligo MOG OPALIN,
TCTCCGATCTGGTGCG-1,15,Endo CLDN5 SLC7A5,0.9914423569911296,Endo CLDN5 SLC7A5,
TCTGCCAGTGGACCAA-1,8,Oligo MOG GSN,0.9804906026823265,Oligo MOG OPALIN,
TCTGCCAGTGTCTTGA-1,0,Oligo MOG OPALIN,0.9999842531070853,Oligo MOG OPALIN,
TCTGCCAGTGTTCGAT-1,18,Oligo MOG GSN,0.9997179685972621,Oligo MOG GSN,
TCTGGCTGTCCTGGTG-1,7,Endo CLDN5 SLC7A5,0.8955417634606455,Endo CLDN5 SLC7A5,
TCTGGCTTCGTAGGGA-1,0,Oligo MOG OPALIN,0.9999992391848402,Oligo MOG OPALIN,
TCTGTCGCAATGAACA-1,0,Oligo MOG OPALIN,0.9999903829364097,Oligo MOG OPALIN,
TCTGTCGGTTCGATTG-1,0,Oligo MOG OPALIN,0.9998313512865182,Oligo MOG OPALIN,
TCTTAGTCAAGGGCAT-1,26,Oligo MOG OPALIN,0.9998581542073574,Oligo MOG OPALIN,
TCTTCCTTCACCTCTG-1,7,Endo CLDN5 SLC7A5,0.5934416598191836,Endo CLDN5 SLC7A5,
TCTTCCTTCATACGGT-1,18,Oligo MOG GSN,0.8295865846249324,Oligo MOG GSN,
TCTTGCGTCGGTGAAG-1,26,Oligo MOG OPALIN,0.9892486982742895,Oligo MOG OPALIN,
TCTTGCGTCTCTCCGA-1,4,Endo CLDN5 SLC7A5,0.9663751008065942,Endo CLDN5 SLC7A5,
TCTTTGAAGGGCAATC-1,1,Oligo MOG OPALIN,0.9999896298721946,Oligo MOG OPALIN,
TCTTTGAAGTGTACCT-1,2,Oligo MOG OPALIN,0.99999812659741,Oligo MOG OPALIN,
TCTTTGACACGCAAAG-1,20,L6 FEZF2 DCBLD1 MITF,0.9813337420099285,L6 FEZF2 SYT6 PTPRT,
TCTTTGACATAATGCC-1,5,Astro AQP4 SLC1A2,0.46121415283351996,Astro AQP4 SLC1A2,
TCTTTGATCAAGCCGC-1,13,Oligo MOG OPALIN,0.999269066791169,Oligo MOG OPALIN,
TCTTTGATCCACAAGT-1,6,Endo CLDN5 SLC7A5,0.4906779672453526,Endo CLDN5 SLC7A5,
TGAACGTCACGAAGAC-1,12,Endo CLDN5 SLC7A5,0.9808008281847298,Endo CLDN5 SLC7A5,
TGAACGTGTGCACAAG-1,19,Endo CLDN5 SLC7A5,0.9942195196704773,Endo CLDN5 SLC7A5,
TGAACGTGTTTGGGAG-1,1,Oligo MOG OPALIN,0.9998416005302416,Oligo MOG OPALIN,
TGAACGTTCCTGTTAT-1,27,T SKAP1 CD247,0.8340624977999157,T SKAP1 CD247,
TGAATCGAGCGTGAAC-1,7,Endo CLDN5 SLC7A5,0.9947243567802863,Endo CLDN5 SLC7A5,
TGAATCGGTCTAGTGT-1,2,Oligo MOG OPALIN,0.9999450473126197,Oligo MOG OPALIN,
TGAATCGGTGTCATGT-1,3,Oligo MOG OPALIN,0.999994688902897,Oligo MOG OPALIN,
TGAATGCAGCGAATGC-1,4,Endo CLDN5 SLC7A5,0.9551222599623107,Endo CLDN5 SLC7A5,
TGAATGCAGCGGATCA-1,0,Oligo MOG OPALIN,0.9998797279628647,Oligo MOG OPALIN,
TGAATGCGTATAGGAT-1,12,Endo CLDN5 SLC7A5,0.7835235015635399,Endo CLDN5 SLC7A5,
TGAATGCTCTTCCACG-1,11,Endo CLDN5 SLC7A5,0.9182195696364347,Endo CLDN5 SLC7A5,
TGACAGTTCATGAAAG-1,3,Oligo MOG OPALIN,0.9999965903978819,Oligo MOG OPALIN,
TGACAGTTCTGGGCAC-1,27,T SKAP1 CD247,0.9959049297358092,T SKAP1 CD247,
TGACCCTAGCCAAGCA-1,3,Oligo MOG OPALIN,0.9999841564668422,Oligo MOG OPALIN,
TGACCCTAGCGAGGAG-1,0,Oligo MOG OPALIN,0.9999744692578292,Oligo MOG OPALIN,
TGACCCTCATGACTGT-1,15,Endo CLDN5 SLC7A5,0.6868239042452811,Endo CLDN5 SLC7A5,
TGACCCTGTATTGACC-1,1,Oligo MOG OPALIN,0.9957574742478318,Oligo MOG OPALIN,
TGACGCGAGAAGCCAC-1,6,Oligo MOG OPALIN,0.8091907903073422,Endo CLDN5 SLC7A5,
TGACTCCAGTCGAATA-1,7,Endo CLDN5 SLC7A5,0.8303280408497729,Endo CLDN5 SLC7A5,
TGACTCCAGTGGTGAC-1,10,Micro P2RY12 APBB1IP,0.9933533495674087,Micro P2RY12 APBB1IP,
TGACTCCCAGATTTCG-1,2,Oligo MOG OPALIN,0.9999662240829349,Oligo MOG OPALIN,
TGACTCCCATGTGCTA-1,10,Micro P2RY12 GLDN,0.48346568445724697,Micro P2RY12 APBB1IP,
TGACTCCGTCCACGCA-1,5,Astro AQP4 SLC1A2,0.7113711124850262,Astro AQP4 SLC1A2,
TGACTCCTCACCGGTG-1,0,Oligo MOG OPALIN,0.9999969639255197,Oligo MOG OPALIN,
TGAGACTAGGGTCAAC-1,3,Oligo MOG OPALIN,0.9999868009561983,Oligo MOG OPALIN,
TGAGCATGTAGACGGT-1,2,Oligo MOG FRY,0.9979317790285317,Oligo MOG OPALIN,
TGAGCGCCAAGTGGAC-1,2,Oligo MOG OPALIN,0.9999935674265523,Oligo MOG OPALIN,
TGAGCGCCACAAGTTC-1,1,Oligo MOG OPALIN,0.9999933300360019,Oligo MOG OPALIN,
TGAGCGCCAGCGATTT-1,0,Oligo MOG OPALIN,0.9999996547012131,Oligo MOG OPALIN,
TGAGGGACACTAACCA-1,5,Astro AQP4 SLC1A2,0.9806343339731621,Astro AQP4 SLC1A2,
TGAGGGAGTTATGTCG-1,15,Oligo MOG OPALIN,0.9953101823851296,Endo CLDN5 SLC7A5,
TGAGGTTCAGCAGTAG-1,3,Oligo MOG OPALIN,0.9989204961806711,Oligo MOG OPALIN,
TGAGGTTGTATTGCCA-1,14,Oligo MOG OPALIN,0.7318933975383543,Astro GFAP AQP1,
TGAGGTTTCAGCAGAG-1,26,Oligo MOG OPALIN,0.9826585450223444,Oligo MOG OPALIN,
TGAGGTTTCTCTATGT-1,0,Oligo MOG OPALIN,0.9997957281694076,Oligo MOG OPALIN,
TGAGTCACATTCCTAT-1,9,OPC PDGFRA PCDH15,0.9999999999999991,OPC PDGFRA PCDH15,
TGAGTCATCTGGAAGG-1,3,Oligo MOG OPALIN,0.9999606546554586,Oligo MOG OPALIN,
TGATCAGTCCATTCAT-1,2,Oligo MOG OPALIN,0.996554635196168,Oligo MOG OPALIN,
TGATCTTAGGCTATCT-1,1,Oligo MOG OPALIN,0.9997866171485136,Oligo MOG OPALIN,
TGATCTTGTAGCGATG-1,9,OPC PDGFRA PCDH15,0.9999999743457975,OPC PDGFRA PCDH15,
TGATCTTTCAGACCTA-1,10,Micro P2RY12 APBB1IP,0.9836455268694919,Micro P2RY12 APBB1IP,
TGATCTTTCATCGCCT-1,0,Oligo MOG OPALIN,0.9999761492306358,Oligo MOG OPALIN,
TGATCTTTCCACGTGG-1,3,Oligo MOG OPALIN,0.9921515518545838,Oligo MOG OPALIN,
TGATGCAAGTGTTCAC-1,2,Oligo MOG OPALIN,0.9999552255121174,Oligo MOG OPALIN,
TGATGCAGTAACACGG-1,6,L3-5 RORB GABRG1 PTPRO,0.3146959687504206,Endo CLDN5 SLC7A5,
TGATGCAGTGCCTTTC-1,4,Endo CLDN5 SLC7A5,0.9999341204367408,Endo CLDN5 SLC7A5,
TGATGCAGTTACACTG-1,8,Oligo MOG OPALIN,0.9998745873058583,Oligo MOG OPALIN,
TGATGCATCTCGCAGG-1,10,Micro P2RY12 GLDN,0.976573823836325,Micro P2RY12 APBB1IP,
TGATGGTAGTCATTGC-1,0,Oligo MOG OPALIN,0.9977327752098104,Oligo MOG OPALIN,
TGATGGTGTATGAGCG-1,0,Oligo MOG OPALIN,0.9999918259895333,Oligo MOG OPALIN,
TGATTCTCAACGTATC-1,20,L6 FEZF2 NPFFR2 KCNK2,0.5220747598144655,L6 FEZF2 SYT6 PTPRT,
TGATTCTTCAGAATAG-1,1,Oligo MOG OPALIN,0.9999994415607775,Oligo MOG OPALIN,
TGATTTCAGGAAAGGT-1,0,Oligo MOG OPALIN,0.9998863509109656,Oligo MOG OPALIN,
TGATTTCCAATTGAGA-1,0,Oligo MOG OPALIN,0.9999990427605677,Oligo MOG OPALIN,
TGCACGGAGCGAGTAC-1,1,Oligo MOG OPALIN,0.9751696037633395,Oligo MOG OPALIN,
TGCACGGCATGGACAG-1,24,Oligo MOG OPALIN,0.9856129543978193,Endo CLDN5 SLC7A5,
TGCACGGGTGATCGTT-1,14,Astro GFAP AQP1,0.9791281053705556,Astro GFAP AQP1,
TGCACGGTCGAAACAA-1,1,Oligo MOG OPALIN,0.9887036860659768,Oligo MOG OPALIN,
TGCAGATGTAATGCGG-1,1,Oligo MOG OPALIN,0.9998658765249238,Oligo MOG OPALIN,
TGCAGATGTCAACGCC-1,4,Endo CLDN5 SLC7A5,0.8902045895934998,Endo CLDN5 SLC7A5,
TGCAGATTCACGGGCT-1,11,Endo CLDN5 SLC7A5,0.9253939835777172,Endo CLDN5 SLC7A5,
TGCAGTAAGGGCATGT-1,15,OPC PDGFRA PCDH15,0.9746678293298938,Endo CLDN5 SLC7A5,
TGCAGTATCGCCATAA-1,7,Endo CLDN5 SLC7A5,0.912724471107939,Endo CLDN5 SLC7A5,
TGCATGAAGCGGGTAT-1,9,OPC PDGFRA PCDH15,0.9999999999999951,OPC PDGFRA PCDH15,
TGCATGAAGTCTAACC-1,14,Astro GFAP FABP7,0.9651734931045175,Astro GFAP AQP1,
TGCATGACATCCGGTG-1,1,Oligo MOG OPALIN,0.9996677437668784,Oligo MOG OPALIN,
TGCATGAGTAAGCAAT-1,0,Oligo MOG OPALIN,0.9994187483009718,Oligo MOG OPALIN,
TGCCGAGAGCGCCTTG-1,0,Oligo MOG OPALIN,0.9998755690238883,Oligo MOG OPALIN,
TGCCGAGCAAATACGA-1,11,Endo CLDN5 SLC7A5,0.9637607125459592,Endo CLDN5 SLC7A5,
TGCCGAGGTCCACATA-1,12,Endo CLDN5 SLC7A5,0.8070291362576023,Endo CLDN5 SLC7A5,
TGCCGAGGTCCGGCAT-1,4,Endo CLDN5 SLC7A5,0.9983684486584812,Endo CLDN5 SLC7A5,
TGCCGAGTCACAGTGT-1,7,Endo CLDN5 SLC7A5,0.9968682735745612,Endo CLDN5 SLC7A5,
TGCGACGAGTCTTCCC-1,5,Astro AQP4 SLC1A2,0.9989803887107181,Astro AQP4 SLC1A2,
TGCGACGCACTCCGGA-1,24,Endo CLDN5 SLC7A5,0.8632885715906982,Endo CLDN5 SLC7A5,
TGCGACGCAGAGATTA-1,0,Oligo MOG OPALIN,0.9999578997237908,Oligo MOG OPALIN,
TGCGACGGTGTAACGG-1,10,Oligo MOG OPALIN,0.9998435217720555,Micro P2RY12 APBB1IP,
TGCGATAAGACCAGCA-1,3,Oligo MOG OPALIN,0.9991301338404337,Oligo MOG OPALIN,
TGCGATAGTACTGTTG-1,11,Endo CLDN5 SLC7A5,0.847691972036457,Endo CLDN5 SLC7A5,
TGCGATAGTTCTTGCC-1,1,Oligo MOG OPALIN,0.9997105457908223,Oligo MOG OPALIN,
TGCGATATCCGCTGTT-1,2,Oligo MOG OPALIN,0.9218291889184346,Oligo MOG OPALIN,
TGCGGCAGTGCCGTTG-1,10,Macro F13A1 COLEC12,0.47041840043136074,Micro P2RY12 APBB1IP,
TGCGGGTGTGGGATTG-1,11,Endo CLDN5 SLC7A5,0.989069589862617,Endo CLDN5 SLC7A5,
TGCGGGTTCGTCTCAC-1,5,Astro AQP4 SLC1A2,0.8769639280376749,Astro AQP4 SLC1A2,
TGCTCCAAGCTTACGT-1,0,Oligo MOG OPALIN,0.9996456539184153,Oligo MOG OPALIN,
TGCTCCAAGTTAGTAG-1,10,Micro P2RY12 APBB1IP,0.8342291243323767,Micro P2RY12 APBB1IP,
TGCTCGTCAACTCGAT-1,24,Endo CLDN5 SLC7A5,0.43690288464289095,Endo CLDN5 SLC7A5,
TGCTGAAGTTACTCAG-1,5,Astro GFAP FABP7,0.6877484494533999,Astro AQP4 SLC1A2,
TGCTGAATCTCTTGCG-1,15,SMC ACTA2 CNN1,0.9999848664834015,Endo CLDN5 SLC7A5,
TGCTTCGAGGAACTAT-1,20,L6 FEZF2 SYT6 PTPRT,0.9218778334105949,L6 FEZF2 SYT6 PTPRT,
TGCTTCGGTCGGAAAC-1,10,Macro F13A1 COLEC12,0.7828251600075457,Micro P2RY12 APBB1IP,
TGCTTGCAGCAGCACA-1,2,Oligo MOG OPALIN,0.9999830672800106,Oligo MOG OPALIN,
TGCTTGCGTGTCTAAC-1,7,Endo CLDN5 SLC7A5,0.9996729905294968,Endo CLDN5 SLC7A5,
TGCTTGCTCTCAGAAC-1,16,L3-5 RORB MKX GRIN3A,0.8502335098356101,L3-5 RORB MKX GRIN3A,
TGCTTGCTCTCTCAAT-1,1,Oligo MOG OPALIN,0.9993671786098114,Oligo MOG OPALIN,
TGGAACTCAAATAAGC-1,5,Astro AQP4 SLC1A2,0.8260917816335644,Astro AQP4 SLC1A2,
TGGAACTGTCTCTCTG-1,1,Oligo MOG OPALIN,0.9981851940994647,Oligo MOG OPALIN,
TGGAGGAGTAACACCT-1,3,Oligo MOG OPALIN,0.9999688862838257,Oligo MOG OPALIN,
TGGAGGAGTAGGAGTC-1,23,Endo CLDN5 SLC7A5,0.8545477457575403,Endo CLDN5 SLC7A5,
TGGATCACACTGAATC-1,4,Endo CLDN5 SLC7A5,0.5665451315939671,Endo CLDN5 SLC7A5,
TGGATCATCCCATTTA-1,4,Endo CLDN5 SLC7A5,0.9972760390042718,Endo CLDN5 SLC7A5,
TGGATGTCAGTCTACA-1,5,Astro AQP4 SLC1A2,0.918271857768974,Astro AQP4 SLC1A2,
TGGCGTGAGAGCCTGA-1,2,Oligo MOG OPALIN,0.999998192922538,Oligo MOG OPALIN,
TGGCGTGCATCGGAGA-1,9,OPC PDGFRA PCDH15,0.9999999995268083,OPC PDGFRA PCDH15,
TGGCGTGGTCCGGCAT-1,13,Oligo MOG OPALIN,0.9999861301584312,Oligo MOG OPALIN,
TGGGAGAAGGTTATAG-1,0,Oligo MOG OPALIN,0.9993388449851904,Oligo MOG OPALIN,
TGGGAGACAGAGTTCT-1,1,Oligo MOG OPALIN,0.901117610511371,Oligo MOG OPALIN,
TGGGAGAGTCATGACT-1,6,L2-3 CUX2 NTNG1 PALMD,0.5469155209306404,Endo CLDN5 SLC7A5,
TGGGAGAGTGTGTGGA-1,4,Endo CLDN5 SLC7A5,0.5003291649575007,Endo CLDN5 SLC7A5,
TGGGAGATCCGTCCTA-1,2,Oligo MOG OPALIN,0.9995280973581353,Oligo MOG OPALIN,
TGGGATTAGAAGCTGC-1,2,Oligo MOG OPALIN,0.9998852368856792,Oligo MOG OPALIN,
TGGGATTAGAGTTGAT-1,21,InN SST PLPP4,0.9768453528596746,InN SST HTR2C,
TGGGCGTCAGAAGTTA-1,17,L2-3 CUX2 NTNG1 PALMD,0.8980524992134385,L2-3 CUX2 ACVR1C THSD7A,
TGGGCGTGTTTACACG-1,1,Oligo MOG OPALIN,0.9999999471903623,Oligo MOG OPALIN,
TGGGCTGTCCCAGTGG-1,2,Oligo MOG OPALIN,0.9989878574307284,Oligo MOG OPALIN,
TGGGTTAAGTCTAACC-1,1,Oligo MOG OPALIN,0.9999945963427402,Oligo MOG OPALIN,
TGGGTTACAGAAGTTA-1,18,Oligo MOG GSN,0.792843177111448,Oligo MOG GSN,
TGGTACACACCGTACG-1,3,Oligo MOG OPALIN,0.9902366920403542,Oligo MOG OPALIN,
TGGTACAGTACGGTTT-1,10,Micro P2RY12 APBB1IP,0.6071590789807682,Micro P2RY12 APBB1IP,
TGGTGATCACGGTGCT-1,13,Oligo MOG OPALIN,0.9998850779347553,Oligo MOG OPALIN,
TGGTGATTCCGTGTGG-1,12,L2-3 CUX2 ACVR1C INHBA,0.6917990843989168,Endo CLDN5 SLC7A5,
TGGTTAGCATGGCTAT-1,5,Astro AQP4 SLC1A2,0.9950796671761887,Astro AQP4 SLC1A2,
TGGTTAGGTACCCAGC-1,2,Oligo MOG OPALIN,0.9999995106873741,Oligo MOG OPALIN,
TGTAACGAGTGGACGT-1,23,Endo CLDN5 SLC7A5,0.5503385719465271,Endo CLDN5 SLC7A5,
TGTAACGGTCCATCTC-1,0,Oligo MOG OPALIN,0.9998312235488498,Oligo MOG OPALIN,
TGTAACGTCACCATGA-1,21,InN SST FREM1,0.7946788471596545,InN SST HTR2C,
TGTAACGTCGGACTTA-1,23,Endo CLDN5 SLC7A5,0.8566253367623698,Endo CLDN5 SLC7A5,
TGTAACGTCTGAGAAA-1,0,Oligo MOG OPALIN,0.9980490447996527,Oligo MOG OPALIN,
TGTAAGCCACCGCTGA-1,5,Astro AQP4 SLC1A2,0.6058154041779952,Astro AQP4 SLC1A2,
TGTACAGAGTAATACG-1,1,Oligo MOG OPALIN,0.9999866332629955,Oligo MOG OPALIN,
TGTACAGAGTCGAAAT-1,10,Micro P2RY12 APBB1IP,0.9822382459678591,Micro P2RY12 APBB1IP,
TGTACAGGTTGCCGAC-1,10,Micro P2RY12 GLDN,0.4042667433109304,Micro P2RY12 APBB1IP,
TGTACAGGTTTGGCTA-1,10,Micro P2RY12 APBB1IP,0.9296028499609905,Micro P2RY12 APBB1IP,
TGTCAGAAGAATTTGG-1,4,Oligo MOG OPALIN,0.9849970160804832,Endo CLDN5 SLC7A5,
TGTCAGAGTCAGGTGA-1,8,Oligo MOG OPALIN,0.9512433474903981,Oligo MOG OPALIN,
TGTCAGAGTCCCAAAT-1,0,Oligo MOG OPALIN,0.9997833162016793,Oligo MOG OPALIN,
TGTCCTGCAGTTTGGT-1,3,Oligo MOG OPALIN,0.999990083178882,Oligo MOG OPALIN,
TGTCCTGGTAGAAACT-1,20,L5-6 FEZF2 NXPH2 CDH8,0.8480458515421125,L6 FEZF2 SYT6 PTPRT,
TGTCCTGTCCAGTGTA-1,3,Oligo MOG OPALIN,0.9999904026706112,Oligo MOG OPALIN,
TGTGAGTAGAGCCGTA-1,1,Oligo MOG OPALIN,0.9999992945746254,Oligo MOG OPALIN,
TGTGAGTAGGCACGAT-1,5,Astro GFAP AQP1,0.698876956259705,Astro AQP4 SLC1A2,
TGTGAGTCATCAGCTA-1,6,Endo CLDN5 SLC7A5,0.35745761462416203,Endo CLDN5 SLC7A5,
TGTGAGTTCAAGAAAC-1,1,Oligo MOG OPALIN,0.9999669758576311,Oligo MOG OPALIN,
TGTGATGGTGCCTAAT-1,2,Oligo MOG OPALIN,0.9999998208346049,Oligo MOG OPALIN,
TGTGATGTCAGGGTAG-1,15,Endo CLDN5 SLC7A5,0.8773791102680829,Endo CLDN5 SLC7A5,
TGTGCGGAGCGACTGA-1,14,Astro GFAP AQP1,0.6257885793519408,Astro GFAP AQP1,
TGTGCGGAGTCCTGTA-1,8,Oligo MOG OPALIN,0.9998537269788466,Oligo MOG OPALIN,
TGTGCGGTCATGGGAG-1,18,Oligo MOG GSN,0.9818144291570412,Oligo MOG GSN,
TGTGGCGCACAGTATC-1,1,Oligo MOG OPALIN,0.9994363085100059,Oligo MOG OPALIN,
TGTGGCGCATCGGATT-1,3,Oligo MOG OPALIN,0.9998861670572833,Oligo MOG OPALIN,
TGTGGCGGTCTAACTG-1,8,Oligo MOG OPALIN,0.997545134271784,Oligo MOG OPALIN,
TGTGGCGGTTACGATC-1,6,Oligo MOG OPALIN,0.9745193082002805,Endo CLDN5 SLC7A5,
TGTGGCGTCACCTGGG-1,8,Oligo MOG OPALIN,0.999996311777689,Oligo MOG OPALIN,
TGTGTGAAGGCATCTT-1,5,Endo CLDN5 SLC7A5,0.5177145415907085,Astro AQP4 SLC1A2,
TGTGTGAAGTGCTCAT-1,15,SMC ACTA2 CNN1,0.9634341357397513,Endo CLDN5 SLC7A5,
TGTGTGAGTGGTCTGC-1,3,Oligo MOG OPALIN,0.9991226411044236,Oligo MOG OPALIN,
TGTTCATAGGTAATCA-1,1,Oligo MOG OPALIN,0.9996911870375934,Oligo MOG OPALIN,
TGTTCATCAAACAGGC-1,21,InN PVALB PIEZO2,0.8347489949476784,InN SST HTR2C,
TGTTCATCAAGAGTAT-1,0,Oligo MOG OPALIN,0.9991402986102444,Oligo MOG OPALIN,
TGTTCATTCCACGTAA-1,20,L6 FEZF2 SYT6 SULF1,0.7418611461474398,L6 FEZF2 SYT6 PTPRT,
TGTTCCGAGGCACGAT-1,8,Oligo MOG OPALIN,0.9999708716443957,Oligo MOG OPALIN,
TGTTCCGAGGTAAGTT-1,14,Astro GFAP AQP1,0.7725333841444513,Astro GFAP AQP1,
TGTTCCGGTGCCTTCT-1,4,Endo CLDN5 SLC7A5,0.6115899822934161,Endo CLDN5 SLC7A5,
TGTTCCGTCAAACGTC-1,1,Oligo MOG OPALIN,0.9999524174636498,Oligo MOG OPALIN,
TGTTCTAAGTATAACG-1,17,L2-3 CUX2 ACVR1C THSD7A,0.8043626080645246,L2-3 CUX2 ACVR1C THSD7A,
TGTTCTACAATGGCAG-1,0,Oligo MOG OPALIN,0.9999999131354251,Oligo MOG OPALIN,
TGTTGAGAGCGCTGCT-1,16,L3-5 RORB MKX GRIN3A,0.7262941744403183,L3-5 RORB MKX GRIN3A,
TGTTGAGAGGCTTAGG-1,4,Endo CLDN5 SLC7A5,0.5385266087390571,Endo CLDN5 SLC7A5,
TGTTGAGAGGCTTTCA-1,6,Endo CLDN5 SLC7A5,0.4191782551868504,Endo CLDN5 SLC7A5,
TGTTGAGGTCGCTGCA-1,6,Endo CLDN5 SLC7A5,0.5270931587940364,Endo CLDN5 SLC7A5,
TGTTGAGTCCGATGCG-1,2,Oligo MOG GSN,0.40454317509843984,Oligo MOG OPALIN,
TGTTGGAAGGTAGCCA-1,1,Oligo MOG OPALIN,0.9933350699195161,Oligo MOG OPALIN,
TGTTGGAGTGTTGACT-1,0,Oligo MOG FRY,0.9994175552137704,Oligo MOG OPALIN,
TGTTGGAGTTGGACCC-1,0,Oligo MOG OPALIN,0.9996381691658779,Oligo MOG OPALIN,
TGTTGGATCAACGTGT-1,0,Oligo MOG OPALIN,0.9999804461182921,Oligo MOG OPALIN,
TGTTGGATCAGATGCT-1,1,Oligo MOG OPALIN,0.9996510706811818,Oligo MOG OPALIN,
TGTTGGATCGAGTGAG-1,6,Oligo MOG OPALIN,0.9744894662515953,Endo CLDN5 SLC7A5,
TGTTTGTCATTCTCCG-1,0,Oligo MOG OPALIN,0.9987232903165535,Oligo MOG OPALIN,
TTAATCCAGCCACAAG-1,0,Oligo MOG OPALIN,0.9999949067347911,Oligo MOG OPALIN,
TTACAGGCATACTGTG-1,15,Endo CLDN5 SLC7A5,0.9426769854210799,Endo CLDN5 SLC7A5,
TTACAGGGTACTGGGA-1,1,Oligo MOG OPALIN,0.9993337143443322,Oligo MOG OPALIN,
TTACAGGGTCATGACT-1,3,Oligo MOG OPALIN,0.5508040696629526,Oligo MOG OPALIN,
TTACCATGTGCCTGCA-1,1,Oligo MOG OPALIN,0.997988342719408,Oligo MOG OPALIN,
TTACCATTCCGAAGGA-1,7,Endo CLDN5 SLC7A5,0.5748085628298861,Endo CLDN5 SLC7A5,
TTACCGCAGCATTGAA-1,3,Oligo MOG OPALIN,0.999653417869079,Oligo MOG OPALIN,
TTACCGCCAGCACACC-1,7,Endo CLDN5 SLC7A5,0.9926327742529295,Endo CLDN5 SLC7A5,
TTACCGCCAGTACTAC-1,4,Endo CLDN5 SLC7A5,0.7977036530764138,Endo CLDN5 SLC7A5,
TTACCGCTCTCCCAAC-1,2,Oligo MOG OPALIN,0.9975650547140482,Oligo MOG OPALIN,
TTACGCCCACTGGCCA-1,2,Oligo MOG OPALIN,0.9985256744976609,Oligo MOG OPALIN,
TTACGCCCATTGTCGA-1,5,Astro AQP4 SLC1A2,0.9550974193055987,Astro AQP4 SLC1A2,
TTACGCCGTGTTATCG-1,0,Oligo MOG OPALIN,0.9999890564945676,Oligo MOG OPALIN,
TTACGCCTCCAGTGCG-1,0,Oligo MOG OPALIN,0.9999955964597357,Oligo MOG OPALIN,
TTACGTTCACCATATG-1,0,Oligo MOG OPALIN,0.9999999424584165,Oligo MOG OPALIN,
TTACGTTCACTGGCCA-1,9,OPC PDGFRA PCDH15,0.9999999998907827,OPC PDGFRA PCDH15,
TTACGTTTCAAGTGGG-1,2,Oligo MOG OPALIN,0.999983159060317,Oligo MOG OPALIN,
TTACGTTTCAGCAATC-1,4,Endo CLDN5 SLC7A5,0.97742615240334,Endo CLDN5 SLC7A5,
TTACTGTCAGTAGGAC-1,9,OPC PDGFRA PCDH15,0.999999999998967,OPC PDGFRA PCDH15,
TTACTGTGTCGTCATA-1,14,Oligo MOG OPALIN,0.9862984885832259,Astro GFAP AQP1,
TTAGGCAAGACGTCGA-1,6,Endo CLDN5 SLC7A5,0.9730909085811853,Endo CLDN5 SLC7A5,
TTAGGCAAGTTGCCCG-1,2,Oligo MOG OPALIN,0.9999970502941722,Oligo MOG OPALIN,
TTAGGCACAAACTAAG-1,15,Endo CLDN5 SLC7A5,0.9976952463274865,Endo CLDN5 SLC7A5,
TTAGGCACATCATCTT-1,3,Oligo MOG OPALIN,0.9999965387658982,Oligo MOG OPALIN,
TTAGGCATCGCACGAC-1,0,Oligo MOG OPALIN,0.9999549720699058,Oligo MOG OPALIN,
TTAGGGTAGACATCAA-1,9,OPC PDGFRA PCDH15,0.9999999999999976,OPC PDGFRA PCDH15,
TTAGTCTAGAGGTTAT-1,6,Endo CLDN5 SLC7A5,0.9636571722329974,Endo CLDN5 SLC7A5,
TTAGTCTTCGTGGGAA-1,25,VLMC COL1A2 VLMCA8,0.9074771716376971,PC P2RY14 GRM8,
TTATTGCCAGCACAAG-1,12,Endo CLDN5 SLC7A5,0.9827874709005521,Endo CLDN5 SLC7A5,
TTCAATCGTCGCCTAG-1,16,L3-5 RORB PCBP3 IL1RAPL2,0.9673628611480268,L3-5 RORB MKX GRIN3A,
TTCAATCGTGCGAACA-1,2,Oligo MOG OPALIN,0.9999669301291223,Oligo MOG OPALIN,
TTCAATCGTTGTTGCA-1,1,Oligo MOG OPALIN,0.9991313776120444,Oligo MOG OPALIN,
TTCAATCTCAGACATC-1,6,Endo CLDN5 SLC7A5,0.96768246719117,Endo CLDN5 SLC7A5,
TTCACCGGTAACCCTA-1,1,Oligo MOG OPALIN,0.9997823798993462,Oligo MOG OPALIN,
TTCACCGGTACGTACT-1,0,Oligo MOG OPALIN,0.9999939505078691,Oligo MOG OPALIN,
TTCACCGGTGCAGTGA-1,1,Oligo MOG OPALIN,0.9976769936037324,Oligo MOG OPALIN,
TTCACCGTCAGTGTGT-1,8,Oligo MOG OPALIN,0.9999870426624939,Oligo MOG OPALIN,
TTCACGCAGCGCTGAA-1,11,Endo CLDN5 SLC7A5,0.8628240299522557,Endo CLDN5 SLC7A5,
TTCAGGAAGTTGAATG-1,4,Endo CLDN5 SLC7A5,0.673896927902181,Endo CLDN5 SLC7A5,
TTCAGGACAACGGCTC-1,5,Astro AQP4 SLC1A2,0.8873912233313196,Astro AQP4 SLC1A2,
TTCAGGAGTATGAAAC-1,5,Astro AQP4 SLC1A2,0.9660863373888124,Astro AQP4 SLC1A2,
TTCATGTCAGAAATTG-1,1,Oligo MOG OPALIN,0.9999967427270119,Oligo MOG OPALIN,
TTCATTGGTACTCCGG-1,18,Oligo MOG OPALIN,0.9856456746354848,Oligo MOG GSN,
TTCCAATGTAGCTGAG-1,26,Oligo MOG OPALIN,0.9993191591268352,Oligo MOG OPALIN,
TTCCACGCATAGGTAA-1,9,OPC PDGFRA PCDH15,0.9999999999999267,OPC PDGFRA PCDH15,
TTCCACGGTACCTAGT-1,0,Oligo MOG OPALIN,0.9872239060730597,Oligo MOG OPALIN,
TTCCACGTCTCGCAGG-1,0,Oligo MOG OPALIN,0.999996892964636,Oligo MOG OPALIN,
TTCCGGTAGGTATTGA-1,14,Astro GFAP FABP7,0.9977458639390018,Astro GFAP AQP1,
TTCCGGTCACCACTGG-1,16,L3-5 RORB GABRG1 PTPRO,0.32747056868624574,L3-5 RORB MKX GRIN3A,
TTCCGTGAGTCTTGGT-1,20,L6 FEZF2 SYT6 CDH9,0.9199052750119635,L6 FEZF2 SYT6 PTPRT,
TTCCTCTGTCCGGACT-1,13,Oligo MOG OPALIN,0.9999955961156048,Oligo MOG OPALIN,
TTCCTCTTCTGATTCT-1,3,Oligo MOG OPALIN,0.9999974263070687,Oligo MOG OPALIN,
TTCCTTCAGGTTACAA-1,0,Oligo MOG OPALIN,0.9999581704499648,Oligo MOG OPALIN,
TTCCTTCGTACGTACT-1,1,Oligo MOG OPALIN,0.36150819335035017,Oligo MOG OPALIN,
TTCCTTCTCAGGAAGC-1,17,L6 OPRK1 THEMIS RGS6,0.99463316090115,L2-3 CUX2 ACVR1C THSD7A,
TTCCTTCTCCACGTAA-1,7,Endo CLDN5 SLC7A5,0.7017150660302467,Endo CLDN5 SLC7A5,
TTCGATTCACAAAGCG-1,1,Oligo MOG OPALIN,0.9995855590472376,Oligo MOG OPALIN,
TTCGATTGTCAGGCAA-1,9,OPC PDGFRA PCDH15,0.9999999999926179,OPC PDGFRA PCDH15,
TTCGCTGAGATCACCT-1,1,Oligo MOG GSN,0.9187216582597647,Oligo MOG OPALIN,
TTCGCTGAGGTGAGCT-1,9,OPC PDGFRA PCDH15,0.9999997872803037,OPC PDGFRA PCDH15,
TTCGCTGCACATCCCT-1,3,Oligo MOG OPALIN,0.9985671862212285,Oligo MOG OPALIN,
TTCGCTGCAGGTTTAC-1,0,Oligo MOG OPALIN,0.9999982228159796,Oligo MOG OPALIN,
TTCTAACCATAGACTC-1,3,Oligo MOG OPALIN,0.999990171710207,Oligo MOG OPALIN,
TTCTAACGTGGCCTCA-1,13,Oligo MOG OPALIN,0.9776785199692726,Oligo MOG OPALIN,
TTCTAGTCACCTGAAT-1,12,Endo CLDN5 SLC7A5,0.705638135460483,Endo CLDN5 SLC7A5,
TTCTAGTCAGAGGACT-1,0,Oligo MOG OPALIN,0.9999395933655907,Oligo MOG OPALIN,
TTCTAGTCAGGTTCCG-1,3,Oligo MOG OPALIN,0.9999656084136166,Oligo MOG OPALIN,
TTCTAGTTCCATCAGA-1,6,L2-3 CUX2 NTNG1 PALMD,0.6681526120430655,Endo CLDN5 SLC7A5,
TTCTCTCTCACGAGGA-1,0,Oligo MOG OPALIN,0.9999994972230414,Oligo MOG OPALIN,
TTCTCTCTCTCTGCTG-1,8,Oligo MOG OPALIN,0.999924899102976,Oligo MOG OPALIN,
TTCTGTACAAGACGAC-1,1,Oligo MOG OPALIN,0.9999578874510288,Oligo MOG OPALIN,
TTCTGTACATTGTGCA-1,6,Endo CLDN5 SLC7A5,0.33622496634232046,Endo CLDN5 SLC7A5,
TTCTGTAGTATCAGGG-1,9,OPC PDGFRA PCDH15,0.9999999999989742,OPC PDGFRA PCDH15,
TTCTGTATCCCTTGTG-1,12,Endo CLDN5 SLC7A5,0.8819741395982884,Endo CLDN5 SLC7A5,
TTCTTCCAGCCGATTT-1,1,Oligo MOG OPALIN,0.9999891945178876,Oligo MOG OPALIN,
TTCTTCCAGTGCCCGT-1,0,Oligo MOG OPALIN,0.9998747204884769,Oligo MOG OPALIN,
TTCTTCCTCGTCCTTG-1,0,Oligo MOG OPALIN,0.9998349871309722,Oligo MOG OPALIN,
TTCTTGAAGGTGAGCT-1,5,Astro AQP4 SLC1A2,0.977861492659714,Astro AQP4 SLC1A2,
TTCTTGACACGTACTA-1,13,Oligo MOG OPALIN,0.5893032393343153,Oligo MOG OPALIN,
TTGAACGAGATCGACG-1,0,Oligo MOG OPALIN,0.9961495553274189,Oligo MOG OPALIN,
TTGAACGAGATGAAGG-1,16,L3-5 RORB MKX DCC,0.9590030912888,L3-5 RORB MKX GRIN3A,
TTGAACGTCCGCTGTT-1,8,Oligo MOG OPALIN,0.9998546310051922,Oligo MOG OPALIN,
TTGAACGTCGTCGATA-1,11,Endo CLDN5 SLC7A5,0.9804782625517844,Endo CLDN5 SLC7A5,
TTGACCCAGTCACGCC-1,3,Oligo MOG OPALIN,0.9997692470231071,Oligo MOG OPALIN,
TTGACCCCAACCGTGC-1,9,OPC PDGFRA PCDH15,0.9999999797061576,OPC PDGFRA PCDH15,
TTGACCCCAACGACAG-1,8,Oligo MOG OPALIN,0.9995190007065353,Oligo MOG OPALIN,
TTGACCCGTATCCTCC-1,4,L2-3 CUX2 NTNG1 PALMD,0.32988611390763306,Endo CLDN5 SLC7A5,
TTGAGTGGTACTCCCT-1,2,Oligo MOG OPALIN,0.999998684936582,Oligo MOG OPALIN,
TTGATGGTCTAAGCCA-1,3,Oligo MOG OPALIN,0.9475688469058845,Oligo MOG OPALIN,
TTGCATTCAGTATACC-1,5,Astro AQP4 SLC1A2,0.8020775468694344,Astro AQP4 SLC1A2,
TTGCATTGTGGTATGG-1,10,Micro P2RY12 APBB1IP,0.9264403547912021,Micro P2RY12 APBB1IP,
TTGCATTTCCCAATAG-1,10,Macro F13A1 COLEC12,0.41957213843387525,Micro P2RY12 APBB1IP,
TTGCCTGAGGCACGAT-1,11,Endo CLDN5 SLC7A5,0.9748321384912059,Endo CLDN5 SLC7A5,
TTGCCTGCAAAGGCTG-1,3,Oligo MOG OPALIN,0.9030449557392527,Oligo MOG OPALIN,
TTGCCTGCACATCATG-1,1,Oligo MOG OPALIN,0.9998247799681579,Oligo MOG OPALIN,
TTGCCTGCATTGTCGA-1,7,Oligo MOG OPALIN,0.7123550753162932,Endo CLDN5 SLC7A5,
TTGCCTGGTATCCCAA-1,17,L6 OPRK1 THEMIS RGS6,0.9979459593618054,L2-3 CUX2 ACVR1C THSD7A,
TTGCCTGTCAAGCCAT-1,1,Oligo MOG OPALIN,0.9999708999092893,Oligo MOG OPALIN,
TTGCGTCGTCAATCTG-1,24,Endo CLDN5 SLC7A5,0.9880973128553758,Endo CLDN5 SLC7A5,
TTGCGTCGTTTACGAC-1,16,L3-5 RORB MKX GRIN3A,0.9583202549440268,L3-5 RORB MKX GRIN3A,
TTGCTGCAGAATGTTG-1,3,Oligo MOG OPALIN,0.9999995270654088,Oligo MOG OPALIN,
TTGCTGCAGGCCGCTT-1,2,Oligo MOG OPALIN,0.9998624881827993,Oligo MOG OPALIN,
TTGCTGCCAACCGTAT-1,10,Micro P2RY12 APBB1IP,0.9945046280089463,Micro P2RY12 APBB1IP,
TTGCTGCCAGGACTTT-1,0,Oligo MOG OPALIN,0.9999985952948479,Oligo MOG OPALIN,
TTGCTGCGTGGATCGA-1,14,Astro GFAP AQP1,0.6996556946752008,Astro GFAP AQP1,
TTGCTGCGTGGTACAG-1,0,Oligo MOG OPALIN,0.9999999680388075,Oligo MOG OPALIN,
TTGGATGTCGTGGCTG-1,20,L6 FEZF2 AMOTL1 CDH6,0.8690824182438022,L6 FEZF2 SYT6 PTPRT,
TTGGGATAGCAACAGC-1,7,Endo CLDN5 SLC7A5,0.9999079549758197,Endo CLDN5 SLC7A5,
TTGGGATAGCGCTTCG-1,0,Oligo MOG OPALIN,0.9999997097691776,Oligo MOG OPALIN,
TTGGGATAGGCTTAAA-1,11,Endo CLDN5 SLC7A5,0.9852650966045402,Endo CLDN5 SLC7A5,
TTGGGATCATTCGGGC-1,4,Endo CLDN5 SLC7A5,0.9916586003177714,Endo CLDN5 SLC7A5,
TTGGGCGCACTTTAGG-1,20,L2-3 CUX2 NTNG1 PALMD,0.6417142315515317,L6 FEZF2 SYT6 PTPRT,
TTGGGCGGTGTCCGGT-1,19,PC P2RY14 GRM8,0.9942239469715015,Endo CLDN5 SLC7A5,
TTGGGCGTCCAGCACG-1,17,L2-3 CUX2 NTNG1 PALMD,0.8858624272449126,L2-3 CUX2 ACVR1C THSD7A,
TTGGGCGTCGACCCAG-1,24,Oligo MOG OPALIN,0.9927370202012274,Endo CLDN5 SLC7A5,
TTGGGTAAGGATTCCT-1,8,Oligo MOG OPALIN,0.9999831608598988,Oligo MOG OPALIN,
TTGGGTACAATGTCTG-1,9,OPC PDGFRA PCDH15,0.9999993309908756,OPC PDGFRA PCDH15,
TTGGGTATCAAAGGAT-1,8,Oligo MOG OPALIN,0.9999967973693638,Oligo MOG OPALIN,
TTGGGTATCAGCGCAC-1,8,Oligo MOG OPALIN,0.9995604662800736,Oligo MOG OPALIN,
TTGGTTTCACTCATAG-1,8,Oligo MOG GSN,0.9745938006625806,Oligo MOG OPALIN,
TTGTGGAAGCTAGCCC-1,7,Endo CLDN5 SLC7A5,0.8919627999775372,Endo CLDN5 SLC7A5,
TTGTGGAAGCTCAGAG-1,4,Endo CLDN5 SLC7A5,0.790834874544705,Endo CLDN5 SLC7A5,
TTGTGGAAGCTCTTCC-1,1,Oligo MOG OPALIN,0.9440857372774478,Oligo MOG OPALIN,
TTGTGGAGTAGGCAAC-1,12,Endo CLDN5 SLC7A5,0.7738881015319686,Endo CLDN5 SLC7A5,
TTGTGTTAGTGAACAT-1,8,Oligo MOG OPALIN,0.9996493960588121,Oligo MOG OPALIN,
TTGTGTTGTCACTAGT-1,22,InN LAMP5 LHX6 TAC1,0.8625539135974807,InN VIP EXPH5,
TTGTGTTTCACTGAAC-1,17,L6 OPRK1 THEMIS RGS6,0.9985435667195456,L2-3 CUX2 ACVR1C THSD7A,
TTGTTCAAGATCACCT-1,8,Oligo MOG OPALIN,0.999901760876169,Oligo MOG OPALIN,
TTGTTCACATAGAAAC-1,3,Oligo MOG OPALIN,0.9997095925204036,Oligo MOG OPALIN,
TTGTTCAGTTCCAAAC-1,2,Oligo MOG OPALIN,0.9999952686550418,Oligo MOG OPALIN,
TTGTTGTAGACGCTCC-1,3,Oligo MOG OPALIN,0.999925290503222,Oligo MOG OPALIN,
TTGTTGTAGGATGCGT-1,13,Oligo MOG OPALIN,0.9477133539164994,Oligo MOG OPALIN,
TTGTTGTTCTCTCTTC-1,9,OPC PDGFRA PCDH15,0.9999999999999913,OPC PDGFRA PCDH15,
TTGTTTGAGCTCACTA-1,5,Astro AQP4 SLC1A2,0.9805215890502361,Astro AQP4 SLC1A2,
TTTACCAGTATTTCTC-1,13,Oligo MOG OPALIN,0.9976770044233368,Oligo MOG OPALIN,
TTTACCATCACACGAT-1,2,Oligo MOG OPALIN,0.9999722483525633,Oligo MOG OPALIN,
TTTACGTGTCCAGGTC-1,0,Oligo MOG OPALIN,0.9999998994536387,Oligo MOG OPALIN,
TTTACGTTCCATACAG-1,7,Oligo MOG OPALIN,0.9704285938204926,Endo CLDN5 SLC7A5,
TTTACTGCACTCAAGT-1,17,L6 OPRK1 THEMIS RGS6,0.9963581311299862,L2-3 CUX2 ACVR1C THSD7A,
TTTACTGCAGGCAATG-1,2,Oligo MOG OPALIN,0.999983799708399,Oligo MOG OPALIN,
TTTACTGTCATCGACA-1,2,Oligo MOG OPALIN,0.9999963009965823,Oligo MOG OPALIN,
TTTACTGTCGGTAAGG-1,10,Micro P2RY12 APBB1IP,0.798173476202158,Micro P2RY12 APBB1IP,
TTTAGTCAGCATCCCG-1,11,Endo CLDN5 SLC7A5,0.9115970494350246,Endo CLDN5 SLC7A5,
TTTAGTCCATACCGTA-1,14,Astro GFAP AQP1,0.9992396203087182,Astro GFAP AQP1,
TTTAGTCGTACATTGC-1,3,Oligo MOG OPALIN,0.9957366255332696,Oligo MOG OPALIN,
TTTATGCAGACTTCAC-1,3,Oligo MOG OPALIN,0.9999942657790097,Oligo MOG OPALIN,
TTTATGCAGTCAGCCC-1,10,Micro P2RY12 GLDN,0.9999429830713314,Micro P2RY12 APBB1IP,
TTTATGCCACTGCACG-1,23,Endo CLDN5 SLC7A5,0.989112143838855,Endo CLDN5 SLC7A5,
TTTCACATCCGACATA-1,7,Endo CLDN5 SLC7A5,0.9943743460090739,Endo CLDN5 SLC7A5,
TTTCAGTAGGGTTAGC-1,4,Endo CLDN5 SLC7A5,0.6255319040489105,Endo CLDN5 SLC7A5,
TTTCAGTCAGACATCT-1,5,Astro AQP4 SLC1A2,0.9998051294946504,Astro AQP4 SLC1A2,
TTTCATGAGCGGTAAC-1,4,Endo CLDN5 SLC7A5,0.8913173773609199,Endo CLDN5 SLC7A5,
TTTCATGGTCCATAGT-1,5,Astro GFAP AQP1,0.6319863487249052,Astro AQP4 SLC1A2,
TTTCCTCAGCTTTCCC-1,11,Endo CLDN5 SLC7A5,0.8304681307848737,Endo CLDN5 SLC7A5,
TTTCCTCAGTCTGGTT-1,6,Endo CLDN5 SLC7A5,0.31062824905360753,Endo CLDN5 SLC7A5,
TTTCCTCCACTTACAG-1,1,Oligo MOG OPALIN,0.9998344391655665,Oligo MOG OPALIN,
TTTCCTCCATCTTCGC-1,0,Oligo MOG OPALIN,0.9997944421324653,Oligo MOG OPALIN,
TTTCGATCAATTCTCT-1,0,Oligo MOG OPALIN,0.9999973383780397,Oligo MOG OPALIN,
TTTCGATCACCTGCTT-1,13,Oligo MOG OPALIN,0.9999938219764607,Oligo MOG OPALIN,
TTTCGATGTGGAAGTC-1,25,VLMC COL1A2 VLMCA8,0.9923988578308456,PC P2RY14 GRM8,
TTTGACTAGTCTGCGC-1,6,Oligo MOG OPALIN,0.8662245758244598,Endo CLDN5 SLC7A5,
TTTGACTGTTACCCAA-1,13,Oligo MOG OPALIN,0.9997546500256955,Oligo MOG OPALIN,
TTTGATCAGTTAGTAG-1,17,L2-3 CUX2 ACVR1C THSD7A,0.9871138887515347,L2-3 CUX2 ACVR1C THSD7A,
TTTGATCCAAACGAGC-1,2,Oligo MOG OPALIN,0.9999274547538681,Oligo MOG OPALIN,
TTTGATCCAAATGCTC-1,2,Oligo MOG OPALIN,0.99996356062231,Oligo MOG OPALIN,
TTTGATCGTAGATTAG-1,23,Endo CLDN5 SLC7A5,0.9995306911971268,Endo CLDN5 SLC7A5,
TTTGATCTCGGTAAGG-1,11,Endo CLDN5 SLC7A5,0.9705051161989444,Endo CLDN5 SLC7A5,
TTTGGAGAGCGGCTCT-1,1,Oligo MOG OPALIN,0.9999596555971538,Oligo MOG OPALIN,
TTTGGAGCAAAGGAGA-1,7,Endo CLDN5 SLC7A5,0.9991726171140337,Endo CLDN5 SLC7A5,
TTTGGAGTCTTCCAGC-1,1,Oligo MOG OPALIN,0.9980278049930342,Oligo MOG OPALIN,
TTTGGTTAGAGCTTTC-1,17,L2-3 CUX2 NTNG1 COL5A2,0.31159950584105095,L2-3 CUX2 ACVR1C THSD7A,
TTTGGTTAGCATAGGC-1,4,Endo CLDN5 SLC7A5,0.9683971007231087,Endo CLDN5 SLC7A5,
TTTGTTGAGGCCTAGA-1,3,Oligo MOG OPALIN,0.9999718321606386,Oligo MOG OPALIN,
TTTGTTGCACTGAGTT-1,1,Oligo MOG OPALIN,0.9999348767000722,Oligo MOG OPALIN,
TTTGTTGGTTACCCAA-1,8,Oligo MOG OPALIN,0.9608685970304601,Oligo MOG OPALIN,
TTTGTTGGTTCACGAT-1,8,Oligo MOG OPALIN,0.9999626123317873,Oligo MOG OPALIN,
