,ctpt_individual_prediction,ctpt_confidence
AAACCCACAGGGAGAG-1,Oligo MOG OPALIN,0.963049094438239
AAACGAAAGACCGTTT-1,Oligo MOG OPALIN,0.9076346456563561
AAACGCTCACCATAAC-1,Oligo MOG OPALIN,0.9767698062892753
AAACGCTGTATCCCAA-1,Oligo MOG OPALIN,0.6842018626906632
AAACGCTTCTCCTGCA-1,L6 OPRK1 THEMIS RGS6,0.35879578440173304
AAAGGATAGATCCGAG-1,Oligo MOG OPALIN,0.7151969367578177
AAAGGATAGTGTTCAC-1,Oligo MOG OPALIN,0.9944898625063222
AAAGGGCTCCGATCGG-1,Endo CLDN5 SLC7A5,0.7492084259056744
AAAGGGCTCTTACACT-1,Endo CLDN5 SLC7A5,0.3444780141573494
AAAGGTACAGTTGTTG-1,Endo CLDN5 SLC7A5,0.36636744429271473
AAAGTCCAGGCAATGC-1,Endo CLDN5 SLC7A5,0.8251729807884645
AAAGTGATCATCGGGC-1,Endo CLDN5 SLC7A5,0.3537513727346106
AAAGTGATCCATATGG-1,Endo CLDN5 SLC7A5,0.7640663041160739
AAATGGAAGCTCGACC-1,L6 FEZF2 NPFFR2 TPD52L1,0.3419167206400484
AAATGGAGTGAGTCAG-1,Oligo MOG OPALIN,0.9517417705152105
AACAAAGCAAGAGTGC-1,Oligo MOG OPALIN,0.4238335826790126
AACAACCGTACTGTTG-1,Endo CLDN5 SLC7A5,0.7014385624238914
AACAACCGTGGTAACG-1,Oligo MOG OPALIN,0.999990612533593
AACAAGAGTGATATAG-1,Endo CLDN5 SLC7A5,0.6358589100306895
AACAAGATCCATCAGA-1,Oligo MOG OPALIN,0.9335487891979529
AACAAGATCGTGGGAA-1,Endo CLDN5 SLC7A5,0.6967163610646189
AACAAGATCTTAGCAG-1,Oligo MOG OPALIN,0.8056310516197172
AACACACTCATGGAGG-1,Oligo MOG OPALIN,0.4410859808113748
AACAGGGGTGACGTCC-1,Astro AQP4 SLC1A2,0.9744397299307956
AACCAACGTAAGGAGA-1,SMC ACTA2 CNN1,0.979533819198256
AACCAACGTATCGTAC-1,Endo CLDN5 SLC7A5,0.7475642422304659
AACCAACGTTCGGTAT-1,Endo CLDN5 SLC7A5,0.8885482242812812
AACCACAAGTTACTCG-1,Oligo MOG OPALIN,0.5609069747412263
AACCCAAAGAGATCGC-1,Oligo MOG OPALIN,0.8541455349852556
AACCCAAAGTCCGCGT-1,Oligo MOG OPALIN,0.8177163992689606
AACCTGACAATAGGGC-1,L2-3 CUX2 NTNG1 PALMD,0.6527143909236354
AACCTGACACAACGAG-1,Endo CLDN5 SLC7A5,0.5230777933751716
AACCTGATCGTGAGAG-1,PC P2RY14 GRM8,0.9999991257150985
AACGAAAGTACCAGAG-1,Oligo MOG OPALIN,0.9692095151153547
AACGAAATCAAGTCGT-1,Oligo MOG OPALIN,0.9999789535262965
AACGGGATCTTACGGA-1,Oligo MOG OPALIN,0.9436380908454702
AACGTCAAGCATGATA-1,Oligo MOG OPALIN,0.9700377225048605
AACGTCAGTACAGTTC-1,Endo CLDN5 SLC7A5,0.7132300791110903
AACGTCAGTGCCGTTG-1,Endo CLDN5 SLC7A5,0.8538620648706601
AACGTCATCGTGTGGC-1,Oligo MOG OPALIN,0.7506961519148684
AACTTCTAGTGAACAT-1,Oligo MOG OPALIN,0.44730535790588544
AACTTCTCAACCGTGC-1,Endo CLDN5 SLC7A5,0.36935247359442885
AACTTCTCACTGTGTA-1,Oligo MOG OPALIN,0.5051222751990985
AAGAACAAGAGCAGTC-1,Astro AQP4 SLC1A2,0.9976917977576857
AAGAACAAGGAAGAAC-1,Oligo MOG OPALIN,0.9949203728202044
AAGAACAAGTCGTTAC-1,Endo CLDN5 SLC7A5,0.981679645767528
AAGAACAAGTCTACCA-1,OPC PDGFRA PCDH15,0.999999999999998
AAGAACAGTCCGGTGT-1,Oligo MOG OPALIN,0.9319905564459848
AAGAACAGTGGCTTAT-1,Oligo MOG OPALIN,0.9144163071524317
AAGACAACACGAGGAT-1,Oligo MOG OPALIN,0.9963709381849888
AAGACTCCACATCCCT-1,Astro AQP4 SLC1A2,0.9985834185364044
AAGATAGCATGTGTCA-1,L2-3 CUX2 NTNG1 PALMD,0.9441095047335903
AAGATAGTCCAAGCTA-1,Endo CLDN5 SLC7A5,0.6186468696423308
AAGCATCGTGTGCCTG-1,SMC ACTA2 CNN1,0.9959950753531879
AAGCCATAGAGGTCAC-1,Oligo MOG OPALIN,0.5885121153459925
AAGCGAGCATAACGGG-1,L2-4 CUX2 RORB CLMN,0.3414754670204476
AAGCGAGGTGAGGATC-1,Oligo MOG OPALIN,0.9321267581043892
AAGCGAGTCCGAAGGA-1,Astro AQP4 SLC1A2,0.40389121449279464
AAGCGAGTCGTAGCCG-1,Oligo MOG OPALIN,0.6732388033365204
AAGCGAGTCTGGCCAG-1,Astro AQP4 SLC1A2,0.9999060906202505
AAGCGTTGTACAAAGT-1,Astro AQP4 SLC1A2,0.9930630599949791
AAGGAATTCGGCTATA-1,Oligo MOG OPALIN,0.9995464422519327
AAGGTAAGTGACCTGC-1,Endo CLDN5 IL1R1,0.35443842395355823
AAGTACCAGGTCGTAG-1,Oligo MOG OPALIN,0.4085013175947677
AAGTCGTGTATAGGGC-1,Endo CLDN5 SLC7A5,0.44836592114766116
AAGTCGTTCCTTACCG-1,PC P2RY14 GRM8,0.9999927744392485
AAGTGAAAGGGCCAAT-1,Oligo MOG OPALIN,0.9996460248025726
AAGTTCGCAACCGGAA-1,Endo CLDN5 SLC7A5,0.5157256392312478
AATAGAGAGCTCTGTA-1,PC P2RY14 GRM8,0.7222142219528567
AATAGAGAGGTAAGTT-1,Endo CLDN5 SLC7A5,0.39048408816774965
AATAGAGGTTAAGAAC-1,Endo CLDN5 SLC7A5,0.8008870209043694
AATCGACCAACATCGT-1,Endo CLDN5 SLC7A5,0.9861268015638124
AATCGACTCCCTTGTG-1,Oligo MOG OPALIN,0.6825739710369355
AATCGACTCCTTCGAC-1,Oligo MOG OPALIN,0.644769053990961
AATCGTGCACATAACC-1,Oligo MOG OPALIN,0.7382166960621015
AATGAAGAGAGAGAAC-1,Endo CLDN5 SLC7A5,0.307369799912077
AATGAAGAGATAGGGA-1,Endo CLDN5 SLC7A5,0.5117366033373538
AATGAAGAGGACACTG-1,Endo CLDN5 SLC7A5,0.3937640062847941
AATGAAGCATATCGGT-1,Oligo MOG OPALIN,0.9964475605347317
AATGACCCACCTCGTT-1,InN SST TRPC7,0.5833694745837846
AATGCCAAGGTGCTAG-1,Oligo MOG OPALIN,0.4524007913589743
AATGCCACACTACACA-1,Endo CLDN5 SLC7A5,0.689448643733049
AATGGAACAGTCTACA-1,OPC PDGFRA PCDH15,0.9999999999999998
AATGGCTAGATTAGAC-1,Oligo MOG OPALIN,0.6285418237311845
AATGGCTAGTCGAATA-1,Micro P2RY12 APBB1IP,0.8911220064612307
AATGGCTCACCGGCTA-1,Endo CLDN5 SLC7A5,0.969762063289667
AATGGCTGTAAGACCG-1,OPC PDGFRA PCDH15,0.9999999999999933
AATGGCTTCCATCTGC-1,L2-3 CUX2 NTNG1 PALMD,0.9865365455270213
AATTCCTTCGGACTGC-1,Endo CLDN5 SLC7A5,0.44111267016922423
AATTCCTTCTTGATTC-1,Oligo MOG OPALIN,0.9662178668169605
AATTTCCAGCGTGTCC-1,L5 FEZF2 BCL11B POU3F1,0.47103601292089486
AATTTCCAGTCGCGAA-1,Micro P2RY12 APBB1IP,0.9678801074396002
AATTTCCCATGTCTAG-1,Endo CLDN5 SLC7A5,0.8246984671441194
ACAAAGATCACTGGTA-1,Oligo MOG OPALIN,0.999812293934188
ACAACCACATGTACGT-1,Endo CLDN5 SLC7A5,0.8830441046049561
ACAAGCTCACCGTCGA-1,Endo CLDN5 SLC7A5,0.9228405807886592
ACAAGCTGTCCGAAGA-1,Endo CLDN5 SLC7A5,0.49365394929601103
ACAAGCTGTTATTCCT-1,Endo CLDN5 SLC7A5,0.6809920381518211
ACACAGTTCAGCGCAC-1,Oligo MOG GSN,0.9999523774119929
ACACAGTTCGAGTTGT-1,L6 OPRK1 THEMIS RGS6,0.7193820477230575
ACACCAATCTACCAGA-1,L2-3 CUX2 NTNG1 PALMD,0.33626293374110633
ACACGCGAGTAAGGGA-1,Oligo MOG OPALIN,0.9901915410777923
ACACTGACACCAGCTG-1,Oligo MOG OPALIN,0.9998110426458466
ACACTGATCGCTACAA-1,Oligo MOG OPALIN,0.961616701747004
ACACTGATCTACGGTA-1,Astro GFAP FABP7,0.9999781521848188
ACAGAAAAGAAGCGGG-1,L6 OPRK1 THEMIS RGS6,0.9706519847226959
ACAGAAAAGACTACGG-1,Oligo MOG OPALIN,0.7236193153497247
ACAGAAACATGTCTAG-1,Astro GFAP AQP1,0.6005958368132955
ACAGAAAGTGTTTCTT-1,Endo CLDN5 SLC7A5,0.33961890808827283
ACAGCCGGTTGTCTAG-1,Endo CLDN5 SLC7A5,0.9056189032742026
ACAGGGACACGCAAAG-1,Endo CLDN5 SLC7A5,0.761165954141534
ACAGGGACAGGTTACT-1,L6 FEZF2 SYT6 PTPRT,0.5211843076620614
ACATCCCCACATTGTG-1,Oligo MOG OPALIN,0.9848780177308277
ACATCCCTCTCCCATG-1,Endo CLDN5 SLC7A5,0.9697093529475868
ACATTTCTCGTGCTCT-1,Oligo MOG OPALIN,0.6966005677297222
ACCAACATCAAGCCTA-1,Endo CLDN5 SLC7A5,0.7913353347958553
ACCACAATCACGGGCT-1,L2-3 CUX2 NTNG1 COL5A2,0.8158102833079376
ACCACAATCGAACTCA-1,Astro GFAP FABP7,0.9994259381934527
ACCATTTCACCGCTGA-1,L6 OPRK1 THEMIS RGS6,0.9748216859486187
ACCATTTGTCTCTCTG-1,Oligo MOG GSN,0.993010225025303
ACCCTTGTCAGGAAGC-1,Oligo MOG OPALIN,0.9927727515128874
ACCGTTCCACTGGCGT-1,Oligo MOG OPALIN,0.8675846225379736
ACCTACCCACTTGTCC-1,Astro AQP4 SLC1A2,0.9995336284776956
ACCTGAAAGACACACG-1,Oligo MOG OPALIN,0.6035131584353676
ACCTGTCTCAGACTGT-1,Oligo MOG OPALIN,0.5464060494675129
ACGATCAAGTTTCGGT-1,Endo CLDN5 SLC7A5,0.8757127579172124
ACGATCACAATTGCAC-1,Oligo MOG OPALIN,0.4826511378749691
ACGATCAGTGATTAGA-1,L6 OPRK1 THEMIS RGS6,0.8913564630375418
ACGATGTAGATCACTC-1,Micro P2RY12 APBB1IP,0.9983945855163509
ACGATGTAGATTACCC-1,Endo CLDN5 SLC7A5,0.622344904728492
ACGATGTTCGCATAGT-1,Endo CLDN5 SLC7A5,0.8987406754707812
ACGCACGAGCAGGGAG-1,Endo CLDN5 SLC7A5,0.8756276649196388
ACGCACGAGTCTAGCT-1,Endo CLDN5 SLC7A5,0.6297785841182411
ACGCACGGTAACATCC-1,Endo CLDN5 SLC7A5,0.43222756463021966
ACGCACGTCGAGAAGC-1,Endo CLDN5 SLC7A5,0.486135638886987
ACGCACGTCTTCCAGC-1,Oligo MOG OPALIN,0.8790672483197192
ACGGAAGAGCACTGGA-1,Oligo MOG OPALIN,0.6555706643170965
ACGGAAGAGCCTAGGA-1,Oligo MOG OPALIN,0.4783934692653118
ACGGGTCAGCGCCTAC-1,Oligo MOG OPALIN,0.6670892661426903
ACGGGTCAGTAGTGCG-1,Endo CLDN5 SLC7A5,0.3629043929558646
ACGGTCGAGACCTGGA-1,InN PVALB PDE3A,0.870892132100939
ACGGTCGCAAGCACAG-1,Oligo MOG OPALIN,0.9965013954660156
ACGGTCGGTGGGTCAA-1,Endo CLDN5 SLC7A5,0.9374077162639384
ACGGTCGGTGTCCATA-1,Endo CLDN5 SLC7A5,0.7836206157395581
ACGTAACGTAGCTTGT-1,Oligo MOG OPALIN,0.9984767523502696
ACGTAACTCATATGGC-1,Oligo MOG OPALIN,0.33327519257018867
ACGTACACAATAGGAT-1,Oligo MOG OPALIN,0.7443021970460965
ACGTACACACCGCTGA-1,Oligo MOG OPALIN,0.392667468459321
ACGTACATCGAACCAT-1,Oligo MOG OPALIN,0.9996212415094199
ACGTAGTCACGCAGTC-1,Endo CLDN5 SLC7A5,0.9632711345134305
ACGTCCTGTTCTTCAT-1,Endo CLDN5 SLC7A5,0.9168027967971736
ACGTTCCCAGGACTTT-1,Endo CLDN5 SLC7A5,0.9715745589548165
ACGTTCCCATCTTAGG-1,Oligo MOG OPALIN,0.9988028838111549
ACTACGAAGATACCAA-1,OPC PDGFRA PCDH15,0.9965781372888084
ACTATCTCACAGACGA-1,L2-3 CUX2 NTNG1 PALMD,0.84574050008787
ACTATGGTCAACTCTT-1,Endo CLDN5 SLC7A5,0.47696144347600195
ACTCCCAAGAGGGCGA-1,InN SST STK32A,0.9999577887562155
ACTCCCATCTACACAG-1,Micro P2RY12 APBB1IP,0.9956997586546088
ACTCTCGAGGTCACAG-1,L2-3 CUX2 NTNG1 PALMD,0.6263418575176462
ACTCTCGTCTTTACAC-1,Endo CLDN5 SLC7A5,0.9806169000581985
ACTGATGAGACAACTA-1,InN SST STK32A,0.9899382994247318
ACTGATGCAAATGGCG-1,Endo CLDN5 IL1R1,0.6446597740145298
ACTGATGCAATTGCTG-1,Endo CLDN5 SLC7A5,0.9138095052022915
ACTGATGGTTAGAAGT-1,Micro P2RY12 APBB1IP,0.7550035316949816
ACTGCAAGTACTAGCT-1,Endo CLDN5 SLC7A5,0.7416372072111508
ACTGCAAGTACTCGTA-1,Endo CLDN5 SLC7A5,0.7785855713203035
ACTGCAATCCCGAATA-1,Endo CLDN5 SLC7A5,0.661673013949298
ACTGCAATCGCATTAG-1,Astro AQP4 SLC1A2,0.9992582625547979
ACTGCAATCGGCATCG-1,Oligo MOG OPALIN,0.9758691182652586
ACTGTCCAGGGCCTCT-1,Micro P2RY12 APBB1IP,0.7283595216444517
ACTGTCCCACAAATGA-1,Endo CLDN5 SLC7A5,0.9859002250408172
ACTGTCCGTCAAATCC-1,VLMC COL1A2 VLMCA8,0.9998787349936815
ACTGTCCGTCCACTTC-1,L6 OPRK1 THEMIS RGS6,0.9863200743392707
ACTTAGGCACTAAACC-1,Astro GFAP FABP7,0.9207999814849355
ACTTAGGCATTGCCGG-1,Endo CLDN5 SLC7A5,0.9130774797947377
ACTTATCTCGAGTGGA-1,Endo CLDN5 SLC7A5,0.6625218237372779
ACTTCCGGTATGGTTC-1,Oligo MOG OPALIN,0.5668502735786615
ACTTCGCAGACTACCT-1,Oligo MOG OPALIN,0.5205730163961959
ACTTCGCAGTTCCATG-1,Astro GFAP FABP7,0.999168933847208
ACTTCGCCATTCAGCA-1,Endo CLDN5 SLC7A5,0.9883681604996782
ACTTCGCGTCATACCA-1,L2-3 CUX2 NTNG1 PALMD,0.38155726293880887
ACTTTCACACGTAACT-1,Endo CLDN5 SLC7A5,0.4424650538355846
ACTTTCACAGCTGTTA-1,Endo CLDN5 SLC7A5,0.4624846273710144
ACTTTCATCACTACGA-1,Oligo MOG OPALIN,0.7795350117381805
ACTTTCATCTCGTTTA-1,Endo CLDN5 SLC7A5,0.46900784094306736
ACTTTGTTCACTAGCA-1,Endo CLDN5 SLC7A5,0.7165608892902123
AGAAATGAGTCTCTGA-1,Endo CLDN5 SLC7A5,0.9157129195737043
AGAAATGCAACTCCCT-1,Endo CLDN5 SLC7A5,0.818147305524139
AGAAATGCACCAAATC-1,L2-3 CUX2 NTNG1 PALMD,0.674865126612672
AGAACAAAGGGTTAGC-1,Oligo MOG OPALIN,0.9995325706085924
AGAAGCGTCTATGCCC-1,Astro AQP4 SLC1A2,0.9058450935641551
AGACACTCACGGTGCT-1,Endo CLDN5 SLC7A5,0.7772330981313058
AGACACTTCAAGCCCG-1,InN PVALB SYT2,0.341740388573924
AGACAGGAGCGATGCA-1,Astro AQP4 SLC1A2,0.3645924238862447
AGACCATGTCATAGTC-1,PC P2RY14 GRM8,0.8943888403198774
AGACCCGGTGGATGAC-1,Endo CLDN5 SLC7A5,0.6201258360391286
AGACCCGGTGGCTTGC-1,Endo CLDN5 SLC7A5,0.9735158743923447
AGACTCAGTACAAAGT-1,Oligo MOG OPALIN,0.8714051057702501
AGACTCAGTACCCACG-1,L3-5 RORB MKX DCC,0.40456388003463634
AGACTCATCAACACCA-1,Endo CLDN5 SLC7A5,0.959469708234467
AGAGAATAGAGTGGCT-1,Oligo MOG OPALIN,0.9245750043284969
AGAGAATAGGAATGTT-1,Oligo MOG OPALIN,0.7884200700468027
AGAGAATAGTCTTCGA-1,Endo CLDN5 SLC7A5,0.5401205532448368
AGAGAATCACGACAAG-1,Oligo MOG OPALIN,0.7201636728205317
AGAGAGCGTCAGTCGC-1,Endo CLDN5 SLC7A5,0.903861102254437
AGAGCAGAGCGTCTGC-1,Oligo MOG OPALIN,0.9272737391914203
AGAGCAGCAGTACTAC-1,Astro AQP4 SLC1A2,0.9999918847929528
AGAGCAGCATAGCTGT-1,L3-5 RORB TNNT2 PRRX1,0.3393618512161671
AGAGCAGTCTGGACCG-1,Endo CLDN5 SLC7A5,0.7586827728443106
AGATAGATCAAGCCAT-1,Endo CLDN5 SLC7A5,0.8743765951690305
AGATAGATCGCCTATC-1,Micro P2RY12 APBB1IP,0.9922239443202923
AGATAGATCGTAACAC-1,Astro GFAP FABP7,0.9999422540126103
AGATAGATCTCTATAC-1,L2-3 CUX2 NTNG1 PALMD,0.6134092813193812
AGATCGTCACAATGAA-1,Oligo MOG OPALIN,0.4099999152454301
AGATCGTCACCTGTCT-1,Astro AQP4 SLC1A2,0.9999137536311006
AGATCGTCACGCCAGT-1,Endo CLDN5 SLC7A5,0.8790765147288169
AGATCGTGTCAAAGAT-1,Endo CLDN5 SLC7A5,0.8981757118113011
AGATCGTGTCACTCAA-1,Oligo MOG OPALIN,0.961335349421222
AGATGAAGTACCGTCG-1,Oligo MOG OPALIN,0.9371035322103787
AGATGAAGTAGAGGAA-1,Endo CLDN5 SLC7A5,0.312058562450063
AGATGAATCCCGTTCA-1,Oligo MOG OPALIN,0.4606317654034131
AGATGAATCTGTTCAT-1,Endo CLDN5 SLC7A5,0.8130636301237694
AGATGCTCAGGCGATA-1,Oligo MOG OPALIN,0.9838126702441613
AGCATCACATAGATCC-1,Oligo MOG OPALIN,0.9999954838302914
AGCATCATCATGACAC-1,Astro AQP4 SLC1A2,0.9999954197841617
AGCCAATCAAACTCGT-1,Oligo MOG OPALIN,0.9384649464042378
AGCCAATGTACGTTCA-1,Oligo MOG OPALIN,0.9696864917571971
AGCCACGTCTACTGAG-1,Oligo MOG OPALIN,0.968177063208045
AGCCACGTCTCTTAAC-1,Oligo MOG OPALIN,0.9999870271457414
AGCCAGCCACTCAGAT-1,T SKAP1 CD247,0.9999999156358503
AGCGATTAGACCGCCT-1,Endo CLDN5 SLC7A5,0.846435084468669
AGCGATTGTATGTCCA-1,Oligo MOG OPALIN,0.3962256562573192
AGCGATTTCTCATGGA-1,Oligo MOG OPALIN,0.6010442811261489
AGCGCCAGTTTCCCAC-1,Oligo MOG OPALIN,0.9124550628754049
AGCGCTGAGTCAGCCC-1,Endo CLDN5 SLC7A5,0.996184593923407
AGCGCTGGTCTCGCGA-1,L2-3 CUX2 NTNG1 PLCH1,0.39705143526585523
AGCGCTGGTCTTCATT-1,Endo CLDN5 SLC7A5,0.3515796667943763
AGCGCTGTCCCGTAAA-1,Oligo MOG OPALIN,0.8345190833618074
AGCGTATAGAGCGACT-1,Oligo MOG OPALIN,0.38568352817405965
AGCGTATGTCTGTAAC-1,Endo CLDN5 SLC7A5,0.45257494487353184
AGCGTCGTCACTTGTT-1,Oligo MOG OPALIN,0.8538573838225565
AGCTACAAGTAGCAAT-1,Astro GFAP AQP1,0.3390039838231432
AGCTACAAGTCTTCCC-1,Endo CLDN5 SLC7A5,0.5838464010405753
AGCTACAAGTTGGCTT-1,L2-3 CUX2 NTNG1 PALMD,0.7676621653250092
AGCTACAGTCATAACC-1,Oligo MOG OPALIN,0.9362480410628615
AGCTACAGTCATCCGG-1,Oligo MOG OPALIN,0.48634070676358276
AGCTCAAAGCGAGTCA-1,PC P2RY14 GRM8,0.9999856499601438
AGCTCAAAGTTGCTCA-1,Endo CLDN5 SLC7A5,0.46458254709326596
AGCTCAACATAGATGA-1,Oligo MOG OPALIN,0.9583991702592612
AGCTTCCAGGATTACA-1,Endo CLDN5 SLC7A5,0.7980346440710704
AGGAAATAGTGTAGAT-1,Astro GFAP FABP7,0.9999002868016813
AGGAAATTCTCCCATG-1,Endo CLDN5 SLC7A5,0.7021936146252639
AGGAATATCCAGCTCT-1,Macro F13A1 COLEC12,0.4967694562359813
AGGAGGTAGGATTCAA-1,Endo CLDN5 SLC7A5,0.5195663752801556
AGGAGGTGTTGGATCT-1,Endo CLDN5 SLC7A5,0.3568186251931326
AGGAGGTTCTCCCATG-1,Endo CLDN5 SLC7A5,0.563371158030884
AGGATAAGTAGGAGTC-1,Endo CLDN5 SLC7A5,0.9041023255260027
AGGATCTAGGCCCGTT-1,Oligo MOG OPALIN,0.9900869297859737
AGGATCTCATCCCGTT-1,Oligo MOG OPALIN,0.9931103047355557
AGGCATTAGCGGTAGT-1,Endo CLDN5 SLC7A5,0.975629920149563
AGGCATTGTGTCCAAT-1,Micro P2RY12 APBB1IP,0.999389281429095
AGGCATTTCGGCTGTG-1,Astro GFAP AQP1,0.9636515790572515
AGGCCACAGAAGTATC-1,Endo CLDN5 SLC7A5,0.835854414753205
AGGCCACCATACCACA-1,Astro GFAP AQP1,0.7213794195467987
AGGCCACTCGCAGAGA-1,OPC PDGFRA PCDH15,0.9999999999999332
AGGCTGCAGATAGGGA-1,Oligo MOG OPALIN,0.36527580187200787
AGGCTGCCAGAATTCC-1,Endo CLDN5 SLC7A5,0.8349122382117745
AGGCTGCCAGCTGAGA-1,Oligo MOG OPALIN,0.9925413711405043
AGGCTGCCATTGCTGA-1,Endo CLDN5 SLC7A5,0.5464267933270684
AGGCTGCGTCCCGCAA-1,Astro AQP4 SLC1A2,0.4283983372199777
AGGGCCTAGGTTATAG-1,L2-3 CUX2 NTNG1 PALMD,0.7516442025235142
AGGGCTCAGGACACTG-1,Oligo MOG OPALIN,0.9467335652211235
AGGGTCCTCCAGTGCG-1,Endo CLDN5 SLC7A5,0.9234578131306183
AGGGTTTAGCAGTCTT-1,Oligo MOG OPALIN,0.8546162503036956
AGGGTTTTCCCTCGAT-1,Oligo MOG OPALIN,0.9925376041558344
AGGGTTTTCGCATAGT-1,Oligo MOG OPALIN,0.8735095978035032
AGGTCATTCTGTACAG-1,L2-3 CUX2 NTNG1 PALMD,0.38640583543393914
AGGTCTAAGCAACTCT-1,Oligo MOG OPALIN,0.9729131819706119
AGGTCTAAGTGCCGAA-1,Oligo MOG OPALIN,0.9990259552202845
AGGTTACAGACATCCT-1,Endo CLDN5 SLC7A5,0.7043486500024335
AGGTTACAGGTACCTT-1,Oligo MOG OPALIN,0.43230664923842005
AGGTTACGTGAAGCGT-1,Oligo MOG OPALIN,0.4015693752612
AGGTTACGTTGAATCC-1,Endo CLDN5 SLC7A5,0.9734460642967203
AGGTTACTCAGCTTGA-1,Endo CLDN5 SLC7A5,0.9645944557191936
AGTAACCTCGAAACAA-1,Oligo MOG OPALIN,0.9994412184446184
AGTACCAGTTATGACC-1,Oligo MOG OPALIN,0.3156849028837097
AGTACCATCCATCTAT-1,T SKAP1 CD247,0.9999999048961615
AGTACTGAGGCCCACT-1,Endo CLDN5 SLC7A5,0.9918320220603466
AGTACTGCACTGTCCT-1,L3-5 RORB MKX GRIN3A,0.7302217012683327
AGTACTGTCCCAATAG-1,Astro AQP4 SLC1A2,0.8794928910659585
AGTAGCTAGGGTACAC-1,Oligo MOG OPALIN,0.9978924483419334
AGTAGTCCAAATGATG-1,Endo CLDN5 SLC7A5,0.9257831713033413
AGTAGTCGTGTCATGT-1,L5-6 FEZF2 NXPH2 GRIK1,0.46347988589004746
AGTCAACAGGTCATTC-1,Oligo MOG OPALIN,0.5598446357872257
AGTCAACGTATCGCGC-1,PC P2RY14 GRM8,0.999999633447032
AGTCTCCCAAACTCTG-1,L2-3 CUX2 NTNG1 PALMD,0.8783093350471448
AGTCTCCGTTTCGACA-1,Oligo MOG OPALIN,0.6638322756318183
AGTGACTCACCACTGG-1,Micro P2RY12 APBB1IP,0.9883882519144571
AGTGACTCAGTATTCG-1,Endo CLDN5 SLC7A5,0.9734656959034614
AGTGACTTCATTGCCC-1,Endo CLDN5 SLC7A5,0.35870959925679435
AGTGATCGTCGAGTGA-1,Astro AQP4 SLC1A2,0.9991264893445064
AGTGATCGTGCAATGG-1,Oligo MOG OPALIN,0.7888150415216423
AGTGATCTCACTTGGA-1,Oligo MOG OPALIN,0.9956843257248906
AGTGATCTCCAGCTCT-1,Endo CLDN5 SLC7A5,0.5383507227455403
AGTGATCTCCCGAACG-1,Oligo MOG OPALIN,0.9893554996114411
AGTGCCGGTTCGTAAC-1,L6 FEZF2 SYT6 CDH9,0.3060555222930894
AGTGCCGTCCCGAAAT-1,Endo CLDN5 SLC7A5,0.9647423178146871
AGTGTTGCAGGTTCGC-1,Endo CLDN5 SLC7A5,0.6453659229970317
AGTGTTGGTCCTCCAT-1,Endo CLDN5 SLC7A5,0.9765704948314962
AGTGTTGTCAAGGAGC-1,L6 FEZF2 SYT6 ERBB4,0.5079868535268498
AGTTAGCTCCCAGCGA-1,Oligo MOG OPALIN,0.48107747387965305
AGTTCCCAGCTCTGTA-1,Oligo MOG OPALIN,0.9999430016165444
AGTTCCCAGTTGAAAC-1,Endo CLDN5 SLC7A5,0.49464216729180693
AGTTCCCGTTCCGGTG-1,Astro GFAP AQP1,0.40975352597776793
ATACCGACAAGTAGTA-1,Oligo MOG OPALIN,0.9890578264224967
ATACCTTAGTCCCAGC-1,Endo CLDN5 SLC7A5,0.6665286849421691
ATACCTTTCCACAAGT-1,L2-3 CUX2 ACVR1C THSD7A,0.46589915860192
ATACTTCCATCGGTTA-1,Oligo MOG OPALIN,0.9700679525011536
ATACTTCTCTGATTCT-1,Oligo MOG OPALIN,0.8831623707399973
ATAGACCAGAGAATCT-1,L3-5 RORB MKX GRIN3A,0.5100506953399402
ATAGACCAGCATCAGG-1,Oligo MOG OPALIN,0.931517436138348
ATAGACCCAGAATGTA-1,L2-3 CUX2 ACVR1C INHBA,0.3063549373761196
ATAGACCGTCGGCACT-1,Oligo MOG OPALIN,0.9999916083133837
ATAGAGAGTGGATGAC-1,Endo CLDN5 IL1R1,0.4282236917458307
ATAGAGATCCGGTAGC-1,Endo CLDN5 SLC7A5,0.6843809799729045
ATAGGCTTCACTGGGC-1,Micro P2RY12 APBB1IP,0.9947525110501088
ATATCCTCACCTCAGG-1,Oligo MOG OPALIN,0.6672406604101521
ATCACAGAGTATAACG-1,L2-3 CUX2 NTNG1 PALMD,0.4365722894420864
ATCACGACACAACGAG-1,Micro P2RY12 APBB1IP,0.9997393519340305
ATCACGACACTAACCA-1,Oligo MOG OPALIN,0.9999220222174605
ATCACGATCTTGGATG-1,Oligo MOG OPALIN,0.9819147914750496
ATCACTTAGTAGAATC-1,Endo CLDN5 SLC7A5,0.9150421560421931
ATCACTTAGTGAATAC-1,Oligo MOG OPALIN,0.9281669110243328
ATCAGGTAGAATCGAT-1,L3-5 RORB MKX GRIN3A,0.7490345042845443
ATCAGGTAGGCCCAAA-1,Endo CLDN5 SLC7A5,0.9510854613621637
ATCAGGTAGGCCTAGA-1,Endo CLDN5 SLC7A5,0.8384645096261598
ATCAGGTGTAACGATA-1,Endo CLDN5 SLC7A5,0.9126010925820652
ATCAGGTGTGCCTACG-1,Oligo MOG OPALIN,0.7917794433395273
ATCAGGTGTTAAGGAT-1,Oligo MOG OPALIN,0.8834654605853363
ATCAGGTGTTCGGTCG-1,Micro P2RY12 APBB1IP,0.9999720916591831
ATCATTCTCTCCCAAC-1,Oligo MOG OPALIN,0.7485718376507227
ATCATTCTCTTTGGAG-1,L3-5 RORB GABRG1 PTPRO,0.3746472507830765
ATCCACCTCGTGAGAG-1,Oligo MOG OPALIN,0.6716053777711738
ATCCATTGTTTACCTT-1,Oligo MOG OPALIN,0.429603561016068
ATCCGTCTCATGCCAA-1,Endo CLDN5 SLC7A5,0.5349039479594615
ATCCTATGTGCCGTTG-1,Endo CLDN5 SLC7A5,0.7256447212540652
ATCGATGCACATGTTG-1,Endo CLDN5 SLC7A5,0.33603735871108015
ATCGATGGTTAAGCAA-1,Endo CLDN5 SLC7A5,0.6930220296470956
ATCGCCTGTCCACTCT-1,L3-5 RORB GABRG1 KCNH7,0.5443992682893727
ATCGGATCACCTGTCT-1,Endo CLDN5 SLC7A5,0.4049268757357287
ATCGGATGTGTTGACT-1,Oligo MOG OPALIN,0.7046850764687352
ATCGGCGAGCCATCCG-1,Oligo MOG OPALIN,0.8945467668332091
ATCGTAGCACGTCTCT-1,Astro AQP4 SLC1A2,0.9972006311457047
ATCGTAGGTCTGTAAC-1,L2-3 CUX2 NTNG1 PALMD,0.6978332491289969
ATCGTAGGTTTCGTGA-1,Micro P2RY12 APBB1IP,0.856740031487658
ATCGTAGTCAACACGT-1,L2-3 CUX2 NTNG1 PALMD,0.8237092722116679
ATCGTGACACAGCCTG-1,Endo CLDN5 SLC7A5,0.8890885427132099
ATCTTCATCTACTGCC-1,Astro AQP4 SLC1A2,0.9935231331652401
ATGAAAGAGGTGATCG-1,InN SST STK32A,0.9990353713597069
ATGAAAGAGTCATACC-1,Oligo MOG OPALIN,0.9349917921287767
ATGAAAGTCTCCCATG-1,Endo CLDN5 SLC7A5,0.7517063933378305
ATGATCGCATAGGTAA-1,Oligo MOG OPALIN,0.9963520817232974
ATGCATGAGGTCCCGT-1,Astro AQP4 SLC1A2,0.9999435854037528
ATGCATGAGGTCCCTG-1,Oligo MOG OPALIN,0.9023033216098693
ATGCATGCAGGTGACA-1,Endo CLDN5 SLC7A5,0.3150320014978523
ATGCATGCATCGCTCT-1,Endo CLDN5 SLC7A5,0.460829084871335
ATGCATGCATGGGTCC-1,Oligo MOG OPALIN,0.8078070587842935
ATGCATGTCCTCAGGG-1,Oligo MOG OPALIN,0.7594308340791448
ATGCCTCCAGCAAGAC-1,L2-3 CUX2 NTNG1 PALMD,0.41974547092690884
ATGCGATAGTTTGTCG-1,VLMC SLC47A1 SLC4A4,0.7996006419517414
ATGCGATCAACTGGTT-1,Astro GFAP AQP1,0.8691383678508927
ATGCGATCAGATCCTA-1,Oligo MOG OPALIN,0.9876643509199006
ATGGAGGAGGTGAGCT-1,Endo CLDN5 SLC7A5,0.7441098169018199
ATGGAGGTCTCCCTAG-1,Endo CLDN5 SLC7A5,0.7132713373025855
ATGGATCGTGCATTAC-1,L6 OPRK1 SMYD1 KCND2,0.9423661071674522
ATGGATCGTTCCGCTT-1,Oligo MOG OPALIN,0.81019406648671
ATGGGAGAGTACAGAT-1,Endo CLDN5 SLC7A5,0.7901575186259409
ATGGGAGGTCCCTGTT-1,Endo CLDN5 SLC7A5,0.39121764671857123
ATGGGAGGTTACCTTT-1,Oligo MOG OPALIN,0.6292478213892231
ATGGGTTAGTGAATAC-1,Oligo MOG OPALIN,0.6449464418230918
ATGGGTTGTGCATACT-1,Endo CLDN5 SLC7A5,0.6911704990235588
ATGGTTGCACTCGATA-1,Oligo MOG OPALIN,0.9635263976282189
ATGGTTGGTCAAAGAT-1,Endo CLDN5 SLC7A5,0.905209966247978
ATGGTTGTCCTCTAAT-1,Endo CLDN5 SLC7A5,0.730342249837554
ATGTCCCTCTCCCATG-1,Endo CLDN5 SLC7A5,0.683024483145174
ATTACCTGTACAAGCG-1,L6 OPRK1 THEMIS RGS6,0.8260514426258085
ATTACTCCAAAGCTAA-1,Endo CLDN5 SLC7A5,0.6577653118783109
ATTATCCAGATCCGAG-1,Oligo MOG OPALIN,0.9876203157173226
ATTATCCAGGTCCTGC-1,Oligo MOG OPALIN,0.6708188582385849
ATTATCCTCATCGCTC-1,Oligo MOG OPALIN,0.9799646693168317
ATTCACTCATTAAAGG-1,T SKAP1 CD247,0.9999999992238993
ATTCAGGCATCGTTCC-1,Oligo MOG OPALIN,0.9192043718035348
ATTCAGGCATGGCCAC-1,Endo CLDN5 SLC7A5,0.4993985785878765
ATTCAGGGTCCAGGTC-1,Endo CLDN5 SLC7A5,0.9565479246451277
ATTCATCAGAGCAGAA-1,InN SST PLPP4,0.9919774940391195
ATTCATCGTTCACGAT-1,Oligo MOG OPALIN,0.7651098822113352
ATTCATCTCGCTGATA-1,Endo CLDN5 SLC7A5,0.9456281792998112
ATTCATCTCGTTCCTG-1,Oligo MOG OPALIN,0.9895456816431198
ATTCCATGTGAGATCG-1,Oligo MOG OPALIN,0.3052019335241584
ATTCCCGAGGACTAAT-1,Oligo MOG OPALIN,0.4021294500068291
ATTCCCGAGGTTTGAA-1,Endo CLDN5 SLC7A5,0.3009346421382518
ATTCCTATCTGGGCAC-1,Endo CLDN5 SLC7A5,0.7201257640582501
ATTCGTTTCCTGTAGA-1,Endo CLDN5 SLC7A5,0.5311877685283312
ATTCTACCATGATAGA-1,Micro P2RY12 APBB1IP,0.9996839242281926
ATTCTTGAGATAGGGA-1,Oligo MOG OPALIN,0.6160543607241339
ATTCTTGGTTGCCAAT-1,Astro AQP4 SLC1A2,0.9993442071885659
ATTCTTGTCTCATGGA-1,Oligo MOG OPALIN,0.9992212520503739
ATTGTTCAGGGAGAAT-1,Endo CLDN5 SLC7A5,0.8176215905974559
ATTGTTCTCAGTGATC-1,Endo CLDN5 SLC7A5,0.5185725251307899
ATTTACCAGACGGAAA-1,Micro P2RY12 APBB1IP,0.7766280663658063
ATTTCACTCTTACGGA-1,Endo CLDN5 SLC7A5,0.5909313673526064
CAACAGTAGCTCTATG-1,L2-3 CUX2 NTNG1 PALMD,0.6267763592808759
CAACAGTTCATGCCAA-1,Endo CLDN5 SLC7A5,0.6045219685913156
CAACAGTTCGTTGTGA-1,L3-5 RORB GABRG1 PTPRO,0.7316650948452387
CAACAGTTCTGAATCG-1,Oligo MOG OPALIN,0.9761777644682631
CAACCAAGTACTGTTG-1,Endo CLDN5 SLC7A5,0.39514830263193
CAACGATAGACGACGT-1,VLMC COL1A2 SLC13A3,0.3929862332995403
CAACGATGTTGTGTAC-1,Macro F13A1 COLEC12,0.9999745230714959
CAAGACTTCAAATGAG-1,Endo CLDN5 SLC7A5,0.434981878425755
CAAGACTTCTTCGTAT-1,Endo CLDN5 SLC7A5,0.848569571486197
CAAGAGGTCCTCTCTT-1,Micro P2RY12 APBB1IP,0.986526994570428
CAAGCTAAGCCTTGAT-1,Endo CLDN5 SLC7A5,0.9350298205577869
CAAGCTAGTCACCTTC-1,Oligo MOG OPALIN,0.9095986515846903
CAAGGGAAGGGTCACA-1,Endo CLDN5 SLC7A5,0.9807172071883633
CAATACGAGCGACATG-1,Endo CLDN5 SLC7A5,0.5750484927970662
CAATACGTCCAATCTT-1,Oligo MOG OPALIN,0.5055853161821771
CAATACGTCCAATGCA-1,Endo CLDN5 SLC7A5,0.4155655001502313
CAATCGACAAGAGTAT-1,Endo CLDN5 SLC7A5,0.5037790809663171
CAATCGATCTCAACCC-1,L2-3 CUX2 NTNG1 COL5A2,0.9858460238669339
CAATGACGTGATACAA-1,L6 OPRK1 THEMIS RGS6,0.5551481120863935
CAATTTCAGGATTCAA-1,Oligo MOG OPALIN,0.5022483883989144
CAATTTCGTACATTGC-1,Astro AQP4 SLC1A2,0.9987362620495951
CACAACAAGTGGAATT-1,Endo CLDN5 SLC7A5,0.920204606465461
CACAACACACTGCGTG-1,Oligo MOG OPALIN,0.5336198431931356
CACAACAGTATTTCCT-1,Endo CLDN5 SLC7A5,0.4350601578737811
CACACAAAGGGTTGCA-1,Endo CLDN5 SLC7A5,0.43494996607846864
CACACAAAGTGGGAAA-1,Endo CLDN5 SLC7A5,0.9704464616620868
CACACAAGTATGCAAA-1,PC P2RY14 GRM8,0.48175842545789554
CACACAATCTCCCATG-1,Endo CLDN5 SLC7A5,0.9976712165251479
CACAGATGTGGACCAA-1,Endo CLDN5 SLC7A5,0.33833448514171177
CACAGATTCTCCCATG-1,Endo CLDN5 SLC7A5,0.9212256630679516
CACAGGCAGATTCGAA-1,Oligo MOG OPALIN,0.9906397530761699
CACAGGCGTCGCAACC-1,Endo CLDN5 SLC7A5,0.454950407199283
CACAGGCGTGCCTTTC-1,Endo CLDN5 SLC7A5,0.9058860782166209
CACCGTTAGGCATGCA-1,Oligo MOG OPALIN,0.9514419103865827
CACCGTTCATCGATAC-1,L6 OPRK1 THEMIS RGS6,0.8927936415708235
CACCGTTTCGATCCAA-1,Endo CLDN5 SLC7A5,0.33506709922693145
CACGAATAGACGAGCT-1,Oligo MOG OPALIN,0.9999710182756324
CACGAATAGCACGGAT-1,Micro P2RY12 APBB1IP,0.9990031374488475
CACGAATCAGGTGTGA-1,PC P2RY14 GRM8,0.999483071676601
CACGGGTAGGAAGTAG-1,Oligo MOG OPALIN,0.882528659939416
CACGTGGCATCAGCGC-1,Oligo MOG OPALIN,0.8776445565817356
CACGTTCAGCCTGAAG-1,Endo CLDN5 SLC7A5,0.7667501602285794
CACTAAGAGAATCGCG-1,L6 OPRK1 THEMIS RGS6,0.8092474577480278
CACTAAGGTGTCCATA-1,Endo CLDN5 SLC7A5,0.8981156034482881
CACTAAGGTTATCTTC-1,Endo CLDN5 SLC7A5,0.8016036146134015
CACTAAGTCTCGCTTG-1,Oligo MOG OPALIN,0.3634520506358288
CACTGAAGTTACAGCT-1,L2-4 CUX2 RORB CLMN,0.8413244566661491
CACTGGGAGTAGGGTC-1,Endo CLDN5 SLC7A5,0.38937464563504387
CACTGGGCAAAGCACG-1,Endo CLDN5 SLC7A5,0.6123202339622283
CACTGGGCATCTGGGC-1,Endo CLDN5 SLC7A5,0.6506222978254329
CACTGGGGTGAGCGAT-1,InN VIP CLSTN2,0.6712112094445003
CACTGTCAGTTGTAGA-1,Oligo MOG OPALIN,0.46671651853786195
CACTGTCCATCCGAAT-1,Oligo MOG OPALIN,0.46678355449823405
CACTTCGCAACATACC-1,Astro AQP4 SLC1A2,0.9998531513908053
CACTTCGCACCCAATA-1,L2-3 CUX2 NTNG1 PALMD,0.8624839866957457
CAGAGCCCAACGTATC-1,Oligo MOG OPALIN,0.36697306578991273
CAGAGCCGTGGCCCAT-1,Oligo MOG OPALIN,0.9231511990430454
CAGAGCCTCAGACTGT-1,Oligo MOG OPALIN,0.3945752533141048
CAGATACCACCGAATT-1,Endo CLDN5 SLC7A5,0.3910652330583287
CAGATACCAGAGGACT-1,Oligo MOG OPALIN,0.9985287577595865
CAGATACCATGAATAG-1,L3-5 RORB GABRG1 PTPRO,0.39437728351724727
CAGATACGTACGGGAT-1,Oligo MOG OPALIN,0.9464521710535153
CAGATCAAGCCTCTCT-1,L3-5 RORB MKX GRIN3A,0.6919481210091094
CAGATCAAGTCGGCCT-1,Astro AQP4 SLC1A2,0.5454038352682069
CAGATCATCACGATCA-1,Astro AQP4 SLC1A2,0.9992649210571378
CAGATCATCGTTCCTG-1,Oligo MOG OPALIN,0.3587616455123466
CAGATTGGTCTGGTTA-1,Astro GFAP FABP7,0.580761882278586
CAGCAATAGATTGACA-1,Oligo MOG OPALIN,0.7388661381957147
CAGCACGCAGAGCTAG-1,Endo CLDN5 SLC7A5,0.37063327260351564
CAGCACGCAGGCTACC-1,Endo CLDN5 SLC7A5,0.9599028440752029
CAGCACGCATCATTTC-1,Endo CLDN5 SLC7A5,0.9089954437154737
CAGCAGCAGCCTCCAG-1,Endo CLDN5 SLC7A5,0.6797693390219491
CAGCAGCTCTCAACGA-1,Oligo MOG OPALIN,0.5551541269517024
CAGCCAGCAGGAATCG-1,Endo CLDN5 SLC7A5,0.40965552962713225
CAGCGTGAGTCATAGA-1,Endo CLDN5 SLC7A5,0.9781823424329248
CAGGCCACATCTCCCA-1,Oligo MOG OPALIN,0.6402191228346303
CAGGCCAGTCAGACGA-1,Oligo MOG OPALIN,0.3373435429470651
CAGGGCTCACAAATAG-1,Endo CLDN5 SLC7A5,0.7926649381762385
CAGGTATTCCCGGTAG-1,OPC PDGFRA PCDH15,0.999999999999984
CAGTGCGAGAGCAGAA-1,Endo CLDN5 SLC7A5,0.3111809491147105
CAGTGCGAGTACGTCT-1,Oligo MOG OPALIN,0.9556058441273746
CAGTGCGCAATAGTCC-1,Endo CLDN5 SLC7A5,0.5214158045913576
CAGTTAGCACCAGCGT-1,Oligo MOG OPALIN,0.6313780367871823
CAGTTAGCAGACATCT-1,Astro GFAP FABP7,0.9999528460385768
CAGTTAGGTCAGTCGC-1,Astro AQP4 SLC1A2,0.9770388696087622
CAGTTCCAGACCTTTG-1,Oligo MOG OPALIN,0.414477453543033
CAGTTCCAGATAGTCA-1,Micro P2RY12 APBB1IP,0.7571036641566287
CAGTTCCCAGGTTCAT-1,Endo CLDN5 SLC7A5,0.7165230459268734
CAGTTCCCATGACGGA-1,Endo CLDN5 SLC7A5,0.538452972669841
CAGTTCCCATGTAACC-1,Oligo MOG OPALIN,0.35654442859521
CAGTTCCGTTCCATTT-1,Endo CLDN5 SLC7A5,0.48592797256914005
CAGTTCCTCCAACACA-1,Oligo MOG OPALIN,0.9431378194786513
CATAAGCCACCAAAGG-1,Oligo MOG OPALIN,0.31930143194441735
CATAAGCCAGCACACC-1,Oligo MOG OPALIN,0.4898080375712109
CATAAGCGTGAACCGA-1,Endo CLDN5 SLC7A5,0.9308598954261734
CATAAGCTCACAAGGG-1,Oligo MOG OPALIN,0.9097125491630998
CATAAGCTCATTGGTG-1,Oligo MOG OPALIN,0.7045498330447328
CATACAGAGCAGGCAT-1,Endo CLDN5 SLC7A5,0.31774394280331064
CATACAGGTGGACCTC-1,Endo CLDN5 SLC7A5,0.31808899388498124
CATACCCAGCAGGCAT-1,L2-3 CUX2 NTNG1 PALMD,0.5106512526796421
CATACCCGTACGACTT-1,Oligo MOG OPALIN,0.7975881732508872
CATACCCTCAAGGACG-1,Micro P2RY12 APBB1IP,0.872935573631051
CATACCCTCCATCTAT-1,Oligo MOG OPALIN,0.9415900710760913
CATACTTAGGCTCCCA-1,L3-5 RORB GABRG1 PTPRO,0.7184041313287701
CATACTTCATGAATAG-1,Oligo MOG OPALIN,0.9989942148778973
CATAGACAGTAAACGT-1,Oligo MOG OPALIN,0.7697817875303355
CATCAAGGTAGCTAAA-1,Endo CLDN5 SLC7A5,0.4135627814278774
CATCAAGTCGAGATAA-1,Oligo MOG OPALIN,0.9999938891675141
CATCCCAAGGGAACAA-1,Endo CLDN5 SLC7A5,0.7613315939247082
CATCCCAAGTCGGGAT-1,Endo CLDN5 SLC7A5,0.4414235636604297
CATCCGTGTAATGCTC-1,Oligo MOG OPALIN,0.770191542841736
CATCCGTGTATGCAAA-1,Micro P2RY12 APBB1IP,0.8134506218417882
CATCCGTGTGCATGAG-1,Oligo MOG OPALIN,0.9582266935048503
CATCGCTAGCGCTTCG-1,L2-3 CUX2 NTNG1 PALMD,0.582428733353454
CATCGCTGTCACCTTC-1,T SKAP1 CD247,0.9999774763957257
CATCGCTGTTTGAACC-1,Micro P2RY12 APBB1IP,0.7192584408874853
CATCGCTTCGTGAGAG-1,Endo CLDN5 SLC7A5,0.8789496607628164
CATCGGGTCGAGTACT-1,Endo CLDN5 SLC7A5,0.8792044721131274
CATCGTCAGGCATCGA-1,Endo CLDN5 SLC7A5,0.9911244652927911
CATCGTCCAACTGCCG-1,Micro P2RY12 APBB1IP,0.9949856329374573
CATCGTCTCCTATGGA-1,Oligo MOG OPALIN,0.9812721260026234
CATGAGTGTTAAACCC-1,Astro AQP4 SLC1A2,0.9994726774609629
CATGAGTTCCCAAGTA-1,L2-3 CUX2 NTNG1 PALMD,0.831405118153165
CATGAGTTCCGGACGT-1,L2-3 CUX2 NTNG1 PALMD,0.5939372957780524
CATGCAAGTAGCACGA-1,Oligo MOG OPALIN,0.59977586644685
CATGCCTCAGCGAACA-1,Oligo MOG OPALIN,0.5947673303322865
CATGCCTGTCGACGCT-1,Oligo MOG OPALIN,0.6340787219023426
CATGCCTGTGCGAGTA-1,Oligo MOG OPALIN,0.9439234795355051
CATGCTCAGTGTTCCA-1,Endo CLDN5 SLC7A5,0.5003555735182598
CATGCTCCATAGAATG-1,Astro GFAP FABP7,0.999985144845584
CATGGATAGAGCTGAC-1,Oligo MOG OPALIN,0.6529459096485147
CATGGATAGGCTCAAG-1,Oligo MOG OPALIN,0.3172940180083197
CATGGATGTCTGTGCG-1,Macro F13A1 COLEC12,0.9733438495730309
CATGGATTCTTTACAC-1,L3-5 RORB MKX GRIN3A,0.32906497828564574
CATGGTAAGGTATCTC-1,Oligo MOG OPALIN,0.9106232662822034
CATGGTACAGCCCAGT-1,Oligo MOG OPALIN,0.9989675201783444
CATGGTAGTGGTAATA-1,Oligo MOG OPALIN,0.42511129069056514
CATGGTATCCACGTAA-1,Endo CLDN5 SLC7A5,0.584144609756355
CATTCATAGACTCAAA-1,Endo CLDN5 SLC7A5,0.8920691977623821
CATTCATAGTGCAACG-1,Oligo MOG OPALIN,0.7716181176031913
CATTCATCATCCCGTT-1,L2-3 CUX2 NTNG1 PALMD,0.350343091403347
CATTCCGAGGGCATGT-1,Astro AQP4 SLC1A2,0.9999863199328682
CATTCCGAGGTAGCAC-1,Endo CLDN5 SLC7A5,0.448965129826535
CATTCCGGTGTAGTGG-1,Oligo MOG OPALIN,0.6085478141694479
CATTCTACAACTCGTA-1,Oligo MOG OPALIN,0.9997375197454049
CATTCTACAGCTGTTA-1,Endo CLDN5 SLC7A5,0.6918295566536894
CATTCTATCCGTCACT-1,Endo CLDN5 SLC7A5,0.7469765035672883
CATTGAGTCTAAGCGT-1,Endo CLDN5 SLC7A5,0.7591657591947217
CATTGCCCAGGCCCTA-1,Oligo MOG OPALIN,0.3413231374896983
CATTGCCGTGGTACAG-1,Oligo MOG OPALIN,0.9997011536213379
CATTGTTCAGTCTACA-1,Endo CLDN5 SLC7A5,0.9406307171541409
CATTGTTGTCTTGAGT-1,Oligo MOG OPALIN,0.4780705939144224
CATTTCAGTTATAGCC-1,Oligo MOG OPALIN,0.9158863859568022
CATTTCAGTTCTCACC-1,Oligo MOG OPALIN,0.9529990486498792
CATTTCATCATTATCC-1,Endo CLDN5 SLC7A5,0.7885241263631629
CCAATTTGTCTACAGT-1,L6 OPRK1 THEMIS RGS6,0.9285840726088448
CCACAAATCCAATGCA-1,OPC PDGFRA PCDH15,0.9996896679509605
CCACACTCAGTCTCTC-1,L6 OPRK1 THEMIS RGS6,0.9848368166082295
CCACACTTCACCACAA-1,OPC PDGFRA PCDH15,0.9999999298893099
CCACACTTCCATAGGT-1,L6 OPRK1 THEMIS RGS6,0.9908879102875389
CCACCATCAAAGACTA-1,Endo CLDN5 SLC7A5,0.7997880627170967
CCACCATGTGGCTGAA-1,Oligo MOG OPALIN,0.5565897977980901
CCACCATGTTCCGGTG-1,Oligo MOG OPALIN,0.9985592611861279
CCACCATTCCATTGCC-1,Oligo MOG OPALIN,0.8687885314829302
CCACCATTCTCTCTTC-1,L6 OPRK1 THEMIS RGS6,0.9017626055571205
CCACGAGGTATCATGC-1,L2-3 CUX2 NTNG1 PALMD,0.38772580516319105
CCACGAGTCTTCCAGC-1,Endo CLDN5 SLC7A5,0.9108572262813047
CCACGTTAGGGCCTCT-1,PC P2RY14 GRM8,0.41720164200359583
CCACGTTCACTACGGC-1,Endo CLDN5 SLC7A5,0.6801297562396873
CCACGTTGTCATAGTC-1,Astro GFAP FABP7,0.9998851368476659
CCACGTTGTGACCGAA-1,Oligo MOG OPALIN,0.8599442055248362
CCACTTGAGAGAATCT-1,Oligo MOG OPALIN,0.9985133950519309
CCACTTGCATTACTCT-1,Astro AQP4 SLC1A2,0.9969502703654436
CCCAACTCAATGTCAC-1,L2-3 CUX2 NTNG1 PALMD,0.9490718276490918
CCCAACTTCATTGAGC-1,Astro AQP4 SLC1A2,0.9998897555344874
CCCGAAGAGCATGGGT-1,L2-3 CUX2 NTNG1 PALMD,0.5392932621706975
CCCGGAACAGCCGGTT-1,Astro AQP4 SLC1A2,0.9998332388518424
CCCGGAATCCTTATCA-1,L3-5 RORB MKX GRIN3A,0.3336603937994092
CCCTCAAAGTCTAGCT-1,L3-5 RORB MKX GRIN3A,0.9182060319717422
CCCTCAATCGAGAAGC-1,Endo CLDN5 SLC7A5,0.9161472338106211
CCCTCTCGTGCTTATG-1,Endo CLDN5 SLC7A5,0.8347919960501975
CCCTGATCATATGAAG-1,Endo CLDN5 SLC7A5,0.9070883337043576
CCCTGATGTACTGTTG-1,Macro F13A1 COLEC12,0.9999861765118622
CCCTGATTCTTGATTC-1,InN SST FREM1,0.7655226667503011
CCCTTAGGTAAGTCAA-1,Astro AQP4 SLC1A2,0.9999937867956946
CCCTTAGTCACACGAT-1,Oligo MOG OPALIN,0.3009097499516196
CCCTTAGTCCGCGGAT-1,Endo CLDN5 SLC7A5,0.5852731725231048
CCGAACGCATGACAAA-1,Endo CLDN5 SLC7A5,0.9038290056845246
CCGAACGGTTCTCCAC-1,Endo CLDN5 SLC7A5,0.8204408312035809
CCGAACGTCGATTGAC-1,OPC PDGFRA PCDH15,0.9853781475422108
CCGATCTAGCCTGAAG-1,L2-3 CUX2 NTNG1 COL5A2,0.4687846952286839
CCGATCTCAACACAGG-1,PC P2RY14 GRM8,0.9997885838851467
CCGATCTTCAGTGTTG-1,Endo CLDN5 SLC7A5,0.6150127645571808
CCGATGGAGGCTCTAT-1,Oligo MOG OPALIN,0.9578494967999865
CCGATGGCAGACGGAT-1,Oligo MOG OPALIN,0.32309978791347543
CCGATGGTCGGACTTA-1,L2-3 CUX2 NTNG1 COL5A2,0.31400550179361997
CCGATGGTCTTGTGCC-1,L3-5 RORB MKX GRIN3A,0.8973405300895738
CCGCAAGCAACATCGT-1,InN LAMP5 MEIS2,0.3989579554584947
CCGCAAGTCGTGTGAT-1,InN SST FREM1,0.9994364469757694
CCGGACACAAGCACAG-1,Endo CLDN5 SLC7A5,0.5497134849694297
CCGGACATCTCTCGAC-1,Endo CLDN5 SLC7A5,0.42656986100800287
CCGGGTAAGGCTCTAT-1,Endo CLDN5 SLC7A5,0.7096917901100638
CCGGGTACATGGGTCC-1,Endo CLDN5 SLC7A5,0.5640939632078852
CCGGGTAGTCGAACGA-1,Endo CLDN5 SLC7A5,0.4038284959908191
CCGGTGAAGACAGCTG-1,Endo CLDN5 IL1R1,0.9999002844203613
CCGGTGAGTGCAGGAT-1,Oligo MOG OPALIN,0.483593290675713
CCGGTGATCTACGCAA-1,Astro GFAP AQP1,0.3365389535751341
CCGGTGATCTGCAGCG-1,PC P2RY14 GRM8,0.9999980291099149
CCGTAGGAGCTAAATG-1,Endo CLDN5 SLC7A5,0.3342398384944251
CCGTAGGGTCGTTGGC-1,InN SST STK32A,0.6091809708772951
CCGTAGGTCATCCTAT-1,Oligo MOG OPALIN,0.42764599393782765
CCGTTCAAGAGAAGGT-1,Oligo MOG OPALIN,0.3755432745472155
CCGTTCACACTCTAGA-1,Endo CLDN5 SLC7A5,0.8619003528862953
CCTAACCCACCCAATA-1,Oligo MOG OPALIN,0.8828023331652749
CCTAAGACAAATACGA-1,Astro AQP4 SLC1A2,0.9999790266092285
CCTAAGACAAGTATAG-1,Astro GFAP AQP1,0.6281873370807569
CCTACGTCAAGTGGCA-1,L3-5 RORB MKX GALR1,0.4159121846829981
CCTACGTTCGCTCTCA-1,Oligo MOG OPALIN,0.6888395979540376
CCTACGTTCGGAGATG-1,L6 FEZF2 SYT6 PTPRT,0.31338326069862477
CCTATCGGTATGGTAA-1,Oligo MOG OPALIN,0.3630310569295159
CCTATCGTCACGAACT-1,Oligo MOG OPALIN,0.9150105872141415
CCTCAACGTATAGCTC-1,Oligo MOG OPALIN,0.9624653814987482
CCTCAACGTTTGCCGG-1,Endo CLDN5 SLC7A5,0.9450356698915912
CCTCAACTCCACAGGC-1,Endo CLDN5 SLC7A5,0.8215077501412974
CCTCACAAGAGTGAAG-1,VLMC COL1A2 VLMCA8,0.9968978863947994
CCTCAGTAGCCAGAGT-1,Oligo MOG OPALIN,0.5345803886963131
CCTCAGTAGCTAGTTC-1,Oligo MOG OPALIN,0.9882129981907408
CCTCATGTCCCAATAG-1,Endo CLDN5 SLC7A5,0.5296068191055237
CCTCATGTCTCTGACC-1,Endo CLDN5 SLC7A5,0.3839593991485281
CCTCCAAAGGATTACA-1,Endo CLDN5 SLC7A5,0.7733871657295928
CCTCCAAAGGTTGTTC-1,Endo CLDN5 SLC7A5,0.38662873198447145
CCTCCAAAGTGACACG-1,Endo CLDN5 SLC7A5,0.7949963042068775
CCTCTAGTCTGGTTGA-1,InN SST TRPC7,0.30534620670653617
CCTCTCCCAGGTCCCA-1,Endo CLDN5 SLC7A5,0.7726869297973009
CCTCTCCGTATGTCTG-1,Endo CLDN5 SLC7A5,0.5674926976319143
CCTGTTGAGTGTAGTA-1,Oligo MOG OPALIN,0.3806645479571505
CCTTCAGAGATCGCCC-1,Oligo MOG OPALIN,0.3321961893588459
CCTTCAGCAAGCACCC-1,Endo CLDN5 SLC7A5,0.7875925271561369
CCTTGTGAGTAGTGCG-1,Oligo MOG OPALIN,0.9871014307567565
CCTTGTGTCTGAGAGG-1,Endo CLDN5 SLC7A5,0.5138362665796615
CCTTTGGAGTTTGAGA-1,InN SST PLPP4,0.6742965529830969
CCTTTGGCACGCTGTG-1,Astro GFAP FABP7,0.9992707587240566
CCTTTGGTCCACAGGC-1,L2-3 CUX2 NTNG1 PALMD,0.959515304009741
CCTTTGGTCTTCGGAA-1,Astro AQP4 SLC1A2,0.9967673057068525
CGAAGGAGTACCTGTA-1,Oligo MOG OPALIN,0.7867448409094382
CGAAGTTAGGGATCGT-1,Oligo MOG OPALIN,0.4004313723352347
CGAATTGAGCGGTAAC-1,PC P2RY14 GRM8,0.996417501072306
CGAATTGCAACTTGCA-1,T SKAP1 CD247,0.9999999923547384
CGAATTGTCATTCCTA-1,Oligo MOG OPALIN,0.8343827918282503
CGAATTGTCGCGTCGA-1,Endo CLDN5 SLC7A5,0.31496534240991253
CGAGAAGAGTAAGAGG-1,Endo CLDN5 SLC7A5,0.6155569856243849
CGAGGAAAGTCTAGCT-1,Oligo MOG OPALIN,0.690295975274817
CGAGGCTAGTTAGTGA-1,L2-3 CUX2 NTNG1 PALMD,0.3298638240731619
CGAGGCTGTATTGACC-1,Endo CLDN5 SLC7A5,0.7832302417490694
CGAGTGCAGTCCGTCG-1,Endo CLDN5 SLC7A5,0.46036531779126066
CGAGTGCCAATACCCA-1,L2-3 CUX2 NTNG1 PALMD,0.5641068417791685
CGAGTGCGTCACAATC-1,InN LAMP5 LHX6 PROX1,0.30161612754516703
CGAGTGCTCCTCTTTC-1,Oligo MOG OPALIN,0.9448113842150861
CGATCGGAGCATTGAA-1,Oligo MOG OPALIN,0.8828204470871224
CGATCGGGTGTAGTGG-1,InN LAMP5 LHX6 PROX1,0.9522376099378754
CGATGCGCAGATACTC-1,Endo CLDN5 SLC7A5,0.4829337217331363
CGATGCGGTAGTCCTA-1,Oligo MOG OPALIN,0.5621814787782261
CGATGCGGTCCCGTGA-1,Astro AQP4 SLC1A2,0.9975400188749961
CGCAGGTAGCATGCAG-1,VLMC COL1A2 VLMCA8,0.999206840900356
CGCAGGTAGCGTACAG-1,Endo CLDN5 SLC7A5,0.816236754623582
CGCAGGTAGTTGCGCC-1,Oligo MOG OPALIN,0.8033572065505832
CGCAGGTCAGGTTACT-1,Endo CLDN5 SLC7A5,0.9993064154059725
CGCATAACACATACTG-1,Oligo MOG OPALIN,0.5425962061923562
CGCATAATCGAGAAGC-1,VLMC COL1A2 VLMCA8,0.9760863148570419
CGCATGGAGAACTGAT-1,Endo CLDN5 SLC7A5,0.4310757844193616
CGCATGGAGCAATTAG-1,Endo CLDN5 SLC7A5,0.9651224514254699
CGCATGGGTAGAATGT-1,Endo CLDN5 IL1R1,0.8616830226030957
CGCCAGAAGTGATAAC-1,Endo CLDN5 SLC7A5,0.905838545765119
CGCCAGAGTCGTGTTA-1,PC P2RY14 GRM8,0.6982721942230693
CGCCAGAGTGAACCGA-1,Oligo MOG OPALIN,0.99664169902238
CGCCAGATCAGCTTGA-1,L3-5 RORB MKX DCC,0.6106029997654412
CGCCAGATCCCAGCGA-1,Oligo MOG OPALIN,0.39387384866590974
CGCCATTAGACGGAAA-1,L2-3 CUX2 NTNG1 PALMD,0.3378872457967555
CGCCATTCAGCTGGTC-1,Oligo MOG GSN,0.7321807675488053
CGCGTGACAAGCCTGC-1,Endo CLDN5 SLC7A5,0.536387384264195
CGCGTGAGTAGATCCT-1,Astro GFAP FABP7,0.35621538048798035
CGGAACCAGCTCAGAG-1,Endo CLDN5 SLC7A5,0.43187144080482237
CGGAACCCAGCTTTCC-1,Oligo MOG OPALIN,0.8048171662474868
CGGAACCGTCCAACGC-1,Oligo MOG GSN,0.9928645268548698
CGGAACCGTCCGGATC-1,Endo CLDN5 SLC7A5,0.7609307518412768
CGGAACCGTTACCTTT-1,InN ADARB2 FAM19A1,0.9996963617634801
CGGAATTTCCCATTCG-1,Endo CLDN5 SLC7A5,0.3467907841986792
CGGACACGTTGCTCCT-1,Endo CLDN5 SLC7A5,0.3852259037789368
CGGAGAAAGTCATGGG-1,Endo CLDN5 SLC7A5,0.9624297336669808
CGGAGAAAGTCTTGGT-1,InN SST HS3ST5,0.9988912964426891
CGGCAGTAGTTTGGCT-1,Macro F13A1 COLEC12,0.9531716701216084
CGGCAGTGTAAGGTCG-1,PC P2RY14 GRM8,0.9969943974166605
CGGGTCAAGATACATG-1,Astro AQP4 SLC1A2,0.9932644543326788
CGGGTCAGTCGATTTG-1,Oligo MOG OPALIN,0.4494972098480749
CGGGTGTAGTAACAGT-1,Oligo MOG OPALIN,0.8853771550723556
CGGGTGTCACAAGCTT-1,Astro AQP4 SLC1A2,0.311079819489292
CGGGTGTGTCTCACGG-1,Astro AQP4 SLC1A2,0.9759809899653098
CGGGTGTTCGTGCGAC-1,Micro P2RY12 APBB1IP,0.7340032600369902
CGGTCAGCAGACCATT-1,Oligo MOG OPALIN,0.6639813982346711
CGGTCAGTCTGCGATA-1,Oligo MOG OPALIN,0.5097326572576661
CGTAAGTAGATACATG-1,Oligo MOG OPALIN,0.5714463124036596
CGTAGTACAAAGCAAT-1,Endo CLDN5 SLC7A5,0.963370685748921
CGTAGTAGTACTGGGA-1,Endo CLDN5 SLC7A5,0.39394036431882284
CGTCCATCACATGTTG-1,PC P2RY14 GRM8,0.9897911144483424
CGTCCATTCCAAGCTA-1,InN SST HTR2C,0.924082592053526
CGTGCTTGTGGCGCTT-1,Endo CLDN5 SLC7A5,0.8908137715469128
CGTGCTTTCCCGAAAT-1,Oligo MOG OPALIN,0.9999419710698761
CGTGCTTTCCCGTTCA-1,Oligo MOG OPALIN,0.9999978271844412
CGTGTCTTCAAATAGG-1,L2-3 CUX2 NTNG1 PALMD,0.7268687002896477
CGTTAGACACTCTCGT-1,Oligo MOG OPALIN,0.47925987479677473
CGTTAGAGTTGACTGT-1,Endo CLDN5 SLC7A5,0.43073277015930217
CGTTAGAGTTGGCTAT-1,Endo CLDN5 SLC7A5,0.8759517637642935
CGTTGGGAGAATACAC-1,Oligo MOG OPALIN,0.897394116713172
CGTTGGGAGGACTTCT-1,L2-3 CUX2 NTNG1 PALMD,0.8822295085842243
CGTTGGGCAGTCAACT-1,Oligo MOG OPALIN,0.49307046659469017
CGTTGGGTCAGCTCTC-1,Oligo MOG OPALIN,0.999317860274506
CTAACCCCAAATGCGG-1,Endo CLDN5 SLC7A5,0.4323867224140027
CTAACCCCAGAGGCTA-1,Endo CLDN5 SLC7A5,0.34548846851980586
CTAACCCTCCCTTGGT-1,L6 OPRK1 THEMIS RGS6,0.9236474870421887
CTAACTTAGCGAACTG-1,Oligo MOG OPALIN,0.8985038519446732
CTAACTTCAGGAGGTT-1,Astro AQP4 SLC1A2,0.9913431137032477
CTAACTTGTCCAGCCA-1,Astro AQP4 SLC1A2,0.9130560061919504
CTAACTTGTGGGTTGA-1,Oligo MOG OPALIN,0.9389258586789293
CTAACTTTCACCCATC-1,Endo CLDN5 SLC7A5,0.9747754808938227
CTAAGTGCACTTCTCG-1,Endo CLDN5 SLC7A5,0.3014137765789918
CTACATTAGTGCCGAA-1,Oligo MOG OPALIN,0.9454010360382733
CTACCCACAGAACCGA-1,Oligo MOG OPALIN,0.7365364545757994
CTACCCAGTATCGTTG-1,Micro P2RY12 APBB1IP,0.9964579565951089
CTACCCAGTTGGAGGT-1,Astro AQP4 SLC1A2,0.9782820147898558
CTACCTGAGGCTTAAA-1,Endo CLDN5 SLC7A5,0.9206906242823822
CTACCTGAGTGTACAA-1,Endo CLDN5 SLC7A5,0.49160613898863115
CTACCTGCATGCGGTC-1,Endo CLDN5 SLC7A5,0.9139549842975573
CTACCTGTCTACTGCC-1,PC P2RY14 GRM8,0.9863270711552979
CTACCTGTCTCCTACG-1,Oligo MOG OPALIN,0.9993316641514489
CTACTATGTGGTCTTA-1,Endo CLDN5 SLC7A5,0.7671798488951287
CTAGACAGTATACCCA-1,Endo CLDN5 SLC7A5,0.5368123902065943
CTAGACAGTTGTAAAG-1,L3-5 RORB MKX DCC,0.8698678221182828
CTAGACATCTCAGGCG-1,L2-4 CUX2 RORB CLMN,0.366094703335096
CTAGGTAAGTACGAGC-1,Endo CLDN5 SLC7A5,0.9259179820985569
CTAGGTAAGTCAATCC-1,Astro AQP4 SLC1A2,0.9953673485578198
CTAGGTAGTCGCATGC-1,InN SST HTR2C,0.9698245819171619
CTATAGGCAAGATGGC-1,Endo CLDN5 SLC7A5,0.8168018883872494
CTATAGGTCTACCACC-1,Endo CLDN5 SLC7A5,0.8758582647774477
CTATCCGGTCACTGAT-1,L2-3 CUX2 NTNG1 PALMD,0.669758176029667
CTATCCGTCCTGTTGC-1,Oligo MOG OPALIN,0.9997884595797663
CTATCCGTCGCTACGG-1,T SKAP1 CD247,0.9999728056176814
CTATCTACACCTAAAC-1,Endo CLDN5 SLC7A5,0.9793086682092424
CTATCTACAGCTGAGA-1,Endo CLDN5 SLC7A5,0.6918831797249684
CTCAACCGTGACCGTC-1,Oligo MOG OPALIN,0.906748290075522
CTCAACCTCCGAACGC-1,Oligo MOG OPALIN,0.31478100966853473
CTCAAGAAGCTCGTGC-1,Oligo MOG OPALIN,0.7667842066821491
CTCAAGAGTCATCACA-1,Endo CLDN5 SLC7A5,0.9787445772759228
CTCAAGATCGTAGCTA-1,Micro P2RY12 APBB1IP,0.9951788054373325
CTCAATTAGACGGATC-1,Oligo MOG OPALIN,0.8618520097671194
CTCAATTAGATTCGCT-1,Oligo MOG OPALIN,0.909325659093332
CTCAATTAGTGGAATT-1,Oligo MOG OPALIN,0.4806788839718656
CTCACTGCAGCACCCA-1,L2-3 CUX2 NTNG1 PALMD,0.7391031547100384
CTCACTGGTGCAGATG-1,Oligo MOG OPALIN,0.6537034727288411
CTCAGGGCAGCAGTGA-1,Oligo MOG OPALIN,0.9372048307943783
CTCAGGGTCTGTTGGA-1,Oligo MOG OPALIN,0.6660364513886431
CTCAGTCCAATTCGTG-1,Endo CLDN5 SLC7A5,0.41642081939490794
CTCAGTCTCGATACTG-1,Oligo MOG OPALIN,0.8118783092081159
CTCATGCCAAAGCACG-1,L6 OPRK1 THEMIS RGS6,0.903720963531786
CTCATGCCACTTGGGC-1,Endo CLDN5 SLC7A5,0.3184494478245032
CTCATTAAGGGACACT-1,Endo CLDN5 SLC7A5,0.7830016850688901
CTCATTACAAAGGTTA-1,L6 OPRK1 THEMIS RGS6,0.9961766393495226
CTCATTAGTACCGGCT-1,Oligo MOG OPALIN,0.7858541479957143
CTCATTATCTTGGTCC-1,Oligo MOG OPALIN,0.7613701538834833
CTCCAACGTGCGTTTA-1,L2-3 CUX2 NTNG1 PALMD,0.6897518977458427
CTCCAACGTGTCCAAT-1,Oligo MOG OPALIN,0.7132194014565751
CTCCACAAGGATGGCT-1,Oligo MOG OPALIN,0.6307656612592819
CTCCACACAGGAGGAG-1,Micro P2RY12 APBB1IP,0.6511399318246952
CTCCACATCTGCGGCA-1,PC P2RY14 GRM8,0.9999846974482339
CTCCATGTCGATCCAA-1,Endo CLDN5 SLC7A5,0.8932604563557482
CTCCCAAGTAGACTGG-1,Endo CLDN5 SLC7A5,0.8501477167613535
CTCCCTCAGTTGGCTT-1,Endo CLDN5 SLC7A5,0.37546881790589604
CTCCGATAGAGTTCGG-1,Endo CLDN5 SLC7A5,0.31374899388486804
CTCCGATTCACTGATG-1,Endo CLDN5 SLC7A5,0.4386060974579126
CTCCGATTCTAGTCAG-1,Astro GFAP AQP1,0.5016072221510859
CTCCTCCCAAGCCCAC-1,Oligo MOG OPALIN,0.3285323662264016
CTCCTTTCACGTTCGG-1,Oligo MOG OPALIN,0.38834200471221303
CTCCTTTGTCGTTATG-1,Oligo MOG OPALIN,0.9979583159604697
CTCGAGGGTCCTGTCT-1,Oligo MOG OPALIN,0.9864742821342781
CTCGAGGGTCGAATGG-1,Endo CLDN5 SLC7A5,0.4207933197275568
CTCTCAGCAAACACGG-1,Endo CLDN5 SLC7A5,0.9909169808100946
CTCTCAGGTCATGGCC-1,Endo CLDN5 SLC7A5,0.939464231191874
CTCTCAGGTCTAGTGT-1,Oligo MOG OPALIN,0.8723567949365124
CTCTCGAAGCATCCCG-1,L3-5 RORB GABRG1 PTPRO,0.812811044441573
CTCTCGAAGCCATTTG-1,Endo CLDN5 SLC7A5,0.503877906913414
CTCTCGAGTCATCCGG-1,Endo CLDN5 SLC7A5,0.7300624871520262
CTCTGGTAGAAACTAC-1,Endo CLDN5 SLC7A5,0.930258816105711
CTCTGGTAGTGAGCCA-1,Oligo MOG OPALIN,0.4153825298143709
CTCTGGTCATTGTGCA-1,Oligo MOG OPALIN,0.6713954490183637
CTGAATGGTCGTAATC-1,Oligo MOG OPALIN,0.8357007491479208
CTGAATGTCTAGAACC-1,L2-3 CUX2 NTNG1 PALMD,0.5657400345586214
CTGAGCGGTATACAGA-1,Endo CLDN5 SLC7A5,0.6000639858706075
CTGAGGCTCGTAATGC-1,L2-4 CUX2 RORB CLMN,0.9849773261066377
CTGAGGCTCTAACGGT-1,Oligo MOG OPALIN,0.43644311652150763
CTGATCCAGCTAGAGC-1,Oligo MOG OPALIN,0.5504469990843825
CTGATCCCAGAGGGTT-1,Astro AQP4 SLC1A2,0.9331254119408494
CTGATCCCATGTGCTA-1,L3-5 RORB MKX DCC,0.38388908644208447
CTGATCCGTATCTCGA-1,Oligo MOG OPALIN,0.847558056738315
CTGATCCTCCTACAAG-1,Oligo MOG GSN,0.9998207610324531
CTGCATCCAAGCGAGT-1,Endo CLDN5 SLC7A5,0.3337454462384638
CTGCATCTCGATGCTA-1,Endo CLDN5 SLC7A5,0.7327072041112238
CTGCCATTCACCGACG-1,Oligo MOG OPALIN,0.42028961842974316
CTGCCTATCCAAACCA-1,Oligo MOG OPALIN,0.7082648822521277
CTGCGAGAGAATGTTG-1,Endo CLDN5 SLC7A5,0.3345907102294901
CTGCGAGGTGATACAA-1,Oligo MOG OPALIN,0.6688277132564499
CTGCGAGTCCAAGCAT-1,Oligo MOG OPALIN,0.991809459823593
CTGCGAGTCTCATTGT-1,Endo CLDN5 SLC7A5,0.9021687423442541
CTGCTCAAGACCTCAT-1,Astro AQP4 SLC1A2,0.9994132311029502
CTGGCAGAGGGTACAC-1,Endo CLDN5 SLC7A5,0.9941581808688827
CTGGCAGCATTGAGCT-1,Endo CLDN5 SLC7A5,0.9649917622143004
CTGGTCTGTGTTACAC-1,Oligo MOG OPALIN,0.9923672947139417
CTGGTCTGTGTTTGCA-1,Oligo MOG OPALIN,0.9402269146066757
CTGTACCCATCCGAGC-1,Oligo MOG OPALIN,0.9240045644647454
CTGTACCGTGAGATTA-1,Endo CLDN5 SLC7A5,0.45397407855270455
CTGTAGACAAAGCAAT-1,PC P2RY14 GRM8,0.9968959213775468
CTGTAGACAACACGAG-1,Endo CLDN5 SLC7A5,0.3110831315981323
CTGTAGAGTGGCACTC-1,PC P2RY14 GRM8,0.9994158762657006
CTGTATTGTACAGTTC-1,Astro AQP4 SLC1A2,0.9999846489778235
CTGTATTTCACCCTGT-1,L2-3 CUX2 NTNG1 PALMD,0.3924444304840304
CTGTATTTCTGTGCTC-1,Oligo MOG OPALIN,0.8837844428864076
CTGTCGTCAAGCGAAC-1,Endo CLDN5 SLC7A5,0.7680850782002758
CTGTCGTTCGATTGAC-1,Oligo MOG OPALIN,0.3275473405385436
CTGTGAAAGTGGTCAG-1,Oligo MOG OPALIN,0.8761164464369939
CTGTGGGCACGTAACT-1,OPC PDGFRA PCDH15,0.9999999999999678
CTGTGGGTCGCAGTCG-1,Endo CLDN5 SLC7A5,0.8376206663828102
CTTAGGAAGATCGCTT-1,L2-3 CUX2 NTNG1 PALMD,0.4266258844852062
CTTAGGACAGTGGGTA-1,Endo CLDN5 SLC7A5,0.821127115035621
CTTAGGACATGGCTAT-1,Astro AQP4 SLC1A2,0.9319725507300606
CTTAGGAGTTAATCGC-1,Endo CLDN5 SLC7A5,0.48776820342393723
CTTCAATCATCATTTC-1,Endo CLDN5 SLC7A5,0.9601838648596395
CTTCAATGTGACTGAG-1,Oligo MOG OPALIN,0.5740587594668175
CTTCAATTCGACCCAG-1,Endo CLDN5 SLC7A5,0.7707198948121472
CTTCCGAAGGTAGTAT-1,Endo CLDN5 SLC7A5,0.7947636725058439
CTTCCGAAGTAGGATT-1,Oligo MOG OPALIN,0.7933569662055692
CTTCCTTAGAGCACTG-1,L2-3 CUX2 NTNG1 PALMD,0.40352693570713416
CTTCCTTGTAATTGGA-1,Oligo MOG OPALIN,0.5392143624963109
CTTCCTTTCCAAACCA-1,Oligo MOG OPALIN,0.9978481129557957
CTTCGGTGTGATTGGG-1,Oligo MOG OPALIN,0.4025592545978381
CTTCTAATCGCTAATG-1,Oligo MOG OPALIN,0.9277541466056506
CTTCTCTAGATCCAAA-1,Endo CLDN5 SLC7A5,0.30530292220330235
CTTCTCTAGGCTAACG-1,L6 FEZF2 SYT6 CDH9,0.8915054969320366
CTTCTCTGTCTGGTTA-1,L3-5 RORB MKX GRIN3A,0.659504274032626
CTTGAGACAGATCCAT-1,Oligo MOG OPALIN,0.3427605434272813
CTTGAGACAGGCTACC-1,Oligo MOG OPALIN,0.44678845257996425
CTTGATTAGATGGCGT-1,Macro F13A1 COLEC12,0.9999992592657816
CTTGATTAGTCTGCGC-1,InN SST STK32A,0.9990118482210174
CTTGATTCATGTACGT-1,Endo CLDN5 SLC7A5,0.8362388928829271
CTTTCAAAGAGAGCGG-1,Astro GFAP FABP7,0.9844972220147813
CTTTCAACACAACGTT-1,PC P2RY14 GRM8,0.9999997041259724
CTTTCAACACGGTCTG-1,Endo CLDN5 SLC7A5,0.7006162994419379
CTTTCAACATCGAAGG-1,Oligo MOG OPALIN,0.998750649220144
CTTTCGGAGGTGCCAA-1,Oligo MOG OPALIN,0.6940484890591007
CTTTCGGGTACACGTT-1,Oligo MOG OPALIN,0.775041520887089
CTTTCGGGTGGCTAGA-1,Oligo MOG OPALIN,0.8834698824875764
CTTTCGGGTTGCCGCA-1,Oligo MOG GSN,0.9899406947437993
GAAACCTGTAGGTACG-1,Endo CLDN5 SLC7A5,0.5028744945822697
GAAACCTTCGGCTTGG-1,Oligo MOG OPALIN,0.9786280851631913
GAAATGACACCAGCCA-1,Oligo MOG OPALIN,0.8895563135416878
GAAATGAGTGTACGCC-1,Endo CLDN5 SLC7A5,0.8551770807390897
GAAATGATCTGTCTCG-1,Endo CLDN5 SLC7A5,0.9821712636107365
GAACGTTAGCGAACTG-1,L6 OPRK1 THEMIS RGS6,0.8192018519362965
GAACTGTCATGGACAG-1,OPC PDGFRA PCDH15,0.999999999999992
GAAGAATAGAATTCAG-1,Oligo MOG OPALIN,0.791303605052733
GAAGAATAGATGGTCG-1,L6 OPRK1 THEMIS RGS6,0.7384101999451355
GAAGCCCAGATTAGAC-1,Endo CLDN5 SLC7A5,0.8576166129013993
GAAGCCCCATGACCCG-1,Oligo MOG OPALIN,0.36014030272921516
GAAGCCCTCGACATCA-1,Micro P2RY12 APBB1IP,0.5102993259496238
GAAGCGATCAAGTCTG-1,InN SST THSD7B,0.859566204039057
GAAGGGTAGTTTCTTC-1,Endo CLDN5 SLC7A5,0.436255827049705
GAAGGGTCATCCTATT-1,Oligo MOG OPALIN,0.9997990462561475
GAAGTAACAAACCATC-1,Endo CLDN5 SLC7A5,0.8475655341307519
GAAGTAACACTAACCA-1,Oligo MOG OPALIN,0.9843316027057797
GAAGTAAGTAATCAGA-1,Endo CLDN5 SLC7A5,0.7633220938924845
GAAGTAAGTACGACAG-1,Micro P2RY12 APBB1IP,0.9902229705169704
GAAGTAAGTAGAGTTA-1,Endo CLDN5 SLC7A5,0.4532567379008387
GAATAGACATCTTTCA-1,OPC PDGFRA PCDH15,0.8415936972522114
GAATAGACATGACAGG-1,Endo CLDN5 SLC7A5,0.7696380699245832
GAATCACTCCTGTTAT-1,Oligo MOG OPALIN,0.33802894317002263
GAATCGTAGGGTATAT-1,Endo CLDN5 SLC7A5,0.762765249421139
GAATCGTGTCCCTGTT-1,Endo CLDN5 SLC7A5,0.8795567181060002
GACACGCAGATTGATG-1,L2-3 CUX2 NTNG1 PALMD,0.6877449739133904
GACACGCAGTCCCTAA-1,Oligo MOG OPALIN,0.9999894487044628
GACAGCCAGAGCAACC-1,Endo CLDN5 SLC7A5,0.9482595994839279
GACAGCCCAATTGCTG-1,Endo CLDN5 SLC7A5,0.6498384939698505
GACAGCCCATGTGCCG-1,Astro AQP4 SLC1A2,0.9429631785082352
GACAGCCGTGACGTCC-1,Endo CLDN5 SLC7A5,0.8810232051465727
GACAGCCTCAGACTGT-1,Oligo MOG OPALIN,0.6463146849902622
GACAGCCTCCACAAGT-1,Micro P2RY12 APBB1IP,0.9934639865854406
GACCAATCACGCTGAC-1,Oligo MOG OPALIN,0.9798229281992664
GACCCAGAGAGAGCCT-1,Oligo MOG OPALIN,0.886334444912978
GACCCTTAGAGGTTAT-1,Oligo MOG OPALIN,0.7083751202889367
GACCCTTAGCGTTCAT-1,Oligo MOG OPALIN,0.9572829447104892
GACCCTTTCCGAGCTG-1,Endo CLDN5 SLC7A5,0.9934802350810213
GACCCTTTCTTGCAAG-1,Oligo MOG OPALIN,0.3719046815867479
GACCGTGAGCTCTGTA-1,Endo CLDN5 SLC7A5,0.7765710555221632
GACCGTGCAGGTACGA-1,Endo CLDN5 SLC7A5,0.418554045928976
GACCGTGTCGTGACTA-1,Endo CLDN5 SLC7A5,0.7708421023535156
GACCTTCAGAAATCCA-1,Oligo MOG OPALIN,0.9992453274167078
GACCTTCCAGAAGTGC-1,Endo CLDN5 SLC7A5,0.4088968834137156
GACCTTCGTATAATGG-1,Oligo MOG OPALIN,0.6286500293435212
GACGCTGAGATACTGA-1,Oligo MOG OPALIN,0.9752924991016594
GACGCTGCATGGAACG-1,Endo CLDN5 SLC7A5,0.9857429896493171
GACGCTGTCACAAGAA-1,Endo CLDN5 SLC7A5,0.8609702737651874
GACGTTACAAACCGGA-1,Oligo MOG OPALIN,0.9233397466590209
GACGTTAGTCAAAGAT-1,T SKAP1 CD247,0.9999998598702223
GACGTTATCCTCAGGG-1,T SKAP1 CD247,0.9999818088258701
GACTATGAGCAGTAAT-1,Oligo MOG OPALIN,0.9640261874245354
GACTATGTCATTACGG-1,Oligo MOG OPALIN,0.9999902405989568
GACTCAAAGCTAGATA-1,L6 OPRK1 THEMIS RGS6,0.7475208477650047
GACTCAAAGGCCGCTT-1,Astro AQP4 SLC1A2,0.9999259552622086
GACTCAAGTCTGATAC-1,Oligo MOG OPALIN,0.33396453297361456
GACTCAATCTGACGCG-1,Oligo MOG OPALIN,0.5400599172367456
GACTGATAGTCGGCAA-1,Oligo MOG OPALIN,0.9998704145585361
GACTGATCAATGGGTG-1,Endo CLDN5 SLC7A5,0.58922233715438
GACTGATTCAGCGCAC-1,Oligo MOG OPALIN,0.8736487507601401
GACTGATTCCTCTCTT-1,Endo CLDN5 SLC7A5,0.9940932651641546
GACTGATTCTTCGACC-1,Oligo MOG OPALIN,0.9598488299959792
GAGAAATAGCGTGAAC-1,Astro AQP4 SLC1A2,0.9996183179319217
GAGAAATCAAGTCCAT-1,Endo CLDN5 SLC7A5,0.4084142267108168
GAGAAATCAGCTCATA-1,Oligo MOG OPALIN,0.9602739270209629
GAGACTTTCAGCAATC-1,L3-5 RORB MKX DCC,0.5817140717986024
GAGACTTTCTCGCCTA-1,L3-5 RORB MKX DCC,0.5231924668029972
GAGAGGTAGTACTCGT-1,Oligo MOG OPALIN,0.549451130814746
GAGATGGAGTCGAGGT-1,Endo CLDN5 SLC7A5,0.5927921851807225
GAGATGGGTCGATTTG-1,Oligo MOG OPALIN,0.9744500472638271
GAGCCTGCACGCGGTT-1,L2-3 CUX2 ACVR1C THSD7A,0.33755475283965963
GAGCTGCAGGTGCAGT-1,InN SST HTR2C,0.9957359435709429
GAGCTGCCATGACAGG-1,Endo CLDN5 SLC7A5,0.35877725411156774
GAGGGATAGGTCACCC-1,Oligo MOG OPALIN,0.9194339909082331
GAGTCATTCCTTGAAG-1,Endo CLDN5 SLC7A5,0.4306786568954275
GAGTCTAAGCGTCGAA-1,Oligo MOG OPALIN,0.9644793794917198
GAGTGAGGTCCCTGAG-1,Oligo MOG OPALIN,0.596284556018823
GAGTGAGTCAAGTTGC-1,OPC PDGFRA PCDH15,0.9999999999936915
GAGTGAGTCCGTGGTG-1,L2-3 CUX2 NTNG1 PALMD,0.3776844768650447
GAGTGTTAGCAACAAT-1,Oligo MOG OPALIN,0.9847365892221822
GAGTGTTTCAACTGGT-1,Oligo MOG OPALIN,0.9211972194553463
GAGTGTTTCCCTCGTA-1,Endo CLDN5 SLC7A5,0.603005910920319
GAGTTGTAGGTCGCCT-1,Endo CLDN5 SLC7A5,0.8707010432114731
GAGTTGTGTCAATGGG-1,Endo CLDN5 SLC7A5,0.7226364229617902
GAGTTTGGTTAGTCGT-1,Endo CLDN5 SLC7A5,0.8691143487843316
GAGTTTGTCCCAAGTA-1,Oligo MOG OPALIN,0.5464760610993056
GATAGAACACCGGCTA-1,Endo CLDN5 SLC7A5,0.6899747688362036
GATAGAACACGCGGTT-1,InN VIP ADAM12,0.36523331795246916
GATAGAACATAGATGA-1,Oligo MOG OPALIN,0.988944874605206
GATCACAAGCCGATTT-1,L2-3 CUX2 NTNG1 PALMD,0.7408540141042254
GATCAGTAGCCAGACA-1,Endo CLDN5 SLC7A5,0.9871697126570748
GATCAGTTCCGAAGGA-1,Oligo MOG OPALIN,0.9642730799710737
GATCATGCATGAGTAA-1,Endo CLDN5 SLC7A5,0.8606344178220333
GATCATGTCTAGCCTC-1,Astro AQP4 SLC1A2,0.9929093314780881
GATCATGTCTGAGATC-1,Endo CLDN5 SLC7A5,0.9999070814117492
GATCGTAAGAGCATCG-1,InN SST HS3ST5,0.964536882008461
GATGACTTCTAGGCCG-1,L6 OPRK1 THEMIS RGS6,0.5529774590443102
GATGATCCAGGTCAAG-1,Endo CLDN5 SLC7A5,0.9781423610547104
GATGCTAAGACGCTCC-1,Oligo MOG OPALIN,0.37271585068520197
GATGGAGTCTAGACAC-1,Oligo MOG GSN,0.4287340286718273
GATGTTGCACAGGATG-1,Oligo MOG OPALIN,0.9381680517817235
GATGTTGTCGATTGGT-1,OPC PDGFRA PCDH15,0.9999999999999927
GATTCGAAGAGAACCC-1,Endo CLDN5 SLC7A5,0.33201259966513547
GATTCGAAGGTCATCT-1,Oligo MOG OPALIN,0.9974340895104861
GATTCGACACCTGCAG-1,Endo CLDN5 SLC7A5,0.6308844082152273
GATTCGACAGACAAAT-1,OPC PDGFRA PCDH15,0.8525311170799164
GATTCGACAGGAGGTT-1,Endo CLDN5 SLC7A5,0.7442471033471768
GATTCGAGTACGTACT-1,Oligo MOG OPALIN,0.92868045112025
GATTCGAGTGATTGGG-1,Endo CLDN5 SLC7A5,0.5186360262977238
GATTCGAGTGCCTGAC-1,Oligo MOG OPALIN,0.844657931181863
GATTCGATCATCCTAT-1,Endo CLDN5 SLC7A5,0.6828830939333699
GATTCTTTCCACGAAT-1,Oligo MOG OPALIN,0.9572969567361354
GATTCTTTCGTCGCTT-1,Astro AQP4 SLC1A2,0.9999700859827821
GATTGGTAGGAAAGGT-1,OPC PDGFRA PCDH15,0.9999987935809238
GATTGGTGTGAGACGT-1,PC P2RY14 GRM8,0.9973993214431036
GCAACATAGCGCCCAT-1,Oligo MOG OPALIN,0.47542933188142267
GCAACATAGGCGATAC-1,L6 FEZF2 NPFFR2 KCNK2,0.5129379364635607
GCAACATAGTACTGGG-1,L3-5 RORB MKX GRIN3A,0.8771115432442211
GCAACATCACCCTTAC-1,Oligo MOG OPALIN,0.7753031970050814
GCAACCGGTTAAAGTG-1,Micro P2RY12 APBB1IP,0.45233339166077596
GCAACCGTCGAGAAAT-1,InN SST STK32A,0.9450197351348061
GCACATACAGCTACCG-1,Micro P2RY12 APBB1IP,0.8373045204601406
GCACATAGTCTGTGTA-1,Oligo MOG OPALIN,0.8329912650684878
GCACATAGTTGCATCA-1,Oligo MOG OPALIN,0.9428365250896343
GCACGGTAGAGGTCAC-1,L3-5 RORB GABRG1 PTPRO,0.4683172347945645
GCACGGTCATCCTAAG-1,Oligo MOG OPALIN,0.3552147439721243
GCACGGTTCAACCCGG-1,PC P2RY14 GRM8,0.9985118994208685
GCACGTGGTGCGTCGT-1,L2-3 CUX2 ACVR1C THSD7A,0.9990865300351994
GCACGTGTCCAAGCAT-1,L2-3 CUX2 NTNG1 PALMD,0.9400934971809288
GCACTAACACACACGC-1,Endo CLDN5 SLC7A5,0.7682274473826053
GCACTAAGTGGATCAG-1,Astro GFAP AQP1,0.42800087683791316
GCACTAATCCCAACTC-1,Oligo MOG OPALIN,0.347159949818568
GCACTAATCGACCACG-1,Oligo MOG OPALIN,0.87225730571624
GCAGCCACATAGAAAC-1,L6 OPRK1 THEMIS RGS6,0.3205828978189306
GCAGCCATCTGGCTGG-1,Endo CLDN5 SLC7A5,0.7682502752231088
GCAGCTGCACATACGT-1,L2-3 CUX2 NTNG1 PALMD,0.8718989329155741
GCAGCTGCATGGGAAC-1,Endo CLDN5 SLC7A5,0.7329339840205478
GCAGGCTCACGCGTCA-1,Endo CLDN5 SLC7A5,0.851039050397679
GCAGTTAGTGAATAAC-1,Oligo MOG OPALIN,0.4945436721620888
GCAGTTAGTTTCCAAG-1,OPC PDGFRA PCDH15,0.999995764396672
GCAGTTATCCTCACGT-1,Oligo MOG OPALIN,0.9997676048412253
GCATCGGGTGGCTACC-1,Astro AQP4 SLC1A2,0.9997874016620621
GCATCGGTCGGTGTTA-1,Oligo MOG OPALIN,0.42522084944932104
GCATCGGTCGTTAGAC-1,Endo CLDN5 SLC7A5,0.5719061160444634
GCATCTCCATTCTCTA-1,Endo CLDN5 SLC7A5,0.3312557738761427
GCATCTCTCCACCTGT-1,Oligo MOG OPALIN,0.31486983265639035
GCATCTCTCCATGCAA-1,L3-5 RORB MKX GRIN3A,0.8660312517609824
GCATCTCTCTTGCGCT-1,L3-5 RORB MKX SCN5A,0.4110236967935961
GCATGATAGACACACG-1,Oligo MOG OPALIN,0.30513855027746467
GCATGATAGCCGGAAT-1,Endo CLDN5 SLC7A5,0.9534308263137761
GCATGATCAGGTGTTT-1,Endo CLDN5 SLC7A5,0.9297431783140306
GCATTAGCAGGACAGT-1,Micro P2RY12 APBB1IP,0.48589308043311535
GCATTAGGTTAGAAAC-1,PC P2RY14 GRM8,0.9874570715733344
GCCAACGAGTCTCCTC-1,Endo CLDN5 SLC7A5,0.4578380883492534
GCCAGCAGTTATCCAG-1,Endo CLDN5 SLC7A5,0.9283518170677689
GCCAGCATCGAGCCTG-1,Endo CLDN5 SLC7A5,0.9949530739444207
GCCAGGTCATATGCGT-1,L2-4 CUX2 RORB CLMN,0.3933715807599675
GCCAGGTGTCTCTCTG-1,Endo CLDN5 SLC7A5,0.6285200287174808
GCCATTCTCGGCATCG-1,Oligo MOG OPALIN,0.8450393870745252
GCCCAGACACTTGTCC-1,Oligo MOG OPALIN,0.8000133029438737
GCCCAGACATTGTCGA-1,Oligo MOG OPALIN,0.8062626807518141
GCCCAGATCCGAGGCT-1,Oligo MOG OPALIN,0.9048670915811599
GCCCGAAAGAGCATAT-1,Micro P2RY12 APBB1IP,0.9997422081871599
GCCCGAAAGTGATAGT-1,Oligo MOG OPALIN,0.9999511587813718
GCCCGAATCCCGTAAA-1,Oligo MOG OPALIN,0.4661626848694144
GCCGATGCAGTCGTTA-1,Endo CLDN5 SLC7A5,0.9954225057040778
GCCGATGGTGACATCT-1,Oligo MOG OPALIN,0.9983709544222308
GCCGATGTCTAGCATG-1,Micro P2RY12 APBB1IP,0.9883506398391616
GCCGTGAAGTGGAATT-1,Oligo MOG OPALIN,0.991648966149403
GCCGTGAGTCGTGGAA-1,Oligo MOG OPALIN,0.9999304843655138
GCCGTGATCTTGGCTC-1,L2-3 CUX2 NTNG1 PALMD,0.8483292603479701
GCCTGTTAGAAGCGCT-1,InN SST STK32A,0.8459887051839513
GCCTGTTAGGCTTCCG-1,Endo CLDN5 SLC7A5,0.4720192861318485
GCCTGTTGTGAGGAAA-1,Astro GFAP AQP1,0.7484243095581289
GCCTGTTTCCCGTGAG-1,Endo CLDN5 SLC7A5,0.9877288420622277
GCGATCGTCGTGCATA-1,Endo CLDN5 SLC7A5,0.9469118944952369
GCGGAAACATCTAACG-1,Oligo MOG OPALIN,0.6334154231856516
GCGGAAACATGGGATG-1,Endo CLDN5 SLC7A5,0.5070938827049701
GCGGAAATCTGGCTGG-1,Oligo MOG OPALIN,0.8934198059650224
GCGTGCAAGAACAAGG-1,Endo CLDN5 SLC7A5,0.8496394613238607
GCGTGCACAGAGATGC-1,Endo CLDN5 SLC7A5,0.9623946952678817
GCGTGCATCGAGCCTG-1,InN VIP EXPH5,0.6066469358747483
GCGTTTCAGTCATAGA-1,Oligo MOG OPALIN,0.9780503402216019
GCGTTTCTCCCAGCGA-1,Endo CLDN5 SLC7A5,0.340301263806978
GCTACAAGTCCATCTC-1,Endo CLDN5 SLC7A5,0.5616698149580711
GCTACCTTCCGTTGAA-1,Endo CLDN5 SLC7A5,0.47182904602385084
GCTCAAAAGGTAGATT-1,Oligo MOG OPALIN,0.8348318944268788
GCTCAAAAGTTTCAGC-1,Endo CLDN5 DKK2,0.9870298939436719
GCTCAAATCCTTATCA-1,Oligo MOG OPALIN,0.8766875477523717
GCTGCAGAGCCGATAG-1,Oligo MOG OPALIN,0.9919725834896833
GCTGCAGAGGCACCAA-1,Micro P2RY12 APBB1IP,0.5682688301518474
GCTGCAGCACTGTCCT-1,Oligo MOG OPALIN,0.9954562657141625
GCTGCAGGTGTCTAAC-1,L2-3 CUX2 NTNG1 PALMD,0.3491563770681964
GCTGCAGGTTTGGAAA-1,L2-3 CUX2 NTNG1 PALMD,0.5392721180824124
GCTGCAGTCTAGACAC-1,Oligo MOG OPALIN,0.645158183992747
GCTGGGTCACGCGGTT-1,PC P2RY14 GRM8,0.9999996455408409
GCTTCACAGGTGAGAA-1,Oligo MOG OPALIN,0.4953359032869655
GCTTCACCATTCTGTT-1,Endo CLDN5 SLC7A5,0.9868663969577794
GCTTGGGAGACGATAT-1,Oligo MOG OPALIN,0.46627686982106276
GCTTGGGTCCGCTAGG-1,InN SST HS3ST5,0.9206988603793
GCTTTCGGTACTCCGG-1,Oligo MOG OPALIN,0.9468000738458597
GCTTTCGGTCTGTGAT-1,Oligo MOG OPALIN,0.8722599417845932
GCTTTCGGTTAAAGTG-1,L3-5 RORB GABRG1 PTPRO,0.34850526031945117
GGAACCCAGGTGCATG-1,Endo CLDN5 SLC7A5,0.8232004069009883
GGAATCTGTACTTGTG-1,Endo CLDN5 SLC7A5,0.813274306115154
GGAATGGCACGATTCA-1,Endo CLDN5 SLC7A5,0.701287851910182
GGAATGGTCCTTCGAC-1,Oligo MOG OPALIN,0.9999044163653179
GGAGAACCACACGGAA-1,Oligo MOG OPALIN,0.9999390106905198
GGAGATGGTCTAATCG-1,Endo CLDN5 SLC7A5,0.4106364597705602
GGAGATGGTGTTCATG-1,Endo CLDN5 SLC7A5,0.7738798111200178
GGAGATGTCTGCGAGC-1,Endo CLDN5 SLC7A5,0.7129759292298349
GGAGCAAGTAACATCC-1,Oligo MOG OPALIN,0.9995773445057528
GGAGCAAGTACGATGG-1,Endo CLDN5 SLC7A5,0.5043791087832709
GGAGGATGTTACGTAC-1,Endo CLDN5 SLC7A5,0.4799162181986867
GGAGGATTCCTGTAAG-1,Oligo MOG OPALIN,0.701118969639151
GGAGGTATCACCGGTG-1,Endo CLDN5 SLC7A5,0.419300496888432
GGATCTAAGGATGAGA-1,Micro P2RY12 APBB1IP,0.9805936340936825
GGATCTAGTCCCGGTA-1,Oligo MOG OPALIN,0.42935978389944585
GGATCTATCTCTCAAT-1,L2-3 CUX2 NTNG1 COL5A2,0.4674328546494882
GGATGTTAGAGGACTC-1,Endo CLDN5 SLC7A5,0.9988681795328063
GGATGTTAGGACAGTC-1,Endo CLDN5 IL1R1,0.9932650818927032
GGATGTTTCGTTATCT-1,Oligo MOG OPALIN,0.42268029791096645
GGCACGTAGGTAAGTT-1,Endo CLDN5 SLC7A5,0.9700491537208611
GGCTGTGGTGCAGTGA-1,Oligo MOG OPALIN,0.7416717711301576
GGCTTGGAGAAGGATG-1,Oligo MOG OPALIN,0.4330808004715906
GGCTTGGGTCACTCTC-1,Oligo MOG OPALIN,0.9722521000600606
GGGAAGTAGGCCGCTT-1,L2-3 CUX2 NTNG1 PALMD,0.35598330520795796
GGGACAAGTAACGTTC-1,Astro AQP4 SLC1A2,0.9999487059112434
GGGACAATCGGCTGAC-1,OPC PDGFRA PCDH15,0.9999997949347462
GGGACCTCATGAGGGT-1,Oligo MOG OPALIN,0.37849536915755055
GGGACCTTCTCTTCAA-1,Endo CLDN5 SLC7A5,0.5515401344364544
GGGACTCTCACCACAA-1,Endo CLDN5 SLC7A5,0.5702725696544173
GGGAGATAGGCTGGAT-1,OPC PDGFRA PCDH15,0.9999999999999651
GGGAGATGTACACGTT-1,L6 OPRK1 THEMIS RGS6,0.8640359568734989
GGGAGTACAAGACGAC-1,L2-3 CUX2 NTNG1 PALMD,0.8475790842316017
GGGAGTAGTACTCGTA-1,Oligo MOG OPALIN,0.4805276658992656
GGGATCCCAAAGCAAT-1,Oligo MOG OPALIN,0.36835586759792416
GGGATCCTCATCACTT-1,Oligo MOG OPALIN,0.9996881015387553
GGGATGATCGAGAACG-1,Endo CLDN5 SLC7A5,0.8079639512143421
GGGCCATGTGAGATTA-1,Endo CLDN5 SLC7A5,0.9882698933438044
GGGCGTTAGTTAGTGA-1,Oligo MOG OPALIN,0.9998977083370498
GGGCGTTCACTGGCGT-1,Endo CLDN5 SLC7A5,0.7572813367058295
GGGCTACAGCTCATAC-1,Oligo MOG OPALIN,0.9247652148526401
GGGCTCAGTACCAATC-1,L3-5 RORB GABRG1 PTPRO,0.7343798879504237
GGGCTCATCATCTCTA-1,L6 FEZF2 NPFFR2 TPD52L1,0.6427877464327866
GGGTAGAGTGGAACAC-1,Oligo MOG OPALIN,0.9995948809275399
GGGTAGAGTTCCAGGC-1,Oligo MOG OPALIN,0.626514529661067
GGGTATTAGCAAATGT-1,Oligo MOG OPALIN,0.9331951316330188
GGGTATTGTAGGTTTC-1,Oligo MOG OPALIN,0.8555800958738288
GGGTCACGTATGCTAC-1,Endo CLDN5 SLC7A5,0.5590250409198382
GGGTCTGAGCATTGTC-1,Astro AQP4 SLC1A2,0.9982750216556812
GGGTCTGCAAGTGGTG-1,Endo CLDN5 SLC7A5,0.9211181201605143
GGGTCTGCAGATGCGA-1,Oligo MOG OPALIN,0.9999857416872083
GGGTCTGGTGCGGATA-1,Oligo MOG OPALIN,0.9999598145300848
GGGTGAACACATACTG-1,Astro AQP4 SLC1A2,0.9998496132508208
GGGTGTCAGCTACTGT-1,Oligo MOG OPALIN,0.9999686955777399
GGGTGTCGTTCTCTCG-1,Endo CLDN5 SLC7A5,0.9583394672221122
GGGTGTCTCCTTCTGG-1,L3-5 RORB MKX GRIN3A,0.9790537120152274
GGGTTATCAAGCTGCC-1,Oligo MOG OPALIN,0.9980911625012502
GGGTTATTCACTAGCA-1,Endo CLDN5 SLC7A5,0.49264852060746306
GGGTTATTCACTTATC-1,Endo CLDN5 SLC7A5,0.9803548631025958
GGGTTATTCCCGAATA-1,Oligo MOG OPALIN,0.5313129829991955
GGGTTATTCTCTTCAA-1,Endo CLDN5 SLC7A5,0.8475437706735853
GGGTTTATCCGCGAGT-1,Endo CLDN5 SLC7A5,0.7312290635125914
GGTAACTAGATCGCTT-1,Oligo MOG OPALIN,0.3803301947134923
GGTAACTAGGTTCATC-1,Endo CLDN5 SLC7A5,0.3843994160576561
GGTAATCAGTATGGCG-1,InN PVALB HPSE,0.9957458559562161
GGTAGAGAGAGGCGGA-1,L2-3 CUX2 NTNG1 PALMD,0.5514485381625638
GGTAGAGAGTTAGAAC-1,Endo CLDN5 SLC7A5,0.7919255326109935
GGTAGAGCATGGAACG-1,Endo CLDN5 SLC7A5,0.9361025517519681
GGTAGAGTCTGCTCTG-1,Endo CLDN5 SLC7A5,0.7417996636721101
GGTCTGGAGATAACAC-1,Endo CLDN5 SLC7A5,0.431281236661458
GGTCTGGTCATGCAGT-1,Endo CLDN5 SLC7A5,0.9880672733251126
GGTCTGGTCGTTACCC-1,L3-5 RORB MKX GALR1,0.5286843289412778
GGTGAAGCAATACAGA-1,Endo CLDN5 SLC7A5,0.30800228186502027
GGTGGCTGTGTCTTAG-1,Endo CLDN5 SLC7A5,0.9428204439782839
GGTGTCGGTTGCATAC-1,Oligo MOG OPALIN,0.8822336207976489
GGTGTTACAATGCTCA-1,Oligo MOG OPALIN,0.42362338383987713
GGTGTTACACAATCTG-1,Endo CLDN5 SLC7A5,0.8842211135174333
GGTGTTATCTAGGCAT-1,Endo CLDN5 SLC7A5,0.971512783841484
GGTTCTCAGCACTCAT-1,InN SST HTR2C,0.9985376141595972
GGTTCTCTCTGAGAAA-1,Endo CLDN5 SLC7A5,0.7026269479801739
GGTTGTACATGGGAAC-1,Endo CLDN5 SLC7A5,0.4926092281159377
GGTTGTAGTCAATGGG-1,Oligo MOG OPALIN,0.7516022792158769
GTAACACCACCCTGAG-1,L2-4 CUX2 RORB CLMN,0.8652564374240262
GTAACACGTCACCGCA-1,PC P2RY14 GRM8,0.9903141862948295
GTAACACTCAGATTGC-1,Oligo MOG OPALIN,0.5246855740054739
GTAACCAGTGAGTTTC-1,Oligo MOG OPALIN,0.9132279387143994
GTAAGTCAGCATGATA-1,L6 OPRK1 THEMIS RGS6,0.30918511812031835
GTAATCGGTCGATTTG-1,Endo CLDN5 SLC7A5,0.4357668211511293
GTAATGCGTACTCGAT-1,Oligo MOG OPALIN,0.9431267537199668
GTACAACAGCAGAAAG-1,InN LAMP5 ADAMTS20,0.42960395258273726
GTACAGTAGGTTGGAC-1,Oligo MOG OPALIN,0.7978068965130447
GTACAGTCAGTGAGCA-1,Endo CLDN5 SLC7A5,0.4419083997138529
GTAGATCCACTAAACC-1,Endo CLDN5 SLC7A5,0.39541324852757576
GTAGATCTCGTGGTAT-1,Endo CLDN5 SLC7A5,0.5238874014237996
GTAGCTAAGCCGTAAG-1,Oligo MOG OPALIN,0.8519900036628829
GTAGCTAGTCCAGTTA-1,Astro AQP4 SLC1A2,0.9935477320236427
GTAGCTATCTTGCGCT-1,Endo CLDN5 SLC7A5,0.9910795334674446
GTAGGAGGTTAAAGTG-1,Oligo MOG OPALIN,0.42111727346081756
GTAGGAGTCTGAATCG-1,L2-4 CUX2 RORB CLMN,0.32606440048054786
GTAGGTTCATATGGCT-1,Endo CLDN5 SLC7A5,0.66252181583718
GTAGGTTGTGAGGCAT-1,Endo CLDN5 SLC7A5,0.9204288796701885
GTAGGTTTCCTGGGTG-1,Oligo MOG OPALIN,0.3988490440917289
GTATTTCGTAGAATAC-1,Oligo MOG OPALIN,0.999480934681625
GTCAAACGTCGCAACC-1,Endo CLDN5 SLC7A5,0.7711978963515703
GTCAAACTCTCGTGGG-1,Endo CLDN5 SLC7A5,0.4078582835388596
GTCAAGTCAATAGGAT-1,Oligo MOG OPALIN,0.9870186834993612
GTCAAGTCACAGTGTT-1,Endo CLDN5 SLC7A5,0.7215173387698877
GTCAAGTCAGGGTCTC-1,Oligo MOG OPALIN,0.7648149458465859
GTCAAGTTCCGTAGGC-1,Oligo MOG OPALIN,0.3243627396711529
GTCACGGAGTTGGACG-1,Endo CLDN5 SLC7A5,0.9064698386807868
GTCACGGGTTCGGACC-1,Oligo MOG OPALIN,0.950787893532968
GTCACGGTCCTGTTGC-1,L2-3 CUX2 NTNG1 PALMD,0.4563339533644319
GTCACTCCATTGACTG-1,Macro F13A1 COLEC12,0.9999995262836338
GTCACTCTCGGAATTC-1,Endo CLDN5 SLC7A5,0.6912979068148909
GTCAGCGAGATCCGAG-1,Endo CLDN5 SLC7A5,0.3444026621050261
GTCAGCGTCGCCAATA-1,Oligo MOG OPALIN,0.8101486954786196
GTCATCCAGGAACGAA-1,Oligo MOG OPALIN,0.49866886235975755
GTCATCCCAGTGAGCA-1,Oligo MOG OPALIN,0.3108827238647646
GTCATGAAGTTGAATG-1,OPC PDGFRA PCDH15,0.9954891171068883
GTCATGAGTAACAAGT-1,Endo CLDN5 SLC7A5,0.5481116486916069
GTCATTTAGAGTTGTA-1,Oligo MOG OPALIN,0.8646496281413436
GTCCACTCAGCATGCC-1,Oligo MOG OPALIN,0.46966319320123096
GTCCACTGTACTGGGA-1,InN SST FREM1,0.6387089641471231
GTCCACTGTAGCGTTT-1,Endo CLDN5 SLC7A5,0.6738476251183202
GTCCACTTCCAGCTCT-1,Endo CLDN5 SLC7A5,0.6515444538462226
GTCCCATAGTCGCCCA-1,PC P2RY14 GRM8,0.9999952498712329
GTCCCATGTCACTCTC-1,Endo CLDN5 SLC7A5,0.9747646878207179
GTCCTCACACCCTAAA-1,Endo CLDN5 SLC7A5,0.5757954279693319
GTCGAATCAACTCCCT-1,Endo CLDN5 SLC7A5,0.3366630313641738
GTCGAATCACGCGTCA-1,Endo CLDN5 SLC7A5,0.5688266898179976
GTCGAATTCGGAAGGT-1,Astro AQP4 SLC1A2,0.881257270932733
GTCGCGAAGTGTTGAA-1,Endo CLDN5 SLC7A5,0.3277193092420438
GTCGTAAAGGCACGAT-1,InN SST THSD7B,0.8977275390074574
GTCGTAACATCGATAC-1,Oligo MOG OPALIN,0.9950802540367756
GTCGTTCGTGGTCTTA-1,Oligo MOG OPALIN,0.9953929917342335
GTCTACCAGGCACCAA-1,Astro GFAP FABP7,0.9794091640358308
GTCTACCCAGCGTAGA-1,Endo CLDN5 SLC7A5,0.7805928581081801
GTCTACCTCCGTTTCG-1,VLMC COL1A2 SLC13A3,0.9999788967712905
GTCTAGAAGAGGTTTA-1,Oligo MOG OPALIN,0.45306393271094997
GTCTAGACAGACGCTC-1,Oligo MOG OPALIN,0.8736003892496113
GTCTAGACAGAGATGC-1,Oligo MOG OPALIN,0.5092447514777768
GTCTAGAGTGGCCTCA-1,Endo CLDN5 SLC7A5,0.7601689732037258
GTCTAGATCATTGCCC-1,Endo CLDN5 SLC7A5,0.8028254439520337
GTCTCACGTTATCTTC-1,Endo CLDN5 SLC7A5,0.42443624079805253
GTCTTTACAGAGCGTA-1,Endo CLDN5 SLC7A5,0.9526303913787113
GTGACGCAGATTGATG-1,Endo CLDN5 SLC7A5,0.6397642682579913
GTGACGCGTGAGGATC-1,Endo CLDN5 SLC7A5,0.44752320497509723
GTGACGCGTTACGCCG-1,Oligo MOG OPALIN,0.4958369120428162
GTGACGCTCCGAAATC-1,Endo CLDN5 SLC7A5,0.6564060571253474
GTGAGCCGTCGATGCC-1,L6 OPRK1 SMYD1 SNTB1,0.3598121032744152
GTGAGCCTCTTGGAAC-1,Oligo MOG OPALIN,0.6132590785846328
GTGAGGACAGGGAGAG-1,Endo CLDN5 SLC7A5,0.6284970458695005
GTGAGGATCAACGAGG-1,Endo CLDN5 SLC7A5,0.7451646801577795
GTGATGTAGCGCCGTT-1,Micro P2RY12 APBB1IP,0.9819127424331772
GTGATGTGTCACGTGC-1,Oligo MOG OPALIN,0.3217589558813211
GTGCACGCAGTGCCTG-1,Oligo MOG OPALIN,0.34833597469107846
GTGCGTGGTCTATGAC-1,L6 FEZF2 SYT6 CDH9,0.6413433582217997
GTGCTGGAGACTTAAG-1,Oligo MOG OPALIN,0.7559699850149136
GTGCTTCAGCTTAAGA-1,Oligo MOG OPALIN,0.43526144671305694
GTGCTTCCAATCGCGC-1,Endo CLDN5 SLC7A5,0.5161827560788699
GTGGAAGCAGATGCGA-1,Endo CLDN5 SLC7A5,0.7073761289126841
GTGGAAGGTTAACCTG-1,Oligo MOG OPALIN,0.8455607666501787
GTGGAGACACAGTATC-1,Oligo MOG OPALIN,0.999988499881937
GTGGAGACATGGAATA-1,Endo CLDN5 SLC7A5,0.9877174244714876
GTGGCGTAGATGGTAT-1,L2-3 CUX2 NTNG1 PALMD,0.9754088829233333
GTGGCGTAGGTCTGGA-1,Endo CLDN5 SLC7A5,0.47747339129378286
GTGGCGTCAACTGGTT-1,PC P2RY14 GRM8,0.9999419315554361
GTGGCGTCACAGCTGC-1,Oligo MOG OPALIN,0.4942168123122881
GTGGCGTTCGTGGCTG-1,L3-5 RORB MKX GRIN3A,0.9038230585107807
GTGGGAATCGACATCA-1,Oligo MOG OPALIN,0.9999925623960395
GTGGTTAAGCCTGCCA-1,Oligo MOG OPALIN,0.9292562839037511
GTGGTTATCATCGCCT-1,L2-3 CUX2 NTNG1 PALMD,0.7456334210348107
GTGTAACAGTTGGAGC-1,Endo CLDN5 SLC7A5,0.5093849238946473
GTGTCCTAGACTGAGC-1,Endo CLDN5 SLC7A5,0.7298775379654604
GTGTCCTAGCGTGAAC-1,Endo CLDN5 SLC7A5,0.4784617765561822
GTGTGATAGGATTACA-1,Astro GFAP FABP7,0.9951847541179671
GTGTGATCAGCGGTTC-1,Oligo MOG OPALIN,0.7809057683018773
GTGTGATCATTCGATG-1,Astro AQP4 SLC1A2,0.5737947519032695
GTGTGATGTTACGATC-1,Micro P2RY12 APBB1IP,0.9978877876728623
GTGTGATTCTCTCTAA-1,InN LAMP5 BMP7,0.9958172437945464
GTGTGGCAGTAGTCCT-1,Endo CLDN5 SLC7A5,0.8796314332116505
GTGTGGCCAGAAACCG-1,Endo CLDN5 SLC7A5,0.3423625803386448
GTGTGGCGTCTTCATT-1,Endo CLDN5 SLC7A5,0.33204977309060585
GTGTTAGCACTATCCC-1,Micro P2RY12 APBB1IP,0.9321328225492446
GTGTTAGTCCATACAG-1,Endo CLDN5 SLC7A5,0.8619272939577642
GTTACAGAGTCTTGGT-1,Astro GFAP AQP1,0.4642444115045102
GTTACAGCAGAAATCA-1,Oligo MOG OPALIN,0.43865102635152575
GTTACAGCATGGTGGA-1,Astro AQP4 SLC1A2,0.31113512145780686
GTTACCCAGCCTGAGA-1,Oligo MOG OPALIN,0.5463357425917884
GTTACGAAGTTCCGTA-1,Astro AQP4 SLC1A2,0.3403195910572824
GTTACGACATGAATAG-1,Oligo MOG OPALIN,0.7632614986763318
GTTACGATCTCCCATG-1,Endo CLDN5 SLC7A5,0.9860975794883743
GTTAGACAGCTGACTT-1,Endo CLDN5 SLC7A5,0.4098337298721039
GTTAGACCATGACAAA-1,Endo CLDN5 SLC7A5,0.7601617619867228
GTTAGTGTCTTAGTTC-1,Endo CLDN5 SLC7A5,0.8871027759916579
GTTATGGAGAACCGCA-1,Oligo MOG OPALIN,0.3378432212098853
GTTCATTCATTGGCAT-1,Endo CLDN5 SLC7A5,0.3113253662129599
GTTCCGTCACCAGACC-1,L2-4 CUX2 RORB CLMN,0.5016648742133865
GTTCCGTCACGAAGAC-1,Oligo MOG OPALIN,0.9931387245246721
GTTCGCTAGATAGTGT-1,Oligo MOG OPALIN,0.681664965476746
GTTCTATAGTGGATTA-1,Endo CLDN5 SLC7A5,0.8060133283818365
GTTGAACAGTGCCGAA-1,OPC PDGFRA PCDH15,0.9999999999999889
GTTGAACAGTGTTCCA-1,Endo CLDN5 SLC7A5,0.8485472555097342
GTTGAACCAGCACACC-1,Endo CLDN5 SLC7A5,0.958130553056027
GTTGAACCATCGCTGG-1,Oligo MOG OPALIN,0.47435711594221314
GTTGAACGTCTGTGGC-1,Oligo MOG OPALIN,0.5753784156823828
GTTGAACTCTGGTTGA-1,Endo CLDN5 SLC7A5,0.6136049818214201
GTTGCGGAGGCAGTCA-1,Endo CLDN5 SLC7A5,0.9636078660732229
GTTGCTCAGCCTGAAG-1,Oligo MOG OPALIN,0.8353206746160801
GTTGCTCGTCTAGATC-1,Endo CLDN5 SLC7A5,0.967808340536647
GTTGCTCTCCGTTTCG-1,VLMC COL1A2 VLMCA8,0.9995730044013464
GTTGCTCTCTTCCCAG-1,Oligo MOG OPALIN,0.5228830865769376
GTTGTAGCACACCAGC-1,Endo CLDN5 DKK2,0.9995514686199586
GTTGTAGGTACGCGTC-1,Oligo MOG OPALIN,0.8615188309938034
GTTGTAGGTGGGTTGA-1,Endo CLDN5 SLC7A5,0.9407407106789453
GTTGTCCAGCGTGAGT-1,Oligo MOG OPALIN,0.961841075441393
GTTGTCCAGTTTGTCG-1,OPC PDGFRA PCDH15,0.9999999962364792
GTTGTCCCAACTTGGT-1,Endo CLDN5 SLC7A5,0.9408549658318782
GTTGTGAGTGTCCGGT-1,Oligo MOG OPALIN,0.9592301244450295
GTTTACTTCAATGTCG-1,Endo CLDN5 SLC7A5,0.7902411042448406
GTTTACTTCTACCACC-1,Oligo MOG OPALIN,0.6883042887812425
GTTTGGAAGAATCCCT-1,Endo CLDN5 SLC7A5,0.3646795216609158
GTTTGGAAGCCTGAAG-1,L2-3 CUX2 ACVR1C INHBA,0.5509854386521071
GTTTGGAAGTAAGACT-1,Oligo MOG OPALIN,0.9512876355946871
GTTTGGACACAATTCG-1,Endo CLDN5 SLC7A5,0.9749838131688784
TAACACGTCTCTCTAA-1,Astro AQP4 SLC1A2,0.9637596502930282
TAACCAGAGAGGATCC-1,Endo CLDN5 SLC7A5,0.8907938388413371
TAACGACCACCCAATA-1,T SKAP1 CD247,0.9961917326864741
TAAGCACAGAAGGATG-1,Oligo MOG OPALIN,0.43677466446947627
TAAGCCAAGTTCGCAT-1,L2-3 CUX2 NTNG1 PALMD,0.32016820349873026
TAAGCCACAACTGTGT-1,Endo CLDN5 SLC7A5,0.5747213273158613
TAAGCGTAGAAAGCGA-1,Endo CLDN5 SLC7A5,0.998902674176188
TAAGCGTTCGCTTGCT-1,L2-3 CUX2 NTNG1 PALMD,0.40199637695065094
TAAGTCGCAGGACATG-1,Oligo MOG GSN,0.7011749468673046
TAATCTCAGGTTGGAC-1,Oligo MOG OPALIN,0.9650736738638284
TAATCTCGTGTTTACG-1,Oligo MOG OPALIN,0.3691672461745993
TAATCTCGTTAAGTCC-1,OPC PDGFRA PCDH15,0.9999999999999927
TAATCTCTCCTGTTAT-1,Oligo MOG OPALIN,0.5912867203791656
TAATTCCCAGAGAGGG-1,L3-5 RORB MKX DCC,0.40847328953949225
TAATTCCGTAATGTGA-1,Micro P2RY12 APBB1IP,0.8650434229942758
TAATTCCGTGAAGCTG-1,L2-3 CUX2 NTNG1 PALMD,0.31601929769683984
TAATTCCTCAACTGGT-1,Endo CLDN5 SLC7A5,0.5119367168834994
TACAACGCACATGACT-1,VLMC COL1A2 VLMCA8,0.7233975158285367
TACACCCAGTAATACG-1,Oligo MOG OPALIN,0.36235294959294434
TACACCCAGTAATTGG-1,Oligo MOG OPALIN,0.9988122648325026
TACACCCCAGAACTCT-1,Endo CLDN5 SLC7A5,0.935893535281261
TACACCCGTGTCTCCT-1,Endo CLDN5 SLC7A5,0.39191163900388515
TACAGGTAGCCAAGTG-1,L2-3 CUX2 NTNG1 PALMD,0.6815908685580543
TACAGGTGTTAGAAGT-1,Oligo MOG OPALIN,0.632461085481721
TACAGGTTCGCGTAGC-1,L6 OPRK1 THEMIS RGS6,0.8849027380944515
TACATTCAGTATTGCC-1,Endo CLDN5 SLC7A5,0.9576070775907345
TACCCACCAGCTTTCC-1,Oligo MOG OPALIN,0.9887935009212281
TACCCACCATAGACTC-1,Astro AQP4 SLC1A2,0.6844404763681209
TACCCACGTCTACGAT-1,Endo CLDN5 SLC7A5,0.619400884427
TACCCACGTCTTCTAT-1,OPC PDGFRA PCDH15,1.0
TACCCACTCGATAACC-1,Endo CLDN5 SLC7A5,0.7766088418151661
TACCCGTGTATCCTTT-1,Endo CLDN5 SLC7A5,0.503365808372861
TACCCGTGTGGTTTAC-1,Endo CLDN5 SLC7A5,0.5899796959355883
TACCGAAGTGGGAGAG-1,Endo CLDN5 SLC7A5,0.3966661916522579
TACCGAAGTGGTCTCG-1,Endo CLDN5 SLC7A5,0.9530969857322903
TACCGAATCGCTTTAT-1,Endo CLDN5 SLC7A5,0.5685183033927629
TACCGGGAGATACAGT-1,Astro GFAP FABP7,0.9999501986475263
TACCGGGGTCGTACAT-1,Endo CLDN5 SLC7A5,0.9095711963481641
TACCTGCAGCGCCATC-1,Oligo MOG OPALIN,0.9996052678411093
TACCTGCCAACCACAT-1,Endo CLDN5 SLC7A5,0.9223116554412826
TACCTGCGTCTCACAA-1,Endo CLDN5 SLC7A5,0.7814668632597767
TACGCTCAGGAATCGC-1,Endo CLDN5 DKK2,0.995979346535393
TACGCTCGTATTAAGG-1,Astro AQP4 SLC1A2,0.9967236447295535
TACGGGCAGCTCGCAC-1,Endo CLDN5 SLC7A5,0.34865649497482293
TACGGGCGTTCTTGCC-1,L6 OPRK1 THEMIS RGS6,0.877933706094392
TACGGTACAACAGAGC-1,InN SST PLPP4,0.9850095151287586
TACGGTACAGGACGAT-1,Oligo MOG OPALIN,0.9835858028755141
TACGGTATCGTAGCTA-1,Micro P2RY12 APBB1IP,0.5972148174509482
TACGTCCAGTAGCAAT-1,Macro F13A1 COLEC12,0.3502418141895778
TACGTCCGTTTCACAG-1,Endo CLDN5 SLC7A5,0.4286029927489422
TACTGCCTCTCACGAA-1,InN SST HS3ST5,0.9956926357329154
TACTTACGTTCGGTTA-1,Astro AQP4 SLC1A2,0.9997755340781607
TACTTCACACTTGTGA-1,Endo CLDN5 SLC7A5,0.5578000590889957
TACTTCATCTGAGCAT-1,Oligo MOG OPALIN,0.30671033867816155
TACTTCATCTGCGGAC-1,Oligo MOG OPALIN,0.9558151565297353
TACTTGTCATAATGAG-1,Oligo MOG OPALIN,0.9588691156214154
TACTTGTTCCAGGACC-1,Endo CLDN5 SLC7A5,0.911029225000494
TAGACTGAGAGCAGTC-1,Astro GFAP AQP1,0.9907707732875722
TAGACTGCAACAGATA-1,L2-3 CUX2 NTNG1 PALMD,0.9604522874967539
TAGAGTCTCCCTTGGT-1,Endo CLDN5 SLC7A5,0.9546803628737167
TAGAGTCTCGACACCG-1,Oligo MOG OPALIN,0.9999873686085882
TAGATCGCATGAATCC-1,Endo CLDN5 IL1R1,0.9999999955997037
TAGATCGGTAGGAGGG-1,L3-5 RORB GABRG1 PTPRO,0.3443386377774651
TAGCACACAATTGCCA-1,Endo CLDN5 SLC7A5,0.3723138429894701
TAGCACACAGCAGTTT-1,OPC PDGFRA PCDH15,0.9999999999995384
TAGCACACATCGAAGG-1,Oligo MOG OPALIN,0.9769029704003782
TAGGAGGAGTTACTCG-1,VLMC COL1A2 VLMCA8,0.9981258120294964
TAGGGTTTCTTCGATT-1,Endo CLDN5 SLC7A5,0.6067761549543952
TAGGTTGAGACATATG-1,InN SST FREM1,0.9756429054489143
TAGGTTGAGCATGGGT-1,Endo CLDN5 SLC7A5,0.665333458120441
TAGGTTGGTCAGCTTA-1,Oligo MOG OPALIN,0.823575538818736
TAGTGCAAGACCAACG-1,Endo CLDN5 SLC7A5,0.4387558753335123
TAGTGCAAGCTACTAC-1,Oligo MOG OPALIN,0.7477929424925742
TAGTGCATCAAGGTGG-1,Endo CLDN5 SLC7A5,0.6859990932454223
TAGTGCATCCAATGCA-1,L3-5 RORB GABRG1 PTPRO,0.6703487989881027
TATACCTGTACAGAAT-1,Endo CLDN5 SLC7A5,0.7912951013741438
TATATCCTCGTTCATT-1,Endo CLDN5 SLC7A5,0.7895273994643257
TATCAGGAGCGTTACT-1,Endo CLDN5 SLC7A5,0.9639115204540328
TATCAGGAGGAAGAAC-1,Oligo MOG OPALIN,0.45247775178365407
TATCCTAGTCTAGGCC-1,L6 OPRK1 THEMIS RGS6,0.31543448545141833
TATCCTAGTGCATGAG-1,Oligo MOG OPALIN,0.7144875696923938
TATCCTATCAGAGTTC-1,Oligo MOG OPALIN,0.9939328650564678
TATCGCCAGGTTCTAC-1,Oligo MOG OPALIN,0.6176917490334581
TATCGCCAGTTCCAGT-1,Endo CLDN5 SLC7A5,0.3240541739860079
TATCGCCCAGCCCACA-1,Oligo MOG OPALIN,0.9423162786970419
TATCGCCTCATTACTC-1,Oligo MOG OPALIN,0.47225430940256047
TATCTGTGTGTGTCCG-1,Endo CLDN5 SLC7A5,0.3890109438273806
TATCTTGCAGTCTTCC-1,Micro P2RY12 APBB1IP,0.9906213075526189
TATGTTCGTCATTGCA-1,Endo CLDN5 SLC7A5,0.4605965258338572
TATGTTCGTGCAACGA-1,Endo CLDN5 SLC7A5,0.5081771928590736
TATTCCAGTGGTCTAT-1,Oligo MOG OPALIN,0.49214300658875426
TATTCCATCCATTGCC-1,Endo CLDN5 SLC7A5,0.8872250328819505
TATTGCTCAGTTAGGG-1,Astro GFAP FABP7,0.9999845687534517
TATTGCTGTCTTTCAT-1,Endo CLDN5 SLC7A5,0.8894746473996867
TATTGCTTCTCCCATG-1,Oligo MOG OPALIN,0.9602007297797248
TATTGGGCACAGTCCG-1,Astro AQP4 SLC1A2,0.9997343057980898
TATTGGGCATACTGTG-1,Oligo MOG OPALIN,0.991347205033196
TATTTCGAGGGCAAGG-1,L2-3 CUX2 NTNG1 PALMD,0.8443356858475005
TATTTCGCACATGGTT-1,Endo CLDN5 SLC7A5,0.698094248124626
TATTTCGTCCTAGAGT-1,Oligo MOG OPALIN,0.9084514651258692
TCAAGACCAACATCGT-1,Oligo MOG OPALIN,0.6772850354684242
TCAAGCAAGAGACAAG-1,L3-5 RORB MKX DCC,0.8402792846097115
TCAAGCACACGCGGTT-1,Endo CLDN5 SLC7A5,0.369857344097029
TCAAGCACAGCAGTTT-1,Endo CLDN5 SLC7A5,0.35401783261282116
TCAAGCACAGCTGGTC-1,Oligo MOG OPALIN,0.9454721668695043
TCAAGCATCACCTGTC-1,Astro AQP4 SLC1A2,0.6975354412834872
TCAAGTGAGGATGTTA-1,Endo CLDN5 SLC7A5,0.6750605226561986
TCAAGTGCATCATCTT-1,Astro GFAP AQP1,0.991819890690487
TCAAGTGCATCGTGGC-1,Oligo MOG OPALIN,0.9957115134049043
TCAAGTGGTTTCGACA-1,Oligo MOG OPALIN,0.3823188197805995
TCAATCTCAATAGGAT-1,Oligo MOG OPALIN,0.619146420722199
TCAATCTCATAGTCAC-1,L2-3 CUX2 NTNG1 PALMD,0.849310094406287
TCAATCTGTGCCCGTA-1,Oligo MOG OPALIN,0.7212478701705927
TCAATCTTCCCATTCG-1,Endo CLDN5 SLC7A5,0.3879757524363615
TCAATCTTCTCCCATG-1,Oligo MOG OPALIN,0.8036476307727256
TCAATTCCATTGAAGA-1,Oligo MOG OPALIN,0.9999819584714417
TCACAAGAGCATAGGC-1,Oligo MOG OPALIN,0.7893314854706225
TCACAAGCAAGACTGG-1,OPC PDGFRA PCDH15,0.9999995408661612
TCACAAGCAGTTCTAG-1,Astro AQP4 SLC1A2,0.9949022775299965
TCACAAGTCACCCTGT-1,Endo CLDN5 SLC7A5,0.9549439036358537
TCACACCTCCCGAAAT-1,Endo CLDN5 SLC7A5,0.7077890744080187
TCACACCTCTATACGG-1,Endo CLDN5 SLC7A5,0.8791900012339569
TCACATTGTAGATTGA-1,L3-5 RORB MKX GRIN3A,0.5864705718529731
TCACGCTAGGTACATA-1,Oligo MOG OPALIN,0.9987520407809212
TCACGCTAGTAACCTC-1,Astro AQP4 SLC1A2,0.6412004504160602
TCACGCTTCTAAGGAA-1,Endo CLDN5 SLC7A5,0.8807217104344935
TCACGGGAGCTCTGTA-1,L3-5 RORB GABRG1 KCNH7,0.6124921908659458
TCACTATAGGGTATAT-1,Endo CLDN5 SLC7A5,0.5170660709650314
TCACTATCACACCTAA-1,Oligo MOG OPALIN,0.7691421982543464
TCACTATCACTAAACC-1,Endo CLDN5 SLC7A5,0.8852257236440761
TCACTATGTTCGGCCA-1,Oligo MOG OPALIN,0.9069281700886055
TCACTCGCAGGGCTTC-1,L6 OPRK1 THEMIS RGS6,0.44270755035751674
TCAGCAAGTCTGTTAG-1,Astro AQP4 SLC1A2,0.3537180213275945
TCAGCAATCCTGCTAC-1,Endo CLDN5 SLC7A5,0.5426278408447194
TCAGCCTAGATTAGAC-1,Oligo MOG OPALIN,0.9749128046562098
TCAGCCTAGCTGGCTC-1,Oligo MOG OPALIN,0.9998841695814553
TCAGCCTAGGGAGGGT-1,Oligo MOG OPALIN,0.39644684911327094
TCAGCCTCAATTGAGA-1,Oligo MOG OPALIN,0.9852879670805246
TCAGCCTCACCCTAGG-1,L2-3 CUX2 NTNG1 COL5A2,0.550373645339138
TCAGCCTGTGCTCGTG-1,Endo CLDN5 SLC7A5,0.5501071692622341
TCAGCCTGTTGCACGC-1,Endo CLDN5 SLC7A5,0.9939688602176323
TCAGCCTGTTGCCGCA-1,Oligo MOG OPALIN,0.908093921177246
TCAGCCTTCACTTGTT-1,Endo CLDN5 SLC7A5,0.9758439207471724
TCAGCCTTCCAAGCCG-1,Oligo MOG OPALIN,0.9265620990719161
TCAGCCTTCTATTTCG-1,Oligo MOG OPALIN,0.999902439361822
TCAGGTACAACAGTGG-1,Oligo MOG OPALIN,0.9999865384031383
TCAGGTACAGACGCTC-1,Oligo MOG OPALIN,0.6078141922274584
TCAGTCCTCTTCTCAA-1,Endo CLDN5 SLC7A5,0.9670411626658149
TCAGTGAAGTAACGAT-1,Endo CLDN5 SLC7A5,0.33259861079805253
TCAGTGACAGCAAGAC-1,Endo CLDN5 SLC7A5,0.9176824361122389
TCAGTGATCATTTCCA-1,L3-5 RORB MKX GRIN3A,0.41153602046425775
TCAGTTTAGCGATCGA-1,Oligo MOG OPALIN,0.9390815881850499
TCATACTAGAATCGAT-1,Endo CLDN5 SLC7A5,0.9484273659497561
TCATACTAGACTAGAT-1,Endo CLDN5 SLC7A5,0.30898049453549004
TCATACTCAGAGGGTT-1,Endo CLDN5 SLC7A5,0.744043227364819
TCATACTGTGCCTTTC-1,Endo CLDN5 SLC7A5,0.9373976029424178
TCATACTGTTTGGGTT-1,Oligo MOG OPALIN,0.6359541492678045
TCATATCCACGGCGTT-1,Endo CLDN5 SLC7A5,0.9877654869163852
TCATATCTCGGCTTCT-1,Endo CLDN5 SLC7A5,0.778991406710044
TCATCATCATCCTCAC-1,Endo CLDN5 SLC7A5,0.44667148891838626
TCATCATGTGACCGAA-1,Micro P2RY12 APBB1IP,0.9995551643219895
TCATCATTCAAGCCAT-1,InN SST THSD7B,0.46436138298541124
TCATCCGAGACGGATC-1,InN VIP MEGF11 LHFP,0.5941304700953526
TCATCCGTCGCCGTGA-1,Oligo MOG OPALIN,0.5043982650652198
TCATCCGTCGCTCTCA-1,Oligo MOG OPALIN,0.9998708096900855
TCATGAGCAACTTGCA-1,Oligo MOG OPALIN,0.9932485837041874
TCATGAGGTCACCGAC-1,Oligo MOG OPALIN,0.3693536950633932
TCATGCCCACACCGAC-1,SMC ACTA2 CNN1,0.9983651801164903
TCATGCCGTTGTAGCT-1,Oligo MOG OPALIN,0.870081863220775
TCATGCCTCCTACGGG-1,Micro P2RY12 APBB1IP,0.9802147247721898
TCATGGACAACGGCTC-1,InN VIP CLSTN2,0.7170835825497016
TCATGGAGTCAGTTTG-1,Endo CLDN5 DKK2,0.9959374726369992
TCATGGATCCCTTCCC-1,Endo CLDN5 SLC7A5,0.9909546110136946
TCATGTTAGGGCGAGA-1,Oligo MOG OPALIN,0.8832712895386373
TCATGTTGTACTTCCC-1,Astro GFAP FABP7,0.9984163196918536
TCATTCAAGGTCTTTG-1,Endo CLDN5 SLC7A5,0.910447554386675
TCATTCACAAGTATAG-1,Endo CLDN5 SLC7A5,0.7455484139455498
TCATTGTAGCCTCAAT-1,Endo CLDN5 SLC7A5,0.7349893221101881
TCATTGTCAGAACTAA-1,Endo CLDN5 SLC7A5,0.9269499066870889
TCATTGTGTTAAAGTG-1,Endo CLDN5 SLC7A5,0.7626794452056787
TCATTGTTCGGACCAC-1,Endo CLDN5 SLC7A5,0.591680035598576
TCATTTGCAGCGTTTA-1,Endo CLDN5 SLC7A5,0.9644702847818347
TCATTTGCATTCATCT-1,Oligo MOG OPALIN,0.32671010923660854
TCATTTGGTATTCCTT-1,Oligo MOG OPALIN,0.6030198551211973
TCATTTGTCAGCGCAC-1,Oligo MOG OPALIN,0.9671583187180915
TCATTTGTCCATCTGC-1,InN SST TRPC7,0.4057162921611273
TCCACGTCAGTGAGCA-1,Oligo MOG OPALIN,0.545419061121199
TCCACGTGTAGAGGAA-1,L6 OPRK1 THEMIS RGS6,0.9863368096581677
TCCACGTGTGTGTGTT-1,Endo CLDN5 SLC7A5,0.9914478458320838
TCCACGTGTTCGGTTA-1,Endo CLDN5 SLC7A5,0.9398065240612316
TCCACGTTCGACATTG-1,Oligo MOG OPALIN,0.989773716735307
TCCAGAAAGGCCATAG-1,Astro GFAP AQP1,0.9461794343078089
TCCATCGAGCCTTCTC-1,Endo CLDN5 SLC7A5,0.9837714119994888
TCCATCGGTCCAGTTA-1,Endo CLDN5 SLC7A5,0.5549053424755368
TCCATCGTCCCTCAAC-1,Oligo MOG OPALIN,0.999712544922411
TCCATGCCAAAGGCTG-1,Oligo MOG OPALIN,0.8384657284799448
TCCCACACATTCCTAT-1,Oligo MOG OPALIN,0.9999481084865586
TCCCACATCTAAGGAA-1,Astro AQP4 SLC1A2,0.9972554995130781
TCCCAGTTCAAGAAAC-1,Endo CLDN5 SLC7A5,0.9956525355374051
TCCCAGTTCTCCCATG-1,Endo CLDN5 SLC7A5,0.9142062441274564
TCCCAGTTCTGCACCT-1,Endo CLDN5 SLC7A5,0.9399635355256861
TCCCATGCACCAGACC-1,Endo CLDN5 SLC7A5,0.3694826908518328
TCCCATGCATTCCTCG-1,Endo CLDN5 SLC7A5,0.8923160052864362
TCCCATGTCGGTCTAA-1,Astro AQP4 SLC1A2,0.999998430992814
TCCGAAACACGCGCAT-1,L2-3 CUX2 NTNG1 PALMD,0.5720540375152577
TCCGATCAGGTAGTAT-1,Endo CLDN5 SLC7A5,0.7097687575723887
TCCGATCAGTAGACCG-1,Oligo MOG OPALIN,0.9007031347172124
TCCGATCGTGGGATTG-1,Endo CLDN5 SLC7A5,0.31668035484493273
TCCTAATAGCCATGCC-1,Endo CLDN5 SLC7A5,0.9903889138383217
TCCTAATGTCGAACAG-1,Oligo MOG OPALIN,0.3334485134825445
TCCTAATTCCCTGTTG-1,Endo CLDN5 SLC7A5,0.8292248615377753
TCCTCCCCAGCAAGAC-1,PC P2RY14 GRM8,0.9513806933450535
TCCTCGAAGTAGGCCA-1,Endo CLDN5 SLC7A5,0.921812709514734
TCCTCGACAGACCCGT-1,Astro GFAP AQP1,0.5415325159703817
TCCTCGATCCCTCATG-1,Endo CLDN5 SLC7A5,0.8779477663549137
TCCTGCAGTATCATGC-1,Oligo MOG OPALIN,0.8451735084982659
TCCTTCTTCAGCATTG-1,Oligo MOG OPALIN,0.4877922242171696
TCCTTCTTCGGCTATA-1,L3-5 RORB PCBP3 IL1RAPL2,0.3739488374403326
TCCTTTCCACACACTA-1,L2-3 CUX2 NTNG1 PALMD,0.3522255661147969
TCCTTTCGTTCTGACA-1,L2-3 CUX2 NTNG1 PALMD,0.951787748218435
TCCTTTCTCTGCTTAT-1,Endo CLDN5 SLC7A5,0.9384423173649918
TCGAACAAGAAACACT-1,Oligo MOG OPALIN,0.9999912565686594
TCGAACAAGTCCTGTA-1,Oligo MOG OPALIN,0.9686665178376479
TCGAACACATATGGCT-1,InN LAMP5 BMP7,0.9908496846930256
TCGAAGTAGTCGCCCA-1,Oligo MOG OPALIN,0.9306682782673152
TCGAAGTCAACCCTAA-1,Endo CLDN5 SLC7A5,0.7976061528887521
TCGACCTAGAGATTCA-1,Astro AQP4 SLC1A2,0.5546509150369404
TCGACCTAGGGAGGTG-1,Oligo MOG OPALIN,0.9993923674920121
TCGACCTCAGGGCTTC-1,SMC ACTA2 CNN1,0.9998105882061811
TCGACCTTCCACCCTA-1,L2-3 CUX2 NTNG1 PALMD,0.596176087077262
TCGACGGTCTTGGTCC-1,Oligo MOG OPALIN,0.5477129804381864
TCGCACTTCAAGAAAC-1,L2-3 CUX2 NTNG1 PALMD,0.4628257134116373
TCGCAGGAGTAATCCC-1,Endo CLDN5 SLC7A5,0.8372838989996457
TCGCTCAAGTTCCAGT-1,L3-5 RORB MKX DCC,0.40464357515562194
TCGCTCAGTGCATTTG-1,Endo CLDN5 SLC7A5,0.9845142427480539
TCGCTCAGTGGTCTCG-1,Endo CLDN5 SLC7A5,0.7697809492311308
TCGCTCATCAATCTTC-1,Endo CLDN5 SLC7A5,0.6193340648594762
TCGCTCATCTCCTGAC-1,VLMC COL1A2 SLC13A3,0.3584702931563949
TCGCTTGAGGCAGGTT-1,Astro AQP4 SLC1A2,0.9999564679982849
TCGGATAAGATCGCCC-1,Endo CLDN5 SLC7A5,0.6195744810620133
TCGGATACAGGCTATT-1,Endo CLDN5 SLC7A5,0.6101828002043916
TCGGATATCCGGTAAT-1,Micro P2RY12 APBB1IP,0.9998676150963164
TCGGGACCAATGGGTG-1,Endo CLDN5 SLC7A5,0.7493928431912182
TCGGGACGTTCGAACT-1,Oligo MOG OPALIN,0.636410804982368
TCGGGACTCCTGTAGA-1,Astro AQP4 SLC1A2,0.9994284564998567
TCGGGCAGTACCTATG-1,Oligo MOG OPALIN,0.7135297468874423
TCGGTCTCAAAGGAGA-1,Astro AQP4 SLC1A2,0.9993611730659074
TCGGTCTCAATTTCGG-1,L3-5 RORB MKX SCN5A,0.7840281913165167
TCGGTCTGTACCTAAC-1,Endo CLDN5 SLC7A5,0.870276466204224
TCGGTCTGTAGATTAG-1,Endo CLDN5 SLC7A5,0.4641463667415926
TCGTAGATCTCATTAC-1,L3-5 RORB MKX GRIN3A,0.31921909621158107
TCGTCCAAGAGCCGAT-1,InN PVALB SNTB1,0.7410086063120322
TCGTCCAGTACAAACA-1,OPC PDGFRA PCDH15,0.9999999999999993
TCGTCCATCTCTGCCA-1,Endo CLDN5 SLC7A5,0.959485592609293
TCGTGCTCACCTTCCA-1,Astro GFAP FABP7,0.880876052208042
TCTAACTGTAATCAGA-1,Endo CLDN5 SLC7A5,0.4769715234624835
TCTAACTGTAGGTCAG-1,L2-3 CUX2 NTNG1 COL5A2,0.3447709549628017
TCTACATAGGCATGGT-1,InN LHX6 HGF STON2,0.8900767670271813
TCTACATCACAACGAG-1,Astro GFAP FABP7,0.9999292370824224
TCTACCGGTTGAGGAC-1,Endo CLDN5 SLC7A5,0.9593642939982566
TCTACCGTCTGCGGGT-1,Oligo MOG OPALIN,0.9856987728367694
TCTATACAGATACTGA-1,Oligo MOG OPALIN,0.7186295908992055
TCTATACAGGCCCGTT-1,Oligo MOG OPALIN,0.9534838337483926
TCTATACCACCTGAAT-1,Endo CLDN5 SLC7A5,0.4175125397132408
TCTATACCAGGGAATC-1,Endo CLDN5 SLC7A5,0.9824067688012043
TCTATACCAGTTACCA-1,Oligo MOG OPALIN,0.5869934130759541
TCTATCAGTCTGCGCA-1,Astro AQP4 SLC1A2,0.9471899712518094
TCTCACGCACATGTTG-1,Micro P2RY12 APBB1IP,0.98933062537965
TCTCACGCACCGGCTA-1,L2-4 CUX2 RORB CLMN,0.33403341166936495
TCTCACGCAGACCTGC-1,Oligo MOG OPALIN,0.9499042440579528
TCTCAGCCAGGGTCTC-1,Endo CLDN5 SLC7A5,0.39223977000132865
TCTCAGCGTGGGCTCT-1,Endo CLDN5 SLC7A5,0.6204319377230233
TCTCCGACAGAATTCC-1,Astro AQP4 SLC1A2,0.9470609239867401
TCTCCGATCGTCACCT-1,Oligo MOG OPALIN,0.6143663072308556
TCTCTGGAGCACCAGA-1,Oligo MOG OPALIN,0.3004924698261653
TCTGGCTCACCAAAGG-1,Endo CLDN5 SLC7A5,0.9866581169254557
TCTGGCTCATGTTACG-1,Endo CLDN5 SLC7A5,0.5974486367683625
TCTGTCGAGCCGCACT-1,Oligo MOG OPALIN,0.9668044413070294
TCTGTCGAGGTGAGAA-1,L3-5 RORB MKX GRIN3A,0.9234816296854789
TCTGTCGGTCACAGAG-1,Endo CLDN5 SLC7A5,0.3649330782396512
TCTTAGTAGGCGACAT-1,L3-5 RORB GABRG1 PTPRO,0.6237237544334239
TCTTAGTGTACTCAAC-1,Endo CLDN5 SLC7A5,0.5773740891465586
TCTTAGTTCAAGAGGC-1,Endo CLDN5 SLC7A5,0.7997520680314232
TCTTAGTTCGGTCGGT-1,Endo CLDN5 SLC7A5,0.3054134732944212
TCTTCCTAGTTGGAAT-1,L2-3 CUX2 NTNG1 PALMD,0.39200162015637413
TCTTCCTCACTGGAAG-1,Astro AQP4 SLC1A2,0.9882287705111452
TCTTCCTCATGTCTAG-1,PC P2RY14 GRM8,0.8993962012334991
TCTTGCGTCAGACCGC-1,Oligo MOG OPALIN,0.5693091076016131
TCTTTGAGTGTACATC-1,Endo CLDN5 SLC7A5,0.6263011992878056
TCTTTGATCCTGTTAT-1,Oligo MOG OPALIN,0.6102256165482257
TGAACGTAGGGATCTG-1,Oligo MOG OPALIN,0.678678840930762
TGAACGTGTGACAGGT-1,Oligo MOG OPALIN,0.6225974558482142
TGAACGTTCGCTCTCA-1,Oligo MOG OPALIN,0.9708559273601222
TGAATCGAGCTCCATA-1,Endo CLDN5 SLC7A5,0.694446175551798
TGAATCGGTAACTAAG-1,Oligo MOG OPALIN,0.85107560626314
TGAATGCAGAATGTTG-1,Micro P2RY12 APBB1IP,0.9924618675318431
TGAATGCCACAAGCCC-1,Endo CLDN5 SLC7A5,0.8084286526757412
TGAATGCTCATTGTGG-1,Endo CLDN5 SLC7A5,0.6978537958040147
TGACAGTGTAGAGCTG-1,Endo CLDN5 SLC7A5,0.6688904073289629
TGACAGTTCCATCACC-1,Endo CLDN5 SLC7A5,0.7686175065276397
TGACCCTCAGGAACCA-1,Oligo MOG OPALIN,0.6363868217136989
TGACGCGAGCCACCGT-1,Endo CLDN5 SLC7A5,0.647337570261794
TGACGCGGTTCAGTAC-1,Oligo MOG OPALIN,0.9785323724245237
TGACGCGTCATTCATC-1,Endo CLDN5 SLC7A5,0.9769268131625075
TGACTCCGTCGCCACA-1,Oligo MOG OPALIN,0.8435754601066551
TGACTCCGTGAACTAA-1,Endo CLDN5 SLC7A5,0.37555730990045577
TGAGACTAGCTATCTG-1,Endo CLDN5 SLC7A5,0.39306623185429473
TGAGACTAGGCTATCT-1,Endo CLDN5 SLC7A5,0.9730526777971594
TGAGCATAGTAACGTA-1,Oligo MOG OPALIN,0.9094370831651732
TGAGCGCAGTGCTCAT-1,Endo CLDN5 SLC7A5,0.5669082730683965
TGAGCGCTCATCACTT-1,Oligo MOG OPALIN,0.9653292515750422
TGAGCGCTCTGAGTCA-1,Micro P2RY12 APBB1IP,0.9985412978295659
TGAGGAGCATAATCGC-1,Oligo MOG OPALIN,0.5894647825740993
TGAGGGAAGTGGGAAA-1,Endo CLDN5 SLC7A5,0.9333081294936987
TGAGGTTAGGGTAATT-1,Oligo MOG OPALIN,0.5279490046130738
TGAGGTTCACTCTGCT-1,Endo CLDN5 SLC7A5,0.923351023054812
TGAGGTTTCCAGTGTA-1,Endo CLDN5 SLC7A5,0.36702851999536806
TGAGTCAAGATCCCAT-1,Micro P2RY12 APBB1IP,0.997033502838676
TGAGTCACAAGGATGC-1,Oligo MOG OPALIN,0.8014024893222487
TGAGTCACAGGGCTTC-1,Oligo MOG OPALIN,0.999572264325997
TGAGTCAGTATAGGAT-1,Oligo MOG OPALIN,0.9366189788843036
TGAGTCATCCACGTAA-1,Oligo MOG OPALIN,0.961230715909442
TGATCTTCAGAGACTG-1,Endo CLDN5 SLC7A5,0.9101597523445367
TGATCTTGTTCAATCG-1,Oligo MOG OPALIN,0.9999675657546371
TGATGCAAGCCGTAAG-1,Micro P2RY12 APBB1IP,0.9913940987813783
TGATGCAAGCGATGCA-1,Oligo MOG OPALIN,0.5887619335968463
TGATGCACACACCAGC-1,OPC PDGFRA PCDH15,0.9999999999999636
TGATGCACAGACGATG-1,Micro P2RY12 APBB1IP,0.32131615523140944
TGATGCACAGGGTCTC-1,Endo CLDN5 SLC7A5,0.9068185090787506
TGATGCAGTACCGTCG-1,Endo CLDN5 SLC7A5,0.5031179803463378
TGATTCTAGCACTAAA-1,Endo CLDN5 SLC7A5,0.5635969286269636
TGATTCTGTCTTACTT-1,Endo CLDN5 SLC7A5,0.978655731556386
TGATTCTTCCAATCCC-1,Oligo MOG OPALIN,0.9956588921439934
TGATTTCAGTGATAGT-1,Oligo MOG OPALIN,0.9977160527743381
TGATTTCTCCCGTTGT-1,Oligo MOG OPALIN,0.9895048209373957
TGCAGGCCATACCACA-1,Oligo MOG OPALIN,0.9998695224043428
TGCAGGCCATTGACTG-1,Endo CLDN5 SLC7A5,0.9700012629297289
TGCAGGCTCCACAGGC-1,L2-3 CUX2 ACVR1C INHBA,0.6145139249425102
TGCGATACAAGCCTGC-1,Endo CLDN5 SLC7A5,0.9720364462281449
TGCGATAGTCACTTCC-1,Oligo MOG OPALIN,0.5259106699895923
TGCGATAGTTAGTCGT-1,Oligo MOG OPALIN,0.6786527806342104
TGCGGCAAGGCCACCT-1,Oligo MOG OPALIN,0.8318214394410183
TGCGGCATCAGGAGAC-1,Endo CLDN5 SLC7A5,0.7112832672466624
TGCGGCATCGTAGTGT-1,L3-5 RORB MKX DCC,0.9857218704740222
TGCTCGTCATTGCCTC-1,Endo CLDN5 SLC7A5,0.6810047092888833
TGCTGAACAGAAGTTA-1,PC P2RY14 GRM8,0.9999704500283255
TGCTGAACATGCGTGC-1,Oligo MOG OPALIN,0.9382339552723511
TGCTGAAGTTAGCTAC-1,L6 OPRK1 THEMIS RGS6,0.9465839737877425
TGCTTCGGTGATTGGG-1,Micro P2RY12 APBB1IP,0.9991982291398123
TGGAGGAAGATCGACG-1,Endo CLDN5 SLC7A5,0.3089380631207904
TGGAGGAAGCATCAGG-1,Endo CLDN5 SLC7A5,0.33738677829448815
TGGATCACACCAGTAT-1,L6 FEZF2 SYT6 PTPRT,0.38900065023764296
TGGATCACATGCACTA-1,Endo CLDN5 SLC7A5,0.38989827816648753
TGGATCATCAAGAATG-1,Endo CLDN5 SLC7A5,0.5022970749985971
TGGATGTAGTCAGGGT-1,InN SST HS3ST5,0.967777647608642
TGGATGTAGTGCTAGG-1,L6 OPRK1 THEMIS RGS6,0.6667480998181847
TGGGAAGAGTGCAGCA-1,Oligo MOG OPALIN,0.4284428725668019
TGGGAAGGTTCGGTTA-1,Endo CLDN5 SLC7A5,0.9436993910352556
TGGGAAGTCGTCCTTG-1,Endo CLDN5 SLC7A5,0.5521029738494234
TGGGATTAGCTCGCAC-1,Oligo MOG OPALIN,0.8390227636089881
TGGGATTAGTAGGCCA-1,Endo CLDN5 SLC7A5,0.32659126884715023
TGGGATTCAATCGCCG-1,Endo CLDN5 SLC7A5,0.5667288158717184
TGGGATTTCCGATTAG-1,Endo CLDN5 SLC7A5,0.8447994463190137
TGGGCGTCACAGCCTG-1,Oligo MOG OPALIN,0.842681804294528
TGGGCGTGTCAGTTTG-1,Oligo MOG OPALIN,0.9999861558856257
TGGGCGTTCCCAGGCA-1,Endo CLDN5 SLC7A5,0.8840766587359193
TGGGCGTTCGCGCCAA-1,Endo CLDN5 SLC7A5,0.4927590915292577
TGGGCTGCAAGACGGT-1,Micro P2RY12 APBB1IP,0.9271290513426966
TGGGCTGCACTGGCCA-1,Oligo MOG OPALIN,0.9648492200347712
TGGGTTAGTTCGAAGG-1,Endo CLDN5 SLC7A5,0.9866847774275865
TGGGTTATCTTACGTT-1,Oligo MOG OPALIN,0.6566274607295085
TGGTAGTAGTACTCGT-1,Endo CLDN5 SLC7A5,0.9364577131463458
TGGTGATGTATGGGAC-1,Oligo MOG OPALIN,0.9610135525858201
TGGTGATTCATCACAG-1,Oligo MOG OPALIN,0.8925888390621256
TGGTTAGGTCCGAAGA-1,Astro AQP4 SLC1A2,0.5813509344233683
TGGTTAGGTCTGTTAG-1,Endo CLDN5 SLC7A5,0.9029318480972816
TGGTTAGTCCGAGGCT-1,L6 FEZF2 SYT6 ERBB4,0.39333817362328294
TGTAACGCACGCCAGT-1,Oligo MOG OPALIN,0.3840339159526904
TGTAACGGTCAGATTC-1,Endo CLDN5 SLC7A5,0.8084073224357081
TGTAAGCCAGAGTTCT-1,Oligo MOG OPALIN,0.8447899869517865
TGTAAGCGTATTTCGG-1,Oligo MOG OPALIN,0.5151811209486806
TGTACAGTCATGAGTC-1,Endo CLDN5 SLC7A5,0.5566008833145005
TGTACAGTCGTGGAAG-1,L2-3 CUX2 ACVR1C THSD7A,0.9483082533188141
TGTACAGTCTCTTAAC-1,L2-3 CUX2 NTNG1 PALMD,0.834089652647106
TGTAGACGTAGGACCA-1,Micro P2RY12 APBB1IP,0.9960855523429745
TGTAGACTCGTTGTAG-1,Endo CLDN5 SLC7A5,0.904214089626483
TGTCAGACATTCGGGC-1,Endo CLDN5 SLC7A5,0.5461528712381761
TGTCAGAGTCTTGAAC-1,Endo CLDN5 SLC7A5,0.34922074375862056
TGTCAGATCAGCTCTC-1,OPC PDGFRA PCDH15,0.9999999999999796
TGTCAGATCGCATAGT-1,Endo CLDN5 SLC7A5,0.9396546775908242
TGTCCACGTTCAATCG-1,Micro P2RY12 APBB1IP,0.9915036537804622
TGTCCACGTTCTCTAT-1,Oligo MOG OPALIN,0.9997165456048642
TGTCCCAAGTTACGAA-1,L5-6 FEZF2 NXPH2 SORCS3,0.7669010437522317
TGTGCGGAGCAGCAGT-1,Oligo MOG OPALIN,0.6262396676275764
TGTGCGGGTTCTATCT-1,Endo CLDN5 SLC7A5,0.7911999039132034
TGTGCGGTCATGACAC-1,Endo CLDN5 SLC7A5,0.8262983478067661
TGTGCGGTCGCGCTGA-1,Oligo MOG OPALIN,0.4892743417978833
TGTGGCGGTTGTCTAG-1,Endo CLDN5 SLC7A5,0.773660191655892
TGTGTGACAGCTGTCG-1,PC P2RY14 GRM8,0.9999974824131403
TGTTACTAGTCATACC-1,Oligo MOG OPALIN,0.7782135928077565
TGTTACTCACAGTATC-1,Astro AQP4 SLC1A2,0.999037272361581
TGTTACTTCAATGCAC-1,Oligo MOG OPALIN,0.8917792766396156
TGTTCATCAAATCCCA-1,Oligo MOG OPALIN,0.8230065181390444
TGTTCATGTCAAAGCG-1,PC P2RY14 GRM8,0.9993421897558415
TGTTCCGAGGTAGATT-1,L6 OPRK1 THEMIS RGS6,0.9954955725374198
TGTTCTAAGAAGCTCG-1,Astro AQP4 SLC1A2,0.9999291482358306
TGTTCTACACATACTG-1,OPC PDGFRA PCDH15,0.34308846046987
TGTTCTATCGCAATTG-1,L2-3 CUX2 NTNG1 PALMD,0.3567561094776344
TGTTGAGAGGCTTTCA-1,Endo CLDN5 SLC7A5,0.7915209031126669
TGTTGAGGTCGAACAG-1,Endo CLDN5 SLC7A5,0.8831717770806086
TGTTGGAAGTCGGCCT-1,Endo CLDN5 SLC7A5,0.8351995805065398
TGTTGGAAGTTCCATG-1,Endo CLDN5 SLC7A5,0.6716940009662618
TGTTGGACATCAGCTA-1,Endo CLDN5 SLC7A5,0.9524042785779234
TGTTGGAGTCCTACGG-1,Oligo MOG OPALIN,0.9914829799044342
TGTTGGAGTGGTAATA-1,Endo CLDN5 SLC7A5,0.9740018016938029
TGTTTGTGTCAAGCGA-1,Oligo MOG OPALIN,0.6310756075167082
TGTTTGTGTTGCAACT-1,Endo CLDN5 SLC7A5,0.8896684158066083
TTAATCCCAGAAGCGT-1,Micro P2RY12 APBB1IP,0.8935045248071535
TTACAGGAGAGGCGTT-1,OPC PDGFRA PCDH15,0.9999999999966802
TTACCATAGTAACCTC-1,Endo CLDN5 SLC7A5,0.850351878993153
TTACCGCAGGATTTCC-1,OPC PDGFRA PCDH15,0.6714248426564621
TTACCGCCAAGTATAG-1,Micro P2RY12 APBB1IP,0.3623161625946008
TTACCGCCAAGTCCCG-1,InN SST STK32A,0.8992916302975403
TTACCGCGTTACAGCT-1,Endo CLDN5 SLC7A5,0.9919358332877906
TTACGCCAGTAGTCTC-1,Oligo MOG OPALIN,0.5682688008034938
TTACGCCGTATGAGCG-1,L2-3 CUX2 NTNG1 PALMD,0.4496346629098172
TTACGCCGTTCGGCGT-1,L2-3 CUX2 NTNG1 PALMD,0.3947793490438836
TTACGCCTCATTACTC-1,Oligo MOG OPALIN,0.8940920834937268
TTACGTTGTTCATCGA-1,Oligo MOG OPALIN,0.6393644323703429
TTACTGTGTCCACAGC-1,Endo CLDN5 SLC7A5,0.4818472931579764
TTAGGCATCTATCGGA-1,Oligo MOG OPALIN,0.991035702737622
TTAGGCATCTGCTAGA-1,Endo CLDN5 SLC7A5,0.7907950481587588
TTAGGGTCACAGCATT-1,Endo CLDN5 SLC7A5,0.6277301359323868
TTAGGGTCAGAGCCCT-1,Oligo MOG OPALIN,0.8968929945056175
TTAGGGTGTCAGCGTC-1,L6 FEZF2 SYT6 CDH9,0.9718205791747245
TTAGGGTGTGAGATAT-1,Endo CLDN5 SLC7A5,0.9861867167771736
TTAGGGTTCTCCCATG-1,Endo CLDN5 SLC7A5,0.59238823661383
TTAGGGTTCTGCACCT-1,L2-3 CUX2 NTNG1 PALMD,0.44597310259438366
TTAGTCTAGCACTCGC-1,Micro P2RY12 APBB1IP,0.999714395222417
TTAGTCTAGTTGAAAC-1,Oligo MOG OPALIN,0.8491751408012265
TTAGTCTGTGCACAAG-1,Oligo MOG OPALIN,0.9615785801000438
TTATTGCAGCTGTCCG-1,Endo CLDN5 SLC7A5,0.5058530009743479
TTATTGCAGGTGGCTA-1,Oligo MOG OPALIN,0.9996823890277687
TTATTGCAGTAGAGTT-1,Endo CLDN5 SLC7A5,0.3241856742866076
TTATTGCTCGACATCA-1,Oligo MOG OPALIN,0.9999968132803532
TTCAATCGTCTCAGAT-1,Endo CLDN5 SLC7A5,0.3076764263808081
TTCACCGCACCTTCCA-1,Endo CLDN5 SLC7A5,0.4987390161472504
TTCAGGAGTCTCGACG-1,Oligo MOG OPALIN,0.9840859374116043
TTCATGTTCGGCATCG-1,T SKAP1 CD247,0.9979197065355444
TTCATTGTCCGATCTC-1,Oligo MOG OPALIN,0.6966322832010425
TTCCAATGTATCGGTT-1,Oligo MOG OPALIN,0.9999174539796234
TTCCAATTCTTCGGAA-1,Oligo MOG OPALIN,0.9988931708309288
TTCCACGGTCATCGCG-1,Micro P2RY12 APBB1IP,0.6386791587977685
TTCCACGTCTCTTGCG-1,Astro AQP4 SLC1A2,0.9999258104795099
TTCCGGTAGGTACTGG-1,Oligo MOG OPALIN,0.7043794615341303
TTCCGGTGTGAAAGTT-1,Endo CLDN5 SLC7A5,0.47239775493186414
TTCCTAACAATCTCTT-1,Endo CLDN5 SLC7A5,0.8394598334442048
TTCCTAACACAAACGG-1,InN SST FREM1,0.9597527461884843
TTCCTCTAGCACCCAC-1,L6 OPRK1 THEMIS RGS6,0.5357884726515977
TTCCTTCAGCCGTTGC-1,Oligo MOG OPALIN,0.7097481308189091
TTCCTTCCACAAGGTG-1,Endo CLDN5 SLC7A5,0.3069031655526659
TTCGATTAGCCAGAGT-1,Astro GFAP FABP7,0.9998249116610478
TTCGATTAGTTTCGAC-1,Oligo MOG OPALIN,0.9590447499540276
TTCGGTCCACTAAACC-1,Endo CLDN5 SLC7A5,0.9591310781986508
TTCGGTCTCGGCACTG-1,Oligo MOG OPALIN,0.3560554273767329
TTCTAGTAGCCTCTCT-1,Endo CLDN5 SLC7A5,0.6783466001352864
TTCTCTCGTGTCCTAA-1,Endo CLDN5 SLC7A5,0.9925991420851935
TTCTTCCCATATCTCT-1,Endo CLDN5 SLC7A5,0.7911858293302474
TTCTTCCGTTCCACGG-1,Endo CLDN5 SLC7A5,0.7082360689800501
TTCTTCCTCATTTGTC-1,Oligo MOG OPALIN,0.6567168022686471
TTCTTGAAGCCATGCC-1,Endo CLDN5 SLC7A5,0.8179589329331217
TTCTTGAAGGCAGCTA-1,Oligo MOG OPALIN,0.7782379693053504
TTCTTGACAACTTCTT-1,Endo CLDN5 SLC7A5,0.5082070203383026
TTGAACGGTCTGTGCG-1,Micro P2RY12 APBB1IP,0.8165852509627332
TTGAACGTCATTCACT-1,Oligo MOG OPALIN,0.6286867071544074
TTGAACGTCCAGCAAT-1,Oligo MOG OPALIN,0.763673801229826
TTGAACGTCTTCTCAA-1,Endo CLDN5 SLC7A5,0.97020032721936
TTGACCCGTCGGTACC-1,Oligo MOG OPALIN,0.5812590402507393
TTGACCCTCGAGTCTA-1,Endo CLDN5 SLC7A5,0.4625140324983844
TTGAGTGAGCTCCATA-1,Oligo MOG OPALIN,0.9999972635017176
TTGATGGTCAGTGGGA-1,Endo CLDN5 SLC7A5,0.646861011852225
TTGCATTAGAGTCGAC-1,Endo CLDN5 SLC7A5,0.8939448142121105
TTGCATTGTCCAATCA-1,Endo CLDN5 SLC7A5,0.7766527299796194
TTGCATTTCGGAATGG-1,L2-4 CUX2 RORB CLMN,0.4689532829427787
TTGCATTTCTGGGCAC-1,Endo CLDN5 SLC7A5,0.5032135603894744
TTGCCTGAGAAACCAT-1,Astro AQP4 SLC1A2,0.976572414434796
TTGCCTGGTACTTCCC-1,Oligo MOG OPALIN,0.8391203077372457
TTGCCTGTCTTTCTAG-1,Astro GFAP AQP1,0.552720771286907
TTGCGTCCAACCCTAA-1,Endo CLDN5 SLC7A5,0.8276967992574759
TTGCGTCCAATCGCAT-1,Oligo MOG OPALIN,0.3114584383888167
TTGCGTCCAGTGGTGA-1,Oligo MOG OPALIN,0.8696484941569318
TTGCGTCTCTTAGCTT-1,L6 OPRK1 THEMIS RGS6,0.4673598728714485
TTGGATGAGTGATTCC-1,Oligo MOG OPALIN,0.9987201758364452
TTGGATGCACAGCCAC-1,InN VIP HS3ST3B1,0.9673688117099125
TTGGGATAGCCTTTGA-1,L6 OPRK1 THEMIS RGS6,0.9950531239918045
TTGGGATAGGCCTAAG-1,Endo CLDN5 SLC7A5,0.6775932813308345
TTGGGATCAGGCATTT-1,Micro P2RY12 APBB1IP,0.9839134780363781
TTGGGCGAGTATGACA-1,Endo CLDN5 SLC7A5,0.7717556113156498
TTGGGCGGTTTACCAG-1,InN SST PLPP4,0.9349680056016794
TTGGGTACAAACAGGC-1,Endo CLDN5 SLC7A5,0.32502418250790316
TTGGTTTGTCTCGACG-1,Oligo MOG OPALIN,0.999748906003516
TTGTTCAAGCGAGTCA-1,Endo CLDN5 SLC7A5,0.43219472162745054
TTGTTCAAGCGTGTTT-1,Endo CLDN5 SLC7A5,0.9978640204674585
TTGTTGTGTAGGCTCC-1,Endo CLDN5 SLC7A5,0.7566420678156797
TTGTTGTTCCCATGGG-1,Endo CLDN5 SLC7A5,0.6962188959897788
TTGTTGTTCCGTACGG-1,Micro P2RY12 APBB1IP,0.55224422682553
TTGTTTGGTTGCATTG-1,Endo CLDN5 SLC7A5,0.9337678226641193
TTTACCAAGCCTTTCC-1,OPC PDGFRA PCDH15,1.0
TTTACCACAAACTGCT-1,Oligo MOG OPALIN,0.9999842733493621
TTTACCACAAGGACAC-1,Endo CLDN5 SLC7A5,0.555493516011877
TTTACCACACACCAGC-1,Endo CLDN5 SLC7A5,0.8576606444284562
TTTACCACAGGCAATG-1,Micro P2RY12 APBB1IP,0.9878160801894281
TTTACCATCTCGCGTT-1,OPC PDGFRA PCDH15,0.9999999999999973
TTTAGTCAGGCGTTAG-1,Endo CLDN5 SLC7A5,0.6221826626886617
TTTAGTCAGTCTACCA-1,Micro P2RY12 APBB1IP,0.7348912392591871
TTTAGTCCAGTCCGTG-1,Endo CLDN5 SLC7A5,0.6629289358012137
TTTATGCCAGGAACCA-1,Endo CLDN5 SLC7A5,0.9728748633064093
TTTATGCCATCGTCCT-1,Endo CLDN5 SLC7A5,0.850535926381857
TTTCACACATGGGTTT-1,Endo CLDN5 SLC7A5,0.5833036443144318
TTTCAGTCATCGGAGA-1,Oligo MOG OPALIN,0.36283679601580826
TTTCAGTTCTTTGCAT-1,Endo CLDN5 SLC7A5,0.6771764353494114
TTTCATGTCGTGGACC-1,Endo CLDN5 SLC7A5,0.9707280736729662
TTTCATGTCTATCGTT-1,InN SST FREM1,0.8820145405635048
TTTCGATTCATAGAGA-1,Astro GFAP AQP1,0.984297512130978
TTTGACTCAATACGAA-1,Oligo MOG OPALIN,0.5403465594521613
TTTGACTTCACCCTCA-1,Astro AQP4 SLC1A2,0.9502850565333489
TTTGATCAGTCACACT-1,L2-3 CUX2 NTNG1 PALMD,0.9491001258665297
TTTGATCGTCGGTAAG-1,Oligo MOG OPALIN,0.9845853721002654
TTTGATCGTTAAGAAC-1,Oligo MOG OPALIN,0.4273136381015729
TTTGGAGGTATTCCGA-1,Oligo MOG OPALIN,0.4792751699878658
TTTGGTTCACTGTTCC-1,Endo CLDN5 SLC7A5,0.34852037079727194
TTTGTTGCACCACATA-1,Oligo MOG OPALIN,0.6913842210834397
TTTGTTGCAGCCTACG-1,Oligo MOG OPALIN,0.9999643987982968
