,ctpt_consensus_prediction,Cluster_ID,Marker_Match_1,Marker_Match_1_F1 (%),Marker_Match_2,Marker_Match_2_F1 (%),Marker_Match_3,Marker_Match_3_F1 (%)
0,Endo CLDN5 SLC7A5,Endo CLDN5 SLC7A5,Neuron,10.762331838565023,Pyramidal cells,9.411764705882355,Excitatory neuron,8.823529411764705
1,Endo CLDN5 SLC7A5,Endo CLDN5 SLC7A5,Neuron,10.762331838565023,Pyramidal cells,9.411764705882355,Excitatory neuron,8.823529411764705
2,Endo CLDN5 SLC7A5,Endo CLDN5 SLC7A5,Neuron,10.762331838565023,Pyramidal cells,9.411764705882355,Excitatory neuron,8.823529411764705
3,Oligo MOG OPALIN,Oligo MOG OPALIN,Oligodendrocyte,7.725321888412016,Mature oligodendrocyte,7.2727272727272725,Oligodendrocytes,7.246376811594203
4,L6 OPRK1 THEMIS RGS6,L6 OPRK1 THEMIS RGS6,Cajal-retzius cells,6.25,Purkinje neurons,3.669724770642202,Somatostatin interneuron,3.6363636363636362
5,Endo CLDN5 SLC7A5,Endo CLDN5 SLC7A5,Neuron,10.762331838565023,Pyramidal cells,9.411764705882355,Excitatory neuron,8.823529411764705
6,Oligo MOG OPALIN,Oligo MOG OPALIN,Oligodendrocyte,7.725321888412016,Mature oligodendrocyte,7.2727272727272725,Oligodendrocytes,7.246376811594203
7,Endo CLDN5 SLC7A5,Endo CLDN5 SLC7A5,Neuron,10.762331838565023,Pyramidal cells,9.411764705882355,Excitatory neuron,8.823529411764705
8,Oligo MOG OPALIN,Oligo MOG OPALIN,Oligodendrocyte,7.725321888412016,Mature oligodendrocyte,7.2727272727272725,Oligodendrocytes,7.246376811594203
9,Oligo MOG OPALIN,Oligo MOG OPALIN,Oligodendrocyte,7.725321888412016,Mature oligodendrocyte,7.2727272727272725,Oligodendrocytes,7.246376811594203
10,Endo CLDN5 SLC7A5,Endo CLDN5 SLC7A5,Neuron,10.762331838565023,Pyramidal cells,9.411764705882355,Excitatory neuron,8.823529411764705
11,Oligo MOG OPALIN,Oligo MOG OPALIN,Oligodendrocyte,7.725321888412016,Mature oligodendrocyte,7.2727272727272725,Oligodendrocytes,7.246376811594203
12,Endo CLDN5 SLC7A5,Endo CLDN5 SLC7A5,Neuron,10.762331838565023,Pyramidal cells,9.411764705882355,Excitatory neuron,8.823529411764705
13,L6 OPRK1 THEMIS RGS6,L6 OPRK1 THEMIS RGS6,Cajal-retzius cells,6.25,Purkinje neurons,3.669724770642202,Somatostatin interneuron,3.6363636363636362
14,Oligo MOG OPALIN,Oligo MOG OPALIN,Oligodendrocyte,7.725321888412016,Mature oligodendrocyte,7.2727272727272725,Oligodendrocytes,7.246376811594203
15,Endo CLDN5 SLC7A5,Endo CLDN5 SLC7A5,Neuron,10.762331838565023,Pyramidal cells,9.411764705882355,Excitatory neuron,8.823529411764705
16,Endo CLDN5 SLC7A5,Endo CLDN5 SLC7A5,Neuron,10.762331838565023,Pyramidal cells,9.411764705882355,Excitatory neuron,8.823529411764705
17,Oligo MOG OPALIN,Oligo MOG OPALIN,Oligodendrocyte,7.725321888412016,Mature oligodendrocyte,7.2727272727272725,Oligodendrocytes,7.246376811594203
18,Endo CLDN5 SLC7A5,Endo CLDN5 SLC7A5,Neuron,10.762331838565023,Pyramidal cells,9.411764705882355,Excitatory neuron,8.823529411764705
19,Endo CLDN5 SLC7A5,Endo CLDN5 SLC7A5,Neuron,10.762331838565023,Pyramidal cells,9.411764705882355,Excitatory neuron,8.823529411764705
20,Endo CLDN5 SLC7A5,Endo CLDN5 SLC7A5,Neuron,10.762331838565023,Pyramidal cells,9.411764705882355,Excitatory neuron,8.823529411764705
21,Oligo MOG OPALIN,Oligo MOG OPALIN,Oligodendrocyte,7.725321888412016,Mature oligodendrocyte,7.2727272727272725,Oligodendrocytes,7.246376811594203
22,Oligo MOG OPALIN,Oligo MOG OPALIN,Oligodendrocyte,7.725321888412016,Mature oligodendrocyte,7.2727272727272725,Oligodendrocytes,7.246376811594203
23,Astro AQP4 SLC1A2,Astro AQP4 SLC1A2,Astrocyte,9.266409266409266,Bergmann glia,6.593406593406592,Astrocytes,5.309734513274336
24,Endo CLDN5 SLC7A5,Endo CLDN5 SLC7A5,Neuron,10.762331838565023,Pyramidal cells,9.411764705882355,Excitatory neuron,8.823529411764705
25,Endo CLDN5 SLC7A5,Endo CLDN5 SLC7A5,Neuron,10.762331838565023,Pyramidal cells,9.411764705882355,Excitatory neuron,8.823529411764705
26,Endo CLDN5 SLC7A5,Endo CLDN5 SLC7A5,Neuron,10.762331838565023,Pyramidal cells,9.411764705882355,Excitatory neuron,8.823529411764705
27,Endo CLDN5 SLC7A5,Endo CLDN5 SLC7A5,Neuron,10.762331838565023,Pyramidal cells,9.411764705882355,Excitatory neuron,8.823529411764705
28,Oligo MOG OPALIN,Oligo MOG OPALIN,Oligodendrocyte,7.725321888412016,Mature oligodendrocyte,7.2727272727272725,Oligodendrocytes,7.246376811594203
29,Endo CLDN5 SLC7A5,Endo CLDN5 SLC7A5,Neuron,10.762331838565023,Pyramidal cells,9.411764705882355,Excitatory neuron,8.823529411764705
30,Endo CLDN5 SLC7A5,Endo CLDN5 SLC7A5,Neuron,10.762331838565023,Pyramidal cells,9.411764705882355,Excitatory neuron,8.823529411764705
31,Oligo MOG OPALIN,Oligo MOG OPALIN,Oligodendrocyte,7.725321888412016,Mature oligodendrocyte,7.2727272727272725,Oligodendrocytes,7.246376811594203
32,PC P2RY14 GRM8,PC P2RY14 GRM8,Endothelial cell,5.128205128205128,Lake et al.science.ex6,4.761904761904763,Astrocytes,3.5398230088495577
33,Oligo MOG OPALIN,Oligo MOG OPALIN,Oligodendrocyte,7.725321888412016,Mature oligodendrocyte,7.2727272727272725,Oligodendrocytes,7.246376811594203
34,Oligo MOG OPALIN,Oligo MOG OPALIN,Oligodendrocyte,7.725321888412016,Mature oligodendrocyte,7.2727272727272725,Oligodendrocytes,7.246376811594203
35,Oligo MOG OPALIN,Oligo MOG OPALIN,Oligodendrocyte,7.725321888412016,Mature oligodendrocyte,7.2727272727272725,Oligodendrocytes,7.246376811594203
36,Oligo MOG OPALIN,Oligo MOG OPALIN,Oligodendrocyte,7.725321888412016,Mature oligodendrocyte,7.2727272727272725,Oligodendrocytes,7.246376811594203
37,Endo CLDN5 SLC7A5,Endo CLDN5 SLC7A5,Neuron,10.762331838565023,Pyramidal cells,9.411764705882355,Excitatory neuron,8.823529411764705
38,Endo CLDN5 SLC7A5,Endo CLDN5 SLC7A5,Neuron,10.762331838565023,Pyramidal cells,9.411764705882355,Excitatory neuron,8.823529411764705
39,Endo CLDN5 SLC7A5,Endo CLDN5 SLC7A5,Neuron,10.762331838565023,Pyramidal cells,9.411764705882355,Excitatory neuron,8.823529411764705
40,Oligo MOG OPALIN,Oligo MOG OPALIN,Oligodendrocyte,7.725321888412016,Mature oligodendrocyte,7.2727272727272725,Oligodendrocytes,7.246376811594203
41,Endo CLDN5 SLC7A5,Endo CLDN5 SLC7A5,Neuron,10.762331838565023,Pyramidal cells,9.411764705882355,Excitatory neuron,8.823529411764705
42,Oligo MOG OPALIN,Oligo MOG OPALIN,Oligodendrocyte,7.725321888412016,Mature oligodendrocyte,7.2727272727272725,Oligodendrocytes,7.246376811594203
43,Astro AQP4 SLC1A2,Astro AQP4 SLC1A2,Astrocyte,9.266409266409266,Bergmann glia,6.593406593406592,Astrocytes,5.309734513274336
44,Oligo MOG OPALIN,Oligo MOG OPALIN,Oligodendrocyte,7.725321888412016,Mature oligodendrocyte,7.2727272727272725,Oligodendrocytes,7.246376811594203
45,Endo CLDN5 SLC7A5,Endo CLDN5 SLC7A5,Neuron,10.762331838565023,Pyramidal cells,9.411764705882355,Excitatory neuron,8.823529411764705
46,OPC PDGFRA PCDH15,OPC PDGFRA PCDH15,Oligodendrocyte precursor cell,22.22222222222222,Oligodendrocyte progenitor cells,15.384615384615383,Oligodendrocyte,13.733905579399142
47,Endo CLDN5 SLC7A5,Endo CLDN5 SLC7A5,Neuron,10.762331838565023,Pyramidal cells,9.411764705882355,Excitatory neuron,8.823529411764705
48,Oligo MOG OPALIN,Oligo MOG OPALIN,Oligodendrocyte,7.725321888412016,Mature oligodendrocyte,7.2727272727272725,Oligodendrocytes,7.246376811594203
49,Oligo MOG OPALIN,Oligo MOG OPALIN,Oligodendrocyte,7.725321888412016,Mature oligodendrocyte,7.2727272727272725,Oligodendrocytes,7.246376811594203
50,Astro AQP4 SLC1A2,Astro AQP4 SLC1A2,Astrocyte,9.266409266409266,Bergmann glia,6.593406593406592,Astrocytes,5.309734513274336
51,Oligo MOG OPALIN,Oligo MOG OPALIN,Oligodendrocyte,7.725321888412016,Mature oligodendrocyte,7.2727272727272725,Oligodendrocytes,7.246376811594203
52,Endo CLDN5 SLC7A5,Endo CLDN5 SLC7A5,Neuron,10.762331838565023,Pyramidal cells,9.411764705882355,Excitatory neuron,8.823529411764705
53,Endo CLDN5 SLC7A5,Endo CLDN5 SLC7A5,Neuron,10.762331838565023,Pyramidal cells,9.411764705882355,Excitatory neuron,8.823529411764705
54,Endo CLDN5 SLC7A5,Endo CLDN5 SLC7A5,Neuron,10.762331838565023,Pyramidal cells,9.411764705882355,Excitatory neuron,8.823529411764705
55,Oligo MOG OPALIN,Oligo MOG OPALIN,Oligodendrocyte,7.725321888412016,Mature oligodendrocyte,7.2727272727272725,Oligodendrocytes,7.246376811594203
56,Oligo MOG OPALIN,Oligo MOG OPALIN,Oligodendrocyte,7.725321888412016,Mature oligodendrocyte,7.2727272727272725,Oligodendrocytes,7.246376811594203
57,Astro AQP4 SLC1A2,Astro AQP4 SLC1A2,Astrocyte,9.266409266409266,Bergmann glia,6.593406593406592,Astrocytes,5.309734513274336
58,Oligo MOG OPALIN,Oligo MOG OPALIN,Oligodendrocyte,7.725321888412016,Mature oligodendrocyte,7.2727272727272725,Oligodendrocytes,7.246376811594203
59,Astro AQP4 SLC1A2,Astro AQP4 SLC1A2,Astrocyte,9.266409266409266,Bergmann glia,6.593406593406592,Astrocytes,5.309734513274336
60,Astro AQP4 SLC1A2,Astro AQP4 SLC1A2,Astrocyte,9.266409266409266,Bergmann glia,6.593406593406592,Astrocytes,5.309734513274336
61,Oligo MOG OPALIN,Oligo MOG OPALIN,Oligodendrocyte,7.725321888412016,Mature oligodendrocyte,7.2727272727272725,Oligodendrocytes,7.246376811594203
62,Oligo MOG OPALIN,Oligo MOG OPALIN,Oligodendrocyte,7.725321888412016,Mature oligodendrocyte,7.2727272727272725,Oligodendrocytes,7.246376811594203
63,Oligo MOG OPALIN,Oligo MOG OPALIN,Oligodendrocyte,7.725321888412016,Mature oligodendrocyte,7.2727272727272725,Oligodendrocytes,7.246376811594203
64,Endo CLDN5 SLC7A5,Endo CLDN5 SLC7A5,Neuron,10.762331838565023,Pyramidal cells,9.411764705882355,Excitatory neuron,8.823529411764705
65,PC P2RY14 GRM8,PC P2RY14 GRM8,Endothelial cell,5.128205128205128,Lake et al.science.ex6,4.761904761904763,Astrocytes,3.5398230088495577
66,Oligo MOG OPALIN,Oligo MOG OPALIN,Oligodendrocyte,7.725321888412016,Mature oligodendrocyte,7.2727272727272725,Oligodendrocytes,7.246376811594203
67,Endo CLDN5 SLC7A5,Endo CLDN5 SLC7A5,Neuron,10.762331838565023,Pyramidal cells,9.411764705882355,Excitatory neuron,8.823529411764705
68,PC P2RY14 GRM8,PC P2RY14 GRM8,Endothelial cell,5.128205128205128,Lake et al.science.ex6,4.761904761904763,Astrocytes,3.5398230088495577
69,Endo CLDN5 SLC7A5,Endo CLDN5 SLC7A5,Neuron,10.762331838565023,Pyramidal cells,9.411764705882355,Excitatory neuron,8.823529411764705
70,Endo CLDN5 SLC7A5,Endo CLDN5 SLC7A5,Neuron,10.762331838565023,Pyramidal cells,9.411764705882355,Excitatory neuron,8.823529411764705
71,Oligo MOG OPALIN,Oligo MOG OPALIN,Oligodendrocyte,7.725321888412016,Mature oligodendrocyte,7.2727272727272725,Oligodendrocytes,7.246376811594203
72,Endo CLDN5 SLC7A5,Endo CLDN5 SLC7A5,Neuron,10.762331838565023,Pyramidal cells,9.411764705882355,Excitatory neuron,8.823529411764705
73,Oligo MOG OPALIN,Oligo MOG OPALIN,Oligodendrocyte,7.725321888412016,Mature oligodendrocyte,7.2727272727272725,Oligodendrocytes,7.246376811594203
74,Oligo MOG OPALIN,Oligo MOG OPALIN,Oligodendrocyte,7.725321888412016,Mature oligodendrocyte,7.2727272727272725,Oligodendrocytes,7.246376811594203
75,Endo CLDN5 SLC7A5,Endo CLDN5 SLC7A5,Neuron,10.762331838565023,Pyramidal cells,9.411764705882355,Excitatory neuron,8.823529411764705
76,Oligo MOG OPALIN,Oligo MOG OPALIN,Oligodendrocyte,7.725321888412016,Mature oligodendrocyte,7.2727272727272725,Oligodendrocytes,7.246376811594203
77,Endo CLDN5 SLC7A5,Endo CLDN5 SLC7A5,Neuron,10.762331838565023,Pyramidal cells,9.411764705882355,Excitatory neuron,8.823529411764705
78,Oligo MOG OPALIN,Oligo MOG OPALIN,Oligodendrocyte,7.725321888412016,Mature oligodendrocyte,7.2727272727272725,Oligodendrocytes,7.246376811594203
79,InN SST STK32A,InN SST STK32A,Purkinje neurons,11.009174311926607,Bergmann glia,6.593406593406592,Neuron,5.381165919282512
80,L6 OPRK1 THEMIS RGS6,L6 OPRK1 THEMIS RGS6,Cajal-retzius cells,6.25,Purkinje neurons,3.669724770642202,Somatostatin interneuron,3.6363636363636362
81,Oligo MOG OPALIN,Oligo MOG OPALIN,Oligodendrocyte,7.725321888412016,Mature oligodendrocyte,7.2727272727272725,Oligodendrocytes,7.246376811594203
82,OPC PDGFRA PCDH15,OPC PDGFRA PCDH15,Oligodendrocyte precursor cell,22.22222222222222,Oligodendrocyte progenitor cells,15.384615384615383,Oligodendrocyte,13.733905579399142
83,Oligo MOG OPALIN,Oligo MOG OPALIN,Oligodendrocyte,7.725321888412016,Mature oligodendrocyte,7.2727272727272725,Oligodendrocytes,7.246376811594203
84,Micro P2RY12 APBB1IP,Micro P2RY12 APBB1IP,Microglia,9.917355371900827,Lake et al.science.ex8,5.5045871559633035,Microglial-specific cell,3.8461538461538463
85,Endo CLDN5 SLC7A5,Endo CLDN5 SLC7A5,Neuron,10.762331838565023,Pyramidal cells,9.411764705882355,Excitatory neuron,8.823529411764705
86,OPC PDGFRA PCDH15,OPC PDGFRA PCDH15,Oligodendrocyte precursor cell,22.22222222222222,Oligodendrocyte progenitor cells,15.384615384615383,Oligodendrocyte,13.733905579399142
87,Endo CLDN5 SLC7A5,Endo CLDN5 SLC7A5,Neuron,10.762331838565023,Pyramidal cells,9.411764705882355,Excitatory neuron,8.823529411764705
88,Endo CLDN5 SLC7A5,Endo CLDN5 SLC7A5,Neuron,10.762331838565023,Pyramidal cells,9.411764705882355,Excitatory neuron,8.823529411764705
89,Oligo MOG OPALIN,Oligo MOG OPALIN,Oligodendrocyte,7.725321888412016,Mature oligodendrocyte,7.2727272727272725,Oligodendrocytes,7.246376811594203
90,Endo CLDN5 SLC7A5,Endo CLDN5 SLC7A5,Neuron,10.762331838565023,Pyramidal cells,9.411764705882355,Excitatory neuron,8.823529411764705
91,Micro P2RY12 APBB1IP,Micro P2RY12 APBB1IP,Microglia,9.917355371900827,Lake et al.science.ex8,5.5045871559633035,Microglial-specific cell,3.8461538461538463
92,Endo CLDN5 SLC7A5,Endo CLDN5 SLC7A5,Neuron,10.762331838565023,Pyramidal cells,9.411764705882355,Excitatory neuron,8.823529411764705
93,Endo CLDN5 SLC7A5,Endo CLDN5 SLC7A5,Neuron,10.762331838565023,Pyramidal cells,9.411764705882355,Excitatory neuron,8.823529411764705
94,Endo CLDN5 SLC7A5,Endo CLDN5 SLC7A5,Neuron,10.762331838565023,Pyramidal cells,9.411764705882355,Excitatory neuron,8.823529411764705
95,Endo CLDN5 SLC7A5,Endo CLDN5 SLC7A5,Neuron,10.762331838565023,Pyramidal cells,9.411764705882355,Excitatory neuron,8.823529411764705
96,Endo CLDN5 SLC7A5,Endo CLDN5 SLC7A5,Neuron,10.762331838565023,Pyramidal cells,9.411764705882355,Excitatory neuron,8.823529411764705
97,Endo CLDN5 SLC7A5,Endo CLDN5 SLC7A5,Neuron,10.762331838565023,Pyramidal cells,9.411764705882355,Excitatory neuron,8.823529411764705
98,Oligo MOG OPALIN,Oligo MOG OPALIN,Oligodendrocyte,7.725321888412016,Mature oligodendrocyte,7.2727272727272725,Oligodendrocytes,7.246376811594203
99,L6 OPRK1 THEMIS RGS6,L6 OPRK1 THEMIS RGS6,Cajal-retzius cells,6.25,Purkinje neurons,3.669724770642202,Somatostatin interneuron,3.6363636363636362
100,L6 OPRK1 THEMIS RGS6,L6 OPRK1 THEMIS RGS6,Cajal-retzius cells,6.25,Purkinje neurons,3.669724770642202,Somatostatin interneuron,3.6363636363636362
101,Oligo MOG OPALIN,Oligo MOG OPALIN,Oligodendrocyte,7.725321888412016,Mature oligodendrocyte,7.2727272727272725,Oligodendrocytes,7.246376811594203
102,Oligo MOG OPALIN,Oligo MOG OPALIN,Oligodendrocyte,7.725321888412016,Mature oligodendrocyte,7.2727272727272725,Oligodendrocytes,7.246376811594203
103,Oligo MOG OPALIN,Oligo MOG OPALIN,Oligodendrocyte,7.725321888412016,Mature oligodendrocyte,7.2727272727272725,Oligodendrocytes,7.246376811594203
104,Astro AQP4 SLC1A2,Astro AQP4 SLC1A2,Astrocyte,9.266409266409266,Bergmann glia,6.593406593406592,Astrocytes,5.309734513274336
105,L6 OPRK1 THEMIS RGS6,L6 OPRK1 THEMIS RGS6,Cajal-retzius cells,6.25,Purkinje neurons,3.669724770642202,Somatostatin interneuron,3.6363636363636362
106,Oligo MOG OPALIN,Oligo MOG OPALIN,Oligodendrocyte,7.725321888412016,Mature oligodendrocyte,7.2727272727272725,Oligodendrocytes,7.246376811594203
107,Astro AQP4 SLC1A2,Astro AQP4 SLC1A2,Astrocyte,9.266409266409266,Bergmann glia,6.593406593406592,Astrocytes,5.309734513274336
108,Endo CLDN5 SLC7A5,Endo CLDN5 SLC7A5,Neuron,10.762331838565023,Pyramidal cells,9.411764705882355,Excitatory neuron,8.823529411764705
109,Oligo MOG OPALIN,Oligo MOG OPALIN,Oligodendrocyte,7.725321888412016,Mature oligodendrocyte,7.2727272727272725,Oligodendrocytes,7.246376811594203
110,Endo CLDN5 SLC7A5,Endo CLDN5 SLC7A5,Neuron,10.762331838565023,Pyramidal cells,9.411764705882355,Excitatory neuron,8.823529411764705
111,L6 OPRK1 THEMIS RGS6,L6 OPRK1 THEMIS RGS6,Cajal-retzius cells,6.25,Purkinje neurons,3.669724770642202,Somatostatin interneuron,3.6363636363636362
112,Oligo MOG OPALIN,Oligo MOG OPALIN,Oligodendrocyte,7.725321888412016,Mature oligodendrocyte,7.2727272727272725,Oligodendrocytes,7.246376811594203
113,Endo CLDN5 SLC7A5,Endo CLDN5 SLC7A5,Neuron,10.762331838565023,Pyramidal cells,9.411764705882355,Excitatory neuron,8.823529411764705
114,Oligo MOG OPALIN,Oligo MOG OPALIN,Oligodendrocyte,7.725321888412016,Mature oligodendrocyte,7.2727272727272725,Oligodendrocytes,7.246376811594203
115,Endo CLDN5 SLC7A5,Endo CLDN5 SLC7A5,Neuron,10.762331838565023,Pyramidal cells,9.411764705882355,Excitatory neuron,8.823529411764705
116,L6 OPRK1 THEMIS RGS6,L6 OPRK1 THEMIS RGS6,Cajal-retzius cells,6.25,Purkinje neurons,3.669724770642202,Somatostatin interneuron,3.6363636363636362
117,Astro AQP4 SLC1A2,Astro AQP4 SLC1A2,Astrocyte,9.266409266409266,Bergmann glia,6.593406593406592,Astrocytes,5.309734513274336
118,L6 OPRK1 THEMIS RGS6,L6 OPRK1 THEMIS RGS6,Cajal-retzius cells,6.25,Purkinje neurons,3.669724770642202,Somatostatin interneuron,3.6363636363636362
119,Oligo MOG OPALIN,Oligo MOG OPALIN,Oligodendrocyte,7.725321888412016,Mature oligodendrocyte,7.2727272727272725,Oligodendrocytes,7.246376811594203
120,Oligo MOG OPALIN,Oligo MOG OPALIN,Oligodendrocyte,7.725321888412016,Mature oligodendrocyte,7.2727272727272725,Oligodendrocytes,7.246376811594203
121,Endo CLDN5 SLC7A5,Endo CLDN5 SLC7A5,Neuron,10.762331838565023,Pyramidal cells,9.411764705882355,Excitatory neuron,8.823529411764705
122,Astro AQP4 SLC1A2,Astro AQP4 SLC1A2,Astrocyte,9.266409266409266,Bergmann glia,6.593406593406592,Astrocytes,5.309734513274336
123,Oligo MOG OPALIN,Oligo MOG OPALIN,Oligodendrocyte,7.725321888412016,Mature oligodendrocyte,7.2727272727272725,Oligodendrocytes,7.246376811594203
124,Oligo MOG OPALIN,Oligo MOG OPALIN,Oligodendrocyte,7.725321888412016,Mature oligodendrocyte,7.2727272727272725,Oligodendrocytes,7.246376811594203
125,Endo CLDN5 SLC7A5,Endo CLDN5 SLC7A5,Neuron,10.762331838565023,Pyramidal cells,9.411764705882355,Excitatory neuron,8.823529411764705
126,Oligo MOG OPALIN,Oligo MOG OPALIN,Oligodendrocyte,7.725321888412016,Mature oligodendrocyte,7.2727272727272725,Oligodendrocytes,7.246376811594203
127,Oligo MOG OPALIN,Oligo MOG OPALIN,Oligodendrocyte,7.725321888412016,Mature oligodendrocyte,7.2727272727272725,Oligodendrocytes,7.246376811594203
128,Micro P2RY12 APBB1IP,Micro P2RY12 APBB1IP,Microglia,9.917355371900827,Lake et al.science.ex8,5.5045871559633035,Microglial-specific cell,3.8461538461538463
129,Endo CLDN5 SLC7A5,Endo CLDN5 SLC7A5,Neuron,10.762331838565023,Pyramidal cells,9.411764705882355,Excitatory neuron,8.823529411764705
130,Endo CLDN5 SLC7A5,Endo CLDN5 SLC7A5,Neuron,10.762331838565023,Pyramidal cells,9.411764705882355,Excitatory neuron,8.823529411764705
131,Endo CLDN5 SLC7A5,Endo CLDN5 SLC7A5,Neuron,10.762331838565023,Pyramidal cells,9.411764705882355,Excitatory neuron,8.823529411764705
132,Endo CLDN5 SLC7A5,Endo CLDN5 SLC7A5,Neuron,10.762331838565023,Pyramidal cells,9.411764705882355,Excitatory neuron,8.823529411764705
133,Oligo MOG OPALIN,Oligo MOG OPALIN,Oligodendrocyte,7.725321888412016,Mature oligodendrocyte,7.2727272727272725,Oligodendrocytes,7.246376811594203
134,Oligo MOG OPALIN,Oligo MOG OPALIN,Oligodendrocyte,7.725321888412016,Mature oligodendrocyte,7.2727272727272725,Oligodendrocytes,7.246376811594203
135,Endo CLDN5 SLC7A5,Endo CLDN5 SLC7A5,Neuron,10.762331838565023,Pyramidal cells,9.411764705882355,Excitatory neuron,8.823529411764705
136,Oligo MOG OPALIN,Oligo MOG OPALIN,Oligodendrocyte,7.725321888412016,Mature oligodendrocyte,7.2727272727272725,Oligodendrocytes,7.246376811594203
137,Endo CLDN5 SLC7A5,Endo CLDN5 SLC7A5,Neuron,10.762331838565023,Pyramidal cells,9.411764705882355,Excitatory neuron,8.823529411764705
138,Oligo MOG OPALIN,Oligo MOG OPALIN,Oligodendrocyte,7.725321888412016,Mature oligodendrocyte,7.2727272727272725,Oligodendrocytes,7.246376811594203
139,Endo CLDN5 SLC7A5,Endo CLDN5 SLC7A5,Neuron,10.762331838565023,Pyramidal cells,9.411764705882355,Excitatory neuron,8.823529411764705
140,InN SST STK32A,InN SST STK32A,Purkinje neurons,11.009174311926607,Bergmann glia,6.593406593406592,Neuron,5.381165919282512
141,Oligo MOG OPALIN,Oligo MOG OPALIN,Oligodendrocyte,7.725321888412016,Mature oligodendrocyte,7.2727272727272725,Oligodendrocytes,7.246376811594203
142,Endo CLDN5 SLC7A5,Endo CLDN5 SLC7A5,Neuron,10.762331838565023,Pyramidal cells,9.411764705882355,Excitatory neuron,8.823529411764705
143,Oligo MOG OPALIN,Oligo MOG OPALIN,Oligodendrocyte,7.725321888412016,Mature oligodendrocyte,7.2727272727272725,Oligodendrocytes,7.246376811594203
144,Oligo MOG OPALIN,Oligo MOG OPALIN,Oligodendrocyte,7.725321888412016,Mature oligodendrocyte,7.2727272727272725,Oligodendrocytes,7.246376811594203
145,Oligo MOG OPALIN,Oligo MOG OPALIN,Oligodendrocyte,7.725321888412016,Mature oligodendrocyte,7.2727272727272725,Oligodendrocytes,7.246376811594203
146,Oligo MOG OPALIN,Oligo MOG OPALIN,Oligodendrocyte,7.725321888412016,Mature oligodendrocyte,7.2727272727272725,Oligodendrocytes,7.246376811594203
147,Endo CLDN5 SLC7A5,Endo CLDN5 SLC7A5,Neuron,10.762331838565023,Pyramidal cells,9.411764705882355,Excitatory neuron,8.823529411764705
148,Oligo MOG OPALIN,Oligo MOG OPALIN,Oligodendrocyte,7.725321888412016,Mature oligodendrocyte,7.2727272727272725,Oligodendrocytes,7.246376811594203
149,Endo CLDN5 SLC7A5,Endo CLDN5 SLC7A5,Neuron,10.762331838565023,Pyramidal cells,9.411764705882355,Excitatory neuron,8.823529411764705
150,Endo CLDN5 SLC7A5,Endo CLDN5 SLC7A5,Neuron,10.762331838565023,Pyramidal cells,9.411764705882355,Excitatory neuron,8.823529411764705
151,Endo CLDN5 SLC7A5,Endo CLDN5 SLC7A5,Neuron,10.762331838565023,Pyramidal cells,9.411764705882355,Excitatory neuron,8.823529411764705
152,Oligo MOG OPALIN,Oligo MOG OPALIN,Oligodendrocyte,7.725321888412016,Mature oligodendrocyte,7.2727272727272725,Oligodendrocytes,7.246376811594203
153,Endo CLDN5 SLC7A5,Endo CLDN5 SLC7A5,Neuron,10.762331838565023,Pyramidal cells,9.411764705882355,Excitatory neuron,8.823529411764705
154,Endo CLDN5 SLC7A5,Endo CLDN5 SLC7A5,Neuron,10.762331838565023,Pyramidal cells,9.411764705882355,Excitatory neuron,8.823529411764705
155,Endo CLDN5 SLC7A5,Endo CLDN5 SLC7A5,Neuron,10.762331838565023,Pyramidal cells,9.411764705882355,Excitatory neuron,8.823529411764705
156,InN SST STK32A,InN SST STK32A,Purkinje neurons,11.009174311926607,Bergmann glia,6.593406593406592,Neuron,5.381165919282512
157,Micro P2RY12 APBB1IP,Micro P2RY12 APBB1IP,Microglia,9.917355371900827,Lake et al.science.ex8,5.5045871559633035,Microglial-specific cell,3.8461538461538463
158,L6 OPRK1 THEMIS RGS6,L6 OPRK1 THEMIS RGS6,Cajal-retzius cells,6.25,Purkinje neurons,3.669724770642202,Somatostatin interneuron,3.6363636363636362
159,Endo CLDN5 SLC7A5,Endo CLDN5 SLC7A5,Neuron,10.762331838565023,Pyramidal cells,9.411764705882355,Excitatory neuron,8.823529411764705
160,InN SST STK32A,InN SST STK32A,Purkinje neurons,11.009174311926607,Bergmann glia,6.593406593406592,Neuron,5.381165919282512
161,PC P2RY14 GRM8,PC P2RY14 GRM8,Endothelial cell,5.128205128205128,Lake et al.science.ex6,4.761904761904763,Astrocytes,3.5398230088495577
162,Endo CLDN5 SLC7A5,Endo CLDN5 SLC7A5,Neuron,10.762331838565023,Pyramidal cells,9.411764705882355,Excitatory neuron,8.823529411764705
163,Endo CLDN5 SLC7A5,Endo CLDN5 SLC7A5,Neuron,10.762331838565023,Pyramidal cells,9.411764705882355,Excitatory neuron,8.823529411764705
164,Endo CLDN5 SLC7A5,Endo CLDN5 SLC7A5,Neuron,10.762331838565023,Pyramidal cells,9.411764705882355,Excitatory neuron,8.823529411764705
165,Endo CLDN5 SLC7A5,Endo CLDN5 SLC7A5,Neuron,10.762331838565023,Pyramidal cells,9.411764705882355,Excitatory neuron,8.823529411764705
166,Endo CLDN5 SLC7A5,Endo CLDN5 SLC7A5,Neuron,10.762331838565023,Pyramidal cells,9.411764705882355,Excitatory neuron,8.823529411764705
167,Astro AQP4 SLC1A2,Astro AQP4 SLC1A2,Astrocyte,9.266409266409266,Bergmann glia,6.593406593406592,Astrocytes,5.309734513274336
168,Oligo MOG OPALIN,Oligo MOG OPALIN,Oligodendrocyte,7.725321888412016,Mature oligodendrocyte,7.2727272727272725,Oligodendrocytes,7.246376811594203
169,Micro P2RY12 APBB1IP,Micro P2RY12 APBB1IP,Microglia,9.917355371900827,Lake et al.science.ex8,5.5045871559633035,Microglial-specific cell,3.8461538461538463
170,Endo CLDN5 SLC7A5,Endo CLDN5 SLC7A5,Neuron,10.762331838565023,Pyramidal cells,9.411764705882355,Excitatory neuron,8.823529411764705
171,PC P2RY14 GRM8,PC P2RY14 GRM8,Endothelial cell,5.128205128205128,Lake et al.science.ex6,4.761904761904763,Astrocytes,3.5398230088495577
172,L6 OPRK1 THEMIS RGS6,L6 OPRK1 THEMIS RGS6,Cajal-retzius cells,6.25,Purkinje neurons,3.669724770642202,Somatostatin interneuron,3.6363636363636362
173,Astro AQP4 SLC1A2,Astro AQP4 SLC1A2,Astrocyte,9.266409266409266,Bergmann glia,6.593406593406592,Astrocytes,5.309734513274336
174,Endo CLDN5 SLC7A5,Endo CLDN5 SLC7A5,Neuron,10.762331838565023,Pyramidal cells,9.411764705882355,Excitatory neuron,8.823529411764705
175,Endo CLDN5 SLC7A5,Endo CLDN5 SLC7A5,Neuron,10.762331838565023,Pyramidal cells,9.411764705882355,Excitatory neuron,8.823529411764705
176,Oligo MOG OPALIN,Oligo MOG OPALIN,Oligodendrocyte,7.725321888412016,Mature oligodendrocyte,7.2727272727272725,Oligodendrocytes,7.246376811594203
177,Oligo MOG OPALIN,Oligo MOG OPALIN,Oligodendrocyte,7.725321888412016,Mature oligodendrocyte,7.2727272727272725,Oligodendrocytes,7.246376811594203
178,Astro AQP4 SLC1A2,Astro AQP4 SLC1A2,Astrocyte,9.266409266409266,Bergmann glia,6.593406593406592,Astrocytes,5.309734513274336
179,Endo CLDN5 SLC7A5,Endo CLDN5 SLC7A5,Neuron,10.762331838565023,Pyramidal cells,9.411764705882355,Excitatory neuron,8.823529411764705
180,Endo CLDN5 SLC7A5,Endo CLDN5 SLC7A5,Neuron,10.762331838565023,Pyramidal cells,9.411764705882355,Excitatory neuron,8.823529411764705
181,Endo CLDN5 SLC7A5,Endo CLDN5 SLC7A5,Neuron,10.762331838565023,Pyramidal cells,9.411764705882355,Excitatory neuron,8.823529411764705
182,Endo CLDN5 SLC7A5,Endo CLDN5 SLC7A5,Neuron,10.762331838565023,Pyramidal cells,9.411764705882355,Excitatory neuron,8.823529411764705
183,Oligo MOG OPALIN,Oligo MOG OPALIN,Oligodendrocyte,7.725321888412016,Mature oligodendrocyte,7.2727272727272725,Oligodendrocytes,7.246376811594203
184,Oligo MOG OPALIN,Oligo MOG OPALIN,Oligodendrocyte,7.725321888412016,Mature oligodendrocyte,7.2727272727272725,Oligodendrocytes,7.246376811594203
185,Endo CLDN5 SLC7A5,Endo CLDN5 SLC7A5,Neuron,10.762331838565023,Pyramidal cells,9.411764705882355,Excitatory neuron,8.823529411764705
186,Endo CLDN5 SLC7A5,Endo CLDN5 SLC7A5,Neuron,10.762331838565023,Pyramidal cells,9.411764705882355,Excitatory neuron,8.823529411764705
187,Endo CLDN5 SLC7A5,Endo CLDN5 SLC7A5,Neuron,10.762331838565023,Pyramidal cells,9.411764705882355,Excitatory neuron,8.823529411764705
188,Oligo MOG OPALIN,Oligo MOG OPALIN,Oligodendrocyte,7.725321888412016,Mature oligodendrocyte,7.2727272727272725,Oligodendrocytes,7.246376811594203
189,Oligo MOG OPALIN,Oligo MOG OPALIN,Oligodendrocyte,7.725321888412016,Mature oligodendrocyte,7.2727272727272725,Oligodendrocytes,7.246376811594203
190,Astro AQP4 SLC1A2,Astro AQP4 SLC1A2,Astrocyte,9.266409266409266,Bergmann glia,6.593406593406592,Astrocytes,5.309734513274336
191,Oligo MOG OPALIN,Oligo MOG OPALIN,Oligodendrocyte,7.725321888412016,Mature oligodendrocyte,7.2727272727272725,Oligodendrocytes,7.246376811594203
192,Oligo MOG OPALIN,Oligo MOG OPALIN,Oligodendrocyte,7.725321888412016,Mature oligodendrocyte,7.2727272727272725,Oligodendrocytes,7.246376811594203
193,Endo CLDN5 SLC7A5,Endo CLDN5 SLC7A5,Neuron,10.762331838565023,Pyramidal cells,9.411764705882355,Excitatory neuron,8.823529411764705
194,PC P2RY14 GRM8,PC P2RY14 GRM8,Endothelial cell,5.128205128205128,Lake et al.science.ex6,4.761904761904763,Astrocytes,3.5398230088495577
195,Oligo MOG OPALIN,Oligo MOG OPALIN,Oligodendrocyte,7.725321888412016,Mature oligodendrocyte,7.2727272727272725,Oligodendrocytes,7.246376811594203
196,Endo CLDN5 SLC7A5,Endo CLDN5 SLC7A5,Neuron,10.762331838565023,Pyramidal cells,9.411764705882355,Excitatory neuron,8.823529411764705
197,Oligo MOG OPALIN,Oligo MOG OPALIN,Oligodendrocyte,7.725321888412016,Mature oligodendrocyte,7.2727272727272725,Oligodendrocytes,7.246376811594203
198,L6 OPRK1 THEMIS RGS6,L6 OPRK1 THEMIS RGS6,Cajal-retzius cells,6.25,Purkinje neurons,3.669724770642202,Somatostatin interneuron,3.6363636363636362
199,Endo CLDN5 SLC7A5,Endo CLDN5 SLC7A5,Neuron,10.762331838565023,Pyramidal cells,9.411764705882355,Excitatory neuron,8.823529411764705
200,Oligo MOG OPALIN,Oligo MOG OPALIN,Oligodendrocyte,7.725321888412016,Mature oligodendrocyte,7.2727272727272725,Oligodendrocytes,7.246376811594203
201,Oligo MOG OPALIN,Oligo MOG OPALIN,Oligodendrocyte,7.725321888412016,Mature oligodendrocyte,7.2727272727272725,Oligodendrocytes,7.246376811594203
202,Endo CLDN5 SLC7A5,Endo CLDN5 SLC7A5,Neuron,10.762331838565023,Pyramidal cells,9.411764705882355,Excitatory neuron,8.823529411764705
203,Oligo MOG OPALIN,Oligo MOG OPALIN,Oligodendrocyte,7.725321888412016,Mature oligodendrocyte,7.2727272727272725,Oligodendrocytes,7.246376811594203
204,Endo CLDN5 SLC7A5,Endo CLDN5 SLC7A5,Neuron,10.762331838565023,Pyramidal cells,9.411764705882355,Excitatory neuron,8.823529411764705
205,Oligo MOG OPALIN,Oligo MOG OPALIN,Oligodendrocyte,7.725321888412016,Mature oligodendrocyte,7.2727272727272725,Oligodendrocytes,7.246376811594203
206,Astro AQP4 SLC1A2,Astro AQP4 SLC1A2,Astrocyte,9.266409266409266,Bergmann glia,6.593406593406592,Astrocytes,5.309734513274336
207,L6 OPRK1 THEMIS RGS6,L6 OPRK1 THEMIS RGS6,Cajal-retzius cells,6.25,Purkinje neurons,3.669724770642202,Somatostatin interneuron,3.6363636363636362
208,Endo CLDN5 SLC7A5,Endo CLDN5 SLC7A5,Neuron,10.762331838565023,Pyramidal cells,9.411764705882355,Excitatory neuron,8.823529411764705
209,Endo CLDN5 SLC7A5,Endo CLDN5 SLC7A5,Neuron,10.762331838565023,Pyramidal cells,9.411764705882355,Excitatory neuron,8.823529411764705
210,Micro P2RY12 APBB1IP,Micro P2RY12 APBB1IP,Microglia,9.917355371900827,Lake et al.science.ex8,5.5045871559633035,Microglial-specific cell,3.8461538461538463
211,Astro AQP4 SLC1A2,Astro AQP4 SLC1A2,Astrocyte,9.266409266409266,Bergmann glia,6.593406593406592,Astrocytes,5.309734513274336
212,Endo CLDN5 SLC7A5,Endo CLDN5 SLC7A5,Neuron,10.762331838565023,Pyramidal cells,9.411764705882355,Excitatory neuron,8.823529411764705
213,Oligo MOG OPALIN,Oligo MOG OPALIN,Oligodendrocyte,7.725321888412016,Mature oligodendrocyte,7.2727272727272725,Oligodendrocytes,7.246376811594203
214,Astro AQP4 SLC1A2,Astro AQP4 SLC1A2,Astrocyte,9.266409266409266,Bergmann glia,6.593406593406592,Astrocytes,5.309734513274336
215,Endo CLDN5 SLC7A5,Endo CLDN5 SLC7A5,Neuron,10.762331838565023,Pyramidal cells,9.411764705882355,Excitatory neuron,8.823529411764705
216,Endo CLDN5 SLC7A5,Endo CLDN5 SLC7A5,Neuron,10.762331838565023,Pyramidal cells,9.411764705882355,Excitatory neuron,8.823529411764705
217,Oligo MOG OPALIN,Oligo MOG OPALIN,Oligodendrocyte,7.725321888412016,Mature oligodendrocyte,7.2727272727272725,Oligodendrocytes,7.246376811594203
218,Endo CLDN5 SLC7A5,Endo CLDN5 SLC7A5,Neuron,10.762331838565023,Pyramidal cells,9.411764705882355,Excitatory neuron,8.823529411764705
219,Endo CLDN5 SLC7A5,Endo CLDN5 SLC7A5,Neuron,10.762331838565023,Pyramidal cells,9.411764705882355,Excitatory neuron,8.823529411764705
220,Oligo MOG OPALIN,Oligo MOG OPALIN,Oligodendrocyte,7.725321888412016,Mature oligodendrocyte,7.2727272727272725,Oligodendrocytes,7.246376811594203
221,Endo CLDN5 SLC7A5,Endo CLDN5 SLC7A5,Neuron,10.762331838565023,Pyramidal cells,9.411764705882355,Excitatory neuron,8.823529411764705
222,Oligo MOG OPALIN,Oligo MOG OPALIN,Oligodendrocyte,7.725321888412016,Mature oligodendrocyte,7.2727272727272725,Oligodendrocytes,7.246376811594203
223,Oligo MOG OPALIN,Oligo MOG OPALIN,Oligodendrocyte,7.725321888412016,Mature oligodendrocyte,7.2727272727272725,Oligodendrocytes,7.246376811594203
224,Astro AQP4 SLC1A2,Astro AQP4 SLC1A2,Astrocyte,9.266409266409266,Bergmann glia,6.593406593406592,Astrocytes,5.309734513274336
225,Oligo MOG OPALIN,Oligo MOG OPALIN,Oligodendrocyte,7.725321888412016,Mature oligodendrocyte,7.2727272727272725,Oligodendrocytes,7.246376811594203
226,Oligo MOG OPALIN,Oligo MOG OPALIN,Oligodendrocyte,7.725321888412016,Mature oligodendrocyte,7.2727272727272725,Oligodendrocytes,7.246376811594203
227,Oligo MOG OPALIN,Oligo MOG OPALIN,Oligodendrocyte,7.725321888412016,Mature oligodendrocyte,7.2727272727272725,Oligodendrocytes,7.246376811594203
228,Oligo MOG OPALIN,Oligo MOG OPALIN,Oligodendrocyte,7.725321888412016,Mature oligodendrocyte,7.2727272727272725,Oligodendrocytes,7.246376811594203
229,T SKAP1 CD247,T SKAP1 CD247,Lymphocyte,6.666666666666667,Endothelial cell,5.128205128205128,Microglia,4.958677685950414
230,Endo CLDN5 SLC7A5,Endo CLDN5 SLC7A5,Neuron,10.762331838565023,Pyramidal cells,9.411764705882355,Excitatory neuron,8.823529411764705
231,Oligo MOG OPALIN,Oligo MOG OPALIN,Oligodendrocyte,7.725321888412016,Mature oligodendrocyte,7.2727272727272725,Oligodendrocytes,7.246376811594203
232,Oligo MOG OPALIN,Oligo MOG OPALIN,Oligodendrocyte,7.725321888412016,Mature oligodendrocyte,7.2727272727272725,Oligodendrocytes,7.246376811594203
233,Oligo MOG OPALIN,Oligo MOG OPALIN,Oligodendrocyte,7.725321888412016,Mature oligodendrocyte,7.2727272727272725,Oligodendrocytes,7.246376811594203
234,Endo CLDN5 SLC7A5,Endo CLDN5 SLC7A5,Neuron,10.762331838565023,Pyramidal cells,9.411764705882355,Excitatory neuron,8.823529411764705
235,Oligo MOG OPALIN,Oligo MOG OPALIN,Oligodendrocyte,7.725321888412016,Mature oligodendrocyte,7.2727272727272725,Oligodendrocytes,7.246376811594203
236,Oligo MOG OPALIN,Oligo MOG OPALIN,Oligodendrocyte,7.725321888412016,Mature oligodendrocyte,7.2727272727272725,Oligodendrocytes,7.246376811594203
237,Oligo MOG OPALIN,Oligo MOG OPALIN,Oligodendrocyte,7.725321888412016,Mature oligodendrocyte,7.2727272727272725,Oligodendrocytes,7.246376811594203
238,Oligo MOG OPALIN,Oligo MOG OPALIN,Oligodendrocyte,7.725321888412016,Mature oligodendrocyte,7.2727272727272725,Oligodendrocytes,7.246376811594203
239,Endo CLDN5 SLC7A5,Endo CLDN5 SLC7A5,Neuron,10.762331838565023,Pyramidal cells,9.411764705882355,Excitatory neuron,8.823529411764705
240,Endo CLDN5 SLC7A5,Endo CLDN5 SLC7A5,Neuron,10.762331838565023,Pyramidal cells,9.411764705882355,Excitatory neuron,8.823529411764705
241,Oligo MOG OPALIN,Oligo MOG OPALIN,Oligodendrocyte,7.725321888412016,Mature oligodendrocyte,7.2727272727272725,Oligodendrocytes,7.246376811594203
242,Endo CLDN5 SLC7A5,Endo CLDN5 SLC7A5,Neuron,10.762331838565023,Pyramidal cells,9.411764705882355,Excitatory neuron,8.823529411764705
243,Oligo MOG OPALIN,Oligo MOG OPALIN,Oligodendrocyte,7.725321888412016,Mature oligodendrocyte,7.2727272727272725,Oligodendrocytes,7.246376811594203
244,Oligo MOG OPALIN,Oligo MOG OPALIN,Oligodendrocyte,7.725321888412016,Mature oligodendrocyte,7.2727272727272725,Oligodendrocytes,7.246376811594203
245,Oligo MOG OPALIN,Oligo MOG OPALIN,Oligodendrocyte,7.725321888412016,Mature oligodendrocyte,7.2727272727272725,Oligodendrocytes,7.246376811594203
246,PC P2RY14 GRM8,PC P2RY14 GRM8,Endothelial cell,5.128205128205128,Lake et al.science.ex6,4.761904761904763,Astrocytes,3.5398230088495577
247,Endo CLDN5 SLC7A5,Endo CLDN5 SLC7A5,Neuron,10.762331838565023,Pyramidal cells,9.411764705882355,Excitatory neuron,8.823529411764705
248,Oligo MOG OPALIN,Oligo MOG OPALIN,Oligodendrocyte,7.725321888412016,Mature oligodendrocyte,7.2727272727272725,Oligodendrocytes,7.246376811594203
249,Endo CLDN5 SLC7A5,Endo CLDN5 SLC7A5,Neuron,10.762331838565023,Pyramidal cells,9.411764705882355,Excitatory neuron,8.823529411764705
250,Astro AQP4 SLC1A2,Astro AQP4 SLC1A2,Astrocyte,9.266409266409266,Bergmann glia,6.593406593406592,Astrocytes,5.309734513274336
251,Endo CLDN5 SLC7A5,Endo CLDN5 SLC7A5,Neuron,10.762331838565023,Pyramidal cells,9.411764705882355,Excitatory neuron,8.823529411764705
252,Endo CLDN5 SLC7A5,Endo CLDN5 SLC7A5,Neuron,10.762331838565023,Pyramidal cells,9.411764705882355,Excitatory neuron,8.823529411764705
253,Endo CLDN5 SLC7A5,Endo CLDN5 SLC7A5,Neuron,10.762331838565023,Pyramidal cells,9.411764705882355,Excitatory neuron,8.823529411764705
254,Endo CLDN5 SLC7A5,Endo CLDN5 SLC7A5,Neuron,10.762331838565023,Pyramidal cells,9.411764705882355,Excitatory neuron,8.823529411764705
255,Oligo MOG OPALIN,Oligo MOG OPALIN,Oligodendrocyte,7.725321888412016,Mature oligodendrocyte,7.2727272727272725,Oligodendrocytes,7.246376811594203
256,PC P2RY14 GRM8,PC P2RY14 GRM8,Endothelial cell,5.128205128205128,Lake et al.science.ex6,4.761904761904763,Astrocytes,3.5398230088495577
257,Endo CLDN5 SLC7A5,Endo CLDN5 SLC7A5,Neuron,10.762331838565023,Pyramidal cells,9.411764705882355,Excitatory neuron,8.823529411764705
258,Endo CLDN5 SLC7A5,Endo CLDN5 SLC7A5,Neuron,10.762331838565023,Pyramidal cells,9.411764705882355,Excitatory neuron,8.823529411764705
259,Endo CLDN5 SLC7A5,Endo CLDN5 SLC7A5,Neuron,10.762331838565023,Pyramidal cells,9.411764705882355,Excitatory neuron,8.823529411764705
260,Micro P2RY12 APBB1IP,Micro P2RY12 APBB1IP,Microglia,9.917355371900827,Lake et al.science.ex8,5.5045871559633035,Microglial-specific cell,3.8461538461538463
261,Astro AQP4 SLC1A2,Astro AQP4 SLC1A2,Astrocyte,9.266409266409266,Bergmann glia,6.593406593406592,Astrocytes,5.309734513274336
262,Endo CLDN5 SLC7A5,Endo CLDN5 SLC7A5,Neuron,10.762331838565023,Pyramidal cells,9.411764705882355,Excitatory neuron,8.823529411764705
263,Astro AQP4 SLC1A2,Astro AQP4 SLC1A2,Astrocyte,9.266409266409266,Bergmann glia,6.593406593406592,Astrocytes,5.309734513274336
264,OPC PDGFRA PCDH15,OPC PDGFRA PCDH15,Oligodendrocyte precursor cell,22.22222222222222,Oligodendrocyte progenitor cells,15.384615384615383,Oligodendrocyte,13.733905579399142
265,Oligo MOG OPALIN,Oligo MOG OPALIN,Oligodendrocyte,7.725321888412016,Mature oligodendrocyte,7.2727272727272725,Oligodendrocytes,7.246376811594203
266,Endo CLDN5 SLC7A5,Endo CLDN5 SLC7A5,Neuron,10.762331838565023,Pyramidal cells,9.411764705882355,Excitatory neuron,8.823529411764705
267,Endo CLDN5 SLC7A5,Endo CLDN5 SLC7A5,Neuron,10.762331838565023,Pyramidal cells,9.411764705882355,Excitatory neuron,8.823529411764705
268,Oligo MOG OPALIN,Oligo MOG OPALIN,Oligodendrocyte,7.725321888412016,Mature oligodendrocyte,7.2727272727272725,Oligodendrocytes,7.246376811594203
269,Oligo MOG OPALIN,Oligo MOG OPALIN,Oligodendrocyte,7.725321888412016,Mature oligodendrocyte,7.2727272727272725,Oligodendrocytes,7.246376811594203
270,L6 OPRK1 THEMIS RGS6,L6 OPRK1 THEMIS RGS6,Cajal-retzius cells,6.25,Purkinje neurons,3.669724770642202,Somatostatin interneuron,3.6363636363636362
271,Oligo MOG OPALIN,Oligo MOG OPALIN,Oligodendrocyte,7.725321888412016,Mature oligodendrocyte,7.2727272727272725,Oligodendrocytes,7.246376811594203
272,Endo CLDN5 SLC7A5,Endo CLDN5 SLC7A5,Neuron,10.762331838565023,Pyramidal cells,9.411764705882355,Excitatory neuron,8.823529411764705
273,Oligo MOG OPALIN,Oligo MOG OPALIN,Oligodendrocyte,7.725321888412016,Mature oligodendrocyte,7.2727272727272725,Oligodendrocytes,7.246376811594203
274,Endo CLDN5 SLC7A5,Endo CLDN5 SLC7A5,Neuron,10.762331838565023,Pyramidal cells,9.411764705882355,Excitatory neuron,8.823529411764705
275,Oligo MOG OPALIN,Oligo MOG OPALIN,Oligodendrocyte,7.725321888412016,Mature oligodendrocyte,7.2727272727272725,Oligodendrocytes,7.246376811594203
276,Endo CLDN5 SLC7A5,Endo CLDN5 SLC7A5,Neuron,10.762331838565023,Pyramidal cells,9.411764705882355,Excitatory neuron,8.823529411764705
277,Oligo MOG OPALIN,Oligo MOG OPALIN,Oligodendrocyte,7.725321888412016,Mature oligodendrocyte,7.2727272727272725,Oligodendrocytes,7.246376811594203
278,Oligo MOG OPALIN,Oligo MOG OPALIN,Oligodendrocyte,7.725321888412016,Mature oligodendrocyte,7.2727272727272725,Oligodendrocytes,7.246376811594203
279,Oligo MOG OPALIN,Oligo MOG OPALIN,Oligodendrocyte,7.725321888412016,Mature oligodendrocyte,7.2727272727272725,Oligodendrocytes,7.246376811594203
280,Endo CLDN5 SLC7A5,Endo CLDN5 SLC7A5,Neuron,10.762331838565023,Pyramidal cells,9.411764705882355,Excitatory neuron,8.823529411764705
281,Oligo MOG OPALIN,Oligo MOG OPALIN,Oligodendrocyte,7.725321888412016,Mature oligodendrocyte,7.2727272727272725,Oligodendrocytes,7.246376811594203
282,Endo CLDN5 SLC7A5,Endo CLDN5 SLC7A5,Neuron,10.762331838565023,Pyramidal cells,9.411764705882355,Excitatory neuron,8.823529411764705
283,Endo CLDN5 SLC7A5,Endo CLDN5 SLC7A5,Neuron,10.762331838565023,Pyramidal cells,9.411764705882355,Excitatory neuron,8.823529411764705
284,Oligo MOG OPALIN,Oligo MOG OPALIN,Oligodendrocyte,7.725321888412016,Mature oligodendrocyte,7.2727272727272725,Oligodendrocytes,7.246376811594203
285,Endo CLDN5 SLC7A5,Endo CLDN5 SLC7A5,Neuron,10.762331838565023,Pyramidal cells,9.411764705882355,Excitatory neuron,8.823529411764705
286,T SKAP1 CD247,T SKAP1 CD247,Lymphocyte,6.666666666666667,Endothelial cell,5.128205128205128,Microglia,4.958677685950414
287,Endo CLDN5 SLC7A5,Endo CLDN5 SLC7A5,Neuron,10.762331838565023,Pyramidal cells,9.411764705882355,Excitatory neuron,8.823529411764705
288,Oligo MOG OPALIN,Oligo MOG OPALIN,Oligodendrocyte,7.725321888412016,Mature oligodendrocyte,7.2727272727272725,Oligodendrocytes,7.246376811594203
289,Astro AQP4 SLC1A2,Astro AQP4 SLC1A2,Astrocyte,9.266409266409266,Bergmann glia,6.593406593406592,Astrocytes,5.309734513274336
290,Endo CLDN5 SLC7A5,Endo CLDN5 SLC7A5,Neuron,10.762331838565023,Pyramidal cells,9.411764705882355,Excitatory neuron,8.823529411764705
291,Endo CLDN5 SLC7A5,Endo CLDN5 SLC7A5,Neuron,10.762331838565023,Pyramidal cells,9.411764705882355,Excitatory neuron,8.823529411764705
292,Oligo MOG OPALIN,Oligo MOG OPALIN,Oligodendrocyte,7.725321888412016,Mature oligodendrocyte,7.2727272727272725,Oligodendrocytes,7.246376811594203
293,Oligo MOG OPALIN,Oligo MOG OPALIN,Oligodendrocyte,7.725321888412016,Mature oligodendrocyte,7.2727272727272725,Oligodendrocytes,7.246376811594203
294,PC P2RY14 GRM8,PC P2RY14 GRM8,Endothelial cell,5.128205128205128,Lake et al.science.ex6,4.761904761904763,Astrocytes,3.5398230088495577
295,Endo CLDN5 SLC7A5,Endo CLDN5 SLC7A5,Neuron,10.762331838565023,Pyramidal cells,9.411764705882355,Excitatory neuron,8.823529411764705
296,Oligo MOG OPALIN,Oligo MOG OPALIN,Oligodendrocyte,7.725321888412016,Mature oligodendrocyte,7.2727272727272725,Oligodendrocytes,7.246376811594203
297,Micro P2RY12 APBB1IP,Micro P2RY12 APBB1IP,Microglia,9.917355371900827,Lake et al.science.ex8,5.5045871559633035,Microglial-specific cell,3.8461538461538463
298,Endo CLDN5 SLC7A5,Endo CLDN5 SLC7A5,Neuron,10.762331838565023,Pyramidal cells,9.411764705882355,Excitatory neuron,8.823529411764705
299,Endo CLDN5 SLC7A5,Endo CLDN5 SLC7A5,Neuron,10.762331838565023,Pyramidal cells,9.411764705882355,Excitatory neuron,8.823529411764705
300,Astro AQP4 SLC1A2,Astro AQP4 SLC1A2,Astrocyte,9.266409266409266,Bergmann glia,6.593406593406592,Astrocytes,5.309734513274336
301,Oligo MOG OPALIN,Oligo MOG OPALIN,Oligodendrocyte,7.725321888412016,Mature oligodendrocyte,7.2727272727272725,Oligodendrocytes,7.246376811594203
302,Oligo MOG OPALIN,Oligo MOG OPALIN,Oligodendrocyte,7.725321888412016,Mature oligodendrocyte,7.2727272727272725,Oligodendrocytes,7.246376811594203
303,Endo CLDN5 SLC7A5,Endo CLDN5 SLC7A5,Neuron,10.762331838565023,Pyramidal cells,9.411764705882355,Excitatory neuron,8.823529411764705
304,Oligo MOG OPALIN,Oligo MOG OPALIN,Oligodendrocyte,7.725321888412016,Mature oligodendrocyte,7.2727272727272725,Oligodendrocytes,7.246376811594203
305,Oligo MOG OPALIN,Oligo MOG OPALIN,Oligodendrocyte,7.725321888412016,Mature oligodendrocyte,7.2727272727272725,Oligodendrocytes,7.246376811594203
306,PC P2RY14 GRM8,PC P2RY14 GRM8,Endothelial cell,5.128205128205128,Lake et al.science.ex6,4.761904761904763,Astrocytes,3.5398230088495577
307,Endo CLDN5 SLC7A5,Endo CLDN5 SLC7A5,Neuron,10.762331838565023,Pyramidal cells,9.411764705882355,Excitatory neuron,8.823529411764705
308,Endo CLDN5 SLC7A5,Endo CLDN5 SLC7A5,Neuron,10.762331838565023,Pyramidal cells,9.411764705882355,Excitatory neuron,8.823529411764705
309,L6 OPRK1 THEMIS RGS6,L6 OPRK1 THEMIS RGS6,Cajal-retzius cells,6.25,Purkinje neurons,3.669724770642202,Somatostatin interneuron,3.6363636363636362
310,L6 OPRK1 THEMIS RGS6,L6 OPRK1 THEMIS RGS6,Cajal-retzius cells,6.25,Purkinje neurons,3.669724770642202,Somatostatin interneuron,3.6363636363636362
311,Oligo MOG OPALIN,Oligo MOG OPALIN,Oligodendrocyte,7.725321888412016,Mature oligodendrocyte,7.2727272727272725,Oligodendrocytes,7.246376811594203
312,Endo CLDN5 SLC7A5,Endo CLDN5 SLC7A5,Neuron,10.762331838565023,Pyramidal cells,9.411764705882355,Excitatory neuron,8.823529411764705
313,Oligo MOG OPALIN,Oligo MOG OPALIN,Oligodendrocyte,7.725321888412016,Mature oligodendrocyte,7.2727272727272725,Oligodendrocytes,7.246376811594203
314,Oligo MOG OPALIN,Oligo MOG OPALIN,Oligodendrocyte,7.725321888412016,Mature oligodendrocyte,7.2727272727272725,Oligodendrocytes,7.246376811594203
315,Endo CLDN5 SLC7A5,Endo CLDN5 SLC7A5,Neuron,10.762331838565023,Pyramidal cells,9.411764705882355,Excitatory neuron,8.823529411764705
316,L6 OPRK1 THEMIS RGS6,L6 OPRK1 THEMIS RGS6,Cajal-retzius cells,6.25,Purkinje neurons,3.669724770642202,Somatostatin interneuron,3.6363636363636362
317,Oligo MOG OPALIN,Oligo MOG OPALIN,Oligodendrocyte,7.725321888412016,Mature oligodendrocyte,7.2727272727272725,Oligodendrocytes,7.246376811594203
318,Endo CLDN5 SLC7A5,Endo CLDN5 SLC7A5,Neuron,10.762331838565023,Pyramidal cells,9.411764705882355,Excitatory neuron,8.823529411764705
319,Endo CLDN5 SLC7A5,Endo CLDN5 SLC7A5,Neuron,10.762331838565023,Pyramidal cells,9.411764705882355,Excitatory neuron,8.823529411764705
320,Oligo MOG OPALIN,Oligo MOG OPALIN,Oligodendrocyte,7.725321888412016,Mature oligodendrocyte,7.2727272727272725,Oligodendrocytes,7.246376811594203
321,Oligo MOG OPALIN,Oligo MOG OPALIN,Oligodendrocyte,7.725321888412016,Mature oligodendrocyte,7.2727272727272725,Oligodendrocytes,7.246376811594203
322,Oligo MOG OPALIN,Oligo MOG OPALIN,Oligodendrocyte,7.725321888412016,Mature oligodendrocyte,7.2727272727272725,Oligodendrocytes,7.246376811594203
323,Oligo MOG OPALIN,Oligo MOG OPALIN,Oligodendrocyte,7.725321888412016,Mature oligodendrocyte,7.2727272727272725,Oligodendrocytes,7.246376811594203
324,Endo CLDN5 SLC7A5,Endo CLDN5 SLC7A5,Neuron,10.762331838565023,Pyramidal cells,9.411764705882355,Excitatory neuron,8.823529411764705
325,Endo CLDN5 SLC7A5,Endo CLDN5 SLC7A5,Neuron,10.762331838565023,Pyramidal cells,9.411764705882355,Excitatory neuron,8.823529411764705
326,Endo CLDN5 SLC7A5,Endo CLDN5 SLC7A5,Neuron,10.762331838565023,Pyramidal cells,9.411764705882355,Excitatory neuron,8.823529411764705
327,Oligo MOG OPALIN,Oligo MOG OPALIN,Oligodendrocyte,7.725321888412016,Mature oligodendrocyte,7.2727272727272725,Oligodendrocytes,7.246376811594203
328,Micro P2RY12 APBB1IP,Micro P2RY12 APBB1IP,Microglia,9.917355371900827,Lake et al.science.ex8,5.5045871559633035,Microglial-specific cell,3.8461538461538463
329,Oligo MOG OPALIN,Oligo MOG OPALIN,Oligodendrocyte,7.725321888412016,Mature oligodendrocyte,7.2727272727272725,Oligodendrocytes,7.246376811594203
330,Oligo MOG OPALIN,Oligo MOG OPALIN,Oligodendrocyte,7.725321888412016,Mature oligodendrocyte,7.2727272727272725,Oligodendrocytes,7.246376811594203
331,Endo CLDN5 SLC7A5,Endo CLDN5 SLC7A5,Neuron,10.762331838565023,Pyramidal cells,9.411764705882355,Excitatory neuron,8.823529411764705
332,Endo CLDN5 SLC7A5,Endo CLDN5 SLC7A5,Neuron,10.762331838565023,Pyramidal cells,9.411764705882355,Excitatory neuron,8.823529411764705
333,Endo CLDN5 SLC7A5,Endo CLDN5 SLC7A5,Neuron,10.762331838565023,Pyramidal cells,9.411764705882355,Excitatory neuron,8.823529411764705
334,Endo CLDN5 SLC7A5,Endo CLDN5 SLC7A5,Neuron,10.762331838565023,Pyramidal cells,9.411764705882355,Excitatory neuron,8.823529411764705
335,Endo CLDN5 SLC7A5,Endo CLDN5 SLC7A5,Neuron,10.762331838565023,Pyramidal cells,9.411764705882355,Excitatory neuron,8.823529411764705
336,Endo CLDN5 SLC7A5,Endo CLDN5 SLC7A5,Neuron,10.762331838565023,Pyramidal cells,9.411764705882355,Excitatory neuron,8.823529411764705
337,Oligo MOG OPALIN,Oligo MOG OPALIN,Oligodendrocyte,7.725321888412016,Mature oligodendrocyte,7.2727272727272725,Oligodendrocytes,7.246376811594203
338,Oligo MOG OPALIN,Oligo MOG OPALIN,Oligodendrocyte,7.725321888412016,Mature oligodendrocyte,7.2727272727272725,Oligodendrocytes,7.246376811594203
339,Micro P2RY12 APBB1IP,Micro P2RY12 APBB1IP,Microglia,9.917355371900827,Lake et al.science.ex8,5.5045871559633035,Microglial-specific cell,3.8461538461538463
340,Oligo MOG OPALIN,Oligo MOG OPALIN,Oligodendrocyte,7.725321888412016,Mature oligodendrocyte,7.2727272727272725,Oligodendrocytes,7.246376811594203
341,L6 OPRK1 THEMIS RGS6,L6 OPRK1 THEMIS RGS6,Cajal-retzius cells,6.25,Purkinje neurons,3.669724770642202,Somatostatin interneuron,3.6363636363636362
342,Oligo MOG OPALIN,Oligo MOG OPALIN,Oligodendrocyte,7.725321888412016,Mature oligodendrocyte,7.2727272727272725,Oligodendrocytes,7.246376811594203
343,Oligo MOG OPALIN,Oligo MOG OPALIN,Oligodendrocyte,7.725321888412016,Mature oligodendrocyte,7.2727272727272725,Oligodendrocytes,7.246376811594203
344,Endo CLDN5 SLC7A5,Endo CLDN5 SLC7A5,Neuron,10.762331838565023,Pyramidal cells,9.411764705882355,Excitatory neuron,8.823529411764705
345,Oligo MOG OPALIN,Oligo MOG OPALIN,Oligodendrocyte,7.725321888412016,Mature oligodendrocyte,7.2727272727272725,Oligodendrocytes,7.246376811594203
346,Oligo MOG OPALIN,Oligo MOG OPALIN,Oligodendrocyte,7.725321888412016,Mature oligodendrocyte,7.2727272727272725,Oligodendrocytes,7.246376811594203
347,Endo CLDN5 SLC7A5,Endo CLDN5 SLC7A5,Neuron,10.762331838565023,Pyramidal cells,9.411764705882355,Excitatory neuron,8.823529411764705
348,Oligo MOG OPALIN,Oligo MOG OPALIN,Oligodendrocyte,7.725321888412016,Mature oligodendrocyte,7.2727272727272725,Oligodendrocytes,7.246376811594203
349,Oligo MOG OPALIN,Oligo MOG OPALIN,Oligodendrocyte,7.725321888412016,Mature oligodendrocyte,7.2727272727272725,Oligodendrocytes,7.246376811594203
350,L6 OPRK1 THEMIS RGS6,L6 OPRK1 THEMIS RGS6,Cajal-retzius cells,6.25,Purkinje neurons,3.669724770642202,Somatostatin interneuron,3.6363636363636362
351,Endo CLDN5 SLC7A5,Endo CLDN5 SLC7A5,Neuron,10.762331838565023,Pyramidal cells,9.411764705882355,Excitatory neuron,8.823529411764705
352,Astro AQP4 SLC1A2,Astro AQP4 SLC1A2,Astrocyte,9.266409266409266,Bergmann glia,6.593406593406592,Astrocytes,5.309734513274336
353,Endo CLDN5 SLC7A5,Endo CLDN5 SLC7A5,Neuron,10.762331838565023,Pyramidal cells,9.411764705882355,Excitatory neuron,8.823529411764705
354,Micro P2RY12 APBB1IP,Micro P2RY12 APBB1IP,Microglia,9.917355371900827,Lake et al.science.ex8,5.5045871559633035,Microglial-specific cell,3.8461538461538463
355,L6 OPRK1 THEMIS RGS6,L6 OPRK1 THEMIS RGS6,Cajal-retzius cells,6.25,Purkinje neurons,3.669724770642202,Somatostatin interneuron,3.6363636363636362
356,PC P2RY14 GRM8,PC P2RY14 GRM8,Endothelial cell,5.128205128205128,Lake et al.science.ex6,4.761904761904763,Astrocytes,3.5398230088495577
357,Astro AQP4 SLC1A2,Astro AQP4 SLC1A2,Astrocyte,9.266409266409266,Bergmann glia,6.593406593406592,Astrocytes,5.309734513274336
358,InN SST STK32A,InN SST STK32A,Purkinje neurons,11.009174311926607,Bergmann glia,6.593406593406592,Neuron,5.381165919282512
359,L6 OPRK1 THEMIS RGS6,L6 OPRK1 THEMIS RGS6,Cajal-retzius cells,6.25,Purkinje neurons,3.669724770642202,Somatostatin interneuron,3.6363636363636362
360,Endo CLDN5 SLC7A5,Endo CLDN5 SLC7A5,Neuron,10.762331838565023,Pyramidal cells,9.411764705882355,Excitatory neuron,8.823529411764705
361,Oligo MOG OPALIN,Oligo MOG OPALIN,Oligodendrocyte,7.725321888412016,Mature oligodendrocyte,7.2727272727272725,Oligodendrocytes,7.246376811594203
362,Astro AQP4 SLC1A2,Astro AQP4 SLC1A2,Astrocyte,9.266409266409266,Bergmann glia,6.593406593406592,Astrocytes,5.309734513274336
363,Oligo MOG OPALIN,Oligo MOG OPALIN,Oligodendrocyte,7.725321888412016,Mature oligodendrocyte,7.2727272727272725,Oligodendrocytes,7.246376811594203
364,Endo CLDN5 SLC7A5,Endo CLDN5 SLC7A5,Neuron,10.762331838565023,Pyramidal cells,9.411764705882355,Excitatory neuron,8.823529411764705
365,Endo CLDN5 SLC7A5,Endo CLDN5 SLC7A5,Neuron,10.762331838565023,Pyramidal cells,9.411764705882355,Excitatory neuron,8.823529411764705
366,Oligo MOG OPALIN,Oligo MOG OPALIN,Oligodendrocyte,7.725321888412016,Mature oligodendrocyte,7.2727272727272725,Oligodendrocytes,7.246376811594203
367,L6 OPRK1 THEMIS RGS6,L6 OPRK1 THEMIS RGS6,Cajal-retzius cells,6.25,Purkinje neurons,3.669724770642202,Somatostatin interneuron,3.6363636363636362
368,Endo CLDN5 SLC7A5,Endo CLDN5 SLC7A5,Neuron,10.762331838565023,Pyramidal cells,9.411764705882355,Excitatory neuron,8.823529411764705
369,Endo CLDN5 SLC7A5,Endo CLDN5 SLC7A5,Neuron,10.762331838565023,Pyramidal cells,9.411764705882355,Excitatory neuron,8.823529411764705
370,Oligo MOG OPALIN,Oligo MOG OPALIN,Oligodendrocyte,7.725321888412016,Mature oligodendrocyte,7.2727272727272725,Oligodendrocytes,7.246376811594203
371,Oligo MOG OPALIN,Oligo MOG OPALIN,Oligodendrocyte,7.725321888412016,Mature oligodendrocyte,7.2727272727272725,Oligodendrocytes,7.246376811594203
372,Oligo MOG OPALIN,Oligo MOG OPALIN,Oligodendrocyte,7.725321888412016,Mature oligodendrocyte,7.2727272727272725,Oligodendrocytes,7.246376811594203
373,Endo CLDN5 SLC7A5,Endo CLDN5 SLC7A5,Neuron,10.762331838565023,Pyramidal cells,9.411764705882355,Excitatory neuron,8.823529411764705
374,L6 OPRK1 THEMIS RGS6,L6 OPRK1 THEMIS RGS6,Cajal-retzius cells,6.25,Purkinje neurons,3.669724770642202,Somatostatin interneuron,3.6363636363636362
375,Oligo MOG OPALIN,Oligo MOG OPALIN,Oligodendrocyte,7.725321888412016,Mature oligodendrocyte,7.2727272727272725,Oligodendrocytes,7.246376811594203
376,Endo CLDN5 SLC7A5,Endo CLDN5 SLC7A5,Neuron,10.762331838565023,Pyramidal cells,9.411764705882355,Excitatory neuron,8.823529411764705
377,Endo CLDN5 SLC7A5,Endo CLDN5 SLC7A5,Neuron,10.762331838565023,Pyramidal cells,9.411764705882355,Excitatory neuron,8.823529411764705
378,Oligo MOG OPALIN,Oligo MOG OPALIN,Oligodendrocyte,7.725321888412016,Mature oligodendrocyte,7.2727272727272725,Oligodendrocytes,7.246376811594203
379,Endo CLDN5 SLC7A5,Endo CLDN5 SLC7A5,Neuron,10.762331838565023,Pyramidal cells,9.411764705882355,Excitatory neuron,8.823529411764705
380,Endo CLDN5 SLC7A5,Endo CLDN5 SLC7A5,Neuron,10.762331838565023,Pyramidal cells,9.411764705882355,Excitatory neuron,8.823529411764705
381,Endo CLDN5 SLC7A5,Endo CLDN5 SLC7A5,Neuron,10.762331838565023,Pyramidal cells,9.411764705882355,Excitatory neuron,8.823529411764705
382,Endo CLDN5 SLC7A5,Endo CLDN5 SLC7A5,Neuron,10.762331838565023,Pyramidal cells,9.411764705882355,Excitatory neuron,8.823529411764705
383,Endo CLDN5 SLC7A5,Endo CLDN5 SLC7A5,Neuron,10.762331838565023,Pyramidal cells,9.411764705882355,Excitatory neuron,8.823529411764705
384,Endo CLDN5 SLC7A5,Endo CLDN5 SLC7A5,Neuron,10.762331838565023,Pyramidal cells,9.411764705882355,Excitatory neuron,8.823529411764705
385,L6 OPRK1 THEMIS RGS6,L6 OPRK1 THEMIS RGS6,Cajal-retzius cells,6.25,Purkinje neurons,3.669724770642202,Somatostatin interneuron,3.6363636363636362
386,Endo CLDN5 SLC7A5,Endo CLDN5 SLC7A5,Neuron,10.762331838565023,Pyramidal cells,9.411764705882355,Excitatory neuron,8.823529411764705
387,Endo CLDN5 SLC7A5,Endo CLDN5 SLC7A5,Neuron,10.762331838565023,Pyramidal cells,9.411764705882355,Excitatory neuron,8.823529411764705
388,Oligo MOG OPALIN,Oligo MOG OPALIN,Oligodendrocyte,7.725321888412016,Mature oligodendrocyte,7.2727272727272725,Oligodendrocytes,7.246376811594203
389,Oligo MOG OPALIN,Oligo MOG OPALIN,Oligodendrocyte,7.725321888412016,Mature oligodendrocyte,7.2727272727272725,Oligodendrocytes,7.246376811594203
390,T SKAP1 CD247,T SKAP1 CD247,Lymphocyte,6.666666666666667,Endothelial cell,5.128205128205128,Microglia,4.958677685950414
391,Oligo MOG OPALIN,Oligo MOG OPALIN,Oligodendrocyte,7.725321888412016,Mature oligodendrocyte,7.2727272727272725,Oligodendrocytes,7.246376811594203
392,Oligo MOG OPALIN,Oligo MOG OPALIN,Oligodendrocyte,7.725321888412016,Mature oligodendrocyte,7.2727272727272725,Oligodendrocytes,7.246376811594203
393,Endo CLDN5 SLC7A5,Endo CLDN5 SLC7A5,Neuron,10.762331838565023,Pyramidal cells,9.411764705882355,Excitatory neuron,8.823529411764705
394,InN SST STK32A,InN SST STK32A,Purkinje neurons,11.009174311926607,Bergmann glia,6.593406593406592,Neuron,5.381165919282512
395,Oligo MOG OPALIN,Oligo MOG OPALIN,Oligodendrocyte,7.725321888412016,Mature oligodendrocyte,7.2727272727272725,Oligodendrocytes,7.246376811594203
396,Endo CLDN5 SLC7A5,Endo CLDN5 SLC7A5,Neuron,10.762331838565023,Pyramidal cells,9.411764705882355,Excitatory neuron,8.823529411764705
397,Oligo MOG OPALIN,Oligo MOG OPALIN,Oligodendrocyte,7.725321888412016,Mature oligodendrocyte,7.2727272727272725,Oligodendrocytes,7.246376811594203
398,Oligo MOG OPALIN,Oligo MOG OPALIN,Oligodendrocyte,7.725321888412016,Mature oligodendrocyte,7.2727272727272725,Oligodendrocytes,7.246376811594203
399,Oligo MOG OPALIN,Oligo MOG OPALIN,Oligodendrocyte,7.725321888412016,Mature oligodendrocyte,7.2727272727272725,Oligodendrocytes,7.246376811594203
400,Oligo MOG OPALIN,Oligo MOG OPALIN,Oligodendrocyte,7.725321888412016,Mature oligodendrocyte,7.2727272727272725,Oligodendrocytes,7.246376811594203
401,Endo CLDN5 SLC7A5,Endo CLDN5 SLC7A5,Neuron,10.762331838565023,Pyramidal cells,9.411764705882355,Excitatory neuron,8.823529411764705
402,Endo CLDN5 SLC7A5,Endo CLDN5 SLC7A5,Neuron,10.762331838565023,Pyramidal cells,9.411764705882355,Excitatory neuron,8.823529411764705
403,Micro P2RY12 APBB1IP,Micro P2RY12 APBB1IP,Microglia,9.917355371900827,Lake et al.science.ex8,5.5045871559633035,Microglial-specific cell,3.8461538461538463
404,Endo CLDN5 SLC7A5,Endo CLDN5 SLC7A5,Neuron,10.762331838565023,Pyramidal cells,9.411764705882355,Excitatory neuron,8.823529411764705
405,Astro AQP4 SLC1A2,Astro AQP4 SLC1A2,Astrocyte,9.266409266409266,Bergmann glia,6.593406593406592,Astrocytes,5.309734513274336
406,Endo CLDN5 SLC7A5,Endo CLDN5 SLC7A5,Neuron,10.762331838565023,Pyramidal cells,9.411764705882355,Excitatory neuron,8.823529411764705
407,Endo CLDN5 SLC7A5,Endo CLDN5 SLC7A5,Neuron,10.762331838565023,Pyramidal cells,9.411764705882355,Excitatory neuron,8.823529411764705
408,Oligo MOG OPALIN,Oligo MOG OPALIN,Oligodendrocyte,7.725321888412016,Mature oligodendrocyte,7.2727272727272725,Oligodendrocytes,7.246376811594203
409,Micro P2RY12 APBB1IP,Micro P2RY12 APBB1IP,Microglia,9.917355371900827,Lake et al.science.ex8,5.5045871559633035,Microglial-specific cell,3.8461538461538463
410,Endo CLDN5 SLC7A5,Endo CLDN5 SLC7A5,Neuron,10.762331838565023,Pyramidal cells,9.411764705882355,Excitatory neuron,8.823529411764705
411,Endo CLDN5 SLC7A5,Endo CLDN5 SLC7A5,Neuron,10.762331838565023,Pyramidal cells,9.411764705882355,Excitatory neuron,8.823529411764705
412,Oligo MOG OPALIN,Oligo MOG OPALIN,Oligodendrocyte,7.725321888412016,Mature oligodendrocyte,7.2727272727272725,Oligodendrocytes,7.246376811594203
413,L6 OPRK1 THEMIS RGS6,L6 OPRK1 THEMIS RGS6,Cajal-retzius cells,6.25,Purkinje neurons,3.669724770642202,Somatostatin interneuron,3.6363636363636362
414,Oligo MOG OPALIN,Oligo MOG OPALIN,Oligodendrocyte,7.725321888412016,Mature oligodendrocyte,7.2727272727272725,Oligodendrocytes,7.246376811594203
415,Endo CLDN5 SLC7A5,Endo CLDN5 SLC7A5,Neuron,10.762331838565023,Pyramidal cells,9.411764705882355,Excitatory neuron,8.823529411764705
416,Oligo MOG OPALIN,Oligo MOG OPALIN,Oligodendrocyte,7.725321888412016,Mature oligodendrocyte,7.2727272727272725,Oligodendrocytes,7.246376811594203
417,Endo CLDN5 SLC7A5,Endo CLDN5 SLC7A5,Neuron,10.762331838565023,Pyramidal cells,9.411764705882355,Excitatory neuron,8.823529411764705
418,Endo CLDN5 SLC7A5,Endo CLDN5 SLC7A5,Neuron,10.762331838565023,Pyramidal cells,9.411764705882355,Excitatory neuron,8.823529411764705
419,Endo CLDN5 SLC7A5,Endo CLDN5 SLC7A5,Neuron,10.762331838565023,Pyramidal cells,9.411764705882355,Excitatory neuron,8.823529411764705
420,Micro P2RY12 APBB1IP,Micro P2RY12 APBB1IP,Microglia,9.917355371900827,Lake et al.science.ex8,5.5045871559633035,Microglial-specific cell,3.8461538461538463
421,Endo CLDN5 SLC7A5,Endo CLDN5 SLC7A5,Neuron,10.762331838565023,Pyramidal cells,9.411764705882355,Excitatory neuron,8.823529411764705
422,Endo CLDN5 SLC7A5,Endo CLDN5 SLC7A5,Neuron,10.762331838565023,Pyramidal cells,9.411764705882355,Excitatory neuron,8.823529411764705
423,Endo CLDN5 SLC7A5,Endo CLDN5 SLC7A5,Neuron,10.762331838565023,Pyramidal cells,9.411764705882355,Excitatory neuron,8.823529411764705
424,Endo CLDN5 SLC7A5,Endo CLDN5 SLC7A5,Neuron,10.762331838565023,Pyramidal cells,9.411764705882355,Excitatory neuron,8.823529411764705
425,Oligo MOG OPALIN,Oligo MOG OPALIN,Oligodendrocyte,7.725321888412016,Mature oligodendrocyte,7.2727272727272725,Oligodendrocytes,7.246376811594203
426,Endo CLDN5 SLC7A5,Endo CLDN5 SLC7A5,Neuron,10.762331838565023,Pyramidal cells,9.411764705882355,Excitatory neuron,8.823529411764705
427,Endo CLDN5 SLC7A5,Endo CLDN5 SLC7A5,Neuron,10.762331838565023,Pyramidal cells,9.411764705882355,Excitatory neuron,8.823529411764705
428,L6 OPRK1 THEMIS RGS6,L6 OPRK1 THEMIS RGS6,Cajal-retzius cells,6.25,Purkinje neurons,3.669724770642202,Somatostatin interneuron,3.6363636363636362
429,L6 OPRK1 THEMIS RGS6,L6 OPRK1 THEMIS RGS6,Cajal-retzius cells,6.25,Purkinje neurons,3.669724770642202,Somatostatin interneuron,3.6363636363636362
430,Oligo MOG OPALIN,Oligo MOG OPALIN,Oligodendrocyte,7.725321888412016,Mature oligodendrocyte,7.2727272727272725,Oligodendrocytes,7.246376811594203
431,Astro AQP4 SLC1A2,Astro AQP4 SLC1A2,Astrocyte,9.266409266409266,Bergmann glia,6.593406593406592,Astrocytes,5.309734513274336
432,Endo CLDN5 SLC7A5,Endo CLDN5 SLC7A5,Neuron,10.762331838565023,Pyramidal cells,9.411764705882355,Excitatory neuron,8.823529411764705
433,Oligo MOG OPALIN,Oligo MOG OPALIN,Oligodendrocyte,7.725321888412016,Mature oligodendrocyte,7.2727272727272725,Oligodendrocytes,7.246376811594203
434,Endo CLDN5 SLC7A5,Endo CLDN5 SLC7A5,Neuron,10.762331838565023,Pyramidal cells,9.411764705882355,Excitatory neuron,8.823529411764705
435,Oligo MOG OPALIN,Oligo MOG OPALIN,Oligodendrocyte,7.725321888412016,Mature oligodendrocyte,7.2727272727272725,Oligodendrocytes,7.246376811594203
436,Endo CLDN5 SLC7A5,Endo CLDN5 SLC7A5,Neuron,10.762331838565023,Pyramidal cells,9.411764705882355,Excitatory neuron,8.823529411764705
437,PC P2RY14 GRM8,PC P2RY14 GRM8,Endothelial cell,5.128205128205128,Lake et al.science.ex6,4.761904761904763,Astrocytes,3.5398230088495577
438,Endo CLDN5 SLC7A5,Endo CLDN5 SLC7A5,Neuron,10.762331838565023,Pyramidal cells,9.411764705882355,Excitatory neuron,8.823529411764705
439,Endo CLDN5 SLC7A5,Endo CLDN5 SLC7A5,Neuron,10.762331838565023,Pyramidal cells,9.411764705882355,Excitatory neuron,8.823529411764705
440,Endo CLDN5 SLC7A5,Endo CLDN5 SLC7A5,Neuron,10.762331838565023,Pyramidal cells,9.411764705882355,Excitatory neuron,8.823529411764705
441,Oligo MOG OPALIN,Oligo MOG OPALIN,Oligodendrocyte,7.725321888412016,Mature oligodendrocyte,7.2727272727272725,Oligodendrocytes,7.246376811594203
442,Oligo MOG OPALIN,Oligo MOG OPALIN,Oligodendrocyte,7.725321888412016,Mature oligodendrocyte,7.2727272727272725,Oligodendrocytes,7.246376811594203
443,Endo CLDN5 SLC7A5,Endo CLDN5 SLC7A5,Neuron,10.762331838565023,Pyramidal cells,9.411764705882355,Excitatory neuron,8.823529411764705
444,Endo CLDN5 SLC7A5,Endo CLDN5 SLC7A5,Neuron,10.762331838565023,Pyramidal cells,9.411764705882355,Excitatory neuron,8.823529411764705
445,L6 OPRK1 THEMIS RGS6,L6 OPRK1 THEMIS RGS6,Cajal-retzius cells,6.25,Purkinje neurons,3.669724770642202,Somatostatin interneuron,3.6363636363636362
446,Endo CLDN5 SLC7A5,Endo CLDN5 SLC7A5,Neuron,10.762331838565023,Pyramidal cells,9.411764705882355,Excitatory neuron,8.823529411764705
447,Endo CLDN5 SLC7A5,Endo CLDN5 SLC7A5,Neuron,10.762331838565023,Pyramidal cells,9.411764705882355,Excitatory neuron,8.823529411764705
448,Micro P2RY12 APBB1IP,Micro P2RY12 APBB1IP,Microglia,9.917355371900827,Lake et al.science.ex8,5.5045871559633035,Microglial-specific cell,3.8461538461538463
449,PC P2RY14 GRM8,PC P2RY14 GRM8,Endothelial cell,5.128205128205128,Lake et al.science.ex6,4.761904761904763,Astrocytes,3.5398230088495577
450,Endo CLDN5 SLC7A5,Endo CLDN5 SLC7A5,Neuron,10.762331838565023,Pyramidal cells,9.411764705882355,Excitatory neuron,8.823529411764705
451,Oligo MOG OPALIN,Oligo MOG OPALIN,Oligodendrocyte,7.725321888412016,Mature oligodendrocyte,7.2727272727272725,Oligodendrocytes,7.246376811594203
452,Endo CLDN5 SLC7A5,Endo CLDN5 SLC7A5,Neuron,10.762331838565023,Pyramidal cells,9.411764705882355,Excitatory neuron,8.823529411764705
453,L6 OPRK1 THEMIS RGS6,L6 OPRK1 THEMIS RGS6,Cajal-retzius cells,6.25,Purkinje neurons,3.669724770642202,Somatostatin interneuron,3.6363636363636362
454,Endo CLDN5 SLC7A5,Endo CLDN5 SLC7A5,Neuron,10.762331838565023,Pyramidal cells,9.411764705882355,Excitatory neuron,8.823529411764705
455,Endo CLDN5 SLC7A5,Endo CLDN5 SLC7A5,Neuron,10.762331838565023,Pyramidal cells,9.411764705882355,Excitatory neuron,8.823529411764705
456,Endo CLDN5 SLC7A5,Endo CLDN5 SLC7A5,Neuron,10.762331838565023,Pyramidal cells,9.411764705882355,Excitatory neuron,8.823529411764705
457,Endo CLDN5 SLC7A5,Endo CLDN5 SLC7A5,Neuron,10.762331838565023,Pyramidal cells,9.411764705882355,Excitatory neuron,8.823529411764705
458,Endo CLDN5 SLC7A5,Endo CLDN5 SLC7A5,Neuron,10.762331838565023,Pyramidal cells,9.411764705882355,Excitatory neuron,8.823529411764705
459,Endo CLDN5 SLC7A5,Endo CLDN5 SLC7A5,Neuron,10.762331838565023,Pyramidal cells,9.411764705882355,Excitatory neuron,8.823529411764705
460,Endo CLDN5 SLC7A5,Endo CLDN5 SLC7A5,Neuron,10.762331838565023,Pyramidal cells,9.411764705882355,Excitatory neuron,8.823529411764705
461,InN SST STK32A,InN SST STK32A,Purkinje neurons,11.009174311926607,Bergmann glia,6.593406593406592,Neuron,5.381165919282512
462,L6 OPRK1 THEMIS RGS6,L6 OPRK1 THEMIS RGS6,Cajal-retzius cells,6.25,Purkinje neurons,3.669724770642202,Somatostatin interneuron,3.6363636363636362
463,Oligo MOG OPALIN,Oligo MOG OPALIN,Oligodendrocyte,7.725321888412016,Mature oligodendrocyte,7.2727272727272725,Oligodendrocytes,7.246376811594203
464,Astro AQP4 SLC1A2,Astro AQP4 SLC1A2,Astrocyte,9.266409266409266,Bergmann glia,6.593406593406592,Astrocytes,5.309734513274336
465,Endo CLDN5 SLC7A5,Endo CLDN5 SLC7A5,Neuron,10.762331838565023,Pyramidal cells,9.411764705882355,Excitatory neuron,8.823529411764705
466,Oligo MOG OPALIN,Oligo MOG OPALIN,Oligodendrocyte,7.725321888412016,Mature oligodendrocyte,7.2727272727272725,Oligodendrocytes,7.246376811594203
467,Oligo MOG OPALIN,Oligo MOG OPALIN,Oligodendrocyte,7.725321888412016,Mature oligodendrocyte,7.2727272727272725,Oligodendrocytes,7.246376811594203
468,Oligo MOG OPALIN,Oligo MOG OPALIN,Oligodendrocyte,7.725321888412016,Mature oligodendrocyte,7.2727272727272725,Oligodendrocytes,7.246376811594203
469,Oligo MOG OPALIN,Oligo MOG OPALIN,Oligodendrocyte,7.725321888412016,Mature oligodendrocyte,7.2727272727272725,Oligodendrocytes,7.246376811594203
470,Oligo MOG OPALIN,Oligo MOG OPALIN,Oligodendrocyte,7.725321888412016,Mature oligodendrocyte,7.2727272727272725,Oligodendrocytes,7.246376811594203
471,Oligo MOG OPALIN,Oligo MOG OPALIN,Oligodendrocyte,7.725321888412016,Mature oligodendrocyte,7.2727272727272725,Oligodendrocytes,7.246376811594203
472,Endo CLDN5 SLC7A5,Endo CLDN5 SLC7A5,Neuron,10.762331838565023,Pyramidal cells,9.411764705882355,Excitatory neuron,8.823529411764705
473,L6 OPRK1 THEMIS RGS6,L6 OPRK1 THEMIS RGS6,Cajal-retzius cells,6.25,Purkinje neurons,3.669724770642202,Somatostatin interneuron,3.6363636363636362
474,Oligo MOG OPALIN,Oligo MOG OPALIN,Oligodendrocyte,7.725321888412016,Mature oligodendrocyte,7.2727272727272725,Oligodendrocytes,7.246376811594203
475,Astro AQP4 SLC1A2,Astro AQP4 SLC1A2,Astrocyte,9.266409266409266,Bergmann glia,6.593406593406592,Astrocytes,5.309734513274336
476,Endo CLDN5 SLC7A5,Endo CLDN5 SLC7A5,Neuron,10.762331838565023,Pyramidal cells,9.411764705882355,Excitatory neuron,8.823529411764705
477,Astro AQP4 SLC1A2,Astro AQP4 SLC1A2,Astrocyte,9.266409266409266,Bergmann glia,6.593406593406592,Astrocytes,5.309734513274336
478,Endo CLDN5 SLC7A5,Endo CLDN5 SLC7A5,Neuron,10.762331838565023,Pyramidal cells,9.411764705882355,Excitatory neuron,8.823529411764705
479,Endo CLDN5 SLC7A5,Endo CLDN5 SLC7A5,Neuron,10.762331838565023,Pyramidal cells,9.411764705882355,Excitatory neuron,8.823529411764705
480,Endo CLDN5 SLC7A5,Endo CLDN5 SLC7A5,Neuron,10.762331838565023,Pyramidal cells,9.411764705882355,Excitatory neuron,8.823529411764705
481,Endo CLDN5 SLC7A5,Endo CLDN5 SLC7A5,Neuron,10.762331838565023,Pyramidal cells,9.411764705882355,Excitatory neuron,8.823529411764705
482,Endo CLDN5 SLC7A5,Endo CLDN5 SLC7A5,Neuron,10.762331838565023,Pyramidal cells,9.411764705882355,Excitatory neuron,8.823529411764705
483,Oligo MOG OPALIN,Oligo MOG OPALIN,Oligodendrocyte,7.725321888412016,Mature oligodendrocyte,7.2727272727272725,Oligodendrocytes,7.246376811594203
484,Endo CLDN5 SLC7A5,Endo CLDN5 SLC7A5,Neuron,10.762331838565023,Pyramidal cells,9.411764705882355,Excitatory neuron,8.823529411764705
485,Endo CLDN5 SLC7A5,Endo CLDN5 SLC7A5,Neuron,10.762331838565023,Pyramidal cells,9.411764705882355,Excitatory neuron,8.823529411764705
486,Oligo MOG OPALIN,Oligo MOG OPALIN,Oligodendrocyte,7.725321888412016,Mature oligodendrocyte,7.2727272727272725,Oligodendrocytes,7.246376811594203
487,Oligo MOG OPALIN,Oligo MOG OPALIN,Oligodendrocyte,7.725321888412016,Mature oligodendrocyte,7.2727272727272725,Oligodendrocytes,7.246376811594203
488,Endo CLDN5 SLC7A5,Endo CLDN5 SLC7A5,Neuron,10.762331838565023,Pyramidal cells,9.411764705882355,Excitatory neuron,8.823529411764705
489,OPC PDGFRA PCDH15,OPC PDGFRA PCDH15,Oligodendrocyte precursor cell,22.22222222222222,Oligodendrocyte progenitor cells,15.384615384615383,Oligodendrocyte,13.733905579399142
490,Oligo MOG OPALIN,Oligo MOG OPALIN,Oligodendrocyte,7.725321888412016,Mature oligodendrocyte,7.2727272727272725,Oligodendrocytes,7.246376811594203
491,Endo CLDN5 SLC7A5,Endo CLDN5 SLC7A5,Neuron,10.762331838565023,Pyramidal cells,9.411764705882355,Excitatory neuron,8.823529411764705
492,Endo CLDN5 SLC7A5,Endo CLDN5 SLC7A5,Neuron,10.762331838565023,Pyramidal cells,9.411764705882355,Excitatory neuron,8.823529411764705
493,Endo CLDN5 SLC7A5,Endo CLDN5 SLC7A5,Neuron,10.762331838565023,Pyramidal cells,9.411764705882355,Excitatory neuron,8.823529411764705
494,Astro AQP4 SLC1A2,Astro AQP4 SLC1A2,Astrocyte,9.266409266409266,Bergmann glia,6.593406593406592,Astrocytes,5.309734513274336
495,Astro AQP4 SLC1A2,Astro AQP4 SLC1A2,Astrocyte,9.266409266409266,Bergmann glia,6.593406593406592,Astrocytes,5.309734513274336
496,Oligo MOG OPALIN,Oligo MOG OPALIN,Oligodendrocyte,7.725321888412016,Mature oligodendrocyte,7.2727272727272725,Oligodendrocytes,7.246376811594203
497,Micro P2RY12 APBB1IP,Micro P2RY12 APBB1IP,Microglia,9.917355371900827,Lake et al.science.ex8,5.5045871559633035,Microglial-specific cell,3.8461538461538463
498,Endo CLDN5 SLC7A5,Endo CLDN5 SLC7A5,Neuron,10.762331838565023,Pyramidal cells,9.411764705882355,Excitatory neuron,8.823529411764705
499,Oligo MOG OPALIN,Oligo MOG OPALIN,Oligodendrocyte,7.725321888412016,Mature oligodendrocyte,7.2727272727272725,Oligodendrocytes,7.246376811594203
500,Endo CLDN5 SLC7A5,Endo CLDN5 SLC7A5,Neuron,10.762331838565023,Pyramidal cells,9.411764705882355,Excitatory neuron,8.823529411764705
501,Oligo MOG OPALIN,Oligo MOG OPALIN,Oligodendrocyte,7.725321888412016,Mature oligodendrocyte,7.2727272727272725,Oligodendrocytes,7.246376811594203
502,L6 OPRK1 THEMIS RGS6,L6 OPRK1 THEMIS RGS6,Cajal-retzius cells,6.25,Purkinje neurons,3.669724770642202,Somatostatin interneuron,3.6363636363636362
503,Oligo MOG OPALIN,Oligo MOG OPALIN,Oligodendrocyte,7.725321888412016,Mature oligodendrocyte,7.2727272727272725,Oligodendrocytes,7.246376811594203
504,Oligo MOG OPALIN,Oligo MOG OPALIN,Oligodendrocyte,7.725321888412016,Mature oligodendrocyte,7.2727272727272725,Oligodendrocytes,7.246376811594203
505,Oligo MOG OPALIN,Oligo MOG OPALIN,Oligodendrocyte,7.725321888412016,Mature oligodendrocyte,7.2727272727272725,Oligodendrocytes,7.246376811594203
506,Oligo MOG OPALIN,Oligo MOG OPALIN,Oligodendrocyte,7.725321888412016,Mature oligodendrocyte,7.2727272727272725,Oligodendrocytes,7.246376811594203
507,Oligo MOG OPALIN,Oligo MOG OPALIN,Oligodendrocyte,7.725321888412016,Mature oligodendrocyte,7.2727272727272725,Oligodendrocytes,7.246376811594203
508,Endo CLDN5 SLC7A5,Endo CLDN5 SLC7A5,Neuron,10.762331838565023,Pyramidal cells,9.411764705882355,Excitatory neuron,8.823529411764705
509,Oligo MOG OPALIN,Oligo MOG OPALIN,Oligodendrocyte,7.725321888412016,Mature oligodendrocyte,7.2727272727272725,Oligodendrocytes,7.246376811594203
510,Oligo MOG OPALIN,Oligo MOG OPALIN,Oligodendrocyte,7.725321888412016,Mature oligodendrocyte,7.2727272727272725,Oligodendrocytes,7.246376811594203
511,Endo CLDN5 SLC7A5,Endo CLDN5 SLC7A5,Neuron,10.762331838565023,Pyramidal cells,9.411764705882355,Excitatory neuron,8.823529411764705
512,Endo CLDN5 SLC7A5,Endo CLDN5 SLC7A5,Neuron,10.762331838565023,Pyramidal cells,9.411764705882355,Excitatory neuron,8.823529411764705
513,Endo CLDN5 SLC7A5,Endo CLDN5 SLC7A5,Neuron,10.762331838565023,Pyramidal cells,9.411764705882355,Excitatory neuron,8.823529411764705
514,Endo CLDN5 SLC7A5,Endo CLDN5 SLC7A5,Neuron,10.762331838565023,Pyramidal cells,9.411764705882355,Excitatory neuron,8.823529411764705
515,Endo CLDN5 SLC7A5,Endo CLDN5 SLC7A5,Neuron,10.762331838565023,Pyramidal cells,9.411764705882355,Excitatory neuron,8.823529411764705
516,Oligo MOG OPALIN,Oligo MOG OPALIN,Oligodendrocyte,7.725321888412016,Mature oligodendrocyte,7.2727272727272725,Oligodendrocytes,7.246376811594203
517,Endo CLDN5 SLC7A5,Endo CLDN5 SLC7A5,Neuron,10.762331838565023,Pyramidal cells,9.411764705882355,Excitatory neuron,8.823529411764705
518,Oligo MOG OPALIN,Oligo MOG OPALIN,Oligodendrocyte,7.725321888412016,Mature oligodendrocyte,7.2727272727272725,Oligodendrocytes,7.246376811594203
519,Endo CLDN5 SLC7A5,Endo CLDN5 SLC7A5,Neuron,10.762331838565023,Pyramidal cells,9.411764705882355,Excitatory neuron,8.823529411764705
520,Endo CLDN5 SLC7A5,Endo CLDN5 SLC7A5,Neuron,10.762331838565023,Pyramidal cells,9.411764705882355,Excitatory neuron,8.823529411764705
521,Oligo MOG OPALIN,Oligo MOG OPALIN,Oligodendrocyte,7.725321888412016,Mature oligodendrocyte,7.2727272727272725,Oligodendrocytes,7.246376811594203
522,Endo CLDN5 SLC7A5,Endo CLDN5 SLC7A5,Neuron,10.762331838565023,Pyramidal cells,9.411764705882355,Excitatory neuron,8.823529411764705
523,Endo CLDN5 SLC7A5,Endo CLDN5 SLC7A5,Neuron,10.762331838565023,Pyramidal cells,9.411764705882355,Excitatory neuron,8.823529411764705
524,Oligo MOG OPALIN,Oligo MOG OPALIN,Oligodendrocyte,7.725321888412016,Mature oligodendrocyte,7.2727272727272725,Oligodendrocytes,7.246376811594203
525,T SKAP1 CD247,T SKAP1 CD247,Lymphocyte,6.666666666666667,Endothelial cell,5.128205128205128,Microglia,4.958677685950414
526,Endo CLDN5 SLC7A5,Endo CLDN5 SLC7A5,Neuron,10.762331838565023,Pyramidal cells,9.411764705882355,Excitatory neuron,8.823529411764705
527,Endo CLDN5 SLC7A5,Endo CLDN5 SLC7A5,Neuron,10.762331838565023,Pyramidal cells,9.411764705882355,Excitatory neuron,8.823529411764705
528,Endo CLDN5 SLC7A5,Endo CLDN5 SLC7A5,Neuron,10.762331838565023,Pyramidal cells,9.411764705882355,Excitatory neuron,8.823529411764705
529,Endo CLDN5 SLC7A5,Endo CLDN5 SLC7A5,Neuron,10.762331838565023,Pyramidal cells,9.411764705882355,Excitatory neuron,8.823529411764705
530,Micro P2RY12 APBB1IP,Micro P2RY12 APBB1IP,Microglia,9.917355371900827,Lake et al.science.ex8,5.5045871559633035,Microglial-specific cell,3.8461538461538463
531,Endo CLDN5 SLC7A5,Endo CLDN5 SLC7A5,Neuron,10.762331838565023,Pyramidal cells,9.411764705882355,Excitatory neuron,8.823529411764705
532,Astro AQP4 SLC1A2,Astro AQP4 SLC1A2,Astrocyte,9.266409266409266,Bergmann glia,6.593406593406592,Astrocytes,5.309734513274336
533,Endo CLDN5 SLC7A5,Endo CLDN5 SLC7A5,Neuron,10.762331838565023,Pyramidal cells,9.411764705882355,Excitatory neuron,8.823529411764705
534,Endo CLDN5 SLC7A5,Endo CLDN5 SLC7A5,Neuron,10.762331838565023,Pyramidal cells,9.411764705882355,Excitatory neuron,8.823529411764705
535,Endo CLDN5 SLC7A5,Endo CLDN5 SLC7A5,Neuron,10.762331838565023,Pyramidal cells,9.411764705882355,Excitatory neuron,8.823529411764705
536,Endo CLDN5 SLC7A5,Endo CLDN5 SLC7A5,Neuron,10.762331838565023,Pyramidal cells,9.411764705882355,Excitatory neuron,8.823529411764705
537,Endo CLDN5 SLC7A5,Endo CLDN5 SLC7A5,Neuron,10.762331838565023,Pyramidal cells,9.411764705882355,Excitatory neuron,8.823529411764705
538,Oligo MOG OPALIN,Oligo MOG OPALIN,Oligodendrocyte,7.725321888412016,Mature oligodendrocyte,7.2727272727272725,Oligodendrocytes,7.246376811594203
539,Endo CLDN5 SLC7A5,Endo CLDN5 SLC7A5,Neuron,10.762331838565023,Pyramidal cells,9.411764705882355,Excitatory neuron,8.823529411764705
540,Astro AQP4 SLC1A2,Astro AQP4 SLC1A2,Astrocyte,9.266409266409266,Bergmann glia,6.593406593406592,Astrocytes,5.309734513274336
541,Oligo MOG OPALIN,Oligo MOG OPALIN,Oligodendrocyte,7.725321888412016,Mature oligodendrocyte,7.2727272727272725,Oligodendrocytes,7.246376811594203
542,Oligo MOG OPALIN,Oligo MOG OPALIN,Oligodendrocyte,7.725321888412016,Mature oligodendrocyte,7.2727272727272725,Oligodendrocytes,7.246376811594203
543,Endo CLDN5 SLC7A5,Endo CLDN5 SLC7A5,Neuron,10.762331838565023,Pyramidal cells,9.411764705882355,Excitatory neuron,8.823529411764705
544,Oligo MOG OPALIN,Oligo MOG OPALIN,Oligodendrocyte,7.725321888412016,Mature oligodendrocyte,7.2727272727272725,Oligodendrocytes,7.246376811594203
545,Oligo MOG OPALIN,Oligo MOG OPALIN,Oligodendrocyte,7.725321888412016,Mature oligodendrocyte,7.2727272727272725,Oligodendrocytes,7.246376811594203
546,Oligo MOG OPALIN,Oligo MOG OPALIN,Oligodendrocyte,7.725321888412016,Mature oligodendrocyte,7.2727272727272725,Oligodendrocytes,7.246376811594203
547,Endo CLDN5 SLC7A5,Endo CLDN5 SLC7A5,Neuron,10.762331838565023,Pyramidal cells,9.411764705882355,Excitatory neuron,8.823529411764705
548,Endo CLDN5 SLC7A5,Endo CLDN5 SLC7A5,Neuron,10.762331838565023,Pyramidal cells,9.411764705882355,Excitatory neuron,8.823529411764705
549,Oligo MOG OPALIN,Oligo MOG OPALIN,Oligodendrocyte,7.725321888412016,Mature oligodendrocyte,7.2727272727272725,Oligodendrocytes,7.246376811594203
550,Oligo MOG OPALIN,Oligo MOG OPALIN,Oligodendrocyte,7.725321888412016,Mature oligodendrocyte,7.2727272727272725,Oligodendrocytes,7.246376811594203
551,Endo CLDN5 SLC7A5,Endo CLDN5 SLC7A5,Neuron,10.762331838565023,Pyramidal cells,9.411764705882355,Excitatory neuron,8.823529411764705
552,Astro AQP4 SLC1A2,Astro AQP4 SLC1A2,Astrocyte,9.266409266409266,Bergmann glia,6.593406593406592,Astrocytes,5.309734513274336
553,Endo CLDN5 SLC7A5,Endo CLDN5 SLC7A5,Neuron,10.762331838565023,Pyramidal cells,9.411764705882355,Excitatory neuron,8.823529411764705
554,Oligo MOG OPALIN,Oligo MOG OPALIN,Oligodendrocyte,7.725321888412016,Mature oligodendrocyte,7.2727272727272725,Oligodendrocytes,7.246376811594203
555,Endo CLDN5 SLC7A5,Endo CLDN5 SLC7A5,Neuron,10.762331838565023,Pyramidal cells,9.411764705882355,Excitatory neuron,8.823529411764705
556,Endo CLDN5 SLC7A5,Endo CLDN5 SLC7A5,Neuron,10.762331838565023,Pyramidal cells,9.411764705882355,Excitatory neuron,8.823529411764705
557,Endo CLDN5 SLC7A5,Endo CLDN5 SLC7A5,Neuron,10.762331838565023,Pyramidal cells,9.411764705882355,Excitatory neuron,8.823529411764705
558,Endo CLDN5 SLC7A5,Endo CLDN5 SLC7A5,Neuron,10.762331838565023,Pyramidal cells,9.411764705882355,Excitatory neuron,8.823529411764705
559,Oligo MOG OPALIN,Oligo MOG OPALIN,Oligodendrocyte,7.725321888412016,Mature oligodendrocyte,7.2727272727272725,Oligodendrocytes,7.246376811594203
560,Oligo MOG OPALIN,Oligo MOG OPALIN,Oligodendrocyte,7.725321888412016,Mature oligodendrocyte,7.2727272727272725,Oligodendrocytes,7.246376811594203
561,Endo CLDN5 SLC7A5,Endo CLDN5 SLC7A5,Neuron,10.762331838565023,Pyramidal cells,9.411764705882355,Excitatory neuron,8.823529411764705
562,Endo CLDN5 SLC7A5,Endo CLDN5 SLC7A5,Neuron,10.762331838565023,Pyramidal cells,9.411764705882355,Excitatory neuron,8.823529411764705
563,Oligo MOG OPALIN,Oligo MOG OPALIN,Oligodendrocyte,7.725321888412016,Mature oligodendrocyte,7.2727272727272725,Oligodendrocytes,7.246376811594203
564,Oligo MOG OPALIN,Oligo MOG OPALIN,Oligodendrocyte,7.725321888412016,Mature oligodendrocyte,7.2727272727272725,Oligodendrocytes,7.246376811594203
565,Endo CLDN5 SLC7A5,Endo CLDN5 SLC7A5,Neuron,10.762331838565023,Pyramidal cells,9.411764705882355,Excitatory neuron,8.823529411764705
566,L6 OPRK1 THEMIS RGS6,L6 OPRK1 THEMIS RGS6,Cajal-retzius cells,6.25,Purkinje neurons,3.669724770642202,Somatostatin interneuron,3.6363636363636362
567,Oligo MOG OPALIN,Oligo MOG OPALIN,Oligodendrocyte,7.725321888412016,Mature oligodendrocyte,7.2727272727272725,Oligodendrocytes,7.246376811594203
568,L6 OPRK1 THEMIS RGS6,L6 OPRK1 THEMIS RGS6,Cajal-retzius cells,6.25,Purkinje neurons,3.669724770642202,Somatostatin interneuron,3.6363636363636362
569,OPC PDGFRA PCDH15,OPC PDGFRA PCDH15,Oligodendrocyte precursor cell,22.22222222222222,Oligodendrocyte progenitor cells,15.384615384615383,Oligodendrocyte,13.733905579399142
570,L6 OPRK1 THEMIS RGS6,L6 OPRK1 THEMIS RGS6,Cajal-retzius cells,6.25,Purkinje neurons,3.669724770642202,Somatostatin interneuron,3.6363636363636362
571,Endo CLDN5 SLC7A5,Endo CLDN5 SLC7A5,Neuron,10.762331838565023,Pyramidal cells,9.411764705882355,Excitatory neuron,8.823529411764705
572,Oligo MOG OPALIN,Oligo MOG OPALIN,Oligodendrocyte,7.725321888412016,Mature oligodendrocyte,7.2727272727272725,Oligodendrocytes,7.246376811594203
573,Oligo MOG OPALIN,Oligo MOG OPALIN,Oligodendrocyte,7.725321888412016,Mature oligodendrocyte,7.2727272727272725,Oligodendrocytes,7.246376811594203
574,Oligo MOG OPALIN,Oligo MOG OPALIN,Oligodendrocyte,7.725321888412016,Mature oligodendrocyte,7.2727272727272725,Oligodendrocytes,7.246376811594203
575,L6 OPRK1 THEMIS RGS6,L6 OPRK1 THEMIS RGS6,Cajal-retzius cells,6.25,Purkinje neurons,3.669724770642202,Somatostatin interneuron,3.6363636363636362
576,Oligo MOG OPALIN,Oligo MOG OPALIN,Oligodendrocyte,7.725321888412016,Mature oligodendrocyte,7.2727272727272725,Oligodendrocytes,7.246376811594203
577,Endo CLDN5 SLC7A5,Endo CLDN5 SLC7A5,Neuron,10.762331838565023,Pyramidal cells,9.411764705882355,Excitatory neuron,8.823529411764705
578,PC P2RY14 GRM8,PC P2RY14 GRM8,Endothelial cell,5.128205128205128,Lake et al.science.ex6,4.761904761904763,Astrocytes,3.5398230088495577
579,Endo CLDN5 SLC7A5,Endo CLDN5 SLC7A5,Neuron,10.762331838565023,Pyramidal cells,9.411764705882355,Excitatory neuron,8.823529411764705
580,Astro AQP4 SLC1A2,Astro AQP4 SLC1A2,Astrocyte,9.266409266409266,Bergmann glia,6.593406593406592,Astrocytes,5.309734513274336
581,Oligo MOG OPALIN,Oligo MOG OPALIN,Oligodendrocyte,7.725321888412016,Mature oligodendrocyte,7.2727272727272725,Oligodendrocytes,7.246376811594203
582,Oligo MOG OPALIN,Oligo MOG OPALIN,Oligodendrocyte,7.725321888412016,Mature oligodendrocyte,7.2727272727272725,Oligodendrocytes,7.246376811594203
583,Astro AQP4 SLC1A2,Astro AQP4 SLC1A2,Astrocyte,9.266409266409266,Bergmann glia,6.593406593406592,Astrocytes,5.309734513274336
584,Endo CLDN5 SLC7A5,Endo CLDN5 SLC7A5,Neuron,10.762331838565023,Pyramidal cells,9.411764705882355,Excitatory neuron,8.823529411764705
585,Astro AQP4 SLC1A2,Astro AQP4 SLC1A2,Astrocyte,9.266409266409266,Bergmann glia,6.593406593406592,Astrocytes,5.309734513274336
586,Endo CLDN5 SLC7A5,Endo CLDN5 SLC7A5,Neuron,10.762331838565023,Pyramidal cells,9.411764705882355,Excitatory neuron,8.823529411764705
587,Astro AQP4 SLC1A2,Astro AQP4 SLC1A2,Astrocyte,9.266409266409266,Bergmann glia,6.593406593406592,Astrocytes,5.309734513274336
588,L6 OPRK1 THEMIS RGS6,L6 OPRK1 THEMIS RGS6,Cajal-retzius cells,6.25,Purkinje neurons,3.669724770642202,Somatostatin interneuron,3.6363636363636362
589,Endo CLDN5 SLC7A5,Endo CLDN5 SLC7A5,Neuron,10.762331838565023,Pyramidal cells,9.411764705882355,Excitatory neuron,8.823529411764705
590,Oligo MOG OPALIN,Oligo MOG OPALIN,Oligodendrocyte,7.725321888412016,Mature oligodendrocyte,7.2727272727272725,Oligodendrocytes,7.246376811594203
591,Endo CLDN5 SLC7A5,Endo CLDN5 SLC7A5,Neuron,10.762331838565023,Pyramidal cells,9.411764705882355,Excitatory neuron,8.823529411764705
592,Endo CLDN5 SLC7A5,Endo CLDN5 SLC7A5,Neuron,10.762331838565023,Pyramidal cells,9.411764705882355,Excitatory neuron,8.823529411764705
593,Micro P2RY12 APBB1IP,Micro P2RY12 APBB1IP,Microglia,9.917355371900827,Lake et al.science.ex8,5.5045871559633035,Microglial-specific cell,3.8461538461538463
594,Endo CLDN5 SLC7A5,Endo CLDN5 SLC7A5,Neuron,10.762331838565023,Pyramidal cells,9.411764705882355,Excitatory neuron,8.823529411764705
595,Astro AQP4 SLC1A2,Astro AQP4 SLC1A2,Astrocyte,9.266409266409266,Bergmann glia,6.593406593406592,Astrocytes,5.309734513274336
596,Endo CLDN5 SLC7A5,Endo CLDN5 SLC7A5,Neuron,10.762331838565023,Pyramidal cells,9.411764705882355,Excitatory neuron,8.823529411764705
597,Endo CLDN5 SLC7A5,Endo CLDN5 SLC7A5,Neuron,10.762331838565023,Pyramidal cells,9.411764705882355,Excitatory neuron,8.823529411764705
598,Endo CLDN5 SLC7A5,Endo CLDN5 SLC7A5,Neuron,10.762331838565023,Pyramidal cells,9.411764705882355,Excitatory neuron,8.823529411764705
599,Endo CLDN5 SLC7A5,Endo CLDN5 SLC7A5,Neuron,10.762331838565023,Pyramidal cells,9.411764705882355,Excitatory neuron,8.823529411764705
600,Oligo MOG OPALIN,Oligo MOG OPALIN,Oligodendrocyte,7.725321888412016,Mature oligodendrocyte,7.2727272727272725,Oligodendrocytes,7.246376811594203
601,L6 OPRK1 THEMIS RGS6,L6 OPRK1 THEMIS RGS6,Cajal-retzius cells,6.25,Purkinje neurons,3.669724770642202,Somatostatin interneuron,3.6363636363636362
602,PC P2RY14 GRM8,PC P2RY14 GRM8,Endothelial cell,5.128205128205128,Lake et al.science.ex6,4.761904761904763,Astrocytes,3.5398230088495577
603,Endo CLDN5 SLC7A5,Endo CLDN5 SLC7A5,Neuron,10.762331838565023,Pyramidal cells,9.411764705882355,Excitatory neuron,8.823529411764705
604,Oligo MOG OPALIN,Oligo MOG OPALIN,Oligodendrocyte,7.725321888412016,Mature oligodendrocyte,7.2727272727272725,Oligodendrocytes,7.246376811594203
605,Astro AQP4 SLC1A2,Astro AQP4 SLC1A2,Astrocyte,9.266409266409266,Bergmann glia,6.593406593406592,Astrocytes,5.309734513274336
606,Endo CLDN5 SLC7A5,Endo CLDN5 SLC7A5,Neuron,10.762331838565023,Pyramidal cells,9.411764705882355,Excitatory neuron,8.823529411764705
607,L6 OPRK1 THEMIS RGS6,L6 OPRK1 THEMIS RGS6,Cajal-retzius cells,6.25,Purkinje neurons,3.669724770642202,Somatostatin interneuron,3.6363636363636362
608,InN SST STK32A,InN SST STK32A,Purkinje neurons,11.009174311926607,Bergmann glia,6.593406593406592,Neuron,5.381165919282512
609,InN SST STK32A,InN SST STK32A,Purkinje neurons,11.009174311926607,Bergmann glia,6.593406593406592,Neuron,5.381165919282512
610,Endo CLDN5 SLC7A5,Endo CLDN5 SLC7A5,Neuron,10.762331838565023,Pyramidal cells,9.411764705882355,Excitatory neuron,8.823529411764705
611,Endo CLDN5 SLC7A5,Endo CLDN5 SLC7A5,Neuron,10.762331838565023,Pyramidal cells,9.411764705882355,Excitatory neuron,8.823529411764705
612,Endo CLDN5 SLC7A5,Endo CLDN5 SLC7A5,Neuron,10.762331838565023,Pyramidal cells,9.411764705882355,Excitatory neuron,8.823529411764705
613,Endo CLDN5 SLC7A5,Endo CLDN5 SLC7A5,Neuron,10.762331838565023,Pyramidal cells,9.411764705882355,Excitatory neuron,8.823529411764705
614,Endo CLDN5 SLC7A5,Endo CLDN5 SLC7A5,Neuron,10.762331838565023,Pyramidal cells,9.411764705882355,Excitatory neuron,8.823529411764705
615,Oligo MOG OPALIN,Oligo MOG OPALIN,Oligodendrocyte,7.725321888412016,Mature oligodendrocyte,7.2727272727272725,Oligodendrocytes,7.246376811594203
616,L6 OPRK1 THEMIS RGS6,L6 OPRK1 THEMIS RGS6,Cajal-retzius cells,6.25,Purkinje neurons,3.669724770642202,Somatostatin interneuron,3.6363636363636362
617,Oligo MOG OPALIN,Oligo MOG OPALIN,Oligodendrocyte,7.725321888412016,Mature oligodendrocyte,7.2727272727272725,Oligodendrocytes,7.246376811594203
618,PC P2RY14 GRM8,PC P2RY14 GRM8,Endothelial cell,5.128205128205128,Lake et al.science.ex6,4.761904761904763,Astrocytes,3.5398230088495577
619,Endo CLDN5 SLC7A5,Endo CLDN5 SLC7A5,Neuron,10.762331838565023,Pyramidal cells,9.411764705882355,Excitatory neuron,8.823529411764705
620,InN SST STK32A,InN SST STK32A,Purkinje neurons,11.009174311926607,Bergmann glia,6.593406593406592,Neuron,5.381165919282512
621,Oligo MOG OPALIN,Oligo MOG OPALIN,Oligodendrocyte,7.725321888412016,Mature oligodendrocyte,7.2727272727272725,Oligodendrocytes,7.246376811594203
622,Oligo MOG OPALIN,Oligo MOG OPALIN,Oligodendrocyte,7.725321888412016,Mature oligodendrocyte,7.2727272727272725,Oligodendrocytes,7.246376811594203
623,Endo CLDN5 SLC7A5,Endo CLDN5 SLC7A5,Neuron,10.762331838565023,Pyramidal cells,9.411764705882355,Excitatory neuron,8.823529411764705
624,Endo CLDN5 SLC7A5,Endo CLDN5 SLC7A5,Neuron,10.762331838565023,Pyramidal cells,9.411764705882355,Excitatory neuron,8.823529411764705
625,Astro AQP4 SLC1A2,Astro AQP4 SLC1A2,Astrocyte,9.266409266409266,Bergmann glia,6.593406593406592,Astrocytes,5.309734513274336
626,Astro AQP4 SLC1A2,Astro AQP4 SLC1A2,Astrocyte,9.266409266409266,Bergmann glia,6.593406593406592,Astrocytes,5.309734513274336
627,Oligo MOG OPALIN,Oligo MOG OPALIN,Oligodendrocyte,7.725321888412016,Mature oligodendrocyte,7.2727272727272725,Oligodendrocytes,7.246376811594203
628,Endo CLDN5 SLC7A5,Endo CLDN5 SLC7A5,Neuron,10.762331838565023,Pyramidal cells,9.411764705882355,Excitatory neuron,8.823529411764705
629,Oligo MOG OPALIN,Oligo MOG OPALIN,Oligodendrocyte,7.725321888412016,Mature oligodendrocyte,7.2727272727272725,Oligodendrocytes,7.246376811594203
630,Oligo MOG OPALIN,Oligo MOG OPALIN,Oligodendrocyte,7.725321888412016,Mature oligodendrocyte,7.2727272727272725,Oligodendrocytes,7.246376811594203
631,Oligo MOG OPALIN,Oligo MOG OPALIN,Oligodendrocyte,7.725321888412016,Mature oligodendrocyte,7.2727272727272725,Oligodendrocytes,7.246376811594203
632,Endo CLDN5 SLC7A5,Endo CLDN5 SLC7A5,Neuron,10.762331838565023,Pyramidal cells,9.411764705882355,Excitatory neuron,8.823529411764705
633,Endo CLDN5 SLC7A5,Endo CLDN5 SLC7A5,Neuron,10.762331838565023,Pyramidal cells,9.411764705882355,Excitatory neuron,8.823529411764705
634,Endo CLDN5 SLC7A5,Endo CLDN5 SLC7A5,Neuron,10.762331838565023,Pyramidal cells,9.411764705882355,Excitatory neuron,8.823529411764705
635,PC P2RY14 GRM8,PC P2RY14 GRM8,Endothelial cell,5.128205128205128,Lake et al.science.ex6,4.761904761904763,Astrocytes,3.5398230088495577
636,Oligo MOG OPALIN,Oligo MOG OPALIN,Oligodendrocyte,7.725321888412016,Mature oligodendrocyte,7.2727272727272725,Oligodendrocytes,7.246376811594203
637,Oligo MOG OPALIN,Oligo MOG OPALIN,Oligodendrocyte,7.725321888412016,Mature oligodendrocyte,7.2727272727272725,Oligodendrocytes,7.246376811594203
638,Endo CLDN5 SLC7A5,Endo CLDN5 SLC7A5,Neuron,10.762331838565023,Pyramidal cells,9.411764705882355,Excitatory neuron,8.823529411764705
639,Endo CLDN5 SLC7A5,Endo CLDN5 SLC7A5,Neuron,10.762331838565023,Pyramidal cells,9.411764705882355,Excitatory neuron,8.823529411764705
640,Oligo MOG OPALIN,Oligo MOG OPALIN,Oligodendrocyte,7.725321888412016,Mature oligodendrocyte,7.2727272727272725,Oligodendrocytes,7.246376811594203
641,Oligo MOG OPALIN,Oligo MOG OPALIN,Oligodendrocyte,7.725321888412016,Mature oligodendrocyte,7.2727272727272725,Oligodendrocytes,7.246376811594203
642,PC P2RY14 GRM8,PC P2RY14 GRM8,Endothelial cell,5.128205128205128,Lake et al.science.ex6,4.761904761904763,Astrocytes,3.5398230088495577
643,InN SST STK32A,InN SST STK32A,Purkinje neurons,11.009174311926607,Bergmann glia,6.593406593406592,Neuron,5.381165919282512
644,Endo CLDN5 SLC7A5,Endo CLDN5 SLC7A5,Neuron,10.762331838565023,Pyramidal cells,9.411764705882355,Excitatory neuron,8.823529411764705
645,Oligo MOG OPALIN,Oligo MOG OPALIN,Oligodendrocyte,7.725321888412016,Mature oligodendrocyte,7.2727272727272725,Oligodendrocytes,7.246376811594203
646,Oligo MOG OPALIN,Oligo MOG OPALIN,Oligodendrocyte,7.725321888412016,Mature oligodendrocyte,7.2727272727272725,Oligodendrocytes,7.246376811594203
647,Endo CLDN5 SLC7A5,Endo CLDN5 SLC7A5,Neuron,10.762331838565023,Pyramidal cells,9.411764705882355,Excitatory neuron,8.823529411764705
648,Endo CLDN5 SLC7A5,Endo CLDN5 SLC7A5,Neuron,10.762331838565023,Pyramidal cells,9.411764705882355,Excitatory neuron,8.823529411764705
649,Oligo MOG OPALIN,Oligo MOG OPALIN,Oligodendrocyte,7.725321888412016,Mature oligodendrocyte,7.2727272727272725,Oligodendrocytes,7.246376811594203
650,Endo CLDN5 SLC7A5,Endo CLDN5 SLC7A5,Neuron,10.762331838565023,Pyramidal cells,9.411764705882355,Excitatory neuron,8.823529411764705
651,InN SST STK32A,InN SST STK32A,Purkinje neurons,11.009174311926607,Bergmann glia,6.593406593406592,Neuron,5.381165919282512
652,Astro AQP4 SLC1A2,Astro AQP4 SLC1A2,Astrocyte,9.266409266409266,Bergmann glia,6.593406593406592,Astrocytes,5.309734513274336
653,Oligo MOG OPALIN,Oligo MOG OPALIN,Oligodendrocyte,7.725321888412016,Mature oligodendrocyte,7.2727272727272725,Oligodendrocytes,7.246376811594203
654,Astro AQP4 SLC1A2,Astro AQP4 SLC1A2,Astrocyte,9.266409266409266,Bergmann glia,6.593406593406592,Astrocytes,5.309734513274336
655,Oligo MOG OPALIN,Oligo MOG OPALIN,Oligodendrocyte,7.725321888412016,Mature oligodendrocyte,7.2727272727272725,Oligodendrocytes,7.246376811594203
656,Endo CLDN5 SLC7A5,Endo CLDN5 SLC7A5,Neuron,10.762331838565023,Pyramidal cells,9.411764705882355,Excitatory neuron,8.823529411764705
657,PC P2RY14 GRM8,PC P2RY14 GRM8,Endothelial cell,5.128205128205128,Lake et al.science.ex6,4.761904761904763,Astrocytes,3.5398230088495577
658,T SKAP1 CD247,T SKAP1 CD247,Lymphocyte,6.666666666666667,Endothelial cell,5.128205128205128,Microglia,4.958677685950414
659,Endo CLDN5 SLC7A5,Endo CLDN5 SLC7A5,Neuron,10.762331838565023,Pyramidal cells,9.411764705882355,Excitatory neuron,8.823529411764705
660,Oligo MOG OPALIN,Oligo MOG OPALIN,Oligodendrocyte,7.725321888412016,Mature oligodendrocyte,7.2727272727272725,Oligodendrocytes,7.246376811594203
661,Endo CLDN5 SLC7A5,Endo CLDN5 SLC7A5,Neuron,10.762331838565023,Pyramidal cells,9.411764705882355,Excitatory neuron,8.823529411764705
662,Endo CLDN5 SLC7A5,Endo CLDN5 SLC7A5,Neuron,10.762331838565023,Pyramidal cells,9.411764705882355,Excitatory neuron,8.823529411764705
663,Oligo MOG OPALIN,Oligo MOG OPALIN,Oligodendrocyte,7.725321888412016,Mature oligodendrocyte,7.2727272727272725,Oligodendrocytes,7.246376811594203
664,Endo CLDN5 SLC7A5,Endo CLDN5 SLC7A5,Neuron,10.762331838565023,Pyramidal cells,9.411764705882355,Excitatory neuron,8.823529411764705
665,Endo CLDN5 SLC7A5,Endo CLDN5 SLC7A5,Neuron,10.762331838565023,Pyramidal cells,9.411764705882355,Excitatory neuron,8.823529411764705
666,L6 OPRK1 THEMIS RGS6,L6 OPRK1 THEMIS RGS6,Cajal-retzius cells,6.25,Purkinje neurons,3.669724770642202,Somatostatin interneuron,3.6363636363636362
667,InN SST STK32A,InN SST STK32A,Purkinje neurons,11.009174311926607,Bergmann glia,6.593406593406592,Neuron,5.381165919282512
668,Endo CLDN5 SLC7A5,Endo CLDN5 SLC7A5,Neuron,10.762331838565023,Pyramidal cells,9.411764705882355,Excitatory neuron,8.823529411764705
669,Endo CLDN5 SLC7A5,Endo CLDN5 SLC7A5,Neuron,10.762331838565023,Pyramidal cells,9.411764705882355,Excitatory neuron,8.823529411764705
670,InN SST STK32A,InN SST STK32A,Purkinje neurons,11.009174311926607,Bergmann glia,6.593406593406592,Neuron,5.381165919282512
671,Endo CLDN5 SLC7A5,Endo CLDN5 SLC7A5,Neuron,10.762331838565023,Pyramidal cells,9.411764705882355,Excitatory neuron,8.823529411764705
672,Oligo MOG OPALIN,Oligo MOG OPALIN,Oligodendrocyte,7.725321888412016,Mature oligodendrocyte,7.2727272727272725,Oligodendrocytes,7.246376811594203
673,Astro AQP4 SLC1A2,Astro AQP4 SLC1A2,Astrocyte,9.266409266409266,Bergmann glia,6.593406593406592,Astrocytes,5.309734513274336
674,PC P2RY14 GRM8,PC P2RY14 GRM8,Endothelial cell,5.128205128205128,Lake et al.science.ex6,4.761904761904763,Astrocytes,3.5398230088495577
675,Endo CLDN5 SLC7A5,Endo CLDN5 SLC7A5,Neuron,10.762331838565023,Pyramidal cells,9.411764705882355,Excitatory neuron,8.823529411764705
676,Endo CLDN5 SLC7A5,Endo CLDN5 SLC7A5,Neuron,10.762331838565023,Pyramidal cells,9.411764705882355,Excitatory neuron,8.823529411764705
677,PC P2RY14 GRM8,PC P2RY14 GRM8,Endothelial cell,5.128205128205128,Lake et al.science.ex6,4.761904761904763,Astrocytes,3.5398230088495577
678,Oligo MOG OPALIN,Oligo MOG OPALIN,Oligodendrocyte,7.725321888412016,Mature oligodendrocyte,7.2727272727272725,Oligodendrocytes,7.246376811594203
679,PC P2RY14 GRM8,PC P2RY14 GRM8,Endothelial cell,5.128205128205128,Lake et al.science.ex6,4.761904761904763,Astrocytes,3.5398230088495577
680,Endo CLDN5 SLC7A5,Endo CLDN5 SLC7A5,Neuron,10.762331838565023,Pyramidal cells,9.411764705882355,Excitatory neuron,8.823529411764705
681,Endo CLDN5 SLC7A5,Endo CLDN5 SLC7A5,Neuron,10.762331838565023,Pyramidal cells,9.411764705882355,Excitatory neuron,8.823529411764705
682,Oligo MOG OPALIN,Oligo MOG OPALIN,Oligodendrocyte,7.725321888412016,Mature oligodendrocyte,7.2727272727272725,Oligodendrocytes,7.246376811594203
683,Endo CLDN5 SLC7A5,Endo CLDN5 SLC7A5,Neuron,10.762331838565023,Pyramidal cells,9.411764705882355,Excitatory neuron,8.823529411764705
684,PC P2RY14 GRM8,PC P2RY14 GRM8,Endothelial cell,5.128205128205128,Lake et al.science.ex6,4.761904761904763,Astrocytes,3.5398230088495577
685,Oligo MOG OPALIN,Oligo MOG OPALIN,Oligodendrocyte,7.725321888412016,Mature oligodendrocyte,7.2727272727272725,Oligodendrocytes,7.246376811594203
686,Oligo MOG OPALIN,Oligo MOG OPALIN,Oligodendrocyte,7.725321888412016,Mature oligodendrocyte,7.2727272727272725,Oligodendrocytes,7.246376811594203
687,Oligo MOG OPALIN,Oligo MOG OPALIN,Oligodendrocyte,7.725321888412016,Mature oligodendrocyte,7.2727272727272725,Oligodendrocytes,7.246376811594203
688,Oligo MOG OPALIN,Oligo MOG OPALIN,Oligodendrocyte,7.725321888412016,Mature oligodendrocyte,7.2727272727272725,Oligodendrocytes,7.246376811594203
689,Oligo MOG OPALIN,Oligo MOG OPALIN,Oligodendrocyte,7.725321888412016,Mature oligodendrocyte,7.2727272727272725,Oligodendrocytes,7.246376811594203
690,Endo CLDN5 SLC7A5,Endo CLDN5 SLC7A5,Neuron,10.762331838565023,Pyramidal cells,9.411764705882355,Excitatory neuron,8.823529411764705
691,Astro AQP4 SLC1A2,Astro AQP4 SLC1A2,Astrocyte,9.266409266409266,Bergmann glia,6.593406593406592,Astrocytes,5.309734513274336
692,Endo CLDN5 SLC7A5,Endo CLDN5 SLC7A5,Neuron,10.762331838565023,Pyramidal cells,9.411764705882355,Excitatory neuron,8.823529411764705
693,Endo CLDN5 SLC7A5,Endo CLDN5 SLC7A5,Neuron,10.762331838565023,Pyramidal cells,9.411764705882355,Excitatory neuron,8.823529411764705
694,Oligo MOG OPALIN,Oligo MOG OPALIN,Oligodendrocyte,7.725321888412016,Mature oligodendrocyte,7.2727272727272725,Oligodendrocytes,7.246376811594203
695,Endo CLDN5 SLC7A5,Endo CLDN5 SLC7A5,Neuron,10.762331838565023,Pyramidal cells,9.411764705882355,Excitatory neuron,8.823529411764705
696,InN SST STK32A,InN SST STK32A,Purkinje neurons,11.009174311926607,Bergmann glia,6.593406593406592,Neuron,5.381165919282512
697,Endo CLDN5 SLC7A5,Endo CLDN5 SLC7A5,Neuron,10.762331838565023,Pyramidal cells,9.411764705882355,Excitatory neuron,8.823529411764705
698,Endo CLDN5 SLC7A5,Endo CLDN5 SLC7A5,Neuron,10.762331838565023,Pyramidal cells,9.411764705882355,Excitatory neuron,8.823529411764705
699,Endo CLDN5 SLC7A5,Endo CLDN5 SLC7A5,Neuron,10.762331838565023,Pyramidal cells,9.411764705882355,Excitatory neuron,8.823529411764705
700,InN SST STK32A,InN SST STK32A,Purkinje neurons,11.009174311926607,Bergmann glia,6.593406593406592,Neuron,5.381165919282512
701,Endo CLDN5 SLC7A5,Endo CLDN5 SLC7A5,Neuron,10.762331838565023,Pyramidal cells,9.411764705882355,Excitatory neuron,8.823529411764705
702,PC P2RY14 GRM8,PC P2RY14 GRM8,Endothelial cell,5.128205128205128,Lake et al.science.ex6,4.761904761904763,Astrocytes,3.5398230088495577
703,Astro AQP4 SLC1A2,Astro AQP4 SLC1A2,Astrocyte,9.266409266409266,Bergmann glia,6.593406593406592,Astrocytes,5.309734513274336
704,Oligo MOG OPALIN,Oligo MOG OPALIN,Oligodendrocyte,7.725321888412016,Mature oligodendrocyte,7.2727272727272725,Oligodendrocytes,7.246376811594203
705,Oligo MOG OPALIN,Oligo MOG OPALIN,Oligodendrocyte,7.725321888412016,Mature oligodendrocyte,7.2727272727272725,Oligodendrocytes,7.246376811594203
706,Oligo MOG OPALIN,Oligo MOG OPALIN,Oligodendrocyte,7.725321888412016,Mature oligodendrocyte,7.2727272727272725,Oligodendrocytes,7.246376811594203
707,Astro AQP4 SLC1A2,Astro AQP4 SLC1A2,Astrocyte,9.266409266409266,Bergmann glia,6.593406593406592,Astrocytes,5.309734513274336
708,Micro P2RY12 APBB1IP,Micro P2RY12 APBB1IP,Microglia,9.917355371900827,Lake et al.science.ex8,5.5045871559633035,Microglial-specific cell,3.8461538461538463
709,Endo CLDN5 SLC7A5,Endo CLDN5 SLC7A5,Neuron,10.762331838565023,Pyramidal cells,9.411764705882355,Excitatory neuron,8.823529411764705
710,Endo CLDN5 SLC7A5,Endo CLDN5 SLC7A5,Neuron,10.762331838565023,Pyramidal cells,9.411764705882355,Excitatory neuron,8.823529411764705
711,Endo CLDN5 SLC7A5,Endo CLDN5 SLC7A5,Neuron,10.762331838565023,Pyramidal cells,9.411764705882355,Excitatory neuron,8.823529411764705
712,Endo CLDN5 SLC7A5,Endo CLDN5 SLC7A5,Neuron,10.762331838565023,Pyramidal cells,9.411764705882355,Excitatory neuron,8.823529411764705
713,Endo CLDN5 SLC7A5,Endo CLDN5 SLC7A5,Neuron,10.762331838565023,Pyramidal cells,9.411764705882355,Excitatory neuron,8.823529411764705
714,PC P2RY14 GRM8,PC P2RY14 GRM8,Endothelial cell,5.128205128205128,Lake et al.science.ex6,4.761904761904763,Astrocytes,3.5398230088495577
715,InN SST STK32A,InN SST STK32A,Purkinje neurons,11.009174311926607,Bergmann glia,6.593406593406592,Neuron,5.381165919282512
716,Oligo MOG OPALIN,Oligo MOG OPALIN,Oligodendrocyte,7.725321888412016,Mature oligodendrocyte,7.2727272727272725,Oligodendrocytes,7.246376811594203
717,Oligo MOG OPALIN,Oligo MOG OPALIN,Oligodendrocyte,7.725321888412016,Mature oligodendrocyte,7.2727272727272725,Oligodendrocytes,7.246376811594203
718,Oligo MOG OPALIN,Oligo MOG OPALIN,Oligodendrocyte,7.725321888412016,Mature oligodendrocyte,7.2727272727272725,Oligodendrocytes,7.246376811594203
719,Oligo MOG OPALIN,Oligo MOG OPALIN,Oligodendrocyte,7.725321888412016,Mature oligodendrocyte,7.2727272727272725,Oligodendrocytes,7.246376811594203
720,Endo CLDN5 SLC7A5,Endo CLDN5 SLC7A5,Neuron,10.762331838565023,Pyramidal cells,9.411764705882355,Excitatory neuron,8.823529411764705
721,Oligo MOG OPALIN,Oligo MOG OPALIN,Oligodendrocyte,7.725321888412016,Mature oligodendrocyte,7.2727272727272725,Oligodendrocytes,7.246376811594203
722,Endo CLDN5 SLC7A5,Endo CLDN5 SLC7A5,Neuron,10.762331838565023,Pyramidal cells,9.411764705882355,Excitatory neuron,8.823529411764705
723,Endo CLDN5 SLC7A5,Endo CLDN5 SLC7A5,Neuron,10.762331838565023,Pyramidal cells,9.411764705882355,Excitatory neuron,8.823529411764705
724,Oligo MOG OPALIN,Oligo MOG OPALIN,Oligodendrocyte,7.725321888412016,Mature oligodendrocyte,7.2727272727272725,Oligodendrocytes,7.246376811594203
725,Oligo MOG OPALIN,Oligo MOG OPALIN,Oligodendrocyte,7.725321888412016,Mature oligodendrocyte,7.2727272727272725,Oligodendrocytes,7.246376811594203
726,Oligo MOG OPALIN,Oligo MOG OPALIN,Oligodendrocyte,7.725321888412016,Mature oligodendrocyte,7.2727272727272725,Oligodendrocytes,7.246376811594203
727,Endo CLDN5 SLC7A5,Endo CLDN5 SLC7A5,Neuron,10.762331838565023,Pyramidal cells,9.411764705882355,Excitatory neuron,8.823529411764705
728,Endo CLDN5 SLC7A5,Endo CLDN5 SLC7A5,Neuron,10.762331838565023,Pyramidal cells,9.411764705882355,Excitatory neuron,8.823529411764705
729,L6 OPRK1 THEMIS RGS6,L6 OPRK1 THEMIS RGS6,Cajal-retzius cells,6.25,Purkinje neurons,3.669724770642202,Somatostatin interneuron,3.6363636363636362
730,Oligo MOG OPALIN,Oligo MOG OPALIN,Oligodendrocyte,7.725321888412016,Mature oligodendrocyte,7.2727272727272725,Oligodendrocytes,7.246376811594203
731,Astro AQP4 SLC1A2,Astro AQP4 SLC1A2,Astrocyte,9.266409266409266,Bergmann glia,6.593406593406592,Astrocytes,5.309734513274336
732,Astro AQP4 SLC1A2,Astro AQP4 SLC1A2,Astrocyte,9.266409266409266,Bergmann glia,6.593406593406592,Astrocytes,5.309734513274336
733,Oligo MOG OPALIN,Oligo MOG OPALIN,Oligodendrocyte,7.725321888412016,Mature oligodendrocyte,7.2727272727272725,Oligodendrocytes,7.246376811594203
734,Endo CLDN5 SLC7A5,Endo CLDN5 SLC7A5,Neuron,10.762331838565023,Pyramidal cells,9.411764705882355,Excitatory neuron,8.823529411764705
735,Endo CLDN5 SLC7A5,Endo CLDN5 SLC7A5,Neuron,10.762331838565023,Pyramidal cells,9.411764705882355,Excitatory neuron,8.823529411764705
736,Oligo MOG OPALIN,Oligo MOG OPALIN,Oligodendrocyte,7.725321888412016,Mature oligodendrocyte,7.2727272727272725,Oligodendrocytes,7.246376811594203
737,Oligo MOG OPALIN,Oligo MOG OPALIN,Oligodendrocyte,7.725321888412016,Mature oligodendrocyte,7.2727272727272725,Oligodendrocytes,7.246376811594203
738,Micro P2RY12 APBB1IP,Micro P2RY12 APBB1IP,Microglia,9.917355371900827,Lake et al.science.ex8,5.5045871559633035,Microglial-specific cell,3.8461538461538463
739,Astro AQP4 SLC1A2,Astro AQP4 SLC1A2,Astrocyte,9.266409266409266,Bergmann glia,6.593406593406592,Astrocytes,5.309734513274336
740,Endo CLDN5 SLC7A5,Endo CLDN5 SLC7A5,Neuron,10.762331838565023,Pyramidal cells,9.411764705882355,Excitatory neuron,8.823529411764705
741,Endo CLDN5 SLC7A5,Endo CLDN5 SLC7A5,Neuron,10.762331838565023,Pyramidal cells,9.411764705882355,Excitatory neuron,8.823529411764705
742,Endo CLDN5 SLC7A5,Endo CLDN5 SLC7A5,Neuron,10.762331838565023,Pyramidal cells,9.411764705882355,Excitatory neuron,8.823529411764705
743,PC P2RY14 GRM8,PC P2RY14 GRM8,Endothelial cell,5.128205128205128,Lake et al.science.ex6,4.761904761904763,Astrocytes,3.5398230088495577
744,Endo CLDN5 SLC7A5,Endo CLDN5 SLC7A5,Neuron,10.762331838565023,Pyramidal cells,9.411764705882355,Excitatory neuron,8.823529411764705
745,Endo CLDN5 SLC7A5,Endo CLDN5 SLC7A5,Neuron,10.762331838565023,Pyramidal cells,9.411764705882355,Excitatory neuron,8.823529411764705
746,Endo CLDN5 SLC7A5,Endo CLDN5 SLC7A5,Neuron,10.762331838565023,Pyramidal cells,9.411764705882355,Excitatory neuron,8.823529411764705
747,L6 OPRK1 THEMIS RGS6,L6 OPRK1 THEMIS RGS6,Cajal-retzius cells,6.25,Purkinje neurons,3.669724770642202,Somatostatin interneuron,3.6363636363636362
748,Endo CLDN5 SLC7A5,Endo CLDN5 SLC7A5,Neuron,10.762331838565023,Pyramidal cells,9.411764705882355,Excitatory neuron,8.823529411764705
749,Endo CLDN5 SLC7A5,Endo CLDN5 SLC7A5,Neuron,10.762331838565023,Pyramidal cells,9.411764705882355,Excitatory neuron,8.823529411764705
750,Astro AQP4 SLC1A2,Astro AQP4 SLC1A2,Astrocyte,9.266409266409266,Bergmann glia,6.593406593406592,Astrocytes,5.309734513274336
751,InN SST STK32A,InN SST STK32A,Purkinje neurons,11.009174311926607,Bergmann glia,6.593406593406592,Neuron,5.381165919282512
752,Endo CLDN5 SLC7A5,Endo CLDN5 SLC7A5,Neuron,10.762331838565023,Pyramidal cells,9.411764705882355,Excitatory neuron,8.823529411764705
753,Oligo MOG OPALIN,Oligo MOG OPALIN,Oligodendrocyte,7.725321888412016,Mature oligodendrocyte,7.2727272727272725,Oligodendrocytes,7.246376811594203
754,Endo CLDN5 SLC7A5,Endo CLDN5 SLC7A5,Neuron,10.762331838565023,Pyramidal cells,9.411764705882355,Excitatory neuron,8.823529411764705
755,Oligo MOG OPALIN,Oligo MOG OPALIN,Oligodendrocyte,7.725321888412016,Mature oligodendrocyte,7.2727272727272725,Oligodendrocytes,7.246376811594203
756,T SKAP1 CD247,T SKAP1 CD247,Lymphocyte,6.666666666666667,Endothelial cell,5.128205128205128,Microglia,4.958677685950414
757,Endo CLDN5 SLC7A5,Endo CLDN5 SLC7A5,Neuron,10.762331838565023,Pyramidal cells,9.411764705882355,Excitatory neuron,8.823529411764705
758,Endo CLDN5 SLC7A5,Endo CLDN5 SLC7A5,Neuron,10.762331838565023,Pyramidal cells,9.411764705882355,Excitatory neuron,8.823529411764705
759,Oligo MOG OPALIN,Oligo MOG OPALIN,Oligodendrocyte,7.725321888412016,Mature oligodendrocyte,7.2727272727272725,Oligodendrocytes,7.246376811594203
760,Endo CLDN5 SLC7A5,Endo CLDN5 SLC7A5,Neuron,10.762331838565023,Pyramidal cells,9.411764705882355,Excitatory neuron,8.823529411764705
761,Endo CLDN5 SLC7A5,Endo CLDN5 SLC7A5,Neuron,10.762331838565023,Pyramidal cells,9.411764705882355,Excitatory neuron,8.823529411764705
762,Endo CLDN5 SLC7A5,Endo CLDN5 SLC7A5,Neuron,10.762331838565023,Pyramidal cells,9.411764705882355,Excitatory neuron,8.823529411764705
763,Micro P2RY12 APBB1IP,Micro P2RY12 APBB1IP,Microglia,9.917355371900827,Lake et al.science.ex8,5.5045871559633035,Microglial-specific cell,3.8461538461538463
764,Oligo MOG OPALIN,Oligo MOG OPALIN,Oligodendrocyte,7.725321888412016,Mature oligodendrocyte,7.2727272727272725,Oligodendrocytes,7.246376811594203
765,Oligo MOG OPALIN,Oligo MOG OPALIN,Oligodendrocyte,7.725321888412016,Mature oligodendrocyte,7.2727272727272725,Oligodendrocytes,7.246376811594203
766,Oligo MOG OPALIN,Oligo MOG OPALIN,Oligodendrocyte,7.725321888412016,Mature oligodendrocyte,7.2727272727272725,Oligodendrocytes,7.246376811594203
767,Endo CLDN5 SLC7A5,Endo CLDN5 SLC7A5,Neuron,10.762331838565023,Pyramidal cells,9.411764705882355,Excitatory neuron,8.823529411764705
768,Oligo MOG OPALIN,Oligo MOG OPALIN,Oligodendrocyte,7.725321888412016,Mature oligodendrocyte,7.2727272727272725,Oligodendrocytes,7.246376811594203
769,Oligo MOG OPALIN,Oligo MOG OPALIN,Oligodendrocyte,7.725321888412016,Mature oligodendrocyte,7.2727272727272725,Oligodendrocytes,7.246376811594203
770,Oligo MOG OPALIN,Oligo MOG OPALIN,Oligodendrocyte,7.725321888412016,Mature oligodendrocyte,7.2727272727272725,Oligodendrocytes,7.246376811594203
771,Oligo MOG OPALIN,Oligo MOG OPALIN,Oligodendrocyte,7.725321888412016,Mature oligodendrocyte,7.2727272727272725,Oligodendrocytes,7.246376811594203
772,Oligo MOG OPALIN,Oligo MOG OPALIN,Oligodendrocyte,7.725321888412016,Mature oligodendrocyte,7.2727272727272725,Oligodendrocytes,7.246376811594203
773,L6 OPRK1 THEMIS RGS6,L6 OPRK1 THEMIS RGS6,Cajal-retzius cells,6.25,Purkinje neurons,3.669724770642202,Somatostatin interneuron,3.6363636363636362
774,Endo CLDN5 SLC7A5,Endo CLDN5 SLC7A5,Neuron,10.762331838565023,Pyramidal cells,9.411764705882355,Excitatory neuron,8.823529411764705
775,Oligo MOG OPALIN,Oligo MOG OPALIN,Oligodendrocyte,7.725321888412016,Mature oligodendrocyte,7.2727272727272725,Oligodendrocytes,7.246376811594203
776,L6 OPRK1 THEMIS RGS6,L6 OPRK1 THEMIS RGS6,Cajal-retzius cells,6.25,Purkinje neurons,3.669724770642202,Somatostatin interneuron,3.6363636363636362
777,Oligo MOG OPALIN,Oligo MOG OPALIN,Oligodendrocyte,7.725321888412016,Mature oligodendrocyte,7.2727272727272725,Oligodendrocytes,7.246376811594203
778,Oligo MOG OPALIN,Oligo MOG OPALIN,Oligodendrocyte,7.725321888412016,Mature oligodendrocyte,7.2727272727272725,Oligodendrocytes,7.246376811594203
779,Endo CLDN5 SLC7A5,Endo CLDN5 SLC7A5,Neuron,10.762331838565023,Pyramidal cells,9.411764705882355,Excitatory neuron,8.823529411764705
780,Oligo MOG OPALIN,Oligo MOG OPALIN,Oligodendrocyte,7.725321888412016,Mature oligodendrocyte,7.2727272727272725,Oligodendrocytes,7.246376811594203
781,Oligo MOG OPALIN,Oligo MOG OPALIN,Oligodendrocyte,7.725321888412016,Mature oligodendrocyte,7.2727272727272725,Oligodendrocytes,7.246376811594203
782,Micro P2RY12 APBB1IP,Micro P2RY12 APBB1IP,Microglia,9.917355371900827,Lake et al.science.ex8,5.5045871559633035,Microglial-specific cell,3.8461538461538463
783,PC P2RY14 GRM8,PC P2RY14 GRM8,Endothelial cell,5.128205128205128,Lake et al.science.ex6,4.761904761904763,Astrocytes,3.5398230088495577
784,Endo CLDN5 SLC7A5,Endo CLDN5 SLC7A5,Neuron,10.762331838565023,Pyramidal cells,9.411764705882355,Excitatory neuron,8.823529411764705
785,Endo CLDN5 SLC7A5,Endo CLDN5 SLC7A5,Neuron,10.762331838565023,Pyramidal cells,9.411764705882355,Excitatory neuron,8.823529411764705
786,Endo CLDN5 SLC7A5,Endo CLDN5 SLC7A5,Neuron,10.762331838565023,Pyramidal cells,9.411764705882355,Excitatory neuron,8.823529411764705
787,Oligo MOG OPALIN,Oligo MOG OPALIN,Oligodendrocyte,7.725321888412016,Mature oligodendrocyte,7.2727272727272725,Oligodendrocytes,7.246376811594203
788,Oligo MOG OPALIN,Oligo MOG OPALIN,Oligodendrocyte,7.725321888412016,Mature oligodendrocyte,7.2727272727272725,Oligodendrocytes,7.246376811594203
789,Astro AQP4 SLC1A2,Astro AQP4 SLC1A2,Astrocyte,9.266409266409266,Bergmann glia,6.593406593406592,Astrocytes,5.309734513274336
790,Endo CLDN5 SLC7A5,Endo CLDN5 SLC7A5,Neuron,10.762331838565023,Pyramidal cells,9.411764705882355,Excitatory neuron,8.823529411764705
791,Endo CLDN5 SLC7A5,Endo CLDN5 SLC7A5,Neuron,10.762331838565023,Pyramidal cells,9.411764705882355,Excitatory neuron,8.823529411764705
792,Oligo MOG OPALIN,Oligo MOG OPALIN,Oligodendrocyte,7.725321888412016,Mature oligodendrocyte,7.2727272727272725,Oligodendrocytes,7.246376811594203
793,Oligo MOG OPALIN,Oligo MOG OPALIN,Oligodendrocyte,7.725321888412016,Mature oligodendrocyte,7.2727272727272725,Oligodendrocytes,7.246376811594203
794,Endo CLDN5 SLC7A5,Endo CLDN5 SLC7A5,Neuron,10.762331838565023,Pyramidal cells,9.411764705882355,Excitatory neuron,8.823529411764705
795,Endo CLDN5 SLC7A5,Endo CLDN5 SLC7A5,Neuron,10.762331838565023,Pyramidal cells,9.411764705882355,Excitatory neuron,8.823529411764705
796,Endo CLDN5 SLC7A5,Endo CLDN5 SLC7A5,Neuron,10.762331838565023,Pyramidal cells,9.411764705882355,Excitatory neuron,8.823529411764705
797,Oligo MOG OPALIN,Oligo MOG OPALIN,Oligodendrocyte,7.725321888412016,Mature oligodendrocyte,7.2727272727272725,Oligodendrocytes,7.246376811594203
798,Oligo MOG OPALIN,Oligo MOG OPALIN,Oligodendrocyte,7.725321888412016,Mature oligodendrocyte,7.2727272727272725,Oligodendrocytes,7.246376811594203
799,Endo CLDN5 SLC7A5,Endo CLDN5 SLC7A5,Neuron,10.762331838565023,Pyramidal cells,9.411764705882355,Excitatory neuron,8.823529411764705
800,Endo CLDN5 SLC7A5,Endo CLDN5 SLC7A5,Neuron,10.762331838565023,Pyramidal cells,9.411764705882355,Excitatory neuron,8.823529411764705
801,Endo CLDN5 SLC7A5,Endo CLDN5 SLC7A5,Neuron,10.762331838565023,Pyramidal cells,9.411764705882355,Excitatory neuron,8.823529411764705
802,Oligo MOG OPALIN,Oligo MOG OPALIN,Oligodendrocyte,7.725321888412016,Mature oligodendrocyte,7.2727272727272725,Oligodendrocytes,7.246376811594203
803,Endo CLDN5 SLC7A5,Endo CLDN5 SLC7A5,Neuron,10.762331838565023,Pyramidal cells,9.411764705882355,Excitatory neuron,8.823529411764705
804,Endo CLDN5 SLC7A5,Endo CLDN5 SLC7A5,Neuron,10.762331838565023,Pyramidal cells,9.411764705882355,Excitatory neuron,8.823529411764705
805,Endo CLDN5 SLC7A5,Endo CLDN5 SLC7A5,Neuron,10.762331838565023,Pyramidal cells,9.411764705882355,Excitatory neuron,8.823529411764705
806,Endo CLDN5 SLC7A5,Endo CLDN5 SLC7A5,Neuron,10.762331838565023,Pyramidal cells,9.411764705882355,Excitatory neuron,8.823529411764705
807,L6 OPRK1 THEMIS RGS6,L6 OPRK1 THEMIS RGS6,Cajal-retzius cells,6.25,Purkinje neurons,3.669724770642202,Somatostatin interneuron,3.6363636363636362
808,Oligo MOG OPALIN,Oligo MOG OPALIN,Oligodendrocyte,7.725321888412016,Mature oligodendrocyte,7.2727272727272725,Oligodendrocytes,7.246376811594203
809,Endo CLDN5 SLC7A5,Endo CLDN5 SLC7A5,Neuron,10.762331838565023,Pyramidal cells,9.411764705882355,Excitatory neuron,8.823529411764705
810,Astro AQP4 SLC1A2,Astro AQP4 SLC1A2,Astrocyte,9.266409266409266,Bergmann glia,6.593406593406592,Astrocytes,5.309734513274336
811,L6 OPRK1 THEMIS RGS6,L6 OPRK1 THEMIS RGS6,Cajal-retzius cells,6.25,Purkinje neurons,3.669724770642202,Somatostatin interneuron,3.6363636363636362
812,Oligo MOG OPALIN,Oligo MOG OPALIN,Oligodendrocyte,7.725321888412016,Mature oligodendrocyte,7.2727272727272725,Oligodendrocytes,7.246376811594203
813,Oligo MOG OPALIN,Oligo MOG OPALIN,Oligodendrocyte,7.725321888412016,Mature oligodendrocyte,7.2727272727272725,Oligodendrocytes,7.246376811594203
814,Endo CLDN5 SLC7A5,Endo CLDN5 SLC7A5,Neuron,10.762331838565023,Pyramidal cells,9.411764705882355,Excitatory neuron,8.823529411764705
815,Endo CLDN5 SLC7A5,Endo CLDN5 SLC7A5,Neuron,10.762331838565023,Pyramidal cells,9.411764705882355,Excitatory neuron,8.823529411764705
816,Oligo MOG OPALIN,Oligo MOG OPALIN,Oligodendrocyte,7.725321888412016,Mature oligodendrocyte,7.2727272727272725,Oligodendrocytes,7.246376811594203
817,Endo CLDN5 SLC7A5,Endo CLDN5 SLC7A5,Neuron,10.762331838565023,Pyramidal cells,9.411764705882355,Excitatory neuron,8.823529411764705
818,Endo CLDN5 SLC7A5,Endo CLDN5 SLC7A5,Neuron,10.762331838565023,Pyramidal cells,9.411764705882355,Excitatory neuron,8.823529411764705
819,Endo CLDN5 SLC7A5,Endo CLDN5 SLC7A5,Neuron,10.762331838565023,Pyramidal cells,9.411764705882355,Excitatory neuron,8.823529411764705
820,Endo CLDN5 SLC7A5,Endo CLDN5 SLC7A5,Neuron,10.762331838565023,Pyramidal cells,9.411764705882355,Excitatory neuron,8.823529411764705
821,Endo CLDN5 SLC7A5,Endo CLDN5 SLC7A5,Neuron,10.762331838565023,Pyramidal cells,9.411764705882355,Excitatory neuron,8.823529411764705
822,Astro AQP4 SLC1A2,Astro AQP4 SLC1A2,Astrocyte,9.266409266409266,Bergmann glia,6.593406593406592,Astrocytes,5.309734513274336
823,Endo CLDN5 SLC7A5,Endo CLDN5 SLC7A5,Neuron,10.762331838565023,Pyramidal cells,9.411764705882355,Excitatory neuron,8.823529411764705
824,Endo CLDN5 SLC7A5,Endo CLDN5 SLC7A5,Neuron,10.762331838565023,Pyramidal cells,9.411764705882355,Excitatory neuron,8.823529411764705
825,Endo CLDN5 SLC7A5,Endo CLDN5 SLC7A5,Neuron,10.762331838565023,Pyramidal cells,9.411764705882355,Excitatory neuron,8.823529411764705
826,Oligo MOG OPALIN,Oligo MOG OPALIN,Oligodendrocyte,7.725321888412016,Mature oligodendrocyte,7.2727272727272725,Oligodendrocytes,7.246376811594203
827,Endo CLDN5 SLC7A5,Endo CLDN5 SLC7A5,Neuron,10.762331838565023,Pyramidal cells,9.411764705882355,Excitatory neuron,8.823529411764705
828,Endo CLDN5 SLC7A5,Endo CLDN5 SLC7A5,Neuron,10.762331838565023,Pyramidal cells,9.411764705882355,Excitatory neuron,8.823529411764705
829,Oligo MOG OPALIN,Oligo MOG OPALIN,Oligodendrocyte,7.725321888412016,Mature oligodendrocyte,7.2727272727272725,Oligodendrocytes,7.246376811594203
830,Endo CLDN5 SLC7A5,Endo CLDN5 SLC7A5,Neuron,10.762331838565023,Pyramidal cells,9.411764705882355,Excitatory neuron,8.823529411764705
831,PC P2RY14 GRM8,PC P2RY14 GRM8,Endothelial cell,5.128205128205128,Lake et al.science.ex6,4.761904761904763,Astrocytes,3.5398230088495577
832,Astro AQP4 SLC1A2,Astro AQP4 SLC1A2,Astrocyte,9.266409266409266,Bergmann glia,6.593406593406592,Astrocytes,5.309734513274336
833,L6 OPRK1 THEMIS RGS6,L6 OPRK1 THEMIS RGS6,Cajal-retzius cells,6.25,Purkinje neurons,3.669724770642202,Somatostatin interneuron,3.6363636363636362
834,Oligo MOG OPALIN,Oligo MOG OPALIN,Oligodendrocyte,7.725321888412016,Mature oligodendrocyte,7.2727272727272725,Oligodendrocytes,7.246376811594203
835,Endo CLDN5 SLC7A5,Endo CLDN5 SLC7A5,Neuron,10.762331838565023,Pyramidal cells,9.411764705882355,Excitatory neuron,8.823529411764705
836,Oligo MOG OPALIN,Oligo MOG OPALIN,Oligodendrocyte,7.725321888412016,Mature oligodendrocyte,7.2727272727272725,Oligodendrocytes,7.246376811594203
837,Oligo MOG OPALIN,Oligo MOG OPALIN,Oligodendrocyte,7.725321888412016,Mature oligodendrocyte,7.2727272727272725,Oligodendrocytes,7.246376811594203
838,OPC PDGFRA PCDH15,OPC PDGFRA PCDH15,Oligodendrocyte precursor cell,22.22222222222222,Oligodendrocyte progenitor cells,15.384615384615383,Oligodendrocyte,13.733905579399142
839,Oligo MOG OPALIN,Oligo MOG OPALIN,Oligodendrocyte,7.725321888412016,Mature oligodendrocyte,7.2727272727272725,Oligodendrocytes,7.246376811594203
840,Endo CLDN5 SLC7A5,Endo CLDN5 SLC7A5,Neuron,10.762331838565023,Pyramidal cells,9.411764705882355,Excitatory neuron,8.823529411764705
841,Endo CLDN5 SLC7A5,Endo CLDN5 SLC7A5,Neuron,10.762331838565023,Pyramidal cells,9.411764705882355,Excitatory neuron,8.823529411764705
842,Astro AQP4 SLC1A2,Astro AQP4 SLC1A2,Astrocyte,9.266409266409266,Bergmann glia,6.593406593406592,Astrocytes,5.309734513274336
843,Endo CLDN5 SLC7A5,Endo CLDN5 SLC7A5,Neuron,10.762331838565023,Pyramidal cells,9.411764705882355,Excitatory neuron,8.823529411764705
844,Endo CLDN5 SLC7A5,Endo CLDN5 SLC7A5,Neuron,10.762331838565023,Pyramidal cells,9.411764705882355,Excitatory neuron,8.823529411764705
845,Endo CLDN5 SLC7A5,Endo CLDN5 SLC7A5,Neuron,10.762331838565023,Pyramidal cells,9.411764705882355,Excitatory neuron,8.823529411764705
846,Endo CLDN5 SLC7A5,Endo CLDN5 SLC7A5,Neuron,10.762331838565023,Pyramidal cells,9.411764705882355,Excitatory neuron,8.823529411764705
847,Endo CLDN5 SLC7A5,Endo CLDN5 SLC7A5,Neuron,10.762331838565023,Pyramidal cells,9.411764705882355,Excitatory neuron,8.823529411764705
848,Oligo MOG OPALIN,Oligo MOG OPALIN,Oligodendrocyte,7.725321888412016,Mature oligodendrocyte,7.2727272727272725,Oligodendrocytes,7.246376811594203
849,Endo CLDN5 SLC7A5,Endo CLDN5 SLC7A5,Neuron,10.762331838565023,Pyramidal cells,9.411764705882355,Excitatory neuron,8.823529411764705
850,Endo CLDN5 SLC7A5,Endo CLDN5 SLC7A5,Neuron,10.762331838565023,Pyramidal cells,9.411764705882355,Excitatory neuron,8.823529411764705
851,Oligo MOG OPALIN,Oligo MOG OPALIN,Oligodendrocyte,7.725321888412016,Mature oligodendrocyte,7.2727272727272725,Oligodendrocytes,7.246376811594203
852,Endo CLDN5 SLC7A5,Endo CLDN5 SLC7A5,Neuron,10.762331838565023,Pyramidal cells,9.411764705882355,Excitatory neuron,8.823529411764705
853,Endo CLDN5 SLC7A5,Endo CLDN5 SLC7A5,Neuron,10.762331838565023,Pyramidal cells,9.411764705882355,Excitatory neuron,8.823529411764705
854,Oligo MOG OPALIN,Oligo MOG OPALIN,Oligodendrocyte,7.725321888412016,Mature oligodendrocyte,7.2727272727272725,Oligodendrocytes,7.246376811594203
855,L6 OPRK1 THEMIS RGS6,L6 OPRK1 THEMIS RGS6,Cajal-retzius cells,6.25,Purkinje neurons,3.669724770642202,Somatostatin interneuron,3.6363636363636362
856,Oligo MOG OPALIN,Oligo MOG OPALIN,Oligodendrocyte,7.725321888412016,Mature oligodendrocyte,7.2727272727272725,Oligodendrocytes,7.246376811594203
857,Oligo MOG OPALIN,Oligo MOG OPALIN,Oligodendrocyte,7.725321888412016,Mature oligodendrocyte,7.2727272727272725,Oligodendrocytes,7.246376811594203
858,Oligo MOG OPALIN,Oligo MOG OPALIN,Oligodendrocyte,7.725321888412016,Mature oligodendrocyte,7.2727272727272725,Oligodendrocytes,7.246376811594203
859,Endo CLDN5 SLC7A5,Endo CLDN5 SLC7A5,Neuron,10.762331838565023,Pyramidal cells,9.411764705882355,Excitatory neuron,8.823529411764705
860,InN SST STK32A,InN SST STK32A,Purkinje neurons,11.009174311926607,Bergmann glia,6.593406593406592,Neuron,5.381165919282512
861,Endo CLDN5 SLC7A5,Endo CLDN5 SLC7A5,Neuron,10.762331838565023,Pyramidal cells,9.411764705882355,Excitatory neuron,8.823529411764705
862,Astro AQP4 SLC1A2,Astro AQP4 SLC1A2,Astrocyte,9.266409266409266,Bergmann glia,6.593406593406592,Astrocytes,5.309734513274336
863,PC P2RY14 GRM8,PC P2RY14 GRM8,Endothelial cell,5.128205128205128,Lake et al.science.ex6,4.761904761904763,Astrocytes,3.5398230088495577
864,Endo CLDN5 SLC7A5,Endo CLDN5 SLC7A5,Neuron,10.762331838565023,Pyramidal cells,9.411764705882355,Excitatory neuron,8.823529411764705
865,Oligo MOG OPALIN,Oligo MOG OPALIN,Oligodendrocyte,7.725321888412016,Mature oligodendrocyte,7.2727272727272725,Oligodendrocytes,7.246376811594203
866,Oligo MOG OPALIN,Oligo MOG OPALIN,Oligodendrocyte,7.725321888412016,Mature oligodendrocyte,7.2727272727272725,Oligodendrocytes,7.246376811594203
867,Oligo MOG OPALIN,Oligo MOG OPALIN,Oligodendrocyte,7.725321888412016,Mature oligodendrocyte,7.2727272727272725,Oligodendrocytes,7.246376811594203
868,Endo CLDN5 SLC7A5,Endo CLDN5 SLC7A5,Neuron,10.762331838565023,Pyramidal cells,9.411764705882355,Excitatory neuron,8.823529411764705
869,Oligo MOG OPALIN,Oligo MOG OPALIN,Oligodendrocyte,7.725321888412016,Mature oligodendrocyte,7.2727272727272725,Oligodendrocytes,7.246376811594203
870,Oligo MOG OPALIN,Oligo MOG OPALIN,Oligodendrocyte,7.725321888412016,Mature oligodendrocyte,7.2727272727272725,Oligodendrocytes,7.246376811594203
871,Oligo MOG OPALIN,Oligo MOG OPALIN,Oligodendrocyte,7.725321888412016,Mature oligodendrocyte,7.2727272727272725,Oligodendrocytes,7.246376811594203
872,Endo CLDN5 SLC7A5,Endo CLDN5 SLC7A5,Neuron,10.762331838565023,Pyramidal cells,9.411764705882355,Excitatory neuron,8.823529411764705
873,Endo CLDN5 SLC7A5,Endo CLDN5 SLC7A5,Neuron,10.762331838565023,Pyramidal cells,9.411764705882355,Excitatory neuron,8.823529411764705
874,PC P2RY14 GRM8,PC P2RY14 GRM8,Endothelial cell,5.128205128205128,Lake et al.science.ex6,4.761904761904763,Astrocytes,3.5398230088495577
875,L6 OPRK1 THEMIS RGS6,L6 OPRK1 THEMIS RGS6,Cajal-retzius cells,6.25,Purkinje neurons,3.669724770642202,Somatostatin interneuron,3.6363636363636362
876,OPC PDGFRA PCDH15,OPC PDGFRA PCDH15,Oligodendrocyte precursor cell,22.22222222222222,Oligodendrocyte progenitor cells,15.384615384615383,Oligodendrocyte,13.733905579399142
877,Oligo MOG OPALIN,Oligo MOG OPALIN,Oligodendrocyte,7.725321888412016,Mature oligodendrocyte,7.2727272727272725,Oligodendrocytes,7.246376811594203
878,L6 OPRK1 THEMIS RGS6,L6 OPRK1 THEMIS RGS6,Cajal-retzius cells,6.25,Purkinje neurons,3.669724770642202,Somatostatin interneuron,3.6363636363636362
879,Endo CLDN5 SLC7A5,Endo CLDN5 SLC7A5,Neuron,10.762331838565023,Pyramidal cells,9.411764705882355,Excitatory neuron,8.823529411764705
880,Endo CLDN5 SLC7A5,Endo CLDN5 SLC7A5,Neuron,10.762331838565023,Pyramidal cells,9.411764705882355,Excitatory neuron,8.823529411764705
881,Micro P2RY12 APBB1IP,Micro P2RY12 APBB1IP,Microglia,9.917355371900827,Lake et al.science.ex8,5.5045871559633035,Microglial-specific cell,3.8461538461538463
882,Oligo MOG OPALIN,Oligo MOG OPALIN,Oligodendrocyte,7.725321888412016,Mature oligodendrocyte,7.2727272727272725,Oligodendrocytes,7.246376811594203
883,Endo CLDN5 SLC7A5,Endo CLDN5 SLC7A5,Neuron,10.762331838565023,Pyramidal cells,9.411764705882355,Excitatory neuron,8.823529411764705
884,Oligo MOG OPALIN,Oligo MOG OPALIN,Oligodendrocyte,7.725321888412016,Mature oligodendrocyte,7.2727272727272725,Oligodendrocytes,7.246376811594203
885,Endo CLDN5 SLC7A5,Endo CLDN5 SLC7A5,Neuron,10.762331838565023,Pyramidal cells,9.411764705882355,Excitatory neuron,8.823529411764705
886,Endo CLDN5 SLC7A5,Endo CLDN5 SLC7A5,Neuron,10.762331838565023,Pyramidal cells,9.411764705882355,Excitatory neuron,8.823529411764705
887,Endo CLDN5 SLC7A5,Endo CLDN5 SLC7A5,Neuron,10.762331838565023,Pyramidal cells,9.411764705882355,Excitatory neuron,8.823529411764705
888,Micro P2RY12 APBB1IP,Micro P2RY12 APBB1IP,Microglia,9.917355371900827,Lake et al.science.ex8,5.5045871559633035,Microglial-specific cell,3.8461538461538463
889,Endo CLDN5 SLC7A5,Endo CLDN5 SLC7A5,Neuron,10.762331838565023,Pyramidal cells,9.411764705882355,Excitatory neuron,8.823529411764705
890,Oligo MOG OPALIN,Oligo MOG OPALIN,Oligodendrocyte,7.725321888412016,Mature oligodendrocyte,7.2727272727272725,Oligodendrocytes,7.246376811594203
891,Endo CLDN5 SLC7A5,Endo CLDN5 SLC7A5,Neuron,10.762331838565023,Pyramidal cells,9.411764705882355,Excitatory neuron,8.823529411764705
892,Endo CLDN5 SLC7A5,Endo CLDN5 SLC7A5,Neuron,10.762331838565023,Pyramidal cells,9.411764705882355,Excitatory neuron,8.823529411764705
893,Endo CLDN5 SLC7A5,Endo CLDN5 SLC7A5,Neuron,10.762331838565023,Pyramidal cells,9.411764705882355,Excitatory neuron,8.823529411764705
894,Endo CLDN5 SLC7A5,Endo CLDN5 SLC7A5,Neuron,10.762331838565023,Pyramidal cells,9.411764705882355,Excitatory neuron,8.823529411764705
895,L6 OPRK1 THEMIS RGS6,L6 OPRK1 THEMIS RGS6,Cajal-retzius cells,6.25,Purkinje neurons,3.669724770642202,Somatostatin interneuron,3.6363636363636362
896,Oligo MOG OPALIN,Oligo MOG OPALIN,Oligodendrocyte,7.725321888412016,Mature oligodendrocyte,7.2727272727272725,Oligodendrocytes,7.246376811594203
897,Endo CLDN5 SLC7A5,Endo CLDN5 SLC7A5,Neuron,10.762331838565023,Pyramidal cells,9.411764705882355,Excitatory neuron,8.823529411764705
898,Endo CLDN5 SLC7A5,Endo CLDN5 SLC7A5,Neuron,10.762331838565023,Pyramidal cells,9.411764705882355,Excitatory neuron,8.823529411764705
899,Astro AQP4 SLC1A2,Astro AQP4 SLC1A2,Astrocyte,9.266409266409266,Bergmann glia,6.593406593406592,Astrocytes,5.309734513274336
900,Endo CLDN5 SLC7A5,Endo CLDN5 SLC7A5,Neuron,10.762331838565023,Pyramidal cells,9.411764705882355,Excitatory neuron,8.823529411764705
901,Oligo MOG OPALIN,Oligo MOG OPALIN,Oligodendrocyte,7.725321888412016,Mature oligodendrocyte,7.2727272727272725,Oligodendrocytes,7.246376811594203
902,Micro P2RY12 APBB1IP,Micro P2RY12 APBB1IP,Microglia,9.917355371900827,Lake et al.science.ex8,5.5045871559633035,Microglial-specific cell,3.8461538461538463
903,Oligo MOG OPALIN,Oligo MOG OPALIN,Oligodendrocyte,7.725321888412016,Mature oligodendrocyte,7.2727272727272725,Oligodendrocytes,7.246376811594203
904,Endo CLDN5 SLC7A5,Endo CLDN5 SLC7A5,Neuron,10.762331838565023,Pyramidal cells,9.411764705882355,Excitatory neuron,8.823529411764705
905,InN SST STK32A,InN SST STK32A,Purkinje neurons,11.009174311926607,Bergmann glia,6.593406593406592,Neuron,5.381165919282512
906,Oligo MOG OPALIN,Oligo MOG OPALIN,Oligodendrocyte,7.725321888412016,Mature oligodendrocyte,7.2727272727272725,Oligodendrocytes,7.246376811594203
907,Oligo MOG OPALIN,Oligo MOG OPALIN,Oligodendrocyte,7.725321888412016,Mature oligodendrocyte,7.2727272727272725,Oligodendrocytes,7.246376811594203
908,Oligo MOG OPALIN,Oligo MOG OPALIN,Oligodendrocyte,7.725321888412016,Mature oligodendrocyte,7.2727272727272725,Oligodendrocytes,7.246376811594203
909,Endo CLDN5 SLC7A5,Endo CLDN5 SLC7A5,Neuron,10.762331838565023,Pyramidal cells,9.411764705882355,Excitatory neuron,8.823529411764705
910,Endo CLDN5 SLC7A5,Endo CLDN5 SLC7A5,Neuron,10.762331838565023,Pyramidal cells,9.411764705882355,Excitatory neuron,8.823529411764705
911,Endo CLDN5 SLC7A5,Endo CLDN5 SLC7A5,Neuron,10.762331838565023,Pyramidal cells,9.411764705882355,Excitatory neuron,8.823529411764705
912,Endo CLDN5 SLC7A5,Endo CLDN5 SLC7A5,Neuron,10.762331838565023,Pyramidal cells,9.411764705882355,Excitatory neuron,8.823529411764705
913,Endo CLDN5 SLC7A5,Endo CLDN5 SLC7A5,Neuron,10.762331838565023,Pyramidal cells,9.411764705882355,Excitatory neuron,8.823529411764705
914,Oligo MOG OPALIN,Oligo MOG OPALIN,Oligodendrocyte,7.725321888412016,Mature oligodendrocyte,7.2727272727272725,Oligodendrocytes,7.246376811594203
915,Endo CLDN5 SLC7A5,Endo CLDN5 SLC7A5,Neuron,10.762331838565023,Pyramidal cells,9.411764705882355,Excitatory neuron,8.823529411764705
916,Endo CLDN5 SLC7A5,Endo CLDN5 SLC7A5,Neuron,10.762331838565023,Pyramidal cells,9.411764705882355,Excitatory neuron,8.823529411764705
917,Endo CLDN5 SLC7A5,Endo CLDN5 SLC7A5,Neuron,10.762331838565023,Pyramidal cells,9.411764705882355,Excitatory neuron,8.823529411764705
918,Oligo MOG OPALIN,Oligo MOG OPALIN,Oligodendrocyte,7.725321888412016,Mature oligodendrocyte,7.2727272727272725,Oligodendrocytes,7.246376811594203
919,T SKAP1 CD247,T SKAP1 CD247,Lymphocyte,6.666666666666667,Endothelial cell,5.128205128205128,Microglia,4.958677685950414
920,T SKAP1 CD247,T SKAP1 CD247,Lymphocyte,6.666666666666667,Endothelial cell,5.128205128205128,Microglia,4.958677685950414
921,Endo CLDN5 SLC7A5,Endo CLDN5 SLC7A5,Neuron,10.762331838565023,Pyramidal cells,9.411764705882355,Excitatory neuron,8.823529411764705
922,Oligo MOG OPALIN,Oligo MOG OPALIN,Oligodendrocyte,7.725321888412016,Mature oligodendrocyte,7.2727272727272725,Oligodendrocytes,7.246376811594203
923,L6 OPRK1 THEMIS RGS6,L6 OPRK1 THEMIS RGS6,Cajal-retzius cells,6.25,Purkinje neurons,3.669724770642202,Somatostatin interneuron,3.6363636363636362
924,Astro AQP4 SLC1A2,Astro AQP4 SLC1A2,Astrocyte,9.266409266409266,Bergmann glia,6.593406593406592,Astrocytes,5.309734513274336
925,Oligo MOG OPALIN,Oligo MOG OPALIN,Oligodendrocyte,7.725321888412016,Mature oligodendrocyte,7.2727272727272725,Oligodendrocytes,7.246376811594203
926,Oligo MOG OPALIN,Oligo MOG OPALIN,Oligodendrocyte,7.725321888412016,Mature oligodendrocyte,7.2727272727272725,Oligodendrocytes,7.246376811594203
927,Oligo MOG OPALIN,Oligo MOG OPALIN,Oligodendrocyte,7.725321888412016,Mature oligodendrocyte,7.2727272727272725,Oligodendrocytes,7.246376811594203
928,Endo CLDN5 SLC7A5,Endo CLDN5 SLC7A5,Neuron,10.762331838565023,Pyramidal cells,9.411764705882355,Excitatory neuron,8.823529411764705
929,Oligo MOG OPALIN,Oligo MOG OPALIN,Oligodendrocyte,7.725321888412016,Mature oligodendrocyte,7.2727272727272725,Oligodendrocytes,7.246376811594203
930,Endo CLDN5 SLC7A5,Endo CLDN5 SLC7A5,Neuron,10.762331838565023,Pyramidal cells,9.411764705882355,Excitatory neuron,8.823529411764705
931,Oligo MOG OPALIN,Oligo MOG OPALIN,Oligodendrocyte,7.725321888412016,Mature oligodendrocyte,7.2727272727272725,Oligodendrocytes,7.246376811594203
932,Astro AQP4 SLC1A2,Astro AQP4 SLC1A2,Astrocyte,9.266409266409266,Bergmann glia,6.593406593406592,Astrocytes,5.309734513274336
933,Endo CLDN5 SLC7A5,Endo CLDN5 SLC7A5,Neuron,10.762331838565023,Pyramidal cells,9.411764705882355,Excitatory neuron,8.823529411764705
934,Oligo MOG OPALIN,Oligo MOG OPALIN,Oligodendrocyte,7.725321888412016,Mature oligodendrocyte,7.2727272727272725,Oligodendrocytes,7.246376811594203
935,L6 OPRK1 THEMIS RGS6,L6 OPRK1 THEMIS RGS6,Cajal-retzius cells,6.25,Purkinje neurons,3.669724770642202,Somatostatin interneuron,3.6363636363636362
936,Oligo MOG OPALIN,Oligo MOG OPALIN,Oligodendrocyte,7.725321888412016,Mature oligodendrocyte,7.2727272727272725,Oligodendrocytes,7.246376811594203
937,Oligo MOG OPALIN,Oligo MOG OPALIN,Oligodendrocyte,7.725321888412016,Mature oligodendrocyte,7.2727272727272725,Oligodendrocytes,7.246376811594203
938,Endo CLDN5 SLC7A5,Endo CLDN5 SLC7A5,Neuron,10.762331838565023,Pyramidal cells,9.411764705882355,Excitatory neuron,8.823529411764705
939,Oligo MOG OPALIN,Oligo MOG OPALIN,Oligodendrocyte,7.725321888412016,Mature oligodendrocyte,7.2727272727272725,Oligodendrocytes,7.246376811594203
940,Oligo MOG OPALIN,Oligo MOG OPALIN,Oligodendrocyte,7.725321888412016,Mature oligodendrocyte,7.2727272727272725,Oligodendrocytes,7.246376811594203
941,InN SST STK32A,InN SST STK32A,Purkinje neurons,11.009174311926607,Bergmann glia,6.593406593406592,Neuron,5.381165919282512
942,Oligo MOG OPALIN,Oligo MOG OPALIN,Oligodendrocyte,7.725321888412016,Mature oligodendrocyte,7.2727272727272725,Oligodendrocytes,7.246376811594203
943,Endo CLDN5 SLC7A5,Endo CLDN5 SLC7A5,Neuron,10.762331838565023,Pyramidal cells,9.411764705882355,Excitatory neuron,8.823529411764705
944,Oligo MOG OPALIN,Oligo MOG OPALIN,Oligodendrocyte,7.725321888412016,Mature oligodendrocyte,7.2727272727272725,Oligodendrocytes,7.246376811594203
945,Oligo MOG OPALIN,Oligo MOG OPALIN,Oligodendrocyte,7.725321888412016,Mature oligodendrocyte,7.2727272727272725,Oligodendrocytes,7.246376811594203
946,Oligo MOG OPALIN,Oligo MOG OPALIN,Oligodendrocyte,7.725321888412016,Mature oligodendrocyte,7.2727272727272725,Oligodendrocytes,7.246376811594203
947,OPC PDGFRA PCDH15,OPC PDGFRA PCDH15,Oligodendrocyte precursor cell,22.22222222222222,Oligodendrocyte progenitor cells,15.384615384615383,Oligodendrocyte,13.733905579399142
948,Endo CLDN5 SLC7A5,Endo CLDN5 SLC7A5,Neuron,10.762331838565023,Pyramidal cells,9.411764705882355,Excitatory neuron,8.823529411764705
949,Oligo MOG OPALIN,Oligo MOG OPALIN,Oligodendrocyte,7.725321888412016,Mature oligodendrocyte,7.2727272727272725,Oligodendrocytes,7.246376811594203
950,Endo CLDN5 SLC7A5,Endo CLDN5 SLC7A5,Neuron,10.762331838565023,Pyramidal cells,9.411764705882355,Excitatory neuron,8.823529411764705
951,Endo CLDN5 SLC7A5,Endo CLDN5 SLC7A5,Neuron,10.762331838565023,Pyramidal cells,9.411764705882355,Excitatory neuron,8.823529411764705
952,Endo CLDN5 SLC7A5,Endo CLDN5 SLC7A5,Neuron,10.762331838565023,Pyramidal cells,9.411764705882355,Excitatory neuron,8.823529411764705
953,Endo CLDN5 SLC7A5,Endo CLDN5 SLC7A5,Neuron,10.762331838565023,Pyramidal cells,9.411764705882355,Excitatory neuron,8.823529411764705
954,Oligo MOG OPALIN,Oligo MOG OPALIN,Oligodendrocyte,7.725321888412016,Mature oligodendrocyte,7.2727272727272725,Oligodendrocytes,7.246376811594203
955,Oligo MOG OPALIN,Oligo MOG OPALIN,Oligodendrocyte,7.725321888412016,Mature oligodendrocyte,7.2727272727272725,Oligodendrocytes,7.246376811594203
956,Endo CLDN5 SLC7A5,Endo CLDN5 SLC7A5,Neuron,10.762331838565023,Pyramidal cells,9.411764705882355,Excitatory neuron,8.823529411764705
957,Oligo MOG OPALIN,Oligo MOG OPALIN,Oligodendrocyte,7.725321888412016,Mature oligodendrocyte,7.2727272727272725,Oligodendrocytes,7.246376811594203
958,Oligo MOG OPALIN,Oligo MOG OPALIN,Oligodendrocyte,7.725321888412016,Mature oligodendrocyte,7.2727272727272725,Oligodendrocytes,7.246376811594203
959,L6 OPRK1 THEMIS RGS6,L6 OPRK1 THEMIS RGS6,Cajal-retzius cells,6.25,Purkinje neurons,3.669724770642202,Somatostatin interneuron,3.6363636363636362
960,Endo CLDN5 SLC7A5,Endo CLDN5 SLC7A5,Neuron,10.762331838565023,Pyramidal cells,9.411764705882355,Excitatory neuron,8.823529411764705
961,Oligo MOG OPALIN,Oligo MOG OPALIN,Oligodendrocyte,7.725321888412016,Mature oligodendrocyte,7.2727272727272725,Oligodendrocytes,7.246376811594203
962,Endo CLDN5 SLC7A5,Endo CLDN5 SLC7A5,Neuron,10.762331838565023,Pyramidal cells,9.411764705882355,Excitatory neuron,8.823529411764705
963,Astro AQP4 SLC1A2,Astro AQP4 SLC1A2,Astrocyte,9.266409266409266,Bergmann glia,6.593406593406592,Astrocytes,5.309734513274336
964,PC P2RY14 GRM8,PC P2RY14 GRM8,Endothelial cell,5.128205128205128,Lake et al.science.ex6,4.761904761904763,Astrocytes,3.5398230088495577
965,InN SST STK32A,InN SST STK32A,Purkinje neurons,11.009174311926607,Bergmann glia,6.593406593406592,Neuron,5.381165919282512
966,L6 OPRK1 THEMIS RGS6,L6 OPRK1 THEMIS RGS6,Cajal-retzius cells,6.25,Purkinje neurons,3.669724770642202,Somatostatin interneuron,3.6363636363636362
967,Endo CLDN5 SLC7A5,Endo CLDN5 SLC7A5,Neuron,10.762331838565023,Pyramidal cells,9.411764705882355,Excitatory neuron,8.823529411764705
968,Oligo MOG OPALIN,Oligo MOG OPALIN,Oligodendrocyte,7.725321888412016,Mature oligodendrocyte,7.2727272727272725,Oligodendrocytes,7.246376811594203
969,Oligo MOG OPALIN,Oligo MOG OPALIN,Oligodendrocyte,7.725321888412016,Mature oligodendrocyte,7.2727272727272725,Oligodendrocytes,7.246376811594203
970,Oligo MOG OPALIN,Oligo MOG OPALIN,Oligodendrocyte,7.725321888412016,Mature oligodendrocyte,7.2727272727272725,Oligodendrocytes,7.246376811594203
971,OPC PDGFRA PCDH15,OPC PDGFRA PCDH15,Oligodendrocyte precursor cell,22.22222222222222,Oligodendrocyte progenitor cells,15.384615384615383,Oligodendrocyte,13.733905579399142
972,Oligo MOG OPALIN,Oligo MOG OPALIN,Oligodendrocyte,7.725321888412016,Mature oligodendrocyte,7.2727272727272725,Oligodendrocytes,7.246376811594203
973,Oligo MOG OPALIN,Oligo MOG OPALIN,Oligodendrocyte,7.725321888412016,Mature oligodendrocyte,7.2727272727272725,Oligodendrocytes,7.246376811594203
974,Endo CLDN5 SLC7A5,Endo CLDN5 SLC7A5,Neuron,10.762331838565023,Pyramidal cells,9.411764705882355,Excitatory neuron,8.823529411764705
975,Oligo MOG OPALIN,Oligo MOG OPALIN,Oligodendrocyte,7.725321888412016,Mature oligodendrocyte,7.2727272727272725,Oligodendrocytes,7.246376811594203
976,Endo CLDN5 SLC7A5,Endo CLDN5 SLC7A5,Neuron,10.762331838565023,Pyramidal cells,9.411764705882355,Excitatory neuron,8.823529411764705
977,L6 OPRK1 THEMIS RGS6,L6 OPRK1 THEMIS RGS6,Cajal-retzius cells,6.25,Purkinje neurons,3.669724770642202,Somatostatin interneuron,3.6363636363636362
978,Oligo MOG OPALIN,Oligo MOG OPALIN,Oligodendrocyte,7.725321888412016,Mature oligodendrocyte,7.2727272727272725,Oligodendrocytes,7.246376811594203
979,Oligo MOG OPALIN,Oligo MOG OPALIN,Oligodendrocyte,7.725321888412016,Mature oligodendrocyte,7.2727272727272725,Oligodendrocytes,7.246376811594203
980,Endo CLDN5 SLC7A5,Endo CLDN5 SLC7A5,Neuron,10.762331838565023,Pyramidal cells,9.411764705882355,Excitatory neuron,8.823529411764705
981,Oligo MOG OPALIN,Oligo MOG OPALIN,Oligodendrocyte,7.725321888412016,Mature oligodendrocyte,7.2727272727272725,Oligodendrocytes,7.246376811594203
982,Astro AQP4 SLC1A2,Astro AQP4 SLC1A2,Astrocyte,9.266409266409266,Bergmann glia,6.593406593406592,Astrocytes,5.309734513274336
983,Oligo MOG OPALIN,Oligo MOG OPALIN,Oligodendrocyte,7.725321888412016,Mature oligodendrocyte,7.2727272727272725,Oligodendrocytes,7.246376811594203
984,PC P2RY14 GRM8,PC P2RY14 GRM8,Endothelial cell,5.128205128205128,Lake et al.science.ex6,4.761904761904763,Astrocytes,3.5398230088495577
985,Oligo MOG OPALIN,Oligo MOG OPALIN,Oligodendrocyte,7.725321888412016,Mature oligodendrocyte,7.2727272727272725,Oligodendrocytes,7.246376811594203
986,L6 OPRK1 THEMIS RGS6,L6 OPRK1 THEMIS RGS6,Cajal-retzius cells,6.25,Purkinje neurons,3.669724770642202,Somatostatin interneuron,3.6363636363636362
987,L6 OPRK1 THEMIS RGS6,L6 OPRK1 THEMIS RGS6,Cajal-retzius cells,6.25,Purkinje neurons,3.669724770642202,Somatostatin interneuron,3.6363636363636362
988,Oligo MOG OPALIN,Oligo MOG OPALIN,Oligodendrocyte,7.725321888412016,Mature oligodendrocyte,7.2727272727272725,Oligodendrocytes,7.246376811594203
989,Oligo MOG OPALIN,Oligo MOG OPALIN,Oligodendrocyte,7.725321888412016,Mature oligodendrocyte,7.2727272727272725,Oligodendrocytes,7.246376811594203
990,InN SST STK32A,InN SST STK32A,Purkinje neurons,11.009174311926607,Bergmann glia,6.593406593406592,Neuron,5.381165919282512
991,Micro P2RY12 APBB1IP,Micro P2RY12 APBB1IP,Microglia,9.917355371900827,Lake et al.science.ex8,5.5045871559633035,Microglial-specific cell,3.8461538461538463
992,Oligo MOG OPALIN,Oligo MOG OPALIN,Oligodendrocyte,7.725321888412016,Mature oligodendrocyte,7.2727272727272725,Oligodendrocytes,7.246376811594203
993,Oligo MOG OPALIN,Oligo MOG OPALIN,Oligodendrocyte,7.725321888412016,Mature oligodendrocyte,7.2727272727272725,Oligodendrocytes,7.246376811594203
994,L6 OPRK1 THEMIS RGS6,L6 OPRK1 THEMIS RGS6,Cajal-retzius cells,6.25,Purkinje neurons,3.669724770642202,Somatostatin interneuron,3.6363636363636362
995,Oligo MOG OPALIN,Oligo MOG OPALIN,Oligodendrocyte,7.725321888412016,Mature oligodendrocyte,7.2727272727272725,Oligodendrocytes,7.246376811594203
996,PC P2RY14 GRM8,PC P2RY14 GRM8,Endothelial cell,5.128205128205128,Lake et al.science.ex6,4.761904761904763,Astrocytes,3.5398230088495577
997,L6 OPRK1 THEMIS RGS6,L6 OPRK1 THEMIS RGS6,Cajal-retzius cells,6.25,Purkinje neurons,3.669724770642202,Somatostatin interneuron,3.6363636363636362
998,Endo CLDN5 SLC7A5,Endo CLDN5 SLC7A5,Neuron,10.762331838565023,Pyramidal cells,9.411764705882355,Excitatory neuron,8.823529411764705
999,Endo CLDN5 SLC7A5,Endo CLDN5 SLC7A5,Neuron,10.762331838565023,Pyramidal cells,9.411764705882355,Excitatory neuron,8.823529411764705
1000,Oligo MOG OPALIN,Oligo MOG OPALIN,Oligodendrocyte,7.725321888412016,Mature oligodendrocyte,7.2727272727272725,Oligodendrocytes,7.246376811594203
1001,Oligo MOG OPALIN,Oligo MOG OPALIN,Oligodendrocyte,7.725321888412016,Mature oligodendrocyte,7.2727272727272725,Oligodendrocytes,7.246376811594203
1002,Endo CLDN5 SLC7A5,Endo CLDN5 SLC7A5,Neuron,10.762331838565023,Pyramidal cells,9.411764705882355,Excitatory neuron,8.823529411764705
1003,L6 OPRK1 THEMIS RGS6,L6 OPRK1 THEMIS RGS6,Cajal-retzius cells,6.25,Purkinje neurons,3.669724770642202,Somatostatin interneuron,3.6363636363636362
1004,Endo CLDN5 SLC7A5,Endo CLDN5 SLC7A5,Neuron,10.762331838565023,Pyramidal cells,9.411764705882355,Excitatory neuron,8.823529411764705
1005,Oligo MOG OPALIN,Oligo MOG OPALIN,Oligodendrocyte,7.725321888412016,Mature oligodendrocyte,7.2727272727272725,Oligodendrocytes,7.246376811594203
1006,Endo CLDN5 SLC7A5,Endo CLDN5 SLC7A5,Neuron,10.762331838565023,Pyramidal cells,9.411764705882355,Excitatory neuron,8.823529411764705
1007,Endo CLDN5 SLC7A5,Endo CLDN5 SLC7A5,Neuron,10.762331838565023,Pyramidal cells,9.411764705882355,Excitatory neuron,8.823529411764705
1008,Endo CLDN5 SLC7A5,Endo CLDN5 SLC7A5,Neuron,10.762331838565023,Pyramidal cells,9.411764705882355,Excitatory neuron,8.823529411764705
1009,OPC PDGFRA PCDH15,OPC PDGFRA PCDH15,Oligodendrocyte precursor cell,22.22222222222222,Oligodendrocyte progenitor cells,15.384615384615383,Oligodendrocyte,13.733905579399142
1010,Oligo MOG OPALIN,Oligo MOG OPALIN,Oligodendrocyte,7.725321888412016,Mature oligodendrocyte,7.2727272727272725,Oligodendrocytes,7.246376811594203
1011,Astro AQP4 SLC1A2,Astro AQP4 SLC1A2,Astrocyte,9.266409266409266,Bergmann glia,6.593406593406592,Astrocytes,5.309734513274336
1012,Oligo MOG OPALIN,Oligo MOG OPALIN,Oligodendrocyte,7.725321888412016,Mature oligodendrocyte,7.2727272727272725,Oligodendrocytes,7.246376811594203
1013,Endo CLDN5 SLC7A5,Endo CLDN5 SLC7A5,Neuron,10.762331838565023,Pyramidal cells,9.411764705882355,Excitatory neuron,8.823529411764705
1014,Endo CLDN5 SLC7A5,Endo CLDN5 SLC7A5,Neuron,10.762331838565023,Pyramidal cells,9.411764705882355,Excitatory neuron,8.823529411764705
1015,Endo CLDN5 SLC7A5,Endo CLDN5 SLC7A5,Neuron,10.762331838565023,Pyramidal cells,9.411764705882355,Excitatory neuron,8.823529411764705
1016,L6 OPRK1 THEMIS RGS6,L6 OPRK1 THEMIS RGS6,Cajal-retzius cells,6.25,Purkinje neurons,3.669724770642202,Somatostatin interneuron,3.6363636363636362
1017,L6 OPRK1 THEMIS RGS6,L6 OPRK1 THEMIS RGS6,Cajal-retzius cells,6.25,Purkinje neurons,3.669724770642202,Somatostatin interneuron,3.6363636363636362
1018,Oligo MOG OPALIN,Oligo MOG OPALIN,Oligodendrocyte,7.725321888412016,Mature oligodendrocyte,7.2727272727272725,Oligodendrocytes,7.246376811594203
1019,Endo CLDN5 SLC7A5,Endo CLDN5 SLC7A5,Neuron,10.762331838565023,Pyramidal cells,9.411764705882355,Excitatory neuron,8.823529411764705
1020,Endo CLDN5 SLC7A5,Endo CLDN5 SLC7A5,Neuron,10.762331838565023,Pyramidal cells,9.411764705882355,Excitatory neuron,8.823529411764705
1021,Endo CLDN5 SLC7A5,Endo CLDN5 SLC7A5,Neuron,10.762331838565023,Pyramidal cells,9.411764705882355,Excitatory neuron,8.823529411764705
1022,PC P2RY14 GRM8,PC P2RY14 GRM8,Endothelial cell,5.128205128205128,Lake et al.science.ex6,4.761904761904763,Astrocytes,3.5398230088495577
1023,Endo CLDN5 SLC7A5,Endo CLDN5 SLC7A5,Neuron,10.762331838565023,Pyramidal cells,9.411764705882355,Excitatory neuron,8.823529411764705
1024,Endo CLDN5 SLC7A5,Endo CLDN5 SLC7A5,Neuron,10.762331838565023,Pyramidal cells,9.411764705882355,Excitatory neuron,8.823529411764705
1025,Endo CLDN5 SLC7A5,Endo CLDN5 SLC7A5,Neuron,10.762331838565023,Pyramidal cells,9.411764705882355,Excitatory neuron,8.823529411764705
1026,Endo CLDN5 SLC7A5,Endo CLDN5 SLC7A5,Neuron,10.762331838565023,Pyramidal cells,9.411764705882355,Excitatory neuron,8.823529411764705
1027,Oligo MOG OPALIN,Oligo MOG OPALIN,Oligodendrocyte,7.725321888412016,Mature oligodendrocyte,7.2727272727272725,Oligodendrocytes,7.246376811594203
1028,Oligo MOG OPALIN,Oligo MOG OPALIN,Oligodendrocyte,7.725321888412016,Mature oligodendrocyte,7.2727272727272725,Oligodendrocytes,7.246376811594203
1029,Oligo MOG OPALIN,Oligo MOG OPALIN,Oligodendrocyte,7.725321888412016,Mature oligodendrocyte,7.2727272727272725,Oligodendrocytes,7.246376811594203
1030,Oligo MOG OPALIN,Oligo MOG OPALIN,Oligodendrocyte,7.725321888412016,Mature oligodendrocyte,7.2727272727272725,Oligodendrocytes,7.246376811594203
1031,Oligo MOG OPALIN,Oligo MOG OPALIN,Oligodendrocyte,7.725321888412016,Mature oligodendrocyte,7.2727272727272725,Oligodendrocytes,7.246376811594203
1032,Micro P2RY12 APBB1IP,Micro P2RY12 APBB1IP,Microglia,9.917355371900827,Lake et al.science.ex8,5.5045871559633035,Microglial-specific cell,3.8461538461538463
1033,Oligo MOG OPALIN,Oligo MOG OPALIN,Oligodendrocyte,7.725321888412016,Mature oligodendrocyte,7.2727272727272725,Oligodendrocytes,7.246376811594203
1034,Oligo MOG OPALIN,Oligo MOG OPALIN,Oligodendrocyte,7.725321888412016,Mature oligodendrocyte,7.2727272727272725,Oligodendrocytes,7.246376811594203
1035,Endo CLDN5 SLC7A5,Endo CLDN5 SLC7A5,Neuron,10.762331838565023,Pyramidal cells,9.411764705882355,Excitatory neuron,8.823529411764705
1036,Oligo MOG OPALIN,Oligo MOG OPALIN,Oligodendrocyte,7.725321888412016,Mature oligodendrocyte,7.2727272727272725,Oligodendrocytes,7.246376811594203
1037,Micro P2RY12 APBB1IP,Micro P2RY12 APBB1IP,Microglia,9.917355371900827,Lake et al.science.ex8,5.5045871559633035,Microglial-specific cell,3.8461538461538463
1038,Endo CLDN5 SLC7A5,Endo CLDN5 SLC7A5,Neuron,10.762331838565023,Pyramidal cells,9.411764705882355,Excitatory neuron,8.823529411764705
1039,Oligo MOG OPALIN,Oligo MOG OPALIN,Oligodendrocyte,7.725321888412016,Mature oligodendrocyte,7.2727272727272725,Oligodendrocytes,7.246376811594203
1040,Endo CLDN5 SLC7A5,Endo CLDN5 SLC7A5,Neuron,10.762331838565023,Pyramidal cells,9.411764705882355,Excitatory neuron,8.823529411764705
1041,InN SST STK32A,InN SST STK32A,Purkinje neurons,11.009174311926607,Bergmann glia,6.593406593406592,Neuron,5.381165919282512
1042,Endo CLDN5 SLC7A5,Endo CLDN5 SLC7A5,Neuron,10.762331838565023,Pyramidal cells,9.411764705882355,Excitatory neuron,8.823529411764705
1043,Astro AQP4 SLC1A2,Astro AQP4 SLC1A2,Astrocyte,9.266409266409266,Bergmann glia,6.593406593406592,Astrocytes,5.309734513274336
1044,Endo CLDN5 SLC7A5,Endo CLDN5 SLC7A5,Neuron,10.762331838565023,Pyramidal cells,9.411764705882355,Excitatory neuron,8.823529411764705
1045,Endo CLDN5 SLC7A5,Endo CLDN5 SLC7A5,Neuron,10.762331838565023,Pyramidal cells,9.411764705882355,Excitatory neuron,8.823529411764705
1046,Oligo MOG OPALIN,Oligo MOG OPALIN,Oligodendrocyte,7.725321888412016,Mature oligodendrocyte,7.2727272727272725,Oligodendrocytes,7.246376811594203
1047,Endo CLDN5 SLC7A5,Endo CLDN5 SLC7A5,Neuron,10.762331838565023,Pyramidal cells,9.411764705882355,Excitatory neuron,8.823529411764705
1048,Oligo MOG OPALIN,Oligo MOG OPALIN,Oligodendrocyte,7.725321888412016,Mature oligodendrocyte,7.2727272727272725,Oligodendrocytes,7.246376811594203
1049,Endo CLDN5 SLC7A5,Endo CLDN5 SLC7A5,Neuron,10.762331838565023,Pyramidal cells,9.411764705882355,Excitatory neuron,8.823529411764705
1050,Endo CLDN5 SLC7A5,Endo CLDN5 SLC7A5,Neuron,10.762331838565023,Pyramidal cells,9.411764705882355,Excitatory neuron,8.823529411764705
1051,InN SST STK32A,InN SST STK32A,Purkinje neurons,11.009174311926607,Bergmann glia,6.593406593406592,Neuron,5.381165919282512
1052,Endo CLDN5 SLC7A5,Endo CLDN5 SLC7A5,Neuron,10.762331838565023,Pyramidal cells,9.411764705882355,Excitatory neuron,8.823529411764705
1053,Endo CLDN5 SLC7A5,Endo CLDN5 SLC7A5,Neuron,10.762331838565023,Pyramidal cells,9.411764705882355,Excitatory neuron,8.823529411764705
1054,Endo CLDN5 SLC7A5,Endo CLDN5 SLC7A5,Neuron,10.762331838565023,Pyramidal cells,9.411764705882355,Excitatory neuron,8.823529411764705
1055,Endo CLDN5 SLC7A5,Endo CLDN5 SLC7A5,Neuron,10.762331838565023,Pyramidal cells,9.411764705882355,Excitatory neuron,8.823529411764705
1056,Oligo MOG OPALIN,Oligo MOG OPALIN,Oligodendrocyte,7.725321888412016,Mature oligodendrocyte,7.2727272727272725,Oligodendrocytes,7.246376811594203
1057,PC P2RY14 GRM8,PC P2RY14 GRM8,Endothelial cell,5.128205128205128,Lake et al.science.ex6,4.761904761904763,Astrocytes,3.5398230088495577
1058,Oligo MOG OPALIN,Oligo MOG OPALIN,Oligodendrocyte,7.725321888412016,Mature oligodendrocyte,7.2727272727272725,Oligodendrocytes,7.246376811594203
1059,Endo CLDN5 SLC7A5,Endo CLDN5 SLC7A5,Neuron,10.762331838565023,Pyramidal cells,9.411764705882355,Excitatory neuron,8.823529411764705
1060,Micro P2RY12 APBB1IP,Micro P2RY12 APBB1IP,Microglia,9.917355371900827,Lake et al.science.ex8,5.5045871559633035,Microglial-specific cell,3.8461538461538463
1061,Oligo MOG OPALIN,Oligo MOG OPALIN,Oligodendrocyte,7.725321888412016,Mature oligodendrocyte,7.2727272727272725,Oligodendrocytes,7.246376811594203
1062,Endo CLDN5 SLC7A5,Endo CLDN5 SLC7A5,Neuron,10.762331838565023,Pyramidal cells,9.411764705882355,Excitatory neuron,8.823529411764705
1063,Endo CLDN5 SLC7A5,Endo CLDN5 SLC7A5,Neuron,10.762331838565023,Pyramidal cells,9.411764705882355,Excitatory neuron,8.823529411764705
1064,Endo CLDN5 SLC7A5,Endo CLDN5 SLC7A5,Neuron,10.762331838565023,Pyramidal cells,9.411764705882355,Excitatory neuron,8.823529411764705
1065,PC P2RY14 GRM8,PC P2RY14 GRM8,Endothelial cell,5.128205128205128,Lake et al.science.ex6,4.761904761904763,Astrocytes,3.5398230088495577
1066,Endo CLDN5 SLC7A5,Endo CLDN5 SLC7A5,Neuron,10.762331838565023,Pyramidal cells,9.411764705882355,Excitatory neuron,8.823529411764705
1067,Endo CLDN5 SLC7A5,Endo CLDN5 SLC7A5,Neuron,10.762331838565023,Pyramidal cells,9.411764705882355,Excitatory neuron,8.823529411764705
1068,Oligo MOG OPALIN,Oligo MOG OPALIN,Oligodendrocyte,7.725321888412016,Mature oligodendrocyte,7.2727272727272725,Oligodendrocytes,7.246376811594203
1069,InN SST STK32A,InN SST STK32A,Purkinje neurons,11.009174311926607,Bergmann glia,6.593406593406592,Neuron,5.381165919282512
1070,Endo CLDN5 SLC7A5,Endo CLDN5 SLC7A5,Neuron,10.762331838565023,Pyramidal cells,9.411764705882355,Excitatory neuron,8.823529411764705
1071,Endo CLDN5 SLC7A5,Endo CLDN5 SLC7A5,Neuron,10.762331838565023,Pyramidal cells,9.411764705882355,Excitatory neuron,8.823529411764705
1072,Oligo MOG OPALIN,Oligo MOG OPALIN,Oligodendrocyte,7.725321888412016,Mature oligodendrocyte,7.2727272727272725,Oligodendrocytes,7.246376811594203
1073,Oligo MOG OPALIN,Oligo MOG OPALIN,Oligodendrocyte,7.725321888412016,Mature oligodendrocyte,7.2727272727272725,Oligodendrocytes,7.246376811594203
1074,Endo CLDN5 SLC7A5,Endo CLDN5 SLC7A5,Neuron,10.762331838565023,Pyramidal cells,9.411764705882355,Excitatory neuron,8.823529411764705
1075,Endo CLDN5 SLC7A5,Endo CLDN5 SLC7A5,Neuron,10.762331838565023,Pyramidal cells,9.411764705882355,Excitatory neuron,8.823529411764705
1076,Oligo MOG OPALIN,Oligo MOG OPALIN,Oligodendrocyte,7.725321888412016,Mature oligodendrocyte,7.2727272727272725,Oligodendrocytes,7.246376811594203
1077,Oligo MOG OPALIN,Oligo MOG OPALIN,Oligodendrocyte,7.725321888412016,Mature oligodendrocyte,7.2727272727272725,Oligodendrocytes,7.246376811594203
1078,Endo CLDN5 SLC7A5,Endo CLDN5 SLC7A5,Neuron,10.762331838565023,Pyramidal cells,9.411764705882355,Excitatory neuron,8.823529411764705
1079,Endo CLDN5 SLC7A5,Endo CLDN5 SLC7A5,Neuron,10.762331838565023,Pyramidal cells,9.411764705882355,Excitatory neuron,8.823529411764705
1080,Endo CLDN5 SLC7A5,Endo CLDN5 SLC7A5,Neuron,10.762331838565023,Pyramidal cells,9.411764705882355,Excitatory neuron,8.823529411764705
1081,Oligo MOG OPALIN,Oligo MOG OPALIN,Oligodendrocyte,7.725321888412016,Mature oligodendrocyte,7.2727272727272725,Oligodendrocytes,7.246376811594203
1082,Endo CLDN5 SLC7A5,Endo CLDN5 SLC7A5,Neuron,10.762331838565023,Pyramidal cells,9.411764705882355,Excitatory neuron,8.823529411764705
1083,Oligo MOG OPALIN,Oligo MOG OPALIN,Oligodendrocyte,7.725321888412016,Mature oligodendrocyte,7.2727272727272725,Oligodendrocytes,7.246376811594203
1084,Oligo MOG OPALIN,Oligo MOG OPALIN,Oligodendrocyte,7.725321888412016,Mature oligodendrocyte,7.2727272727272725,Oligodendrocytes,7.246376811594203
1085,Endo CLDN5 SLC7A5,Endo CLDN5 SLC7A5,Neuron,10.762331838565023,Pyramidal cells,9.411764705882355,Excitatory neuron,8.823529411764705
1086,Micro P2RY12 APBB1IP,Micro P2RY12 APBB1IP,Microglia,9.917355371900827,Lake et al.science.ex8,5.5045871559633035,Microglial-specific cell,3.8461538461538463
1087,Endo CLDN5 SLC7A5,Endo CLDN5 SLC7A5,Neuron,10.762331838565023,Pyramidal cells,9.411764705882355,Excitatory neuron,8.823529411764705
1088,Oligo MOG OPALIN,Oligo MOG OPALIN,Oligodendrocyte,7.725321888412016,Mature oligodendrocyte,7.2727272727272725,Oligodendrocytes,7.246376811594203
1089,Oligo MOG OPALIN,Oligo MOG OPALIN,Oligodendrocyte,7.725321888412016,Mature oligodendrocyte,7.2727272727272725,Oligodendrocytes,7.246376811594203
1090,PC P2RY14 GRM8,PC P2RY14 GRM8,Endothelial cell,5.128205128205128,Lake et al.science.ex6,4.761904761904763,Astrocytes,3.5398230088495577
1091,Oligo MOG OPALIN,Oligo MOG OPALIN,Oligodendrocyte,7.725321888412016,Mature oligodendrocyte,7.2727272727272725,Oligodendrocytes,7.246376811594203
1092,Endo CLDN5 SLC7A5,Endo CLDN5 SLC7A5,Neuron,10.762331838565023,Pyramidal cells,9.411764705882355,Excitatory neuron,8.823529411764705
1093,Oligo MOG OPALIN,Oligo MOG OPALIN,Oligodendrocyte,7.725321888412016,Mature oligodendrocyte,7.2727272727272725,Oligodendrocytes,7.246376811594203
1094,Oligo MOG OPALIN,Oligo MOG OPALIN,Oligodendrocyte,7.725321888412016,Mature oligodendrocyte,7.2727272727272725,Oligodendrocytes,7.246376811594203
1095,Endo CLDN5 SLC7A5,Endo CLDN5 SLC7A5,Neuron,10.762331838565023,Pyramidal cells,9.411764705882355,Excitatory neuron,8.823529411764705
1096,L6 OPRK1 THEMIS RGS6,L6 OPRK1 THEMIS RGS6,Cajal-retzius cells,6.25,Purkinje neurons,3.669724770642202,Somatostatin interneuron,3.6363636363636362
1097,Astro AQP4 SLC1A2,Astro AQP4 SLC1A2,Astrocyte,9.266409266409266,Bergmann glia,6.593406593406592,Astrocytes,5.309734513274336
1098,OPC PDGFRA PCDH15,OPC PDGFRA PCDH15,Oligodendrocyte precursor cell,22.22222222222222,Oligodendrocyte progenitor cells,15.384615384615383,Oligodendrocyte,13.733905579399142
1099,Oligo MOG OPALIN,Oligo MOG OPALIN,Oligodendrocyte,7.725321888412016,Mature oligodendrocyte,7.2727272727272725,Oligodendrocytes,7.246376811594203
1100,Endo CLDN5 SLC7A5,Endo CLDN5 SLC7A5,Neuron,10.762331838565023,Pyramidal cells,9.411764705882355,Excitatory neuron,8.823529411764705
1101,Endo CLDN5 SLC7A5,Endo CLDN5 SLC7A5,Neuron,10.762331838565023,Pyramidal cells,9.411764705882355,Excitatory neuron,8.823529411764705
1102,OPC PDGFRA PCDH15,OPC PDGFRA PCDH15,Oligodendrocyte precursor cell,22.22222222222222,Oligodendrocyte progenitor cells,15.384615384615383,Oligodendrocyte,13.733905579399142
1103,L6 OPRK1 THEMIS RGS6,L6 OPRK1 THEMIS RGS6,Cajal-retzius cells,6.25,Purkinje neurons,3.669724770642202,Somatostatin interneuron,3.6363636363636362
1104,Endo CLDN5 SLC7A5,Endo CLDN5 SLC7A5,Neuron,10.762331838565023,Pyramidal cells,9.411764705882355,Excitatory neuron,8.823529411764705
1105,Oligo MOG OPALIN,Oligo MOG OPALIN,Oligodendrocyte,7.725321888412016,Mature oligodendrocyte,7.2727272727272725,Oligodendrocytes,7.246376811594203
1106,Oligo MOG OPALIN,Oligo MOG OPALIN,Oligodendrocyte,7.725321888412016,Mature oligodendrocyte,7.2727272727272725,Oligodendrocytes,7.246376811594203
1107,Oligo MOG OPALIN,Oligo MOG OPALIN,Oligodendrocyte,7.725321888412016,Mature oligodendrocyte,7.2727272727272725,Oligodendrocytes,7.246376811594203
1108,Endo CLDN5 SLC7A5,Endo CLDN5 SLC7A5,Neuron,10.762331838565023,Pyramidal cells,9.411764705882355,Excitatory neuron,8.823529411764705
1109,Endo CLDN5 SLC7A5,Endo CLDN5 SLC7A5,Neuron,10.762331838565023,Pyramidal cells,9.411764705882355,Excitatory neuron,8.823529411764705
1110,Oligo MOG OPALIN,Oligo MOG OPALIN,Oligodendrocyte,7.725321888412016,Mature oligodendrocyte,7.2727272727272725,Oligodendrocytes,7.246376811594203
1111,Endo CLDN5 SLC7A5,Endo CLDN5 SLC7A5,Neuron,10.762331838565023,Pyramidal cells,9.411764705882355,Excitatory neuron,8.823529411764705
1112,Endo CLDN5 SLC7A5,Endo CLDN5 SLC7A5,Neuron,10.762331838565023,Pyramidal cells,9.411764705882355,Excitatory neuron,8.823529411764705
1113,L6 OPRK1 THEMIS RGS6,L6 OPRK1 THEMIS RGS6,Cajal-retzius cells,6.25,Purkinje neurons,3.669724770642202,Somatostatin interneuron,3.6363636363636362
1114,L6 OPRK1 THEMIS RGS6,L6 OPRK1 THEMIS RGS6,Cajal-retzius cells,6.25,Purkinje neurons,3.669724770642202,Somatostatin interneuron,3.6363636363636362
1115,Oligo MOG OPALIN,Oligo MOG OPALIN,Oligodendrocyte,7.725321888412016,Mature oligodendrocyte,7.2727272727272725,Oligodendrocytes,7.246376811594203
1116,Endo CLDN5 SLC7A5,Endo CLDN5 SLC7A5,Neuron,10.762331838565023,Pyramidal cells,9.411764705882355,Excitatory neuron,8.823529411764705
1117,Endo CLDN5 SLC7A5,Endo CLDN5 SLC7A5,Neuron,10.762331838565023,Pyramidal cells,9.411764705882355,Excitatory neuron,8.823529411764705
1118,Oligo MOG OPALIN,Oligo MOG OPALIN,Oligodendrocyte,7.725321888412016,Mature oligodendrocyte,7.2727272727272725,Oligodendrocytes,7.246376811594203
1119,Endo CLDN5 SLC7A5,Endo CLDN5 SLC7A5,Neuron,10.762331838565023,Pyramidal cells,9.411764705882355,Excitatory neuron,8.823529411764705
1120,Astro AQP4 SLC1A2,Astro AQP4 SLC1A2,Astrocyte,9.266409266409266,Bergmann glia,6.593406593406592,Astrocytes,5.309734513274336
1121,Endo CLDN5 SLC7A5,Endo CLDN5 SLC7A5,Neuron,10.762331838565023,Pyramidal cells,9.411764705882355,Excitatory neuron,8.823529411764705
1122,Oligo MOG OPALIN,Oligo MOG OPALIN,Oligodendrocyte,7.725321888412016,Mature oligodendrocyte,7.2727272727272725,Oligodendrocytes,7.246376811594203
1123,Oligo MOG OPALIN,Oligo MOG OPALIN,Oligodendrocyte,7.725321888412016,Mature oligodendrocyte,7.2727272727272725,Oligodendrocytes,7.246376811594203
1124,Astro AQP4 SLC1A2,Astro AQP4 SLC1A2,Astrocyte,9.266409266409266,Bergmann glia,6.593406593406592,Astrocytes,5.309734513274336
1125,Oligo MOG OPALIN,Oligo MOG OPALIN,Oligodendrocyte,7.725321888412016,Mature oligodendrocyte,7.2727272727272725,Oligodendrocytes,7.246376811594203
1126,Endo CLDN5 SLC7A5,Endo CLDN5 SLC7A5,Neuron,10.762331838565023,Pyramidal cells,9.411764705882355,Excitatory neuron,8.823529411764705
1127,L6 OPRK1 THEMIS RGS6,L6 OPRK1 THEMIS RGS6,Cajal-retzius cells,6.25,Purkinje neurons,3.669724770642202,Somatostatin interneuron,3.6363636363636362
1128,Oligo MOG OPALIN,Oligo MOG OPALIN,Oligodendrocyte,7.725321888412016,Mature oligodendrocyte,7.2727272727272725,Oligodendrocytes,7.246376811594203
1129,Oligo MOG OPALIN,Oligo MOG OPALIN,Oligodendrocyte,7.725321888412016,Mature oligodendrocyte,7.2727272727272725,Oligodendrocytes,7.246376811594203
1130,Endo CLDN5 SLC7A5,Endo CLDN5 SLC7A5,Neuron,10.762331838565023,Pyramidal cells,9.411764705882355,Excitatory neuron,8.823529411764705
1131,Oligo MOG OPALIN,Oligo MOG OPALIN,Oligodendrocyte,7.725321888412016,Mature oligodendrocyte,7.2727272727272725,Oligodendrocytes,7.246376811594203
1132,Endo CLDN5 SLC7A5,Endo CLDN5 SLC7A5,Neuron,10.762331838565023,Pyramidal cells,9.411764705882355,Excitatory neuron,8.823529411764705
1133,Oligo MOG OPALIN,Oligo MOG OPALIN,Oligodendrocyte,7.725321888412016,Mature oligodendrocyte,7.2727272727272725,Oligodendrocytes,7.246376811594203
1134,Oligo MOG OPALIN,Oligo MOG OPALIN,Oligodendrocyte,7.725321888412016,Mature oligodendrocyte,7.2727272727272725,Oligodendrocytes,7.246376811594203
1135,Endo CLDN5 SLC7A5,Endo CLDN5 SLC7A5,Neuron,10.762331838565023,Pyramidal cells,9.411764705882355,Excitatory neuron,8.823529411764705
1136,Endo CLDN5 SLC7A5,Endo CLDN5 SLC7A5,Neuron,10.762331838565023,Pyramidal cells,9.411764705882355,Excitatory neuron,8.823529411764705
1137,Oligo MOG OPALIN,Oligo MOG OPALIN,Oligodendrocyte,7.725321888412016,Mature oligodendrocyte,7.2727272727272725,Oligodendrocytes,7.246376811594203
1138,Oligo MOG OPALIN,Oligo MOG OPALIN,Oligodendrocyte,7.725321888412016,Mature oligodendrocyte,7.2727272727272725,Oligodendrocytes,7.246376811594203
1139,Endo CLDN5 SLC7A5,Endo CLDN5 SLC7A5,Neuron,10.762331838565023,Pyramidal cells,9.411764705882355,Excitatory neuron,8.823529411764705
1140,Oligo MOG OPALIN,Oligo MOG OPALIN,Oligodendrocyte,7.725321888412016,Mature oligodendrocyte,7.2727272727272725,Oligodendrocytes,7.246376811594203
1141,Endo CLDN5 SLC7A5,Endo CLDN5 SLC7A5,Neuron,10.762331838565023,Pyramidal cells,9.411764705882355,Excitatory neuron,8.823529411764705
1142,PC P2RY14 GRM8,PC P2RY14 GRM8,Endothelial cell,5.128205128205128,Lake et al.science.ex6,4.761904761904763,Astrocytes,3.5398230088495577
1143,Endo CLDN5 SLC7A5,Endo CLDN5 SLC7A5,Neuron,10.762331838565023,Pyramidal cells,9.411764705882355,Excitatory neuron,8.823529411764705
1144,Oligo MOG OPALIN,Oligo MOG OPALIN,Oligodendrocyte,7.725321888412016,Mature oligodendrocyte,7.2727272727272725,Oligodendrocytes,7.246376811594203
1145,Endo CLDN5 SLC7A5,Endo CLDN5 SLC7A5,Neuron,10.762331838565023,Pyramidal cells,9.411764705882355,Excitatory neuron,8.823529411764705
1146,Oligo MOG OPALIN,Oligo MOG OPALIN,Oligodendrocyte,7.725321888412016,Mature oligodendrocyte,7.2727272727272725,Oligodendrocytes,7.246376811594203
1147,Endo CLDN5 SLC7A5,Endo CLDN5 SLC7A5,Neuron,10.762331838565023,Pyramidal cells,9.411764705882355,Excitatory neuron,8.823529411764705
1148,Endo CLDN5 SLC7A5,Endo CLDN5 SLC7A5,Neuron,10.762331838565023,Pyramidal cells,9.411764705882355,Excitatory neuron,8.823529411764705
1149,Endo CLDN5 SLC7A5,Endo CLDN5 SLC7A5,Neuron,10.762331838565023,Pyramidal cells,9.411764705882355,Excitatory neuron,8.823529411764705
1150,InN SST STK32A,InN SST STK32A,Purkinje neurons,11.009174311926607,Bergmann glia,6.593406593406592,Neuron,5.381165919282512
1151,Endo CLDN5 SLC7A5,Endo CLDN5 SLC7A5,Neuron,10.762331838565023,Pyramidal cells,9.411764705882355,Excitatory neuron,8.823529411764705
1152,Endo CLDN5 SLC7A5,Endo CLDN5 SLC7A5,Neuron,10.762331838565023,Pyramidal cells,9.411764705882355,Excitatory neuron,8.823529411764705
1153,Oligo MOG OPALIN,Oligo MOG OPALIN,Oligodendrocyte,7.725321888412016,Mature oligodendrocyte,7.2727272727272725,Oligodendrocytes,7.246376811594203
1154,L6 OPRK1 THEMIS RGS6,L6 OPRK1 THEMIS RGS6,Cajal-retzius cells,6.25,Purkinje neurons,3.669724770642202,Somatostatin interneuron,3.6363636363636362
1155,PC P2RY14 GRM8,PC P2RY14 GRM8,Endothelial cell,5.128205128205128,Lake et al.science.ex6,4.761904761904763,Astrocytes,3.5398230088495577
1156,Oligo MOG OPALIN,Oligo MOG OPALIN,Oligodendrocyte,7.725321888412016,Mature oligodendrocyte,7.2727272727272725,Oligodendrocytes,7.246376811594203
1157,Oligo MOG OPALIN,Oligo MOG OPALIN,Oligodendrocyte,7.725321888412016,Mature oligodendrocyte,7.2727272727272725,Oligodendrocytes,7.246376811594203
1158,L6 OPRK1 THEMIS RGS6,L6 OPRK1 THEMIS RGS6,Cajal-retzius cells,6.25,Purkinje neurons,3.669724770642202,Somatostatin interneuron,3.6363636363636362
1159,Oligo MOG OPALIN,Oligo MOG OPALIN,Oligodendrocyte,7.725321888412016,Mature oligodendrocyte,7.2727272727272725,Oligodendrocytes,7.246376811594203
1160,Oligo MOG OPALIN,Oligo MOG OPALIN,Oligodendrocyte,7.725321888412016,Mature oligodendrocyte,7.2727272727272725,Oligodendrocytes,7.246376811594203
1161,Oligo MOG OPALIN,Oligo MOG OPALIN,Oligodendrocyte,7.725321888412016,Mature oligodendrocyte,7.2727272727272725,Oligodendrocytes,7.246376811594203
1162,Oligo MOG OPALIN,Oligo MOG OPALIN,Oligodendrocyte,7.725321888412016,Mature oligodendrocyte,7.2727272727272725,Oligodendrocytes,7.246376811594203
1163,Endo CLDN5 SLC7A5,Endo CLDN5 SLC7A5,Neuron,10.762331838565023,Pyramidal cells,9.411764705882355,Excitatory neuron,8.823529411764705
1164,Endo CLDN5 SLC7A5,Endo CLDN5 SLC7A5,Neuron,10.762331838565023,Pyramidal cells,9.411764705882355,Excitatory neuron,8.823529411764705
1165,Endo CLDN5 SLC7A5,Endo CLDN5 SLC7A5,Neuron,10.762331838565023,Pyramidal cells,9.411764705882355,Excitatory neuron,8.823529411764705
1166,Oligo MOG OPALIN,Oligo MOG OPALIN,Oligodendrocyte,7.725321888412016,Mature oligodendrocyte,7.2727272727272725,Oligodendrocytes,7.246376811594203
1167,Astro AQP4 SLC1A2,Astro AQP4 SLC1A2,Astrocyte,9.266409266409266,Bergmann glia,6.593406593406592,Astrocytes,5.309734513274336
1168,Endo CLDN5 SLC7A5,Endo CLDN5 SLC7A5,Neuron,10.762331838565023,Pyramidal cells,9.411764705882355,Excitatory neuron,8.823529411764705
1169,Oligo MOG OPALIN,Oligo MOG OPALIN,Oligodendrocyte,7.725321888412016,Mature oligodendrocyte,7.2727272727272725,Oligodendrocytes,7.246376811594203
1170,Oligo MOG OPALIN,Oligo MOG OPALIN,Oligodendrocyte,7.725321888412016,Mature oligodendrocyte,7.2727272727272725,Oligodendrocytes,7.246376811594203
1171,Oligo MOG OPALIN,Oligo MOG OPALIN,Oligodendrocyte,7.725321888412016,Mature oligodendrocyte,7.2727272727272725,Oligodendrocytes,7.246376811594203
1172,Endo CLDN5 SLC7A5,Endo CLDN5 SLC7A5,Neuron,10.762331838565023,Pyramidal cells,9.411764705882355,Excitatory neuron,8.823529411764705
1173,Endo CLDN5 SLC7A5,Endo CLDN5 SLC7A5,Neuron,10.762331838565023,Pyramidal cells,9.411764705882355,Excitatory neuron,8.823529411764705
1174,Oligo MOG OPALIN,Oligo MOG OPALIN,Oligodendrocyte,7.725321888412016,Mature oligodendrocyte,7.2727272727272725,Oligodendrocytes,7.246376811594203
1175,Endo CLDN5 SLC7A5,Endo CLDN5 SLC7A5,Neuron,10.762331838565023,Pyramidal cells,9.411764705882355,Excitatory neuron,8.823529411764705
1176,Endo CLDN5 SLC7A5,Endo CLDN5 SLC7A5,Neuron,10.762331838565023,Pyramidal cells,9.411764705882355,Excitatory neuron,8.823529411764705
1177,Oligo MOG OPALIN,Oligo MOG OPALIN,Oligodendrocyte,7.725321888412016,Mature oligodendrocyte,7.2727272727272725,Oligodendrocytes,7.246376811594203
1178,Endo CLDN5 SLC7A5,Endo CLDN5 SLC7A5,Neuron,10.762331838565023,Pyramidal cells,9.411764705882355,Excitatory neuron,8.823529411764705
1179,Oligo MOG OPALIN,Oligo MOG OPALIN,Oligodendrocyte,7.725321888412016,Mature oligodendrocyte,7.2727272727272725,Oligodendrocytes,7.246376811594203
1180,Oligo MOG OPALIN,Oligo MOG OPALIN,Oligodendrocyte,7.725321888412016,Mature oligodendrocyte,7.2727272727272725,Oligodendrocytes,7.246376811594203
1181,Endo CLDN5 SLC7A5,Endo CLDN5 SLC7A5,Neuron,10.762331838565023,Pyramidal cells,9.411764705882355,Excitatory neuron,8.823529411764705
1182,Oligo MOG OPALIN,Oligo MOG OPALIN,Oligodendrocyte,7.725321888412016,Mature oligodendrocyte,7.2727272727272725,Oligodendrocytes,7.246376811594203
1183,L6 OPRK1 THEMIS RGS6,L6 OPRK1 THEMIS RGS6,Cajal-retzius cells,6.25,Purkinje neurons,3.669724770642202,Somatostatin interneuron,3.6363636363636362
1184,Endo CLDN5 SLC7A5,Endo CLDN5 SLC7A5,Neuron,10.762331838565023,Pyramidal cells,9.411764705882355,Excitatory neuron,8.823529411764705
1185,Endo CLDN5 SLC7A5,Endo CLDN5 SLC7A5,Neuron,10.762331838565023,Pyramidal cells,9.411764705882355,Excitatory neuron,8.823529411764705
1186,Oligo MOG OPALIN,Oligo MOG OPALIN,Oligodendrocyte,7.725321888412016,Mature oligodendrocyte,7.2727272727272725,Oligodendrocytes,7.246376811594203
1187,Oligo MOG OPALIN,Oligo MOG OPALIN,Oligodendrocyte,7.725321888412016,Mature oligodendrocyte,7.2727272727272725,Oligodendrocytes,7.246376811594203
1188,Oligo MOG OPALIN,Oligo MOG OPALIN,Oligodendrocyte,7.725321888412016,Mature oligodendrocyte,7.2727272727272725,Oligodendrocytes,7.246376811594203
1189,Oligo MOG OPALIN,Oligo MOG OPALIN,Oligodendrocyte,7.725321888412016,Mature oligodendrocyte,7.2727272727272725,Oligodendrocytes,7.246376811594203
1190,Oligo MOG OPALIN,Oligo MOG OPALIN,Oligodendrocyte,7.725321888412016,Mature oligodendrocyte,7.2727272727272725,Oligodendrocytes,7.246376811594203
1191,Endo CLDN5 SLC7A5,Endo CLDN5 SLC7A5,Neuron,10.762331838565023,Pyramidal cells,9.411764705882355,Excitatory neuron,8.823529411764705
1192,Endo CLDN5 SLC7A5,Endo CLDN5 SLC7A5,Neuron,10.762331838565023,Pyramidal cells,9.411764705882355,Excitatory neuron,8.823529411764705
1193,Oligo MOG OPALIN,Oligo MOG OPALIN,Oligodendrocyte,7.725321888412016,Mature oligodendrocyte,7.2727272727272725,Oligodendrocytes,7.246376811594203
1194,InN SST STK32A,InN SST STK32A,Purkinje neurons,11.009174311926607,Bergmann glia,6.593406593406592,Neuron,5.381165919282512
1195,Oligo MOG OPALIN,Oligo MOG OPALIN,Oligodendrocyte,7.725321888412016,Mature oligodendrocyte,7.2727272727272725,Oligodendrocytes,7.246376811594203
1196,Oligo MOG OPALIN,Oligo MOG OPALIN,Oligodendrocyte,7.725321888412016,Mature oligodendrocyte,7.2727272727272725,Oligodendrocytes,7.246376811594203
1197,PC P2RY14 GRM8,PC P2RY14 GRM8,Endothelial cell,5.128205128205128,Lake et al.science.ex6,4.761904761904763,Astrocytes,3.5398230088495577
1198,Endo CLDN5 SLC7A5,Endo CLDN5 SLC7A5,Neuron,10.762331838565023,Pyramidal cells,9.411764705882355,Excitatory neuron,8.823529411764705
1199,Oligo MOG OPALIN,Oligo MOG OPALIN,Oligodendrocyte,7.725321888412016,Mature oligodendrocyte,7.2727272727272725,Oligodendrocytes,7.246376811594203
1200,Endo CLDN5 SLC7A5,Endo CLDN5 SLC7A5,Neuron,10.762331838565023,Pyramidal cells,9.411764705882355,Excitatory neuron,8.823529411764705
1201,Endo CLDN5 SLC7A5,Endo CLDN5 SLC7A5,Neuron,10.762331838565023,Pyramidal cells,9.411764705882355,Excitatory neuron,8.823529411764705
1202,Endo CLDN5 SLC7A5,Endo CLDN5 SLC7A5,Neuron,10.762331838565023,Pyramidal cells,9.411764705882355,Excitatory neuron,8.823529411764705
1203,Endo CLDN5 SLC7A5,Endo CLDN5 SLC7A5,Neuron,10.762331838565023,Pyramidal cells,9.411764705882355,Excitatory neuron,8.823529411764705
1204,InN SST STK32A,InN SST STK32A,Purkinje neurons,11.009174311926607,Bergmann glia,6.593406593406592,Neuron,5.381165919282512
1205,Oligo MOG OPALIN,Oligo MOG OPALIN,Oligodendrocyte,7.725321888412016,Mature oligodendrocyte,7.2727272727272725,Oligodendrocytes,7.246376811594203
1206,Oligo MOG OPALIN,Oligo MOG OPALIN,Oligodendrocyte,7.725321888412016,Mature oligodendrocyte,7.2727272727272725,Oligodendrocytes,7.246376811594203
1207,Astro AQP4 SLC1A2,Astro AQP4 SLC1A2,Astrocyte,9.266409266409266,Bergmann glia,6.593406593406592,Astrocytes,5.309734513274336
1208,Endo CLDN5 SLC7A5,Endo CLDN5 SLC7A5,Neuron,10.762331838565023,Pyramidal cells,9.411764705882355,Excitatory neuron,8.823529411764705
1209,PC P2RY14 GRM8,PC P2RY14 GRM8,Endothelial cell,5.128205128205128,Lake et al.science.ex6,4.761904761904763,Astrocytes,3.5398230088495577
1210,Oligo MOG OPALIN,Oligo MOG OPALIN,Oligodendrocyte,7.725321888412016,Mature oligodendrocyte,7.2727272727272725,Oligodendrocytes,7.246376811594203
1211,Oligo MOG OPALIN,Oligo MOG OPALIN,Oligodendrocyte,7.725321888412016,Mature oligodendrocyte,7.2727272727272725,Oligodendrocytes,7.246376811594203
1212,Endo CLDN5 SLC7A5,Endo CLDN5 SLC7A5,Neuron,10.762331838565023,Pyramidal cells,9.411764705882355,Excitatory neuron,8.823529411764705
1213,Oligo MOG OPALIN,Oligo MOG OPALIN,Oligodendrocyte,7.725321888412016,Mature oligodendrocyte,7.2727272727272725,Oligodendrocytes,7.246376811594203
1214,Endo CLDN5 SLC7A5,Endo CLDN5 SLC7A5,Neuron,10.762331838565023,Pyramidal cells,9.411764705882355,Excitatory neuron,8.823529411764705
1215,Endo CLDN5 SLC7A5,Endo CLDN5 SLC7A5,Neuron,10.762331838565023,Pyramidal cells,9.411764705882355,Excitatory neuron,8.823529411764705
1216,Endo CLDN5 SLC7A5,Endo CLDN5 SLC7A5,Neuron,10.762331838565023,Pyramidal cells,9.411764705882355,Excitatory neuron,8.823529411764705
1217,Endo CLDN5 SLC7A5,Endo CLDN5 SLC7A5,Neuron,10.762331838565023,Pyramidal cells,9.411764705882355,Excitatory neuron,8.823529411764705
1218,Endo CLDN5 SLC7A5,Endo CLDN5 SLC7A5,Neuron,10.762331838565023,Pyramidal cells,9.411764705882355,Excitatory neuron,8.823529411764705
1219,Endo CLDN5 SLC7A5,Endo CLDN5 SLC7A5,Neuron,10.762331838565023,Pyramidal cells,9.411764705882355,Excitatory neuron,8.823529411764705
1220,Oligo MOG OPALIN,Oligo MOG OPALIN,Oligodendrocyte,7.725321888412016,Mature oligodendrocyte,7.2727272727272725,Oligodendrocytes,7.246376811594203
1221,L6 OPRK1 THEMIS RGS6,L6 OPRK1 THEMIS RGS6,Cajal-retzius cells,6.25,Purkinje neurons,3.669724770642202,Somatostatin interneuron,3.6363636363636362
1222,Oligo MOG OPALIN,Oligo MOG OPALIN,Oligodendrocyte,7.725321888412016,Mature oligodendrocyte,7.2727272727272725,Oligodendrocytes,7.246376811594203
1223,Endo CLDN5 SLC7A5,Endo CLDN5 SLC7A5,Neuron,10.762331838565023,Pyramidal cells,9.411764705882355,Excitatory neuron,8.823529411764705
1224,Oligo MOG OPALIN,Oligo MOG OPALIN,Oligodendrocyte,7.725321888412016,Mature oligodendrocyte,7.2727272727272725,Oligodendrocytes,7.246376811594203
1225,Micro P2RY12 APBB1IP,Micro P2RY12 APBB1IP,Microglia,9.917355371900827,Lake et al.science.ex8,5.5045871559633035,Microglial-specific cell,3.8461538461538463
1226,Endo CLDN5 SLC7A5,Endo CLDN5 SLC7A5,Neuron,10.762331838565023,Pyramidal cells,9.411764705882355,Excitatory neuron,8.823529411764705
1227,Oligo MOG OPALIN,Oligo MOG OPALIN,Oligodendrocyte,7.725321888412016,Mature oligodendrocyte,7.2727272727272725,Oligodendrocytes,7.246376811594203
1228,L6 OPRK1 THEMIS RGS6,L6 OPRK1 THEMIS RGS6,Cajal-retzius cells,6.25,Purkinje neurons,3.669724770642202,Somatostatin interneuron,3.6363636363636362
1229,Endo CLDN5 SLC7A5,Endo CLDN5 SLC7A5,Neuron,10.762331838565023,Pyramidal cells,9.411764705882355,Excitatory neuron,8.823529411764705
1230,Oligo MOG OPALIN,Oligo MOG OPALIN,Oligodendrocyte,7.725321888412016,Mature oligodendrocyte,7.2727272727272725,Oligodendrocytes,7.246376811594203
1231,Endo CLDN5 SLC7A5,Endo CLDN5 SLC7A5,Neuron,10.762331838565023,Pyramidal cells,9.411764705882355,Excitatory neuron,8.823529411764705
1232,Endo CLDN5 SLC7A5,Endo CLDN5 SLC7A5,Neuron,10.762331838565023,Pyramidal cells,9.411764705882355,Excitatory neuron,8.823529411764705
1233,Endo CLDN5 SLC7A5,Endo CLDN5 SLC7A5,Neuron,10.762331838565023,Pyramidal cells,9.411764705882355,Excitatory neuron,8.823529411764705
1234,Oligo MOG OPALIN,Oligo MOG OPALIN,Oligodendrocyte,7.725321888412016,Mature oligodendrocyte,7.2727272727272725,Oligodendrocytes,7.246376811594203
1235,Endo CLDN5 SLC7A5,Endo CLDN5 SLC7A5,Neuron,10.762331838565023,Pyramidal cells,9.411764705882355,Excitatory neuron,8.823529411764705
1236,Endo CLDN5 SLC7A5,Endo CLDN5 SLC7A5,Neuron,10.762331838565023,Pyramidal cells,9.411764705882355,Excitatory neuron,8.823529411764705
1237,Endo CLDN5 SLC7A5,Endo CLDN5 SLC7A5,Neuron,10.762331838565023,Pyramidal cells,9.411764705882355,Excitatory neuron,8.823529411764705
1238,PC P2RY14 GRM8,PC P2RY14 GRM8,Endothelial cell,5.128205128205128,Lake et al.science.ex6,4.761904761904763,Astrocytes,3.5398230088495577
1239,Endo CLDN5 SLC7A5,Endo CLDN5 SLC7A5,Neuron,10.762331838565023,Pyramidal cells,9.411764705882355,Excitatory neuron,8.823529411764705
1240,L6 OPRK1 THEMIS RGS6,L6 OPRK1 THEMIS RGS6,Cajal-retzius cells,6.25,Purkinje neurons,3.669724770642202,Somatostatin interneuron,3.6363636363636362
1241,Oligo MOG OPALIN,Oligo MOG OPALIN,Oligodendrocyte,7.725321888412016,Mature oligodendrocyte,7.2727272727272725,Oligodendrocytes,7.246376811594203
1242,Oligo MOG OPALIN,Oligo MOG OPALIN,Oligodendrocyte,7.725321888412016,Mature oligodendrocyte,7.2727272727272725,Oligodendrocytes,7.246376811594203
1243,L6 OPRK1 THEMIS RGS6,L6 OPRK1 THEMIS RGS6,Cajal-retzius cells,6.25,Purkinje neurons,3.669724770642202,Somatostatin interneuron,3.6363636363636362
1244,Oligo MOG OPALIN,Oligo MOG OPALIN,Oligodendrocyte,7.725321888412016,Mature oligodendrocyte,7.2727272727272725,Oligodendrocytes,7.246376811594203
1245,Endo CLDN5 SLC7A5,Endo CLDN5 SLC7A5,Neuron,10.762331838565023,Pyramidal cells,9.411764705882355,Excitatory neuron,8.823529411764705
1246,Oligo MOG OPALIN,Oligo MOG OPALIN,Oligodendrocyte,7.725321888412016,Mature oligodendrocyte,7.2727272727272725,Oligodendrocytes,7.246376811594203
1247,Astro AQP4 SLC1A2,Astro AQP4 SLC1A2,Astrocyte,9.266409266409266,Bergmann glia,6.593406593406592,Astrocytes,5.309734513274336
1248,Oligo MOG OPALIN,Oligo MOG OPALIN,Oligodendrocyte,7.725321888412016,Mature oligodendrocyte,7.2727272727272725,Oligodendrocytes,7.246376811594203
1249,Oligo MOG OPALIN,Oligo MOG OPALIN,Oligodendrocyte,7.725321888412016,Mature oligodendrocyte,7.2727272727272725,Oligodendrocytes,7.246376811594203
1250,Micro P2RY12 APBB1IP,Micro P2RY12 APBB1IP,Microglia,9.917355371900827,Lake et al.science.ex8,5.5045871559633035,Microglial-specific cell,3.8461538461538463
1251,InN SST STK32A,InN SST STK32A,Purkinje neurons,11.009174311926607,Bergmann glia,6.593406593406592,Neuron,5.381165919282512
1252,Endo CLDN5 SLC7A5,Endo CLDN5 SLC7A5,Neuron,10.762331838565023,Pyramidal cells,9.411764705882355,Excitatory neuron,8.823529411764705
1253,Oligo MOG OPALIN,Oligo MOG OPALIN,Oligodendrocyte,7.725321888412016,Mature oligodendrocyte,7.2727272727272725,Oligodendrocytes,7.246376811594203
1254,Oligo MOG OPALIN,Oligo MOG OPALIN,Oligodendrocyte,7.725321888412016,Mature oligodendrocyte,7.2727272727272725,Oligodendrocytes,7.246376811594203
1255,Micro P2RY12 APBB1IP,Micro P2RY12 APBB1IP,Microglia,9.917355371900827,Lake et al.science.ex8,5.5045871559633035,Microglial-specific cell,3.8461538461538463
1256,Endo CLDN5 SLC7A5,Endo CLDN5 SLC7A5,Neuron,10.762331838565023,Pyramidal cells,9.411764705882355,Excitatory neuron,8.823529411764705
1257,Oligo MOG OPALIN,Oligo MOG OPALIN,Oligodendrocyte,7.725321888412016,Mature oligodendrocyte,7.2727272727272725,Oligodendrocytes,7.246376811594203
1258,Endo CLDN5 SLC7A5,Endo CLDN5 SLC7A5,Neuron,10.762331838565023,Pyramidal cells,9.411764705882355,Excitatory neuron,8.823529411764705
1259,Endo CLDN5 SLC7A5,Endo CLDN5 SLC7A5,Neuron,10.762331838565023,Pyramidal cells,9.411764705882355,Excitatory neuron,8.823529411764705
1260,Oligo MOG OPALIN,Oligo MOG OPALIN,Oligodendrocyte,7.725321888412016,Mature oligodendrocyte,7.2727272727272725,Oligodendrocytes,7.246376811594203
1261,Oligo MOG OPALIN,Oligo MOG OPALIN,Oligodendrocyte,7.725321888412016,Mature oligodendrocyte,7.2727272727272725,Oligodendrocytes,7.246376811594203
1262,Oligo MOG OPALIN,Oligo MOG OPALIN,Oligodendrocyte,7.725321888412016,Mature oligodendrocyte,7.2727272727272725,Oligodendrocytes,7.246376811594203
1263,Endo CLDN5 SLC7A5,Endo CLDN5 SLC7A5,Neuron,10.762331838565023,Pyramidal cells,9.411764705882355,Excitatory neuron,8.823529411764705
1264,Endo CLDN5 SLC7A5,Endo CLDN5 SLC7A5,Neuron,10.762331838565023,Pyramidal cells,9.411764705882355,Excitatory neuron,8.823529411764705
1265,Endo CLDN5 SLC7A5,Endo CLDN5 SLC7A5,Neuron,10.762331838565023,Pyramidal cells,9.411764705882355,Excitatory neuron,8.823529411764705
1266,Endo CLDN5 SLC7A5,Endo CLDN5 SLC7A5,Neuron,10.762331838565023,Pyramidal cells,9.411764705882355,Excitatory neuron,8.823529411764705
1267,Endo CLDN5 SLC7A5,Endo CLDN5 SLC7A5,Neuron,10.762331838565023,Pyramidal cells,9.411764705882355,Excitatory neuron,8.823529411764705
1268,Endo CLDN5 SLC7A5,Endo CLDN5 SLC7A5,Neuron,10.762331838565023,Pyramidal cells,9.411764705882355,Excitatory neuron,8.823529411764705
1269,Oligo MOG OPALIN,Oligo MOG OPALIN,Oligodendrocyte,7.725321888412016,Mature oligodendrocyte,7.2727272727272725,Oligodendrocytes,7.246376811594203
1270,Oligo MOG OPALIN,Oligo MOG OPALIN,Oligodendrocyte,7.725321888412016,Mature oligodendrocyte,7.2727272727272725,Oligodendrocytes,7.246376811594203
1271,Oligo MOG OPALIN,Oligo MOG OPALIN,Oligodendrocyte,7.725321888412016,Mature oligodendrocyte,7.2727272727272725,Oligodendrocytes,7.246376811594203
1272,Endo CLDN5 SLC7A5,Endo CLDN5 SLC7A5,Neuron,10.762331838565023,Pyramidal cells,9.411764705882355,Excitatory neuron,8.823529411764705
1273,OPC PDGFRA PCDH15,OPC PDGFRA PCDH15,Oligodendrocyte precursor cell,22.22222222222222,Oligodendrocyte progenitor cells,15.384615384615383,Oligodendrocyte,13.733905579399142
1274,Endo CLDN5 SLC7A5,Endo CLDN5 SLC7A5,Neuron,10.762331838565023,Pyramidal cells,9.411764705882355,Excitatory neuron,8.823529411764705
1275,Endo CLDN5 SLC7A5,Endo CLDN5 SLC7A5,Neuron,10.762331838565023,Pyramidal cells,9.411764705882355,Excitatory neuron,8.823529411764705
1276,Oligo MOG OPALIN,Oligo MOG OPALIN,Oligodendrocyte,7.725321888412016,Mature oligodendrocyte,7.2727272727272725,Oligodendrocytes,7.246376811594203
1277,Oligo MOG OPALIN,Oligo MOG OPALIN,Oligodendrocyte,7.725321888412016,Mature oligodendrocyte,7.2727272727272725,Oligodendrocytes,7.246376811594203
1278,Endo CLDN5 SLC7A5,Endo CLDN5 SLC7A5,Neuron,10.762331838565023,Pyramidal cells,9.411764705882355,Excitatory neuron,8.823529411764705
1279,Endo CLDN5 SLC7A5,Endo CLDN5 SLC7A5,Neuron,10.762331838565023,Pyramidal cells,9.411764705882355,Excitatory neuron,8.823529411764705
1280,Oligo MOG OPALIN,Oligo MOG OPALIN,Oligodendrocyte,7.725321888412016,Mature oligodendrocyte,7.2727272727272725,Oligodendrocytes,7.246376811594203
1281,Endo CLDN5 SLC7A5,Endo CLDN5 SLC7A5,Neuron,10.762331838565023,Pyramidal cells,9.411764705882355,Excitatory neuron,8.823529411764705
1282,PC P2RY14 GRM8,PC P2RY14 GRM8,Endothelial cell,5.128205128205128,Lake et al.science.ex6,4.761904761904763,Astrocytes,3.5398230088495577
1283,Endo CLDN5 SLC7A5,Endo CLDN5 SLC7A5,Neuron,10.762331838565023,Pyramidal cells,9.411764705882355,Excitatory neuron,8.823529411764705
1284,Oligo MOG OPALIN,Oligo MOG OPALIN,Oligodendrocyte,7.725321888412016,Mature oligodendrocyte,7.2727272727272725,Oligodendrocytes,7.246376811594203
1285,Endo CLDN5 SLC7A5,Endo CLDN5 SLC7A5,Neuron,10.762331838565023,Pyramidal cells,9.411764705882355,Excitatory neuron,8.823529411764705
1286,Endo CLDN5 SLC7A5,Endo CLDN5 SLC7A5,Neuron,10.762331838565023,Pyramidal cells,9.411764705882355,Excitatory neuron,8.823529411764705
1287,Oligo MOG OPALIN,Oligo MOG OPALIN,Oligodendrocyte,7.725321888412016,Mature oligodendrocyte,7.2727272727272725,Oligodendrocytes,7.246376811594203
1288,OPC PDGFRA PCDH15,OPC PDGFRA PCDH15,Oligodendrocyte precursor cell,22.22222222222222,Oligodendrocyte progenitor cells,15.384615384615383,Oligodendrocyte,13.733905579399142
1289,Oligo MOG OPALIN,Oligo MOG OPALIN,Oligodendrocyte,7.725321888412016,Mature oligodendrocyte,7.2727272727272725,Oligodendrocytes,7.246376811594203
1290,Endo CLDN5 SLC7A5,Endo CLDN5 SLC7A5,Neuron,10.762331838565023,Pyramidal cells,9.411764705882355,Excitatory neuron,8.823529411764705
1291,Endo CLDN5 SLC7A5,Endo CLDN5 SLC7A5,Neuron,10.762331838565023,Pyramidal cells,9.411764705882355,Excitatory neuron,8.823529411764705
1292,Endo CLDN5 SLC7A5,Endo CLDN5 SLC7A5,Neuron,10.762331838565023,Pyramidal cells,9.411764705882355,Excitatory neuron,8.823529411764705
1293,Endo CLDN5 SLC7A5,Endo CLDN5 SLC7A5,Neuron,10.762331838565023,Pyramidal cells,9.411764705882355,Excitatory neuron,8.823529411764705
1294,Oligo MOG OPALIN,Oligo MOG OPALIN,Oligodendrocyte,7.725321888412016,Mature oligodendrocyte,7.2727272727272725,Oligodendrocytes,7.246376811594203
1295,Oligo MOG OPALIN,Oligo MOG OPALIN,Oligodendrocyte,7.725321888412016,Mature oligodendrocyte,7.2727272727272725,Oligodendrocytes,7.246376811594203
1296,Endo CLDN5 SLC7A5,Endo CLDN5 SLC7A5,Neuron,10.762331838565023,Pyramidal cells,9.411764705882355,Excitatory neuron,8.823529411764705
1297,Astro AQP4 SLC1A2,Astro AQP4 SLC1A2,Astrocyte,9.266409266409266,Bergmann glia,6.593406593406592,Astrocytes,5.309734513274336
1298,Endo CLDN5 SLC7A5,Endo CLDN5 SLC7A5,Neuron,10.762331838565023,Pyramidal cells,9.411764705882355,Excitatory neuron,8.823529411764705
1299,T SKAP1 CD247,T SKAP1 CD247,Lymphocyte,6.666666666666667,Endothelial cell,5.128205128205128,Microglia,4.958677685950414
1300,Oligo MOG OPALIN,Oligo MOG OPALIN,Oligodendrocyte,7.725321888412016,Mature oligodendrocyte,7.2727272727272725,Oligodendrocytes,7.246376811594203
1301,Endo CLDN5 SLC7A5,Endo CLDN5 SLC7A5,Neuron,10.762331838565023,Pyramidal cells,9.411764705882355,Excitatory neuron,8.823529411764705
1302,Oligo MOG OPALIN,Oligo MOG OPALIN,Oligodendrocyte,7.725321888412016,Mature oligodendrocyte,7.2727272727272725,Oligodendrocytes,7.246376811594203
1303,Endo CLDN5 SLC7A5,Endo CLDN5 SLC7A5,Neuron,10.762331838565023,Pyramidal cells,9.411764705882355,Excitatory neuron,8.823529411764705
1304,Endo CLDN5 SLC7A5,Endo CLDN5 SLC7A5,Neuron,10.762331838565023,Pyramidal cells,9.411764705882355,Excitatory neuron,8.823529411764705
1305,Oligo MOG OPALIN,Oligo MOG OPALIN,Oligodendrocyte,7.725321888412016,Mature oligodendrocyte,7.2727272727272725,Oligodendrocytes,7.246376811594203
1306,Oligo MOG OPALIN,Oligo MOG OPALIN,Oligodendrocyte,7.725321888412016,Mature oligodendrocyte,7.2727272727272725,Oligodendrocytes,7.246376811594203
1307,Oligo MOG OPALIN,Oligo MOG OPALIN,Oligodendrocyte,7.725321888412016,Mature oligodendrocyte,7.2727272727272725,Oligodendrocytes,7.246376811594203
1308,OPC PDGFRA PCDH15,OPC PDGFRA PCDH15,Oligodendrocyte precursor cell,22.22222222222222,Oligodendrocyte progenitor cells,15.384615384615383,Oligodendrocyte,13.733905579399142
1309,Oligo MOG OPALIN,Oligo MOG OPALIN,Oligodendrocyte,7.725321888412016,Mature oligodendrocyte,7.2727272727272725,Oligodendrocytes,7.246376811594203
1310,Oligo MOG OPALIN,Oligo MOG OPALIN,Oligodendrocyte,7.725321888412016,Mature oligodendrocyte,7.2727272727272725,Oligodendrocytes,7.246376811594203
1311,Micro P2RY12 APBB1IP,Micro P2RY12 APBB1IP,Microglia,9.917355371900827,Lake et al.science.ex8,5.5045871559633035,Microglial-specific cell,3.8461538461538463
1312,Endo CLDN5 SLC7A5,Endo CLDN5 SLC7A5,Neuron,10.762331838565023,Pyramidal cells,9.411764705882355,Excitatory neuron,8.823529411764705
1313,Endo CLDN5 SLC7A5,Endo CLDN5 SLC7A5,Neuron,10.762331838565023,Pyramidal cells,9.411764705882355,Excitatory neuron,8.823529411764705
1314,PC P2RY14 GRM8,PC P2RY14 GRM8,Endothelial cell,5.128205128205128,Lake et al.science.ex6,4.761904761904763,Astrocytes,3.5398230088495577
1315,Oligo MOG OPALIN,Oligo MOG OPALIN,Oligodendrocyte,7.725321888412016,Mature oligodendrocyte,7.2727272727272725,Oligodendrocytes,7.246376811594203
1316,Oligo MOG OPALIN,Oligo MOG OPALIN,Oligodendrocyte,7.725321888412016,Mature oligodendrocyte,7.2727272727272725,Oligodendrocytes,7.246376811594203
1317,Endo CLDN5 SLC7A5,Endo CLDN5 SLC7A5,Neuron,10.762331838565023,Pyramidal cells,9.411764705882355,Excitatory neuron,8.823529411764705
1318,Endo CLDN5 SLC7A5,Endo CLDN5 SLC7A5,Neuron,10.762331838565023,Pyramidal cells,9.411764705882355,Excitatory neuron,8.823529411764705
1319,L6 OPRK1 THEMIS RGS6,L6 OPRK1 THEMIS RGS6,Cajal-retzius cells,6.25,Purkinje neurons,3.669724770642202,Somatostatin interneuron,3.6363636363636362
1320,Oligo MOG OPALIN,Oligo MOG OPALIN,Oligodendrocyte,7.725321888412016,Mature oligodendrocyte,7.2727272727272725,Oligodendrocytes,7.246376811594203
1321,L6 OPRK1 THEMIS RGS6,L6 OPRK1 THEMIS RGS6,Cajal-retzius cells,6.25,Purkinje neurons,3.669724770642202,Somatostatin interneuron,3.6363636363636362
1322,Endo CLDN5 SLC7A5,Endo CLDN5 SLC7A5,Neuron,10.762331838565023,Pyramidal cells,9.411764705882355,Excitatory neuron,8.823529411764705
1323,Endo CLDN5 SLC7A5,Endo CLDN5 SLC7A5,Neuron,10.762331838565023,Pyramidal cells,9.411764705882355,Excitatory neuron,8.823529411764705
1324,Astro AQP4 SLC1A2,Astro AQP4 SLC1A2,Astrocyte,9.266409266409266,Bergmann glia,6.593406593406592,Astrocytes,5.309734513274336
1325,Endo CLDN5 SLC7A5,Endo CLDN5 SLC7A5,Neuron,10.762331838565023,Pyramidal cells,9.411764705882355,Excitatory neuron,8.823529411764705
1326,OPC PDGFRA PCDH15,OPC PDGFRA PCDH15,Oligodendrocyte precursor cell,22.22222222222222,Oligodendrocyte progenitor cells,15.384615384615383,Oligodendrocyte,13.733905579399142
1327,Endo CLDN5 SLC7A5,Endo CLDN5 SLC7A5,Neuron,10.762331838565023,Pyramidal cells,9.411764705882355,Excitatory neuron,8.823529411764705
1328,Oligo MOG OPALIN,Oligo MOG OPALIN,Oligodendrocyte,7.725321888412016,Mature oligodendrocyte,7.2727272727272725,Oligodendrocytes,7.246376811594203
1329,Oligo MOG OPALIN,Oligo MOG OPALIN,Oligodendrocyte,7.725321888412016,Mature oligodendrocyte,7.2727272727272725,Oligodendrocytes,7.246376811594203
1330,Endo CLDN5 SLC7A5,Endo CLDN5 SLC7A5,Neuron,10.762331838565023,Pyramidal cells,9.411764705882355,Excitatory neuron,8.823529411764705
1331,Endo CLDN5 SLC7A5,Endo CLDN5 SLC7A5,Neuron,10.762331838565023,Pyramidal cells,9.411764705882355,Excitatory neuron,8.823529411764705
1332,Endo CLDN5 SLC7A5,Endo CLDN5 SLC7A5,Neuron,10.762331838565023,Pyramidal cells,9.411764705882355,Excitatory neuron,8.823529411764705
1333,Astro AQP4 SLC1A2,Astro AQP4 SLC1A2,Astrocyte,9.266409266409266,Bergmann glia,6.593406593406592,Astrocytes,5.309734513274336
1334,Endo CLDN5 SLC7A5,Endo CLDN5 SLC7A5,Neuron,10.762331838565023,Pyramidal cells,9.411764705882355,Excitatory neuron,8.823529411764705
1335,Oligo MOG OPALIN,Oligo MOG OPALIN,Oligodendrocyte,7.725321888412016,Mature oligodendrocyte,7.2727272727272725,Oligodendrocytes,7.246376811594203
1336,Endo CLDN5 SLC7A5,Endo CLDN5 SLC7A5,Neuron,10.762331838565023,Pyramidal cells,9.411764705882355,Excitatory neuron,8.823529411764705
1337,Endo CLDN5 SLC7A5,Endo CLDN5 SLC7A5,Neuron,10.762331838565023,Pyramidal cells,9.411764705882355,Excitatory neuron,8.823529411764705
1338,Oligo MOG OPALIN,Oligo MOG OPALIN,Oligodendrocyte,7.725321888412016,Mature oligodendrocyte,7.2727272727272725,Oligodendrocytes,7.246376811594203
1339,Astro AQP4 SLC1A2,Astro AQP4 SLC1A2,Astrocyte,9.266409266409266,Bergmann glia,6.593406593406592,Astrocytes,5.309734513274336
1340,Endo CLDN5 SLC7A5,Endo CLDN5 SLC7A5,Neuron,10.762331838565023,Pyramidal cells,9.411764705882355,Excitatory neuron,8.823529411764705
1341,L6 OPRK1 THEMIS RGS6,L6 OPRK1 THEMIS RGS6,Cajal-retzius cells,6.25,Purkinje neurons,3.669724770642202,Somatostatin interneuron,3.6363636363636362
1342,InN SST STK32A,InN SST STK32A,Purkinje neurons,11.009174311926607,Bergmann glia,6.593406593406592,Neuron,5.381165919282512
1343,Oligo MOG OPALIN,Oligo MOG OPALIN,Oligodendrocyte,7.725321888412016,Mature oligodendrocyte,7.2727272727272725,Oligodendrocytes,7.246376811594203
1344,Endo CLDN5 SLC7A5,Endo CLDN5 SLC7A5,Neuron,10.762331838565023,Pyramidal cells,9.411764705882355,Excitatory neuron,8.823529411764705
1345,Endo CLDN5 SLC7A5,Endo CLDN5 SLC7A5,Neuron,10.762331838565023,Pyramidal cells,9.411764705882355,Excitatory neuron,8.823529411764705
1346,Endo CLDN5 SLC7A5,Endo CLDN5 SLC7A5,Neuron,10.762331838565023,Pyramidal cells,9.411764705882355,Excitatory neuron,8.823529411764705
1347,InN SST STK32A,InN SST STK32A,Purkinje neurons,11.009174311926607,Bergmann glia,6.593406593406592,Neuron,5.381165919282512
1348,Astro AQP4 SLC1A2,Astro AQP4 SLC1A2,Astrocyte,9.266409266409266,Bergmann glia,6.593406593406592,Astrocytes,5.309734513274336
1349,Endo CLDN5 SLC7A5,Endo CLDN5 SLC7A5,Neuron,10.762331838565023,Pyramidal cells,9.411764705882355,Excitatory neuron,8.823529411764705
1350,Oligo MOG OPALIN,Oligo MOG OPALIN,Oligodendrocyte,7.725321888412016,Mature oligodendrocyte,7.2727272727272725,Oligodendrocytes,7.246376811594203
1351,Endo CLDN5 SLC7A5,Endo CLDN5 SLC7A5,Neuron,10.762331838565023,Pyramidal cells,9.411764705882355,Excitatory neuron,8.823529411764705
1352,Oligo MOG OPALIN,Oligo MOG OPALIN,Oligodendrocyte,7.725321888412016,Mature oligodendrocyte,7.2727272727272725,Oligodendrocytes,7.246376811594203
1353,Endo CLDN5 SLC7A5,Endo CLDN5 SLC7A5,Neuron,10.762331838565023,Pyramidal cells,9.411764705882355,Excitatory neuron,8.823529411764705
1354,Astro AQP4 SLC1A2,Astro AQP4 SLC1A2,Astrocyte,9.266409266409266,Bergmann glia,6.593406593406592,Astrocytes,5.309734513274336
1355,Oligo MOG OPALIN,Oligo MOG OPALIN,Oligodendrocyte,7.725321888412016,Mature oligodendrocyte,7.2727272727272725,Oligodendrocytes,7.246376811594203
1356,Endo CLDN5 SLC7A5,Endo CLDN5 SLC7A5,Neuron,10.762331838565023,Pyramidal cells,9.411764705882355,Excitatory neuron,8.823529411764705
1357,Oligo MOG OPALIN,Oligo MOG OPALIN,Oligodendrocyte,7.725321888412016,Mature oligodendrocyte,7.2727272727272725,Oligodendrocytes,7.246376811594203
1358,PC P2RY14 GRM8,PC P2RY14 GRM8,Endothelial cell,5.128205128205128,Lake et al.science.ex6,4.761904761904763,Astrocytes,3.5398230088495577
1359,Oligo MOG OPALIN,Oligo MOG OPALIN,Oligodendrocyte,7.725321888412016,Mature oligodendrocyte,7.2727272727272725,Oligodendrocytes,7.246376811594203
1360,Endo CLDN5 SLC7A5,Endo CLDN5 SLC7A5,Neuron,10.762331838565023,Pyramidal cells,9.411764705882355,Excitatory neuron,8.823529411764705
1361,OPC PDGFRA PCDH15,OPC PDGFRA PCDH15,Oligodendrocyte precursor cell,22.22222222222222,Oligodendrocyte progenitor cells,15.384615384615383,Oligodendrocyte,13.733905579399142
1362,Oligo MOG OPALIN,Oligo MOG OPALIN,Oligodendrocyte,7.725321888412016,Mature oligodendrocyte,7.2727272727272725,Oligodendrocytes,7.246376811594203
1363,PC P2RY14 GRM8,PC P2RY14 GRM8,Endothelial cell,5.128205128205128,Lake et al.science.ex6,4.761904761904763,Astrocytes,3.5398230088495577
1364,Endo CLDN5 SLC7A5,Endo CLDN5 SLC7A5,Neuron,10.762331838565023,Pyramidal cells,9.411764705882355,Excitatory neuron,8.823529411764705
1365,InN SST STK32A,InN SST STK32A,Purkinje neurons,11.009174311926607,Bergmann glia,6.593406593406592,Neuron,5.381165919282512
1366,Endo CLDN5 SLC7A5,Endo CLDN5 SLC7A5,Neuron,10.762331838565023,Pyramidal cells,9.411764705882355,Excitatory neuron,8.823529411764705
1367,Endo CLDN5 SLC7A5,Endo CLDN5 SLC7A5,Neuron,10.762331838565023,Pyramidal cells,9.411764705882355,Excitatory neuron,8.823529411764705
1368,Endo CLDN5 SLC7A5,Endo CLDN5 SLC7A5,Neuron,10.762331838565023,Pyramidal cells,9.411764705882355,Excitatory neuron,8.823529411764705
1369,L6 OPRK1 THEMIS RGS6,L6 OPRK1 THEMIS RGS6,Cajal-retzius cells,6.25,Purkinje neurons,3.669724770642202,Somatostatin interneuron,3.6363636363636362
1370,Astro AQP4 SLC1A2,Astro AQP4 SLC1A2,Astrocyte,9.266409266409266,Bergmann glia,6.593406593406592,Astrocytes,5.309734513274336
1371,Oligo MOG OPALIN,Oligo MOG OPALIN,Oligodendrocyte,7.725321888412016,Mature oligodendrocyte,7.2727272727272725,Oligodendrocytes,7.246376811594203
1372,Oligo MOG OPALIN,Oligo MOG OPALIN,Oligodendrocyte,7.725321888412016,Mature oligodendrocyte,7.2727272727272725,Oligodendrocytes,7.246376811594203
1373,Endo CLDN5 SLC7A5,Endo CLDN5 SLC7A5,Neuron,10.762331838565023,Pyramidal cells,9.411764705882355,Excitatory neuron,8.823529411764705
1374,Endo CLDN5 SLC7A5,Endo CLDN5 SLC7A5,Neuron,10.762331838565023,Pyramidal cells,9.411764705882355,Excitatory neuron,8.823529411764705
1375,Endo CLDN5 SLC7A5,Endo CLDN5 SLC7A5,Neuron,10.762331838565023,Pyramidal cells,9.411764705882355,Excitatory neuron,8.823529411764705
1376,L6 OPRK1 THEMIS RGS6,L6 OPRK1 THEMIS RGS6,Cajal-retzius cells,6.25,Purkinje neurons,3.669724770642202,Somatostatin interneuron,3.6363636363636362
1377,InN SST STK32A,InN SST STK32A,Purkinje neurons,11.009174311926607,Bergmann glia,6.593406593406592,Neuron,5.381165919282512
1378,Oligo MOG OPALIN,Oligo MOG OPALIN,Oligodendrocyte,7.725321888412016,Mature oligodendrocyte,7.2727272727272725,Oligodendrocytes,7.246376811594203
1379,Oligo MOG OPALIN,Oligo MOG OPALIN,Oligodendrocyte,7.725321888412016,Mature oligodendrocyte,7.2727272727272725,Oligodendrocytes,7.246376811594203
1380,Endo CLDN5 SLC7A5,Endo CLDN5 SLC7A5,Neuron,10.762331838565023,Pyramidal cells,9.411764705882355,Excitatory neuron,8.823529411764705
1381,Oligo MOG OPALIN,Oligo MOG OPALIN,Oligodendrocyte,7.725321888412016,Mature oligodendrocyte,7.2727272727272725,Oligodendrocytes,7.246376811594203
1382,Oligo MOG OPALIN,Oligo MOG OPALIN,Oligodendrocyte,7.725321888412016,Mature oligodendrocyte,7.2727272727272725,Oligodendrocytes,7.246376811594203
1383,Endo CLDN5 SLC7A5,Endo CLDN5 SLC7A5,Neuron,10.762331838565023,Pyramidal cells,9.411764705882355,Excitatory neuron,8.823529411764705
1384,Micro P2RY12 APBB1IP,Micro P2RY12 APBB1IP,Microglia,9.917355371900827,Lake et al.science.ex8,5.5045871559633035,Microglial-specific cell,3.8461538461538463
1385,Oligo MOG OPALIN,Oligo MOG OPALIN,Oligodendrocyte,7.725321888412016,Mature oligodendrocyte,7.2727272727272725,Oligodendrocytes,7.246376811594203
1386,Endo CLDN5 SLC7A5,Endo CLDN5 SLC7A5,Neuron,10.762331838565023,Pyramidal cells,9.411764705882355,Excitatory neuron,8.823529411764705
1387,Endo CLDN5 SLC7A5,Endo CLDN5 SLC7A5,Neuron,10.762331838565023,Pyramidal cells,9.411764705882355,Excitatory neuron,8.823529411764705
1388,Endo CLDN5 SLC7A5,Endo CLDN5 SLC7A5,Neuron,10.762331838565023,Pyramidal cells,9.411764705882355,Excitatory neuron,8.823529411764705
1389,Astro AQP4 SLC1A2,Astro AQP4 SLC1A2,Astrocyte,9.266409266409266,Bergmann glia,6.593406593406592,Astrocytes,5.309734513274336
1390,Endo CLDN5 SLC7A5,Endo CLDN5 SLC7A5,Neuron,10.762331838565023,Pyramidal cells,9.411764705882355,Excitatory neuron,8.823529411764705
1391,Endo CLDN5 SLC7A5,Endo CLDN5 SLC7A5,Neuron,10.762331838565023,Pyramidal cells,9.411764705882355,Excitatory neuron,8.823529411764705
1392,Astro AQP4 SLC1A2,Astro AQP4 SLC1A2,Astrocyte,9.266409266409266,Bergmann glia,6.593406593406592,Astrocytes,5.309734513274336
1393,Endo CLDN5 SLC7A5,Endo CLDN5 SLC7A5,Neuron,10.762331838565023,Pyramidal cells,9.411764705882355,Excitatory neuron,8.823529411764705
1394,Endo CLDN5 SLC7A5,Endo CLDN5 SLC7A5,Neuron,10.762331838565023,Pyramidal cells,9.411764705882355,Excitatory neuron,8.823529411764705
1395,Oligo MOG OPALIN,Oligo MOG OPALIN,Oligodendrocyte,7.725321888412016,Mature oligodendrocyte,7.2727272727272725,Oligodendrocytes,7.246376811594203
1396,Oligo MOG OPALIN,Oligo MOG OPALIN,Oligodendrocyte,7.725321888412016,Mature oligodendrocyte,7.2727272727272725,Oligodendrocytes,7.246376811594203
1397,Endo CLDN5 SLC7A5,Endo CLDN5 SLC7A5,Neuron,10.762331838565023,Pyramidal cells,9.411764705882355,Excitatory neuron,8.823529411764705
1398,Oligo MOG OPALIN,Oligo MOG OPALIN,Oligodendrocyte,7.725321888412016,Mature oligodendrocyte,7.2727272727272725,Oligodendrocytes,7.246376811594203
1399,Endo CLDN5 SLC7A5,Endo CLDN5 SLC7A5,Neuron,10.762331838565023,Pyramidal cells,9.411764705882355,Excitatory neuron,8.823529411764705
1400,Oligo MOG OPALIN,Oligo MOG OPALIN,Oligodendrocyte,7.725321888412016,Mature oligodendrocyte,7.2727272727272725,Oligodendrocytes,7.246376811594203
1401,Oligo MOG OPALIN,Oligo MOG OPALIN,Oligodendrocyte,7.725321888412016,Mature oligodendrocyte,7.2727272727272725,Oligodendrocytes,7.246376811594203
1402,Astro AQP4 SLC1A2,Astro AQP4 SLC1A2,Astrocyte,9.266409266409266,Bergmann glia,6.593406593406592,Astrocytes,5.309734513274336
1403,Endo CLDN5 SLC7A5,Endo CLDN5 SLC7A5,Neuron,10.762331838565023,Pyramidal cells,9.411764705882355,Excitatory neuron,8.823529411764705
1404,Astro AQP4 SLC1A2,Astro AQP4 SLC1A2,Astrocyte,9.266409266409266,Bergmann glia,6.593406593406592,Astrocytes,5.309734513274336
1405,Oligo MOG OPALIN,Oligo MOG OPALIN,Oligodendrocyte,7.725321888412016,Mature oligodendrocyte,7.2727272727272725,Oligodendrocytes,7.246376811594203
1406,Oligo MOG OPALIN,Oligo MOG OPALIN,Oligodendrocyte,7.725321888412016,Mature oligodendrocyte,7.2727272727272725,Oligodendrocytes,7.246376811594203
1407,Oligo MOG OPALIN,Oligo MOG OPALIN,Oligodendrocyte,7.725321888412016,Mature oligodendrocyte,7.2727272727272725,Oligodendrocytes,7.246376811594203
1408,L6 OPRK1 THEMIS RGS6,L6 OPRK1 THEMIS RGS6,Cajal-retzius cells,6.25,Purkinje neurons,3.669724770642202,Somatostatin interneuron,3.6363636363636362
1409,Oligo MOG OPALIN,Oligo MOG OPALIN,Oligodendrocyte,7.725321888412016,Mature oligodendrocyte,7.2727272727272725,Oligodendrocytes,7.246376811594203
1410,Endo CLDN5 SLC7A5,Endo CLDN5 SLC7A5,Neuron,10.762331838565023,Pyramidal cells,9.411764705882355,Excitatory neuron,8.823529411764705
1411,Endo CLDN5 SLC7A5,Endo CLDN5 SLC7A5,Neuron,10.762331838565023,Pyramidal cells,9.411764705882355,Excitatory neuron,8.823529411764705
1412,Oligo MOG OPALIN,Oligo MOG OPALIN,Oligodendrocyte,7.725321888412016,Mature oligodendrocyte,7.2727272727272725,Oligodendrocytes,7.246376811594203
1413,Endo CLDN5 SLC7A5,Endo CLDN5 SLC7A5,Neuron,10.762331838565023,Pyramidal cells,9.411764705882355,Excitatory neuron,8.823529411764705
1414,OPC PDGFRA PCDH15,OPC PDGFRA PCDH15,Oligodendrocyte precursor cell,22.22222222222222,Oligodendrocyte progenitor cells,15.384615384615383,Oligodendrocyte,13.733905579399142
1415,Astro AQP4 SLC1A2,Astro AQP4 SLC1A2,Astrocyte,9.266409266409266,Bergmann glia,6.593406593406592,Astrocytes,5.309734513274336
1416,Endo CLDN5 SLC7A5,Endo CLDN5 SLC7A5,Neuron,10.762331838565023,Pyramidal cells,9.411764705882355,Excitatory neuron,8.823529411764705
1417,Endo CLDN5 SLC7A5,Endo CLDN5 SLC7A5,Neuron,10.762331838565023,Pyramidal cells,9.411764705882355,Excitatory neuron,8.823529411764705
1418,Endo CLDN5 SLC7A5,Endo CLDN5 SLC7A5,Neuron,10.762331838565023,Pyramidal cells,9.411764705882355,Excitatory neuron,8.823529411764705
1419,Endo CLDN5 SLC7A5,Endo CLDN5 SLC7A5,Neuron,10.762331838565023,Pyramidal cells,9.411764705882355,Excitatory neuron,8.823529411764705
1420,Oligo MOG OPALIN,Oligo MOG OPALIN,Oligodendrocyte,7.725321888412016,Mature oligodendrocyte,7.2727272727272725,Oligodendrocytes,7.246376811594203
1421,Oligo MOG OPALIN,Oligo MOG OPALIN,Oligodendrocyte,7.725321888412016,Mature oligodendrocyte,7.2727272727272725,Oligodendrocytes,7.246376811594203
1422,Endo CLDN5 SLC7A5,Endo CLDN5 SLC7A5,Neuron,10.762331838565023,Pyramidal cells,9.411764705882355,Excitatory neuron,8.823529411764705
1423,L6 OPRK1 THEMIS RGS6,L6 OPRK1 THEMIS RGS6,Cajal-retzius cells,6.25,Purkinje neurons,3.669724770642202,Somatostatin interneuron,3.6363636363636362
1424,Endo CLDN5 SLC7A5,Endo CLDN5 SLC7A5,Neuron,10.762331838565023,Pyramidal cells,9.411764705882355,Excitatory neuron,8.823529411764705
1425,Oligo MOG OPALIN,Oligo MOG OPALIN,Oligodendrocyte,7.725321888412016,Mature oligodendrocyte,7.2727272727272725,Oligodendrocytes,7.246376811594203
1426,Endo CLDN5 SLC7A5,Endo CLDN5 SLC7A5,Neuron,10.762331838565023,Pyramidal cells,9.411764705882355,Excitatory neuron,8.823529411764705
1427,Endo CLDN5 SLC7A5,Endo CLDN5 SLC7A5,Neuron,10.762331838565023,Pyramidal cells,9.411764705882355,Excitatory neuron,8.823529411764705
1428,Oligo MOG OPALIN,Oligo MOG OPALIN,Oligodendrocyte,7.725321888412016,Mature oligodendrocyte,7.2727272727272725,Oligodendrocytes,7.246376811594203
1429,Oligo MOG OPALIN,Oligo MOG OPALIN,Oligodendrocyte,7.725321888412016,Mature oligodendrocyte,7.2727272727272725,Oligodendrocytes,7.246376811594203
1430,Endo CLDN5 SLC7A5,Endo CLDN5 SLC7A5,Neuron,10.762331838565023,Pyramidal cells,9.411764705882355,Excitatory neuron,8.823529411764705
1431,Oligo MOG OPALIN,Oligo MOG OPALIN,Oligodendrocyte,7.725321888412016,Mature oligodendrocyte,7.2727272727272725,Oligodendrocytes,7.246376811594203
1432,Endo CLDN5 SLC7A5,Endo CLDN5 SLC7A5,Neuron,10.762331838565023,Pyramidal cells,9.411764705882355,Excitatory neuron,8.823529411764705
1433,Oligo MOG OPALIN,Oligo MOG OPALIN,Oligodendrocyte,7.725321888412016,Mature oligodendrocyte,7.2727272727272725,Oligodendrocytes,7.246376811594203
1434,Endo CLDN5 SLC7A5,Endo CLDN5 SLC7A5,Neuron,10.762331838565023,Pyramidal cells,9.411764705882355,Excitatory neuron,8.823529411764705
1435,L6 OPRK1 THEMIS RGS6,L6 OPRK1 THEMIS RGS6,Cajal-retzius cells,6.25,Purkinje neurons,3.669724770642202,Somatostatin interneuron,3.6363636363636362
1436,Endo CLDN5 SLC7A5,Endo CLDN5 SLC7A5,Neuron,10.762331838565023,Pyramidal cells,9.411764705882355,Excitatory neuron,8.823529411764705
1437,Oligo MOG OPALIN,Oligo MOG OPALIN,Oligodendrocyte,7.725321888412016,Mature oligodendrocyte,7.2727272727272725,Oligodendrocytes,7.246376811594203
1438,Oligo MOG OPALIN,Oligo MOG OPALIN,Oligodendrocyte,7.725321888412016,Mature oligodendrocyte,7.2727272727272725,Oligodendrocytes,7.246376811594203
1439,Endo CLDN5 SLC7A5,Endo CLDN5 SLC7A5,Neuron,10.762331838565023,Pyramidal cells,9.411764705882355,Excitatory neuron,8.823529411764705
1440,Endo CLDN5 SLC7A5,Endo CLDN5 SLC7A5,Neuron,10.762331838565023,Pyramidal cells,9.411764705882355,Excitatory neuron,8.823529411764705
1441,Oligo MOG OPALIN,Oligo MOG OPALIN,Oligodendrocyte,7.725321888412016,Mature oligodendrocyte,7.2727272727272725,Oligodendrocytes,7.246376811594203
1442,Oligo MOG OPALIN,Oligo MOG OPALIN,Oligodendrocyte,7.725321888412016,Mature oligodendrocyte,7.2727272727272725,Oligodendrocytes,7.246376811594203
1443,Oligo MOG OPALIN,Oligo MOG OPALIN,Oligodendrocyte,7.725321888412016,Mature oligodendrocyte,7.2727272727272725,Oligodendrocytes,7.246376811594203
1444,Endo CLDN5 SLC7A5,Endo CLDN5 SLC7A5,Neuron,10.762331838565023,Pyramidal cells,9.411764705882355,Excitatory neuron,8.823529411764705
1445,Endo CLDN5 SLC7A5,Endo CLDN5 SLC7A5,Neuron,10.762331838565023,Pyramidal cells,9.411764705882355,Excitatory neuron,8.823529411764705
1446,Endo CLDN5 SLC7A5,Endo CLDN5 SLC7A5,Neuron,10.762331838565023,Pyramidal cells,9.411764705882355,Excitatory neuron,8.823529411764705
1447,Endo CLDN5 SLC7A5,Endo CLDN5 SLC7A5,Neuron,10.762331838565023,Pyramidal cells,9.411764705882355,Excitatory neuron,8.823529411764705
1448,Endo CLDN5 SLC7A5,Endo CLDN5 SLC7A5,Neuron,10.762331838565023,Pyramidal cells,9.411764705882355,Excitatory neuron,8.823529411764705
1449,Endo CLDN5 SLC7A5,Endo CLDN5 SLC7A5,Neuron,10.762331838565023,Pyramidal cells,9.411764705882355,Excitatory neuron,8.823529411764705
1450,Endo CLDN5 SLC7A5,Endo CLDN5 SLC7A5,Neuron,10.762331838565023,Pyramidal cells,9.411764705882355,Excitatory neuron,8.823529411764705
1451,Endo CLDN5 SLC7A5,Endo CLDN5 SLC7A5,Neuron,10.762331838565023,Pyramidal cells,9.411764705882355,Excitatory neuron,8.823529411764705
1452,Endo CLDN5 SLC7A5,Endo CLDN5 SLC7A5,Neuron,10.762331838565023,Pyramidal cells,9.411764705882355,Excitatory neuron,8.823529411764705
1453,Oligo MOG OPALIN,Oligo MOG OPALIN,Oligodendrocyte,7.725321888412016,Mature oligodendrocyte,7.2727272727272725,Oligodendrocytes,7.246376811594203
1454,Endo CLDN5 SLC7A5,Endo CLDN5 SLC7A5,Neuron,10.762331838565023,Pyramidal cells,9.411764705882355,Excitatory neuron,8.823529411764705
1455,Endo CLDN5 SLC7A5,Endo CLDN5 SLC7A5,Neuron,10.762331838565023,Pyramidal cells,9.411764705882355,Excitatory neuron,8.823529411764705
1456,Oligo MOG OPALIN,Oligo MOG OPALIN,Oligodendrocyte,7.725321888412016,Mature oligodendrocyte,7.2727272727272725,Oligodendrocytes,7.246376811594203
1457,Micro P2RY12 APBB1IP,Micro P2RY12 APBB1IP,Microglia,9.917355371900827,Lake et al.science.ex8,5.5045871559633035,Microglial-specific cell,3.8461538461538463
1458,Oligo MOG OPALIN,Oligo MOG OPALIN,Oligodendrocyte,7.725321888412016,Mature oligodendrocyte,7.2727272727272725,Oligodendrocytes,7.246376811594203
1459,InN SST STK32A,InN SST STK32A,Purkinje neurons,11.009174311926607,Bergmann glia,6.593406593406592,Neuron,5.381165919282512
1460,Oligo MOG OPALIN,Oligo MOG OPALIN,Oligodendrocyte,7.725321888412016,Mature oligodendrocyte,7.2727272727272725,Oligodendrocytes,7.246376811594203
1461,Oligo MOG OPALIN,Oligo MOG OPALIN,Oligodendrocyte,7.725321888412016,Mature oligodendrocyte,7.2727272727272725,Oligodendrocytes,7.246376811594203
1462,Oligo MOG OPALIN,Oligo MOG OPALIN,Oligodendrocyte,7.725321888412016,Mature oligodendrocyte,7.2727272727272725,Oligodendrocytes,7.246376811594203
1463,Oligo MOG OPALIN,Oligo MOG OPALIN,Oligodendrocyte,7.725321888412016,Mature oligodendrocyte,7.2727272727272725,Oligodendrocytes,7.246376811594203
1464,Oligo MOG OPALIN,Oligo MOG OPALIN,Oligodendrocyte,7.725321888412016,Mature oligodendrocyte,7.2727272727272725,Oligodendrocytes,7.246376811594203
1465,Oligo MOG OPALIN,Oligo MOG OPALIN,Oligodendrocyte,7.725321888412016,Mature oligodendrocyte,7.2727272727272725,Oligodendrocytes,7.246376811594203
1466,Micro P2RY12 APBB1IP,Micro P2RY12 APBB1IP,Microglia,9.917355371900827,Lake et al.science.ex8,5.5045871559633035,Microglial-specific cell,3.8461538461538463
1467,InN SST STK32A,InN SST STK32A,Purkinje neurons,11.009174311926607,Bergmann glia,6.593406593406592,Neuron,5.381165919282512
1468,Oligo MOG OPALIN,Oligo MOG OPALIN,Oligodendrocyte,7.725321888412016,Mature oligodendrocyte,7.2727272727272725,Oligodendrocytes,7.246376811594203
1469,Endo CLDN5 SLC7A5,Endo CLDN5 SLC7A5,Neuron,10.762331838565023,Pyramidal cells,9.411764705882355,Excitatory neuron,8.823529411764705
1470,Oligo MOG OPALIN,Oligo MOG OPALIN,Oligodendrocyte,7.725321888412016,Mature oligodendrocyte,7.2727272727272725,Oligodendrocytes,7.246376811594203
1471,Astro AQP4 SLC1A2,Astro AQP4 SLC1A2,Astrocyte,9.266409266409266,Bergmann glia,6.593406593406592,Astrocytes,5.309734513274336
1472,Endo CLDN5 SLC7A5,Endo CLDN5 SLC7A5,Neuron,10.762331838565023,Pyramidal cells,9.411764705882355,Excitatory neuron,8.823529411764705
1473,Endo CLDN5 SLC7A5,Endo CLDN5 SLC7A5,Neuron,10.762331838565023,Pyramidal cells,9.411764705882355,Excitatory neuron,8.823529411764705
1474,Endo CLDN5 SLC7A5,Endo CLDN5 SLC7A5,Neuron,10.762331838565023,Pyramidal cells,9.411764705882355,Excitatory neuron,8.823529411764705
1475,Endo CLDN5 SLC7A5,Endo CLDN5 SLC7A5,Neuron,10.762331838565023,Pyramidal cells,9.411764705882355,Excitatory neuron,8.823529411764705
1476,Endo CLDN5 SLC7A5,Endo CLDN5 SLC7A5,Neuron,10.762331838565023,Pyramidal cells,9.411764705882355,Excitatory neuron,8.823529411764705
1477,Oligo MOG OPALIN,Oligo MOG OPALIN,Oligodendrocyte,7.725321888412016,Mature oligodendrocyte,7.2727272727272725,Oligodendrocytes,7.246376811594203
1478,Endo CLDN5 SLC7A5,Endo CLDN5 SLC7A5,Neuron,10.762331838565023,Pyramidal cells,9.411764705882355,Excitatory neuron,8.823529411764705
1479,Endo CLDN5 SLC7A5,Endo CLDN5 SLC7A5,Neuron,10.762331838565023,Pyramidal cells,9.411764705882355,Excitatory neuron,8.823529411764705
1480,Oligo MOG OPALIN,Oligo MOG OPALIN,Oligodendrocyte,7.725321888412016,Mature oligodendrocyte,7.2727272727272725,Oligodendrocytes,7.246376811594203
1481,Endo CLDN5 SLC7A5,Endo CLDN5 SLC7A5,Neuron,10.762331838565023,Pyramidal cells,9.411764705882355,Excitatory neuron,8.823529411764705
1482,Oligo MOG OPALIN,Oligo MOG OPALIN,Oligodendrocyte,7.725321888412016,Mature oligodendrocyte,7.2727272727272725,Oligodendrocytes,7.246376811594203
1483,Endo CLDN5 SLC7A5,Endo CLDN5 SLC7A5,Neuron,10.762331838565023,Pyramidal cells,9.411764705882355,Excitatory neuron,8.823529411764705
1484,L6 OPRK1 THEMIS RGS6,L6 OPRK1 THEMIS RGS6,Cajal-retzius cells,6.25,Purkinje neurons,3.669724770642202,Somatostatin interneuron,3.6363636363636362
1485,Endo CLDN5 SLC7A5,Endo CLDN5 SLC7A5,Neuron,10.762331838565023,Pyramidal cells,9.411764705882355,Excitatory neuron,8.823529411764705
1486,Endo CLDN5 SLC7A5,Endo CLDN5 SLC7A5,Neuron,10.762331838565023,Pyramidal cells,9.411764705882355,Excitatory neuron,8.823529411764705
1487,Endo CLDN5 SLC7A5,Endo CLDN5 SLC7A5,Neuron,10.762331838565023,Pyramidal cells,9.411764705882355,Excitatory neuron,8.823529411764705
1488,Astro AQP4 SLC1A2,Astro AQP4 SLC1A2,Astrocyte,9.266409266409266,Bergmann glia,6.593406593406592,Astrocytes,5.309734513274336
1489,Endo CLDN5 SLC7A5,Endo CLDN5 SLC7A5,Neuron,10.762331838565023,Pyramidal cells,9.411764705882355,Excitatory neuron,8.823529411764705
1490,Endo CLDN5 SLC7A5,Endo CLDN5 SLC7A5,Neuron,10.762331838565023,Pyramidal cells,9.411764705882355,Excitatory neuron,8.823529411764705
1491,Oligo MOG OPALIN,Oligo MOG OPALIN,Oligodendrocyte,7.725321888412016,Mature oligodendrocyte,7.2727272727272725,Oligodendrocytes,7.246376811594203
1492,Oligo MOG OPALIN,Oligo MOG OPALIN,Oligodendrocyte,7.725321888412016,Mature oligodendrocyte,7.2727272727272725,Oligodendrocytes,7.246376811594203
1493,Oligo MOG OPALIN,Oligo MOG OPALIN,Oligodendrocyte,7.725321888412016,Mature oligodendrocyte,7.2727272727272725,Oligodendrocytes,7.246376811594203
1494,Astro AQP4 SLC1A2,Astro AQP4 SLC1A2,Astrocyte,9.266409266409266,Bergmann glia,6.593406593406592,Astrocytes,5.309734513274336
1495,Endo CLDN5 SLC7A5,Endo CLDN5 SLC7A5,Neuron,10.762331838565023,Pyramidal cells,9.411764705882355,Excitatory neuron,8.823529411764705
1496,Endo CLDN5 SLC7A5,Endo CLDN5 SLC7A5,Neuron,10.762331838565023,Pyramidal cells,9.411764705882355,Excitatory neuron,8.823529411764705
1497,Endo CLDN5 SLC7A5,Endo CLDN5 SLC7A5,Neuron,10.762331838565023,Pyramidal cells,9.411764705882355,Excitatory neuron,8.823529411764705
1498,Oligo MOG OPALIN,Oligo MOG OPALIN,Oligodendrocyte,7.725321888412016,Mature oligodendrocyte,7.2727272727272725,Oligodendrocytes,7.246376811594203
1499,Endo CLDN5 SLC7A5,Endo CLDN5 SLC7A5,Neuron,10.762331838565023,Pyramidal cells,9.411764705882355,Excitatory neuron,8.823529411764705
1500,Astro AQP4 SLC1A2,Astro AQP4 SLC1A2,Astrocyte,9.266409266409266,Bergmann glia,6.593406593406592,Astrocytes,5.309734513274336
1501,Endo CLDN5 SLC7A5,Endo CLDN5 SLC7A5,Neuron,10.762331838565023,Pyramidal cells,9.411764705882355,Excitatory neuron,8.823529411764705
1502,Endo CLDN5 SLC7A5,Endo CLDN5 SLC7A5,Neuron,10.762331838565023,Pyramidal cells,9.411764705882355,Excitatory neuron,8.823529411764705
1503,Oligo MOG OPALIN,Oligo MOG OPALIN,Oligodendrocyte,7.725321888412016,Mature oligodendrocyte,7.2727272727272725,Oligodendrocytes,7.246376811594203
1504,Endo CLDN5 SLC7A5,Endo CLDN5 SLC7A5,Neuron,10.762331838565023,Pyramidal cells,9.411764705882355,Excitatory neuron,8.823529411764705
1505,Oligo MOG OPALIN,Oligo MOG OPALIN,Oligodendrocyte,7.725321888412016,Mature oligodendrocyte,7.2727272727272725,Oligodendrocytes,7.246376811594203
1506,Oligo MOG OPALIN,Oligo MOG OPALIN,Oligodendrocyte,7.725321888412016,Mature oligodendrocyte,7.2727272727272725,Oligodendrocytes,7.246376811594203
1507,Endo CLDN5 SLC7A5,Endo CLDN5 SLC7A5,Neuron,10.762331838565023,Pyramidal cells,9.411764705882355,Excitatory neuron,8.823529411764705
1508,PC P2RY14 GRM8,PC P2RY14 GRM8,Endothelial cell,5.128205128205128,Lake et al.science.ex6,4.761904761904763,Astrocytes,3.5398230088495577
1509,Endo CLDN5 SLC7A5,Endo CLDN5 SLC7A5,Neuron,10.762331838565023,Pyramidal cells,9.411764705882355,Excitatory neuron,8.823529411764705
1510,Astro AQP4 SLC1A2,Astro AQP4 SLC1A2,Astrocyte,9.266409266409266,Bergmann glia,6.593406593406592,Astrocytes,5.309734513274336
1511,Endo CLDN5 SLC7A5,Endo CLDN5 SLC7A5,Neuron,10.762331838565023,Pyramidal cells,9.411764705882355,Excitatory neuron,8.823529411764705
1512,Endo CLDN5 SLC7A5,Endo CLDN5 SLC7A5,Neuron,10.762331838565023,Pyramidal cells,9.411764705882355,Excitatory neuron,8.823529411764705
1513,Endo CLDN5 SLC7A5,Endo CLDN5 SLC7A5,Neuron,10.762331838565023,Pyramidal cells,9.411764705882355,Excitatory neuron,8.823529411764705
1514,L6 OPRK1 THEMIS RGS6,L6 OPRK1 THEMIS RGS6,Cajal-retzius cells,6.25,Purkinje neurons,3.669724770642202,Somatostatin interneuron,3.6363636363636362
1515,Endo CLDN5 SLC7A5,Endo CLDN5 SLC7A5,Neuron,10.762331838565023,Pyramidal cells,9.411764705882355,Excitatory neuron,8.823529411764705
1516,Endo CLDN5 SLC7A5,Endo CLDN5 SLC7A5,Neuron,10.762331838565023,Pyramidal cells,9.411764705882355,Excitatory neuron,8.823529411764705
1517,Oligo MOG OPALIN,Oligo MOG OPALIN,Oligodendrocyte,7.725321888412016,Mature oligodendrocyte,7.2727272727272725,Oligodendrocytes,7.246376811594203
1518,Oligo MOG OPALIN,Oligo MOG OPALIN,Oligodendrocyte,7.725321888412016,Mature oligodendrocyte,7.2727272727272725,Oligodendrocytes,7.246376811594203
1519,Endo CLDN5 SLC7A5,Endo CLDN5 SLC7A5,Neuron,10.762331838565023,Pyramidal cells,9.411764705882355,Excitatory neuron,8.823529411764705
1520,InN SST STK32A,InN SST STK32A,Purkinje neurons,11.009174311926607,Bergmann glia,6.593406593406592,Neuron,5.381165919282512
1521,Oligo MOG OPALIN,Oligo MOG OPALIN,Oligodendrocyte,7.725321888412016,Mature oligodendrocyte,7.2727272727272725,Oligodendrocytes,7.246376811594203
1522,Endo CLDN5 SLC7A5,Endo CLDN5 SLC7A5,Neuron,10.762331838565023,Pyramidal cells,9.411764705882355,Excitatory neuron,8.823529411764705
1523,Oligo MOG OPALIN,Oligo MOG OPALIN,Oligodendrocyte,7.725321888412016,Mature oligodendrocyte,7.2727272727272725,Oligodendrocytes,7.246376811594203
1524,Oligo MOG OPALIN,Oligo MOG OPALIN,Oligodendrocyte,7.725321888412016,Mature oligodendrocyte,7.2727272727272725,Oligodendrocytes,7.246376811594203
1525,PC P2RY14 GRM8,PC P2RY14 GRM8,Endothelial cell,5.128205128205128,Lake et al.science.ex6,4.761904761904763,Astrocytes,3.5398230088495577
1526,Oligo MOG OPALIN,Oligo MOG OPALIN,Oligodendrocyte,7.725321888412016,Mature oligodendrocyte,7.2727272727272725,Oligodendrocytes,7.246376811594203
1527,Endo CLDN5 SLC7A5,Endo CLDN5 SLC7A5,Neuron,10.762331838565023,Pyramidal cells,9.411764705882355,Excitatory neuron,8.823529411764705
1528,Endo CLDN5 SLC7A5,Endo CLDN5 SLC7A5,Neuron,10.762331838565023,Pyramidal cells,9.411764705882355,Excitatory neuron,8.823529411764705
1529,Endo CLDN5 SLC7A5,Endo CLDN5 SLC7A5,Neuron,10.762331838565023,Pyramidal cells,9.411764705882355,Excitatory neuron,8.823529411764705
1530,Oligo MOG OPALIN,Oligo MOG OPALIN,Oligodendrocyte,7.725321888412016,Mature oligodendrocyte,7.2727272727272725,Oligodendrocytes,7.246376811594203
1531,Endo CLDN5 SLC7A5,Endo CLDN5 SLC7A5,Neuron,10.762331838565023,Pyramidal cells,9.411764705882355,Excitatory neuron,8.823529411764705
1532,Oligo MOG OPALIN,Oligo MOG OPALIN,Oligodendrocyte,7.725321888412016,Mature oligodendrocyte,7.2727272727272725,Oligodendrocytes,7.246376811594203
1533,Oligo MOG OPALIN,Oligo MOG OPALIN,Oligodendrocyte,7.725321888412016,Mature oligodendrocyte,7.2727272727272725,Oligodendrocytes,7.246376811594203
1534,PC P2RY14 GRM8,PC P2RY14 GRM8,Endothelial cell,5.128205128205128,Lake et al.science.ex6,4.761904761904763,Astrocytes,3.5398230088495577
1535,Astro AQP4 SLC1A2,Astro AQP4 SLC1A2,Astrocyte,9.266409266409266,Bergmann glia,6.593406593406592,Astrocytes,5.309734513274336
1536,Endo CLDN5 SLC7A5,Endo CLDN5 SLC7A5,Neuron,10.762331838565023,Pyramidal cells,9.411764705882355,Excitatory neuron,8.823529411764705
1537,Endo CLDN5 SLC7A5,Endo CLDN5 SLC7A5,Neuron,10.762331838565023,Pyramidal cells,9.411764705882355,Excitatory neuron,8.823529411764705
1538,Micro P2RY12 APBB1IP,Micro P2RY12 APBB1IP,Microglia,9.917355371900827,Lake et al.science.ex8,5.5045871559633035,Microglial-specific cell,3.8461538461538463
1539,Endo CLDN5 SLC7A5,Endo CLDN5 SLC7A5,Neuron,10.762331838565023,Pyramidal cells,9.411764705882355,Excitatory neuron,8.823529411764705
1540,Oligo MOG OPALIN,Oligo MOG OPALIN,Oligodendrocyte,7.725321888412016,Mature oligodendrocyte,7.2727272727272725,Oligodendrocytes,7.246376811594203
1541,Astro AQP4 SLC1A2,Astro AQP4 SLC1A2,Astrocyte,9.266409266409266,Bergmann glia,6.593406593406592,Astrocytes,5.309734513274336
1542,Oligo MOG OPALIN,Oligo MOG OPALIN,Oligodendrocyte,7.725321888412016,Mature oligodendrocyte,7.2727272727272725,Oligodendrocytes,7.246376811594203
1543,Astro AQP4 SLC1A2,Astro AQP4 SLC1A2,Astrocyte,9.266409266409266,Bergmann glia,6.593406593406592,Astrocytes,5.309734513274336
1544,L6 OPRK1 THEMIS RGS6,L6 OPRK1 THEMIS RGS6,Cajal-retzius cells,6.25,Purkinje neurons,3.669724770642202,Somatostatin interneuron,3.6363636363636362
1545,Endo CLDN5 SLC7A5,Endo CLDN5 SLC7A5,Neuron,10.762331838565023,Pyramidal cells,9.411764705882355,Excitatory neuron,8.823529411764705
1546,Endo CLDN5 SLC7A5,Endo CLDN5 SLC7A5,Neuron,10.762331838565023,Pyramidal cells,9.411764705882355,Excitatory neuron,8.823529411764705
1547,Oligo MOG OPALIN,Oligo MOG OPALIN,Oligodendrocyte,7.725321888412016,Mature oligodendrocyte,7.2727272727272725,Oligodendrocytes,7.246376811594203
1548,InN SST STK32A,InN SST STK32A,Purkinje neurons,11.009174311926607,Bergmann glia,6.593406593406592,Neuron,5.381165919282512
1549,OPC PDGFRA PCDH15,OPC PDGFRA PCDH15,Oligodendrocyte precursor cell,22.22222222222222,Oligodendrocyte progenitor cells,15.384615384615383,Oligodendrocyte,13.733905579399142
1550,Endo CLDN5 SLC7A5,Endo CLDN5 SLC7A5,Neuron,10.762331838565023,Pyramidal cells,9.411764705882355,Excitatory neuron,8.823529411764705
1551,Astro AQP4 SLC1A2,Astro AQP4 SLC1A2,Astrocyte,9.266409266409266,Bergmann glia,6.593406593406592,Astrocytes,5.309734513274336
1552,Endo CLDN5 SLC7A5,Endo CLDN5 SLC7A5,Neuron,10.762331838565023,Pyramidal cells,9.411764705882355,Excitatory neuron,8.823529411764705
1553,Endo CLDN5 SLC7A5,Endo CLDN5 SLC7A5,Neuron,10.762331838565023,Pyramidal cells,9.411764705882355,Excitatory neuron,8.823529411764705
1554,InN SST STK32A,InN SST STK32A,Purkinje neurons,11.009174311926607,Bergmann glia,6.593406593406592,Neuron,5.381165919282512
1555,Astro AQP4 SLC1A2,Astro AQP4 SLC1A2,Astrocyte,9.266409266409266,Bergmann glia,6.593406593406592,Astrocytes,5.309734513274336
1556,Endo CLDN5 SLC7A5,Endo CLDN5 SLC7A5,Neuron,10.762331838565023,Pyramidal cells,9.411764705882355,Excitatory neuron,8.823529411764705
1557,Oligo MOG OPALIN,Oligo MOG OPALIN,Oligodendrocyte,7.725321888412016,Mature oligodendrocyte,7.2727272727272725,Oligodendrocytes,7.246376811594203
1558,Endo CLDN5 SLC7A5,Endo CLDN5 SLC7A5,Neuron,10.762331838565023,Pyramidal cells,9.411764705882355,Excitatory neuron,8.823529411764705
1559,Oligo MOG OPALIN,Oligo MOG OPALIN,Oligodendrocyte,7.725321888412016,Mature oligodendrocyte,7.2727272727272725,Oligodendrocytes,7.246376811594203
1560,Endo CLDN5 SLC7A5,Endo CLDN5 SLC7A5,Neuron,10.762331838565023,Pyramidal cells,9.411764705882355,Excitatory neuron,8.823529411764705
1561,Endo CLDN5 SLC7A5,Endo CLDN5 SLC7A5,Neuron,10.762331838565023,Pyramidal cells,9.411764705882355,Excitatory neuron,8.823529411764705
1562,Oligo MOG OPALIN,Oligo MOG OPALIN,Oligodendrocyte,7.725321888412016,Mature oligodendrocyte,7.2727272727272725,Oligodendrocytes,7.246376811594203
1563,Astro AQP4 SLC1A2,Astro AQP4 SLC1A2,Astrocyte,9.266409266409266,Bergmann glia,6.593406593406592,Astrocytes,5.309734513274336
1564,Micro P2RY12 APBB1IP,Micro P2RY12 APBB1IP,Microglia,9.917355371900827,Lake et al.science.ex8,5.5045871559633035,Microglial-specific cell,3.8461538461538463
1565,Oligo MOG OPALIN,Oligo MOG OPALIN,Oligodendrocyte,7.725321888412016,Mature oligodendrocyte,7.2727272727272725,Oligodendrocytes,7.246376811594203
1566,Endo CLDN5 SLC7A5,Endo CLDN5 SLC7A5,Neuron,10.762331838565023,Pyramidal cells,9.411764705882355,Excitatory neuron,8.823529411764705
1567,Endo CLDN5 SLC7A5,Endo CLDN5 SLC7A5,Neuron,10.762331838565023,Pyramidal cells,9.411764705882355,Excitatory neuron,8.823529411764705
1568,Oligo MOG OPALIN,Oligo MOG OPALIN,Oligodendrocyte,7.725321888412016,Mature oligodendrocyte,7.2727272727272725,Oligodendrocytes,7.246376811594203
1569,Astro AQP4 SLC1A2,Astro AQP4 SLC1A2,Astrocyte,9.266409266409266,Bergmann glia,6.593406593406592,Astrocytes,5.309734513274336
1570,Oligo MOG OPALIN,Oligo MOG OPALIN,Oligodendrocyte,7.725321888412016,Mature oligodendrocyte,7.2727272727272725,Oligodendrocytes,7.246376811594203
1571,Oligo MOG OPALIN,Oligo MOG OPALIN,Oligodendrocyte,7.725321888412016,Mature oligodendrocyte,7.2727272727272725,Oligodendrocytes,7.246376811594203
1572,Endo CLDN5 SLC7A5,Endo CLDN5 SLC7A5,Neuron,10.762331838565023,Pyramidal cells,9.411764705882355,Excitatory neuron,8.823529411764705
1573,Endo CLDN5 SLC7A5,Endo CLDN5 SLC7A5,Neuron,10.762331838565023,Pyramidal cells,9.411764705882355,Excitatory neuron,8.823529411764705
1574,Oligo MOG OPALIN,Oligo MOG OPALIN,Oligodendrocyte,7.725321888412016,Mature oligodendrocyte,7.2727272727272725,Oligodendrocytes,7.246376811594203
1575,Endo CLDN5 SLC7A5,Endo CLDN5 SLC7A5,Neuron,10.762331838565023,Pyramidal cells,9.411764705882355,Excitatory neuron,8.823529411764705
1576,Endo CLDN5 SLC7A5,Endo CLDN5 SLC7A5,Neuron,10.762331838565023,Pyramidal cells,9.411764705882355,Excitatory neuron,8.823529411764705
1577,Endo CLDN5 SLC7A5,Endo CLDN5 SLC7A5,Neuron,10.762331838565023,Pyramidal cells,9.411764705882355,Excitatory neuron,8.823529411764705
1578,Endo CLDN5 SLC7A5,Endo CLDN5 SLC7A5,Neuron,10.762331838565023,Pyramidal cells,9.411764705882355,Excitatory neuron,8.823529411764705
1579,Endo CLDN5 SLC7A5,Endo CLDN5 SLC7A5,Neuron,10.762331838565023,Pyramidal cells,9.411764705882355,Excitatory neuron,8.823529411764705
1580,Oligo MOG OPALIN,Oligo MOG OPALIN,Oligodendrocyte,7.725321888412016,Mature oligodendrocyte,7.2727272727272725,Oligodendrocytes,7.246376811594203
1581,Endo CLDN5 SLC7A5,Endo CLDN5 SLC7A5,Neuron,10.762331838565023,Pyramidal cells,9.411764705882355,Excitatory neuron,8.823529411764705
1582,Astro AQP4 SLC1A2,Astro AQP4 SLC1A2,Astrocyte,9.266409266409266,Bergmann glia,6.593406593406592,Astrocytes,5.309734513274336
1583,PC P2RY14 GRM8,PC P2RY14 GRM8,Endothelial cell,5.128205128205128,Lake et al.science.ex6,4.761904761904763,Astrocytes,3.5398230088495577
1584,Oligo MOG OPALIN,Oligo MOG OPALIN,Oligodendrocyte,7.725321888412016,Mature oligodendrocyte,7.2727272727272725,Oligodendrocytes,7.246376811594203
1585,Endo CLDN5 SLC7A5,Endo CLDN5 SLC7A5,Neuron,10.762331838565023,Pyramidal cells,9.411764705882355,Excitatory neuron,8.823529411764705
1586,Oligo MOG OPALIN,Oligo MOG OPALIN,Oligodendrocyte,7.725321888412016,Mature oligodendrocyte,7.2727272727272725,Oligodendrocytes,7.246376811594203
1587,Endo CLDN5 SLC7A5,Endo CLDN5 SLC7A5,Neuron,10.762331838565023,Pyramidal cells,9.411764705882355,Excitatory neuron,8.823529411764705
1588,Endo CLDN5 SLC7A5,Endo CLDN5 SLC7A5,Neuron,10.762331838565023,Pyramidal cells,9.411764705882355,Excitatory neuron,8.823529411764705
1589,Oligo MOG OPALIN,Oligo MOG OPALIN,Oligodendrocyte,7.725321888412016,Mature oligodendrocyte,7.2727272727272725,Oligodendrocytes,7.246376811594203
1590,Endo CLDN5 SLC7A5,Endo CLDN5 SLC7A5,Neuron,10.762331838565023,Pyramidal cells,9.411764705882355,Excitatory neuron,8.823529411764705
1591,Oligo MOG OPALIN,Oligo MOG OPALIN,Oligodendrocyte,7.725321888412016,Mature oligodendrocyte,7.2727272727272725,Oligodendrocytes,7.246376811594203
1592,Micro P2RY12 APBB1IP,Micro P2RY12 APBB1IP,Microglia,9.917355371900827,Lake et al.science.ex8,5.5045871559633035,Microglial-specific cell,3.8461538461538463
1593,Endo CLDN5 SLC7A5,Endo CLDN5 SLC7A5,Neuron,10.762331838565023,Pyramidal cells,9.411764705882355,Excitatory neuron,8.823529411764705
1594,Endo CLDN5 SLC7A5,Endo CLDN5 SLC7A5,Neuron,10.762331838565023,Pyramidal cells,9.411764705882355,Excitatory neuron,8.823529411764705
1595,Endo CLDN5 SLC7A5,Endo CLDN5 SLC7A5,Neuron,10.762331838565023,Pyramidal cells,9.411764705882355,Excitatory neuron,8.823529411764705
1596,Endo CLDN5 SLC7A5,Endo CLDN5 SLC7A5,Neuron,10.762331838565023,Pyramidal cells,9.411764705882355,Excitatory neuron,8.823529411764705
1597,Oligo MOG OPALIN,Oligo MOG OPALIN,Oligodendrocyte,7.725321888412016,Mature oligodendrocyte,7.2727272727272725,Oligodendrocytes,7.246376811594203
1598,Oligo MOG OPALIN,Oligo MOG OPALIN,Oligodendrocyte,7.725321888412016,Mature oligodendrocyte,7.2727272727272725,Oligodendrocytes,7.246376811594203
1599,Oligo MOG OPALIN,Oligo MOG OPALIN,Oligodendrocyte,7.725321888412016,Mature oligodendrocyte,7.2727272727272725,Oligodendrocytes,7.246376811594203
1600,Endo CLDN5 SLC7A5,Endo CLDN5 SLC7A5,Neuron,10.762331838565023,Pyramidal cells,9.411764705882355,Excitatory neuron,8.823529411764705
1601,Endo CLDN5 SLC7A5,Endo CLDN5 SLC7A5,Neuron,10.762331838565023,Pyramidal cells,9.411764705882355,Excitatory neuron,8.823529411764705
1602,Endo CLDN5 SLC7A5,Endo CLDN5 SLC7A5,Neuron,10.762331838565023,Pyramidal cells,9.411764705882355,Excitatory neuron,8.823529411764705
1603,Endo CLDN5 SLC7A5,Endo CLDN5 SLC7A5,Neuron,10.762331838565023,Pyramidal cells,9.411764705882355,Excitatory neuron,8.823529411764705
1604,Endo CLDN5 SLC7A5,Endo CLDN5 SLC7A5,Neuron,10.762331838565023,Pyramidal cells,9.411764705882355,Excitatory neuron,8.823529411764705
1605,Oligo MOG OPALIN,Oligo MOG OPALIN,Oligodendrocyte,7.725321888412016,Mature oligodendrocyte,7.2727272727272725,Oligodendrocytes,7.246376811594203
1606,Endo CLDN5 SLC7A5,Endo CLDN5 SLC7A5,Neuron,10.762331838565023,Pyramidal cells,9.411764705882355,Excitatory neuron,8.823529411764705
1607,Endo CLDN5 SLC7A5,Endo CLDN5 SLC7A5,Neuron,10.762331838565023,Pyramidal cells,9.411764705882355,Excitatory neuron,8.823529411764705
1608,Micro P2RY12 APBB1IP,Micro P2RY12 APBB1IP,Microglia,9.917355371900827,Lake et al.science.ex8,5.5045871559633035,Microglial-specific cell,3.8461538461538463
1609,Endo CLDN5 SLC7A5,Endo CLDN5 SLC7A5,Neuron,10.762331838565023,Pyramidal cells,9.411764705882355,Excitatory neuron,8.823529411764705
1610,Endo CLDN5 SLC7A5,Endo CLDN5 SLC7A5,Neuron,10.762331838565023,Pyramidal cells,9.411764705882355,Excitatory neuron,8.823529411764705
1611,Endo CLDN5 SLC7A5,Endo CLDN5 SLC7A5,Neuron,10.762331838565023,Pyramidal cells,9.411764705882355,Excitatory neuron,8.823529411764705
1612,Endo CLDN5 SLC7A5,Endo CLDN5 SLC7A5,Neuron,10.762331838565023,Pyramidal cells,9.411764705882355,Excitatory neuron,8.823529411764705
1613,Endo CLDN5 SLC7A5,Endo CLDN5 SLC7A5,Neuron,10.762331838565023,Pyramidal cells,9.411764705882355,Excitatory neuron,8.823529411764705
1614,Micro P2RY12 APBB1IP,Micro P2RY12 APBB1IP,Microglia,9.917355371900827,Lake et al.science.ex8,5.5045871559633035,Microglial-specific cell,3.8461538461538463
1615,Oligo MOG OPALIN,Oligo MOG OPALIN,Oligodendrocyte,7.725321888412016,Mature oligodendrocyte,7.2727272727272725,Oligodendrocytes,7.246376811594203
1616,Oligo MOG OPALIN,Oligo MOG OPALIN,Oligodendrocyte,7.725321888412016,Mature oligodendrocyte,7.2727272727272725,Oligodendrocytes,7.246376811594203
1617,Oligo MOG OPALIN,Oligo MOG OPALIN,Oligodendrocyte,7.725321888412016,Mature oligodendrocyte,7.2727272727272725,Oligodendrocytes,7.246376811594203
1618,Oligo MOG OPALIN,Oligo MOG OPALIN,Oligodendrocyte,7.725321888412016,Mature oligodendrocyte,7.2727272727272725,Oligodendrocytes,7.246376811594203
1619,Oligo MOG OPALIN,Oligo MOG OPALIN,Oligodendrocyte,7.725321888412016,Mature oligodendrocyte,7.2727272727272725,Oligodendrocytes,7.246376811594203
1620,Oligo MOG OPALIN,Oligo MOG OPALIN,Oligodendrocyte,7.725321888412016,Mature oligodendrocyte,7.2727272727272725,Oligodendrocytes,7.246376811594203
1621,Micro P2RY12 APBB1IP,Micro P2RY12 APBB1IP,Microglia,9.917355371900827,Lake et al.science.ex8,5.5045871559633035,Microglial-specific cell,3.8461538461538463
1622,Oligo MOG OPALIN,Oligo MOG OPALIN,Oligodendrocyte,7.725321888412016,Mature oligodendrocyte,7.2727272727272725,Oligodendrocytes,7.246376811594203
1623,OPC PDGFRA PCDH15,OPC PDGFRA PCDH15,Oligodendrocyte precursor cell,22.22222222222222,Oligodendrocyte progenitor cells,15.384615384615383,Oligodendrocyte,13.733905579399142
1624,Oligo MOG OPALIN,Oligo MOG OPALIN,Oligodendrocyte,7.725321888412016,Mature oligodendrocyte,7.2727272727272725,Oligodendrocytes,7.246376811594203
1625,Endo CLDN5 SLC7A5,Endo CLDN5 SLC7A5,Neuron,10.762331838565023,Pyramidal cells,9.411764705882355,Excitatory neuron,8.823529411764705
1626,Endo CLDN5 SLC7A5,Endo CLDN5 SLC7A5,Neuron,10.762331838565023,Pyramidal cells,9.411764705882355,Excitatory neuron,8.823529411764705
1627,Endo CLDN5 SLC7A5,Endo CLDN5 SLC7A5,Neuron,10.762331838565023,Pyramidal cells,9.411764705882355,Excitatory neuron,8.823529411764705
1628,Endo CLDN5 SLC7A5,Endo CLDN5 SLC7A5,Neuron,10.762331838565023,Pyramidal cells,9.411764705882355,Excitatory neuron,8.823529411764705
1629,Oligo MOG OPALIN,Oligo MOG OPALIN,Oligodendrocyte,7.725321888412016,Mature oligodendrocyte,7.2727272727272725,Oligodendrocytes,7.246376811594203
1630,Endo CLDN5 SLC7A5,Endo CLDN5 SLC7A5,Neuron,10.762331838565023,Pyramidal cells,9.411764705882355,Excitatory neuron,8.823529411764705
1631,Oligo MOG OPALIN,Oligo MOG OPALIN,Oligodendrocyte,7.725321888412016,Mature oligodendrocyte,7.2727272727272725,Oligodendrocytes,7.246376811594203
1632,Oligo MOG OPALIN,Oligo MOG OPALIN,Oligodendrocyte,7.725321888412016,Mature oligodendrocyte,7.2727272727272725,Oligodendrocytes,7.246376811594203
1633,Endo CLDN5 SLC7A5,Endo CLDN5 SLC7A5,Neuron,10.762331838565023,Pyramidal cells,9.411764705882355,Excitatory neuron,8.823529411764705
1634,Endo CLDN5 SLC7A5,Endo CLDN5 SLC7A5,Neuron,10.762331838565023,Pyramidal cells,9.411764705882355,Excitatory neuron,8.823529411764705
1635,Endo CLDN5 SLC7A5,Endo CLDN5 SLC7A5,Neuron,10.762331838565023,Pyramidal cells,9.411764705882355,Excitatory neuron,8.823529411764705
1636,Endo CLDN5 SLC7A5,Endo CLDN5 SLC7A5,Neuron,10.762331838565023,Pyramidal cells,9.411764705882355,Excitatory neuron,8.823529411764705
1637,Oligo MOG OPALIN,Oligo MOG OPALIN,Oligodendrocyte,7.725321888412016,Mature oligodendrocyte,7.2727272727272725,Oligodendrocytes,7.246376811594203
1638,Endo CLDN5 SLC7A5,Endo CLDN5 SLC7A5,Neuron,10.762331838565023,Pyramidal cells,9.411764705882355,Excitatory neuron,8.823529411764705
1639,Endo CLDN5 SLC7A5,Endo CLDN5 SLC7A5,Neuron,10.762331838565023,Pyramidal cells,9.411764705882355,Excitatory neuron,8.823529411764705
1640,L6 OPRK1 THEMIS RGS6,L6 OPRK1 THEMIS RGS6,Cajal-retzius cells,6.25,Purkinje neurons,3.669724770642202,Somatostatin interneuron,3.6363636363636362
1641,Endo CLDN5 SLC7A5,Endo CLDN5 SLC7A5,Neuron,10.762331838565023,Pyramidal cells,9.411764705882355,Excitatory neuron,8.823529411764705
1642,PC P2RY14 GRM8,PC P2RY14 GRM8,Endothelial cell,5.128205128205128,Lake et al.science.ex6,4.761904761904763,Astrocytes,3.5398230088495577
1643,Endo CLDN5 SLC7A5,Endo CLDN5 SLC7A5,Neuron,10.762331838565023,Pyramidal cells,9.411764705882355,Excitatory neuron,8.823529411764705
1644,L6 OPRK1 THEMIS RGS6,L6 OPRK1 THEMIS RGS6,Cajal-retzius cells,6.25,Purkinje neurons,3.669724770642202,Somatostatin interneuron,3.6363636363636362
1645,Micro P2RY12 APBB1IP,Micro P2RY12 APBB1IP,Microglia,9.917355371900827,Lake et al.science.ex8,5.5045871559633035,Microglial-specific cell,3.8461538461538463
1646,Endo CLDN5 SLC7A5,Endo CLDN5 SLC7A5,Neuron,10.762331838565023,Pyramidal cells,9.411764705882355,Excitatory neuron,8.823529411764705
1647,Oligo MOG OPALIN,Oligo MOG OPALIN,Oligodendrocyte,7.725321888412016,Mature oligodendrocyte,7.2727272727272725,Oligodendrocytes,7.246376811594203
1648,L6 OPRK1 THEMIS RGS6,L6 OPRK1 THEMIS RGS6,Cajal-retzius cells,6.25,Purkinje neurons,3.669724770642202,Somatostatin interneuron,3.6363636363636362
1649,Endo CLDN5 SLC7A5,Endo CLDN5 SLC7A5,Neuron,10.762331838565023,Pyramidal cells,9.411764705882355,Excitatory neuron,8.823529411764705
1650,Oligo MOG OPALIN,Oligo MOG OPALIN,Oligodendrocyte,7.725321888412016,Mature oligodendrocyte,7.2727272727272725,Oligodendrocytes,7.246376811594203
1651,InN SST STK32A,InN SST STK32A,Purkinje neurons,11.009174311926607,Bergmann glia,6.593406593406592,Neuron,5.381165919282512
1652,L6 OPRK1 THEMIS RGS6,L6 OPRK1 THEMIS RGS6,Cajal-retzius cells,6.25,Purkinje neurons,3.669724770642202,Somatostatin interneuron,3.6363636363636362
1653,Endo CLDN5 SLC7A5,Endo CLDN5 SLC7A5,Neuron,10.762331838565023,Pyramidal cells,9.411764705882355,Excitatory neuron,8.823529411764705
1654,Endo CLDN5 SLC7A5,Endo CLDN5 SLC7A5,Neuron,10.762331838565023,Pyramidal cells,9.411764705882355,Excitatory neuron,8.823529411764705
1655,Endo CLDN5 SLC7A5,Endo CLDN5 SLC7A5,Neuron,10.762331838565023,Pyramidal cells,9.411764705882355,Excitatory neuron,8.823529411764705
1656,Oligo MOG OPALIN,Oligo MOG OPALIN,Oligodendrocyte,7.725321888412016,Mature oligodendrocyte,7.2727272727272725,Oligodendrocytes,7.246376811594203
1657,Oligo MOG OPALIN,Oligo MOG OPALIN,Oligodendrocyte,7.725321888412016,Mature oligodendrocyte,7.2727272727272725,Oligodendrocytes,7.246376811594203
1658,Oligo MOG OPALIN,Oligo MOG OPALIN,Oligodendrocyte,7.725321888412016,Mature oligodendrocyte,7.2727272727272725,Oligodendrocytes,7.246376811594203
1659,Endo CLDN5 SLC7A5,Endo CLDN5 SLC7A5,Neuron,10.762331838565023,Pyramidal cells,9.411764705882355,Excitatory neuron,8.823529411764705
1660,Oligo MOG OPALIN,Oligo MOG OPALIN,Oligodendrocyte,7.725321888412016,Mature oligodendrocyte,7.2727272727272725,Oligodendrocytes,7.246376811594203
1661,Oligo MOG OPALIN,Oligo MOG OPALIN,Oligodendrocyte,7.725321888412016,Mature oligodendrocyte,7.2727272727272725,Oligodendrocytes,7.246376811594203
1662,Endo CLDN5 SLC7A5,Endo CLDN5 SLC7A5,Neuron,10.762331838565023,Pyramidal cells,9.411764705882355,Excitatory neuron,8.823529411764705
1663,Endo CLDN5 SLC7A5,Endo CLDN5 SLC7A5,Neuron,10.762331838565023,Pyramidal cells,9.411764705882355,Excitatory neuron,8.823529411764705
1664,Micro P2RY12 APBB1IP,Micro P2RY12 APBB1IP,Microglia,9.917355371900827,Lake et al.science.ex8,5.5045871559633035,Microglial-specific cell,3.8461538461538463
1665,Oligo MOG OPALIN,Oligo MOG OPALIN,Oligodendrocyte,7.725321888412016,Mature oligodendrocyte,7.2727272727272725,Oligodendrocytes,7.246376811594203
1666,Endo CLDN5 SLC7A5,Endo CLDN5 SLC7A5,Neuron,10.762331838565023,Pyramidal cells,9.411764705882355,Excitatory neuron,8.823529411764705
1667,Oligo MOG OPALIN,Oligo MOG OPALIN,Oligodendrocyte,7.725321888412016,Mature oligodendrocyte,7.2727272727272725,Oligodendrocytes,7.246376811594203
1668,Oligo MOG OPALIN,Oligo MOG OPALIN,Oligodendrocyte,7.725321888412016,Mature oligodendrocyte,7.2727272727272725,Oligodendrocytes,7.246376811594203
1669,Oligo MOG OPALIN,Oligo MOG OPALIN,Oligodendrocyte,7.725321888412016,Mature oligodendrocyte,7.2727272727272725,Oligodendrocytes,7.246376811594203
1670,Endo CLDN5 SLC7A5,Endo CLDN5 SLC7A5,Neuron,10.762331838565023,Pyramidal cells,9.411764705882355,Excitatory neuron,8.823529411764705
1671,Oligo MOG OPALIN,Oligo MOG OPALIN,Oligodendrocyte,7.725321888412016,Mature oligodendrocyte,7.2727272727272725,Oligodendrocytes,7.246376811594203
1672,Oligo MOG OPALIN,Oligo MOG OPALIN,Oligodendrocyte,7.725321888412016,Mature oligodendrocyte,7.2727272727272725,Oligodendrocytes,7.246376811594203
1673,L6 OPRK1 THEMIS RGS6,L6 OPRK1 THEMIS RGS6,Cajal-retzius cells,6.25,Purkinje neurons,3.669724770642202,Somatostatin interneuron,3.6363636363636362
1674,Oligo MOG OPALIN,Oligo MOG OPALIN,Oligodendrocyte,7.725321888412016,Mature oligodendrocyte,7.2727272727272725,Oligodendrocytes,7.246376811594203
1675,Oligo MOG OPALIN,Oligo MOG OPALIN,Oligodendrocyte,7.725321888412016,Mature oligodendrocyte,7.2727272727272725,Oligodendrocytes,7.246376811594203
1676,Endo CLDN5 SLC7A5,Endo CLDN5 SLC7A5,Neuron,10.762331838565023,Pyramidal cells,9.411764705882355,Excitatory neuron,8.823529411764705
1677,Oligo MOG OPALIN,Oligo MOG OPALIN,Oligodendrocyte,7.725321888412016,Mature oligodendrocyte,7.2727272727272725,Oligodendrocytes,7.246376811594203
1678,Endo CLDN5 SLC7A5,Endo CLDN5 SLC7A5,Neuron,10.762331838565023,Pyramidal cells,9.411764705882355,Excitatory neuron,8.823529411764705
1679,L6 OPRK1 THEMIS RGS6,L6 OPRK1 THEMIS RGS6,Cajal-retzius cells,6.25,Purkinje neurons,3.669724770642202,Somatostatin interneuron,3.6363636363636362
1680,Endo CLDN5 SLC7A5,Endo CLDN5 SLC7A5,Neuron,10.762331838565023,Pyramidal cells,9.411764705882355,Excitatory neuron,8.823529411764705
1681,Micro P2RY12 APBB1IP,Micro P2RY12 APBB1IP,Microglia,9.917355371900827,Lake et al.science.ex8,5.5045871559633035,Microglial-specific cell,3.8461538461538463
1682,Oligo MOG OPALIN,Oligo MOG OPALIN,Oligodendrocyte,7.725321888412016,Mature oligodendrocyte,7.2727272727272725,Oligodendrocytes,7.246376811594203
1683,Endo CLDN5 SLC7A5,Endo CLDN5 SLC7A5,Neuron,10.762331838565023,Pyramidal cells,9.411764705882355,Excitatory neuron,8.823529411764705
1684,Endo CLDN5 SLC7A5,Endo CLDN5 SLC7A5,Neuron,10.762331838565023,Pyramidal cells,9.411764705882355,Excitatory neuron,8.823529411764705
1685,OPC PDGFRA PCDH15,OPC PDGFRA PCDH15,Oligodendrocyte precursor cell,22.22222222222222,Oligodendrocyte progenitor cells,15.384615384615383,Oligodendrocyte,13.733905579399142
1686,PC P2RY14 GRM8,PC P2RY14 GRM8,Endothelial cell,5.128205128205128,Lake et al.science.ex6,4.761904761904763,Astrocytes,3.5398230088495577
1687,Micro P2RY12 APBB1IP,Micro P2RY12 APBB1IP,Microglia,9.917355371900827,Lake et al.science.ex8,5.5045871559633035,Microglial-specific cell,3.8461538461538463
1688,Oligo MOG OPALIN,Oligo MOG OPALIN,Oligodendrocyte,7.725321888412016,Mature oligodendrocyte,7.2727272727272725,Oligodendrocytes,7.246376811594203
1689,L6 OPRK1 THEMIS RGS6,L6 OPRK1 THEMIS RGS6,Cajal-retzius cells,6.25,Purkinje neurons,3.669724770642202,Somatostatin interneuron,3.6363636363636362
1690,Oligo MOG OPALIN,Oligo MOG OPALIN,Oligodendrocyte,7.725321888412016,Mature oligodendrocyte,7.2727272727272725,Oligodendrocytes,7.246376811594203
1691,Endo CLDN5 SLC7A5,Endo CLDN5 SLC7A5,Neuron,10.762331838565023,Pyramidal cells,9.411764705882355,Excitatory neuron,8.823529411764705
1692,Astro AQP4 SLC1A2,Astro AQP4 SLC1A2,Astrocyte,9.266409266409266,Bergmann glia,6.593406593406592,Astrocytes,5.309734513274336
1693,Oligo MOG OPALIN,Oligo MOG OPALIN,Oligodendrocyte,7.725321888412016,Mature oligodendrocyte,7.2727272727272725,Oligodendrocytes,7.246376811594203
1694,Oligo MOG OPALIN,Oligo MOG OPALIN,Oligodendrocyte,7.725321888412016,Mature oligodendrocyte,7.2727272727272725,Oligodendrocytes,7.246376811594203
1695,PC P2RY14 GRM8,PC P2RY14 GRM8,Endothelial cell,5.128205128205128,Lake et al.science.ex6,4.761904761904763,Astrocytes,3.5398230088495577
1696,Oligo MOG OPALIN,Oligo MOG OPALIN,Oligodendrocyte,7.725321888412016,Mature oligodendrocyte,7.2727272727272725,Oligodendrocytes,7.246376811594203
1697,Astro AQP4 SLC1A2,Astro AQP4 SLC1A2,Astrocyte,9.266409266409266,Bergmann glia,6.593406593406592,Astrocytes,5.309734513274336
1698,Endo CLDN5 SLC7A5,Endo CLDN5 SLC7A5,Neuron,10.762331838565023,Pyramidal cells,9.411764705882355,Excitatory neuron,8.823529411764705
1699,Oligo MOG OPALIN,Oligo MOG OPALIN,Oligodendrocyte,7.725321888412016,Mature oligodendrocyte,7.2727272727272725,Oligodendrocytes,7.246376811594203
1700,PC P2RY14 GRM8,PC P2RY14 GRM8,Endothelial cell,5.128205128205128,Lake et al.science.ex6,4.761904761904763,Astrocytes,3.5398230088495577
1701,L6 OPRK1 THEMIS RGS6,L6 OPRK1 THEMIS RGS6,Cajal-retzius cells,6.25,Purkinje neurons,3.669724770642202,Somatostatin interneuron,3.6363636363636362
1702,Astro AQP4 SLC1A2,Astro AQP4 SLC1A2,Astrocyte,9.266409266409266,Bergmann glia,6.593406593406592,Astrocytes,5.309734513274336
1703,Oligo MOG OPALIN,Oligo MOG OPALIN,Oligodendrocyte,7.725321888412016,Mature oligodendrocyte,7.2727272727272725,Oligodendrocytes,7.246376811594203
1704,Oligo MOG OPALIN,Oligo MOG OPALIN,Oligodendrocyte,7.725321888412016,Mature oligodendrocyte,7.2727272727272725,Oligodendrocytes,7.246376811594203
1705,Endo CLDN5 SLC7A5,Endo CLDN5 SLC7A5,Neuron,10.762331838565023,Pyramidal cells,9.411764705882355,Excitatory neuron,8.823529411764705
1706,Endo CLDN5 SLC7A5,Endo CLDN5 SLC7A5,Neuron,10.762331838565023,Pyramidal cells,9.411764705882355,Excitatory neuron,8.823529411764705
1707,Endo CLDN5 SLC7A5,Endo CLDN5 SLC7A5,Neuron,10.762331838565023,Pyramidal cells,9.411764705882355,Excitatory neuron,8.823529411764705
1708,Endo CLDN5 SLC7A5,Endo CLDN5 SLC7A5,Neuron,10.762331838565023,Pyramidal cells,9.411764705882355,Excitatory neuron,8.823529411764705
1709,Endo CLDN5 SLC7A5,Endo CLDN5 SLC7A5,Neuron,10.762331838565023,Pyramidal cells,9.411764705882355,Excitatory neuron,8.823529411764705
1710,Oligo MOG OPALIN,Oligo MOG OPALIN,Oligodendrocyte,7.725321888412016,Mature oligodendrocyte,7.2727272727272725,Oligodendrocytes,7.246376811594203
1711,Endo CLDN5 SLC7A5,Endo CLDN5 SLC7A5,Neuron,10.762331838565023,Pyramidal cells,9.411764705882355,Excitatory neuron,8.823529411764705
1712,Endo CLDN5 SLC7A5,Endo CLDN5 SLC7A5,Neuron,10.762331838565023,Pyramidal cells,9.411764705882355,Excitatory neuron,8.823529411764705
1713,Oligo MOG OPALIN,Oligo MOG OPALIN,Oligodendrocyte,7.725321888412016,Mature oligodendrocyte,7.2727272727272725,Oligodendrocytes,7.246376811594203
1714,Micro P2RY12 APBB1IP,Micro P2RY12 APBB1IP,Microglia,9.917355371900827,Lake et al.science.ex8,5.5045871559633035,Microglial-specific cell,3.8461538461538463
1715,OPC PDGFRA PCDH15,OPC PDGFRA PCDH15,Oligodendrocyte precursor cell,22.22222222222222,Oligodendrocyte progenitor cells,15.384615384615383,Oligodendrocyte,13.733905579399142
1716,Endo CLDN5 SLC7A5,Endo CLDN5 SLC7A5,Neuron,10.762331838565023,Pyramidal cells,9.411764705882355,Excitatory neuron,8.823529411764705
1717,Oligo MOG OPALIN,Oligo MOG OPALIN,Oligodendrocyte,7.725321888412016,Mature oligodendrocyte,7.2727272727272725,Oligodendrocytes,7.246376811594203
1718,Endo CLDN5 SLC7A5,Endo CLDN5 SLC7A5,Neuron,10.762331838565023,Pyramidal cells,9.411764705882355,Excitatory neuron,8.823529411764705
1719,InN SST STK32A,InN SST STK32A,Purkinje neurons,11.009174311926607,Bergmann glia,6.593406593406592,Neuron,5.381165919282512
1720,Endo CLDN5 SLC7A5,Endo CLDN5 SLC7A5,Neuron,10.762331838565023,Pyramidal cells,9.411764705882355,Excitatory neuron,8.823529411764705
1721,Oligo MOG OPALIN,Oligo MOG OPALIN,Oligodendrocyte,7.725321888412016,Mature oligodendrocyte,7.2727272727272725,Oligodendrocytes,7.246376811594203
1722,Endo CLDN5 SLC7A5,Endo CLDN5 SLC7A5,Neuron,10.762331838565023,Pyramidal cells,9.411764705882355,Excitatory neuron,8.823529411764705
1723,L6 OPRK1 THEMIS RGS6,L6 OPRK1 THEMIS RGS6,Cajal-retzius cells,6.25,Purkinje neurons,3.669724770642202,Somatostatin interneuron,3.6363636363636362
1724,Endo CLDN5 SLC7A5,Endo CLDN5 SLC7A5,Neuron,10.762331838565023,Pyramidal cells,9.411764705882355,Excitatory neuron,8.823529411764705
1725,Oligo MOG OPALIN,Oligo MOG OPALIN,Oligodendrocyte,7.725321888412016,Mature oligodendrocyte,7.2727272727272725,Oligodendrocytes,7.246376811594203
1726,Endo CLDN5 SLC7A5,Endo CLDN5 SLC7A5,Neuron,10.762331838565023,Pyramidal cells,9.411764705882355,Excitatory neuron,8.823529411764705
1727,Oligo MOG OPALIN,Oligo MOG OPALIN,Oligodendrocyte,7.725321888412016,Mature oligodendrocyte,7.2727272727272725,Oligodendrocytes,7.246376811594203
1728,Endo CLDN5 SLC7A5,Endo CLDN5 SLC7A5,Neuron,10.762331838565023,Pyramidal cells,9.411764705882355,Excitatory neuron,8.823529411764705
1729,Oligo MOG OPALIN,Oligo MOG OPALIN,Oligodendrocyte,7.725321888412016,Mature oligodendrocyte,7.2727272727272725,Oligodendrocytes,7.246376811594203
1730,Endo CLDN5 SLC7A5,Endo CLDN5 SLC7A5,Neuron,10.762331838565023,Pyramidal cells,9.411764705882355,Excitatory neuron,8.823529411764705
1731,L6 OPRK1 THEMIS RGS6,L6 OPRK1 THEMIS RGS6,Cajal-retzius cells,6.25,Purkinje neurons,3.669724770642202,Somatostatin interneuron,3.6363636363636362
1732,Endo CLDN5 SLC7A5,Endo CLDN5 SLC7A5,Neuron,10.762331838565023,Pyramidal cells,9.411764705882355,Excitatory neuron,8.823529411764705
1733,Endo CLDN5 SLC7A5,Endo CLDN5 SLC7A5,Neuron,10.762331838565023,Pyramidal cells,9.411764705882355,Excitatory neuron,8.823529411764705
1734,Oligo MOG OPALIN,Oligo MOG OPALIN,Oligodendrocyte,7.725321888412016,Mature oligodendrocyte,7.2727272727272725,Oligodendrocytes,7.246376811594203
1735,Micro P2RY12 APBB1IP,Micro P2RY12 APBB1IP,Microglia,9.917355371900827,Lake et al.science.ex8,5.5045871559633035,Microglial-specific cell,3.8461538461538463
1736,Endo CLDN5 SLC7A5,Endo CLDN5 SLC7A5,Neuron,10.762331838565023,Pyramidal cells,9.411764705882355,Excitatory neuron,8.823529411764705
1737,Oligo MOG OPALIN,Oligo MOG OPALIN,Oligodendrocyte,7.725321888412016,Mature oligodendrocyte,7.2727272727272725,Oligodendrocytes,7.246376811594203
1738,Oligo MOG OPALIN,Oligo MOG OPALIN,Oligodendrocyte,7.725321888412016,Mature oligodendrocyte,7.2727272727272725,Oligodendrocytes,7.246376811594203
1739,Oligo MOG OPALIN,Oligo MOG OPALIN,Oligodendrocyte,7.725321888412016,Mature oligodendrocyte,7.2727272727272725,Oligodendrocytes,7.246376811594203
1740,Endo CLDN5 SLC7A5,Endo CLDN5 SLC7A5,Neuron,10.762331838565023,Pyramidal cells,9.411764705882355,Excitatory neuron,8.823529411764705
1741,Oligo MOG OPALIN,Oligo MOG OPALIN,Oligodendrocyte,7.725321888412016,Mature oligodendrocyte,7.2727272727272725,Oligodendrocytes,7.246376811594203
1742,Endo CLDN5 SLC7A5,Endo CLDN5 SLC7A5,Neuron,10.762331838565023,Pyramidal cells,9.411764705882355,Excitatory neuron,8.823529411764705
1743,Endo CLDN5 SLC7A5,Endo CLDN5 SLC7A5,Neuron,10.762331838565023,Pyramidal cells,9.411764705882355,Excitatory neuron,8.823529411764705
1744,Oligo MOG OPALIN,Oligo MOG OPALIN,Oligodendrocyte,7.725321888412016,Mature oligodendrocyte,7.2727272727272725,Oligodendrocytes,7.246376811594203
1745,T SKAP1 CD247,T SKAP1 CD247,Lymphocyte,6.666666666666667,Endothelial cell,5.128205128205128,Microglia,4.958677685950414
1746,Endo CLDN5 SLC7A5,Endo CLDN5 SLC7A5,Neuron,10.762331838565023,Pyramidal cells,9.411764705882355,Excitatory neuron,8.823529411764705
1747,Oligo MOG OPALIN,Oligo MOG OPALIN,Oligodendrocyte,7.725321888412016,Mature oligodendrocyte,7.2727272727272725,Oligodendrocytes,7.246376811594203
1748,Oligo MOG OPALIN,Oligo MOG OPALIN,Oligodendrocyte,7.725321888412016,Mature oligodendrocyte,7.2727272727272725,Oligodendrocytes,7.246376811594203
1749,Endo CLDN5 SLC7A5,Endo CLDN5 SLC7A5,Neuron,10.762331838565023,Pyramidal cells,9.411764705882355,Excitatory neuron,8.823529411764705
1750,Astro AQP4 SLC1A2,Astro AQP4 SLC1A2,Astrocyte,9.266409266409266,Bergmann glia,6.593406593406592,Astrocytes,5.309734513274336
1751,Oligo MOG OPALIN,Oligo MOG OPALIN,Oligodendrocyte,7.725321888412016,Mature oligodendrocyte,7.2727272727272725,Oligodendrocytes,7.246376811594203
1752,Endo CLDN5 SLC7A5,Endo CLDN5 SLC7A5,Neuron,10.762331838565023,Pyramidal cells,9.411764705882355,Excitatory neuron,8.823529411764705
1753,Endo CLDN5 SLC7A5,Endo CLDN5 SLC7A5,Neuron,10.762331838565023,Pyramidal cells,9.411764705882355,Excitatory neuron,8.823529411764705
1754,InN SST STK32A,InN SST STK32A,Purkinje neurons,11.009174311926607,Bergmann glia,6.593406593406592,Neuron,5.381165919282512
1755,L6 OPRK1 THEMIS RGS6,L6 OPRK1 THEMIS RGS6,Cajal-retzius cells,6.25,Purkinje neurons,3.669724770642202,Somatostatin interneuron,3.6363636363636362
1756,Endo CLDN5 SLC7A5,Endo CLDN5 SLC7A5,Neuron,10.762331838565023,Pyramidal cells,9.411764705882355,Excitatory neuron,8.823529411764705
1757,Oligo MOG OPALIN,Oligo MOG OPALIN,Oligodendrocyte,7.725321888412016,Mature oligodendrocyte,7.2727272727272725,Oligodendrocytes,7.246376811594203
1758,Astro AQP4 SLC1A2,Astro AQP4 SLC1A2,Astrocyte,9.266409266409266,Bergmann glia,6.593406593406592,Astrocytes,5.309734513274336
1759,Oligo MOG OPALIN,Oligo MOG OPALIN,Oligodendrocyte,7.725321888412016,Mature oligodendrocyte,7.2727272727272725,Oligodendrocytes,7.246376811594203
1760,Endo CLDN5 SLC7A5,Endo CLDN5 SLC7A5,Neuron,10.762331838565023,Pyramidal cells,9.411764705882355,Excitatory neuron,8.823529411764705
1761,Oligo MOG OPALIN,Oligo MOG OPALIN,Oligodendrocyte,7.725321888412016,Mature oligodendrocyte,7.2727272727272725,Oligodendrocytes,7.246376811594203
1762,Endo CLDN5 SLC7A5,Endo CLDN5 SLC7A5,Neuron,10.762331838565023,Pyramidal cells,9.411764705882355,Excitatory neuron,8.823529411764705
1763,Endo CLDN5 SLC7A5,Endo CLDN5 SLC7A5,Neuron,10.762331838565023,Pyramidal cells,9.411764705882355,Excitatory neuron,8.823529411764705
1764,Endo CLDN5 SLC7A5,Endo CLDN5 SLC7A5,Neuron,10.762331838565023,Pyramidal cells,9.411764705882355,Excitatory neuron,8.823529411764705
1765,Endo CLDN5 SLC7A5,Endo CLDN5 SLC7A5,Neuron,10.762331838565023,Pyramidal cells,9.411764705882355,Excitatory neuron,8.823529411764705
1766,Oligo MOG OPALIN,Oligo MOG OPALIN,Oligodendrocyte,7.725321888412016,Mature oligodendrocyte,7.2727272727272725,Oligodendrocytes,7.246376811594203
1767,Endo CLDN5 SLC7A5,Endo CLDN5 SLC7A5,Neuron,10.762331838565023,Pyramidal cells,9.411764705882355,Excitatory neuron,8.823529411764705
1768,Oligo MOG OPALIN,Oligo MOG OPALIN,Oligodendrocyte,7.725321888412016,Mature oligodendrocyte,7.2727272727272725,Oligodendrocytes,7.246376811594203
1769,Endo CLDN5 SLC7A5,Endo CLDN5 SLC7A5,Neuron,10.762331838565023,Pyramidal cells,9.411764705882355,Excitatory neuron,8.823529411764705
1770,Endo CLDN5 SLC7A5,Endo CLDN5 SLC7A5,Neuron,10.762331838565023,Pyramidal cells,9.411764705882355,Excitatory neuron,8.823529411764705
1771,Oligo MOG OPALIN,Oligo MOG OPALIN,Oligodendrocyte,7.725321888412016,Mature oligodendrocyte,7.2727272727272725,Oligodendrocytes,7.246376811594203
1772,Endo CLDN5 SLC7A5,Endo CLDN5 SLC7A5,Neuron,10.762331838565023,Pyramidal cells,9.411764705882355,Excitatory neuron,8.823529411764705
1773,Endo CLDN5 SLC7A5,Endo CLDN5 SLC7A5,Neuron,10.762331838565023,Pyramidal cells,9.411764705882355,Excitatory neuron,8.823529411764705
1774,Endo CLDN5 SLC7A5,Endo CLDN5 SLC7A5,Neuron,10.762331838565023,Pyramidal cells,9.411764705882355,Excitatory neuron,8.823529411764705
1775,Endo CLDN5 SLC7A5,Endo CLDN5 SLC7A5,Neuron,10.762331838565023,Pyramidal cells,9.411764705882355,Excitatory neuron,8.823529411764705
1776,Oligo MOG OPALIN,Oligo MOG OPALIN,Oligodendrocyte,7.725321888412016,Mature oligodendrocyte,7.2727272727272725,Oligodendrocytes,7.246376811594203
1777,Endo CLDN5 SLC7A5,Endo CLDN5 SLC7A5,Neuron,10.762331838565023,Pyramidal cells,9.411764705882355,Excitatory neuron,8.823529411764705
1778,Endo CLDN5 SLC7A5,Endo CLDN5 SLC7A5,Neuron,10.762331838565023,Pyramidal cells,9.411764705882355,Excitatory neuron,8.823529411764705
1779,Endo CLDN5 SLC7A5,Endo CLDN5 SLC7A5,Neuron,10.762331838565023,Pyramidal cells,9.411764705882355,Excitatory neuron,8.823529411764705
1780,L6 OPRK1 THEMIS RGS6,L6 OPRK1 THEMIS RGS6,Cajal-retzius cells,6.25,Purkinje neurons,3.669724770642202,Somatostatin interneuron,3.6363636363636362
1781,PC P2RY14 GRM8,PC P2RY14 GRM8,Endothelial cell,5.128205128205128,Lake et al.science.ex6,4.761904761904763,Astrocytes,3.5398230088495577
1782,Astro AQP4 SLC1A2,Astro AQP4 SLC1A2,Astrocyte,9.266409266409266,Bergmann glia,6.593406593406592,Astrocytes,5.309734513274336
1783,Oligo MOG OPALIN,Oligo MOG OPALIN,Oligodendrocyte,7.725321888412016,Mature oligodendrocyte,7.2727272727272725,Oligodendrocytes,7.246376811594203
1784,Endo CLDN5 SLC7A5,Endo CLDN5 SLC7A5,Neuron,10.762331838565023,Pyramidal cells,9.411764705882355,Excitatory neuron,8.823529411764705
1785,Oligo MOG OPALIN,Oligo MOG OPALIN,Oligodendrocyte,7.725321888412016,Mature oligodendrocyte,7.2727272727272725,Oligodendrocytes,7.246376811594203
1786,Oligo MOG OPALIN,Oligo MOG OPALIN,Oligodendrocyte,7.725321888412016,Mature oligodendrocyte,7.2727272727272725,Oligodendrocytes,7.246376811594203
1787,Endo CLDN5 SLC7A5,Endo CLDN5 SLC7A5,Neuron,10.762331838565023,Pyramidal cells,9.411764705882355,Excitatory neuron,8.823529411764705
1788,L6 OPRK1 THEMIS RGS6,L6 OPRK1 THEMIS RGS6,Cajal-retzius cells,6.25,Purkinje neurons,3.669724770642202,Somatostatin interneuron,3.6363636363636362
1789,Oligo MOG OPALIN,Oligo MOG OPALIN,Oligodendrocyte,7.725321888412016,Mature oligodendrocyte,7.2727272727272725,Oligodendrocytes,7.246376811594203
1790,InN SST STK32A,InN SST STK32A,Purkinje neurons,11.009174311926607,Bergmann glia,6.593406593406592,Neuron,5.381165919282512
1791,L6 OPRK1 THEMIS RGS6,L6 OPRK1 THEMIS RGS6,Cajal-retzius cells,6.25,Purkinje neurons,3.669724770642202,Somatostatin interneuron,3.6363636363636362
1792,Endo CLDN5 SLC7A5,Endo CLDN5 SLC7A5,Neuron,10.762331838565023,Pyramidal cells,9.411764705882355,Excitatory neuron,8.823529411764705
1793,Micro P2RY12 APBB1IP,Micro P2RY12 APBB1IP,Microglia,9.917355371900827,Lake et al.science.ex8,5.5045871559633035,Microglial-specific cell,3.8461538461538463
1794,Endo CLDN5 SLC7A5,Endo CLDN5 SLC7A5,Neuron,10.762331838565023,Pyramidal cells,9.411764705882355,Excitatory neuron,8.823529411764705
1795,InN SST STK32A,InN SST STK32A,Purkinje neurons,11.009174311926607,Bergmann glia,6.593406593406592,Neuron,5.381165919282512
1796,Endo CLDN5 SLC7A5,Endo CLDN5 SLC7A5,Neuron,10.762331838565023,Pyramidal cells,9.411764705882355,Excitatory neuron,8.823529411764705
1797,Oligo MOG OPALIN,Oligo MOG OPALIN,Oligodendrocyte,7.725321888412016,Mature oligodendrocyte,7.2727272727272725,Oligodendrocytes,7.246376811594203
1798,Endo CLDN5 SLC7A5,Endo CLDN5 SLC7A5,Neuron,10.762331838565023,Pyramidal cells,9.411764705882355,Excitatory neuron,8.823529411764705
1799,PC P2RY14 GRM8,PC P2RY14 GRM8,Endothelial cell,5.128205128205128,Lake et al.science.ex6,4.761904761904763,Astrocytes,3.5398230088495577
1800,Endo CLDN5 SLC7A5,Endo CLDN5 SLC7A5,Neuron,10.762331838565023,Pyramidal cells,9.411764705882355,Excitatory neuron,8.823529411764705
1801,Endo CLDN5 SLC7A5,Endo CLDN5 SLC7A5,Neuron,10.762331838565023,Pyramidal cells,9.411764705882355,Excitatory neuron,8.823529411764705
1802,Endo CLDN5 SLC7A5,Endo CLDN5 SLC7A5,Neuron,10.762331838565023,Pyramidal cells,9.411764705882355,Excitatory neuron,8.823529411764705
1803,Endo CLDN5 SLC7A5,Endo CLDN5 SLC7A5,Neuron,10.762331838565023,Pyramidal cells,9.411764705882355,Excitatory neuron,8.823529411764705
1804,OPC PDGFRA PCDH15,OPC PDGFRA PCDH15,Oligodendrocyte precursor cell,22.22222222222222,Oligodendrocyte progenitor cells,15.384615384615383,Oligodendrocyte,13.733905579399142
1805,Oligo MOG OPALIN,Oligo MOG OPALIN,Oligodendrocyte,7.725321888412016,Mature oligodendrocyte,7.2727272727272725,Oligodendrocytes,7.246376811594203
1806,L6 OPRK1 THEMIS RGS6,L6 OPRK1 THEMIS RGS6,Cajal-retzius cells,6.25,Purkinje neurons,3.669724770642202,Somatostatin interneuron,3.6363636363636362
1807,Endo CLDN5 SLC7A5,Endo CLDN5 SLC7A5,Neuron,10.762331838565023,Pyramidal cells,9.411764705882355,Excitatory neuron,8.823529411764705
1808,Micro P2RY12 APBB1IP,Micro P2RY12 APBB1IP,Microglia,9.917355371900827,Lake et al.science.ex8,5.5045871559633035,Microglial-specific cell,3.8461538461538463
1809,OPC PDGFRA PCDH15,OPC PDGFRA PCDH15,Oligodendrocyte precursor cell,22.22222222222222,Oligodendrocyte progenitor cells,15.384615384615383,Oligodendrocyte,13.733905579399142
1810,Endo CLDN5 SLC7A5,Endo CLDN5 SLC7A5,Neuron,10.762331838565023,Pyramidal cells,9.411764705882355,Excitatory neuron,8.823529411764705
1811,Endo CLDN5 SLC7A5,Endo CLDN5 SLC7A5,Neuron,10.762331838565023,Pyramidal cells,9.411764705882355,Excitatory neuron,8.823529411764705
1812,Oligo MOG OPALIN,Oligo MOG OPALIN,Oligodendrocyte,7.725321888412016,Mature oligodendrocyte,7.2727272727272725,Oligodendrocytes,7.246376811594203
1813,Endo CLDN5 SLC7A5,Endo CLDN5 SLC7A5,Neuron,10.762331838565023,Pyramidal cells,9.411764705882355,Excitatory neuron,8.823529411764705
1814,Endo CLDN5 SLC7A5,Endo CLDN5 SLC7A5,Neuron,10.762331838565023,Pyramidal cells,9.411764705882355,Excitatory neuron,8.823529411764705
1815,Endo CLDN5 SLC7A5,Endo CLDN5 SLC7A5,Neuron,10.762331838565023,Pyramidal cells,9.411764705882355,Excitatory neuron,8.823529411764705
1816,Oligo MOG OPALIN,Oligo MOG OPALIN,Oligodendrocyte,7.725321888412016,Mature oligodendrocyte,7.2727272727272725,Oligodendrocytes,7.246376811594203
1817,Endo CLDN5 SLC7A5,Endo CLDN5 SLC7A5,Neuron,10.762331838565023,Pyramidal cells,9.411764705882355,Excitatory neuron,8.823529411764705
1818,Endo CLDN5 SLC7A5,Endo CLDN5 SLC7A5,Neuron,10.762331838565023,Pyramidal cells,9.411764705882355,Excitatory neuron,8.823529411764705
1819,InN SST STK32A,InN SST STK32A,Purkinje neurons,11.009174311926607,Bergmann glia,6.593406593406592,Neuron,5.381165919282512
1820,Astro AQP4 SLC1A2,Astro AQP4 SLC1A2,Astrocyte,9.266409266409266,Bergmann glia,6.593406593406592,Astrocytes,5.309734513274336
1821,Oligo MOG OPALIN,Oligo MOG OPALIN,Oligodendrocyte,7.725321888412016,Mature oligodendrocyte,7.2727272727272725,Oligodendrocytes,7.246376811594203
1822,Astro AQP4 SLC1A2,Astro AQP4 SLC1A2,Astrocyte,9.266409266409266,Bergmann glia,6.593406593406592,Astrocytes,5.309734513274336
1823,Oligo MOG OPALIN,Oligo MOG OPALIN,Oligodendrocyte,7.725321888412016,Mature oligodendrocyte,7.2727272727272725,Oligodendrocytes,7.246376811594203
1824,Oligo MOG OPALIN,Oligo MOG OPALIN,Oligodendrocyte,7.725321888412016,Mature oligodendrocyte,7.2727272727272725,Oligodendrocytes,7.246376811594203
1825,Endo CLDN5 SLC7A5,Endo CLDN5 SLC7A5,Neuron,10.762331838565023,Pyramidal cells,9.411764705882355,Excitatory neuron,8.823529411764705
1826,Endo CLDN5 SLC7A5,Endo CLDN5 SLC7A5,Neuron,10.762331838565023,Pyramidal cells,9.411764705882355,Excitatory neuron,8.823529411764705
1827,Oligo MOG OPALIN,Oligo MOG OPALIN,Oligodendrocyte,7.725321888412016,Mature oligodendrocyte,7.2727272727272725,Oligodendrocytes,7.246376811594203
1828,Endo CLDN5 SLC7A5,Endo CLDN5 SLC7A5,Neuron,10.762331838565023,Pyramidal cells,9.411764705882355,Excitatory neuron,8.823529411764705
1829,Oligo MOG OPALIN,Oligo MOG OPALIN,Oligodendrocyte,7.725321888412016,Mature oligodendrocyte,7.2727272727272725,Oligodendrocytes,7.246376811594203
