,leiden,ctpt_individual_prediction,ctpt_confidence,ctpt_consensus_prediction,manual_annotation
AAACCCAAGACGAGCT-1,0,Endo CLDN5 SLC7A5,0.3181996704402138,Endo CLDN5 SLC7A5,
AAACCCAGTGACATCT-1,0,Endo CLDN5 SLC7A5,0.32329253713099243,Endo CLDN5 SLC7A5,
AAACCCATCCGCACGA-1,0,Oligo MOG OPALIN,0.9937564163642757,Endo CLDN5 SLC7A5,
AAACGAACATCCGGCA-1,0,Endo CLDN5 SLC7A5,0.33688759349064595,Endo CLDN5 SLC7A5,
AAACGAAGTACGGGAT-1,0,Endo CLDN5 SLC7A5,0.3051779358881372,Endo CLDN5 SLC7A5,
AAACGAAGTGGCTAGA-1,0,Endo CLDN5 SLC7A5,0.40939723113965126,Endo CLDN5 SLC7A5,
AAACGAATCACCATCC-1,0,Endo CLDN5 SLC7A5,0.5732991451607647,Endo CLDN5 SLC7A5,
AAACGCTCACACAGCC-1,0,Oligo MOG OPALIN,0.5702376738179156,Endo CLDN5 SLC7A5,
AAACGCTCAGCTGTCG-1,0,Endo CLDN5 SLC7A5,0.3675864563989329,Endo CLDN5 SLC7A5,
AAACGCTCAGTGGCTC-1,0,Endo CLDN5 SLC7A5,0.3546629621537121,Endo CLDN5 SLC7A5,
AAACGCTGTTGGTACT-1,0,Oligo MOG OPALIN,0.9347027974162415,Endo CLDN5 SLC7A5,
AAACGCTTCTTTGCAT-1,0,Endo CLDN5 SLC7A5,0.8127884849525593,Endo CLDN5 SLC7A5,
AAAGAACAGAACTCCT-1,1,Endo CLDN5 SLC7A5,0.9994903781794644,Endo CLDN5 SLC7A5,
AAAGAACAGACTTCGT-1,0,Endo CLDN5 SLC7A5,0.9968083328362098,Endo CLDN5 SLC7A5,
AAAGAACAGATGGCGT-1,1,Endo CLDN5 SLC7A5,0.9699719615393081,Endo CLDN5 SLC7A5,
AAAGAACCACTACACA-1,0,Endo CLDN5 SLC7A5,0.6885845785510675,Endo CLDN5 SLC7A5,
AAAGAACGTAGTGGCA-1,0,Oligo MOG OPALIN,0.9534282552340838,Endo CLDN5 SLC7A5,
AAAGAACGTCGCATGC-1,0,Oligo MOG OPALIN,0.6272798865992273,Endo CLDN5 SLC7A5,
AAAGAACTCAGCGCGT-1,4,Endo CLDN5 SLC7A5,0.9999178955252292,Endo CLDN5 SLC7A5,
AAAGGATAGGTGCATG-1,0,Oligo MOG OPALIN,0.6665003585048018,Endo CLDN5 SLC7A5,
AAAGGATCATCTGGGC-1,0,Oligo MOG OPALIN,0.9995027737999687,Endo CLDN5 SLC7A5,
AAAGGATGTCGCATTA-1,0,L2-3 CUX2 NTNG1 PALMD,0.7124422558014555,Endo CLDN5 SLC7A5,
AAAGGGCAGCACCGTC-1,0,Endo CLDN5 SLC7A5,0.7549821303073908,Endo CLDN5 SLC7A5,
AAAGGGCCACAGTACT-1,0,L2-3 CUX2 NTNG1 PALMD,0.5649260189839315,Endo CLDN5 SLC7A5,
AAAGGGCCATACAGGG-1,3,Endo CLDN5 SLC7A5,0.7270598928997882,L2-3 CUX2 ACVR1C THSD7A,
AAAGGGCTCCATCTAT-1,0,Endo CLDN5 SLC7A5,0.49868118736216843,Endo CLDN5 SLC7A5,
AAAGGGCTCCTCCACA-1,0,Endo CLDN5 SLC7A5,0.3197504573325137,Endo CLDN5 SLC7A5,
AAAGGGCTCCTGATAG-1,0,Endo CLDN5 SLC7A5,0.8304926870293464,Endo CLDN5 SLC7A5,
AAAGGGCTCTTAAGGC-1,2,Oligo MOG OPALIN,0.9999979730518962,Oligo MOG OPALIN,
AAAGGTAGTCACAATC-1,1,Endo CLDN5 SLC7A5,0.9980973285424596,Endo CLDN5 SLC7A5,
AAAGGTATCCTGTAAG-1,0,Endo CLDN5 SLC7A5,0.824838301567037,Endo CLDN5 SLC7A5,
AAAGGTATCTAAGGAA-1,0,Endo CLDN5 SLC7A5,0.9969143040863238,Endo CLDN5 SLC7A5,
AAAGTCCAGGAGGGTG-1,0,Endo CLDN5 SLC7A5,0.6219382019629761,Endo CLDN5 SLC7A5,
AAAGTCCAGTTGCCTA-1,1,Endo CLDN5 SLC7A5,0.999953937982959,Endo CLDN5 SLC7A5,
AAAGTGAAGCGGATCA-1,0,Endo CLDN5 SLC7A5,0.5724169751962561,Endo CLDN5 SLC7A5,
AAAGTGACATGCGTGC-1,0,OPC PDGFRA PCDH15,0.9610477598947718,Endo CLDN5 SLC7A5,
AAAGTGAGTGCAATGG-1,6,Micro P2RY12 APBB1IP,0.7602716804017507,Micro P2RY12 APBB1IP,
AAAGTGATCAAGCCCG-1,0,Endo CLDN5 SLC7A5,0.6758603068811595,Endo CLDN5 SLC7A5,
AAATGGAGTGTCCCTT-1,0,Oligo MOG GSN,0.7595372514833026,Endo CLDN5 SLC7A5,
AAATGGAGTTTGACAC-1,0,Endo CLDN5 SLC7A5,0.6548154904634382,Endo CLDN5 SLC7A5,
AAATGGATCAGGCGAA-1,7,OPC PDGFRA PCDH15,0.9999999991940078,OPC PDGFRA PCDH15,
AAATGGATCATAGACC-1,0,Oligo MOG OPALIN,0.8021249857092649,Endo CLDN5 SLC7A5,
AACAAAGCACGCGCTA-1,0,Oligo MOG OPALIN,0.300861271828456,Endo CLDN5 SLC7A5,
AACAAAGGTATCAGGG-1,0,Endo CLDN5 SLC7A5,0.7301322665904514,Endo CLDN5 SLC7A5,
AACAAAGGTATCGAAA-1,0,Endo CLDN5 SLC7A5,0.39480497752832655,Endo CLDN5 SLC7A5,
AACAAAGGTGAACGGT-1,0,Endo CLDN5 SLC7A5,0.8548892497584589,Endo CLDN5 SLC7A5,
AACAACCAGCTAATGA-1,0,Endo CLDN5 SLC7A5,0.9017751911404376,Endo CLDN5 SLC7A5,
AACAACCAGGTCACTT-1,0,Oligo MOG OPALIN,0.8658889732548443,Endo CLDN5 SLC7A5,
AACAACCTCCGTGTCT-1,0,Endo CLDN5 SLC7A5,0.6551881217283779,Endo CLDN5 SLC7A5,
AACAAGAAGACTAAGT-1,0,Oligo MOG OPALIN,0.8583538566990794,Endo CLDN5 SLC7A5,
AACAAGACAGTCCCGA-1,0,Endo CLDN5 SLC7A5,0.4382500541872637,Endo CLDN5 SLC7A5,
AACAAGAGTGTTAAAG-1,1,Oligo MOG OPALIN,0.9901210556922336,Endo CLDN5 SLC7A5,
AACAAGATCGCTACGG-1,0,Endo CLDN5 SLC7A5,0.9990807403474375,Endo CLDN5 SLC7A5,
AACACACAGAAAGCGA-1,0,Endo CLDN5 SLC7A5,0.4248848815468445,Endo CLDN5 SLC7A5,
AACACACAGAAGCGAA-1,0,Endo CLDN5 SLC7A5,0.988922755010716,Endo CLDN5 SLC7A5,
AACACACCATCGATGT-1,2,Oligo MOG OPALIN,0.7190449225789809,Oligo MOG OPALIN,
AACACACGTGGAAATT-1,0,Endo CLDN5 SLC7A5,0.7930079596165077,Endo CLDN5 SLC7A5,
AACACACGTTGGTAGG-1,4,VLMC COL1A2 SLC13A3,0.9998575589599626,Endo CLDN5 SLC7A5,
AACAGGGTCGGAGCAA-1,1,Endo CLDN5 SLC7A5,0.9966887927647636,Endo CLDN5 SLC7A5,
AACCAACAGTTGAAGT-1,0,Oligo MOG OPALIN,0.941420929554639,Endo CLDN5 SLC7A5,
AACCAACCACTCAAGT-1,0,Endo CLDN5 SLC7A5,0.5689127520191154,Endo CLDN5 SLC7A5,
AACCAACTCCCAACTC-1,0,Oligo MOG OPALIN,0.9939160256005656,Endo CLDN5 SLC7A5,
AACCACACAGGTTTAC-1,0,Oligo MOG OPALIN,0.9855350462730217,Endo CLDN5 SLC7A5,
AACCACATCGTCACCT-1,0,Endo CLDN5 SLC7A5,0.7532649740924305,Endo CLDN5 SLC7A5,
AACCACATCTTCCGTG-1,0,Oligo MOG OPALIN,0.9502727810912427,Endo CLDN5 SLC7A5,
AACCATGCACTACGGC-1,1,Endo CLDN5 SLC7A5,0.9701456598078679,Endo CLDN5 SLC7A5,
AACCATGGTACCGTGC-1,4,Endo CLDN5 SLC7A5,0.9999816941104442,Endo CLDN5 SLC7A5,
AACCATGTCAATCAGC-1,0,Endo CLDN5 SLC7A5,0.31114732385040045,Endo CLDN5 SLC7A5,
AACCATGTCGCCATAA-1,0,Oligo MOG OPALIN,0.932249785966589,Endo CLDN5 SLC7A5,
AACCATGTCTACGGTA-1,0,Endo CLDN5 SLC7A5,0.3282225919655851,Endo CLDN5 SLC7A5,
AACCCAACACTGTGAT-1,3,L2-3 CUX2 ACVR1C THSD7A,0.9884578151947256,L2-3 CUX2 ACVR1C THSD7A,
AACCTGAAGATGACAT-1,0,Endo CLDN5 SLC7A5,0.5124038619815873,Endo CLDN5 SLC7A5,
AACCTGAAGTCACGAG-1,0,Oligo MOG OPALIN,0.6317501369942989,Endo CLDN5 SLC7A5,
AACCTGAGTCGAAACG-1,0,Endo CLDN5 SLC7A5,0.9196597037889224,Endo CLDN5 SLC7A5,
AACCTTTTCGTCAACA-1,0,Endo CLDN5 SLC7A5,0.6037121769992851,Endo CLDN5 SLC7A5,
AACGAAAAGCGTGAGT-1,0,Endo CLDN5 SLC7A5,0.6116071224779287,Endo CLDN5 SLC7A5,
AACGAAAGTCCTTGTC-1,0,Endo CLDN5 SLC7A5,0.4016916306460527,Endo CLDN5 SLC7A5,
AACGAAAGTGGGCTTC-1,0,Endo CLDN5 SLC7A5,0.8941507169164956,Endo CLDN5 SLC7A5,
AACGAAATCACACCCT-1,7,OPC PDGFRA PCDH15,0.9999999353314883,OPC PDGFRA PCDH15,
AACGGGAAGGACAGTC-1,0,Endo CLDN5 SLC7A5,0.4739856722544877,Endo CLDN5 SLC7A5,
AACGGGATCGCCACTT-1,6,Endo CLDN5 SLC7A5,0.306087029779565,Micro P2RY12 APBB1IP,
AACGTCAGTCCAACGC-1,1,Endo CLDN5 SLC7A5,0.9926425598929735,Endo CLDN5 SLC7A5,
AACGTCATCATGAGAA-1,0,Endo CLDN5 SLC7A5,0.45954156571270877,Endo CLDN5 SLC7A5,
AACTTCTCAAAGTATG-1,2,Oligo MOG OPALIN,0.9999998633742841,Oligo MOG OPALIN,
AACTTCTCATATAGCC-1,0,Endo CLDN5 SLC7A5,0.3665135387962784,Endo CLDN5 SLC7A5,
AACTTCTCATCTAACG-1,0,Endo CLDN5 SLC7A5,0.9553941061697572,Endo CLDN5 SLC7A5,
AACTTCTTCGAGTTGT-1,0,Oligo MOG OPALIN,0.8576648229717325,Endo CLDN5 SLC7A5,
AACTTCTTCGATTGAC-1,0,Oligo MOG OPALIN,0.9155244163958368,Endo CLDN5 SLC7A5,
AAGAACAAGGTAAAGG-1,0,Endo CLDN5 SLC7A5,0.9755015999878612,Endo CLDN5 SLC7A5,
AAGAACAGTGCAACAG-1,1,Endo CLDN5 SLC7A5,0.9998945534501478,Endo CLDN5 SLC7A5,
AAGACAACAGTGGGTA-1,0,Endo CLDN5 SLC7A5,0.8601007943724986,Endo CLDN5 SLC7A5,
AAGACAAGTTGATCGT-1,0,InN LAMP5 ADAMTS20,0.37602535139159804,Endo CLDN5 SLC7A5,
AAGACTCAGCTCGCAC-1,0,Endo CLDN5 SLC7A5,0.4139741006476769,Endo CLDN5 SLC7A5,
AAGACTCGTAAGATCA-1,7,OPC PDGFRA PCDH15,0.9999988453093288,OPC PDGFRA PCDH15,
AAGACTCTCCGTATGA-1,0,Oligo MOG OPALIN,0.4461291443887338,Endo CLDN5 SLC7A5,
AAGATAGAGCGGTAGT-1,0,Endo CLDN5 SLC7A5,0.3437529924194887,Endo CLDN5 SLC7A5,
AAGATAGAGTGCACAG-1,0,Endo CLDN5 SLC7A5,0.5165904492709044,Endo CLDN5 SLC7A5,
AAGATAGGTACAGAAT-1,0,Endo CLDN5 SLC7A5,0.6720414341846651,Endo CLDN5 SLC7A5,
AAGATAGTCATTGAGC-1,0,Endo CLDN5 SLC7A5,0.8778301365098977,Endo CLDN5 SLC7A5,
AAGATAGTCGTAGTGT-1,0,Endo CLDN5 SLC7A5,0.549870466196593,Endo CLDN5 SLC7A5,
AAGCATCGTGGCGTAA-1,1,Endo CLDN5 SLC7A5,0.95487687631328,Endo CLDN5 SLC7A5,
AAGCATCGTTTACGAC-1,0,Oligo MOG OPALIN,0.8697496760189262,Endo CLDN5 SLC7A5,
AAGCATCTCAGGAGAC-1,0,Oligo MOG OPALIN,0.4247630859374065,Endo CLDN5 SLC7A5,
AAGCATCTCTTCGACC-1,1,Oligo MOG OPALIN,0.8730264060957268,Endo CLDN5 SLC7A5,
AAGCCATGTATGGTAA-1,6,Micro P2RY12 APBB1IP,0.9929689017064587,Micro P2RY12 APBB1IP,
AAGCGAGCACTGGACC-1,4,Endo CLDN5 SLC7A5,0.846726837153079,Endo CLDN5 SLC7A5,
AAGCGAGGTATCGCGC-1,0,Endo CLDN5 SLC7A5,0.6721329474727897,Endo CLDN5 SLC7A5,
AAGCGAGGTGGAGGTT-1,0,Endo CLDN5 SLC7A5,0.5763929961525799,Endo CLDN5 SLC7A5,
AAGCGTTAGCGGTAAC-1,0,Endo CLDN5 SLC7A5,0.7765701613971322,Endo CLDN5 SLC7A5,
AAGCGTTGTACAGTTC-1,0,Oligo MOG OPALIN,0.3865262135499791,Endo CLDN5 SLC7A5,
AAGGAATAGAGCAGTC-1,0,Oligo MOG OPALIN,0.9937049459552737,Endo CLDN5 SLC7A5,
AAGGAATAGGGATCGT-1,0,Endo CLDN5 SLC7A5,0.4134439178931285,Endo CLDN5 SLC7A5,
AAGGAATGTACTCGTA-1,0,Oligo MOG OPALIN,0.4894353650801849,Endo CLDN5 SLC7A5,
AAGGTAACAACATCGT-1,0,Oligo MOG OPALIN,0.5340490363275852,Endo CLDN5 SLC7A5,
AAGGTAAGTCGGCTAC-1,0,Endo CLDN5 SLC7A5,0.7019799650190753,Endo CLDN5 SLC7A5,
AAGGTAATCAAGCTGT-1,1,Endo CLDN5 SLC7A5,0.9995901052764241,Endo CLDN5 SLC7A5,
AAGTACCAGAATGTTG-1,0,Endo CLDN5 SLC7A5,0.8969466742786424,Endo CLDN5 SLC7A5,
AAGTACCAGAGAGGTA-1,0,L2-3 CUX2 NTNG1 PALMD,0.3002277918104607,Endo CLDN5 SLC7A5,
AAGTACCAGTTGCGCC-1,0,Endo CLDN5 SLC7A5,0.8133442675738692,Endo CLDN5 SLC7A5,
AAGTACCCATGACTTG-1,0,Endo CLDN5 SLC7A5,0.8415246422890942,Endo CLDN5 SLC7A5,
AAGTACCTCACTGCTC-1,2,Oligo MOG OPALIN,0.9999188557368371,Oligo MOG OPALIN,
AAGTCGTAGAGATCGC-1,0,Endo CLDN5 SLC7A5,0.6191862110199826,Endo CLDN5 SLC7A5,
AAGTCGTCACGGTCTG-1,0,Oligo MOG OPALIN,0.996334758823069,Endo CLDN5 SLC7A5,
AAGTCGTCAGTGCCTG-1,0,Endo CLDN5 SLC7A5,0.4718286640858755,Endo CLDN5 SLC7A5,
AAGTCGTTCTCGCTCA-1,0,Oligo MOG OPALIN,0.9150652536733732,Endo CLDN5 SLC7A5,
AAGTGAACATGCCGGT-1,0,Endo CLDN5 SLC7A5,0.5129404515100656,Endo CLDN5 SLC7A5,
AAGTGAAGTAACAGGC-1,0,Oligo MOG OPALIN,0.968193843470819,Endo CLDN5 SLC7A5,
AAGTTCGAGGTGAGCT-1,0,Oligo MOG OPALIN,0.8697512225538404,Endo CLDN5 SLC7A5,
AAGTTCGAGTGCGACA-1,0,Endo CLDN5 SLC7A5,0.9189189657533761,Endo CLDN5 SLC7A5,
AAGTTCGCAGTATGAA-1,0,Endo CLDN5 SLC7A5,0.6375780318716213,Endo CLDN5 SLC7A5,
AAGTTCGGTTCAAACC-1,0,Endo CLDN5 SLC7A5,0.8845113219091687,Endo CLDN5 SLC7A5,
AAGTTCGTCTAACACG-1,0,Oligo MOG OPALIN,0.620702990690677,Endo CLDN5 SLC7A5,
AAGTTCGTCTCAAAGC-1,0,Oligo MOG OPALIN,0.9363477818769914,Endo CLDN5 SLC7A5,
AATAGAGAGATGACCG-1,0,Endo CLDN5 SLC7A5,0.7401162830685322,Endo CLDN5 SLC7A5,
AATAGAGGTACTGACT-1,0,Endo CLDN5 SLC7A5,0.5962239343526903,Endo CLDN5 SLC7A5,
AATAGAGGTAGTCACT-1,0,Endo CLDN5 SLC7A5,0.4465759451861389,Endo CLDN5 SLC7A5,
AATAGAGGTTTACGTG-1,0,Oligo MOG OPALIN,0.43091875675640395,Endo CLDN5 SLC7A5,
AATAGAGTCATGAGTC-1,2,Oligo MOG OPALIN,0.9999957486602273,Oligo MOG OPALIN,
AATAGAGTCCGGTTCT-1,0,Endo CLDN5 SLC7A5,0.8980276755164609,Endo CLDN5 SLC7A5,
AATCACGAGAAACTAC-1,0,Endo CLDN5 SLC7A5,0.4729344955304129,Endo CLDN5 SLC7A5,
AATCACGAGCTCACTA-1,0,Oligo MOG OPALIN,0.984835155588187,Endo CLDN5 SLC7A5,
AATCACGAGGCATCGA-1,0,Endo CLDN5 SLC7A5,0.7759062371816667,Endo CLDN5 SLC7A5,
AATCACGCAGTCAACT-1,0,Oligo MOG OPALIN,0.9805245918171561,Endo CLDN5 SLC7A5,
AATCACGCATAAGCGG-1,1,Endo CLDN5 SLC7A5,0.9880578461570702,Endo CLDN5 SLC7A5,
AATCGACCATCAGCAT-1,0,Oligo MOG OPALIN,0.968495219020898,Endo CLDN5 SLC7A5,
AATCGTGGTTAGTCGT-1,0,Oligo MOG OPALIN,0.8257144681085182,Endo CLDN5 SLC7A5,
AATGAAGAGAGCAAGA-1,0,Endo CLDN5 SLC7A5,0.5481330930260947,Endo CLDN5 SLC7A5,
AATGAAGCACTACACA-1,4,Endo CLDN5 SLC7A5,0.35993812031835104,Endo CLDN5 SLC7A5,
AATGACCAGTGCACTT-1,3,L6 OPRK1 THEMIS RGS6,0.6688262498979027,L2-3 CUX2 ACVR1C THSD7A,
AATGACCAGTGTTCAC-1,0,Endo CLDN5 SLC7A5,0.7918135695676574,Endo CLDN5 SLC7A5,
AATGACCGTAGCACGA-1,0,Oligo MOG OPALIN,0.8581168958129036,Endo CLDN5 SLC7A5,
AATGGAAAGTTGCGAG-1,0,SMC ACTA2 CNN1,0.9992205722698316,Endo CLDN5 SLC7A5,
AATGGAAGTACCAATC-1,5,Astro GFAP AQP1,0.9991844511094552,Astro AQP4 SLC1A2,
AATGGAAGTCGAGCTC-1,0,Endo CLDN5 SLC7A5,0.3646237551489956,Endo CLDN5 SLC7A5,
AATGGAAGTGCAACAG-1,0,Endo CLDN5 SLC7A5,0.7576896642845672,Endo CLDN5 SLC7A5,
AATGGCTAGCACCGAA-1,1,Endo CLDN5 SLC7A5,0.9910855007985516,Endo CLDN5 SLC7A5,
AATGGCTAGCCTGGAA-1,0,Oligo MOG OPALIN,0.8614949574157591,Endo CLDN5 SLC7A5,
AATGGCTAGGGATGTC-1,0,Endo CLDN5 SLC7A5,0.958068114090317,Endo CLDN5 SLC7A5,
AATGGCTCAGTTTCAG-1,0,Oligo MOG OPALIN,0.8951952577479425,Endo CLDN5 SLC7A5,
AATGGCTCATCTGGGC-1,0,Endo CLDN5 SLC7A5,0.9360484163956087,Endo CLDN5 SLC7A5,
AATTCCTAGATAGCAT-1,0,Oligo MOG OPALIN,0.9978862414458516,Endo CLDN5 SLC7A5,
AATTCCTCAAGTTCCA-1,0,L2-3 CUX2 NTNG1 PALMD,0.30042109069945605,Endo CLDN5 SLC7A5,
AATTCCTGTGATTCTG-1,0,Endo CLDN5 SLC7A5,0.4047387830078446,Endo CLDN5 SLC7A5,
AATTCCTTCTAAACGC-1,0,Endo CLDN5 SLC7A5,0.755516585722764,Endo CLDN5 SLC7A5,
AATTTCCAGTAAATGC-1,0,Oligo MOG OPALIN,0.8238574785156355,Endo CLDN5 SLC7A5,
AATTTCCGTCACGACC-1,0,Endo CLDN5 SLC7A5,0.8937021784069481,Endo CLDN5 SLC7A5,
AATTTCCTCCTTGGAA-1,0,Endo CLDN5 SLC7A5,0.39223348926796114,Endo CLDN5 SLC7A5,
ACAACCAAGCATGAAT-1,0,Endo CLDN5 SLC7A5,0.9255421774547031,Endo CLDN5 SLC7A5,
ACAACCATCTCCGAAA-1,0,Endo CLDN5 SLC7A5,0.7251734742222551,Endo CLDN5 SLC7A5,
ACAACCATCTCTTGCG-1,0,Oligo MOG OPALIN,0.3680051181229525,Endo CLDN5 SLC7A5,
ACAAGCTAGAATTGCA-1,0,Endo CLDN5 SLC7A5,0.42334979505999953,Endo CLDN5 SLC7A5,
ACACAGTAGTGCGCTC-1,0,Oligo MOG OPALIN,0.8638808600620602,Endo CLDN5 SLC7A5,
ACACAGTCATCTAGAC-1,0,Endo CLDN5 SLC7A5,0.7677871249492848,Endo CLDN5 SLC7A5,
ACACAGTCATGGAGAC-1,0,Endo CLDN5 SLC7A5,0.9712772239442521,Endo CLDN5 SLC7A5,
ACACAGTGTTGCTAGT-1,0,Oligo MOG OPALIN,0.6441639599568143,Endo CLDN5 SLC7A5,
ACACCAAAGTAATTGG-1,0,Endo CLDN5 SLC7A5,0.41687774620062035,Endo CLDN5 SLC7A5,
ACACCAAGTCGTACAT-1,2,Oligo MOG OPALIN,0.9999918858927769,Oligo MOG OPALIN,
ACACCAATCACCCTGT-1,0,Endo CLDN5 SLC7A5,0.36448931644751237,Endo CLDN5 SLC7A5,
ACACGCGCAGTAGAAT-1,0,L2-3 CUX2 NTNG1 PALMD,0.9931743488149349,Endo CLDN5 SLC7A5,
ACACGCGGTCAATGGG-1,1,Endo CLDN5 SLC7A5,0.9370393176072294,Endo CLDN5 SLC7A5,
ACACGCGGTGGCTACC-1,0,Oligo MOG OPALIN,0.71278016301443,Endo CLDN5 SLC7A5,
ACACGCGTCCATTTGT-1,0,Endo CLDN5 SLC7A5,0.4883998335866827,Endo CLDN5 SLC7A5,
ACACTGAGTAGCTGTT-1,0,Endo CLDN5 SLC7A5,0.5481136710724469,Endo CLDN5 SLC7A5,
ACACTGATCGAACGGA-1,1,Endo CLDN5 SLC7A5,0.9734662918554128,Endo CLDN5 SLC7A5,
ACACTGATCTTGGGCG-1,0,Oligo MOG OPALIN,0.660239262865967,Endo CLDN5 SLC7A5,
ACAGAAAGTTGGCCGT-1,1,Endo CLDN5 SLC7A5,0.9927781554898304,Endo CLDN5 SLC7A5,
ACAGAAATCCTTCTTC-1,6,Macro F13A1 COLEC12,0.9605634170291866,Micro P2RY12 APBB1IP,
ACAGCCGAGTGGCAGT-1,0,Endo CLDN5 SLC7A5,0.934554708350187,Endo CLDN5 SLC7A5,
ACAGCCGGTAGTGATA-1,0,Endo CLDN5 SLC7A5,0.3547185796447091,Endo CLDN5 SLC7A5,
ACAGCCGTCTTCGTAT-1,2,Oligo MOG OPALIN,0.9974501639204588,Oligo MOG OPALIN,
ACAGGGAAGCTGGCTC-1,0,OPC PDGFRA PCDH15,0.8715535058280317,Endo CLDN5 SLC7A5,
ACAGGGACAGGCATGA-1,1,Endo CLDN5 SLC7A5,0.49344787636324133,Endo CLDN5 SLC7A5,
ACATCCCGTGCAACGA-1,0,Oligo MOG OPALIN,0.8101305280257833,Endo CLDN5 SLC7A5,
ACATCGAAGTATCCTG-1,7,OPC PDGFRA PCDH15,0.9999999999972766,OPC PDGFRA PCDH15,
ACATCGACACCGTCGA-1,0,L2-3 CUX2 NTNG1 PALMD,0.7649766028064864,Endo CLDN5 SLC7A5,
ACATCGAGTGGTAATA-1,0,Endo CLDN5 SLC7A5,0.3373176133340034,Endo CLDN5 SLC7A5,
ACATGCAGTTTAGTCG-1,4,Endo CLDN5 SLC7A5,0.6391351369402548,Endo CLDN5 SLC7A5,
ACATTTCCAAAGCTAA-1,0,Endo CLDN5 SLC7A5,0.9963196457731329,Endo CLDN5 SLC7A5,
ACATTTCTCGAGGCAA-1,0,Endo CLDN5 SLC7A5,0.5453965847349481,Endo CLDN5 SLC7A5,
ACATTTCTCGGTAGGA-1,0,Endo CLDN5 SLC7A5,0.7429061759123514,Endo CLDN5 SLC7A5,
ACCAAACAGCTGCCAC-1,0,Endo CLDN5 SLC7A5,0.6476352979264088,Endo CLDN5 SLC7A5,
ACCAAACCAGCTTTGA-1,3,L6 FEZF2 NPFFR2 KCNK2,0.935321756104734,L2-3 CUX2 ACVR1C THSD7A,
ACCAAACCATTGTACG-1,0,Endo CLDN5 SLC7A5,0.7561325988142612,Endo CLDN5 SLC7A5,
ACCAAACGTCTACGTA-1,0,Oligo MOG OPALIN,0.6348183385009536,Endo CLDN5 SLC7A5,
ACCAACAAGACAGCTG-1,0,Endo CLDN5 SLC7A5,0.7296935902972373,Endo CLDN5 SLC7A5,
ACCAACACATAGAGGC-1,0,Endo CLDN5 SLC7A5,0.4912578606421243,Endo CLDN5 SLC7A5,
ACCAACATCCCTTGGT-1,0,Endo CLDN5 SLC7A5,0.5140354342298191,Endo CLDN5 SLC7A5,
ACCAACATCGCTTGCT-1,0,Endo CLDN5 SLC7A5,0.9926300003814814,Endo CLDN5 SLC7A5,
ACCAACATCTTCGACC-1,0,Endo CLDN5 SLC7A5,0.9017545505835418,Endo CLDN5 SLC7A5,
ACCACAACAAAGGGTC-1,0,Endo CLDN5 SLC7A5,0.7898022584788091,Endo CLDN5 SLC7A5,
ACCACAACAGTTAAAG-1,0,Oligo MOG OPALIN,0.4154566305688519,Endo CLDN5 SLC7A5,
ACCACAATCAGGTAAA-1,0,Oligo MOG OPALIN,0.3477531406978717,Endo CLDN5 SLC7A5,
ACCACAATCATTCGGA-1,0,Oligo MOG OPALIN,0.4182187559837055,Endo CLDN5 SLC7A5,
ACCACAATCCATCAGA-1,0,Endo CLDN5 SLC7A5,0.7370643474707146,Endo CLDN5 SLC7A5,
ACCACAATCTCTTGCG-1,0,L2-3 CUX2 NTNG1 PLCH1,0.3942970743494082,Endo CLDN5 SLC7A5,
ACCATTTAGGATTCCT-1,0,Endo CLDN5 SLC7A5,0.6443014394213673,Endo CLDN5 SLC7A5,
ACCATTTTCTTTCGAT-1,1,Endo CLDN5 SLC7A5,0.8999552978901415,Endo CLDN5 SLC7A5,
ACCCAAAAGCCATATC-1,0,L2-3 CUX2 NTNG1 PALMD,0.653304610219216,Endo CLDN5 SLC7A5,
ACCCAAACAGCGTAGA-1,1,Endo CLDN5 SLC7A5,0.9990745263779944,Endo CLDN5 SLC7A5,
ACCCAAAGTGGATACG-1,0,Endo CLDN5 SLC7A5,0.9791739401214339,Endo CLDN5 SLC7A5,
ACCCTCAAGTCCCGAC-1,0,Endo CLDN5 SLC7A5,0.761291076780004,Endo CLDN5 SLC7A5,
ACCCTCAGTCTGTAAC-1,0,Endo CLDN5 SLC7A5,0.8724685073270594,Endo CLDN5 SLC7A5,
ACCCTTGAGGAGCTGT-1,0,Endo CLDN5 SLC7A5,0.9017773558172111,Endo CLDN5 SLC7A5,
ACCCTTGGTCTTTATC-1,0,Endo CLDN5 SLC7A5,0.9586135966567049,Endo CLDN5 SLC7A5,
ACCCTTGGTTATGTCG-1,0,Oligo MOG OPALIN,0.328653568020761,Endo CLDN5 SLC7A5,
ACCCTTGTCATTCCTA-1,2,Oligo MOG OPALIN,0.9997372922642795,Oligo MOG OPALIN,
ACCCTTGTCGCGTCGA-1,0,Endo CLDN5 SLC7A5,0.8562702335547547,Endo CLDN5 SLC7A5,
ACCTACCTCAACTTTC-1,0,Oligo MOG OPALIN,0.7490320630652335,Endo CLDN5 SLC7A5,
ACCTGAAAGTCCCGAC-1,0,Endo CLDN5 SLC7A5,0.8749007075047822,Endo CLDN5 SLC7A5,
ACCTGAACAATAACGA-1,0,Endo CLDN5 SLC7A5,0.9561032946036028,Endo CLDN5 SLC7A5,
ACCTGAACAGTTGTTG-1,3,L6 OPRK1 SMYD1 KCND2,0.8307130041308274,L2-3 CUX2 ACVR1C THSD7A,
ACCTGAACATGACTGT-1,0,Oligo MOG OPALIN,0.3326474990988655,Endo CLDN5 SLC7A5,
ACCTGAATCAGTGTTG-1,6,L5-6 FEZF2 NXPH2 CDH8,0.36377341375251854,Micro P2RY12 APBB1IP,
ACCTGAATCGTCAGAT-1,1,Endo CLDN5 SLC7A5,0.3871342303255672,Endo CLDN5 SLC7A5,
ACCTGAATCTATGTGG-1,0,Endo CLDN5 SLC7A5,0.5105600269717764,Endo CLDN5 SLC7A5,
ACGATCAAGCTGGCCT-1,0,Endo CLDN5 SLC7A5,0.6428583470692436,Endo CLDN5 SLC7A5,
ACGATCACACTCCTGT-1,0,Oligo MOG OPALIN,0.7655187418338983,Endo CLDN5 SLC7A5,
ACGATCACATAATGAG-1,0,Oligo MOG OPALIN,0.6899991068320694,Endo CLDN5 SLC7A5,
ACGATCAGTGCCGTTG-1,0,Oligo MOG OPALIN,0.4936122200930463,Endo CLDN5 SLC7A5,
ACGATCATCACTGTTT-1,0,Oligo MOG OPALIN,0.9180101540151915,Endo CLDN5 SLC7A5,
ACGATCATCCGTTGAA-1,0,Endo CLDN5 SLC7A5,0.5558944363175864,Endo CLDN5 SLC7A5,
ACGATCATCGAACGCC-1,0,Endo CLDN5 SLC7A5,0.6681763752893588,Endo CLDN5 SLC7A5,
ACGATCATCTGAGGCC-1,0,Endo CLDN5 SLC7A5,0.9206635423118315,Endo CLDN5 SLC7A5,
ACGATGTAGGCCTGCT-1,0,Oligo MOG OPALIN,0.38906442788817297,Endo CLDN5 SLC7A5,
ACGATGTCACAGCCTG-1,0,Endo CLDN5 SLC7A5,0.8552857415529064,Endo CLDN5 SLC7A5,
ACGATGTGTGTTTGCA-1,0,Oligo MOG OPALIN,0.5469858987435382,Endo CLDN5 SLC7A5,
ACGCACGAGACCGTTT-1,0,Endo CLDN5 SLC7A5,0.5183148750904197,Endo CLDN5 SLC7A5,
ACGCACGAGCACCAGA-1,0,Endo CLDN5 SLC7A5,0.30591143601610316,Endo CLDN5 SLC7A5,
ACGCACGCACTCAAGT-1,1,Endo CLDN5 SLC7A5,0.9544368145813823,Endo CLDN5 SLC7A5,
ACGGAAGGTGTGTCGC-1,0,Endo CLDN5 SLC7A5,0.8747869735026532,Endo CLDN5 SLC7A5,
ACGGAAGGTTCGAACT-1,0,Endo CLDN5 SLC7A5,0.825299043358614,Endo CLDN5 SLC7A5,
ACGGAAGTCAACTCTT-1,4,Endo CLDN5 SLC7A5,0.9995280654616493,Endo CLDN5 SLC7A5,
ACGGGTCAGATAGGGA-1,0,Oligo MOG OPALIN,0.5330389086571746,Endo CLDN5 SLC7A5,
ACGGGTCCAATGCTCA-1,0,Endo CLDN5 SLC7A5,0.41723503637729487,Endo CLDN5 SLC7A5,
ACGGGTCTCGTCAGAT-1,0,Oligo MOG OPALIN,0.7603891008010126,Endo CLDN5 SLC7A5,
ACGGTCGAGCATGGGT-1,0,L2-3 CUX2 NTNG1 PALMD,0.3178118422958174,Endo CLDN5 SLC7A5,
ACGGTCGTCTACCTTA-1,0,Endo CLDN5 SLC7A5,0.7766989260363654,Endo CLDN5 SLC7A5,
ACGGTTAAGGCATGCA-1,0,Endo CLDN5 SLC7A5,0.6536399373011719,Endo CLDN5 SLC7A5,
ACGGTTAGTACTCGAT-1,0,Oligo MOG OPALIN,0.8823648024093301,Endo CLDN5 SLC7A5,
ACGGTTAGTGGTAACG-1,0,Oligo MOG OPALIN,0.39816967170216433,Endo CLDN5 SLC7A5,
ACGGTTAGTTGCGGCT-1,0,Endo CLDN5 SLC7A5,0.8123114605129468,Endo CLDN5 SLC7A5,
ACGGTTATCAACTCTT-1,0,Oligo MOG OPALIN,0.41193532319035747,Endo CLDN5 SLC7A5,
ACGGTTATCTAGATCG-1,0,Endo CLDN5 SLC7A5,0.31872911580176366,Endo CLDN5 SLC7A5,
ACGTAACCAACACGTT-1,0,Endo CLDN5 SLC7A5,0.3024881545920232,Endo CLDN5 SLC7A5,
ACGTAACTCTCCTGCA-1,0,Endo CLDN5 SLC7A5,0.7082352966696338,Endo CLDN5 SLC7A5,
ACGTACAAGGTCTGGA-1,0,Oligo MOG OPALIN,0.9973099592067111,Endo CLDN5 SLC7A5,
ACGTACAGTCTGATAC-1,0,Endo CLDN5 SLC7A5,0.8249673877714946,Endo CLDN5 SLC7A5,
ACGTACAGTGCTATTG-1,0,L2-3 CUX2 NTNG1 PALMD,0.5866932690016905,Endo CLDN5 SLC7A5,
ACGTAGTAGGTTCAGG-1,0,Oligo MOG OPALIN,0.3429099623639569,Endo CLDN5 SLC7A5,
ACGTAGTCAAGCAATA-1,0,L2-3 CUX2 NTNG1 PLCH1,0.4264467084619084,Endo CLDN5 SLC7A5,
ACGTAGTGTGGCTTGC-1,0,Endo CLDN5 SLC7A5,0.3056439812834568,Endo CLDN5 SLC7A5,
ACGTAGTTCACACCCT-1,0,Endo CLDN5 SLC7A5,0.8605967492524548,Endo CLDN5 SLC7A5,
ACGTAGTTCGATTCCC-1,1,Endo CLDN5 SLC7A5,0.6996894404905073,Endo CLDN5 SLC7A5,
ACGTAGTTCGTAGTCA-1,0,Endo CLDN5 SLC7A5,0.479286642747482,Endo CLDN5 SLC7A5,
ACGTCCTAGAGTGTTA-1,0,Endo CLDN5 SLC7A5,0.6229384609072911,Endo CLDN5 SLC7A5,
ACGTCCTTCCAAATGC-1,0,Endo CLDN5 SLC7A5,0.6702501097556067,Endo CLDN5 SLC7A5,
ACGTCCTTCCCAGTGG-1,4,Endo CLDN5 SLC7A5,0.9850950009676036,Endo CLDN5 SLC7A5,
ACGTTCCCAGCGTGCT-1,0,Endo CLDN5 SLC7A5,0.5228021433127948,Endo CLDN5 SLC7A5,
ACGTTCCCATGTCGTA-1,0,Endo CLDN5 SLC7A5,0.3780779907087065,Endo CLDN5 SLC7A5,
ACTACGACAGCCTTCT-1,0,L2-3 CUX2 NTNG1 PALMD,0.3376642615839324,Endo CLDN5 SLC7A5,
ACTACGAGTGTAGTGG-1,0,Oligo MOG OPALIN,0.9171920750514778,Endo CLDN5 SLC7A5,
ACTATCTCAGAATCGG-1,0,Endo CLDN5 SLC7A5,0.9573823243930978,Endo CLDN5 SLC7A5,
ACTATCTCATCACCAA-1,1,Endo CLDN5 SLC7A5,0.916819693381358,Endo CLDN5 SLC7A5,
ACTATGGGTACAATAG-1,0,Oligo MOG OPALIN,0.9655314495492011,Endo CLDN5 SLC7A5,
ACTATGGGTAGCGAGT-1,0,Endo CLDN5 SLC7A5,0.8382243771571275,Endo CLDN5 SLC7A5,
ACTATTCAGGCGTTGA-1,8,InN SST TRPC7,0.3323647309156124,InN VIP HS3ST3B1,
ACTATTCCAGATTTCG-1,2,Oligo MOG OPALIN,0.9709069062441747,Oligo MOG OPALIN,
ACTCCCAGTACTGACT-1,0,Endo CLDN5 SLC7A5,0.4405706287387718,Endo CLDN5 SLC7A5,
ACTCTCGGTAGCTAAA-1,0,Oligo MOG OPALIN,0.7297627757529482,Endo CLDN5 SLC7A5,
ACTCTCGTCCCTCAAC-1,0,Endo CLDN5 SLC7A5,0.9940813427783554,Endo CLDN5 SLC7A5,
ACTGATGAGACACACG-1,0,L2-3 CUX2 NTNG1 PALMD,0.9693075253047854,Endo CLDN5 SLC7A5,
ACTGATGCATTCGGGC-1,0,Endo CLDN5 SLC7A5,0.34646572076899557,Endo CLDN5 SLC7A5,
ACTGCAAAGTATGAAC-1,0,Endo CLDN5 SLC7A5,0.5812766598625957,Endo CLDN5 SLC7A5,
ACTGCAACAGGACATG-1,0,Endo CLDN5 SLC7A5,0.3388727357968325,Endo CLDN5 SLC7A5,
ACTGCAAGTACGATGG-1,0,Endo CLDN5 SLC7A5,0.8604241894742123,Endo CLDN5 SLC7A5,
ACTGCAAGTCGACGCT-1,1,Endo CLDN5 SLC7A5,0.9180239357705421,Endo CLDN5 SLC7A5,
ACTGCAAGTGCAATGG-1,6,Micro P2RY12 APBB1IP,0.9792180407090783,Micro P2RY12 APBB1IP,
ACTGCAAGTTGTTGTG-1,0,Endo CLDN5 SLC7A5,0.4194906745979736,Endo CLDN5 SLC7A5,
ACTGCAATCAAGCCAT-1,0,Oligo MOG OPALIN,0.6505646705062892,Endo CLDN5 SLC7A5,
ACTGCAATCGAGAGCA-1,0,Endo CLDN5 SLC7A5,0.9688245333060945,Endo CLDN5 SLC7A5,
ACTGTCCCAACACGAG-1,0,Endo CLDN5 SLC7A5,0.7038557776296113,Endo CLDN5 SLC7A5,
ACTGTCCGTGAAAGTT-1,7,OPC PDGFRA PCDH15,0.9999999999869313,OPC PDGFRA PCDH15,
ACTGTGAAGGGCCCTT-1,0,Endo CLDN5 SLC7A5,0.5501289541762044,Endo CLDN5 SLC7A5,
ACTGTGACACGACGCT-1,3,L3-5 RORB MKX DCC,0.388071152626147,L2-3 CUX2 ACVR1C THSD7A,
ACTTAGGAGAATCGTA-1,1,Endo CLDN5 SLC7A5,0.9963031028987304,Endo CLDN5 SLC7A5,
ACTTAGGCAGTTAAAG-1,0,Endo CLDN5 SLC7A5,0.9640118329495637,Endo CLDN5 SLC7A5,
ACTTAGGCAGTTTGGT-1,8,InN SST FREM1,0.9997237567947099,InN VIP HS3ST3B1,
ACTTAGGTCATCTACT-1,3,L2-4 CUX2 RORB CLMN,0.9912950272620108,L2-3 CUX2 ACVR1C THSD7A,
ACTTATCAGGATCACG-1,0,L2-3 CUX2 NTNG1 PALMD,0.36225687749276225,Endo CLDN5 SLC7A5,
ACTTATCCATCAGCTA-1,0,Endo CLDN5 SLC7A5,0.846355437571744,Endo CLDN5 SLC7A5,
ACTTATCGTACCGTGC-1,0,Endo CLDN5 SLC7A5,0.40158062953008683,Endo CLDN5 SLC7A5,
ACTTATCTCGCGGTAC-1,8,InN ADARB2 FAM19A1,0.9999281497931146,InN VIP HS3ST3B1,
ACTTCCGCACTATGTG-1,1,Endo CLDN5 SLC7A5,0.9972372708922226,Endo CLDN5 SLC7A5,
ACTTCCGGTAGTCCTA-1,0,Endo CLDN5 SLC7A5,0.580638076743619,Endo CLDN5 SLC7A5,
ACTTCCGGTGGTCCGT-1,0,Oligo MOG OPALIN,0.8889522239563049,Endo CLDN5 SLC7A5,
ACTTCCGGTGTCATGT-1,2,Oligo MOG OPALIN,0.9340391282969362,Oligo MOG OPALIN,
ACTTCCGGTGTCTAAC-1,0,Oligo MOG OPALIN,0.5446343877875315,Endo CLDN5 SLC7A5,
ACTTCCGGTTATGGTC-1,1,Endo CLDN5 SLC7A5,0.9996235445694793,Endo CLDN5 SLC7A5,
ACTTCGCAGGTGAGAA-1,0,Endo CLDN5 SLC7A5,0.448779156639214,Endo CLDN5 SLC7A5,
ACTTCGCGTTCCTAAG-1,0,Endo CLDN5 SLC7A5,0.8328435660074978,Endo CLDN5 SLC7A5,
ACTTCGCTCCTCTAGC-1,2,Oligo MOG OPALIN,0.9999007348692216,Oligo MOG OPALIN,
ACTTCGCTCTCCCATG-1,0,Oligo MOG OPALIN,0.9699616357549226,Endo CLDN5 SLC7A5,
ACTTTCACATAGTCAC-1,0,Endo CLDN5 SLC7A5,0.35265563099509406,Endo CLDN5 SLC7A5,
ACTTTCAGTCCCTAAA-1,0,Oligo MOG OPALIN,0.3648564932094974,Endo CLDN5 SLC7A5,
ACTTTCAGTTGGTACT-1,2,Oligo MOG OPALIN,0.999998671089703,Oligo MOG OPALIN,
ACTTTGTAGTCATGGG-1,0,Endo CLDN5 SLC7A5,0.4601610652241104,Endo CLDN5 SLC7A5,
ACTTTGTCATATGCGT-1,2,Oligo MOG OPALIN,0.9969667409552254,Oligo MOG OPALIN,
ACTTTGTGTCATCGCG-1,2,Oligo MOG OPALIN,0.9991399152698431,Oligo MOG OPALIN,
ACTTTGTGTTCTAAGC-1,4,PC P2RY14 GRM8,0.9998177051729993,Endo CLDN5 SLC7A5,
AGAAATGGTCGTACAT-1,0,Oligo MOG OPALIN,0.9875711545607258,Endo CLDN5 SLC7A5,
AGAACAAAGAACAGGA-1,0,Endo CLDN5 SLC7A5,0.6677279562159756,Endo CLDN5 SLC7A5,
AGAACAAAGATCCCAT-1,8,InN PVALB GRIN2C,0.9042614165472609,InN VIP HS3ST3B1,
AGAACAAAGTTGAAAC-1,0,Endo CLDN5 SLC7A5,0.8935125361049409,Endo CLDN5 SLC7A5,
AGAACAACATCGTTCC-1,0,OPC PDGFRA PCDH15,0.33640343557920094,Endo CLDN5 SLC7A5,
AGAACAAGTCGAATGG-1,0,Oligo MOG OPALIN,0.35647924558876626,Endo CLDN5 SLC7A5,
AGAACCTCATGTGCCG-1,0,Oligo MOG OPALIN,0.994526494332287,Endo CLDN5 SLC7A5,
AGAACCTGTGGATGAC-1,5,Astro GFAP FABP7,0.9579948838259094,Astro AQP4 SLC1A2,
AGAAGCGTCGGAAACG-1,0,Endo CLDN5 SLC7A5,0.8726525151840245,Endo CLDN5 SLC7A5,
AGAAGTAGTTCTTCAT-1,0,Oligo MOG OPALIN,0.42815207288039997,Endo CLDN5 SLC7A5,
AGAAGTAGTTTAGACC-1,0,Oligo MOG OPALIN,0.9951728439515921,Endo CLDN5 SLC7A5,
AGAAGTATCCCAAGTA-1,1,Endo CLDN5 SLC7A5,0.9814260977116559,Endo CLDN5 SLC7A5,
AGACAAACACCGGAAA-1,0,Oligo MOG OPALIN,0.9497311301508344,Endo CLDN5 SLC7A5,
AGACAAATCCATACAG-1,0,Endo CLDN5 SLC7A5,0.40977891690896096,Endo CLDN5 SLC7A5,
AGACAGGAGTGAGCCA-1,0,Endo CLDN5 SLC7A5,0.8435983876634175,Endo CLDN5 SLC7A5,
AGACAGGCACACCGCA-1,0,Endo CLDN5 SLC7A5,0.4532250031069795,Endo CLDN5 SLC7A5,
AGACAGGCAGATACCT-1,0,Oligo MOG OPALIN,0.7077473233351772,Endo CLDN5 SLC7A5,
AGACAGGCAGGTGTTT-1,2,Oligo MOG OPALIN,0.9999980322931971,Oligo MOG OPALIN,
AGACAGGGTGGTCTCG-1,1,Endo CLDN5 SLC7A5,0.9951804136745545,Endo CLDN5 SLC7A5,
AGACCATCAAATTGCC-1,0,Oligo MOG OPALIN,0.8704975306946712,Endo CLDN5 SLC7A5,
AGACCATGTTTCGATG-1,3,L6 OPRK1 THEMIS RGS6,0.996323524416269,L2-3 CUX2 ACVR1C THSD7A,
AGACCCGAGTAGGGTC-1,0,Oligo MOG OPALIN,0.8190693361366826,Endo CLDN5 SLC7A5,
AGACCCGAGTCTCCTC-1,2,Oligo MOG OPALIN,0.975880251356654,Oligo MOG OPALIN,
AGACCCGCACTTCTCG-1,0,Oligo MOG GSN,0.5297859007787511,Endo CLDN5 SLC7A5,
AGACCCGCAGTTACCA-1,5,Astro GFAP AQP1,0.9970775783542879,Astro AQP4 SLC1A2,
AGACCCGCATAATGCC-1,3,L6 FEZF2 SYT6 CDH9,0.9990150324745976,L2-3 CUX2 ACVR1C THSD7A,
AGACCCGGTCTACAGT-1,0,Endo CLDN5 SLC7A5,0.3708449213617073,Endo CLDN5 SLC7A5,
AGACCCGTCCTAACAG-1,0,Endo CLDN5 SLC7A5,0.823237708435063,Endo CLDN5 SLC7A5,
AGACTCAAGCGCCCAT-1,0,Oligo MOG OPALIN,0.763176788393925,Endo CLDN5 SLC7A5,
AGACTCACAAATCAAG-1,1,Endo CLDN5 SLC7A5,0.9926080613734637,Endo CLDN5 SLC7A5,
AGACTCATCTAACGCA-1,0,Oligo MOG OPALIN,0.7086789570174579,Endo CLDN5 SLC7A5,
AGAGAATAGGTACATA-1,0,Oligo MOG OPALIN,0.3851133481548509,Endo CLDN5 SLC7A5,
AGAGAGCAGCACTCCG-1,0,Endo CLDN5 SLC7A5,0.66486123116622,Endo CLDN5 SLC7A5,
AGAGAGCAGTTTCGGT-1,0,Oligo MOG OPALIN,0.43816127388342524,Endo CLDN5 SLC7A5,
AGAGAGCCAAGTACCT-1,1,Endo CLDN5 SLC7A5,0.9855400859493495,Endo CLDN5 SLC7A5,
AGAGAGCCAGACCCGT-1,0,Endo CLDN5 SLC7A5,0.9872781465078494,Endo CLDN5 SLC7A5,
AGAGAGCCAGGTTCAT-1,0,Endo CLDN5 SLC7A5,0.769671402751756,Endo CLDN5 SLC7A5,
AGAGAGCCATGCAGGA-1,0,Oligo MOG OPALIN,0.4923197673139661,Endo CLDN5 SLC7A5,
AGAGAGCCATGTGCTA-1,0,Endo CLDN5 SLC7A5,0.3344221417785745,Endo CLDN5 SLC7A5,
AGAGAGCGTTCTCAGA-1,1,Endo CLDN5 SLC7A5,0.9793836083904035,Endo CLDN5 SLC7A5,
AGAGAGCTCGCCAGTG-1,0,Endo CLDN5 SLC7A5,0.5300614277797678,Endo CLDN5 SLC7A5,
AGAGCAGAGCGTTACT-1,2,Oligo MOG OPALIN,0.9995914572789544,Oligo MOG OPALIN,
AGAGCCCCAGAGTAAT-1,0,Endo CLDN5 SLC7A5,0.9554139249292467,Endo CLDN5 SLC7A5,
AGAGCCCGTCTCCCTA-1,0,Endo CLDN5 SLC7A5,0.37377824120114655,Endo CLDN5 SLC7A5,
AGAGCCCTCGGCTGAC-1,0,Oligo MOG OPALIN,0.6290321285370589,Endo CLDN5 SLC7A5,
AGATAGAAGAAGCTCG-1,0,L2-3 CUX2 NTNG1 PALMD,0.9115935189503951,Endo CLDN5 SLC7A5,
AGATAGAGTTGGCCGT-1,0,Endo CLDN5 SLC7A5,0.4840976806160066,Endo CLDN5 SLC7A5,
AGATCCAAGGATGCGT-1,0,Endo CLDN5 SLC7A5,0.6336380776966016,Endo CLDN5 SLC7A5,
AGATCCAAGTTGAAGT-1,0,Oligo MOG OPALIN,0.8128843134229871,Endo CLDN5 SLC7A5,
AGATCCAGTAACACGG-1,1,Endo CLDN5 SLC7A5,0.985378384015468,Endo CLDN5 SLC7A5,
AGATCGTGTTCAGCGC-1,0,Endo CLDN5 SLC7A5,0.919252104655086,Endo CLDN5 SLC7A5,
AGATGAACATTAAAGG-1,0,Endo CLDN5 SLC7A5,0.901358804113188,Endo CLDN5 SLC7A5,
AGATGAAGTCGCTCGA-1,0,Endo CLDN5 SLC7A5,0.8466412946749633,Endo CLDN5 SLC7A5,
AGATGAAGTGCCTGCA-1,0,Endo CLDN5 SLC7A5,0.5367068741818739,Endo CLDN5 SLC7A5,
AGATGAATCCATAAGC-1,0,Endo CLDN5 SLC7A5,0.7206973191623112,Endo CLDN5 SLC7A5,
AGATGAATCTTCGACC-1,0,Endo CLDN5 SLC7A5,0.5457507906931794,Endo CLDN5 SLC7A5,
AGATGCTCAGGCTACC-1,1,Oligo MOG OPALIN,0.7875459156582346,Endo CLDN5 SLC7A5,
AGATGCTGTCTGCGCA-1,2,Oligo MOG OPALIN,0.9456482564245893,Oligo MOG OPALIN,
AGATGCTGTGAATGTA-1,0,Endo CLDN5 SLC7A5,0.8785645611603831,Endo CLDN5 SLC7A5,
AGCATCAAGACGAAGA-1,1,Endo CLDN5 SLC7A5,0.9899842945039662,Endo CLDN5 SLC7A5,
AGCATCACACGCGCAT-1,0,Endo CLDN5 SLC7A5,0.31719257650930677,Endo CLDN5 SLC7A5,
AGCATCAGTGACACAG-1,1,Endo CLDN5 SLC7A5,0.9972727177351904,Endo CLDN5 SLC7A5,
AGCCAATAGACGATAT-1,0,Endo CLDN5 SLC7A5,0.5762296302939889,Endo CLDN5 SLC7A5,
AGCCAATCATACCACA-1,0,Endo CLDN5 SLC7A5,0.9608769367866079,Endo CLDN5 SLC7A5,
AGCCAATGTATACGGG-1,0,Astro GFAP AQP1,0.31818508055085165,Endo CLDN5 SLC7A5,
AGCCACGAGACGGATC-1,1,Endo CLDN5 SLC7A5,0.9946481960251216,Endo CLDN5 SLC7A5,
AGCCACGGTGCCCAGT-1,0,Endo CLDN5 SLC7A5,0.9776464368814493,Endo CLDN5 SLC7A5,
AGCCACGTCGGCTATA-1,0,Endo CLDN5 SLC7A5,0.427394964815695,Endo CLDN5 SLC7A5,
AGCCAGCAGTCGCCAC-1,0,Oligo MOG OPALIN,0.3467544017113336,Endo CLDN5 SLC7A5,
AGCCAGCTCACCACAA-1,0,Endo CLDN5 SLC7A5,0.4556256144155609,Endo CLDN5 SLC7A5,
AGCGATTAGATGTTAG-1,0,Endo CLDN5 SLC7A5,0.4483197988748075,Endo CLDN5 SLC7A5,
AGCGATTTCCCTCTCC-1,0,Endo CLDN5 SLC7A5,0.5834116066890012,Endo CLDN5 SLC7A5,
AGCGATTTCCTCTCTT-1,2,Oligo MOG OPALIN,0.9999525257195173,Oligo MOG OPALIN,
AGCGCCAGTGCAGGAT-1,1,Endo CLDN5 SLC7A5,0.9849526020840145,Endo CLDN5 SLC7A5,
AGCGCCAGTGTAGCAG-1,0,L2-3 CUX2 NTNG1 PALMD,0.7954293724090886,Endo CLDN5 SLC7A5,
AGCGCTGCAGGCTATT-1,0,Endo CLDN5 SLC7A5,0.3044932257179517,Endo CLDN5 SLC7A5,
AGCGTATAGCTTCGTA-1,0,Endo CLDN5 SLC7A5,0.6839158771891201,Endo CLDN5 SLC7A5,
AGCGTATAGGTGCAGT-1,0,Endo CLDN5 SLC7A5,0.35292847839000857,Endo CLDN5 SLC7A5,
AGCGTATCACGACGTC-1,0,Endo CLDN5 SLC7A5,0.8127796183913824,Endo CLDN5 SLC7A5,
AGCGTATTCTCTCGCA-1,0,Endo CLDN5 SLC7A5,0.7158437674737309,Endo CLDN5 SLC7A5,
AGCGTCGCAGAGAAAG-1,0,Endo CLDN5 SLC7A5,0.8042558605189456,Endo CLDN5 SLC7A5,
AGCGTCGCATCGATCA-1,0,Endo CLDN5 SLC7A5,0.7696269825275032,Endo CLDN5 SLC7A5,
AGCGTCGCATGACTTG-1,0,Oligo MOG OPALIN,0.5476599034589767,Endo CLDN5 SLC7A5,
AGCGTCGGTTGACTAC-1,5,Endo CLDN5 SLC7A5,0.9490116322255296,Astro AQP4 SLC1A2,
AGCTACAAGATGGTAT-1,0,Endo CLDN5 SLC7A5,0.5546987483402431,Endo CLDN5 SLC7A5,
AGCTACAAGGTGCATG-1,6,Endo CLDN5 SLC7A5,0.3020189999870088,Micro P2RY12 APBB1IP,
AGCTACAAGGTTCCAT-1,0,Endo CLDN5 SLC7A5,0.8560969621262591,Endo CLDN5 SLC7A5,
AGCTACAGTCAAGGCA-1,0,L2-3 CUX2 NTNG1 COL5A2,0.7794762183176108,Endo CLDN5 SLC7A5,
AGCTACAGTCGAAACG-1,0,Micro P2RY12 APBB1IP,0.6467965325426214,Endo CLDN5 SLC7A5,
AGCTACATCAGGGTAG-1,1,Endo CLDN5 SLC7A5,0.9940020843460807,Endo CLDN5 SLC7A5,
AGCTCAAAGCGCCCAT-1,0,Oligo MOG OPALIN,0.5262614973783352,Endo CLDN5 SLC7A5,
AGCTTCCCAACGTTAC-1,1,Endo CLDN5 SLC7A5,0.9951601247370884,Endo CLDN5 SLC7A5,
AGCTTCCCACAGCATT-1,1,Endo CLDN5 SLC7A5,0.8825821198911687,Endo CLDN5 SLC7A5,
AGCTTCCCATTGTCGA-1,1,Endo CLDN5 SLC7A5,0.9970660431376486,Endo CLDN5 SLC7A5,
AGCTTCCGTACAAAGT-1,1,Endo CLDN5 SLC7A5,0.9984465283345304,Endo CLDN5 SLC7A5,
AGCTTCCGTCTTGAAC-1,0,Endo CLDN5 SLC7A5,0.8538024641068759,Endo CLDN5 SLC7A5,
AGCTTCCTCCGCACGA-1,0,Oligo MOG OPALIN,0.9614324780179294,Endo CLDN5 SLC7A5,
AGGAAATCACGACAAG-1,0,Oligo MOG OPALIN,0.40357416087497183,Endo CLDN5 SLC7A5,
AGGAAATCATTCACCC-1,0,L2-3 CUX2 NTNG1 PALMD,0.963704659629815,Endo CLDN5 SLC7A5,
AGGAAATGTAGCGTAG-1,0,Endo CLDN5 SLC7A5,0.4700870985677818,Endo CLDN5 SLC7A5,
AGGAAATTCCTCACCA-1,1,Endo CLDN5 SLC7A5,0.9985321860875144,Endo CLDN5 SLC7A5,
AGGAAATTCGTACACA-1,0,Endo CLDN5 SLC7A5,0.909685474981693,Endo CLDN5 SLC7A5,
AGGAATATCTCGGCTT-1,3,L2-3 CUX2 ACVR1C THSD7A,0.7961034682038439,L2-3 CUX2 ACVR1C THSD7A,
AGGACGACACGTACTA-1,0,Oligo MOG OPALIN,0.923087259603489,Endo CLDN5 SLC7A5,
AGGACGAGTGGGTATG-1,0,Endo CLDN5 SLC7A5,0.8883295590800986,Endo CLDN5 SLC7A5,
AGGACTTAGACGAGCT-1,2,Oligo MOG OPALIN,0.9998878989270872,Oligo MOG OPALIN,
AGGACTTAGTGAGGTC-1,0,Endo CLDN5 SLC7A5,0.9823185841473874,Endo CLDN5 SLC7A5,
AGGACTTCAATTAGGA-1,0,Endo CLDN5 SLC7A5,0.47874853242195053,Endo CLDN5 SLC7A5,
AGGACTTCAGAGAATT-1,0,Endo CLDN5 SLC7A5,0.9661708479812079,Endo CLDN5 SLC7A5,
AGGACTTTCTCGACGG-1,0,Endo CLDN5 SLC7A5,0.9621789039874091,Endo CLDN5 SLC7A5,
AGGAGGTAGACCAACG-1,0,Endo CLDN5 SLC7A5,0.9070336647757733,Endo CLDN5 SLC7A5,
AGGAGGTAGCCATATC-1,0,Endo CLDN5 SLC7A5,0.6163577620802446,Endo CLDN5 SLC7A5,
AGGAGGTAGGGCAGGA-1,1,Endo CLDN5 SLC7A5,0.999324215314094,Endo CLDN5 SLC7A5,
AGGAGGTAGTGGAATT-1,2,Oligo MOG OPALIN,0.9998384069626588,Oligo MOG OPALIN,
AGGAGGTGTTGCTAGT-1,0,Oligo MOG OPALIN,0.5680346091485697,Endo CLDN5 SLC7A5,
AGGAGGTTCGGCGATC-1,0,Oligo MOG OPALIN,0.9249422409397018,Endo CLDN5 SLC7A5,
AGGATAAAGAGCTTTC-1,0,Oligo MOG OPALIN,0.7591975915966397,Endo CLDN5 SLC7A5,
AGGATAAGTTTAGTCG-1,3,L2-3 CUX2 NTNG1 PALMD,0.9000115853445158,L2-3 CUX2 ACVR1C THSD7A,
AGGCATTAGAATACAC-1,0,Oligo MOG OPALIN,0.3628616814674403,Endo CLDN5 SLC7A5,
AGGCATTAGGGTCAAC-1,0,Oligo MOG OPALIN,0.35962876939822525,Endo CLDN5 SLC7A5,
AGGCATTCAATGCAGG-1,0,Oligo MOG OPALIN,0.38919052972822143,Endo CLDN5 SLC7A5,
AGGCATTTCAGGTGTT-1,6,Micro P2RY12 APBB1IP,0.9998592855975199,Micro P2RY12 APBB1IP,
AGGCATTTCCGTATGA-1,6,Micro P2RY12 APBB1IP,0.8172470311744195,Micro P2RY12 APBB1IP,
AGGCCACCATCTAACG-1,0,L2-3 CUX2 NTNG1 PALMD,0.6891338003560538,Endo CLDN5 SLC7A5,
AGGCCACGTTGCGGAA-1,2,Oligo MOG OPALIN,0.9999996606383829,Oligo MOG OPALIN,
AGGCCACTCCGTGTCT-1,1,Endo CLDN5 SLC7A5,0.9268238346508388,Endo CLDN5 SLC7A5,
AGGCTGCGTGCGGATA-1,0,Oligo MOG OPALIN,0.9908985302831318,Endo CLDN5 SLC7A5,
AGGCTGCTCATTCATC-1,0,Endo CLDN5 SLC7A5,0.45406286052100353,Endo CLDN5 SLC7A5,
AGGCTGCTCGCTAATG-1,0,Oligo MOG OPALIN,0.4003980603759547,Endo CLDN5 SLC7A5,
AGGCTGCTCTAAGGAA-1,0,Endo CLDN5 SLC7A5,0.5714783137172794,Endo CLDN5 SLC7A5,
AGGGAGTCAAGCTCTA-1,0,Oligo MOG OPALIN,0.33920635062163135,Endo CLDN5 SLC7A5,
AGGGAGTTCTTAAGGC-1,1,Endo CLDN5 SLC7A5,0.6716440912937196,Endo CLDN5 SLC7A5,
AGGGCCTTCCTGGTCT-1,0,Oligo MOG GSN,0.5167090715791683,Endo CLDN5 SLC7A5,
AGGGCTCAGGGATCAC-1,0,Endo CLDN5 SLC7A5,0.6857737433438525,Endo CLDN5 SLC7A5,
AGGGTCCAGATTAGTG-1,0,Endo CLDN5 SLC7A5,0.6892422938264593,Endo CLDN5 SLC7A5,
AGGGTCCAGCCGTAAG-1,0,Oligo MOG OPALIN,0.9483959608803548,Endo CLDN5 SLC7A5,
AGGGTCCGTCCAAGAG-1,0,Endo CLDN5 SLC7A5,0.8806064916422673,Endo CLDN5 SLC7A5,
AGGGTCCGTGTATTGC-1,2,Oligo MOG OPALIN,0.7157770495352984,Oligo MOG OPALIN,
AGGGTGAAGAAGGCTC-1,0,Endo CLDN5 SLC7A5,0.5626025027943128,Endo CLDN5 SLC7A5,
AGGGTGAAGGAAGTCC-1,0,Endo CLDN5 SLC7A5,0.5581075005622472,Endo CLDN5 SLC7A5,
AGGGTGACATAAGCGG-1,1,Endo CLDN5 SLC7A5,0.9825715678978125,Endo CLDN5 SLC7A5,
AGGGTGACATTGTAGC-1,0,Endo CLDN5 SLC7A5,0.4506763330710724,Endo CLDN5 SLC7A5,
AGGGTGATCGCCTTTG-1,0,Oligo MOG OPALIN,0.9629937049919564,Endo CLDN5 SLC7A5,
AGGGTTTCAGCAGAAC-1,0,Oligo MOG OPALIN,0.7444175014675967,Endo CLDN5 SLC7A5,
AGGGTTTGTATCGCGC-1,1,Endo CLDN5 SLC7A5,0.8272323343728165,Endo CLDN5 SLC7A5,
AGGGTTTGTCCAGCAC-1,0,Oligo MOG OPALIN,0.9992585636956937,Endo CLDN5 SLC7A5,
AGGGTTTGTCTAACTG-1,0,Astro AQP4 SLC1A2,0.4599115504485779,Endo CLDN5 SLC7A5,
AGGGTTTTCTTGAGCA-1,0,L3-5 RORB GABRG1 PLCH1,0.3485822424010285,Endo CLDN5 SLC7A5,
AGGTAGGAGATTGCGG-1,0,Endo CLDN5 SLC7A5,0.4011881561303345,Endo CLDN5 SLC7A5,
AGGTAGGAGCGTGCCT-1,0,Oligo MOG OPALIN,0.6480587383929111,Endo CLDN5 SLC7A5,
AGGTAGGCAGGATGAC-1,0,Endo CLDN5 SLC7A5,0.7460666030105025,Endo CLDN5 SLC7A5,
AGGTAGGTCGATACAC-1,7,OPC PDGFRA PCDH15,0.999997784463447,OPC PDGFRA PCDH15,
AGGTAGGTCTCGTCGT-1,0,Endo CLDN5 SLC7A5,0.9487976264625456,Endo CLDN5 SLC7A5,
AGGTCATAGACCGCCT-1,5,Endo CLDN5 SLC7A5,0.4978727524973358,Astro AQP4 SLC1A2,
AGGTCATAGGATAATC-1,1,Endo CLDN5 SLC7A5,0.9853968090328656,Endo CLDN5 SLC7A5,
AGGTCATCATCCAACA-1,5,Astro GFAP FABP7,0.8115882985427721,Astro AQP4 SLC1A2,
AGGTCATGTTCCTAGA-1,0,Endo CLDN5 SLC7A5,0.4803113120313295,Endo CLDN5 SLC7A5,
AGGTCATTCACACCGG-1,0,Endo CLDN5 SLC7A5,0.967442955614269,Endo CLDN5 SLC7A5,
AGGTCATTCCGAAGGA-1,0,Endo CLDN5 SLC7A5,0.4031164345923402,Endo CLDN5 SLC7A5,
AGGTCTACACAAAGCG-1,1,Endo CLDN5 SLC7A5,0.9996431342018541,Endo CLDN5 SLC7A5,
AGGTCTACACGCTTAA-1,0,Oligo MOG OPALIN,0.3804956035608808,Endo CLDN5 SLC7A5,
AGGTCTAGTCCTTGTC-1,0,Endo CLDN5 SLC7A5,0.8341050548952222,Endo CLDN5 SLC7A5,
AGGTCTATCGCGCTGA-1,0,Endo CLDN5 SLC7A5,0.7228583278731601,Endo CLDN5 SLC7A5,
AGGTCTATCTTGTGCC-1,6,Micro P2RY12 APBB1IP,0.838296797306342,Micro P2RY12 APBB1IP,
AGGTGTTCAGACCATT-1,0,Endo CLDN5 SLC7A5,0.9926516854378895,Endo CLDN5 SLC7A5,
AGGTGTTGTAACCAGG-1,1,Endo CLDN5 SLC7A5,0.9791544222275957,Endo CLDN5 SLC7A5,
AGGTGTTGTTGCAAGG-1,0,Endo CLDN5 SLC7A5,0.7874023983720122,Endo CLDN5 SLC7A5,
AGGTGTTTCAGACCCG-1,1,Oligo MOG OPALIN,0.776803033218551,Endo CLDN5 SLC7A5,
AGGTTACGTATACCTG-1,0,Endo CLDN5 SLC7A5,0.8698662666304625,Endo CLDN5 SLC7A5,
AGGTTACTCATCCTAT-1,0,Oligo MOG OPALIN,0.9651177490319373,Endo CLDN5 SLC7A5,
AGGTTACTCCCTGGTT-1,1,Oligo MOG OPALIN,0.9961571942926912,Endo CLDN5 SLC7A5,
AGGTTACTCGACCCAG-1,0,Endo CLDN5 SLC7A5,0.3614991932614216,Endo CLDN5 SLC7A5,
AGGTTGTGTATCATGC-1,0,Endo CLDN5 SLC7A5,0.4274549190444609,Endo CLDN5 SLC7A5,
AGGTTGTGTGACTGTT-1,1,Endo CLDN5 SLC7A5,0.9999184975309233,Endo CLDN5 SLC7A5,
AGGTTGTTCGAGAAAT-1,1,Endo CLDN5 SLC7A5,0.9988733535100197,Endo CLDN5 SLC7A5,
AGTAACCCATAGAAAC-1,2,Oligo MOG OPALIN,0.9999387670600113,Oligo MOG OPALIN,
AGTAACCTCACGAACT-1,1,Endo CLDN5 SLC7A5,0.9824582035519295,Endo CLDN5 SLC7A5,
AGTACCAAGAGTCTTC-1,0,Endo CLDN5 SLC7A5,0.6288167745662053,Endo CLDN5 SLC7A5,
AGTACCATCGCCGAAC-1,0,Endo CLDN5 SLC7A5,0.6512282937813965,Endo CLDN5 SLC7A5,
AGTACTGAGGGACACT-1,0,L3-5 RORB GABRG1 PTPRO,0.5854029493863528,Endo CLDN5 SLC7A5,
AGTACTGAGTCGAAGC-1,0,Endo CLDN5 SLC7A5,0.4387741164866385,Endo CLDN5 SLC7A5,
AGTACTGCAATGCAAA-1,3,L2-3 CUX2 ACVR1C THSD7A,0.7337789132668929,L2-3 CUX2 ACVR1C THSD7A,
AGTACTGGTTTCCCAC-1,0,Oligo MOG OPALIN,0.3803076411795488,Endo CLDN5 SLC7A5,
AGTAGCTAGTGGAAGA-1,1,Endo CLDN5 SLC7A5,0.4591900340897344,Endo CLDN5 SLC7A5,
AGTAGCTCACGCGTCA-1,0,Endo CLDN5 SLC7A5,0.3808045349724786,Endo CLDN5 SLC7A5,
AGTAGTCCAGGTCAGA-1,0,Endo CLDN5 SLC7A5,0.32791758196285475,Endo CLDN5 SLC7A5,
AGTAGTCGTAACAGTA-1,0,Endo CLDN5 SLC7A5,0.7815970214153177,Endo CLDN5 SLC7A5,
AGTAGTCGTCGCAGTC-1,0,Endo CLDN5 SLC7A5,0.5856612998613436,Endo CLDN5 SLC7A5,
AGTCAACAGCCGAACA-1,1,Endo CLDN5 SLC7A5,0.9981622371973609,Endo CLDN5 SLC7A5,
AGTCAACGTGGGACAT-1,0,Endo CLDN5 SLC7A5,0.8742448016762626,Endo CLDN5 SLC7A5,
AGTCACATCCTAGCTC-1,0,Endo CLDN5 SLC7A5,0.9991098401775447,Endo CLDN5 SLC7A5,
AGTCTCCGTAGGAGGG-1,2,Oligo MOG OPALIN,0.9996946478149448,Oligo MOG OPALIN,
AGTCTCCTCCAACCGG-1,0,Endo CLDN5 SLC7A5,0.8993540278727032,Endo CLDN5 SLC7A5,
AGTGACTGTAGACACG-1,1,Endo CLDN5 SLC7A5,0.7228814552029058,Endo CLDN5 SLC7A5,
AGTGACTGTGACAACG-1,0,Endo CLDN5 SLC7A5,0.990074532793867,Endo CLDN5 SLC7A5,
AGTGACTGTGGGAGAG-1,0,Endo CLDN5 SLC7A5,0.7408487239923998,Endo CLDN5 SLC7A5,
AGTGACTTCCGGTAAT-1,0,Endo CLDN5 SLC7A5,0.9380172009053915,Endo CLDN5 SLC7A5,
AGTGACTTCGGTGAAG-1,0,Endo CLDN5 SLC7A5,0.7203921940535573,Endo CLDN5 SLC7A5,
AGTGATCAGGTTGAGC-1,0,Endo CLDN5 SLC7A5,0.6379406843075692,Endo CLDN5 SLC7A5,
AGTGATCCACCGTGGT-1,0,Oligo MOG OPALIN,0.4349008322819413,Endo CLDN5 SLC7A5,
AGTGATCCACTACCCT-1,2,Oligo MOG OPALIN,0.9847987930970297,Oligo MOG OPALIN,
AGTGATCGTGCGGCTT-1,0,Endo CLDN5 SLC7A5,0.45409613996215215,Endo CLDN5 SLC7A5,
AGTGATCTCGTGGACC-1,0,Endo CLDN5 SLC7A5,0.953562156166063,Endo CLDN5 SLC7A5,
AGTGATCTCTTCGTAT-1,0,Endo CLDN5 SLC7A5,0.3955565289681259,Endo CLDN5 SLC7A5,
AGTGCCGAGGACGCAT-1,0,L2-3 CUX2 NTNG1 PALMD,0.34191648040662564,Endo CLDN5 SLC7A5,
AGTGCCGAGTGCAAAT-1,0,Endo CLDN5 SLC7A5,0.9709059246518095,Endo CLDN5 SLC7A5,
AGTGCCGGTACGTGTT-1,1,Endo CLDN5 SLC7A5,0.6285238614755488,Endo CLDN5 SLC7A5,
AGTGCCGTCTAGGAAA-1,5,Astro AQP4 SLC1A2,0.9869109913356648,Astro AQP4 SLC1A2,
AGTGTTGCAGTCAGTT-1,2,Oligo MOG OPALIN,0.9735373299593104,Oligo MOG OPALIN,
AGTGTTGCATCCAATG-1,1,Endo CLDN5 SLC7A5,0.9838565065132806,Endo CLDN5 SLC7A5,
AGTGTTGTCTTTGCGC-1,5,Astro GFAP FABP7,0.9939658646679783,Astro AQP4 SLC1A2,
AGTTAGCTCTAAGAAG-1,0,L2-3 CUX2 ACVR1C THSD7A,0.3960910750403553,Endo CLDN5 SLC7A5,
AGTTCCCAGCGAGTAC-1,0,OPC PDGFRA PCDH15,0.5490619138218894,Endo CLDN5 SLC7A5,
AGTTCCCAGCGATCGA-1,0,Endo CLDN5 SLC7A5,0.6184498481055815,Endo CLDN5 SLC7A5,
AGTTCCCCAAGGCAAC-1,0,Endo CLDN5 SLC7A5,0.9148394233548502,Endo CLDN5 SLC7A5,
AGTTCCCCAGTGTACT-1,0,Oligo MOG OPALIN,0.8832595007616261,Endo CLDN5 SLC7A5,
AGTTCCCGTTATGTCG-1,0,Endo CLDN5 SLC7A5,0.3052224215588735,Endo CLDN5 SLC7A5,
AGTTCCCTCCCAATAG-1,2,Oligo MOG OPALIN,0.9991991655147205,Oligo MOG OPALIN,
AGTTCCCTCGCTGATA-1,0,Oligo MOG OPALIN,0.585914864033598,Endo CLDN5 SLC7A5,
AGTTCCCTCGTTGTAG-1,0,Oligo MOG OPALIN,0.6257192662535639,Endo CLDN5 SLC7A5,
AGTTCGAGTCAGTCTA-1,0,Oligo MOG OPALIN,0.808549840800702,Endo CLDN5 SLC7A5,
AGTTCGATCATGCATG-1,1,Endo CLDN5 SLC7A5,0.999716563583399,Endo CLDN5 SLC7A5,
ATACCGAAGCCGAATG-1,2,Oligo MOG OPALIN,0.9999968246845098,Oligo MOG OPALIN,
ATACCGAGTAGGGAGG-1,0,Endo CLDN5 SLC7A5,0.8219516618088349,Endo CLDN5 SLC7A5,
ATACCTTAGTTGAAAC-1,0,Endo CLDN5 SLC7A5,0.8025422918201378,Endo CLDN5 SLC7A5,
ATACCTTCAAGACTGG-1,1,Endo CLDN5 SLC7A5,0.9906696309545092,Endo CLDN5 SLC7A5,
ATACCTTGTTCTTGCC-1,8,InN VIP SCML4,0.9985047108751998,InN VIP HS3ST3B1,
ATACTTCAGCCTCTTC-1,0,Endo CLDN5 SLC7A5,0.6433148898628221,Endo CLDN5 SLC7A5,
ATACTTCAGGCGTTAG-1,0,Oligo MOG OPALIN,0.994604336403287,Endo CLDN5 SLC7A5,
ATACTTCAGTAGTCAA-1,0,Oligo MOG OPALIN,0.4631272922587994,Endo CLDN5 SLC7A5,
ATACTTCCACCTGATA-1,0,L2-3 CUX2 NTNG1 PALMD,0.4142598780302663,Endo CLDN5 SLC7A5,
ATACTTCCAGCGAGTA-1,0,Oligo MOG OPALIN,0.970456914042132,Endo CLDN5 SLC7A5,
ATACTTCTCATGAAAG-1,1,Endo CLDN5 SLC7A5,0.9986457135299748,Endo CLDN5 SLC7A5,
ATACTTCTCCACTGAA-1,0,Endo CLDN5 SLC7A5,0.6603314205029757,Endo CLDN5 SLC7A5,
ATACTTCTCCGATGCG-1,2,Oligo MOG OPALIN,0.9999296964537435,Oligo MOG OPALIN,
ATAGACCAGTAATCCC-1,0,Oligo MOG OPALIN,0.3469504573437458,Endo CLDN5 SLC7A5,
ATAGACCCACTTCAGA-1,1,Endo CLDN5 SLC7A5,0.9943081220449789,Endo CLDN5 SLC7A5,
ATAGACCGTGTACATC-1,0,Oligo MOG OPALIN,0.9335315605061019,Endo CLDN5 SLC7A5,
ATAGAGATCGTAGCCG-1,2,Oligo MOG OPALIN,0.999984756114927,Oligo MOG OPALIN,
ATAGGCTTCCACTTCG-1,5,Astro GFAP FABP7,0.9971524881030344,Astro AQP4 SLC1A2,
ATAGGCTTCTTAAGGC-1,2,Oligo MOG OPALIN,0.9999305834922234,Oligo MOG OPALIN,
ATATCCTAGACAACTA-1,4,Endo CLDN5 SLC7A5,0.48365480763590596,Endo CLDN5 SLC7A5,
ATATCCTGTGGCACTC-1,0,InN PVALB PIEZO2,0.5080527227850941,Endo CLDN5 SLC7A5,
ATCACAGCATTGAAAG-1,0,Endo CLDN5 SLC7A5,0.8916824936109776,Endo CLDN5 SLC7A5,
ATCACAGTCATCAGTG-1,0,Endo CLDN5 SLC7A5,0.9111788989750785,Endo CLDN5 SLC7A5,
ATCACAGTCCTGTACC-1,0,Endo CLDN5 SLC7A5,0.7744317166700206,Endo CLDN5 SLC7A5,
ATCACGAAGGTCTACT-1,0,Endo CLDN5 SLC7A5,0.46965552187183923,Endo CLDN5 SLC7A5,
ATCACGATCCCTCATG-1,0,Endo CLDN5 SLC7A5,0.5726798885456149,Endo CLDN5 SLC7A5,
ATCAGGTCAATCTGCA-1,0,Oligo MOG OPALIN,0.36365343390659255,Endo CLDN5 SLC7A5,
ATCAGGTCATCGATCA-1,0,Endo CLDN5 SLC7A5,0.7352591116863558,Endo CLDN5 SLC7A5,
ATCATTCTCATTGAGC-1,5,Astro AQP4 SLC1A2,0.9990805983769594,Astro AQP4 SLC1A2,
ATCATTCTCGGTAACT-1,0,Endo CLDN5 SLC7A5,0.4919795695124789,Endo CLDN5 SLC7A5,
ATCCACCAGACATGCG-1,0,Endo CLDN5 SLC7A5,0.7968705639385475,Endo CLDN5 SLC7A5,
ATCCACCCACAATTCG-1,1,Endo CLDN5 SLC7A5,0.9688278300883987,Endo CLDN5 SLC7A5,
ATCCACCTCGCACGAC-1,1,Endo CLDN5 SLC7A5,0.9960631236116386,Endo CLDN5 SLC7A5,
ATCCATTAGATAACGT-1,0,Endo CLDN5 SLC7A5,0.6094846765640552,Endo CLDN5 SLC7A5,
ATCCATTAGGTGCATG-1,1,InN PVALB HPSE,0.43858718129391994,Endo CLDN5 SLC7A5,
ATCCATTAGGTTCTAC-1,0,Oligo MOG OPALIN,0.7817909383589292,Endo CLDN5 SLC7A5,
ATCCATTCATATCTGG-1,0,Endo CLDN5 SLC7A5,0.5415887911438543,Endo CLDN5 SLC7A5,
ATCCATTCATCTTTCA-1,3,L6 FEZF2 NPFFR2 TPD52L1,0.9851483971330434,L2-3 CUX2 ACVR1C THSD7A,
ATCCATTGTAGAAACT-1,0,Oligo MOG OPALIN,0.988764651370143,Endo CLDN5 SLC7A5,
ATCCATTGTTGGGTTT-1,0,Endo CLDN5 SLC7A5,0.8727302382351128,Endo CLDN5 SLC7A5,
ATCCATTTCGACATCA-1,0,Oligo MOG OPALIN,0.3610607416611714,Endo CLDN5 SLC7A5,
ATCCATTTCGTCGGGT-1,0,Endo CLDN5 SLC7A5,0.32837504262929057,Endo CLDN5 SLC7A5,
ATCCATTTCTTACCGC-1,1,Oligo MOG OPALIN,0.7981598753382596,Endo CLDN5 SLC7A5,
ATCCCTGCAAGTTTGC-1,0,Endo CLDN5 SLC7A5,0.33998698797607424,Endo CLDN5 SLC7A5,
ATCCCTGTCAAGTAAG-1,0,Endo CLDN5 SLC7A5,0.4057333164895316,Endo CLDN5 SLC7A5,
ATCCCTGTCGTTGCCT-1,0,Endo CLDN5 SLC7A5,0.588149558370708,Endo CLDN5 SLC7A5,
ATCCCTGTCTAACGCA-1,1,Endo CLDN5 SLC7A5,0.7688140819119357,Endo CLDN5 SLC7A5,
ATCCGTCAGCATTTGC-1,0,Endo CLDN5 SLC7A5,0.4882127907156941,Endo CLDN5 SLC7A5,
ATCCGTCGTACCCGCA-1,0,Endo CLDN5 SLC7A5,0.9319776332496805,Endo CLDN5 SLC7A5,
ATCCTATAGGTCGTAG-1,2,Oligo MOG OPALIN,0.9916700385090322,Oligo MOG OPALIN,
ATCCTATCACGTCGGT-1,2,Oligo MOG OPALIN,0.9755015734139454,Oligo MOG OPALIN,
ATCCTATGTTCTGAGT-1,7,OPC PDGFRA PCDH15,0.9999999999867484,OPC PDGFRA PCDH15,
ATCCTATTCGATTCCC-1,0,Oligo MOG OPALIN,0.9743487781783069,Endo CLDN5 SLC7A5,
ATCGATGAGTGTGTTC-1,8,InN PVALB HPSE,0.9559172968474269,InN VIP HS3ST3B1,
ATCGATGGTATGAGCG-1,0,Endo CLDN5 SLC7A5,0.33089754060333787,Endo CLDN5 SLC7A5,
ATCGATGTCCTACACC-1,0,Oligo MOG OPALIN,0.617762774811483,Endo CLDN5 SLC7A5,
ATCGCCTAGCATGCAG-1,0,Endo CLDN5 SLC7A5,0.3315569621749383,Endo CLDN5 SLC7A5,
ATCGCCTGTAACACCT-1,1,Endo CLDN5 SLC7A5,0.9899560582757554,Endo CLDN5 SLC7A5,
ATCGCCTTCAACTTTC-1,3,L3-5 RORB MKX GALR1,0.6435027879105997,L2-3 CUX2 ACVR1C THSD7A,
ATCGGATGTAACATGA-1,0,Endo CLDN5 SLC7A5,0.7181748862212051,Endo CLDN5 SLC7A5,
ATCGGCGAGAACGCGT-1,1,Oligo MOG OPALIN,0.9992393001267472,Endo CLDN5 SLC7A5,
ATCGTAGCAAACTGCT-1,1,Endo CLDN5 SLC7A5,0.9848670873440675,Endo CLDN5 SLC7A5,
ATCGTCCCACGCACCA-1,1,Endo CLDN5 SLC7A5,0.5362943694304472,Endo CLDN5 SLC7A5,
ATCGTCCCATGGCCCA-1,0,Endo CLDN5 SLC7A5,0.4377498237705207,Endo CLDN5 SLC7A5,
ATCGTCCTCACCATAG-1,0,Endo CLDN5 SLC7A5,0.7687985272215666,Endo CLDN5 SLC7A5,
ATCGTGAAGCTCCGAC-1,0,Endo CLDN5 SLC7A5,0.6577777694096505,Endo CLDN5 SLC7A5,
ATCGTGACAAGGATGC-1,0,Endo CLDN5 SLC7A5,0.8407967304382983,Endo CLDN5 SLC7A5,
ATCGTGACACGTCGTG-1,0,Endo CLDN5 SLC7A5,0.5497165305170475,Endo CLDN5 SLC7A5,
ATCGTGACATGTGGTT-1,0,L6 FEZF2 SYT6 PTPRT,0.30684742226977285,Endo CLDN5 SLC7A5,
ATCGTGAGTATGGTTC-1,0,Endo CLDN5 SLC7A5,0.4574569890341492,Endo CLDN5 SLC7A5,
ATCGTGAGTGGTAACG-1,0,Endo CLDN5 SLC7A5,0.32174283150518984,Endo CLDN5 SLC7A5,
ATCGTGATCGCTAAAC-1,0,Endo CLDN5 SLC7A5,0.9048468968879436,Endo CLDN5 SLC7A5,
ATCTCTAAGCCATTCA-1,0,Endo CLDN5 SLC7A5,0.30620288048802113,Endo CLDN5 SLC7A5,
ATCTCTAAGTGGCGAT-1,0,Endo CLDN5 SLC7A5,0.741384846799319,Endo CLDN5 SLC7A5,
ATCTCTACAGGATTCT-1,1,Endo CLDN5 SLC7A5,0.9907601808239745,Endo CLDN5 SLC7A5,
ATCTCTACATAGATCC-1,1,Endo CLDN5 SLC7A5,0.5187966848796931,Endo CLDN5 SLC7A5,
ATCTCTAGTAGGAGGG-1,0,Oligo MOG OPALIN,0.6559013029433434,Endo CLDN5 SLC7A5,
ATCTTCACAATTCTCT-1,0,Endo CLDN5 SLC7A5,0.9853133472008094,Endo CLDN5 SLC7A5,
ATCTTCACAGCAGTAG-1,0,L2-3 CUX2 NTNG1 PALMD,0.4859959034925811,Endo CLDN5 SLC7A5,
ATCTTCAGTAAGCAAT-1,2,Oligo MOG OPALIN,0.9998392080322858,Oligo MOG OPALIN,
ATCTTCAGTTATTCTC-1,0,Endo CLDN5 SLC7A5,0.7536288986073189,Endo CLDN5 SLC7A5,
ATCTTCATCATCACAG-1,0,Endo CLDN5 SLC7A5,0.32630441748515254,Endo CLDN5 SLC7A5,
ATGAAAGAGGCGCTTC-1,0,Astro GFAP AQP1,0.449839402370317,Endo CLDN5 SLC7A5,
ATGAAAGAGTAAGACT-1,1,Endo CLDN5 SLC7A5,0.8311899261770432,Endo CLDN5 SLC7A5,
ATGAAAGCAAACTCGT-1,8,InN SST ADAMTSL1,0.6119349032944685,InN VIP HS3ST3B1,
ATGAAAGCATCTTTCA-1,0,Endo CLDN5 SLC7A5,0.469177354405567,Endo CLDN5 SLC7A5,
ATGAAAGGTATGTCTG-1,0,Endo CLDN5 SLC7A5,0.3573237003207038,Endo CLDN5 SLC7A5,
ATGAAAGTCCGTTTCG-1,0,Endo CLDN5 SLC7A5,0.9373847918964262,Endo CLDN5 SLC7A5,
ATGACCAAGCGAGTCA-1,0,Oligo MOG OPALIN,0.7435010567592243,Endo CLDN5 SLC7A5,
ATGACCAAGTTGCCTA-1,0,Endo CLDN5 SLC7A5,0.3733089145747337,Endo CLDN5 SLC7A5,
ATGACCACAAGCCATT-1,2,Endo CLDN5 SLC7A5,0.9891422386660401,Oligo MOG OPALIN,
ATGACCACACCCTGAG-1,0,Endo CLDN5 SLC7A5,0.9132459533237401,Endo CLDN5 SLC7A5,
ATGACCACAGGACGAT-1,1,Endo CLDN5 SLC7A5,0.9870342317457385,Endo CLDN5 SLC7A5,
ATGACCACATGGATCT-1,0,Oligo MOG OPALIN,0.36267949090191565,Endo CLDN5 SLC7A5,
ATGACCAGTCCTTAAG-1,1,Endo CLDN5 SLC7A5,0.986444741497709,Endo CLDN5 SLC7A5,
ATGACCAGTGCATTTG-1,0,Endo CLDN5 SLC7A5,0.8061439087082964,Endo CLDN5 SLC7A5,
ATGAGGGAGCAGTAAT-1,0,Endo CLDN5 SLC7A5,0.8736451389863669,Endo CLDN5 SLC7A5,
ATGAGGGCAACCTAAC-1,1,Endo CLDN5 SLC7A5,0.9619090863356456,Endo CLDN5 SLC7A5,
ATGAGGGGTATGGTTC-1,0,L3-5 RORB MKX GRIN3A,0.32009235753713794,Endo CLDN5 SLC7A5,
ATGAGGGGTGGATGAC-1,0,Endo CLDN5 SLC7A5,0.9841473737922348,Endo CLDN5 SLC7A5,
ATGAGGGTCACGGGCT-1,0,Endo CLDN5 SLC7A5,0.7213653068761032,Endo CLDN5 SLC7A5,
ATGAGTCAGCAAATCA-1,6,Micro P2RY12 APBB1IP,0.9373596904490433,Micro P2RY12 APBB1IP,
ATGAGTCAGGAGACCT-1,0,Endo CLDN5 SLC7A5,0.8061148185791641,Endo CLDN5 SLC7A5,
ATGAGTCAGTCATGAA-1,0,Oligo MOG OPALIN,0.9647579054036475,Endo CLDN5 SLC7A5,
ATGAGTCCACGTAGTT-1,0,Endo CLDN5 SLC7A5,0.35087718959660846,Endo CLDN5 SLC7A5,
ATGAGTCGTACTCCGG-1,0,Endo CLDN5 SLC7A5,0.550612511032217,Endo CLDN5 SLC7A5,
ATGAGTCTCGTTAGAC-1,0,Oligo MOG OPALIN,0.4898124900006874,Endo CLDN5 SLC7A5,
ATGATCGAGTTGAATG-1,0,Endo CLDN5 SLC7A5,0.824318458392356,Endo CLDN5 SLC7A5,
ATGATCGCACATACGT-1,0,Endo CLDN5 SLC7A5,0.950714062074312,Endo CLDN5 SLC7A5,
ATGATCGGTAACAGGC-1,0,Endo CLDN5 SLC7A5,0.907895134120162,Endo CLDN5 SLC7A5,
ATGATCGGTACGTACT-1,1,Oligo MOG OPALIN,0.5912492862822378,Endo CLDN5 SLC7A5,
ATGATCGGTCTTGCTC-1,1,Oligo MOG OPALIN,0.9773319306414431,Endo CLDN5 SLC7A5,
ATGATCGGTGGTTTGT-1,0,Endo CLDN5 SLC7A5,0.7598793132487488,Endo CLDN5 SLC7A5,
ATGCATGAGTGATAAC-1,0,Oligo MOG OPALIN,0.8837539671693497,Endo CLDN5 SLC7A5,
ATGCATGGTCTACGAT-1,0,Endo CLDN5 SLC7A5,0.7625643617145632,Endo CLDN5 SLC7A5,
ATGCCTCCAAGCAGGT-1,0,Oligo MOG OPALIN,0.8914802730307498,Endo CLDN5 SLC7A5,
ATGCCTCTCTTGGTGA-1,0,L2-3 CUX2 NTNG1 PALMD,0.3147430456185749,Endo CLDN5 SLC7A5,
ATGCGATAGAGGGTCT-1,0,Endo CLDN5 SLC7A5,0.3897936363581402,Endo CLDN5 SLC7A5,
ATGCGATTCCGGGACT-1,0,Endo CLDN5 SLC7A5,0.8749699340104612,Endo CLDN5 SLC7A5,
ATGGAGGCATGAAGCG-1,0,Endo CLDN5 SLC7A5,0.5621029089728208,Endo CLDN5 SLC7A5,
ATGGAGGGTCACTAGT-1,0,Endo CLDN5 SLC7A5,0.4149911856228713,Endo CLDN5 SLC7A5,
ATGGAGGGTCTTGCGG-1,0,Oligo MOG OPALIN,0.7504617557299266,Endo CLDN5 SLC7A5,
ATGGATCGTAGGAAAG-1,0,Endo CLDN5 SLC7A5,0.947886300959963,Endo CLDN5 SLC7A5,
ATGGATCGTAGTAAGT-1,1,Endo CLDN5 SLC7A5,0.8903634247844119,Endo CLDN5 SLC7A5,
ATGGATCGTCGAGTGA-1,0,Endo CLDN5 SLC7A5,0.6558495659632233,Endo CLDN5 SLC7A5,
ATGGATCTCTTTGCTA-1,2,Oligo MOG OPALIN,0.5555427953520983,Oligo MOG OPALIN,
ATGGGTTCACATTGTG-1,7,OPC PDGFRA PCDH15,0.9999999999959839,OPC PDGFRA PCDH15,
ATGGGTTCAGAGGCTA-1,0,Endo CLDN5 SLC7A5,0.4724856032850672,Endo CLDN5 SLC7A5,
ATGGGTTCATCCGTTC-1,0,Endo CLDN5 SLC7A5,0.8388646574712332,Endo CLDN5 SLC7A5,
ATGGGTTTCATGGAGG-1,0,Endo CLDN5 SLC7A5,0.9589486920916442,Endo CLDN5 SLC7A5,
ATGGGTTTCGCTCATC-1,0,Endo CLDN5 SLC7A5,0.5621618337000335,Endo CLDN5 SLC7A5,
ATGGTTGCAACGATTC-1,0,Endo CLDN5 SLC7A5,0.5282121279755253,Endo CLDN5 SLC7A5,
ATGGTTGTCCCGTAAA-1,0,L3-5 RORB MKX GRIN3A,0.4129973046340971,Endo CLDN5 SLC7A5,
ATGGTTGTCGCTGATA-1,0,Oligo MOG OPALIN,0.8983140262910304,Endo CLDN5 SLC7A5,
ATGTCCCCAACAAGAT-1,0,Endo CLDN5 SLC7A5,0.9210061323630753,Endo CLDN5 SLC7A5,
ATGTCTTAGTTGCGCC-1,5,Astro GFAP AQP1,0.9631140548671346,Astro AQP4 SLC1A2,
ATGTCTTGTAGATCCT-1,0,Oligo MOG OPALIN,0.9811419210140432,Endo CLDN5 SLC7A5,
ATGTCTTGTTCGGGTC-1,0,Oligo MOG OPALIN,0.8359591997732989,Endo CLDN5 SLC7A5,
ATGTCTTTCCCGAACG-1,0,Endo CLDN5 SLC7A5,0.3643501591046987,Endo CLDN5 SLC7A5,
ATTACCTGTATCGCAT-1,1,Endo CLDN5 SLC7A5,0.9679399543341267,Endo CLDN5 SLC7A5,
ATTACCTTCATTCACT-1,0,Endo CLDN5 SLC7A5,0.7233760441311893,Endo CLDN5 SLC7A5,
ATTACCTTCGGCTTGG-1,0,Oligo MOG OPALIN,0.3208606665737574,Endo CLDN5 SLC7A5,
ATTACTCGTAGCTGAG-1,0,Endo CLDN5 SLC7A5,0.3536762645364819,Endo CLDN5 SLC7A5,
ATTATCCAGCATCAAA-1,0,Endo CLDN5 SLC7A5,0.3679204843642511,Endo CLDN5 SLC7A5,
ATTATCCAGTGCGACA-1,0,Endo CLDN5 SLC7A5,0.9739169230747091,Endo CLDN5 SLC7A5,
ATTATCCCAGTAACGG-1,0,Oligo MOG OPALIN,0.6927372044706082,Endo CLDN5 SLC7A5,
ATTCACTAGGTCATCT-1,0,Oligo MOG OPALIN,0.9054159189800621,Endo CLDN5 SLC7A5,
ATTCACTGTACGGATG-1,0,Endo CLDN5 SLC7A5,0.46682280830388395,Endo CLDN5 SLC7A5,
ATTCAGGCAGCCCACA-1,0,Endo CLDN5 SLC7A5,0.743082103367931,Endo CLDN5 SLC7A5,
ATTCAGGTCGCATAGT-1,0,Endo CLDN5 SLC7A5,0.8940280570129425,Endo CLDN5 SLC7A5,
ATTCATCAGGGAGTGG-1,0,Oligo MOG OPALIN,0.7795334398650724,Endo CLDN5 SLC7A5,
ATTCATCCACGGCGTT-1,0,Oligo MOG OPALIN,0.3472598762987932,Endo CLDN5 SLC7A5,
ATTCCATGTCCGAAAG-1,0,L6 OPRK1 THEMIS RGS6,0.7811628543908165,Endo CLDN5 SLC7A5,
ATTCCATGTCTCTCTG-1,0,Endo CLDN5 SLC7A5,0.9516958143959807,Endo CLDN5 SLC7A5,
ATTCCCGAGAGAGTGA-1,0,Endo CLDN5 SLC7A5,0.3642828928453347,Endo CLDN5 SLC7A5,
ATTCCCGCACAAGGTG-1,0,Endo CLDN5 SLC7A5,0.9041052937342609,Endo CLDN5 SLC7A5,
ATTCCCGTCGGAATGG-1,0,Oligo MOG OPALIN,0.9974984942154473,Endo CLDN5 SLC7A5,
ATTCCCGTCGTTCCCA-1,0,Endo CLDN5 SLC7A5,0.6128340182084068,Endo CLDN5 SLC7A5,
ATTCCTACAGCTGGTC-1,0,Endo CLDN5 SLC7A5,0.9518301342970127,Endo CLDN5 SLC7A5,
ATTCGTTAGTTGGAAT-1,0,Oligo MOG OPALIN,0.4436274251172617,Endo CLDN5 SLC7A5,
ATTCGTTGTACATTGC-1,3,L2-3 CUX2 ACVR1C THSD7A,0.9434067116654434,L2-3 CUX2 ACVR1C THSD7A,
ATTCGTTTCTACCACC-1,0,Endo CLDN5 SLC7A5,0.36165919430053733,Endo CLDN5 SLC7A5,
ATTCTACCATCGCCTT-1,0,Endo CLDN5 SLC7A5,0.8443756426649247,Endo CLDN5 SLC7A5,
ATTCTACTCCCGTGTT-1,0,Endo CLDN5 SLC7A5,0.8792785518655255,Endo CLDN5 SLC7A5,
ATTCTACTCTACGGTA-1,0,Endo CLDN5 SLC7A5,0.5064927099861047,Endo CLDN5 SLC7A5,
ATTCTTGCAGTCTCTC-1,0,Oligo MOG OPALIN,0.973630495028503,Endo CLDN5 SLC7A5,
ATTCTTGGTACCACGC-1,3,L3-5 RORB GABRG1 KCNH7,0.8946688086965444,L2-3 CUX2 ACVR1C THSD7A,
ATTGGGTAGCTTGTGT-1,0,Oligo MOG OPALIN,0.9988982960154564,Endo CLDN5 SLC7A5,
ATTGTTCAGACAGCTG-1,1,Endo CLDN5 SLC7A5,0.9961593491282503,Endo CLDN5 SLC7A5,
ATTGTTCCAATGTCAC-1,0,Endo CLDN5 SLC7A5,0.6120706541067628,Endo CLDN5 SLC7A5,
ATTGTTCCATATGGCT-1,0,Oligo MOG OPALIN,0.9492901896005399,Endo CLDN5 SLC7A5,
ATTGTTCGTAGCGTCC-1,1,Endo CLDN5 SLC7A5,0.9961744382942517,Endo CLDN5 SLC7A5,
ATTTACCAGTGTAGTA-1,8,InN SST HS3ST5,0.6080217769389126,InN VIP HS3ST3B1,
ATTTACCGTGTCTCCT-1,1,Endo CLDN5 SLC7A5,0.995327873887164,Endo CLDN5 SLC7A5,
ATTTACCTCCATGAGT-1,0,Oligo MOG OPALIN,0.3862596435616401,Endo CLDN5 SLC7A5,
ATTTACCTCTCATTGT-1,1,Endo CLDN5 SLC7A5,0.8132243143924706,Endo CLDN5 SLC7A5,
ATTTCACTCAATCCAG-1,0,Endo CLDN5 SLC7A5,0.3297642405331854,Endo CLDN5 SLC7A5,
ATTTCACTCGTCCATC-1,0,Astro AQP4 SLC1A2,0.5115251211095557,Endo CLDN5 SLC7A5,
ATTTCTGAGAGGTTTA-1,0,InN SST ADAMTSL1,0.5338697599930927,Endo CLDN5 SLC7A5,
ATTTCTGCAACACAAA-1,0,Endo CLDN5 SLC7A5,0.6650474352161911,Endo CLDN5 SLC7A5,
ATTTCTGCATGAATAG-1,2,Oligo MOG OPALIN,0.9181172565382434,Oligo MOG OPALIN,
ATTTCTGTCATTACTC-1,0,Endo CLDN5 SLC7A5,0.385667961286505,Endo CLDN5 SLC7A5,
CAAAGAAAGAAGGGAT-1,8,InN SST HS3ST5,0.985311774878273,InN VIP HS3ST3B1,
CAAAGAAAGCAATAGT-1,0,Oligo MOG OPALIN,0.38444128571153474,Endo CLDN5 SLC7A5,
CAAAGAAGTAGGCAGT-1,0,Endo CLDN5 SLC7A5,0.6860196881882523,Endo CLDN5 SLC7A5,
CAAAGAAGTCCCGCAA-1,1,Endo CLDN5 SLC7A5,0.6296104790866076,Endo CLDN5 SLC7A5,
CAAAGAATCCGCATAA-1,5,Astro AQP4 SLC1A2,0.41121117645047645,Astro AQP4 SLC1A2,
CAACAACAGAACGCGT-1,0,Oligo MOG OPALIN,0.9983485382504067,Endo CLDN5 SLC7A5,
CAACAACCAATGCAAA-1,0,Endo CLDN5 SLC7A5,0.7483951059267928,Endo CLDN5 SLC7A5,
CAACAACCACATTACG-1,1,Endo CLDN5 SLC7A5,0.9992639573818969,Endo CLDN5 SLC7A5,
CAACAACCATGCCGGT-1,0,Endo CLDN5 SLC7A5,0.3055054138114086,Endo CLDN5 SLC7A5,
CAACAACGTTAAACCC-1,0,Oligo MOG OPALIN,0.8625893733579517,Endo CLDN5 SLC7A5,
CAACAGTAGTTGTAAG-1,0,Endo CLDN5 SLC7A5,0.9540950177456493,Endo CLDN5 SLC7A5,
CAACAGTCACTGGCCA-1,0,Endo CLDN5 SLC7A5,0.6401945129191385,Endo CLDN5 SLC7A5,
CAACAGTTCCTAACAG-1,0,Oligo MOG OPALIN,0.9145033137262113,Endo CLDN5 SLC7A5,
CAACAGTTCCTGTAAG-1,0,Endo CLDN5 SLC7A5,0.3882521834688493,Endo CLDN5 SLC7A5,
CAACCAACACCAGCCA-1,2,Oligo MOG OPALIN,0.9999998947209823,Oligo MOG OPALIN,
CAACCAACACTTTAGG-1,0,Endo CLDN5 SLC7A5,0.9970063771552674,Endo CLDN5 SLC7A5,
CAACCAAGTCAAGCCC-1,0,Oligo MOG OPALIN,0.6402623833567235,Endo CLDN5 SLC7A5,
CAACCTCGTGATTCTG-1,0,Oligo MOG OPALIN,0.950068979420055,Endo CLDN5 SLC7A5,
CAACCTCTCATTCTTG-1,0,L2-3 CUX2 NTNG1 PALMD,0.694328251203945,Endo CLDN5 SLC7A5,
CAACGATGTCCTGTCT-1,0,Oligo MOG OPALIN,0.9593818370016841,Endo CLDN5 SLC7A5,
CAACGATTCGTGCTCT-1,0,Endo CLDN5 SLC7A5,0.7725412991285061,Endo CLDN5 SLC7A5,
CAACGGCAGACGGATC-1,3,L6 OPRK1 THEMIS RGS6,0.5382747083677407,L2-3 CUX2 ACVR1C THSD7A,
CAACGGCAGGGCCTCT-1,0,Endo CLDN5 SLC7A5,0.7638154222740121,Endo CLDN5 SLC7A5,
CAACGGCAGTATAGGT-1,0,Oligo MOG OPALIN,0.9949251518686311,Endo CLDN5 SLC7A5,
CAACGGCCAGATTCGT-1,0,Oligo MOG OPALIN,0.9369393132049909,Endo CLDN5 SLC7A5,
CAACGGCGTCCACGCA-1,0,Endo CLDN5 SLC7A5,0.46453157751132784,Endo CLDN5 SLC7A5,
CAACGGCTCATGAAAG-1,6,Oligo MOG OPALIN,0.3213983390712255,Micro P2RY12 APBB1IP,
CAAGACTAGTGGAAAG-1,0,Endo CLDN5 SLC7A5,0.41119683084415337,Endo CLDN5 SLC7A5,
CAAGACTCACGTCTCT-1,2,Oligo MOG OPALIN,0.9999964667180145,Oligo MOG OPALIN,
CAAGACTGTCATGACT-1,4,Endo CLDN5 SLC7A5,0.9139118325164733,Endo CLDN5 SLC7A5,
CAAGACTGTCGCACGT-1,0,Endo CLDN5 SLC7A5,0.9881208128196644,Endo CLDN5 SLC7A5,
CAAGACTGTTGATCGT-1,0,Endo CLDN5 SLC7A5,0.8750841986447764,Endo CLDN5 SLC7A5,
CAAGAGGAGAGGATGA-1,0,L2-3 CUX2 NTNG1 PALMD,0.6769055439972649,Endo CLDN5 SLC7A5,
CAAGAGGAGGTAGATT-1,0,Endo CLDN5 SLC7A5,0.9018377072545857,Endo CLDN5 SLC7A5,
CAAGAGGAGTGATCGG-1,0,L2-3 CUX2 ACVR1C THSD7A,0.4341184732435014,Endo CLDN5 SLC7A5,
CAAGAGGCATGACTAC-1,0,Endo CLDN5 SLC7A5,0.3678982061089069,Endo CLDN5 SLC7A5,
CAAGAGGGTACCAGAG-1,0,Oligo MOG OPALIN,0.7271184149742902,Endo CLDN5 SLC7A5,
CAAGAGGGTGCGTGCT-1,1,Endo CLDN5 SLC7A5,0.6213112688999403,Endo CLDN5 SLC7A5,
CAAGCTACACGTGTGC-1,0,Endo CLDN5 SLC7A5,0.5978102590516984,Endo CLDN5 SLC7A5,
CAAGCTAGTATAGGGC-1,0,Oligo MOG OPALIN,0.9891528372871035,Endo CLDN5 SLC7A5,
CAAGCTAGTCGACGCT-1,1,Endo CLDN5 SLC7A5,0.9983059584003121,Endo CLDN5 SLC7A5,
CAAGCTATCTCGTGAA-1,0,Oligo MOG OPALIN,0.9022499997634466,Endo CLDN5 SLC7A5,
CAAGGGACAAATGCGG-1,0,Endo CLDN5 SLC7A5,0.8823934364646033,Endo CLDN5 SLC7A5,
CAAGGGATCAGCTCTC-1,3,L6 FEZF2 NPFFR2 TPD52L1,0.9971171925172333,L2-3 CUX2 ACVR1C THSD7A,
CAATACGAGTCGAAAT-1,0,Endo CLDN5 SLC7A5,0.8128051434337324,Endo CLDN5 SLC7A5,
CAATACGCACCCTTAC-1,0,Endo CLDN5 SLC7A5,0.7718983096639093,Endo CLDN5 SLC7A5,
CAATACGCATCAGCTA-1,5,Astro GFAP FABP7,0.9565253522870241,Astro AQP4 SLC1A2,
CAATACGTCCCGTAAA-1,0,L2-3 CUX2 ACVR1C INHBA,0.4571126666214637,Endo CLDN5 SLC7A5,
CAATCGAAGAATCGTA-1,0,Endo CLDN5 SLC7A5,0.4868431043482076,Endo CLDN5 SLC7A5,
CAATCGAAGCTGTGCC-1,0,Endo CLDN5 SLC7A5,0.9822654280230249,Endo CLDN5 SLC7A5,
CAATCGAAGTAAATGC-1,0,Endo CLDN5 SLC7A5,0.5230738799428638,Endo CLDN5 SLC7A5,
CAATCGACAGCTACTA-1,0,Endo CLDN5 SLC7A5,0.6294759276976338,Endo CLDN5 SLC7A5,
CAATCGAGTTAAACCC-1,0,Endo CLDN5 SLC7A5,0.6176860979284129,Endo CLDN5 SLC7A5,
CAATCGAGTTAGGGTG-1,5,Astro AQP4 SLC1A2,0.999974093944919,Astro AQP4 SLC1A2,
CAATCGAGTTATCTGG-1,0,Endo CLDN5 SLC7A5,0.921413745701389,Endo CLDN5 SLC7A5,
CAATCGATCAGCTCTC-1,0,Endo CLDN5 SLC7A5,0.5506170594603275,Endo CLDN5 SLC7A5,
CAATGACAGCCTTGAT-1,0,Endo CLDN5 SLC7A5,0.42348253992866475,Endo CLDN5 SLC7A5,
CAATGACAGTCAACAA-1,3,Endo CLDN5 SLC7A5,0.48256160312555774,L2-3 CUX2 ACVR1C THSD7A,
CAATGACCACGACGCT-1,3,L6 FEZF2 SYT6 CDH9,0.6086060764369308,L2-3 CUX2 ACVR1C THSD7A,
CAATGACCAGCAGTGA-1,0,L3-5 RORB GABRG1 PTPRO,0.3544936770145153,Endo CLDN5 SLC7A5,
CAATGACCATCGTGCG-1,7,OPC PDGFRA PCDH15,0.9999999802204493,OPC PDGFRA PCDH15,
CAATGACTCCGTATAG-1,0,Endo CLDN5 SLC7A5,0.3787574559089177,Endo CLDN5 SLC7A5,
CAATGACTCCTCTCGA-1,0,InN VIP ADAM12,0.7105960254023016,Endo CLDN5 SLC7A5,
CAATGACTCTAACACG-1,0,Endo CLDN5 SLC7A5,0.7179681363471849,Endo CLDN5 SLC7A5,
CAATTTCTCCTCTAGC-1,2,Oligo MOG OPALIN,0.9999308133660486,Oligo MOG OPALIN,
CAATTTCTCCTTTAGT-1,0,Endo CLDN5 SLC7A5,0.7650022630696064,Endo CLDN5 SLC7A5,
CACAACAAGCGCACAA-1,0,L2-3 CUX2 NTNG1 PALMD,0.3612693962631846,Endo CLDN5 SLC7A5,
CACAACAGTAACATGA-1,0,Endo CLDN5 SLC7A5,0.7007355245014569,Endo CLDN5 SLC7A5,
CACAACAGTAGGAAAG-1,2,Oligo MOG OPALIN,0.9999909438690301,Oligo MOG OPALIN,
CACAACAGTGCAACAG-1,0,Oligo MOG OPALIN,0.9876216378169453,Endo CLDN5 SLC7A5,
CACAACATCAGGTGTT-1,0,Oligo MOG OPALIN,0.8789974848258595,Endo CLDN5 SLC7A5,
CACAACATCCAACTGA-1,0,Endo CLDN5 SLC7A5,0.9809800959708422,Endo CLDN5 SLC7A5,
CACACAAAGCTGAAAT-1,0,Oligo MOG OPALIN,0.8506445266935206,Endo CLDN5 SLC7A5,
CACACAAGTACGCGTC-1,0,Oligo MOG OPALIN,0.9338640975090635,Endo CLDN5 SLC7A5,
CACAGATAGTCATGCT-1,0,L2-3 CUX2 NTNG1 PALMD,0.47797745236408906,Endo CLDN5 SLC7A5,
CACAGATCATGTACGT-1,1,Endo CLDN5 SLC7A5,0.9988567661536112,Endo CLDN5 SLC7A5,
CACAGATGTTGACGGA-1,0,Endo CLDN5 SLC7A5,0.7276902645919685,Endo CLDN5 SLC7A5,
CACAGGCAGACGGTCA-1,0,Endo CLDN5 SLC7A5,0.4055765271718308,Endo CLDN5 SLC7A5,
CACAGGCTCAGAACCT-1,1,Endo CLDN5 SLC7A5,0.973280936942924,Endo CLDN5 SLC7A5,
CACAGGCTCCGTGACG-1,0,L3-5 RORB GABRG1 KCNH7,0.3034712992140079,Endo CLDN5 SLC7A5,
CACAGGCTCTTTCCGG-1,5,Astro GFAP AQP1,0.9430816054991599,Astro AQP4 SLC1A2,
CACATGACAAGAGCTG-1,0,L2-3 CUX2 NTNG1 PALMD,0.3809005959435022,Endo CLDN5 SLC7A5,
CACATGAGTTCTCAGA-1,0,Endo CLDN5 SLC7A5,0.8836108606162476,Endo CLDN5 SLC7A5,
CACATGAGTTGTCCCT-1,0,Endo CLDN5 SLC7A5,0.3168803785402707,Endo CLDN5 SLC7A5,
CACATGATCTGCTGAA-1,0,Endo CLDN5 SLC7A5,0.6188949357534029,Endo CLDN5 SLC7A5,
CACCAAACAAGCCCAC-1,0,Endo CLDN5 SLC7A5,0.3184587815449822,Endo CLDN5 SLC7A5,
CACCAAAGTACGACAG-1,0,Oligo MOG OPALIN,0.9892027576497139,Endo CLDN5 SLC7A5,
CACCAAAGTAGTCCTA-1,0,Endo CLDN5 SLC7A5,0.9875866993458366,Endo CLDN5 SLC7A5,
CACCGTTAGGATATAC-1,0,Endo CLDN5 SLC7A5,0.6904653094417031,Endo CLDN5 SLC7A5,
CACCGTTAGGCAGGTT-1,0,Oligo MOG OPALIN,0.3134811282928804,Endo CLDN5 SLC7A5,
CACCGTTAGTAAACTG-1,3,L2-3 CUX2 ACVR1C THSD7A,0.999496771754717,L2-3 CUX2 ACVR1C THSD7A,
CACCGTTAGTAGCCAG-1,0,Astro GFAP AQP1,0.31290745991724817,Endo CLDN5 SLC7A5,
CACCGTTGTCAGCGTC-1,0,L2-3 CUX2 NTNG1 PALMD,0.5319252114161636,Endo CLDN5 SLC7A5,
CACCGTTTCCATTGTT-1,1,Endo CLDN5 SLC7A5,0.8910156925512568,Endo CLDN5 SLC7A5,
CACCGTTTCCTAAGTG-1,0,L2-3 CUX2 NTNG1 PALMD,0.3931196313169516,Endo CLDN5 SLC7A5,
CACCGTTTCTTGGTGA-1,0,Endo CLDN5 SLC7A5,0.5864456355786276,Endo CLDN5 SLC7A5,
CACGAATAGATGTTGA-1,0,Endo CLDN5 SLC7A5,0.33775514894421693,Endo CLDN5 SLC7A5,
CACGAATGTATGCAAA-1,1,Endo CLDN5 SLC7A5,0.810321302301031,Endo CLDN5 SLC7A5,
CACGAATGTGTACGCC-1,0,Endo CLDN5 SLC7A5,0.31683527790949634,Endo CLDN5 SLC7A5,
CACGGGTAGACGTCCC-1,0,Endo CLDN5 SLC7A5,0.7102032838848817,Endo CLDN5 SLC7A5,
CACGGGTAGGTGCCTC-1,0,Endo CLDN5 SLC7A5,0.9530437060997629,Endo CLDN5 SLC7A5,
CACGGGTCAAAGGATT-1,0,Oligo MOG OPALIN,0.7253988198765207,Endo CLDN5 SLC7A5,
CACGGGTGTCATCCGG-1,1,Endo CLDN5 SLC7A5,0.9946034336760443,Endo CLDN5 SLC7A5,
CACGGGTGTCGTCGGT-1,1,Endo CLDN5 SLC7A5,0.9958501404134629,Endo CLDN5 SLC7A5,
CACGTGGCATAGCTGT-1,0,Endo CLDN5 SLC7A5,0.9175081598988875,Endo CLDN5 SLC7A5,
CACGTGGGTCCACACG-1,0,Endo CLDN5 SLC7A5,0.9010670721396099,Endo CLDN5 SLC7A5,
CACGTGGGTTTAGACC-1,1,Endo CLDN5 SLC7A5,0.5903138463344176,Endo CLDN5 SLC7A5,
CACGTGGTCACCATAG-1,0,OPC PDGFRA PCDH15,0.6543792753669279,Endo CLDN5 SLC7A5,
CACGTGGTCTGTAAGC-1,0,Endo CLDN5 SLC7A5,0.4805998732758312,Endo CLDN5 SLC7A5,
CACGTTCCATCTAGAC-1,0,Endo CLDN5 SLC7A5,0.5265868027327154,Endo CLDN5 SLC7A5,
CACGTTCGTTTGAACC-1,0,Endo CLDN5 SLC7A5,0.36835032802974776,Endo CLDN5 SLC7A5,
CACGTTCTCATTCTTG-1,0,Endo CLDN5 SLC7A5,0.4552031027246347,Endo CLDN5 SLC7A5,
CACTAAGAGACGAGCT-1,0,Endo CLDN5 SLC7A5,0.7637404896446661,Endo CLDN5 SLC7A5,
CACTAAGAGTGAGGCT-1,0,Endo CLDN5 SLC7A5,0.4073498931045857,Endo CLDN5 SLC7A5,
CACTAAGCAATCAGCT-1,6,Micro P2RY12 APBB1IP,0.5550715650349032,Micro P2RY12 APBB1IP,
CACTAAGTCCTCACTG-1,8,InN VIP EXPH5,0.9464534477214318,InN VIP HS3ST3B1,
CACTAAGTCTGATGGT-1,0,Endo CLDN5 SLC7A5,0.5472268778202843,Endo CLDN5 SLC7A5,
CACTGAAAGCTGGAGT-1,0,Endo CLDN5 SLC7A5,0.8722061593177387,Endo CLDN5 SLC7A5,
CACTGAACAAGTCCAT-1,0,Endo CLDN5 SLC7A5,0.3380386032543486,Endo CLDN5 SLC7A5,
CACTGAACAATGTTGC-1,0,Endo CLDN5 SLC7A5,0.9844559042108896,Endo CLDN5 SLC7A5,
CACTGAATCTATACTC-1,0,Oligo MOG OPALIN,0.5762454869670139,Endo CLDN5 SLC7A5,
CACTGGGAGAGGATCC-1,0,Oligo MOG OPALIN,0.39305405035225754,Endo CLDN5 SLC7A5,
CACTGGGCACGAGGAT-1,0,Micro P2RY12 APBB1IP,0.4442968721878459,Endo CLDN5 SLC7A5,
CACTGGGCAGTCGGAA-1,0,Endo CLDN5 SLC7A5,0.3787373635255862,Endo CLDN5 SLC7A5,
CACTGTCCATCCGGCA-1,0,L6 FEZF2 SYT6 PTPRT,0.7659392691274615,Endo CLDN5 SLC7A5,
CACTGTCGTGCGTGCT-1,5,L2-4 CUX2 RORB CLMN,0.3861426734654616,Astro AQP4 SLC1A2,
CACTGTCGTTCCGCGA-1,0,Endo CLDN5 SLC7A5,0.954550297212483,Endo CLDN5 SLC7A5,
CACTTCGAGCCTATTG-1,0,L3-5 RORB GABRG1 KCNH7,0.6556984938217277,Endo CLDN5 SLC7A5,
CACTTCGAGGACCCAA-1,0,Oligo MOG OPALIN,0.9766071100970773,Endo CLDN5 SLC7A5,
CACTTCGCAAGTCCAT-1,0,Oligo MOG OPALIN,0.6261736111580916,Endo CLDN5 SLC7A5,
CACTTCGCAATGGCCC-1,0,L2-3 CUX2 NTNG1 PALMD,0.5987195369288277,Endo CLDN5 SLC7A5,
CACTTCGTCGGCTTCT-1,0,Oligo MOG OPALIN,0.8275966546183593,Endo CLDN5 SLC7A5,
CAGAGCCAGACTCTAC-1,5,Astro GFAP FABP7,0.46525531004535303,Astro AQP4 SLC1A2,
CAGAGCCCAGAACATA-1,4,Astro GFAP AQP1,0.8436032679058301,Endo CLDN5 SLC7A5,
CAGAGCCGTCGCATTA-1,0,Oligo MOG OPALIN,0.8028741527471642,Endo CLDN5 SLC7A5,
CAGATACAGCGTACAG-1,0,Oligo MOG OPALIN,0.9277489206420206,Endo CLDN5 SLC7A5,
CAGATCACACTGTGTA-1,0,L6 FEZF2 DCBLD1 MITF,0.3148209341016793,Endo CLDN5 SLC7A5,
CAGATCAGTTCGGTCG-1,0,Endo CLDN5 SLC7A5,0.7593526778609866,Endo CLDN5 SLC7A5,
CAGATCATCTGCATAG-1,0,Oligo MOG OPALIN,0.3080242324226201,Endo CLDN5 SLC7A5,
CAGATTGGTCTTGCGG-1,0,Endo CLDN5 SLC7A5,0.5955887752522822,Endo CLDN5 SLC7A5,
CAGCAATGTAGAATAC-1,0,Oligo MOG OPALIN,0.9506042717098981,Endo CLDN5 SLC7A5,
CAGCAATGTTCCACGG-1,0,Endo CLDN5 SLC7A5,0.547006883692603,Endo CLDN5 SLC7A5,
CAGCACGAGTGAGCCA-1,0,Oligo MOG OPALIN,0.4281897117339658,Endo CLDN5 SLC7A5,
CAGCACGAGTTGGAAT-1,0,Oligo MOG OPALIN,0.9921377703817954,Endo CLDN5 SLC7A5,
CAGCAGCAGTGCAACG-1,5,Astro GFAP AQP1,0.9968472927667313,Astro AQP4 SLC1A2,
CAGCAGCCAAGCACAG-1,0,Oligo MOG OPALIN,0.993028367873416,Endo CLDN5 SLC7A5,
CAGCAGCTCAACGCTA-1,0,L2-3 CUX2 NTNG1 PALMD,0.5417407124513989,Endo CLDN5 SLC7A5,
CAGCAGCTCTCTTGCG-1,0,Endo CLDN5 SLC7A5,0.7636357201446956,Endo CLDN5 SLC7A5,
CAGCCAGCAACTCCCT-1,0,Endo CLDN5 SLC7A5,0.8919220768518632,Endo CLDN5 SLC7A5,
CAGCCAGCAGAGGTAC-1,0,Endo CLDN5 SLC7A5,0.6451686426044707,Endo CLDN5 SLC7A5,
CAGCCAGGTCGAAACG-1,0,Endo CLDN5 SLC7A5,0.7633530412794279,Endo CLDN5 SLC7A5,
CAGCCAGGTCGGCTAC-1,1,Endo CLDN5 SLC7A5,0.9216326733819732,Endo CLDN5 SLC7A5,
CAGCGTGAGACTAAGT-1,0,Endo CLDN5 SLC7A5,0.8557839555801594,Endo CLDN5 SLC7A5,
CAGCGTGAGCACTCCG-1,0,Oligo MOG OPALIN,0.8499538865186924,Endo CLDN5 SLC7A5,
CAGCGTGCAAGCGAAC-1,3,L6 FEZF2 SYT6 PTPRT,0.8138887787224856,L2-3 CUX2 ACVR1C THSD7A,
CAGCGTGTCGACATCA-1,4,Endo CLDN5 SLC7A5,0.6930485448057375,Endo CLDN5 SLC7A5,
CAGGCCACAGACCAAG-1,0,Endo CLDN5 SLC7A5,0.8498265566828053,Endo CLDN5 SLC7A5,
CAGGCCACATGACGTT-1,1,Endo CLDN5 SLC7A5,0.9992893060582194,Endo CLDN5 SLC7A5,
CAGGCCATCCATTGCC-1,0,Oligo MOG OPALIN,0.5361855784181777,Endo CLDN5 SLC7A5,
CAGGCCATCCGTACGG-1,1,Endo CLDN5 SLC7A5,0.9877453616018808,Endo CLDN5 SLC7A5,
CAGGTATTCGCTTACC-1,0,Endo CLDN5 SLC7A5,0.9828844113288017,Endo CLDN5 SLC7A5,
CAGGTATTCTGTGCGG-1,1,Endo CLDN5 SLC7A5,0.902492704588891,Endo CLDN5 SLC7A5,
CAGTGCGAGTCGGGAT-1,0,Endo CLDN5 SLC7A5,0.5465707072806675,Endo CLDN5 SLC7A5,
CAGTGCGCAAGCACAG-1,1,Endo CLDN5 SLC7A5,0.9847058960431576,Endo CLDN5 SLC7A5,
CAGTGCGGTATCGAGG-1,0,Oligo MOG OPALIN,0.3620670050096046,Endo CLDN5 SLC7A5,
CAGTGCGGTCGCGTTG-1,0,Endo CLDN5 SLC7A5,0.672813539197359,Endo CLDN5 SLC7A5,
CAGTGCGTCAACTACG-1,0,Endo CLDN5 SLC7A5,0.8877909525810995,Endo CLDN5 SLC7A5,
CAGTTAGCACATGTTG-1,0,L2-3 CUX2 NTNG1 PALMD,0.4585369128365115,Endo CLDN5 SLC7A5,
CAGTTAGTCTGTCCGT-1,6,Micro P2RY12 APBB1IP,0.7739692107139856,Micro P2RY12 APBB1IP,
CAGTTCCCACAAAGCG-1,0,Endo CLDN5 SLC7A5,0.49472550940846405,Endo CLDN5 SLC7A5,
CAGTTCCCACAATGTC-1,0,Oligo MOG OPALIN,0.8228009511567287,Endo CLDN5 SLC7A5,
CAGTTCCGTAGTAAGT-1,1,Endo CLDN5 SLC7A5,0.8783858639178511,Endo CLDN5 SLC7A5,
CAGTTCCTCACCGACG-1,3,L3-5 RORB PCBP3 IL1RAPL2,0.677832792139038,L2-3 CUX2 ACVR1C THSD7A,
CAGTTCCTCTGCGTCT-1,0,Endo CLDN5 SLC7A5,0.5026248688360333,Endo CLDN5 SLC7A5,
CATAAGCAGTTGCTGT-1,0,L2-3 CUX2 NTNG1 PLCH1,0.7430514436606837,Endo CLDN5 SLC7A5,
CATAAGCCAGAGGAAA-1,1,Endo CLDN5 SLC7A5,0.9186230359727119,Endo CLDN5 SLC7A5,
CATAAGCGTGAGTAAT-1,2,Oligo MOG OPALIN,0.5272408667523463,Oligo MOG OPALIN,
CATAAGCTCGTAGTCA-1,0,Oligo MOG OPALIN,0.3310933326787727,Endo CLDN5 SLC7A5,
CATACAGAGATGCTAA-1,0,Oligo MOG OPALIN,0.7027316204194278,Endo CLDN5 SLC7A5,
CATACAGCACAAGCCC-1,2,Oligo MOG OPALIN,0.9998984548463484,Oligo MOG OPALIN,
CATACAGCACCGGCTA-1,6,Endo CLDN5 SLC7A5,0.9572345594730699,Micro P2RY12 APBB1IP,
CATACAGTCAGCTTGA-1,0,Endo CLDN5 SLC7A5,0.6829013043870917,Endo CLDN5 SLC7A5,
CATACAGTCGCCTAGG-1,0,Oligo MOG OPALIN,0.8616797204371875,Endo CLDN5 SLC7A5,
CATACCCGTACCAATC-1,4,PC P2RY14 GRM8,0.8954855058360799,Endo CLDN5 SLC7A5,
CATACCCGTCATCCGG-1,0,L2-3 CUX2 NTNG1 PALMD,0.4682268661643957,Endo CLDN5 SLC7A5,
CATACCCGTGATTGGG-1,1,Endo CLDN5 SLC7A5,0.9952908575267425,Endo CLDN5 SLC7A5,
CATACCCGTGGTCAAG-1,0,Endo CLDN5 SLC7A5,0.9581549596686325,Endo CLDN5 SLC7A5,
CATACCCTCTGGACTA-1,0,InN PVALB SYT2,0.41721862363477713,Endo CLDN5 SLC7A5,
CATACTTCAAATTGCC-1,0,Endo CLDN5 SLC7A5,0.325053535883016,Endo CLDN5 SLC7A5,
CATACTTCATGCAGGA-1,0,Endo CLDN5 SLC7A5,0.7288325502180225,Endo CLDN5 SLC7A5,
CATACTTGTACAGAGC-1,0,L2-3 CUX2 NTNG1 PALMD,0.6824349466447933,Endo CLDN5 SLC7A5,
CATACTTTCCAGCTCT-1,0,Endo CLDN5 SLC7A5,0.7669259877739593,Endo CLDN5 SLC7A5,
CATACTTTCCGATCTC-1,0,Endo CLDN5 SLC7A5,0.9220422254435335,Endo CLDN5 SLC7A5,
CATAGACCAGGCGAAT-1,0,Endo CLDN5 SLC7A5,0.6083879988887885,Endo CLDN5 SLC7A5,
CATCAAGCAATGGGTG-1,0,Endo CLDN5 SLC7A5,0.9304327235412538,Endo CLDN5 SLC7A5,
CATCAAGGTGAGATTA-1,0,L2-3 CUX2 NTNG1 PALMD,0.6479607576525825,Endo CLDN5 SLC7A5,
CATCAAGGTGATTCTG-1,0,Oligo MOG OPALIN,0.6187682242606332,Endo CLDN5 SLC7A5,
CATCCACAGGAAAGTG-1,0,Endo CLDN5 SLC7A5,0.4681274596694386,Endo CLDN5 SLC7A5,
CATCCACTCTGGTGGC-1,0,Oligo MOG OPALIN,0.8393660351008698,Endo CLDN5 SLC7A5,
CATCCCAGTATTAAGG-1,0,Endo CLDN5 SLC7A5,0.780200872332973,Endo CLDN5 SLC7A5,
CATCCCAGTTTACGTG-1,0,L2-3 CUX2 NTNG1 PALMD,0.5447007121742727,Endo CLDN5 SLC7A5,
CATCCCATCTAGTTCT-1,0,Oligo MOG OPALIN,0.4161732730393031,Endo CLDN5 SLC7A5,
CATCCGTGTAAGATAC-1,4,Endo CLDN5 SLC7A5,0.38617435582043164,Endo CLDN5 SLC7A5,
CATCCGTTCAAACGAA-1,3,L6 FEZF2 SYT6 CDH9,0.986215877940047,L2-3 CUX2 ACVR1C THSD7A,
CATCCGTTCGAGCTGC-1,0,Oligo MOG OPALIN,0.49840563917287833,Endo CLDN5 SLC7A5,
CATCGCTAGAAGCCTG-1,0,Endo CLDN5 SLC7A5,0.9442172848876633,Endo CLDN5 SLC7A5,
CATCGCTCAGGTTCCG-1,0,Oligo MOG OPALIN,0.8824074280745767,Endo CLDN5 SLC7A5,
CATCGCTGTCAGTTTG-1,0,L3-5 RORB MKX GRIN3A,0.33920007556339116,Endo CLDN5 SLC7A5,
CATCGCTTCAGCTGTA-1,0,Endo CLDN5 SLC7A5,0.8761811127326692,Endo CLDN5 SLC7A5,
CATCGGGAGTCCTGCG-1,0,Oligo MOG OPALIN,0.9369512009885315,Endo CLDN5 SLC7A5,
CATCGGGCAACGACAG-1,0,Endo CLDN5 SLC7A5,0.43887962005043074,Endo CLDN5 SLC7A5,
CATCGGGGTGCTCCGA-1,0,Endo CLDN5 SLC7A5,0.6812641087984338,Endo CLDN5 SLC7A5,
CATCGTCAGAAACTAC-1,0,Endo CLDN5 SLC7A5,0.9456347009223252,Endo CLDN5 SLC7A5,
CATCGTCAGCATGATA-1,0,Endo CLDN5 SLC7A5,0.3785575254632159,Endo CLDN5 SLC7A5,
CATCGTCGTCATCCCT-1,0,Oligo MOG OPALIN,0.6877537312643077,Endo CLDN5 SLC7A5,
CATCGTCGTCGGTAAG-1,0,Oligo MOG OPALIN,0.5439851936607395,Endo CLDN5 SLC7A5,
CATCGTCTCGCTCTCA-1,0,L2-3 CUX2 NTNG1 PALMD,0.9123711969123356,Endo CLDN5 SLC7A5,
CATGAGTAGAGTGGCT-1,1,Oligo MOG OPALIN,0.9993086661327267,Endo CLDN5 SLC7A5,
CATGAGTAGGCTGAAC-1,0,Oligo MOG OPALIN,0.9983218131037793,Endo CLDN5 SLC7A5,
CATGAGTCAACTGATC-1,0,L2-3 CUX2 NTNG1 PALMD,0.7541148425302356,Endo CLDN5 SLC7A5,
CATGAGTCAGTTAGGG-1,0,L2-3 CUX2 NTNG1 PLCH1,0.8105083604870361,Endo CLDN5 SLC7A5,
CATGAGTCATAATCCG-1,0,Endo CLDN5 SLC7A5,0.5406868601067276,Endo CLDN5 SLC7A5,
CATGAGTGTCACCGAC-1,0,Oligo MOG OPALIN,0.5569601869576075,Endo CLDN5 SLC7A5,
CATGAGTTCGCATTAG-1,0,Endo CLDN5 SLC7A5,0.6728841245885989,Endo CLDN5 SLC7A5,
CATGCAAAGGTGCTTT-1,0,Endo CLDN5 SLC7A5,0.8389718105145763,Endo CLDN5 SLC7A5,
CATGCAACAACCAATC-1,0,InN LAMP5 LHX6 TAC1,0.7543093475353103,Endo CLDN5 SLC7A5,
CATGCAAGTTTCGGCG-1,1,Endo CLDN5 SLC7A5,0.9996310679095886,Endo CLDN5 SLC7A5,
CATGCAATCTTTCGAT-1,4,Endo CLDN5 SLC7A5,0.9999853301616705,Endo CLDN5 SLC7A5,
CATGCCTAGGGACTGT-1,1,Endo CLDN5 SLC7A5,0.991479098313547,Endo CLDN5 SLC7A5,
CATGCTCAGAAACCAT-1,1,Endo CLDN5 SLC7A5,0.7615818843793697,Endo CLDN5 SLC7A5,
CATGGATAGTATAGAC-1,3,Oligo MOG OPALIN,0.4767695122147884,L2-3 CUX2 ACVR1C THSD7A,
CATGGATCACCGCTAG-1,0,Oligo MOG OPALIN,0.7423126948036668,Endo CLDN5 SLC7A5,
CATGGATCAGCGAACA-1,0,Endo CLDN5 SLC7A5,0.856331342510667,Endo CLDN5 SLC7A5,
CATGGATGTAGTAAGT-1,0,Endo CLDN5 SLC7A5,0.624741179196846,Endo CLDN5 SLC7A5,
CATGGATGTTCTGAGT-1,1,Oligo MOG OPALIN,0.5451662085355691,Endo CLDN5 SLC7A5,
CATGGTAGTGGGACAT-1,0,Endo CLDN5 SLC7A5,0.8338894651432163,Endo CLDN5 SLC7A5,
CATTCATAGCTCAGAG-1,0,Oligo MOG OPALIN,0.820792427099279,Endo CLDN5 SLC7A5,
CATTCATAGGGTTAGC-1,0,Endo CLDN5 SLC7A5,0.5028424464918826,Endo CLDN5 SLC7A5,
CATTCATTCCATAAGC-1,0,Endo CLDN5 SLC7A5,0.7054374159469403,Endo CLDN5 SLC7A5,
CATTCCGCACTACCCT-1,1,Endo CLDN5 SLC7A5,0.9989980608526002,Endo CLDN5 SLC7A5,
CATTCCGCATGGAACG-1,0,Oligo MOG OPALIN,0.8071654136982325,Endo CLDN5 SLC7A5,
CATTCCGTCTATGCCC-1,0,Endo CLDN5 SLC7A5,0.8221432601078564,Endo CLDN5 SLC7A5,
CATTCTATCAAGTAAG-1,0,Oligo MOG OPALIN,0.9180001020781106,Endo CLDN5 SLC7A5,
CATTCTATCCGTCACT-1,0,L2-3 CUX2 NTNG1 PALMD,0.6289963622840709,Endo CLDN5 SLC7A5,
CATTCTATCGGCAGTC-1,1,Endo CLDN5 SLC7A5,0.9994710045980072,Endo CLDN5 SLC7A5,
CATTGAGAGAACGTGC-1,0,Oligo MOG OPALIN,0.9948721544018598,Endo CLDN5 SLC7A5,
CATTGAGCAGTTAGGG-1,0,Oligo MOG OPALIN,0.7996586325347963,Endo CLDN5 SLC7A5,
CATTGCCAGGTTCCAT-1,0,Oligo MOG OPALIN,0.41623454398093923,Endo CLDN5 SLC7A5,
CATTGTTCATACGCAT-1,0,Oligo MOG OPALIN,0.789801284109619,Endo CLDN5 SLC7A5,
CATTGTTTCCGGACGT-1,0,Astro GFAP AQP1,0.548722088406029,Endo CLDN5 SLC7A5,
CATTTCACATCCGCGA-1,0,Endo CLDN5 SLC7A5,0.6467884754810482,Endo CLDN5 SLC7A5,
CATTTCAGTGGAGAAA-1,0,Endo CLDN5 SLC7A5,0.6580548347688385,Endo CLDN5 SLC7A5,
CATTTCAGTTGTCAGT-1,0,Oligo MOG OPALIN,0.986177870180018,Endo CLDN5 SLC7A5,
CATTTCATCGACCTAA-1,0,Endo CLDN5 SLC7A5,0.4042886191843611,Endo CLDN5 SLC7A5,
CCAAGCGAGGTACATA-1,1,Endo CLDN5 SLC7A5,0.9995967148455973,Endo CLDN5 SLC7A5,
CCAAGCGAGTGTACCT-1,0,Endo CLDN5 SLC7A5,0.9634914256488949,Endo CLDN5 SLC7A5,
CCAAGCGCAAGAGTAT-1,0,Endo CLDN5 SLC7A5,0.8937146722593583,Endo CLDN5 SLC7A5,
CCAAGCGTCCCTTGGT-1,0,Endo CLDN5 SLC7A5,0.3740514588780183,Endo CLDN5 SLC7A5,
CCAATGAAGAGTGGCT-1,1,Endo CLDN5 SLC7A5,0.48108429223008325,Endo CLDN5 SLC7A5,
CCAATGAAGTAAACGT-1,0,Oligo MOG OPALIN,0.9150118737647083,Endo CLDN5 SLC7A5,
CCAATGACACATACTG-1,0,Endo CLDN5 SLC7A5,0.9448514425469106,Endo CLDN5 SLC7A5,
CCAATGACATCCGTTC-1,1,Endo CLDN5 SLC7A5,0.4729349556936986,Endo CLDN5 SLC7A5,
CCAATGAGTATCCCTC-1,1,Endo CLDN5 SLC7A5,0.8185645950624496,Endo CLDN5 SLC7A5,
CCAATTTCACTGAATC-1,0,Endo CLDN5 SLC7A5,0.6090827020580536,Endo CLDN5 SLC7A5,
CCAATTTGTAACTTCG-1,0,Oligo MOG OPALIN,0.3870865468017771,Endo CLDN5 SLC7A5,
CCACAAAAGTCAGCGA-1,0,Oligo MOG OPALIN,0.7594430869591894,Endo CLDN5 SLC7A5,
CCACAAACAAGTGGTG-1,1,Endo CLDN5 SLC7A5,0.4499477019056647,Endo CLDN5 SLC7A5,
CCACAAATCACTGTCC-1,0,Endo CLDN5 SLC7A5,0.7587201006381092,Endo CLDN5 SLC7A5,
CCACAAATCCATCGTC-1,0,Oligo MOG OPALIN,0.9801243307987652,Endo CLDN5 SLC7A5,
CCACAAATCCCAGTGG-1,0,Endo CLDN5 SLC7A5,0.7143852175597774,Endo CLDN5 SLC7A5,
CCACAAATCTTGTTAC-1,0,Endo CLDN5 SLC7A5,0.6842660465150693,Endo CLDN5 SLC7A5,
CCACACTAGTAAACTG-1,0,Oligo MOG OPALIN,0.9467832798283831,Endo CLDN5 SLC7A5,
CCACACTCAAGATCCT-1,0,Endo CLDN5 SLC7A5,0.7635889557906786,Endo CLDN5 SLC7A5,
CCACACTCAAGCTGCC-1,0,Oligo MOG OPALIN,0.9341600827135825,Endo CLDN5 SLC7A5,
CCACACTGTACTGCCG-1,0,Endo CLDN5 SLC7A5,0.42268999833343784,Endo CLDN5 SLC7A5,
CCACCATCACAGTCCG-1,2,Oligo MOG OPALIN,0.9982538453220087,Oligo MOG OPALIN,
CCACCATGTATCGTGT-1,0,Endo CLDN5 SLC7A5,0.5456389913866418,Endo CLDN5 SLC7A5,
CCACCATGTCACAGTT-1,0,Endo CLDN5 SLC7A5,0.4839304922524394,Endo CLDN5 SLC7A5,
CCACGAGAGCGTGCCT-1,0,Endo CLDN5 SLC7A5,0.6151730184581328,Endo CLDN5 SLC7A5,
CCACGAGAGTTAGAAC-1,0,Oligo MOG OPALIN,0.9887081764087234,Endo CLDN5 SLC7A5,
CCACGAGCAACGACAG-1,0,Oligo MOG OPALIN,0.4125967312836096,Endo CLDN5 SLC7A5,
CCACGAGCATTGACCA-1,7,OPC PDGFRA PCDH15,0.99999999991001,OPC PDGFRA PCDH15,
CCACGAGGTCAGGCAA-1,0,Oligo MOG OPALIN,0.9289394795773944,Endo CLDN5 SLC7A5,
CCACGTTCAGAGAATT-1,0,Endo CLDN5 SLC7A5,0.6625150560894869,Endo CLDN5 SLC7A5,
CCACGTTGTAGGGTAC-1,0,Oligo MOG OPALIN,0.9081729327056568,Endo CLDN5 SLC7A5,
CCACGTTGTCGTGATT-1,0,Endo CLDN5 SLC7A5,0.4010939643567246,Endo CLDN5 SLC7A5,
CCACGTTGTCTACAAC-1,0,Endo CLDN5 SLC7A5,0.41031475209901686,Endo CLDN5 SLC7A5,
CCACGTTGTGGTCCCA-1,0,Oligo MOG OPALIN,0.38051589451097784,Endo CLDN5 SLC7A5,
CCACGTTTCTGTTGGA-1,3,L2-3 CUX2 ACVR1C THSD7A,0.994454330618511,L2-3 CUX2 ACVR1C THSD7A,
CCACTTGAGAATTTGG-1,0,Endo CLDN5 SLC7A5,0.6495139010549298,Endo CLDN5 SLC7A5,
CCACTTGTCGCAACAT-1,8,InN SST ADAMTSL1,0.6619578635426866,InN VIP HS3ST3B1,
CCATAAGCACTGCGAC-1,0,Endo CLDN5 SLC7A5,0.7933579393154514,Endo CLDN5 SLC7A5,
CCATAAGGTAGTGATA-1,6,Micro P2RY12 APBB1IP,0.9989659088130186,Micro P2RY12 APBB1IP,
CCATCACAGCCGATCC-1,0,Endo CLDN5 SLC7A5,0.734433648021156,Endo CLDN5 SLC7A5,
CCATCACAGGAGTATT-1,1,Endo CLDN5 SLC7A5,0.9935068170679767,Endo CLDN5 SLC7A5,
CCATCACCAACTCCCT-1,0,Oligo MOG OPALIN,0.7942958779959455,Endo CLDN5 SLC7A5,
CCATCACCATCTCGTC-1,0,Endo CLDN5 SLC7A5,0.9166829621878866,Endo CLDN5 SLC7A5,
CCCAACTTCTAGTTCT-1,0,Endo CLDN5 SLC7A5,0.40762013276360753,Endo CLDN5 SLC7A5,
CCCATTGGTGCACGCT-1,0,Oligo MOG OPALIN,0.4364360009394477,Endo CLDN5 SLC7A5,
CCCGAAGAGAATTGTG-1,1,Endo CLDN5 SLC7A5,0.9994755462609467,Endo CLDN5 SLC7A5,
CCCGAAGCAAGTGCTT-1,0,Endo CLDN5 SLC7A5,0.3013943227903833,Endo CLDN5 SLC7A5,
CCCGAAGCAATGTCTG-1,0,Endo CLDN5 SLC7A5,0.3442564431183758,Endo CLDN5 SLC7A5,
CCCGAAGCACGCAGTC-1,0,Oligo MOG OPALIN,0.8188335237983292,Endo CLDN5 SLC7A5,
CCCGAAGGTTAGCTAC-1,0,Oligo MOG OPALIN,0.4916005121758909,Endo CLDN5 SLC7A5,
CCCGGAAAGCTTCTAG-1,0,Oligo MOG OPALIN,0.39146563508609833,Endo CLDN5 SLC7A5,
CCCGGAAAGGTACTGG-1,1,Endo CLDN5 SLC7A5,0.9991591251432778,Endo CLDN5 SLC7A5,
CCCGGAATCCGAGTGC-1,0,Endo CLDN5 SLC7A5,0.3652867556097624,Endo CLDN5 SLC7A5,
CCCGGAATCCGCACGA-1,0,Endo CLDN5 SLC7A5,0.6400312716331076,Endo CLDN5 SLC7A5,
CCCTAACAGATAGCAT-1,0,Endo CLDN5 SLC7A5,0.5201882011397884,Endo CLDN5 SLC7A5,
CCCTAACGTCCAGCAC-1,0,Oligo MOG OPALIN,0.36698909649026656,Endo CLDN5 SLC7A5,
CCCTCAACATGGAACG-1,0,Endo CLDN5 SLC7A5,0.9973418126472406,Endo CLDN5 SLC7A5,
CCCTCAAGTAACACCT-1,0,Endo CLDN5 SLC7A5,0.5594199028175632,Endo CLDN5 SLC7A5,
CCCTCTCAGGGTCACA-1,3,L2-3 CUX2 NTNG1 PALMD,0.3671173886434522,L2-3 CUX2 ACVR1C THSD7A,
CCCTCTCAGTATGGCG-1,0,Endo CLDN5 SLC7A5,0.8345323549190165,Endo CLDN5 SLC7A5,
CCCTCTCCAGTCAGCC-1,0,L3-5 RORB PCBP3 IL1RAPL2,0.6650790413885773,Endo CLDN5 SLC7A5,
CCCTCTCCATGTGGCC-1,0,Oligo MOG OPALIN,0.30239043563901075,Endo CLDN5 SLC7A5,
CCCTCTCGTTATCTTC-1,0,Endo CLDN5 SLC7A5,0.4077868879850859,Endo CLDN5 SLC7A5,
CCCTCTCTCAAGCCCG-1,0,Endo CLDN5 SLC7A5,0.935335916820534,Endo CLDN5 SLC7A5,
CCCTCTCTCGCACTCT-1,0,Endo CLDN5 SLC7A5,0.35030483667972967,Endo CLDN5 SLC7A5,
CCCTGATAGCACTTTG-1,0,Endo CLDN5 SLC7A5,0.6889234437926628,Endo CLDN5 SLC7A5,
CCCTGATCAGTGACCC-1,3,L6 OPRK1 THEMIS RGS6,0.9803850042712873,L2-3 CUX2 ACVR1C THSD7A,
CCCTGATTCACCGGTG-1,0,Oligo MOG OPALIN,0.6506690044230024,Endo CLDN5 SLC7A5,
CCCTGATTCGGAGATG-1,0,Endo CLDN5 SLC7A5,0.7567108362040725,Endo CLDN5 SLC7A5,
CCCTGATTCTTGAACG-1,1,Endo CLDN5 SLC7A5,0.7236756421773229,Endo CLDN5 SLC7A5,
CCCTTAGAGAAGCTCG-1,0,Endo CLDN5 SLC7A5,0.6965370581326336,Endo CLDN5 SLC7A5,
CCCTTAGCACGAAAGC-1,1,Endo CLDN5 SLC7A5,0.9060768567724933,Endo CLDN5 SLC7A5,
CCCTTAGGTAGAAACT-1,5,Astro GFAP AQP1,0.9865461356783858,Astro AQP4 SLC1A2,
CCCTTAGGTCATTCCC-1,0,Endo CLDN5 SLC7A5,0.3528895419625908,Endo CLDN5 SLC7A5,
CCCTTAGTCATAGCAC-1,0,Endo CLDN5 SLC7A5,0.9922200455136299,Endo CLDN5 SLC7A5,
CCCTTAGTCCCGATCT-1,0,Oligo MOG OPALIN,0.9616368662878784,Endo CLDN5 SLC7A5,
CCGAACGAGCCATATC-1,5,Astro AQP4 SLC1A2,0.6665853133394372,Astro AQP4 SLC1A2,
CCGAACGCAACAGCTT-1,0,Astro GFAP AQP1,0.49223530198435606,Endo CLDN5 SLC7A5,
CCGATCTAGAATCGCG-1,0,Endo CLDN5 SLC7A5,0.5811466197755802,Endo CLDN5 SLC7A5,
CCGATCTAGATTGAGT-1,0,Oligo MOG OPALIN,0.9995953567314997,Endo CLDN5 SLC7A5,
CCGATGGAGGCAGTCA-1,0,Endo CLDN5 SLC7A5,0.42494311715675653,Endo CLDN5 SLC7A5,
CCGATGGAGTGACCTT-1,0,Endo CLDN5 SLC7A5,0.8089924970333222,Endo CLDN5 SLC7A5,
CCGATGGTCGCATTGA-1,0,Endo CLDN5 SLC7A5,0.7074647538091112,Endo CLDN5 SLC7A5,
CCGCAAGAGTCTTCGA-1,0,Endo CLDN5 SLC7A5,0.9255828557389635,Endo CLDN5 SLC7A5,
CCGCAAGCAAGCCATT-1,0,Oligo MOG OPALIN,0.6550382134767119,Endo CLDN5 SLC7A5,
CCGGACAGTTCCACAA-1,0,InN SST FREM1,0.965634951271992,Endo CLDN5 SLC7A5,
CCGGACAGTTTACCAG-1,0,Endo CLDN5 SLC7A5,0.6567494202968983,Endo CLDN5 SLC7A5,
CCGGGTAAGGCCCAAA-1,0,Oligo MOG OPALIN,0.9983344375159078,Endo CLDN5 SLC7A5,
CCGGGTACAAGAAACT-1,0,Endo CLDN5 SLC7A5,0.5683614050976148,Endo CLDN5 SLC7A5,
CCGGTAGAGATGACCG-1,0,Oligo MOG OPALIN,0.9603400214358453,Endo CLDN5 SLC7A5,
CCGGTAGAGGCGAACT-1,0,Endo CLDN5 SLC7A5,0.4097252851674395,Endo CLDN5 SLC7A5,
CCGGTAGCACCTCGTT-1,3,L6 FEZF2 NPFFR2 KCNK2,0.9699279572319703,L2-3 CUX2 ACVR1C THSD7A,
CCGGTAGCAGAGGTTG-1,0,Endo CLDN5 SLC7A5,0.8830055780747434,Endo CLDN5 SLC7A5,
CCGGTGAAGAGCAGCT-1,0,Oligo MOG OPALIN,0.9836007576946677,Endo CLDN5 SLC7A5,
CCGGTGAGTCCTCAGG-1,1,Endo CLDN5 SLC7A5,0.9982158511273621,Endo CLDN5 SLC7A5,
CCGTAGGAGGGCGAAG-1,0,Oligo MOG OPALIN,0.5403244914580343,Endo CLDN5 SLC7A5,
CCGTGAGCATAATCGC-1,1,Endo CLDN5 SLC7A5,0.9998605859651538,Endo CLDN5 SLC7A5,
CCGTTCAGTGCGCTCA-1,0,L2-3 CUX2 NTNG1 PALMD,0.3754340887329594,Endo CLDN5 SLC7A5,
CCGTTCAGTTAGAGTA-1,0,Oligo MOG OPALIN,0.39543803029029173,Endo CLDN5 SLC7A5,
CCTAACCAGGTACTGG-1,1,Endo CLDN5 SLC7A5,0.96230005959866,Endo CLDN5 SLC7A5,
CCTAACCAGGTTGTTC-1,0,Endo CLDN5 SLC7A5,0.9993528866601368,Endo CLDN5 SLC7A5,
CCTAACCAGTAAGCAT-1,1,Endo CLDN5 SLC7A5,0.9406966448548428,Endo CLDN5 SLC7A5,
CCTAACCCAACTGGTT-1,0,Endo CLDN5 SLC7A5,0.7601460657451384,Endo CLDN5 SLC7A5,
CCTAACCGTCGCGTCA-1,0,Oligo MOG OPALIN,0.39190150112371,Endo CLDN5 SLC7A5,
CCTAACCGTCTAATCG-1,0,Oligo MOG OPALIN,0.9799511740772459,Endo CLDN5 SLC7A5,
CCTAACCTCAGGAAAT-1,0,Oligo MOG OPALIN,0.8181794758528933,Endo CLDN5 SLC7A5,
CCTAACCTCATATGGC-1,1,Endo CLDN5 SLC7A5,0.921508464934543,Endo CLDN5 SLC7A5,
CCTAAGAAGGACTAAT-1,0,Endo CLDN5 SLC7A5,0.7026932826865019,Endo CLDN5 SLC7A5,
CCTAAGACAGCGACAA-1,1,Endo CLDN5 SLC7A5,0.9159242866133872,Endo CLDN5 SLC7A5,
CCTAAGATCAGGAGAC-1,5,Astro AQP4 SLC1A2,0.5473734525956374,Astro AQP4 SLC1A2,
CCTAAGATCTGAGGTT-1,3,L2-4 CUX2 RORB CLMN,0.5652700159966471,L2-3 CUX2 ACVR1C THSD7A,
CCTACGTCAGCGTTTA-1,0,Endo CLDN5 SLC7A5,0.8184208218812604,Endo CLDN5 SLC7A5,
CCTACGTGTCCAGTTA-1,1,Endo CLDN5 SLC7A5,0.9377021893430519,Endo CLDN5 SLC7A5,
CCTATCGGTTCAGCTA-1,0,Endo CLDN5 SLC7A5,0.3900162069280735,Endo CLDN5 SLC7A5,
CCTATCGTCCTGATAG-1,0,Endo CLDN5 SLC7A5,0.3267351756355824,Endo CLDN5 SLC7A5,
CCTCAACAGATGGGCT-1,0,Endo CLDN5 SLC7A5,0.6183531645511767,Endo CLDN5 SLC7A5,
CCTCAACAGGGTACGT-1,0,Endo CLDN5 SLC7A5,0.8395679500664168,Endo CLDN5 SLC7A5,
CCTCAACCAAGCGATG-1,7,OPC PDGFRA PCDH15,0.9999999999957785,OPC PDGFRA PCDH15,
CCTCAACCACATTCTT-1,1,Endo CLDN5 SLC7A5,0.8455983226601935,Endo CLDN5 SLC7A5,
CCTCAACCAGGCGATA-1,0,Endo CLDN5 SLC7A5,0.5245272788331325,Endo CLDN5 SLC7A5,
CCTCAACCATGACAGG-1,0,Oligo MOG OPALIN,0.6061695416485757,Endo CLDN5 SLC7A5,
CCTCACAGTATCAAGA-1,0,Endo CLDN5 SLC7A5,0.9151249450902172,Endo CLDN5 SLC7A5,
CCTCAGTAGGCACTAG-1,0,Endo CLDN5 SLC7A5,0.8518765877905788,Endo CLDN5 SLC7A5,
CCTCAGTAGGCCATAG-1,0,Endo CLDN5 SLC7A5,0.958930074958652,Endo CLDN5 SLC7A5,
CCTCAGTCAGCAGTTT-1,4,Endo CLDN5 SLC7A5,0.9993437998915977,Endo CLDN5 SLC7A5,
CCTCAGTTCAAAGGTA-1,0,Oligo MOG OPALIN,0.4228008282711845,Endo CLDN5 SLC7A5,
CCTCAGTTCATGTCAG-1,0,L2-3 CUX2 NTNG1 PALMD,0.46208878610454956,Endo CLDN5 SLC7A5,
CCTCAGTTCCATTCGC-1,1,Oligo MOG OPALIN,0.9760628005214559,Endo CLDN5 SLC7A5,
CCTCATGCACCTGCAG-1,0,Oligo MOG OPALIN,0.6029749795265164,Endo CLDN5 SLC7A5,
CCTCATGTCCATCGTC-1,5,Astro GFAP FABP7,0.9977714906953625,Astro AQP4 SLC1A2,
CCTCATGTCTTTCCAA-1,0,Endo CLDN5 SLC7A5,0.3438166515841962,Endo CLDN5 SLC7A5,
CCTCCAAAGGGCGAAG-1,0,Endo CLDN5 SLC7A5,0.6224813292221668,Endo CLDN5 SLC7A5,
CCTCCAACACGGTGTC-1,0,L2-3 CUX2 NTNG1 PALMD,0.32195477511494736,Endo CLDN5 SLC7A5,
CCTCCAACAGTCCGTG-1,0,Endo CLDN5 SLC7A5,0.4113375098858099,Endo CLDN5 SLC7A5,
CCTCCAAGTCCGGATC-1,0,Oligo MOG OPALIN,0.7459970768793763,Endo CLDN5 SLC7A5,
CCTCCTCAGTGAACAT-1,0,Endo CLDN5 SLC7A5,0.9031658846275171,Endo CLDN5 SLC7A5,
CCTCCTCCAATGGCCC-1,0,L2-3 CUX2 NTNG1 PALMD,0.39794242892770254,Endo CLDN5 SLC7A5,
CCTCCTCGTCATTCCC-1,0,Endo CLDN5 SLC7A5,0.3100848773976266,Endo CLDN5 SLC7A5,
CCTCCTCGTTGGACCC-1,0,Endo CLDN5 SLC7A5,0.6148689393215303,Endo CLDN5 SLC7A5,
CCTCCTCTCCATAGAC-1,0,Endo CLDN5 SLC7A5,0.8677906424080061,Endo CLDN5 SLC7A5,
CCTCTAGGTGGATCGA-1,0,Endo CLDN5 SLC7A5,0.9575003768714119,Endo CLDN5 SLC7A5,
CCTCTAGTCTTCTGTA-1,1,Endo CLDN5 SLC7A5,0.5292690909115401,Endo CLDN5 SLC7A5,
CCTCTCCCATAGGTAA-1,0,Endo CLDN5 SLC7A5,0.5647991063992891,Endo CLDN5 SLC7A5,
CCTGCATGTAGATTAG-1,0,Endo CLDN5 SLC7A5,0.4835767044782355,Endo CLDN5 SLC7A5,
CCTGCATTCTCGCGTT-1,0,Oligo MOG OPALIN,0.9281721640855113,Endo CLDN5 SLC7A5,
CCTGCATTCTTACTGT-1,0,Endo CLDN5 SLC7A5,0.74446875726583,Endo CLDN5 SLC7A5,
CCTGTTGCACACTGGC-1,0,Oligo MOG OPALIN,0.9001952833976685,Endo CLDN5 SLC7A5,
CCTGTTGGTCAAGTTC-1,8,InN SST PLPP4,0.30686530378106425,InN VIP HS3ST3B1,
CCTGTTGGTTAGGCTT-1,8,InN VIP EXPH5,0.9875921078463399,InN VIP HS3ST3B1,
CCTGTTGTCGCGCCAA-1,0,T SKAP1 CD247,0.9999996347529201,Endo CLDN5 SLC7A5,
CCTGTTGTCTCGGGAC-1,0,Endo CLDN5 SLC7A5,0.61626319992907,Endo CLDN5 SLC7A5,
CCTTCAGCACTTGACA-1,0,L2-3 CUX2 NTNG1 PALMD,0.608672977924552,Endo CLDN5 SLC7A5,
CCTTCAGTCCACAGCG-1,0,Endo CLDN5 SLC7A5,0.9947171363386942,Endo CLDN5 SLC7A5,
CCTTCAGTCTGGCCTT-1,0,Endo CLDN5 SLC7A5,0.6184054642407966,Endo CLDN5 SLC7A5,
CCTTGTGCAGACCTGC-1,6,Micro P2RY12 APBB1IP,0.6739417252123606,Micro P2RY12 APBB1IP,
CCTTGTGTCCCTCGAT-1,3,L6 FEZF2 SYT6 CDH9,0.9795250247890711,L2-3 CUX2 ACVR1C THSD7A,
CCTTGTGTCTTCGACC-1,1,Endo CLDN5 SLC7A5,0.9933297895462272,Endo CLDN5 SLC7A5,
CCTTTGGGTTATGTGC-1,0,Oligo MOG OPALIN,0.5740065544137195,Endo CLDN5 SLC7A5,
CCTTTGGTCAGCATTG-1,6,Macro F13A1 COLEC12,0.7447121563585127,Micro P2RY12 APBB1IP,
CGAAGGAGTGCCAAGA-1,0,Endo CLDN5 SLC7A5,0.33692816102561196,Endo CLDN5 SLC7A5,
CGAAGGATCCCAATAG-1,1,Endo CLDN5 SLC7A5,0.992983900870071,Endo CLDN5 SLC7A5,
CGAAGGATCCTACCGT-1,0,Oligo MOG OPALIN,0.4148409689339907,Endo CLDN5 SLC7A5,
CGAAGGATCTCGTGGG-1,0,Endo CLDN5 SLC7A5,0.7844345839974229,Endo CLDN5 SLC7A5,
CGAAGTTTCGAACTCA-1,0,Oligo MOG OPALIN,0.4098530512804281,Endo CLDN5 SLC7A5,
CGAATTGAGACCAACG-1,4,Endo CLDN5 SLC7A5,0.49902030141992504,Endo CLDN5 SLC7A5,
CGAATTGCAGCTGAGA-1,5,Endo CLDN5 SLC7A5,0.8155547610177767,Astro AQP4 SLC1A2,
CGAATTGCATATGAAG-1,0,Oligo MOG OPALIN,0.6293786925197749,Endo CLDN5 SLC7A5,
CGAATTGTCCTTGGAA-1,1,Endo CLDN5 SLC7A5,0.9928731172689625,Endo CLDN5 SLC7A5,
CGAATTGTCTGGGAGA-1,0,Endo CLDN5 SLC7A5,0.8959285828525817,Endo CLDN5 SLC7A5,
CGACAGCGTCTTCATT-1,0,Endo CLDN5 SLC7A5,0.822658354189731,Endo CLDN5 SLC7A5,
CGACAGCGTGGAGGTT-1,0,Oligo MOG OPALIN,0.4556290324012699,Endo CLDN5 SLC7A5,
CGACAGCTCAATGCAC-1,0,Endo CLDN5 SLC7A5,0.8065821393614473,Endo CLDN5 SLC7A5,
CGACAGCTCGCCACTT-1,1,Endo CLDN5 SLC7A5,0.9999545953757851,Endo CLDN5 SLC7A5,
CGAGAAGTCACATTGG-1,0,Oligo MOG OPALIN,0.9524203946473631,Endo CLDN5 SLC7A5,
CGAGGAAAGGAGGCAG-1,0,Endo CLDN5 SLC7A5,0.9940560385179179,Endo CLDN5 SLC7A5,
CGAGGAAGTAGATTGA-1,0,Endo CLDN5 SLC7A5,0.8010458184152611,Endo CLDN5 SLC7A5,
CGAGGCTCACTGCACG-1,0,Endo CLDN5 SLC7A5,0.4676551164386938,Endo CLDN5 SLC7A5,
CGAGGCTCACTGGATT-1,0,Endo CLDN5 SLC7A5,0.6006421798635618,Endo CLDN5 SLC7A5,
CGAGGCTGTGGGCTCT-1,0,Oligo MOG OPALIN,0.9874989924523626,Endo CLDN5 SLC7A5,
CGAGTGCAGTGGTGAC-1,1,Endo CLDN5 SLC7A5,0.9983041003727177,Endo CLDN5 SLC7A5,
CGAGTGCCACCAACAT-1,3,L3-5 RORB MKX DCC,0.9993101378914895,L2-3 CUX2 ACVR1C THSD7A,
CGAGTGCGTCACAGTT-1,1,Endo CLDN5 SLC7A5,0.961049663650606,Endo CLDN5 SLC7A5,
CGAGTGCGTCTTACTT-1,0,Endo CLDN5 SLC7A5,0.5367759843671741,Endo CLDN5 SLC7A5,
CGAGTGCTCATGGCCG-1,0,Endo CLDN5 SLC7A5,0.8901581337807202,Endo CLDN5 SLC7A5,
CGAGTTAAGTGTTGAA-1,3,L2-3 CUX2 ACVR1C THSD7A,0.8779969481523229,L2-3 CUX2 ACVR1C THSD7A,
CGAGTTAGTCGTCTCT-1,2,Oligo MOG OPALIN,0.9995825029151106,Oligo MOG OPALIN,
CGAGTTAGTTGAATCC-1,1,Endo CLDN5 SLC7A5,0.9926843936821028,Endo CLDN5 SLC7A5,
CGAGTTATCGAGTGAG-1,0,Endo CLDN5 SLC7A5,0.901940489900445,Endo CLDN5 SLC7A5,
CGAGTTATCGTGGGTC-1,0,Endo CLDN5 SLC7A5,0.7986027286116065,Endo CLDN5 SLC7A5,
CGATCGGAGATTGATG-1,0,Oligo MOG OPALIN,0.9509217984845375,Endo CLDN5 SLC7A5,
CGATCGGAGTATGTAG-1,8,InN PVALB HPSE,0.6213126935026285,InN VIP HS3ST3B1,
CGATCGGCATCCGCGA-1,2,L2-3 CUX2 NTNG1 PALMD,0.3117525464846042,Oligo MOG OPALIN,
CGATGCGAGCGCCATC-1,0,Oligo MOG OPALIN,0.7948696622507111,Endo CLDN5 SLC7A5,
CGATGCGGTTGGACTT-1,0,Oligo MOG OPALIN,0.4653162216156535,Endo CLDN5 SLC7A5,
CGATGGCAGTAGGCCA-1,0,Endo CLDN5 SLC7A5,0.7124269483856621,Endo CLDN5 SLC7A5,
CGATGGCCACCGTCTT-1,0,L2-3 CUX2 NTNG1 PALMD,0.8347261766377118,Endo CLDN5 SLC7A5,
CGATGGCTCGGATTAC-1,0,Endo CLDN5 SLC7A5,0.958474196617291,Endo CLDN5 SLC7A5,
CGCAGGTAGAATCCCT-1,0,Oligo MOG OPALIN,0.48503677477699414,Endo CLDN5 SLC7A5,
CGCAGGTAGCTCACTA-1,0,Astro AQP4 SLC1A2,0.5214579359354581,Endo CLDN5 SLC7A5,
CGCAGGTCAAATGAAC-1,0,Endo CLDN5 SLC7A5,0.6696260101654588,Endo CLDN5 SLC7A5,
CGCAGGTCAGCCGGTT-1,0,Endo CLDN5 SLC7A5,0.5052252488590174,Endo CLDN5 SLC7A5,
CGCAGGTCAGCGAACA-1,0,Endo CLDN5 SLC7A5,0.8916908169981997,Endo CLDN5 SLC7A5,
CGCAGGTTCTTAAGGC-1,0,L3-5 RORB GABRG1 KCNH7,0.3220867006540113,Endo CLDN5 SLC7A5,
CGCATAAAGATGGTAT-1,0,Oligo MOG OPALIN,0.9667955585029279,Endo CLDN5 SLC7A5,
CGCATAAAGTTCGGTT-1,0,Endo CLDN5 SLC7A5,0.6931678639080693,Endo CLDN5 SLC7A5,
CGCATAAGTGACTGAG-1,0,Oligo MOG OPALIN,0.6214606766671267,Endo CLDN5 SLC7A5,
CGCATGGAGAGGTATT-1,0,Oligo MOG OPALIN,0.9736176567696474,Endo CLDN5 SLC7A5,
CGCATGGGTGGTCCGT-1,1,Endo CLDN5 SLC7A5,0.9853675646489126,Endo CLDN5 SLC7A5,
CGCCAGAAGCATTGAA-1,2,Oligo MOG OPALIN,0.8826113948282542,Oligo MOG OPALIN,
CGCCAGAAGTCGCCCA-1,1,L2-3 CUX2 NTNG1 PALMD,0.30375959268370323,Endo CLDN5 SLC7A5,
CGCCAGAAGTTGGACG-1,0,Oligo MOG OPALIN,0.998417913081876,Endo CLDN5 SLC7A5,
CGCCAGAGTGAGCTCC-1,0,Oligo MOG OPALIN,0.9696692941913997,Endo CLDN5 SLC7A5,
CGCCAGAGTTGGGACA-1,0,Oligo MOG OPALIN,0.5048637256484119,Endo CLDN5 SLC7A5,
CGCCAGATCAGAATAG-1,0,Oligo MOG OPALIN,0.9998311071705067,Endo CLDN5 SLC7A5,
CGCCAGATCTGCGAGC-1,0,Endo CLDN5 SLC7A5,0.3982132912699761,Endo CLDN5 SLC7A5,
CGCCATTAGTTGGCTT-1,0,Oligo MOG OPALIN,0.5043110366517847,Endo CLDN5 SLC7A5,
CGCCATTCAATGAGCG-1,1,Endo CLDN5 SLC7A5,0.7373468836903229,Endo CLDN5 SLC7A5,
CGCCATTGTACCTAGT-1,0,Oligo MOG OPALIN,0.9939132964880381,Endo CLDN5 SLC7A5,
CGCCATTTCGAGGCAA-1,4,VLMC COL1A2 SLC13A3,0.9998022847350774,Endo CLDN5 SLC7A5,
CGCCATTTCGCTGCGA-1,0,Endo CLDN5 SLC7A5,0.35269337122300654,Endo CLDN5 SLC7A5,
CGCGTGAAGGACAACC-1,0,Endo CLDN5 SLC7A5,0.8370707222887184,Endo CLDN5 SLC7A5,
CGCGTGAAGGCGCTTC-1,0,Endo CLDN5 SLC7A5,0.7305894357709907,Endo CLDN5 SLC7A5,
CGGAACCCACTATCCC-1,0,Oligo MOG OPALIN,0.31752519640352495,Endo CLDN5 SLC7A5,
CGGAACCCATAATCCG-1,0,Endo CLDN5 SLC7A5,0.9016136256887151,Endo CLDN5 SLC7A5,
CGGAACCGTTCTCGTC-1,0,Oligo MOG OPALIN,0.9758554625709702,Endo CLDN5 SLC7A5,
CGGAACCTCGAAGTGG-1,0,L3-5 RORB MKX GRIN3A,0.6690121912895979,Endo CLDN5 SLC7A5,
CGGAACCTCTGTCAGA-1,1,Endo CLDN5 SLC7A5,0.9972258187524264,Endo CLDN5 SLC7A5,
CGGAATTGTCTTCTAT-1,0,Endo CLDN5 SLC7A5,0.8592698783033287,Endo CLDN5 SLC7A5,
CGGACACAGCTCTGTA-1,0,Oligo MOG OPALIN,0.7731549790639177,Endo CLDN5 SLC7A5,
CGGACACTCGCCATAA-1,0,Oligo MOG OPALIN,0.3336977194786514,Endo CLDN5 SLC7A5,
CGGAGAAGTGAGATCG-1,0,Oligo MOG OPALIN,0.3663056527336575,Endo CLDN5 SLC7A5,
CGGAGAATCGTCCTCA-1,0,Astro AQP4 SLC1A2,0.3303880708853198,Endo CLDN5 SLC7A5,
CGGAGAATCTAGGCAT-1,0,Oligo MOG OPALIN,0.9913351080542125,Endo CLDN5 SLC7A5,
CGGCAGTAGCTCCACG-1,0,Endo CLDN5 SLC7A5,0.41719497244805576,Endo CLDN5 SLC7A5,
CGGCAGTGTTCATCGA-1,8,InN SST HTR2C,0.3669704559350259,InN VIP HS3ST3B1,
CGGCAGTTCATTGAGC-1,0,Endo CLDN5 SLC7A5,0.9939672156398601,Endo CLDN5 SLC7A5,
CGGCAGTTCCGCAGTG-1,0,Endo CLDN5 SLC7A5,0.5900629012644966,Endo CLDN5 SLC7A5,
CGGCAGTTCGGAACTT-1,0,Endo CLDN5 SLC7A5,0.814949724385224,Endo CLDN5 SLC7A5,
CGGGACTAGACTCAAA-1,0,Endo CLDN5 SLC7A5,0.7243179824140937,Endo CLDN5 SLC7A5,
CGGGACTAGGTTCCAT-1,0,Endo CLDN5 SLC7A5,0.9552739340931481,Endo CLDN5 SLC7A5,
CGGGCATGTGGCTAGA-1,0,Endo CLDN5 SLC7A5,0.8896476913190394,Endo CLDN5 SLC7A5,
CGGGCATGTTGTGTAC-1,0,L2-3 CUX2 NTNG1 PALMD,0.4285436877389813,Endo CLDN5 SLC7A5,
CGGGCATTCAGACCTA-1,2,Oligo MOG GSN,0.9678538983539972,Oligo MOG OPALIN,
CGGGCATTCCGCGAGT-1,2,Oligo MOG OPALIN,0.9998881297399296,Oligo MOG OPALIN,
CGGGCATTCCGCTAGG-1,0,Oligo MOG OPALIN,0.45933404358520935,Endo CLDN5 SLC7A5,
CGGGTCAAGCTGTACT-1,1,Endo CLDN5 SLC7A5,0.99987513742692,Endo CLDN5 SLC7A5,
CGGGTCAGTGGTCTCG-1,1,Endo CLDN5 SLC7A5,0.9592917237532671,Endo CLDN5 SLC7A5,
CGGGTCATCTTCACAT-1,0,Oligo MOG OPALIN,0.8403228179342641,Endo CLDN5 SLC7A5,
CGGGTGTAGAGGGTGG-1,0,Endo CLDN5 SLC7A5,0.8664442486792524,Endo CLDN5 SLC7A5,
CGGGTGTCAACCGATT-1,0,Endo CLDN5 SLC7A5,0.5519156638985815,Endo CLDN5 SLC7A5,
CGGGTGTCACCCTGTT-1,2,Oligo MOG OPALIN,0.9999620518797412,Oligo MOG OPALIN,
CGGGTGTGTCGTGCCA-1,0,Endo CLDN5 SLC7A5,0.7368195100309718,Endo CLDN5 SLC7A5,
CGGGTGTTCTCTATAC-1,1,Endo CLDN5 SLC7A5,0.9813307752329106,Endo CLDN5 SLC7A5,
CGGTCAGAGTTTGTCG-1,2,Oligo MOG OPALIN,0.9981364753299312,Oligo MOG OPALIN,
CGGTCAGCACGAGAAC-1,0,Endo CLDN5 SLC7A5,0.5419282361976702,Endo CLDN5 SLC7A5,
CGTAAGTCACGTACTA-1,0,Oligo MOG OPALIN,0.7176582851460196,Endo CLDN5 SLC7A5,
CGTAAGTTCGAACTCA-1,0,Endo CLDN5 SLC7A5,0.3203577254134795,Endo CLDN5 SLC7A5,
CGTAATGAGAACCCGA-1,1,Endo CLDN5 SLC7A5,0.9940462176772327,Endo CLDN5 SLC7A5,
CGTAATGCACAATGTC-1,0,Oligo MOG OPALIN,0.8276012153091621,Endo CLDN5 SLC7A5,
CGTAATGTCACGTAGT-1,0,Endo CLDN5 SLC7A5,0.3269454379925726,Endo CLDN5 SLC7A5,
CGTAGTACATGACAGG-1,0,Endo CLDN5 SLC7A5,0.945763495296093,Endo CLDN5 SLC7A5,
CGTAGTATCACTCCGT-1,0,Oligo MOG OPALIN,0.8111236611838545,Endo CLDN5 SLC7A5,
CGTAGTATCCGGACTG-1,0,Endo CLDN5 SLC7A5,0.8333380278078618,Endo CLDN5 SLC7A5,
CGTCAAAAGAGTAACT-1,0,Endo CLDN5 SLC7A5,0.8086019846027487,Endo CLDN5 SLC7A5,
CGTCAAAGTAATGTGA-1,0,Endo CLDN5 SLC7A5,0.39031443330090937,Endo CLDN5 SLC7A5,
CGTCAAAGTCCGAAGA-1,0,Oligo MOG OPALIN,0.4256398317014647,Endo CLDN5 SLC7A5,
CGTCAAAGTCCTGAAT-1,8,InN VIP CLSTN2,0.9943460298208634,InN VIP HS3ST3B1,
CGTCAAATCCGCGAGT-1,0,Endo CLDN5 SLC7A5,0.9671597935300785,Endo CLDN5 SLC7A5,
CGTCAAATCTGTTCAT-1,1,Endo CLDN5 SLC7A5,0.7898355045557581,Endo CLDN5 SLC7A5,
CGTCCATCACTAGGCC-1,0,Endo CLDN5 SLC7A5,0.8269494138845904,Endo CLDN5 SLC7A5,
CGTCCATCACTCTCGT-1,0,Endo CLDN5 SLC7A5,0.9192294689674786,Endo CLDN5 SLC7A5,
CGTCCATGTCTCTCAC-1,0,Endo CLDN5 SLC7A5,0.9696745064179073,Endo CLDN5 SLC7A5,
CGTCCATTCAGCTCTC-1,0,Oligo MOG OPALIN,0.7870128542832316,Endo CLDN5 SLC7A5,
CGTGAATAGGTGTGAC-1,2,Oligo MOG OPALIN,0.9999934636742778,Oligo MOG OPALIN,
CGTGAATCACGGTCTG-1,4,Endo CLDN5 SLC7A5,0.4662728811077702,Endo CLDN5 SLC7A5,
CGTGAATTCTTGGCTC-1,0,Endo CLDN5 SLC7A5,0.9141407160188436,Endo CLDN5 SLC7A5,
CGTGATAAGGGCAGTT-1,0,Endo CLDN5 SLC7A5,0.9438149515051864,Endo CLDN5 SLC7A5,
CGTGCTTGTTCTCGCT-1,0,Oligo MOG OPALIN,0.31059120265952395,Endo CLDN5 SLC7A5,
CGTGTCTAGGCTTTCA-1,0,Endo CLDN5 SLC7A5,0.5175314563216817,Endo CLDN5 SLC7A5,
CGTGTCTAGGTAGCAC-1,0,Endo CLDN5 SLC7A5,0.4084873518598734,Endo CLDN5 SLC7A5,
CGTGTCTCAGGGATAC-1,1,Endo CLDN5 SLC7A5,0.9958675569718645,Endo CLDN5 SLC7A5,
CGTGTCTCATCGTCCT-1,0,Endo CLDN5 SLC7A5,0.3747233676985772,Endo CLDN5 SLC7A5,
CGTGTCTGTCACGCTG-1,0,Endo CLDN5 SLC7A5,0.48288715140953814,Endo CLDN5 SLC7A5,
CGTGTCTGTCGTTGCG-1,0,Endo CLDN5 SLC7A5,0.8641293573593603,Endo CLDN5 SLC7A5,
CGTGTCTTCTGAGATC-1,0,Endo CLDN5 SLC7A5,0.4775221295619525,Endo CLDN5 SLC7A5,
CGTTAGAAGAGTCACG-1,1,Endo CLDN5 SLC7A5,0.4811159002975638,Endo CLDN5 SLC7A5,
CGTTCTGAGGTCCCGT-1,6,Micro P2RY12 APBB1IP,0.9812944816826508,Micro P2RY12 APBB1IP,
CGTTCTGGTGAATTGA-1,0,Endo CLDN5 SLC7A5,0.8604835002717283,Endo CLDN5 SLC7A5,
CTAACTTAGAACAGGA-1,0,Oligo MOG OPALIN,0.9175469873974834,Endo CLDN5 SLC7A5,
CTAACTTCAAGTCGTT-1,0,Endo CLDN5 SLC7A5,0.3704843917978693,Endo CLDN5 SLC7A5,
CTAACTTCACCCGTAG-1,0,Oligo MOG OPALIN,0.44952119821046793,Endo CLDN5 SLC7A5,
CTAAGTGCAGAACGCA-1,0,Endo CLDN5 SLC7A5,0.8798225586652529,Endo CLDN5 SLC7A5,
CTAAGTGCAGAGCGTA-1,1,Endo CLDN5 SLC7A5,0.9891541501907053,Endo CLDN5 SLC7A5,
CTAAGTGGTATTGCCA-1,0,Endo CLDN5 SLC7A5,0.8373941941765978,Endo CLDN5 SLC7A5,
CTACAGAAGCCGTTGC-1,0,Oligo MOG OPALIN,0.9059124353314568,Endo CLDN5 SLC7A5,
CTACAGACACTCCTGT-1,2,Oligo MOG OPALIN,0.9995714602563472,Oligo MOG OPALIN,
CTACAGAGTAACGGTG-1,0,Endo CLDN5 SLC7A5,0.9111259623118196,Endo CLDN5 SLC7A5,
CTACAGAGTGGGATTG-1,0,Endo CLDN5 SLC7A5,0.39050337375833005,Endo CLDN5 SLC7A5,
CTACAGAGTTGTCAGT-1,5,Astro AQP4 SLC1A2,0.9999970060954855,Astro AQP4 SLC1A2,
CTACATTAGGGCCTCT-1,0,Oligo MOG OPALIN,0.9035019626123105,Endo CLDN5 SLC7A5,
CTACATTAGTAAGCAT-1,0,Endo CLDN5 SLC7A5,0.5343905389899987,Endo CLDN5 SLC7A5,
CTACATTCAGGAAGTC-1,0,Endo CLDN5 SLC7A5,0.581649839189363,Endo CLDN5 SLC7A5,
CTACATTCATCGATCA-1,7,OPC PDGFRA PCDH15,0.9999999999175861,OPC PDGFRA PCDH15,
CTACATTGTAGGTACG-1,0,Endo CLDN5 SLC7A5,0.8996799993837878,Endo CLDN5 SLC7A5,
CTACCCAAGAAACACT-1,0,Oligo MOG OPALIN,0.9996115437043919,Endo CLDN5 SLC7A5,
CTACCCAAGCAACTCT-1,0,Oligo MOG OPALIN,0.9233095573680721,Endo CLDN5 SLC7A5,
CTACCCACACGTAACT-1,0,Oligo MOG OPALIN,0.9730646453565722,Endo CLDN5 SLC7A5,
CTACCCACATCTCAAG-1,0,Endo CLDN5 SLC7A5,0.31045328679367507,Endo CLDN5 SLC7A5,
CTACCCACATGATAGA-1,0,Endo CLDN5 SLC7A5,0.5132311670577696,Endo CLDN5 SLC7A5,
CTACCCAGTTGCATTG-1,0,Endo CLDN5 SLC7A5,0.42889407313601624,Endo CLDN5 SLC7A5,
CTACCTGAGGTCATCT-1,1,Endo CLDN5 SLC7A5,0.9787153759038733,Endo CLDN5 SLC7A5,
CTACCTGGTAGTGCGA-1,0,Endo CLDN5 SLC7A5,0.8751525248821354,Endo CLDN5 SLC7A5,
CTACCTGGTGTTCCTC-1,0,Endo CLDN5 SLC7A5,0.9081217141979921,Endo CLDN5 SLC7A5,
CTACGGGAGGTTGCCC-1,8,InN VIP EXPH5,0.9997652391878938,InN VIP HS3ST3B1,
CTACGGGAGTGTAGAT-1,4,Endo CLDN5 SLC7A5,0.938697707751207,Endo CLDN5 SLC7A5,
CTACGGGCACTGTCCT-1,0,Endo CLDN5 SLC7A5,0.8629874617368057,Endo CLDN5 SLC7A5,
CTACGGGGTGTCTTCC-1,0,Oligo MOG OPALIN,0.8389327382772415,Endo CLDN5 SLC7A5,
CTACTATTCGTACCTC-1,0,Endo CLDN5 SLC7A5,0.5314838718541036,Endo CLDN5 SLC7A5,
CTAGACAAGGCTCTAT-1,0,L2-3 CUX2 NTNG1 PALMD,0.6732300469884112,Endo CLDN5 SLC7A5,
CTAGACACAATAGTCC-1,0,Oligo MOG OPALIN,0.5706264662711059,Endo CLDN5 SLC7A5,
CTAGACACACACCGAC-1,0,L2-3 CUX2 NTNG1 PALMD,0.6453467098460522,Endo CLDN5 SLC7A5,
CTAGACACACCTATCC-1,0,L2-3 CUX2 NTNG1 PALMD,0.4164273161911377,Endo CLDN5 SLC7A5,
CTAGACAGTACCACGC-1,1,Endo CLDN5 SLC7A5,0.7045406401239684,Endo CLDN5 SLC7A5,
CTAGACAGTGGCACTC-1,0,Oligo MOG OPALIN,0.998244317514474,Endo CLDN5 SLC7A5,
CTAGACATCAAGCGTT-1,0,Endo CLDN5 SLC7A5,0.4267140384886862,Endo CLDN5 SLC7A5,
CTAGACATCACCCTCA-1,3,L2-4 CUX2 RORB CLMN,0.3574351041819945,L2-3 CUX2 ACVR1C THSD7A,
CTAGACATCGAAATCC-1,0,Oligo MOG OPALIN,0.41887502665517146,Endo CLDN5 SLC7A5,
CTAGACATCGTGGGTC-1,0,Endo CLDN5 SLC7A5,0.6954092454029973,Endo CLDN5 SLC7A5,
CTAGGTAAGACGCTCC-1,0,Endo CLDN5 SLC7A5,0.9220338596057921,Endo CLDN5 SLC7A5,
CTAGGTAAGTCGTTAC-1,0,Oligo MOG OPALIN,0.8675053139219171,Endo CLDN5 SLC7A5,
CTAGGTACAGTTTCGA-1,0,Endo CLDN5 SLC7A5,0.4423024663734003,Endo CLDN5 SLC7A5,
CTAGGTAGTACCTTCC-1,1,Endo CLDN5 SLC7A5,0.9967673768316495,Endo CLDN5 SLC7A5,
CTATAGGCAATCACGT-1,0,Oligo MOG OPALIN,0.8893929943184858,Endo CLDN5 SLC7A5,
CTATAGGCACTTGAAC-1,2,Oligo MOG OPALIN,0.9996396755290388,Oligo MOG OPALIN,
CTATAGGGTTGCAACT-1,0,Oligo MOG OPALIN,0.5667177778122637,Endo CLDN5 SLC7A5,
CTATCCGAGAGATTCA-1,0,Oligo MOG OPALIN,0.8670189895286363,Endo CLDN5 SLC7A5,
CTATCCGAGCAGGCTA-1,0,Endo CLDN5 SLC7A5,0.9706235985574992,Endo CLDN5 SLC7A5,
CTATCCGTCACTTTGT-1,0,Endo CLDN5 SLC7A5,0.30633337026373564,Endo CLDN5 SLC7A5,
CTATCTAAGTGGCCTC-1,0,Oligo MOG OPALIN,0.5118036217015474,Endo CLDN5 SLC7A5,
CTATCTACAAACGTGG-1,7,OPC PDGFRA PCDH15,0.9999990194674662,OPC PDGFRA PCDH15,
CTATCTACATCAGTCA-1,0,Oligo MOG OPALIN,0.8444402628929409,Endo CLDN5 SLC7A5,
CTATCTATCATGCGGC-1,0,L2-3 CUX2 NTNG1 PALMD,0.9089654243423039,Endo CLDN5 SLC7A5,
CTCAACCAGACAAGCC-1,3,L6 FEZF2 SYT6 ERBB4,0.9274243013611171,L2-3 CUX2 ACVR1C THSD7A,
CTCAACCGTCCTCCAT-1,1,Endo CLDN5 SLC7A5,0.999377470421626,Endo CLDN5 SLC7A5,
CTCAACCTCAGCACCG-1,5,Astro GFAP FABP7,0.6737404882663531,Astro AQP4 SLC1A2,
CTCAAGACAATAACGA-1,1,Oligo MOG OPALIN,0.46350062285067933,Endo CLDN5 SLC7A5,
CTCAAGAGTTGACTGT-1,0,Endo CLDN5 SLC7A5,0.7478143534838596,Endo CLDN5 SLC7A5,
CTCAATTAGTCTCCTC-1,1,Endo CLDN5 SLC7A5,0.9849234744395523,Endo CLDN5 SLC7A5,
CTCACTGAGGTCATCT-1,0,Endo CLDN5 SLC7A5,0.8125869878185515,Endo CLDN5 SLC7A5,
CTCACTGGTCTCCTGT-1,0,Endo CLDN5 SLC7A5,0.4872483340152849,Endo CLDN5 SLC7A5,
CTCACTGTCGAGAGAC-1,0,Endo CLDN5 SLC7A5,0.3438372927261091,Endo CLDN5 SLC7A5,
CTCAGAAAGCGAGTCA-1,6,Micro P2RY12 CCL3,0.9888010408045611,Micro P2RY12 APBB1IP,
CTCAGAACAAGAATGT-1,0,Endo CLDN5 SLC7A5,0.40280050197411077,Endo CLDN5 SLC7A5,
CTCAGAAGTACGGGAT-1,0,Oligo MOG OPALIN,0.9081985803830419,Endo CLDN5 SLC7A5,
CTCAGGGAGCGCCGTT-1,0,Oligo MOG OPALIN,0.34494581509112565,Endo CLDN5 SLC7A5,
CTCAGGGGTCTTCGAA-1,0,Endo CLDN5 SLC7A5,0.9390651886336921,Endo CLDN5 SLC7A5,
CTCAGTCAGGTCTACT-1,0,Endo CLDN5 SLC7A5,0.5319217498576331,Endo CLDN5 SLC7A5,
CTCAGTCCAATAGGAT-1,1,Endo CLDN5 SLC7A5,0.9994163380156549,Endo CLDN5 SLC7A5,
CTCAGTCCAATTGCCA-1,0,Oligo MOG OPALIN,0.8557938011042602,Endo CLDN5 SLC7A5,
CTCAGTCTCTGAATGC-1,0,Endo CLDN5 SLC7A5,0.5801118802080254,Endo CLDN5 SLC7A5,
CTCAGTCTCTGGCCAG-1,0,Endo CLDN5 SLC7A5,0.4728710003912046,Endo CLDN5 SLC7A5,
CTCAGTCTCTTAAGGC-1,0,Endo CLDN5 SLC7A5,0.883186332753028,Endo CLDN5 SLC7A5,
CTCATCGCATTGAGGG-1,0,L2-3 CUX2 NTNG1 PALMD,0.7339859486679482,Endo CLDN5 SLC7A5,
CTCATCGGTAGTGATA-1,2,Oligo MOG OPALIN,0.5057606274173496,Oligo MOG OPALIN,
CTCATGCAGCCTGAAG-1,2,Oligo MOG OPALIN,0.9996219679809485,Oligo MOG OPALIN,
CTCATGCGTAGAAACT-1,0,Endo CLDN5 SLC7A5,0.8232234628273742,Endo CLDN5 SLC7A5,
CTCATGCTCATTGCCC-1,0,Endo CLDN5 SLC7A5,0.41622499800825435,Endo CLDN5 SLC7A5,
CTCATTATCAAGTCTG-1,0,Endo CLDN5 SLC7A5,0.8201484352694575,Endo CLDN5 SLC7A5,
CTCATTATCGGTTGTA-1,0,Endo CLDN5 SLC7A5,0.769891141594827,Endo CLDN5 SLC7A5,
CTCCAACCAGACGATG-1,0,Endo CLDN5 SLC7A5,0.3592491646627457,Endo CLDN5 SLC7A5,
CTCCAACGTAGCTAAA-1,0,Endo CLDN5 SLC7A5,0.7996807018758604,Endo CLDN5 SLC7A5,
CTCCACACAGACCAGA-1,0,Endo CLDN5 SLC7A5,0.7775112425320336,Endo CLDN5 SLC7A5,
CTCCACATCGCCAATA-1,3,L3-5 RORB TNNT2 TSHZ2,0.6733260394425862,L2-3 CUX2 ACVR1C THSD7A,
CTCCATGGTTTCCAAG-1,0,Endo CLDN5 SLC7A5,0.6040593897125099,Endo CLDN5 SLC7A5,
CTCCATGTCAGGACGA-1,2,Oligo MOG OPALIN,0.998652281065836,Oligo MOG OPALIN,
CTCCCAACACAAAGCG-1,0,Endo CLDN5 SLC7A5,0.3652651063749366,Endo CLDN5 SLC7A5,
CTCCCAAGTATGTCTG-1,0,Endo CLDN5 SLC7A5,0.4195987176531867,Endo CLDN5 SLC7A5,
CTCCCAATCTTCCTAA-1,0,Oligo MOG OPALIN,0.5628549634235188,Endo CLDN5 SLC7A5,
CTCCCTCCAGGGTCTC-1,0,Oligo MOG OPALIN,0.36298385645424547,Endo CLDN5 SLC7A5,
CTCCCTCGTAGAGCTG-1,0,Endo CLDN5 SLC7A5,0.31746418014914995,Endo CLDN5 SLC7A5,
CTCCGATCAGCAGAAC-1,0,Endo CLDN5 SLC7A5,0.6371121092677894,Endo CLDN5 SLC7A5,
CTCCGATGTAGATGTA-1,1,Endo CLDN5 SLC7A5,0.9406184881664682,Endo CLDN5 SLC7A5,
CTCCGATTCATCGCTC-1,0,L2-3 CUX2 NTNG1 PALMD,0.32976862733585016,Endo CLDN5 SLC7A5,
CTCCTTTAGGCTCTCG-1,7,OPC PDGFRA PCDH15,0.5748158085954058,OPC PDGFRA PCDH15,
CTCCTTTAGGTTACAA-1,0,OPC PDGFRA PCDH15,0.7801418862647315,Endo CLDN5 SLC7A5,
CTCCTTTGTGTCCATA-1,0,L2-3 CUX2 NTNG1 PALMD,0.7095713437623435,Endo CLDN5 SLC7A5,
CTCCTTTTCGACATCA-1,6,Micro P2RY12 APBB1IP,0.5042201749220644,Micro P2RY12 APBB1IP,
CTCCTTTTCGACCATA-1,1,Endo CLDN5 SLC7A5,0.9497823826601101,Endo CLDN5 SLC7A5,
CTCCTTTTCGGACAAG-1,0,Endo CLDN5 SLC7A5,0.914126345880188,Endo CLDN5 SLC7A5,
CTCGAGGCAAAGGGCT-1,0,Endo CLDN5 SLC7A5,0.6536797114223375,Endo CLDN5 SLC7A5,
CTCGAGGCATCCAACA-1,0,L2-3 CUX2 NTNG1 PALMD,0.8398516782592049,Endo CLDN5 SLC7A5,
CTCGAGGTCATGCCAA-1,0,L2-3 CUX2 NTNG1 PALMD,0.4695991285726008,Endo CLDN5 SLC7A5,
CTCGAGGTCTCAGTCC-1,0,Endo CLDN5 SLC7A5,0.45355131743961347,Endo CLDN5 SLC7A5,
CTCTCAGAGCTAAACA-1,0,Endo CLDN5 SLC7A5,0.5219512971218055,Endo CLDN5 SLC7A5,
CTCTCAGCAACGGTAG-1,2,Oligo MOG OPALIN,0.7467208562337373,Oligo MOG OPALIN,
CTCTCAGCAGCCCACA-1,0,Astro AQP4 SLC1A2,0.3264562995356703,Endo CLDN5 SLC7A5,
CTCTCAGTCACAAGAA-1,0,Endo CLDN5 SLC7A5,0.9221257461000678,Endo CLDN5 SLC7A5,
CTCTCAGTCTCTGAGA-1,0,Endo CLDN5 SLC7A5,0.709500792501282,Endo CLDN5 SLC7A5,
CTCTCGAAGGATCACG-1,0,Endo CLDN5 SLC7A5,0.6498707899904035,Endo CLDN5 SLC7A5,
CTCTCGAGTCACCACG-1,0,Oligo MOG OPALIN,0.6769769203399848,Endo CLDN5 SLC7A5,
CTCTCGAGTCGAGATG-1,0,Endo CLDN5 SLC7A5,0.9821206511505285,Endo CLDN5 SLC7A5,
CTCTCGAGTGCCTACG-1,2,Oligo MOG OPALIN,0.999949591214478,Oligo MOG OPALIN,
CTCTCGATCAAGAGGC-1,0,Astro AQP4 SLC1A2,0.8332494356106065,Endo CLDN5 SLC7A5,
CTCTGGTAGAAGAGCA-1,1,Endo CLDN5 SLC7A5,0.9970970944791548,Endo CLDN5 SLC7A5,
CTCTGGTAGCCGTAAG-1,0,Endo CLDN5 SLC7A5,0.33614493228662545,Endo CLDN5 SLC7A5,
CTCTGGTAGGCTTAAA-1,0,Endo CLDN5 SLC7A5,0.7558963066885772,Endo CLDN5 SLC7A5,
CTCTGGTCAGAGTTGG-1,0,Endo CLDN5 SLC7A5,0.9351899018900679,Endo CLDN5 SLC7A5,
CTCTGGTCATATTCGG-1,0,Endo CLDN5 SLC7A5,0.7036288774675387,Endo CLDN5 SLC7A5,
CTCTGGTTCCCTCAAC-1,0,L3-5 RORB MKX GRIN3A,0.36951900553283296,Endo CLDN5 SLC7A5,
CTCTGGTTCTGCTCTG-1,0,Oligo MOG OPALIN,0.8470121334372963,Endo CLDN5 SLC7A5,
CTCTGGTTCTTAGGAC-1,0,Oligo MOG OPALIN,0.8484991365324049,Endo CLDN5 SLC7A5,
CTGAATGAGTGGTTCT-1,0,Oligo MOG OPALIN,0.3115813607553244,Endo CLDN5 SLC7A5,
CTGAATGTCGGACGTC-1,0,Endo CLDN5 SLC7A5,0.43535276993962835,Endo CLDN5 SLC7A5,
CTGAGCGCACACTTAG-1,2,Oligo MOG OPALIN,0.9999770003251433,Oligo MOG OPALIN,
CTGAGCGCACCTATCC-1,2,Oligo MOG OPALIN,0.9992699266264135,Oligo MOG OPALIN,
CTGAGCGCAGGGTCTC-1,0,Endo CLDN5 SLC7A5,0.6241975393176837,Endo CLDN5 SLC7A5,
CTGAGCGCATCCGGCA-1,0,Oligo MOG OPALIN,0.358896059280594,Endo CLDN5 SLC7A5,
CTGAGCGGTGGTTTAC-1,1,Endo CLDN5 SLC7A5,0.9986034033513227,Endo CLDN5 SLC7A5,
CTGAGCGTCAAATGAG-1,0,Oligo MOG OPALIN,0.7108321533186024,Endo CLDN5 SLC7A5,
CTGAGGCCATAATGCC-1,0,Oligo MOG OPALIN,0.39321607522824115,Endo CLDN5 SLC7A5,
CTGATCCAGGTGGCTA-1,0,Endo CLDN5 SLC7A5,0.7452873735298973,Endo CLDN5 SLC7A5,
CTGATCCGTCAAAGAT-1,0,Endo CLDN5 SLC7A5,0.6101905735667033,Endo CLDN5 SLC7A5,
CTGATCCGTGTTCGTA-1,0,Endo CLDN5 SLC7A5,0.39080286262715813,Endo CLDN5 SLC7A5,
CTGATCCTCTAAGCGT-1,0,Endo CLDN5 SLC7A5,0.4580623919171694,Endo CLDN5 SLC7A5,
CTGATCCTCTGGCCTT-1,0,Endo CLDN5 SLC7A5,0.6249114400404042,Endo CLDN5 SLC7A5,
CTGCAGGCAACGACAG-1,0,Endo CLDN5 SLC7A5,0.3181404361696567,Endo CLDN5 SLC7A5,
CTGCAGGCATGAGATA-1,0,Endo CLDN5 SLC7A5,0.55440346724804,Endo CLDN5 SLC7A5,
CTGCAGGGTATTTCTC-1,4,Endo CLDN5 SLC7A5,0.7073588762358575,Endo CLDN5 SLC7A5,
CTGCATCCAACGGCTC-1,0,Oligo MOG OPALIN,0.9960672255509257,Endo CLDN5 SLC7A5,
CTGCATCGTACCGCGT-1,0,Oligo MOG OPALIN,0.8373750279170171,Endo CLDN5 SLC7A5,
CTGCATCTCATTCATC-1,0,L2-3 CUX2 NTNG1 PALMD,0.354912334628785,Endo CLDN5 SLC7A5,
CTGCCATAGATACATG-1,0,Oligo MOG OPALIN,0.9213701185710725,Endo CLDN5 SLC7A5,
CTGCCATAGTCACGAG-1,0,Endo CLDN5 SLC7A5,0.39264382271863685,Endo CLDN5 SLC7A5,
CTGCCATAGTGCTCAT-1,1,Endo CLDN5 SLC7A5,0.9999246226563634,Endo CLDN5 SLC7A5,
CTGCCATCAGAACTCT-1,0,InN SST FREM1,0.7156167986612998,Endo CLDN5 SLC7A5,
CTGCCATGTAATTAGG-1,0,Endo CLDN5 SLC7A5,0.6855798134887405,Endo CLDN5 SLC7A5,
CTGCCATTCCAATCCC-1,0,Endo CLDN5 SLC7A5,0.7188365791032503,Endo CLDN5 SLC7A5,
CTGCCATTCGACGACC-1,1,Endo CLDN5 SLC7A5,0.9867774147903702,Endo CLDN5 SLC7A5,
CTGCCTACAACAGTGG-1,0,Endo CLDN5 SLC7A5,0.9162555187295385,Endo CLDN5 SLC7A5,
CTGCCTATCGTCGCTT-1,0,Endo CLDN5 SLC7A5,0.99736545032953,Endo CLDN5 SLC7A5,
CTGCGAGCATCCGTGG-1,0,Endo CLDN5 SLC7A5,0.594879358666368,Endo CLDN5 SLC7A5,
CTGCGAGCATCTTAGG-1,6,Endo CLDN5 SLC7A5,0.3054504816830556,Micro P2RY12 APBB1IP,
CTGCGAGGTTATTCTC-1,0,Oligo MOG OPALIN,0.9870151053985501,Endo CLDN5 SLC7A5,
CTGCGAGTCAAGCTTG-1,0,Endo CLDN5 SLC7A5,0.9435925882301159,Endo CLDN5 SLC7A5,
CTGCTCATCAAAGAAC-1,0,Endo CLDN5 SLC7A5,0.9560979820762766,Endo CLDN5 SLC7A5,
CTGCTCATCAGGTAAA-1,0,Endo CLDN5 SLC7A5,0.8798366583753094,Endo CLDN5 SLC7A5,
CTGGACGCAGGGTTGA-1,0,Endo CLDN5 SLC7A5,0.3017432331685258,Endo CLDN5 SLC7A5,
CTGGACGTCACCTTGC-1,0,Endo CLDN5 SLC7A5,0.8881811981943386,Endo CLDN5 SLC7A5,
CTGGCAGAGAGGTCGT-1,1,Endo CLDN5 SLC7A5,0.5542163991142779,Endo CLDN5 SLC7A5,
CTGGCAGAGTAGGTTA-1,2,Oligo MOG OPALIN,0.9970288385527164,Oligo MOG OPALIN,
CTGGCAGCAAGCTCTA-1,0,Endo CLDN5 SLC7A5,0.5494254198796844,Endo CLDN5 SLC7A5,
CTGGCAGGTTCCGCTT-1,4,Endo CLDN5 SLC7A5,0.9998995035134621,Endo CLDN5 SLC7A5,
CTGGCAGTCCATTCAT-1,0,Oligo MOG OPALIN,0.9984397239492743,Endo CLDN5 SLC7A5,
CTGGTCTAGCTACGTT-1,5,Astro GFAP AQP1,0.9764823380747701,Astro AQP4 SLC1A2,
CTGGTCTCAAAGGCTG-1,1,Endo CLDN5 SLC7A5,0.794677510519476,Endo CLDN5 SLC7A5,
CTGGTCTGTACAGAGC-1,0,Oligo MOG OPALIN,0.9910209382009709,Endo CLDN5 SLC7A5,
CTGGTCTGTTGCTGAT-1,2,Oligo MOG OPALIN,0.9999098075082667,Oligo MOG OPALIN,
CTGGTCTTCAACCTTT-1,1,Endo CLDN5 SLC7A5,0.9992669484796531,Endo CLDN5 SLC7A5,
CTGGTCTTCTGTCTCG-1,0,Oligo MOG OPALIN,0.38188200318521237,Endo CLDN5 SLC7A5,
CTGTAGAAGGCTGAAC-1,0,Endo CLDN5 SLC7A5,0.36083069491949205,Endo CLDN5 SLC7A5,
CTGTAGACAATCTCTT-1,0,Oligo MOG OPALIN,0.9496648185874271,Endo CLDN5 SLC7A5,
CTGTAGACATCGTTCC-1,0,Endo CLDN5 SLC7A5,0.9731233901357332,Endo CLDN5 SLC7A5,
CTGTAGAGTGGGACAT-1,0,Endo CLDN5 SLC7A5,0.3567679862929435,Endo CLDN5 SLC7A5,
CTGTATTAGACGCATG-1,2,Oligo MOG OPALIN,0.93500157318001,Oligo MOG OPALIN,
CTGTATTAGCAACCAG-1,0,InN SST ADAMTSL1,0.3855647937233692,Endo CLDN5 SLC7A5,
CTGTATTAGCACTCGC-1,0,Endo CLDN5 SLC7A5,0.8660092931279934,Endo CLDN5 SLC7A5,
CTGTATTCAGAATGTA-1,0,Endo CLDN5 SLC7A5,0.9944907259125433,Endo CLDN5 SLC7A5,
CTGTATTCATGAATCC-1,1,Endo CLDN5 SLC7A5,0.9995842797467956,Endo CLDN5 SLC7A5,
CTGTATTTCCTGGGTG-1,2,Oligo MOG OPALIN,0.9993468716774783,Oligo MOG OPALIN,
CTGTCGTGTACCAATC-1,0,Oligo MOG OPALIN,0.8977538943562678,Endo CLDN5 SLC7A5,
CTGTCGTGTCATAAAG-1,0,Endo CLDN5 SLC7A5,0.9069645812753396,Endo CLDN5 SLC7A5,
CTGTCGTGTTACGGAG-1,0,Endo CLDN5 SLC7A5,0.9346782514055993,Endo CLDN5 SLC7A5,
CTGTGAACAGGCATTT-1,0,Endo CLDN5 SLC7A5,0.7889263808558289,Endo CLDN5 SLC7A5,
CTGTGAAGTCCGATCG-1,0,Endo CLDN5 SLC7A5,0.5670375444901977,Endo CLDN5 SLC7A5,
CTGTGAAGTCGCGGTT-1,0,Endo CLDN5 SLC7A5,0.6287638858479068,Endo CLDN5 SLC7A5,
CTGTGGGCACCCATAA-1,2,Oligo MOG OPALIN,0.9999713333076155,Oligo MOG OPALIN,
CTTACCGAGCTGGAGT-1,0,Endo CLDN5 SLC7A5,0.9561247754678689,Endo CLDN5 SLC7A5,
CTTACCGGTAAGGTCG-1,0,Oligo MOG OPALIN,0.9436965215120542,Endo CLDN5 SLC7A5,
CTTACCGTCCTACGGG-1,0,Endo CLDN5 SLC7A5,0.5163354296886622,Endo CLDN5 SLC7A5,
CTTAGGAAGTTCCTGA-1,0,L2-3 CUX2 NTNG1 PALMD,0.5304811077108794,Endo CLDN5 SLC7A5,
CTTAGGATCTATCCAT-1,0,Endo CLDN5 SLC7A5,0.7969161135137719,Endo CLDN5 SLC7A5,
CTTCAATAGGCTCTAT-1,0,Oligo MOG OPALIN,0.5181588106925531,Endo CLDN5 SLC7A5,
CTTCAATAGGGCTAAC-1,0,Oligo MOG OPALIN,0.9109033458175121,Endo CLDN5 SLC7A5,
CTTCAATCAATCGCCG-1,0,Endo CLDN5 SLC7A5,0.9137566211663593,Endo CLDN5 SLC7A5,
CTTCAATCACTGGAAG-1,7,OPC PDGFRA PCDH15,0.999999390463582,OPC PDGFRA PCDH15,
CTTCAATCAGGCACAA-1,1,Oligo MOG OPALIN,0.9746333241214551,Endo CLDN5 SLC7A5,
CTTCAATCAGTAGAGC-1,6,Micro P2RY12 CCL3,0.9870885205012937,Micro P2RY12 APBB1IP,
CTTCAATGTGAGACGT-1,0,Endo CLDN5 SLC7A5,0.3746637625235354,Endo CLDN5 SLC7A5,
CTTCAATGTTAGTTCG-1,0,Endo CLDN5 SLC7A5,0.4834158236927371,Endo CLDN5 SLC7A5,
CTTCAATTCAGGGTAG-1,8,InN LAMP5 BMP7,0.9456655367953476,InN VIP HS3ST3B1,
CTTCCGAGTGTCATCA-1,1,Oligo MOG OPALIN,0.7608634651616262,Endo CLDN5 SLC7A5,
CTTCCGAGTTGCCGCA-1,0,Oligo MOG OPALIN,0.524022071017409,Endo CLDN5 SLC7A5,
CTTCCTTCAGGCTTGC-1,4,Endo CLDN5 SLC7A5,0.30575873182911173,Endo CLDN5 SLC7A5,
CTTCCTTTCCGTATGA-1,1,Endo CLDN5 SLC7A5,0.9937753029661018,Endo CLDN5 SLC7A5,
CTTCCTTTCGCAGTTA-1,0,Endo CLDN5 SLC7A5,0.645817794615764,Endo CLDN5 SLC7A5,
CTTCGGTAGGCACCAA-1,0,Endo CLDN5 SLC7A5,0.48141488188592063,Endo CLDN5 SLC7A5,
CTTCGGTTCGGATAAA-1,2,Oligo MOG OPALIN,0.8688401045323381,Oligo MOG OPALIN,
CTTCTAAAGGTTCCGC-1,0,Endo CLDN5 SLC7A5,0.9763168673780773,Endo CLDN5 SLC7A5,
CTTCTAACAGTTACCA-1,0,Oligo MOG OPALIN,0.9514234338831619,Endo CLDN5 SLC7A5,
CTTCTCTAGGAGGCAG-1,0,Endo CLDN5 SLC7A5,0.9640286827554482,Endo CLDN5 SLC7A5,
CTTCTCTAGTGGATTA-1,1,Endo CLDN5 SLC7A5,0.8553920133289628,Endo CLDN5 SLC7A5,
CTTCTCTCAAAGGCTG-1,0,Endo CLDN5 SLC7A5,0.8454847333383745,Endo CLDN5 SLC7A5,
CTTGATTCAGTCTCTC-1,0,Endo CLDN5 SLC7A5,0.31105524430137477,Endo CLDN5 SLC7A5,
CTTGATTTCATCTACT-1,0,Endo CLDN5 SLC7A5,0.303356535379188,Endo CLDN5 SLC7A5,
CTTGATTTCGGATTAC-1,0,Endo CLDN5 SLC7A5,0.47600127289449856,Endo CLDN5 SLC7A5,
CTTTCAACACAAGCAG-1,0,Endo CLDN5 SLC7A5,0.3072441768414464,Endo CLDN5 SLC7A5,
CTTTCAACACAATCTG-1,1,Endo CLDN5 SLC7A5,0.9967465230920479,Endo CLDN5 SLC7A5,
CTTTCGGAGAAGAGCA-1,0,Endo CLDN5 SLC7A5,0.8086212627028116,Endo CLDN5 SLC7A5,
CTTTCGGAGTTGAATG-1,1,Endo CLDN5 SLC7A5,0.8993753446325105,Endo CLDN5 SLC7A5,
CTTTCGGCAACCACAT-1,0,Oligo MOG OPALIN,0.4484707409366062,Endo CLDN5 SLC7A5,
GAAACCTAGCATACTC-1,0,Endo CLDN5 SLC7A5,0.37109862412158573,Endo CLDN5 SLC7A5,
GAAACCTCACACGGTC-1,0,Endo CLDN5 SLC7A5,0.9381827782094346,Endo CLDN5 SLC7A5,
GAAACCTTCGTCGGGT-1,0,L2-3 CUX2 NTNG1 PALMD,0.5014501395136166,Endo CLDN5 SLC7A5,
GAAATGAAGCTGGCCT-1,0,Endo CLDN5 SLC7A5,0.9926588480226787,Endo CLDN5 SLC7A5,
GAAATGAGTCAGTCCG-1,0,Endo CLDN5 SLC7A5,0.5145875631941935,Endo CLDN5 SLC7A5,
GAAATGAGTTATAGCC-1,0,Endo CLDN5 SLC7A5,0.37844817257678515,Endo CLDN5 SLC7A5,
GAAATGAGTTTACTTC-1,4,Endo CLDN5 SLC7A5,0.9999499829508818,Endo CLDN5 SLC7A5,
GAAATGATCCACCCTA-1,7,OPC PDGFRA PCDH15,0.9999999849144208,OPC PDGFRA PCDH15,
GAACACTAGTACTGTC-1,0,Oligo MOG OPALIN,0.8887822994523578,Endo CLDN5 SLC7A5,
GAACACTCAGGAAGTC-1,0,Oligo MOG OPALIN,0.7467419175582538,Endo CLDN5 SLC7A5,
GAACACTGTGGTCCCA-1,2,Endo CLDN5 SLC7A5,0.39206938335237695,Oligo MOG OPALIN,
GAACACTGTTTCACAG-1,0,Oligo MOG OPALIN,0.6252113839258423,Endo CLDN5 SLC7A5,
GAACGTTCAGCGTGAA-1,0,Endo CLDN5 SLC7A5,0.3311391115051362,Endo CLDN5 SLC7A5,
GAACGTTGTCGCTGCA-1,0,Endo CLDN5 SLC7A5,0.3199517223128775,Endo CLDN5 SLC7A5,
GAACTGTAGTACGAGC-1,0,Oligo MOG OPALIN,0.7902531002938983,Endo CLDN5 SLC7A5,
GAACTGTAGTCGAATA-1,0,Oligo MOG OPALIN,0.9930212206154372,Endo CLDN5 SLC7A5,
GAACTGTCAGAAACCG-1,1,Endo CLDN5 SLC7A5,0.9177618085902923,Endo CLDN5 SLC7A5,
GAACTGTTCATCTACT-1,3,L2-3 CUX2 ACVR1C THSD7A,0.9671428544702663,L2-3 CUX2 ACVR1C THSD7A,
GAACTGTTCTTAGCAG-1,1,Endo CLDN5 SLC7A5,0.9873153462324652,Endo CLDN5 SLC7A5,
GAAGAATGTACAGTAA-1,0,L2-3 CUX2 NTNG1 PALMD,0.7069226303775973,Endo CLDN5 SLC7A5,
GAAGAATGTCTACAAC-1,0,Endo CLDN5 SLC7A5,0.9091785025722123,Endo CLDN5 SLC7A5,
GAAGAATTCGTTAGAC-1,0,Endo CLDN5 SLC7A5,0.5998528472299236,Endo CLDN5 SLC7A5,
GAAGCCCGTCCGACGT-1,3,L3-5 RORB MKX GALR1,0.8922492426996035,L2-3 CUX2 ACVR1C THSD7A,
GAAGCCCGTCTACACA-1,0,Oligo MOG OPALIN,0.5208162453133444,Endo CLDN5 SLC7A5,
GAAGCGAAGGCGCTTC-1,0,Endo CLDN5 SLC7A5,0.614411771452447,Endo CLDN5 SLC7A5,
GAAGCGACACTTCATT-1,0,Endo CLDN5 SLC7A5,0.5738060122046221,Endo CLDN5 SLC7A5,
GAAGCGAGTGGTCTCG-1,2,Oligo MOG OPALIN,0.8784750779362327,Oligo MOG OPALIN,
GAAGGACGTGGCATCC-1,0,Endo CLDN5 SLC7A5,0.7069085622772556,Endo CLDN5 SLC7A5,
GAAGGACTCGAGATGG-1,0,Endo CLDN5 SLC7A5,0.43149589842193403,Endo CLDN5 SLC7A5,
GAAGGACTCTTGGTGA-1,2,Oligo MOG OPALIN,0.9999992193052076,Oligo MOG OPALIN,
GAAGGGTCAACGTAAA-1,1,Endo CLDN5 SLC7A5,0.9976374596578222,Endo CLDN5 SLC7A5,
GAAGGGTCAGAGTTGG-1,0,Endo CLDN5 SLC7A5,0.976227911118317,Endo CLDN5 SLC7A5,
GAAGGGTCATATAGCC-1,0,Endo CLDN5 SLC7A5,0.556187491076708,Endo CLDN5 SLC7A5,
GAAGGGTGTTTGCAGT-1,1,Endo CLDN5 SLC7A5,0.9804771696464819,Endo CLDN5 SLC7A5,
GAAGGGTTCCTGCCAT-1,0,L2-3 CUX2 NTNG1 PALMD,0.920489192347178,Endo CLDN5 SLC7A5,
GAAGTAAAGATACAGT-1,0,Endo CLDN5 SLC7A5,0.6323657183829019,Endo CLDN5 SLC7A5,
GAAGTAACAGCGGTTC-1,0,Endo CLDN5 SLC7A5,0.9309801709668151,Endo CLDN5 SLC7A5,
GAAGTAATCGTCCTCA-1,0,Endo CLDN5 SLC7A5,0.3741129694669259,Endo CLDN5 SLC7A5,
GAATAGAAGGCTCAAG-1,1,Endo CLDN5 SLC7A5,0.9058693327247254,Endo CLDN5 SLC7A5,
GAATCGTCAAGCACAG-1,0,Endo CLDN5 SLC7A5,0.5125015778257129,Endo CLDN5 SLC7A5,
GAATCGTCACCAACAT-1,7,OPC PDGFRA PCDH15,0.9999999999965057,OPC PDGFRA PCDH15,
GACACGCAGCGGATCA-1,0,Endo CLDN5 SLC7A5,0.30298935841710023,Endo CLDN5 SLC7A5,
GACACGCAGGCGAAGG-1,0,Endo CLDN5 SLC7A5,0.7648297619908212,Endo CLDN5 SLC7A5,
GACACGCAGTCGCCAC-1,1,Endo CLDN5 SLC7A5,0.9948348376529207,Endo CLDN5 SLC7A5,
GACACGCCAATCAAGA-1,0,OPC PDGFRA PCDH15,0.8618606790718124,Endo CLDN5 SLC7A5,
GACACGCGTGGACTAG-1,4,Endo CLDN5 SLC7A5,0.9811439200269345,Endo CLDN5 SLC7A5,
GACACGCTCCGTATAG-1,0,Endo CLDN5 SLC7A5,0.5862992626491081,Endo CLDN5 SLC7A5,
GACACGCTCGAATCCA-1,0,Endo CLDN5 SLC7A5,0.5242135707470477,Endo CLDN5 SLC7A5,
GACACGCTCGCTAAAC-1,0,Endo CLDN5 SLC7A5,0.7053331664930858,Endo CLDN5 SLC7A5,
GACATCAAGGCTAACG-1,0,Oligo MOG OPALIN,0.7914772602697367,Endo CLDN5 SLC7A5,
GACATCAAGGTCGTAG-1,0,Endo CLDN5 SLC7A5,0.6688188457683474,Endo CLDN5 SLC7A5,
GACATCATCAGAATAG-1,0,Oligo MOG OPALIN,0.7703010700665297,Endo CLDN5 SLC7A5,
GACCAATCAAAGAGTT-1,0,L6 OPRK1 SMYD1 KCND2,0.5729751916564574,Endo CLDN5 SLC7A5,
GACCAATCAAGAGATT-1,0,Endo CLDN5 SLC7A5,0.7085367516445731,Endo CLDN5 SLC7A5,
GACCAATGTCAGGAGT-1,0,Oligo MOG OPALIN,0.8881645223181381,Endo CLDN5 SLC7A5,
GACCAATTCCCGTTGT-1,0,Oligo MOG OPALIN,0.5838048871875,Endo CLDN5 SLC7A5,
GACCCAGCACTGAGGA-1,0,Oligo MOG OPALIN,0.3217854268574673,Endo CLDN5 SLC7A5,
GACCCAGGTCGTAATC-1,0,Endo CLDN5 SLC7A5,0.3406621175349743,Endo CLDN5 SLC7A5,
GACCCAGTCAAGTGTC-1,0,Oligo MOG OPALIN,0.32377439900538546,Endo CLDN5 SLC7A5,
GACCCAGTCCAACCGG-1,2,Oligo MOG OPALIN,0.9954088698857751,Oligo MOG OPALIN,
GACCCTTTCGGCTTGG-1,0,Endo CLDN5 SLC7A5,0.6904648542855513,Endo CLDN5 SLC7A5,
GACCCTTTCTGGGCCA-1,0,OPC PDGFRA PCDH15,0.3922273185533235,Endo CLDN5 SLC7A5,
GACCGTGAGCTGAAGC-1,0,Endo CLDN5 SLC7A5,0.8093042683170087,Endo CLDN5 SLC7A5,
GACCGTGCACTAGGCC-1,0,Oligo MOG OPALIN,0.4287903898800118,Endo CLDN5 SLC7A5,
GACCGTGGTCGCACGT-1,0,Oligo MOG OPALIN,0.4053393230695978,Endo CLDN5 SLC7A5,
GACCGTGTCGTCTCAC-1,0,Endo CLDN5 SLC7A5,0.8367470837043524,Endo CLDN5 SLC7A5,
GACCTTCAGCACGATG-1,6,Micro P2RY12 APBB1IP,0.9426647543869204,Micro P2RY12 APBB1IP,
GACCTTCAGGATATAC-1,0,Endo CLDN5 SLC7A5,0.8974930221280477,Endo CLDN5 SLC7A5,
GACCTTCGTACTGCGC-1,0,Endo CLDN5 SLC7A5,0.38273229283555804,Endo CLDN5 SLC7A5,
GACCTTCTCTTTGATC-1,0,Endo CLDN5 SLC7A5,0.30987106519919466,Endo CLDN5 SLC7A5,
GACGCTGCAGCAATTC-1,0,Oligo MOG OPALIN,0.7702531788516335,Endo CLDN5 SLC7A5,
GACGCTGGTCACCTTC-1,0,Endo CLDN5 SLC7A5,0.708908368363874,Endo CLDN5 SLC7A5,
GACGCTGTCGTAACTG-1,0,L3-5 RORB GABRG1 KCNH7,0.3094233128384852,Endo CLDN5 SLC7A5,
GACGTTAAGGCCCAAA-1,0,L2-3 CUX2 NTNG1 PALMD,0.46916230718337565,Endo CLDN5 SLC7A5,
GACGTTACACGCACCA-1,0,Oligo MOG OPALIN,0.6821922329597973,Endo CLDN5 SLC7A5,
GACGTTAGTTTGAAAG-1,8,InN SST ADAMTSL1,0.4545017502190142,InN VIP HS3ST3B1,
GACGTTATCCTCTTTC-1,1,Endo CLDN5 SLC7A5,0.9893408664339849,Endo CLDN5 SLC7A5,
GACTATGTCGTGGCGT-1,0,Endo CLDN5 SLC7A5,0.5391137693249926,Endo CLDN5 SLC7A5,
GACTCAACAATTGCAC-1,0,Endo CLDN5 SLC7A5,0.6035947395153578,Endo CLDN5 SLC7A5,
GACTCTCAGAGCCATG-1,1,Endo CLDN5 SLC7A5,0.8597131880422507,Endo CLDN5 SLC7A5,
GACTCTCCACGTACAT-1,0,Endo CLDN5 SLC7A5,0.46691695692701957,Endo CLDN5 SLC7A5,
GACTCTCCATCCTTCG-1,0,Endo CLDN5 SLC7A5,0.3924771391934733,Endo CLDN5 SLC7A5,
GACTCTCGTTCCACAA-1,1,Endo CLDN5 SLC7A5,0.6623511379543949,Endo CLDN5 SLC7A5,
GACTCTCTCGCCTCTA-1,5,Astro GFAP AQP1,0.919223183633726,Astro AQP4 SLC1A2,
GACTGATTCGAACGGA-1,2,Oligo MOG OPALIN,0.9999964283669306,Oligo MOG OPALIN,
GACTTCCAGGGACAGG-1,0,Endo CLDN5 SLC7A5,0.6321551986451356,Endo CLDN5 SLC7A5,
GACTTCCGTGGCTACC-1,7,OPC PDGFRA PCDH15,0.8978882550065422,OPC PDGFRA PCDH15,
GACTTCCGTGGCTTAT-1,0,Endo CLDN5 SLC7A5,0.9642727615630848,Endo CLDN5 SLC7A5,
GACTTCCGTGGTTTAC-1,2,Oligo MOG OPALIN,0.9999899621556444,Oligo MOG OPALIN,
GACTTCCTCTAGGCCG-1,0,Oligo MOG OPALIN,0.44365812410097616,Endo CLDN5 SLC7A5,
GAGAAATAGAGTGAAG-1,0,Endo CLDN5 SLC7A5,0.5913772369967384,Endo CLDN5 SLC7A5,
GAGAAATGTTAACAGA-1,0,Endo CLDN5 SLC7A5,0.5466666043014566,Endo CLDN5 SLC7A5,
GAGACCCAGGTGAGAA-1,0,Endo CLDN5 SLC7A5,0.9479814531734839,Endo CLDN5 SLC7A5,
GAGACCCAGTAAAGCT-1,2,Oligo MOG OPALIN,0.925224521719452,Oligo MOG OPALIN,
GAGACCCGTATCGTGT-1,0,Endo CLDN5 SLC7A5,0.5827775130792368,Endo CLDN5 SLC7A5,
GAGACCCGTGAAAGTT-1,0,Oligo MOG OPALIN,0.9387813565468441,Endo CLDN5 SLC7A5,
GAGACTTAGACTGTTC-1,0,Oligo MOG OPALIN,0.9712638173986626,Endo CLDN5 SLC7A5,
GAGACTTGTGCCTTCT-1,1,Endo CLDN5 SLC7A5,0.9997694144808744,Endo CLDN5 SLC7A5,
GAGAGGTCACTACGGC-1,0,L3-5 RORB MKX DCC,0.3251948375161693,Endo CLDN5 SLC7A5,
GAGAGGTGTAGCGCTC-1,0,Endo CLDN5 SLC7A5,0.6904857148659354,Endo CLDN5 SLC7A5,
GAGAGGTGTTGAAGTA-1,0,Endo CLDN5 SLC7A5,0.9954558007288652,Endo CLDN5 SLC7A5,
GAGAGGTTCCAATCTT-1,0,Endo CLDN5 SLC7A5,0.7359558957322496,Endo CLDN5 SLC7A5,
GAGATGGCAACGACAG-1,0,Endo CLDN5 SLC7A5,0.8167178426419265,Endo CLDN5 SLC7A5,
GAGATGGTCCAGCACG-1,0,Astro AQP4 SLC1A2,0.4852853794361207,Endo CLDN5 SLC7A5,
GAGATGGTCGAATCCA-1,0,Oligo MOG OPALIN,0.41418021180606623,Endo CLDN5 SLC7A5,
GAGATGGTCGAGTCTA-1,0,Endo CLDN5 SLC7A5,0.9320123516979263,Endo CLDN5 SLC7A5,
GAGATGGTCGTAGTGT-1,1,Endo CLDN5 SLC7A5,0.9936709816666208,Endo CLDN5 SLC7A5,
GAGATGGTCTGCATAG-1,0,L3-5 RORB GABRG1 PTPRO,0.5884324676954381,Endo CLDN5 SLC7A5,
GAGCCTGTCGCGGTAC-1,0,Oligo MOG OPALIN,0.973085479153417,Endo CLDN5 SLC7A5,
GAGCTGCCAAGTGGTG-1,2,Oligo MOG OPALIN,0.9999699445615069,Oligo MOG OPALIN,
GAGCTGCTCCGTGACG-1,0,Endo CLDN5 SLC7A5,0.9548296492398309,Endo CLDN5 SLC7A5,
GAGGCAATCGCCATAA-1,0,Endo CLDN5 SLC7A5,0.5205292622478429,Endo CLDN5 SLC7A5,
GAGGCCTCAATCTCTT-1,1,Endo CLDN5 SLC7A5,0.9952357400914412,Endo CLDN5 SLC7A5,
GAGGGATCACCGCTGA-1,1,Endo CLDN5 SLC7A5,0.998218026840215,Endo CLDN5 SLC7A5,
GAGGGATCAGGTGAGT-1,0,Oligo MOG OPALIN,0.5190196201794018,Endo CLDN5 SLC7A5,
GAGGGTAAGTACCGGA-1,1,Endo CLDN5 SLC7A5,0.9705702335164338,Endo CLDN5 SLC7A5,
GAGGGTACACACTTAG-1,1,Endo CLDN5 SLC7A5,0.9503663023820577,Endo CLDN5 SLC7A5,
GAGTCATAGACTTAAG-1,0,Endo CLDN5 SLC7A5,0.3147633281993201,Endo CLDN5 SLC7A5,
GAGTCATAGTGGTTAA-1,0,Astro AQP4 SLC1A2,0.37444317186140147,Endo CLDN5 SLC7A5,
GAGTCATGTTCCGCTT-1,0,Endo CLDN5 SLC7A5,0.39681302157696274,Endo CLDN5 SLC7A5,
GAGTCTAAGAGAGGTA-1,0,Endo CLDN5 SLC7A5,0.861706421416728,Endo CLDN5 SLC7A5,
GAGTCTAGTTCTCGTC-1,0,Endo CLDN5 SLC7A5,0.5735655285683919,Endo CLDN5 SLC7A5,
GAGTCTATCATTGTTC-1,2,Oligo MOG OPALIN,0.9998836303506827,Oligo MOG OPALIN,
GAGTCTATCGAATGCT-1,7,OPC PDGFRA PCDH15,0.999999999889442,OPC PDGFRA PCDH15,
GAGTCTATCGCGATCG-1,0,Oligo MOG OPALIN,0.8810070574083877,Endo CLDN5 SLC7A5,
GAGTGAGAGTGCAACG-1,0,Endo CLDN5 SLC7A5,0.4227213856741603,Endo CLDN5 SLC7A5,
GAGTGAGTCGGTATGT-1,0,Endo CLDN5 SLC7A5,0.894697908158137,Endo CLDN5 SLC7A5,
GAGTGAGTCTCACGAA-1,0,Endo CLDN5 SLC7A5,0.6360742511595382,Endo CLDN5 SLC7A5,
GAGTGTTAGCATAGGC-1,2,Oligo MOG OPALIN,0.9999099281785507,Oligo MOG OPALIN,
GAGTGTTAGTCCCAAT-1,0,Endo CLDN5 SLC7A5,0.7847152211482068,Endo CLDN5 SLC7A5,
GAGTGTTCAATGAGCG-1,0,Oligo MOG OPALIN,0.6539277980008213,Endo CLDN5 SLC7A5,
GAGTGTTGTAAGATTG-1,0,Endo CLDN5 SLC7A5,0.508369660073288,Endo CLDN5 SLC7A5,
GAGTGTTGTTGCGTAT-1,0,Oligo MOG OPALIN,0.5357482177229775,Endo CLDN5 SLC7A5,
GAGTGTTTCGATACAC-1,0,Oligo MOG OPALIN,0.9065742768184711,Endo CLDN5 SLC7A5,
GAGTTACAGTAGGATT-1,0,Endo CLDN5 SLC7A5,0.843955038731365,Endo CLDN5 SLC7A5,
GAGTTACCAAGTTCCA-1,4,Endo CLDN5 SLC7A5,0.9997277974671313,Endo CLDN5 SLC7A5,
GAGTTACCACGTTGGC-1,0,Endo CLDN5 SLC7A5,0.7151164152145876,Endo CLDN5 SLC7A5,
GAGTTACCAGAGTGTG-1,1,Endo CLDN5 SLC7A5,0.9816480703564859,Endo CLDN5 SLC7A5,
GAGTTACCATGACACT-1,0,Endo CLDN5 SLC7A5,0.7225295450702851,Endo CLDN5 SLC7A5,
GAGTTACGTCACCGAC-1,2,Oligo MOG OPALIN,0.9698490237562403,Oligo MOG OPALIN,
GAGTTACGTCTCCCTA-1,6,Micro P2RY12 APBB1IP,0.3978696048515639,Micro P2RY12 APBB1IP,
GAGTTACGTTACGTAC-1,0,Oligo MOG OPALIN,0.9578325074762222,Endo CLDN5 SLC7A5,
GAGTTACTCCTCTCGA-1,0,Endo CLDN5 SLC7A5,0.5326843451302969,Endo CLDN5 SLC7A5,
GAGTTACTCGGCATAT-1,0,L3-5 RORB MKX DCC,0.9479095405811757,Endo CLDN5 SLC7A5,
GAGTTGTCAGGTCAGA-1,1,Endo CLDN5 SLC7A5,0.8926898938010556,Endo CLDN5 SLC7A5,
GAGTTGTGTAGCCAGA-1,1,Endo CLDN5 SLC7A5,0.9444334630258678,Endo CLDN5 SLC7A5,
GAGTTGTGTCTAGTGT-1,0,Oligo MOG OPALIN,0.8807029533155444,Endo CLDN5 SLC7A5,
GAGTTGTTCACCTCTG-1,0,Endo CLDN5 SLC7A5,0.7893122304651292,Endo CLDN5 SLC7A5,
GAGTTGTTCCCTTCCC-1,0,L2-4 CUX2 RORB CLMN,0.37777502447795064,Endo CLDN5 SLC7A5,
GAGTTTGAGCAAGTCG-1,0,Oligo MOG OPALIN,0.8688152601885194,Endo CLDN5 SLC7A5,
GAGTTTGAGGCCTGCT-1,0,Endo CLDN5 SLC7A5,0.6225883911053487,Endo CLDN5 SLC7A5,
GAGTTTGCAGCATTGT-1,0,Endo CLDN5 SLC7A5,0.3880456134195704,Endo CLDN5 SLC7A5,
GAGTTTGCATCCTATT-1,0,Endo CLDN5 SLC7A5,0.9167192204332952,Endo CLDN5 SLC7A5,
GAGTTTGTCATGACAC-1,0,Endo CLDN5 SLC7A5,0.8243041718672103,Endo CLDN5 SLC7A5,
GAGTTTGTCGTGGACC-1,0,Oligo MOG OPALIN,0.3656143184164973,Endo CLDN5 SLC7A5,
GATAGAAAGCCTCTTC-1,0,Endo CLDN5 SLC7A5,0.9552697266770287,Endo CLDN5 SLC7A5,
GATAGAAAGGATCACG-1,0,OPC PDGFRA PCDH15,0.9944915508739782,Endo CLDN5 SLC7A5,
GATAGAAAGGCTAGCA-1,2,Oligo MOG OPALIN,0.9999723131253447,Oligo MOG OPALIN,
GATAGAAGTCTGCATA-1,0,Endo CLDN5 SLC7A5,0.5927146463600194,Endo CLDN5 SLC7A5,
GATAGAAGTGACTCGC-1,0,L2-3 CUX2 NTNG1 PALMD,0.7431810934123387,Endo CLDN5 SLC7A5,
GATAGAATCATCGCTC-1,0,Endo CLDN5 SLC7A5,0.6373984477087317,Endo CLDN5 SLC7A5,
GATAGAATCTTCTTCC-1,0,Endo CLDN5 SLC7A5,0.7377293765054365,Endo CLDN5 SLC7A5,
GATAGCTGTAGGGTAC-1,0,Oligo MOG OPALIN,0.7953661088545841,Endo CLDN5 SLC7A5,
GATAGCTTCGTCAAAC-1,0,Oligo MOG OPALIN,0.7037288281568239,Endo CLDN5 SLC7A5,
GATAGCTTCTCTTCAA-1,0,L2-3 CUX2 NTNG1 PALMD,0.6353678180646634,Endo CLDN5 SLC7A5,
GATCACAAGGCACCAA-1,0,Oligo MOG OPALIN,0.4777368377829227,Endo CLDN5 SLC7A5,
GATCACACAACGACTT-1,0,Endo CLDN5 SLC7A5,0.48793202593834506,Endo CLDN5 SLC7A5,
GATCACACAAGTTCGT-1,0,T SKAP1 CD247,0.9999997504243537,Endo CLDN5 SLC7A5,
GATCACACACATTACG-1,2,Oligo MOG OPALIN,0.9625889934347421,Oligo MOG OPALIN,
GATCACAGTTCTAACG-1,0,Endo CLDN5 SLC7A5,0.9717215154067022,Endo CLDN5 SLC7A5,
GATCAGTTCCATCTCG-1,0,Endo CLDN5 SLC7A5,0.6290031885624567,Endo CLDN5 SLC7A5,
GATCATGAGCTGTTCA-1,0,L2-3 CUX2 NTNG1 PALMD,0.9173230141698122,Endo CLDN5 SLC7A5,
GATCATGGTTAACAGA-1,0,Oligo MOG OPALIN,0.3791956135590895,Endo CLDN5 SLC7A5,
GATCATGTCAACCCGG-1,1,Endo CLDN5 SLC7A5,0.9592498823293857,Endo CLDN5 SLC7A5,
GATCATGTCAAGTCGT-1,0,Endo CLDN5 SLC7A5,0.9076606963548359,Endo CLDN5 SLC7A5,
GATCATGTCACCCTGT-1,0,Oligo MOG OPALIN,0.9965814765443121,Endo CLDN5 SLC7A5,
GATCATGTCATTCGTT-1,0,Endo CLDN5 SLC7A5,0.6645821840735573,Endo CLDN5 SLC7A5,
GATCATGTCTCAGTCC-1,0,Endo CLDN5 SLC7A5,0.7751431784299578,Endo CLDN5 SLC7A5,
GATCATGTCTTGGTCC-1,0,Endo CLDN5 SLC7A5,0.46380630294949404,Endo CLDN5 SLC7A5,
GATCCCTAGTGGATTA-1,0,Endo CLDN5 SLC7A5,0.5360432475595482,Endo CLDN5 SLC7A5,
GATCCCTGTCAGCTTA-1,0,Endo CLDN5 SLC7A5,0.9288211556238323,Endo CLDN5 SLC7A5,
GATCCCTTCGATGGAG-1,0,Endo CLDN5 SLC7A5,0.363366093290872,Endo CLDN5 SLC7A5,
GATCGTAAGACTAAGT-1,0,Endo CLDN5 SLC7A5,0.5388788410873501,Endo CLDN5 SLC7A5,
GATCGTACAATAGGAT-1,0,Micro P2RY12 APBB1IP,0.33931743643835954,Endo CLDN5 SLC7A5,
GATCGTACATTGCCGG-1,0,Endo CLDN5 SLC7A5,0.9285296075450061,Endo CLDN5 SLC7A5,
GATCGTATCCTACAAG-1,0,Endo CLDN5 SLC7A5,0.45225780722439624,Endo CLDN5 SLC7A5,
GATGACTAGATCGCCC-1,0,Endo CLDN5 SLC7A5,0.8828442782572279,Endo CLDN5 SLC7A5,
GATGAGGAGTATGAGT-1,0,Oligo MOG OPALIN,0.4286384857199506,Endo CLDN5 SLC7A5,
GATGAGGGTCAAAGAT-1,1,Endo CLDN5 SLC7A5,0.9678861321793875,Endo CLDN5 SLC7A5,
GATGAGGTCATCGACA-1,1,Endo CLDN5 SLC7A5,0.9440123314637516,Endo CLDN5 SLC7A5,
GATGAGGTCGACGAGA-1,0,Astro AQP4 SLC1A2,0.5530804918149523,Endo CLDN5 SLC7A5,
GATGAGGTCTGGGCGT-1,0,Oligo MOG OPALIN,0.9413563162963942,Endo CLDN5 SLC7A5,
GATGATCGTGCTCCGA-1,0,Endo CLDN5 SLC7A5,0.5339175836515213,Endo CLDN5 SLC7A5,
GATGATCTCACCTTAT-1,2,Oligo MOG OPALIN,0.9862368362539318,Oligo MOG OPALIN,
GATGCTACAGACCAAG-1,0,Endo CLDN5 SLC7A5,0.8051052089804441,Endo CLDN5 SLC7A5,
GATGGAGAGCCATTTG-1,0,Oligo MOG OPALIN,0.9995967295854525,Endo CLDN5 SLC7A5,
GATGTTGAGAAACCAT-1,0,OPC PDGFRA PCDH15,0.5583998066786502,Endo CLDN5 SLC7A5,
GATGTTGGTGAACCGA-1,0,Oligo MOG OPALIN,0.30677470421975106,Endo CLDN5 SLC7A5,
GATGTTGTCCCTCTTT-1,0,Endo CLDN5 SLC7A5,0.9830760625692909,Endo CLDN5 SLC7A5,
GATGTTGTCGTTCCCA-1,0,Oligo MOG OPALIN,0.9998979695287994,Endo CLDN5 SLC7A5,
GATTCGATCGTGGCTG-1,0,Endo CLDN5 SLC7A5,0.9068038897113367,Endo CLDN5 SLC7A5,
GATTCTTAGTGTTCCA-1,0,Endo CLDN5 SLC7A5,0.993917896206407,Endo CLDN5 SLC7A5,
GATTCTTTCGCCACTT-1,0,Endo CLDN5 SLC7A5,0.319993489067342,Endo CLDN5 SLC7A5,
GATTCTTTCTGGGCAC-1,0,Endo CLDN5 SLC7A5,0.4700209922193239,Endo CLDN5 SLC7A5,
GATTGGTAGTGTAGTA-1,0,InN SST ADAMTSL1,0.615178603609229,Endo CLDN5 SLC7A5,
GATTGGTCAAATACAG-1,0,Endo CLDN5 SLC7A5,0.46726754332790627,Endo CLDN5 SLC7A5,
GATTTCTAGTAAGAGG-1,0,Endo CLDN5 SLC7A5,0.9192350767682494,Endo CLDN5 SLC7A5,
GATTTCTTCCTCGATC-1,0,Oligo MOG OPALIN,0.6597081081575537,Endo CLDN5 SLC7A5,
GCAACATTCGACATAC-1,0,L2-3 CUX2 NTNG1 PALMD,0.5841190780336015,Endo CLDN5 SLC7A5,
GCAACCGCAGGCGAAT-1,0,Endo CLDN5 SLC7A5,0.817922347070841,Endo CLDN5 SLC7A5,
GCAACCGCATCCTATT-1,0,Endo CLDN5 SLC7A5,0.9908659883531128,Endo CLDN5 SLC7A5,
GCAACCGCATCGCTCT-1,0,Oligo MOG OPALIN,0.9876377541841308,Endo CLDN5 SLC7A5,
GCAACCGGTGAACCGA-1,0,Endo CLDN5 SLC7A5,0.3353128390408646,Endo CLDN5 SLC7A5,
GCAACCGTCTCATTTG-1,0,L3-5 RORB MKX GALR1,0.3043074555294866,Endo CLDN5 SLC7A5,
GCACATACATTAAGCC-1,0,Endo CLDN5 SLC7A5,0.7301929153454444,Endo CLDN5 SLC7A5,
GCACATAGTTGTAGCT-1,1,Oligo MOG OPALIN,0.7630544467660926,Endo CLDN5 SLC7A5,
GCACATATCACTGTCC-1,0,Endo CLDN5 SLC7A5,0.918725739562016,Endo CLDN5 SLC7A5,
GCACGGTAGAAATTGC-1,4,VLMC COL1A2 VLMCA8,0.7593263933528663,Endo CLDN5 SLC7A5,
GCACGGTCATGAGAAT-1,0,Endo CLDN5 SLC7A5,0.33795380082205184,Endo CLDN5 SLC7A5,
GCACGGTTCACGTAGT-1,0,L3-5 RORB MKX GRIN3A,0.3414379589669526,Endo CLDN5 SLC7A5,
GCACTAAAGCCATTTG-1,6,Micro P2RY12 APBB1IP,0.6305749394038439,Micro P2RY12 APBB1IP,
GCACTAAGTGGATACG-1,5,Astro AQP4 SLC1A2,0.9886656797377849,Astro AQP4 SLC1A2,
GCACTAAGTGGCTGCT-1,1,Endo CLDN5 SLC7A5,0.9683160092148505,Endo CLDN5 SLC7A5,
GCACTAATCTAGTGTG-1,0,Endo CLDN5 SLC7A5,0.43738495952996076,Endo CLDN5 SLC7A5,
GCACTAATCTTGGGCG-1,0,Oligo MOG OPALIN,0.5735938360066541,Endo CLDN5 SLC7A5,
GCAGCCAAGGTGGGTT-1,0,Endo CLDN5 SLC7A5,0.32193558110565645,Endo CLDN5 SLC7A5,
GCAGCCAAGTTACTCG-1,2,Endo CLDN5 SLC7A5,0.8229691667056623,Oligo MOG OPALIN,
GCAGCCACAGAAGCGT-1,2,Oligo MOG OPALIN,0.9988225613037727,Oligo MOG OPALIN,
GCAGCCAGTGGATGAC-1,0,Endo CLDN5 SLC7A5,0.7709092369923942,Endo CLDN5 SLC7A5,
GCAGCTGAGTATGAGT-1,0,InN SST THSD7B,0.7741276720663971,Endo CLDN5 SLC7A5,
GCAGCTGGTGTTCGTA-1,1,L2-3 CUX2 NTNG1 PALMD,0.5329845971400767,Endo CLDN5 SLC7A5,
GCAGGCTCAAGCCTGC-1,2,Oligo MOG OPALIN,0.7115788101111619,Oligo MOG OPALIN,
GCAGGCTTCAAACTGC-1,0,Endo CLDN5 SLC7A5,0.9009305920573293,Endo CLDN5 SLC7A5,
GCAGTTAGTCTGTGAT-1,0,Endo CLDN5 SLC7A5,0.3430907805839331,Endo CLDN5 SLC7A5,
GCAGTTATCACTTGTT-1,3,L2-3 CUX2 ACVR1C THSD7A,0.8610625713488252,L2-3 CUX2 ACVR1C THSD7A,
GCATCGGCACTGAATC-1,0,Oligo MOG OPALIN,0.916990327906124,Endo CLDN5 SLC7A5,
GCATCGGTCGAGCCTG-1,0,Endo CLDN5 SLC7A5,0.8130437122501758,Endo CLDN5 SLC7A5,
GCATCGGTCGCTAAAC-1,0,Endo CLDN5 SLC7A5,0.9823283188403755,Endo CLDN5 SLC7A5,
GCATCTCCATTGACTG-1,0,Endo CLDN5 SLC7A5,0.6694557392490167,Endo CLDN5 SLC7A5,
GCATGATAGCTATCTG-1,1,Endo CLDN5 SLC7A5,0.9962177896019044,Endo CLDN5 SLC7A5,
GCATGATCAGAATCGG-1,0,Endo CLDN5 SLC7A5,0.8338263470439878,Endo CLDN5 SLC7A5,
GCATGATGTCACGTGC-1,1,Endo CLDN5 SLC7A5,0.9992541226986348,Endo CLDN5 SLC7A5,
GCATGATGTGTTCCAA-1,0,Endo CLDN5 SLC7A5,0.4203472444361913,Endo CLDN5 SLC7A5,
GCATGATTCGCTGTTC-1,0,Endo CLDN5 SLC7A5,0.9807675648655534,Endo CLDN5 SLC7A5,
GCATTAGCATAGCACT-1,1,Endo CLDN5 SLC7A5,0.9780700228790586,Endo CLDN5 SLC7A5,
GCATTAGGTATCGCGC-1,0,Oligo MOG OPALIN,0.7921707187501471,Endo CLDN5 SLC7A5,
GCATTAGGTATCGGTT-1,1,Endo CLDN5 SLC7A5,0.9892474087626568,Endo CLDN5 SLC7A5,
GCATTAGGTTGTTGTG-1,1,Endo CLDN5 SLC7A5,0.6786690251881738,Endo CLDN5 SLC7A5,
GCCAACGCACCAGTTA-1,1,Endo CLDN5 SLC7A5,0.9989343060823943,Endo CLDN5 SLC7A5,
GCCAACGCACGCTTAA-1,1,Endo CLDN5 SLC7A5,0.7396539546258674,Endo CLDN5 SLC7A5,
GCCAACGGTAGGATAT-1,0,Oligo MOG OPALIN,0.9758365393285285,Endo CLDN5 SLC7A5,
GCCAACGGTAGGTAGC-1,0,Endo CLDN5 SLC7A5,0.46030443913502767,Endo CLDN5 SLC7A5,
GCCAACGTCCATCTAT-1,1,Endo CLDN5 SLC7A5,0.9626129056075279,Endo CLDN5 SLC7A5,
GCCAGCAAGCTAAGTA-1,0,Endo CLDN5 SLC7A5,0.9296572173720562,Endo CLDN5 SLC7A5,
GCCAGCAAGTCAGAGC-1,0,Oligo MOG OPALIN,0.865995709477872,Endo CLDN5 SLC7A5,
GCCAGCACACAATTCG-1,6,Micro P2RY12 APBB1IP,0.9962979682887046,Micro P2RY12 APBB1IP,
GCCAGCATCAGCTCTC-1,0,Oligo MOG OPALIN,0.9852417680650787,Endo CLDN5 SLC7A5,
GCCAGCATCCTAGCGG-1,0,Endo CLDN5 SLC7A5,0.9304208504355312,Endo CLDN5 SLC7A5,
GCCAGGTAGTAGCATA-1,0,Endo CLDN5 SLC7A5,0.9400915310600608,Endo CLDN5 SLC7A5,
GCCAGGTCATGAAGGC-1,0,Endo CLDN5 SLC7A5,0.8157951491061093,Endo CLDN5 SLC7A5,
GCCAGGTGTGTAACGG-1,0,Endo CLDN5 SLC7A5,0.615320920848656,Endo CLDN5 SLC7A5,
GCCAGGTTCTGCAGCG-1,0,Endo CLDN5 SLC7A5,0.9247212432374962,Endo CLDN5 SLC7A5,
GCCAGTGAGACTAGAT-1,0,Oligo MOG OPALIN,0.48099382948634095,Endo CLDN5 SLC7A5,
GCCAGTGGTTGATGTC-1,4,PC P2RY14 GRM8,0.9994622838080692,Endo CLDN5 SLC7A5,
GCCAGTGTCTTGATTC-1,0,Endo CLDN5 SLC7A5,0.9845557581039663,Endo CLDN5 SLC7A5,
GCCATGGAGGGAGGTG-1,1,Endo CLDN5 SLC7A5,0.835539359228903,Endo CLDN5 SLC7A5,
GCCATGGAGGGTTAAT-1,0,Oligo MOG OPALIN,0.9906374636611687,Endo CLDN5 SLC7A5,
GCCATGGCAGTCAGAG-1,0,Endo CLDN5 SLC7A5,0.6404795780823366,Endo CLDN5 SLC7A5,
GCCATGGGTCTCAGGC-1,0,Endo CLDN5 SLC7A5,0.42303318660859285,Endo CLDN5 SLC7A5,
GCCATTCAGGATTTCC-1,6,Micro P2RY12 APBB1IP,0.8247623073746482,Micro P2RY12 APBB1IP,
GCCATTCCACAGTGTT-1,0,Oligo MOG OPALIN,0.9936028646087268,Endo CLDN5 SLC7A5,
GCCATTCGTCGCGTCA-1,0,Endo CLDN5 SLC7A5,0.30258859486638173,Endo CLDN5 SLC7A5,
GCCATTCTCACTGGTA-1,4,Endo CLDN5 IL1R1,0.9999999621110555,Endo CLDN5 SLC7A5,
GCCATTCTCCTGTAGA-1,1,Endo CLDN5 SLC7A5,0.9952697697865699,Endo CLDN5 SLC7A5,
GCCCAGAAGTGTGTTC-1,1,Oligo MOG OPALIN,0.9754744867007319,Endo CLDN5 SLC7A5,
GCCCAGACACTTGACA-1,0,Oligo MOG OPALIN,0.4560342108125351,Endo CLDN5 SLC7A5,
GCCCAGACAGCTCATA-1,0,Endo CLDN5 SLC7A5,0.34193367564281696,Endo CLDN5 SLC7A5,
GCCCAGATCAGAGTGG-1,0,Endo CLDN5 SLC7A5,0.7205585596221988,Endo CLDN5 SLC7A5,
GCCCGAAAGCATGCAG-1,0,Endo CLDN5 SLC7A5,0.9689377364498346,Endo CLDN5 SLC7A5,
GCCCGAAAGTTGTCGT-1,0,Endo CLDN5 SLC7A5,0.5476843612594321,Endo CLDN5 SLC7A5,
GCCCGAAGTCTGTGCG-1,0,Oligo MOG OPALIN,0.3637132900128542,Endo CLDN5 SLC7A5,
GCCTGTTAGTTTGTCG-1,0,Endo CLDN5 SLC7A5,0.7725989817580122,Endo CLDN5 SLC7A5,
GCCTGTTGTAAGGCCA-1,0,L2-3 CUX2 NTNG1 PALMD,0.45327480593302394,Endo CLDN5 SLC7A5,
GCCTGTTGTGGTATGG-1,0,Endo CLDN5 SLC7A5,0.7259189905339118,Endo CLDN5 SLC7A5,
GCCTGTTTCAGAGCAG-1,0,Endo CLDN5 SLC7A5,0.9866026212303384,Endo CLDN5 SLC7A5,
GCCTGTTTCGTTCTGC-1,0,Endo CLDN5 SLC7A5,0.36204064861727425,Endo CLDN5 SLC7A5,
GCGAGAAAGAGTCACG-1,0,Oligo MOG OPALIN,0.8339576726372842,Endo CLDN5 SLC7A5,
GCGAGAAAGCGGTAAC-1,1,Endo CLDN5 SLC7A5,0.9992182477173278,Endo CLDN5 SLC7A5,
GCGAGAACAATCCTTT-1,1,Endo CLDN5 SLC7A5,0.9998524349746938,Endo CLDN5 SLC7A5,
GCGAGAACAGGGAATC-1,0,Endo CLDN5 SLC7A5,0.4968007256636481,Endo CLDN5 SLC7A5,
GCGAGAACATAGCACT-1,0,Oligo MOG OPALIN,0.9072458152970692,Endo CLDN5 SLC7A5,
GCGAGAAGTAAGTTAG-1,0,Oligo MOG OPALIN,0.9424009989421984,Endo CLDN5 SLC7A5,
GCGAGAAGTATCGCAT-1,8,InN VIP HS3ST3B1,0.9317950498367086,InN VIP HS3ST3B1,
GCGAGAAGTTAGGGAC-1,0,Oligo MOG OPALIN,0.9995646509303578,Endo CLDN5 SLC7A5,
GCGAGAATCATAGCAC-1,0,Endo CLDN5 SLC7A5,0.8222790010143235,Endo CLDN5 SLC7A5,
GCGAGAATCCGCTTAC-1,0,Endo CLDN5 SLC7A5,0.9853198476394339,Endo CLDN5 SLC7A5,
GCGATCGAGGGTTAAT-1,0,Endo CLDN5 SLC7A5,0.4285724782115871,Endo CLDN5 SLC7A5,
GCGATCGCAAGCAATA-1,0,Endo CLDN5 SLC7A5,0.37978971125360017,Endo CLDN5 SLC7A5,
GCGATCGGTAAGCTCT-1,7,OPC PDGFRA PCDH15,0.9999999862712097,OPC PDGFRA PCDH15,
GCGATCGGTCGATTCA-1,0,Oligo MOG OPALIN,0.9119857815193835,Endo CLDN5 SLC7A5,
GCGGAAACACTGCTTC-1,2,Oligo MOG OPALIN,0.8355889560472596,Oligo MOG OPALIN,
GCGGAAATCTGTGCGG-1,0,Endo CLDN5 SLC7A5,0.427300576752804,Endo CLDN5 SLC7A5,
GCGGATCGTTAAACCC-1,1,Endo CLDN5 SLC7A5,0.996121575871644,Endo CLDN5 SLC7A5,
GCGGATCTCTGTCCCA-1,2,Oligo MOG OPALIN,0.9972694323438773,Oligo MOG OPALIN,
GCGTGCACAGGGTTGA-1,0,Endo CLDN5 SLC7A5,0.3678924929192407,Endo CLDN5 SLC7A5,
GCGTTTCAGGTAAAGG-1,1,Endo CLDN5 SLC7A5,0.9872288219097437,Endo CLDN5 SLC7A5,
GCGTTTCGTAGGGAGG-1,1,Endo CLDN5 SLC7A5,0.9655154066558734,Endo CLDN5 SLC7A5,
GCGTTTCTCACACCGG-1,0,Oligo MOG OPALIN,0.7632856355332828,Endo CLDN5 SLC7A5,
GCGTTTCTCAGTGTGT-1,0,Oligo MOG OPALIN,0.9528756472514416,Endo CLDN5 SLC7A5,
GCGTTTCTCTCTGCCA-1,0,Endo CLDN5 SLC7A5,0.345927456740414,Endo CLDN5 SLC7A5,
GCTACAAAGACGGTCA-1,2,Oligo MOG OPALIN,0.5642709477406476,Oligo MOG OPALIN,
GCTACAAGTTGGTAGG-1,2,Oligo MOG OPALIN,0.9376363413833044,Oligo MOG OPALIN,
GCTACAATCAGACATC-1,0,Oligo MOG OPALIN,0.9355416722711638,Endo CLDN5 SLC7A5,
GCTACAATCCCAATAG-1,0,Oligo MOG OPALIN,0.9237635732206158,Endo CLDN5 SLC7A5,
GCTACCTAGCGCGTTC-1,0,Endo CLDN5 SLC7A5,0.4954685397712019,Endo CLDN5 SLC7A5,
GCTACCTGTGGCAGAT-1,0,Endo CLDN5 SLC7A5,0.6321963789052769,Endo CLDN5 SLC7A5,
GCTACCTTCGAACTCA-1,0,Oligo MOG OPALIN,0.7847614888179433,Endo CLDN5 SLC7A5,
GCTACCTTCGGTAGAG-1,2,Oligo MOG OPALIN,0.9991385799181532,Oligo MOG OPALIN,
GCTACCTTCTGCGGCA-1,0,Oligo MOG OPALIN,0.9536724679097904,Endo CLDN5 SLC7A5,
GCTCAAAAGCACTGGA-1,0,Oligo MOG OPALIN,0.7187446949009231,Endo CLDN5 SLC7A5,
GCTCAAAAGGCCTAAG-1,0,Oligo MOG OPALIN,0.7910867555305079,Endo CLDN5 SLC7A5,
GCTCAAAAGTAGGGTC-1,0,Oligo MOG OPALIN,0.3283654789277608,Endo CLDN5 SLC7A5,
GCTCAAACAACGTATC-1,0,Oligo MOG OPALIN,0.7573327564919108,Endo CLDN5 SLC7A5,
GCTCAAACACCGGTCA-1,0,Endo CLDN5 SLC7A5,0.7423581382628403,Endo CLDN5 SLC7A5,
GCTGAATAGTAAAGCT-1,0,L2-3 CUX2 NTNG1 PALMD,0.6313981685265129,Endo CLDN5 SLC7A5,
GCTGAATCAGAACATA-1,3,L2-3 CUX2 NTNG1 PALMD,0.46491606565696825,L2-3 CUX2 ACVR1C THSD7A,
GCTGAATCAGCGAGTA-1,0,Endo CLDN5 SLC7A5,0.5289755105560815,Endo CLDN5 SLC7A5,
GCTGAATGTCGGTGAA-1,0,Oligo MOG OPALIN,0.9600591706983626,Endo CLDN5 SLC7A5,
GCTGAATGTTTACGTG-1,0,Endo CLDN5 SLC7A5,0.43783436733703984,Endo CLDN5 SLC7A5,
GCTGAATTCCCAAGTA-1,0,Endo CLDN5 SLC7A5,0.9049215497368386,Endo CLDN5 SLC7A5,
GCTGAATTCTGTGCAA-1,0,Endo CLDN5 SLC7A5,0.9036731725424741,Endo CLDN5 SLC7A5,
GCTGAATTCTTGGGCG-1,0,L2-3 CUX2 NTNG1 PALMD,0.9663969578105884,Endo CLDN5 SLC7A5,
GCTGCAGCATACTTTC-1,1,Endo CLDN5 SLC7A5,0.9988676862959767,Endo CLDN5 SLC7A5,
GCTGCAGGTCTTCGAA-1,1,Endo CLDN5 SLC7A5,0.8980134059595346,Endo CLDN5 SLC7A5,
GCTGCAGGTGCCTAAT-1,2,Oligo MOG OPALIN,0.9999566040466555,Oligo MOG OPALIN,
GCTGGGTCAGGCTACC-1,0,Endo CLDN5 SLC7A5,0.4372414348481629,Endo CLDN5 SLC7A5,
GCTGGGTGTCGCGTCA-1,0,Endo CLDN5 SLC7A5,0.48390870143263626,Endo CLDN5 SLC7A5,
GCTGGGTGTTGACTGT-1,0,Endo CLDN5 SLC7A5,0.38224747475227433,Endo CLDN5 SLC7A5,
GCTTCACAGTAGGCCA-1,0,Endo CLDN5 SLC7A5,0.5038957522729651,Endo CLDN5 SLC7A5,
GCTTCACCACACCTAA-1,5,Astro GFAP FABP7,0.9902506648012716,Astro AQP4 SLC1A2,
GCTTCACGTCTCAAGT-1,0,Endo CLDN5 SLC7A5,0.38307817464255034,Endo CLDN5 SLC7A5,
GCTTCACTCTCTGAGA-1,1,Endo CLDN5 SLC7A5,0.9955091179757395,Endo CLDN5 SLC7A5,
GCTTGGGGTAGAGCTG-1,0,Oligo MOG OPALIN,0.3373909278724196,Endo CLDN5 SLC7A5,
GCTTGGGGTCACAGAG-1,1,Endo CLDN5 SLC7A5,0.9988005149169367,Endo CLDN5 SLC7A5,
GCTTTCGGTCTCTCCA-1,0,Endo CLDN5 SLC7A5,0.9133912873940904,Endo CLDN5 SLC7A5,
GCTTTCGTCAGACCGC-1,0,Endo CLDN5 SLC7A5,0.37982548608918154,Endo CLDN5 SLC7A5,
GGAACCCAGGTAATCA-1,0,Endo CLDN5 SLC7A5,0.5649707028922927,Endo CLDN5 SLC7A5,
GGAACCCAGTTTCGAC-1,2,Oligo MOG OPALIN,0.9992319357132493,Oligo MOG OPALIN,
GGAACCCTCCGATAAC-1,0,Oligo MOG OPALIN,0.6750619024657853,Endo CLDN5 SLC7A5,
GGAACCCTCTAAGCGT-1,0,Endo CLDN5 SLC7A5,0.35145613904445505,Endo CLDN5 SLC7A5,
GGAAGTGAGAGGACTC-1,6,Micro P2RY12 CCL3,0.7728337153899432,Micro P2RY12 APBB1IP,
GGAAGTGAGCAGCCTC-1,5,Astro GFAP AQP1,0.992569726515399,Astro AQP4 SLC1A2,
GGAAGTGTCAAACGAA-1,0,Endo CLDN5 SLC7A5,0.7760129899977237,Endo CLDN5 SLC7A5,
GGAAGTGTCCACCTCA-1,0,Endo CLDN5 SLC7A5,0.9592375205094411,Endo CLDN5 SLC7A5,
GGAATCTCAATCCAGT-1,0,Oligo MOG OPALIN,0.9998328308681985,Endo CLDN5 SLC7A5,
GGAATCTGTTAGGCTT-1,0,Oligo MOG OPALIN,0.6910522605389664,Endo CLDN5 SLC7A5,
GGAATCTTCTGTGTGA-1,0,Endo CLDN5 SLC7A5,0.9657449494520023,Endo CLDN5 SLC7A5,
GGAATGGAGCACGATG-1,0,Endo CLDN5 SLC7A5,0.475608376663862,Endo CLDN5 SLC7A5,
GGAATGGTCCAGCAAT-1,0,Oligo MOG OPALIN,0.5604924650195099,Endo CLDN5 SLC7A5,
GGACGTCAGTGCACTT-1,0,Endo CLDN5 SLC7A5,0.31738066486580674,Endo CLDN5 SLC7A5,
GGACGTCCATCAGCGC-1,0,Oligo MOG OPALIN,0.7028292984831227,Endo CLDN5 SLC7A5,
GGAGAACAGAACCGCA-1,0,Oligo MOG OPALIN,0.8660528457664891,Endo CLDN5 SLC7A5,
GGAGAACCAAGCACAG-1,0,Oligo MOG OPALIN,0.6875498285028948,Endo CLDN5 SLC7A5,
GGAGAACCATAGACTC-1,0,Oligo MOG OPALIN,0.9664826623944431,Endo CLDN5 SLC7A5,
GGAGAACGTTAGCTAC-1,0,Oligo MOG OPALIN,0.45386648718649,Endo CLDN5 SLC7A5,
GGAGATGAGCTAGAGC-1,0,Oligo MOG OPALIN,0.9978921100776046,Endo CLDN5 SLC7A5,
GGAGATGAGGAAAGGT-1,0,Oligo MOG OPALIN,0.910261055516062,Endo CLDN5 SLC7A5,
GGAGATGGTACAAGCG-1,2,Oligo MOG OPALIN,0.9968990232089052,Oligo MOG OPALIN,
GGAGATGGTTGCGGAA-1,0,Endo CLDN5 SLC7A5,0.6862884417970225,Endo CLDN5 SLC7A5,
GGAGCAACAGAACCGA-1,0,Endo CLDN5 SLC7A5,0.48214145194270036,Endo CLDN5 SLC7A5,
GGAGCAAGTCGTACTA-1,0,L2-3 CUX2 NTNG1 PALMD,0.4659160688486221,Endo CLDN5 SLC7A5,
GGAGCAAGTTCTCTCG-1,0,Endo CLDN5 SLC7A5,0.4103104922206682,Endo CLDN5 SLC7A5,
GGAGGATCACACTGGC-1,2,Oligo MOG OPALIN,0.9938467044557361,Oligo MOG OPALIN,
GGAGGATCACTGCGTG-1,5,Astro AQP4 SLC1A2,0.7188631888476583,Astro AQP4 SLC1A2,
GGAGGATGTACTTCCC-1,0,Oligo MOG OPALIN,0.89111329181137,Endo CLDN5 SLC7A5,
GGAGGATGTATCGAGG-1,1,Endo CLDN5 SLC7A5,0.9413462328389536,Endo CLDN5 SLC7A5,
GGAGGATTCGCCTATC-1,0,Endo CLDN5 SLC7A5,0.8424453514650949,Endo CLDN5 SLC7A5,
GGAGGTACATTGTCGA-1,0,Endo CLDN5 SLC7A5,0.6539263930582137,Endo CLDN5 SLC7A5,
GGAGGTAGTGGATCAG-1,0,Endo CLDN5 SLC7A5,0.9894848862602945,Endo CLDN5 SLC7A5,
GGATCTAGTAGATGTA-1,0,Endo CLDN5 SLC7A5,0.5600234926222106,Endo CLDN5 SLC7A5,
GGATCTATCAGGAGAC-1,3,L2-3 CUX2 ACVR1C THSD7A,0.9910977193551674,L2-3 CUX2 ACVR1C THSD7A,
GGATGTTAGGGTGAAA-1,0,Endo CLDN5 SLC7A5,0.861700855205977,Endo CLDN5 SLC7A5,
GGATGTTGTCAACCAT-1,2,Oligo MOG OPALIN,0.9827452071836295,Oligo MOG OPALIN,
GGATGTTTCGCGGTAC-1,0,Oligo MOG OPALIN,0.6022914135348618,Endo CLDN5 SLC7A5,
GGCACGTGTCTGGTTA-1,0,L2-3 CUX2 NTNG1 PALMD,0.800081668927604,Endo CLDN5 SLC7A5,
GGCAGTCAGATCACTC-1,0,Endo CLDN5 SLC7A5,0.7287130975555299,Endo CLDN5 SLC7A5,
GGCAGTCCAATGGGTG-1,0,Endo CLDN5 SLC7A5,0.5879342259767106,Endo CLDN5 SLC7A5,
GGCAGTCCACAATCTG-1,0,Endo CLDN5 SLC7A5,0.4645339494264148,Endo CLDN5 SLC7A5,
GGCGTCAAGCCACTCG-1,0,Endo CLDN5 SLC7A5,0.9488866455636943,Endo CLDN5 SLC7A5,
GGCGTCACACAGAAGC-1,1,Endo CLDN5 SLC7A5,0.906591425200155,Endo CLDN5 SLC7A5,
GGCGTCACACTGGAAG-1,0,Oligo MOG OPALIN,0.9110124720628029,Endo CLDN5 SLC7A5,
GGCGTCACATACCGTA-1,2,Oligo MOG OPALIN,0.9986074905652141,Oligo MOG OPALIN,
GGCGTCATCCGATGTA-1,0,Endo CLDN5 SLC7A5,0.9689035437274597,Endo CLDN5 SLC7A5,
GGCTGTGAGCCAAGCA-1,1,Endo CLDN5 SLC7A5,0.9911979756743412,Endo CLDN5 SLC7A5,
GGCTGTGCAGTCTGGC-1,0,Oligo MOG OPALIN,0.6870187618547373,Endo CLDN5 SLC7A5,
GGCTGTGTCCCGTAAA-1,4,Endo CLDN5 IL1R1,0.84241140107867,Endo CLDN5 SLC7A5,
GGCTTGGCAGTTTCAG-1,0,Endo CLDN5 SLC7A5,0.33355081639217743,Endo CLDN5 SLC7A5,
GGCTTGGGTATGTGTC-1,0,Endo CLDN5 SLC7A5,0.45088414585080316,Endo CLDN5 SLC7A5,
GGCTTGGGTTATCTGG-1,2,Oligo MOG OPALIN,0.9999745721965472,Oligo MOG OPALIN,
GGCTTGGTCTATTCGT-1,4,Endo CLDN5 SLC7A5,0.7269023235056925,Endo CLDN5 SLC7A5,
GGCTTTCAGGCTCTAT-1,0,Endo CLDN5 SLC7A5,0.9053529975794381,Endo CLDN5 SLC7A5,
GGCTTTCCATATACCG-1,1,Endo CLDN5 SLC7A5,0.9979329048398755,Endo CLDN5 SLC7A5,
GGCTTTCGTGATCATC-1,0,Endo CLDN5 SLC7A5,0.30174716674910723,Endo CLDN5 SLC7A5,
GGCTTTCTCATGACAC-1,0,Oligo MOG OPALIN,0.3243453716123126,Endo CLDN5 SLC7A5,
GGGAAGTCAGAACTAA-1,3,L3-5 RORB MKX GALR1,0.6749236935865945,L2-3 CUX2 ACVR1C THSD7A,
GGGAAGTCATGGCTAT-1,0,Endo CLDN5 SLC7A5,0.8429098570703661,Endo CLDN5 SLC7A5,
GGGACAATCCATACTT-1,0,Oligo MOG OPALIN,0.8173511223534807,Endo CLDN5 SLC7A5,
GGGACAATCGACCTAA-1,0,Endo CLDN5 SLC7A5,0.7332391212983689,Endo CLDN5 SLC7A5,
GGGACCTGTTGTGCCG-1,0,Endo CLDN5 SLC7A5,0.8594709071787423,Endo CLDN5 SLC7A5,
GGGACCTTCCCGAAAT-1,0,Endo CLDN5 SLC7A5,0.7361123350878291,Endo CLDN5 SLC7A5,
GGGACTCCACACCAGC-1,0,Endo CLDN5 SLC7A5,0.8943342558906562,Endo CLDN5 SLC7A5,
GGGACTCCATGGAGAC-1,0,L2-3 CUX2 NTNG1 COL5A2,0.5345082036287545,Endo CLDN5 SLC7A5,
GGGACTCCATGTCTAG-1,0,Oligo MOG OPALIN,0.8524181302769971,Endo CLDN5 SLC7A5,
GGGACTCGTTACGTAC-1,0,Endo CLDN5 SLC7A5,0.9099929849468761,Endo CLDN5 SLC7A5,
GGGACTCTCCAGGACC-1,0,Endo CLDN5 SLC7A5,0.9852993025086099,Endo CLDN5 SLC7A5,
GGGACTCTCTGTCGCT-1,0,Oligo MOG OPALIN,0.998530056885603,Endo CLDN5 SLC7A5,
GGGAGATCACAGTATC-1,0,Endo CLDN5 SLC7A5,0.534913972029231,Endo CLDN5 SLC7A5,
GGGAGATTCAAGCCAT-1,0,Endo CLDN5 SLC7A5,0.7783814885032512,Endo CLDN5 SLC7A5,
GGGAGATTCGGTTCAA-1,0,Endo CLDN5 SLC7A5,0.4549528098238475,Endo CLDN5 SLC7A5,
GGGAGATTCTGGTGGC-1,0,Oligo MOG OPALIN,0.34082207953600097,Endo CLDN5 SLC7A5,
GGGAGTAAGTCCGCCA-1,0,Micro P2RY12 APBB1IP,0.5685838667478862,Endo CLDN5 SLC7A5,
GGGAGTACATCACCAA-1,0,Oligo MOG OPALIN,0.7949219444894862,Endo CLDN5 SLC7A5,
GGGAGTAGTACGACTT-1,0,Endo CLDN5 SLC7A5,0.5886608526806312,Endo CLDN5 SLC7A5,
GGGAGTAGTGAGCAGT-1,0,Endo CLDN5 SLC7A5,0.9460048933851762,Endo CLDN5 SLC7A5,
GGGATCCAGGATTCCT-1,0,Endo CLDN5 SLC7A5,0.6518136747076828,Endo CLDN5 SLC7A5,
GGGATCCCAGTCGGAA-1,0,Oligo MOG OPALIN,0.48272687939081466,Endo CLDN5 SLC7A5,
GGGATCCCATATTCGG-1,0,Oligo MOG OPALIN,0.73028260505785,Endo CLDN5 SLC7A5,
GGGATCCGTGAAGCGT-1,0,Endo CLDN5 SLC7A5,0.633358181262848,Endo CLDN5 SLC7A5,
GGGATCCGTTTATGCG-1,1,Endo CLDN5 SLC7A5,0.9539940384167265,Endo CLDN5 SLC7A5,
GGGATGATCATTGTTC-1,0,Endo CLDN5 SLC7A5,0.5052612836618421,Endo CLDN5 SLC7A5,
GGGCCATGTCTGCATA-1,1,Endo CLDN5 SLC7A5,0.8141262747677755,Endo CLDN5 SLC7A5,
GGGCCATGTGCATTAC-1,0,L2-3 CUX2 NTNG1 PALMD,0.7785579626653836,Endo CLDN5 SLC7A5,
GGGCGTTAGGGAGAAT-1,0,Endo CLDN5 SLC7A5,0.39210322673884634,Endo CLDN5 SLC7A5,
GGGCGTTGTATCAAGA-1,0,Endo CLDN5 SLC7A5,0.5889618631567625,Endo CLDN5 SLC7A5,
GGGCGTTTCAAGCCAT-1,0,Oligo MOG OPALIN,0.4856834350600652,Endo CLDN5 SLC7A5,
GGGCGTTTCCCTCAAC-1,0,Oligo MOG OPALIN,0.6180174808135155,Endo CLDN5 SLC7A5,
GGGCGTTTCTTGAGCA-1,0,Endo CLDN5 SLC7A5,0.9629324477447395,Endo CLDN5 SLC7A5,
GGGCTACCAGCGTTTA-1,0,Endo CLDN5 SLC7A5,0.7208640778568637,Endo CLDN5 SLC7A5,
GGGTAGACAAAGGTTA-1,0,Endo CLDN5 SLC7A5,0.6073689970258166,Endo CLDN5 SLC7A5,
GGGTAGATCGAACGGA-1,7,OPC PDGFRA PCDH15,0.9999998967766575,OPC PDGFRA PCDH15,
GGGTATTCAACCAACT-1,0,Endo CLDN5 SLC7A5,0.6788291731260876,Endo CLDN5 SLC7A5,
GGGTCTGAGGGAGTGG-1,0,Endo CLDN5 SLC7A5,0.36032272419426087,Endo CLDN5 SLC7A5,
GGGTCTGGTCGTCGGT-1,0,Oligo MOG OPALIN,0.8764268278297258,Endo CLDN5 SLC7A5,
GGGTCTGTCATCGCTC-1,0,Oligo MOG OPALIN,0.9855685684490858,Endo CLDN5 SLC7A5,
GGGTCTGTCTAACACG-1,0,Endo CLDN5 SLC7A5,0.8561830505183837,Endo CLDN5 SLC7A5,
GGGTGAACATCCGGCA-1,0,Oligo MOG OPALIN,0.7756502370689524,Endo CLDN5 SLC7A5,
GGGTGAAGTGACTGAG-1,0,Oligo MOG OPALIN,0.313824061567331,Endo CLDN5 SLC7A5,
GGGTGTCAGATGTTGA-1,0,L2-3 CUX2 NTNG1 PALMD,0.9408089200815853,Endo CLDN5 SLC7A5,
GGGTGTCAGCAGTAAT-1,0,Endo CLDN5 SLC7A5,0.7133780761542544,Endo CLDN5 SLC7A5,
GGGTGTCGTCCAGAAG-1,6,Micro P2RY12 APBB1IP,0.9490691662313313,Micro P2RY12 APBB1IP,
GGGTGTCTCTTGCAAG-1,0,Endo CLDN5 SLC7A5,0.7404325668948832,Endo CLDN5 SLC7A5,
GGGTTATAGAAGGATG-1,0,Oligo MOG OPALIN,0.4429924036145356,Endo CLDN5 SLC7A5,
GGGTTATAGACGGTCA-1,0,Oligo MOG OPALIN,0.9362810244043235,Endo CLDN5 SLC7A5,
GGGTTATAGGTCCGAA-1,0,Endo CLDN5 SLC7A5,0.5795889007330203,Endo CLDN5 SLC7A5,
GGGTTATGTCCACGCA-1,0,L2-3 CUX2 NTNG1 PALMD,0.8090780380155936,Endo CLDN5 SLC7A5,
GGGTTATTCTCTATAC-1,0,Endo CLDN5 SLC7A5,0.5843128429445819,Endo CLDN5 SLC7A5,
GGGTTTAAGAAATGGG-1,3,L2-3 CUX2 NTNG1 PALMD,0.3566072015973448,L2-3 CUX2 ACVR1C THSD7A,
GGGTTTACACTACACA-1,0,Endo CLDN5 SLC7A5,0.9070071223478788,Endo CLDN5 SLC7A5,
GGGTTTACAGAGAAAG-1,1,Endo CLDN5 SLC7A5,0.9993139748782497,Endo CLDN5 SLC7A5,
GGGTTTAGTCGCGGTT-1,0,Endo CLDN5 SLC7A5,0.44056364778253826,Endo CLDN5 SLC7A5,
GGGTTTATCCATTGGA-1,0,Endo CLDN5 SLC7A5,0.5663819968368319,Endo CLDN5 SLC7A5,
GGGTTTATCTGCGGCA-1,0,Endo CLDN5 SLC7A5,0.3940642946719841,Endo CLDN5 SLC7A5,
GGTAACTAGTCGAATA-1,0,Oligo MOG OPALIN,0.46280776306985344,Endo CLDN5 SLC7A5,
GGTAACTGTGCTTCAA-1,0,L2-3 CUX2 NTNG1 PALMD,0.616158359834801,Endo CLDN5 SLC7A5,
GGTAATCAGCTGAGTG-1,0,L2-3 CUX2 NTNG1 PALMD,0.3625836015682695,Endo CLDN5 SLC7A5,
GGTAATCGTCACCACG-1,0,Oligo MOG OPALIN,0.9369633481317309,Endo CLDN5 SLC7A5,
GGTAATCGTTCATCTT-1,1,Endo CLDN5 SLC7A5,0.9777431487471342,Endo CLDN5 SLC7A5,
GGTAGAGAGCGGTAGT-1,0,Endo CLDN5 SLC7A5,0.6813192297947497,Endo CLDN5 SLC7A5,
GGTAGAGTCGGACTGC-1,0,Endo CLDN5 SLC7A5,0.3260837797740938,Endo CLDN5 SLC7A5,
GGTAGAGTCGTGGCTG-1,0,Endo CLDN5 SLC7A5,0.41079080295291037,Endo CLDN5 SLC7A5,
GGTCACGCATTCTGTT-1,0,Oligo MOG OPALIN,0.8427332561047287,Endo CLDN5 SLC7A5,
GGTCTGGAGCCTAGGA-1,0,L2-3 CUX2 NTNG1 PALMD,0.3878469038683695,Endo CLDN5 SLC7A5,
GGTCTGGGTGGGAGAG-1,0,Endo CLDN5 SLC7A5,0.7080594169358608,Endo CLDN5 SLC7A5,
GGTCTGGTCACCTGGG-1,0,Endo CLDN5 SLC7A5,0.4435017246817523,Endo CLDN5 SLC7A5,
GGTCTGGTCTAACACG-1,5,Astro GFAP FABP7,0.9698671268272233,Astro AQP4 SLC1A2,
GGTGAAGCAAAGACTA-1,0,Oligo MOG OPALIN,0.9848675056769516,Endo CLDN5 SLC7A5,
GGTGAAGCACAAGCCC-1,0,Oligo MOG OPALIN,0.778732704634098,Endo CLDN5 SLC7A5,
GGTGATTCACCGTCGA-1,0,Endo CLDN5 SLC7A5,0.8441568993704035,Endo CLDN5 SLC7A5,
GGTGATTCATTACGGT-1,0,Endo CLDN5 SLC7A5,0.6677516660943139,Endo CLDN5 SLC7A5,
GGTGATTGTAGTTAGA-1,0,Oligo MOG OPALIN,0.6707761916271572,Endo CLDN5 SLC7A5,
GGTGATTTCCGGGACT-1,2,Oligo MOG OPALIN,0.9970089571670321,Oligo MOG OPALIN,
GGTGGCTAGAAACTAC-1,0,Endo CLDN5 SLC7A5,0.47157884267782685,Endo CLDN5 SLC7A5,
GGTGGCTAGTGGTGGT-1,1,Oligo MOG OPALIN,0.9943058671307099,Endo CLDN5 SLC7A5,
GGTGGCTCAGTTGCGC-1,2,Oligo MOG OPALIN,0.9994878236787915,Oligo MOG OPALIN,
GGTGGCTGTCCGCAGT-1,0,Endo CLDN5 SLC7A5,0.9087424379365366,Endo CLDN5 SLC7A5,
GGTGGCTTCCGAGTGC-1,0,Endo CLDN5 SLC7A5,0.7348840987662221,Endo CLDN5 SLC7A5,
GGTGTCGAGCAGTACG-1,0,Oligo MOG OPALIN,0.4816763143227373,Endo CLDN5 SLC7A5,
GGTGTCGGTTCCTAGA-1,0,Oligo MOG OPALIN,0.9772510726050958,Endo CLDN5 SLC7A5,
GGTGTCGGTTCGTTCC-1,0,Oligo MOG OPALIN,0.6501729611258765,Endo CLDN5 SLC7A5,
GGTGTCGTCGAACACT-1,8,InN LAMP5 RELN,0.9970859971851792,InN VIP HS3ST3B1,
GGTGTTAAGGCTGGAT-1,1,Endo CLDN5 SLC7A5,0.9813739428507293,Endo CLDN5 SLC7A5,
GGTGTTACACTCCACT-1,1,Endo CLDN5 SLC7A5,0.9997954226959725,Endo CLDN5 SLC7A5,
GGTGTTAGTCTCGGAC-1,6,Endo CLDN5 SLC7A5,0.47917794707352773,Micro P2RY12 APBB1IP,
GGTTAACAGCGCTGAA-1,0,Endo CLDN5 SLC7A5,0.8166805175257275,Endo CLDN5 SLC7A5,
GGTTAACCATAGTCGT-1,3,L3-5 RORB GABRG1 KCNH7,0.4633889838012118,L2-3 CUX2 ACVR1C THSD7A,
GGTTAACGTCACCTTC-1,0,InN PVALB HPSE,0.416449880331335,Endo CLDN5 SLC7A5,
GGTTCTCCACTGGACC-1,2,Oligo MOG OPALIN,0.9533504017453669,Oligo MOG OPALIN,
GGTTCTCGTACGACTT-1,0,Oligo MOG OPALIN,0.4303902375614871,Endo CLDN5 SLC7A5,
GGTTCTCTCTATTTCG-1,0,Oligo MOG OPALIN,0.7578858852676847,Endo CLDN5 SLC7A5,
GGTTGTAAGCGTGCTC-1,0,Endo CLDN5 SLC7A5,0.38169047706080983,Endo CLDN5 SLC7A5,
GGTTGTAAGGATACCG-1,0,Oligo MOG OPALIN,0.7652367693581443,Endo CLDN5 SLC7A5,
GGTTGTACACTGGCGT-1,7,OPC PDGFRA PCDH15,0.9999999999999809,OPC PDGFRA PCDH15,
GGTTGTAGTCTGTCCT-1,0,Endo CLDN5 SLC7A5,0.4872984189095152,Endo CLDN5 SLC7A5,
GTAACACAGATTAGTG-1,0,Oligo MOG OPALIN,0.8253288871903591,Endo CLDN5 SLC7A5,
GTAACACCACATGGTT-1,0,Endo CLDN5 SLC7A5,0.7666918227201734,Endo CLDN5 SLC7A5,
GTAACACCAGGTGACA-1,0,Endo CLDN5 SLC7A5,0.3038866932675753,Endo CLDN5 SLC7A5,
GTAACCAAGTGTCATC-1,0,Oligo MOG OPALIN,0.544963448987475,Endo CLDN5 SLC7A5,
GTAACCACAGGCACAA-1,0,Endo CLDN5 SLC7A5,0.3591914418671082,Endo CLDN5 SLC7A5,
GTAACCAGTCAGGCAA-1,0,Endo CLDN5 SLC7A5,0.5257301918798942,Endo CLDN5 SLC7A5,
GTAACCATCTGGAGAG-1,0,Endo CLDN5 SLC7A5,0.6655264117194579,Endo CLDN5 SLC7A5,
GTAAGTCGTCGAAGCA-1,0,Endo CLDN5 SLC7A5,0.33969236241608647,Endo CLDN5 SLC7A5,
GTAAGTCGTGGGATTG-1,0,Endo CLDN5 SLC7A5,0.9014042737859559,Endo CLDN5 SLC7A5,
GTAATCGAGCCATGCC-1,0,Micro P2RY12 APBB1IP,0.6538108455127599,Endo CLDN5 SLC7A5,
GTAATCGAGTATCTGC-1,0,Oligo MOG OPALIN,0.8972310699110935,Endo CLDN5 SLC7A5,
GTAATCGCACACGGAA-1,4,Endo CLDN5 SLC7A5,0.9999923861568342,Endo CLDN5 SLC7A5,
GTAATCGTCTACCACC-1,3,Endo CLDN5 SLC7A5,0.3802573820513375,L2-3 CUX2 ACVR1C THSD7A,
GTAATGCAGCGTTACT-1,0,Endo CLDN5 SLC7A5,0.7651487370151016,Endo CLDN5 SLC7A5,
GTAATGCGTAGCGTTT-1,0,Endo CLDN5 SLC7A5,0.6641694131635546,Endo CLDN5 SLC7A5,
GTAATGCGTGGACTAG-1,0,Endo CLDN5 SLC7A5,0.5165125306021818,Endo CLDN5 SLC7A5,
GTAATGCTCCTCGCAT-1,0,Endo CLDN5 SLC7A5,0.972444818056511,Endo CLDN5 SLC7A5,
GTACAACAGACGTCGA-1,2,Oligo MOG OPALIN,0.999995641140812,Oligo MOG OPALIN,
GTACAACTCTCTTGCG-1,0,Oligo MOG OPALIN,0.5152377725311539,Endo CLDN5 SLC7A5,
GTACAGTCACGGTCTG-1,0,Oligo MOG OPALIN,0.4376392374647558,Endo CLDN5 SLC7A5,
GTACAGTCATCCGTTC-1,0,Endo CLDN5 SLC7A5,0.7869206635936138,Endo CLDN5 SLC7A5,
GTAGAAAAGATTGGGC-1,0,Endo CLDN5 SLC7A5,0.3674953721673782,Endo CLDN5 SLC7A5,
GTAGAAACACCACATA-1,0,Oligo MOG OPALIN,0.9894289018277759,Endo CLDN5 SLC7A5,
GTAGAAATCGATTGAC-1,0,Endo CLDN5 SLC7A5,0.5704276267104551,Endo CLDN5 SLC7A5,
GTAGAGGAGAGTCAAT-1,0,Oligo MOG OPALIN,0.9867986356370921,Endo CLDN5 SLC7A5,
GTAGAGGCAAACCGGA-1,0,Endo CLDN5 SLC7A5,0.7270420846435836,Endo CLDN5 SLC7A5,
GTAGAGGCACGCGCAT-1,0,Endo CLDN5 SLC7A5,0.8251832511574424,Endo CLDN5 SLC7A5,
GTAGAGGGTACCACGC-1,0,Oligo MOG OPALIN,0.8188769799288611,Endo CLDN5 SLC7A5,
GTAGATCAGGATACCG-1,0,Endo CLDN5 SLC7A5,0.40264289918556084,Endo CLDN5 SLC7A5,
GTAGATCAGTTCAACC-1,0,Endo CLDN5 SLC7A5,0.9739291865456989,Endo CLDN5 SLC7A5,
GTAGATCCAGCTGCCA-1,1,Endo CLDN5 SLC7A5,0.6929447479098532,Endo CLDN5 SLC7A5,
GTAGATCCATCTGGGC-1,1,Endo CLDN5 SLC7A5,0.30970315088423755,Endo CLDN5 SLC7A5,
GTAGATCGTAGCGTAG-1,1,Oligo MOG OPALIN,0.954550211720559,Endo CLDN5 SLC7A5,
GTAGCTACACATACGT-1,1,Endo CLDN5 SLC7A5,0.9905876597396467,Endo CLDN5 SLC7A5,
GTAGCTAGTCTTTCTA-1,0,Endo CLDN5 SLC7A5,0.5883055430945511,Endo CLDN5 SLC7A5,
GTAGCTATCCGGTAAT-1,1,Endo CLDN5 SLC7A5,0.6329178046577578,Endo CLDN5 SLC7A5,
GTAGGAGAGTCACTCA-1,0,Oligo MOG OPALIN,0.9689693425007857,Endo CLDN5 SLC7A5,
GTAGGAGGTACGCTTA-1,0,Endo CLDN5 SLC7A5,0.3622052432520068,Endo CLDN5 SLC7A5,
GTAGGAGGTAGACTGG-1,1,Endo CLDN5 SLC7A5,0.9970281113853212,Endo CLDN5 SLC7A5,
GTAGGAGTCCCTCGAT-1,1,Endo CLDN5 SLC7A5,0.9963000165754229,Endo CLDN5 SLC7A5,
GTAGGAGTCGCAACAT-1,0,Oligo MOG OPALIN,0.6517577816975304,Endo CLDN5 SLC7A5,
GTAGGTTAGTGCCCGT-1,7,Oligo MOG OPALIN,0.8599313296990229,OPC PDGFRA PCDH15,
GTAGGTTCACGATAGG-1,0,Oligo MOG OPALIN,0.994499428589914,Endo CLDN5 SLC7A5,
GTAGTACAGAATAACC-1,0,Oligo MOG OPALIN,0.9041938972894648,Endo CLDN5 SLC7A5,
GTAGTACAGGCACTAG-1,4,Endo CLDN5 SLC7A5,0.9569543762402478,Endo CLDN5 SLC7A5,
GTAGTACCAATCGAAA-1,1,Endo CLDN5 SLC7A5,0.9960452685215387,Endo CLDN5 SLC7A5,
GTAGTACCACGTTGGC-1,0,Endo CLDN5 SLC7A5,0.808964539165766,Endo CLDN5 SLC7A5,
GTAGTACTCAAAGAAC-1,0,Endo CLDN5 SLC7A5,0.5531489757913568,Endo CLDN5 SLC7A5,
GTAGTACTCTCGGTCT-1,0,Endo CLDN5 SLC7A5,0.48164361605764106,Endo CLDN5 SLC7A5,
GTATTGGGTAGAAACT-1,5,Astro GFAP AQP1,0.38322745048708184,Astro AQP4 SLC1A2,
GTATTGGGTTGCCAAT-1,0,Endo CLDN5 SLC7A5,0.8643812701901189,Endo CLDN5 SLC7A5,
GTATTGGTCGATTTCT-1,0,Oligo MOG OPALIN,0.9911864279940792,Endo CLDN5 SLC7A5,
GTATTGGTCGCAGTCG-1,0,Endo CLDN5 SLC7A5,0.7829436208168689,Endo CLDN5 SLC7A5,
GTATTTCAGACCGTTT-1,0,Endo CLDN5 SLC7A5,0.6278626627733384,Endo CLDN5 SLC7A5,
GTATTTCAGAGTCAGC-1,0,Endo CLDN5 SLC7A5,0.9937327174235396,Endo CLDN5 SLC7A5,
GTATTTCAGGGTCTTT-1,0,Endo CLDN5 SLC7A5,0.5738291003750307,Endo CLDN5 SLC7A5,
GTATTTCCATGTGGCC-1,0,Endo CLDN5 SLC7A5,0.6261647663979284,Endo CLDN5 SLC7A5,
GTCAAACCAGAAACCG-1,0,Endo CLDN5 SLC7A5,0.6991292508759513,Endo CLDN5 SLC7A5,
GTCAAACTCAACTACG-1,0,Endo CLDN5 SLC7A5,0.8002531822537113,Endo CLDN5 SLC7A5,
GTCAAGTAGGCGCTTC-1,0,Endo CLDN5 SLC7A5,0.4451582149582522,Endo CLDN5 SLC7A5,
GTCAAGTGTCTCTCTG-1,0,Endo CLDN5 SLC7A5,0.7644756317285917,Endo CLDN5 SLC7A5,
GTCACGGAGCCTCCAG-1,0,Endo CLDN5 SLC7A5,0.6832511577748035,Endo CLDN5 SLC7A5,
GTCACGGAGGGCAATC-1,0,Endo CLDN5 SLC7A5,0.8708425736157411,Endo CLDN5 SLC7A5,
GTCACGGGTACGCTAT-1,1,Endo CLDN5 SLC7A5,0.9994975025374594,Endo CLDN5 SLC7A5,
GTCACTCCAGCACGAA-1,0,Endo CLDN5 SLC7A5,0.6401008809929887,Endo CLDN5 SLC7A5,
GTCAGCGAGGCGATAC-1,0,Endo CLDN5 SLC7A5,0.8693597445951031,Endo CLDN5 SLC7A5,
GTCAGCGGTGCTGCAC-1,0,Endo CLDN5 SLC7A5,0.6920765778213432,Endo CLDN5 SLC7A5,
GTCAGCGGTTGAGGAC-1,1,Endo CLDN5 SLC7A5,0.993460634294036,Endo CLDN5 SLC7A5,
GTCATCCCAGATTAAG-1,0,Endo CLDN5 SLC7A5,0.7169445250091567,Endo CLDN5 SLC7A5,
GTCATCCGTGAGAGGG-1,0,Oligo MOG OPALIN,0.9987169163156555,Endo CLDN5 SLC7A5,
GTCATTTAGGACACTG-1,0,Endo CLDN5 SLC7A5,0.8343706506386973,Endo CLDN5 SLC7A5,
GTCATTTTCGTGCTCT-1,0,Endo CLDN5 SLC7A5,0.4340353025461374,Endo CLDN5 SLC7A5,
GTCCACTAGCTGAAGC-1,0,Endo CLDN5 SLC7A5,0.45330859975393023,Endo CLDN5 SLC7A5,
GTCCACTCAACTCCAA-1,2,Oligo MOG OPALIN,0.9976401256183645,Oligo MOG OPALIN,
GTCCACTGTCGACGCT-1,0,Endo CLDN5 SLC7A5,0.9684585949006127,Endo CLDN5 SLC7A5,
GTCCACTGTTCTCCTG-1,5,Astro GFAP AQP1,0.7662692575566772,Astro AQP4 SLC1A2,
GTCCCATAGCGACCCT-1,0,Oligo MOG OPALIN,0.43006653084075613,Endo CLDN5 SLC7A5,
GTCCCATGTCATTGCA-1,1,Endo CLDN5 SLC7A5,0.9989762232519314,Endo CLDN5 SLC7A5,
GTCCCATGTGTCGCTG-1,0,Endo CLDN5 SLC7A5,0.9889618287780543,Endo CLDN5 SLC7A5,
GTCCCATTCCAATCCC-1,0,Endo CLDN5 SLC7A5,0.9704053807955941,Endo CLDN5 SLC7A5,
GTCCTCAAGGCTTCCG-1,0,Oligo MOG OPALIN,0.6313822507654062,Endo CLDN5 SLC7A5,
GTCCTCACACCAGCTG-1,0,Endo CLDN5 SLC7A5,0.9907400107474803,Endo CLDN5 SLC7A5,
GTCCTCATCGCAGATT-1,0,Endo CLDN5 SLC7A5,0.5449827899069636,Endo CLDN5 SLC7A5,
GTCGAATCAAGCGGAT-1,0,Oligo MOG OPALIN,0.9869859495594764,Endo CLDN5 SLC7A5,
GTCGAATGTTCCTAGA-1,1,Endo CLDN5 SLC7A5,0.9998098889831015,Endo CLDN5 SLC7A5,
GTCGCGAAGCATCCTA-1,0,Endo CLDN5 SLC7A5,0.7255204567799449,Endo CLDN5 SLC7A5,
GTCGCGAAGCATGTTC-1,0,Endo CLDN5 SLC7A5,0.4491014235078853,Endo CLDN5 SLC7A5,
GTCGCGAAGGTTGCCC-1,0,Endo CLDN5 SLC7A5,0.5299262469898691,Endo CLDN5 SLC7A5,
GTCGCGAGTCCCTGAG-1,0,Endo CLDN5 SLC7A5,0.8629229840138776,Endo CLDN5 SLC7A5,
GTCGTAAAGTCAACAA-1,1,Endo CLDN5 SLC7A5,0.9860321891609516,Endo CLDN5 SLC7A5,
GTCGTAAGTTCCAAAC-1,0,Oligo MOG OPALIN,0.8853914064930481,Endo CLDN5 SLC7A5,
GTCGTTCGTGTTTCTT-1,0,Endo CLDN5 SLC7A5,0.8000364716927001,Endo CLDN5 SLC7A5,
GTCGTTCTCATGCTAG-1,0,Oligo MOG OPALIN,0.9565308874805201,Endo CLDN5 SLC7A5,
GTCTACCCAACAGTGG-1,0,Endo CLDN5 SLC7A5,0.8537278116142311,Endo CLDN5 SLC7A5,
GTCTACCTCCGCACTT-1,0,Endo CLDN5 SLC7A5,0.40853274499706926,Endo CLDN5 SLC7A5,
GTCTCACCACTCAAGT-1,7,OPC PDGFRA PCDH15,0.9999999696430699,OPC PDGFRA PCDH15,
GTCTCACCATGAATAG-1,1,Endo CLDN5 SLC7A5,0.993046620465946,Endo CLDN5 SLC7A5,
GTCTGTCAGGCCTAAG-1,0,Endo CLDN5 SLC7A5,0.8652074610594159,Endo CLDN5 SLC7A5,
GTCTGTCAGGGTTAAT-1,0,Oligo MOG OPALIN,0.9965094992294651,Endo CLDN5 SLC7A5,
GTCTGTCTCGACCCAG-1,0,Oligo MOG OPALIN,0.6526945934258301,Endo CLDN5 SLC7A5,
GTCTTTACAATGTCAC-1,0,Endo CLDN5 SLC7A5,0.8137831064772558,Endo CLDN5 SLC7A5,
GTCTTTACACCGTGAC-1,2,Oligo MOG OPALIN,0.493121643510268,Oligo MOG OPALIN,
GTCTTTACAGCCATTA-1,0,Oligo MOG OPALIN,0.9952632419051199,Endo CLDN5 SLC7A5,
GTCTTTATCAACGTGT-1,0,Endo CLDN5 SLC7A5,0.5540844235855359,Endo CLDN5 SLC7A5,
GTCTTTATCAAGGAGC-1,0,Endo CLDN5 SLC7A5,0.35539965798800954,Endo CLDN5 SLC7A5,
GTGACGCCATACCATG-1,0,Endo CLDN5 SLC7A5,0.7088646549416039,Endo CLDN5 SLC7A5,
GTGAGCCCATTCTCTA-1,0,Endo CLDN5 SLC7A5,0.5002401221986259,Endo CLDN5 SLC7A5,
GTGAGCCGTGCCGTAC-1,0,Oligo MOG OPALIN,0.7241368444534172,Endo CLDN5 SLC7A5,
GTGAGCCGTGGACCTC-1,0,Oligo MOG OPALIN,0.9832888403424008,Endo CLDN5 SLC7A5,
GTGAGCCTCGGACTGC-1,0,Endo CLDN5 SLC7A5,0.418443178475306,Endo CLDN5 SLC7A5,
GTGAGCCTCTTGAACG-1,0,Endo CLDN5 SLC7A5,0.4086065171370534,Endo CLDN5 SLC7A5,
GTGATGTAGCTGGCTC-1,1,Endo CLDN5 SLC7A5,0.873376384406392,Endo CLDN5 SLC7A5,
GTGATGTCAGGATGAC-1,0,Endo CLDN5 SLC7A5,0.6804785708728066,Endo CLDN5 SLC7A5,
GTGATGTGTAGCTTGT-1,0,Endo CLDN5 SLC7A5,0.8190029343427269,Endo CLDN5 SLC7A5,
GTGATGTGTGATTAGA-1,0,Endo CLDN5 SLC7A5,0.6551516482822072,Endo CLDN5 SLC7A5,
GTGATGTTCCCTTGGT-1,0,Endo CLDN5 SLC7A5,0.8298001219640695,Endo CLDN5 SLC7A5,
GTGCACGCAAGCTCTA-1,0,Oligo MOG OPALIN,0.9997414443309226,Endo CLDN5 SLC7A5,
GTGCACGGTATTTCTC-1,0,Endo CLDN5 SLC7A5,0.49284953015095395,Endo CLDN5 SLC7A5,
GTGCACGGTTTCCATT-1,0,L2-3 CUX2 NTNG1 PALMD,0.45258739123555763,Endo CLDN5 SLC7A5,
GTGCACGTCAGTGTTG-1,0,Endo CLDN5 SLC7A5,0.49956707426147673,Endo CLDN5 SLC7A5,
GTGCAGCAGTAGCAAT-1,0,Endo CLDN5 SLC7A5,0.34126998124821345,Endo CLDN5 SLC7A5,
GTGCAGCCAAAGACTA-1,0,L2-3 CUX2 NTNG1 PALMD,0.33917074703479394,Endo CLDN5 SLC7A5,
GTGCAGCTCCCGAACG-1,0,Endo CLDN5 SLC7A5,0.3551099380274354,Endo CLDN5 SLC7A5,
GTGCGTGAGGATTTAG-1,0,Oligo MOG OPALIN,0.8462612816626588,Endo CLDN5 SLC7A5,
GTGCGTGTCAGAGTGG-1,0,Endo CLDN5 SLC7A5,0.8966376325912159,Endo CLDN5 SLC7A5,
GTGCGTGTCTGTCCCA-1,0,Endo CLDN5 SLC7A5,0.7201825200026604,Endo CLDN5 SLC7A5,
GTGCTGGTCGATACTG-1,0,Endo CLDN5 SLC7A5,0.5418620960468824,Endo CLDN5 SLC7A5,
GTGCTTCAGCGAGAAA-1,0,Endo CLDN5 SLC7A5,0.9245166313045745,Endo CLDN5 SLC7A5,
GTGCTTCGTTGTCAGT-1,1,Endo CLDN5 SLC7A5,0.9682387683820469,Endo CLDN5 SLC7A5,
GTGCTTCTCTTACTGT-1,0,Endo CLDN5 SLC7A5,0.5988135310832565,Endo CLDN5 SLC7A5,
GTGGAAGCACAAGCAG-1,1,Endo CLDN5 SLC7A5,0.9984990788678396,Endo CLDN5 SLC7A5,
GTGGAAGCATGATCTG-1,0,Endo CLDN5 SLC7A5,0.6715939797702284,Endo CLDN5 SLC7A5,
GTGGCGTGTGTTCATG-1,0,Endo CLDN5 SLC7A5,0.4359730567919515,Endo CLDN5 SLC7A5,
GTGGGAAGTACGCTAT-1,1,Endo CLDN5 SLC7A5,0.9967636650554863,Endo CLDN5 SLC7A5,
GTGGTTAAGCCAAGGT-1,0,L2-3 CUX2 NTNG1 PALMD,0.6114428912494111,Endo CLDN5 SLC7A5,
GTGGTTAGTCCAACGC-1,1,Endo CLDN5 SLC7A5,0.9981286694617131,Endo CLDN5 SLC7A5,
GTGGTTAGTGTGTGTT-1,0,Endo CLDN5 SLC7A5,0.73395118685139,Endo CLDN5 SLC7A5,
GTGGTTAGTTTGACAC-1,0,Oligo MOG OPALIN,0.9183620227618564,Endo CLDN5 SLC7A5,
GTGGTTATCACGTCCT-1,1,Endo CLDN5 SLC7A5,0.9128255720010836,Endo CLDN5 SLC7A5,
GTGGTTATCGCTAAAC-1,0,Endo CLDN5 SLC7A5,0.7218343325047372,Endo CLDN5 SLC7A5,
GTGTAACCAAGGTCTT-1,0,Oligo MOG OPALIN,0.9255896541774147,Endo CLDN5 SLC7A5,
GTGTAACCACGGCCAT-1,0,Oligo MOG OPALIN,0.7843422761404913,Endo CLDN5 SLC7A5,
GTGTAACTCGGACTGC-1,1,Endo CLDN5 SLC7A5,0.6793553752686297,Endo CLDN5 SLC7A5,
GTGTCCTAGGTACAGC-1,0,Oligo MOG OPALIN,0.5596151544262242,Endo CLDN5 SLC7A5,
GTGTCCTGTTGTTGAC-1,0,Micro P2RY12 APBB1IP,0.3036065923544804,Endo CLDN5 SLC7A5,
GTGTCCTTCCGAGTGC-1,0,Endo CLDN5 SLC7A5,0.31206272382185385,Endo CLDN5 SLC7A5,
GTGTGATAGCACCAGA-1,0,Oligo MOG OPALIN,0.9553803864844038,Endo CLDN5 SLC7A5,
GTGTGATAGTCTGTAC-1,0,Endo CLDN5 SLC7A5,0.3380440540544002,Endo CLDN5 SLC7A5,
GTGTGGCGTCTAGTGT-1,0,Oligo MOG OPALIN,0.8465409242382987,Endo CLDN5 SLC7A5,
GTGTGGCTCCTAGCTC-1,0,Oligo MOG OPALIN,0.8866617543025732,Endo CLDN5 SLC7A5,
GTGTGGCTCGAGAACG-1,0,Endo CLDN5 SLC7A5,0.9627809608041231,Endo CLDN5 SLC7A5,
GTGTTAGAGCTGAGTG-1,0,Endo CLDN5 SLC7A5,0.7124658649196224,Endo CLDN5 SLC7A5,
GTGTTAGAGCTGGTGA-1,8,InN SST STK32A,0.9204956714163333,InN VIP HS3ST3B1,
GTGTTAGCAACCGGAA-1,0,Endo CLDN5 SLC7A5,0.7757923850790498,Endo CLDN5 SLC7A5,
GTGTTAGTCCTTACCG-1,0,Oligo MOG OPALIN,0.7292901501889104,Endo CLDN5 SLC7A5,
GTGTTCCAGAAGTCAT-1,4,Endo CLDN5 SLC7A5,0.5627717647221577,Endo CLDN5 SLC7A5,
GTTACAGAGCACTCTA-1,0,Endo CLDN5 SLC7A5,0.4919477943721638,Endo CLDN5 SLC7A5,
GTTACAGCACTGTGAT-1,0,L2-3 CUX2 NTNG1 PALMD,0.9653651272180932,Endo CLDN5 SLC7A5,
GTTACAGGTATGGAGC-1,7,OPC PDGFRA PCDH15,0.9999999999988365,OPC PDGFRA PCDH15,
GTTACAGTCGATTGAC-1,7,OPC PDGFRA PCDH15,0.9999999998786728,OPC PDGFRA PCDH15,
GTTACAGTCTACGCGG-1,0,Endo CLDN5 SLC7A5,0.6979034835572234,Endo CLDN5 SLC7A5,
GTTACCCAGTCACAGG-1,0,Endo CLDN5 SLC7A5,0.473200888546333,Endo CLDN5 SLC7A5,
GTTACCCCACCAGCGT-1,0,T SKAP1 CD247,0.9999540025554611,Endo CLDN5 SLC7A5,
GTTACCCCACGCAGTC-1,0,Oligo MOG OPALIN,0.8096888406266792,Endo CLDN5 SLC7A5,
GTTACCCCAGTGGCTC-1,0,Endo CLDN5 SLC7A5,0.3504101102638565,Endo CLDN5 SLC7A5,
GTTACCCCATACCATG-1,0,Endo CLDN5 SLC7A5,0.5573583675207315,Endo CLDN5 SLC7A5,
GTTACGAAGCAGTAAT-1,3,L2-3 CUX2 ACVR1C THSD7A,0.9895473032018224,L2-3 CUX2 ACVR1C THSD7A,
GTTACGAAGGCGAACT-1,0,Endo CLDN5 SLC7A5,0.949684678972335,Endo CLDN5 SLC7A5,
GTTACGACAACAGAGC-1,0,Endo CLDN5 SLC7A5,0.33043231102588894,Endo CLDN5 SLC7A5,
GTTACGACACACAGCC-1,0,Oligo MOG OPALIN,0.9786404411532569,Endo CLDN5 SLC7A5,
GTTAGACCACACACGC-1,1,Endo CLDN5 SLC7A5,0.3865537668243261,Endo CLDN5 SLC7A5,
GTTAGACGTCATAAAG-1,7,OPC PDGFRA PCDH15,0.9999999421164472,OPC PDGFRA PCDH15,
GTTAGACTCTTCTCAA-1,0,L2-3 CUX2 NTNG1 PALMD,0.4645357283193637,Endo CLDN5 SLC7A5,
GTTAGTGAGGATGCGT-1,0,L2-3 CUX2 NTNG1 PALMD,0.6880503761877292,Endo CLDN5 SLC7A5,
GTTAGTGCAATTTCTC-1,0,Endo CLDN5 SLC7A5,0.846653423444803,Endo CLDN5 SLC7A5,
GTTAGTGGTTCTCCAC-1,0,Oligo MOG OPALIN,0.4212884126637555,Endo CLDN5 SLC7A5,
GTTAGTGTCTGCTGAA-1,0,Endo CLDN5 SLC7A5,0.6088133776313341,Endo CLDN5 SLC7A5,
GTTATGGAGGCATCAG-1,4,PC P2RY14 GRM8,0.9999530590847513,Endo CLDN5 SLC7A5,
GTTATGGAGGGTGGGA-1,0,Endo CLDN5 SLC7A5,0.8633091000855841,Endo CLDN5 SLC7A5,
GTTATGGCATCTTCGC-1,0,Endo CLDN5 SLC7A5,0.9704710699814162,Endo CLDN5 SLC7A5,
GTTATGGGTCCAAGAG-1,2,Oligo MOG OPALIN,0.9999913215176762,Oligo MOG OPALIN,
GTTATGGGTGCAGATG-1,0,Endo CLDN5 SLC7A5,0.3920518813598788,Endo CLDN5 SLC7A5,
GTTATGGTCGCTGTTC-1,1,Endo CLDN5 SLC7A5,0.6683943591113259,Endo CLDN5 SLC7A5,
GTTCATTAGGCACAAC-1,0,Endo CLDN5 SLC7A5,0.8199738993919679,Endo CLDN5 SLC7A5,
GTTCATTTCCGTGGGT-1,0,L6 FEZF2 SYT6 CDH9,0.36253270325477155,Endo CLDN5 SLC7A5,
GTTCATTTCTATCACT-1,1,Endo CLDN5 SLC7A5,0.8486477119046886,Endo CLDN5 SLC7A5,
GTTCCGTCACACGGTC-1,0,Endo CLDN5 IL1R1,0.3820227234317296,Endo CLDN5 SLC7A5,
GTTCCGTGTCTTGCGG-1,0,Endo CLDN5 SLC7A5,0.31407700904746894,Endo CLDN5 SLC7A5,
GTTCCGTGTGCAATAA-1,0,Endo CLDN5 SLC7A5,0.5609392347273751,Endo CLDN5 SLC7A5,
GTTCGCTCACTCTAGA-1,0,Oligo MOG OPALIN,0.6292426409556131,Endo CLDN5 SLC7A5,
GTTCGCTGTAGCGATG-1,0,Endo CLDN5 SLC7A5,0.5144996657312766,Endo CLDN5 SLC7A5,
GTTCGCTTCCCTTGGT-1,0,Endo CLDN5 SLC7A5,0.32837933370064004,Endo CLDN5 SLC7A5,
GTTCTATCACAGTCGC-1,1,Endo CLDN5 SLC7A5,0.9993892930728139,Endo CLDN5 SLC7A5,
GTTCTATTCTGGTTGA-1,0,T SKAP1 CD247,0.9999999541194405,Endo CLDN5 SLC7A5,
GTTGCGGAGCAGTAAT-1,0,Oligo MOG OPALIN,0.5212421920361058,Endo CLDN5 SLC7A5,
GTTGCGGCATGTGGTT-1,0,Endo CLDN5 SLC7A5,0.8906072194816872,Endo CLDN5 SLC7A5,
GTTGCGGGTCATACCA-1,1,Endo CLDN5 SLC7A5,0.5038731355441225,Endo CLDN5 SLC7A5,
GTTGCGGTCAGGAAAT-1,6,Macro F13A1 COLEC12,0.710469938183125,Micro P2RY12 APBB1IP,
GTTGCGGTCATTCTTG-1,0,Oligo MOG OPALIN,0.49787330277229525,Endo CLDN5 SLC7A5,
GTTGCGGTCCAATCCC-1,1,Endo CLDN5 SLC7A5,0.9829302515468397,Endo CLDN5 SLC7A5,
GTTGCTCCATCAGTGT-1,0,Endo CLDN5 SLC7A5,0.7264015390063714,Endo CLDN5 SLC7A5,
GTTGCTCGTACTCCCT-1,1,Endo CLDN5 SLC7A5,0.5913429470248549,Endo CLDN5 SLC7A5,
GTTGCTCTCCTCGATC-1,1,Endo CLDN5 SLC7A5,0.9203569178669277,Endo CLDN5 SLC7A5,
GTTGTAGCACTTCCTG-1,0,Endo CLDN5 SLC7A5,0.3838593684106615,Endo CLDN5 SLC7A5,
GTTGTAGGTAAGATTG-1,0,Endo CLDN5 SLC7A5,0.9614971063445574,Endo CLDN5 SLC7A5,
GTTGTAGGTACCCGAC-1,4,VLMC COL1A2 SLC13A3,0.666746677558025,Endo CLDN5 SLC7A5,
GTTGTAGTCGATGCTA-1,0,Endo CLDN5 SLC7A5,0.914583777614477,Endo CLDN5 SLC7A5,
GTTGTCCAGCGTGCCT-1,0,Endo CLDN5 SLC7A5,0.691337710833654,Endo CLDN5 SLC7A5,
GTTGTCCGTTGGATCT-1,2,Endo CLDN5 SLC7A5,0.8772803110937919,Oligo MOG OPALIN,
GTTGTGAAGAGCAGTC-1,0,Endo CLDN5 SLC7A5,0.3288115787485836,Endo CLDN5 SLC7A5,
GTTGTGAAGGTTCCAT-1,0,Endo CLDN5 SLC7A5,0.9719098908856034,Endo CLDN5 SLC7A5,
GTTGTGAGTGACTATC-1,0,Endo CLDN5 SLC7A5,0.3066680165246841,Endo CLDN5 SLC7A5,
GTTGTGATCCCGGTAG-1,0,Oligo MOG OPALIN,0.9495811579839778,Endo CLDN5 SLC7A5,
GTTTACTCAACAGATA-1,0,Oligo MOG OPALIN,0.5632208329177649,Endo CLDN5 SLC7A5,
GTTTACTCACTCCCTA-1,0,Endo CLDN5 SLC7A5,0.9296933492386694,Endo CLDN5 SLC7A5,
GTTTACTTCAGCCCAG-1,7,OPC PDGFRA PCDH15,0.9999999999999793,OPC PDGFRA PCDH15,
GTTTGGACAGCGTACC-1,7,OPC PDGFRA PCDH15,0.9969411509092321,OPC PDGFRA PCDH15,
GTTTGGACATATGAAG-1,0,Endo CLDN5 SLC7A5,0.9791267052876877,Endo CLDN5 SLC7A5,
GTTTGGAGTGCGTGCT-1,0,Endo CLDN5 SLC7A5,0.7233093727896034,Endo CLDN5 SLC7A5,
TAACACGAGCCGATCC-1,0,Endo CLDN5 SLC7A5,0.9810039457614664,Endo CLDN5 SLC7A5,
TAACACGAGCGATCGA-1,1,Endo CLDN5 SLC7A5,0.9921197937219286,Endo CLDN5 SLC7A5,
TAACACGAGTCCCTAA-1,0,Endo CLDN5 SLC7A5,0.3091742227355607,Endo CLDN5 SLC7A5,
TAACACGGTCAGATTC-1,0,Endo CLDN5 SLC7A5,0.9109631946270418,Endo CLDN5 SLC7A5,
TAACCAGAGCAATAAC-1,1,Endo CLDN5 SLC7A5,0.9996054448572133,Endo CLDN5 SLC7A5,
TAACCAGCAATGCTCA-1,0,Oligo MOG OPALIN,0.9991791865803374,Endo CLDN5 SLC7A5,
TAACCAGCACAACATC-1,1,Endo CLDN5 SLC7A5,0.7408695975432511,Endo CLDN5 SLC7A5,
TAACCAGGTCTCACGG-1,5,Astro AQP4 SLC1A2,0.9998817975177022,Astro AQP4 SLC1A2,
TAACCAGTCGTAGGGA-1,0,Endo CLDN5 SLC7A5,0.8395533579862196,Endo CLDN5 SLC7A5,
TAACGACAGCACTCAT-1,0,Oligo MOG OPALIN,0.5917160355014622,Endo CLDN5 SLC7A5,
TAACGACAGGAGAATG-1,0,Oligo MOG OPALIN,0.7079906875492459,Endo CLDN5 SLC7A5,
TAACGACTCGTCAGAT-1,0,Oligo MOG OPALIN,0.7531866686220772,Endo CLDN5 SLC7A5,
TAACTTCCATTAAAGG-1,0,Endo CLDN5 SLC7A5,0.9960783430313567,Endo CLDN5 SLC7A5,
TAACTTCGTGATTCAC-1,1,Endo CLDN5 SLC7A5,0.4273718323744413,Endo CLDN5 SLC7A5,
TAACTTCTCTGGACTA-1,5,Astro GFAP AQP1,0.9800115329605519,Astro AQP4 SLC1A2,
TAACTTCTCTTGGAAC-1,1,Endo CLDN5 SLC7A5,0.996864600568998,Endo CLDN5 SLC7A5,
TAAGCACAGCGTGAGT-1,0,Oligo MOG OPALIN,0.9913175697383602,Endo CLDN5 SLC7A5,
TAAGCACAGGTGATAT-1,0,Endo CLDN5 SLC7A5,0.9971506709783627,Endo CLDN5 SLC7A5,
TAAGCACGTATCAGGG-1,0,Endo CLDN5 SLC7A5,0.9848605688239651,Endo CLDN5 SLC7A5,
TAAGCACTCGGCTTGG-1,0,Oligo MOG OPALIN,0.9881809810981632,Endo CLDN5 SLC7A5,
TAAGCCACACGAAGAC-1,0,Oligo MOG OPALIN,0.9643859330370765,Endo CLDN5 SLC7A5,
TAAGCCATCACGGACC-1,0,Endo CLDN5 SLC7A5,0.5255833374973926,Endo CLDN5 SLC7A5,
TAAGCGTGTACTGCCG-1,0,Endo CLDN5 SLC7A5,0.40793965374076774,Endo CLDN5 SLC7A5,
TAAGCGTTCGTGGTAT-1,0,L2-3 CUX2 NTNG1 PALMD,0.447064969728719,Endo CLDN5 SLC7A5,
TAAGTCGAGCCGATAG-1,1,Endo CLDN5 SLC7A5,0.5584242634363011,Endo CLDN5 SLC7A5,
TAAGTCGCATCCGAGC-1,0,Endo CLDN5 SLC7A5,0.9057553079951095,Endo CLDN5 SLC7A5,
TAAGTCGTCCGGTTCT-1,0,Endo CLDN5 SLC7A5,0.3999761579349723,Endo CLDN5 SLC7A5,
TAATCTCGTCTATGAC-1,0,Oligo MOG OPALIN,0.8109861472400038,Endo CLDN5 SLC7A5,
TAATCTCGTGGGTATG-1,0,Endo CLDN5 SLC7A5,0.39271883582682693,Endo CLDN5 SLC7A5,
TAATTCCAGGAGGCAG-1,0,Endo CLDN5 SLC7A5,0.9621641525269736,Endo CLDN5 SLC7A5,
TAATTCCCAACTAGAA-1,1,Endo CLDN5 SLC7A5,0.9849953426494735,Endo CLDN5 SLC7A5,
TACAACGAGGCGTCCT-1,1,Endo CLDN5 SLC7A5,0.9989039170129569,Endo CLDN5 SLC7A5,
TACAACGGTACTGCGC-1,1,Oligo MOG OPALIN,0.8924264298565252,Endo CLDN5 SLC7A5,
TACAACGGTCAGCGTC-1,0,Oligo MOG OPALIN,0.9970671617555114,Endo CLDN5 SLC7A5,
TACACCCAGACGGATC-1,0,Endo CLDN5 SLC7A5,0.856149981320991,Endo CLDN5 SLC7A5,
TACACCCAGGCGAAGG-1,4,Endo CLDN5 SLC7A5,0.35832454983224604,Endo CLDN5 SLC7A5,
TACACCCTCCTGTAAG-1,0,Oligo MOG OPALIN,0.6235982388383524,Endo CLDN5 SLC7A5,
TACAGGTAGGATACAT-1,0,Endo CLDN5 SLC7A5,0.6723614458476272,Endo CLDN5 SLC7A5,
TACAGGTGTCTACGAT-1,1,Endo CLDN5 SLC7A5,0.8428361655589169,Endo CLDN5 SLC7A5,
TACAGGTGTTAACAGA-1,0,Endo CLDN5 SLC7A5,0.5880473132864712,Endo CLDN5 SLC7A5,
TACAGGTTCAGAGTTC-1,0,Endo CLDN5 SLC7A5,0.9571967200925039,Endo CLDN5 SLC7A5,
TACAGGTTCTGTGCTC-1,0,Endo CLDN5 SLC7A5,0.3618048012333312,Endo CLDN5 SLC7A5,
TACATTCTCGAAACAA-1,1,Endo CLDN5 SLC7A5,0.9026789859763598,Endo CLDN5 SLC7A5,
TACATTCTCGTGTGGC-1,0,Endo CLDN5 SLC7A5,0.3851583399089205,Endo CLDN5 SLC7A5,
TACCCACAGGCGTTAG-1,0,Endo CLDN5 SLC7A5,0.39619702827492365,Endo CLDN5 SLC7A5,
TACCCACTCAAAGCCT-1,0,Endo CLDN5 SLC7A5,0.959053130512917,Endo CLDN5 SLC7A5,
TACCCACTCACGGGCT-1,0,Endo CLDN5 SLC7A5,0.9403111348537901,Endo CLDN5 SLC7A5,
TACCCGTCAGGACATG-1,1,Endo CLDN5 SLC7A5,0.9949480848192906,Endo CLDN5 SLC7A5,
TACCCGTGTCGAACGA-1,0,L2-3 CUX2 NTNG1 PALMD,0.31544241205430834,Endo CLDN5 SLC7A5,
TACCCGTGTGGAGAAA-1,0,Oligo MOG OPALIN,0.9884348998930907,Endo CLDN5 SLC7A5,
TACCGAAAGCGTTCAT-1,0,Endo CLDN5 SLC7A5,0.8030161964643049,Endo CLDN5 SLC7A5,
TACCGAAAGTTAACGA-1,0,Endo CLDN5 SLC7A5,0.9272880581334068,Endo CLDN5 SLC7A5,
TACCGAAGTGTTCCAA-1,3,L3-5 RORB MKX DCC,0.9933457594015767,L2-3 CUX2 ACVR1C THSD7A,
TACCGAATCGACATTG-1,5,Astro AQP4 SLC1A2,0.9934503299445342,Astro AQP4 SLC1A2,
TACCGGGCAAGGGCAT-1,0,Oligo MOG OPALIN,0.968599336891292,Endo CLDN5 SLC7A5,
TACCGGGCATGAAGCG-1,0,Endo CLDN5 SLC7A5,0.9625940043476027,Endo CLDN5 SLC7A5,
TACCGGGTCCACAAGT-1,0,InN VIP ADAM12,0.8144657864652025,Endo CLDN5 SLC7A5,
TACCTCGGTGTCCTAA-1,0,Endo CLDN5 SLC7A5,0.5411364325714534,Endo CLDN5 SLC7A5,
TACCTCGGTGTTAGCT-1,0,Oligo MOG OPALIN,0.9876857692127137,Endo CLDN5 SLC7A5,
TACCTCGTCGAGGCAA-1,1,Endo CLDN5 SLC7A5,0.9721570274477405,Endo CLDN5 SLC7A5,
TACCTCGTCTGGACTA-1,0,Endo CLDN5 SLC7A5,0.7053506749066221,Endo CLDN5 SLC7A5,
TACCTGCAGGAGGGTG-1,0,Endo CLDN5 SLC7A5,0.7597365237587479,Endo CLDN5 SLC7A5,
TACCTGCTCAGCTAGT-1,0,Endo CLDN5 SLC7A5,0.9694456801977082,Endo CLDN5 SLC7A5,
TACGCTCAGTAGGATT-1,6,Endo CLDN5 SLC7A5,0.8029880122722279,Micro P2RY12 APBB1IP,
TACGCTCAGTGTGTTC-1,0,Oligo MOG OPALIN,0.5704592531980333,Endo CLDN5 SLC7A5,
TACGCTCGTATACCTG-1,2,Oligo MOG OPALIN,0.9988687585992494,Oligo MOG OPALIN,
TACGCTCGTCACCGAC-1,0,Endo CLDN5 SLC7A5,0.8089868626532224,Endo CLDN5 SLC7A5,
TACGGGCAGACGGTTG-1,0,Endo CLDN5 SLC7A5,0.7040251648528786,Endo CLDN5 SLC7A5,
TACGGGCCACCGCTAG-1,0,Endo CLDN5 SLC7A5,0.8287142969708078,Endo CLDN5 SLC7A5,
TACGGGCGTGCATGTT-1,0,Endo CLDN5 SLC7A5,0.8255829965915373,Endo CLDN5 SLC7A5,
TACGGGCTCAAGTGTC-1,0,Endo CLDN5 SLC7A5,0.8789886275322586,Endo CLDN5 SLC7A5,
TACGGTAAGATGAACT-1,0,InN PVALB HPSE,0.3034483381485523,Endo CLDN5 SLC7A5,
TACGGTACATAACCCA-1,1,Endo CLDN5 SLC7A5,0.9146191635193959,Endo CLDN5 SLC7A5,
TACGGTAGTATGTCTG-1,0,Oligo MOG OPALIN,0.4139085185117253,Endo CLDN5 SLC7A5,
TACGGTAGTCGACGCT-1,0,Endo CLDN5 SLC7A5,0.8905112685964713,Endo CLDN5 SLC7A5,
TACGTCCAGAACCCGA-1,0,Oligo MOG OPALIN,0.9289212917841936,Endo CLDN5 SLC7A5,
TACGTCCGTATGAGCG-1,0,Endo CLDN5 SLC7A5,0.7874133887661575,Endo CLDN5 SLC7A5,
TACGTCCGTGGACCTC-1,0,Oligo MOG OPALIN,0.4210427154910273,Endo CLDN5 SLC7A5,
TACTGCCAGCGTGCCT-1,0,Endo CLDN5 SLC7A5,0.5705758867463714,Endo CLDN5 SLC7A5,
TACTGCCCAGATGCGA-1,0,Oligo MOG OPALIN,0.30676981673299863,Endo CLDN5 SLC7A5,
TACTGCCGTGTCCGGT-1,1,Endo CLDN5 SLC7A5,0.7155102331727309,Endo CLDN5 SLC7A5,
TACTTACAGAATCTAG-1,0,L2-3 CUX2 NTNG1 PALMD,0.34562340709197015,Endo CLDN5 SLC7A5,
TACTTACAGAGCTGAC-1,0,Endo CLDN5 SLC7A5,0.6910967107700576,Endo CLDN5 SLC7A5,
TACTTACAGGAACATT-1,3,L3-5 RORB MKX GALR1,0.8064311319914877,L2-3 CUX2 ACVR1C THSD7A,
TACTTACAGGTTCTTG-1,5,Astro AQP4 SLC1A2,0.9946583856382137,Astro AQP4 SLC1A2,
TACTTACCATGCTGCG-1,0,Endo CLDN5 SLC7A5,0.6030413389819456,Endo CLDN5 SLC7A5,
TACTTACCATGGAAGC-1,0,Endo CLDN5 SLC7A5,0.8939920010858209,Endo CLDN5 SLC7A5,
TACTTACGTCTTGTCC-1,0,Endo CLDN5 SLC7A5,0.5648318651860872,Endo CLDN5 SLC7A5,
TACTTACGTTGTATGC-1,0,Endo CLDN5 SLC7A5,0.3173423475888009,Endo CLDN5 SLC7A5,
TACTTACTCCCGAGAC-1,0,Oligo MOG OPALIN,0.8620781776657295,Endo CLDN5 SLC7A5,
TACTTCAAGACCTCCG-1,0,Endo CLDN5 SLC7A5,0.8036759312685013,Endo CLDN5 SLC7A5,
TACTTGTCATCGTTCC-1,0,Oligo MOG OPALIN,0.9420080481275978,Endo CLDN5 SLC7A5,
TACTTGTTCGTAGTGT-1,0,Endo CLDN5 SLC7A5,0.6560787019581442,Endo CLDN5 SLC7A5,
TAGACCAAGCACTCAT-1,0,Endo CLDN5 SLC7A5,0.9605595330922764,Endo CLDN5 SLC7A5,
TAGACCAAGCTACTAC-1,7,OPC PDGFRA PCDH15,0.9999999999999967,OPC PDGFRA PCDH15,
TAGACCACACCTCAGG-1,1,Endo CLDN5 SLC7A5,0.9993940978130854,Endo CLDN5 SLC7A5,
TAGACCACACTTTAGG-1,0,Endo CLDN5 SLC7A5,0.5575473644613255,Endo CLDN5 SLC7A5,
TAGACCAGTATCCCAA-1,0,Oligo MOG OPALIN,0.9158506948342675,Endo CLDN5 SLC7A5,
TAGACCATCGAAGCAG-1,0,Astro AQP4 SLC1A2,0.9359354706387206,Endo CLDN5 SLC7A5,
TAGACCATCTTAATCC-1,0,L2-3 CUX2 NTNG1 COL5A2,0.4994234423317462,Endo CLDN5 SLC7A5,
TAGACTGAGCATCAAA-1,0,Endo CLDN5 SLC7A5,0.6775110461837374,Endo CLDN5 SLC7A5,
TAGACTGAGGCTGAAC-1,0,Endo CLDN5 SLC7A5,0.41984974174145084,Endo CLDN5 SLC7A5,
TAGACTGCATACTGAC-1,2,Oligo MOG OPALIN,0.9140058083325665,Oligo MOG OPALIN,
TAGAGTCAGCCAGACA-1,1,Endo CLDN5 SLC7A5,0.9967611180505249,Endo CLDN5 SLC7A5,
TAGATCGAGACCTGGA-1,0,Endo CLDN5 SLC7A5,0.5345259120245269,Endo CLDN5 SLC7A5,
TAGATCGAGCAACAAT-1,0,Endo CLDN5 SLC7A5,0.483229376023367,Endo CLDN5 SLC7A5,
TAGATCGAGGCGAACT-1,0,Endo CLDN5 SLC7A5,0.982454111673124,Endo CLDN5 SLC7A5,
TAGATCGCAAATGATG-1,6,Micro P2RY12 APBB1IP,0.8841127976566895,Micro P2RY12 APBB1IP,
TAGCACAGTCAATCTG-1,0,Endo CLDN5 SLC7A5,0.386090047710115,Endo CLDN5 SLC7A5,
TAGGAGGTCATTCGTT-1,2,Oligo MOG OPALIN,0.9857421381453146,Oligo MOG OPALIN,
TAGGAGGTCCCATTCG-1,0,Endo CLDN5 SLC7A5,0.827935321690008,Endo CLDN5 SLC7A5,
TAGGAGGTCCCGAAAT-1,0,Endo CLDN5 SLC7A5,0.4563953865305186,Endo CLDN5 SLC7A5,
TAGGGTTAGCGGGTTA-1,4,Endo CLDN5 SLC7A5,0.5769621753009372,Endo CLDN5 SLC7A5,
TAGGGTTAGCGGTATG-1,0,Endo CLDN5 SLC7A5,0.9767944388849901,Endo CLDN5 SLC7A5,
TAGGGTTCAGGTCTCG-1,0,Endo CLDN5 SLC7A5,0.7521948594597587,Endo CLDN5 SLC7A5,
TAGGGTTGTCTAACGT-1,3,L2-3 CUX2 ACVR1C THSD7A,0.8401050144907288,L2-3 CUX2 ACVR1C THSD7A,
TAGGTACCACGTAACT-1,0,Endo CLDN5 SLC7A5,0.8136186303171077,Endo CLDN5 SLC7A5,
TAGGTACTCGGTAAGG-1,5,Astro AQP4 SLC1A2,0.7837078967104129,Astro AQP4 SLC1A2,
TAGGTACTCTAAGAAG-1,8,InN VIP HS3ST3B1,0.6620054291833194,InN VIP HS3ST3B1,
TAGGTTGTCCGCCTAT-1,1,Endo CLDN5 SLC7A5,0.536903776647302,Endo CLDN5 SLC7A5,
TAGGTTGTCCGTAGTA-1,1,Endo CLDN5 SLC7A5,0.9992395673206936,Endo CLDN5 SLC7A5,
TAGTGCAAGCAACAAT-1,0,Endo CLDN5 SLC7A5,0.9254994718636887,Endo CLDN5 SLC7A5,
TAGTGCAAGCTTAAGA-1,0,Oligo MOG OPALIN,0.6912372881844205,Endo CLDN5 SLC7A5,
TAGTGCACACCCATAA-1,1,Endo CLDN5 SLC7A5,0.41645213729561814,Endo CLDN5 SLC7A5,
TAGTGCACACTCTAGA-1,0,Endo CLDN5 SLC7A5,0.9637622718532011,Endo CLDN5 SLC7A5,
TAGTGCAGTGAGTGAC-1,2,Oligo MOG OPALIN,0.9874685296535665,Oligo MOG OPALIN,
TAGTGCATCGGTCAGC-1,0,Endo CLDN5 SLC7A5,0.36749393052015533,Endo CLDN5 SLC7A5,
TATACCTCACGACTAT-1,0,Endo CLDN5 SLC7A5,0.9893823502474859,Endo CLDN5 SLC7A5,
TATACCTCATGGGTTT-1,0,L2-3 CUX2 NTNG1 PALMD,0.6628154262951119,Endo CLDN5 SLC7A5,
TATACCTGTACAAGCG-1,3,L2-3 CUX2 NTNG1 PALMD,0.5558066162206085,L2-3 CUX2 ACVR1C THSD7A,
TATATCCCAATTAGGA-1,0,Oligo MOG FRY,0.513311370118381,Endo CLDN5 SLC7A5,
TATATCCTCGGAAGGT-1,0,Oligo MOG OPALIN,0.5311553225629525,Endo CLDN5 SLC7A5,
TATATCCTCTTTGCAT-1,2,Oligo MOG OPALIN,0.9999793031992543,Oligo MOG OPALIN,
TATCAGGCAGCGACCT-1,0,Endo CLDN5 SLC7A5,0.6287147121742472,Endo CLDN5 SLC7A5,
TATCAGGGTGGTTTGT-1,0,Endo CLDN5 SLC7A5,0.9644595510655495,Endo CLDN5 SLC7A5,
TATCCTAGTAAGACCG-1,2,Oligo MOG OPALIN,0.9996535968441609,Oligo MOG OPALIN,
TATCCTAGTCATAACC-1,3,L6 FEZF2 AMOTL1 CDH6,0.9873574886366525,L2-3 CUX2 ACVR1C THSD7A,
TATCGCCCAACTTCTT-1,0,Oligo MOG OPALIN,0.922845978694505,Endo CLDN5 SLC7A5,
TATCGCCGTTACACAC-1,0,Endo CLDN5 SLC7A5,0.6474062739254023,Endo CLDN5 SLC7A5,
TATCTGTGTGATATAG-1,0,L2-4 CUX2 RORB CLMN,0.31169169896923415,Endo CLDN5 SLC7A5,
TATCTTGAGTATTCCG-1,0,Oligo MOG OPALIN,0.8785555795651739,Endo CLDN5 SLC7A5,
TATCTTGAGTTGCATC-1,0,Endo CLDN5 SLC7A5,0.36609755989096315,Endo CLDN5 SLC7A5,
TATGTTCCAAGAAATC-1,0,Endo CLDN5 SLC7A5,0.4991968598174444,Endo CLDN5 SLC7A5,
TATGTTCCATTCTCTA-1,0,Endo CLDN5 SLC7A5,0.8083337831460957,Endo CLDN5 SLC7A5,
TATGTTCGTCGCAGTC-1,1,Endo CLDN5 SLC7A5,0.9489477432697337,Endo CLDN5 SLC7A5,
TATTCCAGTCAGTCCG-1,0,Endo CLDN5 SLC7A5,0.7772225137669846,Endo CLDN5 SLC7A5,
TATTCCATCGCTGACG-1,0,Endo CLDN5 SLC7A5,0.4491024634762761,Endo CLDN5 SLC7A5,
TATTGCTAGCGTCTGC-1,0,Endo CLDN5 SLC7A5,0.34087470622695326,Endo CLDN5 SLC7A5,
TATTGCTAGTGCACCC-1,0,Endo CLDN5 SLC7A5,0.4802622515318911,Endo CLDN5 SLC7A5,
TATTGCTGTTCCATTT-1,2,Oligo MOG OPALIN,0.9990584244540073,Oligo MOG OPALIN,
TATTTCGAGTTCACTG-1,0,Endo CLDN5 SLC7A5,0.47917667014100274,Endo CLDN5 SLC7A5,
TATTTCGCACTGGCCA-1,0,Endo CLDN5 SLC7A5,0.9535348699353647,Endo CLDN5 SLC7A5,
TCAAGACAGTCACTGT-1,0,Oligo MOG OPALIN,0.5670290753182393,Endo CLDN5 SLC7A5,
TCAAGACGTATTCTCT-1,0,Endo CLDN5 SLC7A5,0.3026403801625001,Endo CLDN5 SLC7A5,
TCAAGACTCCGATCTC-1,0,Endo CLDN5 SLC7A5,0.3635644337936844,Endo CLDN5 SLC7A5,
TCAAGCAGTCACTACA-1,2,Oligo MOG OPALIN,0.9882740158509932,Oligo MOG OPALIN,
TCAAGCAGTCGCACGT-1,0,Endo CLDN5 SLC7A5,0.6137272396390778,Endo CLDN5 SLC7A5,
TCAAGCAGTGCCCGTA-1,4,L3-5 RORB GABRG1 PTPRO,0.36066159377884816,Endo CLDN5 SLC7A5,
TCAAGCAGTTGCGTAT-1,0,Oligo MOG OPALIN,0.3760451943840641,Endo CLDN5 SLC7A5,
TCAAGCATCACCTACC-1,4,Endo CLDN5 SLC7A5,0.4133796031493315,Endo CLDN5 SLC7A5,
TCAAGCATCAGCGTCG-1,0,Endo CLDN5 SLC7A5,0.5509601658198886,Endo CLDN5 SLC7A5,
TCAAGTGAGGCTTTCA-1,1,Endo CLDN5 SLC7A5,0.9759885337087437,Endo CLDN5 SLC7A5,
TCAAGTGGTCGAGTTT-1,0,Endo CLDN5 SLC7A5,0.3557510165288748,Endo CLDN5 SLC7A5,
TCAAGTGTCACTGGTA-1,0,Endo CLDN5 SLC7A5,0.8951324235096367,Endo CLDN5 SLC7A5,
TCAAGTGTCGCTACAA-1,0,Endo CLDN5 SLC7A5,0.7679853890453937,Endo CLDN5 SLC7A5,
TCAAGTGTCGCTGTTC-1,0,Endo CLDN5 SLC7A5,0.4428287287818347,Endo CLDN5 SLC7A5,
TCAATCTAGTTGGCTT-1,0,L3-5 RORB MKX DCC,0.4264363793955775,Endo CLDN5 SLC7A5,
TCAATCTCAAGTGGCA-1,3,L3-5 RORB GABRG1 KCNH7,0.7656440754953204,L2-3 CUX2 ACVR1C THSD7A,
TCAATCTCACGCGTGT-1,0,Endo CLDN5 SLC7A5,0.921636196220422,Endo CLDN5 SLC7A5,
TCAATCTCATAAGCAA-1,0,Oligo MOG OPALIN,0.966291506984017,Endo CLDN5 SLC7A5,
TCAATTCTCCAAGAGG-1,0,Endo CLDN5 SLC7A5,0.6479771098574818,Endo CLDN5 SLC7A5,
TCACAAGCAACCACAT-1,4,Endo CLDN5 SLC7A5,0.7984801279197759,Endo CLDN5 SLC7A5,
TCACAAGCATCGAGCC-1,1,Endo CLDN5 SLC7A5,0.9931622476232044,Endo CLDN5 SLC7A5,
TCACAAGGTATGTCAC-1,2,Oligo MOG OPALIN,0.9971024595776058,Oligo MOG OPALIN,
TCACACCTCCAAGGGA-1,0,Endo CLDN5 SLC7A5,0.6573716224160642,Endo CLDN5 SLC7A5,
TCACATTAGCGTCAAG-1,0,Oligo MOG OPALIN,0.9735016001368674,Endo CLDN5 SLC7A5,
TCACATTGTTGGGACA-1,1,Endo CLDN5 SLC7A5,0.8552669718459208,Endo CLDN5 SLC7A5,
TCACATTTCGCGAAGA-1,0,Oligo MOG OPALIN,0.9061099881570359,Endo CLDN5 SLC7A5,
TCACATTTCTACCCAC-1,0,Endo CLDN5 SLC7A5,0.48028331697841725,Endo CLDN5 SLC7A5,
TCACGCTAGTATGAAC-1,0,Endo CLDN5 SLC7A5,0.6498537169355846,Endo CLDN5 SLC7A5,
TCACGCTCACCGTCGA-1,1,Endo CLDN5 SLC7A5,0.9997925216137301,Endo CLDN5 SLC7A5,
TCACGCTCAGTAACCT-1,0,L2-3 CUX2 NTNG1 PALMD,0.49549259546671054,Endo CLDN5 SLC7A5,
TCACGCTCATCTCGTC-1,0,Endo CLDN5 SLC7A5,0.3683152385099345,Endo CLDN5 SLC7A5,
TCACGCTTCTTCGGTC-1,0,Oligo MOG OPALIN,0.49651596492846084,Endo CLDN5 SLC7A5,
TCACGGGCACTTGAAC-1,0,Endo CLDN5 SLC7A5,0.34665359935233836,Endo CLDN5 SLC7A5,
TCACGGGTCATCACAG-1,0,Endo CLDN5 SLC7A5,0.48096413310916164,Endo CLDN5 SLC7A5,
TCACTCGAGATTAGTG-1,0,Endo CLDN5 SLC7A5,0.6827547627060196,Endo CLDN5 SLC7A5,
TCACTCGCAAGGTCGA-1,0,L2-3 CUX2 NTNG1 PALMD,0.3006106156937179,Endo CLDN5 SLC7A5,
TCACTCGCATCCTTGC-1,2,Oligo MOG OPALIN,0.9998347110224252,Oligo MOG OPALIN,
TCACTCGGTCCGGTGT-1,0,L2-3 CUX2 NTNG1 PALMD,0.32758766145136414,Endo CLDN5 SLC7A5,
TCAGCAAGTACGTAGG-1,0,Oligo MOG OPALIN,0.8194915082809061,Endo CLDN5 SLC7A5,
TCAGCAAGTCATAAAG-1,2,Oligo MOG OPALIN,0.9891568435884527,Oligo MOG OPALIN,
TCAGCAAGTCGAACGA-1,0,Endo CLDN5 SLC7A5,0.8810133555518799,Endo CLDN5 SLC7A5,
TCAGCAAGTTACCTTT-1,1,Endo CLDN5 SLC7A5,0.8914526332482609,Endo CLDN5 SLC7A5,
TCAGCAATCATTGCTT-1,0,Endo CLDN5 SLC7A5,0.36065181141774855,Endo CLDN5 SLC7A5,
TCAGCAATCGCGTGAC-1,0,Endo CLDN5 SLC7A5,0.45200316675567376,Endo CLDN5 SLC7A5,
TCAGCCTGTGAGTTGG-1,0,Endo CLDN5 SLC7A5,0.7988377364488792,Endo CLDN5 SLC7A5,
TCAGCCTGTGATGGCA-1,0,Endo CLDN5 SLC7A5,0.569505022973643,Endo CLDN5 SLC7A5,
TCAGCCTGTTACGTAC-1,0,Endo CLDN5 SLC7A5,0.9297030898048332,Endo CLDN5 SLC7A5,
TCAGGGCAGGTCCTGC-1,0,Oligo MOG OPALIN,0.7893759576324486,Endo CLDN5 SLC7A5,
TCAGGGCAGGTGAGAA-1,0,Endo CLDN5 SLC7A5,0.8515045869572122,Endo CLDN5 SLC7A5,
TCAGGGCCACTTCTCG-1,0,Oligo MOG OPALIN,0.3144715707856414,Endo CLDN5 SLC7A5,
TCAGGGCCATTCTTCA-1,0,Oligo MOG OPALIN,0.48557429338784464,Endo CLDN5 SLC7A5,
TCAGGGCGTGCATTAC-1,0,Endo CLDN5 SLC7A5,0.4003632762990414,Endo CLDN5 SLC7A5,
TCAGGGCGTTATGGTC-1,0,Endo CLDN5 SLC7A5,0.32338214491835865,Endo CLDN5 SLC7A5,
TCAGGGCGTTCGAGCC-1,0,Endo CLDN5 SLC7A5,0.3489312960320636,Endo CLDN5 SLC7A5,
TCAGGTAAGACGCTCC-1,0,L2-3 CUX2 NTNG1 PALMD,0.5492621150043492,Endo CLDN5 SLC7A5,
TCAGTCCAGCGTACAG-1,1,Endo CLDN5 SLC7A5,0.9587971913076168,Endo CLDN5 SLC7A5,
TCAGTCCCAGAGTTGG-1,1,Endo CLDN5 SLC7A5,0.9930092333614401,Endo CLDN5 SLC7A5,
TCAGTCCGTCGGTGAA-1,0,Endo CLDN5 SLC7A5,0.9497215698195226,Endo CLDN5 SLC7A5,
TCAGTCCTCAAAGCCT-1,0,Oligo MOG OPALIN,0.9731214344213992,Endo CLDN5 SLC7A5,
TCAGTCCTCGCCTAGG-1,1,Endo CLDN5 SLC7A5,0.8897949525661979,Endo CLDN5 SLC7A5,
TCAGTGAAGAGCTGCA-1,0,Endo CLDN5 SLC7A5,0.9753760885415674,Endo CLDN5 SLC7A5,
TCAGTGAAGGGAGGCA-1,0,Endo CLDN5 SLC7A5,0.8167868686700928,Endo CLDN5 SLC7A5,
TCAGTGAAGTGAGTGC-1,0,Oligo MOG OPALIN,0.990918647052545,Endo CLDN5 SLC7A5,
TCAGTGACACTGGCGT-1,0,Oligo MOG OPALIN,0.9928266499838037,Endo CLDN5 SLC7A5,
TCAGTGAGTGCTTCAA-1,3,L2-3 CUX2 ACVR1C THSD7A,0.9950674765602464,L2-3 CUX2 ACVR1C THSD7A,
TCAGTGAGTGTGCTTA-1,0,Endo CLDN5 SLC7A5,0.9682776171893959,Endo CLDN5 SLC7A5,
TCAGTGAGTGTGGTCC-1,1,Endo CLDN5 SLC7A5,0.3093343604385056,Endo CLDN5 SLC7A5,
TCAGTGAGTTTCGTAG-1,0,Oligo MOG OPALIN,0.8954262857757742,Endo CLDN5 SLC7A5,
TCAGTTTAGCATGATA-1,0,L2-3 CUX2 NTNG1 PALMD,0.36222085122339875,Endo CLDN5 SLC7A5,
TCAGTTTCACACCGAC-1,2,Oligo MOG OPALIN,0.9999759946634487,Oligo MOG OPALIN,
TCAGTTTCATATCTCT-1,0,Endo CLDN5 SLC7A5,0.9792996202743673,Endo CLDN5 SLC7A5,
TCAGTTTGTTACACAC-1,0,Endo CLDN5 SLC7A5,0.8383665293993661,Endo CLDN5 SLC7A5,
TCAGTTTTCGAAACAA-1,1,Endo CLDN5 SLC7A5,0.9984484588671375,Endo CLDN5 SLC7A5,
TCAGTTTTCTAGATCG-1,0,Oligo MOG OPALIN,0.981581409037274,Endo CLDN5 SLC7A5,
TCATACTAGCGACTGA-1,1,Endo CLDN5 SLC7A5,0.8518094796944466,Endo CLDN5 SLC7A5,
TCATACTCAGAAGCGT-1,0,Endo CLDN5 SLC7A5,0.858846303526961,Endo CLDN5 SLC7A5,
TCATACTGTACAGTCT-1,0,L2-3 CUX2 NTNG1 PALMD,0.3156612966324758,Endo CLDN5 SLC7A5,
TCATACTGTCAACACT-1,5,Endo CLDN5 SLC7A5,0.5638641977792298,Astro AQP4 SLC1A2,
TCATCATAGGGCCTCT-1,1,Endo CLDN5 SLC7A5,0.9488120858455014,Endo CLDN5 SLC7A5,
TCATCATCACCAGCTG-1,0,Oligo MOG OPALIN,0.9982404771452219,Endo CLDN5 SLC7A5,
TCATCATGTGGATCAG-1,0,Endo CLDN5 SLC7A5,0.5250740407601441,Endo CLDN5 SLC7A5,
TCATCATTCTCAACGA-1,5,Endo CLDN5 SLC7A5,0.3881541845711322,Astro AQP4 SLC1A2,
TCATCCGCACCGGTCA-1,4,Endo CLDN5 SLC7A5,0.9941540327518695,Endo CLDN5 SLC7A5,
TCATCCGGTAAGGCCA-1,0,Endo CLDN5 SLC7A5,0.9498668108547702,Endo CLDN5 SLC7A5,
TCATCCGGTAGGCTCC-1,3,L2-3 CUX2 ACVR1C THSD7A,0.9659420387477651,L2-3 CUX2 ACVR1C THSD7A,
TCATCCGGTAGTGATA-1,0,Endo CLDN5 SLC7A5,0.3826334844173618,Endo CLDN5 SLC7A5,
TCATCCGTCTAGGCCG-1,2,Oligo MOG OPALIN,0.9999779885986486,Oligo MOG OPALIN,
TCATGAGCATCGATGT-1,0,OPC PDGFRA PCDH15,0.9403768307257993,Endo CLDN5 SLC7A5,
TCATGAGTCCAGTGTA-1,7,OPC PDGFRA PCDH15,0.9999999997823632,OPC PDGFRA PCDH15,
TCATGAGTCCGGCAAC-1,2,Oligo MOG OPALIN,0.7976560761942596,Oligo MOG OPALIN,
TCATGAGTCTCGAGTA-1,0,Endo CLDN5 SLC7A5,0.818015445772362,Endo CLDN5 SLC7A5,
TCATGCCTCAGCAGAG-1,0,Endo CLDN5 SLC7A5,0.794753827645474,Endo CLDN5 SLC7A5,
TCATGGAAGCGGTAAC-1,1,Endo CLDN5 SLC7A5,0.8398965052413988,Endo CLDN5 SLC7A5,
TCATGGACACTCCTGT-1,0,Oligo MOG OPALIN,0.6023273994450224,Endo CLDN5 SLC7A5,
TCATGGAGTTGCTAGT-1,1,Endo CLDN5 SLC7A5,0.99002429663051,Endo CLDN5 SLC7A5,
TCATGTTCAGCTACTA-1,1,Endo CLDN5 SLC7A5,0.9999780187048986,Endo CLDN5 SLC7A5,
TCATTACTCTCTAGGA-1,1,Endo CLDN5 SLC7A5,0.9298463323321285,Endo CLDN5 SLC7A5,
TCATTCACAATGTGGG-1,0,Endo CLDN5 SLC7A5,0.4425474650892556,Endo CLDN5 SLC7A5,
TCATTCACAGTCTACA-1,7,OPC PDGFRA PCDH15,0.9999981506424431,OPC PDGFRA PCDH15,
TCATTCACATCAGTCA-1,3,L3-5 RORB PCBP3 IL1RAPL2,0.8864139452695597,L2-3 CUX2 ACVR1C THSD7A,
TCATTCAGTGCATGAG-1,1,Endo CLDN5 SLC7A5,0.9822061111009,Endo CLDN5 SLC7A5,
TCATTCAGTTTACACG-1,0,Endo CLDN5 SLC7A5,0.8955304006959319,Endo CLDN5 SLC7A5,
TCATTCATCGTCGCTT-1,0,Oligo MOG OPALIN,0.8175875333069846,Endo CLDN5 SLC7A5,
TCATTCATCTATACGG-1,0,Oligo MOG OPALIN,0.8611178650057358,Endo CLDN5 SLC7A5,
TCATTCATCTCAATCT-1,4,Endo CLDN5 SLC7A5,0.7573632321797015,Endo CLDN5 SLC7A5,
TCATTCATCTCTATAC-1,0,Oligo MOG OPALIN,0.9856261907801763,Endo CLDN5 SLC7A5,
TCATTCATCTGAGGTT-1,0,Oligo MOG OPALIN,0.9324244005112856,Endo CLDN5 SLC7A5,
TCATTGTAGTCCTACA-1,0,Oligo MOG OPALIN,0.9978777365760031,Endo CLDN5 SLC7A5,
TCATTGTTCGTCGATA-1,0,Endo CLDN5 SLC7A5,0.30361735389279576,Endo CLDN5 SLC7A5,
TCATTTGCAAGACCGA-1,0,Endo CLDN5 SLC7A5,0.9922688227991834,Endo CLDN5 SLC7A5,
TCATTTGTCCTGCTAC-1,5,Astro AQP4 SLC1A2,0.9963675832031265,Astro AQP4 SLC1A2,
TCCACCATCATTACCT-1,2,Oligo MOG GSN,0.8866200261478958,Oligo MOG OPALIN,
TCCACGTAGCAAGGAA-1,2,Oligo MOG OPALIN,0.8679270677400168,Oligo MOG OPALIN,
TCCACGTCAATGTGGG-1,0,Endo CLDN5 SLC7A5,0.6770035094598124,Endo CLDN5 SLC7A5,
TCCAGAAAGGTAAGAG-1,0,Oligo MOG OPALIN,0.5689931144766105,Endo CLDN5 SLC7A5,
TCCAGAACAGAGATGC-1,0,Oligo MOG OPALIN,0.40731105238603205,Endo CLDN5 SLC7A5,
TCCATCGAGCGTGTTT-1,0,L2-3 CUX2 NTNG1 COL5A2,0.37188981042071795,Endo CLDN5 SLC7A5,
TCCATCGAGGCTTAAA-1,0,Endo CLDN5 SLC7A5,0.6066295270689493,Endo CLDN5 SLC7A5,
TCCATCGAGGTAGATT-1,1,Endo CLDN5 SLC7A5,0.9972774992542875,Endo CLDN5 SLC7A5,
TCCATCGCAAACACCT-1,0,Endo CLDN5 SLC7A5,0.5550190510848398,Endo CLDN5 SLC7A5,
TCCATCGCACCTTCCA-1,1,Endo CLDN5 SLC7A5,0.9999323423809822,Endo CLDN5 SLC7A5,
TCCATGCAGAGTCGAC-1,0,Endo CLDN5 SLC7A5,0.958998241015181,Endo CLDN5 SLC7A5,
TCCATGCTCGACGCGT-1,0,Endo CLDN5 SLC7A5,0.9466698202202839,Endo CLDN5 SLC7A5,
TCCCACACACAGACGA-1,0,Oligo MOG OPALIN,0.8799503615996278,Endo CLDN5 SLC7A5,
TCCCACAGTGATCATC-1,0,Oligo MOG OPALIN,0.8289764314233287,Endo CLDN5 SLC7A5,
TCCCACATCACTCCGT-1,0,Endo CLDN5 SLC7A5,0.7902076195353485,Endo CLDN5 SLC7A5,
TCCCACATCGAGATAA-1,0,Endo CLDN5 SLC7A5,0.5650675233439398,Endo CLDN5 SLC7A5,
TCCCAGTAGTGAGGTC-1,1,Endo CLDN5 SLC7A5,0.9612759012773241,Endo CLDN5 SLC7A5,
TCCCAGTCAATGCTCA-1,0,Endo CLDN5 SLC7A5,0.3430045192036811,Endo CLDN5 SLC7A5,
TCCCAGTGTTAGAGTA-1,0,Oligo MOG OPALIN,0.6477384703305837,Endo CLDN5 SLC7A5,
TCCCATGAGCGTCGAA-1,0,Endo CLDN5 SLC7A5,0.9344812114923837,Endo CLDN5 SLC7A5,
TCCCATGAGGTGTGAC-1,2,Oligo MOG OPALIN,0.949241524091274,Oligo MOG OPALIN,
TCCCATGCAGGTAGTG-1,0,Oligo MOG OPALIN,0.5106536658566022,Endo CLDN5 SLC7A5,
TCCCATGGTCGCTGCA-1,0,Oligo MOG OPALIN,0.7035784056654516,Endo CLDN5 SLC7A5,
TCCCATGGTGGTGATG-1,0,Endo CLDN5 SLC7A5,0.46642017119642903,Endo CLDN5 SLC7A5,
TCCCATGTCTGTTCAT-1,0,Oligo MOG OPALIN,0.9996068224651369,Endo CLDN5 SLC7A5,
TCCGAAAAGTCTAGCT-1,0,Endo CLDN5 SLC7A5,0.37725810743504135,Endo CLDN5 SLC7A5,
TCCGAAACAAAGCAAT-1,0,L2-3 CUX2 NTNG1 PALMD,0.3249764015347008,Endo CLDN5 SLC7A5,
TCCGAAAGTCGCGTTG-1,0,Endo CLDN5 SLC7A5,0.38304630242454857,Endo CLDN5 SLC7A5,
TCCGAAATCCGTCCTA-1,2,Oligo MOG OPALIN,0.9999272577087293,Oligo MOG OPALIN,
TCCGAAATCCTGTAAG-1,0,Endo CLDN5 SLC7A5,0.9016226324444845,Endo CLDN5 SLC7A5,
TCCGAAATCCTTATAC-1,1,Endo CLDN5 SLC7A5,0.6666994516461757,Endo CLDN5 SLC7A5,
TCCGAAATCGCGATCG-1,0,Endo CLDN5 SLC7A5,0.9097311228574962,Endo CLDN5 SLC7A5,
TCCGAAATCGTTCATT-1,0,Oligo MOG OPALIN,0.36149889076190267,Endo CLDN5 SLC7A5,
TCCGATCAGACTCGAG-1,0,Endo CLDN5 SLC7A5,0.5819524542694222,Endo CLDN5 SLC7A5,
TCCGATCCAGAGGTTG-1,0,Endo CLDN5 SLC7A5,0.586341167646474,Endo CLDN5 SLC7A5,
TCCGATCCATAATGCC-1,0,Endo CLDN5 SLC7A5,0.7827120797252459,Endo CLDN5 SLC7A5,
TCCGATCGTACCTAGT-1,0,Endo CLDN5 SLC7A5,0.30730635851017507,Endo CLDN5 SLC7A5,
TCCGATCGTATGAAGT-1,0,Endo CLDN5 SLC7A5,0.922237604333197,Endo CLDN5 SLC7A5,
TCCGATCGTTCAGCTA-1,0,Endo CLDN5 SLC7A5,0.8774149351751064,Endo CLDN5 SLC7A5,
TCCGATCGTTCGATTG-1,7,OPC PDGFRA PCDH15,0.9999999999979501,OPC PDGFRA PCDH15,
TCCGATCTCGGAGTAG-1,1,Endo CLDN5 SLC7A5,0.8130058232116827,Endo CLDN5 SLC7A5,
TCCGGGAAGCACTGGA-1,0,Endo CLDN5 SLC7A5,0.9982078815751908,Endo CLDN5 SLC7A5,
TCCGGGAAGCCGAATG-1,0,Endo CLDN5 SLC7A5,0.9968007916868357,Endo CLDN5 SLC7A5,
TCCGTGTCAAAGTATG-1,0,Endo CLDN5 SLC7A5,0.6950702725970129,Endo CLDN5 SLC7A5,
TCCGTGTGTGGTAATA-1,0,Endo CLDN5 SLC7A5,0.5752922053501374,Endo CLDN5 SLC7A5,
TCCGTGTTCCACGGAC-1,0,Endo CLDN5 SLC7A5,0.8735095933171724,Endo CLDN5 SLC7A5,
TCCGTGTTCGATTGGT-1,0,Endo CLDN5 SLC7A5,0.40555689102997156,Endo CLDN5 SLC7A5,
TCCTAATAGCTAGAGC-1,0,Endo CLDN5 SLC7A5,0.8416093605268901,Endo CLDN5 SLC7A5,
TCCTAATCATCGAGCC-1,0,Endo CLDN5 SLC7A5,0.4707698049641346,Endo CLDN5 SLC7A5,
TCCTAATCATCGGATT-1,0,Endo CLDN5 SLC7A5,0.7220735145174761,Endo CLDN5 SLC7A5,
TCCTAATGTATCGATC-1,0,Endo CLDN5 SLC7A5,0.6361023607035315,Endo CLDN5 SLC7A5,
TCCTAATGTTAACAGA-1,3,L2-3 CUX2 ACVR1C THSD7A,0.9216903136513703,L2-3 CUX2 ACVR1C THSD7A,
TCCTAATTCAATGTCG-1,1,Endo CLDN5 SLC7A5,0.8533529415906712,Endo CLDN5 SLC7A5,
TCCTAATTCCCTTGGT-1,0,Endo CLDN5 SLC7A5,0.30194978399563693,Endo CLDN5 SLC7A5,
TCCTCCCAGCGGACAT-1,2,Oligo MOG OPALIN,0.9999425490940649,Oligo MOG OPALIN,
TCCTCCCAGTGGTTAA-1,7,OPC PDGFRA PCDH15,0.9999999999998146,OPC PDGFRA PCDH15,
TCCTCCCTCACACCGG-1,0,OPC PDGFRA PCDH15,0.8482673071965857,Endo CLDN5 SLC7A5,
TCCTCGACACCGTGGT-1,0,Oligo MOG OPALIN,0.32798660579634664,Endo CLDN5 SLC7A5,
TCCTCGAGTTGTATGC-1,0,Endo CLDN5 SLC7A5,0.872383297246826,Endo CLDN5 SLC7A5,
TCCTCGATCTACCCAC-1,0,Endo CLDN5 SLC7A5,0.7260057329375476,Endo CLDN5 SLC7A5,
TCCTCTTCATCCGGCA-1,0,Oligo MOG OPALIN,0.45079825472999374,Endo CLDN5 SLC7A5,
TCCTCTTGTGACACGA-1,0,Endo CLDN5 SLC7A5,0.7718510887249299,Endo CLDN5 SLC7A5,
TCCTGCACAATACCTG-1,0,Oligo MOG OPALIN,0.33252277659478424,Endo CLDN5 SLC7A5,
TCCTGCATCTCACTCG-1,0,Endo CLDN5 SLC7A5,0.4783328383235302,Endo CLDN5 SLC7A5,
TCCTTCTAGTCCGCCA-1,0,Astro GFAP AQP1,0.5205193597988708,Endo CLDN5 SLC7A5,
TCCTTCTCACGAAAGC-1,4,Endo CLDN5 SLC7A5,0.9808463581586241,Endo CLDN5 SLC7A5,
TCCTTCTGTCGAGCAA-1,5,Astro AQP4 SLC1A2,0.9999711944836766,Astro AQP4 SLC1A2,
TCCTTCTGTCGTGCCA-1,1,Endo CLDN5 SLC7A5,0.9906742636847646,Endo CLDN5 SLC7A5,
TCCTTCTTCAAGTCTG-1,0,Oligo MOG OPALIN,0.3354986160725909,Endo CLDN5 SLC7A5,
TCCTTTCAGTAGGAAG-1,0,Endo CLDN5 SLC7A5,0.9302695244518516,Endo CLDN5 SLC7A5,
TCCTTTCAGTGTACCT-1,0,Endo CLDN5 SLC7A5,0.30792626691258435,Endo CLDN5 SLC7A5,
TCCTTTCCAGTTACCA-1,0,Endo CLDN5 SLC7A5,0.444976252366853,Endo CLDN5 SLC7A5,
TCGAACAAGTATTAGG-1,1,Endo CLDN5 SLC7A5,0.9664656757221567,Endo CLDN5 SLC7A5,
TCGAACATCGTTCGCT-1,2,Oligo MOG OPALIN,0.9997941218120209,Oligo MOG OPALIN,
TCGAACATCTTCGTGC-1,0,Micro P2RY12 APBB1IP,0.5602183676518625,Endo CLDN5 SLC7A5,
TCGAAGTAGCCGAACA-1,0,Oligo MOG OPALIN,0.6313570697923329,Endo CLDN5 SLC7A5,
TCGAAGTAGCCGAATG-1,0,Oligo MOG OPALIN,0.9254392050211869,Endo CLDN5 SLC7A5,
TCGAAGTCAAACTCGT-1,0,Oligo MOG OPALIN,0.6469540048461722,Endo CLDN5 SLC7A5,
TCGAAGTGTCTTTATC-1,0,Endo CLDN5 SLC7A5,0.5285385436421945,Endo CLDN5 SLC7A5,
TCGAAGTTCCTTCGAC-1,1,Endo CLDN5 SLC7A5,0.9972308015471232,Endo CLDN5 SLC7A5,
TCGAAGTTCGGAGATG-1,0,Oligo MOG OPALIN,0.8703217096630823,Endo CLDN5 SLC7A5,
TCGACCTAGCCTGTGC-1,0,Oligo MOG OPALIN,0.9331974832675421,Endo CLDN5 SLC7A5,
TCGACCTCAAAGACTA-1,0,Endo CLDN5 SLC7A5,0.9909661312603548,Endo CLDN5 SLC7A5,
TCGACCTTCCTCACTG-1,0,Oligo MOG FRY,0.30687293788542697,Endo CLDN5 SLC7A5,
TCGACGGAGACAGTCG-1,6,Micro P2RY12 CCL3,0.6836222195902806,Micro P2RY12 APBB1IP,
TCGACGGAGGCCACCT-1,0,Endo CLDN5 SLC7A5,0.6858696498765199,Endo CLDN5 SLC7A5,
TCGACGGCATCACGGC-1,0,L2-3 CUX2 NTNG1 PALMD,0.7466455835533846,Endo CLDN5 SLC7A5,
TCGATTTGTGGATGAC-1,0,Endo CLDN5 SLC7A5,0.698606375938899,Endo CLDN5 SLC7A5,
TCGCACTAGATACAGT-1,4,Endo CLDN5 SLC7A5,0.9999580716079913,Endo CLDN5 SLC7A5,
TCGCACTCAAAGGGTC-1,0,Oligo MOG OPALIN,0.3806003352309668,Endo CLDN5 SLC7A5,
TCGCACTCACGACAGA-1,0,Oligo MOG OPALIN,0.968399812873255,Endo CLDN5 SLC7A5,
TCGCACTTCTGTAAGC-1,0,Endo CLDN5 SLC7A5,0.4051232682988093,Endo CLDN5 SLC7A5,
TCGCAGGCATAACAGA-1,0,Endo CLDN5 SLC7A5,0.45938297350999635,Endo CLDN5 SLC7A5,
TCGCTCAAGAAACTAC-1,0,Endo CLDN5 SLC7A5,0.6309039021812088,Endo CLDN5 SLC7A5,
TCGCTCAAGAACTGAT-1,1,Endo CLDN5 SLC7A5,0.5418140755544922,Endo CLDN5 SLC7A5,
TCGCTCAAGCAATTCC-1,0,Endo CLDN5 SLC7A5,0.6820121127637843,Endo CLDN5 SLC7A5,
TCGCTCAAGCGTGTCC-1,0,Endo CLDN5 SLC7A5,0.5550824178411723,Endo CLDN5 SLC7A5,
TCGCTCAAGTGCGTCC-1,2,Oligo MOG GSN,0.5794270723832068,Oligo MOG OPALIN,
TCGCTCATCGCAATTG-1,0,Endo CLDN5 SLC7A5,0.9464908455121743,Endo CLDN5 SLC7A5,
TCGCTCATCGTGGCGT-1,0,Endo CLDN5 SLC7A5,0.6129964926763953,Endo CLDN5 SLC7A5,
TCGCTTGGTACGTGTT-1,0,Endo CLDN5 SLC7A5,0.8248973020427034,Endo CLDN5 SLC7A5,
TCGCTTGGTGCCGTAC-1,0,Endo CLDN5 SLC7A5,0.8426447306682392,Endo CLDN5 SLC7A5,
TCGCTTGGTGGCCCAT-1,0,Endo CLDN5 SLC7A5,0.31900838473243864,Endo CLDN5 SLC7A5,
TCGCTTGTCTCCCATG-1,2,Oligo MOG OPALIN,0.9998692127174518,Oligo MOG OPALIN,
TCGGATAAGCGCCCAT-1,0,L2-3 CUX2 NTNG1 PALMD,0.9234067121031552,Endo CLDN5 SLC7A5,
TCGGATAGTGATTGGG-1,1,Endo CLDN5 SLC7A5,0.6991375388116886,Endo CLDN5 SLC7A5,
TCGGGACCACTTCAGA-1,0,Oligo MOG OPALIN,0.7507394759676449,Endo CLDN5 SLC7A5,
TCGGGCACAGTCTTCC-1,0,L2-3 CUX2 NTNG1 PALMD,0.9874099110246055,Endo CLDN5 SLC7A5,
TCGGGCAGTATCGCAT-1,0,Endo CLDN5 SLC7A5,0.6496151433436137,Endo CLDN5 SLC7A5,
TCGGGCATCCCGAAAT-1,1,Endo CLDN5 SLC7A5,0.9999584481884429,Endo CLDN5 SLC7A5,
TCGGGCATCCGACAGC-1,0,Oligo MOG OPALIN,0.9797689684277584,Endo CLDN5 SLC7A5,
TCGGGTGCACCTCAGG-1,0,Endo CLDN5 SLC7A5,0.9860089288320495,Endo CLDN5 SLC7A5,
TCGGGTGGTGAACGGT-1,0,L2-3 CUX2 NTNG1 PALMD,0.824006084120978,Endo CLDN5 SLC7A5,
TCGGGTGTCTGTCGTC-1,0,Oligo MOG OPALIN,0.9880555790401289,Endo CLDN5 SLC7A5,
TCGGTCTAGACGCATG-1,0,L2-3 CUX2 NTNG1 PLCH1,0.3196002891618764,Endo CLDN5 SLC7A5,
TCGGTCTAGAGGCCAT-1,1,Oligo MOG OPALIN,0.9461000778472763,Endo CLDN5 SLC7A5,
TCGGTCTCATGCGGTC-1,1,Endo CLDN5 SLC7A5,0.9929919957953451,Endo CLDN5 SLC7A5,
TCGGTCTGTCCGGACT-1,0,Endo CLDN5 SLC7A5,0.7973351169159918,Endo CLDN5 SLC7A5,
TCGTAGAAGCAAGCCA-1,5,Astro GFAP AQP1,0.40527615143575874,Astro AQP4 SLC1A2,
TCGTAGAAGGATAATC-1,0,Endo CLDN5 SLC7A5,0.3492221379940366,Endo CLDN5 SLC7A5,
TCGTAGAAGGTACAAT-1,0,Endo CLDN5 SLC7A5,0.9765045039272638,Endo CLDN5 SLC7A5,
TCGTAGAAGTACTGGG-1,0,Endo CLDN5 IL1R1,0.34911913715145126,Endo CLDN5 SLC7A5,
TCGTAGACAACGATTC-1,0,Endo CLDN5 SLC7A5,0.3546081340534252,Endo CLDN5 SLC7A5,
TCGTAGACAACTCATG-1,0,Endo CLDN5 SLC7A5,0.6073556608997299,Endo CLDN5 SLC7A5,
TCGTAGACACAAGCAG-1,0,Oligo MOG OPALIN,0.47311265513171724,Endo CLDN5 SLC7A5,
TCGTAGACACACCTAA-1,0,Endo CLDN5 SLC7A5,0.5247213859203543,Endo CLDN5 SLC7A5,
TCGTAGAGTCTACAAC-1,1,Endo CLDN5 SLC7A5,0.9107827496218551,Endo CLDN5 SLC7A5,
TCGTAGAGTTGGACTT-1,7,OPC PDGFRA PCDH15,0.9999999999989126,OPC PDGFRA PCDH15,
TCGTCCAAGCTGGCCT-1,0,Endo CLDN5 SLC7A5,0.7119741078081391,Endo CLDN5 SLC7A5,
TCGTCCACAGAGGAAA-1,1,Endo CLDN5 SLC7A5,0.9968819429360464,Endo CLDN5 SLC7A5,
TCGTGCTAGTCCGTCG-1,0,Endo CLDN5 SLC7A5,0.9144500198289157,Endo CLDN5 SLC7A5,
TCGTGCTCACCTCGTT-1,1,Endo CLDN5 SLC7A5,0.9966738161152423,Endo CLDN5 SLC7A5,
TCGTGCTCACGTAACT-1,0,Endo CLDN5 SLC7A5,0.9167157475314758,Endo CLDN5 SLC7A5,
TCGTGCTGTCCTTGTC-1,1,Oligo MOG OPALIN,0.8859478646908419,Endo CLDN5 SLC7A5,
TCGTGCTGTGATACCT-1,4,PC P2RY14 GRM8,0.9999391803736354,Endo CLDN5 SLC7A5,
TCGTGGGCAGCAATTC-1,0,Endo CLDN5 SLC7A5,0.8217665977506734,Endo CLDN5 SLC7A5,
TCGTGGGCATTACGGT-1,0,Endo CLDN5 SLC7A5,0.315750131045276,Endo CLDN5 SLC7A5,
TCGTGGGTCTCTGCTG-1,3,L6 OPRK1 THEMIS RGS6,0.9992560328378615,L2-3 CUX2 ACVR1C THSD7A,
TCTAACTAGATTGACA-1,7,OPC PDGFRA PCDH15,0.9999999999997458,OPC PDGFRA PCDH15,
TCTAACTCACGACTAT-1,3,L3-5 RORB MKX DCC,0.9985150608987179,L2-3 CUX2 ACVR1C THSD7A,
TCTAACTGTAACGCGA-1,1,Endo CLDN5 SLC7A5,0.9941714364718746,Endo CLDN5 SLC7A5,
TCTACCGCAGCTGTTA-1,0,Oligo MOG OPALIN,0.9487182235451596,Endo CLDN5 SLC7A5,
TCTACCGCATCTCCCA-1,0,Endo CLDN5 SLC7A5,0.3915628274669115,Endo CLDN5 SLC7A5,
TCTACCGTCATGGCCG-1,2,Oligo MOG OPALIN,0.9998820756263456,Oligo MOG OPALIN,
TCTATACCAACTGCTA-1,0,Oligo MOG OPALIN,0.9996543289194507,Endo CLDN5 SLC7A5,
TCTATACTCCAAAGGG-1,0,Oligo MOG OPALIN,0.7513430742584213,Endo CLDN5 SLC7A5,
TCTATACTCCACCTCA-1,1,Endo CLDN5 SLC7A5,0.8959853197446246,Endo CLDN5 SLC7A5,
TCTATCACAAGGTCTT-1,0,Endo CLDN5 SLC7A5,0.5832491543680475,Endo CLDN5 SLC7A5,
TCTATCACACACTTAG-1,1,Endo CLDN5 SLC7A5,0.3566810534826469,Endo CLDN5 SLC7A5,
TCTATCACACTCTCGT-1,3,L2-3 CUX2 ACVR1C THSD7A,0.6719375012328445,L2-3 CUX2 ACVR1C THSD7A,
TCTCACGAGCGATGAC-1,0,Oligo MOG OPALIN,0.9416464858888636,Endo CLDN5 SLC7A5,
TCTCACGTCATTCGTT-1,0,L2-3 CUX2 ACVR1C THSD7A,0.3117627397222541,Endo CLDN5 SLC7A5,
TCTCACGTCGTCGGGT-1,0,Oligo MOG OPALIN,0.56339705125523,Endo CLDN5 SLC7A5,
TCTCAGCAGAGTTGTA-1,0,Endo CLDN5 SLC7A5,0.9757568036677157,Endo CLDN5 SLC7A5,
TCTCAGCTCCTAGCCT-1,0,Endo CLDN5 SLC7A5,0.44469599032166096,Endo CLDN5 SLC7A5,
TCTCCGACACGGGTAA-1,0,Endo CLDN5 SLC7A5,0.8487918811589228,Endo CLDN5 SLC7A5,
TCTCCGACACTGCGAC-1,0,Endo CLDN5 SLC7A5,0.633949472465098,Endo CLDN5 SLC7A5,
TCTCCGACAGGTTCCG-1,0,Endo CLDN5 SLC7A5,0.9789812491238509,Endo CLDN5 SLC7A5,
TCTCCGATCCTACGGG-1,0,Endo CLDN5 SLC7A5,0.9816076956980446,Endo CLDN5 SLC7A5,
TCTCTGGAGCCAAGCA-1,0,Endo CLDN5 SLC7A5,0.3496746763791636,Endo CLDN5 SLC7A5,
TCTCTGGAGCGAGGAG-1,1,Endo CLDN5 SLC7A5,0.997095409299829,Endo CLDN5 SLC7A5,
TCTCTGGAGCTAATCC-1,0,Astro AQP4 SLC1A2,0.410962046788038,Endo CLDN5 SLC7A5,
TCTCTGGGTAGACGTG-1,0,Oligo MOG OPALIN,0.8960592326774304,Endo CLDN5 SLC7A5,
TCTGCCAAGTGTAGTA-1,0,Endo CLDN5 SLC7A5,0.9643385804484529,Endo CLDN5 SLC7A5,
TCTGCCACAGACAAAT-1,0,Oligo MOG OPALIN,0.9819573980109714,Endo CLDN5 SLC7A5,
TCTGCCATCCACTAGA-1,0,Endo CLDN5 SLC7A5,0.40177610389151863,Endo CLDN5 SLC7A5,
TCTGGCTAGTAATACG-1,4,Endo CLDN5 SLC7A5,0.5505403297959606,Endo CLDN5 SLC7A5,
TCTGGCTCAACGGCTC-1,2,Oligo MOG OPALIN,0.374523702865001,Oligo MOG OPALIN,
TCTGGCTGTATCCTCC-1,0,Oligo MOG OPALIN,0.9433310529893484,Endo CLDN5 SLC7A5,
TCTTAGTCAAGTGGCA-1,0,Oligo MOG OPALIN,0.8180454863554216,Endo CLDN5 SLC7A5,
TCTTAGTGTCACGACC-1,6,Micro P2RY12 APBB1IP,0.44001927332599416,Micro P2RY12 APBB1IP,
TCTTAGTGTCTGTTAG-1,0,Endo CLDN5 SLC7A5,0.4934664570749818,Endo CLDN5 SLC7A5,
TCTTAGTGTGTATTCG-1,0,Oligo MOG OPALIN,0.7539026599971392,Endo CLDN5 SLC7A5,
TCTTCCTAGCTAATGA-1,1,Endo CLDN5 SLC7A5,0.9282350972916953,Endo CLDN5 SLC7A5,
TCTTCCTAGGTGCATG-1,0,Endo CLDN5 SLC7A5,0.5360247708060566,Endo CLDN5 SLC7A5,
TCTTCCTCACAATGAA-1,1,Endo CLDN5 SLC7A5,0.9101390115822069,Endo CLDN5 SLC7A5,
TCTTCCTTCACTCCGT-1,2,Oligo MOG OPALIN,0.9999291220497656,Oligo MOG OPALIN,
TCTTTGACAACGATTC-1,0,L2-3 CUX2 NTNG1 PALMD,0.4452005040930756,Endo CLDN5 SLC7A5,
TCTTTGAGTAGTTAGA-1,3,L2-3 CUX2 ACVR1C THSD7A,0.9930973263304997,L2-3 CUX2 ACVR1C THSD7A,
TCTTTGATCATGCTAG-1,0,Oligo MOG OPALIN,0.9576633460220049,Endo CLDN5 SLC7A5,
TGAACGTAGGTAAAGG-1,0,Oligo MOG OPALIN,0.653182651415168,Endo CLDN5 SLC7A5,
TGAACGTAGTGTGTTC-1,4,Endo CLDN5 SLC7A5,0.8685261979660308,Endo CLDN5 SLC7A5,
TGAACGTCACATTCTT-1,0,Endo CLDN5 SLC7A5,0.408630448521197,Endo CLDN5 SLC7A5,
TGAACGTGTGTATTCG-1,0,Oligo MOG OPALIN,0.9374618234395261,Endo CLDN5 SLC7A5,
TGAATCGAGATACGAT-1,0,Endo CLDN5 SLC7A5,0.9371977928118002,Endo CLDN5 SLC7A5,
TGAATCGAGTTGCGCC-1,0,Endo CLDN5 SLC7A5,0.5272089804452169,Endo CLDN5 SLC7A5,
TGAATCGCAGGGAGAG-1,1,Endo CLDN5 SLC7A5,0.9484266448556299,Endo CLDN5 SLC7A5,
TGAATCGGTCGTTTCC-1,1,Endo CLDN5 SLC7A5,0.9977873891976401,Endo CLDN5 SLC7A5,
TGAATCGTCAGCAATC-1,0,Endo CLDN5 SLC7A5,0.3890790574879104,Endo CLDN5 SLC7A5,
TGAATGCAGCGTTGTT-1,1,Endo CLDN5 SLC7A5,0.9817336517247527,Endo CLDN5 SLC7A5,
TGAATGCGTTCTCGTC-1,0,Oligo MOG OPALIN,0.6097146019072698,Endo CLDN5 SLC7A5,
TGACAGTAGCAGTAAT-1,1,Endo CLDN5 SLC7A5,0.942914302840042,Endo CLDN5 SLC7A5,
TGACAGTAGGAACGAA-1,0,Oligo MOG OPALIN,0.8808485764912719,Endo CLDN5 SLC7A5,
TGACAGTAGTAGCTCT-1,0,Endo CLDN5 SLC7A5,0.7756284339587197,Endo CLDN5 SLC7A5,
TGACAGTCATCTAACG-1,0,Endo CLDN5 SLC7A5,0.6721315775377246,Endo CLDN5 SLC7A5,
TGACAGTGTGATAGAT-1,0,Oligo MOG OPALIN,0.7253635318785373,Endo CLDN5 SLC7A5,
TGACAGTGTGTTCCTC-1,4,PC P2RY14 GRM8,0.9999997431948551,Endo CLDN5 SLC7A5,
TGACAGTTCCTTGGAA-1,0,Endo CLDN5 SLC7A5,0.7319551789532927,Endo CLDN5 SLC7A5,
TGACGCGAGGCTGGAT-1,6,Micro P2RY12 APBB1IP,0.8424437352832469,Micro P2RY12 APBB1IP,
TGACGCGCAAGTGGAC-1,0,Endo CLDN5 SLC7A5,0.3833204921411246,Endo CLDN5 SLC7A5,
TGACGCGTCCTCACCA-1,1,Endo CLDN5 SLC7A5,0.9990161605574169,Endo CLDN5 SLC7A5,
TGACTCCAGACATACA-1,0,Oligo MOG OPALIN,0.8448857802390494,Endo CLDN5 SLC7A5,
TGACTCCAGCAAACAT-1,0,InN SST TRPC7,0.5863678492554709,Endo CLDN5 SLC7A5,
TGACTCCAGCTAATGA-1,0,Endo CLDN5 SLC7A5,0.5686749201778432,Endo CLDN5 SLC7A5,
TGACTCCCACGTTCGG-1,3,L6 OPRK1 THEMIS RGS6,0.4876263220843131,L2-3 CUX2 ACVR1C THSD7A,
TGACTCCGTTTGTGGT-1,1,L6 OPRK1 SMYD1 KCND2,0.7787726241465951,Endo CLDN5 SLC7A5,
TGAGCATAGTTCATGC-1,6,Micro P2RY12 APBB1IP,0.9986312183513901,Micro P2RY12 APBB1IP,
TGAGCATCATTGTACG-1,0,Oligo MOG OPALIN,0.7502227169797377,Endo CLDN5 SLC7A5,
TGAGCATTCATTACTC-1,0,Oligo MOG OPALIN,0.4787040216472917,Endo CLDN5 SLC7A5,
TGAGCATTCCTCGATC-1,0,Endo CLDN5 SLC7A5,0.5087721835960902,Endo CLDN5 SLC7A5,
TGAGCGCAGGCTCTCG-1,2,Oligo MOG OPALIN,0.9981777753537433,Oligo MOG OPALIN,
TGAGGAGGTGCCGGTT-1,0,Oligo MOG OPALIN,0.8016712028983861,Endo CLDN5 SLC7A5,
TGAGGAGTCGCGAAGA-1,0,Oligo MOG OPALIN,0.5286932168683062,Endo CLDN5 SLC7A5,
TGAGGGAAGGTCATCT-1,0,Endo CLDN5 SLC7A5,0.3308127039734893,Endo CLDN5 SLC7A5,
TGAGGGAGTGGGCTTC-1,1,Endo CLDN5 SLC7A5,0.35026210312696787,Endo CLDN5 SLC7A5,
TGAGGTTAGGTACAAT-1,0,Endo CLDN5 SLC7A5,0.8069623036791699,Endo CLDN5 SLC7A5,
TGAGGTTGTTTGGCTA-1,0,Endo CLDN5 SLC7A5,0.4740207919961878,Endo CLDN5 SLC7A5,
TGAGGTTTCCGTAGGC-1,1,Endo CLDN5 SLC7A5,0.5910859861042845,Endo CLDN5 SLC7A5,
TGAGTCAAGAGCAACC-1,1,Endo CLDN5 SLC7A5,0.9351108056639724,Endo CLDN5 SLC7A5,
TGAGTCAAGGCACGAT-1,0,Endo CLDN5 SLC7A5,0.8698634978383306,Endo CLDN5 SLC7A5,
TGATCAGAGTTCCGGC-1,0,Endo CLDN5 SLC7A5,0.5228519857456563,Endo CLDN5 SLC7A5,
TGATCAGCAAAGAACT-1,0,Oligo MOG OPALIN,0.365772664405808,Endo CLDN5 SLC7A5,
TGATCAGCAAGCAGGT-1,0,Endo CLDN5 SLC7A5,0.6387705520516904,Endo CLDN5 SLC7A5,
TGATCAGCAGATCATC-1,0,Endo CLDN5 SLC7A5,0.34589270975133446,Endo CLDN5 SLC7A5,
TGATCAGGTTGTGGCC-1,0,Endo CLDN5 SLC7A5,0.5484485832286826,Endo CLDN5 SLC7A5,
TGATCAGTCCCTCGTA-1,1,Endo CLDN5 SLC7A5,0.5189755293935354,Endo CLDN5 SLC7A5,
TGATCTTAGGCAATGC-1,0,Endo CLDN5 SLC7A5,0.6854527944783194,Endo CLDN5 SLC7A5,
TGATCTTGTGGAGAAA-1,0,Oligo MOG OPALIN,0.30505236554623943,Endo CLDN5 SLC7A5,
TGATCTTTCACGGTCG-1,0,Endo CLDN5 SLC7A5,0.5669691879775858,Endo CLDN5 SLC7A5,
TGATCTTTCGTCGCTT-1,0,Endo CLDN5 SLC7A5,0.9367779699916426,Endo CLDN5 SLC7A5,
TGATCTTTCTGCGTCT-1,0,Endo CLDN5 SLC7A5,0.4225788952154586,Endo CLDN5 SLC7A5,
TGATGCACACTCTGCT-1,0,Endo CLDN5 SLC7A5,0.47200997851739673,Endo CLDN5 SLC7A5,
TGATGGTCAGGTCCCA-1,3,L2-3 CUX2 ACVR1C THSD7A,0.9926273284954645,L2-3 CUX2 ACVR1C THSD7A,
TGATTCTAGCGTTAGG-1,0,L2-3 CUX2 NTNG1 PALMD,0.5850984963094094,Endo CLDN5 SLC7A5,
TGATTCTAGGGATCAC-1,6,Micro P2RY12 APBB1IP,0.9951632117995998,Micro P2RY12 APBB1IP,
TGATTTCGTTACACTG-1,0,Oligo MOG OPALIN,0.8154646045853576,Endo CLDN5 SLC7A5,
TGATTTCTCCAGCTCT-1,0,Endo CLDN5 SLC7A5,0.48880026403512983,Endo CLDN5 SLC7A5,
TGATTTCTCGACCACG-1,3,L2-3 CUX2 ACVR1C THSD7A,0.9995010860316345,L2-3 CUX2 ACVR1C THSD7A,
TGATTTCTCTCAACGA-1,0,Endo CLDN5 SLC7A5,0.9308664174119927,Endo CLDN5 SLC7A5,
TGCACGGAGAGTCCGA-1,0,Oligo MOG OPALIN,0.9784685958921914,Endo CLDN5 SLC7A5,
TGCACGGAGCGTCAGA-1,1,Endo CLDN5 SLC7A5,0.9775949902500753,Endo CLDN5 SLC7A5,
TGCACGGCAAATTAGG-1,0,Endo CLDN5 SLC7A5,0.9669081326102105,Endo CLDN5 SLC7A5,
TGCACGGCACGGATCC-1,2,Oligo MOG OPALIN,0.9998031974976449,Oligo MOG OPALIN,
TGCACGGGTCCAGCCA-1,8,InN VIP HS3ST3B1,0.9995669354601215,InN VIP HS3ST3B1,
TGCAGATCAAATGCTC-1,0,Endo CLDN5 SLC7A5,0.5303015713668178,Endo CLDN5 SLC7A5,
TGCAGATTCAACTTTC-1,0,L2-3 CUX2 NTNG1 PALMD,0.49845585260268394,Endo CLDN5 SLC7A5,
TGCAGGCTCGCAGATT-1,1,Oligo MOG OPALIN,0.8877038120273384,Endo CLDN5 SLC7A5,
TGCAGTAAGGTTCTTG-1,0,Endo CLDN5 SLC7A5,0.35573682273978685,Endo CLDN5 SLC7A5,
TGCAGTACAGTTAGAA-1,0,Endo CLDN5 SLC7A5,0.9814947499848488,Endo CLDN5 SLC7A5,
TGCATCCGTTCTGAGT-1,0,Oligo MOG OPALIN,0.7844979476771762,Endo CLDN5 SLC7A5,
TGCATCCTCCACTTTA-1,0,Oligo MOG OPALIN,0.47232025029553676,Endo CLDN5 SLC7A5,
TGCATGAAGGACAAGA-1,0,Oligo MOG OPALIN,0.9182613431310257,Endo CLDN5 SLC7A5,
TGCATGACAGATTAAG-1,3,L3-5 RORB MKX DCC,0.9931284549851567,L2-3 CUX2 ACVR1C THSD7A,
TGCATGAGTCCAATCA-1,0,Endo CLDN5 SLC7A5,0.741210306302615,Endo CLDN5 SLC7A5,
TGCATGATCAAGCTGT-1,0,Endo CLDN5 SLC7A5,0.5096236613580294,Endo CLDN5 SLC7A5,
TGCCGAGTCTCCCATG-1,0,Endo CLDN5 SLC7A5,0.4663419389742926,Endo CLDN5 SLC7A5,
TGCCGAGTCTGCATGA-1,1,Endo CLDN5 SLC7A5,0.876090993031987,Endo CLDN5 SLC7A5,
TGCGACGAGCAACTCT-1,0,Oligo MOG OPALIN,0.8708694944800215,Endo CLDN5 SLC7A5,
TGCGACGAGGCTAGCA-1,4,VLMC COL1A2 SLC13A3,0.9671423503167687,Endo CLDN5 SLC7A5,
TGCGACGGTCATGACT-1,0,Endo CLDN5 SLC7A5,0.6316037105108685,Endo CLDN5 SLC7A5,
TGCGACGTCGGAGTGA-1,0,Endo CLDN5 SLC7A5,0.7735342711183575,Endo CLDN5 SLC7A5,
TGCGACGTCGGATACT-1,0,Endo CLDN5 SLC7A5,0.48070714324845915,Endo CLDN5 SLC7A5,
TGCGATACAAGAGTAT-1,0,Oligo MOG OPALIN,0.9360262431778835,Endo CLDN5 SLC7A5,
TGCGATACATAACTCG-1,0,Endo CLDN5 SLC7A5,0.9910228534251218,Endo CLDN5 SLC7A5,
TGCGATACATAGGCGA-1,0,Endo CLDN5 SLC7A5,0.9219943716771566,Endo CLDN5 SLC7A5,
TGCGATAGTACCTTCC-1,0,Endo CLDN5 SLC7A5,0.6718464157643814,Endo CLDN5 SLC7A5,
TGCGGCAAGAAGCGGG-1,3,L2-3 CUX2 ACVR1C THSD7A,0.6009214639807019,L2-3 CUX2 ACVR1C THSD7A,
TGCGGCAAGCGCCTCA-1,0,Endo CLDN5 SLC7A5,0.44145563760270473,Endo CLDN5 SLC7A5,
TGCGGCAAGGCTCAAG-1,1,Oligo MOG OPALIN,0.8033485339956475,Endo CLDN5 SLC7A5,
TGCGGCACAATTGCAC-1,2,Oligo MOG OPALIN,0.9999648961554504,Oligo MOG OPALIN,
TGCGGCACACAAAGCG-1,0,Oligo MOG OPALIN,0.43718892134853343,Endo CLDN5 SLC7A5,
TGCGGCACATCACGGC-1,0,Endo CLDN5 SLC7A5,0.5887527999087726,Endo CLDN5 SLC7A5,
TGCGGCAGTCTTCTAT-1,0,Endo CLDN5 SLC7A5,0.7331666606040197,Endo CLDN5 SLC7A5,
TGCGGCATCCGCGATG-1,0,Endo CLDN5 SLC7A5,0.3680388077561687,Endo CLDN5 SLC7A5,
TGCGGCATCGTAACTG-1,0,Endo CLDN5 SLC7A5,0.5556573999205068,Endo CLDN5 SLC7A5,
TGCTCCAAGATACATG-1,1,Oligo MOG OPALIN,0.9430241133111203,Endo CLDN5 SLC7A5,
TGCTCCAAGTTTGTCG-1,0,Endo CLDN5 SLC7A5,0.4249660559812765,Endo CLDN5 SLC7A5,
TGCTCCACAGTATACC-1,0,Endo CLDN5 SLC7A5,0.9145632521658293,Endo CLDN5 SLC7A5,
TGCTCCATCTCCTACG-1,5,Astro GFAP FABP7,0.9797742827497294,Astro AQP4 SLC1A2,
TGCTCGTAGACAACAT-1,0,Endo CLDN5 SLC7A5,0.4357705657258146,Endo CLDN5 SLC7A5,
TGCTCGTTCATTCGTT-1,0,Endo CLDN5 SLC7A5,0.8494594588927522,Endo CLDN5 SLC7A5,
TGCTGAAAGAGTTGAT-1,0,Oligo MOG OPALIN,0.9928699875629842,Endo CLDN5 SLC7A5,
TGCTGAAAGTTTCGAC-1,0,Endo CLDN5 SLC7A5,0.9497352764832984,Endo CLDN5 SLC7A5,
TGCTTCGGTCGCCACA-1,0,Oligo MOG OPALIN,0.42974478619701795,Endo CLDN5 SLC7A5,
TGCTTGCAGCCGCACT-1,0,Oligo MOG OPALIN,0.9872661301939947,Endo CLDN5 SLC7A5,
TGCTTGCTCGGTAACT-1,0,Oligo MOG OPALIN,0.4355447871502327,Endo CLDN5 SLC7A5,
TGCTTGCTCTCGTCAC-1,3,L5-6 FEZF2 NXPH2 GRIK1,0.9964689687498292,L2-3 CUX2 ACVR1C THSD7A,
TGGAACTGTGGATTTC-1,4,Endo CLDN5 SLC7A5,0.9998202162347294,Endo CLDN5 SLC7A5,
TGGAACTGTTCCTAAG-1,0,Endo CLDN5 SLC7A5,0.36435014092675105,Endo CLDN5 SLC7A5,
TGGAACTTCCTCCACA-1,0,Oligo MOG OPALIN,0.9741868784396692,Endo CLDN5 SLC7A5,
TGGAGAGAGAGAGCAA-1,0,Endo CLDN5 SLC7A5,0.9896343830597655,Endo CLDN5 SLC7A5,
TGGAGAGAGGATACAT-1,2,Oligo MOG OPALIN,0.4716914217860216,Oligo MOG OPALIN,
TGGAGAGAGGTAGCCA-1,0,Oligo MOG OPALIN,0.8406288101898001,Endo CLDN5 SLC7A5,
TGGAGAGCATGTTTGG-1,0,Endo CLDN5 SLC7A5,0.5077423640867202,Endo CLDN5 SLC7A5,
TGGAGAGGTCGATGCC-1,0,Endo CLDN5 SLC7A5,0.5253350341321616,Endo CLDN5 SLC7A5,
TGGAGAGGTTTCCAAG-1,0,Endo CLDN5 SLC7A5,0.71557113321388,Endo CLDN5 SLC7A5,
TGGAGGAGTACCCAGC-1,0,Endo CLDN5 SLC7A5,0.8617361105533001,Endo CLDN5 SLC7A5,
TGGAGGATCAAGTTGC-1,0,Endo CLDN5 SLC7A5,0.3387116588062048,Endo CLDN5 SLC7A5,
TGGAGGATCCAACACA-1,0,Oligo MOG OPALIN,0.9325448357782556,Endo CLDN5 SLC7A5,
TGGATCAAGGATCACG-1,4,Endo CLDN5 SLC7A5,0.9980992119925045,Endo CLDN5 SLC7A5,
TGGATCAAGGTTGTTC-1,0,Endo CLDN5 SLC7A5,0.41480670255038,Endo CLDN5 SLC7A5,
TGGATCACAAATCAAG-1,0,Endo CLDN5 SLC7A5,0.6125402085818679,Endo CLDN5 SLC7A5,
TGGATCACAGGACAGT-1,0,Endo CLDN5 SLC7A5,0.9745808658113295,Endo CLDN5 SLC7A5,
TGGATCATCGCAATGT-1,1,Endo CLDN5 SLC7A5,0.6786604606417099,Endo CLDN5 SLC7A5,
TGGATGTAGTCATACC-1,0,Endo CLDN5 SLC7A5,0.5670559021121029,Endo CLDN5 SLC7A5,
TGGATGTCACAGCTGC-1,0,L2-3 CUX2 NTNG1 COL5A2,0.8187483886753139,Endo CLDN5 SLC7A5,
TGGATGTGTCACGCTG-1,1,Endo CLDN5 SLC7A5,0.9385765735816456,Endo CLDN5 SLC7A5,
TGGATGTGTGTCTTCC-1,8,InN VIP ADAM12,0.990250534991759,InN VIP HS3ST3B1,
TGGATGTTCAAGGACG-1,2,Oligo MOG OPALIN,0.9998916710594667,Oligo MOG OPALIN,
TGGATGTTCAGCTCTC-1,0,Endo CLDN5 SLC7A5,0.9035829343104157,Endo CLDN5 SLC7A5,
TGGATGTTCCACATAG-1,0,Oligo MOG OPALIN,0.7937870456978491,Endo CLDN5 SLC7A5,
TGGATGTTCGCTCTCA-1,0,Endo CLDN5 SLC7A5,0.7545654720678726,Endo CLDN5 SLC7A5,
TGGATGTTCGGCTGGT-1,0,Endo CLDN5 SLC7A5,0.6734999004976229,Endo CLDN5 SLC7A5,
TGGCGTGCAAAGTGTA-1,0,Endo CLDN5 SLC7A5,0.8391224966148151,Endo CLDN5 SLC7A5,
TGGCGTGCAGGCTTGC-1,0,Oligo MOG OPALIN,0.9032088887518003,Endo CLDN5 SLC7A5,
TGGGAAGCAGGGATAC-1,0,Oligo MOG OPALIN,0.6291628537688159,Endo CLDN5 SLC7A5,
TGGGAGAAGTGAGTTA-1,1,Endo CLDN5 SLC7A5,0.9994309629365968,Endo CLDN5 SLC7A5,
TGGGAGACACCACTGG-1,0,Oligo MOG OPALIN,0.6742598020161328,Endo CLDN5 SLC7A5,
TGGGAGAGTACAGGTG-1,0,Endo CLDN5 SLC7A5,0.5165330276315944,Endo CLDN5 SLC7A5,
TGGGAGAGTAGACGTG-1,0,Endo CLDN5 SLC7A5,0.9775771900418414,Endo CLDN5 SLC7A5,
TGGGAGATCCCTGTTG-1,0,Endo CLDN5 SLC7A5,0.4435430893735294,Endo CLDN5 SLC7A5,
TGGGAGATCCTTTGAT-1,0,Endo CLDN5 SLC7A5,0.49360604811433606,Endo CLDN5 SLC7A5,
TGGGATTAGAGAAGGT-1,2,Oligo MOG GSN,0.9965092767603099,Oligo MOG OPALIN,
TGGGATTGTCACCGCA-1,0,L2-3 CUX2 NTNG1 PALMD,0.3948916305520807,Endo CLDN5 SLC7A5,
TGGGATTGTCCTCAGG-1,0,Endo CLDN5 SLC7A5,0.3196170624774181,Endo CLDN5 SLC7A5,
TGGGATTGTGCCGTTG-1,8,InN PVALB SNTB1,0.5367165871567471,InN VIP HS3ST3B1,
TGGGATTTCCACGGGT-1,2,Oligo MOG GSN,0.43627644475731103,Oligo MOG OPALIN,
TGGGATTTCGGCCTTT-1,0,Endo CLDN5 SLC7A5,0.37941339003976793,Endo CLDN5 SLC7A5,
TGGGATTTCTCGCAGG-1,0,Endo CLDN5 SLC7A5,0.3842785243104076,Endo CLDN5 SLC7A5,
TGGGCGTCACTTACAG-1,0,Oligo MOG OPALIN,0.6830006297137445,Endo CLDN5 SLC7A5,
TGGGCGTGTACCATAC-1,0,Endo CLDN5 SLC7A5,0.4288779843169637,Endo CLDN5 SLC7A5,
TGGGCTGTCTGTGCAA-1,0,Oligo MOG OPALIN,0.7982273900254516,Endo CLDN5 SLC7A5,
TGGGTTAAGCAACTTC-1,0,Endo CLDN5 SLC7A5,0.8877119822712695,Endo CLDN5 SLC7A5,
TGGGTTAGTACGGGAT-1,1,Endo CLDN5 SLC7A5,0.9905080352591904,Endo CLDN5 SLC7A5,
TGGTACAAGTCATAGA-1,3,L2-3 CUX2 NTNG1 PALMD,0.4529122371290126,L2-3 CUX2 ACVR1C THSD7A,
TGGTACAGTGAGGAAA-1,0,Endo CLDN5 SLC7A5,0.6689852375403954,Endo CLDN5 SLC7A5,
TGGTACATCTGCTCTG-1,0,Endo CLDN5 SLC7A5,0.5885277715683198,Endo CLDN5 SLC7A5,
TGGTAGTAGTGATTCC-1,0,Oligo MOG OPALIN,0.5067722140686175,Endo CLDN5 SLC7A5,
TGGTAGTCAACCCTCT-1,0,Endo CLDN5 SLC7A5,0.7685725696110056,Endo CLDN5 SLC7A5,
TGGTAGTCAATGAACA-1,0,Oligo MOG OPALIN,0.755730006637525,Endo CLDN5 SLC7A5,
TGGTAGTTCAACCTCC-1,0,Endo CLDN5 SLC7A5,0.9054930425722104,Endo CLDN5 SLC7A5,
TGGTGATAGATAGGGA-1,0,Endo CLDN5 SLC7A5,0.49792642668184134,Endo CLDN5 SLC7A5,
TGGTGATAGCCAAGCA-1,0,Oligo MOG OPALIN,0.6944609726959666,Endo CLDN5 SLC7A5,
TGGTGATTCGATCCCT-1,0,Oligo MOG OPALIN,0.5841302778029634,Endo CLDN5 SLC7A5,
TGGTGATTCGGTATGT-1,0,Endo CLDN5 SLC7A5,0.7435148293166516,Endo CLDN5 SLC7A5,
TGTAACGAGATTAGCA-1,0,L2-3 CUX2 NTNG1 PALMD,0.4491802359060615,Endo CLDN5 SLC7A5,
TGTAACGGTCTCACGG-1,0,Endo CLDN5 SLC7A5,0.9249509612166485,Endo CLDN5 SLC7A5,
TGTAACGGTGTTAGCT-1,2,Oligo MOG OPALIN,0.997317521367637,Oligo MOG OPALIN,
TGTAACGTCCTAAGTG-1,0,Endo CLDN5 SLC7A5,0.323595098481092,Endo CLDN5 SLC7A5,
TGTAACGTCCTTATAC-1,0,Endo CLDN5 SLC7A5,0.9714703580336952,Endo CLDN5 SLC7A5,
TGTAACGTCGATTTCT-1,0,Endo CLDN5 SLC7A5,0.9099557520346144,Endo CLDN5 SLC7A5,
TGTAACGTCGTACCTC-1,0,Endo CLDN5 SLC7A5,0.9810242606563468,Endo CLDN5 SLC7A5,
TGTAAGCAGATTCGCT-1,2,Oligo MOG GSN,0.99888186223581,Oligo MOG OPALIN,
TGTAAGCTCATTGCCC-1,0,Endo CLDN5 SLC7A5,0.5423290910961174,Endo CLDN5 SLC7A5,
TGTACAGGTAGCTGTT-1,0,Endo CLDN5 SLC7A5,0.7211088340288226,Endo CLDN5 SLC7A5,
TGTACAGTCAAGGAGC-1,0,Micro P2RY12 APBB1IP,0.9866814128026681,Endo CLDN5 SLC7A5,
TGTACAGTCCCGAATA-1,0,Endo CLDN5 SLC7A5,0.3672559219222655,Endo CLDN5 SLC7A5,
TGTAGACAGATAACGT-1,0,Endo CLDN5 SLC7A5,0.9510856523499229,Endo CLDN5 SLC7A5,
TGTAGACAGCGTCGAA-1,1,Endo CLDN5 SLC7A5,0.9120649326232133,Endo CLDN5 SLC7A5,
TGTAGACAGTCTGTAC-1,0,Astro AQP4 SLC1A2,0.8822529457042,Endo CLDN5 SLC7A5,
TGTAGACCAATGAAAC-1,0,Endo CLDN5 SLC7A5,0.9340954224239186,Endo CLDN5 SLC7A5,
TGTAGACGTAGAGGAA-1,1,Oligo MOG OPALIN,0.9090431872381902,Endo CLDN5 SLC7A5,
TGTAGACGTCCAAATC-1,2,Oligo MOG OPALIN,0.9999796869238708,Oligo MOG OPALIN,
TGTAGACGTTGCATCA-1,0,Endo CLDN5 SLC7A5,0.4852803306925599,Endo CLDN5 SLC7A5,
TGTAGACGTTTGGCTA-1,1,Endo CLDN5 SLC7A5,0.5845350453011455,Endo CLDN5 SLC7A5,
TGTAGACTCGAACCAT-1,0,Oligo MOG OPALIN,0.9278798637173442,Endo CLDN5 SLC7A5,
TGTAGACTCGGCACTG-1,0,Endo CLDN5 SLC7A5,0.4290091247923852,Endo CLDN5 SLC7A5,
TGTCAGACACACCGCA-1,0,Endo CLDN5 SLC7A5,0.975847102912402,Endo CLDN5 SLC7A5,
TGTCAGAGTGCCGGTT-1,0,Endo CLDN5 SLC7A5,0.95270415186097,Endo CLDN5 SLC7A5,
TGTCCACAGCAAGCCA-1,0,Oligo MOG OPALIN,0.876380809382487,Endo CLDN5 SLC7A5,
TGTCCACAGCCAACCC-1,0,Oligo MOG OPALIN,0.9998267868241442,Endo CLDN5 SLC7A5,
TGTCCACAGCCTGAGA-1,0,Endo CLDN5 SLC7A5,0.8229667033323662,Endo CLDN5 SLC7A5,
TGTCCACAGGTCGCCT-1,0,Oligo MOG OPALIN,0.5687928744333771,Endo CLDN5 SLC7A5,
TGTCCACGTGAGTTGG-1,2,Oligo MOG OPALIN,0.99999670131629,Oligo MOG OPALIN,
TGTCCACTCGCCCAGA-1,0,Oligo MOG OPALIN,0.946065992985099,Endo CLDN5 SLC7A5,
TGTCCCACATGGTGGA-1,0,Endo CLDN5 SLC7A5,0.8135397914169468,Endo CLDN5 SLC7A5,
TGTCCCAGTAACACGG-1,0,Endo CLDN5 SLC7A5,0.9996073725441996,Endo CLDN5 SLC7A5,
TGTCCCAGTTTAGTCG-1,0,Oligo MOG OPALIN,0.34510008917929286,Endo CLDN5 SLC7A5,
TGTCCTGTCACTCGAA-1,0,Endo CLDN5 SLC7A5,0.7055194410431652,Endo CLDN5 SLC7A5,
TGTCCTGTCGCCGATG-1,0,Endo CLDN5 SLC7A5,0.637567449742997,Endo CLDN5 SLC7A5,
TGTGAGTGTACGGGAT-1,0,Oligo MOG OPALIN,0.9097864455037953,Endo CLDN5 SLC7A5,
TGTGATGAGGATGAGA-1,1,Endo CLDN5 SLC7A5,0.9989997641850673,Endo CLDN5 SLC7A5,
TGTGATGGTCATCCGG-1,0,Endo CLDN5 SLC7A5,0.9852757983165084,Endo CLDN5 SLC7A5,
TGTGATGTCGCCTAGG-1,0,Oligo MOG OPALIN,0.8485438700898895,Endo CLDN5 SLC7A5,
TGTGATGTCTCGACGG-1,1,Endo CLDN5 SLC7A5,0.997616154327427,Endo CLDN5 SLC7A5,
TGTGCGGAGGCTAACG-1,0,Oligo MOG OPALIN,0.889683224787672,Endo CLDN5 SLC7A5,
TGTGCGGCACGACCTG-1,0,L2-3 CUX2 NTNG1 PALMD,0.3600829187270719,Endo CLDN5 SLC7A5,
TGTGCGGTCCGATCTC-1,0,Endo CLDN5 SLC7A5,0.48294300247674676,Endo CLDN5 SLC7A5,
TGTGGCGCATTAGGAA-1,3,L2-3 CUX2 ACVR1C THSD7A,0.9960078325429658,L2-3 CUX2 ACVR1C THSD7A,
TGTGGCGGTCACAATC-1,0,Endo CLDN5 SLC7A5,0.9899128607921971,Endo CLDN5 SLC7A5,
TGTGGCGGTCTTTCTA-1,0,Endo CLDN5 SLC7A5,0.38035569294886135,Endo CLDN5 SLC7A5,
TGTGGCGTCATGTCAG-1,0,Endo CLDN5 SLC7A5,0.8751486411171007,Endo CLDN5 SLC7A5,
TGTGTGAAGTCACTAC-1,0,Endo CLDN5 SLC7A5,0.4654489320108346,Endo CLDN5 SLC7A5,
TGTGTGAAGTTGCTGT-1,0,L2-3 CUX2 NTNG1 PALMD,0.3672122258220593,Endo CLDN5 SLC7A5,
TGTGTGACAAGTACCT-1,0,Oligo MOG OPALIN,0.3416112723165581,Endo CLDN5 SLC7A5,
TGTTACTAGTCGAGGT-1,5,Endo CLDN5 SLC7A5,0.3009263864969748,Astro AQP4 SLC1A2,
TGTTACTGTAGAATAC-1,0,Endo CLDN5 SLC7A5,0.9745178464524479,Endo CLDN5 SLC7A5,
TGTTCATCAGGAGGAG-1,0,Endo CLDN5 SLC7A5,0.3992541185901546,Endo CLDN5 SLC7A5,
TGTTCATCATGAATAG-1,6,Micro P2RY12 APBB1IP,0.9765697748997595,Micro P2RY12 APBB1IP,
TGTTCATGTACTCCGG-1,0,Oligo MOG OPALIN,0.9791061351443046,Endo CLDN5 SLC7A5,
TGTTCATGTCTGATAC-1,0,Endo CLDN5 SLC7A5,0.7269088190493828,Endo CLDN5 SLC7A5,
TGTTCCGAGAAGATCT-1,0,Endo CLDN5 SLC7A5,0.6754632163054821,Endo CLDN5 SLC7A5,
TGTTCCGAGATCCTAC-1,0,Endo CLDN5 SLC7A5,0.7167369597803418,Endo CLDN5 SLC7A5,
TGTTCCGAGATGAACT-1,0,Oligo MOG OPALIN,0.9932480830830674,Endo CLDN5 SLC7A5,
TGTTCCGCATACAGCT-1,7,OPC PDGFRA PCDH15,0.9999999999996323,OPC PDGFRA PCDH15,
TGTTCCGCATTACGGT-1,0,Endo CLDN5 SLC7A5,0.6207130861974113,Endo CLDN5 SLC7A5,
TGTTCCGGTCGCAGTC-1,0,Endo CLDN5 SLC7A5,0.98110572536618,Endo CLDN5 SLC7A5,
TGTTCCGTCAGCGGAA-1,0,Endo CLDN5 SLC7A5,0.5872851026836575,Endo CLDN5 SLC7A5,
TGTTCCGTCATCTACT-1,0,Oligo MOG OPALIN,0.8958922372325204,Endo CLDN5 SLC7A5,
TGTTCCGTCTTCTTCC-1,4,Endo CLDN5 SLC7A5,0.9999714659947594,Endo CLDN5 SLC7A5,
TGTTCTATCTTAGGAC-1,0,Endo CLDN5 SLC7A5,0.8525690339649096,Endo CLDN5 SLC7A5,
TGTTGAGCAATCGCCG-1,0,Endo CLDN5 SLC7A5,0.9679021986332943,Endo CLDN5 SLC7A5,
TGTTGAGCACTACCGG-1,0,Oligo MOG OPALIN,0.9835793706616509,Endo CLDN5 SLC7A5,
TGTTGAGGTATGACAA-1,1,Endo CLDN5 SLC7A5,0.4310629245164379,Endo CLDN5 SLC7A5,
TGTTGAGGTTTATGCG-1,0,L2-3 CUX2 NTNG1 PALMD,0.8259191604731472,Endo CLDN5 SLC7A5,
TGTTGGATCCAAGCTA-1,0,Endo CLDN5 SLC7A5,0.5813276489279613,Endo CLDN5 SLC7A5,
TGTTGGATCCACGGGT-1,0,Endo CLDN5 SLC7A5,0.9744994867497526,Endo CLDN5 SLC7A5,
TGTTTGTGTGTTGACT-1,4,Endo CLDN5 SLC7A5,0.6625554809498136,Endo CLDN5 SLC7A5,
TGTTTGTTCCAGTACA-1,0,Endo CLDN5 SLC7A5,0.722119498304622,Endo CLDN5 SLC7A5,
TTAATCCAGCCAAGCA-1,0,Endo CLDN5 SLC7A5,0.8036430231084378,Endo CLDN5 SLC7A5,
TTAATCCGTTTCGTGA-1,2,Oligo MOG OPALIN,0.9970163170483718,Oligo MOG OPALIN,
TTAATCCTCACACCCT-1,1,Endo CLDN5 SLC7A5,0.9867821684233632,Endo CLDN5 SLC7A5,
TTACAGGGTAGTCGGA-1,5,Astro AQP4 SLC1A2,0.6426774087447923,Astro AQP4 SLC1A2,
TTACAGGTCATTGTGG-1,0,Oligo MOG OPALIN,0.9040917253631452,Endo CLDN5 SLC7A5,
TTACAGGTCCTTATGT-1,1,Endo CLDN5 SLC7A5,0.9936200838313968,Endo CLDN5 SLC7A5,
TTACCATAGACGATAT-1,2,Oligo MOG OPALIN,0.998957959787721,Oligo MOG OPALIN,
TTACCATAGGAAGTAG-1,0,Oligo MOG OPALIN,0.358764541420619,Endo CLDN5 SLC7A5,
TTACCATCATCATTGG-1,0,Endo CLDN5 SLC7A5,0.9726372238717369,Endo CLDN5 SLC7A5,
TTACCATGTAGTCTGT-1,0,L2-3 CUX2 NTNG1 PALMD,0.46823390486837746,Endo CLDN5 SLC7A5,
TTACCGCAGGATATGT-1,0,Oligo MOG OPALIN,0.37877641357704844,Endo CLDN5 SLC7A5,
TTACCGCGTAGCTTGT-1,1,Endo CLDN5 SLC7A5,0.9888189765719,Endo CLDN5 SLC7A5,
TTACGCCCAATTTCCT-1,0,Endo CLDN5 SLC7A5,0.8736138657306207,Endo CLDN5 SLC7A5,
TTACTGTAGAACCGCA-1,0,Oligo MOG OPALIN,0.7401757690910623,Endo CLDN5 SLC7A5,
TTACTGTCACCCATAA-1,0,L2-3 CUX2 ACVR1C INHBA,0.6676419232045788,Endo CLDN5 SLC7A5,
TTACTGTGTAGGTTTC-1,2,Endo CLDN5 SLC7A5,0.8072901929106358,Oligo MOG OPALIN,
TTACTGTTCTTGGCTC-1,0,Endo CLDN5 SLC7A5,0.6418583860632201,Endo CLDN5 SLC7A5,
TTAGGCACAACCGACC-1,1,Endo CLDN5 SLC7A5,0.9984445747104473,Endo CLDN5 SLC7A5,
TTAGGCACACCTGCAG-1,8,InN ADARB2 SFRP2,0.995981044678674,InN VIP HS3ST3B1,
TTAGGCACATGAATCC-1,0,Endo CLDN5 SLC7A5,0.520258659217082,Endo CLDN5 SLC7A5,
TTAGGGTGTCCGGACT-1,0,Endo CLDN5 SLC7A5,0.8717432450340798,Endo CLDN5 SLC7A5,
TTAGGGTGTGTGATGG-1,0,Oligo MOG OPALIN,0.9654431722400717,Endo CLDN5 SLC7A5,
TTAGGGTTCTCTTGCG-1,1,Endo CLDN5 SLC7A5,0.999638312408121,Endo CLDN5 SLC7A5,
TTAGTCTAGATAGTGT-1,3,L6 FEZF2 DCBLD1 MITF,0.8465857733136241,L2-3 CUX2 ACVR1C THSD7A,
TTAGTCTGTCGATTTG-1,0,Endo CLDN5 SLC7A5,0.639113478446549,Endo CLDN5 SLC7A5,
TTAGTCTTCAGTCAGT-1,0,Oligo MOG OPALIN,0.8052180303154283,Endo CLDN5 SLC7A5,
TTAGTCTTCCTGTTGC-1,0,Oligo MOG OPALIN,0.9587504885780269,Endo CLDN5 SLC7A5,
TTATTGCAGTCGGCAA-1,0,Oligo MOG FRY,0.3493860734227096,Endo CLDN5 SLC7A5,
TTCAATCAGATGACAT-1,0,Endo CLDN5 SLC7A5,0.8872595355998546,Endo CLDN5 SLC7A5,
TTCAATCCACAGTACT-1,3,L3-5 RORB MKX GRIN3A,0.9511383608449012,L2-3 CUX2 ACVR1C THSD7A,
TTCAATCCACCTGCGA-1,0,Oligo MOG OPALIN,0.7335896262212968,Endo CLDN5 SLC7A5,
TTCAATCCATCCTTGC-1,1,Endo CLDN5 SLC7A5,0.9368495738057009,Endo CLDN5 SLC7A5,
TTCAATCTCCGGTTCT-1,0,Endo CLDN5 SLC7A5,0.7475415587151303,Endo CLDN5 SLC7A5,
TTCACCGAGGACACTG-1,0,Oligo MOG OPALIN,0.5505854925628424,Endo CLDN5 SLC7A5,
TTCACCGGTAGCTTTG-1,1,Endo CLDN5 SLC7A5,0.9407291183693193,Endo CLDN5 SLC7A5,
TTCACGCCAGCAGGAT-1,0,Endo CLDN5 SLC7A5,0.5107610264880255,Endo CLDN5 SLC7A5,
TTCACGCGTAGTCGTT-1,0,Endo CLDN5 SLC7A5,0.37870304621585565,Endo CLDN5 SLC7A5,
TTCAGGACAAACGAGC-1,0,Endo CLDN5 SLC7A5,0.6022416850085096,Endo CLDN5 SLC7A5,
TTCAGGACAATGGGTG-1,0,Endo CLDN5 SLC7A5,0.5028641522416475,Endo CLDN5 SLC7A5,
TTCAGGACACAACCGC-1,1,Endo CLDN5 SLC7A5,0.999780144169872,Endo CLDN5 SLC7A5,
TTCAGGACACGCCACA-1,0,Endo CLDN5 SLC7A5,0.457746430257857,Endo CLDN5 SLC7A5,
TTCAGGATCAAGTGGG-1,0,Oligo MOG OPALIN,0.9473953875574818,Endo CLDN5 SLC7A5,
TTCAGGATCGGAATTC-1,0,Endo CLDN5 SLC7A5,0.8958211467228205,Endo CLDN5 SLC7A5,
TTCAGGATCGGCGATC-1,1,Endo CLDN5 SLC7A5,0.9093585121664556,Endo CLDN5 SLC7A5,
TTCATGTGTACTGGGA-1,0,Endo CLDN5 SLC7A5,0.8683388964554086,Endo CLDN5 SLC7A5,
TTCATGTTCCTTATAC-1,0,Oligo MOG OPALIN,0.9245596377738281,Endo CLDN5 SLC7A5,
TTCATTGAGCTCTGTA-1,0,Oligo MOG OPALIN,0.8632055800961238,Endo CLDN5 SLC7A5,
TTCATTGAGTATGTAG-1,0,Endo CLDN5 SLC7A5,0.42139491461582534,Endo CLDN5 SLC7A5,
TTCATTGGTGGTATGG-1,0,L2-3 CUX2 NTNG1 PALMD,0.43677808652076777,Endo CLDN5 SLC7A5,
TTCATTGGTTTACCAG-1,0,Oligo MOG OPALIN,0.8261548909432094,Endo CLDN5 SLC7A5,
TTCATTGTCAACCTTT-1,1,Endo CLDN5 SLC7A5,0.9871478387905391,Endo CLDN5 SLC7A5,
TTCATTGTCCATATGG-1,0,Endo CLDN5 SLC7A5,0.46932037768204315,Endo CLDN5 SLC7A5,
TTCCAATGTAACAGTA-1,0,Oligo MOG OPALIN,0.8820518264856867,Endo CLDN5 SLC7A5,
TTCCAATGTATGAGAT-1,0,Oligo MOG OPALIN,0.7073518064179951,Endo CLDN5 SLC7A5,
TTCCACGAGGAAAGGT-1,2,Oligo MOG OPALIN,0.9999993085555976,Oligo MOG OPALIN,
TTCCACGGTATCGCAT-1,0,L2-3 CUX2 NTNG1 PALMD,0.7778894594575565,Endo CLDN5 SLC7A5,
TTCCACGGTCACGCTG-1,0,Endo CLDN5 SLC7A5,0.35016136839522066,Endo CLDN5 SLC7A5,
TTCCACGGTTCGGTAT-1,1,Endo CLDN5 SLC7A5,0.726505184898225,Endo CLDN5 SLC7A5,
TTCCACGTCCACTGGG-1,0,Endo CLDN5 SLC7A5,0.9954285967362687,Endo CLDN5 SLC7A5,
TTCCACGTCGTGGAAG-1,1,Endo CLDN5 SLC7A5,0.7201525937902159,Endo CLDN5 SLC7A5,
TTCCGGTCAGGTGAGT-1,0,L2-3 CUX2 NTNG1 PALMD,0.6729752464650484,Endo CLDN5 SLC7A5,
TTCCGGTTCACTCACC-1,0,Oligo MOG OPALIN,0.5815502712151246,Endo CLDN5 SLC7A5,
TTCCGGTTCATACAGC-1,0,Endo CLDN5 SLC7A5,0.9456413635795046,Endo CLDN5 SLC7A5,
TTCCGGTTCCAGGACC-1,0,Endo CLDN5 SLC7A5,0.9464276902832547,Endo CLDN5 SLC7A5,
TTCCGGTTCGGACTTA-1,0,Endo CLDN5 SLC7A5,0.31936780416075156,Endo CLDN5 SLC7A5,
TTCCGGTTCTAGAGCT-1,0,Endo CLDN5 SLC7A5,0.5315743493328353,Endo CLDN5 SLC7A5,
TTCCGTGAGGGTATAT-1,0,Oligo MOG OPALIN,0.6236583948143961,Endo CLDN5 SLC7A5,
TTCCGTGCAAGTCGTT-1,4,VLMC COL1A2 SLC13A3,0.8216873035352147,Endo CLDN5 SLC7A5,
TTCCGTGGTTTGGAAA-1,1,Endo CLDN5 SLC7A5,0.9924245254282952,Endo CLDN5 SLC7A5,
TTCCGTGTCAAGCCGC-1,0,Oligo MOG OPALIN,0.38388908365399854,Endo CLDN5 SLC7A5,
TTCCGTGTCCGATCGG-1,0,Endo CLDN5 SLC7A5,0.32586629534124373,Endo CLDN5 SLC7A5,
TTCCGTGTCGGTCTAA-1,0,Oligo MOG OPALIN,0.3492318804135961,Endo CLDN5 SLC7A5,
TTCCTAAAGATCGCTT-1,0,Endo CLDN5 SLC7A5,0.9279614961412497,Endo CLDN5 SLC7A5,
TTCCTAAAGGATACAT-1,0,Oligo MOG OPALIN,0.8016530934472182,Endo CLDN5 SLC7A5,
TTCCTAACAGACACCC-1,0,InN SST STK32A,0.9567557829057305,Endo CLDN5 SLC7A5,
TTCCTAACAGGTCCGT-1,0,Endo CLDN5 SLC7A5,0.7066453808532506,Endo CLDN5 SLC7A5,
TTCCTAAGTATCGAAA-1,0,Oligo MOG OPALIN,0.78074282027449,Endo CLDN5 SLC7A5,
TTCCTAAGTATGATCC-1,0,Oligo MOG OPALIN,0.9999453037626337,Endo CLDN5 SLC7A5,
TTCCTCTCATTCCTAT-1,0,Endo CLDN5 SLC7A5,0.9959465738648092,Endo CLDN5 SLC7A5,
TTCCTCTGTGCACATT-1,6,Micro P2RY12 APBB1IP,0.3798170791509614,Micro P2RY12 APBB1IP,
TTCCTCTTCAAAGCCT-1,0,Endo CLDN5 SLC7A5,0.9694406772844502,Endo CLDN5 SLC7A5,
TTCCTTCAGAATAGTC-1,0,Endo CLDN5 SLC7A5,0.7493259193156081,Endo CLDN5 SLC7A5,
TTCCTTCGTTTGAACC-1,0,Endo CLDN5 SLC7A5,0.32234228119976466,Endo CLDN5 SLC7A5,
TTCGATTCACAGTACT-1,0,Endo CLDN5 SLC7A5,0.9459890095546627,Endo CLDN5 SLC7A5,
TTCGATTCAGGATCTT-1,0,Oligo MOG OPALIN,0.9297224188046026,Endo CLDN5 SLC7A5,
TTCGATTGTCATCAGT-1,0,Oligo MOG OPALIN,0.8344239710248575,Endo CLDN5 SLC7A5,
TTCGATTGTGCATTAC-1,0,L3-5 RORB MKX GRIN3A,0.4295625834939955,Endo CLDN5 SLC7A5,
TTCGCTGCACAAGCTT-1,1,Endo CLDN5 SLC7A5,0.9880633532094546,Endo CLDN5 SLC7A5,
TTCGCTGTCCCACAGG-1,0,Endo CLDN5 SLC7A5,0.919988660878588,Endo CLDN5 SLC7A5,
TTCGCTGTCTAGGCCG-1,0,Endo CLDN5 SLC7A5,0.9128216442706227,Endo CLDN5 SLC7A5,
TTCGCTGTCTGCCTGT-1,0,Endo CLDN5 SLC7A5,0.7804836374083606,Endo CLDN5 SLC7A5,
TTCGGTCAGAGCATCG-1,0,Endo CLDN5 SLC7A5,0.4853221735377287,Endo CLDN5 SLC7A5,
TTCGGTCAGCGCCTAC-1,0,Endo CLDN5 SLC7A5,0.8862693346457502,Endo CLDN5 SLC7A5,
TTCGGTCAGGAGAGGC-1,1,Endo CLDN5 SLC7A5,0.41033188680814636,Endo CLDN5 SLC7A5,
TTCGGTCCACAAACGG-1,6,Micro P2RY12 APBB1IP,0.9964514288679277,Micro P2RY12 APBB1IP,
TTCGGTCGTAACAAGT-1,0,Endo CLDN5 SLC7A5,0.923998193019447,Endo CLDN5 SLC7A5,
TTCGGTCGTGCAAGAC-1,0,Endo CLDN5 SLC7A5,0.5835781660521832,Endo CLDN5 SLC7A5,
TTCGGTCTCACTGGTA-1,0,Endo CLDN5 SLC7A5,0.9244563175726116,Endo CLDN5 SLC7A5,
TTCGGTCTCTCATTTG-1,0,L2-3 CUX2 NTNG1 PALMD,0.9137763531264212,Endo CLDN5 SLC7A5,
TTCTAACAGCTACTGT-1,1,Endo CLDN5 SLC7A5,0.9793193813466168,Endo CLDN5 SLC7A5,
TTCTAACCACCCTAGG-1,0,Oligo MOG OPALIN,0.3998814932315416,Endo CLDN5 SLC7A5,
TTCTAACGTGGGTCAA-1,0,Endo CLDN5 SLC7A5,0.6510820427706803,Endo CLDN5 SLC7A5,
TTCTAGTAGCTCCATA-1,0,Endo CLDN5 SLC7A5,0.9996741841614414,Endo CLDN5 SLC7A5,
TTCTAGTCATTGTGCA-1,0,Oligo MOG OPALIN,0.3800226808769943,Endo CLDN5 SLC7A5,
TTCTCTCCAAACAGGC-1,1,Endo CLDN5 SLC7A5,0.9952157443291728,Endo CLDN5 SLC7A5,
TTCTCTCCAGACTCTA-1,0,Endo CLDN5 SLC7A5,0.7081548278129085,Endo CLDN5 SLC7A5,
TTCTCTCGTTATCTGG-1,2,Oligo MOG OPALIN,0.9999835093913805,Oligo MOG OPALIN,
TTCTCTCTCGACCTAA-1,3,L2-3 CUX2 ACVR1C THSD7A,0.9663123224563788,L2-3 CUX2 ACVR1C THSD7A,
TTCTCTCTCGAGCACC-1,0,Oligo MOG OPALIN,0.6455771684686521,Endo CLDN5 SLC7A5,
TTCTGTAAGAAGCGGG-1,0,Oligo MOG OPALIN,0.9835968289525312,Endo CLDN5 SLC7A5,
TTCTGTAAGCTGTCCG-1,0,Oligo MOG OPALIN,0.42614174825179374,Endo CLDN5 SLC7A5,
TTCTGTACAACCACAT-1,2,Oligo MOG OPALIN,0.9996196832054153,Oligo MOG OPALIN,
TTCTGTAGTATGGGAC-1,0,Oligo MOG OPALIN,0.3107581281756463,Endo CLDN5 SLC7A5,
TTCTGTATCAGTCTTT-1,1,Endo CLDN5 SLC7A5,0.9591021838295357,Endo CLDN5 SLC7A5,
TTCTGTATCTCATGCC-1,0,Oligo MOG OPALIN,0.9254388267897643,Endo CLDN5 SLC7A5,
TTCTTCCGTCACATTG-1,0,Endo CLDN5 SLC7A5,0.44960639075293374,Endo CLDN5 SLC7A5,
TTCTTCCGTTTAGACC-1,0,Oligo MOG OPALIN,0.4775893236890302,Endo CLDN5 SLC7A5,
TTGAACGCACATATGC-1,0,Endo CLDN5 SLC7A5,0.34187589969951854,Endo CLDN5 SLC7A5,
TTGAACGCAGTCAGTT-1,4,PC P2RY14 GRM8,0.9870124277295517,Endo CLDN5 SLC7A5,
TTGAACGTCGGCATCG-1,0,Endo CLDN5 SLC7A5,0.6015501128909071,Endo CLDN5 SLC7A5,
TTGACCCCAGGCTTGC-1,0,Endo CLDN5 SLC7A5,0.5693181893440196,Endo CLDN5 SLC7A5,
TTGAGTGGTTACACAC-1,2,Oligo MOG OPALIN,0.9999781289932914,Oligo MOG OPALIN,
TTGAGTGTCTAACGGT-1,0,Endo CLDN5 SLC7A5,0.9033808236250173,Endo CLDN5 SLC7A5,
TTGAGTGTCTCTTAAC-1,1,Endo CLDN5 SLC7A5,0.8318464739208125,Endo CLDN5 SLC7A5,
TTGATGGAGCACCTGC-1,2,Oligo MOG FRY,0.9838627362147677,Oligo MOG OPALIN,
TTGCATTAGCCGGATA-1,0,Oligo MOG OPALIN,0.6194740544827275,Endo CLDN5 SLC7A5,
TTGCATTCAAAGGGTC-1,0,Oligo MOG OPALIN,0.3170420415623364,Endo CLDN5 SLC7A5,
TTGCATTCAATCTCTT-1,3,L3-5 RORB TNNT2 TSHZ2,0.6094709317458268,L2-3 CUX2 ACVR1C THSD7A,
TTGCATTGTTTGATCG-1,0,Endo CLDN5 SLC7A5,0.7278784939779204,Endo CLDN5 SLC7A5,
TTGCATTTCCAATCTT-1,2,Oligo MOG OPALIN,0.9979844859639196,Oligo MOG OPALIN,
TTGCATTTCCACAGCG-1,0,Oligo MOG OPALIN,0.9860697415846015,Endo CLDN5 SLC7A5,
TTGCCTGAGACAACTA-1,0,Endo CLDN5 SLC7A5,0.9878820135425116,Endo CLDN5 SLC7A5,
TTGCGTCCAGAGAATT-1,0,Oligo MOG OPALIN,0.9496443793064043,Endo CLDN5 SLC7A5,
TTGCGTCCAGATTTCG-1,0,Endo CLDN5 SLC7A5,0.3058304751619949,Endo CLDN5 SLC7A5,
TTGCGTCCAGCAAGAC-1,0,L2-3 CUX2 ACVR1C INHBA,0.5000376674328535,Endo CLDN5 SLC7A5,
TTGCTGCTCCCAGCGA-1,0,Endo CLDN5 SLC7A5,0.9916369789665662,Endo CLDN5 SLC7A5,
TTGGATGAGCTGCCAC-1,1,Endo CLDN5 SLC7A5,0.9078633105274678,Endo CLDN5 SLC7A5,
TTGGGATAGAGTGAAG-1,1,Endo CLDN5 SLC7A5,0.8989711591662891,Endo CLDN5 SLC7A5,
TTGGGATTCCCTTGGT-1,4,Endo CLDN5 SLC7A5,0.8479285253320542,Endo CLDN5 SLC7A5,
TTGGGCGAGACATAGT-1,0,Oligo MOG OPALIN,0.3852916966194798,Endo CLDN5 SLC7A5,
TTGGGCGAGGAGCAAA-1,1,Endo CLDN5 SLC7A5,0.4486782962432169,Endo CLDN5 SLC7A5,
TTGGGCGAGGATTTCC-1,0,Endo CLDN5 SLC7A5,0.8248074915735644,Endo CLDN5 SLC7A5,
TTGGGCGCAACAAGAT-1,0,Endo CLDN5 SLC7A5,0.9538647663924286,Endo CLDN5 SLC7A5,
TTGGGCGGTTGCCTAA-1,0,Endo CLDN5 SLC7A5,0.6968815152932575,Endo CLDN5 SLC7A5,
TTGGGCGTCGCCAATA-1,0,Endo CLDN5 SLC7A5,0.6361258981439893,Endo CLDN5 SLC7A5,
TTGGGTACAAGGGCAT-1,1,Endo CLDN5 SLC7A5,0.9663874986936486,Endo CLDN5 SLC7A5,
TTGGGTATCGTTCCTG-1,0,Endo CLDN5 SLC7A5,0.9593815730459869,Endo CLDN5 SLC7A5,
TTGTGGATCTAAGGAA-1,0,Endo CLDN5 SLC7A5,0.47032345958421506,Endo CLDN5 SLC7A5,
TTGTGTTAGCAGCACA-1,0,Endo CLDN5 SLC7A5,0.9873346053054018,Endo CLDN5 SLC7A5,
TTGTGTTCACAATGAA-1,0,Endo CLDN5 SLC7A5,0.6687173094061446,Endo CLDN5 SLC7A5,
TTGTGTTGTTGTCAGT-1,0,Endo CLDN5 SLC7A5,0.9943037277430645,Endo CLDN5 SLC7A5,
TTGTGTTTCGTAACAC-1,6,Micro P2RY12 APBB1IP,0.851457319198987,Micro P2RY12 APBB1IP,
TTGTTCAGTGATAGTA-1,0,Endo CLDN5 SLC7A5,0.8488370698799721,Endo CLDN5 SLC7A5,
TTGTTCAGTGCCGTAC-1,2,Oligo MOG GSN,0.9923529440104907,Oligo MOG OPALIN,
TTGTTCATCCGTATAG-1,0,Oligo MOG OPALIN,0.6943568191579441,Endo CLDN5 SLC7A5,
TTGTTGTTCGCTAGCG-1,0,Endo CLDN5 SLC7A5,0.3221593301350922,Endo CLDN5 SLC7A5,
TTGTTGTTCTGCGAGC-1,4,Endo CLDN5 SLC7A5,0.8375206952368563,Endo CLDN5 SLC7A5,
TTGTTTGAGGATGTTA-1,0,Endo CLDN5 SLC7A5,0.3402575882272578,Endo CLDN5 SLC7A5,
TTGTTTGAGGTAAGGA-1,2,Oligo MOG OPALIN,0.9999979514340549,Oligo MOG OPALIN,
TTGTTTGAGTGATAGT-1,3,L2-3 CUX2 ACVR1C THSD7A,0.9907910078957559,L2-3 CUX2 ACVR1C THSD7A,
TTGTTTGCACGATTCA-1,0,Endo CLDN5 SLC7A5,0.7618492218316675,Endo CLDN5 SLC7A5,
TTGTTTGCACGTAGAG-1,0,Oligo MOG OPALIN,0.9606008856468357,Endo CLDN5 SLC7A5,
TTTACCAAGTTGTCAC-1,0,Endo CLDN5 SLC7A5,0.9288150540700655,Endo CLDN5 SLC7A5,
TTTACCAGTATCGTAC-1,0,Oligo MOG OPALIN,0.9866084277366118,Endo CLDN5 SLC7A5,
TTTACTGCAGTGTACT-1,0,Endo CLDN5 SLC7A5,0.880263015492257,Endo CLDN5 SLC7A5,
TTTAGTCGTGCGAGTA-1,2,Astro AQP4 SLC1A2,0.9714682513118063,Oligo MOG OPALIN,
TTTAGTCTCCGCAAAT-1,5,Astro AQP4 SLC1A2,0.9997672399926706,Astro AQP4 SLC1A2,
TTTAGTCTCTCGAACA-1,0,Endo CLDN5 SLC7A5,0.6020691887993465,Endo CLDN5 SLC7A5,
TTTATGCAGCCACAAG-1,0,Endo CLDN5 SLC7A5,0.8271230305919182,Endo CLDN5 SLC7A5,
TTTATGCAGCCGATCC-1,7,OPC PDGFRA PCDH15,0.9999999999999967,OPC PDGFRA PCDH15,
TTTATGCGTTGGAGAC-1,0,Oligo MOG OPALIN,0.32343765985465334,Endo CLDN5 SLC7A5,
TTTATGCGTTTGGAGG-1,0,Oligo MOG OPALIN,0.5507279800101289,Endo CLDN5 SLC7A5,
TTTATGCTCGGACCAC-1,0,Endo CLDN5 SLC7A5,0.7521470674446743,Endo CLDN5 SLC7A5,
TTTCACAAGGGTCTTT-1,0,Oligo MOG OPALIN,0.7491339450578135,Endo CLDN5 SLC7A5,
TTTCACATCTAGAACC-1,0,Oligo MOG OPALIN,0.9947650956230822,Endo CLDN5 SLC7A5,
TTTCAGTAGCTAAGTA-1,0,Endo CLDN5 SLC7A5,0.6250651853956078,Endo CLDN5 SLC7A5,
TTTCAGTAGTATGGCG-1,0,Endo CLDN5 SLC7A5,0.5664274977742736,Endo CLDN5 SLC7A5,
TTTCAGTGTAGCGTAG-1,0,Oligo MOG OPALIN,0.7290912735667059,Endo CLDN5 SLC7A5,
TTTCAGTTCGACGAGA-1,1,Endo CLDN5 SLC7A5,0.99916522404628,Endo CLDN5 SLC7A5,
TTTCCTCGTTAATGAG-1,0,Oligo MOG OPALIN,0.7901240093042705,Endo CLDN5 SLC7A5,
TTTCCTCTCACTCCGT-1,0,Oligo MOG OPALIN,0.6168830899830515,Endo CLDN5 SLC7A5,
TTTCGATAGGACGCAT-1,0,Endo CLDN5 SLC7A5,0.7002344689407041,Endo CLDN5 SLC7A5,
TTTCGATGTAGAGACC-1,0,Endo CLDN5 SLC7A5,0.8366938226977896,Endo CLDN5 SLC7A5,
TTTCGATTCTGGTGGC-1,0,Oligo MOG OPALIN,0.5725767327185618,Endo CLDN5 SLC7A5,
TTTGACTCAGCCGTCA-1,0,Oligo MOG OPALIN,0.8495841726135801,Endo CLDN5 SLC7A5,
TTTGACTGTCAGACTT-1,1,Endo CLDN5 SLC7A5,0.9805119703248645,Endo CLDN5 SLC7A5,
TTTGACTGTGCGTTTA-1,0,Endo CLDN5 SLC7A5,0.781482904457703,Endo CLDN5 SLC7A5,
TTTGATCAGAATGTTG-1,0,Endo CLDN5 SLC7A5,0.995300743613134,Endo CLDN5 SLC7A5,
TTTGATCCAAATGGAT-1,0,Endo CLDN5 SLC7A5,0.5626896805537086,Endo CLDN5 SLC7A5,
TTTGATCCAGAAGCTG-1,1,Oligo MOG OPALIN,0.9870391625823571,Endo CLDN5 SLC7A5,
TTTGATCGTCTGTCAA-1,0,Endo CLDN5 SLC7A5,0.9199804608098215,Endo CLDN5 SLC7A5,
TTTGGAGGTCACTGAT-1,0,Endo CLDN5 SLC7A5,0.8134658215129803,Endo CLDN5 SLC7A5,
TTTGGAGGTGTAACGG-1,1,Endo CLDN5 SLC7A5,0.7714458606806698,Endo CLDN5 SLC7A5,
TTTGGAGTCCGTCACT-1,0,L2-3 CUX2 NTNG1 PALMD,0.9302137193547124,Endo CLDN5 SLC7A5,
TTTGGTTAGCGATGAC-1,0,Endo CLDN5 SLC7A5,0.3329708140553624,Endo CLDN5 SLC7A5,
TTTGTTGAGCTAAATG-1,0,Oligo MOG OPALIN,0.9885411609304051,Endo CLDN5 SLC7A5,
TTTGTTGCAGAGTCTT-1,3,L2-3 CUX2 ACVR1C THSD7A,0.9223166217839802,L2-3 CUX2 ACVR1C THSD7A,
TTTGTTGGTAGATTGA-1,0,Endo CLDN5 SLC7A5,0.9755190012526198,Endo CLDN5 SLC7A5,
TTTGTTGGTCACCCTT-1,3,L6 FEZF2 DCBLD1 MITF,0.9702855373423802,L2-3 CUX2 ACVR1C THSD7A,
TTTGTTGTCCAAGCTA-1,2,Oligo MOG OPALIN,0.9999872628383297,Oligo MOG OPALIN,
TTTGTTGTCCCTTGGT-1,0,Endo CLDN5 SLC7A5,0.7547482675125511,Endo CLDN5 SLC7A5,
