,ctpt_individual_prediction,ctpt_confidence
AAACCCACAGTCTGGC-1,OPC PDGFRA PCDH15,0.9999999999999893
AAACCCATCCACGTGG-1,InN VIP EXPH5,0.11632290453075535
AAACGAAAGCCTCCAG-1,Endo CLDN5 IL1R1,0.09601024546500474
AAACGAAAGTAGGCCA-1,InN LAMP5 BMP7,0.010458159019419344
AAACGCTAGAGATTCA-1,InN ADARB2 PALMD,0.04218214189841992
AAACGCTAGGCACGAT-1,InN VIP EXPH5,0.3596321274546067
AAACGCTCAGCATCTA-1,Endo CLDN5 IL1R1,0.02161344208418724
AAACGCTTCTGGCCTT-1,Endo CLDN5 IL1R1,0.49481692780551195
AAAGAACAGAGGCGTT-1,Oligo MOG OPALIN,0.9894358819000081
AAAGGATTCAGCGGAA-1,Endo CLDN5 IL1R1,0.030685594066543875
AAAGGGCAGACCATTC-1,L2-3 CUX2 ACVR1C THSD7A,0.026983152174240348
AAAGGGCAGAGCCGTA-1,InN PVALB HPSE,0.03670470991532479
AAAGGGCAGGATCACG-1,L2-3 CUX2 NTNG1 PALMD,0.04906882414037161
AAAGGGCAGTGGAATT-1,InN VIP EXPH5,0.012580969136813976
AAAGGGCGTAACGATA-1,InN VIP EXPH5,0.1294565747960554
AAAGGGCTCTTCTGGC-1,OPC PDGFRA PCDH15,0.9999999999998452
AAAGGTAGTATACCTG-1,InN VIP EXPH5,0.13135502486539194
AAAGGTATCACTGGTA-1,OPC PDGFRA PCDH15,0.9999999999996239
AAAGTGAAGCTACTGT-1,OPC PDGFRA PCDH15,0.9999999999999725
AAAGTGACAAACTCTG-1,Endo CLDN5 IL1R1,0.23205573190187956
AAATGGAAGCGATTCT-1,Endo CLDN5 IL1R1,0.15052453405512914
AAATGGAGTAGGACCA-1,InN PVALB HPSE,0.0214716056886834
AAATGGATCCCGAGGT-1,Oligo MOG OPALIN,0.999919955105827
AACAAAGAGAAGTCAT-1,Micro P2RY12 APBB1IP,0.9511217790927543
AACAAAGCAATTCGTG-1,OPC PDGFRA PCDH15,0.999999999999823
AACAAAGTCGCGCCAA-1,Endo CLDN5 IL1R1,0.1594105211241265
AACAACCAGGAGATAG-1,InN VIP EXPH5,0.041176694499022004
AACAACCAGTAGCAAT-1,OPC PDGFRA PCDH15,0.9999999999999805
AACAAGAGTAGGAAAG-1,Astro GFAP AQP1,0.30637565089419055
AACACACAGTCCTACA-1,OPC PDGFRA PCDH15,0.999999999999998
AACACACTCATAGGCT-1,InN SST FREM1,0.05724373338411407
AACACACTCTACCAGA-1,Endo CLDN5 IL1R1,0.3100790003828559
AACAGGGAGCCTTCTC-1,Endo CLDN5 IL1R1,0.13536070470649933
AACAGGGAGGACAACC-1,Endo CLDN5 IL1R1,0.041262423870377686
AACAGGGCAGGTAGTG-1,Endo CLDN5 IL1R1,0.037144243021155966
AACAGGGCATACCATG-1,Endo CLDN5 IL1R1,0.06241724178650224
AACAGGGGTGGTCTCG-1,Astro AQP4 SLC1A2,0.5092749403318908
AACAGGGTCACTTATC-1,InN SST FREM1,0.04797491709629562
AACAGGGTCCTCTAGC-1,Oligo MOG OPALIN,0.999860212248933
AACAGGGTCGTCCTTG-1,L2-3 CUX2 NTNG1 PALMD,0.015123185634889832
AACAGGGTCTATCACT-1,Oligo MOG FRY,0.469289237344179
AACCAACGTTTCTTAC-1,L5-6 FEZF2 NXPH2 GRIK1,0.3644292660260692
AACCAACTCGACATAC-1,Oligo MOG GSN,0.9999961394172004
AACCAACTCGTAGCTA-1,Endo CLDN5 IL1R1,0.0861340658227124
AACCAACTCTCGACCT-1,L2-3 CUX2 NTNG1 PALMD,0.14674278870973753
AACCACACAAGTGGAC-1,Oligo MOG GSN,0.999997942121611
AACCACAGTCCTCCTA-1,InN SST FREM1,0.03291178676194357
AACCATGAGGTCATAA-1,OPC PDGFRA PCDH15,0.9999999999983793
AACCATGTCATACAGC-1,Oligo MOG GSN,0.07547360143540419
AACCATGTCTAGTCAG-1,Oligo MOG OPALIN,0.9999482682237097
AACCCAAAGCGTTGTT-1,Endo CLDN5 IL1R1,0.18641003227234237
AACCCAAAGGGTATAT-1,Oligo MOG OPALIN,0.01371419849340614
AACCCAAAGTCACTAC-1,Endo CLDN5 IL1R1,0.08128105785986053
AACCCAACAATGTGGG-1,Endo CLDN5 IL1R1,0.06165238971644928
AACCCAACACTTGGGC-1,Endo CLDN5 IL1R1,0.14704448903198505
AACCCAATCAAGCTTG-1,Endo CLDN5 IL1R1,0.07522290660828684
AACCTGAGTGGGCTCT-1,Endo CLDN5 IL1R1,0.09319238770500266
AACCTTTCATTGAAGA-1,Endo CLDN5 IL1R1,0.03101759934314406
AACGAAAAGGAACTCG-1,Endo CLDN5 IL1R1,0.18569564430375804
AACGAAAGTGCTAGCC-1,OPC PDGFRA PCDH15,0.9999999999953013
AACGAAAGTGGAAGTC-1,InN VIP EXPH5,0.1063777769377726
AACGAAAGTGGCGTAA-1,OPC PDGFRA PCDH15,0.9999999691418097
AACGGGAAGCCTGACC-1,Astro AQP4 SLC1A2,0.04375383142754303
AACGGGATCGTGCTCT-1,Endo CLDN5 IL1R1,0.012348076121397168
AACGTCACACAACGCC-1,Endo CLDN5 IL1R1,0.04196880969128184
AACGTCAGTGATGTAA-1,Astro AQP4 SLC1A2,0.25994792357292495
AACGTCAGTTGCCAAT-1,L2-3 CUX2 NTNG1 PALMD,0.020779990436019715
AACTTCTTCCATTCAT-1,Micro P2RY12 APBB1IP,0.14037995058452976
AACTTCTTCCTTCTTC-1,InN SST FREM1,0.008702564150538985
AAGACAAAGAGGTCAC-1,OPC PDGFRA PCDH15,0.9999999985616657
AAGACAACAGAGCTAG-1,Endo CLDN5 IL1R1,0.029418059849997687
AAGACAATCGTGCGAC-1,Astro AQP4 SLC1A2,0.5156465341674714
AAGACTCAGGTTCAGG-1,Endo CLDN5 IL1R1,0.3561338316867304
AAGACTCCACTTGTGA-1,Endo CLDN5 IL1R1,0.09200600945794557
AAGACTCCAGACCAAG-1,Endo CLDN5 IL1R1,0.07601902656976109
AAGACTCGTGTGACCC-1,Oligo MOG OPALIN,0.9922046964793078
AAGACTCTCCTTGGAA-1,L5-6 FEZF2 NXPH2 GRIK1,0.08414610570219302
AAGACTCTCTGAATGC-1,Endo CLDN5 IL1R1,0.030100136273898393
AAGATAGCATCATCTT-1,InN PVALB HPSE,0.021326638724796173
AAGATAGGTCCCTGTT-1,Endo CLDN5 IL1R1,0.03669446607926318
AAGATAGTCCTTGACC-1,Oligo MOG OPALIN,0.9999878622135739
AAGATAGTCGAAATCC-1,OPC PDGFRA PCDH15,0.9999999999999296
AAGATAGTCTTTCCAA-1,Endo CLDN5 IL1R1,0.11249266591732254
AAGCATCAGGTTGGTG-1,InN SST FREM1,0.029992147315165633
AAGCATCTCGTTCAGA-1,Endo CLDN5 IL1R1,0.036974822225403554
AAGCCATAGCCGCTTG-1,InN VIP EXPH5,0.031379090596655036
AAGCCATAGGCGAACT-1,InN VIP EXPH5,0.13472046010404734
AAGCCATCAGGAGACT-1,Endo CLDN5 IL1R1,0.12333952901261389
AAGCCATGTATTCTCT-1,Astro AQP4 OSMR,0.5742210040482786
AAGCGAGTCAAGCCCG-1,Endo CLDN5 IL1R1,0.3041099067599803
AAGCGAGTCCTCACTG-1,OPC PDGFRA PCDH15,0.9999999999997269
AAGCGTTAGAGAGCCT-1,OPC PDGFRA PCDH15,0.9993958013941795
AAGCGTTAGCGAGTCA-1,InN PVALB SYT2,0.05230983588168703
AAGCGTTCATGTTCGA-1,OPC PDGFRA PCDH15,0.9999999999938041
AAGCGTTGTCCGAAAG-1,L2-3 CUX2 ACVR1C THSD7A,0.9978315919308081
AAGCGTTGTCTACGAT-1,Endo CLDN5 IL1R1,0.2594793986890426
AAGCGTTTCGCGATCG-1,Oligo MOG OPALIN,0.12227874765128326
AAGGAATAGCCTGAGA-1,OPC PDGFRA PCDH15,0.9987943612067613
AAGGAATAGGCACCAA-1,Endo CLDN5 IL1R1,0.03183940659719526
AAGGAATGTACCAATC-1,OPC PDGFRA PCDH15,0.9999999999999409
AAGGAATGTTTACTGG-1,Endo CLDN5 IL1R1,0.026593523368279724
AAGGAATTCCGTTGAA-1,Endo CLDN5 IL1R1,0.015085183133683294
AAGGAATTCCTGTACC-1,L2-3 CUX2 ACVR1C THSD7A,0.13881553024299437
AAGGTAAAGAGAGTGA-1,Micro P2RY12 CCL3,0.008307768872904934
AAGGTAACAACTTGCA-1,Endo CLDN5 IL1R1,0.1175396060810571
AAGGTAAGTGAACTAA-1,OPC PDGFRA PCDH15,0.9999999999999931
AAGGTAATCGAGAAAT-1,Oligo MOG GSN,0.9999998538108996
AAGTACCCACTAACCA-1,PC P2RY14 GRM8,0.009638795664850847
AAGTACCGTGATACCT-1,Oligo MOG OPALIN,0.9999402694807286
AAGTACCGTGTATCCA-1,OPC PDGFRA PCDH15,0.9999999999996116
AAGTCGTGTCTTCATT-1,Endo CLDN5 IL1R1,0.15300680427423324
AAGTCGTGTTGAGAGC-1,Oligo MOG OPALIN,0.9995873207096457
AAGTCGTTCCGGTAAT-1,Endo CLDN5 IL1R1,0.24093744482202312
AAGTCGTTCGTAATGC-1,InN PVALB HPSE,0.09214950013419027
AAGTCGTTCTTTGATC-1,OPC PDGFRA PCDH15,0.9999999999754887
AAGTGAATCATGCCAA-1,InN SST FREM1,0.036941267044215575
AATAGAGAGGATTTCC-1,Endo CLDN5 IL1R1,0.323414355937072
AATAGAGCACAGACGA-1,InN SST FREM1,0.17542767584576763
AATAGAGGTTGCATTG-1,Endo CLDN5 IL1R1,0.0650163421489205
AATAGAGGTTGGACCC-1,Endo CLDN5 IL1R1,0.17554093128723208
AATCACGGTCACATTG-1,Oligo MOG OPALIN,0.18845814757018517
AATCACGGTTGTAGCT-1,InN VIP EXPH5,0.04430216030370892
AATCACGTCCACTGAA-1,Endo CLDN5 IL1R1,0.29961969087165735
AATCACGTCCATAGAC-1,Astro GFAP AQP1,0.2521716075069332
AATCACGTCGCAAGAG-1,InN VIP EXPH5,0.032711861693868
AATCGACCAGGATGAC-1,Endo CLDN5 IL1R1,0.09779982308915117
AATCGACGTAGCTGTT-1,Endo CLDN5 IL1R1,0.08491406585182872
AATCGACGTCGTACAT-1,Endo CLDN5 IL1R1,0.28602223586948017
AATCGACTCCATGCAA-1,OPC PDGFRA PCDH15,0.9999846330725696
AATCGACTCTTCCAGC-1,InN VIP EXPH5,0.06714276624500906
AATCGTGGTCATCCGG-1,InN SST ADAMTSL1,0.0143857732010616
AATGAAGGTTCTCGCT-1,Endo CLDN5 IL1R1,0.3322245050409255
AATGACCAGAAGTCAT-1,Astro GFAP AQP1,0.03266166772362189
AATGACCAGTCACTAC-1,Endo CLDN5 IL1R1,0.5993044696762799
AATGACCCACGCACCA-1,Oligo MOG OPALIN,0.9997290441004695
AATGCCATCCTACACC-1,Oligo MOG OPALIN,0.9999810302284304
AATGGAAAGAAGTCAT-1,L2-3 CUX2 ACVR1C THSD7A,0.013695500393620075
AATGGAAAGCAGCACA-1,InN VIP EXPH5,0.03566497872960297
AATGGAAAGCTACGTT-1,Endo CLDN5 IL1R1,0.018414717869379964
AATGGAACACTGGATT-1,InN SST FREM1,0.21684492695017143
AATGGAACAGTGGTGA-1,InN ADARB2 PALMD,0.011027449314118457
AATGGAAGTCAGGTAG-1,Endo CLDN5 IL1R1,0.6945017118179094
AATGGAATCCCAAGCG-1,InN LAMP5 LHX6 PROX1,0.3751549691584176
AATGGCTCACGTTCGG-1,Oligo MOG OPALIN,0.9998821166101535
AATTCCTAGTCGTTAC-1,OPC PDGFRA PCDH15,0.9999999999996452
AATTCCTCAATGCTCA-1,Endo CLDN5 IL1R1,0.0347364105722165
AATTCCTGTCACTGAT-1,Endo CLDN5 IL1R1,0.013917374006250418
AATTTCCGTAACTGCT-1,Endo CLDN5 IL1R1,0.08290072347662011
AATTTCCGTCGTTGCG-1,Endo CLDN5 IL1R1,0.03898092861837704
AATTTCCGTGAGATAT-1,Endo CLDN5 IL1R1,0.05884250045681892
AATTTCCGTGCCTTTC-1,OPC PDGFRA PCDH15,0.9999999999974458
AATTTCCTCAGAGTGG-1,Endo CLDN5 IL1R1,0.19952929136941383
ACAAAGACAAGTGACG-1,Endo CLDN5 IL1R1,0.27904836354802665
ACAAAGAGTCCACTCT-1,InN PVALB HPSE,0.0533471587679104
ACAACCACAGACCGCT-1,Endo CLDN5 IL1R1,0.09146740560548347
ACAACCAGTACAGCGA-1,Endo CLDN5 IL1R1,0.052830876664691044
ACAACCATCGTGCGAC-1,Micro P2RY12 GLDN,0.9370638522960394
ACAAGCTAGAAGGATG-1,OPC PDGFRA PCDH15,0.9999999999975757
ACAAGCTCAATTGTGC-1,InN VIP EXPH5,0.02072498404567793
ACAAGCTCATGGGCAA-1,Endo CLDN5 IL1R1,0.019631276045707104
ACAAGCTTCGACGCGT-1,InN VIP EXPH5,0.31397868299275694
ACACAGTAGATTCGAA-1,InN SST FREM1,0.15707535252256605
ACACAGTCAAGCAGGT-1,PC P2RY14 GRM8,0.9999999749056891
ACACAGTCAGGTTCAT-1,PC P2RY14 GRM8,0.21764247984815813
ACACAGTGTGTCCTAA-1,Endo CLDN5 IL1R1,0.38804924230222226
ACACAGTTCGATACTG-1,Endo CLDN5 IL1R1,0.10823962413889342
ACACCAAAGCGTGTCC-1,Astro AQP4 SLC1A2,0.6730065759907116
ACACCAACAATTGCCA-1,InN LAMP5 BMP7,0.12409965717313365
ACACCAAGTGCAAGAC-1,L2-3 CUX2 ACVR1C THSD7A,0.29135806288809024
ACACGCGCAATAGAGT-1,InN VIP EXPH5,0.18064973877819634
ACACGCGCATCTAACG-1,InN LAMP5 LHX6 PROX1,0.010176984025129827
ACACGCGGTACTGCCG-1,Endo CLDN5 IL1R1,0.3065320526684244
ACACGCGGTCTGTTAG-1,Endo CLDN5 IL1R1,0.005906228736343077
ACACGCGTCGATACAC-1,Endo CLDN5 IL1R1,0.031461024656674975
ACACTGAGTAACGTTC-1,OPC PDGFRA PCDH15,0.9999999999999796
ACACTGAGTATCACGT-1,L2-3 CUX2 NTNG1 PALMD,0.0648858687463207
ACACTGAGTGTCCACG-1,Endo CLDN5 IL1R1,0.012033385930081476
ACACTGATCCTCTGCA-1,OPC PDGFRA PCDH15,0.9999999999993809
ACACTGATCTCGGTAA-1,Endo CLDN5 IL1R1,0.07290189358341694
ACAGAAACAGCATACT-1,Oligo MOG OPALIN,0.03183875204964041
ACAGAAACAGCTGAAG-1,OPC PDGFRA PCDH15,0.9999999999999927
ACAGAAAGTAGAGATT-1,InN ADARB2 PALMD,0.014419234080892719
ACAGAAATCATAAGGA-1,Endo CLDN5 IL1R1,0.19706390740376456
ACAGCCGAGAAGGGAT-1,Endo CLDN5 IL1R1,0.2148998289589554
ACAGGGAGTTAAGAAC-1,InN SST FREM1,0.06481378079380756
ACAGGGAGTTAGAAGT-1,Endo CLDN5 IL1R1,0.0974856285515203
ACAGGGATCCGATGTA-1,Oligo MOG OPALIN,0.9997138018294005
ACATCCCTCAAGGTGG-1,Endo CLDN5 IL1R1,0.03606293436502263
ACATCGACACCAGCGT-1,OPC PDGFRA PCDH15,0.9999999999941394
ACATCGAGTTAAAGTG-1,L2-4 CUX2 RORB CLMN,0.03968389742221142
ACATGCAAGGTACCTT-1,OPC PDGFRA PCDH15,0.9999999999994029
ACATGCACAAGTGGCA-1,InN LAMP5 LHX6 PROX1,0.24019466901965006
ACATGCAGTAGAAACT-1,Astro AQP4 SLC1A2,0.5493894017649942
ACATGCAGTCACTCTC-1,Oligo MOG OPALIN,0.9715933042996746
ACATGCAGTGAGAACC-1,L5-6 FEZF2 NXPH2 GRIK1,0.010604944912238684
ACATGCAGTTAGGACG-1,Endo CLDN5 IL1R1,0.03560227603731588
ACATGCATCCCTATTA-1,L3-5 RORB MKX GALR1,0.055903231118232866
ACATGCATCGTCGACG-1,Endo CLDN5 IL1R1,0.7346190185992985
ACATTTCAGATGCCGA-1,InN VIP EXPH5,0.23145806165069882
ACATTTCAGTGCCTCG-1,Micro P2RY12 APBB1IP,0.007103013341334529
ACATTTCCATACTGAC-1,L2-3 CUX2 NTNG1 PALMD,0.054206411452348446
ACCAAACTCTCTCTTC-1,Oligo MOG OPALIN,0.1028753149762408
ACCAACAAGCACTAGG-1,Endo CLDN5 IL1R1,0.035614759656149284
ACCAACACAACAAGAT-1,Endo CLDN5 IL1R1,0.1980288968354504
ACCAACACATCCCGTT-1,InN SST HTR2C,0.9945260219713941
ACCAACATCTGGTGGC-1,Oligo MOG OPALIN,0.9999835522007295
ACCAACATCTGTGTGA-1,Endo CLDN5 IL1R1,0.17813951945182524
ACCACAAAGCGGCTCT-1,OPC PDGFRA PCDH15,0.9999999999999416
ACCACAAAGGTGCCAA-1,InN PVALB GRIN2C,0.024991865799745407
ACCACAACAGAGTTGG-1,OPC PDGFRA PCDH15,0.9999999999999545
ACCATTTCACCCTTAC-1,Endo CLDN5 IL1R1,0.039737112593204775
ACCATTTGTACCATAC-1,Endo CLDN5 IL1R1,0.1247001313613383
ACCATTTTCATCCTAT-1,InN SST FREM1,0.0715776371458106
ACCCAAAAGGGAGGCA-1,Endo CLDN5 IL1R1,0.05900175589109358
ACCCAAAGTCAACCAT-1,Oligo MOG OPALIN,0.9998679660628342
ACCCAAAGTCCAACGC-1,InN VIP EXPH5,0.29194346694314355
ACCCAAATCAGCGCAC-1,InN SST FREM1,0.1016412493758563
ACCCTCACACCCTTGT-1,Oligo MOG OPALIN,0.9999906741008989
ACCCTCAGTCCTGGTG-1,Endo CLDN5 IL1R1,0.09038371115556686
ACCCTCATCCAACTAG-1,L3-5 RORB PCBP3 ARHGAP15,0.0986810859761192
ACCCTCATCGAAGCAG-1,L2-3 CUX2 ACVR1C THSD7A,0.18031597167020666
ACCCTCATCTGACCCT-1,Endo CLDN5 IL1R1,0.04002744818416834
ACCCTTGCACTTCTCG-1,Astro GFAP AQP1,0.14387031236418463
ACCCTTGGTGAGACCA-1,OPC PDGFRA PCDH15,0.9999999999996083
ACCCTTGTCCTGGTCT-1,OPC PDGFRA PCDH15,0.9999999999999982
ACCCTTGTCTGAACGT-1,InN VIP CLSTN2,0.01812901945122559
ACCGTTCAGTACGAGC-1,Endo CLDN5 IL1R1,0.12561757999579484
ACCGTTCAGTCTGGAG-1,Endo CLDN5 SLC7A5,0.07296904944317628
ACCGTTCCAACTGATC-1,Endo CLDN5 IL1R1,0.020006847456965727
ACCGTTCCAGGTACGA-1,Endo CLDN5 IL1R1,0.03745195998254641
ACCGTTCTCGCCGAGT-1,Endo CLDN5 IL1R1,0.05272653964113504
ACCTACCAGTTAACAG-1,Oligo MOG OPALIN,0.14154332873266925
ACCTACCTCACAGTGT-1,OPC PDGFRA PCDH15,0.9999999999999525
ACCTACCTCTGTCCGT-1,Oligo MOG OPALIN,0.9846318478673105
ACCTGAAAGACCGCCT-1,InN VIP EXPH5,0.6966768799784854
ACCTGTCGTGTCTTGA-1,Oligo MOG OPALIN,0.029200066564907808
ACCTGTCGTGTTCGTA-1,Astro GFAP AQP1,0.18398382596544893
ACGATCAAGAGGTCGT-1,OPC PDGFRA PCDH15,0.9999999999986446
ACGATCACAGTTGGTT-1,Endo CLDN5 IL1R1,0.027489745988907636
ACGATCATCTCTAGGA-1,InN SST FREM1,0.062132558389156316
ACGCACGAGATCACCT-1,Endo CLDN5 IL1R1,0.5454945739386288
ACGCACGAGATGGCAC-1,InN ADARB2 PALMD,0.08750358363717735
ACGCACGCAAACACGG-1,OPC PDGFRA PCDH15,0.9999999999913831
ACGCACGTCGGTTGTA-1,Endo CLDN5 IL1R1,0.25121697175883007
ACGCACGTCTACTATC-1,Endo CLDN5 IL1R1,0.013188831140849948
ACGGAAGAGGACAGTC-1,InN SST FREM1,0.5677683676131622
ACGGAAGCACCATTCC-1,Endo CLDN5 IL1R1,0.049325617167124115
ACGGAAGCACCCATAA-1,Endo CLDN5 IL1R1,0.053326772858201324
ACGGAAGCACGACGAA-1,InN LAMP5 LHX6 PROX1,0.0913732672890643
ACGGAAGCAGCGTTTA-1,Oligo MOG GSN,0.9999989290239738
ACGGAAGGTCCACTCT-1,L2-3 CUX2 ACVR1C THSD7A,0.08845193945073852
ACGGAAGTCTCTATGT-1,Oligo MOG OPALIN,0.9999997289558402
ACGGGTCCACAACCGC-1,Endo CLDN5 IL1R1,0.05301233829514316
ACGGTCGAGGCTATCT-1,Oligo MOG OPALIN,0.17042668971239203
ACGGTCGCAATGTCAC-1,L2-3 CUX2 NTNG1 PALMD,0.11911271402357147
ACGGTCGGTTAGGCTT-1,Endo CLDN5 IL1R1,0.015487083786706362
ACGGTCGTCGATGGAG-1,InN SST FREM1,0.13347976004743942
ACGGTTAAGCTAGAGC-1,Astro AQP4 OSMR,0.04469927685645998
ACGGTTAAGTATGCAA-1,Endo CLDN5 IL1R1,0.1978853605032251
ACGGTTACAAAGGCTG-1,L3-5 RORB MKX GALR1,0.018203993320812868
ACGGTTACACCAATTG-1,Endo CLDN5 IL1R1,0.050273859192424504
ACGGTTACAGTCGCTG-1,InN ADARB2 PALMD,0.038144775232861486
ACGGTTAGTAGATCGG-1,Oligo MOG OPALIN,0.9999519255304082
ACGGTTAGTGTTTACG-1,Endo CLDN5 IL1R1,0.04644056402840659
ACGGTTAGTTGAGTCT-1,L3-5 RORB MKX GRIN3A,0.6688105676746549
ACGGTTATCACTGTTT-1,Astro AQP4 OSMR,0.07471051161272332
ACGGTTATCGCAAGAG-1,InN SST FREM1,0.01590358015390134
ACGGTTATCGCCCAGA-1,InN SST FREM1,0.05810207272849521
ACGGTTATCGGACTTA-1,Endo CLDN5 IL1R1,0.29105726531683895
ACGTAACAGTGCTCAT-1,Endo CLDN5 IL1R1,0.04337555238389166
ACGTAACCATGCACTA-1,Endo CLDN5 IL1R1,0.3863610977035922
ACGTACAGTTAGGGTG-1,OPC PDGFRA PCDH15,0.9999999999989648
ACGTACATCACCATGA-1,InN VIP EXPH5,0.1981857792035601
ACGTACATCAGACTGT-1,InN VIP EXPH5,0.08715269925074251
ACGTAGTAGCGTTAGG-1,Oligo MOG OPALIN,0.994297589759177
ACGTAGTCAATTTCTC-1,InN VIP EXPH5,0.0503875501715505
ACGTAGTCATGGTGGA-1,Endo CLDN5 IL1R1,0.25381883901755137
ACGTAGTGTGCATGAG-1,Astro GFAP AQP1,0.17889144343246074
ACGTCCTAGGCTTTCA-1,InN SST FREM1,0.13071282650056154
ACGTCCTCAATGTTGC-1,InN LAMP5 LHX6 PROX1,0.03127526643127542
ACGTCCTCACTTCTCG-1,Endo CLDN5 IL1R1,0.10020244180994414
ACGTCCTCATGGACAG-1,Endo CLDN5 IL1R1,0.02336277161823927
ACGTTCCAGACCATTC-1,Endo CLDN5 IL1R1,0.04032718868894255
ACGTTCCAGATCCCGC-1,Oligo MOG OPALIN,0.9999196158332357
ACGTTCCAGCGTCGAA-1,Micro P2RY12 APBB1IP,0.6697186743098281
ACGTTCCGTTCGTTCC-1,Oligo MOG OPALIN,0.9998205361613384
ACGTTCCTCCCGTTCA-1,OPC PDGFRA PCDH15,0.9999999999997458
ACTACGACAAACAGGC-1,OPC PDGFRA PCDH15,0.9999999999999878
ACTACGATCGTCAGAT-1,Endo CLDN5 IL1R1,0.029888537251857212
ACTATCTAGACACACG-1,Endo CLDN5 IL1R1,0.1756977510727789
ACTATCTAGCTTAGTC-1,Endo CLDN5 IL1R1,0.07384819186875205
ACTATCTGTCATCTAG-1,Oligo MOG OPALIN,0.7861264645256048
ACTATCTGTCGTGGAA-1,InN PVALB HPSE,0.20819564471008123
ACTATCTTCGCTACAA-1,OPC PDGFRA PCDH15,0.9999999999999651
ACTATGGAGAGGGCGA-1,L2-3 CUX2 ACVR1C THSD7A,0.06136978687669047
ACTATGGAGGGTGGGA-1,Endo CLDN5 IL1R1,0.057542128844316386
ACTATGGGTTCTAAGC-1,Oligo MOG GSN,0.8942414627536455
ACTATGGTCATGCTAG-1,InN VIP EXPH5,0.07344892565747779
ACTATTCGTATGCTAC-1,Endo CLDN5 IL1R1,0.07881617519965145
ACTATTCGTTACACAC-1,Endo CLDN5 IL1R1,0.1386316365200378
ACTATTCTCAGTCACA-1,InN VIP EXPH5,0.024988791036784187
ACTCCCATCCCATTCG-1,InN ADARB2 PALMD,0.021739016361940665
ACTCTCGAGGGTTTCT-1,OPC PDGFRA PCDH15,0.9999999999986471
ACTCTCGCACCGTCTT-1,Endo CLDN5 IL1R1,0.018476096762401997
ACTCTCGCAGCGGTTC-1,Endo CLDN5 IL1R1,0.3298871569093674
ACTCTCGGTACTAGCT-1,Astro GFAP AQP1,0.9297087515025217
ACTCTCGGTCGCTCGA-1,OPC PDGFRA PCDH15,0.9999999988878157
ACTCTCGGTGTCTTAG-1,InN SST ADAMTSL1,0.04485944869723646
ACTGATGAGCACTTTG-1,InN SST FREM1,0.01264234580897204
ACTGATGCAGCAGTCC-1,Oligo MOG OPALIN,0.8014234921416566
ACTGCAAAGGCGTTGA-1,Micro P2RY12 APBB1IP,0.06490576744418015
ACTGCAAAGTTAGAAC-1,Oligo MOG OPALIN,0.9999767370997661
ACTGCAAGTGTTATCG-1,InN SST FREM1,0.11411875753757329
ACTGTCCAGGTCACCC-1,InN LAMP5 LHX6 PROX1,0.056914845506836065
ACTGTCCAGTGGAATT-1,Endo CLDN5 IL1R1,0.07399944441302281
ACTGTCCCAACAGCTT-1,InN SST ADAMTSL1,0.031530127034698596
ACTGTCCGTACAGGTG-1,Endo CLDN5 IL1R1,0.04710258464635595
ACTGTCCTCTACCACC-1,Endo CLDN5 IL1R1,0.16753571710466636
ACTGTGACAGCAGACA-1,Endo CLDN5 IL1R1,0.08494904532038496
ACTGTGACAGGACTAG-1,Oligo MOG OPALIN,0.9999885295489983
ACTGTGAGTCACTACA-1,Endo CLDN5 IL1R1,0.051645316616191116
ACTTAGGTCGACCACG-1,Endo CLDN5 IL1R1,0.08345875219416239
ACTTATCCACTCGATA-1,Oligo MOG GSN,0.5130136907874336
ACTTATCCAGGTTACT-1,InN VIP EXPH5,0.08182267015314562
ACTTATCGTAGGGTAC-1,Endo CLDN5 IL1R1,0.206938062494447
ACTTATCGTTAGCTAC-1,OPC PDGFRA PCDH15,0.9999999999997402
ACTTATCTCATCCTGC-1,Astro AQP4 SLC1A2,0.18575802475884917
ACTTATCTCGACATTG-1,Oligo MOG OPALIN,0.9880220454927747
ACTTATCTCGGTAAGG-1,Endo CLDN5 SLC7A5,0.8462290206234844
ACTTCCGAGTTCCATG-1,Endo CLDN5 IL1R1,0.2596186836218151
ACTTCCGCATGAATCC-1,Oligo MOG OPALIN,0.9996515720204627
ACTTCCGGTGACTGAG-1,L5-6 FEZF2 NXPH2 GRIK1,0.01178278375944878
ACTTCCGTCAACGTGT-1,Endo CLDN5 IL1R1,0.24133943199222874
ACTTCCGTCCCGTAAA-1,InN SST FREM1,0.06713038055363137
ACTTCGCAGTTGGCGA-1,Endo CLDN5 IL1R1,0.06729087046479193
ACTTCGCCAGAGCCCT-1,InN VIP EXPH5,0.6307148475186183
ACTTCGCGTAATGTGA-1,Oligo MOG OPALIN,0.9997501683611807
ACTTCGCGTTCTCCCA-1,Endo CLDN5 IL1R1,0.08065843670935822
ACTTCGCTCGTGAGAG-1,InN VIP EXPH5,0.12920291095951775
ACTTCGCTCTGGGTCG-1,InN LAMP5 BMP7,0.07966209383240087
ACTTTCATCCGAGCTG-1,Endo CLDN5 IL1R1,0.06836423498704378
ACTTTGTCACCTCGTT-1,OPC PDGFRA PCDH15,0.9999999999999527
ACTTTGTGTCGCTTGG-1,InN SST FREM1,0.036431149422952634
ACTTTGTGTTCGGCGT-1,InN ADARB2 PALMD,0.029868880242346785
AGAAATGCAATCGAAA-1,Endo CLDN5 IL1R1,0.08306751074191858
AGAACAACAATGGGTG-1,Oligo MOG OPALIN,0.9742325430173405
AGAACAACACCCTGTT-1,L2-3 CUX2 NTNG1 COL5A2,0.009327863228905421
AGAACAACATATCTGG-1,Oligo MOG OPALIN,0.320010357150351
AGAACAACATTGTAGC-1,Oligo MOG OPALIN,0.9984761668192227
AGAACAAGTCTTACAG-1,Endo CLDN5 IL1R1,0.004409883218487515
AGAACCTAGCAGGTCA-1,Endo CLDN5 IL1R1,0.08602578142758066
AGAACCTGTCTAACGT-1,OPC PDGFRA PCDH15,0.9999999999993099
AGAACCTGTGTTCATG-1,InN LAMP5 LHX6 PROX1,0.07662400234372042
AGAACCTGTTAAGGAT-1,InN VIP CLSTN2,0.024389215963594748
AGAACCTGTTGGGCCT-1,OPC PDGFRA PCDH15,0.9999999999999805
AGAACCTTCCGTATAG-1,OPC PDGFRA PCDH15,0.999999999999982
AGAACCTTCGTTAGAC-1,Oligo MOG OPALIN,0.9981393533316273
AGAAGCGAGGAGAGGC-1,Oligo MOG OPALIN,0.290648795838565
AGAAGCGCACAATGCT-1,OPC PDGFRA PCDH15,0.9999999999999105
AGAAGCGCATGTCAGT-1,OPC PDGFRA PCDH15,0.9999999999828384
AGAAGCGCATGTGACT-1,Endo CLDN5 IL1R1,0.06496546032559823
AGAAGTACAGCTACCG-1,InN VIP EXPH5,0.18906893377634607
AGAAGTACATCTTTCA-1,Endo CLDN5 IL1R1,0.17211829267517406
AGAAGTATCTCGCCTA-1,Oligo MOG OPALIN,0.8466553940797832
AGACAAAAGGAAGTAG-1,OPC PDGFRA PCDH15,0.9999999999999993
AGACAAAAGGTCACAG-1,Endo CLDN5 IL1R1,0.04463069741439646
AGACAAAGTCGCAACC-1,OPC PDGFRA PCDH15,0.9999999999999902
AGACAAAGTCGCATTA-1,Endo CLDN5 IL1R1,0.04440411864834513
AGACAAATCGTCTCAC-1,Endo CLDN5 IL1R1,0.24896927762325116
AGACACTAGGGTCAAC-1,Astro GFAP AQP1,0.8231002219808027
AGACACTAGGTCATAA-1,L2-3 CUX2 ACVR1C THSD7A,0.04991384813237072
AGACACTCATGATGCT-1,OPC PDGFRA PCDH15,0.9999999999971871
AGACACTGTTACCCTC-1,InN VIP EXPH5,0.06824591443959177
AGACACTTCAGCAATC-1,Oligo MOG OPALIN,0.10497315208013207
AGACACTTCCCGTTCA-1,Oligo MOG GSN,0.9999499547168483
AGACAGGAGGTAAGTT-1,PC P2RY14 GRM8,0.0548928422976565
AGACAGGAGGTCCAGA-1,OPC PDGFRA PCDH15,0.9999999999988665
AGACAGGTCATTACCT-1,L5-6 FEZF2 NXPH2 GRIK1,0.023538182558802082
AGACCATAGCGCCCAT-1,Oligo MOG GSN,0.999997974783576
AGACCATAGTCAAGCG-1,InN SST FREM1,0.02050637455645009
AGACCATCAAAGACGC-1,Endo CLDN5 IL1R1,0.22873549592788708
AGACCATTCCTCTAGC-1,Endo CLDN5 IL1R1,0.043409153492814996
AGACCATTCGCTATTT-1,Endo CLDN5 IL1R1,0.02637799052969643
AGACCCGAGCAGCCCT-1,InN VIP EXPH5,0.1623065678423136
AGACCCGAGCGATCGA-1,InN SST FREM1,0.08834239549573608
AGACCCGCACGGCGTT-1,L3-5 RORB PCBP3 ARHGAP15,0.04100675811566415
AGACCCGGTGAACTAA-1,Astro AQP4 SLC1A2,0.13160510637092243
AGAGAATAGGGTATAT-1,OPC PDGFRA PCDH15,0.999999999999903
AGAGAATGTTTCGTGA-1,Astro AQP4 OSMR,0.012412870066672426
AGAGAATTCATCCCGT-1,InN LAMP5 BMP7,0.05025343919536555
AGAGAATTCCGACGGT-1,Oligo MOG OPALIN,0.8753864005174706
AGAGAGCCAACATCGT-1,InN VIP EXPH5,0.10864817355003765
AGAGAGCGTTCGGCCA-1,L2-3 CUX2 NTNG1 PALMD,0.7249897752481324
AGAGAGCTCACGGACC-1,Endo CLDN5 IL1R1,0.04109955992585297
AGAGCAGAGGGTTGCA-1,Oligo MOG GSN,0.99275236169369
AGAGCAGCAAGAAACT-1,Endo CLDN5 IL1R1,0.07258827585095896
AGAGCAGCATAACGGG-1,OPC PDGFRA PCDH15,0.9995428728615732
AGAGCAGGTCAGCGTC-1,OPC PDGFRA PCDH15,0.9999999999997293
AGAGCCCAGATGGCAC-1,InN LAMP5 LHX6 PROX1,0.027869882359515624
AGAGCCCAGTTGCCCG-1,L2-3 CUX2 ACVR1C THSD7A,0.1584245146938762
AGAGCCCTCCCAGTGG-1,InN SST FREM1,0.11577805522566494
AGATAGAAGGTAGCCA-1,L5-6 FEZF2 NXPH2 GRIK1,0.021832812031208713
AGATCCAGTAAGCAAT-1,Astro GFAP AQP1,0.9414305515116514
AGATCCAGTCACATTG-1,Astro GFAP AQP1,0.17169512016766422
AGATCCAGTCACCGAC-1,Endo CLDN5 IL1R1,0.0563767900510355
AGATCCAGTTCAAGTC-1,Endo CLDN5 IL1R1,0.06903000031931912
AGATCCATCACGATCA-1,InN VIP EXPH5,0.008760937553475547
AGATCGTCATCTCCCA-1,Astro GFAP AQP1,0.2763605657260182
AGATCGTGTGGCCACT-1,Endo CLDN5 IL1R1,0.06876116103284606
AGATCGTTCGTGGGTC-1,InN VIP EXPH5,0.04354744643105971
AGATCGTTCTCCGAAA-1,Endo CLDN5 IL1R1,0.16444557483812536
AGATGAAAGACCAACG-1,Oligo MOG OPALIN,0.5701868603985938
AGATGAACACCGGAAA-1,Endo CLDN5 IL1R1,0.06551442461690347
AGATGAACATTCTCTA-1,Oligo MOG OPALIN,0.99996251109038
AGATGAAGTGTCTTCC-1,Endo CLDN5 IL1R1,0.17904237033631024
AGATGCTAGAGTTGTA-1,Endo CLDN5 IL1R1,0.01250767307470647
AGATGCTCAAACTAAG-1,OPC PDGFRA PCDH15,0.999998455786209
AGATGCTCAATCAAGA-1,L6 OPRK1 SMYD1 KCND2,0.025837464923622808
AGATGCTCATGGGTTT-1,InN LAMP5 LHX6 PROX1,0.1990044843657252
AGATGCTGTCCAGAAG-1,Endo CLDN5 IL1R1,0.1363993138595517
AGATGCTGTCCGTTTC-1,InN SST FREM1,0.02626907213259485
AGATGCTTCGTCGATA-1,Endo CLDN5 IL1R1,0.44782046790019675
AGATGCTTCTCGGCTT-1,Endo CLDN5 IL1R1,0.2999800402906449
AGCCAATCAACAACAA-1,Endo CLDN5 IL1R1,0.1758676359301582
AGCCAATCAGTCCCGA-1,L2-3 CUX2 ACVR1C THSD7A,0.08260272475366724
AGCCACGAGACCAAAT-1,Endo CLDN5 IL1R1,0.029086094651634725
AGCCACGAGCGAGGAG-1,Endo CLDN5 IL1R1,0.30452187044989854
AGCCAGCAGAATCTAG-1,Micro P2RY12 APBB1IP,0.9038859693271201
AGCCAGCAGAATTGTG-1,Endo CLDN5 IL1R1,0.3083901507118198
AGCCAGCTCACCGGTG-1,Endo CLDN5 IL1R1,0.04350921257589748
AGCCAGCTCATGGGAG-1,Endo CLDN5 IL1R1,0.0888643795775051
AGCGATTAGATGTAGT-1,L2-3 CUX2 ACVR1C THSD7A,0.18768758189770196
AGCGATTGTCGGAACA-1,Oligo MOG OPALIN,0.9999997883575157
AGCGATTGTTCGGTCG-1,Endo CLDN5 IL1R1,0.05007701900780042
AGCGATTTCGCCAACG-1,Endo CLDN5 SLC7A5,0.280844951254911
AGCGATTTCGTCGATA-1,Endo CLDN5 IL1R1,0.12581739937492975
AGCGCCAAGCTGGCTC-1,Oligo MOG OPALIN,0.038395415152037184
AGCGCTGAGGACTTCT-1,Endo CLDN5 IL1R1,0.01229450839050969
AGCGCTGAGTCCCAAT-1,L6 OPRK1 SMYD1 KCND2,0.13791365837490452
AGCGCTGCAATGAGCG-1,L5-6 FEZF2 NXPH2 GRIK1,0.02528397991887296
AGCGCTGCAGGCATTT-1,InN VIP EXPH5,0.11550484507999592
AGCGCTGGTGGAATGC-1,InN LAMP5 LHX6 PROX1,0.051347307732601384
AGCGCTGTCCTCAGGG-1,OPC PDGFRA PCDH15,0.9999999999934852
AGCGCTGTCCTCTAGC-1,Endo CLDN5 IL1R1,0.067679684040919
AGCGCTGTCGAGTTGT-1,InN VIP CLSTN2,0.007904945773619509
AGCGTATCACAGGATG-1,InN LAMP5 LHX6 PROX1,0.06025779953808683
AGCGTATCATGGGAAC-1,OPC PDGFRA PCDH15,0.9999998348857413
AGCGTCGAGCGAGAAA-1,Endo CLDN5 IL1R1,0.013093661147668663
AGCGTCGCAAAGCTAA-1,Oligo MOG OPALIN,0.9999984980138577
AGCGTCGTCATTGCGA-1,Endo CLDN5 IL1R1,0.0188367450950549
AGCTACAAGGACGCTA-1,Endo CLDN5 IL1R1,0.07661872036022346
AGCTACAGTTGGAGAC-1,Oligo MOG OPALIN,0.9999445103803372
AGCTACATCGTGCACG-1,Endo CLDN5 IL1R1,0.3168524146028413
AGCTCAAGTAAGTCAA-1,InN ADARB2 PALMD,0.06199713218684838
AGCTCAAGTCAGGTAG-1,InN LAMP5 BMP7,0.013198940851902466
AGCTCAAGTCTCACGG-1,Oligo MOG OPALIN,0.6606157549969168
AGCTCAATCTAAGGAA-1,Endo CLDN5 IL1R1,0.023142864865755872
AGCTTCCAGGAGGGTG-1,Endo CLDN5 IL1R1,0.03020363325833034
AGCTTCCTCCAGCAAT-1,Astro AQP4 OSMR,0.014104523650983868
AGCTTCCTCGCTAGCG-1,InN ADARB2 PALMD,0.05849094577266902
AGCTTCCTCGGAGTGA-1,Endo CLDN5 IL1R1,0.16650993692573768
AGCTTCCTCGGTAAGG-1,OPC PDGFRA PCDH15,0.9999999999999865
AGCTTCCTCGTGTGAT-1,T SKAP1 CD247,0.9999999970695339
AGGAAATAGCTATCCA-1,OPC PDGFRA PCDH15,0.9999999999999982
AGGAAATTCATGAGAA-1,Astro AQP4 OSMR,0.008452016386825719
AGGAATACACTATCGA-1,Endo CLDN5 IL1R1,0.3799621736374083
AGGACTTAGGTGGTTG-1,Endo CLDN5 IL1R1,0.23199048632507602
AGGACTTCATTGGATC-1,InN LAMP5 LHX6 PROX1,0.022653074916195982
AGGACTTTCTGCACCT-1,Endo CLDN5 IL1R1,0.038257954371069006
AGGAGGTCATAATCCG-1,Endo CLDN5 IL1R1,0.08669607952208876
AGGAGGTGTTCCTAGA-1,InN LAMP5 LHX6 PROX1,0.06702240481066
AGGAGGTTCGCGTAGC-1,InN VIP EXPH5,0.05811980146794167
AGGATAACAGTCGAGA-1,Oligo MOG OPALIN,0.10625052433477618
AGGATAAGTTTCGACA-1,Oligo MOG OPALIN,0.9999732641916182
AGGATAATCCCGTGTT-1,Oligo MOG OPALIN,0.12081019361280812
AGGATAATCGACCCAG-1,Endo CLDN5 IL1R1,0.05772911864711344
AGGATAATCGCTCTAC-1,OPC PDGFRA PCDH15,0.9999999999999394
AGGATAATCTATTCGT-1,Endo CLDN5 IL1R1,0.03959217173750125
AGGATCTAGACTACCT-1,OPC PDGFRA PCDH15,0.9999999999997593
AGGATCTAGGTGCTAG-1,Oligo MOG OPALIN,0.9999613670539281
AGGATCTAGTACAACA-1,Endo CLDN5 SLC7A5,0.3449773744632952
AGGATCTTCGTAGGAG-1,L2-3 CUX2 ACVR1C THSD7A,0.042341532886772545
AGGCATTAGGTAACTA-1,InN SST FREM1,0.0741602893999722
AGGCATTGTTCGTGCG-1,InN SST FREM1,0.0736538091941549
AGGCATTTCATTGTGG-1,OPC PDGFRA PCDH15,0.9999999999948521
AGGCCACAGTAGTCTC-1,InN VIP EXPH5,0.1021174227843031
AGGCCACCATCAGCTA-1,Oligo MOG OPALIN,0.1062482780415439
AGGCCACGTCTTTATC-1,InN VIP EXPH5,0.21316776146919936
AGGCCACTCCAAAGGG-1,InN SST FREM1,0.03925411490925272
AGGCCACTCGTAGGAG-1,Oligo MOG OPALIN,0.9999999218322525
AGGCTGCAGCGCCTCA-1,Endo CLDN5 SLC7A5,0.2623961462403528
AGGCTGCAGGTGCAGT-1,Endo CLDN5 IL1R1,0.09810010596903661
AGGCTGCTCATTGAGC-1,Oligo MOG OPALIN,0.9993668010974704
AGGCTGCTCTAGGAAA-1,Micro P2RY12 APBB1IP,0.965279699289202
AGGGAGTCATGACCCG-1,InN SST FREM1,0.44579492838386614
AGGGCCTAGCCTAGGA-1,Endo CLDN5 IL1R1,0.3251346579454309
AGGGCCTCATACCGTA-1,OPC PDGFRA PCDH15,0.9999999999999922
AGGGCCTTCACTTTGT-1,InN SST FREM1,0.13545258700866758
AGGGCCTTCTGTACAG-1,Oligo MOG OPALIN,0.9991801229239868
AGGGCTCTCGCCAGTG-1,Endo CLDN5 IL1R1,0.12350763388949522
AGGGTCCAGAGAACCC-1,OPC PDGFRA PCDH15,0.9999999999987976
AGGGTCCAGTATGAGT-1,InN VIP EXPH5,0.10140934944652079
AGGGTCCGTGTCGATT-1,InN SST FREM1,0.06819144871185971
AGGGTGAAGAGCTGCA-1,Endo CLDN5 IL1R1,0.052169575880726654
AGGGTTTCAGCTTCGG-1,Endo CLDN5 IL1R1,0.05493437908558064
AGGGTTTGTACGAGCA-1,InN SST ADAMTSL1,0.2749804172835718
AGGGTTTGTCCATAGT-1,InN SST FREM1,0.1507784519138714
AGGGTTTTCGTGGACC-1,Endo CLDN5 IL1R1,0.16902624891976534
AGGTAGGCAATAACCC-1,InN ADARB2 PALMD,0.0401862646048351
AGGTAGGGTTCGGACC-1,OPC PDGFRA PCDH15,0.9999999999999829
AGGTAGGTCATGTCTT-1,Oligo MOG OPALIN,0.9999982815309774
AGGTCATCAACCACAT-1,Endo CLDN5 IL1R1,0.19716949327799418
AGGTCATCAATTGAAG-1,Oligo MOG OPALIN,0.999836252248872
AGGTCATGTACCGGCT-1,Endo CLDN5 IL1R1,0.19015134018130217
AGGTCATGTGTTATCG-1,Micro P2RY12 APBB1IP,0.9994995223306605
AGGTCATGTTTCGACA-1,Endo CLDN5 IL1R1,0.17785219714423603
AGGTCATTCTGGGCCA-1,Oligo MOG OPALIN,0.9999417390535185
AGGTCTAAGAAATGGG-1,Oligo MOG OPALIN,0.1953281604554612
AGGTCTAAGGCTAAAT-1,L2-3 CUX2 ACVR1C THSD7A,0.9982469269142197
AGGTCTACAGGAGACT-1,Endo CLDN5 IL1R1,0.20196439330618726
AGGTCTACATGTGTCA-1,Astro AQP4 SLC1A2,0.7305676006209884
AGGTCTAGTAACGATA-1,Endo CLDN5 IL1R1,0.040273640548039336
AGGTCTAGTTCTCCAC-1,Endo CLDN5 IL1R1,0.10937703699593389
AGGTGTTCAGACCAAG-1,Endo CLDN5 IL1R1,0.31438197130137574
AGGTGTTCAGGATCTT-1,OPC PDGFRA PCDH15,0.9999999999999982
AGGTGTTGTCCACTCT-1,Oligo MOG OPALIN,0.9994190498172951
AGGTTACCAAACTAGA-1,InN SST FREM1,0.03392049013805899
AGGTTACCAGCTTCGG-1,Endo CLDN5 IL1R1,0.24873094114635466
AGGTTACGTGTAACGG-1,Endo CLDN5 IL1R1,0.03101092487011031
AGGTTGTCAGGATTCT-1,InN LAMP5 LHX6 PROX1,0.04291725569155752
AGGTTGTTCCTTCACG-1,Endo CLDN5 SLC7A5,0.7247355569513978
AGTAACCAGACATGCG-1,OPC PDGFRA PCDH15,0.04083104564540164
AGTAACCCACTCAGAT-1,Endo CLDN5 IL1R1,0.12252857600886899
AGTAACCCAGCGTATT-1,OPC PDGFRA PCDH15,0.999999997341739
AGTAACCGTACCTTCC-1,Astro AQP4 SLC1A2,0.09443982154781147
AGTACCAAGCCGCACT-1,InN LAMP5 BMP7,0.049549682230793764
AGTACCAGTCGGATTT-1,Endo CLDN5 IL1R1,0.25981854056464354
AGTACTGGTAAGATTG-1,Endo CLDN5 IL1R1,0.6697399048897182
AGTACTGTCGTGTCAA-1,Endo CLDN5 IL1R1,0.5481814471597557
AGTACTGTCTTGAGCA-1,Oligo MOG OPALIN,0.9813110155071272
AGTAGTCAGTGGCCTC-1,Endo CLDN5 IL1R1,0.083657089498901
AGTAGTCCAAGTACCT-1,Endo CLDN5 IL1R1,0.028911187368013395
AGTAGTCGTCTCTCCA-1,Endo CLDN5 IL1R1,0.03419206054829156
AGTAGTCGTTAGAAGT-1,InN SST FREM1,0.08436835904140651
AGTAGTCGTTGCTTGA-1,L3-5 RORB PCBP3 ARHGAP15,0.01382074760193435
AGTAGTCTCCACCTCA-1,Endo CLDN5 IL1R1,0.13126222970705403
AGTAGTCTCGACGCGT-1,Oligo MOG OPALIN,0.999893191104975
AGTCAACCAAGATGTA-1,Astro AQP4 SLC1A2,0.02651989577858238
AGTCAACGTGCATGTT-1,InN VIP EXPH5,0.02251876957398028
AGTCAACGTTAGTCGT-1,InN VIP EXPH5,0.03451685919228355
AGTCACAAGAACTCCT-1,Endo CLDN5 IL1R1,0.5240374539206002
AGTCACAAGCCAAGTG-1,OPC PDGFRA PCDH15,0.9999999999998761
AGTCACAGTACCTATG-1,Endo CLDN5 IL1R1,0.03851386275798771
AGTCACAGTATCAGGG-1,Endo CLDN5 IL1R1,0.29128625717585643
AGTCACAGTCGTACAT-1,Endo CLDN5 IL1R1,0.07735385882847308
AGTCACAGTGCTAGCC-1,Micro P2RY12 GLDN,0.9999041979873855
AGTCACAGTGGCGTAA-1,Micro P2RY12 GLDN,0.94825150139299
AGTCACAGTTAGTCGT-1,L2-3 CUX2 ACVR1C THSD7A,0.061425690312559476
AGTCACAGTTTCAGAC-1,InN PVALB HPSE,0.09302278706458665
AGTCATGAGACATATG-1,Endo CLDN5 IL1R1,0.12336891681634937
AGTCATGAGTAATCCC-1,OPC PDGFRA PCDH15,0.9999999999717724
AGTCATGAGTGGATTA-1,Oligo MOG OPALIN,0.11833912585270225
AGTCATGGTGGTCCGT-1,Endo CLDN5 IL1R1,0.4136699033019515
AGTCTCCAGAATCGAT-1,Oligo MOG OPALIN,0.9928029132322493
AGTCTCCTCGCTGTCT-1,Oligo MOG OPALIN,0.88073995378712
AGTGACTCATGGGCAA-1,Oligo MOG OPALIN,0.999777576815903
AGTGACTTCTTCACAT-1,Endo CLDN5 IL1R1,0.007800592958068716
AGTGATCCAACGATCT-1,InN SST FREM1,0.03317245073351168
AGTGATCCACCGGTCA-1,InN LAMP5 BMP7,0.4043918685402991
AGTGATCTCAAAGCCT-1,OPC PDGFRA PCDH15,0.9999999999978022
AGTGCCGCATGGCGCT-1,Endo CLDN5 IL1R1,0.045024251132999495
AGTGCCGTCCGATAGT-1,Endo CLDN5 IL1R1,0.16944308493015564
AGTGTTGCAAGTTTGC-1,Endo CLDN5 IL1R1,0.22011277222115264
AGTGTTGCAGCGCGTT-1,Endo CLDN5 IL1R1,0.36691432746916763
AGTGTTGCATCGCTCT-1,Endo CLDN5 IL1R1,0.05782651667330931
AGTGTTGGTCGACTGC-1,InN VIP EXPH5,0.07939616196632761
AGTGTTGGTGAATGTA-1,Oligo MOG OPALIN,0.999915257705126
AGTGTTGTCCGTATGA-1,OPC PDGFRA PCDH15,0.9999003411726918
AGTGTTGTCGGTGTTA-1,L2-3 CUX2 ACVR1C THSD7A,0.033678101788415786
AGTTAGCAGGGCTGAT-1,L5-6 FEZF2 NXPH2 GRIK1,0.07295626732786309
AGTTAGCCAGTAGTTC-1,Endo CLDN5 IL1R1,0.08443863034650859
AGTTAGCCATCTATCT-1,L2-3 CUX2 NTNG1 PALMD,0.12444642538232395
AGTTAGCGTGTTAACC-1,Oligo MOG OPALIN,0.029604702651330812
AGTTAGCTCCGCATAA-1,InN SST FREM1,0.04050060335184834
AGTTCCCCAATACCTG-1,OPC PDGFRA PCDH15,0.9999999999991671
AGTTCCCCACCGTGCA-1,Endo CLDN5 IL1R1,0.06750560748890787
AGTTCCCGTGAATAAC-1,Oligo MOG OPALIN,0.6989415891138362
AGTTCGAAGCGCTGAA-1,Oligo MOG OPALIN,0.02094398186197197
AGTTCGACAGACACAG-1,Endo CLDN5 IL1R1,0.0718582193148939
AGTTCGACATGTTCGA-1,L5-6 FEZF2 NXPH2 GRIK1,0.022806822492481768
AGTTCGACATTCACCC-1,OPC PDGFRA PCDH15,0.9999999999998923
ATACCGAAGGGTTAAT-1,Endo CLDN5 IL1R1,0.0513110150269143
ATACCGACACCATAAC-1,OPC PDGFRA PCDH15,0.9999999999998566
ATACCGACAGCACAAG-1,Endo CLDN5 IL1R1,0.4284643372976398
ATACCGATCGTAACAC-1,Endo CLDN5 IL1R1,0.06744780745099736
ATACCTTAGACTCTTG-1,Micro P2RY12 APBB1IP,0.9854135325955916
ATACCTTAGAGAGGTA-1,InN LAMP5 BMP7,0.04970039198320212
ATACCTTAGTACTGGG-1,Endo CLDN5 IL1R1,0.11996811327754694
ATACCTTGTAAGAACT-1,Endo CLDN5 IL1R1,0.036281562449299094
ATACCTTGTTACGCCG-1,OPC PDGFRA PCDH15,0.9999999999999709
ATACCTTTCTCTGGTC-1,Oligo MOG GSN,0.999999864415702
ATACTTCCACCTCTAC-1,InN SST FREM1,0.05840834432881014
ATACTTCCAGTATGAA-1,OPC PDGFRA PCDH15,0.9999999999999669
ATACTTCGTTCAGGTT-1,Oligo MOG GSN,0.9999997960911166
ATACTTCTCATCACCC-1,InN LAMP5 LHX6 PROX1,0.037297288279321064
ATAGACCAGAAGCCTG-1,OPC PDGFRA PCDH15,0.9999999999174074
ATAGACCAGTTATGGA-1,Endo CLDN5 IL1R1,0.19102642653129256
ATAGACCCACTGCGTG-1,Astro GFAP AQP1,0.137138204656239
ATAGACCCAGTCAACT-1,Endo CLDN5 IL1R1,0.04845764357350613
ATAGACCCATCCGAAT-1,Oligo MOG FRY,0.9271621423099002
ATAGAGACATAAGATG-1,Oligo MOG OPALIN,0.5743850746651256
ATAGAGAGTGATTGGG-1,Astro GFAP AQP1,0.9999511247742461
ATAGGCTGTCCATCTC-1,Endo CLDN5 IL1R1,0.041862079751706374
ATATCCTAGCTGACCC-1,Endo CLDN5 IL1R1,0.182402111669488
ATATCCTAGGTCTTTG-1,Endo CLDN5 IL1R1,0.18921283750069146
ATATCCTAGTAATTGG-1,Endo CLDN5 IL1R1,0.012394663224146913
ATATCCTGTCCTGTTC-1,L2-3 CUX2 NTNG1 PALMD,0.037468796939982535
ATCACAGCAAGTACCT-1,Endo CLDN5 IL1R1,0.2344449538230979
ATCACAGCACCCAATA-1,OPC PDGFRA PCDH15,1.0
ATCACAGCACTGTGTA-1,OPC PDGFRA PCDH15,0.9999999999999971
ATCACAGGTAGCTCGC-1,L2-3 CUX2 ACVR1C THSD7A,0.029558801186259788
ATCACAGGTAGTACGG-1,Endo CLDN5 IL1R1,0.1728985523195943
ATCACAGGTATTTCGG-1,Oligo MOG OPALIN,0.9999557417690763
ATCACGACACTTTATC-1,L3-5 RORB PCBP3 ARHGAP15,0.016710432810815447
ATCACGAGTGAGTGAC-1,Endo CLDN5 IL1R1,0.3578503116885149
ATCAGGTAGGTCGACA-1,InN VIP EXPH5,0.04796658198749583
ATCAGGTAGGTTGCCC-1,Oligo MOG OPALIN,0.689324533838371
ATCAGGTGTCATCAGT-1,InN VIP EXPH5,0.11358442414815309
ATCAGGTGTGACAGGT-1,Oligo MOG OPALIN,0.2150848243161117
ATCAGGTGTGCGAACA-1,Endo CLDN5 IL1R1,0.03622445297848127
ATCAGGTGTTACTCAG-1,Endo CLDN5 IL1R1,0.12407376024510205
ATCAGGTGTTCCATTT-1,InN SST FREM1,0.014887111368111003
ATCAGGTGTTTCGTAG-1,Endo CLDN5 IL1R1,0.031930594700447644
ATCATTCCAATGGCAG-1,InN SST FREM1,0.01790673233760045
ATCATTCTCTGGTCAA-1,OPC PDGFRA PCDH15,0.9999999999999931
ATCCACCCAAGAATAC-1,Oligo MOG OPALIN,0.46679287710583117
ATCCACCCATAACTCG-1,Oligo MOG OPALIN,0.9999872458162272
ATCCACCGTGTTAACC-1,Oligo MOG OPALIN,0.9999092784812804
ATCCACCTCCCATAAG-1,InN VIP EXPH5,0.09645975598809733
ATCCACCTCCCGAGAC-1,Endo CLDN5 IL1R1,0.35275610808389657
ATCCATTCAACTAGAA-1,Endo CLDN5 IL1R1,0.025320037801581933
ATCCATTGTATGCAAA-1,InN VIP EXPH5,0.17138825166585045
ATCCATTTCAAGCCTA-1,InN LAMP5 LHX6 PROX1,0.04882612216569014
ATCCCTGCAGAATGTA-1,InN SST FREM1,0.035674255866048124
ATCCCTGCATAACAGA-1,OPC PDGFRA PCDH15,0.9999999999999842
ATCCGTCCAATGTCTG-1,OPC PDGFRA PCDH15,0.999999999984877
ATCCGTCGTCTCAGGC-1,InN LAMP5 LHX6 PROX1,0.08416603520871248
ATCCGTCGTGGTCTGC-1,Endo CLDN5 IL1R1,0.10189371182955675
ATCCGTCTCGGAAGGT-1,InN LAMP5 BMP7,0.20111528143068674
ATCCGTCTCTTGGCTC-1,InN VIP EXPH5,0.05763155664546244
ATCCTATTCCGTTTCG-1,Oligo MOG OPALIN,0.9935596919782866
ATCGATGCAACAGTGG-1,Oligo MOG OPALIN,0.15073096909481948
ATCGATGCACCAGACC-1,Endo CLDN5 IL1R1,0.08439692344897007
ATCGATGGTAAGATCA-1,Endo CLDN5 IL1R1,0.04503930562124681
ATCGCCTAGCGTCTGC-1,Endo CLDN5 IL1R1,0.1949414403998726
ATCGCCTCATTATGCG-1,Endo CLDN5 IL1R1,0.18193155702630526
ATCGCCTGTGGACTGA-1,Micro P2RY12 APBB1IP,0.9206454620849737
ATCGGATCATCCGATA-1,Oligo MOG OPALIN,0.9999992122580571
ATCGGATGTAGACAGC-1,InN PVALB HPSE,0.034228155257625875
ATCGGCGCACCCTTAC-1,Endo CLDN5 IL1R1,0.05301030672716537
ATCGTAGGTTTACGAC-1,Endo CLDN5 IL1R1,0.11107468826214115
ATCGTAGTCCATCAGA-1,Oligo MOG GSN,0.9932128160625372
ATCGTCCCAGGTCTCG-1,OPC PDGFRA PCDH15,0.9999999999963551
ATCGTCCTCAAGGCTT-1,OPC PDGFRA PCDH15,0.9999999999999603
ATCGTGAAGATGATTG-1,OPC PDGFRA PCDH15,0.9999999999999363
ATCGTGAAGATTACCC-1,Oligo MOG OPALIN,0.22685162100481354
ATCGTGAGTCATAAAG-1,Astro AQP4 SLC1A2,0.2799746195048477
ATCGTGATCACGAACT-1,OPC PDGFRA PCDH15,0.9999999999999993
ATCGTGATCGCCGAAC-1,Oligo MOG OPALIN,0.9999807338242341
ATCGTGATCGGTCGGT-1,L5-6 FEZF2 NXPH2 GRIK1,0.020086285526370304
ATCTCTAGTAATGTGA-1,L2-3 CUX2 ACVR1C THSD7A,0.9856114755626454
ATCTCTATCACTGCTC-1,Endo CLDN5 IL1R1,0.026959503423111396
ATCTCTATCGTCGACG-1,OPC PDGFRA PCDH15,0.9999999999951961
ATCTTCAAGTAATCCC-1,Endo CLDN5 IL1R1,0.04298263132897444
ATCTTCATCAAGAAAC-1,InN VIP EXPH5,0.42500210087824275
ATCTTCATCTCCTGAC-1,InN SST ADAMTSL1,0.009389694449711009
ATCTTCATCTGATGGT-1,InN SST FREM1,0.029694372766536088
ATGAAAGCAGACTGCC-1,Oligo MOG OPALIN,0.9999964909838612
ATGAAAGCAGTTTCAG-1,OPC PDGFRA PCDH15,0.9999999999993545
ATGACCACATGACTTG-1,Endo CLDN5 IL1R1,0.1337524981465754
ATGACCAGTCGATTTG-1,Endo CLDN5 IL1R1,0.0996390264601315
ATGAGGGAGCTCCGAC-1,InN VIP EXPH5,0.09465774674285714
ATGAGTCCAGCCCACA-1,InN SST FREM1,0.2362781765003019
ATGAGTCCATGACTCA-1,PC P2RY14 GRM8,0.0045288491736586054
ATGAGTCCATTACTCT-1,Endo CLDN5 IL1R1,0.1872222520563309
ATGAGTCGTACAATAG-1,Endo CLDN5 IL1R1,0.46335439567954284
ATGAGTCGTCTGTGCG-1,Endo CLDN5 IL1R1,0.12338537833817882
ATGAGTCTCGCTCATC-1,Oligo MOG OPALIN,0.7700435599715103
ATGATCGAGAGTACCG-1,InN SST FREM1,0.017791609153246134
ATGATCGGTGCCGTTG-1,Endo CLDN5 IL1R1,0.0739381919748191
ATGATCGGTTATAGAG-1,Micro P2RY12 APBB1IP,0.020019935576172453
ATGCATGGTAATTAGG-1,Oligo MOG OPALIN,0.14000850892034442
ATGCCTCAGCGGGTAT-1,Endo CLDN5 IL1R1,0.024249149023504075
ATGCCTCAGTGGACTG-1,Endo CLDN5 IL1R1,0.05806119000868386
ATGCCTCGTGTCCTAA-1,OPC PDGFRA PCDH15,0.9999999999726494
ATGCGATAGACGAAGA-1,InN SST FREM1,0.11151347466707316
ATGCGATAGTGGTTAA-1,InN SST FREM1,0.038153601474812414
ATGCGATCAAGTCCCG-1,Oligo MOG OPALIN,0.9999751017850373
ATGCGATTCGTCCTTG-1,InN SST FREM1,0.051095871699947594
ATGGATCCAGGTTACT-1,Endo CLDN5 IL1R1,0.05298097504032088
ATGGATCCAGTGGCTC-1,Endo CLDN5 IL1R1,0.037834548122054126
ATGGATCTCGACATTG-1,OPC PDGFRA PCDH15,0.9999999999999003
ATGGGAGCAGTAGTGG-1,InN SST FREM1,0.07359383285873565
ATGGGTTAGTATAACG-1,PC P2RY14 GRM8,0.04728677601888406
ATGGGTTGTGTCATGT-1,Endo CLDN5 IL1R1,0.014421797718152024
ATGGGTTTCGCCCAGA-1,OPC PDGFRA PCDH15,0.9999999999999889
ATGGTTGAGGAACGCT-1,Endo CLDN5 IL1R1,0.025271263530174722
ATGTCCCAGCGTGCTC-1,T SKAP1 CD247,0.9999986381193204
ATGTCCCAGTAAGACT-1,Endo CLDN5 IL1R1,0.024376111736975868
ATGTCCCCATCGTTCC-1,InN VIP EXPH5,0.07793154918741803
ATGTCTTCAACCCGCA-1,InN VIP EXPH5,0.0367277731701571
ATTACCTAGCACCAGA-1,Endo CLDN5 IL1R1,0.08497719245034627
ATTACCTCACCAAATC-1,Endo CLDN5 IL1R1,0.07147892159178466
ATTACTCAGCTGAGCA-1,Endo CLDN5 IL1R1,0.03350401308154461
ATTACTCCAGGGCTTC-1,InN SST FREM1,0.02888688058354525
ATTACTCCAGTAGAGC-1,Oligo MOG OPALIN,0.9996225954528255
ATTACTCGTCCGAAAG-1,Endo CLDN5 IL1R1,0.20388480520184626
ATTACTCTCGTGCTCT-1,InN SST FREM1,0.0635962136795581
ATTACTCTCTATCACT-1,Endo CLDN5 IL1R1,0.291499068311865
ATTACTCTCTTCTGGC-1,Endo CLDN5 IL1R1,0.01498334560008197
ATTATCCAGCAGCCCT-1,L5-6 FEZF2 NXPH2 GRIK1,0.01669478279543896
ATTATCCCAGTCTACA-1,Endo CLDN5 IL1R1,0.2799405495672826
ATTCACTAGCTTTCCC-1,InN VIP EXPH5,0.28790522741887326
ATTCACTTCAGACCCG-1,Endo CLDN5 IL1R1,0.06101394123402786
ATTCAGGAGGCACCAA-1,Astro AQP4 SLC1A2,0.08382466717850658
ATTCAGGCATCTCAAG-1,OPC PDGFRA PCDH15,0.9999999999995401
ATTCAGGGTCTCGGGT-1,L2-3 CUX2 NTNG1 PLCH1,0.021372036065037205
ATTCAGGGTTCGGCCA-1,Oligo MOG OPALIN,0.990629358899459
ATTCAGGTCGTCGACG-1,Endo CLDN5 IL1R1,0.1921134025783777
ATTCATCAGGATGAGA-1,Astro GFAP AQP1,0.9591499981610166
ATTCATCCAATCGCCG-1,OPC PDGFRA PCDH15,0.9999999999723843
ATTCATCCAATTCGTG-1,OPC PDGFRA PCDH15,0.9999999999999927
ATTCATCTCTGACCCT-1,OPC PDGFRA PCDH15,0.9999999999999964
ATTCCATAGTTCGGTT-1,Endo CLDN5 IL1R1,0.04022484542085095
ATTCCATCAGATTCGT-1,InN SST FREM1,0.06053243001910515
ATTCCATTCACCTCGT-1,Oligo MOG GSN,0.999977087758459
ATTCCATTCAGAGTGG-1,VLMC SLC47A1 SLC4A4,0.9711283418980136
ATTCCCGGTCGACTGC-1,InN VIP EXPH5,0.527853306390205
ATTCCTAAGTCCGTCG-1,Endo CLDN5 IL1R1,0.2126142822465253
ATTCCTACAAATCGGG-1,Oligo MOG GSN,0.975011319761629
ATTCCTAGTTATCTGG-1,OPC PDGFRA PCDH15,0.9999999999866269
ATTCGTTAGTAGTCTC-1,InN VIP EXPH5,0.035848542165036544
ATTCGTTGTCTAGTGT-1,InN VIP EXPH5,0.030732671920417606
ATTCTACAGACGTCCC-1,OPC PDGFRA PCDH15,0.9999999999999967
ATTCTACTCGAAGGAC-1,Endo CLDN5 IL1R1,0.029315383090845415
ATTCTTGAGCCTTTGA-1,Oligo MOG OPALIN,0.10235543620905836
ATTCTTGAGTCTGCAT-1,Astro AQP4 SLC1A2,0.13944933859755848
ATTCTTGCACCCAACG-1,InN SST FREM1,0.1755813197463354
ATTCTTGCATGCCGAC-1,InN SST FREM1,0.21483974032551775
ATTCTTGGTTCAATCG-1,Endo CLDN5 IL1R1,0.127242017218106
ATTGGGTCAAAGTGTA-1,PC P2RY14 GRM8,0.02542035111461011
ATTGGGTCATCGTCCT-1,Endo CLDN5 IL1R1,0.1164034908106813
ATTGGGTTCAGTGTTG-1,Astro GFAP AQP1,0.357205909621952
ATTGGGTTCGTGGGAA-1,L2-3 CUX2 NTNG1 PALMD,0.028268524306164333
ATTTACCGTACAAGTA-1,InN LAMP5 LHX6 PROX1,0.008322737794273593
ATTTACCTCCTTATAC-1,OPC PDGFRA PCDH15,0.9999999999969649
ATTTCACAGGCGAACT-1,InN SST FREM1,0.10030459708723115
ATTTCACAGGTTCATC-1,Oligo MOG OPALIN,0.04878631042254306
ATTTCACGTGAAGCTG-1,L3-5 RORB MKX GALR1,0.10850983698332858
ATTTCACTCCTGGTCT-1,InN SST FREM1,0.17965919817460418
ATTTCTGAGATAGTCA-1,Oligo MOG GSN,0.9515544497853
ATTTCTGAGGATATGT-1,InN VIP EXPH5,0.44192072997925547
ATTTCTGAGTTTAGGA-1,Endo CLDN5 IL1R1,0.04318372980822621
ATTTCTGCACATAACC-1,Endo CLDN5 IL1R1,0.15459457293170836
ATTTCTGTCGAGTCTA-1,Oligo MOG OPALIN,0.9996080113547634
CAAAGAACACACCTTC-1,Endo CLDN5 IL1R1,0.02302143010653514
CAAAGAAGTTTACTTC-1,Astro GFAP AQP1,0.14028383434192918
CAACAACAGATAACGT-1,Endo CLDN5 IL1R1,0.1823112306807167
CAACAACAGCGAATGC-1,Astro GFAP AQP1,0.8278477568982617
CAACAACAGTGATAAC-1,Oligo MOG OPALIN,0.9999587544436027
CAACAACCACTAGGCC-1,InN VIP EXPH5,0.10759196494952092
CAACAACGTCATCACA-1,PC P2RY14 GRM8,0.9999990752339797
CAACAACGTCTTGCGG-1,InN LAMP5 BMP7,0.09300483926534435
CAACAACGTTGCCATA-1,Endo CLDN5 IL1R1,0.06138700957610457
CAACAACTCTATCCAT-1,InN SST FREM1,0.04457033482039297
CAACAGTAGTAGAGTT-1,Endo CLDN5 IL1R1,0.17762551644647892
CAACAGTGTATCACCA-1,Endo CLDN5 IL1R1,0.13980669414494712
CAACAGTGTTGGGAAC-1,Endo CLDN5 SLC7A5,0.22248815421519835
CAACAGTTCCCAGGCA-1,L2-4 CUX2 RORB CLMN,0.022416306429319494
CAACAGTTCCGGTAGC-1,OPC PDGFRA PCDH15,0.9999999999999991
CAACCAACACAGCCTG-1,Oligo MOG OPALIN,0.7824878736112565
CAACCAACAGATTTCG-1,InN VIP CLSTN2,0.02675938994252072
CAACCAACATAACTCG-1,Endo CLDN5 IL1R1,0.04835477850018004
CAACCAAGTGCTAGCC-1,OPC PDGFRA PCDH15,0.9999999999999571
CAACCAAGTGGCGTAA-1,OPC PDGFRA PCDH15,0.999999995410161
CAACCAATCACTGAAC-1,InN SST FREM1,0.11893545282868836
CAACCTCAGGCGTTAG-1,Oligo MOG OPALIN,0.9999537265304752
CAACCTCCATGCACTA-1,InN SST FREM1,0.03510059054379107
CAACGATAGGAACTAT-1,Endo CLDN5 IL1R1,0.02809144055126139
CAACGATGTGACACGA-1,OPC PDGFRA PCDH15,0.9999999999999118
CAACGATGTTATTCCT-1,Oligo MOG OPALIN,0.2243057948256064
CAACGGCCAGATTCGT-1,L6 OPRK1 SMYD1 KCND2,0.025774658953769385
CAACGGCGTGTTAGCT-1,Oligo MOG OPALIN,0.48639770804787535
CAACGGCTCACATCAG-1,InN LAMP5 LHX6 PROX1,0.06822289976393359
CAAGACTAGCAACAAT-1,InN LAMP5 BMP7,0.4136965718310711
CAAGACTAGGTCATAA-1,OPC PDGFRA PCDH15,0.9999999999903706
CAAGACTCAACCGTGC-1,Endo CLDN5 IL1R1,0.018967780676240782
CAAGACTGTGCCGGTT-1,Astro GFAP AQP1,0.9930984609856024
CAAGACTTCATTTGCT-1,Endo CLDN5 IL1R1,0.07859890263054628
CAAGACTTCGGTTCAA-1,Endo CLDN5 IL1R1,0.31298165292079194
CAAGACTTCGTCAACA-1,Oligo MOG OPALIN,0.999999809261767
CAAGAGGAGGCATTTC-1,Endo CLDN5 IL1R1,0.04695499868531414
CAAGAGGGTCAAAGTA-1,OPC PDGFRA PCDH15,0.9999999999999543
CAAGCTAGTAGCGTTT-1,InN SST ADAMTSL1,0.02130959105712453
CAAGCTATCTCTTCAA-1,Endo CLDN5 IL1R1,0.12091302946757802
CAATACGAGACCAGAC-1,InN SST PLPP4,0.08026803080689537
CAATACGAGATGAAGG-1,OPC PDGFRA PCDH15,0.999999999999952
CAATACGAGGGAGTTC-1,Endo CLDN5 IL1R1,0.11176709611400568
CAATACGGTTTACGAC-1,OPC PDGFRA PCDH15,0.9999999999999551
CAATACGTCAGCGTCG-1,L2-3 CUX2 NTNG1 PLCH1,0.14467891694091103
CAATACGTCCCTTGGT-1,L3-5 RORB MKX GALR1,0.010927467847809031
CAATACGTCTTCGTGC-1,InN VIP EXPH5,0.011069343565168152
CAATCGAAGAGCAACC-1,Micro P2RY12 APBB1IP,0.3249034266878761
CAATCGACACTGAGGA-1,OPC PDGFRA PCDH15,0.9999999996074755
CAATCGAGTGATACTC-1,Endo CLDN5 IL1R1,0.1666045207571691
CAATGACCAGCAGATG-1,Micro P2RY12 GLDN,0.9999985431241045
CAATGACCAGCCCAGT-1,PC P2RY14 GRM8,0.3715718285549776
CAATGACGTCCTGAAT-1,L5-6 FEZF2 NXPH2 GRIK1,0.04823628419612099
CAATGACTCATTGCTT-1,Endo CLDN5 IL1R1,0.09496542123142697
CAATTTCAGACCTCCG-1,L2-3 CUX2 ACVR1C THSD7A,0.8872607756734233
CAATTTCAGGTGGGTT-1,L5-6 FEZF2 NXPH2 GRIK1,0.05959352577314351
CAATTTCCAGCACACC-1,Endo CLDN5 IL1R1,0.06048726047034171
CAATTTCGTAAGGCCA-1,InN SST FREM1,0.05827728804654735
CAATTTCGTCGCGTTG-1,OPC PDGFRA PCDH15,0.9999999999845512
CAATTTCGTTGAGTCT-1,Oligo MOG OPALIN,0.8365353444954035
CAATTTCTCATGACAC-1,Endo CLDN5 IL1R1,0.11360500704543837
CAATTTCTCGCCTCTA-1,Endo CLDN5 IL1R1,0.05999131983124639
CAATTTCTCTAGCATG-1,Endo CLDN5 IL1R1,0.4796536480853366
CACAACAAGCAAGTCG-1,Micro P2RY12 GLDN,0.98866268688876
CACAACAGTAGCGATG-1,InN VIP EXPH5,0.1291554291241173
CACAACAGTCCCGGTA-1,InN LAMP5 LHX6 PROX1,0.1074031367640391
CACACAAAGGTACCTT-1,Endo CLDN5 IL1R1,0.016588339684258442
CACACAAGTCCAGCGT-1,InN ADARB2 PALMD,0.024666353906663156
CACAGATAGAAACACT-1,Endo CLDN5 IL1R1,0.09733108627822465
CACAGATCACCAGTAT-1,OPC PDGFRA PCDH15,0.12778298345431455
CACAGATGTACTAGCT-1,Endo CLDN5 IL1R1,0.08685715016326452
CACAGATTCTCAACCC-1,Endo CLDN5 IL1R1,0.04570565733084968
CACAGGCAGCCAACCC-1,Oligo MOG OPALIN,0.9989795457211247
CACAGGCAGCCTGAGA-1,Endo CLDN5 IL1R1,0.1887942650575635
CACAGGCAGTCGTTAC-1,Astro AQP4 SLC1A2,0.2469493029764328
CACAGGCGTACTCGAT-1,OPC PDGFRA PCDH15,0.9999999988349557
CACATGAAGGTAGATT-1,Astro AQP4 SLC1A2,0.03253427514647016
CACATGACAAGTTGGG-1,L2-3 CUX2 NTNG1 PALMD,0.705236350386227
CACATGACACATATCG-1,Oligo MOG OPALIN,0.34557126907990543
CACATGACATTCTCCG-1,Endo CLDN5 IL1R1,0.12118971432920858
CACATGAGTTCTGACA-1,InN VIP EXPH5,0.0757825413321961
CACATGATCGCACTCT-1,L6 FEZF2 NPFFR2 KCNK2,0.004241540567149888
CACCAAAAGAAGAGCA-1,InN SST FREM1,0.009149306879332571
CACCAAAAGACTAAGT-1,Astro GFAP AQP1,0.11165261305569844
CACCAAACAGAGATTA-1,Endo CLDN5 IL1R1,0.03166530837052914
CACCAAAGTTCATCGA-1,Astro AQP4 SLC1A2,0.9876665754907328
CACCAAATCAGTGCGC-1,Endo CLDN5 IL1R1,0.632456019115582
CACCGTTAGGTCACTT-1,Endo CLDN5 IL1R1,0.11601571358924659
CACCGTTTCCTCACTG-1,Endo CLDN5 IL1R1,0.048487371036455396
CACCGTTTCGAAGAAT-1,InN PVALB HPSE,0.02277438922703816
CACGAATAGACCGCCT-1,L2-3 CUX2 ACVR1C THSD7A,0.09033618884509852
CACGAATAGATTAGCA-1,Endo CLDN5 IL1R1,0.022111842244006
CACGAATCAATCTGCA-1,OPC PDGFRA PCDH15,0.9999999999996432
CACGAATGTACTCGAT-1,OPC PDGFRA PCDH15,0.9999999999970515
CACGAATTCGTAGGGA-1,InN SST FREM1,0.023557572357639656
CACGGGTAGGACCCAA-1,L2-3 CUX2 ACVR1C THSD7A,0.06721239311176058
CACGGGTCATACCATG-1,L2-3 CUX2 NTNG1 PALMD,0.06751138928973521
CACGGGTGTTGGACCC-1,InN LAMP5 BMP7,0.22318617762872697
CACGGGTGTTTCGTTT-1,InN VIP EXPH5,0.4862220096983258
CACGGGTTCACTGAAC-1,OPC PDGFRA PCDH15,1.0
CACGTGGAGAATTGCA-1,Oligo MOG OPALIN,0.9999973832862408
CACGTGGAGCTCAGAG-1,Endo CLDN5 IL1R1,0.3502841528433102
CACGTGGCACTTCAAG-1,Endo CLDN5 IL1R1,0.21573464301249082
CACGTGGGTCTCGCGA-1,InN SST ADAMTSL1,0.015251157967554201
CACGTGGGTGACCTGC-1,OPC PDGFRA PCDH15,0.9999999999999987
CACGTTCAGCCATCCG-1,PC P2RY14 GRM8,0.09428272596961443
CACGTTCCAACCCTAA-1,Endo CLDN5 IL1R1,0.142706325536377
CACGTTCCACGATAGG-1,OPC PDGFRA PCDH15,0.9999999999954994
CACGTTCGTAACCCTA-1,Endo CLDN5 IL1R1,0.10713295280793869
CACGTTCGTCACCACG-1,Endo CLDN5 IL1R1,0.2724544134106091
CACTAAGAGAGTTCGG-1,OPC PDGFRA PCDH15,0.9999999999985136
CACTAAGTCGTGGGAA-1,InN VIP EXPH5,0.05424627777754927
CACTGAAAGGATGGCT-1,InN SST FREM1,0.03653259654597624
CACTGAATCGACGATT-1,OPC PDGFRA PCDH15,0.9999999999998819
CACTGAATCGGACCAC-1,Oligo MOG OPALIN,0.9985019717961006
CACTGAATCGTAGAGG-1,Oligo MOG OPALIN,0.9999113311565437
CACTGAATCTTGAACG-1,InN LAMP5 BMP7,0.4521205142441998
CACTGGGAGGTTCACT-1,InN PVALB HPSE,0.0593567904412687
CACTGGGGTGGTTCTA-1,Endo CLDN5 IL1R1,0.20630437482095226
CACTGTCGTACGGTTT-1,Astro AQP4 SLC1A2,0.8404697065328322
CACTGTCTCGGCAGTC-1,Oligo MOG OPALIN,0.9918416339280365
CACTTCGAGATAGTCA-1,Endo CLDN5 IL1R1,0.06432383904535545
CACTTCGGTCAGATTC-1,Endo CLDN5 IL1R1,0.20667839291005452
CACTTCGGTGATAGAT-1,Endo CLDN5 SLC7A5,0.05426118877685088
CAGAGCCAGGCTGGAT-1,Endo CLDN5 IL1R1,0.6020802843514041
CAGAGCCAGTGGTCAG-1,Oligo MOG OPALIN,0.9760677263669051
CAGAGCCGTTTGTGGT-1,L2-3 CUX2 NTNG1 PALMD,0.10502405791434272
CAGATACAGGTACAGC-1,L2-3 CUX2 ACVR1C THSD7A,0.08382846379199455
CAGATACAGGTTACCT-1,InN SST FREM1,0.03906529419383097
CAGATACTCTTGTGCC-1,Endo CLDN5 IL1R1,0.4482425307253957
CAGATCAGTGGAACAC-1,Oligo MOG OPALIN,0.9996925463928767
CAGATCAGTTTAAGGA-1,Endo CLDN5 IL1R1,0.07033438749011044
CAGATCATCATAGACC-1,OPC PDGFRA PCDH15,0.9999953038242115
CAGATTGAGCAGGCTA-1,Oligo MOG GSN,0.9999990422753708
CAGATTGAGTAGACCG-1,OPC PDGFRA PCDH15,0.9999999999977658
CAGCAATAGACCAAAT-1,L3-5 RORB PCBP3 ARHGAP15,0.03226491180332875
CAGCAATAGACGAAGA-1,Oligo MOG GSN,0.9843452156237439
CAGCAATCAGCACACC-1,Endo CLDN5 IL1R1,0.09216304497629113
CAGCACGTCAAGGAGC-1,InN VIP EXPH5,0.21370166305419203
CAGCAGCAGCTCCCTT-1,OPC PDGFRA PCDH15,0.99999999999921
CAGCAGCGTCGTCTCT-1,Endo CLDN5 IL1R1,0.022020930766364986
CAGCAGCTCACCCTTG-1,OPC PDGFRA PCDH15,0.9999999999998987
CAGCCAGAGTTCATGC-1,OPC PDGFRA PCDH15,0.9999999997893767
CAGCCAGCAGAGATGC-1,Endo CLDN5 IL1R1,0.17207388210133917
CAGCCAGCATGCCGCA-1,OPC PDGFRA PCDH15,0.9999999999994207
CAGCCAGTCCTTGAAG-1,Astro GFAP AQP1,0.13762207555951944
CAGCCAGTCGCTAGCG-1,Endo CLDN5 IL1R1,0.08560874281878297
CAGCGTGAGACTCCGC-1,Endo CLDN5 IL1R1,0.12560980819544162
CAGCGTGAGTGGCCTC-1,InN LAMP5 RELN,0.9996471469047357
CAGCGTGCAACCTATG-1,Endo CLDN5 IL1R1,0.5752828597280499
CAGCGTGCACCGTCTT-1,Oligo MOG OPALIN,0.9996461665165418
CAGCGTGGTTCTGAGT-1,OPC PDGFRA PCDH15,0.9999999999999756
CAGCGTGTCCAACCGG-1,Endo CLDN5 IL1R1,0.08363064969084169
CAGCGTGTCGGATACT-1,InN SST FREM1,0.07410654556457631
CAGGCCAAGGAGAATG-1,Endo CLDN5 IL1R1,0.14124614697271698
CAGGCCAAGGCGATAC-1,Endo CLDN5 IL1R1,0.04923446542706392
CAGGCCAAGGGCTGAT-1,Macro F13A1 COLEC12,0.999999525940241
CAGGCCACACTACCGG-1,Endo CLDN5 IL1R1,0.08722670906251899
CAGGCCACAGGACTTT-1,Endo CLDN5 IL1R1,0.03613632117369923
CAGGGCTAGACCAAAT-1,Endo CLDN5 IL1R1,0.07921070892932805
CAGGGCTAGCAGCGAT-1,InN LAMP5 BMP7,0.2390530619051458
CAGGGCTAGTGTTCCA-1,Endo CLDN5 IL1R1,0.4295744244236409
CAGGGCTCATGTGGTT-1,InN SST ADAMTSL1,0.03134268120822919
CAGGGCTTCGTAACAC-1,InN VIP CLSTN2,0.021109950263571445
CAGGTATCAGGGATAC-1,Endo CLDN5 IL1R1,0.02854890175194154
CAGGTATGTAAGGAGA-1,Micro P2RY12 GLDN,0.04413560605136052
CAGGTATGTATCGTGT-1,Endo CLDN5 IL1R1,0.3442712570712939
CAGGTATGTATGACAA-1,Endo CLDN5 IL1R1,0.18184384509957968
CAGGTATGTTCTGAGT-1,Endo CLDN5 IL1R1,0.2402641152511724
CAGGTATTCTCATGGA-1,Endo CLDN5 IL1R1,0.18620466290925022
CAGTGCGAGCTGGAGT-1,InN SST FREM1,0.30384911519847285
CAGTGCGCAACGATCT-1,InN SST FREM1,0.0163405429992402
CAGTGCGCAGGCATTT-1,Endo CLDN5 IL1R1,0.07762050820990092
CAGTTAGAGACCAGCA-1,Endo CLDN5 IL1R1,0.03869919042165977
CAGTTAGCACCGCTGA-1,Oligo MOG OPALIN,0.9998296839498795
CAGTTAGGTCACCGCA-1,Endo CLDN5 IL1R1,0.1793454414351003
CAGTTCCCAATATCCG-1,Endo CLDN5 IL1R1,0.44801342991101745
CAGTTCCTCCTCACCA-1,InN PVALB HPSE,0.17556787752815398
CATAAGCAGATGCTAA-1,Endo CLDN5 IL1R1,0.12889896093563982
CATAAGCTCGTCCTTG-1,InN SST FREM1,0.10575769611043898
CATACAGAGGCACCAA-1,Endo CLDN5 IL1R1,0.8721701642070807
CATACAGCAGCTGTAT-1,Oligo MOG OPALIN,0.9991911286338813
CATACAGCAGGTGGAT-1,Endo CLDN5 IL1R1,0.052286678371895566
CATACAGGTGTTAAAG-1,InN VIP EXPH5,0.07402582630601436
CATACCCCAAACCATC-1,Endo CLDN5 IL1R1,0.27073655954830894
CATACCCTCCCTCATG-1,Astro GFAP AQP1,0.3548295550306976
CATACTTAGAGGTATT-1,Astro AQP4 OSMR,0.2235063055532609
CATACTTTCAGCGTCG-1,OPC PDGFRA PCDH15,0.9993580589356772
CATACTTTCCAACCGG-1,Endo CLDN5 IL1R1,0.01279829549856353
CATACTTTCCCTTGGT-1,OPC PDGFRA PCDH15,0.9987908525346404
CATAGACCATTCATCT-1,InN LAMP5 BMP7,0.045123816366785245
CATAGACTCGTTATCT-1,Macro F13A1 COLEC12,0.9999840148957462
CATCAAGCAAAGCTCT-1,Oligo MOG OPALIN,0.9998149496765341
CATCAAGCAGCGAACA-1,Endo CLDN5 IL1R1,0.7635510409230073
CATCAAGTCAAACCCA-1,Oligo MOG OPALIN,0.9412988335377634
CATCAAGTCCACAGCG-1,Endo CLDN5 IL1R1,0.03916661118150834
CATCCACTCAGACCGC-1,Oligo MOG OPALIN,0.9999714481179682
CATCCACTCTCCAATT-1,Endo CLDN5 IL1R1,0.018783080646805696
CATCCCAAGTTCACTG-1,OPC PDGFRA PCDH15,0.9999999999999907
CATCCCACACCAAATC-1,OPC PDGFRA PCDH15,0.9999999999999933
CATCCCACAGCTTTGA-1,OPC PDGFRA PCDH15,0.999999999999994
CATCCCATCCGCTAGG-1,Endo CLDN5 IL1R1,0.10125420101542258
CATCCCATCCTTCTGG-1,Endo CLDN5 IL1R1,0.05342742225301283
CATCCGTAGATAGCAT-1,Astro GFAP AQP1,0.13021044322051556
CATCCGTAGCGTATAA-1,Astro AQP4 OSMR,0.014550961708930471
CATCCGTAGGTGCTGA-1,Endo CLDN5 IL1R1,0.05321049798417276
CATCCGTCACCGTGGT-1,OPC PDGFRA PCDH15,0.9999086338537837
CATCCGTTCGTGTGAT-1,Endo CLDN5 IL1R1,0.1619952215232089
CATCCGTTCTGCTGAA-1,InN PVALB HPSE,0.09401360814859752
CATCGCTAGACCATGG-1,Endo CLDN5 IL1R1,0.32350411828314
CATCGCTCACATTACG-1,L3-5 RORB MKX GALR1,0.022104516892796466
CATCGCTCATATGGCT-1,InN VIP EXPH5,0.3727489330890579
CATCGGGGTCCGAAGA-1,Oligo MOG OPALIN,0.9980940976042596
CATCGGGGTGGAGGTT-1,Endo CLDN5 IL1R1,0.018035092549505572
CATCGTCCAACTTGCA-1,Oligo MOG OPALIN,0.5774055942920853
CATCGTCCACAACATC-1,Oligo MOG GSN,0.5317178094393126
CATCGTCGTGCTCTTC-1,Endo CLDN5 IL1R1,0.05005653377869756
CATCGTCTCAGACCTA-1,InN LAMP5 LHX6 PROX1,0.049097412194591385
CATGAGTCAAATTGGA-1,L2-3 CUX2 ACVR1C THSD7A,0.051298922184418436
CATGAGTTCAATGCAC-1,Endo CLDN5 IL1R1,0.02175280099933186
CATGAGTTCTCCCTAG-1,InN VIP EXPH5,0.012791020005403546
CATGCAAAGTGCCCGT-1,OPC PDGFRA PCDH15,0.9999999999999443
CATGCAAGTGATATAG-1,InN VIP EXPH5,0.042357920024250206
CATGCAATCATTACGG-1,Endo CLDN5 IL1R1,0.3446634402187095
CATGCAATCTGCCTGT-1,Endo CLDN5 IL1R1,0.2265666583880118
CATGCCTCAGCTCCTT-1,Endo CLDN5 IL1R1,0.36883374729580604
CATGCCTGTTCCACAA-1,L3-5 RORB PCBP3 ARHGAP15,0.11831843554297428
CATGCCTTCTCACCCA-1,Endo CLDN5 IL1R1,0.06586610562075829
CATGCGGAGCATAGGC-1,Endo CLDN5 IL1R1,0.05631191955452372
CATGCGGGTGGGAGAG-1,InN LAMP5 LHX6 PROX1,0.09135808168996805
CATGCTCAGAAACTGT-1,Oligo MOG OPALIN,0.9999492619253978
CATGCTCAGATGTTCC-1,InN PVALB HPSE,0.029599299216551033
CATGCTCAGGCCATAG-1,Endo CLDN5 IL1R1,0.08784353798098306
CATGCTCCAAGAATGT-1,Oligo MOG OPALIN,0.9882840725682864
CATGCTCCACGTGTGC-1,OPC PDGFRA PCDH15,0.9999999999965183
CATGGATGTCGAGTGA-1,OPC PDGFRA PCDH15,0.9998830594404277
CATGGATGTGAGCAGT-1,Endo CLDN5 IL1R1,0.08165851949972633
CATGGTAAGGGTAATT-1,Endo CLDN5 IL1R1,0.08775032718063033
CATGGTACAACGTATC-1,Endo CLDN5 IL1R1,0.06923521688905565
CATTCATCAAAGCTAA-1,PC P2RY14 GRM8,0.9999998836387685
CATTCATCAAGACGGT-1,InN VIP EXPH5,0.12804465688206892
CATTCATCAATGCAAA-1,Endo CLDN5 IL1R1,0.15281358795382163
CATTCATCACAGTGAG-1,Endo CLDN5 IL1R1,0.24417833374867784
CATTCATCAGTTTGGT-1,Endo CLDN5 IL1R1,0.0804894456067457
CATTCATGTCGGCTAC-1,InN VIP EXPH5,0.031011997010526076
CATTCCGCAACCAATC-1,Endo CLDN5 IL1R1,0.47857236205923287
CATTCCGTCGGTGTTA-1,Endo CLDN5 IL1R1,0.056793055378048046
CATTCTAAGACGGTTG-1,Micro P2RY12 APBB1IP,0.5101176370195822
CATTCTATCCGAGGCT-1,Astro AQP4 SLC1A2,0.43760623105319874
CATTGAGAGGGAGATA-1,InN LAMP5 BMP7,0.07199818004733421
CATTGAGAGGGTCACA-1,InN SST FREM1,0.16903960589034314
CATTGAGAGTCGTCTA-1,Endo CLDN5 IL1R1,0.12458427207219747
CATTGAGCACCATTCC-1,Astro GFAP AQP1,0.5073748839957727
CATTGAGGTAGGTGCA-1,Endo CLDN5 IL1R1,0.31651230539130293
CATTGAGGTATCATGC-1,Oligo MOG GSN,0.9993602575130404
CATTGAGTCCGTACGG-1,OPC PDGFRA PCDH15,0.9999999999995892
CATTGAGTCGGTAGGA-1,Astro GFAP AQP1,0.08636115661433151
CATTGAGTCTCAACCC-1,Endo CLDN5 IL1R1,0.056303955516334506
CATTGCCAGAAGTCTA-1,OPC PDGFRA PCDH15,0.9999999999999973
CATTGCCAGCGGGTAT-1,Oligo MOG GSN,0.999950099780217
CATTGCCGTGCTCTTC-1,L5-6 FEZF2 NXPH2 GRIK1,0.1917332045463182
CATTGTTCAATGAAAC-1,OPC PDGFRA PCDH15,0.9999999999971243
CATTGTTGTAAGTTGA-1,Oligo MOG OPALIN,0.170041939897325
CATTGTTGTATTTCTC-1,InN LAMP5 BMP7,0.037665347592388265
CATTGTTTCATCGCCT-1,Endo CLDN5 IL1R1,0.07658635378689689
CATTTCACAAGAGCTG-1,InN ADARB2 PALMD,0.06699583284510095
CATTTCACAATTCTCT-1,Endo CLDN5 IL1R1,0.1288088036534458
CATTTCAGTACCATAC-1,OPC PDGFRA PCDH15,0.9999999999978264
CATTTCAGTTCCTACC-1,Endo CLDN5 SLC7A5,0.9022197521935735
CCAAGCGAGCCGAATG-1,Endo CLDN5 IL1R1,0.04693140345428789
CCAAGCGAGCTATCTG-1,InN PVALB HPSE,0.12718525213606252
CCAAGCGCAAGTTCGT-1,Endo CLDN5 IL1R1,0.0888632112137785
CCAATGAAGCTCACTA-1,Endo CLDN5 IL1R1,0.15855890122096739
CCAATGAAGCTGGTGA-1,Oligo MOG OPALIN,0.9386825418455209
CCAATGATCTCGCGTT-1,Endo CLDN5 IL1R1,0.19031450113574894
CCAATTTAGGAACGAA-1,InN VIP EXPH5,0.04829262158531568
CCAATTTCACAGCCTG-1,Micro P2RY12 APBB1IP,0.07957113536246167
CCAATTTGTTATGTCG-1,InN LAMP5 LHX6 PROX1,0.18020894306118454
CCAATTTTCCGAGATT-1,InN SST FREM1,0.1996611495156329
CCACAAACACTGAATC-1,L5-6 FEZF2 NXPH2 GRIK1,0.0483341333094272
CCACAAACAGCAATTC-1,InN ADARB2 CALCR,0.0026921883135251545
CCACAAAGTATCAAGA-1,Oligo MOG OPALIN,0.999868110203372
CCACACTCATCTCCCA-1,Oligo MOG GSN,0.778292154697236
CCACACTGTAGTTAGA-1,OPC PDGFRA PCDH15,0.9999999999930642
CCACACTTCCATTGTT-1,InN SST FREM1,0.18419394826255336
CCACCATAGGTAGTCG-1,Endo CLDN5 IL1R1,0.0409231596370042
CCACCATCACACTTAG-1,Endo CLDN5 IL1R1,0.056647401413723965
CCACCATCAGGAGGTT-1,InN ADARB2 PALMD,0.014401750332361253
CCACCATCAGTAGTTC-1,OPC PDGFRA PCDH15,0.9999999999973253
CCACCATTCGAGAACG-1,InN VIP EXPH5,0.011264906560414819
CCACGAGAGGTAAGGA-1,OPC PDGFRA PCDH15,0.9999999996991253
CCACGAGCAAGTGGGT-1,Endo CLDN5 IL1R1,0.03636555866531244
CCACGAGTCTCGAGTA-1,Endo CLDN5 IL1R1,0.1434966776425057
CCACGTTAGTGCCGAA-1,Oligo MOG FRY,0.08418232253036208
CCACGTTCAACTTGCA-1,Endo CLDN5 IL1R1,0.10464303362886164
CCACGTTCAAGGAGTC-1,Oligo MOG OPALIN,0.9992383647825754
CCACGTTCAGCCGTTG-1,Endo CLDN5 IL1R1,0.1999189367356769
CCACGTTTCGCCCAGA-1,InN SST FREM1,0.0431565910650547
CCACTTGAGCGAACTG-1,Endo CLDN5 IL1R1,0.9081232361468281
CCACTTGAGGTTCACT-1,Endo CLDN5 IL1R1,0.0379272434466574
CCACTTGCATGTTTGG-1,OPC PDGFRA PCDH15,0.9999999999998701
CCACTTGGTCTAGTGT-1,Endo CLDN5 IL1R1,0.07566098988902982
CCACTTGTCTAGATCG-1,Endo CLDN5 IL1R1,0.5948722303234747
CCATAAGGTCTCAGGC-1,InN VIP EXPH5,0.04562903831620336
CCATCACCAACTCATG-1,Endo CLDN5 IL1R1,0.06394568183684937
CCCAACTAGGATGTTA-1,Endo CLDN5 IL1R1,0.09442332712106465
CCCAACTGTACAATAG-1,Endo CLDN5 IL1R1,0.11408174785990347
CCCAACTGTAGTGTGG-1,Oligo MOG OPALIN,0.9999808779199207
CCCAACTGTGGAGAAA-1,Endo CLDN5 IL1R1,0.07743233054035524
CCCATTGAGGAACGAA-1,L2-3 CUX2 ACVR1C THSD7A,0.4814356152444492
CCCATTGTCACGACTA-1,InN VIP EXPH5,0.041314408871118
CCCATTGTCTGCCTGT-1,InN VIP EXPH5,0.22025593345814723
CCCGAAGAGAAGTCTA-1,Oligo MOG OPALIN,0.9997143032275249
CCCGAAGCAGTTAGAA-1,InN SST FREM1,0.024560309258624957
CCCGAAGGTAACAGGC-1,InN ADARB2 PALMD,0.013556509184025728
CCCGAAGGTCCCTGAG-1,Endo CLDN5 IL1R1,0.06273382703045528
CCCGAAGTCGCTTACC-1,Endo CLDN5 IL1R1,0.05214004126010768
CCCGGAATCTCAACGA-1,L5-6 FEZF2 NXPH2 CDH8,0.19792810420631377
CCCTAACAGGATATAC-1,Oligo MOG OPALIN,0.9263822892330348
CCCTAACCACTTTAGG-1,L2-3 CUX2 NTNG1 COL5A2,0.10874312915886823
CCCTAACCATGTTCAG-1,Endo CLDN5 IL1R1,0.08069182730657187
CCCTCAACAATGTCAC-1,InN SST FREM1,0.18729080213512395
CCCTCAAGTGAGTAGC-1,Endo CLDN5 IL1R1,0.374790488226281
CCCTCAATCACTTCTA-1,Endo CLDN5 IL1R1,0.014490556016681814
CCCTCAATCATGGATC-1,Endo CLDN5 IL1R1,0.06379038829349454
CCCTCAATCCACCTCA-1,InN VIP EXPH5,0.05962082501862815
CCCTCAATCTCTCGCA-1,OPC PDGFRA PCDH15,0.9999999948996887
CCCTCTCAGCTCTATG-1,L2-3 CUX2 ACVR1C THSD7A,0.06840352506660181
CCCTCTCCACCGTGAC-1,L2-3 CUX2 ACVR1C THSD7A,0.1162679385934575
CCCTCTCGTTATGGTC-1,Endo CLDN5 IL1R1,0.04491919560629712
CCCTGATAGAGTTCGG-1,L6 OPRK1 SMYD1 KCND2,0.009780450397021396
CCCTGATAGGCATTTC-1,Endo CLDN5 IL1R1,0.18907553344313635
CCCTGATAGTCTTGGT-1,Astro GFAP AQP1,0.012702533147288787
CCCTGATCAGCTACTA-1,Astro AQP4 SLC1A2,0.06430590353948804
CCCTGATGTCGTACAT-1,Endo CLDN5 IL1R1,0.14985036221045697
CCCTGATTCCTCACGT-1,InN SST FREM1,0.03503184638005839
CCCTGATTCCTCTGCA-1,Oligo MOG OPALIN,0.9998802375843129
CCCTTAGAGTACCGGA-1,Oligo MOG OPALIN,0.37244762060386943
CCCTTAGAGTGTTCAC-1,L2-3 CUX2 NTNG1 PALMD,0.015817280105311745
CCGAACGGTCACTTAG-1,Oligo MOG GSN,0.9999417198844568
CCGAACGTCTCAACCC-1,Oligo MOG OPALIN,0.9985921154099641
CCGATCTTCCAAGAGG-1,Oligo MOG OPALIN,0.9995004837490878
CCGATCTTCTGCTGAA-1,InN VIP EXPH5,0.06808112535389581
CCGATGGAGGTGCAGT-1,InN LAMP5 BMP7,0.04595057441688118
CCGATGGGTCTTACAG-1,InN SST FREM1,0.08306615152962493
CCGATGGTCCTAAGTG-1,OPC PDGFRA PCDH15,0.9999999999999865
CCGCAAGCAGCTACCG-1,Oligo MOG OPALIN,0.5736264931554926
CCGCAAGCAGGCAATG-1,InN VIP EXPH5,0.06293648962280791
CCGCAAGTCCACCCTA-1,Endo CLDN5 IL1R1,0.06948182541958887
CCGGACAAGAAGTATC-1,Endo CLDN5 IL1R1,0.12248660864515946
CCGGACAAGCAAACAT-1,InN VIP EXPH5,0.12187293940773883
CCGGACAAGGCCTTCG-1,L3-5 RORB PCBP3 ARHGAP15,0.0716546132683564
CCGGACACAGCTACCG-1,Endo CLDN5 IL1R1,0.1494758677195452
CCGGACAGTACTGACT-1,Oligo MOG GSN,0.9999255917286911
CCGGACAGTCTGTAAC-1,Endo CLDN5 IL1R1,0.07821460704095293
CCGGACATCCTATTGT-1,Endo CLDN5 IL1R1,0.039559535000278555
CCGGGTACAGCCCAGT-1,Oligo MOG OPALIN,0.999988702832832
CCGGGTACATTCGGGC-1,Oligo MOG OPALIN,0.9951700104458524
CCGGGTAGTACTGACT-1,Endo CLDN5 IL1R1,0.09658230763077205
CCGGGTAGTTCCGGTG-1,Endo CLDN5 IL1R1,0.100560758878629
CCGGGTATCCAACCGG-1,Oligo MOG OPALIN,0.47305891382447457
CCGGGTATCTCCGTGT-1,Endo CLDN5 IL1R1,0.25731346029388225
CCGGTAGAGCCTTGAT-1,Endo CLDN5 IL1R1,0.10823524895007305
CCGGTAGGTTACACAC-1,Oligo MOG GSN,0.9999999602799701
CCGGTGACAGTAACAA-1,Endo CLDN5 IL1R1,0.183813928518023
CCGGTGATCATGGCCG-1,Endo CLDN5 IL1R1,0.13994405843526056
CCGTAGGAGACTTCCA-1,Endo CLDN5 IL1R1,0.2089623060846801
CCGTAGGAGCATCTTG-1,InN SST FREM1,0.16634962369924305
CCGTAGGAGGTAATCA-1,OPC PDGFRA PCDH15,0.9999958064768135
CCGTGAGAGATGACCG-1,OPC PDGFRA PCDH15,0.9999999999962386
CCGTGAGAGCGGTAAC-1,Endo CLDN5 IL1R1,0.20645942214659257
CCGTGAGAGTATAACG-1,OPC PDGFRA PCDH15,0.9999999999994198
CCGTGAGTCTGGTGGC-1,Endo CLDN5 IL1R1,0.06800214113363719
CCGTTCACAACCAATC-1,InN VIP EXPH5,0.06731037060664599
CCGTTCACATGAGTAA-1,OPC PDGFRA PCDH15,0.9999999999997564
CCGTTCAGTTAAACCC-1,Micro P2RY12 APBB1IP,0.03564390556269252
CCGTTCATCGATTTCT-1,Endo CLDN5 IL1R1,0.1407085801747259
CCTAACCGTATGATCC-1,Astro GFAP AQP1,0.17246920985944686
CCTAACCGTGTGAGCA-1,OPC PDGFRA PCDH15,0.9999999999649161
CCTAACCGTTGCTCCT-1,OPC PDGFRA PCDH15,0.9999999999999969
CCTAACCTCCCATAAG-1,OPC PDGFRA PCDH15,0.9999999999999973
CCTAACCTCTAACGGT-1,Endo CLDN5 IL1R1,0.08777129199835257
CCTAAGAGTAGAATAC-1,Oligo MOG OPALIN,0.13294818489882923
CCTAAGATCTTCCTAA-1,Oligo MOG GSN,0.6530342008682078
CCTACGTAGTCGCGAA-1,Endo CLDN5 IL1R1,0.16140182715347293
CCTACGTCAGTATACC-1,Astro AQP4 SLC1A2,0.8838782754706919
CCTACGTTCACTAGCA-1,Astro GFAP AQP1,0.07039866895436998
CCTACGTTCGATGCTA-1,Endo CLDN5 IL1R1,0.02505790356431317
CCTATCGCACACTTAG-1,Endo CLDN5 IL1R1,0.09462442038458262
CCTATCGCATCTGCGG-1,InN SST FREM1,0.06914861832665394
CCTATCGGTAGATTGA-1,OPC PDGFRA PCDH15,0.9999999999996039
CCTATCGGTCTCTCCA-1,Endo CLDN5 IL1R1,0.036743620368627106
CCTATCGGTTTATGCG-1,InN VIP EXPH5,0.476205340547541
CCTCAACAGTAGGAAG-1,InN SST FREM1,0.24536038422290588
CCTCAACCATAGGTAA-1,Endo CLDN5 IL1R1,0.07068117066257713
CCTCAACGTGGCAACA-1,InN VIP EXPH5,0.07892749132860698
CCTCACAAGAATAGTC-1,L3-5 RORB PCBP3 ARHGAP15,0.03645576214701514
CCTCACAAGTCATCCA-1,InN PVALB HPSE,0.04305245528546363
CCTCACACAACACACT-1,Endo CLDN5 IL1R1,0.12037568771881331
CCTCACAGTACCCGCA-1,Endo CLDN5 IL1R1,0.2006335307751234
CCTCAGTAGAAACCAT-1,InN PVALB HPSE,0.027411105762850253
CCTCAGTCAGTAGTGG-1,InN LAMP5 LHX6 PROX1,0.1118840376523142
CCTCAGTCATGGAAGC-1,InN VIP EXPH5,0.017376126193685296
CCTCAGTGTTCGGGTC-1,Oligo MOG OPALIN,0.02610353073948567
CCTCAGTTCCGAGCTG-1,Endo CLDN5 IL1R1,0.4768696286959531
CCTCATGAGGTAAGAG-1,OPC PDGFRA PCDH15,0.9999999999991149
CCTCATGGTGCACAAG-1,Endo CLDN5 IL1R1,0.2412504301244008
CCTCATGGTTCGGCGT-1,Endo CLDN5 IL1R1,0.09868254255313458
CCTCCAACAATCGCCG-1,Endo CLDN5 IL1R1,0.026293694004428998
CCTCCAATCTACGGTA-1,Endo CLDN5 IL1R1,0.3808619692591447
CCTCCTCAGACCAGAC-1,OPC PDGFRA PCDH15,0.9999999983629348
CCTCCTCCAGCTACAT-1,Oligo MOG OPALIN,0.036401034326515425
CCTCCTCGTCCGACGT-1,Endo CLDN5 IL1R1,0.2664380740844702
CCTCCTCGTTCGGCGT-1,Endo CLDN5 IL1R1,0.01068869095528532
CCTCCTCGTTGCCAAT-1,Oligo MOG OPALIN,0.9999966164613139
CCTCCTCTCAGTCAGT-1,Endo CLDN5 IL1R1,0.08973976426377074
CCTCCTCTCCTGGGTG-1,Endo CLDN5 IL1R1,0.2294699243093357
CCTCTAGCAGCATTGT-1,Endo CLDN5 IL1R1,0.025196857875092904
CCTCTAGTCGAAGCAG-1,Oligo MOG OPALIN,0.73531755670822
CCTCTAGTCGTTCTCG-1,Endo CLDN5 IL1R1,0.05131259125611381
CCTCTCCAGATAACAC-1,OPC PDGFRA PCDH15,0.9999999999999982
CCTCTCCAGGGAGGAC-1,L3-5 RORB GABRG1 PLCH1,0.016546423343515096
CCTCTCCGTCATCCGG-1,Oligo MOG OPALIN,0.9746316107182076
CCTCTCCTCCCATAGA-1,Endo CLDN5 IL1R1,0.25697186394470906
CCTGCATAGATCCGAG-1,Endo CLDN5 IL1R1,0.04474783247516601
CCTGCATGTGCGAGTA-1,Oligo MOG OPALIN,0.4486673373274147
CCTGCATTCCCAAGTA-1,Endo CLDN5 IL1R1,0.046906206016205404
CCTGTTGTCTATCGCC-1,Endo CLDN5 IL1R1,0.030456358076876282
CCTTCAGTCGCGTGCA-1,Endo CLDN5 IL1R1,0.49303008945351434
CCTTGTGCACTACCGG-1,InN LAMP5 BMP7,0.20283560583399032
CCTTTGGAGAAGCCAC-1,OPC PDGFRA PCDH15,0.9999999999996219
CCTTTGGAGCAATAGT-1,Oligo MOG OPALIN,0.9991684431551356
CCTTTGGAGCTCAGAG-1,Endo CLDN5 IL1R1,0.11045402382633113
CCTTTGGCAGCAGTGA-1,Astro AQP4 SLC1A2,0.05096528374466987
CCTTTGGGTCAGGTAG-1,Macro F13A1 COLEC12,0.9999210983010631
CCTTTGGGTCCGCAGT-1,Astro AQP4 OSMR,0.07862475107091003
CCTTTGGGTTGCATCA-1,OPC PDGFRA PCDH15,0.9999999999999096
CCTTTGGTCTCTGCTG-1,InN SST FREM1,0.08085369618090175
CGAAGGAAGGTTAGTA-1,Endo CLDN5 IL1R1,0.02839751875658702
CGAAGGATCCGTAATG-1,OPC PDGFRA PCDH15,0.9999999999999742
CGAAGTTAGGTCGACA-1,Astro GFAP AQP1,0.9842129137598896
CGAAGTTCATCTATCT-1,Micro P2RY12 APBB1IP,0.9993582660146567
CGAAGTTGTCCACATA-1,Endo CLDN5 IL1R1,0.12440486727261416
CGAAGTTTCCTTACCG-1,L5-6 FEZF2 NXPH2 GRIK1,0.20204117291978121
CGAATTGAGCAACAGC-1,Endo CLDN5 IL1R1,0.0547482839742205
CGAATTGCAACCTAAC-1,Endo CLDN5 IL1R1,0.041886591760419985
CGAATTGTCGATTGGT-1,Endo CLDN5 IL1R1,0.10665915292341581
CGAATTGTCGGATACT-1,L2-3 CUX2 ACVR1C THSD7A,0.03417010666817195
CGACAGCAGTTTGCTG-1,InN VIP EXPH5,0.06347154677891378
CGACAGCTCCTCTTTC-1,InN VIP EXPH5,0.03046138657023022
CGAGAAGCAAATCGTC-1,InN VIP EXPH5,0.09203261055573188
CGAGAAGTCTCAATCT-1,Endo CLDN5 IL1R1,0.6282719554888153
CGAGGAACACGACGTC-1,InN LAMP5 BMP7,0.07392893558351427
CGAGGAAGTGAATTGA-1,L2-3 CUX2 NTNG1 PALMD,0.023532202993352524
CGAGGAAGTTTACTTC-1,Endo CLDN5 IL1R1,0.06493675171242713
CGAGGAATCGATCCAA-1,Endo CLDN5 IL1R1,0.391067524131792
CGAGGAATCTCGACGG-1,Endo CLDN5 IL1R1,0.28337067783388586
CGAGGCTAGGCTAACG-1,Oligo MOG FRY,0.5492784661633614
CGAGGCTAGTGGTGGT-1,Oligo MOG GSN,0.9999990252560751
CGAGGCTGTGTTCAGT-1,InN VIP EXPH5,0.0731750440653998
CGAGTGCCACTTGACA-1,OPC PDGFRA PCDH15,0.9999999999998077
CGAGTGCTCGCTACAA-1,Endo CLDN5 IL1R1,0.1748729419662021
CGAGTGCTCTCTTCAA-1,Endo CLDN5 IL1R1,0.029313459067436744
CGAGTTAAGAGTTGCG-1,InN PVALB HPSE,0.05673292346238786
CGAGTTATCCCAGGCA-1,OPC PDGFRA PCDH15,0.9999999999995937
CGATCGGCAGAGGTAC-1,L2-3 CUX2 NTNG1 PALMD,0.08120726405994622
CGATCGGGTCGCGTTG-1,Oligo MOG GSN,0.9999653138923481
CGATCGGGTGTAAACA-1,L2-3 CUX2 NTNG1 PLCH1,0.07633859656162814
CGATCGGTCTACTTCA-1,Astro GFAP AQP1,0.5749692905900179
CGATGCGAGACCCTTA-1,Endo CLDN5 IL1R1,0.13064320928293485
CGATGCGAGCGCTTCG-1,InN SST FREM1,0.033550793048659544
CGATGCGAGTAGCATA-1,InN SST TRPC7,0.04272747400584271
CGATGCGAGTGGAATT-1,OPC PDGFRA PCDH15,0.9999999999923359
CGATGCGCAAAGGCGT-1,Endo CLDN5 IL1R1,0.47917906526367615
CGATGCGCAATGCAAA-1,Astro AQP4 SLC1A2,0.56171162293381
CGATGCGTCAGCGTCG-1,Oligo MOG OPALIN,0.72270274506605
CGATGCGTCCCTTGGT-1,L2-3 CUX2 NTNG1 PALMD,0.08033753691857216
CGATGGCAGACACACG-1,InN ADARB2 PALMD,0.012554106626177812
CGATGGCCAAGGGTCA-1,OPC PDGFRA PCDH15,0.9999999999990425
CGATGGCGTACTGCCG-1,Endo CLDN5 IL1R1,0.025539985479232877
CGATGGCTCAAATGAG-1,InN VIP EXPH5,0.04055552339011296
CGCAGGTCACCTTCGT-1,Endo CLDN5 IL1R1,0.0506699633878087
CGCAGGTTCAATCCGA-1,Oligo MOG OPALIN,0.06520723257244702
CGCATAAAGCGGCTCT-1,OPC PDGFRA PCDH15,0.9999999999999956
CGCATAATCCTAACAG-1,Endo CLDN5 IL1R1,0.12175212465546818
CGCATAATCCTTCTGG-1,L5-6 FEZF2 NXPH2 GRIK1,0.04454866185376171
CGCATGGAGAGTCTGG-1,OPC PDGFRA PCDH15,0.9999999999999187
CGCATGGAGCATGAAT-1,OPC PDGFRA PCDH15,0.9999999973423903
CGCATGGTCATGCCAA-1,Endo CLDN5 IL1R1,0.5957167521204263
CGCATGGTCGATCCCT-1,Endo CLDN5 IL1R1,0.2324951500618499
CGCATGGTCTTTCCGG-1,Endo CLDN5 IL1R1,0.04737409900735973
CGCCAGACAAGAATGT-1,Astro AQP4 SLC1A2,0.1658230792967867
CGCCAGACAGAGTTGG-1,OPC PDGFRA PCDH15,0.9999999999999984
CGCCAGAGTCCATAGT-1,Endo CLDN5 IL1R1,0.16896000312211784
CGCCAGAGTGAGTTGG-1,Endo CLDN5 IL1R1,0.10182094087781743
CGCCAGATCATCGCTC-1,InN PVALB SYT2,0.018891081493443027
CGCCATTAGTACAGCG-1,OPC PDGFRA PCDH15,0.9999999999999984
CGCCATTGTGCCTGAC-1,Endo CLDN5 IL1R1,0.1968911141575525
CGCCATTTCCTCTCTT-1,L2-3 CUX2 ACVR1C THSD7A,0.7790552226202067
CGCGTGAAGCGTCTCG-1,Endo CLDN5 IL1R1,0.1030499772569412
CGCGTGAAGGCGCTTC-1,Endo CLDN5 IL1R1,0.08895463104572546
CGCGTGAAGTATGATG-1,OPC PDGFRA PCDH15,0.9999999999267617
CGCGTGAGTAATACCC-1,InN ADARB2 PALMD,0.015828631177699802
CGGAACCAGACAACAT-1,L2-3 CUX2 NTNG1 PLCH1,0.010300639093327991
CGGAACCAGCGAGTCA-1,Oligo MOG OPALIN,0.9999560292820008
CGGAACCCACAATGTC-1,Endo CLDN5 IL1R1,0.2348693132491993
CGGAACCGTGCCTGAC-1,Astro GFAP AQP1,0.5351316125299689
CGGAACCTCAGATTGC-1,InN VIP EXPH5,0.07503389123494972
CGGAATTAGCTACTAC-1,InN LAMP5 BMP7,0.03378026417775744
CGGAATTGTAGTGTGG-1,OPC PDGFRA PCDH15,0.9999999999999403
CGGAATTTCCCGAGGT-1,Endo CLDN5 IL1R1,0.035658398720664376
CGGACACCACTATCCC-1,InN LAMP5 BMP7,0.008117450672474755
CGGACACCAGTCCCGA-1,InN SST FREM1,0.036824631422551095
CGGAGAACAACGTTAC-1,Endo CLDN5 IL1R1,0.08432542645328098
CGGAGAAGTGAGAACC-1,Endo CLDN5 IL1R1,0.016179438503756353
CGGAGAAGTGAGTTGG-1,Astro GFAP AQP1,0.2754952348407832
CGGAGAAGTTTAGACC-1,Endo CLDN5 IL1R1,0.35352919383468856
CGGAGAATCACGGACC-1,InN SST FREM1,0.016730729520370854
CGGAGAATCTAGTGTG-1,Endo CLDN5 IL1R1,0.03137768306769727
CGGCAGTCATATTCGG-1,Oligo MOG GSN,0.9943079987449776
CGGCAGTGTGACCTGC-1,Endo CLDN5 IL1R1,0.1387895995015653
CGGGACTCAAAGGATT-1,Oligo MOG GSN,0.8201884526185618
CGGGACTCACATTCGA-1,InN SST FREM1,0.0086764767531042
CGGGACTCACTTCTCG-1,OPC PDGFRA PCDH15,0.9999999999598868
CGGGACTGTAAGATAC-1,Oligo MOG OPALIN,0.9999722208358011
CGGGACTGTATTGAGA-1,L2-3 CUX2 NTNG1 PALMD,0.06113506569502226
CGGGCATAGTTGCATC-1,Oligo MOG GSN,0.9191700468803591
CGGGCATTCGTTAGTG-1,Oligo MOG OPALIN,0.9999536735456853
CGGGTCATCCTACAAG-1,InN SST ADAMTSL1,0.01381920254820797
CGGGTCATCGGTCACG-1,Endo CLDN5 IL1R1,0.11901273368342623
CGGGTGTCAAGCGAGT-1,InN LAMP5 LHX6 PROX1,0.24099451472490532
CGGGTGTTCCCTCTCC-1,InN LAMP5 BMP7,0.02687054501184167
CGGGTGTTCGTGCATA-1,InN VIP EXPH5,0.043782825775982304
CGGTCAGAGCCACCGT-1,Endo CLDN5 IL1R1,0.13415027223935974
CGGTCAGAGCGCTTCG-1,Endo CLDN5 IL1R1,0.02770466440535439
CGGTCAGCAGCTAACT-1,Oligo MOG OPALIN,0.05320806205902791
CGGTCAGTCAGTCACA-1,InN LAMP5 LHX6 PROX1,0.18760217069316762
CGGTCAGTCATTCATC-1,InN VIP EXPH5,0.047312882630417503
CGTAATGAGTTGAATG-1,OPC PDGFRA PCDH15,0.9999999999784488
CGTAATGCAAATCCCA-1,Endo CLDN5 IL1R1,0.0733789942529053
CGTAATGCACAACATC-1,Oligo MOG GSN,0.8649033671104086
CGTAATGGTAAGATAC-1,Endo CLDN5 IL1R1,0.10284272775218097
CGTAATGGTCTACTGA-1,InN SST FREM1,0.06806952171411888
CGTAGTAAGACTGGGT-1,InN SST FREM1,0.12403388366622817
CGTAGTAAGGCGTCCT-1,Oligo MOG OPALIN,0.09523860712033294
CGTAGTACATGCCGCA-1,Endo CLDN5 IL1R1,0.05725231425926813
CGTAGTATCGATACGT-1,Endo CLDN5 IL1R1,0.04588793060224646
CGTAGTATCTAAACGC-1,InN LAMP5 BMP7,0.021819201775262063
CGTAGTATCTTCCCGA-1,InN LAMP5 LHX6 PROX1,0.04351607848019802
CGTCAAAAGCATTTGC-1,Endo CLDN5 IL1R1,0.11311576992357777
CGTCAAACACATATCG-1,InN LAMP5 LHX6 PROX1,0.04214951125397519
CGTCAAAGTACAATAG-1,Endo CLDN5 IL1R1,0.09995549013623552
CGTCAAATCACAATGC-1,L2-3 CUX2 NTNG1 PALMD,0.011069876868159283
CGTCCATTCGCTACAA-1,Endo CLDN5 IL1R1,0.023825469226323073
CGTGAATAGTAAACGT-1,Astro GFAP AQP1,0.539189066271718
CGTGAATGTGACTGAG-1,L2-3 CUX2 ACVR1C THSD7A,0.016441783246419282
CGTGAATTCTGCCCTA-1,Endo CLDN5 IL1R1,0.22912320277114492
CGTGATACACCGTGGT-1,L2-3 CUX2 NTNG1 PALMD,0.26223344130814374
CGTGATACACGGCACT-1,Endo CLDN5 IL1R1,0.17172856451435942
CGTGATATCGATTGAC-1,InN SST FREM1,0.020151620606973487
CGTGCTTCACTACGGC-1,Oligo MOG OPALIN,0.9992862811351731
CGTGTCTCAGTTGTCA-1,InN LAMP5 BMP7,0.9384402298980697
CGTGTCTGTCCACTTC-1,InN LAMP5 BMP7,0.025429470643990554
CGTGTCTGTCCAGCAC-1,Endo CLDN5 IL1R1,0.1647799780135652
CGTGTCTGTGAACTAA-1,Endo CLDN5 IL1R1,0.02196955999642612
CGTGTCTTCTTCTGGC-1,InN PVALB HPSE,0.032152654541042956
CGTTAGAAGGCTGAAC-1,InN VIP EXPH5,0.010409279705744342
CGTTAGACACATTCTT-1,Endo CLDN5 IL1R1,0.060734898121540024
CGTTAGAGTATGTCAC-1,Endo CLDN5 IL1R1,0.06242961649560368
CGTTAGATCCGTTGAA-1,Endo CLDN5 IL1R1,0.1336479377822391
CGTTAGATCTGAATCG-1,Micro P2RY12 APBB1IP,0.045823738792109776
CGTTAGATCTTCGCTG-1,Endo CLDN5 IL1R1,0.08383542082962364
CGTTCTGAGTGGTTCT-1,Endo CLDN5 IL1R1,0.06752343396842261
CGTTCTGCAGGAGACT-1,Oligo MOG OPALIN,0.07410941759409477
CGTTCTGGTACAGTCT-1,Endo CLDN5 IL1R1,0.06548229565016812
CGTTCTGGTACGATTC-1,PC P2RY14 GRM8,0.9999969271045814
CGTTCTGGTGCCCTTT-1,OPC PDGFRA PCDH15,0.9999999999974947
CGTTGGGAGAGCTGAC-1,Oligo MOG GSN,0.999983403756243
CGTTGGGCAGCTGTCG-1,Endo CLDN5 IL1R1,0.08023398937884982
CGTTGGGGTTCGTGCG-1,L2-3 CUX2 NTNG1 PALMD,0.12714985484189203
CGTTGGGGTTTGCAGT-1,Endo CLDN5 IL1R1,0.16459401456221465
CGTTGGGTCTAGATCG-1,InN LAMP5 BMP7,0.3744868519374308
CTAACCCAGGTGATCG-1,OPC PDGFRA PCDH15,0.9999999999993443
CTAACCCAGTTTAGGA-1,Astro AQP4 SLC1A2,0.9990502331021861
CTAACCCCACGGTGAA-1,Endo CLDN5 IL1R1,0.10793908698190692
CTAACCCGTAGCGTTT-1,L2-3 CUX2 NTNG1 PLCH1,0.017138390817458545
CTAACCCTCATTGAGC-1,Endo CLDN5 IL1R1,0.061782428882099436
CTAACTTAGTGTAGAT-1,InN VIP CLSTN2,0.9996465794220087
CTAACTTCATGACTAC-1,Endo CLDN5 IL1R1,0.03574900775670272
CTAACTTGTGTAGCAG-1,InN PVALB SYT2,0.09479803208140059
CTAACTTTCCTGGGTG-1,Endo CLDN5 IL1R1,0.34139608624646195
CTAAGTGAGACTCATC-1,InN VIP EXPH5,0.05269949613743751
CTAAGTGAGCTCATAC-1,Astro GFAP AQP1,0.5129489075858417
CTAAGTGCATCGCCTT-1,Endo CLDN5 IL1R1,0.11046557651630544
CTAAGTGTCCTCAGGG-1,OPC PDGFRA PCDH15,0.9999999999999667
CTACAGAAGGTCCGAA-1,InN LAMP5 BMP7,0.02841061136833973
CTACAGATCAGTCCGG-1,Oligo MOG OPALIN,0.999688458740676
CTACAGATCTCGGCTT-1,InN LAMP5 BMP7,0.10015960131730875
CTACATTAGGGAGGCA-1,Oligo MOG OPALIN,0.9998835304881939
CTACATTCATGCGTGC-1,OPC PDGFRA PCDH15,0.9999999999999627
CTACATTTCACTTGTT-1,Oligo MOG OPALIN,0.9997927670863893
CTACATTTCGCTCTAC-1,Endo CLDN5 IL1R1,0.05854036264776389
CTACCCACACATATGC-1,Endo CLDN5 SLC7A5,0.5545188544998085
CTACCCAGTAGGTGCA-1,Endo CLDN5 IL1R1,0.00462886105812412
CTACCCAGTGGCAGAT-1,OPC PDGFRA PCDH15,0.9999999999999947
CTACCCATCAAGCTTG-1,Endo CLDN5 IL1R1,0.19578300844067092
CTACCTGCAGTCAGCC-1,InN LAMP5 LHX6 PROX1,0.011574749986036163
CTACGGGGTCGAAGCA-1,OPC PDGFRA PCDH15,0.9999999999999305
CTACGGGTCCCATGGG-1,Endo CLDN5 IL1R1,0.2339075693292258
CTACTATAGGGAGTGG-1,Endo CLDN5 IL1R1,0.49941151933055605
CTACTATGTATCAAGA-1,OPC PDGFRA PCDH15,0.9999999999986311
CTAGACAAGCTTGTGT-1,InN LAMP5 BMP7,0.13358986054232722
CTAGACACAAGGCCTC-1,Endo CLDN5 IL1R1,0.031590197973102176
CTAGACAGTCGAAGCA-1,Oligo MOG OPALIN,0.9993088393453317
CTAGACATCGGAATTC-1,OPC PDGFRA PCDH15,0.9999126981792218
CTAGGTAAGACAACAT-1,T SKAP1 CD247,0.9999999997035083
CTAGGTAAGGAGTCTG-1,Endo CLDN5 IL1R1,0.01719570637237012
CTAGGTACATATCTGG-1,Oligo MOG OPALIN,0.9996262071034459
CTAGGTAGTTAGGCCC-1,Astro GFAP FABP7,0.5325233329701419
CTATAGGGTAAGGAGA-1,Endo CLDN5 IL1R1,0.04800530750947803
CTATAGGGTGGTCTTA-1,InN ADARB2 PALMD,0.028717669568544463
CTATCCGAGAGGATGA-1,Endo CLDN5 IL1R1,0.044219718761255196
CTATCCGGTAGATGTA-1,Endo CLDN5 IL1R1,0.16524217147326922
CTATCTAAGCTTGTGT-1,InN LAMP5 LHX6 PROX1,0.09020642141885338
CTATCTACAGTTGTTG-1,Astro AQP4 SLC1A2,0.5608975229208861
CTATCTAGTACAGTCT-1,Endo CLDN5 IL1R1,0.12801905000627198
CTATCTATCTGATTCT-1,T SKAP1 CD247,0.9999999999909384
CTCAACCCACGGTGTC-1,L5-6 FEZF2 NXPH2 GRIK1,0.05524518124980808
CTCAACCCAGCACCCA-1,InN LAMP5 LHX6 PROX1,0.032007005741425676
CTCAACCCATACCGTA-1,Endo CLDN5 IL1R1,0.18292212880799763
CTCAACCGTAGCGAGT-1,Astro AQP4 OSMR,0.051337236781386596
CTCAAGACACTGATTG-1,OPC PDGFRA PCDH15,0.9999999999999252
CTCAAGAGTCCAGTTA-1,Endo CLDN5 IL1R1,0.06135364031616229
CTCAAGAGTGGAACCA-1,InN PVALB HPSE,0.10322335542584397
CTCAATTAGCACTCAT-1,Oligo MOG OPALIN,0.9987326291263182
CTCAATTAGGGTAGCT-1,Oligo MOG GSN,0.9999984360940652
CTCAATTCACAATGCT-1,Oligo MOG OPALIN,0.5320245676536473
CTCAATTCAGATCCTA-1,Endo CLDN5 IL1R1,0.03397928447084618
CTCAATTGTTCTCCAC-1,InN LAMP5 BMP7,0.04576998645086964
CTCAATTTCCTGGTCT-1,Oligo MOG OPALIN,0.7275069047681363
CTCAATTTCGCTAGCG-1,InN SST FREM1,0.04136771286544996
CTCACTGAGTAAACGT-1,OPC PDGFRA PCDH15,0.9999999999998495
CTCACTGAGTTGCTGT-1,InN ADARB2 PALMD,0.04349722928709957
CTCACTGCAAGGCTTT-1,OPC PDGFRA PCDH15,0.9999999999999756
CTCACTGCAGGGTTGA-1,Endo CLDN5 IL1R1,0.3759564715180102
CTCACTGGTGATGGCA-1,Endo CLDN5 IL1R1,0.07275187183856337
CTCAGAAGTATTCCGA-1,InN SST FREM1,0.01718833451010149
CTCAGAAGTCGGTACC-1,Endo CLDN5 IL1R1,0.05692749250635724
CTCAGAAGTCTGATCA-1,Oligo MOG OPALIN,0.9999749698202914
CTCAGAAGTGAATGTA-1,Oligo MOG OPALIN,0.9964134043138788
CTCAGAAGTGACCGTC-1,OPC PDGFRA PCDH15,0.999999999999593
CTCAGAATCAGCGGAA-1,InN SST FREM1,0.036827239899120824
CTCAGAATCAGGAAAT-1,InN VIP CLSTN2,0.005752558058428786
CTCAGGGCAGAGACTG-1,Endo CLDN5 IL1R1,0.09755365385151521
CTCAGGGCATAGGTAA-1,Oligo MOG OPALIN,0.9996310293756846
CTCAGGGGTTCCCAAA-1,Oligo MOG OPALIN,0.014369640264047677
CTCAGGGTCTCGGCTT-1,InN SST FREM1,0.03011419311560049
CTCAGTCCAATTGCCA-1,Endo CLDN5 IL1R1,0.049758934150889805
CTCAGTCCACTGGAAG-1,Endo CLDN5 IL1R1,0.0525221429042574
CTCAGTCTCCAGGACC-1,OPC PDGFRA PCDH15,0.9999999999998062
CTCAGTCTCTTACACT-1,Oligo MOG OPALIN,0.9999903589234345
CTCAGTCTCTTTGCAT-1,Endo CLDN5 IL1R1,0.11257585816014642
CTCATCGTCATACGAC-1,Oligo MOG GSN,0.9088958870804099
CTCATGCGTATCGAGG-1,Oligo MOG OPALIN,0.5400001170158043
CTCATGCTCAGCTCTC-1,Endo CLDN5 IL1R1,0.06553083402882585
CTCATTAAGGTGCCTC-1,Micro P2RY12 APBB1IP,0.04619056570823243
CTCATTACACTGCATA-1,InN VIP EXPH5,0.07110281808815894
CTCATTAGTCGTGGTC-1,InN SST FREM1,0.05777723584591164
CTCATTATCCTACGAA-1,Oligo MOG OPALIN,0.3956237803175313
CTCCAACAGCTCCATA-1,Micro P2RY12 APBB1IP,0.998315404231216
CTCCAACAGGTACAGC-1,L5-6 FEZF2 NXPH2 GRIK1,0.02441101648595693
CTCCAACAGGTGGTTG-1,Oligo MOG OPALIN,0.9674836434608879
CTCCAACCAAGTTCGT-1,Endo CLDN5 IL1R1,0.029721299133070107
CTCCAACGTCGTATGT-1,Endo CLDN5 IL1R1,0.046799125076737114
CTCCAACTCCCAGGAC-1,OPC PDGFRA PCDH15,0.999999999974144
CTCCACACATATGCGT-1,Endo CLDN5 IL1R1,0.04906167661895708
CTCCACAGTAGTCTGT-1,L2-3 CUX2 NTNG1 PALMD,0.07911046495391032
CTCCACATCCTCGCAT-1,Endo CLDN5 IL1R1,0.08030312366893627
CTCCACATCGCAGTTA-1,OPC PDGFRA PCDH15,0.999999999600679
CTCCATGAGTGTTCAC-1,Endo CLDN5 IL1R1,0.21324526239023156
CTCCATGCAGTAGAAT-1,PC P2RY14 GRM8,0.9999999868499969
CTCCCAAAGAGAGGTA-1,Endo CLDN5 IL1R1,0.0925164722820535
CTCCCAAAGGCCTTGC-1,Oligo MOG OPALIN,0.9519872378344623
CTCCCAAAGTCGGCCT-1,Oligo MOG OPALIN,0.7361060269993397
CTCCCAACAGAGCCCT-1,Endo CLDN5 IL1R1,0.22224936122033506
CTCCCAATCCCGTTGT-1,Oligo MOG OPALIN,0.9163362753772215
CTCCCTCCACAACGAG-1,Oligo MOG OPALIN,0.9999449039371071
CTCCCTCCACGAGGTA-1,Endo CLDN5 IL1R1,0.06372001113225742
CTCCCTCTCTCACGAA-1,Endo CLDN5 IL1R1,0.01986594215746287
CTCCGATAGATTCGAA-1,InN PVALB SYT2,0.11418015170656312
CTCCGATAGTCAGCCC-1,Endo CLDN5 IL1R1,0.036371353218341125
CTCCGATGTTACCTGA-1,InN SST FREM1,0.05990282087714871
CTCCGATGTTGTAAAG-1,Endo CLDN5 IL1R1,0.035022812662087746
CTCCGATTCATTGTGG-1,Endo CLDN5 IL1R1,0.0261944492336994
CTCCGATTCTAGAGCT-1,Endo CLDN5 IL1R1,0.034837256745473597
CTCCTCCAGAGGTTAT-1,L2-3 CUX2 ACVR1C THSD7A,0.9814476827498844
CTCCTCCCACTACAGT-1,Astro AQP4 SLC1A2,0.36002745488183235
CTCCTCCGTGAGTCAG-1,InN LAMP5 LHX6 PROX1,0.02470455891555562
CTCCTCCTCCTGGGAC-1,Endo CLDN5 IL1R1,0.3616399691948949
CTCCTTTAGTTGTCGT-1,OPC PDGFRA PCDH15,0.9999999988948904
CTCCTTTGTCTTGGTA-1,Astro AQP4 OSMR,0.4448053957448868
CTCCTTTTCTCTCTTC-1,Astro GFAP AQP1,0.866740205371188
CTCGAGGAGCTGACCC-1,Endo CLDN5 IL1R1,0.04523246549470286
CTCGAGGAGTTCCATG-1,Endo CLDN5 IL1R1,0.0890117651762574
CTCGAGGGTCTTGCGG-1,InN LAMP5 LHX6 PROX1,0.05519104644257529
CTCGAGGGTGCGGTAA-1,L6 FEZF2 SYT6 PTPRT,0.026288654525307733
CTCGAGGTCCGTTGGG-1,Endo CLDN5 IL1R1,0.023923906581524067
CTCGAGGTCTCGAACA-1,Oligo MOG OPALIN,0.9999691865921863
CTCTCAGAGTGGTTAA-1,Oligo MOG OPALIN,0.9961407349525179
CTCTCAGCACGGGCTT-1,Astro GFAP AQP1,0.8084168437984571
CTCTCAGGTCGCGTCA-1,InN LAMP5 LHX6 PROX1,0.008410554949360315
CTCTCGACATCCTCAC-1,Endo CLDN5 IL1R1,0.027507685770737096
CTCTCGAGTCAAGCCC-1,InN SST FREM1,0.216276954360621
CTCTCGAGTTCCTACC-1,Endo CLDN5 IL1R1,0.1341732451329093
CTCTCGAGTTGCAAGG-1,Endo CLDN5 IL1R1,0.23863340788567736
CTCTCGATCAGCCCAG-1,InN VIP EXPH5,0.009470159244770217
CTCTCGATCCCTATTA-1,L2-3 CUX2 ACVR1C THSD7A,0.009174650160980678
CTCTGGTAGATAGCTA-1,Oligo MOG OPALIN,0.9960030406605693
CTCTGGTGTGCCCAGT-1,L5-6 FEZF2 NXPH2 GRIK1,0.04456111173383914
CTGAATGAGCAATTAG-1,OPC PDGFRA PCDH15,0.9999999999997196
CTGAATGAGGCATCAG-1,InN SST FREM1,0.07159339017406095
CTGAATGGTGGGTTGA-1,L3-5 RORB MKX GALR1,0.11665764051077324
CTGAGCGAGTACTCGT-1,Endo CLDN5 IL1R1,0.21092853400766315
CTGAGCGCATGACCCG-1,InN VIP EXPH5,0.04594627296647614
CTGAGCGTCAGGACGA-1,PC P2RY14 GRM8,0.05378682420154041
CTGAGCGTCCAGTACA-1,Endo CLDN5 IL1R1,0.5745612033442572
CTGAGGCAGGCCCGTT-1,Astro AQP4 OSMR,0.012192871077285249
CTGATCCAGATCCTAC-1,OPC PDGFRA PCDH15,0.9999999999999862
CTGATCCCAAACCGGA-1,Endo CLDN5 IL1R1,0.13523614998002798
CTGCAGGCATGCAGGA-1,L2-3 CUX2 ACVR1C THSD7A,0.03901217494642821
CTGCAGGGTCAGTCGC-1,Endo CLDN5 IL1R1,0.5201002535755431
CTGCAGGTCGACCTAA-1,InN SST ADAMTSL1,0.11779325732141974
CTGCATCCAATGCAGG-1,L2-3 CUX2 ACVR1C INHBA,0.09208602407643626
CTGCATCCAGTAGATA-1,InN LAMP5 LHX6 PROX1,0.057568183756421025
CTGCATCGTTACGATC-1,Oligo MOG OPALIN,0.09988923553831563
CTGCATCTCCGCAAAT-1,Micro P2RY12 APBB1IP,0.0208759860285036
CTGCCTACACGACGTC-1,Oligo MOG OPALIN,0.9790796727546413
CTGCCTAGTCGGTGAA-1,InN SST FREM1,0.0595244661836079
CTGCGAGAGCGATTCT-1,Endo CLDN5 IL1R1,0.05445091204398073
CTGCGAGCATTAAAGG-1,Endo CLDN5 IL1R1,0.05115989452696904
CTGCGAGCATTGGGAG-1,Endo CLDN5 IL1R1,0.1982058032424143
CTGCGAGTCGAGCCTG-1,OPC PDGFRA PCDH15,0.9999999999999891
CTGCGAGTCGTAACAC-1,Astro GFAP AQP1,0.07592295975661141
CTGCTCACAATTGAGA-1,L2-3 CUX2 NTNG1 PALMD,0.9953968194637411
CTGCTCACACCTTCGT-1,Oligo MOG OPALIN,0.3130660957026483
CTGCTCAGTTGTGCAT-1,OPC PDGFRA PCDH15,0.9999999999974749
CTGCTCAGTTTGGCTA-1,OPC PDGFRA PCDH15,0.9999999999999927
CTGGACGCATGAGGGT-1,Astro GFAP AQP1,0.11266577331465069
CTGGCAGGTCTGTAAC-1,InN SST FREM1,0.020146474642139638
CTGGCAGTCGGATAAA-1,Oligo MOG OPALIN,0.9996520175051421
CTGGTCTAGCTGTCCG-1,Endo CLDN5 IL1R1,0.32722440477063575
CTGGTCTGTAGCGCCT-1,Oligo MOG OPALIN,0.9961475994530505
CTGGTCTGTTCTCGTC-1,Endo CLDN5 IL1R1,0.044163983087333825
CTGGTCTTCGGCATTA-1,Endo CLDN5 IL1R1,0.40796722498741933
CTGTACCAGGTGCCAA-1,Endo CLDN5 IL1R1,0.03427693049005669
CTGTACCAGTGGAAGA-1,OPC PDGFRA PCDH15,0.9999999999999964
CTGTACCCACAACGTT-1,InN LAMP5 LHX6 PROX1,0.027025937071816393
CTGTACCGTAACAGGC-1,Endo CLDN5 IL1R1,0.04352305376841251
CTGTACCTCTGACGCG-1,Endo CLDN5 IL1R1,0.12130232942992683
CTGTAGAAGCCGAATG-1,Endo CLDN5 IL1R1,0.027066123025674037
CTGTAGAAGTTCTACG-1,InN LAMP5 BMP7,0.12385548204105702
CTGTAGACATTCAGGT-1,Oligo MOG OPALIN,0.8437223787594816
CTGTAGATCAACGCTA-1,InN LAMP5 LHX6 PROX1,0.28404567538405295
CTGTAGATCTACCACC-1,OPC PDGFRA PCDH15,0.9999999999999578
CTGTATTGTGTCCAAT-1,Endo CLDN5 IL1R1,0.30611517788974835
CTGTATTGTTAGCGGA-1,InN SST FREM1,0.13751798624332745
CTGTCGTCAACGATTC-1,OPC PDGFRA PCDH15,0.9999998258972996
CTGTCGTGTTGCTCAA-1,Endo CLDN5 IL1R1,0.022957681163161367
CTGTCGTTCACGATAC-1,OPC PDGFRA PCDH15,0.9961522350066576
CTGTCGTTCTGAGGTT-1,L2-3 CUX2 ACVR1C THSD7A,0.024158544265129315
CTGTGAACAGGATCTT-1,InN LAMP5 LHX6 PROX1,0.057090655526089766
CTGTGAACATACAGGG-1,Endo CLDN5 IL1R1,0.36548487926291245
CTGTGAATCAACTTTC-1,Oligo MOG OPALIN,0.09167553619215237
CTGTGAATCGCTCTCA-1,InN SST FREM1,0.054014868040900485
CTGTGAATCTAGCCTC-1,Oligo MOG GSN,0.9998023469446624
CTGTGGGTCATTGAGC-1,Endo CLDN5 IL1R1,0.10460028867536374
CTTACCGCAACCGACC-1,Endo CLDN5 IL1R1,0.32083793214736944
CTTACCGCAAGTATAG-1,Endo CLDN5 IL1R1,0.09502005663949797
CTTACCGCAATTCTTC-1,OPC PDGFRA PCDH15,0.9999999356970591
CTTACCGGTATCCCAA-1,OPC PDGFRA PCDH15,0.9999999999999991
CTTAGGACACATGAAA-1,Micro P2RY12 APBB1IP,0.04746279001409965
CTTAGGAGTAGTCTTG-1,OPC PDGFRA PCDH15,0.9999545497606268
CTTAGGAGTCCCACGA-1,Endo CLDN5 IL1R1,0.10780089917525576
CTTAGGATCCAGCCTT-1,Endo CLDN5 IL1R1,0.049673931197492756
CTTCAATAGGTCACAG-1,Endo CLDN5 IL1R1,0.15862713743971193
CTTCAATCATAGATGA-1,InN ADARB2 PALMD,0.003954589738237243
CTTCAATCATAGGCGA-1,Endo CLDN5 IL1R1,0.2192739899256317
CTTCAATTCGCAAGAG-1,InN SST FREM1,0.03092110511289903
CTTCAATTCGCTTACC-1,Endo CLDN5 IL1R1,0.09226447886752163
CTTCCGAAGTGAGTTA-1,InN SST ADAMTSL1,0.06473491129966877
CTTCCGACACTGTGAT-1,Endo CLDN5 IL1R1,0.7741364992866051
CTTCCGACAGATGCGA-1,OPC PDGFRA PCDH15,0.9999701960933557
CTTCCGAGTCTTCATT-1,InN VIP EXPH5,0.01882432032712628
CTTCCGAGTTCTCCAC-1,Micro P2RY12 APBB1IP,0.7100936012902032
CTTCCGATCCCAAGCG-1,Oligo MOG OPALIN,0.15870985377755323
CTTCCTTAGCAAGTGC-1,Endo CLDN5 IL1R1,0.030575024602911803
CTTCCTTAGCACCCAC-1,Astro GFAP AQP1,0.8451548208395978
CTTCCTTAGGTCCAGA-1,OPC PDGFRA PCDH15,0.9999999999883458
CTTCCTTGTCGAATTC-1,Macro F13A1 COLEC12,0.9991892767511606
CTTCCTTTCCTCTCTT-1,Oligo MOG OPALIN,0.9999791570944992
CTTCGGTCAACTGGTT-1,Endo CLDN5 IL1R1,0.06540981406749105
CTTCGGTCAGTCGGAA-1,OPC PDGFRA PCDH15,0.9999999999999833
CTTCGGTGTACTCGCG-1,Endo CLDN5 IL1R1,0.3167496815943415
CTTCGGTGTCCGGTCA-1,Oligo MOG OPALIN,0.9999989066236437
CTTCGGTTCTGTAACG-1,Endo CLDN5 IL1R1,0.042372295761958674
CTTCTAAAGGCGTTAG-1,Oligo MOG OPALIN,0.8189691431611067
CTTCTAAAGTATGGAT-1,Endo CLDN5 IL1R1,0.04575212566960648
CTTCTAACAAATCAGA-1,Oligo MOG GSN,0.8966745997692696
CTTCTAACAACCGTAT-1,PC P2RY14 GRM8,0.010010318844898865
CTTCTAAGTATTCTCT-1,Endo CLDN5 IL1R1,0.028781047881974275
CTTCTCTAGTCGAGGT-1,Endo CLDN5 IL1R1,0.27721915511692713
CTTCTCTAGTCGTTAC-1,Endo CLDN5 IL1R1,0.5239519015511714
CTTCTCTCAGTAACAA-1,Endo CLDN5 IL1R1,0.03159231541340559
CTTCTCTGTCAGTCTA-1,Endo CLDN5 IL1R1,0.009452741817268611
CTTCTCTGTTCGGCGT-1,InN SST FREM1,0.07816346166701313
CTTCTCTTCCAAGCTA-1,InN LAMP5 LHX6 PROX1,0.07806913813566385
CTTCTCTTCCTAAGTG-1,Endo CLDN5 IL1R1,0.04542692702222432
CTTCTCTTCCTCGCAT-1,Endo CLDN5 IL1R1,0.512980172731234
CTTGAGAAGTGTTCAC-1,OPC PDGFRA PCDH15,0.9999999999994769
CTTGAGACATGGCCCA-1,Oligo MOG OPALIN,0.9569468063567697
CTTGAGAGTCTGCGCA-1,Endo CLDN5 IL1R1,0.0463143115554599
CTTGAGATCAAATGCC-1,OPC PDGFRA PCDH15,0.9999999999996145
CTTGATTAGCGGTAGT-1,Endo CLDN5 IL1R1,0.01045929617443575
CTTGATTAGTCGAAGC-1,OPC PDGFRA PCDH15,0.9999999999974161
CTTTCAAGTTCTCGTC-1,Endo CLDN5 IL1R1,0.183572761460185
CTTTCAATCCGTAGGC-1,Endo CLDN5 IL1R1,0.13347604646889977
CTTTCGGAGCTACAAA-1,Endo CLDN5 IL1R1,0.7370754322561263
CTTTCGGAGTGCACCC-1,Astro GFAP AQP1,0.9650335904748834
CTTTCGGCAATCCTTT-1,Endo CLDN5 IL1R1,0.055606244707842874
CTTTCGGGTACTGTTG-1,Endo CLDN5 IL1R1,0.3244830182147607
CTTTCGGTCGAGAGCA-1,InN LAMP5 LHX6 PROX1,0.11424018102478711
GAAACCTCACGCGGTT-1,L2-3 CUX2 ACVR1C THSD7A,0.02315614900597773
GAAACCTGTAGTGATA-1,Oligo MOG OPALIN,0.9536876602715749
GAAACCTGTTGTTGCA-1,Astro GFAP AQP1,0.33380323543421675
GAAACCTTCAACCTTT-1,Oligo MOG OPALIN,0.39552797997999656
GAAATGACAAGACGAC-1,InN VIP EXPH5,0.02078481583482719
GAAATGACACGGCTAC-1,Endo CLDN5 IL1R1,0.09561505270252219
GAAATGATCAGAATAG-1,Oligo MOG OPALIN,0.9991924976599088
GAAATGATCATAAGGA-1,InN VIP EXPH5,0.1832836306237762
GAACACTCAGACCTGC-1,Endo CLDN5 IL1R1,0.23823850273539743
GAACACTCATCGCTAA-1,Oligo MOG OPALIN,0.9999197039078855
GAACGTTGTGTTGCCG-1,Endo CLDN5 IL1R1,0.19418140507956752
GAACGTTGTTAGGGAC-1,Endo CLDN5 IL1R1,0.014357385724387528
GAACGTTGTTTCGACA-1,InN LAMP5 LHX6 PROX1,0.09153868572160191
GAACTGTAGAAGGCTC-1,Endo CLDN5 IL1R1,0.05294275300576923
GAACTGTCACATACTG-1,Endo CLDN5 IL1R1,0.08648228397513776
GAACTGTGTCGCTCGA-1,Endo CLDN5 IL1R1,0.2761814702620209
GAACTGTGTGGGATTG-1,Endo CLDN5 IL1R1,0.7227420046210222
GAACTGTTCGCTCATC-1,InN SST HTR2C,0.0623437160758159
GAACTGTTCGTGGACC-1,Endo CLDN5 IL1R1,0.057191092735450935
GAAGAATGTGAGATAT-1,Endo CLDN5 IL1R1,0.02275212189652711
GAAGAATGTGCATTAC-1,OPC PDGFRA PCDH15,0.9999999999903046
GAAGAATGTTAGGCTT-1,Endo CLDN5 IL1R1,0.05639904319945084
GAAGAATTCAAGCTGT-1,Endo CLDN5 IL1R1,0.1473975433374704
GAAGCCCAGAGTCGAC-1,T SKAP1 CD247,0.9999999926468317
GAAGCCCAGGTCTTTG-1,Endo CLDN5 IL1R1,0.04744798206701847
GAAGCCCCACGACAAG-1,InN LAMP5 BMP7,0.031049112822749848
GAAGCCCCAGCTGAAG-1,Endo CLDN5 IL1R1,0.13523860779970098
GAAGCCCCATAAGATG-1,Endo CLDN5 IL1R1,0.03473886545445626
GAAGCCCGTAGTAAGT-1,Endo CLDN5 IL1R1,0.07491167708055861
GAAGCCCGTCTCACAA-1,Endo CLDN5 IL1R1,0.010935115717690135
GAAGCGAAGAAACTAC-1,Astro GFAP AQP1,0.9643467192880009
GAAGCGAAGGCACAAC-1,Endo CLDN5 IL1R1,0.07413656056601858
GAAGCGAAGTCATACC-1,OPC PDGFRA PCDH15,0.9999999999977891
GAAGCGACAACATACC-1,Endo CLDN5 IL1R1,0.18607579829713522
GAAGCGACAGAGCGTA-1,InN SST FREM1,0.05413137683835687
GAAGGACAGTAGGATT-1,Endo CLDN5 IL1R1,0.06339034862808725
GAAGGGTAGCGTATAA-1,Endo CLDN5 IL1R1,0.06416567542903918
GAAGGGTCAAATAAGC-1,Endo CLDN5 IL1R1,0.17434865258985935
GAAGGGTCAGTTAAAG-1,Endo CLDN5 IL1R1,0.5571435068461159
GAAGGGTCATGTACGT-1,Endo CLDN5 IL1R1,0.03990966336825652
GAAGGGTGTGCCTAAT-1,OPC PDGFRA PCDH15,0.9999999999999372
GAAGTAACAAATGAAC-1,Endo CLDN5 IL1R1,0.055642298612485125
GAAGTAACAGAATGTA-1,Endo CLDN5 IL1R1,0.13727602583287343
GAAGTAAGTACCTAAC-1,L6 FEZF2 SYT6 CDH9,0.0705874544276769
GAAGTAATCCAGTGTA-1,Astro AQP4 SLC1A2,0.9602419058207138
GAAGTAATCGACTCCT-1,Endo CLDN5 IL1R1,0.06606309772919351
GAATCACAGAACGTGC-1,L2-3 CUX2 NTNG1 PALMD,0.03132175652260019
GAATCACAGTCCTGCG-1,Oligo MOG OPALIN,0.9988344616403575
GAATCACGTCATCCGG-1,Oligo MOG GSN,0.9999804836330921
GAATCACGTGATACAA-1,Endo CLDN5 IL1R1,0.1196268239695747
GAATCACGTGGGCTTC-1,Endo CLDN5 IL1R1,0.22088310284440946
GAATCACGTTGAAGTA-1,InN PVALB SYT2,0.04410567017482471
GAATCGTGTCCAGTTA-1,L2-3 CUX2 ACVR1C THSD7A,0.3244017073356327
GAATCGTTCAAAGGTA-1,Endo CLDN5 IL1R1,0.2857936284407876
GACACGCGTACACGTT-1,InN ADARB2 PALMD,0.013341223273550477
GACACGCTCTCCGAGG-1,Endo CLDN5 IL1R1,0.2022292177242158
GACAGCCAGTCTGCGC-1,Endo CLDN5 IL1R1,0.03402666162542738
GACAGCCCAGTCAGAG-1,InN SST FREM1,0.1343497228090569
GACAGCCCATACATCG-1,L2-3 CUX2 ACVR1C THSD7A,0.035206935015379574
GACATCAAGATGACCG-1,L2-3 CUX2 NTNG1 PALMD,0.033605786244456703
GACATCAAGCATAGGC-1,InN VIP EXPH5,0.02151073986597239
GACATCACAATCGTCA-1,InN LAMP5 BMP7,0.07578781756463991
GACATCACACGACAGA-1,Oligo MOG OPALIN,0.9999205573734247
GACATCACATGGCCAC-1,Micro P2RY12 APBB1IP,0.9991981624197861
GACATCAGTGCCGGTT-1,Endo CLDN5 IL1R1,0.36042961824556774
GACCAATTCCAATCTT-1,OPC PDGFRA PCDH15,0.9999999999999685
GACCCAGAGGTGCCTC-1,Endo CLDN5 IL1R1,0.30874782904566894
GACCCAGAGTAGTCCT-1,InN SST FREM1,0.04051120250351385
GACCCAGCAATGTCAC-1,Endo CLDN5 IL1R1,0.11234065001938857
GACCCTTAGTAGGATT-1,L2-3 CUX2 ACVR1C THSD7A,0.44522305648896526
GACCCTTCAATGGGTG-1,OPC PDGFRA PCDH15,0.999999999999978
GACCCTTCAGTATTCG-1,InN SST FREM1,0.07088792462036993
GACCCTTGTGACGCCT-1,OPC PDGFRA PCDH15,0.9999999999997127
GACCCTTTCCTGTAAG-1,Endo CLDN5 IL1R1,0.12791312636216667
GACCCTTTCGATGCAT-1,L2-3 CUX2 NTNG1 PALMD,0.3704823499487929
GACCGTGCATAGACTC-1,Endo CLDN5 IL1R1,0.026201548988877756
GACCGTGGTCTCGGGT-1,Oligo MOG OPALIN,0.6338853448069687
GACCGTGTCCCAAGCG-1,Astro AQP4 SLC1A2,0.5341006488437982
GACCGTGTCGCCAATA-1,Endo CLDN5 IL1R1,0.017568014575175726
GACCTTCCATAGGAGC-1,OPC PDGFRA PCDH15,0.9999999999998344
GACCTTCTCGATTGAC-1,OPC PDGFRA PCDH15,0.9999999999998745
GACCTTCTCTGTGTGA-1,Oligo MOG GSN,0.6342168990695617
GACGCTGTCGTAGTGT-1,InN VIP EXPH5,0.13054018082312766
GACGTTAAGATGACAT-1,Endo CLDN5 IL1R1,0.14739902024736587
GACTATGAGAGCATTA-1,Astro AQP4 SLC1A2,0.0655509501827099
GACTATGAGTCAAGCG-1,Oligo MOG OPALIN,0.9991092534047065
GACTATGCAAGGACAC-1,Oligo MOG OPALIN,0.9996398854595083
GACTATGCACCTATCC-1,L2-3 CUX2 ACVR1C THSD7A,0.04889309206815959
GACTATGCATATACCG-1,InN SST FREM1,0.03095627310361717
GACTATGCATATCGGT-1,OPC PDGFRA PCDH15,0.9999999999999067
GACTATGGTAGACACG-1,Endo CLDN5 IL1R1,0.1756056394423876
GACTATGTCAGTGTGT-1,Oligo MOG OPALIN,0.9999873525407872
GACTCAAAGCCTAGGA-1,OPC PDGFRA PCDH15,0.9999999999998339
GACTCAAAGGCTATCT-1,InN VIP EXPH5,0.0825730671548203
GACTCAACACGCGCTA-1,Endo CLDN5 IL1R1,0.04035823903223642
GACTCAAGTAGTGTGG-1,Astro GFAP AQP1,0.18966918024104545
GACTCTCAGCACCCAC-1,Oligo MOG OPALIN,0.9999892699028564
GACTCTCGTTCAGCGC-1,OPC PDGFRA PCDH15,0.9999999999890137
GACTCTCGTTGCGGCT-1,OPC PDGFRA PCDH15,0.9999999998398665
GACTCTCTCGGCTCTT-1,InN SST FREM1,0.5971405613336005
GACTCTCTCTAAGAAG-1,Endo CLDN5 IL1R1,0.21263367556822557
GACTCTCTCTATGTGG-1,OPC PDGFRA PCDH15,0.9999999999997378
GACTGATCAGAATCGG-1,Oligo MOG GSN,0.9974324029010374
GACTGATTCTACAGGT-1,Endo CLDN5 IL1R1,0.17811746405019338
GAGAAATCAACCTATG-1,Micro P2RY12 APBB1IP,0.012495953190960103
GAGAAATGTCGTACAT-1,Endo CLDN5 IL1R1,0.0399932723707497
GAGAAATTCACTACGA-1,OPC PDGFRA PCDH15,0.9999999999998994
GAGACCCAGCTTGTGT-1,Oligo MOG GSN,0.436222539303901
GAGAGGTCAAGCAGGT-1,InN VIP EXPH5,0.315610661828037
GAGAGGTGTCAGCGTC-1,Oligo MOG OPALIN,0.9996313997703239
GAGAGGTGTCCCAAAT-1,Endo CLDN5 IL1R1,0.00622998322699985
GAGAGGTGTGTGATGG-1,Oligo MOG OPALIN,0.9999982279362246
GAGAGGTTCACTCGAA-1,OPC PDGFRA PCDH15,0.9999999999998626
GAGATGGAGTGTTGTC-1,Oligo MOG OPALIN,0.9999969855158175
GAGATGGCAAATGCTC-1,InN SST FREM1,0.06857622420795302
GAGATGGCACCGCTGA-1,OPC PDGFRA PCDH15,0.9999999999339897
GAGATGGCACCGTGGT-1,Endo CLDN5 IL1R1,0.3476229294517171
GAGATGGGTGCTCGTG-1,Endo CLDN5 IL1R1,0.015068879583564045
GAGATGGGTGTCCCTT-1,Micro P2RY12 APBB1IP,0.1621465781525937
GAGATGGTCCGCGGAT-1,Oligo MOG GSN,0.9999999795476635
GAGCCTGAGAGAGCCT-1,InN SST FREM1,0.03494387500115184
GAGCCTGAGCGCTGCT-1,Oligo MOG OPALIN,0.9999966309819851
GAGCCTGGTAGGCAGT-1,InN VIP EXPH5,0.1007012761414848
GAGCCTGGTCCGGTCA-1,Endo CLDN5 IL1R1,0.042249621027235604
GAGCCTGTCATTGAGC-1,Oligo MOG OPALIN,0.9992673457234684
GAGCCTGTCTACTCAT-1,InN LAMP5 LHX6 PROX1,0.014076853374955104
GAGCTGCCAAAGGTTA-1,InN SST FREM1,0.009536765255999802
GAGCTGCGTACGATGG-1,L3-5 RORB PCBP3 ARHGAP15,0.005020974138763626
GAGGCAAAGCTTTGTG-1,Oligo MOG OPALIN,0.13038391615362052
GAGGCAAGTCATACCA-1,Endo CLDN5 IL1R1,0.04536149240271415
GAGGCAAGTGCACAAG-1,Oligo MOG OPALIN,0.9951067925870131
GAGGCAAGTGTTTCTT-1,InN SST FREM1,0.02296337810647966
GAGGCAATCATTACTC-1,InN PVALB HPSE,0.060698409098948546
GAGGCCTCAACACAAA-1,Endo CLDN5 IL1R1,0.21796397210692114
GAGGCCTTCACCTTAT-1,Oligo MOG OPALIN,0.11638567983517521
GAGGCCTTCGTAACAC-1,Oligo MOG OPALIN,0.9975805203610787
GAGGGATAGAGGTCAC-1,PC P2RY14 GRM8,0.02524389590774728
GAGGGATAGTGTAGAT-1,OPC PDGFRA PCDH15,0.9999999999999987
GAGGGATCAATCGCGC-1,L2-3 CUX2 NTNG1 PLCH1,0.02085878649213031
GAGGGATGTAACATAG-1,InN LAMP5 LHX6 PROX1,0.9512453761049414
GAGGGATGTAGGGTAC-1,Oligo MOG GSN,0.12965048222695097
GAGGGATGTGGGCTCT-1,InN SST ADAMTSL1,0.24537461915030462
GAGGGATGTTCCAAAC-1,L2-3 CUX2 PLCXD3,0.009834335456334246
GAGGGATTCGGTTCAA-1,Oligo MOG OPALIN,0.14153961141912544
GAGGGTACAGGTCCCA-1,InN SST FREM1,0.02518754834980531
GAGGGTATCTGGCTGG-1,Astro GFAP AQP1,0.7906416724859783
GAGTCTAAGCTGTTAC-1,OPC PDGFRA PCDH15,0.999999999999144
GAGTCTACAAGCGCTC-1,Oligo MOG OPALIN,0.9999524990297374
GAGTCTAGTAGGTGCA-1,Micro P2RY12 APBB1IP,0.42826307407977615
GAGTCTAGTGGCGTAA-1,Oligo MOG GSN,0.9999999653997301
GAGTCTATCATCTACT-1,Endo CLDN5 IL1R1,0.18271273291077245
GAGTCTATCGATTGGT-1,InN VIP EXPH5,0.026127208623653808
GAGTGAGCAACTGATC-1,Endo CLDN5 IL1R1,0.2106039060532036
GAGTGAGCAGTTGGTT-1,Micro P2RY12 APBB1IP,0.9997834114963005
GAGTGTTAGAGGCGGA-1,Endo CLDN5 IL1R1,0.06477557966596069
GAGTGTTGTGGCACTC-1,Micro P2RY12 APBB1IP,0.9956078116723762
GAGTGTTGTTGTCAGT-1,PC P2RY14 GRM8,0.999936465008776
GAGTTACGTGTTGATC-1,OPC PDGFRA PCDH15,0.9999999999968616
GAGTTACTCTGGGCAC-1,Micro P2RY12 APBB1IP,0.02927713989531161
GAGTTGTGTTCCTAAG-1,Endo CLDN5 IL1R1,0.1812798291750934
GAGTTGTTCGTTGTGA-1,Endo CLDN5 IL1R1,0.14054752991432282
GAGTTGTTCTCTTAAC-1,InN LAMP5 BMP7,0.05637382654344084
GAGTTTGTCAACCGAT-1,OPC PDGFRA PCDH15,0.9999999999999309
GAGTTTGTCGCGCTGA-1,InN LAMP5 LHX6 PROX1,0.1070704161869787
GATAGAAAGATGCTTC-1,Endo CLDN5 IL1R1,0.07595019108924295
GATAGAAGTTACCCAA-1,T SKAP1 CD247,0.9999999990115997
GATAGAATCTCGGTAA-1,Astro AQP4 SLC1A2,0.10841733846458726
GATAGCTGTGTGGTCC-1,InN VIP PENK,0.011434097260353198
GATAGCTTCATTACGG-1,Endo CLDN5 IL1R1,0.26604693602377494
GATAGCTTCCCGTGAG-1,InN SST FREM1,0.542342052422572
GATCACAAGGGACCAT-1,Endo CLDN5 IL1R1,0.067300473098938
GATCACACAGCTTTCC-1,L2-3 CUX2 NTNG1 PALMD,0.04576832814265165
GATCACAGTAGGCTCC-1,Endo CLDN5 IL1R1,0.2557268650153835
GATCACAGTATCTCTT-1,Oligo MOG OPALIN,0.9999999866010452
GATCACAGTTGACTAC-1,L2-3 CUX2 ACVR1C THSD7A,0.9906235119279257
GATCACATCACTTGTT-1,Endo CLDN5 IL1R1,0.34755589997019565
GATCACATCCTTCTGG-1,OPC PDGFRA PCDH15,0.9999999999999931
GATCACATCGCTCATC-1,OPC PDGFRA PCDH15,0.9999999999999218
GATCAGTAGAAAGTCT-1,InN PVALB HPSE,0.0885849970257138
GATCAGTCACCTATCC-1,OPC PDGFRA PCDH15,0.9999999999999969
GATCAGTCACTGCATA-1,OPC PDGFRA PCDH15,0.9999999999999027
GATCAGTCAGCGATTT-1,Endo CLDN5 IL1R1,0.3422365270197623
GATCAGTTCTGGGTCG-1,Endo CLDN5 IL1R1,0.1032173034265293
GATCATGAGTAGCTCT-1,InN VIP EXPH5,0.03899056366423211
GATCATGCAGAAATTG-1,L6 FEZF2 SYT6 ERBB4,0.015581052289682455
GATCATGGTGCGCTCA-1,Endo CLDN5 IL1R1,0.05745777947411299
GATCATGGTTCCAAAC-1,Endo CLDN5 IL1R1,0.04850370581220901
GATCCCTGTACTAAGA-1,L2-3 CUX2 ACVR1C THSD7A,0.274425617270607
GATCCCTGTGGGACAT-1,InN PVALB HPSE,0.04239633685580051
GATCCCTGTGTCTTAG-1,Endo CLDN5 IL1R1,0.23574552968908488
GATCCCTTCTACACTT-1,Oligo MOG OPALIN,0.9999531198133448
GATCGTACAAGACTGG-1,Oligo MOG OPALIN,0.9999931860597445
GATCGTACACATGTTG-1,Endo CLDN5 IL1R1,0.06287732882226697
GATCGTACACCCTCTA-1,Endo CLDN5 IL1R1,0.0150685506321416
GATGACTGTGTGAATA-1,OPC PDGFRA PCDH15,0.9999999999979452
GATGACTTCCTCAGGG-1,Micro P2RY12 GLDN,0.999296624991278
GATGAGGCAAACCGGA-1,Astro AQP4 SLC1A2,0.6658482348435985
GATGAGGCACGCTTAA-1,OPC PDGFRA PCDH15,0.9999999999999707
GATGATCAGTCAGGGT-1,OPC PDGFRA PCDH15,0.9999999999997946
GATGATCGTAACAAGT-1,Endo CLDN5 IL1R1,0.07627529943885675
GATGATCGTCTAACTG-1,Oligo MOG OPALIN,0.9909147812499838
GATGATCGTGACACAG-1,Oligo MOG OPALIN,0.9731282293223389
GATGATCGTGTCATTG-1,OPC PDGFRA PCDH15,0.9999999999999283
GATGATCTCCTAACAG-1,Endo CLDN5 IL1R1,0.1306945199246507
GATGCTAAGATCGACG-1,OPC PDGFRA PCDH15,0.9999999999999962
GATGCTAAGCAACCAG-1,Endo CLDN5 IL1R1,0.05492105383309233
GATGCTACACATTCGA-1,Endo CLDN5 IL1R1,0.04116539111622817
GATGCTAGTATGTCAC-1,Oligo MOG OPALIN,0.951538936515338
GATGCTATCAATCAGC-1,OPC PDGFRA PCDH15,0.9999999999999851
GATGGAGAGCCTTCTC-1,Endo CLDN5 IL1R1,0.4030036943047489
GATGTTGAGACCAGCA-1,InN LAMP5 LHX6 PROX1,0.02790303656192055
GATGTTGAGCTGGTGA-1,Oligo MOG OPALIN,0.9945219668178761
GATGTTGAGGGTAGCT-1,Endo CLDN5 IL1R1,0.26983981896029513
GATTCGAAGGCCTAGA-1,InN VIP CLSTN2,0.04366492870749895
GATTCGAGTCGCATGC-1,Endo CLDN5 IL1R1,0.14109883090499376
GATTCGATCCTACGGG-1,Endo CLDN5 IL1R1,0.09984973886133162
GATTCTTAGACTTGTC-1,InN VIP EXPH5,0.2696731116986318
GATTCTTGTCTGTAGT-1,OPC PDGFRA PCDH15,0.9999999999995957
GATTCTTTCCAAGAGG-1,Astro GFAP AQP1,0.06482729489964711
GATTCTTTCTCTCCGA-1,InN SST FREM1,0.04142325899899623
GATTGGTAGAGATCGC-1,Endo CLDN5 IL1R1,0.039145770632107287
GATTGGTCACATATGC-1,Endo CLDN5 IL1R1,0.08690702632580229
GATTGGTCACGCTGCA-1,OPC PDGFRA PCDH15,0.999999999999726
GATTGGTGTATTGACC-1,InN LAMP5 LHX6 PROX1,0.03497884883935451
GATTGGTGTTCTGAGT-1,InN SST FREM1,0.08534885025473847
GATTGGTGTTGCTGAT-1,Endo CLDN5 IL1R1,0.10609466113413812
GATTGGTTCACCTGGG-1,OPC PDGFRA PCDH15,0.9999999999999032
GATTTCTCAGAGCGTA-1,InN PVALB HPSE,0.056871320986461915
GATTTCTTCCGGACGT-1,Endo CLDN5 IL1R1,0.1921257836401727
GATTTCTTCCTTGGAA-1,InN LAMP5 BMP7,0.020304052437155044
GCAACATCAACCAGAG-1,InN SST ADAMTSL1,0.0665641758290424
GCAACATCATCTCCCA-1,InN VIP EXPH5,0.12532899497541794
GCAACATTCCCTAGGG-1,Oligo MOG OPALIN,0.9999986369570055
GCAACATTCCGATTAG-1,OPC PDGFRA PCDH15,0.9999999999999998
GCAACCGCACGTATAC-1,Endo CLDN5 IL1R1,0.1707837118480519
GCAACCGCAGACATCT-1,Endo CLDN5 IL1R1,0.03479813128946366
GCAACCGCATAACTCG-1,Endo CLDN5 IL1R1,0.5023009138814671
GCAACCGTCTTACCGC-1,InN ADARB2 PALMD,0.07675221704821342
GCACATAGTAACTGCT-1,Astro GFAP FABP7,0.02889860749606018
GCACGGTCAACACAGG-1,InN ADARB2 PALMD,0.0276793280014078
GCACGGTGTACAGTTC-1,Endo CLDN5 IL1R1,0.09800153518440484
GCACGGTGTCTACACA-1,Oligo MOG OPALIN,0.9999963271935622
GCACGGTTCTCAGTCC-1,Endo CLDN5 IL1R1,0.019056592300128277
GCACGTGAGCCTGTGC-1,OPC PDGFRA PCDH15,0.9999999999948401
GCACGTGAGCTGCCAC-1,L3-5 RORB MKX GALR1,0.03487745647280808
GCACGTGCAAGCGCAA-1,L2-3 CUX2 ACVR1C THSD7A,0.17512444820172485
GCACGTGCAGCGCGTT-1,Oligo MOG FRY,0.0134913492003099
GCACGTGGTTGCTAGT-1,InN SST FREM1,0.11314814108874842
GCACGTGTCTCCATAT-1,Endo CLDN5 IL1R1,0.20261427883689317
GCACTAAAGCCACTCG-1,Endo CLDN5 IL1R1,0.07436580404404619
GCACTAACAGAGCGTA-1,Endo CLDN5 IL1R1,0.4334214828978691
GCACTAATCACTGTCC-1,Endo CLDN5 IL1R1,0.05370432401047431
GCACTAATCTCTCGCA-1,Micro P2RY12 GLDN,0.6071114106275929
GCAGCCAAGAGAAGGT-1,InN VIP EXPH5,0.21271748362142426
GCAGCCAAGAGCTGCA-1,Oligo MOG OPALIN,0.9999987089182063
GCAGCCACAGCCTTCT-1,Oligo MOG OPALIN,0.9998845997101298
GCAGCCATCATGCCAA-1,Astro GFAP AQP1,0.6552533620206861
GCAGCCATCTGGTTGA-1,InN VIP EXPH5,0.1749128797341163
GCAGCTGAGTCACGCC-1,Oligo MOG OPALIN,0.9671917302859793
GCAGCTGCAACCACGC-1,Endo CLDN5 IL1R1,0.16138563678377216
GCAGCTGCAGCACAAG-1,Endo CLDN5 IL1R1,0.0786119257635446
GCAGCTGGTCATCCCT-1,Endo CLDN5 IL1R1,0.07454953941294629
GCAGCTGTCAAAGCCT-1,Oligo MOG GSN,0.9991589879069652
GCAGGCTAGCCACAAG-1,InN SST FREM1,0.032220503492014496
GCAGGCTAGCGTGAAC-1,Endo CLDN5 IL1R1,0.06986080662429224
GCAGGCTCACATTCGA-1,Endo CLDN5 IL1R1,0.02461885977922287
GCAGGCTGTCTCACAA-1,Endo CLDN5 IL1R1,0.05849438646781583
GCAGTTAAGCTTAAGA-1,Oligo MOG OPALIN,0.9999148669811602
GCATCGGAGTCACTAC-1,Endo CLDN5 IL1R1,0.185051065017528
GCATCTCGTACGCTAT-1,Oligo MOG OPALIN,0.9704482512838991
GCATCTCGTCGAAGCA-1,Endo CLDN5 IL1R1,0.034631602767616454
GCATCTCTCAGCGCGT-1,InN SST FREM1,0.03082805185175558
GCATGATCATCACCAA-1,OPC PDGFRA PCDH15,0.9999999999999805
GCATGATTCCATACTT-1,T SKAP1 CD247,0.9999997416038585
GCATTAGGTGTCTTCC-1,Oligo MOG OPALIN,0.9999948392315073
GCATTAGGTTTCCCAC-1,VLMC SLC47A1 SLC4A4,0.9999304237058696
GCATTAGTCCTTGACC-1,InN VIP EXPH5,0.06620708877020838
GCATTAGTCTTCGTAT-1,Astro GFAP AQP1,0.8319806863799961
GCCAACGGTATCCTTT-1,Endo CLDN5 IL1R1,0.03140554232946671
GCCAGCAAGGTTCCGC-1,Endo CLDN5 IL1R1,0.09342520212738153
GCCAGCACACGCGTGT-1,L2-3 CUX2 ACVR1C THSD7A,0.11504290003839789
GCCAGCACAGCGTACC-1,Endo CLDN5 IL1R1,0.0064840932069113785
GCCAGCACATGGATCT-1,InN VIP EXPH5,0.09332724163585081
GCCAGCATCGGTAACT-1,Endo CLDN5 IL1R1,0.04810212593163505
GCCAGGTAGCACCGTC-1,Endo CLDN5 IL1R1,0.017555745967861826
GCCAGGTCAACACGTT-1,Endo CLDN5 IL1R1,0.06987632756158844
GCCAGGTCAAGGTTGG-1,Oligo MOG OPALIN,0.034230237075107625
GCCATGGAGAAGTCTA-1,InN VIP EXPH5,0.009997163224977122
GCCATGGAGTATGATG-1,InN PVALB HPSE,0.051488318895249914
GCCATGGCAATTTCTC-1,InN VIP EXPH5,0.12754955411620875
GCCATTCGTATCTTCT-1,Endo CLDN5 IL1R1,0.15115044198739044
GCCCAGAGTAGGCAGT-1,Endo CLDN5 IL1R1,0.12079115724007589
GCCCAGAGTCATAAAG-1,InN ADARB2 PALMD,0.043234978528282925
GCCCGAAAGTAATACG-1,Endo CLDN5 IL1R1,0.21661055586676312
GCCCGAAAGTCACTCA-1,Endo CLDN5 IL1R1,0.09223852652827808
GCCCGAAGTTGGATCT-1,InN LAMP5 LHX6 PROX1,0.02989859434456686
GCCGATGAGAGGATCC-1,Oligo MOG OPALIN,0.9999902344024177
GCCGATGAGATACCAA-1,Micro P2RY12 APBB1IP,0.10054378366871437
GCCGATGGTAGAGTTA-1,InN VIP EXPH5,0.09462467849376537
GCCGATGGTCGTCATA-1,Oligo MOG OPALIN,0.9801285802858773
GCCGATGTCATGCAGT-1,Oligo MOG OPALIN,0.045284585258983136
GCCTGTTCATTAGGCT-1,Oligo MOG OPALIN,0.9999948584532784
GCCTGTTCATTGTAGC-1,Oligo MOG OPALIN,0.9999862417305745
GCCTGTTGTAATCAGA-1,InN ADARB2 PALMD,0.039366924452068255
GCCTGTTGTGGTCTGC-1,Endo CLDN5 IL1R1,0.04021008305055135
GCGAGAAAGCAGATAT-1,InN LAMP5 BMP7,0.015310629120653006
GCGAGAACACGTAGTT-1,T SKAP1 CD247,0.9999917952596328
GCGAGAAGTCGTCGGT-1,Oligo MOG OPALIN,0.9999868464508951
GCGAGAAGTTACAGCT-1,InN VIP EXPH5,0.26225503349467477
GCGAGAATCGAAATCC-1,L3-5 RORB MKX SCN5A,0.13006202826629013
GCGATCGAGGATTCAA-1,Endo CLDN5 IL1R1,0.03713918751983466
GCGATCGAGGCGAAGG-1,OPC PDGFRA PCDH15,0.9999999999999989
GCGATCGAGTGCAGGT-1,Oligo MOG OPALIN,0.027787197021779345
GCGATCGCATCCTGTC-1,Endo CLDN5 IL1R1,0.10911558182790689
GCGGAAATCAGATTGC-1,InN VIP EXPH5,0.009211943851336186
GCGGATCAGACGTCCC-1,Astro AQP4 SLC1A2,0.5334241540303474
GCGGATCCAATCCTAG-1,Endo CLDN5 SLC7A5,0.03363502350905917
GCGGATCCACCCAATA-1,InN VIP EXPH5,0.39826241633071796
GCGGATCCACTAACGT-1,Oligo MOG OPALIN,0.9777769217133225
GCGTGCACACACACTA-1,Endo CLDN5 IL1R1,0.022381939418843123
GCGTGCACAGAGGCAT-1,Endo CLDN5 IL1R1,0.10393402398723811
GCGTGCAGTAAGTAGT-1,L5-6 FEZF2 NXPH2 GRIK1,0.012894924010142042
GCGTGCATCGTAGTCA-1,Oligo MOG OPALIN,0.7827768120077607
GCGTTTCAGAAGCTCG-1,Endo CLDN5 IL1R1,0.09276971688655036
GCGTTTCAGGTAAAGG-1,Endo CLDN5 IL1R1,0.0495206711163966
GCGTTTCCAGCCGTTG-1,Endo CLDN5 IL1R1,0.04766787807224451
GCGTTTCCATGTTCGA-1,Endo CLDN5 IL1R1,0.1491065507743771
GCGTTTCCATTCGGGC-1,L2-3 CUX2 ACVR1C THSD7A,0.0704601935676806
GCGTTTCGTCCCGTGA-1,Endo CLDN5 IL1R1,0.4280236593716492
GCTACAAGTGAACCGA-1,Oligo MOG OPALIN,0.9997582155538033
GCTACAAGTGCTTATG-1,Endo CLDN5 IL1R1,0.045939663279283914
GCTACAATCATTTCCA-1,OPC PDGFRA PCDH15,0.9770524786687663
GCTACAATCCGTAGTA-1,OPC PDGFRA PCDH15,0.9999999999809059
GCTACCTAGTACGTCT-1,Astro GFAP AQP1,0.981479923273778
GCTACCTAGTCCCAGC-1,Oligo MOG OPALIN,0.9999664002644352
GCTACCTAGTTTGAGA-1,OPC PDGFRA PCDH15,0.9999999999999896
GCTACCTCAGATCATC-1,OPC PDGFRA PCDH15,0.999999999999869
GCTACCTCATCAGCGC-1,Endo CLDN5 IL1R1,0.08817367239229539
GCTACCTTCGGTCATA-1,L5-6 FEZF2 NXPH2 GRIK1,0.02628091506579753
GCTCAAAGTCGAATTC-1,Endo CLDN5 IL1R1,0.14245900376650475
GCTGAATCATTACGGT-1,Endo CLDN5 IL1R1,0.0201058076817287
GCTGAATGTTGGCTAT-1,InN LAMP5 LHX6 PROX1,0.01904170554018477
GCTGAATTCAGCTTGA-1,OPC PDGFRA PCDH15,0.999999999775969
GCTGAATTCTGATTCT-1,InN SST FREM1,0.027953882324327793
GCTGCAGAGTTTCTTC-1,InN SST FREM1,0.405419881757961
GCTGCAGGTCAAGGCA-1,Endo CLDN5 SLC7A5,0.281974049552108
GCTGGGTAGTCGTCTA-1,Endo CLDN5 IL1R1,0.11435588135236269
GCTGGGTTCTTGGATG-1,InN VIP EXPH5,0.059448765640984114
GCTTCACCAGACACCC-1,Endo CLDN5 IL1R1,0.06320069133978672
GCTTCACGTTAGCTAC-1,Endo CLDN5 IL1R1,0.026237377092292895
GCTTGGGAGCCTCTCT-1,Astro GFAP AQP1,0.005084892906535185
GCTTGGGAGTCTGTAC-1,Oligo MOG GSN,0.9999888579252908
GCTTGGGCAATGAGCG-1,InN SST ADAMTSL1,0.03269376401299916
GCTTGGGGTTCTCTCG-1,Endo CLDN5 IL1R1,0.17406555393993725
GCTTGGGGTTGTTGTG-1,Endo CLDN5 IL1R1,0.06131346416429626
GCTTGGGTCTCGTCAC-1,L3-5 RORB PCBP3 ARHGAP15,0.22653554016962038
GCTTGGGTCTGGTGCG-1,InN SST FREM1,0.050830103326321575
GCTTTCGCAGAATCGG-1,OPC PDGFRA PCDH15,0.9999999999989291
GCTTTCGGTCCGACGT-1,Endo CLDN5 IL1R1,0.09508046790330565
GCTTTCGTCCGTAGGC-1,Endo CLDN5 IL1R1,0.2915471706702149
GGAAGTGAGACCATGG-1,OPC PDGFRA PCDH15,0.9999999999994995
GGAAGTGAGAGGATGA-1,Oligo MOG OPALIN,0.9992835245643712
GGAAGTGAGAGGTGCT-1,Endo CLDN5 IL1R1,0.10781863405602853
GGAAGTGCAAATGATG-1,Oligo MOG OPALIN,0.9996084655233887
GGAAGTGCAGGCTTGC-1,Endo CLDN5 IL1R1,0.18593080699002332
GGAAGTGTCGCCTAGG-1,Endo CLDN5 IL1R1,0.05111423474211536
GGAATCTCAGCCGTTG-1,L2-3 CUX2 ACVR1C THSD7A,0.10301530454116656
GGAATCTCATCGATAC-1,OPC PDGFRA PCDH15,0.9999999999999569
GGAATCTTCTGGAGAG-1,InN PVALB HPSE,0.01632115354706265
GGAATGGAGAGTCCGA-1,InN VIP EXPH5,0.009420887375069258
GGAATGGAGGTAAGAG-1,InN SST STK32A,0.05039457493183194
GGAATGGAGTACGAGC-1,Oligo MOG OPALIN,0.03742788564139304
GGACGTCAGACTTCAC-1,Astro GFAP AQP1,0.04344047992484865
GGACGTCCACTCTGCT-1,Endo CLDN5 IL1R1,0.041436473880098024
GGACGTCGTAAGCGGT-1,Endo CLDN5 IL1R1,0.14542628416587816
GGACGTCTCGCCGAAC-1,Endo CLDN5 IL1R1,0.14509521504543316
GGACGTCTCGCTAGCG-1,InN SST FREM1,0.031633284462551564
GGACGTCTCGGATACT-1,Astro AQP4 SLC1A2,0.036990517508735006
GGAGAACCAAGCCCAC-1,InN VIP CLSTN2,0.027560129907958707
GGAGAACCACGCTATA-1,InN LAMP5 LHX6 PROX1,0.12067943751554021
GGAGAACCACGGTGTC-1,PC P2RY14 GRM8,0.07639054669928065
GGAGAACGTGCTCCGA-1,Micro P2RY12 APBB1IP,0.9871437856635742
GGAGATGTCTGAGAGG-1,InN SST FREM1,0.1975623495903266
GGAGCAAAGGAACGAA-1,Oligo MOG OPALIN,0.9999996640240693
GGAGGATAGGACCCAA-1,Endo CLDN5 IL1R1,0.016076820749310727
GGAGGATCAATAGAGT-1,Endo CLDN5 IL1R1,0.19158055511000688
GGAGGATCAGGTCCCA-1,Endo CLDN5 IL1R1,0.024839638249626442
GGAGGTATCGCCCAGA-1,Endo CLDN5 IL1R1,0.11856195047367232
GGAGGTATCGCTCCTA-1,Endo CLDN5 IL1R1,0.014145765288090537
GGAGGTATCTGAGAAA-1,InN VIP EXPH5,0.06155999871302043
GGAGGTATCTGCCTGT-1,L2-3 CUX2 ACVR1C THSD7A,0.04358633545332513
GGATCTAAGACGAGCT-1,Endo CLDN5 IL1R1,0.06155654696455633
GGATCTAGTTCCTAGA-1,InN SST FREM1,0.3382617466672624
GGATGTTAGATTGAGT-1,Endo CLDN5 IL1R1,0.07180624917980263
GGATGTTAGTTGGAAT-1,PC P2RY14 GRM8,0.018654344345139528
GGATGTTCAATGGCAG-1,InN SST FREM1,0.14712361146156305
GGATGTTGTCTACAAC-1,Oligo MOG OPALIN,0.9897362140812034
GGATGTTTCGCAATTG-1,Endo CLDN5 IL1R1,0.1852620913352376
GGCACGTAGAAACTAC-1,Endo CLDN5 IL1R1,0.05152416509641856
GGCACGTAGCCGTCGT-1,Endo CLDN5 IL1R1,0.1887674312125971
GGCACGTCATCGCTAA-1,InN LAMP5 BMP7,0.03896123054064082
GGCACGTCATTGCAAC-1,InN LAMP5 LHX6 PROX1,0.008619756138307762
GGCACGTGTAAGGAGA-1,Endo CLDN5 IL1R1,0.2065003665756789
GGCACGTGTTACGGAG-1,Micro P2RY12 APBB1IP,0.22221247796160776
GGCAGTCAGTGAACAT-1,Oligo MOG OPALIN,0.38250430294280285
GGCAGTCAGTGCACCC-1,L3-5 RORB PCBP3 ARHGAP15,0.015346777466097947
GGCAGTCGTAGCTCGC-1,Endo CLDN5 IL1R1,0.11608754047792452
GGCGTCAGTGTCCGGT-1,T SKAP1 CD247,0.9999999905115685
GGCTGTGAGCAACCAG-1,Endo CLDN5 IL1R1,0.04609445473580187
GGCTGTGGTCCGGTCA-1,Oligo MOG OPALIN,0.9999213684267235
GGCTGTGGTTCTGAGT-1,Endo CLDN5 IL1R1,0.3105193260443134
GGCTTGGCACCCTAAA-1,Endo CLDN5 IL1R1,0.07762594023862968
GGCTTGGGTTTGGAAA-1,Endo CLDN5 IL1R1,0.3225226444948897
GGCTTTCTCATGCCCT-1,L3-5 RORB MKX GALR1,0.054985829775565015
GGCTTTCTCGCTACAA-1,OPC PDGFRA PCDH15,0.9999999999985945
GGGAAGTGTCGGTGTC-1,Endo CLDN5 IL1R1,0.4085638678891212
GGGACAAAGCGTCGAA-1,Endo CLDN5 IL1R1,0.04181712812568754
GGGACAACAGCAGTGA-1,Endo CLDN5 IL1R1,0.018123300623462194
GGGACCTAGCGCCTTG-1,Oligo MOG OPALIN,0.9997172246248124
GGGACCTAGTGCCAGA-1,Endo CLDN5 IL1R1,0.1700355697399451
GGGACCTGTGTATTCG-1,Oligo MOG OPALIN,0.9998511285680344
GGGACCTTCTTGGTCC-1,Oligo MOG FRY,0.8877367695954053
GGGACTCTCGAGAAGC-1,Endo CLDN5 IL1R1,0.056685128623122236
GGGAGATAGATACAGT-1,Endo CLDN5 IL1R1,0.5460728978958302
GGGAGATAGCAGCGAT-1,InN LAMP5 LHX6 PROX1,0.15780718458318527
GGGAGATAGCAGGCTA-1,OPC PDGFRA PCDH15,0.9999999999999978
GGGAGATCAAGGTCGA-1,InN SST ADAMTSL1,0.013169340218434748
GGGAGATCATCACAGT-1,Oligo MOG OPALIN,0.6477416823389682
GGGAGATGTAATGCTC-1,OPC PDGFRA PCDH15,0.999999999988374
GGGAGATGTAGGAGGG-1,Oligo MOG OPALIN,0.9999989998105551
GGGAGTACAAGCAATA-1,Oligo MOG OPALIN,0.999998798182766
GGGAGTAGTGACAACG-1,Micro P2RY12 APBB1IP,0.4437642932238248
GGGAGTATCTACCCAC-1,Endo CLDN5 IL1R1,0.11181585643096188
GGGATCCCAGAAGCGT-1,Endo CLDN5 IL1R1,0.06222103479329088
GGGATCCCAGGGTCTC-1,Endo CLDN5 IL1R1,0.41865482056224407
GGGATCCGTGCCTATA-1,L2-3 CUX2 ACVR1C THSD7A,0.05337363604314862
GGGATGACACCGTCTT-1,Oligo MOG OPALIN,0.8666894547974192
GGGATGAGTGTGTCGC-1,OPC PDGFRA PCDH15,0.9999999999999774
GGGATGATCCAGTTCC-1,OPC PDGFRA PCDH15,0.9999999999669305
GGGCCATAGTTAACGA-1,Endo CLDN5 IL1R1,0.02853171544308328
GGGCCATGTGGAACAC-1,OPC PDGFRA PCDH15,0.9999999999999998
GGGCTACAGCTCGCAC-1,Endo CLDN5 IL1R1,0.05221221105467164
GGGCTACAGGTCATTC-1,Endo CLDN5 IL1R1,0.16470899498522273
GGGCTACCACGGGTAA-1,InN SST FREM1,0.040640598597339705
GGGCTACGTCTCACGG-1,Endo CLDN5 IL1R1,0.07141270878330781
GGGCTCACACCCGTAG-1,Endo CLDN5 IL1R1,0.09949984527377347
GGGCTCACAGCTATAC-1,InN VIP EXPH5,0.0431231272802713
GGGCTCACATGGCTAT-1,InN VIP CLSTN2,0.02064270469243939
GGGCTCATCGTGGCTG-1,Oligo MOG OPALIN,0.9999988387899233
GGGTAGAAGTGCGACA-1,Oligo MOG FRY,0.8545446608345859
GGGTAGACAGTTGTCA-1,InN SST FREM1,0.019503394134562084
GGGTATTAGAAACCAT-1,Endo CLDN5 IL1R1,0.05918021983754163
GGGTATTAGCCTCGTG-1,Endo CLDN5 IL1R1,0.12987459775989266
GGGTATTCAACCAGAG-1,InN LAMP5 LHX6 PROX1,0.055355759254314345
GGGTATTGTCTCGGGT-1,Endo CLDN5 IL1R1,0.0861783021142412
GGGTATTTCGTTCAGA-1,Endo CLDN5 IL1R1,0.023831186283554493
GGGTCACAGTGGATTA-1,L2-3 CUX2 ACVR1C THSD7A,0.11588714708368854
GGGTCACCATCAGCTA-1,InN VIP CLSTN2,0.025862901659735312
GGGTCACTCAGTGTCA-1,InN VIP EXPH5,0.0550940738735185
GGGTCTGAGACTCTAC-1,Endo CLDN5 IL1R1,0.29618982092736207
GGGTCTGAGCCTGAGA-1,Oligo MOG OPALIN,0.9999683566628909
GGGTCTGAGCTATCTG-1,Astro GFAP AQP1,0.3845169023067161
GGGTCTGCACCCTGAG-1,Astro GFAP AQP1,0.24630354113589895
GGGTCTGCACTCCGGA-1,Endo CLDN5 IL1R1,0.08537041535273462
GGGTCTGCAGCACGAA-1,Endo CLDN5 IL1R1,0.0147128623653707
GGGTCTGGTGACGTCC-1,OPC PDGFRA PCDH15,0.999999999999065
GGGTCTGTCCGTGCGA-1,Oligo MOG OPALIN,0.9954062670249528
GGGTGAAAGTGGAATT-1,L3-5 RORB MKX GALR1,0.013307274001363186
GGGTGAACAGGATTCT-1,InN ADARB2 PALMD,0.02421343972505464
GGGTGAAGTCCCGTGA-1,L3-5 RORB PCBP3 ARHGAP15,0.14580319269256622
GGGTGAAGTTGTTTGG-1,OPC PDGFRA PCDH15,0.9999999999994633
GGGTGAATCGATTGGT-1,InN SST FREM1,0.032132200335649536
GGGTGAATCGTAGAGG-1,Oligo MOG OPALIN,0.9999781026622946
GGGTGTCCAACACAGG-1,OPC PDGFRA PCDH15,0.9999999999997009
GGGTGTCTCATACGGT-1,T SKAP1 CD247,0.999997707906736
GGGTGTCTCATCGGGC-1,InN SST FREM1,0.19664505294053167
GGGTTTAAGCGAGAAA-1,Endo CLDN5 IL1R1,0.040727223461432746
GGGTTTACATCCGTTC-1,Endo CLDN5 IL1R1,0.1674719916983757
GGGTTTATCTGGCTGG-1,Oligo MOG OPALIN,0.9999980729896217
GGTAACTAGAGGTGCT-1,InN VIP EXPH5,0.028332547923876173
GGTAACTAGTTCATGC-1,Endo CLDN5 IL1R1,0.10303362111755081
GGTAACTCACTATGTG-1,InN SST ADAMTSL1,0.011420027589453903
GGTAATCCAAATGGCG-1,PC P2RY14 GRM8,0.9999998037210841
GGTAATCCAGAAGCTG-1,OPC PDGFRA PCDH15,0.9999999999998526
GGTAATCTCCCAGGCA-1,Astro AQP4 SLC1A2,0.1796567762356792
GGTAATCTCCGAGGCT-1,Endo CLDN5 IL1R1,0.15794277481850752
GGTAATCTCGTGGCTG-1,Oligo MOG OPALIN,0.9999911900462123
GGTAGAGAGGTTAAAC-1,Astro GFAP AQP1,0.1950519140978464
GGTAGAGCAATTTCGG-1,Endo CLDN5 IL1R1,0.17517811662661936
GGTAGAGGTTGACTGT-1,L2-3 CUX2 NTNG1 PALMD,0.07141612719501979
GGTAGAGTCCTTCTGG-1,Endo CLDN5 IL1R1,0.060733020978025264
GGTCACGGTACTCCCT-1,Endo CLDN5 IL1R1,0.3729006110677928
GGTCACGTCAAGCTTG-1,Oligo MOG GSN,0.9999662730892412
GGTCACGTCAGTGCGC-1,InN SST FREM1,0.03387012551391895
GGTCTGGAGAGTTGCG-1,OPC PDGFRA PCDH15,0.9999999999999734
GGTGAAGAGAATAGTC-1,Endo CLDN5 IL1R1,0.10070452739563426
GGTGAAGAGACTACCT-1,Astro AQP4 SLC1A2,0.07814626943758049
GGTGAAGAGTATAGAC-1,Endo CLDN5 IL1R1,0.1484954187556987
GGTGAAGCAGCAGTCC-1,Endo CLDN5 IL1R1,0.37846501710002006
GGTGAAGGTAATCAGA-1,Oligo MOG OPALIN,0.9999978259051647
GGTGAAGGTAGTCGGA-1,InN VIP EXPH5,0.1601053252389542
GGTGAAGGTGCGTGCT-1,Oligo MOG OPALIN,0.05657445720765837
GGTGATTCAATGGGTG-1,Endo CLDN5 IL1R1,0.0662316153945805
GGTGATTGTAATGCTC-1,InN ADARB2 PALMD,0.0308751265542355
GGTGATTGTTGTCATG-1,Endo CLDN5 IL1R1,0.09375004949840295
GGTGATTTCACACCCT-1,OPC PDGFRA PCDH15,0.9999999999999458
GGTGGCTAGCTGAAAT-1,InN SST FREM1,0.31938921985158164
GGTGGCTAGCTGACAG-1,InN LAMP5 BMP7,0.028825919632630523
GGTGGCTGTTGAGAGC-1,Oligo MOG OPALIN,0.9999312487889972
GGTGGCTTCCGAGAAG-1,Astro GFAP AQP1,0.9742490021822695
GGTGTCGGTAACTGCT-1,InN VIP EXPH5,0.8875445663437059
GGTGTCGGTACACGCC-1,Endo CLDN5 IL1R1,0.009612866169259427
GGTGTCGGTATTCCTT-1,Endo CLDN5 IL1R1,0.49624282479842813
GGTGTCGGTTAAAGTG-1,Oligo MOG OPALIN,0.970297773656072
GGTGTTACAAACTAGA-1,L3-5 RORB MKX GRIN3A,0.010540432651171558
GGTGTTAGTACGGTTT-1,Endo CLDN5 IL1R1,0.08835557141231447
GGTGTTATCCGTGTAA-1,L3-5 RORB GABRG1 KCNH7,0.20047080028701997
GGTTAACAGCACCCAC-1,Oligo MOG OPALIN,0.9998508984592513
GGTTAACAGTGTTCAC-1,Endo CLDN5 IL1R1,0.4365716357822421
GGTTGTAAGTAGACAT-1,OPC PDGFRA PCDH15,0.9999999999999392
GGTTGTACAATTCTCT-1,Oligo MOG GSN,0.9873297551840942
GGTTGTACAGTAGTTC-1,InN SST FREM1,0.10009997307563626
GGTTGTATCCACGAAT-1,Endo CLDN5 IL1R1,0.03469973435699338
GGTTGTATCCAGCCTT-1,Micro P2RY12 APBB1IP,0.03694755016624105
GTAACACCAATACGCT-1,InN VIP CLSTN2,0.04734089712944323
GTAACACGTGGAGAAA-1,Astro GFAP AQP1,0.04906833781906956
GTAACCAAGGTACAGC-1,Endo CLDN5 IL1R1,0.24352127982665647
GTAACCACACAGTACT-1,Oligo MOG OPALIN,0.9999803863613302
GTAACCAGTATCGGTT-1,Oligo MOG OPALIN,0.02671683321210505
GTAACCAGTCACATTG-1,InN ADARB2 PALMD,0.05594842656609869
GTAACCATCTCAGTCC-1,PC P2RY14 GRM8,0.9999997982458028
GTAAGTCAGAGGTTTA-1,Endo CLDN5 IL1R1,0.05837297762680519
GTAAGTCAGGTCGTCC-1,L3-5 RORB PCBP3 LINGO2,0.06135534804806264
GTAAGTCGTCTCGGGT-1,OPC PDGFRA PCDH15,0.9999999999999722
GTAAGTCTCCCGAGTG-1,Endo CLDN5 IL1R1,0.26965723554069654
GTAATCGAGTGAGTTA-1,InN SST FREM1,0.1834856937562572
GTAATCGCAAGTGCTT-1,Oligo MOG GSN,0.9987535679111789
GTAATCGTCCCTTCCC-1,Endo CLDN5 IL1R1,0.11951955331186045
GTAATGCAGTCATGAA-1,Endo CLDN5 IL1R1,0.7546396658569116
GTAATGCTCAAACCCA-1,Endo CLDN5 IL1R1,0.03039305299873552
GTAATGCTCAACCGAT-1,Endo CLDN5 IL1R1,0.05228480439651834
GTAATGCTCACCCTCA-1,Endo CLDN5 IL1R1,0.07805167398894323
GTAATGCTCATCACCC-1,T SKAP1 CD247,0.999999999691439
GTAATGCTCCGGCTTT-1,InN VIP EXPH5,0.18278129915214
GTACAACAGTAAGACT-1,L6 OPRK1 SMYD1 KCND2,0.06048706681538192
GTACAACCACAAGTGG-1,OPC PDGFRA PCDH15,0.9999999999998861
GTACAGTCAACCCTCT-1,Oligo MOG OPALIN,0.9994166568684938
GTACAGTCAACTTGCA-1,Oligo MOG OPALIN,0.9857689299989211
GTACAGTCAGCACCCA-1,Oligo MOG OPALIN,0.9993597878536231
GTACAGTGTACCCAGC-1,Endo CLDN5 IL1R1,0.33564206291022675
GTACAGTGTTACCTGA-1,Endo CLDN5 IL1R1,0.39218115726837177
GTACAGTTCACGGACC-1,Oligo MOG OPALIN,0.9991399434207311
GTAGAAACATTCTCCG-1,Endo CLDN5 IL1R1,0.1020588178463589
GTAGAGGAGACGCATG-1,InN SST FREM1,0.05658302383718897
GTAGAGGCACTACCGG-1,OPC PDGFRA PCDH15,0.9999999999999998
GTAGAGGGTGGACTAG-1,Oligo MOG GSN,0.6671014235809487
GTAGATCTCCCGAGAC-1,Endo CLDN5 IL1R1,0.6454622984858547
GTAGCTAAGCTAGAGC-1,InN LAMP5 BMP7,0.10813157543390284
GTAGCTACATCCGAGC-1,Endo CLDN5 IL1R1,0.34788651742998666
GTAGGAGAGAGAATCT-1,Micro P2RY12 APBB1IP,0.7645133116205552
GTAGGAGAGTAGTCTC-1,Endo CLDN5 IL1R1,0.02420365877699292
GTAGGAGAGTATAACG-1,Endo CLDN5 IL1R1,0.02412846015415382
GTAGGAGCACTGAATC-1,Oligo MOG OPALIN,0.973308249993933
GTAGGAGGTTCCTTGC-1,Oligo MOG OPALIN,0.9999956113680717
GTAGGAGTCGATCCCT-1,L5-6 FEZF2 NXPH2 GRIK1,0.18229713569778502
GTAGGAGTCTGCGAGC-1,Oligo MOG FRY,0.96631075608908
GTAGGTTAGACAGTCG-1,L3-5 RORB PCBP3 ARHGAP15,0.06034277281745008
GTAGGTTGTTGCTAGT-1,OPC PDGFRA PCDH15,0.9999999979993461
GTAGTACAGATGAAGG-1,Oligo MOG OPALIN,0.6601362496823308
GTAGTACAGCCTAACT-1,Oligo MOG GSN,0.9999999918054904
GTAGTACAGGTGATAT-1,Endo CLDN5 IL1R1,0.10462781212644741
GTAGTACCACAGTATC-1,InN LAMP5 LHX6 PROX1,0.11017563902463298
GTAGTACGTAGCGATG-1,InN LAMP5 RELN,0.13459370333975185
GTAGTACGTGTCCGGT-1,L2-3 CUX2 NTNG1 PALMD,0.03420309591279598
GTAGTACTCATCACCC-1,InN SST FREM1,0.4244296088639633
GTAGTACTCGAACCAT-1,Oligo MOG OPALIN,0.9999557808727125
GTATTGGCAAAGCTCT-1,Oligo MOG GSN,0.9984152890276017
GTATTGGCAAAGGCAC-1,InN SST FREM1,0.03083348836322113
GTATTGGCACCTAAAC-1,L2-3 CUX2 ACVR1C THSD7A,0.027800884647339284
GTATTGGGTACGTAGG-1,Endo CLDN5 IL1R1,0.19818350316395653
GTATTGGGTCAATCTG-1,Endo CLDN5 IL1R1,0.24155878865424896
GTATTGGGTCAATGGG-1,Endo CLDN5 IL1R1,0.20965291534164748
GTATTGGGTTCTTCAT-1,Astro AQP4 SLC1A2,0.6384376064434755
GTATTGGTCCCATACC-1,Micro P2RY12 APBB1IP,0.9972447972756548
GTATTTCAGTTCTCTT-1,Endo CLDN5 IL1R1,0.012925156498489378
GTATTTCGTAAGATAC-1,Endo CLDN5 IL1R1,0.25959724997707484
GTATTTCTCATCGTAG-1,Endo CLDN5 IL1R1,0.052297346188899134
GTATTTCTCATTCGGA-1,Endo CLDN5 IL1R1,0.08842149541077608
GTATTTCTCGCTTAAG-1,InN PVALB HPSE,0.010601747547200332
GTCAAACCACGCGGTT-1,Endo CLDN5 IL1R1,0.031995171342894896
GTCAAACCACGTAGAG-1,Endo CLDN5 IL1R1,0.233489100976673
GTCAAACTCAAACGAA-1,Oligo MOG GSN,0.9999998146077396
GTCAAACTCGAGGCAA-1,Endo CLDN5 IL1R1,0.5928558558789517
GTCAAGTAGTTGAAAC-1,InN ADARB2 PALMD,0.048907054550054854
GTCAAGTCATGCCGGT-1,OPC PDGFRA PCDH15,0.9999988086992834
GTCACGGCAAATTAGG-1,Endo CLDN5 IL1R1,0.1262567513014887
GTCACGGGTACCGTCG-1,InN LAMP5 LHX6 PROX1,0.05471169853412751
GTCACGGGTCGCTGCA-1,Endo CLDN5 IL1R1,0.20340201144219888
GTCACGGGTGGTCTCG-1,InN VIP EXPH5,0.02108592028543342
GTCACTCAGAACGTGC-1,InN SST FREM1,0.16796370042789027
GTCACTCCATTGCAAC-1,Endo CLDN5 IL1R1,0.04716913358266099
GTCAGCGAGCGCTGCT-1,Oligo MOG OPALIN,0.9999298586875528
GTCAGCGAGTGGATAT-1,InN SST FREM1,0.026719875990486412
GTCAGCGCAGACCTAT-1,Endo CLDN5 IL1R1,0.05841205044956195
GTCAGCGCAGCGCGTT-1,Endo CLDN5 IL1R1,0.10088106334560322
GTCATCCAGCACTTTG-1,InN SST ADAMTSL1,0.016803383032299345
GTCATCCAGGTTCATC-1,InN LAMP5 LHX6 PROX1,0.015448398501162955
GTCATCCGTCATTCCC-1,Endo CLDN5 IL1R1,0.3082267857868114
GTCATCCGTTAAGTCC-1,InN VIP EXPH5,0.06691878643684475
GTCATGAAGGTGCTTT-1,Endo CLDN5 IL1R1,0.07127058116911474
GTCATGACACACAGAG-1,InN SST ADAMTSL1,0.010795175833139338
GTCATGACAGATCCTA-1,OPC PDGFRA PCDH15,0.9999999999986082
GTCATGAGTGGGATTG-1,InN LAMP5 BMP7,0.9980128032486988
GTCATGATCCCTCTAG-1,Astro GFAP FABP7,0.07115134967011172
GTCATTTAGCACTCAT-1,OPC PDGFRA PCDH15,0.9999999999998301
GTCATTTTCTATCGCC-1,Endo CLDN5 IL1R1,0.07933379409128405
GTCCACTAGCCTCAAT-1,InN SST FREM1,0.028216848051159753
GTCCACTCAAGCGCAA-1,L5-6 FEZF2 NXPH2 GRIK1,0.15915665967005724
GTCCACTCATATACCG-1,OPC PDGFRA PCDH15,0.9999999999971387
GTCCACTCATGGGCAA-1,Astro AQP4 SLC1A2,0.9123441699232334
GTCCACTGTCATCCGG-1,Astro GFAP AQP1,0.28985840492807696
GTCCACTGTTGTAAAG-1,Micro P2RY12 GLDN,0.5588222904480645
GTCCCATCATCGAAGG-1,Endo CLDN5 IL1R1,0.0991330257157331
GTCCCATGTCTGCGCA-1,Oligo MOG OPALIN,0.9999998232718122
GTCCCATTCAGTGTTG-1,InN VIP EXPH5,0.05175933602661424
GTCCTCAAGCCGGAAT-1,Endo CLDN5 IL1R1,0.04992253815917351
GTCCTCAAGTTCTCTT-1,Endo CLDN5 IL1R1,0.02661942271564364
GTCCTCACACCTAAAC-1,OPC PDGFRA PCDH15,0.9999999999999742
GTCCTCAGTGATTCTG-1,InN SST FREM1,0.03472833130055729
GTCCTCATCGGCGATC-1,Oligo MOG OPALIN,0.5196592950499894
GTCGAATAGCTGACAG-1,InN LAMP5 BMP7,0.08090952657750565
GTCGAATGTGCCTACG-1,OPC PDGFRA PCDH15,0.9997719760473305
GTCGCGAAGAGATGCC-1,Endo CLDN5 IL1R1,0.06423958177512203
GTCGCGAAGCAACTCT-1,OPC PDGFRA PCDH15,0.9999999999983848
GTCGCGACATCTTTCA-1,Oligo MOG OPALIN,0.27146148611452636
GTCGTAAGTATCACCA-1,Endo CLDN5 IL1R1,0.3380445924398755
GTCGTTCAGCGCTGCT-1,Endo CLDN5 IL1R1,0.12120525658704223
GTCGTTCGTACCACGC-1,InN SST FREM1,0.01677229072362289
GTCGTTCTCTGTGCAA-1,Oligo MOG OPALIN,0.9999979145762068
GTCTACCCACGACGAA-1,Endo CLDN5 IL1R1,0.08680209644076467
GTCTAGAGTTGTGCAT-1,OPC PDGFRA PCDH15,0.9999999999888747
GTCTAGATCCTTCTAA-1,Endo CLDN5 IL1R1,0.07974351697553773
GTCTAGATCTGGTGGC-1,Endo CLDN5 IL1R1,0.1571318144301775
GTCTCACCAACATCGT-1,InN ADARB2 PALMD,0.03929557006317112
GTCTCACCATGGAATA-1,Endo CLDN5 IL1R1,0.055407292823009595
GTCTCACTCATCTCTA-1,Endo CLDN5 IL1R1,0.038704721700278465
GTCTCACTCGACATAC-1,OPC PDGFRA PCDH15,0.9999999999991798
GTCTCACTCGCGATCG-1,OPC PDGFRA PCDH15,0.9999999999999605
GTCTCACTCTATACTC-1,Endo CLDN5 IL1R1,0.15936643474387932
GTCTGTCGTACCATAC-1,InN SST FREM1,0.012456801376506817
GTCTGTCGTATCCCTC-1,Oligo MOG OPALIN,0.9996597633063651
GTCTTTAAGAGAACCC-1,L2-3 CUX2 NTNG1 PALMD,0.2638153170597674
GTCTTTACATTGTGCA-1,OPC PDGFRA PCDH15,0.9999999999999647
GTCTTTATCACTACGA-1,Oligo MOG OPALIN,0.9982494738576878
GTGACGCAGCGTTAGG-1,OPC PDGFRA PCDH15,0.9999999999999107
GTGACGCAGGTTGAGC-1,OPC PDGFRA PCDH15,0.9999999999999696
GTGACGCCAGGTGTGA-1,Oligo MOG OPALIN,0.9999623510748302
GTGACGCGTTCAATCG-1,OPC PDGFRA PCDH15,0.999999999938072
GTGACGCTCAAGAAAC-1,OPC PDGFRA PCDH15,0.9999999999987699
GTGACGCTCCTATGGA-1,Endo CLDN5 IL1R1,0.28196291525295997
GTGAGCCAGACTTAAG-1,Endo CLDN5 IL1R1,0.07382827925051309
GTGAGCCTCCTCGATC-1,L3-5 RORB PCBP3 ARHGAP15,0.08930249724113229
GTGAGCCTCGACGTCG-1,Endo CLDN5 IL1R1,0.03664832953394447
GTGAGGATCTTCTGGC-1,InN SST FREM1,0.04355964644562467
GTGAGTTAGACATAGT-1,OPC PDGFRA PCDH15,0.9999999999998863
GTGAGTTAGCATGAAT-1,InN SST FREM1,0.020216111657879534
GTGAGTTAGTAGCTCT-1,InN LAMP5 ADAMTS20,0.9975791698132315
GTGATGTAGTTCCGTA-1,Endo CLDN5 IL1R1,0.2726984045168035
GTGCACGCACAAGTGG-1,L2-3 CUX2 NTNG1 PALMD,0.0244303910401935
GTGCACGTCGAACCTA-1,Micro P2RY12 APBB1IP,0.9982933842745201
GTGCACGTCTGGGCAC-1,Endo CLDN5 IL1R1,0.5465425946408404
GTGCAGCGTACGGGAT-1,Endo CLDN5 IL1R1,0.25908606929563494
GTGCAGCGTTAAACAG-1,Endo CLDN5 IL1R1,0.03566725982313216
GTGCGTGTCTGGTCAA-1,Oligo MOG OPALIN,0.08965902271788063
GTGCTGGAGTTCCGGC-1,Endo CLDN5 IL1R1,0.2504598741346028
GTGCTGGGTACGACTT-1,L3-5 RORB PCBP3 ARHGAP15,0.27929399850399844
GTGCTGGGTCATCGGC-1,InN PVALB SNTB1,0.015704033858138573
GTGCTGGTCCACACCT-1,Astro GFAP AQP1,0.6813772802554672
GTGCTTCCATGCGTGC-1,Oligo MOG OPALIN,0.9999888071891123
GTGCTTCGTCTAGGTT-1,OPC PDGFRA PCDH15,0.9999999987459891
GTGCTTCTCACAGTGT-1,PC P2RY14 GRM8,0.04649479719632534
GTGGAAGCAACCAACT-1,Endo CLDN5 IL1R1,0.32533150426960034
GTGGAAGCAATAGGAT-1,Oligo MOG OPALIN,0.999627006619901
GTGGAAGCAGAGTCAG-1,OPC PDGFRA PCDH15,0.9999999999989915
GTGGAAGCAGATCCAT-1,InN PVALB HPSE,0.013431898797372619
GTGGAAGGTGGCGCTT-1,Endo CLDN5 IL1R1,0.1552387833354914
GTGGAGAAGGTAGCCA-1,Astro AQP4 SLC1A2,0.14450665067376603
GTGGAGACAGGAGGAG-1,InN SST FREM1,0.047719886509512095
GTGGAGAGTGTGTTTG-1,T SKAP1 CD247,0.9996503419772187
GTGGCGTAGTATAGGT-1,L5-6 FEZF2 NXPH2 GRIK1,0.014027819417521957
GTGGCGTCACGATAGG-1,Endo CLDN5 IL1R1,0.03461846196936235
GTGGCGTGTAACATGA-1,Astro AQP4 SLC1A2,0.36183724102649567
GTGGGAAAGAGAGAAC-1,Oligo MOG FRY,0.9977465903171419
GTGGGAACACTCTCGT-1,Endo CLDN5 IL1R1,0.15161064994768017
GTGGGAAGTAAGTTAG-1,Endo CLDN5 IL1R1,0.09617557456365623
GTGGTTAGTGTTGAGG-1,Endo CLDN5 IL1R1,0.07177042256616513
GTGGTTAGTTGCCAAT-1,InN ADARB2 PALMD,0.006864634436509102
GTGGTTATCACCTTAT-1,Endo CLDN5 IL1R1,0.21992645513389927
GTGTAACAGCAACTCT-1,Astro GFAP FABP7,0.2501923678581459
GTGTCCTGTACCACGC-1,Oligo MOG OPALIN,0.9971613355244974
GTGTCCTTCAGACCGC-1,Endo CLDN5 IL1R1,0.06026371143820376
GTGTGATAGATTGGGC-1,Endo CLDN5 IL1R1,0.11973209366073091
GTGTGATCAAAGCTCT-1,Oligo MOG OPALIN,0.6931058675843923
GTGTGATGTACGATGG-1,InN SST FREM1,0.05032993875311536
GTGTGATGTACTGTTG-1,Endo CLDN5 IL1R1,0.031959772095952584
GTGTGATGTCACCCTT-1,Endo CLDN5 IL1R1,0.1982814777959298
GTGTGGCAGTGAGGTC-1,Endo CLDN5 IL1R1,0.03184671238355999
GTGTGGCCAACCGCTG-1,OPC PDGFRA PCDH15,0.9999999999852236
GTGTGGCGTTGTTTGG-1,InN VIP EXPH5,0.11502048905619894
GTGTGGCTCATGTCTT-1,Oligo MOG GSN,0.9999997044132839
GTGTGGCTCCGTGCGA-1,InN VIP CLSTN2,0.004425811033355858
GTGTTAGAGCTTACGT-1,Endo CLDN5 IL1R1,0.878427163234336
GTGTTAGAGGTCCGAA-1,Endo CLDN5 IL1R1,0.2308259595556943
GTGTTAGAGTAAACAC-1,Endo CLDN5 IL1R1,0.06107103228298884
GTGTTAGTCGACCTAA-1,OPC PDGFRA PCDH15,0.9999999999999385
GTGTTCCAGTCAGCGA-1,InN LAMP5 BMP7,0.02749774228052603
GTGTTCCCAACCAATC-1,InN VIP EXPH5,0.11891340178539923
GTGTTCCCACGGTCTG-1,Endo CLDN5 IL1R1,0.016002685192014792
GTGTTCCGTCTTACAG-1,Endo CLDN5 IL1R1,0.04892779474509479
GTGTTCCGTGTGGTCC-1,Endo CLDN5 IL1R1,0.08048307225328333
GTGTTCCTCTATACGG-1,L6 FEZF2 SYT6 PTPRT,0.034461107752389177
GTTACAGCAACCAGAG-1,InN SST FREM1,0.025881637387449755
GTTACAGGTACCGTCG-1,OPC PDGFRA PCDH15,0.9999999999945381
GTTACAGGTGTTGAGG-1,Endo CLDN5 IL1R1,0.25484103581369366
GTTACAGGTTCTCCCA-1,Oligo MOG GSN,0.7907507103999769
GTTACCCCACATTACG-1,Endo CLDN5 IL1R1,0.17240191114447595
GTTACCCCACGCCAGT-1,Endo CLDN5 IL1R1,0.14362555398618843
GTTACCCGTACTAGCT-1,Endo CLDN5 IL1R1,0.18913557673090484
GTTACCCGTGAGATAT-1,Endo CLDN5 IL1R1,0.07027297069113703
GTTAGACAGAAGGATG-1,InN SST FREM1,0.03557026789631418
GTTAGACAGGAGTACC-1,OPC PDGFRA PCDH15,0.9996702535930074
GTTAGACAGTGAGCCA-1,Endo CLDN5 IL1R1,0.11333023325779569
GTTAGACCAAAGAGTT-1,Oligo MOG GSN,0.9348272229978294
GTTAGACGTAGGACTG-1,InN VIP EXPH5,0.06686922833200123
GTTAGACGTTGACTGT-1,InN ADARB2 PALMD,0.08406098274462614
GTTAGTGAGTAGCATA-1,Endo CLDN5 IL1R1,0.10205135207946335
GTTAGTGCAAACACGG-1,Micro P2RY12 APBB1IP,0.006129315564725766
GTTAGTGCAACCGGAA-1,OPC PDGFRA PCDH15,0.9999999835123192
GTTAGTGTCGTAATGC-1,Endo CLDN5 IL1R1,0.11908870223337616
GTTATGGGTCATTGCA-1,L2-3 CUX2 ACVR1C THSD7A,0.05705415353884763
GTTCATTAGCTCGTGC-1,Oligo MOG OPALIN,0.9999998010153409
GTTCATTTCAAGTTGC-1,OPC PDGFRA PCDH15,0.9999999999977429
GTTCATTTCGAATGCT-1,InN LAMP5 LHX6 PROX1,0.7083202999800977
GTTCCGTAGGTGAGAA-1,InN SST FREM1,0.41673473547165085
GTTCCGTCAGGCATTT-1,L3-5 RORB GABRG1 PTPRO,0.014823600807890231
GTTCCGTGTATTTCTC-1,Oligo MOG OPALIN,0.9715812558298863
GTTCCGTGTGTTTCTT-1,InN VIP CLSTN2,0.009955648842357775
GTTCCGTTCATGCAGT-1,Endo CLDN5 IL1R1,0.034132917723189014
GTTCCGTTCGTCGCTT-1,Endo CLDN5 IL1R1,0.05909005658061797
GTTCGCTAGTAGGCCA-1,Endo CLDN5 IL1R1,0.16602997977281375
GTTCGCTCAGTCAACT-1,InN SST FREM1,0.020113217477223503
GTTCGCTTCGTCAGAT-1,Endo CLDN5 IL1R1,0.1399666866256178
GTTCTATAGCACTGGA-1,Endo CLDN5 IL1R1,0.1754174462846557
GTTCTATGTATTAAGG-1,Endo CLDN5 IL1R1,0.33452469197869306
GTTCTATGTTCCGCGA-1,OPC PDGFRA PCDH15,0.9999999999990925
GTTCTATTCACTTGGA-1,InN SST FREM1,0.27520253739229633
GTTGAACCAACTGAAA-1,Endo CLDN5 IL1R1,0.27414015823043697
GTTGAACGTTTGTGGT-1,Oligo MOG GSN,0.035249627542169114
GTTGCGGCAAAGCAAT-1,Endo CLDN5 IL1R1,0.6756616734754969
GTTGCGGCACAGCCAC-1,PC P2RY14 GRM8,0.9999999966418511
GTTGCGGCATACACCA-1,Endo CLDN5 IL1R1,0.6913121387295845
GTTGCGGGTAACGGTG-1,Endo CLDN5 IL1R1,0.030095850167409427
GTTGCGGGTAGTGCGA-1,L2-3 CUX2 NTNG1 PALMD,0.1429402571543912
GTTGCGGGTCTGCATA-1,OPC PDGFRA PCDH15,0.9999999999838878
GTTGCGGTCCTAGCCT-1,Oligo MOG OPALIN,0.9999962267741616
GTTGCGGTCGACGATT-1,L2-3 CUX2 ACVR1C THSD7A,0.01110042448469558
GTTGCGGTCGTTGTAG-1,Oligo MOG GSN,0.9998601108630834
GTTGCGGTCTAGACCA-1,OPC PDGFRA PCDH15,0.999999999999797
GTTGCTCCAACCGGAA-1,Endo CLDN5 IL1R1,0.025022184889683646
GTTGCTCCACTGCATA-1,Oligo MOG OPALIN,0.09733003828681153
GTTGCTCTCACTAGCA-1,Endo CLDN5 IL1R1,0.09292659199337833
GTTGCTCTCTTTCGAT-1,OPC PDGFRA PCDH15,0.9999999999965317
GTTGTAGAGCTCGAAG-1,Endo CLDN5 IL1R1,0.039878616064418594
GTTGTAGAGTGAGGTC-1,InN LAMP5 LHX6 PROX1,0.16199037588165713
GTTGTAGCATAGGCGA-1,L3-5 RORB PCBP3 ARHGAP15,0.08014499172746069
GTTGTCCGTATGGAGC-1,InN VIP EXPH5,0.014288701968324831
GTTGTGAAGTTGAATG-1,InN VIP EXPH5,0.2663598603156238
GTTGTGATCGGCTTGG-1,InN SST FREM1,0.012802451429866472
GTTGTGATCTCAGAAC-1,InN PVALB HPSE,0.0356517507473001
GTTTACTTCGAGTTGT-1,Endo CLDN5 IL1R1,0.07254469625054075
GTTTGGAGTAACATCC-1,Endo CLDN5 IL1R1,0.023260776642434054
GTTTGGAGTTTCTTAC-1,Endo CLDN5 IL1R1,0.028401988444675744
TAACACGAGTCACGCC-1,OPC PDGFRA PCDH15,0.9999999999990199
TAACACGCAAGGAGTC-1,Oligo MOG OPALIN,0.9998902124642246
TAACACGCAATTGCCA-1,Oligo MOG GSN,0.9985864671190584
TAACACGCACCCAATA-1,Endo CLDN5 IL1R1,0.01777755561330709
TAACACGCATACTTTC-1,L5-6 FEZF2 NXPH2 GRIK1,0.02292820723694047
TAACACGTCAATGTCG-1,Oligo MOG OPALIN,0.9997861818385265
TAACCAGAGTTGAATG-1,Micro P2RY12 GLDN,0.9971507960210535
TAACCAGCAGTGCGCT-1,L3-5 RORB MKX DCC,0.26869293933516913
TAACCAGGTATTCCTT-1,L2-3 CUX2 ACVR1C THSD7A,0.04854220023098119
TAACCAGGTTCTAACG-1,InN VIP EXPH5,0.020083487279956173
TAACGACAGGGCATGT-1,Endo CLDN5 IL1R1,0.03261850502904578
TAACGACTCACTCGAA-1,Micro P2RY12 GLDN,0.9987177041493022
TAACGACTCCCGTGTT-1,InN LAMP5 LHX6 PROX1,0.03934618059199032
TAACTTCAGCAACTTC-1,Endo CLDN5 IL1R1,0.15443895524447188
TAACTTCTCCTGGGTG-1,Endo CLDN5 IL1R1,0.027234571764142804
TAAGCACAGTGGAATT-1,InN SST FREM1,0.20948101634538266
TAAGCACCATCTTAGG-1,Endo CLDN5 IL1R1,0.2819415361581575
TAAGCACTCACAAGAA-1,Endo CLDN5 IL1R1,0.03288571040384643
TAAGCCAGTGACTGTT-1,Endo CLDN5 IL1R1,0.05118972110065077
TAAGCGTAGATGTTAG-1,Endo CLDN5 IL1R1,0.2262853033819057
TAAGCGTCACACGTGC-1,Oligo MOG OPALIN,0.9999994916833216
TAAGCGTCAGGGTCTC-1,Endo CLDN5 IL1R1,0.5497217425696402
TAAGCGTTCAGGACAG-1,OPC PDGFRA PCDH15,0.999999999999932
TAAGTCGGTCGTGATT-1,InN SST FREM1,0.05792661667897874
TAAGTCGGTGGATCAG-1,Oligo MOG OPALIN,0.9999388195022103
TAATCTCAGGTCACAG-1,OPC PDGFRA PCDH15,0.9999999999999272
TAATCTCCAGTTAAAG-1,InN LAMP5 BMP7,0.032842894093739736
TAATCTCCATTGACTG-1,Endo CLDN5 SLC7A5,0.4760331872458509
TAATTCCGTAGATCGG-1,Endo CLDN5 IL1R1,0.10509053698972486
TACAACGCAGGATCTT-1,Endo CLDN5 IL1R1,0.33848063134013784
TACAACGGTAGCGTTT-1,Endo CLDN5 IL1R1,0.068017850756418
TACAACGTCTTACTGT-1,Endo CLDN5 IL1R1,0.07075150891844981
TACACCCCAGGCTACC-1,InN LAMP5 BMP7,0.006960662435759442
TACACCCGTCACTCAA-1,InN VIP EXPH5,0.00970808207210048
TACACCCGTCATCTAG-1,OPC PDGFRA PCDH15,0.9999999999999976
TACACCCTCGACATTG-1,InN SST FREM1,0.009724065496763974
TACAGGTAGCGAGGAG-1,Endo CLDN5 IL1R1,0.0880075438221553
TACAGGTCACAGCGCT-1,InN VIP EXPH5,0.10540179174555801
TACAGGTTCGCTGACG-1,Endo CLDN5 IL1R1,0.2701513239239879
TACATTCAGCACCCAC-1,Endo CLDN5 IL1R1,0.08888659431869769
TACATTCCATGGAACG-1,Endo CLDN5 IL1R1,0.007236833239419798
TACCCACAGATCGACG-1,InN LAMP5 LHX6 PROX1,0.02766903836677276
TACCCACTCTTGTGCC-1,Endo CLDN5 IL1R1,0.19193927450649748
TACCCGTCAGTATACC-1,Endo CLDN5 IL1R1,0.1515796628271965
TACCCGTGTGCTTATG-1,OPC PDGFRA PCDH15,0.9999999999992646
TACCCGTTCATTGGTG-1,Astro GFAP AQP1,0.8787955665675053
TACCCGTTCCTACCAC-1,Endo CLDN5 IL1R1,0.02164289511918341
TACCCGTTCTTTCAGT-1,Endo CLDN5 IL1R1,0.24934176266200428
TACCGAAAGTCACGAG-1,InN VIP EXPH5,0.09860000538300467
TACCGAACACGTAGAG-1,Endo CLDN5 IL1R1,0.04260301143976929
TACCGAACAGCGACCT-1,Endo CLDN5 IL1R1,0.32855789585026857
TACCGAACAGTATTCG-1,InN LAMP5 LHX6 PROX1,0.026226527948202426
TACCGAAGTAGCTGTT-1,InN SST FREM1,0.08092115984224375
TACCGAAGTGATGGCA-1,Endo CLDN5 IL1R1,0.02611845464259022
TACCGGGAGGACATCG-1,Endo CLDN5 IL1R1,0.043203501932745525
TACCGGGGTACTGGGA-1,Endo CLDN5 IL1R1,0.019205858598506906
TACCGGGGTGGAAGTC-1,InN VIP EXPH5,0.09042508621334966
TACCGGGGTGTTCGAT-1,Oligo MOG OPALIN,0.051717777744561565
TACCTCGTCTGCCTCA-1,Endo CLDN5 IL1R1,0.15453861975043137
TACCTCGTCTTCGCTG-1,InN LAMP5 LHX6 PROX1,0.018283801382009635
TACCTGCCAGTAACCT-1,L5-6 FEZF2 NXPH2 GRIK1,0.028325502828115023
TACCTGCGTGTACAGG-1,InN SST FREM1,0.018229891829365078
TACCTGCTCGCGTCGA-1,Endo CLDN5 IL1R1,0.017921794187579942
TACCTGCTCTGGACCG-1,Endo CLDN5 IL1R1,0.060742492181017876
TACGCTCCAAGGCTTT-1,Endo CLDN5 IL1R1,0.055068010099688064
TACGCTCCACATAGCT-1,Oligo MOG OPALIN,0.9949374849455461
TACGCTCTCTGTCGCT-1,Endo CLDN5 IL1R1,0.15013962678676454
TACGGGCCAAGCGGAT-1,Endo CLDN5 IL1R1,0.17339827175676853
TACGGGCCATAATGAG-1,Endo CLDN5 IL1R1,0.032975739019040495
TACGGGCTCTCTGGTC-1,InN LAMP5 LHX6 PROX1,0.1130656087252501
TACGGTAAGACATAAC-1,InN VIP EXPH5,0.17455584743273153
TACGGTACACATACTG-1,InN SST FREM1,0.030779221248620623
TACGGTACAGCTCCTT-1,InN SST FREM1,0.06719447127761488
TACGGTACATCGCTAA-1,Oligo MOG GSN,0.999884732489153
TACGGTAGTCCAGCGT-1,InN SST FREM1,0.0837902878477648
TACGTCCTCCTCTGCA-1,Endo CLDN5 IL1R1,0.23156651225467328
TACTGCCAGATTCGCT-1,OPC PDGFRA PCDH15,0.9999999999986084
TACTGCCAGGTCACCC-1,Oligo MOG OPALIN,0.9999942439075458
TACTTACAGGCCACTC-1,Endo CLDN5 IL1R1,0.09846482577573054
TACTTACAGTAGTCCT-1,Endo CLDN5 IL1R1,0.12855787512625355
TACTTACGTATGACAA-1,T SKAP1 CD247,0.9999999992847133
TACTTACGTCGCATGC-1,InN PVALB HPSE,0.08928989811737133
TACTTACTCGGCTCTT-1,Endo CLDN5 IL1R1,0.04895893494589676
TACTTCAAGACCGTTT-1,InN SST FREM1,0.020141692817687455
TACTTCAAGTGATAAC-1,Astro AQP4 SLC1A2,0.9327559621350299
TACTTCACATCCGGCA-1,Endo CLDN5 IL1R1,0.03257154749569068
TACTTCATCACCCTGT-1,Micro P2RY12 CCL3,0.8006461424458486
TACTTCATCGATACGT-1,L3-5 RORB PCBP3 ARHGAP15,0.2474902112516092
TACTTGTCAGAAATTG-1,L2-3 CUX2 ACVR1C THSD7A,0.2113771245060624
TACTTGTGTCAGTCCG-1,OPC PDGFRA PCDH15,0.9999442361406282
TACTTGTGTCGCTCGA-1,Endo CLDN5 IL1R1,0.3798184311798132
TAGACCACAAGAGGTC-1,Endo CLDN5 IL1R1,0.5179074545309093
TAGACCAGTAACTAAG-1,Endo CLDN5 IL1R1,0.9999918631792837
TAGACCAGTCGTCAGC-1,InN VIP EXPH5,0.10411371128897311
TAGACCAGTGTGAATA-1,Astro AQP4 OSMR,0.02483965827167886
TAGACTGAGGCTGAAC-1,InN VIP EXPH5,0.006211371206179841
TAGACTGGTGTTAGCT-1,Endo CLDN5 IL1R1,0.10587001335635846
TAGACTGTCACTGTTT-1,Astro GFAP FABP7,0.3059386455353703
TAGAGTCAGCACTCCG-1,Oligo MOG OPALIN,0.34837194835690805
TAGAGTCCATGAAGGC-1,Endo CLDN5 IL1R1,0.34735169347823475
TAGATCGAGTATGATG-1,Endo CLDN5 IL1R1,0.3451858578038605
TAGCACACAAGAATGT-1,OPC PDGFRA PCDH15,0.9999999999999967
TAGCACACAGTTTCGA-1,Endo CLDN5 IL1R1,0.10044782059576043
TAGGAGGAGCTCATAC-1,OPC PDGFRA PCDH15,0.9999999999998699
TAGGAGGAGGGAGTTC-1,InN SST FREM1,0.041551916201931896
TAGGAGGCACCAAATC-1,L2-3 CUX2 ACVR1C THSD7A,0.04467729076586652
TAGGAGGGTACAAAGT-1,Oligo MOG OPALIN,0.07122994295309608
TAGGAGGGTACGTACT-1,OPC PDGFRA PCDH15,0.9999999999997402
TAGGAGGGTCCAAAGG-1,Oligo MOG OPALIN,0.9856551075577547
TAGGGTTTCTGCGATA-1,Endo CLDN5 IL1R1,0.01751288597955166
TAGGTACAGGCTCAAG-1,InN ADARB2 PALMD,0.02096342964419583
TAGGTACAGGGCGAGA-1,Oligo MOG OPALIN,0.9999668023702873
TAGTGCAAGCACCGTC-1,Endo CLDN5 IL1R1,0.19315482482338267
TAGTGCACATGGCGCT-1,InN VIP EXPH5,0.048108407391862264
TAGTGCAGTTGCGTAT-1,Astro AQP4 SLC1A2,0.17428136597320854
TATACCTTCATCAGTG-1,Endo CLDN5 IL1R1,0.20806085111715067
TATACCTTCCTGTAAG-1,InN SST FREM1,0.06954475113957723
TATACCTTCTTACCGC-1,PC P2RY14 GRM8,0.5460436904699638
TATATCCAGCGGTATG-1,Endo CLDN5 IL1R1,0.21774832639403402
TATATCCAGGACTGGT-1,Astro AQP4 SLC1A2,0.0170869598837867
TATATCCGTCATCCGG-1,Endo CLDN5 IL1R1,0.12633026531020822
TATATCCTCATTATCC-1,Endo CLDN5 IL1R1,0.013046631784122386
TATCAGGCATTGTCGA-1,Endo CLDN5 IL1R1,0.31757604660228395
TATCAGGGTTACGCCG-1,Endo CLDN5 IL1R1,0.1518511962292025
TATCAGGTCTGAGAAA-1,Endo CLDN5 IL1R1,0.16356295641832425
TATCCTAAGAAGCGAA-1,Endo CLDN5 IL1R1,0.1818982454554953
TATCCTAAGTGCTAGG-1,Oligo MOG OPALIN,0.8897027489610134
TATCCTACACTGAGGA-1,InN SST ADAMTSL1,0.007039136363833533
TATCCTAGTCCCGCAA-1,Endo CLDN5 IL1R1,0.2641130117009962
TATCCTAGTCTTGAGT-1,InN SST ADAMTSL1,0.053262737973792024
TATCCTATCAAGCTGT-1,Endo CLDN5 IL1R1,0.10892288230281542
TATCGCCGTAGAATGT-1,Endo CLDN5 IL1R1,0.06328551270674702
TATCGCCGTTGCATCA-1,InN LAMP5 LHX6 PROX1,0.06876796219988165
TATCGCCTCACCATAG-1,L3-5 RORB MKX GALR1,0.048435444628850244
TATCGCCTCTCTTGCG-1,OPC PDGFRA PCDH15,0.9999999936792667
TATCTGTTCGCACGAC-1,Endo CLDN5 IL1R1,0.1834285318904207
TATCTTGGTTCGGCCA-1,L2-3 CUX2 ACVR1C THSD7A,0.19613654643679101
TATCTTGGTTGCATGT-1,Endo CLDN5 IL1R1,0.4392337419253794
TATCTTGTCCTCACCA-1,InN SST FREM1,0.08024631165240391
TATCTTGTCGGATACT-1,OPC PDGFRA PCDH15,0.9999999999795148
TATCTTGTCTCAGTCC-1,InN LAMP5 BMP7,0.03868844408485535
TATGTTCAGGAGACCT-1,OPC PDGFRA PCDH15,0.9999999999982709
TATGTTCAGTACCCTA-1,Endo CLDN5 IL1R1,0.1052201675452107
TATGTTCGTCCAGGTC-1,Oligo MOG OPALIN,0.9998482223538796
TATGTTCTCAAACCCA-1,InN LAMP5 BMP7,0.10127351469727926
TATGTTCTCCTACGGG-1,OPC PDGFRA PCDH15,0.9999999999999332
TATTCCAGTAGTCACT-1,Oligo MOG OPALIN,0.7184342197273774
TATTGCTAGTCGAAGC-1,InN SST FREM1,0.02070798628260179
TATTGCTCACAGCCTG-1,InN SST FREM1,0.046684079186210786
TATTGCTGTGATTAGA-1,Endo CLDN5 IL1R1,0.5123847187118271
TATTGGGTCGGTGTAT-1,Endo CLDN5 IL1R1,0.07602829105878135
TATTTCGAGGATAATC-1,Endo CLDN5 IL1R1,0.09926622294868445
TATTTCGAGGGCAGTT-1,InN SST FREM1,0.07869667142557694
TATTTCGAGTCTGCAT-1,InN VIP EXPH5,0.11814026034159825
TATTTCGGTACAAGCG-1,OPC PDGFRA PCDH15,0.9999999999471518
TATTTCGTCCGGCAGT-1,Endo CLDN5 IL1R1,0.006969946816073045
TCAAGACAGGATACCG-1,Endo CLDN5 IL1R1,0.1254279992451506
TCAAGCACATCTGCGG-1,OPC PDGFRA PCDH15,0.999999999999996
TCAAGCAGTCATCCGG-1,Endo CLDN5 IL1R1,0.2038248784924952
TCAAGCAGTGAATAAC-1,L6 FEZF2 SYT6 CDH9,0.12035416484747333
TCAAGCAGTGGGTATG-1,InN LAMP5 RELN,0.9288616805392943
TCAAGCAGTTCGCGTG-1,Oligo MOG OPALIN,0.9998824346167975
TCAAGCATCAGGGTAG-1,InN VIP EXPH5,0.053235095328523246
TCAAGCATCCGACATA-1,Endo CLDN5 IL1R1,0.16381862440105777
TCAAGTGAGACCAAAT-1,OPC PDGFRA PCDH15,0.9999999987633283
TCAAGTGCACTCTAGA-1,Endo CLDN5 IL1R1,0.1454548805152498
TCAAGTGCAGGCTACC-1,InN LAMP5 BMP7,0.029486359985519843
TCAAGTGGTGCCTTTC-1,Endo CLDN5 IL1R1,0.035489289047652015
TCAAGTGTCGGCTGTG-1,Endo CLDN5 IL1R1,0.2480132854799594
TCAAGTGTCGTAGCTA-1,InN PVALB HPSE,0.8143570133196135
TCAAGTGTCGTGGCGT-1,Endo CLDN5 IL1R1,0.1403343160286594
TCAATCTAGACCTCCG-1,OPC PDGFRA PCDH15,0.9999999999999982
TCAATCTAGCCTCTCT-1,Endo CLDN5 IL1R1,0.15084215766506978
TCAATCTAGGGAACAA-1,InN SST FREM1,0.10500491251653914
TCAATCTCAGGAATAT-1,Oligo MOG OPALIN,0.9995634353148098
TCAATCTCATCATCCC-1,Astro AQP4 SLC1A2,0.07220859670888993
TCAATTCAGTTAGTGA-1,Endo CLDN5 IL1R1,0.029152129905772983
TCAATTCCATGGCACC-1,OPC PDGFRA PCDH15,0.9999999999999949
TCAATTCGTAATTGGA-1,Endo CLDN5 IL1R1,0.0670897929364586
TCAATTCTCCAGCCTT-1,Endo CLDN5 IL1R1,0.07147943163095158
TCACAAGCACCACATA-1,InN ADARB2 PALMD,0.02914815862837061
TCACAAGCATGATAGA-1,InN VIP CLSTN2,0.022374108868644882
TCACACCAGATAGTCA-1,Oligo MOG OPALIN,0.9999996497326292
TCACACCAGTATGCAA-1,Oligo MOG OPALIN,0.999944451495914
TCACACCAGTATTAGG-1,Endo CLDN5 IL1R1,0.11338240377094065
TCACATTCAACGTTAC-1,Astro AQP4 OSMR,0.35009402912409604
TCACATTTCTCCATAT-1,Endo CLDN5 IL1R1,0.0694530537915003
TCACGCTCACGTGAGA-1,L2-3 CUX2 ACVR1C THSD7A,0.31836916195556725
TCACGCTTCTCAACGA-1,Endo CLDN5 IL1R1,0.07843009016468801
TCACGGGAGAGCCTGA-1,InN VIP EXPH5,0.030420317207858597
TCACGGGCACTGGAAG-1,L2-3 CUX2 ACVR1C THSD7A,0.17265512612032347
TCACGGGCAGTATGAA-1,Endo CLDN5 IL1R1,0.016415331256089204
TCACGGGGTATGAAAC-1,InN VIP EXPH5,0.05699403511478027
TCACTATAGACCAGAC-1,L3-5 RORB PCBP3 ARHGAP15,0.026209042799513672
TCACTATAGCATCAGG-1,L2-3 CUX2 ACVR1C THSD7A,0.8527453420071593
TCACTATTCTGAGGTT-1,OPC PDGFRA PCDH15,0.9999999999999705
TCACTATTCTTCTTCC-1,InN LAMP5 LHX6 PROX1,0.0750364722623261
TCACTCGCAAAGGCGT-1,Oligo MOG OPALIN,0.0263474446107995
TCACTCGCAACCACGC-1,Endo CLDN5 SLC7A5,0.02483683692762269
TCACTCGGTTGTTGCA-1,Micro P2RY12 APBB1IP,0.7832605959727125
TCAGCAAAGAACCGCA-1,Endo CLDN5 IL1R1,0.06621481773299513
TCAGCAAAGTTCATCG-1,Endo CLDN5 IL1R1,0.14403735605698467
TCAGCAACAAATCAAG-1,Endo CLDN5 IL1R1,0.030443216967328036
TCAGCAACAAGCCCAC-1,OPC PDGFRA PCDH15,0.999999999981027
TCAGCAATCATAGAGA-1,Endo CLDN5 IL1R1,0.02938246267376228
TCAGCAATCGGAGCAA-1,InN SST FREM1,0.056504944095170095
TCAGCCTAGACGGAAA-1,Oligo MOG GSN,0.9999473229925133
TCAGCCTCAGCACGAA-1,L6 OPRK1 SMYD1 ADAMTS17,0.057227404208166625
TCAGCCTTCACTTGGA-1,Endo CLDN5 IL1R1,0.06226013919617134
TCAGGGCAGCGAGTCA-1,L2-3 CUX2 ACVR1C THSD7A,0.020252371671478805
TCAGGTACACCGTGGT-1,Endo CLDN5 IL1R1,0.15724278437216282
TCAGGTAGTGGTAATA-1,Endo CLDN5 IL1R1,0.08986688538069697
TCAGGTATCATTGCGA-1,Endo CLDN5 IL1R1,0.42316697618665894
TCAGTCCAGCGGGTTA-1,Endo CLDN5 IL1R1,0.2271590762777627
TCAGTCCGTTTGATCG-1,InN LAMP5 BMP7,0.1218173215493506
TCAGTGAAGGATTCCT-1,Oligo MOG OPALIN,0.0452144652024613
TCAGTGACACGACCTG-1,Oligo MOG OPALIN,0.058343918280823866
TCAGTGACAGTTACCA-1,Endo CLDN5 IL1R1,0.012260842160283838
TCAGTGATCTAGCCAA-1,Oligo MOG OPALIN,0.9999923061247651
TCAGTTTAGCAGGCAT-1,InN VIP CLSTN2,0.021577154380241204
TCAGTTTAGTCAGCGA-1,InN VIP EXPH5,0.17680270427604997
TCAGTTTAGTTCCGGC-1,PC P2RY14 GRM8,0.9999986934259114
TCAGTTTCACGACGAA-1,InN VIP EXPH5,0.048328628123416234
TCAGTTTGTGGACTGA-1,Oligo MOG OPALIN,0.9959900121676551
TCAGTTTGTTCTAAGC-1,Endo CLDN5 IL1R1,0.03269970308108425
TCAGTTTGTTTCACAG-1,OPC PDGFRA PCDH15,0.9999999999991798
TCAGTTTTCATCGGGC-1,L2-3 CUX2 ACVR1C THSD7A,0.02265054290042527
TCAGTTTTCCAAGCCG-1,InN VIP EXPH5,0.35457179720396953
TCATACTCACCGTGGT-1,L3-5 RORB PCBP3 ARHGAP15,0.03403128709053376
TCATACTCACGTATAC-1,Endo CLDN5 IL1R1,0.1320467878311231
TCATACTCATACGCAT-1,Endo CLDN5 IL1R1,0.04145838903083672
TCATACTGTGTTACAC-1,OPC PDGFRA PCDH15,0.9999999999566316
TCATACTTCGCACTCT-1,InN PVALB HPSE,0.13519443520076294
TCATATCAGAGCAAGA-1,Oligo MOG OPALIN,0.2074867534898354
TCATATCAGATCCGAG-1,L2-3 CUX2 NTNG1 PALMD,0.036471736079399
TCATATCAGCGGACAT-1,InN SST ADAMTSL1,0.005045813263281869
TCATATCCAAGAGGCT-1,Oligo MOG OPALIN,0.9999890721891348
TCATATCCATCGGATT-1,Endo CLDN5 IL1R1,0.08444319609271855
TCATATCTCTAGCCTC-1,Oligo MOG GSN,0.9627805567642547
TCATCATAGCACTCTA-1,OPC PDGFRA PCDH15,0.9999999999949287
TCATCATAGGCCCGTT-1,OPC PDGFRA PCDH15,0.9999999999997766
TCATCCGAGAGGCGTT-1,Oligo MOG OPALIN,0.9991740791732189
TCATCCGCACCGGCTA-1,OPC PDGFRA PCDH15,0.9999999999999887
TCATCCGGTATCGCTA-1,InN LAMP5 LHX6 PROX1,0.04537528238979242
TCATGAGCATAGGTTC-1,OPC PDGFRA PCDH15,0.9999999999199225
TCATGAGCATCTGCGG-1,Endo CLDN5 IL1R1,0.04864616081683381
TCATGAGGTGCAGGAT-1,Endo CLDN5 IL1R1,0.14475354575657076
TCATGGAAGGCAGGTT-1,Endo CLDN5 IL1R1,0.4571100360969983
TCATGGACAACTGTGT-1,OPC PDGFRA PCDH15,0.9999999999999987
TCATGGATCATTGTTC-1,Endo CLDN5 IL1R1,0.022190598781455007
TCATGGATCTAGATCG-1,Endo CLDN5 IL1R1,0.2453775836869772
TCATGTTGTATGCGGA-1,InN VIP EXPH5,0.04438574779087931
TCATGTTGTCAACACT-1,Oligo MOG FRY,0.5848706334183643
TCATGTTTCTACTGCC-1,Endo CLDN5 IL1R1,0.33519508259682756
TCATTACAGCCACAAG-1,InN ADARB2 PALMD,0.047041808103175264
TCATTACAGTTAGTAG-1,OPC PDGFRA PCDH15,0.9999999999999767
TCATTCATCTCCAAGA-1,Endo CLDN5 IL1R1,0.16552481121414014
TCATTCATCTTGGCTC-1,InN ADARB2 PALMD,0.01754124350673222
TCATTGTAGAGGGTAA-1,Endo CLDN5 IL1R1,0.22262874209744557
TCATTGTAGCATCAGG-1,Oligo MOG OPALIN,0.9999825511470348
TCATTGTTCAAGAAAC-1,Endo CLDN5 IL1R1,0.034206927083689005
TCATTGTTCATTTCCA-1,Endo CLDN5 IL1R1,0.2893831528258003
TCATTGTTCCGATTAG-1,Endo CLDN5 IL1R1,0.01206754932441784
TCATTGTTCGCTGACG-1,Endo CLDN5 IL1R1,0.1112384405919977
TCATTTGAGCGCCCAT-1,Endo CLDN5 IL1R1,0.2009628946533041
TCATTTGTCCATAGAC-1,InN LAMP5 LHX6 PROX1,0.07475322279625435
TCCACGTAGACCGTTT-1,Endo CLDN5 IL1R1,0.0566365010583525
TCCACGTCAAGTCCAT-1,VLMC COL1A2 VLMCA8,0.5562420250852261
TCCACGTCAGCCCACA-1,OPC PDGFRA PCDH15,0.9999999990612436
TCCACGTGTCTTGCGG-1,OPC PDGFRA PCDH15,0.9999999999946341
TCCAGAATCCACACAA-1,OPC PDGFRA PCDH15,0.9999999939733559
TCCATCGGTTAGAGAT-1,OPC PDGFRA PCDH15,0.9999999999999114
TCCATCGGTTCAGCGC-1,Oligo MOG OPALIN,0.9982348521127348
TCCATCGGTTCCGTTC-1,Endo CLDN5 IL1R1,0.13286553865047
TCCATGCCACAAAGTA-1,InN SST FREM1,0.024805851455900477
TCCATGCGTGGTCCCA-1,Endo CLDN5 IL1R1,0.07807574969999352
TCCCACACAATGGCAG-1,OPC PDGFRA PCDH15,0.9999999999999976
TCCCACAGTTGCTGAT-1,OPC PDGFRA PCDH15,0.9999999999967975
TCCCACATCCGTTGAA-1,InN VIP EXPH5,0.13171513111742802
TCCCAGTAGATGTTCC-1,OPC PDGFRA PCDH15,0.999999999999986
TCCCAGTAGCTAATCC-1,Oligo MOG GSN,0.917619032828945
TCCCAGTGTGAGGAAA-1,L5-6 FEZF2 NXPH2 GRIK1,0.10354873398838324
TCCCATGCACCAGACC-1,Endo CLDN5 IL1R1,0.09102449505411132
TCCCATGGTAGGATAT-1,Endo CLDN5 IL1R1,0.020992707854189344
TCCGAAACATGGGATG-1,Endo CLDN5 IL1R1,0.04322471663241639
TCCGAAAGTTCTTGTT-1,Endo CLDN5 IL1R1,0.17293945231055755
TCCGATCAGCTCTTCC-1,Endo CLDN5 IL1R1,0.026561205153603176
TCCGATCGTTCGTACA-1,L2-3 CUX2 NTNG1 PALMD,0.1499038032328611
TCCGGGAGTCGCTGCA-1,L3-5 RORB MKX DCC,0.9234708043498869
TCCGGGATCAAAGCCT-1,InN SST FREM1,0.035012211026848074
TCCGGGATCATTACGG-1,OPC PDGFRA PCDH15,0.999999999998074
TCCGGGATCCAATCCC-1,InN SST ADAMTSL1,0.06256915264276725
TCCGTGTCACTAAACC-1,Endo CLDN5 IL1R1,0.10708995247370255
TCCTAATAGTGAGGTC-1,Oligo MOG OPALIN,0.9999991380422606
TCCTAATGTACGGGAT-1,Astro AQP4 OSMR,0.9999485743529523
TCCTCCCCATAATGAG-1,InN ADARB2 PALMD,0.033150991804868114
TCCTCCCTCCTCTCGA-1,InN VIP EXPH5,0.039785389472386946
TCCTCGACATCCCACT-1,Endo CLDN5 IL1R1,0.09226884117805809
TCCTCGAGTACACTCA-1,Endo CLDN5 IL1R1,0.11973280845665257
TCCTCGATCTAGGAAA-1,Astro GFAP AQP1,0.018461328711751955
TCCTCTTAGCATGCGA-1,Endo CLDN5 IL1R1,0.19926349487191022
TCCTCTTAGTTGAAAC-1,Endo CLDN5 IL1R1,0.08038273347450219
TCCTCTTTCCCATACC-1,InN LAMP5 LHX6 PROX1,0.021480538423790326
TCCTGCAAGGGTCACA-1,Oligo MOG OPALIN,0.9999858659864357
TCCTGCAAGTTGGACG-1,OPC PDGFRA PCDH15,0.999999999999988
TCCTGCACAAATGGCG-1,Endo CLDN5 IL1R1,0.06264390189783826
TCCTGCACATCGCTGG-1,Oligo MOG OPALIN,0.999863204741876
TCCTGCATCCGCACTT-1,InN SST FREM1,0.13636899053297916
TCCTTCTGTGATACAA-1,Endo CLDN5 IL1R1,0.39311778192136454
TCCTTCTGTTGTTTGG-1,InN VIP EXPH5,0.026297499925811676
TCCTTCTGTTTCTATC-1,Micro P2RY12 APBB1IP,0.9777592389946849
TCCTTCTTCCACTGAA-1,L2-3 CUX2 NTNG1 PALMD,0.030739224246828185
TCCTTTCAGAGCGACT-1,InN SST FREM1,0.29941453741675067
TCCTTTCAGCGTTAGG-1,InN VIP EXPH5,0.14625793806578216
TCCTTTCCAAACGGCA-1,Endo CLDN5 IL1R1,0.05531495070204925
TCGAACAGTCTGTGCG-1,Endo CLDN5 IL1R1,0.1154423018116181
TCGAACATCTTAGCTT-1,L3-5 RORB PCBP3 LINGO2,0.018515511862299588
TCGAAGTCAACGTTAC-1,Endo CLDN5 IL1R1,0.017542311358896556
TCGAAGTCAGCTCCTT-1,L6 OPRK1 SMYD1 TSHZ2,0.01981504419985846
TCGAAGTGTGTGCCTG-1,Endo CLDN5 IL1R1,0.1306333079919668
TCGAAGTTCAATCTTC-1,OPC PDGFRA PCDH15,0.8915177148233712
TCGACCTCACACGCCA-1,Endo CLDN5 IL1R1,0.022431600237575195
TCGACCTCACTTACAG-1,Endo CLDN5 IL1R1,0.28945660463846984
TCGACCTGTGTATCCA-1,Oligo MOG OPALIN,0.9988866942333031
TCGACCTGTTTCCAAG-1,Oligo MOG FRY,0.7265252987866243
TCGACGGAGCGAAACC-1,Endo CLDN5 IL1R1,0.4010413777624761
TCGACGGAGTGGTTGG-1,Endo CLDN5 IL1R1,0.042245320918483556
TCGATTTCAAATGCTC-1,Oligo MOG OPALIN,0.6855609748248233
TCGATTTCACTTGTCC-1,Endo CLDN5 IL1R1,0.4205724377850368
TCGATTTGTACGACTT-1,InN VIP EXPH5,0.20685132542526696
TCGATTTGTGGACCTC-1,OPC PDGFRA PCDH15,0.9999999999999707
TCGCACTAGTGTAGAT-1,Astro GFAP AQP1,0.6509054833063664
TCGCACTAGTTACTCG-1,Endo CLDN5 IL1R1,0.07530925498862248
TCGCACTTCTCGCGTT-1,Endo CLDN5 IL1R1,0.13830810551933365
TCGCAGGCACCCTATC-1,Endo CLDN5 IL1R1,0.2714991136214814
TCGCAGGGTTCTCGTC-1,OPC PDGFRA PCDH15,0.9999999999999125
TCGCTCAAGGAAGTGA-1,Endo CLDN5 IL1R1,0.21019159135248136
TCGCTCAAGGCCTTGC-1,Endo CLDN5 IL1R1,0.04385541234483767
TCGCTCAAGTCGGCCT-1,InN SST ADAMTSL1,0.056847184892056826
TCGCTCAGTCGCTTGG-1,InN VIP EXPH5,0.03535235981636827
TCGCTCAGTGATATAG-1,InN PVALB HPSE,0.043344699803334476
TCGCTCAGTGTTCGTA-1,Endo CLDN5 IL1R1,0.06139466300428353
TCGCTCATCAACGTGT-1,Endo CLDN5 IL1R1,0.021953797039188382
TCGCTTGCATTAGGCT-1,Endo CLDN5 IL1R1,0.07246160453201607
TCGCTTGGTGATACAA-1,L2-3 CUX2 NTNG1 PALMD,0.5936357235932606
TCGCTTGTCAATCGGT-1,Oligo MOG GSN,0.606270262772832
TCGCTTGTCATAGACC-1,Oligo MOG FRY,0.9720278537860457
TCGGATAAGTTCTACG-1,OPC PDGFRA PCDH15,0.9999999999865072
TCGGGACAGCTTAGTC-1,Endo CLDN5 IL1R1,0.03662608713883961
TCGGGACAGGTTGTTC-1,Endo CLDN5 IL1R1,0.15873215900914597
TCGGGCAAGGCCTTGC-1,Astro GFAP AQP1,0.9315519974157983
TCGGGCAAGTCGGCCT-1,Astro GFAP AQP1,0.09640417304237194
TCGGGCATCTACTTCA-1,InN SST ADAMTSL1,0.07060380252795673
TCGGGCATCTATCGTT-1,OPC PDGFRA PCDH15,0.9999999999995177
TCGGGCATCTTCTGGC-1,OPC PDGFRA PCDH15,0.9999999999998277
TCGGGTGAGCACCGTC-1,OPC PDGFRA PCDH15,0.9999999974822438
TCGGGTGAGTATCCTG-1,InN LAMP5 LHX6 PROX1,0.08502459976648716
TCGGGTGAGTTGTACC-1,InN ADARB2 PALMD,0.02350357895007456
TCGGGTGCAATTCGTG-1,L2-3 CUX2 NTNG1 PALMD,0.13068061565552014
TCGGGTGCATGCAGGA-1,Endo CLDN5 IL1R1,0.07628566422407645
TCGGGTGGTACATTGC-1,Micro P2RY12 APBB1IP,0.9744027197430718
TCGGGTGGTACTGCGC-1,Endo CLDN5 IL1R1,0.12335637524864913
TCGTAGAAGACTTCGT-1,Oligo MOG OPALIN,0.9999973609463191
TCGTAGAAGCGATGCA-1,Oligo MOG OPALIN,0.1157872974005784
TCGTAGAAGGCGTTAG-1,Oligo MOG FRY,0.9942138570464308
TCGTAGATCGCGTGAC-1,Oligo MOG OPALIN,0.9999984291002785
TCGTCCACACCTTCCA-1,Endo CLDN5 IL1R1,0.3600249523165319
TCGTCCATCAGATGCT-1,L5-6 FEZF2 NXPH2 GRIK1,0.028913649901353016
TCGTGCTAGATGCGAC-1,Endo CLDN5 IL1R1,0.05208001475301331
TCGTGCTCAACTTGGT-1,Oligo MOG GSN,0.9993540817999527
TCGTGCTCACTTGTGA-1,InN VIP EXPH5,0.0739534588262834
TCGTGCTTCACATTGG-1,InN SST FREM1,0.07810747749165194
TCGTGCTTCTTCTGGC-1,Endo CLDN5 SLC7A5,0.06637141014595474
TCGTGGGCAACGTTAC-1,OPC PDGFRA PCDH15,0.9999999999978704
TCTAACTAGAGCCCAA-1,Endo CLDN5 IL1R1,0.25167403927099563
TCTAACTAGATGCAGC-1,OPC PDGFRA PCDH15,0.9999999999999774
TCTAACTAGCACTCAT-1,OPC PDGFRA PCDH15,0.9999999999996305
TCTAACTCAGGAAGTC-1,Oligo MOG GSN,0.9997815006453781
TCTAACTTCTGCCTGT-1,Endo CLDN5 IL1R1,0.43491062440263717
TCTACATCACATAGCT-1,Endo CLDN5 IL1R1,0.1188181830938402
TCTACATCATCCCACT-1,InN SST FREM1,0.05889712196918974
TCTACATTCATACGAC-1,Endo CLDN5 IL1R1,0.040615180627543025
TCTACCGGTCACCCTT-1,InN VIP EXPH5,0.23710113812376984
TCTACCGTCGACCCAG-1,Astro GFAP AQP1,0.7063648234107268
TCTATACCAGCTCTGG-1,InN LAMP5 LHX6 PROX1,0.1296714392626987
TCTATCAAGGAGAGTA-1,InN VIP EXPH5,0.17432882040621153
TCTATCATCATGCATG-1,OPC PDGFRA PCDH15,0.9999999999998803
TCTCACGCAATCAAGA-1,Endo CLDN5 IL1R1,0.623131949291787
TCTCACGTCGCAGAGA-1,Endo CLDN5 IL1R1,0.07492182765486204
TCTCACGTCGCATAGT-1,Endo CLDN5 IL1R1,0.5563309435607466
TCTCAGCAGCCACTCG-1,Oligo MOG OPALIN,0.9961232602640475
TCTCAGCCAGGCCCTA-1,Endo CLDN5 IL1R1,0.19893279628877508
TCTCCGAAGGTACCTT-1,OPC PDGFRA PCDH15,0.9999999999999629
TCTCCGACAAGTGCTT-1,L2-3 CUX2 ACVR1C THSD7A,0.16527799810318328
TCTCCGAGTATGCGTT-1,Oligo MOG GSN,0.9869128561123004
TCTCTGGCACCGGTCA-1,Endo CLDN5 IL1R1,0.17551474672784384
TCTCTGGGTTGCGGAA-1,OPC PDGFRA PCDH15,0.9999999999999898
TCTCTGGTCATCGGGC-1,InN VIP EXPH5,0.021191720131091184
TCTCTGGTCTGTAACG-1,InN PVALB HPSE,0.025012896122678274
TCTGCCAGTACGAGCA-1,Endo CLDN5 IL1R1,0.09948293759274915
TCTGCCAGTTCTCGCT-1,Endo CLDN5 IL1R1,0.3184121574423158
TCTGGCTCATTCATCT-1,OPC PDGFRA PCDH15,0.9999999999999847
TCTGGCTGTGAGATTA-1,Endo CLDN5 IL1R1,0.03148140209877416
TCTGGCTTCATTGAGC-1,OPC PDGFRA PCDH15,0.9999999439517173
TCTGGCTTCGACCCAG-1,L5-6 FEZF2 NXPH2 GRIK1,0.03910596215617374
TCTGGCTTCGGACTGC-1,InN VIP CLSTN2,0.054180377882544914
TCTGTCGAGAGCAGTC-1,Endo CLDN5 IL1R1,0.09364426041560908
TCTGTCGAGAGGGTAA-1,InN LAMP5 BMP7,0.047342323683019924
TCTGTCGCATTGGGAG-1,InN VIP EXPH5,0.02240004946211866
TCTGTCGTCGCCTATC-1,T SKAP1 CD247,0.999999998269965
TCTTAGTAGTTCACTG-1,Endo CLDN5 IL1R1,0.04737881599547768
TCTTAGTGTCCTGGGT-1,Endo CLDN5 IL1R1,0.10979655913160691
TCTTAGTGTTTACGAC-1,L2-3 CUX2 NTNG1 PALMD,0.020795074895365195
TCTTCCTAGACCGCCT-1,Endo CLDN5 IL1R1,0.046985253004147534
TCTTCCTGTACCGTCG-1,Endo CLDN5 SLC7A5,0.01638365421196545
TCTTCCTTCTCTCTAA-1,Oligo MOG GSN,0.9377194767415874
TCTTGCGCAAGCGCAA-1,Oligo MOG OPALIN,0.9999952919496213
TCTTTGAAGAATGTTG-1,PC P2RY14 GRM8,0.014974775877539499
TCTTTGACACCTGCTT-1,Endo CLDN5 IL1R1,0.07689806370452659
TGAACGTAGCGAGGAG-1,OPC PDGFRA PCDH15,0.9999999999910238
TGAACGTCAAAGGATT-1,Endo CLDN5 IL1R1,0.06109306734672325
TGAATCGCAGTCGGAA-1,Astro GFAP FABP7,0.9881622356211245
TGAATCGCATGACGTT-1,Oligo MOG GSN,0.9993560517113936
TGAATCGGTACGACTT-1,Endo CLDN5 IL1R1,0.028360398702118116
TGAATCGTCCCTATTA-1,OPC PDGFRA PCDH15,0.9999999999974813
TGAATCGTCCCTCGAT-1,Oligo MOG OPALIN,0.8347051758172463
TGAATGCAGATCGCCC-1,Endo CLDN5 IL1R1,0.2354329343852204
TGAATGCCAAGTCCCG-1,Oligo MOG OPALIN,0.9991466109627583
TGAATGCCACCACATA-1,Oligo MOG OPALIN,0.9999680584070637
TGAATGCGTCCGTTTC-1,L3-5 RORB PCBP3 ARHGAP15,0.07545215904629746
TGACAGTCACGTAGTT-1,InN LAMP5 LHX6 PROX1,0.04059614240335689
TGACCCTAGCCTGACC-1,Endo CLDN5 IL1R1,0.08607967589161457
TGACCCTCATGAATCC-1,Endo CLDN5 IL1R1,0.06861444346573764
TGACCCTGTAACAGTA-1,Endo CLDN5 IL1R1,0.09455780617485422
TGACCCTGTAGGTCAG-1,InN VIP EXPH5,0.01954242069731577
TGACGCGCACTTCATT-1,Endo CLDN5 IL1R1,0.14344904113162377
TGACGCGGTTAACCTG-1,OPC PDGFRA PCDH15,0.9999999999464602
TGACGCGTCGCATTGA-1,InN SST FREM1,0.03430439771812188
TGACGCGTCTACTTCA-1,Endo CLDN5 IL1R1,0.15829443574954957
TGACTCCCAGCATTGT-1,InN LAMP5 LHX6 PROX1,0.019460209914827657
TGACTCCGTCCACAGC-1,Endo CLDN5 IL1R1,0.17069222669536804
TGACTCCGTCCCAAAT-1,Endo CLDN5 IL1R1,0.1674954565177472
TGACTCCGTGAACTAA-1,L3-5 RORB PCBP3 ARHGAP15,0.01661796570000823
TGACTCCGTGATGTAA-1,Oligo MOG OPALIN,0.9997107776587144
TGACTCCGTGCCCAGT-1,Endo CLDN5 IL1R1,0.08976676323671906
TGACTCCGTTAAGCAA-1,InN SST ADAMTSL1,0.38585562605012363
TGACTCCGTTTGAACC-1,Endo CLDN5 IL1R1,0.10024260773656908
TGACTCCTCCGAGTGC-1,Endo CLDN5 IL1R1,0.04033215258101569
TGACTCCTCTCCCTAG-1,Oligo MOG OPALIN,0.11546805657453192
TGAGACTCATAGGTAA-1,Astro GFAP AQP1,0.8895807801542306
TGAGACTGTTTGGGAG-1,Endo CLDN5 IL1R1,0.11596870474836699
TGAGCATAGACATATG-1,Oligo MOG OPALIN,0.9994342655424607
TGAGCATCACCCGTAG-1,Astro GFAP AQP1,0.12081556325964053
TGAGCATTCCCATTCG-1,InN VIP EXPH5,0.08003830922775142
TGAGCGCAGTGCCTCG-1,Oligo MOG OPALIN,0.9985634091063481
TGAGCGCGTCAGTCGC-1,OPC PDGFRA PCDH15,0.9999999534271238
TGAGCGCTCGGCTCTT-1,Oligo MOG GSN,0.9998590883317616
TGAGCGCTCGTTCTCG-1,OPC PDGFRA PCDH15,0.999999983721273
TGAGGAGAGACCATGG-1,Oligo MOG GSN,0.9999919179885824
TGAGGAGCAGGACGAT-1,InN SST ADAMTSL1,0.01323868988499712
TGAGTCACAGCGATTT-1,Astro GFAP FABP7,0.9962081855032838
TGAGTCAGTTATGACC-1,Endo CLDN5 IL1R1,0.15632338791893893
TGAGTCATCCCAGCGA-1,Astro GFAP FABP7,0.5395187030682775
TGAGTCATCGTAACCA-1,OPC PDGFRA PCDH15,0.9999999999999982
TGATCAGTCCATCCGT-1,Oligo MOG OPALIN,0.9909675708061992
TGATCTTAGGATGGCT-1,InN SST FREM1,0.008545609733921154
TGATCTTCAGTGCGCT-1,Endo CLDN5 IL1R1,0.05606796725454432
TGATCTTGTCGGAACA-1,Endo CLDN5 IL1R1,0.1979583845358196
TGATCTTTCTGTCGCT-1,Endo CLDN5 IL1R1,0.02825850156865943
TGATGCAAGCGAGGAG-1,Micro P2RY12 APBB1IP,0.06255757045635196
TGATGCAGTACTGACT-1,Oligo MOG OPALIN,0.9375790456062201
TGATGGTCACATCATG-1,InN SST FREM1,0.09506363370948631
TGATGGTCATGCGGTC-1,Astro GFAP AQP1,0.05237511049819001
TGATTCTCACTGTGTA-1,InN LAMP5 BMP7,0.09091508419828569
TGATTTCCAGGCGTTC-1,OPC PDGFRA PCDH15,0.999999999986604
TGATTTCCATCCTTGC-1,Endo CLDN5 IL1R1,0.4318392745039464
TGATTTCTCGGTGAAG-1,Astro GFAP AQP1,0.9919987039135648
TGATTTCTCTTTCCGG-1,OPC PDGFRA PCDH15,0.9999999999999873
TGCACGGCAAGTGTCT-1,InN SST FREM1,0.2106888350699309
TGCACGGGTGATGTAA-1,Oligo MOG OPALIN,0.9799766248146303
TGCACGGTCCGATCGG-1,OPC PDGFRA PCDH15,0.9999999999935008
TGCAGATCACGGTGCT-1,Endo CLDN5 SLC7A5,0.23659459086477932
TGCAGATTCGACCAAT-1,InN SST FREM1,0.020559350161270973
TGCAGGCAGGGCAGAG-1,Endo CLDN5 IL1R1,0.14259166767132841
TGCAGGCTCGAGTCCG-1,OPC PDGFRA PCDH15,0.999994483373234
TGCAGTACAAGTATAG-1,Endo CLDN5 IL1R1,0.10829986293401456
TGCAGTACACTACAGT-1,OPC PDGFRA PCDH15,0.9999999999996168
TGCAGTACATCTCCCA-1,Oligo MOG GSN,0.030507973451403294
TGCAGTATCCTTGAAG-1,Oligo MOG GSN,0.9999991440892727
TGCATCCTCGACGATT-1,Astro GFAP AQP1,0.060122708072710425
TGCATGAAGATGGTCG-1,OPC PDGFRA PCDH15,0.9999999999998272
TGCATGAAGGGTTTCT-1,Endo CLDN5 IL1R1,0.06104582613541799
TGCATGACATGTAACC-1,Astro AQP4 SLC1A2,0.06779575586642012
TGCATGAGTTTGTTCT-1,InN LAMP5 LHX6 PROX1,0.031857020088662064
TGCATGATCCAAGCCG-1,OPC PDGFRA PCDH15,0.9999999999999922
TGCATGATCTCCAAGA-1,Oligo MOG OPALIN,0.9999376338404482
TGCCGAGAGACGATAT-1,L3-5 RORB MKX DCC,0.6880163794541584
TGCCGAGGTCAGGAGT-1,OPC PDGFRA PCDH15,0.9999999999999987
TGCGACGGTAAGATAC-1,Endo CLDN5 IL1R1,0.02241483838916367
TGCGACGGTCCCTAAA-1,Endo CLDN5 IL1R1,0.0548190122899641
TGCGGCAAGCTCGAAG-1,Endo CLDN5 IL1R1,0.07718749204523455
TGCGGCAAGTATGAGT-1,Endo CLDN5 IL1R1,0.0601734935490594
TGCGGCACACTCAAGT-1,Oligo MOG OPALIN,0.9985719618846216
TGCGGCACACTTGAAC-1,Endo CLDN5 IL1R1,0.10643965070485237
TGCGGCACAGCGATTT-1,OPC PDGFRA PCDH15,0.9999999999198763
TGCGGCAGTTATAGAG-1,Endo CLDN5 IL1R1,0.2898512953435897
TGCGGCAGTTCTAACG-1,Oligo MOG OPALIN,0.26263484299810086
TGCGGGTAGTGCTCGC-1,Oligo MOG OPALIN,0.999190210406626
TGCTCCAAGCCTGAGA-1,InN SST ADAMTSL1,0.13221707550753145
TGCTCCAGTACGTAGG-1,Endo CLDN5 IL1R1,0.045753257481522924
TGCTCCATCGGTCACG-1,Oligo MOG OPALIN,0.8962153286631114
TGCTCGTAGAGGACTC-1,Endo CLDN5 IL1R1,0.06896551824166477
TGCTCGTCAAGCACCC-1,Oligo MOG OPALIN,0.9520968831404691
TGCTGAAAGACGAGCT-1,Oligo MOG OPALIN,0.9986334053321962
TGCTGAATCATAGACC-1,Oligo MOG OPALIN,0.1946368998274791
TGCTGAATCGCCGATG-1,Oligo MOG OPALIN,0.9999415781209999
TGCTTCGCACAAATGA-1,Oligo MOG OPALIN,0.30525951572664684
TGCTTCGTCCTACAAG-1,Endo CLDN5 IL1R1,0.006567557583447199
TGCTTGCAGGTCACTT-1,L2-3 CUX2 ACVR1C INHBA,0.6159967913633915
TGCTTGCCAGCGCTTG-1,Oligo MOG OPALIN,0.2332037902966194
TGCTTGCCATAAGCAA-1,OPC PDGFRA PCDH15,0.9999999999999982
TGCTTGCTCCCGATCT-1,Endo CLDN5 IL1R1,0.29815012346476677
TGCTTGCTCTTACTGT-1,Oligo MOG OPALIN,0.9999169281014378
TGGAACTCACTATGTG-1,InN VIP EXPH5,0.029157950951152697
TGGAACTGTTTCTATC-1,Endo CLDN5 IL1R1,0.21273929757662272
TGGAACTTCGGATACT-1,L6 OPRK1 SMYD1 KCND2,0.02946418240245874
TGGAGAGAGGCTAAAT-1,InN SST FREM1,0.11529454391336327
TGGAGAGCAAATTAGG-1,InN LAMP5 LHX6 PROX1,0.05584705733456073
TGGAGAGGTCGCACAC-1,InN LAMP5 BMP7,0.03134397038970882
TGGAGAGGTTTCCAAG-1,InN SST FREM1,0.020822802995515716
TGGAGAGTCGAAGTGG-1,InN SST FREM1,0.03187164095582466
TGGAGGAAGTAACCGG-1,InN LAMP5 LHX6 PROX1,0.022191856924961246
TGGAGGATCCAACCAA-1,OPC PDGFRA PCDH15,0.9999999999999913
TGGAGGATCCGATCGG-1,Endo CLDN5 IL1R1,0.028161731748533893
TGGATCAAGCACACCC-1,Oligo MOG OPALIN,0.9964261057882351
TGGATCAAGCTGGAGT-1,OPC PDGFRA PCDH15,0.9999999999945957
TGGATGTCATTCTGTT-1,Endo CLDN5 IL1R1,0.0792914389353454
TGGATGTGTAGCTTGT-1,VLMC COL1A2 VLMCA8,0.9998570874109117
TGGATGTGTGTATACC-1,Endo CLDN5 IL1R1,0.09586299658166744
TGGATGTTCGGAGTAG-1,InN VIP EXPH5,0.11512895370665442
TGGCGTGCACGACAGA-1,Endo CLDN5 SLC7A5,0.9004671224194244
TGGGAAGGTCCAGCAC-1,Astro GFAP AQP1,0.8219949851970163
TGGGAAGTCACTCCGT-1,InN SST FREM1,0.03298531108087434
TGGGAGAAGGCTGAAC-1,Endo CLDN5 IL1R1,0.07399893690021025
TGGGAGATCTAGGCCG-1,InN SST FREM1,0.029590238889914102
TGGGATTAGCGTCGAA-1,InN ADARB2 PALMD,0.0345619635317897
TGGGATTAGTGTAGAT-1,Astro GFAP AQP1,0.34479555225471586
TGGGATTCATATGCGT-1,InN LAMP5 LHX6 PROX1,0.025526862816767255
TGGGATTGTTGGGCCT-1,Endo CLDN5 IL1R1,0.04594569896873033
TGGGCGTAGAATCTAG-1,Oligo MOG OPALIN,0.9910174037183008
TGGGCGTGTCATGCAT-1,InN SST FREM1,0.4941208265058186
TGGGCGTGTGAATAAC-1,Oligo MOG OPALIN,0.46820682645007844
TGGGCTGGTACTGTTG-1,Endo CLDN5 IL1R1,0.061532442441534885
TGGGCTGTCAGTGCGC-1,InN VIP CLSTN2,0.09242149113927636
TGGGTTAGTAGTCTGT-1,Oligo MOG OPALIN,0.917334729754194
TGGTACACATGTTCGA-1,Endo CLDN5 IL1R1,0.06602884815702936
TGGTACAGTCATATGC-1,InN PVALB HPSE,0.05328099342847966
TGGTACAGTTTGGGAG-1,Endo CLDN5 IL1R1,0.02881386380369902
TGGTACATCCTATTTG-1,Endo CLDN5 IL1R1,0.17994532977745112
TGGTAGTCACAATTCG-1,Oligo MOG OPALIN,0.9994854070172287
TGGTAGTGTGATTGGG-1,Oligo MOG OPALIN,0.9999746145000817
TGGTAGTGTTGACTGT-1,PC P2RY14 GRM8,0.9998849982498245
TGGTGATGTAAGTCAA-1,Endo CLDN5 IL1R1,0.044005667085280226
TGGTGATGTGACAGGT-1,L2-3 CUX2 ACVR1C THSD7A,0.27714003826397954
TGGTGATTCGCTAGCG-1,Endo CLDN5 IL1R1,0.2683472671494677
TGGTTAGAGCGACAGT-1,Oligo MOG OPALIN,0.9999508413570547
TGGTTAGAGGGAGGAC-1,InN LAMP5 LHX6 PROX1,0.05024410272133428
TGGTTAGAGGTAAACT-1,Endo CLDN5 IL1R1,0.20403527507133473
TGGTTAGTCAGACCTA-1,OPC PDGFRA PCDH15,0.9999999999999807
TGGTTAGTCATGAGAA-1,Endo CLDN5 IL1R1,0.03900527155838624
TGGTTAGTCGAAGCCC-1,InN SST FREM1,0.5384989581512737
TGTAACGAGCTGACAG-1,InN SST FREM1,0.13749526780273827
TGTAAGCTCTGTCGTC-1,InN VIP EXPH5,0.03783549886112174
TGTACAGCATTCACAG-1,Endo CLDN5 IL1R1,0.05326845979763634
TGTAGACAGAAAGCGA-1,Endo CLDN5 IL1R1,0.025599364655204675
TGTAGACAGTTGGAAT-1,Endo CLDN5 IL1R1,0.1648929954571134
TGTAGACCAGTTGAAA-1,OPC PDGFRA PCDH15,0.9999999999999643
TGTAGACGTCCATAGT-1,InN ADARB2 PALMD,0.013899148495864308
TGTAGACTCTCTCGAC-1,Endo CLDN5 IL1R1,0.02004975467701474
TGTCAGAAGACCGTTT-1,Endo CLDN5 IL1R1,0.039057441696321984
TGTCAGACACTAGAGG-1,Endo CLDN5 IL1R1,0.3827263719355766
TGTCAGACAGTTCTAG-1,InN VIP EXPH5,0.02600478834666693
TGTCAGACATAAGATG-1,Endo CLDN5 IL1R1,0.4910201527396717
TGTCCACAGATAGCAT-1,L2-3 CUX2 ACVR1C THSD7A,0.035550863901977724
TGTCCACGTTGAGGAC-1,Oligo MOG OPALIN,0.9999790864977138
TGTCCCATCTACTATC-1,Endo CLDN5 IL1R1,0.13164653315310526
TGTCCTGCATAACCCA-1,L2-3 CUX2 ACVR1C THSD7A,0.08681131968249377
TGTCCTGCATCGGCCA-1,L2-3 CUX2 NTNG1 PALMD,0.049620490536261865
TGTCCTGGTATAATGG-1,OPC PDGFRA PCDH15,0.9999999999999971
TGTGAGTCACAAATCC-1,Endo CLDN5 IL1R1,0.010617953202948272
TGTGAGTCAGAGGGTT-1,InN VIP EXPH5,0.08489462404835615
TGTGAGTGTTGTTGCA-1,OPC PDGFRA PCDH15,0.9999993789987798
TGTGATGCAAATGGTA-1,InN SST FREM1,0.05561699067075597
TGTGATGCATCAACCA-1,L2-3 CUX2 ACVR1C THSD7A,0.0766848151101125
TGTGATGTCATCTATC-1,Endo CLDN5 IL1R1,0.06088305533709867
TGTGCGGGTGTCGATT-1,InN SST FREM1,0.06342362305790075
TGTGCGGTCAGTCACA-1,Endo CLDN5 SLC7A5,0.46250049532439746
TGTGGCGCATCCTGTC-1,InN LAMP5 LHX6 PROX1,0.017134955542335295
TGTGGCGGTAACATGA-1,Endo CLDN5 IL1R1,0.06313173231081182
TGTGGCGGTACACGTT-1,Endo CLDN5 IL1R1,0.0446541846942551
TGTGGCGGTACTAACC-1,L2-3 CUX2 NTNG1 PALMD,0.0784872596373012
TGTGTGAAGACCATGG-1,Astro AQP4 SLC1A2,0.3156666081546365
TGTTACTCATATACCG-1,Endo CLDN5 IL1R1,0.08203042600128943
TGTTACTTCATACGAC-1,Endo CLDN5 IL1R1,0.42312242337095896
TGTTCATCAGCCTATA-1,InN SST FREM1,0.09146771984788565
TGTTCATTCCTGGCTT-1,PC P2RY14 GRM8,0.999999998394036
TGTTCCGAGGACTTCT-1,OPC PDGFRA PCDH15,0.999999999999754
TGTTCCGAGTAGTCAA-1,InN LAMP5 BMP7,0.13307054943421115
TGTTCCGCAATTGGTC-1,Oligo MOG OPALIN,0.999986033130543
TGTTCTAGTCATTGCA-1,Oligo MOG GSN,0.9996657449832124
TGTTCTAGTGAGATTA-1,InN SST FREM1,0.09468045802643708
TGTTCTATCTTACCGC-1,Oligo MOG GSN,0.8111747292982158
TGTTGAGCAACCCTCT-1,L3-5 RORB GABRG1 PTPRO,0.5737356932232249
TGTTGAGTCCCGTAAA-1,Endo CLDN5 IL1R1,0.12919299862513353
TGTTGGACACCCAACG-1,Endo CLDN5 IL1R1,0.16459176216040278
TGTTGGATCCCGTGAG-1,Endo CLDN5 IL1R1,0.4975667312684996
TGTTTGTAGGTTCACT-1,Endo CLDN5 IL1R1,0.05048940279286265
TGTTTGTCAGGATTCT-1,Endo CLDN5 IL1R1,0.38353736884684253
TGTTTGTGTGTTCCAA-1,Oligo MOG OPALIN,0.6795044885377616
TGTTTGTTCCTATTGT-1,Endo CLDN5 IL1R1,0.08073825699549672
TGTTTGTTCGAAGCAG-1,Oligo MOG GSN,0.9999593336928592
TTAATCCTCGCTCCTA-1,Endo CLDN5 IL1R1,0.0823794633225471
TTACAGGCACAACGTT-1,Endo CLDN5 IL1R1,0.12439980395322038
TTACAGGCACTGTCGG-1,Oligo MOG OPALIN,0.9992885486856568
TTACAGGGTGTGACCC-1,Oligo MOG OPALIN,0.43470949914551543
TTACAGGTCAGTGGGA-1,InN LAMP5 BMP7,0.062024521496454474
TTACCGCAGGGTAATT-1,Endo CLDN5 IL1R1,0.5801208895602891
TTACCGCCAACTGATC-1,Endo CLDN5 IL1R1,0.28070545203571456
TTACCGCCAATTGAAG-1,Astro AQP4 SLC1A2,0.1766291708133597
TTACCGCCATCCAACA-1,Oligo MOG OPALIN,0.35613293935912493
TTACCGCGTTCCGGTG-1,Endo CLDN5 IL1R1,0.10970717982491744
TTACCGCGTTGGGTTT-1,Endo CLDN5 IL1R1,0.12716941144605853
TTACGCCAGATGTTCC-1,Endo CLDN5 IL1R1,0.1696501004050647
TTACGCCAGTAGGATT-1,Endo CLDN5 IL1R1,0.034005702528158925
TTACGCCCAATCAAGA-1,Endo CLDN5 IL1R1,0.09457082159523783
TTACGCCCAGGGATAC-1,Oligo MOG OPALIN,0.9406193504051698
TTACGCCTCTGAGGCC-1,InN VIP EXPH5,0.06652471208186754
TTACGTTAGAATCTAG-1,Endo CLDN5 IL1R1,0.03521633153960718
TTACGTTCATAACAGA-1,PC P2RY14 GRM8,0.37949217354387826
TTACGTTTCCATCTAT-1,OPC PDGFRA PCDH15,0.999999999999988
TTACGTTTCGAAGTGG-1,OPC PDGFRA PCDH15,0.9999999999870908
TTACGTTTCTGCTTTA-1,Endo CLDN5 IL1R1,0.2946749008739868
TTACTGTCAAGAGAGA-1,Oligo MOG OPALIN,0.9966016418142973
TTACTGTCATCCGTGG-1,Endo CLDN5 IL1R1,0.0636036625047182
TTACTGTGTAAGTAGT-1,T SKAP1 CD247,0.9996253513909061
TTACTGTGTATGTCCA-1,L3-5 RORB PCBP3 ARHGAP15,0.07755980809080631
TTACTGTTCCACGGAC-1,Oligo MOG OPALIN,0.9998650538609485
TTAGGCACACCATAAC-1,Endo CLDN5 IL1R1,0.15353802233556896
TTAGGCAGTGGGTCAA-1,OPC PDGFRA PCDH15,0.9999999907318063
TTAGGCATCCCGTGAG-1,L2-3 CUX2 ACVR1C THSD7A,0.08349895339871835
TTAGGCATCTCTAGGA-1,Astro AQP4 SLC1A2,0.027898848264103056
TTAGGGTCAAGCGAGT-1,Oligo MOG OPALIN,0.05734600837763771
TTAGGGTCAGCGATTT-1,Oligo MOG GSN,0.999999999809805
TTAGGGTGTCACGTGC-1,Endo CLDN5 IL1R1,0.06360832653904491
TTAGGGTGTCACTGAT-1,Oligo MOG GSN,0.06402941005605003
TTAGGGTGTCCTGAAT-1,Oligo MOG OPALIN,0.9999365818815404
TTAGTCTAGACCACGA-1,InN LAMP5 BMP7,0.010422210751893651
TTAGTCTAGGATACAT-1,Oligo MOG OPALIN,0.9983088117691139
TTAGTCTCACATCCCT-1,Endo CLDN5 IL1R1,0.21838858286445173
TTAGTCTGTACGATTC-1,InN SST FREM1,0.04673931830425728
TTAGTCTTCGGCTCTT-1,Oligo MOG GSN,0.9823031992246979
TTATTGCAGCCTTTCC-1,InN LAMP5 BMP7,0.032575476049041874
TTATTGCCAGCAGTAG-1,Endo CLDN5 IL1R1,0.43839765835402245
TTATTGCGTTGCAACT-1,OPC PDGFRA PCDH15,0.9999999999999676
TTATTGCTCATTGCCC-1,Endo CLDN5 IL1R1,0.01941315131381811
TTATTGCTCCGGTAGC-1,Endo CLDN5 IL1R1,0.09452950863775976
TTCAATCAGGCTTTCA-1,Endo CLDN5 IL1R1,0.39762728771250416
TTCAATCGTCTTCATT-1,Endo CLDN5 IL1R1,0.11371553333948743
TTCAATCTCGTCGACG-1,Endo CLDN5 IL1R1,0.07124533507616322
TTCACCGAGACAGCTG-1,OPC PDGFRA PCDH15,0.999999999999992
TTCACCGGTGCTGCAC-1,InN LAMP5 LHX6 PROX1,0.1858322986637351
TTCACGCGTGACAGGT-1,Endo CLDN5 IL1R1,0.09323947189583356
TTCACGCGTGCCTGAC-1,Astro AQP4 SLC1A2,0.18971504913189932
TTCAGGAAGCATGAAT-1,Endo CLDN5 IL1R1,0.22726544552594494
TTCAGGACACGGTGTC-1,Endo CLDN5 IL1R1,0.04959758195907114
TTCAGGACACTTGTGA-1,Oligo MOG OPALIN,0.9993877008208862
TTCAGGACAGCTCATA-1,Oligo MOG GSN,0.5277358465095958
TTCAGGAGTGCCCTTT-1,InN SST FREM1,0.12384910670408716
TTCAGGAGTTCAGTAC-1,Endo CLDN5 IL1R1,0.08195893402650932
TTCAGGAGTTGGATCT-1,Endo CLDN5 IL1R1,0.055405731000219054
TTCAGGATCGTCTCAC-1,Endo CLDN5 IL1R1,0.11329517784786942
TTCAGGATCTCAATCT-1,Endo CLDN5 IL1R1,0.11066137919229299
TTCATGTCACCATTCC-1,Endo CLDN5 IL1R1,0.44343691421215664
TTCATTGGTTTGCCGG-1,OPC PDGFRA PCDH15,0.9999999999999984
TTCATTGTCTATTCGT-1,InN VIP CLSTN2,0.017908844811412937
TTCCAATGTCTGATCA-1,Endo CLDN5 IL1R1,0.16291573272890433
TTCCAATGTTGCATGT-1,L5-6 FEZF2 NXPH2 GRIK1,0.03066820145158667
TTCCAATGTTTACGAC-1,InN SST ADAMTSL1,0.04270170740697668
TTCCAATTCCATTTGT-1,L2-3 CUX2 NTNG1 PALMD,0.03393113796733517
TTCCAATTCTAAGCGT-1,OPC PDGFRA PCDH15,0.9999999999977025
TTCCACGAGCGTACAG-1,OPC PDGFRA PCDH15,0.999999999999996
TTCCACGCACCGCTAG-1,Endo CLDN5 IL1R1,0.04783382499387056
TTCCACGCAGGGCTTC-1,Oligo MOG OPALIN,0.9999977227194201
TTCCGGTAGAGGGTGG-1,Endo CLDN5 IL1R1,0.043275016751411106
TTCCGGTCACCTTCCA-1,Endo CLDN5 IL1R1,0.040339127214734226
TTCCGTGGTGAGATCG-1,Endo CLDN5 IL1R1,0.10192426105643777
TTCCGTGGTTTGATCG-1,Oligo MOG OPALIN,0.4088419812245004
TTCCTAAGTACAATAG-1,Astro GFAP AQP1,0.1996640753141295
TTCCTAAGTAGTAAGT-1,InN VIP EXPH5,0.1462015130009729
TTCCTCTTCAAGAAAC-1,Endo CLDN5 IL1R1,0.04397929112579682
TTCCTCTTCGATCCCT-1,Endo CLDN5 IL1R1,0.044414350473473904
TTCCTTCTCGCAATTG-1,OPC PDGFRA PCDH15,0.9999999999999725
TTCGATTAGGGCCAAT-1,OPC PDGFRA PCDH15,0.9999999999930298
TTCGATTCAAATGATG-1,InN VIP CLSTN2,0.21539450719586584
TTCGATTGTAGTTCCA-1,InN LAMP5 LHX6 PROX1,0.04943078639347986
TTCGATTTCGATTCCC-1,Endo CLDN5 IL1R1,0.04858592501883227
TTCGCTGAGTATGACA-1,Oligo MOG OPALIN,0.999850687667925
TTCGCTGCATCAGCTA-1,Endo CLDN5 IL1R1,0.21999047093753776
TTCGCTGCATGTCTAG-1,Astro GFAP AQP1,0.9710974241763952
TTCGCTGGTATCGTTG-1,Oligo MOG OPALIN,0.8242217487440083
TTCGCTGGTTAGTTCG-1,InN VIP EXPH5,0.32304770284174256
TTCGCTGTCATTCGGA-1,Endo CLDN5 IL1R1,0.042430326869197434
TTCGGTCAGGAGAGTA-1,InN LAMP5 LHX6 PROX1,0.04901766184600169
TTCGGTCGTTCATCGA-1,Endo CLDN5 IL1R1,0.13888764178455718
TTCGGTCTCACCTCGT-1,InN VIP EXPH5,0.058792160992857535
TTCGGTCTCGCTTGAA-1,OPC PDGFRA PCDH15,0.999999999996785
TTCTAACCACTGTTCC-1,Oligo MOG GSN,0.9999997977572777
TTCTAACTCCACTTTA-1,Astro GFAP AQP1,0.4488509630396462
TTCTAACTCGACGTCG-1,Oligo MOG OPALIN,0.9999358552925081
TTCTAGTTCCCGTTCA-1,Endo CLDN5 IL1R1,0.06941807945544551
TTCTCTCAGCCTTTCC-1,Endo CLDN5 IL1R1,0.18587089157666117
TTCTCTCTCGTTAGAC-1,Oligo MOG GSN,0.9999989450996464
TTCTGTAAGTGGTGGT-1,InN LAMP5 BMP7,0.05127213899132855
TTCTGTAGTACCAGAG-1,Endo CLDN5 IL1R1,0.16117047000264084
TTCTGTAGTCCAGTTA-1,InN VIP EXPH5,0.06303211898124049
TTCTGTAGTCGATTCA-1,Endo CLDN5 IL1R1,0.03693098670264877
TTCTGTATCAGTGTTG-1,InN VIP EXPH5,0.10467241435636139
TTCTTCCTCGGTGAAG-1,Endo CLDN5 IL1R1,0.10684001294145817
TTCTTGAAGCAGTAAT-1,Oligo MOG OPALIN,0.999999460574687
TTCTTGAAGCTGTTAC-1,PC P2RY14 GRM8,0.0624827407876555
TTCTTGACAAATGAGT-1,InN VIP EXPH5,0.08903085203419585
TTCTTGACATAGATGA-1,Endo CLDN5 IL1R1,0.4628046596308164
TTCTTGAGTCTAACTG-1,Oligo MOG OPALIN,0.9928551265623892
TTGAACGAGTACGTCT-1,Endo CLDN5 IL1R1,0.2774582448562812
TTGAACGAGTCCCAGC-1,Oligo MOG OPALIN,0.9999928212481987
TTGAACGAGTTGGAAT-1,OPC PDGFRA PCDH15,0.999999999920886
TTGAACGCACGTCGTG-1,T SKAP1 CD247,0.9999999956424426
TTGAACGTCAGTGTCA-1,InN PVALB SYT2,0.27551366089032675
TTGACCCAGCCAAGCA-1,PC P2RY14 GRM8,0.9998573978408111
TTGATGGAGGCGTTGA-1,Astro AQP4 OSMR,0.03774112474682465
TTGATGGCATTACTCT-1,Endo CLDN5 IL1R1,0.04610676412693145
TTGCATTAGGGATCTG-1,Micro P2RY12 APBB1IP,0.00831423886715024
TTGCATTAGTAGGGTC-1,L5-6 FEZF2 NXPH2 GRIK1,0.07521514379734884
TTGCATTCAACTTGCA-1,Endo CLDN5 IL1R1,0.06645550627558651
TTGCCTGAGAGTCTTC-1,L6 OPRK1 SMYD1 KCND2,0.015497288780151887
TTGCCTGAGCTGAAGC-1,OPC PDGFRA PCDH15,0.999999999999998
TTGCCTGGTGTTGACT-1,Astro GFAP AQP1,0.44308105961915933
TTGCCTGTCCCAATAG-1,Endo CLDN5 IL1R1,0.051952798087072684
TTGCGTCGTATGCTAC-1,OPC PDGFRA PCDH15,0.9999995973171877
TTGCGTCTCAATGTCG-1,Endo CLDN5 IL1R1,0.012248156174817065
TTGCTGCAGTCATTGC-1,InN SST FREM1,0.14829352634403878
TTGCTGCCAGCTGTTA-1,L2-3 CUX2 NTNG1 COL5A2,0.24189659348532117
TTGCTGCGTATGTGTC-1,Astro GFAP AQP1,0.15052713967081935
TTGCTGCGTCCACAGC-1,Oligo MOG GSN,0.9999839857186756
TTGGATGAGCTGCCAC-1,InN SST FREM1,0.08881195906037438
TTGGATGAGGCTTAAA-1,Oligo MOG OPALIN,0.11517587337543835
TTGGATGAGTCAGCGA-1,Endo CLDN5 IL1R1,0.21285284144498084
TTGGATGGTGATATAG-1,Oligo MOG OPALIN,0.9528984734393217
TTGGATGTCAACCCGG-1,InN PVALB SYT2,0.13340835721888086
TTGGGATTCCAACTGA-1,Endo CLDN5 IL1R1,0.09471699220188355
TTGGGATTCGACACCG-1,OPC PDGFRA PCDH15,0.9999999953478451
TTGGGCGAGGCTTAGG-1,Endo CLDN5 IL1R1,0.09159701943494895
TTGGGCGCAGTTACCA-1,InN SST ADAMTSL1,0.009843531196873229
TTGGGTAAGCGAGTAC-1,Endo CLDN5 IL1R1,0.06244846540047188
TTGGGTATCTGGTCAA-1,InN LAMP5 LHX6 PROX1,0.016692462059878496
TTGGTTTAGGGCCTCT-1,Endo CLDN5 IL1R1,0.19079673714895137
TTGGTTTCAATGTCAC-1,InN VIP CLSTN2,0.02444659664277689
TTGGTTTCACACGTGC-1,OPC PDGFRA PCDH15,0.9999999999934208
TTGGTTTGTCCTCCTA-1,Endo CLDN5 IL1R1,0.04494058680989621
TTGGTTTGTTTCGTAG-1,OPC PDGFRA PCDH15,0.9999999999988973
TTGTGGAAGACGCAGT-1,L2-3 CUX2 ACVR1C THSD7A,0.053351616397716684
TTGTGGACAATTGGTC-1,Endo CLDN5 IL1R1,0.490370164374901
TTGTGGACATTGTCGA-1,InN LAMP5 LHX6 PROX1,0.015271483408327732
TTGTGGAGTGATTCAC-1,Endo CLDN5 IL1R1,0.06527677242564207
TTGTGGAGTTTACCTT-1,Endo CLDN5 IL1R1,0.40034092390866205
TTGTGTTCAAGAGTGC-1,InN VIP EXPH5,0.46700788394622783
TTGTGTTGTCTTTCAT-1,Endo CLDN5 IL1R1,0.4096373508803871
TTGTGTTTCAGAGTGG-1,InN LAMP5 LHX6 PROX1,0.048641746828155974
TTGTGTTTCATGCCCT-1,Oligo MOG OPALIN,0.9242103218808875
TTGTGTTTCGGTCGGT-1,InN LAMP5 LHX6 PROX1,0.09847997980123777
TTGTTCACAACCGATT-1,Endo CLDN5 IL1R1,0.6256215692088205
TTGTTCACAGCACAGA-1,InN PVALB HPSE,0.02331270956066064
TTGTTCACAGCGCGTT-1,OPC PDGFRA PCDH15,0.9999999999998264
TTGTTCATCGCTCCTA-1,OPC PDGFRA PCDH15,0.999999999999976
TTGTTCATCTATGCCC-1,Endo CLDN5 IL1R1,0.02245376748598273
TTGTTGTCAATCCAGT-1,Endo CLDN5 IL1R1,0.13627072269611049
TTGTTGTGTAGCACGA-1,Endo CLDN5 IL1R1,0.2678211245353847
TTGTTTGCAAGAGTTA-1,OPC PDGFRA PCDH15,0.9999999999930991
TTGTTTGTCTACTGAG-1,SMC ACTA2 CNN1,0.6530263583859907
TTTACCACAGTCTACA-1,Endo CLDN5 IL1R1,0.2107756485024604
TTTACTGAGGTAAAGG-1,Endo CLDN5 IL1R1,0.01504705044001038
TTTACTGCACGCAGTC-1,L2-4 CUX2 RORB CLMN,0.06229363085407261
TTTACTGGTTCGTAAC-1,Endo CLDN5 IL1R1,0.24772676570934204
TTTACTGGTTCGTTCC-1,Endo CLDN5 IL1R1,0.17799084010821467
TTTACTGTCCATGATG-1,L3-5 RORB PCBP3 ARHGAP15,0.012179352296510928
TTTACTGTCTATTCGT-1,InN VIP EXPH5,0.07078668479524203
TTTAGTCCACCGGCTA-1,Oligo MOG OPALIN,0.9999980410563089
TTTAGTCGTACTGGGA-1,Oligo MOG OPALIN,0.9995689168714461
TTTAGTCTCCCAAGCG-1,OPC PDGFRA PCDH15,0.9999999999997218
TTTATGCAGGCGATAC-1,L2-3 CUX2 NTNG1 PALMD,0.0062419191692256685
TTTATGCCAATAACCC-1,InN LAMP5 LHX6 PROX1,0.023961793690773843
TTTATGCCATCCCACT-1,Oligo MOG FRY,0.9996530157147046
TTTATGCTCCAAGCTA-1,InN VIP EXPH5,0.17635641879069996
TTTCACAAGCCGATTT-1,Endo CLDN5 IL1R1,0.019363760557506507
TTTCACAGTGCCCACA-1,Endo CLDN5 IL1R1,0.2187809094735414
TTTCACATCACGACTA-1,InN VIP EXPH5,0.029179987226049395
TTTCACATCATCCTGC-1,OPC PDGFRA PCDH15,0.9999999999962985
TTTCACATCATTGTGG-1,L3-5 RORB PCBP3 ARHGAP15,0.03069360946233189
TTTCAGTCAGACACAG-1,Oligo MOG OPALIN,0.9796865066138336
TTTCAGTGTGCATTAC-1,Micro P2RY12 APBB1IP,0.041866538725312846
TTTCAGTGTTCGATTG-1,L2-3 CUX2 NTNG1 COL5A2,0.06612256216366431
TTTCATGAGCCATCCG-1,Endo CLDN5 IL1R1,0.0415996223536922
TTTCATGGTAACGGTG-1,InN VIP EXPH5,0.09845411012307569
TTTCATGGTGAGTAAT-1,Micro P2RY12 GLDN,0.11821370601112262
TTTCCTCAGATTACCC-1,Oligo MOG OPALIN,0.6546744081206158
TTTCCTCCAATCAAGA-1,Endo CLDN5 IL1R1,0.029296092329691076
TTTCCTCCATTAAAGG-1,Oligo MOG GSN,0.9999999751977555
TTTCGATAGTCTGTAC-1,OPC PDGFRA PCDH15,0.9999999999998652
TTTGACTAGTCGGGAT-1,Endo CLDN5 IL1R1,0.21776962847818646
TTTGACTGTTCCTAGA-1,L2-3 CUX2 ACVR1C THSD7A,0.25652865123733926
TTTGACTTCCTTACCG-1,Endo CLDN5 IL1R1,0.22077756450295793
TTTGATCAGAGTTGAT-1,OPC PDGFRA PCDH15,0.9999999999801206
TTTGATCAGCGGTAGT-1,Endo CLDN5 IL1R1,0.10721336452756881
TTTGATCTCCGTAGTA-1,L3-5 RORB GABRG1 KCNH7,0.01860208836396968
TTTGGAGGTTGTATGC-1,Oligo MOG OPALIN,0.9999994624102319
TTTGGTTAGCATCAAA-1,Endo CLDN5 IL1R1,0.07102336446317727
TTTGGTTGTTACGATC-1,Endo CLDN5 IL1R1,0.00983245389320156
TTTGGTTTCCCATAAG-1,Endo CLDN5 IL1R1,0.06293549506123754
TTTGGTTTCGCTTGCT-1,Endo CLDN5 IL1R1,0.043741679024282186
TTTGTTGCAGTTAGGG-1,Endo CLDN5 IL1R1,0.48519998982151774
