,ctpt_individual_prediction,ctpt_confidence
AAACCCAAGGTCACCC-1,Endo CLDN5 SLC7A5,0.05257060527897396
AAACCCACATAAGCAA-1,L2-3 CUX2 NTNG1 PALMD,0.25844607353850313
AAACCCACATGGCCAC-1,L3-5 RORB GABRG1 PLCH1,0.03258499136966438
AAACCCAGTGTCCCTT-1,Oligo MOG OPALIN,0.5299567817975539
AAACCCATCACAATGC-1,OPC PDGFRA PCDH15,0.027435735783523055
AAACCCATCCGCTGTT-1,L2-3 CUX2 NTNG1 COL5A2,0.1747157405640676
AAACCCATCTAACACG-1,L3-5 RORB MKX DCC,0.904216221065203
AAACGAACAGGGACTA-1,Endo CLDN5 SLC7A5,0.6751677946569459
AAACGCTAGTAATCCC-1,Endo CLDN5 SLC7A5,0.834507119808207
AAACGCTAGTGCCGAA-1,L3-5 RORB MKX GRIN3A,0.06680027419938714
AAACGCTCATATTCGG-1,Endo CLDN5 SLC7A5,0.9562361241302098
AAACGCTGTATTCTCT-1,Oligo MOG OPALIN,0.9887873313655622
AAACGCTGTCTGCCTT-1,Oligo MOG OPALIN,0.9999956949377724
AAACGCTGTTCGGCCA-1,InN SST STK32A,0.9992730436297821
AAACGCTTCGATGGAG-1,L2-3 CUX2 NTNG1 PALMD,0.6540764676795061
AAAGAACAGAAGCCTG-1,Endo CLDN5 SLC7A5,0.6669926299629535
AAAGAACCAGTAACGG-1,Endo CLDN5 SLC7A5,0.8484800685612127
AAAGAACGTCGCTGCA-1,L2-3 CUX2 NTNG1 PALMD,0.105132332664086
AAAGAACGTTAAACAG-1,Endo CLDN5 SLC7A5,0.3410064071599065
AAAGAACTCTGTGCGG-1,Oligo MOG OPALIN,0.2528045704877704
AAAGGATAGATGCCGA-1,L6 FEZF2 NPFFR2 KCNK2,0.025282811971444327
AAAGGATCAAGTGGTG-1,Endo CLDN5 SLC7A5,0.18928186481282813
AAAGGATCACAAGCAG-1,L3-5 RORB MKX GRIN3A,0.7551565774594213
AAAGGATCAGCTACTA-1,Endo CLDN5 SLC7A5,0.9484439214054835
AAAGGATTCCAAGCAT-1,Endo CLDN5 SLC7A5,0.375962128062599
AAAGGATTCTGGTGGC-1,Endo CLDN5 SLC7A5,0.20102028225819202
AAAGGGCCATACACCA-1,L2-3 CUX2 NTNG1 PALMD,0.6950738843047375
AAAGGGCTCAACACCA-1,L2-3 CUX2 NTNG1 PALMD,0.021330551965977374
AAAGGTAAGCCTGAAG-1,Astro AQP4 SLC1A2,0.8855361591063985
AAAGGTAAGCGATCGA-1,Oligo MOG OPALIN,0.20952056342091785
AAAGGTAGTTGAGGAC-1,Micro P2RY12 CCL3,0.6770549146288218
AAAGGTATCCTACCAC-1,L3-5 RORB GABRG1 KCNH7,0.12954786383498548
AAAGGTATCTACTATC-1,Endo CLDN5 SLC7A5,0.7751023801434693
AAAGTCCAGGCAATGC-1,Oligo MOG OPALIN,0.3303952562564815
AAAGTCCCAACAGCTT-1,Astro GFAP FABP7,0.9999603893826985
AAAGTCCCAACCAATC-1,Endo CLDN5 SLC7A5,0.6563821310161141
AAAGTCCCAGCCTATA-1,L3-5 RORB PCBP3 ARHGAP15,0.3369913454432477
AAAGTCCCATAGACTC-1,Endo CLDN5 SLC7A5,0.5825032561420302
AAAGTCCTCTAGTTCT-1,Endo CLDN5 SLC7A5,0.23528351210145948
AAAGTGAAGGCCTGAA-1,Oligo MOG OPALIN,0.2943389656828781
AAAGTGACAACTTGGT-1,SMC ACTA2 CNN1,0.992964827451233
AAAGTGACAATTTCGG-1,Endo CLDN5 SLC7A5,0.31852522457267995
AAAGTGACACTCATAG-1,Astro AQP4 SLC1A2,0.10774056944319324
AAAGTGACAGCTACAT-1,SMC ACTA2 CNN1,0.7329749693327259
AAAGTGACAGCTCCTT-1,Endo CLDN5 SLC7A5,0.8408902032613959
AAAGTGAGTTACCTTT-1,L2-3 CUX2 NTNG1 COL5A2,0.056394667538028694
AAAGTGAGTTATCCAG-1,L2-3 CUX2 NTNG1 PALMD,0.315213532254432
AAAGTGAGTTGTAAAG-1,L3-5 RORB MKX DCC,0.015416360374059832
AAATGGAAGAGCATTA-1,Endo CLDN5 SLC7A5,0.793246357732527
AAATGGACAACGAGGT-1,Endo CLDN5 SLC7A5,0.890177627052362
AAATGGACACGCTTAA-1,Endo CLDN5 SLC7A5,0.7882661035266072
AAATGGACATAGTCAC-1,Endo CLDN5 SLC7A5,0.8700790779136183
AAATGGATCAGAGTTC-1,Oligo MOG OPALIN,0.1788284150209793
AAATGGATCGCTATTT-1,Endo CLDN5 SLC7A5,0.2701586055770675
AACAAAGAGGGTTAGC-1,L2-3 CUX2 NTNG1 PALMD,0.04859892445478237
AACAAAGCATTGCTTT-1,Endo CLDN5 SLC7A5,0.9999727595346685
AACAAAGGTGCCTGCA-1,Astro AQP4 SLC1A2,0.9867133033007829
AACAAAGTCGGAATGG-1,Endo CLDN5 SLC7A5,0.8262666968392804
AACAAAGTCTGAGTCA-1,Endo CLDN5 SLC7A5,0.05165069871778956
AACAACCAGTTAGTGA-1,L3-5 RORB GABRG1 PTPRO,0.03159796524775068
AACAACCCACCTGTCT-1,Endo CLDN5 SLC7A5,0.013554527684718721
AACAACCGTATCACGT-1,L2-3 CUX2 NTNG1 PLCH1,0.30999639939175405
AACAACCGTGTATTGC-1,Oligo MOG OPALIN,0.5096354526863313
AACAACCGTTTGAACC-1,Endo CLDN5 SLC7A5,0.029681373947573
AACAACCTCACACCCT-1,SMC ACTA2 CYP1B1,0.022943074066564418
AACAAGAAGATTACCC-1,InN SST FREM1,0.029240624261594638
AACAAGAGTATGCTAC-1,Endo CLDN5 SLC7A5,0.919955671035497
AACACACAGCCTTCTC-1,L2-3 CUX2 NTNG1 PALMD,0.14385184916588142
AACACACAGTCAAGCG-1,Endo CLDN5 SLC7A5,0.3149975157337181
AACACACCACATATCG-1,OPC PDGFRA PCDH15,0.9999999999998823
AACACACGTCGTGCCA-1,Oligo MOG OPALIN,0.9252294320957036
AACACACGTGGGCTCT-1,Endo CLDN5 SLC7A5,0.658357144818942
AACACACTCAAAGACA-1,PC P2RY14 GRM8,0.9997430003640855
AACACACTCCTATGGA-1,Endo CLDN5 SLC7A5,0.2302057097922569
AACAGGGAGAATCGTA-1,Endo CLDN5 SLC7A5,0.332769977865119
AACAGGGAGGGCTGAT-1,Oligo MOG OPALIN,0.05631565958888431
AACAGGGCATTCTCCG-1,InN SST ADAMTSL1,0.042203336138471624
AACAGGGTCATAGCAC-1,InN PVALB HPSE,0.14467340599645645
AACAGGGTCGGTCTAA-1,Oligo MOG OPALIN,0.9372499888051092
AACCAACAGCGCTGAA-1,L3-5 RORB MKX DCC,0.9836995245390009
AACCAACAGGCAATGC-1,Endo CLDN5 SLC7A5,0.3498922252217797
AACCAACAGTGGAAAG-1,Endo CLDN5 SLC7A5,0.13440557831462585
AACCAACCACGAGAAC-1,Endo CLDN5 SLC7A5,0.7082876070754992
AACCAACCAGTTGAAA-1,InN PVALB ANOS1,0.026030275158757048
AACCAACGTATCTCTT-1,Endo CLDN5 SLC7A5,0.9885824594086624
AACCAACGTTACCTGA-1,Endo CLDN5 SLC7A5,0.6016761303862908
AACCAACTCCTCTCGA-1,InN SST PLPP4,0.9191926478601256
AACCAACTCGTTACCC-1,OPC PDGFRA PCDH15,0.9576740687925802
AACCAACTCTGCCTGT-1,Endo CLDN5 SLC7A5,0.317197524082027
AACCACAAGGGTATAT-1,Oligo MOG OPALIN,0.8754426523550097
AACCACACACGTATAC-1,Micro P2RY12 APBB1IP,0.02949073443545937
AACCACACATCGCTAA-1,Oligo MOG OPALIN,0.9904955620103741
AACCACAGTTTGATCG-1,Endo CLDN5 SLC7A5,0.10385904724576792
AACCACATCTCCGAGG-1,Endo CLDN5 SLC7A5,0.24860934310521476
AACCACATCTCTTCAA-1,Endo CLDN5 SLC7A5,0.09215539370708872
AACCATGCAACTCCAA-1,Endo CLDN5 SLC7A5,0.030377856487873375
AACCATGCATGTGCTA-1,Astro GFAP AQP1,0.23662081405919305
AACCATGGTATACGGG-1,Oligo MOG OPALIN,0.7477774700321462
AACCATGGTTGGGCCT-1,Endo CLDN5 SLC7A5,0.19541799012065034
AACCATGTCGAAGTGG-1,Endo CLDN5 SLC7A5,0.9676235666668042
AACCATGTCTCAGTCC-1,Endo CLDN5 SLC7A5,0.5558540041796608
AACCATGTCTTCGTGC-1,Endo CLDN5 SLC7A5,0.1410518396463997
AACCCAAAGAGTGTGC-1,Oligo MOG OPALIN,0.6725734477026021
AACCCAAAGCAACAGC-1,L3-5 RORB GABRG1 PTPRO,0.46731921149375716
AACCCAAAGCGTTCCG-1,L2-3 CUX2 NTNG1 PALMD,0.7629109686750695
AACCCAAAGGAGAGGC-1,Astro AQP4 SLC1A2,0.5614502048169855
AACCCAACAAATGATG-1,Macro F13A1 COLEC12,0.9947775038450583
AACCCAAGTCGTTGCG-1,Endo CLDN5 SLC7A5,0.31619401688104204
AACCCAATCTTACGGA-1,Endo CLDN5 SLC7A5,0.06886890927298568
AACCCAATCTTGGTGA-1,L2-3 CUX2 ACVR1C THSD7A,0.4664374232226601
AACCCAATCTTTGCGC-1,Endo CLDN5 SLC7A5,0.32300282367099625
AACCTGAAGCACTGGA-1,Endo CLDN5 SLC7A5,0.32645491833305124
AACCTGAAGGACTAAT-1,Micro P2RY12 APBB1IP,0.05859529640585053
AACCTGACACACAGCC-1,L2-3 CUX2 NTNG1 PALMD,0.6943134268501893
AACCTGACACCTATCC-1,L2-3 CUX2 NTNG1 PLCH1,0.012424419036031052
AACCTGACAGTCAGAG-1,Endo CLDN5 SLC7A5,0.7126683724544404
AACCTGACAGTGCCTG-1,L2-3 CUX2 NTNG1 PALMD,0.01719343477061939
AACCTGAGTAATGCTC-1,InN SST FREM1,0.1560111014006396
AACCTTTAGCGGGTTA-1,Endo CLDN5 SLC7A5,0.02810195196821217
AACCTTTAGTCACACT-1,L2-3 CUX2 NTNG1 PALMD,0.055696928185553864
AACCTTTAGTCTGGTT-1,Oligo MOG OPALIN,0.29724763501808854
AACCTTTCACACTGGC-1,Oligo MOG OPALIN,0.9999937503528484
AACCTTTCAGGTATGG-1,Micro P2RY12 APBB1IP,0.24988197372846188
AACCTTTGTCCAGCCA-1,Oligo MOG OPALIN,0.043202768960596674
AACCTTTGTGCATGAG-1,InN ADARB2 COL5A2,0.05302885447667622
AACCTTTGTGTGTACT-1,PC P2RY14 GRM8,0.9999992433694261
AACCTTTTCGTCGGGT-1,Oligo MOG OPALIN,0.5588193002066637
AACCTTTTCTTTGCAT-1,Oligo MOG OPALIN,0.9612280993622822
AACGAAAAGCCAGTAG-1,Endo CLDN5 SLC7A5,0.0880644138711712
AACGAAAAGCTCGAAG-1,InN PVALB ANOS1,0.021659200546213696
AACGAAAAGGGTTGCA-1,Oligo MOG OPALIN,0.9966025350633736
AACGAAACAATTGGTC-1,Endo CLDN5 SLC7A5,0.09029356253649796
AACGAAAGTGGAAGTC-1,L6 FEZF2 NPFFR2 KCNK2,0.08439333437451153
AACGGGAAGAAGGCTC-1,Endo CLDN5 SLC7A5,0.4782908922988571
AACGGGAAGCCAGTAG-1,Endo CLDN5 SLC7A5,0.08971903866567942
AACGGGAAGGCAATGC-1,Endo CLDN5 SLC7A5,0.014425460966855642
AACGGGAAGGGTCACA-1,Endo CLDN5 SLC7A5,0.18131981590319687
AACGGGAAGGTTTACC-1,Oligo MOG OPALIN,0.996401278130381
AACGGGAAGTCTAGAA-1,L3-5 RORB GABRG1 PTPRO,0.2976364727915467
AACGGGACAAATACAG-1,L2-3 CUX2 NTNG1 PALMD,0.015585121828153184
AACGGGACAAATGAGT-1,L3-5 RORB MKX GRIN3A,0.9513740198397839
AACGGGACAATTGTGC-1,Oligo MOG OPALIN,0.9999886065812138
AACGGGACACTGAGGA-1,L3-5 RORB MKX GRIN3A,0.5667521898484562
AACGGGACATGCGGTC-1,Endo CLDN5 SLC7A5,0.08853315799844437
AACGGGAGTCATGGCC-1,Micro P2RY12 APBB1IP,0.3935443460313555
AACGGGAGTCTGCAAT-1,L6 FEZF2 NPFFR2 TPD52L1,0.9227854401702102
AACGGGAGTCTTTATC-1,L3-5 RORB MKX GRIN3A,0.029496847595928494
AACGGGAGTTGTGGCC-1,Astro AQP4 SLC1A2,0.08867017065548777
AACGGGATCATACGAC-1,L2-3 CUX2 NTNG1 PALMD,0.6107726946225365
AACGGGATCCCTCATG-1,Endo CLDN5 SLC7A5,0.09812861640179425
AACGGGATCGTACCTC-1,Endo CLDN5 SLC7A5,0.4496888510167306
AACGTCAAGGGAGTTC-1,PC P2RY14 GRM8,0.8328971212483685
AACGTCAGTCCCTGTT-1,Oligo MOG OPALIN,0.06702460692584436
AACGTCAGTTATCTGG-1,L2-3 CUX2 NTNG1 PALMD,0.06877373465185121
AACTTCTCAGAACGCA-1,InN VIP FREM2,0.5171290594876762
AACTTCTCATCTTCGC-1,Oligo MOG OPALIN,0.9806708224697669
AACTTCTTCACTTCTA-1,Astro AQP4 SLC1A2,0.9999156416679744
AAGAACACATCCGGTG-1,Astro GFAP FABP7,0.007421440522822609
AAGAACAGTGCTTATG-1,L2-3 CUX2 NTNG1 PALMD,0.06187682788607468
AAGAACAGTTGCATTG-1,OPC PDGFRA PCDH15,0.9999999999998102
AAGAACAGTTGTAAAG-1,L3-5 RORB MKX GRIN3A,0.3162509386742041
AAGACAAAGTGAGCCA-1,T SKAP1 CD247,0.999998791469365
AAGACAACAAACCATC-1,PC P2RY14 GRM8,0.9970746106880437
AAGACAACAAGACGAC-1,Endo CLDN5 SLC7A5,0.6081109567454672
AAGACAACAGTTCCAA-1,Oligo MOG OPALIN,0.7089258971793464
AAGACAAGTAGTCGTT-1,InN VIP ADAM12,0.029033698410935834
AAGACAAGTATACAGA-1,Oligo MOG GSN,0.6269790597188107
AAGACTCAGCACGATG-1,L2-3 CUX2 NTNG1 PALMD,0.19948394515687154
AAGACTCCAAGCTGTT-1,Endo CLDN5 SLC7A5,0.9340510563180624
AAGACTCCAGTTGTTG-1,Endo CLDN5 SLC7A5,0.8049544623241889
AAGACTCGTGACTGTT-1,L2-3 CUX2 NTNG1 PALMD,0.1714134993823898
AAGATAGAGTAGAATC-1,Astro AQP4 SLC1A2,0.7746807480460469
AAGATAGCACATGAAA-1,Oligo MOG OPALIN,0.9180248862948853
AAGATAGCACTGCTTC-1,L3-5 RORB MKX GALR1,0.06051319974161051
AAGATAGCAGGCCTGT-1,Endo CLDN5 SLC7A5,0.8101597837464478
AAGATAGGTCTCAAGT-1,Endo CLDN5 SLC7A5,0.26777693972990396
AAGATAGGTGAATGAT-1,Endo CLDN5 SLC7A5,0.4794775694339574
AAGATAGTCAAATAGG-1,Endo CLDN5 SLC7A5,0.356523327405342
AAGATAGTCGGCATAT-1,OPC PDGFRA PCDH15,0.999999999999825
AAGCATCAGCCGGATA-1,Endo CLDN5 SLC7A5,0.7286467635620607
AAGCATCAGCTTTCCC-1,OPC PDGFRA PCDH15,0.7065603580272737
AAGCATCAGTACTGGG-1,Endo CLDN5 SLC7A5,0.795540057058957
AAGCATCCAAGGCAAC-1,Endo CLDN5 SLC7A5,0.7296502327756206
AAGCCATAGCGTCTGC-1,Endo CLDN5 SLC7A5,0.49157110041104624
AAGCCATCAATAACCC-1,Astro AQP4 SLC1A2,0.42964695223236216
AAGCCATCATCGTCCT-1,Endo CLDN5 SLC7A5,0.10686878472908533
AAGCCATGTCACTAGT-1,L2-3 CUX2 NTNG1 PALMD,0.34088996959774165
AAGCCATGTCTCCCTA-1,Endo CLDN5 SLC7A5,0.704125625497511
AAGCCATGTGCTTCAA-1,VLMC SLC47A1 SLC4A4,0.9999999996075473
AAGCCATTCACATCAG-1,Oligo MOG FRY,0.23299741913943858
AAGCCATTCTAGAACC-1,Oligo MOG OPALIN,0.4185503478387864
AAGCGAGAGCAATTAG-1,Oligo MOG GSN,0.027784431345286804
AAGCGAGCAGACGATG-1,Endo CLDN5 SLC7A5,0.3820452678448812
AAGCGAGTCCTGGTCT-1,L2-4 CUX2 RORB CLMN,0.10641380868634308
AAGCGTTAGGTACAAT-1,L2-3 CUX2 ACVR1C INHBA,0.029661502069943425
AAGCGTTTCAAGGCTT-1,L6 FEZF2 NPFFR2 TPD52L1,0.3797938184191663
AAGGAATCACAGCCTG-1,Endo CLDN5 SLC7A5,0.8437405320229231
AAGGAATGTCTTGGTA-1,InN SST FREM1,0.10995699652540704
AAGGAATGTGGACCAA-1,Astro AQP4 SLC1A2,0.8059422727595298
AAGGAATGTGGATACG-1,InN SST ADAMTSL1,0.0031282262135215702
AAGGAATTCAAGCCTA-1,Endo CLDN5 SLC7A5,0.0929872373673965
AAGGAATTCCCAGGCA-1,L3-5 RORB MKX GRIN3A,0.6667403079521569
AAGGAATTCGGCCTTT-1,L2-3 CUX2 NTNG1 PALMD,0.17532935369330796
AAGGAATTCGTGCTCT-1,Endo CLDN5 SLC7A5,0.8744571088133164
AAGGTAAAGAAGGGAT-1,Micro P2RY12 CCL3,0.15793736179163828
AAGGTAAAGCAAGTCG-1,L3-5 RORB GABRG1 PLCH1,0.933345886309851
AAGGTAAAGCGTATGG-1,Endo CLDN5 SLC7A5,0.9859123933518146
AAGGTAACACACAGCC-1,Oligo MOG OPALIN,0.9000794388904543
AAGGTAAGTGAATGAT-1,Oligo MOG OPALIN,0.11782564734859953
AAGGTAATCAGCTCTC-1,InN PVALB HPSE,0.01837450247521751
AAGTACCAGCGTATGG-1,L3-5 RORB MKX GRIN3A,0.4980277913307755
AAGTACCAGGTAAGTT-1,L2-3 CUX2 NTNG1 COL5A2,0.03843583357009505
AAGTACCAGTAAACAC-1,Endo CLDN5 SLC7A5,0.871486957547345
AAGTACCAGTTGAATG-1,Oligo MOG OPALIN,0.999999910891161
AAGTACCCAGAGCCCT-1,L2-3 CUX2 NTNG1 COL5A2,0.05098741893918003
AAGTACCGTAAGCAAT-1,Endo CLDN5 SLC7A5,0.57249548065916
AAGTACCGTGCCGGTT-1,L3-5 RORB PCBP3 ARHGAP15,0.018071243784165383
AAGTACCGTTTCGTGA-1,L2-4 CUX2 RORB CLMN,0.16734510241467565
AAGTACCTCGTCGATA-1,Endo CLDN5 SLC7A5,0.04395705334109913
AAGTCGTAGATGCAGC-1,InN SST THSD7B,0.9994489758674812
AAGTCGTAGCCTCTGG-1,InN SST HTR2C,0.06620751540717848
AAGTCGTGTACGTTCA-1,Endo CLDN5 SLC7A5,0.26973178618773885
AAGTCGTGTTGTTGAC-1,Endo CLDN5 SLC7A5,0.6772719561612337
AAGTCGTTCGCTGATA-1,Endo CLDN5 SLC7A5,0.19945450817651517
AAGTCGTTCTGGGCGT-1,L3-5 RORB MKX GRIN3A,0.06198629834861577
AAGTGAAAGTGATAGT-1,Astro GFAP AQP1,0.3104614661455415
AAGTGAAGTCTAACGT-1,L3-5 RORB MKX GRIN3A,0.12828445160237142
AAGTGAATCCGATCTC-1,L3-5 RORB MKX GRIN3A,0.4542036994610544
AAGTGAATCGGTTCAA-1,Micro P2RY12 APBB1IP,0.3375455140038009
AAGTTCGCAAATCAAG-1,Oligo MOG OPALIN,0.965756100801199
AAGTTCGCAAGTGGGT-1,Endo CLDN5 SLC7A5,0.9634210103189211
AAGTTCGGTTGACTAC-1,PC P2RY14 GRM8,0.9999979490115488
AAGTTCGTCTCTAAGG-1,L2-3 CUX2 NTNG1 PALMD,0.6461543652703446
AAGTTCGTCTTGGGCG-1,Endo CLDN5 SLC7A5,0.2345193484165543
AATAGAGTCCATTGGA-1,Oligo MOG OPALIN,0.9467953419696806
AATAGAGTCGCACTCT-1,Astro AQP4 SLC1A2,0.9893495627623954
AATCACGAGCTAGATA-1,Oligo MOG OPALIN,0.5557300258645771
AATCACGCACAAGCTT-1,InN PVALB HPSE,0.013529573170070225
AATCACGCACTAACCA-1,Astro GFAP AQP1,0.0854011897407563
AATCACGTCAAGCTGT-1,Endo CLDN5 SLC7A5,0.9657851412700845
AATCGACAGAAGTGTT-1,Endo CLDN5 SLC7A5,0.15483705183866997
AATCGACAGGATTACA-1,Endo CLDN5 SLC7A5,0.6377079669072526
AATCGACAGGTTCTAC-1,InN LAMP5 ADAMTS20,0.016668128328499107
AATCGACAGTAAATGC-1,L2-3 CUX2 NTNG1 PALMD,0.2201775538162124
AATCGACCAGACTGCC-1,Endo CLDN5 SLC7A5,0.1688746666974757
AATCGACCAGCAGACA-1,Oligo MOG OPALIN,0.12109436700703016
AATCGACCATGGGATG-1,Endo CLDN5 SLC7A5,0.04061103173388118
AATCGACTCTCCCAAC-1,Endo CLDN5 SLC7A5,0.247144520918838
AATCGTGCAGAGTCTT-1,Micro P2RY12 CCL3,0.4099181953046745
AATCGTGGTCGTGCCA-1,Oligo MOG OPALIN,0.4676094696110045
AATCGTGGTCTTGCTC-1,L2-3 CUX2 NTNG1 PALMD,0.021558175044671883
AATGAAGAGACGGAAA-1,InN ADARB2 SFRP2,0.02394962248292307
AATGAAGAGTCACTCA-1,L3-5 RORB MKX GRIN3A,0.01702576300686502
AATGAAGGTCGCACAC-1,Micro P2RY12 APBB1IP,0.05418786532772998
AATGAAGTCCCGAGAC-1,Endo CLDN5 SLC7A5,0.9094374704759087
AATGACCAGGTACATA-1,Oligo MOG OPALIN,0.44314342964865217
AATGACCCAGACTGCC-1,Endo CLDN5 SLC7A5,0.06426394835562539
AATGACCCATCCGTGG-1,Endo CLDN5 SLC7A5,0.010250579817512687
AATGACCGTATGAAGT-1,Oligo MOG OPALIN,0.5692786657153674
AATGACCGTCAATCTG-1,Endo CLDN5 IL1R1,0.640339032900218
AATGACCTCCCGAACG-1,InN SST FREM1,0.109583227146617
AATGCCAAGAGCATAT-1,Endo CLDN5 SLC7A5,0.391037411603837
AATGCCACAAGAAATC-1,Oligo MOG OPALIN,0.08476158576273077
AATGCCACAGTACTAC-1,L2-3 CUX2 NTNG1 COL5A2,0.09641346100361543
AATGCCAGTATCAGGG-1,Endo CLDN5 SLC7A5,0.9917164721011444
AATGCCAGTCAAGCGA-1,L2-3 CUX2 NTNG1 PLCH1,0.007109057234358929
AATGCCATCCGAAATC-1,L3-5 RORB MKX GRIN3A,0.011726714656053627
AATGCCATCGATTCCC-1,L2-3 CUX2 NTNG1 PALMD,0.1733273886904352
AATGCCATCGGATTAC-1,L2-4 CUX2 RORB CLMN,0.04082692579909713
AATGCCATCTAGACCA-1,Oligo MOG OPALIN,0.3295731265868365
AATGGAAAGCGAACTG-1,Endo CLDN5 SLC7A5,0.09551113033240895
AATGGAATCATGGAGG-1,Endo CLDN5 SLC7A5,0.9884059553343375
AATGGAATCCAAGGGA-1,Oligo MOG FRY,0.030124583354918064
AATGGCTAGCGCAATG-1,Micro P2RY12 APBB1IP,0.3263194983917183
AATGGCTAGGATATGT-1,Endo CLDN5 SLC7A5,0.09416887896416022
AATGGCTCATGGTGGA-1,Endo CLDN5 SLC7A5,0.9426905537331067
AATGGCTGTGTATTGC-1,Endo CLDN5 SLC7A5,0.487077650986601
AATGGCTTCTAAACGC-1,Endo CLDN5 SLC7A5,0.46481842529955064
AATTCCTAGAGCTGAC-1,Endo CLDN5 SLC7A5,0.9592243471163927
AATTCCTAGGGTACGT-1,PC P2RY14 GRM8,0.998838467536475
AATTCCTGTACTAAGA-1,Oligo MOG OPALIN,0.9901546551597445
AATTCCTGTGTTACTG-1,Endo CLDN5 SLC7A5,0.09852245065688982
AATTCCTTCAGAACCT-1,Endo CLDN5 SLC7A5,0.16851398845139762
AATTCCTTCCAAATGC-1,Oligo MOG OPALIN,0.9999926573730463
AATTCCTTCCGAGTGC-1,L2-3 CUX2 NTNG1 PALMD,0.3217406675226299
AATTTCCCAATTCTCT-1,Endo CLDN5 SLC7A5,0.8053315487717331
AATTTCCCAGTGTATC-1,Endo CLDN5 SLC7A5,0.30983740711030683
AATTTCCCATGGCTGC-1,Oligo MOG OPALIN,0.5043252722760415
AATTTCCCATGTGTCA-1,Astro AQP4 SLC1A2,0.11467618770848463
AATTTCCGTACTTGTG-1,L3-5 RORB MKX GRIN3A,0.9063096228244755
AATTTCCTCCGAGGCT-1,Astro AQP4 SLC1A2,0.6039175844462441
AATTTCCTCGACGTCG-1,Oligo MOG OPALIN,0.9991665407134106
AATTTCCTCGCTTGCT-1,Oligo MOG OPALIN,0.8461985146997328
AATTTCCTCTAAACGC-1,Oligo MOG OPALIN,0.9601111534229253
AATTTCCTCTATCGTT-1,Endo CLDN5 SLC7A5,0.30823549241140463
ACAAAGAAGTCTAGCT-1,Endo CLDN5 SLC7A5,0.022014460764499272
ACAAAGAGTGTTATCG-1,Endo CLDN5 SLC7A5,0.6955235441724905
ACAAAGAGTTATCTGG-1,Endo CLDN5 SLC7A5,0.29716183417429065
ACAACCAAGGTCCCGT-1,L3-5 RORB MKX GRIN3A,0.22447241340649643
ACAACCACAGCATTGT-1,Endo CLDN5 SLC7A5,0.6888682438441046
ACAACCAGTCACTAGT-1,Oligo MOG OPALIN,0.09559191081544548
ACAACCAGTCGTCAGC-1,L3-5 RORB MKX GRIN3A,0.7896895967050371
ACAACCAGTGTTCCAA-1,InN SST TRPC7,0.9980074299029068
ACAACCAGTTCCAGGC-1,Oligo MOG OPALIN,0.8986840371266956
ACAACCAGTTTCGTAG-1,L3-5 RORB GABRG1 PTPRO,0.02742986336965134
ACAACCATCTCGCAGG-1,Oligo MOG OPALIN,0.3626750212806916
ACAACCATCTTCTGTA-1,L3-5 RORB MKX GRIN3A,0.006827293890225563
ACAAGCTAGGCGTCCT-1,Endo CLDN5 SLC7A5,0.4485100325476687
ACAAGCTCACCGGAAA-1,L3-5 RORB MKX DCC,0.04656007478887994
ACAAGCTTCCTGTAGA-1,L6 OPRK1 THEMIS RGS6,0.5584068199773894
ACACAGTCATTGGGAG-1,Oligo MOG OPALIN,0.9997246445507998
ACACAGTTCGTACACA-1,Oligo MOG OPALIN,0.757247439536516
ACACCAAAGATTGCGG-1,Oligo MOG OPALIN,0.9993961568100339
ACACCAAAGGCTTCCG-1,InN VIP ADAM12,0.02217050770995517
ACACCAACACCAGTTA-1,Endo CLDN5 SLC7A5,0.25538159538294336
ACACCAACACGTGAGA-1,Endo CLDN5 SLC7A5,0.7548809484883092
ACACCAACATAATGCC-1,L3-5 RORB GABRG1 PLCH1,0.0360389676752912
ACACCAATCCTCACGT-1,Endo CLDN5 SLC7A5,0.9709146401467373
ACACGCGAGGCATCAG-1,Astro GFAP FABP7,0.9938023644727719
ACACGCGAGTCGCTAT-1,Endo CLDN5 SLC7A5,0.2952795676785753
ACACGCGAGTGGGAAA-1,Astro GFAP FABP7,0.9785157282064917
ACACGCGCAAGGAGTC-1,Oligo MOG OPALIN,0.07148147751310202
ACACGCGCAGAGGACT-1,Oligo MOG OPALIN,0.626077673630222
ACACGCGCAGGTGTTT-1,L3-5 RORB MKX GRIN3A,0.6346676000676621
ACACGCGCATGGCTAT-1,Oligo MOG OPALIN,0.9999411063591083
ACACGCGGTCAAGCGA-1,Endo CLDN5 SLC7A5,0.06199217588407955
ACACGCGTCAGACCTA-1,Endo CLDN5 SLC7A5,0.18431183893512004
ACACTGAAGGAGATAG-1,Oligo MOG OPALIN,0.07332982910425428
ACACTGAAGGTCCGAA-1,Oligo MOG OPALIN,0.9991274813543611
ACACTGACAGAGGTTG-1,Endo CLDN5 SLC7A5,0.7254752614391125
ACACTGAGTATTCCGA-1,OPC PDGFRA PCDH15,0.9999999976601537
ACACTGATCAATCGGT-1,Micro P2RY12 APBB1IP,0.22058702123433765
ACACTGATCACTGATG-1,Astro AQP4 SLC1A2,0.9993035746744093
ACAGAAAAGCAAGTGC-1,L2-3 CUX2 NTNG1 PALMD,0.4146534040772931
ACAGAAAAGGTAGGCT-1,Endo CLDN5 SLC7A5,0.981850773822457
ACAGAAACAGCGACCT-1,Endo CLDN5 SLC7A5,0.24086951356087516
ACAGAAACAGCTGTCG-1,Endo CLDN5 SLC7A5,0.8484901821762256
ACAGAAAGTTCGTACA-1,PC P2RY14 GRM8,0.9758381393586065
ACAGAAAGTTGCTCGG-1,Endo CLDN5 SLC7A5,0.8048492242025536
ACAGAAATCACTTGTT-1,Micro P2RY12 GLDN,0.04793513859914894
ACAGAAATCTGGCTGG-1,Endo CLDN5 SLC7A5,0.04277420967531417
ACAGCCGAGGTGAGAA-1,L3-5 RORB MKX DCC,0.9454150056128993
ACAGCCGCACACGTGC-1,L2-3 CUX2 ACVR1C THSD7A,0.02083984923870758
ACAGCCGCAGGTTTAC-1,InN SST ADAMTSL1,0.3486792576588151
ACAGCCGCATGACTAC-1,InN SST HTR2C,0.01914585368165992
ACAGCCGGTGTCATTG-1,Endo CLDN5 SLC7A5,0.05028991460168969
ACAGCCGTCATAAGGA-1,Endo CLDN5 SLC7A5,0.9280101871384607
ACAGCCGTCCCGAGAC-1,Micro P2RY12 APBB1IP,0.1476613236848559
ACAGCCGTCGCTTTAT-1,Endo CLDN5 SLC7A5,0.7599438710721695
ACAGCCGTCTTTGCAT-1,Endo CLDN5 SLC7A5,0.05662867112923188
ACAGGGAAGACTAAGT-1,Endo CLDN5 SLC7A5,0.20290328364145435
ACAGGGAAGCTTTCCC-1,T SKAP1 CD247,0.9999960734913377
ACAGGGACAATACGCT-1,Endo CLDN5 SLC7A5,0.44121733034907273
ACAGGGACACGTAGAG-1,Endo CLDN5 SLC7A5,0.9270519562415883
ACAGGGACAGTTAGAA-1,L2-3 CUX2 NTNG1 PALMD,0.2470062486276376
ACAGGGACAGTTTCAG-1,Endo CLDN5 SLC7A5,0.23518259002733424
ACAGGGAGTCCATACA-1,Endo CLDN5 SLC7A5,0.9116044551684954
ACAGGGAGTGGTAATA-1,L2-3 CUX2 NTNG1 PALMD,0.12289626128486553
ACATCCCAGCATTTGC-1,Micro P2RY12 APBB1IP,0.10429057872603707
ACATCCCAGCTCCACG-1,InN SST ADRA1D,0.16715656172009627
ACATCCCCAGCTTTGA-1,L2-4 CUX2 RORB CLMN,0.267852457687221
ACATCCCCAGTGAGCA-1,OPC PDGFRA PCDH15,0.9999999999999838
ACATCCCGTGGACCAA-1,InN PVALB ANOS1,0.027727085556753957
ACATCCCGTTCTTGTT-1,InN VIP EXPH5,0.9867907778417394
ACATCCCTCCATTGTT-1,Endo CLDN5 SLC7A5,0.7233884241375614
ACATCGACACAGGATG-1,L3-5 RORB MKX GRIN3A,0.012334135915987785
ACATCGAGTACTCGAT-1,InN PVALB ANOS1,0.04443718174259483
ACATCGAGTCTTCAAG-1,Endo CLDN5 SLC7A5,0.5733143007722965
ACATCGAGTGCTCTCT-1,Endo CLDN5 SLC7A5,0.6230577272754616
ACATGCAAGGTAAGTT-1,Endo CLDN5 SLC7A5,0.6118579569246637
ACATGCAAGTGGAAAG-1,L2-3 CUX2 NTNG1 PALMD,0.17242147095223767
ACATGCAAGTGGAAGA-1,Endo CLDN5 SLC7A5,0.050786022569205856
ACATGCACACCCTAAA-1,PC P2RY14 GRM8,0.9999995158809251
ACATGCACAGACGATG-1,Endo CLDN5 SLC7A5,0.2803642707854126
ACATGCACAGGTCAAG-1,Endo CLDN5 SLC7A5,0.013552903070733334
ACATGCAGTCTAACGT-1,Endo CLDN5 SLC7A5,0.6614700158127946
ACATGCAGTGACAGCA-1,Astro GFAP FABP7,0.9999689462408554
ACATGCATCACCTGGG-1,Endo CLDN5 SLC7A5,0.9928977497004189
ACATGCATCGATCCAA-1,L6 OPRK1 SMYD1 SNTB1,0.008047480503815645
ACATTTCCATTGACAC-1,Endo CLDN5 SLC7A5,0.5755711752505134
ACATTTCGTAAGATTG-1,L3-5 RORB MKX GRIN3A,0.327150739907702
ACATTTCGTAGACAAT-1,Astro GFAP FABP7,0.919255181446331
ACATTTCGTAGGCTGA-1,Endo CLDN5 SLC7A5,0.08887299974828046
ACATTTCGTATCGCAT-1,Endo CLDN5 SLC7A5,0.5160699790966681
ACATTTCGTCACTTCC-1,PC P2RY14 GRM8,0.9999930315855201
ACATTTCGTCCACTTC-1,L2-3 CUX2 NTNG1 PLCH1,0.05658437898739186
ACATTTCGTGAATGTA-1,Endo CLDN5 SLC7A5,0.9189446605449759
ACATTTCTCATTCGGA-1,Endo CLDN5 SLC7A5,0.7961184938068252
ACCAAACAGTACCATC-1,Endo CLDN5 SLC7A5,0.900462649419221
ACCAAACCAGGAAGTC-1,Micro P2RY12 CCL3,0.5006353836120447
ACCAAACGTAGGTACG-1,L2-3 CUX2 NTNG1 PALMD,0.0600836313854977
ACCAAACGTCATGGCC-1,Endo CLDN5 SLC7A5,0.9556258690273453
ACCAAACGTCCACTTC-1,Endo CLDN5 SLC7A5,0.41474397583660205
ACCAAACTCCGATAGT-1,L2-3 CUX2 NTNG1 COL5A2,0.019691186658471464
ACCAACAAGCAGTCTT-1,Oligo MOG OPALIN,0.8671060038826863
ACCAACAAGGTAGTAT-1,Endo CLDN5 SLC7A5,0.9885366857162117
ACCAACACAACTGGTT-1,Oligo MOG OPALIN,0.4462987341546182
ACCAACACAGACCCGT-1,InN PVALB PIEZO2,0.01419040988213874
ACCAACACAGATCCAT-1,L2-3 CUX2 NTNG1 PALMD,0.26665679361918615
ACCAACAGTTGGACTT-1,Endo CLDN5 SLC7A5,0.5476191941645421
ACCACAACAAACTAAG-1,Astro AQP4 SLC1A2,0.9980837523268918
ACCACAACATCGAAGG-1,Endo CLDN5 SLC7A5,0.9341941565510288
ACCACAAGTCCACTCT-1,L6 OPRK1 SMYD1 SNTB1,0.1132276905760738
ACCATTTAGCCTCTGG-1,L3-5 RORB MKX GRIN3A,0.16315136631988297
ACCATTTAGTCAATCC-1,L3-5 RORB GABRG1 KCNH7,0.023579417323686593
ACCATTTAGTTCCAGT-1,Astro AQP4 SLC1A2,0.9995754433088436
ACCATTTGTCCGCAGT-1,Oligo MOG OPALIN,0.5242806321563556
ACCATTTTCGATTGAC-1,Endo CLDN5 SLC7A5,0.14036266596676203
ACCATTTTCGGAGATG-1,Endo CLDN5 SLC7A5,0.40696932518093226
ACCCAAAAGATTACCC-1,L3-5 RORB MKX GALR1,0.0776131397824312
ACCCAAAAGGTAAGTT-1,Endo CLDN5 SLC7A5,0.4781474623729453
ACCCAAAAGGTCATAA-1,Astro AQP4 SLC1A2,0.9845823195038814
ACCCAAACACTGGACC-1,Oligo MOG OPALIN,0.9894582378679778
ACCCAAACATACCATG-1,L3-5 RORB MKX GRIN3A,0.6627125731775759
ACCCAAAGTATGGAAT-1,L3-5 RORB MKX GRIN3A,0.21509411447832502
ACCCAAATCTTTCCGG-1,OPC PDGFRA PCDH15,0.9885528441871475
ACCCTCAAGTCTGGAG-1,Astro GFAP AQP1,0.09549550835245058
ACCCTCACAAATACGA-1,Endo CLDN5 SLC7A5,0.9559358427116164
ACCCTCAGTGCCTATA-1,PC P2RY14 GRM8,0.045572304052478765
ACCCTCATCTAGGCCG-1,Micro P2RY12 GLDN,0.9925513219791603
ACCCTTGAGCAACAGC-1,Endo CLDN5 SLC7A5,0.9130760447106291
ACCCTTGAGGACATCG-1,Oligo MOG OPALIN,0.9999968821852908
ACCCTTGAGGGATCGT-1,L3-5 RORB GABRG1 PTPRO,0.7426284716451013
ACCCTTGAGGTCACCC-1,Endo CLDN5 SLC7A5,0.6246915257677623
ACCCTTGCAACCCGCA-1,Oligo MOG OPALIN,0.056916952912652
ACCCTTGCAATACAGA-1,SMC ACTA2 CRISPLD2,0.5955082867238262
ACCCTTGGTGGGAGAG-1,Endo CLDN5 SLC7A5,0.020836150883872893
ACCCTTGTCATTTACC-1,Endo CLDN5 SLC7A5,0.6518294866778813
ACCCTTGTCTAGCAAC-1,VLMC SLC47A1 SLC4A4,0.9999931905726666
ACCGTTCAGATAGTGT-1,L3-5 RORB MKX GRIN3A,0.03259497277649168
ACCGTTCAGGCTTAAA-1,Astro GFAP FABP7,0.9770702041232299
ACCGTTCCAATTGGTC-1,L2-3 CUX2 NTNG1 PALMD,0.9094797243966134
ACCGTTCCACCCTTGT-1,Endo CLDN5 SLC7A5,0.3340110999352712
ACCGTTCTCCTGCTAC-1,Oligo MOG OPALIN,0.05958382366958062
ACCGTTCTCTCGTGGG-1,InN SST FREM1,0.04850359760611814
ACCGTTCTCTGGCCGA-1,Oligo MOG OPALIN,0.04188840646851134
ACCGTTCTCTGTCGTC-1,Endo CLDN5 SLC7A5,0.5434464345646118
ACCTACCAGCATGATA-1,Oligo MOG OPALIN,0.9132728279343967
ACCTACCGTACAGAAT-1,Oligo MOG OPALIN,0.9740387279283433
ACCTACCGTATGGGAC-1,L3-5 RORB MKX GRIN3A,0.22668161042279666
ACCTACCGTATGTGTC-1,Astro AQP4 SLC1A2,0.9096854958734564
ACCTGAAAGCTGAAAT-1,Endo CLDN5 SLC7A5,0.9325926054609159
ACCTGAAAGGACTAAT-1,Endo CLDN5 SLC7A5,0.21847549924118273
ACCTGAACAATATCCG-1,L3-5 RORB GABRG1 PLCH1,0.08081621797051526
ACCTGAACACTCCCTA-1,InN VIP EXPH5,0.47403031227773695
ACCTGAACACTTGAAC-1,Endo CLDN5 SLC7A5,0.45641354831811104
ACCTGAAGTTTCACTT-1,Astro GFAP AQP1,0.2605205630349198
ACCTGTCAGGGCAGAG-1,Endo CLDN5 SLC7A5,0.17126833564795066
ACCTGTCCAACCGTAT-1,Oligo MOG OPALIN,0.9846535142280683
ACCTGTCCAGTCAGAG-1,Endo CLDN5 SLC7A5,0.766650885262803
ACCTGTCCATGGGAAC-1,Endo CLDN5 SLC7A5,0.19623863311586426
ACCTGTCGTTTCGGCG-1,L3-5 RORB MKX GRIN3A,0.1274602713890428
ACCTGTCTCTGAATCG-1,Endo CLDN5 SLC7A5,0.4168707496314903
ACGATCAAGAATCCCT-1,L3-5 RORB GABRG1 KCNH7,0.019283703951797085
ACGATCAAGCTGCCAC-1,Endo CLDN5 SLC7A5,0.23020699171525266
ACGATCACACGACGCT-1,Astro AQP4 SLC1A2,0.1345100347724906
ACGATCAGTCATATGC-1,Astro AQP4 SLC1A2,0.9553817388078382
ACGATCAGTGTATTCG-1,Endo CLDN5 SLC7A5,0.9386695069494428
ACGATCATCAAGTAAG-1,Oligo MOG OPALIN,0.999894933897146
ACGATCATCATCTACT-1,Astro AQP4 SLC1A2,0.6613943556808565
ACGATCATCCGAAGGA-1,Oligo MOG OPALIN,0.9643925699013585
ACGATCATCTTCTCAA-1,L2-3 CUX2 NTNG1 PALMD,0.7114541138178635
ACGATGTAGAGTGTTA-1,Endo CLDN5 SLC7A5,0.2504950467990535
ACGATGTCAACGGCTC-1,Micro P2RY12 APBB1IP,0.08331811125728841
ACGATGTCAGTAGAAT-1,Endo CLDN5 SLC7A5,0.8485337120163707
ACGATGTCAGTTCACA-1,Oligo MOG OPALIN,0.35505582628381926
ACGATGTCATCGGTTA-1,Astro AQP4 SLC1A2,0.9937845073599836
ACGATGTGTGATTCAC-1,Astro GFAP FABP7,0.997729773886263
ACGATGTTCGTGGAAG-1,Endo CLDN5 SLC7A5,0.04559462124276481
ACGCACGCAAGATTGA-1,Astro GFAP AQP1,0.42323300512943124
ACGCACGCATTCTTCA-1,Oligo MOG OPALIN,0.4943514902243223
ACGCACGGTCTCAAGT-1,L2-3 CUX2 NTNG1 COL5A2,0.16482519296151715
ACGCACGTCAGGGTAG-1,L2-3 CUX2 NTNG1 PALMD,0.8520761014814491
ACGGAAGAGGTAACTA-1,Oligo MOG OPALIN,0.9977234727545635
ACGGAAGAGTACCGGA-1,Endo CLDN5 SLC7A5,0.9173062219289189
ACGGAAGAGTGGGAAA-1,Endo CLDN5 SLC7A5,0.3578142709291136
ACGGAAGCACTCTAGA-1,Astro GFAP AQP1,0.9915974588149535
ACGGAAGGTGCTTATG-1,L3-5 RORB MKX GRIN3A,0.2359358258241665
ACGGAAGTCAGATGCT-1,VLMC SLC47A1 SLC4A4,0.24982311350075298
ACGGGTCAGAGCACTG-1,Endo CLDN5 SLC7A5,0.9995892982149115
ACGGGTCAGCACTCGC-1,L2-4 CUX2 RORB CLMN,0.013103824600105755
ACGGGTCAGTAAAGCT-1,L2-3 CUX2 NTNG1 PALMD,0.06886190069506912
ACGGGTCCAAAGGGCT-1,Endo CLDN5 SLC7A5,0.4474509176713952
ACGGGTCCATGATCTG-1,Astro AQP4 SLC1A2,0.9988614573496897
ACGGGTCTCCTGGTCT-1,Endo CLDN5 SLC7A5,0.957645456289321
ACGGTCGCATTACTCT-1,Endo CLDN5 SLC7A5,0.4299270423506694
ACGGTCGCATTGAGGG-1,Oligo MOG OPALIN,0.5731489122386308
ACGGTCGGTGGGTTGA-1,Oligo MOG OPALIN,0.9080039257832775
ACGGTTAAGAAGTGTT-1,Endo CLDN5 SLC7A5,0.05004890795382634
ACGGTTACACAGGATG-1,SMC ACTA2 CNN1,0.4441191995084312
ACGGTTACAGCGTATT-1,Endo CLDN5 SLC7A5,0.842218626195811
ACGGTTACATTCGATG-1,L3-5 RORB MKX GRIN3A,0.0767885108843238
ACGGTTAGTAAGCAAT-1,Micro P2RY12 CCL3,0.7690188535487188
ACGGTTAGTAGCGCTC-1,Oligo MOG FRY,0.10932885278459406
ACGGTTAGTCCTGTCT-1,Endo CLDN5 SLC7A5,0.4611389368590697
ACGGTTAGTCGCATGC-1,L2-3 CUX2 NTNG1 PALMD,0.01073394469690808
ACGTAACAGCCTCTTC-1,Endo CLDN5 SLC7A5,0.7617749941156069
ACGTAACAGCTTTCTT-1,L2-3 CUX2 NTNG1 PALMD,0.4469093240097605
ACGTAACAGGTAAACT-1,L2-3 CUX2 NTNG1 PLCH1,0.6918557741631741
ACGTAACGTTTAGACC-1,Endo CLDN5 SLC7A5,0.44553122064860873
ACGTAACTCGCACGAC-1,Oligo MOG OPALIN,0.2664218707635995
ACGTAACTCTACCCAC-1,Oligo MOG OPALIN,0.991353402327684
ACGTACAAGACCGCCT-1,Endo CLDN5 SLC7A5,0.1064411840586837
ACGTACAAGGTAAGAG-1,VLMC COL1A2 VLMCA8,0.9573380832288657
ACGTACACAGTTTGGT-1,L3-5 RORB MKX GRIN3A,0.10741508204845408
ACGTACAGTGAGCGAT-1,Oligo MOG OPALIN,0.3902956981224582
ACGTACAGTGGGTATG-1,L6 FEZF2 SYT6 PTPRT,0.01989362379239114
ACGTACATCACCATAG-1,L3-5 RORB GABRG1 KCNH7,0.8324333296251425
ACGTACATCGCCCAGA-1,Endo CLDN5 SLC7A5,0.506060980513747
ACGTACATCTCTCTAA-1,L2-3 CUX2 NTNG1 PALMD,0.05525021767018763
ACGTACATCTTTCCAA-1,Oligo MOG OPALIN,0.9999946436110716
ACGTAGTCAAACGAGC-1,L2-4 CUX2 RORB CLMN,0.008647106160044504
ACGTAGTCAAGAAACT-1,Endo CLDN5 SLC7A5,0.5677585094204664
ACGTAGTCAGCTGCCA-1,Endo CLDN5 SLC7A5,0.3546317382665225
ACGTAGTGTAAGATTG-1,Endo CLDN5 SLC7A5,0.8652304800546708
ACGTAGTGTATTGGCT-1,Endo CLDN5 SLC7A5,0.09554313311963668
ACGTAGTGTGTACAGG-1,Endo CLDN5 SLC7A5,0.29484080125287715
ACGTAGTTCGACGAGA-1,Endo CLDN5 SLC7A5,0.7895721824168621
ACGTCCTAGACATACA-1,Oligo MOG OPALIN,0.998190021817696
ACGTCCTCAACTACGT-1,Endo CLDN5 SLC7A5,0.7423496818230663
ACGTCCTTCACCCTGT-1,Endo CLDN5 SLC7A5,0.02312123370613091
ACGTCCTTCATCACAG-1,L2-3 CUX2 NTNG1 PALMD,0.42224876863780003
ACGTCCTTCCACCTCA-1,L2-3 CUX2 NTNG1 PLCH1,0.004566217147480221
ACGTCCTTCCGTTGGG-1,L2-3 CUX2 NTNG1 PALMD,0.8676503442677751
ACGTTCCAGCCTCATA-1,Endo CLDN5 SLC7A5,0.9845692508645858
ACGTTCCGTTTGTGGT-1,Oligo MOG OPALIN,0.9822885161404183
ACGTTCCTCAGGAAAT-1,Astro AQP4 SLC1A2,0.8882199143266736
ACGTTCCTCTGTCGTC-1,InN SST TRPC7,0.018646562487476606
ACTACGAAGAGAGTGA-1,L2-3 CUX2 NTNG1 COL5A2,0.6174200894418069
ACTACGACAAAGCAAT-1,Endo CLDN5 SLC7A5,0.2136236398287948
ACTACGACACAGCGCT-1,Endo CLDN5 SLC7A5,0.031108073890592388
ACTACGACACATATGC-1,Oligo MOG GSN,0.08881492520059599
ACTACGACATACACCA-1,L2-3 CUX2 NTNG1 COL5A2,0.08739782951576888
ACTACGACATCTCCCA-1,L2-3 CUX2 NTNG1 COL5A2,0.17308221620810024
ACTACGAGTAAGGTCG-1,Oligo MOG OPALIN,0.03779077221909304
ACTACGAGTCCTCATC-1,Astro GFAP AQP1,0.07062930154627069
ACTACGAGTTTGTTGG-1,Endo CLDN5 SLC7A5,0.5684638189046671
ACTATCTAGACGCAGT-1,Endo CLDN5 SLC7A5,0.5601447575079801
ACTATCTAGATGACAT-1,Astro GFAP AQP1,0.06164904200916858
ACTATCTCACTGTTCC-1,Endo CLDN5 SLC7A5,0.09880844252201568
ACTATCTGTACAATAG-1,Astro AQP4 SLC1A2,0.9580251127413901
ACTATCTGTACGGATG-1,Micro P2RY12 APBB1IP,0.23689494635458083
ACTATCTGTGTGTGTT-1,Micro P2RY12 GLDN,0.972199450973974
ACTATCTTCACGTAGT-1,Endo CLDN5 SLC7A5,0.9772431840504056
ACTATCTTCGAGTCCG-1,Endo CLDN5 SLC7A5,0.9646479128665341
ACTATGGAGCAACAGC-1,L2-3 CUX2 NTNG1 PALMD,0.8869577040777585
ACTATGGTCGCACGGT-1,L2-3 CUX2 NTNG1 COL5A2,0.06065633843933407
ACTATTCAGTAAGCAT-1,Endo CLDN5 IL1R1,0.003151688487018289
ACTATTCCAACAAGTA-1,Endo CLDN5 SLC7A5,0.9949148749105017
ACTATTCCAAGGAGTC-1,Oligo MOG OPALIN,0.4531754886721697
ACTATTCCACCCAACG-1,Oligo MOG OPALIN,0.2997495171892451
ACTATTCCACGGATCC-1,InN PVALB ANOS1,0.20227383107663616
ACTATTCTCGGCAGTC-1,Endo CLDN5 SLC7A5,0.9335600930651826
ACTATTCTCTTGCAAG-1,Endo CLDN5 SLC7A5,0.6262623969344543
ACTCCCAAGAACTCCT-1,PC P2RY14 GRM8,0.07268457273155238
ACTCCCACAAGCCTGC-1,Endo CLDN5 SLC7A5,0.3736431727883619
ACTCCCAGTCACTTCC-1,Micro P2RY12 CCL3,0.9750219579253439
ACTCCCAGTCATGACT-1,Endo CLDN5 SLC7A5,0.40834517650853275
ACTCCCAGTGCCTTTC-1,Endo CLDN5 SLC7A5,0.21890771125592334
ACTCCCATCAAACTGC-1,Endo CLDN5 SLC7A5,0.5699119682881961
ACTCCCATCCTCGATC-1,Endo CLDN5 SLC7A5,0.0573804496969503
ACTCTCGAGCAACAAT-1,Endo CLDN5 SLC7A5,0.7598832002772155
ACTCTCGCAATGAAAC-1,Oligo MOG OPALIN,0.28339567270518057
ACTCTCGCATATAGCC-1,L3-5 RORB GABRG1 PTPRO,0.7386839884773254
ACTCTCGGTAATGCTC-1,L2-3 CUX2 NTNG1 PALMD,0.00941445338020957
ACTCTCGGTCTCAGGC-1,Endo CLDN5 SLC7A5,0.11522634089135608
ACTCTCGGTTCTTGTT-1,L2-3 CUX2 NTNG1 PALMD,0.5507186522489695
ACTCTCGTCATGGATC-1,Endo CLDN5 SLC7A5,0.07008177681723622
ACTCTCGTCGATGCTA-1,Endo CLDN5 SLC7A5,0.27143378699313847
ACTGATGAGACCTCAT-1,PC P2RY14 GRM8,0.9989531857197547
ACTGATGAGCGAACTG-1,Oligo MOG OPALIN,0.506718651201841
ACTGATGCAAAGGGCT-1,L2-3 CUX2 NTNG1 PALMD,0.03509898380720428
ACTGATGGTAAGCGGT-1,Endo CLDN5 IL1R1,0.0909515041641258
ACTGATGGTACTCCCT-1,Astro GFAP AQP1,0.4239912362023704
ACTGATGGTTTCTATC-1,Oligo MOG OPALIN,0.9777898001728156
ACTGCAAAGGCTCAAG-1,Oligo MOG OPALIN,0.330742076108722
ACTGCAAAGTACTCGT-1,Endo CLDN5 SLC7A5,0.10316928473553011
ACTGCAAGTTCAGGTT-1,L3-5 RORB MKX GRIN3A,0.8089683970187728
ACTGTCCAGCCGGAAT-1,InN SST ADAMTSL1,0.02722726922740055
ACTGTCCCAAGGTTGG-1,Oligo MOG OPALIN,0.014153079434104383
ACTGTCCCACTTCAAG-1,InN ADARB2 COL5A2,0.5594752175373525
ACTGTCCGTCGTCTCT-1,Oligo MOG GSN,0.028731430575299553
ACTGTCCGTCTTGCGG-1,Endo CLDN5 SLC7A5,0.7144786003701363
ACTGTGACAAGACGGT-1,Endo CLDN5 SLC7A5,0.7794616598126034
ACTGTGAGTAGGTTTC-1,Micro P2RY12 CCL3,0.36893858719462247
ACTGTGAGTTGAGAGC-1,Endo CLDN5 SLC7A5,0.9106812194306461
ACTGTGATCAGGTAAA-1,Endo CLDN5 SLC7A5,0.6387104862070484
ACTGTGATCCGGGACT-1,L2-3 CUX2 NTNG1 PALMD,0.1523314340429905
ACTGTGATCTATACGG-1,Endo CLDN5 SLC7A5,0.2523608365454117
ACTTAGGAGGTCACCC-1,Endo CLDN5 SLC7A5,0.3624301088812845
ACTTAGGAGTGCACCC-1,Oligo MOG OPALIN,0.2952209344839632
ACTTAGGAGTGTTGAA-1,L2-3 CUX2 ACVR1C THSD7A,0.252832653605555
ACTTAGGCACTCAAGT-1,Oligo MOG OPALIN,0.9997116922789996
ACTTAGGGTACGCTAT-1,Oligo MOG OPALIN,0.9998536221791638
ACTTAGGGTGGTAACG-1,InN SST TRPC7,0.9657599710897066
ACTTAGGTCAAGGCTT-1,L3-5 RORB MKX GRIN3A,0.7901485242167798
ACTTAGGTCACGAACT-1,Endo CLDN5 SLC7A5,0.7874840855980989
ACTTAGGTCGTTACCC-1,L3-5 RORB MKX GRIN3A,0.6116215332297726
ACTTATCAGACAGCTG-1,Endo CLDN5 SLC7A5,0.2541253790688994
ACTTATCCAAGCGATG-1,Endo CLDN5 SLC7A5,0.9902996170761484
ACTTATCGTACGGATG-1,Endo CLDN5 SLC7A5,0.9252393896036808
ACTTATCGTAGGCTGA-1,L3-5 RORB GABRG1 PTPRO,0.06675238040833649
ACTTATCGTATCAAGA-1,Endo CLDN5 SLC7A5,0.6710165150195723
ACTTATCTCACACGAT-1,Micro P2RY12 APBB1IP,0.08405132927692617
ACTTCCGCAGAGCGTA-1,L2-3 CUX2 NTNG1 PALMD,0.40929530353006505
ACTTCCGCAGCTGTAT-1,L2-3 CUX2 NTNG1 PALMD,0.3081125817514568
ACTTCCGGTCTGGTTA-1,L2-4 CUX2 RORB CLMN,0.45548271341477764
ACTTCCGGTGCTTATG-1,L3-5 RORB MKX GALR1,0.017445083091187138
ACTTCCGTCACGATCA-1,Oligo MOG OPALIN,0.7785000790374039
ACTTCCGTCCCGTTGT-1,InN SST FREM1,0.059243048512508716
ACTTCGCAGCGCGTTC-1,Endo CLDN5 DKK2,0.018001348993632486
ACTTCGCCAGTAGAAT-1,Oligo MOG OPALIN,0.7691335886040979
ACTTCGCTCCACAGGC-1,SMC ACTA2 CYP1B1,0.922563808386585
ACTTCGCTCGAGCCAC-1,Endo CLDN5 SLC7A5,0.9846002451474699
ACTTCGCTCGCCCAGA-1,Endo CLDN5 SLC7A5,0.09799671431351314
ACTTCGCTCTACCCAC-1,Astro AQP4 SLC1A2,0.9233133174033055
ACTTTCACAACTACGT-1,Oligo MOG OPALIN,0.5673574314555678
ACTTTCAGTCCGCAGT-1,L2-3 CUX2 NTNG1 COL5A2,0.018599346657798225
ACTTTCAGTTATGACC-1,Endo CLDN5 SLC7A5,0.17333288036827407
ACTTTCATCGCATAGT-1,Endo CLDN5 SLC7A5,0.5856286165789387
ACTTTCATCTTTGCAT-1,L5 FEZF2 BCL11B POU3F1,0.731814806933283
ACTTTCATCTTTGCTA-1,Endo CLDN5 SLC7A5,0.27830775109839206
ACTTTGTAGATGAAGG-1,InN PVALB PIEZO2,0.9523555717129872
ACTTTGTTCAACACCA-1,L3-5 RORB MKX GRIN3A,0.04621207988149087
AGAAATGCAAGTGCTT-1,Oligo MOG OPALIN,0.9997071295014426
AGAAATGGTAGCGAGT-1,L2-3 CUX2 NTNG1 PLCH1,0.01857794149315642
AGAAATGTCACCTTAT-1,L2-3 CUX2 NTNG1 PALMD,0.42981123465087206
AGAAATGTCATGGCCG-1,Oligo MOG OPALIN,0.8692914698610459
AGAAATGTCCTGGGTG-1,Astro AQP4 SLC1A2,0.3584513231981406
AGAAATGTCGACTCCT-1,L3-5 RORB MKX GALR1,0.43702197988093405
AGAACAAAGTCTGGAG-1,L2-3 CUX2 NTNG1 PALMD,0.7140597399714442
AGAACCTCAAGAGGTC-1,Endo CLDN5 SLC7A5,0.9225191901613383
AGAACCTCATGCAGCC-1,OPC PDGFRA PCDH15,0.9999999999999918
AGAACCTCATGGCCAC-1,L2-3 CUX2 NTNG1 PALMD,0.7190804126452066
AGAACCTCATTCCTAT-1,L6 OPRK1 SMYD1 KCND2,0.0410286737130473
AGAACCTGTGAATATG-1,Endo CLDN5 SLC7A5,0.7318739276184109
AGAACCTGTTTGGGAG-1,Astro AQP4 SLC1A2,0.9965192789704391
AGAACCTTCTCTCGCA-1,L2-3 CUX2 NTNG1 PALMD,0.4341897938312675
AGAAGCGAGGGTCTTT-1,Endo CLDN5 SLC7A5,0.13454124598281003
AGAAGCGCAACGGCTC-1,InN VIP ADAM12,0.9910033181018997
AGAAGCGCAATTGTGC-1,Endo CLDN5 SLC7A5,0.05084547811055128
AGAAGCGCACGGCTAC-1,Endo CLDN5 SLC7A5,0.37582688068304454
AGAAGCGGTACGGTTT-1,Oligo MOG OPALIN,0.9811810772074453
AGAAGCGTCGCCAGAC-1,Endo CLDN5 SLC7A5,0.8879228551627237
AGAAGTAAGACGAAGA-1,Endo CLDN5 SLC7A5,0.8797108137393487
AGAAGTAAGATAACAC-1,Oligo MOG OPALIN,0.3927071662411142
AGAAGTAAGCTTTGTG-1,L2-3 CUX2 NTNG1 COL5A2,0.1992333923272829
AGAAGTAAGTAGGATT-1,InN LAMP5 BMP7,0.19489075142189166
AGAAGTACAACAGTGG-1,L2-3 CUX2 NTNG1 PALMD,0.8571018046536482
AGAAGTACACAAGCTT-1,L3-5 RORB MKX GRIN3A,0.8566537488049195
AGAAGTAGTCAGACTT-1,Endo CLDN5 SLC7A5,0.6479831406727864
AGAAGTAGTCTTCCGT-1,Oligo MOG OPALIN,0.9860092332896225
AGAAGTATCAAGAGGC-1,Endo CLDN5 SLC7A5,0.5466610259055056
AGAAGTATCACTGATG-1,Endo CLDN5 SLC7A5,0.7054559119935608
AGAAGTATCATGGCCG-1,L2-3 CUX2 NTNG1 PALMD,0.3163239753636699
AGAAGTATCCCAGCGA-1,T SKAP1 CD247,0.9999998935245458
AGACAAAAGAGGATGA-1,Endo CLDN5 SLC7A5,0.6081381154894715
AGACAAACACGCTGAC-1,Endo CLDN5 SLC7A5,0.007688229546418894
AGACAAATCGAGTCCG-1,L6 OPRK1 THEMIS RGS6,0.8718427519170953
AGACAAATCTGACGCG-1,L2-3 CUX2 NTNG1 PLCH1,0.14428705279493267
AGACACTCATAAGCAA-1,Endo CLDN5 SLC7A5,0.2701231946009619
AGACACTGTACGTACT-1,Endo CLDN5 SLC7A5,0.7319618721475207
AGACACTTCGAGGCAA-1,L2-3 CUX2 NTNG1 PLCH1,0.03291688253770781
AGACACTTCGTAGGGA-1,Endo CLDN5 SLC7A5,0.020408609476587278
AGACAGGCACTGAGTT-1,Endo CLDN5 SLC7A5,0.2524373527634615
AGACAGGCATTATGCG-1,L2-3 CUX2 NTNG1 PLCH1,0.00630030803565012
AGACAGGGTAACGATA-1,Endo CLDN5 SLC7A5,0.8978976523763085
AGACAGGGTAGTCCTA-1,Endo CLDN5 SLC7A5,0.6014677040602482
AGACAGGTCAGACAAA-1,L3-5 RORB MKX GRIN3A,0.12797248173447168
AGACAGGTCCACGAAT-1,Endo CLDN5 SLC7A5,0.40318046505632726
AGACAGGTCCGTTGAA-1,Endo CLDN5 SLC7A5,0.9429617668405601
AGACCATAGAATAACC-1,Endo CLDN5 SLC7A5,0.27099784523539244
AGACCATAGACTCAAA-1,Endo CLDN5 SLC7A5,0.17983133993853317
AGACCATAGAGCCGTA-1,Oligo MOG OPALIN,0.9699677264753659
AGACCATAGAGTGTGC-1,L2-3 CUX2 NTNG1 PALMD,0.2416166684159555
AGACCATAGTATTGCC-1,Endo CLDN5 SLC7A5,0.6279838474486675
AGACCATAGTGTGTTC-1,L2-4 CUX2 RORB CLMN,0.07025825097579681
AGACCATCAAGAAATC-1,OPC PDGFRA PCDH15,0.9999999999620475
AGACCATCACTCAGAT-1,Oligo MOG OPALIN,0.0995359740457746
AGACCATCAGCATGCC-1,Endo CLDN5 SLC7A5,0.9729489852068784
AGACCATCATCATCCC-1,L2-3 CUX2 ACVR1C INHBA,0.06282999326437579
AGACCATGTGACCGAA-1,Oligo MOG OPALIN,0.21076172956673092
AGACCATTCCTCAGAA-1,Endo CLDN5 IL1R1,0.014022618068308925
AGACCCGAGACATCCT-1,Oligo MOG OPALIN,0.7207817596637204
AGACCCGCATGCTGCG-1,Endo CLDN5 SLC7A5,0.18991819906557864
AGACCCGGTTTCGACA-1,Endo CLDN5 SLC7A5,0.24495903661631904
AGACCCGTCAAACCTG-1,Endo CLDN5 SLC7A5,0.10197741550493157
AGACCCGTCAGCATTG-1,SMC ACTA2 CYP1B1,0.06855763126740587
AGACCCGTCCTCTAGC-1,Oligo MOG OPALIN,0.22662165526392072
AGACTCAAGATGCAGC-1,L3-5 RORB PCBP3 LINGO2,0.4484431910582135
AGACTCACATCGTCCT-1,Endo CLDN5 SLC7A5,0.3294690689045625
AGACTCAGTATCGTTG-1,Endo CLDN5 SLC7A5,0.13733992881578688
AGACTCATCACGATCA-1,Endo CLDN5 SLC7A5,0.19582644617377562
AGACTCATCAGGAACG-1,Endo CLDN5 SLC7A5,0.4575794040076449
AGACTCATCCTACCAC-1,Endo CLDN5 SLC7A5,0.1254978550197256
AGACTCATCTATTGTC-1,Endo CLDN5 SLC7A5,0.8579043704010564
AGACTCATCTTAGGAC-1,Endo CLDN5 SLC7A5,0.7689343014410858
AGAGAATAGTGGTGGT-1,Endo CLDN5 SLC7A5,0.4484319423435883
AGAGAATCACGGGTAA-1,Endo CLDN5 SLC7A5,0.8514217953078931
AGAGAATCAGACCGCT-1,Oligo MOG OPALIN,0.3489924243431598
AGAGAATTCACGGACC-1,L3-5 RORB GABRG1 PTPRO,0.23214737570758345
AGAGAATTCTCGCTTG-1,L3-5 RORB MKX GRIN3A,0.054811307364487284
AGAGAGCAGCTTACGT-1,L2-3 CUX2 NTNG1 PALMD,0.24007954294215575
AGAGAGCGTATCGTTG-1,Endo CLDN5 SLC7A5,0.8777585147377527
AGAGAGCGTCCACTTC-1,Endo CLDN5 SLC7A5,0.14245751925980155
AGAGAGCGTTACACAC-1,Endo CLDN5 SLC7A5,0.4518825565947931
AGAGAGCTCGGAGCAA-1,InN PVALB HPSE,0.01526603417932974
AGAGCAGAGGTCATTC-1,Astro GFAP FABP7,0.6937881349363115
AGAGCAGCAATGTCTG-1,Endo CLDN5 SLC7A5,0.6161064407741608
AGAGCAGCAGAACTAA-1,Endo CLDN5 SLC7A5,0.7874733421460769
AGAGCAGCATAATGAG-1,Endo CLDN5 SLC7A5,0.9820167636630879
AGAGCAGCATATCTCT-1,Oligo MOG OPALIN,0.09021474026724224
AGAGCAGGTCATAGTC-1,Endo CLDN5 SLC7A5,0.08405011177979427
AGAGCAGTCTCGGGAC-1,Endo CLDN5 SLC7A5,0.6554746475133385
AGAGCCCAGTCGAATA-1,Endo CLDN5 SLC7A5,0.25997429015666984
AGAGCCCGTCAAGGCA-1,Micro P2RY12 CCL3,0.23729126489504418
AGATAGACATAAGCGG-1,Oligo MOG OPALIN,0.9700047561849923
AGATAGACATGATGCT-1,L2-3 CUX2 NTNG1 PLCH1,0.07544057051379041
AGATAGAGTCATGCAT-1,Endo CLDN5 SLC7A5,0.03369065393443232
AGATAGATCAGCTCTC-1,Endo CLDN5 SLC7A5,0.6847195480628131
AGATAGATCATGCCAA-1,L2-3 CUX2 NTNG1 PALMD,0.30369971747133495
AGATAGATCTGCCTGT-1,L2-3 CUX2 NTNG1 PALMD,0.40855681507782365
AGATCCAAGCTACGTT-1,InN SST PLPP4,0.054958206003197244
AGATCCAAGGAGGGTG-1,Endo CLDN5 SLC7A5,0.3753404510508497
AGATCCACAACACGAG-1,Oligo MOG OPALIN,0.41591049762372445
AGATCCAGTATGGTTC-1,Endo CLDN5 SLC7A5,0.5827581831059567
AGATCCAGTCTTCCGT-1,Endo CLDN5 SLC7A5,0.7901452481523352
AGATCCAGTGATAGAT-1,Endo CLDN5 SLC7A5,0.305753605107958
AGATCCAGTTATTCTC-1,Endo CLDN5 SLC7A5,0.9878543459246033
AGATCCATCCCAAGTA-1,Endo CLDN5 SLC7A5,0.3756541034097988
AGATCCATCGACGCGT-1,Endo CLDN5 SLC7A5,0.2819472727720349
AGATCGTAGAGTATAC-1,Astro AQP4 SLC1A2,0.5354069257166015
AGATCGTAGCATGAAT-1,Endo CLDN5 SLC7A5,0.44372695882398705
AGATCGTAGCTGTTAC-1,Endo CLDN5 SLC7A5,0.3670506226837576
AGATCGTCACTTCTCG-1,Endo CLDN5 SLC7A5,0.9969227130197001
AGATGAAAGGTACATA-1,Endo CLDN5 SLC7A5,0.6954006340793484
AGATGAACAAACGGCA-1,L2-3 CUX2 NTNG1 PALMD,0.38457993098337495
AGATGAACACGAGGTA-1,Endo CLDN5 IL1R1,0.037693993147598207
AGATGAACAGAACTTC-1,Endo CLDN5 SLC7A5,0.1944965752230574
AGATGAAGTCGGAAAC-1,Endo CLDN5 SLC7A5,0.3114652036880603
AGATGAAGTGATAGAT-1,Endo CLDN5 SLC7A5,0.5480701667114366
AGATGAAGTGGAGGTT-1,InN VIP HS3ST3B1,0.018944278883626427
AGATGAATCAGGACAG-1,Endo CLDN5 SLC7A5,0.9395389489305875
AGATGCTAGCTGTTAC-1,Endo CLDN5 SLC7A5,0.38817318246487775
AGATGCTAGGTCCAGA-1,Endo CLDN5 SLC7A5,0.15119442704620537
AGATGCTGTTGCCGCA-1,InN PVALB HPSE,0.8667984109216278
AGATGCTTCAACCTTT-1,Endo CLDN5 SLC7A5,0.7161029210430768
AGATGCTTCAATCCGA-1,Astro AQP4 SLC1A2,0.7741514597756805
AGATGCTTCAGCGGAA-1,L2-4 CUX2 RORB CLMN,0.08955480176866111
AGCATCACAAACCACT-1,Endo CLDN5 SLC7A5,0.9704438876022159
AGCATCAGTACGATCT-1,Endo CLDN5 SLC7A5,0.13272393102727084
AGCATCAGTCCTACGG-1,Oligo MOG OPALIN,0.5296207467945347
AGCATCAGTCTAACTG-1,Endo CLDN5 SLC7A5,0.27725022827083423
AGCATCATCTCCCTAG-1,L2-3 CUX2 ACVR1C INHBA,0.03920953013062601
AGCCAATAGGGAGGGT-1,Endo CLDN5 SLC7A5,0.6689970133158103
AGCCAATCAAGATCCT-1,VLMC COL1A2 VLMCA8,0.7676162331161415
AGCCAATCAGCAGTCC-1,Endo CLDN5 SLC7A5,0.1709682086813345
AGCCAATCATCGGCCA-1,Astro AQP4 SLC1A2,0.057441537734605426
AGCCAATCATGGCTGC-1,Endo CLDN5 SLC7A5,0.9278555131457593
AGCCAATGTACGTGTT-1,Endo CLDN5 SLC7A5,0.8283607656348836
AGCCAATGTCCGGTGT-1,L2-3 CUX2 NTNG1 PALMD,0.19759691569816576
AGCCAATGTCGAATGG-1,L2-3 CUX2 NTNG1 PALMD,0.03202742294687883
AGCCAATGTGTCTAAC-1,Endo CLDN5 SLC7A5,0.07096288253588293
AGCCAATTCAAACGTC-1,Oligo MOG OPALIN,0.6750644100986207
AGCCACGAGGAGAATG-1,Endo CLDN5 SLC7A5,0.12423562688410197
AGCCACGGTTATAGCC-1,Endo CLDN5 SLC7A5,0.7828189866611658
AGCCACGGTTCCGCGA-1,L6 FEZF2 NPFFR2 KCNK2,0.9861126232771561
AGCCACGTCAGCCCAG-1,InN SST TRPC7,0.02675680450981625
AGCCACGTCCATTGTT-1,Endo CLDN5 SLC7A5,0.7116114944162099
AGCCACGTCCGGACGT-1,Endo CLDN5 SLC7A5,0.4067429366918201
AGCCACGTCGGTTCAA-1,SMC ACTA2 CNN1,0.9527684924420068
AGCCAGCAGAATCCCT-1,L2-4 CUX2 RORB CLMN,0.23010569607584455
AGCCAGCAGCAACCAG-1,InN ADARB2 CADPS2,0.9774834923135528
AGCCAGCAGCGAATGC-1,Oligo MOG OPALIN,0.9140690969922988
AGCCAGCAGCGTCTCG-1,Endo CLDN5 SLC7A5,0.4665910696466648
AGCCAGCCACACTTAG-1,Micro P2RY12 CCL3,0.09658286330897971
AGCCAGCGTATTCCGA-1,Astro AQP4 SLC1A2,0.7507406399324459
AGCCAGCGTCAATCTG-1,Endo CLDN5 SLC7A5,0.6392641305264318
AGCCAGCGTGTCTTAG-1,Endo CLDN5 SLC7A5,0.1054064559984275
AGCGATTCAGACCTGC-1,Endo CLDN5 SLC7A5,0.39030144545918777
AGCGATTGTATCGTTG-1,Endo CLDN5 SLC7A5,0.6891344845700562
AGCGATTTCTCGCTCA-1,Endo CLDN5 SLC7A5,0.33982558068867913
AGCGCCACAACCACGC-1,Oligo MOG OPALIN,0.998962214576413
AGCGCCACAATGACCT-1,SMC ACTA2 CNN1,0.9743759342902392
AGCGCCACAATTTCCT-1,OPC PDGFRA PCDH15,0.9999999999999223
AGCGCCACAGCACGAA-1,L2-3 CUX2 NTNG1 PALMD,0.008037624491320805
AGCGCCACAGCTCCTT-1,Micro P2RY12 CCL3,0.04182151501227815
AGCGCCATCAAGGTGG-1,L2-4 CUX2 RORB CLMN,0.854380084112196
AGCGCTGAGGTGCTGA-1,Endo CLDN5 SLC7A5,0.8292780617356158
AGCGCTGAGGTTGGTG-1,L2-3 CUX2 NTNG1 PALMD,0.03607447310602709
AGCGCTGCATGTAACC-1,OPC PDGFRA PCDH15,0.9999999999999749
AGCGCTGTCGACGATT-1,Oligo MOG OPALIN,0.506466496812068
AGCGTATCAACTTGGT-1,Oligo MOG OPALIN,0.9970506581635634
AGCGTATCAATCCTTT-1,Endo CLDN5 SLC7A5,0.9836166220311242
AGCGTATCAGATTTCG-1,Endo CLDN5 SLC7A5,0.3991651482199327
AGCGTATTCCCGTTCA-1,L6 OPRK1 SMYD1 KCND2,0.012503206696881765
AGCGTATTCTGCATAG-1,Endo CLDN5 SLC7A5,0.1024092829792843
AGCGTCGAGTCACAGG-1,L5-6 FEZF2 NXPH2 CDH8,0.2355347834922809
AGCGTCGCATGGAATA-1,Endo CLDN5 SLC7A5,0.2743263183539223
AGCGTCGGTCGGAAAC-1,L2-3 CUX2 NTNG1 PALMD,0.3625219944599542
AGCTACACAAAGGCTG-1,L2-3 CUX2 NTNG1 COL5A2,0.05728699859624005
AGCTACACACAAATGA-1,L2-3 CUX2 NTNG1 PALMD,0.03127125887516106
AGCTACACATTGCCGG-1,Endo CLDN5 SLC7A5,0.9828933071733735
AGCTACAGTATACGGG-1,L6 FEZF2 NPFFR2 KCNK2,0.027633767948867124
AGCTCAAGTAACGATA-1,Endo CLDN5 SLC7A5,0.9580467386914356
AGCTCAAGTCGATGCC-1,Micro P2RY12 CCL3,0.08304801066198118
AGCTTCCAGCGTTGTT-1,L3-5 RORB GABRG1 PTPRO,0.14439723763980725
AGCTTCCAGCTACAAA-1,L2-3 CUX2 ACVR1C THSD7A,0.7671897987550489
AGCTTCCTCCACTTTA-1,L2-3 CUX2 NTNG1 PALMD,0.31146143669110715
AGCTTCCTCGCGAAGA-1,Endo CLDN5 SLC7A5,0.2138374810767466
AGCTTCCTCTACAGGT-1,Oligo MOG OPALIN,0.44542766833595654
AGGAAATAGCGCATCC-1,Oligo MOG FRY,0.9987724455884703
AGGAAATCAGCTGCCA-1,Endo CLDN5 SLC7A5,0.09363812949776482
AGGAAATGTACTTGTG-1,Endo CLDN5 SLC7A5,0.4999110592333242
AGGAAATGTAGGCTGA-1,Oligo MOG OPALIN,0.11814814785846497
AGGAAATGTGGAACCA-1,Endo CLDN5 SLC7A5,0.37407394043430453
AGGAAATGTTCTCTAT-1,InN PVALB ANOS1,0.16199606945105996
AGGAAATTCGGCCCAA-1,L3-5 RORB MKX GRIN3A,0.27460738259676315
AGGAAATTCTGGGTCG-1,Astro AQP4 SLC1A2,0.8205728481513184
AGGAATACACGCTGTG-1,Oligo MOG OPALIN,0.760659285419183
AGGAATACATGACTGT-1,Endo CLDN5 SLC7A5,0.7668463187753558
AGGAATATCCTGGTCT-1,L2-3 CUX2 NTNG1 PALMD,0.2453238734564412
AGGACGAAGAGCCTGA-1,Endo CLDN5 SLC7A5,0.18129469165708884
AGGACGAGTCTAATCG-1,Endo CLDN5 SLC7A5,0.11625286439279413
AGGACGATCTAGCCTC-1,Endo CLDN5 SLC7A5,0.8475557616700427
AGGACGATCTTGAACG-1,Endo CLDN5 SLC7A5,0.04510036334881375
AGGACTTAGCCATTTG-1,Endo CLDN5 SLC7A5,0.6695233837380947
AGGACTTAGCGACATG-1,Astro AQP4 SLC1A2,0.835101354559082
AGGACTTAGGAAGAAC-1,InN VIP HS3ST3B1,0.9292831840845045
AGGACTTCATCGCTAA-1,Micro P2RY12 APBB1IP,0.060391757779909315
AGGACTTTCAGTCTTT-1,L6 OPRK1 THEMIS RGS6,0.18059136792745165
AGGACTTTCTCTGGTC-1,Endo CLDN5 SLC7A5,0.08029745535430187
AGGAGGTAGGAATCGC-1,L2-3 CUX2 NTNG1 PALMD,0.02588886658437471
AGGAGGTCACCCAAGC-1,Oligo MOG OPALIN,0.8320951323271747
AGGAGGTCACGGAAGT-1,Endo CLDN5 SLC7A5,0.8227789455054415
AGGAGGTGTCTTGCGG-1,Endo CLDN5 SLC7A5,0.26943901899252204
AGGATAACAATTAGGA-1,Astro AQP4 SLC1A2,0.3389604795249579
AGGATAACACTGCGAC-1,Endo CLDN5 SLC7A5,0.4681161467567761
AGGATAAGTAGATCCT-1,Endo CLDN5 SLC7A5,0.5579286043467911
AGGATAAGTGTCCAAT-1,Micro P2RY12 CCL3,0.9934761143873188
AGGATAAGTTCAGGTT-1,Endo CLDN5 SLC7A5,0.488867269780453
AGGATAATCGCATGAT-1,Endo CLDN5 SLC7A5,0.4061152862060622
AGGATCTAGTTTCGAC-1,L6 FEZF2 SYT6 PTPRT,0.04364873319855225
AGGATCTCACCTTCCA-1,L2-3 CUX2 NTNG1 COL5A2,0.2971856579694456
AGGATCTCAGCCGTTG-1,Oligo MOG OPALIN,0.9999924708581929
AGGATCTCAGCCTATA-1,Oligo MOG FRY,0.45913730108848094
AGGATCTCATAGAAAC-1,Endo CLDN5 SLC7A5,0.036197251518807615
AGGATCTGTCTCTCAC-1,Endo CLDN5 SLC7A5,0.8634992115202117
AGGCATTCACGCGCTA-1,Endo CLDN5 SLC7A5,0.12675757509704685
AGGCATTGTAATGATG-1,L2-4 CUX2 RORB CLMN,0.055244865198771746
AGGCATTTCCCATGGG-1,Oligo MOG OPALIN,0.11534747652264035
AGGCCACAGAGTCTTC-1,Endo CLDN5 SLC7A5,0.8760152162902081
AGGCCACCAAATAGCA-1,L2-4 CUX2 RORB CLMN,0.053577886435749435
AGGCCACGTGCTGCAC-1,Endo CLDN5 SLC7A5,0.7602314918137649
AGGCCACGTGGTAACG-1,Endo CLDN5 SLC7A5,0.30398693124940745
AGGCCACGTGTTACAC-1,OPC PDGFRA PCDH15,0.9999999997237823
AGGCTGCGTAACCCGC-1,VLMC COL1A2 VLMCA8,0.9999828631565861
AGGCTGCTCCACACCT-1,Endo CLDN5 SLC7A5,0.04158393299350679
AGGCTGCTCCTCCACA-1,OPC PDGFRA PCDH15,0.951092183077663
AGGCTGCTCTCTGCCA-1,Endo CLDN5 SLC7A5,0.1552809156835549
AGGGAGTAGAATAGTC-1,Endo CLDN5 SLC7A5,0.7224067308263817
AGGGAGTCAAGCTGCC-1,L2-3 CUX2 NTNG1 PALMD,0.5039135348644972
AGGGAGTCAATACGAA-1,L2-3 CUX2 NTNG1 PALMD,0.029391624143969623
AGGGAGTCAGCCGTCA-1,OPC PDGFRA PCDH15,0.04787729149872862
AGGGAGTGTAACGATA-1,InN PVALB HPSE,0.021018320008049693
AGGGAGTGTCGTGGAA-1,L2-3 CUX2 NTNG1 PALMD,0.0779531126182226
AGGGAGTGTGACTCTA-1,Endo CLDN5 SLC7A5,0.14333855595521452
AGGGAGTTCAACTACG-1,Oligo MOG OPALIN,0.9053741960235592
AGGGAGTTCATCGCCT-1,Endo CLDN5 SLC7A5,0.6257271286440789
AGGGCCTAGCGAGAAA-1,Endo CLDN5 SLC7A5,0.7096015585707094
AGGGCCTCATGTGGCC-1,L3-5 RORB MKX GRIN3A,0.02813889069956915
AGGGCCTCATTGAAAG-1,Endo CLDN5 SLC7A5,0.4120172152665685
AGGGCCTGTCTACATG-1,InN SST FREM1,0.022159724524012204
AGGGCCTTCCTTACCG-1,Oligo MOG OPALIN,0.032730736726924496
AGGGCTCGTGATGGCA-1,Endo CLDN5 SLC7A5,0.04376114270483543
AGGGTCCAGAACCGCA-1,L3-5 RORB GABRG1 PTPRO,0.05068925328573852
AGGGTCCAGTCCTGCG-1,Endo CLDN5 SLC7A5,0.9691660480040205
AGGGTCCCAACAGATA-1,L3-5 RORB MKX GALR1,0.03668056642324192
AGGGTCCCATTCTCTA-1,Astro GFAP FABP7,0.8679174316789123
AGGGTGAAGAGCAGAA-1,Endo CLDN5 SLC7A5,0.9650571594092605
AGGGTGAAGGCCCGTT-1,Endo CLDN5 SLC7A5,0.8275160058207296
AGGGTGAAGGTTGACG-1,Oligo MOG OPALIN,0.9995250246372512
AGGGTGAAGTGCCAGA-1,Endo CLDN5 SLC7A5,0.02343314550121364
AGGGTGAGTACAAGCG-1,InN VIP ADAM12,0.0392258229492088
AGGGTGATCGGAGATG-1,Endo CLDN5 SLC7A5,0.7786739308782513
AGGGTGATCTCATTTG-1,Astro AQP4 SLC1A2,0.9998552531845845
AGGGTTTAGATGCGAC-1,Endo CLDN5 SLC7A5,0.9937978216529033
AGGGTTTAGTGCAGCA-1,Astro AQP4 SLC1A2,0.9989184086251868
AGGGTTTGTCCAGCCA-1,Astro AQP4 SLC1A2,0.03900482398650175
AGGGTTTGTTCGCGTG-1,Endo CLDN5 SLC7A5,0.9151371635691372
AGGGTTTTCAAGCGTT-1,L2-3 CUX2 NTNG1 PALMD,0.07045524674979625
AGGGTTTTCCCAAGTA-1,L2-3 CUX2 NTNG1 PALMD,0.7790033903008545
AGGTAGGAGTTGTACC-1,Endo CLDN5 SLC7A5,0.03741416689548103
AGGTAGGCAAGGCTTT-1,Oligo MOG OPALIN,0.9792785374791344
AGGTAGGCAAGTGACG-1,OPC PDGFRA PCDH15,0.01712343495803356
AGGTAGGCACGCTATA-1,L2-3 CUX2 NTNG1 PALMD,0.23957809099895763
AGGTAGGTCAACTGAC-1,L2-3 CUX2 NTNG1 PALMD,0.24313962201946684
AGGTAGGTCATTACCT-1,L2-3 CUX2 NTNG1 PALMD,0.09351790969352135
AGGTCATAGAAGCGCT-1,PC P2RY14 GRM8,0.9715834931432087
AGGTCATAGACAACAT-1,Oligo MOG OPALIN,0.9964510082433982
AGGTCATAGTCACTCA-1,Oligo MOG OPALIN,0.9556495262344382
AGGTCATAGTTCTACG-1,Endo CLDN5 SLC7A5,0.7496531157360782
AGGTCATCAAGCAGGT-1,L2-4 CUX2 RORB CLMN,0.5989529389243252
AGGTCATCAGAAACCG-1,Endo CLDN5 SLC7A5,0.9155316098424101
AGGTCATTCTATCGTT-1,Endo CLDN5 SLC7A5,0.7927432574854023
AGGTCTACAAAGGGTC-1,Endo CLDN5 SLC7A5,0.357988576027139
AGGTCTACACACCTGG-1,Oligo MOG OPALIN,0.9417333256913167
AGGTCTATCATCTATC-1,L3-5 RORB MKX GRIN3A,0.7334604653603155
AGGTCTATCATTGGTG-1,L2-3 CUX2 ACVR1C THSD7A,0.009030951818255433
AGGTCTATCGCCAATA-1,PC P2RY14 GRM8,0.9998443207533179
AGGTGTTAGTCATTGC-1,Oligo MOG OPALIN,0.9265906523588517
AGGTGTTGTGAGAACC-1,Oligo MOG OPALIN,0.013952549071676389
AGGTGTTGTGTCCTAA-1,Endo CLDN5 SLC7A5,0.7482650753074807
AGGTGTTGTTCAATCG-1,Endo CLDN5 SLC7A5,0.47740059615958985
AGGTGTTGTTTGGGTT-1,L2-3 CUX2 NTNG1 PALMD,0.3315192916270492
AGGTTGTGTCCGGTCA-1,Oligo MOG OPALIN,0.6729515258412331
AGGTTGTGTGGTCCGT-1,Endo CLDN5 SLC7A5,0.9869012484046732
AGGTTGTGTTCCACAA-1,L3-5 RORB MKX DCC,0.8658535360995889
AGGTTGTTCACCGGGT-1,InN SST ADAMTSL1,0.04800353289129407
AGGTTGTTCACGTCCT-1,L3-5 RORB MKX DCC,0.9919599868973832
AGGTTGTTCCGTTTCG-1,Endo CLDN5 SLC7A5,0.2990445867859367
AGGTTGTTCTGGACCG-1,Astro GFAP AQP1,0.15301166098197766
AGTAACCGTATGAGAT-1,L3-5 RORB MKX DCC,0.9962739349455919
AGTAACCGTGCATCTA-1,Micro P2RY12 APBB1IP,0.4781661075760481
AGTAACCTCAAATAGG-1,Endo CLDN5 SLC7A5,0.7819541993920115
AGTAACCTCGTTAGTG-1,L2-3 CUX2 NTNG1 PALMD,0.14989118266949775
AGTACCAAGCGATGGT-1,L2-3 CUX2 NTNG1 PALMD,0.055638539898335664
AGTACCAGTCGTCATA-1,InN PVALB HPSE,0.11932879604765857
AGTACCATCAAAGACA-1,Endo CLDN5 SLC7A5,0.7954832644211567
AGTACTGAGGGATCGT-1,Oligo MOG OPALIN,0.495190183794239
AGTACTGCAAGAGTTA-1,L3-5 RORB GABRG1 PLCH1,0.22281832036953136
AGTACTGCACGACGTC-1,L3-5 RORB MKX GRIN3A,0.1934149060047499
AGTACTGCACGTCTCT-1,Endo CLDN5 SLC7A5,0.9731369929259679
AGTACTGCACTAGAGG-1,Endo CLDN5 SLC7A5,0.4485700124527539
AGTACTGGTTTGAACC-1,Oligo MOG OPALIN,0.12266345673288506
AGTACTGTCAATGCAC-1,Endo CLDN5 SLC7A5,0.09051392821463093
AGTACTGTCAGTCAGT-1,L3-5 RORB MKX GRIN3A,0.06780271325811851
AGTACTGTCCTAACAG-1,Endo CLDN5 SLC7A5,0.6356499635311104
AGTACTGTCTATTGTC-1,Oligo MOG OPALIN,0.2768913388267402
AGTAGCTAGAGGTTTA-1,Endo CLDN5 SLC7A5,0.9948865312554981
AGTAGCTAGCCAGTAG-1,Endo CLDN5 SLC7A5,0.008265652413083217
AGTAGCTAGGTAGGCT-1,Endo CLDN5 SLC7A5,0.055358879586240715
AGTAGCTCAACACGAG-1,L2-3 CUX2 NTNG1 PALMD,0.03931876912333774
AGTAGCTCACCGGCTA-1,Endo CLDN5 SLC7A5,0.30794525718315624
AGTAGCTCATAACCCA-1,L2-3 CUX2 NTNG1 PLCH1,0.1299742728519882
AGTAGTCCAACTCGTA-1,Oligo MOG OPALIN,0.6883376214799349
AGTAGTCCACAAGTTC-1,InN ADARB2 FAM19A1,0.764674189974831
AGTAGTCTCGCAGTTA-1,Endo CLDN5 SLC7A5,0.18411188256877312
AGTCAACAGTGGCGAT-1,Endo CLDN5 SLC7A5,0.14698601236501407
AGTCAACCAACAGCTT-1,Micro P2RY12 APBB1IP,0.5718560292662884
AGTCAACGTGCTATTG-1,Endo CLDN5 SLC7A5,0.1655798988082026
AGTCAACTCCACTGGG-1,Astro GFAP FABP7,0.9988856427914288
AGTCACAAGACTCGAG-1,PC P2RY14 GRM8,0.99995817642212
AGTCACAAGATACTGA-1,Endo CLDN5 SLC7A5,0.42457597265353925
AGTCACAAGCGACTAG-1,Oligo MOG OPALIN,0.9430371845448239
AGTCACACACTAACCA-1,Oligo MOG OPALIN,0.06378205598246071
AGTCATGCAATTGTGC-1,L2-3 CUX2 NTNG1 PALMD,0.5156756136383442
AGTCATGCAGACGATG-1,L3-5 RORB MKX DCC,0.5653871626494414
AGTCATGGTGCGTCGT-1,PC P2RY14 GRM8,0.08888939841366139
AGTCATGGTTGGGCCT-1,Micro P2RY12 CCL3,0.011266257287783552
AGTCATGTCGATTGGT-1,Endo CLDN5 SLC7A5,0.7233606004369334
AGTCTCCAGGCCTTCG-1,PC P2RY14 GRM8,0.9999945341561098
AGTCTCCCAACCACGC-1,L3-5 RORB GABRG1 KCNH7,0.08484581170147376
AGTCTCCCACGCGTCA-1,L2-3 CUX2 NTNG1 PALMD,0.24497227412369146
AGTCTCCCAGCGTAGA-1,Endo CLDN5 SLC7A5,0.9230684015470726
AGTCTCCGTTGACTGT-1,Oligo MOG OPALIN,0.9996598501455715
AGTCTCCTCGGCCCAA-1,Endo CLDN5 SLC7A5,0.5879521110643888
AGTCTCCTCTCTAAGG-1,Endo CLDN5 SLC7A5,0.9381961515300933
AGTGACTAGAGTAACT-1,L3-5 RORB GABRG1 KCNH7,0.3295924581945726
AGTGACTAGGACGGAG-1,L2-4 CUX2 RORB CLMN,0.3637474392059344
AGTGACTAGGATTCAA-1,InN SST HS3ST5,0.5360057959236229
AGTGACTCAAAGCTCT-1,L6 FEZF2 SYT6 PTPRT,0.11136558446125958
AGTGACTCAACAACAA-1,L2-3 CUX2 NTNG1 COL5A2,0.05168764882680505
AGTGACTCAGTAACAA-1,Oligo MOG GSN,0.8915214382640677
AGTGACTTCTACTCAT-1,Oligo MOG OPALIN,0.9200969345175759
AGTGATCAGCTAGCCC-1,Endo CLDN5 SLC7A5,0.23531784006792728
AGTGATCCAGACGATG-1,InN SST ADAMTSL1,0.02475556055657892
AGTGATCGTAAGTCAA-1,Oligo MOG OPALIN,0.30108185112522257
AGTGCCGAGTGGAAGA-1,L2-3 CUX2 NTNG1 PALMD,0.40700681740150324
AGTGCCGCACAATGAA-1,Endo CLDN5 SLC7A5,0.2745853226803124
AGTGCCGCAGTCACGC-1,InN PVALB SNTB1,0.018897677662663884
AGTGCCGCATGCACTA-1,L3-5 RORB MKX GRIN3A,0.0403787284538857
AGTGCCGGTATGACAA-1,Endo CLDN5 SLC7A5,0.0687890497794189
AGTGCCGGTCCGACGT-1,Endo CLDN5 SLC7A5,0.6963425221831413
AGTGCCGGTGACTGAG-1,Endo CLDN5 SLC7A5,0.838441257845085
AGTGCCGTCCAATCCC-1,Endo CLDN5 SLC7A5,0.659828084238977
AGTGTTGAGAGGCCAT-1,Endo CLDN5 SLC7A5,0.17453527519812756
AGTGTTGCAACACTAC-1,Oligo MOG OPALIN,0.7007691934414907
AGTGTTGCATCTCATT-1,Endo CLDN5 SLC7A5,0.36969556868279724
AGTGTTGGTCGGCACT-1,Endo CLDN5 SLC7A5,0.26695712690047335
AGTGTTGGTCTAGTGT-1,Endo CLDN5 SLC7A5,0.6538256554736861
AGTGTTGTCGCAGTTA-1,Endo CLDN5 SLC7A5,0.05196214337160231
AGTTAGCCATTAAAGG-1,Endo CLDN5 SLC7A5,0.6775319319521041
AGTTAGCGTCCACATA-1,Endo CLDN5 SLC7A5,0.5862270945816326
AGTTAGCGTGATGAAT-1,Endo CLDN5 SLC7A5,0.8984778437916601
AGTTAGCGTTGAATCC-1,Endo CLDN5 SLC7A5,0.9998293721847371
AGTTAGCTCCATACTT-1,InN ADARB2 FAM19A1,0.9987722052563979
AGTTCCCGTAGGTCAG-1,Oligo MOG OPALIN,0.042915823084912604
AGTTCCCGTGTCTTCC-1,Astro GFAP AQP1,0.06028546587044688
AGTTCCCGTTGCTCCT-1,Endo CLDN5 SLC7A5,0.9334425236570661
AGTTCCCTCAAATGCC-1,L2-3 CUX2 NTNG1 PALMD,0.7177108949635003
AGTTCCCTCATTACTC-1,Endo CLDN5 SLC7A5,0.03357107141499108
AGTTCGAAGGGCCCTT-1,Astro AQP4 SLC1A2,0.5940700925526263
AGTTCGACAAATCAAG-1,Endo CLDN5 SLC7A5,0.8893710616199827
AGTTCGACACCGGTCA-1,Endo CLDN5 SLC7A5,0.1499744036334512
AGTTCGACACGACAGA-1,Micro P2RY12 APBB1IP,0.6196166187322141
AGTTCGACACTTCATT-1,L2-3 CUX2 NTNG1 COL5A2,0.07210807907530753
AGTTCGACAGGTTCCG-1,Endo CLDN5 SLC7A5,0.3660973601354538
AGTTCGAGTAGCACGA-1,Endo CLDN5 SLC7A5,0.9401948397873255
AGTTCGAGTTGGGACA-1,Endo CLDN5 SLC7A5,0.8112367086759541
ATACCGACATTCAGGT-1,Oligo MOG OPALIN,0.29317289968649823
ATACCGACATTCCTAT-1,L2-3 CUX2 NTNG1 PALMD,0.09521464975879292
ATACCTTAGACCAACG-1,L6 OPRK1 THEMIS RGS6,0.8437166227448925
ATACCTTAGGCTTAGG-1,Endo CLDN5 SLC7A5,0.23763851997038823
ATACCTTAGTTGTCAC-1,Endo CLDN5 SLC7A5,0.9920099345751291
ATACCTTGTTAATGAG-1,L3-5 RORB GABRG1 PLCH1,0.04908173839321116
ATACCTTGTTATCTTC-1,Endo CLDN5 SLC7A5,0.996578389855591
ATACCTTTCATAAGGA-1,Oligo MOG OPALIN,0.9830083491595646
ATACTTCAGAGGTGCT-1,Endo CLDN5 SLC7A5,0.21293868944380598
ATACTTCAGCGCCCAT-1,Endo CLDN5 SLC7A5,0.0772890611013488
ATACTTCAGGTCGCCT-1,T SKAP1 CD247,0.999996732141999
ATACTTCAGTAGCCAG-1,Endo CLDN5 SLC7A5,0.026904759694088193
ATACTTCCAACAGAGC-1,Endo CLDN5 SLC7A5,0.5633444082755169
ATACTTCCAGGCTTGC-1,L2-3 CUX2 NTNG1 PALMD,0.07548243562178004
ATACTTCCAGGTTTAC-1,Endo CLDN5 SLC7A5,0.941361144510437
ATACTTCTCAGTGTTG-1,Oligo MOG OPALIN,0.9999972371697969
ATAGACCAGAAATGGG-1,Endo CLDN5 SLC7A5,0.973250492677476
ATAGACCCAACTCCCT-1,Oligo MOG OPALIN,0.3450626976940773
ATAGACCCAAGTCATC-1,L2-3 CUX2 NTNG1 PALMD,0.07440493603705503
ATAGAGAAGCGCCATC-1,OPC PDGFRA PCDH15,0.9999999999999996
ATAGAGAAGTCCTGTA-1,Astro AQP4 SLC1A2,0.9993244901826159
ATAGAGACAAGCCCAC-1,Endo CLDN5 SLC7A5,0.12168521877875359
ATAGGCTCAAACAGGC-1,L2-3 CUX2 NTNG1 PALMD,0.22749923320931015
ATAGGCTCAATAGGGC-1,L3-5 RORB GABRG1 PTPRO,0.021132655246667922
ATAGGCTCACCAAATC-1,Oligo MOG OPALIN,0.28461929204265707
ATAGGCTGTCCTTGTC-1,Endo CLDN5 SLC7A5,0.8491871214328888
ATAGGCTGTTTACCTT-1,L3-5 RORB PCBP3 LINGO2,0.159453211857276
ATAGGCTTCATGCCCT-1,Oligo MOG OPALIN,0.041181046416011405
ATATCCTAGGACATCG-1,L6 OPRK1 SMYD1 KCND2,0.03429216741170696
ATATCCTAGTGCACTT-1,Oligo MOG OPALIN,0.9704455148952612
ATATCCTCAGTCGAGA-1,Endo CLDN5 SLC7A5,0.8982950446603468
ATATCCTGTGAATTAG-1,L2-3 CUX2 NTNG1 COL5A2,0.1497058886231915
ATATCCTGTTGATGTC-1,Endo CLDN5 SLC7A5,0.8531186589708363
ATATCCTTCCTGCCAT-1,InN VIP MEGF11 LHFP,0.023741442396017394
ATCACAGCATAATCGC-1,Endo CLDN5 SLC7A5,0.09975539176678422
ATCACAGGTGGTAACG-1,Endo CLDN5 SLC7A5,0.6536127975601913
ATCACAGGTTATAGAG-1,Micro P2RY12 APBB1IP,0.05247564960008904
ATCACAGTCGAATCCA-1,Oligo MOG OPALIN,0.12090344892418789
ATCACGAAGGCCCACT-1,L3-5 RORB MKX DCC,0.04631268912354586
ATCACGAAGTGTAGAT-1,Micro P2RY12 APBB1IP,0.31748309346755194
ATCACGACACAGCCAC-1,Endo CLDN5 SLC7A5,0.2889847425515787
ATCACGAGTATCGCTA-1,Astro AQP4 SLC1A2,0.9795981579940769
ATCACGAGTCACTGAT-1,Oligo MOG OPALIN,0.9765832317386582
ATCACGAGTGCAACAG-1,Endo CLDN5 IL1R1,0.9973784050003082
ATCACGATCCAGCCTT-1,Astro AQP4 SLC1A2,0.9851424690360624
ATCACGATCCATACTT-1,Endo CLDN5 SLC7A5,0.16941126592516456
ATCACGATCGAAGCAG-1,Micro P2RY12 APBB1IP,0.044805282738762726
ATCACTTAGTGCGCTC-1,L2-4 CUX2 RORB CLMN,0.08912891509521553
ATCACTTCAACGGCCT-1,Endo CLDN5 SLC7A5,0.028259967392693583
ATCACTTCATCGTGGC-1,Endo CLDN5 SLC7A5,0.3418588058878797
ATCACTTCATGACAGG-1,Endo CLDN5 SLC7A5,0.9149441533280902
ATCACTTCATGGGATG-1,InN VIP SCML4,0.5559611560161586
ATCACTTGTACCCAGC-1,Micro P2RY12 CCL3,0.3120007383445351
ATCACTTGTCGTTTCC-1,L2-3 CUX2 NTNG1 PALMD,0.01150685274998735
ATCACTTGTTACGGAG-1,InN SST THSD7B,0.8112062107933986
ATCACTTTCACGGTCG-1,Oligo MOG FRY,0.03950578627557507
ATCACTTTCTAGTCAG-1,Micro P2RY12 APBB1IP,0.03458952147496584
ATCAGGTCACCTGCGA-1,Endo CLDN5 SLC7A5,0.14884473997591588
ATCAGGTGTATCTCTT-1,Oligo MOG OPALIN,0.07265491826315289
ATCAGGTTCGCTCCTA-1,Endo CLDN5 SLC7A5,0.8262105562447541
ATCAGGTTCTGTACAG-1,Micro P2RY12 CCL3,0.9988980621567208
ATCATTCAGCATCCCG-1,Oligo MOG OPALIN,0.15758061872627943
ATCATTCAGTTTCGGT-1,Endo CLDN5 SLC7A5,0.3814600388728725
ATCATTCCACATTGTG-1,InN VIP EXPH5,0.2335448916830278
ATCCACCAGCTGACAG-1,Endo CLDN5 SLC7A5,0.24269937642397343
ATCCACCCAGTTGTCA-1,Endo CLDN5 SLC7A5,0.03624761664823852
ATCCACCGTGGACCTC-1,L3-5 RORB MKX GRIN3A,0.4424307421554615
ATCCACCTCAAGTTGC-1,Endo CLDN5 SLC7A5,0.389333548891035
ATCCACCTCCTAGCCT-1,Endo CLDN5 SLC7A5,0.8691049117993476
ATCCACCTCTGCGGGT-1,L2-3 CUX2 NTNG1 COL5A2,0.018399584660351787
ATCCATTAGTGCTCAT-1,Oligo MOG OPALIN,0.9999217750877946
ATCCATTAGTTGCCCG-1,Oligo MOG OPALIN,0.8519407916241002
ATCCATTCAGGCTCTG-1,L3-5 RORB MKX GRIN3A,0.01315321557014862
ATCCATTGTAGGGAGG-1,Endo CLDN5 SLC7A5,0.08500470025646753
ATCCATTGTTAAGCAA-1,Endo CLDN5 SLC7A5,0.5807879786133848
ATCCCTGAGTCCCAGC-1,L2-3 CUX2 NTNG1 PLCH1,0.09825794981032968
ATCCCTGAGTTTGGCT-1,T SKAP1 CD247,0.3538178483223441
ATCCCTGCAAGCCTGC-1,Endo CLDN5 SLC7A5,0.3070664744196478
ATCCCTGCAAGTCCAT-1,Endo CLDN5 SLC7A5,0.28572416224583297
ATCCCTGCACCCTAAA-1,L2-3 CUX2 NTNG1 PALMD,0.005595227430511679
ATCCCTGCACTGCTTC-1,Micro P2RY12 APBB1IP,0.0646001106158064
ATCCCTGCATGGGCAA-1,L6 OPRK1 SMYD1 SNTB1,0.08200812494176601
ATCCCTGGTCGGAACA-1,InN LAMP5 LHX6 TAC1,0.9322709140078752
ATCCCTGGTTCGAACT-1,Endo CLDN5 SLC7A5,0.9986355495070132
ATCCCTGTCGCCAGTG-1,Endo CLDN5 SLC7A5,0.13900250179235069
ATCCCTGTCTCATTGT-1,Endo CLDN5 SLC7A5,0.8230002746352237
ATCCCTGTCTCGCTCA-1,L2-3 CUX2 NTNG1 PALMD,0.2972246772822181
ATCCGTCAGACTTGTC-1,Endo CLDN5 SLC7A5,0.9133219378527996
ATCCGTCAGCTCGCAC-1,L2-3 CUX2 NTNG1 PLCH1,0.019956312727620853
ATCCGTCCACAATCTG-1,Endo CLDN5 SLC7A5,0.6240590776179924
ATCCGTCCATGTACGT-1,Endo CLDN5 SLC7A5,0.458677448434196
ATCCGTCGTTGCAACT-1,Endo CLDN5 SLC7A5,0.9349999547293825
ATCCGTCTCCGACAGC-1,OPC PDGFRA PCDH15,0.0730604350061049
ATCCGTCTCCTACGGG-1,Astro AQP4 SLC1A2,0.9995264002808172
ATCCGTCTCGCAGAGA-1,L6 OPRK1 THEMIS RGS6,0.01215654660449205
ATCCGTCTCTCCTGCA-1,L3-5 RORB MKX GRIN3A,0.5111153639874045
ATCCTATAGCTCCACG-1,L2-3 CUX2 ACVR1C THSD7A,0.022435285989741562
ATCCTATAGTGATAAC-1,Endo CLDN5 SLC7A5,0.4745016696355722
ATCCTATCACAGAAGC-1,Endo CLDN5 SLC7A5,0.15756908210357368
ATCCTATCAGTTTCGA-1,Endo CLDN5 SLC7A5,0.9950670198673722
ATCCTATGTACAAGCG-1,Endo CLDN5 SLC7A5,0.7482958365712151
ATCCTATGTAGCGAGT-1,Endo CLDN5 SLC7A5,0.9163957536697498
ATCCTATGTCGATGCC-1,InN SST STK32A,0.978411277429043
ATCCTATGTCTGCATA-1,InN PVALB PDE3A,0.10747001064328159
ATCCTATGTTACCTTT-1,Endo CLDN5 SLC7A5,0.3540178087171258
ATCGATGCACTAACGT-1,Endo CLDN5 SLC7A5,0.016467364155456608
ATCGATGCAGATCCAT-1,Oligo MOG OPALIN,0.1386212739599818
ATCGATGCATAATCGC-1,Oligo MOG OPALIN,0.6784103605976488
ATCGATGGTCCGGATC-1,Oligo MOG OPALIN,0.9996428815939336
ATCGATGTCATTGCTT-1,Endo CLDN5 SLC7A5,0.15600659567725286
ATCGATGTCCGACAGC-1,Endo CLDN5 SLC7A5,0.22174307433825355
ATCGCCTAGAGCATTA-1,Endo CLDN5 SLC7A5,0.1697438064797224
ATCGCCTAGAGGATGA-1,L2-3 CUX2 NTNG1 PALMD,0.019265633023155395
ATCGCCTCAATCAGCT-1,L2-4 CUX2 RORB CLMN,0.029890043424989406
ATCGCCTCATATTCGG-1,Endo CLDN5 SLC7A5,0.20792041127488461
ATCGCCTTCACTTGTT-1,Astro AQP4 SLC1A2,0.9940377207537345
ATCGCCTTCTACTGAG-1,Astro GFAP AQP1,0.04362876443353893
ATCGCCTTCTCGGGAC-1,L2-3 CUX2 NTNG1 PALMD,0.08670465854373048
ATCGGATAGCGCCTAC-1,Astro AQP4 SLC1A2,0.8547234981878978
ATCGGATCACCGTACG-1,Endo CLDN5 SLC7A5,0.8704024810392424
ATCGGATGTCACTCTC-1,L2-3 CUX2 ACVR1C THSD7A,0.3660646590139892
ATCGGATTCAGCCCAG-1,L3-5 RORB MKX GRIN3A,0.2562913601924765
ATCGGATTCTATCGCC-1,L2-3 CUX2 ACVR1C INHBA,0.13705984107016778
ATCGGATTCTGTAAGC-1,Oligo MOG OPALIN,0.9778306151831202
ATCGGCGAGGTAAACT-1,L2-3 CUX2 ACVR1C THSD7A,0.07060550923487069
ATCGGCGAGTCTACCA-1,SMC ACTA2 CYP1B1,0.8291123510058122
ATCGGCGCAAAGCTCT-1,SMC ACTA2 CNN1,0.35413359127422583
ATCGGCGCACCTGATA-1,L2-3 CUX2 NTNG1 PALMD,0.05122230661904379
ATCGGCGCAGTCGCTG-1,Astro AQP4 SLC1A2,0.025730486282468493
ATCGGCGTCATGGGAG-1,L2-3 CUX2 NTNG1 PALMD,0.1716149198966388
ATCGTAGAGTAACGAT-1,Endo CLDN5 SLC7A5,0.1442973953073154
ATCGTAGCAACCGATT-1,Endo CLDN5 SLC7A5,0.013598193769340884
ATCGTAGCAGGTGTGA-1,L2-3 CUX2 NTNG1 PLCH1,0.11645410323732419
ATCGTAGCATACAGCT-1,L3-5 RORB MKX DCC,0.03833712954078557
ATCGTCCAGAACTCCT-1,L3-5 RORB MKX DCC,0.07339826589115718
ATCGTCCCACTCCACT-1,Endo CLDN5 SLC7A5,0.08940070015184787
ATCGTGATCACAGTGT-1,VLMC SLC47A1 SLC4A4,0.9999137898194085
ATCTCTACAGAGTTGG-1,Endo CLDN5 SLC7A5,0.829628850160993
ATCTCTAGTACAAGTA-1,Endo CLDN5 SLC7A5,0.7745706829476108
ATCTCTAGTACCAATC-1,Endo CLDN5 SLC7A5,0.9023670327936829
ATCTTCAAGACCAGAC-1,Oligo MOG OPALIN,0.9997276669485019
ATCTTCAAGCTCCATA-1,Astro AQP4 SLC1A2,0.9880286259756328
ATCTTCAAGGTGCCAA-1,L2-3 CUX2 ACVR1C THSD7A,0.04950659650976277
ATCTTCACAACGATCT-1,L2-3 CUX2 NTNG1 COL5A2,0.4190670339598108
ATCTTCAGTGTCATTG-1,Oligo MOG OPALIN,0.10377850354017107
ATCTTCAGTGTCTCCT-1,L6 FEZF2 SYT6 PTPRT,0.38131101403854845
ATCTTCATCGGCTTCT-1,L2-3 CUX2 NTNG1 COL5A2,0.11192344481350798
ATGAAAGAGAGGTTAT-1,InN SST FREM1,0.9650091808036718
ATGAAAGAGTGGTGAC-1,Endo CLDN5 SLC7A5,0.28834376386105737
ATGAAAGCACCTCTAC-1,Endo CLDN5 SLC7A5,0.5234882101579349
ATGAAAGCAGGCATTT-1,OPC PDGFRA PCDH15,0.9999999999526668
ATGAAAGGTTTACTTC-1,Micro P2RY12 CCL3,0.9487610954851305
ATGAAAGTCCGATCGG-1,InN VIP EXPH5,0.9995242699429099
ATGAAAGTCGCTATTT-1,Endo CLDN5 SLC7A5,0.16380898908905167
ATGACCACAGGTGTGA-1,InN VIP SCML4,0.570622917727468
ATGACCAGTAATCAAG-1,L2-3 CUX2 NTNG1 PALMD,0.27992877151295703
ATGACCATCACCGCTT-1,Endo CLDN5 SLC7A5,0.2650311137861227
ATGACCATCTGGAAGG-1,Endo CLDN5 SLC7A5,0.8828366979473377
ATGAGGGAGGAATTAC-1,Astro GFAP FABP7,0.9973608250350122
ATGAGGGAGTCACTCA-1,Endo CLDN5 SLC7A5,0.023760820778055226
ATGAGGGCAAGACGGT-1,Endo CLDN5 SLC7A5,0.9580548505725409
ATGAGGGCACAACGAG-1,L3-5 RORB MKX DCC,0.972248006157343
ATGAGGGGTAACTGCT-1,Astro AQP4 SLC1A2,0.9808241271732462
ATGAGGGGTATTGACC-1,L3-5 RORB TNNT2 PRRX1,0.03237075266739211
ATGAGGGGTATTGGCT-1,Endo CLDN5 SLC7A5,0.907689289235647
ATGAGGGTCTCAGAAC-1,L2-3 CUX2 NTNG1 PALMD,0.14759017806264024
ATGAGTCAGAAATCCA-1,L5-6 FEZF2 NXPH2 CDH8,0.02070168573235099
ATGAGTCAGCGTATAA-1,Oligo MOG OPALIN,0.9999921380460248
ATGAGTCCAGCTGTGC-1,L3-5 RORB GABRG1 PLCH1,0.10343932474856689
ATGAGTCTCAAATGCC-1,L3-5 RORB MKX DCC,0.9948411819229713
ATGAGTCTCAAGAGTA-1,Micro P2RY12 CCL3,0.9999244956452213
ATGATCGAGAGGCGTT-1,Endo CLDN5 SLC7A5,0.04751905620333538
ATGATCGCATTGTAGC-1,Endo CLDN5 SLC7A5,0.2857730120454091
ATGATCGGTAAGATAC-1,L3-5 RORB MKX DCC,0.06428273771473261
ATGATCGGTGGGATTG-1,Endo CLDN5 SLC7A5,0.973309244231717
ATGATCGGTGTTGCCG-1,Oligo MOG OPALIN,0.3423539007657084
ATGATCGTCTGAGATC-1,Endo CLDN5 SLC7A5,0.9191065709079972
ATGCATGAGATGTTGA-1,Oligo MOG OPALIN,0.9513465339057731
ATGCATGAGCAAGTGC-1,Oligo MOG OPALIN,0.7431425064188489
ATGCATGCAACTTGCA-1,Endo CLDN5 SLC7A5,0.9999581740912741
ATGCATGCACTACGGC-1,Endo CLDN5 SLC7A5,0.39133403000330386
ATGCATGCATAGCACT-1,Endo CLDN5 SLC7A5,0.8779363079779455
ATGCATGGTCGTCTCT-1,L2-4 CUX2 RORB CLMN,0.10632977190552013
ATGCATGTCCAGGACC-1,OPC PDGFRA PCDH15,0.9999999999999947
ATGCATGTCTGGGCCA-1,Astro AQP4 SLC1A2,0.99699864075062
ATGCCTCAGACTGAGC-1,Oligo MOG OPALIN,0.08743767767765614
ATGCCTCCAAGGTCGA-1,Endo CLDN5 SLC7A5,0.9808506704255038
ATGCCTCCACAACATC-1,Oligo MOG OPALIN,0.3939441780129712
ATGCCTCCACAATGAA-1,L2-3 CUX2 NTNG1 COL5A2,0.030323412952864698
ATGCCTCCAGCACACC-1,Endo CLDN5 SLC7A5,0.05840281010551201
ATGCCTCCAGCGAACA-1,Micro P2RY12 APBB1IP,0.15537616500732587
ATGCCTCCAGCTCCTT-1,Micro P2RY12 APBB1IP,0.028637245802716697
ATGCCTCCATCGCTCT-1,L2-3 CUX2 NTNG1 PALMD,0.3308506538170376
ATGCCTCCATCTCAAG-1,Oligo MOG OPALIN,0.17630712505511784
ATGCCTCGTGGCTTGC-1,Oligo MOG OPALIN,0.99916195528962
ATGCCTCTCCCATACC-1,Endo CLDN5 SLC7A5,0.449475121598033
ATGCGATGTCAAACGG-1,Astro AQP4 SLC1A2,0.604623321338602
ATGCGATGTTAGTTCG-1,Endo CLDN5 SLC7A5,0.9951254772210281
ATGGAGGCACCCAATA-1,Oligo MOG OPALIN,0.9211472065273565
ATGGAGGCACTTCATT-1,Endo CLDN5 SLC7A5,0.4186848704808603
ATGGAGGCAGCGACCT-1,Endo CLDN5 SLC7A5,0.480857164509121
ATGGAGGGTACGGTTT-1,Endo CLDN5 SLC7A5,0.13877051526120313
ATGGAGGGTAGACTGG-1,PC P2RY14 GRM8,0.9999968344829052
ATGGAGGTCTTTCCGG-1,L3-5 RORB MKX GRIN3A,0.5270646905235425
ATGGGAGAGGGTGGGA-1,L2-3 CUX2 NTNG1 PALMD,0.3949131075435528
ATGGGAGAGTCGCTAT-1,Oligo MOG OPALIN,0.9992798458140602
ATGGGAGCACTAACGT-1,Oligo MOG OPALIN,0.9881277998968663
ATGGGAGGTCAACCAT-1,Oligo MOG OPALIN,0.27757507200706283
ATGGGAGGTCCACAGC-1,PC P2RY14 GRM8,0.9994582123093964
ATGGGAGTCCAATCTT-1,L6 OPRK1 THEMIS RGS6,0.9772832213866889
ATGGGTTTCCATTTGT-1,Endo CLDN5 SLC7A5,0.2527961047313404
ATGGGTTTCCGAGATT-1,L2-3 CUX2 NTNG1 PALMD,0.5452511012156753
ATGGTTGAGACATCAA-1,Endo CLDN5 SLC7A5,0.6545226818036982
ATGGTTGCAGTATTCG-1,L3-5 RORB MKX GALR1,0.01584235591150816
ATGGTTGCATGACTAC-1,SMC ACTA2 CNN1,0.9994168342306307
ATGGTTGTCTAATTCC-1,Endo CLDN5 SLC7A5,0.5965184930582795
ATGTCCCCAGAGGAAA-1,L6 FEZF2 NPFFR2 KCNK2,0.8206694449520262
ATGTCCCCAGCACACC-1,Oligo MOG OPALIN,0.8052869982979821
ATGTCCCGTAGTGATA-1,L2-3 CUX2 NTNG1 PALMD,0.024127735342140792
ATGTCCCGTGTCCAAT-1,Endo CLDN5 SLC7A5,0.4820672381022435
ATGTCCCTCCGCGGAT-1,Endo CLDN5 SLC7A5,0.9381149319667279
ATGTCTTAGTCACTAC-1,InN SST FREM1,0.027678095661525834
ATTACCTCAATCACGT-1,InN PVALB GRIN2C,0.4763455765996752
ATTACCTCAGGTTCAT-1,InN VIP ADAM12,0.09796119934011678
ATTACCTCATGACTAC-1,Endo CLDN5 SLC7A5,0.5837929233847639
ATTACCTGTCGCTTGG-1,Endo CLDN5 SLC7A5,0.9497983101712519
ATTACCTGTGCAATGG-1,Oligo MOG OPALIN,0.8536373936476189
ATTACTCAGACATAAC-1,InN VIP HS3ST3B1,0.9019612455835142
ATTACTCAGAGTCAAT-1,L2-3 CUX2 NTNG1 PALMD,0.3877182546445877
ATTACTCAGCGCTGAA-1,Endo CLDN5 SLC7A5,0.046374333980398495
ATTACTCAGTTGTACC-1,Oligo MOG OPALIN,0.1477791758618019
ATTACTCTCCGAGAAG-1,L2-3 CUX2 NTNG1 PALMD,0.4143511096860817
ATTACTCTCTTCGATT-1,Oligo MOG OPALIN,0.9910693271340485
ATTATCCAGATGCTTC-1,Endo CLDN5 SLC7A5,0.9867535394441214
ATTATCCCAAAGGCAC-1,InN PVALB PIEZO2,0.029530257937146774
ATTATCCCAAGAGCTG-1,VLMC COL1A2 VLMCA8,0.9249394977238775
ATTATCCGTCACTTAG-1,Astro GFAP AQP1,0.04718408041975706
ATTATCCGTGTCATCA-1,Endo CLDN5 SLC7A5,0.994997216011147
ATTATCCTCAAAGCCT-1,Oligo MOG OPALIN,0.43221628516431815
ATTATCCTCGCTCTCA-1,L2-3 CUX2 NTNG1 PALMD,0.018382971526284164
ATTCACTCATAGACTC-1,Endo CLDN5 SLC7A5,0.08921290476848236
ATTCACTGTGCAGGAT-1,Endo CLDN5 SLC7A5,0.12982967586380184
ATTCAGGAGCTATCCA-1,Endo CLDN5 SLC7A5,0.07347007715379586
ATTCAGGAGGCCCAAA-1,Endo CLDN5 SLC7A5,0.9963227823417671
ATTCAGGAGGTACTGG-1,L2-3 CUX2 NTNG1 PALMD,0.2755396519826101
ATTCAGGCAAGGCAAC-1,Oligo MOG OPALIN,0.30314399623868976
ATTCAGGCACGTTCGG-1,Astro GFAP AQP1,0.9489073309623924
ATTCAGGCATACAGCT-1,L2-3 CUX2 NTNG1 PALMD,0.39509031998408484
ATTCATCAGACTCCGC-1,Endo CLDN5 SLC7A5,0.9895117849304836
ATTCATCAGTTTCTTC-1,Endo CLDN5 SLC7A5,0.9485063241691759
ATTCATCCAAGAGAGA-1,Endo CLDN5 SLC7A5,0.4917780980111516
ATTCATCGTCGATTAC-1,Endo CLDN5 SLC7A5,0.1821552338745515
ATTCATCGTTCTATCT-1,SMC ACTA2 CYP1B1,0.9328295207060423
ATTCATCTCGAATGCT-1,Endo CLDN5 SLC7A5,0.5908074205764875
ATTCCATAGACCATAA-1,Endo CLDN5 SLC7A5,0.6792001994450293
ATTCCATAGTGAGTTA-1,Endo CLDN5 SLC7A5,0.5736468275972756
ATTCCATCAGCTGAAG-1,Endo CLDN5 SLC7A5,0.3690423219317424
ATTCCATCATAGAGGC-1,Micro P2RY12 APBB1IP,0.047849683785791866
ATTCCATGTAGTTAGA-1,Endo CLDN5 SLC7A5,0.852316237041591
ATTCCATGTGAGGCAT-1,InN SST STK32A,0.9910293693859494
ATTCCATGTGCCTTTC-1,L2-3 CUX2 NTNG1 PALMD,0.09322905474265615
ATTCCATTCACGACTA-1,OPC PDGFRA PCDH15,0.9999999999985834
ATTCCATTCCTTCTGG-1,L2-3 CUX2 NTNG1 PALMD,0.33256428506921853
ATTCCCGAGGTGCAGT-1,Endo CLDN5 SLC7A5,0.9389844755514438
ATTCCCGCACATTCGA-1,Endo CLDN5 SLC7A5,0.794434621352928
ATTCCCGGTACAAGCG-1,Astro GFAP AQP1,0.09151768106118822
ATTCCCGGTGATTGGG-1,L2-3 CUX2 ACVR1C INHBA,0.10174707754589975
ATTCCCGTCACCTGGG-1,Micro P2RY12 CCL3,0.9999525990654159
ATTCCCGTCCAATGCA-1,L2-4 CUX2 RORB CLMN,0.16706294304458222
ATTCCCGTCTAACGGT-1,SMC ACTA2 CNN1,0.6942064754345438
ATTCCTAAGGATGCGT-1,L2-3 CUX2 NTNG1 PALMD,0.9314667377277882
ATTCCTAAGTAGCAAT-1,VLMC COL1A2 VLMCA8,0.3349048543476318
ATTCCTACAAAGACTA-1,Oligo MOG OPALIN,0.9590768432396539
ATTCCTACAGCAGAAC-1,L2-3 CUX2 NTNG1 PALMD,0.8310856565425125
ATTCCTACAGGTTACT-1,OPC PDGFRA PCDH15,0.9999999999999922
ATTCCTACATGACTGT-1,InN SST FREM1,0.1283293947306572
ATTCCTACATGCCGAC-1,Endo CLDN5 SLC7A5,0.6469924268906475
ATTCCTAGTCTCTCAC-1,Oligo MOG OPALIN,0.9929616228879501
ATTCCTATCGAGCACC-1,L2-3 CUX2 NTNG1 PALMD,0.1093487982701032
ATTCGTTAGCTGGTGA-1,Endo CLDN5 SLC7A5,0.4342704240795875
ATTCGTTGTTCATCGA-1,L2-3 CUX2 NTNG1 COL5A2,0.10427833001550194
ATTCGTTTCCGTCCTA-1,Endo CLDN5 SLC7A5,0.13248880636706115
ATTCGTTTCTTCACGC-1,L6 OPRK1 SMYD1 TSHZ2,0.01878744714103039
ATTCTACAGAGTCTGG-1,Astro AQP4 SLC1A2,0.8802943039574718
ATTCTACAGCTCGAAG-1,Astro AQP4 SLC1A2,0.9999044207136732
ATTCTACAGTAAACAC-1,Endo CLDN5 SLC7A5,0.8988784190629684
ATTCTACCATAAGATG-1,Endo CLDN5 SLC7A5,0.7712443069831135
ATTCTACGTCACATTG-1,Astro GFAP AQP1,0.1159224190559273
ATTCTACGTCTACACA-1,Endo CLDN5 SLC7A5,0.5223787470516069
ATTCTACGTGGGCTCT-1,L3-5 RORB GABRG1 PLCH1,0.22282342027113666
ATTCTACGTTTGGCTA-1,L2-3 CUX2 NTNG1 PALMD,0.7583779560192065
ATTCTACTCGTCAGAT-1,Endo CLDN5 SLC7A5,0.2731996038900771
ATTCTACTCTGTGCTC-1,Endo CLDN5 SLC7A5,0.08593659282966892
ATTCTTGCAATTGCTG-1,L2-3 CUX2 NTNG1 PALMD,0.039483336270338815
ATTCTTGCATGTGGCC-1,Endo CLDN5 SLC7A5,0.19105049283569703
ATTCTTGTCCAATCCC-1,L2-3 CUX2 NTNG1 PALMD,0.08171638536103493
ATTCTTGTCGCCTTGT-1,Endo CLDN5 SLC7A5,0.10716927995725324
ATTCTTGTCGCTTAAG-1,Endo CLDN5 SLC7A5,0.8356043075287785
ATTGGGTCAAGGATGC-1,Endo CLDN5 SLC7A5,0.6644949092128583
ATTGGGTGTAACTTCG-1,Endo CLDN5 SLC7A5,0.1232360223739281
ATTGGGTTCGTCCATC-1,Endo CLDN5 SLC7A5,0.4201308326858422
ATTGGGTTCTGGGCCA-1,InN PVALB HPSE,0.019057775971727652
ATTGTTCAGCCGATTT-1,OPC PDGFRA PCDH15,0.04922183540114648
ATTGTTCAGTTCTACG-1,Endo CLDN5 SLC7A5,0.4183994566592207
ATTGTTCCAAATCCCA-1,Oligo MOG GSN,0.2521998896944319
ATTGTTCCAATAACCC-1,Endo CLDN5 SLC7A5,0.9448775355861199
ATTGTTCGTTCGTTCC-1,Oligo MOG OPALIN,0.9998552251178344
ATTGTTCTCAGACCTA-1,InN SST ADAMTSL1,0.031774811265739056
ATTTACCCAACCACAT-1,Endo CLDN5 SLC7A5,0.8349205261756713
ATTTACCGTAGGAGGG-1,VLMC SLC47A1 SLC4A4,0.9999994892845151
ATTTACCTCCTGCTAC-1,Oligo MOG OPALIN,0.9994607893741081
ATTTACCTCTCCCAAC-1,L2-3 CUX2 NTNG1 PALMD,0.19650553166340268
ATTTACCTCTTCGACC-1,L3-5 RORB MKX GRIN3A,0.7222935108532621
ATTTCACAGAGTCTGG-1,Endo CLDN5 SLC7A5,0.11631726406196352
ATTTCACCATGACGAG-1,L2-3 CUX2 ACVR1C INHBA,0.017534718242774215
ATTTCACTCATAGAGA-1,Endo CLDN5 SLC7A5,0.9515336650874283
ATTTCACTCATTCACT-1,Endo CLDN5 SLC7A5,0.8981633296594324
ATTTCACTCCTTATGT-1,InN SST FREM1,0.01605413713004647
ATTTCTGTCACCATGA-1,L3-5 RORB MKX GRIN3A,0.03500869932364763
ATTTCTGTCCACTGGG-1,Oligo MOG OPALIN,0.8552871416407195
ATTTCTGTCTAGTCAG-1,Astro AQP4 SLC1A2,0.985679361303976
CAAAGAAAGTTGCGAG-1,Astro AQP4 SLC1A2,0.9692427090464327
CAAAGAACATCGCTAA-1,L2-3 CUX2 NTNG1 PALMD,0.01487458326959249
CAAAGAAGTATCTTCT-1,L2-3 CUX2 NTNG1 COL5A2,0.15833919299482552
CAAAGAATCTTACACT-1,Astro GFAP FABP7,0.44469208079593747
CAACAACAGCGCTTCG-1,Endo CLDN5 SLC7A5,0.8896355501201524
CAACAACGTAAGTTAG-1,InN SST STK32A,0.9809199856076255
CAACAACTCATGACAC-1,VLMC COL1A2 SLC13A3,0.9251699193256945
CAACAGTAGTTTGAGA-1,L3-5 RORB MKX GRIN3A,0.2080871316294363
CAACAGTCAGCGACCT-1,Micro P2RY12 APBB1IP,0.11041919626629523
CAACAGTCAGCTACTA-1,Micro P2RY12 GLDN,0.7473594266524572
CAACAGTCAGCTGTCG-1,Endo CLDN5 SLC7A5,0.13565758575698794
CAACAGTCATCGAAGG-1,L2-3 CUX2 NTNG1 COL5A2,0.08129477470568787
CAACAGTTCCATTGCC-1,Endo CLDN5 SLC7A5,0.5740548360369567
CAACAGTTCCGCATAA-1,Endo CLDN5 SLC7A5,0.04347118168781021
CAACAGTTCGAAGCAG-1,L3-5 RORB MKX GRIN3A,0.0793678993216787
CAACAGTTCTGCGATA-1,Astro GFAP AQP1,0.031506220135899494
CAACCAAAGCGCACAA-1,Endo CLDN5 SLC7A5,0.8976089784209106
CAACCAAAGGCTAGCA-1,L6 FEZF2 DCBLD1 MITF,0.28866389908956297
CAACCAACAACCCTCT-1,Micro P2RY12 APBB1IP,0.5883835647271907
CAACCAACAGCATCTA-1,Endo CLDN5 SLC7A5,0.4189093537185402
CAACCAAGTACAGTAA-1,Endo CLDN5 SLC7A5,0.9865131055373975
CAACCAAGTGAAAGTT-1,Micro P2RY12 APBB1IP,0.23494884327063123
CAACCAAGTTATTCTC-1,Endo CLDN5 SLC7A5,0.6871376424499381
CAACCAATCATCTCTA-1,Endo CLDN5 SLC7A5,0.6229863493908839
CAACCAATCCTAGCGG-1,Endo CLDN5 SLC7A5,0.790205175089634
CAACCAATCGTTCCCA-1,Endo CLDN5 SLC7A5,0.811381406417944
CAACCAATCTGCTGAA-1,InN SST STK32A,0.059943175926647774
CAACCAATCTTTCCGG-1,Oligo MOG OPALIN,0.8318767013452553
CAACCTCAGGTAGCAC-1,InN PVALB HPSE,0.06316787642748276
CAACCTCCAACACTAC-1,Oligo MOG OPALIN,0.48214451147704435
CAACCTCCAACTCATG-1,L2-3 CUX2 ACVR1C THSD7A,0.7162707886945608
CAACCTCCACCCTGAG-1,Micro P2RY12 APBB1IP,0.8097889736360596
CAACCTCCACGGAAGT-1,InN SST NPY,0.9478438676933382
CAACCTCCAGTCGGTC-1,L2-3 CUX2 NTNG1 PALMD,0.17421129641136324
CAACCTCCATAACGGG-1,L2-3 CUX2 NTNG1 COL5A2,0.04176066687366543
CAACCTCTCCTTCTTC-1,Endo CLDN5 SLC7A5,0.5029920453601695
CAACGATAGAAACCAT-1,Endo CLDN5 SLC7A5,0.4642497387373208
CAACGATAGCAAGTGC-1,Endo CLDN5 SLC7A5,0.14860169978182697
CAACGATCAATAGGAT-1,Micro P2RY12 APBB1IP,0.3767284457043609
CAACGATCAGTAACGG-1,Endo CLDN5 SLC7A5,0.18956076567936567
CAACGGCGTCATCTAG-1,InN PVALB PIEZO2,0.9673897692927352
CAACGGCGTGCTGCAC-1,Endo CLDN5 SLC7A5,0.23866415855761014
CAACGGCGTGTCACAT-1,Endo CLDN5 SLC7A5,0.2373891208824966
CAACGGCTCGCCAGAC-1,Endo CLDN5 SLC7A5,0.9767439430657874
CAACGGCTCTTCGGAA-1,L2-3 CUX2 NTNG1 COL5A2,0.35635216320866314
CAAGACTAGACCTCAT-1,InN PVALB HPSE,0.012917064155799254
CAAGACTAGTCATGCT-1,Endo CLDN5 SLC7A5,0.8029512474687415
CAAGACTGTCATCACA-1,L2-3 CUX2 NTNG1 PALMD,0.5056791801216465
CAAGACTGTTCCACGG-1,L3-5 RORB GABRG1 PLCH1,0.034727503937427184
CAAGACTGTTCTAAGC-1,VLMC COL1A2 SLC13A3,0.9959484418826471
CAAGACTTCGACCATA-1,L6 OPRK1 SMYD1 SNTB1,0.02699247724278757
CAAGAGGAGCCTCAGC-1,Endo CLDN5 SLC7A5,0.9610650811411291
CAAGAGGAGGATCATA-1,Astro GFAP AQP1,0.01886924169860395
CAAGAGGCAGCGGTCT-1,Oligo MOG OPALIN,0.19400647533131188
CAAGAGGCATATTCGG-1,Oligo MOG OPALIN,0.6330817261356441
CAAGAGGTCATATGGC-1,InN SST STK32A,0.9970845148530841
CAAGAGGTCATGACAC-1,L2-3 CUX2 NTNG1 PALMD,0.5954498254998906
CAAGAGGTCGATACGT-1,Endo CLDN5 SLC7A5,0.14872682989598493
CAAGAGGTCTTAATCC-1,Oligo MOG OPALIN,0.8048089464292666
CAAGCTAAGGGAACAA-1,L3-5 RORB MKX GRIN3A,0.28453232061249734
CAAGCTAAGGTGATCG-1,Endo CLDN5 SLC7A5,0.06005746317919756
CAAGCTACAGCGTAGA-1,PC P2RY14 GRM8,0.8590035601209157
CAAGCTACATATGCGT-1,Oligo MOG OPALIN,0.7645311923535777
CAAGCTATCAGGAACG-1,Endo CLDN5 SLC7A5,0.3587803975336635
CAAGGGACACATGACT-1,Endo CLDN5 SLC7A5,0.2125920289629465
CAAGGGACAGTGAGCA-1,Endo CLDN5 SLC7A5,0.08229876221239898
CAAGGGAGTAGGACTG-1,L3-5 RORB GABRG1 KCNH7,0.3532138058836658
CAAGGGAGTAGGATAT-1,Oligo MOG OPALIN,0.41235834962550977
CAATACGAGACGGATC-1,Endo CLDN5 SLC7A5,0.591285495104884
CAATACGCAGCTACCG-1,Endo CLDN5 SLC7A5,0.8073016060176249
CAATACGCATAATCGC-1,L3-5 RORB MKX GRIN3A,0.07649595404133096
CAATACGCATTCTCTA-1,L2-3 CUX2 NTNG1 COL5A2,0.4561872253831065
CAATACGTCGAAGAAT-1,Endo CLDN5 SLC7A5,0.7624840511053278
CAATCGAAGCACACAG-1,Oligo MOG OPALIN,0.23901058782757997
CAATCGAGTTAGCGGA-1,Endo CLDN5 SLC7A5,0.37716469308351785
CAATCGATCGCAATGT-1,OPC PDGFRA PCDH15,0.9999999999991773
CAATGACAGCCATTCA-1,Endo CLDN5 SLC7A5,0.49728422721541893
CAATGACAGTCGCCAC-1,Endo CLDN5 SLC7A5,0.045035600989494086
CAATGACAGTGAATAC-1,Endo CLDN5 SLC7A5,0.08572771094495417
CAATGACAGTTTCGAC-1,Endo CLDN5 SLC7A5,0.9836357993732576
CAATGACGTTACACAC-1,L3-5 RORB MKX GRIN3A,0.36816808933263007
CAATGACGTTTGTTGG-1,Endo CLDN5 SLC7A5,0.8065033759262017
CAATGACTCCATATGG-1,L3-5 RORB MKX DCC,0.8939591637827633
CAATGACTCTTCGACC-1,Endo CLDN5 SLC7A5,0.9309147041527566
CAATTTCAGTGCGTCC-1,L3-5 RORB MKX GRIN3A,0.3641780017925499
CAATTTCCACCCATAA-1,L3-5 RORB MKX GRIN3A,0.41149282087235795
CAATTTCCACCTGAAT-1,Endo CLDN5 SLC7A5,0.17416078239559823
CAATTTCCACGTCGGT-1,L3-5 RORB MKX GRIN3A,0.7658099624800094
CAATTTCCACTCTAGA-1,Endo CLDN5 SLC7A5,0.21423317022413788
CAATTTCGTAACGATA-1,Endo CLDN5 SLC7A5,0.8141719403491878
CAATTTCGTCTGCCTT-1,Astro AQP4 SLC1A2,0.9905701914647427
CAATTTCGTGTCTCCT-1,Endo CLDN5 SLC7A5,0.8829361511816597
CAATTTCTCTGCAGCG-1,Endo CLDN5 SLC7A5,0.9985990093726523
CACAACAAGCCTCAAT-1,Astro GFAP AQP1,0.10936451288392247
CACAACAAGCCTGTCG-1,L3-5 RORB MKX GRIN3A,0.5197900748962638
CACAACAAGGTAGATT-1,Endo CLDN5 SLC7A5,0.9636629622298938
CACAACAAGTTGCGAG-1,Oligo MOG OPALIN,0.17855803356178937
CACAACACACTACCGG-1,Oligo MOG OPALIN,0.256508412161628
CACAACACACTATCGA-1,L2-3 CUX2 NTNG1 COL5A2,0.13135438073737055
CACAACATCGGATAAA-1,Oligo MOG OPALIN,0.34077407890353784
CACAACATCTAGAGCT-1,InN SST FREM1,0.9957326420740892
CACACAAAGAATTGCA-1,Endo CLDN5 SLC7A5,0.841625423198742
CACACAAAGCTAATCC-1,L2-3 CUX2 NTNG1 PALMD,0.2658428961385659
CACACAAAGTTGCCTA-1,L3-5 RORB GABRG1 PTPRO,0.12770695069939456
CACACAACACTATCGA-1,L2-3 CUX2 NTNG1 PALMD,0.0588505233055128
CACACAAGTACAGTAA-1,L2-3 CUX2 NTNG1 PALMD,0.405104003125445
CACACAAGTGGACCTC-1,Oligo MOG OPALIN,0.9533210091845813
CACACAAGTTTGTGGT-1,Endo CLDN5 SLC7A5,0.219866372698733
CACACAATCAAGTCGT-1,PC P2RY14 GRM8,0.9985172620516375
CACACAATCCGACGGT-1,L3-5 RORB MKX DCC,0.014979966769151311
CACACAATCCTAGCCT-1,Oligo MOG OPALIN,0.9992639340337238
CACAGATAGAGTCACG-1,L3-5 RORB MKX GRIN3A,0.05635142277491453
CACAGATAGCTTTCCC-1,Endo CLDN5 SLC7A5,0.34727617142284534
CACAGATCACCAGCGT-1,L2-3 CUX2 NTNG1 PLCH1,0.055446440122056934
CACAGATGTCCCTCAT-1,Endo CLDN5 SLC7A5,0.7725348808474675
CACAGGCCAGCCTATA-1,Endo CLDN5 SLC7A5,0.8871661157393236
CACAGGCCAGTATTCG-1,L6 OPRK1 THEMIS RGS6,0.05067845653155592
CACAGGCGTGGCTACC-1,Endo CLDN5 SLC7A5,0.8305669653951665
CACAGGCTCGTGCAGC-1,VLMC COL1A2 VLMCA8,0.6638282804380211
CACAGGCTCGTGTGGC-1,Endo CLDN5 SLC7A5,0.507379899839494
CACAGGCTCTGTCGCT-1,InN ADARB2 RGS10,0.02038276576456179
CACATGAAGCGCCTTG-1,L3-5 RORB MKX DCC,0.028029318605094108
CACATGAAGTCACACT-1,L2-3 CUX2 NTNG1 PALMD,0.04174446317069285
CACATGACACAACATC-1,Astro AQP4 SLC1A2,0.9978055761795973
CACATGACATCTAGAC-1,Endo CLDN5 SLC7A5,0.7869080427318215
CACATGAGTTGTCAGT-1,Oligo MOG OPALIN,0.03972948098435897
CACATGAGTTTCGACA-1,Astro GFAP AQP1,0.16868320302336945
CACATGAGTTTCGATG-1,Micro P2RY12 CCL3,0.5895023138989343
CACATGATCATTGAGC-1,L2-3 CUX2 NTNG1 COL5A2,0.0994466130088515
CACATGATCTATCGGA-1,Endo CLDN5 SLC7A5,0.5550685251047632
CACCAAAAGCACTTTG-1,Endo CLDN5 SLC7A5,0.06272237626088924
CACCAAAAGCCTGAGA-1,Endo CLDN5 SLC7A5,0.9727467834349619
CACCAAACAACATACC-1,Endo CLDN5 SLC7A5,0.46296676247868174
CACCAAACAATACCTG-1,Oligo MOG OPALIN,0.2702744780882006
CACCAAACACGGTGCT-1,InN PVALB HPSE,0.01575066734293317
CACCAAACAGCGGATA-1,Micro P2RY12 APBB1IP,0.17684984613414734
CACCAAACATCTCCCA-1,L2-3 CUX2 NTNG1 PLCH1,0.030027906517611825
CACCAAAGTTTGGGTT-1,L3-5 RORB MKX GRIN3A,0.5381404871913875
CACCAAATCCTCTAGC-1,Endo CLDN5 SLC7A5,0.30639354364185817
CACCAAATCGATTGAC-1,Oligo MOG OPALIN,0.8190070833437659
CACCAAATCGTGAGAG-1,InN VIP MEGF11 LHFP,0.8233413921768168
CACCGTTAGAACAGGA-1,L2-4 CUX2 RORB CLMN,0.12725572753968997
CACCGTTCAGGAATCG-1,OPC PDGFRA PCDH15,0.9999999999989582
CACCGTTGTCTCTCCA-1,InN VIP ADAM12,0.006467401911895038
CACCGTTGTGCCTGCA-1,L3-5 RORB GABRG1 KCNH7,0.03432987575467825
CACCGTTTCTGAGGTT-1,Endo CLDN5 SLC7A5,0.7086931258133122
CACGAATAGTCCCGAC-1,Astro GFAP FABP7,0.999997988275854
CACGAATCAACCACGC-1,Oligo MOG OPALIN,0.07441208924192963
CACGGGTAGAGTCTGG-1,SMC ACTA2 CNN1,0.9705352950777225
CACGGGTAGATACGAT-1,Oligo MOG OPALIN,0.9996367103247017
CACGGGTAGCCTCATA-1,L2-3 CUX2 NTNG1 PALMD,0.4918593459990116
CACGGGTCACGGCGTT-1,L3-5 RORB MKX GRIN3A,0.7650394525788068
CACGGGTCAGATACCT-1,InN LAMP5 RELN,0.9789805884115065
CACGGGTTCACCGCTT-1,L2-3 CUX2 NTNG1 PALMD,0.102117221060873
CACGGGTTCTGTGCTC-1,L2-3 CUX2 NTNG1 PALMD,0.011840760369156543
CACGTGGCAGTTGCGC-1,Oligo MOG OPALIN,0.6660022009101423
CACGTGGCATTCGATG-1,L2-3 CUX2 NTNG1 PALMD,0.7537791018349317
CACGTGGGTTCCGCTT-1,Endo CLDN5 SLC7A5,0.9592433815384933
CACGTGGTCCATAGAC-1,Endo CLDN5 SLC7A5,0.04196757356842944
CACGTGGTCCGGTAGC-1,InN SST ADAMTSL1,0.07351136947338428
CACGTGGTCTCCTGTG-1,L3-5 RORB MKX GRIN3A,0.8638319235276836
CACGTGGTCTTTCCAA-1,L2-3 CUX2 NTNG1 COL5A2,0.7201470197790478
CACGTTCAGACTAAGT-1,Endo CLDN5 SLC7A5,0.978643087750779
CACGTTCGTATCGTTG-1,Endo CLDN5 SLC7A5,0.8551170705767449
CACGTTCTCACTGTTT-1,L2-3 CUX2 ACVR1C INHBA,0.052452173995607185
CACGTTCTCGATTGAC-1,Endo CLDN5 SLC7A5,0.9009720867623464
CACTAAGAGAAGCGAA-1,Astro GFAP FABP7,0.9998025400795181
CACTAAGAGAGGACTC-1,Endo CLDN5 SLC7A5,0.6459478061527758
CACTAAGAGCAACTCT-1,L2-3 CUX2 NTNG1 PALMD,0.7573841061524925
CACTAAGAGTTGAAGT-1,L6 OPRK1 THEMIS RGS6,0.04473926103329087
CACTAAGCAAGCCCAC-1,L2-3 CUX2 NTNG1 PLCH1,0.17884594086670805
CACTAAGCATCCGGCA-1,Astro AQP4 SLC1A2,0.9870184938103017
CACTAAGGTTCCACAA-1,Endo CLDN5 SLC7A5,0.829293999473552
CACTAAGTCAAGGCTT-1,L6 OPRK1 SMYD1 SNTB1,0.09175741213426605
CACTAAGTCATCCTGC-1,Endo CLDN5 SLC7A5,0.4919325504940833
CACTAAGTCTCATTGT-1,L3-5 RORB MKX GRIN3A,0.04021249158236274
CACTAAGTCTCCCATG-1,Endo CLDN5 SLC7A5,0.9782984723741293
CACTGAAGTACGATCT-1,PC P2RY14 GRM8,0.9997746763992418
CACTGAAGTCTACGTA-1,Micro P2RY12 GLDN,0.12978860500600126
CACTGAAGTCTTCCGT-1,InN PVALB SYT2,0.0860980339719376
CACTGAAGTTCTGAGT-1,InN SST ADAMTSL1,0.03362248505378168
CACTGAATCAAGCTGT-1,Endo CLDN5 SLC7A5,0.3236907045067077
CACTGAATCCACACCT-1,Endo CLDN5 SLC7A5,0.20117609847106396
CACTGGGAGCATGCGA-1,Endo CLDN5 SLC7A5,0.3814362187141566
CACTGGGCAAGCAATA-1,L3-5 RORB GABRG1 KCNH7,0.30476876758027466
CACTGGGCATCCGATA-1,L2-3 CUX2 NTNG1 PALMD,0.7888947610255077
CACTGTCAGTCTCGTA-1,Endo CLDN5 SLC7A5,0.16538055593047862
CACTGTCAGTCTGGTT-1,Oligo MOG OPALIN,0.9728465732988958
CACTGTCAGTGATAAC-1,Astro AQP4 SLC1A2,0.9882977432504975
CACTGTCCATCCGTGG-1,L2-3 CUX2 NTNG1 PALMD,0.21046249538984996
CACTGTCTCCCATAAG-1,Endo CLDN5 SLC7A5,0.18562407595218727
CACTGTCTCCGATCTC-1,L2-3 CUX2 NTNG1 PALMD,0.9344166228840041
CACTGTCTCGGCTGGT-1,L2-3 CUX2 NTNG1 PALMD,0.38095999391800534
CACTTCGAGTAGGGTC-1,L2-3 CUX2 NTNG1 PALMD,0.17937194647246715
CACTTCGCACATGAAA-1,L3-5 RORB MKX DCC,0.026166893903448618
CACTTCGGTAGCACGA-1,L3-5 RORB MKX GRIN3A,0.009982021471233461
CACTTCGTCTCGAGTA-1,L6 FEZF2 SYT6 CDH9,0.02666161585520625
CACTTCGTCTGGCCTT-1,Oligo MOG OPALIN,0.2893297355063005
CAGAGCCAGCACCTGC-1,L2-3 CUX2 NTNG1 PALMD,0.6084377952242357
CAGAGCCCACATATCG-1,Oligo MOG OPALIN,0.5551744926807926
CAGAGCCTCACCTGTC-1,Oligo MOG OPALIN,0.9271093390467929
CAGAGCCTCATAGCAC-1,Endo CLDN5 SLC7A5,0.8596559827154339
CAGAGCCTCTCGGGAC-1,L2-3 CUX2 NTNG1 COL5A2,0.06009550063025931
CAGATACAGCCGAATG-1,Endo CLDN5 IL1R1,0.2927255302203619
CAGATACGTGACTAAA-1,Endo CLDN5 SLC7A5,0.19425802531772218
CAGATACTCCGCACTT-1,L2-3 CUX2 NTNG1 PALMD,0.34254601917220534
CAGATACTCGCTCATC-1,Micro P2RY12 APBB1IP,0.02614167697694819
CAGATACTCTATCGGA-1,InN PVALB HPSE,0.019490761300345792
CAGATCACAAACTGCT-1,Endo CLDN5 SLC7A5,0.8715290342310761
CAGATCACAAGGCAAC-1,PC P2RY14 GRM8,0.9999040202137035
CAGATCACACACGCCA-1,L3-5 RORB MKX GRIN3A,0.7183607563779025
CAGATTGAGGTTGTTC-1,Endo CLDN5 SLC7A5,0.016175925132266514
CAGATTGGTCGAACGA-1,L6 FEZF2 NPFFR2 KCNK2,0.03301574665138373
CAGATTGGTGGGTTGA-1,Endo CLDN5 SLC7A5,0.09986337161626692
CAGATTGTCATCGCCT-1,Endo CLDN5 SLC7A5,0.12684285607422882
CAGCAATCAAATCAAG-1,Endo CLDN5 SLC7A5,0.9209503498270826
CAGCAATCAGCAGTCC-1,PC P2RY14 GRM8,0.9999931892632352
CAGCAATGTCTAACGT-1,Micro P2RY12 APBB1IP,0.7128593423757383
CAGCAATTCCGGCTTT-1,Endo CLDN5 SLC7A5,0.06301011355373187
CAGCACGGTAAGATCA-1,Endo CLDN5 SLC7A5,0.1706053688002286
CAGCACGGTCAATCTG-1,Endo CLDN5 SLC7A5,0.32922428095748907
CAGCACGTCAGATGCT-1,Oligo MOG OPALIN,0.9996546629074552
CAGCAGCAGACTCTAC-1,Endo CLDN5 SLC7A5,0.9586259898631727
CAGCAGCCAGTTCTAG-1,Endo CLDN5 SLC7A5,0.361870789740275
CAGCAGCGTGCGTGCT-1,Endo CLDN5 SLC7A5,0.95253586237797
CAGCAGCGTTGACTGT-1,L2-4 CUX2 RORB CLMN,0.05119529391267836
CAGCAGCTCTCGCTCA-1,Endo CLDN5 SLC7A5,0.6047371553583237
CAGCCAGAGGGCAGTT-1,Endo CLDN5 SLC7A5,0.4939436215117472
CAGCCAGCACACAGAG-1,Oligo MOG OPALIN,0.054262331722216305
CAGCCAGCAGGTTCCG-1,Endo CLDN5 SLC7A5,0.6103244527572435
CAGCCAGGTAATCAGA-1,Endo CLDN5 SLC7A5,0.9681911426266776
CAGCCAGGTCGCACAC-1,Endo CLDN5 SLC7A5,0.685116471330778
CAGCCAGTCTTAGCTT-1,L6 FEZF2 SYT6 ERBB4,0.0321579572280276
CAGCGTGAGATGACAT-1,Oligo MOG OPALIN,0.09042984085815439
CAGCGTGCACCAGTAT-1,Endo CLDN5 SLC7A5,0.04335754580679839
CAGCGTGCATCGATCA-1,Oligo MOG OPALIN,0.9986521046169824
CAGCGTGGTATTCTCT-1,L2-3 CUX2 NTNG1 PALMD,0.21539007547444894
CAGGCCAAGAAGATCT-1,OPC PDGFRA PCDH15,0.9999999999999951
CAGGCCAAGACTTCAC-1,L3-5 RORB GABRG1 PTPRO,0.09878781712487628
CAGGCCACAAACTGCT-1,L2-3 CUX2 NTNG1 PALMD,0.0402439650888445
CAGGCCACATAGCACT-1,Macro F13A1 COLEC12,0.9955664756648728
CAGGCCAGTAGCGATG-1,Endo CLDN5 SLC7A5,0.06928152968198044
CAGGCCAGTCATCGCG-1,Astro GFAP AQP1,0.5474178939011843
CAGGCCATCATCACTT-1,L2-3 CUX2 NTNG1 PALMD,0.12128643827092674
CAGGGCTAGCTGACCC-1,Endo CLDN5 SLC7A5,0.23208910647951336
CAGGGCTGTACTTCCC-1,Micro P2RY12 APBB1IP,0.30247515986282786
CAGGGCTGTAGAGATT-1,Endo CLDN5 SLC7A5,0.20457259443487377
CAGGGCTTCCTCTCTT-1,Endo CLDN5 SLC7A5,0.05787681041914434
CAGGTATCAGTTAGAA-1,Endo CLDN5 SLC7A5,0.3153823230450577
CAGGTATCATGGAACG-1,Oligo MOG OPALIN,0.9924718304918224
CAGGTATGTCAAACGG-1,Endo CLDN5 SLC7A5,0.48290525042456256
CAGGTATGTGACTCTA-1,L2-3 CUX2 ACVR1C INHBA,0.020369551481949223
CAGGTATTCGCTGTTC-1,Endo CLDN5 SLC7A5,0.9162608812180192
CAGTGCGAGATGCTGG-1,Oligo MOG OPALIN,0.8248139701395218
CAGTGCGAGCGAGGAG-1,Endo CLDN5 SLC7A5,0.9630064582677148
CAGTGCGCACCAAAGG-1,Micro P2RY12 APBB1IP,0.47077874376675877
CAGTGCGCATCGGTTA-1,Endo CLDN5 SLC7A5,0.8813780312157369
CAGTGCGTCATAGACC-1,Endo CLDN5 SLC7A5,0.6226341347076879
CAGTTAGAGACCGCCT-1,L3-5 RORB MKX GRIN3A,0.9435414471962724
CAGTTAGAGCGACTTT-1,Micro P2RY12 CCL3,0.962245936190155
CAGTTAGAGGGAGGGT-1,Micro P2RY12 APBB1IP,0.6559910309785688
CAGTTAGCACAGTGAG-1,L2-3 CUX2 ACVR1C THSD7A,0.40474856666761433
CAGTTAGCAGCTCGGT-1,PC P2RY14 GRM8,0.648799675283485
CAGTTAGCATCTCGTC-1,Endo CLDN5 SLC7A5,0.2610989192633824
CAGTTAGTCACTGAAC-1,Endo CLDN5 SLC7A5,0.7716379020281733
CAGTTAGTCTCGCAGG-1,L3-5 RORB MKX DCC,0.06445358051020483
CAGTTAGTCTCTGAGA-1,L3-5 RORB MKX GRIN3A,0.053963586311771165
CAGTTCCTCTAAGCCA-1,Endo CLDN5 SLC7A5,0.06943818822843437
CAGTTCCTCTTTGCGC-1,Astro AQP4 SLC1A2,0.15605948065243017
CATAAGCAGAAATTGC-1,Endo CLDN5 SLC7A5,0.32952326775240354
CATAAGCAGAACTGAT-1,Endo CLDN5 SLC7A5,0.7665856475324805
CATAAGCCAACAAAGT-1,Endo CLDN5 SLC7A5,0.3059545142596188
CATAAGCCAAGCCCAC-1,L2-3 CUX2 NTNG1 PLCH1,0.021340886046713817
CATAAGCTCACCTACC-1,L3-5 RORB MKX GRIN3A,0.05528799728348619
CATAAGCTCCAGTTCC-1,L2-3 CUX2 NTNG1 PALMD,0.21374169126105716
CATAAGCTCCTTGGAA-1,Astro AQP4 SLC1A2,0.23282155673309402
CATACAGAGAAGTCAT-1,Oligo MOG OPALIN,0.9997547583109969
CATACAGAGACATCCT-1,Endo CLDN5 SLC7A5,0.2287475603437469
CATACAGAGGTTTGAA-1,Endo CLDN5 SLC7A5,0.9765190007121354
CATACAGGTTGCGGCT-1,Oligo MOG OPALIN,0.6281517067119878
CATACCCCAAATCAAG-1,L2-3 CUX2 NTNG1 PLCH1,0.012583554769870022
CATACCCCAAGTATAG-1,Endo CLDN5 SLC7A5,0.35821407692294516
CATACCCGTACGCTAT-1,L3-5 RORB GABRG1 PTPRO,0.07010890551218606
CATACCCGTTATCTTC-1,PC P2RY14 GRM8,0.9999992077943346
CATACCCGTTGCACGC-1,Oligo MOG OPALIN,0.2573109654331004
CATACCCGTTGTCTAG-1,L2-3 CUX2 NTNG1 COL5A2,0.3330839128292849
CATACCCTCTAGACAC-1,Endo CLDN5 SLC7A5,0.21677565916796035
CATACTTAGCAACTCT-1,Endo CLDN5 SLC7A5,0.09160774252339665
CATACTTAGGAATCGC-1,Micro P2RY12 CCL3,0.9999496963586824
CATACTTAGGGCCAAT-1,Endo CLDN5 SLC7A5,0.8311868487433814
CATACTTCAAACGAGC-1,Endo CLDN5 SLC7A5,0.26644836262284494
CATACTTCAAATGGTA-1,Micro P2RY12 APBB1IP,0.08518407798904307
CATACTTCAGAACATA-1,L3-5 RORB MKX DCC,0.7887804890343693
CATACTTGTAGCGCCT-1,Endo CLDN5 SLC7A5,0.038144775208158066
CATAGACAGGAAGTGA-1,Endo CLDN5 SLC7A5,0.041648881931572984
CATAGACCAATTCGTG-1,Endo CLDN5 SLC7A5,0.5262904809987053
CATAGACCAATTGTGC-1,Endo CLDN5 SLC7A5,0.8063962697258144
CATAGACCAGATCATC-1,Micro P2RY12 APBB1IP,0.06921753855187679
CATAGACCATATGGCT-1,Endo CLDN5 SLC7A5,0.3799736694892575
CATAGACGTTCTCCCA-1,Endo CLDN5 SLC7A5,0.9257030000995824
CATAGACTCCGACAGC-1,L2-3 CUX2 NTNG1 COL5A2,0.1233936884761842
CATAGACTCCGCGGAT-1,Oligo MOG OPALIN,0.42052750220064294
CATAGACTCCTCGATC-1,Endo CLDN5 SLC7A5,0.5412525495563468
CATCAAGAGGCAGCTA-1,Oligo MOG OPALIN,0.10043424549246859
CATCAAGAGTAGTCTC-1,L3-5 RORB MKX GRIN3A,0.03230845331835015
CATCAAGAGTCATACC-1,Oligo MOG OPALIN,0.30598104216560174
CATCAAGCAAGCTCTA-1,Endo CLDN5 SLC7A5,0.631136578010641
CATCAAGCAATGTCTG-1,Endo CLDN5 SLC7A5,0.5197575947724429
CATCAAGCAGACCAGA-1,L3-5 RORB MKX GALR1,0.13188405848129983
CATCAAGCAGTGTGCC-1,PC P2RY14 GRM8,0.9999957651899536
CATCCACAGATGCAGC-1,Endo CLDN5 SLC7A5,0.027313551429877663
CATCCACAGGCCTTCG-1,Endo CLDN5 SLC7A5,0.23774386191617228
CATCCACAGGCTCCCA-1,Endo CLDN5 SLC7A5,0.022345800991997383
CATCCACCACCAGGTC-1,Endo CLDN5 SLC7A5,0.9090612584059269
CATCCACCAGCGAACA-1,Endo CLDN5 SLC7A5,0.9489376000041807
CATCCACCATCGATAC-1,Micro P2RY12 APBB1IP,0.6617897346904359
CATCCACGTATACAGA-1,Oligo MOG OPALIN,0.6599790700674593
CATCCACTCTTGGCTC-1,Endo CLDN5 SLC7A5,0.9103121702732803
CATCCCAAGCGACTGA-1,Micro P2RY12 APBB1IP,0.08604581392350176
CATCCCAAGCTGTTCA-1,InN SST ADAMTSL1,0.015634052505538495
CATCCCAAGGGACACT-1,L3-5 RORB MKX GRIN3A,0.8244311894687519
CATCCCACAGTGGGTA-1,Endo CLDN5 SLC7A5,0.1672000560999693
CATCCCAGTGTAAATG-1,Oligo MOG GSN,0.025239267892043178
CATCCGTGTAGCTTAC-1,OPC PDGFRA PCDH15,0.9999999997178122
CATCCGTGTCCCTGAG-1,Astro AQP4 SLC1A2,0.4357756176231903
CATCCGTGTGGCGCTT-1,Endo CLDN5 SLC7A5,0.5820018041234538
CATCCGTTCAACTGAC-1,Endo CLDN5 SLC7A5,0.994169450552349
CATCCGTTCCCAGGCA-1,Endo CLDN5 SLC7A5,0.4231576598441803
CATCCGTTCCGCAAAT-1,Oligo MOG OPALIN,0.5896161954737457
CATCCGTTCCGTAGTA-1,L2-3 CUX2 NTNG1 PALMD,0.8010759602713391
CATCGCTCACGCCAGT-1,Endo CLDN5 SLC7A5,0.32391962564656235
CATCGCTCAGCCCAGT-1,Endo CLDN5 SLC7A5,0.21138856993729332
CATCGCTCATACTGTG-1,Endo CLDN5 SLC7A5,0.9900675051007407
CATCGCTTCCTTCTTC-1,Oligo MOG OPALIN,0.7377898404452805
CATCGGGCACAACATC-1,Endo CLDN5 SLC7A5,0.831012097729972
CATCGGGCATAGGTTC-1,L3-5 RORB GABRG1 PTPRO,0.01367258900474468
CATCGGGCATCTAGAC-1,Endo CLDN5 SLC7A5,0.9453947300264385
CATCGGGGTACTGCCG-1,InN ADARB2 PALMD,0.021634129024971933
CATCGGGGTTCTGAGT-1,Endo CLDN5 SLC7A5,0.79698424195363
CATCGTCCAGCAGTAG-1,Endo CLDN5 SLC7A5,0.38037808112317095
CATCGTCTCCAGTACA-1,Micro P2RY12 APBB1IP,0.5387503490401138
CATGAGTAGGCAGCTA-1,Endo CLDN5 SLC7A5,0.9939146989351412
CATGAGTCACAGCCAC-1,InN VIP SCML4,0.3926630686129927
CATGAGTCACATATCG-1,Oligo MOG OPALIN,0.5698548353314298
CATGAGTCATGACGTT-1,Oligo MOG OPALIN,0.9999967817703501
CATGCAAAGCCTGTGC-1,L3-5 RORB MKX DCC,0.9755457685248188
CATGCAAAGTCAGCCC-1,L3-5 RORB MKX GRIN3A,0.016170709312889043
CATGCAAGTGCCTTCT-1,Oligo MOG OPALIN,0.014961542270616522
CATGCAAGTGGCAACA-1,L2-3 CUX2 NTNG1 COL5A2,0.018155551129876022
CATGCAAGTTTCCAAG-1,Endo CLDN5 SLC7A5,0.976343028119683
CATGCAATCGCCTATC-1,Endo CLDN5 SLC7A5,0.21497292450041514
CATGCCTAGCCATATC-1,Endo CLDN5 SLC7A5,0.6119345921512165
CATGCCTAGCCTCTCT-1,Endo CLDN5 SLC7A5,0.8808428738703826
CATGCCTGTACCTTCC-1,L2-3 CUX2 NTNG1 PALMD,0.8716245143954325
CATGCCTGTTTGAAAG-1,Oligo MOG OPALIN,0.8429114093198875
CATGCGGAGCTCGGCT-1,Oligo MOG OPALIN,0.6143334136492293
CATGCGGCAACAAGAT-1,Oligo MOG OPALIN,0.36219774755440437
CATGCGGCAGCTATAC-1,Astro GFAP FABP7,0.9956516947488949
CATGCGGGTATCGCGC-1,InN SST FREM1,0.8732379806708762
CATGCGGTCAACCGAT-1,Endo CLDN5 SLC7A5,0.2816733748836795
CATGCGGTCCTTACCG-1,Astro GFAP AQP1,0.9010091004321298
CATGCTCCACATGACT-1,L3-5 RORB MKX GRIN3A,0.13845957869396397
CATGCTCTCAATCTTC-1,Oligo MOG OPALIN,0.9587423753319736
CATGCTCTCGTGTGAT-1,PC P2RY14 GRM8,0.9998162537855003
CATGCTCTCTCCCATG-1,Endo CLDN5 SLC7A5,0.9383257924363472
CATGGATAGCGTGAGT-1,Astro GFAP FABP7,0.01359001069840707
CATGGATGTAACACCT-1,Oligo MOG OPALIN,0.9998685419307151
CATGGATGTATGAGAT-1,Endo CLDN5 SLC7A5,0.9782069857956279
CATGGATGTCACTTAG-1,Endo CLDN5 SLC7A5,0.9820747943646398
CATGGTAAGGCGTTGA-1,OPC PDGFRA PCDH15,0.999999999996358
CATGGTAGTTGCACGC-1,Endo CLDN5 SLC7A5,0.9372801582015946
CATGGTATCATTGCGA-1,InN SST FREM1,0.018879383488517188
CATTCATAGAGTCACG-1,Endo CLDN5 SLC7A5,0.14205235636018132
CATTCATAGCAGCCTC-1,Endo CLDN5 SLC7A5,0.6814827131140416
CATTCATAGCCTCATA-1,Endo CLDN5 SLC7A5,0.16679515990410637
CATTCATCAACTGCCG-1,L3-5 RORB MKX GRIN3A,0.08760298470596638
CATTCATTCCCTCATG-1,Oligo MOG OPALIN,0.7080405391589356
CATTCATTCTTCTGTA-1,Endo CLDN5 SLC7A5,0.2255736966261965
CATTCCGAGTATGCAA-1,Endo CLDN5 SLC7A5,0.2224557618193144
CATTCCGAGTCAACAA-1,Endo CLDN5 SLC7A5,0.0816955051839961
CATTCCGAGTTTGTCG-1,Endo CLDN5 SLC7A5,0.8295014517703281
CATTCCGGTGAGATAT-1,Endo CLDN5 SLC7A5,0.9995065045990456
CATTCTAAGGAACGTC-1,Endo CLDN5 SLC7A5,0.11345635052347865
CATTCTAGTTACCTGA-1,L3-5 RORB MKX GRIN3A,0.453575345588083
CATTCTATCATTGTGG-1,VLMC COL1A2 SLC13A3,0.8100407475225097
CATTCTATCGCAGAGA-1,InN SST STK32A,0.03505378988920891
CATTGAGAGCAGTACG-1,Endo CLDN5 SLC7A5,0.42477033019827337
CATTGAGAGCATGAAT-1,L2-4 CUX2 RORB CLMN,0.05135841342866169
CATTGAGAGCGCATCC-1,L2-3 CUX2 ACVR1C THSD7A,0.0439883521415656
CATTGAGCATTGAAAG-1,Endo CLDN5 SLC7A5,0.14256732124120905
CATTGAGGTGTTCGTA-1,Endo CLDN5 SLC7A5,0.5699329992819446
CATTGCCAGCTGGCCT-1,Endo CLDN5 SLC7A5,0.40785949354968537
CATTGCCAGGCGAAGG-1,Endo CLDN5 SLC7A5,0.6771449436553957
CATTGCCCAAAGGATT-1,Oligo MOG OPALIN,0.5603499560008285
CATTGCCGTTTGGAAA-1,Endo CLDN5 SLC7A5,0.1990208460263028
CATTGTTCAAGTTCCA-1,Oligo MOG GSN,0.20821868730162466
CATTGTTCACGCTGTG-1,Astro GFAP FABP7,0.03617357374600318
CATTGTTCACTTACAG-1,Endo CLDN5 SLC7A5,0.8371794620659577
CATTGTTGTGTACGCC-1,Oligo MOG OPALIN,0.22363359551501105
CATTGTTTCATGGGAG-1,Endo CLDN5 SLC7A5,0.3674338207794042
CATTGTTTCGCATTGA-1,Oligo MOG OPALIN,0.9853485869019797
CATTTCAAGACAAGCC-1,L3-5 RORB PCBP3 LINGO2,0.1026254639884615
CATTTCAAGTGCCGAA-1,L2-3 CUX2 NTNG1 PALMD,0.7532186830832578
CATTTCACACTCACTC-1,L3-5 RORB MKX GRIN3A,0.11514412833916966
CATTTCACACTGTCCT-1,Micro P2RY12 APBB1IP,0.06910797326612973
CATTTCACAGTTTCGA-1,Endo CLDN5 SLC7A5,0.7660281734896897
CATTTCAGTGTCCAAT-1,PC P2RY14 GRM8,0.9999921436211819
CATTTCATCGTGGACC-1,Endo CLDN5 SLC7A5,0.04950421828641866
CCAAGCGAGAGGGCGA-1,Endo CLDN5 SLC7A5,0.7871286248729089
CCAAGCGAGATGTTAG-1,Astro AQP4 SLC1A2,0.99550051957992
CCAAGCGAGCATCGAG-1,InN LAMP5 BMP7,0.6867798089697342
CCAAGCGAGTAAGACT-1,L2-3 CUX2 NTNG1 PALMD,0.4842871150292526
CCAAGCGGTGCCTAAT-1,L3-5 RORB MKX GRIN3A,0.8258057383135494
CCAAGCGTCTGTGCGG-1,Endo CLDN5 SLC7A5,0.7045607498358886
CCAATGACACATATCG-1,Astro GFAP FABP7,0.2378716850711861
CCAATGACACGCACCA-1,Oligo MOG OPALIN,0.18909534166812517
CCAATGACATCTTCGC-1,Endo CLDN5 SLC7A5,0.9357015531258991
CCAATGAGTGGACTGA-1,Astro GFAP FABP7,0.9922015323490381
CCAATTTAGGAAGAAC-1,InN LAMP5 ADAMTS20,0.053696867819333985
CCAATTTAGGTCACCC-1,Endo CLDN5 SLC7A5,0.016717863748295175
CCAATTTCACATATCG-1,Endo CLDN5 SLC7A5,0.6451179307585905
CCAATTTCAGTGTACT-1,Astro AQP4 SLC1A2,0.40388915720393553
CCAATTTCATGGAATA-1,L6 FEZF2 SYT6 PTPRT,0.7939624137646735
CCAATTTGTGCTCTTC-1,L2-3 CUX2 NTNG1 PALMD,0.03466760924597593
CCAATTTTCCTAGCCT-1,InN VIP HS3ST3B1,0.22468743493384893
CCACAAAAGACGAGCT-1,Endo CLDN5 SLC7A5,0.72587130392811
CCACAAAAGGTCATAA-1,Endo CLDN5 SLC7A5,0.8837399167713201
CCACAAACACCTAAAC-1,Endo CLDN5 SLC7A5,0.44361838160150063
CCACAAAGTCTAACTG-1,Endo CLDN5 SLC7A5,0.2632355902095334
CCACAAAGTGATTAGA-1,Astro GFAP AQP1,0.01037868086665633
CCACAAATCAACTGGT-1,Oligo MOG OPALIN,0.6539352114063869
CCACAAATCATAGACC-1,L3-5 RORB MKX GALR1,0.029207801627842866
CCACAAATCTGTAAGC-1,L2-3 CUX2 ACVR1C THSD7A,0.06677997019839803
CCACACTAGCATGAAT-1,L3-5 RORB MKX DCC,0.04263006575003516
CCACACTCACTGCTTC-1,Endo CLDN5 SLC7A5,0.22961676314023624
CCACACTCATCCTAAG-1,L3-5 RORB MKX DCC,0.6355458137616624
CCACACTGTGGCCTCA-1,Endo CLDN5 SLC7A5,0.32344892675646275
CCACACTTCACCACAA-1,Endo CLDN5 SLC7A5,0.7992442588809539
CCACCATAGTGGACGT-1,Endo CLDN5 SLC7A5,0.6513955240783454
CCACCATCACTGTCCT-1,Oligo MOG OPALIN,0.8120018423238244
CCACCATGTCTCTCAC-1,L3-5 RORB MKX GRIN3A,0.17064057123122484
CCACCATGTGGCCTCA-1,Astro AQP4 SLC1A2,0.6702426292823745
CCACCATTCCGTGCGA-1,L5-6 FEZF2 NXPH2 GPC5,0.4601044512854748
CCACCATTCGAGTACT-1,Oligo MOG OPALIN,0.9595745436409336
CCACGAGAGCAGGCTA-1,Endo CLDN5 SLC7A5,0.45104970891945684
CCACGAGAGTAAGCAT-1,Endo CLDN5 SLC7A5,0.791616474610722
CCACGAGCACCTGCGA-1,Astro AQP4 SLC1A2,0.8366080653819751
CCACGAGTCAAGAATG-1,Endo CLDN5 SLC7A5,0.19914838959977596
CCACGTTAGGCTTTCA-1,Endo CLDN5 SLC7A5,0.6334220245918294
CCACGTTCACCGTGAC-1,Endo CLDN5 SLC7A5,0.019649951686963756
CCACGTTCAGTTAGGG-1,OPC PDGFRA PCDH15,0.9999992623012086
CCACGTTGTCCAGCGT-1,Endo CLDN5 SLC7A5,0.5720573926775238
CCACGTTGTGCCGGTT-1,Endo CLDN5 SLC7A5,0.39361145869208747
CCACTTGAGACGCTCC-1,Micro P2RY12 CCL3,0.9823110294621272
CCACTTGAGCCTTCTC-1,Endo CLDN5 SLC7A5,0.2339871960048591
CCACTTGCAATTGCAC-1,Endo CLDN5 SLC7A5,0.1769377265822068
CCACTTGCAGATACTC-1,Endo CLDN5 SLC7A5,0.6542619923032043
CCACTTGTCATAGCAC-1,InN ADARB2 COL5A2,0.004391348617707115
CCATAAGCAGCCCAGT-1,L2-3 CUX2 NTNG1 PALMD,0.12486743164865788
CCATAAGGTGATTAGA-1,L2-3 CUX2 NTNG1 PLCH1,0.030601395206940073
CCATAAGGTTACGGAG-1,Endo CLDN5 SLC7A5,0.7403955184780203
CCATAAGTCAGACCTA-1,Oligo MOG OPALIN,0.3802854361344618
CCATCACAGATCGGTG-1,L2-3 CUX2 NTNG1 PALMD,0.03440392326512106
CCATCACAGCAAGTCG-1,SMC ACTA2 CNN1,0.9990293933024998
CCATCACAGGACCCAA-1,Oligo MOG OPALIN,0.5907608231888736
CCATCACCAAGATGTA-1,Endo CLDN5 SLC7A5,0.9830781553875265
CCATCACGTCAATCTG-1,Endo CLDN5 SLC7A5,0.6918161962207844
CCCAACTCAAAGGCAC-1,Oligo MOG OPALIN,0.7159216397955944
CCCAACTCACCAAATC-1,L3-5 RORB MKX GRIN3A,0.5373458202536695
CCCAACTCAGACCATT-1,Endo CLDN5 SLC7A5,0.6475697822126496
CCCAACTCAGCAGAAC-1,Endo CLDN5 SLC7A5,0.7219750397714677
CCCAACTGTTCGTACA-1,L2-3 CUX2 NTNG1 PALMD,0.026118946025572864
CCCATTGAGACCATGG-1,Endo CLDN5 SLC7A5,0.6430306135554701
CCCATTGAGACTCTAC-1,Endo CLDN5 SLC7A5,0.4901393784582217
CCCATTGAGCCATCCG-1,L2-3 CUX2 ACVR1C INHBA,0.027646756638278477
CCCATTGAGGGACACT-1,Endo CLDN5 SLC7A5,0.10650889043146067
CCCATTGCAACAGATA-1,Endo CLDN5 SLC7A5,0.6010320558145994
CCCATTGCACTGAATC-1,Endo CLDN5 SLC7A5,0.01838680572669331
CCCATTGCAGACCTGC-1,Oligo MOG OPALIN,0.9995465055497456
CCCATTGTCGAGAACG-1,Endo CLDN5 SLC7A5,0.04463655543175022
CCCATTGTCTTAGGAC-1,Endo CLDN5 SLC7A5,0.43227832364747626
CCCGAAGAGGAAGTGA-1,L6 OPRK1 THEMIS RGS6,0.03828380008944576
CCCGAAGCAACTCCCT-1,Endo CLDN5 SLC7A5,0.8409682578323123
CCCGAAGCAACTCGTA-1,Astro GFAP FABP7,0.6002490251893432
CCCGAAGCACGGTGAA-1,Astro AQP4 SLC1A2,0.05878146595772582
CCCGAAGTCGCCAGTG-1,Endo CLDN5 SLC7A5,0.19619642975530754
CCCGGAAAGGCATCTT-1,Micro P2RY12 CCL3,0.9999959491414305
CCCGGAAGTGTCTTAG-1,PC P2RY14 GRM8,0.0548247944559833
CCCGGAATCGGTATGT-1,L2-3 CUX2 NTNG1 PALMD,0.2850516886488334
CCCTAACAGTTCCAGT-1,Oligo MOG OPALIN,0.20209144414072053
CCCTAACCAAAGGTTA-1,Endo CLDN5 SLC7A5,0.9812597941845218
CCCTAACCAAGACTGG-1,Endo CLDN5 SLC7A5,0.6576604326620933
CCCTAACCACTCCACT-1,Endo CLDN5 SLC7A5,0.9149417151344451
CCCTAACCATACAGGG-1,Endo CLDN5 SLC7A5,0.36811546090679714
CCCTAACGTCCAAAGG-1,Endo CLDN5 SLC7A5,0.0805522465253535
CCCTAACGTCCGAAAG-1,Endo CLDN5 SLC7A5,0.4532802938316738
CCCTAACGTGCGTCGT-1,L3-5 RORB MKX GRIN3A,0.019226798236098967
CCCTAACGTTATGGTC-1,Oligo MOG OPALIN,0.6256208171754745
CCCTAACGTTGGCCTG-1,Endo CLDN5 SLC7A5,0.9091239146378801
CCCTAACTCGCAGATT-1,Endo CLDN5 SLC7A5,0.07559615600871314
CCCTCAACAGAACCGA-1,L3-5 RORB MKX DCC,0.9989393580362401
CCCTCAAGTATCGGTT-1,L6 FEZF2 NPFFR2 TPD52L1,0.3093545625106695
CCCTCAAGTCCTCCTA-1,Oligo MOG OPALIN,0.9999397614279236
CCCTCAATCAACCTCC-1,L3-5 RORB MKX GRIN3A,0.7214674660122726
CCCTCAATCGCTATTT-1,Endo CLDN5 SLC7A5,0.5206824347414539
CCCTCAATCGTGTTCC-1,Astro AQP4 SLC1A2,0.9978892333665164
CCCTCTCAGCGAACTG-1,L3-5 RORB GABRG1 KCNH7,0.09506252512312653
CCCTCTCAGTTTGAGA-1,Oligo MOG OPALIN,0.7710556823886423
CCCTCTCCAAGAGGTC-1,Endo CLDN5 SLC7A5,0.5394825260199144
CCCTCTCCAGCCATTA-1,L3-5 RORB GABRG1 PTPRO,0.012954545598465818
CCCTCTCGTCACGCTG-1,L2-3 CUX2 NTNG1 COL5A2,0.04753759182286948
CCCTCTCTCCACAGCG-1,L2-3 CUX2 NTNG1 PALMD,0.4089906350115508
CCCTGATAGTTACGTC-1,L3-5 RORB MKX DCC,0.22921433671799732
CCCTGATCACTGCGAC-1,Endo CLDN5 SLC7A5,0.3130554668375399
CCCTGATGTACTTGTG-1,Oligo MOG OPALIN,0.5757898492121578
CCCTGATTCACACGAT-1,InN LAMP5 LHX6 PROX1,0.9469999942179144
CCCTGATTCCAGTGTA-1,L2-3 CUX2 ACVR1C THSD7A,0.011679958731903155
CCCTGATTCGACCACG-1,Endo CLDN5 SLC7A5,0.8527541022618991
CCCTGATTCTGTAACG-1,Endo CLDN5 SLC7A5,0.38006526842570776
CCCTTAGCAAAGGGCT-1,Endo CLDN5 SLC7A5,0.5359549942112505
CCCTTAGCACGGTGCT-1,Endo CLDN5 SLC7A5,0.23521019476660518
CCCTTAGCAGCCGTTG-1,Endo CLDN5 DKK2,0.999708076524874
CCCTTAGCAGGTCTCG-1,Endo CLDN5 SLC7A5,0.37083358925879784
CCCTTAGCATCTAACG-1,InN VIP CLSTN2,0.011263973376337003
CCCTTAGGTTCAAGGG-1,Oligo MOG OPALIN,0.8392024091498301
CCCTTAGTCTAGTACG-1,Endo CLDN5 SLC7A5,0.4037567487566714
CCGAACGAGCCTGAAG-1,Oligo MOG OPALIN,0.9488453908801099
CCGAACGAGCGGTATG-1,L3-5 RORB TNNT2 TSHZ2,0.6926225643028673
CCGAACGAGTGATGGC-1,Endo CLDN5 SLC7A5,0.7893334164002139
CCGATCTAGAGAGTGA-1,Endo CLDN5 SLC7A5,0.11566641256505718
CCGATCTAGCTCCCTT-1,Macro F13A1 COLEC12,0.5836022793880663
CCGATCTAGGATTACA-1,Astro GFAP AQP1,0.9058045716361492
CCGATCTGTTAGTTCG-1,Oligo MOG OPALIN,0.28400626273572854
CCGATCTTCACCCTGT-1,Astro GFAP FABP7,0.9998644442333188
CCGATCTTCCTTATAC-1,Endo CLDN5 SLC7A5,0.8081834337384388
CCGATGGGTCCACTTC-1,InN PVALB ANOS1,0.042480155509747715
CCGATGGTCGTGGTAT-1,Endo CLDN5 SLC7A5,0.7137996868537939
CCGATGGTCTTCCTAA-1,L3-5 RORB MKX GALR1,0.038303786580782206
CCGCAAGAGACTGAGC-1,Endo CLDN5 SLC7A5,0.10887266194934007
CCGCAAGGTTGGGACA-1,Endo CLDN5 SLC7A5,0.9670070739089991
CCGCAAGTCCTAAGTG-1,L3-5 RORB MKX GRIN3A,0.8785734428521494
CCGGACACAACGCCCA-1,L2-3 CUX2 NTNG1 PALMD,0.203863507605187
CCGGACAGTGGAGGTT-1,L2-3 CUX2 NTNG1 COL5A2,0.029194631289234923
CCGGACAGTGTGTCCG-1,Endo CLDN5 SLC7A5,0.8249120056326448
CCGGACATCCTCACCA-1,Oligo MOG OPALIN,0.9973672633798953
CCGGACATCGATACTG-1,Endo CLDN5 SLC7A5,0.17161748489185163
CCGGGTAAGCGCGTTC-1,Oligo MOG OPALIN,0.4969549320082251
CCGGGTACAGGCCTGT-1,Endo CLDN5 SLC7A5,0.7276168918255064
CCGGGTACATTCAGCA-1,Endo CLDN5 SLC7A5,0.9718508767845174
CCGGGTATCTTTCAGT-1,L3-5 RORB GABRG1 KCNH7,0.06569288678904625
CCGGTAGCACCCTAGG-1,L2-3 CUX2 ACVR1C INHBA,0.08265525417460914
CCGGTAGGTACGCTAT-1,L2-3 CUX2 NTNG1 PALMD,0.25795964781412273
CCGGTAGGTCAAGGCA-1,Endo CLDN5 SLC7A5,0.3009599750503298
CCGGTAGGTCTGTTAG-1,Astro AQP4 SLC1A2,0.5320617402786387
CCGGTAGGTTTCGTGA-1,Micro P2RY12 CCL3,0.5259677254316146
CCGGTAGTCATTTGTC-1,Astro GFAP AQP1,0.05724978838352725
CCGGTGAAGCATACTC-1,Endo CLDN5 SLC7A5,0.28380392676329
CCGGTGAAGGACTAAT-1,Astro AQP4 SLC1A2,0.1239367281313001
CCGGTGAAGGTCTACT-1,L2-3 CUX2 NTNG1 COL5A2,0.0384644036927864
CCGGTGACAAGCTACT-1,Endo CLDN5 SLC7A5,0.42377063231922263
CCGGTGACAGCTGGTC-1,Oligo MOG OPALIN,0.9999749355738285
CCGGTGAGTTTCCCAC-1,Endo CLDN5 SLC7A5,0.5537579150815986
CCGTAGGAGCATAGGC-1,L3-5 RORB GABRG1 PTPRO,0.03245764712998361
CCGTAGGAGGAATCGC-1,Endo CLDN5 SLC7A5,0.47197866501647556
CCGTAGGAGGCATCAG-1,Endo CLDN5 SLC7A5,0.9530665934389415
CCGTAGGAGTGTGTTC-1,Endo CLDN5 SLC7A5,0.010237360552338643
CCGTAGGCAAACCGGA-1,Endo CLDN5 SLC7A5,0.6446540939198578
CCGTGAGCACAGAGAC-1,Endo CLDN5 SLC7A5,0.9529838916962319
CCGTGAGGTATCGTAC-1,L2-3 CUX2 ACVR1C THSD7A,0.08007162071385118
CCGTGAGGTGAGAACC-1,InN PVALB PIEZO2,0.01154362943592871
CCGTGAGTCTGAACGT-1,Endo CLDN5 SLC7A5,0.7296288162235305
CCGTTCACACTAGTAC-1,L2-3 CUX2 NTNG1 PALMD,0.030056139153231288
CCGTTCACAGGGACTA-1,Endo CLDN5 SLC7A5,0.08481686232442565
CCGTTCACAGTCGAGA-1,InN PVALB ANOS1,0.9020006206416136
CCGTTCAGTCTGCGCA-1,Micro P2RY12 APBB1IP,0.4287063024085599
CCGTTCAGTGCATGAG-1,Micro P2RY12 APBB1IP,0.012878762964866577
CCGTTCAGTTGGGCCT-1,Endo CLDN5 SLC7A5,0.6491797926454129
CCTAACCCACCAAATC-1,Oligo MOG OPALIN,0.4436826612370325
CCTAACCGTATCACGT-1,Oligo MOG OPALIN,0.8560594033126395
CCTAACCGTCACCGCA-1,Macro F13A1 COLEC12,0.9999954132176131
CCTAAGAGTACCATAC-1,Endo CLDN5 SLC7A5,0.9143653985893161
CCTAAGAGTCACCACG-1,Endo CLDN5 SLC7A5,0.7238416792059377
CCTAAGATCCCGTGAG-1,L3-5 RORB MKX GRIN3A,0.8747283276677948
CCTAAGATCGCTCATC-1,L2-4 CUX2 RORB CLMN,0.017862442053625884
CCTAAGATCTCTCGCA-1,Endo CLDN5 SLC7A5,0.9623434265759564
CCTAAGATCTTACTGT-1,Astro AQP4 SLC1A2,0.9879935615011524
CCTACGTCAAAGCTAA-1,L2-3 CUX2 NTNG1 PALMD,0.16093785242698766
CCTACGTGTCCACTCT-1,L2-4 CUX2 RORB CLMN,0.10323793990394799
CCTACGTGTTCCATTT-1,L2-4 CUX2 RORB CLMN,0.03900430228916021
CCTACGTGTTCGAGCC-1,Endo CLDN5 SLC7A5,0.3467927617766743
CCTATCGAGATACCAA-1,Astro AQP4 SLC1A2,0.014566154692014716
CCTATCGAGATGTTAG-1,L2-3 CUX2 NTNG1 PALMD,0.35243572558462677
CCTATCGCAAGAAATC-1,Oligo MOG OPALIN,0.9976013876099177
CCTATCGCAGGTTTAC-1,L3-5 RORB MKX GRIN3A,0.5641541202653045
CCTATCGCATAATGCC-1,L2-3 CUX2 NTNG1 PALMD,0.01524609619498696
CCTCAACAGAAGAGCA-1,Astro AQP4 SLC1A2,0.9986295243346139
CCTCAACAGCTACTAC-1,Astro AQP4 SLC1A2,0.23598859310577416
CCTCAACAGGAATCGC-1,L2-4 CUX2 RORB CLMN,0.06373268418860034
CCTCAACAGGTAAGAG-1,L2-3 CUX2 NTNG1 PALMD,0.16370566226531538
CCTCAACCACCCAATA-1,Endo CLDN5 SLC7A5,0.7216713346830237
CCTCAACTCACTGGGC-1,L2-3 CUX2 NTNG1 COL5A2,0.1813716387371779
CCTCAACTCTCGAACA-1,L6 OPRK1 SMYD1 SNTB1,0.059153242556952465
CCTCACAAGACATCAA-1,L2-3 CUX2 NTNG1 PALMD,0.019080598887627018
CCTCACAAGCTCCACG-1,Oligo MOG OPALIN,0.6144061165904179
CCTCACAAGGCACTAG-1,L2-3 CUX2 NTNG1 PALMD,0.2404842405645467
CCTCACACAAGACCTT-1,Endo CLDN5 SLC7A5,0.35721400416623494
CCTCACACACTCCGGA-1,Endo CLDN5 SLC7A5,0.21460342783933067
CCTCACACACTCTGCT-1,L2-3 CUX2 ACVR1C THSD7A,0.03775268160048226
CCTCACAGTGGAACAC-1,L2-3 CUX2 NTNG1 PLCH1,0.23235743108752027
CCTCACAGTGGGATTG-1,Endo CLDN5 SLC7A5,0.5199323601374576
CCTCACATCGTGGGAA-1,Endo CLDN5 SLC7A5,0.5307867459931876
CCTCACATCTGCCTCA-1,Endo CLDN5 SLC7A5,0.10288471554367197
CCTCAGTAGAGGCTGT-1,Endo CLDN5 SLC7A5,0.10181825369247761
CCTCAGTCACGCGGTT-1,Endo CLDN5 SLC7A5,0.10605686056589274
CCTCATGCAGAACATA-1,Endo CLDN5 SLC7A5,0.39428226101976754
CCTCATGCATGGTGGA-1,Endo CLDN5 SLC7A5,0.9819823145785627
CCTCATGTCAAGCCTA-1,Astro AQP4 SLC1A2,0.012645083198089449
CCTCATGTCCAGTGCG-1,InN SST TRPC7,0.3988009241788584
CCTCATGTCCCAGGCA-1,Endo CLDN5 SLC7A5,0.13931907381929542
CCTCATGTCCTATGGA-1,L3-5 RORB MKX GRIN3A,0.616724735010251
CCTCCAAAGGGTTAGC-1,L3-5 RORB MKX GRIN3A,0.735726242025601
CCTCCAAAGTCCGCGT-1,L2-3 CUX2 NTNG1 PALMD,0.09737302750870457
CCTCCAACAGAGCTAG-1,Oligo MOG OPALIN,0.39665122707429135
CCTCCAAGTAGGGAGG-1,Astro GFAP AQP1,0.43448949112514423
CCTCCTCCAAAGGCAC-1,Endo CLDN5 SLC7A5,0.9238368003267317
CCTCCTCCACTCCGAG-1,InN PVALB HPSE,0.009714019153676324
CCTCCTCCACTTGGCG-1,OPC PDGFRA PCDH15,0.9999999999999707
CCTCCTCGTAACAGGC-1,Endo CLDN5 SLC7A5,0.6514142614565274
CCTCCTCGTTACCGTA-1,L2-3 CUX2 NTNG1 COL5A2,0.16093279845328828
CCTCCTCGTTTGAAAG-1,Endo CLDN5 SLC7A5,0.3793802196265963
CCTCTAGAGAAGCTGC-1,Endo CLDN5 SLC7A5,0.5712846604426146
CCTCTAGCAACACGTT-1,Endo CLDN5 SLC7A5,0.27122922393339144
CCTCTAGCAAGCAATA-1,Endo CLDN5 SLC7A5,0.5108489243024823
CCTCTAGCATGACGAG-1,InN SST ADAMTSL1,0.023702692920529872
CCTCTCCAGCTGACCC-1,Endo CLDN5 SLC7A5,0.5470208406931337
CCTCTCCCACCAATTG-1,Endo CLDN5 SLC7A5,0.26803038367195237
CCTCTCCCATATAGCC-1,Endo CLDN5 SLC7A5,0.44387924777419996
CCTCTCCTCGGTAGGA-1,PC P2RY14 GRM8,0.9349825645217856
CCTCTCCTCTACGGGC-1,Astro GFAP FABP7,0.9962098301830926
CCTGCATAGACCCTTA-1,Micro P2RY12 APBB1IP,0.11990560753159805
CCTGCATAGCACCGTC-1,InN SST PLPP4,0.09844143509817116
CCTGCATAGCATTGAA-1,Endo CLDN5 SLC7A5,0.5612344700660269
CCTGCATAGGGCCCTT-1,PC P2RY14 GRM8,0.38917253291601767
CCTGCATCAAATTGGA-1,Endo CLDN5 SLC7A5,0.9625356736173843
CCTGCATCAAGGACAC-1,L3-5 RORB MKX GRIN3A,0.09011599955635176
CCTGCATCATGTGACT-1,L3-5 RORB GABRG1 PTPRO,0.03587402207170412
CCTGCATGTCTTCGAA-1,L2-3 CUX2 NTNG1 PALMD,0.7731588644909424
CCTGCATTCATTGCGA-1,Endo CLDN5 SLC7A5,0.9547784975928353
CCTGCATTCCCGTAAA-1,L3-5 RORB MKX GRIN3A,0.08732547417461183
CCTGCATTCCGTGTCT-1,Endo CLDN5 SLC7A5,0.8548547217607726
CCTGTTGCATATCTCT-1,Oligo MOG OPALIN,0.9736979766630822
CCTGTTGCATGACGGA-1,L2-3 CUX2 NTNG1 PALMD,0.15586981552981194
CCTGTTGGTAGGCTGA-1,Endo CLDN5 SLC7A5,0.9376195770803016
CCTGTTGGTGGACCTC-1,Endo CLDN5 SLC7A5,0.6283285176190013
CCTGTTGTCGACATTG-1,Endo CLDN5 SLC7A5,0.885411096021524
CCTGTTGTCGGAACTT-1,Endo CLDN5 SLC7A5,0.3670630187254777
CCTGTTGTCTAAGGAA-1,L2-3 CUX2 NTNG1 PALMD,0.6327633103347647
CCTGTTGTCTGCTAGA-1,L2-4 CUX2 RORB CLMN,0.03797594459552489
CCTTCAGAGGTTACAA-1,Endo CLDN5 SLC7A5,0.5274405696537268
CCTTCAGCATAAGCAA-1,Endo CLDN5 SLC7A5,0.7424021473105533
CCTTCAGGTATTAAGG-1,Astro GFAP AQP1,0.03172156778435973
CCTTCAGGTGACTCGC-1,Micro P2RY12 APBB1IP,0.025886463954760453
CCTTGTGAGCCATGCC-1,Endo CLDN5 SLC7A5,0.971833326064422
CCTTGTGAGCCTCTGG-1,Endo CLDN5 SLC7A5,0.09043446460816848
CCTTGTGAGCGTTCCG-1,PC P2RY14 GRM8,0.7220371433875398
CCTTGTGGTCGTTGGC-1,Astro GFAP AQP1,0.5996741965489268
CCTTGTGGTGGGACAT-1,Endo CLDN5 SLC7A5,0.050777969637888734
CCTTGTGTCATGAGTC-1,Endo CLDN5 SLC7A5,0.9362649422141325
CCTTGTGTCCGATCGG-1,Endo CLDN5 SLC7A5,0.2828840860308097
CCTTTGGAGTTCCATG-1,Astro GFAP AQP1,0.09233027205389338
CCTTTGGCACAAGCAG-1,Endo CLDN5 SLC7A5,0.07104288386993374
CCTTTGGCAGAGGAAA-1,L3-5 RORB MKX GRIN3A,0.37447910195421
CCTTTGGCAGTAACAA-1,Astro AQP4 SLC1A2,0.030545807235873457
CCTTTGGCATCTGCGG-1,Astro AQP4 SLC1A2,0.9795276860371027
CCTTTGGGTATCGGTT-1,L2-3 CUX2 NTNG1 PLCH1,0.05090307584275589
CGAAGGAAGCTGGAGT-1,Endo CLDN5 SLC7A5,0.3741824348106849
CGAAGGAAGGTTTGAA-1,Endo CLDN5 SLC7A5,0.822569804041901
CGAAGGAAGTTACGTC-1,L3-5 RORB MKX GRIN3A,0.06551310980316691
CGAAGGACATGGGTCC-1,Endo CLDN5 SLC7A5,0.6783716038778262
CGAAGGAGTGCACAAG-1,L3-5 RORB MKX GRIN3A,0.01808219493183865
CGAAGGATCACCCATC-1,Endo CLDN5 SLC7A5,0.07156512748134003
CGAAGGATCACCCTCA-1,OPC PDGFRA PCDH15,0.9999999999999978
CGAAGTTAGGTTTACC-1,OPC PDGFRA PCDH15,0.9999148402404926
CGAAGTTCAAACTCTG-1,Oligo MOG OPALIN,0.9468990075661021
CGAAGTTCACGTAACT-1,Endo CLDN5 SLC7A5,0.5965016565053681
CGAAGTTGTAGACAGC-1,Endo CLDN5 SLC7A5,0.9655360177716646
CGAATTGAGGAACGTC-1,Endo CLDN5 SLC7A5,0.9157061957714596
CGAATTGCAACAACAA-1,L3-5 RORB GABRG1 PTPRO,0.06338669868861029
CGAATTGCAGCAGAAC-1,Oligo MOG OPALIN,0.9736863998764902
CGAATTGCATAGATCC-1,L3-5 RORB MKX GRIN3A,0.22058926542012366
CGAATTGCATCTTTCA-1,L2-3 CUX2 NTNG1 PALMD,0.10527679521893601
CGAATTGTCGGCACTG-1,VLMC COL1A2 VLMCA8,0.4745418792267981
CGACAGCAGCAGAAAG-1,Endo CLDN5 SLC7A5,0.844464085442001
CGACAGCAGGAAGTGA-1,Endo CLDN5 SLC7A5,0.9175170961565958
CGACAGCCACAGCTGC-1,L3-5 RORB MKX GRIN3A,0.05564106815887881
CGACAGCGTCCATACA-1,L3-5 RORB GABRG1 PLCH1,0.1441910777275794
CGACAGCGTCCTATAG-1,L2-3 CUX2 NTNG1 PALMD,0.43856280914670065
CGACAGCGTTACCCTC-1,Endo CLDN5 SLC7A5,0.06945449946505546
CGACAGCTCATCCTAT-1,Endo CLDN5 SLC7A5,0.027295646439442184
CGACAGCTCCCTTCCC-1,Endo CLDN5 SLC7A5,0.5991956000785522
CGACAGCTCTTCACGC-1,Endo CLDN5 SLC7A5,0.46271526088214576
CGAGAAGCAACGCATT-1,Endo CLDN5 SLC7A5,0.8454897019589303
CGAGAAGGTTAGGCTT-1,Micro P2RY12 APBB1IP,0.26091035077991476
CGAGAAGGTTCCACGG-1,Endo CLDN5 SLC7A5,0.7109417850549811
CGAGAAGTCACTACGA-1,Endo CLDN5 SLC7A5,0.0598800751592366
CGAGAAGTCCGATGTA-1,Endo CLDN5 SLC7A5,0.9639813471158177
CGAGAAGTCCTAAGTG-1,Endo CLDN5 SLC7A5,0.21298477540808905
CGAGAAGTCGCAATGT-1,L6 OPRK1 THEMIS RGS6,0.03728380175437431
CGAGGAAAGACTCGAG-1,Endo CLDN5 DKK2,0.33223816893414965
CGAGGAAAGATAGTGT-1,L3-5 RORB MKX SCN5A,0.9707634611094511
CGAGGAAAGCATGGGT-1,Endo CLDN5 SLC7A5,0.28819896531873046
CGAGGAAAGGGCAACT-1,Oligo MOG OPALIN,0.5179326326163808
CGAGGAAAGTTGTACC-1,L2-3 CUX2 NTNG1 PALMD,0.0498618221837393
CGAGGAAGTCTTGCTC-1,L3-5 RORB PCBP3 LINGO2,0.21288604556580012
CGAGGCTAGATGCCGA-1,Endo CLDN5 SLC7A5,0.3638621417770933
CGAGGCTAGCGGGTTA-1,Oligo MOG OPALIN,0.04958441825097236
CGAGGCTCACTCCGGA-1,Endo CLDN5 SLC7A5,0.15546725874923892
CGAGGCTCATGAGTAA-1,Endo CLDN5 SLC7A5,0.06742502895112958
CGAGGCTGTATTCCTT-1,Endo CLDN5 SLC7A5,0.9563300484902578
CGAGGCTGTCAACGCC-1,Endo CLDN5 SLC7A5,0.5359151140795159
CGAGGCTGTGAATTGA-1,Micro P2RY12 APBB1IP,0.010832982246176365
CGAGGCTGTGAGACGT-1,Endo CLDN5 SLC7A5,0.07919989428225109
CGAGGCTGTGCAGGAT-1,Endo CLDN5 SLC7A5,0.9722350070949127
CGAGGCTGTGCTTCAA-1,Endo CLDN5 SLC7A5,0.8442535995323663
CGAGGCTGTTATTCCT-1,Endo CLDN5 SLC7A5,0.6891353991916508
CGAGGCTGTTCGTACA-1,Endo CLDN5 SLC7A5,0.03270512683952052
CGAGGCTTCAGACAAA-1,Endo CLDN5 SLC7A5,0.06204509496309589
CGAGGCTTCATTACCT-1,Endo CLDN5 SLC7A5,0.9330627119035907
CGAGGCTTCCATGCAA-1,L2-3 CUX2 NTNG1 PLCH1,0.1575364510510017
CGAGGCTTCGCTGACG-1,OPC PDGFRA PCDH15,0.9999994406359318
CGAGGCTTCGGCTATA-1,PC P2RY14 GRM8,0.9999982465850943
CGAGGCTTCGTCGATA-1,Micro P2RY12 APBB1IP,0.04173694583754939
CGAGTGCAGCACTCAT-1,Astro GFAP AQP1,0.0836620221035527
CGAGTGCAGCGCGTTC-1,L2-3 CUX2 NTNG1 PALMD,0.987274485968315
CGAGTGCCAGGAATAT-1,Oligo MOG OPALIN,0.4993772451743871
CGAGTGCGTTGCACGC-1,Astro GFAP AQP1,0.05867926235913077
CGAGTGCTCAAACTGC-1,Endo CLDN5 SLC7A5,0.5835551991027613
CGAGTGCTCACGATCA-1,Endo CLDN5 SLC7A5,0.2429006832938749
CGAGTGCTCATTTGCT-1,Astro AQP4 SLC1A2,0.1193866282688172
CGAGTTAAGGTGCTAG-1,L6 FEZF2 DCBLD1 MITF,0.27540890980297894
CGAGTTACAAATAGCA-1,Endo CLDN5 SLC7A5,0.555828828170674
CGAGTTACAATCTCTT-1,Endo CLDN5 SLC7A5,0.7559738987929778
CGAGTTAGTCGGCTAC-1,L2-3 CUX2 ACVR1C INHBA,0.38409121099896243
CGAGTTAGTGACAGGT-1,Micro P2RY12 APBB1IP,0.0912876330406711
CGAGTTATCCTTATCA-1,L3-5 RORB MKX GRIN3A,0.9747117945828159
CGATCGGTCTCATGCC-1,Astro GFAP FABP7,0.061409405850682365
CGATGCGAGAAGCGGG-1,L3-5 RORB MKX GRIN3A,0.11308715879914939
CGATGCGAGCGGTAAC-1,Endo CLDN5 SLC7A5,0.6093429519805907
CGATGCGCACGTATAC-1,L2-3 CUX2 NTNG1 PALMD,0.1015301590485414
CGATGCGTCAGGAGAC-1,Endo CLDN5 SLC7A5,0.41317598627376806
CGATGGCAGACGTCCC-1,Oligo MOG OPALIN,0.5775438449464043
CGATGGCAGGACAGTC-1,Astro GFAP AQP1,0.21966052334368974
CGATGGCAGTCTAGAA-1,InN SST STK32A,0.9966010589350562
CGATGGCCACATGGTT-1,Endo CLDN5 SLC7A5,0.6560116380775575
CGATGGCCAGAGATTA-1,Endo CLDN5 SLC7A5,0.8135628168669223
CGATGGCGTGCTTCAA-1,InN VIP ADAM12,0.6583463323148344
CGATGGCTCAGGGATG-1,Endo CLDN5 SLC7A5,0.05030547204078318
CGATGGCTCTCCAATT-1,Endo CLDN5 SLC7A5,0.9945566994319257
CGATGGCTCTTGCAAG-1,InN SST ADAMTSL1,0.014174682148323127
CGCAGGTCAAGGCAAC-1,L2-3 CUX2 ACVR1C THSD7A,0.055509419258274566
CGCAGGTCACCTCTAC-1,Endo CLDN5 SLC7A5,0.9594972631272392
CGCAGGTCAGCGAACA-1,Endo CLDN5 SLC7A5,0.7165321117837951
CGCAGGTTCCTAAACG-1,L3-5 RORB MKX GRIN3A,0.1529737894746133
CGCAGGTTCGTCGATA-1,Micro P2RY12 APBB1IP,0.12566239897545597
CGCAGGTTCTACCCAC-1,Endo CLDN5 SLC7A5,0.06285416999033908
CGCATAACACCGGAAA-1,Endo CLDN5 SLC7A5,0.9290051297817973
CGCATAAGTGTTCATG-1,Endo CLDN5 SLC7A5,0.13967736455163343
CGCATAAGTTGGGAAC-1,Endo CLDN5 SLC7A5,0.4158516573434041
CGCATAATCGACACTA-1,Endo CLDN5 SLC7A5,0.8578060633616061
CGCATAATCGAGCCAC-1,Micro P2RY12 CCL3,0.9999225524434164
CGCATAATCTTTGCAT-1,Endo CLDN5 SLC7A5,0.6009479189577028
CGCATGGAGCGTGAGT-1,Endo CLDN5 SLC7A5,0.0127430974169582
CGCATGGAGCTCGAAG-1,L2-3 CUX2 NTNG1 PALMD,0.17490083850981875
CGCATGGCAACAGCCC-1,Oligo MOG OPALIN,0.9984526377284547
CGCATGGCAATAAGGT-1,Endo CLDN5 SLC7A5,0.37820070428655533
CGCATGGGTGACGTCC-1,Endo CLDN5 SLC7A5,0.9965042076799252
CGCATGGGTTAGTCGT-1,Endo CLDN5 SLC7A5,0.310853672768608
CGCATGGTCCATCCGT-1,InN VIP HS3ST3B1,0.9757118398522955
CGCATGGTCGTCCATC-1,Endo CLDN5 SLC7A5,0.7671064061912017
CGCCAGACAGCTACAT-1,Endo CLDN5 SLC7A5,0.7910344334038883
CGCCAGACAGTTCACA-1,Oligo MOG OPALIN,0.08541371813030862
CGCCAGAGTCACAATC-1,Endo CLDN5 SLC7A5,0.3719765253607191
CGCCAGATCGAAGGAC-1,Micro P2RY12 GLDN,0.8224377786457615
CGCCAGATCGACGACC-1,Astro AQP4 SLC1A2,0.9891784799044612
CGCCATTCATCTTCGC-1,Endo CLDN5 SLC7A5,0.025882561175838353
CGCCATTGTAGCTGTT-1,Oligo MOG OPALIN,0.06545461663613307
CGCCATTGTCAGCTTA-1,InN VIP ADAM12,0.9999215958112773
CGCCATTGTCCCGTGA-1,Endo CLDN5 SLC7A5,0.10232618065353032
CGCCATTGTCGCGGTT-1,Endo CLDN5 SLC7A5,0.0199395519902391
CGCCATTGTTCAGGTT-1,Endo CLDN5 SLC7A5,0.9028964670778521
CGCGTGAAGATTGGGC-1,Endo CLDN5 SLC7A5,0.4905848684316309
CGCGTGACAACACTAC-1,Endo CLDN5 SLC7A5,0.44629361175911414
CGCGTGACACGTCGGT-1,Endo CLDN5 SLC7A5,0.7984754855554023
CGCGTGATCGGTAAGG-1,Oligo MOG OPALIN,0.9978721316332108
CGGAACCAGTGGACTG-1,Endo CLDN5 SLC7A5,0.11284535078118182
CGGAACCAGTTTGCTG-1,InN LAMP5 BMP7,0.8116938697470129
CGGAACCCAGACGATG-1,Endo CLDN5 SLC7A5,0.06467078924485546
CGGAACCGTGTTACAC-1,OPC PDGFRA PCDH15,0.12456514861271327
CGGAACCTCAGCGTCG-1,L2-3 CUX2 NTNG1 PALMD,0.2888567780774588
CGGAACCTCGCTCCTA-1,Endo CLDN5 SLC7A5,0.8724577673771756
CGGAACCTCGTAGCTA-1,Endo CLDN5 SLC7A5,0.7480836999803875
CGGAATTAGCTCGACC-1,Endo CLDN5 SLC7A5,0.32104940209269656
CGGAATTAGTGGTGAC-1,Endo CLDN5 SLC7A5,0.8448885071855357
CGGAATTGTATCTCTT-1,Endo CLDN5 SLC7A5,0.5728276739324543
CGGAATTGTTATCTTC-1,Endo CLDN5 SLC7A5,0.14646528581812585
CGGACACAGTATGCAA-1,L2-3 CUX2 NTNG1 PALMD,0.9499646976243786
CGGACACTCATAGAGA-1,L2-3 CUX2 NTNG1 PALMD,0.9400105671223753
CGGAGAACACGGGTAA-1,L6 FEZF2 NPFFR2 KCNK2,0.29141574369783374
CGGAGAATCTCAATCT-1,Endo CLDN5 SLC7A5,0.8423338406913583
CGGAGAATCTCTGGTC-1,L6 OPRK1 SMYD1 SNTB1,0.02415233907384506
CGGCAGTAGACTTCGT-1,Oligo MOG OPALIN,0.1418074931551235
CGGCAGTAGTCACAGG-1,Oligo MOG OPALIN,0.03650908663316828
CGGCAGTCACGCCACA-1,Endo CLDN5 SLC7A5,0.9631849829217537
CGGCAGTCATAGTCAC-1,Endo CLDN5 SLC7A5,0.9398282458254108
CGGCAGTTCTCGAACA-1,Astro AQP4 SLC1A2,0.05623611210341571
CGGGACTCAGCTACAT-1,Endo CLDN5 SLC7A5,0.5509690381990547
CGGGACTCATACACCA-1,Endo CLDN5 SLC7A5,0.27458834466437854
CGGGACTGTAAGCTCT-1,InN PVALB PDE3A,0.06467832957047864
CGGGACTGTACGTGAG-1,Astro AQP4 SLC1A2,0.018009568343600207
CGGGACTGTCCCTCAT-1,Endo CLDN5 SLC7A5,0.01596832319647507
CGGGACTGTCTGTAGT-1,Endo CLDN5 SLC7A5,0.8609052032984076
CGGGACTTCACCGCTT-1,Endo CLDN5 IL1R1,0.195948571156773
CGGGACTTCAGCTAGT-1,Endo CLDN5 SLC7A5,0.9049183789006499
CGGGACTTCGCCTTGT-1,L2-3 CUX2 NTNG1 PALMD,0.2745593921075001
CGGGCATAGCTCGTGC-1,L3-5 RORB MKX DCC,0.04776608668290487
CGGGCATCACAGCCTG-1,Endo CLDN5 SLC7A5,0.9917463468578338
CGGGCATCAGACGATG-1,L2-3 CUX2 NTNG1 PALMD,0.09360702762507347
CGGGCATGTTATTCCT-1,Astro GFAP AQP1,0.009360717833542727
CGGGTCAAGCTGTTCA-1,L2-3 CUX2 NTNG1 COL5A2,0.604248428964654
CGGGTCAAGGGTGGGA-1,Endo CLDN5 SLC7A5,0.22527503376534053
CGGGTCACAACCCGCA-1,L2-3 CUX2 NTNG1 PALMD,0.7594836553670712
CGGGTCACAGAATGTA-1,Oligo MOG OPALIN,0.014500149874520203
CGGGTCACAGCAGGAT-1,Endo CLDN5 SLC7A5,0.9550379466587369
CGGGTCACATCTAGAC-1,Oligo MOG OPALIN,0.4368843784229686
CGGGTCAGTTCAAGGG-1,Endo CLDN5 SLC7A5,0.8334892674871539
CGGGTCATCACCATGA-1,Endo CLDN5 SLC7A5,0.11139896357459837
CGGGTCATCTTAGGAC-1,L2-4 CUX2 RORB CLMN,0.05240999397922062
CGGGTGTAGCAGTCTT-1,Endo CLDN5 SLC7A5,0.2507087318190419
CGGGTGTAGGTAAGTT-1,Endo CLDN5 SLC7A5,0.689612231722082
CGGGTGTCAAGTTCGT-1,Astro AQP4 SLC1A2,0.85680003754174
CGGGTGTGTCGTACAT-1,Endo CLDN5 SLC7A5,0.4094764532698536
CGGGTGTTCATGAGAA-1,Endo CLDN5 SLC7A5,0.1902377611643155
CGGGTGTTCCTCTCTT-1,Endo CLDN5 SLC7A5,0.7630459569060783
CGGTCAGCAAATGGAT-1,Endo CLDN5 SLC7A5,0.38090162009475953
CGGTCAGCAACACGTT-1,Endo CLDN5 SLC7A5,0.1864767788950692
CGGTCAGCAACTGGTT-1,Endo CLDN5 SLC7A5,0.921120192234844
CGGTCAGCACGACGAA-1,Oligo MOG OPALIN,0.9992060332074988
CGGTCAGCATAGGCGA-1,L2-3 CUX2 NTNG1 PALMD,0.5750012137872172
CGGTCAGGTACAGAAT-1,L2-3 CUX2 NTNG1 PLCH1,0.009737521741374539
CGGTCAGGTGCAGATG-1,Endo CLDN5 SLC7A5,0.5473740132415351
CGGTCAGGTGCATTTG-1,Endo CLDN5 SLC7A5,0.7434978115559608
CGTAAGTAGCGGGTAT-1,L3-5 RORB GABRG1 PTPRO,0.036909124522153926
CGTAAGTGTTCTCGCT-1,L2-3 CUX2 NTNG1 PALMD,0.5472325028746184
CGTAAGTTCATGAAAG-1,Endo CLDN5 SLC7A5,0.6291147902371907
CGTAATGAGAAACTAC-1,Astro GFAP FABP7,0.9999599236930692
CGTAATGAGTTGCCTA-1,L6 FEZF2 DCBLD1 MITF,0.05715127769215827
CGTAATGCAATCAGCT-1,Endo CLDN5 SLC7A5,0.2942731356175079
CGTAATGCACCGTCTT-1,Endo CLDN5 SLC7A5,0.9874829089803208
CGTAATGCACGATAGG-1,Endo CLDN5 SLC7A5,0.17379782211973832
CGTAATGCATGAGTAA-1,Endo CLDN5 SLC7A5,0.1414956642325333
CGTAATGCATGGCACC-1,L2-3 CUX2 NTNG1 PALMD,0.7096495686809451
CGTAATGGTTATCCAG-1,L2-3 CUX2 NTNG1 PALMD,0.1095058418308585
CGTAATGGTTCTAAGC-1,Oligo MOG GSN,0.3505797128672606
CGTAGTAAGTTTCTTC-1,Endo CLDN5 SLC7A5,0.9633958549261286
CGTAGTAGTAGCTTTG-1,Endo CLDN5 SLC7A5,0.8486042125530374
CGTAGTAGTTACTCAG-1,Astro GFAP FABP7,0.9997318271572512
CGTAGTATCCTTACCG-1,L6 FEZF2 NPFFR2 KCNK2,0.1316292250511356
CGTCAAAAGCGTACAG-1,Endo CLDN5 SLC7A5,0.1756036292090638
CGTCAAATCAAGATAG-1,Endo CLDN5 SLC7A5,0.08190093492447378
CGTCAAATCACCCTGT-1,SMC ACTA2 CNN1,0.9406582846847105
CGTCCATAGGTGTGAC-1,Astro AQP4 SLC1A2,0.9954590549618391
CGTCCATCATGGAAGC-1,Endo CLDN5 SLC7A5,0.9901528835442825
CGTCCATGTCCGGTCA-1,L6 OPRK1 THEMIS RGS6,0.6013321048827192
CGTCCATGTGACACAG-1,L2-3 CUX2 NTNG1 PALMD,0.1553788723879041
CGTCCATGTTATTCCT-1,L2-3 CUX2 NTNG1 PALMD,0.7657071727447199
CGTCCATTCACGAACT-1,Oligo MOG OPALIN,0.3325172760774472
CGTCCATTCAGCCCAG-1,L2-3 CUX2 NTNG1 PALMD,0.529219096414339
CGTCCATTCCGCCTAT-1,L2-3 CUX2 NTNG1 PALMD,0.9783984908169604
CGTCCATTCGAGAGCA-1,Astro GFAP AQP1,0.9999902131266938
CGTCCATTCGGCTTCT-1,Endo CLDN5 SLC7A5,0.11278198600848667
CGTGAATAGAAACTAC-1,Endo CLDN5 SLC7A5,0.06327455611969947
CGTGAATAGAAGATCT-1,Endo CLDN5 SLC7A5,0.34327907806090796
CGTGAATCACGACAAG-1,Oligo MOG OPALIN,0.999511075100894
CGTGAATCAGTCTGGC-1,Endo CLDN5 SLC7A5,0.26098530724916846
CGTGAATTCAGCATTG-1,Oligo MOG OPALIN,0.5465168068959926
CGTGAATTCATTATCC-1,Endo CLDN5 SLC7A5,0.2187676349636948
CGTGATAAGAACGTGC-1,Oligo MOG OPALIN,0.3675377407441825
CGTGATAAGATGCGAC-1,Endo CLDN5 SLC7A5,0.42068179410374934
CGTGATAAGCCGTTGC-1,L6 FEZF2 SYT6 CDH9,0.03247071888400966
CGTGATAAGCTGTTAC-1,Endo CLDN5 SLC7A5,0.023329103182785783
CGTGATACAAGTATCC-1,Endo CLDN5 SLC7A5,0.3325944637910225
CGTGATAGTCTCTCAC-1,L3-5 RORB MKX GRIN3A,0.39031932278956855
CGTGATATCGTGGGAA-1,Endo CLDN5 SLC7A5,0.9545431574692599
CGTGCTTCAGAAGTGC-1,InN SST NPY,0.9994587716430288
CGTGCTTGTCAACACT-1,Endo CLDN5 SLC7A5,0.028653880597580544
CGTGCTTGTCTCACAA-1,PC P2RY14 GRM8,0.9985456724736762
CGTGCTTTCGCTTTAT-1,OPC PDGFRA PCDH15,0.9999999999985045
CGTGCTTTCTGCTTAT-1,Astro AQP4 SLC1A2,0.10482459979526323
CGTGTCTAGCGTTACT-1,Endo CLDN5 SLC7A5,0.06232770853269191
CGTTAGAAGGGCCTCT-1,Endo CLDN5 SLC7A5,0.7504183027026207
CGTTAGAAGTTTCGAC-1,PC P2RY14 GRM8,0.029048077283064983
CGTTAGAGTGCCCAGT-1,L2-3 CUX2 NTNG1 PALMD,0.14257855638392147
CGTTCTGAGAAGATCT-1,Oligo MOG OPALIN,0.8804379355206849
CGTTCTGCACCTATCC-1,Oligo MOG OPALIN,0.9959331644513026
CGTTCTGGTACCTAGT-1,InN PVALB SYT2,0.17716927106323743
CGTTCTGGTATCGCGC-1,Endo CLDN5 SLC7A5,0.2871076015876586
CGTTCTGTCAAGAGTA-1,Endo CLDN5 SLC7A5,0.45641557221823154
CGTTCTGTCACCTCAC-1,InN SST FREM1,0.22587353684122544
CGTTCTGTCCGTATGA-1,Endo CLDN5 SLC7A5,0.08745264075860266
CGTTCTGTCTTCGGAA-1,Endo CLDN5 SLC7A5,0.9998181243840953
CGTTGGGAGCACTAAA-1,Endo CLDN5 SLC7A5,0.9722760356320329
CGTTGGGAGTCACTAC-1,L6 OPRK1 SMYD1 KCND2,0.024442974234583068
CGTTGGGCACAAAGTA-1,Astro AQP4 SLC1A2,0.9952829416061355
CGTTGGGCACAGCTGC-1,L2-3 CUX2 ACVR1C THSD7A,0.23678995349661508
CGTTGGGTCATGGAGG-1,L2-3 CUX2 NTNG1 PALMD,0.16653081608362894
CTAACCCAGCAATAGT-1,Endo CLDN5 SLC7A5,0.5653219474344601
CTAACCCAGTCCGCCA-1,Oligo MOG OPALIN,0.6916963080891404
CTAACCCCAACTACGT-1,Oligo MOG OPALIN,0.9533648824867824
CTAACCCCACACAGCC-1,L3-5 RORB MKX DCC,0.02768425087475808
CTAACCCCAGCTCTGG-1,Endo CLDN5 SLC7A5,0.9307369800911133
CTAACCCCAGGACAGT-1,Endo CLDN5 SLC7A5,0.010382786591127579
CTAACCCGTAGCTAAA-1,Oligo MOG OPALIN,0.9523046104365085
CTAACCCTCCTAGCTC-1,L2-3 CUX2 NTNG1 PALMD,0.2010615096745551
CTAACTTAGCTCACTA-1,Endo CLDN5 SLC7A5,0.7422412174756723
CTAACTTAGCTTCGTA-1,Endo CLDN5 SLC7A5,0.9391266590870092
CTAACTTAGGGCAATC-1,Endo CLDN5 SLC7A5,0.1316645756266384
CTAACTTCAAGGCCTC-1,Astro AQP4 SLC1A2,0.0151683173009798
CTAACTTCAGTGTGGA-1,Endo CLDN5 SLC7A5,0.9916973078581675
CTAACTTGTGCTATTG-1,Endo CLDN5 SLC7A5,0.1424562087831298
CTAACTTGTTCAGGTT-1,Endo CLDN5 SLC7A5,0.9874330053725997
CTAACTTTCCCTCATG-1,Endo CLDN5 SLC7A5,0.9617320000549502
CTAACTTTCTTTACAC-1,L3-5 RORB TNNT2 PRRX1,0.03763555661226457
CTAAGTGAGGTAGCCA-1,Astro GFAP FABP7,0.08919210534442908
CTAAGTGCAGCGTTTA-1,Oligo MOG OPALIN,0.9834424406667803
CTAAGTGGTCTCTCTG-1,Endo CLDN5 SLC7A5,0.5483153922730875
CTAAGTGTCTGGACTA-1,Endo CLDN5 SLC7A5,0.6107464385179038
CTACAGAAGAACCCGA-1,Endo CLDN5 SLC7A5,0.7057974182927976
CTACAGAAGAGGCGTT-1,Endo CLDN5 SLC7A5,0.8774848106210151
CTACAGATCCCAATAG-1,L2-3 CUX2 NTNG1 PALMD,0.11863534634316689
CTACATTAGACATCAA-1,Oligo MOG OPALIN,0.9997609905116013
CTACATTAGCCGATTT-1,Endo CLDN5 SLC7A5,0.03327836872804854
CTACATTCACTGCTTC-1,Oligo MOG OPALIN,0.9510464477320616
CTACATTCAGTGTGCC-1,Astro GFAP AQP1,0.020490182408446134
CTACATTCATGCCGGT-1,Endo CLDN5 SLC7A5,0.9243901228167131
CTACATTGTCCTACAA-1,Endo CLDN5 SLC7A5,0.9447124691495089
CTACATTGTGTCCCTT-1,Endo CLDN5 SLC7A5,0.12821683156415062
CTACATTTCACTCTTA-1,L2-3 CUX2 NTNG1 PALMD,0.030458766836732196
CTACCCACATGAATCC-1,Endo CLDN5 SLC7A5,0.9586208944505051
CTACCCATCTCATTAC-1,Endo CLDN5 SLC7A5,0.8859170099323711
CTACCCATCTTTGCGC-1,Endo CLDN5 SLC7A5,0.665469124018183
CTACCTGCAAGTATCC-1,InN SST ADRA1D,0.07661364979144875
CTACCTGGTTCAAACC-1,Endo CLDN5 SLC7A5,0.8633826077545113
CTACCTGTCGCAACAT-1,Endo CLDN5 SLC7A5,0.4573279831834398
CTACGGGAGTGGGAAA-1,Endo CLDN5 SLC7A5,0.6953312076713282
CTACGGGCAAGTTGGG-1,Endo CLDN5 SLC7A5,0.25578625552095957
CTACGGGCAGGTTCGC-1,Endo CLDN5 SLC7A5,0.7747796324100111
CTACGGGGTGGAGAAA-1,Endo CLDN5 SLC7A5,0.9348947311547462
CTACTATAGGGATCAC-1,Endo CLDN5 SLC7A5,0.15923674974168003
CTACTATAGTAGCTCT-1,Micro P2RY12 APBB1IP,0.08158566676544744
CTACTATCATCCCACT-1,L3-5 RORB MKX GRIN3A,0.8396651707785885
CTACTATGTCCTCATC-1,Oligo MOG OPALIN,0.9774667282370887
CTACTATTCGGAACTT-1,Endo CLDN5 SLC7A5,0.4426364531575256
CTAGACAAGCCGGATA-1,InN SST STK32A,0.040117466005240555
CTAGACAAGCGTATAA-1,Oligo MOG OPALIN,0.20272415622324066
CTAGACACAAACTAGA-1,L2-3 CUX2 NTNG1 COL5A2,0.08649500388728841
CTAGACACACGTCTCT-1,Endo CLDN5 SLC7A5,0.9703830329008142
CTAGACATCCAACTGA-1,L2-3 CUX2 NTNG1 PALMD,0.5765315175453747
CTAGACATCCTGGCTT-1,Endo CLDN5 SLC7A5,0.38914193950369214
CTAGACATCGTGGCGT-1,Endo CLDN5 SLC7A5,0.7409601218669324
CTAGGTAAGACTCGAG-1,Endo CLDN5 SLC7A5,0.999916889407157
CTAGGTACAATGTTGC-1,VLMC SLC47A1 SLC4A4,0.9933332077321799
CTAGGTATCCCTCGTA-1,OPC PDGFRA PCDH15,0.9999999999998597
CTATAGGCAACATCGT-1,L2-3 CUX2 NTNG1 PALMD,0.9475090624354305
CTATAGGCAATTCTTC-1,Oligo MOG OPALIN,0.013028966676953054
CTATAGGCACTGCGTG-1,L2-3 CUX2 NTNG1 PALMD,0.29076966703325013
CTATAGGGTAAGACCG-1,L2-3 CUX2 NTNG1 PALMD,0.17460074253920554
CTATAGGTCCCTCGAT-1,Oligo MOG OPALIN,0.7941889275980968
CTATAGGTCTCGCTCA-1,Endo CLDN5 SLC7A5,0.0402619133189295
CTATAGGTCTTAATCC-1,Oligo MOG OPALIN,0.06659344668245677
CTATCCGAGAAGGTAG-1,InN VIP MEGF11 LHFP,0.8803802316991414
CTATCCGAGAGGCTGT-1,Endo CLDN5 SLC7A5,0.34501105976231383
CTATCCGCAGGTGAGT-1,L3-5 RORB MKX GRIN3A,0.1117529645856606
CTATCCGCATCGTCCT-1,Endo CLDN5 SLC7A5,0.7649062407707239
CTATCCGGTTGCATTG-1,Endo CLDN5 SLC7A5,0.2310338107284451
CTATCCGTCATTGCTT-1,Endo CLDN5 SLC7A5,0.21988201162669402
CTATCCGTCGTTGTAG-1,Endo CLDN5 SLC7A5,0.29431998996014136
CTATCTAAGCGACCCT-1,Endo CLDN5 SLC7A5,0.9942153913281341
CTATCTAAGCGTGCCT-1,OPC PDGFRA PCDH15,0.9999999999999691
CTATCTAGTACTCCCT-1,Endo CLDN5 SLC7A5,0.9835716507667579
CTATCTAGTGCTCTTC-1,L2-4 CUX2 RORB CLMN,0.030711231340314973
CTATCTATCTCCCATG-1,Endo CLDN5 SLC7A5,0.4266443014739127
CTATCTATCTCTATGT-1,Oligo MOG OPALIN,0.8526519206006593
CTCAACCAGTGCAACG-1,Oligo MOG OPALIN,0.27296686727975816
CTCAACCCACGCGTCA-1,InN ADARB2 CALCR,0.2274772043633795
CTCAACCGTAGCTTGT-1,OPC PDGFRA PCDH15,0.9999999999982987
CTCAACCGTCGGTAAG-1,Endo CLDN5 SLC7A5,0.043924550865584264
CTCAACCTCGCCTTTG-1,L2-3 CUX2 ACVR1C INHBA,0.009977228407245997
CTCAAGAAGGAGAATG-1,InN SST TRPC7,0.08601621604568922
CTCAAGAAGGTCGTGA-1,Endo CLDN5 SLC7A5,0.7547087044013351
CTCAAGACATGACCCG-1,Endo CLDN5 SLC7A5,0.6645796495195786
CTCAATTAGGCCGCTT-1,L2-3 CUX2 NTNG1 PALMD,0.07185757763816274
CTCAATTGTCGCATTA-1,L3-5 RORB PCBP3 ARHGAP15,0.024197701346652452
CTCAATTGTGCGTGCT-1,Endo CLDN5 SLC7A5,0.992519862187598
CTCAATTGTGGTCCCA-1,L2-4 CUX2 RORB CLMN,0.1478078974490529
CTCACTGAGACAAGCC-1,Endo CLDN5 SLC7A5,0.7636324118755713
CTCACTGAGGTACCTT-1,Endo CLDN5 SLC7A5,0.9902366152894306
CTCACTGAGGTATTGA-1,Oligo MOG OPALIN,0.03188443500172572
CTCACTGCAAATGATG-1,Endo CLDN5 SLC7A5,0.7270337204776046
CTCACTGCACTGGCGT-1,Oligo MOG OPALIN,0.5231918389054271
CTCACTGCATCCGTGG-1,Endo CLDN5 SLC7A5,0.45379282861078135
CTCACTGCATCCTTCG-1,L3-5 RORB GABRG1 PTPRO,0.07067913424793956
CTCACTGTCGCGCCAA-1,Endo CLDN5 SLC7A5,0.2753629774025482
CTCAGAACAAAGTATG-1,Astro GFAP FABP7,0.9993788196029645
CTCAGAACAGCTTCGG-1,Endo CLDN5 SLC7A5,0.13010399629744002
CTCAGAACAGTGTGGA-1,InN SST FREM1,0.03390362933581023
CTCAGAATCTCATTGT-1,L2-4 CUX2 RORB CLMN,0.284981552350296
CTCAGGGAGCAAGTCG-1,Oligo MOG OPALIN,0.96216109871179
CTCAGGGAGTTTGTCG-1,Endo CLDN5 SLC7A5,0.4895135387120606
CTCAGGGCAGGTGTTT-1,Endo CLDN5 SLC7A5,0.1574385243902712
CTCAGGGGTAGACAAT-1,Endo CLDN5 SLC7A5,0.6972886915268354
CTCAGGGGTATTCTCT-1,Astro AQP4 SLC1A2,0.5060105330480449
CTCAGGGGTGTGCCTG-1,Endo CLDN5 SLC7A5,0.8790586743427444
CTCAGGGTCAGCGCGT-1,Endo CLDN5 SLC7A5,0.9574984085468983
CTCAGTCAGACGGAAA-1,L2-3 CUX2 ACVR1C THSD7A,0.06323759646922465
CTCAGTCAGCCTATTG-1,L2-3 CUX2 ACVR1C INHBA,0.15905420649648241
CTCAGTCAGTGGATAT-1,InN LAMP5 LHX6 TAC1,0.9989920535749511
CTCAGTCCATATCTCT-1,Endo CLDN5 SLC7A5,0.9050989029200783
CTCAGTCCATGTGTCA-1,Oligo MOG OPALIN,0.40216439875766874
CTCAGTCGTCGTATGT-1,Oligo MOG OPALIN,0.23113457312757849
CTCAGTCGTTCGGCTG-1,L3-5 RORB MKX GRIN3A,0.25497664072884296
CTCAGTCTCGCGTAGC-1,Endo CLDN5 SLC7A5,0.9505540612447609
CTCATCGAGAGAGGGC-1,SMC ACTA2 CRISPLD2,0.00918733206581558
CTCATCGCACAGTGTT-1,Oligo MOG OPALIN,0.21083244581760333
CTCATCGCACCATATG-1,Oligo MOG OPALIN,0.999972460443142
CTCATCGCATGGACAG-1,Oligo MOG OPALIN,0.03738495604684996
CTCATCGCATTCCTCG-1,Endo CLDN5 SLC7A5,0.9619282313948977
CTCATCGGTCGTCTCT-1,Endo CLDN5 SLC7A5,0.9692416817599493
CTCATGCAGGCTGAAC-1,Oligo MOG OPALIN,0.9999790353833067
CTCATGCCACCCTGAG-1,Endo CLDN5 SLC7A5,0.2510597000928578
CTCATGCCACTTGAAC-1,Oligo MOG OPALIN,0.15624197734611964
CTCATGCGTGGCTCTG-1,Oligo MOG OPALIN,0.9309923843938669
CTCATGCTCTGTTGGA-1,Endo CLDN5 SLC7A5,0.047984097476281865
CTCATTAAGGCTCTAT-1,InN ADARB2 COL5A2,0.12942469661610342
CTCATTACAGGTGTTT-1,L2-4 CUX2 RORB CLMN,0.059572773007630364
CTCATTAGTGTGAATA-1,L6 OPRK1 THEMIS RGS6,0.32454285570289354
CTCATTATCCCTTGTG-1,L6 FEZF2 NPFFR2 KCNK2,0.9128367460797834
CTCATTATCGCACTCT-1,L3-5 RORB MKX GRIN3A,0.02428070279855034
CTCCAACGTAACAGGC-1,Oligo MOG OPALIN,0.9109033980288092
CTCCAACTCGACCATA-1,L2-3 CUX2 ACVR1C THSD7A,0.0122450346603943
CTCCAACTCGTAGTCA-1,Oligo MOG OPALIN,0.5753344395305602
CTCCAACTCGTGTTCC-1,Oligo MOG OPALIN,0.3370261656778924
CTCCACAAGCGTGTTT-1,Micro P2RY12 APBB1IP,0.17268834572940522
CTCCACAAGCTCTATG-1,L3-5 RORB MKX GRIN3A,0.056887730439752954
CTCCACAAGGTGCCAA-1,L2-3 CUX2 ACVR1C INHBA,0.042545778005094334
CTCCACAAGTCCGTCG-1,Endo CLDN5 SLC7A5,0.5677334596284392
CTCCACACAAGAGAGA-1,Endo CLDN5 SLC7A5,0.09837074060290049
CTCCACACAAGGCCTC-1,Astro GFAP FABP7,0.5648033803275342
CTCCACAGTTAAACCC-1,Endo CLDN5 SLC7A5,0.24485641018511614
CTCCACATCACCTTGC-1,L3-5 RORB MKX GRIN3A,0.27070761524856046
CTCCACATCGGCATTA-1,Endo CLDN5 SLC7A5,0.17599612446888466
CTCCATGAGCCATTGT-1,Micro P2RY12 APBB1IP,0.027976164174390895
CTCCATGAGTTCCGGC-1,Astro GFAP AQP1,0.13128409908202568
CTCCATGCAATAGGGC-1,Endo CLDN5 SLC7A5,0.8404137634165749
CTCCATGCACCATAAC-1,L3-5 RORB MKX GRIN3A,0.7326143189126506
CTCCATGCATCCCACT-1,Micro P2RY12 CCL3,0.9999984058839236
CTCCATGCATGCGGTC-1,Endo CLDN5 SLC7A5,0.9489747807604711
CTCCCAACACGAGAAC-1,OPC PDGFRA PCDH15,0.25730336413002186
CTCCCAACATGTGGTT-1,PC P2RY14 GRM8,0.9999993520142829
CTCCCAAGTAACGCGA-1,Endo CLDN5 SLC7A5,0.12472275933199546
CTCCCAAGTCCCACGA-1,InN PVALB PIEZO2,0.032333724798007
CTCCCAAGTGGTCCGT-1,L3-5 RORB MKX GRIN3A,0.2865184511812324
CTCCCTCAGCTGACTT-1,Endo CLDN5 SLC7A5,0.6182621467345355
CTCCCTCCAAGTGGAC-1,Endo CLDN5 SLC7A5,0.2412328449832085
CTCCCTCCACAAATCC-1,Oligo MOG OPALIN,0.6814347145237625
CTCCCTCCAGAAGCGT-1,Endo CLDN5 SLC7A5,0.9954907575930926
CTCCCTCCAGAGATGC-1,L2-3 CUX2 NTNG1 PALMD,0.16379242946909492
CTCCCTCGTAGCTGCC-1,Oligo MOG OPALIN,0.9999105173236105
CTCCCTCGTATCGGTT-1,Endo CLDN5 SLC7A5,0.9219874161367144
CTCCCTCGTATCGTTG-1,Endo CLDN5 SLC7A5,0.5006425389994037
CTCCCTCGTCTACGTA-1,Endo CLDN5 SLC7A5,0.9683253190220462
CTCCCTCGTGAATAAC-1,Oligo MOG OPALIN,0.7145059235734559
CTCCCTCGTTCGTTCC-1,Oligo MOG OPALIN,0.7045416410208802
CTCCCTCTCCATCAGA-1,Oligo MOG OPALIN,0.9846200464151755
CTCCCTCTCTTAGTTC-1,Endo CLDN5 SLC7A5,0.06793077529833402
CTCCGATAGATACAGT-1,L2-3 CUX2 NTNG1 PALMD,0.13596543833504962
CTCCGATCAAACTCGT-1,T SKAP1 CD247,0.9994057144917383
CTCCGATCAGCGTACC-1,Endo CLDN5 SLC7A5,0.8665680705011166
CTCCGATGTATCTCGA-1,Oligo MOG OPALIN,0.975151946921423
CTCCGATGTTCAATCG-1,L3-5 RORB MKX GRIN3A,0.6744769135409195
CTCCGATTCTCGAACA-1,Astro GFAP FABP7,0.5408064960070877
CTCCTCCCACTTGTGA-1,Endo CLDN5 SLC7A5,0.25336628018002655
CTCCTCCCAGAACCGA-1,Endo CLDN5 SLC7A5,0.9314144403181073
CTCCTCCGTCGCGTTG-1,Astro GFAP AQP1,0.06638038204087673
CTCCTCCGTCGGTAAG-1,Endo CLDN5 SLC7A5,0.998231943778011
CTCCTCCGTTGCGTAT-1,Oligo MOG OPALIN,0.8066168324234704
CTCCTCCTCAGCTGTA-1,Astro AQP4 SLC1A2,0.7852781128750305
CTCCTCCTCGCTACAA-1,L2-3 CUX2 NTNG1 PALMD,0.1304378877979132
CTCCTCCTCTAGTCAG-1,Endo CLDN5 SLC7A5,0.17003862235440456
CTCCTTTAGGCTCCCA-1,L3-5 RORB MKX DCC,0.033197785419423996
CTCCTTTAGGGCAATC-1,Endo CLDN5 SLC7A5,0.5564425130353075
CTCCTTTCACCTCAGG-1,L2-3 CUX2 NTNG1 PALMD,0.6751198878187925
CTCCTTTCACGTAGTT-1,Endo CLDN5 SLC7A5,0.6266813119745239
CTCCTTTCAGTCACGC-1,L3-5 RORB MKX GRIN3A,0.1986625462824449
CTCCTTTTCCGAAATC-1,L3-5 RORB MKX GRIN3A,0.3957317223183548
CTCGAGGAGAGCCCAA-1,L3-5 RORB GABRG1 PLCH1,0.3743399235799059
CTCGAGGAGCGCTTCG-1,OPC PDGFRA PCDH15,0.9999999999994689
CTCGAGGAGTCTTGGT-1,L2-3 CUX2 ACVR1C INHBA,0.824100226626995
CTCGAGGCACGACCTG-1,OPC PDGFRA PCDH15,0.9773986996008167
CTCGAGGGTCTTGCGG-1,Astro GFAP AQP1,0.021394324251739205
CTCGAGGGTTCCACAA-1,Oligo MOG OPALIN,0.7391713431437206
CTCTCAGAGGAACTAT-1,Endo CLDN5 SLC7A5,0.9485125757135128
CTCTCAGCAGCTTTCC-1,Endo CLDN5 SLC7A5,0.12072064733384825
CTCTCAGCATGACTGT-1,L2-3 CUX2 NTNG1 PALMD,0.09390577555038418
CTCTCAGGTCCTCCTA-1,InN PVALB HPSE,0.12635838598069263
CTCTCAGGTGAGTCAG-1,Oligo MOG OPALIN,0.2802363381030796
CTCTCAGTCCACACCT-1,L2-4 CUX2 RORB CLMN,0.02297996777773483
CTCTCAGTCGAACGCC-1,Endo CLDN5 SLC7A5,0.9909759547339667
CTCTCAGTCTTACCAT-1,Endo CLDN5 SLC7A5,0.13759810140790607
CTCTCGAAGTCATACC-1,L3-5 RORB MKX GRIN3A,0.4023538802476528
CTCTCGACATGAGTAA-1,InN LAMP5 LHX6 TAC1,0.9897093180641855
CTCTCGAGTTCAAAGA-1,Endo CLDN5 SLC7A5,0.5549225263021851
CTCTCGATCAACCCGG-1,L2-4 CUX2 RORB CLMN,0.13344058323044042
CTCTCGATCACTTATC-1,Endo CLDN5 SLC7A5,0.9113656481764933
CTCTCGATCTCGACCT-1,Endo CLDN5 SLC7A5,0.16780894967820673
CTCTCGATCTGGGCCA-1,InN SST ADAMTSL1,0.019527400450190857
CTCTGGTAGCATGATA-1,Endo CLDN5 SLC7A5,0.9949206899754061
CTCTGGTGTAGCGAGT-1,Endo CLDN5 SLC7A5,0.16905713164006683
CTCTGGTGTGTTCGAT-1,Endo CLDN5 SLC7A5,0.31149582792926633
CTGAATGAGGCAGGGA-1,Micro P2RY12 APBB1IP,0.2297177377134817
CTGAATGAGTTTGGCT-1,Endo CLDN5 SLC7A5,0.01972167898998303
CTGAATGCAGGAGGAG-1,L2-3 CUX2 NTNG1 PALMD,0.19695402024273023
CTGAATGCATACGCAT-1,Endo CLDN5 SLC7A5,0.2633197424975917
CTGAATGGTACGCTAT-1,Endo CLDN5 SLC7A5,0.46291102300976983
CTGAATGTCAGACTGT-1,L2-3 CUX2 ACVR1C THSD7A,0.8437290085687486
CTGAGCGAGGCCGCTT-1,Endo CLDN5 SLC7A5,0.9793252879179205
CTGAGCGAGTGCTCGC-1,L2-3 CUX2 NTNG1 PLCH1,0.15231308153955608
CTGAGCGAGTGTGTTC-1,Astro GFAP FABP7,0.9998813477614262
CTGAGCGCAGCCCACA-1,Endo CLDN5 SLC7A5,0.9206691767804518
CTGAGCGCAGTGACCC-1,Endo CLDN5 SLC7A5,0.8882451512604742
CTGAGCGGTGACCGTC-1,Endo CLDN5 SLC7A5,0.6465227188043183
CTGAGGCAGAGTTGAT-1,Endo CLDN5 SLC7A5,0.1376765139644319
CTGAGGCAGGAGGTTC-1,L3-5 RORB MKX DCC,0.056911521837810196
CTGAGGCAGTATGAGT-1,Endo CLDN5 SLC7A5,0.4968727361341255
CTGAGGCCAGGTGTGA-1,L3-5 RORB MKX GRIN3A,0.7863205631406923
CTGAGGCGTCGCATTA-1,Endo CLDN5 SLC7A5,0.8505995423156854
CTGAGGCGTGAGCCAA-1,Endo CLDN5 SLC7A5,0.2683024770745284
CTGAGGCGTTATTCTC-1,Endo CLDN5 SLC7A5,0.16615117107823124
CTGAGGCGTTCCTACC-1,Endo CLDN5 SLC7A5,0.3197427906227285
CTGAGGCTCACCATCC-1,Endo CLDN5 SLC7A5,0.6358213924773273
CTGAGGCTCCGCGGAT-1,Endo CLDN5 SLC7A5,0.07584220262957571
CTGATCCCAAGTATAG-1,Endo CLDN5 SLC7A5,0.013100024969277405
CTGATCCCAGACCAGA-1,L3-5 RORB MKX GRIN3A,0.044999176205317765
CTGATCCGTCACTCTC-1,InN VIP EXPH5,0.39527076507029596
CTGATCCGTGTTAAAG-1,L6 FEZF2 SYT6 ERBB4,0.12152113274219177
CTGATCCTCACTTTGT-1,InN LAMP5 LHX6 PROX1,0.014828210379821044
CTGATCCTCGCACGGT-1,Micro P2RY12 APBB1IP,0.05686780663215721
CTGATCCTCTCATGGA-1,Oligo MOG OPALIN,0.9960459206655073
CTGCAGGAGATGGTCG-1,Endo CLDN5 SLC7A5,0.7402895708018539
CTGCAGGAGCCTTTCC-1,Endo CLDN5 SLC7A5,0.5574837045648081
CTGCAGGCACTGGACC-1,Endo CLDN5 SLC7A5,0.49731317107411543
CTGCAGGTCCAGTTCC-1,Endo CLDN5 SLC7A5,0.3162048372572386
CTGCAGGTCCTTCTGG-1,L2-3 CUX2 NTNG1 PALMD,0.16240073999797602
CTGCATCGTGTTCGTA-1,Endo CLDN5 SLC7A5,0.4759174082366118
CTGCATCTCTCAGTCC-1,Oligo MOG OPALIN,0.4934471625403744
CTGCCATAGGTCATCT-1,Endo CLDN5 SLC7A5,0.8556305053924357
CTGCCATCAATATCCG-1,L2-3 CUX2 NTNG1 PALMD,0.1258130810703557
CTGCCATGTATCTCGA-1,InN PVALB HPSE,0.1720029165416643
CTGCCATGTTACCCTC-1,Oligo MOG OPALIN,0.567429864653909
CTGCCTACAAATTAGG-1,L2-3 CUX2 NTNG1 COL5A2,0.034732772496846136
CTGCCTACAATAGAGT-1,Endo CLDN5 SLC7A5,0.010857300012929776
CTGCCTAGTACCCACG-1,Endo CLDN5 SLC7A5,0.7455077280538913
CTGCCTAGTCAGGAGT-1,Endo CLDN5 SLC7A5,0.39289182786792315
CTGCCTAGTGCCCGTA-1,Oligo MOG OPALIN,0.2160283781321097
CTGCCTAGTTACCCAA-1,SMC ACTA2 CNN1,0.390910205503726
CTGCGAGAGCAATTCC-1,Endo CLDN5 SLC7A5,0.8720784885699121
CTGCGAGAGGGCTAAC-1,Oligo MOG OPALIN,0.07242119725288203
CTGCGAGCACTGGATT-1,Oligo MOG OPALIN,0.2785714771280748
CTGCGAGGTGCATGAG-1,Endo CLDN5 SLC7A5,0.03927092062723142
CTGCGAGGTTGACTGT-1,OPC PDGFRA PCDH15,0.9999999993363837
CTGCGAGTCATCGTAG-1,Oligo MOG OPALIN,0.9997030499034084
CTGCGAGTCCATACTT-1,Oligo MOG OPALIN,0.2315256851353813
CTGCTCAAGTCCTGCG-1,InN PVALB HPSE,0.04584007439999564
CTGCTCAAGTTCCGGC-1,L6 FEZF2 DCBLD1 MITF,0.5172359527241314
CTGCTCACAACCACGC-1,Endo CLDN5 SLC7A5,0.2292929313308837
CTGCTCACACACACGC-1,Astro AQP4 SLC1A2,0.999898675198318
CTGCTCACACCGTGCA-1,L2-3 CUX2 NTNG1 PALMD,0.9534006585861206
CTGCTCACATCGCTCT-1,L3-5 RORB MKX GRIN3A,0.7853614418780067
CTGCTCAGTCGCTCGA-1,Endo CLDN5 SLC7A5,0.9289420472545444
CTGCTCATCATTTACC-1,Endo CLDN5 SLC7A5,0.2804507653138275
CTGGACGCAGGGATAC-1,Endo CLDN5 SLC7A5,0.9814955300800143
CTGGACGCATCGCCTT-1,Endo CLDN5 SLC7A5,0.8123333708851592
CTGGACGCATGGCTGC-1,Micro P2RY12 CCL3,0.17350769209586603
CTGGACGGTATCGGTT-1,Endo CLDN5 SLC7A5,0.4191634942201404
CTGGACGGTCTCCTGT-1,Endo CLDN5 SLC7A5,0.5463338851880833
CTGGCAGAGCGGACAT-1,L2-3 CUX2 NTNG1 PALMD,0.17846052257856598
CTGGCAGCAACGTATC-1,Endo CLDN5 SLC7A5,0.8924976445541755
CTGGCAGCATATGAAG-1,Endo CLDN5 SLC7A5,0.1651985410050624
CTGGCAGCATCTATCT-1,Endo CLDN5 SLC7A5,0.2970650436500642
CTGGCAGGTACGGATG-1,Oligo MOG OPALIN,0.35905967124858346
CTGGTCTAGTTAACAG-1,Endo CLDN5 SLC7A5,0.15521391143070631
CTGGTCTCACAATGAA-1,Oligo MOG OPALIN,0.9894713498677258
CTGGTCTCAGGTCAAG-1,L2-4 CUX2 RORB CLMN,0.08244943408307066
CTGGTCTGTCCATAGT-1,InN PVALB SYT2,0.05082474547503719
CTGGTCTGTGGAGGTT-1,Endo CLDN5 SLC7A5,0.9823779962694754
CTGTACCAGAAGTCCG-1,Endo CLDN5 SLC7A5,0.036962425931194885
CTGTACCCACCCTATC-1,Oligo MOG OPALIN,0.959223152849961
CTGTACCCATGCCGGT-1,Oligo MOG OPALIN,0.9345565338970802
CTGTACCCATGGTGGA-1,L6 OPRK1 SMYD1 SNTB1,0.06785461439317494
CTGTACCGTATGACAA-1,Micro P2RY12 APBB1IP,0.849023024811934
CTGTACCGTTCCGGTG-1,L3-5 RORB GABRG1 KCNH7,0.0795415916016506
CTGTACCTCATTTGCT-1,Oligo MOG OPALIN,0.9979383805282492
CTGTACCTCGCTGATA-1,Oligo MOG OPALIN,0.9998791445716683
CTGTAGACAAATGCGG-1,PC P2RY14 GRM8,0.9999356254570501
CTGTAGAGTCGTTATG-1,Endo CLDN5 SLC7A5,0.08092193637870587
CTGTAGATCGAGAACG-1,L2-3 CUX2 ACVR1C THSD7A,0.717449892523711
CTGTATTCAGGTCTCG-1,Endo CLDN5 SLC7A5,0.04959385420874107
CTGTATTCATACTGTG-1,Endo CLDN5 SLC7A5,0.9382721546350836
CTGTATTGTACAGAAT-1,Oligo MOG OPALIN,0.3306094358958391
CTGTATTGTCATTCCC-1,Endo CLDN5 SLC7A5,0.08114553453526056
CTGTATTTCTCCATAT-1,L3-5 RORB MKX GRIN3A,0.4782719436006535
CTGTCGTAGGTCCTGC-1,Endo CLDN5 SLC7A5,0.2869715033944491
CTGTCGTCAAATGGCG-1,L3-5 RORB MKX DCC,0.00731234407019767
CTGTCGTGTGAATGAT-1,Endo CLDN5 SLC7A5,0.48374587019485116
CTGTCGTTCTGCGGAC-1,Oligo MOG OPALIN,0.9981173926436022
CTGTGAAAGCCTTCTC-1,PC P2RY14 GRM8,0.9999554952761248
CTGTGAAAGGATACAT-1,L3-5 RORB MKX GRIN3A,0.009809744843937686
CTGTGAACACCCTAAA-1,Endo CLDN5 SLC7A5,0.09870670002107872
CTGTGAACAGGCATTT-1,Endo CLDN5 SLC7A5,0.8114685315348734
CTGTGAATCATGAAAG-1,Endo CLDN5 SLC7A5,0.3102730345474912
CTGTGGGAGAAACCCG-1,Endo CLDN5 SLC7A5,0.5947793419716153
CTGTGGGAGCGAGTCA-1,Oligo MOG OPALIN,0.10495110636491675
CTGTGGGAGGTCGCCT-1,L3-5 RORB MKX GRIN3A,0.2568226023483231
CTGTGGGCACGTAGTT-1,Oligo MOG OPALIN,0.5708598819590227
CTGTGGGGTACGATGG-1,L6 FEZF2 SYT6 ERBB4,0.025241472567057607
CTGTGGGGTAGAGCTG-1,Endo CLDN5 SLC7A5,0.9122193304931012
CTGTGGGTCCTCTAAT-1,Oligo MOG OPALIN,0.5766745211769074
CTTACCGAGGCTATCT-1,OPC PDGFRA PCDH15,0.9999999994902218
CTTACCGCAAGCGAGT-1,Oligo MOG OPALIN,0.8850987518371539
CTTACCGCAATGTCAC-1,InN SST FREM1,0.011636525603311203
CTTACCGCAGCACACC-1,Oligo MOG OPALIN,0.48472155448864984
CTTACCGGTAAGTTGA-1,Endo CLDN5 SLC7A5,0.21932832911171252
CTTACCGGTGAATTGA-1,Oligo MOG OPALIN,0.8212700641875529
CTTACCGGTGACACAG-1,L2-3 CUX2 NTNG1 PALMD,0.35815904897806033
CTTACCGTCATCCCGT-1,InN PVALB HPSE,0.039644984139528605
CTTACCGTCCACGAAT-1,Endo CLDN5 SLC7A5,0.9742434517796363
CTTACCGTCCAGCTCT-1,PC P2RY14 GRM8,0.999731513039382
CTTAGGAAGGTGAGAA-1,L2-3 CUX2 ACVR1C THSD7A,0.07433263816525718
CTTAGGACATGAATAG-1,Astro AQP4 SLC1A2,0.9960062949390287
CTTCAATAGCAATTCC-1,L2-3 CUX2 NTNG1 PALMD,0.07207959589053808
CTTCAATAGGTGCTTT-1,VLMC COL1A2 VLMCA8,0.9988559247732768
CTTCAATCATACATCG-1,Oligo MOG OPALIN,0.9997946925275102
CTTCAATGTACTCGCG-1,Endo CLDN5 SLC7A5,0.3906509796877448
CTTCAATGTAGTGGCA-1,Endo CLDN5 SLC7A5,0.10813649505604664
CTTCAATTCCCTAGGG-1,L2-3 CUX2 NTNG1 PALMD,0.8993092381721136
CTTCCGAAGATGAACT-1,Oligo MOG OPALIN,0.8782750046413913
CTTCCGAAGGTGTGAC-1,SMC ACTA2 CNN1,0.9999766582680701
CTTCCGAAGTCATGCT-1,Endo CLDN5 SLC7A5,0.015787763663593385
CTTCCGACATCACCAA-1,Micro P2RY12 APBB1IP,0.16245926781257294
CTTCCGACATTGACAC-1,L2-3 CUX2 ACVR1C INHBA,0.012148646808232012
CTTCCGAGTCGCACAC-1,Oligo MOG OPALIN,0.9998383793627844
CTTCCGATCTGATTCT-1,L3-5 RORB MKX GRIN3A,0.01566845431063013
CTTCCTTAGAACTTCC-1,Astro GFAP AQP1,0.6029374974827898
CTTCCTTAGGTTCATC-1,L3-5 RORB GABRG1 KCNH7,0.48715443404206815
CTTCCTTCAAAGCAAT-1,Endo CLDN5 SLC7A5,0.6053099328339846
CTTCCTTCAACTACGT-1,L2-3 CUX2 NTNG1 PALMD,0.7113222378101213
CTTCCTTCACTATCCC-1,Endo CLDN5 IL1R1,0.00841071411796046
CTTCCTTGTCACATTG-1,L2-3 CUX2 NTNG1 PALMD,0.4082859937667619
CTTCCTTGTCGAATGG-1,Oligo MOG OPALIN,0.9471651158248583
CTTCCTTGTGAGATCG-1,Astro AQP4 SLC1A2,0.9849228877129539
CTTCCTTGTGGATCAG-1,Endo CLDN5 SLC7A5,0.8870138204319603
CTTCCTTTCAAGCCTA-1,Endo CLDN5 SLC7A5,0.3217022743482534
CTTCCTTTCTGTCCCA-1,L2-3 CUX2 NTNG1 PALMD,0.08700277205145511
CTTCGGTGTTACACAC-1,Endo CLDN5 SLC7A5,0.7508434316391963
CTTCGGTTCCTTACCG-1,Endo CLDN5 SLC7A5,0.12900717555101743
CTTCTAAAGACGGTCA-1,L2-3 CUX2 ACVR1C INHBA,0.18319835543776694
CTTCTAAAGAGGATCC-1,Endo CLDN5 SLC7A5,0.6941083273568032
CTTCTAAAGTAGATCA-1,Endo CLDN5 SLC7A5,0.8222150370763083
CTTCTAACAGCGTTGC-1,Endo CLDN5 SLC7A5,0.058143950739922616
CTTCTAACATCTCGTC-1,L3-5 RORB PCBP3 ARHGAP15,0.04275989385347803
CTTCTAAGTACCCGCA-1,L3-5 RORB MKX GRIN3A,0.5754708531806841
CTTCTAAGTTCGTACA-1,L2-4 CUX2 RORB CLMN,0.05901805280191006
CTTCTAAGTTGGACTT-1,Endo CLDN5 SLC7A5,0.9955628320100552
CTTCTCTCACGCGTCA-1,Endo CLDN5 SLC7A5,0.04587047262879703
CTTCTCTCAGAGAAAG-1,Astro AQP4 SLC1A2,0.9060756970094325
CTTCTCTCAGGTATGG-1,Oligo MOG OPALIN,0.9264560717210799
CTTCTCTGTGACAGGT-1,Endo CLDN5 SLC7A5,0.07291486346195415
CTTCTCTTCTTGGAAC-1,L2-3 CUX2 NTNG1 PALMD,0.134027007667062
CTTGAGAGTCAAGCCC-1,Endo CLDN5 SLC7A5,0.15522975800338956
CTTGAGAGTGAACCGA-1,Oligo MOG OPALIN,0.5508944840370069
CTTGAGAGTTTACGAC-1,InN VIP EGF,0.9411179454165227
CTTGATTAGAGTCAGC-1,Endo CLDN5 SLC7A5,0.9682596738716701
CTTGATTAGATCGACG-1,L3-5 RORB MKX GRIN3A,0.751432991045495
CTTGATTAGCTACTAC-1,Micro P2RY12 APBB1IP,0.14930328305108476
CTTGATTCAAAGACTA-1,Endo CLDN5 SLC7A5,0.09313377603248875
CTTGATTCAGTCGGAA-1,Endo CLDN5 SLC7A5,0.05792723472705907
CTTGATTCATAGGTAA-1,Endo CLDN5 SLC7A5,0.12138252191231345
CTTGATTGTCCTACAA-1,Endo CLDN5 SLC7A5,0.23263415161376697
CTTGATTTCCTCTAAT-1,Oligo MOG GSN,0.5837226255671143
CTTGATTTCGCGCCAA-1,L2-3 CUX2 NTNG1 PLCH1,0.2753884839790041
CTTTCAAAGAGTCACG-1,L6 OPRK1 THEMIS RGS6,0.8102421266650102
CTTTCAAAGCAGCGAT-1,Endo CLDN5 SLC7A5,0.9736279579328017
CTTTCAAAGGGACACT-1,L2-3 CUX2 NTNG1 PLCH1,0.019286810878422173
CTTTCAAAGTGGTGGT-1,Endo CLDN5 SLC7A5,0.30784646631574636
CTTTCAATCAGGCGAA-1,L2-3 CUX2 NTNG1 PLCH1,0.10264962403092541
CTTTCAATCATACAGC-1,L2-3 CUX2 NTNG1 COL5A2,0.01107454595416604
CTTTCAATCCGGGACT-1,L2-3 CUX2 NTNG1 COL5A2,0.053922356356332975
CTTTCGGCAGCTATAC-1,OPC PDGFRA PCDH15,0.07272067293815795
CTTTCGGGTTAAGTCC-1,Endo CLDN5 SLC7A5,0.8341687735470199
CTTTCGGGTTGCCGAC-1,Endo CLDN5 SLC7A5,0.1741171905674429
CTTTCGGTCATGTCTT-1,L3-5 RORB MKX GALR1,0.04086483241243906
CTTTCGGTCTTCTGTA-1,Endo CLDN5 SLC7A5,0.8914994078121159
GAAACCTAGTAAGGGA-1,Astro AQP4 SLC1A2,0.9912671213405437
GAAACCTGTATACCCA-1,Endo CLDN5 SLC7A5,0.33972948771863315
GAAACCTGTGGCTGAA-1,T SKAP1 CD247,0.9987347579995296
GAAACCTTCATGGATC-1,Endo CLDN5 SLC7A5,0.06983450466682661
GAAACCTTCCCATACC-1,Astro AQP4 SLC1A2,0.45613539611313825
GAAATGAAGCCTCTCT-1,Oligo MOG OPALIN,0.6374458698513261
GAAATGACAGCAGTGA-1,Astro AQP4 SLC1A2,0.985578854982074
GAAATGAGTTACAGCT-1,L3-5 RORB MKX DCC,0.1872403862774973
GAAATGATCATTTGCT-1,InN SST ADAMTSL1,0.2105774170215174
GAACACTAGCCAAGTG-1,Endo CLDN5 SLC7A5,0.06106958544493472
GAACACTCATCCGAGC-1,Endo CLDN5 SLC7A5,0.3829387649203293
GAACACTGTCTCTCTG-1,SMC ACTA2 CNN1,0.9999900912798438
GAACACTGTGTTCATG-1,Endo CLDN5 SLC7A5,0.23487646842329535
GAACGTTAGAGTGACC-1,L2-3 CUX2 NTNG1 PALMD,0.2908887169028833
GAACGTTCAATGGGTG-1,Endo CLDN5 SLC7A5,0.9175060144386344
GAACGTTGTAGCACAG-1,L3-5 RORB MKX DCC,0.07811968117959409
GAACGTTGTATACGGG-1,L3-5 RORB MKX GRIN3A,0.05595029169597899
GAACGTTTCCGATGTA-1,Endo CLDN5 SLC7A5,0.41746083799470807
GAACGTTTCCGCGGAT-1,Endo CLDN5 SLC7A5,0.9592143971628839
GAACGTTTCTGAGAGG-1,PC P2RY14 GRM8,0.977824176805969
GAACTGTAGGCCACTC-1,L3-5 RORB MKX GRIN3A,0.14479504871404272
GAACTGTCAGAACTCT-1,Endo CLDN5 SLC7A5,0.19862632908864078
GAACTGTGTCCCAAAT-1,Endo CLDN5 SLC7A5,0.032827136259819416
GAACTGTGTGACAGCA-1,Oligo MOG OPALIN,0.9999247936917239
GAACTGTGTTTGGCTA-1,Endo CLDN5 SLC7A5,0.9934045793221669
GAACTGTTCCTACGAA-1,PC P2RY14 GRM8,0.9999681685002977
GAAGAATAGCTCTTCC-1,L3-5 RORB GABRG1 PTPRO,0.6214286444306097
GAAGAATAGGGCCAAT-1,Astro GFAP AQP1,0.06126848318485457
GAAGAATCACACAGAG-1,Micro P2RY12 CCL3,0.9835231973739429
GAAGAATCACCGGCTA-1,Endo CLDN5 SLC7A5,0.43789475787190035
GAAGAATCAGGAGGTT-1,Oligo MOG OPALIN,0.2437739419343061
GAAGAATGTACCGTCG-1,L2-3 CUX2 NTNG1 PALMD,0.1628463866201708
GAAGAATGTATCGAGG-1,Endo CLDN5 SLC7A5,0.20024727816121032
GAAGAATGTATGAAAC-1,Endo CLDN5 SLC7A5,0.9308002527982812
GAAGAATGTCCTACAA-1,SMC ACTA2 CNN1,0.9999061156500165
GAAGAATGTGCATTTG-1,Endo CLDN5 SLC7A5,0.3520036471840673
GAAGAATGTTATGTCG-1,Endo CLDN5 SLC7A5,0.6647958168394954
GAAGCCCAGGCGACAT-1,L2-3 CUX2 NTNG1 PLCH1,0.03152485025680604
GAAGCCCGTAGAATGT-1,Endo CLDN5 SLC7A5,0.3113930530616007
GAAGCCCGTCTACGAT-1,L2-3 CUX2 NTNG1 PALMD,0.7269660785626385
GAAGCCCGTTCGGCCA-1,L2-3 CUX2 ACVR1C THSD7A,0.6073971133906331
GAAGCCCGTTGGGACA-1,Endo CLDN5 SLC7A5,0.843878822065283
GAAGCGAAGTCACGAG-1,Endo CLDN5 SLC7A5,0.8635780162755354
GAAGCGACAAGGTCAG-1,Endo CLDN5 SLC7A5,0.33913806861450024
GAAGGACAGCTCATAC-1,Endo CLDN5 SLC7A5,0.44685098593692746
GAAGGACAGGTAGGCT-1,L2-3 CUX2 ACVR1C INHBA,0.0642370449407837
GAAGGACCAAGTCGTT-1,Astro AQP4 SLC1A2,0.9993541019869405
GAAGGACCACATTACG-1,Endo CLDN5 SLC7A5,0.7080817675001301
GAAGGACCAGACAAGC-1,L3-5 RORB MKX GRIN3A,0.02083634406023642
GAAGGACCATAATCGC-1,Micro P2RY12 APBB1IP,0.16542811194466056
GAAGGACGTATGTCCA-1,L2-3 CUX2 NTNG1 PALMD,0.7009256472728252
GAAGGACGTGTGTGGA-1,InN ADARB2 RGS10,0.01631089568693597
GAAGGACTCAGCAGAG-1,Oligo MOG OPALIN,0.9998249497367807
GAAGGGTCAAGTGACG-1,OPC PDGFRA PCDH15,0.9999999999983784
GAAGGGTCACAGTACT-1,L3-5 RORB MKX DCC,0.5841202836888479
GAAGGGTCACTACCCT-1,Endo CLDN5 SLC7A5,0.933851147861968
GAAGGGTGTCCGGTCA-1,Endo CLDN5 SLC7A5,0.32585264979367573
GAAGTAAAGAGGGTGG-1,Oligo MOG OPALIN,0.9951537985306369
GAAGTAAAGGAGGTTC-1,Endo CLDN5 SLC7A5,0.8606145699329381
GAAGTAACACCTCGTT-1,L3-5 RORB MKX GRIN3A,0.08204363082971775
GAAGTAACAGAGGTTG-1,InN PVALB ANOS1,0.6437531101479915
GAATAGAGTGAGACGT-1,L2-3 CUX2 NTNG1 PALMD,0.7359861215913195
GAATAGATCGCGTCGA-1,Astro AQP4 SLC1A2,0.997511173764905
GAATAGATCTACACTT-1,Endo CLDN5 SLC7A5,0.8548431565368786
GAATCACAGGCGTCCT-1,Endo CLDN5 SLC7A5,0.7730356502905378
GAATCACAGTCCCAAT-1,Astro AQP4 SLC1A2,0.3982082377271008
GAATCACCATAATCGC-1,Endo CLDN5 SLC7A5,0.12600851153454803
GAATCACGTATACCTG-1,L6 OPRK1 THEMIS RGS6,0.12442089930158047
GAATCACGTCATAGTC-1,L3-5 RORB GABRG1 PLCH1,0.08154265948665324
GAATCACGTCCAGGTC-1,Endo CLDN5 SLC7A5,0.11038377385240596
GAATCACGTCTACAAC-1,L3-5 RORB MKX GALR1,0.015688277983199276
GAATCACTCCAACCAA-1,Endo CLDN5 SLC7A5,0.9611261378268711
GAATCGTAGTGTTGTC-1,Endo CLDN5 SLC7A5,0.36025591903896736
GAATCGTCACGGCACT-1,L2-4 CUX2 RORB CLMN,0.05763318773140276
GAATCGTGTATCGAAA-1,Endo CLDN5 SLC7A5,0.3228568659547752
GAATCGTTCCCATTCG-1,Oligo MOG OPALIN,0.8056809257208717
GAATCGTTCGTGGACC-1,Oligo MOG OPALIN,0.6111791923084243
GACACGCAGAATCGAT-1,L2-3 CUX2 NTNG1 PALMD,0.1704478332563833
GACACGCCAATTTCTC-1,Endo CLDN5 SLC7A5,0.22977929738462347
GACACGCCAGGCTATT-1,Endo CLDN5 SLC7A5,0.7533854244501859
GACACGCTCACATACG-1,Micro P2RY12 CCL3,0.9689121431080281
GACACGCTCCTCTCTT-1,L2-3 CUX2 NTNG1 PALMD,0.4365622605344728
GACACGCTCCTCTGCA-1,Oligo MOG GSN,0.2595146218874399
GACAGCCCAGGTGAGT-1,Endo CLDN5 SLC7A5,0.6957832054565511
GACAGCCCATGGCTAT-1,Oligo MOG OPALIN,0.8644358779101796
GACAGCCGTCAGCGTC-1,InN SST FREM1,0.09987630063789658
GACAGCCGTCGGTGTC-1,Endo CLDN5 SLC7A5,0.5385898275267601
GACAGCCTCCAAGCTA-1,Endo CLDN5 SLC7A5,0.6603593248228719
GACAGCCTCCACACCT-1,L2-3 CUX2 NTNG1 PALMD,0.49294836096460376
GACAGCCTCTAAACGC-1,PC P2RY14 GRM8,0.9988462411205563
GACATCAAGCACCGTC-1,Endo CLDN5 SLC7A5,0.8671531290236731
GACATCAAGGACTTCT-1,Endo CLDN5 SLC7A5,0.10832581220043402
GACATCACACATATCG-1,Micro P2RY12 CCL3,0.4130433822018043
GACATCACATCCGAAT-1,Endo CLDN5 SLC7A5,0.34241193998720404
GACATCAGTGATATAG-1,Micro P2RY12 CCL3,0.9965769333852712
GACATCAGTTCCGCAG-1,Endo CLDN5 SLC7A5,0.4277224512244531
GACATCATCACCACAA-1,Endo CLDN5 SLC7A5,0.19676943458163648
GACATCATCGCTCATC-1,Endo CLDN5 SLC7A5,0.31711154932131425
GACATCATCGTTTACT-1,Endo CLDN5 SLC7A5,0.9546285727392579
GACCAATAGGGAACAA-1,Endo CLDN5 SLC7A5,0.5652661676700786
GACCAATCAAATAGCA-1,Endo CLDN5 SLC7A5,0.17400227672070945
GACCAATGTAATGCGG-1,PC P2RY14 GRM8,0.228136590792958
GACCAATGTGGTCTGC-1,Endo CLDN5 SLC7A5,0.10944522492562075
GACCCAGAGGGAGATA-1,Endo CLDN5 SLC7A5,0.7289384456802044
GACCCAGGTTCGGCCA-1,L2-3 CUX2 NTNG1 PALMD,0.048903533304849055
GACCCAGTCCATTTCA-1,Oligo MOG OPALIN,0.9938610570762956
GACCCAGTCTCTGCCA-1,InN ADARB2 COL5A2,0.035697773137191476
GACCCTTAGTTTCGGT-1,Oligo MOG OPALIN,0.9997678564964048
GACCCTTAGTTTGGCT-1,Endo CLDN5 SLC7A5,0.6579741687849455
GACCCTTCAGTGCCTG-1,L2-3 CUX2 ACVR1C THSD7A,0.3873437505500777
GACCCTTGTTGGAGAC-1,OPC PDGFRA PCDH15,0.03307089686544949
GACCCTTTCACGAACT-1,L3-5 RORB PCBP3 IL1RAPL2,0.15464875361105324
GACCCTTTCATACGAC-1,L2-3 CUX2 NTNG1 COL5A2,0.01595434651905705
GACCCTTTCCGTGTGG-1,L3-5 RORB MKX GRIN3A,0.9976144717657293
GACCCTTTCGAGCACC-1,Oligo MOG GSN,0.9974988907189792
GACCCTTTCGTTCCCA-1,Endo CLDN5 SLC7A5,0.8109055325147607
GACCGTGAGTATGAGT-1,L2-3 CUX2 NTNG1 PALMD,0.021424656514732243
GACCGTGGTACAACGG-1,Oligo MOG OPALIN,0.9496945120974568
GACCGTGGTGGCTGAA-1,Endo CLDN5 SLC7A5,0.6721387150375071
GACCGTGTCTGGGATT-1,Endo CLDN5 SLC7A5,0.4533378352639548
GACCTTCCAACTGAAA-1,Endo CLDN5 SLC7A5,0.6878529019609648
GACCTTCCATATGGCT-1,Endo CLDN5 SLC7A5,0.009897437720001522
GACCTTCGTCTCTCTG-1,L3-5 RORB MKX GRIN3A,0.31581304087924783
GACCTTCGTTGCTCAA-1,Endo CLDN5 SLC7A5,0.07808539806745639
GACCTTCTCCGTTGGG-1,Endo CLDN5 SLC7A5,0.9356014188506346
GACCTTCTCGCTTGCT-1,Endo CLDN5 SLC7A5,0.4844309565112599
GACGCTGAGAAGCCAC-1,Micro P2RY12 CCL3,0.9975869380778417
GACGCTGCAGCAAGAC-1,Endo CLDN5 SLC7A5,0.6714992072567186
GACGCTGCAGGAACCA-1,Endo CLDN5 SLC7A5,0.3948453159642421
GACGCTGCATGTTCAG-1,Endo CLDN5 SLC7A5,0.9791319518875042
GACGCTGGTTATAGAG-1,Endo CLDN5 SLC7A5,0.6640012413315718
GACGCTGTCACCCTTG-1,Oligo MOG OPALIN,0.9894759351514825
GACGCTGTCGATGGAG-1,L3-5 RORB MKX GRIN3A,0.24730551774759676
GACGCTGTCTGATTCT-1,L3-5 RORB MKX GRIN3A,0.4489082640623087
GACGTTAAGCGTTACT-1,L6 FEZF2 SYT6 PTPRT,0.07451316869741202
GACGTTACACGGGTAA-1,Endo CLDN5 SLC7A5,0.4911481789903247
GACGTTACATGCCGAC-1,Endo CLDN5 SLC7A5,0.8902163973004725
GACGTTAGTATGCTTG-1,Endo CLDN5 SLC7A5,0.283348041198851
GACGTTAGTGCCTGAC-1,Oligo MOG FRY,0.019438472638661025
GACGTTAGTTAACCTG-1,Endo CLDN5 SLC7A5,0.7470945552540327
GACGTTATCCCACAGG-1,Endo CLDN5 SLC7A5,0.3025940612048377
GACTATGAGTATGAGT-1,L2-4 CUX2 RORB CLMN,0.07266368362957891
GACTATGCAGGACAGT-1,L3-5 RORB MKX GRIN3A,0.965857755592867
GACTATGCATTCAGGT-1,L3-5 RORB MKX GRIN3A,0.0638614130522523
GACTCAAAGGGAGGTG-1,Oligo MOG OPALIN,0.9714829765571872
GACTCAAAGGTAAGTT-1,Astro GFAP FABP7,0.9998708971421592
GACTCAACAAATGATG-1,Endo CLDN5 SLC7A5,0.02390915427711662
GACTCAACAAGCTGTT-1,Oligo MOG OPALIN,0.972179585068365
GACTCAACACCAGCTG-1,L3-5 RORB MKX GALR1,0.06911988918123098
GACTCAACACGTGTGC-1,L3-5 RORB MKX GRIN3A,0.05011573270530223
GACTCAAGTATGTCAC-1,Endo CLDN5 SLC7A5,0.2467627385420057
GACTCAAGTTGCTCCT-1,Oligo MOG OPALIN,0.06759301439442991
GACTCAATCGACGACC-1,Endo CLDN5 SLC7A5,0.40381246924973463
GACTCTCGTCGAATTC-1,Endo CLDN5 SLC7A5,0.6046072489092037
GACTCTCGTCTTCAAG-1,L2-3 CUX2 NTNG1 PLCH1,0.014522755016848831
GACTGATAGGTAAACT-1,InN PVALB SNTB1,0.556626012491256
GACTGATCAGAGATGC-1,Endo CLDN5 SLC7A5,0.15377356118210622
GACTGATCAGCCTACG-1,Endo CLDN5 SLC7A5,0.7707730073368417
GACTGATCAGGTAGTG-1,OPC PDGFRA PCDH15,0.01656536202887845
GACTGATGTGCTATTG-1,Endo CLDN5 SLC7A5,0.4758920370662319
GACTGATGTTCGTACA-1,L3-5 RORB MKX GRIN3A,0.07965446780996129
GACTGATTCCACCTGT-1,InN SST ADAMTSL1,0.044354370548354394
GACTGATTCCCTTCCC-1,Astro GFAP AQP1,0.11639661716926353
GACTGATTCCCTTTGG-1,L3-5 RORB MKX GRIN3A,0.020497129117228837
GACTTCCAGCAATTCC-1,L2-3 CUX2 NTNG1 COL5A2,0.06554144475289111
GACTTCCAGTAAATGC-1,Oligo MOG OPALIN,0.29043692620061323
GACTTCCAGTCTAGAA-1,Micro P2RY12 CCL3,0.04851404121558564
GACTTCCCACGATTCA-1,Endo CLDN5 SLC7A5,0.9345179431161711
GACTTCCCACGTTCGG-1,L2-3 CUX2 NTNG1 PALMD,0.11825794008611336
GACTTCCTCGAAACAA-1,L3-5 RORB GABRG1 PTPRO,0.030732367515361195
GAGAAATCATGTCTAG-1,L2-3 CUX2 NTNG1 PALMD,0.40628243482217935
GAGAAATGTGCAATAA-1,Endo CLDN5 SLC7A5,0.9986431760473873
GAGAAATTCATCGCTC-1,Oligo MOG OPALIN,0.7706918552141455
GAGAAATTCGGAACTT-1,L6 OPRK1 SMYD1 KCND2,0.30136285409669045
GAGACCCAGTCCTACA-1,L3-5 RORB MKX GRIN3A,0.2573904176044416
GAGACCCCATAACTCG-1,Endo CLDN5 SLC7A5,0.9805874599879005
GAGACCCGTATCGTTG-1,SMC ACTA2 CRISPLD2,0.05247762167541639
GAGACCCGTCGTCTCT-1,Endo CLDN5 SLC7A5,0.9997269668321072
GAGACCCGTTGTCATG-1,Endo CLDN5 SLC7A5,0.1662587839758354
GAGACCCTCACTACTT-1,Oligo MOG OPALIN,0.9994071972304874
GAGACTTAGGCCACCT-1,SMC ACTA2 CNN1,0.6023649533207166
GAGACTTCAGCGAACA-1,Micro P2RY12 APBB1IP,0.012117031097181975
GAGACTTGTTGTCATG-1,L2-4 CUX2 RORB CLMN,0.005631162625176199
GAGACTTTCTCATAGG-1,PC P2RY14 GRM8,0.9995343901003984
GAGAGGTAGAATCGAT-1,Oligo MOG OPALIN,0.22766322140489612
GAGAGGTGTATCTCGA-1,Astro AQP4 SLC1A2,0.9322201260813973
GAGAGGTTCATCGACA-1,Oligo MOG OPALIN,0.8053453781176853
GAGATGGAGATAGCTA-1,Micro P2RY12 CCL3,0.9309476574904983
GAGATGGAGGCTTCCG-1,Endo CLDN5 SLC7A5,0.6118356800765363
GAGATGGCAACGGGTA-1,Oligo MOG OPALIN,0.5465852538831716
GAGATGGCACAGCGCT-1,Endo CLDN5 SLC7A5,0.9860959369331758
GAGATGGGTATCACCA-1,L6 OPRK1 THEMIS RGS6,0.11891136247452914
GAGATGGTCATCTACT-1,L3-5 RORB GABRG1 KCNH7,0.016416376005446112
GAGATGGTCCCAGTGG-1,PC P2RY14 GRM8,0.9953616929655941
GAGCCTGAGGGACACT-1,L2-3 CUX2 NTNG1 PALMD,0.03544009371894367
GAGCCTGCAAGTGGAC-1,L3-5 RORB PCBP3 ARHGAP15,0.11659020982109033
GAGCCTGCATGGGATG-1,Astro AQP4 SLC1A2,0.011650500486106184
GAGCCTGTCCTCCACA-1,Endo CLDN5 SLC7A5,0.20674318625008242
GAGCCTGTCGTAGCCG-1,Endo CLDN5 SLC7A5,0.3030961747418089
GAGCTGCAGCTTTGTG-1,Endo CLDN5 SLC7A5,0.11944274134102581
GAGCTGCAGGCGAAGG-1,Endo CLDN5 SLC7A5,0.10571621387412779
GAGCTGCAGGTGATAT-1,Endo CLDN5 SLC7A5,0.5345340415491397
GAGCTGCCAGGAGGTT-1,L6 FEZF2 NPFFR2 TPD52L1,0.4584046338159633
GAGCTGCGTCTCGGGT-1,Endo CLDN5 SLC7A5,0.07834979312999693
GAGCTGCGTGACCTGC-1,Endo CLDN5 SLC7A5,0.6316112623353765
GAGCTGCGTGTTGAGG-1,L2-3 CUX2 NTNG1 COL5A2,0.08665606496464598
GAGCTGCTCCAAGCAT-1,Oligo MOG OPALIN,0.9707361519239152
GAGCTGCTCCCTCATG-1,InN LAMP5 RELN,0.2617210149177607
GAGGCAAAGGTTGGTG-1,L3-5 RORB MKX GRIN3A,0.7880253194394277
GAGGCAAAGTTCAACC-1,Endo CLDN5 SLC7A5,0.9487598655938628
GAGGCAAAGTTGTCGT-1,L3-5 RORB MKX GRIN3A,0.04835075209443862
GAGGCAACAGCCGTCA-1,Oligo MOG OPALIN,0.956279891436609
GAGGCAAGTGCTCTCT-1,L6 FEZF2 DCBLD1 MITF,0.03467326054282057
GAGGCAAGTGCTTATG-1,Endo CLDN5 SLC7A5,0.19496511873353292
GAGGCAAGTGGTCCCA-1,Endo CLDN5 SLC7A5,0.987295431836589
GAGGCAAGTGTAAATG-1,L2-3 CUX2 NTNG1 PALMD,0.20996324426634497
GAGGCAATCGACATAC-1,Astro AQP4 SLC1A2,0.9992379819444906
GAGGCAATCGGCCAAC-1,InN SST TRPC7,0.7132405304593354
GAGGCCTAGGCATTTC-1,Endo CLDN5 SLC7A5,0.9874677264340114
GAGGCCTAGGCCCACT-1,Endo CLDN5 SLC7A5,0.3382951811662721
GAGGCCTCAATCTGCA-1,Endo CLDN5 SLC7A5,0.9344911158601196
GAGGCCTCAGATTCGT-1,Oligo MOG OPALIN,0.029041829864535334
GAGGCCTGTCAAGGCA-1,Endo CLDN5 SLC7A5,0.12042680881287202
GAGGCCTTCCACACCT-1,Oligo MOG OPALIN,0.9999989783286363
GAGGCCTTCTGAACGT-1,Endo CLDN5 IL1R1,0.09044130961639923
GAGGGATAGGTATCTC-1,Endo CLDN5 SLC7A5,0.5407163207149299
GAGGGATGTATTGCCA-1,Endo CLDN5 SLC7A5,0.8810901261770644
GAGGGATGTGATCATC-1,Endo CLDN5 SLC7A5,0.13521326507789508
GAGGGTACAACGGCCT-1,L2-3 CUX2 NTNG1 PALMD,0.7655562526857778
GAGGGTACACTAGAGG-1,Endo CLDN5 SLC7A5,0.8887911035492775
GAGGGTAGTACAACGG-1,Oligo MOG OPALIN,0.7743132195003144
GAGGGTAGTGCCTGCA-1,Oligo MOG OPALIN,0.933585531111003
GAGGGTATCGCACTCT-1,Oligo MOG OPALIN,0.9381289373148463
GAGTCATAGACGACGT-1,L2-3 CUX2 NTNG1 PALMD,0.25920715241067943
GAGTCATAGACGGATC-1,Astro GFAP AQP1,0.014016118245939995
GAGTCATCAATAGGGC-1,Endo CLDN5 SLC7A5,0.886419281372344
GAGTCATCACGTGAGA-1,Endo CLDN5 SLC7A5,0.6225464862781686
GAGTCATCAGAATGTA-1,Oligo MOG OPALIN,0.023165796247972912
GAGTCATGTACCCAGC-1,Oligo MOG OPALIN,0.9999985074229569
GAGTCATTCAATGCAC-1,L2-3 CUX2 NTNG1 PALMD,0.2366193974095918
GAGTCATTCGATCCCT-1,L2-3 CUX2 NTNG1 PALMD,0.9024432723704733
GAGTCATTCTTTCGAT-1,L2-3 CUX2 NTNG1 PALMD,0.081118233821854
GAGTCTAAGCGTTACT-1,Oligo MOG FRY,0.9876298177427754
GAGTCTAGTATGCGTT-1,L2-3 CUX2 NTNG1 PALMD,0.15997012693199314
GAGTGAGAGCTCAGAG-1,Oligo MOG OPALIN,0.9995813324958045
GAGTGAGAGTGGTGGT-1,Astro GFAP FABP7,0.9999322021758004
GAGTGAGCACAGCTTA-1,Endo CLDN5 SLC7A5,0.7826330729330647
GAGTGAGGTCATCGGC-1,Endo CLDN5 SLC7A5,0.6252156936523605
GAGTGAGGTGGCGTAA-1,Astro GFAP AQP1,0.7150544678468402
GAGTGAGTCACTGGGC-1,Astro AQP4 SLC1A2,0.5195114384023805
GAGTGAGTCCCTTCCC-1,Oligo MOG OPALIN,0.9999202595244897
GAGTGAGTCTATTCGT-1,L2-3 CUX2 NTNG1 PALMD,0.3243289361543218
GAGTGTTAGAGTACCG-1,InN PVALB PIEZO2,0.05147143381247828
GAGTGTTAGTTGAATG-1,Astro AQP4 SLC1A2,0.1789368942165465
GAGTGTTGTGGTACAG-1,Endo CLDN5 SLC7A5,0.7617796831898646
GAGTGTTGTTGGTGTT-1,Oligo MOG OPALIN,0.3759869295519014
GAGTGTTTCAAACGAA-1,Endo CLDN5 SLC7A5,0.05962306679119439
GAGTGTTTCATGACAC-1,Oligo MOG OPALIN,0.7648941158909924
GAGTTACAGTGTAGAT-1,Endo CLDN5 SLC7A5,0.47559136329678986
GAGTTACCACCGCTGA-1,Oligo MOG GSN,0.20682614776892802
GAGTTACCACTGCGAC-1,Endo CLDN5 SLC7A5,0.29228193887821174
GAGTTACCATGTTTGG-1,Oligo MOG OPALIN,0.6995361870659185
GAGTTACGTTGGTAGG-1,L2-3 CUX2 ACVR1C INHBA,0.05038053520785797
GAGTTACTCAGGGTAG-1,Endo CLDN5 SLC7A5,0.04071403548661997
GAGTTACTCGAAGTGG-1,L2-3 CUX2 NTNG1 PALMD,0.8623246208162532
GAGTTACTCGCGAAGA-1,Endo CLDN5 SLC7A5,0.9309105483558571
GAGTTACTCGTCGATA-1,Endo CLDN5 IL1R1,0.23625653921170395
GAGTTACTCTTCTGGC-1,L6 FEZF2 NPFFR2 KCNK2,0.6123625895820183
GAGTTGTAGAGAATCT-1,L2-3 CUX2 NTNG1 PALMD,0.0652886554623971
GAGTTGTGTACTCGTA-1,Endo CLDN5 SLC7A5,0.5086773241524774
GAGTTGTTCACACCCT-1,Endo CLDN5 SLC7A5,0.9765826083848903
GAGTTGTTCGCAAGAG-1,Endo CLDN5 SLC7A5,0.5924682591277347
GAGTTTGAGCAATTCC-1,Endo CLDN5 SLC7A5,0.25649164219981013
GAGTTTGAGTAACGTA-1,L3-5 RORB MKX GRIN3A,0.11271500637690302
GAGTTTGGTGAGCAGT-1,Endo CLDN5 SLC7A5,0.9836445476934615
GATAGAAAGAGGGTAA-1,Oligo MOG OPALIN,0.9677832493127055
GATAGAAAGGCATCGA-1,Oligo MOG OPALIN,0.11204432970187136
GATAGAAAGTAAGACT-1,Endo CLDN5 SLC7A5,0.5190500196294405
GATAGAACAATACAGA-1,Oligo MOG GSN,0.46647956527859835
GATAGAACACAGTGTT-1,Endo CLDN5 SLC7A5,0.8862531808132973
GATAGAACACTACTTT-1,Endo CLDN5 SLC7A5,0.41744070713062764
GATAGAACATCGATAC-1,Endo CLDN5 SLC7A5,0.7206158711447752
GATAGAAGTAGTTACC-1,Oligo MOG OPALIN,0.4882680490412822
GATAGAAGTTGCCGAC-1,InN VIP ADAM12,0.02143647817206944
GATAGCTAGACTGGGT-1,Endo CLDN5 SLC7A5,0.3235484326966897
GATAGCTAGGCACTAG-1,InN PVALB HPSE,0.05517039690662894
GATAGCTCAGACCAGA-1,Endo CLDN5 SLC7A5,0.07859559393629939
GATAGCTGTCTTGTCC-1,Endo CLDN5 SLC7A5,0.06667256746758413
GATAGCTTCAGCCTCT-1,Endo CLDN5 SLC7A5,0.19599158797601068
GATAGCTTCCATGATG-1,Oligo MOG OPALIN,0.4343188045076392
GATAGCTTCTACACAG-1,Oligo MOG GSN,0.6903237703525972
GATAGCTTCTGTAAGC-1,Endo CLDN5 SLC7A5,0.05955586228852605
GATCACAAGACTCCGC-1,Endo CLDN5 SLC7A5,0.6338671005917362
GATCACAAGGCGATAC-1,Endo CLDN5 SLC7A5,0.1727293511155704
GATCACACACATATCG-1,L6 OPRK1 THEMIS RGS6,0.992264761233013
GATCACACACCTATCC-1,Endo CLDN5 SLC7A5,0.8131280475981375
GATCACATCCCTCTCC-1,Endo CLDN5 SLC7A5,0.966324118289604
GATCACATCTTCCACG-1,Endo CLDN5 SLC7A5,0.8700069743243909
GATCAGTAGCACACAG-1,L2-3 CUX2 ACVR1C THSD7A,0.004648910631928247
GATCAGTAGTCACACT-1,L3-5 RORB MKX GALR1,0.020508298881427925
GATCAGTAGTTTGGCT-1,Endo CLDN5 SLC7A5,0.5699933269389074
GATCAGTCAACTTCTT-1,Oligo MOG OPALIN,0.4888296501384497
GATCAGTCAATGGGTG-1,Endo CLDN5 SLC7A5,0.44867958881294173
GATCAGTTCGCATAGT-1,L3-5 RORB TNNT2 PRRX1,0.04382145356553457
GATCAGTTCGGAGCAA-1,Endo CLDN5 SLC7A5,0.28800096643227624
GATCAGTTCTCTATGT-1,Endo CLDN5 SLC7A5,0.9246600653453455
GATCATGAGCAACCAG-1,Endo CLDN5 SLC7A5,0.9729574633085659
GATCATGGTCAACCTA-1,L2-3 CUX2 NTNG1 PALMD,0.020801755184641845
GATCATGTCCTCATAT-1,L6 FEZF2 SYT6 CDH9,0.020937163939059658
GATCATGTCTAATTCC-1,L3-5 RORB MKX DCC,0.8487017044337573
GATCCCTCAATCTCGA-1,Oligo MOG FRY,0.02988499542644722
GATCCCTCACTTGTCC-1,Astro GFAP FABP7,0.9999401280710699
GATCCCTGTATTTCCT-1,Endo CLDN5 SLC7A5,0.27121187936800056
GATCCCTGTGACTATC-1,Endo CLDN5 SLC7A5,0.8644276729609431
GATCCCTTCATCACCC-1,Oligo MOG OPALIN,0.5097384776689059
GATCCCTTCGGCTCTT-1,Oligo MOG OPALIN,0.13236217772538675
GATCCCTTCGTTCTCG-1,L2-3 CUX2 NTNG1 PALMD,0.27276010817406915
GATCCCTTCTGTCGTC-1,Oligo MOG OPALIN,0.4194484692715942
GATCGTAAGTGGACTG-1,PC P2RY14 GRM8,0.045041763433504294
GATCGTATCACAACCA-1,Oligo MOG OPALIN,0.9993329306900534
GATCGTATCCCGGTAG-1,L3-5 RORB TNNT2 PRRX1,0.01029338967863102
GATGACTAGAGCACTG-1,Micro P2RY12 CCL3,0.4730862569359639
GATGACTAGGTTCAGG-1,Oligo MOG OPALIN,0.6442718808643917
GATGACTCATTCGGGC-1,Endo CLDN5 SLC7A5,0.08012586692958243
GATGAGGAGCATTTGC-1,Endo CLDN5 SLC7A5,0.6594970976794791
GATGAGGAGCTCCACG-1,Endo CLDN5 SLC7A5,0.9992020590561292
GATGAGGCAAATGCGG-1,Astro AQP4 SLC1A2,0.9253003218328912
GATGAGGGTCCGGTGT-1,L2-3 CUX2 NTNG1 COL5A2,0.031652497848362396
GATGAGGGTGTTTGCA-1,InN PVALB ANOS1,0.039577196186516006
GATGATCCACGGATCC-1,Endo CLDN5 SLC7A5,0.10039987832489486
GATGATCGTGTCCCTT-1,L2-3 CUX2 NTNG1 PALMD,0.21707794276102982
GATGATCTCACTACGA-1,Astro GFAP FABP7,0.9999065134204858
GATGATCTCCTACAAG-1,L6 OPRK1 THEMIS RGS6,0.9968929447204137
GATGATCTCTCTTAAC-1,Oligo MOG OPALIN,0.14028062976192768
GATGCTAGTCTTGTCC-1,Oligo MOG OPALIN,0.9659321232618406
GATGCTATCCACCTCA-1,InN SST FREM1,0.024737272394077702
GATGGAGAGTGTTCCA-1,Endo CLDN5 SLC7A5,0.011633525283090602
GATGGAGCATACCGTA-1,Endo CLDN5 SLC7A5,0.8747410675701783
GATGGAGGTACGTACT-1,PC P2RY14 GRM8,0.9999998662615207
GATGGAGGTACTTCCC-1,Endo CLDN5 SLC7A5,0.49109563541839585
GATGGAGGTCCCACGA-1,L2-3 CUX2 NTNG1 PALMD,0.20887934703187383
GATGTTGCATGTTACG-1,Endo CLDN5 SLC7A5,0.19438938383884527
GATGTTGTCAGTAGGG-1,Macro F13A1 COLEC12,0.9833290751646405
GATGTTGTCTTACACT-1,Endo CLDN5 SLC7A5,0.07799553300550509
GATTCGAAGCAGGGAG-1,SMC ACTA2 CNN1,0.9972241959247449
GATTCGACAAATCCCA-1,Micro P2RY12 APBB1IP,0.306796454190085
GATTCTTAGATAACAC-1,Endo CLDN5 SLC7A5,0.3361811390030465
GATTCTTCAAGATCCT-1,Endo CLDN5 SLC7A5,0.649554697340456
GATTCTTCATACCGTA-1,L2-3 CUX2 NTNG1 PALMD,0.5290076419464415
GATTCTTGTGGTAACG-1,L2-3 CUX2 NTNG1 PALMD,0.026810277587734094
GATTCTTTCTTACCGC-1,Oligo MOG OPALIN,0.9645337935828847
GATTGGTAGAGTGAAG-1,Endo CLDN5 SLC7A5,0.9086855319119539
GATTGGTTCCCGAGGT-1,InN PVALB PDE3A,0.9790573344409124
GATTGGTTCGAGGCAA-1,Oligo MOG OPALIN,0.7718844977024211
GATTGGTTCTCAGGCG-1,Endo CLDN5 SLC7A5,0.7074439440322065
GATTTCTAGATGTAGT-1,Oligo MOG OPALIN,0.10403230687659258
GATTTCTAGTGTACCT-1,Endo CLDN5 SLC7A5,0.8580419892332788
GATTTCTCAAGAATAC-1,InN PVALB HPSE,0.5269920794521662
GATTTCTCACCGTCTT-1,Astro GFAP AQP1,0.06598840544792223
GATTTCTCATGGCACC-1,L2-3 CUX2 NTNG1 PALMD,0.0386064876234749
GATTTCTGTGCTCTTC-1,Oligo MOG OPALIN,0.6621795074886483
GATTTCTGTGGAGGTT-1,Endo CLDN5 SLC7A5,0.9275741291501806
GATTTCTTCAGAGCGA-1,Endo CLDN5 SLC7A5,0.9889280216122369
GATTTCTTCGTTGTAG-1,L2-4 CUX2 RORB CLMN,0.06847441374999612
GCAACATCAGGGATAC-1,L6 FEZF2 NPFFR2 KCNK2,0.026327481814055195
GCAACATCATAGTCGT-1,Endo CLDN5 SLC7A5,0.963970263877687
GCAACATCATTGCTGA-1,Endo CLDN5 SLC7A5,0.2541871843355545
GCAACATGTGGCTTAT-1,Endo CLDN5 IL1R1,0.14059633024887136
GCAACATGTTATCTTC-1,Oligo MOG OPALIN,0.6587038735173438
GCAACATGTTTACGAC-1,Endo CLDN5 SLC7A5,0.7826564374842285
GCAACCGCACTGGAAG-1,L2-4 CUX2 RORB CLMN,0.11280720498425197
GCAACCGCATACCATG-1,Oligo MOG OPALIN,0.29260703945058075
GCAACCGGTTCAAGTC-1,Endo CLDN5 SLC7A5,0.8832987756698363
GCACATAAGAACCCGA-1,Endo CLDN5 SLC7A5,0.41999199161854517
GCACATAAGTTCAACC-1,Endo CLDN5 SLC7A5,0.14012164246045525
GCACATAAGTTGGCGA-1,Endo CLDN5 SLC7A5,0.011845729562518866
GCACATAGTACGAGTG-1,SMC ACTA2 CNN1,0.05427593759479281
GCACATAGTAGACAGC-1,Endo CLDN5 SLC7A5,0.7381744489259808
GCACATAGTTACCTTT-1,L3-5 RORB MKX DCC,0.08332040349800772
GCACATATCATCTATC-1,Endo CLDN5 SLC7A5,0.2029396764569127
GCACATATCATTGAGC-1,InN PVALB PDE3A,0.05282002238740956
GCACGGTAGCGTCTCG-1,L2-3 CUX2 NTNG1 PALMD,0.042781751595770225
GCACGGTCAGTAGAGC-1,L3-5 RORB MKX DCC,0.048102905338714
GCACGGTCATCAGTGT-1,L3-5 RORB MKX GRIN3A,0.2717249378178147
GCACGGTCATCTTTCA-1,SMC ACTA2 CNN1,0.4540933700764413
GCACGGTGTAACGGTG-1,Oligo MOG OPALIN,0.9954120162524104
GCACGGTGTCAGCTTA-1,Endo CLDN5 SLC7A5,0.9031670058429574
GCACGTGAGCAGGCAT-1,Oligo MOG OPALIN,0.4325593710210022
GCACGTGTCAGAGCGA-1,Endo CLDN5 IL1R1,0.21977828007507766
GCACTAAAGTCACGCC-1,Oligo MOG OPALIN,0.8626332454172736
GCACTAAAGTTCCTGA-1,Endo CLDN5 SLC7A5,0.9299722713928547
GCACTAACAACCGATT-1,Endo CLDN5 SLC7A5,0.022821342492992537
GCACTAACACATATGC-1,Endo CLDN5 SLC7A5,0.2684354910888324
GCACTAACAGCCGTCA-1,Astro AQP4 SLC1A2,0.42276449591079907
GCACTAACAGCGCGTT-1,Endo CLDN5 SLC7A5,0.29591254040693615
GCACTAACATCGTGGC-1,Astro GFAP FABP7,0.9991355808180267
GCACTAACATGGGTTT-1,Endo CLDN5 SLC7A5,0.6819133314978061
GCACTAAGTCGCCTAG-1,Endo CLDN5 SLC7A5,0.9208014798610947
GCACTAATCACGACTA-1,L3-5 RORB MKX GRIN3A,0.03455664427817195
GCACTAATCCCGAACG-1,Endo CLDN5 SLC7A5,0.9986351830707528
GCACTAATCGCTGCGA-1,Micro P2RY12 CCL3,0.027477790708183826
GCACTAATCGCTTTAT-1,Endo CLDN5 SLC7A5,0.1039205304456799
GCACTAATCTGTGCAA-1,L3-5 RORB MKX GRIN3A,0.20697541496204183
GCAGCCAAGGGCCAAT-1,L3-5 RORB MKX GRIN3A,0.40805251610104387
GCAGCCAAGGTCTTTG-1,Oligo MOG GSN,0.020183089860997892
GCAGCCACAATCTAGC-1,Endo CLDN5 SLC7A5,0.7671504548427072
GCAGCCACACAAACGG-1,Astro AQP4 SLC1A2,0.2866557344939531
GCAGCCACATGATAGA-1,InN VIP ADAM12,0.08992244870588241
GCAGCCAGTCGGAAAC-1,L2-3 CUX2 NTNG1 PALMD,0.8136757453496504
GCAGCCAGTGGCTACC-1,Oligo MOG OPALIN,0.7360448774632602
GCAGCCATCACTGAAC-1,Endo CLDN5 SLC7A5,0.8315832316849486
GCAGCCATCCTCGCAT-1,Endo CLDN5 SLC7A5,0.18363725069373266
GCAGCCATCTCCCATG-1,L6 OPRK1 SMYD1 SNTB1,0.10722373760307408
GCAGCTGAGGAACGAA-1,Endo CLDN5 SLC7A5,0.11529314971132744
GCAGCTGGTAGTCTGT-1,OPC PDGFRA PCDH15,0.9999999999850113
GCAGGCTCAGACTCTA-1,Endo CLDN5 SLC7A5,0.6692071655214481
GCAGGCTTCCGTGTCT-1,Oligo MOG GSN,0.9999987176799142
GCAGGCTTCTGCATAG-1,L2-3 CUX2 NTNG1 PALMD,0.05850937478884085
GCAGTTAAGCCATTGT-1,L6 OPRK1 SMYD1 SNTB1,0.10382916562662756
GCAGTTAAGGAGTATT-1,Astro AQP4 SLC1A2,0.632397441061269
GCAGTTACAATTGCAC-1,Micro P2RY12 CCL3,0.028294152769721716
GCAGTTACACGTTCGG-1,Endo CLDN5 SLC7A5,0.994861087765296
GCAGTTAGTAGATCGG-1,Endo CLDN5 SLC7A5,0.6453162297152946
GCAGTTAGTTCCTAGA-1,Endo CLDN5 SLC7A5,0.9006939090109077
GCATCGGAGAGTGACC-1,Endo CLDN5 SLC7A5,0.1994669958677567
GCATCGGAGTTCATCG-1,InN LAMP5 LHX6 PROX1,0.9956831565614296
GCATCGGCAGAACATA-1,Oligo MOG FRY,0.028112316277228683
GCATCGGGTAATGCTC-1,L3-5 RORB MKX GRIN3A,0.8032740659880202
GCATCGGTCTGGAAGG-1,PC P2RY14 GRM8,0.9999871583888372
GCATCTCAGAAGTATC-1,Endo CLDN5 IL1R1,0.9981953544030668
GCATCTCAGGTGGTTG-1,L2-4 CUX2 RORB CLMN,0.051549132088674
GCATCTCGTATGGGAC-1,Endo CLDN5 SLC7A5,0.7218567876965073
GCATCTCGTGATGAAT-1,PC P2RY14 GRM8,0.9997955401576163
GCATCTCGTGGAGGTT-1,PC P2RY14 GRM8,0.9930053509453622
GCATCTCGTTCGAAGG-1,Endo CLDN5 SLC7A5,0.018880638453934073
GCATCTCTCCGCACGA-1,L2-3 CUX2 NTNG1 PALMD,0.8097755100163497
GCATCTCTCTCATGGA-1,Endo CLDN5 SLC7A5,0.9508305738984374
GCATCTCTCTTCCCGA-1,L2-4 CUX2 RORB CLMN,0.01897739530399549
GCATGATAGGGTGAAA-1,L6 FEZF2 NPFFR2 KCNK2,0.13959812051372913
GCATGATCATGGGCAA-1,Endo CLDN5 SLC7A5,0.8912553142995822
GCATGATGTAAGACCG-1,InN ADARB2 FAM19A1,0.9994953958976265
GCATGATGTATCGTAC-1,L2-3 CUX2 NTNG1 PALMD,0.5921016883001371
GCATGATGTCTCGGAC-1,Endo CLDN5 SLC7A5,0.2711642102680857
GCATGATGTGTCCTAA-1,Endo CLDN5 SLC7A5,0.18208933284340087
GCATTAGGTTAAGCAA-1,Micro P2RY12 APBB1IP,0.1128196877026594
GCCAACGAGACCAAAT-1,InN ADARB2 COL5A2,0.010019792274016627
GCCAACGAGATACAGT-1,L6 OPRK1 THEMIS RGS6,0.08672372805006079
GCCAACGAGCCTTGAT-1,Oligo MOG OPALIN,0.13380060397998214
GCCAACGAGGATAATC-1,Endo CLDN5 SLC7A5,0.9129915473158161
GCCAACGCAGCTGTTA-1,PC P2RY14 GRM8,0.999557836146847
GCCAACGCATGGAATA-1,Micro P2RY12 CCL3,0.604877854796985
GCCAACGGTATCGAAA-1,Astro AQP4 SLC1A2,0.14950994557822853
GCCAACGGTTCCGCAG-1,Endo CLDN5 SLC7A5,0.08008174054149324
GCCAGCAAGAAACTCA-1,Endo CLDN5 SLC7A5,0.17739016223466134
GCCAGCAAGGACAGCT-1,Endo CLDN5 SLC7A5,0.9431842450749843
GCCAGCAAGTGCTAGG-1,L3-5 RORB MKX GRIN3A,0.09355404348712819
GCCAGCAAGTGGATTA-1,Endo CLDN5 SLC7A5,0.376149547978706
GCCAGCACAAGCGAGT-1,L2-3 CUX2 NTNG1 PLCH1,0.007441523758557925
GCCAGCACATGACGAG-1,InN SST ADAMTSL1,0.8732769125354157
GCCAGCAGTACACGCC-1,Endo CLDN5 SLC7A5,0.07290041683792085
GCCAGCATCACTTGGA-1,SMC ACTA2 CNN1,0.6149736036232788
GCCAGCATCTTCTGTA-1,Micro P2RY12 APBB1IP,0.34139034919565997
GCCAGGTAGGAACATT-1,Micro P2RY12 APBB1IP,0.8571720958604783
GCCAGGTCAGCGGTTC-1,Endo CLDN5 SLC7A5,0.9988733815778104
GCCAGTGCAGCATACT-1,Endo CLDN5 SLC7A5,0.11078815534591299
GCCAGTGGTCTACAGT-1,Endo CLDN5 SLC7A5,0.09265702153750233
GCCAGTGTCCTGGGAC-1,Oligo MOG OPALIN,0.017651195356968664
GCCAGTGTCTGGTTGA-1,Endo CLDN5 SLC7A5,0.10463190397749855
GCCATGGAGTGCGTCC-1,L2-3 CUX2 NTNG1 PALMD,0.7405394466153086
GCCATGGCACATCATG-1,Endo CLDN5 SLC7A5,0.9900538841238306
GCCATTCAGCTGCGAA-1,L3-5 RORB MKX GRIN3A,0.221910846299394
GCCATTCAGGTGCCAA-1,L3-5 RORB MKX DCC,0.3129712071459342
GCCATTCAGTCGGCCT-1,Endo CLDN5 SLC7A5,0.9967576618234917
GCCATTCCATTAAGCC-1,Endo CLDN5 SLC7A5,0.9809057361230873
GCCATTCGTCCATAGT-1,Oligo MOG OPALIN,0.9999005783654129
GCCATTCGTGATAGTA-1,Endo CLDN5 SLC7A5,0.02358870597250765
GCCATTCGTGGTAACG-1,L3-5 RORB GABRG1 PTPRO,0.14328677694899067
GCCATTCTCAGGTGTT-1,L2-3 CUX2 NTNG1 PALMD,0.3507677716302186
GCCATTCTCCGGACTG-1,Astro AQP4 SLC1A2,0.2330209304805174
GCCATTCTCGAAGGAC-1,Endo CLDN5 SLC7A5,0.23397166072257444
GCCCAGAAGAGGGCGA-1,L6 FEZF2 SYT6 PTPRT,0.054264815408640435
GCCCAGAAGATGCTAA-1,Endo CLDN5 SLC7A5,0.9579876881286025
GCCCAGACAGTCCGTG-1,Oligo MOG OPALIN,0.3284279038298384
GCCCAGAGTTGGAGAC-1,L2-3 CUX2 ACVR1C THSD7A,0.10852246388516146
GCCCAGATCGCAGTCG-1,L2-3 CUX2 NTNG1 PALMD,0.21725629306367578
GCCCAGATCGGTGTTA-1,Astro AQP4 SLC1A2,0.993978706660315
GCCCAGATCTAACACG-1,L3-5 RORB PCBP3 IL1RAPL2,0.07929778334854744
GCCCAGATCTAAGAAG-1,Endo CLDN5 SLC7A5,0.01088224541858905
GCCCAGATCTAGAACC-1,Endo CLDN5 SLC7A5,0.9617678670831792
GCCCAGATCTATACTC-1,Endo CLDN5 SLC7A5,0.47300377386583453
GCCCGAAAGAAGTATC-1,Oligo MOG OPALIN,0.2400488493847448
GCCCGAACATCCTATT-1,Astro AQP4 SLC1A2,0.06091460442333697
GCCCGAAGTTTGGGTT-1,L3-5 RORB MKX GRIN3A,0.10566306443884234
GCCCGAATCACCATGA-1,Endo CLDN5 SLC7A5,0.7067571184306298
GCCCGAATCGAAGGAC-1,Astro AQP4 SLC1A2,0.04843244809651749
GCCCGAATCTCCGAAA-1,Oligo MOG OPALIN,0.29437460611601
GCCCGAATCTGTCCCA-1,Astro GFAP AQP1,0.08434071492070404
GCCGATGAGCCTGGAA-1,Oligo MOG OPALIN,0.5215737954566666
GCCGATGAGTCCGTCG-1,Endo CLDN5 SLC7A5,0.9878737703443524
GCCGATGCACCCATAA-1,Endo CLDN5 SLC7A5,0.993546775030252
GCCGATGGTACGCTTA-1,L2-3 CUX2 NTNG1 PALMD,0.02889986319365472
GCCGTGACATACCAGT-1,L3-5 RORB GABRG1 KCNH7,0.17063044219167572
GCCGTGAGTCTGGTTA-1,Endo CLDN5 SLC7A5,0.9396239106814117
GCCGTGAGTCTGTCCT-1,Endo CLDN5 SLC7A5,0.3982806423719933
GCCGTGATCGGTTCAA-1,L2-3 CUX2 ACVR1C INHBA,0.28145692415159185
GCCTGTTAGACCTTTG-1,L2-3 CUX2 NTNG1 PALMD,0.13115209280058174
GCCTGTTCAGCTTTCC-1,VLMC COL1A2 VLMCA8,0.46252904459006505
GCCTGTTCAGGACTTT-1,Micro P2RY12 GLDN,0.9921403683347936
GCCTGTTCATCACGGC-1,VLMC SLC47A1 SLC4A4,0.9996843270239778
GCCTGTTTCTACTATC-1,InN PVALB HPSE,0.10230900712367759
GCGAGAAAGAACTTCC-1,VLMC COL1A2 SLC13A3,0.7995944867536545
GCGAGAACACAGCGCT-1,L3-5 RORB MKX GRIN3A,0.014869728101056566
GCGAGAACATGGAATA-1,Endo CLDN5 SLC7A5,0.7462945462277333
GCGAGAAGTGCACAAG-1,Endo CLDN5 SLC7A5,0.9596341769128243
GCGAGAAGTTTCCCAC-1,Astro GFAP AQP1,0.18625787599558716
GCGAGAATCCAACCAA-1,L2-3 CUX2 NTNG1 COL5A2,0.04523450553054313
GCGAGAATCGCTGCGA-1,OPC PDGFRA PCDH15,0.9999999999999925
GCGATCGAGGAGAATG-1,InN PVALB ANOS1,0.17168584990098082
GCGATCGGTAATACCC-1,Endo CLDN5 SLC7A5,0.2184224341700644
GCGATCGGTCTCGCGA-1,Oligo MOG OPALIN,0.6391186569641845
GCGGAAAAGGCTTTCA-1,L3-5 RORB GABRG1 PTPRO,0.01815693015148629
GCGGAAACAAGACCTT-1,L2-3 CUX2 NTNG1 PALMD,0.4172935324151861
GCGGAAACACCAGTTA-1,Astro AQP4 SLC1A2,0.035070503957979816
GCGGAAACAGCTACTA-1,L3-5 RORB MKX GRIN3A,0.03178783383782548
GCGGAAAGTTCGTTCC-1,L2-3 CUX2 NTNG1 PALMD,0.2887007727242646
GCGGATCAGCCAGAGT-1,Endo CLDN5 SLC7A5,0.021816717837222444
GCGGATCAGCTCCGAC-1,Endo CLDN5 SLC7A5,0.007390986117206772
GCGGATCCACGATAGG-1,L3-5 RORB MKX GRIN3A,0.11760672849588989
GCGGATCGTACGTTCA-1,Endo CLDN5 SLC7A5,0.02786188903116439
GCGGATCGTGTTCCTC-1,L3-5 RORB PCBP3 LINGO2,0.1690194409509145
GCGGATCTCCCATAAG-1,L3-5 RORB MKX GRIN3A,0.22886210459138984
GCGGATCTCGCAACAT-1,PC P2RY14 GRM8,0.9999851917325596
GCGTGCAAGGCACTAG-1,L3-5 RORB MKX GRIN3A,0.3641500134849018
GCGTGCAAGTTCCGGC-1,Endo CLDN5 SLC7A5,0.024120021038863713
GCGTGCACAGACGCTC-1,Endo CLDN5 SLC7A5,0.3451241024058081
GCGTGCATCGACATCA-1,Endo CLDN5 SLC7A5,0.749482492728275
GCGTGCATCGTGGGAA-1,Endo CLDN5 SLC7A5,0.40833325273856125
GCGTGCATCTCGTTTA-1,L2-3 CUX2 NTNG1 PALMD,0.13460824494839982
GCGTTTCAGTCACTGT-1,L3-5 RORB MKX DCC,0.9258975135178048
GCGTTTCAGTGAGGTC-1,Endo CLDN5 SLC7A5,0.4744012286475249
GCGTTTCTCACCCATC-1,Endo CLDN5 SLC7A5,0.14937385044001933
GCGTTTCTCATTACCT-1,Endo CLDN5 SLC7A5,0.9936203019601297
GCTACAAAGATTAGAC-1,Endo CLDN5 SLC7A5,0.6463108688300558
GCTACAAAGCTTCTAG-1,Endo CLDN5 SLC7A5,0.9708487226268466
GCTACAAAGTGGACTG-1,L2-3 CUX2 NTNG1 PALMD,0.45284634828431714
GCTACAACATAGGTAA-1,Astro AQP4 SLC1A2,0.0634124213685415
GCTACAATCGAGCCAC-1,L3-5 RORB GABRG1 KCNH7,0.1440688341114626
GCTACAATCTCGGTAA-1,L2-3 CUX2 NTNG1 PALMD,0.030967870755530074
GCTACAATCTTGGAAC-1,Oligo MOG OPALIN,0.9908950765988835
GCTACCTGTTATGACC-1,L2-3 CUX2 NTNG1 PALMD,0.11811398441138778
GCTCAAAAGGCTCCCA-1,Oligo MOG OPALIN,0.709808058385529
GCTCAAAAGGTGCCTC-1,Astro AQP4 SLC1A2,0.43958973648505667
GCTCAAACAACACGAG-1,Oligo MOG OPALIN,0.752595829444474
GCTCAAACAAGGCTTT-1,Endo CLDN5 SLC7A5,0.22532795155888885
GCTCAAACATCGTTCC-1,Endo CLDN5 SLC7A5,0.2421320550800439
GCTCAAACATTCCTAT-1,OPC PDGFRA PCDH15,0.9999999999999916
GCTCAAAGTCAGGTGA-1,Endo CLDN5 SLC7A5,0.5589879643489486
GCTCAAATCTCTATGT-1,Endo CLDN5 SLC7A5,0.562311813989964
GCTCAAATCTGAACGT-1,L3-5 RORB GABRG1 PTPRO,0.01667693074556092
GCTCAAATCTTAGCCC-1,Endo CLDN5 SLC7A5,0.26903751186059044
GCTGAATAGTAGGATT-1,L3-5 RORB MKX GRIN3A,0.2862812812743193
GCTGAATCATAGTCGT-1,Endo CLDN5 SLC7A5,0.7145276993156159
GCTGAATGTGAGAACC-1,L2-3 CUX2 NTNG1 PALMD,0.35127385939250566
GCTGAATTCCCATGGG-1,Micro P2RY12 APBB1IP,0.3266191951470557
GCTGAATTCCGTTGAA-1,Endo CLDN5 SLC7A5,0.9037676898664753
GCTGAATTCCTCCACA-1,Endo CLDN5 SLC7A5,0.3734825231379614
GCTGAATTCTGGAAGG-1,L2-3 CUX2 NTNG1 COL5A2,0.028674865575119314
GCTGCAGAGCGAGAAA-1,L2-3 CUX2 NTNG1 PALMD,0.5830893622869425
GCTGCAGAGCGGATCA-1,Endo CLDN5 SLC7A5,0.5785539356888684
GCTGCAGGTACTAGCT-1,PC P2RY14 GRM8,0.9999998470501513
GCTGCAGTCATGGATC-1,Oligo MOG OPALIN,0.9997418492806694
GCTGCAGTCGGAGATG-1,Oligo MOG OPALIN,0.09089088636663557
GCTGGGTAGGGTACGT-1,L2-3 CUX2 NTNG1 COL5A2,0.11599913341123735
GCTGGGTAGTCTACCA-1,L2-3 CUX2 NTNG1 PALMD,0.08245792828389183
GCTGGGTCAAGCTACT-1,L2-4 CUX2 RORB CLMN,0.013698130137563201
GCTGGGTGTCTCAGAT-1,Endo CLDN5 SLC7A5,0.2768776637974633
GCTGGGTTCACATCAG-1,Astro AQP4 SLC1A2,0.31020347469662113
GCTTCACCAAATTAGG-1,L2-4 CUX2 RORB CLMN,0.1640021762025535
GCTTCACGTATGTCAC-1,L6 FEZF2 SYT6 ERBB4,0.021792141134526422
GCTTCACGTCAGGTGA-1,Endo CLDN5 SLC7A5,0.9940947836400262
GCTTGGGAGAATACAC-1,OPC PDGFRA PCDH15,0.9999999999991569
GCTTGGGAGCTAAACA-1,Endo CLDN5 SLC7A5,0.26572200256894524
GCTTGGGCAACTAGAA-1,L6 FEZF2 NPFFR2 TPD52L1,0.09151104170749778
GCTTGGGCATTGTAGC-1,L3-5 RORB MKX GRIN3A,0.13625113661788207
GCTTGGGGTAGCTTAC-1,Endo CLDN5 SLC7A5,0.2021364705601014
GCTTGGGGTTCAGCTA-1,InN PVALB SYT2,0.151312184465541
GCTTGGGTCAGAGTTC-1,Oligo MOG OPALIN,0.6779431922189741
GCTTTCGCAAGTGACG-1,Oligo MOG OPALIN,0.4730405072427204
GCTTTCGCAATGGCAG-1,Endo CLDN5 SLC7A5,0.021624018757431918
GCTTTCGCATCATCTT-1,Endo CLDN5 SLC7A5,0.40227334515570246
GCTTTCGTCAACACCA-1,Oligo MOG OPALIN,0.5489898655565953
GCTTTCGTCATGCAGT-1,Endo CLDN5 SLC7A5,0.25666993997217613
GCTTTCGTCTCGCTCA-1,Endo CLDN5 SLC7A5,0.21662024466430854
GGAACCCGTTGTTGCA-1,Endo CLDN5 SLC7A5,0.3406288314007434
GGAAGTGTCACCATAG-1,Endo CLDN5 SLC7A5,0.14802689219478354
GGAATCTCAATCGCAT-1,L3-5 RORB GABRG1 PTPRO,0.5668682066155811
GGAATCTCACAACATC-1,Endo CLDN5 SLC7A5,0.9413288081096497
GGAATCTCACAATTCG-1,Endo CLDN5 SLC7A5,0.02356514208953203
GGAATCTCATGACCCG-1,Endo CLDN5 SLC7A5,0.047595543919907564
GGAATCTGTACGCTTA-1,L2-4 CUX2 RORB CLMN,0.0721135490247128
GGAATCTTCACGGACC-1,InN LAMP5 BMP7,0.980463852627825
GGAATGGAGGGAGTTC-1,L2-4 CUX2 RORB CLMN,0.025893227534457053
GGAATGGGTAGCACAG-1,Endo CLDN5 SLC7A5,0.8753513531110789
GGAATGGGTGATGTAA-1,Endo CLDN5 SLC7A5,0.5273699847297961
GGAATGGTCGAGTTGT-1,InN LAMP5 LHX6 TAC1,0.9991908765366978
GGACGTCAGGATAATC-1,Endo CLDN5 SLC7A5,0.04031172019737137
GGACGTCTCCACAGCG-1,L2-3 CUX2 NTNG1 PLCH1,0.18574972777744275
GGAGAACAGCCTCTGG-1,Endo CLDN5 SLC7A5,0.20205279320347655
GGAGAACCACTGCTTC-1,Oligo MOG OPALIN,0.9810814055501041
GGAGAACGTATACAGA-1,Endo CLDN5 SLC7A5,0.3749678641592323
GGAGAACGTATCGATC-1,Oligo MOG OPALIN,0.3734755006649119
GGAGATGAGTATAGAC-1,L2-3 CUX2 NTNG1 PALMD,0.04817593011252581
GGAGATGCAGGCAATG-1,Endo CLDN5 SLC7A5,0.8156006183112153
GGAGATGGTTTCGATG-1,Endo CLDN5 SLC7A5,0.9928814276076974
GGAGCAAAGAGCTGAC-1,InN SST THSD7B,0.24064083434649305
GGAGCAAAGTGTCATC-1,InN SST HTR2C,0.3912236258262667
GGAGCAATCAACACCA-1,L2-3 CUX2 NTNG1 PALMD,0.009571196903939205
GGAGCAATCACTCCGT-1,Endo CLDN5 SLC7A5,0.963252447201438
GGAGCAATCCCAAGTA-1,Endo CLDN5 SLC7A5,0.08373470217091916
GGAGCAATCGCTAAAC-1,Endo CLDN5 SLC7A5,0.36965247278341
GGAGCAATCTAGGCCG-1,Oligo MOG OPALIN,0.16323046076808548
GGAGCAATCTATTGTC-1,Endo CLDN5 SLC7A5,0.2937838285909778
GGAGCAATCTGAACGT-1,OPC PDGFRA PCDH15,0.9999999987881332
GGAGGATCACAAATCC-1,Oligo MOG OPALIN,0.04299157979526326
GGAGGATCACCTTCGT-1,Endo CLDN5 SLC7A5,0.7762359330224102
GGAGGATCATCATTGG-1,OPC PDGFRA PCDH15,0.9999999999999316
GGAGGATCATCGATGT-1,Endo CLDN5 SLC7A5,0.8962024246431703
GGAGGATGTCTCGACG-1,OPC PDGFRA PCDH15,0.999999999999571
GGAGGATGTGACTCGC-1,Micro P2RY12 APBB1IP,0.020962385035071144
GGAGGATGTGGCTAGA-1,Endo CLDN5 SLC7A5,0.20732798039622222
GGAGGATTCATTACTC-1,Oligo MOG OPALIN,0.4563209364076262
GGAGGTAAGACAAGCC-1,Endo CLDN5 SLC7A5,0.45914856247739955
GGAGGTACAAGGTACG-1,Endo CLDN5 SLC7A5,0.20640362254707775
GGAGGTACAGATTCGT-1,L3-5 RORB GABRG1 PLCH1,0.04806864342361769
GGAGGTACAGTTAGGG-1,Oligo MOG OPALIN,0.2294469671122402
GGAGGTATCGCGTTTC-1,Oligo MOG OPALIN,0.2597352481168737
GGAGGTATCGTCCATC-1,L2-3 CUX2 NTNG1 PALMD,0.061352572965865985
GGATCTAAGAAGAACG-1,L3-5 RORB GABRG1 KCNH7,0.08642885587614547
GGATCTAAGAAGCGAA-1,Oligo MOG OPALIN,0.7006244591269105
GGATCTAAGACGCTCC-1,L2-3 CUX2 NTNG1 PALMD,0.07368226045813475
GGATCTAAGGAGTCTG-1,Micro P2RY12 APBB1IP,0.0772408910948328
GGATCTACAACTCCAA-1,L2-3 CUX2 NTNG1 PALMD,0.08005862397890115
GGATCTACACGGGTAA-1,L2-3 CUX2 NTNG1 PALMD,0.2488386806569299
GGATCTAGTCTTCCGT-1,Endo CLDN5 SLC7A5,0.5629459675431184
GGATCTATCGGCTGTG-1,Endo CLDN5 SLC7A5,0.34641536684773383
GGATCTATCTGAGGCC-1,L2-3 CUX2 NTNG1 COL5A2,0.07200641088966774
GGATGTTAGAATCGCG-1,L6 OPRK1 SMYD1 SNTB1,0.051857449655452297
GGATGTTAGCCGTTGC-1,Endo CLDN5 SLC7A5,0.11823404104152649
GGATGTTGTACGAGCA-1,Oligo MOG OPALIN,0.3063320203541336
GGATGTTGTCGTCGGT-1,L3-5 RORB MKX GRIN3A,0.6383813466337369
GGATGTTGTCTACAAC-1,Endo CLDN5 SLC7A5,0.2619293632819387
GGATGTTTCAGCACCG-1,Endo CLDN5 SLC7A5,0.254900117533691
GGATGTTTCTCTGCCA-1,L3-5 RORB GABRG1 PTPRO,0.024048034325740125
GGCACGTCATAGCACT-1,Micro P2RY12 CCL3,0.9911836657713007
GGCACGTCATAGTCGT-1,Oligo MOG OPALIN,0.36801003474531024
GGCACGTGTAGTTCCA-1,L2-3 CUX2 NTNG1 PALMD,0.06840553393877626
GGCACGTGTGCCCAGT-1,PC P2RY14 GRM8,0.999640207107499
GGCACGTTCATGCAGT-1,PC P2RY14 GRM8,0.9999998755967944
GGCACGTTCTCTGGTC-1,L6 OPRK1 SMYD1 SNTB1,0.04636313796195825
GGCAGTCGTCAGCGTC-1,L2-3 CUX2 NTNG1 PALMD,0.021527486067002922
GGCAGTCGTTCTAACG-1,Astro AQP4 SLC1A2,0.16398691470074486
GGCAGTCTCCGGGACT-1,Endo CLDN5 SLC7A5,0.179845955513942
GGCAGTCTCTCATTTG-1,L2-3 CUX2 NTNG1 PALMD,0.25902276061058294
GGCGTCACAGAGCGTA-1,L2-3 CUX2 NTNG1 PALMD,0.6693258238582585
GGCGTCAGTACCCACG-1,Endo CLDN5 SLC7A5,0.14696815999542062
GGCGTCAGTACCTAAC-1,Oligo MOG OPALIN,0.4324454388127778
GGCGTCAGTAGGTCAG-1,Endo CLDN5 SLC7A5,0.18264592460820891
GGCGTCAGTCCAATCA-1,Oligo MOG OPALIN,0.9950502853773873
GGCGTCAGTCTGGTTA-1,L2-3 CUX2 NTNG1 COL5A2,0.061803338054054587
GGCGTCAGTGATGGCA-1,L3-5 RORB MKX DCC,0.4182273750998467
GGCGTCATCTCGCGTT-1,Endo CLDN5 SLC7A5,0.8463532483639505
GGCGTCATCTCTGAGA-1,InN VIP HS3ST3B1,0.9995132233075479
GGCTGTGAGACCAGCA-1,Endo CLDN5 SLC7A5,0.9893301952533938
GGCTGTGAGGGTGGGA-1,Endo CLDN5 SLC7A5,0.6253510236140939
GGCTGTGAGTCACTCA-1,Endo CLDN5 SLC7A5,0.2427807955680309
GGCTGTGAGTGACACG-1,SMC ACTA2 CNN1,0.10576882569055877
GGCTGTGCAAGGGTCA-1,Endo CLDN5 SLC7A5,0.49955967752531427
GGCTGTGCATGTAACC-1,L2-3 CUX2 NTNG1 PALMD,0.3794812925056726
GGCTGTGGTACGATCT-1,Oligo MOG OPALIN,0.9996486368258652
GGCTGTGGTCCGGACT-1,Endo CLDN5 SLC7A5,0.7755844927943818
GGCTGTGGTGCGTCGT-1,Endo CLDN5 SLC7A5,0.4801037827671716
GGCTTGGAGATAGTCA-1,Endo CLDN5 SLC7A5,0.41830877627975266
GGCTTGGAGCACGGAT-1,InN SST FREM1,0.019385758007670305
GGCTTGGAGGACTTCT-1,L2-3 CUX2 ACVR1C THSD7A,0.4485631446212579
GGCTTGGAGGTTAGTA-1,L3-5 RORB GABRG1 KCNH7,0.10276548532802626
GGCTTGGAGTGGTTGG-1,Oligo MOG OPALIN,0.2655004662057198
GGCTTGGCAAACGAGC-1,Oligo MOG OPALIN,0.60323799642661
GGCTTGGTCCGAGCTG-1,Endo CLDN5 SLC7A5,0.6327357669626038
GGCTTTCAGTTGTACC-1,Endo CLDN5 SLC7A5,0.3402359775666467
GGGAAGTAGGAGACCT-1,L3-5 RORB GABRG1 PTPRO,0.03342181210070079
GGGAAGTAGTTGGACG-1,Endo CLDN5 SLC7A5,0.027506206206575477
GGGAAGTCAAGCGCTC-1,InN LAMP5 ADAMTS20,0.03300211140364446
GGGACAAAGTAGGCCA-1,Endo CLDN5 SLC7A5,0.5351081805166813
GGGACAAGTGTCTAAC-1,InN VIP SCML4,0.07006909571820796
GGGACAAGTTATGTGC-1,Endo CLDN5 SLC7A5,0.7382185903208004
GGGACAATCCACTTCG-1,Endo CLDN5 IL1R1,0.3195620148642817
GGGACAATCGATTCCC-1,Endo CLDN5 SLC7A5,0.631080859904038
GGGACCTCAGTTTCAG-1,Endo CLDN5 SLC7A5,0.11256633259580244
GGGACCTGTAAGAACT-1,Oligo MOG OPALIN,0.935762927324615
GGGACTCAGTTCTACG-1,Endo CLDN5 SLC7A5,0.8285176095101169
GGGACTCGTCTTGCTC-1,Oligo MOG OPALIN,0.9867562275691741
GGGACTCGTGGTCAAG-1,Oligo MOG OPALIN,0.9395584836338635
GGGACTCTCGCAAGAG-1,L2-3 CUX2 ACVR1C THSD7A,0.02660634104048311
GGGACTCTCTTAGCCC-1,Endo CLDN5 SLC7A5,0.5910832984739606
GGGAGATAGCCAAGGT-1,Endo CLDN5 SLC7A5,0.512945749217005
GGGAGATAGCCGATTT-1,Astro AQP4 SLC1A2,0.4845601560863554
GGGAGATCAAGGGTCA-1,Endo CLDN5 SLC7A5,0.9151289948478083
GGGAGATGTTCAGTAC-1,L2-3 CUX2 NTNG1 PALMD,0.10669649952740937
GGGAGATTCATGAGGG-1,Endo CLDN5 SLC7A5,0.9907409090633559
GGGAGATTCTTTCCAA-1,Endo CLDN5 SLC7A5,0.6360085374404792
GGGAGTAAGATACCAA-1,Endo CLDN5 SLC7A5,0.911049684470975
GGGAGTAAGATCGGTG-1,Micro P2RY12 APBB1IP,0.20630373839681518
GGGAGTACACGTAGTT-1,Oligo MOG OPALIN,0.9078136076166146
GGGAGTAGTCGTGGAA-1,L2-3 CUX2 NTNG1 PALMD,0.11115092614807998
GGGAGTAGTCTGTGAT-1,Astro AQP4 SLC1A2,0.08592104374363344
GGGAGTAGTGGAAATT-1,Oligo MOG OPALIN,0.8558099240239437
GGGAGTATCAAACGTC-1,Endo CLDN5 SLC7A5,0.04474900938678348
GGGATCCAGTTAGTAG-1,L2-3 CUX2 ACVR1C THSD7A,0.019260930494410095
GGGATCCCAATGACCT-1,L2-3 CUX2 NTNG1 PALMD,0.6849317965848546
GGGATCCCATCGTTCC-1,Endo CLDN5 SLC7A5,0.2872966694000283
GGGATCCTCTCTTCAA-1,InN SST ADAMTSL1,0.12401587714223895
GGGATGAAGAACAAGG-1,L2-4 CUX2 RORB CLMN,0.21805741061964642
GGGATGAAGACCACGA-1,Endo CLDN5 SLC7A5,0.4951212100597811
GGGATGACAATTGCCA-1,L6 OPRK1 SMYD1 SNTB1,0.03855345667495853
GGGATGAGTGGGTATG-1,Endo CLDN5 SLC7A5,0.5931714417833523
GGGATGATCCATCGTC-1,L3-5 RORB MKX GRIN3A,0.01675850936295727
GGGATGATCCGTGCGA-1,Endo CLDN5 SLC7A5,0.02468623245558063
GGGATGATCGGTAGAG-1,L2-4 CUX2 RORB CLMN,0.08102121575421557
GGGATGATCTCCCATG-1,Micro P2RY12 GLDN,0.08069690175140677
GGGCCATCAGCTCCTT-1,Oligo MOG OPALIN,0.29903654909292404
GGGCCATCATCAGCGC-1,L2-3 CUX2 NTNG1 PLCH1,0.04771368747115709
GGGCCATGTGATACCT-1,Oligo MOG OPALIN,0.1668381231227952
GGGCGTTAGGATGCGT-1,L2-3 CUX2 NTNG1 COL5A2,0.27392314980819704
GGGCGTTAGGGAGTTC-1,Endo CLDN5 SLC7A5,0.7967137744754061
GGGCGTTGTTGGACTT-1,Endo CLDN5 SLC7A5,0.6320869091413934
GGGCGTTTCAGCAATC-1,Oligo MOG OPALIN,0.7002785097458424
GGGCGTTTCTTTCTAG-1,L3-5 RORB PCBP3 ARHGAP15,0.060516966633186516
GGGCTACAGCTCACTA-1,Oligo MOG OPALIN,0.9999769825909282
GGGCTACCAGTTTCGA-1,Endo CLDN5 SLC7A5,0.14412476400339042
GGGCTACGTTACCCTC-1,L6 OPRK1 SMYD1 SNTB1,0.011583803224671414
GGGCTACTCAACGAGG-1,InN VIP ADAM12,0.07996292662436633
GGGCTACTCACTCTTA-1,Endo CLDN5 SLC7A5,0.05466385413855665
GGGCTACTCATCGCCT-1,Endo CLDN5 SLC7A5,0.8596229657783745
GGGCTACTCATTTACC-1,Endo CLDN5 SLC7A5,0.6564435418880455
GGGCTACTCCTAGCCT-1,Endo CLDN5 SLC7A5,0.22149344074479263
GGGCTACTCGCGTTTC-1,Astro AQP4 SLC1A2,0.9999224848380346
GGGCTACTCTTCACAT-1,Endo CLDN5 SLC7A5,0.599007097816306
GGGCTCACAATACCCA-1,Oligo MOG OPALIN,0.5672148159505779
GGGCTCAGTCGTAATC-1,Oligo MOG OPALIN,0.0923608418328524
GGGCTCATCTCTCAAT-1,L3-5 RORB MKX GRIN3A,0.08872658425451758
GGGTAGAGTTCGCGTG-1,Endo CLDN5 SLC7A5,0.6830330201624187
GGGTAGATCTTCCCGA-1,PC P2RY14 GRM8,0.0734069540011624
GGGTATTAGCCTCCAG-1,Oligo MOG OPALIN,0.9971643286008531
GGGTATTAGGGCTTCC-1,Endo CLDN5 SLC7A5,0.9202591817441907
GGGTATTAGGTTCTAC-1,Oligo MOG OPALIN,0.9861209260609543
GGGTATTAGTCTAGAA-1,Astro AQP4 SLC1A2,0.7799847921702383
GGGTATTAGTGTCATC-1,Endo CLDN5 SLC7A5,0.3505263889057677
GGGTATTCATCCGTTC-1,Oligo MOG OPALIN,0.9961778866993963
GGGTATTCATTAAGCC-1,InN LAMP5 MEIS2,0.02264961711087672
GGGTATTGTAGCTTTG-1,L3-5 RORB MKX GRIN3A,0.10517758903369344
GGGTATTGTGTGTACT-1,L2-3 CUX2 NTNG1 PALMD,0.7991398923743156
GGGTCACAGCCAAGCA-1,L3-5 RORB MKX GRIN3A,0.1520103192136997
GGGTCACAGGCCATAG-1,OPC PDGFRA PCDH15,0.06035708003848752
GGGTCACCAGCGGTTC-1,Endo CLDN5 SLC7A5,0.9566489421667709
GGGTCACCATGAGTAA-1,Endo CLDN5 SLC7A5,0.08129997903080677
GGGTCACGTCCAGGTC-1,Endo CLDN5 SLC7A5,0.4968766904928401
GGGTCACTCCGATTAG-1,Astro GFAP FABP7,0.9920908991868538
GGGTCTGAGACATATG-1,Endo CLDN5 SLC7A5,0.9881247649749288
GGGTCTGAGCCGATTT-1,Endo CLDN5 SLC7A5,0.33024657859907375
GGGTCTGAGGACATCG-1,L3-5 RORB MKX DCC,0.03229152212773287
GGGTCTGAGTGAGCCA-1,InN SST THSD7B,0.9998603870558246
GGGTCTGAGTTGAAAC-1,Endo CLDN5 SLC7A5,0.537240017283831
GGGTCTGGTTGCATTG-1,Endo CLDN5 SLC7A5,0.0527102721474971
GGGTGAAAGCTTACGT-1,L2-3 CUX2 NTNG1 PALMD,0.5287191246424771
GGGTGAAAGGTCCCTG-1,Oligo MOG OPALIN,0.9681722482925873
GGGTGAAAGTTTCTTC-1,Oligo MOG OPALIN,0.2020497367315063
GGGTGAACATGTGACT-1,Endo CLDN5 SLC7A5,0.3690992649287893
GGGTGTCCAGGTAGTG-1,L3-5 RORB MKX GALR1,0.21925562433577786
GGGTGTCTCGGTCTAA-1,L3-5 RORB MKX GRIN3A,0.04301161276250856
GGGTTATAGAGGGTCT-1,Endo CLDN5 SLC7A5,0.19304596257671303
GGGTTATCATCTAACG-1,Endo CLDN5 SLC7A5,0.9825223068812209
GGGTTATGTACAAAGT-1,Endo CLDN5 SLC7A5,0.9346494981636716
GGGTTATGTAGGTCAG-1,L2-3 CUX2 NTNG1 PALMD,0.125221396201559
GGGTTATGTTACACTG-1,Endo CLDN5 SLC7A5,0.6932858713800272
GGGTTATTCACTGTTT-1,Endo CLDN5 SLC7A5,0.1544276729480568
GGGTTATTCATGTCTT-1,L2-3 CUX2 NTNG1 PALMD,0.7050216202355764
GGGTTATTCTTGGAAC-1,Endo CLDN5 SLC7A5,0.15460868422528995
GGGTTTAAGCAGCCCT-1,OPC PDGFRA PCDH15,0.9999999999999685
GGGTTTAAGCATGCGA-1,Endo CLDN5 SLC7A5,0.9885373881890818
GGGTTTACAATTCTTC-1,Oligo MOG FRY,0.7412397932601749
GGGTTTACAGTCTGGC-1,Endo CLDN5 SLC7A5,0.7472111764907443
GGGTTTAGTATTAAGG-1,Endo CLDN5 SLC7A5,0.3333080543571728
GGGTTTAGTTTGGAAA-1,Oligo MOG OPALIN,0.04931615351294472
GGTAACTAGGCGTCCT-1,L6 FEZF2 NPFFR2 TPD52L1,0.13177636157313088
GGTAACTCAAGCGATG-1,T SKAP1 CD247,0.9999833572895038
GGTAACTGTACGTACT-1,Endo CLDN5 SLC7A5,0.8756583681263554
GGTAACTTCGCGTGCA-1,L3-5 RORB GABRG1 PTPRO,0.03938138261254088
GGTAATCCACAGCTGC-1,Endo CLDN5 SLC7A5,0.3951286430114794
GGTAATCCACGGCACT-1,InN VIP HS3ST3B1,0.5598610469879032
GGTAATCGTGACTGTT-1,L2-3 CUX2 NTNG1 PALMD,0.8100807774148008
GGTAGAGGTAGCTTAC-1,L3-5 RORB MKX GRIN3A,0.29440091027794546
GGTAGAGTCTCGACCT-1,L2-3 CUX2 NTNG1 COL5A2,0.052599717018153
GGTCACGAGACGCCCT-1,Micro P2RY12 APBB1IP,0.06462515617698908
GGTCACGAGGATTTAG-1,Endo CLDN5 SLC7A5,0.24014429877698903
GGTCACGAGGTGCTGA-1,L3-5 RORB MKX GRIN3A,0.23133289631833612
GGTCACGAGTTTGGCT-1,Oligo MOG OPALIN,0.4595133258317795
GGTCACGCAGTGCGCT-1,Oligo MOG OPALIN,0.10382293419635429
GGTCACGGTCCTCAGG-1,Endo CLDN5 SLC7A5,0.8146143776313554
GGTCACGTCAATCAGC-1,L2-3 CUX2 NTNG1 PALMD,0.979559269613615
GGTCTGGAGAGCATCG-1,Astro GFAP FABP7,0.9992041899023526
GGTCTGGAGGATAATC-1,PC P2RY14 GRM8,0.9999997610314284
GGTCTGGCAACCGACC-1,Micro P2RY12 CCL3,0.1448933587893342
GGTCTGGCAGTCCCGA-1,Astro AQP4 SLC1A2,0.9902963429713437
GGTCTGGTCTCCTGCA-1,L3-5 RORB MKX GRIN3A,0.8460187329981823
GGTCTGGTCTGGTGCG-1,Endo CLDN5 SLC7A5,0.5472636691399514
GGTGAAGGTCTCGGAC-1,Endo CLDN5 SLC7A5,0.9374962436086399
GGTGAAGTCTGCGAGC-1,Oligo MOG OPALIN,0.36125329032257214
GGTGATTAGAGAAGGT-1,L3-5 RORB PCBP3 ARHGAP15,0.015938331441454383
GGTGATTCAACTGTGT-1,Endo CLDN5 SLC7A5,0.3178446189779824
GGTGATTCAGTACTAC-1,L2-3 CUX2 NTNG1 PALMD,0.06782297713285089
GGTGATTGTCAAAGAT-1,Endo CLDN5 SLC7A5,0.07536212697524261
GGTGGCTCACATTACG-1,Oligo MOG OPALIN,0.8892866517132269
GGTGGCTTCAAGCCTA-1,InN VIP ADAM12,0.011352381656863381
GGTGGCTTCACCCTCA-1,Astro GFAP AQP1,0.9963074227948481
GGTGTCGAGCCGGATA-1,InN SST STK32A,0.8523318207153969
GGTGTCGAGGAACTCG-1,VLMC SLC47A1 SLC4A4,0.99831305170742
GGTGTCGCAAGCGCAA-1,Micro P2RY12 APBB1IP,0.2325661346327282
GGTGTCGCAATAGTGA-1,L2-3 CUX2 NTNG1 PALMD,0.9071210719445197
GGTGTCGCACAGAGCA-1,Oligo MOG OPALIN,0.5892243000657732
GGTGTCGCACGCTGCA-1,SMC ACTA2 CYP1B1,0.10130017973597598
GGTGTCGCAGGATGAC-1,InN VIP MEGF11 LHFP,0.9508701921746044
GGTGTCGGTCAGCGTC-1,Astro GFAP FABP7,0.9320299266763448
GGTGTCGGTTAGAAAC-1,L2-3 CUX2 NTNG1 COL5A2,0.06172029405204528
GGTGTTAAGGACAACC-1,Endo CLDN5 SLC7A5,0.69268797176644
GGTGTTAAGGTTCACT-1,L2-3 CUX2 NTNG1 COL5A2,0.3710829279423834
GGTGTTACACTCCGGA-1,Endo CLDN5 SLC7A5,0.948771140153181
GGTGTTACATAACGGG-1,Endo CLDN5 SLC7A5,0.20438747234470486
GGTGTTAGTGAAGCTG-1,InN SST HS3ST5,0.3623895692514179
GGTGTTATCAAGTGGG-1,Oligo MOG OPALIN,0.18585751337285414
GGTTAACAGCCTATTG-1,Astro AQP4 SLC1A2,0.9949509855607971
GGTTAACGTCAGACGA-1,Oligo MOG OPALIN,0.8239295872160631
GGTTAACTCAACACGT-1,Oligo MOG OPALIN,0.648202010938613
GGTTAACTCAACCGAT-1,Oligo MOG OPALIN,0.9986086021761648
GGTTAACTCATTCACT-1,Endo CLDN5 SLC7A5,0.030715938353535636
GGTTAACTCTCTGCTG-1,Endo CLDN5 SLC7A5,0.7724126177706525
GGTTCTCAGCAAGTGC-1,Endo CLDN5 SLC7A5,0.559117044313487
GGTTCTCCAAAGGTTA-1,Endo CLDN5 SLC7A5,0.6178067620893252
GGTTCTCCAAGCTCTA-1,Endo CLDN5 SLC7A5,0.8475901826782277
GGTTCTCCATCGCCTT-1,PC P2RY14 GRM8,0.9698855550063412
GGTTCTCGTATCCCTC-1,L6 FEZF2 NPFFR2 KCNK2,0.2736692826254169
GGTTCTCGTCAATCTG-1,Oligo MOG OPALIN,0.9280837530444228
GGTTCTCGTGGTTTGT-1,Astro AQP4 SLC1A2,0.9939372540748077
GGTTCTCTCGCTAAAC-1,Endo CLDN5 SLC7A5,0.2484018480911419
GGTTGTAAGATAACAC-1,Endo CLDN5 SLC7A5,0.28007668774735395
GGTTGTACACTTGACA-1,Endo CLDN5 SLC7A5,0.35902165359900584
GGTTGTAGTCGCTCGA-1,Endo CLDN5 SLC7A5,0.0782973846489855
GGTTGTATCCATCTAT-1,Endo CLDN5 SLC7A5,0.931017587945954
GTAACACCAAACACCT-1,Micro P2RY12 APBB1IP,0.24493452733460822
GTAACACCACACCGCA-1,SMC ACTA2 CYP1B1,0.3670232190101268
GTAACACCACATTGTG-1,L2-3 CUX2 NTNG1 COL5A2,0.4150244226421878
GTAACACGTCATCCCT-1,Endo CLDN5 SLC7A5,0.9931013521038095
GTAACACTCAGCAATC-1,InN VIP CLSTN2,0.020463959485072444
GTAACCAAGCACCCAC-1,Oligo MOG OPALIN,0.061025739220964735
GTAACCATCGTAACCA-1,OPC PDGFRA PCDH15,0.024759604067087316
GTAAGTCAGAGCAGTC-1,L2-3 CUX2 NTNG1 PALMD,0.18393056077192965
GTAAGTCAGGTCACAG-1,Oligo MOG OPALIN,0.03538238330453867
GTAAGTCTCAAACCTG-1,Endo CLDN5 SLC7A5,0.5392154473952008
GTAAGTCTCAAGTCGT-1,Oligo MOG OPALIN,0.6809343285624226
GTAAGTCTCGATACGT-1,Endo CLDN5 SLC7A5,0.9884104923965712
GTAAGTCTCGTGCACG-1,L6 OPRK1 SMYD1 KCND2,0.01625657786299732
GTAAGTCTCTGGAGAG-1,Endo CLDN5 SLC7A5,0.08845106694013202
GTAATCGAGCTGAAAT-1,Endo CLDN5 SLC7A5,0.59545705176977
GTAATCGCAACACGAG-1,L2-3 CUX2 NTNG1 PALMD,0.9516448119273909
GTAATCGGTCGTGGAA-1,L3-5 RORB MKX GRIN3A,0.6166221498876783
GTAATGCAGGCGCTCT-1,VLMC COL1A2 VLMCA8,0.9990760472867165
GTAATGCCAGCAGTGA-1,Endo CLDN5 SLC7A5,0.1531414789273915
GTAATGCCAGGATCTT-1,PC P2RY14 GRM8,0.9999887272372667
GTAATGCGTTGCAACT-1,Endo CLDN5 SLC7A5,0.0868660212707959
GTAATGCTCCACTGAA-1,OPC PDGFRA PCDH15,0.9999999999997902
GTAATGCTCCGTGCGA-1,Micro P2RY12 CCL3,0.5956000124857248
GTACAACTCCGTAGGC-1,Endo CLDN5 SLC7A5,0.3516241662531713
GTACAGTAGGCATCGA-1,L2-3 CUX2 NTNG1 PALMD,0.04214974836221426
GTACAGTAGGGTCTTT-1,L6 OPRK1 THEMIS RGS6,0.012609738373603196
GTACAGTCACCGTGGT-1,L2-3 CUX2 ACVR1C THSD7A,0.02014761319105806
GTACAGTCACTAAACC-1,Endo CLDN5 SLC7A5,0.5855007843146844
GTACAGTCACTAGGTT-1,Astro AQP4 SLC1A2,0.03566041075905292
GTACAGTGTCGATGCC-1,Endo CLDN5 SLC7A5,0.8571679671550084
GTACAGTTCATTGCTT-1,Oligo MOG OPALIN,0.9965578864737088
GTACAGTTCCCATGGG-1,Oligo MOG OPALIN,0.06969894903144253
GTAGAAAAGGATCACG-1,Endo CLDN5 SLC7A5,0.887506870046938
GTAGAAAAGGTTCATC-1,Endo CLDN5 SLC7A5,0.2776684269775228
GTAGAAACAGCTTCGG-1,InN VIP HS3ST3B1,0.1131626553039077
GTAGAAACATGCAGGA-1,L3-5 RORB MKX GRIN3A,0.44786976669345735
GTAGAAAGTCCTTTGC-1,Endo CLDN5 SLC7A5,0.04475774880013897
GTAGAGGAGTAGTCAA-1,Endo CLDN5 SLC7A5,0.8015059154921825
GTAGAGGAGTGCTAGG-1,Endo CLDN5 SLC7A5,0.5816974834301476
GTAGAGGCAACACTAC-1,L2-3 CUX2 NTNG1 PALMD,0.7277200672471997
GTAGAGGCATTGCCTC-1,Endo CLDN5 SLC7A5,0.061747781837609754
GTAGAGGGTGTTCCTC-1,Endo CLDN5 SLC7A5,0.7996677540804796
GTAGATCAGATGCTAA-1,Micro P2RY12 APBB1IP,0.07410477665178715
GTAGATCGTAATTAGG-1,Astro GFAP FABP7,0.9999921998445456
GTAGATCGTCCTGTCT-1,Endo CLDN5 SLC7A5,0.9119409540202279
GTAGATCGTTGTTTGG-1,Endo CLDN5 SLC7A5,0.9309701462326082
GTAGCTAAGCCTCAAT-1,Micro P2RY12 APBB1IP,0.08668536924353412
GTAGCTAAGTCTTCCC-1,Endo CLDN5 SLC7A5,0.09185580158910178
GTAGCTAGTGCCGAAA-1,L2-3 CUX2 ACVR1C THSD7A,0.4136583414706829
GTAGCTATCGGACCAC-1,InN PVALB HPSE,0.06853286918736512
GTAGGAGAGGTTCTTG-1,Endo CLDN5 SLC7A5,0.35037714547192694
GTAGGAGGTCACGACC-1,L6 OPRK1 SMYD1 SNTB1,0.04586597926995293
GTAGGAGGTGGACCAA-1,Endo CLDN5 SLC7A5,0.6903971168639248
GTAGGAGTCGAACCTA-1,Endo CLDN5 SLC7A5,0.11647530513020242
GTAGGTTAGACATCAA-1,Endo CLDN5 SLC7A5,0.9836429090432621
GTAGGTTCAGAGAGGG-1,Endo CLDN5 SLC7A5,0.21253549242136363
GTAGGTTCAGAGATTA-1,Endo CLDN5 SLC7A5,0.9740698329411268
GTAGGTTTCCCATGGG-1,Oligo MOG OPALIN,0.3404927814689821
GTAGTACAGATGTTGA-1,Oligo MOG OPALIN,0.7537453898793723
GTAGTACAGCGATGCA-1,Astro GFAP AQP1,0.024839324643880632
GTAGTACAGTGTGTTC-1,Endo CLDN5 SLC7A5,0.4228983845776085
GTAGTACGTAAGTCAA-1,L6 OPRK1 THEMIS RGS6,0.03858907884874484
GTAGTACTCACAGTGT-1,Astro GFAP AQP1,0.7652086660822861
GTAGTACTCTGCAGCG-1,L2-3 CUX2 NTNG1 PALMD,0.45125664026404944
GTAGTACTCTGCGGCA-1,Oligo MOG OPALIN,0.9566515332178857
GTAGTACTCTGCGGGT-1,Endo CLDN5 SLC7A5,0.9391727577981582
GTAGTACTCTGGCCTT-1,PC P2RY14 GRM8,0.9999999896039732
GTATTGGCAGTAGATA-1,OPC PDGFRA PCDH15,0.9999999999998694
GTATTGGGTTTACCAG-1,InN LAMP5 BMP7,0.9956609383014735
GTATTGGTCATTACTC-1,Oligo MOG OPALIN,0.22032884533707214
GTATTGGTCCGTGGCA-1,Astro AQP4 SLC1A2,0.00646925797235216
GTATTTCAGAAGGCTC-1,PC P2RY14 GRM8,0.9975140614970402
GTATTTCAGTTCCATG-1,Endo CLDN5 SLC7A5,0.9889084179250097
GTATTTCCAAGAGTGC-1,Endo CLDN5 SLC7A5,0.5482980176966998
GTATTTCCAGAGACTG-1,Oligo MOG OPALIN,0.8888846565035708
GTATTTCCATAACTCG-1,Oligo MOG OPALIN,0.9141742497414695
GTATTTCCATCCTTCG-1,Endo CLDN5 SLC7A5,0.7652237075531116
GTATTTCCATGACTTG-1,L3-5 RORB MKX DCC,0.9730553454179756
GTATTTCGTCCATAGT-1,Endo CLDN5 SLC7A5,0.7502007282670663
GTATTTCGTGCAACAG-1,Endo CLDN5 SLC7A5,0.5178350441919793
GTATTTCGTTGCCTAA-1,Astro GFAP FABP7,0.01760061660596924
GTATTTCTCCATTTAC-1,Micro P2RY12 CCL3,0.9674429312892571
GTCAAACCACTGATTG-1,L6 FEZF2 SYT6 PTPRT,0.5154215661866764
GTCAAACGTCCAGAAG-1,Oligo MOG OPALIN,0.03543288313220281
GTCAAACTCACTTTGT-1,L3-5 RORB MKX GALR1,0.052195850561654135
GTCAAACTCTTCACGC-1,Endo CLDN5 SLC7A5,0.06775572253958573
GTCAAGTCAAGCGAGT-1,L3-5 RORB MKX GRIN3A,0.047057694588432675
GTCAAGTCAGGGTCTC-1,L2-3 CUX2 NTNG1 COL5A2,0.029641043312869902
GTCAAGTTCGCTGTCT-1,L2-4 CUX2 RORB CLMN,0.17291770073444773
GTCAAGTTCTCGCTTG-1,L3-5 RORB MKX GALR1,0.12648835974005898
GTCACGGGTGCAATAA-1,Oligo MOG OPALIN,0.9829926089423481
GTCACGGGTTTACCAG-1,Astro AQP4 SLC1A2,0.8337506803182128
GTCACGGTCAACTGGT-1,L3-5 RORB MKX GRIN3A,0.1571068343567058
GTCACGGTCACCCATC-1,Endo CLDN5 SLC7A5,0.22910494446766555
GTCACTCCAAGAAATC-1,L2-3 CUX2 ACVR1C THSD7A,0.02013729330329617
GTCACTCGTGTTCGAT-1,Endo CLDN5 SLC7A5,0.37927736530297684
GTCAGCGAGGTGCTTT-1,Endo CLDN5 SLC7A5,0.9033197630056173
GTCAGCGCAAGTGGGT-1,Oligo MOG GSN,0.3144136809962845
GTCAGCGGTAAGTCAA-1,InN SST THSD7B,0.00972920827197707
GTCAGCGGTTACTCAG-1,Endo CLDN5 SLC7A5,0.7416534045738926
GTCATCCAGAAATTCG-1,Endo CLDN5 SLC7A5,0.3528240979602594
GTCATCCAGAAGTCTA-1,Endo CLDN5 SLC7A5,0.9997861259902623
GTCATCCAGCTTAAGA-1,L6 OPRK1 THEMIS RGS6,0.053057407190709435
GTCATCCAGGCCCGTT-1,Endo CLDN5 SLC7A5,0.13673202261723846
GTCATCCAGTATGGCG-1,Endo CLDN5 SLC7A5,0.05924795540775223
GTCATCCAGTGCACAG-1,Oligo MOG OPALIN,0.37995777207436643
GTCATCCCATGACAGG-1,InN SST PLPP4,0.0272543775681305
GTCATCCCATGTTTGG-1,Oligo MOG OPALIN,0.25224142673802263
GTCATCCGTTTGGAGG-1,Astro GFAP AQP1,0.1677349546495678
GTCATCCTCCTAGCCT-1,Endo CLDN5 SLC7A5,0.3262103743272183
GTCATCCTCTCTCGAC-1,Oligo MOG OPALIN,0.3554321267643247
GTCATGACACCCAAGC-1,Oligo MOG OPALIN,0.4845213586281582
GTCATGACAGTTCCAA-1,L3-5 RORB MKX GRIN3A,0.3123879694744675
GTCATGAGTGCGTCGT-1,Astro GFAP AQP1,0.9991295491390979
GTCATGAGTTACCCAA-1,OPC PDGFRA PCDH15,0.9999999999999876
GTCATGATCATTCATC-1,Micro P2RY12 APBB1IP,0.14846103383653125
GTCATTTCAATCTCGA-1,Endo CLDN5 SLC7A5,0.20042968892649746
GTCATTTCAATTCACG-1,L3-5 RORB MKX GRIN3A,0.08112204066711888
GTCATTTCACATATCG-1,Oligo MOG OPALIN,0.9641861822058053
GTCATTTCATCATTGG-1,Endo CLDN5 SLC7A5,0.9310075576713888
GTCATTTGTAGTTCCA-1,L2-3 CUX2 NTNG1 PALMD,0.18195811670239712
GTCCACTAGCTATCTG-1,Endo CLDN5 SLC7A5,0.6050524018798459
GTCCACTAGTGCTCGC-1,Endo CLDN5 SLC7A5,0.7967761955166311
GTCCACTGTACGAGTG-1,Endo CLDN5 SLC7A5,0.965733649142732
GTCCACTTCCACCTGT-1,Endo CLDN5 SLC7A5,0.4558393203346659
GTCCCATAGGCCTGCT-1,InN SST TRPC7,0.03577755301946383
GTCCCATCAGTCGGTC-1,Oligo MOG OPALIN,0.9695952123935242
GTCCCATGTAAGGCTG-1,Endo CLDN5 SLC7A5,0.3616877810766738
GTCCCATTCCAGCACG-1,L3-5 RORB GABRG1 PTPRO,0.08593837757353823
GTCCCATTCCCTCTCC-1,L3-5 RORB MKX GRIN3A,0.8321171084902375
GTCCTCAAGATAGGGA-1,Astro GFAP AQP1,0.27289931724480493
GTCCTCAAGATCCTAC-1,L2-3 CUX2 NTNG1 PALMD,0.29992595554757784
GTCCTCAAGCCAAGGT-1,OPC PDGFRA PCDH15,0.8080993489887586
GTCCTCACAACCGATT-1,InN PVALB SYT2,0.05308281662293855
GTCCTCACACCGCTAG-1,L3-5 RORB MKX DCC,0.029876885295816925
GTCCTCACAGGCATTT-1,L2-3 CUX2 NTNG1 PALMD,0.8341517586555215
GTCCTCACATTGCTGA-1,Endo CLDN5 SLC7A5,0.01665828872447789
GTCCTCAGTGACTCTA-1,Endo CLDN5 SLC7A5,0.89380510101394
GTCCTCATCTCTTAAC-1,L3-5 RORB MKX GRIN3A,0.11413872007120154
GTCGAATAGACGCCAA-1,Endo CLDN5 SLC7A5,0.9747986473600588
GTCGAATCAACATCGT-1,Endo CLDN5 SLC7A5,0.5183873209037831
GTCGAATCACACACTA-1,Endo CLDN5 SLC7A5,0.5564021488187059
GTCGAATCACTACGGC-1,L2-3 CUX2 NTNG1 PALMD,0.43428071328228757
GTCGAATGTGCCTATA-1,Endo CLDN5 IL1R1,0.047869702215897716
GTCGAATGTTCCACAA-1,Endo CLDN5 SLC7A5,0.5370823133926533
GTCGCGAAGCTGAAGC-1,L2-3 CUX2 NTNG1 PALMD,0.07394464299336155
GTCGCGAAGGCCTGAA-1,L3-5 RORB GABRG1 PLCH1,0.1031705360401617
GTCGCGAAGTCGAAGC-1,Endo CLDN5 SLC7A5,0.45011357213607567
GTCGCGAAGTGATCGG-1,L2-3 CUX2 NTNG1 PALMD,0.2731205985708305
GTCGCGACATCGTCCT-1,Endo CLDN5 SLC7A5,0.7542536351440248
GTCGCGATCAGACATC-1,OPC PDGFRA PCDH15,0.02729833813262564
GTCGCGATCATTCATC-1,Endo CLDN5 SLC7A5,0.01760486093008092
GTCGCGATCCAGTTCC-1,Endo CLDN5 SLC7A5,0.12258541148310709
GTCGTAACACTCCGAG-1,Astro AQP4 SLC1A2,0.9816605840294175
GTCGTAACATTGTACG-1,InN VIP FREM2,0.3371729655224905
GTCGTAAGTCGATTTG-1,Endo CLDN5 SLC7A5,0.6998770196239046
GTCGTAAGTTGCATGT-1,L2-4 CUX2 RORB CLMN,0.07751959318719057
GTCGTAATCTGTGTGA-1,Oligo MOG OPALIN,0.027446234934044
GTCGTTCAGCGAGAAA-1,L3-5 RORB MKX GALR1,0.498809623855777
GTCTACCAGTCAGCGA-1,Endo CLDN5 SLC7A5,0.9650739603278828
GTCTACCCAACGATTC-1,Oligo MOG FRY,0.029126687150320917
GTCTACCCATTCACAG-1,Endo CLDN5 SLC7A5,0.3653452269494281
GTCTACCGTAACTGCT-1,L3-5 RORB MKX GRIN3A,0.10073519279693766
GTCTACCGTAATGTGA-1,Micro P2RY12 APBB1IP,0.011582205883624165
GTCTACCGTCGTGGAA-1,Astro GFAP FABP7,0.9845468873842754
GTCTACCTCAAACGAA-1,Oligo MOG OPALIN,0.44110524681236135
GTCTACCTCAAGTAAG-1,Endo CLDN5 SLC7A5,0.6961174645126538
GTCTACCTCTTACACT-1,Oligo MOG OPALIN,0.08335016833578061
GTCTAGACACTTGGGC-1,Endo CLDN5 SLC7A5,0.5462072363249497
GTCTAGAGTATGGTTC-1,Endo CLDN5 SLC7A5,0.05642394229877721
GTCTAGATCAGTGTTG-1,L2-3 CUX2 ACVR1C THSD7A,0.07495316895676059
GTCTAGATCCGTGGTG-1,InN LAMP5 LHX6 PROX1,0.03102620268946168
GTCTCACGTCGAGCAA-1,Endo CLDN5 SLC7A5,0.2666338898470194
GTCTCACGTCTAGGTT-1,Endo CLDN5 SLC7A5,0.96509130550525
GTCTCACGTTAACCTG-1,L2-3 CUX2 NTNG1 PALMD,0.25919807250207477
GTCTCACTCAGGAAAT-1,L2-3 CUX2 NTNG1 PALMD,0.407207661942576
GTCTCACTCATTGTTC-1,Endo CLDN5 SLC7A5,0.40809065935579797
GTCTCACTCCTACAAG-1,Micro P2RY12 CCL3,0.982827530492492
GTCTGTCCACTCCTTG-1,Endo CLDN5 SLC7A5,0.8004505291200861
GTCTGTCGTACTGCGC-1,InN SST THSD7B,0.9976460913593902
GTCTGTCGTAGTCACT-1,InN VIP MEGF11 LHFP,0.5556810783974194
GTCTGTCGTCCAGCAC-1,Endo CLDN5 SLC7A5,0.26735770490252947
GTCTTTAAGACGACGT-1,Endo CLDN5 SLC7A5,0.8083357560485481
GTCTTTACACTATCGA-1,L2-3 CUX2 NTNG1 PALMD,0.05179838087324188
GTCTTTACAGGAGGAG-1,InN VIP HS3ST3B1,0.011014863844064757
GTCTTTAGTAACCAGG-1,InN SST ADAMTSL1,0.07475614600776301
GTCTTTAGTCACTACA-1,L3-5 RORB MKX DCC,0.08204750323838254
GTCTTTAGTTCTCTCG-1,Endo CLDN5 SLC7A5,0.041179833111618984
GTGACGCAGGCTAGCA-1,InN SST ADAMTSL1,0.04538080877173408
GTGACGCAGTCGCCAC-1,Endo CLDN5 SLC7A5,0.6310494952798138
GTGACGCAGTTTCAGC-1,Endo CLDN5 IL1R1,0.05347311430887678
GTGACGCCATTATGCG-1,Endo CLDN5 SLC7A5,0.90280407565295
GTGACGCGTACGTACT-1,Endo CLDN5 SLC7A5,0.85190999886393
GTGACGCGTATCGCTA-1,Endo CLDN5 SLC7A5,0.22554430629670696
GTGACGCTCCGGTAGC-1,Endo CLDN5 SLC7A5,0.6426757172711618
GTGAGCCAGACTCAAA-1,Endo CLDN5 SLC7A5,0.06011028377408072
GTGAGCCCAATACGCT-1,Astro AQP4 SLC1A2,0.9934354796337306
GTGAGCCTCGAGAAAT-1,Endo CLDN5 SLC7A5,0.25972016262175224
GTGAGGACAGCTCCTT-1,Oligo MOG OPALIN,0.09695138349797065
GTGAGGAGTCAGTTTG-1,L3-5 RORB MKX GRIN3A,0.17744916730169588
GTGAGGATCAATCGGT-1,Endo CLDN5 SLC7A5,0.8149794443219883
GTGAGTTCAAGAGTTA-1,Endo CLDN5 SLC7A5,0.6995035243023625
GTGAGTTCATGGGAAC-1,L3-5 RORB MKX GRIN3A,0.01341386865012592
GTGAGTTGTTGGATCT-1,Oligo MOG OPALIN,0.6062389259473164
GTGATGTAGTCTCTGA-1,L3-5 RORB MKX GALR1,0.8950446238594085
GTGATGTAGTGGAAAG-1,L5-6 FEZF2 NXPH2 SORCS3,0.6926421672166331
GTGATGTGTAGACACG-1,Endo CLDN5 DKK2,0.9926892878152638
GTGATGTTCACTCACC-1,Endo CLDN5 SLC7A5,0.9892053286999937
GTGATGTTCATGCGGC-1,Oligo MOG OPALIN,0.08505325142359696
GTGATGTTCTACACAG-1,Endo CLDN5 DKK2,0.7128865742335153
GTGATGTTCTCCAAGA-1,L3-5 RORB MKX GRIN3A,0.663189698268931
GTGCACGCAAATTGGA-1,PC P2RY14 GRM8,0.9999902750088947
GTGCACGCAATTGAAG-1,Endo CLDN5 SLC7A5,0.6155653803152944
GTGCACGCACAAAGCG-1,L3-5 RORB MKX GRIN3A,0.07843633780295932
GTGCACGCAGCCATTA-1,Oligo MOG OPALIN,0.9946048700402317
GTGCACGCATATAGCC-1,Endo CLDN5 SLC7A5,0.29432948541559983
GTGCACGCATGACGGA-1,L2-3 CUX2 NTNG1 PALMD,0.029063433971041063
GTGCACGGTACACGTT-1,Endo CLDN5 SLC7A5,0.8687356642435529
GTGCACGGTTCGTTCC-1,Endo CLDN5 SLC7A5,0.9419215417798341
GTGCACGTCTAGCATG-1,InN SST TRPC7,0.9102624291336642
GTGCAGCCAACAAGAT-1,Endo CLDN5 SLC7A5,0.9761575472155075
GTGCAGCCACAGCTTA-1,Endo CLDN5 SLC7A5,0.24434224587400802
GTGCAGCCACTTGAGT-1,L2-3 CUX2 NTNG1 PALMD,0.05344748612725203
GTGCAGCGTACAAAGT-1,InN VIP EXPH5,0.012391096811609423
GTGCAGCGTGGCTGCT-1,Oligo MOG OPALIN,0.9742503854677828
GTGCAGCTCAACTTTC-1,Endo CLDN5 SLC7A5,0.5523460147099046
GTGCAGCTCCGTGTCT-1,Endo CLDN5 SLC7A5,0.723472320184045
GTGCAGCTCGTACCTC-1,Oligo MOG OPALIN,0.5472123134229284
GTGCAGCTCTGAGAGG-1,Oligo MOG OPALIN,0.9912814893942644
GTGCGTGAGCGCGTTC-1,Oligo MOG OPALIN,0.2886539718866174
GTGCGTGAGGCTCCCA-1,InN PVALB HPSE,0.9873475263546959
GTGCGTGCAAAGGCTG-1,Endo CLDN5 SLC7A5,0.9893148810642247
GTGCGTGGTAGTTCCA-1,Endo CLDN5 SLC7A5,0.6656182934143126
GTGCGTGGTCGTGGTC-1,InN SST STK32A,0.08724820362983664
GTGCGTGGTTGCGAAG-1,InN SST STK32A,0.9288289670228136
GTGCGTGGTTTGATCG-1,L3-5 RORB MKX GRIN3A,0.01910660868706176
GTGCGTGGTTTGTGGT-1,OPC PDGFRA PCDH15,0.999999999999994
GTGCGTGTCAGCTTGA-1,Oligo MOG OPALIN,0.9874932561432678
GTGCGTGTCTTCTGTA-1,Endo CLDN5 SLC7A5,0.1917033613179513
GTGCTGGAGAGCATTA-1,L2-3 CUX2 NTNG1 PALMD,0.8269087607320833
GTGCTGGAGATGCTTC-1,Oligo MOG OPALIN,0.7362835983709648
GTGCTGGAGCCGCTTG-1,L3-5 RORB MKX GRIN3A,0.0405818006807863
GTGCTGGAGTAGACAT-1,Oligo MOG OPALIN,0.7649924819763986
GTGCTGGCAGCGAGTA-1,Endo CLDN5 SLC7A5,0.2258146352025764
GTGCTGGCAGTATACC-1,Endo CLDN5 SLC7A5,0.12746933940437546
GTGCTGGTCTCGACCT-1,L3-5 RORB GABRG1 PTPRO,0.02742729080176627
GTGCTTCTCACATACG-1,Endo CLDN5 SLC7A5,0.9542423253917127
GTGCTTCTCACTCCGT-1,Endo CLDN5 SLC7A5,0.9767895637673254
GTGGAAGCAACATCGT-1,L2-3 CUX2 NTNG1 PLCH1,0.18008047718238512
GTGGAAGGTCAAACGG-1,Astro GFAP AQP1,0.9806450177450731
GTGGAAGTCCTCACCA-1,Endo CLDN5 SLC7A5,0.1761627301258333
GTGGAAGTCGAGAACG-1,Endo CLDN5 SLC7A5,0.4301489216965361
GTGGAGACAACAGCTT-1,L2-3 CUX2 NTNG1 PALMD,0.2080199493086753
GTGGAGACACCAGTTA-1,Endo CLDN5 IL1R1,0.02823264742600469
GTGGAGACACGACTAT-1,L2-3 CUX2 NTNG1 PALMD,0.6086262371915797
GTGGCGTAGATCGCTT-1,Endo CLDN5 SLC7A5,0.0372186347677193
GTGGCGTAGCGTCTGC-1,Macro F13A1 COLEC12,0.9784708431453437
GTGGCGTAGGCATCGA-1,InN SST FREM1,0.5204099800103946
GTGGCGTCACAGCTGC-1,L2-3 CUX2 NTNG1 PALMD,0.014173386782445918
GTGGCGTGTACTAACC-1,Endo CLDN5 SLC7A5,0.5289874629105263
GTGGCGTGTGGCCCAT-1,Endo CLDN5 SLC7A5,0.6923683493171614
GTGGCGTTCGGCCAAC-1,Oligo MOG OPALIN,0.23304333708458097
GTGGCGTTCTCAACCC-1,Endo CLDN5 SLC7A5,0.2869572747758598
GTGGGAACAAACTAAG-1,Endo CLDN5 SLC7A5,0.35452812653340754
GTGGGAAGTTGTTGCA-1,Endo CLDN5 SLC7A5,0.9501314084461425
GTGGGAATCACATTGG-1,Endo CLDN5 SLC7A5,0.37233377277653473
GTGGGAATCCCATTCG-1,Astro GFAP FABP7,0.9998799557428681
GTGGGAATCCGATGCG-1,Micro P2RY12 APBB1IP,0.0318079116106645
GTGGTTAAGAGGTCAC-1,OPC PDGFRA PCDH15,0.9999999999997367
GTGGTTACATAGAATG-1,SMC ACTA2 CNN1,0.9906557763005498
GTGGTTACATCCGATA-1,Endo CLDN5 SLC7A5,0.37806560219584634
GTGGTTAGTCACTAGT-1,Endo CLDN5 SLC7A5,0.3859895957109125
GTGGTTATCTCCGAAA-1,L2-3 CUX2 NTNG1 COL5A2,0.03642518944859514
GTGGTTATCTTGGAAC-1,Endo CLDN5 SLC7A5,0.7785577526038178
GTGTAACAGACAAGCC-1,Endo CLDN5 SLC7A5,0.96088159567573
GTGTAACAGTTTGCTG-1,Endo CLDN5 SLC7A5,0.18858493127503226
GTGTAACCACGGGTAA-1,L2-3 CUX2 NTNG1 COL5A2,0.03289533435364543
GTGTAACGTATCGAGG-1,Micro P2RY12 APBB1IP,0.2832727031918127
GTGTAACGTCGTACTA-1,Endo CLDN5 SLC7A5,0.19434242058609064
GTGTAACTCCTCACCA-1,Endo CLDN5 SLC7A5,0.8900674386302198
GTGTAACTCTGAGAGG-1,InN SST FREM1,0.8814282688229105
GTGTAACTCTGCGGGT-1,Endo CLDN5 SLC7A5,0.09339794240126915
GTGTCCTCAATCGCAT-1,Endo CLDN5 SLC7A5,0.8934305716054605
GTGTCCTCAGTGGTGA-1,Endo CLDN5 SLC7A5,0.44469349820219234
GTGTCCTGTAGTCTGT-1,Endo CLDN5 SLC7A5,0.6743195180329591
GTGTCCTGTCAGACGA-1,Astro GFAP FABP7,0.9982149036219213
GTGTCCTGTGCATTAC-1,L2-3 CUX2 NTNG1 COL5A2,0.6919909028227028
GTGTGATAGACCAAAT-1,L2-3 CUX2 ACVR1C THSD7A,0.892984021456054
GTGTGATGTAAGGCCA-1,Oligo MOG OPALIN,0.9949969789920755
GTGTGATGTTCGGTCG-1,L2-3 CUX2 NTNG1 COL5A2,0.08354606872221622
GTGTGGCAGACACACG-1,Endo CLDN5 SLC7A5,0.3994143627005659
GTGTGGCAGATTGAGT-1,L3-5 RORB MKX GRIN3A,0.0790773040145794
GTGTGGCAGCATCAAA-1,Endo CLDN5 SLC7A5,0.06645464872394165
GTGTGGCAGTTGCTCA-1,L2-3 CUX2 ACVR1C INHBA,0.034815208677863266
GTGTGGCTCCCAAGTA-1,Oligo MOG OPALIN,0.9875598997083858
GTGTTAGCAACAACAA-1,InN SST HS3ST5,0.09113406392257918
GTGTTAGGTGCTCGTG-1,Endo CLDN5 SLC7A5,0.554549103083431
GTGTTAGTCAATCTCT-1,PC P2RY14 GRM8,0.24656121789131502
GTGTTAGTCCGACAGC-1,Endo CLDN5 SLC7A5,0.48815120051016203
GTGTTAGTCCGTATGA-1,Endo CLDN5 SLC7A5,0.9976418914889089
GTGTTAGTCTCTCTAA-1,Endo CLDN5 SLC7A5,0.7999650235407308
GTGTTCCAGCAAATGT-1,Endo CLDN5 SLC7A5,0.4891944025143961
GTGTTCCAGCCTCAGC-1,Endo CLDN5 IL1R1,0.7823607232809743
GTGTTCCAGCTGGAGT-1,L5-6 FEZF2 NXPH2 CDH8,0.010399331588404498
GTGTTCCCAGCGTATT-1,Endo CLDN5 SLC7A5,0.882038625780284
GTGTTCCGTTTCGTGA-1,Endo CLDN5 SLC7A5,0.18628916629477216
GTGTTCCTCAAATGAG-1,L3-5 RORB MKX GRIN3A,0.04026317425227613
GTTACAGAGAAGCGGG-1,Endo CLDN5 SLC7A5,0.023709553376953654
GTTACAGGTATCACGT-1,VLMC COL1A2 SLC13A3,0.9996148064442074
GTTACCCAGGAAGTGA-1,L2-3 CUX2 ACVR1C INHBA,0.01524174364800222
GTTACCCCAAATAAGC-1,PC P2RY14 GRM8,0.9999873052589642
GTTACCCCAACTGAAA-1,SMC ACTA2 CNN1,0.8860651515285223
GTTACCCGTCCCTCAT-1,Endo CLDN5 SLC7A5,0.363902009655299
GTTACCCGTCGAGCTC-1,Endo CLDN5 SLC7A5,0.2731303834032967
GTTACCCGTGGGACAT-1,Astro GFAP FABP7,0.9998309533040117
GTTACCCGTGGTCTCG-1,Endo CLDN5 SLC7A5,0.6649006333228215
GTTACGAAGATGCTGG-1,L2-4 CUX2 RORB CLMN,0.008942964807391152
GTTACGAAGTCACTCA-1,L3-5 RORB GABRG1 PLCH1,0.05127688291090695
GTTACGACAACACAAA-1,Endo CLDN5 SLC7A5,0.371370558959194
GTTAGACAGGGTCACA-1,Micro P2RY12 APBB1IP,0.4757153105610859
GTTAGACAGTGCAGCA-1,Endo CLDN5 SLC7A5,0.775460846395481
GTTAGACGTCGCCTAG-1,Oligo MOG OPALIN,0.972458549079984
GTTAGACTCAGACAAA-1,L2-3 CUX2 NTNG1 PALMD,0.03877119278549257
GTTAGACTCGCTGACG-1,Astro GFAP FABP7,0.22416825392008702
GTTAGACTCTGGGATT-1,Endo CLDN5 SLC7A5,0.6601945905254343
GTTAGTGCACGATTCA-1,L3-5 RORB MKX GRIN3A,0.43557783962171626
GTTAGTGCATCTGTTT-1,Oligo MOG GSN,0.5352161958203909
GTTAGTGGTCCAATCA-1,Oligo MOG OPALIN,0.500334615019009
GTTAGTGGTCGCTTGG-1,Endo CLDN5 SLC7A5,0.4872442898121516
GTTAGTGGTCGGAAAC-1,Oligo MOG OPALIN,0.23994662103194458
GTTAGTGGTTCCAGGC-1,L2-3 CUX2 ACVR1C THSD7A,0.20680609316471046
GTTAGTGTCCTAGCCT-1,L2-3 CUX2 NTNG1 PALMD,0.1385609474282271
GTTAGTGTCCTGGGAC-1,L3-5 RORB GABRG1 PTPRO,0.079298191684979
GTTAGTGTCTGGGCCA-1,Micro P2RY12 APBB1IP,0.00949273612027351
GTTATGGAGCAACCAG-1,Endo CLDN5 SLC7A5,0.02448382887941828
GTTATGGAGGTTGCCC-1,L2-3 CUX2 NTNG1 PALMD,0.6249620878006799
GTTATGGCAAAGCAAT-1,Astro GFAP FABP7,0.9999969674252688
GTTATGGGTGTTGAGG-1,L6 FEZF2 NPFFR2 KCNK2,0.02240184121353019
GTTATGGTCCCATAAG-1,L3-5 RORB MKX GALR1,0.14383884721433776
GTTCATTAGGAGATAG-1,OPC PDGFRA PCDH15,0.9999999999997287
GTTCATTAGTCTGCGC-1,Oligo MOG OPALIN,0.9887107211518814
GTTCATTCAAAGGGCT-1,L2-3 CUX2 NTNG1 PALMD,0.04580638560100898
GTTCCGTAGCCAGACA-1,Endo CLDN5 SLC7A5,0.6547827380404303
GTTCCGTAGTCACGAG-1,Oligo MOG OPALIN,0.9996355548328598
GTTCCGTCAACCACAT-1,Endo CLDN5 SLC7A5,0.3723611376863829
GTTCCGTGTCGTGCCA-1,Endo CLDN5 SLC7A5,0.5006509528130998
GTTCCGTGTTACCTTT-1,Endo CLDN5 SLC7A5,0.20662298967584453
GTTCCGTGTTAGTTCG-1,InN VIP FREM2,0.09820705794977336
GTTCCGTTCTCTTAAC-1,Endo CLDN5 SLC7A5,0.8189271290127825
GTTCGCTCACAAATAG-1,Endo CLDN5 SLC7A5,0.12541166433393586
GTTCGCTCACCTAAAC-1,Micro P2RY12 APBB1IP,0.21494017096682114
GTTCGCTCACGACGCT-1,L2-3 CUX2 NTNG1 PALMD,0.15300806766005604
GTTCGCTCAGTGAGCA-1,Endo CLDN5 SLC7A5,0.7479596101325782
GTTCGCTCATCCTCAC-1,Endo CLDN5 SLC7A5,0.95815587981645
GTTCGCTGTATCGCTA-1,Endo CLDN5 SLC7A5,0.07846104019828785
GTTCGCTGTCCATCTC-1,Micro P2RY12 CCL3,0.9523809865966117
GTTCGCTTCACTGGTA-1,Oligo MOG OPALIN,0.13169847943680912
GTTCGCTTCAGACAAA-1,L6 OPRK1 THEMIS RGS6,0.04749099975536063
GTTCGCTTCCCATAAG-1,L2-3 CUX2 NTNG1 PALMD,0.821837140924308
GTTCGCTTCTAAGCGT-1,Micro P2RY12 APBB1IP,0.024362471058087254
GTTCTATCAAATGAGT-1,L3-5 RORB MKX GRIN3A,0.6534931214568707
GTTCTATCAACCGATT-1,Astro AQP4 SLC1A2,0.014374416443765225
GTTCTATGTCTCAGGC-1,Micro P2RY12 APBB1IP,0.20840430632409915
GTTCTATGTTGGAGAC-1,InN LAMP5 BMP7,0.810168955174417
GTTCTATTCAACTTTC-1,L3-5 RORB MKX DCC,0.7976425619510598
GTTCTATTCATTGGTG-1,Endo CLDN5 SLC7A5,0.31418167254798046
GTTGAACCATCACAGT-1,Endo CLDN5 SLC7A5,0.9866541877102145
GTTGAACCATTCCTCG-1,Endo CLDN5 SLC7A5,0.1783997750612461
GTTGAACTCCCGTGTT-1,Endo CLDN5 SLC7A5,0.20604915265786625
GTTGAACTCGCAATGT-1,Oligo MOG GSN,0.3736258416176316
GTTGCGGAGCGTCAGA-1,Endo CLDN5 SLC7A5,0.2469436508259943
GTTGCGGCAACTTGGT-1,Astro GFAP AQP1,0.09164860616492272
GTTGCGGCAGACAATA-1,InN VIP CLSTN2,0.07849417293645648
GTTGCGGGTGTTTCTT-1,L2-3 CUX2 NTNG1 PALMD,0.8395363290796155
GTTGCGGTCAGAGCGA-1,Astro GFAP FABP7,0.9999402046679828
GTTGCGGTCATGAGAA-1,Oligo MOG OPALIN,0.9987319574689295
GTTGCGGTCCCATTCG-1,Oligo MOG OPALIN,0.4674195029158117
GTTGCTCAGTCCCAAT-1,Oligo MOG OPALIN,0.9932017538977043
GTTGCTCGTAGTGGCA-1,Endo CLDN5 SLC7A5,0.31920588898281516
GTTGCTCGTCCTCAGG-1,InN VIP EGF,0.028006080457200464
GTTGCTCGTTTGGGAG-1,Endo CLDN5 SLC7A5,0.9426552695075981
GTTGCTCTCGAGAATA-1,Endo CLDN5 SLC7A5,0.8949899480843468
GTTGCTCTCTCAGTCC-1,L3-5 RORB MKX GRIN3A,0.842054540944973
GTTGTAGCACTAGGTT-1,Endo CLDN5 SLC7A5,0.08452072466109689
GTTGTAGTCATCGCCT-1,L2-3 CUX2 NTNG1 PALMD,0.7140461881224724
GTTGTCCCACCCTTAC-1,L2-3 CUX2 NTNG1 PALMD,0.78032562473541
GTTGTCCCAGAAGCGT-1,Endo CLDN5 SLC7A5,0.7575089631541718
GTTGTCCCAGAGTGAC-1,L2-3 CUX2 NTNG1 PALMD,0.9521944413345735
GTTGTCCCATACTGTG-1,Endo CLDN5 SLC7A5,0.9091005862516479
GTTGTCCGTTGGAGAC-1,Oligo MOG OPALIN,0.9999879856261104
GTTGTCCTCAGTGTTG-1,Oligo MOG OPALIN,0.21662562298195445
GTTGTCCTCGTCCATC-1,Astro AQP4 SLC1A2,0.6260549548279759
GTTGTCCTCTAGGCAT-1,Endo CLDN5 SLC7A5,0.987898352680233
GTTGTGAAGAGTCACG-1,Oligo MOG OPALIN,0.7688700753955949
GTTGTGAAGCACACCC-1,Endo CLDN5 SLC7A5,0.11238204553346472
GTTGTGAAGCTCGAAG-1,Endo CLDN5 SLC7A5,0.3907396335207934
GTTGTGAAGTGGACTG-1,Endo CLDN5 SLC7A5,0.5256945132267004
GTTGTGAGTCCCTGAG-1,Oligo MOG OPALIN,0.19210128722508932
GTTGTGATCGATCCCT-1,L2-3 CUX2 NTNG1 PALMD,0.019813603209986316
GTTGTGATCTTACGGA-1,L2-3 CUX2 NTNG1 COL5A2,0.039515828136474196
GTTTACTAGCGGATCA-1,Oligo MOG OPALIN,0.38855301973125644
GTTTACTCACCAGCGT-1,Endo CLDN5 SLC7A5,0.9996332878368906
GTTTACTGTAGTTAGA-1,L6 FEZF2 SYT6 PTPRT,0.026983356217866367
GTTTACTGTATGAGCG-1,Oligo MOG OPALIN,0.292641329494963
GTTTACTTCGTAATGC-1,Endo CLDN5 SLC7A5,0.06956681041385122
GTTTACTTCTGGTCAA-1,Endo CLDN5 SLC7A5,0.41424319847943425
GTTTGGACAAAGCTAA-1,PC P2RY14 GRM8,0.9992117210381324
GTTTGGACACCATTCC-1,L2-3 CUX2 NTNG1 PALMD,0.7629295570127081
GTTTGGAGTATCGCTA-1,Micro P2RY12 CCL3,0.9940901501715793
GTTTGGATCAAACCCA-1,L3-5 RORB MKX GRIN3A,0.8913092685346128
GTTTGGATCCAAACCA-1,L2-3 CUX2 ACVR1C INHBA,0.05303144696878873
TAACACGAGCATCTTG-1,Oligo MOG OPALIN,0.9995274439779777
TAACACGAGCCTTCTC-1,PC P2RY14 GRM8,0.9678498688800292
TAACACGAGGTACATA-1,Endo CLDN5 SLC7A5,0.9302058181035832
TAACACGAGGTCACTT-1,Micro P2RY12 APBB1IP,0.0500277297818843
TAACACGAGGTTCAGG-1,L3-5 RORB MKX GRIN3A,0.11379570766378695
TAACACGCAACCGACC-1,Endo CLDN5 SLC7A5,0.12208790917876605
TAACACGGTATCACGT-1,Endo CLDN5 SLC7A5,0.9456521389698301
TAACACGTCCAATCTT-1,Endo CLDN5 SLC7A5,0.9953763316366177
TAACCAGCAAATGATG-1,L2-3 CUX2 ACVR1C THSD7A,0.06546774741008732
TAACCAGTCCGAGTGC-1,Macro F13A1 COLEC12,0.9988342587009857
TAACGACCAAATCGTC-1,L3-5 RORB MKX GRIN3A,0.15220075333568167
TAACGACCACATTCGA-1,Oligo MOG OPALIN,0.9957562642395021
TAACGACCACTGAGTT-1,Astro GFAP AQP1,0.2452173573124591
TAACGACCATAGTCAC-1,Astro GFAP AQP1,0.040633182420434955
TAACGACCATTCAGCA-1,Endo CLDN5 SLC7A5,0.12674843595214264
TAACGACGTGAACCGA-1,Endo CLDN5 SLC7A5,0.7749995613342184
TAACGACTCCGAAATC-1,PC P2RY14 GRM8,0.9439115179950046
TAACTTCAGATACATG-1,InN PVALB ANOS1,0.2920762828883329
TAACTTCAGGACATCG-1,L3-5 RORB MKX GRIN3A,0.2070026918456158
TAACTTCAGTCCCGGT-1,Endo CLDN5 SLC7A5,0.9667489359081523
TAACTTCCAAGTCGTT-1,Endo CLDN5 IL1R1,0.3240221412758228
TAACTTCCACACACTA-1,Endo CLDN5 SLC7A5,0.9969115638141682
TAACTTCGTAGAGCTG-1,Astro GFAP FABP7,0.9999478537965933
TAACTTCGTAGGACCA-1,Endo CLDN5 SLC7A5,0.9039271745152139
TAAGCACCAAGTTCGT-1,Endo CLDN5 SLC7A5,0.9517193187074544
TAAGCACCACCACATA-1,Endo CLDN5 SLC7A5,0.17769553626081624
TAAGCACCAGAACTCT-1,Endo CLDN5 SLC7A5,0.03096152425562912
TAAGCACCATCATCCC-1,Endo CLDN5 SLC7A5,0.3071091929516818
TAAGCCAAGAAACTCA-1,Endo CLDN5 SLC7A5,0.8150600369425651
TAAGCCAAGCTTAAGA-1,Endo CLDN5 SLC7A5,0.7146237494385115
TAAGCCAAGTGCAGCA-1,Endo CLDN5 SLC7A5,0.973575563511823
TAAGCCACAGTGTATC-1,L3-5 RORB MKX GRIN3A,0.1729494819291706
TAAGCCAGTATTGCCA-1,Endo CLDN5 SLC7A5,0.561149108585868
TAAGCCATCAAGAATG-1,Endo CLDN5 SLC7A5,0.5378699780112981
TAAGCCATCGCTCTCA-1,Oligo MOG OPALIN,0.19683259940897244
TAAGCGTAGACACACG-1,Endo CLDN5 SLC7A5,0.9055810445176048
TAAGCGTAGATTAGCA-1,Oligo MOG OPALIN,0.9633683909860191
TAAGCGTCAATACCCA-1,Endo CLDN5 SLC7A5,0.10895344217430508
TAAGCGTGTCCAGCAC-1,L2-3 CUX2 ACVR1C INHBA,0.021584785292096557
TAAGCGTTCATGGATC-1,Endo CLDN5 SLC7A5,0.357957063948062
TAAGCGTTCCGATAGT-1,Endo CLDN5 SLC7A5,0.6123632463474729
TAAGTCGAGAGTATAC-1,L2-3 CUX2 NTNG1 PALMD,0.3286634673117251
TAAGTCGCACCCTGTT-1,Endo CLDN5 SLC7A5,0.9909315635720894
TAAGTCGCAGCGTATT-1,Astro AQP4 SLC1A2,0.046902681992159724
TAAGTCGGTCACCCTT-1,Oligo MOG OPALIN,0.06130779596076507
TAAGTCGGTTCAGCGC-1,Endo CLDN5 SLC7A5,0.03810393174245603
TAAGTCGTCGGATAAA-1,Micro P2RY12 APBB1IP,0.0784553645096828
TAATCTCAGTAGTCCT-1,Astro AQP4 SLC1A2,0.10487014702213998
TAATCTCGTTGGATCT-1,L2-3 CUX2 NTNG1 PALMD,0.01982722983122703
TAATCTCTCCCTATTA-1,Endo CLDN5 SLC7A5,0.13556035595805976
TAATCTCTCGTCACCT-1,L2-3 CUX2 ACVR1C THSD7A,0.015462686875143296
TAATCTCTCTGGGAGA-1,Oligo MOG OPALIN,0.9999840720396473
TAATTCCCAGGTCCCA-1,Endo CLDN5 SLC7A5,0.18866549025432766
TAATTCCCAGGTGTGA-1,Oligo MOG OPALIN,0.4582295018324809
TAATTCCGTATTTCGG-1,Endo CLDN5 SLC7A5,0.8223493660902736
TAATTCCGTTGCGGAA-1,Astro GFAP AQP1,0.04648005754813381
TAATTCCTCCAAGCCG-1,Endo CLDN5 SLC7A5,0.7742042257463783
TAATTCCTCTGCACCT-1,PC P2RY14 GRM8,0.9999584509002912
TACAACGAGTCACTGT-1,Micro P2RY12 APBB1IP,0.37440866138830825
TACAACGTCCACAGCG-1,L2-3 CUX2 NTNG1 PALMD,0.1397670321450347
TACAACGTCGAGAATA-1,T SKAP1 CD247,0.8566405334456684
TACAACGTCTCAACCC-1,Astro GFAP FABP7,0.9992682616662641
TACAACGTCTGCAGCG-1,Endo CLDN5 SLC7A5,0.4233423920576244
TACAACGTCTTTACAC-1,Oligo MOG OPALIN,0.30054706108761636
TACACCCAGGCGTTAG-1,Endo CLDN5 SLC7A5,0.44123580744563007
TACACCCAGGTCATTC-1,Endo CLDN5 SLC7A5,0.09672168174172711
TACACCCAGGTGCGAT-1,Endo CLDN5 SLC7A5,0.4479812971911277
TACACCCCACCCTGAG-1,PC P2RY14 GRM8,0.9997379840221892
TACACCCCAGAGTCTT-1,L2-3 CUX2 NTNG1 PALMD,0.020685258519746754
TACACCCGTCCATCTC-1,Endo CLDN5 SLC7A5,0.7871009304073523
TACACCCTCGTGTGAT-1,L2-3 CUX2 NTNG1 PALMD,0.05406678608932462
TACAGGTAGAAATCCA-1,L2-3 CUX2 NTNG1 PALMD,0.9112117945655414
TACAGGTAGCGTCAAG-1,Endo CLDN5 SLC7A5,0.941649812990506
TACAGGTAGGGTGAAA-1,L2-3 CUX2 NTNG1 PALMD,0.05352511143916346
TACAGGTAGTGACACG-1,Endo CLDN5 SLC7A5,0.08123084906267405
TACAGGTCAGACCAGA-1,L2-3 CUX2 NTNG1 PALMD,0.6068532733755854
TACAGGTCATCCAATG-1,Endo CLDN5 SLC7A5,0.9100130382176441
TACAGGTGTCCCTCAT-1,OPC PDGFRA PCDH15,0.999999999952947
TACAGGTGTGAGAGGG-1,Endo CLDN5 SLC7A5,0.08651386137085501
TACAGGTGTTACCGTA-1,Endo CLDN5 SLC7A5,0.9757989565757279
TACAGGTTCAAGCTTG-1,Astro AQP4 SLC1A2,0.1399147489682137
TACAGGTTCCACCTCA-1,Endo CLDN5 SLC7A5,0.3515279230654793
TACAGGTTCCATAGGT-1,L2-3 CUX2 NTNG1 PALMD,0.3257929520690428
TACATTCAGCATCAAA-1,Endo CLDN5 SLC7A5,0.8696930797749689
TACATTCAGGGTTGCA-1,Endo CLDN5 SLC7A5,0.14754431857634556
TACATTCCAACCAACT-1,Oligo MOG OPALIN,0.2330597002003475
TACATTCGTACAGCGA-1,Oligo MOG OPALIN,0.733934811121584
TACATTCGTAGAGATT-1,InN LAMP5 ADAMTS20,0.16807275243616854
TACATTCGTTCCGCTT-1,Endo CLDN5 SLC7A5,0.8658115595486863
TACATTCTCTAACGGT-1,Micro P2RY12 CCL3,0.9905447902385068
TACCCACAGATGGTCG-1,Endo CLDN5 SLC7A5,0.7859230078181741
TACCCACAGGCAATGC-1,Endo CLDN5 SLC7A5,0.6309822757518246
TACCCACCAAACCATC-1,Endo CLDN5 SLC7A5,0.5226199084845762
TACCCACCAAGCAGGT-1,OPC PDGFRA PCDH15,0.9999999959906769
TACCCACCATCTGGGC-1,Oligo MOG OPALIN,0.8856143797761009
TACCCACCATTGGATC-1,Endo CLDN5 SLC7A5,0.0999623117914715
TACCCACGTAGTACGG-1,L2-3 CUX2 ACVR1C THSD7A,0.018537833575573433
TACCCACGTTAATGAG-1,L2-3 CUX2 NTNG1 PALMD,0.26798342100029493
TACCCGTAGTTTCTTC-1,Astro GFAP AQP1,0.033400058735676474
TACCCGTCAGGTAGTG-1,L2-3 CUX2 NTNG1 COL5A2,0.42830455052800903
TACCCGTCATAACGGG-1,L3-5 RORB MKX DCC,0.773638009563464
TACCGAAAGCAATTAG-1,SMC ACTA2 CYP1B1,0.033320258051867446
TACCGAAAGGAAGAAC-1,Endo CLDN5 DKK2,0.991891136279272
TACCGAACAGTCCGTG-1,Astro GFAP FABP7,0.21621198732088145
TACCGAACATTGAGCT-1,Endo CLDN5 SLC7A5,0.02609888519886199
TACCGAAGTATCGATC-1,InN VIP HS3ST3B1,0.06209625209283638
TACCGAATCCGGCTTT-1,Endo CLDN5 SLC7A5,0.06520817439814676
TACCGAATCCTATTTG-1,L2-4 CUX2 RORB CLMN,0.006509428944333018
TACCGGGAGCACGATG-1,Endo CLDN5 SLC7A5,0.6401217482580878
TACCGGGAGTATAGGT-1,Endo CLDN5 SLC7A5,0.08595071207415995
TACCGGGAGTCTGTAC-1,L3-5 RORB MKX GRIN3A,0.7943509316673203
TACCGGGAGTTTGCTG-1,InN SST HTR2C,0.03173120494878165
TACCGGGCACCTGATA-1,Endo CLDN5 SLC7A5,0.982180378679842
TACCGGGTCGAGCCTG-1,Endo CLDN5 SLC7A5,0.45878718634056903
TACCTCGAGGTCCGAA-1,Endo CLDN5 SLC7A5,0.5548940319833653
TACCTCGCAGGAACCA-1,Astro AQP4 SLC1A2,0.5204207826370314
TACCTCGCAGTTAAAG-1,OPC PDGFRA PCDH15,0.044092716270540885
TACCTCGGTAACAGGC-1,Astro GFAP FABP7,0.9441434842851688
TACCTCGGTTTCGCTC-1,Endo CLDN5 SLC7A5,0.3134325377596219
TACCTCGGTTTGGAGG-1,Endo CLDN5 SLC7A5,0.43007644483407953
TACCTGCCAGTTTCAG-1,Endo CLDN5 SLC7A5,0.2058560263789674
TACCTGCGTAAGATAC-1,L2-3 CUX2 ACVR1C THSD7A,0.994136002047582
TACCTGCGTCTCCCTA-1,Oligo MOG OPALIN,0.9990564742253797
TACCTGCGTTCGCGTG-1,Endo CLDN5 SLC7A5,0.5547513048598902
TACCTGCTCAGACCCG-1,InN PVALB HPSE,0.11556402575535876
TACCTGCTCATGAGGG-1,L2-4 CUX2 RORB CLMN,0.010059142576502656
TACCTGCTCGTTGTAG-1,Endo CLDN5 SLC7A5,0.9742909629100703
TACGCTCAGAATTTGG-1,Endo CLDN5 SLC7A5,0.08592307074032136
TACGCTCAGTAAACTG-1,L2-3 CUX2 NTNG1 PALMD,0.12799879585343465
TACGCTCAGTTCGGTT-1,Micro P2RY12 APBB1IP,0.4269041691730044
TACGCTCCAAATCGTC-1,InN SST THSD7B,0.9985093911822966
TACGCTCGTACTAACC-1,Astro GFAP FABP7,0.99997824851081
TACGCTCGTTGGATCT-1,Endo CLDN5 SLC7A5,0.7703861756235323
TACGCTCTCATTTACC-1,Oligo MOG OPALIN,0.9604379222856458
TACGGGCAGTGACCTT-1,PC P2RY14 GRM8,0.999979219032456
TACGGGCCAATGTGGG-1,Endo CLDN5 SLC7A5,0.685110439269804
TACGGGCCAGCCGTCA-1,InN VIP MEGF11 LHFP,0.08746006566792525
TACGGGCGTATACAGA-1,Micro P2RY12 APBB1IP,0.033502786432254614
TACGGGCGTGTTCGTA-1,Endo CLDN5 SLC7A5,0.9539106391828803
TACGGGCTCTGGGTCG-1,Endo CLDN5 SLC7A5,0.06452348126537641
TACGGTAAGACTGTTC-1,Oligo MOG OPALIN,0.999860543987147
TACGGTAAGAGCCTGA-1,T SKAP1 CD247,0.10434487763496614
TACGGTACAGAGCCCT-1,Endo CLDN5 SLC7A5,0.5215312335924583
TACGGTAGTAGGCAGT-1,L3-5 RORB MKX GRIN3A,0.05505211867803846
TACGGTAGTGATCATC-1,Endo CLDN5 SLC7A5,0.6033874744423274
TACGTCCAGTCGCCAC-1,L2-3 CUX2 NTNG1 PALMD,0.35919260998611724
TACGTCCCATAGAAAC-1,L3-5 RORB PCBP3 ARHGAP15,0.8761539122446118
TACGTCCTCCTATTTG-1,Endo CLDN5 SLC7A5,0.877803513612911
TACTGCCAGTATAGAC-1,Endo CLDN5 SLC7A5,0.5396540410416452
TACTGCCCAACAGCTT-1,Endo CLDN5 SLC7A5,0.9687701748717833
TACTGCCCACTCCGAG-1,Astro AQP4 SLC1A2,0.11301532471118551
TACTGCCGTAGGGTAC-1,L3-5 RORB GABRG1 PTPRO,0.04484660616396773
TACTGCCGTTCCGCGA-1,Endo CLDN5 SLC7A5,0.8014590662168235
TACTGCCGTTGTAGCT-1,PC P2RY14 GRM8,0.9999931430652352
TACTGCCTCAAGCCTA-1,L2-3 CUX2 NTNG1 PALMD,0.33703870914071704
TACTGCCTCTTACTGT-1,Oligo MOG OPALIN,0.7507380461035177
TACTTACAGTTGGAAT-1,Endo CLDN5 SLC7A5,0.33143040373666144
TACTTACGTCGTACTA-1,InN LAMP5 ADAMTS20,0.01491045698023806
TACTTACGTTCGGCTG-1,Micro P2RY12 CCL3,0.9400469349709693
TACTTACTCAAAGAAC-1,Endo CLDN5 SLC7A5,0.9509746010438707
TACTTACTCACTTCTA-1,Endo CLDN5 SLC7A5,0.023284521847061167
TACTTACTCATTCATC-1,Endo CLDN5 SLC7A5,0.9135579880716295
TACTTACTCCTTATGT-1,OPC PDGFRA PCDH15,0.9999999999991809
TACTTACTCGTCCATC-1,Endo CLDN5 SLC7A5,0.5571130755542446
TACTTCAAGACGACGT-1,InN LAMP5 BMP7,0.0477323555389093
TACTTCAAGGATAATC-1,SMC ACTA2 CNN1,0.9998837845044335
TACTTCACAAATAGCA-1,Endo CLDN5 SLC7A5,0.395906298006957
TACTTCAGTCAAGGCA-1,L3-5 RORB MKX DCC,0.9671795014740887
TACTTCAGTGAGTAGC-1,L3-5 RORB MKX GRIN3A,0.021176691218671502
TACTTCATCAAGCCTA-1,Oligo MOG OPALIN,0.8789407078620629
TACTTCATCATTCTTG-1,InN SST TRPC7,0.02953153831952994
TACTTCATCGAGCTGC-1,Endo CLDN5 SLC7A5,0.8533067310371112
TACTTGTAGCACACCC-1,L6 OPRK1 SMYD1 SNTB1,0.08786332156095962
TACTTGTAGGTGTGAC-1,Oligo MOG OPALIN,0.5835482653494547
TACTTGTTCAACCCGG-1,Astro GFAP AQP1,0.0955362033699144
TACTTGTTCACCCTGT-1,Endo CLDN5 SLC7A5,0.1333036830056184
TACTTGTTCCGTGTCT-1,Endo CLDN5 IL1R1,0.060397318179172696
TAGACCAAGACAACAT-1,L2-3 CUX2 NTNG1 PALMD,0.10164751973732698
TAGACCACAACAGTGG-1,L2-3 CUX2 NTNG1 PALMD,0.8987776915222504
TAGACCAGTCTGATCA-1,L2-3 CUX2 NTNG1 PALMD,0.2290538059750266
TAGACCAGTGTCCTAA-1,PC P2RY14 GRM8,0.9641644349126179
TAGACCATCCGTGTAA-1,Astro AQP4 SLC1A2,0.592041900360372
TAGACTGAGATAGTCA-1,Endo CLDN5 SLC7A5,0.09645211949398845
TAGACTGAGCGCATCC-1,Endo CLDN5 SLC7A5,0.9091045001305524
TAGACTGAGGATACGC-1,Oligo MOG OPALIN,0.9999614211456944
TAGACTGAGGTGTGAC-1,L2-3 CUX2 NTNG1 PALMD,0.5576435338495761
TAGACTGCACTGTCCT-1,L6 OPRK1 THEMIS RGS6,0.027996618712141885
TAGACTGGTGCATGAG-1,Micro P2RY12 APBB1IP,0.29787060829120715
TAGACTGGTTGCAAGG-1,L2-3 CUX2 NTNG1 PALMD,0.5375784988785907
TAGACTGTCGTTCCTG-1,OPC PDGFRA PCDH15,0.999999999999998
TAGAGTCAGTGCAACG-1,Oligo MOG OPALIN,0.9467816349286157
TAGAGTCGTGGTTTGT-1,Oligo MOG OPALIN,0.9955892106006008
TAGAGTCTCCGATGTA-1,Oligo MOG OPALIN,0.2860763127774129
TAGAGTCTCCGGCTTT-1,SMC ACTA2 CYP1B1,0.3216689427030678
TAGAGTCTCCGTGGTG-1,Endo CLDN5 SLC7A5,0.036653619278130156
TAGAGTCTCCGTGTGG-1,Endo CLDN5 SLC7A5,0.02218433195823858
TAGAGTCTCGATTCCC-1,Endo CLDN5 SLC7A5,0.05814736961320158
TAGAGTCTCGCTGATA-1,Endo CLDN5 SLC7A5,0.9003635365967603
TAGATCGAGCACAAAT-1,Endo CLDN5 SLC7A5,0.5259834542670538
TAGATCGAGGGTCTTT-1,Endo CLDN5 SLC7A5,0.10763584690544287
TAGATCGAGGTAGCAC-1,Oligo MOG OPALIN,0.0602480588843881
TAGATCGAGTCTACCA-1,L2-3 CUX2 ACVR1C INHBA,0.11425325904173952
TAGATCGCACCAGTTA-1,Oligo MOG GSN,0.0381190016128682
TAGATCGCACGGCTAC-1,Endo CLDN5 SLC7A5,0.529537550774155
TAGATCGTCAGACCCG-1,OPC PDGFRA PCDH15,0.16003301638659348
TAGATCGTCCGTATGA-1,Oligo MOG OPALIN,0.9600450992180886
TAGCACACAAATAGCA-1,Oligo MOG OPALIN,0.11303676150045314
TAGCACACACCACTGG-1,L3-5 RORB MKX GRIN3A,0.1897603347142304
TAGCACACAGCTCATA-1,Endo CLDN5 SLC7A5,0.5856481585415856
TAGCACAGTACACGCC-1,Oligo MOG OPALIN,0.9951150557844421
TAGGAGGCAGAGAATT-1,Oligo MOG OPALIN,0.04886631711060751
TAGGAGGCATGATAGA-1,Endo CLDN5 SLC7A5,0.4612680516954509
TAGGAGGTCTAGTTCT-1,Astro AQP4 SLC1A2,0.9989254536005854
TAGGGTTCACATCATG-1,Endo CLDN5 SLC7A5,0.21986688466297308
TAGGGTTCACGCCAGT-1,Endo CLDN5 SLC7A5,0.9188787797582901
TAGGGTTCACTGGAAG-1,Endo CLDN5 SLC7A5,0.09170804912967775
TAGGTACAGCATACTC-1,Endo CLDN5 SLC7A5,0.9743539902654215
TAGGTACCAATGTCTG-1,Endo CLDN5 SLC7A5,0.2747912243575927
TAGGTACCACGGGTAA-1,SMC ACTA2 CNN1,0.8374800356608496
TAGGTACCATTCCTAT-1,Endo CLDN5 SLC7A5,0.37082329645347584
TAGGTACGTTCATCGA-1,Oligo MOG OPALIN,0.4217940227581719
TAGGTTGAGGTAGATT-1,L2-3 CUX2 NTNG1 PALMD,0.4127475636477653
TAGGTTGAGTCGGGAT-1,Oligo MOG OPALIN,0.8228861884475316
TAGGTTGCAGCGGTTC-1,Endo CLDN5 SLC7A5,0.010561382502124437
TAGGTTGGTTGTTTGG-1,L3-5 RORB MKX GRIN3A,0.1977964227770038
TAGGTTGTCCAGTACA-1,Endo CLDN5 SLC7A5,0.31585069496967005
TAGTGCACACGTAACT-1,InN LAMP5 LHX6 TAC1,0.9586206214360065
TAGTGCACATCGTTCC-1,Endo CLDN5 SLC7A5,0.2989546792005529
TAGTGCAGTGAGTGAC-1,Astro AQP4 SLC1A2,0.2295358863658278
TAGTGCATCCTAAACG-1,InN SST THSD7B,0.9976313273857917
TATACCTAGCAACAGC-1,Endo CLDN5 SLC7A5,0.07174568809642223
TATACCTAGGCACCAA-1,Endo CLDN5 SLC7A5,0.8815164002210013
TATACCTAGGGTACGT-1,Endo CLDN5 SLC7A5,0.047778235393289736
TATACCTCACAGCTGC-1,Endo CLDN5 SLC7A5,0.9643850631535114
TATACCTCAGGGAGAG-1,L3-5 RORB GABRG1 PLCH1,0.032650365314622905
TATACCTCATGGAATA-1,Micro P2RY12 GLDN,0.17616646250020143
TATACCTGTACATACC-1,L3-5 RORB MKX GRIN3A,0.2088982092358383
TATACCTGTGTGAGCA-1,Endo CLDN5 SLC7A5,0.23872444671800572
TATACCTGTGTGTTTG-1,Oligo MOG OPALIN,0.18471717964307388
TATACCTTCCCATTCG-1,InN SST TRPC7,0.38009860750034347
TATATCCAGCGTACAG-1,L3-5 RORB MKX GRIN3A,0.09503100000163724
TATATCCAGCTGTTCA-1,Endo CLDN5 IL1R1,0.10359334090486275
TATATCCAGGTTGTTC-1,Endo CLDN5 SLC7A5,0.21020710619555105
TATATCCAGTCATCGT-1,Endo CLDN5 SLC7A5,0.22052638601539232
TATATCCCACTCCCTA-1,Oligo MOG OPALIN,0.15000189176679324
TATATCCCACTCCTGT-1,PC P2RY14 GRM8,0.9703927307209083
TATATCCGTCACGCTG-1,Endo CLDN5 SLC7A5,0.9901352136879312
TATATCCGTGTCTTGA-1,Endo CLDN5 SLC7A5,0.024818009914137455
TATATCCGTTTGGCTA-1,Endo CLDN5 SLC7A5,0.4350188891964552
TATATCCTCGGCTCTT-1,L3-5 RORB GABRG1 PLCH1,0.04115457735233156
TATATCCTCGGTCTAA-1,Astro AQP4 SLC1A2,0.4769944603907444
TATATCCTCTGAACGT-1,L5-6 FEZF2 NXPH2 GPC5,0.08777650224724363
TATCAGGCAAGAGAGA-1,Astro GFAP FABP7,0.9892448087723188
TATCAGGGTTCTATCT-1,Oligo MOG OPALIN,0.9999871409358535
TATCAGGTCGGTAACT-1,Oligo MOG OPALIN,0.02510438482557927
TATCAGGTCTGGTGGC-1,Astro GFAP AQP1,0.6670187333477566
TATCAGGTCTTGAGCA-1,PC P2RY14 GRM8,0.9972068052437927
TATCCTAAGTATGACA-1,L2-3 CUX2 NTNG1 PLCH1,0.0353555142691753
TATCCTATCTAGACAC-1,OPC PDGFRA PCDH15,0.9999999999999174
TATCGCCAGCAAACAT-1,Endo CLDN5 SLC7A5,0.7731902704437497
TATCGCCCATGATCTG-1,InN ADARB2 COL5A2,0.0639824918257144
TATCGCCGTGAGTAAT-1,InN PVALB SYT2,0.2132243228481282
TATCGCCGTGTCATTG-1,Endo CLDN5 SLC7A5,0.931876597799446
TATCGCCGTTTACTTC-1,Oligo MOG OPALIN,0.5343990010672478
TATCGCCTCGAGAAAT-1,Endo CLDN5 SLC7A5,0.5672035840624676
TATCTGTAGGTCCTGC-1,Endo CLDN5 SLC7A5,0.8205852906438995
TATCTGTAGTATAACG-1,Endo CLDN5 SLC7A5,0.9805120454927264
TATCTGTAGTGGTTAA-1,Endo CLDN5 SLC7A5,0.987046374208995
TATCTGTCAACCGACC-1,Endo CLDN5 SLC7A5,0.7602017842489336
TATCTGTGTTGCTCAA-1,PC P2RY14 GRM8,0.7344369697287098
TATCTTGCAAATAAGC-1,Endo CLDN5 SLC7A5,0.993388401841932
TATCTTGGTTCGTAAC-1,L2-3 CUX2 NTNG1 PALMD,0.6930061024267918
TATCTTGTCGAATGCT-1,Endo CLDN5 SLC7A5,0.9937757242141053
TATGTTCAGTAACCTC-1,VLMC COL1A2 SLC13A3,0.9996492222168087
TATGTTCAGTGCAACG-1,Endo CLDN5 SLC7A5,0.28911561548749043
TATGTTCAGTGCACAG-1,Oligo MOG OPALIN,0.3155092450781341
TATGTTCCAAGGGCAT-1,L2-3 CUX2 ACVR1C INHBA,0.05428743163026034
TATGTTCCACAGTGTT-1,OPC PDGFRA PCDH15,0.9999999999866898
TATGTTCCAGACCGCT-1,Endo CLDN5 SLC7A5,0.9871943785631825
TATGTTCTCAGTCCGG-1,Endo CLDN5 SLC7A5,0.04769493640910778
TATGTTCTCCATCACC-1,Endo CLDN5 SLC7A5,0.08531624910730148
TATTCCAAGACTGTTC-1,Micro P2RY12 APBB1IP,0.029889258055931643
TATTCCAAGGCTAAAT-1,Endo CLDN5 SLC7A5,0.9208358292454852
TATTCCAGTCCGGTCA-1,L2-3 CUX2 ACVR1C INHBA,0.5503108792092752
TATTCCAGTCTGTGAT-1,L2-3 CUX2 NTNG1 PALMD,0.039832544231217286
TATTCCATCCGACGGT-1,L2-3 CUX2 NTNG1 PALMD,0.4550306613778986
TATTGCTAGCTGTACT-1,PC P2RY14 GRM8,0.9862873328644379
TATTGCTGTGTGACCC-1,L5-6 FEZF2 NXPH2 CDH8,0.17762100865443084
TATTGCTTCCATCTAT-1,L3-5 RORB MKX GRIN3A,0.1288995674640935
TATTGCTTCCTCTCGA-1,Endo CLDN5 SLC7A5,0.9495312500306983
TATTGGGCACCAAAGG-1,L3-5 RORB MKX GRIN3A,0.06590064448481596
TATTGGGCACCCTTGT-1,L3-5 RORB GABRG1 PLCH1,0.022606301523813578
TATTGGGCAGCGTGCT-1,L2-3 CUX2 NTNG1 PALMD,0.03674187592295288
TATTGGGCATTCACCC-1,Endo CLDN5 SLC7A5,0.9469276985997718
TATTGGGCATTGCCGG-1,L3-5 RORB GABRG1 PTPRO,0.031501483395854776
TATTGGGGTCAGTTTG-1,L2-3 CUX2 NTNG1 PALMD,0.04991654075612124
TATTGGGGTCTCGGAC-1,Endo CLDN5 SLC7A5,0.9968732401813335
TATTTCGAGGCGACAT-1,Oligo MOG OPALIN,0.865897038291879
TATTTCGAGTAGCTCT-1,InN PVALB HPSE,0.39219930976881917
TATTTCGCAACTACGT-1,Endo CLDN5 SLC7A5,0.5067099683533096
TATTTCGCAAGACCGA-1,Endo CLDN5 SLC7A5,0.14489039457632666
TATTTCGCAGGGACTA-1,L3-5 RORB GABRG1 PTPRO,0.19768514211038776
TATTTCGGTTGAGGAC-1,Endo CLDN5 SLC7A5,0.4172685766676447
TATTTCGTCCTCGCAT-1,Endo CLDN5 SLC7A5,0.9512781761212781
TATTTCGTCGTAGTGT-1,Endo CLDN5 SLC7A5,0.14603838836430477
TCAAGACAGTCAGGGT-1,L2-3 CUX2 NTNG1 PLCH1,0.3025429505115384
TCAAGACAGTTCCAGT-1,Endo CLDN5 SLC7A5,0.21214132648377637
TCAAGACCAGCGATTT-1,Endo CLDN5 SLC7A5,0.8394649620591567
TCAAGACGTCCTGGGT-1,L2-3 CUX2 NTNG1 PLCH1,0.12416215759658582
TCAAGACGTCGCATCG-1,Astro GFAP AQP1,0.1657355372915484
TCAAGCAAGCCGGAAT-1,Oligo MOG OPALIN,0.9999939807565417
TCAAGCAAGGTCTGGA-1,Endo CLDN5 SLC7A5,0.9343083591153509
TCAAGCAAGTATGGCG-1,Astro AQP4 SLC1A2,0.9309982522195652
TCAAGCAGTCAAAGCG-1,Astro AQP4 SLC1A2,0.4461271286059016
TCAAGCAGTGAGTAGC-1,L3-5 RORB GABRG1 PLCH1,0.1789151829559035
TCAAGCATCCTGCCAT-1,InN VIP ADAM12,0.012983045660163641
TCAATCTAGCGCCATC-1,Endo CLDN5 SLC7A5,0.12076932787044518
TCAATCTAGCGGTATG-1,Astro GFAP AQP1,0.9964965987783534
TCAATCTAGTCAGCCC-1,InN LAMP5 ADAMTS20,0.008837926238248627
TCAATCTCACACCTTC-1,Endo CLDN5 SLC7A5,0.021626584232264656
TCAATCTGTCACTTCC-1,Endo CLDN5 SLC7A5,0.6598011686238795
TCAATCTGTGTCCCTT-1,L3-5 RORB MKX GALR1,0.020698489343691086
TCAATTCAGATGCGAC-1,Endo CLDN5 SLC7A5,0.7321906749521072
TCAATTCAGGTAGCCA-1,Endo CLDN5 SLC7A5,0.05949125071883635
TCAATTCAGTCTTGGT-1,Endo CLDN5 SLC7A5,0.6472152259900505
TCAATTCCAACACGAG-1,InN SST HS3ST5,0.6491371464542753
TCAATTCCAGCAGAAC-1,Endo CLDN5 SLC7A5,0.8246830453997772
TCAATTCGTGCTGCAC-1,InN PVALB SYT2,0.0032277191325650757
TCAATTCGTTGGTAGG-1,Endo CLDN5 SLC7A5,0.6804620481315818
TCAATTCTCTTCGTAT-1,SMC ACTA2 CYP1B1,0.48627110308098503
TCACAAGAGCCTTCTC-1,Oligo MOG OPALIN,0.6345577981509154
TCACAAGAGTTGTAGA-1,InN SST TRPC7,0.9079496533156265
TCACAAGCAGAGATTA-1,Endo CLDN5 SLC7A5,0.02654975962518646
TCACAAGCAGCTGAAG-1,Endo CLDN5 IL1R1,0.0114037063553345
TCACAAGGTCACAGAG-1,Oligo MOG OPALIN,0.8701422896892281
TCACAAGTCCGAGTGC-1,Astro AQP4 SLC1A2,0.06434946795776914
TCACACCAGTTGTAAG-1,Endo CLDN5 SLC7A5,0.9925002744792284
TCACACCCACAGCATT-1,Endo CLDN5 SLC7A5,0.894365177287925
TCACACCGTATGACAA-1,L2-3 CUX2 NTNG1 PALMD,0.032319387683365404
TCACACCTCACCCTCA-1,Endo CLDN5 SLC7A5,0.5287862543397908
TCACACCTCTCATTTG-1,L3-5 RORB MKX GRIN3A,0.2418910262114598
TCACACCTCTCTCGCA-1,L3-5 RORB MKX GRIN3A,0.04060554612207255
TCACATTAGTCCCTAA-1,Endo CLDN5 SLC7A5,0.4403207056321308
TCACATTCAAGTGTCT-1,InN LAMP5 BMP7,0.9864734461150434
TCACATTCATGGATCT-1,InN VIP EGF,0.6423387274942003
TCACATTGTAGAGGAA-1,Endo CLDN5 SLC7A5,0.5849172809903725
TCACATTGTGACCTGC-1,L2-4 CUX2 RORB CLMN,0.03778271309867086
TCACGCTCAAGCTACT-1,Oligo MOG OPALIN,0.0605457431903435
TCACGCTCAGCAGATG-1,Endo CLDN5 SLC7A5,0.8421951918820242
TCACGCTGTACTAGCT-1,Astro GFAP AQP1,0.7545165911265905
TCACGCTGTTCTCACC-1,L2-3 CUX2 NTNG1 PALMD,0.008823491216755554
TCACGCTTCGAATCCA-1,L3-5 RORB MKX GRIN3A,0.019214871432309846
TCACGGGAGACCATAA-1,Oligo MOG OPALIN,0.08597177918851387
TCACGGGAGCAGTAAT-1,L2-3 CUX2 NTNG1 PALMD,0.8540618371737011
TCACGGGCAAATCAGA-1,Endo CLDN5 SLC7A5,0.8293224540195238
TCACGGGCAACCGATT-1,Micro P2RY12 APBB1IP,0.04564219259019287
TCACGGGGTTCGTACA-1,Endo CLDN5 SLC7A5,0.9173103166582594
TCACTATAGAGAATCT-1,Endo CLDN5 SLC7A5,0.3464383769874166
TCACTATAGCAGGCTA-1,Endo CLDN5 SLC7A5,0.8177401406816287
TCACTATCAAGCGCTC-1,Macro F13A1 COLEC12,0.3665347970575687
TCACTATCACATAGCT-1,L3-5 RORB GABRG1 PTPRO,0.1674852455574957
TCACTATGTGCATGTT-1,L2-3 CUX2 NTNG1 PALMD,0.14756682711687272
TCACTATTCCCAGTGG-1,Endo CLDN5 SLC7A5,0.9633618883524483
TCACTATTCTGACAGT-1,Endo CLDN5 SLC7A5,0.42773511359431005
TCACTCGCATCGATAC-1,L2-3 CUX2 NTNG1 PALMD,0.47413318405427013
TCACTCGCATTGACAC-1,OPC PDGFRA PCDH15,0.034624007015156125
TCACTCGGTATACGGG-1,L2-3 CUX2 NTNG1 PALMD,0.6401206229097154
TCACTCGGTTGTGTAC-1,Endo CLDN5 IL1R1,0.020825130514483974
TCACTCGTCTCCCATG-1,Endo CLDN5 SLC7A5,0.34561226960162356
TCAGCAAAGAACTCCT-1,InN PVALB HPSE,0.12345562778823957
TCAGCAAAGTGCTAGG-1,Endo CLDN5 SLC7A5,0.2969579073529072
TCAGCAACAAAGGGCT-1,L2-3 CUX2 NTNG1 PALMD,0.17257278404828075
TCAGCCTAGCCATGCC-1,L3-5 RORB GABRG1 PTPRO,0.09968446461809503
TCAGCCTAGCTACTGT-1,InN PVALB HPSE,0.16778583659771357
TCAGCCTAGGTCTACT-1,Endo CLDN5 SLC7A5,0.09502074072656892
TCAGCCTAGTGGACGT-1,Endo CLDN5 SLC7A5,0.8520409251682808
TCAGCCTAGTGTCATC-1,Endo CLDN5 SLC7A5,0.9986901771364004
TCAGCCTCAAATTAGG-1,InN SST ADAMTSL1,0.20787528012995446
TCAGCCTGTGTGTTTG-1,Endo CLDN5 SLC7A5,0.5863884665539073
TCAGCCTGTTCCAAAC-1,Endo CLDN5 SLC7A5,0.6900121385985647
TCAGGGCCAATGCAAA-1,L2-3 CUX2 NTNG1 PLCH1,0.10435221336760431
TCAGGGCGTAGGTACG-1,Endo CLDN5 SLC7A5,0.14783280111112473
TCAGGGCGTATTGCCA-1,Endo CLDN5 SLC7A5,0.30502512458917047
TCAGGGCGTCAACGCC-1,PC P2RY14 GRM8,0.9999811621583733
TCAGGGCTCAGATTGC-1,Endo CLDN5 SLC7A5,0.9963858607812127
TCAGGGCTCTCTCTAA-1,Endo CLDN5 SLC7A5,0.9069090647182741
TCAGGTAAGATACAGT-1,SMC ACTA2 CNN1,0.9999819838520705
TCAGGTATCCGTGTAA-1,Astro GFAP FABP7,0.3510701517656092
TCAGTCCCAGCTGAAG-1,Endo CLDN5 SLC7A5,0.14411195528664614
TCAGTCCCATAGGAGC-1,Endo CLDN5 SLC7A5,0.9407751138838041
TCAGTCCGTCATTGCA-1,L2-3 CUX2 NTNG1 PALMD,0.43750258490677685
TCAGTCCGTTGCTGAT-1,InN VIP ADAM12,0.2478488422596432
TCAGTCCGTTGTTTGG-1,Endo CLDN5 SLC7A5,0.646079936507905
TCAGTCCTCATGCCGG-1,L2-3 CUX2 NTNG1 PALMD,0.13196575632308197
TCAGTGACAACGTTAC-1,Endo CLDN5 SLC7A5,0.5277154580155949
TCAGTGAGTACTCCCT-1,Oligo MOG OPALIN,0.9416206972203226
TCAGTGAGTTGCTTGA-1,L3-5 RORB MKX DCC,0.9749952776264238
TCAGTGATCCCTAGGG-1,Endo CLDN5 SLC7A5,0.07790705935269938
TCAGTTTAGATTACCC-1,Oligo MOG OPALIN,0.9999581120940375
TCAGTTTAGGACAACC-1,Endo CLDN5 SLC7A5,0.6297539934088535
TCAGTTTAGGACTATA-1,Endo CLDN5 SLC7A5,0.03790595785323968
TCAGTTTGTACTTCCC-1,Endo CLDN5 SLC7A5,0.4858300929200581
TCAGTTTGTAGATTAG-1,Micro P2RY12 CCL3,0.9883725441731678
TCAGTTTTCCTTTGAT-1,Endo CLDN5 SLC7A5,0.9717913729423793
TCATACTAGTGCTACT-1,Oligo MOG OPALIN,0.5281717221164031
TCATACTCACGTAACT-1,Endo CLDN5 SLC7A5,0.17683614432399652
TCATACTCATTAGGAA-1,L2-3 CUX2 ACVR1C THSD7A,0.028521455416138156
TCATACTGTGATACCT-1,Endo CLDN5 SLC7A5,0.4029828972034101
TCATACTGTTCTTGTT-1,L3-5 RORB GABRG1 PTPRO,0.10424872035533388
TCATACTTCCGGACGT-1,L3-5 RORB MKX DCC,0.10933221333550555
TCATATCAGCCTGTGC-1,Endo CLDN5 SLC7A5,0.5033704687104923
TCATATCAGGACACTG-1,L2-3 CUX2 NTNG1 PALMD,0.05899100148090414
TCATATCCACTGGAAG-1,Endo CLDN5 SLC7A5,0.5126924713677016
TCATATCCAGACCAAG-1,Endo CLDN5 SLC7A5,0.0067839653559981835
TCATATCCAGCGAACA-1,L2-3 CUX2 NTNG1 PALMD,0.01875781177421184
TCATATCCATAATCCG-1,Endo CLDN5 SLC7A5,0.6424185720021661
TCATATCGTGAATGAT-1,Endo CLDN5 SLC7A5,0.833978291557438
TCATATCGTGTACAGG-1,Oligo MOG OPALIN,0.15044555749516078
TCATATCTCGAGCCTG-1,Endo CLDN5 IL1R1,0.0265166344984719
TCATCATAGGGAGGTG-1,Endo CLDN5 SLC7A5,0.7376227873236191
TCATCATGTAGATTGA-1,PC P2RY14 GRM8,0.9997593656737327
TCATCATTCCGAACGC-1,L3-5 RORB MKX GRIN3A,0.31435153933754545
TCATCATTCCGTATAG-1,L3-5 RORB GABRG1 PLCH1,0.07138785068819596
TCATCCGAGGAGGGTG-1,Endo CLDN5 SLC7A5,0.17393185201648811
TCATCCGAGGCGACAT-1,L3-5 RORB GABRG1 PTPRO,0.43182286018390376
TCATCCGAGTAACGAT-1,Oligo MOG OPALIN,0.19057064625548786
TCATCCGAGTGGTTGG-1,Oligo MOG OPALIN,0.9713340941916689
TCATCCGCATTAGGAA-1,Oligo MOG OPALIN,0.2558484221459657
TCATCCGGTCCAACGC-1,Endo CLDN5 SLC7A5,0.044677135266686874
TCATCCGTCACGAGGA-1,Endo CLDN5 SLC7A5,0.42240619029102194
TCATCCGTCAGCGCGT-1,L2-3 CUX2 NTNG1 COL5A2,0.1486990571829995
TCATCCGTCATTACCT-1,L3-5 RORB MKX GRIN3A,0.6867738197849642
TCATCCGTCCACGAAT-1,Endo CLDN5 SLC7A5,0.8021535371654887
TCATCCGTCCCATACC-1,Endo CLDN5 SLC7A5,0.21004028034783578
TCATCCGTCCTGCTAC-1,Oligo MOG OPALIN,0.9997000860345543
TCATGAGAGCTGCGAA-1,OPC PDGFRA PCDH15,0.9999999999999492
TCATGAGCAGTCGGTC-1,InN SST ADAMTSL1,0.016417755006624426
TCATGAGGTCTAGGCC-1,Oligo MOG OPALIN,0.999983570853331
TCATGAGGTTAAACCC-1,SMC ACTA2 CNN1,0.8181721587068906
TCATGAGTCACCCTGT-1,Endo CLDN5 SLC7A5,0.904360008729037
TCATGAGTCCGGACTG-1,Endo CLDN5 IL1R1,0.05140160783113836
TCATGAGTCTGGAGAG-1,Endo CLDN5 SLC7A5,0.4087929334419942
TCATGCCAGTTGGACG-1,L2-3 CUX2 NTNG1 PLCH1,0.043565139133498874
TCATGCCCATCACGGC-1,Endo CLDN5 SLC7A5,0.16344656697787963
TCATGCCGTATCGAAA-1,L3-5 RORB MKX GRIN3A,0.6513943559003145
TCATGCCGTCCCACGA-1,Endo CLDN5 SLC7A5,0.26333445358884017
TCATGCCGTCTGTAGT-1,T SKAP1 CD247,0.999991196907511
TCATGCCTCCGGACGT-1,L2-3 CUX2 NTNG1 PALMD,0.1253464652446745
TCATGGACAGGGTCTC-1,Oligo MOG OPALIN,0.9995208506930431
TCATGTTAGAGGGTCT-1,InN SST HTR2C,0.43344989667842815
TCATGTTCAACAAAGT-1,Endo CLDN5 SLC7A5,0.3383107342017355
TCATGTTCAATGACCT-1,Astro GFAP FABP7,0.9999869957366837
TCATGTTCATCTTCGC-1,Endo CLDN5 SLC7A5,0.8986396839212651
TCATGTTGTCAAGCCC-1,Micro P2RY12 APBB1IP,0.393259387647382
TCATGTTTCCACAGGC-1,Endo CLDN5 SLC7A5,0.0715615200990669
TCATTACAGGCCTGCT-1,L3-5 RORB MKX GRIN3A,0.31118487797735056
TCATTACCAACGTATC-1,Endo CLDN5 SLC7A5,0.23096316294300184
TCATTACCAATCACGT-1,Endo CLDN5 SLC7A5,0.874911203259312
TCATTACCAGCTTCGG-1,L2-3 CUX2 NTNG1 PALMD,0.3592812865131553
TCATTACGTACCGTGC-1,Endo CLDN5 SLC7A5,0.7998754249124269
TCATTACGTATGTCAC-1,Oligo MOG OPALIN,0.7633337000403185
TCATTACGTTCGAACT-1,Oligo MOG OPALIN,0.9990419805536762
TCATTACGTTGTTGCA-1,L2-3 CUX2 NTNG1 PLCH1,0.49714095460198865
TCATTACTCCTACCAC-1,Endo CLDN5 SLC7A5,0.44908874239474056
TCATTACTCCTCACTG-1,L2-3 CUX2 NTNG1 PALMD,0.8032007899453182
TCATTACTCCTTATCA-1,L2-3 CUX2 NTNG1 COL5A2,0.01821173860152039
TCATTCATCCATTTAC-1,Endo CLDN5 SLC7A5,0.8070545717407621
TCATTCATCCCGAGGT-1,Endo CLDN5 SLC7A5,0.1574157163212597
TCATTGTAGGTGCTGA-1,Endo CLDN5 SLC7A5,0.6255771239641942
TCATTGTCAATCGTCA-1,Oligo MOG OPALIN,0.18971399818962786
TCATTGTCAGCAGTGA-1,OPC PDGFRA PCDH15,0.9983378842454532
TCATTGTCATGGCTGC-1,Oligo MOG OPALIN,0.7671361542969295
TCATTGTGTACCTGTA-1,Micro P2RY12 CCL3,0.006419357113756079
TCATTGTGTACGATGG-1,Astro AQP4 SLC1A2,0.8463494210101999
TCATTGTTCAGACCTA-1,Endo CLDN5 SLC7A5,0.19604411779164574
TCATTGTTCCAATCCC-1,L3-5 RORB PCBP3 IL1RAPL2,0.015102843036186668
TCATTGTTCCGAAATC-1,Endo CLDN5 SLC7A5,0.8234186295666227
TCATTGTTCTCAAAGC-1,Endo CLDN5 SLC7A5,0.05166272684622268
TCATTGTTCTCCCATG-1,Endo CLDN5 SLC7A5,0.5982820792045561
TCATTGTTCTTCGACC-1,Endo CLDN5 SLC7A5,0.9456942210187387
TCATTTGCACGCAAAG-1,Micro P2RY12 APBB1IP,0.06741355303591626
TCATTTGGTTTACCAG-1,Endo CLDN5 SLC7A5,0.2105292190239822
TCATTTGTCATGCCAA-1,PC P2RY14 GRM8,0.9999984918446782
TCATTTGTCCCTCTTT-1,L2-3 CUX2 NTNG1 PALMD,0.39612563064941675
TCCACCAAGAGGGTCT-1,Oligo MOG OPALIN,0.5757833115931036
TCCACCACACTAGGCC-1,Oligo MOG OPALIN,0.09745745527429697
TCCACCACAGCGGATA-1,Endo CLDN5 SLC7A5,0.07961874711861758
TCCACCACAGTTACCA-1,Oligo MOG OPALIN,0.9999684552998754
TCCACCAGTAACCCTA-1,Endo CLDN5 SLC7A5,0.2927861325380141
TCCACGTAGCGCCCAT-1,Endo CLDN5 SLC7A5,0.08867499442441187
TCCACGTAGGAGAGTA-1,Endo CLDN5 SLC7A5,0.743610391337477
TCCACGTCAATGTCAC-1,Endo CLDN5 SLC7A5,0.22250825127044715
TCCACGTCACACACGC-1,PC P2RY14 GRM8,0.9999926936191755
TCCACGTGTCAAAGTA-1,Endo CLDN5 SLC7A5,0.2385206905295127
TCCACGTGTCCACGCA-1,InN PVALB ANOS1,0.02428757579135156
TCCACGTGTGAATATG-1,Astro GFAP AQP1,0.5143269283307838
TCCACGTTCCCGAGGT-1,L3-5 RORB MKX GRIN3A,0.3605407001023782
TCCAGAAAGCCTCAAT-1,Endo CLDN5 SLC7A5,0.6698005400716024
TCCAGAACAGTCTCTC-1,L3-5 RORB MKX GRIN3A,0.7900082193528963
TCCAGAAGTGGGAGAG-1,InN SST TRPC7,0.01108218510634915
TCCAGAATCAGTGCGC-1,Endo CLDN5 SLC7A5,0.06388752230545254
TCCAGAATCCACTGAA-1,Endo CLDN5 SLC7A5,0.712737187568101
TCCATCGAGCATACTC-1,L2-3 CUX2 NTNG1 PALMD,0.10531329187472982
TCCATCGCAACGTAAA-1,Oligo MOG OPALIN,0.9993242500097828
TCCATCGGTCACGTGC-1,L3-5 RORB MKX GALR1,0.164458450706188
TCCATCGGTTTACGAC-1,OPC PDGFRA PCDH15,0.016745504521934743
TCCATCGTCTAAGAAG-1,L3-5 RORB PCBP3 IL1RAPL2,0.8473124241070871
TCCATGCAGGCACAAC-1,InN SST FREM1,0.1452090220609487
TCCATGCAGTATAGGT-1,L3-5 RORB MKX GRIN3A,0.19398176491089497
TCCATGCCAAAGGCGT-1,Oligo MOG OPALIN,0.9548250259344682
TCCATGCCAACGACAG-1,Oligo MOG OPALIN,0.4512747613248952
TCCATGCGTTACGGAG-1,Endo CLDN5 SLC7A5,0.7725828951978142
TCCATGCGTTTAGTCG-1,Endo CLDN5 SLC7A5,0.2853332047351616
TCCATGCTCCATTGCC-1,L2-3 CUX2 NTNG1 PALMD,0.14863729985711915
TCCATGCTCGACGAGA-1,Endo CLDN5 SLC7A5,0.14519977754990518
TCCCACAAGTCAATCC-1,Endo CLDN5 IL1R1,0.10211181433088011
TCCCACACACAGAGAC-1,Endo CLDN5 SLC7A5,0.30490443443518267
TCCCACACACCTTCGT-1,Endo CLDN5 SLC7A5,0.5577386626552124
TCCCACACATACTGTG-1,Endo CLDN5 SLC7A5,0.4409734117598936
TCCCACACATGACTTG-1,Oligo MOG OPALIN,0.10444406430524882
TCCCACAGTGCAACGA-1,Endo CLDN5 SLC7A5,0.963024917698269
TCCCACATCCATCCGT-1,L3-5 RORB MKX GRIN3A,0.1508106396622283
TCCCACATCGGCTTCT-1,L2-3 CUX2 NTNG1 PALMD,0.01425848198173328
TCCCAGTCAACGAGGT-1,Endo CLDN5 SLC7A5,0.17298800755462276
TCCCAGTCAACGCCCA-1,L2-3 CUX2 NTNG1 PALMD,0.13637561182135866
TCCCAGTGTACTGGGA-1,Endo CLDN5 SLC7A5,0.12754606823239442
TCCCAGTGTTCTCCTG-1,Myeloid LSP1 LYZ,0.9999991193402133
TCCCAGTTCCTACACC-1,Endo CLDN5 SLC7A5,0.8629503400591586
TCCCAGTTCGGAATGG-1,Endo CLDN5 SLC7A5,0.7570288706383131
TCCCAGTTCTAGGCAT-1,Endo CLDN5 SLC7A5,0.7565003767091242
TCCCATGAGTATAACG-1,Endo CLDN5 SLC7A5,0.5180742830828163
TCCCATGGTCACTCAA-1,L2-3 CUX2 ACVR1C THSD7A,0.024209358386040204
TCCCATGTCAAGCGTT-1,L2-3 CUX2 NTNG1 PALMD,0.3560922731596609
TCCGAAAAGGAGGGTG-1,Endo CLDN5 SLC7A5,0.03429984680067511
TCCGAAAAGGGTGGGA-1,Micro P2RY12 APBB1IP,0.673747932930363
TCCGAAAAGTAAGGGA-1,Endo CLDN5 SLC7A5,0.22875750695816563
TCCGAAACACTATCCC-1,L3-5 RORB MKX GRIN3A,0.007523972736630938
TCCGAAACAGATTCGT-1,L2-3 CUX2 NTNG1 PALMD,0.7805957198615356
TCCGAAACAGGATGAC-1,InN VIP CLSTN2,0.9087336590126722
TCCGATCCAACTCGTA-1,L2-3 CUX2 NTNG1 PALMD,0.16421465995030182
TCCGATCCATCTCCCA-1,Endo CLDN5 SLC7A5,0.8387282249246787
TCCGATCTCACCGGTG-1,Endo CLDN5 SLC7A5,0.2978684864056582
TCCGATCTCTGCTCTG-1,Astro GFAP FABP7,0.9945467888901183
TCCGATCTCTTCCGTG-1,Micro P2RY12 APBB1IP,0.04349714352625575
TCCGGGAAGCCTCACG-1,Oligo MOG OPALIN,0.9412607516601192
TCCGGGAAGCTGAAAT-1,Oligo MOG OPALIN,0.9226506260986457
TCCGGGAAGGTCTTTG-1,L2-3 CUX2 NTNG1 PALMD,0.668478143763841
TCCGGGAAGGTTCACT-1,L6 FEZF2 NPFFR2 KCNK2,0.00909511683455301
TCCGGGAGTATACCTG-1,Oligo MOG OPALIN,0.15511622945011988
TCCGTGTGTGAGATTA-1,InN LAMP5 BMP7,0.9974407467525266
TCCGTGTGTTACCCTC-1,Endo CLDN5 SLC7A5,0.1528034969419763
TCCGTGTGTTCTCCAC-1,Astro AQP4 SLC1A2,0.49151159114060095
TCCGTGTTCCGTAGGC-1,Endo CLDN5 SLC7A5,0.14613553403107102
TCCGTGTTCGACGCTG-1,Endo CLDN5 SLC7A5,0.10053125973912719
TCCTAATAGAAGTCCG-1,Oligo MOG OPALIN,0.5766045380417361
TCCTAATGTTCGGGTC-1,Endo CLDN5 SLC7A5,0.02855573270335416
TCCTCCCAGTATGATG-1,Oligo MOG OPALIN,0.9992559574144948
TCCTCCCCATGCCGAC-1,L3-5 RORB PCBP3 ARHGAP15,0.02539650564206552
TCCTCCCGTTAAGTCC-1,Endo CLDN5 SLC7A5,0.307698549122143
TCCTCGAAGATAGTGT-1,Oligo MOG OPALIN,0.7777831109133473
TCCTCGACAGTTCTAG-1,L2-3 CUX2 NTNG1 PALMD,0.7082199817852206
TCCTCGAGTAGGGTAC-1,Endo CLDN5 SLC7A5,0.42483916856190435
TCCTCGAGTGAGATAT-1,Endo CLDN5 SLC7A5,0.9333042577742073
TCCTCGATCGAAGCCC-1,Astro AQP4 SLC1A2,0.9983883354477
TCCTCTTGTGAGACCA-1,L2-3 CUX2 NTNG1 PALMD,0.0755316715653522
TCCTCTTGTTCTCACC-1,Endo CLDN5 SLC7A5,0.20356741956633106
TCCTCTTGTTTCCATT-1,InN SST FREM1,0.9998590914666735
TCCTCTTTCTCCGTGT-1,Oligo MOG OPALIN,0.8434949359275147
TCCTGCAAGCAGCCCT-1,L6 FEZF2 SYT6 PTPRT,0.03534276556602924
TCCTGCAAGCATCGAG-1,L3-5 RORB MKX GRIN3A,0.179756023121796
TCCTGCACAATAGAGT-1,L2-3 CUX2 NTNG1 COL5A2,0.21136202163721501
TCCTGCACAGGTGACA-1,OPC PDGFRA PCDH15,0.016145879906999065
TCCTGCAGTATGGAAT-1,InN SST FREM1,0.02207354079638617
TCCTGCATCAATCTTC-1,Endo CLDN5 SLC7A5,0.6293815900750223
TCCTGCATCAGTGTGT-1,L3-5 RORB MKX GRIN3A,0.0528104486188152
TCCTGCATCATCCTAT-1,Endo CLDN5 SLC7A5,0.05778133139687228
TCCTGCATCGACGCTG-1,L6 FEZF2 NPFFR2 TPD52L1,0.1291978083893009
TCCTTCTAGTGGACGT-1,Micro P2RY12 APBB1IP,0.01091524760821485
TCCTTCTCACCAACAT-1,Astro AQP4 SLC1A2,0.01812569152513402
TCCTTCTCACTTCATT-1,Oligo MOG OPALIN,0.9997184696547732
TCCTTCTCATTAAAGG-1,Endo CLDN5 SLC7A5,0.9171651789329454
TCCTTCTGTAGTGTGG-1,L3-5 RORB MKX GRIN3A,0.16556891489531358
TCCTTCTGTCGAGATG-1,VLMC COL1A2 VLMCA8,0.9981694593176872
TCCTTCTTCTGCGGCA-1,Endo CLDN5 SLC7A5,0.1104713264141897
TCCTTCTTCTTCTGGC-1,L2-3 CUX2 NTNG1 PALMD,0.07543113686395622
TCCTTTCAGAACCCGA-1,Endo CLDN5 SLC7A5,0.9892093481068274
TCCTTTCAGCAGAAAG-1,L2-3 CUX2 NTNG1 PALMD,0.19525134094785213
TCCTTTCAGCGTTGTT-1,L2-3 CUX2 NTNG1 COL5A2,0.060833503355224854
TCCTTTCCACGATAGG-1,Endo CLDN5 SLC7A5,0.2219017596497945
TCCTTTCCAGAATGTA-1,Endo CLDN5 SLC7A5,0.9639283532620734
TCCTTTCTCCCGATCT-1,Oligo MOG GSN,0.025283144073538186
TCGAACAAGAGTGACC-1,L6 FEZF2 SYT6 SULF1,0.03199249628427196
TCGAACAAGGTTCCAT-1,L2-4 CUX2 RORB CLMN,0.025737980916461827
TCGAACACAGGCTTGC-1,Endo CLDN5 SLC7A5,0.09145424993410006
TCGAACACAGTCGCAC-1,Endo CLDN5 SLC7A5,0.3244930849892042
TCGAACAGTTCAAGTC-1,InN LAMP5 RELN,0.7966428952742841
TCGAACAGTTGCATTG-1,Endo CLDN5 SLC7A5,0.24675022656968187
TCGAACAGTTGCCTAA-1,L3-5 RORB MKX GALR1,0.061628046482325505
TCGAACATCATGCTAG-1,Oligo MOG OPALIN,0.7591066637072742
TCGAAGTCAAGAGTTA-1,Endo CLDN5 IL1R1,0.48917391217745926
TCGAAGTGTGCTCTTC-1,OPC PDGFRA PCDH15,0.9999999999979343
TCGAAGTGTTCCTACC-1,L2-3 CUX2 NTNG1 PALMD,0.2103406564659481
TCGAAGTTCATAGCAC-1,InN SST STK32A,0.9862945695930353
TCGAAGTTCTTCGACC-1,L2-3 CUX2 NTNG1 PALMD,0.09056655889724818
TCGACCTAGAGGGTGG-1,Endo CLDN5 SLC7A5,0.5173691875896809
TCGACCTAGATACGAT-1,Astro AQP4 SLC1A2,0.03579526438933849
TCGACCTAGCTCAGAG-1,Oligo MOG OPALIN,0.060411368090415175
TCGACCTCAGCAGATG-1,InN ADARB2 SFRP2,0.7942199092795803
TCGACCTGTTTGGAGG-1,L2-3 CUX2 NTNG1 PALMD,0.19958127229388858
TCGACCTTCGTGGGAA-1,L2-3 CUX2 NTNG1 PALMD,0.03757973878846686
TCGACCTTCTTCACAT-1,Endo CLDN5 SLC7A5,0.9665159150638108
TCGACGGAGCACAAAT-1,PC P2RY14 GRM8,0.9997562614080721
TCGACGGCACTTGAAC-1,L6 OPRK1 SMYD1 SNTB1,0.015422399311227955
TCGACGGGTCCAGGTC-1,L2-3 CUX2 NTNG1 PALMD,0.6507014948839575
TCGACGGGTGTACAGG-1,Endo CLDN5 SLC7A5,0.47703716898388515
TCGACGGTCCATGATG-1,Endo CLDN5 SLC7A5,0.30155663767320295
TCGATTTCAAGAGCTG-1,Endo CLDN5 SLC7A5,0.2812787090779125
TCGATTTCATACTTTC-1,L2-3 CUX2 NTNG1 PLCH1,0.008479122503417013
TCGATTTTCGACCATA-1,Oligo MOG OPALIN,0.4967090721064833
TCGATTTTCGAGGCAA-1,Astro GFAP FABP7,0.999998298674814
TCGCACTAGGCTAGCA-1,L2-4 CUX2 RORB CLMN,0.010664812725165054
TCGCACTCATCTTAGG-1,Micro P2RY12 APBB1IP,0.009241877345196254
TCGCACTGTAACATAG-1,L3-5 RORB MKX DCC,0.1689448965152547
TCGCACTGTTCCGCGA-1,L6 OPRK1 THEMIS RGS6,0.6491759636017391
TCGCACTTCCAACTGA-1,Oligo MOG OPALIN,0.9982282120325148
TCGCACTTCCTCCACA-1,InN LHX6 HGF STON2,0.058949004304023
TCGCACTTCGGACGTC-1,Endo CLDN5 SLC7A5,0.9781867929721224
TCGCACTTCTGTTGGA-1,L2-3 CUX2 NTNG1 COL5A2,0.02961123814642708
TCGCAGGAGAGGATGA-1,Endo CLDN5 SLC7A5,0.23655694037587002
TCGCAGGAGTAGCCAG-1,PC P2RY14 GRM8,0.9999782983504989
TCGCAGGCAAGAATGT-1,L2-3 CUX2 NTNG1 PALMD,0.1340472385221135
TCGCTCAAGAGGTTTA-1,PC P2RY14 GRM8,0.03344135957966543
TCGCTCAAGGTTCTAC-1,Endo CLDN5 SLC7A5,0.21751456033589742
TCGCTCACAGGCAATG-1,Endo CLDN5 SLC7A5,0.026157237111694313
TCGCTCAGTTATCCAG-1,Endo CLDN5 SLC7A5,0.019612164465961323
TCGCTCATCCGTCAAA-1,Oligo MOG OPALIN,0.9909709130007511
TCGCTTGCAATCAGCT-1,Oligo MOG OPALIN,0.4993226598213128
TCGCTTGCACGTTGGC-1,Micro P2RY12 CCL3,0.9934495231428623
TCGCTTGTCTCCCATG-1,Endo CLDN5 SLC7A5,0.9658114351030928
TCGGATAAGTATTCCG-1,L6 OPRK1 THEMIS RGS6,0.9933438033169447
TCGGATACACCAGGTC-1,L2-3 CUX2 NTNG1 PALMD,0.29346919207183764
TCGGATACACTCCTTG-1,Oligo MOG OPALIN,0.7201426663364626
TCGGATAGTCTAGGTT-1,Endo CLDN5 SLC7A5,0.579763240847472
TCGGATAGTTCAGTAC-1,InN PVALB ANOS1,0.017364847090253686
TCGGGACAGCTCATAC-1,Micro P2RY12 GLDN,0.3086075838122946
TCGGGACCATAGTCAC-1,Endo CLDN5 SLC7A5,0.754636234432937
TCGGGACTCGAGAAAT-1,InN ADARB2 COL5A2,0.022013557127507542
TCGGGCAGTACTTGTG-1,Oligo MOG OPALIN,0.9995753488824181
TCGGGCAGTCTGGTTA-1,InN SST TRPC7,0.033977731070513655
TCGGGCATCTTGTGCC-1,Endo CLDN5 SLC7A5,0.850586786002977
TCGGGTGAGCATCCTA-1,Endo CLDN5 SLC7A5,0.6577007800555035
TCGGGTGAGTCGGCCT-1,Endo CLDN5 SLC7A5,0.18923230889213513
TCGGGTGCACTGGACC-1,PC P2RY14 GRM8,0.99600209244152
TCGGGTGCATCTCATT-1,L2-3 CUX2 ACVR1C INHBA,0.03341172892144328
TCGGTCTGTGAAAGTT-1,InN SST ADAMTSL1,0.020951682968429593
TCGGTCTTCACTTCTA-1,Endo CLDN5 SLC7A5,0.9926204547641212
TCGGTCTTCTTCCCAG-1,Oligo MOG GSN,0.009794416422489915
TCGTAGAAGCCATTTG-1,Endo CLDN5 SLC7A5,0.986443004338566
TCGTAGAAGGATTTAG-1,Oligo MOG OPALIN,0.9725963955135793
TCGTAGAAGTAAAGCT-1,Endo CLDN5 SLC7A5,0.41401605536823727
TCGTAGACAAGCACAG-1,L3-5 RORB MKX GRIN3A,0.08750581201794147
TCGTAGACACCTGAAT-1,L3-5 RORB MKX DCC,0.053740833746276355
TCGTAGAGTCAGGTGA-1,L5 FEZF2 BCL11B POU3F1,0.7167760270229092
TCGTCCAAGTCCCAAT-1,Oligo MOG OPALIN,0.02812213070982081
TCGTCCACAACGCATT-1,Endo CLDN5 SLC7A5,0.9934030085492651
TCGTCCAGTCTCCTGT-1,Oligo MOG OPALIN,0.9999455964985066
TCGTCCATCCGGGACT-1,Oligo MOG OPALIN,0.9505078391432956
TCGTCCATCTATACGG-1,InN SST HTR2C,0.03089718497590114
TCGTCCATCTATTCGT-1,Oligo MOG OPALIN,0.9310546115317464
TCGTGCTAGAACTTCC-1,Endo CLDN5 SLC7A5,0.9803702213287938
TCGTGCTAGAGTGAAG-1,Micro P2RY12 CCL3,0.7144432395459797
TCGTGCTCACAACGCC-1,L6 OPRK1 THEMIS RGS6,0.060536702971906914
TCGTGCTTCCCATTTA-1,Oligo MOG OPALIN,0.8499697685613886
TCGTGGGAGTAAACAC-1,L2-3 CUX2 NTNG1 PALMD,0.47784071564103575
TCGTGGGCAAACTCGT-1,Micro P2RY12 CCL3,0.919978158007123
TCGTGGGCACATCCCT-1,Endo CLDN5 SLC7A5,0.9559659630861767
TCGTGGGCAGGATCTT-1,L2-3 CUX2 NTNG1 PALMD,0.5536008063796201
TCGTGGGTCGAGAATA-1,Astro GFAP AQP1,0.7899501938879097
TCTAACTAGCAACTTC-1,PC P2RY14 GRM8,0.9999039584512479
TCTAACTAGCCGCACT-1,Oligo MOG OPALIN,0.9881063267406234
TCTAACTAGTAGTCCT-1,L3-5 RORB GABRG1 PTPRO,0.013349060778841597
TCTAACTGTAGACACG-1,Endo CLDN5 SLC7A5,0.3897846177678025
TCTAACTGTCGGTACC-1,L2-3 CUX2 NTNG1 PLCH1,0.24590488603195645
TCTAACTGTTCTTAGG-1,Endo CLDN5 SLC7A5,0.21982810934191646
TCTAACTTCCCGAACG-1,L3-5 RORB MKX GRIN3A,0.165704107934386
TCTAACTTCTCCCTAG-1,Endo CLDN5 SLC7A5,0.0777023236807897
TCTACATAGAGAGAAC-1,Endo CLDN5 SLC7A5,0.45171355253842727
TCTACATAGGTCCTGC-1,L3-5 RORB MKX DCC,0.06189762085042934
TCTACATAGTATGAAC-1,L6 FEZF2 NPFFR2 TPD52L1,0.02655639681890643
TCTACATCAGATCATC-1,L2-3 CUX2 NTNG1 PALMD,0.06804342176072627
TCTACATCATCAGCGC-1,Endo CLDN5 SLC7A5,0.7705661291247126
TCTACATGTCTGTTAG-1,InN VIP ADAM12,0.9903835482270769
TCTACATTCAACTACG-1,Oligo MOG OPALIN,0.9900246149863954
TCTACATTCTTCCCAG-1,L2-3 CUX2 NTNG1 PALMD,0.03478980355808922
TCTACCGAGTGCACCC-1,Astro AQP4 SLC1A2,0.6584819264380048
TCTACCGCATTGGATC-1,InN PVALB HPSE,0.006581423144048126
TCTACCGGTGTGTGGA-1,Endo CLDN5 SLC7A5,0.987530569542633
TCTATACAGCAAACAT-1,Endo CLDN5 SLC7A5,0.21323207731467703
TCTATACAGTCGCGAA-1,L3-5 RORB GABRG1 PTPRO,0.12347526929774846
TCTATACCAAGAGAGA-1,VLMC COL1A2 SLC13A3,0.9275698889067062
TCTATACGTTCTTCAT-1,L2-3 CUX2 NTNG1 COL5A2,0.03314560620882498
TCTATACTCATTTCGT-1,L6 FEZF2 SYT6 PTPRT,0.04023106109725235
TCTATACTCTGCTTAT-1,Endo CLDN5 SLC7A5,0.03803810721391715
TCTATCACACCATATG-1,Oligo MOG GSN,0.01829267654990968
TCTATCACACGACAAG-1,L2-3 CUX2 NTNG1 PALMD,0.14797694582603194
TCTATCACACGCTGTG-1,Endo CLDN5 SLC7A5,0.9758200494286197
TCTATCAGTATGGGAC-1,Endo CLDN5 SLC7A5,0.05556927371587228
TCTATCAGTGCCAAGA-1,L3-5 RORB MKX GRIN3A,0.030908427586594633
TCTATCATCTCCTGAC-1,Oligo MOG OPALIN,0.9990218939724086
TCTCACGCAACAAGTA-1,Astro AQP4 SLC1A2,0.7512155245974618
TCTCACGCAGATGCGA-1,Endo CLDN5 SLC7A5,0.26226502132543006
TCTCACGGTGCACGCT-1,OPC PDGFRA PCDH15,0.9771697124404397
TCTCAGCAGAACGTGC-1,InN PVALB PDE3A,0.9717288036957844
TCTCAGCAGGGTAATT-1,OPC PDGFRA PCDH15,0.9999980978766762
TCTCAGCCAAACGTGG-1,Oligo MOG OPALIN,0.5889271144445007
TCTCCGACAAGGTACG-1,Oligo MOG OPALIN,0.987169580502829
TCTCCGATCTACTGCC-1,Endo CLDN5 SLC7A5,0.4588686392050632
TCTCTGGAGACAACTA-1,L6 OPRK1 SMYD1 SNTB1,0.022111907298481406
TCTCTGGAGTACAGCG-1,L3-5 RORB GABRG1 KCNH7,0.03119829492807437
TCTCTGGAGTTACGAA-1,Endo CLDN5 SLC7A5,0.1581075749196419
TCTCTGGCACCGTCTT-1,SMC ACTA2 CRISPLD2,0.04635370245955896
TCTCTGGCATCACGGC-1,Endo CLDN5 SLC7A5,0.08409072811275024
TCTCTGGGTGGACAGT-1,InN SST ADAMTSL1,0.015151930143607141
TCTCTGGTCCCTCTTT-1,Oligo MOG OPALIN,0.25370651358829543
TCTGCCACACGGTGAA-1,Endo CLDN5 SLC7A5,0.6101039946475713
TCTGCCACATAATCGC-1,Oligo MOG OPALIN,0.8725808714527762
TCTGCCACATCGATCA-1,L2-3 CUX2 NTNG1 PALMD,0.09762747198245275
TCTGCCATCTTCTAAC-1,L2-3 CUX2 NTNG1 COL5A2,0.03918177064428859
TCTGGCTAGGGAGTTC-1,Endo CLDN5 SLC7A5,0.04833653985115764
TCTGGCTCACCGGCTA-1,L2-3 CUX2 NTNG1 PALMD,0.15709367937620383
TCTGGCTGTCCAGGTC-1,Oligo MOG OPALIN,0.9793166350277173
TCTGGCTTCACGACTA-1,Endo CLDN5 SLC7A5,0.9951211481775305
TCTGTCGCAGAAATTG-1,L2-3 CUX2 NTNG1 PALMD,0.03521068661836442
TCTGTCGGTAATGCGG-1,Endo CLDN5 SLC7A5,0.11422868068043775
TCTGTCGTCTAGTCAG-1,Oligo MOG OPALIN,0.8996002556929117
TCTTAGTAGGCAGCTA-1,Endo CLDN5 SLC7A5,0.9172409119947059
TCTTAGTAGTGGCCTC-1,Oligo MOG OPALIN,0.7422824988637771
TCTTAGTCAATGCAGG-1,Endo CLDN5 SLC7A5,0.850992477218549
TCTTAGTCACTCCGGA-1,Endo CLDN5 SLC7A5,0.280797620471057
TCTTAGTGTAATTGGA-1,Endo CLDN5 SLC7A5,0.9769905142016584
TCTTAGTGTCCTTGTC-1,L2-3 CUX2 ACVR1C THSD7A,0.05156750672911692
TCTTAGTGTGTTAAAG-1,Endo CLDN5 SLC7A5,0.21075363317652654
TCTTAGTTCACATTGG-1,L3-5 RORB MKX GRIN3A,0.01740652119188039
TCTTAGTTCATCGGGC-1,Endo CLDN5 SLC7A5,0.009828531232996785
TCTTCCTAGCGACTGA-1,L2-3 CUX2 NTNG1 PALMD,0.8125005427427473
TCTTCCTAGGTCTGGA-1,Endo CLDN5 SLC7A5,0.977673353293383
TCTTCCTCACACCTGG-1,L3-5 RORB GABRG1 PLCH1,0.05563570485444636
TCTTCCTCATAGAAAC-1,Endo CLDN5 SLC7A5,0.9560127729217451
TCTTCCTGTGACTATC-1,L3-5 RORB MKX GRIN3A,0.5953371925074917
TCTTCCTTCAGCCCAG-1,L2-3 CUX2 ACVR1C THSD7A,0.006762091967338051
TCTTCCTTCCTATTTG-1,Endo CLDN5 SLC7A5,0.7141682872957907
TCTTGCGCAATTTCTC-1,Oligo MOG OPALIN,0.07649662609794977
TCTTGCGCAGGGAGAG-1,Astro AQP4 SLC1A2,0.9994118229736638
TCTTGCGGTGAGTAAT-1,L2-3 CUX2 ACVR1C INHBA,0.037358709025079824
TCTTGCGGTTGCCTAA-1,Astro AQP4 SLC1A2,0.9618770312744243
TCTTGCGGTTGCGGAA-1,Endo CLDN5 SLC7A5,0.9905030248185815
TCTTGCGTCATCCTAT-1,L2-3 CUX2 NTNG1 PALMD,0.7429736448149069
TCTTGCGTCGTCTAAG-1,Oligo MOG OPALIN,0.9695452043106356
TCTTGCGTCGTTTACT-1,Astro AQP4 SLC1A2,0.971084495020875
TCTTGCGTCTGCGTCT-1,L3-5 RORB MKX GRIN3A,0.029157057371783205
TCTTTGAAGGAATTAC-1,Astro AQP4 SLC1A2,0.32429828716422715
TCTTTGACACAAATGA-1,Endo CLDN5 SLC7A5,0.18684182575636538
TCTTTGACAGTTAAAG-1,L2-3 CUX2 NTNG1 PALMD,0.5886046058831444
TCTTTGAGTAGCGTAG-1,Endo CLDN5 SLC7A5,0.9971573918259642
TCTTTGAGTGAGATAT-1,Astro AQP4 SLC1A2,0.32073563357763957
TCTTTGATCTCCAATT-1,Astro GFAP AQP1,0.9587009200246691
TGAACGTAGGAGAATG-1,Oligo MOG OPALIN,0.9302120839985057
TGAACGTGTCCACGCA-1,L2-3 CUX2 NTNG1 PALMD,0.4020439987079731
TGAACGTGTGGAAATT-1,Oligo MOG OPALIN,0.4994916977743059
TGAACGTGTTCGGCCA-1,PC P2RY14 GRM8,0.9999994651453573
TGAACGTTCGTAACAC-1,L2-3 CUX2 NTNG1 PALMD,0.03269270711971786
TGAATCGAGGTTGCCC-1,Endo CLDN5 SLC7A5,0.9912752861994378
TGAATCGCAATACCTG-1,Endo CLDN5 SLC7A5,0.6681348020138885
TGAATCGGTATCGATC-1,Astro GFAP AQP1,0.0684971911178795
TGAATCGTCTCCCATG-1,Endo CLDN5 SLC7A5,0.9642939470952453
TGAATCGTCTTTGCGC-1,Endo CLDN5 SLC7A5,0.8068562655553748
TGAATGCAGTGATGGC-1,Endo CLDN5 SLC7A5,0.052615038192814295
TGAATGCTCGTAGTGT-1,Endo CLDN5 SLC7A5,0.10029738426175532
TGAATGCTCGTCCTTG-1,VLMC COL1A2 SLC13A3,0.9897132711749391
TGACAGTAGATGAACT-1,L3-5 RORB MKX GRIN3A,0.028290945003409174
TGACAGTAGGCATGCA-1,Endo CLDN5 SLC7A5,0.3404735312631797
TGACAGTCAGCATTGT-1,Endo CLDN5 SLC7A5,0.7239223508730193
TGACAGTGTATCGCTA-1,L3-5 RORB MKX GRIN3A,0.061284371720864456
TGACAGTTCACAAGGG-1,InN VIP HS3ST3B1,0.018350465985137093
TGACAGTTCCGATCTC-1,Endo CLDN5 SLC7A5,0.014168551179928176
TGACCCTAGACCTCCG-1,L3-5 RORB MKX GRIN3A,0.13824765983981743
TGACCCTAGATGCGAC-1,Endo CLDN5 SLC7A5,0.9860710838792245
TGACCCTCAAGCACAG-1,L2-3 CUX2 NTNG1 COL5A2,0.0578642057338679
TGACCCTCACCTGCTT-1,L2-3 CUX2 NTNG1 PALMD,0.7200291555170104
TGACCCTCAGTCCGTG-1,Endo CLDN5 SLC7A5,0.41917408357519514
TGACCCTGTGGCGCTT-1,Astro GFAP FABP7,0.9999994590145178
TGACCCTTCGTTCATT-1,L2-3 CUX2 ACVR1C THSD7A,0.10563624751400144
TGACGCGAGAGCAGAA-1,Endo CLDN5 SLC7A5,0.08266060975472428
TGACGCGAGTGATAGT-1,Endo CLDN5 SLC7A5,0.9635128025318035
TGACGCGCACTACTTT-1,L3-5 RORB MKX GRIN3A,0.5471991186510319
TGACGCGCAGTTGTCA-1,Oligo MOG OPALIN,0.30212379768658326
TGACGCGCATAACTCG-1,Oligo MOG OPALIN,0.92229583089512
TGACGCGGTGCCGAAA-1,Endo CLDN5 SLC7A5,0.8169373229778225
TGACTCCCATCTAGAC-1,Endo CLDN5 SLC7A5,0.1761828213308736
TGACTCCTCAGACATC-1,Astro AQP4 SLC1A2,0.19688344055724163
TGACTCCTCCCGAGTG-1,L2-3 CUX2 NTNG1 PALMD,0.034664159499200556
TGACTCCTCCTGCTAC-1,Endo CLDN5 SLC7A5,0.7848622876141995
TGAGACTAGTAAGACT-1,L2-3 CUX2 NTNG1 PALMD,0.7914592997128664
TGAGACTCAACTTGCA-1,Endo CLDN5 SLC7A5,0.18358104820856788
TGAGACTCATACGCAT-1,Endo CLDN5 SLC7A5,0.607080570713662
TGAGACTTCGAGAACG-1,Endo CLDN5 SLC7A5,0.1713846272574564
TGAGACTTCTGGCCGA-1,PC P2RY14 GRM8,0.9946253707865613
TGAGACTTCTTTCGAT-1,Endo CLDN5 SLC7A5,0.7583444241044868
TGAGCATCAGGGCTTC-1,InN SST HTR2C,0.6569992713345177
TGAGCATGTACGAAAT-1,Astro GFAP AQP1,0.9998785993416832
TGAGCATGTGCTGATT-1,Oligo MOG OPALIN,0.8245731334002914
TGAGCGCCACGACCTG-1,Astro AQP4 SLC1A2,0.07972808933107767
TGAGCGCGTAAGACCG-1,InN VIP MEGF11 LHFP,0.004935268430155494
TGAGCGCGTCTAACGT-1,Endo CLDN5 SLC7A5,0.1776755858554058
TGAGCGCTCGTCCTTG-1,InN SST PLPP4,0.06065430018182425
TGAGGAGAGTTGCCTA-1,InN SST FREM1,0.3024793011435738
TGAGGAGCAGCGGATA-1,Endo CLDN5 SLC7A5,0.035195814670634644
TGAGGAGGTATGCTAC-1,Oligo MOG OPALIN,0.6178553435504289
TGAGGAGGTGGACTGA-1,Endo CLDN5 SLC7A5,0.10037644819079362
TGAGGAGTCGCATAGT-1,Endo CLDN5 SLC7A5,0.9229955750969531
TGAGGAGTCGGAATTC-1,Endo CLDN5 SLC7A5,0.06784012175707589
TGAGGAGTCGGACGTC-1,L3-5 RORB MKX GRIN3A,0.42156400794264215
TGAGGAGTCTATACGG-1,Endo CLDN5 SLC7A5,0.13153997091945047
TGAGGGAAGAGTGAAG-1,L2-3 CUX2 ACVR1C INHBA,0.12860847354446517
TGAGGGAAGGAAAGTG-1,Oligo MOG OPALIN,0.5595911305343826
TGAGGGACAAATAAGC-1,Endo CLDN5 SLC7A5,0.08904970523616387
TGAGGGACAGTCGCTG-1,L3-5 RORB MKX DCC,0.4337241249846576
TGAGGGACATGAGTAA-1,Oligo MOG OPALIN,0.19599693999807283
TGAGGGACATGTACGT-1,Endo CLDN5 SLC7A5,0.09347317774740008
TGAGGGAGTCACTAGT-1,Endo CLDN5 SLC7A5,0.2669923098507358
TGAGGGAGTCCCTGAG-1,Endo CLDN5 SLC7A5,0.11623055600565443
TGAGGGATCAAACGAA-1,L3-5 RORB MKX GRIN3A,0.5980567610301823
TGAGGGATCATTTGGG-1,L3-5 RORB MKX GRIN3A,0.06284879355800173
TGAGGTTAGACGGTCA-1,Astro GFAP FABP7,0.9080582298632545
TGAGGTTCACTCAGAT-1,Astro AQP4 SLC1A2,0.9994647220511613
TGAGGTTCACTGATTG-1,Endo CLDN5 SLC7A5,0.8881510572389095
TGAGGTTGTTCCCACT-1,L3-5 RORB MKX GRIN3A,0.6345207311841616
TGAGGTTTCACCTCAC-1,Endo CLDN5 SLC7A5,0.07773465840854202
TGAGTCAAGAGAGTGA-1,Endo CLDN5 SLC7A5,0.6957820136124425
TGAGTCAAGCGCCCAT-1,Oligo MOG FRY,0.045614845609214236
TGAGTCAGTACTGACT-1,Endo CLDN5 SLC7A5,0.09778666180538542
TGAGTCAGTATTAAGG-1,Oligo MOG OPALIN,0.2413682510319215
TGATCAGAGTCTAGCT-1,L2-3 CUX2 NTNG1 PLCH1,0.3931084421897488
TGATCAGAGTGAACAT-1,Endo CLDN5 SLC7A5,0.5834915786592805
TGATCAGAGTGCAGGT-1,Endo CLDN5 SLC7A5,0.1521175380736402
TGATCAGCAAGACTGG-1,L2-3 CUX2 NTNG1 PALMD,0.06871057683318015
TGATCAGCAGGCACTC-1,Oligo MOG OPALIN,0.9999275745889121
TGATCAGCATGACTGT-1,InN SST FREM1,0.41408544080703974
TGATCAGGTCACATTG-1,Endo CLDN5 SLC7A5,0.9553194938865508
TGATCAGGTGATCGTT-1,Endo CLDN5 SLC7A5,0.2452311594709935
TGATCAGGTTGCGAAG-1,Endo CLDN5 SLC7A5,0.014031987958860445
TGATCTTCACGCTGCA-1,Endo CLDN5 SLC7A5,0.10040922000453943
TGATGCAAGATTGAGT-1,InN VIP EXPH5,0.04641220099620019
TGATGCAAGTTGCTCA-1,Endo CLDN5 SLC7A5,0.41837439687084094
TGATGCAGTCCAAGAG-1,Oligo MOG OPALIN,0.055349142898287386
TGATGCATCAGGGATG-1,Endo CLDN5 SLC7A5,0.9895296915309761
TGATGCATCCAACTGA-1,Endo CLDN5 SLC7A5,0.04222893895549622
TGATGGTAGACTAGAT-1,Astro GFAP FABP7,0.99980393156858
TGATGGTCAAGCGCTC-1,L2-4 CUX2 RORB CLMN,0.10352232706345334
TGATGGTCAAGCTGTT-1,Endo CLDN5 SLC7A5,0.4811023259028589
TGATGGTCATATGGCT-1,Endo CLDN5 IL1R1,0.028510747957058775
TGATGGTCATCGTCCT-1,Endo CLDN5 SLC7A5,0.06271186274528825
TGATGGTGTGGAGAAA-1,Oligo MOG OPALIN,0.9925290707987916
TGATGGTGTTCATCTT-1,Endo CLDN5 SLC7A5,0.7199981548349133
TGATGGTTCACCTTAT-1,InN VIP EXPH5,0.007652150997383254
TGATTCTAGAAACTCA-1,Endo CLDN5 SLC7A5,0.06514995943856465
TGATTCTAGGGTTGCA-1,OPC PDGFRA PCDH15,0.9999999999680325
TGATTCTAGTCACTGT-1,Endo CLDN5 SLC7A5,0.4950469198042544
TGATTCTCAAAGCACG-1,Endo CLDN5 SLC7A5,0.291539075968704
TGATTCTCAAGCGCAA-1,L2-3 CUX2 NTNG1 PALMD,0.6690113996046695
TGATTCTGTTACGCCG-1,Endo CLDN5 SLC7A5,0.8479065691518195
TGATTCTGTTGGGTTT-1,L3-5 RORB MKX DCC,0.9996541323791768
TGATTCTTCCGATGTA-1,Endo CLDN5 SLC7A5,0.6515831938497642
TGATTCTTCGAGAGCA-1,Endo CLDN5 SLC7A5,0.1112775134344481
TGATTTCAGAAGTCTA-1,Endo CLDN5 SLC7A5,0.6548205964875959
TGATTTCAGTAGATCA-1,Endo CLDN5 SLC7A5,0.9475974699300209
TGATTTCCACAAGGTG-1,Micro P2RY12 APBB1IP,0.06208114437302206
TGATTTCGTCCGACGT-1,L6 FEZF2 NPFFR2 TPD52L1,0.150485435745673
TGATTTCTCGCTAATG-1,Astro GFAP FABP7,0.018473755392496637
TGCACGGAGACATATG-1,Endo CLDN5 SLC7A5,0.8930107160326466
TGCACGGCAAAGGCAC-1,Endo CLDN5 SLC7A5,0.8355088755930508
TGCACGGGTTATAGAG-1,Endo CLDN5 SLC7A5,0.07441396634264115
TGCACGGTCAGTAGGG-1,Endo CLDN5 SLC7A5,0.8101475926208305
TGCACGGTCGACATAC-1,L3-5 RORB MKX DCC,0.027158694285548155
TGCAGATAGGTGAGAA-1,Oligo MOG OPALIN,0.9990337146213436
TGCAGATAGTGGAATT-1,Micro P2RY12 APBB1IP,0.37474803605698676
TGCAGATGTTCCCACT-1,L3-5 RORB GABRG1 PTPRO,0.3083821020933383
TGCAGGCAGAGAGCGG-1,InN PVALB HPSE,0.033559211407127844
TGCAGGCGTAGGTCAG-1,Endo CLDN5 SLC7A5,0.7166505757005975
TGCAGGCGTCCAGGTC-1,Endo CLDN5 SLC7A5,0.21649084861371648
TGCAGGCGTTATTCTC-1,Endo CLDN5 SLC7A5,0.11527679959989834
TGCAGGCTCCAGCTCT-1,Oligo MOG OPALIN,0.6931314861969061
TGCAGGCTCGAATGCT-1,Endo CLDN5 SLC7A5,0.6066662805902703
TGCAGGCTCGGACGTC-1,InN PVALB ANOS1,0.11996536528240405
TGCAGTACAGCTTTCC-1,Endo CLDN5 SLC7A5,0.06890532787131669
TGCAGTAGTTCCGGTG-1,Endo CLDN5 SLC7A5,0.2063732285570186
TGCAGTATCACTTTGT-1,L3-5 RORB MKX DCC,0.017658526290413697
TGCAGTATCTCGAACA-1,Oligo MOG OPALIN,0.09500622755391298
TGCATCCAGATTACCC-1,Oligo MOG OPALIN,0.5370833030112753
TGCATCCAGGCACTAG-1,Oligo MOG OPALIN,0.9983988177473739
TGCATCCAGTAGTCCT-1,L2-4 CUX2 RORB CLMN,0.13011500302230886
TGCATCCCAGCGACAA-1,Endo CLDN5 SLC7A5,0.9906568953522467
TGCATCCCATAACCCA-1,L2-3 CUX2 NTNG1 COL5A2,0.034894659010457116
TGCATCCCATCCGGTG-1,L2-3 CUX2 NTNG1 PALMD,0.07315744253694201
TGCATCCGTCGTCTCT-1,L2-3 CUX2 NTNG1 PALMD,0.4307712053178879
TGCATCCTCAAATGCC-1,Oligo MOG OPALIN,0.9998799618396679
TGCATCCTCCTCACCA-1,L2-3 CUX2 NTNG1 COL5A2,0.03327047689833003
TGCATGAAGCATCAGG-1,L2-3 CUX2 NTNG1 PALMD,0.06396561350338088
TGCATGAAGGCTAAAT-1,Endo CLDN5 SLC7A5,0.4538405768743318
TGCATGAGTCAGGCAA-1,Astro AQP4 SLC1A2,0.9973770492721555
TGCATGAGTGCGGTAA-1,Oligo MOG OPALIN,0.5116987896209836
TGCATGAGTTCCGCGA-1,InN VIP ADAM12,0.26365038208421276
TGCATGAGTTGCGGCT-1,L3-5 RORB MKX GRIN3A,0.3468439346486475
TGCATGATCAAGCTGT-1,Endo CLDN5 SLC7A5,0.2092614145695986
TGCATGATCCTCACGT-1,Endo CLDN5 SLC7A5,0.22711393465134133
TGCATGATCGAGAGCA-1,VLMC COL1A2 VLMCA8,0.9855257812032241
TGCATGATCGGTCACG-1,L2-3 CUX2 NTNG1 COL5A2,0.06839971662326964
TGCATGATCGTTCATT-1,Endo CLDN5 SLC7A5,0.7731338867446502
TGCATGATCTAGTGTG-1,Endo CLDN5 SLC7A5,0.8252188383306719
TGCCGAGAGATAGCAT-1,L2-3 CUX2 ACVR1C THSD7A,0.05204958518544036
TGCCGAGAGGCAGGTT-1,Oligo MOG OPALIN,0.91890918472129
TGCCGAGCAAGCCATT-1,Endo CLDN5 SLC7A5,0.6027451830468875
TGCCGAGCATCTGGGC-1,Oligo MOG OPALIN,0.1500581028988881
TGCCGAGTCGCATTAG-1,L6 FEZF2 DCBLD1 MITF,0.028503184767067685
TGCGACGCATGTTCAG-1,L3-5 RORB MKX GRIN3A,0.2142857950473161
TGCGACGGTCCTCCTA-1,InN SST FREM1,0.9905203451233132
TGCGATAAGGCGATAC-1,Oligo MOG OPALIN,0.9554797792469832
TGCGATAAGTTCCTGA-1,L2-3 CUX2 NTNG1 PLCH1,0.2426760033378207
TGCGATACAGAGGTAC-1,SMC ACTA2 CNN1,0.11066059224573423
TGCGATATCAGAGCAG-1,L2-3 CUX2 NTNG1 PALMD,0.59061021421297
TGCGATATCGAGTGAG-1,Endo CLDN5 SLC7A5,0.026587198564699814
TGCGGCAAGGCGAAGG-1,InN VIP EXPH5,0.04296752816849131
TGCGGCAAGTACAACA-1,Oligo MOG OPALIN,0.9998588743378166
TGCGGCACACGTCGTG-1,L2-3 CUX2 NTNG1 PALMD,0.04389551993012408
TGCGGCAGTGTAAATG-1,Endo CLDN5 SLC7A5,0.8922377403242817
TGCGGCAGTTACCCTC-1,Endo CLDN5 SLC7A5,0.44987655017924194
TGCGGCAGTTAGGGTG-1,Endo CLDN5 SLC7A5,0.35252557610233465
TGCGGCATCCCGATCT-1,Oligo MOG OPALIN,0.9994309265898988
TGCGGCATCGACCACG-1,L3-5 RORB MKX GRIN3A,0.17708089745105235
TGCGGCATCTATCGCC-1,Oligo MOG OPALIN,0.2113376138866874
TGCGGGTAGCAGATAT-1,Endo CLDN5 SLC7A5,0.8330984973848365
TGCGGGTCAATACGCT-1,Endo CLDN5 IL1R1,0.026731896997367888
TGCGGGTCAGAATCGG-1,Endo CLDN5 SLC7A5,0.3539313321630176
TGCGGGTTCGCGGACT-1,Endo CLDN5 SLC7A5,0.4150118956963116
TGCGGGTTCTATCGCC-1,L6 FEZF2 NPFFR2 KCNK2,0.01483248988649435
TGCTCCAAGCTATCCA-1,Endo CLDN5 SLC7A5,0.6522050683586493
TGCTCCAGTAAGGCTG-1,L2-3 CUX2 NTNG1 PALMD,0.06922306123425906
TGCTCCAGTAGACTGG-1,Endo CLDN5 SLC7A5,0.9817341263828284
TGCTCCAGTGCATTAC-1,Oligo MOG OPALIN,0.9990159621465825
TGCTCGTAGCCTTGAT-1,Oligo MOG OPALIN,0.25930381072945596
TGCTCGTAGGCATGCA-1,Endo CLDN5 SLC7A5,0.6843868782011333
TGCTCGTCATTGTGCA-1,InN SST FREM1,0.025906492142777883
TGCTCGTTCTCGTGAA-1,Endo CLDN5 SLC7A5,0.11422356613913366
TGCTCGTTCTCTTAAC-1,Oligo MOG OPALIN,0.9758940376735082
TGCTCGTTCTTCCACG-1,PC P2RY14 GRM8,0.018823737464076847
TGCTGAAAGGTTGGAC-1,Oligo MOG OPALIN,0.1735058830683617
TGCTGAACAGAACTCT-1,Oligo MOG OPALIN,0.3997133466455781
TGCTGAAGTCGAGATG-1,Astro GFAP FABP7,0.9977224824882119
TGCTGAAGTTATCCAG-1,Endo CLDN5 SLC7A5,0.9934930418892777
TGCTGAATCGCACGGT-1,Micro P2RY12 CCL3,0.9915456827048622
TGCTTCGAGGTCATTC-1,Endo CLDN5 SLC7A5,0.5749822734160154
TGCTTCGCACATGAAA-1,Endo CLDN5 SLC7A5,0.5880821264634822
TGCTTCGGTACTGCGC-1,L3-5 RORB MKX GRIN3A,0.0908133624301684
TGCTTCGGTCCGGTCA-1,InN VIP SCML4,0.7858583100071505
TGCTTCGGTGCTCTTC-1,L3-5 RORB MKX GRIN3A,0.9571045121705637
TGCTTCGTCTTCCGTG-1,Oligo MOG OPALIN,0.11466089764038241
TGCTTGCAGAATGTTG-1,Endo CLDN5 SLC7A5,0.025004986400565227
TGCTTGCAGCCGCTTG-1,Endo CLDN5 SLC7A5,0.697810878208071
TGCTTGCCATCTCAAG-1,Oligo MOG OPALIN,0.23307423023643137
TGCTTGCGTCAACACT-1,Endo CLDN5 SLC7A5,0.3809128601336943
TGCTTGCGTGAGTTTC-1,L2-3 CUX2 ACVR1C INHBA,0.13370079685312855
TGCTTGCTCCGACATA-1,Endo CLDN5 SLC7A5,0.4125883817460898
TGGAACTAGTACAGCG-1,Endo CLDN5 SLC7A5,0.9950564170403706
TGGAACTAGTACGTCT-1,Endo CLDN5 SLC7A5,0.08419987663142901
TGGAACTCATAGTCGT-1,Astro GFAP FABP7,0.9999976279890445
TGGAACTGTATCAGGG-1,Endo CLDN5 SLC7A5,0.07283010680356161
TGGAACTGTCGATGCC-1,L3-5 RORB MKX GRIN3A,0.9204706122314156
TGGAACTTCAAGCCAT-1,L2-3 CUX2 NTNG1 PALMD,0.13516032742823092
TGGAGAGAGCTGGCCT-1,Endo CLDN5 SLC7A5,0.7113732703217457
TGGAGAGCAGGTGTTT-1,Endo CLDN5 SLC7A5,0.052751547974516644
TGGAGAGCATTCCTCG-1,Endo CLDN5 SLC7A5,0.017658555586268936
TGGAGAGTCCGGGACT-1,Oligo MOG OPALIN,0.055443111881200435
TGGAGGACACAACATC-1,Endo CLDN5 SLC7A5,0.20213029318202486
TGGAGGACATACCATG-1,Endo CLDN5 SLC7A5,0.520125843189679
TGGATCACACTGGCCA-1,Endo CLDN5 SLC7A5,0.13553138086351196
TGGATCAGTCGTACAT-1,Oligo MOG OPALIN,0.2853760957040318
TGGATCATCTCTGACC-1,Endo CLDN5 SLC7A5,0.10903761832916946
TGGATGTAGAGCCATG-1,Endo CLDN5 SLC7A5,0.8995457646132703
TGGATGTAGTACGAGC-1,Micro P2RY12 APBB1IP,0.19786912165771164
TGGATGTAGTTGAATG-1,Endo CLDN5 SLC7A5,0.5149265939344125
TGGATGTCATTCTGTT-1,Oligo MOG OPALIN,0.11382751490459538
TGGATGTGTCTACAAC-1,L6 OPRK1 THEMIS RGS6,0.05943622266505428
TGGCGTGAGCAAATGT-1,Endo CLDN5 SLC7A5,0.09638767051304015
TGGCGTGAGCCGATTT-1,L2-3 CUX2 NTNG1 PALMD,0.25918057761895064
TGGCGTGCAGAACTCT-1,Endo CLDN5 SLC7A5,0.9930803382751374
TGGCGTGCATGTTACG-1,Endo CLDN5 SLC7A5,0.11541692944253888
TGGCGTGGTGCGCTCA-1,L2-3 CUX2 NTNG1 PLCH1,0.13279088348666182
TGGCGTGTCCTTTGAT-1,Oligo MOG OPALIN,0.9544342344578178
TGGGAAGAGAAGGCTC-1,Endo CLDN5 SLC7A5,0.965149658206851
TGGGAAGAGAGAACCC-1,Endo CLDN5 SLC7A5,0.8849492120442558
TGGGAAGAGTGGAAAG-1,Endo CLDN5 SLC7A5,0.8055126225269996
TGGGAAGCATGGGAAC-1,Oligo MOG OPALIN,0.06727450801456093
TGGGAAGGTCTTGGTA-1,Oligo MOG OPALIN,0.982633913604003
TGGGAAGGTGTGACCC-1,Endo CLDN5 SLC7A5,0.9361336299065949
TGGGAAGGTTGCTGAT-1,Oligo MOG OPALIN,0.8693205079700773
TGGGAGACAGAACTTC-1,Endo CLDN5 SLC7A5,0.18481999464898896
TGGGAGACAGACCAAG-1,Endo CLDN5 SLC7A5,0.9842684759841102
TGGGAGACATGGATCT-1,Endo CLDN5 SLC7A5,0.6407060789227146
TGGGAGAGTGAAGCGT-1,Oligo MOG OPALIN,0.9915110896237819
TGGGAGATCTCCTGTG-1,Endo CLDN5 SLC7A5,0.7376886701299129
TGGGATTAGAGTAACT-1,Oligo MOG OPALIN,0.977461315507933
TGGGATTGTGATGAAT-1,Oligo MOG OPALIN,0.21187739847930206
TGGGATTGTTATGACC-1,Endo CLDN5 SLC7A5,0.6127856045144355
TGGGATTGTTTCAGAC-1,Astro GFAP AQP1,0.9994479775863
TGGGATTTCATATGGC-1,L3-5 RORB MKX DCC,0.9526121573284303
TGGGCGTCACGTACTA-1,Oligo MOG OPALIN,0.6961565869603208
TGGGCGTCATCGTTCC-1,L2-3 CUX2 NTNG1 PALMD,0.06118842728904947
TGGGCGTTCCACAAGT-1,Endo CLDN5 SLC7A5,0.5597792320513084
TGGGCGTTCGACGTCG-1,Endo CLDN5 SLC7A5,0.015452976796060548
TGGGCTGAGGTCGTCC-1,Endo CLDN5 SLC7A5,0.46616687304176035
TGGGCTGCACAACCGC-1,L3-5 RORB MKX GRIN3A,0.929247799109595
TGGGCTGCACTCCCTA-1,Endo CLDN5 SLC7A5,0.49393453596271014
TGGGCTGCATGACTCA-1,Endo CLDN5 SLC7A5,0.8926641598530486
TGGGCTGTCCCGAATA-1,Endo CLDN5 SLC7A5,0.8592886014700721
TGGGTTAAGATGCCGA-1,L6 OPRK1 SMYD1 SNTB1,0.182920863483847
TGGGTTAAGTTACGTC-1,Micro P2RY12 CCL3,0.9855905245234702
TGGGTTACAACGTTAC-1,Endo CLDN5 SLC7A5,0.27318744147195845
TGGGTTACACCGGCTA-1,L2-3 CUX2 NTNG1 PALMD,0.549286092722047
TGGGTTAGTACCTTCC-1,Endo CLDN5 SLC7A5,0.15530834793008808
TGGGTTAGTCGTCATA-1,Endo CLDN5 SLC7A5,0.3948155869667307
TGGGTTAGTTGGCCTG-1,PC P2RY14 GRM8,0.9979295420991247
TGGGTTATCCAATCTT-1,Astro AQP4 SLC1A2,0.9704428979634556
TGGGTTATCGTGTTCC-1,Oligo MOG OPALIN,0.7346690316707196
TGGTACACACGTAGAG-1,Astro GFAP FABP7,0.9999991312347367
TGGTACAGTAGGATAT-1,Endo CLDN5 IL1R1,0.11335235833295154
TGGTACAGTCGCCTAG-1,L3-5 RORB MKX GRIN3A,0.20949024390254198
TGGTACAGTTGAAGTA-1,Oligo MOG OPALIN,0.9976443079244985
TGGTACATCACTCACC-1,L2-3 CUX2 NTNG1 PALMD,0.11694224607953196
TGGTACATCGTTCCCA-1,Oligo MOG OPALIN,0.48479256891903033
TGGTAGTCAGGTTACT-1,Endo CLDN5 SLC7A5,0.9218117578922962
TGGTAGTCATGATCTG-1,PC P2RY14 GRM8,0.9998362723056101
TGGTAGTTCCGCGATG-1,InN SST FREM1,0.03739805610463724
TGGTGATAGACATCAA-1,Endo CLDN5 SLC7A5,0.5005581339789111
TGGTGATAGGACGCTA-1,L2-3 CUX2 NTNG1 PALMD,0.6527551878685645
TGGTGATAGGTCACTT-1,Endo CLDN5 SLC7A5,0.19144444713992978
TGGTGATAGTATGACA-1,Endo CLDN5 SLC7A5,0.8494167229655498
TGGTGATCACTCTAGA-1,Oligo MOG OPALIN,0.6986834375516127
TGGTGATTCCGACGGT-1,Endo CLDN5 SLC7A5,0.9961627316675576
TGGTGATTCTATCACT-1,L2-3 CUX2 ACVR1C THSD7A,0.051435486597811636
TGGTTAGGTCCCTAAA-1,Oligo MOG OPALIN,0.74452792554336
TGGTTAGGTGTCTTCC-1,L2-4 CUX2 RORB CLMN,0.013094058657340321
TGGTTAGGTTAAGAAC-1,Endo CLDN5 SLC7A5,0.15718913234759874
TGGTTAGTCGCAACAT-1,InN SST ADAMTSL1,0.3914578188414888
TGGTTAGTCTTCGGAA-1,Oligo MOG OPALIN,0.7638914330028413
TGTAACGAGAGTGTGC-1,Oligo MOG OPALIN,0.8839289793994731
TGTAACGAGTCAGAGC-1,Astro GFAP FABP7,0.9999972519102597
TGTAACGGTACGATCT-1,InN VIP HS3ST3B1,0.7736938060862025
TGTAACGGTCACTTAG-1,Oligo MOG OPALIN,0.46944275695532445
TGTAACGTCTGGTGGC-1,Endo CLDN5 SLC7A5,0.12546899922679236
TGTAAGCAGTAGAGTT-1,Astro AQP4 SLC1A2,0.9931986176502337
TGTAAGCCAATACAGA-1,Endo CLDN5 SLC7A5,0.9914595393758395
TGTAAGCGTCCTTGTC-1,Endo CLDN5 SLC7A5,0.7340938020927994
TGTAAGCGTGAATTAG-1,Oligo MOG OPALIN,0.11808369920679924
TGTAAGCGTTTGATCG-1,L2-3 CUX2 NTNG1 PALMD,0.13921510864880057
TGTAAGCTCACCCTTG-1,L3-5 RORB MKX GRIN3A,0.07694654381458882
TGTACAGAGCGGGTAT-1,Endo CLDN5 SLC7A5,0.9680345827181168
TGTACAGCACATTGTG-1,Astro AQP4 SLC1A2,0.7943487469301722
TGTACAGCACCTGAAT-1,Oligo MOG OPALIN,0.993059584564583
TGTACAGGTATGTCCA-1,InN VIP ADAM12,0.19288309804621712
TGTACAGGTCTTTCAT-1,Endo CLDN5 SLC7A5,0.39905430844851225
TGTACAGGTGCCCAGT-1,Astro AQP4 SLC1A2,0.12258057300343585
TGTACAGGTTCAAACC-1,L2-3 CUX2 NTNG1 PALMD,0.8726320589773328
TGTACAGTCGTAGTGT-1,InN ADARB2 FAM19A1,0.020117945831110127
TGTACAGTCTTTCGAT-1,L2-3 CUX2 NTNG1 PALMD,0.5449870422695171
TGTAGACAGGCCCGTT-1,InN SST FREM1,0.4071410077091123
TGTAGACGTGATGAAT-1,Oligo MOG OPALIN,0.6662505213426824
TGTAGACGTGCCCTTT-1,Endo CLDN5 SLC7A5,0.06356058474122969
TGTAGACTCCCAAGTA-1,Oligo MOG OPALIN,0.13914120199691857
TGTAGACTCCCGGTAG-1,Oligo MOG OPALIN,0.9352441771785543
TGTAGACTCGGCCCAA-1,Oligo MOG OPALIN,0.9984413113376901
TGTCAGAAGCCTATTG-1,SMC ACTA2 CNN1,0.029247605281868976
TGTCAGAAGGAGTCTG-1,Oligo MOG OPALIN,0.013059167035773677
TGTCAGACAGCGCTTG-1,Endo CLDN5 SLC7A5,0.039729122652000244
TGTCAGAGTATTTCTC-1,Endo CLDN5 SLC7A5,0.20921116587898345
TGTCAGAGTTACGTAC-1,Endo CLDN5 SLC7A5,0.19858947957023204
TGTCAGATCGCTAAAC-1,InN SST ADAMTSL1,0.7531148436845745
TGTCCACAGATAGGGA-1,Oligo MOG OPALIN,0.08386270793433706
TGTCCACAGCTAAACA-1,Endo CLDN5 SLC7A5,0.8842581074893605
TGTCCACAGGGACTGT-1,Oligo MOG OPALIN,0.999105949249708
TGTCCACAGTCGCGAA-1,Micro P2RY12 APBB1IP,0.29401865547070316
TGTCCACAGTTCAACC-1,L5-6 FEZF2 NXPH2 CDH8,0.04055169761358726
TGTCCACCATGTCTAG-1,Endo CLDN5 SLC7A5,0.2647234200980628
TGTCCACGTATATGGA-1,L2-3 CUX2 NTNG1 COL5A2,0.39811721902556707
TGTCCACGTGAAAGTT-1,PC P2RY14 GRM8,0.9999742433479852
TGTCCACGTGCATGAG-1,Endo CLDN5 SLC7A5,0.3691136467593425
TGTCCACTCATTACTC-1,Endo CLDN5 SLC7A5,0.2760274440665492
TGTCCACTCTGGCCAG-1,Micro P2RY12 CCL3,0.6497995153007473
TGTCCTGAGAATAACC-1,Astro GFAP FABP7,0.9999043796817377
TGTCCTGAGCGTATGG-1,Endo CLDN5 SLC7A5,0.2958785290869911
TGTCCTGGTAGTGTGG-1,Micro P2RY12 APBB1IP,0.0776488971190961
TGTCCTGTCGCGAAGA-1,Endo CLDN5 SLC7A5,0.27440745955598106
TGTGAGTAGAAACTGT-1,Endo CLDN5 SLC7A5,0.09875677304910209
TGTGAGTAGTACAGCG-1,L3-5 RORB MKX DCC,0.25997789809370875
TGTGAGTAGTTCCAGT-1,Endo CLDN5 SLC7A5,0.35499206131350375
TGTGAGTCACGTTCGG-1,InN SST ADAMTSL1,0.09060353338576489
TGTGATGAGGTAGTCG-1,L3-5 RORB GABRG1 PTPRO,0.06705288560345639
TGTGATGAGGTTCCGC-1,L2-3 CUX2 NTNG1 PALMD,0.7031832703858563
TGTGATGCATCGGAGA-1,L2-3 CUX2 NTNG1 PALMD,0.11207879794966537
TGTGATGGTCGATTAC-1,L2-3 CUX2 NTNG1 PALMD,0.22723133764063944
TGTGATGTCTGTGCGG-1,Endo CLDN5 SLC7A5,0.5044159128877633
TGTGCGGAGAGGATCC-1,Endo CLDN5 SLC7A5,0.03642067431049902
TGTGCGGAGGATATGT-1,Endo CLDN5 SLC7A5,0.012343273484946063
TGTGCGGAGGCGCTTC-1,Astro AQP4 SLC1A2,0.7891008964290793
TGTGCGGAGGGTAGCT-1,OPC PDGFRA PCDH15,0.17335790597970066
TGTGCGGCACTAGAGG-1,InN VIP ADAM12,0.032551217909581404
TGTGCGGGTAACTTCG-1,Endo CLDN5 SLC7A5,0.82020298658544
TGTGCGGTCACTACGA-1,Endo CLDN5 SLC7A5,0.09893499924326164
TGTGCGGTCTCCCATG-1,Endo CLDN5 SLC7A5,0.6585124483972238
TGTGGCGAGAAGCTGC-1,InN SST STK32A,0.12298453126898182
TGTGGCGAGAGAGCCT-1,L3-5 RORB GABRG1 PTPRO,0.012575065668382585
TGTGGCGAGCTCCACG-1,Oligo MOG OPALIN,0.990975806180919
TGTGGCGAGCTGGAGT-1,OPC PDGFRA PCDH15,0.9999999999999818
TGTGGCGCAGATAAAC-1,Oligo MOG OPALIN,0.8862502729268978
TGTGGCGCAGTTTCGA-1,L2-3 CUX2 NTNG1 PALMD,0.11127210822547814
TGTGGCGCATGACAAA-1,PC P2RY14 GRM8,0.9986885199787565
TGTGGCGGTCGCACAC-1,L2-3 CUX2 NTNG1 PALMD,0.06711127540061772
TGTGGCGGTGTGACCC-1,Oligo MOG OPALIN,0.9824387723555875
TGTGGCGGTTGTGCAT-1,Endo CLDN5 SLC7A5,0.2187371712160995
TGTGGCGGTTTAGTCG-1,L2-3 CUX2 NTNG1 PALMD,0.13299142903120037
TGTGGCGTCCTTCTAA-1,Endo CLDN5 SLC7A5,0.6250933627629466
TGTGGCGTCTGCGGGT-1,L2-3 CUX2 NTNG1 PALMD,0.08411044338112998
TGTGTGACAACCCTAA-1,L3-5 RORB GABRG1 KCNH7,0.05154369307786954
TGTGTGACACGCAGTC-1,Oligo MOG OPALIN,0.6826416986979474
TGTGTGACAGAACATA-1,L2-3 CUX2 NTNG1 COL5A2,0.10350383091733159
TGTGTGACAGGACAGT-1,L2-3 CUX2 NTNG1 PALMD,0.06782362799175025
TGTGTGACAGGGTCTC-1,Endo CLDN5 SLC7A5,0.6478556542968971
TGTGTGAGTAAGAACT-1,Endo CLDN5 SLC7A5,0.42515857819645364
TGTGTGATCAGTCACA-1,Endo CLDN5 SLC7A5,0.4568737136063108
TGTTACTCAAGATCCT-1,Endo CLDN5 SLC7A5,0.8556488082447706
TGTTACTCACACCTTC-1,Oligo MOG OPALIN,0.8605726167006922
TGTTACTCATCCAACA-1,Endo CLDN5 SLC7A5,0.9047687205964444
TGTTACTTCATTACGG-1,Endo CLDN5 SLC7A5,0.3656889685118724
TGTTACTTCGCTAGCG-1,InN SST ADAMTSL1,0.029220838710211573
TGTTCATAGACGCTCC-1,L6 OPRK1 THEMIS RGS6,0.022351004469776534
TGTTCCGTCAGATGCT-1,Endo CLDN5 IL1R1,0.5103718073242435
TGTTCCGTCCTTATCA-1,L6 FEZF2 SYT6 ERBB4,0.011068803681193657
TGTTCTAAGGCACTCC-1,Endo CLDN5 SLC7A5,0.3749490023973644
TGTTCTAAGGCGAAGG-1,L6 OPRK1 SMYD1 SNTB1,0.029095422962326017
TGTTCTACACCGTCTT-1,L2-3 CUX2 NTNG1 PALMD,0.4333844139416828
TGTTCTAGTACGACTT-1,L3-5 RORB GABRG1 PTPRO,0.08195189242489662
TGTTCTAGTTGTGTTG-1,Endo CLDN5 SLC7A5,0.03883623791483514
TGTTCTATCGCTGACG-1,Endo CLDN5 SLC7A5,0.7409536681516642
TGTTGAGAGACTTCAC-1,Endo CLDN5 SLC7A5,0.9190355852966633
TGTTGAGCAATAAGGT-1,Oligo MOG OPALIN,0.22954586854307016
TGTTGAGCAATACGAA-1,Endo CLDN5 SLC7A5,0.912016292205625
TGTTGAGCATGACTGT-1,InN PVALB SYT2,0.06511593208007159
TGTTGAGCATTCCTAT-1,Endo CLDN5 SLC7A5,0.19784515422118554
TGTTGAGGTAGACAAT-1,Endo CLDN5 SLC7A5,0.08060451087056997
TGTTGAGTCTCCATAT-1,Endo CLDN5 SLC7A5,0.11313665945185028
TGTTGAGTCTTCGATT-1,L3-5 RORB MKX GRIN3A,0.17453894667580497
TGTTGGAAGATTGACA-1,Endo CLDN5 SLC7A5,0.13736951276847698
TGTTGGAGTAGCTGCC-1,Endo CLDN5 SLC7A5,0.4210422844523638
TGTTGGATCGAACACT-1,OPC PDGFRA PCDH15,0.027976550573861524
TGTTTGTAGAAGTATC-1,Oligo MOG OPALIN,0.11256154002233114
TGTTTGTAGCCTCTCT-1,Oligo MOG OPALIN,0.8794092411038491
TGTTTGTAGGCTGAAC-1,L3-5 RORB MKX GRIN3A,0.822749726658262
TGTTTGTCACGGCCAT-1,Endo CLDN5 SLC7A5,0.5738052214780234
TGTTTGTTCCAGCCTT-1,Oligo MOG OPALIN,0.20140625851330068
TTAATCCCACCTTCGT-1,L2-3 CUX2 NTNG1 COL5A2,0.9394576429116597
TTAATCCGTTTCGACA-1,Endo CLDN5 SLC7A5,0.8181179053071165
TTAATCCGTTTGGGTT-1,Oligo MOG OPALIN,0.20158324848091935
TTAATCCTCATTTCGT-1,Endo CLDN5 SLC7A5,0.19573948860838572
TTAATCCTCCCTTTGG-1,Astro AQP4 SLC1A2,0.8949918172868809
TTACAGGAGATTAGCA-1,L3-5 RORB GABRG1 KCNH7,0.017402245290986443
TTACAGGCAGACCAAG-1,Oligo MOG OPALIN,0.16611532860487266
TTACAGGCATGGCACC-1,Endo CLDN5 SLC7A5,0.1318441918971142
TTACAGGTCCTCTCTT-1,L2-3 CUX2 NTNG1 PALMD,0.18221148463505565
TTACAGGTCCTTCTTC-1,L3-5 RORB MKX DCC,0.08686330937962863
TTACCATAGTGATGGC-1,Oligo MOG OPALIN,0.9983247030390908
TTACCATCACTGCACG-1,InN SST TRPC7,0.17077597676699383
TTACCATCAGGCGTTC-1,Endo CLDN5 SLC7A5,0.4688046809575755
TTACCATTCACGGGCT-1,Oligo MOG OPALIN,0.08106899275731158
TTACCATTCGCCTTGT-1,Oligo MOG OPALIN,0.7169839206430425
TTACCGCAGCATGAAT-1,Endo CLDN5 SLC7A5,0.7835901930646906
TTACCGCAGCCAAGTG-1,OPC PDGFRA PCDH15,0.9999999999999609
TTACCGCCAACTGCCG-1,Endo CLDN5 SLC7A5,0.2331349712780329
TTACCGCCACAGCTTA-1,L2-3 CUX2 NTNG1 PALMD,0.06911483857192263
TTACCGCGTAGATCCT-1,Endo CLDN5 SLC7A5,0.14111203300010527
TTACCGCGTATGGTAA-1,Oligo MOG OPALIN,0.9940320809426179
TTACCGCGTGAGATTA-1,L2-3 CUX2 NTNG1 PALMD,0.05333506688510703
TTACCGCTCACTTATC-1,PC P2RY14 GRM8,0.9999041588564082
TTACGCCAGAAGTCAT-1,Endo CLDN5 SLC7A5,0.528175387221262
TTACGCCAGGGTTTCT-1,Endo CLDN5 SLC7A5,0.04996357271616033
TTACGCCCAATTGCGT-1,Endo CLDN5 SLC7A5,0.14061406038504667
TTACGCCCAGTTTCAG-1,VLMC COL1A2 VLMCA8,0.913150838152894
TTACGCCTCATCGGGC-1,Endo CLDN5 SLC7A5,0.943898589019112
TTACGCCTCGCGCTGA-1,Endo CLDN5 SLC7A5,0.0808415372896727
TTACGCCTCGGAGCAA-1,L3-5 RORB MKX GRIN3A,0.7509261386016584
TTACGTTAGTGACCTT-1,L6 OPRK1 SMYD1 SNTB1,0.04193871084066987
TTACGTTCAACCGATT-1,Oligo MOG GSN,0.48103838063760623
TTACGTTGTAATGCGG-1,L2-3 CUX2 NTNG1 PALMD,0.01098133419132268
TTACTGTAGAACGTGC-1,Endo CLDN5 SLC7A5,0.6871143197512176
TTACTGTCAAGTGGTG-1,InN LAMP5 ADAMTS20,0.9713852360625828
TTACTGTCAATTTCTC-1,Endo CLDN5 SLC7A5,0.1558957720422762
TTACTGTCATAACCCA-1,Endo CLDN5 SLC7A5,0.5052983320236629
TTACTGTCATACACCA-1,Endo CLDN5 SLC7A5,0.10068295654407775
TTACTGTGTGCGAGTA-1,L3-5 RORB MKX GRIN3A,0.49766076832198913
TTACTGTGTTCCAGGC-1,Oligo MOG OPALIN,0.7643237587259567
TTACTGTGTTCGGCGT-1,Oligo MOG OPALIN,0.2646251699162151
TTACTGTTCACCCTGT-1,Endo CLDN5 SLC7A5,0.3520573749038929
TTACTGTTCTATCGGA-1,InN SST HTR2C,0.043723686300205095
TTAGGCATCGCCAGTG-1,L3-5 RORB MKX GRIN3A,0.8382141230885445
TTAGGGTAGGCAATGC-1,Astro AQP4 SLC1A2,0.14099991715586058
TTAGGGTCAACTAGAA-1,L2-3 CUX2 NTNG1 PALMD,0.00976778228963033
TTAGGGTCAGAATTCC-1,L2-3 CUX2 NTNG1 PALMD,0.792487008280838
TTAGGGTCAGGTTCGC-1,Oligo MOG GSN,0.01707956527937204
TTAGGGTCATCCGGCA-1,Endo CLDN5 SLC7A5,0.9918146363947882
TTAGGGTTCTATTCGT-1,Endo CLDN5 SLC7A5,0.9392168211831998
TTAGTCTAGACTTAAG-1,Endo CLDN5 SLC7A5,0.9175991322351688
TTAGTCTAGCTGGCCT-1,L2-3 CUX2 NTNG1 PALMD,0.06245849824881859
TTAGTCTAGGGAGGAC-1,Oligo MOG OPALIN,0.9983073045974781
TTAGTCTAGGGTAATT-1,L2-3 CUX2 NTNG1 PLCH1,0.07411368543490848
TTAGTCTCACAACGCC-1,Oligo MOG OPALIN,0.08883815655573098
TTAGTCTCACAGCGCT-1,Endo CLDN5 SLC7A5,0.4849737843552374
TTAGTCTGTGTCTCCT-1,Endo CLDN5 SLC7A5,0.2530886380989026
TTAGTCTTCTTGAACG-1,Astro GFAP FABP7,0.022223026739674124
TTATTGCCATCCTATT-1,Endo CLDN5 SLC7A5,0.7774918551601039
TTATTGCGTCCACATA-1,InN SST HTR2C,0.02342085990918488
TTATTGCGTCCTCATC-1,Endo CLDN5 SLC7A5,0.9988464538528241
TTATTGCGTCGCATTA-1,L2-3 CUX2 ACVR1C THSD7A,0.812297860775892
TTATTGCGTGAACGGT-1,PC P2RY14 GRM8,0.9998030892468138
TTATTGCGTTAGCGGA-1,Endo CLDN5 SLC7A5,0.09815822667053385
TTATTGCTCAACTTTC-1,Endo CLDN5 SLC7A5,0.27711017411149713
TTATTGCTCAGACTGT-1,Endo CLDN5 SLC7A5,0.943815469129069
TTATTGCTCGGACCAC-1,Oligo MOG OPALIN,0.9988043260935715
TTCAATCAGATCGCTT-1,Endo CLDN5 SLC7A5,0.18409055813667802
TTCAATCCAACAAAGT-1,Endo CLDN5 SLC7A5,0.7515501533646346
TTCAATCGTCATAACC-1,Oligo MOG OPALIN,0.8051720739713761
TTCAATCTCTAGACCA-1,Endo CLDN5 SLC7A5,0.5889269493252546
TTCAATCTCTATACGG-1,Endo CLDN5 SLC7A5,0.05602473768898034
TTCACCGAGGACAACC-1,Astro GFAP FABP7,0.9998935514902212
TTCACCGAGTTGAAAC-1,Endo CLDN5 SLC7A5,0.9915490485322819
TTCACCGCAACCGACC-1,Endo CLDN5 SLC7A5,0.7084652191703522
TTCACCGCACCCATAA-1,Endo CLDN5 SLC7A5,0.8586216608709353
TTCACCGCACTGATTG-1,Endo CLDN5 SLC7A5,0.045728632938611596
TTCACCGGTGGACTAG-1,Endo CLDN5 SLC7A5,0.48503339189073547
TTCACCGTCTCGGCTT-1,L2-3 CUX2 NTNG1 PALMD,0.9416036242065857
TTCACCGTCTGGCCAG-1,Endo CLDN5 SLC7A5,0.9771191519797734
TTCACGCAGAGGGCGA-1,Oligo MOG OPALIN,0.310973330579374
TTCACGCCATCCCGTT-1,L2-3 CUX2 NTNG1 PLCH1,0.04538793062520781
TTCACGCGTGAGACGT-1,PC P2RY14 GRM8,0.9583864861380386
TTCACGCTCTCCTACG-1,Endo CLDN5 SLC7A5,0.8193712683890383
TTCAGGAAGAAGTATC-1,L3-5 RORB GABRG1 PTPRO,0.07578361852041182
TTCAGGAAGCGACATG-1,Micro P2RY12 APBB1IP,0.0998587117015188
TTCAGGACAAGAGGCT-1,Oligo MOG OPALIN,0.94663005852958
TTCAGGACAGCGTGCT-1,Endo CLDN5 SLC7A5,0.14165274585117504
TTCAGGACAGCTGGTC-1,Oligo MOG OPALIN,0.9901288398429474
TTCAGGAGTATCGAAA-1,Endo CLDN5 SLC7A5,0.3495510764316817
TTCAGGAGTATTTCGG-1,Endo CLDN5 SLC7A5,0.07418512741568957
TTCAGGATCTTCCACG-1,L3-5 RORB MKX GRIN3A,0.033079161377011966
TTCATGTAGAGTCAAT-1,Endo CLDN5 SLC7A5,0.643398974746706
TTCATGTAGATGCGAC-1,Oligo MOG OPALIN,0.9714096499149194
TTCATGTGTACATTGC-1,L5-6 FEZF2 NXPH2 CDH8,0.19525486111247184
TTCATGTGTCAGGCAA-1,Oligo MOG OPALIN,0.317977934595797
TTCATGTGTCGTCAGC-1,InN SST TRPC7,0.5052248479029142
TTCATGTGTTTACACG-1,Micro P2RY12 CCL3,0.7308548074419075
TTCATGTTCAGAGCAG-1,Endo CLDN5 SLC7A5,0.7647860149880783
TTCATGTTCCTACCAC-1,Micro P2RY12 CCL3,0.7822681820624185
TTCATGTTCGACCCAG-1,Endo CLDN5 SLC7A5,0.7650876088408725
TTCATGTTCGGCTCTT-1,Endo CLDN5 SLC7A5,0.8500643709370089
TTCATTGAGACCAAGC-1,Endo CLDN5 SLC7A5,0.21972722161152894
TTCATTGCAACGACTT-1,Oligo MOG OPALIN,0.15856655783211177
TTCATTGCAAGCCATT-1,L2-3 CUX2 NTNG1 PALMD,0.033635650099261095
TTCATTGCATCAGCGC-1,InN VIP EXPH5,0.011944680947780117
TTCCAATCAGGCAATG-1,PC P2RY14 GRM8,0.9998329107034879
TTCCAATCATCAGCTA-1,L2-3 CUX2 NTNG1 PALMD,0.055427373000367375
TTCCAATTCGTAGGAG-1,Astro AQP4 SLC1A2,0.9984159128167942
TTCCACGCACAGCATT-1,L2-3 CUX2 NTNG1 PALMD,0.6519231481976946
TTCCACGGTATGACAA-1,Micro P2RY12 APBB1IP,0.06866677707799951
TTCCACGGTGACGCCT-1,Oligo MOG OPALIN,0.5057627447404311
TTCCACGGTGCTCTTC-1,L2-3 CUX2 ACVR1C THSD7A,0.9880732296067278
TTCCACGTCATGCATG-1,Oligo MOG OPALIN,0.20448567147315402
TTCCACGTCCTTATCA-1,Astro GFAP AQP1,0.17307104991603114
TTCCGGTCAATTGGTC-1,Astro AQP4 SLC1A2,0.9999773443399289
TTCCGTGCAACCTAAC-1,L3-5 RORB MKX GRIN3A,0.8544069454491837
TTCCGTGGTTCACGAT-1,Astro GFAP AQP1,0.03417625081414777
TTCCGTGTCAGGAGAC-1,Endo CLDN5 SLC7A5,0.6214423023307267
TTCCGTGTCATTGTTC-1,Oligo MOG OPALIN,0.8727801000813854
TTCCGTGTCCGGCAAC-1,OPC PDGFRA PCDH15,0.9999999999792615
TTCCGTGTCCTGGGTG-1,Micro P2RY12 GLDN,0.6783983000300259
TTCCTAAAGGTCGTAG-1,PC P2RY14 GRM8,0.981336313250104
TTCCTAAAGTGGAAAG-1,Endo CLDN5 SLC7A5,0.5412683157268845
TTCCTAACAATCTGCA-1,Endo CLDN5 SLC7A5,0.9891457665142736
TTCCTAAGTTGCTAGT-1,Astro AQP4 SLC1A2,0.7751788397481634
TTCCTAATCGTTCTGC-1,Astro AQP4 SLC1A2,0.7346229657399879
TTCCTCTAGCAACTCT-1,Endo CLDN5 SLC7A5,0.9457787821983906
TTCCTCTGTCGCATTA-1,L2-3 CUX2 NTNG1 PALMD,0.04624464717078155
TTCCTCTGTCGCGTCA-1,Endo CLDN5 SLC7A5,0.8447164883005236
TTCCTCTGTCTTTATC-1,L3-5 RORB MKX GRIN3A,0.7355997624331233
TTCCTCTTCAGTCATG-1,Endo CLDN5 SLC7A5,0.9476847167623829
TTCCTCTTCTCAGAAC-1,Endo CLDN5 SLC7A5,0.6747409270220226
TTCCTTCCAAAGGCTG-1,L3-5 RORB MKX GRIN3A,0.07451838207877676
TTCCTTCCAACCCGCA-1,Endo CLDN5 SLC7A5,0.34282417884352295
TTCCTTCCAACTCCAA-1,Endo CLDN5 SLC7A5,0.2732994557186986
TTCCTTCGTAACTGCT-1,SMC ACTA2 CYP1B1,0.16164188466137264
TTCCTTCGTGACAGGT-1,L2-3 CUX2 NTNG1 PALMD,0.4332488370973874
TTCCTTCTCGTGGAAG-1,PC P2RY14 GRM8,0.9999942570623125
TTCCTTCTCTCCCATG-1,Endo CLDN5 SLC7A5,0.5069076916125206
TTCGATTCACAGAGCA-1,Endo CLDN5 SLC7A5,0.2216354221533862
TTCGATTCAGCCTACG-1,Endo CLDN5 SLC7A5,0.15432669100325339
TTCGATTCATATACCG-1,L2-3 CUX2 ACVR1C INHBA,0.1088312264333657
TTCGATTGTCGTTTCC-1,OPC PDGFRA PCDH15,0.22417583495631796
TTCGATTTCCTCGCAT-1,L2-3 CUX2 NTNG1 PALMD,0.08583231681255397
TTCGATTTCCTCTAAT-1,L3-5 RORB PCBP3 ARHGAP15,0.571989982976851
TTCGATTTCGCTGCGA-1,Astro GFAP FABP7,0.15809110117516117
TTCGATTTCTGACGCG-1,Astro GFAP AQP1,0.05266428232962213
TTCGCTGAGCGCGTTC-1,Endo CLDN5 SLC7A5,0.08938613709237174
TTCGCTGCAAATCAGA-1,Endo CLDN5 SLC7A5,0.7392092759057163
TTCGCTGCAGCTCCTT-1,Endo CLDN5 SLC7A5,0.2641104792122043
TTCGCTGTCCTCCACA-1,InN LAMP5 ADAMTS20,0.07537022969398223
TTCGCTGTCGCCAACG-1,L3-5 RORB PCBP3 ARHGAP15,0.2669771243934445
TTCGGTCAGATTAGCA-1,Endo CLDN5 SLC7A5,0.978374793321494
TTCGGTCAGTATGTAG-1,L2-3 CUX2 NTNG1 PALMD,0.8668941154933344
TTCGGTCCACAAAGTA-1,Micro P2RY12 APBB1IP,0.13740810306863724
TTCGGTCCAGGCTATT-1,Micro P2RY12 APBB1IP,0.06726441270245678
TTCGGTCGTACATACC-1,Oligo MOG OPALIN,0.5845309489374089
TTCGGTCGTAGGTTTC-1,Endo CLDN5 SLC7A5,0.5009120006638461
TTCGGTCGTATCGGTT-1,InN PVALB PDE3A,0.9945603825274398
TTCGGTCGTATGAGCG-1,OPC PDGFRA PCDH15,0.9999999999999729
TTCGGTCGTTCGGACC-1,Oligo MOG OPALIN,0.9005227092993201
TTCGGTCTCAGCGCAC-1,Endo CLDN5 SLC7A5,0.1428358084517401
TTCGGTCTCTCCCAAC-1,L2-3 CUX2 NTNG1 PALMD,0.02566402769708591
TTCTAACAGTGACCTT-1,Endo CLDN5 SLC7A5,0.9408740529269715
TTCTAACAGTTGGAAT-1,Endo CLDN5 SLC7A5,0.9229618260036339
TTCTAACAGTTTCGGT-1,Endo CLDN5 SLC7A5,0.977823178541621
TTCTAACCATGGCCCA-1,Endo CLDN5 SLC7A5,0.9958015429036084
TTCTAACGTCGTTATG-1,Endo CLDN5 SLC7A5,0.05554641824678196
TTCTAACTCGCCCAGA-1,L2-3 CUX2 NTNG1 PALMD,0.08202292568811702
TTCTAACTCTCGTTTA-1,Endo CLDN5 SLC7A5,0.954079208752594
TTCTAGTAGAGGCGGA-1,L3-5 RORB MKX GRIN3A,0.8105370815741172
TTCTAGTAGTCTTCCC-1,Endo CLDN5 SLC7A5,0.9204879799416601
TTCTAGTGTACAGTTC-1,Endo CLDN5 SLC7A5,0.9632013812199589
TTCTAGTGTCTTTCAT-1,PC P2RY14 GRM8,0.9924673875530335
TTCTAGTGTTCGGTAT-1,Endo CLDN5 SLC7A5,0.5513195366535615
TTCTCTCCACCGTCTT-1,Endo CLDN5 SLC7A5,0.8525491281174274
TTCTCTCCACTTGAAC-1,Oligo MOG OPALIN,0.407262571902694
TTCTCTCGTTCTCTCG-1,InN LAMP5 RELN,0.04752394858428072
TTCTCTCTCCCAGCGA-1,Astro GFAP FABP7,0.9999894865155616
TTCTGTAAGATAACGT-1,Endo CLDN5 SLC7A5,0.9446539029022988
TTCTGTAAGATGCGAC-1,L2-3 CUX2 NTNG1 PALMD,0.9495225807851326
TTCTGTACATAGACTC-1,L5-6 FEZF2 NXPH2 CDH8,0.049135854810967175
TTCTGTAGTACCTAAC-1,Endo CLDN5 SLC7A5,0.1955801994443246
TTCTGTAGTGAATATG-1,Oligo MOG OPALIN,0.36226080373972597
TTCTGTAGTGGTCTAT-1,Oligo MOG OPALIN,0.21959944324051714
TTCTGTAGTGTATTGC-1,Oligo MOG OPALIN,0.33116407099292927
TTCTTCCAGAAGCGCT-1,Endo CLDN5 SLC7A5,0.9437775031151617
TTCTTCCAGAATTCAG-1,Endo CLDN5 SLC7A5,0.4640511597001984
TTCTTCCAGCAACTCT-1,Endo CLDN5 SLC7A5,0.5710345089536532
TTCTTCCCACAAGGTG-1,L3-5 RORB MKX DCC,0.020369978845122785
TTCTTCCCAGCATGCC-1,L2-4 CUX2 RORB CLMN,0.01906909999900645
TTCTTCCCAGCGATTT-1,Endo CLDN5 SLC7A5,0.20279579198002026
TTCTTCCCATTGTACG-1,Endo CLDN5 SLC7A5,0.783594172313514
TTCTTCCGTCGTACTA-1,Endo CLDN5 SLC7A5,0.051357455667847
TTCTTCCTCGCACGAC-1,Endo CLDN5 SLC7A5,0.4510380126258583
TTCTTGAAGAATCGAT-1,Endo CLDN5 IL1R1,0.9996866630061456
TTCTTGACACTAGGTT-1,Endo CLDN5 SLC7A5,0.6770605029677593
TTCTTGATCCCAGTGG-1,Micro P2RY12 APBB1IP,0.2355971439820557
TTGAACGCATGACCCG-1,InN VIP ADAM12,0.011952797639270287
TTGAACGGTACACGTT-1,L6 OPRK1 SMYD1 SNTB1,0.019344493045632166
TTGAACGGTTAAACCC-1,Astro GFAP FABP7,0.999855954300508
TTGAACGTCGTTCAGA-1,Oligo MOG OPALIN,0.05493057488075166
TTGAACGTCTGTCTCG-1,Endo CLDN5 SLC7A5,0.8002790268938161
TTGACCCAGCAGGTCA-1,L3-5 RORB PCBP3 IL1RAPL2,0.19003071978247307
TTGACCCAGGTGAGCT-1,PC P2RY14 GRM8,0.9999906297504304
TTGACCCCAAAGGCTG-1,Endo CLDN5 SLC7A5,0.836219410492045
TTGACCCCACCTGCTT-1,L2-3 CUX2 NTNG1 COL5A2,0.4754735129134113
TTGACCCTCATCTACT-1,Oligo MOG FRY,0.21419103500963305
TTGAGTGAGGCTTAGG-1,Astro AQP4 SLC1A2,0.1273190726154368
TTGAGTGGTGTAGTGG-1,Endo CLDN5 SLC7A5,0.9642216617460294
TTGAGTGGTTCTAACG-1,Endo CLDN5 SLC7A5,0.10738018261990705
TTGAGTGTCTGGGAGA-1,Endo CLDN5 SLC7A5,0.9941736617931763
TTGAGTGTCTTAGCTT-1,L3-5 RORB MKX GRIN3A,0.12032847654908418
TTGATGGAGTGATTCC-1,Endo CLDN5 SLC7A5,0.15175912326773164
TTGATGGCACTTCCTG-1,Micro P2RY12 CCL3,0.8632237980162979
TTGCATTAGGCCCAAA-1,L3-5 RORB MKX GRIN3A,0.6669525440559136
TTGCATTCAAGTACCT-1,Endo CLDN5 SLC7A5,0.9739142349436012
TTGCATTGTATTTCGG-1,Endo CLDN5 SLC7A5,0.4535729175454174
TTGCATTTCTGAGAGG-1,Oligo MOG OPALIN,0.33290615112322924
TTGCCTGAGTCTGGAG-1,Endo CLDN5 SLC7A5,0.9493724395533842
TTGCCTGCAGGATGAC-1,Endo CLDN5 SLC7A5,0.14711962708167403
TTGCCTGCATCATCTT-1,Endo CLDN5 SLC7A5,0.9978024575822836
TTGCCTGCATCCGAAT-1,L2-4 CUX2 RORB CLMN,0.05750255545987976
TTGCCTGCATCGCCTT-1,Endo CLDN5 SLC7A5,0.9968705660324945
TTGCCTGCATGAATCC-1,Astro AQP4 SLC1A2,0.340051742260422
TTGCCTGGTCTACAAC-1,L3-5 RORB MKX GRIN3A,0.09739146723367464
TTGCCTGGTTCTCAGA-1,Endo CLDN5 SLC7A5,0.36712228895085225
TTGCCTGTCCGCAACG-1,Endo CLDN5 SLC7A5,0.8782570974697073
TTGCGTCAGCGGATCA-1,Endo CLDN5 SLC7A5,0.991602147197278
TTGCGTCAGTTCCTGA-1,Endo CLDN5 SLC7A5,0.5150346176885972
TTGCGTCCAATAGGGC-1,L2-3 CUX2 ACVR1C THSD7A,0.14908719766018974
TTGCGTCCACGACAAG-1,Endo CLDN5 SLC7A5,0.8525775780149418
TTGCGTCCACGGGTAA-1,Astro AQP4 SLC1A2,0.97836152615903
TTGCGTCCAGAGTAAT-1,Astro GFAP AQP1,0.7879859464448327
TTGCGTCTCAGATTGC-1,Endo CLDN5 SLC7A5,0.9237926596183895
TTGCGTCTCCAGCAAT-1,Oligo MOG OPALIN,0.46745578009122174
TTGCTGCAGTAGTCCT-1,InN LAMP5 ADAMTS20,0.036794219013469104
TTGCTGCAGTTACGTC-1,Endo CLDN5 SLC7A5,0.9055171515733061
TTGCTGCCATGGGAAC-1,Endo CLDN5 SLC7A5,0.03902133342560988
TTGCTGCGTATCCTCC-1,Endo CLDN5 SLC7A5,0.6586739271835771
TTGCTGCGTATGCAAA-1,Endo CLDN5 SLC7A5,0.23428243446356223
TTGGATGAGGTCCGAA-1,Endo CLDN5 SLC7A5,0.06190696752040987
TTGGATGCAAACTGCT-1,Oligo MOG OPALIN,0.9793242093097059
TTGGATGCATCCCGTT-1,Oligo MOG OPALIN,0.33750133163643536
TTGGATGCATTGAGCT-1,Oligo MOG OPALIN,0.9999995895891548
TTGGATGGTAACACCT-1,Endo CLDN5 SLC7A5,0.929701232936588
TTGGATGGTATAATGG-1,Oligo MOG OPALIN,0.9975395372445829
TTGGATGGTATCGTGT-1,Endo CLDN5 SLC7A5,0.9695077838967135
TTGGATGGTCTGATAC-1,L3-5 RORB MKX GRIN3A,0.030967227845566703
TTGGATGTCCCGATCT-1,Endo CLDN5 SLC7A5,0.3880960459162433
TTGGATGTCTTCTTCC-1,Oligo MOG OPALIN,0.9999749710493143
TTGGGATAGACAAGCC-1,Oligo MOG OPALIN,0.5742531238182261
TTGGGATAGTTACGGG-1,Micro P2RY12 APBB1IP,0.2832201979260676
TTGGGATCAAATCAGA-1,L2-3 CUX2 NTNG1 COL5A2,0.32718587222988416
TTGGGATCAGAGGCTA-1,Endo CLDN5 SLC7A5,0.48694819804075007
TTGGGATCATGACGGA-1,L6 OPRK1 THEMIS RGS6,0.8845678068598559
TTGGGATGTCATCTAG-1,Astro AQP4 SLC1A2,0.8577073995416067
TTGGGATTCAGACATC-1,PC P2RY14 GRM8,0.998520313339252
TTGGGATTCCGCGGAT-1,L2-3 CUX2 NTNG1 PALMD,0.26026118943454307
TTGGGATTCGTAGCCG-1,InN SST ADAMTSL1,0.028945024894151537
TTGGGATTCTCTCGCA-1,L5 FEZF2 BCL11B POU3F1,0.8223884587011098
TTGGGATTCTGGGCAC-1,Endo CLDN5 SLC7A5,0.30512683734196405
TTGGGCGAGTGAATAC-1,Endo CLDN5 SLC7A5,0.8598543499247029
TTGGGCGGTAGGACTG-1,L3-5 RORB MKX GRIN3A,0.9556210877639391
TTGGGCGGTCAGCGTC-1,Endo CLDN5 SLC7A5,0.9860691026054218
TTGGGTACAACTTGGT-1,Endo CLDN5 SLC7A5,0.9953194847130303
TTGGGTAGTGAGACCA-1,Astro AQP4 SLC1A2,0.9792343531527156
TTGGGTATCACCACAA-1,Endo CLDN5 SLC7A5,0.9228338577478187
TTGGTTTAGAGGTATT-1,Endo CLDN5 SLC7A5,0.7314048110716195
TTGGTTTAGCGCCATC-1,InN SST FREM1,0.06912196270886901
TTGGTTTCACGCTGAC-1,Micro P2RY12 APBB1IP,0.6858802691288103
TTGGTTTGTAACATCC-1,Micro P2RY12 APBB1IP,0.04656390196581526
TTGTGGAAGCCGATCC-1,L2-3 CUX2 NTNG1 PALMD,0.18831409392385026
TTGTGGATCATGACAC-1,Oligo MOG OPALIN,0.9061437849694078
TTGTGGATCCTAGCCT-1,InN VIP ADAM12,0.026067923641494104
TTGTGTTCAAACTGCT-1,L3-5 RORB MKX GRIN3A,0.023352558089673948
TTGTGTTGTTAAAGTG-1,Astro AQP4 SLC1A2,0.6892465319705012
TTGTGTTTCATGACAC-1,Oligo MOG OPALIN,0.012143977455335832
TTGTTCAAGCCATATC-1,L6 FEZF2 NPFFR2 KCNK2,0.8277514495586755
TTGTTCAAGTGCACAG-1,Oligo MOG OPALIN,0.40259911051709757
TTGTTCACAATGAGCG-1,Endo CLDN5 SLC7A5,0.02897026194273539
TTGTTCACACCATAAC-1,Oligo MOG OPALIN,0.9393382937476434
TTGTTCAGTATATGGA-1,Endo CLDN5 SLC7A5,0.032620394881693666
TTGTTCAGTGACAGGT-1,Endo CLDN5 SLC7A5,0.8523414018678749
TTGTTCATCATGTCAG-1,L2-4 CUX2 RORB CLMN,0.1304285838549946
TTGTTGTAGCGCGTTC-1,Endo CLDN5 SLC7A5,0.9198909118833111
TTGTTGTAGTTTCGAC-1,L2-3 CUX2 ACVR1C THSD7A,0.999793903890675
TTGTTGTGTCGTGGAA-1,L3-5 RORB MKX DCC,0.17487887968190607
TTGTTGTGTTAATCGC-1,Endo CLDN5 SLC7A5,0.5211493504116059
TTGTTGTGTTGTTGTG-1,Oligo MOG OPALIN,0.9986261496773566
TTGTTGTTCGTAGCCG-1,L6 OPRK1 THEMIS RGS6,0.5379167073229906
TTGTTGTTCTTCGGAA-1,Endo CLDN5 SLC7A5,0.08416722225404422
TTGTTTGAGGCCGCTT-1,Astro AQP4 SLC1A2,0.9676916709777657
TTGTTTGCAATACGAA-1,Endo CLDN5 SLC7A5,0.8659443414771459
TTGTTTGCACAAATAG-1,Endo CLDN5 SLC7A5,0.5267404759527614
TTGTTTGGTTGCTCAA-1,L2-3 CUX2 ACVR1C THSD7A,0.3408921146356411
TTTACCAAGCTGTACT-1,Endo CLDN5 SLC7A5,0.077780505446028
TTTACCAAGTCACTCA-1,Oligo MOG OPALIN,0.999625698012002
TTTACCAAGTCGAAGC-1,Endo CLDN5 SLC7A5,0.9746744571561339
TTTACCAAGTCTTGGT-1,Astro GFAP AQP1,0.013212159679366503
TTTACCAAGTTGGCTT-1,Endo CLDN5 SLC7A5,0.6577621248419468
TTTACCAGTGGCCCAT-1,InN VIP MEGF11 LHFP,0.9659302946617472
TTTACCATCGCCATAA-1,Endo CLDN5 SLC7A5,0.5536076402657742
TTTACGTAGCAATAAC-1,InN PVALB HPSE,0.5875466539859044
TTTACGTAGTTAGTAG-1,L3-5 RORB MKX GRIN3A,0.2096036734207594
TTTACGTGTGACGCCT-1,Astro AQP4 SLC1A2,0.9997976153121615
TTTACGTTCCGAAATC-1,L2-3 CUX2 NTNG1 COL5A2,0.5261919069066173
TTTACGTTCGTTGCCT-1,InN LAMP5 MEIS2,0.0452312548247628
TTTACTGAGGGCAGAG-1,L3-5 RORB MKX GALR1,0.01387070237415592
TTTACTGAGGTTCCAT-1,Endo CLDN5 SLC7A5,0.8007214386820629
TTTACTGAGTTGCGCC-1,Endo CLDN5 SLC7A5,0.22154436913084266
TTTACTGCAATTTCTC-1,Endo CLDN5 SLC7A5,0.03801211478129489
TTTACTGCACCTGATA-1,L3-5 RORB MKX GRIN3A,0.572789904284525
TTTACTGCAGACCGCT-1,Endo CLDN5 SLC7A5,0.5598220998955765
TTTACTGTCCGAAGGA-1,Endo CLDN5 SLC7A5,0.022065070865238064
TTTAGTCCAAATCCCA-1,Endo CLDN5 SLC7A5,0.06578423607187597
TTTAGTCGTCACTGAT-1,OPC PDGFRA PCDH15,0.9999985798176471
TTTAGTCTCAATGTCG-1,Endo CLDN5 SLC7A5,0.2471968555363641
TTTAGTCTCACAGTGT-1,Oligo MOG OPALIN,0.9902253667997698
TTTAGTCTCAGAGTGG-1,Endo CLDN5 SLC7A5,0.2956875509607737
TTTAGTCTCATTCACT-1,Endo CLDN5 SLC7A5,0.990796112107899
TTTATGCAGACGCATG-1,L2-3 CUX2 NTNG1 PALMD,0.06498432498778395
TTTATGCAGGACTTCT-1,L3-5 RORB MKX DCC,0.9657446804566496
TTTATGCCACATTACG-1,Astro GFAP AQP1,0.9648172290385865
TTTATGCGTATTCCTT-1,Oligo MOG OPALIN,0.489612546601923
TTTATGCTCTACGCAA-1,L2-3 CUX2 ACVR1C INHBA,0.056495061513033205
TTTATGCTCTCATTTG-1,Oligo MOG OPALIN,0.9981593309024708
TTTCACAAGACCCTTA-1,OPC PDGFRA PCDH15,0.9999999999959821
TTTCACAAGTATAGAC-1,Oligo MOG OPALIN,0.3377855902855109
TTTCACAGTTAGAGTA-1,VLMC COL1A2 SLC13A3,0.9564876548018297
TTTCACATCTAGGCCG-1,Oligo MOG FRY,0.21832028940327808
TTTCAGTCACAGCCTG-1,L2-3 CUX2 NTNG1 PALMD,0.9610344667981574
TTTCAGTCATTCCTAT-1,L6 FEZF2 SYT6 PTPRT,0.028971119900803206
TTTCATGAGTATCCTG-1,Astro AQP4 SLC1A2,0.9160034311096684
TTTCATGGTCGCTTAA-1,Endo CLDN5 SLC7A5,0.22016670545234593
TTTCATGGTGCTGTCG-1,L3-5 RORB TNNT2 TSHZ2,0.014373649730181378
TTTCATGTCCAGTGTA-1,L2-3 CUX2 NTNG1 PALMD,0.2288233068711043
TTTCCTCCAGAGGCAT-1,Endo CLDN5 SLC7A5,0.7473378370326299
TTTCCTCCATGGCCCA-1,L2-3 CUX2 NTNG1 PALMD,0.09143654245252801
TTTCCTCTCCTTCTAA-1,L2-3 CUX2 NTNG1 PALMD,0.3573356637966079
TTTCGATCATCTCAAG-1,L2-3 CUX2 NTNG1 COL5A2,0.1359018172867822
TTTCGATGTACCTATG-1,PC P2RY14 GRM8,0.9983479284481279
TTTCGATGTGCTCTCT-1,Endo CLDN5 SLC7A5,0.8703359654576628
TTTCGATTCTCTCTTC-1,Oligo MOG OPALIN,0.051544673932934895
TTTCGATTCTGGCCAG-1,L2-3 CUX2 NTNG1 COL5A2,0.016381601586984856
TTTGACTCAACCCGCA-1,Endo CLDN5 SLC7A5,0.9953594861819784
TTTGACTCAAGACAAT-1,Endo CLDN5 SLC7A5,0.8448862037490016
TTTGACTCACCTGCGA-1,InN PVALB HPSE,0.03733066902003588
TTTGACTCATCAGCGC-1,Oligo MOG OPALIN,0.9998902907195715
TTTGACTGTCACGACC-1,InN LAMP5 ADAMTS20,0.05813925169281394
TTTGACTGTCAGCGTC-1,InN VIP ADAM12,0.012221412427996263
TTTGACTGTGTGACCC-1,Oligo MOG OPALIN,0.9501135833217501
TTTGACTGTTCACGAT-1,Endo CLDN5 SLC7A5,0.9660672285154513
TTTGACTGTTGGACCC-1,Endo CLDN5 SLC7A5,0.5282490971879654
TTTGATCAGCTGAGCA-1,Endo CLDN5 SLC7A5,0.8948496537896056
TTTGATCCAAGCACCC-1,Endo CLDN5 SLC7A5,0.5402023664527529
TTTGATCCAGGTATGG-1,Oligo MOG OPALIN,0.5467232520072193
TTTGATCGTTACGTAC-1,Endo CLDN5 SLC7A5,0.9716674086545504
TTTGATCGTTCTAACG-1,Oligo MOG OPALIN,0.9989079888821446
TTTGATCGTTGGAGAC-1,Oligo MOG OPALIN,0.8052102157661365
TTTGGAGAGACAACAT-1,Endo CLDN5 SLC7A5,0.05149140054915616
TTTGGAGAGTAGAATC-1,L2-3 CUX2 NTNG1 PLCH1,0.02292242108779673
TTTGGAGGTAGCTCGC-1,L2-3 CUX2 NTNG1 PALMD,0.9579315042059853
TTTGGAGGTCCGACGT-1,Endo CLDN5 SLC7A5,0.049234830944768146
TTTGGAGGTGTAGTGG-1,L3-5 RORB MKX GRIN3A,0.06281689550732823
TTTGGTTAGCACAAAT-1,Astro AQP4 SLC1A2,0.9995854829093169
TTTGGTTCAAGATGGC-1,Endo CLDN5 SLC7A5,0.015489392542743823
TTTGGTTCAGAGAGGG-1,L2-3 CUX2 NTNG1 PALMD,0.0988019489487079
TTTGGTTCAGTATTCG-1,Oligo MOG OPALIN,0.5830038777523237
TTTGGTTGTACGTGTT-1,L3-5 RORB MKX GALR1,0.2418466482868266
TTTGGTTGTATCGTGT-1,Endo CLDN5 SLC7A5,0.6388144804765096
TTTGGTTTCCGCACGA-1,L3-5 RORB MKX DCC,0.06366271566428774
TTTGGTTTCTGTGCGG-1,Endo CLDN5 SLC7A5,0.32652841726874526
TTTGTTGCATGTTTGG-1,Endo CLDN5 SLC7A5,0.1037389992838591
TTTGTTGGTAACAAGT-1,SMC ACTA2 CRISPLD2,0.07886574787883804
TTTGTTGGTAACCAGG-1,Endo CLDN5 SLC7A5,0.10287890820223321
TTTGTTGGTTGCACGC-1,L2-3 CUX2 ACVR1C THSD7A,0.01935810953827015
TTTGTTGGTTGGATCT-1,Endo CLDN5 SLC7A5,0.4951827223866363
TTTGTTGTCAGTAGGG-1,Endo CLDN5 SLC7A5,0.9974741600492347
TTTGTTGTCATAGGCT-1,L2-4 CUX2 RORB CLMN,0.07892764135984022
TTTGTTGTCCCGAATA-1,Oligo MOG OPALIN,0.5728458196281174
