,ctpt_individual_prediction,ctpt_confidence
AAACCCAAGAGCAAGA-1,L3-5 RORB GABRG1 PTPRO,0.06177872128561785
AAACCCAAGCGGTAGT-1,L3-5 RORB GABRG1 PTPRO,0.3249264683200132
AAACCCACAACGTAAA-1,Astro AQP4 SLC1A2,0.9879026423778305
AAACCCAGTACCAGAG-1,Oligo MOG OPALIN,0.13258332797456718
AAACCCAGTATCTCTT-1,Oligo MOG OPALIN,0.7513667344967245
AAACCCATCATGCCCT-1,Micro P2RY12 APBB1IP,0.07907760910133245
AAACCCATCGAGAAAT-1,Endo CLDN5 SLC7A5,0.830657618903667
AAACCCATCTCATTTG-1,InN SST FREM1,0.9972592263582285
AAACCCATCTGTGCTC-1,Oligo MOG OPALIN,0.09519493434389181
AAACGAACAACTTGCA-1,Endo CLDN5 SLC7A5,0.28610717854847756
AAACGAAGTCCCACGA-1,Endo CLDN5 SLC7A5,0.10546497175358878
AAACGCTAGGACGCTA-1,Astro GFAP AQP1,0.5567036909438844
AAACGCTCAAAGGTTA-1,SMC ACTA2 CYP1B1,0.006942054338494157
AAACGCTCACACCGCA-1,L2-3 CUX2 NTNG1 PALMD,0.061890453946666174
AAACGCTGTACCATAC-1,Oligo MOG OPALIN,0.6177060165874835
AAACGCTGTCCGGTCA-1,Endo CLDN5 SLC7A5,0.07310031477848646
AAACGCTGTGACCGAA-1,Endo CLDN5 SLC7A5,0.7862548346929009
AAACGCTGTTCTTGTT-1,Oligo MOG OPALIN,0.12430907794711656
AAAGAACAGTTTCAGC-1,Endo CLDN5 SLC7A5,0.6864353754576591
AAAGAACCAAGGACAC-1,Oligo MOG OPALIN,0.956434824883404
AAAGAACCATTGTACG-1,Endo CLDN5 SLC7A5,0.940883935311314
AAAGAACGTTCGGCGT-1,Oligo MOG OPALIN,0.9999331930544751
AAAGGATAGCGTCAAG-1,Oligo MOG OPALIN,0.9999657994211765
AAAGGATCAAATCCCA-1,Endo CLDN5 SLC7A5,0.9090886595322074
AAAGGATCAATAACGA-1,Endo CLDN5 SLC7A5,0.15962445335877046
AAAGGATCAGAGGTTG-1,Endo CLDN5 SLC7A5,0.08152296783239964
AAAGGGCAGGGTACGT-1,Micro P2RY12 APBB1IP,0.9986117139282242
AAAGGGCCACCGTCGA-1,Micro P2RY12 GLDN,0.06210068458831563
AAAGGGCCACTAGGTT-1,Endo CLDN5 SLC7A5,0.2585903542175702
AAAGGGCCAGCAGATG-1,InN PVALB GRIN2C,0.9706419986664668
AAAGGGCCAGCATCTA-1,Oligo MOG OPALIN,0.8591993625134894
AAAGGGCGTCACTCTC-1,L3-5 RORB GABRG1 PTPRO,0.37324544282850763
AAAGGGCGTTCAGTAC-1,Oligo MOG OPALIN,0.9949270912724514
AAAGGGCTCATGCCAA-1,Endo CLDN5 SLC7A5,0.980078251900841
AAAGGGCTCGTCAAAC-1,Astro AQP4 SLC1A2,0.9996233218928877
AAAGGTAAGAAGATCT-1,Micro P2RY12 APBB1IP,0.9987626351126095
AAAGGTAAGAAGGTAG-1,Endo CLDN5 SLC7A5,0.9973106083801659
AAAGGTAAGAGCGACT-1,Oligo MOG OPALIN,0.9999972716242298
AAAGGTAAGGCTCAAG-1,L2-3 CUX2 NTNG1 PALMD,0.3650953463660779
AAAGGTAGTGATTCTG-1,Endo CLDN5 SLC7A5,0.5059537072532393
AAAGGTAGTGTACATC-1,Endo CLDN5 SLC7A5,0.43348518852172097
AAAGGTATCATTACCT-1,Oligo MOG OPALIN,0.997138161267505
AAAGTCCCATCGAACT-1,Endo CLDN5 SLC7A5,0.9371591728322048
AAAGTCCGTCCAAATC-1,Astro AQP4 SLC1A2,0.8074546874473868
AAAGTCCTCAGGTGTT-1,Oligo MOG OPALIN,0.24146701888477073
AAAGTCCTCGACGCTG-1,Astro AQP4 SLC1A2,0.9999854566768341
AAAGTGACAAATTAGG-1,Endo CLDN5 SLC7A5,0.41265096389963757
AAAGTGAGTCCAAATC-1,Oligo MOG OPALIN,0.9999985513723395
AAAGTGAGTGATGTAA-1,L3-5 RORB GABRG1 PLCH1,0.017680246303070402
AAAGTGATCATGCAGT-1,Oligo MOG OPALIN,0.05486069308949736
AAAGTGATCGTAGCCG-1,Endo CLDN5 SLC7A5,0.7028505167228281
AAATGGAAGAAGCGAA-1,L6 FEZF2 SYT6 CDH9,0.038432712961611194
AAATGGAAGACAGTCG-1,L6 OPRK1 THEMIS RGS6,0.8554213854557347
AAATGGACACCGAATT-1,Oligo MOG OPALIN,0.5185993771399814
AAATGGACAGGTTCAT-1,Oligo MOG OPALIN,0.990329553916547
AAATGGACAGTAACAA-1,Endo CLDN5 SLC7A5,0.08817889806977693
AAATGGAGTAGCTTGT-1,Endo CLDN5 SLC7A5,0.14198429618882571
AAATGGAGTCTCTCTG-1,Endo CLDN5 SLC7A5,0.009045339613424571
AAATGGATCACTGGGC-1,Endo CLDN5 SLC7A5,0.8043667013969402
AAATGGATCCCTCAAC-1,L2-3 CUX2 NTNG1 PALMD,0.03643315498994552
AAATGGATCTCGGTCT-1,Micro P2RY12 APBB1IP,0.9981373606029741
AACAAAGGTCCCGTGA-1,Astro GFAP AQP1,0.22026187198471683
AACAAAGGTGACCGTC-1,Endo CLDN5 SLC7A5,0.24879755549604624
AACAACCAGCCGTTAT-1,Astro AQP4 SLC1A2,0.9633514505749945
AACAACCAGGACATCG-1,Endo CLDN5 SLC7A5,0.011196704726546478
AACAACCTCATCGCAA-1,Endo CLDN5 SLC7A5,0.3964808551568209
AACAAGAAGGGCGAAG-1,PC P2RY14 GRM8,0.9945075232406291
AACAAGACACGCTGCA-1,Endo CLDN5 SLC7A5,0.6968282492844811
AACAAGACAGTAGATA-1,Endo CLDN5 SLC7A5,0.4609171541193484
AACAAGAGTCTTCGAA-1,Micro P2RY12 GLDN,0.9986144123064182
AACACACAGCTGACCC-1,Endo CLDN5 SLC7A5,0.9636712856331915
AACACACCACCATTCC-1,L3-5 RORB GABRG1 PTPRO,0.24567961188183945
AACACACGTACAGAGC-1,Oligo MOG OPALIN,0.830638061978955
AACACACGTGCATTTG-1,InN VIP EXPH5,0.01865657157916056
AACACACGTTCAGGTT-1,Endo CLDN5 SLC7A5,0.9923629075464027
AACACACTCGCTCCTA-1,Oligo MOG OPALIN,0.751367293423991
AACAGGGAGCATTTGC-1,Endo CLDN5 SLC7A5,0.7113905988593725
AACAGGGCACATACTG-1,InN VIP EXPH5,0.07670265706325208
AACAGGGCACTCACTC-1,Endo CLDN5 SLC7A5,0.028962259390141375
AACAGGGGTTCTTCAT-1,L3-5 RORB GABRG1 PLCH1,0.06677615714761378
AACAGGGTCGACCTAA-1,Endo CLDN5 SLC7A5,0.341529431777835
AACAGGGTCTTACGGA-1,Oligo MOG OPALIN,0.0424991307531721
AACAGGGTCTTCACAT-1,L3-5 RORB PCBP3 ARHGAP15,0.016307655805669192
AACCAACAGAGCCGAT-1,Oligo MOG OPALIN,0.7565435692707148
AACCAACCAGGTTCGC-1,Oligo MOG OPALIN,0.9978693455958006
AACCAACCAGTCAGAG-1,L3-5 RORB GABRG1 PTPRO,0.1317227194398964
AACCAACGTACGCTAT-1,Endo CLDN5 SLC7A5,0.2779077330084977
AACCAACGTGAGTTTC-1,Endo CLDN5 SLC7A5,0.9556985168413542
AACCAACGTGCGTTTA-1,L6 FEZF2 NPFFR2 TPD52L1,0.5250656997882924
AACCAACGTTCTCTAT-1,Oligo MOG OPALIN,0.956552957112171
AACCACAAGCGGTATG-1,L2-3 CUX2 NTNG1 PALMD,0.8482891904027017
AACCACAAGTAGTCAA-1,Astro GFAP FABP7,0.6914485733812911
AACCACACACGGTCTG-1,Endo CLDN5 SLC7A5,0.4688618397307447
AACCACACATGGCACC-1,Endo CLDN5 SLC7A5,0.14463139616070939
AACCACAGTGGCAACA-1,Oligo MOG OPALIN,0.9997603491534399
AACCACATCCACGTGG-1,L2-3 CUX2 ACVR1C THSD7A,0.9949139752454723
AACCACATCTACGCGG-1,Endo CLDN5 SLC7A5,0.9376106367188259
AACCATGAGCTGGCCT-1,L3-5 RORB MKX GALR1,0.5211417002511505
AACCATGAGGTACTGG-1,SMC ACTA2 CNN1,0.2703620142644156
AACCATGAGTGTACAA-1,Oligo MOG OPALIN,0.8651678882117364
AACCATGCAACCGTGC-1,OPC PDGFRA PCDH15,0.9999999999845393
AACCATGCACACCTTC-1,InN SST HS3ST5,0.534072789466434
AACCATGGTACTAACC-1,Endo CLDN5 SLC7A5,0.9975288753697257
AACCATGGTACTCGAT-1,OPC PDGFRA PCDH15,0.9999999997877103
AACCATGTCGCTGATA-1,Endo CLDN5 SLC7A5,0.07123283335585881
AACCCAAAGCAGATAT-1,Oligo MOG OPALIN,0.9616050888887462
AACCCAACACGACAAG-1,Oligo MOG OPALIN,0.6063918787490762
AACCCAACACGTCTCT-1,L6 OPRK1 THEMIS RGS6,0.035460227511887134
AACCCAATCATCCTGC-1,L3-5 RORB MKX GRIN3A,0.1322666464724291
AACCTGAAGGGAGATA-1,Astro AQP4 SLC1A2,0.9999825652544349
AACCTGAAGGTAGCCA-1,Endo CLDN5 SLC7A5,0.833296077776678
AACCTGACATGCAGGA-1,Astro GFAP AQP1,0.04648712421546013
AACCTGAGTAACGATA-1,Endo CLDN5 SLC7A5,0.3536779704999687
AACCTGAGTCCTTAAG-1,Oligo MOG OPALIN,0.9655257929775412
AACCTGAGTCGATGCC-1,Astro AQP4 SLC1A2,0.9696234709554271
AACCTGATCCCGAACG-1,PC P2RY14 GRM8,0.6569972479575115
AACCTTTAGAATCCCT-1,Oligo MOG OPALIN,0.9992628528402305
AACCTTTAGGGTACAC-1,Micro P2RY12 APBB1IP,0.03372777754293728
AACCTTTAGTAAACGT-1,Endo CLDN5 SLC7A5,0.06959058078701505
AACCTTTTCGCGAAGA-1,L6 FEZF2 NPFFR2 KCNK2,0.011142328898467327
AACGAAAAGACGGAAA-1,L2-3 CUX2 ACVR1C THSD7A,0.989797759930238
AACGAAAAGCGTCAGA-1,Endo CLDN5 SLC7A5,0.08319967942782243
AACGAAAAGGCAATGC-1,L2-3 CUX2 NTNG1 PALMD,0.09893214125075041
AACGAAACAGCTGTGC-1,Oligo MOG OPALIN,0.9988361563083609
AACGAAAGTGTGATGG-1,L2-4 CUX2 RORB CLMN,0.024676100688587613
AACGAAATCAGACAAA-1,Astro AQP4 SLC1A2,0.07247115949213297
AACGAAATCGTCCTTG-1,L6 FEZF2 NPFFR2 KCNK2,0.0490255251704018
AACGGGACAGTCGTTA-1,Endo CLDN5 SLC7A5,0.8400954606368608
AACGGGATCACTTGTT-1,Endo CLDN5 SLC7A5,0.6521599461995312
AACGGGATCGATTGAC-1,Endo CLDN5 SLC7A5,0.9697959825818877
AACGTCAGTCCTCCTA-1,Astro AQP4 SLC1A2,0.7794021057519109
AACGTCAGTGATCGTT-1,Astro AQP4 SLC1A2,0.9999489606314302
AACGTCATCCCTGGTT-1,Endo CLDN5 SLC7A5,0.6594883110174736
AACGTCATCCGTAATG-1,Astro AQP4 SLC1A2,0.7278123222590114
AACGTCATCTTAGCAG-1,Endo CLDN5 SLC7A5,0.3159427467061778
AACTTCTCAAGCCATT-1,Astro GFAP AQP1,0.08894714899372343
AAGAACAAGAAATCCA-1,Oligo MOG OPALIN,0.05103450402585386
AAGAACAAGCGTCAAG-1,Oligo MOG OPALIN,0.99984165665184
AAGAACACACGTGAGA-1,Oligo MOG OPALIN,0.9941802417212157
AAGAACACAGCGACAA-1,L6 OPRK1 THEMIS RGS6,0.9940544587974388
AAGAACACATCCGCGA-1,L6 OPRK1 THEMIS RGS6,0.014890937271602091
AAGAACAGTACGGATG-1,Endo CLDN5 SLC7A5,0.2935340904478162
AAGAACAGTGTCTTAG-1,Oligo MOG OPALIN,0.7612025177822217
AAGAACATCGTGGGTC-1,Endo CLDN5 SLC7A5,0.039629029965705546
AAGACAAAGAACTCCT-1,Astro GFAP FABP7,0.9561770778788431
AAGACAAAGCTCCATA-1,L6 OPRK1 THEMIS RGS6,0.7024706758657802
AAGACAACATCGATAC-1,Endo CLDN5 SLC7A5,0.12224060654078212
AAGACAATCCTGTTGC-1,Endo CLDN5 SLC7A5,0.7757863422612908
AAGACTCAGAAGGCTC-1,Endo CLDN5 SLC7A5,0.21117909266892637
AAGACTCCAAGATCCT-1,Endo CLDN5 SLC7A5,0.8600614934076383
AAGACTCCATCTTTCA-1,Astro GFAP AQP1,0.7244591929815375
AAGACTCCATGACTCA-1,InN PVALB ANOS1,0.38072732703534357
AAGACTCGTCAAGCCC-1,Endo CLDN5 SLC7A5,0.9871276616678003
AAGACTCTCCATTTCA-1,Endo CLDN5 IL1R1,0.02259529937825171
AAGACTCTCTGCGTCT-1,Astro AQP4 SLC1A2,0.35263209390016315
AAGATAGAGGACGCTA-1,Endo CLDN5 SLC7A5,0.13375550964569005
AAGATAGCACAAAGTA-1,L3-5 RORB MKX GALR1,0.08066256620600905
AAGATAGCACCAGCGT-1,InN LAMP5 BMP7,0.997424337087454
AAGATAGGTTGGGAAC-1,Endo CLDN5 SLC7A5,0.3690958482577107
AAGCATCAGAGAGCCT-1,PC P2RY14 GRM8,0.9986337422548787
AAGCATCAGTGCGCTC-1,Endo CLDN5 SLC7A5,0.024928497136377084
AAGCATCCAAGGGTCA-1,Oligo MOG OPALIN,0.6514396136851719
AAGCATCGTAATGCTC-1,L2-3 CUX2 ACVR1C INHBA,0.00940294067809189
AAGCCATCACTAGTAC-1,Astro GFAP AQP1,0.9980140780570009
AAGCCATCACTTGGGC-1,Endo CLDN5 SLC7A5,0.23188142975793008
AAGCCATGTACTCAAC-1,Oligo MOG FRY,0.1270547094668613
AAGCCATGTGTTAGCT-1,Astro AQP4 SLC1A2,0.9999658853979655
AAGCCATGTTAAGGGC-1,Micro P2RY12 GLDN,0.06059881051779569
AAGCCATTCATAGCAC-1,Endo CLDN5 SLC7A5,0.9941990544464283
AAGCCATTCGAAGGAC-1,L2-3 CUX2 NTNG1 COL5A2,0.019991405443791174
AAGCGAGCACAGGATG-1,Endo CLDN5 SLC7A5,0.32347385661924893
AAGCGAGGTCAAAGTA-1,Oligo MOG OPALIN,0.9999567608384177
AAGCGAGGTTTCGGCG-1,Oligo MOG OPALIN,0.9998956659828083
AAGCGAGTCCACACCT-1,L3-5 RORB GABRG1 PLCH1,0.01955979077337404
AAGCGAGTCTGTCGCT-1,Oligo MOG OPALIN,0.2691682489334233
AAGCGTTAGACAGCGT-1,L2-3 CUX2 NTNG1 PALMD,0.14615839449200624
AAGCGTTCAATGACCT-1,Endo CLDN5 SLC7A5,0.22796886540099184
AAGCGTTCACATCCCT-1,Endo CLDN5 SLC7A5,0.26840176229048435
AAGCGTTGTCGAGTGA-1,Endo CLDN5 SLC7A5,0.05710504133460724
AAGCGTTGTGAATTAG-1,Endo CLDN5 SLC7A5,0.2690435849650909
AAGCGTTGTTCTAAGC-1,Oligo MOG GSN,0.04696066636633461
AAGGAATAGGCCCAAA-1,Endo CLDN5 SLC7A5,0.04975402148249955
AAGGAATAGTCACTGT-1,Oligo MOG OPALIN,0.061732955548294735
AAGGAATCAAAGCGTG-1,Astro GFAP AQP1,0.9483214897146813
AAGGAATCAACAAAGT-1,Micro P2RY12 APBB1IP,0.37201177687536885
AAGGAATCACCAGTAT-1,Oligo MOG OPALIN,0.9993949928851791
AAGGAATCAGTTTCGA-1,L6 FEZF2 SYT6 ERBB4,0.0928326703286522
AAGGAATGTAGAGGAA-1,L6 FEZF2 SYT6 PTPRT,0.08744493440069624
AAGGAATGTGCCGGTT-1,Oligo MOG OPALIN,0.9892528190942405
AAGGAATGTGTTCGAT-1,Endo CLDN5 SLC7A5,0.10472741868219253
AAGGTAAAGCCGATAG-1,Oligo MOG OPALIN,0.9643592120899522
AAGGTAACACAGAAGC-1,L6 OPRK1 SMYD1 TSHZ2,0.44604288731456854
AAGGTAAGTTATGTGC-1,Endo CLDN5 SLC7A5,0.05222233547339286
AAGGTAATCCCTGTTG-1,L3-5 RORB GABRG1 PLCH1,0.8125039535906132
AAGTACCAGGAACTCG-1,L2-3 CUX2 NTNG1 PALMD,0.041492746052437156
AAGTACCAGGTTCTAC-1,InN ADARB2 COL5A2,0.9950723606970966
AAGTACCAGTACCGGA-1,Astro GFAP AQP1,0.9979040276394214
AAGTACCCAGATCCTA-1,L3-5 RORB MKX DCC,0.03640431980728273
AAGTACCGTAGCTCGC-1,SMC ACTA2 CYP1B1,0.011451366453974704
AAGTACCTCAGCACCG-1,Oligo MOG FRY,0.06509444147920304
AAGTCGTAGTCGGGAT-1,Astro AQP4 SLC1A2,0.9902592620626206
AAGTCGTGTCAGTCTA-1,InN SST HTR2C,0.9665623582332138
AAGTGAAAGTAAGAGG-1,Endo CLDN5 SLC7A5,0.0445125603074049
AAGTGAACAATGCTCA-1,L6 OPRK1 THEMIS RGS6,0.7814782072731687
AAGTGAACACCCATAA-1,Micro P2RY12 APBB1IP,0.8534774724965015
AAGTGAATCCTTCACG-1,Oligo MOG OPALIN,0.9997788899112939
AAGTTCGAGAGCATTA-1,Oligo MOG OPALIN,0.9968928315248986
AAGTTCGAGCTGCCTG-1,T SKAP1 CD247,0.9999982477964191
AAGTTCGAGTCTGCAT-1,Oligo MOG OPALIN,0.8226318068125952
AAGTTCGAGTGCAACG-1,Endo CLDN5 SLC7A5,0.3996564306612724
AAGTTCGCACAAGCAG-1,L2-3 CUX2 NTNG1 PLCH1,0.062229244471870636
AAGTTCGGTACGTAGG-1,InN SST KLHL14,0.14799475309076746
AAGTTCGGTGAGGAAA-1,L2-3 CUX2 NTNG1 PALMD,0.03505180363648355
AAGTTCGGTTGGGTTT-1,Endo CLDN5 SLC7A5,0.7827437210968311
AATAGAGAGCTCGACC-1,InN SST TRPC7,0.21591465814042066
AATAGAGGTATGCAAA-1,Micro P2RY12 CCL3,0.19797574552557312
AATAGAGGTCATCTAG-1,Endo CLDN5 SLC7A5,0.05591713771912519
AATCACGAGGCGACAT-1,OPC PDGFRA PCDH15,0.9999999999999993
AATCACGCAGCTCATA-1,OPC PDGFRA PCDH15,0.9999999999999893
AATCACGGTTAGCGGA-1,L2-3 CUX2 ACVR1C INHBA,0.20244521829305953
AATCGACAGAGAGCCT-1,Endo CLDN5 SLC7A5,0.05519960439784442
AATCGACCACGAGAAC-1,Oligo MOG OPALIN,0.9996957058935063
AATCGACTCCCAGTGG-1,Oligo MOG OPALIN,0.9999986314472913
AATCGACTCCTAAGTG-1,Endo CLDN5 IL1R1,0.5315877034102174
AATCGTGCACTCCTTG-1,Endo CLDN5 SLC7A5,0.9747839661316818
AATCGTGGTCTAACGT-1,Astro GFAP AQP1,0.8636226971776492
AATGAAGCAAACTCTG-1,Micro P2RY12 APBB1IP,0.9032658541091491
AATGAAGGTAGGCAGT-1,Oligo MOG OPALIN,0.03085973256366079
AATGAAGGTCATTCCC-1,Endo CLDN5 SLC7A5,0.49648970224925765
AATGAAGTCCACGAAT-1,Oligo MOG OPALIN,0.8683652516539534
AATGAAGTCTACCCAC-1,Oligo MOG OPALIN,0.9952730308775216
AATGACCAGACGCCAA-1,SMC ACTA2 CYP1B1,0.08515369103704973
AATGACCAGATCGACG-1,Astro GFAP FABP7,0.7213320785375547
AATGACCTCGGTGTAT-1,Endo CLDN5 SLC7A5,0.015416236982123951
AATGACCTCTCGAGTA-1,InN SST FREM1,0.02954336483746139
AATGCCAAGACAGCTG-1,Endo CLDN5 SLC7A5,0.667369972152765
AATGCCAAGTCTGCGC-1,Micro P2RY12 APBB1IP,0.028083353119330332
AATGCCACAAATCCCA-1,Endo CLDN5 SLC7A5,0.96678450247332
AATGCCACAGCCGTCA-1,Astro AQP4 SLC1A2,0.9999894024385032
AATGCCACATACTGAC-1,Oligo MOG OPALIN,0.4424317762173821
AATGCCAGTCTAACGT-1,Endo CLDN5 SLC7A5,0.16514730946549674
AATGCCAGTTCGAGCC-1,L2-4 CUX2 RORB CLMN,0.012430039207820586
AATGCCATCGCCGATG-1,PC P2RY14 GRM8,0.9999626523168632
AATGGAAAGAGGGTCT-1,Astro GFAP AQP1,0.8868870560974808
AATGGAAAGGAGAGGC-1,Endo CLDN5 SLC7A5,0.9605836311568836
AATGGAAAGGGCATGT-1,L3-5 RORB MKX GRIN3A,0.03490398626713652
AATGGAAAGTCAGGGT-1,L2-4 CUX2 RORB CLMN,0.0849399733156108
AATGGAACAACACAAA-1,L6 FEZF2 NPFFR2 KCNK2,0.01636850807538136
AATGGAAGTAGAATAC-1,L2-3 CUX2 NTNG1 PLCH1,0.04947694289558653
AATGGAAGTTCGCGTG-1,Endo CLDN5 SLC7A5,0.8435531428607037
AATGGAATCTGACCCT-1,L2-3 CUX2 NTNG1 PALMD,0.18957141278458636
AATGGCTCACCGTGAC-1,Oligo MOG OPALIN,0.9219946233633444
AATGGCTGTACGAGTG-1,Astro GFAP AQP1,0.9990653391386654
AATGGCTGTGTGAATA-1,L2-3 CUX2 NTNG1 PALMD,0.3036962472884211
AATGGCTTCCAAGCAT-1,L6 FEZF2 SYT6 CDH9,0.024215945787098615
AATTCCTTCAGCCCAG-1,Endo CLDN5 SLC7A5,0.8731429582723952
AATTTCCCATGATCTG-1,Endo CLDN5 SLC7A5,0.9387235240653723
AATTTCCGTATGCGTT-1,L3-5 RORB GABRG1 PTPRO,0.8723726820745591
AATTTCCGTCTATGAC-1,L6 OPRK1 THEMIS RGS6,0.3496745264939939
AATTTCCTCCATACTT-1,L3-5 RORB MKX GRIN3A,0.04425622543625501
AATTTCCTCTTGGCTC-1,Endo CLDN5 SLC7A5,0.9868770074974857
ACAAAGACACAAATCC-1,Oligo MOG OPALIN,0.15654619856462687
ACAAAGACAGGTCCGT-1,Oligo MOG OPALIN,0.909500642467609
ACAAAGACATTCTCCG-1,Oligo MOG OPALIN,0.19640622678462402
ACAAAGAGTAGTCGGA-1,Astro AQP4 SLC1A2,0.9998911873425187
ACAAAGAGTGCGAGTA-1,InN VIP HS3ST3B1,0.9967046190557702
ACAAAGATCCGGTTCT-1,OPC PDGFRA PCDH15,0.9999999999998441
ACAACCAAGCTGTTAC-1,OPC PDGFRA PCDH15,0.32639140908399816
ACAACCAAGGCCTGAA-1,Astro GFAP AQP1,0.03656839195198243
ACAACCAAGGGAGATA-1,Endo CLDN5 SLC7A5,0.13607454890311513
ACAACCAGTAATGATG-1,Micro P2RY12 APBB1IP,0.6626273182442267
ACAACCAGTCAGGTGA-1,SMC ACTA2 CNN1,0.011880492826398258
ACAACCATCCTGTAAG-1,Oligo MOG OPALIN,0.9963008402215281
ACAAGCTAGAAGCCAC-1,L2-3 CUX2 NTNG1 PALMD,0.14772292057987424
ACAAGCTCAAATTGCC-1,Oligo MOG OPALIN,0.9999312114454052
ACAAGCTCACCCAATA-1,Oligo MOG OPALIN,0.9426548613296113
ACAAGCTGTGGTCTTA-1,Oligo MOG OPALIN,0.2305745034171359
ACAAGCTTCGAATGCT-1,Endo CLDN5 SLC7A5,0.9995750930154258
ACAAGCTTCGCAGATT-1,Oligo MOG OPALIN,0.9646224270766491
ACAAGCTTCTTCTAAC-1,Astro AQP4 SLC1A2,0.056083078394701606
ACACAGTAGCGCTTCG-1,Oligo MOG OPALIN,0.583851451129844
ACACAGTAGGACACTG-1,InN VIP EXPH5,0.08215930215206958
ACACAGTAGGTAGATT-1,Endo CLDN5 SLC7A5,0.6275039467953814
ACACAGTCAAAGAGTT-1,Endo CLDN5 SLC7A5,0.7282290812387556
ACACAGTGTCAAGGCA-1,Oligo MOG OPALIN,0.10748453205007036
ACACCAAAGCCATTGT-1,Oligo MOG OPALIN,0.9927538815767917
ACACCAACACCCAATA-1,InN PVALB PIEZO2,0.02508269911960408
ACACCAACACCCTATC-1,Oligo MOG OPALIN,0.9999682756199264
ACACCAACATGGAACG-1,Oligo MOG OPALIN,0.261241194613775
ACACCAAGTCGTACAT-1,Oligo MOG OPALIN,0.9999888500734991
ACACGCGAGCCTCTCT-1,Endo CLDN5 SLC7A5,0.98479671532772
ACACGCGCAGGTCAGA-1,L6 OPRK1 THEMIS RGS6,0.9930975041640117
ACACGCGGTACGTTCA-1,Endo CLDN5 SLC7A5,0.2654146222824196
ACACGCGGTATCGCTA-1,Endo CLDN5 SLC7A5,0.60690521728131
ACACGCGGTTGTGGCC-1,L3-5 RORB GABRG1 PTPRO,0.28109493224717863
ACACGCGTCACAAGAA-1,Astro AQP4 SLC1A2,0.9869073266132525
ACACGCGTCAGGGTAG-1,PC P2RY14 GRM8,0.9991927649450837
ACACGCGTCATTTCCA-1,Astro AQP4 SLC1A2,0.20633620272513262
ACACTGACACTCTGCT-1,Astro GFAP AQP1,0.07441839055179095
ACACTGACAGTTAGGG-1,L3-5 RORB MKX GRIN3A,0.2774271307975678
ACACTGATCGACCATA-1,T SKAP1 CD247,0.999758381217412
ACACTGATCTACCACC-1,L3-5 RORB PCBP3 ARHGAP15,0.04248016299895881
ACAGAAAAGACACACG-1,Astro AQP4 SLC1A2,0.9999941518484057
ACAGAAAGTAACGCGA-1,Endo CLDN5 SLC7A5,0.5017497988664653
ACAGAAAGTTGCTAGT-1,L3-5 RORB MKX GRIN3A,0.021532173317386757
ACAGAAATCAACCCGG-1,L2-3 CUX2 ACVR1C INHBA,0.038260481744275036
ACAGAAATCAGTCAGT-1,Astro AQP4 SLC1A2,0.9969560580904668
ACAGAAATCATTTCGT-1,L2-3 CUX2 NTNG1 PLCH1,0.5562888341253996
ACAGCCGAGAGCAAGA-1,InN SST ADAMTSL1,0.14288696051093616
ACAGCCGAGCACCGAA-1,L3-5 RORB MKX GALR1,0.05824161675569028
ACAGCCGCATATCTCT-1,Oligo MOG OPALIN,0.862960360136723
ACAGCCGCATGAGAAT-1,L2-3 CUX2 ACVR1C THSD7A,0.999611754845335
ACAGCCGGTGAATGAT-1,InN PVALB PDE3A,0.9943677478654726
ACAGCCGTCACTACTT-1,OPC PDGFRA PCDH15,0.9999999999999145
ACAGGGAAGCGATGCA-1,L3-5 RORB MKX GRIN3A,0.051993174343827685
ACAGGGAAGCTATCCA-1,Endo CLDN5 SLC7A5,0.8466733180385184
ACAGGGACAAGTGTCT-1,Endo CLDN5 SLC7A5,0.2892524188910726
ACAGGGAGTAGGGTAC-1,Endo CLDN5 SLC7A5,0.933447094766035
ACAGGGAGTCCAAATC-1,Endo CLDN5 SLC7A5,0.3256025850379072
ACATCCCCACTTGGCG-1,Oligo MOG OPALIN,0.03883333048064847
ACATCCCCATAATGCC-1,Endo CLDN5 SLC7A5,0.27306434557306886
ACATCCCGTGTCTTAG-1,Oligo MOG FRY,0.03701682212170312
ACATCCCTCCATTGCC-1,Oligo MOG OPALIN,0.9758280897927205
ACATCCCTCGCTATTT-1,Endo CLDN5 SLC7A5,0.2861740566817925
ACATCCCTCTGGCCGA-1,L3-5 RORB MKX GRIN3A,0.010797693139630252
ACATCCCTCTTAAGGC-1,Endo CLDN5 SLC7A5,0.9939140689768929
ACATCGAAGCGAGAAA-1,Endo CLDN5 SLC7A5,0.9683869707100246
ACATCGAAGGGCCTCT-1,Oligo MOG OPALIN,0.9957879434660214
ACATCGACAGCAGGAT-1,L3-5 RORB MKX GRIN3A,0.21919695187732757
ACATCGAGTATCACGT-1,Oligo MOG OPALIN,0.09177471390368142
ACATCGAGTTCAACGT-1,Endo CLDN5 SLC7A5,0.9699683720470674
ACATCGAGTTCGATTG-1,Oligo MOG OPALIN,0.9998795917817559
ACATCGAGTTTCCCAC-1,InN SST FREM1,0.010174846800493895
ACATCGATCCCTCGAT-1,Endo CLDN5 SLC7A5,0.2812794686510861
ACATGCAAGAGAGGTA-1,PC P2RY14 GRM8,0.9999266618426361
ACATGCACAACACACT-1,Oligo MOG OPALIN,0.9986826623838231
ACATGCATCTCTCAAT-1,SMC ACTA2 CNN1,0.963787937636183
ACATTTCAGCACTAAA-1,OPC PDGFRA PCDH15,0.8690077463196901
ACATTTCAGGACGCAT-1,Oligo MOG OPALIN,0.12285753100730512
ACATTTCCAGCTGCCA-1,Oligo MOG OPALIN,0.9997147165452004
ACATTTCCATCTAACG-1,Astro AQP4 SLC1A2,0.999985010094847
ACATTTCGTGGAGAAA-1,L5-6 FEZF2 NXPH2 GRIK1,0.01667384391470605
ACCAAACAGAAACTAC-1,PC P2RY14 GRM8,0.9796060195366736
ACCAAACCAGTGTACT-1,Oligo MOG OPALIN,0.9998963960648187
ACCAAACCATGACTTG-1,Endo CLDN5 SLC7A5,0.6721552629247433
ACCAAACGTCATCACA-1,Oligo MOG OPALIN,0.9999939801940659
ACCAAACGTCGTATTG-1,Oligo MOG OPALIN,0.9999501375912008
ACCAACACAACGGCTC-1,Endo CLDN5 SLC7A5,0.39844857947513906
ACCAACACACGCTGAC-1,Endo CLDN5 SLC7A5,0.9392714638604137
ACCAACACACTACCGG-1,Oligo MOG OPALIN,0.057804773083214224
ACCAACACACTTGACA-1,Oligo MOG OPALIN,0.5278296658579918
ACCAACACAGATACCT-1,Oligo MOG OPALIN,0.3134123028357364
ACCAACACATGTGACT-1,InN SST STK32A,0.041782637269626006
ACCAACAGTGTGTGGA-1,L2-3 CUX2 NTNG1 PALMD,0.9042580884599194
ACCAACATCAGATGCT-1,Endo CLDN5 SLC7A5,0.20749372184330198
ACCAACATCCAGTGCG-1,InN SST STK32A,0.021341628293038827
ACCAACATCTGGGCGT-1,Oligo MOG OPALIN,0.7920531106471829
ACCACAACATCAGTCA-1,Oligo MOG GSN,0.9999947140954561
ACCACAAGTAAGCAAT-1,Endo CLDN5 SLC7A5,0.9951099354146998
ACCACAAGTGCATACT-1,Endo CLDN5 SLC7A5,0.2244175813692264
ACCACAATCAGCACCG-1,Oligo MOG OPALIN,0.12020297086669483
ACCACAATCGAACTCA-1,L2-3 CUX2 NTNG1 PALMD,0.08134688271257941
ACCATTTCAGACTCTA-1,Endo CLDN5 SLC7A5,0.39857319371349526
ACCATTTTCCGAACGC-1,Endo CLDN5 SLC7A5,0.8701229663649427
ACCCAAAAGAACGTGC-1,Astro AQP4 SLC1A2,0.6870146490668718
ACCCAAAAGCAACTCT-1,Oligo MOG OPALIN,0.14808840878034418
ACCCAAAGTCTGTGTA-1,Endo CLDN5 SLC7A5,0.7935591396899072
ACCCAAAGTGAGGCAT-1,Micro P2RY12 APBB1IP,0.9992791435576082
ACCCAAATCGTCGATA-1,InN SST PLPP4,0.9928467464498738
ACCCAAATCTATCACT-1,Astro GFAP AQP1,0.999986277311732
ACCCAAATCTGAGGTT-1,Astro GFAP AQP1,0.9812177059698614
ACCCTCAAGATGTTGA-1,Endo CLDN5 DKK2,0.9304258974285711
ACCCTCAAGCCTGAAG-1,L2-3 CUX2 NTNG1 PALMD,0.14285390203473883
ACCCTCAAGGCGACAT-1,L3-5 RORB MKX GRIN3A,0.059783544856581605
ACCCTCACAAGACGAC-1,Endo CLDN5 IL1R1,0.005737614737515644
ACCCTCACAGGCGAAT-1,Astro AQP4 SLC1A2,0.9982962815283726
ACCCTCACATATGGCT-1,Endo CLDN5 SLC7A5,0.840206157312944
ACCCTCAGTGTCCGTG-1,Astro AQP4 SLC1A2,0.9625618653732035
ACCCTCATCAACTCTT-1,Endo CLDN5 SLC7A5,0.8539717926602581
ACCCTCATCCCGTGAG-1,Astro GFAP AQP1,0.04448819925288955
ACCCTCATCCGATGCG-1,Micro P2RY12 APBB1IP,0.9857162082845149
ACCCTCATCTAAGGAA-1,L3-5 RORB PCBP3 IL1RAPL2,0.016999781826036113
ACCCTTGAGAGAGTTT-1,Oligo MOG OPALIN,0.999791744025699
ACCCTTGAGGTAAACT-1,Astro GFAP AQP1,0.9906952145485093
ACCCTTGCACTCACTC-1,Endo CLDN5 SLC7A5,0.38980248084342156
ACCCTTGGTCGTTGGC-1,Oligo MOG OPALIN,0.6231596249550196
ACCGTTCCACACCTAA-1,Astro AQP4 SLC1A2,0.9835041838525858
ACCGTTCCACCCTAAA-1,L6 OPRK1 THEMIS RGS6,0.010433088284628621
ACCGTTCCACCTGCGA-1,Oligo MOG OPALIN,0.04446132541177117
ACCGTTCCAGCCGTTG-1,Oligo MOG OPALIN,0.3408842915171264
ACCGTTCGTACTGAGG-1,Oligo MOG OPALIN,0.3401118083609282
ACCGTTCGTTAGCTAC-1,Oligo MOG OPALIN,0.5976156918969909
ACCGTTCTCTTGCGCT-1,Endo CLDN5 SLC7A5,0.8876944559982544
ACCTACCAGTCTGTAC-1,Astro AQP4 SLC1A2,0.9893719078452085
ACCTACCAGTGAGTTA-1,Oligo MOG OPALIN,0.9997104102477565
ACCTACCCAGAGATTA-1,Endo CLDN5 SLC7A5,0.1067783790217624
ACCTACCGTCTCTCAC-1,Endo CLDN5 SLC7A5,0.057258891222936426
ACCTACCGTGACTGAG-1,Endo CLDN5 SLC7A5,0.7532723333371352
ACCTACCTCTAACGCA-1,L2-4 CUX2 RORB CLMN,0.06185725043481167
ACCTGAAAGTTCTCTT-1,Micro P2RY12 APBB1IP,0.9754421142810648
ACCTGAACAATAGAGT-1,Oligo MOG OPALIN,0.6419736783258876
ACCTGAACACCACATA-1,Oligo MOG OPALIN,0.9967157134621435
ACCTGAACAGCGTAGA-1,Endo CLDN5 SLC7A5,0.7354905061909796
ACCTGAACAGTTTGGT-1,Oligo MOG OPALIN,0.9988420012342517
ACCTGAACATTGTAGC-1,Endo CLDN5 SLC7A5,0.9396190368988433
ACCTGAAGTACCCACG-1,L2-3 CUX2 NTNG1 PALMD,0.021408766498299085
ACCTGAAGTACCTGTA-1,Oligo MOG OPALIN,0.9936629806979772
ACCTGAAGTGATAGTA-1,Endo CLDN5 SLC7A5,0.30128667523714014
ACCTGAAGTTGTTGCA-1,Oligo MOG OPALIN,0.7208921667103765
ACCTGAATCCGTCACT-1,Astro AQP4 SLC1A2,0.2101649254898807
ACCTGAATCGGCTATA-1,Oligo MOG OPALIN,0.91475977229101
ACCTGTCAGATGCAGC-1,L3-5 RORB MKX GRIN3A,0.07194077157046506
ACCTGTCAGCGCATCC-1,Macro F13A1 COLEC12,0.9999945839969318
ACCTGTCAGGACAGTC-1,L3-5 RORB GABRG1 PTPRO,0.7398968223201082
ACCTGTCCACAGCTTA-1,InN VIP FREM2,0.027677268837273995
ACCTGTCCATGTCTAG-1,Astro GFAP AQP1,0.07861025724426433
ACCTGTCGTAATGCTC-1,Astro AQP4 SLC1A2,0.9590580707196263
ACCTGTCGTCGCACGT-1,Micro P2RY12 APBB1IP,0.021493822643290115
ACCTGTCGTGATTAGA-1,Oligo MOG OPALIN,0.06992761441617572
ACCTGTCGTTCTTGCC-1,Astro GFAP AQP1,0.03544039341080726
ACGATCAAGACGCATG-1,Endo CLDN5 DKK2,0.07592992908124786
ACGATCAGTTCCATTT-1,Endo CLDN5 SLC7A5,0.3004119223984416
ACGATCATCACCTCGT-1,Endo CLDN5 SLC7A5,0.8507632684903929
ACGATGTAGGGATCTG-1,Astro AQP4 OSMR,0.008963428604723763
ACGATGTCACCACTGG-1,Endo CLDN5 SLC7A5,0.03779762408171839
ACGATGTCATCACGGC-1,Oligo MOG OPALIN,0.9818572257317998
ACGCACGAGATTAGTG-1,Astro AQP4 SLC1A2,0.9926035014888869
ACGCACGTCTAGGCAT-1,Oligo MOG OPALIN,0.9998474322945946
ACGGAAGAGCCTTGAT-1,Endo CLDN5 SLC7A5,0.9935280145554402
ACGGAAGAGGCGACAT-1,Endo CLDN5 SLC7A5,0.13987064706850105
ACGGAAGCACTGCTTC-1,L2-3 CUX2 ACVR1C INHBA,0.049121602139390805
ACGGAAGCAGGCATGA-1,OPC PDGFRA PCDH15,0.9999999999999996
ACGGAAGTCGGAATGG-1,Endo CLDN5 SLC7A5,0.8484114529193618
ACGGAAGTCTGATGGT-1,L3-5 RORB MKX GRIN3A,0.03902893836442616
ACGGGTCCAATCTCGA-1,InN SST ADAMTSL1,0.06312816021489488
ACGGGTCCATATCTGG-1,Endo CLDN5 SLC7A5,0.7584167124973143
ACGGGTCGTCTTGCGG-1,L2-3 CUX2 NTNG1 PALMD,0.04026368452401741
ACGGGTCTCAGGAGAC-1,Endo CLDN5 SLC7A5,0.3476301881339526
ACGGGTCTCATGCTAG-1,Oligo MOG OPALIN,0.16765111837371274
ACGGGTCTCCCATTTA-1,InN VIP EXPH5,0.036725130027823696
ACGGGTCTCGCTAATG-1,Astro GFAP FABP7,0.01839268000460022
ACGGTCGAGACCAACG-1,Endo CLDN5 SLC7A5,0.23585929249969287
ACGGTCGAGACCCTTA-1,Astro AQP4 SLC1A2,0.9974039030411825
ACGGTCGAGCTAAATG-1,Astro AQP4 SLC1A2,0.9998457061199676
ACGGTCGGTGCAAGAC-1,Oligo MOG OPALIN,0.24181667341772303
ACGGTCGGTGGTATGG-1,Endo CLDN5 SLC7A5,0.031593024896400826
ACGGTTAAGAGGTGCT-1,Endo CLDN5 SLC7A5,0.9054579808359877
ACGGTTACATCGGTTA-1,Oligo MOG OPALIN,0.0844620306122373
ACGGTTATCGGTAGAG-1,Endo CLDN5 SLC7A5,0.09696894975679016
ACGTAACCAAGAATAC-1,Oligo MOG OPALIN,0.6211132898410019
ACGTAACCACTTACAG-1,L2-3 CUX2 NTNG1 PLCH1,0.029872573045361277
ACGTAACCAGGCTATT-1,Oligo MOG OPALIN,0.5854142411607075
ACGTAACGTAGGCTCC-1,Oligo MOG OPALIN,0.9952660849849446
ACGTACAAGGTAATCA-1,Astro AQP4 SLC1A2,0.12728101908382403
ACGTACACACCCAAGC-1,Endo CLDN5 SLC7A5,0.34602371954742334
ACGTACAGTAGCCAGA-1,Oligo MOG OPALIN,0.9999953764476741
ACGTACATCGGCATTA-1,Endo CLDN5 SLC7A5,0.5316672114482885
ACGTAGTAGCTTGTGT-1,Endo CLDN5 SLC7A5,0.2002409191391441
ACGTAGTAGGGTAGCT-1,Oligo MOG OPALIN,0.2812645551331944
ACGTAGTCACTCAAGT-1,InN SST FREM1,0.10037608214639515
ACGTAGTCATCCTTCG-1,Astro AQP4 SLC1A2,0.8389635078570189
ACGTAGTTCCCACAGG-1,VLMC COL1A2 VLMCA8,0.9818306925950944
ACGTAGTTCTTTCGAT-1,L3-5 RORB GABRG1 PTPRO,0.025165724014214803
ACGTCCTCAACCGTGC-1,Endo CLDN5 SLC7A5,0.8753265260614457
ACGTCCTCAGGTGAGT-1,Oligo MOG OPALIN,0.06659032838759317
ACGTCCTCATGTCAGT-1,Endo CLDN5 SLC7A5,0.12460060970496155
ACGTTCCCAAATGATG-1,Endo CLDN5 SLC7A5,0.08763244074486667
ACGTTCCCAAATTAGG-1,Oligo MOG OPALIN,0.4428257388265985
ACGTTCCCACATCCCT-1,Oligo MOG OPALIN,0.023083338167683622
ACGTTCCCAGAATTCC-1,Endo CLDN5 SLC7A5,0.10681171307025213
ACGTTCCGTGATTAGA-1,Astro AQP4 SLC1A2,0.027466557287718903
ACGTTCCGTTGTCCCT-1,Astro GFAP AQP1,0.9595617936033884
ACGTTCCGTTTGTTCT-1,L6 FEZF2 SYT6 CDH9,0.10352971249079726
ACGTTCCTCGCTGACG-1,T SKAP1 CD247,0.9999990188365048
ACGTTCCTCGCTTACC-1,Oligo MOG OPALIN,0.17009491438775
ACTACGAAGATGTAGT-1,L3-5 RORB MKX DCC,0.9971313523642388
ACTACGACAGAGATTA-1,Endo CLDN5 SLC7A5,0.3535779854611018
ACTACGACAGCTTTGA-1,Endo CLDN5 SLC7A5,0.9718359545925677
ACTACGAGTCAAGTTC-1,L2-3 CUX2 NTNG1 PALMD,0.07569806594801079
ACTACGAGTTGGACCC-1,Endo CLDN5 SLC7A5,0.03553734402421732
ACTACGAGTTTCAGAC-1,L2-3 CUX2 NTNG1 COL5A2,0.19129973128835456
ACTACGATCGAGCACC-1,Oligo MOG OPALIN,0.9998210118832177
ACTATCTAGCTTGTGT-1,L3-5 RORB GABRG1 KCNH7,0.4643490727723668
ACTATCTCAAACTCGT-1,Oligo MOG OPALIN,0.6226834186809009
ACTATCTGTGAGCAGT-1,Endo CLDN5 SLC7A5,0.8768597123371982
ACTATCTTCATCGCAA-1,L2-3 CUX2 NTNG1 PALMD,0.01260557973394716
ACTATGGAGGTGAGCT-1,L3-5 RORB GABRG1 PLCH1,0.16529841413750668
ACTATGGCAAAGTATG-1,InN PVALB ANOS1,0.22115565528866712
ACTATGGGTATCGGTT-1,InN PVALB SYT2,0.027247278087784998
ACTATGGGTCTTCATT-1,L2-3 CUX2 NTNG1 PALMD,0.023125767905084527
ACTATGGTCGGTCGAC-1,Endo CLDN5 SLC7A5,0.41316439094163565
ACTATTCAGACTCTTG-1,Endo CLDN5 SLC7A5,0.1871792084496545
ACTATTCAGAGCATTA-1,Endo CLDN5 SLC7A5,0.013224048389787876
ACTATTCAGGGCCAAT-1,Oligo MOG GSN,0.009478189541836287
ACTATTCCAGGAGACT-1,L2-4 CUX2 RORB CLMN,0.08022156284103218
ACTATTCCAGTACTAC-1,PC P2RY14 GRM8,0.9983063607635256
ACTATTCGTCGCACAC-1,Oligo MOG OPALIN,0.9918476283683373
ACTATTCGTTCCGCAG-1,Oligo MOG OPALIN,0.961356365638171
ACTCCCAAGTTAGAAC-1,Oligo MOG OPALIN,0.8551762569568081
ACTCCCACAATTGAAG-1,Endo CLDN5 SLC7A5,0.42036778055281
ACTCCCACATCGCTGG-1,Endo CLDN5 SLC7A5,0.20027819566333938
ACTCCCAGTCAAGTTC-1,Oligo MOG OPALIN,0.012771964651624659
ACTCCCAGTTAAGCAA-1,Endo CLDN5 SLC7A5,0.27418309757955805
ACTCCCATCCCTTCCC-1,InN SST KLHL14,0.0918845006475472
ACTCCCATCCTCTGCA-1,Oligo MOG OPALIN,0.5080775804419885
ACTCTCGAGAAACTCA-1,L6 OPRK1 THEMIS RGS6,0.8998653822472192
ACTCTCGCACCAAAGG-1,Oligo MOG OPALIN,0.011244151083103239
ACTCTCGCACGCAAAG-1,Endo CLDN5 SLC7A5,0.12541383142116946
ACTCTCGCACGTATAC-1,Endo CLDN5 SLC7A5,0.9801116684591034
ACTCTCGGTAACGATA-1,InN SST FREM1,0.16251444677710988
ACTCTCGGTATGGAAT-1,L3-5 RORB MKX GRIN3A,0.02406522190022126
ACTCTCGGTTGAAGTA-1,L2-3 CUX2 NTNG1 PALMD,0.006944198099288013
ACTCTCGTCGACATCA-1,L3-5 RORB MKX DCC,0.05977320570919843
ACTGATGAGGGATCGT-1,Endo CLDN5 SLC7A5,0.33089271149517585
ACTGATGCACCAACAT-1,Oligo MOG OPALIN,0.5058964703568565
ACTGATGCAGCGTATT-1,InN PVALB PDE3A,0.012155931923725436
ACTGATGTCCGGACTG-1,InN VIP ADAM12,0.016007137145336532
ACTGATGTCTACGCAA-1,Endo CLDN5 SLC7A5,0.032942887425933653
ACTGATGTCTGTGCTC-1,Oligo MOG OPALIN,0.9668960490768581
ACTGCAACACAGTCGC-1,Endo CLDN5 SLC7A5,0.8495150457312006
ACTGCAACACTAGGTT-1,Endo CLDN5 SLC7A5,0.8081291158247855
ACTGCAAGTGCCTGAC-1,Oligo MOG OPALIN,0.56710923820473
ACTGCAAGTTGGGTAG-1,Oligo MOG OPALIN,0.9999667492997215
ACTGCAAGTTGTTTGG-1,Oligo MOG OPALIN,0.9977366911431593
ACTGCAATCCTAGAGT-1,OPC PDGFRA PCDH15,0.999999999983805
ACTGTCCAGTGGTGGT-1,Micro P2RY12 APBB1IP,0.5831892799735796
ACTGTCCCAGGGACTA-1,Micro P2RY12 APBB1IP,0.9942096176803746
ACTGTCCGTACAATAG-1,Micro P2RY12 APBB1IP,0.1588270687916843
ACTGTCCTCCCTCTTT-1,Astro GFAP FABP7,0.38862163648140335
ACTGTCCTCGGAACTT-1,Endo CLDN5 SLC7A5,0.4441382451881171
ACTGTGACACCGCTAG-1,Oligo MOG OPALIN,0.6032073271180474
ACTGTGACAGAAGCTG-1,Endo CLDN5 SLC7A5,0.9758102220516145
ACTGTGACAGGTAGTG-1,Oligo MOG OPALIN,0.05452713260003364
ACTGTGACATGCCATA-1,InN LAMP5 BMP7,0.9944944952451481
ACTGTGAGTCCAGTTA-1,Endo CLDN5 SLC7A5,0.33156403862358597
ACTGTGAGTCGAGTGA-1,Endo CLDN5 SLC7A5,0.03739679095225197
ACTGTGATCTACTATC-1,Oligo MOG OPALIN,0.27017611357050775
ACTTAGGAGTGAGCCA-1,Oligo MOG GSN,0.8634470327625827
ACTTAGGGTGGATGAC-1,Endo CLDN5 SLC7A5,0.9248267899329012
ACTTAGGTCCGACATA-1,L6 FEZF2 NPFFR2 TPD52L1,0.012652396680158289
ACTTAGGTCGGTGAAG-1,Endo CLDN5 SLC7A5,0.06921030432936762
ACTTATCAGATGGGCT-1,L3-5 RORB MKX DCC,0.3048122512543723
ACTTATCAGTACCCTA-1,Endo CLDN5 SLC7A5,0.14523561792980258
ACTTATCAGTGAGTTA-1,Endo CLDN5 SLC7A5,0.9980398144078892
ACTTATCCAAGTATAG-1,Oligo MOG OPALIN,0.9999647289023688
ACTTATCCACAGTCCG-1,Oligo MOG OPALIN,0.5624129753214575
ACTTATCCATGTGACT-1,Astro AQP4 SLC1A2,0.37875898476499553
ACTTATCGTTGGGCCT-1,L6 OPRK1 THEMIS RGS6,0.10923837658604761
ACTTCCGAGGTTCTTG-1,InN VIP FREM2,0.42417585976305006
ACTTCCGCATGTGTCA-1,Astro GFAP AQP1,0.05475024717497973
ACTTCCGGTCATAGTC-1,Astro GFAP AQP1,0.13395787830273986
ACTTCGCAGAAACCAT-1,L2-3 CUX2 NTNG1 PALMD,0.045650066564928767
ACTTCGCAGGTTCATC-1,Endo CLDN5 SLC7A5,0.2888178778538061
ACTTCGCGTCCTTTGC-1,Astro GFAP FABP7,0.9972855644720104
ACTTCGCGTCTACGTA-1,Oligo MOG OPALIN,0.037592309330005756
ACTTCGCGTCTCGGGT-1,Endo CLDN5 SLC7A5,0.9297016764446752
ACTTCGCGTGACACGA-1,Oligo MOG OPALIN,0.999916438135509
ACTTCGCTCTCCAAGA-1,Endo CLDN5 SLC7A5,0.3446397666330601
ACTTTCAAGACCAGCA-1,Endo CLDN5 IL1R1,0.044756261930265155
ACTTTCACATTAAAGG-1,Endo CLDN5 SLC7A5,0.8605968520505202
ACTTTGTCACTGCTTC-1,Endo CLDN5 SLC7A5,0.8265580211961554
ACTTTGTCAGCCTATA-1,InN SST TRPC7,0.19210628012472677
ACTTTGTCATGAGTAA-1,L6 OPRK1 THEMIS RGS6,0.1131410702274222
AGAAATGAGACATCCT-1,Micro P2RY12 APBB1IP,0.20118459859522814
AGAAATGAGATCGCTT-1,L3-5 RORB GABRG1 PLCH1,0.11639945879926364
AGAAATGAGCATGATA-1,Oligo MOG OPALIN,0.9992976163678119
AGAAATGAGGGACACT-1,OPC PDGFRA PCDH15,0.12012907279538196
AGAAATGCACTAACGT-1,Oligo MOG OPALIN,0.999849803407778
AGAAATGCATGGAACG-1,Oligo MOG OPALIN,0.40126995585018427
AGAACAACAACGGTAG-1,Oligo MOG OPALIN,0.9795594010577338
AGAACAATCCGATCGG-1,L2-3 CUX2 NTNG1 PALMD,0.08551291694971146
AGAACCTAGTAGCCAG-1,Endo CLDN5 SLC7A5,0.3301889465608833
AGAACCTGTAATCAAG-1,Oligo MOG GSN,0.04335095419421838
AGAAGCGCAATAGGGC-1,Endo CLDN5 SLC7A5,0.10334469878684942
AGAAGCGCACAAATAG-1,Endo CLDN5 SLC7A5,0.16475670544337534
AGAAGCGCACGATAGG-1,Astro AQP4 SLC1A2,0.9999426372560519
AGAAGCGTCTTACCAT-1,Oligo MOG OPALIN,0.9455001444690532
AGAAGTAAGCGAATGC-1,Endo CLDN5 SLC7A5,0.6165307887389755
AGAAGTAAGTTCCTGA-1,Astro GFAP AQP1,0.5595091578017
AGAAGTAGTAGGAGGG-1,Astro GFAP FABP7,0.3952070854520406
AGAAGTATCCGGGACT-1,L6 OPRK1 SMYD1 SNTB1,0.13250916302179452
AGACAAAAGATGTTGA-1,Endo CLDN5 SLC7A5,0.07203184744434661
AGACACTAGATTGATG-1,Endo CLDN5 SLC7A5,0.6996349546442133
AGACACTCAACGGCCT-1,Endo CLDN5 DKK2,0.9995155695069546
AGACACTCACCGTCTT-1,Oligo MOG OPALIN,0.9994749844152867
AGACACTTCATTTCGT-1,Oligo MOG OPALIN,0.9999931766539639
AGACACTTCTGGTCAA-1,Oligo MOG OPALIN,0.903017128512019
AGACAGGAGAGTAACT-1,L3-5 RORB GABRG1 PTPRO,0.08969100773971969
AGACAGGAGCTCGGCT-1,Endo CLDN5 SLC7A5,0.3205218966642058
AGACAGGGTACGAGTG-1,Endo CLDN5 SLC7A5,0.9960255557806336
AGACAGGTCACCTCGT-1,Micro P2RY12 APBB1IP,0.92424065478876
AGACAGGTCGTGCAGC-1,L2-3 CUX2 NTNG1 PALMD,0.17820503951638053
AGACAGGTCTGGCCTT-1,Astro AQP4 SLC1A2,0.9999028887149848
AGACAGGTCTTCGATT-1,Astro GFAP AQP1,0.998772547805676
AGACCATCAGATTCGT-1,Endo CLDN5 SLC7A5,0.28510524588441827
AGACCATCATCCGAGC-1,Endo CLDN5 SLC7A5,0.9524807121086782
AGACCATCATCCGCGA-1,Oligo MOG OPALIN,0.9649776670881466
AGACCATGTAGACAAT-1,L2-3 CUX2 ACVR1C THSD7A,0.8641732191316307
AGACCATGTCGAGCTC-1,Oligo MOG OPALIN,0.333000221689152
AGACCCGAGAAATCCA-1,Endo CLDN5 SLC7A5,0.6453290147443667
AGACCCGCATGCAGGA-1,Oligo MOG OPALIN,0.999994391730183
AGACCCGGTCGGAAAC-1,Astro GFAP FABP7,0.07942456858175233
AGACCCGGTGCATTAC-1,Endo CLDN5 SLC7A5,0.905392487714685
AGACCCGGTTGTCATG-1,Endo CLDN5 SLC7A5,0.9991167825517526
AGACCCGTCCTTATCA-1,Oligo MOG OPALIN,0.9670939727878999
AGACCCGTCTCATTTG-1,L2-3 CUX2 NTNG1 PALMD,0.09972188991631595
AGACTCAAGACAACTA-1,Astro AQP4 SLC1A2,0.8170424598283973
AGACTCAAGATGGCGT-1,Oligo MOG OPALIN,0.917774444911907
AGACTCAAGTGCCAGA-1,L2-3 CUX2 NTNG1 PALMD,0.7406129532614317
AGACTCACAAGCTCTA-1,Oligo MOG OPALIN,0.9999792281518074
AGACTCACACAAAGCG-1,InN SST FREM1,0.9847459851243373
AGACTCACACAAAGTA-1,Endo CLDN5 SLC7A5,0.2475101135259298
AGACTCACATCGTGGC-1,L2-3 CUX2 NTNG1 PALMD,0.10268087281839157
AGACTCAGTATTCCTT-1,Endo CLDN5 SLC7A5,0.10757620672882219
AGACTCATCAGCCTTC-1,PC P2RY14 GRM8,0.5660020779756612
AGACTCATCCCGTGTT-1,Oligo MOG GSN,0.018984894563875587
AGAGAATAGAGGCGGA-1,Oligo MOG OPALIN,0.9968004915372591
AGAGAATCAACGAGGT-1,Oligo MOG OPALIN,0.586532313812194
AGAGAATCACATGTTG-1,Endo CLDN5 SLC7A5,0.8548368322894773
AGAGAATGTGTCACAT-1,PC P2RY14 GRM8,0.8547431598907057
AGAGAATTCCACGAAT-1,Astro AQP4 SLC1A2,0.074251064199339
AGAGAATTCGCTAAAC-1,Astro GFAP AQP1,0.0565607421221513
AGAGAGCAGTGGAATT-1,InN PVALB PDE3A,0.6963298258577832
AGAGAGCCAAACGAGC-1,InN ADARB2 COL5A2,0.09184349893735018
AGAGAGCCATCATCTT-1,L2-3 CUX2 NTNG1 PALMD,0.6171772203096882
AGAGAGCGTGCGGCTT-1,Oligo MOG OPALIN,0.37692048111927856
AGAGAGCTCAAGTGGG-1,L6 OPRK1 SMYD1 KCND2,0.019580048878761247
AGAGCAGAGAGCTGAC-1,Endo CLDN5 SLC7A5,0.18942516881028532
AGAGCAGCAAAGGCTG-1,Oligo MOG OPALIN,0.9995111222411954
AGAGCAGCACATTCTT-1,Oligo MOG OPALIN,0.9198940641428622
AGAGCAGCAGCGACAA-1,Oligo MOG OPALIN,0.9999707392139485
AGAGCAGGTATTGGCT-1,L6 FEZF2 SYT6 PTPRT,0.04772823181209015
AGAGCAGGTCGGAACA-1,L2-3 CUX2 NTNG1 COL5A2,0.15853269713694976
AGAGCAGGTTCAAACC-1,Oligo MOG OPALIN,0.20677373307777633
AGAGCCCAGCGCCTTG-1,L2-3 CUX2 ACVR1C INHBA,0.09233540636844577
AGAGCCCAGGTGATCG-1,L2-3 CUX2 ACVR1C THSD7A,0.9434528502794823
AGAGCCCCACCCTAAA-1,Endo CLDN5 SLC7A5,0.7490562083231944
AGAGCCCCACGCCAGT-1,Endo CLDN5 SLC7A5,0.0785894812827405
AGAGCCCGTACTCAAC-1,Endo CLDN5 SLC7A5,0.4337582795939808
AGAGCCCGTACTCCGG-1,Astro GFAP FABP7,0.9849044265273365
AGAGCCCGTTCCGCTT-1,L2-3 CUX2 NTNG1 PALMD,0.43131322605120237
AGAGCCCGTTGTCTAG-1,Oligo MOG OPALIN,0.5544281676943442
AGAGCCCTCCATCGTC-1,Astro GFAP AQP1,0.054863902419829844
AGATAGAGTACGATCT-1,Endo CLDN5 IL1R1,0.47959551513655235
AGATAGAGTTTACCAG-1,OPC PDGFRA PCDH15,0.9999999999996052
AGATAGATCTATCCAT-1,Astro AQP4 SLC1A2,0.9999728031243239
AGATAGATCTCGTTTA-1,Endo CLDN5 SLC7A5,0.8298832551180416
AGATCCAAGGGTGAAA-1,Oligo MOG OPALIN,0.09416623733494776
AGATCCAAGGTTACCT-1,Endo CLDN5 SLC7A5,0.9337179980682545
AGATCCACAACTGCCG-1,Endo CLDN5 SLC7A5,0.03346965385571554
AGATCCACAGACCTGC-1,InN LAMP5 ADAMTS20,0.8089702760032426
AGATCCACATACTGTG-1,InN PVALB ANOS1,0.18300668993800834
AGATCCAGTAGTACGG-1,Endo CLDN5 SLC7A5,0.9841888800964587
AGATCCAGTGAATGTA-1,Endo CLDN5 SLC7A5,0.1821440895363037
AGATCCAGTGCATCTA-1,Oligo MOG OPALIN,0.7858110327739001
AGATCCATCATTGCGA-1,Endo CLDN5 SLC7A5,0.45281984791671087
AGATCCATCCCATTCG-1,InN PVALB PIEZO2,0.03241443277518687
AGATCGTAGGCTATCT-1,L3-5 RORB GABRG1 PLCH1,0.07038155104092877
AGATCGTCAAGGTCAG-1,Endo CLDN5 SLC7A5,0.12768268204606187
AGATCGTCAGCGGTCT-1,Oligo MOG OPALIN,0.7702060755152685
AGATCGTGTTGTTGTG-1,Astro GFAP AQP1,0.9999023543256061
AGATCGTTCATCTACT-1,PC P2RY14 GRM8,0.9918220458292133
AGATGAAAGCCTCTGG-1,Oligo MOG OPALIN,0.964787280279046
AGATGAAAGGTCATTC-1,L6 OPRK1 THEMIS RGS6,0.9609673627179608
AGATGAACAAAGCAAT-1,PC P2RY14 GRM8,0.007414271461945504
AGATGAACAACCAACT-1,Endo CLDN5 SLC7A5,0.9612288041749603
AGATGAACAATACAGA-1,VLMC COL1A2 VLMCA8,0.8973064084088991
AGATGAACAGCAGAAC-1,Oligo MOG OPALIN,0.9989558228113499
AGATGAATCACACCCT-1,Endo CLDN5 SLC7A5,0.01725428926608061
AGATGCTAGCAATTAG-1,InN PVALB PIEZO2,0.11283771397191401
AGATGCTAGCTCAGAG-1,Oligo MOG OPALIN,0.9999406716460297
AGATGCTAGGCTGGAT-1,Oligo MOG OPALIN,0.9046128605587753
AGATGCTCATGAATCC-1,L6 FEZF2 SYT6 ERBB4,0.1866137103878515
AGATGCTTCAGATGCT-1,Oligo MOG OPALIN,0.1942925038199034
AGCATCAAGAGTATAC-1,Oligo MOG OPALIN,0.9999392887528181
AGCATCAAGCTCGTGC-1,Endo CLDN5 SLC7A5,0.049546389417975616
AGCATCAGTGGTTTAC-1,L2-3 CUX2 NTNG1 PALMD,0.02572002362538773
AGCATCAGTGTCCTAA-1,Micro P2RY12 APBB1IP,0.993804000117934
AGCATCAGTTCAAGTC-1,Oligo MOG GSN,0.9980865160022705
AGCATCATCAAGGCTT-1,L2-3 CUX2 ACVR1C INHBA,0.09513872036531841
AGCATCATCACTTGTT-1,SMC ACTA2 CNN1,0.4092122909975684
AGCATCATCGACGATT-1,Oligo MOG OPALIN,0.1177628034959325
AGCCAATAGCCATGCC-1,Endo CLDN5 SLC7A5,0.8058196756869648
AGCCAATCAAGTATCC-1,Endo CLDN5 SLC7A5,0.9714076439161454
AGCCAATCAATCGCGC-1,L2-3 CUX2 NTNG1 PALMD,0.07554609409342171
AGCCAATCAGCATTGT-1,Endo CLDN5 SLC7A5,0.5178764819195206
AGCCAATGTTTCGTTT-1,Oligo MOG GSN,0.028143650079386476
AGCCAATTCATAGACC-1,Micro P2RY12 APBB1IP,0.9999167493396858
AGCCAATTCGTCCATC-1,Micro P2RY12 APBB1IP,0.961767994911426
AGCCACGAGACGCATG-1,Micro P2RY12 APBB1IP,0.06097077869522905
AGCCACGAGGTAGTCG-1,L3-5 RORB GABRG1 PTPRO,0.05803050340239665
AGCCACGAGTAGAGTT-1,Astro AQP4 SLC1A2,0.06300484902159259
AGCCACGAGTAGGCCA-1,Endo CLDN5 SLC7A5,0.9771157145383202
AGCCACGAGTTCCGTA-1,Endo CLDN5 SLC7A5,0.29308805284977724
AGCCACGCACACGTGC-1,L2-3 CUX2 NTNG1 PALMD,0.8521197112022328
AGCCACGCATTGAAGA-1,Oligo MOG OPALIN,0.8994642060453093
AGCCACGGTACTCGAT-1,Endo CLDN5 SLC7A5,0.8862486903786869
AGCCAGCAGACGCATG-1,Astro GFAP AQP1,0.014153370094157274
AGCCAGCAGGAATGTT-1,Micro P2RY12 APBB1IP,0.9997494945759229
AGCCAGCCAGAGCCCT-1,Astro AQP4 SLC1A2,0.658586480134303
AGCCAGCCAGGCACAA-1,Oligo MOG OPALIN,0.1298939629028307
AGCCAGCGTCTAATCG-1,Micro P2RY12 APBB1IP,0.09120357680103816
AGCCAGCTCCTTGACC-1,Endo CLDN5 IL1R1,0.025085398532017494
AGCGATTAGAGGACTC-1,Endo CLDN5 SLC7A5,0.32183941196900606
AGCGATTCACATTCTT-1,L3-5 RORB GABRG1 PTPRO,0.5081001389092994
AGCGATTCATAACAGA-1,Oligo MOG OPALIN,0.9997706146716768
AGCGATTCATCAACCA-1,Astro AQP4 SLC1A2,0.9989132440808443
AGCGATTGTAGGTACG-1,Oligo MOG OPALIN,0.9649454143994256
AGCGATTTCGCACGGT-1,L2-3 CUX2 NTNG1 PALMD,0.10877336205686298
AGCGCCAAGAAGCGAA-1,Astro AQP4 SLC1A2,0.6133338010589114
AGCGCCAAGATGCCGA-1,Endo CLDN5 SLC7A5,0.22119103384516509
AGCGCCAAGCACTCCG-1,InN SST HS3ST5,0.7529366217680953
AGCGCCACAAGCGGAT-1,L3-5 RORB GABRG1 PTPRO,0.2682995863006099
AGCGCCACACTTTAGG-1,Endo CLDN5 SLC7A5,0.9583532117648388
AGCGCCAGTACAGGTG-1,L2-3 CUX2 NTNG1 PALMD,0.09099260699422144
AGCGCCAGTGTGATGG-1,Astro AQP4 SLC1A2,0.997745599265845
AGCGCCAGTTGTTGAC-1,Endo CLDN5 SLC7A5,0.33959623340868683
AGCGCCATCATACGGT-1,L3-5 RORB GABRG1 PLCH1,0.012253948462853237
AGCGCTGAGCAAATGT-1,L3-5 RORB MKX GRIN3A,0.008009594521813865
AGCGCTGAGCTGCCAC-1,Endo CLDN5 SLC7A5,0.7552820913786172
AGCGCTGAGGGAGTGG-1,Oligo MOG OPALIN,0.9863951514979508
AGCGCTGCAGGTATGG-1,PC P2RY14 GRM8,0.03174820958300338
AGCGCTGTCCACAGGC-1,Endo CLDN5 SLC7A5,0.6079269692612711
AGCGCTGTCCCACAGG-1,InN VIP HS3ST3B1,0.9992627548277041
AGCGTATAGCGCCTTG-1,Astro AQP4 SLC1A2,0.9256615571237435
AGCGTATCAGCTACTA-1,Endo CLDN5 SLC7A5,0.06749218094740143
AGCGTATGTGGATTTC-1,Endo CLDN5 SLC7A5,0.9632822431613843
AGCGTATTCCCTCTCC-1,Oligo MOG OPALIN,0.21345756428855917
AGCGTATTCTTGCAAG-1,Endo CLDN5 SLC7A5,0.2746786293647258
AGCGTCGAGTATGAAC-1,L3-5 RORB MKX DCC,0.46347313263857864
AGCGTCGTCTACCTTA-1,L2-3 CUX2 NTNG1 PALMD,0.069937902916257
AGCGTCGTCTTCTTCC-1,Oligo MOG OPALIN,0.9958005411286774
AGCTACAGTACTGCGC-1,L2-3 CUX2 ACVR1C THSD7A,0.9983829101901821
AGCTACAGTCCAAATC-1,L2-3 CUX2 ACVR1C THSD7A,0.5883234848499944
AGCTACATCCGGACGT-1,Oligo MOG FRY,0.13910730264737567
AGCTACATCCTCTCGA-1,InN SST HTR2C,0.021957109867573838
AGCTACATCGTGGTAT-1,Endo CLDN5 SLC7A5,0.17213327924522423
AGCTCAACACTTGTGA-1,Astro GFAP AQP1,0.8673816635735535
AGCTCAAGTACCATAC-1,Endo CLDN5 SLC7A5,0.5244326790118246
AGCTCAAGTATGAGAT-1,Micro P2RY12 APBB1IP,0.999093304469686
AGCTCAAGTCCGATCG-1,Endo CLDN5 SLC7A5,0.9628591926875919
AGCTCAAGTGAGACCA-1,Astro GFAP AQP1,0.14122717788338734
AGCTCAAGTTCTTCAT-1,Endo CLDN5 SLC7A5,0.8720932290107819
AGCTTCCAGCTATCTG-1,L2-4 CUX2 RORB CLMN,0.1343978521540763
AGCTTCCAGTCAGCGA-1,Astro GFAP FABP7,0.9999285263839368
AGCTTCCGTAGACGGT-1,Endo CLDN5 SLC7A5,0.7801631496408021
AGGAAATAGACTCGAG-1,L3-5 RORB MKX GRIN3A,0.005089464212334774
AGGAAATAGCGAGTCA-1,Endo CLDN5 SLC7A5,0.9973577451169138
AGGAAATAGCTCACTA-1,InN PVALB SNTB1,0.3519503179304414
AGGAAATGTGAGCGAT-1,Oligo MOG OPALIN,0.8409668991808187
AGGAAATTCGGCCTTT-1,Endo CLDN5 SLC7A5,0.24686439811441963
AGGAAATTCTGTTGGA-1,Oligo MOG OPALIN,0.846518692335436
AGGAATAAGCGAACTG-1,Oligo MOG OPALIN,0.010757610029887196
AGGAATAAGGAAGTCC-1,L6 OPRK1 SMYD1 SNTB1,0.326976568443759
AGGAATAGTATGGAGC-1,Micro P2RY12 APBB1IP,0.0526355650242419
AGGAATATCCATTTGT-1,Astro GFAP AQP1,0.9996474088404365
AGGAATATCGTCGGGT-1,Oligo MOG GSN,0.9935292664644394
AGGACGAAGATTGTGA-1,Endo CLDN5 SLC7A5,0.033643338366963475
AGGACGAAGTGCTCGC-1,Endo CLDN5 SLC7A5,0.8937899544204579
AGGACGACACCAACAT-1,Micro P2RY12 APBB1IP,0.9888042629599764
AGGACGACAGCTATAC-1,Endo CLDN5 SLC7A5,0.05678073761894453
AGGACGAGTACTAACC-1,L6 OPRK1 THEMIS RGS6,0.9974412795155491
AGGACGAGTCTTACTT-1,InN VIP PENK,0.9588743971702613
AGGACGATCTTTGCTA-1,L6 OPRK1 THEMIS RGS6,0.026156835191069216
AGGACTTCAATCAGCT-1,L6 FEZF2 NPFFR2 TPD52L1,0.01496518792657065
AGGACTTGTCGCTGCA-1,Macro F13A1 COLEC12,0.9888473424018682
AGGACTTGTCTCAGAT-1,Oligo MOG OPALIN,0.9957868180168883
AGGACTTTCACACCCT-1,L3-5 RORB GABRG1 KCNH7,0.09899784100225675
AGGACTTTCCATGATG-1,Endo CLDN5 SLC7A5,0.7345491102839281
AGGAGGTAGGTAAGGA-1,InN PVALB HPSE,0.04956835440711002
AGGAGGTCATAACGGG-1,Micro P2RY12 APBB1IP,0.013394408661245203
AGGAGGTCATGGCTAT-1,Oligo MOG OPALIN,0.8746862755538973
AGGAGGTTCAAGGACG-1,InN SST ADAMTSL1,0.01707772586279411
AGGAGGTTCATTCATC-1,Micro P2RY12 APBB1IP,0.9973385695641757
AGGAGGTTCCCTCTAG-1,Oligo MOG OPALIN,0.9994591287172051
AGGAGGTTCGGCAGTC-1,Oligo MOG GSN,0.06896468515106359
AGGATAAAGCTGTGCC-1,Endo CLDN5 SLC7A5,0.13398243330289858
AGGATAAAGTGCAGGT-1,InN SST TRPC7,0.34087461364347493
AGGATAACATCGTGCG-1,Astro AQP4 SLC1A2,0.9998934385683419
AGGATAACATGCCATA-1,L6 OPRK1 THEMIS RGS6,0.016079647876250883
AGGATAAGTCAACCAT-1,Astro GFAP AQP1,0.9999771793289245
AGGATAATCAACACGT-1,L6 OPRK1 THEMIS RGS6,0.961406073072467
AGGATCTAGGTCACCC-1,Endo CLDN5 SLC7A5,0.036146149707246514
AGGATCTCACTTTAGG-1,Endo CLDN5 SLC7A5,0.860468364830464
AGGATCTTCAGAACCT-1,Oligo MOG OPALIN,0.999888819589591
AGGATCTTCTCGGTCT-1,L2-3 CUX2 NTNG1 PALMD,0.12920480737073073
AGGATCTTCTTCCTAA-1,Endo CLDN5 SLC7A5,0.3815247000204671
AGGCATTAGCTGAGCA-1,Oligo MOG OPALIN,0.9999892801572028
AGGCATTCACAGCTTA-1,Endo CLDN5 SLC7A5,0.8924829198665265
AGGCATTCATCAACCA-1,Oligo MOG OPALIN,0.6276028434177863
AGGCATTTCACAAGGG-1,Endo CLDN5 SLC7A5,0.5057011836700915
AGGCATTTCGCATAGT-1,Endo CLDN5 SLC7A5,0.9997003981806473
AGGCCACAGCTGACTT-1,Astro AQP4 SLC1A2,0.9880970377352392
AGGCCACAGTCTTCGA-1,Endo CLDN5 SLC7A5,0.012693259160566054
AGGCCACCAACCGATT-1,L2-3 CUX2 ACVR1C THSD7A,0.9993334946862081
AGGCCACGTACGCTTA-1,Endo CLDN5 SLC7A5,0.9648537673212817
AGGCCACTCCTGGGAC-1,Endo CLDN5 SLC7A5,0.9987048652348103
AGGCCACTCGTCAAAC-1,L2-3 CUX2 NTNG1 PLCH1,0.07257799133589718
AGGCCACTCTGCTAGA-1,Oligo MOG GSN,0.2826514104394957
AGGCTGCAGAATCTAG-1,Endo CLDN5 SLC7A5,0.8714735465790774
AGGCTGCGTACAGTTC-1,Oligo MOG OPALIN,0.9997604095815128
AGGCTGCGTCAGACGA-1,Oligo MOG OPALIN,0.5020714613845494
AGGCTGCGTGAGTTTC-1,Endo CLDN5 SLC7A5,0.23640337831799932
AGGCTGCGTGTTGATC-1,Oligo MOG OPALIN,0.9999963401601176
AGGCTGCGTTGGGTTT-1,Oligo MOG OPALIN,0.9982710465462906
AGGGAGTAGATTAGCA-1,Astro AQP4 SLC1A2,0.40401342478424934
AGGGAGTAGCTCCCTT-1,InN VIP HS3ST3B1,0.970567588142015
AGGGAGTAGTCACTCA-1,Oligo MOG OPALIN,0.9975137949952315
AGGGAGTAGTTTGAGA-1,Endo CLDN5 SLC7A5,0.05462833357351919
AGGGAGTCAGCAGGAT-1,Oligo MOG OPALIN,0.589999588006198
AGGGAGTCATGGCGCT-1,Astro AQP4 SLC1A2,0.9146223990778445
AGGGAGTGTGGCAACA-1,Oligo MOG OPALIN,0.2752005142985323
AGGGAGTTCACGGACC-1,InN SST ADAMTSL1,0.18821554190695983
AGGGCCTAGACTACCT-1,L3-5 RORB MKX GRIN3A,0.022517539672818273
AGGGCCTCACACCAGC-1,Endo CLDN5 SLC7A5,0.33602209743175654
AGGGCCTCAGTCGAGA-1,L6 FEZF2 DCBLD1 MITF,0.08311644801288605
AGGGCCTCATCGAAGG-1,Endo CLDN5 SLC7A5,0.7171633017668592
AGGGCCTCATCTAACG-1,L2-3 CUX2 NTNG1 PALMD,0.33294691332164333
AGGGCCTCATGAGATA-1,L2-3 CUX2 NTNG1 PALMD,0.6052978114474359
AGGGCCTGTCTCTCTG-1,InN PVALB GRIN2C,0.9957477305055912
AGGGCTCAGCAACAAT-1,InN PVALB ANOS1,0.7633795758293002
AGGGCTCAGCGTATAA-1,Oligo MOG OPALIN,0.9996541264018128
AGGGCTCAGGCTATCT-1,Oligo MOG OPALIN,0.999231776573832
AGGGCTCAGTAAACTG-1,Endo CLDN5 SLC7A5,0.9962482971870107
AGGGCTCAGTAAAGCT-1,Endo CLDN5 SLC7A5,0.9359573444588981
AGGGCTCCACTCCGAG-1,Oligo MOG OPALIN,0.9447039602886529
AGGGCTCGTATACGGG-1,Oligo MOG GSN,0.04374269008328381
AGGGCTCGTCGAATGG-1,L2-3 CUX2 ACVR1C INHBA,0.15235182657992605
AGGGCTCGTTGCTAGT-1,Endo CLDN5 SLC7A5,0.28841750776826436
AGGGCTCTCCATAGGT-1,Oligo MOG OPALIN,0.9091764752617105
AGGGTCCAGAAGTCTA-1,Oligo MOG OPALIN,0.9968031258915909
AGGGTCCCAATTGTGC-1,Oligo MOG OPALIN,0.06654116800123527
AGGGTCCCAGCCCACA-1,L2-3 CUX2 NTNG1 PALMD,0.016689853888919488
AGGGTCCCATGAATAG-1,Oligo MOG GSN,0.0200451039872299
AGGGTCCGTCTGTCAA-1,InN SST STK32A,0.9912165656616793
AGGGTCCGTGTGACCC-1,L6 OPRK1 THEMIS RGS6,0.328302937723211
AGGGTCCTCGAGAAGC-1,Endo CLDN5 SLC7A5,0.999757541532784
AGGGTCCTCTTTCTAG-1,Oligo MOG OPALIN,0.18343716084865747
AGGGTGAAGCTGAAAT-1,Astro GFAP AQP1,0.9806000139722609
AGGGTGACAGTAGAGC-1,Endo CLDN5 SLC7A5,0.2610179726602859
AGGGTGAGTGAGGCAT-1,Endo CLDN5 SLC7A5,0.6988858140177647
AGGGTGAGTGCGTCGT-1,Endo CLDN5 SLC7A5,0.07029653228183454
AGGGTGAGTTCCGCGA-1,Astro GFAP AQP1,0.05907984213968538
AGGGTGATCTGCTAGA-1,Endo CLDN5 SLC7A5,0.553782648498205
AGGGTTTAGCACCGAA-1,L2-3 CUX2 NTNG1 PALMD,0.05621512618770903
AGGGTTTAGGGCAAGG-1,Astro GFAP AQP1,0.07873713734202412
AGGGTTTCAACCCTAA-1,Oligo MOG OPALIN,0.9899812933467097
AGGGTTTCACATGAAA-1,Oligo MOG OPALIN,0.13435186189076634
AGGGTTTGTCGTGTTA-1,L6 FEZF2 NPFFR2 TPD52L1,0.9260966897657064
AGGGTTTGTCTGTCCT-1,Endo CLDN5 SLC7A5,0.5196477057829254
AGGGTTTGTGATGGCA-1,Endo CLDN5 SLC7A5,0.07275545786557369
AGGGTTTTCCCAAGTA-1,Endo CLDN5 SLC7A5,0.9861956115038429
AGGTAGGAGCAGCAGT-1,Oligo MOG OPALIN,0.49326294498941664
AGGTAGGGTCTACACA-1,Endo CLDN5 SLC7A5,0.12068892902135613
AGGTAGGGTGAGTAGC-1,Micro P2RY12 APBB1IP,0.96808576384404
AGGTAGGTCAGATTGC-1,Oligo MOG OPALIN,0.2305953767871698
AGGTCATCACCATATG-1,Endo CLDN5 SLC7A5,0.3865155731723871
AGGTCATCAGACCATT-1,Astro GFAP AQP1,0.9999581270181477
AGGTCATGTATCGCTA-1,Astro AQP4 SLC1A2,0.9635881659970683
AGGTCTAAGAACCCGA-1,Endo CLDN5 SLC7A5,0.39516147052616724
AGGTCTAAGCCTGCCA-1,Astro GFAP AQP1,0.999964055151357
AGGTCTACACACACTA-1,Astro AQP4 SLC1A2,0.9999979955603359
AGGTCTACAGCTCTGG-1,L2-3 CUX2 NTNG1 COL5A2,0.05022305621802874
AGGTCTACATCTGCGG-1,L2-3 CUX2 NTNG1 PALMD,0.08574113664111697
AGGTCTAGTTCGAACT-1,Endo CLDN5 SLC7A5,0.8814015135944585
AGGTCTATCTGGGTCG-1,Endo CLDN5 SLC7A5,0.9879599042479792
AGGTGTTCACTTCTCG-1,Endo CLDN5 SLC7A5,0.9690343055566453
AGGTGTTCATCGCTAA-1,VLMC COL1A2 VLMCA8,0.9827089803520385
AGGTGTTCATTATGCG-1,L2-3 CUX2 NTNG1 PALMD,0.040587633430719035
AGGTGTTTCGTGTTCC-1,InN PVALB PDE3A,0.29585079757401056
AGGTGTTTCTTCCCAG-1,Oligo MOG OPALIN,0.9712188645336459
AGGTTACAGACCAGAC-1,InN SST TRPC7,0.016483368057110023
AGGTTACAGTCAACAA-1,Endo CLDN5 SLC7A5,0.40048892036485645
AGGTTACCACAGCCAC-1,Endo CLDN5 SLC7A5,0.017685520373939924
AGGTTACCACAGCCTG-1,Micro P2RY12 APBB1IP,0.09163328336549979
AGGTTACTCATTACCT-1,L2-3 CUX2 NTNG1 PALMD,0.018137124837254267
AGGTTACTCGACATTG-1,Oligo MOG OPALIN,0.9954566261841503
AGGTTACTCTAAGCGT-1,Oligo MOG OPALIN,0.9819810062403738
AGGTTGTAGGAGAGGC-1,Endo CLDN5 SLC7A5,0.6188833772846664
AGGTTGTAGGCGACAT-1,Endo CLDN5 SLC7A5,0.3533067904984695
AGGTTGTAGTAATACG-1,Endo CLDN5 SLC7A5,0.9297691864805364
AGGTTGTGTCGCGTTG-1,InN VIP ADAM12,0.010355417355097967
AGGTTGTGTTCGTACA-1,Endo CLDN5 SLC7A5,0.9647608164630408
AGGTTGTTCAGCTAGT-1,Astro AQP4 SLC1A2,0.9999977202986058
AGTAACCCAGCATTGT-1,Endo CLDN5 SLC7A5,0.006804124863329769
AGTAACCGTCACAGTT-1,Oligo MOG OPALIN,0.772880772072451
AGTAACCTCTTAGGAC-1,Astro AQP4 SLC1A2,0.9999950650670939
AGTACCAAGGGCCTCT-1,Oligo MOG OPALIN,0.9849919749128064
AGTACCAGTCTACTGA-1,Astro GFAP AQP1,0.020448218815765834
AGTACCATCTTACGGA-1,Oligo MOG OPALIN,0.020327775616316383
AGTACTGCAAACACCT-1,Micro P2RY12 APBB1IP,0.9877743518751531
AGTACTGGTCAAGGCA-1,InN SST TRPC7,0.9883654329600378
AGTAGCTAGCCTGACC-1,L3-5 RORB MKX DCC,0.9968612232504646
AGTAGCTTCCGTGCGA-1,L2-3 CUX2 NTNG1 PALMD,0.21813094488489757
AGTAGTCCACCGAATT-1,Oligo MOG OPALIN,0.8836267250069616
AGTAGTCCACGTCGTG-1,InN SST TRPC7,0.2723440355673245
AGTAGTCCAGAGCCCT-1,Endo CLDN5 SLC7A5,0.07751391250740879
AGTAGTCCAGCTGAGA-1,Oligo MOG OPALIN,0.17332466552154013
AGTAGTCGTACATACC-1,Astro AQP4 SLC1A2,0.8963305916669388
AGTAGTCGTGCTGTCG-1,Endo CLDN5 SLC7A5,0.03486960535601075
AGTAGTCGTGTAAATG-1,InN VIP HS3ST3B1,0.9566858490634128
AGTCAACGTGAATGTA-1,Astro GFAP FABP7,0.9999138572736215
AGTCACAAGCATGTTC-1,Oligo MOG OPALIN,0.99999049602295
AGTCACACATGGCACC-1,Oligo MOG OPALIN,0.7445454951995368
AGTCACAGTAGACGGT-1,Endo CLDN5 SLC7A5,0.9715495023010566
AGTCACAGTCCCACGA-1,OPC PDGFRA PCDH15,0.9999999999999956
AGTCACAGTCTGTCCT-1,L2-3 CUX2 NTNG1 PALMD,0.4189717599981371
AGTCACAGTGCCGGTT-1,Endo CLDN5 SLC7A5,0.16510049173749403
AGTCACAGTGTGGTCC-1,L3-5 RORB GABRG1 PTPRO,0.08602017094690904
AGTCACAGTTTAGAGA-1,SMC ACTA2 CNN1,0.03985292333125647
AGTCACATCAGGTGTT-1,Astro AQP4 SLC1A2,0.9993627686689978
AGTCACATCTCTAGGA-1,L2-3 CUX2 NTNG1 PALMD,0.10588510968411513
AGTCATGAGGACTGGT-1,InN SST FREM1,0.019597078900367736
AGTCATGCAGTAGTTC-1,Oligo MOG GSN,0.9865240988607168
AGTCATGGTCACAGTT-1,Endo CLDN5 SLC7A5,0.9275374252822349
AGTCATGGTCCTGAAT-1,Astro GFAP AQP1,0.1470130722107269
AGTCATGTCTCGCTCA-1,Endo CLDN5 SLC7A5,0.8988864710043291
AGTCTCCCAACCTAAC-1,Oligo MOG OPALIN,0.9959000245401831
AGTCTCCGTCAAAGAT-1,Astro AQP4 SLC1A2,0.9969093337974511
AGTCTCCGTTAATGAG-1,L6 FEZF2 SYT6 PTPRT,0.2752791240371493
AGTCTCCTCAAACCTG-1,Astro AQP4 SLC1A2,0.03145492661744581
AGTCTCCTCATCCCGT-1,Oligo MOG GSN,0.08583283340203747
AGTCTCCTCATCGCCT-1,Oligo MOG OPALIN,0.9986235177362258
AGTGACTAGCGAGTCA-1,Endo CLDN5 SLC7A5,0.1417587122541306
AGTGACTCAAGTGACG-1,L3-5 RORB GABRG1 PTPRO,0.10245967478120942
AGTGACTCATGGGAAC-1,L2-3 CUX2 NTNG1 COL5A2,0.47859654138026714
AGTGACTGTTGGTGTT-1,L3-5 RORB MKX GALR1,0.024134912505307454
AGTGATCAGCACGGAT-1,Oligo MOG GSN,0.4792781937189543
AGTGATCCACGACGTC-1,L2-3 CUX2 NTNG1 PALMD,0.5210209514509848
AGTGATCCATAAGATG-1,Micro P2RY12 CCL3,0.05848834134000658
AGTGATCGTCTCAGAT-1,Micro P2RY12 APBB1IP,0.9962874066069072
AGTGATCTCGACACCG-1,Astro GFAP FABP7,0.9977466216097156
AGTGCCGAGCTAATGA-1,PC P2RY14 GRM8,0.18641094547190803
AGTGCCGCAGAACTTC-1,Astro GFAP AQP1,0.9977498363707095
AGTGCCGCATAGTCAC-1,Endo CLDN5 SLC7A5,0.3041039572441121
AGTGCCGCATGACGTT-1,L2-3 CUX2 NTNG1 PALMD,0.019347632089878913
AGTGCCGTCATCTACT-1,Endo CLDN5 SLC7A5,0.5631431369724934
AGTGTTGAGGTCGTCC-1,L3-5 RORB MKX DCC,0.9984359739846729
AGTGTTGAGTGTTCCA-1,Astro AQP4 SLC1A2,0.3832646608203851
AGTGTTGCACCGTCTT-1,Micro P2RY12 APBB1IP,0.04941255557803167
AGTGTTGCAGTCAGAG-1,Astro GFAP AQP1,0.04568392418969139
AGTGTTGGTCGCGGTT-1,L3-5 RORB MKX GRIN3A,0.027227778711764704
AGTGTTGTCCAAGCAT-1,Oligo MOG OPALIN,0.07666093806917157
AGTGTTGTCTATGCCC-1,L6 OPRK1 THEMIS RGS6,0.9446212588882398
AGTTAGCAGACCTGGA-1,L2-3 CUX2 ACVR1C THSD7A,0.9864791955393516
AGTTAGCAGATAGCTA-1,Oligo MOG OPALIN,0.026157522729513702
AGTTAGCGTAATGATG-1,Endo CLDN5 SLC7A5,0.2324706511759541
AGTTAGCGTACAAACA-1,Oligo MOG OPALIN,0.6554714451493646
AGTTAGCGTATCCCTC-1,L2-4 CUX2 RORB CLMN,0.03718599354602093
AGTTAGCTCACCTCTG-1,PC P2RY14 GRM8,0.99992934113017
AGTTAGCTCGAGTACT-1,Endo CLDN5 SLC7A5,0.9903148129311481
AGTTAGCTCGTGCATA-1,L3-5 RORB MKX GALR1,0.01615439670853532
AGTTAGCTCTGAGGCC-1,Astro AQP4 SLC1A2,0.8155527885107979
AGTTCCCGTAGGTACG-1,Oligo MOG OPALIN,0.17586143776794513
AGTTCCCGTCGCATTA-1,Oligo MOG OPALIN,0.5932223975343485
AGTTCCCGTGCTGATT-1,Endo CLDN5 SLC7A5,0.8802500625365866
AGTTCCCTCCGTAATG-1,L6 OPRK1 THEMIS RGS6,0.9224926635720921
AGTTCCCTCCTCAGGG-1,Endo CLDN5 SLC7A5,0.9387026324005027
AGTTCGAAGAGCTGAC-1,Astro AQP4 SLC1A2,0.5279145207725354
AGTTCGAAGATGCCGA-1,Oligo MOG OPALIN,0.9912862108811878
AGTTCGATCGAGCCTG-1,Endo CLDN5 SLC7A5,0.10016146274084392
ATACCGAAGGTTATAG-1,Astro GFAP AQP1,0.27982081996580177
ATACCGAAGTGGTCAG-1,Astro GFAP AQP1,0.7128703916097817
ATACCGAGTAACCAGG-1,Endo CLDN5 SLC7A5,0.7386784788210893
ATACCGATCCCTCTCC-1,Oligo MOG OPALIN,0.7645558636801693
ATACCGATCCTGCCAT-1,L6 OPRK1 THEMIS RGS6,0.24017995312861593
ATACCGATCTTCTAAC-1,Oligo MOG OPALIN,0.3665109900729328
ATACCTTAGTGCACAG-1,L2-3 CUX2 NTNG1 PALMD,0.04514096691260289
ATACCTTCAAATGCGG-1,Oligo MOG OPALIN,0.08051210569195993
ATACCTTCACCTGCGA-1,PC P2RY14 GRM8,0.9962356886018199
ATACCTTGTTCAAGTC-1,PC P2RY14 GRM8,0.9999939628384635
ATACCTTTCCTCTGCA-1,Endo CLDN5 SLC7A5,0.9999829823278175
ATACCTTTCCTCTTTC-1,L6 OPRK1 SMYD1 SNTB1,0.014307244046628137
ATACCTTTCTCGCTTG-1,VLMC COL1A2 VLMCA8,0.9999878507168077
ATAGACCAGAGTTGAT-1,Oligo MOG OPALIN,0.26408843347643346
ATAGACCAGCGAAACC-1,Oligo MOG OPALIN,0.9995707772079091
ATAGACCCAACCAACT-1,Endo CLDN5 SLC7A5,0.05915322671899851
ATAGACCCAGGCATGA-1,Endo CLDN5 SLC7A5,0.11275706397909892
ATAGACCCATCGTCCT-1,L2-3 CUX2 NTNG1 PALMD,0.03956686518114191
ATAGACCGTAACAGGC-1,Endo CLDN5 SLC7A5,0.02673955666292296
ATAGACCGTTAGTTCG-1,Endo CLDN5 IL1R1,0.07869969119485179
ATAGACCGTTCGGTCG-1,Endo CLDN5 SLC7A5,0.10204392104858225
ATAGACCTCATCAGTG-1,Endo CLDN5 SLC7A5,0.02150748648880426
ATAGAGAAGAGGACTC-1,L2-3 CUX2 NTNG1 PALMD,0.038695994345800705
ATAGAGAGTCTACGAT-1,InN VIP EGF,0.23991922513023833
ATAGGCTAGAGAGTTT-1,Oligo MOG OPALIN,0.5600555593190124
ATAGGCTAGTCGGCAA-1,Endo CLDN5 SLC7A5,0.0617738797538934
ATAGGCTCACAAATGA-1,SMC ACTA2 CNN1,0.9850325719311661
ATAGGCTCACGACCTG-1,Endo CLDN5 SLC7A5,0.8409541170163317
ATAGGCTCAGAGGGTT-1,Endo CLDN5 SLC7A5,0.024986995909558107
ATAGGCTCAGCGTAGA-1,Oligo MOG OPALIN,0.02786195781919377
ATAGGCTCAGTCAGTT-1,L2-3 CUX2 NTNG1 PALMD,0.01407694571299341
ATAGGCTTCACGATAC-1,L6 OPRK1 SMYD1 SNTB1,0.18158836701471204
ATATCCTAGAAACTCA-1,Endo CLDN5 SLC7A5,0.8245395734417889
ATATCCTAGATCACCT-1,PC P2RY14 GRM8,0.9876350115188981
ATATCCTCAGACAAGC-1,L2-3 CUX2 ACVR1C THSD7A,0.2921168218817417
ATATCCTTCAAGCCTA-1,L2-3 CUX2 ACVR1C INHBA,0.043607491283036384
ATATCCTTCGGTCGAC-1,L3-5 RORB MKX GRIN3A,0.052594179051836845
ATATCCTTCTAGAACC-1,Astro GFAP AQP1,0.9855393549766296
ATATCCTTCTCTCCGA-1,Endo CLDN5 SLC7A5,0.22376644574397034
ATCACAGAGCCATGCC-1,Endo CLDN5 SLC7A5,0.47242862138794556
ATCACAGCACAAGCAG-1,Endo CLDN5 SLC7A5,0.04729583112493747
ATCACAGCATGGGTCC-1,Micro P2RY12 APBB1IP,0.965917795512652
ATCACAGGTGAACTAA-1,Endo CLDN5 SLC7A5,0.06362714063813814
ATCACAGTCCGTTTCG-1,Endo CLDN5 SLC7A5,0.2798466740019678
ATCACAGTCGCCGTGA-1,Endo CLDN5 SLC7A5,0.9465816019344062
ATCACAGTCTCCTGCA-1,L3-5 RORB MKX DCC,0.3836228942263237
ATCACGAAGCAGCAGT-1,Micro P2RY12 APBB1IP,0.23533390341064256
ATCACGAAGTCGCGAA-1,Oligo MOG OPALIN,0.4947247330970195
ATCACGACACCCAACG-1,Endo CLDN5 SLC7A5,0.33118694306082197
ATCACGAGTTAGAAGT-1,L2-3 CUX2 ACVR1C INHBA,0.021714908178942713
ATCACGATCACACCCT-1,Oligo MOG OPALIN,0.9762613696423541
ATCACGATCCCTCGAT-1,Oligo MOG OPALIN,0.9998554083873817
ATCACTTAGGTTGCCC-1,L2-3 CUX2 NTNG1 PALMD,0.055606051828364596
ATCACTTCACACTTAG-1,InN SST HTR2C,0.9959774182035452
ATCACTTCACCCTAAA-1,Micro P2RY12 APBB1IP,0.9984354395045769
ATCACTTCACTGGAAG-1,Astro GFAP AQP1,0.9692886529057751
ATCACTTGTACAATAG-1,Oligo MOG OPALIN,0.5204814847975632
ATCACTTGTCCAGGTC-1,Oligo MOG OPALIN,0.16002355621637404
ATCAGGTAGTGTGTTC-1,L3-5 RORB GABRG1 KCNH7,0.5808314345575802
ATCAGGTGTTGGCCTG-1,L6 FEZF2 NPFFR2 TPD52L1,0.019011095099342342
ATCAGGTTCCTGCCAT-1,Astro AQP4 SLC1A2,0.060980791786907
ATCATTCAGACTCATC-1,InN SST PLPP4,0.01516218138942636
ATCATTCAGTATGAGT-1,L2-3 CUX2 ACVR1C THSD7A,0.9982471897134969
ATCATTCCACTGTGAT-1,Micro P2RY12 APBB1IP,0.10416594430929003
ATCATTCCAGCGCTTG-1,Endo CLDN5 SLC7A5,0.842952085632042
ATCATTCTCAGACCTA-1,InN VIP HS3ST3B1,0.7744333911553068
ATCATTCTCAGCGTCG-1,Astro AQP4 SLC1A2,0.9983492597705781
ATCATTCTCTTGCGCT-1,Endo CLDN5 SLC7A5,0.13297712540771905
ATCCACCCATCTCCCA-1,Oligo MOG OPALIN,0.9383259776627112
ATCCACCGTATCCTCC-1,Endo CLDN5 SLC7A5,0.9940938403230558
ATCCACCGTCATTGCA-1,Endo CLDN5 SLC7A5,0.5865323876565418
ATCCACCTCCATCTGC-1,Endo CLDN5 SLC7A5,0.13077024932664044
ATCCATTAGCCTTCTC-1,L2-3 CUX2 NTNG1 PALMD,0.1852812949439346
ATCCATTAGTCTGTAC-1,Oligo MOG OPALIN,0.1491384788368943
ATCCATTGTAGGCTCC-1,L6 OPRK1 SMYD1 SNTB1,0.027572006405354343
ATCCATTTCATCAGTG-1,L2-3 CUX2 ACVR1C INHBA,0.14463103481521244
ATCCATTTCATTTGCT-1,Endo CLDN5 SLC7A5,0.8004664044009966
ATCCATTTCTGGGATT-1,Endo CLDN5 SLC7A5,0.060840972978859056
ATCCCTGAGCACCCAC-1,L2-3 CUX2 NTNG1 PALMD,0.037441392653279705
ATCCCTGAGCCTGGAA-1,L2-3 CUX2 NTNG1 PALMD,0.428058055544242
ATCCGTCAGACCGTTT-1,Endo CLDN5 SLC7A5,0.541124943371343
ATCCGTCAGCGAGTCA-1,L3-5 RORB PCBP3 ARHGAP15,0.01154060836691504
ATCCGTCAGTGATTCC-1,Oligo MOG OPALIN,0.3381845103297632
ATCCGTCCAATCCTTT-1,Oligo MOG OPALIN,0.9265338486749868
ATCCGTCGTCCTATAG-1,Micro P2RY12 APBB1IP,0.7475246103079604
ATCCGTCTCTTAGCCC-1,Oligo MOG OPALIN,0.999869199782977
ATCCTATAGAGGCCAT-1,Endo CLDN5 SLC7A5,0.9544483732881954
ATCCTATAGATAGTGT-1,InN PVALB SYT2,0.022917163140148657
ATCCTATAGCAGTCTT-1,Astro AQP4 SLC1A2,0.999433081580656
ATCGATGAGTTCTACG-1,Astro AQP4 SLC1A2,0.9999995946953188
ATCGATGCAAACTGCT-1,Astro GFAP AQP1,0.03599642529519897
ATCGATGCATATCGGT-1,Endo CLDN5 SLC7A5,0.6681860528981352
ATCGATGGTACTGACT-1,Oligo MOG OPALIN,0.9692851066558268
ATCGCCTAGGAACGAA-1,Endo CLDN5 SLC7A5,0.8098642885074943
ATCGCCTCATGGCCAC-1,Astro AQP4 SLC1A2,0.937867102359692
ATCGCCTGTAGACAAT-1,Oligo MOG OPALIN,0.01447496111926714
ATCGCCTGTGACCTGC-1,Oligo MOG OPALIN,0.30334911067246556
ATCGGATCATATAGCC-1,InN PVALB ANOS1,0.09900127042976954
ATCGGATGTCCTGGGT-1,Endo CLDN5 SLC7A5,0.2434574573486358
ATCGGATGTGCAACGA-1,Oligo MOG OPALIN,0.9184502303338964
ATCGGATTCTTCACAT-1,Astro AQP4 SLC1A2,0.9997788083095189
ATCGGCGAGCCAAGCA-1,Oligo MOG OPALIN,0.9999288282268408
ATCGGCGAGGCTGGAT-1,Oligo MOG OPALIN,0.9885648304043043
ATCGGCGAGTTAGTAG-1,L2-4 CUX2 RORB CLMN,0.08311999894301002
ATCGGCGGTCAGATTC-1,Oligo MOG OPALIN,0.37667171726699084
ATCGGCGGTCGCGTCA-1,SMC ACTA2 CNN1,0.10295076178451577
ATCGGCGGTGTCACAT-1,Astro AQP4 SLC1A2,0.32407877071587315
ATCGGCGTCCACGGAC-1,Oligo MOG OPALIN,0.4971081505914537
ATCGTAGAGGCTTTCA-1,L6 FEZF2 SYT6 PTPRT,0.05014337954355635
ATCGTAGCACAACATC-1,Endo CLDN5 SLC7A5,0.2029308169440688
ATCGTAGGTAACGATA-1,L2-3 CUX2 ACVR1C THSD7A,0.05464027209459664
ATCGTAGGTGAGTAAT-1,L2-3 CUX2 NTNG1 PALMD,0.23605344123318062
ATCGTCCCACAGCCAC-1,Astro AQP4 SLC1A2,0.8987661854395893
ATCGTCCCACTTGAGT-1,Endo CLDN5 SLC7A5,0.9995714780241379
ATCGTCCCAGTGCCTG-1,Oligo MOG OPALIN,0.9999712254598662
ATCGTCCGTACTCGCG-1,Oligo MOG OPALIN,0.03645018453178107
ATCGTCCGTCTCTCAC-1,Endo CLDN5 SLC7A5,0.14022808619477956
ATCGTCCGTCTGATAC-1,Endo CLDN5 SLC7A5,0.37945483411023617
ATCGTCCGTGCTCTCT-1,Oligo MOG OPALIN,0.16493766220111555
ATCGTGAGTGGTCCGT-1,Astro AQP4 SLC1A2,0.9999881836983212
ATCGTGAGTTACCTTT-1,InN SST FREM1,0.08071018504912074
ATCGTGAGTTGTGTTG-1,Astro AQP4 SLC1A2,0.980269979189849
ATCGTGATCGTGTGGC-1,Endo CLDN5 SLC7A5,0.39949164376045626
ATCTCTAAGATTGACA-1,Oligo MOG OPALIN,0.9998011963977274
ATCTCTAAGTCAATCC-1,Astro AQP4 SLC1A2,0.9917149790092207
ATCTCTACAAGCGAGT-1,InN SST STK32A,0.998781333178447
ATCTCTAGTCGTAATC-1,Oligo MOG OPALIN,0.09678647095237024
ATCTCTAGTTCGCGTG-1,Endo CLDN5 SLC7A5,0.09592580722017627
ATCTTCAAGCGTTCCG-1,Astro AQP4 SLC1A2,0.9990840225093233
ATCTTCACAAACACGG-1,Astro AQP4 SLC1A2,0.9870417680159654
ATCTTCACATACTGAC-1,Endo CLDN5 SLC7A5,0.9617345168572217
ATCTTCAGTACCCACG-1,OPC PDGFRA PCDH15,0.01816056256805209
ATCTTCAGTCGCACGT-1,Astro GFAP AQP1,0.9999172940980848
ATCTTCAGTGTTAAAG-1,Endo CLDN5 SLC7A5,0.9890313520462348
ATCTTCATCAAACCCA-1,Oligo MOG OPALIN,0.9999753506696833
ATCTTCATCGAATGCT-1,Oligo MOG OPALIN,0.1527936477969541
ATCTTCATCGCGGTAC-1,L2-3 CUX2 NTNG1 PALMD,0.0587375629754808
ATCTTCATCTTGCGCT-1,Oligo MOG OPALIN,0.9999845160908074
ATGAAAGAGAAGTCTA-1,Endo CLDN5 SLC7A5,0.9321447190302191
ATGAAAGCACAGCCTG-1,Oligo MOG OPALIN,0.13277513229247084
ATGACCAAGCAGTACG-1,Micro P2RY12 APBB1IP,0.14100598306995932
ATGACCAAGGATACCG-1,L2-3 CUX2 NTNG1 PALMD,0.37738308579988833
ATGACCACACAGAAGC-1,L3-5 RORB GABRG1 PTPRO,0.15333048968167684
ATGACCACACCCTGTT-1,Oligo MOG OPALIN,0.1755570690993466
ATGACCACACTATCCC-1,InN SST FREM1,0.07789814240626822
ATGACCACACTGGATT-1,InN SST ADAMTSL1,0.3230745419507453
ATGACCACAGTAGGAC-1,L2-4 CUX2 RORB CLMN,0.012578825712601592
ATGAGGGTCATCGTAG-1,L3-5 RORB GABRG1 PTPRO,0.5071774497919104
ATGAGGGTCTGTAAGC-1,Macro F13A1 COLEC12,0.999999461948466
ATGAGTCCAGTGCGCT-1,Astro AQP4 SLC1A2,0.589008387566865
ATGAGTCTCCACCCTA-1,Endo CLDN5 SLC7A5,0.3080336286448842
ATGAGTCTCTGCTGAA-1,Astro AQP4 SLC1A2,0.9939210475588571
ATGATCGAGATGACCG-1,Endo CLDN5 SLC7A5,0.07675598953476186
ATGATCGAGCAACTTC-1,Oligo MOG OPALIN,0.5034211387593348
ATGATCGAGCGTGCTC-1,Endo CLDN5 SLC7A5,0.6645010290831076
ATGATCGCACAATCTG-1,Oligo MOG OPALIN,0.9959920414075895
ATGATCGCAGAGCTAG-1,Endo CLDN5 SLC7A5,0.6440802197551677
ATGATCGGTAGTCACT-1,Endo CLDN5 SLC7A5,0.9765586349103804
ATGATCGGTGCCCTTT-1,PC P2RY14 GRM8,0.9999753000364628
ATGCATGAGACCAAGC-1,Oligo MOG OPALIN,0.8429128081147077
ATGCATGAGTGAGTTA-1,InN VIP CLSTN2,0.9932601213766675
ATGCATGCAGCACAAG-1,Oligo MOG OPALIN,0.1748855829216841
ATGCATGCAGGGTTGA-1,Endo CLDN5 IL1R1,0.1567292439992543
ATGCATGGTGAGAACC-1,OPC PDGFRA PCDH15,1.0
ATGCATGGTTAACAGA-1,Oligo MOG OPALIN,0.42230767535280156
ATGCCTCAGGTGCTAG-1,Astro GFAP AQP1,0.9121336381776275
ATGCCTCGTGTCGATT-1,L6 OPRK1 THEMIS RGS6,0.053471838569704846
ATGCCTCTCAATCTCT-1,Astro AQP4 SLC1A2,0.013600555510562141
ATGCCTCTCGAGTCTA-1,Astro AQP4 SLC1A2,0.2063754691131314
ATGCGATAGCACACCC-1,Oligo MOG OPALIN,0.982769259372133
ATGCGATAGCTTAAGA-1,Astro AQP4 SLC1A2,0.9998936920741237
ATGCGATCACTACTTT-1,Oligo MOG OPALIN,0.44094574770957523
ATGCGATGTACAGAAT-1,Oligo MOG OPALIN,0.9999998198464817
ATGGAGGAGCCTAGGA-1,OPC PDGFRA PCDH15,0.030006159308508373
ATGGAGGAGGAAAGAC-1,Astro AQP4 SLC1A2,0.9990467743024821
ATGGAGGCAGGTCAGA-1,Endo CLDN5 SLC7A5,0.7317098131382729
ATGGAGGGTGTCTCCT-1,L2-3 CUX2 NTNG1 PALMD,0.10581601040010917
ATGGAGGGTTGAGGAC-1,PC P2RY14 GRM8,0.9952943528873814
ATGGATCAGCCAGACA-1,InN SST PLPP4,0.9974269553496572
ATGGATCCACCCTAAA-1,Micro P2RY12 APBB1IP,0.528419875272927
ATGGATCCAGTCAGAG-1,L6 FEZF2 NPFFR2 TPD52L1,0.12383308656479027
ATGGATCGTCCAAGAG-1,Astro AQP4 SLC1A2,0.9998394140455673
ATGGATCGTGCTGCAC-1,Oligo MOG OPALIN,0.16613255399177826
ATGGATCGTTAGTTCG-1,Oligo MOG OPALIN,0.6445333823056512
ATGGATCTCCTACCAC-1,Endo CLDN5 SLC7A5,0.444856481193773
ATGGGAGCAGTTGTCA-1,L3-5 RORB GABRG1 PTPRO,0.14336319035736134
ATGGGAGCATAGATGA-1,Endo CLDN5 SLC7A5,0.915516038578627
ATGGGAGCATGGTGGA-1,Micro P2RY12 APBB1IP,0.9999312469460027
ATGGGAGGTGAGACCA-1,Endo CLDN5 SLC7A5,0.2288846544023351
ATGGGAGGTTGTAAAG-1,Oligo MOG OPALIN,0.8857617336022952
ATGGGTTAGAACTCCT-1,Endo CLDN5 SLC7A5,0.7554475841162587
ATGGGTTTCACCATCC-1,Endo CLDN5 SLC7A5,0.0035998180229224125
ATGGGTTTCGCAGTTA-1,L6 OPRK1 THEMIS RGS6,0.5582029005929853
ATGGTTGAGTTGCTCA-1,InN SST TRPC7,0.02854296051614922
ATGGTTGGTTTGTTCT-1,Astro AQP4 SLC1A2,0.9999997069833039
ATGGTTGTCTCTTAAC-1,Oligo MOG OPALIN,0.9997869435187172
ATGTCCCAGCCTTTCC-1,Astro GFAP AQP1,0.9997501497877156
ATGTCCCCAATAGTAG-1,Endo CLDN5 SLC7A5,0.6541051496806406
ATGTCCCCACCGCTGA-1,SMC ACTA2 CRISPLD2,0.02753172271143025
ATGTCCCTCGCAGTTA-1,Oligo MOG OPALIN,0.9999924099769145
ATGTCCCTCTGCAGCG-1,Endo CLDN5 SLC7A5,0.1354590432551161
ATGTCTTAGAATCGTA-1,Oligo MOG OPALIN,0.9999695916145105
ATGTCTTCAACCTAAC-1,Oligo MOG OPALIN,0.9999992831976419
ATGTCTTCACCAATTG-1,Oligo MOG OPALIN,0.9999879549155867
ATGTCTTCAGTCTCTC-1,Endo CLDN5 SLC7A5,0.049283445892972795
ATGTCTTGTAAGGTCG-1,Oligo MOG OPALIN,0.9807329625344786
ATTACCTAGGCACCAA-1,L3-5 RORB MKX GRIN3A,0.4241658070779004
ATTACCTAGGTCGTAG-1,L2-3 CUX2 NTNG1 PALMD,0.05524592866629783
ATTACCTAGTCTAGCT-1,InN VIP ADAM12,0.03747285405718377
ATTACCTCACAAGTTC-1,OPC PDGFRA PCDH15,0.9999999999983669
ATTACTCAGCATATGA-1,Oligo MOG OPALIN,0.07726851017710225
ATTACTCCAGACCATT-1,Astro AQP4 SLC1A2,0.9999316058970078
ATTACTCGTCCTGAAT-1,Oligo MOG OPALIN,0.9999997559391375
ATTACTCGTTCAATCG-1,L6 OPRK1 THEMIS RGS6,0.9880639260463631
ATTATCCCAGAGAAAG-1,L3-5 RORB MKX GRIN3A,0.1224587411135071
ATTATCCCATATCTCT-1,Oligo MOG OPALIN,0.0684616230716528
ATTATCCGTATGGAGC-1,VLMC COL1A2 VLMCA8,0.9995616340670539
ATTATCCTCCTCTCGA-1,Astro AQP4 SLC1A2,0.25733076667870153
ATTCACTCAACACAGG-1,Oligo MOG OPALIN,0.4845131692050055
ATTCACTCAAGAAATC-1,Oligo MOG OPALIN,0.9598892275545573
ATTCACTGTATGTCCA-1,Astro GFAP AQP1,0.9997153530595182
ATTCACTGTCGAACGA-1,Oligo MOG OPALIN,0.9999813153396891
ATTCACTGTTGCAAGG-1,SMC ACTA2 CNN1,0.9702195042688666
ATTCACTTCACTGAAC-1,Endo CLDN5 SLC7A5,0.10555209388079495
ATTCACTTCCTCTAAT-1,Oligo MOG OPALIN,0.9675464730157652
ATTCAGGAGAAGCGGG-1,L2-3 CUX2 NTNG1 COL5A2,0.018449825996292385
ATTCAGGAGACTCAAA-1,OPC PDGFRA PCDH15,0.9999999999999987
ATTCAGGCACGTAACT-1,Oligo MOG OPALIN,0.9988642268121742
ATTCAGGCAGCTGCCA-1,Oligo MOG OPALIN,0.5155782125892849
ATTCAGGTCCAGTGCG-1,L2-3 CUX2 ACVR1C THSD7A,0.9811434229279256
ATTCAGGTCTAGAACC-1,Astro GFAP FABP7,0.9998768117307392
ATTCATCAGGATTACA-1,Endo CLDN5 SLC7A5,0.6209732034881513
ATTCATCCACGCTATA-1,Endo CLDN5 SLC7A5,0.054263002071054646
ATTCATCCAGCACGAA-1,Endo CLDN5 SLC7A5,0.5988431449004155
ATTCATCGTTAGAAAC-1,L2-3 CUX2 NTNG1 PALMD,0.004332780713089375
ATTCATCTCACCGCTT-1,Oligo MOG OPALIN,0.9968155997461962
ATTCATCTCACCGGTG-1,Oligo MOG OPALIN,0.9962976800817992
ATTCATCTCATGTCTT-1,Micro P2RY12 APBB1IP,0.9039156582111066
ATTCCATAGACATCCT-1,Astro AQP4 SLC1A2,0.9707250841357942
ATTCCATCAAGACTGG-1,Oligo MOG GSN,0.3688328527181657
ATTCCATGTAGTTAGA-1,PC P2RY14 GRM8,0.9585072350691706
ATTCCATTCTACAGGT-1,InN SST ADAMTSL1,0.03367551284456223
ATTCCCGAGCTGCCAC-1,Astro AQP4 SLC1A2,0.45536653124833354
ATTCCCGAGTCAGAGC-1,Endo CLDN5 SLC7A5,0.054038121577751404
ATTCCCGAGTGTTCAC-1,Oligo MOG OPALIN,0.1483314219262313
ATTCCCGCATAAGATG-1,L6 OPRK1 THEMIS RGS6,0.5451189380114964
ATTCCCGGTCCAACGC-1,Oligo MOG OPALIN,0.8849336936673624
ATTCCCGGTTGCGGAA-1,Astro GFAP FABP7,0.018118027724375197
ATTCCCGGTTTCCCAC-1,L6 OPRK1 THEMIS RGS6,0.90179354345403
ATTCCCGTCGATTTCT-1,Oligo MOG OPALIN,0.028986897180014504
ATTCCTAAGAATTTGG-1,Oligo MOG OPALIN,0.3675940648989335
ATTCCTAAGCGACATG-1,Oligo MOG OPALIN,0.46923268179826005
ATTCCTAAGTAAGACT-1,Astro GFAP AQP1,0.9985317058751434
ATTCCTAGTAGAGGAA-1,InN VIP EXPH5,0.9980432543308108
ATTCCTAGTCTGCCTT-1,Endo CLDN5 SLC7A5,0.7782234558407847
ATTCCTAGTTTCGTAG-1,L2-3 CUX2 NTNG1 PALMD,0.1934150072457551
ATTCCTATCGTTCTCG-1,Oligo MOG OPALIN,0.838698505953819
ATTCGTTCACCCATAA-1,L2-3 CUX2 NTNG1 PALMD,0.18114802532820604
ATTCGTTCACCCTGAG-1,Oligo MOG GSN,0.05404767795624412
ATTCGTTCACGCTATA-1,L2-3 CUX2 NTNG1 PALMD,0.12646526948427786
ATTCGTTGTTGCAAGG-1,Astro GFAP AQP1,0.0976298370757819
ATTCGTTTCACCTTGC-1,PC P2RY14 GRM8,0.9999973042309956
ATTCTACAGCGTTACT-1,Astro AQP4 SLC1A2,0.9094771562883606
ATTCTACGTCGCAACC-1,Endo CLDN5 SLC7A5,0.9449642266332605
ATTCTACTCGTTTACT-1,Endo CLDN5 SLC7A5,0.6314237572621975
ATTCTTGAGCAGCAGT-1,Oligo MOG OPALIN,0.9586126060015981
ATTCTTGCAGCATGCC-1,Astro AQP4 SLC1A2,0.9999784373552592
ATTCTTGGTAGGGTAC-1,InN PVALB PIEZO2,0.06429916152726012
ATTCTTGTCTCAACCC-1,Astro AQP4 SLC1A2,0.41720848517680525
ATTCTTGTCTTGGCTC-1,Endo CLDN5 SLC7A5,0.9748262038089267
ATTGGGTCAAAGGATT-1,Astro GFAP FABP7,0.978896518510158
ATTGGGTTCGCCTAGG-1,L2-4 CUX2 RORB CLMN,0.9669831448413486
ATTGGGTTCGGTCACG-1,PC P2RY14 GRM8,0.9999892546722434
ATTGTTCAGAAGCTCG-1,Oligo MOG GSN,0.9981349122484818
ATTGTTCAGCTCTTCC-1,Oligo MOG OPALIN,0.030149425211704984
ATTGTTCAGTGTTGAA-1,Endo CLDN5 SLC7A5,0.02253178865959551
ATTGTTCTCACAATGC-1,InN SST TRPC7,0.018210521774988896
ATTGTTCTCCGAGATT-1,InN PVALB SYT2,0.03400994571104606
ATTGTTCTCTACCAGA-1,Astro GFAP AQP1,0.9573304839004709
ATTGTTCTCTGCCTCA-1,OPC PDGFRA PCDH15,0.05783696226709839
ATTTACCCAGCGAGTA-1,L6 OPRK1 THEMIS RGS6,0.02465541911546935
ATTTACCGTGTATTGC-1,Astro AQP4 SLC1A2,0.9687831367905365
ATTTACCTCCACCTCA-1,Oligo MOG OPALIN,0.010406000248822794
ATTTACCTCTTCTTCC-1,Micro P2RY12 APBB1IP,0.2112172523329571
ATTTCACAGTAATACG-1,Oligo MOG OPALIN,0.9918847973376357
ATTTCACCAGTCGGAA-1,Oligo MOG OPALIN,0.999857080669477
ATTTCACCATTGCAAC-1,Oligo MOG OPALIN,0.9997023312550505
ATTTCACGTCACGCTG-1,L3-5 RORB MKX GRIN3A,0.11099571070381167
ATTTCACGTTCTATCT-1,L2-3 CUX2 NTNG1 PALMD,0.10065539312828126
ATTTCACTCTGGGAGA-1,Oligo MOG OPALIN,0.1274670251213923
ATTTCTGAGCATGCAG-1,Oligo MOG OPALIN,0.9999523555967144
ATTTCTGCAAATGAGT-1,Endo CLDN5 SLC7A5,0.9956162242862575
ATTTCTGGTGAAAGTT-1,Astro GFAP FABP7,0.08534703382381
ATTTCTGGTGTATTGC-1,OPC PDGFRA PCDH15,0.9999999999999827
ATTTCTGTCACCACAA-1,L2-3 CUX2 NTNG1 PALMD,0.06234590583256528
ATTTCTGTCTGTACAG-1,Endo CLDN5 SLC7A5,0.6388381769163425
CAAAGAAAGACTTGTC-1,Endo CLDN5 SLC7A5,0.009344396606491676
CAAAGAAGTTGCGAAG-1,Micro P2RY12 CCL3,0.018488694058342574
CAAAGAATCTTGTGCC-1,L2-3 CUX2 NTNG1 PALMD,0.19907424806425733
CAACAACAGAGTCCGA-1,Endo CLDN5 SLC7A5,0.01716578865551939
CAACAACAGGTTAAAC-1,Micro P2RY12 APBB1IP,0.9974716779745963
CAACAACCAGCTATTG-1,L6 OPRK1 THEMIS RGS6,0.9774478531283435
CAACAACCATCCCACT-1,Endo CLDN5 SLC7A5,0.3709460433494183
CAACAACGTCAAAGAT-1,Endo CLDN5 SLC7A5,0.19398412137316406
CAACAACGTCAGGAGT-1,Endo CLDN5 SLC7A5,0.17698313223678647
CAACAACTCACAATGC-1,L2-3 CUX2 NTNG1 PALMD,0.12994466733063578
CAACAACTCCCAAGCG-1,VLMC COL1A2 VLMCA8,0.06284331432736177
CAACAACTCTTGATTC-1,Oligo MOG OPALIN,0.9564155201330258
CAACAGTCAATTTCGG-1,Endo CLDN5 SLC7A5,0.011812949423222339
CAACAGTCATCGTGGC-1,L2-3 CUX2 NTNG1 PALMD,0.841539807530084
CAACAGTGTATCGTGT-1,Endo CLDN5 SLC7A5,0.6783980063319085
CAACAGTGTGCCCACA-1,Endo CLDN5 SLC7A5,0.1693088419531186
CAACAGTGTGGTAACG-1,Astro GFAP AQP1,0.15087876834514452
CAACCAAGTAGGAAAG-1,Oligo MOG OPALIN,0.8545207042271294
CAACCTCAGGTGGCTA-1,Endo CLDN5 SLC7A5,0.2721858733888352
CAACCTCTCGAAGCCC-1,Endo CLDN5 SLC7A5,0.10675600014414569
CAACGATAGAATAACC-1,Endo CLDN5 SLC7A5,0.9646149168927926
CAACGATAGCACCTGC-1,Astro AQP4 SLC1A2,0.29124388932050504
CAACGATCACCGCTAG-1,Astro GFAP FABP7,0.9991582908235896
CAACGATCAGGAGACT-1,InN PVALB ANOS1,0.8679716343728548
CAACGATCATGGTGGA-1,Endo CLDN5 SLC7A5,0.17593541802110485
CAACGATGTACCGGCT-1,L2-3 CUX2 NTNG1 COL5A2,0.3649470495271447
CAACGATGTAGGCTCC-1,Endo CLDN5 SLC7A5,0.9916732223262609
CAACGATGTCGCAGTC-1,L2-3 CUX2 NTNG1 PALMD,0.07087191286725704
CAACGATTCCCTATTA-1,L2-3 CUX2 NTNG1 PALMD,0.2728010814331851
CAACGGCAGCCATCCG-1,L2-3 CUX2 ACVR1C INHBA,0.7000732734227213
CAACGGCAGCCATTCA-1,Astro AQP4 SLC1A2,0.9681405894043539
CAACGGCAGTTCCAGT-1,Astro AQP4 SLC1A2,0.9845131041255348
CAACGGCCAGACCCGT-1,Micro P2RY12 APBB1IP,0.9967066266385675
CAACGGCGTAGTACGG-1,Astro GFAP FABP7,0.999987761410085
CAACGGCGTGATATAG-1,L2-3 CUX2 NTNG1 PALMD,0.35832207417433193
CAACGGCTCGGCTTCT-1,Endo CLDN5 SLC7A5,0.22243492677659327
CAAGACTAGGATTTGA-1,PC P2RY14 GRM8,0.9581862315129129
CAAGACTCAAGTGGTG-1,OPC PDGFRA PCDH15,0.999999999999919
CAAGACTCACACAGCC-1,Endo CLDN5 SLC7A5,0.7124283776506017
CAAGACTCAGGCAATG-1,Oligo MOG OPALIN,0.4121022642510768
CAAGACTCAGGCCTGT-1,Oligo MOG OPALIN,0.8338065644143615
CAAGACTCATAACGGG-1,Astro AQP4 SLC1A2,0.9999972826912328
CAAGACTCATAATGCC-1,Oligo MOG OPALIN,0.6638334353919241
CAAGACTTCTAGCATG-1,InN VIP ADAM12,0.026730992835930462
CAAGAGGAGAACTTCC-1,Astro AQP4 SLC1A2,0.9979586412463434
CAAGAGGAGTCAGCCC-1,Endo CLDN5 SLC7A5,0.9893396148869189
CAAGAGGAGTTCCGGC-1,Micro P2RY12 APBB1IP,0.15459366462139273
CAAGAGGCATTAAGCC-1,Endo CLDN5 SLC7A5,0.32502892194441463
CAAGAGGGTCCTTTGC-1,VLMC COL1A2 VLMCA8,0.9958015748916994
CAAGAGGGTCTGTCCT-1,L3-5 RORB MKX GRIN3A,0.025973572556674974
CAAGAGGTCACTTTGT-1,L2-3 CUX2 NTNG1 PLCH1,0.15364549128058508
CAAGCTAAGGATGCGT-1,Astro GFAP FABP7,0.9963548299542859
CAAGCTACAGTGTGGA-1,OPC PDGFRA PCDH15,0.9999999999999905
CAAGCTACATTGAGGG-1,Endo CLDN5 SLC7A5,0.12406269406795685
CAAGCTAGTCCAAGAG-1,Endo CLDN5 SLC7A5,0.9702438899579892
CAAGCTAGTGAGCCAA-1,L3-5 RORB PCBP3 IL1RAPL2,0.9448572787264619
CAAGCTAGTGAGGATC-1,Oligo MOG OPALIN,0.4816940230215444
CAAGCTATCCGAGCTG-1,Micro P2RY12 APBB1IP,0.0702374474189894
CAAGCTATCGCCCAGA-1,Astro AQP4 SLC1A2,0.9999977193284192
CAAGCTATCGTCGATA-1,Astro GFAP AQP1,0.15962361384243834
CAAGGGAAGACGCCAA-1,Endo CLDN5 SLC7A5,0.029958783091648337
CAAGGGACAAGAAACT-1,Astro GFAP FABP7,0.9999718196111083
CAAGGGACAAGCGCAA-1,L2-3 CUX2 NTNG1 PALMD,0.11699503159324255
CAAGGGACACAATGTC-1,Endo CLDN5 SLC7A5,0.26531436744828474
CAAGGGACATGTGGTT-1,Astro GFAP FABP7,0.9678250329486094
CAATACGAGACTCGAG-1,Oligo MOG OPALIN,0.31236796865477084
CAATACGAGATAGTCA-1,L6 OPRK1 THEMIS RGS6,0.0967862738311112
CAATACGAGCGATGCA-1,Oligo MOG OPALIN,0.9984442116608145
CAATACGAGTATAGAC-1,Oligo MOG OPALIN,0.8868759377480616
CAATACGCATCGGATT-1,Endo CLDN5 SLC7A5,0.5052738134739029
CAATACGGTTCAGGTT-1,Astro AQP4 SLC1A2,0.9781760839422851
CAATACGTCCCATAGA-1,Micro P2RY12 APBB1IP,0.9993079568602024
CAATACGTCCGACATA-1,InN LAMP5 BMP7,0.9957586122182726
CAATACGTCGATCCAA-1,L6 OPRK1 THEMIS RGS6,0.01391119674507065
CAATACGTCTCTCCGA-1,Oligo MOG OPALIN,0.5723809588790629
CAATCGAAGATAACAC-1,VLMC COL1A2 VLMCA8,0.9892393020525169
CAATCGAAGCCACAAG-1,Astro GFAP AQP1,0.18254449424074876
CAATCGAAGTGAATAC-1,Astro GFAP FABP7,0.07098884024437983
CAATCGAAGTGTTGTC-1,InN LAMP5 BMP7,0.7782323857297743
CAATCGACACCTTCGT-1,Endo CLDN5 SLC7A5,0.9081058221672249
CAATCGACACTGCACG-1,L2-4 CUX2 RORB CLMN,0.0376403158212744
CAATCGACAGTCTTCC-1,Astro AQP4 SLC1A2,0.9568645857524366
CAATCGAGTCGATTAC-1,OPC PDGFRA PCDH15,0.9849958416933446
CAATCGATCCTTATCA-1,Endo CLDN5 SLC7A5,0.02627171702647783
CAATCGATCGTCAAAC-1,L6 FEZF2 SYT6 ERBB4,0.030127727380765194
CAATGACCAGCCCAGT-1,L3-5 RORB GABRG1 PTPRO,0.2646424923090846
CAATGACGTCGAAACG-1,OPC PDGFRA PCDH15,0.13016211506443592
CAATGACGTGTGTTTG-1,Oligo MOG OPALIN,0.16315404597138827
CAATGACTCAAGAGTA-1,L2-3 CUX2 ACVR1C THSD7A,0.13292748648206731
CAATTTCAGCCAAGCA-1,Astro AQP4 SLC1A2,0.9994014809855921
CAATTTCAGGCACCAA-1,Endo CLDN5 SLC7A5,0.9935498925485567
CAATTTCAGGCTCCCA-1,L2-3 CUX2 ACVR1C INHBA,0.03761846515252754
CAATTTCGTACAGTTC-1,Endo CLDN5 SLC7A5,0.9842196250291437
CAATTTCTCATGGTAC-1,Endo CLDN5 SLC7A5,0.9465698300090494
CAATTTCTCCACCTCA-1,Endo CLDN5 SLC7A5,0.29549863706839463
CAATTTCTCCGTAGTA-1,L3-5 RORB GABRG1 KCNH7,0.03022663073401972
CAATTTCTCTCCAAGA-1,Astro AQP4 SLC1A2,0.9924871421765149
CACAACAAGAAGGCTC-1,Endo CLDN5 SLC7A5,0.9619289592854375
CACAACAAGACCAGCA-1,Oligo MOG OPALIN,0.11845420245001106
CACAACAAGCTAATGA-1,InN PVALB HPSE,0.779603094772782
CACAACAAGTATAGAC-1,Endo CLDN5 SLC7A5,0.3821707849250157
CACAACACAAGTCGTT-1,Oligo MOG OPALIN,0.9998901361261863
CACAACATCCAAGCAT-1,Oligo MOG OPALIN,0.9999514938368825
CACACAAAGCGGTAAC-1,L2-3 CUX2 ACVR1C THSD7A,0.995593005161161
CACACAAAGGACGCTA-1,InN SST PLPP4,0.1589857672566744
CACACAAAGTCCCAAT-1,Endo CLDN5 SLC7A5,0.1080692862483651
CACACAACATCTATCT-1,Oligo MOG OPALIN,0.15524010276955186
CACACAAGTATAGGAT-1,Astro AQP4 SLC1A2,0.668381904495417
CACAGATAGTAGGCCA-1,Endo CLDN5 SLC7A5,0.03945772215391115
CACAGATAGTTTCTTC-1,InN SST TRPC7,0.007712343067302087
CACAGATCAGCACACC-1,Astro AQP4 SLC1A2,0.3672720012906773
CACAGATTCTGTCGTC-1,Endo CLDN5 SLC7A5,0.1749526291935139
CACAGATTCTTGGTGA-1,Astro GFAP AQP1,0.07491090223242693
CACAGGCAGACTACCT-1,Endo CLDN5 SLC7A5,0.45560746673346464
CACAGGCCACTAACGT-1,Endo CLDN5 SLC7A5,0.9501610213185936
CACAGGCTCCGTACGG-1,L6 OPRK1 THEMIS RGS6,0.7674467444458678
CACATGAAGAGCATAT-1,Endo CLDN5 SLC7A5,0.9624566628153158
CACATGAAGCCTCTCT-1,InN SST ADAMTSL1,0.18493139550899435
CACATGAAGTGATGGC-1,Oligo MOG OPALIN,0.5759067969027507
CACATGAAGTGTAGTA-1,InN PVALB HPSE,0.06705496964955038
CACATGACACAAGTGG-1,Oligo MOG OPALIN,0.37908062732096326
CACATGACAGGACGAT-1,L3-5 RORB GABRG1 KCNH7,0.08605473174331395
CACATGACAGGGCTTC-1,Endo CLDN5 SLC7A5,0.05580411567921509
CACATGATCATTTCGT-1,L2-3 CUX2 NTNG1 PALMD,0.051574178248054506
CACATGATCTGTCCCA-1,InN SST FREM1,0.05477097923882131
CACCAAAAGCGCCATC-1,InN SST TRPC7,0.6319324233815435
CACCAAAAGGTTACCT-1,Endo CLDN5 SLC7A5,0.9997316960631722
CACCAAAAGTCTGCGC-1,InN SST TRPC7,0.4641253172101321
CACCAAACATTCTGTT-1,Endo CLDN5 SLC7A5,0.9815991404160282
CACCAAAGTTCTCCTG-1,Oligo MOG OPALIN,0.2609915620738039
CACCAAATCTGCGAGC-1,Oligo MOG OPALIN,0.036139116361417506
CACCGTTAGCCGTTAT-1,Oligo MOG OPALIN,0.5387316199055504
CACCGTTAGGGTTGCA-1,Astro GFAP AQP1,0.2498391520312414
CACCGTTGTCGTACTA-1,L2-3 CUX2 NTNG1 PALMD,0.023715411152285572
CACCGTTGTGTCTCCT-1,Oligo MOG OPALIN,0.575690454160569
CACCGTTTCAGCTTGA-1,L2-3 CUX2 NTNG1 PALMD,0.7496688447598993
CACCGTTTCTCGGCTT-1,Endo CLDN5 SLC7A5,0.8392842044750757
CACGAATCAACCTATG-1,Endo CLDN5 SLC7A5,0.3617146652626456
CACGAATTCGATACAC-1,Endo CLDN5 SLC7A5,0.7609608307887861
CACGGGTAGGTCACCC-1,Endo CLDN5 SLC7A5,0.3768064936865707
CACGGGTCAGGACGAT-1,InN VIP EXPH5,0.6811489990238568
CACGGGTTCACTTCTA-1,Endo CLDN5 SLC7A5,0.32777317191596517
CACGTGGAGGCTCTAT-1,Oligo MOG OPALIN,0.9999788198765927
CACGTGGCACTACCCT-1,Oligo MOG OPALIN,0.9429914764198656
CACGTGGCAGTACTAC-1,Oligo MOG OPALIN,0.8206219461982794
CACGTGGCATTCTTCA-1,L2-3 CUX2 ACVR1C THSD7A,0.9996405555508694
CACGTGGTCTTTGCGC-1,Oligo MOG OPALIN,0.9879332519721485
CACGTTCAGCCTGGAA-1,Astro GFAP AQP1,0.9596593408179267
CACGTTCCATCCGTTC-1,Micro P2RY12 APBB1IP,0.13447819984636455
CACGTTCGTCACCGCA-1,Astro GFAP AQP1,0.12838150504409215
CACTAAGGTCTCGCGA-1,Endo CLDN5 SLC7A5,0.45156725067337083
CACTAAGTCACTACGA-1,Oligo MOG OPALIN,0.9999386263127376
CACTAAGTCCTCTAGC-1,Endo CLDN5 SLC7A5,0.32199501351339094
CACTAAGTCGGTTGTA-1,InN SST PLPP4,0.06288113611367656
CACTAAGTCTTGGGCG-1,Endo CLDN5 SLC7A5,0.0991462666884727
CACTGAAAGAGAGGTA-1,Micro P2RY12 APBB1IP,0.5214043878903515
CACTGAAAGCCTGACC-1,Endo CLDN5 SLC7A5,0.16667013604591868
CACTGAAAGGTTTGAA-1,Oligo MOG OPALIN,0.056558685128354734
CACTGAACAACCACGC-1,L2-3 CUX2 NTNG1 PALMD,0.4652144886065785
CACTGAACACTACCCT-1,L2-4 CUX2 RORB CLMN,0.010819680451663436
CACTGAACAGGCTATT-1,L2-3 CUX2 NTNG1 PLCH1,0.04045174980275365
CACTGAAGTGAACTAA-1,L2-3 CUX2 NTNG1 COL5A2,0.08964886347329964
CACTGAATCTCACGAA-1,Oligo MOG OPALIN,0.11402006591236914
CACTGAATCTGCCCTA-1,L2-3 CUX2 NTNG1 PALMD,0.38233977499747795
CACTGGGAGAAATTCG-1,Micro P2RY12 APBB1IP,0.9987931836846328
CACTGGGAGCGAGGAG-1,Micro P2RY12 APBB1IP,0.9659521318983136
CACTGGGGTGGCTGCT-1,Endo CLDN5 SLC7A5,0.3437363812792415
CACTGTCAGCCTCTTC-1,Oligo MOG OPALIN,0.9987191435619591
CACTGTCAGTATGGCG-1,Endo CLDN5 SLC7A5,0.14154577668285995
CACTGTCCAACTCCAA-1,Endo CLDN5 SLC7A5,0.11554024638442166
CACTTCGAGAATTCAG-1,L2-3 CUX2 NTNG1 PALMD,0.010131196733681676
CACTTCGAGCTGAAGC-1,Endo CLDN5 SLC7A5,0.9847458896881661
CACTTCGCAACGCATT-1,Endo CLDN5 SLC7A5,0.6979603181763859
CACTTCGGTAGACGTG-1,Oligo MOG OPALIN,0.9912727945787493
CACTTCGGTGGCTAGA-1,Endo CLDN5 SLC7A5,0.5356789670520252
CACTTCGGTTCGTTCC-1,Astro AQP4 SLC1A2,0.02299558516722356
CACTTCGTCTCCCATG-1,Endo CLDN5 SLC7A5,0.8392064926203207
CAGAGCCAGGGTTGCA-1,Endo CLDN5 SLC7A5,0.9823930997871783
CAGAGCCCATAGGAGC-1,Endo CLDN5 SLC7A5,0.18782456787533622
CAGAGCCGTGACTCTA-1,SMC ACTA2 CNN1,0.08497331457965343
CAGAGCCGTGATTAGA-1,Oligo MOG OPALIN,0.9976408014818318
CAGAGCCTCGATGGAG-1,Endo CLDN5 SLC7A5,0.37787577295668506
CAGAGCCTCGGCACTG-1,SMC ACTA2 CNN1,0.9924578775973342
CAGAGCCTCTACGCAA-1,Astro GFAP FABP7,0.9999764262177264
CAGATACAGAGAATCT-1,Oligo MOG OPALIN,0.9954454886460442
CAGATACAGCGACATG-1,Endo CLDN5 SLC7A5,0.9127628972890334
CAGATACCAATGCAAA-1,L6 OPRK1 THEMIS RGS6,0.41224167310405985
CAGATACTCATTGGTG-1,Astro GFAP AQP1,0.9998967869633106
CAGATACTCCCTATTA-1,Endo CLDN5 SLC7A5,0.10067268637518123
CAGATACTCCTGGCTT-1,Endo CLDN5 SLC7A5,0.22712326487463305
CAGATACTCGTTAGTG-1,L2-3 CUX2 NTNG1 PALMD,0.14868172015497966
CAGATCACATGCTGCG-1,Endo CLDN5 SLC7A5,0.8632591251484061
CAGATCATCCTGTAAG-1,Endo CLDN5 SLC7A5,0.71035183116747
CAGATCATCTCTGCTG-1,Endo CLDN5 SLC7A5,0.9193563551477252
CAGATTGAGATGAACT-1,Oligo MOG OPALIN,0.9954782280454687
CAGATTGCATAGAATG-1,L3-5 RORB PCBP3 IL1RAPL2,0.9896047493977305
CAGATTGGTACAGAAT-1,L2-3 CUX2 NTNG1 COL5A2,0.09117443500606152
CAGATTGTCGGCATCG-1,Endo CLDN5 IL1R1,0.2665358356307362
CAGCAATAGATCGCCC-1,Endo CLDN5 SLC7A5,0.9767874111072617
CAGCAATCAAAGACGC-1,Oligo MOG OPALIN,0.9645172277332269
CAGCAATCAGAAATTG-1,Oligo MOG OPALIN,0.999664966505995
CAGCAATGTGGGTTGA-1,Endo CLDN5 IL1R1,0.02502862800383077
CAGCAATTCCAAATGC-1,Oligo MOG OPALIN,0.9998614256170579
CAGCAATTCTAAGCGT-1,Endo CLDN5 SLC7A5,0.7942248850561102
CAGCACGAGACCTCAT-1,L2-3 CUX2 NTNG1 PALMD,0.03775938409530433
CAGCACGAGCAGTAAT-1,L2-3 CUX2 NTNG1 PALMD,0.6890053325493253
CAGCACGCAATGTCTG-1,L5-6 FEZF2 NXPH2 CDH8,0.09801686052266062
CAGCACGCACGTGTGC-1,L2-3 CUX2 ACVR1C THSD7A,0.06901138537196087
CAGCACGGTTAAAGTG-1,L2-3 CUX2 NTNG1 PALMD,0.5347588009871842
CAGCACGTCACGGGCT-1,Endo CLDN5 SLC7A5,0.053192780564058365
CAGCAGCGTCATTGCA-1,L3-5 RORB MKX GRIN3A,0.10619307484488044
CAGCAGCTCGAACGCC-1,Oligo MOG OPALIN,0.9999909743703089
CAGCCAGAGACATCCT-1,Micro P2RY12 APBB1IP,0.9938303797560112
CAGCCAGAGCTACTAC-1,L6 FEZF2 NPFFR2 TPD52L1,0.9443038243389872
CAGCCAGGTAGATTAG-1,Oligo MOG OPALIN,0.9999988886186514
CAGCCAGTCAGGAAGC-1,Oligo MOG OPALIN,0.9999960316500833
CAGCCAGTCTGCCTGT-1,L2-3 CUX2 NTNG1 PALMD,0.10224458339708041
CAGCCAGTCTTGTGCC-1,L2-3 CUX2 NTNG1 PALMD,0.020308404572903265
CAGCGTGAGGTAGACC-1,Oligo MOG OPALIN,0.9999787382860944
CAGCGTGCACGTTGGC-1,L2-3 CUX2 ACVR1C INHBA,0.04491778659595116
CAGCGTGCATGCCATA-1,Endo CLDN5 SLC7A5,0.25290888170495057
CAGCGTGGTAGATTGA-1,Oligo MOG OPALIN,0.9942577415414925
CAGGCCAAGAATCGTA-1,VLMC COL1A2 SLC13A3,0.0347490505269971
CAGGCCAAGAGCAGAA-1,Endo CLDN5 IL1R1,0.022293556945001406
CAGGCCACACAATCTG-1,L6 OPRK1 THEMIS RGS6,0.9958196891614278
CAGGCCACACATGTTG-1,Endo CLDN5 SLC7A5,0.9327014472384217
CAGGCCAGTCTTACAG-1,L2-3 CUX2 NTNG1 PALMD,0.08463746728858207
CAGGCCAGTGTTCCTC-1,Endo CLDN5 SLC7A5,0.7080288308854363
CAGGGCTAGACACACG-1,Oligo MOG OPALIN,0.004239901023067221
CAGGGCTAGAGGGTGG-1,Astro GFAP AQP1,0.09882414337120672
CAGGGCTAGCACCCAC-1,L3-5 RORB MKX DCC,0.976996490610938
CAGGGCTCACATTCGA-1,Oligo MOG OPALIN,0.9904569859871847
CAGGGCTGTGTAAACA-1,Oligo MOG OPALIN,0.9962203733783337
CAGGGCTTCCGGCAGT-1,Endo CLDN5 SLC7A5,0.9998942029526001
CAGGGCTTCCTAGCTC-1,Endo CLDN5 SLC7A5,0.4996378249487361
CAGGGCTTCTGAGAAA-1,Endo CLDN5 SLC7A5,0.17656684719780866
CAGGTATAGCCATCCG-1,Astro AQP4 OSMR,0.028577897481294683
CAGGTATAGGAACGCT-1,InN PVALB PDE3A,0.014163100785183519
CAGGTATCAGCAGACA-1,Oligo MOG OPALIN,0.9619028502220289
CAGGTATGTTCGGCGT-1,Oligo MOG OPALIN,0.40572370954458636
CAGGTATGTTCTTGCC-1,SMC ACTA2 CRISPLD2,0.008293804214137888
CAGGTATTCGCAATGT-1,Oligo MOG OPALIN,0.9198592925966641
CAGTGCGAGAGTTCGG-1,Endo CLDN5 SLC7A5,0.91699064301662
CAGTTAGAGCCGCACT-1,InN SST HTR2C,0.9436113566173377
CAGTTAGAGTCACTCA-1,Oligo MOG OPALIN,0.2175539433905165
CAGTTAGGTCTCACAA-1,Endo CLDN5 SLC7A5,0.5268264682511966
CAGTTAGGTTAGTTCG-1,L2-3 CUX2 NTNG1 PALMD,0.46434021425398814
CAGTTCCAGCACCTGC-1,Astro AQP4 SLC1A2,0.996161571775258
CAGTTCCAGTTAGAAC-1,L2-3 CUX2 NTNG1 PALMD,0.01278285851410136
CAGTTCCCAGGCAATG-1,Endo CLDN5 SLC7A5,0.9970121165689839
CAGTTCCTCCGCACGA-1,Oligo MOG OPALIN,0.9901044660122332
CAGTTCCTCGTCGCTT-1,Oligo MOG OPALIN,0.2160350358236788
CAGTTCCTCGTTGTTT-1,Astro AQP4 SLC1A2,0.9949043099584747
CATAAGCCATGGCCCA-1,Astro GFAP AQP1,0.0890489921160254
CATAAGCGTGAGTTGG-1,Oligo MOG OPALIN,0.9993057992553046
CATAAGCTCCATTGCC-1,L3-5 RORB GABRG1 PLCH1,0.17481198875113882
CATACAGAGACAAGCC-1,L6 OPRK1 THEMIS RGS6,0.9288071980319953
CATACAGAGGCATCTT-1,Astro AQP4 SLC1A2,0.9997789906420713
CATACAGAGGTCACAG-1,Endo CLDN5 SLC7A5,0.9501462856602882
CATACAGGTAACATCC-1,Endo CLDN5 SLC7A5,0.21183214239834613
CATACAGGTGTTCGAT-1,InN PVALB ANOS1,0.9002591507380924
CATACAGTCATGAGGG-1,Endo CLDN5 SLC7A5,0.6650480762039941
CATACCCAGTTGTCAC-1,Oligo MOG OPALIN,0.29084658616188386
CATACCCCATCCCACT-1,L2-3 CUX2 ACVR1C THSD7A,0.10810448314994034
CATACCCGTGATGGCA-1,Oligo MOG OPALIN,0.08147905137038056
CATACCCTCCCGAATA-1,Oligo MOG OPALIN,0.739107333063987
CATACCCTCCGTGTGG-1,Oligo MOG OPALIN,0.998071564032219
CATACTTAGCGTTAGG-1,Oligo MOG OPALIN,0.6521012282474677
CATACTTCATTGCTGA-1,L2-3 CUX2 NTNG1 PALMD,0.3959118039238631
CATACTTGTACGGTTT-1,InN VIP MDGA1,0.2653609645784167
CATACTTGTATCATGC-1,Endo CLDN5 SLC7A5,0.9831027594630241
CATACTTGTCAACCAT-1,Endo CLDN5 SLC7A5,0.9912536026203512
CATACTTGTCGATTTG-1,Endo CLDN5 SLC7A5,0.015099922833234612
CATACTTGTTAGTTCG-1,Oligo MOG OPALIN,0.4547872983722129
CATACTTTCGTAGGAG-1,Oligo MOG OPALIN,0.03370319884907057
CATACTTTCGTTAGAC-1,Astro AQP4 SLC1A2,0.03269926870636134
CATACTTTCTGGGTCG-1,Endo CLDN5 SLC7A5,0.30291874471495006
CATACTTTCTGTCGTC-1,Astro AQP4 SLC1A2,0.9829318847392385
CATAGACCAGACCAGA-1,Astro GFAP AQP1,0.3888908732924351
CATAGACGTAGGCAGT-1,Endo CLDN5 SLC7A5,0.9742190602471615
CATAGACTCAGCGCGT-1,Oligo MOG OPALIN,0.07879039766798417
CATCAAGAGACGACTG-1,L2-3 CUX2 NTNG1 PALMD,0.13881273775814534
CATCAAGAGGTAGCAC-1,Endo CLDN5 SLC7A5,0.05800759485076653
CATCAAGCAATACCCA-1,Astro GFAP AQP1,0.7471237033588383
CATCAAGCAGCTACCG-1,Endo CLDN5 SLC7A5,0.11245585661523524
CATCAAGGTGAAGCGT-1,Endo CLDN5 SLC7A5,0.035186321950927836
CATCAAGTCGGCCAAC-1,Oligo MOG OPALIN,0.9999801837892058
CATCAAGTCTGTTCAT-1,Endo CLDN5 SLC7A5,0.02275822394698066
CATCCACAGGTGCCAA-1,Endo CLDN5 SLC7A5,0.18288464992438175
CATCCACCAAGCGAAC-1,Endo CLDN5 SLC7A5,0.7137019021205482
CATCCACCACGCGCAT-1,InN PVALB ANOS1,0.030402128292018573
CATCCACCATAGGTAA-1,Micro P2RY12 APBB1IP,0.07620085133936118
CATCCACGTTACACTG-1,Oligo MOG OPALIN,0.6689071105945356
CATCCACTCACCTCTG-1,Astro AQP4 SLC1A2,0.9999192349337587
CATCCACTCGGACTGC-1,Astro GFAP AQP1,0.9930650885988007
CATCCCACATGACTTG-1,Oligo MOG OPALIN,0.6751477587418708
CATCCCAGTGCCGTTG-1,L2-3 CUX2 NTNG1 COL5A2,0.35253197910818296
CATCCCATCTCGTCAC-1,Astro AQP4 SLC1A2,0.9996136316536334
CATCCGTAGACATAAC-1,Endo CLDN5 SLC7A5,0.5990733742369739
CATCCGTCAAGATCCT-1,L2-3 CUX2 NTNG1 PALMD,0.06958901831859116
CATCCGTTCCTCTAAT-1,Endo CLDN5 SLC7A5,0.023857907341105124
CATCGCTAGAGCCTGA-1,L3-5 RORB MKX GRIN3A,0.0368252234086463
CATCGCTAGGTTGAGC-1,Endo CLDN5 SLC7A5,0.07852468842408253
CATCGCTGTAGCTCGC-1,L3-5 RORB MKX GRIN3A,0.0711546569929286
CATCGGGAGATTGTGA-1,Endo CLDN5 SLC7A5,0.6607692416971129
CATCGGGAGCCTAACT-1,Endo CLDN5 SLC7A5,0.6669453662311489
CATCGGGCACACGCCA-1,L2-3 CUX2 ACVR1C INHBA,0.020800778619943686
CATCGGGCATTGACTG-1,Astro AQP4 SLC1A2,0.12298852824691392
CATCGGGGTTCCTACC-1,Oligo MOG OPALIN,0.995406960619175
CATCGGGTCACTTATC-1,Endo CLDN5 SLC7A5,0.037971827747858636
CATCGGGTCCCTTCCC-1,L6 OPRK1 SMYD1 KCND2,0.2992876129979736
CATCGGGTCCGCGATG-1,InN VIP EXPH5,0.9885096425195049
CATCGGGTCGCTCCTA-1,Oligo MOG OPALIN,0.16898734244088612
CATCGTCTCCCATTCG-1,L3-5 RORB MKX GRIN3A,0.11636959573076668
CATCGTCTCGGTCAGC-1,L2-3 CUX2 NTNG1 PALMD,0.08767167866081504
CATCGTCTCTACACTT-1,Oligo MOG OPALIN,0.9888540087418916
CATGAGTCACAGCTGC-1,Endo CLDN5 SLC7A5,0.06468916371082854
CATGAGTCACTTGGGC-1,Endo CLDN5 SLC7A5,0.06206211909599796
CATGAGTCAGACTCTA-1,L3-5 RORB GABRG1 PTPRO,0.40863665463849563
CATGAGTCATCGTGGC-1,Oligo MOG OPALIN,0.04023911127827883
CATGAGTGTAGTCGTT-1,InN SST ADAMTSL1,0.18616430262830191
CATGAGTGTTGACTGT-1,Astro GFAP AQP1,0.2520387136068246
CATGAGTTCTGTTGGA-1,InN SST ADAMTSL1,0.8098306966813762
CATGCAACAACGACTT-1,Oligo MOG GSN,0.9999983423773663
CATGCAACAAGTTGGG-1,Oligo MOG FRY,0.6159397172063452
CATGCAACACAAATGA-1,VLMC COL1A2 VLMCA8,0.9939463372372184
CATGCAATCGCGATCG-1,Endo CLDN5 SLC7A5,0.37002781762233655
CATGCAATCTGGGCGT-1,Oligo MOG OPALIN,0.9998699555228651
CATGCCTAGCTGACCC-1,Oligo MOG GSN,0.08511244874017061
CATGCCTGTCCCAAAT-1,Oligo MOG OPALIN,0.9189567868404827
CATGCCTGTTAAGTCC-1,InN SST PLPP4,0.10784714599084086
CATGCCTGTTGAATCC-1,Oligo MOG OPALIN,0.0779861314001668
CATGCCTTCAGACTGT-1,Astro AQP4 SLC1A2,0.336846433316208
CATGCCTTCGACATAC-1,Oligo MOG FRY,0.016805949230860578
CATGCGGAGGGCAAGG-1,Endo CLDN5 SLC7A5,0.9982319325938548
CATGCGGAGGGCAGTT-1,Endo CLDN5 SLC7A5,0.3382109071009016
CATGCTCAGAGAACCC-1,L2-3 CUX2 NTNG1 PALMD,0.1897125093204947
CATGCTCAGATGACCG-1,Endo CLDN5 SLC7A5,0.8554932879447583
CATGCTCAGTATCTGC-1,L2-3 CUX2 NTNG1 PALMD,0.9694509948418412
CATGCTCCAGAGTCTT-1,Endo CLDN5 SLC7A5,0.21636098810408752
CATGCTCGTTCGAACT-1,Astro AQP4 SLC1A2,0.21658307465756532
CATGGATAGCGTCTCG-1,Micro P2RY12 APBB1IP,0.9998040270660303
CATGGATAGCTAATCC-1,Oligo MOG OPALIN,0.9945676371770995
CATGGATAGTTGCTGT-1,Astro AQP4 SLC1A2,0.1595429377954593
CATGGATCAGTCCCGA-1,Endo CLDN5 SLC7A5,0.04308775591618115
CATGGATCAGTCGTTA-1,Endo CLDN5 SLC7A5,0.31320414224546483
CATGGATCATGACGAG-1,InN LAMP5 LHX6 TAC1,0.44243841793996036
CATGGATGTATGCGGA-1,PC P2RY14 GRM8,0.9966667278521756
CATGGATGTGTTGATC-1,Endo CLDN5 SLC7A5,0.017252464587388727
CATGGATTCTGCATAG-1,Oligo MOG OPALIN,0.9812386641885171
CATGGTAAGCTACTAC-1,Oligo MOG OPALIN,0.15500086463793392
CATGGTACACCGCTAG-1,Oligo MOG OPALIN,0.9994655526473871
CATGGTAGTATGACAA-1,Endo CLDN5 SLC7A5,0.029853866314147482
CATGGTATCACGGACC-1,Astro GFAP AQP1,0.8687997757512276
CATGGTATCAGGGTAG-1,Oligo MOG OPALIN,0.7446236385928189
CATGGTATCTCTCCGA-1,Oligo MOG OPALIN,0.999688251311703
CATTCATAGACCATGG-1,Astro AQP4 SLC1A2,0.9995233437281573
CATTCATAGTAACAGT-1,OPC PDGFRA PCDH15,0.10504579682454174
CATTCATAGTGGAAAG-1,L3-5 RORB MKX DCC,0.018997642920397448
CATTCATCATCGGTTA-1,Endo CLDN5 SLC7A5,0.1444416700336481
CATTCATGTTTGTTGG-1,Astro GFAP AQP1,0.41821387741231375
CATTCATTCGAAGGAC-1,InN PVALB HPSE,0.998126572066792
CATTCCGAGAGCAAGA-1,L3-5 RORB MKX GRIN3A,0.1937241536400294
CATTCCGAGCTGTTCA-1,L2-3 CUX2 NTNG1 PLCH1,0.0201748624474243
CATTCCGCAGGATTCT-1,Oligo MOG OPALIN,0.9984152574794852
CATTCCGGTCCTCAGG-1,Oligo MOG OPALIN,0.9997002649977258
CATTCCGGTCTGATCA-1,Astro GFAP AQP1,0.32692007738516743
CATTCCGGTCTTCTAT-1,L2-3 CUX2 ACVR1C THSD7A,0.7089074314019246
CATTCCGTCCTTTGAT-1,L3-5 RORB TNNT2 TSHZ2,0.027712633087737405
CATTCCGTCTGCTGAA-1,Endo CLDN5 SLC7A5,0.29101438445187755
CATTCTACACTCATAG-1,Endo CLDN5 SLC7A5,0.7757266027940161
CATTCTAGTAGCTGTT-1,Oligo MOG OPALIN,0.8763660640357106
CATTGAGAGTTTCGGT-1,InN SST TRPC7,0.033651902960910494
CATTGAGGTAGCGCTC-1,SMC ACTA2 CRISPLD2,0.04247104622158607
CATTGAGGTCGAGTGA-1,Astro GFAP AQP1,0.6631372154737062
CATTGCCAGCAGAAAG-1,Endo CLDN5 SLC7A5,0.621091680859716
CATTGCCAGCGACTAG-1,Oligo MOG OPALIN,0.19646089415880463
CATTGCCGTCCTATAG-1,L2-3 CUX2 ACVR1C THSD7A,0.0075709187005007375
CATTGCCTCCTAAGTG-1,Astro GFAP AQP1,0.10451370305021475
CATTGTTAGCCTCTTC-1,InN LAMP5 ADAMTS20,0.0268621146455536
CATTGTTAGGTAGATT-1,Endo CLDN5 SLC7A5,0.015922525518328515
CATTGTTCAGCAAGAC-1,Oligo MOG OPALIN,0.9999782291202064
CATTGTTGTCGATTAC-1,Oligo MOG OPALIN,0.7706013967027554
CATTGTTGTCGCACAC-1,Astro AQP4 SLC1A2,0.32633870146311383
CATTGTTTCGTGAGAG-1,L2-4 CUX2 RORB CLMN,0.05079939932571357
CATTTCAAGCGTATGG-1,Oligo MOG FRY,0.041281473895449665
CATTTCACACATCATG-1,Endo CLDN5 SLC7A5,0.9986352932075027
CATTTCACAGCTACTA-1,L3-5 RORB PCBP3 IL1RAPL2,0.013037042335894616
CATTTCACATCGTGCG-1,OPC PDGFRA PCDH15,0.9999999999999798
CATTTCAGTCGCTGCA-1,Oligo MOG OPALIN,0.05328573947248763
CATTTCAGTTCGTAAC-1,Oligo MOG OPALIN,0.9978889363213594
CCAAGCGAGACTCTAC-1,Oligo MOG OPALIN,0.016843334918129036
CCAAGCGAGCGAGAAA-1,Oligo MOG GSN,0.8047442514818526
CCAAGCGAGGAGCAAA-1,Astro AQP4 SLC1A2,0.9999963905021421
CCAAGCGCAGGTCAAG-1,Oligo MOG OPALIN,0.6682543703165714
CCAAGCGCAGTCTCTC-1,Endo CLDN5 SLC7A5,0.020451778914089884
CCAAGCGGTATCAGCT-1,Oligo MOG OPALIN,0.9911719712062464
CCAAGCGGTCCCTCAT-1,PC P2RY14 GRM8,0.027432478992128792
CCAAGCGGTTCTCTAT-1,Endo CLDN5 SLC7A5,0.8031958616896661
CCAAGCGTCCGGCAGT-1,Endo CLDN5 SLC7A5,0.44804587957080755
CCAATGAAGCTGAGTG-1,Astro GFAP FABP7,0.9012777083205158
CCAATGAAGGTATCTC-1,Astro AQP4 SLC1A2,0.6469191434594145
CCAATGAAGTAAATGC-1,Endo CLDN5 SLC7A5,0.8206992967496047
CCAATGACATGCCGAC-1,Oligo MOG OPALIN,0.3625459291928739
CCAATGACATGTGGCC-1,Endo CLDN5 SLC7A5,0.07795588782688298
CCAATGATCAAGATAG-1,L2-3 CUX2 ACVR1C THSD7A,0.018163992736974412
CCAATGATCAGGGATG-1,Micro P2RY12 APBB1IP,0.9977936559487757
CCAATGATCCGACAGC-1,L2-4 CUX2 RORB CLMN,0.9490349012428975
CCAATTTCAATCACGT-1,Endo CLDN5 SLC7A5,0.05291963564460684
CCAATTTCATGCGGTC-1,Astro AQP4 SLC1A2,0.9999426934945681
CCAATTTGTCATTGCA-1,Astro GFAP FABP7,0.03799207507119194
CCAATTTGTTAGCTAC-1,Oligo MOG OPALIN,0.9998194326327439
CCAATTTTCGTGGCTG-1,Micro P2RY12 GLDN,0.8476055109300241
CCACAAAAGGCACGAT-1,Astro AQP4 SLC1A2,0.49358005520916437
CCACAAAAGTTGGCTT-1,L3-5 RORB MKX GRIN3A,0.055178085994025176
CCACAAACACACAGCC-1,OPC PDGFRA PCDH15,0.9999999999999742
CCACAAACACGTAGTT-1,Oligo MOG OPALIN,0.9102332533274445
CCACAAACATGTTTGG-1,Endo CLDN5 SLC7A5,0.9781400358545135
CCACAAAGTAAGTCAA-1,Endo CLDN5 SLC7A5,0.9207616418423978
CCACAAATCATCTCTA-1,Endo CLDN5 SLC7A5,0.03262229367835173
CCACACTCAAGACGGT-1,Endo CLDN5 SLC7A5,0.3082370075235063
CCACACTCAGCGGTTC-1,Astro GFAP FABP7,0.6971390547672558
CCACACTGTACACGTT-1,Endo CLDN5 SLC7A5,0.8808812825563532
CCACACTGTAGTACGG-1,L5-6 FEZF2 NXPH2 GPC5,0.39932894279312625
CCACACTGTAGTGCGA-1,Micro P2RY12 APBB1IP,0.9883219798147476
CCACACTTCACTGCTC-1,Oligo MOG OPALIN,0.24892507665971883
CCACACTTCGAACGGA-1,Oligo MOG OPALIN,0.3004659156690872
CCACCATAGCAACCAG-1,Endo CLDN5 SLC7A5,0.711677924484218
CCACCATAGGTCCCGT-1,Endo CLDN5 SLC7A5,0.16009605329851834
CCACCATCAACCCTCT-1,Oligo MOG OPALIN,0.2293072931073369
CCACCATCAGCGTACC-1,InN PVALB PIEZO2,0.029108605793550017
CCACCATCAGGCTATT-1,Oligo MOG OPALIN,0.184202448437027
CCACCATCAGGCTTGC-1,Endo CLDN5 SLC7A5,0.283132691262712
CCACCATTCCGTATAG-1,InN SST FREM1,0.08910298378880904
CCACGAGCAAGTAGTA-1,Oligo MOG GSN,0.17062912419929144
CCACGAGCAGTGAGCA-1,Endo CLDN5 SLC7A5,0.05188729771122904
CCACGAGTCGTTAGAC-1,Endo CLDN5 SLC7A5,0.38401392406671453
CCACGTTAGACCAACG-1,Astro AQP4 SLC1A2,0.9086807674962013
CCACGTTGTGATGAAT-1,Oligo MOG OPALIN,0.3948047541846974
CCACTTGAGCCAACCC-1,Endo CLDN5 SLC7A5,0.21851536521597553
CCACTTGCAAGGGCAT-1,PC P2RY14 GRM8,0.8857329520202212
CCACTTGGTAGATTAG-1,InN LAMP5 ADAMTS20,0.029773245032559244
CCACTTGGTGTTCATG-1,Endo CLDN5 SLC7A5,0.15559327677189014
CCACTTGTCCATATGG-1,Astro GFAP AQP1,0.9763609208615045
CCACTTGTCTCGACCT-1,Oligo MOG OPALIN,0.35419752624283
CCATAAGGTCTACTGA-1,Oligo MOG GSN,0.7499824740098097
CCATCACAGATGAATC-1,Astro GFAP AQP1,0.5743979248272006
CCATCACGTGTCTTAG-1,InN VIP ADAM12,0.8950934959360706
CCATCACTCGGTAACT-1,L6 OPRK1 THEMIS RGS6,0.39738999026005445
CCCAACTAGGTAGACC-1,InN VIP HS3ST3B1,0.03538164465565738
CCCAACTCACTTGGGC-1,Endo CLDN5 IL1R1,0.9531642790027609
CCCAACTGTACCTAGT-1,Oligo MOG OPALIN,0.999966028708089
CCCAACTGTCTCGACG-1,Oligo MOG OPALIN,0.44968515429340555
CCCAACTTCCGGCAGT-1,Oligo MOG OPALIN,0.9535039167739525
CCCATTGAGAGCCTGA-1,Endo CLDN5 SLC7A5,0.36138200366054896
CCCATTGCAGCAATTC-1,Endo CLDN5 SLC7A5,0.05737719716723801
CCCATTGTCACAATGC-1,Micro P2RY12 APBB1IP,0.9683602625487088
CCCGAAGAGATGGCAC-1,Micro P2RY12 APBB1IP,0.9838737504983536
CCCGAAGCAATCACGT-1,Endo CLDN5 SLC7A5,0.44771342705116424
CCCGAAGGTATTCCGA-1,OPC PDGFRA PCDH15,0.9999999999986062
CCCGAAGGTCAGACTT-1,L2-3 CUX2 NTNG1 COL5A2,0.060077275977807244
CCCGAAGGTCTAATCG-1,Oligo MOG OPALIN,0.4532701157949921
CCCGAAGTCTTGGTGA-1,InN VIP EXPH5,0.0036163265195574166
CCCGGAAAGGAGTATT-1,Oligo MOG OPALIN,0.20958725106512494
CCCGGAAAGTATGATG-1,Astro GFAP AQP1,0.0256537144469465
CCCGGAACAATCTGCA-1,Endo CLDN5 IL1R1,0.07705626762181401
CCCGGAACACCAGTTA-1,Astro AQP4 SLC1A2,0.9685652065301625
CCCGGAACAGGCATGA-1,Endo CLDN5 SLC7A5,0.332920272687398
CCCGGAAGTAAGGAGA-1,Endo CLDN5 SLC7A5,0.198967857356923
CCCTAACCAAGGGTCA-1,Astro AQP4 SLC1A2,0.9893388325745086
CCCTAACCATCTTCGC-1,Endo CLDN5 SLC7A5,0.11175047707490064
CCCTAACGTGCAGGAT-1,Micro P2RY12 APBB1IP,0.10658228120769252
CCCTAACGTGCCAAGA-1,Endo CLDN5 SLC7A5,0.9549352759251144
CCCTAACGTTGGGACA-1,Astro GFAP AQP1,0.550079187995656
CCCTAACTCCGTAGGC-1,InN PVALB HPSE,0.040691637853193866
CCCTAACTCGAATCCA-1,L2-4 CUX2 RORB CLMN,0.2867709614842498
CCCTCAAAGGCTTTCA-1,L2-3 CUX2 ACVR1C THSD7A,0.014524050479981147
CCCTCAACAATATCCG-1,Astro GFAP FABP7,0.9950607909468506
CCCTCAATCTAGCCAA-1,Oligo MOG OPALIN,0.9838238265472413
CCCTCTCAGGGTGAGG-1,L2-4 CUX2 RORB CLMN,0.059121771991555036
CCCTCTCAGTGCGCTC-1,Endo CLDN5 IL1R1,0.21721578353226198
CCCTCTCCATACAGCT-1,Astro GFAP AQP1,0.19680214228491183
CCCTCTCGTAGCTGCC-1,OPC PDGFRA PCDH15,0.42686408970761514
CCCTCTCGTCTCCTGT-1,Endo CLDN5 SLC7A5,0.40318960395719555
CCCTCTCGTTGCAACT-1,Oligo MOG OPALIN,0.11981411777795163
CCCTCTCTCCAGTGTA-1,Astro GFAP AQP1,0.18973379755770892
CCCTCTCTCTCTGCCA-1,L6 OPRK1 THEMIS RGS6,0.8127420495279394
CCCTGATCAAAGTATG-1,Endo CLDN5 SLC7A5,0.30384395268647224
CCCTGATGTCGAGATG-1,Astro AQP4 SLC1A2,0.807600374451058
CCCTGATGTGTCATCA-1,Endo CLDN5 SLC7A5,0.0937776482995506
CCCTGATTCTCCGTGT-1,InN LAMP5 BMP7,0.42604001277740694
CCCTTAGCACGTGAGA-1,L3-5 RORB MKX DCC,0.9777449437651509
CCCTTAGGTAGACGTG-1,Astro AQP4 SLC1A2,0.9985100499152247
CCCTTAGTCAACACGT-1,Oligo MOG GSN,0.9835509885962413
CCCTTAGTCGCAGTCG-1,Astro GFAP FABP7,0.9964014861411573
CCCTTAGTCTAAGCGT-1,Astro AQP4 SLC1A2,0.9995688023209736
CCGAACGAGGACATCG-1,InN PVALB SYT2,0.014604036160385376
CCGAACGAGGGAGAAT-1,OPC PDGFRA PCDH15,0.04916236275183154
CCGAACGGTGGCACTC-1,L2-3 CUX2 NTNG1 PALMD,0.05266628021563491
CCGATCTAGACTTGTC-1,L2-3 CUX2 NTNG1 PLCH1,0.1121355317533265
CCGATCTAGGGTTTCT-1,Oligo MOG OPALIN,0.5219392783863539
CCGATCTCAAGTCCCG-1,L3-5 RORB GABRG1 PTPRO,0.04197074927106421
CCGATCTCACTTGTCC-1,SMC ACTA2 CRISPLD2,0.03327550333264942
CCGATCTGTCTCAGAT-1,L2-3 CUX2 ACVR1C THSD7A,0.9057332017723666
CCGATCTTCATTATCC-1,Astro AQP4 SLC1A2,0.07571755843902019
CCGATCTTCCCATGGG-1,Oligo MOG OPALIN,0.9933282611521144
CCGATGGAGCGAACTG-1,L3-5 RORB MKX GRIN3A,0.36848953846793164
CCGATGGGTAACGTTC-1,Endo CLDN5 SLC7A5,0.9031555169947677
CCGATGGGTGACAACG-1,Endo CLDN5 SLC7A5,0.5241344984527508
CCGATGGGTTATCCAG-1,Endo CLDN5 SLC7A5,0.42155021471736576
CCGATGGGTTGTGGAG-1,Astro AQP4 SLC1A2,0.17523077955190328
CCGATGGTCGCAGAGA-1,Oligo MOG OPALIN,0.9993776214027531
CCGCAAGAGGTTCAGG-1,InN VIP EGF,0.5472606765619907
CCGCAAGCACATACGT-1,Astro AQP4 SLC1A2,0.07554442550488673
CCGCAAGCATGCAGCC-1,L2-3 CUX2 NTNG1 PALMD,0.1257969185489516
CCGCAAGGTACAGTAA-1,Endo CLDN5 SLC7A5,0.13128782046149912
CCGCAAGGTTACAGCT-1,Endo CLDN5 SLC7A5,0.2589207623243317
CCGCAAGGTTGCTAGT-1,Oligo MOG OPALIN,0.9997566292041357
CCGCAAGTCAGGAGAC-1,Oligo MOG OPALIN,0.8751124943730123
CCGGACACACGCTGCA-1,Endo CLDN5 SLC7A5,0.11349853125922676
CCGGACACACGGCGTT-1,Astro GFAP AQP1,0.9998329217543533
CCGGACATCAAGTCGT-1,Oligo MOG OPALIN,0.5632856307802977
CCGGGTAGTCCAGCGT-1,Astro AQP4 SLC1A2,0.29655139045667
CCGGGTAGTCGTCGGT-1,Endo CLDN5 SLC7A5,0.16599023917158687
CCGGGTATCATTCATC-1,Endo CLDN5 SLC7A5,0.15967522661088387
CCGGGTATCGCTACAA-1,Endo CLDN5 SLC7A5,0.2279970982425328
CCGGGTATCGTGGCGT-1,Endo CLDN5 SLC7A5,0.09773421313173955
CCGGTAGCACGGTAGA-1,L2-3 CUX2 NTNG1 PALMD,0.007982936681840986
CCGGTAGGTGACGTCC-1,Endo CLDN5 SLC7A5,0.5929759441669494
CCGGTAGGTTGGACCC-1,Oligo MOG OPALIN,0.2700386962099302
CCGGTAGTCGGAGATG-1,Oligo MOG OPALIN,0.9993726546680501
CCGGTGAAGACGCCAA-1,L2-3 CUX2 ACVR1C THSD7A,0.9992496619843044
CCGGTGACATTCTTCA-1,Oligo MOG OPALIN,0.997916706537998
CCGGTGATCCTACGAA-1,Astro GFAP FABP7,0.10445261226903761
CCGGTGATCGGTGCAC-1,L6 OPRK1 THEMIS RGS6,0.023323932649107662
CCGTAGGAGCGATCGA-1,Endo CLDN5 SLC7A5,0.04779598249298337
CCGTAGGCACTGTTCC-1,Oligo MOG OPALIN,0.9899698421993167
CCGTAGGGTAGTAAGT-1,Oligo MOG OPALIN,0.9512356489854373
CCGTAGGTCACGGACC-1,Astro GFAP AQP1,0.10161759630019848
CCGTAGGTCCCGGTAG-1,Endo CLDN5 SLC7A5,0.09072544058165359
CCGTAGGTCCCGTAAA-1,L2-3 CUX2 ACVR1C THSD7A,0.09852187600249943
CCGTAGGTCCGAGAAG-1,Oligo MOG OPALIN,0.9999635171317695
CCGTGAGCACGGTGTC-1,Oligo MOG OPALIN,0.048256182703796245
CCGTGAGGTCATTCCC-1,Astro GFAP AQP1,0.8849158168063049
CCGTGAGGTGAATATG-1,Oligo MOG OPALIN,0.7177054507802527
CCGTGAGGTTATAGCC-1,Oligo MOG OPALIN,0.9999206723305044
CCGTGAGTCGAGTGAG-1,Endo CLDN5 SLC7A5,0.4468512035154532
CCGTTCAAGTGATAGT-1,Endo CLDN5 SLC7A5,0.4197829839810202
CCGTTCACATACAGCT-1,Endo CLDN5 SLC7A5,0.15527454010290073
CCGTTCATCCGCCTAT-1,Oligo MOG OPALIN,0.05034843229673357
CCTAACCAGCAATTCC-1,L2-3 CUX2 NTNG1 PALMD,0.008954524837979382
CCTAACCAGGCAATGC-1,Endo CLDN5 SLC7A5,0.018335748697087
CCTAACCCACGAAGAC-1,L2-3 CUX2 NTNG1 PALMD,0.9723503042326713
CCTAACCTCTCTCCGA-1,Oligo MOG OPALIN,0.1468513029811495
CCTAAGAAGGCGTCCT-1,Endo CLDN5 SLC7A5,0.4862044704310645
CCTAAGAGTGCACAAG-1,Oligo MOG OPALIN,0.9988543279452481
CCTACGTCACAGCATT-1,L6 OPRK1 SMYD1 SNTB1,0.012814116990194023
CCTACGTGTCTGATCA-1,L3-5 RORB MKX GRIN3A,0.28596846524121006
CCTACGTGTCTTCTAT-1,Endo CLDN5 SLC7A5,0.4613767009191124
CCTACGTGTTCAGCTA-1,T SKAP1 CD247,0.9999979018649449
CCTACGTGTTGGGACA-1,L3-5 RORB GABRG1 PLCH1,0.6985886307571155
CCTACGTTCACTCACC-1,Endo CLDN5 SLC7A5,0.016586387291566203
CCTATCGCAATTTCGG-1,Endo CLDN5 SLC7A5,0.6883554190107354
CCTATCGGTCTTTATC-1,Endo CLDN5 SLC7A5,0.9922208177925015
CCTATCGGTTCGGACC-1,L3-5 RORB MKX GRIN3A,0.01183551085754947
CCTCAACCACAAAGCG-1,L2-3 CUX2 ACVR1C INHBA,0.010241980216385822
CCTCAACCAGCACCCA-1,Oligo MOG OPALIN,0.9999906393352621
CCTCAACTCAGCTGTA-1,Endo CLDN5 SLC7A5,0.9643751191462074
CCTCAACTCGAACACT-1,InN ADARB2 SFRP2,0.9688804639591563
CCTCAACTCTGTTCAT-1,Endo CLDN5 SLC7A5,0.11766258417405472
CCTCACACACTCAAGT-1,InN LAMP5 BMP7,0.4239205343510719
CCTCACACATCGTGGC-1,Oligo MOG OPALIN,0.9973683799931503
CCTCAGTCAAGTGCTT-1,Endo CLDN5 SLC7A5,0.6900560918104919
CCTCAGTCAATAAGGT-1,Oligo MOG OPALIN,0.9999899017066408
CCTCAGTTCATGGGAG-1,Astro AQP4 SLC1A2,0.9999980767177046
CCTCATGAGTGTACCT-1,L2-4 CUX2 RORB CLMN,0.0387739219010601
CCTCATGGTATCTCTT-1,InN VIP EXPH5,0.7439922401702189
CCTCATGGTGTTAACC-1,Oligo MOG OPALIN,0.9921036686236484
CCTCATGGTTCTGACA-1,Endo CLDN5 SLC7A5,0.23651433242903652
CCTCATGGTTGGCTAT-1,Oligo MOG OPALIN,0.2748318469036264
CCTCATGTCTGTACAG-1,L3-5 RORB GABRG1 PTPRO,0.05465036084312159
CCTCCAACATGCACTA-1,InN SST KLHL14,0.13404012317703481
CCTCCAAGTAGTTAGA-1,Oligo MOG OPALIN,0.35043875116590933
CCTCCAAGTATAATGG-1,Oligo MOG OPALIN,0.6219459185228005
CCTCCAAGTCTTGGTA-1,L3-5 RORB GABRG1 KCNH7,0.16451627466667282
CCTCCAATCCATACAG-1,Endo CLDN5 SLC7A5,0.9978761325818718
CCTCCTCAGAAGCCAC-1,L3-5 RORB GABRG1 PLCH1,0.021160539120347238
CCTCCTCCAACACAGG-1,Astro GFAP AQP1,0.011304687055573763
CCTCCTCCAGGACAGT-1,Oligo MOG OPALIN,0.18238130357079954
CCTCCTCCAGTCTGGC-1,Endo CLDN5 SLC7A5,0.044788308202438364
CCTCCTCGTCGACTGC-1,Endo CLDN5 SLC7A5,0.045570919547678494
CCTCCTCGTGTCCGGT-1,Astro AQP4 SLC1A2,0.9722110925683486
CCTCCTCTCAGACCCG-1,Oligo MOG OPALIN,0.4067440793240024
CCTCCTCTCATCCTAT-1,Astro GFAP AQP1,0.4704242919327651
CCTCCTCTCCGAGAAG-1,Oligo MOG OPALIN,0.08919647345452691
CCTCTAGAGCTACAAA-1,L2-3 CUX2 ACVR1C THSD7A,0.31298222262370134
CCTCTAGGTATGAAAC-1,Micro P2RY12 APBB1IP,0.8603971854566516
CCTCTCCAGACCATAA-1,Astro GFAP AQP1,0.18801263403485224
CCTCTCCCAATACCTG-1,Endo CLDN5 SLC7A5,0.552208834726823
CCTCTCCCACTGTGAT-1,L2-3 CUX2 NTNG1 PALMD,0.04511335945366683
CCTCTCCTCAAGAGTA-1,Endo CLDN5 SLC7A5,0.17820659736038413
CCTGCATAGCATGGGT-1,Endo CLDN5 SLC7A5,0.3857078590266184
CCTGCATAGCCAACCC-1,L3-5 RORB MKX GRIN3A,0.11531252374801984
CCTGCATCAATCGCGC-1,InN SST HTR2C,0.02674079740974646
CCTGCATGTACGGCAA-1,Endo CLDN5 SLC7A5,0.21568529694625327
CCTGCATTCGAAATCC-1,L2-3 CUX2 NTNG1 PALMD,0.20431408384996425
CCTGCATTCTGCACCT-1,OPC PDGFRA PCDH15,0.9999999657317217
CCTGCATTCTTCCACG-1,InN SST ADAMTSL1,0.005194672639317847
CCTGTTGAGTTGCATC-1,Astro AQP4 SLC1A2,0.9999196737773804
CCTGTTGGTTCTCGTC-1,Endo CLDN5 SLC7A5,0.47194719407932617
CCTGTTGGTTGCCTAA-1,Endo CLDN5 SLC7A5,0.33885105946862043
CCTTCAGAGAGGCGTT-1,Endo CLDN5 SLC7A5,0.20953445290648323
CCTTCAGGTACGTTCA-1,Endo CLDN5 SLC7A5,0.8690112642487449
CCTTCAGGTCCATCTC-1,Macro F13A1 COLEC12,0.019152573838990557
CCTTCAGGTCGCGGTT-1,L2-3 CUX2 ACVR1C INHBA,0.022330248652509824
CCTTCAGGTTACGATC-1,Endo CLDN5 SLC7A5,0.9526043398039684
CCTTCAGTCGAGTCCG-1,Endo CLDN5 SLC7A5,0.4048871205916443
CCTTGTGAGTCATTGC-1,InN ADARB2 CALCR,0.07336087605752499
CCTTGTGAGTCCCGAC-1,OPC PDGFRA PCDH15,0.0581643566446258
CCTTGTGCAAGGCCTC-1,Oligo MOG OPALIN,0.1392631315453059
CCTTGTGGTACTGCCG-1,L2-3 CUX2 NTNG1 COL5A2,0.600161272820016
CCTTGTGGTAGACACG-1,Micro P2RY12 GLDN,0.023479486665435662
CCTTGTGTCAAATAGG-1,Endo CLDN5 SLC7A5,0.1499534664021583
CCTTTGGGTAGTGTGG-1,Endo CLDN5 SLC7A5,0.3623526456378029
CCTTTGGGTGTATCCA-1,Oligo MOG OPALIN,0.9999819682142285
CCTTTGGTCCACATAG-1,Oligo MOG OPALIN,0.9945220730872824
CCTTTGGTCCAGCACG-1,Oligo MOG OPALIN,0.9999832971438393
CCTTTGGTCGATTTCT-1,L6 OPRK1 THEMIS RGS6,0.038574872944314
CGAAGGACAACAGAGC-1,InN VIP CLSTN2,0.9987820930994097
CGAAGGAGTGATACCT-1,OPC PDGFRA PCDH15,0.999999999936825
CGAAGGATCACTGAAC-1,Endo CLDN5 SLC7A5,0.009651934619626186
CGAAGGATCTTCCACG-1,Oligo MOG OPALIN,0.30166278313507433
CGAAGTTAGTCTGGAG-1,Oligo MOG OPALIN,0.999493455429464
CGAAGTTCAAATTAGG-1,L6 OPRK1 THEMIS RGS6,0.5429152241797984
CGAAGTTGTATCGCGC-1,Endo CLDN5 SLC7A5,0.6023150223051797
CGAAGTTTCAGCCTCT-1,PC P2RY14 GRM8,0.9998703359533608
CGAAGTTTCTTCTGTA-1,Endo CLDN5 SLC7A5,0.31286636091718356
CGAATTGAGATGCTGG-1,L5-6 FEZF2 NXPH2 GRIK1,0.03622272282517384
CGAATTGCAAATGCGG-1,L2-3 CUX2 NTNG1 PALMD,0.1562527627081226
CGAATTGCATTAGGAA-1,L2-3 CUX2 NTNG1 PALMD,0.030747509906867043
CGAATTGGTGAACCGA-1,L2-3 CUX2 NTNG1 PALMD,0.14440311577616102
CGAATTGTCGCAGATT-1,L6 OPRK1 THEMIS RGS6,0.1849384691238101
CGACAGCCACCCTTGT-1,Endo CLDN5 SLC7A5,0.9445894644155574
CGACAGCCATAGCTGT-1,Endo CLDN5 SLC7A5,0.9912196569206325
CGACAGCGTAGATCGG-1,Endo CLDN5 SLC7A5,0.9857069427460412
CGACAGCTCTCCGCAT-1,L2-3 CUX2 NTNG1 PALMD,0.5805022384014493
CGAGAAGAGCCGGATA-1,Astro GFAP AQP1,0.9989856823710158
CGAGAAGAGGCATCTT-1,Endo CLDN5 SLC7A5,0.20406104169548936
CGAGAAGAGTATCCTG-1,Endo CLDN5 SLC7A5,0.033799204292278145
CGAGAAGGTCGTGCCA-1,L2-3 CUX2 NTNG1 PALMD,0.34079409081159084
CGAGAAGTCACGGGAA-1,Endo CLDN5 SLC7A5,0.9891176100460283
CGAGAAGTCTGAATGC-1,OPC PDGFRA PCDH15,0.9999995635640433
CGAGGAAAGGGCAGAG-1,Astro AQP4 SLC1A2,0.9999664857196864
CGAGGAAAGTCTTGGT-1,Oligo MOG OPALIN,0.8160843488505327
CGAGGAACAAAGCGTG-1,Endo CLDN5 SLC7A5,0.9999022556741545
CGAGGAAGTTTGTGGT-1,Endo CLDN5 SLC7A5,0.38485740330506574
CGAGGAATCCCATACC-1,L3-5 RORB GABRG1 PTPRO,0.009004845072452214
CGAGGAATCTTCGGAA-1,OPC PDGFRA PCDH15,0.9999999999999998
CGAGGCTAGCTCGAAG-1,Endo CLDN5 SLC7A5,0.681169177119789
CGAGGCTAGGTTGCCC-1,OPC PDGFRA PCDH15,0.9059834348773482
CGAGGCTCACCTCGTT-1,Astro GFAP AQP1,0.8379397466193454
CGAGGCTCATGAAAGT-1,L6 OPRK1 THEMIS RGS6,0.5603113706403735
CGAGGCTGTAGTTAGA-1,L3-5 RORB MKX GRIN3A,0.020778035177199842
CGAGGCTGTATGACAA-1,Endo CLDN5 SLC7A5,0.026022835518508727
CGAGGCTGTCAGACGA-1,Oligo MOG OPALIN,0.6365027730030122
CGAGGCTGTCCTATAG-1,Oligo MOG FRY,0.020216603901985052
CGAGGCTGTGTGAATA-1,Endo CLDN5 SLC7A5,0.9334143888564466
CGAGGCTTCGGCTGTG-1,Astro AQP4 SLC1A2,0.2354262650441367
CGAGTGCAGATCACCT-1,Endo CLDN5 SLC7A5,0.4002630750722054
CGAGTGCCAAAGGCTG-1,Oligo MOG OPALIN,0.15976370069427784
CGAGTGCCACGACAAG-1,Endo CLDN5 SLC7A5,0.9693356112730322
CGAGTGCGTTCCACGG-1,Micro P2RY12 APBB1IP,0.9590444910117498
CGAGTGCTCCCATGGG-1,Endo CLDN5 SLC7A5,0.023685968622201653
CGAGTTAAGATTCGCT-1,Endo CLDN5 SLC7A5,0.4324861168724222
CGAGTTAAGGAGGCAG-1,Micro P2RY12 APBB1IP,0.05933942874807505
CGAGTTAGTACACGCC-1,Astro GFAP AQP1,0.9716322350444455
CGAGTTAGTCGTTTCC-1,Oligo MOG OPALIN,0.904796174031085
CGAGTTAGTGGTATGG-1,Oligo MOG OPALIN,0.9938586311873729
CGAGTTAGTTTGGAAA-1,Oligo MOG OPALIN,0.9997554164425073
CGAGTTATCGCCGTGA-1,InN VIP ADAM12,0.06735276313805977
CGATCGGAGGATGCGT-1,SMC ACTA2 CNN1,0.9999970728883796
CGATCGGGTAAGTAGT-1,L2-3 CUX2 NTNG1 PALMD,0.03733074062583072
CGATCGGGTTCTCAGA-1,Endo CLDN5 SLC7A5,0.9941439436397225
CGATCGGGTTTCTTAC-1,Astro AQP4 SLC1A2,0.16783212884046728
CGATGCGGTAGGAGGG-1,Endo CLDN5 SLC7A5,0.8111903373905859
CGATGGCAGGAACGTC-1,Astro AQP4 SLC1A2,0.9977769827571418
CGATGGCAGTTACTCG-1,Oligo MOG OPALIN,0.4171636518798689
CGATGGCGTAGCGTTT-1,L6 OPRK1 THEMIS RGS6,0.4408120936296571
CGATGGCTCTACAGGT-1,L2-3 CUX2 NTNG1 PALMD,0.42755023534902503
CGATGGCTCTCTCTTC-1,Astro GFAP FABP7,0.9998479995889789
CGCAGGTGTGGACCTC-1,Micro P2RY12 APBB1IP,0.6379043061212877
CGCAGGTTCCCATACC-1,L2-3 CUX2 NTNG1 PALMD,0.06284566982542075
CGCAGGTTCGAAATCC-1,L2-3 CUX2 ACVR1C THSD7A,0.9993290490356662
CGCATAAAGTTGAAGT-1,Oligo MOG OPALIN,0.06825956429027774
CGCATAACACATGGTT-1,Endo CLDN5 SLC7A5,0.7912464174912758
CGCATAAGTGTTTACG-1,L2-3 CUX2 NTNG1 PALMD,0.08963389323928905
CGCATAATCCTAGCCT-1,Oligo MOG OPALIN,0.9997568199113899
CGCATGGAGAATCCCT-1,Endo CLDN5 SLC7A5,0.5896231458612767
CGCATGGAGAGATGCC-1,Oligo MOG OPALIN,0.9998601862561824
CGCATGGGTCCTTAAG-1,Oligo MOG OPALIN,0.9999849853062807
CGCATGGGTGCAATGG-1,Oligo MOG OPALIN,0.9999701862113313
CGCCAGACAAAGGCAC-1,Oligo MOG OPALIN,0.9434038440754156
CGCCAGACAGCAAGAC-1,Oligo MOG GSN,0.9999740015667696
CGCCAGACAGCAGACA-1,Endo CLDN5 SLC7A5,0.9471391468111524
CGCCAGACAGCTTCCT-1,Oligo MOG OPALIN,0.8844232504306245
CGCCAGAGTTCCTACC-1,Endo CLDN5 SLC7A5,0.0343455789631046
CGCCATTAGTAGTGCG-1,InN LAMP5 ADAMTS20,0.016271718296520542
CGCCATTCAGTTAGAA-1,Oligo MOG OPALIN,0.9999818222486133
CGCCATTGTAAGTTGA-1,Oligo MOG OPALIN,0.8583685221830282
CGCCATTGTATCGGTT-1,Astro GFAP AQP1,0.7555481426864783
CGCCATTTCAACTGGT-1,Oligo MOG FRY,0.17813424244408807
CGCCATTTCATAGGCT-1,Oligo MOG OPALIN,0.571727503369635
CGCCATTTCCATAAGC-1,Oligo MOG OPALIN,0.02729575087188096
CGCCATTTCGCTGTCT-1,PC P2RY14 GRM8,0.03471158733199316
CGCGTGACAGTACTAC-1,Endo CLDN5 SLC7A5,0.22077555370263943
CGCGTGACATCGTGGC-1,Endo CLDN5 SLC7A5,0.011756711093841703
CGCGTGAGTCATGACT-1,Astro GFAP AQP1,0.12222161527099444
CGCGTGAGTTGGCCTG-1,Astro AQP4 SLC1A2,0.017995192669141038
CGGAACCAGTGCACTT-1,Endo CLDN5 SLC7A5,0.6146108718426281
CGGAACCCACTCAGAT-1,Oligo MOG OPALIN,0.9994134299978972
CGGAACCCACTGAGTT-1,Astro GFAP AQP1,0.009487017018428618
CGGAACCGTCTTCTAT-1,L6 OPRK1 THEMIS RGS6,0.7548631857083695
CGGAACCGTTGCTCGG-1,PC P2RY14 GRM8,0.024348579291326153
CGGAACCGTTGGAGAC-1,Endo CLDN5 SLC7A5,0.05257977550900637
CGGAACCTCCACCTCA-1,Endo CLDN5 SLC7A5,0.841805434360306
CGGAACCTCGGCTGTG-1,Endo CLDN5 SLC7A5,0.9012444257098342
CGGAATTAGCCATGCC-1,Oligo MOG OPALIN,0.9972538238930302
CGGAATTAGTCCCAAT-1,Endo CLDN5 SLC7A5,0.7788952200444268
CGGAATTTCTTCGATT-1,Astro AQP4 SLC1A2,0.9997630806492158
CGGACACAGTAGGCCA-1,Endo CLDN5 SLC7A5,0.016436193181499234
CGGACACTCAGCCCAG-1,Endo CLDN5 SLC7A5,0.6552929515991044
CGGACACTCAGGACGA-1,Endo CLDN5 SLC7A5,0.26427457017758627
CGGACACTCCGTGTCT-1,PC P2RY14 GRM8,0.9997784365578544
CGGACACTCGTAGGGA-1,Endo CLDN5 SLC7A5,0.4966647733157993
CGGAGAAAGACGCTCC-1,Oligo MOG OPALIN,0.07115036841350106
CGGAGAAAGGTTAAAC-1,InN VIP ADAM12,0.8313398256326989
CGGAGAAAGTATGACA-1,L3-5 RORB PCBP3 LINGO2,0.5710886054779423
CGGAGAAAGTTGGGAC-1,Endo CLDN5 SLC7A5,0.10167910194855741
CGGAGAACAGATACCT-1,L3-5 RORB GABRG1 PTPRO,0.015457722728281735
CGGAGAACATCGTGCG-1,OPC PDGFRA PCDH15,0.999999999979784
CGGAGAAGTATGCTAC-1,Endo CLDN5 SLC7A5,0.8817554851882721
CGGAGAATCCGAGGCT-1,Astro AQP4 SLC1A2,0.9937545366374277
CGGCAGTCACCCTGTT-1,Endo CLDN5 SLC7A5,0.9892418350046855
CGGCAGTCACTCATAG-1,Oligo MOG OPALIN,0.9189249342906608
CGGCAGTCAGCGTACC-1,Endo CLDN5 SLC7A5,0.7491700266829332
CGGCAGTGTAAGAACT-1,Endo CLDN5 SLC7A5,0.20706705735573958
CGGCAGTGTACCCACG-1,Oligo MOG OPALIN,0.9998035459004848
CGGCAGTTCATCGCAA-1,L3-5 RORB GABRG1 PTPRO,0.8247722501364705
CGGCAGTTCGGAGATG-1,SMC ACTA2 CYP1B1,0.1364727165119436
CGGGACTCACGCAAAG-1,L2-3 CUX2 NTNG1 PALMD,0.08752288064493143
CGGGACTCAGGTTCGC-1,Endo CLDN5 SLC7A5,0.09669821477438302
CGGGACTGTCTTTATC-1,Endo CLDN5 SLC7A5,0.3325599516501102
CGGGCATCAACTGATC-1,Oligo MOG OPALIN,0.022437260483000106
CGGGCATCAATCTCTT-1,OPC PDGFRA PCDH15,0.9999999999988234
CGGGCATCACCTGAAT-1,L3-5 RORB MKX DCC,0.8237169459470802
CGGGCATGTCCAGCAC-1,Astro AQP4 SLC1A2,0.5569554262676382
CGGGCATGTTACAGCT-1,Oligo MOG OPALIN,0.7555838283752914
CGGGCATTCACTGCTC-1,L6 FEZF2 SYT6 PTPRT,0.9372728269711839
CGGGTCAAGGTTGTTC-1,Endo CLDN5 SLC7A5,0.05353968316781111
CGGGTCACAAGCTGCC-1,Endo CLDN5 SLC7A5,0.8850027138149196
CGGGTCAGTAGCGTAG-1,L3-5 RORB GABRG1 PTPRO,0.253838994850155
CGGGTGTCACTCCACT-1,L6 OPRK1 SMYD1 TSHZ2,0.29520753255102206
CGGGTGTTCAAACCCA-1,PC P2RY14 GRM8,0.9753836356653167
CGGTCAGAGCCTCAAT-1,Endo CLDN5 SLC7A5,0.6371031682541499
CGGTCAGGTTTGGGAG-1,Oligo MOG OPALIN,0.10006578296473723
CGTAAGTCAACCGTGC-1,Astro AQP4 SLC1A2,0.04867018485197592
CGTAAGTGTTCAAGGG-1,SMC ACTA2 CNN1,0.8610216027659316
CGTAAGTTCGGCTGGT-1,Astro AQP4 SLC1A2,0.29130467774873336
CGTAATGAGGGCAACT-1,Astro GFAP FABP7,0.0450858911165835
CGTAATGCACGAGAAC-1,PC P2RY14 GRM8,0.008244901660563572
CGTAATGGTAGCTGTT-1,Endo CLDN5 IL1R1,0.03350342135678909
CGTAATGGTGCAGTGA-1,Oligo MOG OPALIN,0.10392824721638355
CGTAATGTCGCTTAAG-1,Endo CLDN5 SLC7A5,0.031574197143579855
CGTAGTAAGGTCATCT-1,Oligo MOG OPALIN,0.2195647020615136
CGTAGTAAGTCACACT-1,PC P2RY14 GRM8,0.8689832802827937
CGTAGTAAGTGGTGGT-1,L3-5 RORB GABRG1 KCNH7,0.5189071088143766
CGTAGTACAAATACGA-1,Endo CLDN5 SLC7A5,0.99817111590485
CGTAGTATCACTGTCC-1,Endo CLDN5 SLC7A5,0.22230331340278675
CGTAGTATCGTCCTCA-1,Oligo MOG OPALIN,0.24221815599828003
CGTCAAAGTGTCCGTG-1,Astro AQP4 SLC1A2,0.999969238514181
CGTCCATCAACGTAAA-1,Endo CLDN5 SLC7A5,0.4173670834838224
CGTCCATCATAGCTGT-1,Oligo MOG OPALIN,0.9999982787281174
CGTCCATCATGGAATA-1,InN SST FREM1,0.9798622825372962
CGTCCATGTAGCTCGC-1,PC P2RY14 GRM8,0.9929266731406692
CGTCCATGTGTTCCTC-1,Endo CLDN5 SLC7A5,0.1240378457784018
CGTCCATTCAACCTCC-1,L6 OPRK1 THEMIS RGS6,0.4932775100560522
CGTCCATTCCCGTAAA-1,Oligo MOG OPALIN,0.9932007084092515
CGTGAATAGTTGCCTA-1,Astro GFAP FABP7,0.9998090297249907
CGTGAATCACCCTTGT-1,PC P2RY14 GRM8,0.9999997730072141
CGTGAATGTAGCTTGT-1,Endo CLDN5 SLC7A5,0.9953404517631111
CGTGAATGTATTTCTC-1,L3-5 RORB MKX DCC,0.9955935904499161
CGTGAATGTCAATGGG-1,Endo CLDN5 SLC7A5,0.9609564431945622
CGTGAATTCTTGTGCC-1,Endo CLDN5 SLC7A5,0.09163876990016945
CGTGATACAGTTTCAG-1,L2-3 CUX2 NTNG1 PALMD,0.16181077236975486
CGTGCTTAGAGACAAG-1,Oligo MOG OPALIN,0.3625982463771885
CGTGCTTAGGCCTGCT-1,Endo CLDN5 SLC7A5,0.012076777678756472
CGTGCTTAGGTCGTCC-1,Oligo MOG OPALIN,0.8982499369246087
CGTGCTTAGGTGATCG-1,L2-3 CUX2 NTNG1 COL5A2,0.08435710684984113
CGTGCTTCACGACGAA-1,L2-3 CUX2 ACVR1C THSD7A,0.03192058378595811
CGTGCTTGTAGAAACT-1,L3-5 RORB MKX GALR1,0.044145361079258955
CGTGCTTGTCTAGTGT-1,L2-3 CUX2 NTNG1 COL5A2,0.008902497021398031
CGTGCTTTCAAAGACA-1,L3-5 RORB MKX GRIN3A,0.01967358747367232
CGTGTCTAGCAACTTC-1,Astro GFAP FABP7,0.9999981023188887
CGTGTCTAGCCGAATG-1,L6 OPRK1 THEMIS RGS6,0.02996501069813724
CGTGTCTCACCAAATC-1,Oligo MOG OPALIN,0.3066190326720376
CGTGTCTCACTTCCTG-1,L3-5 RORB GABRG1 PTPRO,0.17347928462587503
CGTGTCTGTCACCACG-1,InN PVALB HPSE,0.999263219722213
CGTGTCTGTGAGGCAT-1,InN SST PLPP4,0.2157039519460567
CGTGTCTTCACCGGGT-1,L2-4 CUX2 RORB CLMN,0.5792544008989724
CGTGTCTTCGCTCATC-1,Oligo MOG OPALIN,0.8731347371478796
CGTTAGAAGTACCATC-1,Endo CLDN5 SLC7A5,0.14812861948337958
CGTTAGAAGTCAATCC-1,Oligo MOG OPALIN,0.9897586530178192
CGTTAGACAACACAAA-1,Oligo MOG FRY,0.015324093944828528
CGTTAGACAGACCGCT-1,Oligo MOG OPALIN,0.9999600437062525
CGTTAGAGTGCCGAAA-1,Astro AQP4 SLC1A2,0.9957666420318178
CGTTAGAGTTCAATCG-1,Oligo MOG OPALIN,0.011934123249084275
CGTTAGAGTTGCTTGA-1,Astro AQP4 SLC1A2,0.3060202599522452
CGTTCTGAGAGGACTC-1,Oligo MOG OPALIN,0.9943804351808594
CGTTCTGAGTGAGGTC-1,L6 OPRK1 THEMIS RGS6,0.2884194871978342
CGTTCTGCACTTGAGT-1,OPC PDGFRA PCDH15,0.9999999999999516
CGTTCTGCAGGGTTGA-1,Endo CLDN5 SLC7A5,0.014881805830604111
CGTTCTGTCGCTCTAC-1,Endo CLDN5 SLC7A5,0.7806947451296835
CGTTGGGAGGCTCTAT-1,L2-3 CUX2 ACVR1C THSD7A,0.623589574868985
CGTTGGGCAACCGTGC-1,Endo CLDN5 SLC7A5,0.903005987491504
CGTTGGGCAAGCGATG-1,Oligo MOG OPALIN,0.9998893314445635
CGTTGGGGTAGTGCGA-1,L2-4 CUX2 RORB CLMN,0.02503657139601098
CGTTGGGGTGATGTAA-1,Endo CLDN5 SLC7A5,0.06108588616294637
CGTTGGGTCACTGCTC-1,Micro P2RY12 APBB1IP,0.020667362150780372
CGTTGGGTCGCCTAGG-1,Macro F13A1 COLEC12,0.9999675222051702
CTAACCCAGCCAGAGT-1,Oligo MOG OPALIN,0.42826010130982195
CTAACCCAGGATAATC-1,L6 OPRK1 THEMIS RGS6,0.9220350680298993
CTAACCCGTTAGGGAC-1,OPC PDGFRA PCDH15,0.027238172270596092
CTAACCCTCCAAGCTA-1,Astro GFAP FABP7,0.9988766381558124
CTAACCCTCGACACTA-1,L2-3 CUX2 NTNG1 PALMD,0.07170022838314198
CTAACCCTCGCTACGG-1,Astro GFAP FABP7,0.7393894361851108
CTAACTTGTCCTTAAG-1,Endo CLDN5 SLC7A5,0.19670544662160333
CTAACTTGTTGGGTAG-1,OPC PDGFRA PCDH15,0.9999996022212175
CTAAGTGAGCGTGAAC-1,L2-3 CUX2 NTNG1 PALMD,0.09460552105482917
CTAAGTGGTGAACGGT-1,L2-3 CUX2 ACVR1C THSD7A,0.9999496987849388
CTAAGTGTCTAAGAAG-1,Endo CLDN5 SLC7A5,0.9262398568401284
CTAAGTGTCTTGGTCC-1,Endo CLDN5 SLC7A5,0.08667931648583974
CTACAGAAGATGGGCT-1,Oligo MOG OPALIN,0.9999753821759306
CTACAGAAGGATATGT-1,Oligo MOG OPALIN,0.09536478469717495
CTACAGAAGGTGCAGT-1,Oligo MOG OPALIN,0.8074307711813438
CTACAGATCCTTCACG-1,Endo CLDN5 SLC7A5,0.9750784620504155
CTACAGATCTGCTAGA-1,Oligo MOG OPALIN,0.715874146043822
CTACATTAGACACACG-1,Oligo MOG OPALIN,0.1738029100754144
CTACCCAAGCATTTGC-1,OPC PDGFRA PCDH15,0.015983736315959632
CTACCCAAGTTCCGTA-1,Endo CLDN5 SLC7A5,0.2876944448804391
CTACCTGAGAGCAACC-1,Astro AQP4 SLC1A2,0.3556492595250866
CTACCTGCATGTAACC-1,L3-5 RORB MKX DCC,0.006901134716241844
CTACCTGGTTCAAACC-1,Astro AQP4 SLC1A2,0.831088785683875
CTACCTGTCGCGAAGA-1,Oligo MOG OPALIN,0.9999901719872994
CTACCTGTCGCTTAAG-1,Endo CLDN5 SLC7A5,0.6846077314079158
CTACCTGTCTATGTGG-1,Endo CLDN5 SLC7A5,0.3241362219662254
CTACGGGAGAATTGCA-1,InN SST FREM1,0.9995593236892624
CTACGGGCATACCACA-1,Oligo MOG FRY,0.055657874094742286
CTACGGGTCACCATCC-1,Endo CLDN5 SLC7A5,0.20714026213146317
CTACGGGTCGTTGTAG-1,Endo CLDN5 SLC7A5,0.8644194229806065
CTACTATAGCCGTAAG-1,L2-3 CUX2 NTNG1 PALMD,0.09303495549376979
CTACTATCAGACATCT-1,Endo CLDN5 SLC7A5,0.9507989242647527
CTACTATCAGTCAACT-1,Oligo MOG OPALIN,0.12801162437596345
CTACTATGTAGTGGCA-1,Micro P2RY12 APBB1IP,0.9863461543522424
CTACTATGTGGGTCAA-1,Endo CLDN5 SLC7A5,0.5048722526684462
CTACTATTCGGAGATG-1,L3-5 RORB GABRG1 KCNH7,0.17037914502890084
CTAGACAAGTGTAGAT-1,Endo CLDN5 SLC7A5,0.733906219297961
CTAGACACATTAGGAA-1,L3-5 RORB TNNT2 PRRX1,0.02870648156139267
CTAGACAGTAGACGGT-1,L2-3 CUX2 NTNG1 PALMD,0.039434942230928444
CTAGACATCCTTGACC-1,Endo CLDN5 SLC7A5,0.8951946512450214
CTAGACATCGCAACAT-1,Endo CLDN5 SLC7A5,0.31794500885296145
CTAGGTAGTCCGGATC-1,Endo CLDN5 SLC7A5,0.9894367153275242
CTAGGTATCAAGTCGT-1,Endo CLDN5 SLC7A5,0.24652114992347404
CTATAGGAGATCCTAC-1,Endo CLDN5 SLC7A5,0.8741558663228158
CTATAGGCAGCAAGAC-1,Endo CLDN5 SLC7A5,0.8124706632217837
CTATAGGGTGATGTAA-1,Oligo MOG OPALIN,0.37169643702433225
CTATAGGTCAACTGAC-1,Astro GFAP AQP1,0.9975449007588236
CTATCCGAGAAAGTCT-1,Endo CLDN5 SLC7A5,0.9327636460446761
CTATCCGAGGGCAGGA-1,Astro GFAP AQP1,0.12659907743565565
CTATCCGCAGGTACGA-1,L6 FEZF2 NPFFR2 TPD52L1,0.5262502761033686
CTATCCGCATAATCCG-1,Micro P2RY12 APBB1IP,0.9996927445517942
CTATCCGGTATAGGGC-1,Endo CLDN5 SLC7A5,0.985599441367518
CTATCCGGTGAAGCTG-1,Astro AQP4 SLC1A2,0.17592494446380735
CTATCCGGTGCATACT-1,OPC PDGFRA PCDH15,0.034989913220842536
CTATCCGGTGTCTTCC-1,L2-3 CUX2 ACVR1C INHBA,0.028905546970494023
CTATCCGGTTGACTAC-1,Endo CLDN5 SLC7A5,0.38464921727830004
CTATCCGTCAAGAGGC-1,OPC PDGFRA PCDH15,0.999999999998427
CTATCTAAGCAGGCTA-1,Endo CLDN5 SLC7A5,0.05654761734123098
CTATCTACAAGATGTA-1,InN LAMP5 BMP7,0.5118498087812291
CTATCTAGTATACAGA-1,Oligo MOG OPALIN,0.9999825824265156
CTATCTATCGTCGCTT-1,Endo CLDN5 SLC7A5,0.8061281328582096
CTATCTATCTGGCTGG-1,Astro AQP4 OSMR,0.0149577034413768
CTATCTATCTTCCAGC-1,Endo CLDN5 SLC7A5,0.6242916989248625
CTCAACCAGTAACGTA-1,Astro GFAP AQP1,0.6054926272772868
CTCAACCAGTGCACAG-1,Astro GFAP AQP1,0.9686652250767572
CTCAACCAGTTGTCAC-1,L2-3 CUX2 NTNG1 PALMD,0.2817608931286301
CTCAACCCACTGGAAG-1,Endo CLDN5 SLC7A5,0.9339600911663175
CTCAACCGTAGCTCGC-1,InN SST HTR2C,0.014969016353706451
CTCAACCTCCCTCGTA-1,Endo CLDN5 SLC7A5,0.02856457912533582
CTCAACCTCTACAGGT-1,Endo CLDN5 SLC7A5,0.05942603197853525
CTCAAGACATGCAGCC-1,Astro GFAP AQP1,0.09101994479350906
CTCAAGAGTGTTCCTC-1,L2-3 CUX2 NTNG1 PALMD,0.056164779911886904
CTCAAGAGTTCATCTT-1,Endo CLDN5 SLC7A5,0.0840886214913777
CTCAAGATCCTAGCTC-1,L3-5 RORB GABRG1 PTPRO,0.37141526705939854
CTCAAGATCTGGACTA-1,Oligo MOG OPALIN,0.3905000596987998
CTCAAGATCTGTGTGA-1,Oligo MOG OPALIN,0.9992992768140371
CTCAATTAGAGGTGCT-1,Endo CLDN5 SLC7A5,0.8898342368497479
CTCAATTAGCACCTGC-1,Endo CLDN5 SLC7A5,0.9938124291735886
CTCAATTAGGCGTTGA-1,L5-6 FEZF2 NXPH2 CDH8,0.04667991649169715
CTCAATTGTCAAAGAT-1,Oligo MOG OPALIN,0.17752211101703175
CTCAATTTCCCATGGG-1,Endo CLDN5 SLC7A5,0.7788093451290169
CTCAATTTCCGACATA-1,Astro GFAP AQP1,0.036883906287148036
CTCAATTTCGTAGGAG-1,L2-3 CUX2 NTNG1 PALMD,0.6806488935417845
CTCAATTTCTCGACGG-1,Oligo MOG OPALIN,0.9998366113700832
CTCACTGAGACGATAT-1,Oligo MOG OPALIN,0.5524696359534921
CTCACTGAGCATGGGT-1,L6 OPRK1 THEMIS RGS6,0.39715509034103846
CTCACTGCAAGGTTGG-1,Oligo MOG OPALIN,0.5851196836485517
CTCACTGGTCAGGTGA-1,Oligo MOG GSN,0.14946399702057744
CTCAGAAAGAGCAAGA-1,Endo CLDN5 SLC7A5,0.3394241806944214
CTCAGAACAAGATCCT-1,L2-3 CUX2 NTNG1 COL5A2,0.20554040743262542
CTCAGAACAATCTAGC-1,Astro GFAP AQP1,0.850288367041791
CTCAGAACACAGTCGC-1,InN PVALB GRIN2C,0.9883731101384385
CTCAGAACATTGGGAG-1,Astro AQP4 SLC1A2,0.9998689475363067
CTCAGAAGTACTGTTG-1,L3-5 RORB MKX GRIN3A,0.05643888124261496
CTCAGAAGTATCAAGA-1,Endo CLDN5 SLC7A5,0.06233027876554797
CTCAGAAGTGGTCCGT-1,Astro AQP4 SLC1A2,0.9999931813860766
CTCAGAATCCACGGAC-1,Oligo MOG GSN,0.04306415442375633
CTCAGGGCAAGACCTT-1,Endo CLDN5 SLC7A5,0.7457462865254539
CTCAGGGGTCACTCGG-1,InN PVALB PIEZO2,0.08883753614192212
CTCAGGGGTCCACACG-1,Oligo MOG OPALIN,0.038518011121330936
CTCAGGGTCCCGAATA-1,Endo CLDN5 SLC7A5,0.1602831281206399
CTCAGGGTCGATTGAC-1,Astro AQP4 SLC1A2,0.5192776939688672
CTCAGTCAGCAAATCA-1,Astro AQP4 SLC1A2,0.016379659358281746
CTCAGTCAGTACAGAT-1,Micro P2RY12 GLDN,0.8839844391233166
CTCAGTCCAGCGACAA-1,L2-3 CUX2 NTNG1 PALMD,0.13188862716978536
CTCAGTCCATGACAGG-1,SMC ACTA2 CNN1,0.7387917477786767
CTCAGTCGTTCAATCG-1,Oligo MOG OPALIN,0.22281233366076744
CTCATCGAGCTGGTGA-1,Endo CLDN5 SLC7A5,0.9026410893058303
CTCATCGAGGGTTGCA-1,Endo CLDN5 SLC7A5,0.6191527997928125
CTCATCGAGGTCTACT-1,Endo CLDN5 SLC7A5,0.2396398028203094
CTCATCGCAACAAAGT-1,Astro GFAP AQP1,0.16174445639965312
CTCATCGGTTTGGAAA-1,L3-5 RORB GABRG1 PTPRO,0.0809791290842467
CTCATCGTCTCTTGCG-1,OPC PDGFRA PCDH15,0.9999999999998743
CTCATGCCAACAACAA-1,Oligo MOG OPALIN,0.5137040073058144
CTCATGCCAATTGCAC-1,Astro GFAP AQP1,0.41881460546954996
CTCATGCTCTCGCTCA-1,VLMC COL1A2 VLMCA8,0.027253906868014023
CTCATGCTCTTGGAAC-1,Astro GFAP AQP1,0.14302452197894647
CTCATTAAGTATTGCC-1,Endo CLDN5 SLC7A5,0.9284191455816788
CTCATTACAACACAAA-1,Endo CLDN5 SLC7A5,0.5997050255618313
CTCATTACACAGTACT-1,Oligo MOG OPALIN,0.9996241880559179
CTCATTACACCGTCGA-1,Endo CLDN5 SLC7A5,0.7075997972400416
CTCATTAGTAACTAAG-1,Oligo MOG OPALIN,0.9988915190931985
CTCATTAGTTTCGTTT-1,L2-4 CUX2 RORB CLMN,0.012121044049054503
CTCCAACAGCCTATTG-1,Astro AQP4 SLC1A2,0.9890722350357672
CTCCAACCACACCGAC-1,L3-5 RORB MKX GALR1,0.054600062532280426
CTCCAACCATGGACAG-1,Oligo MOG OPALIN,0.9995960145543159
CTCCAACGTGTCGATT-1,Oligo MOG OPALIN,0.9985473370953992
CTCCAACTCAATGCAC-1,L3-5 RORB MKX GALR1,0.07206861656138877
CTCCAACTCTTACACT-1,Oligo MOG OPALIN,0.8617672277699334
CTCCACAAGAGTACCG-1,L6 OPRK1 SMYD1 SNTB1,0.0621819809993076
CTCCACAAGGATTTCC-1,Oligo MOG OPALIN,0.917523709406474
CTCCATGAGAATTGTG-1,Oligo MOG OPALIN,0.17307990691575395
CTCCATGAGACTTCAC-1,Oligo MOG OPALIN,0.9991049789121605
CTCCATGAGCGGTAAC-1,Endo CLDN5 SLC7A5,0.4440341548497392
CTCCATGGTACGGATG-1,Endo CLDN5 SLC7A5,0.5467297428338871
CTCCATGTCACTCCGT-1,Endo CLDN5 IL1R1,0.011572542773839841
CTCCATGTCTACCTTA-1,Endo CLDN5 SLC7A5,0.15019990741509393
CTCCCAACAATAACCC-1,Oligo MOG OPALIN,0.19819033476565884
CTCCCAACAATGCAGG-1,Endo CLDN5 SLC7A5,0.4457026393704735
CTCCCAACACAAATAG-1,Oligo MOG OPALIN,0.20102721218361128
CTCCCAAGTAGCTAAA-1,L6 OPRK1 SMYD1 SNTB1,0.06560276098176503
CTCCCAAGTGCATGTT-1,L2-3 CUX2 NTNG1 PALMD,0.24351489444575558
CTCCCAATCACCGCTT-1,Astro GFAP AQP1,0.012707925484926184
CTCCCAATCAGTGCGC-1,L3-5 RORB MKX GRIN3A,0.5041570294442232
CTCCCAATCCCAGGAC-1,Oligo MOG OPALIN,0.8606076425430985
CTCCCAATCTCGGCTT-1,L2-3 CUX2 NTNG1 PALMD,0.11488934494863988
CTCCCTCAGGATCATA-1,InN SST TRPC7,0.15421085411196483
CTCCCTCAGTACTGGG-1,L6 OPRK1 SMYD1 SNTB1,0.19508932333050932
CTCCCTCCACTGCGAC-1,Oligo MOG FRY,0.9999555984751144
CTCCCTCCAGGGAGAG-1,Oligo MOG OPALIN,0.9999970168203701
CTCCCTCCAGTCAGTT-1,Endo CLDN5 SLC7A5,0.9900158817272299
CTCCCTCCATGGCGCT-1,Astro AQP4 SLC1A2,0.9659775735187263
CTCCCTCGTAACTAAG-1,InN ADARB2 COL5A2,0.5368389166662644
CTCCCTCGTGGCCCAT-1,Astro AQP4 SLC1A2,0.5603289494398332
CTCCCTCGTTTACACG-1,Endo CLDN5 SLC7A5,0.9450382293126469
CTCCCTCTCCTAGCTC-1,Astro GFAP AQP1,0.2737998592942288
CTCCCTCTCGTTCTCG-1,Endo CLDN5 SLC7A5,0.929861049420212
CTCCGATAGCTCTTCC-1,L6 OPRK1 THEMIS RGS6,0.9978723342952792
CTCCGATCACCAGCCA-1,Endo CLDN5 SLC7A5,0.09698331088830756
CTCCGATGTCTCAGAT-1,Oligo MOG GSN,0.036140258734244236
CTCCGATGTTTGAACC-1,L2-3 CUX2 ACVR1C INHBA,0.49264851402525306
CTCCGATTCATTCACT-1,Astro AQP4 SLC1A2,0.05997542268893627
CTCCGATTCTTAGCAG-1,Astro GFAP AQP1,0.04136911891522913
CTCCTCCAGGCCTTGC-1,Endo CLDN5 SLC7A5,0.9675790796930023
CTCCTCCCAACCCGCA-1,Endo CLDN5 SLC7A5,0.6429198485449135
CTCCTCCCATGACTTG-1,Astro GFAP AQP1,0.24881510338706755
CTCCTCCGTTTGGAGG-1,Astro AQP4 SLC1A2,0.026516416165331392
CTCCTCCTCGCTACAA-1,Endo CLDN5 SLC7A5,0.9863580771299619
CTCCTCCTCGTCGACG-1,Oligo MOG OPALIN,0.475502274815514
CTCCTCCTCTCATTGT-1,L6 OPRK1 THEMIS RGS6,0.014866757085011882
CTCCTTTAGGCCTTGC-1,Oligo MOG OPALIN,0.999648418917601
CTCCTTTCAGATTCGT-1,Oligo MOG OPALIN,0.030766251946494027
CTCCTTTGTAGTTCCA-1,Endo CLDN5 SLC7A5,0.30255143295548853
CTCCTTTGTCTCGGAC-1,Oligo MOG OPALIN,0.9387408896389594
CTCCTTTTCATCACCC-1,Oligo MOG GSN,0.009518830909929124
CTCGAGGAGCGCCATC-1,L2-3 CUX2 NTNG1 PALMD,0.9634960805152569
CTCGAGGGTGACGCCT-1,Oligo MOG OPALIN,0.8388900127184772
CTCGAGGTCCCGATCT-1,L2-3 CUX2 NTNG1 PALMD,0.024879841738590425
CTCGAGGTCCGTCAAA-1,Endo CLDN5 SLC7A5,0.4069807829983172
CTCGAGGTCTACCCAC-1,Endo CLDN5 SLC7A5,0.027958646888479176
CTCTCAGGTATCAGCT-1,Astro GFAP AQP1,0.307888509105059
CTCTCAGGTCGATGCC-1,L2-3 CUX2 NTNG1 PALMD,0.4340359391986098
CTCTCGAAGGACCCAA-1,InN PVALB PIEZO2,0.915725435578278
CTCTCGAAGGGAGGAC-1,L3-5 RORB MKX GRIN3A,0.34257584843305583
CTCTGGTCAAGTGTCT-1,Endo CLDN5 SLC7A5,0.331371627462073
CTCTGGTCACGGCCAT-1,Oligo MOG OPALIN,0.9996547420222963
CTCTGGTTCACTTATC-1,Endo CLDN5 SLC7A5,0.8066200223314489
CTGAATGAGCCAAGCA-1,Oligo MOG OPALIN,0.9999778954643738
CTGAATGAGTTACGAA-1,Oligo MOG OPALIN,0.9445625499011802
CTGAATGGTACCTATG-1,InN SST ADAMTSL1,0.37764439363810165
CTGAATGGTTACGGAG-1,Astro GFAP AQP1,0.11319696142114823
CTGAATGGTTCGGTAT-1,InN SST TRPC7,0.8724308077527503
CTGAATGTCTCCGCAT-1,L2-3 CUX2 ACVR1C INHBA,0.006855458639965448
CTGAGCGAGTGCTCGC-1,Oligo MOG OPALIN,0.9978552745553327
CTGAGCGAGTGGTTAA-1,Oligo MOG OPALIN,0.9720917327403891
CTGAGCGCAGTCACGC-1,Endo CLDN5 SLC7A5,0.8147305786209367
CTGAGCGTCCTACCGT-1,InN ADARB2 FAM19A1,0.9927215504391147
CTGAGGCAGACCAAGC-1,InN SST ADAMTSL1,0.05055540011038867
CTGAGGCAGAGGACTC-1,Oligo MOG OPALIN,0.32687673736171724
CTGAGGCAGTGGTGGT-1,Astro GFAP AQP1,0.9924771883937429
CTGATCCAGGCCTAGA-1,Oligo MOG OPALIN,0.4036124789696918
CTGATCCAGGCTATCT-1,InN SST HTR2C,0.9872847082185882
CTGATCCCACACCGCA-1,L3-5 RORB MKX GRIN3A,0.29635432127471384
CTGATCCTCGGACTGC-1,Oligo MOG OPALIN,0.06194184208174615
CTGATCCTCTTTGATC-1,InN SST NPY,0.8842677742425429
CTGCAGGAGGTTGACG-1,Endo CLDN5 SLC7A5,0.9191078983260977
CTGCAGGAGTCACTCA-1,InN SST ADAMTSL1,0.9503248330279395
CTGCAGGAGTGATAAC-1,Oligo MOG OPALIN,0.21228548960688673
CTGCAGGCAGAAGCTG-1,Oligo MOG OPALIN,0.1422292780409282
CTGCAGGTCTGACGCG-1,Astro AQP4 SLC1A2,0.47656488970984506
CTGCATCAGCGACTTT-1,Astro AQP4 SLC1A2,0.9999961573173007
CTGCATCGTATGAGCG-1,Astro AQP4 SLC1A2,0.21444777876824522
CTGCATCTCCTTACCG-1,Oligo MOG OPALIN,0.5783694445646609
CTGCCATCAGCTATTG-1,Micro P2RY12 APBB1IP,0.9948553245522116
CTGCCATCATCGGAAG-1,L6 OPRK1 THEMIS RGS6,0.9772088914123767
CTGCCATTCTTACGTT-1,Astro AQP4 SLC1A2,0.9984187589154888
CTGCCTAAGAAACTGT-1,InN LAMP5 ADAMTS20,0.02447155959447111
CTGCCTAAGAAGCGAA-1,Astro AQP4 SLC1A2,0.9999724002573362
CTGCCTAAGCAGGGAG-1,Endo CLDN5 SLC7A5,0.09644201918765452
CTGCCTAAGTAGTCTC-1,Oligo MOG GSN,0.5872827470127809
CTGCCTACAGCCTATA-1,L6 OPRK1 THEMIS RGS6,0.08137067567326745
CTGCCTATCGCCGTGA-1,Endo CLDN5 SLC7A5,0.5099564622910614
CTGCGAGAGACTTGTC-1,Endo CLDN5 IL1R1,0.9415576797652708
CTGCGAGAGCCAAGCA-1,Endo CLDN5 SLC7A5,0.1597218744776237
CTGCGAGAGGCCGCTT-1,Oligo MOG OPALIN,0.9969844368226717
CTGCGAGGTATCACGT-1,Endo CLDN5 SLC7A5,0.21967796568117373
CTGCGAGGTGAATTGA-1,Endo CLDN5 SLC7A5,0.9700394326067033
CTGCGAGGTTGCGTAT-1,Oligo MOG OPALIN,0.6065103443493624
CTGCGAGTCGATAACC-1,Astro AQP4 SLC1A2,0.6861332539291217
CTGCGAGTCTATCGTT-1,Endo CLDN5 SLC7A5,0.9505739778049214
CTGCGAGTCTTTACAC-1,Endo CLDN5 SLC7A5,0.052419302010762836
CTGCTCAAGCGTCGAA-1,Oligo MOG OPALIN,0.9999213444576727
CTGCTCAAGGCGCTTC-1,OPC PDGFRA PCDH15,0.4826598323464134
CTGCTCAAGTATAACG-1,Endo CLDN5 SLC7A5,0.5292581190424596
CTGCTCAAGTCCCTAA-1,Oligo MOG OPALIN,0.9301108984022648
CTGCTCACAACTCGAT-1,Astro GFAP AQP1,0.1134774271274567
CTGCTCAGTGTTTACG-1,Endo CLDN5 SLC7A5,0.05919852251128873
CTGCTCATCATCCCGT-1,Astro GFAP FABP7,0.36507534114882434
CTGCTCATCCGTAGTA-1,OPC PDGFRA PCDH15,0.9999999995466411
CTGGACGAGTCGCCCA-1,Endo CLDN5 SLC7A5,0.8590043813082751
CTGGACGAGTGGGAAA-1,Oligo MOG OPALIN,0.9360231750149433
CTGGACGCATCTATCT-1,Oligo MOG GSN,0.999999748180901
CTGGACGGTTTCAGAC-1,Oligo MOG OPALIN,0.9999184614407743
CTGGCAGAGTAGAGTT-1,InN SST FREM1,0.08504601271769964
CTGGCAGTCACACGAT-1,Oligo MOG OPALIN,0.3978444933358254
CTGGTCTCAAGTGGGT-1,Endo CLDN5 SLC7A5,0.10481255035051262
CTGTACCAGCACTGGA-1,Astro AQP4 SLC1A2,0.9997232991725413
CTGTACCCAACACACT-1,PC P2RY14 GRM8,0.9748137737152053
CTGTACCCACCAACAT-1,Micro P2RY12 APBB1IP,0.7896062390909169
CTGTACCGTAGATCGG-1,Astro AQP4 SLC1A2,0.9999732014879581
CTGTACCTCACCTCGT-1,L3-5 RORB MKX GRIN3A,0.006696633530796537
CTGTACCTCTGGGCCA-1,Astro AQP4 SLC1A2,0.9240341997035019
CTGTACCTCTGGGCGT-1,Oligo MOG OPALIN,0.7810879935043321
CTGTAGACAACGATTC-1,Oligo MOG OPALIN,0.28372215033662906
CTGTAGACAGCAATTC-1,Oligo MOG OPALIN,0.9847979821529729
CTGTAGAGTCATCCCT-1,Oligo MOG OPALIN,0.05050899175845199
CTGTAGAGTCCGACGT-1,Endo CLDN5 SLC7A5,0.8465385153036866
CTGTAGAGTGTGGACA-1,Oligo MOG OPALIN,0.9992723810802288
CTGTATTCATACACCA-1,Macro F13A1 COLEC12,0.9999998654877938
CTGTATTGTAGGCAGT-1,InN SST TRPC7,0.777000977537172
CTGTATTGTCTTACTT-1,Oligo MOG OPALIN,0.026977065090945242
CTGTCGTAGCATCAAA-1,Endo CLDN5 SLC7A5,0.09964984420793555
CTGTCGTCAACCAGAG-1,Endo CLDN5 SLC7A5,0.36278355292211445
CTGTCGTCAATTTCGG-1,Oligo MOG OPALIN,0.054133237267451804
CTGTCGTCACAGAGCA-1,Oligo MOG OPALIN,0.9991638389914714
CTGTCGTTCATTACCT-1,Oligo MOG OPALIN,0.046502740256313936
CTGTCGTTCGCCGAAC-1,Endo CLDN5 SLC7A5,0.9897589111065875
CTGTGAAAGGCATGGT-1,Oligo MOG OPALIN,0.9999892944719763
CTGTGAACAACGGTAG-1,Astro AQP4 SLC1A2,0.9995087540061361
CTGTGAATCTATCGTT-1,Oligo MOG OPALIN,0.10287648986606186
CTGTGGGAGAGTCTGG-1,Oligo MOG OPALIN,0.9977518213229843
CTGTGGGAGCATTTCG-1,Oligo MOG OPALIN,0.9954575633524994
CTGTGGGAGTGAATAC-1,Astro AQP4 SLC1A2,0.7745842622885696
CTGTGGGTCGACGATT-1,Oligo MOG OPALIN,0.9985655228672844
CTTACCGAGCCTAGGA-1,Oligo MOG OPALIN,0.9487887560238712
CTTACCGAGTGATCGG-1,Astro AQP4 SLC1A2,0.4225626450671125
CTTACCGCAAGAGATT-1,Oligo MOG OPALIN,0.9988328540166033
CTTACCGCAAGATCCT-1,L2-3 CUX2 NTNG1 PALMD,0.1986665748214161
CTTACCGTCATTACGG-1,L3-5 RORB PCBP3 IL1RAPL2,0.9254269578630651
CTTACCGTCATTCGTT-1,OPC PDGFRA PCDH15,0.8713080187553229
CTTAGGAAGAGTCTTC-1,Astro AQP4 SLC1A2,0.9999354872878344
CTTAGGAAGGTCATCT-1,Endo CLDN5 SLC7A5,0.29309661328440917
CTTAGGAAGTTAACGA-1,L2-3 CUX2 NTNG1 PALMD,0.7993684066692013
CTTAGGATCTCCCAAC-1,Endo CLDN5 SLC7A5,0.3235821029445558
CTTCAATAGCTAAATG-1,Endo CLDN5 SLC7A5,0.9462800438292968
CTTCAATAGTTGGGAC-1,L6 FEZF2 SYT6 ERBB4,0.04875329959916253
CTTCAATCATGACTAC-1,Oligo MOG OPALIN,0.671389740627953
CTTCAATGTTGTCCCT-1,L6 OPRK1 THEMIS RGS6,0.8804554278141491
CTTCCGAAGTCTCCTC-1,Astro AQP4 SLC1A2,0.41608279168773765
CTTCCGAAGTGAATAC-1,Oligo MOG OPALIN,0.1252326185250952
CTTCCGACAACGGCCT-1,Micro P2RY12 APBB1IP,0.9979382454358816
CTTCCGACAAGTGGTG-1,Oligo MOG OPALIN,0.9853977369191118
CTTCCGACACTTCAGA-1,Oligo MOG OPALIN,0.9999292024802306
CTTCCGACATACACCA-1,Oligo MOG OPALIN,0.9690269803672841
CTTCCGATCTTGGAAC-1,Endo CLDN5 SLC7A5,0.7855167649628209
CTTCGGTAGAATCGAT-1,Endo CLDN5 SLC7A5,0.08234928397110908
CTTCGGTAGCGGACAT-1,Oligo MOG OPALIN,0.03592329449943255
CTTCGGTGTGTCTTCC-1,Endo CLDN5 SLC7A5,0.9495347426252524
CTTCGGTTCGCCTTGT-1,L2-3 CUX2 NTNG1 PALMD,0.12246925470449749
CTTCTAAAGCTAGCCC-1,L3-5 RORB MKX GRIN3A,0.014352563791063944
CTTCTAAAGCTTACGT-1,Astro AQP4 SLC1A2,0.9999723440412666
CTTCTAAAGGTAAGTT-1,Oligo MOG OPALIN,0.6545144920778726
CTTCTAACACGTCTCT-1,Astro GFAP FABP7,0.9973065903615455
CTTCTAAGTGTACATC-1,Oligo MOG OPALIN,0.8744114800191236
CTTCTAATCAACGTGT-1,Oligo MOG OPALIN,0.9993876526669004
CTTCTAATCAGCACCG-1,Endo CLDN5 SLC7A5,0.45135166698429413
CTTCTAATCCCAGCGA-1,Astro AQP4 SLC1A2,0.957806458382732
CTTCTCTAGGTCACTT-1,Astro GFAP AQP1,0.047289498787459944
CTTCTCTCATTGGATC-1,OPC PDGFRA PCDH15,0.9999999999866735
CTTCTCTGTCCCTGTT-1,Endo CLDN5 SLC7A5,0.9909179329942933
CTTCTCTGTGCTCCGA-1,Endo CLDN5 SLC7A5,0.17698652913341575
CTTCTCTTCCAAGCTA-1,Astro AQP4 SLC1A2,0.9975177019011764
CTTGAGAAGCTAATGA-1,Oligo MOG OPALIN,0.9419161689528369
CTTGAGACATCCTATT-1,Oligo MOG OPALIN,0.022576763401536068
CTTGAGAGTAACCCGC-1,Oligo MOG OPALIN,0.8390444028272392
CTTGAGAGTAGTGATA-1,Astro GFAP FABP7,0.9999956207617922
CTTGATTCACACCGAC-1,Astro GFAP AQP1,0.09800530605189528
CTTGATTCAGCTCCTT-1,Oligo MOG OPALIN,0.9962947432153667
CTTGATTCAGGTCCGT-1,Oligo MOG OPALIN,0.9095266277975061
CTTGATTGTACCGTCG-1,Oligo MOG OPALIN,0.9978406969054573
CTTGATTGTGACGCCT-1,L2-3 CUX2 ACVR1C THSD7A,0.9999373183750441
CTTGATTTCCGATAAC-1,Oligo MOG OPALIN,0.9977088040090029
CTTGATTTCGGCCCAA-1,L3-5 RORB GABRG1 KCNH7,0.7840420540435918
CTTTCAAAGTATGCAA-1,L6 OPRK1 THEMIS RGS6,0.021262146933020365
CTTTCAACACGTAACT-1,L2-3 CUX2 ACVR1C THSD7A,0.7257425476106124
CTTTCAACAGCAGTGA-1,L3-5 RORB MKX GRIN3A,0.1888231672204407
CTTTCAAGTGTTTACG-1,L3-5 RORB GABRG1 PTPRO,0.013298544544332155
CTTTCAATCAACGTGT-1,Endo CLDN5 SLC7A5,0.27343317522449645
CTTTCAATCAATCCGA-1,InN VIP HS3ST3B1,0.06476822389980957
CTTTCAATCCAACCGG-1,Endo CLDN5 SLC7A5,0.06421211291769681
CTTTCAATCGACCATA-1,InN VIP HS3ST3B1,0.9947052848959854
CTTTCAATCTAACGGT-1,Endo CLDN5 SLC7A5,0.17790166629253304
CTTTCGGAGCACAAAT-1,Endo CLDN5 SLC7A5,0.46850793952790765
CTTTCGGAGTATGAAC-1,Micro P2RY12 APBB1IP,0.12392811678725389
CTTTCGGCAACAGATA-1,PC P2RY14 GRM8,0.9997590204387001
GAAACCTGTACGGTTT-1,Endo CLDN5 SLC7A5,0.13261578033640742
GAAACCTGTATGCGTT-1,Endo CLDN5 SLC7A5,0.6618059624960957
GAAACCTTCGCTGATA-1,Endo CLDN5 SLC7A5,0.34937168429653737
GAAATGAGTATCTCGA-1,Astro AQP4 SLC1A2,0.9989659254260869
GAACACTCAAGTAGTA-1,L2-3 CUX2 NTNG1 COL5A2,0.34846442276001866
GAACACTGTGTCCCTT-1,InN SST HTR2C,0.8706394885264971
GAACACTTCAGTCTTT-1,Endo CLDN5 SLC7A5,0.01730547653794058
GAACACTTCCATATGG-1,Astro AQP4 SLC1A2,0.9961651813033732
GAACACTTCTAGTGAC-1,L3-5 RORB MKX GRIN3A,0.05946793441036182
GAACGTTAGATGTTGA-1,Endo CLDN5 SLC7A5,0.8117286041581764
GAACGTTAGCTGCGAA-1,Endo CLDN5 SLC7A5,0.08923997165286644
GAACGTTAGGTAACTA-1,Oligo MOG OPALIN,0.9389612580223109
GAACGTTTCATCAGTG-1,L6 OPRK1 THEMIS RGS6,0.7248714425051701
GAACGTTTCGCGTGCA-1,L6 OPRK1 THEMIS RGS6,0.2842769094189519
GAACGTTTCTCAAAGC-1,Astro GFAP AQP1,0.9902965100463142
GAACGTTTCTCTAGGA-1,Endo CLDN5 SLC7A5,0.09633186284301112
GAACTGTAGATGCAGC-1,Oligo MOG OPALIN,0.26902514869072386
GAACTGTAGATGGTAT-1,Astro AQP4 SLC1A2,0.6630991993100331
GAACTGTCAAGTATCC-1,Astro GFAP AQP1,0.171271681324499
GAACTGTCAATTCTCT-1,Astro AQP4 SLC1A2,0.9999572178831762
GAACTGTCACCATAAC-1,Endo CLDN5 SLC7A5,0.8685786579918379
GAACTGTGTACAAACA-1,L2-3 CUX2 NTNG1 PLCH1,0.06152882741251052
GAACTGTGTACTGGGA-1,OPC PDGFRA PCDH15,0.9999999999999973
GAACTGTTCGCACGAC-1,Oligo MOG OPALIN,0.028492202553144868
GAACTGTTCGGATTAC-1,Endo CLDN5 SLC7A5,0.052294051222111664
GAAGAATCAAAGGAGA-1,Oligo MOG OPALIN,0.3617247406334829
GAAGAATCAGAGCGTA-1,Oligo MOG OPALIN,0.9999727423762359
GAAGAATGTCCGGCAT-1,InN SST FREM1,0.9874759511049106
GAAGAATGTGTCCTAA-1,Endo CLDN5 IL1R1,0.9964980517141678
GAAGCCCAGCGACATG-1,InN VIP EGF,0.6302706923736475
GAAGCCCAGGCGTTAG-1,Endo CLDN5 SLC7A5,0.9994373213588943
GAAGCCCCACGGGCTT-1,InN SST HS3ST5,0.6099397330329507
GAAGCCCCATAACGGG-1,L2-3 CUX2 NTNG1 PALMD,0.12989290116698968
GAAGCCCGTCGACTTA-1,Endo CLDN5 SLC7A5,0.9728749515290566
GAAGCCCGTCTCCTGT-1,InN PVALB PDE3A,0.9909729453853683
GAAGCCCGTTTCCCAC-1,Endo CLDN5 SLC7A5,0.8994554931009447
GAAGCGAAGGCATTTC-1,Astro AQP4 SLC1A2,0.08303160300382713
GAAGCGAAGTGCTCGC-1,Oligo MOG OPALIN,0.15340691799691672
GAAGCGACAAGCCTGC-1,Endo CLDN5 SLC7A5,0.07780486281182232
GAAGCGAGTGTAGCAG-1,Endo CLDN5 SLC7A5,0.11489280742686865
GAAGCGATCGAGGCAA-1,Endo CLDN5 SLC7A5,0.8486905815337182
GAAGCGATCGCCGAGT-1,Oligo MOG OPALIN,0.11109302343177829
GAAGCGATCTGTCGCT-1,Oligo MOG OPALIN,0.995758285398504
GAAGGACAGCATGAAT-1,Endo CLDN5 SLC7A5,0.03870123699798676
GAAGGACAGCTAGCCC-1,Endo CLDN5 SLC7A5,0.09350788217556764
GAAGGACAGTGTTGTC-1,Endo CLDN5 SLC7A5,0.028319947028718526
GAAGGACCAAATACGA-1,Endo CLDN5 SLC7A5,0.25981102809344553
GAAGGACCAGAAGCTG-1,Endo CLDN5 SLC7A5,0.3320106594042051
GAAGGACGTTGGTAGG-1,Micro P2RY12 APBB1IP,0.9978239840263493
GAAGGACTCACGAGGA-1,Micro P2RY12 APBB1IP,0.08819247442866154
GAAGGACTCCATTGTT-1,Oligo MOG OPALIN,0.16928307117896224
GAAGGACTCCGCAAAT-1,Oligo MOG GSN,0.710826112779013
GAAGGGTAGAAGATCT-1,Endo CLDN5 SLC7A5,0.031737702900757454
GAAGGGTAGATGGCAC-1,L2-3 CUX2 NTNG1 PALMD,0.10596848888917272
GAAGGGTAGCGGGTAT-1,L2-3 CUX2 NTNG1 PALMD,0.8335262439216473
GAAGGGTAGGGTTGCA-1,Oligo MOG OPALIN,0.9934321270826252
GAAGGGTCATCTGTTT-1,Oligo MOG OPALIN,0.23428591797647583
GAAGGGTGTTATTCCT-1,L2-3 CUX2 NTNG1 PALMD,0.013244357368659695
GAAGGGTTCAAGCCCG-1,Oligo MOG OPALIN,0.7540673457990811
GAAGGGTTCACTCCGT-1,Astro AQP4 SLC1A2,0.07227760294571015
GAAGTAAAGGGCAGAG-1,Endo CLDN5 SLC7A5,0.5347790083424526
GAAGTAAAGTAGCCAG-1,Oligo MOG OPALIN,0.9761441768134347
GAAGTAAAGTGGTTAA-1,Endo CLDN5 SLC7A5,0.457895574244848
GAAGTAAAGTTGGGAC-1,Oligo MOG OPALIN,0.9999944009270836
GAAGTAAGTCGTCTCT-1,Endo CLDN5 SLC7A5,0.7231166092290067
GAAGTAATCAATCCAG-1,VLMC COL1A2 VLMCA8,0.9997526853652058
GAAGTAATCATGCTAG-1,Oligo MOG OPALIN,0.08300753003498659
GAAGTAATCCCGTAAA-1,L2-3 CUX2 ACVR1C THSD7A,0.9865817329589156
GAATAGAAGCATCTTG-1,Astro AQP4 SLC1A2,0.8972758784671624
GAATAGAAGGGCTAAC-1,L6 OPRK1 THEMIS RGS6,0.15656057040182816
GAATAGAAGTATTGCC-1,Astro GFAP FABP7,0.999953883036306
GAATAGAGTATCTCGA-1,InN VIP EXPH5,0.9828365487585325
GAATAGAGTCTGCATA-1,L6 OPRK1 THEMIS RGS6,0.7150095114730151
GAATAGAGTGGGCTCT-1,Oligo MOG OPALIN,0.4848292777330295
GAATAGATCATGAGAA-1,Endo CLDN5 SLC7A5,0.5742106972942423
GAATAGATCATGCCGG-1,Endo CLDN5 SLC7A5,0.8866574839361739
GAATCACAGTACCCTA-1,Endo CLDN5 SLC7A5,0.12651116524194905
GAATCACAGTCGCGAA-1,Endo CLDN5 SLC7A5,0.2562912047299698
GAATCACCACGCAAAG-1,Oligo MOG OPALIN,0.07809813706015621
GAATCACGTACTGCCG-1,L2-3 CUX2 ACVR1C INHBA,0.013633328664495986
GAATCACTCTGAGATC-1,Endo CLDN5 SLC7A5,0.532796779152998
GAATCGTAGAGTCAGC-1,Endo CLDN5 SLC7A5,0.3002342261464178
GAATCGTAGGTGCTGA-1,L6 OPRK1 THEMIS RGS6,0.07674332102787436
GAATCGTCACCTGATA-1,Endo CLDN5 SLC7A5,0.9026966436834976
GAATCGTCAGTAACCT-1,Astro GFAP FABP7,0.999999873999908
GAATCGTCAGTACTAC-1,L3-5 RORB MKX GALR1,0.0683004683422984
GAATCGTTCATCGGGC-1,Oligo MOG OPALIN,0.12949865409720876
GAATCGTTCTGCGGAC-1,L2-3 CUX2 NTNG1 PALMD,0.33855428350464756
GAATCGTTCTTCGCTG-1,Oligo MOG OPALIN,0.9142643299620372
GACACGCCACGACAGA-1,L2-3 CUX2 NTNG1 PALMD,0.10193109411962333
GACACGCCAGGTGTGA-1,Endo CLDN5 SLC7A5,0.7107224775313362
GACACGCTCGCCACTT-1,Oligo MOG OPALIN,0.9730978162898428
GACAGCCAGCGTGTCC-1,Astro AQP4 SLC1A2,0.996120391201833
GACAGCCAGGGACCAT-1,Endo CLDN5 SLC7A5,0.0867615867426352
GACAGCCCAGCCGGTT-1,Astro AQP4 SLC1A2,0.2570059019619758
GACAGCCGTACGAGTG-1,L2-3 CUX2 NTNG1 PALMD,0.8999999558834841
GACAGCCTCTCAATCT-1,InN PVALB HPSE,0.01488824137089245
GACATCAAGTGACACG-1,L2-3 CUX2 NTNG1 PALMD,0.4900988762005439
GACATCACAAGGAGTC-1,Endo CLDN5 SLC7A5,0.7689757697971837
GACATCACACGCCACA-1,Oligo MOG OPALIN,0.08969632299315146
GACATCACAGCTGTTA-1,Endo CLDN5 SLC7A5,0.2548831991428341
GACATCAGTGGGTCAA-1,Oligo MOG OPALIN,0.5889946536669447
GACATCAGTTAGTCGT-1,Astro AQP4 SLC1A2,0.9651404653891269
GACATCATCATCCTGC-1,Oligo MOG OPALIN,0.9999896035533239
GACATCATCCCTATTA-1,Astro GFAP AQP1,0.9999581980217558
GACATCATCTCCTGTG-1,Astro AQP4 SLC1A2,0.44560419565793696
GACCAATAGGGAGAAT-1,Oligo MOG OPALIN,0.9979698173378838
GACCAATAGTGAGTGC-1,Oligo MOG OPALIN,0.3944595174384882
GACCAATAGTTTCGAC-1,OPC PDGFRA PCDH15,0.9999999999953975
GACCAATCACACGTGC-1,Endo CLDN5 SLC7A5,0.6076750894772996
GACCAATCAGTAGATA-1,Oligo MOG OPALIN,0.6553617611091084
GACCAATGTTCGATTG-1,InN PVALB HPSE,0.9391542552627397
GACCAATTCCAATCTT-1,Astro AQP4 SLC1A2,0.9837202355110073
GACCCAGAGGGACCAT-1,Endo CLDN5 SLC7A5,0.028424050920882436
GACCCAGCAAATCAAG-1,Endo CLDN5 SLC7A5,0.9848229779952187
GACCCAGGTATCGCAT-1,L2-3 CUX2 ACVR1C INHBA,0.014820366495173754
GACCCAGTCATTTGGG-1,L6 OPRK1 THEMIS RGS6,0.8510991793351229
GACCCAGTCTCCTGCA-1,Astro AQP4 SLC1A2,0.9999934223078957
GACCCTTCAAGGTCTT-1,Endo CLDN5 SLC7A5,0.07844203247033388
GACCCTTGTGTCCATA-1,Endo CLDN5 SLC7A5,0.055149930787257925
GACCCTTTCGTTATCT-1,Oligo MOG OPALIN,0.4535750089303659
GACCCTTTCTCCTGTG-1,Astro AQP4 SLC1A2,0.20287675916707046
GACCGTGAGCCTATCA-1,InN LAMP5 BMP7,0.9161770126882279
GACCGTGAGGCATCTT-1,InN SST TRPC7,0.09426103474780627
GACCGTGAGGCTAAAT-1,Endo CLDN5 SLC7A5,0.04104061997158856
GACCGTGGTAGACAGC-1,Astro AQP4 SLC1A2,0.999652647759004
GACCGTGTCATTGCGA-1,L2-3 CUX2 NTNG1 PALMD,0.0654093130609784
GACCTTCAGTCGAATA-1,VLMC COL1A2 VLMCA8,0.9861930342702344
GACCTTCCAACATCGT-1,Endo CLDN5 SLC7A5,0.20514575420622777
GACCTTCCAGAACGCA-1,OPC PDGFRA PCDH15,0.9999999999985616
GACCTTCCAGCTGAGA-1,Endo CLDN5 SLC7A5,0.20169468177104063
GACGCTGAGCTCGTGC-1,Astro AQP4 SLC1A2,0.9993735935023799
GACGTTACAACCGTGC-1,Endo CLDN5 SLC7A5,0.8964601089089111
GACGTTACAGCGACAA-1,L3-5 RORB MKX SCN5A,0.9864982753050103
GACGTTAGTGGGACAT-1,L6 OPRK1 SMYD1 SNTB1,0.0717103702227728
GACGTTATCGAGAGAC-1,Oligo MOG OPALIN,0.43190770747934165
GACGTTATCGGACCAC-1,Micro P2RY12 APBB1IP,0.9882331023709982
GACGTTATCTACGGGC-1,Endo CLDN5 SLC7A5,0.742967987593057
GACTATGAGAACGTGC-1,Astro AQP4 SLC1A2,0.8462458291874021
GACTATGAGCGTGAAC-1,Endo CLDN5 SLC7A5,0.9518919153495914
GACTATGCACGAGAAC-1,Endo CLDN5 SLC7A5,0.30808311991158166
GACTATGGTTCGTGCG-1,Endo CLDN5 SLC7A5,0.355601067683718
GACTATGTCGAACCTA-1,L2-3 CUX2 NTNG1 PALMD,0.30685323844922224
GACTATGTCGACATTG-1,Oligo MOG OPALIN,0.21218819119441668
GACTCAAAGCAGATAT-1,Oligo MOG OPALIN,0.9999705678374455
GACTCAACACAACGTT-1,Astro AQP4 SLC1A2,0.9977711745951107
GACTCAACACCAGCGT-1,Endo CLDN5 SLC7A5,0.2034456674352071
GACTCAACAGATCCTA-1,Oligo MOG OPALIN,0.6442174276567506
GACTCAAGTCCACGCA-1,Astro AQP4 SLC1A2,0.2966555663185773
GACTCAAGTCCTCCAT-1,Oligo MOG OPALIN,0.9741172530177851
GACTCTCCACGCTGCA-1,Oligo MOG OPALIN,0.029938568646114397
GACTCTCGTGAACTAA-1,Oligo MOG OPALIN,0.9924528316651761
GACTCTCGTTCACGAT-1,L6 FEZF2 SYT6 PTPRT,0.1369751134495763
GACTCTCTCGCCAGAC-1,Astro GFAP FABP7,0.9998351263134462
GACTCTCTCTTGTGCC-1,Oligo MOG OPALIN,0.8270487401270831
GACTGATCACGACTAT-1,Endo CLDN5 SLC7A5,0.08326621669714818
GACTGATTCACTCGAA-1,Oligo MOG OPALIN,0.9924086043121636
GACTTCCAGCTTTCTT-1,Endo CLDN5 SLC7A5,0.13081535947209952
GACTTCCAGTATGAGT-1,OPC PDGFRA PCDH15,0.0050267851137250135
GACTTCCCAGCACACC-1,L3-5 RORB GABRG1 PTPRO,0.07581234932897646
GACTTCCCAGTAGGAC-1,Oligo MOG OPALIN,0.9912676397545097
GACTTCCGTAAGATTG-1,Endo CLDN5 SLC7A5,0.22435047226934932
GACTTCCGTCTGATCA-1,Oligo MOG FRY,0.9013869240125338
GACTTCCTCCGTAATG-1,Endo CLDN5 SLC7A5,0.11720122000474058
GAGAAATAGAGATGCC-1,Astro GFAP AQP1,0.2125864921035654
GAGACCCCACTATCGA-1,L2-3 CUX2 NTNG1 PALMD,0.9285808266692537
GAGACCCCATTACGGT-1,Astro AQP4 SLC1A2,0.2294530847131
GAGACCCGTACGAAAT-1,L2-3 CUX2 NTNG1 PALMD,0.3284616431317767
GAGACCCGTTGTGTTG-1,Endo CLDN5 SLC7A5,0.9644956779805463
GAGACCCTCCAATGCA-1,OPC PDGFRA PCDH15,0.5128910745480921
GAGACCCTCCATCTCG-1,Oligo MOG OPALIN,0.9343322360918774
GAGACTTCAATCTCGA-1,Oligo MOG OPALIN,0.9904109345036486
GAGACTTGTAGCCCTG-1,Endo CLDN5 SLC7A5,0.1060876828018663
GAGACTTGTCCAGTTA-1,Oligo MOG OPALIN,0.351882699144206
GAGACTTGTGGATTTC-1,Oligo MOG OPALIN,0.4895401977975409
GAGACTTTCATAGCAC-1,Oligo MOG OPALIN,0.3873336172066491
GAGACTTTCTACTATC-1,L2-3 CUX2 NTNG1 PALMD,0.5553647957751241
GAGAGGTAGCGACCCT-1,Micro P2RY12 APBB1IP,0.01785616627978936
GAGAGGTCACCAGCCA-1,Oligo MOG OPALIN,0.9999499917695641
GAGAGGTGTCGCATGC-1,Oligo MOG OPALIN,0.29397046119231013
GAGATGGAGTTGGGAC-1,Oligo MOG OPALIN,0.9961454399586723
GAGATGGCAGCATACT-1,L3-5 RORB GABRG1 KCNH7,0.6317066645167916
GAGATGGCATCCGATA-1,Astro AQP4 SLC1A2,0.9959291172485727
GAGATGGGTGTCTTAG-1,Astro GFAP AQP1,0.9913536518169768
GAGATGGTCCGCTTAC-1,InN SST ADAMTSL1,0.9960640389539812
GAGCCTGCAACTCCCT-1,InN PVALB HPSE,0.014939977033759218
GAGCCTGCACGCGGTT-1,InN SST ADRA1D,0.18110143602515097
GAGCCTGCACTTCTCG-1,Oligo MOG OPALIN,0.06511451042928758
GAGCCTGCAGGCATTT-1,Endo CLDN5 SLC7A5,0.3259307010463297
GAGCCTGCATCCGGCA-1,L2-3 CUX2 NTNG1 COL5A2,0.38775575244841654
GAGCCTGGTAGACAAT-1,Endo CLDN5 IL1R1,0.41710630728619474
GAGCCTGGTCAAAGTA-1,Astro AQP4 SLC1A2,0.48112028548953684
GAGCCTGTCGTGCATA-1,Endo CLDN5 SLC7A5,0.11849215297495565
GAGCTGCCAAACTAAG-1,L2-3 CUX2 NTNG1 PALMD,0.6713604996696961
GAGCTGCCATTGCTGA-1,L3-5 RORB PCBP3 ARHGAP15,0.025560418071821196
GAGCTGCGTCGAATTC-1,L2-3 CUX2 NTNG1 PALMD,0.2551257109573038
GAGCTGCGTTTACCAG-1,L2-4 CUX2 RORB CLMN,0.023798020963914552
GAGCTGCTCTGACCCT-1,Oligo MOG OPALIN,0.998983113028285
GAGGCAACACAAATCC-1,InN VIP CLSTN2,0.07146831559578358
GAGGCAAGTATCGTGT-1,L2-3 CUX2 ACVR1C THSD7A,0.8510023656699586
GAGGCAAGTGCCCAGT-1,OPC PDGFRA PCDH15,0.9999999999995648
GAGGCAAGTTCGCGTG-1,Endo CLDN5 SLC7A5,0.8397042777802528
GAGGCCTAGAACGTGC-1,L2-3 CUX2 ACVR1C THSD7A,0.9988154456740668
GAGGCCTAGCCTGACC-1,Astro GFAP AQP1,0.8957835626106786
GAGGCCTCACAGCTGC-1,Endo CLDN5 SLC7A5,0.9426361582067768
GAGGCCTCACCCTCTA-1,InN VIP HS3ST3B1,0.9992753786126439
GAGGCCTGTCGCATGC-1,Endo CLDN5 SLC7A5,0.41092038749546106
GAGGCCTGTGCTCCGA-1,Astro AQP4 SLC1A2,0.9967379917204331
GAGGCCTTCATGGCCG-1,L3-5 RORB MKX GRIN3A,0.0493294784079929
GAGGGATCAAACCGGA-1,Endo CLDN5 IL1R1,0.04706601558701261
GAGGGATCAGCGCGTT-1,Endo CLDN5 SLC7A5,0.5944610606799389
GAGGGATTCCGTTGAA-1,Astro GFAP AQP1,0.21065586488337423
GAGGGATTCCTGGGAC-1,Endo CLDN5 SLC7A5,0.2988932131227113
GAGGGTACAAGACTGG-1,InN VIP ADAM12,0.043021731955028196
GAGGGTACACTTCAAG-1,L2-3 CUX2 ACVR1C THSD7A,0.9971406471520718
GAGGGTATCGGCACTG-1,Oligo MOG OPALIN,0.44085915235551754
GAGTCATAGTACGAGC-1,SMC ACTA2 CNN1,0.023405050337803806
GAGTCATCACCGAATT-1,Endo CLDN5 SLC7A5,0.9777955081395233
GAGTCATGTGACAGGT-1,L2-3 CUX2 ACVR1C THSD7A,0.8647593022795323
GAGTCATTCATCTCTA-1,L6 OPRK1 THEMIS RGS6,0.17887274852525895
GAGTCATTCGATACGT-1,Oligo MOG OPALIN,0.5035669418943745
GAGTCATTCTCGCCTA-1,Endo CLDN5 SLC7A5,0.6972227647117258
GAGTCTACACATAACC-1,Endo CLDN5 SLC7A5,0.9791689685102202
GAGTCTACAGACGCTC-1,Astro AQP4 SLC1A2,0.9999773565337248
GAGTCTATCCACATAG-1,Micro P2RY12 APBB1IP,0.997449709442353
GAGTCTATCGAGAACG-1,InN PVALB HPSE,0.391938761288926
GAGTCTATCTCTCAAT-1,L3-5 RORB GABRG1 PTPRO,0.008349493960973663
GAGTGAGAGGTGCCAA-1,L3-5 RORB GABRG1 PTPRO,0.03191149025025567
GAGTGAGAGTGATCGG-1,SMC ACTA2 CNN1,0.30559325481918626
GAGTGAGCACAGGATG-1,Oligo MOG OPALIN,0.9558949503909938
GAGTGAGCACCTGCTT-1,Oligo MOG OPALIN,0.22623289247263906
GAGTGAGCATGACGGA-1,Oligo MOG OPALIN,0.9998137108825009
GAGTGAGGTCACTCTC-1,Astro AQP4 SLC1A2,0.5353672132660175
GAGTGAGGTCCATAGT-1,Endo CLDN5 SLC7A5,0.226902629919628
GAGTGAGTCCCTCATG-1,Oligo MOG OPALIN,0.9304743250482143
GAGTGTTAGGTGATAT-1,Oligo MOG OPALIN,0.6482482161563722
GAGTGTTCATGGCCCA-1,Oligo MOG OPALIN,0.9999632720681748
GAGTTACAGACGCCCT-1,Endo CLDN5 SLC7A5,0.1936538488911221
GAGTTACAGATGAACT-1,Oligo MOG OPALIN,0.05150884405298979
GAGTTACAGTACCCTA-1,Endo CLDN5 SLC7A5,0.8656319130895918
GAGTTACCACCAGCTG-1,L2-3 CUX2 NTNG1 PALMD,0.022929242787594412
GAGTTACCACCGGAAA-1,L6 OPRK1 THEMIS RGS6,0.8800713779044589
GAGTTACGTATCATGC-1,Oligo MOG OPALIN,0.9997543279458625
GAGTTACGTTATCTTC-1,L3-5 RORB MKX DCC,0.13895222699622833
GAGTTGTAGACATATG-1,Oligo MOG OPALIN,0.9999951755524907
GAGTTGTCATTGACAC-1,Oligo MOG OPALIN,0.9999643320422124
GAGTTGTGTATCAGGG-1,Astro GFAP AQP1,0.9988192085381765
GAGTTGTGTATTCCGA-1,Oligo MOG FRY,0.09096788148149093
GAGTTGTGTGGTCTAT-1,Astro AQP4 SLC1A2,0.9999927295149327
GAGTTGTTCAACGAGG-1,Oligo MOG OPALIN,0.6897299106541026
GAGTTGTTCACGAACT-1,Endo CLDN5 SLC7A5,0.9121827012254113
GAGTTGTTCACGGAGA-1,Endo CLDN5 SLC7A5,0.1747097864335338
GAGTTGTTCTGGGCGT-1,Astro GFAP AQP1,0.11771006883953464
GAGTTTGAGCCTATTG-1,Endo CLDN5 IL1R1,0.10290024880337463
GAGTTTGCACGTGTGC-1,Endo CLDN5 SLC7A5,0.01597242552988768
GAGTTTGCATACGCAT-1,Endo CLDN5 SLC7A5,0.04931979663793335
GAGTTTGTCAGGAGAC-1,Macro F13A1 COLEC12,0.9979184942299156
GAGTTTGTCGTGGTAT-1,L6 OPRK1 THEMIS RGS6,0.014080493421103455
GATAGAAAGGGTCTTT-1,Endo CLDN5 SLC7A5,0.05158006827298528
GATAGAAGTAAGAACT-1,L3-5 RORB MKX DCC,0.29589847549635073
GATAGAAGTCCTCATC-1,L3-5 RORB MKX GRIN3A,0.030777492533040986
GATAGAAGTTTGCAGT-1,Oligo MOG OPALIN,0.9919217625476618
GATAGAATCGAACTCA-1,Oligo MOG OPALIN,0.7890751845924774
GATAGCTAGGCCACTC-1,Endo CLDN5 SLC7A5,0.7516201355340117
GATAGCTCACGTCATA-1,L3-5 RORB GABRG1 PTPRO,0.422571709848484
GATAGCTTCATCTACT-1,Oligo MOG OPALIN,0.661410076337964
GATAGCTTCCTGTAGA-1,OPC PDGFRA PCDH15,0.9968254253568151
GATAGCTTCGCGTGAC-1,Oligo MOG OPALIN,0.3501535891345772
GATAGCTTCGTAGTCA-1,InN LAMP5 LHX6 TAC1,0.09160081914764044
GATAGCTTCTGTAACG-1,Endo CLDN5 SLC7A5,0.9243830126537249
GATCACACACTGTGTA-1,Oligo MOG OPALIN,0.7804302794052393
GATCACATCATCACTT-1,Astro AQP4 SLC1A2,0.6322036337136713
GATCAGTAGGATTACA-1,Micro P2RY12 APBB1IP,0.3615111512503109
GATCAGTCATGTTCGA-1,Oligo MOG OPALIN,0.9985438819699491
GATCAGTGTAACACCT-1,Astro GFAP AQP1,0.018122713237893464
GATCAGTGTACCGTCG-1,Endo CLDN5 SLC7A5,0.3586324105691917
GATCAGTGTCAGATTC-1,Oligo MOG OPALIN,0.9998739931474542
GATCAGTGTCGTGGTC-1,Astro AQP4 SLC1A2,0.2731333412629437
GATCAGTGTTCGAACT-1,Oligo MOG OPALIN,0.9999971236919831
GATCATGAGGCTAACG-1,InN SST PLPP4,0.9965738015488989
GATCATGGTCCAACGC-1,PC P2RY14 GRM8,0.8204571099273112
GATCATGTCCAAATGC-1,OPC PDGFRA PCDH15,0.011842682861711662
GATCATGTCCTTCTTC-1,RB HBA1 HBB,0.08062333644242296
GATCCCTAGACGTCCC-1,InN PVALB SYT2,0.04507285479544152
GATCCCTAGGTCCCGT-1,InN VIP EXPH5,0.018394427342745132
GATCCCTCAACCGACC-1,L2-3 CUX2 NTNG1 PALMD,0.017315819000684768
GATCCCTGTTTGGGAG-1,Oligo MOG OPALIN,0.702205254466947
GATCCCTTCCAACTAG-1,Endo CLDN5 SLC7A5,0.8864391327518834
GATCCCTTCGAGCACC-1,L2-3 CUX2 NTNG1 PALMD,0.06734644690357428
GATCCCTTCGGCTTGG-1,InN PVALB SYT2,0.023768055722627166
GATCCCTTCTTAGGAC-1,InN VIP MEGF11 LHFP,0.9558659675900748
GATCCCTTCTTCACGC-1,Astro GFAP FABP7,0.07916782739180327
GATCGTAAGACGGTCA-1,Oligo MOG OPALIN,0.809161226221452
GATCGTACACGACGTC-1,OPC PDGFRA PCDH15,0.9999999772875531
GATCGTAGTCTGCAAT-1,L3-5 RORB GABRG1 KCNH7,0.43957701062329824
GATCGTATCACTAGCA-1,Oligo MOG OPALIN,0.06292669741132943
GATCGTATCATTACGG-1,L2-3 CUX2 NTNG1 PALMD,0.13388731514619645
GATCGTATCCGTTGAA-1,Astro AQP4 SLC1A2,0.9996622724410154
GATGACTAGACTTCCA-1,InN VIP CLSTN2,0.4912128391451649
GATGACTCAGTATGAA-1,InN VIP EXPH5,0.9973040895928434
GATGACTGTACGTACT-1,InN SST FREM1,0.028587068472385433
GATGACTGTCTTCTAT-1,L3-5 RORB GABRG1 PLCH1,0.015232114666346124
GATGACTTCTAGTACG-1,Oligo MOG OPALIN,0.8870325989075494
GATGAGGCACGACGTC-1,InN LAMP5 LHX6 PROX1,0.6404224414763833
GATGAGGCAGGGTTGA-1,Astro GFAP FABP7,0.9610967485924639
GATGAGGGTAGAGCTG-1,OPC PDGFRA PCDH15,0.99999999999994
GATGAGGGTCACCGCA-1,Astro AQP4 SLC1A2,0.012119189187702035
GATGAGGGTCGGTAAG-1,Oligo MOG OPALIN,0.3533031674680996
GATGAGGTCACTTCTA-1,Astro AQP4 SLC1A2,0.9999598337236224
GATGAGGTCCTTATAC-1,L2-3 CUX2 NTNG1 PALMD,0.1318227857351332
GATGATCAGACACACG-1,Oligo MOG OPALIN,0.996857419786592
GATGATCAGAGGCCAT-1,Oligo MOG OPALIN,0.9957515540337142
GATGATCCATCGTGGC-1,L2-3 CUX2 ACVR1C THSD7A,0.9903940829953389
GATGATCGTGCATGAG-1,L2-3 CUX2 NTNG1 PALMD,0.09551172202499791
GATGCTAAGGCGTTAG-1,Oligo MOG OPALIN,0.48831054910355653
GATGCTACAACAGCCC-1,L2-4 CUX2 RORB CLMN,0.06905253763377325
GATGCTACAAGGCCTC-1,Endo CLDN5 SLC7A5,0.3542454910686757
GATGCTATCTACCTTA-1,L6 FEZF2 SYT6 ERBB4,0.16034941083696586
GATGGAGAGCGTATAA-1,Endo CLDN5 SLC7A5,0.744540617665425
GATGGAGAGGACTTCT-1,InN SST ADAMTSL1,0.023141887122327436
GATGGAGAGGCTAACG-1,Oligo MOG OPALIN,0.13090440116992613
GATGGAGCATGGGAAC-1,Endo CLDN5 SLC7A5,0.3337647181276292
GATGGAGTCTGCATAG-1,L5-6 FEZF2 NXPH2 GPC5,0.06823598485786864
GATGTTGAGACTCAAA-1,OPC PDGFRA PCDH15,0.007102211198173693
GATGTTGAGACTTCGT-1,InN ADARB2 COL5A2,0.045127675738398786
GATGTTGCAAGCGAGT-1,Oligo MOG OPALIN,0.9825235309537144
GATGTTGCAAGTGGAC-1,L2-3 CUX2 NTNG1 PLCH1,0.04858805068278785
GATGTTGCAAGTGGTG-1,Endo CLDN5 SLC7A5,0.7981380302544079
GATGTTGGTCGCAGTC-1,Oligo MOG OPALIN,0.9887864065166506
GATGTTGTCAAAGCCT-1,InN SST ADAMTSL1,0.050758034636573
GATTCGAAGACGACTG-1,L2-3 CUX2 NTNG1 COL5A2,0.03681764888998745
GATTCGAAGACTGAGC-1,PC P2RY14 GRM8,0.051113047942380134
GATTCGAAGTAGGCCA-1,PC P2RY14 GRM8,0.9999973396726113
GATTCGAGTCTCCCTA-1,Endo CLDN5 SLC7A5,0.8981122611206218
GATTCGAGTTGCTGAT-1,Endo CLDN5 SLC7A5,0.22346010996566193
GATTCTTCAAATTAGG-1,OPC PDGFRA PCDH15,0.9999999999488727
GATTCTTGTATTCCGA-1,Oligo MOG OPALIN,0.9999320676263259
GATTCTTGTGATTCAC-1,Endo CLDN5 SLC7A5,0.05081473813552379
GATTCTTTCGCCTATC-1,L2-4 CUX2 RORB CLMN,0.023264196437148357
GATTCTTTCTATCACT-1,Oligo MOG OPALIN,0.05045380010977464
GATTGGTAGCGTTCAT-1,L6 OPRK1 SMYD1 SNTB1,0.03112310913647462
GATTGGTCAAATAAGC-1,L2-3 CUX2 NTNG1 PALMD,0.01106326508212712
GATTGGTGTTGTCAGT-1,Astro AQP4 SLC1A2,0.29341534026924204
GATTGGTTCAACCTTT-1,Endo CLDN5 SLC7A5,0.7377136520563051
GATTGGTTCCGTTGGG-1,Astro GFAP AQP1,0.7795613088361827
GATTGGTTCGGTTGTA-1,Micro P2RY12 APBB1IP,0.9978716144633574
GATTGGTTCTATGCCC-1,L6 FEZF2 SYT6 ERBB4,0.03156784871818248
GATTTCTCAAGCGCTC-1,OPC PDGFRA PCDH15,0.32878113894103617
GATTTCTGTAATGCTC-1,Oligo MOG OPALIN,0.4391984867534107
GATTTCTGTTGGGTAG-1,Oligo MOG OPALIN,0.9421903166417501
GATTTCTTCGCTCATC-1,VLMC COL1A2 SLC13A3,0.2865404733347201
GCAACATAGCTTAGTC-1,Oligo MOG OPALIN,0.8884090266069349
GCAACATAGGCAATGC-1,Oligo MOG OPALIN,0.8520191981113612
GCAACATAGTGGTTCT-1,L2-3 CUX2 ACVR1C INHBA,0.061047349402711296
GCAACATGTGGAATGC-1,Endo CLDN5 SLC7A5,0.21014072024129624
GCAACATTCCAGTACA-1,L2-3 CUX2 NTNG1 PALMD,0.03760267289751465
GCAACCGAGAATTCAG-1,InN SST TRPC7,0.01946702834837371
GCAACCGAGTCAGCGA-1,L6 OPRK1 THEMIS RGS6,0.015649988139367462
GCAACCGCAATTGTGC-1,Endo CLDN5 SLC7A5,0.014589338695860933
GCAACCGCATGGGTTT-1,Oligo MOG OPALIN,0.5637081051043482
GCAACCGTCGCTAATG-1,SMC ACTA2 CNN1,0.9991808289042223
GCACATAAGCACTAGG-1,L2-3 CUX2 ACVR1C INHBA,0.36070112353852174
GCACATAAGGTCCGAA-1,L6 OPRK1 THEMIS RGS6,0.0620371336527775
GCACATACACGCCACA-1,L6 OPRK1 THEMIS RGS6,0.028968725175761923
GCACATACACGGGCTT-1,Astro AQP4 SLC1A2,0.8774723446710546
GCACATACAGAGTTGG-1,Endo CLDN5 SLC7A5,0.482417916360999
GCACATACATCAGTGT-1,Oligo MOG OPALIN,0.603469753552135
GCACATACATGACTGT-1,Endo CLDN5 SLC7A5,0.9500066822660067
GCACATAGTACTGTTG-1,Endo CLDN5 SLC7A5,0.5496125042794652
GCACATAGTATACAGA-1,Astro AQP4 SLC1A2,0.9772238979481189
GCACATAGTCATCCGG-1,OPC PDGFRA PCDH15,0.012093870387058059
GCACATATCCTTATAC-1,Astro GFAP AQP1,0.06577370818500283
GCACGGTAGCTGTACT-1,Astro GFAP AQP1,0.19635505170326076
GCACGGTCATACCACA-1,Endo CLDN5 SLC7A5,0.09100308034305574
GCACGGTGTGTAAATG-1,OPC PDGFRA PCDH15,0.14189569777879227
GCACGGTGTTAGGCTT-1,OPC PDGFRA PCDH15,0.008742536751246357
GCACGGTGTTCAGCTA-1,OPC PDGFRA PCDH15,0.9999999999999869
GCACGTGAGACTGTTC-1,Oligo MOG OPALIN,0.06839720309301416
GCACGTGAGTCAACAA-1,Endo CLDN5 SLC7A5,0.9971550205614996
GCACGTGCAAATGGAT-1,InN SST PLPP4,0.0977287494357396
GCACGTGCAGCACAAG-1,L2-4 CUX2 RORB CLMN,0.05348636299718072
GCACGTGCAGCTACCG-1,Oligo MOG FRY,0.031318461387303036
GCACGTGCAGGACTTT-1,Endo CLDN5 SLC7A5,0.07632439601365802
GCACGTGGTAATTGGA-1,Astro AQP4 SLC1A2,0.03210582887772715
GCACGTGGTACGCTAT-1,Astro AQP4 SLC1A2,0.999726231273946
GCACGTGGTGACCGTC-1,L2-3 CUX2 NTNG1 PALMD,0.3809692372470222
GCACGTGGTGTTCATG-1,Endo CLDN5 SLC7A5,0.08547268588599906
GCACGTGGTTCTTGTT-1,Oligo MOG OPALIN,0.5181766333743318
GCACGTGTCATACGGT-1,Micro P2RY12 APBB1IP,0.032562182731302396
GCACTAAAGGGAGTGG-1,InN SST ADAMTSL1,0.01958115431767052
GCACTAACAGAAGCGT-1,Oligo MOG OPALIN,0.10130730366533507
GCACTAACAGGACAGT-1,Endo CLDN5 SLC7A5,0.4858876778383968
GCACTAACAGGCAATG-1,Astro AQP4 SLC1A2,0.9999972517977305
GCACTAAGTCTACATG-1,L6 OPRK1 THEMIS RGS6,0.9828865151622914
GCACTAAGTTGCATAC-1,L2-3 CUX2 ACVR1C INHBA,0.021017579297363285
GCAGCCAAGCGGTAAC-1,OPC PDGFRA PCDH15,0.02327880685099586
GCAGCCAAGGCATGCA-1,L6 OPRK1 SMYD1 SNTB1,0.02292440454874645
GCAGCCAAGGTGCTAG-1,Oligo MOG OPALIN,0.9626302824442748
GCAGCCACAAGGGTCA-1,L2-3 CUX2 NTNG1 PALMD,0.19025803628427398
GCAGCCAGTCGGTACC-1,Endo CLDN5 SLC7A5,0.8333488615713213
GCAGCCAGTGCATACT-1,Astro AQP4 SLC1A2,0.054511456453169106
GCAGCCATCAGCTCTC-1,OPC PDGFRA PCDH15,0.14226061597025028
GCAGCTGGTGCCGTTG-1,Endo CLDN5 SLC7A5,0.02537100590302483
GCAGCTGGTTATCTGG-1,L3-5 RORB MKX GALR1,0.05873233510485527
GCAGCTGTCCATTTAC-1,Endo CLDN5 SLC7A5,0.7916122044237113
GCAGCTGTCCTTGACC-1,L2-3 CUX2 NTNG1 PLCH1,0.1233484199084633
GCAGCTGTCGAAACAA-1,Oligo MOG OPALIN,0.7120911787990215
GCAGGCTCAGCGCTTG-1,Astro AQP4 SLC1A2,0.9999971958904692
GCAGGCTGTCGCACGT-1,L6 OPRK1 THEMIS RGS6,0.04254564138263437
GCAGGCTGTCTAATCG-1,Endo CLDN5 SLC7A5,0.5336061005490473
GCAGGCTGTGACTATC-1,Micro P2RY12 APBB1IP,0.9755601528186881
GCAGTTAAGACTAGAT-1,Endo CLDN5 SLC7A5,0.06941091503537036
GCAGTTAAGTTGGAGC-1,Oligo MOG GSN,0.019399839278345005
GCAGTTACAAATCGGG-1,Astro GFAP AQP1,0.9588036108920638
GCAGTTACACGTTCGG-1,Endo CLDN5 SLC7A5,0.6940437811452023
GCAGTTACAGTAGGAC-1,Astro GFAP AQP1,0.05518662890849243
GCAGTTAGTATAGGAT-1,L2-3 CUX2 NTNG1 PALMD,0.07391106221634412
GCAGTTAGTCCACTTC-1,Astro AQP4 SLC1A2,0.21517902976295863
GCAGTTATCCGGTAGC-1,Endo CLDN5 SLC7A5,0.740308324024452
GCAGTTATCGGCCTTT-1,Oligo MOG OPALIN,0.9999174293712294
GCAGTTATCTCCATAT-1,L2-4 CUX2 RORB CLMN,0.02481917496852417
GCAGTTATCTTAATCC-1,Astro GFAP AQP1,0.2676370472567896
GCATCGGAGCTGCCAC-1,L3-5 RORB PCBP3 IL1RAPL2,0.05307502373581173
GCATCGGAGGCATGGT-1,Endo CLDN5 SLC7A5,0.3573448452717609
GCATCGGTCCAGCAAT-1,Oligo MOG OPALIN,0.9816527063166831
GCATCTCCAATGTCAC-1,Astro GFAP FABP7,0.03257067077508963
GCATCTCGTTGCGTAT-1,Astro AQP4 SLC1A2,0.9992439567236049
GCATCTCTCAGAACCT-1,OPC PDGFRA PCDH15,0.024177731413478457
GCATGATAGAGTCCGA-1,Oligo MOG OPALIN,0.3505581301773795
GCATGATCAATAGTGA-1,Endo CLDN5 SLC7A5,0.8271044107733013
GCATGATCACTTGACA-1,L2-3 CUX2 NTNG1 PALMD,0.5380028688620737
GCATGATCATTGACAC-1,Astro GFAP AQP1,0.9998629469398872
GCATTAGGTACCTGTA-1,Astro AQP4 SLC1A2,0.044499406882888906
GCATTAGGTACTGGGA-1,Endo CLDN5 SLC7A5,0.4648685034372674
GCATTAGTCTACGGGC-1,L6 OPRK1 THEMIS RGS6,0.24579709789458834
GCCAACGAGAAAGTCT-1,Astro GFAP AQP1,0.9707809034166551
GCCAACGAGGTCACCC-1,Oligo MOG OPALIN,0.999901000815631
GCCAACGAGTACTCGT-1,Endo CLDN5 SLC7A5,0.0292862368698737
GCCAACGAGTGCACCC-1,OPC PDGFRA PCDH15,0.9999999999987841
GCCAACGCAGGATTCT-1,Oligo MOG OPALIN,0.9992246048220356
GCCAACGTCTCCTGTG-1,Micro P2RY12 APBB1IP,0.6833848778096379
GCCAGCAAGACGGTTG-1,Endo CLDN5 SLC7A5,0.30056182452318264
GCCAGCACACGGTGCT-1,Astro GFAP FABP7,0.0981558831817301
GCCAGCACAGACGCTC-1,Endo CLDN5 SLC7A5,0.4384950269233217
GCCAGCAGTGCATCTA-1,Endo CLDN5 SLC7A5,0.25134765762070904
GCCAGCATCATTGAGC-1,Endo CLDN5 SLC7A5,0.12750244275014844
GCCAGCATCTTCTAAC-1,Endo CLDN5 SLC7A5,0.9668986181861746
GCCAGGTCAAACTAGA-1,L2-3 CUX2 NTNG1 PALMD,0.06499453032196344
GCCAGGTCAAAGGGCT-1,Endo CLDN5 SLC7A5,0.7075230521646387
GCCAGGTCATGTCGTA-1,Astro GFAP AQP1,0.7490207655297858
GCCAGGTGTCACCCTT-1,Oligo MOG OPALIN,0.9248951024971749
GCCAGGTTCACCATCC-1,Endo CLDN5 SLC7A5,0.3100980446263106
GCCAGGTTCTTGATTC-1,Oligo MOG OPALIN,0.4182807934987361
GCCAGTGAGCTAGAAT-1,L2-3 CUX2 NTNG1 PALMD,0.47386980949642343
GCCAGTGCACTTGGGC-1,Endo CLDN5 SLC7A5,0.8832588848674915
GCCAGTGTCACTGGTA-1,Endo CLDN5 SLC7A5,0.29942905456445645
GCCATGGAGATTGAGT-1,Oligo MOG OPALIN,0.5697743067274211
GCCATGGAGGTCGAGT-1,Oligo MOG OPALIN,0.2968516797708184
GCCATGGCATGGAATA-1,Endo CLDN5 SLC7A5,0.6392033153577724
GCCATGGGTGTTGAGG-1,L2-3 CUX2 ACVR1C THSD7A,0.9455482738315466
GCCATTCCAGTGCGCT-1,Astro AQP4 SLC1A2,0.999882777439866
GCCATTCCATAAGCAA-1,L6 FEZF2 SYT6 PTPRT,0.031732234021629224
GCCATTCGTACGATCT-1,L6 OPRK1 THEMIS RGS6,0.03330251815298664
GCCATTCTCCATTCAT-1,OPC PDGFRA PCDH15,0.16260666645805671
GCCATTCTCGTCAAAC-1,L2-3 CUX2 ACVR1C INHBA,0.35560101885540507
GCCCAGAAGTGCAGCA-1,Endo CLDN5 SLC7A5,0.08876772637663645
GCCCAGACAAATGAGT-1,Endo CLDN5 SLC7A5,0.11762187793328449
GCCCAGACACCATTCC-1,L6 OPRK1 THEMIS RGS6,0.8721127167253757
GCCCAGATCGCGAAGA-1,Oligo MOG OPALIN,0.9861158933758792
GCCCAGATCGCGTGCA-1,L3-5 RORB GABRG1 PLCH1,0.11791246762252684
GCCCGAAAGGGCTAAC-1,L6 FEZF2 SYT6 CDH9,0.003246700626424972
GCCCGAACACACCAGC-1,InN PVALB HPSE,0.014084958696122115
GCCCGAATCCATCAGA-1,Oligo MOG OPALIN,0.13565694917949034
GCCGATGCAATAGTAG-1,Oligo MOG OPALIN,0.9999643654035395
GCCGATGCACGCTGTG-1,L2-3 CUX2 ACVR1C INHBA,0.630919112060783
GCCGATGGTCCCTAAA-1,Oligo MOG OPALIN,0.7605455617244065
GCCGATGTCACATTGG-1,Endo CLDN5 IL1R1,0.038602235790482345
GCCGATGTCGAGTGAG-1,Endo CLDN5 SLC7A5,0.0858764453719578
GCCGTGACACATCATG-1,Endo CLDN5 SLC7A5,0.44267766158181604
GCCGTGACACTCATAG-1,Endo CLDN5 SLC7A5,0.7617305466154245
GCCTGTTAGTCATGAA-1,Endo CLDN5 SLC7A5,0.8703935775450964
GCCTGTTTCACTCGAA-1,Oligo MOG OPALIN,0.7636506004695094
GCCTGTTTCCGCACTT-1,Oligo MOG OPALIN,0.9999771144222089
GCCTGTTTCTGCGATA-1,Endo CLDN5 SLC7A5,0.44135212426780757
GCGAGAACAACGTTAC-1,Endo CLDN5 SLC7A5,0.04348405200160355
GCGAGAACACAGAGAC-1,Astro AQP4 SLC1A2,0.2350075746756974
GCGAGAAGTGTTTCTT-1,OPC PDGFRA PCDH15,0.9999999999698512
GCGAGAATCAAACGAA-1,L2-3 CUX2 NTNG1 PALMD,0.024111231351268914
GCGAGAATCCTTCACG-1,Endo CLDN5 SLC7A5,0.10721292555140446
GCGATCGAGGAAAGAC-1,Oligo MOG OPALIN,0.9999997287884269
GCGATCGCAATGACCT-1,L6 OPRK1 THEMIS RGS6,0.3266854755470659
GCGATCGGTGCAACAG-1,Endo CLDN5 SLC7A5,0.6289283333277814
GCGATCGGTGCGAGTA-1,Astro GFAP AQP1,0.9984754626160143
GCGATCGTCATCGACA-1,L3-5 RORB PCBP3 IL1RAPL2,0.019328193557329322
GCGATCGTCCTACGGG-1,Endo CLDN5 SLC7A5,0.6062931341710444
GCGATCGTCGAAACAA-1,Endo CLDN5 SLC7A5,0.8313353859562181
GCGATCGTCTAGTGTG-1,Oligo MOG OPALIN,0.9999841873192161
GCGGAAAAGATAGTCA-1,Astro AQP4 SLC1A2,0.9997696888963296
GCGGAAAAGCTGCCTG-1,Oligo MOG OPALIN,0.9999555282718173
GCGGAAAAGTGATGGC-1,L2-3 CUX2 ACVR1C THSD7A,0.9986338716821938
GCGGAAACAATCGTCA-1,Endo CLDN5 SLC7A5,0.9353755271204706
GCGGAAAGTTAAGTCC-1,L2-3 CUX2 NTNG1 PALMD,0.2153035452092469
GCGGATCAGCCTCGTG-1,Endo CLDN5 SLC7A5,0.27600752929269434
GCGGATCCAGAGAGGG-1,Oligo MOG OPALIN,0.9999983060056316
GCGGATCGTAGGTTTC-1,Endo CLDN5 SLC7A5,0.06034114544051714
GCGGATCTCCCAGTGG-1,L6 OPRK1 THEMIS RGS6,0.46745835585405754
GCGTGCAAGAACCGCA-1,L2-3 CUX2 NTNG1 PALMD,0.23992404395627964
GCGTGCAAGCGTTGTT-1,L3-5 RORB MKX GRIN3A,0.42652875274875834
GCGTGCACACACCGAC-1,Oligo MOG OPALIN,0.8446141028103582
GCGTGCACACCTGAAT-1,L3-5 RORB MKX GALR1,0.43138493680227885
GCGTGCACACGCGCAT-1,Endo CLDN5 SLC7A5,0.13191296052068716
GCGTGCACATCCGGCA-1,L6 OPRK1 THEMIS RGS6,0.9922398103430936
GCGTGCAGTATAGGGC-1,Oligo MOG OPALIN,0.9999715297421097
GCGTTTCCAGTAACAA-1,PC P2RY14 GRM8,0.3161918350397984
GCGTTTCGTCTTGAGT-1,L2-3 CUX2 NTNG1 PALMD,0.39460512523941543
GCGTTTCTCCATCTAT-1,Endo CLDN5 SLC7A5,0.4620364737274716
GCGTTTCTCTACTATC-1,L2-3 CUX2 ACVR1C INHBA,0.11238934246648381
GCGTTTCTCTTGGAAC-1,Endo CLDN5 SLC7A5,0.9993525464833661
GCTACAAAGCTAATCC-1,Endo CLDN5 SLC7A5,0.6771738703411555
GCTACAAAGGCCTGAA-1,Micro P2RY12 GLDN,0.09517526636451482
GCTACAAAGTAACCTC-1,Astro AQP4 SLC1A2,0.9999053652470885
GCTACAACACACCTAA-1,Oligo MOG OPALIN,0.08901082409918598
GCTACCTAGCACCGTC-1,InN VIP EXPH5,0.17968419389136722
GCTACCTAGCTAATGA-1,Endo CLDN5 SLC7A5,0.23011147960166328
GCTACCTCAAACTGCT-1,Oligo MOG OPALIN,0.9999998430023058
GCTACCTGTAATCAAG-1,Astro AQP4 SLC1A2,0.9999749743110071
GCTACCTGTGTGTGTT-1,Endo CLDN5 SLC7A5,0.7517025806361582
GCTCAAAAGCATCTTG-1,L2-3 CUX2 NTNG1 COL5A2,0.202439439622845
GCTCAAAAGGTAGCAC-1,Oligo MOG OPALIN,0.9089225826140542
GCTCAAAAGTCAGCCC-1,SMC ACTA2 CNN1,0.9992822951747876
GCTCAAACAGTTCCAA-1,Endo CLDN5 SLC7A5,0.2214784452923553
GCTCAAAGTGGGCTCT-1,InN SST TRPC7,0.059733662111868806
GCTGAATAGGAATCGC-1,Endo CLDN5 SLC7A5,0.05855483218513036
GCTGAATCAGTCTGGC-1,Astro GFAP FABP7,0.20669016963931985
GCTGAATCATCACCAA-1,Oligo MOG OPALIN,0.14243922571503312
GCTGAATGTACACTCA-1,Oligo MOG OPALIN,0.23750371971073148
GCTGAATGTATGGTTC-1,Endo CLDN5 SLC7A5,0.4497478772351243
GCTGAATGTCAAAGCG-1,Micro P2RY12 APBB1IP,0.7134761796882735
GCTGAATGTCATCCGG-1,Endo CLDN5 SLC7A5,0.7807890205980517
GCTGAATTCACGAACT-1,InN SST FREM1,0.752350868226848
GCTGAATTCATAGCAC-1,OPC PDGFRA PCDH15,0.9981800824824246
GCTGAATTCTACGGTA-1,Endo CLDN5 SLC7A5,0.059975347051614544
GCTGCAGCAGAGCTAG-1,Oligo MOG OPALIN,0.18585469056135906
GCTGCAGCAGAGTCAG-1,L2-4 CUX2 RORB CLMN,0.08798761552799587
GCTGCAGGTACGGCAA-1,Endo CLDN5 SLC7A5,0.5139454411004709
GCTGCAGGTGCGCTCA-1,Oligo MOG OPALIN,0.3079980054131124
GCTGCAGGTGTTGCCG-1,Endo CLDN5 SLC7A5,0.10682482640791051
GCTGGGTAGTAACCGG-1,Endo CLDN5 SLC7A5,0.08722090839150196
GCTGGGTAGTATGTAG-1,Endo CLDN5 IL1R1,0.26657755552363155
GCTGGGTCATGGGATG-1,Oligo MOG OPALIN,0.4550571120375874
GCTGGGTGTCAAAGCG-1,PC P2RY14 GRM8,0.03547020464838944
GCTGGGTGTGTAGTGG-1,Oligo MOG OPALIN,0.5481712613557322
GCTGGGTTCTTGGATG-1,Oligo MOG OPALIN,0.9999851204529584
GCTTCACAGGTTACCT-1,Oligo MOG OPALIN,0.12031692508899347
GCTTCACCACACCTAA-1,Oligo MOG OPALIN,0.7970960894497093
GCTTCACCATACTGTG-1,Endo CLDN5 SLC7A5,0.22027074459074508
GCTTCACCATTATGCG-1,InN LAMP5 BMP7,0.4165329919144664
GCTTCACTCAAGAGGC-1,Endo CLDN5 SLC7A5,0.8883337483601774
GCTTCACTCCCAATAG-1,L2-3 CUX2 NTNG1 PLCH1,0.06068394258521249
GCTTCACTCCGATGTA-1,Endo CLDN5 SLC7A5,0.48652409681085357
GCTTGGGAGGTCATAA-1,Endo CLDN5 SLC7A5,0.8199836117938651
GCTTGGGGTAATTGGA-1,Oligo MOG OPALIN,0.5650954992673403
GCTTGGGGTTGCATGT-1,Astro AQP4 SLC1A2,0.8295602857904133
GCTTTCGAGATCACTC-1,Oligo MOG OPALIN,0.5185370252855002
GCTTTCGAGGTAACTA-1,L2-3 CUX2 NTNG1 PALMD,0.1458851614743531
GCTTTCGCAGGTACGA-1,Oligo MOG OPALIN,0.9999908592526185
GCTTTCGGTCTTACTT-1,Oligo MOG OPALIN,0.6062264929693004
GCTTTCGTCGAGCTGC-1,L2-4 CUX2 RORB CLMN,0.8781917311059609
GCTTTCGTCGGAATGG-1,Micro P2RY12 GLDN,0.1582866663549222
GCTTTCGTCTCTATGT-1,Micro P2RY12 APBB1IP,0.02700017432371124
GGAACCCAGGAGTCTG-1,Astro AQP4 SLC1A2,0.9996853417359977
GGAACCCCAGAAACCG-1,Oligo MOG OPALIN,0.9907546518712073
GGAACCCGTGCAGGAT-1,L2-4 CUX2 RORB CLMN,0.2506217525932756
GGAACCCTCGGACCAC-1,Oligo MOG OPALIN,0.9742020067232992
GGAAGTGAGGCGACAT-1,Endo CLDN5 SLC7A5,0.6025816878870784
GGAAGTGAGGCTGGAT-1,Endo CLDN5 SLC7A5,0.03760311507005144
GGAAGTGAGTATGAAC-1,InN PVALB SNTB1,0.04723038289382032
GGAAGTGCATAGGTAA-1,InN SST STK32A,0.999652830312741
GGAAGTGCATCTCATT-1,Endo CLDN5 SLC7A5,0.90474296899955
GGAAGTGGTAGCTGTT-1,Endo CLDN5 SLC7A5,0.47270659462593795
GGAAGTGTCACGATAC-1,Endo CLDN5 SLC7A5,0.9870239644921203
GGAAGTGTCCTTCTTC-1,L6 OPRK1 THEMIS RGS6,0.7869402466114921
GGAAGTGTCTCCCATG-1,Endo CLDN5 SLC7A5,0.19526809813258997
GGAAGTGTCTCTCTTC-1,Endo CLDN5 SLC7A5,0.7629360091906727
GGAATCTAGCCTCTGG-1,PC P2RY14 GRM8,0.14165807307410158
GGAATCTGTTAACAGA-1,Endo CLDN5 SLC7A5,0.2031911979431671
GGAATCTGTTAAGAAC-1,Endo CLDN5 SLC7A5,0.9262597579664033
GGAATCTTCTCACCCA-1,L3-5 RORB GABRG1 KCNH7,0.022358765679640548
GGAATCTTCTCCATAT-1,Endo CLDN5 SLC7A5,0.9955445315061289
GGAATGGAGTTGCGAG-1,Oligo MOG OPALIN,0.9995874134988758
GGAATGGCATGGCCAC-1,Oligo MOG GSN,0.9703962078815855
GGAATGGGTAATGATG-1,Endo CLDN5 SLC7A5,0.381270932145164
GGAATGGTCTCTTCAA-1,Endo CLDN5 SLC7A5,0.6101842408567356
GGACGTCCAGACCTGC-1,Endo CLDN5 SLC7A5,0.9592694559658116
GGACGTCTCCAACCAA-1,InN SST FREM1,0.9967699192459609
GGACGTCTCCATTTGT-1,Oligo MOG GSN,0.9999299345957939
GGACGTCTCGGTCACG-1,Endo CLDN5 SLC7A5,0.924693032728608
GGACGTCTCTGACAGT-1,Endo CLDN5 SLC7A5,0.8158823789096299
GGACGTCTCTTAATCC-1,Endo CLDN5 SLC7A5,0.3730646642000747
GGAGAACCAGGTCCCA-1,L2-3 CUX2 ACVR1C INHBA,0.43865662648695325
GGAGAACGTGCACAAG-1,Endo CLDN5 SLC7A5,0.6354869887271317
GGAGAACGTGCTGCAC-1,Endo CLDN5 SLC7A5,0.9217306157133763
GGAGAACTCGCTAAAC-1,Endo CLDN5 SLC7A5,0.9167471673086492
GGAGATGAGAGAGAAC-1,Endo CLDN5 SLC7A5,0.9591361614558546
GGAGCAAAGACGATAT-1,Endo CLDN5 SLC7A5,0.21230660853063438
GGAGCAAAGCTACTGT-1,L2-3 CUX2 NTNG1 PALMD,0.15669902871718602
GGAGCAAGTTGGGATG-1,Endo CLDN5 SLC7A5,0.5222526316105411
GGAGGATAGGGCCCTT-1,Oligo MOG OPALIN,0.8940604076678151
GGAGGATGTCCTACAA-1,L2-3 CUX2 NTNG1 PLCH1,0.019458459837913826
GGAGGATTCATTTCGT-1,Endo CLDN5 SLC7A5,0.9128720126206097
GGAGGATTCCAGCAAT-1,Endo CLDN5 SLC7A5,0.5542917468399272
GGAGGATTCGCTCATC-1,Endo CLDN5 SLC7A5,0.06634557803849185
GGAGGATTCTACCAGA-1,Oligo MOG OPALIN,0.3705330842773236
GGAGGTAAGTATGATG-1,Oligo MOG OPALIN,0.996811824853358
GGAGGTACATCCGGCA-1,OPC PDGFRA PCDH15,0.9999999999999949
GGAGGTAGTACGCTAT-1,InN SST HTR2C,0.11447114973351172
GGAGGTAGTGTCGATT-1,Oligo MOG OPALIN,0.501730259982214
GGAGGTATCATTGGTG-1,Endo CLDN5 SLC7A5,0.7269916089305509
GGATCTAAGCAACCAG-1,Micro P2RY12 APBB1IP,0.9973984759894373
GGATCTAGTGTTAAAG-1,L6 OPRK1 THEMIS RGS6,0.09867866970025423
GGATCTAGTTGTACGT-1,Micro P2RY12 APBB1IP,0.9711087853811687
GGATCTATCGTCAAAC-1,L2-3 CUX2 NTNG1 PALMD,0.1655737701843427
GGATGTTCAAAGGCGT-1,Micro P2RY12 APBB1IP,0.9937120023633408
GGATGTTCATAACAGA-1,InN LAMP5 RELN,0.9999022878845868
GGCACGTCAGCTTCCT-1,Oligo MOG OPALIN,0.23086112902610373
GGCACGTGTCAACCAT-1,Endo CLDN5 SLC7A5,0.4416442472316007
GGCACGTGTCGAACGA-1,Oligo MOG OPALIN,0.8431711996353295
GGCACGTGTGTGACCC-1,L2-3 CUX2 ACVR1C THSD7A,0.9992736922556762
GGCACGTGTTCAAACC-1,Oligo MOG OPALIN,0.17232103734606416
GGCACGTTCCGTATAG-1,L2-3 CUX2 NTNG1 PALMD,0.058238011627519896
GGCAGTCAGGGCAGGA-1,L2-4 CUX2 RORB CLMN,0.025342416828476766
GGCAGTCAGTTTCGAC-1,L6 OPRK1 SMYD1 SNTB1,0.0225411206527445
GGCAGTCCAAAGGATT-1,Micro P2RY12 APBB1IP,0.14795147515544407
GGCAGTCCAACTCCCT-1,Oligo MOG OPALIN,0.9952806627375625
GGCAGTCCAATAGGAT-1,Oligo MOG OPALIN,0.43095111275167036
GGCGTCAAGGCATGCA-1,L2-3 CUX2 NTNG1 PALMD,0.1918799225548535
GGCGTCACAAGTTCGT-1,L2-3 CUX2 ACVR1C INHBA,0.09367094811060678
GGCGTCACAATAACGA-1,Endo CLDN5 SLC7A5,0.48702954796750747
GGCGTCACAGCACGAA-1,L2-3 CUX2 NTNG1 PALMD,0.09578098690523798
GGCGTCACAGGTCTCG-1,Endo CLDN5 SLC7A5,0.9861642712478561
GGCTGTGAGGGCAACT-1,Astro AQP4 SLC1A2,0.9996871995294978
GGCTGTGCACCAGACC-1,L6 OPRK1 THEMIS RGS6,0.7176735571715241
GGCTGTGGTAGAATGT-1,Endo CLDN5 SLC7A5,0.9912358740504628
GGCTGTGGTCCACGCA-1,Astro AQP4 SLC1A2,0.9435633226215293
GGCTTGGAGCGCGTTC-1,L2-3 CUX2 NTNG1 PALMD,0.3030218219069319
GGCTTGGCAACTTCTT-1,Oligo MOG OPALIN,0.9978096325975301
GGCTTGGGTAAGATTG-1,Astro AQP4 SLC1A2,0.9999991890056181
GGCTTGGGTACATTGC-1,Endo CLDN5 SLC7A5,0.8422637370356293
GGCTTGGTCAGCTGAT-1,L2-3 CUX2 NTNG1 COL5A2,0.02072254812373881
GGCTTTCAGGTGGGTT-1,Micro P2RY12 APBB1IP,0.8109051890503628
GGCTTTCAGTGCTAGG-1,Oligo MOG OPALIN,0.4283760404580412
GGCTTTCCACAAAGTA-1,L2-3 CUX2 NTNG1 PALMD,0.03816164634196005
GGCTTTCTCCAATCTT-1,L2-3 CUX2 NTNG1 PALMD,0.08772546003499479
GGCTTTCTCTCTCCGA-1,Endo CLDN5 SLC7A5,0.4835092648408959
GGGAAGTAGGGTACGT-1,Endo CLDN5 SLC7A5,0.9115176741568808
GGGAAGTGTCCACAGC-1,Endo CLDN5 SLC7A5,0.8171085206946369
GGGAAGTTCGTTCTAT-1,Endo CLDN5 SLC7A5,0.7371999077663506
GGGACAACAAATGCGG-1,Astro GFAP AQP1,0.9997877244819666
GGGACCTAGGTCGTCC-1,Oligo MOG OPALIN,0.1258615835269236
GGGACCTCAGCTCTGG-1,Astro GFAP AQP1,0.14619549634544737
GGGACCTGTTGTATGC-1,Endo CLDN5 SLC7A5,0.40730390649208054
GGGACCTTCGCAGATT-1,Astro AQP4 SLC1A2,0.9998964329255716
GGGACTCAGACCAACG-1,Oligo MOG OPALIN,0.7327768233156887
GGGACTCAGACTTGTC-1,Micro P2RY12 APBB1IP,0.9972238925068878
GGGACTCCAATATCCG-1,Oligo MOG GSN,0.06581455906848531
GGGACTCGTTGCATGT-1,Endo CLDN5 SLC7A5,0.8749755217859705
GGGACTCTCACAACCA-1,Oligo MOG OPALIN,0.9976309034806676
GGGACTCTCCCAGCGA-1,Oligo MOG OPALIN,0.9488062949726858
GGGAGATGTATCAGCT-1,Astro AQP4 SLC1A2,0.9960071620935271
GGGAGATGTATCGCAT-1,InN SST PLPP4,0.02578632091618175
GGGAGATTCGCTGTTC-1,Astro AQP4 SLC1A2,0.999629030363908
GGGAGATTCTGTCTCG-1,Astro GFAP AQP1,0.058496179480707206
GGGAGTATCAGTAGGG-1,PC P2RY14 GRM8,0.5346186637753152
GGGATCCAGTATGGCG-1,Micro P2RY12 APBB1IP,0.9844529316981464
GGGATCCCACTGTCGG-1,Endo CLDN5 SLC7A5,0.7500663173124954
GGGATCCCAGGTGGAT-1,Oligo MOG OPALIN,0.4659429968914758
GGGATCCGTGTCCATA-1,Astro GFAP AQP1,0.04559828736542285
GGGATCCTCCGCTGTT-1,Oligo MOG OPALIN,0.9966301225944685
GGGATCCTCGCTTAAG-1,Oligo MOG OPALIN,0.6411036472793606
GGGATGAAGAGCATCG-1,Oligo MOG OPALIN,0.9893788294882219
GGGATGAAGTACTCGT-1,PC P2RY14 GRM8,0.10390228313215272
GGGATGAGTGCCGAAA-1,Endo CLDN5 SLC7A5,0.0761100904488941
GGGATGAGTTAGGACG-1,Micro P2RY12 APBB1IP,0.71259966591562
GGGATGATCATTCGTT-1,Endo CLDN5 SLC7A5,0.10254878553381298
GGGATGATCCATCTCG-1,Astro AQP4 SLC1A2,0.777682105613515
GGGCCATAGATGCTGG-1,Oligo MOG OPALIN,0.2402873752807315
GGGCCATAGGATTTGA-1,Oligo MOG OPALIN,0.6359217706045339
GGGCCATAGTATAGAC-1,L2-3 CUX2 NTNG1 PALMD,0.29881695806461944
GGGCCATCACATATGC-1,Endo CLDN5 SLC7A5,0.005352692293910401
GGGCCATTCACCTACC-1,Endo CLDN5 SLC7A5,0.050827288223981235
GGGCCATTCAGACTGT-1,L2-3 CUX2 NTNG1 PLCH1,0.5562597241934938
GGGCCATTCTGAGGTT-1,Oligo MOG OPALIN,0.4332399806289996
GGGCGTTAGATGACAT-1,Oligo MOG OPALIN,0.999958534230372
GGGCGTTAGCACTCGC-1,Endo CLDN5 SLC7A5,0.3358035911124525
GGGCGTTAGCTGTACT-1,Endo CLDN5 SLC7A5,0.8799494522596857
GGGCGTTAGTACGAGC-1,L5-6 FEZF2 NXPH2 SORCS3,0.26208607435539505
GGGCGTTCAAGTCGTT-1,Endo CLDN5 SLC7A5,0.30634477820377176
GGGCGTTCACGTACAT-1,Astro AQP4 SLC1A2,0.9994107723665275
GGGCGTTCAGTTTCAG-1,InN SST FREM1,0.049247931996763986
GGGCGTTCATGAGTAA-1,Astro GFAP AQP1,0.791236642927359
GGGCGTTGTAGCTTGT-1,Oligo MOG OPALIN,0.861542121963496
GGGCGTTGTCCATACA-1,InN SST STK32A,0.02895885199719934
GGGCGTTGTGGGTATG-1,Oligo MOG OPALIN,0.999738579915357
GGGCGTTTCCGTATAG-1,Astro GFAP FABP7,0.9973090875862661
GGGCGTTTCTAGTCAG-1,Oligo MOG OPALIN,0.9999985834323286
GGGCTACAGCTACTGT-1,Micro P2RY12 APBB1IP,0.9991446198472187
GGGCTACCAAGTATCC-1,Astro GFAP FABP7,0.04071241413234948
GGGCTACCAGCATCTA-1,Oligo MOG OPALIN,0.7493278736530833
GGGCTACTCACAGAGG-1,Astro AQP4 SLC1A2,0.5706295984635104
GGGCTACTCCCGAGTG-1,L6 OPRK1 THEMIS RGS6,0.28637415462004523
GGGCTACTCGAGTCTA-1,Astro AQP4 SLC1A2,0.9639953062728706
GGGCTACTCGCTGTTC-1,Endo CLDN5 SLC7A5,0.10725733611794115
GGGCTCACATTACTCT-1,Endo CLDN5 SLC7A5,0.21579448554118888
GGGCTCAGTTCCGTTC-1,Endo CLDN5 SLC7A5,0.8067435681957326
GGGCTCAGTTGCTAGT-1,L2-3 CUX2 NTNG1 PALMD,0.9854491134053325
GGGCTCATCATGTCTT-1,Oligo MOG GSN,0.0695416668069382
GGGTAGACAAAGCTAA-1,Astro GFAP AQP1,0.033969623306215974
GGGTAGACACCATAAC-1,SMC ACTA2 CRISPLD2,0.16952891368063122
GGGTAGACACTTGGGC-1,Astro AQP4 SLC1A2,0.9999982950667194
GGGTAGAGTCCACGCA-1,Oligo MOG OPALIN,0.8175199287798036
GGGTAGATCAGCTCTC-1,Oligo MOG OPALIN,0.9999733813471009
GGGTATTAGCATCGAG-1,Endo CLDN5 SLC7A5,0.939504685750247
GGGTATTAGCTGGCCT-1,Astro GFAP AQP1,0.9993712931183106
GGGTATTGTACCGCGT-1,Endo CLDN5 SLC7A5,0.9890825399976797
GGGTATTGTATCCCTC-1,Oligo MOG OPALIN,0.7297824405502231
GGGTATTGTGACGTCC-1,OPC PDGFRA PCDH15,0.11348260766986822
GGGTATTGTGTCCAAT-1,Oligo MOG GSN,0.9998801415104879
GGGTATTGTTCGGCCA-1,Oligo MOG GSN,0.21918553073361893
GGGTATTTCGAAGCAG-1,Oligo MOG OPALIN,0.9970708054112737
GGGTCACAGGCTAACG-1,L2-3 CUX2 NTNG1 PALMD,0.0760125414096432
GGGTCACGTCGCGTCA-1,Oligo MOG OPALIN,0.9999525288900413
GGGTCACTCCTCGCAT-1,InN SST PLPP4,0.201089731344755
GGGTCACTCGCCTATC-1,Endo CLDN5 IL1R1,0.023955020378999804
GGGTCACTCTCAATCT-1,Astro AQP4 SLC1A2,0.4357745910447659
GGGTCACTCTTTCCGG-1,Astro GFAP AQP1,0.24652840068453002
GGGTCTGAGAACAGGA-1,InN SST ADAMTSL1,0.018310332631559154
GGGTCTGAGAGTTCGG-1,Endo CLDN5 SLC7A5,0.1647217422891495
GGGTCTGAGGGCCAAT-1,L6 FEZF2 SYT6 CDH9,0.030835054174274575
GGGTCTGAGGTAACTA-1,L6 OPRK1 SMYD1 SNTB1,0.036504347599774035
GGGTCTGCAGAGTCAG-1,Oligo MOG OPALIN,0.3734588629009794
GGGTCTGTCCAAGGGA-1,L2-3 CUX2 NTNG1 COL5A2,0.032583203688363226
GGGTCTGTCCGCAACG-1,L2-3 CUX2 ACVR1C INHBA,0.019253292076637417
GGGTGAAAGAGAGAAC-1,Endo CLDN5 SLC7A5,0.91534971958806
GGGTGAAAGCGATGGT-1,Oligo MOG OPALIN,0.2855846627464643
GGGTGAACATCCTTGC-1,InN VIP CLSTN2,0.025020147781656576
GGGTGAACATTAGGCT-1,Oligo MOG FRY,0.008858827702881898
GGGTGAATCATGCCCT-1,InN SST HS3ST5,0.08448881338941922
GGGTGTCAGCAACAGC-1,Endo CLDN5 SLC7A5,0.8015299386389956
GGGTGTCAGCAAGGAA-1,Astro GFAP FABP7,0.005958769339283861
GGGTGTCAGCTGACCC-1,Endo CLDN5 SLC7A5,0.47586878148258044
GGGTGTCCAAGGACAC-1,Astro AQP4 SLC1A2,0.9282189972550529
GGGTGTCCAATACCCA-1,Micro P2RY12 APBB1IP,0.9984917893211568
GGGTGTCGTACGATTC-1,Astro AQP4 SLC1A2,0.12782750120032646
GGGTGTCGTTAGTCGT-1,Endo CLDN5 SLC7A5,0.043272296908707465
GGGTGTCGTTGCGTAT-1,Oligo MOG OPALIN,0.9990519603384663
GGGTGTCTCACTGAAC-1,InN SST PLPP4,0.09496064328770432
GGGTGTCTCAGACTGT-1,L2-3 CUX2 NTNG1 PALMD,0.38939666435233056
GGGTTATCAATAGTGA-1,Endo CLDN5 SLC7A5,0.9386714839952452
GGGTTATCAGTAGATA-1,Endo CLDN5 SLC7A5,0.25653678919455836
GGGTTATCATCTTCGC-1,Oligo MOG GSN,0.5508305865831773
GGGTTATGTAGACAAT-1,Astro GFAP AQP1,0.2066850761546986
GGGTTATGTCCCACGA-1,Oligo MOG OPALIN,0.9945361234303173
GGGTTATGTCGGCTAC-1,Oligo MOG OPALIN,0.04253328703451331
GGGTTATTCGGTGAAG-1,Astro GFAP AQP1,0.9999292519689441
GGGTTTACATGGAGAC-1,InN SST TRPC7,0.5390255630721135
GGGTTTATCCTGCTAC-1,InN PVALB ANOS1,0.18930069739650668
GGGTTTATCGATTTCT-1,Oligo MOG OPALIN,0.15994816739959078
GGGTTTATCGTTAGAC-1,Endo CLDN5 SLC7A5,0.8291082267647268
GGTAACTAGTGGCGAT-1,L2-3 CUX2 NTNG1 COL5A2,0.1669154933639834
GGTAACTCACAATGAA-1,Endo CLDN5 SLC7A5,0.8709597118797916
GGTAACTCAGAGAGGG-1,Endo CLDN5 SLC7A5,0.7217440730232915
GGTAACTCAGCGTAGA-1,Astro GFAP AQP1,0.03202078529467279
GGTAACTCAGGTTTAC-1,Oligo MOG OPALIN,0.9999984654634211
GGTAATCAGGCGATAC-1,Endo CLDN5 SLC7A5,0.8189274486222
GGTAATCAGTCGTCTA-1,Endo CLDN5 SLC7A5,0.06759484800042814
GGTAATCGTTCTCCTG-1,Endo CLDN5 SLC7A5,0.5606849570004804
GGTAATCGTTTCCATT-1,L2-3 CUX2 NTNG1 PALMD,0.02628998406048789
GGTAATCTCAGGAGAC-1,Astro AQP4 SLC1A2,0.9999836769010239
GGTAGAGAGAGGCCAT-1,Astro GFAP FABP7,0.9805085369408539
GGTAGAGAGCAGGCAT-1,Oligo MOG OPALIN,0.9998891964632758
GGTAGAGAGTATGACA-1,Endo CLDN5 SLC7A5,0.05959683754184728
GGTAGAGCATCTGTTT-1,Astro AQP4 SLC1A2,0.9999927980066198
GGTAGAGGTAGTCTGT-1,L6 OPRK1 THEMIS RGS6,0.36592216463065114
GGTAGAGGTCCGGACT-1,Endo CLDN5 SLC7A5,0.0581243595082267
GGTAGAGGTGTTATCG-1,L6 OPRK1 THEMIS RGS6,0.8765277488275893
GGTCACGAGATGTTGA-1,L3-5 RORB GABRG1 KCNH7,0.6307403715932915
GGTCACGAGCAAGTCG-1,Oligo MOG OPALIN,0.9259697624665284
GGTCTGGAGAAGTGTT-1,Oligo MOG OPALIN,0.9939043123167836
GGTCTGGAGCCATCCG-1,L5-6 FEZF2 NXPH2 GPC5,0.5316475804167701
GGTCTGGAGCGATGCA-1,Micro P2RY12 APBB1IP,0.9606871243576922
GGTCTGGAGGGTTTCT-1,Astro GFAP AQP1,0.32375644917472496
GGTCTGGCAAAGCAAT-1,Oligo MOG GSN,0.7831201673761723
GGTCTGGCAATGCAAA-1,Endo CLDN5 SLC7A5,0.36808210636371375
GGTCTGGTCGGTCTGG-1,L6 OPRK1 THEMIS RGS6,0.6782158998120266
GGTGAAGCACGGGCTT-1,Oligo MOG OPALIN,0.03139541591613741
GGTGAAGTCAGATTGC-1,Endo CLDN5 SLC7A5,0.05419464995884557
GGTGATTCACGTTGGC-1,Endo CLDN5 SLC7A5,0.6748487478579331
GGTGATTCATTGACAC-1,Endo CLDN5 SLC7A5,0.9460080369954094
GGTGATTGTCCCAAAT-1,Endo CLDN5 SLC7A5,0.7077238689464005
GGTGATTTCCCACAGG-1,Endo CLDN5 SLC7A5,0.11561679499631426
GGTGGCTAGCGTGCCT-1,Oligo MOG OPALIN,0.995878904582666
GGTGGCTCAGTCGCAC-1,Endo CLDN5 SLC7A5,0.05130353759652772
GGTGGCTTCGGCTTGG-1,Oligo MOG OPALIN,0.9775175427431185
GGTGGCTTCTCACTCG-1,L2-3 CUX2 NTNG1 PALMD,0.40170230904199067
GGTGTCGCACGACGCT-1,Oligo MOG OPALIN,0.9848242927669364
GGTGTCGTCGAGCTGC-1,Endo CLDN5 SLC7A5,0.22288791600168278
GGTGTTAAGACTGTTC-1,Micro P2RY12 APBB1IP,0.9958127912140937
GGTGTTAAGTGGCCTC-1,L2-3 CUX2 NTNG1 PALMD,0.2882520716613972
GGTGTTACAAGTGGAC-1,InN SST HTR2C,0.42216761578245676
GGTGTTACAGAGTCAG-1,Micro P2RY12 APBB1IP,0.9723881982991082
GGTGTTAGTGCATGTT-1,Micro P2RY12 APBB1IP,0.7657174664210232
GGTGTTATCGACACTA-1,Endo CLDN5 SLC7A5,0.9978406215151563
GGTGTTATCTCCCAAC-1,Oligo MOG OPALIN,0.4042809937665456
GGTTAACGTACAAGTA-1,L2-3 CUX2 NTNG1 COL5A2,0.08724397598872367
GGTTAACGTTAATCGC-1,Endo CLDN5 SLC7A5,0.9972166106065601
GGTTAACTCGGAGTGA-1,Endo CLDN5 IL1R1,0.0176067037756076
GGTTAACTCTAACACG-1,Endo CLDN5 SLC7A5,0.3331846066629274
GGTTAACTCTGCTAGA-1,Astro AQP4 SLC1A2,0.9999360678246724
GGTTAACTCTTAGCTT-1,L3-5 RORB GABRG1 PTPRO,0.06976089797808313
GGTTCTCAGCTCGAAG-1,Oligo MOG GSN,0.9999991992189066
GGTTCTCCACCCAACG-1,Endo CLDN5 SLC7A5,0.11963977707897763
GGTTCTCTCCACCTCA-1,Oligo MOG OPALIN,0.23960993117204216
GGTTGTAAGATAGTGT-1,L2-3 CUX2 ACVR1C INHBA,0.03471985841354559
GGTTGTAAGCCATATC-1,L6 FEZF2 NPFFR2 TPD52L1,0.0026219789808473357
GGTTGTACACGTGAGA-1,Oligo MOG OPALIN,0.642147365764144
GGTTGTAGTGTTTCTT-1,L3-5 RORB GABRG1 PTPRO,0.0971281234547503
GTAACACAGCACAAAT-1,Oligo MOG OPALIN,0.9996814972947944
GTAACACCAATTCACG-1,L6 OPRK1 SMYD1 SNTB1,0.019085191317831
GTAACACCACTGTTCC-1,L2-4 CUX2 RORB CLMN,0.0061750471089754766
GTAACACCAGCAGGAT-1,Astro GFAP AQP1,0.9984999914073334
GTAACACGTGATAGAT-1,Micro P2RY12 APBB1IP,0.9873601628379741
GTAACACTCCGAAGGA-1,Oligo MOG GSN,0.9999992150387311
GTAACCAGTCGACTGC-1,Endo CLDN5 SLC7A5,0.23122991267870874
GTAACCATCGCTTGCT-1,Astro GFAP AQP1,0.020637830092708764
GTAAGTCAGACCATGG-1,L2-3 CUX2 NTNG1 PALMD,0.4092785633673726
GTAAGTCCAACTTGGT-1,Oligo MOG OPALIN,0.5031660838977344
GTAAGTCCAATCGCCG-1,Micro P2RY12 APBB1IP,0.9840430953902324
GTAAGTCCATAATCCG-1,InN SST ADAMTSL1,0.0283037088902558
GTAAGTCGTGATAGTA-1,OPC PDGFRA PCDH15,0.021587614849247976
GTAAGTCTCGCCAATA-1,L3-5 RORB GABRG1 KCNH7,0.3239835336472088
GTAATCGAGGTTCCGC-1,Endo CLDN5 SLC7A5,0.028723322682511914
GTAATCGAGTCTCCTC-1,InN LAMP5 LHX6 PROX1,0.035661518029352926
GTAATCGCAGACGCTC-1,Endo CLDN5 SLC7A5,0.26097457613896347
GTAATCGGTAGATCCT-1,Oligo MOG OPALIN,0.04802062233348695
GTAATCGGTCTTCATT-1,Oligo MOG OPALIN,0.2570478624892946
GTAATCGGTGGGATTG-1,L2-3 CUX2 NTNG1 PALMD,0.04044551204048711
GTAATCGTCTAGTGAC-1,L6 OPRK1 THEMIS RGS6,0.7771292833115283
GTAATGCAGATGCTGG-1,Oligo MOG OPALIN,0.9709854558860099
GTAATGCAGTCATACC-1,Endo CLDN5 SLC7A5,0.9622663784161956
GTAATGCAGTTCGGTT-1,Oligo MOG OPALIN,0.1136089391793504
GTAATGCCAGCAGACA-1,Endo CLDN5 SLC7A5,0.8577670960067774
GTAATGCCATTGAGGG-1,Oligo MOG OPALIN,0.9482431769636364
GTAATGCGTAAGGAGA-1,Oligo MOG OPALIN,0.14097718696141956
GTAATGCGTCAACCAT-1,Endo CLDN5 SLC7A5,0.24573799653133294
GTAATGCGTCGTTATG-1,Astro AQP4 SLC1A2,0.9998691493853978
GTAATGCTCACCTCTG-1,L2-3 CUX2 NTNG1 PALMD,0.12224515548715052
GTAATGCTCACGGGAA-1,Endo CLDN5 SLC7A5,0.8364281841306112
GTAATGCTCCACGTGG-1,L2-3 CUX2 ACVR1C THSD7A,0.04522088036468089
GTACAACAGTAGGGTC-1,Astro AQP4 SLC1A2,0.27863551667564807
GTACAACAGTAGTCTC-1,Endo CLDN5 SLC7A5,0.07395972298759965
GTACAACCACGCTGCA-1,Astro GFAP FABP7,0.2645285517868576
GTACAGTAGATTCGAA-1,Oligo MOG OPALIN,0.9948187307682675
GTACAGTAGCTAGTTC-1,T SKAP1 CD247,0.9890703888095355
GTACAGTAGGCGATAC-1,InN SST HS3ST5,0.9996660585016336
GTACAGTAGGTCCTGC-1,Endo CLDN5 SLC7A5,0.6230702504678364
GTACAGTTCCAAGGGA-1,Endo CLDN5 SLC7A5,0.6606590160685806
GTACAGTTCCCGTGTT-1,Endo CLDN5 SLC7A5,0.017332263365163525
GTACAGTTCGGTCACG-1,Oligo MOG OPALIN,0.219031666752427
GTAGAAAAGATACGAT-1,L6 OPRK1 SMYD1 SNTB1,0.0242553318075443
GTAGAAAAGCCTAGGA-1,Oligo MOG OPALIN,0.9803358151905149
GTAGAAATCAAGCTTG-1,Endo CLDN5 SLC7A5,0.021783004846002665
GTAGAGGAGAAACTGT-1,Endo CLDN5 SLC7A5,0.024158726531114123
GTAGAGGAGGGTCAAC-1,Endo CLDN5 SLC7A5,0.24721531033110353
GTAGAGGAGTTGGCGA-1,Endo CLDN5 SLC7A5,0.060547850997102345
GTAGAGGCAACAGAGC-1,Endo CLDN5 SLC7A5,0.014713969622493245
GTAGAGGCAGCAAGAC-1,Oligo MOG OPALIN,0.17518095985930354
GTAGAGGCATGTTTGG-1,PC P2RY14 GRM8,0.9849173330205104
GTAGAGGTCTATCGTT-1,Oligo MOG OPALIN,0.2888357199360185
GTAGATCCATTGTACG-1,Astro GFAP AQP1,0.9953682557164446
GTAGCTATCGCTATTT-1,InN VIP EXPH5,0.9955197729908475
GTAGGAGAGCGTGAGT-1,Oligo MOG OPALIN,0.07082188390630187
GTAGGAGCAGGCTACC-1,Endo CLDN5 SLC7A5,0.5545374215964797
GTAGGAGCATAGGTAA-1,Astro GFAP AQP1,0.04386327710942988
GTAGGAGTCACGACTA-1,Endo CLDN5 SLC7A5,0.7850828182807537
GTAGGTTAGAAGCGGG-1,L3-5 RORB MKX DCC,0.9285098459352256
GTAGGTTAGAGATTCA-1,Endo CLDN5 SLC7A5,0.7834171345305572
GTAGGTTAGGTAGCCA-1,Endo CLDN5 SLC7A5,0.9999948084799575
GTAGGTTGTAGCACAG-1,Astro GFAP FABP7,0.9803240005686976
GTAGGTTTCCGTTTCG-1,L2-3 CUX2 NTNG1 PALMD,0.08159589581913862
GTAGGTTTCTACAGGT-1,L2-3 CUX2 ACVR1C INHBA,0.02175340602406891
GTAGGTTTCTGACCCT-1,Oligo MOG OPALIN,0.43186625514598925
GTAGTACAGCTGGAGT-1,Astro AQP4 SLC1A2,0.14075124105920608
GTAGTACCAACTCCCT-1,Endo CLDN5 SLC7A5,0.25160649670014223
GTAGTACTCAAGCGTT-1,Endo CLDN5 SLC7A5,0.5153380749262042
GTAGTACTCTGGTGCG-1,Endo CLDN5 SLC7A5,0.9305340302443232
GTATTGGAGCGGTATG-1,Endo CLDN5 SLC7A5,0.03025334690366041
GTATTGGAGTGATAAC-1,L6 OPRK1 SMYD1 SNTB1,0.07656906074875805
GTATTGGTCGTTACCC-1,L2-4 CUX2 RORB CLMN,0.34535062359549196
GTATTGGTCTGACAGT-1,L2-4 CUX2 RORB CLMN,0.01984618451035976
GTATTTCAGGTGGGTT-1,Astro GFAP AQP1,0.9999947937723506
GTATTTCGTCCCAAAT-1,L2-3 CUX2 ACVR1C THSD7A,0.9994253989242852
GTATTTCGTGTAACGG-1,Astro GFAP AQP1,0.9980870676600733
GTATTTCTCACGATAC-1,Oligo MOG OPALIN,0.7906442901977249
GTATTTCTCCTTCACG-1,L2-3 CUX2 NTNG1 PLCH1,0.017929297988161303
GTATTTCTCGTCTAAG-1,Oligo MOG OPALIN,0.5729089999866521
GTATTTCTCTCCCATG-1,Endo CLDN5 SLC7A5,0.8708889980105163
GTATTTCTCTCTTGCG-1,Endo CLDN5 SLC7A5,0.8688914711471352
GTCAAACAGCCGCACT-1,InN SST THSD7B,0.9997396858622901
GTCAAACAGGGCATGT-1,Endo CLDN5 SLC7A5,0.9319529982365974
GTCAAACCAGAAGCTG-1,L6 OPRK1 THEMIS RGS6,0.8675160373703028
GTCAAACTCATCACTT-1,L2-3 CUX2 NTNG1 PALMD,0.25535187127999504
GTCAAACTCTATCGTT-1,Oligo MOG OPALIN,0.9999346514446427
GTCAAACTCTGGGATT-1,Astro AQP4 SLC1A2,0.036189418394254706
GTCAAGTCAAGATGGC-1,Astro GFAP FABP7,0.9914675014823793
GTCAAGTGTAGCGTAG-1,Endo CLDN5 SLC7A5,0.6548546445505098
GTCAAGTGTTGAATCC-1,Oligo MOG OPALIN,0.039727915962997754
GTCAAGTTCGAACCTA-1,L6 FEZF2 SYT6 CDH9,0.46236962473529525
GTCAAGTTCTACCTTA-1,Endo CLDN5 SLC7A5,0.03707843445412883
GTCACGGAGACCAACG-1,Astro AQP4 SLC1A2,0.9999509009625197
GTCACGGAGATCGGTG-1,Endo CLDN5 SLC7A5,0.6732593451830212
GTCACGGAGGTATTGA-1,L3-5 RORB GABRG1 KCNH7,0.0893467144850822
GTCACGGAGTCGTTAC-1,OPC PDGFRA PCDH15,0.9999999999999323
GTCACGGAGTTAACGA-1,Oligo MOG OPALIN,0.4904736569767098
GTCACGGGTACTCAAC-1,Oligo MOG OPALIN,0.9958968407649245
GTCACGGGTCGAGTTT-1,L2-3 CUX2 NTNG1 PLCH1,0.0217071098663184
GTCACGGGTGACTGAG-1,Oligo MOG OPALIN,0.954844560231578
GTCACTCAGATGGTCG-1,InN SST FREM1,0.0490723027132747
GTCACTCAGGACAGTC-1,InN SST FREM1,0.1497279544399208
GTCACTCCAAGATCCT-1,Endo CLDN5 SLC7A5,0.13657905220510916
GTCACTCCACGTCGTG-1,Astro GFAP AQP1,0.8634483222173382
GTCACTCGTACAAGTA-1,Endo CLDN5 SLC7A5,0.6996561290059096
GTCACTCGTATCGCGC-1,L2-3 CUX2 ACVR1C THSD7A,0.1132637786769373
GTCAGCGAGTTTGTCG-1,Micro P2RY12 APBB1IP,0.9916353400493733
GTCAGCGCACGTACAT-1,Oligo MOG OPALIN,0.9065861587091127
GTCAGCGCATCCGAGC-1,Astro AQP4 SLC1A2,0.11198223116941648
GTCAGCGGTCTAGATC-1,Astro AQP4 SLC1A2,0.9992624364542794
GTCAGCGGTTGCAAGG-1,InN SST FREM1,0.05603677975616889
GTCAGCGTCATCGCTC-1,OPC PDGFRA PCDH15,0.010963847692173553
GTCATCCAGTGCTCAT-1,Oligo MOG OPALIN,0.9060349431615746
GTCATCCCAATACGCT-1,Astro GFAP AQP1,0.10141952979341509
GTCATCCCACCGAATT-1,L6 FEZF2 SYT6 PTPRT,0.0940773905311076
GTCATCCTCATCACCC-1,Endo CLDN5 SLC7A5,0.8439713159648471
GTCATCCTCCTAGCGG-1,Endo CLDN5 SLC7A5,0.9490693156586474
GTCATGAAGAGCATTA-1,Endo CLDN5 SLC7A5,0.3363911819300098
GTCATGAAGGCTGAAC-1,L6 FEZF2 NPFFR2 KCNK2,0.005387421241989426
GTCATGAAGTCCGCCA-1,Oligo MOG OPALIN,0.16241307885843545
GTCATGACAGCACCCA-1,Oligo MOG OPALIN,0.2709795854516868
GTCATGACATTAGGCT-1,L2-3 CUX2 NTNG1 PALMD,0.09656973399871614
GTCATGAGTGACAACG-1,Oligo MOG OPALIN,0.904056196327785
GTCATGAGTTCCACAA-1,Astro GFAP AQP1,0.07782749745557839
GTCATGATCACTCTTA-1,Oligo MOG OPALIN,0.9974508217349298
GTCATTTAGACGGAAA-1,L3-5 RORB GABRG1 KCNH7,0.08333274606284591
GTCATTTAGCATGATA-1,L2-3 CUX2 NTNG1 COL5A2,0.03854738611509483
GTCATTTAGGATTCCT-1,Oligo MOG OPALIN,0.9999996503271281
GTCATTTAGTGCTACT-1,L3-5 RORB PCBP3 ARHGAP15,0.14901813383943574
GTCATTTCAACAAGAT-1,Oligo MOG OPALIN,0.9999719954766568
GTCATTTCATTGGGAG-1,InN VIP ADAM12,0.17122216269158183
GTCATTTTCCAACCAA-1,L3-5 RORB GABRG1 PLCH1,0.13867291115605979
GTCATTTTCCTGTAGA-1,Endo CLDN5 SLC7A5,0.10802012343985617
GTCCACTAGACCAAGC-1,InN SST FREM1,0.9996892987229323
GTCCACTAGTCATCGT-1,Endo CLDN5 SLC7A5,0.9739030299371019
GTCCACTCAAACTAGA-1,L6 OPRK1 SMYD1 KCND2,0.03169730389459531
GTCCACTCAATGACCT-1,Oligo MOG OPALIN,0.10470715978591881
GTCCACTGTATTAAGG-1,Astro AQP4 SLC1A2,0.6704859746897761
GTCCACTGTGTAACGG-1,Endo CLDN5 SLC7A5,0.9927525479511992
GTCCCATAGACTACGG-1,L2-4 CUX2 RORB CLMN,0.09376680391328676
GTCCCATAGCGATTCT-1,InN SST STK32A,0.9984433731640612
GTCCCATAGGGAGGGT-1,Endo CLDN5 SLC7A5,0.8175961684596652
GTCCCATAGTGACCTT-1,Astro GFAP AQP1,0.024181544882967
GTCCCATGTCGAGTTT-1,InN SST TRPC7,0.3200570389321601
GTCCCATGTCTGTCCT-1,Endo CLDN5 SLC7A5,0.9068071789866553
GTCCCATTCCGTACGG-1,L2-3 CUX2 NTNG1 PALMD,0.08386346721099844
GTCCCATTCCTTCTTC-1,Endo CLDN5 IL1R1,0.15123013797261883
GTCCCATTCTCTTGCG-1,Endo CLDN5 SLC7A5,0.458285944673842
GTCCTCAAGCAATTAG-1,L6 OPRK1 THEMIS RGS6,0.01837657262772563
GTCCTCACACAGGATG-1,Endo CLDN5 SLC7A5,0.43762356706957933
GTCCTCAGTCCAGCCA-1,Endo CLDN5 SLC7A5,0.05460629162276485
GTCCTCAGTCTACGTA-1,Endo CLDN5 SLC7A5,0.07350543094232362
GTCCTCATCGGTTAGT-1,L2-3 CUX2 NTNG1 PALMD,0.19709762824587743
GTCGAATAGAGGATGA-1,Endo CLDN5 SLC7A5,0.8691864452314005
GTCGAATCAACCGCTG-1,Endo CLDN5 SLC7A5,0.046587823225577835
GTCGAATGTTCCTTGC-1,Oligo MOG GSN,0.9999926968988556
GTCGAATTCCATCCGT-1,Endo CLDN5 IL1R1,0.9994643342571197
GTCGCGACACGCCAGT-1,Oligo MOG OPALIN,0.993265449450884
GTCGCGAGTCTTCAAG-1,Oligo MOG OPALIN,0.05541624833970381
GTCGCGAGTGTCTTAG-1,Endo CLDN5 SLC7A5,0.1351367970334493
GTCGTAACAGCCTTCT-1,Endo CLDN5 SLC7A5,0.07494950361454321
GTCGTAATCATTACTC-1,L3-5 RORB MKX GRIN3A,0.9602476422312493
GTCGTAATCGTAACCA-1,Endo CLDN5 SLC7A5,0.3187524391191502
GTCGTTCAGCGAAACC-1,Astro AQP4 SLC1A2,0.9901350552841867
GTCGTTCCAACTAGAA-1,Oligo MOG OPALIN,0.03797839231693668
GTCGTTCTCAACACGT-1,Astro AQP4 SLC1A2,0.9996491110534771
GTCGTTCTCACGGACC-1,Astro AQP4 SLC1A2,0.5805832350999861
GTCTACCGTGTTGAGG-1,Endo CLDN5 SLC7A5,0.972347302118119
GTCTAGAAGTACAGCG-1,Endo CLDN5 SLC7A5,0.6212270953381458
GTCTAGAAGTCGTTAC-1,Endo CLDN5 SLC7A5,0.9073445376834709
GTCTAGAGTACGAAAT-1,InN SST STK32A,0.9987839694154487
GTCTAGAGTTGCATAC-1,SMC ACTA2 CNN1,0.3661654980678935
GTCTAGATCTTGGAAC-1,Endo CLDN5 SLC7A5,0.5684097727405244
GTCTCACAGAAACCCG-1,Oligo MOG OPALIN,0.2373597035974186
GTCTCACAGGTTCACT-1,L3-5 RORB TNNT2 PRRX1,0.02849364739363378
GTCTCACGTATGAAGT-1,Astro GFAP AQP1,0.9998447165438535
GTCTGTCTCAGAGTGG-1,Astro AQP4 SLC1A2,0.9995507112767286
GTCTGTCTCCAAGCCG-1,L6 OPRK1 THEMIS RGS6,0.9624730761055028
GTCTGTCTCGATACGT-1,Astro GFAP AQP1,0.5391914827206618
GTCTTTAGTGTTCATG-1,InN PVALB HPSE,0.008453716174628237
GTGAGCCCAACGCCCA-1,Oligo MOG OPALIN,0.32424325384451086
GTGAGCCTCTCAACCC-1,Endo CLDN5 SLC7A5,0.9846687667927335
GTGAGGAAGTTGCGCC-1,Oligo MOG OPALIN,0.9999652438988083
GTGAGGACAAGTAGTA-1,Endo CLDN5 SLC7A5,0.7842564328372973
GTGAGGAGTCCGGTCA-1,Endo CLDN5 SLC7A5,0.9776316477674277
GTGAGGAGTGTTTGCA-1,L6 OPRK1 THEMIS RGS6,0.03974209211986405
GTGAGGAGTTGTTTGG-1,Oligo MOG OPALIN,0.3921345112557415
GTGATGTAGTCAATCC-1,Oligo MOG OPALIN,0.24030677118585395
GTGATGTAGTCACTAC-1,L2-3 CUX2 NTNG1 PALMD,0.4000421117171726
GTGATGTGTGTACGCC-1,Endo CLDN5 SLC7A5,0.1572818341540341
GTGATGTGTTATAGCC-1,L2-3 CUX2 ACVR1C THSD7A,0.4668417965532396
GTGATGTTCGGTCAGC-1,Micro P2RY12 GLDN,0.17067548370094276
GTGCACGCACAGCATT-1,Endo CLDN5 SLC7A5,0.9982361098679319
GTGCACGCACGTACAT-1,Micro P2RY12 APBB1IP,0.9311077995454067
GTGCACGCAGCGTAGA-1,L2-3 CUX2 NTNG1 PALMD,0.46101450455069837
GTGCACGGTTTGAAAG-1,Endo CLDN5 SLC7A5,0.6116001025189293
GTGCAGCAGACGCCCT-1,L2-3 CUX2 NTNG1 PALMD,0.4235608890819567
GTGCAGCAGCCAGACA-1,Endo CLDN5 SLC7A5,0.5296120685521511
GTGCAGCAGCGCATCC-1,Endo CLDN5 SLC7A5,0.8367406701370369
GTGCAGCCAAGCGAGT-1,L2-3 CUX2 ACVR1C THSD7A,0.9827636229138467
GTGCAGCGTCCTTTGC-1,Endo CLDN5 SLC7A5,0.09292034283044305
GTGCAGCGTTCTCCTG-1,Astro GFAP AQP1,0.0246034071731971
GTGCAGCTCACCTGTC-1,Macro F13A1 COLEC12,0.9999999624015666
GTGCAGCTCGAATCCA-1,OPC PDGFRA PCDH15,0.7323543768104607
GTGCAGCTCTCGTCAC-1,Oligo MOG OPALIN,0.9997085059951492
GTGCGTGAGACCGCCT-1,Endo CLDN5 SLC7A5,0.6433035929692547
GTGCGTGCAACACGAG-1,Endo CLDN5 SLC7A5,0.855879667771055
GTGCGTGCAATGCAGG-1,L6 OPRK1 THEMIS RGS6,0.40784152597642087
GTGCGTGGTCAGTCCG-1,Endo CLDN5 SLC7A5,0.03919126393776619
GTGCGTGGTCTGTGTA-1,Oligo MOG OPALIN,0.9999953084194706
GTGCGTGTCCACTTCG-1,L2-3 CUX2 ACVR1C THSD7A,0.12064251091848177
GTGCGTGTCTGCGAGC-1,Oligo MOG OPALIN,0.36943408339677636
GTGCTGGAGAACTCCT-1,Astro AQP4 SLC1A2,0.9995848492949024
GTGCTGGAGTGTAGAT-1,OPC PDGFRA PCDH15,0.9999999999999862
GTGCTGGCACAGCGCT-1,Oligo MOG OPALIN,0.7978414543720329
GTGCTTCTCGCCGAAC-1,Astro AQP4 SLC1A2,0.4109229068921729
GTGCTTCTCGCCGTGA-1,L6 OPRK1 SMYD1 SNTB1,0.01874160100504964
GTGGAAGCACGATAGG-1,Endo CLDN5 SLC7A5,0.36984119562053813
GTGGAAGCATCTGGGC-1,L2-3 CUX2 NTNG1 PALMD,0.05881226452116949
GTGGAAGTCGCGCTGA-1,L6 OPRK1 THEMIS RGS6,0.025506970815759346
GTGGAAGTCTGTCCCA-1,Endo CLDN5 SLC7A5,0.02672790528835467
GTGGAGAAGACTTCAC-1,InN VIP CLSTN2,0.926870141839644
GTGGCGTAGCGATCGA-1,Endo CLDN5 SLC7A5,0.9994006941917012
GTGGCGTGTGACCTGC-1,OPC PDGFRA PCDH15,0.7057311140970225
GTGGCGTTCGGTCGAC-1,Astro GFAP AQP1,0.9785117648895617
GTGGCGTTCTCGCTTG-1,Astro AQP4 SLC1A2,0.014732525329141388
GTGGGAAAGGGATCTG-1,L6 FEZF2 SYT6 ERBB4,0.07268999067126693
GTGGGAAAGGGCTAAC-1,L2-3 CUX2 ACVR1C INHBA,0.09731461609072847
GTGGGAAAGTAGGAAG-1,Endo CLDN5 SLC7A5,0.05087184681727547
GTGGGAACAACCGTGC-1,OPC PDGFRA PCDH15,0.00861716824915561
GTGGGAACAAGCACAG-1,Oligo MOG FRY,0.4994199707650663
GTGGGAACAGGCGTTC-1,Astro GFAP FABP7,0.9999816368437219
GTGGGAAGTCTTTCTA-1,Oligo MOG OPALIN,0.17415630793843184
GTGGGAAGTTCAAGGG-1,Oligo MOG OPALIN,0.3023018069335927
GTGGGAATCCGATAGT-1,Oligo MOG OPALIN,0.05696075403378547
GTGGGAATCTGAGAAA-1,L2-3 CUX2 NTNG1 PALMD,0.021049183888558934
GTGGTTAAGAGTGACC-1,Endo CLDN5 SLC7A5,0.9361559126897043
GTGGTTAAGCGAACTG-1,Oligo MOG OPALIN,0.9564252574939253
GTGGTTAAGTGCCGAA-1,InN SST STK32A,0.9387562670086687
GTGGTTATCCAAGCCG-1,L5 FEZF2 BCL11B POU3F1,0.5141093199089252
GTGGTTATCGCGCTGA-1,Endo CLDN5 SLC7A5,0.5965409934044557
GTGGTTATCGGCCAAC-1,InN VIP MEGF11 LHFP,0.6070012890493441
GTGTAACCAATCCAGT-1,Oligo MOG OPALIN,0.6028007030432901
GTGTAACCACGCGGTT-1,Endo CLDN5 SLC7A5,0.02802673233275969
GTGTAACCATAATGCC-1,Astro GFAP AQP1,0.9999029579804771
GTGTAACGTGAATAAC-1,OPC PDGFRA PCDH15,0.9999999999999045
GTGTAACTCCGCACTT-1,Oligo MOG OPALIN,0.8942840707939552
GTGTAACTCCTTGACC-1,Endo CLDN5 SLC7A5,0.8166687934277831
GTGTCCTAGATGGCAC-1,Endo CLDN5 SLC7A5,0.5714803061932203
GTGTCCTCACACTTAG-1,Oligo MOG OPALIN,0.0845030600721195
GTGTCCTGTCCAACGC-1,L2-3 CUX2 NTNG1 PALMD,0.36246783627024926
GTGTCCTTCACAAGGG-1,Micro P2RY12 APBB1IP,0.9383564611124191
GTGTGATAGTACAGCG-1,Oligo MOG OPALIN,0.9999604090711056
GTGTGATAGTGGTCAG-1,Astro GFAP AQP1,0.05026944221573166
GTGTGATTCCTGCCAT-1,Micro P2RY12 APBB1IP,0.6076784585015856
GTGTGGCAGCGGGTAT-1,Endo CLDN5 SLC7A5,0.031612925078034204
GTGTGGCAGTGCTAGG-1,Endo CLDN5 SLC7A5,0.9968547245804728
GTGTGGCCAGCGAACA-1,Astro GFAP FABP7,0.9999982199218119
GTGTGGCCAGTCGTTA-1,OPC PDGFRA PCDH15,0.9999999999997806
GTGTGGCGTACCATAC-1,InN LAMP5 BMP7,0.9753992420796238
GTGTGGCGTAGATTAG-1,InN VIP CLSTN2,0.34816795401544226
GTGTGGCGTAGATTGA-1,Oligo MOG OPALIN,0.9987711374716192
GTGTGGCTCCGGTAGC-1,L2-3 CUX2 ACVR1C THSD7A,0.957533280788541
GTGTGGCTCTACGCAA-1,Astro GFAP AQP1,0.07871733097751706
GTGTGGCTCTAGAGCT-1,Oligo MOG OPALIN,0.03687181370319014
GTGTTAGAGAACAAGG-1,Endo CLDN5 SLC7A5,0.7028602528416056
GTGTTAGAGAATCGCG-1,Endo CLDN5 SLC7A5,0.3733842812202747
GTGTTAGAGGATTTGA-1,Astro AQP4 SLC1A2,0.9442231705501176
GTGTTAGAGTCCGCGT-1,Oligo MOG OPALIN,0.8557952315283306
GTGTTAGGTAGCGATG-1,Endo CLDN5 SLC7A5,0.8126677060206611
GTGTTAGGTCGTCTCT-1,InN SST PLPP4,0.024020664322642202
GTGTTAGGTCGTGATT-1,PC P2RY14 GRM8,0.9764982267124143
GTGTTAGTCGACCATA-1,Oligo MOG OPALIN,0.9999980152549234
GTGTTCCCAACCAACT-1,Oligo MOG OPALIN,0.999272798368276
GTGTTCCCACATCATG-1,Oligo MOG OPALIN,0.06962421431381281
GTGTTCCGTAAGCAAT-1,Endo CLDN5 SLC7A5,0.9989217023740982
GTGTTCCGTGGGTCAA-1,L2-3 CUX2 ACVR1C INHBA,0.06495578405500768
GTGTTCCGTTTCCCAC-1,Oligo MOG OPALIN,0.9901140496333142
GTGTTCCTCGAACGCC-1,InN SST FREM1,0.9592056460643773
GTTACAGAGTGCCAGA-1,Endo CLDN5 SLC7A5,0.21975284602343392
GTTACAGCAAGGTCGA-1,InN SST ANKRD33B,0.016681582390430418
GTTACAGGTCTGTCCT-1,Oligo MOG OPALIN,0.999735074151521
GTTACAGGTTATCTTC-1,L6 FEZF2 SYT6 PTPRT,0.01188512275851484
GTTACAGGTTCCTAGA-1,L3-5 RORB MKX GRIN3A,0.288831428734898
GTTACAGTCGCTGATA-1,Endo CLDN5 SLC7A5,0.4660010858711648
GTTACAGTCTCTTAAC-1,Astro GFAP AQP1,0.02853505043784266
GTTACCCAGAGTTGTA-1,Oligo MOG OPALIN,0.8967943467035184
GTTACCCAGGGAGATA-1,Endo CLDN5 SLC7A5,0.0459717801898161
GTTACCCCAGAGGACT-1,Astro GFAP AQP1,0.4921811777652087
GTTACCCTCAAAGAAC-1,Astro AQP4 SLC1A2,0.9988306036921973
GTTACGACACATATGC-1,L3-5 RORB MKX GRIN3A,0.08325185765053401
GTTACGATCCATCGTC-1,L2-3 CUX2 ACVR1C INHBA,0.3724977494025215
GTTACGATCTATGTGG-1,Endo CLDN5 SLC7A5,0.006037337892290455
GTTAGACAGAAACTAC-1,Oligo MOG OPALIN,0.9999724101079767
GTTAGACAGATTGGGC-1,Endo CLDN5 SLC7A5,0.5224908114571182
GTTAGACCAACTCCAA-1,Astro GFAP AQP1,0.9999755030422807
GTTAGACCACAAACGG-1,L6 OPRK1 THEMIS RGS6,0.9653673631802289
GTTAGACCATACCAGT-1,Oligo MOG OPALIN,0.9492149118615409
GTTAGACTCTGCCCTA-1,Endo CLDN5 SLC7A5,0.24222558310245673
GTTAGTGAGTTGGACG-1,L2-3 CUX2 ACVR1C THSD7A,0.9902697424124255
GTTAGTGTCCAACCGG-1,Oligo MOG OPALIN,0.9920636964226134
GTTAGTGTCGCCAGAC-1,Astro AQP4 SLC1A2,0.06580116025600052
GTTAGTGTCGGATTAC-1,Micro P2RY12 APBB1IP,0.15076731588994827
GTTATGGCAACCGACC-1,InN SST ADAMTSL1,0.9931621750421459
GTTATGGCATGGAACG-1,Oligo MOG OPALIN,0.9921156635388186
GTTATGGGTCTGTCCT-1,Oligo MOG GSN,0.030447117047545703
GTTCATTGTATGTCTG-1,OPC PDGFRA PCDH15,0.9999999999999991
GTTCATTGTCGTTATG-1,Endo CLDN5 SLC7A5,0.9492486492753092
GTTCATTGTTAGTTCG-1,Endo CLDN5 SLC7A5,0.19636582904997452
GTTCCGTAGCCTATTG-1,Oligo MOG OPALIN,0.8063850782529157
GTTCCGTAGCGCCTAC-1,L6 OPRK1 SMYD1 KCND2,0.04176836124274231
GTTCCGTAGGTAGACC-1,Oligo MOG OPALIN,0.9999963004306669
GTTCCGTAGTAATCCC-1,L2-3 CUX2 NTNG1 PALMD,0.06650378328032733
GTTCCGTTCAAGCTGT-1,Endo CLDN5 SLC7A5,0.9851548006187613
GTTCGCTAGAAGGCTC-1,L2-3 CUX2 NTNG1 PALMD,0.08448873637002914
GTTCGCTAGTGAGTTA-1,Endo CLDN5 SLC7A5,0.9502065670367777
GTTCGCTAGTTTGCTG-1,Oligo MOG OPALIN,0.9271270715152667
GTTCGCTCACAGTATC-1,Endo CLDN5 SLC7A5,0.1290881909281048
GTTCGCTCACTTGAGT-1,Endo CLDN5 SLC7A5,0.008889772840851646
GTTCGCTTCATTGCGA-1,Oligo MOG OPALIN,0.9226780409588894
GTTCTATAGCAATAAC-1,Oligo MOG OPALIN,0.9999452624530393
GTTCTATAGCACTCAT-1,L2-3 CUX2 ACVR1C THSD7A,0.11010628764611424
GTTCTATCAAAGGAGA-1,Micro P2RY12 APBB1IP,0.6595890735017157
GTTCTATCACGTACAT-1,Endo CLDN5 SLC7A5,0.38708080819017343
GTTCTATCACGTCTCT-1,Endo CLDN5 SLC7A5,0.44793211749454104
GTTCTATTCAAGATAG-1,L6 OPRK1 THEMIS RGS6,0.9498500620295093
GTTCTATTCCTCGCAT-1,L3-5 RORB MKX GRIN3A,0.38987964724583585
GTTCTATTCCTTATAC-1,Oligo MOG OPALIN,0.796000532877402
GTTCTATTCTCACCCA-1,Oligo MOG OPALIN,0.9993983153987642
GTTGAACAGAGCAGCT-1,Oligo MOG OPALIN,0.7664438152698806
GTTGAACAGCACCTGC-1,Astro GFAP FABP7,0.9729674655836258
GTTGAACAGTACGTCT-1,L2-3 CUX2 ACVR1C THSD7A,0.9978367958295162
GTTGAACGTCGCATGC-1,Astro GFAP FABP7,0.9984186505540364
GTTGAACGTGCATGAG-1,InN LAMP5 BMP7,0.9991944952407563
GTTGAACGTGTTAGCT-1,InN SST PLPP4,0.6242961175872817
GTTGAACGTTCGGTCG-1,L3-5 RORB PCBP3 IL1RAPL2,0.6629332926161426
GTTGAACTCCGCATAA-1,Oligo MOG OPALIN,0.9932335332015948
GTTGCGGAGTTCCAGT-1,Endo CLDN5 SLC7A5,0.44740255823896913
GTTGCGGGTCGAAACG-1,Oligo MOG OPALIN,0.9999838606377103
GTTGCTCGTGAGAACC-1,Endo CLDN5 SLC7A5,0.38562286637821824
GTTGCTCGTTACCGTA-1,Endo CLDN5 SLC7A5,0.04905997560431102
GTTGCTCTCGAGAGAC-1,Endo CLDN5 SLC7A5,0.6215874632488896
GTTGTAGGTCTGGTTA-1,Oligo MOG OPALIN,0.48629558890371044
GTTGTAGTCAGGAAAT-1,Astro AQP4 SLC1A2,0.9993875238637818
GTTGTAGTCGTGGCTG-1,OPC PDGFRA PCDH15,0.999999999999188
GTTGTAGTCTCCCATG-1,Endo CLDN5 SLC7A5,0.5971379796796381
GTTGTCCAGAGCCATG-1,Oligo MOG GSN,0.9975651868513782
GTTGTCCAGGCGCTTC-1,L2-3 CUX2 NTNG1 PALMD,0.13864990963952986
GTTGTCCCAAGTGATA-1,Astro GFAP AQP1,0.049102747302490965
GTTGTCCTCGTTCCCA-1,Oligo MOG OPALIN,0.7844865070061463
GTTGTGACACTTCATT-1,Astro AQP4 SLC1A2,0.12326310869497992
GTTGTGAGTATTGGCT-1,Endo CLDN5 SLC7A5,0.7854555047807327
GTTGTGAGTGAACCGA-1,Endo CLDN5 SLC7A5,0.9992581541944416
GTTGTGAGTGCGGTAA-1,InN SST ADAMTSL1,0.931558491149402
GTTTACTCAACCCTCT-1,Endo CLDN5 SLC7A5,0.7956809170521976
GTTTACTGTCCTGGTG-1,L6 FEZF2 NPFFR2 KCNK2,0.3877311987538582
GTTTACTTCTCCGAAA-1,Oligo MOG OPALIN,0.054759503874563506
GTTTGGACAGAGAATT-1,OPC PDGFRA PCDH15,0.9999999999999993
GTTTGGACAGTAGTGG-1,L2-3 CUX2 NTNG1 PLCH1,0.05085502285305262
GTTTGGAGTAAGTAGT-1,Astro GFAP AQP1,0.9999593715920622
GTTTGGAGTAGTGATA-1,Endo CLDN5 SLC7A5,0.754953513977712
GTTTGGAGTTCCAGGC-1,InN VIP EXPH5,0.005531085335545962
TAACACGAGCGATGGT-1,Endo CLDN5 SLC7A5,0.801944785991977
TAACACGCAAATGGTA-1,Endo CLDN5 SLC7A5,0.44930623091597144
TAACACGCATCCAACA-1,Endo CLDN5 SLC7A5,0.04782212611229188
TAACACGGTGTTCCAA-1,InN LAMP5 ADAMTS20,0.0164247980732072
TAACACGTCCTCAGGG-1,Oligo MOG OPALIN,0.5459193959939191
TAACCAGCATGCTGCG-1,Oligo MOG OPALIN,0.9840185495398661
TAACGACAGGTTGGAC-1,Oligo MOG OPALIN,0.29210392918763717
TAACGACCATAGGTAA-1,L3-5 RORB MKX GRIN3A,0.06491631753095652
TAACGACGTCGAATTC-1,L3-5 RORB GABRG1 PTPRO,0.10893542213441498
TAACGACGTCTTGCTC-1,Endo CLDN5 SLC7A5,0.1368302200081031
TAACGACTCCGAAGGA-1,L2-3 CUX2 ACVR1C THSD7A,0.40188696791373174
TAACTTCAGCCTCCAG-1,Endo CLDN5 SLC7A5,0.10147545303096288
TAACTTCCAAGGGTCA-1,Oligo MOG OPALIN,0.6707236704666919
TAACTTCCACGCGCTA-1,PC P2RY14 GRM8,0.9999367554473892
TAACTTCCAGCCATTA-1,Astro GFAP FABP7,0.9999834280405281
TAACTTCCATCTGTTT-1,Endo CLDN5 SLC7A5,0.6748705951232227
TAACTTCTCAGCACCG-1,Oligo MOG OPALIN,0.09344109847762468
TAACTTCTCCCGGTAG-1,Oligo MOG OPALIN,0.022390259257552215
TAACTTCTCGCCATAA-1,L3-5 RORB PCBP3 IL1RAPL2,0.0739216091754657
TAACTTCTCTTCCCAG-1,L6 OPRK1 THEMIS RGS6,0.25171340793901403
TAAGCACAGGCCCACT-1,L3-5 RORB MKX GRIN3A,0.8922928486997097
TAAGCACCAGGTTCGC-1,Oligo MOG FRY,0.03769473834424955
TAAGCACTCGCCAGTG-1,Oligo MOG OPALIN,0.9999872227826581
TAAGCACTCGGTCGAC-1,L3-5 RORB PCBP3 LINGO2,0.20408156674940234
TAAGCCACAGTTAAAG-1,L2-3 CUX2 ACVR1C INHBA,0.16904372486589436
TAAGCCAGTGGCTCTG-1,Oligo MOG OPALIN,0.9791885255814089
TAAGCCAGTTGGTAGG-1,Oligo MOG OPALIN,0.901914812137863
TAAGCCATCAACCGAT-1,L3-5 RORB MKX DCC,0.005705920010215245
TAAGCCATCCGTGGCA-1,Endo CLDN5 SLC7A5,0.14264648668758564
TAAGCGTAGCTCATAC-1,L6 OPRK1 THEMIS RGS6,0.999421879321843
TAAGCGTTCATATGGC-1,InN VIP HS3ST3B1,0.9952081345563442
TAAGCGTTCTAGAACC-1,Oligo MOG OPALIN,0.779342519557477
TAAGTCGAGACATCAA-1,L6 OPRK1 THEMIS RGS6,0.9021281317496823
TAAGTCGAGCGTATGG-1,L2-3 CUX2 NTNG1 PALMD,0.007562644596687718
TAAGTCGCATTGTAGC-1,Oligo MOG OPALIN,0.9999818526877725
TAAGTCGGTTCGTTCC-1,L2-3 CUX2 NTNG1 PALMD,0.18995265621742036
TAAGTCGTCACCTCTG-1,Astro GFAP FABP7,0.9993885232618054
TAATCTCCACCTATCC-1,Oligo MOG OPALIN,0.3934998172960094
TAATCTCCAGAAGCTG-1,Oligo MOG OPALIN,0.9997410977007131
TAATCTCGTACGCGTC-1,Endo CLDN5 SLC7A5,0.34086212340049327
TAATCTCGTACGTAGG-1,Oligo MOG OPALIN,0.9330156952338466
TAATTCCCAAATTGCC-1,Oligo MOG OPALIN,0.15555103336093346
TAATTCCCAAGCGCTC-1,Astro AQP4 SLC1A2,0.9998944082848108
TAATTCCGTATTCCGA-1,Oligo MOG OPALIN,0.9179158838535969
TAATTCCGTCGATGCC-1,Oligo MOG OPALIN,0.5918322484304602
TAATTCCGTTGAAGTA-1,InN SST FREM1,0.999937448346926
TAATTCCGTTTCGACA-1,Endo CLDN5 SLC7A5,0.26412571064317997
TAATTCCTCAAGGAGC-1,Oligo MOG OPALIN,0.3932461271163847
TACAACGCACAAATGA-1,Oligo MOG OPALIN,0.03081710261187065
TACAACGCAGTGCGCT-1,L3-5 RORB MKX GRIN3A,0.23850636865469677
TACAACGCAGTTTGGT-1,Oligo MOG OPALIN,0.2598368730637457
TACAACGGTCGTGGTC-1,Oligo MOG OPALIN,0.5985130490295377
TACAACGGTTCCAAAC-1,L2-3 CUX2 NTNG1 PALMD,0.47590595327671564
TACAACGTCCAGCTCT-1,Endo CLDN5 SLC7A5,0.2727224393600881
TACAACGTCGGCCAAC-1,Oligo MOG OPALIN,0.1458556230652843
TACAACGTCTAGGCCG-1,Endo CLDN5 SLC7A5,0.030394361969306654
TACACCCAGACCCTTA-1,Oligo MOG OPALIN,0.549565741869233
TACACCCCAGACAATA-1,Endo CLDN5 SLC7A5,0.7151808302831238
TACACCCCAGCGTTGC-1,Oligo MOG OPALIN,0.9978668191561461
TACACCCCATCTGTTT-1,Oligo MOG OPALIN,0.04421125669515881
TACACCCTCTCTAAGG-1,PC P2RY14 GRM8,0.9996851192178778
TACAGGTCAGAACTAA-1,Endo CLDN5 SLC7A5,0.9345458116682622
TACAGGTCATAGAAAC-1,L6 OPRK1 THEMIS RGS6,0.050676318145915285
TACAGGTGTCTGTGCG-1,Oligo MOG OPALIN,0.9985747709098872
TACAGGTGTGACTGAG-1,Endo CLDN5 SLC7A5,0.4088595414741857
TACAGGTGTTTGACAC-1,Astro GFAP AQP1,0.9838990571757159
TACAGGTTCGCCAATA-1,InN SST FREM1,0.9423521850216423
TACATTCCATACAGGG-1,Astro GFAP AQP1,0.09137286322811447
TACATTCGTGGCTCTG-1,Oligo MOG OPALIN,0.957880664841382
TACATTCTCGACTCCT-1,L2-3 CUX2 NTNG1 COL5A2,0.22233833223701369
TACATTCTCTCAGAAC-1,L3-5 RORB GABRG1 PTPRO,0.2275371963922536
TACCCACAGCGGACAT-1,Endo CLDN5 SLC7A5,0.7699206719768371
TACCCACAGGCTTAAA-1,Astro GFAP AQP1,0.04466829378632897
TACCCACAGTGATAGT-1,Oligo MOG OPALIN,0.9999967447875244
TACCCACCAAGGTACG-1,Endo CLDN5 SLC7A5,0.6461926203903491
TACCCACCACATAGCT-1,InN SST PLPP4,0.6851630147834168
TACCCACCAGACCTGC-1,InN SST STK32A,0.8998103301586453
TACCCACCATCGATGT-1,Endo CLDN5 SLC7A5,0.57931151196767
TACCCACCATGACAGG-1,Endo CLDN5 SLC7A5,0.8344085516666836
TACCCACGTCCTTGTC-1,Oligo MOG OPALIN,0.3761571929458602
TACCCACTCCATTTGT-1,L2-4 CUX2 RORB CLMN,0.15117201144823594
TACCCGTAGCTGAAAT-1,InN VIP ADAM12,0.010804820941871584
TACCCGTGTAGGATAT-1,InN SST HS3ST5,0.6994215049142152
TACCCGTTCCGTTTCG-1,Endo CLDN5 SLC7A5,0.36693447758360426
TACCGAAAGAGCCCAA-1,Oligo MOG OPALIN,0.06759650039577986
TACCGAAAGCCATTCA-1,Endo CLDN5 SLC7A5,0.15935875145633138
TACCGAACAGCTGCCA-1,Oligo MOG OPALIN,0.9994948747327416
TACCGAAGTTGGGATG-1,L6 OPRK1 THEMIS RGS6,0.2070760926207
TACCGAATCTTCGTGC-1,Endo CLDN5 SLC7A5,0.9851548060610404
TACCGGGCAACCACGC-1,Endo CLDN5 SLC7A5,0.9155653029998967
TACCGGGTCTCCACTG-1,Oligo MOG OPALIN,0.9776986087131689
TACCTCGAGAGACAAG-1,Micro P2RY12 APBB1IP,0.9911236886441813
TACCTCGAGTATTCCG-1,L2-3 CUX2 NTNG1 PALMD,0.06400477535387418
TACCTCGCATTCAGCA-1,Oligo MOG OPALIN,0.9998648654437784
TACCTGCAGGCCCAAA-1,InN SST TRPC7,0.015746111441007796
TACCTGCAGTCTCCTC-1,L3-5 RORB TNNT2 PRRX1,0.021316449529083955
TACCTGCCACTGATTG-1,Endo CLDN5 SLC7A5,0.7621384840598887
TACCTGCCAGGCCTGT-1,Oligo MOG OPALIN,0.9999677331661053
TACCTGCCATCATGAC-1,Astro AQP4 OSMR,0.02158786342334699
TACCTGCTCTCCCATG-1,Oligo MOG OPALIN,0.9362831414483856
TACGCTCAGATGAACT-1,Endo CLDN5 SLC7A5,0.7145863011403434
TACGCTCAGGAACGAA-1,Oligo MOG OPALIN,0.12972204059056475
TACGCTCAGTGTAGAT-1,Oligo MOG OPALIN,0.05067600660506387
TACGCTCAGTTGCATC-1,Endo CLDN5 SLC7A5,0.26651517900857774
TACGCTCCAGGCACTC-1,L2-4 CUX2 RORB CLMN,0.12197764960588561
TACGCTCTCCAACCGG-1,Oligo MOG OPALIN,0.154571122909713
TACGCTCTCTGGGCGT-1,PC P2RY14 GRM8,0.9996607048208468
TACGGGCCAGCGACCT-1,Oligo MOG OPALIN,0.047271765243861515
TACGGGCTCCTGCTAC-1,L2-3 CUX2 ACVR1C THSD7A,0.038677869204652875
TACGGGCTCTATGTGG-1,Oligo MOG FRY,0.07691943179220331
TACGGTAAGCGGATCA-1,L2-3 CUX2 NTNG1 PALMD,0.05061228191569854
TACGGTACAATGTTGC-1,Endo CLDN5 SLC7A5,0.8793093768034729
TACGGTACACAGCTTA-1,L2-3 CUX2 ACVR1C INHBA,0.040161258263189836
TACGGTACACGTCATA-1,L6 OPRK1 THEMIS RGS6,0.01482696108134098
TACGGTAGTCACTCAA-1,Micro P2RY12 APBB1IP,0.99934576123017
TACGGTAGTCAGTCGC-1,Oligo MOG OPALIN,0.07150775921797833
TACGGTAGTTCTCCCA-1,Endo CLDN5 SLC7A5,0.3146230350371425
TACGGTATCCACATAG-1,Oligo MOG OPALIN,0.07018475375413176
TACGTCCAGAAACTCA-1,Oligo MOG OPALIN,0.9999793030673022
TACGTCCAGGTGCATG-1,Endo CLDN5 SLC7A5,0.6177717771732787
TACGTCCCAAGCGCAA-1,Oligo MOG OPALIN,0.9998520827793655
TACGTCCCAAGTCCAT-1,Endo CLDN5 SLC7A5,0.07177765611537393
TACGTCCGTCTGCCTT-1,Oligo MOG OPALIN,0.6998796846315012
TACGTCCTCACTAGCA-1,Oligo MOG OPALIN,0.06095475998850128
TACTGCCAGTTCATCG-1,Oligo MOG OPALIN,0.7504127298430574
TACTGCCCACCGTCGA-1,Astro AQP4 SLC1A2,0.05952074735382064
TACTGCCCAGTTAAAG-1,Endo CLDN5 SLC7A5,0.5780829622063853
TACTGCCGTACTCGTA-1,L5 FEZF2 BCL11B POU3F1,0.16241815590939826
TACTGCCTCAATCCGA-1,Endo CLDN5 SLC7A5,0.6344538387819136
TACTGCCTCCGTTGAA-1,Endo CLDN5 SLC7A5,0.717595611174148
TACTGCCTCGTTCTGC-1,L3-5 RORB MKX GRIN3A,0.3625365973884167
TACTGCCTCTCGCTCA-1,Endo CLDN5 SLC7A5,0.11928202871399263
TACTTACCACATACTG-1,Endo CLDN5 SLC7A5,0.026774251162197008
TACTTCAAGCCTATTG-1,Endo CLDN5 SLC7A5,0.8618231681024191
TACTTCAGTAGAGTTA-1,InN PVALB ANOS1,0.06293353381933674
TACTTCAGTATGAGGC-1,Oligo MOG OPALIN,0.3798193025218416
TACTTCATCACATTGG-1,L6 OPRK1 THEMIS RGS6,0.023501432712661138
TACTTCATCCACACAA-1,L2-3 CUX2 NTNG1 PALMD,0.03141917740541643
TACTTCATCGTGTGAT-1,Astro GFAP FABP7,0.9991715800312019
TACTTGTAGACAACTA-1,Oligo MOG OPALIN,0.3799481623230901
TACTTGTAGTAGACCG-1,Oligo MOG OPALIN,0.7731136165742404
TACTTGTGTCATCCCT-1,Oligo MOG OPALIN,0.9982619725919223
TACTTGTGTCGCACAC-1,Endo CLDN5 SLC7A5,0.6823086266340905
TACTTGTTCTCGGTCT-1,Oligo MOG OPALIN,0.4731733017950792
TACTTGTTCTTGCGCT-1,Oligo MOG GSN,0.0352447276316299
TAGACCAAGAACCCGA-1,Endo CLDN5 SLC7A5,0.07104247386191215
TAGACCACATGTTTGG-1,L2-3 CUX2 NTNG1 PALMD,0.500196946953007
TAGACTGAGCATCAAA-1,L2-3 CUX2 ACVR1C THSD7A,0.36005164746228885
TAGACTGCAACGGGTA-1,InN VIP EXPH5,0.9977802176380826
TAGACTGCACTAGGCC-1,Oligo MOG OPALIN,0.31755982549539413
TAGACTGGTGCGGTAA-1,Micro P2RY12 GLDN,0.02479207279057395
TAGACTGTCAAAGACA-1,Oligo MOG OPALIN,0.2021139465639051
TAGAGTCAGCTAATCC-1,Endo CLDN5 SLC7A5,0.7995183086141606
TAGAGTCCACAAATAG-1,L6 OPRK1 THEMIS RGS6,0.009852520105964043
TAGATCGAGCCGATTT-1,Astro AQP4 SLC1A2,0.3537681723939186
TAGATCGAGTAATACG-1,InN PVALB ANOS1,0.34894826106657223
TAGATCGGTCACCTTC-1,Endo CLDN5 SLC7A5,0.19608596554238403
TAGATCGGTTGTGGAG-1,L6 FEZF2 SYT6 CDH9,0.022597038963411465
TAGATCGTCCTTATCA-1,PC P2RY14 GRM8,0.051382650066564575
TAGCACACACTCTGCT-1,Endo CLDN5 SLC7A5,0.022541119674403334
TAGCACATCAAGAGGC-1,Oligo MOG OPALIN,0.8043253443669887
TAGCACATCATCACTT-1,Endo CLDN5 SLC7A5,0.08206416597488918
TAGGAGGAGCCTATCA-1,L3-5 RORB GABRG1 PTPRO,0.15862675002379156
TAGGAGGGTGCCTGAC-1,Oligo MOG OPALIN,0.9987847831073307
TAGGAGGTCCCTCATG-1,Oligo MOG OPALIN,0.9998652172983444
TAGGAGGTCGTTCATT-1,InN PVALB ANOS1,0.0474927689947166
TAGGAGGTCTGCGAGC-1,L2-3 CUX2 NTNG1 PALMD,0.03356199014431183
TAGGGTTAGAAGCCAC-1,L2-3 CUX2 NTNG1 PALMD,0.8857766059627312
TAGGGTTAGATGTAGT-1,L6 OPRK1 THEMIS RGS6,0.9970263123584234
TAGGGTTAGCATGCAG-1,Oligo MOG OPALIN,0.8660831210894454
TAGGGTTCAAACCACT-1,Endo CLDN5 SLC7A5,0.7140557176995892
TAGGGTTCACACCGAC-1,Endo CLDN5 SLC7A5,0.699221140320677
TAGGGTTCATCCGAAT-1,Endo CLDN5 IL1R1,0.03123256643255479
TAGGGTTCATTCACAG-1,Endo CLDN5 SLC7A5,0.9059956614504183
TAGGGTTGTCGTGTTA-1,Oligo MOG OPALIN,0.9086398796204328
TAGGGTTGTGAGAACC-1,Astro GFAP FABP7,0.9998936918114255
TAGGGTTTCTTGGTGA-1,Oligo MOG OPALIN,0.23007027991890774
TAGGTACAGTTCGCAT-1,Endo CLDN5 SLC7A5,0.9321946637536201
TAGGTACCAACAAGAT-1,Astro AQP4 SLC1A2,0.9942404949580361
TAGGTACGTCCGGATC-1,Astro AQP4 SLC1A2,0.07908281599663357
TAGGTTGAGCACAAAT-1,L2-3 CUX2 NTNG1 COL5A2,0.01687930488751173
TAGGTTGAGTGCTAGG-1,L3-5 RORB MKX DCC,0.05359835518484677
TAGGTTGCACCAGTTA-1,Oligo MOG GSN,0.6799739273953429
TAGGTTGCATGTCGTA-1,Oligo MOG OPALIN,0.8244727136987042
TAGGTTGTCGCAATGT-1,OPC PDGFRA PCDH15,0.07953178893540583
TAGGTTGTCGTGCGAC-1,InN SST ADAMTSL1,0.19642341415402653
TAGGTTGTCTGTGCAA-1,L5-6 FEZF2 NXPH2 GPC5,0.790583388472906
TAGTGCAAGATACAGT-1,Oligo MOG OPALIN,0.9856262428718305
TAGTGCACAAAGCAAT-1,InN LAMP5 RELN,0.9958047136153507
TAGTGCACAACCTATG-1,Endo CLDN5 SLC7A5,0.2758224386075363
TAGTGCACACAGAGCA-1,Endo CLDN5 SLC7A5,0.26880261344533174
TAGTGCAGTCGAATGG-1,Oligo MOG OPALIN,0.9994056686485214
TATACCTAGATGCGAC-1,Micro P2RY12 APBB1IP,0.9980221395235953
TATACCTAGTCACTAC-1,Endo CLDN5 SLC7A5,0.3815950666183021
TATACCTCAGGACTAG-1,Endo CLDN5 SLC7A5,0.8452919410473224
TATACCTCAGTAGATA-1,Endo CLDN5 SLC7A5,0.9284918190233766
TATACCTGTAGAATAC-1,InN VIP ADAM12,0.05128958012740403
TATACCTGTATGAAGT-1,Endo CLDN5 SLC7A5,0.5742642253811033
TATACCTGTGCACAAG-1,Endo CLDN5 SLC7A5,0.8025953685408822
TATACCTTCCTTGACC-1,Endo CLDN5 SLC7A5,0.9265436921150856
TATATCCAGACATAAC-1,Endo CLDN5 SLC7A5,0.3712863536720808
TATATCCAGCCGATCC-1,Astro AQP4 SLC1A2,0.0829984551270643
TATATCCCAAACACCT-1,Endo CLDN5 SLC7A5,0.7416503981768958
TATATCCGTAGCCCTG-1,Astro GFAP AQP1,0.9926045473479077
TATATCCGTTCGGACC-1,OPC PDGFRA PCDH15,0.06785148198225609
TATATCCTCCTCAGGG-1,InN VIP CLSTN2,0.9992423629130296
TATATCCTCGTTCCCA-1,Oligo MOG OPALIN,0.03151077577168328
TATCAGGAGCGATGAC-1,L5 FEZF2 BCL11B POU3F1,0.06119279004812717
TATCAGGAGCTGGCTC-1,Oligo MOG OPALIN,0.9999561648294644
TATCAGGAGGTCATCT-1,Oligo MOG OPALIN,0.4490292705426344
TATCAGGCACACCGAC-1,L3-5 RORB MKX GRIN3A,0.021733849981177732
TATCAGGCACAGAAGC-1,Astro GFAP AQP1,0.9997110604464645
TATCAGGCACCCAACG-1,Endo CLDN5 SLC7A5,0.1386568017081754
TATCAGGCACCGTGGT-1,Oligo MOG OPALIN,0.3940520948855094
TATCCTAAGGGAACAA-1,Oligo MOG GSN,0.5810683745373418
TATCCTAAGGTTCTAC-1,Oligo MOG GSN,0.9984682455573702
TATCCTACAACCGCTG-1,Endo CLDN5 SLC7A5,0.3468975265807434
TATCCTACAATACCTG-1,Oligo MOG OPALIN,0.9998552476729187
TATCCTACAGCTGTGC-1,Oligo MOG OPALIN,0.9998299655192925
TATCCTATCTACCCAC-1,InN SST FREM1,0.00909174624403206
TATCGCCAGACTGAGC-1,Endo CLDN5 IL1R1,0.9980230205451346
TATCGCCAGTTGTCAC-1,Endo CLDN5 SLC7A5,0.035253788908566834
TATCGCCTCCCATTTA-1,L2-3 CUX2 NTNG1 PALMD,0.0717530740998812
TATCGCCTCTTAAGGC-1,Micro P2RY12 APBB1IP,0.9955215772664407
TATCTGTCAAAGGGCT-1,Endo CLDN5 SLC7A5,0.8232154319382196
TATCTGTGTCAACCAT-1,L6 OPRK1 THEMIS RGS6,0.4195003621379905
TATCTGTTCGAACTCA-1,Oligo MOG OPALIN,0.9291852562311257
TATCTGTTCGACATTG-1,Endo CLDN5 SLC7A5,0.32260009675982093
TATCTGTTCGATAACC-1,Oligo MOG OPALIN,0.5873481683336795
TATCTGTTCGTAACCA-1,Astro GFAP AQP1,0.03947704713328657
TATCTTGAGAAGTCCG-1,Oligo MOG OPALIN,0.048953809130554034
TATCTTGAGATCGACG-1,InN PVALB HPSE,0.11360517467627111
TATCTTGAGCAGCGAT-1,Oligo MOG OPALIN,0.9999808515448808
TATCTTGAGGATCACG-1,InN SST FREM1,0.09309805259293935
TATCTTGCATCGCTAA-1,Astro GFAP FABP7,0.9468479662282842
TATCTTGGTGTCCTAA-1,OPC PDGFRA PCDH15,0.10131477851398485
TATGTTCAGCGACATG-1,Astro GFAP AQP1,0.06972476135455682
TATGTTCCATCCTATT-1,Astro AQP4 SLC1A2,0.8827646720729765
TATGTTCGTACACTCA-1,Endo CLDN5 SLC7A5,0.4139746506312116
TATGTTCGTCAAATCC-1,Endo CLDN5 SLC7A5,0.41229962760368266
TATGTTCGTGCAACGA-1,Oligo MOG OPALIN,0.47398415141841044
TATGTTCTCCTAAACG-1,Oligo MOG OPALIN,0.9999808309950635
TATTCCACAATTGAGA-1,Endo CLDN5 SLC7A5,0.4945039641655547
TATTCCACAGCAGAAC-1,InN SST FREM1,0.9592813621653925
TATTCCAGTCTTGGTA-1,Astro GFAP AQP1,0.4128508281746073
TATTCCAGTTGGACCC-1,Astro AQP4 SLC1A2,0.9947324027461009
TATTCCATCGACACTA-1,Endo CLDN5 SLC7A5,0.8507513879542299
TATTCCATCGATGCAT-1,L3-5 RORB MKX GALR1,0.05101408382895597
TATTGCTAGATCCCAT-1,Astro GFAP AQP1,0.04673570493961271
TATTGCTCAACTCCCT-1,L2-3 CUX2 NTNG1 PALMD,0.4186591768226595
TATTGCTCACTCTCGT-1,InN PVALB ANOS1,0.00982267587700651
TATTGCTGTAAGACCG-1,Endo CLDN5 SLC7A5,0.6131746337985654
TATTGCTTCCGCAGTG-1,Oligo MOG OPALIN,0.48017142866163
TATTGGGAGGACATCG-1,Endo CLDN5 SLC7A5,0.9013634065364169
TATTGGGCAATGTTGC-1,Endo CLDN5 SLC7A5,0.6017462696460849
TATTGGGCACGAGGTA-1,Oligo MOG OPALIN,0.8238233530706713
TATTGGGGTTTGATCG-1,Endo CLDN5 SLC7A5,0.9909949801966487
TATTGGGTCAGGAAAT-1,L2-3 CUX2 ACVR1C THSD7A,0.9610465092497763
TATTGGGTCCGCTAGG-1,Endo CLDN5 SLC7A5,0.09781974262164941
TATTTCGAGCCTCGTG-1,Oligo MOG OPALIN,0.9768899343028771
TATTTCGAGCGATGGT-1,Oligo MOG OPALIN,0.9830304795170344
TATTTCGAGTGGACGT-1,L6 FEZF2 NPFFR2 TPD52L1,0.06377878410851104
TATTTCGGTGCCGTAC-1,Endo CLDN5 SLC7A5,0.09944457786931471
TATTTCGTCCATCCGT-1,Oligo MOG OPALIN,0.9783946064686242
TATTTCGTCGTCCATC-1,L6 OPRK1 SMYD1 KCND2,0.027154013796235454
TATTTCGTCTACCACC-1,L2-3 CUX2 NTNG1 PLCH1,0.05245198467539297
TCAAGACAGTGATGGC-1,Endo CLDN5 SLC7A5,0.36437612631007016
TCAAGCAAGGTAGGCT-1,Endo CLDN5 SLC7A5,0.7558591845065207
TCAAGCACAAGAGGTC-1,L6 FEZF2 NPFFR2 TPD52L1,0.6422294437435473
TCAAGCATCGGCATTA-1,Endo CLDN5 SLC7A5,0.03898981247438219
TCAAGTGAGAGCTGAC-1,Oligo MOG OPALIN,0.9999404483191221
TCAAGTGAGCCATATC-1,Endo CLDN5 SLC7A5,0.8739985390352822
TCAAGTGAGTGCAAAT-1,Endo CLDN5 SLC7A5,0.30687326805361276
TCAAGTGCAAACTAGA-1,Astro AQP4 SLC1A2,0.013860258000666427
TCAAGTGCATGGACAG-1,L2-4 CUX2 RORB CLMN,0.01760181539861445
TCAAGTGGTACACTCA-1,Endo CLDN5 SLC7A5,0.05889190848849282
TCAAGTGGTCACGCTG-1,Astro AQP4 SLC1A2,0.5632117065320927
TCAAGTGTCGTGTGGC-1,Micro P2RY12 APBB1IP,0.9964246410537121
TCAATCTAGGTGGCTA-1,Oligo MOG OPALIN,0.01918688293462861
TCAATCTAGTTACGGG-1,Endo CLDN5 SLC7A5,0.009821955202913407
TCAATCTCAGGTAGTG-1,Oligo MOG OPALIN,0.9984144878708173
TCAATCTGTCAGTCCG-1,Oligo MOG OPALIN,0.8966080876705611
TCAATCTTCAACTCTT-1,InN SST HS3ST5,0.010662441892354267
TCAATTCCAGCAGAAC-1,Oligo MOG OPALIN,0.930041434004398
TCAATTCTCATTCTTG-1,Oligo MOG OPALIN,0.17869664323365703
TCAATTCTCTTGAACG-1,Endo CLDN5 SLC7A5,0.933358866621987
TCACAAGAGATACGAT-1,Micro P2RY12 APBB1IP,0.023009503643605426
TCACAAGAGCGTATGG-1,Endo CLDN5 IL1R1,0.046784722037685106
TCACAAGCAACCGCCA-1,Endo CLDN5 SLC7A5,0.24121025842144353
TCACAAGCAAGGTACG-1,Endo CLDN5 SLC7A5,0.15842860267085518
TCACAAGGTATCAGCT-1,L3-5 RORB GABRG1 PTPRO,0.15874531722928006
TCACAAGGTGCAGATG-1,Endo CLDN5 SLC7A5,0.4954702399813008
TCACAAGGTGCGGCTT-1,Astro GFAP FABP7,0.9987017521462418
TCACAAGTCAAGATAG-1,Oligo MOG OPALIN,0.996501604562931
TCACAAGTCACTACGA-1,PC P2RY14 GRM8,0.9999990378255063
TCACAAGTCCAGCCTT-1,L2-3 CUX2 NTNG1 PALMD,0.012144676149070903
TCACACCAGGCCTAAG-1,Endo CLDN5 SLC7A5,0.22303780683699628
TCACACCGTCCTTTGC-1,InN SST FREM1,0.1304835808056955
TCACACCTCACCTGGG-1,Astro GFAP AQP1,0.09014535630269091
TCACACCTCCTGGGTG-1,Endo CLDN5 SLC7A5,0.6809645573144524
TCACACCTCGGTCATA-1,L6 OPRK1 THEMIS RGS6,0.0441892125617242
TCACATTAGATGGGCT-1,Endo CLDN5 SLC7A5,0.034305295882847246
TCACATTCAATGCAGG-1,Astro GFAP AQP1,0.9999998116618306
TCACATTCACTTGAGT-1,Endo CLDN5 SLC7A5,0.13663594431178502
TCACATTGTTAGGCCC-1,Oligo MOG OPALIN,0.6881546016303669
TCACATTTCCCTGTTG-1,L6 OPRK1 SMYD1 SNTB1,0.05276156435217548
TCACATTTCTTCTTCC-1,Endo CLDN5 SLC7A5,0.43711197389212236
TCACGCTCATGCAGGA-1,Oligo MOG OPALIN,0.4424718386398183
TCACGCTGTAATGCTC-1,L2-4 CUX2 RORB CLMN,0.048422944811834796
TCACGCTGTACCGTCG-1,L2-3 CUX2 NTNG1 PALMD,0.3435747336998552
TCACGCTTCTAGGCCG-1,L6 OPRK1 THEMIS RGS6,0.09081801405655315
TCACGGGAGTGTCATC-1,Endo CLDN5 SLC7A5,0.07837363321418846
TCACGGGGTACATTGC-1,Astro AQP4 SLC1A2,0.9999709540587393
TCACGGGGTCCCTAAA-1,L3-5 RORB PCBP3 ARHGAP15,0.005141120109509707
TCACGGGTCCGTGTAA-1,Oligo MOG OPALIN,0.09654562128925018
TCACTATAGCTGAGTG-1,Endo CLDN5 SLC7A5,0.9197745772500049
TCACTATCAACACACT-1,Astro GFAP AQP1,0.9999860102936896
TCACTATGTGCATACT-1,Endo CLDN5 SLC7A5,0.5223836913429799
TCACTCGGTACCTAAC-1,Oligo MOG OPALIN,0.9486220829984978
TCACTCGGTTCCAAAC-1,L6 OPRK1 THEMIS RGS6,0.8083183805120766
TCACTCGTCAGTCATG-1,Endo CLDN5 SLC7A5,0.9804714414256464
TCACTCGTCTACTGAG-1,Oligo MOG OPALIN,0.6029627792837318
TCAGCAAAGGAGCAAA-1,Endo CLDN5 SLC7A5,0.9331101928171007
TCAGCAATCCTTCTAA-1,Oligo MOG OPALIN,0.9482166287013772
TCAGCCTAGGTTACCT-1,L3-5 RORB GABRG1 PTPRO,0.3534145315086958
TCAGCCTCAATTCTCT-1,Oligo MOG OPALIN,0.34883875006275944
TCAGCCTCACTTGGGC-1,InN VIP EXPH5,0.9973820683269446
TCAGCCTCAGAGATGC-1,Astro AQP4 SLC1A2,0.07326563231799807
TCAGCCTGTAATTGGA-1,Endo CLDN5 SLC7A5,0.035708314252123806
TCAGCCTTCAACCTCC-1,Endo CLDN5 SLC7A5,0.15556363639369228
TCAGCCTTCCTGCCAT-1,Astro AQP4 SLC1A2,0.7461490917187013
TCAGCCTTCGCCACTT-1,Endo CLDN5 SLC7A5,0.5191316894134541
TCAGGGCCATGACTGT-1,Endo CLDN5 SLC7A5,0.9820593824479404
TCAGGGCGTATCGAGG-1,L3-5 RORB GABRG1 PTPRO,0.026041484551696904
TCAGGGCTCCATCACC-1,L2-3 CUX2 NTNG1 PALMD,0.1892708118448287
TCAGGGCTCGCGTTTC-1,Endo CLDN5 SLC7A5,0.17185812009530627
TCAGGGCTCTCGCTTG-1,InN LAMP5 RELN,0.9994042377293682
TCAGGGCTCTTAGGAC-1,Astro AQP4 SLC1A2,0.8817013267989064
TCAGGTACAAAGCTCT-1,Endo CLDN5 SLC7A5,0.28385558124641436
TCAGGTACAATTTCTC-1,Astro GFAP AQP1,0.07130923642557073
TCAGGTATCTCTGGTC-1,Endo CLDN5 SLC7A5,0.25225347195339765
TCAGTCCAGATGAATC-1,InN VIP EXPH5,0.032031013659101805
TCAGTCCAGCGTGCCT-1,OPC PDGFRA PCDH15,0.9999999999985238
TCAGTCCCACACCGCA-1,Endo CLDN5 SLC7A5,0.9993707804729789
TCAGTCCCAGCATGCC-1,Endo CLDN5 SLC7A5,0.1511864594875315
TCAGTCCCATATTCGG-1,Oligo MOG OPALIN,0.9999914867777522
TCAGTCCGTACAACGG-1,Endo CLDN5 SLC7A5,0.8752218315235228
TCAGTCCGTCCGGTGT-1,Astro GFAP AQP1,0.1593027370968906
TCAGTGAAGGACAGCT-1,L2-4 CUX2 RORB CLMN,0.12500043615507755
TCAGTGAAGGAGAGGC-1,T SKAP1 CD247,0.9995611014916492
TCAGTGACACCCTGTT-1,Oligo MOG OPALIN,0.9940977859539508
TCAGTGACATGGCACC-1,Oligo MOG OPALIN,0.4071307637917036
TCAGTGATCATGGTAC-1,Astro AQP4 SLC1A2,0.953696562895292
TCAGTTTCATGGATCT-1,L6 OPRK1 THEMIS RGS6,0.10094525991321167
TCAGTTTGTATGGTAA-1,Oligo MOG OPALIN,0.3581375733768892
TCAGTTTTCAAGTCGT-1,L3-5 RORB PCBP3 IL1RAPL2,0.41484352755180326
TCAGTTTTCCCAAGTA-1,L2-3 CUX2 ACVR1C INHBA,0.22611962321404505
TCAGTTTTCGAGTACT-1,Oligo MOG OPALIN,0.9999601533246685
TCAGTTTTCTCTGCCA-1,Endo CLDN5 SLC7A5,0.8282202101378484
TCATACTAGCTGGCCT-1,OPC PDGFRA PCDH15,0.9999999999999998
TCATACTGTCGGTAAG-1,InN SST TRPC7,0.17057908638642313
TCATACTTCAATCTTC-1,L3-5 RORB MKX GRIN3A,0.2599728756884674
TCATACTTCGGACAAG-1,PC P2RY14 GRM8,0.8417741058973067
TCATACTTCTACTTCA-1,Endo CLDN5 SLC7A5,0.11261489213110695
TCATACTTCTAGACCA-1,Endo CLDN5 SLC7A5,0.026920148309949085
TCATATCAGGGCAAGG-1,Oligo MOG OPALIN,0.9825330678755122
TCATATCCAGATTAAG-1,Endo CLDN5 SLC7A5,0.12199553826510226
TCATATCGTCCTTAAG-1,Oligo MOG OPALIN,0.9990328003601509
TCATATCTCAGCCCAG-1,L2-3 CUX2 NTNG1 PALMD,0.5355704604966885
TCATCATAGCTGACTT-1,Endo CLDN5 SLC7A5,0.24723301400026573
TCATCATGTTATGTGC-1,InN SST FREM1,0.13028806209819044
TCATCATTCGCGTGCA-1,Oligo MOG OPALIN,0.9999572859314805
TCATCATTCTCTGAGA-1,Oligo MOG OPALIN,0.8546210667111093
TCATCATTCTTTCTAG-1,Micro P2RY12 APBB1IP,0.6009070912448787
TCATCCGCAGTGCCTG-1,OPC PDGFRA PCDH15,0.13709002268616277
TCATCCGGTATGGGAC-1,InN SST FREM1,0.9935182056806435
TCATCCGTCGATGGAG-1,L2-3 CUX2 NTNG1 PALMD,0.23409136584655546
TCATGAGAGATGCTGG-1,Micro P2RY12 APBB1IP,0.9958853529681073
TCATGAGAGGCTGTAG-1,L2-3 CUX2 NTNG1 PLCH1,0.10889157579032539
TCATGAGTCGTCGGGT-1,Micro P2RY12 APBB1IP,0.024751120486747474
TCATGCCAGATCGGTG-1,Astro GFAP AQP1,0.01505924551265187
TCATGCCAGCTCGTGC-1,L2-3 CUX2 NTNG1 COL5A2,0.047440164240925724
TCATGCCGTCAAACGG-1,Endo CLDN5 SLC7A5,0.9467228342018223
TCATGCCGTTCGGTCG-1,L2-3 CUX2 ACVR1C THSD7A,0.9946196887861373
TCATGCCTCTTCGTAT-1,Oligo MOG OPALIN,0.03818044717788516
TCATGGAAGGGCAAGG-1,L6 OPRK1 THEMIS RGS6,0.8965728102073647
TCATGGAAGTCAGCGA-1,Micro P2RY12 APBB1IP,0.9855313238090186
TCATGGACACCGTGAC-1,L2-3 CUX2 ACVR1C THSD7A,0.9999398641606152
TCATGGAGTAACACCT-1,InN SST HS3ST5,0.9403002205179212
TCATGTTAGCATTGTC-1,InN PVALB SNTB1,0.026274984535853457
TCATGTTCACAATTCG-1,Astro AQP4 SLC1A2,0.6082242901257905
TCATGTTCAGTGGTGA-1,Oligo MOG OPALIN,0.9623221671087869
TCATGTTGTACAATAG-1,Endo CLDN5 SLC7A5,0.0417304079413326
TCATGTTGTACAGGTG-1,Micro P2RY12 APBB1IP,0.6268537967029281
TCATGTTTCGTAACCA-1,L3-5 RORB GABRG1 PTPRO,0.015061529467424836
TCATTACAGCTCCGAC-1,Endo CLDN5 SLC7A5,0.3497133319967012
TCATTACAGGTTACAA-1,Endo CLDN5 SLC7A5,0.06273563023145119
TCATTACAGTGCCTCG-1,Endo CLDN5 SLC7A5,0.028450111238781
TCATTACCAACAAAGT-1,Micro P2RY12 GLDN,0.7555499498390356
TCATTACCACGGGCTT-1,T SKAP1 CD247,0.9999998631978501
TCATTACCATGCACTA-1,L2-3 CUX2 NTNG1 PALMD,0.7614807901510029
TCATTACGTCGGTGAA-1,InN SST ADAMTSL1,0.040280412225879345
TCATTACGTGCCGAAA-1,Oligo MOG OPALIN,0.7556890997361996
TCATTACGTGGTTTAC-1,L2-3 CUX2 NTNG1 PALMD,0.34870052326996803
TCATTACTCCCTTGGT-1,Endo CLDN5 SLC7A5,0.832245999746333
TCATTACTCTCAGTCC-1,Astro GFAP FABP7,0.28538436581843823
TCATTCAAGACGACTG-1,Micro P2RY12 APBB1IP,0.8940117036742129
TCATTCAGTGTCCGTG-1,Astro GFAP AQP1,0.9426704268906797
TCATTCAGTTAAGGGC-1,Endo CLDN5 SLC7A5,0.9948621265064775
TCATTCATCTCCTGAC-1,Endo CLDN5 SLC7A5,0.9523015004295476
TCATTGTAGACGTCCC-1,L2-3 CUX2 NTNG1 PALMD,0.02662723480195599
TCATTGTAGACTTGTC-1,Astro GFAP FABP7,0.05605768508978183
TCATTGTAGCGTGTCC-1,Oligo MOG OPALIN,0.9999932106274386
TCATTGTAGTAGCAAT-1,L2-4 CUX2 RORB CLMN,0.3495959188558897
TCATTGTAGTCATTGC-1,L3-5 RORB GABRG1 PLCH1,0.02971404071741636
TCATTGTAGTCCGCCA-1,Endo CLDN5 DKK2,0.04835265606191236
TCATTGTCAAGTATAG-1,Astro AQP4 SLC1A2,0.477248226209206
TCATTGTCAGGTTCAT-1,L6 FEZF2 SYT6 PTPRT,0.015649292054125616
TCATTGTGTAGTACGG-1,L2-3 CUX2 ACVR1C THSD7A,0.9999082696504338
TCATTGTTCTGCTTTA-1,OPC PDGFRA PCDH15,0.39430946159171765
TCATTTGCAATACCCA-1,Oligo MOG OPALIN,0.06653102467733946
TCATTTGGTACGCGTC-1,Endo CLDN5 SLC7A5,0.10495284667850545
TCATTTGGTCACCCTT-1,Endo CLDN5 SLC7A5,0.7945494062419142
TCATTTGGTGCGCTCA-1,SMC ACTA2 CYP1B1,0.018936380649791307
TCATTTGGTGTACATC-1,Endo CLDN5 SLC7A5,0.4390422010549115
TCATTTGTCAAGTCTG-1,Oligo MOG OPALIN,0.04308550825662279
TCATTTGTCACATCAG-1,Oligo MOG OPALIN,0.03985155693000643
TCATTTGTCATCACTT-1,Oligo MOG OPALIN,0.9908230026024436
TCCACCACATGGGATG-1,InN SST FREM1,0.06649264273165004
TCCACCAGTTCTAAGC-1,InN SST NPY,0.4046363663975171
TCCACCATCATTTACC-1,Oligo MOG OPALIN,0.9963612634651549
TCCACCATCCCATAGA-1,OPC PDGFRA PCDH15,0.05803931910735906
TCCACGTAGAAGTGTT-1,L3-5 RORB MKX GALR1,0.007134765975521655
TCCACGTCAATATCCG-1,L2-3 CUX2 NTNG1 PALMD,0.0400887699870725
TCCACGTCACCTGCTT-1,Endo CLDN5 SLC7A5,0.18863506859781887
TCCACGTGTCCTGGGT-1,Micro P2RY12 APBB1IP,0.013222775914392157
TCCACGTTCAACACCA-1,Astro GFAP FABP7,0.33244559072672175
TCCACGTTCCCACAGG-1,Endo CLDN5 SLC7A5,0.02413050791675401
TCCAGAACACAGTCGC-1,L3-5 RORB MKX GALR1,0.04668933664459656
TCCAGAACATGACGAG-1,L3-5 RORB MKX GRIN3A,0.0502865249336208
TCCAGAAGTACAGAAT-1,InN SST FREM1,0.019162996005116253
TCCAGAAGTCTGCCTT-1,Oligo MOG OPALIN,0.9134114762345257
TCCAGAAGTGGTAACG-1,Oligo MOG OPALIN,0.4816429666240611
TCCAGAATCGATTTCT-1,Oligo MOG OPALIN,0.40805844193561513
TCCATCGAGACCATGG-1,L3-5 RORB GABRG1 KCNH7,0.024341140378262485
TCCATCGAGAGTGTGC-1,Astro AQP4 SLC1A2,0.9999759687065093
TCCATCGAGGAGGTTC-1,PC P2RY14 GRM8,0.42882271729014454
TCCATCGCAAGGGCAT-1,L3-5 RORB MKX GRIN3A,0.812098682531279
TCCATCGGTCTAGATC-1,Oligo MOG OPALIN,0.8105198920380794
TCCATGCAGATGTTCC-1,L3-5 RORB GABRG1 PTPRO,0.013899809569873424
TCCATGCAGGTTCACT-1,Endo CLDN5 SLC7A5,0.9460969552095864
TCCATGCCAAGGGCAT-1,L6 OPRK1 SMYD1 SNTB1,0.020993698502299592
TCCATGCGTACACTCA-1,L2-4 CUX2 RORB CLMN,0.01403094711887306
TCCATGCGTCCGCAGT-1,Astro AQP4 SLC1A2,0.9331146734242475
TCCATGCGTGTTTGCA-1,Oligo MOG OPALIN,0.9941751048648563
TCCCACAAGATCCCAT-1,Endo CLDN5 SLC7A5,0.011474883849509529
TCCCACAAGCAACAGC-1,Endo CLDN5 SLC7A5,0.18690885827667114
TCCCACACAAGATGTA-1,Astro GFAP FABP7,0.9706871751796147
TCCCACACAGACGATG-1,Endo CLDN5 SLC7A5,0.9998766680104284
TCCCACACAGCTTCGG-1,Oligo MOG OPALIN,0.7524772497597451
TCCCACAGTATTGACC-1,Oligo MOG OPALIN,0.9744305343132358
TCCCACATCCGCATAA-1,Endo CLDN5 SLC7A5,0.771379125924368
TCCCACATCTGTCAGA-1,Astro GFAP AQP1,0.026752264824701274
TCCCAGTCAACTCGAT-1,Oligo MOG OPALIN,0.054371127993642576
TCCCAGTGTCACAGAG-1,L5-6 FEZF2 NXPH2 CDH8,0.025715553333984748
TCCCAGTGTGTCTAAC-1,Astro AQP4 SLC1A2,0.9999855781142587
TCCCATGAGATTAGCA-1,Oligo MOG OPALIN,0.12836246716039904
TCCCATGGTAGCTGTT-1,Endo CLDN5 SLC7A5,0.7971655908057868
TCCGAAAAGTCAATCC-1,Oligo MOG OPALIN,0.16264657066015295
TCCGAAACAGGCGATA-1,L2-3 CUX2 NTNG1 PALMD,0.10721456119025877
TCCGAAAGTTCACCGG-1,Oligo MOG OPALIN,0.05322430399104929
TCCGATCAGCGGACAT-1,Endo CLDN5 SLC7A5,0.10123095384003705
TCCGATCCAATCCTTT-1,Astro AQP4 SLC1A2,0.9999974219251262
TCCGATCCATTGAAAG-1,Astro GFAP AQP1,0.8297425521700242
TCCGATCGTACTGAGG-1,Oligo MOG OPALIN,0.44378511790036945
TCCGATCGTCAACACT-1,Astro AQP4 SLC1A2,0.9985261112987504
TCCGATCGTCCCTGAG-1,Oligo MOG OPALIN,0.5365379063942546
TCCGATCTCCCGTTCA-1,Oligo MOG OPALIN,0.9565807448580274
TCCGGGAAGTCGCTAT-1,L6 FEZF2 SYT6 CDH9,0.01615440489443934
TCCGGGATCAGTGTGT-1,L2-3 CUX2 NTNG1 PALMD,0.014908972510154687
TCCGGGATCATTCTTG-1,Oligo MOG OPALIN,0.4118693862318124
TCCGGGATCCCGAACG-1,Endo CLDN5 SLC7A5,0.8969733972034697
TCCGTGTCACTAGTAC-1,InN ADARB2 FAM19A1,0.9998896261857502
TCCGTGTCAGCAGTCC-1,Oligo MOG OPALIN,0.9994434462437852
TCCGTGTGTCACGCTG-1,Endo CLDN5 SLC7A5,0.14288722516770763
TCCGTGTGTCCCTCAT-1,Endo CLDN5 IL1R1,0.1367341532776106
TCCGTGTGTGAACCGA-1,Astro GFAP FABP7,0.9907127550545818
TCCGTGTTCAGCGCAC-1,Oligo MOG OPALIN,0.3871132594296419
TCCTAATAGCGCTTCG-1,L3-5 RORB MKX GRIN3A,0.09114297968060109
TCCTAATCAAGATTGA-1,Oligo MOG OPALIN,0.9989723539652129
TCCTAATCAAGCCTGC-1,Endo CLDN5 SLC7A5,0.2946191916654735
TCCTAATCACAAGCAG-1,Oligo MOG OPALIN,0.10359911509391927
TCCTAATTCCGATGCG-1,Endo CLDN5 SLC7A5,0.23332695333184622
TCCTAATTCGAGAAGC-1,PC P2RY14 GRM8,0.9967156664044853
TCCTAATTCTCTTGCG-1,L2-3 CUX2 ACVR1C THSD7A,0.9982212251260492
TCCTCCCAGAATTGCA-1,Oligo MOG OPALIN,0.5112955503930209
TCCTCCCAGACATAGT-1,L2-4 CUX2 RORB CLMN,0.09769664117067804
TCCTCCCAGACGGTTG-1,Oligo MOG OPALIN,0.9999579370498202
TCCTCCCAGATAGTCA-1,Oligo MOG OPALIN,0.9998855940297556
TCCTCCCAGATCGGTG-1,Endo CLDN5 SLC7A5,0.17099608320161144
TCCTCCCCACGTGTGC-1,L2-3 CUX2 NTNG1 PALMD,0.03724657125181717
TCCTCCCGTACGAAAT-1,L6 OPRK1 THEMIS RGS6,0.5545330233678453
TCCTCCCTCAGGAAGC-1,Astro AQP4 OSMR,0.08622837510757915
TCCTCGAAGAGCGACT-1,L2-4 CUX2 RORB CLMN,0.1470854867044553
TCCTCGACAACGGGTA-1,Oligo MOG OPALIN,0.5485228858018418
TCCTCGACAATACAGA-1,Endo CLDN5 SLC7A5,0.3694068387570721
TCCTCGATCAAAGAAC-1,Astro AQP4 SLC1A2,0.04616744938558778
TCCTCGATCAAGTTGC-1,Micro P2RY12 APBB1IP,0.2761292087139865
TCCTCGATCACCTCGT-1,L2-3 CUX2 NTNG1 PALMD,0.7625108497710785
TCCTCTTAGCCATTGT-1,L5-6 FEZF2 NXPH2 GRIK1,0.2473496876256307
TCCTCTTAGCGTGCTC-1,Oligo MOG OPALIN,0.9990923438523254
TCCTCTTCATTGCTTT-1,Astro GFAP AQP1,0.9276163287932929
TCCTCTTGTCTTCAAG-1,Astro AQP4 SLC1A2,0.9999917149028646
TCCTGCAAGCACTGGA-1,L2-3 CUX2 ACVR1C THSD7A,0.12344669437204167
TCCTGCACAATCGAAA-1,Endo CLDN5 SLC7A5,0.8839672521378644
TCCTGCACACTGAATC-1,Oligo MOG GSN,0.10166095613760415
TCCTGCAGTTGCTAGT-1,L2-3 CUX2 ACVR1C INHBA,0.03272255491294823
TCCTGCATCAGCATTG-1,InN SST ADAMTSL1,0.8720531082274361
TCCTGCATCGAGAAGC-1,L2-3 CUX2 NTNG1 PALMD,0.12344280445646384
TCCTTCTAGATAGCTA-1,Endo CLDN5 SLC7A5,0.9511654470754421
TCCTTCTAGCATAGGC-1,Oligo MOG OPALIN,0.9997626601442392
TCCTTCTAGCCATTGT-1,Astro AQP4 SLC1A2,0.9999331455949627
TCCTTCTAGGACACTG-1,Oligo MOG OPALIN,0.9913033786866181
TCCTTCTCATCTATCT-1,Endo CLDN5 SLC7A5,0.014854699372255307
TCCTTCTGTGAGATTA-1,InN LAMP5 RELN,0.9959960367838118
TCCTTCTGTTCGCGTG-1,Oligo MOG OPALIN,0.32047161279333386
TCCTTCTTCCGCAGTG-1,L3-5 RORB GABRG1 PTPRO,0.10640876491849235
TCCTTTCAGATCACCT-1,Oligo MOG OPALIN,0.023852724988505446
TCCTTTCAGTTAGAAC-1,Oligo MOG OPALIN,0.9996285515605441
TCCTTTCCAAGAGAGA-1,Endo CLDN5 SLC7A5,0.28267779173808577
TCCTTTCGTAATGTGA-1,Endo CLDN5 SLC7A5,0.017433926839623796
TCCTTTCGTGTTCCAA-1,Endo CLDN5 SLC7A5,0.999840026223798
TCGAACAAGCCACCGT-1,Endo CLDN5 SLC7A5,0.8029544573883927
TCGAACAAGCGCCTTG-1,L3-5 RORB MKX GRIN3A,0.08974518775877398
TCGAACAAGGACTGGT-1,Endo CLDN5 SLC7A5,0.7280097678248253
TCGAACACAGCTGTTA-1,L2-3 CUX2 NTNG1 PALMD,0.19339832776033355
TCGAACAGTTCCACGG-1,Oligo MOG OPALIN,0.9999615055372454
TCGAACAGTTGTCCCT-1,Micro P2RY12 APBB1IP,0.9865958523034729
TCGAAGTAGCGGTATG-1,Astro AQP4 SLC1A2,0.9976169193038401
TCGAAGTGTATGCGTT-1,L2-3 CUX2 ACVR1C THSD7A,0.9997581365832027
TCGACCTTCACAAGAA-1,Oligo MOG OPALIN,0.07565429988164228
TCGACCTTCGGACTGC-1,SMC ACTA2 CNN1,0.028608721851575782
TCGACGGGTAGGCAAC-1,L3-5 RORB MKX GRIN3A,0.3151189708461115
TCGACGGGTCATCGCG-1,Endo CLDN5 SLC7A5,0.13479128854221412
TCGACGGGTCTCGGGT-1,Astro GFAP AQP1,0.999919209848074
TCGACGGGTTCTCGCT-1,Oligo MOG OPALIN,0.9997807338634872
TCGATTTAGTGCAACG-1,InN VIP HS3ST3B1,0.9150003806013879
TCGATTTCAGCGAGTA-1,Endo CLDN5 SLC7A5,0.1464592758828476
TCGATTTGTGAAAGTT-1,Oligo MOG OPALIN,0.5974643719077961
TCGATTTGTTTATGCG-1,Micro P2RY12 APBB1IP,0.999855096551401
TCGATTTTCATTTGGG-1,L2-3 CUX2 ACVR1C THSD7A,0.03318166591337042
TCGATTTTCGAGCCAC-1,L6 OPRK1 THEMIS RGS6,0.06101937439409135
TCGATTTTCGCGTGCA-1,L3-5 RORB GABRG1 PTPRO,0.18263724990081212
TCGCACTAGCAGCGAT-1,Oligo MOG OPALIN,0.9672875804915172
TCGCACTCAATGCTCA-1,L3-5 RORB GABRG1 PTPRO,0.01240391742642074
TCGCACTCATGTGGCC-1,Endo CLDN5 SLC7A5,0.022688888558652427
TCGCACTTCATGCTAG-1,Oligo MOG OPALIN,0.9997663147813688
TCGCAGGAGTCACTCA-1,Oligo MOG OPALIN,0.2115615991307004
TCGCAGGGTAATGTGA-1,L2-3 CUX2 NTNG1 PALMD,0.15676347824212686
TCGCAGGGTATAGCTC-1,Endo CLDN5 SLC7A5,0.5378591796371393
TCGCAGGGTGAGAGGG-1,L2-3 CUX2 ACVR1C THSD7A,0.9577506925826659
TCGCAGGTCACCACAA-1,L2-4 CUX2 RORB CLMN,0.0316271211228075
TCGCAGGTCTAAGAAG-1,Endo CLDN5 SLC7A5,0.6193451209204505
TCGCTCAAGCACACAG-1,Oligo MOG OPALIN,0.07385396234070647
TCGCTCACAAAGGCAC-1,L2-3 CUX2 NTNG1 PALMD,0.25039502394480884
TCGCTCATCGGCTTCT-1,Endo CLDN5 SLC7A5,0.9993163933128729
TCGCTTGAGACGCTCC-1,L6 OPRK1 THEMIS RGS6,0.0609789481854301
TCGCTTGGTAGCTGTT-1,Endo CLDN5 SLC7A5,0.15808149481888098
TCGCTTGTCGCCTCTA-1,Astro GFAP AQP1,0.053510518013221396
TCGCTTGTCGTGCTCT-1,Oligo MOG OPALIN,0.9940173023640693
TCGGATACAGCGTACC-1,Endo CLDN5 SLC7A5,0.8927520423505036
TCGGATACAGTTGGTT-1,Oligo MOG OPALIN,0.9499031727661782
TCGGATAGTAACATCC-1,Micro P2RY12 APBB1IP,0.7704611898090736
TCGGATAGTCAACGCC-1,InN SST PLPP4,0.051986798412083195
TCGGATATCCTTCTTC-1,Endo CLDN5 SLC7A5,0.8868274240171428
TCGGGACAGACTCAAA-1,Endo CLDN5 SLC7A5,0.9718242795060913
TCGGGACTCAAGCCAT-1,Endo CLDN5 SLC7A5,0.1457323602541461
TCGGGCAAGCGTTACT-1,Oligo MOG OPALIN,0.08252129297099309
TCGGGCACAGAACCGA-1,OPC PDGFRA PCDH15,0.999999998174091
TCGGGCACATGGGTTT-1,Oligo MOG OPALIN,0.20194630621147067
TCGGGCACATTCTCCG-1,Oligo MOG OPALIN,0.8334946647340442
TCGGGCAGTCAGTCGC-1,Oligo MOG OPALIN,0.5827801703126413
TCGGGTGAGATTGTGA-1,Oligo MOG OPALIN,0.9827970075859063
TCGGGTGAGCCATTTG-1,Endo CLDN5 SLC7A5,0.4200223343021265
TCGGGTGCAAAGCGTG-1,L3-5 RORB GABRG1 KCNH7,0.6242921202050353
TCGGGTGCATCGGAAG-1,Astro AQP4 SLC1A2,0.02283921869318281
TCGGGTGGTACCACGC-1,Micro P2RY12 APBB1IP,0.9699567121256667
TCGGGTGTCATTCGTT-1,Oligo MOG OPALIN,0.23219561348494755
TCGGTCTAGACCAAGC-1,L6 FEZF2 DCBLD1 MITF,0.13388010843231823
TCGGTCTCAAAGGCAC-1,Endo CLDN5 SLC7A5,0.036246227005680906
TCGGTCTGTATGAGAT-1,Oligo MOG OPALIN,0.958724265509466
TCGGTCTGTCACTCAA-1,Endo CLDN5 SLC7A5,0.18425068800289127
TCGGTCTTCTGAATCG-1,Oligo MOG OPALIN,0.9999673872491913
TCGGTCTTCTGCAGCG-1,Oligo MOG OPALIN,0.29887025928389166
TCGTAGAAGAATAACC-1,Endo CLDN5 SLC7A5,0.33334163437911346
TCGTAGAAGTATAGAC-1,Oligo MOG FRY,0.018583814541071
TCGTAGACAACCTAAC-1,L6 OPRK1 THEMIS RGS6,0.17612092822602013
TCGTAGACACGAAGAC-1,Endo CLDN5 SLC7A5,0.6483734173967398
TCGTCCAAGACGAAGA-1,Endo CLDN5 SLC7A5,0.6038212391872756
TCGTCCAGTAGTGGCA-1,Endo CLDN5 SLC7A5,0.17393782607969202
TCGTCCAGTCAACCAT-1,Oligo MOG OPALIN,0.6593936571812671
TCGTCCATCCGTGACG-1,L2-3 CUX2 NTNG1 PALMD,0.30098440863190157
TCGTGCTCATAACCCA-1,Oligo MOG OPALIN,0.10870022259053946
TCGTGCTCATTATGCG-1,L2-3 CUX2 ACVR1C INHBA,0.4602871136866317
TCGTGCTGTTGTTGTG-1,Astro AQP4 SLC1A2,0.11468629703406989
TCGTGCTTCCAAGCCG-1,Endo CLDN5 SLC7A5,0.8631749056734694
TCGTGGGAGACCATGG-1,Oligo MOG OPALIN,0.9997743962765318
TCGTGGGAGATTGATG-1,L2-3 CUX2 NTNG1 PALMD,0.019492354664783086
TCGTGGGAGTACTGGG-1,Astro AQP4 SLC1A2,0.9905033303749914
TCGTGGGGTACAAACA-1,Endo CLDN5 SLC7A5,0.06863242762756577
TCTAACTAGTAATTGG-1,Endo CLDN5 SLC7A5,0.392503607881587
TCTAACTCAAATGGAT-1,Oligo MOG OPALIN,0.9938521471910718
TCTAACTCACCTGTCT-1,Endo CLDN5 SLC7A5,0.9228756516005603
TCTAACTCATCTCAAG-1,L2-3 CUX2 NTNG1 COL5A2,0.05499948444931448
TCTAACTTCGCTGTCT-1,L6 OPRK1 THEMIS RGS6,0.02401231180759527
TCTAACTTCTGGGTCG-1,Oligo MOG OPALIN,0.3252759325153529
TCTACATAGCCAAGCA-1,Endo CLDN5 SLC7A5,0.3898079483391601
TCTACATAGGAACGTC-1,L2-3 CUX2 NTNG1 PALMD,0.02604193281364436
TCTACATCAACACGAG-1,L6 OPRK1 THEMIS RGS6,0.8629112191628429
TCTACATCAAGGCCTC-1,InN SST STK32A,0.9988700521678274
TCTACATGTACGTTCA-1,Oligo MOG OPALIN,0.9334426801197618
TCTACATGTTAGTCGT-1,Endo CLDN5 SLC7A5,0.12496194196799393
TCTACATGTTGGTACT-1,Oligo MOG OPALIN,0.014588605409287119
TCTACATTCAGCCCAG-1,InN VIP EXPH5,0.010899841704381111
TCTACATTCGTGGCGT-1,Astro AQP4 SLC1A2,0.9917914211983371
TCTACCGAGTAGCAAT-1,Endo CLDN5 SLC7A5,0.08726836982370695
TCTACCGCAGCCCAGT-1,Endo CLDN5 SLC7A5,0.05226124028288616
TCTACCGCAGTTGCGC-1,Endo CLDN5 SLC7A5,0.9419470488276234
TCTACCGTCAAACGAA-1,Oligo MOG GSN,0.9904282206576557
TCTACCGTCTTACGTT-1,Astro GFAP AQP1,0.060736078302274434
TCTATACAGTAGCTCT-1,Oligo MOG OPALIN,0.958030025631429
TCTATACAGTCATCGT-1,L2-3 CUX2 NTNG1 PALMD,0.3093304608542986
TCTATACAGTGCGACA-1,InN SST HS3ST5,0.8780630987404424
TCTATACGTACGTGAG-1,Astro AQP4 SLC1A2,0.4186777782343503
TCTATACGTCAAGTTC-1,Endo CLDN5 SLC7A5,0.3323849845724831
TCTATCACAAAGACGC-1,Oligo MOG OPALIN,0.5300152748221267
TCTCACGCAAGGAGTC-1,InN SST HTR2C,0.6984000058345876
TCTCACGCAAGTCATC-1,Oligo MOG OPALIN,0.2146934854210367
TCTCACGCAAGTGACG-1,Endo CLDN5 SLC7A5,0.8888368417216413
TCTCACGCACTTCATT-1,L2-3 CUX2 ACVR1C INHBA,0.1754547533418923
TCTCACGGTTATTCCT-1,OPC PDGFRA PCDH15,0.9999999999999274
TCTCACGTCATCAGTG-1,L2-3 CUX2 ACVR1C THSD7A,0.029497863365697808
TCTCAGCAGTAGTCCT-1,L2-3 CUX2 NTNG1 COL5A2,0.014144305660713749
TCTCAGCAGTATGCAA-1,L2-3 CUX2 NTNG1 PALMD,0.029792223806807096
TCTCAGCCAATAGTAG-1,Astro AQP4 SLC1A2,0.9991832496389427
TCTCAGCGTGACAACG-1,Oligo MOG OPALIN,0.10539340966545484
TCTCAGCGTGTTTGCA-1,OPC PDGFRA PCDH15,0.9999990000580321
TCTCAGCTCATCTACT-1,InN VIP ADAM12,0.07825338749747981
TCTCCGAAGACTGTTC-1,Oligo MOG OPALIN,0.9994354464911718
TCTCCGACATTGAAGA-1,Astro AQP4 SLC1A2,0.9589515713643814
TCTCTGGAGCCAGACA-1,Endo CLDN5 SLC7A5,0.1938090582293073
TCTCTGGAGGACAAGA-1,Endo CLDN5 SLC7A5,0.4130220301191867
TCTCTGGCACACGCCA-1,Endo CLDN5 SLC7A5,0.46375363917528184
TCTCTGGCATCACAGT-1,Endo CLDN5 SLC7A5,0.6818014178052204
TCTCTGGCATGAGTAA-1,OPC PDGFRA PCDH15,0.999999999834291
TCTCTGGGTCAGCGTC-1,Endo CLDN5 SLC7A5,0.8528737893704729
TCTCTGGGTCTACACA-1,Oligo MOG OPALIN,0.7793308279598165
TCTCTGGGTGTCTCCT-1,Astro GFAP AQP1,0.8876902218782462
TCTGCCACAACAGATA-1,Oligo MOG OPALIN,0.8813645496788405
TCTGCCACAACATACC-1,Oligo MOG OPALIN,0.3949555878547465
TCTGCCACAATGTGGG-1,Astro AQP4 SLC1A2,0.5847893361050512
TCTGCCACAGATACCT-1,L5-6 FEZF2 NXPH2 GRIK1,0.9990073424343089
TCTGGCTAGGAACGAA-1,Endo CLDN5 SLC7A5,0.03518853722936314
TCTGGCTAGTAACGAT-1,Endo CLDN5 SLC7A5,0.20068571854567932
TCTGGCTAGTAGCTCT-1,L2-3 CUX2 NTNG1 COL5A2,0.023500189092058112
TCTGGCTAGTCTCCTC-1,Astro GFAP AQP1,0.026003286321114087
TCTGGCTCAATCCTTT-1,Endo CLDN5 SLC7A5,0.497106986442533
TCTGGCTCAATGAAAC-1,Endo CLDN5 SLC7A5,0.9099050394612538
TCTGGCTCACCTTCCA-1,L2-3 CUX2 NTNG1 PALMD,0.09153220058129627
TCTGGCTGTTGCCGCA-1,Oligo MOG OPALIN,0.8632995635283314
TCTGGCTTCCCATAAG-1,L2-3 CUX2 NTNG1 COL5A2,0.7301802193644121
TCTGTCGAGAAGATCT-1,Endo CLDN5 SLC7A5,0.041959883958656914
TCTGTCGAGGAACATT-1,Oligo MOG OPALIN,0.12520324895865692
TCTGTCGGTGACAACG-1,Astro AQP4 SLC1A2,0.3627860707419948
TCTGTCGGTTAGAAAC-1,VLMC COL1A2 VLMCA8,0.29562933657307106
TCTGTCGGTTCTTGTT-1,Endo CLDN5 SLC7A5,0.06292094803097784
TCTTAGTAGGCCCACT-1,Endo CLDN5 SLC7A5,0.7014725469448442
TCTTAGTCAATTTCTC-1,Oligo MOG OPALIN,0.9162447034492542
TCTTAGTCACAATGAA-1,Endo CLDN5 SLC7A5,0.09712085219613886
TCTTAGTGTATCGTGT-1,L2-3 CUX2 ACVR1C THSD7A,0.6771207769459282
TCTTAGTGTCCTGGGT-1,SMC ACTA2 CRISPLD2,0.017251933199323267
TCTTAGTGTTCCTACC-1,Oligo MOG OPALIN,0.6124585770618614
TCTTAGTTCTGCCTGT-1,L3-5 RORB MKX GRIN3A,0.027953984133650425
TCTTCCTCAACGGCTC-1,L3-5 RORB MKX GRIN3A,0.017927332376134267
TCTTCCTCAGCGTATT-1,L6 FEZF2 SYT6 ERBB4,0.1435996262295818
TCTTCCTGTACTCGAT-1,Astro GFAP AQP1,0.06407986901406094
TCTTCCTGTAGAGGAA-1,Endo CLDN5 SLC7A5,0.09053748488706398
TCTTCCTGTATCTCTT-1,Oligo MOG OPALIN,0.2702317159060595
TCTTCCTTCACCTGTC-1,Endo CLDN5 SLC7A5,0.9978590214686887
TCTTCCTTCCGGCAAC-1,InN VIP HS3ST3B1,0.9534540998143898
TCTTGCGAGTCCGTCG-1,L2-3 CUX2 NTNG1 PALMD,0.13302248625411248
TCTTGCGCATGACAGG-1,L2-3 CUX2 NTNG1 PALMD,0.144388915463444
TCTTGCGGTCGAGTGA-1,Astro GFAP AQP1,0.0100180240247932
TCTTGCGTCGAAGGAC-1,L3-5 RORB MKX GRIN3A,0.049749080119435414
TCTTGCGTCGGATAAA-1,OPC PDGFRA PCDH15,0.9999999999999842
TCTTTGAGTCCATACA-1,Macro F13A1 COLEC12,0.9848914916733595
TCTTTGAGTTATTCCT-1,Endo CLDN5 SLC7A5,0.19481552260167886
TCTTTGATCGGCACTG-1,Endo CLDN5 SLC7A5,0.8940457078866535
TGAACGTAGCATCGAG-1,Oligo MOG OPALIN,0.9999969244880621
TGAACGTAGTTCCGTA-1,Astro AQP4 SLC1A2,0.9999974801840071
TGAACGTCACAATTCG-1,Oligo MOG GSN,0.9694050699679312
TGAACGTCAGGTTCAT-1,SMC ACTA2 CRISPLD2,0.01635611620764006
TGAACGTGTGATTCAC-1,Endo CLDN5 SLC7A5,0.027150991304533224
TGAACGTTCGTGTCAA-1,Endo CLDN5 SLC7A5,0.08937244298192283
TGAATCGAGAGAGTTT-1,L2-3 CUX2 NTNG1 PALMD,0.21727391132770216
TGAATCGAGTGGATTA-1,Oligo MOG OPALIN,0.9681277035915082
TGAATCGCACGTCGTG-1,L3-5 RORB GABRG1 PTPRO,0.16701893907155616
TGAATCGCAGACCCGT-1,Endo CLDN5 SLC7A5,0.3698556711391699
TGAATCGGTTATAGCC-1,Astro GFAP AQP1,0.9547466489003411
TGAATCGTCACGGGAA-1,L2-3 CUX2 NTNG1 PALMD,0.3571293704720117
TGAATGCAGAGGCCAT-1,Astro AQP4 SLC1A2,0.6828874831237373
TGAATGCAGGTCACAG-1,L6 FEZF2 SYT6 ERBB4,0.015356986456931208
TGAATGCCAAGGTTGG-1,L2-3 CUX2 ACVR1C INHBA,0.05892003067102653
TGAATGCGTCCCTGTT-1,Endo CLDN5 SLC7A5,0.7285549915550915
TGAATGCTCTGCTCTG-1,Endo CLDN5 SLC7A5,0.9085613692321336
TGAATGCTCTTAGTTC-1,Endo CLDN5 SLC7A5,0.9751825523080037
TGACAGTAGATTGATG-1,Astro GFAP AQP1,0.31855910531105586
TGACAGTCAGAGTCTT-1,Endo CLDN5 SLC7A5,0.491184112803452
TGACAGTCATACCAGT-1,Astro GFAP AQP1,0.02754608028038588
TGACAGTGTCAATGGG-1,Astro AQP4 SLC1A2,0.7333523076232115
TGACAGTTCTCAACGA-1,Endo CLDN5 SLC7A5,0.1938629304115587
TGACCCTCATTGGCAT-1,Oligo MOG FRY,0.1609061686673039
TGACCCTTCGGAAACG-1,L2-3 CUX2 ACVR1C THSD7A,0.891873471260783
TGACGCGCATCTTCGC-1,Endo CLDN5 SLC7A5,0.9275151338544907
TGACGCGGTGCATCTA-1,L2-3 CUX2 NTNG1 PALMD,0.024192804350451583
TGACGCGTCTAGCCAA-1,PC P2RY14 GRM8,0.9991073693912729
TGACTCCAGAATTCAG-1,Endo CLDN5 SLC7A5,0.03086234384400526
TGACTCCAGCCTCCAG-1,L3-5 RORB GABRG1 PTPRO,0.2360321967999557
TGACTCCAGTTTCGAC-1,Endo CLDN5 SLC7A5,0.005235441908127078
TGACTCCCAAGTGGTG-1,Endo CLDN5 SLC7A5,0.562455809554391
TGACTCCCAGAGTAAT-1,Endo CLDN5 SLC7A5,0.3253119297906425
TGACTCCCAGCCTTCT-1,Endo CLDN5 IL1R1,0.06697299475386302
TGACTCCCAGTTCACA-1,InN VIP MEGF11 LHFP,0.02657740564297998
TGACTCCCATCCTTGC-1,Astro AQP4 SLC1A2,0.2765304688467633
TGACTCCGTGGGTATG-1,Oligo MOG OPALIN,0.3320271566875046
TGACTCCTCTTCCCAG-1,Astro AQP4 SLC1A2,0.999885728106189
TGAGACTAGACCTCAT-1,Astro AQP4 SLC1A2,0.5727427090314288
TGAGACTCAGTATGAA-1,L2-3 CUX2 NTNG1 PALMD,0.19766335424064657
TGAGACTCATGATCTG-1,InN SST STK32A,0.060156860352943556
TGAGACTGTGGACAGT-1,Endo CLDN5 SLC7A5,0.04444580299794814
TGAGACTTCAGCCTCT-1,Endo CLDN5 IL1R1,0.025645012898246652
TGAGACTTCCGCATAA-1,Endo CLDN5 SLC7A5,0.8889266488184163
TGAGACTTCTTGGCTC-1,Oligo MOG OPALIN,0.9997750196413964
TGAGCATCAAGGTCAG-1,Oligo MOG OPALIN,0.9999916612662703
TGAGCATCACCTGCTT-1,Endo CLDN5 SLC7A5,0.8223351592168756
TGAGCATGTGTCCGGT-1,Astro GFAP AQP1,0.40031076074603494
TGAGCATGTTTGGCTA-1,OPC PDGFRA PCDH15,0.04715329756350922
TGAGCATTCTAGAACC-1,L2-3 CUX2 NTNG1 PALMD,0.020436633895663133
TGAGCATTCTCGAGTA-1,Endo CLDN5 SLC7A5,0.09643056871491619
TGAGCATTCTTCCGTG-1,Endo CLDN5 SLC7A5,0.28364226562666917
TGAGCGCAGCGTATGG-1,Oligo MOG OPALIN,0.07049588148972004
TGAGCGCGTCCAGCAC-1,Endo CLDN5 SLC7A5,0.03039471134968958
TGAGCGCGTGTTTGCA-1,Oligo MOG OPALIN,0.9999988345876879
TGAGCGCTCAAGGACG-1,Oligo MOG OPALIN,0.05722485259460445
TGAGCGCTCACATCAG-1,Endo CLDN5 SLC7A5,0.24856410892832853
TGAGCGCTCTCTGGTC-1,Oligo MOG OPALIN,0.7204584996791805
TGAGGAGAGACGCTCC-1,Endo CLDN5 DKK2,0.3505815080080574
TGAGGAGAGGTGCCAA-1,L2-3 CUX2 NTNG1 PALMD,0.04268360313420711
TGAGGAGAGTAGGATT-1,Oligo MOG OPALIN,0.027626733775561168
TGAGGAGCAAGTCCAT-1,Micro P2RY12 APBB1IP,0.9998366914388471
TGAGGAGGTCAAAGTA-1,Endo CLDN5 SLC7A5,0.9840234399760147
TGAGGAGGTGCACGCT-1,Oligo MOG OPALIN,0.9999503228096049
TGAGGAGGTTAGTCGT-1,Oligo MOG OPALIN,0.02785945860750761
TGAGGAGTCGGCCCAA-1,L6 OPRK1 THEMIS RGS6,0.008166813512316698
TGAGGAGTCTCGAACA-1,Oligo MOG OPALIN,0.9999921525613191
TGAGGGAAGCTGGAGT-1,L3-5 RORB MKX GRIN3A,0.7067253025569409
TGAGGGATCCCTTGTG-1,Oligo MOG OPALIN,0.5834667087457984
TGAGGTTCAAACTCTG-1,Astro AQP4 SLC1A2,0.9824440420866392
TGAGGTTCAGAATCGG-1,Oligo MOG OPALIN,0.9999437047044678
TGAGGTTGTGCCCAGT-1,Astro AQP4 SLC1A2,0.9999292290741666
TGAGGTTTCACGATCA-1,L6 FEZF2 NPFFR2 KCNK2,0.235361974784753
TGAGGTTTCCAGTTCC-1,Endo CLDN5 SLC7A5,0.28018306002501914
TGAGTCACAACAACAA-1,Oligo MOG OPALIN,0.9996429893295995
TGAGTCATCAGCCCAG-1,Endo CLDN5 SLC7A5,0.2359068788507348
TGATCAGAGACTTCCA-1,InN PVALB GRIN2C,0.9959536934251886
TGATCAGGTCGTTATG-1,OPC PDGFRA PCDH15,0.9999999999656588
TGATCAGTCACTACTT-1,Endo CLDN5 SLC7A5,0.5289785699486712
TGATCAGTCCCTTTGG-1,Oligo MOG OPALIN,0.9522606244203632
TGATCTTAGCACGGAT-1,Endo CLDN5 SLC7A5,0.18293409520933065
TGATCTTAGTGGCCTC-1,Endo CLDN5 DKK2,0.9725598915272998
TGATCTTCACAGTCAT-1,InN PVALB PDE3A,0.5007300203030447
TGATCTTTCAAGTGGG-1,L5-6 FEZF2 NXPH2 SORCS3,0.005937233505425578
TGATCTTTCCACGAAT-1,Endo CLDN5 SLC7A5,0.2787249390440578
TGATGCAGTCTACATG-1,Oligo MOG OPALIN,0.01752958001884753
TGATGCAGTCTGTCAA-1,Oligo MOG OPALIN,0.3921066447775151
TGATGCATCATACAGC-1,Endo CLDN5 SLC7A5,0.803099022412599
TGATGCATCTCTTAAC-1,L3-5 RORB GABRG1 KCNH7,0.22993940335073662
TGATGGTAGATCCCGC-1,Endo CLDN5 SLC7A5,0.9384681200765497
TGATGGTAGGGATCAC-1,Endo CLDN5 SLC7A5,0.9052926391642194
TGATGGTAGGTTACAA-1,Astro GFAP AQP1,0.09923446228572252
TGATGGTGTAGAATGT-1,Endo CLDN5 SLC7A5,0.34914660510069195
TGATGGTGTGCCTACG-1,L3-5 RORB MKX GRIN3A,0.12648057863820283
TGATGGTGTTGGGCCT-1,Endo CLDN5 SLC7A5,0.6643154011265306
TGATGGTGTTTCAGAC-1,InN SST ADAMTSL1,0.8888497158111429
TGATGGTTCAGATGCT-1,Astro AQP4 SLC1A2,0.7786762725841657
TGATGGTTCGCTTGCT-1,L6 OPRK1 SMYD1 SNTB1,0.043467111598217104
TGATGGTTCGTACACA-1,Endo CLDN5 SLC7A5,0.7375231584333892
TGATTCTGTGACTGAG-1,L6 OPRK1 THEMIS RGS6,0.5995930009556173
TGATTCTTCCCGAGAC-1,Astro AQP4 SLC1A2,0.9961777632635755
TGATTCTTCGCAATGT-1,Endo CLDN5 SLC7A5,0.3496851786752009
TGATTTCAGGGCAATC-1,Endo CLDN5 SLC7A5,0.6267476976970505
TGATTTCCAGTCGCTG-1,L2-3 CUX2 NTNG1 PALMD,0.015987393995621366
TGATTTCGTAAGCAAT-1,Endo CLDN5 SLC7A5,0.724800444423386
TGATTTCGTTCCATTT-1,Astro GFAP AQP1,0.6564279132905313
TGATTTCTCCGCACGA-1,OPC PDGFRA PCDH15,0.9999999999998237
TGATTTCTCTGATTCT-1,L6 OPRK1 THEMIS RGS6,0.7862692759093101
TGCACGGAGCGGTAGT-1,L2-3 CUX2 NTNG1 PLCH1,0.11830748936811371
TGCACGGAGGAGGTTC-1,Oligo MOG FRY,0.09098336115767612
TGCACGGCAACTCATG-1,Endo CLDN5 SLC7A5,0.05110181836129433
TGCACGGCAGTAGAGC-1,Endo CLDN5 SLC7A5,0.7844082581734162
TGCACGGTCAAGGAGC-1,Endo CLDN5 SLC7A5,0.010130432784121353
TGCACGGTCCTCATAT-1,L2-3 CUX2 NTNG1 PALMD,0.06832096446437709
TGCAGATCACCTCTGT-1,L2-3 CUX2 NTNG1 PALMD,0.9924636103541313
TGCAGATCATACCACA-1,Oligo MOG OPALIN,0.9997944167707409
TGCAGATCATTACTCT-1,Endo CLDN5 SLC7A5,0.6944295286599773
TGCAGATGTCGTAATC-1,Endo CLDN5 SLC7A5,0.6307491438136019
TGCAGATTCTTGCAAG-1,Oligo MOG OPALIN,0.2701606907969109
TGCAGGCCACCGTGCA-1,OPC PDGFRA PCDH15,0.9999999999988343
TGCAGGCTCAGCTTCC-1,L2-3 CUX2 NTNG1 PALMD,0.16745578116276214
TGCAGGCTCATAGGCT-1,Endo CLDN5 SLC7A5,0.4705552640543036
TGCAGTAAGCACGGAT-1,Oligo MOG OPALIN,0.9999805252480188
TGCAGTAAGCAGAAAG-1,Oligo MOG OPALIN,0.6107181849062389
TGCAGTAGTCAACGCC-1,Endo CLDN5 SLC7A5,0.7159397655898859
TGCAGTATCATGGAGG-1,InN SST FREM1,0.013904345191452236
TGCAGTATCTGTGCGG-1,Astro AQP4 SLC1A2,0.21192973675399818
TGCATCCAGTCACTGT-1,Endo CLDN5 SLC7A5,0.7958618859067168
TGCATCCAGTGGACTG-1,Endo CLDN5 SLC7A5,0.6743633774276311
TGCATCCGTATAGCTC-1,Oligo MOG OPALIN,0.9999970114242539
TGCATCCTCTAGACCA-1,L2-4 CUX2 RORB CLMN,0.2755479982198926
TGCATGAAGAGAGGTA-1,Oligo MOG OPALIN,0.9976958968311596
TGCATGAAGATCGGTG-1,Oligo MOG OPALIN,0.01973627230218522
TGCATGAAGCTGACAG-1,OPC PDGFRA PCDH15,0.5918856090855625
TGCATGAAGGGTACGT-1,InN SST HTR2C,0.10371660060849934
TGCATGAAGGTAGACC-1,Endo CLDN5 SLC7A5,0.5213623215418758
TGCATGACAAATAGCA-1,Endo CLDN5 SLC7A5,0.7108978469622731
TGCATGACAGAGGCAT-1,L6 OPRK1 THEMIS RGS6,0.20411083838349847
TGCATGACAGCTGTGC-1,Oligo MOG OPALIN,0.29840417770372335
TGCATGACAGCTTCGG-1,Oligo MOG OPALIN,0.9999313017729595
TGCATGAGTAACATAG-1,Oligo MOG OPALIN,0.05190531767889636
TGCATGAGTACAGAGC-1,L2-3 CUX2 NTNG1 PALMD,0.039647319242874866
TGCATGAGTAGGCAGT-1,Astro AQP4 SLC1A2,0.9991771344516324
TGCATGAGTTGTTGTG-1,L6 OPRK1 THEMIS RGS6,0.9992731834728322
TGCCGAGAGAAACTAC-1,L3-5 RORB MKX GRIN3A,0.11165632346464988
TGCCGAGGTGGGATTG-1,Oligo MOG OPALIN,0.9310633741453858
TGCCGAGTCATTACCT-1,InN VIP MEGF11 LHFP,0.9122805718897644
TGCCGAGTCCAATCCC-1,Endo CLDN5 SLC7A5,0.0930295906044213
TGCCGAGTCCTCACTG-1,Endo CLDN5 SLC7A5,0.3184816458326188
TGCCGAGTCGTTCCTG-1,OPC PDGFRA PCDH15,0.9999999473619173
TGCCGAGTCTACCCAC-1,Oligo MOG GSN,0.019313973250478386
TGCGACGAGAATCGCG-1,Oligo MOG OPALIN,0.8862708189710434
TGCGACGAGACGAGCT-1,OPC PDGFRA PCDH15,0.019903160369004365
TGCGACGAGCGTCAAG-1,Astro AQP4 SLC1A2,0.9999963344958607
TGCGACGCATCCGAAT-1,Astro GFAP FABP7,0.014769152951027029
TGCGACGCATGGGCAA-1,Endo CLDN5 SLC7A5,0.9982120126344206
TGCGACGGTCTCTCTG-1,Endo CLDN5 SLC7A5,0.3347461909446532
TGCGACGGTCTGCCTT-1,L6 OPRK1 THEMIS RGS6,0.6495124814456525
TGCGACGGTTATCTTC-1,Astro GFAP FABP7,0.8751074476340568
TGCGATATCGCCGTGA-1,Oligo MOG OPALIN,0.6526189164756176
TGCGGCAAGTCCCAGC-1,Oligo MOG OPALIN,0.40402052902010377
TGCGGCACAAGTCCAT-1,Endo CLDN5 SLC7A5,0.03187292130145529
TGCGGCACAATTTCCT-1,Endo CLDN5 SLC7A5,0.5932310586029379
TGCGGCACACGCAAAG-1,Astro GFAP AQP1,0.9998334558968257
TGCGGCAGTACTCCGG-1,InN VIP HS3ST3B1,0.8252205845347729
TGCGGCAGTCCTGAAT-1,Endo CLDN5 SLC7A5,0.19231413476823006
TGCGGCATCTCGCTCA-1,Endo CLDN5 SLC7A5,0.1129576611990454
TGCGGGTAGATGATTG-1,Oligo MOG OPALIN,0.98611913999103
TGCGGGTAGGCAGCTA-1,Oligo MOG OPALIN,0.4618289730428235
TGCGGGTAGGCCATAG-1,Endo CLDN5 SLC7A5,0.11983842763468754
TGCGGGTCAATGCTCA-1,Endo CLDN5 SLC7A5,0.8841809132504376
TGCGGGTCACACCTAA-1,Endo CLDN5 SLC7A5,0.013146602948440568
TGCGGGTCACTCCCTA-1,InN LAMP5 ADAMTS20,0.013337117445641141
TGCGGGTCAGCTTCCT-1,L2-3 CUX2 ACVR1C THSD7A,0.9992603465883921
TGCTCCAGTATGACAA-1,Astro GFAP FABP7,0.9901485841435906
TGCTCCAGTTCCATTT-1,L3-5 RORB MKX GRIN3A,0.03835521448120213
TGCTCCAGTTCTAACG-1,L2-4 CUX2 RORB CLMN,0.585849534963766
TGCTCCATCTGGACCG-1,Endo CLDN5 SLC7A5,0.5076549484387329
TGCTCGTAGCATTGAA-1,Astro GFAP AQP1,0.4305007018439115
TGCTCGTAGCGCCTCA-1,Endo CLDN5 SLC7A5,0.35280332525592245
TGCTCGTCAAGGCAAC-1,L2-3 CUX2 NTNG1 PALMD,0.2087859707743701
TGCTCGTCATCAGTGT-1,Oligo MOG OPALIN,0.9999989550864747
TGCTCGTTCGCAATTG-1,Endo CLDN5 SLC7A5,0.2862681411518595
TGCTCGTTCTATCCAT-1,L3-5 RORB MKX GALR1,0.046551483598279195
TGCTGAACAACCTATG-1,L2-3 CUX2 NTNG1 PALMD,0.2689535345644301
TGCTGAAGTCTCTCTG-1,Oligo MOG OPALIN,0.34349232762040477
TGCTGAAGTTCGTTCC-1,L6 OPRK1 THEMIS RGS6,0.13976631100885137
TGCTGAAGTTGGGTAG-1,Oligo MOG OPALIN,0.9981149797698781
TGCTGAATCGGTTGTA-1,L3-5 RORB MKX GALR1,0.149109772241469
TGCTTCGAGTATGATG-1,Endo CLDN5 SLC7A5,0.2529160771568653
TGCTTCGCAAAGTGTA-1,InN SST TRPC7,0.05214636080542305
TGCTTCGGTCCGATCG-1,Oligo MOG OPALIN,0.987193770436805
TGCTTCGGTCGCAACC-1,L2-3 CUX2 NTNG1 PALMD,0.17834646450462371
TGCTTCGGTGCATTAC-1,OPC PDGFRA PCDH15,0.9999999999999256
TGCTTCGTCGTTAGAC-1,Oligo MOG OPALIN,0.9999116263908159
TGCTTGCAGATTACCC-1,Endo CLDN5 SLC7A5,0.569904492391541
TGCTTGCCATACATCG-1,Astro GFAP AQP1,0.9451261655944292
TGCTTGCCATAGCACT-1,Endo CLDN5 IL1R1,0.22896600197350334
TGCTTGCGTACAGCGA-1,Endo CLDN5 SLC7A5,0.031726155318130285
TGCTTGCGTACCAATC-1,Oligo MOG OPALIN,0.028674936056509
TGCTTGCGTTCAAACC-1,Oligo MOG OPALIN,0.7647195070125444
TGCTTGCTCCCTCAAC-1,Endo CLDN5 SLC7A5,0.601591929407632
TGCTTGCTCCTGATAG-1,Oligo MOG OPALIN,0.998931843205037
TGGAACTCAACGGCCT-1,L6 OPRK1 THEMIS RGS6,0.3830281431741641
TGGAACTCATCGTTCC-1,Oligo MOG OPALIN,0.22199492359213094
TGGAACTGTACCTGTA-1,Oligo MOG OPALIN,0.38058936772861884
TGGAACTGTCTCTCCA-1,PC P2RY14 GRM8,0.9935640929242886
TGGAACTTCGCCGATG-1,Oligo MOG OPALIN,0.32709331382089823
TGGAGAGAGACTCAAA-1,Endo CLDN5 SLC7A5,0.6836016566522642
TGGAGAGCACTGGAAG-1,Oligo MOG OPALIN,0.9953276122300923
TGGAGAGGTGGACAGT-1,Endo CLDN5 SLC7A5,0.996848001370705
TGGAGAGTCGAGGCAA-1,Oligo MOG OPALIN,0.998629952413617
TGGAGAGTCTACCCAC-1,Endo CLDN5 SLC7A5,0.9309177294584224
TGGAGAGTCTGGGCAC-1,InN VIP ADAM12,0.006287414076073735
TGGAGAGTCTTGAGCA-1,L2-3 CUX2 NTNG1 PALMD,0.05315188406668976
TGGAGGAAGCGGATCA-1,SMC ACTA2 CYP1B1,0.007218715356079251
TGGAGGAAGCGTGCCT-1,L3-5 RORB MKX GALR1,0.13861689542314123
TGGAGGAAGCTATCCA-1,Oligo MOG OPALIN,0.6501516398667717
TGGAGGACAAGCTCTA-1,OPC PDGFRA PCDH15,0.9268231942756358
TGGAGGACACGCTATA-1,Endo CLDN5 DKK2,0.02734021218778105
TGGAGGACATGGAATA-1,Endo CLDN5 SLC7A5,0.990372804642015
TGGAGGATCGACATTG-1,Endo CLDN5 SLC7A5,0.054015601539244375
TGGAGGATCTCAGTCC-1,L3-5 RORB MKX GALR1,0.11436378333913731
TGGATCACAGGATCTT-1,Endo CLDN5 IL1R1,0.008557670057946148
TGGATCAGTGCATTAC-1,Micro P2RY12 APBB1IP,0.12074274651787237
TGGATCATCCATCCGT-1,Oligo MOG OPALIN,0.1138532291095269
TGGATCATCGGCTATA-1,Endo CLDN5 SLC7A5,0.9997531131678122
TGGATCATCTCACGAA-1,L2-3 CUX2 ACVR1C THSD7A,0.10616308426256704
TGGATGTAGCAGTACG-1,Astro AQP4 SLC1A2,0.9839585311639006
TGGATGTCAGAGACTG-1,Micro P2RY12 CCL3,0.053171292130535584
TGGATGTGTTCATCGA-1,Oligo MOG OPALIN,0.043856389816763805
TGGATGTTCAACTACG-1,Oligo MOG OPALIN,0.9914840736840939
TGGATGTTCGCTTTAT-1,Oligo MOG OPALIN,0.25024441206892606
TGGATGTTCGTTCTAT-1,Oligo MOG OPALIN,0.9998631286207886
TGGCGTGAGATGACAT-1,Endo CLDN5 SLC7A5,0.3845914997030983
TGGCGTGAGCAGCCCT-1,Astro GFAP AQP1,0.09863958071663351
TGGCGTGCAGGTCTCG-1,Micro P2RY12 APBB1IP,0.13161753753973643
TGGCGTGTCTTCGACC-1,Endo CLDN5 SLC7A5,0.47945254633257517
TGGGAAGCATAATGAG-1,Micro P2RY12 APBB1IP,0.9995563552006685
TGGGAAGGTCCGTACG-1,Astro AQP4 SLC1A2,0.20209443006105973
TGGGAAGGTGTCCTAA-1,Endo CLDN5 SLC7A5,0.14752316687488715
TGGGAAGTCAGTCACA-1,Astro GFAP AQP1,0.023841163905275534
TGGGAAGTCTCCGATC-1,Endo CLDN5 SLC7A5,0.07463994998878
TGGGAGACATGGACAG-1,L3-5 RORB GABRG1 PTPRO,0.05617223425361948
TGGGAGAGTAAGATAC-1,Astro GFAP AQP1,0.07726941091946148
TGGGAGAGTCTAATCG-1,Oligo MOG OPALIN,0.999909323566377
TGGGAGATCGCCGAAC-1,Astro AQP4 SLC1A2,0.9999539480723794
TGGGATTGTTCAATCG-1,InN LAMP5 BMP7,0.9891522151436684
TGGGATTGTTTCGCTC-1,Oligo MOG OPALIN,0.9997754920625531
TGGGCGTAGAAATGGG-1,Myeloid LSP1 LYZ,0.040346482133068844
TGGGCGTCAGGAAGTC-1,L2-3 CUX2 ACVR1C THSD7A,0.9973478844166457
TGGGCGTGTCACTCTC-1,Oligo MOG OPALIN,0.9797032182627003
TGGGCGTGTTCTATCT-1,Endo CLDN5 SLC7A5,0.8961824060713742
TGGGCGTTCCATGCAA-1,Endo CLDN5 SLC7A5,0.15963958271464476
TGGGCTGAGTTCACTG-1,InN SST FREM1,0.17192362177569312
TGGGCTGCAAATGGTA-1,Oligo MOG OPALIN,0.98194747130856
TGGGCTGCAATGACCT-1,Micro P2RY12 APBB1IP,0.7820551009779066
TGGGCTGCACATGACT-1,Astro GFAP AQP1,0.17756727723941554
TGGGCTGGTAGCTTTG-1,L2-3 CUX2 NTNG1 PALMD,0.06079698841336722
TGGGCTGGTCAACACT-1,Endo CLDN5 SLC7A5,0.2513283079782702
TGGGCTGGTCTTAGTG-1,L2-3 CUX2 ACVR1C THSD7A,0.5800572295715796
TGGGCTGTCAAGCTGT-1,SMC ACTA2 CNN1,0.962132146178595
TGGGTTAAGCTCTTCC-1,L3-5 RORB PCBP3 IL1RAPL2,0.02242132555646884
TGGGTTAAGGCTGAAC-1,Astro AQP4 SLC1A2,0.9649548816274165
TGGGTTAAGTTACGTC-1,Astro GFAP FABP7,0.995228718791289
TGGGTTACATTGAAGA-1,Micro P2RY12 APBB1IP,0.9929027076820176
TGGGTTAGTCTCACGG-1,Endo CLDN5 SLC7A5,0.3817555098746259
TGGGTTAGTGTTGCCG-1,Oligo MOG OPALIN,0.7363510440535339
TGGGTTAGTTTGTTCT-1,InN PVALB HPSE,0.025078939061594765
TGGGTTATCAACGAGG-1,Oligo MOG OPALIN,0.9999548643886055
TGGGTTATCCAACCGG-1,Oligo MOG OPALIN,0.5420651594932775
TGGGTTATCCGCAGTG-1,Endo CLDN5 SLC7A5,0.02316885405956444
TGGGTTATCGGTCTGG-1,Astro GFAP FABP7,0.1583172255741457
TGGGTTATCTCAACCC-1,OPC PDGFRA PCDH15,0.9999999999999936
TGGTACAAGTATGGAT-1,Endo CLDN5 SLC7A5,0.10799075407457888
TGGTACACACGCAAAG-1,L2-3 CUX2 NTNG1 PLCH1,0.11852407583053223
TGGTACAGTCCTACAA-1,Astro AQP4 SLC1A2,0.9913520611984592
TGGTACATCAAACCCA-1,InN PVALB PIEZO2,0.06221278950566068
TGGTAGTAGTACAGAT-1,L2-3 CUX2 NTNG1 PALMD,0.5701633911245895
TGGTAGTCAGCGCGTT-1,Oligo MOG OPALIN,0.03901856463918626
TGGTAGTCATAGAATG-1,L2-4 CUX2 RORB CLMN,0.01150425882907305
TGGTAGTGTCATATGC-1,Endo CLDN5 SLC7A5,0.08317309924580213
TGGTAGTGTCGGTGTC-1,InN SST PLPP4,0.051364511659388
TGGTAGTTCCATTCAT-1,Oligo MOG OPALIN,0.12979468682809528
TGGTAGTTCGTGTGAT-1,Oligo MOG OPALIN,0.6543513430755313
TGGTGATAGGTTACCT-1,InN PVALB SYT2,0.036972459286122535
TGGTGATAGTTTCGAC-1,InN PVALB PIEZO2,0.14455199967158028
TGGTGATCAAAGTATG-1,Macro F13A1 COLEC12,0.8958908613294979
TGGTGATGTATACGGG-1,Oligo MOG OPALIN,0.8852416524662579
TGGTGATTCTAGTGAC-1,Endo CLDN5 SLC7A5,0.9640516188451612
TGGTTAGAGCATGGGT-1,Endo CLDN5 SLC7A5,0.8629389259065964
TGGTTAGCACGGTGCT-1,Endo CLDN5 SLC7A5,0.721234783188509
TGGTTAGGTTGCGGCT-1,Endo CLDN5 SLC7A5,0.8732114152975037
TGGTTAGTCGCTGTTC-1,OPC PDGFRA PCDH15,0.9999999999988813
TGTAACGAGAGTTGAT-1,L3-5 RORB GABRG1 KCNH7,0.1551331494781027
TGTAACGCAAGGATGC-1,Endo CLDN5 SLC7A5,0.4954581276936091
TGTAACGCACCACTGG-1,SMC ACTA2 CYP1B1,0.038588891759760234
TGTAACGCATCAGCGC-1,L3-5 RORB MKX GRIN3A,0.35283901428118225
TGTAACGGTACAAGCG-1,Astro GFAP FABP7,0.9999816651027948
TGTAACGTCTACTGAG-1,Endo CLDN5 SLC7A5,0.28730886846949927
TGTAAGCAGAAATGGG-1,Endo CLDN5 SLC7A5,0.4388220633409773
TGTAAGCCAACCTATG-1,Endo CLDN5 SLC7A5,0.08514888939756449
TGTACAGAGTGGAAAG-1,Oligo MOG OPALIN,0.946161822824813
TGTACAGCACTTACAG-1,Astro AQP4 SLC1A2,0.9768773856666907
TGTACAGCAGGTTTAC-1,Micro P2RY12 APBB1IP,0.9902919377165853
TGTACAGCATTGACTG-1,InN SST HTR2C,0.024628819534440956
TGTAGACAGACAGCTG-1,Oligo MOG OPALIN,0.40857965811329316
TGTAGACAGACTCTTG-1,SMC ACTA2 CNN1,0.047445565197599876
TGTAGACAGTGTAGTA-1,Astro GFAP FABP7,0.9745310906862349
TGTAGACGTACTTCCC-1,Micro P2RY12 APBB1IP,0.9744826828373466
TGTAGACTCTCTGCTG-1,Endo CLDN5 SLC7A5,0.12060162484733054
TGTCAGAAGACGAAGA-1,Endo CLDN5 SLC7A5,0.058473665823333444
TGTCAGAGTAAGACCG-1,Oligo MOG FRY,0.057568418931766015
TGTCAGAGTCTACGTA-1,L3-5 RORB GABRG1 PLCH1,0.043734071689139516
TGTCAGATCGCCACTT-1,L3-5 RORB MKX GALR1,0.060235402303004795
TGTCCACCACCGGCTA-1,Endo CLDN5 SLC7A5,0.20208337585390934
TGTCCACGTTGTGGAG-1,InN SST FREM1,0.006159522808049669
TGTCCCAGTAAGTAGT-1,Oligo MOG OPALIN,0.9811984541414943
TGTCCCAGTGTCACAT-1,Astro AQP4 SLC1A2,0.23583086210906717
TGTCCCAGTGTTATCG-1,OPC PDGFRA PCDH15,0.9999999999997
TGTCCCATCATCTCTA-1,Astro GFAP FABP7,0.9999913406319687
TGTCCTGAGTCGAGGT-1,OPC PDGFRA PCDH15,0.15682159761835934
TGTCCTGAGTGTTGTC-1,Micro P2RY12 APBB1IP,0.9985921537389123
TGTCCTGGTCATCCCT-1,SMC ACTA2 CNN1,0.48705068297132664
TGTGAGTAGCTGTTAC-1,Astro GFAP AQP1,0.9999780290284274
TGTGAGTCAGACCCGT-1,Endo CLDN5 SLC7A5,0.012096393831407462
TGTGAGTGTCGTGGAA-1,Oligo MOG OPALIN,0.24896018577508705
TGTGAGTTCGGCTTCT-1,Oligo MOG OPALIN,0.3415331018600882
TGTGATGAGAACCCGA-1,Astro AQP4 SLC1A2,0.9999912026774346
TGTGATGGTCAAGGCA-1,Endo CLDN5 SLC7A5,0.22556132783247052
TGTGATGGTCGCTTAA-1,Oligo MOG OPALIN,0.9762507882070437
TGTGCGGAGCAAACAT-1,Oligo MOG OPALIN,0.10110394201707758
TGTGCGGAGGGAGGAC-1,InN VIP EXPH5,0.052872106122429534
TGTGCGGCACGAGGTA-1,Oligo MOG OPALIN,0.2539696935192253
TGTGCGGCAGCTACAT-1,Micro P2RY12 APBB1IP,0.7543854599110771
TGTGGCGCAGAAGTTA-1,L2-3 CUX2 NTNG1 PLCH1,0.11968294816140614
TGTGGCGGTTATCTTC-1,InN PVALB HPSE,0.9926826114189748
TGTGGCGGTTTCGATG-1,L2-3 CUX2 NTNG1 PALMD,0.27584166766666995
TGTGTGAAGTATGGAT-1,OPC PDGFRA PCDH15,0.9999999999842049
TGTGTGAAGTTTCGGT-1,Oligo MOG OPALIN,0.1254540648547864
TGTGTGAGTCTTACAG-1,Oligo MOG OPALIN,0.7761252035255559
TGTGTGAGTGCGTTTA-1,Endo CLDN5 SLC7A5,0.18897515306255075
TGTGTGAGTTTGCCGG-1,InN PVALB HPSE,0.993665218064086
TGTGTGATCTGCGATA-1,Astro AQP4 SLC1A2,0.4161573382281896
TGTTACTAGATTAGTG-1,L6 FEZF2 SYT6 CDH9,0.9341139481659868
TGTTACTAGGTGCATG-1,Endo CLDN5 SLC7A5,0.031449986671054905
TGTTACTGTTGACTAC-1,Endo CLDN5 SLC7A5,0.7640594193433822
TGTTACTTCTACACTT-1,Endo CLDN5 SLC7A5,0.3118596483412613
TGTTCATAGCCGGATA-1,Oligo MOG OPALIN,0.9419508953359599
TGTTCATCAATCGCAT-1,L6 OPRK1 THEMIS RGS6,0.021292349644470045
TGTTCATCACATTGTG-1,Oligo MOG OPALIN,0.9995611349514776
TGTTCCGCACTTCCTG-1,Endo CLDN5 SLC7A5,0.7152208784246928
TGTTCCGGTCGATTTG-1,InN PVALB SYT2,0.043834550014841815
TGTTCCGGTGACAGGT-1,Oligo MOG OPALIN,0.3011479461140748
TGTTCCGGTGTTACTG-1,L2-4 CUX2 RORB CLMN,0.009487058898112927
TGTTCCGGTTAAGACA-1,Astro GFAP FABP7,0.039817824658286
TGTTCCGGTTCCGCTT-1,Oligo MOG OPALIN,0.10562068041314646
TGTTCCGTCGCCGATG-1,L3-5 RORB GABRG1 KCNH7,0.021583565964550067
TGTTCCGTCTCCCATG-1,Endo CLDN5 SLC7A5,0.943888244570945
TGTTCTAAGAAAGTCT-1,OPC PDGFRA PCDH15,0.9999999999999152
TGTTCTACAGCACAAG-1,Oligo MOG OPALIN,0.9899999188500624
TGTTCTAGTTTCGCTC-1,L2-3 CUX2 NTNG1 PALMD,0.3354934825723896
TGTTCTATCACTCGAA-1,Oligo MOG OPALIN,0.8307293206518145
TGTTGAGAGAAGTCTA-1,Endo CLDN5 SLC7A5,0.09684324829779375
TGTTGAGGTGGAAATT-1,Astro AQP4 SLC1A2,0.9991796492870778
TGTTGAGGTGGATCGA-1,Endo CLDN5 SLC7A5,0.5521902481530145
TGTTGAGTCGTTAGAC-1,L2-4 CUX2 RORB CLMN,0.006684217807126585
TGTTGAGTCTACGGGC-1,L2-4 CUX2 RORB CLMN,0.2813656125175301
TGTTGGAAGTCGCCCA-1,Endo CLDN5 SLC7A5,0.746739896856139
TGTTGGACAGTCACGC-1,Endo CLDN5 SLC7A5,0.6052893902514451
TGTTGGATCCTACAAG-1,Micro P2RY12 APBB1IP,0.4710071501420185
TGTTGGATCGACGCTG-1,Micro P2RY12 APBB1IP,0.9971289838281249
TGTTTGTGTCGCAACC-1,Endo CLDN5 SLC7A5,0.9980118017063997
TGTTTGTTCGAGGCAA-1,Oligo MOG OPALIN,0.9999968182228095
TTAATCCAGAAACTAC-1,Endo CLDN5 SLC7A5,0.9809664714123791
TTAATCCTCCCACAGG-1,Astro AQP4 SLC1A2,0.8953733006799266
TTACAGGAGGGATCTG-1,Astro GFAP AQP1,0.026658438553901265
TTACAGGAGTATGCAA-1,Endo CLDN5 SLC7A5,0.7668871043989957
TTACAGGCAAAGGCAC-1,Oligo MOG OPALIN,0.9999979904041997
TTACAGGGTCGGAAAC-1,Endo CLDN5 SLC7A5,0.47446047664640123
TTACAGGGTGTAAACA-1,Oligo MOG OPALIN,0.9999248155700493
TTACAGGTCGAGAATA-1,Oligo MOG OPALIN,0.0745609258930251
TTACAGGTCTTGAACG-1,L2-3 CUX2 ACVR1C INHBA,0.1212756393108393
TTACCATCAAAGGATT-1,Oligo MOG OPALIN,0.9202707853363253
TTACCATCAATAGGAT-1,Astro GFAP FABP7,0.06835959010289945
TTACCATCACATTCTT-1,L6 OPRK1 SMYD1 SNTB1,0.011122266230725904
TTACCATCATGGCGCT-1,L3-5 RORB PCBP3 ARHGAP15,0.012023335715557516
TTACCATGTATCAGGG-1,Endo CLDN5 SLC7A5,0.48033130212953307
TTACCGCAGCTAGAAT-1,Endo CLDN5 SLC7A5,0.5151776090020697
TTACCGCAGTCCCTAA-1,SMC ACTA2 CNN1,0.05085750183104314
TTACCGCTCGAGGCAA-1,InN PVALB SYT2,0.31053212054662166
TTACCGCTCTCCACTG-1,L6 OPRK1 SMYD1 SNTB1,0.010113132978597453
TTACCGCTCTGTCTCG-1,Oligo MOG OPALIN,0.9991875120390454
TTACGCCAGACGCATG-1,Endo CLDN5 SLC7A5,0.30157171710497166
TTACGCCAGTGACACG-1,Endo CLDN5 SLC7A5,0.781602002763058
TTACGCCCACACGTGC-1,L2-3 CUX2 NTNG1 PALMD,0.22833424099793032
TTACGCCGTAGTCACT-1,Endo CLDN5 SLC7A5,0.42287075806702007
TTACGCCTCACCGGGT-1,L3-5 RORB GABRG1 KCNH7,0.41059810102729777
TTACGCCTCATTACCT-1,Astro GFAP FABP7,0.03226087913749992
TTACGCCTCCGTGGCA-1,PC P2RY14 GRM8,0.08718490864163464
TTACGTTAGTCTTCCC-1,Endo CLDN5 SLC7A5,0.7076132617919044
TTACGTTCACCAGGTC-1,Oligo MOG OPALIN,0.45623175926565823
TTACGTTCATGCCGCA-1,InN SST STK32A,0.22535192974292056
TTACGTTTCGCTTACC-1,Endo CLDN5 SLC7A5,0.18485469445658287
TTACTGTAGAGTGACC-1,Oligo MOG OPALIN,0.15576522205769394
TTACTGTAGCCATATC-1,Astro AQP4 SLC1A2,0.999998613918507
TTACTGTAGGCTCCCA-1,Endo CLDN5 SLC7A5,0.16759897316427871
TTACTGTAGTGCACTT-1,L6 OPRK1 SMYD1 KCND2,0.0037686775175072894
TTACTGTGTCACAATC-1,Endo CLDN5 SLC7A5,0.5758015923987253
TTACTGTGTGGGACAT-1,Oligo MOG OPALIN,0.9988182925806011
TTACTGTGTGTCCGTG-1,Endo CLDN5 SLC7A5,0.11939302937345614
TTACTGTTCCCATAAG-1,Oligo MOG OPALIN,0.3600673266093024
TTACTGTTCTCCGATC-1,Astro AQP4 SLC1A2,0.9999987434185398
TTAGGCAAGATGGCAC-1,L2-3 CUX2 NTNG1 PALMD,0.05854571615431697
TTAGGCAAGGAGACCT-1,L2-3 CUX2 ACVR1C THSD7A,0.2305578546167998
TTAGGCAAGTTGGACG-1,Oligo MOG OPALIN,0.9967131504508177
TTAGGCACACATAACC-1,Oligo MOG FRY,0.17399684660095002
TTAGGCACACTATCGA-1,Oligo MOG OPALIN,0.15346977927325742
TTAGGCACAGACAAAT-1,Endo CLDN5 SLC7A5,0.23101402585276806
TTAGGCACAGTAGGAC-1,Oligo MOG OPALIN,0.5818365001716386
TTAGGCAGTGCTGATT-1,Oligo MOG OPALIN,0.4308461979213199
TTAGGCAGTGTCGCTG-1,Oligo MOG OPALIN,0.4280352540020798
TTAGGCATCCACCTGT-1,L2-3 CUX2 NTNG1 PALMD,0.21841545762837322
TTAGGGTAGATCACCT-1,Endo CLDN5 SLC7A5,0.029358773435670397
TTAGGGTCAAATGGCG-1,L3-5 RORB MKX GALR1,0.020916120438477816
TTAGGGTCATACAGGG-1,L3-5 RORB MKX GALR1,0.12169667984962772
TTAGGGTGTGGCCTCA-1,L2-4 CUX2 RORB CLMN,0.15739205843167675
TTAGGGTTCTCCTGAC-1,Endo CLDN5 SLC7A5,0.058087797359043666
TTAGTCTAGTCATTGC-1,L2-3 CUX2 ACVR1C THSD7A,0.9247826710961642
TTAGTCTCAATAACGA-1,Endo CLDN5 SLC7A5,0.08172495080108029
TTAGTCTCAATTCACG-1,L6 OPRK1 THEMIS RGS6,0.9747972031430394
TTAGTCTGTCTCTCAC-1,Micro P2RY12 APBB1IP,0.4947312597635287
TTAGTCTGTTGGTAGG-1,Endo CLDN5 SLC7A5,0.9808729412522593
TTAGTCTTCAATCCGA-1,L3-5 RORB GABRG1 KCNH7,0.18087357763740478
TTAGTCTTCCATTTAC-1,Endo CLDN5 SLC7A5,0.6893893745849374
TTAGTCTTCCGGCAGT-1,Endo CLDN5 SLC7A5,0.4321393438272292
TTAGTCTTCCTACTGC-1,Astro GFAP AQP1,0.004883001947901021
TTATTGCGTTCAGCTA-1,Endo CLDN5 SLC7A5,0.9166923624934116
TTATTGCTCAAGTCTG-1,L2-3 CUX2 NTNG1 PALMD,0.12071742862070282
TTCAATCAGCACTCAT-1,InN ADARB2 RGS10,0.02543996026748418
TTCAATCCATGATGCT-1,Endo CLDN5 SLC7A5,0.3992809970549829
TTCAATCGTAATGCTC-1,Endo CLDN5 SLC7A5,0.5119116345242737
TTCAATCTCAGCTAGT-1,Oligo MOG OPALIN,0.4622081613811495
TTCAATCTCCTTATGT-1,InN PVALB PIEZO2,0.028652121702860703
TTCAATCTCGGACTTA-1,Endo CLDN5 SLC7A5,0.578490045970896
TTCACCGCACATAGCT-1,L2-3 CUX2 ACVR1C INHBA,0.04701722366420234
TTCACCGCATACTGAC-1,Micro P2RY12 APBB1IP,0.9940183610770957
TTCACCGTCGAGCTGC-1,Astro GFAP FABP7,0.02088003595743133
TTCACGCAGCAGCCTC-1,Endo CLDN5 SLC7A5,0.09202471524522042
TTCACGCAGTTCGCAT-1,Endo CLDN5 SLC7A5,0.22686211297143274
TTCACGCCAACGGCCT-1,Astro AQP4 SLC1A2,0.9973745894315358
TTCACGCCACGGGTAA-1,Endo CLDN5 SLC7A5,0.5576601119844316
TTCACGCGTTGTAAAG-1,Oligo MOG OPALIN,0.9537975433073694
TTCACGCTCCACGTAA-1,Oligo MOG OPALIN,0.9988393047343077
TTCAGGAAGACGATAT-1,Endo CLDN5 SLC7A5,0.7121815001155448
TTCAGGAAGAGAGCAA-1,Oligo MOG OPALIN,0.9959874066105349
TTCAGGAAGCGAGAAA-1,Astro GFAP FABP7,0.9986739083334
TTCAGGAAGCGCTGAA-1,Endo CLDN5 IL1R1,0.028842175114495036
TTCAGGACAATGTTGC-1,Endo CLDN5 SLC7A5,0.9958932058818677
TTCAGGACACTGCGTG-1,Oligo MOG OPALIN,0.9858162282083075
TTCAGGACATAATCCG-1,Oligo MOG OPALIN,0.9999916126191958
TTCATGTAGAACAGGA-1,Endo CLDN5 SLC7A5,0.02126495185307041
TTCATGTCACTCTGCT-1,L3-5 RORB MKX GRIN3A,0.04787240647428754
TTCATGTCAGAAGTGC-1,Oligo MOG FRY,0.08139042213756269
TTCATGTGTGATACCT-1,Endo CLDN5 SLC7A5,0.04679181854115616
TTCATGTGTTGGACTT-1,SMC ACTA2 CNN1,0.9703868655397249
TTCATGTGTTGTGTTG-1,L3-5 RORB GABRG1 PTPRO,0.09532088613978516
TTCATGTTCAAACCCA-1,Endo CLDN5 SLC7A5,0.914964483778958
TTCATGTTCGCGTAGC-1,Astro GFAP AQP1,0.9999469664669746
TTCATTGAGAAATTCG-1,Oligo MOG OPALIN,0.1169358690571468
TTCATTGAGAGGTCAC-1,Oligo MOG OPALIN,0.6954174922247544
TTCATTGAGCTGAGCA-1,OPC PDGFRA PCDH15,0.99999999994499
TTCATTGAGTGATCGG-1,Oligo MOG OPALIN,0.5860403661499213
TTCATTGCAATCGAAA-1,PC P2RY14 GRM8,0.9999396462338292
TTCATTGCAGTATACC-1,L6 OPRK1 THEMIS RGS6,0.013665757576785996
TTCATTGGTTGACTAC-1,L2-3 CUX2 NTNG1 PALMD,0.6920917571824756
TTCATTGGTTTCTTAC-1,OPC PDGFRA PCDH15,0.9999992382063535
TTCATTGGTTTGGGTT-1,Endo CLDN5 SLC7A5,0.6820312939161873
TTCCAATAGGAATCGC-1,Oligo MOG OPALIN,0.918121066473781
TTCCAATCAGAAGTGC-1,Astro GFAP AQP1,0.02354370557561976
TTCCAATCATGTGGTT-1,L2-3 CUX2 NTNG1 PLCH1,0.021965324361626872
TTCCAATGTACGACTT-1,Oligo MOG OPALIN,0.7006745008007348
TTCCAATGTGCGAACA-1,Oligo MOG OPALIN,0.5454385260836656
TTCCAATGTTGGGATG-1,Oligo MOG OPALIN,0.999224645228706
TTCCAATTCCGCTGTT-1,InN SST FREM1,0.013882629322436094
TTCCAATTCTGGAGAG-1,Endo CLDN5 SLC7A5,0.9175886177242267
TTCCACGAGGCAGGGA-1,Oligo MOG OPALIN,0.008286168354853367
TTCCACGAGTGGACTG-1,Endo CLDN5 SLC7A5,0.05734340306921031
TTCCACGCAATTCGTG-1,L3-5 RORB MKX GRIN3A,0.09952193580885346
TTCCACGCACAGGATG-1,Oligo MOG OPALIN,0.14378396712742111
TTCCACGCATCGGAGA-1,OPC PDGFRA PCDH15,0.9713859073613974
TTCCACGTCCACTTCG-1,Macro F13A1 COLEC12,0.9999993632309534
TTCCACGTCCAGTGCG-1,InN LAMP5 ADAMTS20,0.9468647072860791
TTCCGGTGTATCCTTT-1,Endo CLDN5 SLC7A5,0.7548301713354338
TTCCGGTGTTCCTACC-1,Oligo MOG OPALIN,0.6452758847160932
TTCCGGTTCCATTGCC-1,L2-3 CUX2 NTNG1 PALMD,0.35900059428709385
TTCCGTGAGAATCTAG-1,Oligo MOG OPALIN,0.9965803083836573
TTCCGTGAGATGAATC-1,Oligo MOG OPALIN,0.31870341301783944
TTCCGTGAGGGATCGT-1,Astro AQP4 SLC1A2,0.9599076696637631
TTCCGTGTCATCCTGC-1,Micro P2RY12 CCL3,0.024834423029809642
TTCCGTGTCCCGAACG-1,L6 FEZF2 SYT6 CDH9,0.05473281104283603
TTCCGTGTCCTACAAG-1,Astro AQP4 SLC1A2,0.999342753043086
TTCCGTGTCGCTTACC-1,L2-3 CUX2 NTNG1 PALMD,0.018358862891604568
TTCCTAAAGAAGGATG-1,Endo CLDN5 SLC7A5,0.6223549969327573
TTCCTAACACGGCTAC-1,Astro GFAP AQP1,0.027685432757412684
TTCCTAAGTAATCAGA-1,L2-3 CUX2 NTNG1 PALMD,0.41996148480708634
TTCCTAAGTCCACTTC-1,L2-3 CUX2 NTNG1 PALMD,0.08755387516589161
TTCCTAAGTCGAATTC-1,Oligo MOG OPALIN,0.5791325772534341
TTCCTAAGTTCTTGCC-1,Oligo MOG OPALIN,0.9999791717916947
TTCCTCTCACCCGTAG-1,L2-3 CUX2 NTNG1 PALMD,0.034317455070433545
TTCCTCTGTTGCAACT-1,L2-3 CUX2 NTNG1 PALMD,0.09447655472496497
TTCCTCTTCTACTGCC-1,Endo CLDN5 SLC7A5,0.08425843469988993
TTCCTTCAGAGCAGCT-1,L3-5 RORB MKX GRIN3A,0.03457567785414702
TTCCTTCAGTAGCAAT-1,Astro AQP4 SLC1A2,0.9985873934513917
TTCCTTCAGTTGGAGC-1,L2-3 CUX2 NTNG1 PALMD,0.6473587771469878
TTCCTTCCAAGAAACT-1,Endo CLDN5 SLC7A5,0.9606384962328519
TTCCTTCCAGCAGAAC-1,L2-3 CUX2 NTNG1 PALMD,0.1967480131092219
TTCCTTCGTCTGCATA-1,OPC PDGFRA PCDH15,0.999999999952744
TTCCTTCGTCTTGTCC-1,L6 FEZF2 SYT6 PTPRT,0.10667500110671367
TTCCTTCTCCTACCAC-1,Oligo MOG OPALIN,0.9988539733873684
TTCCTTCTCTGCCTGT-1,Astro AQP4 SLC1A2,0.7677903499404116
TTCGATTAGAGGTATT-1,L2-3 CUX2 NTNG1 PALMD,0.45007717431407995
TTCGATTAGGTCGTAG-1,Endo CLDN5 SLC7A5,0.035793126195559986
TTCGATTCATCCGTGG-1,Endo CLDN5 SLC7A5,0.14334609781949234
TTCGATTTCAAACCTG-1,Oligo MOG FRY,0.024579285049460366
TTCGATTTCGATAACC-1,Astro AQP4 SLC1A2,0.9999916590359016
TTCGCTGAGCGATCGA-1,OPC PDGFRA PCDH15,0.9999999994070192
TTCGCTGAGCTGCGAA-1,Micro P2RY12 APBB1IP,0.9975792081703055
TTCGCTGAGGCTAACG-1,Astro AQP4 SLC1A2,0.9999975911578872
TTCGCTGAGGTCCTGC-1,Oligo MOG OPALIN,0.5294296771385376
TTCGCTGCACCTGAAT-1,Endo CLDN5 SLC7A5,0.9867503024848264
TTCGCTGCAGTCGTTA-1,Endo CLDN5 SLC7A5,0.5532167064983554
TTCGCTGCATACCAGT-1,InN VIP HS3ST3B1,0.9982025249789106
TTCGCTGGTGATACTC-1,Endo CLDN5 SLC7A5,0.8969702047355098
TTCGCTGTCAGTGATC-1,Endo CLDN5 SLC7A5,0.022646907613872724
TTCGCTGTCCCTAGGG-1,Oligo MOG OPALIN,0.04524915115921457
TTCGGTCAGGTTCAGG-1,Astro AQP4 SLC1A2,0.9999404751260239
TTCGGTCTCGGTCACG-1,Oligo MOG OPALIN,0.9997093842183814
TTCTAACAGCCACTCG-1,InN SST PLPP4,0.993367816532343
TTCTAACCAAGTACCT-1,PC P2RY14 GRM8,0.9997425699667148
TTCTAACGTATACCTG-1,SMC ACTA2 CNN1,0.23698984855340802
TTCTAACGTTAGAGAT-1,Oligo MOG OPALIN,0.8873241836536285
TTCTAACTCTACTGAG-1,Micro P2RY12 APBB1IP,0.8186241994109504
TTCTAACTCTTAAGGC-1,Astro GFAP AQP1,0.05563970201790606
TTCTAGTAGGATTTGA-1,Oligo MOG OPALIN,0.4336447190133587
TTCTAGTCATCCGTTC-1,Endo CLDN5 SLC7A5,0.977729393317116
TTCTAGTGTACGCGTC-1,Oligo MOG OPALIN,0.6954198451369896
TTCTAGTGTTGTCCCT-1,L2-3 CUX2 NTNG1 PALMD,0.62095395887987
TTCTAGTTCGACGACC-1,Oligo MOG OPALIN,0.9879962660957246
TTCTCTCAGTATGAAC-1,Astro GFAP AQP1,0.14113142185744063
TTCTCTCCAACCCTCT-1,Astro AQP4 SLC1A2,0.03697069225449599
TTCTCTCCAACGGGTA-1,InN SST TRPC7,0.006407362958981331
TTCTCTCCAGAGGCAT-1,Endo CLDN5 SLC7A5,0.8033239844301991
TTCTCTCCATACAGGG-1,L2-3 CUX2 NTNG1 PALMD,0.5499380264105663
TTCTCTCGTCGACGCT-1,InN SST PLPP4,0.39641533484007707
TTCTCTCTCTCAACGA-1,Oligo MOG OPALIN,0.9999697354210422
TTCTCTCTCTTCACAT-1,Endo CLDN5 SLC7A5,0.06904428675520582
TTCTGTAAGCGACATG-1,Endo CLDN5 SLC7A5,0.1186920672137098
TTCTGTAAGTTACGAA-1,L2-3 CUX2 ACVR1C INHBA,0.007304590346139351
TTCTGTACATCTAACG-1,L6 OPRK1 THEMIS RGS6,0.9980751414751244
TTCTGTATCGGCATTA-1,InN SST FREM1,0.9783205359734025
TTCTTCCAGCTCCCTT-1,Oligo MOG OPALIN,0.976418296267256
TTCTTCCGTGCTAGCC-1,Endo CLDN5 SLC7A5,0.9917163180301976
TTCTTCCGTGGTAACG-1,Endo CLDN5 SLC7A5,0.718624053553538
TTCTTCCGTGTGCTTA-1,Endo CLDN5 SLC7A5,0.9859654034113194
TTCTTCCTCAGAGCGA-1,Oligo MOG OPALIN,0.4622505197641323
TTCTTGAAGAGCGACT-1,Endo CLDN5 SLC7A5,0.7420185276431769
TTCTTGACAAGGTACG-1,L6 OPRK1 THEMIS RGS6,0.3191023486191018
TTCTTGACATTATGCG-1,L2-3 CUX2 NTNG1 COL5A2,0.06556400967417364
TTCTTGAGTCGACTTA-1,Endo CLDN5 SLC7A5,0.985040037296698
TTCTTGATCCATCACC-1,Micro P2RY12 APBB1IP,0.9946594015376554
TTCTTGATCTTTCGAT-1,L2-3 CUX2 NTNG1 PALMD,0.041686189336151744
TTGAACGAGTCATAGA-1,Endo CLDN5 SLC7A5,0.05235820452448346
TTGAACGCAGATTCGT-1,Oligo MOG OPALIN,0.19822759002186868
TTGAACGGTACGAGTG-1,L2-3 CUX2 NTNG1 PLCH1,0.045291645165908424
TTGAACGGTCAATGGG-1,L6 OPRK1 SMYD1 SNTB1,0.05417823373172615
TTGAACGGTTCTGAGT-1,Endo CLDN5 SLC7A5,0.7108393745890423
TTGAACGGTTGCGGAA-1,Astro GFAP AQP1,0.9968329066125359
TTGACCCAGCATGGGT-1,Endo CLDN5 SLC7A5,0.9981272210056812
TTGACCCGTCGTTGCG-1,Oligo MOG OPALIN,0.9275759820563846
TTGAGTGAGCTAAGTA-1,L2-3 CUX2 NTNG1 PALMD,0.3225252476715777
TTGAGTGCATTGAAAG-1,Endo CLDN5 SLC7A5,0.09239153687127408
TTGAGTGGTAAGGTCG-1,Oligo MOG OPALIN,0.9959037415976539
TTGAGTGGTTAGAAAC-1,Endo CLDN5 SLC7A5,0.32011633262894174
TTGAGTGGTTATCTGG-1,Oligo MOG OPALIN,0.9998697491817266
TTGATGGAGTGTCATC-1,Endo CLDN5 SLC7A5,0.9961167936257939
TTGATGGCAAACTGCT-1,Endo CLDN5 SLC7A5,0.4233931184472095
TTGATGGTCACTCGAA-1,Oligo MOG OPALIN,0.6951614960039467
TTGATGGTCATCGCCT-1,Oligo MOG OPALIN,0.8654339010447223
TTGATGGTCGACCATA-1,Endo CLDN5 SLC7A5,0.14945958950314514
TTGATGGTCTTTCCGG-1,Astro GFAP FABP7,0.9998648205438401
TTGCATTAGTCCTACA-1,Endo CLDN5 SLC7A5,0.029448245592356356
TTGCATTGTACCAGAG-1,Endo CLDN5 SLC7A5,0.04559285928288468
TTGCATTGTGACATCT-1,InN VIP MEGF11 LHFP,0.7221252842871437
TTGCATTTCGGTCACG-1,Astro AQP4 SLC1A2,0.4171808613596546
TTGCCTGAGCAACTTC-1,InN SST HTR2C,0.9989266657171227
TTGCCTGCACGTCGGT-1,L6 FEZF2 SYT6 ERBB4,0.09035969082076287
TTGCCTGGTAGGGTAC-1,Endo CLDN5 SLC7A5,0.5465992932391456
TTGCCTGGTCCGGATC-1,Oligo MOG OPALIN,0.028647326972209827
TTGCCTGGTTCTCAGA-1,L2-3 CUX2 NTNG1 PALMD,0.019691607387114604
TTGCCTGTCATTTACC-1,L2-3 CUX2 NTNG1 PALMD,0.11827767677896857
TTGCCTGTCTCACTCG-1,Endo CLDN5 SLC7A5,0.9459584913853798
TTGCGTCAGATGCGAC-1,Endo CLDN5 SLC7A5,0.44323033962432173
TTGCGTCCAGATTTCG-1,Endo CLDN5 SLC7A5,0.898394525166399
TTGCGTCCAGGTCCCA-1,Oligo MOG OPALIN,0.7479693839554011
TTGCGTCGTACTGCCG-1,Oligo MOG OPALIN,0.9990780688719924
TTGCGTCGTTCACGAT-1,L2-3 CUX2 ACVR1C THSD7A,0.9970271986998543
TTGCGTCTCCAGCACG-1,Oligo MOG OPALIN,0.03422388578450923
TTGCTGCAGAGGGTAA-1,Endo CLDN5 SLC7A5,0.575589746516416
TTGCTGCAGGTCCAGA-1,Astro GFAP AQP1,0.4973356079988492
TTGCTGCAGTAATCCC-1,InN PVALB HPSE,0.9994680534240603
TTGCTGCCAGGCGTTC-1,InN PVALB HPSE,0.6762158656945838
TTGCTGCCAGGTCAAG-1,Endo CLDN5 SLC7A5,0.4075297558432037
TTGCTGCGTACGCTTA-1,L6 FEZF2 SYT6 ERBB4,0.041269051690979414
TTGCTGCGTTTGTTGG-1,Astro GFAP FABP7,0.9355464824811652
TTGCTGCTCACGGACC-1,Oligo MOG GSN,0.8465020211672107
TTGCTGCTCGCAGATT-1,Endo CLDN5 SLC7A5,0.8977546945965071
TTGGATGAGCGTGTCC-1,Endo CLDN5 SLC7A5,0.21841154565027115
TTGGATGAGGTTCCGC-1,Endo CLDN5 SLC7A5,0.1476234529208128
TTGGATGCAACCGTAT-1,Endo CLDN5 SLC7A5,0.32283830558517557
TTGGATGCACTAGGCC-1,Astro AQP4 SLC1A2,0.9999488405145719
TTGGATGCAGCGTTTA-1,Endo CLDN5 SLC7A5,0.04619227061060017
TTGGATGTCAGCCTCT-1,Endo CLDN5 SLC7A5,0.9782325881778033
TTGGATGTCATTACGG-1,Endo CLDN5 SLC7A5,0.9820914088981983
TTGGATGTCGCAAGAG-1,Endo CLDN5 SLC7A5,0.055131653864217645
TTGGATGTCTCTTCAA-1,Oligo MOG OPALIN,0.9929106147292357
TTGGGATCACCATTCC-1,L2-3 CUX2 NTNG1 PALMD,0.03962408953141153
TTGGGATCAGAGCGTA-1,Endo CLDN5 SLC7A5,0.017865199318481947
TTGGGATCATAGGTTC-1,L6 OPRK1 THEMIS RGS6,0.07427693395746662
TTGGGATGTAGGACTG-1,Oligo MOG OPALIN,0.1524295455128303
TTGGGATGTCTACTGA-1,Astro GFAP AQP1,0.9592093806835017
TTGGGATTCTACTCAT-1,Oligo MOG OPALIN,0.999889611970125
TTGGGCGGTACAGCGA-1,InN VIP ADAM12,0.18752779867993724
TTGGGCGGTTTCGACA-1,Oligo MOG OPALIN,0.999860601116591
TTGGGTACAGCGACCT-1,Oligo MOG OPALIN,0.7001501047149371
TTGGGTATCCCGAGAC-1,L3-5 RORB MKX DCC,0.5433868194866631
TTGGGTATCGGACCAC-1,Oligo MOG OPALIN,0.10483740646599946
TTGGTTTAGTCAATCC-1,Endo CLDN5 SLC7A5,0.5887907703098852
TTGGTTTCACGCGCAT-1,Endo CLDN5 SLC7A5,0.04064867825274676
TTGGTTTCACTTTATC-1,Oligo MOG OPALIN,0.9886234297874282
TTGGTTTCATCACGGC-1,Endo CLDN5 SLC7A5,0.9993029249353138
TTGGTTTCATGGAATA-1,L3-5 RORB MKX GALR1,0.03792306215019932
TTGGTTTCATGTCTAG-1,Astro AQP4 SLC1A2,0.3986379503708635
TTGTGGACAGCTGCCA-1,Micro P2RY12 APBB1IP,0.9996133571276845
TTGTGGACAGGTTCGC-1,Endo CLDN5 SLC7A5,0.8975931740539693
TTGTGGAGTGTCATTG-1,L2-3 CUX2 NTNG1 COL5A2,0.6548172812641847
TTGTGGATCTCCGTGT-1,Micro P2RY12 APBB1IP,0.05838916991705216
TTGTGTTAGCATGTTC-1,InN SST FREM1,0.04444804586427437
TTGTGTTAGGACTGGT-1,Oligo MOG OPALIN,0.9999876122737426
TTGTGTTCATTAAGCC-1,Oligo MOG OPALIN,0.6590731322798574
TTGTTCAAGATCCTAC-1,OPC PDGFRA PCDH15,0.9999999999983054
TTGTTCACACGTCATA-1,L2-3 CUX2 ACVR1C INHBA,0.18921829140446586
TTGTTGTCACTATCGA-1,L3-5 RORB MKX GRIN3A,0.011414604033784574
TTGTTGTGTTTGGCTA-1,Oligo MOG OPALIN,0.9997241411818856
TTGTTGTTCCAAGCCG-1,L2-3 CUX2 ACVR1C INHBA,0.1731939320451345
TTGTTGTTCCCGATCT-1,Endo CLDN5 SLC7A5,0.5390333529576862
TTGTTGTTCGTCCTTG-1,Astro AQP4 SLC1A2,0.999906227939322
TTGTTTGAGCCTGCCA-1,Endo CLDN5 SLC7A5,0.9222310881585852
TTGTTTGAGGCATGGT-1,Endo CLDN5 SLC7A5,0.1398217609556023
TTGTTTGAGTCCGCCA-1,Astro AQP4 SLC1A2,0.997080082895985
TTGTTTGCAGATAAAC-1,Oligo MOG OPALIN,0.4399355057432505
TTGTTTGCAGGTCTCG-1,InN PVALB ANOS1,0.00934542491030023
TTGTTTGGTCGTGCCA-1,Oligo MOG OPALIN,0.32525071619718166
TTGTTTGGTCTCACAA-1,Oligo MOG OPALIN,0.1215028512701333
TTGTTTGGTCTCAGGC-1,Oligo MOG OPALIN,0.09401231466804931
TTGTTTGGTGGTCTAT-1,Oligo MOG OPALIN,0.9999987391965444
TTGTTTGTCAGCTTCC-1,Oligo MOG GSN,0.02664293451086916
TTTACCAAGCTTCTAG-1,InN SST PLPP4,0.04498703870149578
TTTACCAGTCGCATTA-1,Endo CLDN5 SLC7A5,0.8725576879042983
TTTACCATCCCGTTGT-1,Endo CLDN5 SLC7A5,0.7002133683306863
TTTACGTAGAGTCCGA-1,Oligo MOG OPALIN,0.06743495405134313
TTTACGTAGATCCCAT-1,Oligo MOG OPALIN,0.1246526466984245
TTTACGTAGGATTTAG-1,L3-5 RORB GABRG1 PTPRO,0.33934576299838076
TTTACGTCAACTGATC-1,Endo CLDN5 SLC7A5,0.6488918751757137
TTTACGTCACCCTATC-1,Endo CLDN5 SLC7A5,0.9268590396818075
TTTACGTGTGGAATGC-1,Astro AQP4 SLC1A2,0.09348314368246081
TTTACGTTCACTTGGA-1,Oligo MOG OPALIN,0.982477344935354
TTTACGTTCAGACCTA-1,Endo CLDN5 SLC7A5,0.01747398645516596
TTTACGTTCATCTGTT-1,Astro AQP4 OSMR,0.01420249309618646
TTTACTGAGGTGCGAT-1,Astro GFAP AQP1,0.9999534872270142
TTTACTGCATCGCCTT-1,L3-5 RORB PCBP3 ARHGAP15,0.0702099706381644
TTTACTGTCTCTTAAC-1,Astro GFAP FABP7,0.9989444920046376
TTTAGTCAGCCTGTGC-1,Endo CLDN5 SLC7A5,0.960667017722918
TTTAGTCGTTCTTCAT-1,Endo CLDN5 SLC7A5,0.1424914361339154
TTTAGTCTCCGATAAC-1,L2-3 CUX2 NTNG1 PALMD,0.35361034378466705
TTTATGCAGTCGCGAA-1,L2-3 CUX2 NTNG1 PALMD,0.019619781400352594
TTTATGCCAAGACGGT-1,Astro GFAP FABP7,0.562421171263912
TTTATGCCAATCAAGA-1,Oligo MOG OPALIN,0.22933899385891315
TTTATGCCACAGTCGC-1,InN PVALB SNTB1,0.05376028644743472
TTTATGCCAGGAGACT-1,L2-4 CUX2 RORB CLMN,0.04202737180407782
TTTATGCCAGTTCTAG-1,Endo CLDN5 SLC7A5,0.3061948093207559
TTTATGCGTGGCATCC-1,Endo CLDN5 IL1R1,0.24124033855034807
TTTATGCTCTTTGCGC-1,Astro GFAP FABP7,0.019685836450683995
TTTCACAAGACGCTCC-1,L2-3 CUX2 NTNG1 PALMD,0.8104550879488278
TTTCACAAGTAGGGTC-1,Oligo MOG OPALIN,0.9772665565236589
TTTCACACAATGTCTG-1,Endo CLDN5 SLC7A5,0.8316093711620112
TTTCACACACTCAGAT-1,L6 OPRK1 THEMIS RGS6,0.9712754235341088
TTTCACAGTGACCGAA-1,InN PVALB ANOS1,0.08118263966829704
TTTCAGTAGGCACTCC-1,L6 FEZF2 SYT6 CDH9,0.0973212324674163
TTTCAGTCAGCTGTCG-1,L2-3 CUX2 NTNG1 PALMD,0.5407638523963948
TTTCAGTGTGTCATGT-1,Oligo MOG OPALIN,0.6886384318206935
TTTCAGTTCGTTCTGC-1,Astro AQP4 SLC1A2,0.030901186526961603
TTTCAGTTCTTCTTCC-1,L6 OPRK1 THEMIS RGS6,0.9778467284181165
TTTCATGAGCGCATCC-1,Oligo MOG OPALIN,0.9924752698273289
TTTCATGTCGTCCTTG-1,Astro GFAP FABP7,0.4154619681686622
TTTCATGTCTCGCGTT-1,Oligo MOG OPALIN,0.6128031075680117
TTTCCTCCACGACCTG-1,Endo CLDN5 SLC7A5,0.9454824874237953
TTTCCTCGTAGGTGCA-1,Oligo MOG OPALIN,0.9062335064513735
TTTCCTCGTTAATGAG-1,Astro AQP4 SLC1A2,0.9954443589959263
TTTCCTCTCGTTCCCA-1,Oligo MOG OPALIN,0.9996345126585364
TTTCGATCAACCTAAC-1,L6 OPRK1 SMYD1 SNTB1,0.4207137944723534
TTTCGATCAGTAACAA-1,Oligo MOG OPALIN,0.9998090322795442
TTTCGATGTGCGAGTA-1,Endo CLDN5 SLC7A5,0.13775095145009636
TTTGACTAGATGATTG-1,Astro GFAP AQP1,0.15679227484945854
TTTGACTAGGCTTAAA-1,Endo CLDN5 SLC7A5,0.04509297503323163
TTTGACTAGGGCAGAG-1,Endo CLDN5 SLC7A5,0.10409379195796477
TTTGACTCAATAGGGC-1,L2-3 CUX2 NTNG1 PALMD,0.11452024751764152
TTTGACTTCGGTCGAC-1,Endo CLDN5 SLC7A5,0.4245340415582509
TTTGATCCAAGAGGCT-1,Oligo MOG OPALIN,0.2481903817262574
TTTGATCGTTCATCTT-1,L2-3 CUX2 NTNG1 PALMD,0.00956959801632519
TTTGATCGTTGATGTC-1,Endo CLDN5 SLC7A5,0.19031915014214712
TTTGGAGAGCATGGGT-1,Endo CLDN5 SLC7A5,0.7731704314992905
TTTGGAGAGGACTATA-1,Endo CLDN5 SLC7A5,0.09353370191897294
TTTGGAGAGTTGCGCC-1,Astro GFAP AQP1,0.32006283398026586
TTTGGAGCACATAACC-1,Oligo MOG GSN,0.218151124150857
TTTGGAGCATACTTTC-1,L3-5 RORB TNNT2 TSHZ2,0.8228416574723596
TTTGGAGGTGGTAATA-1,Oligo MOG OPALIN,0.9999997377425969
TTTGGAGGTGTCATTG-1,Oligo MOG OPALIN,0.99937137663335
TTTGGAGTCATGACAC-1,Oligo MOG OPALIN,0.5861214484445743
TTTGGAGTCGAGAATA-1,Endo CLDN5 SLC7A5,0.9580224333217562
TTTGGAGTCGGAAGGT-1,Astro GFAP AQP1,0.295708246899468
TTTGGAGTCTCCACTG-1,Endo CLDN5 SLC7A5,0.026393529311552297
TTTGGAGTCTCCGATC-1,Astro AQP4 SLC1A2,0.037507097895832044
TTTGGAGTCTCCGTGT-1,L3-5 RORB MKX SCN5A,0.01586663912340992
TTTGGTTCAAACGAGC-1,Micro P2RY12 APBB1IP,0.6530855810862319
TTTGGTTGTGAGTCAG-1,Oligo MOG OPALIN,0.5451927859346872
TTTGGTTTCCAATCCC-1,Micro P2RY12 APBB1IP,0.5041755203450456
TTTGGTTTCCTCACTG-1,L2-3 CUX2 ACVR1C INHBA,0.012455139555902916
TTTGGTTTCTGGCCTT-1,Endo CLDN5 SLC7A5,0.9633207630198897
TTTGTTGAGCGGGTTA-1,Astro GFAP AQP1,0.347405139661404
TTTGTTGAGTAGGATT-1,L3-5 RORB GABRG1 PLCH1,0.17579843153314262
TTTGTTGCAACAAGTA-1,Endo CLDN5 SLC7A5,0.28628978129317434
TTTGTTGTCCCATGGG-1,Endo CLDN5 SLC7A5,0.07273402854444844
