,leiden,ctpt_individual_prediction,ctpt_confidence,ctpt_consensus_prediction,manual_annotation
AAACCCATCCACCCTA-1,1,Oligo MOG OPALIN,0.999949676324461,Oligo MOG OPALIN,
AAACCCATCGAGTACT-1,0,Oligo MOG OPALIN,0.9998866131183155,Oligo MOG OPALIN,
AAACGAACAACTGTGT-1,2,Astro AQP4 SLC1A2,0.9946431555333157,Astro AQP4 SLC1A2,
AAACGCTAGGTAGGCT-1,5,Astro AQP4 SLC1A2,0.9987375874053358,Astro AQP4 SLC1A2,
AAACGCTCATCGTGGC-1,8,Oligo MOG OPALIN,0.9999459903103144,Oligo MOG OPALIN,
AAACGCTTCCGTGACG-1,11,Micro P2RY12 APBB1IP,0.9975482393939467,Micro P2RY12 APBB1IP,
AAAGAACCAACGACTT-1,16,L3-5 RORB MKX GRIN3A,0.3417487881055338,Oligo MOG OPALIN,
AAAGAACGTCTTGAGT-1,4,Endo CLDN5 SLC7A5,0.5742581097177675,Oligo MOG OPALIN,
AAAGGATCAATTGAAG-1,0,Oligo MOG OPALIN,0.9996422864036303,Oligo MOG OPALIN,
AAAGGATCACATATGC-1,12,OPC PDGFRA PCDH15,0.9999999999993221,OPC PDGFRA PCDH15,
AAAGGGCCACAACATC-1,11,Micro P2RY12 APBB1IP,0.9679608491312959,Micro P2RY12 APBB1IP,
AAAGGGCGTAATTGGA-1,1,Oligo MOG OPALIN,0.9999475318982735,Oligo MOG OPALIN,
AAAGGGCGTAGCCAGA-1,7,Endo CLDN5 SLC7A5,0.6429434143903034,Endo CLDN5 SLC7A5,
AAAGGGCGTCCGAAAG-1,7,Endo CLDN5 SLC7A5,0.9760499947361414,Endo CLDN5 SLC7A5,
AAAGGTACACTTGGCG-1,18,InN VIP EXPH5,0.9933586141150256,InN VIP HS3ST3B1,
AAAGTCCCACGGATCC-1,21,PC P2RY14 GRM8,0.9765406569913537,PC P2RY14 GRM8,
AAAGTCCCACTCCTTG-1,0,Oligo MOG OPALIN,0.9999917617331989,Oligo MOG OPALIN,
AAAGTCCTCACTTTGT-1,9,Astro AQP4 SLC1A2,0.45461841058757724,Astro AQP4 SLC1A2,
AAAGTCCTCTAGATCG-1,13,Oligo MOG OPALIN,0.3089985339485137,Endo CLDN5 SLC7A5,
AAAGTGATCCGGGACT-1,3,Endo CLDN5 SLC7A5,0.9056352745731562,Endo CLDN5 SLC7A5,
AAATGGAAGCGTTCCG-1,2,Astro AQP4 SLC1A2,0.9412055780252601,Astro AQP4 SLC1A2,
AAATGGAGTGCCTGCA-1,3,Endo CLDN5 SLC7A5,0.6328463658486129,Endo CLDN5 SLC7A5,
AAATGGATCACGATAC-1,4,Endo CLDN5 SLC7A5,0.5756848169929207,Oligo MOG OPALIN,
AAATGGATCCCGTTCA-1,18,InN VIP ADAM12,0.36219935513171253,InN VIP HS3ST3B1,
AAATGGATCGTGAGAG-1,8,Oligo MOG OPALIN,0.9925566434891123,Oligo MOG OPALIN,
AACAACCAGACCCTTA-1,0,Oligo MOG OPALIN,0.999950148291565,Oligo MOG OPALIN,
AACAACCCAAGGCAAC-1,0,Oligo MOG OPALIN,0.99992898199692,Oligo MOG OPALIN,
AACAACCGTATGTCCA-1,7,Endo CLDN5 SLC7A5,0.9101333211392412,Endo CLDN5 SLC7A5,
AACAACCGTTACGATC-1,12,OPC PDGFRA PCDH15,0.9999999999999993,OPC PDGFRA PCDH15,
AACAAGAAGACGCAGT-1,7,Endo CLDN5 SLC7A5,0.8365708437707023,Endo CLDN5 SLC7A5,
AACAAGAAGCCGATAG-1,18,InN VIP EGF,0.6200885475039385,InN VIP HS3ST3B1,
AACAAGACATCTCGTC-1,16,L3-5 RORB MKX GRIN3A,0.613256266980093,Oligo MOG OPALIN,
AACAAGACATGGGAAC-1,4,Oligo MOG OPALIN,0.6040909187916332,Oligo MOG OPALIN,
AACAAGAGTTATGTCG-1,19,VLMC COL1A2 VLMCA8,0.9999072289135563,PC P2RY14 GRM8,
AACACACAGAATAGTC-1,22,Micro P2RY12 APBB1IP,0.9880661964713223,Micro P2RY12 APBB1IP,
AACACACAGTGCACTT-1,4,Oligo MOG OPALIN,0.87949384620048,Oligo MOG OPALIN,
AACACACGTAATGTGA-1,0,Oligo MOG OPALIN,0.9999929925453304,Oligo MOG OPALIN,
AACACACGTCACGACC-1,1,Oligo MOG OPALIN,0.999873951049329,Oligo MOG OPALIN,
AACAGGGAGTAGGTTA-1,1,Oligo MOG OPALIN,0.9987602581072271,Oligo MOG OPALIN,
AACAGGGCATAGGTTC-1,6,Oligo MOG OPALIN,0.9989484398517294,Oligo MOG GSN,
AACAGGGGTAACGTTC-1,0,Oligo MOG OPALIN,0.9998717476706667,Oligo MOG OPALIN,
AACAGGGTCTTCTCAA-1,4,Oligo MOG OPALIN,0.90200475083243,Oligo MOG OPALIN,
AACCAACTCCCTCATG-1,3,Endo CLDN5 SLC7A5,0.8797922244979546,Endo CLDN5 SLC7A5,
AACCATGAGCCTCACG-1,0,Oligo MOG OPALIN,0.9935604602818868,Oligo MOG OPALIN,
AACCATGCATCTGGGC-1,5,Astro AQP4 SLC1A2,0.9978134853153632,Astro AQP4 SLC1A2,
AACCCAAAGCGTTACT-1,5,Astro AQP4 SLC1A2,0.9957958577059658,Astro AQP4 SLC1A2,
AACCCAAGTACGTGAG-1,6,Oligo MOG GSN,0.9911351645051508,Oligo MOG GSN,
AACCTGAGTCGTTTCC-1,14,InN SST THSD7B,0.9999287988801882,InN SST FREM1,
AACCTTTTCGGTAGGA-1,4,Endo CLDN5 SLC7A5,0.3164358668857854,Oligo MOG OPALIN,
AACGAAAGTTCCTTGC-1,0,Oligo MOG OPALIN,0.9999985444709754,Oligo MOG OPALIN,
AACGGGACAGGCATTT-1,1,Oligo MOG OPALIN,0.9999981924140624,Oligo MOG OPALIN,
AACGTCACAAAGACGC-1,13,L2-3 CUX2 NTNG1 PALMD,0.8945228111341759,Endo CLDN5 SLC7A5,
AACGTCACATTCCTAT-1,15,Astro GFAP AQP1,0.9998760005197065,Astro GFAP AQP1,
AACGTCATCAAGAATG-1,18,InN VIP HS3ST3B1,0.9686466774103052,InN VIP HS3ST3B1,
AACGTCATCGCGCCAA-1,23,Endo CLDN5 SLC7A5,0.8431935549097169,Endo CLDN5 SLC7A5,
AACTTCTAGGACTGGT-1,19,PC P2RY14 GRM8,0.9999991791248944,PC P2RY14 GRM8,
AACTTCTAGTGGTTAA-1,2,Astro AQP4 SLC1A2,0.9290878276277302,Astro AQP4 SLC1A2,
AACTTCTCAGCAGTGA-1,6,Oligo MOG OPALIN,0.9999773825063134,Oligo MOG GSN,
AACTTCTCATCCTAAG-1,5,Astro AQP4 SLC1A2,0.8328514987974378,Astro AQP4 SLC1A2,
AACTTCTGTGTCTTAG-1,17,InN PVALB SYT2,0.8593961432877876,InN LAMP5 BMP7,
AAGAACAGTAGACAAT-1,0,Oligo MOG OPALIN,0.9999799805736829,Oligo MOG OPALIN,
AAGAACAGTCGAACGA-1,19,PC P2RY14 GRM8,0.9933919122675136,PC P2RY14 GRM8,
AAGACAAAGAGCCTGA-1,0,Oligo MOG OPALIN,0.9991840248992151,Oligo MOG OPALIN,
AAGACAACAGAACTCT-1,10,L6 OPRK1 THEMIS RGS6,0.9736602813856529,L2-3 CUX2 ACVR1C THSD7A,
AAGACAACATTCCTCG-1,3,Endo CLDN5 SLC7A5,0.9434832704292231,Endo CLDN5 SLC7A5,
AAGACAAGTAGCTGAG-1,19,PC P2RY14 GRM8,0.9999589752320931,PC P2RY14 GRM8,
AAGACTCCACACAGCC-1,13,Endo CLDN5 SLC7A5,0.48254428575238495,Endo CLDN5 SLC7A5,
AAGATAGAGCCGGATA-1,5,Astro AQP4 SLC1A2,0.4197322598627276,Astro AQP4 SLC1A2,
AAGATAGAGGCGCTCT-1,11,Micro P2RY12 APBB1IP,0.9852640865703289,Micro P2RY12 APBB1IP,
AAGATAGAGGGTATAT-1,4,Endo CLDN5 SLC7A5,0.8240534740582508,Oligo MOG OPALIN,
AAGATAGGTATGAAAC-1,10,L2-3 CUX2 ACVR1C THSD7A,0.9684959498359142,L2-3 CUX2 ACVR1C THSD7A,
AAGATAGTCGTGGAAG-1,3,Micro P2RY12 APBB1IP,0.6455742453482218,Endo CLDN5 SLC7A5,
AAGATAGTCTCCATAT-1,11,Micro P2RY12 APBB1IP,0.99012862005245,Micro P2RY12 APBB1IP,
AAGATAGTCTTCACAT-1,1,Oligo MOG OPALIN,0.9999967187382124,Oligo MOG OPALIN,
AAGCATCCACTGGATT-1,0,Oligo MOG OPALIN,0.9998300135880952,Oligo MOG OPALIN,
AAGCATCGTACCGCGT-1,12,OPC PDGFRA PCDH15,0.9999999997394977,OPC PDGFRA PCDH15,
AAGCATCGTGGACTGA-1,3,Endo CLDN5 SLC7A5,0.9309811898334608,Endo CLDN5 SLC7A5,
AAGCCATAGATACGAT-1,2,Astro AQP4 SLC1A2,0.9523782636282777,Astro AQP4 SLC1A2,
AAGCCATTCCTTTAGT-1,15,Astro GFAP AQP1,0.9992715327055609,Astro GFAP AQP1,
AAGCGAGAGAAATCCA-1,10,L3-5 RORB GABRG1 PTPRO,0.40105253731183,L2-3 CUX2 ACVR1C THSD7A,
AAGCGAGAGTCATACC-1,1,Oligo MOG OPALIN,0.9996971961244457,Oligo MOG OPALIN,
AAGCGAGAGTCCGCGT-1,1,Oligo MOG OPALIN,0.9998909134486268,Oligo MOG OPALIN,
AAGCGAGGTAGATTGA-1,14,InN PVALB HPSE,0.9735687611233921,InN SST FREM1,
AAGCGAGGTTCTCCTG-1,7,Endo CLDN5 SLC7A5,0.6544852654289873,Endo CLDN5 SLC7A5,
AAGCGAGTCTTACACT-1,17,InN LAMP5 LHX6 TAC1,0.6642579015578884,InN LAMP5 BMP7,
AAGCGTTAGAGTCTTC-1,0,Oligo MOG OPALIN,0.999981228534039,Oligo MOG OPALIN,
AAGCGTTAGTGAGCCA-1,0,Oligo MOG OPALIN,0.8307638929186749,Oligo MOG OPALIN,
AAGCGTTTCACCCTGT-1,14,InN SST STK32A,0.8774034445276011,InN SST FREM1,
AAGGAATCACGAAGAC-1,20,Oligo MOG OPALIN,0.9996352811578604,Oligo MOG OPALIN,
AAGGTAAAGGCTTCCG-1,0,Oligo MOG OPALIN,0.9999078776637539,Oligo MOG OPALIN,
AAGGTAAAGTGCTCAT-1,8,Oligo MOG OPALIN,0.9999936884153187,Oligo MOG OPALIN,
AAGGTAATCGACCACG-1,24,Endo CLDN5 SLC7A5,0.7893965056090803,Endo CLDN5 SLC7A5,
AAGGTAATCTACCTTA-1,13,Endo CLDN5 SLC7A5,0.6200522677258246,Endo CLDN5 SLC7A5,
AAGTACCAGTTCACTG-1,3,Endo CLDN5 SLC7A5,0.7802704769733183,Endo CLDN5 SLC7A5,
AAGTACCCACGATTCA-1,12,OPC PDGFRA PCDH15,1.0,OPC PDGFRA PCDH15,
AAGTACCCATGTCAGT-1,19,PC P2RY14 GRM8,0.9993882434751894,PC P2RY14 GRM8,
AAGTACCGTTACCTGA-1,0,Oligo MOG OPALIN,0.9963082766160609,Oligo MOG OPALIN,
AAGTACCTCCGAACGC-1,1,Oligo MOG OPALIN,0.9997431633694656,Oligo MOG OPALIN,
AAGTCGTAGACCTCCG-1,5,Astro AQP4 SLC1A2,0.4642081454098336,Astro AQP4 SLC1A2,
AAGTCGTAGCGACCCT-1,1,Oligo MOG OPALIN,0.9999923838761235,Oligo MOG OPALIN,
AAGTCGTCACAAATCC-1,10,L2-3 CUX2 ACVR1C THSD7A,0.9973010075876306,L2-3 CUX2 ACVR1C THSD7A,
AAGTCGTGTCATGACT-1,9,Astro AQP4 SLC1A2,0.9181218177199333,Astro AQP4 SLC1A2,
AAGTCGTTCGACATAC-1,11,Micro P2RY12 APBB1IP,0.9998648647731179,Micro P2RY12 APBB1IP,
AAGTGAAAGACAACAT-1,0,Oligo MOG OPALIN,0.9999612604504391,Oligo MOG OPALIN,
AAGTGAAAGTTGCCTA-1,0,Oligo MOG OPALIN,0.9999144473054751,Oligo MOG OPALIN,
AAGTGAACAGGCCCTA-1,9,Astro AQP4 SLC1A2,0.6110260748229633,Astro AQP4 SLC1A2,
AAGTGAAGTATCACCA-1,17,InN LAMP5 BMP7,0.9731232968467335,InN LAMP5 BMP7,
AAGTGAATCCCATTTA-1,4,Endo CLDN5 SLC7A5,0.500704379907502,Oligo MOG OPALIN,
AAGTTCGAGGAGATAG-1,1,Oligo MOG OPALIN,0.999810923725247,Oligo MOG OPALIN,
AAGTTCGCAACAACAA-1,4,Oligo MOG OPALIN,0.44238946946914187,Oligo MOG OPALIN,
AATAGAGCACACCGAC-1,24,Endo CLDN5 IL1R1,0.5971897408167337,Endo CLDN5 SLC7A5,
AATAGAGCACTAACGT-1,3,Endo CLDN5 SLC7A5,0.6009159326539768,Endo CLDN5 SLC7A5,
AATAGAGTCGCTGACG-1,10,L2-4 CUX2 RORB CLMN,0.9319524499175381,L2-3 CUX2 ACVR1C THSD7A,
AATCACGAGGTTCTTG-1,1,Oligo MOG OPALIN,0.9998389557928186,Oligo MOG OPALIN,
AATCACGCACTGGCCA-1,14,InN SST STK32A,0.9998112877829437,InN SST FREM1,
AATCACGGTAGTCTGT-1,12,OPC PDGFRA PCDH15,0.9999999999999645,OPC PDGFRA PCDH15,
AATCACGGTGAGACGT-1,16,Oligo MOG OPALIN,0.3829198995942405,Oligo MOG OPALIN,
AATCACGTCCTTCTAA-1,5,Astro AQP4 SLC1A2,0.956886427111306,Astro AQP4 SLC1A2,
AATCGACGTGCCCTTT-1,20,Oligo MOG OPALIN,0.8743351715595522,Oligo MOG OPALIN,
AATCGTGCACGACGAA-1,1,Oligo MOG OPALIN,0.9999995476505933,Oligo MOG OPALIN,
AATCGTGGTCAGACTT-1,20,Oligo MOG OPALIN,0.9999590989331769,Oligo MOG OPALIN,
AATGAAGAGATGATTG-1,0,Oligo MOG OPALIN,0.9999917670428796,Oligo MOG OPALIN,
AATGAAGCACAAGCCC-1,2,Astro AQP4 SLC1A2,0.9974266579581256,Astro AQP4 SLC1A2,
AATGAAGGTCCTTAAG-1,4,Endo CLDN5 SLC7A5,0.8936962904491258,Oligo MOG OPALIN,
AATGAAGGTTTCGATG-1,0,Oligo MOG OPALIN,0.9999923533526756,Oligo MOG OPALIN,
AATGAAGTCCGTGTGG-1,6,Oligo MOG GSN,0.9999998288436294,Oligo MOG GSN,
AATGAAGTCGTTCAGA-1,21,PC P2RY14 GRM8,0.9992605933186338,PC P2RY14 GRM8,
AATGACCAGAGTGGCT-1,2,Astro AQP4 SLC1A2,0.9994996162631803,Astro AQP4 SLC1A2,
AATGACCCACCGAATT-1,12,OPC PDGFRA PCDH15,0.9999999999999853,OPC PDGFRA PCDH15,
AATGACCGTAAGCGGT-1,21,PC P2RY14 GRM8,0.9980002411984101,PC P2RY14 GRM8,
AATGACCGTAGGACCA-1,0,Oligo MOG OPALIN,0.9999956798639059,Oligo MOG OPALIN,
AATGACCTCCGAACGC-1,15,Astro GFAP AQP1,0.9994932404074209,Astro GFAP AQP1,
AATGCCACACGCTATA-1,22,T SKAP1 CD247,0.9921845005736682,Micro P2RY12 APBB1IP,
AATGCCATCTGATTCT-1,4,Oligo MOG OPALIN,0.9996651229500324,Oligo MOG OPALIN,
AATGGAAAGCACACAG-1,1,Oligo MOG OPALIN,0.9995688877555599,Oligo MOG OPALIN,
AATGGAACACCCTGTT-1,4,Endo CLDN5 SLC7A5,0.9587142594570843,Oligo MOG OPALIN,
AATGGAACAGACGCTC-1,3,L2-4 CUX2 RORB CLMN,0.7266944006862943,Endo CLDN5 SLC7A5,
AATGGAACATAACCCA-1,20,Oligo MOG OPALIN,0.9961559740075406,Oligo MOG OPALIN,
AATGGAATCGCTCTAC-1,8,Oligo MOG OPALIN,0.9996036673352368,Oligo MOG OPALIN,
AATGGCTTCATGAAAG-1,18,InN VIP MEGF11 LHFP,0.9968258861374468,InN VIP HS3ST3B1,
AATGGCTTCTGTGTGA-1,1,Oligo MOG OPALIN,0.9999943882760439,Oligo MOG OPALIN,
AATTCCTAGGCGCTTC-1,14,InN SST STK32A,0.9732901687912284,InN SST FREM1,
AATTCCTCACCGTGAC-1,8,Oligo MOG OPALIN,0.976255923150916,Oligo MOG OPALIN,
AATTTCCCAGGAGACT-1,1,Oligo MOG OPALIN,0.9990244964600388,Oligo MOG OPALIN,
ACAAAGAGTACGTGAG-1,1,Oligo MOG OPALIN,0.9995950421651537,Oligo MOG OPALIN,
ACAAAGATCACGGGCT-1,2,Astro AQP4 SLC1A2,0.870210089163777,Astro AQP4 SLC1A2,
ACAACCAAGAACTTCC-1,2,Astro AQP4 SLC1A2,0.38316517831949626,Astro AQP4 SLC1A2,
ACAACCAGTGTCCAAT-1,1,Oligo MOG OPALIN,0.9958984691212504,Oligo MOG OPALIN,
ACAAGCTAGCGTGCCT-1,5,Astro AQP4 SLC1A2,0.9896034566122459,Astro AQP4 SLC1A2,
ACAAGCTCAGTAACCT-1,24,Endo CLDN5 SLC7A5,0.9602651462070237,Endo CLDN5 SLC7A5,
ACAAGCTGTCGCCACA-1,0,Oligo MOG OPALIN,0.999984026296321,Oligo MOG OPALIN,
ACAAGCTGTTCAATCG-1,1,Oligo MOG OPALIN,0.9991457665555488,Oligo MOG OPALIN,
ACAAGCTTCCACTAGA-1,5,Astro AQP4 SLC1A2,0.9999923429952065,Astro AQP4 SLC1A2,
ACACAGTAGGACTTCT-1,0,Oligo MOG OPALIN,0.9998669895282692,Oligo MOG OPALIN,
ACACAGTCAAGTCCAT-1,7,Endo CLDN5 SLC7A5,0.4884142121783173,Endo CLDN5 SLC7A5,
ACACAGTGTTCCCAAA-1,22,Micro P2RY12 APBB1IP,0.9988826623052545,Micro P2RY12 APBB1IP,
ACACAGTTCATTGAGC-1,19,PC P2RY14 GRM8,0.9999991659822008,PC P2RY14 GRM8,
ACACAGTTCCCGTGTT-1,15,Astro GFAP AQP1,0.9899296557936264,Astro GFAP AQP1,
ACACCAAAGATAACGT-1,9,Astro AQP4 SLC1A2,0.9927629467210749,Astro AQP4 SLC1A2,
ACACCAAAGCCTGACC-1,11,Micro P2RY12 APBB1IP,0.7795619410726281,Micro P2RY12 APBB1IP,
ACACCAACACACCGCA-1,21,PC P2RY14 GRM8,0.9995996721701808,PC P2RY14 GRM8,
ACACCAACACTCGATA-1,13,Endo CLDN5 SLC7A5,0.8567058658579513,Endo CLDN5 SLC7A5,
ACACCAAGTTGCGGAA-1,17,InN LAMP5 LHX6 PROX1,0.9847705785378833,InN LAMP5 BMP7,
ACACCAATCTGGTGGC-1,2,Endo CLDN5 SLC7A5,0.43862633866434053,Astro AQP4 SLC1A2,
ACACGCGAGGGCATGT-1,17,InN PVALB PIEZO2,0.5607610441000761,InN LAMP5 BMP7,
ACACGCGAGGTAAGAG-1,7,L2-3 CUX2 ACVR1C INHBA,0.48129637742596093,Endo CLDN5 SLC7A5,
ACACGCGCATCATTGG-1,22,Micro P2RY12 APBB1IP,0.9355732540467316,Micro P2RY12 APBB1IP,
ACACGCGGTAGGCTGA-1,10,L6 FEZF2 SYT6 CDH9,0.897270758502872,L2-3 CUX2 ACVR1C THSD7A,
ACACTGAAGACCATAA-1,4,L2-3 CUX2 NTNG1 PALMD,0.9444229220118004,Oligo MOG OPALIN,
ACACTGAAGGGCCCTT-1,14,InN SST FREM1,0.9999289991279482,InN SST FREM1,
ACACTGAAGTATGCAA-1,1,Oligo MOG OPALIN,0.9998275645753468,Oligo MOG OPALIN,
ACACTGAGTTGAAGTA-1,11,Micro P2RY12 APBB1IP,0.9989675684337628,Micro P2RY12 APBB1IP,
ACACTGATCCCGAAAT-1,1,Oligo MOG OPALIN,0.9999437617249343,Oligo MOG OPALIN,
ACAGAAACACATGGTT-1,0,Oligo MOG OPALIN,0.9999916367774786,Oligo MOG OPALIN,
ACAGAAAGTTGTCAGT-1,3,Endo CLDN5 SLC7A5,0.7639360041832655,Endo CLDN5 SLC7A5,
ACAGCCGAGCGTTACT-1,4,Endo CLDN5 SLC7A5,0.6803486111932936,Oligo MOG OPALIN,
ACAGCCGCACTTGTCC-1,2,Astro AQP4 SLC1A2,0.9887010278009755,Astro AQP4 SLC1A2,
ACAGGGACAATTTCTC-1,5,Astro AQP4 SLC1A2,0.9962436185077276,Astro AQP4 SLC1A2,
ACAGGGAGTTAGGAGC-1,2,Endo CLDN5 SLC7A5,0.5549014878485996,Astro AQP4 SLC1A2,
ACAGGGATCGTTCTAT-1,7,Endo CLDN5 SLC7A5,0.7327770173624083,Endo CLDN5 SLC7A5,
ACATCCCGTATCAGGG-1,7,L6 OPRK1 THEMIS RGS6,0.3120299819988851,Endo CLDN5 SLC7A5,
ACATCCCTCTAATTCC-1,3,Endo CLDN5 SLC7A5,0.5954218774845685,Endo CLDN5 SLC7A5,
ACATCGACAGCAAGAC-1,0,Oligo MOG GSN,0.9787653020219901,Oligo MOG OPALIN,
ACATCGACATGGGAAC-1,17,InN LAMP5 BMP7,0.8357461568798104,InN LAMP5 BMP7,
ACATCGATCTCAGTCC-1,14,InN SST ADRA1D,0.8804165649350549,InN SST FREM1,
ACATGCAAGTCCTGTA-1,1,Oligo MOG OPALIN,0.9996196859903027,Oligo MOG OPALIN,
ACATGCAAGTTACGAA-1,9,Astro AQP4 SLC1A2,0.83294886137563,Astro AQP4 SLC1A2,
ACATGCACACACTGGC-1,3,Endo CLDN5 SLC7A5,0.7418871011220793,Endo CLDN5 SLC7A5,
ACATGCAGTGACAGGT-1,2,Astro AQP4 SLC1A2,0.959101437583644,Astro AQP4 SLC1A2,
ACATGCATCAATCTTC-1,16,Oligo MOG OPALIN,0.33101156699929896,Oligo MOG OPALIN,
ACATTTCCACCAGGTC-1,11,Micro P2RY12 APBB1IP,0.997576730424269,Micro P2RY12 APBB1IP,
ACATTTCTCCGGTTCT-1,9,Astro AQP4 SLC1A2,0.9573731485851188,Astro AQP4 SLC1A2,
ACCAAACAGCATCCCG-1,0,Oligo MOG OPALIN,0.9998981877723725,Oligo MOG OPALIN,
ACCAAACAGGTTATAG-1,2,Oligo MOG OPALIN,0.8031116566432207,Astro AQP4 SLC1A2,
ACCAACAAGATTAGTG-1,15,Astro GFAP AQP1,0.9998900808589325,Astro GFAP AQP1,
ACCAACAGTAGGCTCC-1,6,Oligo MOG OPALIN,0.9997381452134593,Oligo MOG GSN,
ACCAACATCGCTACGG-1,0,Oligo MOG OPALIN,0.9993150141237056,Oligo MOG OPALIN,
ACCACAATCATGTCAG-1,2,Astro AQP4 SLC1A2,0.9848757690351335,Astro AQP4 SLC1A2,
ACCATTTGTAGCTCGC-1,20,Oligo MOG OPALIN,0.9629745466906832,Oligo MOG OPALIN,
ACCATTTTCATTGCTT-1,7,Endo CLDN5 SLC7A5,0.9949875978671884,Endo CLDN5 SLC7A5,
ACCCAAAAGTTGAAAC-1,7,L2-3 CUX2 ACVR1C INHBA,0.9088132176981736,Endo CLDN5 SLC7A5,
ACCCAAACACTGTCGG-1,0,Oligo MOG OPALIN,0.9934912967474425,Oligo MOG OPALIN,
ACCCAAACAGTGGTGA-1,10,L6 FEZF2 SYT6 PTPRT,0.4174080354677943,L2-3 CUX2 ACVR1C THSD7A,
ACCCAAACATGACTAC-1,7,Endo CLDN5 SLC7A5,0.9044730544194216,Endo CLDN5 SLC7A5,
ACCCAAATCGCAGATT-1,3,Endo CLDN5 SLC7A5,0.8818363627954019,Endo CLDN5 SLC7A5,
ACCCTCAAGAATTGCA-1,1,Oligo MOG OPALIN,0.9992599967586127,Oligo MOG OPALIN,
ACCCTCAAGCTCGAAG-1,3,L2-3 CUX2 NTNG1 PALMD,0.5011793144364275,Endo CLDN5 SLC7A5,
ACCCTCATCACGATAC-1,16,Oligo MOG OPALIN,0.9120052883693364,Oligo MOG OPALIN,
ACCCTCATCATTATCC-1,1,Oligo MOG OPALIN,0.9999974818424919,Oligo MOG OPALIN,
ACCCTTGCATGGGATG-1,1,Oligo MOG OPALIN,0.999453004877995,Oligo MOG OPALIN,
ACCCTTGGTTGGCTAT-1,17,InN LHX6 HGF STON2,0.8943129435598115,InN LAMP5 BMP7,
ACCCTTGTCTCTAAGG-1,1,Oligo MOG OPALIN,0.9897117003782309,Oligo MOG OPALIN,
ACCGTTCAGGCTAAAT-1,6,Oligo MOG GSN,0.999967377405678,Oligo MOG GSN,
ACCGTTCAGTGCGCTC-1,23,Endo CLDN5 SLC7A5,0.5188789243583125,Endo CLDN5 SLC7A5,
ACCGTTCAGTGGACGT-1,7,L2-4 CUX2 RORB CLMN,0.4505254387028129,Endo CLDN5 SLC7A5,
ACCGTTCTCTCTCGCA-1,23,Oligo MOG OPALIN,0.5912331491652055,Endo CLDN5 SLC7A5,
ACCTACCAGAACCCGA-1,4,Endo CLDN5 SLC7A5,0.9106182193750024,Oligo MOG OPALIN,
ACCTACCAGTCCCGGT-1,0,Oligo MOG OPALIN,0.9986638874010388,Oligo MOG OPALIN,
ACCTACCAGTCGAAGC-1,14,InN SST FREM1,0.9998077857690156,InN SST FREM1,
ACCTACCGTAATGCTC-1,1,Oligo MOG OPALIN,0.9997913984846656,Oligo MOG OPALIN,
ACCTACCGTCTCAAGT-1,3,Endo CLDN5 SLC7A5,0.3402090472980561,Endo CLDN5 SLC7A5,
ACCTACCTCACAAGAA-1,0,Oligo MOG OPALIN,0.9999970001961567,Oligo MOG OPALIN,
ACCTGAAAGAGATCGC-1,24,Endo CLDN5 SLC7A5,0.9999967191185354,Endo CLDN5 SLC7A5,
ACCTGAAAGCTCTGTA-1,13,Endo CLDN5 SLC7A5,0.8539449270722164,Endo CLDN5 SLC7A5,
ACCTGAACAAAGACGC-1,7,L2-3 CUX2 NTNG1 PALMD,0.6043100161430268,Endo CLDN5 SLC7A5,
ACCTGAATCCAGGACC-1,9,Astro AQP4 SLC1A2,0.9941775289123544,Astro AQP4 SLC1A2,
ACCTGAATCGATCCCT-1,1,Oligo MOG OPALIN,0.9783015677920058,Oligo MOG OPALIN,
ACCTGTCAGCATGAAT-1,0,Oligo MOG OPALIN,0.9999528457189326,Oligo MOG OPALIN,
ACCTGTCAGCCTCTCT-1,0,Oligo MOG OPALIN,0.998552516810772,Oligo MOG OPALIN,
ACCTGTCAGCTGTTAC-1,0,Oligo MOG OPALIN,0.9994230520962804,Oligo MOG OPALIN,
ACCTGTCTCATGAGTC-1,16,Oligo MOG OPALIN,0.836434673221066,Oligo MOG OPALIN,
ACGATCAAGCCTCTCT-1,15,Astro GFAP AQP1,0.9212418770301238,Astro GFAP AQP1,
ACGATCAAGGACTGGT-1,1,Oligo MOG OPALIN,0.9999710326367507,Oligo MOG OPALIN,
ACGATCAGTAATTGGA-1,21,PC P2RY14 GRM8,0.9998516727360918,PC P2RY14 GRM8,
ACGATGTGTTAAGTCC-1,21,PC P2RY14 GRM8,0.9772607835622341,PC P2RY14 GRM8,
ACGATGTGTTAGAAAC-1,6,Oligo MOG GSN,0.983366200355941,Oligo MOG GSN,
ACGCACGCACCCATAA-1,0,Oligo MOG OPALIN,0.9993211807241573,Oligo MOG OPALIN,
ACGGAAGAGCACTTTG-1,16,L2-4 CUX2 RORB CLMN,0.9512667075325968,Oligo MOG OPALIN,
ACGGAAGAGGTGAGAA-1,13,L2-3 CUX2 NTNG1 PALMD,0.4520654635391408,Endo CLDN5 SLC7A5,
ACGGAAGCAGCGACAA-1,14,InN PVALB ANOS1,0.37996508880889507,InN SST FREM1,
ACGGAAGTCGCCTATC-1,17,InN PVALB SYT2,0.8477146214963093,InN LAMP5 BMP7,
ACGGGTCAGCTCGAAG-1,1,Oligo MOG OPALIN,0.8358684490939028,Oligo MOG OPALIN,
ACGGGTCCACAACGAG-1,2,Astro AQP4 SLC1A2,0.7379900144700744,Astro AQP4 SLC1A2,
ACGGGTCCAGGAACCA-1,2,Astro AQP4 SLC1A2,0.960815392507744,Astro AQP4 SLC1A2,
ACGGTCGAGATGGTAT-1,14,InN SST THSD7B,0.9998798227860999,InN SST FREM1,
ACGGTCGGTATGCAAA-1,1,Oligo MOG OPALIN,0.9999643458324085,Oligo MOG OPALIN,
ACGGTCGTCTTGATTC-1,11,Micro P2RY12 APBB1IP,0.7551959450524517,Micro P2RY12 APBB1IP,
ACGGTTATCTTTGCGC-1,1,Oligo MOG OPALIN,0.9999463845681591,Oligo MOG OPALIN,
ACGTAACAGCCAAGTG-1,1,Oligo MOG OPALIN,0.999998937388191,Oligo MOG OPALIN,
ACGTAACAGGGAGAAT-1,7,L2-3 CUX2 NTNG1 PALMD,0.6885707813528326,Endo CLDN5 SLC7A5,
ACGTAACCACCCAAGC-1,4,Endo CLDN5 SLC7A5,0.32227146686448593,Oligo MOG OPALIN,
ACGTAACGTAACATCC-1,9,Astro AQP4 SLC1A2,0.6731207110183766,Astro AQP4 SLC1A2,
ACGTAACTCCACAGCG-1,11,Micro P2RY12 APBB1IP,0.8302370015220589,Micro P2RY12 APBB1IP,
ACGTACAAGAGAGCCT-1,0,Oligo MOG OPALIN,0.9999965255631041,Oligo MOG OPALIN,
ACGTACAAGCGACTAG-1,9,Astro AQP4 SLC1A2,0.8417074322500249,Astro AQP4 SLC1A2,
ACGTACACACCCTATC-1,5,Astro AQP4 SLC1A2,0.765132436265599,Astro AQP4 SLC1A2,
ACGTACAGTTTCGACA-1,5,Astro GFAP AQP1,0.8047386074879606,Astro AQP4 SLC1A2,
ACGTAGTCATTGCCGG-1,4,Oligo MOG OPALIN,0.7945495512351565,Oligo MOG OPALIN,
ACGTAGTTCACTGATG-1,12,OPC PDGFRA PCDH15,0.999999999999811,OPC PDGFRA PCDH15,
ACGTCCTGTCTAGATC-1,3,Endo CLDN5 SLC7A5,0.8224137014792796,Endo CLDN5 SLC7A5,
ACGTCCTTCACCCTGT-1,12,OPC PDGFRA PCDH15,0.9999997317715896,OPC PDGFRA PCDH15,
ACGTCCTTCGCTAGCG-1,3,L2-3 CUX2 NTNG1 PALMD,0.4361557515445586,Endo CLDN5 SLC7A5,
ACGTTCCGTGCGTCGT-1,10,L6 FEZF2 NPFFR2 TPD52L1,0.961472179354522,L2-3 CUX2 ACVR1C THSD7A,
ACGTTCCTCATCCTAT-1,0,Oligo MOG OPALIN,0.9996662367989991,Oligo MOG OPALIN,
ACTACGACATAACCCA-1,0,Oligo MOG OPALIN,0.9999966633437549,Oligo MOG OPALIN,
ACTACGATCAATGTCG-1,16,Oligo MOG OPALIN,0.40750900935787415,Oligo MOG OPALIN,
ACTACGATCTCGTCGT-1,6,Oligo MOG GSN,0.9996075484146502,Oligo MOG GSN,
ACTATCTAGACTCCGC-1,11,Micro P2RY12 APBB1IP,0.9853108344895299,Micro P2RY12 APBB1IP,
ACTATCTAGAGAATCT-1,4,Oligo MOG OPALIN,0.9665452559037129,Oligo MOG OPALIN,
ACTATCTAGTGCACTT-1,8,Oligo MOG OPALIN,0.8876751268385166,Oligo MOG OPALIN,
ACTATCTGTCGTTCAA-1,3,Endo CLDN5 SLC7A5,0.34196233303519197,Endo CLDN5 SLC7A5,
ACTATCTTCACTGATG-1,16,Oligo MOG OPALIN,0.5165263709203327,Oligo MOG OPALIN,
ACTATCTTCCTACACC-1,2,Astro AQP4 SLC1A2,0.9998640780390399,Astro AQP4 SLC1A2,
ACTATGGCATGGCTGC-1,3,L5 FEZF2 BCL11B POU3F1,0.9531999771348398,Endo CLDN5 SLC7A5,
ACTATGGTCGGCTTCT-1,21,PC P2RY14 GRM8,0.9903326902443187,PC P2RY14 GRM8,
ACTCCCAGTATGTGTC-1,15,Astro GFAP AQP1,0.9748586200584013,Astro GFAP AQP1,
ACTCCCAGTGTGACCC-1,0,Oligo MOG OPALIN,0.9998687698277857,Oligo MOG OPALIN,
ACTCTCGCAACAAGTA-1,19,PC P2RY14 GRM8,0.9999901603138139,PC P2RY14 GRM8,
ACTCTCGGTAAGGCCA-1,1,Oligo MOG OPALIN,0.9999917286225856,Oligo MOG OPALIN,
ACTCTCGGTTCATCTT-1,18,InN VIP ADAM12,0.9999870200958696,InN VIP HS3ST3B1,
ACTGCAACAGTATACC-1,8,Oligo MOG OPALIN,0.9999671283930032,Oligo MOG OPALIN,
ACTGCAACATCTTCGC-1,2,Astro AQP4 SLC1A2,0.7729685123335425,Astro AQP4 SLC1A2,
ACTGCAACATGTTCAG-1,12,OPC PDGFRA PCDH15,0.9999999999972256,OPC PDGFRA PCDH15,
ACTGCAAGTAATTAGG-1,5,Astro AQP4 SLC1A2,0.9999555341155095,Astro AQP4 SLC1A2,
ACTGCAAGTCTTCATT-1,4,Oligo MOG OPALIN,0.8884859547911524,Oligo MOG OPALIN,
ACTGTCCAGGCTCAAG-1,3,Endo CLDN5 SLC7A5,0.8560874137806753,Endo CLDN5 SLC7A5,
ACTGTCCGTATGTGTC-1,0,Oligo MOG OPALIN,0.9997876695360559,Oligo MOG OPALIN,
ACTGTCCTCTCCCTAG-1,2,Astro AQP4 SLC1A2,0.9967855763800477,Astro AQP4 SLC1A2,
ACTGTGAAGGCTCTAT-1,9,Astro AQP4 SLC1A2,0.9625731853525992,Astro AQP4 SLC1A2,
ACTTAGGAGCGTTAGG-1,2,Oligo MOG OPALIN,0.9394552357089172,Astro AQP4 SLC1A2,
ACTTAGGGTGTCCATA-1,1,Oligo MOG OPALIN,0.9910130862107993,Oligo MOG OPALIN,
ACTTCCGAGCCGTAAG-1,0,Oligo MOG OPALIN,0.9999991286660894,Oligo MOG OPALIN,
ACTTCCGAGGACTAAT-1,1,Oligo MOG OPALIN,0.9997836248419744,Oligo MOG OPALIN,
ACTTCCGGTATGCGTT-1,8,Oligo MOG OPALIN,0.9832099364072364,Oligo MOG OPALIN,
ACTTCCGTCACGAGGA-1,8,Oligo MOG OPALIN,0.6654105744079561,Oligo MOG OPALIN,
ACTTCCGTCGAACTCA-1,0,Oligo MOG OPALIN,0.9992207059392733,Oligo MOG OPALIN,
ACTTCCGTCTCAATCT-1,8,Oligo MOG OPALIN,0.9987459121284784,Oligo MOG OPALIN,
ACTTTCAAGCGACCCT-1,11,Micro P2RY12 GLDN,0.9258325724313086,Micro P2RY12 APBB1IP,
ACTTTCAGTCGCATCG-1,12,OPC PDGFRA PCDH15,0.9999999999999936,OPC PDGFRA PCDH15,
ACTTTCATCAGGTGTT-1,13,Endo CLDN5 SLC7A5,0.9205920481374069,Endo CLDN5 SLC7A5,
ACTTTCATCTTGGTCC-1,1,Oligo MOG OPALIN,0.9735640731624998,Oligo MOG OPALIN,
ACTTTGTAGTCGAGGT-1,9,Astro AQP4 SLC1A2,0.9856670647227963,Astro AQP4 SLC1A2,
ACTTTGTGTGAGTTTC-1,14,InN SST FREM1,0.9492402010044979,InN SST FREM1,
ACTTTGTTCGATACAC-1,0,Oligo MOG OPALIN,0.587247604756507,Oligo MOG OPALIN,
AGAAATGAGACCATAA-1,16,L6 OPRK1 THEMIS RGS6,0.7763456400856303,Oligo MOG OPALIN,
AGAAATGAGCACTAGG-1,0,Oligo MOG OPALIN,0.9989721030254678,Oligo MOG OPALIN,
AGAAATGAGTCGCCCA-1,18,InN VIP EXPH5,0.9578372601710445,InN VIP HS3ST3B1,
AGAAATGCAGCAGACA-1,13,Endo CLDN5 SLC7A5,0.5509495944916352,Endo CLDN5 SLC7A5,
AGAAATGGTCGAATTC-1,0,Oligo MOG OPALIN,0.9992276903442392,Oligo MOG OPALIN,
AGAACAAAGGCCTAGA-1,8,Oligo MOG OPALIN,0.9922804671442617,Oligo MOG OPALIN,
AGAACAAAGGCCTGAA-1,0,Oligo MOG OPALIN,0.9999953889899987,Oligo MOG OPALIN,
AGAACAAAGTATGACA-1,2,Astro AQP4 SLC1A2,0.5692307696229728,Astro AQP4 SLC1A2,
AGAACAAAGTGGAAAG-1,7,Oligo MOG OPALIN,0.8231390985639859,Endo CLDN5 SLC7A5,
AGAACAACAGGGAATC-1,0,Oligo MOG OPALIN,0.9999766376941384,Oligo MOG OPALIN,
AGAACCTGTAGTGATA-1,18,InN VIP MEGF11 LHFP,0.9826206454295612,InN VIP HS3ST3B1,
AGAACCTTCAGCTAGT-1,4,L2-3 CUX2 NTNG1 PALMD,0.7343061686311512,Oligo MOG OPALIN,
AGAACCTTCATTGAGC-1,5,Astro AQP4 SLC1A2,0.9503492493141197,Astro AQP4 SLC1A2,
AGAACCTTCGCTAAAC-1,0,Oligo MOG OPALIN,0.9989377373671391,Oligo MOG OPALIN,
AGAAGCGTCCGCGAGT-1,0,Oligo MOG OPALIN,0.9988435805370188,Oligo MOG OPALIN,
AGAAGCGTCGGTAGGA-1,21,PC P2RY14 GRM8,0.41855548660200864,PC P2RY14 GRM8,
AGAAGTAGTCCTGGGT-1,1,Oligo MOG OPALIN,0.9957126897610682,Oligo MOG OPALIN,
AGAAGTAGTGGGTATG-1,15,Astro GFAP AQP1,0.972988865878348,Astro GFAP AQP1,
AGACAAACATTACTCT-1,18,InN VIP MEGF11 LHFP,0.8247908468089573,InN VIP HS3ST3B1,
AGACAAAGTCATGACT-1,12,OPC PDGFRA PCDH15,0.9999999999959341,OPC PDGFRA PCDH15,
AGACAAAGTGTTGACT-1,4,Oligo MOG OPALIN,0.8271778711413468,Oligo MOG OPALIN,
AGACAAAGTTGCCATA-1,15,Astro GFAP AQP1,0.9999081703026884,Astro GFAP AQP1,
AGACAAATCATGCTAG-1,10,L3-5 RORB MKX GRIN3A,0.5125908946160646,L2-3 CUX2 ACVR1C THSD7A,
AGACACTCAATTCGTG-1,1,Oligo MOG OPALIN,0.9998196944163865,Oligo MOG OPALIN,
AGACACTCACAGTATC-1,8,Oligo MOG OPALIN,0.9986379322235163,Oligo MOG OPALIN,
AGACACTCACCAGCGT-1,0,Oligo MOG GSN,0.8540659970461545,Oligo MOG OPALIN,
AGACACTGTATACGGG-1,4,Endo CLDN5 IL1R1,0.7547619865879247,Oligo MOG OPALIN,
AGACACTTCTGTGCTC-1,2,Astro AQP4 SLC1A2,0.38785244185830436,Astro AQP4 SLC1A2,
AGACAGGCAACTCCAA-1,16,L3-5 RORB MKX SCN5A,0.9985132211826561,Oligo MOG OPALIN,
AGACAGGGTAGGAGTC-1,5,Astro AQP4 SLC1A2,0.9999906343475207,Astro AQP4 SLC1A2,
AGACAGGGTTCAAACC-1,8,Oligo MOG OPALIN,0.9623983491292064,Oligo MOG OPALIN,
AGACCATGTACAGTTC-1,17,InN PVALB PRKCH,0.8510813696553188,InN LAMP5 BMP7,
AGACCATGTCTAGATC-1,8,Oligo MOG OPALIN,0.9896623668205811,Oligo MOG OPALIN,
AGACCCGCAAGAAATC-1,2,Oligo MOG OPALIN,0.3642004877685287,Astro AQP4 SLC1A2,
AGACCCGCACTGAATC-1,12,OPC PDGFRA PCDH15,0.9999999999999956,OPC PDGFRA PCDH15,
AGACCCGGTTACGATC-1,1,Oligo MOG OPALIN,0.9998979456653615,Oligo MOG OPALIN,
AGACCCGTCGAAGGAC-1,1,Oligo MOG OPALIN,0.9823435923935049,Oligo MOG OPALIN,
AGACTCAGTTTACTTC-1,0,Oligo MOG OPALIN,0.9994170561732139,Oligo MOG OPALIN,
AGAGAATGTCAAGGCA-1,7,Endo CLDN5 SLC7A5,0.3778235812136818,Endo CLDN5 SLC7A5,
AGAGAATGTCGTACTA-1,0,Oligo MOG OPALIN,0.9993354013424649,Oligo MOG OPALIN,
AGAGAGCCACGCCAGT-1,6,Oligo MOG OPALIN,0.9975845687003121,Oligo MOG GSN,
AGAGAGCTCAACACGT-1,19,PC P2RY14 GRM8,0.999998198562916,PC P2RY14 GRM8,
AGAGCAGCACATCATG-1,23,Oligo MOG OPALIN,0.6034719824262852,Endo CLDN5 SLC7A5,
AGAGCAGGTCTATGAC-1,11,Micro P2RY12 APBB1IP,0.9609780820178752,Micro P2RY12 APBB1IP,
AGAGCAGGTTGAAGTA-1,1,Oligo MOG OPALIN,0.9999496743586537,Oligo MOG OPALIN,
AGAGCAGTCGCAATTG-1,2,L2-3 CUX2 NTNG1 PALMD,0.34834484163139534,Astro AQP4 SLC1A2,
AGAGCCCAGCGTCAAG-1,5,Astro AQP4 SLC1A2,0.9991631964059852,Astro AQP4 SLC1A2,
AGAGCCCTCTGCAGCG-1,1,Oligo MOG OPALIN,0.9998087090416248,Oligo MOG OPALIN,
AGATAGACACCTGATA-1,0,Oligo MOG OPALIN,0.7136623598307094,Oligo MOG OPALIN,
AGATAGACAGAGCTAG-1,1,Oligo MOG OPALIN,0.9992416109040504,Oligo MOG OPALIN,
AGATCCACAGGTCTCG-1,0,Oligo MOG OPALIN,0.9999948935644714,Oligo MOG OPALIN,
AGATCCAGTGTCCGGT-1,5,Astro AQP4 SLC1A2,0.4607941406182546,Astro AQP4 SLC1A2,
AGATCCATCCCATACC-1,3,L3-5 RORB MKX GRIN3A,0.7264848951549071,Endo CLDN5 SLC7A5,
AGATCCATCTAGGCAT-1,9,Astro AQP4 SLC1A2,0.9986209543444148,Astro AQP4 SLC1A2,
AGATCGTCACGGTGAA-1,3,Endo CLDN5 SLC7A5,0.9713725553661523,Endo CLDN5 SLC7A5,
AGATCGTGTGCCTACG-1,20,Oligo MOG OPALIN,0.9907499049081588,Oligo MOG OPALIN,
AGATGAAGTATCGCAT-1,4,Oligo MOG OPALIN,0.9305482617482475,Oligo MOG OPALIN,
AGATGCTAGAGGCGGA-1,5,Astro AQP4 SLC1A2,0.9990355791858723,Astro AQP4 SLC1A2,
AGATGCTAGGGACACT-1,12,OPC PDGFRA PCDH15,1.0,OPC PDGFRA PCDH15,
AGATGCTCATGCAGCC-1,6,Oligo MOG OPALIN,0.9999830541955881,Oligo MOG GSN,
AGATGCTTCTGATGGT-1,4,Oligo MOG OPALIN,0.9904689714566707,Oligo MOG OPALIN,
AGCATCACACCTGATA-1,14,InN SST TRPC7,0.5953778961271208,InN SST FREM1,
AGCATCAGTCCAGAAG-1,7,L2-3 CUX2 NTNG1 PALMD,0.7270386119393687,Endo CLDN5 SLC7A5,
AGCATCATCTGGTTGA-1,4,Endo CLDN5 SLC7A5,0.9436879631226608,Oligo MOG OPALIN,
AGCCAATAGTTCACTG-1,6,Oligo MOG GSN,0.9976207623050012,Oligo MOG GSN,
AGCCAATCAGAGTGAC-1,18,InN VIP HS3ST3B1,0.9997468724355352,InN VIP HS3ST3B1,
AGCCAATGTAGCTCGC-1,6,Oligo MOG GSN,0.9983258718121629,Oligo MOG GSN,
AGCCAATTCACCCTTG-1,9,Astro AQP4 SLC1A2,0.9869639788553709,Astro AQP4 SLC1A2,
AGCCACGTCAATGCAC-1,4,Endo CLDN5 SLC7A5,0.7156429461548628,Oligo MOG OPALIN,
AGCCAGCCAACCGATT-1,3,Endo CLDN5 SLC7A5,0.6787846424689006,Endo CLDN5 SLC7A5,
AGCCAGCGTATTGCCA-1,2,Astro AQP4 SLC1A2,0.993744176251072,Astro AQP4 SLC1A2,
AGCGATTAGGGTACAC-1,0,Oligo MOG OPALIN,0.9999967541363054,Oligo MOG OPALIN,
AGCGATTCACCAGCTG-1,14,InN SST FREM1,0.9999553388693054,InN SST FREM1,
AGCGATTCAGACCTAT-1,8,Oligo MOG OPALIN,0.9999993405819113,Oligo MOG OPALIN,
AGCGATTCATCCTTGC-1,0,Oligo MOG OPALIN,0.9999485478247246,Oligo MOG OPALIN,
AGCGATTGTCCTGTTC-1,2,Oligo MOG OPALIN,0.5093202255645586,Astro AQP4 SLC1A2,
AGCGATTGTGCCGAAA-1,10,L2-3 CUX2 ACVR1C THSD7A,0.5770177891412108,L2-3 CUX2 ACVR1C THSD7A,
AGCGATTTCAGGCGAA-1,4,Oligo MOG OPALIN,0.9999687035882583,Oligo MOG OPALIN,
AGCGATTTCGTCAAAC-1,18,InN VIP ADAM12,0.9484074257466953,InN VIP HS3ST3B1,
AGCGCCAAGAAACTGT-1,7,Endo CLDN5 SLC7A5,0.4598760712922372,Endo CLDN5 SLC7A5,
AGCGCCAAGGAGCTGT-1,0,Oligo MOG OPALIN,0.999939944680715,Oligo MOG OPALIN,
AGCGCCAAGGCCACTC-1,3,Endo CLDN5 SLC7A5,0.4113416132111132,Endo CLDN5 SLC7A5,
AGCGCCAGTTTACTGG-1,1,Oligo MOG OPALIN,0.9999957325662391,Oligo MOG OPALIN,
AGCGCTGAGACCATGG-1,8,Oligo MOG OPALIN,0.8402365989135295,Oligo MOG OPALIN,
AGCGCTGAGCACACCC-1,8,Oligo MOG OPALIN,0.9741070467308144,Oligo MOG OPALIN,
AGCGCTGAGTCAGAGC-1,3,Endo CLDN5 SLC7A5,0.31301426754660006,Endo CLDN5 SLC7A5,
AGCGCTGAGTTGGAAT-1,11,Micro P2RY12 APBB1IP,0.9946680836847978,Micro P2RY12 APBB1IP,
AGCGCTGCAATTGCCA-1,23,InN PVALB ANOS1,0.3806471248938301,Endo CLDN5 SLC7A5,
AGCGCTGCATCATCCC-1,8,Oligo MOG OPALIN,0.9998433318171579,Oligo MOG OPALIN,
AGCGCTGGTCAAAGCG-1,21,PC P2RY14 GRM8,0.9905489959156881,PC P2RY14 GRM8,
AGCGCTGGTTGCCTAA-1,4,Oligo MOG OPALIN,0.3448108539855591,Oligo MOG OPALIN,
AGCGTATGTGAATTGA-1,7,L2-3 CUX2 NTNG1 PALMD,0.5472556738345488,Endo CLDN5 SLC7A5,
AGCGTCGCAACATACC-1,9,Astro AQP4 SLC1A2,0.9905748963064812,Astro AQP4 SLC1A2,
AGCGTCGCATATGCGT-1,1,Oligo MOG OPALIN,0.9998724790779587,Oligo MOG OPALIN,
AGCGTCGGTGTTCGTA-1,14,InN PVALB HPSE,0.6978231799137906,InN SST FREM1,
AGCTACACATACCATG-1,10,L6 FEZF2 NPFFR2 TPD52L1,0.9789528837103546,L2-3 CUX2 ACVR1C THSD7A,
AGCTCAAAGATTGTGA-1,0,Oligo MOG GSN,0.8876606859449808,Oligo MOG OPALIN,
AGCTCAAAGGTTCTAC-1,0,Oligo MOG OPALIN,0.9999441837662558,Oligo MOG OPALIN,
AGCTCAAGTGCGTGCT-1,11,Micro P2RY12 APBB1IP,0.9964799318084258,Micro P2RY12 APBB1IP,
AGCTTCCAGGATAATC-1,18,InN VIP EXPH5,0.9832412229389993,InN VIP HS3ST3B1,
AGCTTCCAGTGAGGTC-1,6,Oligo MOG OPALIN,0.9999325636883195,Oligo MOG GSN,
AGGAAATCAAAGGAGA-1,19,PC P2RY14 GRM8,0.9999997780168661,PC P2RY14 GRM8,
AGGAATAAGATTGTGA-1,4,Oligo MOG OPALIN,0.9180926794267646,Oligo MOG OPALIN,
AGGAATAAGTCAGCCC-1,4,Oligo MOG OPALIN,0.5180060739401542,Oligo MOG OPALIN,
AGGACGAAGCGCATCC-1,1,Oligo MOG OPALIN,0.9997507082420082,Oligo MOG OPALIN,
AGGACGACAACCGATT-1,3,Endo CLDN5 SLC7A5,0.9093323585118294,Endo CLDN5 SLC7A5,
AGGACGATCGTCACCT-1,12,OPC PDGFRA PCDH15,0.9999999999999896,OPC PDGFRA PCDH15,
AGGACTTCAGCAAGAC-1,0,Oligo MOG OPALIN,0.9998459261995123,Oligo MOG OPALIN,
AGGACTTTCAGCTCTC-1,2,Astro AQP4 SLC1A2,0.6045825093347348,Astro AQP4 SLC1A2,
AGGACTTTCATTTCCA-1,2,Astro AQP4 SLC1A2,0.6907391706724059,Astro AQP4 SLC1A2,
AGGACTTTCGCTCTCA-1,1,Oligo MOG OPALIN,0.8836747314674251,Oligo MOG OPALIN,
AGGACTTTCTCAGAAC-1,12,OPC PDGFRA PCDH15,0.9999999999999833,OPC PDGFRA PCDH15,
AGGAGGTAGGTGCCAA-1,1,Oligo MOG OPALIN,0.9999757147668296,Oligo MOG OPALIN,
AGGAGGTCACTGTGAT-1,16,L2-3 CUX2 NTNG1 PALMD,0.8510811830238528,Oligo MOG OPALIN,
AGGATAACACTGCGAC-1,4,Oligo MOG OPALIN,0.36387038317174764,Oligo MOG OPALIN,
AGGATAACATGGCACC-1,24,Endo CLDN5 SLC7A5,0.7770466902351056,Endo CLDN5 SLC7A5,
AGGATAAGTCTACGAT-1,0,Oligo MOG OPALIN,0.9999699987936855,Oligo MOG OPALIN,
AGGATAATCACTGTTT-1,8,Oligo MOG OPALIN,0.9993421112058803,Oligo MOG OPALIN,
AGGCATTAGAACTGAT-1,1,Oligo MOG OPALIN,0.9999893080972179,Oligo MOG OPALIN,
AGGCATTAGCAGCAGT-1,5,OPC PDGFRA PCDH15,0.9999361731038358,Astro AQP4 SLC1A2,
AGGCATTCACCGTGGT-1,14,InN SST ADAMTSL1,0.8800020134397303,InN SST FREM1,
AGGCATTCAGAATGTA-1,11,Micro P2RY12 APBB1IP,0.9825065059754804,Micro P2RY12 APBB1IP,
AGGCATTGTGTAGTGG-1,13,Endo CLDN5 SLC7A5,0.9681211798637063,Endo CLDN5 SLC7A5,
AGGCATTTCTGGGCGT-1,0,Oligo MOG OPALIN,0.9999490687526897,Oligo MOG OPALIN,
AGGCCACGTCCAGCCA-1,21,PC P2RY14 GRM8,0.9996793244522173,PC P2RY14 GRM8,
AGGCCACGTTCTCTCG-1,2,Endo CLDN5 SLC7A5,0.3846086259221645,Astro AQP4 SLC1A2,
AGGCTGCAGAAGTCCG-1,1,Oligo MOG OPALIN,0.999991107552251,Oligo MOG OPALIN,
AGGCTGCCAATCCTAG-1,9,Astro AQP4 SLC1A2,0.9541803468490838,Astro AQP4 SLC1A2,
AGGCTGCCATCTAGAC-1,6,Oligo MOG GSN,0.9916655650270643,Oligo MOG GSN,
AGGCTGCGTCAGGAGT-1,15,Astro GFAP AQP1,0.993790528179989,Astro GFAP AQP1,
AGGGAGTGTCGATGCC-1,6,Oligo MOG GSN,0.9999773171036671,Oligo MOG GSN,
AGGGCCTAGGCGAACT-1,6,Oligo MOG OPALIN,0.9999771589600978,Oligo MOG GSN,
AGGGCCTCAAGCGCTC-1,1,Oligo MOG OPALIN,0.9998681876195964,Oligo MOG OPALIN,
AGGGCCTTCCGCATAA-1,1,Oligo MOG OPALIN,0.987588342948917,Oligo MOG OPALIN,
AGGGCTCCATCCTCAC-1,13,Endo CLDN5 SLC7A5,0.43991599851046126,Endo CLDN5 SLC7A5,
AGGGCTCGTCACTCTC-1,19,PC P2RY14 GRM8,0.9999867586320144,PC P2RY14 GRM8,
AGGGCTCTCACCACAA-1,15,Astro GFAP AQP1,0.9911925350636388,Astro GFAP AQP1,
AGGGCTCTCGCCTCTA-1,0,Oligo MOG OPALIN,0.9999908981601472,Oligo MOG OPALIN,
AGGGTCCCAGATACTC-1,2,Astro AQP4 SLC1A2,0.48030257265937704,Astro AQP4 SLC1A2,
AGGGTCCGTCTTCGAA-1,3,Endo CLDN5 SLC7A5,0.8738473828413325,Endo CLDN5 SLC7A5,
AGGGTCCGTGTCCATA-1,0,Oligo MOG OPALIN,0.9998778822482336,Oligo MOG OPALIN,
AGGGTCCTCGTCCATC-1,7,Endo CLDN5 SLC7A5,0.823334945757691,Endo CLDN5 SLC7A5,
AGGGTGATCTTCTTCC-1,20,Astro AQP4 SLC1A2,0.572915120693392,Oligo MOG OPALIN,
AGGGTTTGTCACTCAA-1,0,Oligo MOG OPALIN,0.9999955012590452,Oligo MOG OPALIN,
AGGGTTTTCTCCACTG-1,19,PC P2RY14 GRM8,0.9999960314657556,PC P2RY14 GRM8,
AGGTAGGCAACCGGAA-1,13,Endo CLDN5 SLC7A5,0.9945340613485683,Endo CLDN5 SLC7A5,
AGGTAGGCACTAGAGG-1,15,Astro GFAP AQP1,0.9813450526610492,Astro GFAP AQP1,
AGGTAGGCAGAAATTG-1,10,L6 FEZF2 SYT6 ERBB4,0.4307000267416607,L2-3 CUX2 ACVR1C THSD7A,
AGGTAGGCAGGATTCT-1,0,Oligo MOG OPALIN,0.9999882834328524,Oligo MOG OPALIN,
AGGTCATCAACCGACC-1,15,Astro GFAP AQP1,0.9984214886563988,Astro GFAP AQP1,
AGGTCATCAGCGGATA-1,18,InN VIP FREM2,0.9793031810977021,InN VIP HS3ST3B1,
AGGTCATTCGTTCGCT-1,18,InN VIP FREM2,0.9710068295936949,InN VIP HS3ST3B1,
AGGTCTAAGACGCATG-1,12,OPC PDGFRA PCDH15,0.9999999999998852,OPC PDGFRA PCDH15,
AGGTCTAAGCTGCCTG-1,5,Astro AQP4 SLC1A2,0.9985664037609263,Astro AQP4 SLC1A2,
AGGTCTACAAGCTCTA-1,3,Endo CLDN5 SLC7A5,0.6727601350547605,Endo CLDN5 SLC7A5,
AGGTCTACACGGGCTT-1,11,Micro P2RY12 APBB1IP,0.9994475110711118,Micro P2RY12 APBB1IP,
AGGTCTATCGCCTATC-1,12,OPC PDGFRA PCDH15,0.9999999999999971,OPC PDGFRA PCDH15,
AGGTCTATCTCCTACG-1,23,Endo CLDN5 SLC7A5,0.44668534772702484,Endo CLDN5 SLC7A5,
AGGTGTTGTACTCAAC-1,10,L2-3 CUX2 ACVR1C THSD7A,0.9747385516575284,L2-3 CUX2 ACVR1C THSD7A,
AGGTGTTTCCACGTCT-1,3,L2-3 CUX2 NTNG1 PALMD,0.6402344722751762,Endo CLDN5 SLC7A5,
AGGTGTTTCCCGTGTT-1,4,Endo CLDN5 SLC7A5,0.9646599304527262,Oligo MOG OPALIN,
AGGTTACAGATTGAGT-1,0,Oligo MOG OPALIN,0.9975272711481955,Oligo MOG OPALIN,
AGGTTACAGCGTGTTT-1,22,Micro P2RY12 APBB1IP,0.7995439705004342,Micro P2RY12 APBB1IP,
AGGTTACAGGAACGCT-1,11,Micro P2RY12 APBB1IP,0.9787792426403699,Micro P2RY12 APBB1IP,
AGGTTACGTTACCTTT-1,0,Oligo MOG OPALIN,0.9941984648836841,Oligo MOG OPALIN,
AGGTTGTGTTTCGTAG-1,13,Endo CLDN5 SLC7A5,0.6781550972824049,Endo CLDN5 SLC7A5,
AGGTTGTTCTACTGAG-1,4,Oligo MOG OPALIN,0.321583475258193,Oligo MOG OPALIN,
AGTAACCGTGTGTCGC-1,1,Oligo MOG OPALIN,0.9225538728668754,Oligo MOG OPALIN,
AGTAACCGTTCCCACT-1,0,Oligo MOG OPALIN,0.9999770306679335,Oligo MOG OPALIN,
AGTAACCTCCCATGGG-1,4,Oligo MOG OPALIN,0.7340850026299587,Oligo MOG OPALIN,
AGTACCACACGTCATA-1,6,Oligo MOG GSN,0.8237949247175611,Oligo MOG GSN,
AGTACCAGTATACAGA-1,1,Oligo MOG OPALIN,0.999575598572889,Oligo MOG OPALIN,
AGTACCAGTCCGTTTC-1,1,Oligo MOG OPALIN,0.9997126328512196,Oligo MOG OPALIN,
AGTACCAGTGGCAACA-1,1,Oligo MOG OPALIN,0.9998599645302024,Oligo MOG OPALIN,
AGTACCAGTTCTTGTT-1,5,Astro AQP4 SLC1A2,0.9998181843869308,Astro AQP4 SLC1A2,
AGTACTGTCCGATAAC-1,23,Oligo MOG OPALIN,0.3488555167512254,Endo CLDN5 SLC7A5,
AGTAGCTAGGTAGATT-1,4,Oligo MOG OPALIN,0.9196989226980197,Oligo MOG OPALIN,
AGTAGCTAGGTTCACT-1,12,OPC PDGFRA PCDH15,0.9999999999999993,OPC PDGFRA PCDH15,
AGTAGCTGTAATGCTC-1,4,Endo CLDN5 SLC7A5,0.5313263449826245,Oligo MOG OPALIN,
AGTAGCTTCGCTAATG-1,8,Oligo MOG OPALIN,0.9998595366348414,Oligo MOG OPALIN,
AGTAGTCCACTCATAG-1,21,PC P2RY14 GRM8,0.8252204720878652,PC P2RY14 GRM8,
AGTAGTCCATGACCCG-1,5,Astro AQP4 SLC1A2,0.7209537328420041,Astro AQP4 SLC1A2,
AGTCAACCAAATGATG-1,15,Astro GFAP FABP7,0.9998480063517521,Astro GFAP AQP1,
AGTCAACTCGAGTACT-1,19,VLMC COL1A2 VLMCA8,0.9955027052899857,PC P2RY14 GRM8,
AGTCAACTCGGCTTGG-1,2,Astro AQP4 SLC1A2,0.9200799384933509,Astro AQP4 SLC1A2,
AGTCACAAGATAGTCA-1,22,Micro P2RY12 APBB1IP,0.9182730278816594,Micro P2RY12 APBB1IP,
AGTCACAAGGATTACA-1,2,Astro AQP4 SLC1A2,0.7393322686907252,Astro AQP4 SLC1A2,
AGTCACACACATTCGA-1,8,Oligo MOG OPALIN,0.9996978963672006,Oligo MOG OPALIN,
AGTCATGGTCAAAGAT-1,5,Astro AQP4 SLC1A2,0.9998981616845926,Astro AQP4 SLC1A2,
AGTCATGGTCACTCGG-1,12,OPC PDGFRA PCDH15,1.0,OPC PDGFRA PCDH15,
AGTCATGTCCATTGTT-1,12,OPC PDGFRA PCDH15,0.9999999999988043,OPC PDGFRA PCDH15,
AGTCATGTCGGCCTTT-1,3,Endo CLDN5 SLC7A5,0.8020659848792896,Endo CLDN5 SLC7A5,
AGTCTCCAGCACTAAA-1,1,Oligo MOG OPALIN,0.9379175660156696,Oligo MOG OPALIN,
AGTCTCCAGCTGTCCG-1,6,Oligo MOG GSN,0.999944810995697,Oligo MOG GSN,
AGTCTCCCACCATATG-1,4,Endo CLDN5 SLC7A5,0.9863295896513709,Oligo MOG OPALIN,
AGTCTCCGTCCAAGAG-1,3,Endo CLDN5 SLC7A5,0.9660690559233127,Endo CLDN5 SLC7A5,
AGTGACTAGCTACAAA-1,11,Micro P2RY12 APBB1IP,0.9976815346966208,Micro P2RY12 APBB1IP,
AGTGATCTCTTCCGTG-1,11,Micro P2RY12 APBB1IP,0.9991747686712762,Micro P2RY12 APBB1IP,
AGTGCCGAGAGATTCA-1,12,OPC PDGFRA PCDH15,0.9999999999999949,OPC PDGFRA PCDH15,
AGTGTTGAGTTGGCGA-1,17,InN PVALB HPSE,0.9999159016372461,InN LAMP5 BMP7,
AGTGTTGTCCTGTAGA-1,17,InN LHX6 HGF STON2,0.8916992227830968,InN LAMP5 BMP7,
AGTTAGCAGGATGAGA-1,10,L3-5 RORB PCBP3 IL1RAPL2,0.931135910149275,L2-3 CUX2 ACVR1C THSD7A,
AGTTAGCCAACAAAGT-1,1,Oligo MOG OPALIN,0.997350065510094,Oligo MOG OPALIN,
AGTTAGCTCACTAGCA-1,3,Endo CLDN5 SLC7A5,0.880930888318894,Endo CLDN5 SLC7A5,
AGTTAGCTCAGTCTTT-1,3,Endo CLDN5 SLC7A5,0.9909939027508567,Endo CLDN5 SLC7A5,
AGTTCCCGTTCTCCCA-1,1,Oligo MOG OPALIN,0.999995400754672,Oligo MOG OPALIN,
AGTTCGAAGCGACCCT-1,2,Astro AQP4 SLC1A2,0.535984746020503,Astro AQP4 SLC1A2,
AGTTCGACAGCTCATA-1,0,Oligo MOG OPALIN,0.9999973501605464,Oligo MOG OPALIN,
AGTTCGATCCCTCATG-1,2,Oligo MOG OPALIN,0.49611382186998826,Astro AQP4 SLC1A2,
ATACCGATCGAATGCT-1,9,Astro AQP4 SLC1A2,0.994196997542164,Astro AQP4 SLC1A2,
ATACCTTAGACCAACG-1,0,Oligo MOG OPALIN,0.9999045020224465,Oligo MOG OPALIN,
ATACCTTCATAGTCAC-1,1,Oligo MOG OPALIN,0.9999864926831938,Oligo MOG OPALIN,
ATACTTCAGTCATGGG-1,1,Oligo MOG OPALIN,0.9996725259893041,Oligo MOG OPALIN,
ATACTTCGTAAGGAGA-1,5,Astro AQP4 SLC1A2,0.6166573663460989,Astro AQP4 SLC1A2,
ATACTTCGTACTTCCC-1,7,Endo CLDN5 SLC7A5,0.8093543902142563,Endo CLDN5 SLC7A5,
ATACTTCGTTCACCGG-1,9,Astro AQP4 SLC1A2,0.8804280825253229,Astro AQP4 SLC1A2,
ATACTTCTCCGTACGG-1,0,Oligo MOG OPALIN,0.9930513016646481,Oligo MOG OPALIN,
ATAGACCAGCAAATCA-1,3,Endo CLDN5 SLC7A5,0.635080895448464,Endo CLDN5 SLC7A5,
ATAGACCAGCGTATAA-1,9,Astro AQP4 SLC1A2,0.9995174352831274,Astro AQP4 SLC1A2,
ATAGACCAGGCGTCCT-1,3,Endo CLDN5 SLC7A5,0.6187567415381081,Endo CLDN5 SLC7A5,
ATAGACCCAGTCCCGA-1,0,Oligo MOG FRY,0.7027523566905017,Oligo MOG OPALIN,
ATAGACCTCCAACACA-1,6,Oligo MOG OPALIN,0.9999211980623179,Oligo MOG GSN,
ATAGACCTCGCAATGT-1,6,Oligo MOG GSN,0.9956887476585475,Oligo MOG GSN,
ATAGACCTCGCTCTCA-1,0,Oligo MOG OPALIN,0.9431190126814597,Oligo MOG OPALIN,
ATAGAGAAGACTCTAC-1,8,Oligo MOG OPALIN,0.9423161261446765,Oligo MOG OPALIN,
ATAGAGACACAATCTG-1,19,PC P2RY14 GRM8,0.9999998122307816,PC P2RY14 GRM8,
ATAGAGATCGCCAACG-1,22,PC P2RY14 GRM8,0.4031409595173415,Micro P2RY12 APBB1IP,
ATAGAGATCTCCGAAA-1,4,Endo CLDN5 SLC7A5,0.877733078601428,Oligo MOG OPALIN,
ATAGAGATCTCGTGGG-1,1,Oligo MOG OPALIN,0.9982935419790384,Oligo MOG OPALIN,
ATAGGCTAGTCCCGGT-1,3,Endo CLDN5 SLC7A5,0.9688858662011136,Endo CLDN5 SLC7A5,
ATAGGCTCACCAAAGG-1,7,Oligo MOG OPALIN,0.9130721664167625,Endo CLDN5 SLC7A5,
ATAGGCTCATCTGGGC-1,1,Oligo MOG OPALIN,0.9997015119993167,Oligo MOG OPALIN,
ATAGGCTCATGACTCA-1,13,Endo CLDN5 SLC7A5,0.9849193864589324,Endo CLDN5 SLC7A5,
ATAGGCTTCTTAGCAG-1,4,Oligo MOG OPALIN,0.8309867023077646,Oligo MOG OPALIN,
ATATCCTTCAACCGAT-1,3,Endo CLDN5 SLC7A5,0.9428610437924305,Endo CLDN5 SLC7A5,
ATATCCTTCTATGTGG-1,6,Oligo MOG OPALIN,0.9983055762690242,Oligo MOG GSN,
ATCACGAAGGAATGTT-1,1,Oligo MOG OPALIN,0.754652263139318,Oligo MOG OPALIN,
ATCACGAAGTGTAGAT-1,8,Oligo MOG OPALIN,0.9998207697906499,Oligo MOG OPALIN,
ATCACGATCAAACGTC-1,8,Oligo MOG OPALIN,0.9998759099372909,Oligo MOG OPALIN,
ATCACTTAGAAGAACG-1,18,InN VIP HS3ST3B1,0.6064377065618834,InN VIP HS3ST3B1,
ATCACTTAGGCACGAT-1,7,L6 FEZF2 NPFFR2 TPD52L1,0.5513683144679812,Endo CLDN5 SLC7A5,
ATCACTTAGTTTGGCT-1,1,Oligo MOG OPALIN,0.9999827148378201,Oligo MOG OPALIN,
ATCAGGTAGGGTTAAT-1,2,Astro AQP4 SLC1A2,0.4842689888629294,Astro AQP4 SLC1A2,
ATCATTCAGTCTGCGC-1,0,Oligo MOG OPALIN,0.9999967966327779,Oligo MOG OPALIN,
ATCATTCCAAGAAACT-1,5,Astro AQP4 SLC1A2,0.9847034208299172,Astro AQP4 SLC1A2,
ATCATTCGTCGCTTAA-1,5,Astro AQP4 SLC1A2,0.9947500128859447,Astro AQP4 SLC1A2,
ATCCCTGAGCAACAAT-1,4,Endo CLDN5 SLC7A5,0.740060694560594,Oligo MOG OPALIN,
ATCCCTGCAGTCACGC-1,5,Astro AQP4 SLC1A2,0.8544783201825311,Astro AQP4 SLC1A2,
ATCCCTGGTACACTCA-1,4,Endo CLDN5 SLC7A5,0.5457995277574683,Oligo MOG OPALIN,
ATCCGTCAGCAGTACG-1,20,Oligo MOG OPALIN,0.9883821578231571,Oligo MOG OPALIN,
ATCCGTCCATAGGTTC-1,6,Oligo MOG OPALIN,0.9709960004429067,Oligo MOG GSN,
ATCCGTCGTAGTTAGA-1,14,InN SST FREM1,0.860777276699882,InN SST FREM1,
ATCCGTCGTCACGACC-1,0,Oligo MOG OPALIN,0.9999807229712305,Oligo MOG OPALIN,
ATCCGTCTCGCCAATA-1,7,Endo CLDN5 SLC7A5,0.6697128609850254,Endo CLDN5 SLC7A5,
ATCCTATCAAGAAACT-1,7,Endo CLDN5 SLC7A5,0.40819645619620865,Endo CLDN5 SLC7A5,
ATCCTATGTACGTTCA-1,4,Oligo MOG OPALIN,0.9711879589955273,Oligo MOG OPALIN,
ATCCTATTCACTACGA-1,13,Endo CLDN5 SLC7A5,0.8566700079794073,Endo CLDN5 SLC7A5,
ATCCTATTCTACCCAC-1,11,Micro P2RY12 APBB1IP,0.9656144759503899,Micro P2RY12 APBB1IP,
ATCGATGAGAACCGCA-1,0,Oligo MOG OPALIN,0.9993438687928318,Oligo MOG OPALIN,
ATCGATGGTGTCACAT-1,12,OPC PDGFRA PCDH15,0.9999999999999989,OPC PDGFRA PCDH15,
ATCGCCTAGCATATGA-1,2,Astro AQP4 SLC1A2,0.9521609548412474,Astro AQP4 SLC1A2,
ATCGCCTTCACCACAA-1,16,L2-3 CUX2 NTNG1 PALMD,0.4042765805106012,Oligo MOG OPALIN,
ATCGGATAGATTGTGA-1,0,Oligo MOG OPALIN,0.9987252239155379,Oligo MOG OPALIN,
ATCGGATAGTTTGGCT-1,5,Astro AQP4 SLC1A2,0.6403240886247359,Astro AQP4 SLC1A2,
ATCGGATGTCAAACGG-1,9,Astro AQP4 SLC1A2,0.5864779280891064,Astro AQP4 SLC1A2,
ATCGGATGTTCCAAAC-1,22,Micro P2RY12 APBB1IP,0.9455444946375421,Micro P2RY12 APBB1IP,
ATCGGATTCGCCTTGT-1,16,L2-3 CUX2 NTNG1 PALMD,0.688554614585578,Oligo MOG OPALIN,
ATCGGCGAGACGTCCC-1,7,Endo CLDN5 SLC7A5,0.9675110832233541,Endo CLDN5 SLC7A5,
ATCGGCGAGCCTAGGA-1,7,Endo CLDN5 SLC7A5,0.9502977093901145,Endo CLDN5 SLC7A5,
ATCGGCGCAACAACAA-1,12,OPC PDGFRA PCDH15,0.9999999999706444,OPC PDGFRA PCDH15,
ATCGGCGCAGCGTAGA-1,12,OPC PDGFRA PCDH15,0.9999999999999585,OPC PDGFRA PCDH15,
ATCGGCGGTATGTCAC-1,1,Oligo MOG OPALIN,0.9999617048986463,Oligo MOG OPALIN,
ATCGGCGTCTATTCGT-1,7,Endo CLDN5 SLC7A5,0.74553279465426,Endo CLDN5 SLC7A5,
ATCGTAGCAAGTGGAC-1,5,Astro AQP4 SLC1A2,0.4940527509895047,Astro AQP4 SLC1A2,
ATCGTAGCATTCCTCG-1,6,Oligo MOG OPALIN,0.9951979592121238,Oligo MOG GSN,
ATCGTAGGTCTTCGAA-1,6,Oligo MOG GSN,0.9839336247887888,Oligo MOG GSN,
ATCGTAGTCTCCCAAC-1,9,Astro AQP4 SLC1A2,0.942763966557025,Astro AQP4 SLC1A2,
ATCGTCCAGCGAGTAC-1,4,Oligo MOG OPALIN,0.49042891191565663,Oligo MOG OPALIN,
ATCGTCCAGGGTGGGA-1,4,Oligo MOG OPALIN,0.9777668842516186,Oligo MOG OPALIN,
ATCGTCCGTGCATCTA-1,0,Oligo MOG GSN,0.9977727391134538,Oligo MOG OPALIN,
ATCGTCCTCCGATTAG-1,2,Astro AQP4 SLC1A2,0.9727255031514438,Astro AQP4 SLC1A2,
ATCGTGATCAGGACAG-1,7,L2-3 CUX2 NTNG1 PALMD,0.7819354038425472,Endo CLDN5 SLC7A5,
ATCTCTATCGCCGTGA-1,1,Oligo MOG OPALIN,0.9999486737510919,Oligo MOG OPALIN,
ATCTCTATCTCATAGG-1,3,Endo CLDN5 SLC7A5,0.7543572727808746,Endo CLDN5 SLC7A5,
ATCTTCAAGATGTTCC-1,5,Astro AQP4 SLC1A2,0.9961162639983406,Astro AQP4 SLC1A2,
ATCTTCACATGTGGTT-1,7,Endo CLDN5 SLC7A5,0.9650683065531477,Endo CLDN5 SLC7A5,
ATCTTCAGTAGACAAT-1,4,Oligo MOG OPALIN,0.7536762233267541,Oligo MOG OPALIN,
ATGAAAGCAATTGAAG-1,13,L2-3 CUX2 NTNG1 PALMD,0.4861455778359253,Endo CLDN5 SLC7A5,
ATGAAAGGTCATAGTC-1,15,Astro GFAP AQP1,0.9744426405512028,Astro GFAP AQP1,
ATGACCATCCTCTGCA-1,6,Oligo MOG GSN,0.9836914968805798,Oligo MOG GSN,
ATGAGGGCAGTGCCTG-1,9,Astro AQP4 SLC1A2,0.9831397123887563,Astro AQP4 SLC1A2,
ATGAGGGTCTCTCCGA-1,1,Oligo MOG OPALIN,0.9992884713911776,Oligo MOG OPALIN,
ATGCATGCATGGCTAT-1,7,Endo CLDN5 SLC7A5,0.6054366375189612,Endo CLDN5 SLC7A5,
ATGCCTCCAGTAGTTC-1,16,L2-4 CUX2 RORB CLMN,0.35433023361629196,Oligo MOG OPALIN,
ATGCCTCCATCGAAGG-1,0,Oligo MOG OPALIN,0.99999679027116,Oligo MOG OPALIN,
ATGCGATAGGAAGTGA-1,7,Endo CLDN5 SLC7A5,0.6137755969172978,Endo CLDN5 SLC7A5,
ATGCGATAGTCAGGGT-1,4,Endo CLDN5 SLC7A5,0.6371474678702493,Oligo MOG OPALIN,
ATGCGATCAGAATCGG-1,0,Oligo MOG OPALIN,0.9998919052202278,Oligo MOG OPALIN,
ATGCGATCAGCGAACA-1,17,InN LAMP5 BMP7,0.9616973878646694,InN LAMP5 BMP7,
ATGCGATGTTGCGGAA-1,6,Oligo MOG GSN,0.999996550320163,Oligo MOG GSN,
ATGGAGGAGCTCCCTT-1,3,Endo CLDN5 SLC7A5,0.9221987158895601,Endo CLDN5 SLC7A5,
ATGGAGGAGGCCTAAG-1,0,Oligo MOG OPALIN,0.9999985786741317,Oligo MOG OPALIN,
ATGGAGGCAGGTTCCG-1,8,Oligo MOG OPALIN,0.9456051413198011,Oligo MOG OPALIN,
ATGGAGGTCTCATTAC-1,1,Oligo MOG OPALIN,0.9999473934977523,Oligo MOG OPALIN,
ATGGATCCATACAGCT-1,4,Oligo MOG OPALIN,0.9690551171743312,Oligo MOG OPALIN,
ATGGATCGTGTTAAAG-1,16,Oligo MOG OPALIN,0.42011608076638357,Oligo MOG OPALIN,
ATGGGAGAGCAATTCC-1,16,L2-4 CUX2 RORB CLMN,0.8991638880235016,Oligo MOG OPALIN,
ATGGGAGTCTGATTCT-1,2,Astro AQP4 SLC1A2,0.8370703373625584,Astro AQP4 SLC1A2,
ATGGGTTAGAATTTGG-1,5,Astro AQP4 SLC1A2,0.9994749769349046,Astro AQP4 SLC1A2,
ATGGGTTCACGCGTGT-1,2,Astro AQP4 SLC1A2,0.9632869053528914,Astro AQP4 SLC1A2,
ATGGGTTGTCTGTAGT-1,18,InN VIP EXPH5,0.9820820754191171,InN VIP HS3ST3B1,
ATGGGTTTCTCAGAAC-1,8,Oligo MOG OPALIN,0.9997936141055564,Oligo MOG OPALIN,
ATGGTTGCAGGCGAAT-1,3,Endo CLDN5 SLC7A5,0.9191434196458431,Endo CLDN5 SLC7A5,
ATGGTTGTCCGGCAAC-1,12,OPC PDGFRA PCDH15,1.0,OPC PDGFRA PCDH15,
ATGTCCCAGAGAGAAC-1,6,Oligo MOG OPALIN,0.9997526264349105,Oligo MOG GSN,
ATGTCCCAGGCGAAGG-1,8,Oligo MOG OPALIN,0.9839253877749407,Oligo MOG OPALIN,
ATGTCCCGTCTGTGAT-1,3,Oligo MOG OPALIN,0.8127998041395106,Endo CLDN5 SLC7A5,
ATGTCCCGTGCGTCGT-1,7,Endo CLDN5 SLC7A5,0.8028798060598574,Endo CLDN5 SLC7A5,
ATGTCCCTCGAGCTGC-1,13,Endo CLDN5 SLC7A5,0.3226721665671097,Endo CLDN5 SLC7A5,
ATGTCCCTCGGTTAGT-1,15,Astro GFAP AQP1,0.9999543146687384,Astro GFAP AQP1,
ATGTCTTAGCAATAAC-1,10,L3-5 RORB GABRG1 KCNH7,0.4572370089830045,L2-3 CUX2 ACVR1C THSD7A,
ATGTCTTAGCATCGAG-1,23,Oligo MOG OPALIN,0.9345613376732,Endo CLDN5 SLC7A5,
ATGTCTTAGTCCGCGT-1,23,Endo CLDN5 SLC7A5,0.9626965045154932,Endo CLDN5 SLC7A5,
ATGTCTTTCGGTCATA-1,7,Endo CLDN5 SLC7A5,0.9975626739497242,Endo CLDN5 SLC7A5,
ATTACCTAGAGCTGCA-1,18,InN VIP HS3ST3B1,0.9997531283659187,InN VIP HS3ST3B1,
ATTACCTCACACGGAA-1,9,Astro AQP4 SLC1A2,0.919871185012019,Astro AQP4 SLC1A2,
ATTACCTTCTCGACCT-1,0,Oligo MOG OPALIN,0.9986324115137598,Oligo MOG OPALIN,
ATTACTCAGATGTAGT-1,0,Oligo MOG OPALIN,0.9867292577583766,Oligo MOG OPALIN,
ATTACTCAGTAAACTG-1,0,Oligo MOG OPALIN,0.9996809963129095,Oligo MOG OPALIN,
ATTACTCTCTGCTCTG-1,16,Oligo MOG OPALIN,0.9967245936383838,Oligo MOG OPALIN,
ATTACTCTCTGGTCAA-1,6,Oligo MOG GSN,0.9999999999005182,Oligo MOG GSN,
ATTATCCTCAGAGCGA-1,0,Oligo MOG OPALIN,0.9999952697863377,Oligo MOG OPALIN,
ATTATCCTCCTACGGG-1,3,L5 FEZF2 BCL11B POU3F1,0.7710329884375514,Endo CLDN5 SLC7A5,
ATTATCCTCGGTCTGG-1,0,Oligo MOG OPALIN,0.9858140399672244,Oligo MOG OPALIN,
ATTCACTCACGCCACA-1,1,Oligo MOG OPALIN,0.992732947505758,Oligo MOG OPALIN,
ATTCACTTCATGTCAG-1,13,L2-3 CUX2 NTNG1 PALMD,0.9394196657915157,Endo CLDN5 SLC7A5,
ATTCAGGAGGGCCCTT-1,2,Astro AQP4 SLC1A2,0.8981586933832698,Astro AQP4 SLC1A2,
ATTCAGGCAGCTACCG-1,8,Oligo MOG OPALIN,0.9748222403603978,Oligo MOG OPALIN,
ATTCATCAGACGAAGA-1,12,OPC PDGFRA PCDH15,0.9999999999952223,OPC PDGFRA PCDH15,
ATTCATCAGATGACCG-1,12,OPC PDGFRA PCDH15,0.9999999999999931,OPC PDGFRA PCDH15,
ATTCATCAGTCCGTCG-1,1,Oligo MOG OPALIN,0.9999658154756519,Oligo MOG OPALIN,
ATTCATCTCCTATTTG-1,14,InN SST TRPC7,0.9400317937579952,InN SST FREM1,
ATTCCATAGGACTGGT-1,1,Oligo MOG OPALIN,0.9998462025564381,Oligo MOG OPALIN,
ATTCCATCAGGAGACT-1,0,Oligo MOG FRY,0.7531848539962676,Oligo MOG OPALIN,
ATTCCATCATCACGGC-1,6,Oligo MOG OPALIN,0.9999829481869332,Oligo MOG GSN,
ATTCCATGTCCGTACG-1,9,Astro AQP4 SLC1A2,0.9258564188138904,Astro AQP4 SLC1A2,
ATTCCATGTGCGCTCA-1,9,Astro AQP4 SLC1A2,0.972662764942466,Astro AQP4 SLC1A2,
ATTCCCGGTATGAGGC-1,19,PC P2RY14 GRM8,0.9999985165589184,PC P2RY14 GRM8,
ATTCGTTCAAACTCGT-1,13,Endo CLDN5 SLC7A5,0.5757949867991958,Endo CLDN5 SLC7A5,
ATTCGTTTCCTTTGAT-1,12,OPC PDGFRA PCDH15,0.9999999999999905,OPC PDGFRA PCDH15,
ATTCGTTTCGAGTCCG-1,2,Astro AQP4 SLC1A2,0.9502816280261671,Astro AQP4 SLC1A2,
ATTCTACAGGAGACCT-1,6,Oligo MOG GSN,0.9999999935310551,Oligo MOG GSN,
ATTCTTGCAATTGCTG-1,6,Oligo MOG OPALIN,0.9079831673116301,Oligo MOG GSN,
ATTCTTGCACTGCTTC-1,0,Oligo MOG GSN,0.9948218494331061,Oligo MOG OPALIN,
ATTCTTGCATGGCTGC-1,0,Oligo MOG OPALIN,0.9997974512742966,Oligo MOG OPALIN,
ATTCTTGGTATCATGC-1,15,Astro GFAP AQP1,0.9995668031291466,Astro GFAP AQP1,
ATTCTTGTCGCGTAGC-1,10,L6 FEZF2 NPFFR2 KCNK2,0.8907018854222933,L2-3 CUX2 ACVR1C THSD7A,
ATTGGGTAGCAGAAAG-1,13,Oligo MOG OPALIN,0.9137277550397445,Endo CLDN5 SLC7A5,
ATTGGGTGTAAGGCTG-1,18,InN VIP EXPH5,0.9978695774353985,InN VIP HS3ST3B1,
ATTGGGTGTTAAACAG-1,19,VLMC COL1A2 VLMCA8,0.32432678775911256,PC P2RY14 GRM8,
ATTGGGTTCGCCTTTG-1,11,Micro P2RY12 APBB1IP,0.6920677984209647,Micro P2RY12 APBB1IP,
ATTGTTCAGATCGCCC-1,7,Oligo MOG OPALIN,0.8073047222479744,Endo CLDN5 SLC7A5,
ATTGTTCAGCGTTACT-1,7,Endo CLDN5 SLC7A5,0.5554875627077946,Endo CLDN5 SLC7A5,
ATTGTTCCAAGGCGTA-1,3,Endo CLDN5 SLC7A5,0.5905567125673017,Endo CLDN5 SLC7A5,
ATTGTTCCACCCTCTA-1,0,Oligo MOG OPALIN,0.9990953654678184,Oligo MOG OPALIN,
ATTGTTCCACTCACTC-1,11,Micro P2RY12 APBB1IP,0.9995260499895755,Micro P2RY12 APBB1IP,
ATTGTTCTCATTGTGG-1,5,Astro AQP4 SLC1A2,0.9999980161628929,Astro AQP4 SLC1A2,
ATTGTTCTCTGGACTA-1,12,OPC PDGFRA PCDH15,0.9999999999999987,OPC PDGFRA PCDH15,
ATTTACCAGTGCACAG-1,6,Oligo MOG GSN,0.9999771658620902,Oligo MOG GSN,
ATTTACCGTGGGAGAG-1,9,Astro AQP4 SLC1A2,0.9904894801044731,Astro AQP4 SLC1A2,
ATTTACCGTGGTCTTA-1,11,Micro P2RY12 APBB1IP,0.9975828766795807,Micro P2RY12 APBB1IP,
ATTTACCTCAAGGCTT-1,13,Endo CLDN5 SLC7A5,0.9833908172461702,Endo CLDN5 SLC7A5,
ATTTACCTCTATCACT-1,2,Astro AQP4 SLC1A2,0.9610640466431045,Astro AQP4 SLC1A2,
ATTTCACAGAGAGGTA-1,8,Oligo MOG OPALIN,0.9996593301360576,Oligo MOG OPALIN,
ATTTCACAGGTTCCGC-1,5,Astro AQP4 SLC1A2,0.9032853893363116,Astro AQP4 SLC1A2,
ATTTCACCACCAGCCA-1,11,Micro P2RY12 APBB1IP,0.9998139116145347,Micro P2RY12 APBB1IP,
ATTTCACCAGGGTCTC-1,0,Oligo MOG OPALIN,0.999999725144908,Oligo MOG OPALIN,
ATTTCACGTCCGTACG-1,0,Oligo MOG OPALIN,0.9995162775806876,Oligo MOG OPALIN,
ATTTCACTCGTCCTTG-1,2,Astro AQP4 SLC1A2,0.986793248750451,Astro AQP4 SLC1A2,
ATTTCTGAGCTGTCCG-1,7,Endo CLDN5 SLC7A5,0.4799262598949826,Endo CLDN5 SLC7A5,
ATTTCTGAGTCCGTCG-1,6,Oligo MOG OPALIN,0.9998033648952104,Oligo MOG GSN,
ATTTCTGAGTGAGCCA-1,1,Oligo MOG OPALIN,0.3166391450530594,Oligo MOG OPALIN,
ATTTCTGCATTGCTTT-1,4,Oligo MOG OPALIN,0.8944029761046632,Oligo MOG OPALIN,
ATTTCTGGTCCTGGTG-1,12,OPC PDGFRA PCDH15,0.9999999999990772,OPC PDGFRA PCDH15,
CAAAGAACATACAGCT-1,16,Oligo MOG OPALIN,0.9228439683108453,Oligo MOG OPALIN,
CAAAGAATCATAGACC-1,4,Oligo MOG OPALIN,0.9994074745925055,Oligo MOG OPALIN,
CAAAGAATCCACTTTA-1,12,OPC PDGFRA PCDH15,0.9999999999989673,OPC PDGFRA PCDH15,
CAACAACAGGCACTAG-1,1,Oligo MOG OPALIN,0.9999957646366914,Oligo MOG OPALIN,
CAACAGTAGCATCGAG-1,11,Micro P2RY12 APBB1IP,0.9794120434851775,Micro P2RY12 APBB1IP,
CAACAGTTCTTGCAGA-1,1,Oligo MOG OPALIN,0.986316472716264,Oligo MOG OPALIN,
CAACCAACATGTGGTT-1,4,Oligo MOG OPALIN,0.7307805906522786,Oligo MOG OPALIN,
CAACGATAGATGTTAG-1,10,L5-6 FEZF2 NXPH2 SORCS3,0.4926832367924861,L2-3 CUX2 ACVR1C THSD7A,
CAACGATGTCCAAGAG-1,3,Endo CLDN5 SLC7A5,0.9865362680462342,Endo CLDN5 SLC7A5,
CAACGATTCGGAAACG-1,1,Oligo MOG OPALIN,0.9973790108179849,Oligo MOG OPALIN,
CAACGGCAGGTCGTAG-1,2,Astro AQP4 SLC1A2,0.9737573712674471,Astro AQP4 SLC1A2,
CAACGGCCAAACAGGC-1,0,Oligo MOG GSN,0.618820268661285,Oligo MOG OPALIN,
CAACGGCCACTATCGA-1,7,Endo CLDN5 SLC7A5,0.9346189293409973,Endo CLDN5 SLC7A5,
CAACGGCCATTGGGAG-1,6,Oligo MOG OPALIN,0.9985542616317005,Oligo MOG GSN,
CAACGGCTCGAGAAAT-1,18,InN VIP MEGF11 LHFP,0.9974451871581494,InN VIP HS3ST3B1,
CAACGGCTCTGGCTGG-1,0,Oligo MOG OPALIN,0.9999799999972901,Oligo MOG OPALIN,
CAAGAGGAGACTCAAA-1,8,Oligo MOG OPALIN,0.9998337165533029,Oligo MOG OPALIN,
CAAGAGGCAAGGTACG-1,0,Oligo MOG OPALIN,0.998054815801784,Oligo MOG OPALIN,
CAAGAGGCACACACGC-1,3,Endo CLDN5 SLC7A5,0.5735331171268001,Endo CLDN5 SLC7A5,
CAAGAGGTCGCTATTT-1,19,PC P2RY14 GRM8,0.9999976477042136,PC P2RY14 GRM8,
CAAGAGGTCTTCTTCC-1,0,Oligo MOG OPALIN,0.9999953589580332,Oligo MOG OPALIN,
CAAGCTACAAACTCGT-1,13,Endo CLDN5 SLC7A5,0.9864669933695156,Endo CLDN5 SLC7A5,
CAAGCTAGTTGGCCTG-1,8,Oligo MOG OPALIN,0.9995486463478954,Oligo MOG OPALIN,
CAAGCTATCATGGCCG-1,0,Oligo MOG OPALIN,0.999924315485602,Oligo MOG OPALIN,
CAAGCTATCCACTTCG-1,12,OPC PDGFRA PCDH15,0.9999999904707587,OPC PDGFRA PCDH15,
CAAGGGAAGTCTGCAT-1,22,Micro P2RY12 APBB1IP,0.8713681746323357,Micro P2RY12 APBB1IP,
CAAGGGAGTGTCATCA-1,0,Oligo MOG OPALIN,0.9999468557258449,Oligo MOG OPALIN,
CAAGGGAGTTAGGCCC-1,10,L2-3 CUX2 ACVR1C THSD7A,0.9991889803974873,L2-3 CUX2 ACVR1C THSD7A,
CAAGGGATCACCTCAC-1,7,Endo CLDN5 SLC7A5,0.7491002707788224,Endo CLDN5 SLC7A5,
CAAGGGATCCATCTAT-1,11,Micro P2RY12 GLDN,0.9971143396345943,Micro P2RY12 APBB1IP,
CAATACGAGTCACGCC-1,13,Endo CLDN5 SLC7A5,0.6613747093892768,Endo CLDN5 SLC7A5,
CAATACGAGTTCCATG-1,14,InN SST FREM1,0.9998194767065769,InN SST FREM1,
CAATACGTCCCAGGCA-1,2,Astro AQP4 SLC1A2,0.7291914343833564,Astro AQP4 SLC1A2,
CAATCGAGTCCCAAAT-1,3,Endo CLDN5 SLC7A5,0.4331057311677075,Endo CLDN5 SLC7A5,
CAATCGAGTCTAACGT-1,2,Astro AQP4 SLC1A2,0.5426158287163076,Astro AQP4 SLC1A2,
CAATGACAGATTGACA-1,23,L2-3 CUX2 NTNG1 PALMD,0.356773433046984,Endo CLDN5 SLC7A5,
CAATGACAGCGTGAGT-1,3,Endo CLDN5 SLC7A5,0.7477577645182731,Endo CLDN5 SLC7A5,
CAATGACCAAAGTGTA-1,1,Oligo MOG OPALIN,0.9999973175021302,Oligo MOG OPALIN,
CAATGACCAACCGCTG-1,0,Oligo MOG OPALIN,0.9995543628019771,Oligo MOG OPALIN,
CAATGACTCCTACAAG-1,14,InN SST STK32A,0.796041919756336,InN SST FREM1,
CAATTTCAGTCAACAA-1,6,Oligo MOG OPALIN,0.999795860103665,Oligo MOG GSN,
CAATTTCCAATTAGGA-1,0,Oligo MOG OPALIN,0.9980371158082093,Oligo MOG OPALIN,
CAATTTCCACCTCAGG-1,1,Oligo MOG OPALIN,0.9999923338317631,Oligo MOG OPALIN,
CACAACAGTCCGACGT-1,2,Oligo MOG OPALIN,0.9047194123002563,Astro AQP4 SLC1A2,
CACAACATCACCCTCA-1,9,Astro AQP4 SLC1A2,0.8744960950476933,Astro AQP4 SLC1A2,
CACAACATCGACGAGA-1,6,Oligo MOG GSN,0.9448148625731266,Oligo MOG GSN,
CACAACATCGCATAGT-1,9,Astro AQP4 SLC1A2,0.917672393169266,Astro AQP4 SLC1A2,
CACAACATCTGGTTGA-1,20,Oligo MOG OPALIN,0.9954367547602733,Oligo MOG OPALIN,
CACACAACAAATGGAT-1,8,Oligo MOG OPALIN,0.9987658218452848,Oligo MOG OPALIN,
CACACAACATCCGATA-1,16,Oligo MOG OPALIN,0.5350775783932703,Oligo MOG OPALIN,
CACACAATCAGACCGC-1,6,Oligo MOG OPALIN,0.9956148227307551,Oligo MOG GSN,
CACAGATAGTTGGCTT-1,7,Endo CLDN5 SLC7A5,0.9787550139293337,Endo CLDN5 SLC7A5,
CACAGATCAAAGAGTT-1,4,Endo CLDN5 SLC7A5,0.9028062662782999,Oligo MOG OPALIN,
CACAGATCAACACGTT-1,0,Oligo MOG OPALIN,0.9993833153876612,Oligo MOG OPALIN,
CACAGATGTTGGTAGG-1,14,InN SST TRPC7,0.9944356372348805,InN SST FREM1,
CACAGGCAGAAACTAC-1,1,Oligo MOG OPALIN,0.9999872698005333,Oligo MOG OPALIN,
CACAGGCCACGACAAG-1,18,InN VIP EXPH5,0.7578912563429401,InN VIP HS3ST3B1,
CACATGAAGAGTCGAC-1,2,Astro AQP4 SLC1A2,0.8942545137138196,Astro AQP4 SLC1A2,
CACCAAACACTGTTCC-1,4,Oligo MOG OPALIN,0.8424071634876952,Oligo MOG OPALIN,
CACCAAACACTTTATC-1,4,Oligo MOG OPALIN,0.9971522529546003,Oligo MOG OPALIN,
CACCAAAGTTACCGTA-1,0,Oligo MOG OPALIN,0.9999964038002921,Oligo MOG OPALIN,
CACCAAATCTTTGCAT-1,5,Astro AQP4 SLC1A2,0.7984754695565943,Astro AQP4 SLC1A2,
CACCGTTTCGTGGAAG-1,17,InN LAMP5 ADAMTS20,0.8637882981323616,InN LAMP5 BMP7,
CACGAATCACTCTGCT-1,22,Micro P2RY12 APBB1IP,0.9921988513154584,Micro P2RY12 APBB1IP,
CACGGGTCACTACTTT-1,5,Astro AQP4 SLC1A2,0.9942224027677268,Astro AQP4 SLC1A2,
CACGGGTCAGCTTCCT-1,13,Oligo MOG OPALIN,0.9568938173924842,Endo CLDN5 SLC7A5,
CACGGGTTCAAGAGGC-1,0,Oligo MOG OPALIN,0.9999679014233221,Oligo MOG OPALIN,
CACGTGGAGACGCAGT-1,16,Oligo MOG OPALIN,0.9705380578640687,Oligo MOG OPALIN,
CACGTGGAGATGGGCT-1,2,Oligo MOG OPALIN,0.6611597408740243,Astro AQP4 SLC1A2,
CACGTGGCACCCTGTT-1,6,Oligo MOG OPALIN,0.9945100804490974,Oligo MOG GSN,
CACGTTCAGATTGCGG-1,1,Oligo MOG OPALIN,0.9999948680584003,Oligo MOG OPALIN,
CACGTTCAGTGATAAC-1,0,Oligo MOG OPALIN,0.9993290050138123,Oligo MOG OPALIN,
CACGTTCGTACTCCCT-1,0,Oligo MOG OPALIN,0.9995207918353317,Oligo MOG OPALIN,
CACGTTCTCCCTTGGT-1,10,L2-3 CUX2 ACVR1C THSD7A,0.9911239546250222,L2-3 CUX2 ACVR1C THSD7A,
CACTAAGAGGGACACT-1,20,Astro AQP4 SLC1A2,0.828598497215354,Oligo MOG OPALIN,
CACTAAGAGTGAGTGC-1,19,PC P2RY14 GRM8,0.9999941700423038,PC P2RY14 GRM8,
CACTAAGCATCGTTCC-1,4,Oligo MOG OPALIN,0.9961488018861775,Oligo MOG OPALIN,
CACTAAGGTGTGGACA-1,8,Oligo MOG OPALIN,0.9994655242006703,Oligo MOG OPALIN,
CACTGAAGTCTACGAT-1,10,L6 FEZF2 SYT6 PTPRT,0.9897763624509301,L2-3 CUX2 ACVR1C THSD7A,
CACTGGGAGGGCCCTT-1,10,L6 OPRK1 THEMIS RGS6,0.9904197127058794,L2-3 CUX2 ACVR1C THSD7A,
CACTGGGGTCGCAGTC-1,10,L2-3 CUX2 ACVR1C THSD7A,0.9632267347352522,L2-3 CUX2 ACVR1C THSD7A,
CACTGGGGTGTTCGAT-1,0,Oligo MOG OPALIN,0.9999934170581551,Oligo MOG OPALIN,
CACTGGGTCCACACAA-1,3,Endo CLDN5 SLC7A5,0.778686683986727,Endo CLDN5 SLC7A5,
CACTGTCCAGTAGTTC-1,14,InN SST STK32A,0.38051601380895034,InN SST FREM1,
CACTGTCTCGCCGTGA-1,2,Astro AQP4 SLC1A2,0.9978080563891842,Astro AQP4 SLC1A2,
CACTGTCTCGTGAGAG-1,10,L6 FEZF2 SYT6 CDH9,0.8529913905029829,L2-3 CUX2 ACVR1C THSD7A,
CACTTCGAGAGAACCC-1,3,Endo CLDN5 SLC7A5,0.32963615465472174,Endo CLDN5 SLC7A5,
CACTTCGAGGTAAGTT-1,3,Endo CLDN5 SLC7A5,0.9133874441857605,Endo CLDN5 SLC7A5,
CACTTCGTCGAGCCAC-1,1,Oligo MOG OPALIN,0.9999666789082132,Oligo MOG OPALIN,
CAGAGCCCATCGAAGG-1,0,Oligo MOG OPALIN,0.9999970887399798,Oligo MOG OPALIN,
CAGATACAGATTGTGA-1,1,Oligo MOG OPALIN,0.9989877964285274,Oligo MOG OPALIN,
CAGATACGTTGTGGCC-1,0,Oligo MOG OPALIN,0.9994650870245364,Oligo MOG OPALIN,
CAGATACTCTCTTCAA-1,6,Oligo MOG GSN,0.9998728735233545,Oligo MOG GSN,
CAGATCACATTCATCT-1,4,Oligo MOG OPALIN,0.9873302051011205,Oligo MOG OPALIN,
CAGATCAGTCACAGAG-1,10,L5 FEZF2 BCL11B POU3F1,0.9627403764578124,L2-3 CUX2 ACVR1C THSD7A,
CAGATCAGTCATCCCT-1,5,Astro AQP4 SLC1A2,0.9999240643591806,Astro AQP4 SLC1A2,
CAGATCAGTCGAGTTT-1,3,Endo CLDN5 SLC7A5,0.7383521743682517,Endo CLDN5 SLC7A5,
CAGATCATCTTCGACC-1,14,InN SST ADAMTSL1,0.9913458664478433,InN SST FREM1,
CAGATTGCACAATTCG-1,0,Oligo MOG OPALIN,0.9999372754375462,Oligo MOG OPALIN,
CAGATTGCACTCCTTG-1,1,Oligo MOG OPALIN,0.9956251273330167,Oligo MOG OPALIN,
CAGATTGGTAGTCCTA-1,5,Astro AQP4 SLC1A2,0.999207772218689,Astro AQP4 SLC1A2,
CAGATTGGTATTCCTT-1,11,Micro P2RY12 APBB1IP,0.9997267473135728,Micro P2RY12 APBB1IP,
CAGATTGGTTGTGGAG-1,0,Oligo MOG OPALIN,0.9999820489359734,Oligo MOG OPALIN,
CAGATTGTCGCCACTT-1,17,InN LAMP5 LHX6 TAC1,0.977497963347061,InN LAMP5 BMP7,
CAGCAATCAGATTCGT-1,2,Astro AQP4 SLC1A2,0.4971545081408185,Astro AQP4 SLC1A2,
CAGCAATGTTATCTTC-1,3,Endo CLDN5 SLC7A5,0.47564095691034863,Endo CLDN5 SLC7A5,
CAGCACGAGAGGTATT-1,15,Astro GFAP AQP1,0.9983567624657018,Astro GFAP AQP1,
CAGCACGCACTGGATT-1,19,PC P2RY14 GRM8,0.9999960858090574,PC P2RY14 GRM8,
CAGCACGTCGACGATT-1,0,Oligo MOG OPALIN,0.9398598747081033,Oligo MOG OPALIN,
CAGCAGCAGAGGTGCT-1,5,Astro GFAP AQP1,0.9659934494881234,Astro AQP4 SLC1A2,
CAGCAGCGTGATCATC-1,0,Oligo MOG OPALIN,0.9997342723090901,Oligo MOG OPALIN,
CAGCAGCGTGCAACAG-1,1,Oligo MOG OPALIN,0.9999081747777528,Oligo MOG OPALIN,
CAGCCAGAGGTTCTAC-1,9,Astro AQP4 SLC1A2,0.37553314735469684,Astro AQP4 SLC1A2,
CAGCCAGGTGTCTAAC-1,4,Oligo MOG OPALIN,0.9999319931251324,Oligo MOG OPALIN,
CAGCCAGGTTAGGGTG-1,21,PC P2RY14 GRM8,0.9980134791459522,PC P2RY14 GRM8,
CAGCGTGGTATAATGG-1,1,Oligo MOG OPALIN,0.9986181455024072,Oligo MOG OPALIN,
CAGCGTGGTGGGACAT-1,12,OPC PDGFRA PCDH15,0.9999999999966629,OPC PDGFRA PCDH15,
CAGCGTGGTGGTCAAG-1,4,Endo CLDN5 SLC7A5,0.7218461901714717,Oligo MOG OPALIN,
CAGGCCAGTACATTGC-1,12,OPC PDGFRA PCDH15,0.999999999999722,OPC PDGFRA PCDH15,
CAGGCCATCAACCCGG-1,9,Astro AQP4 SLC1A2,0.9148412242779073,Astro AQP4 SLC1A2,
CAGGCCATCCCAGGAC-1,6,Oligo MOG GSN,0.4071854016966507,Oligo MOG GSN,
CAGGGCTCACAACCGC-1,5,Astro AQP4 SLC1A2,0.5978228368483304,Astro AQP4 SLC1A2,
CAGGGCTCAGGACGAT-1,1,Oligo MOG OPALIN,0.9999997426100343,Oligo MOG OPALIN,
CAGGGCTTCTCGTTTA-1,8,Oligo MOG OPALIN,0.9978093851906769,Oligo MOG OPALIN,
CAGTGCGCAAGCGAAC-1,2,Astro AQP4 SLC1A2,0.7617859882111212,Astro AQP4 SLC1A2,
CAGTGCGCATCTAACG-1,0,Oligo MOG OPALIN,0.9941875890948758,Oligo MOG OPALIN,
CAGTGCGGTGTGACCC-1,14,InN SST HTR2C,0.8417619225956382,InN SST FREM1,
CAGTGCGTCTATACGG-1,22,Micro P2RY12 APBB1IP,0.9808471471132075,Micro P2RY12 APBB1IP,
CAGTGCGTCTCTCCGA-1,1,Oligo MOG OPALIN,0.9999965777645603,Oligo MOG OPALIN,
CAGTTAGCAGAGTGTG-1,0,Oligo MOG OPALIN,0.9999780481692833,Oligo MOG OPALIN,
CAGTTCCGTAACGATA-1,3,Endo CLDN5 SLC7A5,0.7293811107246584,Endo CLDN5 SLC7A5,
CAGTTCCGTGAGAGGG-1,1,Oligo MOG OPALIN,0.9999316300461693,Oligo MOG OPALIN,
CATAAGCAGTCTGGTT-1,0,Oligo MOG OPALIN,0.995312474471161,Oligo MOG OPALIN,
CATAAGCCACCATAAC-1,8,Oligo MOG OPALIN,0.9822453400873832,Oligo MOG OPALIN,
CATAAGCCACTTGAAC-1,0,Oligo MOG OPALIN,0.9999343328203771,Oligo MOG OPALIN,
CATAAGCGTACCTGTA-1,10,L5-6 FEZF2 NXPH2 SORCS3,0.9762118781801449,L2-3 CUX2 ACVR1C THSD7A,
CATAAGCGTTTGGAAA-1,5,Astro AQP4 SLC1A2,0.7839718574579626,Astro AQP4 SLC1A2,
CATAAGCTCAAAGACA-1,3,Endo CLDN5 SLC7A5,0.9952320994384151,Endo CLDN5 SLC7A5,
CATACAGAGAGCATCG-1,1,Oligo MOG OPALIN,0.996105062877269,Oligo MOG OPALIN,
CATACAGAGGGATCTG-1,8,Oligo MOG OPALIN,0.9920050023003502,Oligo MOG OPALIN,
CATACAGCAACGGTAG-1,0,Oligo MOG OPALIN,0.9999953718329717,Oligo MOG OPALIN,
CATACAGCAATAGAGT-1,7,Endo CLDN5 SLC7A5,0.5045205972631415,Endo CLDN5 SLC7A5,
CATACAGTCGAGTGGA-1,9,Astro AQP4 SLC1A2,0.8396955709784101,Astro AQP4 SLC1A2,
CATACCCGTCGATGCC-1,6,Oligo MOG GSN,0.999939212555917,Oligo MOG GSN,
CATACCCGTGGTACAG-1,9,Astro AQP4 SLC1A2,0.9996603678835436,Astro AQP4 SLC1A2,
CATACCCTCAGCTAGT-1,7,L2-3 CUX2 NTNG1 PALMD,0.5314684214316211,Endo CLDN5 SLC7A5,
CATACCCTCTGTAAGC-1,18,InN VIP EXPH5,0.4472758357134146,InN VIP HS3ST3B1,
CATACTTAGAACTCCT-1,23,Oligo MOG OPALIN,0.3101822737201859,Endo CLDN5 SLC7A5,
CATACTTCACCGTCGA-1,18,InN VIP HS3ST3B1,0.999990521967421,InN VIP HS3ST3B1,
CATACTTGTCGGATTT-1,3,L2-3 CUX2 NTNG1 PALMD,0.3413486400819407,Endo CLDN5 SLC7A5,
CATAGACGTCGAGCTC-1,9,Astro AQP4 SLC1A2,0.6328513942239609,Astro AQP4 SLC1A2,
CATCAAGAGTTAGAAC-1,1,Oligo MOG OPALIN,0.9998031617174912,Oligo MOG OPALIN,
CATCAAGGTCTGCGCA-1,0,Oligo MOG OPALIN,0.9998632614702366,Oligo MOG OPALIN,
CATCCACAGCTATCCA-1,20,Oligo MOG OPALIN,0.9868212447098251,Oligo MOG OPALIN,
CATCCACAGGATGAGA-1,1,Oligo MOG OPALIN,0.9998372179812021,Oligo MOG OPALIN,
CATCCACGTGTCCAAT-1,9,Astro AQP4 SLC1A2,0.937700965200746,Astro AQP4 SLC1A2,
CATCCACTCAGTGTCA-1,10,L6 FEZF2 SYT6 PTPRT,0.7974041954047687,L2-3 CUX2 ACVR1C THSD7A,
CATCCCACAGACCAAG-1,6,Oligo MOG OPALIN,0.9999683417137454,Oligo MOG GSN,
CATCCCACAGTTGAAA-1,3,L5 FEZF2 BCL11B POU3F1,0.6055196840756997,Endo CLDN5 SLC7A5,
CATCCCATCTGATTCT-1,4,Endo CLDN5 SLC7A5,0.7846322590113717,Oligo MOG OPALIN,
CATCCGTAGGAAAGTG-1,19,PC P2RY14 GRM8,0.9999996276983434,PC P2RY14 GRM8,
CATCCGTCAAGCACCC-1,13,Endo CLDN5 SLC7A5,0.8635877948826967,Endo CLDN5 SLC7A5,
CATCCGTGTGCGGCTT-1,15,Astro GFAP AQP1,0.6497895799033374,Astro GFAP AQP1,
CATCCGTTCATTACTC-1,6,Oligo MOG GSN,0.9474313451354691,Oligo MOG GSN,
CATCCGTTCTCAATCT-1,6,Oligo MOG GSN,0.9984380469639074,Oligo MOG GSN,
CATCGCTCAGAAGTTA-1,3,L3-5 RORB MKX GRIN3A,0.8703395132908299,Endo CLDN5 SLC7A5,
CATCGCTGTTCTATCT-1,2,Astro AQP4 SLC1A2,0.7667789955843561,Astro AQP4 SLC1A2,
CATCGGGGTACCTAAC-1,3,Endo CLDN5 SLC7A5,0.8218314556605386,Endo CLDN5 SLC7A5,
CATCGGGTCGGCTGTG-1,7,Endo CLDN5 SLC7A5,0.9243660977128534,Endo CLDN5 SLC7A5,
CATCGTCCACTAAACC-1,1,Oligo MOG OPALIN,0.9999991894798564,Oligo MOG OPALIN,
CATCGTCGTACGATCT-1,7,Endo CLDN5 SLC7A5,0.3603672311027001,Endo CLDN5 SLC7A5,
CATCGTCGTCACCACG-1,14,InN SST PLPP4,0.7970582153785771,InN SST FREM1,
CATCGTCTCTAAGAAG-1,15,OPC PDGFRA PCDH15,0.9999998158022223,Astro GFAP AQP1,
CATGAGTAGGTCACCC-1,1,Oligo MOG OPALIN,0.9999689892494665,Oligo MOG OPALIN,
CATGAGTTCTGAGGCC-1,0,Oligo MOG OPALIN,0.9999757261976878,Oligo MOG OPALIN,
CATGCAAAGAGGTATT-1,6,Oligo MOG GSN,0.9966351529037378,Oligo MOG GSN,
CATGCAACATCTCATT-1,0,Oligo MOG OPALIN,0.9999994930956233,Oligo MOG OPALIN,
CATGCAATCTCTGAGA-1,14,InN SST TRPC7,0.8365694074611648,InN SST FREM1,
CATGCCTGTAATGCTC-1,1,Oligo MOG OPALIN,0.990646751787028,Oligo MOG OPALIN,
CATGCCTGTATGAGGC-1,1,Oligo MOG OPALIN,0.9999864822938797,Oligo MOG OPALIN,
CATGCCTTCAGGAACG-1,2,Astro AQP4 SLC1A2,0.9883010690785742,Astro AQP4 SLC1A2,
CATGCGGAGGAAGAAC-1,2,Astro AQP4 SLC1A2,0.8755757684949979,Astro AQP4 SLC1A2,
CATGCGGGTTAGAAAC-1,8,Oligo MOG OPALIN,0.999694423705046,Oligo MOG OPALIN,
CATGCGGGTTCAAGGG-1,3,Endo CLDN5 SLC7A5,0.3454590483469718,Endo CLDN5 SLC7A5,
CATGCTCTCCACAGGC-1,1,Oligo MOG OPALIN,0.9999499204292818,Oligo MOG OPALIN,
CATGGATAGTCAGGGT-1,17,InN SST ADRA1D,0.9928796461164591,InN LAMP5 BMP7,
CATGGATGTACTGGGA-1,1,Oligo MOG OPALIN,0.9990281331104427,Oligo MOG OPALIN,
CATGGATTCCACTAGA-1,3,Endo CLDN5 SLC7A5,0.7782870337923222,Endo CLDN5 SLC7A5,
CATGGATTCTGCCTCA-1,1,Oligo MOG OPALIN,0.9989462564156258,Oligo MOG OPALIN,
CATGGATTCTGCGGAC-1,8,Oligo MOG OPALIN,0.9212843678145911,Oligo MOG OPALIN,
CATGGTAAGGATTCAA-1,13,Oligo MOG OPALIN,0.9259941975106203,Endo CLDN5 SLC7A5,
CATGGTAAGGTCACCC-1,3,Endo CLDN5 SLC7A5,0.9390517040865751,Endo CLDN5 SLC7A5,
CATGGTACATTCTTCA-1,5,Astro AQP4 SLC1A2,0.9983263106755256,Astro AQP4 SLC1A2,
CATGGTAGTCCCAAAT-1,0,Oligo MOG OPALIN,0.9998750871862885,Oligo MOG OPALIN,
CATGGTAGTCGTACTA-1,0,Oligo MOG OPALIN,0.9999998200099431,Oligo MOG OPALIN,
CATGGTAGTGGACTAG-1,5,Astro AQP4 SLC1A2,0.9864368890609703,Astro AQP4 SLC1A2,
CATGGTATCCATGATG-1,1,Oligo MOG OPALIN,0.9999815945952976,Oligo MOG OPALIN,
CATTCATAGCGACCCT-1,0,Oligo MOG FRY,0.5041213513772419,Oligo MOG OPALIN,
CATTCATAGGATATGT-1,1,Oligo MOG OPALIN,0.999990111987042,Oligo MOG OPALIN,
CATTCATTCATCTATC-1,2,Astro AQP4 SLC1A2,0.6346756240993408,Astro AQP4 SLC1A2,
CATTCATTCCGTCCTA-1,24,Endo CLDN5 SLC7A5,0.9585056329130475,Endo CLDN5 SLC7A5,
CATTCCGAGTGGTGAC-1,3,Endo CLDN5 SLC7A5,0.663278970907674,Endo CLDN5 SLC7A5,
CATTCCGCATTCTTCA-1,6,Oligo MOG OPALIN,0.9996679241255743,Oligo MOG GSN,
CATTCCGTCGAGTCCG-1,6,Oligo MOG GSN,0.999961211440829,Oligo MOG GSN,
CATTCTACAACGTTAC-1,1,Oligo MOG OPALIN,0.9999309425389695,Oligo MOG OPALIN,
CATTCTACACGTCGGT-1,0,Oligo MOG OPALIN,0.9999563860129539,Oligo MOG OPALIN,
CATTCTACACTCCACT-1,1,Oligo MOG OPALIN,0.9994203407470085,Oligo MOG OPALIN,
CATTGAGAGGTGCTAG-1,14,InN SST HTR2C,0.6342900840132442,InN SST FREM1,
CATTGAGTCGAGAACG-1,1,Oligo MOG FRY,0.65627085536136,Oligo MOG OPALIN,
CATTGCCTCGAGGCAA-1,8,Oligo MOG GSN,0.9480520689629428,Oligo MOG OPALIN,
CATTGTTCACAACGTT-1,14,InN SST TRPC7,0.9898855405545681,InN SST FREM1,
CATTGTTGTCAGCTTA-1,1,Oligo MOG OPALIN,0.9999984198556469,Oligo MOG OPALIN,
CATTGTTGTTTCGATG-1,2,Astro AQP4 SLC1A2,0.9752207176656917,Astro AQP4 SLC1A2,
CATTTCAAGAGTCTGG-1,8,Oligo MOG OPALIN,0.9576653092185372,Oligo MOG OPALIN,
CATTTCATCCGCTTAC-1,0,Oligo MOG OPALIN,0.9995501407083108,Oligo MOG OPALIN,
CCAAGCGCAAGAAACT-1,10,L6 FEZF2 SYT6 PTPRT,0.7033426941661017,L2-3 CUX2 ACVR1C THSD7A,
CCAAGCGGTAGGTTTC-1,1,Oligo MOG OPALIN,0.9947571435278488,Oligo MOG OPALIN,
CCAAGCGGTGGTTTGT-1,6,Oligo MOG OPALIN,0.6112076537036566,Oligo MOG GSN,
CCAATGAAGCTTAAGA-1,0,Oligo MOG OPALIN,0.9999842944970041,Oligo MOG OPALIN,
CCAATGACAGATCCAT-1,1,Oligo MOG OPALIN,0.999929797838181,Oligo MOG OPALIN,
CCAATGAGTAGCTGCC-1,2,Endo CLDN5 SLC7A5,0.47266544961217366,Astro AQP4 SLC1A2,
CCAATTTTCCCATTTA-1,0,Oligo MOG OPALIN,0.9999836934196684,Oligo MOG OPALIN,
CCAATTTTCTCTCGCA-1,14,InN SST FREM1,0.9906220839780492,InN SST FREM1,
CCACAAACACAAATCC-1,4,L2-3 CUX2 NTNG1 PALMD,0.8418528734000205,Oligo MOG OPALIN,
CCACAAAGTAGGTGCA-1,9,Astro AQP4 SLC1A2,0.9990439203623757,Astro AQP4 SLC1A2,
CCACAAAGTCTGGTTA-1,9,Astro AQP4 SLC1A2,0.9648359165455316,Astro AQP4 SLC1A2,
CCACAAATCCGTCCTA-1,6,Oligo MOG GSN,0.9999554161395465,Oligo MOG GSN,
CCACACTAGGCTTTCA-1,12,OPC PDGFRA PCDH15,0.999999999999994,OPC PDGFRA PCDH15,
CCACACTAGGGACTGT-1,6,Oligo MOG GSN,0.8586607362261981,Oligo MOG GSN,
CCACACTCAGAAGTTA-1,6,Oligo MOG OPALIN,0.9953170034906522,Oligo MOG GSN,
CCACACTGTACGAGTG-1,7,L2-3 CUX2 NTNG1 PALMD,0.6933491824946856,Endo CLDN5 SLC7A5,
CCACACTTCTGTGCGG-1,4,Oligo MOG OPALIN,0.9808401967840178,Oligo MOG OPALIN,
CCACCATCAAGTTCGT-1,8,Oligo MOG OPALIN,0.9840068411968698,Oligo MOG OPALIN,
CCACCATCATCTTCGC-1,4,Oligo MOG OPALIN,0.9910559437512106,Oligo MOG OPALIN,
CCACCATGTATTGACC-1,4,L2-3 CUX2 NTNG1 PALMD,0.43407359030235854,Oligo MOG OPALIN,
CCACCATTCGAACTCA-1,2,Astro AQP4 SLC1A2,0.354722772648369,Astro AQP4 SLC1A2,
CCACGAGGTCGTATTG-1,5,Astro GFAP AQP1,0.5515854355548151,Astro AQP4 SLC1A2,
CCACGTTAGTGGATTA-1,7,Endo CLDN5 SLC7A5,0.9223134099371803,Endo CLDN5 SLC7A5,
CCACGTTGTTGGTGTT-1,5,Astro AQP4 SLC1A2,0.9622124582921053,Astro AQP4 SLC1A2,
CCACGTTTCTGCGAGC-1,5,Astro AQP4 SLC1A2,0.9956942132717768,Astro AQP4 SLC1A2,
CCACTTGAGTCGAGGT-1,4,Endo CLDN5 SLC7A5,0.9838861513083264,Oligo MOG OPALIN,
CCACTTGCAATGTGGG-1,7,Endo CLDN5 SLC7A5,0.6645693773313567,Endo CLDN5 SLC7A5,
CCACTTGGTAGCTCGC-1,1,Oligo MOG OPALIN,0.9999111594890656,Oligo MOG OPALIN,
CCACTTGGTTGGGTAG-1,2,Astro AQP4 SLC1A2,0.7517933462805246,Astro AQP4 SLC1A2,
CCATAAGAGTAGACCG-1,3,Endo CLDN5 SLC7A5,0.9919381341752874,Endo CLDN5 SLC7A5,
CCATAAGGTTCGTACA-1,1,Oligo MOG OPALIN,0.9961605541380762,Oligo MOG OPALIN,
CCATAAGGTTGCATAC-1,5,Astro AQP4 SLC1A2,0.9988639539471511,Astro AQP4 SLC1A2,
CCATCACAGAGGTCGT-1,1,Oligo MOG OPALIN,0.9996576993400509,Oligo MOG OPALIN,
CCATCACAGGCTTAGG-1,9,Astro AQP4 SLC1A2,0.8544064214461795,Astro AQP4 SLC1A2,
CCATCACGTGCGGCTT-1,0,Oligo MOG OPALIN,0.9857494056863471,Oligo MOG OPALIN,
CCATCACTCGATACAC-1,4,Endo CLDN5 SLC7A5,0.3809578679264635,Oligo MOG OPALIN,
CCCAACTGTGACTAAA-1,13,Endo CLDN5 SLC7A5,0.7354813662098033,Endo CLDN5 SLC7A5,
CCCAACTGTTTAAGGA-1,1,Oligo MOG OPALIN,0.9989054341150333,Oligo MOG OPALIN,
CCCAACTTCCCTGGTT-1,18,InN VIP EGF,0.33667939349879666,InN VIP HS3ST3B1,
CCCAACTTCCGTGGTG-1,6,Oligo MOG GSN,0.9999963731854532,Oligo MOG GSN,
CCCAACTTCGGCTCTT-1,1,Oligo MOG OPALIN,0.9999707556083204,Oligo MOG OPALIN,
CCCAACTTCTTAAGGC-1,2,Astro AQP4 SLC1A2,0.9979662287606883,Astro AQP4 SLC1A2,
CCCATTGAGTAGAATC-1,0,Oligo MOG OPALIN,0.9999526354601357,Oligo MOG OPALIN,
CCCATTGTCGACGAGA-1,2,Astro AQP4 SLC1A2,0.7444556968083875,Astro AQP4 SLC1A2,
CCCGAAGAGCCTAGGA-1,12,OPC PDGFRA PCDH15,0.9999999999999998,OPC PDGFRA PCDH15,
CCCGAAGCAACGGGTA-1,8,Oligo MOG OPALIN,0.8822032191622652,Oligo MOG OPALIN,
CCCGAAGTCCAGGACC-1,4,Endo CLDN5 SLC7A5,0.7904224355739494,Oligo MOG OPALIN,
CCCGAAGTCTTCGATT-1,3,Endo CLDN5 SLC7A5,0.8040939882068292,Endo CLDN5 SLC7A5,
CCCGAAGTCTTTGCTA-1,3,Oligo MOG OPALIN,0.874886864606556,Endo CLDN5 SLC7A5,
CCCGGAAAGCGTACAG-1,0,Oligo MOG OPALIN,0.9999973252773321,Oligo MOG OPALIN,
CCCGGAACAGCTGGTC-1,0,Oligo MOG OPALIN,0.9998611645996744,Oligo MOG OPALIN,
CCCTAACCATACCAGT-1,1,Oligo MOG OPALIN,0.9999980881454434,Oligo MOG OPALIN,
CCCTAACGTAACACCT-1,7,L2-3 CUX2 ACVR1C INHBA,0.8449180114411335,Endo CLDN5 SLC7A5,
CCCTAACGTTACACAC-1,3,L3-5 RORB TNNT2 PRRX1,0.556317318618949,Endo CLDN5 SLC7A5,
CCCTAACTCAACTCTT-1,8,Oligo MOG OPALIN,0.9915207685851397,Oligo MOG OPALIN,
CCCTCAAAGATGCGAC-1,2,Astro AQP4 SLC1A2,0.5240765683020038,Astro AQP4 SLC1A2,
CCCTCAAAGTGGGAAA-1,0,Oligo MOG OPALIN,0.9999348132597047,Oligo MOG OPALIN,
CCCTCAAGTGCATTAC-1,4,Oligo MOG OPALIN,0.7622576813705632,Oligo MOG OPALIN,
CCCTCAATCCTAGAGT-1,2,Astro AQP4 SLC1A2,0.6922665627327922,Astro AQP4 SLC1A2,
CCCTCTCAGGTCTTTG-1,0,Oligo MOG OPALIN,0.9999949404545294,Oligo MOG OPALIN,
CCCTCTCCAAGCGCAA-1,1,Oligo MOG OPALIN,0.9962290879434063,Oligo MOG OPALIN,
CCCTCTCGTTGCTTGA-1,0,Oligo MOG OPALIN,0.9999861449043134,Oligo MOG OPALIN,
CCCTCTCTCAGCAGAG-1,1,Oligo MOG OPALIN,0.999976880890092,Oligo MOG OPALIN,
CCCTCTCTCGTCGCTT-1,5,Astro AQP4 SLC1A2,0.9997135581101104,Astro AQP4 SLC1A2,
CCCTGATCATGGACAG-1,1,Oligo MOG OPALIN,0.9999987842805194,Oligo MOG OPALIN,
CCCTTAGAGAAGGGAT-1,1,Oligo MOG OPALIN,0.9999104193685128,Oligo MOG OPALIN,
CCCTTAGAGTGTTGTC-1,3,Endo CLDN5 SLC7A5,0.4077113373643513,Endo CLDN5 SLC7A5,
CCCTTAGAGTTAACGA-1,14,InN SST TRPC7,0.7433912208379562,InN SST FREM1,
CCCTTAGGTGGCAGAT-1,6,Oligo MOG OPALIN,0.9214679439075665,Oligo MOG GSN,
CCCTTAGTCCACCTCA-1,8,Oligo MOG OPALIN,0.9998029238539287,Oligo MOG OPALIN,
CCCTTAGTCTTGAACG-1,3,L3-5 RORB MKX GRIN3A,0.83348597167599,Endo CLDN5 SLC7A5,
CCGAACGAGACGGATC-1,7,Endo CLDN5 SLC7A5,0.5028981954350263,Endo CLDN5 SLC7A5,
CCGAACGCAACTGCCG-1,5,Astro AQP4 SLC1A2,0.9809911586972394,Astro AQP4 SLC1A2,
CCGAACGCAAGCTGTT-1,0,Oligo MOG OPALIN,0.9999891777049067,Oligo MOG OPALIN,
CCGAACGCACGACCTG-1,2,Astro AQP4 SLC1A2,0.99934677521908,Astro AQP4 SLC1A2,
CCGAACGCAGGTAGTG-1,15,Astro GFAP AQP1,0.6300805103367185,Astro GFAP AQP1,
CCGAACGGTACTTGTG-1,16,L3-5 RORB MKX GRIN3A,0.6466301835037724,Oligo MOG OPALIN,
CCGAACGGTAGGCAAC-1,14,InN SST FREM1,0.9209124759919283,InN SST FREM1,
CCGAACGGTTGCGGAA-1,10,Oligo MOG OPALIN,0.5614382712715652,L2-3 CUX2 ACVR1C THSD7A,
CCGATCTAGCTAGAAT-1,0,Oligo MOG OPALIN,0.9999997516333985,Oligo MOG OPALIN,
CCGATCTAGTGGATTA-1,18,InN VIP HS3ST3B1,0.9565961612036173,InN VIP HS3ST3B1,
CCGATCTCACGTTCGG-1,8,Oligo MOG OPALIN,0.997254866027041,Oligo MOG OPALIN,
CCGATCTCATTGCTGA-1,0,Oligo MOG OPALIN,0.9998348386089506,Oligo MOG OPALIN,
CCGATGGAGGTTAAAC-1,15,Endo CLDN5 SLC7A5,0.7216692776520639,Astro GFAP AQP1,
CCGCAAGGTCATCGGC-1,9,Astro AQP4 SLC1A2,0.9246204766121652,Astro AQP4 SLC1A2,
CCGCAAGTCAAGTCTG-1,0,Oligo MOG OPALIN,0.9997205614696776,Oligo MOG OPALIN,
CCGGACACACCCTTGT-1,1,Oligo MOG OPALIN,0.9952887407330252,Oligo MOG OPALIN,
CCGGGTAAGCCTATTG-1,0,Oligo MOG OPALIN,0.9999925990005724,Oligo MOG OPALIN,
CCGGGTACATTCCTCG-1,1,Oligo MOG OPALIN,0.9999977059066936,Oligo MOG OPALIN,
CCGGGTATCGAGTACT-1,1,Oligo MOG OPALIN,0.9999738310984123,Oligo MOG OPALIN,
CCGGTAGAGGTATAGT-1,0,Oligo MOG OPALIN,0.999985104398516,Oligo MOG OPALIN,
CCGGTAGCACGACGTC-1,0,Oligo MOG OPALIN,0.9992194477647729,Oligo MOG OPALIN,
CCGGTGACATCCGCGA-1,21,PC P2RY14 GRM8,0.9995031950204036,PC P2RY14 GRM8,
CCGGTGACATGTCGTA-1,11,Micro P2RY12 APBB1IP,0.9874058303150958,Micro P2RY12 APBB1IP,
CCGGTGAGTAGGCTGA-1,5,Astro AQP4 SLC1A2,0.999937342195213,Astro AQP4 SLC1A2,
CCGGTGAGTGCATCTA-1,1,Oligo MOG OPALIN,0.9982305870875525,Oligo MOG OPALIN,
CCGGTGATCAAGCCCG-1,5,Astro AQP4 SLC1A2,0.9992354700117955,Astro AQP4 SLC1A2,
CCGGTGATCGTGACTA-1,6,Oligo MOG GSN,0.9999994692687734,Oligo MOG GSN,
CCGGTGATCTTACTGT-1,9,Astro AQP4 SLC1A2,0.9901915581580499,Astro AQP4 SLC1A2,
CCGTAGGAGGAGTACC-1,15,Astro GFAP AQP1,0.31769395306151915,Astro GFAP AQP1,
CCGTAGGTCAGCTTGA-1,15,Astro GFAP AQP1,0.9998971349601162,Astro GFAP AQP1,
CCGTGAGAGCTGTACT-1,10,L6 OPRK1 SMYD1 KCND2,0.6576273608762804,L2-3 CUX2 ACVR1C THSD7A,
CCGTGAGGTAGGGAGG-1,2,Oligo MOG OPALIN,0.9549274997484243,Astro AQP4 SLC1A2,
CCGTGAGTCGAACGCC-1,7,Endo CLDN5 SLC7A5,0.9785295267337303,Endo CLDN5 SLC7A5,
CCGTGAGTCGGAATTC-1,1,Oligo MOG OPALIN,0.980757813211135,Oligo MOG OPALIN,
CCGTTCAAGAGCCTGA-1,20,Oligo MOG OPALIN,0.9964839660624832,Oligo MOG OPALIN,
CCGTTCAAGGATTCCT-1,9,Astro AQP4 SLC1A2,0.9868763312120048,Astro AQP4 SLC1A2,
CCGTTCACAATCAAGA-1,3,Endo CLDN5 SLC7A5,0.4381262138779712,Endo CLDN5 SLC7A5,
CCGTTCAGTTGCAAGG-1,15,Astro GFAP AQP1,0.7021487533514416,Astro GFAP AQP1,
CCTAACCAGTCGGCAA-1,1,Oligo MOG OPALIN,0.9997814443048737,Oligo MOG OPALIN,
CCTAACCGTGAATGAT-1,0,Oligo MOG OPALIN,0.9999993123580072,Oligo MOG OPALIN,
CCTAACCGTGCTGCAC-1,21,PC P2RY14 GRM8,0.9946974506617483,PC P2RY14 GRM8,
CCTAAGAAGTACTGTC-1,5,Astro AQP4 SLC1A2,0.5685798427283004,Astro AQP4 SLC1A2,
CCTACGTCACCGGTCA-1,8,Oligo MOG OPALIN,0.9779269857490334,Oligo MOG OPALIN,
CCTACGTCAGCAGTTT-1,1,Oligo MOG OPALIN,0.9998541057986288,Oligo MOG OPALIN,
CCTCAACAGTCGAGGT-1,9,Astro AQP4 SLC1A2,0.9997238465645588,Astro AQP4 SLC1A2,
CCTCAACCATGACAGG-1,11,Micro P2RY12 APBB1IP,0.9862945135939536,Micro P2RY12 APBB1IP,
CCTCAACTCGAGAAAT-1,8,Oligo MOG OPALIN,0.999942694417214,Oligo MOG OPALIN,
CCTCAACTCTTGGTCC-1,8,Oligo MOG OPALIN,0.9999999549510215,Oligo MOG OPALIN,
CCTCACACAAGACCTT-1,15,Astro GFAP AQP1,0.9814902071008326,Astro GFAP AQP1,
CCTCACATCAGGACAG-1,0,Oligo MOG OPALIN,0.9999480665580764,Oligo MOG OPALIN,
CCTCACATCTGTTCAT-1,8,Oligo MOG OPALIN,0.9994729764326833,Oligo MOG OPALIN,
CCTCAGTGTACGATCT-1,5,Astro AQP4 SLC1A2,0.997646441863115,Astro AQP4 SLC1A2,
CCTCAGTGTATCTCGA-1,4,Oligo MOG OPALIN,0.8969994360059205,Oligo MOG OPALIN,
CCTCAGTGTCGCTTAA-1,6,Oligo MOG GSN,0.9829390092548765,Oligo MOG GSN,
CCTCAGTGTTTACTTC-1,23,Oligo MOG OPALIN,0.7056961500953405,Endo CLDN5 SLC7A5,
CCTCAGTTCCAGCTCT-1,1,Oligo MOG OPALIN,0.999852633175319,Oligo MOG OPALIN,
CCTCAGTTCCCATTTA-1,7,Endo CLDN5 SLC7A5,0.8519457191644958,Endo CLDN5 SLC7A5,
CCTCAGTTCCTCACCA-1,19,PC P2RY14 GRM8,0.6472975993347229,PC P2RY14 GRM8,
CCTCATGGTAGAGTTA-1,6,Oligo MOG GSN,0.9993475141928012,Oligo MOG GSN,
CCTCCAAAGCAGAAAG-1,13,Oligo MOG OPALIN,0.9732853937115102,Endo CLDN5 SLC7A5,
CCTCCAACACAAATAG-1,21,PC P2RY14 GRM8,0.999993279222479,PC P2RY14 GRM8,
CCTCCAAGTCCATCTC-1,7,Endo CLDN5 SLC7A5,0.9815474872152252,Endo CLDN5 SLC7A5,
CCTCCAATCGAGATGG-1,4,Endo CLDN5 SLC7A5,0.7888849910109743,Oligo MOG OPALIN,
CCTCCTCAGAGCAAGA-1,16,L3-5 RORB MKX DCC,0.999637015122553,Oligo MOG OPALIN,
CCTCCTCAGGGCAGTT-1,13,Endo CLDN5 SLC7A5,0.8690627755560485,Endo CLDN5 SLC7A5,
CCTCCTCAGTTCTACG-1,6,Oligo MOG OPALIN,0.9999912612444066,Oligo MOG GSN,
CCTCCTCCACTTTAGG-1,0,Oligo MOG OPALIN,0.9991970376217261,Oligo MOG OPALIN,
CCTCCTCGTCGATTCA-1,1,Oligo MOG OPALIN,0.9997986861244863,Oligo MOG OPALIN,
CCTCTAGAGATTGAGT-1,1,Oligo MOG OPALIN,0.9999374950021364,Oligo MOG OPALIN,
CCTCTAGAGTAATCCC-1,9,Astro AQP4 SLC1A2,0.9902434135567243,Astro AQP4 SLC1A2,
CCTCTCCAGCACAAAT-1,8,Oligo MOG OPALIN,0.5389621031039822,Oligo MOG OPALIN,
CCTCTCCTCAAAGGAT-1,7,Endo CLDN5 SLC7A5,0.7891194173081708,Endo CLDN5 SLC7A5,
CCTCTCCTCAGACAAA-1,15,Astro GFAP AQP1,0.9638844246034508,Astro GFAP AQP1,
CCTGCATAGCGTGCTC-1,21,PC P2RY14 GRM8,0.9964037415088323,PC P2RY14 GRM8,
CCTGCATTCGGACCAC-1,11,Micro P2RY12 APBB1IP,0.5438170052331801,Micro P2RY12 APBB1IP,
CCTGTTGAGCGACAGT-1,16,L6 OPRK1 THEMIS RGS6,0.5670152075204582,Oligo MOG OPALIN,
CCTGTTGTCTTTGCAT-1,4,Oligo MOG OPALIN,0.5933176872501553,Oligo MOG OPALIN,
CCTTCAGAGGTTCCAT-1,1,Oligo MOG OPALIN,0.9996401156322512,Oligo MOG OPALIN,
CCTTCAGCAATTGGTC-1,5,Astro AQP4 SLC1A2,0.9999646371117006,Astro AQP4 SLC1A2,
CCTTCAGTCCAACCAA-1,3,Endo CLDN5 SLC7A5,0.5450551079251678,Endo CLDN5 SLC7A5,
CCTTGTGAGGCCCGTT-1,15,Astro GFAP AQP1,0.9994376696028894,Astro GFAP AQP1,
CCTTGTGGTCACGCTG-1,4,Endo CLDN5 SLC7A5,0.8755221403980588,Oligo MOG OPALIN,
CCTTTGGAGCACTAGG-1,19,PC P2RY14 GRM8,0.9999505853456162,PC P2RY14 GRM8,
CCTTTGGAGCCGTTGC-1,6,Oligo MOG OPALIN,0.9958518245333763,Oligo MOG GSN,
CCTTTGGAGTAGGCCA-1,7,Endo CLDN5 SLC7A5,0.4119580396059209,Endo CLDN5 SLC7A5,
CCTTTGGTCATGCTAG-1,3,Endo CLDN5 SLC7A5,0.8561250974732207,Endo CLDN5 SLC7A5,
CCTTTGGTCATTTGTC-1,14,InN SST TRPC7,0.5997090118357554,InN SST FREM1,
CGAAGGAAGCTGCGAA-1,17,Oligo MOG OPALIN,0.30006521245622686,InN LAMP5 BMP7,
CGAAGGACACCAGTTA-1,0,Oligo MOG OPALIN,0.9944320642211075,Oligo MOG OPALIN,
CGAAGGACAGGTCTCG-1,13,L2-3 CUX2 NTNG1 PALMD,0.348079534269452,Endo CLDN5 SLC7A5,
CGAAGGAGTCGTCTCT-1,13,Endo CLDN5 SLC7A5,0.9397562019639629,Endo CLDN5 SLC7A5,
CGAAGGAGTGGTTTAC-1,1,Oligo MOG OPALIN,0.9999973493991658,Oligo MOG OPALIN,
CGAAGGATCAACGTGT-1,0,Oligo MOG OPALIN,0.9986997674341177,Oligo MOG OPALIN,
CGAAGGATCTGATGGT-1,1,Oligo MOG OPALIN,0.9983643630460051,Oligo MOG OPALIN,
CGAAGTTAGACCACGA-1,9,Astro AQP4 SLC1A2,0.9938532919684503,Astro AQP4 SLC1A2,
CGAAGTTCACAGAGCA-1,8,Oligo MOG OPALIN,0.9974024568162229,Oligo MOG OPALIN,
CGAAGTTCACTGTGAT-1,11,Micro P2RY12 APBB1IP,0.9999496108375637,Micro P2RY12 APBB1IP,
CGAAGTTGTATTGACC-1,6,Oligo MOG OPALIN,0.9996977250110326,Oligo MOG GSN,
CGAAGTTGTCGGTGAA-1,11,Micro P2RY12 APBB1IP,0.9989506927126869,Micro P2RY12 APBB1IP,
CGAATTGAGTAAGCAT-1,1,Oligo MOG OPALIN,0.8548614427115174,Oligo MOG OPALIN,
CGAATTGGTCATAAAG-1,3,Endo CLDN5 SLC7A5,0.4197786877401185,Endo CLDN5 SLC7A5,
CGAATTGGTTGCAACT-1,3,Endo CLDN5 SLC7A5,0.9428820602683023,Endo CLDN5 SLC7A5,
CGACAGCCATATGAAG-1,3,Endo CLDN5 SLC7A5,0.9402267352446246,Endo CLDN5 SLC7A5,
CGAGAAGAGGCATCTT-1,8,Oligo MOG OPALIN,0.8028089726892526,Oligo MOG OPALIN,
CGAGAAGGTACAAGCG-1,0,Oligo MOG OPALIN,0.9922583573153426,Oligo MOG OPALIN,
CGAGAAGGTGTCTAAC-1,7,L2-4 CUX2 RORB CLMN,0.8641475021242531,Endo CLDN5 SLC7A5,
CGAGAAGTCGCTTAAG-1,3,Endo CLDN5 SLC7A5,0.4891057754409453,Endo CLDN5 SLC7A5,
CGAGGAAAGTTGTAGA-1,12,OPC PDGFRA PCDH15,0.9999999999999551,OPC PDGFRA PCDH15,
CGAGGAACATGATGCT-1,2,Oligo MOG OPALIN,0.41393504454553853,Astro AQP4 SLC1A2,
CGAGGAATCGTCAGAT-1,19,PC P2RY14 GRM8,0.8672022595244877,PC P2RY14 GRM8,
CGAGGAATCTCGGGAC-1,2,Astro AQP4 SLC1A2,0.8963657543023082,Astro AQP4 SLC1A2,
CGAGGCTAGCTCTTCC-1,16,Oligo MOG OPALIN,0.528481444408758,Oligo MOG OPALIN,
CGAGGCTAGTTTGGCT-1,3,Endo CLDN5 SLC7A5,0.6916402822028517,Endo CLDN5 SLC7A5,
CGAGGCTGTATCCTTT-1,0,Oligo MOG OPALIN,0.99999526529585,Oligo MOG OPALIN,
CGAGGCTGTGGTAATA-1,1,Oligo MOG OPALIN,0.9972301800921886,Oligo MOG OPALIN,
CGAGGCTTCGCCCAGA-1,8,Oligo MOG OPALIN,0.998563818489709,Oligo MOG OPALIN,
CGAGTGCCATCCTCAC-1,17,InN LAMP5 LHX6 PROX1,0.995643265134885,InN LAMP5 BMP7,
CGAGTGCTCCGTGACG-1,1,Oligo MOG OPALIN,0.99997129924375,Oligo MOG OPALIN,
CGAGTGCTCGACGATT-1,19,PC P2RY14 GRM8,0.9999999293596661,PC P2RY14 GRM8,
CGAGTTACAGGTCAGA-1,0,Oligo MOG OPALIN,0.9999855130743872,Oligo MOG OPALIN,
CGAGTTAGTAACGATA-1,10,L2-3 CUX2 ACVR1C THSD7A,0.9936440131656115,L2-3 CUX2 ACVR1C THSD7A,
CGAGTTAGTATTGCCA-1,9,Astro AQP4 SLC1A2,0.9785739367774552,Astro AQP4 SLC1A2,
CGAGTTATCAATCTTC-1,1,Oligo MOG OPALIN,0.9997880559520109,Oligo MOG OPALIN,
CGATCGGAGTTCCGTA-1,14,InN SST ADAMTSL1,0.886737798100314,InN SST FREM1,
CGATCGGGTTAGAAAC-1,14,InN SST ADAMTSL1,0.9438895236272263,InN SST FREM1,
CGATCGGTCGTCAGAT-1,1,Oligo MOG OPALIN,0.999997570765747,Oligo MOG OPALIN,
CGATCGGTCTCCGAAA-1,6,Oligo MOG OPALIN,0.9995159680883565,Oligo MOG GSN,
CGATGCGCAACTGGTT-1,2,Astro AQP4 SLC1A2,0.7706095372462741,Astro AQP4 SLC1A2,
CGATGCGTCAGCCTTC-1,3,Oligo MOG OPALIN,0.44099578348864077,Endo CLDN5 SLC7A5,
CGATGCGTCCTTATAC-1,2,Astro AQP4 SLC1A2,0.7052892208955583,Astro AQP4 SLC1A2,
CGATGGCCATCTCCCA-1,1,Oligo MOG OPALIN,0.9999784634962183,Oligo MOG OPALIN,
CGATGGCCATTCGGGC-1,7,L2-4 CUX2 RORB CLMN,0.7288932447352235,Endo CLDN5 SLC7A5,
CGATGGCTCAATCCAG-1,0,Oligo MOG OPALIN,0.999998983262928,Oligo MOG OPALIN,
CGATGGCTCCAATCCC-1,10,L6 FEZF2 SYT6 PTPRT,0.6618451916280645,L2-3 CUX2 ACVR1C THSD7A,
CGATGGCTCCGACAGC-1,6,Oligo MOG OPALIN,0.9989925436665378,Oligo MOG GSN,
CGATGGCTCGGTCGAC-1,0,Oligo MOG OPALIN,0.9999442569545267,Oligo MOG OPALIN,
CGCAGGTAGCAATTAG-1,23,InN PVALB HPSE,0.6645838066723389,Endo CLDN5 SLC7A5,
CGCATAAGTCACTACA-1,8,Oligo MOG OPALIN,0.9321594765229627,Oligo MOG OPALIN,
CGCATAAGTGATCGTT-1,1,Oligo MOG OPALIN,0.9999235580636441,Oligo MOG OPALIN,
CGCATAATCTGGGCAC-1,5,Astro GFAP AQP1,0.9312610293451663,Astro AQP4 SLC1A2,
CGCATGGAGGCTGAAC-1,12,OPC PDGFRA PCDH15,0.9999999999999956,OPC PDGFRA PCDH15,
CGCATGGTCACTTCTA-1,9,Astro AQP4 SLC1A2,0.9995686688145085,Astro AQP4 SLC1A2,
CGCCAGAAGAGGTGCT-1,22,Micro P2RY12 APBB1IP,0.5667931296020838,Micro P2RY12 APBB1IP,
CGCCAGACATAGCTGT-1,0,Oligo MOG OPALIN,0.9992860299672816,Oligo MOG OPALIN,
CGCCAGACATCTCGTC-1,11,Micro P2RY12 APBB1IP,0.36998359753169285,Micro P2RY12 APBB1IP,
CGCCAGAGTGATAGAT-1,1,Oligo MOG OPALIN,0.9989517196777215,Oligo MOG OPALIN,
CGCCAGATCCACTAGA-1,2,Astro AQP4 SLC1A2,0.9398199212519452,Astro AQP4 SLC1A2,
CGCCAGATCGCATTAG-1,7,Endo CLDN5 SLC7A5,0.9589183075848835,Endo CLDN5 SLC7A5,
CGCCATTAGTCAGGGT-1,12,OPC PDGFRA PCDH15,0.9999999999999909,OPC PDGFRA PCDH15,
CGCCATTAGTCCGTCG-1,19,PC P2RY14 GRM8,0.9999514285809318,PC P2RY14 GRM8,
CGCCATTGTACGTACT-1,6,Oligo MOG GSN,0.999991962135392,Oligo MOG GSN,
CGCCATTGTACGTGAG-1,11,Micro P2RY12 APBB1IP,0.9923290680778507,Micro P2RY12 APBB1IP,
CGCCATTGTCGAGTTT-1,5,Astro AQP4 SLC1A2,0.9845944110053693,Astro AQP4 SLC1A2,
CGCCATTTCACTAGCA-1,4,Oligo MOG OPALIN,0.9727942565995286,Oligo MOG OPALIN,
CGCCATTTCCTTGAAG-1,0,Oligo MOG OPALIN,0.9999735806538703,Oligo MOG OPALIN,
CGCGTGAAGTTGGAGC-1,3,Oligo MOG OPALIN,0.5597226466927433,Endo CLDN5 SLC7A5,
CGCGTGACAAGTTCCA-1,2,Oligo MOG OPALIN,0.4860472810608653,Astro AQP4 SLC1A2,
CGGAACCCAATGAAAC-1,0,Oligo MOG OPALIN,0.9999933539268456,Oligo MOG OPALIN,
CGGAACCCAGATCACT-1,13,L2-3 CUX2 NTNG1 PALMD,0.6600317799069708,Endo CLDN5 SLC7A5,
CGGAATTCATCTTAGG-1,5,Astro AQP4 SLC1A2,0.4873289580710687,Astro AQP4 SLC1A2,
CGGAATTGTCTTGTCC-1,13,Endo CLDN5 SLC7A5,0.5688173271236809,Endo CLDN5 SLC7A5,
CGGACACCAAGAATGT-1,0,Oligo MOG OPALIN,0.9945145366567416,Oligo MOG OPALIN,
CGGACACTCTTTCTAG-1,5,Astro GFAP AQP1,0.545151171677801,Astro AQP4 SLC1A2,
CGGAGAAAGGTTCCGC-1,16,L6 OPRK1 THEMIS RGS6,0.750996295055953,Oligo MOG OPALIN,
CGGAGAACAAGTATCC-1,3,L3-5 RORB MKX GRIN3A,0.9083130879035937,Endo CLDN5 SLC7A5,
CGGAGAAGTGCCCAGT-1,1,Oligo MOG OPALIN,0.99996112922046,Oligo MOG OPALIN,
CGGCAGTAGTTTGAGA-1,13,Endo CLDN5 SLC7A5,0.6036437338823386,Endo CLDN5 SLC7A5,
CGGCAGTCACGCGTGT-1,19,PC P2RY14 GRM8,0.9999798309848708,PC P2RY14 GRM8,
CGGGACTGTGTCTAAC-1,5,Astro AQP4 SLC1A2,0.9919913683180572,Astro AQP4 SLC1A2,
CGGGACTTCAATCCAG-1,0,Oligo MOG OPALIN,0.9999999427586159,Oligo MOG OPALIN,
CGGGACTTCGAAGAAT-1,8,Oligo MOG OPALIN,0.9960061932097103,Oligo MOG OPALIN,
CGGGCATAGGTCATTC-1,4,Oligo MOG OPALIN,0.6121466115721815,Oligo MOG OPALIN,
CGGGCATCACAAGTTC-1,15,Astro GFAP AQP1,0.9998386071039583,Astro GFAP AQP1,
CGGGCATCACCCTAAA-1,1,Oligo MOG OPALIN,0.996266897817225,Oligo MOG OPALIN,
CGGGCATCACTAGGTT-1,7,L2-3 CUX2 NTNG1 PALMD,0.5797252106782264,Endo CLDN5 SLC7A5,
CGGGCATGTATCTCTT-1,16,InN SST FREM1,0.3515316626868685,Oligo MOG OPALIN,
CGGGTCAAGCCAGTAG-1,5,Astro AQP4 SLC1A2,0.9988161508048128,Astro AQP4 SLC1A2,
CGGGTCAGTTAATCGC-1,17,InN SST NPY,0.9958089956677546,InN LAMP5 BMP7,
CGGGTCATCGCTTACC-1,0,Oligo MOG OPALIN,0.9876113122695429,Oligo MOG OPALIN,
CGGGTCATCTACGGGC-1,1,Oligo MOG OPALIN,0.9984321949436898,Oligo MOG OPALIN,
CGGGTGTCATGTGGTT-1,3,Endo CLDN5 SLC7A5,0.6740210313675199,Endo CLDN5 SLC7A5,
CGGGTGTGTAGATCGG-1,4,Oligo MOG OPALIN,0.8302668718783018,Oligo MOG OPALIN,
CGGGTGTTCGTCTACC-1,1,Oligo MOG OPALIN,0.9961487263000776,Oligo MOG OPALIN,
CGGTCAGAGGACGGAG-1,1,Oligo MOG GSN,0.649222818939783,Oligo MOG OPALIN,
CGGTCAGAGGTTGGTG-1,7,Endo CLDN5 SLC7A5,0.5345803065997157,Endo CLDN5 SLC7A5,
CGGTCAGGTACATACC-1,22,Micro P2RY12 APBB1IP,0.9928931125542307,Micro P2RY12 APBB1IP,
CGGTCAGTCCATCTCG-1,1,Oligo MOG OPALIN,0.7003171748288997,Oligo MOG OPALIN,
CGGTCAGTCGCTTAAG-1,23,InN PVALB HPSE,0.6710562962636452,Endo CLDN5 SLC7A5,
CGGTCAGTCTTACGTT-1,14,InN SST PLPP4,0.7592489829639286,InN SST FREM1,
CGTAAGTAGAAACTCA-1,10,L2-3 CUX2 ACVR1C THSD7A,0.9912632547316241,L2-3 CUX2 ACVR1C THSD7A,
CGTAAGTTCTGTCCGT-1,17,InN PVALB PDE3A,0.9985363186533052,InN LAMP5 BMP7,
CGTAATGAGAAACTGT-1,8,Oligo MOG OPALIN,0.999368516347231,Oligo MOG OPALIN,
CGTAATGAGCAACTTC-1,10,L2-3 CUX2 ACVR1C THSD7A,0.9961307282871923,L2-3 CUX2 ACVR1C THSD7A,
CGTAATGCAGGAGGTT-1,3,Endo CLDN5 SLC7A5,0.8574247628303912,Endo CLDN5 SLC7A5,
CGTAATGCATGCCGAC-1,0,Oligo MOG OPALIN,0.9936114638382717,Oligo MOG OPALIN,
CGTAGTAAGGAAGAAC-1,14,InN SST FREM1,0.970719304382924,InN SST FREM1,
CGTAGTAAGGTAGTCG-1,8,Oligo MOG OPALIN,0.9636533287155586,Oligo MOG OPALIN,
CGTAGTAAGTGGTTAA-1,1,Oligo MOG OPALIN,0.9995936832403121,Oligo MOG OPALIN,
CGTCAAAAGACGCCCT-1,12,OPC PDGFRA PCDH15,0.9999999999999993,OPC PDGFRA PCDH15,
CGTCAAACAAGGCTTT-1,2,Astro AQP4 SLC1A2,0.9522222478719203,Astro AQP4 SLC1A2,
CGTCAAATCAGATGCT-1,8,Oligo MOG OPALIN,0.9993011567009552,Oligo MOG OPALIN,
CGTCAAATCCTTTGAT-1,1,Oligo MOG OPALIN,0.9998679477076879,Oligo MOG OPALIN,
CGTCAAATCGTGCATA-1,1,Oligo MOG OPALIN,0.9985401813613394,Oligo MOG OPALIN,
CGTGAATAGCAATTCC-1,13,Endo CLDN5 SLC7A5,0.9938104748072832,Endo CLDN5 SLC7A5,
CGTGAATAGGGCTTCC-1,7,Endo CLDN5 SLC7A5,0.8949197230918162,Endo CLDN5 SLC7A5,
CGTGATAGTCCGGCAT-1,1,Oligo MOG OPALIN,0.9952635177786666,Oligo MOG OPALIN,
CGTGCTTAGAAACTGT-1,4,Oligo MOG OPALIN,0.9599075379177101,Oligo MOG OPALIN,
CGTGTCTGTATCGAAA-1,10,L2-4 CUX2 RORB CLMN,0.9985416827407402,L2-3 CUX2 ACVR1C THSD7A,
CGTTAGAAGAGTCTTC-1,12,OPC PDGFRA PCDH15,0.9999999999583662,OPC PDGFRA PCDH15,
CGTTAGATCAGCGGAA-1,22,Macro F13A1 COLEC12,0.9545889817509664,Micro P2RY12 APBB1IP,
CGTTAGATCCTTGGAA-1,9,Astro AQP4 SLC1A2,0.9971208747892173,Astro AQP4 SLC1A2,
CGTTAGATCTACTATC-1,3,Endo CLDN5 SLC7A5,0.9175119158549059,Endo CLDN5 SLC7A5,
CGTTAGATCTTGCAGA-1,1,Oligo MOG OPALIN,0.9999977478656423,Oligo MOG OPALIN,
CGTTGGGCACTGTCGG-1,4,Oligo MOG OPALIN,0.613542761763565,Oligo MOG OPALIN,
CGTTGGGGTCGGATTT-1,1,Oligo MOG OPALIN,0.9999991653795242,Oligo MOG OPALIN,
CTAACCCCAACAAAGT-1,11,Micro P2RY12 APBB1IP,0.825832567404133,Micro P2RY12 APBB1IP,
CTAACTTAGCCTCACG-1,6,Oligo MOG GSN,0.9940376585136869,Oligo MOG GSN,
CTAACTTAGTGGATTA-1,2,Endo CLDN5 SLC7A5,0.4874317417289612,Astro AQP4 SLC1A2,
CTAACTTCATCAGCAT-1,18,InN VIP ADAM12,0.8617631427303372,InN VIP HS3ST3B1,
CTAACTTGTGCGGTAA-1,1,Oligo MOG OPALIN,0.9999986348403587,Oligo MOG OPALIN,
CTAACTTGTTAGGGTG-1,1,Oligo MOG OPALIN,0.9997473226542433,Oligo MOG OPALIN,
CTAACTTTCAAGATAG-1,17,InN PVALB PDE3A,0.6665124886380001,InN LAMP5 BMP7,
CTAAGTGAGTAACGAT-1,1,Oligo MOG OPALIN,0.9998390701395696,Oligo MOG OPALIN,
CTAAGTGCAAGAAATC-1,9,Astro AQP4 SLC1A2,0.9930117829472023,Astro AQP4 SLC1A2,
CTAAGTGGTATGTCCA-1,9,Astro AQP4 SLC1A2,0.955310987080077,Astro AQP4 SLC1A2,
CTAAGTGGTCCACGCA-1,3,Endo CLDN5 SLC7A5,0.4132232348027241,Endo CLDN5 SLC7A5,
CTACAGAAGAGCTGAC-1,2,Oligo MOG OPALIN,0.9608113298488489,Astro AQP4 SLC1A2,
CTACAGAAGAGGGCGA-1,0,Oligo MOG OPALIN,0.8140378785817997,Oligo MOG OPALIN,
CTACAGAGTAGGCTGA-1,14,InN SST ADAMTSL1,0.9815951813314596,InN SST FREM1,
CTACAGAGTCAATGGG-1,9,Astro AQP4 SLC1A2,0.9419427544252679,Astro AQP4 SLC1A2,
CTACATTAGGTAGACC-1,8,Oligo MOG OPALIN,0.9994269999643904,Oligo MOG OPALIN,
CTACATTCAGACAATA-1,0,Oligo MOG OPALIN,0.9999669316079832,Oligo MOG OPALIN,
CTACATTCAGCTGCCA-1,6,Oligo MOG OPALIN,0.999981644852977,Oligo MOG GSN,
CTACATTGTCTACTGA-1,7,Endo CLDN5 SLC7A5,0.7640069615987969,Endo CLDN5 SLC7A5,
CTACCCAAGCGTGTTT-1,0,Oligo MOG GSN,0.7397573675814576,Oligo MOG OPALIN,
CTACCCATCTCTCTTC-1,6,Oligo MOG OPALIN,0.96699097457187,Oligo MOG GSN,
CTACGGGCAGGCATGA-1,0,Oligo MOG OPALIN,0.9971350018436599,Oligo MOG OPALIN,
CTACGGGGTAGGCAGT-1,21,PC P2RY14 GRM8,0.9998477805712351,PC P2RY14 GRM8,
CTACTATGTCGTTGCG-1,4,Endo CLDN5 SLC7A5,0.4134194336364359,Oligo MOG OPALIN,
CTACTATTCACCGCTT-1,5,Astro AQP4 SLC1A2,0.9513409280041683,Astro AQP4 SLC1A2,
CTAGACAAGACGTCGA-1,0,Oligo MOG OPALIN,0.9999286134482467,Oligo MOG OPALIN,
CTAGACAAGAGGCGTT-1,1,Oligo MOG OPALIN,0.9999678335451412,Oligo MOG OPALIN,
CTAGACAGTAAGTTAG-1,9,Astro AQP4 SLC1A2,0.9501558593830997,Astro AQP4 SLC1A2,
CTAGACATCCGATCTC-1,8,Oligo MOG OPALIN,0.4286615802298954,Oligo MOG OPALIN,
CTAGACATCGCAGTGC-1,1,Oligo MOG OPALIN,0.7729730891898063,Oligo MOG OPALIN,
CTAGGTACAACCGCCA-1,6,Oligo MOG GSN,0.9521801301135053,Oligo MOG GSN,
CTAGGTATCTGAGCAT-1,6,Oligo MOG GSN,0.999861910159337,Oligo MOG GSN,
CTATAGGAGGTTACAA-1,14,InN SST ADAMTSL1,0.6309584447688494,InN SST FREM1,
CTATAGGCACCTGCAG-1,7,Endo CLDN5 SLC7A5,0.9458607547914945,Endo CLDN5 SLC7A5,
CTATCCGGTCTTACAG-1,15,Astro GFAP AQP1,0.37105927783243625,Astro GFAP AQP1,
CTATCTAGTCGTATTG-1,5,Astro GFAP AQP1,0.9567763877684501,Astro AQP4 SLC1A2,
CTCAACCGTCCTACAA-1,4,OPC PDGFRA PCDH15,0.5416308032732701,Oligo MOG OPALIN,
CTCAACCGTGGCTCTG-1,4,Endo CLDN5 SLC7A5,0.5864018066206965,Oligo MOG OPALIN,
CTCAAGAAGAGTCGAC-1,0,Oligo MOG OPALIN,0.999902441582212,Oligo MOG OPALIN,
CTCAAGACACTACGGC-1,7,L3-5 RORB MKX GRIN3A,0.37445828159430306,Endo CLDN5 SLC7A5,
CTCAAGACAGATACCT-1,15,Astro GFAP AQP1,0.9997930985625373,Astro GFAP AQP1,
CTCAAGATCACTTGGA-1,12,OPC PDGFRA PCDH15,0.9999999999999354,OPC PDGFRA PCDH15,
CTCAAGATCACTTTGT-1,15,Astro GFAP AQP1,0.9152872353278811,Astro GFAP AQP1,
CTCAATTAGGATCATA-1,8,Oligo MOG OPALIN,0.9995809218018171,Oligo MOG OPALIN,
CTCAATTGTCGTTCAA-1,13,Endo CLDN5 SLC7A5,0.5445512420173283,Endo CLDN5 SLC7A5,
CTCAATTGTCTTAGTG-1,2,Astro AQP4 SLC1A2,0.7053768010686263,Astro AQP4 SLC1A2,
CTCACTGAGCCGGAAT-1,5,Astro AQP4 SLC1A2,0.9999995279053441,Astro AQP4 SLC1A2,
CTCACTGTCATGCCGG-1,0,Oligo MOG OPALIN,0.9998152111549298,Oligo MOG OPALIN,
CTCACTGTCGGAAACG-1,0,Oligo MOG OPALIN,0.988977561824801,Oligo MOG OPALIN,
CTCAGGGGTCATAAAG-1,17,InN LAMP5 BMP7,0.9257910405133734,InN LAMP5 BMP7,
CTCAGGGGTCGTGTTA-1,10,L3-5 RORB PCBP3 IL1RAPL2,0.8801484261654412,L2-3 CUX2 ACVR1C THSD7A,
CTCAGGGGTGGCTGAA-1,21,PC P2RY14 GRM8,0.9851775034330156,PC P2RY14 GRM8,
CTCAGGGGTGTCCAAT-1,8,Oligo MOG OPALIN,0.9993714179137313,Oligo MOG OPALIN,
CTCAGTCAGGGCAGTT-1,0,Oligo MOG GSN,0.9663833225427525,Oligo MOG OPALIN,
CTCAGTCCACCCTATC-1,5,Astro AQP4 SLC1A2,0.9976103786975502,Astro AQP4 SLC1A2,
CTCATCGAGCAGCCTC-1,3,Endo CLDN5 SLC7A5,0.9899968824520822,Endo CLDN5 SLC7A5,
CTCATCGAGCTGCGAA-1,13,Endo CLDN5 SLC7A5,0.9529671035105474,Endo CLDN5 SLC7A5,
CTCATGCAGAAATTCG-1,4,Oligo MOG OPALIN,0.398444200765263,Oligo MOG OPALIN,
CTCATGCAGTCATACC-1,4,Oligo MOG OPALIN,0.9643191450097144,Oligo MOG OPALIN,
CTCATGCCAAGAGTTA-1,15,Astro GFAP FABP7,0.9997510109505283,Astro GFAP AQP1,
CTCATGCTCTCATGGA-1,6,Oligo MOG OPALIN,0.998176324110921,Oligo MOG GSN,
CTCATTAAGCAACTTC-1,5,Astro AQP4 SLC1A2,0.9915003850849595,Astro AQP4 SLC1A2,
CTCATTACAAAGTGTA-1,1,Oligo MOG OPALIN,0.9969363151597113,Oligo MOG OPALIN,
CTCATTAGTAAGATCA-1,0,Oligo MOG OPALIN,0.9994562355405597,Oligo MOG OPALIN,
CTCATTAGTTGCGGCT-1,4,Oligo MOG OPALIN,0.4826304791531606,Oligo MOG OPALIN,
CTCCAACCACCCTGTT-1,0,Oligo MOG OPALIN,0.9672179618334742,Oligo MOG OPALIN,
CTCCAACTCAAGTCGT-1,5,Astro AQP4 SLC1A2,0.9924818259797563,Astro AQP4 SLC1A2,
CTCCAACTCTTAATCC-1,3,Endo CLDN5 SLC7A5,0.46480716701055474,Endo CLDN5 SLC7A5,
CTCCACAAGAGCACTG-1,9,Astro AQP4 SLC1A2,0.9974727611091538,Astro AQP4 SLC1A2,
CTCCACACATGTGTCA-1,16,Endo CLDN5 SLC7A5,0.44131624803336095,Oligo MOG OPALIN,
CTCCACATCTCTGCCA-1,4,Oligo MOG OPALIN,0.5172584843965595,Oligo MOG OPALIN,
CTCCATGAGATGCGAC-1,18,InN VIP MEGF11 LHFP,0.996283240369925,InN VIP HS3ST3B1,
CTCCCAAAGTGTGTTC-1,6,Oligo MOG GSN,0.9849429353821665,Oligo MOG GSN,
CTCCCTCGTAACCCGC-1,5,Astro AQP4 SLC1A2,0.7003473263070445,Astro AQP4 SLC1A2,
CTCCCTCGTACTCCCT-1,2,Astro AQP4 SLC1A2,0.9501964405251938,Astro AQP4 SLC1A2,
CTCCCTCGTCCTACGG-1,2,Astro AQP4 SLC1A2,0.5796662351871359,Astro AQP4 SLC1A2,
CTCCCTCGTGGAAATT-1,17,InN LAMP5 LHX6 TAC1,0.9671170065553156,InN LAMP5 BMP7,
CTCCGATAGGATACCG-1,16,Oligo MOG OPALIN,0.5249805282754079,Oligo MOG OPALIN,
CTCCGATCAACAGCCC-1,15,Astro GFAP AQP1,0.9972752149684591,Astro GFAP AQP1,
CTCCGATGTGGGTATG-1,2,Astro AQP4 SLC1A2,0.9609711901823256,Astro AQP4 SLC1A2,
CTCCTCCAGTAAGCAT-1,23,Endo CLDN5 SLC7A5,0.6202048528766825,Endo CLDN5 SLC7A5,
CTCCTCCGTTAAACAG-1,1,Oligo MOG OPALIN,0.9994873412977465,Oligo MOG OPALIN,
CTCCTTTAGACTACGG-1,1,Oligo MOG OPALIN,0.9999869107251469,Oligo MOG OPALIN,
CTCCTTTAGCAGGCTA-1,15,Astro GFAP AQP1,0.9730249751840375,Astro GFAP AQP1,
CTCCTTTCACAACATC-1,1,Oligo MOG OPALIN,0.9958559868336578,Oligo MOG OPALIN,
CTCCTTTCACGTATAC-1,12,OPC PDGFRA PCDH15,0.999999999999996,OPC PDGFRA PCDH15,
CTCCTTTCATCAGTGT-1,0,Oligo MOG OPALIN,0.9998247501656041,Oligo MOG OPALIN,
CTCCTTTGTCCGATCG-1,3,Endo CLDN5 SLC7A5,0.39589266480231694,Endo CLDN5 SLC7A5,
CTCCTTTTCAATGCAC-1,1,Oligo MOG OPALIN,0.9999961344797295,Oligo MOG OPALIN,
CTCGAGGAGCCTCACG-1,8,Oligo MOG OPALIN,0.993483223458978,Oligo MOG OPALIN,
CTCGAGGAGGACATCG-1,1,Oligo MOG OPALIN,0.9830936912911088,Oligo MOG OPALIN,
CTCGAGGTCCAAACCA-1,11,Micro P2RY12 APBB1IP,0.6649536482818263,Micro P2RY12 APBB1IP,
CTCGAGGTCCACACAA-1,3,L2-3 CUX2 ACVR1C INHBA,0.8414466972873496,Endo CLDN5 SLC7A5,
CTCTCAGGTAGACAGC-1,0,Oligo MOG OPALIN,0.5430974336500808,Oligo MOG OPALIN,
CTCTCAGTCTGTCTCG-1,5,Astro AQP4 SLC1A2,0.9994942265809714,Astro AQP4 SLC1A2,
CTCTGGTAGCCAACCC-1,6,Oligo MOG GSN,0.980599767667905,Oligo MOG GSN,
CTCTGGTAGTAGTCTC-1,5,Astro AQP4 SLC1A2,0.9596917776758936,Astro AQP4 SLC1A2,
CTCTGGTCACGTATAC-1,7,Endo CLDN5 SLC7A5,0.7283227579953402,Endo CLDN5 SLC7A5,
CTGAATGCAAGTAGTA-1,1,Oligo MOG OPALIN,0.9991163291216202,Oligo MOG OPALIN,
CTGAATGCAGTAACCT-1,12,OPC PDGFRA PCDH15,0.9999999999999769,OPC PDGFRA PCDH15,
CTGAGCGCAGGTACGA-1,4,Oligo MOG OPALIN,0.9999431168797802,Oligo MOG OPALIN,
CTGAGCGCATCGATGT-1,1,Oligo MOG OPALIN,0.9983779754651216,Oligo MOG OPALIN,
CTGAGCGGTAGTTACC-1,9,Astro AQP4 SLC1A2,0.9999769531550569,Astro AQP4 SLC1A2,
CTGAGCGGTGGTAATA-1,23,L2-3 CUX2 NTNG1 PALMD,0.868456108446139,Endo CLDN5 SLC7A5,
CTGAGGCAGACGAGCT-1,1,Oligo MOG OPALIN,0.9999987103470062,Oligo MOG OPALIN,
CTGAGGCGTGGAAATT-1,3,Endo CLDN5 SLC7A5,0.6803203146601049,Endo CLDN5 SLC7A5,
CTGATCCAGTAGGGTC-1,8,Oligo MOG OPALIN,0.9992871042246654,Oligo MOG OPALIN,
CTGATCCGTATTGGCT-1,6,Oligo MOG GSN,0.9988955817739527,Oligo MOG GSN,
CTGATCCGTTTAGTCG-1,5,Astro AQP4 SLC1A2,0.9999540111543874,Astro AQP4 SLC1A2,
CTGCAGGAGTCAGCCC-1,1,Oligo MOG OPALIN,0.9999138696540594,Oligo MOG OPALIN,
CTGCAGGGTCTTTCTA-1,11,Micro P2RY12 APBB1IP,0.9982755854528289,Micro P2RY12 APBB1IP,
CTGCAGGGTGAATGAT-1,9,Astro AQP4 SLC1A2,0.9738153008875686,Astro AQP4 SLC1A2,
CTGCAGGTCGCTTGAA-1,10,L6 FEZF2 SYT6 PTPRT,0.792824916662535,L2-3 CUX2 ACVR1C THSD7A,
CTGCATCAGAAACTAC-1,8,Oligo MOG OPALIN,0.9207143157494573,Oligo MOG OPALIN,
CTGCATCAGCGGTAAC-1,5,Astro GFAP AQP1,0.8393582856627,Astro AQP4 SLC1A2,
CTGCATCGTCCTGGGT-1,13,L2-3 CUX2 NTNG1 PALMD,0.3772138780174426,Endo CLDN5 SLC7A5,
CTGCATCTCCAACTGA-1,0,Oligo MOG OPALIN,0.9999011932280903,Oligo MOG OPALIN,
CTGCATCTCTCCATAT-1,11,Micro P2RY12 APBB1IP,0.7307200681778477,Micro P2RY12 APBB1IP,
CTGCCTACAAAGGATT-1,14,InN PVALB HPSE,0.8601194841554423,InN SST FREM1,
CTGCCTAGTTAGGCCC-1,15,Astro GFAP AQP1,0.9807689048483355,Astro GFAP AQP1,
CTGCCTAGTTTGAAAG-1,11,Micro P2RY12 APBB1IP,0.7639958317469325,Micro P2RY12 APBB1IP,
CTGCCTATCGAACGGA-1,22,Micro P2RY12 APBB1IP,0.9711367346931336,Micro P2RY12 APBB1IP,
CTGCCTATCTAGCCTC-1,4,Oligo MOG OPALIN,0.9167994046013845,Oligo MOG OPALIN,
CTGCGAGCACAAACGG-1,14,InN SST PLPP4,0.39806329617898106,InN SST FREM1,
CTGCGAGCATCCGATA-1,6,Oligo MOG OPALIN,0.9995407952109246,Oligo MOG GSN,
CTGCGAGCATTCACAG-1,11,Micro P2RY12 APBB1IP,0.9598322134416832,Micro P2RY12 APBB1IP,
CTGCGAGTCACCACAA-1,0,Oligo MOG OPALIN,0.9999814984662525,Oligo MOG OPALIN,
CTGCGAGTCGGTCGGT-1,16,L6 OPRK1 THEMIS RGS6,0.5564658247867961,Oligo MOG OPALIN,
CTGCTCAAGGCGCTCT-1,5,Astro AQP4 SLC1A2,0.982663192597818,Astro AQP4 SLC1A2,
CTGCTCAAGTCAGCGA-1,8,Oligo MOG OPALIN,0.9999845668430442,Oligo MOG OPALIN,
CTGCTCAAGTTTGCTG-1,13,Endo CLDN5 SLC7A5,0.30109032977497413,Endo CLDN5 SLC7A5,
CTGCTCATCCTTACCG-1,5,Astro AQP4 SLC1A2,0.9988639173444652,Astro AQP4 SLC1A2,
CTGGACGAGATGACCG-1,10,L6 FEZF2 SYT6 PTPRT,0.6678000195212821,L2-3 CUX2 ACVR1C THSD7A,
CTGGACGAGCTGCGAA-1,10,L6 FEZF2 SYT6 CDH9,0.4850709741218876,L2-3 CUX2 ACVR1C THSD7A,
CTGGACGCATCAGTGT-1,0,Oligo MOG OPALIN,0.9935053100694009,Oligo MOG OPALIN,
CTGGACGTCTGTGCTC-1,12,OPC PDGFRA PCDH15,0.9999999999999876,OPC PDGFRA PCDH15,
CTGGCAGCACCCTAGG-1,1,Oligo MOG OPALIN,0.9438724540565245,Oligo MOG OPALIN,
CTGGCAGCAGACACCC-1,2,Astro AQP4 SLC1A2,0.4920515512141982,Astro AQP4 SLC1A2,
CTGGCAGTCATTTACC-1,2,Astro AQP4 SLC1A2,0.5420924802470509,Astro AQP4 SLC1A2,
CTGGTCTCATGGGTTT-1,9,Astro AQP4 SLC1A2,0.9285171216352933,Astro AQP4 SLC1A2,
CTGTACCGTAAGTTGA-1,11,Micro P2RY12 APBB1IP,0.7577892960677186,Micro P2RY12 APBB1IP,
CTGTACCGTAGCGAGT-1,17,InN PVALB SNTB1,0.9116141242257809,InN LAMP5 BMP7,
CTGTAGAAGAAATGGG-1,10,L6 OPRK1 THEMIS RGS6,0.9952649807862444,L2-3 CUX2 ACVR1C THSD7A,
CTGTAGAAGCTGAAAT-1,4,Oligo MOG OPALIN,0.9613398399943879,Oligo MOG OPALIN,
CTGTAGAGTACAGTTC-1,8,Oligo MOG OPALIN,0.999447609911526,Oligo MOG OPALIN,
CTGTATTAGTAGGATT-1,2,Astro AQP4 SLC1A2,0.794148561464462,Astro AQP4 SLC1A2,
CTGTATTAGTTCCAGT-1,9,Astro AQP4 SLC1A2,0.9825145958086972,Astro AQP4 SLC1A2,
CTGTATTCAACTCCCT-1,23,InN PVALB HPSE,0.5838060042676696,Endo CLDN5 SLC7A5,
CTGTATTCAGAGATTA-1,18,InN VIP FREM2,0.9903355555798786,InN VIP HS3ST3B1,
CTGTATTTCTAAGAAG-1,14,InN SST FREM1,0.937797852751474,InN SST FREM1,
CTGTCGTGTACGTACT-1,24,Endo CLDN5 SLC7A5,0.9474656941846363,Endo CLDN5 SLC7A5,
CTGTCGTTCTCTTAAC-1,7,Endo CLDN5 SLC7A5,0.8913385460277735,Endo CLDN5 SLC7A5,
CTGTGAAAGCGAGTAC-1,17,InN LAMP5 LHX6 TAC1,0.9945840337645384,InN LAMP5 BMP7,
CTGTGAAAGGTTATAG-1,5,Astro AQP4 SLC1A2,0.9980671992407644,Astro AQP4 SLC1A2,
CTGTGAATCAGCTAGT-1,16,L3-5 RORB MKX DCC,0.9995187740177558,Oligo MOG OPALIN,
CTGTGAATCAGTCTTT-1,24,Endo CLDN5 SLC7A5,0.9991972752802494,Endo CLDN5 SLC7A5,
CTGTGGGAGCCTCCAG-1,1,Oligo MOG OPALIN,0.9999930560022634,Oligo MOG OPALIN,
CTGTGGGCAACCGGAA-1,17,InN PVALB PDE3A,0.9671748019797469,InN LAMP5 BMP7,
CTGTGGGGTCAGTTTG-1,5,Astro AQP4 SLC1A2,0.955401193200364,Astro AQP4 SLC1A2,
CTGTGGGGTTAGGGTG-1,22,Micro P2RY12 GLDN,0.46792412526178695,Micro P2RY12 APBB1IP,
CTGTGGGTCCATCAGA-1,19,PC P2RY14 GRM8,0.9843466188220983,PC P2RY14 GRM8,
CTTACCGCACAGGATG-1,9,Astro AQP4 SLC1A2,0.9925034167641248,Astro AQP4 SLC1A2,
CTTACCGCATGGGCAA-1,6,Oligo MOG OPALIN,0.9845222385519655,Oligo MOG GSN,
CTTAGGATCAACGCTA-1,1,Oligo MOG OPALIN,0.9999986856553982,Oligo MOG OPALIN,
CTTAGGATCCCTCATG-1,10,L2-3 CUX2 ACVR1C THSD7A,0.9859924392020687,L2-3 CUX2 ACVR1C THSD7A,
CTTAGGATCCGGCAGT-1,6,Oligo MOG OPALIN,0.9968893526663334,Oligo MOG GSN,
CTTAGGATCGCGAAGA-1,6,Oligo MOG GSN,0.9999999252802667,Oligo MOG GSN,
CTTCAATAGCGGATCA-1,9,Astro AQP4 SLC1A2,0.9279225984115353,Astro AQP4 SLC1A2,
CTTCAATAGCTAAGTA-1,15,Astro GFAP AQP1,0.9556045468523606,Astro GFAP AQP1,
CTTCCGACAACAGTGG-1,2,Astro AQP4 SLC1A2,0.7168424447752351,Astro AQP4 SLC1A2,
CTTCCGATCAATCCAG-1,12,OPC PDGFRA PCDH15,1.0,OPC PDGFRA PCDH15,
CTTCCGATCGAGTGGA-1,13,L2-3 CUX2 NTNG1 PALMD,0.8667068974793535,Endo CLDN5 SLC7A5,
CTTCCGATCGGACTTA-1,8,Oligo MOG OPALIN,0.9994369565366359,Oligo MOG OPALIN,
CTTCCGATCGTAACTG-1,1,Oligo MOG OPALIN,0.8953654103412767,Oligo MOG OPALIN,
CTTCCTTAGCAGATAT-1,2,L2-3 CUX2 NTNG1 PALMD,0.33989322716214276,Astro AQP4 SLC1A2,
CTTCCTTCATGCCGCA-1,3,Endo CLDN5 SLC7A5,0.8831867663036496,Endo CLDN5 SLC7A5,
CTTCCTTGTATCCCAA-1,1,Oligo MOG OPALIN,0.9993258990477278,Oligo MOG OPALIN,
CTTCCTTGTTCACGAT-1,9,Astro AQP4 SLC1A2,0.9997238484447236,Astro AQP4 SLC1A2,
CTTCCTTTCAAATAGG-1,17,InN LAMP5 BMP7,0.8793553911071894,InN LAMP5 BMP7,
CTTCGGTCAAAGAGTT-1,8,Oligo MOG OPALIN,0.9998616659386191,Oligo MOG OPALIN,
CTTCGGTTCCGTGCGA-1,6,Oligo MOG OPALIN,0.999988736617234,Oligo MOG GSN,
CTTCTAACAATAGTCC-1,1,Oligo MOG OPALIN,0.9995026626983295,Oligo MOG OPALIN,
CTTCTAATCGCAGAGA-1,7,Endo CLDN5 SLC7A5,0.3395755980332808,Endo CLDN5 SLC7A5,
CTTCTAATCTGAATCG-1,18,InN VIP MEGF11 LHFP,0.7419327817056093,InN VIP HS3ST3B1,
CTTCTCTAGCCATTGT-1,5,Astro GFAP AQP1,0.4920150672834757,Astro AQP4 SLC1A2,
CTTCTCTTCTATCGCC-1,4,Endo CLDN5 SLC7A5,0.9701789309795765,Oligo MOG OPALIN,
CTTGAGACAGGCTACC-1,0,Oligo MOG OPALIN,0.9964875399494478,Oligo MOG OPALIN,
CTTGATTAGATCCTAC-1,14,InN SST ADAMTSL1,0.7542486072928547,InN SST FREM1,
CTTGATTAGTCGGGAT-1,21,PC P2RY14 GRM8,0.5620213703953745,PC P2RY14 GRM8,
CTTGATTCAGTCTACA-1,2,Astro AQP4 SLC1A2,0.7703441063033903,Astro AQP4 SLC1A2,
CTTGATTGTATCGATC-1,18,InN ADARB2 COL5A2,0.9731015578504822,InN VIP HS3ST3B1,
CTTGATTTCACCTTGC-1,8,Oligo MOG OPALIN,0.9760359298606092,Oligo MOG OPALIN,
CTTGATTTCCTAAGTG-1,0,Oligo MOG OPALIN,0.999998814986951,Oligo MOG OPALIN,
CTTGATTTCTGTGCGG-1,17,InN LAMP5 MEIS2,0.4085129362668867,InN LAMP5 BMP7,
CTTTCAAAGGATATAC-1,0,Oligo MOG OPALIN,0.9998438388639991,Oligo MOG OPALIN,
CTTTCAAGTGGTCTTA-1,16,L3-5 RORB MKX SCN5A,0.9996562967134637,Oligo MOG OPALIN,
CTTTCAATCATGCCAA-1,7,Endo CLDN5 SLC7A5,0.9664015502406071,Endo CLDN5 SLC7A5,
CTTTCAATCCACAGCG-1,8,Oligo MOG OPALIN,0.9998522944020763,Oligo MOG OPALIN,
CTTTCAATCCGCATAA-1,2,Astro AQP4 SLC1A2,0.9936807879931552,Astro AQP4 SLC1A2,
CTTTCAATCGGACAAG-1,1,Oligo MOG OPALIN,0.9999505134295879,Oligo MOG OPALIN,
CTTTCGGAGCCAAGCA-1,2,Endo CLDN5 SLC7A5,0.39929164966194197,Astro AQP4 SLC1A2,
CTTTCGGAGCTAGATA-1,0,Oligo MOG OPALIN,0.9999305544172571,Oligo MOG OPALIN,
CTTTCGGGTCACATTG-1,4,Endo CLDN5 SLC7A5,0.8973724150020589,Oligo MOG OPALIN,
CTTTCGGGTCAGGAGT-1,23,Endo CLDN5 SLC7A5,0.9051889524848524,Endo CLDN5 SLC7A5,
CTTTCGGGTTCGGCCA-1,8,Oligo MOG OPALIN,0.8182732835008938,Oligo MOG OPALIN,
CTTTCGGTCACTGTCC-1,20,Astro AQP4 SLC1A2,0.5704509923456078,Oligo MOG OPALIN,
CTTTCGGTCTTGGGCG-1,11,Micro P2RY12 APBB1IP,0.9984560729522687,Micro P2RY12 APBB1IP,
GAAACCTAGAAATTCG-1,2,Oligo MOG OPALIN,0.9886422542073195,Astro AQP4 SLC1A2,
GAAACCTAGACAGCTG-1,18,InN VIP HS3ST3B1,0.9951831631339169,InN VIP HS3ST3B1,
GAAACCTCAACATCGT-1,7,L3-5 RORB TNNT2 PRRX1,0.860970529772047,Endo CLDN5 SLC7A5,
GAAACCTGTTATGTGC-1,19,PC P2RY14 GRM8,0.9996691533988867,PC P2RY14 GRM8,
GAAACCTTCCACAGGC-1,13,Endo CLDN5 SLC7A5,0.7658608855948255,Endo CLDN5 SLC7A5,
GAAACCTTCGGAGCAA-1,7,Endo CLDN5 SLC7A5,0.4294916332803529,Endo CLDN5 SLC7A5,
GAAATGACATACTTTC-1,9,Astro AQP4 SLC1A2,0.9929906863069468,Astro AQP4 SLC1A2,
GAAATGAGTCACCACG-1,0,Oligo MOG OPALIN,0.9998609067345399,Oligo MOG OPALIN,
GAAATGATCGCTAAAC-1,3,Endo CLDN5 SLC7A5,0.7406494387647017,Endo CLDN5 SLC7A5,
GAACACTAGTATAACG-1,6,Oligo MOG GSN,0.9999999967076989,Oligo MOG GSN,
GAACACTGTCATAAAG-1,12,OPC PDGFRA PCDH15,0.9999999999999991,OPC PDGFRA PCDH15,
GAACGTTAGTTGCTGT-1,6,Oligo MOG GSN,0.9649411765509175,Oligo MOG GSN,
GAACGTTGTTTGCAGT-1,12,OPC PDGFRA PCDH15,0.9999999999999993,OPC PDGFRA PCDH15,
GAACTGTAGAAAGTCT-1,1,Oligo MOG OPALIN,0.9999997467813562,Oligo MOG OPALIN,
GAACTGTAGAAGTCCG-1,4,L2-3 CUX2 NTNG1 PALMD,0.8225733330164868,Oligo MOG OPALIN,
GAACTGTAGTGGTGGT-1,18,InN VIP HS3ST3B1,0.999804687379651,InN VIP HS3ST3B1,
GAACTGTCACGCGTCA-1,9,Astro AQP4 SLC1A2,0.9958097449478156,Astro AQP4 SLC1A2,
GAAGAATTCTCTGAGA-1,8,Oligo MOG OPALIN,0.9991722640752089,Oligo MOG OPALIN,
GAAGCCCAGCCTCTGG-1,6,Oligo MOG GSN,0.9999983918003309,Oligo MOG GSN,
GAAGCCCCAGCTAACT-1,4,Oligo MOG OPALIN,0.7202756122113341,Oligo MOG OPALIN,
GAAGCGACACCCTGTT-1,7,Endo CLDN5 SLC7A5,0.9635832590110252,Endo CLDN5 SLC7A5,
GAAGCGACACGGATCC-1,20,Oligo MOG OPALIN,0.9996064565711272,Oligo MOG OPALIN,
GAAGCGAGTACGCTTA-1,14,InN SST STK32A,0.4797941853934475,InN SST FREM1,
GAAGCGAGTGTTACTG-1,22,Micro P2RY12 APBB1IP,0.9775540496862268,Micro P2RY12 APBB1IP,
GAAGCGATCAGAACCT-1,2,Astro AQP4 SLC1A2,0.983333107918449,Astro AQP4 SLC1A2,
GAAGGACCACATGGTT-1,1,Oligo MOG OPALIN,0.9951236055361977,Oligo MOG OPALIN,
GAAGGACGTGTGTGGA-1,1,Oligo MOG OPALIN,0.9738178093997601,Oligo MOG OPALIN,
GAAGGGTTCAGAGCAG-1,14,InN SST ADAMTSL1,0.5835155543116016,InN SST FREM1,
GAAGTAACAACAGCCC-1,9,Astro AQP4 SLC1A2,0.9485589173942137,Astro AQP4 SLC1A2,
GAAGTAAGTACGATCT-1,5,Astro AQP4 SLC1A2,0.9995432216928309,Astro AQP4 SLC1A2,
GAAGTAAGTAGAGGAA-1,15,L2-3 CUX2 NTNG1 PALMD,0.36939735918980615,Astro GFAP AQP1,
GAATCACTCATAGGCT-1,11,Micro P2RY12 APBB1IP,0.9986557573901207,Micro P2RY12 APBB1IP,
GAATCACTCGTTCTAT-1,4,Endo CLDN5 SLC7A5,0.6157517548368324,Oligo MOG OPALIN,
GAATCGTAGTAGCTCT-1,0,Oligo MOG OPALIN,0.9997280137141266,Oligo MOG OPALIN,
GAATCGTCAAATGAGT-1,3,L5 FEZF2 BCL11B POU3F1,0.9046745402750351,Endo CLDN5 SLC7A5,
GAATCGTGTGCAGTGA-1,7,L2-4 CUX2 RORB CLMN,0.3095581299912413,Endo CLDN5 SLC7A5,
GAATCGTTCTTTCGAT-1,14,InN SST HTR2C,0.9987329430809578,InN SST FREM1,
GACACGCAGACTCAAA-1,10,L6 OPRK1 SMYD1 KCND2,0.7773650373520603,L2-3 CUX2 ACVR1C THSD7A,
GACACGCCAGGCCTGT-1,3,Endo CLDN5 SLC7A5,0.6680828637515775,Endo CLDN5 SLC7A5,
GACACGCGTTTGTTGG-1,0,Oligo MOG OPALIN,0.9998781199480129,Oligo MOG OPALIN,
GACACGCTCCTTGACC-1,12,OPC PDGFRA PCDH15,1.0,OPC PDGFRA PCDH15,
GACAGCCAGAGCGACT-1,2,Astro AQP4 SLC1A2,0.8904726710106443,Astro AQP4 SLC1A2,
GACAGCCTCAGTCATG-1,2,L2-3 CUX2 NTNG1 PALMD,0.5439202005693721,Astro AQP4 SLC1A2,
GACATCAAGAGGTGCT-1,12,OPC PDGFRA PCDH15,0.9999999999999993,OPC PDGFRA PCDH15,
GACATCACAGTGACCC-1,13,Endo CLDN5 SLC7A5,0.4876119835769337,Endo CLDN5 SLC7A5,
GACATCAGTTGTATGC-1,5,Astro AQP4 SLC1A2,0.9008292944487019,Astro AQP4 SLC1A2,
GACCAATAGCTTGTGT-1,6,Oligo MOG GSN,0.999949524071856,Oligo MOG GSN,
GACCAATAGGTGCTTT-1,16,Endo CLDN5 SLC7A5,0.7986137152166857,Oligo MOG OPALIN,
GACCAATTCCACTGAA-1,1,Oligo MOG OPALIN,0.9996510683996999,Oligo MOG OPALIN,
GACCCAGAGGTGCTTT-1,11,OPC PDGFRA PCDH15,0.9996628415538774,Micro P2RY12 APBB1IP,
GACCCAGCACTTGGGC-1,5,Astro GFAP AQP1,0.8114739335316979,Astro AQP4 SLC1A2,
GACCCAGCAGACTCTA-1,15,Astro GFAP AQP1,0.9915392255871032,Astro GFAP AQP1,
GACCCAGGTATAGGGC-1,6,Oligo MOG OPALIN,0.9887778531984959,Oligo MOG GSN,
GACCCAGGTCGCTTGG-1,13,Endo CLDN5 SLC7A5,0.515422637785087,Endo CLDN5 SLC7A5,
GACCCAGGTCTCCCTA-1,2,Astro AQP4 SLC1A2,0.993651209372713,Astro AQP4 SLC1A2,
GACCCTTAGCTCAGAG-1,9,Astro AQP4 SLC1A2,0.9978720006176556,Astro AQP4 SLC1A2,
GACCCTTTCCTACCAC-1,2,InN SST FREM1,0.33513274178319685,Astro AQP4 SLC1A2,
GACCGTGAGAGCAGCT-1,13,Endo CLDN5 SLC7A5,0.9647554662383285,Endo CLDN5 SLC7A5,
GACCGTGAGATTGTGA-1,3,Endo CLDN5 SLC7A5,0.6149864388723458,Endo CLDN5 SLC7A5,
GACCGTGCATAACAGA-1,6,Oligo MOG GSN,0.9990184652368318,Oligo MOG GSN,
GACCGTGGTCAGGAGT-1,0,Oligo MOG OPALIN,0.9990769336649126,Oligo MOG OPALIN,
GACCGTGGTGGTCTCG-1,14,InN SST KLHL14,0.4788177965170098,InN SST FREM1,
GACCGTGTCCGATCGG-1,0,Oligo MOG OPALIN,0.9999442764062475,Oligo MOG OPALIN,
GACCTTCAGTCAGGGT-1,7,Oligo MOG OPALIN,0.9018161195102645,Endo CLDN5 SLC7A5,
GACCTTCCAGAAGCTG-1,0,Oligo MOG OPALIN,0.999867100672353,Oligo MOG OPALIN,
GACCTTCCAGACTGCC-1,2,Astro AQP4 SLC1A2,0.9921171336787028,Astro AQP4 SLC1A2,
GACCTTCGTAGCGTAG-1,17,InN PVALB PDE3A,0.9726965215887349,InN LAMP5 BMP7,
GACCTTCTCCTGGGAC-1,1,Oligo MOG OPALIN,0.9994412187391882,Oligo MOG OPALIN,
GACGCTGGTTACCCTC-1,7,L2-3 CUX2 NTNG1 PALMD,0.40988831587572877,Endo CLDN5 SLC7A5,
GACGCTGTCTTCTGTA-1,14,InN SST TRPC7,0.7092905094672697,InN SST FREM1,
GACGTTAAGTATGGAT-1,7,Endo CLDN5 SLC7A5,0.9574324525873962,Endo CLDN5 SLC7A5,
GACGTTAGTATAGGAT-1,5,Astro AQP4 SLC1A2,0.9897507143272535,Astro AQP4 SLC1A2,
GACGTTAGTCTCAGGC-1,7,Endo CLDN5 SLC7A5,0.7926569588461796,Endo CLDN5 SLC7A5,
GACTATGCATACTTTC-1,11,Micro P2RY12 APBB1IP,0.8746170240117543,Micro P2RY12 APBB1IP,
GACTATGGTACGATGG-1,1,Oligo MOG OPALIN,0.9999459191898258,Oligo MOG OPALIN,
GACTCAAAGCAACAAT-1,11,Micro P2RY12 APBB1IP,0.9673793079614489,Micro P2RY12 APBB1IP,
GACTCAACATCGGATT-1,0,Oligo MOG OPALIN,0.9998617282819047,Oligo MOG OPALIN,
GACTCAATCACCTTGC-1,3,Endo CLDN5 SLC7A5,0.47321305400942487,Endo CLDN5 SLC7A5,
GACTCTCAGCGCCTCA-1,16,Oligo MOG OPALIN,0.9688527848418491,Oligo MOG OPALIN,
GACTCTCAGTCGAATA-1,4,Endo CLDN5 SLC7A5,0.9568618893398501,Oligo MOG OPALIN,
GACTCTCGTGAGTAAT-1,7,Endo CLDN5 SLC7A5,0.6518008208317173,Endo CLDN5 SLC7A5,
GACTCTCGTTCAGCTA-1,9,Astro AQP4 SLC1A2,0.9987504146206099,Astro AQP4 SLC1A2,
GACTCTCGTTCCAAAC-1,13,Endo CLDN5 SLC7A5,0.9794136385044162,Endo CLDN5 SLC7A5,
GACTCTCTCCCGAGAC-1,7,Endo CLDN5 SLC7A5,0.7442161597051472,Endo CLDN5 SLC7A5,
GACTGATAGCGACAGT-1,2,Astro AQP4 SLC1A2,0.9936521572474517,Astro AQP4 SLC1A2,
GACTGATCAGGCACAA-1,0,Oligo MOG OPALIN,0.9993798001283815,Oligo MOG OPALIN,
GACTGATGTCGCGTCA-1,1,Oligo MOG OPALIN,0.9999929015053266,Oligo MOG OPALIN,
GACTTCCAGTTTCGAC-1,8,Oligo MOG OPALIN,0.9999381184950237,Oligo MOG OPALIN,
GACTTCCGTTACCCTC-1,19,PC P2RY14 GRM8,0.9998082940673891,PC P2RY14 GRM8,
GACTTCCTCAAGTAAG-1,6,Oligo MOG GSN,0.9988581619906193,Oligo MOG GSN,
GAGAAATCAAAGGCAC-1,1,Oligo MOG OPALIN,0.9862316107084599,Oligo MOG OPALIN,
GAGAAATCACACCTGG-1,14,InN SST ADAMTSL1,0.9854564278906114,InN SST FREM1,
GAGACCCAGTGGTTGG-1,2,Astro AQP4 SLC1A2,0.8475356493347362,Astro AQP4 SLC1A2,
GAGACCCCAGTTCACA-1,3,Endo CLDN5 SLC7A5,0.8774864449720146,Endo CLDN5 SLC7A5,
GAGACTTAGAGGCTGT-1,1,Oligo MOG OPALIN,0.9999321025749998,Oligo MOG OPALIN,
GAGACTTCAGGCCCTA-1,16,L2-3 CUX2 NTNG1 PALMD,0.3084360511280913,Oligo MOG OPALIN,
GAGACTTTCGTGAGAG-1,9,Astro AQP4 SLC1A2,0.9559815593952377,Astro AQP4 SLC1A2,
GAGAGGTTCTGAGATC-1,5,Astro AQP4 SLC1A2,0.9992194724574196,Astro AQP4 SLC1A2,
GAGATGGAGACCTCCG-1,15,Astro GFAP AQP1,0.9055683497001709,Astro GFAP AQP1,
GAGCCTGAGCAGGTCA-1,13,L2-3 CUX2 NTNG1 PALMD,0.6627938530133705,Endo CLDN5 SLC7A5,
GAGCCTGCAACAAGAT-1,9,Astro AQP4 SLC1A2,0.9067752041613674,Astro AQP4 SLC1A2,
GAGCCTGCACAGCATT-1,6,Oligo MOG GSN,0.9999815442728226,Oligo MOG GSN,
GAGCCTGCAGCGCGTT-1,9,Astro AQP4 SLC1A2,0.9996962181262703,Astro AQP4 SLC1A2,
GAGCTGCAGAATAGTC-1,4,Endo CLDN5 SLC7A5,0.7358620125130445,Oligo MOG OPALIN,
GAGCTGCGTGGAAGTC-1,6,Oligo MOG GSN,0.9999854211564776,Oligo MOG GSN,
GAGCTGCTCGTTCATT-1,0,Oligo MOG OPALIN,0.9997027410653179,Oligo MOG OPALIN,
GAGCTGCTCTTAGGAC-1,0,Oligo MOG OPALIN,0.9999542588163195,Oligo MOG OPALIN,
GAGGCAAGTTCCCAAA-1,10,L6 FEZF2 NPFFR2 KCNK2,0.8035609540434205,L2-3 CUX2 ACVR1C THSD7A,
GAGGCAATCGACCATA-1,0,Oligo MOG OPALIN,0.9999896378348941,Oligo MOG OPALIN,
GAGGCCTAGTTGTACC-1,8,Oligo MOG OPALIN,0.9998729615119796,Oligo MOG OPALIN,
GAGGCCTCATCAGCAT-1,2,Astro AQP4 SLC1A2,0.9519317444643073,Astro AQP4 SLC1A2,
GAGGCCTGTCATGACT-1,7,Oligo MOG OPALIN,0.8068110884346968,Endo CLDN5 SLC7A5,
GAGGCCTGTGTCCACG-1,3,Endo CLDN5 SLC7A5,0.6743794569843138,Endo CLDN5 SLC7A5,
GAGGCCTGTTGGGACA-1,11,Micro P2RY12 APBB1IP,0.9881149524922169,Micro P2RY12 APBB1IP,
GAGGGTAAGTGAGGCT-1,10,L5 FEZF2 BCL11B POU3F1,0.9846196147865773,L2-3 CUX2 ACVR1C THSD7A,
GAGGGTACAAATAAGC-1,18,InN VIP HS3ST3B1,0.9998242169687883,InN VIP HS3ST3B1,
GAGGGTACACGAGGAT-1,13,L6 OPRK1 SMYD1 KCND2,0.36910251170893676,Endo CLDN5 SLC7A5,
GAGGGTACATCGTGGC-1,9,Astro AQP4 SLC1A2,0.9998365452696066,Astro AQP4 SLC1A2,
GAGGGTAGTGCAGATG-1,0,Oligo MOG OPALIN,0.9994928502928443,Oligo MOG OPALIN,
GAGGGTAGTTCGGACC-1,7,Endo CLDN5 SLC7A5,0.5270823476502754,Endo CLDN5 SLC7A5,
GAGGGTATCCCGAGTG-1,1,Oligo MOG OPALIN,0.9999916033585358,Oligo MOG OPALIN,
GAGTCATAGTGCGCTC-1,0,Oligo MOG OPALIN,0.9994502889725138,Oligo MOG OPALIN,
GAGTCTACATCTCAAG-1,18,InN VIP CLSTN2,0.9827287928789485,InN VIP HS3ST3B1,
GAGTCTATCCAAAGGG-1,6,Oligo MOG OPALIN,0.7642132608071576,Oligo MOG GSN,
GAGTCTATCTATCGTT-1,4,Oligo MOG OPALIN,0.4178041396905701,Oligo MOG OPALIN,
GAGTGAGAGGGTACAC-1,0,Oligo MOG OPALIN,0.9999557412688759,Oligo MOG OPALIN,
GAGTGAGGTTGGATCT-1,11,Micro P2RY12 APBB1IP,0.911423935124852,Micro P2RY12 APBB1IP,
GAGTGAGTCCTCTCTT-1,1,Oligo MOG OPALIN,0.9982983825244743,Oligo MOG OPALIN,
GAGTGTTGTACAGTAA-1,2,Astro AQP4 SLC1A2,0.9964640451410995,Astro AQP4 SLC1A2,
GAGTTACCATAGGCGA-1,10,L3-5 RORB MKX DCC,0.9974846991088195,L2-3 CUX2 ACVR1C THSD7A,
GAGTTACGTCTCACGG-1,12,OPC PDGFRA PCDH15,1.0,OPC PDGFRA PCDH15,
GAGTTACGTGCCGGTT-1,17,InN LAMP5 LHX6 TAC1,0.8344644983676379,InN LAMP5 BMP7,
GAGTTGTAGTAAACTG-1,3,Endo CLDN5 SLC7A5,0.8876637870765375,Endo CLDN5 SLC7A5,
GAGTTGTAGTGTGTTC-1,9,Astro AQP4 SLC1A2,0.9999834103892214,Astro AQP4 SLC1A2,
GAGTTTGAGCATGGGT-1,1,Oligo MOG OPALIN,0.999971915509973,Oligo MOG OPALIN,
GAGTTTGAGCGCACAA-1,0,Oligo MOG OPALIN,0.9998796397040216,Oligo MOG OPALIN,
GAGTTTGGTACTGGGA-1,18,InN VIP HS3ST3B1,0.7174712872517427,InN VIP HS3ST3B1,
GAGTTTGTCCACAGCG-1,3,Endo CLDN5 SLC7A5,0.8012041445861672,Endo CLDN5 SLC7A5,
GAGTTTGTCGATGCTA-1,1,Oligo MOG OPALIN,0.9998826001991856,Oligo MOG OPALIN,
GAGTTTGTCTCTTAAC-1,8,Oligo MOG OPALIN,0.7351738741177246,Oligo MOG OPALIN,
GATAGCTTCGCGTTTC-1,20,Oligo MOG OPALIN,0.9999401976918094,Oligo MOG OPALIN,
GATCACACAGCCGGTT-1,3,Endo CLDN5 SLC7A5,0.5996096682341333,Endo CLDN5 SLC7A5,
GATCACAGTCATGGCC-1,6,Oligo MOG OPALIN,0.45338731100594853,Oligo MOG GSN,
GATCAGTTCGTAGGAG-1,5,Astro AQP4 SLC1A2,0.9998839688809072,Astro AQP4 SLC1A2,
GATCATGCAGTTCTAG-1,9,Astro AQP4 SLC1A2,0.9633535146536076,Astro AQP4 SLC1A2,
GATCCCTGTAATACCC-1,0,Oligo MOG OPALIN,0.9995917304913302,Oligo MOG OPALIN,
GATCCCTGTTGCTCGG-1,18,InN VIP HS3ST3B1,0.9998305849671107,InN VIP HS3ST3B1,
GATCCCTTCGGAAGGT-1,10,L6 OPRK1 SMYD1 KCND2,0.9910521251520484,L2-3 CUX2 ACVR1C THSD7A,
GATCCCTTCGTAGGAG-1,4,Endo CLDN5 SLC7A5,0.5388019102876308,Oligo MOG OPALIN,
GATCGTAAGCGTATGG-1,24,Endo CLDN5 SLC7A5,0.9474576757404652,Endo CLDN5 SLC7A5,
GATCGTAAGGACAACC-1,0,Oligo MOG OPALIN,0.9998390420982348,Oligo MOG OPALIN,
GATCGTAAGTTGGAAT-1,12,OPC PDGFRA PCDH15,0.9999999999999998,OPC PDGFRA PCDH15,
GATCGTATCAAGGTGG-1,3,L5 FEZF2 BCL11B POU3F1,0.9551576056210991,Endo CLDN5 SLC7A5,
GATGACTTCGCATGAT-1,8,Oligo MOG OPALIN,0.9987474357454704,Oligo MOG OPALIN,
GATGAGGGTAACAGTA-1,1,Oligo MOG OPALIN,0.9998508906834463,Oligo MOG OPALIN,
GATGAGGGTCCGATCG-1,0,Oligo MOG OPALIN,0.9999674423844277,Oligo MOG OPALIN,
GATGAGGTCAAATAGG-1,1,Oligo MOG OPALIN,0.9997847173492017,Oligo MOG OPALIN,
GATGAGGTCATTTGTC-1,12,OPC PDGFRA PCDH15,0.9999999999999973,OPC PDGFRA PCDH15,
GATGAGGTCTCCCATG-1,8,Oligo MOG OPALIN,0.9225942416771465,Oligo MOG OPALIN,
GATGAGGTCTCTGGTC-1,2,Astro AQP4 SLC1A2,0.9370165370921691,Astro AQP4 SLC1A2,
GATGATCAGCCTGAGA-1,12,OPC PDGFRA PCDH15,0.9999999999999765,OPC PDGFRA PCDH15,
GATGATCAGGTCACTT-1,7,Endo CLDN5 SLC7A5,0.4066359047067632,Endo CLDN5 SLC7A5,
GATGATCCACAAAGCG-1,1,Oligo MOG OPALIN,0.9995889129973642,Oligo MOG OPALIN,
GATGATCCACACAGCC-1,11,Micro P2RY12 CCL3,0.3415095610703158,Micro P2RY12 APBB1IP,
GATGCTAAGGGTCTTT-1,7,Endo CLDN5 SLC7A5,0.39410052172140003,Endo CLDN5 SLC7A5,
GATGCTATCCTAGCGG-1,4,Endo CLDN5 SLC7A5,0.8252016769202759,Oligo MOG OPALIN,
GATGGAGTCACACCGG-1,5,Astro AQP4 SLC1A2,0.9987121101227511,Astro AQP4 SLC1A2,
GATGGAGTCGTTCCTG-1,10,L6 FEZF2 SYT6 PTPRT,0.6541967585374475,L2-3 CUX2 ACVR1C THSD7A,
GATGTTGAGGCAGGGA-1,19,PC P2RY14 GRM8,0.9999804452451988,PC P2RY14 GRM8,
GATGTTGGTTGGGTTT-1,3,Endo CLDN5 SLC7A5,0.5669332521147686,Endo CLDN5 SLC7A5,
GATGTTGGTTTGTGGT-1,5,Astro AQP4 SLC1A2,0.623589013078161,Astro AQP4 SLC1A2,
GATTCGAAGCAGAAAG-1,13,Endo CLDN5 SLC7A5,0.8381903528241123,Endo CLDN5 SLC7A5,
GATTCGACAGCGGATA-1,0,Oligo MOG OPALIN,0.9920190004152415,Oligo MOG OPALIN,
GATTCGAGTTATGGTC-1,18,InN VIP MEGF11 LHFP,0.9073247673653314,InN VIP HS3ST3B1,
GATTCTTAGGTCTACT-1,5,Astro AQP4 SLC1A2,0.9996908629406511,Astro AQP4 SLC1A2,
GATTCTTTCTCTGCCA-1,8,Oligo MOG OPALIN,0.9220656278201871,Oligo MOG OPALIN,
GATTGGTAGGAACTCG-1,4,Oligo MOG OPALIN,0.9920183173366214,Oligo MOG OPALIN,
GATTGGTCAAGGTCAG-1,1,Oligo MOG OPALIN,0.9999407564259216,Oligo MOG OPALIN,
GATTGGTCAATTCGTG-1,14,InN SST FREM1,0.995888972695774,InN SST FREM1,
GATTGGTCACTCCGGA-1,0,Oligo MOG OPALIN,0.9508981722649879,Oligo MOG OPALIN,
GATTGGTGTAGACAGC-1,2,Astro AQP4 SLC1A2,0.9776316823582053,Astro AQP4 SLC1A2,
GATTGGTTCTATCACT-1,23,Endo CLDN5 SLC7A5,0.3616675773908472,Endo CLDN5 SLC7A5,
GATTTCTAGCCAGTAG-1,1,Oligo MOG OPALIN,0.9999985074338218,Oligo MOG OPALIN,
GATTTCTCAAGGGCAT-1,4,Oligo MOG OPALIN,0.9273639528200902,Oligo MOG OPALIN,
GATTTCTCATAGCACT-1,1,Oligo MOG OPALIN,0.9920323042367856,Oligo MOG OPALIN,
GATTTCTTCGTCACCT-1,4,Endo CLDN5 SLC7A5,0.6955420598407208,Oligo MOG OPALIN,
GCAACATTCACCTTAT-1,8,Oligo MOG OPALIN,0.9994585822985586,Oligo MOG OPALIN,
GCAACATTCTAGATCG-1,3,Endo CLDN5 SLC7A5,0.5802090392288107,Endo CLDN5 SLC7A5,
GCAACCGCAAGACCGA-1,2,Astro AQP4 SLC1A2,0.9530669697094799,Astro AQP4 SLC1A2,
GCAACCGGTGCATTAC-1,12,OPC PDGFRA PCDH15,0.9999999999999993,OPC PDGFRA PCDH15,
GCACATAAGCGTTCCG-1,4,Oligo MOG OPALIN,0.9727622394851193,Oligo MOG OPALIN,
GCACGGTCATCGTTCC-1,4,Oligo MOG OPALIN,0.9080611940830713,Oligo MOG OPALIN,
GCACGTGCAGGTCAGA-1,9,Astro AQP4 SLC1A2,0.9972362395462843,Astro AQP4 SLC1A2,
GCACGTGCATTGTAGC-1,0,Oligo MOG OPALIN,0.9999787662751027,Oligo MOG OPALIN,
GCACGTGTCCTTATCA-1,11,Micro P2RY12 APBB1IP,0.751415580654347,Micro P2RY12 APBB1IP,
GCACGTGTCGAGAGAC-1,7,L2-3 CUX2 ACVR1C INHBA,0.7666043136026578,Endo CLDN5 SLC7A5,
GCACGTGTCGGCTCTT-1,1,Oligo MOG OPALIN,0.9999471454891133,Oligo MOG OPALIN,
GCACTAAAGCAGATAT-1,18,InN VIP MEGF11 LHFP,0.8676194813198789,InN VIP HS3ST3B1,
GCACTAAAGGCAGGTT-1,7,Oligo MOG OPALIN,0.4337318150622231,Endo CLDN5 SLC7A5,
GCACTAAAGTCAGGGT-1,12,OPC PDGFRA PCDH15,0.9999999999960085,OPC PDGFRA PCDH15,
GCACTAATCACCTGTC-1,0,Oligo MOG OPALIN,0.9992097940456882,Oligo MOG OPALIN,
GCACTAATCTCGACGG-1,5,Astro AQP4 SLC1A2,0.9999947205237747,Astro AQP4 SLC1A2,
GCAGCCACAAGCCATT-1,5,Astro AQP4 SLC1A2,0.8499065635314221,Astro AQP4 SLC1A2,
GCAGCCATCGTCCATC-1,1,Oligo MOG OPALIN,0.9858918555894771,Oligo MOG OPALIN,
GCAGCTGCAAGCCTGC-1,0,Oligo MOG OPALIN,0.9999779415251069,Oligo MOG OPALIN,
GCAGCTGCATTGGGAG-1,0,Oligo MOG OPALIN,0.9999629342485511,Oligo MOG OPALIN,
GCAGCTGTCTCGTGGG-1,0,Oligo MOG OPALIN,0.9999134840841061,Oligo MOG OPALIN,
GCAGGCTTCATCTACT-1,2,Astro AQP4 SLC1A2,0.9584999415891317,Astro AQP4 SLC1A2,
GCAGGCTTCTTAATCC-1,4,Oligo MOG OPALIN,0.9828860351145488,Oligo MOG OPALIN,
GCAGTTAGTACGATTC-1,17,InN LAMP5 BMP7,0.930103166268128,InN LAMP5 BMP7,
GCAGTTAGTGGCAGAT-1,6,Oligo MOG GSN,0.9999997564980101,Oligo MOG GSN,
GCATCGGAGACAAGCC-1,3,Endo CLDN5 SLC7A5,0.9725709618275594,Endo CLDN5 SLC7A5,
GCATCGGAGCTAGTTC-1,10,L2-3 CUX2 ACVR1C THSD7A,0.8939568439297886,L2-3 CUX2 ACVR1C THSD7A,
GCATCGGAGGGCAGTT-1,6,Oligo MOG GSN,0.9999988172625638,Oligo MOG GSN,
GCATCGGAGTAGCTCT-1,0,Oligo MOG OPALIN,0.999985505051687,Oligo MOG OPALIN,
GCATCGGCAATCGCCG-1,9,Astro AQP4 SLC1A2,0.9002008910980228,Astro AQP4 SLC1A2,
GCATCGGCATCATTTC-1,2,Astro AQP4 SLC1A2,0.9171677182938084,Astro AQP4 SLC1A2,
GCATCTCCAGACCGCT-1,14,InN SST STK32A,0.991012911779687,InN SST FREM1,
GCATCTCGTGACTCGC-1,1,Oligo MOG OPALIN,0.9986572390646931,Oligo MOG OPALIN,
GCATGATCAAGGTCTT-1,1,Oligo MOG OPALIN,0.9999595073830724,Oligo MOG OPALIN,
GCATGATGTATTCTCT-1,9,Astro AQP4 SLC1A2,0.999522683555056,Astro AQP4 SLC1A2,
GCATGATGTGAGATCG-1,0,Oligo MOG OPALIN,0.9971905015930048,Oligo MOG OPALIN,
GCATGATTCGTAGCTA-1,1,Oligo MOG OPALIN,0.9999646179269384,Oligo MOG OPALIN,
GCATTAGAGGTTCTTG-1,7,L3-5 RORB MKX GALR1,0.6886078881005815,Endo CLDN5 SLC7A5,
GCATTAGAGTGAGTGC-1,10,L3-5 RORB GABRG1 PLCH1,0.8758667235891543,L2-3 CUX2 ACVR1C THSD7A,
GCATTAGCAAAGAACT-1,7,Endo CLDN5 SLC7A5,0.7592475952542143,Endo CLDN5 SLC7A5,
GCATTAGCAGCAGGAT-1,17,InN SST NPY,0.9989844098222457,InN LAMP5 BMP7,
GCATTAGGTATCGGTT-1,0,Oligo MOG OPALIN,0.9982661070369471,Oligo MOG OPALIN,
GCATTAGGTGGGTATG-1,18,InN VIP FREM2,0.9603735683153078,InN VIP HS3ST3B1,
GCCAACGCAATGACCT-1,4,Oligo MOG OPALIN,0.7913435993224411,Oligo MOG OPALIN,
GCCAACGCATGCGGTC-1,1,Oligo MOG OPALIN,0.9998538327846341,Oligo MOG OPALIN,
GCCAGCAAGGAAGAAC-1,8,Oligo MOG OPALIN,0.5425605749195879,Oligo MOG OPALIN,
GCCAGCACAAATGCTC-1,6,Oligo MOG GSN,0.9967738930067833,Oligo MOG GSN,
GCCAGCACATCCGGTG-1,6,Oligo MOG OPALIN,0.999993936138811,Oligo MOG GSN,
GCCAGCAGTAACATGA-1,3,Endo CLDN5 SLC7A5,0.5875242011014746,Endo CLDN5 SLC7A5,
GCCAGCAGTGCTAGCC-1,1,Oligo MOG OPALIN,0.9996082266899516,Oligo MOG OPALIN,
GCCAGGTAGGAACGCT-1,1,Oligo MOG OPALIN,0.9999182776043426,Oligo MOG OPALIN,
GCCAGGTAGGACTTCT-1,2,Oligo MOG OPALIN,0.9305316774783321,Astro AQP4 SLC1A2,
GCCAGGTAGGCTATCT-1,6,Oligo MOG OPALIN,0.9980383764225509,Oligo MOG GSN,
GCCAGGTCAAGTCATC-1,0,Oligo MOG OPALIN,0.9999452239751404,Oligo MOG OPALIN,
GCCAGGTCAGAAGTTA-1,1,Oligo MOG OPALIN,0.9999303277074492,Oligo MOG OPALIN,
GCCAGGTTCAACACCA-1,7,L3-5 RORB MKX GRIN3A,0.6739268271685811,Endo CLDN5 SLC7A5,
GCCAGTGCATAGTCAC-1,2,Astro AQP4 SLC1A2,0.9741742326624948,Astro AQP4 SLC1A2,
GCCAGTGGTAGGACTG-1,7,Endo CLDN5 SLC7A5,0.8310000549938263,Endo CLDN5 SLC7A5,
GCCATTCAGAGGGTAA-1,13,Endo CLDN5 SLC7A5,0.8879462273028307,Endo CLDN5 SLC7A5,
GCCATTCGTTGTGTTG-1,14,InN SST FREM1,0.9984337000808817,InN SST FREM1,
GCCCAGACAGCGCTTG-1,3,Oligo MOG OPALIN,0.9293134495653497,Endo CLDN5 SLC7A5,
GCCCAGATCGTAATGC-1,14,InN SST PLPP4,0.9895841800492,InN SST FREM1,
GCCCGAAAGTAGACCG-1,1,Oligo MOG OPALIN,0.999943192513337,Oligo MOG OPALIN,
GCCGATGAGAGGGTAA-1,0,Oligo MOG OPALIN,0.999528100976908,Oligo MOG OPALIN,
GCCGATGAGATAGCAT-1,17,InN PVALB SYT2,0.9934515147517693,InN LAMP5 BMP7,
GCCGATGCACGACGAA-1,1,Oligo MOG OPALIN,0.999743343678251,Oligo MOG OPALIN,
GCCGATGGTACAGAGC-1,0,Oligo MOG OPALIN,0.9999059147942595,Oligo MOG OPALIN,
GCCGTGAAGTGGAAGA-1,17,InN PVALB HPSE,0.9999779753083509,InN LAMP5 BMP7,
GCCGTGACAACTCCCT-1,14,InN SST ADAMTSL1,0.9604056619993943,InN SST FREM1,
GCCGTGACACTGGAAG-1,1,Oligo MOG OPALIN,0.9994476638040561,Oligo MOG OPALIN,
GCCGTGAGTACCCGCA-1,1,Oligo MOG OPALIN,0.9999532700924298,Oligo MOG OPALIN,
GCCTGTTCAATTTCTC-1,11,Micro P2RY12 APBB1IP,0.9965815171700154,Micro P2RY12 APBB1IP,
GCCTGTTTCACCGACG-1,4,L2-3 CUX2 NTNG1 PALMD,0.7521283749316301,Oligo MOG OPALIN,
GCGAGAACAGCTGTGC-1,11,Micro P2RY12 APBB1IP,0.9997227668568831,Micro P2RY12 APBB1IP,
GCGAGAACATAACTCG-1,13,Endo CLDN5 SLC7A5,0.9711929789465849,Endo CLDN5 SLC7A5,
GCGAGAATCGAGAAGC-1,4,Endo CLDN5 SLC7A5,0.9286006299950782,Oligo MOG OPALIN,
GCGATCGAGCGACTGA-1,12,OPC PDGFRA PCDH15,0.9999999999987967,OPC PDGFRA PCDH15,
GCGATCGCATCTTTCA-1,1,Oligo MOG OPALIN,0.9999740009407176,Oligo MOG OPALIN,
GCGATCGGTAGGTACG-1,7,Endo CLDN5 SLC7A5,0.5180806351370939,Endo CLDN5 SLC7A5,
GCGATCGGTTCACCGG-1,3,Oligo MOG OPALIN,0.6332954275400489,Endo CLDN5 SLC7A5,
GCGATCGGTTGAGGAC-1,10,L6 OPRK1 THEMIS RGS6,0.9927991006480144,L2-3 CUX2 ACVR1C THSD7A,
GCGATCGTCTTGCAAG-1,2,Astro AQP4 SLC1A2,0.6609685131302557,Astro AQP4 SLC1A2,
GCGGAAAGTATGGAGC-1,5,Astro AQP4 SLC1A2,0.9995461082356992,Astro AQP4 SLC1A2,
GCGGATCAGCAATAAC-1,3,Endo CLDN5 SLC7A5,0.45522813695930747,Endo CLDN5 SLC7A5,
GCGGATCAGCCGATAG-1,2,Astro AQP4 SLC1A2,0.6639806541680056,Astro AQP4 SLC1A2,
GCGGATCCAGGCTTGC-1,6,Oligo MOG GSN,0.9999999794096535,Oligo MOG GSN,
GCGGATCGTGCGGTAA-1,3,L2-3 CUX2 NTNG1 PALMD,0.9615586509121293,Endo CLDN5 SLC7A5,
GCGGATCTCCATAGAC-1,5,Astro AQP4 SLC1A2,0.9874264470590576,Astro AQP4 SLC1A2,
GCGGATCTCCGATCGG-1,16,Endo CLDN5 SLC7A5,0.3558827194360827,Oligo MOG OPALIN,
GCGTGCAAGTGCGTCC-1,11,Micro P2RY12 APBB1IP,0.93399610533609,Micro P2RY12 APBB1IP,
GCGTGCATCAGCTAGT-1,2,Astro AQP4 SLC1A2,0.45542928642414354,Astro AQP4 SLC1A2,
GCGTGCATCTGGTTGA-1,3,Endo CLDN5 SLC7A5,0.6712956866140483,Endo CLDN5 SLC7A5,
GCGTTTCCAATAGTGA-1,9,Astro AQP4 SLC1A2,0.9994632690694304,Astro AQP4 SLC1A2,
GCTACAAAGCTAAACA-1,12,OPC PDGFRA PCDH15,0.999999132600763,OPC PDGFRA PCDH15,
GCTACAACACAGCATT-1,2,Astro AQP4 SLC1A2,0.9845864743552463,Astro AQP4 SLC1A2,
GCTACAACATATGCGT-1,3,Oligo MOG OPALIN,0.6490516777822645,Endo CLDN5 SLC7A5,
GCTACAATCTTCCAGC-1,1,Oligo MOG OPALIN,0.9998293429804821,Oligo MOG OPALIN,
GCTACCTCACATAACC-1,4,Endo CLDN5 SLC7A5,0.531585356695538,Oligo MOG OPALIN,
GCTACCTGTAACGCGA-1,15,Astro GFAP AQP1,0.7154570401939205,Astro GFAP AQP1,
GCTACCTGTGCATTTG-1,5,Astro AQP4 SLC1A2,0.971378129474986,Astro AQP4 SLC1A2,
GCTACCTTCGCATTAG-1,7,Endo CLDN5 SLC7A5,0.4366676529140339,Endo CLDN5 SLC7A5,
GCTACCTTCTCATGCC-1,4,Endo CLDN5 SLC7A5,0.5073401991117507,Oligo MOG OPALIN,
GCTCAAAAGCACTAAA-1,17,InN LAMP5 LHX6 TAC1,0.991200240536018,InN LAMP5 BMP7,
GCTCAAAAGCCTCTCT-1,5,Astro AQP4 SLC1A2,0.9410349599357442,Astro AQP4 SLC1A2,
GCTCAAAAGGGAGGCA-1,10,L6 OPRK1 THEMIS RGS6,0.9990877654101793,L2-3 CUX2 ACVR1C THSD7A,
GCTGAATGTATGCTTG-1,5,Astro AQP4 SLC1A2,0.9906069395931526,Astro AQP4 SLC1A2,
GCTGAATGTCGAAGCA-1,23,Endo CLDN5 SLC7A5,0.7975998280438547,Endo CLDN5 SLC7A5,
GCTGAATTCGGTCATA-1,7,Endo CLDN5 SLC7A5,0.6743664161429186,Endo CLDN5 SLC7A5,
GCTGCAGAGCAACTCT-1,2,Astro AQP4 SLC1A2,0.6521165596686014,Astro AQP4 SLC1A2,
GCTGCAGGTTTACGTG-1,10,L6 OPRK1 THEMIS RGS6,0.949942749789898,L2-3 CUX2 ACVR1C THSD7A,
GCTGGGTGTCAATGGG-1,13,L2-3 CUX2 NTNG1 PALMD,0.3145530464224039,Endo CLDN5 SLC7A5,
GCTGGGTTCCCTTGGT-1,0,Oligo MOG OPALIN,0.9994646397537049,Oligo MOG OPALIN,
GCTTCACGTTGTATGC-1,14,InN SST STK32A,0.9513482177877808,InN SST FREM1,
GCTTTCGAGTTTGGCT-1,8,Oligo MOG OPALIN,0.99454685522105,Oligo MOG OPALIN,
GCTTTCGCAAATCAGA-1,18,InN VIP HS3ST3B1,0.9935443859691319,InN VIP HS3ST3B1,
GGAACCCGTCTTCAAG-1,24,Endo CLDN5 SLC7A5,0.9991683381781343,Endo CLDN5 SLC7A5,
GGAACCCTCCGCACTT-1,3,Endo CLDN5 SLC7A5,0.3515991763894316,Endo CLDN5 SLC7A5,
GGAACCCTCTTGGTGA-1,4,Endo CLDN5 SLC7A5,0.977661527758338,Oligo MOG OPALIN,
GGAAGTGAGATGTTAG-1,15,Astro GFAP AQP1,0.9983674082978199,Astro GFAP AQP1,
GGAAGTGGTCAGTCCG-1,20,Astro AQP4 SLC1A2,0.7578655549022018,Oligo MOG OPALIN,
GGAAGTGTCCACTAGA-1,1,Oligo MOG OPALIN,0.9985746164953042,Oligo MOG OPALIN,
GGAATCTTCGGAGCAA-1,7,Oligo MOG OPALIN,0.6923349252286122,Endo CLDN5 SLC7A5,
GGAATGGAGCTTAGTC-1,1,Oligo MOG OPALIN,0.9985484484184012,Oligo MOG OPALIN,
GGAATGGCACTACCGG-1,20,Oligo MOG OPALIN,0.6766612410590519,Oligo MOG OPALIN,
GGAATGGCATAACGGG-1,1,Oligo MOG OPALIN,0.9844477971821012,Oligo MOG OPALIN,
GGAATGGTCGCTCATC-1,15,Astro GFAP AQP1,0.9977152480463647,Astro GFAP AQP1,
GGACGTCAGCTAAGTA-1,4,Endo CLDN5 SLC7A5,0.4314629450748172,Oligo MOG OPALIN,
GGACGTCAGGTTGGAC-1,11,Micro P2RY12 APBB1IP,0.9998858408551745,Micro P2RY12 APBB1IP,
GGACGTCCAGGTCCCA-1,11,Micro P2RY12 APBB1IP,0.9391531811755834,Micro P2RY12 APBB1IP,
GGAGAACAGGTACATA-1,17,InN PVALB SYT2,0.7997150630536995,InN LAMP5 BMP7,
GGAGAACTCAGACTGT-1,0,Oligo MOG GSN,0.912318621816518,Oligo MOG OPALIN,
GGAGATGTCGTTATCT-1,16,L3-5 RORB MKX GRIN3A,0.8795980248360389,Oligo MOG OPALIN,
GGAGATGTCTTGGTGA-1,15,Astro GFAP AQP1,0.7531600229530043,Astro GFAP AQP1,
GGAGCAAAGCGCCTCA-1,2,Astro AQP4 SLC1A2,0.7582572723362893,Astro AQP4 SLC1A2,
GGAGCAAGTGCTGCAC-1,16,L3-5 RORB MKX GRIN3A,0.5182854126204685,Oligo MOG OPALIN,
GGAGCAATCGCCAGTG-1,0,Oligo MOG OPALIN,0.9998564663213342,Oligo MOG OPALIN,
GGAGGATTCGGAGTAG-1,8,Oligo MOG OPALIN,0.9999985325555771,Oligo MOG OPALIN,
GGAGGTACAGGTCCCA-1,2,Oligo MOG OPALIN,0.36481497254079737,Astro AQP4 SLC1A2,
GGAGGTAGTCACCCTT-1,9,Astro AQP4 SLC1A2,0.9462040824943647,Astro AQP4 SLC1A2,
GGATCTACAATGAAAC-1,1,Oligo MOG OPALIN,0.9998878102077874,Oligo MOG OPALIN,
GGATCTACAGAAATCA-1,2,Astro AQP4 SLC1A2,0.7646575454406995,Astro AQP4 SLC1A2,
GGATCTAGTATGTCAC-1,21,PC P2RY14 GRM8,0.955143055393862,PC P2RY14 GRM8,
GGATCTATCGACCACG-1,3,Endo CLDN5 SLC7A5,0.6299315333903369,Endo CLDN5 SLC7A5,
GGATGTTAGACGAAGA-1,0,Oligo MOG OPALIN,0.9996480824040472,Oligo MOG OPALIN,
GGATGTTCACTGAGGA-1,2,Astro AQP4 SLC1A2,0.6967732600527262,Astro AQP4 SLC1A2,
GGATGTTCAGCAGACA-1,13,Oligo MOG OPALIN,0.9794439211504884,Endo CLDN5 SLC7A5,
GGATGTTCAGCCGGTT-1,4,Endo CLDN5 SLC7A5,0.7141214205607741,Oligo MOG OPALIN,
GGATGTTGTGGTCTAT-1,3,Endo CLDN5 SLC7A5,0.42678032557205753,Endo CLDN5 SLC7A5,
GGCACGTAGAGTTGCG-1,6,Oligo MOG GSN,0.9517454568011158,Oligo MOG GSN,
GGCACGTCATCTCGTC-1,10,L3-5 RORB GABRG1 PTPRO,0.662605992506481,L2-3 CUX2 ACVR1C THSD7A,
GGCAGTCGTACTGACT-1,0,Oligo MOG OPALIN,0.9999944292958141,Oligo MOG OPALIN,
GGCAGTCTCCTCAGGG-1,14,InN SST TRPC7,0.9909005856556367,InN SST FREM1,
GGCAGTCTCTAGACAC-1,0,Oligo MOG OPALIN,0.9830952073381128,Oligo MOG OPALIN,
GGCGTCAGTTGCATCA-1,7,Endo CLDN5 SLC7A5,0.7432475576157184,Endo CLDN5 SLC7A5,
GGCTGTGAGCAGCCCT-1,6,Oligo MOG OPALIN,0.9997062050811617,Oligo MOG GSN,
GGCTGTGAGTTGAAAC-1,1,Oligo MOG OPALIN,0.9998997712811634,Oligo MOG OPALIN,
GGCTGTGGTAACAGGC-1,1,Oligo MOG OPALIN,0.9999596645249446,Oligo MOG OPALIN,
GGCTGTGGTCTTGCTC-1,2,Oligo MOG OPALIN,0.5962245000495363,Astro AQP4 SLC1A2,
GGCTGTGTCAACTGAC-1,1,Oligo MOG OPALIN,0.9999879921424896,Oligo MOG OPALIN,
GGCTGTGTCCGTACGG-1,2,Astro AQP4 SLC1A2,0.897756144969292,Astro AQP4 SLC1A2,
GGCTGTGTCGACATAC-1,6,Oligo MOG GSN,0.9999282049535668,Oligo MOG GSN,
GGCTTGGCAGCAGAAC-1,2,Astro AQP4 SLC1A2,0.7128271527632327,Astro AQP4 SLC1A2,
GGCTTGGTCCCATACC-1,14,InN SST FREM1,0.9999464096782814,InN SST FREM1,
GGCTTTCCATCTGGGC-1,1,Oligo MOG OPALIN,0.9952973881129059,Oligo MOG OPALIN,
GGCTTTCGTTCTAACG-1,18,InN VIP HS3ST3B1,0.9984556551988077,InN VIP HS3ST3B1,
GGCTTTCTCGCCTATC-1,6,Oligo MOG GSN,0.9999486927815338,Oligo MOG GSN,
GGGAAGTAGATAGTGT-1,3,Endo CLDN5 SLC7A5,0.9236486527782649,Endo CLDN5 SLC7A5,
GGGAAGTAGCGGTAAC-1,2,Endo CLDN5 SLC7A5,0.31911479581858443,Astro AQP4 SLC1A2,
GGGAAGTTCCCTCAAC-1,7,Endo CLDN5 SLC7A5,0.8404597645775339,Endo CLDN5 SLC7A5,
GGGACAACAGCAGTCC-1,2,Astro AQP4 SLC1A2,0.9427712381701093,Astro AQP4 SLC1A2,
GGGACAAGTACTTGTG-1,12,OPC PDGFRA PCDH15,0.9999999999999996,OPC PDGFRA PCDH15,
GGGACAATCGACATTG-1,3,Endo CLDN5 SLC7A5,0.7278347383363715,Endo CLDN5 SLC7A5,
GGGACCTGTTCTCACC-1,6,Oligo MOG GSN,0.9999952331455685,Oligo MOG GSN,
GGGACTCCAAGTGGGT-1,16,L2-3 CUX2 NTNG1 PALMD,0.9739380001415886,Oligo MOG OPALIN,
GGGACTCCATTCATCT-1,2,Astro AQP4 SLC1A2,0.9675942726707736,Astro AQP4 SLC1A2,
GGGACTCTCCAAGGGA-1,23,Endo CLDN5 SLC7A5,0.9340466293583051,Endo CLDN5 SLC7A5,
GGGAGATTCGAATCCA-1,15,Astro GFAP AQP1,0.9938660444108807,Astro GFAP AQP1,
GGGAGTACACTGCACG-1,0,Oligo MOG OPALIN,0.9999368988170304,Oligo MOG OPALIN,
GGGAGTACAGCTTCCT-1,3,Endo CLDN5 SLC7A5,0.8166162486091247,Endo CLDN5 SLC7A5,
GGGAGTAGTATTTCCT-1,20,Oligo MOG OPALIN,0.3884224202942828,Oligo MOG OPALIN,
GGGAGTATCATCTATC-1,4,Oligo MOG OPALIN,0.966814339709254,Oligo MOG OPALIN,
GGGATCCCAGGCTCTG-1,9,Astro AQP4 SLC1A2,0.983765408600542,Astro AQP4 SLC1A2,
GGGATCCTCAAGAATG-1,22,Micro P2RY12 APBB1IP,0.9933531016738179,Micro P2RY12 APBB1IP,
GGGATCCTCCCGTGTT-1,3,Endo CLDN5 SLC7A5,0.9320745646007672,Endo CLDN5 SLC7A5,
GGGATGAGTACGAGTG-1,2,Endo CLDN5 SLC7A5,0.37819474462955766,Astro AQP4 SLC1A2,
GGGATGATCCATAAGC-1,7,Endo CLDN5 SLC7A5,0.9526947009481097,Endo CLDN5 SLC7A5,
GGGATGATCTGCCTCA-1,8,Oligo MOG OPALIN,0.999927282280569,Oligo MOG OPALIN,
GGGCCATAGCATGTTC-1,8,Oligo MOG OPALIN,0.40727900191781835,Oligo MOG OPALIN,
GGGCCATTCCGGACTG-1,5,Astro AQP4 SLC1A2,0.9921449818574135,Astro AQP4 SLC1A2,
GGGCGTTCAGCTGTCG-1,12,OPC PDGFRA PCDH15,0.9999999999999662,OPC PDGFRA PCDH15,
GGGCTACAGCGTATAA-1,1,Oligo MOG OPALIN,0.9957459479662936,Oligo MOG OPALIN,
GGGCTACTCTCATGGA-1,16,L3-5 RORB PCBP3 ARHGAP15,0.37538330370043704,Oligo MOG OPALIN,
GGGCTCAGTTGCATTG-1,6,Oligo MOG OPALIN,0.9999950282261609,Oligo MOG GSN,
GGGTAGAAGCAGCCCT-1,7,Endo CLDN5 SLC7A5,0.8924298398991507,Endo CLDN5 SLC7A5,
GGGTAGATCGAGCACC-1,12,OPC PDGFRA PCDH15,0.9999999999999112,OPC PDGFRA PCDH15,
GGGTATTAGGACGCTA-1,12,OPC PDGFRA PCDH15,0.9999999999919094,OPC PDGFRA PCDH15,
GGGTATTAGTGCCTCG-1,13,L2-3 CUX2 NTNG1 PALMD,0.3289548058037285,Endo CLDN5 SLC7A5,
GGGTATTCACACAGCC-1,8,Oligo MOG OPALIN,0.9991706884245921,Oligo MOG OPALIN,
GGGTCACAGCGTGAGT-1,3,L3-5 RORB MKX GRIN3A,0.7953451940856574,Endo CLDN5 SLC7A5,
GGGTCACCAAGCGATG-1,18,InN VIP EXPH5,0.9991466718785282,InN VIP HS3ST3B1,
GGGTCACGTGTCCGTG-1,20,Astro AQP4 SLC1A2,0.3741466296979851,Oligo MOG OPALIN,
GGGTCACGTTAGGGTG-1,4,Endo CLDN5 SLC7A5,0.669325197239781,Oligo MOG OPALIN,
GGGTCACTCTAGTGAC-1,14,InN SST FREM1,0.9999752410871006,InN SST FREM1,
GGGTCTGAGCAACTCT-1,11,Micro P2RY12 APBB1IP,0.9791664753304217,Micro P2RY12 APBB1IP,
GGGTCTGAGCTCGGCT-1,1,Oligo MOG OPALIN,0.9999845939550003,Oligo MOG OPALIN,
GGGTGAACACCCTGTT-1,12,OPC PDGFRA PCDH15,0.9999999999999998,OPC PDGFRA PCDH15,
GGGTGAACATTCCTAT-1,0,Oligo MOG OPALIN,0.9974612776897644,Oligo MOG OPALIN,
GGGTGAAGTTGGCCGT-1,3,Endo CLDN5 SLC7A5,0.9757353381632997,Endo CLDN5 SLC7A5,
GGGTGAATCAGCTGAT-1,22,Micro P2RY12 APBB1IP,0.9699740727835583,Micro P2RY12 APBB1IP,
GGGTGAATCGCCTATC-1,1,Oligo MOG OPALIN,0.9996234048807815,Oligo MOG OPALIN,
GGGTGTCAGTAGGATT-1,19,PC P2RY14 GRM8,0.9999030604791639,PC P2RY14 GRM8,
GGGTGTCGTGAGCCAA-1,1,Oligo MOG OPALIN,0.9999997452613123,Oligo MOG OPALIN,
GGGTGTCTCACTTTGT-1,1,Oligo MOG OPALIN,0.9977349979504222,Oligo MOG OPALIN,
GGGTTATAGGTGGGTT-1,0,Oligo MOG OPALIN,0.9999930971220223,Oligo MOG OPALIN,
GGGTTATGTATCGAAA-1,11,Micro P2RY12 APBB1IP,0.9966663514071663,Micro P2RY12 APBB1IP,
GGGTTTACATGGGTTT-1,1,Oligo MOG OPALIN,0.9984207887846981,Oligo MOG OPALIN,
GGGTTTAGTGTCCCTT-1,7,Endo CLDN5 SLC7A5,0.7294043755268297,Endo CLDN5 SLC7A5,
GGGTTTATCACTGAAC-1,11,Micro P2RY12 APBB1IP,0.9978046643350788,Micro P2RY12 APBB1IP,
GGTAACTAGCAGCCCT-1,11,Micro P2RY12 GLDN,0.5842537597345219,Micro P2RY12 APBB1IP,
GGTAACTAGGACAAGA-1,12,OPC PDGFRA PCDH15,0.9999999999999993,OPC PDGFRA PCDH15,
GGTAACTAGGGCTTCC-1,11,Micro P2RY12 APBB1IP,0.9981363775864458,Micro P2RY12 APBB1IP,
GGTAACTCACTGCACG-1,0,Oligo MOG OPALIN,0.9998207827360128,Oligo MOG OPALIN,
GGTAACTTCCATTTAC-1,13,Endo CLDN5 SLC7A5,0.38447919660297375,Endo CLDN5 SLC7A5,
GGTAATCAGCACTCTA-1,11,Micro P2RY12 APBB1IP,0.7455980466118326,Micro P2RY12 APBB1IP,
GGTAATCGTGGAAATT-1,11,Micro P2RY12 APBB1IP,0.9122445773145508,Micro P2RY12 APBB1IP,
GGTAATCGTTAGAAGT-1,9,Astro AQP4 SLC1A2,0.9766554802798786,Astro AQP4 SLC1A2,
GGTAATCGTTGGGCCT-1,17,InN LAMP5 BMP7,0.9978918085741791,InN LAMP5 BMP7,
GGTAATCTCGGTTAGT-1,3,L3-5 RORB MKX GRIN3A,0.8328490262276137,Endo CLDN5 SLC7A5,
GGTAGAGCATGGGAAC-1,7,Endo CLDN5 SLC7A5,0.3695047131716882,Endo CLDN5 SLC7A5,
GGTAGAGGTAGGCAGT-1,17,InN SST HGF GABRQ,0.4080196190204651,InN LAMP5 BMP7,
GGTCACGTCCACTGAA-1,21,PC P2RY14 GRM8,0.9999740172624234,PC P2RY14 GRM8,
GGTCACGTCTGCTAGA-1,8,Oligo MOG OPALIN,0.9999920921637844,Oligo MOG OPALIN,
GGTCTGGAGTGGGAAA-1,2,Astro AQP4 SLC1A2,0.9968390213081832,Astro AQP4 SLC1A2,
GGTCTGGCAATAGGAT-1,8,Oligo MOG OPALIN,0.852176676467752,Oligo MOG OPALIN,
GGTCTGGCAATTGAAG-1,2,Astro AQP4 SLC1A2,0.9839595133398026,Astro AQP4 SLC1A2,
GGTCTGGCATTCACAG-1,14,InN PVALB ANOS1,0.5093310907927256,InN SST FREM1,
GGTCTGGGTCATCAGT-1,8,Oligo MOG OPALIN,0.9997488769986551,Oligo MOG OPALIN,
GGTCTGGTCGAACACT-1,15,Astro GFAP AQP1,0.9995663838707572,Astro GFAP AQP1,
GGTGAAGAGCGTGAAC-1,11,Micro P2RY12 APBB1IP,0.9977082044370477,Micro P2RY12 APBB1IP,
GGTGAAGAGGTAAGGA-1,6,Oligo MOG GSN,0.9957882031867897,Oligo MOG GSN,
GGTGAAGGTATTGAGA-1,1,Oligo MOG OPALIN,0.9997414143780287,Oligo MOG OPALIN,
GGTGAAGGTCGGTGAA-1,5,Astro AQP4 SLC1A2,0.9992292110661494,Astro AQP4 SLC1A2,
GGTGATTAGAGAGAAC-1,12,OPC PDGFRA PCDH15,0.9999999999989284,OPC PDGFRA PCDH15,
GGTGATTCAATGTGGG-1,1,Oligo MOG OPALIN,0.6900494982558841,Oligo MOG OPALIN,
GGTGGCTCACGACGTC-1,9,Astro GFAP AQP1,0.8026663098529642,Astro AQP4 SLC1A2,
GGTGGCTCAGTCGTTA-1,1,Oligo MOG OPALIN,0.9999966158881731,Oligo MOG OPALIN,
GGTGGCTTCGGAATGG-1,1,Oligo MOG OPALIN,0.9984765521073552,Oligo MOG OPALIN,
GGTGTCGAGAGAGGTA-1,0,Oligo MOG OPALIN,0.9923568138423204,Oligo MOG OPALIN,
GGTGTCGAGGAGCAAA-1,3,L3-5 RORB MKX GRIN3A,0.677750440958557,Endo CLDN5 SLC7A5,
GGTGTCGTCACTTTGT-1,1,Oligo MOG OPALIN,0.6528193854061995,Oligo MOG OPALIN,
GGTGTTAAGCCATTCA-1,1,Oligo MOG OPALIN,0.9999423330000659,Oligo MOG OPALIN,
GGTGTTAAGGTCTACT-1,2,Oligo MOG OPALIN,0.7929504198933716,Astro AQP4 SLC1A2,
GGTGTTACAACGCCCA-1,3,L5 FEZF2 BCL11B POU3F1,0.5009756439319144,Endo CLDN5 SLC7A5,
GGTGTTATCCATCGTC-1,1,Oligo MOG OPALIN,0.9996622929237234,Oligo MOG OPALIN,
GGTGTTATCTCTAAGG-1,2,Astro AQP4 SLC1A2,0.5313258696728859,Astro AQP4 SLC1A2,
GGTTAACAGGCCTGAA-1,6,Oligo MOG GSN,0.9999797166412393,Oligo MOG GSN,
GGTTAACTCCTTATGT-1,2,Astro AQP4 SLC1A2,0.9301301027616129,Astro AQP4 SLC1A2,
GGTTAACTCTTGCGCT-1,19,VLMC COL1A2 SLC13A3,0.5887154214191119,PC P2RY14 GRM8,
GGTTCTCAGTTGTACC-1,3,Endo CLDN5 SLC7A5,0.5704798777716481,Endo CLDN5 SLC7A5,
GGTTCTCCAGCTGTGC-1,9,Astro AQP4 SLC1A2,0.9718772797712828,Astro AQP4 SLC1A2,
GGTTCTCTCAACTTTC-1,4,Oligo MOG OPALIN,0.9908511679380979,Oligo MOG OPALIN,
GGTTCTCTCACACGAT-1,1,Oligo MOG OPALIN,0.9996636296223756,Oligo MOG OPALIN,
GGTTCTCTCGGAATTC-1,5,Astro AQP4 SLC1A2,0.42572063297436324,Astro AQP4 SLC1A2,
GGTTGTAAGAGTCTTC-1,14,InN SST STK32A,0.7278041000103835,InN SST FREM1,
GGTTGTAAGCTGCCAC-1,8,Oligo MOG OPALIN,0.9999757054170538,Oligo MOG OPALIN,
GGTTGTACAGACAAGC-1,19,PC P2RY14 GRM8,0.9999719325956508,PC P2RY14 GRM8,
GGTTGTATCCACTTTA-1,18,InN VIP HS3ST3B1,0.9221380042191912,InN VIP HS3ST3B1,
GTAACACAGGCCACCT-1,0,Oligo MOG OPALIN,0.9999895513742749,Oligo MOG OPALIN,
GTAACACTCGCGTCGA-1,5,Astro AQP4 SLC1A2,0.5344110152003162,Astro AQP4 SLC1A2,
GTAACCACACGTCGGT-1,7,Endo CLDN5 SLC7A5,0.5081140648949469,Endo CLDN5 SLC7A5,
GTAACCACATCTGCGG-1,7,Endo CLDN5 SLC7A5,0.7532111579555512,Endo CLDN5 SLC7A5,
GTAACCATCGTTTACT-1,24,Endo CLDN5 SLC7A5,0.9991629786372428,Endo CLDN5 SLC7A5,
GTAAGTCAGGATATGT-1,11,Micro P2RY12 APBB1IP,0.9695929132041227,Micro P2RY12 APBB1IP,
GTAAGTCAGTGTAGAT-1,1,Oligo MOG OPALIN,0.9999456279438699,Oligo MOG OPALIN,
GTAAGTCTCAAACCTG-1,7,Endo CLDN5 SLC7A5,0.8175031479623383,Endo CLDN5 SLC7A5,
GTAAGTCTCAGGCGAA-1,10,L2-4 CUX2 RORB CLMN,0.9968508831159906,L2-3 CUX2 ACVR1C THSD7A,
GTAAGTCTCATTACGG-1,4,Oligo MOG OPALIN,0.34914656138364725,Oligo MOG OPALIN,
GTAATCGCATTAGGAA-1,19,VLMC COL1A2 VLMCA8,0.7872581947664409,PC P2RY14 GRM8,
GTAATGCAGGTAGCAC-1,1,Oligo MOG OPALIN,0.99994869464257,Oligo MOG OPALIN,
GTAATGCGTAGATGTA-1,10,L6 FEZF2 SYT6 CDH9,0.31049068209162684,L2-3 CUX2 ACVR1C THSD7A,
GTAATGCGTCAAAGTA-1,15,Astro GFAP AQP1,0.7748905529552651,Astro GFAP AQP1,
GTAATGCTCTAGTGTG-1,3,Endo CLDN5 SLC7A5,0.9526423269284889,Endo CLDN5 SLC7A5,
GTAATGCTCTATTGTC-1,24,Endo CLDN5 SLC7A5,0.9942712072603319,Endo CLDN5 SLC7A5,
GTACAACCATGGGAAC-1,12,OPC PDGFRA PCDH15,0.9999999999999765,OPC PDGFRA PCDH15,
GTACAACGTCGAAACG-1,17,InN VIP MDGA1,0.6337424484439347,InN LAMP5 BMP7,
GTACAACTCGTTGTAG-1,11,Micro P2RY12 APBB1IP,0.997256046096029,Micro P2RY12 APBB1IP,
GTACAGTAGCTATCCA-1,1,Oligo MOG OPALIN,0.8868377427704554,Oligo MOG OPALIN,
GTACAGTCAAGTGCTT-1,9,Astro AQP4 SLC1A2,0.7984291703256969,Astro AQP4 SLC1A2,
GTACAGTCACCAAATC-1,14,InN SST STK32A,0.9888151341183382,InN SST FREM1,
GTACAGTGTAACGCGA-1,15,Astro GFAP AQP1,0.7261681109312774,Astro GFAP AQP1,
GTACAGTGTATCAGGG-1,0,Oligo MOG OPALIN,0.9997226600793936,Oligo MOG OPALIN,
GTACAGTGTTATAGCC-1,8,Oligo MOG OPALIN,0.9975672893647921,Oligo MOG OPALIN,
GTACAGTTCTCGGTAA-1,3,Endo CLDN5 SLC7A5,0.9581041381029262,Endo CLDN5 SLC7A5,
GTAGAAAAGGCACAAC-1,1,Oligo MOG OPALIN,0.9999037781037099,Oligo MOG OPALIN,
GTAGAAACATGACAAA-1,4,Oligo MOG OPALIN,0.9993771935586425,Oligo MOG OPALIN,
GTAGAAATCTGGGAGA-1,9,Astro AQP4 SLC1A2,0.9691588612314325,Astro AQP4 SLC1A2,
GTAGAGGAGCAGCCTC-1,5,Astro AQP4 SLC1A2,0.9678477015785514,Astro AQP4 SLC1A2,
GTAGAGGGTTTAAGGA-1,4,Endo CLDN5 SLC7A5,0.8875047054269761,Oligo MOG OPALIN,
GTAGATCGTGCCGAAA-1,8,Oligo MOG OPALIN,0.9998543859114715,Oligo MOG OPALIN,
GTAGATCGTTGCCGCA-1,5,Astro AQP4 SLC1A2,0.9997299253509753,Astro AQP4 SLC1A2,
GTAGGAGAGGCTCTCG-1,16,L2-3 CUX2 ACVR1C THSD7A,0.5142679363887572,Oligo MOG OPALIN,
GTAGGAGCACGACGAA-1,2,Endo CLDN5 SLC7A5,0.3013402715619155,Astro AQP4 SLC1A2,
GTAGGAGCATACACCA-1,11,Micro P2RY12 APBB1IP,0.9843751894850258,Micro P2RY12 APBB1IP,
GTAGGAGGTCACCCTT-1,24,Endo CLDN5 SLC7A5,0.9991131307621256,Endo CLDN5 SLC7A5,
GTAGGTTAGCCTGGAA-1,23,Endo CLDN5 SLC7A5,0.3813874553916741,Endo CLDN5 SLC7A5,
GTAGGTTGTACGCGTC-1,12,OPC PDGFRA PCDH15,0.999999999999964,OPC PDGFRA PCDH15,
GTAGTACAGCGATTCT-1,5,Astro GFAP AQP1,0.5169738158824873,Astro AQP4 SLC1A2,
GTAGTACCAATAGTGA-1,0,Oligo MOG OPALIN,0.9997179274350955,Oligo MOG OPALIN,
GTAGTACGTGTATACC-1,0,Oligo MOG OPALIN,0.9998959512967932,Oligo MOG OPALIN,
GTAGTACGTGTGTCGC-1,6,Oligo MOG OPALIN,0.966624298064702,Oligo MOG GSN,
GTAGTACGTTTGTGGT-1,13,Oligo MOG OPALIN,0.8863648689444338,Endo CLDN5 SLC7A5,
GTAGTACTCGCTGATA-1,0,Oligo MOG OPALIN,0.9998886729951187,Oligo MOG OPALIN,
GTAGTACTCTTACCAT-1,11,Micro P2RY12 APBB1IP,0.9107814180871369,Micro P2RY12 APBB1IP,
GTATTGGAGCGATTCT-1,14,InN SST THSD7B,0.9988405070336007,InN SST FREM1,
GTATTGGTCGGCATCG-1,15,Astro GFAP AQP1,0.9999098940356604,Astro GFAP AQP1,
GTATTTCTCCCACAGG-1,12,OPC PDGFRA PCDH15,0.9999999999994391,OPC PDGFRA PCDH15,
GTATTTCTCCGGTAAT-1,14,InN SST ADAMTSL1,0.6646444195986958,InN SST FREM1,
GTCAAGTAGTGGCGAT-1,4,Endo CLDN5 SLC7A5,0.8772561328026519,Oligo MOG OPALIN,
GTCAAGTCAATTCACG-1,0,Oligo MOG OPALIN,0.9993914742302483,Oligo MOG OPALIN,
GTCACGGAGCCTGAGA-1,10,L2-3 CUX2 ACVR1C THSD7A,0.9954340885836461,L2-3 CUX2 ACVR1C THSD7A,
GTCACGGCAAGGGCAT-1,3,Endo CLDN5 SLC7A5,0.7154602530913031,Endo CLDN5 SLC7A5,
GTCACGGCAATCCAGT-1,19,VLMC COL1A2 SLC13A3,0.8508519462330578,PC P2RY14 GRM8,
GTCACGGGTAGTGATA-1,1,Oligo MOG OPALIN,0.9994267965481509,Oligo MOG OPALIN,
GTCACGGGTGACGCCT-1,6,Oligo MOG GSN,0.9999565684335155,Oligo MOG GSN,
GTCACTCCAAAGTGTA-1,6,Oligo MOG OPALIN,0.9157621544207043,Oligo MOG GSN,
GTCACTCCACTGGCCA-1,19,PC P2RY14 GRM8,0.9999945678113191,PC P2RY14 GRM8,
GTCACTCGTTACGATC-1,9,Astro AQP4 SLC1A2,0.9747849047529417,Astro AQP4 SLC1A2,
GTCAGCGAGACATAAC-1,17,InN PVALB PDE3A,0.9970804520015322,InN LAMP5 BMP7,
GTCAGCGAGTCGAGGT-1,3,Endo CLDN5 SLC7A5,0.6366624595564023,Endo CLDN5 SLC7A5,
GTCAGCGGTGCGGTAA-1,23,InN PVALB SYT2,0.7003497868404446,Endo CLDN5 SLC7A5,
GTCATCCAGCTGCGAA-1,15,Astro GFAP AQP1,0.9233573057082066,Astro GFAP AQP1,
GTCATCCAGGGTAATT-1,14,InN SST HS3ST5,0.9992521486833087,InN SST FREM1,
GTCATCCCACTGTGAT-1,16,L6 OPRK1 THEMIS RGS6,0.6687843561194933,Oligo MOG OPALIN,
GTCATCCGTGGTACAG-1,13,Endo CLDN5 SLC7A5,0.5905298680031729,Endo CLDN5 SLC7A5,
GTCATTTCACGTCTCT-1,1,Oligo MOG OPALIN,0.9989555397196295,Oligo MOG OPALIN,
GTCATTTCAGATCCTA-1,7,L6 OPRK1 SMYD1 KCND2,0.8323998939217393,Endo CLDN5 SLC7A5,
GTCATTTCATGTTACG-1,0,Oligo MOG OPALIN,0.9994916214240631,Oligo MOG OPALIN,
GTCATTTTCAATCTCT-1,0,Oligo MOG OPALIN,0.9980477048723677,Oligo MOG OPALIN,
GTCCACTCAGTTCACA-1,5,Astro GFAP AQP1,0.9114027674956486,Astro AQP4 SLC1A2,
GTCCACTGTCTCCCTA-1,8,Oligo MOG OPALIN,0.9999925618052098,Oligo MOG OPALIN,
GTCCCATAGGCTGTAG-1,13,Endo CLDN5 SLC7A5,0.9799219260920768,Endo CLDN5 SLC7A5,
GTCCCATAGTTGCCTA-1,12,OPC PDGFRA PCDH15,0.999999999999994,OPC PDGFRA PCDH15,
GTCCCATCATGTTCGA-1,13,Endo CLDN5 SLC7A5,0.7926057887969714,Endo CLDN5 SLC7A5,
GTCCCATGTCAAAGTA-1,9,Astro AQP4 SLC1A2,0.8316410006951392,Astro AQP4 SLC1A2,
GTCCCATGTTGCAAGG-1,1,Oligo MOG OPALIN,0.9999991290491399,Oligo MOG OPALIN,
GTCCTCACATGAGGGT-1,6,Oligo MOG OPALIN,0.9988084981057452,Oligo MOG GSN,
GTCCTCAGTCGGCTAC-1,8,Oligo MOG OPALIN,0.99896207655562,Oligo MOG OPALIN,
GTCCTCAGTTGGCCTG-1,15,Astro GFAP AQP1,0.9992350359374871,Astro GFAP AQP1,
GTCGAATAGTGTACCT-1,2,L2-3 CUX2 NTNG1 PALMD,0.5207589306552735,Astro AQP4 SLC1A2,
GTCGAATGTCTCTCTG-1,2,Astro AQP4 SLC1A2,0.9927255746412231,Astro AQP4 SLC1A2,
GTCGCGACATCAGCAT-1,5,Astro AQP4 SLC1A2,0.3937161943795759,Astro AQP4 SLC1A2,
GTCGCGAGTCATCGGC-1,8,Oligo MOG OPALIN,0.9998936561836254,Oligo MOG OPALIN,
GTCGCGAGTTGCCATA-1,4,Oligo MOG OPALIN,0.9663935689042844,Oligo MOG OPALIN,
GTCGCGATCTATGTGG-1,4,Endo CLDN5 SLC7A5,0.3873955320125199,Oligo MOG OPALIN,
GTCGTAAGTACTAAGA-1,5,Astro AQP4 SLC1A2,0.9991761090706711,Astro AQP4 SLC1A2,
GTCGTTCAGGATTTCC-1,15,Astro GFAP AQP1,0.6705713037645501,Astro GFAP AQP1,
GTCGTTCCACGGTGTC-1,0,Oligo MOG OPALIN,0.9999588581691873,Oligo MOG OPALIN,
GTCGTTCGTTATCTTC-1,0,Oligo MOG OPALIN,0.9997511401766789,Oligo MOG OPALIN,
GTCGTTCTCTCATTAC-1,2,Astro AQP4 SLC1A2,0.6463637284328179,Astro AQP4 SLC1A2,
GTCTACCTCGAACACT-1,9,Astro AQP4 SLC1A2,0.7327790415746572,Astro AQP4 SLC1A2,
GTCTAGAAGAGAGCGG-1,0,Oligo MOG OPALIN,0.9972375710253497,Oligo MOG OPALIN,
GTCTAGACAGGACTAG-1,7,L3-5 RORB MKX GRIN3A,0.6899301962491432,Endo CLDN5 SLC7A5,
GTCTAGACATCTCATT-1,21,PC P2RY14 GRM8,0.9938182743792963,PC P2RY14 GRM8,
GTCTAGATCCTACCGT-1,17,InN LAMP5 LHX6 PROX1,0.9772302974176391,InN LAMP5 BMP7,
GTCTAGATCGGTAACT-1,2,Astro AQP4 SLC1A2,0.907059596843781,Astro AQP4 SLC1A2,
GTCTCACCATACAGGG-1,6,Oligo MOG OPALIN,0.9999380476454892,Oligo MOG GSN,
GTCTCACGTCGATGCC-1,17,InN PVALB HPSE,0.9923446495997271,InN LAMP5 BMP7,
GTCTCACTCAGCCTTC-1,0,Oligo MOG OPALIN,0.9999164728053386,Oligo MOG OPALIN,
GTCTGTCCACGCTTAA-1,9,Astro AQP4 SLC1A2,0.9887054852517777,Astro AQP4 SLC1A2,
GTCTTTACAATCGCCG-1,14,InN SST FREM1,0.9955242097292627,InN SST FREM1,
GTCTTTATCTATTCGT-1,18,InN VIP EGF,0.4349801018115409,InN VIP HS3ST3B1,
GTGACGCGTAGAATGT-1,9,Astro AQP4 SLC1A2,0.989862810661614,Astro AQP4 SLC1A2,
GTGACGCTCGAGTGAG-1,10,L2-3 CUX2 ACVR1C THSD7A,0.3793009580128958,L2-3 CUX2 ACVR1C THSD7A,
GTGACGCTCTTTCGAT-1,3,Endo CLDN5 SLC7A5,0.6256887687415517,Endo CLDN5 SLC7A5,
GTGAGCCAGAGCAACC-1,6,Oligo MOG GSN,0.9999997208655786,Oligo MOG GSN,
GTGAGCCAGCACTTTG-1,10,L2-3 CUX2 NTNG1 PALMD,0.4241503781309928,L2-3 CUX2 ACVR1C THSD7A,
GTGAGCCCAAGAATAC-1,7,Endo CLDN5 SLC7A5,0.6889074931742065,Endo CLDN5 SLC7A5,
GTGAGCCGTTATCTTC-1,22,Macro F13A1 COLEC12,0.9998314554872,Micro P2RY12 APBB1IP,
GTGAGGAAGGTTAGTA-1,11,Micro P2RY12 APBB1IP,0.9979460273925476,Micro P2RY12 APBB1IP,
GTGAGTTAGAGCAGCT-1,4,Oligo MOG OPALIN,0.7396604773280973,Oligo MOG OPALIN,
GTGATGTAGCTGTGCC-1,0,Oligo MOG OPALIN,0.9987363443662289,Oligo MOG OPALIN,
GTGATGTAGGCTAAAT-1,9,Astro AQP4 SLC1A2,0.7941026474086018,Astro AQP4 SLC1A2,
GTGATGTAGTTGGACG-1,17,InN PVALB PDE3A,0.4746854901763455,InN LAMP5 BMP7,
GTGATGTGTCGCTGCA-1,8,Oligo MOG OPALIN,0.873677155733213,Oligo MOG OPALIN,
GTGATGTTCTGGACCG-1,14,InN SST STK32A,0.9904658416812506,InN SST FREM1,
GTGCACGAGCGAGGAG-1,5,Astro AQP4 SLC1A2,0.9000531893970297,Astro AQP4 SLC1A2,
GTGCACGAGTGTTGTC-1,5,Astro GFAP AQP1,0.9978018397368515,Astro AQP4 SLC1A2,
GTGCAGCAGCAAATCA-1,7,Endo CLDN5 SLC7A5,0.7780657000772827,Endo CLDN5 SLC7A5,
GTGCAGCCAGACCCGT-1,0,Oligo MOG OPALIN,0.9889877888012709,Oligo MOG OPALIN,
GTGCAGCGTACTGCGC-1,8,Oligo MOG GSN,0.9977098318079944,Oligo MOG OPALIN,
GTGCTGGAGCATTTCG-1,20,Astro AQP4 SLC1A2,0.9511588915346705,Oligo MOG OPALIN,
GTGCTGGAGCTCGCAC-1,16,Oligo MOG OPALIN,0.32272232681594926,Oligo MOG OPALIN,
GTGCTGGAGGCTCACC-1,13,Endo CLDN5 SLC7A5,0.6983494529575888,Endo CLDN5 SLC7A5,
GTGCTGGAGGTGCTAG-1,24,Endo CLDN5 SLC7A5,0.9998122109977252,Endo CLDN5 SLC7A5,
GTGCTTCAGGGTTAGC-1,13,Endo CLDN5 SLC7A5,0.6800622463333612,Endo CLDN5 SLC7A5,
GTGCTTCCACCTCAGG-1,0,Oligo MOG OPALIN,0.9999994789874861,Oligo MOG OPALIN,
GTGCTTCTCTCTAGGA-1,24,Endo CLDN5 IL1R1,0.9940775613003928,Endo CLDN5 SLC7A5,
GTGGAAGCAGTCAGTT-1,1,Oligo MOG OPALIN,0.9995028038032088,Oligo MOG OPALIN,
GTGGCGTAGGGCGAAG-1,1,Oligo MOG OPALIN,0.9999834381459843,Oligo MOG OPALIN,
GTGGCGTCAAAGAACT-1,17,InN PVALB SYT2,0.8987159794265204,InN LAMP5 BMP7,
GTGGCGTCAATGCTCA-1,15,Astro GFAP AQP1,0.9996919561142581,Astro GFAP AQP1,
GTGGCGTGTAGTCTTG-1,19,PC P2RY14 GRM8,0.9999998143648487,PC P2RY14 GRM8,
GTGGCGTGTTCTCTCG-1,1,Oligo MOG OPALIN,0.9999773147117309,Oligo MOG OPALIN,
GTGGGAACATCCGCGA-1,6,Oligo MOG GSN,0.999999964489589,Oligo MOG GSN,
GTGGGAAGTTGGCCGT-1,23,Oligo MOG OPALIN,0.5332306574565463,Endo CLDN5 SLC7A5,
GTGGGAATCAAAGACA-1,11,Micro P2RY12 APBB1IP,0.9923615117128902,Micro P2RY12 APBB1IP,
GTGGTTAAGGTAACTA-1,10,L3-5 RORB GABRG1 PLCH1,0.6849834261566073,L2-3 CUX2 ACVR1C THSD7A,
GTGGTTACAGATTCGT-1,15,Astro GFAP AQP1,0.9993941032772222,Astro GFAP AQP1,
GTGGTTAGTGGAACCA-1,21,PC P2RY14 GRM8,0.9894277104074425,PC P2RY14 GRM8,
GTGTAACAGGGTGGGA-1,0,Oligo MOG OPALIN,0.9988629007984958,Oligo MOG OPALIN,
GTGTAACCACAAGCCC-1,10,L6 FEZF2 AMOTL1 CDH6,0.9816037035769848,L2-3 CUX2 ACVR1C THSD7A,
GTGTAACGTTCTGAGT-1,5,Astro AQP4 SLC1A2,0.9982192297430048,Astro AQP4 SLC1A2,
GTGTAACTCAGCAATC-1,0,Oligo MOG OPALIN,0.9999802934650257,Oligo MOG OPALIN,
GTGTAACTCATACGAC-1,10,L2-3 CUX2 ACVR1C THSD7A,0.9978275217057497,L2-3 CUX2 ACVR1C THSD7A,
GTGTAACTCCAACTGA-1,1,Oligo MOG OPALIN,0.9999994115972477,Oligo MOG OPALIN,
GTGTAACTCGATGCAT-1,1,Oligo MOG OPALIN,0.9999264586496647,Oligo MOG OPALIN,
GTGTGATTCGATAACC-1,7,Endo CLDN5 SLC7A5,0.51829451493953,Endo CLDN5 SLC7A5,
GTGTGGCAGCGTCGAA-1,0,Oligo MOG OPALIN,0.9999972343972798,Oligo MOG OPALIN,
GTGTGGCAGGTGTGAC-1,0,Oligo MOG OPALIN,0.9999972423612962,Oligo MOG OPALIN,
GTGTGGCCAGCATCTA-1,10,L6 FEZF2 SYT6 CDH9,0.49483595120491386,L2-3 CUX2 ACVR1C THSD7A,
GTGTTCCAGTATGAAC-1,1,Oligo MOG OPALIN,0.9999310826700646,Oligo MOG OPALIN,
GTGTTCCGTTCGTGCG-1,0,Oligo MOG OPALIN,0.9997374513301439,Oligo MOG OPALIN,
GTGTTCCGTTTCTTAC-1,8,Oligo MOG OPALIN,0.9999892246801528,Oligo MOG OPALIN,
GTTACAGAGGGCCTCT-1,4,Endo CLDN5 SLC7A5,0.47153804169004027,Oligo MOG OPALIN,
GTTACAGCACCCAACG-1,18,InN VIP HS3ST3B1,0.4864802850063109,InN VIP HS3ST3B1,
GTTACAGTCGCTGTTC-1,1,Oligo MOG OPALIN,0.9999827435028237,Oligo MOG OPALIN,
GTTACCCCACGGTAGA-1,6,Oligo MOG GSN,0.9994727700074983,Oligo MOG GSN,
GTTACCCGTTGCATAC-1,11,Micro P2RY12 APBB1IP,0.9966698665382826,Micro P2RY12 APBB1IP,
GTTACCCTCTCCAAGA-1,8,Oligo MOG OPALIN,0.9977298302275828,Oligo MOG OPALIN,
GTTACGAAGATAGTCA-1,4,Oligo MOG OPALIN,0.9863401503784448,Oligo MOG OPALIN,
GTTACGAAGCCAGACA-1,4,Endo CLDN5 SLC7A5,0.38679143805508187,Oligo MOG OPALIN,
GTTACGAAGGGAGGTG-1,17,InN LHX6 HGF STON2,0.9708561201015865,InN LAMP5 BMP7,
GTTACGAAGTGTTGAA-1,16,L3-5 RORB MKX GRIN3A,0.9616960740879595,Oligo MOG OPALIN,
GTTACGATCAACCCGG-1,9,Astro AQP4 SLC1A2,0.999530462449943,Astro AQP4 SLC1A2,
GTTACGATCAGCAGAG-1,11,Micro P2RY12 APBB1IP,0.9663195728124028,Micro P2RY12 APBB1IP,
GTTACGATCTTGGAAC-1,0,Oligo MOG OPALIN,0.9986983934127518,Oligo MOG OPALIN,
GTTAGACCAGCGTACC-1,2,Astro AQP4 SLC1A2,0.9946571442764591,Astro AQP4 SLC1A2,
GTTAGACTCTCCATAT-1,2,L2-3 CUX2 NTNG1 PALMD,0.7315208442825522,Astro AQP4 SLC1A2,
GTTAGTGTCGGCCCAA-1,15,Astro GFAP FABP7,0.33033797281067184,Astro GFAP AQP1,
GTTATGGCATATGGCT-1,19,PC P2RY14 GRM8,0.9999955200814521,PC P2RY14 GRM8,
GTTATGGTCCACGGGT-1,2,Astro AQP4 SLC1A2,0.941511514664519,Astro AQP4 SLC1A2,
GTTCATTAGATCCGAG-1,13,Endo CLDN5 SLC7A5,0.5471887137861129,Endo CLDN5 SLC7A5,
GTTCCGTAGGACGGAG-1,0,Oligo MOG OPALIN,0.9946832871962268,Oligo MOG OPALIN,
GTTCCGTCAGAGCCCT-1,15,Astro GFAP AQP1,0.7522741807125409,Astro GFAP AQP1,
GTTCCGTCAGCGTTGC-1,16,Oligo MOG OPALIN,0.9066471496535564,Oligo MOG OPALIN,
GTTCCGTCATCTATCT-1,12,OPC PDGFRA PCDH15,0.9999999999999998,OPC PDGFRA PCDH15,
GTTCCGTCATCTCATT-1,1,Oligo MOG OPALIN,0.9999968209243228,Oligo MOG OPALIN,
GTTCGCTCACGGGCTT-1,7,Oligo MOG OPALIN,0.6787653345258616,Endo CLDN5 SLC7A5,
GTTCGCTCACTAACGT-1,23,Endo CLDN5 SLC7A5,0.9703413920900953,Endo CLDN5 SLC7A5,
GTTCGCTCACTGAGTT-1,2,Astro AQP4 SLC1A2,0.41867080005257123,Astro AQP4 SLC1A2,
GTTCGCTCAGCACCCA-1,3,Endo CLDN5 SLC7A5,0.8937275015609526,Endo CLDN5 SLC7A5,
GTTCGCTCAGTATGAA-1,5,Astro AQP4 SLC1A2,0.9802706426264248,Astro AQP4 SLC1A2,
GTTCGCTGTACCAATC-1,0,Oligo MOG OPALIN,0.999920810086544,Oligo MOG OPALIN,
GTTCTATAGAATCTAG-1,12,OPC PDGFRA PCDH15,0.9999999999999973,OPC PDGFRA PCDH15,
GTTCTATGTCACAGTT-1,1,Oligo MOG OPALIN,0.9999986583772361,Oligo MOG OPALIN,
GTTGAACCAACCACGC-1,3,Endo CLDN5 SLC7A5,0.6854865139988514,Endo CLDN5 SLC7A5,
GTTGAACGTAGGACCA-1,12,OPC PDGFRA PCDH15,0.9999999999999867,OPC PDGFRA PCDH15,
GTTGCGGAGTGGGAAA-1,16,Oligo MOG OPALIN,0.8384439607363257,Oligo MOG OPALIN,
GTTGCGGCAAACACCT-1,1,Oligo MOG OPALIN,0.9978549680019319,Oligo MOG OPALIN,
GTTGCGGCACAGCATT-1,7,L2-3 CUX2 NTNG1 PALMD,0.5790072586696049,Endo CLDN5 SLC7A5,
GTTGCGGGTAGTCGTT-1,1,Oligo MOG OPALIN,0.9998784988119368,Oligo MOG OPALIN,
GTTGCGGGTTGTGCAT-1,5,Astro AQP4 SLC1A2,0.9999446424074107,Astro AQP4 SLC1A2,
GTTGCGGTCTACTATC-1,1,Oligo MOG OPALIN,0.9999915027338816,Oligo MOG OPALIN,
GTTGCTCCATCAGTGT-1,0,Oligo MOG OPALIN,0.9999553402607462,Oligo MOG OPALIN,
GTTGCTCGTACTAAGA-1,5,Astro AQP4 SLC1A2,0.9950437577676189,Astro AQP4 SLC1A2,
GTTGTAGAGGATAATC-1,2,Endo CLDN5 SLC7A5,0.724714852756098,Astro AQP4 SLC1A2,
GTTGTAGAGTCGTTAC-1,7,Micro P2RY12 APBB1IP,0.3505097223139668,Endo CLDN5 SLC7A5,
GTTGTAGTCCACTTTA-1,15,Astro GFAP AQP1,0.9996928276902727,Astro GFAP AQP1,
GTTGTCCCACGTACAT-1,21,PC P2RY14 GRM8,0.9922258982226616,PC P2RY14 GRM8,
GTTGTCCGTGGTACAG-1,1,Oligo MOG OPALIN,0.9997979961858452,Oligo MOG OPALIN,
GTTGTCCGTGTTTACG-1,4,Endo CLDN5 SLC7A5,0.591100200921999,Oligo MOG OPALIN,
GTTGTGAAGTTGCGAG-1,8,Oligo MOG OPALIN,0.9032099143890885,Oligo MOG OPALIN,
GTTGTGAGTACCTAGT-1,6,Oligo MOG OPALIN,0.9915843798499855,Oligo MOG GSN,
GTTGTGATCTAAGCGT-1,20,Oligo MOG OPALIN,0.9991761057494053,Oligo MOG OPALIN,
GTTTACTAGCTCGACC-1,0,Oligo MOG OPALIN,0.9947779887957479,Oligo MOG OPALIN,
GTTTACTAGGCATTTC-1,0,Oligo MOG OPALIN,0.9999544640401355,Oligo MOG OPALIN,
GTTTACTTCAGTGGGA-1,0,Oligo MOG GSN,0.994902406479214,Oligo MOG OPALIN,
GTTTACTTCCTCGATC-1,12,OPC PDGFRA PCDH15,0.9999999999998985,OPC PDGFRA PCDH15,
GTTTGGACACCCTGAG-1,24,Endo CLDN5 SLC7A5,0.9992284657863005,Endo CLDN5 SLC7A5,
GTTTGGACAGCTGTTA-1,9,Astro AQP4 SLC1A2,0.9693570897138014,Astro AQP4 SLC1A2,
GTTTGGATCATTCGTT-1,1,Oligo MOG OPALIN,0.9998264607551441,Oligo MOG OPALIN,
TAACACGTCGCCCAGA-1,4,Endo CLDN5 SLC7A5,0.8896283772603347,Oligo MOG OPALIN,
TAACACGTCGCGTCGA-1,10,L2-3 CUX2 ACVR1C THSD7A,0.8951626510770655,L2-3 CUX2 ACVR1C THSD7A,
TAACCAGAGAAGCGAA-1,5,Astro AQP4 SLC1A2,0.9795334948668161,Astro AQP4 SLC1A2,
TAACCAGAGGAAGAAC-1,0,Oligo MOG OPALIN,0.996654542603945,Oligo MOG OPALIN,
TAACCAGAGGTAGACC-1,11,Micro P2RY12 APBB1IP,0.7109912520341828,Micro P2RY12 APBB1IP,
TAACCAGCATCGGCCA-1,10,L6 OPRK1 THEMIS RGS6,0.9962111610597189,L2-3 CUX2 ACVR1C THSD7A,
TAACCAGCATCTAGAC-1,6,Oligo MOG GSN,0.999992182363502,Oligo MOG GSN,
TAACCAGCATTGCTGA-1,0,Oligo MOG OPALIN,0.9999835160735652,Oligo MOG OPALIN,
TAACCAGTCAGTCCGG-1,7,Oligo MOG OPALIN,0.35954406988924154,Endo CLDN5 SLC7A5,
TAACCAGTCTAAGGAA-1,10,L2-3 CUX2 ACVR1C THSD7A,0.9996154462581089,L2-3 CUX2 ACVR1C THSD7A,
TAACCAGTCTTCTTCC-1,4,Oligo MOG OPALIN,0.7408236942100449,Oligo MOG OPALIN,
TAACGACCACAAGTGG-1,10,L2-3 CUX2 ACVR1C THSD7A,0.9936133098982836,L2-3 CUX2 ACVR1C THSD7A,
TAACGACCATGACACT-1,8,Oligo MOG OPALIN,0.7664433585505743,Oligo MOG OPALIN,
TAACGACTCGTGGGTC-1,2,Astro AQP4 SLC1A2,0.961346411288697,Astro AQP4 SLC1A2,
TAACTTCAGAACAGGA-1,7,Endo CLDN5 SLC7A5,0.9060247787526433,Endo CLDN5 SLC7A5,
TAACTTCAGTGGTGGT-1,0,Oligo MOG OPALIN,0.9990508492555257,Oligo MOG OPALIN,
TAACTTCGTAGGACCA-1,0,Oligo MOG OPALIN,0.9999469887831417,Oligo MOG OPALIN,
TAACTTCGTGGTCTTA-1,19,PC P2RY14 GRM8,0.9988748776353308,PC P2RY14 GRM8,
TAACTTCTCTAGCAAC-1,0,Oligo MOG OPALIN,0.9999998580146332,Oligo MOG OPALIN,
TAAGCACCAGTGGCTC-1,2,Astro AQP4 SLC1A2,0.9969222042598399,Astro AQP4 SLC1A2,
TAAGCACGTAAGGCTG-1,3,Endo CLDN5 SLC7A5,0.5766722440775517,Endo CLDN5 SLC7A5,
TAAGCACTCTCCTGCA-1,2,Astro AQP4 SLC1A2,0.7686125109076889,Astro AQP4 SLC1A2,
TAAGCCACAAATGCTC-1,16,Oligo MOG OPALIN,0.7036187305567806,Oligo MOG OPALIN,
TAAGCCAGTTACCCTC-1,7,Endo CLDN5 SLC7A5,0.37511737811893026,Endo CLDN5 SLC7A5,
TAAGCGTCAGTGTACT-1,2,Astro AQP4 SLC1A2,0.8550114388740703,Astro AQP4 SLC1A2,
TAAGCGTCATCTGCGG-1,1,Oligo MOG OPALIN,0.9999644801321839,Oligo MOG OPALIN,
TAAGCGTGTGGCCTCA-1,9,Astro AQP4 SLC1A2,0.9771202150378903,Astro AQP4 SLC1A2,
TAAGCGTGTGTCCGGT-1,18,InN VIP EXPH5,0.9953178338767705,InN VIP HS3ST3B1,
TAAGCGTGTTCGCGTG-1,3,L5 FEZF2 BCL11B POU3F1,0.8232515107080002,Endo CLDN5 SLC7A5,
TAAGTCGCAGAGGAAA-1,1,Oligo MOG OPALIN,0.9998117852182894,Oligo MOG OPALIN,
TAATCTCGTACCCACG-1,0,Oligo MOG OPALIN,0.9979276417149828,Oligo MOG OPALIN,
TAATCTCTCCATGATG-1,1,Oligo MOG OPALIN,0.9999995765868906,Oligo MOG OPALIN,
TAATTCCAGATCGGTG-1,1,Oligo MOG OPALIN,0.9987269764362824,Oligo MOG OPALIN,
TAATTCCCATAACTCG-1,4,Endo CLDN5 SLC7A5,0.8045510148542777,Oligo MOG OPALIN,
TAATTCCCATCATCTT-1,7,Endo CLDN5 SLC7A5,0.9594504714398017,Endo CLDN5 SLC7A5,
TAATTCCTCCCGTGTT-1,4,Endo CLDN5 SLC7A5,0.3067905022036321,Oligo MOG OPALIN,
TAATTCCTCTGCGATA-1,6,Oligo MOG OPALIN,0.9999439775318971,Oligo MOG GSN,
TACAACGCAACGGCTC-1,0,Oligo MOG OPALIN,0.9916815679387395,Oligo MOG OPALIN,
TACAACGCACCAGCTG-1,5,Astro AQP4 SLC1A2,0.6984818267863587,Astro AQP4 SLC1A2,
TACAACGGTATCTTCT-1,9,Astro AQP4 SLC1A2,0.5301841758817635,Astro AQP4 SLC1A2,
TACACCCAGACTGAGC-1,0,Oligo MOG OPALIN,0.9974291371360987,Oligo MOG OPALIN,
TACACCCAGCTCCACG-1,6,Oligo MOG OPALIN,0.7263818895878787,Oligo MOG GSN,
TACACCCTCTTCACGC-1,2,Astro AQP4 SLC1A2,0.5249557599306628,Astro AQP4 SLC1A2,
TACAGGTCACGTACTA-1,13,Endo CLDN5 SLC7A5,0.9998038619101883,Endo CLDN5 SLC7A5,
TACAGGTGTAGAGTTA-1,21,PC P2RY14 GRM8,0.8851889855828812,PC P2RY14 GRM8,
TACAGGTTCCGCGAGT-1,4,Oligo MOG OPALIN,0.522203825670453,Oligo MOG OPALIN,
TACATTCAGACGTCCC-1,6,Oligo MOG GSN,0.4974318508704732,Oligo MOG GSN,
TACATTCAGGCGTTAG-1,7,Endo CLDN5 SLC7A5,0.9314036324985142,Endo CLDN5 SLC7A5,
TACATTCTCAAGAATG-1,6,Oligo MOG GSN,0.999999299796021,Oligo MOG GSN,
TACCCACAGCCATTGT-1,1,Oligo MOG OPALIN,0.9999997975702944,Oligo MOG OPALIN,
TACCCACAGTAGTCTC-1,6,Oligo MOG OPALIN,0.9999547277836235,Oligo MOG GSN,
TACCCACTCGATACAC-1,8,Oligo MOG OPALIN,0.9999766758382512,Oligo MOG OPALIN,
TACCCACTCTAGCCAA-1,2,Astro AQP4 SLC1A2,0.9982637795739508,Astro AQP4 SLC1A2,
TACCCGTAGGTCTGGA-1,1,Oligo MOG OPALIN,0.9999418117781244,Oligo MOG OPALIN,
TACCCGTCAAAGCTCT-1,14,InN SST FREM1,0.9974346858081364,InN SST FREM1,
TACCCGTCAATGGGTG-1,3,Endo CLDN5 SLC7A5,0.7830714688917508,Endo CLDN5 SLC7A5,
TACCCGTCACAACGAG-1,0,Oligo MOG OPALIN,0.9999700706698116,Oligo MOG OPALIN,
TACCCGTCACGTTCGG-1,0,Oligo MOG OPALIN,0.6198908391853141,Oligo MOG OPALIN,
TACCCGTGTGAGTTGG-1,17,InN PVALB HPSE,0.999563732853779,InN LAMP5 BMP7,
TACCCGTTCTTTCCAA-1,0,Oligo MOG OPALIN,0.999923322355759,Oligo MOG OPALIN,
TACCGAAAGAACCGCA-1,6,Oligo MOG GSN,0.3849531349010175,Oligo MOG GSN,
TACCGAAAGATGAATC-1,9,Astro AQP4 SLC1A2,0.9911633389572664,Astro AQP4 SLC1A2,
TACCGAAGTTGCTAGT-1,10,L6 OPRK1 SMYD1 KCND2,0.6423742565121447,L2-3 CUX2 ACVR1C THSD7A,
TACCGGGAGGGAGGTG-1,2,Astro AQP4 SLC1A2,0.49932376671261525,Astro AQP4 SLC1A2,
TACCGGGCAACTCGTA-1,0,Oligo MOG OPALIN,0.9998587118576845,Oligo MOG OPALIN,
TACCGGGTCAAACCTG-1,4,Oligo MOG OPALIN,0.49172914734967194,Oligo MOG OPALIN,
TACCTCGAGCTAGTTC-1,23,Endo CLDN5 SLC7A5,0.5470711883669498,Endo CLDN5 SLC7A5,
TACGCTCTCTTACGGA-1,2,Astro AQP4 SLC1A2,0.9997758794286747,Astro AQP4 SLC1A2,
TACGGGCAGGACAGCT-1,14,InN SST KLHL14,0.8561459128050809,InN SST FREM1,
TACGGGCGTACCAATC-1,5,Astro GFAP AQP1,0.36997240071325455,Astro AQP4 SLC1A2,
TACGGGCTCCGGCAAC-1,5,Astro AQP4 SLC1A2,0.9391337072646934,Astro AQP4 SLC1A2,
TACGGTATCACACGAT-1,22,Micro P2RY12 GLDN,0.34365457212259987,Micro P2RY12 APBB1IP,
TACGGTATCCCTCTTT-1,13,Endo CLDN5 SLC7A5,0.5229199666294957,Endo CLDN5 SLC7A5,
TACGTCCCAAGGATGC-1,7,Endo CLDN5 SLC7A5,0.9274021070666852,Endo CLDN5 SLC7A5,
TACGTCCGTCTACTGA-1,17,InN LAMP5 BMP7,0.9998974786188248,InN LAMP5 BMP7,
TACGTCCTCTGTAACG-1,0,Oligo MOG OPALIN,0.6033347677515831,Oligo MOG OPALIN,
TACTGCCAGTTCAACC-1,8,Oligo MOG OPALIN,0.9025530895355441,Oligo MOG OPALIN,
TACTGCCCAACTTCTT-1,16,Endo CLDN5 SLC7A5,0.793450228970311,Oligo MOG OPALIN,
TACTGCCGTCAACCTA-1,3,Endo CLDN5 SLC7A5,0.3791369585740408,Endo CLDN5 SLC7A5,
TACTGCCGTTGATGTC-1,1,Oligo MOG OPALIN,0.9999966600472974,Oligo MOG OPALIN,
TACTTACAGGCTGTAG-1,0,Oligo MOG OPALIN,0.9999237720193632,Oligo MOG OPALIN,
TACTTACCAATTAGGA-1,22,Micro P2RY12 APBB1IP,0.5468419613715926,Micro P2RY12 APBB1IP,
TACTTACGTACGGGAT-1,12,OPC PDGFRA PCDH15,0.9999999999999967,OPC PDGFRA PCDH15,
TACTTCACAAGACGGT-1,10,L6 OPRK1 THEMIS RGS6,0.9867866388922545,L2-3 CUX2 ACVR1C THSD7A,
TACTTCACACGACGTC-1,14,InN SST FREM1,0.9993294745250433,InN SST FREM1,
TACTTCACATGACTAC-1,1,Oligo MOG OPALIN,0.9984719640460918,Oligo MOG OPALIN,
TACTTGTAGCCAGAGT-1,8,Oligo MOG OPALIN,0.9948165296603605,Oligo MOG OPALIN,
TACTTGTAGGATTTCC-1,17,InN LAMP5 LHX6 TAC1,0.9992011396293993,InN LAMP5 BMP7,
TACTTGTAGGTTATAG-1,0,Oligo MOG OPALIN,0.9999548544489331,Oligo MOG OPALIN,
TACTTGTGTAGGACTG-1,1,Oligo MOG OPALIN,0.9999890916248861,Oligo MOG OPALIN,
TAGACCAAGTAGTCTC-1,12,OPC PDGFRA PCDH15,0.9999999999999922,OPC PDGFRA PCDH15,
TAGACCAGTACAAACA-1,2,Oligo MOG OPALIN,0.8668913334134686,Astro AQP4 SLC1A2,
TAGACCATCAAGGAGC-1,14,InN SST ADAMTSL1,0.9974014313356623,InN SST FREM1,
TAGACTGCAAAGCGTG-1,3,Endo CLDN5 SLC7A5,0.4836343991515944,Endo CLDN5 SLC7A5,
TAGACTGGTGCCTTTC-1,9,Astro AQP4 SLC1A2,0.6167256689637532,Astro AQP4 SLC1A2,
TAGACTGGTTTGGAGG-1,8,Oligo MOG OPALIN,0.9997642062209995,Oligo MOG OPALIN,
TAGACTGTCCAGCTCT-1,20,Oligo MOG OPALIN,0.9993016017017364,Oligo MOG OPALIN,
TAGACTGTCGAATCCA-1,6,Oligo MOG GSN,0.8127558656119177,Oligo MOG GSN,
TAGAGTCCACATGAAA-1,11,Micro P2RY12 APBB1IP,0.984706326621928,Micro P2RY12 APBB1IP,
TAGAGTCTCCGCTGTT-1,0,Oligo MOG OPALIN,0.996801357825961,Oligo MOG OPALIN,
TAGATCGTCAAGTGGG-1,2,Astro AQP4 SLC1A2,0.9789610434074851,Astro AQP4 SLC1A2,
TAGCACATCGCACGGT-1,12,OPC PDGFRA PCDH15,0.9999999999999956,OPC PDGFRA PCDH15,
TAGGAGGAGTTGCGAG-1,24,Endo CLDN5 SLC7A5,0.9943962413868405,Endo CLDN5 SLC7A5,
TAGGAGGGTATAGCTC-1,11,Micro P2RY12 APBB1IP,0.9470220683535463,Micro P2RY12 APBB1IP,
TAGGAGGGTCCACACG-1,17,InN PVALB HPSE,0.9999880546342881,InN LAMP5 BMP7,
TAGGGTTGTCAAATCC-1,13,L2-3 CUX2 NTNG1 PALMD,0.32086913115662535,Endo CLDN5 SLC7A5,
TAGGGTTTCATCGACA-1,5,Astro AQP4 SLC1A2,0.9995830486242887,Astro AQP4 SLC1A2,
TAGGGTTTCCAGTTCC-1,15,Astro GFAP AQP1,0.9999686192207808,Astro GFAP AQP1,
TAGGTACAGCTACTGT-1,1,Oligo MOG OPALIN,0.999877870578336,Oligo MOG OPALIN,
TAGGTACAGGCCACCT-1,15,Astro GFAP AQP1,0.7490826834362627,Astro GFAP AQP1,
TAGGTACAGTCTAACC-1,14,InN SST TRPC7,0.4084184435727261,InN SST FREM1,
TAGGTTGAGAGAAGGT-1,4,Endo CLDN5 SLC7A5,0.9955057019834054,Oligo MOG OPALIN,
TAGTGCACAAGATCCT-1,0,Oligo MOG OPALIN,0.9880989744700139,Oligo MOG OPALIN,
TAGTGCAGTATCCCTC-1,0,Oligo MOG OPALIN,0.9965906288045402,Oligo MOG OPALIN,
TAGTGCATCCTCGATC-1,17,InN PVALB SYT2,0.5586092269116925,InN LAMP5 BMP7,
TATATCCAGCTGACTT-1,12,OPC PDGFRA PCDH15,0.9999999999998883,OPC PDGFRA PCDH15,
TATATCCTCGCTAATG-1,1,Oligo MOG OPALIN,0.9999955780330663,Oligo MOG OPALIN,
TATATCCTCTCGTCGT-1,1,Oligo MOG OPALIN,0.999999903587188,Oligo MOG OPALIN,
TATCAGGAGTAGATCA-1,3,L2-3 CUX2 NTNG1 PALMD,0.4349747698168539,Endo CLDN5 SLC7A5,
TATCAGGCAGTGGTGA-1,11,Micro P2RY12 APBB1IP,0.9973582862637432,Micro P2RY12 APBB1IP,
TATCAGGTCTAATTCC-1,14,InN SST FREM1,0.9839427112879064,InN SST FREM1,
TATCCTAGTAGGAGTC-1,13,L2-3 CUX2 NTNG1 PALMD,0.40658766885587266,Endo CLDN5 SLC7A5,
TATCCTATCACCTCGT-1,3,Endo CLDN5 SLC7A5,0.49658200902248056,Endo CLDN5 SLC7A5,
TATCGCCCACAATGTC-1,5,Astro GFAP AQP1,0.6012952337774723,Astro AQP4 SLC1A2,
TATCGCCGTATACCTG-1,4,Endo CLDN5 SLC7A5,0.5890713917137042,Oligo MOG OPALIN,
TATCTGTAGGTCGTAG-1,13,L2-3 CUX2 NTNG1 PALMD,0.3228689574240482,Endo CLDN5 SLC7A5,
TATCTGTAGTGGAAGA-1,5,Astro AQP4 SLC1A2,0.47929668375654405,Astro AQP4 SLC1A2,
TATCTGTCAAAGTGTA-1,12,OPC PDGFRA PCDH15,0.9999999999856459,OPC PDGFRA PCDH15,
TATCTGTGTGTTACTG-1,2,L2-3 CUX2 NTNG1 PALMD,0.9107944666184407,Astro AQP4 SLC1A2,
TATCTGTTCCATTGCC-1,0,Oligo MOG OPALIN,0.9998279265224849,Oligo MOG OPALIN,
TATCTTGAGGTCCCGT-1,13,Endo CLDN5 SLC7A5,0.6461485036250357,Endo CLDN5 SLC7A5,
TATCTTGCACACGTGC-1,0,Oligo MOG OPALIN,0.9999145206757988,Oligo MOG OPALIN,
TATCTTGGTACTAGCT-1,11,Micro P2RY12 APBB1IP,0.9876455743684737,Micro P2RY12 APBB1IP,
TATCTTGGTCGGTGTC-1,10,L6 OPRK1 THEMIS RGS6,0.9997260122967853,L2-3 CUX2 ACVR1C THSD7A,
TATCTTGTCCGCTGTT-1,2,Astro AQP4 SLC1A2,0.6327126730394554,Astro AQP4 SLC1A2,
TATCTTGTCGTAGGGA-1,4,Endo CLDN5 SLC7A5,0.7711408175085472,Oligo MOG OPALIN,
TATGTTCAGACCCTTA-1,15,Astro GFAP AQP1,0.999937943424551,Astro GFAP AQP1,
TATGTTCAGCACTAGG-1,9,Astro AQP4 SLC1A2,0.9741652970477269,Astro AQP4 SLC1A2,
TATGTTCAGTCTAACC-1,3,Endo CLDN5 SLC7A5,0.6074801279011937,Endo CLDN5 SLC7A5,
TATGTTCCATGATAGA-1,7,Endo CLDN5 SLC7A5,0.921173262298725,Endo CLDN5 SLC7A5,
TATTCCAAGCATTGTC-1,6,Oligo MOG GSN,0.967432052450204,Oligo MOG GSN,
TATTCCAGTGAATGTA-1,0,Oligo MOG OPALIN,0.9999298879906896,Oligo MOG OPALIN,
TATTCCATCCGATAAC-1,6,Oligo MOG OPALIN,0.9549669012486928,Oligo MOG GSN,
TATTCCATCTTACGGA-1,2,Astro AQP4 SLC1A2,0.9807117798433769,Astro AQP4 SLC1A2,
TATTGCTAGGACATCG-1,1,Oligo MOG OPALIN,0.9995570254227442,Oligo MOG OPALIN,
TATTGCTGTGTTCGTA-1,0,Oligo MOG OPALIN,0.9999928327579161,Oligo MOG OPALIN,
TATTGCTTCAGGACGA-1,1,Oligo MOG OPALIN,0.9975780404043663,Oligo MOG OPALIN,
TATTGGGCAAGTAGTA-1,1,Oligo MOG OPALIN,0.9990587910599056,Oligo MOG OPALIN,
TATTGGGCACATTACG-1,17,InN PVALB PRKCH,0.7752178990394979,InN LAMP5 BMP7,
TATTGGGCACTAAACC-1,14,InN SST ADRA1D,0.99014242206441,InN SST FREM1,
TATTGGGCATAACAGA-1,1,Oligo MOG OPALIN,0.9911068583642157,Oligo MOG OPALIN,
TATTGGGTCCTGATAG-1,10,L2-3 CUX2 ARHGAP18,0.9907808017587963,L2-3 CUX2 ACVR1C THSD7A,
TATTGGGTCGGACTTA-1,15,Astro GFAP AQP1,0.3630538506655527,Astro GFAP AQP1,
TATTTCGCATTCATCT-1,9,Astro AQP4 SLC1A2,0.9311717647750573,Astro AQP4 SLC1A2,
TATTTCGGTCGGCTAC-1,12,OPC PDGFRA PCDH15,0.9999999999999922,OPC PDGFRA PCDH15,
TATTTCGTCAAGGTGG-1,0,Oligo MOG OPALIN,0.9994255843444186,Oligo MOG OPALIN,
TCAAGACAGTGTAGTA-1,1,Oligo MOG OPALIN,0.9998997636403918,Oligo MOG OPALIN,
TCAAGCAAGGTTGCCC-1,23,Endo CLDN5 SLC7A5,0.5680913558186798,Endo CLDN5 SLC7A5,
TCAAGCAGTCTACAGT-1,3,L5 FEZF2 BCL11B POU3F1,0.8827127296722872,Endo CLDN5 SLC7A5,
TCAAGTGAGCGCATCC-1,3,Endo CLDN5 SLC7A5,0.39890125990418857,Endo CLDN5 SLC7A5,
TCAAGTGAGGAAAGTG-1,14,InN SST STK32A,0.9991785754664385,InN SST FREM1,
TCAAGTGAGTCACGAG-1,6,Oligo MOG OPALIN,0.9999058145727691,Oligo MOG GSN,
TCAAGTGCAGGTGTGA-1,12,OPC PDGFRA PCDH15,0.9999999999370472,OPC PDGFRA PCDH15,
TCAAGTGGTACGTAGG-1,0,Oligo MOG OPALIN,0.9999069527643266,Oligo MOG OPALIN,
TCAATCTAGCTCGCAC-1,14,InN SST STK32A,0.9926354111544875,InN SST FREM1,
TCAATTCAGGTTCTTG-1,2,Astro AQP4 SLC1A2,0.9875812387903149,Astro AQP4 SLC1A2,
TCAATTCCATCGGATT-1,5,Astro AQP4 SLC1A2,0.970484618932711,Astro AQP4 SLC1A2,
TCAATTCGTTAACCTG-1,1,Oligo MOG OPALIN,0.9998137568879466,Oligo MOG OPALIN,
TCACAAGAGGAGGCAG-1,12,OPC PDGFRA PCDH15,0.9999999999999243,OPC PDGFRA PCDH15,
TCACAAGCAAGCGAAC-1,2,Astro AQP4 SLC1A2,0.764652313020831,Astro AQP4 SLC1A2,
TCACACCCATGGGAAC-1,2,Astro AQP4 SLC1A2,0.45756486531134033,Astro AQP4 SLC1A2,
TCACACCGTCACGACC-1,9,Astro AQP4 SLC1A2,0.999934349510839,Astro AQP4 SLC1A2,
TCACACCGTGCCCGTA-1,0,Oligo MOG OPALIN,0.9923137370106989,Oligo MOG OPALIN,
TCACATTAGGGACTGT-1,13,Endo CLDN5 SLC7A5,0.8843661514686835,Endo CLDN5 SLC7A5,
TCACATTAGTTCAACC-1,21,PC P2RY14 GRM8,0.9983888696905375,PC P2RY14 GRM8,
TCACATTGTGTTAAAG-1,20,Oligo MOG OPALIN,0.9999863151137858,Oligo MOG OPALIN,
TCACATTTCGAAGCAG-1,14,InN SST PLPP4,0.8702145286163535,InN SST FREM1,
TCACGCTAGCTGACTT-1,9,Astro AQP4 SLC1A2,0.8588439570856703,Astro AQP4 SLC1A2,
TCACGCTAGGAGCAAA-1,17,InN LAMP5 BMP7,0.9947043624584389,InN LAMP5 BMP7,
TCACGCTAGGCACTAG-1,14,InN SST STK32A,0.9878086648244979,InN SST FREM1,
TCACGCTAGTTTCTTC-1,1,Oligo MOG OPALIN,0.9996428514004218,Oligo MOG OPALIN,
TCACGCTCACGAGGTA-1,16,L6 OPRK1 THEMIS RGS6,0.5965440009773634,Oligo MOG OPALIN,
TCACGCTCAGGACTTT-1,5,Astro AQP4 OSMR,0.9938516858747505,Astro AQP4 SLC1A2,
TCACGCTCATACAGCT-1,1,Oligo MOG OPALIN,0.9993573875075958,Oligo MOG OPALIN,
TCACGCTTCAACTCTT-1,13,Endo CLDN5 SLC7A5,0.9367894180276725,Endo CLDN5 SLC7A5,
TCACGGGAGCTGGCCT-1,7,Endo CLDN5 SLC7A5,0.5701289071933415,Endo CLDN5 SLC7A5,
TCACGGGAGCTGGTGA-1,1,Oligo MOG OPALIN,0.9996427021121316,Oligo MOG OPALIN,
TCACGGGAGTTGCTGT-1,0,Oligo MOG OPALIN,0.9999472579815867,Oligo MOG OPALIN,
TCACTATAGATCGGTG-1,9,Astro AQP4 SLC1A2,0.9445446065305465,Astro AQP4 SLC1A2,
TCACTATGTACTCCCT-1,10,L2-3 CUX2 ACVR1C THSD7A,0.32794835635766284,L2-3 CUX2 ACVR1C THSD7A,
TCACTATGTCCATCTC-1,0,Oligo MOG OPALIN,0.9997113290435274,Oligo MOG OPALIN,
TCACTATTCGTTCTGC-1,13,Endo CLDN5 SLC7A5,0.866737414702257,Endo CLDN5 SLC7A5,
TCACTCGAGGTCTGGA-1,5,Astro AQP4 SLC1A2,0.9998692393576623,Astro AQP4 SLC1A2,
TCAGCAAAGTTCATCG-1,5,Astro AQP4 SLC1A2,0.9906749308281824,Astro AQP4 SLC1A2,
TCAGCAATCTTAGCCC-1,11,Micro P2RY12 CCL3,0.3440175043468598,Micro P2RY12 APBB1IP,
TCAGCAATCTTCTGTA-1,2,Astro AQP4 SLC1A2,0.8731697947914163,Astro AQP4 SLC1A2,
TCAGCCTAGAGTCAAT-1,1,Oligo MOG OPALIN,0.999865371035846,Oligo MOG OPALIN,
TCAGCCTAGCACTGGA-1,1,Oligo MOG OPALIN,0.9998444717979863,Oligo MOG OPALIN,
TCAGCCTCAAGCGCTC-1,20,Oligo MOG OPALIN,0.5244219460734144,Oligo MOG OPALIN,
TCAGCCTTCGCCAGTG-1,2,Astro AQP4 SLC1A2,0.9081943978879351,Astro AQP4 SLC1A2,
TCAGGGCAGGAGAGTA-1,0,Oligo MOG OPALIN,0.9999909458827043,Oligo MOG OPALIN,
TCAGGGCGTCAAGCCC-1,11,Micro P2RY12 APBB1IP,0.9930548962704121,Micro P2RY12 APBB1IP,
TCAGGGCTCAGTGCGC-1,15,Astro GFAP AQP1,0.6668061630982889,Astro GFAP AQP1,
TCAGGTAAGCTTAGTC-1,4,Endo CLDN5 SLC7A5,0.4352512182422731,Oligo MOG OPALIN,
TCAGGTAAGTAACGTA-1,8,Oligo MOG OPALIN,0.9993410053711704,Oligo MOG OPALIN,
TCAGGTAGTAACGTTC-1,20,Oligo MOG OPALIN,0.3547853933093483,Oligo MOG OPALIN,
TCAGTCCCATCGGAGA-1,2,Astro AQP4 SLC1A2,0.363909175499602,Astro AQP4 SLC1A2,
TCAGTCCTCGGTATGT-1,0,Oligo MOG OPALIN,0.9999554947209227,Oligo MOG OPALIN,
TCAGTGAGTAGAAACT-1,15,Astro GFAP AQP1,0.9913708403117002,Astro GFAP AQP1,
TCAGTGAGTCGCGGTT-1,1,Oligo MOG OPALIN,0.9858236624639419,Oligo MOG OPALIN,
TCAGTTTAGGTCATAA-1,1,Oligo MOG OPALIN,0.9995434701583332,Oligo MOG OPALIN,
TCAGTTTGTGTCCTAA-1,6,Oligo MOG GSN,0.9724815675638877,Oligo MOG GSN,
TCAGTTTGTTACACTG-1,3,Endo CLDN5 SLC7A5,0.8128597591063607,Endo CLDN5 SLC7A5,
TCAGTTTGTTCGGGTC-1,5,Astro AQP4 SLC1A2,0.9999224820037766,Astro AQP4 SLC1A2,
TCATACTGTGTTACAC-1,1,Oligo MOG OPALIN,0.9996888866941145,Oligo MOG OPALIN,
TCATACTTCTCCCAAC-1,0,Oligo MOG OPALIN,0.999423783991608,Oligo MOG OPALIN,
TCATATCGTAGGCAGT-1,12,OPC PDGFRA PCDH15,0.9999999999366067,OPC PDGFRA PCDH15,
TCATATCGTGTATACC-1,22,Micro P2RY12 APBB1IP,0.9985881471375934,Micro P2RY12 APBB1IP,
TCATCATCACATCCCT-1,0,Oligo MOG OPALIN,0.999598422676841,Oligo MOG OPALIN,
TCATCATCATAGATGA-1,11,Micro P2RY12 APBB1IP,0.9972268349812423,Micro P2RY12 APBB1IP,
TCATCATGTTTGTTCT-1,3,Endo CLDN5 SLC7A5,0.7157568497931697,Endo CLDN5 SLC7A5,
TCATCCGAGTTGCTGT-1,11,Micro P2RY12 APBB1IP,0.9999084122741424,Micro P2RY12 APBB1IP,
TCATCCGCAACACACT-1,5,Astro AQP4 SLC1A2,0.9995231737302596,Astro AQP4 SLC1A2,
TCATCCGGTATCGGTT-1,3,Endo CLDN5 SLC7A5,0.857904979726085,Endo CLDN5 SLC7A5,
TCATCCGGTGGTCTTA-1,5,Astro AQP4 SLC1A2,0.9016375038466411,Astro AQP4 SLC1A2,
TCATCCGGTTATGTGC-1,1,Oligo MOG OPALIN,0.9960734027214557,Oligo MOG OPALIN,
TCATCCGTCCCGTTGT-1,3,Endo CLDN5 SLC7A5,0.5788708720349587,Endo CLDN5 SLC7A5,
TCATGAGAGACTCTAC-1,4,Endo CLDN5 SLC7A5,0.8061898367324668,Oligo MOG OPALIN,
TCATGCCCATGGTGGA-1,2,Astro AQP4 SLC1A2,0.9079644004152574,Astro AQP4 SLC1A2,
TCATGCCGTCCTTAAG-1,0,Oligo MOG OPALIN,0.9992611776610715,Oligo MOG OPALIN,
TCATGCCTCACCACAA-1,3,L3-5 RORB MKX GRIN3A,0.8515537071104472,Endo CLDN5 SLC7A5,
TCATGGAAGTATCCTG-1,15,Astro GFAP AQP1,0.7392291056567134,Astro GFAP AQP1,
TCATGGACAATGCAAA-1,8,Oligo MOG OPALIN,0.9958369754237206,Oligo MOG OPALIN,
TCATGGAGTAAGGTCG-1,4,Endo CLDN5 SLC7A5,0.7449248924778143,Oligo MOG OPALIN,
TCATGTTAGTCACTGT-1,1,Oligo MOG OPALIN,0.9891667218169533,Oligo MOG OPALIN,
TCATGTTAGTTCAACC-1,20,Astro AQP4 SLC1A2,0.39165297813734035,Oligo MOG OPALIN,
TCATGTTGTCTAGTGT-1,8,Oligo MOG OPALIN,0.9963559243927737,Oligo MOG OPALIN,
TCATGTTGTGACTATC-1,13,Endo CLDN5 SLC7A5,0.9919911187657177,Endo CLDN5 SLC7A5,
TCATTACAGACAAGCC-1,9,Astro AQP4 SLC1A2,0.9330943601732523,Astro AQP4 SLC1A2,
TCATTACCATTCTCTA-1,8,Oligo MOG OPALIN,0.999870504650421,Oligo MOG OPALIN,
TCATTCAAGGGAGTGG-1,5,Astro AQP4 SLC1A2,0.9995524530652764,Astro AQP4 SLC1A2,
TCATTCAGTTTGGAAA-1,10,L2-3 CUX2 ACVR1C THSD7A,0.9827971876782393,L2-3 CUX2 ACVR1C THSD7A,
TCATTGTGTTTCTTAC-1,18,InN VIP CLSTN2,0.9957287424904212,InN VIP HS3ST3B1,
TCATTGTTCTATGTGG-1,7,L2-3 CUX2 NTNG1 PALMD,0.6888692881996961,Endo CLDN5 SLC7A5,
TCATTTGAGATGGCAC-1,0,Oligo MOG OPALIN,0.9999921742669711,Oligo MOG OPALIN,
TCATTTGGTAACTAAG-1,10,L2-3 CUX2 ACVR1C THSD7A,0.9947093020563602,L2-3 CUX2 ACVR1C THSD7A,
TCATTTGTCACCCTGT-1,4,Endo CLDN5 SLC7A5,0.7366189236968816,Oligo MOG OPALIN,
TCCACCAAGCGTTGTT-1,8,Oligo MOG OPALIN,0.9837921928933192,Oligo MOG OPALIN,
TCCACCACACATCCCT-1,5,Astro AQP4 SLC1A2,0.8665583629342846,Astro AQP4 SLC1A2,
TCCACCACATCTTAGG-1,2,Astro AQP4 SLC1A2,0.5387708516319646,Astro AQP4 SLC1A2,
TCCACCAGTGCCTATA-1,0,Oligo MOG OPALIN,0.9999528918059113,Oligo MOG OPALIN,
TCCACCAGTTAGCGGA-1,0,Oligo MOG OPALIN,0.9995759553368091,Oligo MOG OPALIN,
TCCACCATCGTCGCTT-1,0,Oligo MOG OPALIN,0.9999966517080595,Oligo MOG OPALIN,
TCCACGTCAGTTGTCA-1,2,Astro AQP4 SLC1A2,0.8004718316724927,Astro AQP4 SLC1A2,
TCCACGTGTAGTCGTT-1,1,Oligo MOG OPALIN,0.9999973130827113,Oligo MOG OPALIN,
TCCACGTTCAGGGTAG-1,6,Oligo MOG GSN,0.9991034664319801,Oligo MOG GSN,
TCCACGTTCTTGAGCA-1,3,Endo CLDN5 SLC7A5,0.6604024562750875,Endo CLDN5 SLC7A5,
TCCAGAAAGGACGGAG-1,10,L3-5 RORB GABRG1 PTPRO,0.6112841527956931,L2-3 CUX2 ACVR1C THSD7A,
TCCAGAATCAAAGAAC-1,0,Oligo MOG OPALIN,0.9999761998124692,Oligo MOG OPALIN,
TCCAGAATCAGCCTTC-1,4,Endo CLDN5 SLC7A5,0.8450795853141534,Oligo MOG OPALIN,
TCCAGAATCCTTCAGC-1,2,Astro AQP4 SLC1A2,0.9926792801107608,Astro AQP4 SLC1A2,
TCCATCGAGGAACGCT-1,1,Oligo MOG OPALIN,0.9999559067941208,Oligo MOG OPALIN,
TCCATCGAGGCCCACT-1,21,PC P2RY14 GRM8,0.9911387877698884,PC P2RY14 GRM8,
TCCATCGCACCAGGTC-1,1,Oligo MOG OPALIN,0.9999745220248365,Oligo MOG OPALIN,
TCCATCGGTCCTGTCT-1,5,Astro AQP4 SLC1A2,0.8463390443674178,Astro AQP4 SLC1A2,
TCCATCGGTCGAATTC-1,16,L6 OPRK1 THEMIS RGS6,0.9668268028563333,Oligo MOG OPALIN,
TCCATCGGTTGGACCC-1,3,L3-5 RORB MKX GRIN3A,0.7325986393293412,Endo CLDN5 SLC7A5,
TCCATCGGTTGTGGAG-1,2,Astro AQP4 SLC1A2,0.981470136765461,Astro AQP4 SLC1A2,
TCCATCGTCACCTACC-1,5,Astro AQP4 SLC1A2,0.9945648787620808,Astro AQP4 SLC1A2,
TCCATCGTCATCTCTA-1,8,Oligo MOG OPALIN,0.9989486075016912,Oligo MOG OPALIN,
TCCATGCCAATGAAAC-1,4,Endo CLDN5 SLC7A5,0.5139737161194229,Oligo MOG OPALIN,
TCCATGCCACGAGAAC-1,8,Oligo MOG OPALIN,0.9912339151760642,Oligo MOG OPALIN,
TCCATGCGTGGAACAC-1,18,InN VIP HS3ST3B1,0.9911129531125211,InN VIP HS3ST3B1,
TCCATGCGTTTCAGAC-1,4,Endo CLDN5 SLC7A5,0.5473832346138879,Oligo MOG OPALIN,
TCCATGCTCAATCCAG-1,3,Endo CLDN5 SLC7A5,0.9013915901734573,Endo CLDN5 SLC7A5,
TCCATGCTCCCTAGGG-1,13,Endo CLDN5 SLC7A5,0.5023571103952362,Endo CLDN5 SLC7A5,
TCCCACATCCTTGAAG-1,5,Astro AQP4 SLC1A2,0.7956649911062532,Astro AQP4 SLC1A2,
TCCCACATCGTCAGAT-1,19,PC P2RY14 GRM8,0.9999939332479448,PC P2RY14 GRM8,
TCCCAGTGTACAGTTC-1,16,Oligo MOG OPALIN,0.6368184129990753,Oligo MOG OPALIN,
TCCCAGTGTGCCAAGA-1,12,OPC PDGFRA PCDH15,0.9999999999999984,OPC PDGFRA PCDH15,
TCCCAGTTCCCTCTTT-1,1,Oligo MOG OPALIN,0.9999996192017733,Oligo MOG OPALIN,
TCCCAGTTCTTACGGA-1,6,Oligo MOG GSN,0.9999999895750639,Oligo MOG GSN,
TCCCATGCAGATTTCG-1,24,T SKAP1 CD247,0.9892970212765421,Endo CLDN5 SLC7A5,
TCCCATGCATAGAATG-1,15,Astro GFAP AQP1,0.9999690871087697,Astro GFAP AQP1,
TCCCATGCATTCCTAT-1,10,L6 FEZF2 SYT6 PTPRT,0.9108541164894847,L2-3 CUX2 ACVR1C THSD7A,
TCCCATGTCGCCGTGA-1,13,Endo CLDN5 SLC7A5,0.40095370553133125,Endo CLDN5 SLC7A5,
TCCGAAACATTGCAAC-1,16,InN PVALB HPSE,0.7314933844359798,Oligo MOG OPALIN,
TCCGAAAGTATTGCCA-1,1,Oligo MOG OPALIN,0.9997479036736981,Oligo MOG OPALIN,
TCCGATCTCGTTCTAT-1,3,Endo CLDN5 SLC7A5,0.36989932650762125,Endo CLDN5 SLC7A5,
TCCGGGAAGGTGCGAT-1,0,Oligo MOG OPALIN,0.9999154354326779,Oligo MOG OPALIN,
TCCGGGACATTCAGCA-1,12,OPC PDGFRA PCDH15,0.9999999999998577,OPC PDGFRA PCDH15,
TCCGTGTCAGAAACCG-1,3,Endo CLDN5 SLC7A5,0.9248293674462251,Endo CLDN5 SLC7A5,
TCCGTGTCATTGGCAT-1,1,Oligo MOG OPALIN,0.9903112823305457,Oligo MOG OPALIN,
TCCGTGTTCCGTGGTG-1,8,Oligo MOG OPALIN,0.9913365492172572,Oligo MOG OPALIN,
TCCTAATGTAGGGAGG-1,3,Endo CLDN5 SLC7A5,0.48091719620680173,Endo CLDN5 SLC7A5,
TCCTAATGTGTGTACT-1,9,Astro AQP4 SLC1A2,0.9980070250835783,Astro AQP4 SLC1A2,
TCCTAATGTTCGGTAT-1,17,InN LAMP5 ADAMTS20,0.9301159668199259,InN LAMP5 BMP7,
TCCTCCCAGCGTCGAA-1,3,L3-5 RORB MKX GRIN3A,0.9832384252706126,Endo CLDN5 SLC7A5,
TCCTCGAAGATTGAGT-1,20,Oligo MOG OPALIN,0.5015409170292493,Oligo MOG OPALIN,
TCCTCGAGTGTGAGCA-1,7,Endo CLDN5 SLC7A5,0.5685734651393145,Endo CLDN5 SLC7A5,
TCCTCTTCACAAGCTT-1,5,Astro AQP4 SLC1A2,0.6118599514865061,Astro AQP4 SLC1A2,
TCCTCTTCATCCTGTC-1,2,Astro AQP4 SLC1A2,0.9982650455835869,Astro AQP4 SLC1A2,
TCCTCTTGTCGCTGCA-1,8,Oligo MOG OPALIN,0.9999215107972943,Oligo MOG OPALIN,
TCCTCTTTCAACCTTT-1,0,Oligo MOG OPALIN,0.9999303420299066,Oligo MOG OPALIN,
TCCTGCAAGAATTCAG-1,3,Endo CLDN5 SLC7A5,0.9906645841984892,Endo CLDN5 SLC7A5,
TCCTGCAAGGGAGGTG-1,24,Endo CLDN5 SLC7A5,0.9032862784994123,Endo CLDN5 SLC7A5,
TCCTGCATCTAGTTCT-1,6,Oligo MOG OPALIN,0.9982044038881351,Oligo MOG GSN,
TCCTTCTAGAGCAGTC-1,1,Oligo MOG OPALIN,0.9945233122913796,Oligo MOG OPALIN,
TCCTTCTGTCATTCCC-1,8,Oligo MOG OPALIN,0.9986240710273153,Oligo MOG OPALIN,
TCCTTTCCACAACCGC-1,7,Endo CLDN5 SLC7A5,0.4066939785474023,Endo CLDN5 SLC7A5,
TCCTTTCGTTATAGAG-1,2,Astro AQP4 SLC1A2,0.9998925727107495,Astro AQP4 SLC1A2,
TCGAACAAGCTAGATA-1,0,Oligo MOG OPALIN,0.9997853827099584,Oligo MOG OPALIN,
TCGAACAAGTAGGATT-1,24,Endo CLDN5 SLC7A5,0.9994703599008535,Endo CLDN5 SLC7A5,
TCGAACAAGTCCCGAC-1,14,InN SST ADAMTSL1,0.7086449588541217,InN SST FREM1,
TCGAACACACCTCGTT-1,20,Oligo MOG OPALIN,0.9987055392031446,Oligo MOG OPALIN,
TCGAAGTAGGGTTAGC-1,0,Oligo MOG OPALIN,0.9999478032636963,Oligo MOG OPALIN,
TCGAAGTCAACAACAA-1,6,Oligo MOG GSN,0.9999988828145898,Oligo MOG GSN,
TCGAAGTCAGCGTATT-1,1,Oligo MOG OPALIN,0.9991636015323593,Oligo MOG OPALIN,
TCGAAGTGTGCACATT-1,3,L2-3 CUX2 NTNG1 PALMD,0.7781116705516986,Endo CLDN5 SLC7A5,
TCGAAGTTCGAACACT-1,13,Oligo MOG OPALIN,0.9489387090043339,Endo CLDN5 SLC7A5,
TCGACCTAGGTGCAGT-1,1,Oligo MOG OPALIN,0.9999426662786653,Oligo MOG OPALIN,
TCGACCTTCAGATGCT-1,4,Endo CLDN5 SLC7A5,0.5410997892555061,Oligo MOG OPALIN,
TCGACGGAGCAGGCTA-1,9,Astro AQP4 SLC1A2,0.8041568833797461,Astro AQP4 SLC1A2,
TCGACGGAGGCTAAAT-1,4,Endo CLDN5 SLC7A5,0.6896389444778354,Oligo MOG OPALIN,
TCGACGGAGGGCAATC-1,7,Endo CLDN5 SLC7A5,0.7217283722640597,Endo CLDN5 SLC7A5,
TCGACGGAGTAAATGC-1,15,Astro GFAP FABP7,0.99880194432285,Astro GFAP AQP1,
TCGACGGGTACCTAGT-1,9,Astro AQP4 SLC1A2,0.9997371079547287,Astro AQP4 SLC1A2,
TCGACGGGTACTGAGG-1,6,Oligo MOG GSN,0.9341628486004583,Oligo MOG GSN,
TCGACGGTCATTCGTT-1,4,Endo CLDN5 SLC7A5,0.907283148750769,Oligo MOG OPALIN,
TCGATTTCACCCATAA-1,17,InN PVALB PRKCH,0.8902146346888795,InN LAMP5 BMP7,
TCGATTTGTGCGAGTA-1,1,Oligo MOG OPALIN,0.9999848407264273,Oligo MOG OPALIN,
TCGATTTGTGGTATGG-1,14,InN SST FREM1,0.942603814364539,InN SST FREM1,
TCGATTTTCCTCTCTT-1,2,Astro AQP4 SLC1A2,0.8494384385885388,Astro AQP4 SLC1A2,
TCGCACTGTCCACTCT-1,9,Astro AQP4 SLC1A2,0.7615803854849618,Astro AQP4 SLC1A2,
TCGCACTGTGCTAGCC-1,8,Oligo MOG OPALIN,0.9999633485239902,Oligo MOG OPALIN,
TCGCACTTCCATTGTT-1,11,Micro P2RY12 APBB1IP,0.9984208445594049,Micro P2RY12 APBB1IP,
TCGCAGGCACGGCCAT-1,16,L3-5 RORB MKX GRIN3A,0.7525873788076879,Oligo MOG OPALIN,
TCGCAGGGTATGTCAC-1,9,Astro AQP4 SLC1A2,0.7932458798735291,Astro AQP4 SLC1A2,
TCGCAGGGTGAGCGAT-1,16,L3-5 RORB MKX SCN5A,0.9606712330683397,Oligo MOG OPALIN,
TCGCAGGGTGTATTGC-1,3,Endo CLDN5 SLC7A5,0.40940838782824673,Endo CLDN5 SLC7A5,
TCGCAGGGTGTTCATG-1,4,Endo CLDN5 SLC7A5,0.6369867529850133,Oligo MOG OPALIN,
TCGCTCAAGTATCCTG-1,14,InN SST FREM1,0.9993838843334327,InN SST FREM1,
TCGCTCAGTGGTAATA-1,7,Oligo MOG OPALIN,0.5136883866618575,Endo CLDN5 SLC7A5,
TCGCTCATCAAACCTG-1,10,L5-6 FEZF2 NXPH2 SORCS3,0.5569680000627422,L2-3 CUX2 ACVR1C THSD7A,
TCGCTCATCCATCACC-1,16,L6 OPRK1 THEMIS RGS6,0.9942442606615565,Oligo MOG OPALIN,
TCGCTTGAGAGGCGGA-1,11,Micro P2RY12 APBB1IP,0.9997027293050745,Micro P2RY12 APBB1IP,
TCGCTTGAGCAAATCA-1,20,Oligo MOG OPALIN,0.684383892932826,Oligo MOG OPALIN,
TCGCTTGAGGTTAGTA-1,0,Oligo MOG OPALIN,0.9803809445994061,Oligo MOG OPALIN,
TCGCTTGAGTCTGCGC-1,5,Astro AQP4 SLC1A2,0.9967383556149441,Astro AQP4 SLC1A2,
TCGCTTGTCGCCAACG-1,19,PC P2RY14 GRM8,0.9999996575221415,PC P2RY14 GRM8,
TCGGATAAGCCGAATG-1,10,L6 FEZF2 SYT6 PTPRT,0.9835305426692547,L2-3 CUX2 ACVR1C THSD7A,
TCGGATACAAACACGG-1,0,Oligo MOG OPALIN,0.9988279312645549,Oligo MOG OPALIN,
TCGGATACAACTGCTA-1,8,Oligo MOG OPALIN,0.9594509446970189,Oligo MOG OPALIN,
TCGGATAGTCGATTAC-1,0,Oligo MOG OPALIN,0.9998468719430087,Oligo MOG OPALIN,
TCGGATATCCTAGCTC-1,13,Endo CLDN5 SLC7A5,0.5425492239609432,Endo CLDN5 SLC7A5,
TCGGGTGGTTCGAGCC-1,0,Oligo MOG OPALIN,0.9972802893636494,Oligo MOG OPALIN,
TCGGTCTAGTCAGCCC-1,5,Astro AQP4 SLC1A2,0.880306977053745,Astro AQP4 SLC1A2,
TCGGTCTAGTTACTCG-1,13,Oligo MOG OPALIN,0.6309226969387852,Endo CLDN5 SLC7A5,
TCGGTCTTCAGCCTTC-1,0,Oligo MOG OPALIN,0.9999842800454349,Oligo MOG OPALIN,
TCGGTCTTCCCGAGTG-1,22,Micro P2RY12 APBB1IP,0.9964229425767249,Micro P2RY12 APBB1IP,
TCGTAGAGTGGCTCTG-1,13,Endo CLDN5 SLC7A5,0.5047555366929712,Endo CLDN5 SLC7A5,
TCGTAGATCGAGTGGA-1,0,Oligo MOG OPALIN,0.9999991963181034,Oligo MOG OPALIN,
TCGTCCAAGTCATAGA-1,0,Oligo MOG OPALIN,0.9999891835951681,Oligo MOG OPALIN,
TCGTCCAAGTTCCATG-1,17,InN LAMP5 BMP7,0.99947061663094,InN LAMP5 BMP7,
TCGTCCACACACACTA-1,0,Oligo MOG OPALIN,0.9999975281511961,Oligo MOG OPALIN,
TCGTCCAGTGCACGCT-1,11,Micro P2RY12 APBB1IP,0.9949752338377139,Micro P2RY12 APBB1IP,
TCGTCCATCAGTGTGT-1,9,Astro AQP4 SLC1A2,0.9526572414554743,Astro AQP4 SLC1A2,
TCGTGCTAGCTGCGAA-1,10,L6 FEZF2 SYT6 PTPRT,0.8143464922779207,L2-3 CUX2 ACVR1C THSD7A,
TCGTGCTAGGGACAGG-1,10,L6 FEZF2 AMOTL1 CDH6,0.4852769802596418,L2-3 CUX2 ACVR1C THSD7A,
TCGTGCTAGTTTGAGA-1,10,L6 FEZF2 SYT6 CDH9,0.46966357135339626,L2-3 CUX2 ACVR1C THSD7A,
TCGTGCTTCATCGCAA-1,16,L2-3 CUX2 NTNG1 PALMD,0.4848517313317625,Oligo MOG OPALIN,
TCGTGGGCAACCTATG-1,3,Endo CLDN5 SLC7A5,0.9435186531433891,Endo CLDN5 SLC7A5,
TCGTGGGCACACCGAC-1,10,L2-3 CUX2 ACVR1C THSD7A,0.9514523474158236,L2-3 CUX2 ACVR1C THSD7A,
TCGTGGGGTATACCTG-1,14,InN SST KLHL14,0.9314136799993378,InN SST FREM1,
TCTAACTCACCGAATT-1,0,Oligo MOG OPALIN,0.9997801262952283,Oligo MOG OPALIN,
TCTAACTGTAGCCAGA-1,18,InN VIP EXPH5,0.5969633791664594,InN VIP HS3ST3B1,
TCTAACTGTATCCCAA-1,6,Oligo MOG GSN,0.9805684288033215,Oligo MOG GSN,
TCTAACTGTCGAATGG-1,5,Astro AQP4 SLC1A2,0.999956997387497,Astro AQP4 SLC1A2,
TCTACATAGCTGGTGA-1,13,Endo CLDN5 SLC7A5,0.5963199052474278,Endo CLDN5 SLC7A5,
TCTACATAGGTGCTAG-1,21,PC P2RY14 GRM8,0.9994995691063723,PC P2RY14 GRM8,
TCTACATCATGTTCGA-1,0,Oligo MOG OPALIN,0.9987388739547811,Oligo MOG OPALIN,
TCTACCGCAGTTCCAA-1,4,Oligo MOG OPALIN,0.9051479046025065,Oligo MOG OPALIN,
TCTACCGGTCACTAGT-1,0,Oligo MOG OPALIN,0.9990715414552681,Oligo MOG OPALIN,
TCTACCGTCATGGATC-1,19,PC P2RY14 GRM8,0.9999736429761522,PC P2RY14 GRM8,
TCTATCAAGGAAACGA-1,15,Astro GFAP AQP1,0.9959829717161278,Astro GFAP AQP1,
TCTATCAAGGCCTGCT-1,5,Astro AQP4 SLC1A2,0.9999302267581015,Astro AQP4 SLC1A2,
TCTATCAAGGTGCATG-1,2,Astro AQP4 SLC1A2,0.9144681123303077,Astro AQP4 SLC1A2,
TCTATCAAGTCCGCGT-1,2,Astro AQP4 SLC1A2,0.9815883497600426,Astro AQP4 SLC1A2,
TCTATCAGTCTTGAAC-1,12,OPC PDGFRA PCDH15,0.9999999999341844,OPC PDGFRA PCDH15,
TCTATCATCTCATGGA-1,1,Oligo MOG OPALIN,0.9999973078977874,Oligo MOG OPALIN,
TCTCACGCATCAGCGC-1,1,Oligo MOG OPALIN,0.9974235371554633,Oligo MOG OPALIN,
TCTCACGGTCGTCGGT-1,9,Astro AQP4 SLC1A2,0.9999721035590038,Astro AQP4 SLC1A2,
TCTCAGCGTGGCCCAT-1,8,Oligo MOG OPALIN,0.9990635677754779,Oligo MOG OPALIN,
TCTCCGACACGCTGTG-1,6,Oligo MOG OPALIN,0.994182252271652,Oligo MOG GSN,
TCTGCCAAGTACGTCT-1,19,PC P2RY14 GRM8,0.9989460853746787,PC P2RY14 GRM8,
TCTGCCACACTCCTGT-1,3,Endo CLDN5 SLC7A5,0.8767678391560163,Endo CLDN5 SLC7A5,
TCTGGCTAGTTGCTGT-1,2,Astro AQP4 SLC1A2,0.8937486980063056,Astro AQP4 SLC1A2,
TCTGGCTGTCTCCCTA-1,1,Oligo MOG OPALIN,0.9998616337428833,Oligo MOG OPALIN,
TCTGGCTTCATGCCCT-1,3,Endo CLDN5 SLC7A5,0.34857540035999474,Endo CLDN5 SLC7A5,
TCTGTCGAGCATCCTA-1,5,Astro AQP4 SLC1A2,0.8926844250595967,Astro AQP4 SLC1A2,
TCTGTCGAGGTCCCTG-1,1,Oligo MOG OPALIN,0.9995688312215945,Oligo MOG OPALIN,
TCTTAGTAGGAGTACC-1,4,Oligo MOG OPALIN,0.8989748443945653,Oligo MOG OPALIN,
TCTTAGTCACTATGTG-1,12,OPC PDGFRA PCDH15,0.9999999999999958,OPC PDGFRA PCDH15,
TCTTAGTGTCCACAGC-1,2,Astro AQP4 SLC1A2,0.5175264960553064,Astro AQP4 SLC1A2,
TCTTAGTGTGGCTCTG-1,0,Oligo MOG OPALIN,0.9715722541468728,Oligo MOG OPALIN,
TCTTAGTTCATATGGC-1,1,Oligo MOG OPALIN,0.9999755656111828,Oligo MOG OPALIN,
TCTTCCTAGCAAGTCG-1,18,InN VIP EXPH5,0.9189045036527602,InN VIP HS3ST3B1,
TCTTCCTCATAGTCGT-1,3,Endo CLDN5 SLC7A5,0.46599720804114814,Endo CLDN5 SLC7A5,
TCTTCCTGTAACCCGC-1,1,Oligo MOG OPALIN,0.9993365018063322,Oligo MOG OPALIN,
TCTTCCTGTAGGGAGG-1,0,Oligo MOG OPALIN,0.9999132911328579,Oligo MOG OPALIN,
TCTTCCTGTGAGTTGG-1,9,Astro AQP4 SLC1A2,0.8956116177974033,Astro AQP4 SLC1A2,
TCTTCCTTCTTGAACG-1,12,OPC PDGFRA PCDH15,0.9999999999999998,OPC PDGFRA PCDH15,
TCTTGCGGTAGTCTTG-1,1,Oligo MOG OPALIN,0.9996750455694505,Oligo MOG OPALIN,
TCTTGCGGTCGATTAC-1,2,Astro AQP4 SLC1A2,0.9094373438286137,Astro AQP4 SLC1A2,
TCTTGCGTCCTAAGTG-1,1,Oligo MOG OPALIN,0.9989566141819444,Oligo MOG OPALIN,
TCTTTGAAGAGGCGGA-1,1,Oligo MOG OPALIN,0.9250832456648592,Oligo MOG OPALIN,
TCTTTGAGTCCTGTTC-1,15,Astro GFAP AQP1,0.9515934029784774,Astro GFAP AQP1,
TCTTTGATCCTACACC-1,8,Oligo MOG OPALIN,0.9999537023657648,Oligo MOG OPALIN,
TGAACGTAGAATAACC-1,11,Micro P2RY12 APBB1IP,0.9997296255541794,Micro P2RY12 APBB1IP,
TGAACGTAGGCAGTCA-1,24,Endo CLDN5 IL1R1,0.9995833341484058,Endo CLDN5 SLC7A5,
TGAACGTAGTTTCTTC-1,0,Oligo MOG OPALIN,0.9999200235636209,Oligo MOG OPALIN,
TGAACGTCACCTGAAT-1,11,Micro P2RY12 APBB1IP,0.9480317415598012,Micro P2RY12 APBB1IP,
TGAACGTCATCGATGT-1,15,Astro GFAP AQP1,0.9880948378536809,Astro GFAP AQP1,
TGAATCGAGATAACAC-1,15,Astro GFAP AQP1,0.5306279869707569,Astro GFAP AQP1,
TGAATCGAGTGAGGCT-1,5,Astro AQP4 SLC1A2,0.9391544720221294,Astro AQP4 SLC1A2,
TGAATGCCACTGAGTT-1,8,Oligo MOG OPALIN,0.9999999226861103,Oligo MOG OPALIN,
TGAATGCCACTGCATA-1,17,InN PVALB HPSE,0.999698517242314,InN LAMP5 BMP7,
TGACAGTAGAGTGAAG-1,3,Endo CLDN5 SLC7A5,0.7304079150060847,Endo CLDN5 SLC7A5,
TGACAGTCAACACGAG-1,7,Endo CLDN5 SLC7A5,0.8224203337662802,Endo CLDN5 SLC7A5,
TGACAGTTCTTTCCAA-1,0,Oligo MOG OPALIN,0.9999663629219013,Oligo MOG OPALIN,
TGACCCTTCTGAGTCA-1,2,Astro AQP4 SLC1A2,0.9989434488891108,Astro AQP4 SLC1A2,
TGACGCGCAGGCAATG-1,0,Oligo MOG OPALIN,0.999551028599724,Oligo MOG OPALIN,
TGACGCGGTTGCATTG-1,11,Micro P2RY12 APBB1IP,0.8148587454396676,Micro P2RY12 APBB1IP,
TGACGCGTCAAGGTGG-1,0,Oligo MOG OPALIN,0.9995436517098935,Oligo MOG OPALIN,
TGACTCCAGACACACG-1,0,Oligo MOG OPALIN,0.9998933477442684,Oligo MOG OPALIN,
TGACTCCAGGACTATA-1,7,Endo CLDN5 SLC7A5,0.8773560248228273,Endo CLDN5 SLC7A5,
TGACTCCCAAACTAGA-1,10,L6 FEZF2 SYT6 PTPRT,0.6934585790570466,L2-3 CUX2 ACVR1C THSD7A,
TGACTCCCACCATATG-1,0,Oligo MOG OPALIN,0.9999385044356592,Oligo MOG OPALIN,
TGACTCCTCTGGCCAG-1,3,Endo CLDN5 SLC7A5,0.9101334664918035,Endo CLDN5 SLC7A5,
TGAGACTGTTAGTTCG-1,20,Oligo MOG OPALIN,0.9791135118528866,Oligo MOG OPALIN,
TGAGCATAGTGATAAC-1,10,L5-6 FEZF2 NXPH2 SORCS3,0.7965526850700728,L2-3 CUX2 ACVR1C THSD7A,
TGAGCATCATGACTGT-1,1,Oligo MOG OPALIN,0.6593783796156383,Oligo MOG OPALIN,
TGAGCATGTATAGGAT-1,8,Oligo MOG OPALIN,0.9798370526667382,Oligo MOG OPALIN,
TGAGCATGTTTCGTAG-1,14,InN SST FREM1,0.9998495576126082,InN SST FREM1,
TGAGCATTCCTACCAC-1,1,Oligo MOG OPALIN,0.9997499122578689,Oligo MOG OPALIN,
TGAGCATTCGACATAC-1,2,Astro AQP4 SLC1A2,0.9691509266032018,Astro AQP4 SLC1A2,
TGAGCGCAGAGAGCCT-1,5,Astro GFAP AQP1,0.44021721304880346,Astro AQP4 SLC1A2,
TGAGCGCAGTCTAGCT-1,6,Oligo MOG GSN,0.9999999704812912,Oligo MOG GSN,
TGAGCGCAGTTATGGA-1,10,L2-3 CUX2 ACVR1C THSD7A,0.998797736442625,L2-3 CUX2 ACVR1C THSD7A,
TGAGCGCGTACTAACC-1,13,L2-3 CUX2 ACVR1C INHBA,0.842718618658006,Endo CLDN5 SLC7A5,
TGAGCGCGTCTGTGGC-1,16,L2-3 CUX2 ACVR1C THSD7A,0.6557082665304256,Oligo MOG OPALIN,
TGAGGAGCAATCAAGA-1,4,Oligo MOG OPALIN,0.9922115992576833,Oligo MOG OPALIN,
TGAGGAGCAGCGGATA-1,5,Astro AQP4 SLC1A2,0.9850626434905727,Astro AQP4 SLC1A2,
TGAGGGAGTCACCCTT-1,3,L2-3 CUX2 NTNG1 PALMD,0.5747828902874668,Endo CLDN5 SLC7A5,
TGAGGGAGTGACTCTA-1,1,Oligo MOG OPALIN,0.9999751598525869,Oligo MOG OPALIN,
TGAGGGATCTGGTGGC-1,3,Endo CLDN5 SLC7A5,0.7017472467957196,Endo CLDN5 SLC7A5,
TGAGGTTTCGATTGAC-1,8,Oligo MOG OPALIN,0.9996861556174442,Oligo MOG OPALIN,
TGAGTCAAGGTCGCCT-1,3,Endo CLDN5 SLC7A5,0.6533383180254846,Endo CLDN5 SLC7A5,
TGATCAGAGGCTTCCG-1,4,Endo CLDN5 SLC7A5,0.5573476169288353,Oligo MOG OPALIN,
TGATCAGCAGCCTACG-1,5,Astro AQP4 SLC1A2,0.9988251178342337,Astro AQP4 SLC1A2,
TGATCAGGTAACATGA-1,16,L6 FEZF2 SYT6 CDH9,0.3271057437384578,Oligo MOG OPALIN,
TGATCAGGTAAGCAAT-1,14,InN SST FREM1,0.8502118775927261,InN SST FREM1,
TGATCTTAGCGGCTCT-1,13,Endo CLDN5 SLC7A5,0.7654274811836499,Endo CLDN5 SLC7A5,
TGATGCAAGCATGATA-1,18,InN VIP FREM2,0.4442913111228088,InN VIP HS3ST3B1,
TGATGCACACTGTGTA-1,0,Oligo MOG OPALIN,0.9976931234161077,Oligo MOG OPALIN,
TGATGCACATAATGAG-1,20,Oligo MOG OPALIN,0.9997955673160495,Oligo MOG OPALIN,
TGATGCAGTAATTAGG-1,1,Oligo MOG OPALIN,0.999998983320795,Oligo MOG OPALIN,
TGATGCAGTATCCCAA-1,19,PC P2RY14 GRM8,0.998682173917574,PC P2RY14 GRM8,
TGATGCATCCGCAAAT-1,12,OPC PDGFRA PCDH15,0.9999999999998188,OPC PDGFRA PCDH15,
TGATGCATCTGGCCTT-1,2,Astro AQP4 SLC1A2,0.37402720363125996,Astro AQP4 SLC1A2,
TGATGGTAGATTGACA-1,10,L6 OPRK1 SMYD1 KCND2,0.6318664313609542,L2-3 CUX2 ACVR1C THSD7A,
TGATGGTGTACGTTCA-1,3,Endo CLDN5 SLC7A5,0.3558844817535052,Endo CLDN5 SLC7A5,
TGATGGTTCGCCATAA-1,18,InN VIP EGF,0.9580467214530191,InN VIP HS3ST3B1,
TGATGGTTCTTGCAAG-1,5,Astro AQP4 SLC1A2,0.8689623427489849,Astro AQP4 SLC1A2,
TGATTCTCAAGACCTT-1,3,Endo CLDN5 SLC7A5,0.4843111005388648,Endo CLDN5 SLC7A5,
TGATTCTCAGATAAAC-1,10,L6 OPRK1 THEMIS RGS6,0.9999480889349532,L2-3 CUX2 ACVR1C THSD7A,
TGATTCTTCTGGTTGA-1,0,Oligo MOG OPALIN,0.9999672789693848,Oligo MOG OPALIN,
TGATTTCCAGAAGTGC-1,3,Endo CLDN5 SLC7A5,0.613103933238253,Endo CLDN5 SLC7A5,
TGATTTCCATCCGCGA-1,3,Oligo MOG OPALIN,0.5772524804903262,Endo CLDN5 SLC7A5,
TGCACGGAGTCATCCA-1,1,Oligo MOG OPALIN,0.9890405090101779,Oligo MOG OPALIN,
TGCACGGCAAAGGCGT-1,0,Oligo MOG OPALIN,0.947473285808748,Oligo MOG OPALIN,
TGCAGATAGAGGTGCT-1,0,Oligo MOG OPALIN,0.9999980042511274,Oligo MOG OPALIN,
TGCAGATAGGCCTGCT-1,18,InN VIP EXPH5,0.9995549653557435,InN VIP HS3ST3B1,
TGCAGATGTGCTCGTG-1,16,L3-5 RORB MKX DCC,0.9957302506219387,Oligo MOG OPALIN,
TGCAGATGTTACGCCG-1,6,Oligo MOG GSN,0.9941877902617298,Oligo MOG GSN,
TGCAGGCAGTAGGCCA-1,19,VLMC COL1A2 SLC13A3,0.8422536675185706,PC P2RY14 GRM8,
TGCAGGCCAGTCGCTG-1,9,Astro AQP4 SLC1A2,0.9981975727782084,Astro AQP4 SLC1A2,
TGCAGGCTCTACACTT-1,10,L3-5 RORB PCBP3 IL1RAPL2,0.6516083048695966,L2-3 CUX2 ACVR1C THSD7A,
TGCAGTAAGAGTTCGG-1,21,PC P2RY14 GRM8,0.9997439479995879,PC P2RY14 GRM8,
TGCAGTAGTCTACAGT-1,0,Oligo MOG OPALIN,0.9999542172535211,Oligo MOG OPALIN,
TGCAGTATCGCAGATT-1,0,Oligo MOG OPALIN,0.9968691358389542,Oligo MOG OPALIN,
TGCATCCAGGCCTTCG-1,2,Astro AQP4 SLC1A2,0.9813263351014517,Astro AQP4 SLC1A2,
TGCATCCGTACGCTAT-1,1,Oligo MOG OPALIN,0.9981905064198632,Oligo MOG OPALIN,
TGCATCCTCGCGTAGC-1,6,Oligo MOG GSN,0.9920313689217622,Oligo MOG GSN,
TGCATCCTCGTGGAAG-1,10,L3-5 RORB GABRG1 KCNH7,0.7201560607001203,L2-3 CUX2 ACVR1C THSD7A,
TGCATGAAGAGCCCAA-1,0,Oligo MOG OPALIN,0.9997112341224756,Oligo MOG OPALIN,
TGCATGATCTTCGGTC-1,2,Oligo MOG OPALIN,0.9704997243793527,Astro AQP4 SLC1A2,
TGCCGAGAGATTAGCA-1,23,Endo CLDN5 SLC7A5,0.6272775821871494,Endo CLDN5 SLC7A5,
TGCGACGGTACTCGAT-1,2,Astro AQP4 SLC1A2,0.9995500915308667,Astro AQP4 SLC1A2,
TGCGACGTCTTACCGC-1,6,Oligo MOG GSN,0.9999994276342742,Oligo MOG GSN,
TGCGATAAGTAGGATT-1,1,Oligo MOG OPALIN,0.9999723667623241,Oligo MOG OPALIN,
TGCGATACACGCTGCA-1,13,Astro GFAP AQP1,0.4167373499002956,Endo CLDN5 SLC7A5,
TGCGATACATACACCA-1,0,Oligo MOG OPALIN,0.9999478369588505,Oligo MOG OPALIN,
TGCGGGTAGATACGAT-1,10,L2-3 CUX2 ACVR1C THSD7A,0.9987803973199619,L2-3 CUX2 ACVR1C THSD7A,
TGCGGGTTCTCGCTCA-1,1,Oligo MOG OPALIN,0.9210749071136426,Oligo MOG OPALIN,
TGCTCCAAGCCTCACG-1,13,Oligo MOG OPALIN,0.7163100510469332,Endo CLDN5 SLC7A5,
TGCTCCACAAGCGGAT-1,6,Oligo MOG OPALIN,0.9998026416431292,Oligo MOG GSN,
TGCTCCAGTCTTCCGT-1,11,Micro P2RY12 APBB1IP,0.9997071987790818,Micro P2RY12 APBB1IP,
TGCTCCAGTGTGCTTA-1,3,Endo CLDN5 SLC7A5,0.7116111629970817,Endo CLDN5 SLC7A5,
TGCTCGTCACTACGGC-1,2,Astro AQP4 SLC1A2,0.9852669292873822,Astro AQP4 SLC1A2,
TGCTGAAGTCACTCTC-1,7,L2-4 CUX2 RORB CLMN,0.4188270429699131,Endo CLDN5 SLC7A5,
TGCTGAATCTTCCCAG-1,19,PC P2RY14 GRM8,0.9999988048264099,PC P2RY14 GRM8,
TGCTTCGAGAAATTGC-1,7,Endo CLDN5 SLC7A5,0.8762731229165849,Endo CLDN5 SLC7A5,
TGCTTCGCAACAAAGT-1,3,Oligo MOG OPALIN,0.40780353054521634,Endo CLDN5 SLC7A5,
TGCTTCGTCAGGAAGC-1,3,Endo CLDN5 SLC7A5,0.6525007673071215,Endo CLDN5 SLC7A5,
TGCTTGCAGACCATTC-1,7,Endo CLDN5 SLC7A5,0.44748954553649695,Endo CLDN5 SLC7A5,
TGCTTGCAGCATGATA-1,8,Oligo MOG OPALIN,0.8825271669178453,Oligo MOG OPALIN,
TGCTTGCAGGTAAGAG-1,8,Oligo MOG FRY,0.7611099093535454,Oligo MOG OPALIN,
TGCTTGCCACCGCTAG-1,19,PC P2RY14 GRM8,0.9958263081767692,PC P2RY14 GRM8,
TGCTTGCTCATGGGAG-1,15,Astro GFAP AQP1,0.9990739170933857,Astro GFAP AQP1,
TGGAACTGTTAAGGGC-1,0,Oligo MOG OPALIN,0.9998634299183734,Oligo MOG OPALIN,
TGGAGAGCACTGGCGT-1,2,Astro AQP4 SLC1A2,0.6701912969276497,Astro AQP4 SLC1A2,
TGGAGAGGTAAGGCTG-1,0,Oligo MOG OPALIN,0.9886208376413718,Oligo MOG OPALIN,
TGGAGAGGTGGAGGTT-1,8,Oligo MOG OPALIN,0.9996396568250168,Oligo MOG OPALIN,
TGGAGAGTCGCACGAC-1,8,Oligo MOG OPALIN,0.9995052681750506,Oligo MOG OPALIN,
TGGAGGAAGAAATGGG-1,12,OPC PDGFRA PCDH15,0.9999999999999969,OPC PDGFRA PCDH15,
TGGAGGAAGTGCTCGC-1,17,InN PVALB PRKCH,0.9810089348722119,InN LAMP5 BMP7,
TGGAGGACATAGGTAA-1,0,Oligo MOG OPALIN,0.9999709862063346,Oligo MOG OPALIN,
TGGAGGATCCCTCTTT-1,3,Endo CLDN5 SLC7A5,0.9219910982625898,Endo CLDN5 SLC7A5,
TGGAGGATCCTCGATC-1,21,PC P2RY14 GRM8,0.9998732768515868,PC P2RY14 GRM8,
TGGAGGATCCTTGACC-1,2,Astro AQP4 SLC1A2,0.9983685348684272,Astro AQP4 SLC1A2,
TGGATCAAGGATAATC-1,10,L6 FEZF2 SYT6 ERBB4,0.5183276749387519,L2-3 CUX2 ACVR1C THSD7A,
TGGATCAAGGTACTGG-1,4,Endo CLDN5 SLC7A5,0.5233397079960321,Oligo MOG OPALIN,
TGGATCACACAGCTGC-1,6,Oligo MOG OPALIN,0.999944394129836,Oligo MOG GSN,
TGGATCACATAGCACT-1,14,InN SST ADAMTSL1,0.8365683908060816,InN SST FREM1,
TGGATCATCAAGCGTT-1,5,Astro AQP4 SLC1A2,0.9980068188850466,Astro AQP4 SLC1A2,
TGGATCATCACTGTTT-1,1,Oligo MOG OPALIN,0.9997662503195369,Oligo MOG OPALIN,
TGGATCATCTGAGATC-1,5,Astro AQP4 SLC1A2,0.9974554743365825,Astro AQP4 SLC1A2,
TGGATGTAGGTTGGTG-1,2,Astro AQP4 SLC1A2,0.35385719207790745,Astro AQP4 SLC1A2,
TGGATGTCAATCTGCA-1,9,Astro AQP4 SLC1A2,0.9635722065043197,Astro AQP4 SLC1A2,
TGGATGTTCTATGTGG-1,23,Endo CLDN5 SLC7A5,0.7165121333313558,Endo CLDN5 SLC7A5,
TGGCGTGAGCCGAATG-1,3,Endo CLDN5 SLC7A5,0.5434626321221546,Endo CLDN5 SLC7A5,
TGGCGTGAGTGCACCC-1,2,Endo CLDN5 SLC7A5,0.5193700948411786,Astro AQP4 SLC1A2,
TGGCGTGTCGAACACT-1,6,Oligo MOG GSN,0.9863330983475874,Oligo MOG GSN,
TGGCGTGTCGAGAAAT-1,0,Oligo MOG OPALIN,0.9999944913780454,Oligo MOG OPALIN,
TGGCGTGTCGCATGAT-1,5,Astro AQP4 SLC1A2,0.9952899707835594,Astro AQP4 SLC1A2,
TGGCGTGTCGGAATGG-1,11,Micro P2RY12 APBB1IP,0.8699618697398391,Micro P2RY12 APBB1IP,
TGGGAAGAGGAAACGA-1,0,Oligo MOG OPALIN,0.9986717807573339,Oligo MOG OPALIN,
TGGGAAGGTGGCCCAT-1,7,Endo CLDN5 SLC7A5,0.7310621878955224,Endo CLDN5 SLC7A5,
TGGGAAGTCCAGCCTT-1,5,Astro GFAP AQP1,0.8319722601688898,Astro AQP4 SLC1A2,
TGGGAGAAGTCGGGAT-1,2,Endo CLDN5 SLC7A5,0.4087943683690859,Astro AQP4 SLC1A2,
TGGGAGACAGCACAGA-1,9,Astro AQP4 SLC1A2,0.9946120949303228,Astro AQP4 SLC1A2,
TGGGAGACATGAAGCG-1,10,L3-5 RORB PCBP3 IL1RAPL2,0.3627352063669237,L2-3 CUX2 ACVR1C THSD7A,
TGGGAGATCTCGGCTT-1,0,Oligo MOG OPALIN,0.9999915769189726,Oligo MOG OPALIN,
TGGGATTCACCCTGTT-1,1,Oligo MOG OPALIN,0.9998619158483546,Oligo MOG OPALIN,
TGGGATTGTTCTATCT-1,17,InN PVALB SNTB1,0.9555668757942464,InN LAMP5 BMP7,
TGGGATTTCTGGTCAA-1,0,Oligo MOG OPALIN,0.9999833327164963,Oligo MOG OPALIN,
TGGGCGTGTTTCTTAC-1,10,L6 FEZF2 SYT6 ERBB4,0.43385484342644276,L2-3 CUX2 ACVR1C THSD7A,
TGGGCGTGTTTGTTGG-1,10,L2-3 CUX2 ACVR1C THSD7A,0.9985047920889646,L2-3 CUX2 ACVR1C THSD7A,
TGGGCTGCACGCTTAA-1,12,OPC PDGFRA PCDH15,0.9999999999999756,OPC PDGFRA PCDH15,
TGGGCTGCAGACACCC-1,4,Oligo MOG OPALIN,0.4188039656328189,Oligo MOG OPALIN,
TGGGTTACATGCCGCA-1,5,Astro AQP4 SLC1A2,0.98620826881773,Astro AQP4 SLC1A2,
TGGGTTAGTAGCGTTT-1,15,Astro GFAP AQP1,0.9336829461960553,Astro GFAP AQP1,
TGGGTTATCCGCTGTT-1,1,Oligo MOG OPALIN,0.999911712420461,Oligo MOG OPALIN,
TGGTACACACAATGCT-1,4,Oligo MOG OPALIN,0.9707627998049304,Oligo MOG OPALIN,
TGGTACACATCCAACA-1,11,Micro P2RY12 APBB1IP,0.5373307190979675,Micro P2RY12 APBB1IP,
TGGTACAGTAAGACCG-1,8,Oligo MOG OPALIN,0.9949421517054825,Oligo MOG OPALIN,
TGGTACAGTGAGATCG-1,16,L3-5 RORB MKX DCC,0.9805533472820709,Oligo MOG OPALIN,
TGGTAGTAGAGCAGCT-1,16,L3-5 RORB MKX DCC,0.9992602646263293,Oligo MOG OPALIN,
TGGTAGTAGTAACCTC-1,18,InN VIP HS3ST3B1,0.9987596260018426,InN VIP HS3ST3B1,
TGGTAGTGTGTTGACT-1,18,InN VIP CLSTN2,0.9955042835421158,InN VIP HS3ST3B1,
TGGTGATAGCTGGCCT-1,4,Oligo MOG OPALIN,0.6608966489304174,Oligo MOG OPALIN,
TGGTGATAGGAGTCTG-1,15,Astro GFAP AQP1,0.9760764901844761,Astro GFAP AQP1,
TGGTGATAGTAAGGGA-1,1,Oligo MOG OPALIN,0.9984517165536846,Oligo MOG OPALIN,
TGGTGATGTACGATGG-1,5,Astro AQP4 SLC1A2,0.9898109007304391,Astro AQP4 SLC1A2,
TGGTTAGAGATGCGAC-1,1,Oligo MOG OPALIN,0.9998782664760683,Oligo MOG OPALIN,
TGGTTAGAGCGAGTCA-1,3,InN PVALB SYT2,0.9191995276481367,Endo CLDN5 SLC7A5,
TGGTTAGAGCGTACAG-1,22,Micro P2RY12 APBB1IP,0.8058596503942564,Micro P2RY12 APBB1IP,
TGGTTAGAGGCAGTCA-1,10,L6 OPRK1 THEMIS RGS6,0.9994240878699365,L2-3 CUX2 ACVR1C THSD7A,
TGGTTAGCAGTTGCGC-1,4,T SKAP1 CD247,0.5008002504239277,Oligo MOG OPALIN,
TGTAACGAGCCTGACC-1,17,InN LAMP5 LHX6 TAC1,0.9996102980483379,InN LAMP5 BMP7,
TGTAACGAGGGCTAAC-1,2,Astro AQP4 SLC1A2,0.6830949935919033,Astro AQP4 SLC1A2,
TGTAACGCAAGACGAC-1,1,Oligo MOG OPALIN,0.9984466000395966,Oligo MOG OPALIN,
TGTAACGCACGGTGCT-1,0,Oligo MOG OPALIN,0.9999262470752984,Oligo MOG OPALIN,
TGTAACGGTGGCACTC-1,5,Astro AQP4 SLC1A2,0.9981027160541135,Astro AQP4 SLC1A2,
TGTAAGCAGTCTCTGA-1,1,Oligo MOG OPALIN,0.999709781274281,Oligo MOG OPALIN,
TGTAAGCGTAGGAAAG-1,16,L3-5 RORB MKX DCC,0.995801445264249,Oligo MOG OPALIN,
TGTAAGCGTAGGCTGA-1,7,L6 FEZF2 NPFFR2 TPD52L1,0.8548606758063836,Endo CLDN5 SLC7A5,
TGTACAGTCGAGCTGC-1,0,Oligo MOG OPALIN,0.9918478422878512,Oligo MOG OPALIN,
TGTAGACCAACGTTAC-1,16,Endo CLDN5 SLC7A5,0.32503588154774676,Oligo MOG OPALIN,
TGTAGACGTCACCTTC-1,7,Oligo MOG OPALIN,0.6411139097610129,Endo CLDN5 SLC7A5,
TGTAGACTCCATTGGA-1,9,Astro AQP4 SLC1A2,0.9234939127122589,Astro AQP4 SLC1A2,
TGTCAGAAGGTAAGGA-1,3,L5 FEZF2 BCL11B POU3F1,0.5486176628091868,Endo CLDN5 SLC7A5,
TGTCAGAAGTGCCTCG-1,10,L2-3 CUX2 ACVR1C THSD7A,0.9711219560282567,L2-3 CUX2 ACVR1C THSD7A,
TGTCAGAAGTGGTTGG-1,2,Astro AQP4 SLC1A2,0.9868923692562918,Astro AQP4 SLC1A2,
TGTCCACCAAGACCTT-1,19,PC P2RY14 GRM8,0.9329502946016212,PC P2RY14 GRM8,
TGTCCACGTGTGGACA-1,6,Oligo MOG OPALIN,0.9936294513787954,Oligo MOG GSN,
TGTCCCAGTACCCGCA-1,16,L6 OPRK1 THEMIS RGS6,0.9047121617147552,Oligo MOG OPALIN,
TGTCCCAGTCTTACTT-1,19,VLMC COL1A2 VLMCA8,0.3283209366205806,PC P2RY14 GRM8,
TGTCCCAGTGTGTGGA-1,3,Endo CLDN5 SLC7A5,0.9402532254599545,Endo CLDN5 SLC7A5,
TGTCCCATCTTGGCTC-1,8,Oligo MOG OPALIN,0.9936197680374684,Oligo MOG OPALIN,
TGTCCTGCAGAACGCA-1,0,Oligo MOG OPALIN,0.9999825780539014,Oligo MOG OPALIN,
TGTCCTGCAGCGAACA-1,0,Oligo MOG OPALIN,0.9985772081050731,Oligo MOG OPALIN,
TGTCCTGTCTCGTCGT-1,1,Oligo MOG OPALIN,0.9974458921180185,Oligo MOG OPALIN,
TGTGAGTAGGGCCAAT-1,9,Astro AQP4 SLC1A2,0.9996869061198862,Astro AQP4 SLC1A2,
TGTGAGTAGTTAACGA-1,19,VLMC COL1A2 VLMCA8,0.974000070736346,PC P2RY14 GRM8,
TGTGAGTCAATCACGT-1,12,OPC PDGFRA PCDH15,0.9999999999950273,OPC PDGFRA PCDH15,
TGTGAGTGTAGTTAGA-1,14,InN SST FREM1,0.9449973077103361,InN SST FREM1,
TGTGAGTTCCAGCACG-1,18,InN VIP FREM2,0.9989487889582913,InN VIP HS3ST3B1,
TGTGCGGCAATCCAGT-1,16,Oligo MOG OPALIN,0.7186580064915083,Oligo MOG OPALIN,
TGTGCGGCAGGCTTGC-1,4,Endo CLDN5 SLC7A5,0.7548109659568607,Oligo MOG OPALIN,
TGTGCGGTCCAGCACG-1,1,Oligo MOG OPALIN,0.9994840369239959,Oligo MOG OPALIN,
TGTGGCGCACCTATCC-1,3,Endo CLDN5 SLC7A5,0.438034673998645,Endo CLDN5 SLC7A5,
TGTGGCGCACTCAAGT-1,2,Oligo MOG OPALIN,0.630645325623632,Astro AQP4 SLC1A2,
TGTGTGAAGAATCGTA-1,1,Oligo MOG OPALIN,0.9986436684254635,Oligo MOG OPALIN,
TGTGTGAGTGGTTTGT-1,12,OPC PDGFRA PCDH15,0.9999999999999716,OPC PDGFRA PCDH15,
TGTGTGAGTTAAGAAC-1,2,Astro AQP4 SLC1A2,0.8969248001257397,Astro AQP4 SLC1A2,
TGTGTGATCGTCAACA-1,0,Oligo MOG OPALIN,0.9999493622202071,Oligo MOG OPALIN,
TGTTACTCATAACAGA-1,8,Oligo MOG OPALIN,0.9308143933696551,Oligo MOG OPALIN,
TGTTACTGTCCATACA-1,5,Astro AQP4 SLC1A2,0.9847863151888161,Astro AQP4 SLC1A2,
TGTTACTGTTAAGGGC-1,3,Endo CLDN5 SLC7A5,0.6943544982199583,Endo CLDN5 SLC7A5,
TGTTACTTCAACTTTC-1,1,Oligo MOG OPALIN,0.999973639509914,Oligo MOG OPALIN,
TGTTACTTCGACGACC-1,0,Oligo MOG OPALIN,0.9940465952755828,Oligo MOG OPALIN,
TGTTCATGTAAGGTCG-1,2,Astro AQP4 SLC1A2,0.7110934728513507,Astro AQP4 SLC1A2,
TGTTCATGTTCTCAGA-1,4,Oligo MOG OPALIN,0.990832256223505,Oligo MOG OPALIN,
TGTTCCGAGTCCTGTA-1,6,Oligo MOG OPALIN,0.985952143385753,Oligo MOG GSN,
TGTTCCGGTACCGTCG-1,15,Astro GFAP AQP1,0.9333173950077169,Astro GFAP AQP1,
TGTTCCGGTCTCTCAC-1,13,Endo CLDN5 SLC7A5,0.4692617711784035,Endo CLDN5 SLC7A5,
TGTTCCGTCACTGAAC-1,13,Endo CLDN5 SLC7A5,0.9224440677692447,Endo CLDN5 SLC7A5,
TGTTCTACAATAGGGC-1,19,PC P2RY14 GRM8,0.9999917007531033,PC P2RY14 GRM8,
TGTTCTACATTGAAGA-1,15,Astro GFAP AQP1,0.6682548091181661,Astro GFAP AQP1,
TGTTCTATCACCTTGC-1,10,L2-3 CUX2 ACVR1C THSD7A,0.9565916192142624,L2-3 CUX2 ACVR1C THSD7A,
TGTTCTATCCAATCTT-1,3,Endo CLDN5 SLC7A5,0.8083128022856273,Endo CLDN5 SLC7A5,
TGTTCTATCTATACGG-1,8,Oligo MOG OPALIN,0.6442811053170161,Oligo MOG OPALIN,
TGTTGGACACAACGTT-1,1,Oligo MOG OPALIN,0.9999722456109364,Oligo MOG OPALIN,
TGTTGGACACCACTGG-1,0,Oligo MOG OPALIN,0.9997035792382899,Oligo MOG OPALIN,
TGTTGGACAGTTAGGG-1,1,Oligo MOG OPALIN,0.9881200785627358,Oligo MOG OPALIN,
TGTTGGAGTCTACATG-1,9,Astro AQP4 SLC1A2,0.3225462974748081,Astro AQP4 SLC1A2,
TGTTTGTAGGTCTACT-1,0,Oligo MOG OPALIN,0.9986162452562897,Oligo MOG OPALIN,
TGTTTGTCAGATTAAG-1,15,Astro GFAP AQP1,0.999619464634135,Astro GFAP AQP1,
TGTTTGTGTATGGTAA-1,10,L2-3 CUX2 ACVR1C THSD7A,0.9578156637433647,L2-3 CUX2 ACVR1C THSD7A,
TGTTTGTTCTTTCCAA-1,10,L2-4 CUX2 RORB CLMN,0.6989265954200679,L2-3 CUX2 ACVR1C THSD7A,
TTAATCCCACAGTCGC-1,12,OPC PDGFRA PCDH15,0.9999999999999998,OPC PDGFRA PCDH15,
TTAATCCGTCCGGATC-1,7,Endo CLDN5 SLC7A5,0.7243996102932754,Endo CLDN5 SLC7A5,
TTACAGGAGCGCCATC-1,0,Oligo MOG OPALIN,0.9971585794673454,Oligo MOG OPALIN,
TTACAGGAGTATGACA-1,0,Oligo MOG OPALIN,0.9999249513238735,Oligo MOG OPALIN,
TTACAGGCAGTTGTTG-1,8,Oligo MOG OPALIN,0.9994720796240288,Oligo MOG OPALIN,
TTACAGGGTCATGGCC-1,4,L2-3 CUX2 NTNG1 PALMD,0.8867596708333845,Oligo MOG OPALIN,
TTACAGGGTTCTTCAT-1,4,Endo CLDN5 SLC7A5,0.7352240030838308,Oligo MOG OPALIN,
TTACAGGTCAAACCCA-1,9,Astro AQP4 SLC1A2,0.8522205347809582,Astro AQP4 SLC1A2,
TTACAGGTCCGGCTTT-1,6,Oligo MOG GSN,0.9995147238067787,Oligo MOG GSN,
TTACAGGTCGACATAC-1,13,Endo CLDN5 SLC7A5,0.9516904982468604,Endo CLDN5 SLC7A5,
TTACCATGTGTCCGGT-1,3,Oligo MOG OPALIN,0.9893795619381804,Endo CLDN5 SLC7A5,
TTACCATTCAAATGCC-1,2,Astro AQP4 SLC1A2,0.6474555914502607,Astro AQP4 SLC1A2,
TTACCATTCCTTGACC-1,5,Astro AQP4 SLC1A2,0.4622134061415418,Astro AQP4 SLC1A2,
TTACCGCAGAGGGTGG-1,1,Oligo MOG OPALIN,0.9893338888100798,Oligo MOG OPALIN,
TTACCGCCAACACGTT-1,2,Astro AQP4 SLC1A2,0.913206245308597,Astro AQP4 SLC1A2,
TTACCGCCACAAACGG-1,13,Oligo MOG OPALIN,0.8084540128711365,Endo CLDN5 SLC7A5,
TTACCGCTCGCCAACG-1,13,Endo CLDN5 SLC7A5,0.9713501727709225,Endo CLDN5 SLC7A5,
TTACGCCAGTGATGGC-1,9,Astro AQP4 SLC1A2,0.9938470166377017,Astro AQP4 SLC1A2,
TTACGCCAGTTGCGAG-1,20,Oligo MOG OPALIN,0.9996087037341441,Oligo MOG OPALIN,
TTACGCCGTCTTGGTA-1,1,Oligo MOG OPALIN,0.9999744777127437,Oligo MOG OPALIN,
TTACGCCGTGTTGACT-1,8,Oligo MOG OPALIN,0.9999983000060021,Oligo MOG OPALIN,
TTACGCCTCCGCGGAT-1,6,Oligo MOG GSN,0.9999924395476613,Oligo MOG GSN,
TTACGTTCACGTCGTG-1,1,Oligo MOG OPALIN,0.9999930880214809,Oligo MOG OPALIN,
TTACGTTCACTAGAGG-1,0,Oligo MOG OPALIN,0.9999472781800909,Oligo MOG OPALIN,
TTACGTTGTATCGAGG-1,6,Oligo MOG GSN,0.9997173198036436,Oligo MOG GSN,
TTACGTTTCAAGCCAT-1,5,Astro AQP4 SLC1A2,0.9438320141266693,Astro AQP4 SLC1A2,
TTACGTTTCCAATCTT-1,16,Oligo MOG OPALIN,0.833644937577937,Oligo MOG OPALIN,
TTACTGTAGCTTTCCC-1,10,L2-3 CUX2 ACVR1C THSD7A,0.9826737451510111,L2-3 CUX2 ACVR1C THSD7A,
TTACTGTCAAGCCTGC-1,0,Oligo MOG OPALIN,0.9985333611135562,Oligo MOG OPALIN,
TTACTGTCAATTCTCT-1,15,Astro GFAP AQP1,0.9982596332151786,Astro GFAP AQP1,
TTACTGTCACAAATCC-1,0,Oligo MOG OPALIN,0.9999973062205372,Oligo MOG OPALIN,
TTACTGTTCCTCGATC-1,3,Endo CLDN5 SLC7A5,0.3434083309805611,Endo CLDN5 SLC7A5,
TTAGGCAAGTAGCAAT-1,7,Oligo MOG OPALIN,0.3653065500298665,Endo CLDN5 SLC7A5,
TTAGGCAAGTCGAATA-1,1,Oligo MOG OPALIN,0.9987113223241535,Oligo MOG OPALIN,
TTAGGCAGTTATGGTC-1,2,Endo CLDN5 SLC7A5,0.633063911425124,Astro AQP4 SLC1A2,
TTAGGCATCCACGTGG-1,2,Astro AQP4 SLC1A2,0.9643591935167888,Astro AQP4 SLC1A2,
TTAGGGTAGCACCAGA-1,5,Astro AQP4 SLC1A2,0.9493315757840903,Astro AQP4 SLC1A2,
TTAGGGTAGTTAACGA-1,18,InN VIP CLSTN2,0.84435274680818,InN VIP HS3ST3B1,
TTAGGGTTCTAGCCTC-1,21,PC P2RY14 GRM8,0.9987950320567878,PC P2RY14 GRM8,
TTAGTCTTCACGACTA-1,7,Oligo MOG OPALIN,0.998849379705397,Endo CLDN5 SLC7A5,
TTATTGCAGAACGTGC-1,3,Endo CLDN5 SLC7A5,0.5490498811430945,Endo CLDN5 SLC7A5,
TTATTGCAGGCTTCCG-1,6,Oligo MOG GSN,0.9999979744296572,Oligo MOG GSN,
TTCAATCAGGATGAGA-1,6,Oligo MOG GSN,0.999665132156849,Oligo MOG GSN,
TTCAATCAGTCACTAC-1,1,Oligo MOG OPALIN,0.9999926066744232,Oligo MOG OPALIN,
TTCACCGAGAGATCGC-1,0,Oligo MOG OPALIN,0.999569753506571,Oligo MOG OPALIN,
TTCACCGCAAGACGAC-1,6,Oligo MOG GSN,0.999999488982509,Oligo MOG GSN,
TTCACCGCACAATGCT-1,0,Oligo MOG OPALIN,0.9997720237929881,Oligo MOG OPALIN,
TTCACCGGTACGGTTT-1,2,Astro AQP4 SLC1A2,0.3077069788996584,Astro AQP4 SLC1A2,
TTCACCGTCCGTGGCA-1,0,Oligo MOG OPALIN,0.997838952302354,Oligo MOG OPALIN,
TTCACGCAGCTGAAAT-1,7,Endo CLDN5 SLC7A5,0.9015829679747895,Endo CLDN5 SLC7A5,
TTCACGCCACAGACGA-1,0,Oligo MOG OPALIN,0.9999807735025988,Oligo MOG OPALIN,
TTCACGCGTGTCATTG-1,11,Micro P2RY12 APBB1IP,0.9809642025609945,Micro P2RY12 APBB1IP,
TTCACGCGTTCCTACC-1,0,Oligo MOG OPALIN,0.9999781543867862,Oligo MOG OPALIN,
TTCACGCGTTTCCCAC-1,6,Oligo MOG GSN,0.999914022634499,Oligo MOG GSN,
TTCAGGAAGTAACGAT-1,0,Oligo MOG OPALIN,0.9838715570515898,Oligo MOG OPALIN,
TTCAGGAAGTCATCGT-1,1,Oligo MOG OPALIN,0.9994423238599827,Oligo MOG OPALIN,
TTCATGTAGCGAGTCA-1,0,Oligo MOG OPALIN,0.9991539954014752,Oligo MOG OPALIN,
TTCATGTCAGTTCCAA-1,2,Astro AQP4 SLC1A2,0.5115735715780558,Astro AQP4 SLC1A2,
TTCATGTGTGGGAGAG-1,17,InN LAMP5 BMP7,0.9991180747729824,InN LAMP5 BMP7,
TTCCAATTCAACGTGT-1,1,Oligo MOG OPALIN,0.9999654351509302,Oligo MOG OPALIN,
TTCCAATTCTGAATGC-1,1,Oligo MOG OPALIN,0.9995746357042167,Oligo MOG OPALIN,
TTCCACGAGGTTCTTG-1,5,Astro AQP4 SLC1A2,0.8973241223066735,Astro AQP4 SLC1A2,
TTCCACGGTACCCGCA-1,3,Endo CLDN5 SLC7A5,0.7276371504839637,Endo CLDN5 SLC7A5,
TTCCGGTAGTGCAACG-1,10,L2-3 CUX2 ACVR1C THSD7A,0.8925050954119895,L2-3 CUX2 ACVR1C THSD7A,
TTCCGGTCAGAGTCAG-1,11,Micro P2RY12 CCL3,0.9115144838461685,Micro P2RY12 APBB1IP,
TTCCGGTTCGCAGTGC-1,7,Endo CLDN5 SLC7A5,0.9892966953871415,Endo CLDN5 SLC7A5,
TTCCGGTTCGGATACT-1,0,Oligo MOG OPALIN,0.9980304352380595,Oligo MOG OPALIN,
TTCCGTGAGTGGCGAT-1,4,Endo CLDN5 SLC7A5,0.6398594790285214,Oligo MOG OPALIN,
TTCCTAAGTGTCCATA-1,6,Oligo MOG GSN,0.9991058397062585,Oligo MOG GSN,
TTCGATTGTTTACTGG-1,2,Astro AQP4 SLC1A2,0.9987604627988886,Astro AQP4 SLC1A2,
TTCGGTCAGCCTGTGC-1,3,Endo CLDN5 SLC7A5,0.7307621316890661,Endo CLDN5 SLC7A5,
TTCTAACCAGAGGAAA-1,17,InN PVALB HPSE,0.9992559231009941,InN LAMP5 BMP7,
TTCTAACTCTTGCGCT-1,22,Macro F13A1 COLEC12,0.9945279448222639,Micro P2RY12 APBB1IP,
TTCTAGTAGACGACTG-1,18,InN VIP FREM2,0.9923524570340913,InN VIP HS3ST3B1,
TTCTAGTCAAGTTGGG-1,1,Oligo MOG OPALIN,0.999987621885603,Oligo MOG OPALIN,
TTCTAGTTCATGCCGG-1,1,Oligo MOG OPALIN,0.9997917526512948,Oligo MOG OPALIN,
TTCTAGTTCGAGATAA-1,2,Astro AQP4 SLC1A2,0.9561826139054185,Astro AQP4 SLC1A2,
TTCTAGTTCTGTGCGG-1,11,Micro P2RY12 APBB1IP,0.9935973851353802,Micro P2RY12 APBB1IP,
TTCTCTCTCCGATAGT-1,4,Oligo MOG OPALIN,0.9982240806739903,Oligo MOG OPALIN,
TTCTGTAAGATGTAGT-1,12,OPC PDGFRA PCDH15,0.9999999999999898,OPC PDGFRA PCDH15,
TTCTGTACAGACCAGA-1,16,L2-3 CUX2 ACVR1C INHBA,0.9012696358034029,Oligo MOG OPALIN,
TTCTGTAGTCCGCAGT-1,3,Endo CLDN5 SLC7A5,0.30844345583311367,Endo CLDN5 SLC7A5,
TTCTGTATCATGAGGG-1,11,Micro P2RY12 APBB1IP,0.9999728658361093,Micro P2RY12 APBB1IP,
TTCTTCCCAAGTATCC-1,17,InN LAMP5 LHX6 TAC1,0.9973268794351637,InN LAMP5 BMP7,
TTCTTCCCAGCCCACA-1,21,PC P2RY14 GRM8,0.9996529959548969,PC P2RY14 GRM8,
TTCTTCCCAGGTTCAT-1,14,InN SST ADRA1D,0.8200463884708725,InN SST FREM1,
TTCTTCCCATTCACAG-1,15,Astro GFAP AQP1,0.623369889234026,Astro GFAP AQP1,
TTCTTCCGTCCAGGTC-1,6,Oligo MOG GSN,0.9991160923932529,Oligo MOG GSN,
TTCTTGACAGTAACAA-1,7,Endo CLDN5 SLC7A5,0.333180313510203,Endo CLDN5 SLC7A5,
TTCTTGACATTCACCC-1,5,Astro GFAP AQP1,0.9831453575934366,Astro AQP4 SLC1A2,
TTCTTGAGTCTCCTGT-1,1,Oligo MOG OPALIN,0.9986004246898309,Oligo MOG OPALIN,
TTCTTGAGTGCTGCAC-1,11,Micro P2RY12 APBB1IP,0.939234189145782,Micro P2RY12 APBB1IP,
TTCTTGAGTGTTCCTC-1,5,Astro AQP4 SLC1A2,0.9725134726432714,Astro AQP4 SLC1A2,
TTGAACGCAACTACGT-1,3,L5 FEZF2 BCL11B POU3F1,0.7993202631168741,Endo CLDN5 SLC7A5,
TTGAACGCACACCTAA-1,13,Oligo MOG OPALIN,0.806885110773476,Endo CLDN5 SLC7A5,
TTGAACGCATAGGAGC-1,0,Oligo MOG OPALIN,0.9999834446052354,Oligo MOG OPALIN,
TTGACCCCATCACGGC-1,6,Oligo MOG GSN,0.999998434682748,Oligo MOG GSN,
TTGAGTGAGCGGGTTA-1,8,Oligo MOG OPALIN,0.99910408361689,Oligo MOG OPALIN,
TTGAGTGAGGTTATAG-1,2,Astro AQP4 SLC1A2,0.6901115176627008,Astro AQP4 SLC1A2,
TTGAGTGAGTCTTCCC-1,16,L2-4 CUX2 RORB CLMN,0.7299788866837206,Oligo MOG OPALIN,
TTGAGTGGTGCTGCAC-1,15,Astro GFAP AQP1,0.6674196475352543,Astro GFAP AQP1,
TTGAGTGTCGTAGCTA-1,7,Endo CLDN5 SLC7A5,0.8679362432378194,Endo CLDN5 SLC7A5,
TTGATGGAGAGCTTTC-1,11,Micro P2RY12 APBB1IP,0.9929988752727748,Micro P2RY12 APBB1IP,
TTGATGGCACACCTGG-1,4,Oligo MOG OPALIN,0.42026048559632734,Oligo MOG OPALIN,
TTGATGGGTACCTAAC-1,0,Oligo MOG OPALIN,0.9963069324153658,Oligo MOG OPALIN,
TTGATGGGTCTCTCCA-1,18,InN VIP EGF,0.9060440220236995,InN VIP HS3ST3B1,
TTGATGGGTTACTCAG-1,22,Myeloid LSP1 LYZ,0.9930142754419357,Micro P2RY12 APBB1IP,
TTGATGGTCAAGCCCG-1,12,OPC PDGFRA PCDH15,0.9999999999990348,OPC PDGFRA PCDH15,
TTGCATTAGACCAGCA-1,8,Oligo MOG OPALIN,0.9934578339681902,Oligo MOG OPALIN,
TTGCATTAGTATTGCC-1,13,Endo CLDN5 SLC7A5,0.9180626340651931,Endo CLDN5 SLC7A5,
TTGCCTGAGGTATCTC-1,7,Endo CLDN5 SLC7A5,0.5774420519411132,Endo CLDN5 SLC7A5,
TTGCCTGCACTACGGC-1,0,Oligo MOG OPALIN,0.9999994609218261,Oligo MOG OPALIN,
TTGCCTGGTCGAGTGA-1,11,Micro P2RY12 APBB1IP,0.9935168620784561,Micro P2RY12 APBB1IP,
TTGCCTGGTGAACGGT-1,4,Endo CLDN5 SLC7A5,0.4628586918816024,Oligo MOG OPALIN,
TTGCCTGGTTCGTTCC-1,3,Endo CLDN5 SLC7A5,0.6470601931236856,Endo CLDN5 SLC7A5,
TTGCCTGTCCGCTAGG-1,3,Endo CLDN5 SLC7A5,0.8166957519478898,Endo CLDN5 SLC7A5,
TTGCCTGTCTATTTCG-1,0,Oligo MOG OPALIN,0.9990985261185734,Oligo MOG OPALIN,
TTGCGTCAGACCTCAT-1,1,Oligo MOG OPALIN,0.9999819455468418,Oligo MOG OPALIN,
TTGCGTCAGAGTGTGC-1,1,Oligo MOG OPALIN,0.9851456381325558,Oligo MOG OPALIN,
TTGCGTCGTGATAGTA-1,12,OPC PDGFRA PCDH15,0.9999999999999933,OPC PDGFRA PCDH15,
TTGCTGCAGTCCGCGT-1,13,L2-3 CUX2 NTNG1 PALMD,0.35868389070315004,Endo CLDN5 SLC7A5,
TTGCTGCTCAGAGCGA-1,22,Micro P2RY12 APBB1IP,0.974164055435628,Micro P2RY12 APBB1IP,
TTGGATGAGCTGCCTG-1,5,Astro AQP4 SLC1A2,0.9715491834500578,Astro AQP4 SLC1A2,
TTGGATGCAGCAATTC-1,13,Endo CLDN5 SLC7A5,0.990108865901275,Endo CLDN5 SLC7A5,
TTGGATGCAGTCGAGA-1,1,Oligo MOG OPALIN,0.999918985463632,Oligo MOG OPALIN,
TTGGATGGTCCAAATC-1,13,L6 FEZF2 NPFFR2 TPD52L1,0.4109344778675383,Endo CLDN5 SLC7A5,
TTGGATGGTGGATGAC-1,4,Oligo MOG OPALIN,0.7631477743241729,Oligo MOG OPALIN,
TTGGATGTCCCAGGAC-1,1,Oligo MOG OPALIN,0.9813316853593508,Oligo MOG OPALIN,
TTGGGATAGTAGCTCT-1,0,Oligo MOG OPALIN,0.9728522613387963,Oligo MOG OPALIN,
TTGGGATAGTTGCCTA-1,15,Astro GFAP AQP1,0.8689120854681871,Astro GFAP AQP1,
TTGGGATCAGAGCGTA-1,0,Oligo MOG OPALIN,0.9998829909606407,Oligo MOG OPALIN,
TTGGGATGTGCTTCAA-1,0,Oligo MOG OPALIN,0.9562151497531133,Oligo MOG OPALIN,
TTGGGCGCAATTGCGT-1,0,Oligo MOG OPALIN,0.9881964038522535,Oligo MOG OPALIN,
TTGGGCGGTACGAGTG-1,8,Oligo MOG OPALIN,0.9946815039674429,Oligo MOG OPALIN,
TTGGGCGGTCAGTCCG-1,2,Astro AQP4 SLC1A2,0.7280487487561154,Astro AQP4 SLC1A2,
TTGGGCGTCCCGAACG-1,9,Astro AQP4 SLC1A2,0.8985877791024128,Astro AQP4 SLC1A2,
TTGGGTAAGTAACGAT-1,18,InN VIP FREM2,0.9998703094385387,InN VIP HS3ST3B1,
TTGGGTACAAAGGCAC-1,1,Oligo MOG OPALIN,0.9999904449573548,Oligo MOG OPALIN,
TTGGGTAGTCTCCTGT-1,1,Oligo MOG OPALIN,0.9999848571310661,Oligo MOG OPALIN,
TTGGGTAGTTAGCGGA-1,7,Endo CLDN5 SLC7A5,0.8628782684499494,Endo CLDN5 SLC7A5,
TTGGTTTCACGAAGAC-1,0,Oligo MOG OPALIN,0.9998205360980553,Oligo MOG OPALIN,
TTGGTTTCAGAGTGTG-1,2,Astro AQP4 SLC1A2,0.5051791538193998,Astro AQP4 SLC1A2,
TTGGTTTGTCGGTGTC-1,2,Astro AQP4 SLC1A2,0.4259872041044008,Astro AQP4 SLC1A2,
TTGGTTTGTGTCCACG-1,4,Oligo MOG OPALIN,0.9698857390052376,Oligo MOG OPALIN,
TTGGTTTTCCGAACGC-1,1,Oligo MOG OPALIN,0.9999087164109455,Oligo MOG OPALIN,
TTGGTTTTCGATGCTA-1,4,Oligo MOG OPALIN,0.9994863665409593,Oligo MOG OPALIN,
TTGGTTTTCGCGTAGC-1,0,Oligo MOG OPALIN,0.9998563711800412,Oligo MOG OPALIN,
TTGGTTTTCTATTTCG-1,11,Micro P2RY12 APBB1IP,0.9992861747872968,Micro P2RY12 APBB1IP,
TTGTGGACAGGCTACC-1,12,OPC PDGFRA PCDH15,0.9999999713732807,OPC PDGFRA PCDH15,
TTGTGGAGTAATGCGG-1,1,Oligo MOG OPALIN,0.5205483285349108,Oligo MOG OPALIN,
TTGTGGATCTGGGCCA-1,5,Astro AQP4 SLC1A2,0.9956281757186471,Astro AQP4 SLC1A2,
TTGTGTTGTTCTCAGA-1,7,Endo CLDN5 SLC7A5,0.600345934551991,Endo CLDN5 SLC7A5,
TTGTGTTTCAAGGTGG-1,8,Oligo MOG OPALIN,0.9810628561793844,Oligo MOG OPALIN,
TTGTTGTGTATGCAAA-1,1,Oligo MOG OPALIN,0.6024611108922968,Oligo MOG OPALIN,
TTGTTGTGTGACACGA-1,0,Oligo MOG OPALIN,0.9993379411640065,Oligo MOG OPALIN,
TTGTTGTTCTCTCTAA-1,8,Oligo MOG OPALIN,0.7158514172075513,Oligo MOG OPALIN,
TTGTTTGAGAGAGTTT-1,19,VLMC COL1A2 VLMCA8,0.9919712913851803,PC P2RY14 GRM8,
TTGTTTGAGGTCGCCT-1,10,L6 FEZF2 SYT6 PTPRT,0.9770808485547412,L2-3 CUX2 ACVR1C THSD7A,
TTGTTTGAGTTTGGCT-1,10,L2-3 CUX2 ACVR1C THSD7A,0.9985501970312691,L2-3 CUX2 ACVR1C THSD7A,
TTGTTTGTCAAGCTTG-1,8,Oligo MOG OPALIN,0.9995793377794202,Oligo MOG OPALIN,
TTGTTTGTCTGTGCGG-1,5,Astro GFAP AQP1,0.5552743971604541,Astro AQP4 SLC1A2,
TTTACCAAGGTCTTTG-1,0,Oligo MOG OPALIN,0.9993469553739419,Oligo MOG OPALIN,
TTTACCAGTACTAACC-1,5,Astro AQP4 SLC1A2,0.7772532969932848,Astro AQP4 SLC1A2,
TTTACCAGTCAAGGCA-1,0,Oligo MOG OPALIN,0.9968912000770495,Oligo MOG OPALIN,
TTTACCAGTGAAAGTT-1,2,Astro AQP4 SLC1A2,0.8222622321156406,Astro AQP4 SLC1A2,
TTTACTGAGATGACCG-1,3,Endo CLDN5 SLC7A5,0.5313953944589638,Endo CLDN5 SLC7A5,
TTTACTGCAGTATTCG-1,12,OPC PDGFRA PCDH15,0.9999999999999198,OPC PDGFRA PCDH15,
TTTACTGCATGACTAC-1,1,Oligo MOG OPALIN,0.9998375117740244,Oligo MOG OPALIN,
TTTACTGTCAACCGAT-1,4,Endo CLDN5 SLC7A5,0.9290370354221127,Oligo MOG OPALIN,
TTTACTGTCCCTCATG-1,4,Oligo MOG OPALIN,0.9969610319274133,Oligo MOG OPALIN,
TTTAGTCGTACGATCT-1,11,Micro P2RY12 APBB1IP,0.8988800574625768,Micro P2RY12 APBB1IP,
TTTAGTCTCACTTATC-1,12,OPC PDGFRA PCDH15,0.9999999999999998,OPC PDGFRA PCDH15,
TTTAGTCTCATGAGTC-1,7,Endo CLDN5 SLC7A5,0.9733193578126834,Endo CLDN5 SLC7A5,
TTTAGTCTCTACCAGA-1,4,Astro AQP4 SLC1A2,0.7199065346219391,Oligo MOG OPALIN,
TTTATGCAGATAGTGT-1,2,Astro AQP4 SLC1A2,0.5944124987438617,Astro AQP4 SLC1A2,
TTTATGCAGGGATCAC-1,3,L3-5 RORB MKX GRIN3A,0.8865440205762443,Endo CLDN5 SLC7A5,
TTTATGCCATCGATCA-1,22,Micro P2RY12 APBB1IP,0.9998368958264379,Micro P2RY12 APBB1IP,
TTTATGCGTGTATCCA-1,0,Oligo MOG OPALIN,0.9996621917803772,Oligo MOG OPALIN,
TTTCACACAAGGACAC-1,0,Oligo MOG OPALIN,0.9973062369316066,Oligo MOG OPALIN,
TTTCACATCTGTTGGA-1,22,Micro P2RY12 APBB1IP,0.9844421808660376,Micro P2RY12 APBB1IP,
TTTCAGTAGGCACCAA-1,9,Astro AQP4 SLC1A2,0.9899106293425527,Astro AQP4 SLC1A2,
TTTCAGTGTATTCTCT-1,11,Micro P2RY12 APBB1IP,0.9997094491204842,Micro P2RY12 APBB1IP,
TTTCAGTGTGCATACT-1,13,Endo CLDN5 SLC7A5,0.7465473068478478,Endo CLDN5 SLC7A5,
TTTCATGAGTCCTGCG-1,20,Oligo MOG OPALIN,0.9995159409158084,Oligo MOG OPALIN,
TTTCATGAGTGATAGT-1,16,L3-5 RORB MKX DCC,0.9970901878253549,Oligo MOG OPALIN,
TTTCATGCACATGTTG-1,1,Oligo MOG OPALIN,0.9945664693434755,Oligo MOG OPALIN,
TTTCATGGTCACAGAG-1,0,Oligo MOG OPALIN,0.9416617555537574,Oligo MOG OPALIN,
TTTCATGGTGGTCCGT-1,13,Endo CLDN5 SLC7A5,0.8359993643545846,Endo CLDN5 SLC7A5,
TTTCATGTCCAACACA-1,3,Endo CLDN5 SLC7A5,0.6304326884956472,Endo CLDN5 SLC7A5,
TTTCCTCGTCGAACAG-1,10,L2-3 CUX2 ACVR1C THSD7A,0.7723670368132413,L2-3 CUX2 ACVR1C THSD7A,
TTTCGATAGGACTTCT-1,7,Oligo MOG OPALIN,0.9477576232986884,Endo CLDN5 SLC7A5,
TTTCGATAGTTGGGAC-1,2,Astro AQP4 SLC1A2,0.9979280900287145,Astro AQP4 SLC1A2,
TTTCGATGTGCCGTTG-1,8,Oligo MOG OPALIN,0.9998615552786578,Oligo MOG OPALIN,
TTTGACTAGAGAGGTA-1,1,Oligo MOG OPALIN,0.9999119546216603,Oligo MOG OPALIN,
TTTGACTCAACCAGAG-1,5,Astro AQP4 SLC1A2,0.9483825359072869,Astro AQP4 SLC1A2,
TTTGACTTCCACTGGG-1,2,Astro AQP4 SLC1A2,0.47099727006617964,Astro AQP4 SLC1A2,
TTTGATCCAGAGCCCT-1,1,Oligo MOG OPALIN,0.9999404366450206,Oligo MOG OPALIN,
TTTGATCTCTCAACCC-1,0,Oligo MOG OPALIN,0.9999154383560224,Oligo MOG OPALIN,
TTTGGAGAGCGCAATG-1,2,L2-3 CUX2 NTNG1 PALMD,0.8925927837995501,Astro AQP4 SLC1A2,
TTTGGAGCACTGGCGT-1,11,Micro P2RY12 APBB1IP,0.9714769923576626,Micro P2RY12 APBB1IP,
TTTGGAGTCAGGCGAA-1,13,L2-3 CUX2 NTNG1 PALMD,0.8221815667011834,Endo CLDN5 SLC7A5,
TTTGGTTAGCGTTACT-1,15,Astro GFAP AQP1,0.9996844352285009,Astro GFAP AQP1,
TTTGGTTAGGTACTGG-1,3,Endo CLDN5 SLC7A5,0.3425830013519958,Endo CLDN5 SLC7A5,
TTTGTTGCAAGATTGA-1,12,OPC PDGFRA PCDH15,0.9999999999962881,OPC PDGFRA PCDH15,
