,ctpt_individual_prediction,ctpt_confidence
AAACCCAAGAAGGGAT-1,Oligo MOG OPALIN,0.9604424629371762
AAACCCAAGTGCACAG-1,Endo CLDN5 SLC7A5,0.9812187087151123
AAACCCACACTAAACC-1,Oligo MOG OPALIN,0.9800646318720293
AAACCCACATAGGCGA-1,Endo CLDN5 SLC7A5,0.9993625476122088
AAACCCAGTATGGGAC-1,Endo CLDN5 SLC7A5,0.8328624566155627
AAACCCAGTCGAACGA-1,Endo CLDN5 SLC7A5,0.8891485348040177
AAACCCATCCGAAGGA-1,L2-3 CUX2 NTNG1 PALMD,0.7048421874602818
AAACCCATCCTCTCGA-1,Micro P2RY12 APBB1IP,0.6879640660611474
AAACCCATCCTGCTAC-1,Endo CLDN5 SLC7A5,0.9588182071346939
AAACGAAAGCACCGTC-1,Oligo MOG OPALIN,0.9965720128117558
AAACGAAAGCCATGCC-1,Endo CLDN5 SLC7A5,0.9379390149670974
AAACGAACAGGCCCTA-1,Oligo MOG OPALIN,0.9148106384750738
AAACGAAGTACCCAGC-1,Oligo MOG OPALIN,0.966939834011466
AAACGAATCATGGAGG-1,Endo CLDN5 SLC7A5,0.9719494909364974
AAACGAATCTCGAACA-1,Endo CLDN5 SLC7A5,0.4072086125668381
AAACGCTCAATAGAGT-1,Endo CLDN5 SLC7A5,0.5587362517836981
AAACGCTCAGACACCC-1,L6 FEZF2 NPFFR2 TPD52L1,0.587754764344686
AAACGCTTCCTACGGG-1,Oligo MOG OPALIN,0.6032176357147235
AAACGCTTCTACACTT-1,Oligo MOG OPALIN,0.5246983498773508
AAAGAACAGACGCCAA-1,Astro GFAP AQP1,0.38190633759582937
AAAGAACAGACGTCCC-1,Oligo MOG OPALIN,0.997539491003826
AAAGAACCAAGCCCAC-1,Endo CLDN5 SLC7A5,0.4344577182861462
AAAGAACCAAGTACCT-1,L2-3 CUX2 NTNG1 PALMD,0.4268859302235685
AAAGAACCACTATCGA-1,Endo CLDN5 SLC7A5,0.39662467852015126
AAAGAACGTCGAAACG-1,Oligo MOG OPALIN,0.5144196963989961
AAAGAACGTCTACAGT-1,Endo CLDN5 SLC7A5,0.6944987338727536
AAAGAACTCACTACTT-1,Oligo MOG OPALIN,0.9999850782130353
AAAGAACTCGAAGGAC-1,Endo CLDN5 SLC7A5,0.9332234901550267
AAAGAACTCTCCAAGA-1,Endo CLDN5 SLC7A5,0.9927426211884555
AAAGGATCAACGGGTA-1,Endo CLDN5 SLC7A5,0.756570659939146
AAAGGATGTACCTAGT-1,Oligo MOG OPALIN,0.49311426263619146
AAAGGATTCATTGCTT-1,Oligo MOG OPALIN,0.863392095370567
AAAGGATTCCGATAAC-1,InN VIP CLSTN2,0.997133760146756
AAAGGGCAGCGAGTCA-1,Endo CLDN5 SLC7A5,0.30511417425227927
AAAGGGCAGTAAGCAT-1,Endo CLDN5 SLC7A5,0.4962682083979451
AAAGGGCCAATTGGTC-1,Endo CLDN5 SLC7A5,0.4091234065055506
AAAGGGCCAGGCACAA-1,Micro P2RY12 APBB1IP,0.4310984279785407
AAAGGGCGTCGCACAC-1,Endo CLDN5 SLC7A5,0.3142229807503525
AAAGGTAAGCGGTAGT-1,L2-4 CUX2 RORB CLMN,0.4922580721096697
AAAGGTAGTTCCTAAG-1,OPC PDGFRA PCDH15,0.9999999999997871
AAAGGTATCAGACCTA-1,L2-3 CUX2 NTNG1 PALMD,0.7878323103215287
AAAGGTATCCCAGTGG-1,Endo CLDN5 SLC7A5,0.7059513726573509
AAAGGTATCTGTCTCG-1,Endo CLDN5 SLC7A5,0.8702679641415445
AAAGTCCGTGTTACTG-1,Oligo MOG OPALIN,0.999475843138811
AAAGTCCTCTTCTAAC-1,Endo CLDN5 SLC7A5,0.9999841866497878
AAAGTGAAGAAGAACG-1,Endo CLDN5 SLC7A5,0.9950847727654918
AAAGTGAAGCAAACAT-1,Oligo MOG OPALIN,0.7708125402117811
AAAGTGAGTAACAAGT-1,Endo CLDN5 SLC7A5,0.9401443986186749
AAAGTGAGTATAATGG-1,Endo CLDN5 SLC7A5,0.6668934154331189
AAAGTGAGTGACTATC-1,Endo CLDN5 SLC7A5,0.8769994916118259
AAAGTGATCCGGGACT-1,Endo CLDN5 SLC7A5,0.3317667628756131
AAATGGAAGGACGCTA-1,Endo CLDN5 SLC7A5,0.5043413075518315
AAATGGAAGGTCGTGA-1,Oligo MOG OPALIN,0.8045417350532782
AAATGGACAAACACCT-1,L2-3 CUX2 NTNG1 PALMD,0.5447255171840175
AAATGGACACAGTACT-1,Endo CLDN5 SLC7A5,0.7588422436573649
AACAAAGGTAAGCGGT-1,Endo CLDN5 SLC7A5,0.6085637037964291
AACAAAGTCCAAGCTA-1,Oligo MOG OPALIN,0.5092528517838477
AACAAAGTCCCTATTA-1,Endo CLDN5 SLC7A5,0.5248503352954256
AACAAAGTCCGTGTAA-1,Oligo MOG OPALIN,0.9999027382046888
AACAACCAGACGCAGT-1,Oligo MOG OPALIN,0.9961909688290261
AACAACCCAACTCCAA-1,Endo CLDN5 SLC7A5,0.9846748474930537
AACAACCTCAGAGTTC-1,Endo CLDN5 SLC7A5,0.9787291498403884
AACAACCTCCTTGAAG-1,Endo CLDN5 SLC7A5,0.9791694421098533
AACAACCTCTACGGGC-1,Endo CLDN5 SLC7A5,0.505160413662515
AACAAGAAGCCTGAAG-1,Endo CLDN5 SLC7A5,0.8475656365526555
AACAAGATCGTAGGGA-1,Oligo MOG OPALIN,0.9562726254504643
AACAAGATCGTGCAGC-1,Endo CLDN5 SLC7A5,0.40378084815941345
AACAAGATCTACCCAC-1,Endo CLDN5 SLC7A5,0.6046181796550535
AACACACAGAATACAC-1,Endo CLDN5 SLC7A5,0.6614254603626538
AACACACAGCGTACAG-1,Endo CLDN5 SLC7A5,0.9309759610287432
AACACACAGTATTGCC-1,Endo CLDN5 SLC7A5,0.3618611645289772
AACACACCAGATTAAG-1,Endo CLDN5 SLC7A5,0.9613690009226392
AACACACGTAGTGGCA-1,Oligo MOG OPALIN,0.7409454613097526
AACACACTCAGCCCAG-1,Oligo MOG OPALIN,0.9984494345089527
AACAGGGAGTCTACCA-1,Endo CLDN5 SLC7A5,0.9704769260891455
AACAGGGCAGATACTC-1,Oligo MOG OPALIN,0.3849818745017949
AACAGGGCAGCTGCCA-1,Endo CLDN5 SLC7A5,0.7168162612738269
AACAGGGTCGTAGCTA-1,Oligo MOG OPALIN,0.8214628601840576
AACCAACAGGCCACTC-1,Endo CLDN5 SLC7A5,0.956446924993754
AACCAACCAAAGAACT-1,Endo CLDN5 SLC7A5,0.4556300290800401
AACCAACCACCTGCAG-1,Oligo MOG OPALIN,0.7444303765172539
AACCAACCACTCCGGA-1,Endo CLDN5 SLC7A5,0.9840478910023015
AACCAACGTATTTCTC-1,L3-5 RORB MKX DCC,0.7655565655590304
AACCAACGTGGCTAGA-1,InN SST THSD7B,0.36585683929828
AACCAACTCGAACGGA-1,Oligo MOG OPALIN,0.9683214665530006
AACCACAAGCTCCGAC-1,Endo CLDN5 DKK2,0.484555317538765
AACCACAAGGGCTGAT-1,Oligo MOG OPALIN,0.612935521772842
AACCACAAGGTTATAG-1,Oligo MOG OPALIN,0.7367070008962298
AACCACAAGTCGAAGC-1,Endo CLDN5 SLC7A5,0.8344622990670053
AACCACACAACTCGTA-1,Endo CLDN5 SLC7A5,0.9941338364067857
AACCACAGTAGTGTGG-1,Endo CLDN5 SLC7A5,0.6863680243955254
AACCACATCTGAATGC-1,Oligo MOG OPALIN,0.7376752065244956
AACCATGAGTATTGCC-1,Endo CLDN5 SLC7A5,0.47041380664765325
AACCATGCAAATGATG-1,Oligo MOG OPALIN,0.9998029069839859
AACCATGTCATGGAGG-1,Endo CLDN5 SLC7A5,0.7288906503126292
AACCCAACAGGATTCT-1,Oligo MOG OPALIN,0.982658371266452
AACCTGAGTCCACACG-1,Oligo MOG OPALIN,0.5753776695050646
AACCTGAGTTAGGGTG-1,Endo CLDN5 SLC7A5,0.32720813411538807
AACCTGATCATCAGTG-1,Astro AQP4 SLC1A2,0.6223956879080876
AACCTGATCATCCTAT-1,Endo CLDN5 SLC7A5,0.8835353449754558
AACCTTTAGTGGCCTC-1,Endo CLDN5 SLC7A5,0.7010665886465712
AACCTTTGTAGAGATT-1,Endo CLDN5 SLC7A5,0.49960293776993886
AACCTTTTCCTTCTAA-1,Endo CLDN5 SLC7A5,0.9163953913976367
AACCTTTTCTCCACTG-1,Micro P2RY12 APBB1IP,0.46110783104966035
AACGAAAAGGCTCAAG-1,Endo CLDN5 SLC7A5,0.3093485994068342
AACGAAATCATCGTAG-1,Oligo MOG OPALIN,0.696236991899975
AACGAAATCGAACCAT-1,Endo CLDN5 SLC7A5,0.9533474658075347
AACGGGAAGTGTACCT-1,Endo CLDN5 SLC7A5,0.6382632169159623
AACGGGAGTTGTGGAG-1,Endo CLDN5 SLC7A5,0.8867847516218254
AACGTCAGTCGAAACG-1,Endo CLDN5 SLC7A5,0.9515652603771565
AACTTCTCAGGTGTTT-1,Endo CLDN5 SLC7A5,0.40917258589554034
AAGAACAAGTTATGGA-1,Endo CLDN5 SLC7A5,0.5790719931884745
AAGAACACATCCTTCG-1,Endo CLDN5 SLC7A5,0.995001847100142
AAGAACATCGAGTACT-1,Endo CLDN5 SLC7A5,0.9104704788298253
AAGAACATCTCGTGGG-1,Endo CLDN5 SLC7A5,0.9593571192181636
AAGACTCCAAGAGAGA-1,Endo CLDN5 SLC7A5,0.9994224126244684
AAGACTCGTCTCGCGA-1,L2-3 CUX2 NTNG1 PALMD,0.7206068242636886
AAGACTCTCCGAGGCT-1,Endo CLDN5 SLC7A5,0.9917185821960941
AAGACTCTCTAAACGC-1,Endo CLDN5 SLC7A5,0.47537694800128505
AAGATAGGTGACGCCT-1,Endo CLDN5 IL1R1,0.6697560379313309
AAGATAGTCCGTCAAA-1,Endo CLDN5 SLC7A5,0.9300542773099161
AAGATAGTCTTACACT-1,L2-3 CUX2 NTNG1 PALMD,0.7868388965205131
AAGCATCAGCGTTCAT-1,Oligo MOG OPALIN,0.9970962517425584
AAGCATCCACGAAGAC-1,Endo CLDN5 SLC7A5,0.9297768920700844
AAGCCATAGAGGATCC-1,Oligo MOG OPALIN,0.4285909248477412
AAGCCATAGATAGCTA-1,Endo CLDN5 SLC7A5,0.9932524793381738
AAGCCATCAACGTATC-1,Endo CLDN5 SLC7A5,0.9961456304315067
AAGCCATGTCCTTAAG-1,Endo CLDN5 SLC7A5,0.9796860652159195
AAGCCATGTGAGACGT-1,Endo CLDN5 SLC7A5,0.9957787391671603
AAGCCATGTTCTGAGT-1,Endo CLDN5 SLC7A5,0.9973791529537909
AAGCCATGTTTGTTGG-1,Oligo MOG OPALIN,0.9193050869067878
AAGCGAGAGGTAGATT-1,Oligo MOG OPALIN,0.9857805753392619
AAGCGAGCATACACCA-1,Endo CLDN5 SLC7A5,0.6871661590689879
AAGCGAGTCACCATAG-1,Endo CLDN5 SLC7A5,0.8945074125707028
AAGCGAGTCGACGACC-1,Endo CLDN5 SLC7A5,0.9602494575620276
AAGCGAGTCTCCTGCA-1,Oligo MOG OPALIN,0.5645533279834914
AAGCGTTAGCGTGCCT-1,Endo CLDN5 SLC7A5,0.5551326185793272
AAGCGTTAGGGCGAAG-1,Endo CLDN5 SLC7A5,0.3242860492452335
AAGCGTTTCTCCCTAG-1,Endo CLDN5 SLC7A5,0.8626698756640454
AAGGAATCAAGCTGTT-1,Endo CLDN5 SLC7A5,0.9276312811604424
AAGGAATTCAACACCA-1,Oligo MOG OPALIN,0.9967967621842241
AAGGAATTCTAGGCAT-1,Oligo MOG OPALIN,0.9989892056177915
AAGGTAACAAATTGCC-1,Endo CLDN5 SLC7A5,0.908940233755906
AAGGTAAGTTTACACG-1,Endo CLDN5 SLC7A5,0.47487984575250314
AAGTACCCAAATACGA-1,Endo CLDN5 SLC7A5,0.9942446496307634
AAGTACCGTTCTTCAT-1,Oligo MOG OPALIN,0.398174078699743
AAGTCGTAGAACGTGC-1,Endo CLDN5 SLC7A5,0.5323706184706897
AAGTCGTTCGTGCATA-1,Endo CLDN5 SLC7A5,0.475572797290187
AAGTCGTTCTAACGGT-1,Endo CLDN5 SLC7A5,0.8793589179135496
AAGTGAAAGGCGTCCT-1,Endo CLDN5 SLC7A5,0.7937373069299681
AAGTTCGAGACGCTCC-1,Endo CLDN5 SLC7A5,0.9345304483316125
AAGTTCGCAACCACAT-1,Endo CLDN5 SLC7A5,0.7793371762538861
AAGTTCGCAAGACCTT-1,Endo CLDN5 SLC7A5,0.5556169375838371
AAGTTCGCACCAGTTA-1,Oligo MOG OPALIN,0.9958344404205002
AAGTTCGGTGAACGGT-1,Endo CLDN5 SLC7A5,0.4534496530281256
AAGTTCGTCCCGTGAG-1,Endo CLDN5 SLC7A5,0.8446156942521104
AAGTTCGTCCCTGTTG-1,Endo CLDN5 SLC7A5,0.9114830810845198
AAGTTCGTCTAGATCG-1,Endo CLDN5 SLC7A5,0.5128941284128673
AATAGAGAGGCAGCTA-1,Oligo MOG OPALIN,0.9094637824696868
AATAGAGCAAAGAACT-1,Oligo MOG OPALIN,0.9901375127420879
AATAGAGGTAAGATTG-1,Endo CLDN5 SLC7A5,0.6173206576245355
AATAGAGGTGCCGGTT-1,Astro GFAP FABP7,0.9995810440607226
AATCACGAGTCGAGGT-1,Endo CLDN5 SLC7A5,0.8311821779331441
AATCACGCACCTCTAC-1,Endo CLDN5 SLC7A5,0.35979682128603147
AATCACGCAGTTCACA-1,Endo CLDN5 SLC7A5,0.4634604439937621
AATCACGTCCATATGG-1,Endo CLDN5 SLC7A5,0.5980894400062382
AATCGACCACCGCTAG-1,Endo CLDN5 SLC7A5,0.42135065479157596
AATCGTGAGGTACAGC-1,Endo CLDN5 SLC7A5,0.7925524567469279
AATCGTGCATCCAATG-1,Endo CLDN5 SLC7A5,0.6244918146488521
AATCGTGTCGCTCCTA-1,Endo CLDN5 SLC7A5,0.4384138808158594
AATGAAGCAGAGATGC-1,Oligo MOG OPALIN,0.9853730476296763
AATGAAGGTCGGAAAC-1,Endo CLDN5 SLC7A5,0.3939021306189901
AATGAAGGTTACCTGA-1,L6 OPRK1 THEMIS RGS6,0.4098494940037135
AATGAAGTCAGCATTG-1,Oligo MOG OPALIN,0.9369762680395501
AATGAAGTCGAAGTGG-1,Endo CLDN5 SLC7A5,0.9116305858668237
AATGACCCATGCGGTC-1,Oligo MOG OPALIN,0.996889037400183
AATGACCGTACCCGCA-1,Endo CLDN5 SLC7A5,0.5792797061898542
AATGCCAAGAGAGTGA-1,Oligo MOG OPALIN,0.9928590826544414
AATGCCAAGATTGCGG-1,Endo CLDN5 SLC7A5,0.8786372553016933
AATGCCAAGGCTAGCA-1,Oligo MOG OPALIN,0.8139197735613564
AATGCCAAGGTTCTTG-1,L2-3 CUX2 ACVR1C INHBA,0.7151608864155625
AATGCCAAGTGACACG-1,Endo CLDN5 SLC7A5,0.9265088314763918
AATGGAAAGTACTGGG-1,Endo CLDN5 SLC7A5,0.6489900136807779
AATGGAACAACTTCTT-1,Endo CLDN5 SLC7A5,0.7912883145476527
AATGGAACAGTTGTTG-1,Oligo MOG OPALIN,0.9982623631838535
AATGGAAGTTCAAACC-1,Endo CLDN5 SLC7A5,0.7338426023667276
AATGGCTCAAGTACCT-1,L2-3 CUX2 NTNG1 PALMD,0.34459926349107384
AATGGCTTCAAACGTC-1,Endo CLDN5 SLC7A5,0.6667754762997478
AATTCCTAGGCCCACT-1,Oligo MOG OPALIN,0.9710096652288082
AATTCCTCAGCTATTG-1,Endo CLDN5 SLC7A5,0.7862703487265403
AATTCCTTCTCACGAA-1,Endo CLDN5 SLC7A5,0.8796000029339587
AATTTCCAGCAACAGC-1,Endo CLDN5 SLC7A5,0.9664974711501241
AATTTCCCAGTTAGGG-1,Endo CLDN5 SLC7A5,0.8601952789627073
AATTTCCTCCACTAGA-1,Endo CLDN5 SLC7A5,0.719974275608754
ACAAAGAAGCGACTGA-1,Oligo MOG OPALIN,0.36566431300226115
ACAAAGAAGGCATGCA-1,Endo CLDN5 SLC7A5,0.8571962493389231
ACAAAGATCTACACAG-1,Endo CLDN5 SLC7A5,0.8853408950147347
ACAACCACACTGGCGT-1,Endo CLDN5 SLC7A5,0.9850410421908731
ACAAGCTAGCTGCCTG-1,Oligo MOG OPALIN,0.646777010677385
ACAAGCTAGTGATAGT-1,Oligo MOG OPALIN,0.9999855643283818
ACAAGCTTCAGTGCGC-1,Endo CLDN5 SLC7A5,0.49562578312474753
ACACAGTAGCCAACCC-1,Endo CLDN5 SLC7A5,0.3672995688210025
ACACAGTCAGCTACAT-1,Endo CLDN5 IL1R1,0.48421536638761214
ACACAGTGTAACTTCG-1,Endo CLDN5 SLC7A5,0.6618195647266385
ACACCAAAGGATATAC-1,Endo CLDN5 SLC7A5,0.9164458309485898
ACACCAACAACCTATG-1,Endo CLDN5 SLC7A5,0.41116194904547926
ACACCAACAACGGCCT-1,Endo CLDN5 SLC7A5,0.9854908510338489
ACACCAACAGCTGTTA-1,L2-3 CUX2 ACVR1C INHBA,0.42763808403220066
ACACCAAGTTAGGCTT-1,L2-3 CUX2 NTNG1 PALMD,0.33905675145141817
ACACCAAGTTTGATCG-1,Oligo MOG OPALIN,0.8443497248981057
ACACCAATCAGACCGC-1,Endo CLDN5 SLC7A5,0.7911011193005874
ACACGCGAGCGTCAAG-1,Endo CLDN5 SLC7A5,0.5333486154472805
ACACGCGCATGACTCA-1,Oligo MOG OPALIN,0.3405515028137042
ACACGCGTCCTTGAAG-1,Oligo MOG OPALIN,0.9245602614540287
ACACTGAAGAGTCTGG-1,Endo CLDN5 SLC7A5,0.33900271774212115
ACACTGACAGCTCGGT-1,Endo CLDN5 SLC7A5,0.580742883649218
ACACTGAGTACTCGTA-1,Endo CLDN5 SLC7A5,0.6197231376606188
ACACTGAGTGATAGTA-1,L2-3 CUX2 NTNG1 PALMD,0.43413200649326106
ACACTGAGTGCATCTA-1,Oligo MOG OPALIN,0.5756051364314388
ACAGAAAGTGTCCTAA-1,Endo CLDN5 SLC7A5,0.9695298471199082
ACAGAAATCCAACTGA-1,L2-3 CUX2 NTNG1 PALMD,0.6300224657644518
ACAGAAATCGACCCAG-1,Endo CLDN5 SLC7A5,0.8921011574721021
ACAGAAATCTTGAACG-1,OPC PDGFRA PCDH15,0.999999999999521
ACAGCCGAGATGGTAT-1,Oligo MOG OPALIN,0.8212709315089075
ACAGCCGAGCCATATC-1,Endo CLDN5 SLC7A5,0.5980842494900829
ACAGCCGTCCACCCTA-1,Endo CLDN5 SLC7A5,0.5776220795459313
ACAGCCGTCTGTCTCG-1,Oligo MOG OPALIN,0.8938276239754337
ACAGGGATCCAGGACC-1,Oligo MOG OPALIN,0.6849272130791784
ACATCCCAGTGCTCAT-1,Oligo MOG OPALIN,0.6460216680326472
ACATCCCCACCCAAGC-1,L3-5 RORB GABRG1 PTPRO,0.39318881136066425
ACATCCCTCATGAGTC-1,Endo CLDN5 SLC7A5,0.9062870288870405
ACATGCAAGTCGGCAA-1,Oligo MOG OPALIN,0.825077146282267
ACATGCACATTGAAGA-1,Endo CLDN5 SLC7A5,0.9369083706753029
ACATGCAGTGCAATAA-1,Oligo MOG OPALIN,0.985806986964601
ACATGCAGTGGTCCGT-1,PC P2RY14 GRM8,0.6849114207014803
ACATGCAGTTCCGGTG-1,Endo CLDN5 SLC7A5,0.9948303796534849
ACATGCATCAAGGTGG-1,Endo CLDN5 SLC7A5,0.988017581116112
ACATTTCCAGTCGCAC-1,Endo CLDN5 SLC7A5,0.7012902751979729
ACATTTCTCGCGAAGA-1,Endo CLDN5 SLC7A5,0.7949977570887978
ACCAAACTCGAGTGAG-1,Oligo MOG OPALIN,0.6294451915434367
ACCAACAAGCGCATCC-1,Endo CLDN5 SLC7A5,0.32770043864495874
ACCAACAAGCTTAGTC-1,Oligo MOG OPALIN,0.9879403406073308
ACCAACACAACACTAC-1,Oligo MOG OPALIN,0.8580417707214747
ACCAACAGTAGAATAC-1,Endo CLDN5 SLC7A5,0.7876422453747649
ACCAACAGTTCCCAAA-1,Endo CLDN5 SLC7A5,0.8008590235776525
ACCACAACACGACAAG-1,Endo CLDN5 SLC7A5,0.6951083727176629
ACCACAATCATAGCAC-1,Endo CLDN5 SLC7A5,0.5245371436081071
ACCACAATCGCTATTT-1,Endo CLDN5 SLC7A5,0.36756507128751986
ACCACAATCTAGTTCT-1,Endo CLDN5 SLC7A5,0.5753606320855866
ACCCAAAAGTTCCGTA-1,Endo CLDN5 SLC7A5,0.8617857884955952
ACCCAAACACAGTGTT-1,Endo CLDN5 SLC7A5,0.992490437314106
ACCCAAATCCTGTACC-1,Oligo MOG OPALIN,0.908759763811582
ACCCTCAAGGCCTAAG-1,Endo CLDN5 SLC7A5,0.8719407890385029
ACCCTCACAGGCGAAT-1,Endo CLDN5 SLC7A5,0.9757091073256331
ACCCTCAGTGGGTATG-1,Endo CLDN5 SLC7A5,0.617733481834487
ACCCTCATCCTACGGG-1,Endo CLDN5 SLC7A5,0.856414665126712
ACCCTTGAGAGGACTC-1,Endo CLDN5 SLC7A5,0.9557308613568153
ACCCTTGAGATAGCTA-1,Oligo MOG OPALIN,0.4332948387975994
ACCCTTGAGGCCTTCG-1,Endo CLDN5 SLC7A5,0.7078522821184587
ACCCTTGGTGTCTTAG-1,Oligo MOG OPALIN,0.7688447682171434
ACCCTTGTCAGGTGTT-1,Endo CLDN5 SLC7A5,0.7349519515028651
ACCGTTCAGAGTGGCT-1,Endo CLDN5 SLC7A5,0.48798364933963484
ACCTACCAGCAGATAT-1,Endo CLDN5 SLC7A5,0.9618836217354343
ACCTACCAGGATTTAG-1,Endo CLDN5 SLC7A5,0.8887897283279226
ACCTACCGTCAACCAT-1,Endo CLDN5 SLC7A5,0.6124235261538618
ACCTACCGTCTACATG-1,Oligo MOG OPALIN,0.5069122302519022
ACCTACCTCACCTCTG-1,Oligo MOG OPALIN,0.9682558430862964
ACCTGAACAGACCTAT-1,InN SST FREM1,0.31806813221336283
ACCTGAATCCGATGCG-1,Endo CLDN5 SLC7A5,0.9084659087882936
ACCTGAATCCGTAGGC-1,Endo CLDN5 SLC7A5,0.5784443050343232
ACCTGTCAGCCATTCA-1,Oligo MOG OPALIN,0.9147081584319815
ACCTGTCAGGTACAGC-1,Oligo MOG OPALIN,0.6903313660187377
ACCTGTCGTGGTCTTA-1,Oligo MOG OPALIN,0.31039229575076177
ACCTGTCTCGACATAC-1,Oligo MOG OPALIN,0.916430697427623
ACGATCAAGCACTAGG-1,Endo CLDN5 SLC7A5,0.36282169793895364
ACGATCACAAGAGTGC-1,Endo CLDN5 SLC7A5,0.43553668697331316
ACGATCACACGCCACA-1,Oligo MOG OPALIN,0.9623060754831182
ACGATCACATCGATAC-1,Endo CLDN5 SLC7A5,0.8722767001765955
ACGATCATCATTGCGA-1,Endo CLDN5 SLC7A5,0.8895414045501737
ACGATGTCACATTCGA-1,Oligo MOG OPALIN,0.9998318722726586
ACGATGTGTGCCCACA-1,Endo CLDN5 SLC7A5,0.7308553074424955
ACGATGTGTTCTGAGT-1,L3-5 RORB MKX GRIN3A,0.6949090295600687
ACGATGTTCGATACTG-1,Endo CLDN5 SLC7A5,0.8763422963850069
ACGCACGAGAAGAACG-1,Endo CLDN5 SLC7A5,0.9861859147148988
ACGCACGAGGATCATA-1,Oligo MOG OPALIN,0.9755132301522734
ACGCACGGTATAGGAT-1,Endo CLDN5 SLC7A5,0.665288992032739
ACGCACGGTCGTTGCG-1,InN LAMP5 LHX6 PROX1,0.8510108333892225
ACGCACGTCGGAACTT-1,Endo CLDN5 SLC7A5,0.9400987454267333
ACGGAAGAGTCACTCA-1,Astro AQP4 SLC1A2,0.9800979822888397
ACGGAAGAGTCTGTAC-1,Endo CLDN5 SLC7A5,0.8160736979889422
ACGGAAGCAAATCAAG-1,Oligo MOG OPALIN,0.8892138965611641
ACGGAAGTCCCTCATG-1,Oligo MOG OPALIN,0.4640599901015305
ACGGAAGTCGCTTAAG-1,Oligo MOG OPALIN,0.9963621576959497
ACGGGTCTCCATCGTC-1,Micro P2RY12 APBB1IP,0.496806846021932
ACGGGTCTCGGTAACT-1,Endo CLDN5 SLC7A5,0.9648698126818002
ACGGTCGAGCAGTAAT-1,Oligo MOG OPALIN,0.928670767748585
ACGGTCGCAATACAGA-1,Astro GFAP AQP1,0.8787025522024361
ACGGTCGCAGCACACC-1,Endo CLDN5 SLC7A5,0.48803154913931623
ACGGTCGCAGTGTACT-1,Endo CLDN5 SLC7A5,0.4908131846783506
ACGGTCGCATCAGCGC-1,Endo CLDN5 SLC7A5,0.9477367495462257
ACGGTCGCATCCGAGC-1,Endo CLDN5 SLC7A5,0.9382701266815759
ACGGTCGCATCGGAAG-1,Oligo MOG OPALIN,0.9997560754056343
ACGGTCGCATTCTCCG-1,L2-3 CUX2 NTNG1 PALMD,0.33927272834400474
ACGGTCGGTGCGTGCT-1,Endo CLDN5 SLC7A5,0.5541095268279838
ACGGTCGTCACACGAT-1,Endo CLDN5 SLC7A5,0.9994694435882852
ACGGTCGTCGGTTGTA-1,Oligo MOG OPALIN,0.817697186741939
ACGGTTACACAGAGAC-1,Oligo MOG OPALIN,0.9760913982254226
ACGGTTACAGGTTCGC-1,Endo CLDN5 SLC7A5,0.5423547754123095
ACGGTTACATGGAAGC-1,Oligo MOG OPALIN,0.4441833696398142
ACGGTTATCGTAGGGA-1,Oligo MOG OPALIN,0.7966120722607484
ACGTAACAGATGACCG-1,Endo CLDN5 SLC7A5,0.6125001780794211
ACGTAACAGCCATCCG-1,Endo CLDN5 SLC7A5,0.6140912111788244
ACGTAACCATAATGCC-1,Endo CLDN5 SLC7A5,0.9999790943160315
ACGTAACGTAATACCC-1,Endo CLDN5 SLC7A5,0.7744747961667884
ACGTAACGTTAATGAG-1,Micro P2RY12 APBB1IP,0.9367977281050306
ACGTAACTCTACGCGG-1,Endo CLDN5 SLC7A5,0.3227526845855224
ACGTACAAGCACTAAA-1,Endo CLDN5 SLC7A5,0.970811669969007
ACGTACAAGTATGGAT-1,Endo CLDN5 SLC7A5,0.8831864765104809
ACGTACATCACAATGC-1,L2-3 CUX2 NTNG1 PALMD,0.42925513515163916
ACGTACATCTCGTGAA-1,Endo CLDN5 SLC7A5,0.9982732383871384
ACGTAGTAGACGAAGA-1,Endo CLDN5 SLC7A5,0.9743392092169053
ACGTAGTCACGCGTCA-1,Endo CLDN5 SLC7A5,0.5070512131243289
ACGTCCTGTGGTTTAC-1,Oligo MOG OPALIN,0.47723582595543856
ACGTCCTTCCGATAAC-1,Oligo MOG OPALIN,0.9996122536180345
ACGTCCTTCTCCGAGG-1,Endo CLDN5 SLC7A5,0.9941068587195399
ACGTTCCAGGTGCATG-1,Oligo MOG OPALIN,0.9955249214802979
ACGTTCCAGTGTTCCA-1,Endo CLDN5 SLC7A5,0.9399719901025821
ACGTTCCCAACAGCCC-1,Endo CLDN5 SLC7A5,0.3445623492628035
ACGTTCCCAGAGATGC-1,Endo CLDN5 SLC7A5,0.9702902049894985
ACGTTCCGTCAGTCTA-1,Oligo MOG OPALIN,0.3062080345771244
ACGTTCCGTCGCAGTC-1,Oligo MOG OPALIN,0.9999989702047811
ACGTTCCTCCGATCTC-1,Endo CLDN5 SLC7A5,0.990694125600724
ACTACGAAGACCATGG-1,Oligo MOG OPALIN,0.9422698065712958
ACTACGAAGAGGGTCT-1,Oligo MOG OPALIN,0.9964846068456277
ACTACGAAGGTACCTT-1,Oligo MOG OPALIN,0.8814163107472428
ACTACGATCAGGTAAA-1,Endo CLDN5 SLC7A5,0.3136334722150051
ACTATCTCAATACAGA-1,Endo CLDN5 SLC7A5,0.31319853591830515
ACTATCTTCCATCCGT-1,Astro AQP4 SLC1A2,0.5913683904632517
ACTATCTTCTACAGGT-1,Endo CLDN5 SLC7A5,0.8543086718138386
ACTATGGAGTATAGGT-1,Oligo MOG OPALIN,0.9269192874641798
ACTATGGGTGAGATAT-1,Endo CLDN5 SLC7A5,0.6641813349701612
ACTATGGTCAACGAGG-1,Endo CLDN5 SLC7A5,0.6891035022134193
ACTATTCCACACAGCC-1,Micro P2RY12 APBB1IP,0.777771709713723
ACTATTCCACACGCCA-1,Endo CLDN5 SLC7A5,0.9683489917166461
ACTATTCGTGTTGATC-1,Oligo MOG OPALIN,0.8405210799481702
ACTATTCGTTAAGCAA-1,Oligo MOG OPALIN,0.9999996482492546
ACTATTCTCGATTCCC-1,Endo CLDN5 SLC7A5,0.9589297118598639
ACTCCCAAGCAGCACA-1,Endo CLDN5 SLC7A5,0.8677249590421383
ACTCCCAAGCGCTTCG-1,Oligo MOG OPALIN,0.5382960586300636
ACTCCCAAGCTAATGA-1,Endo CLDN5 SLC7A5,0.7476099407197739
ACTCTCGAGGTTCTTG-1,Endo CLDN5 SLC7A5,0.36884659249583474
ACTCTCGAGTGCCCGT-1,Oligo MOG OPALIN,0.8459134931725498
ACTGATGAGATCCAAA-1,InN VIP SCML4,0.9943984473721372
ACTGATGAGCCATGCC-1,Endo CLDN5 SLC7A5,0.35043094070566266
ACTGATGCACCTGTCT-1,Oligo MOG OPALIN,0.8453384779089503
ACTGATGCACTTGAAC-1,L6 OPRK1 THEMIS RGS6,0.34795770397399156
ACTGCAAGTTGTGTTG-1,L2-4 CUX2 RORB CLMN,0.3464142574497541
ACTGCAATCAGTAGGG-1,Oligo MOG OPALIN,0.8951640237861991
ACTGTCCAGGTCCCTG-1,Endo CLDN5 SLC7A5,0.40372103984944857
ACTGTCCGTACCATAC-1,Endo CLDN5 SLC7A5,0.8206882044162114
ACTGTCCGTGATATAG-1,Endo CLDN5 SLC7A5,0.9528337008062305
ACTGTCCTCCACCCTA-1,Endo CLDN5 SLC7A5,0.9947122278530734
ACTGTGAAGAAGTCCG-1,Endo CLDN5 SLC7A5,0.7918823645937745
ACTGTGAAGACGGAAA-1,Endo CLDN5 SLC7A5,0.4454316501164105
ACTGTGAAGGATATAC-1,Endo CLDN5 SLC7A5,0.8025982213159998
ACTGTGAGTCGTGCCA-1,InN SST KLHL14,0.9235038156800381
ACTTAGGAGGATACGC-1,Astro GFAP AQP1,0.7542583051395204
ACTTAGGAGGCTTAAA-1,Endo CLDN5 SLC7A5,0.3189451202762598
ACTTATCGTGCATGTT-1,Endo CLDN5 SLC7A5,0.3538552475281488
ACTTATCGTTAAGGGC-1,Endo CLDN5 SLC7A5,0.9250889516622673
ACTTCCGAGGGAGGTG-1,Endo CLDN5 SLC7A5,0.6051767690761805
ACTTCCGCATAATCGC-1,Endo CLDN5 SLC7A5,0.9997462971034181
ACTTCGCAGCATCCCG-1,Endo CLDN5 SLC7A5,0.9985328054879964
ACTTCGCCACGCTATA-1,Endo CLDN5 SLC7A5,0.9288971725426078
ACTTCGCGTTCTTCAT-1,Endo CLDN5 SLC7A5,0.4153239698857067
ACTTCGCTCCGATAGT-1,Oligo MOG GSN,0.9984249561926352
ACTTTCACACGGCACT-1,Oligo MOG OPALIN,0.977922231328913
ACTTTCATCTCATGGA-1,Endo CLDN5 SLC7A5,0.9993572868941891
ACTTTGTGTTTCCATT-1,Oligo MOG OPALIN,0.49606702102378125
ACTTTGTTCACAATGC-1,Endo CLDN5 SLC7A5,0.9890845562132051
ACTTTGTTCATGAGTC-1,Astro GFAP AQP1,0.9269598307464804
ACTTTGTTCTCAATCT-1,Endo CLDN5 SLC7A5,0.5362756262531118
AGAAATGTCCGATAGT-1,Oligo MOG OPALIN,0.7309973522257773
AGAAATGTCGCTTACC-1,Endo CLDN5 SLC7A5,0.9769811752263745
AGAACAAAGGATTCCT-1,Astro GFAP AQP1,0.4175316138490471
AGAACAATCACCCTGT-1,Endo CLDN5 SLC7A5,0.9289419680293317
AGAACCTAGTGCCAGA-1,Endo CLDN5 SLC7A5,0.7777572240061842
AGAACCTAGTTGTCAC-1,Endo CLDN5 SLC7A5,0.9171221072149133
AGAACCTCAATACGCT-1,Endo CLDN5 SLC7A5,0.5899021961047194
AGAACCTCATCCGTGG-1,Endo CLDN5 SLC7A5,0.41796749498165275
AGAACCTGTTCCACAA-1,Oligo MOG OPALIN,0.7113436629199668
AGAACCTTCTCCCATG-1,Oligo MOG OPALIN,0.9236403182213438
AGAAGCGCAGATACTC-1,Oligo MOG OPALIN,0.30699547719743114
AGAAGCGCAGTATTCG-1,Endo CLDN5 SLC7A5,0.9972053739214908
AGAAGCGCATGACTTG-1,Oligo MOG OPALIN,0.3517022001644094
AGAAGCGGTCATCGCG-1,Oligo MOG OPALIN,0.9829231714981217
AGAAGCGTCCATTTGT-1,Oligo MOG OPALIN,0.9508214811683493
AGAAGCGTCTGTCGCT-1,Endo CLDN5 SLC7A5,0.5141839458642791
AGAAGTACACACAGCC-1,Endo CLDN5 SLC7A5,0.6745694732467484
AGAAGTACACTGTCCT-1,Endo CLDN5 SLC7A5,0.9087288548335647
AGAAGTATCATTGTGG-1,Endo CLDN5 SLC7A5,0.5458999663636901
AGACAAAAGCCGTTGC-1,Endo CLDN5 SLC7A5,0.8848872516324223
AGACAAAGTTCGCGTG-1,Endo CLDN5 SLC7A5,0.7894376425680861
AGACAAATCCATTTCA-1,Astro AQP4 SLC1A2,0.481697349255154
AGACACTAGAAGTCCG-1,Endo CLDN5 SLC7A5,0.7785868007762972
AGACACTAGATGACCG-1,OPC PDGFRA PCDH15,0.9237266061968493
AGACACTTCATTTACC-1,Endo CLDN5 SLC7A5,0.8645211868433033
AGACACTTCGCTAAAC-1,Endo CLDN5 SLC7A5,0.9693708151749937
AGACAGGAGTGCTAGG-1,Endo CLDN5 SLC7A5,0.4240089236009776
AGACAGGCACGACGAA-1,Endo CLDN5 SLC7A5,0.9531109711467609
AGACAGGTCGAGAACG-1,Endo CLDN5 SLC7A5,0.9374289469974325
AGACCATAGCCATATC-1,Endo CLDN5 SLC7A5,0.795298017474261
AGACCATCAGGACAGT-1,Oligo MOG OPALIN,0.9764706917327979
AGACCCGCAAACCATC-1,Endo CLDN5 SLC7A5,0.9875979536336983
AGACCCGTCATTCGTT-1,L2-3 CUX2 NTNG1 PALMD,0.468571878163634
AGACCCGTCTAAGGAA-1,Endo CLDN5 SLC7A5,0.708983878174312
AGACTCACACGCTATA-1,Endo CLDN5 SLC7A5,0.9282242172207218
AGACTCAGTCAAATCC-1,Endo CLDN5 SLC7A5,0.9949919518263941
AGACTCAGTGACTCGC-1,Endo CLDN5 SLC7A5,0.9901716112029588
AGACTCAGTGGCTACC-1,Endo CLDN5 SLC7A5,0.7368278394788085
AGAGAATAGTTGCGCC-1,Endo CLDN5 SLC7A5,0.42760727317525105
AGAGAATCATCCGGTG-1,Oligo MOG OPALIN,0.9863307664840456
AGAGAATTCACACGAT-1,Endo CLDN5 SLC7A5,0.9537349979322755
AGAGAGCAGAATTGCA-1,Endo CLDN5 SLC7A5,0.3266835856348616
AGAGAGCAGCCTATTG-1,Endo CLDN5 SLC7A5,0.3516390914975418
AGAGAGCCAAAGGCAC-1,Endo CLDN5 SLC7A5,0.996276796613683
AGAGAGCCACTGGCCA-1,Endo CLDN5 SLC7A5,0.7567221614116677
AGAGAGCCATGGCTGC-1,Endo CLDN5 SLC7A5,0.6403782038533682
AGAGAGCTCAGGAAAT-1,L6 OPRK1 THEMIS RGS6,0.9978838978020477
AGAGCAGAGGAATTAC-1,Endo CLDN5 SLC7A5,0.30535025201870813
AGAGCAGAGTGAGTTA-1,Oligo MOG OPALIN,0.9252883567604046
AGAGCAGCAATGAGCG-1,Endo CLDN5 SLC7A5,0.5576513731157683
AGAGCAGTCGTAGGGA-1,Endo CLDN5 SLC7A5,0.6133186912111308
AGAGCAGTCTGTAAGC-1,Oligo MOG OPALIN,0.4921606683775632
AGAGCCCCATCTCCCA-1,Endo CLDN5 SLC7A5,0.7450124685115587
AGAGCCCGTACCGCGT-1,Oligo MOG OPALIN,0.6191612731502547
AGAGCCCGTACGCTAT-1,Endo CLDN5 SLC7A5,0.8359421924209475
AGATAGACACCCGTAG-1,Endo CLDN5 SLC7A5,0.7831499622652709
AGATAGAGTTGCGTAT-1,Endo CLDN5 SLC7A5,0.48685665299602693
AGATAGAGTTGTCATG-1,Endo CLDN5 SLC7A5,0.9767588489109551
AGATAGAGTTGTTGAC-1,Endo CLDN5 SLC7A5,0.8634787099278962
AGATAGATCCCGGTAG-1,Oligo MOG OPALIN,0.865901291336291
AGATAGATCTGACCCT-1,Endo CLDN5 SLC7A5,0.943928151950376
AGATCCAAGTCGGGAT-1,Endo CLDN5 SLC7A5,0.9752459700168311
AGATCCAGTCGTGATT-1,Oligo MOG OPALIN,0.948458543195293
AGATCGTCACTTGTCC-1,Endo CLDN5 SLC7A5,0.9047150466229178
AGATCGTGTCAGTCCG-1,Endo CLDN5 SLC7A5,0.9558325934234992
AGATCGTGTTTACTTC-1,Endo CLDN5 SLC7A5,0.38944591169550746
AGATCGTTCTTACTGT-1,Endo CLDN5 SLC7A5,0.9857980359545031
AGATGAAAGGGTGGGA-1,Endo CLDN5 SLC7A5,0.5776104145507177
AGATGAACAATACAGA-1,Endo CLDN5 SLC7A5,0.8768272278595888
AGATGAAGTTATGACC-1,Endo CLDN5 SLC7A5,0.9938587736626925
AGATGCTAGAGATTCA-1,L2-3 CUX2 NTNG1 PALMD,0.6859174273418356
AGATGCTCAAGGATGC-1,Endo CLDN5 SLC7A5,0.96187610617789
AGATGCTGTGATGTAA-1,Endo CLDN5 SLC7A5,0.34106151986371935
AGCATCAAGGAGTACC-1,Endo CLDN5 SLC7A5,0.9967381473299634
AGCATCAAGTACCATC-1,InN LAMP5 RELN,0.9926371974211237
AGCATCAAGTTGCCTA-1,L2-3 CUX2 NTNG1 PALMD,0.5622218475741152
AGCATCACAGAGTTGG-1,Endo CLDN5 SLC7A5,0.9661986431693705
AGCATCAGTCGCAGTC-1,Endo CLDN5 SLC7A5,0.6530856200747333
AGCATCATCCTCTAGC-1,Endo CLDN5 SLC7A5,0.4511655864344554
AGCCAATCATAAGCGG-1,Endo CLDN5 SLC7A5,0.9985490117529777
AGCCAATGTCTCAGAT-1,Oligo MOG OPALIN,0.5217723912461912
AGCCAATGTGTCTTGA-1,Endo CLDN5 SLC7A5,0.9458297188358674
AGCCACGGTCCAGTTA-1,InN PVALB HPSE,0.9179492337379749
AGCCACGGTGTACGCC-1,Endo CLDN5 SLC7A5,0.9998909956969942
AGCCACGGTGTCTTGA-1,Endo CLDN5 IL1R1,0.3300009371948818
AGCCAGCAGCCTCAGC-1,Endo CLDN5 SLC7A5,0.7504055416198642
AGCCAGCAGCTCGGCT-1,Endo CLDN5 SLC7A5,0.3281115428164549
AGCCAGCTCACGTCCT-1,Oligo MOG OPALIN,0.942647470219935
AGCCAGCTCATCGCTC-1,Endo CLDN5 SLC7A5,0.9703252232325645
AGCCAGCTCCGTTTCG-1,Endo CLDN5 SLC7A5,0.3569584562780002
AGCCAGCTCGTGGGTC-1,Endo CLDN5 SLC7A5,0.9887338874975744
AGCCAGCTCTTCGCTG-1,Oligo MOG OPALIN,0.9576166133987982
AGCGATTAGACGGATC-1,OPC PDGFRA PCDH15,0.9999943979860245
AGCGATTGTGTTCAGT-1,Endo CLDN5 SLC7A5,0.5486123549671121
AGCGCCAAGGTAAGAG-1,Endo CLDN5 SLC7A5,0.9085101678445763
AGCGCCACACCCTGTT-1,Endo CLDN5 SLC7A5,0.36629808252367363
AGCGCCATCCCTTTGG-1,Endo CLDN5 SLC7A5,0.9663430368311239
AGCGCCATCCTACACC-1,Oligo MOG OPALIN,0.8870012035821417
AGCGCTGAGAAACTCA-1,Oligo MOG OPALIN,0.881774955574166
AGCGCTGCAACTAGAA-1,Endo CLDN5 SLC7A5,0.7197810797971318
AGCGCTGCATGGCACC-1,Endo CLDN5 SLC7A5,0.9111882424133078
AGCGCTGTCAGCTCTC-1,Endo CLDN5 SLC7A5,0.6407445379143065
AGCGCTGTCGATACGT-1,Oligo MOG OPALIN,0.5558305351382126
AGCGTATAGTAGTGCG-1,Endo CLDN5 SLC7A5,0.9945508289835402
AGCGTATCAGATTTCG-1,Oligo MOG OPALIN,0.7693638247714799
AGCGTATGTGGGCTCT-1,Endo CLDN5 SLC7A5,0.5411558677002747
AGCGTCGAGAATACAC-1,Endo CLDN5 SLC7A5,0.6412576843806558
AGCGTCGGTCTGTTAG-1,Endo CLDN5 SLC7A5,0.9993003016677293
AGCTACAAGGGCTAAC-1,Endo CLDN5 SLC7A5,0.8660765522550128
AGCTACAAGTAGTCCT-1,Endo CLDN5 SLC7A5,0.8067657946432019
AGCTACACAGCCTACG-1,Endo CLDN5 SLC7A5,0.9908355252365174
AGCTACAGTGAATATG-1,Endo CLDN5 SLC7A5,0.7350003234132466
AGCTACATCAGGAGAC-1,Endo CLDN5 SLC7A5,0.9406068936787375
AGCTACATCTCCATAT-1,Endo CLDN5 SLC7A5,0.9950728527330126
AGCTCAAAGAATAACC-1,Endo CLDN5 SLC7A5,0.34019833094360474
AGCTCAAAGCCTGGAA-1,Endo CLDN5 SLC7A5,0.3479746620780951
AGCTCAAGTCCACAGC-1,Oligo MOG OPALIN,0.9713684520871416
AGCTCAAGTCTAGGCC-1,Endo CLDN5 SLC7A5,0.7144455650997968
AGCTCAAGTTGCTAGT-1,Oligo MOG OPALIN,0.9773786280792222
AGCTCAATCACACGAT-1,Endo CLDN5 SLC7A5,0.9970123736996134
AGCTCAATCTGACCCT-1,Endo CLDN5 SLC7A5,0.8013222427947223
AGCTTCCAGTAGCCAG-1,Endo CLDN5 SLC7A5,0.9776792276952682
AGGAAATCAAGGTCAG-1,Oligo MOG OPALIN,0.7649147541848489
AGGAAATGTAACAGTA-1,Endo CLDN5 SLC7A5,0.9953353440639273
AGGAAATTCCTACCAC-1,Oligo MOG OPALIN,0.4641814330253863
AGGAATACAACCACAT-1,Oligo MOG OPALIN,0.3272124842132394
AGGAATACACCTGCTT-1,Endo CLDN5 SLC7A5,0.9299690456571134
AGGAATAGTAACGATA-1,Endo CLDN5 SLC7A5,0.7349154108777005
AGGACGAAGAAATGGG-1,Endo CLDN5 SLC7A5,0.4849944052095434
AGGACGAAGGCAGGGA-1,Oligo MOG OPALIN,0.9900875081102558
AGGACGAAGGGTTAGC-1,Micro P2RY12 APBB1IP,0.5528496965047506
AGGACGAAGGTAAGAG-1,Endo CLDN5 SLC7A5,0.7945646439920646
AGGACTTAGTTGCGAG-1,Endo CLDN5 SLC7A5,0.8764474744298102
AGGACTTCACTTCAGA-1,Endo CLDN5 SLC7A5,0.8105262752548185
AGGACTTGTCAATCTG-1,L2-3 CUX2 NTNG1 PALMD,0.3641644705122123
AGGAGGTAGTCAGGGT-1,Oligo MOG OPALIN,0.43111197642879556
AGGAGGTAGTTTGGCT-1,Endo CLDN5 SLC7A5,0.9465737931778823
AGGAGGTGTGACTCTA-1,Endo CLDN5 SLC7A5,0.6980293160100847
AGGAGGTTCCTACTGC-1,Oligo MOG OPALIN,0.9820903917873135
AGGATAAAGTCGGCCT-1,Endo CLDN5 SLC7A5,0.9981804532370414
AGGATAACACGCGTGT-1,Endo CLDN5 SLC7A5,0.8437384220182906
AGGATAACAGAATTCC-1,Endo CLDN5 SLC7A5,0.9872559227697212
AGGATAACAGCTCTGG-1,L2-3 CUX2 NTNG1 PALMD,0.8793787852783588
AGGATAAGTTGAGGAC-1,Endo CLDN5 SLC7A5,0.9624481910033931
AGGATAATCGTTATCT-1,Astro GFAP AQP1,0.9500542506523697
AGGATCTAGGTGGGTT-1,Endo CLDN5 SLC7A5,0.5025518688362142
AGGATCTCAACTGTGT-1,Oligo MOG OPALIN,0.5616996327511218
AGGATCTGTCTGCGCA-1,Endo CLDN5 SLC7A5,0.5710323200912024
AGGATCTTCACGATAC-1,Endo CLDN5 SLC7A5,0.7343692172167379
AGGATCTTCATCTCTA-1,Endo CLDN5 SLC7A5,0.5877635583504575
AGGCATTAGATGTTAG-1,Endo CLDN5 SLC7A5,0.4862350285918076
AGGCATTCAACCAATC-1,Oligo MOG OPALIN,0.4672631301908069
AGGCATTCACGGTGCT-1,Endo CLDN5 SLC7A5,0.9321799251446066
AGGCATTGTGTTATCG-1,Endo CLDN5 SLC7A5,0.8999191598184249
AGGCATTGTTTACTTC-1,Endo CLDN5 SLC7A5,0.6275314722778412
AGGCATTTCCACATAG-1,Oligo MOG OPALIN,0.9667874072468986
AGGCCACAGATGGTCG-1,Endo CLDN5 SLC7A5,0.8795626361703799
AGGCCACAGCAGCCCT-1,Oligo MOG OPALIN,0.9994102110481263
AGGCCACGTTACACTG-1,Oligo MOG OPALIN,0.9269560584055172
AGGCCACTCAACCTCC-1,Endo CLDN5 SLC7A5,0.5082221635106364
AGGCTGCAGATTCGAA-1,L2-3 CUX2 ACVR1C INHBA,0.8118886543897297
AGGCTGCCAAACCACT-1,Endo CLDN5 SLC7A5,0.7565092334088239
AGGCTGCCAAGAGTGC-1,L3-5 RORB GABRG1 PTPRO,0.6577367197202699
AGGCTGCCATTCATCT-1,Endo CLDN5 SLC7A5,0.7552080899362672
AGGCTGCGTCCAAATC-1,Oligo MOG OPALIN,0.54034227938732
AGGCTGCTCAAGCTTG-1,Endo CLDN5 SLC7A5,0.7269989816568335
AGGGAGTAGCCGCTTG-1,Endo CLDN5 SLC7A5,0.8106701358947238
AGGGAGTAGTGCTACT-1,Endo CLDN5 SLC7A5,0.4446055507459712
AGGGAGTCATGGCTGC-1,Endo CLDN5 SLC7A5,0.8467659871666186
AGGGAGTCATTCCTAT-1,Endo CLDN5 SLC7A5,0.42928181469853616
AGGGAGTGTAACATAG-1,Endo CLDN5 SLC7A5,0.6287260658038875
AGGGAGTGTGTTTACG-1,Endo CLDN5 SLC7A5,0.9662512759251014
AGGGAGTGTTAAGGGC-1,Oligo MOG OPALIN,0.9894746204612925
AGGGAGTGTTGGACCC-1,Endo CLDN5 SLC7A5,0.9345088542434452
AGGGAGTTCTTTCCGG-1,Oligo MOG OPALIN,0.6051443796248126
AGGGCCTAGACGGTTG-1,Endo CLDN5 SLC7A5,0.9137614229025428
AGGGCTCGTGATATAG-1,Oligo MOG OPALIN,0.6711818157950777
AGGGCTCTCGAGGCAA-1,Oligo MOG OPALIN,0.7773182479116658
AGGGTCCAGAGAATCT-1,Endo CLDN5 SLC7A5,0.871541263093994
AGGGTCCAGGCACAAC-1,Endo CLDN5 SLC7A5,0.9993933227226183
AGGGTCCGTCTCAGGC-1,Endo CLDN5 SLC7A5,0.7490146533940812
AGGGTGACAATCCTTT-1,Endo CLDN5 SLC7A5,0.899300512758039
AGGGTGACATAATGCC-1,Endo CLDN5 SLC7A5,0.789499745425513
AGGGTGACATCCTAAG-1,Endo CLDN5 SLC7A5,0.9261018642645747
AGGGTGAGTACTGCCG-1,Oligo MOG OPALIN,0.7445836133611675
AGGGTTTAGGAACTAT-1,Oligo MOG OPALIN,0.9701070223927998
AGGGTTTCATCGCCTT-1,Oligo MOG OPALIN,0.9159157758420672
AGGGTTTGTGCGTTTA-1,Endo CLDN5 SLC7A5,0.5984784055011967
AGGGTTTTCGGCTGTG-1,Endo CLDN5 SLC7A5,0.8588067828433077
AGGTAGGCACGACAGA-1,Endo CLDN5 SLC7A5,0.32583931599451477
AGGTAGGGTCCAATCA-1,Endo CLDN5 SLC7A5,0.9863930209253304
AGGTAGGGTCTGCAAT-1,Oligo MOG OPALIN,0.9922707870432551
AGGTAGGTCACTACGA-1,L2-3 CUX2 NTNG1 PALMD,0.31960799761171577
AGGTCATTCCGTGCGA-1,Oligo MOG OPALIN,0.8511501882320327
AGGTCTAGTCAATCTG-1,Oligo MOG OPALIN,0.9604921492563745
AGGTCTAGTTGGAGAC-1,Oligo MOG OPALIN,0.8953084067200902
AGGTCTATCAGTCATG-1,Endo CLDN5 SLC7A5,0.4009490584887635
AGGTCTATCGTGTCAA-1,Endo CLDN5 SLC7A5,0.510995698030096
AGGTCTATCTGCATGA-1,Endo CLDN5 SLC7A5,0.8771420108906655
AGGTGTTCACTCAGAT-1,Endo CLDN5 SLC7A5,0.46599502820001754
AGGTGTTCAGGTATGG-1,Endo CLDN5 SLC7A5,0.7566537290272835
AGGTGTTGTTGGCCGT-1,Micro P2RY12 APBB1IP,0.5266290438104189
AGGTGTTTCTATTTCG-1,Micro P2RY12 APBB1IP,0.998400925583106
AGGTTACAGCCATGCC-1,Astro AQP4 SLC1A2,0.8785197868912746
AGGTTACAGCGTGAAC-1,Endo CLDN5 SLC7A5,0.9914814254740909
AGGTTACAGGATATAC-1,Endo CLDN5 SLC7A5,0.9720307493900565
AGGTTACGTCTCAAGT-1,Endo CLDN5 SLC7A5,0.518733291980836
AGGTTGTCACCCAACG-1,Endo CLDN5 SLC7A5,0.3586768278208304
AGGTTGTCAGCGTGCT-1,Endo CLDN5 SLC7A5,0.9436561075482215
AGGTTGTGTGAATTAG-1,Endo CLDN5 SLC7A5,0.981980249438174
AGGTTGTTCTGGGATT-1,Endo CLDN5 SLC7A5,0.9984069730036954
AGTAACCAGTGGATTA-1,Endo CLDN5 SLC7A5,0.3532784843581586
AGTAACCCAAAGACTA-1,Endo CLDN5 SLC7A5,0.8942541651948989
AGTAACCTCAATCAGC-1,Endo CLDN5 SLC7A5,0.9964002445334385
AGTACCACACCATATG-1,L2-3 CUX2 ACVR1C INHBA,0.8793869152734964
AGTACCAGTAGTTACC-1,Endo CLDN5 SLC7A5,0.4949910970940346
AGTACTGCAATAGGAT-1,Oligo MOG OPALIN,0.5027975330144935
AGTACTGCACTCCACT-1,Endo CLDN5 SLC7A5,0.8842368282413517
AGTACTGTCACCTGTC-1,Endo CLDN5 SLC7A5,0.9720757953850826
AGTACTGTCGCTCTCA-1,Oligo MOG OPALIN,0.9988719421447452
AGTAGCTAGCCGGATA-1,Oligo MOG OPALIN,0.7486434462913437
AGTAGCTAGGCTCACC-1,Endo CLDN5 SLC7A5,0.35306763026858257
AGTAGCTGTCAGGTGA-1,Endo CLDN5 SLC7A5,0.7499315168778025
AGTAGCTGTTCCTACC-1,Oligo MOG OPALIN,0.9382060584069707
AGTAGCTGTTCGAACT-1,Oligo MOG OPALIN,0.7970258768629764
AGTAGCTTCGACATTG-1,Endo CLDN5 SLC7A5,0.9308859065859733
AGTAGCTTCTGAGATC-1,Endo CLDN5 SLC7A5,0.7113943609564126
AGTAGTCAGACATACA-1,Oligo MOG OPALIN,0.9983517311630024
AGTAGTCAGTATGGCG-1,Endo CLDN5 SLC7A5,0.8672086621581582
AGTAGTCTCCACGGGT-1,Endo CLDN5 SLC7A5,0.6254793061553234
AGTAGTCTCCATTCAT-1,Oligo MOG OPALIN,0.9998654959026717
AGTCAACAGCTTCGTA-1,Endo CLDN5 SLC7A5,0.9250599636781806
AGTCAACCAACCCGCA-1,Endo CLDN5 SLC7A5,0.8354120656615143
AGTCAACCATAGGTTC-1,Oligo MOG OPALIN,0.9990773750364316
AGTCAACGTATGAAGT-1,Endo CLDN5 SLC7A5,0.3393247793839774
AGTCAACGTTAAGGGC-1,Oligo MOG OPALIN,0.6453175302487892
AGTCAACTCCAAGCTA-1,Oligo MOG OPALIN,0.41033994326137313
AGTCAACTCTACTGCC-1,Endo CLDN5 SLC7A5,0.5196038314186262
AGTCACACAGACACAG-1,Micro P2RY12 APBB1IP,0.9999816719149477
AGTCACACATGGGAAC-1,Oligo MOG OPALIN,0.9912082097059556
AGTCACAGTAGGTACG-1,Endo CLDN5 SLC7A5,0.7507785630825982
AGTCACATCAACTACG-1,Oligo MOG OPALIN,0.7749268851223315
AGTCATGAGCAATAGT-1,Oligo MOG OPALIN,0.9998965698220591
AGTCATGAGGTGTGAC-1,Oligo MOG OPALIN,0.9068308809671949
AGTCATGGTGGAACCA-1,Endo CLDN5 SLC7A5,0.8216604766738956
AGTCATGTCACCCTTG-1,Endo CLDN5 SLC7A5,0.6066797969500126
AGTCTCCAGCCAACCC-1,OPC PDGFRA PCDH15,0.9999999999999685
AGTCTCCCAAATGCTC-1,Endo CLDN5 SLC7A5,0.9922187554094845
AGTCTCCCAGCAGTTT-1,Oligo MOG OPALIN,0.9789987895529024
AGTCTCCGTCCTCAGG-1,Endo CLDN5 SLC7A5,0.8921545119602001
AGTCTCCTCCGATAGT-1,L2-3 CUX2 NTNG1 PALMD,0.3654320838564924
AGTGACTAGGCCCGTT-1,L3-5 RORB GABRG1 KCNH7,0.49675888296348114
AGTGACTGTGACCGAA-1,Endo CLDN5 SLC7A5,0.464856729008082
AGTGATCCACTACAGT-1,Endo CLDN5 SLC7A5,0.8790798312341871
AGTGCCGAGGCTAAAT-1,Oligo MOG OPALIN,0.9999979652123466
AGTGCCGCAATCTGCA-1,Endo CLDN5 SLC7A5,0.5957376078406683
AGTGCCGCAGCATACT-1,Endo CLDN5 SLC7A5,0.5119805444462482
AGTGCCGCAGCCATTA-1,InN SST KLHL14,0.30532844384910773
AGTGCCGTCTGAGGCC-1,Endo CLDN5 SLC7A5,0.6876909216967694
AGTGTTGCAAGGGCAT-1,Endo CLDN5 SLC7A5,0.45250717723435074
AGTGTTGGTCGACTTA-1,OPC PDGFRA PCDH15,0.9999999999929077
AGTGTTGGTGTTATCG-1,Endo CLDN5 SLC7A5,0.532795626926134
AGTTAGCAGGTTTGAA-1,Endo CLDN5 SLC7A5,0.9866804245241999
AGTTAGCAGTAGTGCG-1,Endo CLDN5 SLC7A5,0.3741898967095455
AGTTAGCGTACGTTCA-1,Oligo MOG OPALIN,0.9365649071963426
AGTTAGCGTATCACCA-1,Endo CLDN5 SLC7A5,0.5933318527532822
AGTTCCCAGGCGTTGA-1,Oligo MOG OPALIN,0.9992789650592813
AGTTCCCGTAAGTCAA-1,Endo CLDN5 SLC7A5,0.939863836237521
AGTTCCCTCTCGGCTT-1,Endo CLDN5 SLC7A5,0.9688045140276996
AGTTCGAAGGTGCAGT-1,Oligo MOG OPALIN,0.9267174736084044
AGTTCGACAAACTAGA-1,Endo CLDN5 SLC7A5,0.8556783660829264
AGTTCGATCTCATTTG-1,Astro GFAP FABP7,0.9999749378033845
ATACCGATCGGCCAAC-1,Oligo MOG OPALIN,0.9995798133961897
ATACCTTAGACCAACG-1,Endo CLDN5 SLC7A5,0.8235150570157073
ATACCTTAGGACACTG-1,Endo CLDN5 SLC7A5,0.37335594820502443
ATACCTTCACCTTCGT-1,Endo CLDN5 SLC7A5,0.991368565532868
ATACCTTTCGTTAGTG-1,Endo CLDN5 SLC7A5,0.9708718758630039
ATACCTTTCTATCGTT-1,L2-3 CUX2 NTNG1 PALMD,0.38746980930449193
ATACTTCGTCCAGAAG-1,Endo CLDN5 SLC7A5,0.5847118563762769
ATACTTCGTGACTCGC-1,Endo CLDN5 SLC7A5,0.4812575032765737
ATACTTCGTTCTCCAC-1,Endo CLDN5 SLC7A5,0.9649256934177869
ATAGACCAGAGCACTG-1,Endo CLDN5 SLC7A5,0.9984457750797113
ATAGACCCAAGTTCCA-1,Endo CLDN5 SLC7A5,0.5224473631413169
ATAGACCCACAGAGCA-1,Endo CLDN5 SLC7A5,0.9566714318938605
ATAGACCCAGATCCTA-1,Oligo MOG OPALIN,0.4866012720850044
ATAGACCCAGGCACTC-1,Endo CLDN5 SLC7A5,0.9977241358676118
ATAGACCGTGGAGGTT-1,Endo CLDN5 SLC7A5,0.5678717627210913
ATAGACCTCTGAACGT-1,Endo CLDN5 SLC7A5,0.31176001134508885
ATAGAGAAGTAGCATA-1,Endo CLDN5 SLC7A5,0.9881461121589048
ATAGAGACAGAGAGGG-1,Oligo MOG OPALIN,0.9753285800054946
ATAGAGAGTCGGAACA-1,Endo CLDN5 SLC7A5,0.7097181268848641
ATAGAGATCAGCTGAT-1,Oligo MOG OPALIN,0.3196662515250813
ATAGGCTTCACTCGAA-1,Oligo MOG OPALIN,0.47106112750443296
ATATCCTAGCCACAAG-1,Endo CLDN5 SLC7A5,0.9823470667616551
ATATCCTGTCAACGCC-1,Oligo MOG OPALIN,0.9999911826953192
ATATCCTTCAGCTAGT-1,Oligo MOG OPALIN,0.7328948451128967
ATATCCTTCAGTGCGC-1,Endo CLDN5 SLC7A5,0.4614939884138615
ATCACAGAGGAGTCTG-1,Endo CLDN5 SLC7A5,0.9619891060790366
ATCACAGCATTAGGAA-1,Oligo MOG OPALIN,0.905239721286634
ATCACAGGTAAGACCG-1,Endo CLDN5 SLC7A5,0.8822191823914701
ATCACAGTCATTCACT-1,L2-3 CUX2 NTNG1 PALMD,0.5457653191309855
ATCACAGTCGACCAAT-1,Oligo MOG OPALIN,0.7159097998756301
ATCACGAAGACAGCGT-1,Endo CLDN5 SLC7A5,0.37045330467438986
ATCACGAAGATCCTAC-1,Endo CLDN5 SLC7A5,0.3654427339342952
ATCACGAAGCGGTAGT-1,Endo CLDN5 SLC7A5,0.9981732425786863
ATCACGACAAGAGTGC-1,Endo CLDN5 SLC7A5,0.5144424501055127
ATCACGACAATCGTCA-1,Endo CLDN5 SLC7A5,0.9026501839308665
ATCACGAGTTAAAGTG-1,Endo CLDN5 SLC7A5,0.5667995731829485
ATCACGATCCTCTCGA-1,Oligo MOG OPALIN,0.9999961683848295
ATCACGATCGAGAACG-1,Endo CLDN5 SLC7A5,0.9564020543597481
ATCACGATCTTTCCAA-1,L2-4 CUX2 RORB CLMN,0.7529908653024204
ATCACTTCACTGGATT-1,Endo CLDN5 SLC7A5,0.9278322304238644
ATCACTTGTAGCTAAA-1,Endo CLDN5 SLC7A5,0.4000395984441091
ATCACTTTCTGGGAGA-1,Endo CLDN5 SLC7A5,0.9257399598961948
ATCAGGTCACAAGTTC-1,Endo CLDN5 SLC7A5,0.9923970655975474
ATCAGGTCATCCGTGG-1,L3-5 RORB GABRG1 PTPRO,0.33351060286056544
ATCAGGTCATCGGCCA-1,Endo CLDN5 SLC7A5,0.35836976562339357
ATCAGGTGTAGCACGA-1,Endo CLDN5 SLC7A5,0.6236323320706116
ATCAGGTGTCTACAAC-1,Oligo MOG OPALIN,0.9881950179180878
ATCAGGTTCTGTGCTC-1,Endo CLDN5 SLC7A5,0.9494214220694674
ATCATTCGTTAGGGTG-1,InN SST KLHL14,0.9504711097526723
ATCCACCCAGAGTTCT-1,Endo CLDN5 SLC7A5,0.9333575472611727
ATCCACCGTGAGCCAA-1,Endo CLDN5 SLC7A5,0.8486601504136249
ATCCACCTCGCTAATG-1,Endo CLDN5 SLC7A5,0.4185466989971867
ATCCATTCAAAGCTAA-1,Endo CLDN5 SLC7A5,0.9843430290023915
ATCCATTCACAGTCAT-1,Endo CLDN5 SLC7A5,0.9926556215878085
ATCCCTGAGACCTCAT-1,Endo CLDN5 SLC7A5,0.6028471436075555
ATCCCTGAGCTAATGA-1,Endo CLDN5 SLC7A5,0.9249537632437763
ATCCCTGAGCTTCTAG-1,Micro P2RY12 APBB1IP,0.4963509266689373
ATCCCTGAGTTTGCTG-1,Oligo MOG OPALIN,0.36737939206996484
ATCCCTGTCTCTATAC-1,Oligo MOG OPALIN,0.9182386838788977
ATCCCTGTCTGTTCAT-1,L2-3 CUX2 NTNG1 COL5A2,0.8517163545071327
ATCCGTCAGACGCATG-1,Oligo MOG OPALIN,0.32917379121037427
ATCCTATAGGTATTGA-1,Oligo MOG OPALIN,0.942923515517176
ATCCTATGTGATGGCA-1,Oligo MOG OPALIN,0.8682258519386412
ATCCTATGTTAGTCGT-1,Oligo MOG OPALIN,0.8383852069943082
ATCCTATTCGGAGCAA-1,Macro F13A1 COLEC12,0.9999999099117401
ATCGATGAGATTACCC-1,Endo CLDN5 SLC7A5,0.9881876982409727
ATCGATGCAGCCCACA-1,Oligo MOG OPALIN,0.5544921113613096
ATCGATGCAGGCGAAT-1,Oligo MOG OPALIN,0.9792886303842453
ATCGATGGTCCAGGTC-1,Endo CLDN5 SLC7A5,0.6839516108982527
ATCGCCTAGCACCTGC-1,Endo CLDN5 SLC7A5,0.9884456844317927
ATCGCCTCAAAGCAAT-1,Endo CLDN5 SLC7A5,0.5216240146228909
ATCGCCTCACTAGTAC-1,Endo CLDN5 SLC7A5,0.9834325890268806
ATCGCCTCAGCGTTTA-1,L3-5 RORB MKX DCC,0.9768001955520152
ATCGGATAGTTCCGGC-1,Oligo MOG OPALIN,0.3088844218206193
ATCGGATGTATTGGCT-1,Oligo MOG OPALIN,0.9969217539345852
ATCGGATTCTGAGATC-1,Oligo MOG OPALIN,0.967843261342808
ATCGGCGAGCTGAAGC-1,Oligo MOG OPALIN,0.8413818161204928
ATCGGCGCAATAGTGA-1,Endo CLDN5 SLC7A5,0.40637698649506787
ATCGGCGGTACAATAG-1,Endo CLDN5 SLC7A5,0.9801092061049026
ATCGGCGTCCCATTCG-1,Oligo MOG OPALIN,0.9645346203281759
ATCGTAGGTCATCAGT-1,Endo CLDN5 SLC7A5,0.6891004877119445
ATCGTCCAGTACTGTC-1,Endo CLDN5 SLC7A5,0.39914066543493987
ATCGTCCCACCGTCGA-1,L3-5 RORB MKX GRIN3A,0.4658602276340115
ATCGTCCTCGGATACT-1,Oligo MOG OPALIN,0.5105084643927432
ATCGTCCTCGGCATAT-1,Endo CLDN5 SLC7A5,0.4604050191009488
ATCTCTAAGGCGAACT-1,PC P2RY14 GRM8,0.99996483959261
ATCTCTAGTGGAAATT-1,L3-5 RORB MKX DCC,0.9622161653561109
ATCTCTAGTTACCTTT-1,Endo CLDN5 SLC7A5,0.884123190406354
ATCTCTATCTACTGCC-1,Endo CLDN5 SLC7A5,0.8948328020825188
ATCTTCAGTACTCCCT-1,Endo CLDN5 SLC7A5,0.5803468703714867
ATCTTCATCGCTTGCT-1,Endo CLDN5 SLC7A5,0.9833635054801958
ATGAAAGAGTGAATAC-1,Endo CLDN5 SLC7A5,0.7771485250199721
ATGAAAGCAAGCAGGT-1,Endo CLDN5 SLC7A5,0.8919113060748229
ATGAAAGCAAGCGAGT-1,Endo CLDN5 SLC7A5,0.8162519439401013
ATGAAAGCAGTAACAA-1,Endo CLDN5 SLC7A5,0.7218149640146028
ATGAAAGGTCACGTGC-1,Endo CLDN5 SLC7A5,0.7678888591101782
ATGAAAGGTCCCGGTA-1,Oligo MOG OPALIN,0.8650005593403466
ATGAAAGGTGGAACCA-1,PC P2RY14 GRM8,0.8325035653506928
ATGACCAAGGTCGAGT-1,Oligo MOG OPALIN,0.9971127691562351
ATGACCACATCACAGT-1,L6 OPRK1 THEMIS RGS6,0.8072411793447174
ATGACCATCACACCGG-1,Endo CLDN5 SLC7A5,0.9917669575221667
ATGAGGGCACCTGTCT-1,Endo CLDN5 SLC7A5,0.9503268782303099
ATGAGGGGTCAGGTGA-1,Endo CLDN5 SLC7A5,0.3257391944726132
ATGAGGGGTGCTGCAC-1,Oligo MOG OPALIN,0.9723014418947817
ATGAGTCGTTACGCCG-1,Oligo MOG OPALIN,0.8662272435490488
ATGAGTCTCCTCTCTT-1,Oligo MOG OPALIN,0.7661866364041021
ATGAGTCTCTGCTGAA-1,Oligo MOG OPALIN,0.6990282663667712
ATGATCGAGTCTTCGA-1,Endo CLDN5 SLC7A5,0.9998311586404003
ATGATCGGTCTTGCTC-1,Endo CLDN5 SLC7A5,0.5503835997925278
ATGCATGCAAGGTCGA-1,Oligo MOG OPALIN,0.40945241346717365
ATGCATGCACAAGTTC-1,L2-3 CUX2 NTNG1 PALMD,0.919941471415037
ATGCATGGTAGTTACC-1,Oligo MOG OPALIN,0.9817041563142213
ATGCATGTCAAGGAGC-1,Endo CLDN5 SLC7A5,0.9563664698131858
ATGCATGTCCTTTGAT-1,Oligo MOG OPALIN,0.9772046947399508
ATGCCTCCAGATACTC-1,Endo CLDN5 SLC7A5,0.9962842261724613
ATGCCTCTCATTGCGA-1,Oligo MOG OPALIN,0.8833897194742379
ATGCGATCACTCTCGT-1,Endo CLDN5 SLC7A5,0.4226725207673308
ATGCGATGTCCTCCTA-1,Endo CLDN5 SLC7A5,0.4612994807437931
ATGCGATTCAACTCTT-1,Oligo MOG OPALIN,0.993361189492452
ATGCGATTCGCACGGT-1,Oligo MOG OPALIN,0.7225033350059826
ATGGAGGAGGAAGAAC-1,Oligo MOG OPALIN,0.9399991962071162
ATGGAGGCACGACTAT-1,Endo CLDN5 SLC7A5,0.7018274603509063
ATGGAGGCAGACACAG-1,Endo CLDN5 SLC7A5,0.903772059857126
ATGGAGGGTCACATTG-1,OPC PDGFRA PCDH15,0.308342676068649
ATGGAGGTCACGGACC-1,Endo CLDN5 SLC7A5,0.5082504238856772
ATGGAGGTCTGGCTGG-1,Endo CLDN5 SLC7A5,0.7584914897287183
ATGGATCGTTGTACGT-1,Endo CLDN5 SLC7A5,0.693937255325912
ATGGATCGTTTACGAC-1,Endo CLDN5 SLC7A5,0.8789767659519122
ATGGATCTCCGATTAG-1,Oligo MOG OPALIN,0.8059526493160153
ATGGGAGAGAGTTGTA-1,Endo CLDN5 SLC7A5,0.721547105687584
ATGGGAGAGGCCACTC-1,InN SST STK32A,0.3965144032350123
ATGGGAGAGGTTCTAC-1,Oligo MOG OPALIN,0.9684449247354991
ATGGGAGCAAAGGTTA-1,Endo CLDN5 SLC7A5,0.6806244479014381
ATGGGAGGTAACAGGC-1,Oligo MOG OPALIN,0.903865175514384
ATGGGAGGTGCGTTTA-1,Endo CLDN5 SLC7A5,0.9366738444582043
ATGGGAGGTTCGTACA-1,Endo CLDN5 SLC7A5,0.8278248501233646
ATGGGAGTCTTCGACC-1,Endo CLDN5 SLC7A5,0.8045944219147879
ATGGGAGTCTTGCGCT-1,L2-3 CUX2 NTNG1 PALMD,0.8142214994278136
ATGGGTTAGCGTCAGA-1,Oligo MOG OPALIN,0.9329823875175108
ATGGGTTAGTAAACAC-1,Oligo MOG OPALIN,0.9999915402137486
ATGGGTTAGTCGGCAA-1,Oligo MOG OPALIN,0.791819106905426
ATGGTTGAGACCTCCG-1,Endo CLDN5 SLC7A5,0.8480151267185865
ATGGTTGAGGTTCTAC-1,L2-3 CUX2 NTNG1 PALMD,0.3929420116478376
ATGGTTGCACTAGGTT-1,Endo CLDN5 SLC7A5,0.9985043016123036
ATGGTTGCATAACAGA-1,Endo CLDN5 SLC7A5,0.9679666372823919
ATGGTTGCATCGAAGG-1,Oligo MOG OPALIN,0.957593202718026
ATGGTTGGTAGTCACT-1,Oligo MOG OPALIN,0.8686364391435344
ATGGTTGGTATCCTCC-1,Endo CLDN5 SLC7A5,0.7450942578665991
ATGGTTGGTTACACAC-1,Oligo MOG OPALIN,0.4638103784280018
ATGGTTGTCCCATACC-1,Endo CLDN5 SLC7A5,0.5718699875001743
ATGTCCCCAGCTCGGT-1,Endo CLDN5 SLC7A5,0.7125011798241146
ATGTCCCGTCCGACGT-1,Oligo MOG OPALIN,0.9752935161977931
ATGTCTTTCCACGAAT-1,Micro P2RY12 APBB1IP,0.4026370715302634
ATGTCTTTCTTGGTCC-1,InN VIP EXPH5,0.9994636440776529
ATTACCTGTATTTCGG-1,Endo CLDN5 SLC7A5,0.9862008001665463
ATTACTCAGATACCAA-1,Endo CLDN5 SLC7A5,0.6403268828294842
ATTACTCCACCAGACC-1,Endo CLDN5 SLC7A5,0.3825663530994448
ATTACTCGTAACTTCG-1,Oligo MOG OPALIN,0.9968858093487843
ATTACTCTCAATCAGC-1,Endo CLDN5 SLC7A5,0.7926119581376808
ATTATCCGTTATGACC-1,Oligo MOG OPALIN,0.7310394590551442
ATTATCCGTTCGGCTG-1,Endo CLDN5 SLC7A5,0.5754351896576303
ATTCACTCAAGAATGT-1,Oligo MOG OPALIN,0.4465571084321046
ATTCAGGAGCATTTGC-1,Endo CLDN5 SLC7A5,0.3603640252764272
ATTCAGGGTTGGACTT-1,Oligo MOG OPALIN,0.9998785242392015
ATTCAGGTCAAGGCTT-1,Endo CLDN5 SLC7A5,0.5387510719295862
ATTCAGGTCAGAGTTC-1,Oligo MOG OPALIN,0.3808380809090731
ATTCATCAGCGTGAAC-1,Endo CLDN5 SLC7A5,0.8147125743182607
ATTCATCCAATTGCGT-1,Endo CLDN5 SLC7A5,0.3278565818000073
ATTCATCGTGCATACT-1,Endo CLDN5 SLC7A5,0.9455440947293408
ATTCATCTCTGGCTGG-1,Endo CLDN5 SLC7A5,0.8270584290533886
ATTCCATAGGTTCAGG-1,OPC PDGFRA PCDH15,0.9999699918996744
ATTCCATAGTCTCTGA-1,Endo CLDN5 SLC7A5,0.8978068008012453
ATTCCATAGTGCGACA-1,Endo CLDN5 SLC7A5,0.7782163225426033
ATTCCATCATAGGTTC-1,Endo CLDN5 SLC7A5,0.3836662665211135
ATTCCATTCTTCTCAA-1,Endo CLDN5 SLC7A5,0.9671266727821719
ATTCCCGAGCCAGAGT-1,L2-3 CUX2 NTNG1 PALMD,0.5939238329161701
ATTCCCGAGGAACGAA-1,Oligo MOG OPALIN,0.6109570887700553
ATTCCCGGTCCTACGG-1,Endo CLDN5 SLC7A5,0.5043323739781542
ATTCCCGGTGTCTTCC-1,Endo CLDN5 SLC7A5,0.4182340828582922
ATTCCCGTCGCTACAA-1,Oligo MOG OPALIN,0.995246274605235
ATTCCCGTCGTAACCA-1,Endo CLDN5 SLC7A5,0.9040535840442985
ATTCCTACAAGGGTCA-1,Endo CLDN5 SLC7A5,0.5473230616921831
ATTCCTACAGTCCCGA-1,Endo CLDN5 SLC7A5,0.9624177042304101
ATTCCTAGTATCACCA-1,L2-3 CUX2 ACVR1C INHBA,0.617531778037257
ATTCCTAGTCTTCTAT-1,Micro P2RY12 APBB1IP,0.9659352132721299
ATTCCTATCGGCACTG-1,Astro GFAP AQP1,0.8961245899581831
ATTCGTTAGTCATACC-1,Oligo MOG OPALIN,0.9638771392494567
ATTCGTTGTTGGAGGT-1,Oligo MOG GSN,0.9999999943368758
ATTCTACCAATGGGTG-1,Endo CLDN5 SLC7A5,0.6821432840575598
ATTCTACTCCACTGAA-1,Endo CLDN5 SLC7A5,0.9609073700334362
ATTCTACTCGCACTCT-1,Oligo MOG OPALIN,0.9999899478359205
ATTCTACTCTAGTCAG-1,Endo CLDN5 SLC7A5,0.4632149622212453
ATTCTTGAGCGCCTTG-1,Oligo MOG OPALIN,0.9999812968089453
ATTCTTGCAGCACAAG-1,Oligo MOG OPALIN,0.9999436711708285
ATTGGGTAGCACTCAT-1,Endo CLDN5 SLC7A5,0.9114907595461996
ATTGGGTAGGTTGTTC-1,Endo CLDN5 SLC7A5,0.34828078972462007
ATTGGGTCACAGCCAC-1,Endo CLDN5 SLC7A5,0.3150613990516175
ATTGGGTCATGACTGT-1,Endo CLDN5 SLC7A5,0.9648843448132814
ATTGGGTTCCACGTAA-1,Endo CLDN5 SLC7A5,0.6811817991481525
ATTGGGTTCGAGCTGC-1,Endo CLDN5 SLC7A5,0.9924159623129951
ATTGTTCAGCCTGAGA-1,Endo CLDN5 SLC7A5,0.9947034606868878
ATTGTTCCACCATAAC-1,Endo CLDN5 SLC7A5,0.6841201148395893
ATTGTTCGTCGAGCAA-1,Endo CLDN5 SLC7A5,0.5838973479140381
ATTTACCAGTAGATCA-1,L6 FEZF2 SYT6 PTPRT,0.338712184892509
ATTTACCCACCAAAGG-1,Endo CLDN5 SLC7A5,0.7209792424645028
ATTTACCCAGGATTCT-1,Endo CLDN5 SLC7A5,0.38380026951341717
ATTTCACAGCCAGTAG-1,Endo CLDN5 SLC7A5,0.9619584605164391
ATTTCACAGCGGTAAC-1,Endo CLDN5 SLC7A5,0.7821723537295485
ATTTCTGAGCACTCTA-1,Oligo MOG OPALIN,0.5146129841382645
ATTTCTGAGCGACTTT-1,Oligo MOG OPALIN,0.5024128627181744
ATTTCTGGTTACGCCG-1,Oligo MOG OPALIN,0.9998378782690535
ATTTCTGGTTCCGCGA-1,Endo CLDN5 SLC7A5,0.8858228063778364
CAAAGAAAGGTATTGA-1,Endo CLDN5 SLC7A5,0.6236254412798747
CAAAGAACACCTATCC-1,Endo CLDN5 SLC7A5,0.379385872557606
CAAAGAAGTACGACAG-1,Oligo MOG OPALIN,0.9504801815531878
CAAAGAAGTTCAGGTT-1,Oligo MOG OPALIN,0.9190867371426124
CAAAGAATCCACCTCA-1,Micro P2RY12 APBB1IP,0.3194824667971618
CAACAACAGCTCCGAC-1,Endo CLDN5 SLC7A5,0.8776552455466256
CAACAACAGGCAGCTA-1,Endo CLDN5 SLC7A5,0.9445105964722869
CAACAACCACACCTAA-1,Endo CLDN5 SLC7A5,0.32243464091911206
CAACAACCACAGGATG-1,Endo CLDN5 SLC7A5,0.9397895579855264
CAACAACTCCCGTGTT-1,Oligo MOG GSN,0.8205001334003523
CAACAACTCTTACCAT-1,Endo CLDN5 SLC7A5,0.996487492706381
CAACAGTAGACACACG-1,Endo CLDN5 SLC7A5,0.9992641365319582
CAACAGTGTCACTTCC-1,Endo CLDN5 SLC7A5,0.9870952055848651
CAACAGTTCCTGGGAC-1,Endo CLDN5 SLC7A5,0.9186951688016937
CAACAGTTCTAAGCCA-1,Oligo MOG OPALIN,0.9998838754792334
CAACCAAAGATGTTCC-1,Oligo MOG OPALIN,0.9999810789277691
CAACCAACACAGAGCA-1,Micro P2RY12 APBB1IP,0.9998408114467374
CAACCAAGTCCCTCAT-1,Endo CLDN5 SLC7A5,0.9562068449095203
CAACCAAGTCGGTACC-1,Oligo MOG OPALIN,0.544683138370151
CAACCAATCAAAGACA-1,Oligo MOG OPALIN,0.8569641955482759
CAACCTCAGGTCGTCC-1,Endo CLDN5 SLC7A5,0.9752621127736729
CAACCTCCATCGAAGG-1,Oligo MOG OPALIN,0.9877938527590311
CAACCTCGTCTACGTA-1,Oligo MOG OPALIN,0.30746106857748073
CAACGATGTGGTCCCA-1,Endo CLDN5 SLC7A5,0.9930630692789326
CAACGATTCGCTCTAC-1,Endo CLDN5 SLC7A5,0.9933087249878969
CAACGGCAGCCAAGTG-1,Endo CLDN5 SLC7A5,0.6870655846446267
CAACGGCCAGACCATT-1,Endo CLDN5 SLC7A5,0.36217087835888145
CAACGGCTCGTGTCAA-1,Endo CLDN5 SLC7A5,0.8914295631472837
CAACGGCTCTTCCACG-1,L2-3 CUX2 NTNG1 PALMD,0.46223865406634035
CAAGACTCAGCCCACA-1,Endo CLDN5 SLC7A5,0.9474936475517919
CAAGACTGTCCGATCG-1,Endo CLDN5 SLC7A5,0.5299870512882813
CAAGACTTCACCTGTC-1,Endo CLDN5 SLC7A5,0.33817558430862266
CAAGACTTCGCCATAA-1,Oligo MOG OPALIN,0.6066881303814554
CAAGAGGCACATAACC-1,Endo CLDN5 SLC7A5,0.9885053907791357
CAAGAGGTCTCCCTAG-1,Endo CLDN5 SLC7A5,0.9960832576338684
CAAGCTAAGGCTAGCA-1,L2-3 CUX2 NTNG1 PALMD,0.35657976123374646
CAAGCTAAGTAGTCAA-1,Endo CLDN5 SLC7A5,0.865031760378382
CAAGCTACAGCACAGA-1,Endo CLDN5 SLC7A5,0.7588844735752165
CAAGCTATCCGCGATG-1,Endo CLDN5 SLC7A5,0.967985335455946
CAAGCTATCTTTGCAT-1,Endo CLDN5 SLC7A5,0.45266772240244774
CAAGGGACAACAAGAT-1,Endo CLDN5 SLC7A5,0.9921479387262903
CAAGGGACAACGGTAG-1,Endo CLDN5 SLC7A5,0.9900677247686053
CAAGGGACAATTTCGG-1,Oligo MOG OPALIN,0.9999969222398877
CAAGGGAGTGATTAGA-1,InN VIP ADAM12,0.9995789092003033
CAAGGGATCATGCAGT-1,Endo CLDN5 SLC7A5,0.4408571046425789
CAAGGGATCGAACGGA-1,Oligo MOG OPALIN,0.7794055377343504
CAAGGGATCTCAGGCG-1,Endo CLDN5 SLC7A5,0.9997171402142724
CAATCGAAGTTGTCGT-1,Endo CLDN5 SLC7A5,0.728088504082312
CAATCGAGTCTCTCAC-1,Endo CLDN5 SLC7A5,0.4186936205043769
CAATCGATCATGGATC-1,Endo CLDN5 SLC7A5,0.9981247342013511
CAATGACAGACTTCCA-1,Micro P2RY12 APBB1IP,0.9998273710033795
CAATGACAGCTACTGT-1,Endo CLDN5 SLC7A5,0.9209283622505773
CAATGACCAATAAGGT-1,Endo CLDN5 SLC7A5,0.574572461532461
CAATGACCAATTGGTC-1,Endo CLDN5 SLC7A5,0.7148320369095749
CAATGACCAGATCACT-1,Endo CLDN5 SLC7A5,0.9193136011025022
CAATGACCATGGCGCT-1,Oligo MOG GSN,0.9999873526571786
CAATGACGTGGTCTGC-1,Endo CLDN5 SLC7A5,0.9893695461146939
CAATGACTCCTACTGC-1,Oligo MOG OPALIN,0.328432957889653
CAATTTCAGCCTGTGC-1,Endo CLDN5 SLC7A5,0.991695078891117
CAATTTCAGCTCGAAG-1,PC P2RY14 GRM8,0.9183522474947645
CAATTTCAGGGATCTG-1,Endo CLDN5 SLC7A5,0.8492267649700371
CAATTTCCACTGCACG-1,Endo CLDN5 SLC7A5,0.9904834875317526
CAATTTCGTAATTAGG-1,Endo CLDN5 SLC7A5,0.8929594468372585
CAATTTCGTTGAAGTA-1,Oligo MOG OPALIN,0.5754597682883675
CACAACAAGCGCTGAA-1,Endo CLDN5 SLC7A5,0.8667145357805714
CACAACAAGGGCAGTT-1,Endo CLDN5 SLC7A5,0.5261472141268747
CACAACAGTAGGTTTC-1,Endo CLDN5 SLC7A5,0.9213058976777315
CACAACAGTTTCACAG-1,L2-3 CUX2 ACVR1C INHBA,0.7088368323364233
CACAACATCCGGCTTT-1,Endo CLDN5 SLC7A5,0.9889625325922636
CACACAACAACAGATA-1,Endo CLDN5 SLC7A5,0.9475080266110653
CACACAACAAGAGGTC-1,Oligo MOG OPALIN,0.6272526368895075
CACACAACACGCACCA-1,Endo CLDN5 SLC7A5,0.31732223801124826
CACACAAGTCACCACG-1,Oligo MOG OPALIN,0.3992319154156951
CACACAATCAGATGCT-1,Endo CLDN5 SLC7A5,0.8344030568789862
CACACAATCTGACGCG-1,Oligo MOG OPALIN,0.9214027590126075
CACAGATAGGTTCATC-1,L2-3 CUX2 NTNG1 PALMD,0.7892648718951962
CACAGATCAGCAGATG-1,Endo CLDN5 SLC7A5,0.9823162999445397
CACAGATCATACCAGT-1,Endo CLDN5 SLC7A5,0.9877023668393757
CACAGATGTTCGATTG-1,Oligo MOG OPALIN,0.9278096656364887
CACAGATTCTAACGCA-1,Endo CLDN5 SLC7A5,0.995448046930313
CACAGGCGTAATGCTC-1,Endo CLDN5 SLC7A5,0.3370973090599218
CACAGGCGTTTCGATG-1,Endo CLDN5 SLC7A5,0.931674268836051
CACAGGCTCTGCGGGT-1,Oligo MOG OPALIN,0.6102407446648244
CACATGAGTCGTTATG-1,Oligo MOG OPALIN,0.8948153326731764
CACATGAGTGCTTCAA-1,Endo CLDN5 SLC7A5,0.6263748592233341
CACATGATCCAGTACA-1,Endo CLDN5 SLC7A5,0.3047598365621108
CACATGATCGTAGGGA-1,Endo CLDN5 SLC7A5,0.9464681273765194
CACCAAACAAGGCAAC-1,Micro P2RY12 APBB1IP,0.997941294694763
CACCAAACAGAGCTAG-1,Endo CLDN5 SLC7A5,0.7028381715268948
CACCAAACAGCGGTCT-1,Endo CLDN5 SLC7A5,0.8489416590095953
CACCAAACATCGTCCT-1,L5-6 FEZF2 NXPH2 SORCS3,0.9324535142194837
CACCAAATCGCTAAAC-1,Endo CLDN5 SLC7A5,0.3242943188625618
CACCAAATCTCCGCAT-1,Endo CLDN5 SLC7A5,0.8713346156208988
CACCGTTCACAGACGA-1,L2-3 CUX2 NTNG1 PALMD,0.45679658527289735
CACCGTTGTCTAATCG-1,L2-3 CUX2 NTNG1 PALMD,0.8112970690054525
CACCGTTGTTGGGTTT-1,Endo CLDN5 SLC7A5,0.3450723431700705
CACCGTTTCTGTTCAT-1,Endo CLDN5 SLC7A5,0.6391048390917974
CACGAATAGGAGTCTG-1,Oligo MOG OPALIN,0.9261582871801561
CACGAATAGGATGAGA-1,Endo CLDN5 SLC7A5,0.9612318436480096
CACGAATAGGTCACAG-1,Endo CLDN5 SLC7A5,0.4070382086502602
CACGAATTCCGCGGAT-1,Endo CLDN5 SLC7A5,0.5232910064232914
CACGGGTAGTCACTCA-1,Endo CLDN5 SLC7A5,0.9553586230156326
CACGGGTCATCCTAAG-1,Oligo MOG OPALIN,0.41174365537945656
CACGGGTTCTCCTGCA-1,Oligo MOG OPALIN,0.4213446193716473
CACGTGGAGAGTGTTA-1,Endo CLDN5 SLC7A5,0.43302456853490695
CACGTGGCAACAACAA-1,OPC PDGFRA PCDH15,0.9999999999835085
CACGTGGCAGGTAGTG-1,Endo CLDN5 SLC7A5,0.9653225259059905
CACGTGGGTAAGGCCA-1,L2-3 CUX2 NTNG1 PALMD,0.9503381528552225
CACGTGGGTCATAAAG-1,Endo CLDN5 SLC7A5,0.3089720792005072
CACGTGGGTCTGTGCG-1,Oligo MOG OPALIN,0.442328602165632
CACGTTCAGCTCCATA-1,Endo CLDN5 SLC7A5,0.6430187519197541
CACGTTCGTTAGGCCC-1,Endo CLDN5 SLC7A5,0.9814432487678942
CACTAAGAGCGTTAGG-1,Endo CLDN5 SLC7A5,0.7482308591315452
CACTAAGAGGCTTAGG-1,Endo CLDN5 SLC7A5,0.32003306660726705
CACTAAGGTAGACAAT-1,Endo CLDN5 SLC7A5,0.9918911921440535
CACTGAAAGATTCGCT-1,L2-3 CUX2 NTNG1 COL5A2,0.5022985915304766
CACTGAAAGCAACCAG-1,Endo CLDN5 SLC7A5,0.9395445720037087
CACTGAACAAGGTTGG-1,Endo CLDN5 SLC7A5,0.7438086256075221
CACTGAACATGATGCT-1,Endo CLDN5 SLC7A5,0.8801782361767766
CACTGAAGTGCTCTCT-1,Oligo MOG OPALIN,0.902372987186904
CACTGAATCGTTCCCA-1,Endo CLDN5 SLC7A5,0.9780170099195755
CACTGGGGTACGCTAT-1,Endo CLDN5 SLC7A5,0.6851807368111187
CACTGTCGTATGTCCA-1,L3-5 RORB TNNT2 TSHZ2,0.34161543697762503
CACTGTCGTCGATGCC-1,L2-3 CUX2 NTNG1 PALMD,0.4876542328176227
CACTGTCTCATTACTC-1,Endo CLDN5 SLC7A5,0.5957255832096523
CACTGTCTCCATGCAA-1,Oligo MOG OPALIN,0.93788107440215
CACTGTCTCTCCTGAC-1,Endo CLDN5 SLC7A5,0.8188464521353732
CACTTCGAGCCAGTAG-1,Endo CLDN5 SLC7A5,0.942473336262077
CACTTCGCATAATCCG-1,Endo CLDN5 SLC7A5,0.7774403132599532
CACTTCGGTTGGGATG-1,InN ADARB2 FAM19A1,0.7081313270005521
CACTTCGTCCGAGGCT-1,Endo CLDN5 SLC7A5,0.5536410385861698
CACTTCGTCCTTCGAC-1,Oligo MOG OPALIN,0.9536418710105844
CACTTCGTCTTCCAGC-1,OPC PDGFRA PCDH15,0.9999993991845587
CAGAGCCCAGCTTTCC-1,Endo CLDN5 SLC7A5,0.9530567724605529
CAGAGCCCATTCAGCA-1,Oligo MOG OPALIN,0.511862169100185
CAGATACCAAATGCTC-1,Endo CLDN5 SLC7A5,0.8171622885917573
CAGATACCATGTAACC-1,Endo CLDN5 SLC7A5,0.9907973403045143
CAGATACGTAATGCTC-1,Endo CLDN5 SLC7A5,0.4405351648334501
CAGATACTCCACTGAA-1,Endo CLDN5 SLC7A5,0.431290886977391
CAGATACTCCCAGGCA-1,Endo CLDN5 SLC7A5,0.7421093180537152
CAGATACTCGTGTGGC-1,Oligo MOG OPALIN,0.6728286743695673
CAGATCAGTTGGACCC-1,Endo CLDN5 SLC7A5,0.9981198485163628
CAGATCATCTGAATGC-1,Endo CLDN5 SLC7A5,0.5041861502606982
CAGATTGGTAGAGTTA-1,Endo CLDN5 SLC7A5,0.711545885230495
CAGATTGTCATGAGAA-1,Endo CLDN5 SLC7A5,0.9876308943613651
CAGCAATAGTTTGGCT-1,Endo CLDN5 SLC7A5,0.9974081966929187
CAGCAATGTATCACCA-1,Oligo MOG OPALIN,0.40453659406698933
CAGCACGCACGTCATA-1,Endo CLDN5 SLC7A5,0.9669806091672001
CAGCACGGTGAGATTA-1,Endo CLDN5 SLC7A5,0.5295543722623
CAGCACGGTTCTTGTT-1,Oligo MOG OPALIN,0.9006465940934452
CAGCAGCCAGTCACGC-1,Endo CLDN5 SLC7A5,0.9794521079158586
CAGCAGCGTGGGCTCT-1,Oligo MOG OPALIN,0.8630122619121257
CAGCAGCGTGTATACC-1,Oligo MOG OPALIN,0.5024613944798708
CAGCAGCGTTCGGCCA-1,SMC ACTA2 CNN1,0.9883995020887033
CAGCAGCTCAATCAGC-1,Endo CLDN5 SLC7A5,0.9816886792735562
CAGCCAGAGACTAGAT-1,Micro P2RY12 APBB1IP,0.9993875285803546
CAGCCAGGTCCCACGA-1,Oligo MOG OPALIN,0.5078147221104071
CAGCCAGTCGACCACG-1,Oligo MOG OPALIN,0.5040531748212723
CAGCGTGAGATGCCGA-1,Oligo MOG OPALIN,0.9477139959801861
CAGCGTGGTCATTCCC-1,Oligo MOG OPALIN,0.6169810416523098
CAGCGTGTCGAGTCCG-1,Endo CLDN5 SLC7A5,0.4780198886950738
CAGGCCAAGAGCAACC-1,Endo CLDN5 SLC7A5,0.7966771294192054
CAGGCCAAGGTCCTGC-1,Endo CLDN5 SLC7A5,0.9961464756298014
CAGGCCACAATGACCT-1,Oligo MOG OPALIN,0.32676874662561367
CAGGCCACAGAGGCAT-1,Endo CLDN5 SLC7A5,0.9580711144912932
CAGGCCACATGGGTCC-1,Oligo MOG OPALIN,0.9765319001098888
CAGGCCAGTCATAGTC-1,Endo CLDN5 SLC7A5,0.991816573865242
CAGGCCAGTCCGATCG-1,Endo CLDN5 SLC7A5,0.9574012101954318
CAGGGCTAGGTTAAAC-1,Endo CLDN5 SLC7A5,0.9708555972652162
CAGGGCTCAGCCGTCA-1,Endo CLDN5 SLC7A5,0.7011738683341149
CAGGGCTTCAAACCTG-1,Endo CLDN5 SLC7A5,0.9357037841613216
CAGGGCTTCTCGCAGG-1,Endo CLDN5 SLC7A5,0.6086142170853509
CAGGTATAGGGTATAT-1,Oligo MOG GSN,0.40871345586806956
CAGGTATAGGTTAAAC-1,Oligo MOG FRY,0.9948943655923123
CAGTGCGGTAGCTGTT-1,Endo CLDN5 SLC7A5,0.9862801205211502
CAGTGCGGTCGGTACC-1,Endo CLDN5 SLC7A5,0.8150249690063006
CAGTGCGGTGAAGCTG-1,Endo CLDN5 SLC7A5,0.8381060653202299
CAGTGCGGTTGGGTTT-1,Endo CLDN5 SLC7A5,0.9878481028285281
CAGTGCGTCAGGTGTT-1,Endo CLDN5 SLC7A5,0.6197480176234137
CAGTGCGTCTTGTTAC-1,Endo CLDN5 SLC7A5,0.45967449552519857
CAGTTAGAGGCACTAG-1,Endo CLDN5 SLC7A5,0.3740334029093304
CAGTTAGAGGTGCTGA-1,Oligo MOG OPALIN,0.9975987674890076
CAGTTAGTCACCATAG-1,Endo CLDN5 SLC7A5,0.8007807509170064
CAGTTCCAGCACTCAT-1,Oligo MOG OPALIN,0.34310655653551664
CAGTTCCAGGTAGCAC-1,Endo CLDN5 SLC7A5,0.9620735511159159
CAGTTCCCACCTTCGT-1,Endo CLDN5 SLC7A5,0.9596778829032496
CAGTTCCCAGTCGGTC-1,L2-3 CUX2 NTNG1 PALMD,0.46496952019096277
CAGTTCCGTAAGCTCT-1,Endo CLDN5 SLC7A5,0.9310790034527419
CAGTTCCGTTTGGGTT-1,Endo CLDN5 SLC7A5,0.9635044985076382
CATAAGCAGAAGCCAC-1,Endo CLDN5 SLC7A5,0.8096558300503304
CATAAGCAGGAGTCTG-1,Endo CLDN5 SLC7A5,0.8194779565700366
CATAAGCAGTGGCCTC-1,Endo CLDN5 SLC7A5,0.8449601009150355
CATAAGCAGTGGGAAA-1,Endo CLDN5 SLC7A5,0.31372639924202117
CATAAGCCAAGTCCCG-1,Endo CLDN5 SLC7A5,0.9751810377419097
CATAAGCCACACCAGC-1,Endo CLDN5 SLC7A5,0.9998570567990124
CATACAGAGGAACGAA-1,Oligo MOG OPALIN,0.3771659949078155
CATACAGCAGACCAGA-1,InN SST FREM1,0.9757274851903944
CATACAGCATAGATGA-1,Endo CLDN5 SLC7A5,0.6619159612453905
CATACAGGTATCTCGA-1,Endo CLDN5 SLC7A5,0.36586617998533993
CATACAGTCAGTCTTT-1,Endo CLDN5 SLC7A5,0.7975656091588194
CATACCCAGACACACG-1,Endo CLDN5 SLC7A5,0.36563975322628467
CATACCCGTAGTCTTG-1,Endo CLDN5 SLC7A5,0.998702481282245
CATACCCGTGAGATTA-1,Endo CLDN5 SLC7A5,0.9600223988241559
CATACCCGTTGGAGAC-1,Endo CLDN5 SLC7A5,0.8164673793529502
CATACCCTCGTTGTGA-1,Oligo MOG OPALIN,0.7313127693637694
CATACTTGTAGTCGGA-1,Endo CLDN5 SLC7A5,0.9943409086313019
CATACTTGTGTCCGGT-1,Endo CLDN5 SLC7A5,0.9969140669769353
CATACTTTCAAGAATG-1,Endo CLDN5 SLC7A5,0.9173662587275826
CATAGACAGACCTTTG-1,Endo CLDN5 SLC7A5,0.48615562684573055
CATAGACCAGAGGAAA-1,Endo CLDN5 SLC7A5,0.9765015323409009
CATAGACCAGCGTATT-1,Oligo MOG OPALIN,0.6118321325076819
CATAGACTCCGATCGG-1,Endo CLDN5 SLC7A5,0.6575893385149719
CATCAAGAGTCGAATA-1,OPC PDGFRA PCDH15,0.9999999999999314
CATCAAGAGTTCGGTT-1,Endo CLDN5 SLC7A5,0.9989203955642274
CATCAAGTCAGGTGTT-1,Endo CLDN5 SLC7A5,0.9612331870333684
CATCAAGTCCTCTGCA-1,Oligo MOG OPALIN,0.8113554476315399
CATCCACCAAAGCTCT-1,Endo CLDN5 SLC7A5,0.6223622657956006
CATCCACCACTACTTT-1,L6 FEZF2 SYT6 PTPRT,0.9744376576779487
CATCCCAGTTACCTGA-1,Endo CLDN5 SLC7A5,0.9669882606536968
CATCCCATCATGCCGG-1,Endo CLDN5 SLC7A5,0.6046875466714025
CATCCCATCCGAGTGC-1,Endo CLDN5 SLC7A5,0.8125087090117424
CATCCGTCAGAAACCG-1,Oligo MOG OPALIN,0.7526386201461241
CATCCGTCAGCAAGAC-1,Oligo MOG OPALIN,0.9993179211026426
CATCCGTGTGAGCTCC-1,Endo CLDN5 SLC7A5,0.4677929775913981
CATCGCTAGTGCCAGA-1,Endo CLDN5 SLC7A5,0.3730781286197034
CATCGCTCAAACTCGT-1,Endo CLDN5 SLC7A5,0.8133354687254292
CATCGCTCAAGCGCAA-1,Micro P2RY12 APBB1IP,0.9457266635248832
CATCGCTGTCTCACAA-1,L6 FEZF2 NPFFR2 TPD52L1,0.8271350214465407
CATCGCTTCTGGAGAG-1,Endo CLDN5 SLC7A5,0.3340844564041753
CATCGGGAGAATTGCA-1,Endo CLDN5 SLC7A5,0.9978899717668038
CATCGGGAGATGTTAG-1,Endo CLDN5 SLC7A5,0.9358576751907766
CATCGGGCACCGAATT-1,Endo CLDN5 SLC7A5,0.7993048880629398
CATCGGGGTCACCCTT-1,Endo CLDN5 SLC7A5,0.9652537416161334
CATCGTCGTAAGATCA-1,Endo CLDN5 SLC7A5,0.9989226256914934
CATCGTCTCGCGAAGA-1,L2-3 CUX2 NTNG1 PALMD,0.3641521037108784
CATGAGTAGGAAGTGA-1,InN SST THSD7B,0.9993953764016253
CATGCAACAACTGTGT-1,Oligo MOG OPALIN,0.9569083360827191
CATGCAACATTCTGTT-1,Oligo MOG OPALIN,0.7006770308530818
CATGCAATCGTGTGGC-1,L2-3 CUX2 NTNG1 PALMD,0.519381981473713
CATGCAATCTCCCATG-1,Oligo MOG OPALIN,0.9985454630214576
CATGCGGAGCATTTGC-1,L2-3 CUX2 NTNG1 PALMD,0.7168435839202759
CATGCGGCAAATTAGG-1,Oligo MOG OPALIN,0.8310267596379295
CATGCGGCAGTGACCC-1,Oligo MOG OPALIN,0.9192891659309657
CATGCGGGTCGGTAAG-1,L2-3 CUX2 NTNG1 PALMD,0.8773342518775319
CATGCTCAGTATAACG-1,Endo CLDN5 SLC7A5,0.41666770899684125
CATGCTCCAACCGGAA-1,Endo CLDN5 SLC7A5,0.9478204798860536
CATGCTCCACAGCTGC-1,Endo CLDN5 SLC7A5,0.9913505716879873
CATGCTCGTTCTGACA-1,Endo CLDN5 SLC7A5,0.339978521278788
CATGCTCTCACGAGGA-1,Oligo MOG OPALIN,0.9922075728350156
CATGGATAGGACGCAT-1,Endo CLDN5 SLC7A5,0.6841957902264132
CATGGATAGTAGGAAG-1,Endo CLDN5 SLC7A5,0.9037680363708611
CATGGATAGTATTCCG-1,Endo CLDN5 SLC7A5,0.9019560153603335
CATGGATAGTCAGCCC-1,Endo CLDN5 SLC7A5,0.930060228356655
CATGGATGTCAACCAT-1,Endo CLDN5 SLC7A5,0.9716887698953323
CATGGTAAGAGAGGGC-1,Endo CLDN5 SLC7A5,0.9959644130306855
CATGGTAAGTGCTCAT-1,Oligo MOG OPALIN,0.6212011463533025
CATGGTATCCGCGATG-1,Endo CLDN5 SLC7A5,0.585931320839918
CATTCATAGACGTCGA-1,Endo CLDN5 SLC7A5,0.9893630134563584
CATTCATAGACTTGTC-1,Endo CLDN5 SLC7A5,0.38219320805650675
CATTCATAGCCTCTCT-1,Oligo MOG OPALIN,0.5193182772934339
CATTCATAGCCTTTGA-1,Endo CLDN5 SLC7A5,0.4303570147801677
CATTCATTCATGCGGC-1,Endo CLDN5 SLC7A5,0.7085954940640679
CATTCCGAGATTGATG-1,Oligo MOG GSN,0.94262027600417
CATTCCGAGGAAGTGA-1,Endo CLDN5 SLC7A5,0.975279162802884
CATTCCGCAGGTGTTT-1,Endo CLDN5 SLC7A5,0.7037717562306134
CATTCCGCAGTCAGTT-1,Endo CLDN5 SLC7A5,0.9991464406728863
CATTCCGGTAACACGG-1,Endo CLDN5 SLC7A5,0.901948195237358
CATTCCGTCTTACGTT-1,Endo CLDN5 SLC7A5,0.9892217412103669
CATTCTAAGCAGAAAG-1,Endo CLDN5 SLC7A5,0.9243389709066184
CATTCTAAGGCGACAT-1,Endo CLDN5 SLC7A5,0.7360547439058864
CATTCTAAGTTGCGCC-1,Oligo MOG OPALIN,0.7981073911463965
CATTCTACAGACAATA-1,Endo CLDN5 SLC7A5,0.9096952253019811
CATTCTATCCTAGCGG-1,L2-3 CUX2 NTNG1 COL5A2,0.6872422997014831
CATTGAGAGCCTCAGC-1,Endo CLDN5 SLC7A5,0.7714854830525177
CATTGAGAGCGCTTCG-1,Endo CLDN5 SLC7A5,0.907919313981643
CATTGAGTCGCCACTT-1,Endo CLDN5 SLC7A5,0.9985651310621059
CATTGCCAGAAACCCG-1,Endo CLDN5 SLC7A5,0.9085672376401612
CATTGCCCAAATACGA-1,Oligo MOG OPALIN,0.9314513985823837
CATTGCCCAAATCGTC-1,Oligo MOG OPALIN,0.7714662789652456
CATTGTTAGTAACGAT-1,Oligo MOG OPALIN,0.7299287894437566
CATTGTTCAATCCTAG-1,Oligo MOG OPALIN,0.5610603097515658
CATTGTTGTGCGGATA-1,Oligo MOG OPALIN,0.9861118233755097
CATTGTTTCACCCATC-1,Oligo MOG OPALIN,0.7299773452529288
CATTGTTTCGACCACG-1,Oligo MOG OPALIN,0.9792268740339632
CATTTCAAGAGTCCGA-1,Oligo MOG OPALIN,0.9826402905121085
CATTTCAGTTAGCTAC-1,L2-3 CUX2 NTNG1 PALMD,0.5493250516126948
CCAAGCGCATGGAATA-1,Oligo MOG OPALIN,0.5545908031596187
CCAAGCGTCGGAATTC-1,Endo CLDN5 SLC7A5,0.6487808872818638
CCAATGATCCCATAGA-1,Endo CLDN5 SLC7A5,0.37175345699293944
CCAATTTAGACTTCCA-1,Endo CLDN5 SLC7A5,0.9992058344396422
CCAATTTAGCAATTAG-1,Astro AQP4 SLC1A2,0.8691511916581917
CCAATTTCAACTGGTT-1,Oligo MOG OPALIN,0.3230632374168461
CCAATTTCAGAATTCC-1,Endo CLDN5 SLC7A5,0.9959644125723075
CCAATTTGTCCTTGTC-1,Astro GFAP FABP7,0.9940766801520722
CCACAAACAGGAGGTT-1,Oligo MOG OPALIN,0.869030765500046
CCACAAACAGGCAATG-1,L2-3 CUX2 NTNG1 PALMD,0.6401552105776785
CCACACTAGTGCTAGG-1,PC P2RY14 GRM8,0.570454698853746
CCACACTCAGTACTAC-1,Oligo MOG OPALIN,0.922917332973771
CCACACTCATCCTAAG-1,Oligo MOG OPALIN,0.9994159619617164
CCACACTTCATCAGTG-1,Endo CLDN5 SLC7A5,0.9987917080131531
CCACACTTCGCGTGAC-1,Oligo MOG OPALIN,0.3315523810987544
CCACCATAGGGTAATT-1,Endo CLDN5 SLC7A5,0.9343431428355712
CCACCATAGTTGAAAC-1,Endo CLDN5 SLC7A5,0.646363507441918
CCACCATCACCTGCAG-1,Endo CLDN5 SLC7A5,0.9952410227603233
CCACCATGTGAACTAA-1,L2-3 CUX2 NTNG1 PALMD,0.8251524558104505
CCACCATTCAAATGCC-1,Endo CLDN5 SLC7A5,0.4680839072249448
CCACCATTCAAGCCTA-1,Endo CLDN5 SLC7A5,0.6077005332738433
CCACGAGAGAGTTCGG-1,L2-3 CUX2 NTNG1 PALMD,0.33077841047562545
CCACGAGCATATAGCC-1,Endo CLDN5 SLC7A5,0.7925201254367341
CCACGAGGTAGGATAT-1,Oligo MOG OPALIN,0.34087994697268414
CCACGAGGTCATTCCC-1,Endo CLDN5 SLC7A5,0.9289424985161647
CCACGTTAGGTACAGC-1,Endo CLDN5 SLC7A5,0.8289906795531296
CCACGTTCATGAAGCG-1,Endo CLDN5 SLC7A5,0.9939374025437272
CCACGTTGTGTCTTCC-1,Endo CLDN5 SLC7A5,0.9908690989110321
CCACTTGAGCAGATAT-1,Endo CLDN5 SLC7A5,0.7631717819789433
CCACTTGCAACCGTGC-1,Oligo MOG OPALIN,0.8889980436845718
CCACTTGCAGGTATGG-1,L2-3 CUX2 ACVR1C THSD7A,0.9984495665213764
CCACTTGTCCTCGATC-1,Oligo MOG OPALIN,0.9764198126575517
CCATAAGAGAGAGTTT-1,Oligo MOG OPALIN,0.3783230905804035
CCATAAGAGAGTCAAT-1,Endo CLDN5 SLC7A5,0.7368030935490503
CCATAAGGTCGTTCAA-1,Oligo MOG OPALIN,0.45690846904727944
CCATAAGGTTATAGCC-1,Endo CLDN5 SLC7A5,0.9914966431015697
CCATAAGTCCACGAAT-1,Oligo MOG OPALIN,0.9993656026127561
CCATAAGTCCGCTTAC-1,Oligo MOG OPALIN,0.3287531916863541
CCATAAGTCGCACGAC-1,Endo CLDN5 SLC7A5,0.7049489191080528
CCATAAGTCGTGTGGC-1,Endo CLDN5 SLC7A5,0.6283547052290858
CCATCACAGTCAGCCC-1,Astro GFAP AQP1,0.999915203698897
CCATCACAGTCAGCGA-1,Oligo MOG OPALIN,0.9954435169055206
CCATCACCAGATTCGT-1,Endo CLDN5 SLC7A5,0.970519395076779
CCATCACGTAAGCGGT-1,Endo CLDN5 SLC7A5,0.9992607022238097
CCATCACGTGCCTGAC-1,Oligo MOG OPALIN,0.943612226976804
CCATCACTCTTGATTC-1,Endo CLDN5 SLC7A5,0.9309886331292202
CCCAACTGTCCCGGTA-1,Endo CLDN5 SLC7A5,0.6747605169266438
CCCAACTGTTCGGGTC-1,Oligo MOG OPALIN,0.8681368174918731
CCCATTGCAGGTGTGA-1,Endo CLDN5 SLC7A5,0.3807616598674611
CCCATTGGTCACGACC-1,Oligo MOG OPALIN,0.5445249802829657
CCCATTGGTCGCTGCA-1,Endo CLDN5 SLC7A5,0.986926247686405
CCCATTGGTGAAAGTT-1,L2-3 CUX2 NTNG1 PALMD,0.3583050379779581
CCCATTGTCCGATAGT-1,L6 OPRK1 THEMIS RGS6,0.9634681067373305
CCCATTGTCTACCCAC-1,Endo CLDN5 SLC7A5,0.6926447820608556
CCCGAAGAGGTTGCCC-1,Endo CLDN5 SLC7A5,0.9919554902455476
CCCGAAGCACATAACC-1,Oligo MOG OPALIN,0.3225079102804281
CCCGAAGGTGTGGTCC-1,Oligo MOG OPALIN,0.9914758485984073
CCCGAAGTCATCGGGC-1,Endo CLDN5 SLC7A5,0.7905896973232369
CCCGGAAGTTCTAACG-1,Endo CLDN5 SLC7A5,0.8266997030655998
CCCTAACCACATGGTT-1,Endo CLDN5 SLC7A5,0.961296194710749
CCCTAACGTCAGGAGT-1,Endo CLDN5 SLC7A5,0.39954197562756805
CCCTAACGTTAGGAGC-1,Endo CLDN5 SLC7A5,0.5183193131716658
CCCTAACTCCAAGCTA-1,Oligo MOG GSN,0.9999937447645544
CCCTCAAAGAAGCTGC-1,Endo CLDN5 SLC7A5,0.9623429228520511
CCCTCAAAGTCGGGAT-1,Endo CLDN5 SLC7A5,0.8739342284790634
CCCTCAACATGTAACC-1,Endo CLDN5 SLC7A5,0.9998287292491123
CCCTCAAGTCCACATA-1,InN VIP PENK,0.48592514528581104
CCCTCAAGTCGTGTTA-1,Endo CLDN5 SLC7A5,0.9710604771942045
CCCTCAATCGCTTTAT-1,Oligo MOG OPALIN,0.8125739081970518
CCCTCTCAGACCTTTG-1,Endo CLDN5 SLC7A5,0.45060713374150835
CCCTCTCAGGCTGGAT-1,Endo CLDN5 SLC7A5,0.9289079382949023
CCCTCTCCACTATCGA-1,Endo CLDN5 SLC7A5,0.9305464022985831
CCCTCTCCATGAGAAT-1,Endo CLDN5 SLC7A5,0.8561851294190383
CCCTCTCGTACCGTGC-1,Endo CLDN5 SLC7A5,0.6744954622458542
CCCTCTCTCAAGATAG-1,Endo CLDN5 SLC7A5,0.8956713557370748
CCCTCTCTCACCTTGC-1,Endo CLDN5 SLC7A5,0.6766276846358283
CCCTGATCAAGCAGGT-1,Endo CLDN5 SLC7A5,0.7322557189375345
CCCTTAGGTAACAGGC-1,Endo CLDN5 SLC7A5,0.6362140619455603
CCCTTAGGTCTTGAGT-1,Endo CLDN5 SLC7A5,0.3927851361362445
CCCTTAGGTGCCAAGA-1,Endo CLDN5 SLC7A5,0.40508605920437557
CCCTTAGTCAGTCTTT-1,Oligo MOG OPALIN,0.9910978039775404
CCGAACGAGAGGTATT-1,Oligo MOG OPALIN,0.31247953407092477
CCGAACGAGGGAGGCA-1,Oligo MOG OPALIN,0.42654896169117895
CCGAACGCAGTGGTGA-1,Endo CLDN5 SLC7A5,0.8403219034604434
CCGATCTAGACCACGA-1,Endo CLDN5 SLC7A5,0.4762204435290221
CCGATCTGTATCTTCT-1,Endo CLDN5 SLC7A5,0.7961800218836211
CCGATCTGTTTGAAAG-1,Endo CLDN5 SLC7A5,0.5461590409254583
CCGATCTTCAGCCTCT-1,Oligo MOG OPALIN,0.9998939727860736
CCGATCTTCCAGGACC-1,Endo CLDN5 SLC7A5,0.995838163031205
CCGATGGCACTACAGT-1,Endo CLDN5 SLC7A5,0.3235974822762908
CCGCAAGGTTATCTTC-1,Endo CLDN5 SLC7A5,0.997309433719094
CCGCAAGTCCTTTAGT-1,Oligo MOG OPALIN,0.33274773885709125
CCGGACAAGGTTCTTG-1,Oligo MOG OPALIN,0.9932846106074374
CCGGACACAAATACAG-1,Endo CLDN5 SLC7A5,0.3519189891541241
CCGGACACACACCGAC-1,Oligo MOG OPALIN,0.9998834134782368
CCGGACACATCCTTCG-1,Endo CLDN5 SLC7A5,0.9955518542857997
CCGGACAGTGCGTGCT-1,Oligo MOG OPALIN,0.9998136963874379
CCGGACATCGCCGAAC-1,Oligo MOG OPALIN,0.713897775374992
CCGGACATCTGTAACG-1,Oligo MOG OPALIN,0.9828252548263697
CCGGGTATCCCAAGCG-1,Endo CLDN5 SLC7A5,0.999160788074166
CCGGGTATCGGCATCG-1,Endo CLDN5 SLC7A5,0.42539319257946806
CCGGTAGAGAAACTGT-1,Endo CLDN5 SLC7A5,0.9670743077976236
CCGGTAGAGGACTAAT-1,Oligo MOG OPALIN,0.9909803318702743
CCGGTAGTCGTCTACC-1,Oligo MOG OPALIN,0.9990148828153301
CCGGTGAAGGAGGTTC-1,Endo CLDN5 SLC7A5,0.7227847757477907
CCGGTGAAGGCCTAGA-1,Oligo MOG OPALIN,0.9682446360597841
CCGTAGGCATGAAGGC-1,Endo CLDN5 SLC7A5,0.9844585596239448
CCGTAGGGTATGGTAA-1,Endo CLDN5 SLC7A5,0.9791245059110233
CCGTAGGGTCAGTCCG-1,Endo CLDN5 SLC7A5,0.9992970321082416
CCGTAGGTCATGAGGG-1,Endo CLDN5 SLC7A5,0.9691801348816854
CCGTAGGTCGAACGCC-1,Oligo MOG OPALIN,0.9676373970813802
CCGTGAGAGAGAGCAA-1,Endo CLDN5 SLC7A5,0.32399206434169536
CCGTGAGCACCCTTAC-1,PC P2RY14 GRM8,0.9553796868605052
CCGTGAGCAGAGCCCT-1,Endo CLDN5 SLC7A5,0.3408868693319009
CCGTTCAAGAGATGCC-1,Endo CLDN5 SLC7A5,0.9700308498799537
CCGTTCAAGCAGCCTC-1,Endo CLDN5 SLC7A5,0.9557521471672781
CCGTTCAAGGCACGAT-1,Oligo MOG OPALIN,0.9862400433987514
CCGTTCAGTGTATACC-1,Micro P2RY12 APBB1IP,0.9940074669845427
CCGTTCATCGAGATGG-1,Endo CLDN5 SLC7A5,0.993435539874669
CCTAACCAGCCGATTT-1,Astro GFAP AQP1,0.9257873527266848
CCTAACCAGCGCTGAA-1,Endo CLDN5 SLC7A5,0.9784491855134518
CCTAACCAGGTGCTAG-1,Endo CLDN5 SLC7A5,0.9938094349052512
CCTAACCCAACAACAA-1,Endo CLDN5 SLC7A5,0.30197374937094235
CCTAACCCACAATGCT-1,Endo CLDN5 SLC7A5,0.999147270880788
CCTAACCCACTCTCGT-1,Endo CLDN5 SLC7A5,0.45591809197129396
CCTAACCTCTGTGCGG-1,Endo CLDN5 SLC7A5,0.7250917343266043
CCTAAGAAGGTAAAGG-1,Endo CLDN5 SLC7A5,0.7803320221095001
CCTAAGAGTACAGAAT-1,Oligo MOG OPALIN,0.8525088026253793
CCTAAGAGTAGCACAG-1,Endo CLDN5 SLC7A5,0.6995856991890693
CCTAAGAGTCGGCCTA-1,Endo CLDN5 SLC7A5,0.9285567591267959
CCTAAGATCACTACGA-1,Endo CLDN5 SLC7A5,0.9631175667044032
CCTAAGATCGTGGAAG-1,Oligo MOG OPALIN,0.33116971146171326
CCTACGTAGAATAGTC-1,Endo CLDN5 SLC7A5,0.44964167231248525
CCTACGTGTGTGTCGC-1,Endo CLDN5 SLC7A5,0.4771194224272685
CCTACGTTCGATTGGT-1,Endo CLDN5 SLC7A5,0.9970957202480487
CCTACGTTCGGCCTTT-1,Endo CLDN5 SLC7A5,0.9372907130082628
CCTATCGCATCTCATT-1,Endo CLDN5 SLC7A5,0.462663390574781
CCTATCGTCCGTCAAA-1,Endo CLDN5 SLC7A5,0.9373077655961515
CCTATCGTCTGCCCTA-1,Endo CLDN5 SLC7A5,0.9009106406725782
CCTCAACGTTCTCGCT-1,Endo CLDN5 SLC7A5,0.7674436514108681
CCTCAACTCGCTCATC-1,Oligo MOG OPALIN,0.997094046236735
CCTCACAAGCTGTACT-1,Oligo MOG OPALIN,0.6751332376062026
CCTCACACAGGCCCTA-1,Endo CLDN5 SLC7A5,0.8739303232590843
CCTCACATCCTGTAGA-1,Endo CLDN5 SLC7A5,0.9958577350423783
CCTCAGTAGTGGTGGT-1,Oligo MOG OPALIN,0.6452778050222079
CCTCAGTCAACAAGAT-1,Astro GFAP FABP7,0.39721649928123004
CCTCAGTCAACAGTGG-1,Endo CLDN5 SLC7A5,0.8879249047780837
CCTCAGTCAACGGCTC-1,Endo CLDN5 SLC7A5,0.9892487177147191
CCTCATGAGCACGTCC-1,Endo CLDN5 SLC7A5,0.8805168325275532
CCTCATGCACTCGATA-1,Endo CLDN5 SLC7A5,0.9413542310513188
CCTCATGCAGTCTTCC-1,OPC PDGFRA PCDH15,0.7537749354439264
CCTCATGTCACCGGGT-1,Oligo MOG OPALIN,0.9855086182408371
CCTCCAAGTATACCCA-1,Oligo MOG GSN,0.39749346981674105
CCTCCAAGTTCAGTAC-1,Endo CLDN5 SLC7A5,0.6519000505659688
CCTCCAATCCGTGGTG-1,Endo CLDN5 SLC7A5,0.9794016587920555
CCTCCAATCTGGGCGT-1,L2-3 CUX2 ACVR1C INHBA,0.5291446150889565
CCTCCTCAGCTAAGTA-1,Endo CLDN5 SLC7A5,0.46453515264167344
CCTCCTCGTCACTCGG-1,Endo CLDN5 SLC7A5,0.9687897943812256
CCTCCTCGTTGACTAC-1,Endo CLDN5 SLC7A5,0.9902657748987892
CCTCCTCTCAGGAACG-1,Endo CLDN5 SLC7A5,0.4640378472197912
CCTCTAGGTGCTTATG-1,Endo CLDN5 SLC7A5,0.9661224296459899
CCTCTAGTCATGAGTC-1,Oligo MOG OPALIN,0.5750715815840116
CCTCTAGTCGATTGGT-1,Endo CLDN5 SLC7A5,0.6618057745571031
CCTCTCCCAACTACGT-1,Endo CLDN5 SLC7A5,0.9912643242776477
CCTCTCCTCTGACCCT-1,Endo CLDN5 SLC7A5,0.9921856948497104
CCTGCATAGGTAAGTT-1,Endo CLDN5 SLC7A5,0.9841041795624792
CCTGCATCACGGCCAT-1,Endo CLDN5 SLC7A5,0.9619245461434838
CCTGCATCAGAGCCCT-1,Endo CLDN5 SLC7A5,0.9074220539050744
CCTGCATCATGGCGCT-1,Endo CLDN5 SLC7A5,0.7742759524466223
CCTGCATGTAAGACCG-1,Endo CLDN5 SLC7A5,0.8787408920786803
CCTGCATTCGGTCTAA-1,Oligo MOG OPALIN,0.3078798562381847
CCTGTTGAGTTGGAGC-1,L2-3 CUX2 NTNG1 PALMD,0.4243963137061264
CCTGTTGCAAGTGGGT-1,Endo CLDN5 SLC7A5,0.81663485098508
CCTTCAGAGAGTCAAT-1,Endo CLDN5 SLC7A5,0.974303938369445
CCTTCAGAGGAGAGGC-1,Endo CLDN5 SLC7A5,0.4513638534977759
CCTTCAGAGTATGGAT-1,Endo CLDN5 SLC7A5,0.37505104531621963
CCTTCAGAGTTCAACC-1,Endo CLDN5 SLC7A5,0.5395682334196021
CCTTCAGCAAGGTCAG-1,Micro P2RY12 APBB1IP,0.9969409772870136
CCTTCAGCACAATGCT-1,Endo CLDN5 SLC7A5,0.822587961427058
CCTTCAGCACTGGCCA-1,Endo CLDN5 SLC7A5,0.328551861407561
CCTTCAGGTAGCGAGT-1,Endo CLDN5 SLC7A5,0.8579153732361137
CCTTGTGTCCGATGCG-1,Endo CLDN5 SLC7A5,0.37483242570761843
CCTTGTGTCTCAGTCC-1,Endo CLDN5 SLC7A5,0.9802610910844167
CCTTTGGAGACAGCGT-1,Oligo MOG OPALIN,0.9999842649161886
CCTTTGGAGTTATGGA-1,Endo CLDN5 SLC7A5,0.8575934137100061
CCTTTGGCAATAGTCC-1,Endo CLDN5 SLC7A5,0.5938385922147585
CCTTTGGCACCTCTAC-1,Endo CLDN5 SLC7A5,0.33874367020252355
CCTTTGGGTACTGGGA-1,Oligo MOG OPALIN,0.4158814212326653
CCTTTGGGTTGCATTG-1,Oligo MOG OPALIN,0.3254312416104635
CCTTTGGTCCATTTCA-1,Oligo MOG OPALIN,0.6780137602877699
CGAAGGAAGATCCAAA-1,L2-3 CUX2 NTNG1 PALMD,0.6731037724267724
CGAAGGACAGTCAGAG-1,Endo CLDN5 SLC7A5,0.38486096334594055
CGAAGGATCTGCATGA-1,Endo CLDN5 SLC7A5,0.9786198143130872
CGAAGTTAGGCCCACT-1,Endo CLDN5 SLC7A5,0.8835918877919657
CGAAGTTGTCATGCAT-1,Endo CLDN5 SLC7A5,0.9728742505685609
CGAATTGAGCACCGTC-1,Endo CLDN5 SLC7A5,0.7124019111677157
CGAATTGCAGAACTAA-1,Oligo MOG OPALIN,0.8104351128491529
CGAATTGGTACACGTT-1,Endo CLDN5 SLC7A5,0.32994070888768295
CGAATTGGTGACTCTA-1,Endo CLDN5 SLC7A5,0.5005925086314742
CGACAGCGTCCACACG-1,Oligo MOG OPALIN,0.9107607348662811
CGACAGCGTGAGCCAA-1,Endo CLDN5 SLC7A5,0.4240053651461211
CGACAGCTCCAGTACA-1,Endo CLDN5 SLC7A5,0.8512608752916195
CGAGAAGAGCGCTGAA-1,InN PVALB PDE3A,0.854438079652233
CGAGAAGCACTGTGTA-1,Endo CLDN5 SLC7A5,0.7581309697270427
CGAGAAGGTACCCGAC-1,Oligo MOG OPALIN,0.6376069867058287
CGAGAAGGTGCTATTG-1,Endo CLDN5 SLC7A5,0.9194745120530801
CGAGGAAAGATAGCAT-1,Endo CLDN5 SLC7A5,0.8716461292871658
CGAGGAACACGGCACT-1,Endo CLDN5 SLC7A5,0.6843736921747091
CGAGGAAGTGGATCGA-1,Endo CLDN5 SLC7A5,0.9806704744578357
CGAGGCTAGAATCGCG-1,Oligo MOG OPALIN,0.9999987462030117
CGAGGCTAGACTCCGC-1,Endo CLDN5 SLC7A5,0.38174183171221343
CGAGGCTAGATGCAGC-1,Endo CLDN5 SLC7A5,0.4516805865024067
CGAGGCTAGCCGATCC-1,Oligo MOG GSN,0.999998554868491
CGAGGCTTCTTTCAGT-1,Endo CLDN5 SLC7A5,0.6289046336822716
CGAGTGCCACTCGATA-1,Oligo MOG OPALIN,0.9918777846803077
CGAGTTAAGTGGACTG-1,Endo CLDN5 SLC7A5,0.4742203485240406
CGAGTTACACAAATCC-1,Endo CLDN5 SLC7A5,0.9927186717106442
CGAGTTACACTTGAGT-1,Endo CLDN5 SLC7A5,0.9673028887722374
CGAGTTATCCTTCTAA-1,Endo CLDN5 SLC7A5,0.3045550797198238
CGAGTTATCGGTAGGA-1,Endo CLDN5 SLC7A5,0.8044781058765285
CGAGTTATCTTAATCC-1,Endo CLDN5 SLC7A5,0.9797940567958456
CGATCGGAGCATTGTC-1,Endo CLDN5 SLC7A5,0.9920662393895441
CGATCGGAGCGTGCTC-1,Endo CLDN5 SLC7A5,0.5867233672716217
CGATCGGAGGCCCAAA-1,Endo CLDN5 SLC7A5,0.9762538580975498
CGATCGGCAGCAGAAC-1,Oligo MOG OPALIN,0.5612150082411641
CGATCGGGTATACCCA-1,Oligo MOG OPALIN,0.9530052930603419
CGATCGGTCAGCCTCT-1,Endo CLDN5 SLC7A5,0.3032451311987953
CGATGCGAGCCTATTG-1,Oligo MOG OPALIN,0.5566707445288116
CGATGCGCATCTGGGC-1,Endo CLDN5 SLC7A5,0.9954949356601733
CGATGCGTCACTACTT-1,Endo CLDN5 SLC7A5,0.8103412902770966
CGATGCGTCCTAGCCT-1,Oligo MOG OPALIN,0.9998616921233335
CGATGCGTCTATCGCC-1,Endo CLDN5 SLC7A5,0.7365073176254334
CGATGGCAGTCGCTAT-1,Endo CLDN5 SLC7A5,0.6453531107965351
CGATGGCCATGAGGGT-1,Oligo MOG OPALIN,0.971477380409688
CGATGGCGTCTCTCCA-1,Endo CLDN5 SLC7A5,0.5797100549233501
CGCAGGTAGATTGCGG-1,Endo CLDN5 SLC7A5,0.7167061171993334
CGCAGGTAGGTTGGTG-1,Endo CLDN5 SLC7A5,0.9092222701354209
CGCAGGTAGTGATGGC-1,Endo CLDN5 SLC7A5,0.52293979292348
CGCAGGTCACTGCGAC-1,L2-3 CUX2 NTNG1 PALMD,0.8779604910642552
CGCAGGTGTGGGTATG-1,Oligo MOG OPALIN,0.3294241130831567
CGCAGGTTCGCTCCTA-1,Oligo MOG OPALIN,0.9999747850856923
CGCAGGTTCGTCTCAC-1,Endo CLDN5 SLC7A5,0.3094576295952647
CGCAGGTTCGTGACTA-1,Oligo MOG OPALIN,0.9641677137821221
CGCATAAGTGTCTTGA-1,L2-3 CUX2 ACVR1C THSD7A,0.7356335918322267
CGCATAATCACTCCGT-1,Oligo MOG OPALIN,0.43896364681092065
CGCATAATCATGTCTT-1,Oligo MOG OPALIN,0.3407811429478453
CGCATAATCTCATTTG-1,Oligo MOG OPALIN,0.9461815854469136
CGCATGGCACGTTGGC-1,Oligo MOG OPALIN,0.9513617465049528
CGCATGGGTGCGAACA-1,Endo CLDN5 SLC7A5,0.7267461399355858
CGCATGGTCCACGGGT-1,Endo CLDN5 SLC7A5,0.7625625870686954
CGCATGGTCGGACTTA-1,L2-3 CUX2 NTNG1 PALMD,0.4118566481302812
CGCATGGTCTTGAGCA-1,Endo CLDN5 SLC7A5,0.9207037088977128
CGCCAGAAGGTTTGAA-1,Endo CLDN5 SLC7A5,0.488040366028523
CGCCATTAGGTGAGAA-1,Endo CLDN5 SLC7A5,0.906948632410414
CGCGTGAGTTGGAGAC-1,Endo CLDN5 SLC7A5,0.9899604664605157
CGCGTGAGTTTCGACA-1,Oligo MOG OPALIN,0.452570995065031
CGGAACCCAGGTCCGT-1,Oligo MOG OPALIN,0.9915862410553927
CGGAACCGTGCCGAAA-1,Endo CLDN5 SLC7A5,0.7542885851016868
CGGAACCGTTCAGTAC-1,Endo CLDN5 SLC7A5,0.8750652738308616
CGGAATTAGGAACGAA-1,Endo CLDN5 SLC7A5,0.8209013218454473
CGGAATTAGGGAACAA-1,Endo CLDN5 SLC7A5,0.7040577352787011
CGGAATTAGTTGTCGT-1,Oligo MOG GSN,0.76117971348217
CGGACACAGAAATGGG-1,L2-3 CUX2 NTNG1 PALMD,0.7362490138646207
CGGACACGTCATCTAG-1,Endo CLDN5 SLC7A5,0.7405165989199608
CGGAGAAAGATTGGGC-1,Oligo MOG OPALIN,0.9861901609534044
CGGAGAAAGCTGACTT-1,Endo CLDN5 SLC7A5,0.804283371983277
CGGAGAACACTGGCCA-1,Endo CLDN5 SLC7A5,0.8373538451039924
CGGAGAATCCCTCGAT-1,Endo CLDN5 SLC7A5,0.9955163538067905
CGGCAGTAGGATTCAA-1,Endo CLDN5 SLC7A5,0.7067586077449373
CGGCAGTAGGGAGGAC-1,Endo CLDN5 SLC7A5,0.9955337462084549
CGGCAGTCAGATACTC-1,Micro P2RY12 APBB1IP,0.9958041333163687
CGGCAGTTCGTTAGTG-1,Endo CLDN5 SLC7A5,0.657276846736321
CGGGACTGTTATTCTC-1,Micro P2RY12 APBB1IP,0.9992157146375782
CGGGACTTCCTCATAT-1,Endo CLDN5 SLC7A5,0.39915446466474397
CGGGCATAGAGCATTA-1,Endo CLDN5 SLC7A5,0.5813271111144366
CGGGTCAAGCCTAGGA-1,Oligo MOG OPALIN,0.3923884919708457
CGGGTCACAAATGCTC-1,Oligo MOG OPALIN,0.9998852873859004
CGGGTCAGTACACGTT-1,Endo CLDN5 SLC7A5,0.9153017517237957
CGGGTCAGTCACCGCA-1,Endo CLDN5 SLC7A5,0.44972576651115737
CGGGTGTAGGGATCAC-1,Endo CLDN5 SLC7A5,0.5863927933390136
CGGGTGTAGTACCATC-1,Endo CLDN5 SLC7A5,0.7070510294601957
CGGGTGTCAAAGACGC-1,Oligo MOG OPALIN,0.9786407770801351
CGGGTGTCATGAGATA-1,Oligo MOG OPALIN,0.9905384097022881
CGGGTGTGTGGATGAC-1,Endo CLDN5 SLC7A5,0.6743476404908543
CGGGTGTTCCGGTAGC-1,Endo CLDN5 SLC7A5,0.4695090731426526
CGGGTGTTCTACTATC-1,Oligo MOG OPALIN,0.6664607825134757
CGGTCAGCATTGCAAC-1,L3-5 RORB GABRG1 KCNH7,0.3568803129606977
CGTAAGTAGCCAAGTG-1,Endo CLDN5 SLC7A5,0.5053185395312757
CGTAAGTCACCGGTCA-1,Endo CLDN5 SLC7A5,0.6512355782615946
CGTAAGTCACGTAGAG-1,L6 FEZF2 DCBLD1 MITF,0.9600566385041914
CGTAAGTGTCATAAAG-1,Endo CLDN5 SLC7A5,0.9794361604725957
CGTAAGTTCACCTTGC-1,Endo CLDN5 SLC7A5,0.9692052049024712
CGTAATGAGAGAGAAC-1,PC P2RY14 GRM8,0.4057083661797643
CGTAATGCAATCGCCG-1,Endo CLDN5 SLC7A5,0.9101323717017559
CGTAATGGTACCCACG-1,Endo CLDN5 SLC7A5,0.9474365629312934
CGTAATGGTCGTGGAA-1,Endo CLDN5 SLC7A5,0.9360557657868067
CGTAATGTCGGTAGAG-1,Oligo MOG OPALIN,0.9788046637749028
CGTAATGTCTCCTGAC-1,Endo CLDN5 SLC7A5,0.9909475054189466
CGTAGTAAGGTCACCC-1,Oligo MOG OPALIN,0.6550235382325821
CGTAGTATCAGCAGAG-1,OPC PDGFRA PCDH15,0.9999997903560487
CGTCAAAAGATGGCAC-1,Endo CLDN5 SLC7A5,0.9955599949860209
CGTCAAACAAGCTACT-1,Endo CLDN5 SLC7A5,0.9428797889610074
CGTCAAACACGTAGAG-1,Endo CLDN5 SLC7A5,0.49711019799626416
CGTCAAACATCCCGTT-1,Oligo MOG OPALIN,0.9336074239675017
CGTCAAAGTATGAAGT-1,Oligo MOG OPALIN,0.9999945450785058
CGTCCATGTTGTGGAG-1,Endo CLDN5 SLC7A5,0.38848078670138925
CGTCCATTCGCTTGAA-1,Endo CLDN5 SLC7A5,0.9940589257769329
CGTCCATTCTACACTT-1,Oligo MOG OPALIN,0.9875469133610327
CGTGAATAGAATCGCG-1,Endo CLDN5 SLC7A5,0.995356505308393
CGTGAATAGGACTAAT-1,Oligo MOG OPALIN,0.3665130343037567
CGTGAATCAAGGTCGA-1,L2-3 CUX2 NTNG1 PALMD,0.5744589107066391
CGTGAATCAGCTCTGG-1,InN PVALB SYT2,0.9986663508462147
CGTGAATTCTTACGGA-1,Endo CLDN5 SLC7A5,0.9630358643823195
CGTGCTTCAACTTGGT-1,Endo CLDN5 SLC7A5,0.758917687203909
CGTGCTTCAGGAGACT-1,Oligo MOG OPALIN,0.7898617061304807
CGTGCTTGTAGCACAG-1,Oligo MOG OPALIN,0.8865388444133258
CGTGCTTTCTCCAATT-1,Endo CLDN5 SLC7A5,0.6575922770807664
CGTGTCTCAATACCCA-1,InN VIP MEGF11 LHFP,0.8601026970815834
CGTGTCTGTACGATGG-1,Oligo MOG OPALIN,0.8426637798427166
CGTGTCTGTACGTAGG-1,Endo CLDN5 SLC7A5,0.9983812998955459
CGTGTCTTCCCAATAG-1,Endo CLDN5 SLC7A5,0.9869903930896811
CGTGTCTTCCTTTGAT-1,Oligo MOG OPALIN,0.6921694621728617
CGTTAGACAATCAAGA-1,Oligo MOG OPALIN,0.8413074982686405
CGTTAGACACCGTCGA-1,Endo CLDN5 SLC7A5,0.8763650012817932
CGTTAGAGTCGGAAAC-1,Oligo MOG OPALIN,0.9401204261489632
CGTTAGATCAACCGAT-1,Oligo MOG OPALIN,0.9140854580735857
CGTTCTGAGGGAGGGT-1,L2-3 CUX2 NTNG1 PALMD,0.46667389015061184
CGTTCTGAGTAGGTTA-1,Oligo MOG OPALIN,0.9990763440037986
CGTTCTGGTGGTTCTA-1,Endo CLDN5 SLC7A5,0.7926414295485406
CGTTGGGCATGTTCGA-1,Endo CLDN5 SLC7A5,0.37187909756918525
CTAACCCAGATGGCAC-1,Oligo MOG OPALIN,0.985198911721534
CTAACCCAGTCCTGCG-1,Endo CLDN5 SLC7A5,0.8311827445490307
CTAACCCCAGAATTCC-1,Endo CLDN5 SLC7A5,0.4586876699676187
CTAACCCGTATGAAAC-1,Endo CLDN5 SLC7A5,0.7725285123507641
CTAACCCTCATTCATC-1,Oligo MOG OPALIN,0.9998527499534171
CTAACCCTCCCGAAAT-1,Endo CLDN5 SLC7A5,0.9983694324189284
CTAACTTAGATGCTTC-1,Oligo MOG OPALIN,0.3981066060617213
CTAACTTAGGCAGTCA-1,L6 OPRK1 SMYD1 SNTB1,0.45374695496698775
CTAACTTGTCAGCTTA-1,Endo CLDN5 SLC7A5,0.38261580166598197
CTAAGTGCACGCTGCA-1,Oligo MOG OPALIN,0.5395049561491293
CTAAGTGCAGGTCAGA-1,Oligo MOG OPALIN,0.9999999787988847
CTAAGTGTCATCCCGT-1,Endo CLDN5 SLC7A5,0.7181897603076416
CTACAGAAGAGAGGGC-1,Endo CLDN5 SLC7A5,0.5485679754326263
CTACAGACATCCTAAG-1,Endo CLDN5 SLC7A5,0.8388180240624401
CTACAGAGTCACAATC-1,Endo CLDN5 SLC7A5,0.9678191131154615
CTACATTAGGGCCCTT-1,Endo CLDN5 SLC7A5,0.8641611525970334
CTACATTCATTAAGCC-1,Endo CLDN5 SLC7A5,0.36946303626179816
CTACATTTCACTTGGA-1,Endo CLDN5 SLC7A5,0.9462538506658927
CTACATTTCAGGGATG-1,Oligo MOG OPALIN,0.9989523147491958
CTACCCAAGGGTCTTT-1,Endo CLDN5 SLC7A5,0.4369233531030143
CTACCCACAGGTCTCG-1,Endo CLDN5 SLC7A5,0.9645221818108928
CTACCCATCCGGGACT-1,Endo CLDN5 SLC7A5,0.8838842350912423
CTACCCATCGACCAAT-1,Endo CLDN5 SLC7A5,0.9774710105528958
CTACCTGAGTGCAACG-1,Oligo MOG OPALIN,0.944971153500639
CTACCTGCACCCAAGC-1,Endo CLDN5 SLC7A5,0.9896862982025877
CTACCTGGTATTAAGG-1,Endo CLDN5 SLC7A5,0.6772717333004556
CTACCTGTCCTTCTTC-1,Astro AQP4 SLC1A2,0.998481719333266
CTACCTGTCGCAGAGA-1,Endo CLDN5 SLC7A5,0.818062673881303
CTACGGGAGTCTTCCC-1,Endo CLDN5 SLC7A5,0.6588256307326863
CTACGGGCACAGGATG-1,Endo CLDN5 SLC7A5,0.7168801580122195
CTACGGGCATAGAGGC-1,Astro GFAP FABP7,0.7142640411552471
CTACGGGGTTGGTAGG-1,Oligo MOG GSN,0.9319154704120755
CTACGGGTCCGTTTCG-1,Endo CLDN5 SLC7A5,0.5234761268982226
CTACGGGTCGTAATGC-1,VLMC COL1A2 SLC13A3,0.44332581873152493
CTACTATCAGGCCCTA-1,Oligo MOG OPALIN,0.8654160105053486
CTACTATGTCTAATCG-1,Oligo MOG OPALIN,0.8329541060880727
CTACTATTCATAGAGA-1,Astro AQP4 SLC1A2,0.7439929651365912
CTAGACACACATATCG-1,Endo CLDN5 SLC7A5,0.9657274854026514
CTAGACAGTGTATACC-1,Micro P2RY12 APBB1IP,0.5925655707715762
CTAGACATCAGCCTCT-1,Endo CLDN5 SLC7A5,0.9563388628304098
CTAGGTACAGGCATTT-1,Endo CLDN5 SLC7A5,0.815040712522168
CTAGGTATCAGTAGGG-1,Endo CLDN5 SLC7A5,0.3648490393474678
CTATAGGCAACACAAA-1,Endo CLDN5 SLC7A5,0.41490357267591677
CTATAGGGTAGATTAG-1,Oligo MOG OPALIN,0.38851407647640707
CTATAGGTCCAGTGCG-1,Oligo MOG OPALIN,0.9999830412434848
CTATAGGTCCGTGGCA-1,Endo CLDN5 SLC7A5,0.9767222458551246
CTATCCGAGATGATTG-1,L2-4 CUX2 RORB CLMN,0.3299750196536883
CTATCCGGTCGGCTAC-1,Endo CLDN5 SLC7A5,0.8557029055986234
CTATCTACAAGACCTT-1,Oligo MOG OPALIN,0.3739632913488727
CTATCTACACCCAATA-1,L2-3 CUX2 NTNG1 PALMD,0.40170959063302575
CTATCTACACTGCGAC-1,L2-3 CUX2 ACVR1C THSD7A,0.6916089900016061
CTATCTACATACAGAA-1,Oligo MOG OPALIN,0.9994132826556305
CTATCTATCGGTAGGA-1,Endo CLDN5 SLC7A5,0.9363090060160602
CTATCTATCTGTGCAA-1,Astro AQP4 OSMR,0.6371761769883596
CTCAACCAGGCTCACC-1,Endo CLDN5 SLC7A5,0.331871927540043
CTCAACCCAAGTGGGT-1,Endo CLDN5 SLC7A5,0.9778368917174565
CTCAACCCAATGACCT-1,Endo CLDN5 SLC7A5,0.9978956240145878
CTCAACCCACCGTCTT-1,Endo CLDN5 SLC7A5,0.5122831802468335
CTCAACCGTACGGGAT-1,Endo CLDN5 SLC7A5,0.701172971798243
CTCAACCGTACGTACT-1,Oligo MOG OPALIN,0.4677818732746611
CTCAACCGTCGGTGAA-1,L2-3 CUX2 NTNG1 PALMD,0.8843593239729578
CTCAAGAAGCAACCAG-1,Oligo MOG OPALIN,0.34706371982550316
CTCAAGAGTAATTGGA-1,Endo CLDN5 SLC7A5,0.3377856492537698
CTCAAGATCTCCCATG-1,Endo CLDN5 SLC7A5,0.9755062950279787
CTCAATTCAATACCTG-1,Oligo MOG OPALIN,0.9967044872018582
CTCAATTCATCGCCTT-1,Oligo MOG OPALIN,0.6277211491201905
CTCAATTGTATGCAAA-1,Endo CLDN5 SLC7A5,0.994084856499456
CTCAATTGTCATCCCT-1,Endo CLDN5 SLC7A5,0.8904682241616215
CTCAATTGTGTACGCC-1,Endo CLDN5 SLC7A5,0.42669820792149915
CTCACTGAGCGATGGT-1,Endo CLDN5 SLC7A5,0.9047713258857805
CTCACTGAGGCAGGTT-1,Endo CLDN5 SLC7A5,0.3767264948307643
CTCACTGGTCAAGCCC-1,Endo CLDN5 SLC7A5,0.5395101222659314
CTCACTGTCGACCACG-1,Oligo MOG OPALIN,0.7058817208821002
CTCAGAAAGAGGGTCT-1,Endo CLDN5 SLC7A5,0.9755650714969086
CTCAGAAAGATGAAGG-1,Endo CLDN5 SLC7A5,0.9306964753693028
CTCAGAAAGCCTATCA-1,L2-4 CUX2 RORB CLMN,0.3055550789926263
CTCAGAAGTTATGTCG-1,Endo CLDN5 SLC7A5,0.8443794881785373
CTCAGAATCAGTCATG-1,OPC PDGFRA PCDH15,0.9999999999999014
CTCAGAATCCGGCAAC-1,Endo CLDN5 SLC7A5,0.6683887100134771
CTCAGGGCAACTAGAA-1,Oligo MOG OPALIN,0.6950217760078048
CTCAGGGCATCGGAAG-1,Oligo MOG OPALIN,0.9327551341264206
CTCAGGGGTGTCCACG-1,Endo CLDN5 SLC7A5,0.388143284796137
CTCAGTCAGAGCCATG-1,Oligo MOG OPALIN,0.9993057097428568
CTCAGTCAGCCTTGAT-1,Endo CLDN5 SLC7A5,0.9732855895131579
CTCAGTCCACGGCCAT-1,Oligo MOG OPALIN,0.9937572759015466
CTCAGTCGTACAAGCG-1,Endo CLDN5 SLC7A5,0.7572724422708497
CTCAGTCGTCTCTCTG-1,Oligo MOG OPALIN,0.9965791163886218
CTCATCGAGGACTATA-1,Oligo MOG OPALIN,0.9930371004785411
CTCATCGCAAATGCGG-1,OPC PDGFRA PCDH15,0.9999999998669222
CTCATCGCATTCTCTA-1,Oligo MOG OPALIN,0.3447588354900546
CTCATCGTCAGTCCGG-1,Oligo MOG OPALIN,0.6085204440046397
CTCATCGTCCCTCTCC-1,Endo CLDN5 SLC7A5,0.9968157127510762
CTCATCGTCTAGTTCT-1,L3-5 RORB MKX GALR1,0.3624580704487487
CTCATGCAGTAAAGCT-1,Endo CLDN5 SLC7A5,0.899568806469293
CTCATGCCACCGTACG-1,Oligo MOG OPALIN,0.9937050886901191
CTCATGCGTCATCACA-1,Endo CLDN5 SLC7A5,0.9613485772686393
CTCATGCGTGGACTAG-1,Endo CLDN5 SLC7A5,0.9864741746919466
CTCATGCGTTTCGACA-1,Endo CLDN5 SLC7A5,0.965958660928555
CTCATGCTCCGGTTCT-1,L2-3 CUX2 NTNG1 PALMD,0.5447002631059789
CTCATGCTCGCTACAA-1,Oligo MOG OPALIN,0.998866825862198
CTCATTACATCCTCAC-1,Endo CLDN5 SLC7A5,0.36398142930754146
CTCCAACAGGTTCTTG-1,Endo CLDN5 SLC7A5,0.5614294756666256
CTCCAACTCAACCCGG-1,Endo CLDN5 SLC7A5,0.5636586581465177
CTCCACAAGACTCGAG-1,Oligo MOG OPALIN,0.9992754132328984
CTCCACAAGATCCCGC-1,Oligo MOG GSN,0.9314513606484223
CTCCACAGTTTCCCAC-1,Endo CLDN5 SLC7A5,0.911846424608777
CTCCACATCACGGGCT-1,Endo CLDN5 SLC7A5,0.3407940232921053
CTCCACATCATCGACA-1,Endo CLDN5 SLC7A5,0.3412134964308648
CTCCATGAGCGTGAGT-1,Endo CLDN5 SLC7A5,0.8218664428284276
CTCCATGCAACCAATC-1,Endo CLDN5 SLC7A5,0.5061234644404654
CTCCATGCAGAACATA-1,Oligo MOG OPALIN,0.4879611181241044
CTCCATGCAGAGTCTT-1,Endo CLDN5 SLC7A5,0.9388316412400418
CTCCATGCATGAATAG-1,Endo CLDN5 SLC7A5,0.7735637689593733
CTCCATGGTCCACACG-1,Oligo MOG OPALIN,0.999245976382777
CTCCATGTCGCTACGG-1,Endo CLDN5 SLC7A5,0.9090158687628935
CTCCCAAGTGCCAAGA-1,Endo CLDN5 SLC7A5,0.9075033084517097
CTCCCTCCATTCCTAT-1,Endo CLDN5 SLC7A5,0.9908928750353045
CTCCCTCGTGCCTGAC-1,Oligo MOG OPALIN,0.9604569774699061
CTCCCTCGTGGACAGT-1,Endo CLDN5 SLC7A5,0.5837519447842666
CTCCCTCGTGGATCAG-1,Endo CLDN5 SLC7A5,0.9935732973295078
CTCCGATAGTTGAATG-1,Endo CLDN5 SLC7A5,0.8784280309883707
CTCCGATTCTTAAGGC-1,Endo CLDN5 SLC7A5,0.8510175352909951
CTCCTCCTCGCTTGAA-1,Oligo MOG OPALIN,0.5648474624315811
CTCCTTTCATACATCG-1,Endo CLDN5 SLC7A5,0.3535183517379809
CTCCTTTCATCCGCGA-1,Endo CLDN5 SLC7A5,0.7193921895630397
CTCCTTTGTAACACCT-1,Endo CLDN5 SLC7A5,0.5475459299931598
CTCGAGGAGCGTGTCC-1,Endo CLDN5 SLC7A5,0.9877364567294028
CTCGAGGCAAATGCGG-1,Endo CLDN5 SLC7A5,0.9545659237724259
CTCGAGGCAGTATACC-1,Endo CLDN5 SLC7A5,0.9970417176086418
CTCGAGGGTACAAGTA-1,Endo CLDN5 SLC7A5,0.9989467405676306
CTCGAGGGTCGAACAG-1,VLMC COL1A2 VLMCA8,0.34734871832898373
CTCGAGGGTGACCTGC-1,Oligo MOG OPALIN,0.9270028913293207
CTCGAGGTCCGATGCG-1,Endo CLDN5 SLC7A5,0.7054943097051823
CTCTCAGAGCTAAACA-1,Endo CLDN5 SLC7A5,0.5418321001310535
CTCTCAGCACATGTTG-1,Endo CLDN5 SLC7A5,0.9433846456549065
CTCTCAGCACGTAGAG-1,Oligo MOG OPALIN,0.9677440699421332
CTCTCAGGTAGGGAGG-1,Oligo MOG OPALIN,0.9975565673693138
CTCTCAGTCGAAATCC-1,InN LHX6 HGF STON2,0.4572746493292673
CTCTCGAAGATCACCT-1,Endo CLDN5 SLC7A5,0.6696721970445543
CTCTCGAAGCAGCCCT-1,Endo CLDN5 SLC7A5,0.441830790301595
CTCTCGACATATAGCC-1,Oligo MOG OPALIN,0.8872853632419015
CTCTCGATCAGTGCGC-1,Endo CLDN5 SLC7A5,0.9031422159768242
CTCTGGTAGAATTGTG-1,Endo CLDN5 SLC7A5,0.84623229144752
CTCTGGTAGGGTAATT-1,Oligo MOG OPALIN,0.8621082556406863
CTCTGGTTCTATACGG-1,Endo CLDN5 SLC7A5,0.9250910998269837
CTCTGGTTCTCAGAAC-1,Oligo MOG OPALIN,0.9816151868615081
CTGAATGCACATATCG-1,Endo CLDN5 SLC7A5,0.9798290805129697
CTGAATGTCCACGTGG-1,Endo CLDN5 SLC7A5,0.3164297044038344
CTGAGCGAGAGATTCA-1,L2-3 CUX2 NTNG1 PALMD,0.768562332894834
CTGAGCGAGCAGATAT-1,Oligo MOG OPALIN,0.5524687375754529
CTGAGCGAGTCAAGCG-1,L2-3 CUX2 ACVR1C THSD7A,0.3042335754303742
CTGAGCGGTCTGCCTT-1,Endo CLDN5 SLC7A5,0.9038577393543172
CTGAGCGTCAAGTGGG-1,L6 OPRK1 THEMIS RGS6,0.9767451793113174
CTGAGGCAGACTCAAA-1,Oligo MOG OPALIN,0.8258309970123917
CTGAGGCAGCGTCGAA-1,Endo CLDN5 SLC7A5,0.8638189089833527
CTGAGGCCAAATGGTA-1,Endo CLDN5 SLC7A5,0.9978979401509387
CTGAGGCTCATGCAGT-1,Oligo MOG OPALIN,0.7790799934715608
CTGAGGCTCCAACTAG-1,Endo CLDN5 SLC7A5,0.9982901123609331
CTGAGGCTCCTGTTAT-1,Oligo MOG OPALIN,0.4115819422455932
CTGAGGCTCGATACGT-1,Endo CLDN5 SLC7A5,0.9951881515470372
CTGATCCAGCGCCTCA-1,Endo CLDN5 SLC7A5,0.838004422270436
CTGATCCCATTCATCT-1,Endo CLDN5 SLC7A5,0.3150816033837581
CTGATCCTCTACTGAG-1,Oligo MOG OPALIN,0.999993079585279
CTGCAGGAGTTACTCG-1,Endo CLDN5 SLC7A5,0.8428615248767192
CTGCAGGCACGGTGCT-1,Oligo MOG OPALIN,0.6968796857348051
CTGCAGGGTCCGGCAT-1,Endo CLDN5 SLC7A5,0.9904110155922606
CTGCAGGTCAAAGACA-1,Endo CLDN5 SLC7A5,0.48764437971822816
CTGCAGGTCTTTCCAA-1,Endo CLDN5 SLC7A5,0.8240628061319226
CTGCATCAGCCTGAGA-1,Endo CLDN5 SLC7A5,0.9419011837665414
CTGCATCCAACTGCTA-1,Endo CLDN5 SLC7A5,0.9679319864283169
CTGCATCCACCAGGTC-1,Oligo MOG OPALIN,0.999999746544716
CTGCATCGTATACCTG-1,Endo CLDN5 SLC7A5,0.8820117733734437
CTGCATCGTTCGGGTC-1,Endo CLDN5 SLC7A5,0.3624929372926217
CTGCATCTCACTTCTA-1,Endo CLDN5 SLC7A5,0.9950170426784527
CTGCCATCACTTCCTG-1,PC P2RY14 GRM8,0.6544872215264729
CTGCCTAGTTTACCTT-1,Endo CLDN5 SLC7A5,0.7098537537740804
CTGCGAGGTTTACGAC-1,Oligo MOG OPALIN,0.9410942151279427
CTGCGAGTCCGAGTGC-1,Endo CLDN5 SLC7A5,0.3593254307081366
CTGCGAGTCGTGTGAT-1,Oligo MOG OPALIN,0.9837981115213805
CTGCTCAGTAGACGTG-1,Endo CLDN5 SLC7A5,0.850440386983392
CTGGACGAGACATATG-1,Endo CLDN5 SLC7A5,0.9857727108278924
CTGGACGGTGACTCTA-1,Endo CLDN5 SLC7A5,0.9024448329683129
CTGGCAGCACCCAATA-1,Endo CLDN5 SLC7A5,0.8421202340711044
CTGGCAGGTATACGGG-1,Endo CLDN5 SLC7A5,0.9855493805467649
CTGGCAGGTTCGGCGT-1,Endo CLDN5 SLC7A5,0.6513028172781071
CTGGCAGGTTTAGACC-1,Endo CLDN5 SLC7A5,0.9701912287098664
CTGGTCTAGGTCACCC-1,Endo CLDN5 SLC7A5,0.7663211533628239
CTGGTCTAGTTCCATG-1,Endo CLDN5 SLC7A5,0.9195992245470739
CTGGTCTTCGAAGCAG-1,Endo CLDN5 SLC7A5,0.5173736149548724
CTGGTCTTCGTTGTTT-1,PC P2RY14 GRM8,0.8896142219715423
CTGTACCCAAGGCGTA-1,Endo CLDN5 SLC7A5,0.9987884980768216
CTGTACCGTGATTCTG-1,Oligo MOG OPALIN,0.9857533452167256
CTGTAGAAGCAATAGT-1,Oligo MOG OPALIN,0.7207471216346916
CTGTAGAAGGCTAGCA-1,Oligo MOG GSN,0.9776878389772841
CTGTAGAAGGTCGAGT-1,Oligo MOG OPALIN,0.9999841968705032
CTGTAGAAGTCGTTAC-1,Endo CLDN5 SLC7A5,0.9549721529646865
CTGTAGAGTAACTTCG-1,L2-3 CUX2 NTNG1 PALMD,0.39278497623752123
CTGTAGAGTAGCTGAG-1,Endo CLDN5 SLC7A5,0.535760804315337
CTGTAGAGTGGTATGG-1,Oligo MOG OPALIN,0.9441211507581783
CTGTATTAGACCAAGC-1,Endo CLDN5 SLC7A5,0.9243286719169587
CTGTATTAGCCAACCC-1,Endo CLDN5 SLC7A5,0.5600352905260957
CTGTATTGTCTGCCTT-1,Endo CLDN5 SLC7A5,0.9975814831416782
CTGTATTTCGCGATCG-1,Oligo MOG OPALIN,0.6231383987391075
CTGTATTTCTTAGGAC-1,Endo CLDN5 SLC7A5,0.9582422544475733
CTGTCGTCAAGCTCTA-1,Endo CLDN5 SLC7A5,0.3452121515985497
CTGTCGTTCATGCGGC-1,Micro P2RY12 APBB1IP,0.6006556147891216
CTGTCGTTCCAGCACG-1,Oligo MOG OPALIN,0.7948899406296352
CTGTGAAAGACATATG-1,Endo CLDN5 SLC7A5,0.5424686074663794
CTGTGAAAGTCATTGC-1,Endo CLDN5 SLC7A5,0.9266992140666229
CTGTGAATCTGGGAGA-1,Endo CLDN5 SLC7A5,0.9875037010050981
CTGTGGGCACATACTG-1,Endo CLDN5 SLC7A5,0.7663720079047356
CTGTGGGCAGGTCAGA-1,Micro P2RY12 APBB1IP,0.3076972127074448
CTGTGGGCAGTGCGCT-1,Endo CLDN5 SLC7A5,0.9428781697518278
CTGTGGGGTCATGCAT-1,Micro P2RY12 APBB1IP,0.7041177201416764
CTGTGGGTCGCTCTAC-1,Endo CLDN5 SLC7A5,0.962709811388097
CTTACCGCAAGATGTA-1,Endo CLDN5 SLC7A5,0.5886869885357549
CTTACCGGTTATAGAG-1,Endo CLDN5 SLC7A5,0.30758879777100273
CTTACCGTCCATCTAT-1,Endo CLDN5 SLC7A5,0.8504176630305184
CTTAGGAAGCGCGTTC-1,Endo CLDN5 SLC7A5,0.7841796725575296
CTTAGGAGTCTTGGTA-1,Endo CLDN5 SLC7A5,0.926891924504006
CTTAGGATCTTCTCAA-1,Astro AQP4 SLC1A2,0.9896714344543301
CTTCAATCAACATCGT-1,Oligo MOG OPALIN,0.9953546023429093
CTTCAATCAATTAGGA-1,Oligo MOG OPALIN,0.9425956985873886
CTTCAATCATCTCATT-1,Endo CLDN5 SLC7A5,0.6128885050432069
CTTCAATGTTAGCGGA-1,Oligo MOG OPALIN,0.9822943503977023
CTTCCGATCAGGAAAT-1,Endo CLDN5 SLC7A5,0.8920084518924014
CTTCCTTCAATTTCGG-1,Endo CLDN5 SLC7A5,0.9963484672463603
CTTCCTTGTCGAGTGA-1,Oligo MOG OPALIN,0.6102795807197093
CTTCCTTGTCTTTATC-1,Oligo MOG GSN,0.8044952956174268
CTTCCTTGTGTATACC-1,Oligo MOG OPALIN,0.8802622775238164
CTTCCTTTCGCGTTTC-1,Endo CLDN5 SLC7A5,0.9998587195712458
CTTCGGTCATGTGTCA-1,Endo CLDN5 SLC7A5,0.6637114024885982
CTTCGGTCATTACTCT-1,Endo CLDN5 SLC7A5,0.9013129265115979
CTTCGGTGTGATTCTG-1,Endo CLDN5 SLC7A5,0.9387646313327934
CTTCTAAAGGCATCAG-1,Endo CLDN5 SLC7A5,0.7463980512021547
CTTCTAATCCCTTTGG-1,Endo CLDN5 SLC7A5,0.4682991115578661
CTTCTAATCTTGAGCA-1,Endo CLDN5 SLC7A5,0.6141283872758883
CTTCTCTCATCCTTGC-1,Oligo MOG OPALIN,0.9999759342426103
CTTCTCTGTTAGAGAT-1,Endo CLDN5 SLC7A5,0.7444227474977545
CTTGAGATCCGACAGC-1,Oligo MOG OPALIN,0.9997611500785832
CTTGAGATCCTCACTG-1,Endo CLDN5 SLC7A5,0.3909764088890962
CTTGATTCATTCCTCG-1,Oligo MOG OPALIN,0.9278174505504615
CTTGATTTCTACCCAC-1,Endo CLDN5 SLC7A5,0.9752133662965591
CTTTCAAAGAACTGAT-1,Endo CLDN5 SLC7A5,0.9466587503293902
CTTTCAACACCGTCTT-1,Endo CLDN5 SLC7A5,0.4779759627206499
CTTTCAACATCCGATA-1,Oligo MOG OPALIN,0.9998880324472825
CTTTCAATCCATTTAC-1,Endo CLDN5 SLC7A5,0.7583691351989754
CTTTCAATCCCGAGTG-1,Oligo MOG OPALIN,0.47837990854261975
CTTTCAATCGCTGATA-1,Endo CLDN5 SLC7A5,0.6358890595253052
CTTTCGGTCTACTGCC-1,Endo CLDN5 SLC7A5,0.9038189169643914
GAAACCTCATCGTTCC-1,Endo CLDN5 SLC7A5,0.9603745590786887
GAAACCTTCAGACAAA-1,Endo CLDN5 SLC7A5,0.7365496224940123
GAAATGAAGCAGTACG-1,L3-5 RORB GABRG1 PTPRO,0.4854524470674051
GAAATGACAATGCTCA-1,Endo CLDN5 SLC7A5,0.37998107979518764
GAACACTAGTCTACCA-1,L2-3 CUX2 NTNG1 PALMD,0.36807790746696967
GAACACTCAATCCTTT-1,Endo CLDN5 SLC7A5,0.9080535965759104
GAACACTCACTGTGTA-1,L6 OPRK1 SMYD1 KCND2,0.578576423973631
GAACACTTCTCGACGG-1,Endo CLDN5 SLC7A5,0.853204306058637
GAACGTTCATACGCAT-1,Oligo MOG OPALIN,0.9413678431971573
GAACGTTTCGAGGCAA-1,Endo CLDN5 SLC7A5,0.3675828320320473
GAACTGTGTCAAGTTC-1,L2-3 CUX2 NTNG1 PALMD,0.49171921284378084
GAACTGTGTTCCACAA-1,Endo CLDN5 SLC7A5,0.9123996254189295
GAAGAATAGAGGTATT-1,Endo CLDN5 SLC7A5,0.7257598445692974
GAAGAATAGGCTGGAT-1,Endo CLDN5 SLC7A5,0.623221597133133
GAAGAATTCGACGATT-1,Endo CLDN5 SLC7A5,0.8975306283121212
GAAGAATTCGCCACTT-1,Endo CLDN5 SLC7A5,0.846143377381937
GAAGCCCAGCGATGGT-1,Endo CLDN5 SLC7A5,0.7253678554924531
GAAGCCCCATCGATAC-1,Astro AQP4 SLC1A2,0.9238121258504584
GAAGCCCTCAAAGCCT-1,Endo CLDN5 SLC7A5,0.4257158416138856
GAAGCCCTCTGGCCTT-1,Oligo MOG OPALIN,0.9048247402394858
GAAGCGAAGCACTCCG-1,Endo CLDN5 SLC7A5,0.7496060834259256
GAAGCGAGTGCTGCAC-1,L3-5 RORB GABRG1 PTPRO,0.38263652896953704
GAAGGACAGTTGGGAC-1,Endo CLDN5 SLC7A5,0.9647305126907445
GAAGGACCACCGAATT-1,Oligo MOG GSN,0.9998411150520298
GAAGGACCACTCATAG-1,Endo CLDN5 SLC7A5,0.7014711236630795
GAAGGACCAGGTTCAT-1,Endo CLDN5 SLC7A5,0.9905313408798719
GAAGGGTGTTCACCGG-1,Endo CLDN5 SLC7A5,0.45818455216088694
GAAGGGTTCACGATCA-1,Endo CLDN5 SLC7A5,0.4988945795421918
GAAGTAAAGCCGTTGC-1,Endo CLDN5 SLC7A5,0.4529032627133258
GAAGTAACAACCACAT-1,Endo CLDN5 SLC7A5,0.9899901252261143
GAAGTAACAACGGGTA-1,Endo CLDN5 SLC7A5,0.8803208439340734
GAAGTAACACCGTCTT-1,Endo CLDN5 SLC7A5,0.8267854417116112
GAAGTAACAGAGACTG-1,Oligo MOG OPALIN,0.8880510051049916
GAAGTAACAGCACAAG-1,Endo CLDN5 SLC7A5,0.596416970419035
GAATAGAAGACTTCCA-1,Endo CLDN5 SLC7A5,0.937028124807046
GAATAGATCCTAAACG-1,Endo CLDN5 SLC7A5,0.3379299447384194
GAATAGATCTGTCCCA-1,Astro GFAP AQP1,0.8065747332678639
GAATCACTCAACCGAT-1,Endo CLDN5 SLC7A5,0.6821739043894466
GAATCGTAGCTGGCTC-1,Endo CLDN5 SLC7A5,0.9922407926533008
GAATCGTCACTCAGAT-1,Endo CLDN5 SLC7A5,0.8162210048805957
GAATCGTGTCGTTATG-1,Endo CLDN5 SLC7A5,0.8209126519423326
GACACGCAGCTCTATG-1,Endo CLDN5 SLC7A5,0.9998136310257018
GACACGCAGGTCTGGA-1,Endo CLDN5 SLC7A5,0.9917886952884035
GACACGCGTAGACACG-1,Endo CLDN5 SLC7A5,0.9337770783100464
GACACGCGTCGAACGA-1,Oligo MOG OPALIN,0.5659267960274093
GACAGCCAGAATTCAG-1,Endo CLDN5 SLC7A5,0.9898976983070142
GACAGCCAGCTGCCAC-1,Endo CLDN5 SLC7A5,0.9950614915931816
GACAGCCAGTCCGCCA-1,Oligo MOG OPALIN,0.8693811943064172
GACAGCCCACCAAATC-1,Endo CLDN5 SLC7A5,0.9457022256474789
GACAGCCCAGCTACTA-1,Endo CLDN5 SLC7A5,0.7172460110290528
GACAGCCGTCTTGAGT-1,Endo CLDN5 SLC7A5,0.975145044041126
GACATCAAGACGAAGA-1,Endo CLDN5 SLC7A5,0.5115255312322147
GACATCACAATTTCGG-1,Oligo MOG OPALIN,0.7782674737033093
GACATCACACAGTACT-1,Oligo MOG OPALIN,0.9984772518940673
GACATCACACGTCGGT-1,Endo CLDN5 SLC7A5,0.41617843952617106
GACATCACACTTTAGG-1,Oligo MOG OPALIN,0.8725520885057818
GACCAATAGACAACAT-1,Endo CLDN5 SLC7A5,0.9963007061771652
GACCAATGTCGTTTCC-1,Endo CLDN5 SLC7A5,0.6701626321764642
GACCCAGGTTTGGGAG-1,Endo CLDN5 SLC7A5,0.9540857705180328
GACCCTTGTCGCACAC-1,Endo CLDN5 SLC7A5,0.989867692991455
GACCCTTGTTCGAACT-1,Endo CLDN5 SLC7A5,0.9204175770642378
GACCCTTTCTGTCAGA-1,Endo CLDN5 SLC7A5,0.9355943017947862
GACCGTGCAAGGTCTT-1,Endo CLDN5 SLC7A5,0.7357550720180119
GACCGTGCAGCGTACC-1,Endo CLDN5 SLC7A5,0.7918066717476595
GACCGTGGTCCGGATC-1,Oligo MOG OPALIN,0.9040246767368255
GACCGTGGTCTTAGTG-1,Endo CLDN5 SLC7A5,0.42864096476187724
GACCGTGGTGTGAGCA-1,Endo CLDN5 SLC7A5,0.9973638116845114
GACCTTCAGGTACCTT-1,Oligo MOG OPALIN,0.9897174357008998
GACCTTCTCCATGATG-1,Endo CLDN5 SLC7A5,0.37755448365190236
GACCTTCTCGGTAGGA-1,Endo CLDN5 SLC7A5,0.6281670192253382
GACCTTCTCGTGGTAT-1,Endo CLDN5 SLC7A5,0.7743492602600166
GACGCTGAGCCAAGGT-1,Endo CLDN5 SLC7A5,0.8735425800284644
GACGCTGAGCCGTTGC-1,Oligo MOG OPALIN,0.4537904819979033
GACGCTGAGCGTACAG-1,Endo CLDN5 SLC7A5,0.9891338806474763
GACGCTGAGGCGCTCT-1,Endo CLDN5 SLC7A5,0.9472030797940922
GACGCTGGTCATCACA-1,Endo CLDN5 SLC7A5,0.5423800335400848
GACGCTGGTTGTCATG-1,Endo CLDN5 SLC7A5,0.9658308681801945
GACGTTAAGATGCGAC-1,Endo CLDN5 SLC7A5,0.7860252789413951
GACGTTACACACGCCA-1,Oligo MOG OPALIN,0.6956547590170329
GACGTTACACGATTCA-1,Oligo MOG OPALIN,0.9996273285652347
GACTATGAGAGAAGGT-1,Endo CLDN5 SLC7A5,0.9956390047918712
GACTATGGTAACGCGA-1,Endo CLDN5 SLC7A5,0.9600853853564575
GACTATGGTCGATTAC-1,Endo CLDN5 SLC7A5,0.9619681626034979
GACTATGGTTTGTTCT-1,Oligo MOG OPALIN,0.8352245522336165
GACTATGTCTCTATAC-1,Endo CLDN5 SLC7A5,0.9197227680246707
GACTATGTCTGGGCCA-1,Oligo MOG OPALIN,0.7470043368015933
GACTCAACAGCACGAA-1,Endo CLDN5 SLC7A5,0.43277860329814927
GACTCAAGTCACCGCA-1,Endo CLDN5 SLC7A5,0.9199012385821319
GACTCAAGTGCCGTTG-1,Endo CLDN5 SLC7A5,0.42308032581652505
GACTCAATCCGACATA-1,Endo CLDN5 SLC7A5,0.9960273210433143
GACTCAATCGTCGGGT-1,Endo CLDN5 SLC7A5,0.9988381033195427
GACTCAATCTCCCATG-1,Endo CLDN5 SLC7A5,0.9740211134805169
GACTCTCAGCCTTTCC-1,Oligo MOG OPALIN,0.9829956826355566
GACTCTCCAGAAGTTA-1,Endo CLDN5 SLC7A5,0.9468049409962697
GACTCTCGTTGCATGT-1,Micro P2RY12 APBB1IP,0.9957534149945311
GACTCTCTCTACGGGC-1,Endo CLDN5 SLC7A5,0.6013225968842592
GACTGATAGGTCCCGT-1,Endo CLDN5 SLC7A5,0.65290587719977
GACTGATAGTAACAGT-1,PC P2RY14 GRM8,0.999504841011702
GACTGATAGTGAGCCA-1,Endo CLDN5 SLC7A5,0.47570603480534246
GACTGATCACGAAAGC-1,Endo CLDN5 SLC7A5,0.9344329131163419
GACTGATCATCTAACG-1,Endo CLDN5 SLC7A5,0.6203676832825482
GACTGATGTTATGTCG-1,L2-3 CUX2 ACVR1C THSD7A,0.9996070907980911
GACTGATTCCAATCCC-1,Oligo MOG OPALIN,0.9638554446802147
GACTTCCAGCACCGAA-1,Endo CLDN5 SLC7A5,0.3065634504339291
GACTTCCAGCTGACCC-1,Astro GFAP AQP1,0.39626178756669517
GACTTCCAGGCTGTAG-1,Endo CLDN5 SLC7A5,0.9447839838131354
GACTTCCGTGATGAAT-1,Endo CLDN5 SLC7A5,0.8429627098659023
GAGAAATTCACTGGGC-1,Oligo MOG OPALIN,0.8185543108567961
GAGACCCAGACGCAGT-1,PC P2RY14 GRM8,0.4441729852395187
GAGACCCTCCACCTCA-1,Endo CLDN5 SLC7A5,0.9873789239990998
GAGACTTCAGTAGTGG-1,Endo CLDN5 SLC7A5,0.9109007595031474
GAGAGGTAGTCGCCCA-1,Endo CLDN5 SLC7A5,0.8872122085021585
GAGATGGCACGTGAGA-1,Endo CLDN5 SLC7A5,0.6896846350075766
GAGATGGCAGATCATC-1,Endo CLDN5 SLC7A5,0.996744270842553
GAGATGGCATTACGGT-1,Oligo MOG OPALIN,0.8088523974041237
GAGATGGTCTGACAGT-1,Endo CLDN5 SLC7A5,0.8518167960812714
GAGCCTGCAGGTTCGC-1,Endo CLDN5 SLC7A5,0.8893761510706688
GAGCCTGGTCTGATCA-1,Endo CLDN5 SLC7A5,0.828635221331318
GAGCCTGGTGAATTAG-1,Endo CLDN5 SLC7A5,0.9798278747217393
GAGCCTGGTGACATCT-1,Oligo MOG OPALIN,0.38294756878745884
GAGCCTGGTGGATTTC-1,Oligo MOG OPALIN,0.9921901136188122
GAGCTGCAGAATTCAG-1,Endo CLDN5 SLC7A5,0.7514078642885972
GAGCTGCCAACCACAT-1,Endo CLDN5 SLC7A5,0.5818128528417971
GAGCTGCCAAGTCCAT-1,OPC PDGFRA PCDH15,0.9999999999999591
GAGCTGCCAGGTCCCA-1,Endo CLDN5 SLC7A5,0.9865241155249477
GAGGCAAAGGGACACT-1,Endo CLDN5 SLC7A5,0.562607011808462
GAGGCAAGTATTCCGA-1,Endo CLDN5 SLC7A5,0.5654190661042968
GAGGCAATCCACCTCA-1,Endo CLDN5 SLC7A5,0.3924461354965047
GAGGCAATCTAAGCCA-1,L2-3 CUX2 NTNG1 PALMD,0.6144549573610384
GAGGCCTCATGAATCC-1,Oligo MOG OPALIN,0.9907809999329015
GAGGCCTCATGACTTG-1,Endo CLDN5 SLC7A5,0.3073896121005364
GAGGCCTTCGGTTAGT-1,Oligo MOG OPALIN,0.9889914023751926
GAGGCCTTCGTAGTGT-1,Endo CLDN5 SLC7A5,0.7487624800540255
GAGGGATAGGCAGGTT-1,Endo CLDN5 SLC7A5,0.4603760810383303
GAGGGATCATGAATCC-1,InN SST NPY,0.9916772637709197
GAGGGATGTTAAGTCC-1,Endo CLDN5 SLC7A5,0.9722792634868149
GAGGGATGTTCAGCGC-1,Oligo MOG OPALIN,0.9753082970176113
GAGGGATTCGGTCTGG-1,Oligo MOG OPALIN,0.9850469148654836
GAGGGATTCTAGCAAC-1,Endo CLDN5 SLC7A5,0.7222939669993529
GAGGGATTCTATCCAT-1,Endo CLDN5 SLC7A5,0.536320034091879
GAGGGTAGTGTGCCTG-1,Endo CLDN5 SLC7A5,0.8455144751847845
GAGTCATAGCAGGCAT-1,Endo CLDN5 SLC7A5,0.5832839286869627
GAGTCATGTAGCACAG-1,Endo CLDN5 SLC7A5,0.9905143369318766
GAGTCATTCACTGAAC-1,Endo CLDN5 SLC7A5,0.8061524825558137
GAGTCATTCTAAGGAA-1,Endo CLDN5 SLC7A5,0.5652508598755972
GAGTCTACAAGGCTTT-1,Micro P2RY12 APBB1IP,0.9428283283146556
GAGTCTACAAGTGGAC-1,Oligo MOG OPALIN,0.45657509956986303
GAGTCTAGTCGCAACC-1,Endo CLDN5 SLC7A5,0.5612595928781373
GAGTCTAGTTCTCTCG-1,Endo CLDN5 SLC7A5,0.50761087339053
GAGTGAGAGGGATCAC-1,Endo CLDN5 SLC7A5,0.8589955665855561
GAGTGAGCACTAGTAC-1,Endo CLDN5 SLC7A5,0.9449498155911324
GAGTGAGCATCCGAAT-1,Oligo MOG GSN,0.7960059561689266
GAGTGAGGTCTGTGGC-1,Endo CLDN5 SLC7A5,0.5190228583027878
GAGTGTTAGAAGCTGC-1,Endo CLDN5 SLC7A5,0.37179470923535657
GAGTGTTAGCGTGCCT-1,Endo CLDN5 SLC7A5,0.9919859863863248
GAGTGTTAGGTAGCAC-1,Micro P2RY12 APBB1IP,0.5776400865532981
GAGTGTTAGTGGTTAA-1,Endo CLDN5 SLC7A5,0.7037242126866307
GAGTGTTCAACTGAAA-1,Endo CLDN5 SLC7A5,0.9551904496647411
GAGTGTTCAGAACTCT-1,Endo CLDN5 SLC7A5,0.9652064033992489
GAGTGTTGTATGAGGC-1,Endo CLDN5 SLC7A5,0.5310460135725451
GAGTGTTGTGCCTGAC-1,Oligo MOG GSN,0.9983079167056238
GAGTTACCACAGACGA-1,Endo CLDN5 SLC7A5,0.700468951889527
GAGTTACGTCCATCTC-1,Endo CLDN5 SLC7A5,0.4581543528770444
GAGTTACGTCCCGCAA-1,Oligo MOG OPALIN,0.5763142556296953
GAGTTACTCACCTCAC-1,Oligo MOG OPALIN,0.9904132415373008
GAGTTACTCAGTCATG-1,Endo CLDN5 SLC7A5,0.9180146548848552
GAGTTGTAGCCTTTCC-1,Endo CLDN5 SLC7A5,0.4502101409721267
GAGTTGTGTGGCCCAT-1,Oligo MOG OPALIN,0.5903464773202416
GAGTTGTGTTGGGATG-1,Micro P2RY12 APBB1IP,0.9983514514979589
GAGTTGTTCCATCAGA-1,Endo CLDN5 SLC7A5,0.9504384991850948
GAGTTGTTCCCGAATA-1,L3-5 RORB TNNT2 TSHZ2,0.4154915886336476
GAGTTGTTCTGTGCTC-1,Endo CLDN5 SLC7A5,0.9970506212371247
GAGTTTGAGAGCCATG-1,Oligo MOG OPALIN,0.9700644052425628
GAGTTTGCAAGTTGGG-1,Endo CLDN5 SLC7A5,0.6446885348658041
GAGTTTGGTCACTCAA-1,Endo CLDN5 SLC7A5,0.9691994096164399
GAGTTTGGTTCCAGGC-1,Endo CLDN5 SLC7A5,0.809792533242916
GATAGAATCCGATCGG-1,Endo CLDN5 SLC7A5,0.9868369126968158
GATAGAATCCTGATAG-1,Oligo MOG OPALIN,0.9105110350454714
GATCACAAGATGGCGT-1,Endo CLDN5 SLC7A5,0.8510789676616448
GATCACAAGCTTAAGA-1,Micro P2RY12 APBB1IP,0.3735014689809115
GATCAGTAGGGATGTC-1,Endo CLDN5 SLC7A5,0.5054736062155828
GATCAGTAGTAGGCCA-1,Oligo MOG OPALIN,0.3665182671199336
GATCAGTCACAAATAG-1,Endo CLDN5 SLC7A5,0.9771835609524826
GATCAGTCACGGTGAA-1,Oligo MOG OPALIN,0.38894026420814587
GATCAGTTCGAAGTGG-1,Endo CLDN5 SLC7A5,0.9992161704709345
GATCATGAGTTCACTG-1,Endo CLDN5 SLC7A5,0.8983138558057175
GATCATGCAAGAGTGC-1,Oligo MOG OPALIN,0.5653010233424675
GATCATGCATAGCTGT-1,Endo CLDN5 SLC7A5,0.6790573122348502
GATCCCTAGACTTAAG-1,Oligo MOG OPALIN,0.9999942107076933
GATCCCTAGCGCATCC-1,Endo CLDN5 SLC7A5,0.9038991952716036
GATCCCTCAGGACGAT-1,Oligo MOG OPALIN,0.6802552282119186
GATCCCTTCATGAGAA-1,Endo CLDN5 SLC7A5,0.6350463816007705
GATCCCTTCGTGTTCC-1,Endo CLDN5 SLC7A5,0.5987235760597954
GATCGTAGTACGCTAT-1,Oligo MOG OPALIN,0.32687821005672857
GATCGTAGTGACACGA-1,Oligo MOG OPALIN,0.7887497235174713
GATGACTCAAGGTCTT-1,Endo CLDN5 SLC7A5,0.9793310044712251
GATGACTCACCACATA-1,Endo CLDN5 SLC7A5,0.9480492288041465
GATGACTCATCACCAA-1,Endo CLDN5 SLC7A5,0.9955170726896961
GATGACTGTAATCAAG-1,Endo CLDN5 SLC7A5,0.7425139658494421
GATGACTGTGGACTGA-1,Oligo MOG OPALIN,0.7845837736444722
GATGACTTCGAGATGG-1,Endo CLDN5 SLC7A5,0.9654764124252705
GATGAGGCACCGTCGA-1,Oligo MOG OPALIN,0.5758041477815039
GATGAGGGTCGACGCT-1,Endo CLDN5 SLC7A5,0.9106769390545678
GATGAGGTCCTTCAGC-1,Endo CLDN5 SLC7A5,0.3775688858744265
GATGATCGTTAGGGAC-1,Endo CLDN5 SLC7A5,0.4432478667740329
GATGCTAAGGTACTGG-1,Endo CLDN5 SLC7A5,0.3113341127291466
GATGCTAGTTTACGAC-1,Endo CLDN5 SLC7A5,0.9200598107674581
GATGCTATCCCAGGAC-1,Endo CLDN5 SLC7A5,0.7110019467697956
GATGCTATCCTCTAAT-1,Oligo MOG OPALIN,0.9995100081996618
GATGGAGCACAGTACT-1,Endo CLDN5 SLC7A5,0.9795409256480573
GATGGAGGTCCTCATC-1,Oligo MOG OPALIN,0.9434542147374665
GATGGAGGTCTTGAAC-1,Oligo MOG OPALIN,0.31730352051195393
GATGGAGTCAGGTGTT-1,Endo CLDN5 SLC7A5,0.9429036894707645
GATGTTGAGACGCAGT-1,Oligo MOG OPALIN,0.9959200253825011
GATGTTGAGCGATGGT-1,Oligo MOG OPALIN,0.6348801481976487
GATGTTGAGGAACTCG-1,Endo CLDN5 SLC7A5,0.7332804545900884
GATGTTGCACGGGTAA-1,Endo CLDN5 SLC7A5,0.9835659393788463
GATTCGATCTTCCGTG-1,Oligo MOG OPALIN,0.6968244860150898
GATTGGTAGGGTCTTT-1,Endo CLDN5 SLC7A5,0.7493673864818046
GATTGGTCACAAGGTG-1,Endo CLDN5 SLC7A5,0.8420988296613481
GATTGGTCATCAGCGC-1,Endo CLDN5 SLC7A5,0.5093654712483499
GATTGGTGTCCAGTTA-1,Endo CLDN5 SLC7A5,0.8987121580284858
GATTGGTTCGTGCATA-1,Endo CLDN5 SLC7A5,0.47927697445258277
GATTTCTAGCGAGGAG-1,InN SST FREM1,0.9239091156654505
GATTTCTAGTTCCTGA-1,Endo CLDN5 SLC7A5,0.9955645380794437
GATTTCTGTTTCGTAG-1,Endo CLDN5 SLC7A5,0.9106897230241022
GCAACATCAATAGTAG-1,Oligo MOG OPALIN,0.39702658443990607
GCAACATCACTTGTCC-1,Endo CLDN5 SLC7A5,0.45376978284509095
GCAACATCAGAACTCT-1,L2-3 CUX2 NTNG1 PALMD,0.30283107971988044
GCAACATCATGGCACC-1,Endo CLDN5 SLC7A5,0.6539323471306989
GCAACATGTACCAGAG-1,L2-3 CUX2 NTNG1 PALMD,0.49383250174633514
GCAACATTCAATCTCT-1,Endo CLDN5 SLC7A5,0.7898192959775729
GCAACATTCAGGGATG-1,Endo CLDN5 SLC7A5,0.8741965869078828
GCAACATTCGACGAGA-1,Oligo MOG OPALIN,0.8642765483975373
GCAACCGGTAACGATA-1,Oligo MOG OPALIN,0.5352017429047372
GCAACCGGTCCCTCAT-1,Endo CLDN5 SLC7A5,0.9896101418856131
GCACATACAATACCCA-1,L2-3 CUX2 NTNG1 PALMD,0.35595190759321826
GCACATATCATTGAGC-1,Endo CLDN5 SLC7A5,0.5286736902335354
GCACATATCCATATGG-1,Endo CLDN5 SLC7A5,0.3430000679356213
GCACATATCGGCTGGT-1,Astro GFAP FABP7,0.9980274917518479
GCACGGTCACATTGTG-1,Endo CLDN5 SLC7A5,0.9995386755841649
GCACGTGAGCCTCTGG-1,Oligo MOG OPALIN,0.9414341888875547
GCACGTGCAAGTGCAG-1,L2-3 CUX2 NTNG1 PALMD,0.4793514115827557
GCACGTGCACGTATAC-1,SMC ACTA2 CNN1,0.9998729010029198
GCACGTGGTAAGACCG-1,Oligo MOG OPALIN,0.8380761935289
GCACGTGTCATCCCGT-1,Endo CLDN5 SLC7A5,0.8533819289416948
GCACGTGTCTACCTTA-1,Oligo MOG OPALIN,0.7382844259353217
GCACTAAGTATTCCGA-1,Endo CLDN5 SLC7A5,0.9929804555266619
GCACTAAGTCCTTTGC-1,L2-3 CUX2 NTNG1 PALMD,0.6889579641580408
GCACTAATCCGAGGCT-1,L6 OPRK1 THEMIS RGS6,0.8050514043844951
GCAGCCAAGGCCTTGC-1,Endo CLDN5 SLC7A5,0.3337444555119922
GCAGCCAAGTCGGCCT-1,Endo CLDN5 SLC7A5,0.9988200274528823
GCAGCCAGTATACGGG-1,Oligo MOG OPALIN,0.9999972625947467
GCAGCCAGTCCTACAA-1,Oligo MOG OPALIN,0.6649408039645023
GCAGCTGAGGGAACAA-1,Micro P2RY12 APBB1IP,0.704509030919175
GCAGCTGAGTATTCCG-1,Endo CLDN5 SLC7A5,0.8499462229086052
GCAGCTGCAGCGTAGA-1,Oligo MOG OPALIN,0.889370386761487
GCAGCTGGTTTGAAAG-1,Endo CLDN5 SLC7A5,0.8875973828133049
GCAGGCTAGGGTGAGG-1,Endo CLDN5 SLC7A5,0.450580371348968
GCAGGCTGTGGCGTAA-1,Oligo MOG OPALIN,0.6608071945506069
GCAGTTAAGCTCCATA-1,Endo CLDN5 SLC7A5,0.9921439975649713
GCAGTTACATCCTATT-1,Endo CLDN5 SLC7A5,0.46224312813176205
GCAGTTACATGATAGA-1,Endo CLDN5 SLC7A5,0.9989033446522417
GCAGTTAGTATAATGG-1,Endo CLDN5 SLC7A5,0.8560852766154036
GCAGTTAGTGATTAGA-1,Endo CLDN5 SLC7A5,0.9702437474312762
GCAGTTATCCTACGGG-1,Oligo MOG OPALIN,0.7242158956901792
GCATCGGAGCACACAG-1,Oligo MOG OPALIN,0.8440235952831154
GCATCGGAGTGCCAGA-1,Endo CLDN5 SLC7A5,0.3207115484557934
GCATCGGCATTCGATG-1,Endo CLDN5 SLC7A5,0.9835740115333753
GCATCGGGTGAGTAAT-1,Endo CLDN5 SLC7A5,0.8069600627213828
GCATCGGGTGTGAATA-1,L6 OPRK1 THEMIS RGS6,0.33809550978004277
GCATCGGGTTGGACCC-1,Endo CLDN5 SLC7A5,0.34585944465985563
GCATCGGTCATTGCGA-1,Oligo MOG OPALIN,0.9448018610445477
GCATCGGTCCGTGGGT-1,Endo CLDN5 SLC7A5,0.33304466323420984
GCATCTCCAGCATGCC-1,Endo CLDN5 SLC7A5,0.9985744169144148
GCATCTCTCGACGTCG-1,Endo CLDN5 SLC7A5,0.8090626725015477
GCATCTCTCTACAGGT-1,L2-3 CUX2 NTNG1 PALMD,0.3629195945104498
GCATGATAGGACATCG-1,Endo CLDN5 SLC7A5,0.3163322249754071
GCATGATCAGACATCT-1,Oligo MOG OPALIN,0.9578346387767791
GCATGATGTTGTTGAC-1,Endo CLDN5 SLC7A5,0.6138241005826555
GCATGATTCCCACAGG-1,Endo CLDN5 SLC7A5,0.9966829433978472
GCATTAGGTACATTGC-1,Endo CLDN5 SLC7A5,0.9952064060130025
GCATTAGGTACGGATG-1,Oligo MOG OPALIN,0.35118808005742286
GCATTAGTCGACATCA-1,OPC PDGFRA PCDH15,0.7272250590279682
GCATTAGTCTAGACAC-1,Endo CLDN5 SLC7A5,0.9044135217934482
GCCAACGCAAGCGATG-1,Endo CLDN5 SLC7A5,0.983818867913591
GCCAACGCATACGCAT-1,Oligo MOG OPALIN,0.7295629344361847
GCCAACGGTTTCGCTC-1,Oligo MOG OPALIN,0.5928798383906234
GCCAGCACACATCATG-1,Endo CLDN5 SLC7A5,0.9520426729669773
GCCAGCACACTCAAGT-1,Endo CLDN5 SLC7A5,0.3039838032761646
GCCAGCATCCGGTTCT-1,Endo CLDN5 SLC7A5,0.6865590213661512
GCCAGGTAGCCATATC-1,L2-3 CUX2 ACVR1C THSD7A,0.9987127221405244
GCCAGGTGTAGATTGA-1,Oligo MOG OPALIN,0.4215574973339246
GCCAGTGAGCGCACAA-1,Endo CLDN5 SLC7A5,0.3863510914379064
GCCAGTGCAGTATACC-1,Oligo MOG OPALIN,0.6987175153194981
GCCAGTGGTGATTAGA-1,Endo CLDN5 SLC7A5,0.30657253916928384
GCCATGGCACAATGTC-1,Endo CLDN5 SLC7A5,0.5951367372767159
GCCATGGGTATGGAAT-1,Endo CLDN5 SLC7A5,0.8227676975932615
GCCATGGTCAGCATTG-1,Endo CLDN5 SLC7A5,0.9978016680825452
GCCATGGTCGAGATGG-1,Endo CLDN5 SLC7A5,0.7150331436474497
GCCATTCAGCGGTAGT-1,Oligo MOG OPALIN,0.5384707035807347
GCCATTCCAGCTTCGG-1,Micro P2RY12 APBB1IP,0.826496901294588
GCCATTCTCCGCTTAC-1,Oligo MOG OPALIN,0.9959637198799504
GCCATTCTCTCAAAGC-1,OPC PDGFRA PCDH15,0.9999999999992397
GCCATTCTCTGGCCAG-1,Endo CLDN5 SLC7A5,0.9572019186778474
GCCCAGATCAGGTAAA-1,Oligo MOG OPALIN,0.8188240536344686
GCCCAGATCTTAGCCC-1,Endo CLDN5 SLC7A5,0.34940221226172247
GCCCGAAAGAAGTCAT-1,Endo CLDN5 SLC7A5,0.4732718739223534
GCCCGAACAAGCGAAC-1,Oligo MOG OPALIN,0.3558046148089415
GCCCGAAGTTACTCAG-1,Astro AQP4 SLC1A2,0.6155081857631142
GCCGATGTCCGTATGA-1,Oligo MOG OPALIN,0.8119741363050167
GCCGTGACAACATACC-1,Endo CLDN5 SLC7A5,0.7944056323739146
GCCGTGACACACAGCC-1,Oligo MOG OPALIN,0.9770004161919404
GCCGTGACATCATCCC-1,Endo CLDN5 SLC7A5,0.6638123451593355
GCCGTGAGTCTAATCG-1,InN SST FREM1,0.9999902944763611
GCCGTGAGTGCGCTCA-1,Oligo MOG OPALIN,0.3679895089498435
GCCGTGATCACCGGGT-1,Oligo MOG GSN,0.9999864343833674
GCCGTGATCTTCGTAT-1,Oligo MOG OPALIN,0.5879631844941203
GCCTGTTAGACAACAT-1,L2-3 CUX2 NTNG1 PALMD,0.334571604225915
GCCTGTTAGGCCTGCT-1,Endo CLDN5 SLC7A5,0.9870950035260844
GCCTGTTGTAGCGTAG-1,Endo CLDN5 SLC7A5,0.9956282474778837
GCCTGTTGTTCCATTT-1,Endo CLDN5 SLC7A5,0.9946309476714668
GCGAGAAAGCGTTCAT-1,Oligo MOG OPALIN,0.856585820977777
GCGAGAAAGTGAGTTA-1,Endo CLDN5 SLC7A5,0.32926578444113863
GCGAGAACAAGCTGTT-1,Endo CLDN5 SLC7A5,0.4931585188439143
GCGAGAACAGTATGAA-1,Endo CLDN5 SLC7A5,0.37354886897616457
GCGAGAACATGACTGT-1,Endo CLDN5 SLC7A5,0.8005952528904081
GCGAGAAGTCATCCCT-1,Endo CLDN5 SLC7A5,0.8168195084449148
GCGAGAAGTGCATGAG-1,Endo CLDN5 SLC7A5,0.4097626735260071
GCGAGAAGTTAACCTG-1,Endo CLDN5 SLC7A5,0.9374821574741664
GCGATCGCACGCCACA-1,Oligo MOG OPALIN,0.7918411514757169
GCGATCGGTATCTCGA-1,Endo CLDN5 SLC7A5,0.6017663007473275
GCGATCGTCCGTAATG-1,Oligo MOG OPALIN,0.7693224792226693
GCGGATCCAGCTATTG-1,Endo CLDN5 SLC7A5,0.6524043184668279
GCGGATCTCCATACAG-1,Oligo MOG OPALIN,0.8730072353060532
GCGTGCAAGCCGCTTG-1,Oligo MOG OPALIN,0.8221146106843239
GCGTGCACACCATTCC-1,Oligo MOG OPALIN,0.4315134345248164
GCGTGCAGTTCAGCTA-1,Endo CLDN5 SLC7A5,0.9635935978407106
GCGTGCATCCGTGACG-1,Oligo MOG OPALIN,0.9729531397161266
GCGTGCATCGAGAACG-1,Endo CLDN5 SLC7A5,0.7927875399430055
GCGTTTCAGTGCACTT-1,Endo CLDN5 SLC7A5,0.9801033459436767
GCGTTTCCAAACGGCA-1,Oligo MOG OPALIN,0.6814153462393079
GCGTTTCCACGCTTAA-1,Endo CLDN5 SLC7A5,0.9263930524982524
GCGTTTCCAGCGTGAA-1,Endo CLDN5 SLC7A5,0.9871197744864267
GCGTTTCGTAGTGTGG-1,Oligo MOG OPALIN,0.5886963951952785
GCGTTTCTCATGACAC-1,Endo CLDN5 SLC7A5,0.9935126818478617
GCGTTTCTCGCTTGAA-1,L3-5 RORB GABRG1 PTPRO,0.38682977359547444
GCGTTTCTCTCCAATT-1,Oligo MOG OPALIN,0.9999842067862565
GCTACAAAGGGATCTG-1,Endo CLDN5 SLC7A5,0.9778238706350839
GCTACAACACTTGTCC-1,Oligo MOG OPALIN,0.990160775227036
GCTACAAGTCTTTCAT-1,Endo CLDN5 SLC7A5,0.9972575855129846
GCTACAAGTGCCCACA-1,Oligo MOG GSN,0.9942687404633146
GCTACAATCGAACCAT-1,Endo CLDN5 SLC7A5,0.9318741542800374
GCTACCTGTGCCTACG-1,Oligo MOG OPALIN,0.5409046779022987
GCTACCTTCTACACTT-1,Endo CLDN5 SLC7A5,0.3450282456316612
GCTACCTTCTCCGAGG-1,Oligo MOG GSN,0.5523867967567432
GCTACCTTCTCTTGCG-1,Oligo MOG OPALIN,0.9842014181449816
GCTCAAAAGACGCAGT-1,L3-5 RORB MKX GRIN3A,0.5956571671277577
GCTCAAAAGGTAAGTT-1,Endo CLDN5 SLC7A5,0.9821941855297092
GCTCAAACAAGTCGTT-1,Endo CLDN5 SLC7A5,0.3924111399758202
GCTCAAACAGTCGAGA-1,Endo CLDN5 SLC7A5,0.9286930626888126
GCTCAAATCTTGCAAG-1,Oligo MOG OPALIN,0.9426964902898936
GCTCAAATCTTTGCGC-1,Oligo MOG OPALIN,0.5813109353662783
GCTGAATAGCGTATAA-1,Endo CLDN5 SLC7A5,0.5847736072217097
GCTGAATAGTCACACT-1,Endo CLDN5 SLC7A5,0.5519933558935843
GCTGAATCACCAACAT-1,Endo CLDN5 SLC7A5,0.38375332677284074
GCTGAATCACTAACGT-1,Endo CLDN5 SLC7A5,0.9232951028788833
GCTGAATCAGCTATTG-1,L2-3 CUX2 ACVR1C THSD7A,0.38864712641681803
GCTGAATGTCACATTG-1,L2-3 CUX2 NTNG1 PALMD,0.681923828515384
GCTGAATGTTCGAACT-1,Oligo MOG GSN,0.9894182235606432
GCTGAATGTTTCGACA-1,Oligo MOG OPALIN,0.6510062193362531
GCTGAATTCATACGAC-1,L2-3 CUX2 NTNG1 PALMD,0.6387379712217267
GCTGAATTCTCTCGAC-1,Oligo MOG OPALIN,0.9999413861919197
GCTGCAGAGTAACGTA-1,Astro GFAP AQP1,0.4384630195962055
GCTGCAGGTAGGGTAC-1,Endo CLDN5 SLC7A5,0.6054975824448433
GCTGCAGTCAGAGCAG-1,Oligo MOG OPALIN,0.3874666733036423
GCTGGGTCAAGCGCAA-1,OPC PDGFRA PCDH15,0.9999999999974045
GCTGGGTCAAGGTCTT-1,Endo CLDN5 SLC7A5,0.5668821675556299
GCTGGGTCATGTCGTA-1,Endo CLDN5 SLC7A5,0.8711931989548417
GCTGGGTTCTAACGGT-1,Endo CLDN5 SLC7A5,0.9974241100580225
GCTTCACAGCTCCGAC-1,L3-5 RORB MKX DCC,0.9823007174567759
GCTTCACGTGCGTCGT-1,Endo CLDN5 SLC7A5,0.7375384366928354
GCTTCACTCGCGTCGA-1,Endo CLDN5 SLC7A5,0.6921963278565324
GCTTGGGCAACAGTGG-1,Oligo MOG OPALIN,0.3959986567641389
GCTTGGGCACTGGATT-1,Oligo MOG OPALIN,0.9957201972680776
GCTTTCGGTAGGCTGA-1,Oligo MOG OPALIN,0.5884894498718901
GCTTTCGTCTCCCAAC-1,Endo CLDN5 SLC7A5,0.8693702441488316
GGAACCCCACAGCCTG-1,Endo CLDN5 SLC7A5,0.3488594120485036
GGAACCCCAGAGGTTG-1,Endo CLDN5 SLC7A5,0.996589290539175
GGAACCCTCCAAAGGG-1,Endo CLDN5 SLC7A5,0.9964842595196096
GGAAGTGCAGGAATAT-1,Oligo MOG OPALIN,0.9985353762005201
GGAATCTAGCCGCACT-1,L3-5 RORB MKX GRIN3A,0.8809926210630362
GGAATCTCAACACAGG-1,Oligo MOG OPALIN,0.3105662210791835
GGAATCTCACCGCTGA-1,Endo CLDN5 SLC7A5,0.9919780469787727
GGAATCTGTCCTACGG-1,Endo CLDN5 SLC7A5,0.3324162439812155
GGAATCTTCAGACTGT-1,Endo CLDN5 SLC7A5,0.7678939910808346
GGAATCTTCATCACAG-1,Endo CLDN5 SLC7A5,0.8515593920559055
GGAATCTTCCGCACGA-1,Endo CLDN5 SLC7A5,0.6156649898745188
GGAATGGCAAATCGGG-1,Endo CLDN5 SLC7A5,0.9649027490794443
GGAATGGGTCTCCCTA-1,Endo CLDN5 SLC7A5,0.8977353265519296
GGACGTCCAAGATTGA-1,Oligo MOG OPALIN,0.568511541494997
GGACGTCGTCTCAAGT-1,Endo CLDN5 SLC7A5,0.4446045628820787
GGACGTCGTGATTGGG-1,Oligo MOG OPALIN,0.9779836055885044
GGAGAACAGCGTTACT-1,Oligo MOG OPALIN,0.9994044487567796
GGAGAACAGGGACAGG-1,Endo CLDN5 SLC7A5,0.8455187189033817
GGAGAACCAACTCGAT-1,Endo CLDN5 SLC7A5,0.8830238633315824
GGAGAACCACGGCCAT-1,Endo CLDN5 SLC7A5,0.9615630043761999
GGAGAACCAGGGCTTC-1,L6 OPRK1 THEMIS RGS6,0.9893145835661756
GGAGAACGTCAGCTTA-1,Endo CLDN5 SLC7A5,0.9592773412831824
GGAGAACGTTTGTTGG-1,Endo CLDN5 SLC7A5,0.9906922164724294
GGAGAACTCCTTCTAA-1,Micro P2RY12 APBB1IP,0.8582069025635117
GGAGATGCAAGTTGGG-1,Oligo MOG OPALIN,0.7138326131828117
GGAGATGCATCAGTGT-1,Endo CLDN5 SLC7A5,0.9985980222314642
GGAGATGGTGGATACG-1,Oligo MOG OPALIN,0.5597273169105925
GGAGATGTCGCTATTT-1,Oligo MOG OPALIN,0.39736541348903626
GGAGCAAAGAAATCCA-1,Endo CLDN5 SLC7A5,0.7914577971705333
GGAGCAAAGCGATGCA-1,Endo CLDN5 SLC7A5,0.33797774725957813
GGAGCAAAGCTGCCTG-1,Endo CLDN5 SLC7A5,0.422159107325206
GGAGCAACACGCTTAA-1,Endo CLDN5 SLC7A5,0.6227136684234847
GGAGCAAGTGAGTAGC-1,Endo CLDN5 SLC7A5,0.8323758187728229
GGAGCAAGTGCGTGCT-1,Endo CLDN5 SLC7A5,0.9015287305875482
GGAGCAAGTTCGGACC-1,Oligo MOG OPALIN,0.7921569368799564
GGAGGATCAGGTTTAC-1,Oligo MOG OPALIN,0.8606676499224343
GGAGGATTCATTTGTC-1,Oligo MOG OPALIN,0.3185309372735399
GGAGGATTCTCAACGA-1,Endo CLDN5 SLC7A5,0.4526546021655343
GGAGGTACACCAGCCA-1,Endo CLDN5 SLC7A5,0.9473596064478311
GGAGGTACATACAGAA-1,Endo CLDN5 SLC7A5,0.573099762246591
GGAGGTATCAGTGGGA-1,Endo CLDN5 SLC7A5,0.3297618236356783
GGATCTACACTACCGG-1,Endo CLDN5 SLC7A5,0.9953664389717961
GGATCTAGTTAACAGA-1,Oligo MOG OPALIN,0.7363637879931145
GGATCTATCAGTCATG-1,Endo CLDN5 SLC7A5,0.9307778971624973
GGATCTATCCATCAGA-1,Oligo MOG OPALIN,0.8704981331556886
GGATCTATCGACGACC-1,Oligo MOG OPALIN,0.8917940551893248
GGATGTTAGATTAGCA-1,Endo CLDN5 SLC7A5,0.6871418998654084
GGATGTTAGTTCCATG-1,Oligo MOG OPALIN,0.5958188689729346
GGATGTTTCCTTCTTC-1,Oligo MOG OPALIN,0.7767847247593961
GGATGTTTCTAAACGC-1,Endo CLDN5 SLC7A5,0.4618860612565374
GGCACGTAGCCTGGAA-1,Endo CLDN5 SLC7A5,0.6565273990597501
GGCACGTAGGTAATCA-1,Endo CLDN5 SLC7A5,0.37706408643563155
GGCACGTAGGTCATTC-1,Endo CLDN5 SLC7A5,0.7946322859976735
GGCACGTCAGTGACCC-1,InN VIP HS3ST3B1,0.9311531724701416
GGCACGTTCATGAGTC-1,Oligo MOG OPALIN,0.4598679069193231
GGCACGTTCGCATTAG-1,Endo CLDN5 SLC7A5,0.914417765126634
GGCAGTCAGGCTGAAC-1,Oligo MOG OPALIN,0.9999975787692572
GGCAGTCCAGCATCTA-1,Endo CLDN5 SLC7A5,0.7857374396009563
GGCAGTCGTCTCTCCA-1,Oligo MOG OPALIN,0.9997180168541926
GGCGTCAAGGCCTGCT-1,Oligo MOG OPALIN,0.9910146885525428
GGCGTCACACGAAGAC-1,Endo CLDN5 SLC7A5,0.5242823755484322
GGCGTCACATTGCCTC-1,Endo CLDN5 SLC7A5,0.3654441800499371
GGCGTCATCAGCTTGA-1,Oligo MOG OPALIN,0.7830684614407297
GGCGTCATCCACTAGA-1,Endo CLDN5 SLC7A5,0.4435877265595517
GGCTGTGCAAGTTGGG-1,Endo CLDN5 SLC7A5,0.9961445800709727
GGCTGTGCAGCAAGAC-1,Macro F13A1 COLEC12,0.9999999875081585
GGCTGTGCATTGTGCA-1,Astro GFAP AQP1,0.8994765171022916
GGCTGTGGTATCCTCC-1,L2-3 CUX2 NTNG1 PALMD,0.3961941657432656
GGCTGTGTCGCTTACC-1,Endo CLDN5 SLC7A5,0.3175429165955572
GGCTTGGAGCCTCATA-1,Oligo MOG OPALIN,0.9910941961272367
GGCTTGGAGTGGACTG-1,L2-3 CUX2 NTNG1 PALMD,0.36995694065264007
GGCTTGGCAAACGTGG-1,Endo CLDN5 SLC7A5,0.5205489819690723
GGCTTTCAGATTTGCC-1,Oligo MOG OPALIN,0.6661739375051604
GGCTTTCAGCCTCTCT-1,Oligo MOG OPALIN,0.9246871850060486
GGCTTTCCAACGCCCA-1,Oligo MOG OPALIN,0.5526304977442343
GGCTTTCGTACGAGTG-1,Endo CLDN5 SLC7A5,0.6948451333256337
GGCTTTCTCACCATAG-1,OPC PDGFRA PCDH15,0.9999999999999911
GGCTTTCTCTCCTGCA-1,L2-3 CUX2 NTNG1 PALMD,0.9935579988296387
GGGACAACAGTGGGTA-1,Endo CLDN5 SLC7A5,0.9073302726600163
GGGACAAGTTCCTAGA-1,Endo CLDN5 SLC7A5,0.9934109040318225
GGGACAATCGCTGCGA-1,Endo CLDN5 SLC7A5,0.752179745595898
GGGACCTAGGAGGTTC-1,Oligo MOG GSN,0.9915423772507499
GGGACCTCAGGCTATT-1,Micro P2RY12 APBB1IP,0.4906588575150719
GGGACCTGTGTGGACA-1,Oligo MOG OPALIN,0.38430981079618387
GGGACCTTCAGCTGAT-1,Oligo MOG OPALIN,0.9931191301571943
GGGACTCAGATGGGCT-1,Endo CLDN5 SLC7A5,0.5508104314015564
GGGACTCCATGGAGAC-1,Oligo MOG OPALIN,0.9996119702041774
GGGACTCTCAGCTTGA-1,Oligo MOG OPALIN,0.9861709580429816
GGGAGATGTAGCTGCC-1,Oligo MOG OPALIN,0.5058625046986918
GGGAGATGTCTAGATC-1,Endo CLDN5 SLC7A5,0.6945136468162241
GGGAGATTCCAAAGGG-1,Oligo MOG OPALIN,0.9953511405324712
GGGAGATTCGTACCTC-1,Endo CLDN5 SLC7A5,0.6971074421907377
GGGAGATTCTACTATC-1,Endo CLDN5 SLC7A5,0.5811822744784626
GGGAGTAAGCTGAAGC-1,Oligo MOG OPALIN,0.9257200404120585
GGGAGTACACCAGTAT-1,Endo CLDN5 SLC7A5,0.9037786697615771
GGGAGTAGTCCTATAG-1,Endo CLDN5 SLC7A5,0.576456338041238
GGGAGTATCCGAGAAG-1,Micro P2RY12 APBB1IP,0.6543446252832703
GGGATCCAGGGTGGGA-1,Endo CLDN5 SLC7A5,0.9834957889945608
GGGATCCCACATAGCT-1,Oligo MOG OPALIN,0.5136528197652421
GGGATCCCACCGTCTT-1,Endo CLDN5 SLC7A5,0.8518399936609412
GGGATCCCAGACAAGC-1,Oligo MOG OPALIN,0.6411959633354863
GGGATCCGTACAAAGT-1,Endo CLDN5 SLC7A5,0.9989587332188777
GGGATCCGTGATACAA-1,Endo CLDN5 SLC7A5,0.5028374396469457
GGGATCCTCATCTACT-1,Endo CLDN5 SLC7A5,0.8482813778871268
GGGATCCTCTTCGCTG-1,Endo CLDN5 SLC7A5,0.7320542953933082
GGGATGAAGTTTGTCG-1,Oligo MOG OPALIN,0.6950206761940345
GGGATGACACCATAAC-1,Endo CLDN5 SLC7A5,0.9902614152108075
GGGATGACAGCTACTA-1,Endo CLDN5 SLC7A5,0.7207292309803127
GGGATGAGTGTGCTTA-1,Endo CLDN5 SLC7A5,0.6255322150203281
GGGATGATCGAACCTA-1,Oligo MOG OPALIN,0.36237659198087724
GGGATGATCTCAAAGC-1,Oligo MOG OPALIN,0.9924901253427524
GGGCCATAGACTCAAA-1,Endo CLDN5 SLC7A5,0.6274572622326545
GGGCCATGTGTTGATC-1,Endo CLDN5 SLC7A5,0.43090029821741593
GGGCCATTCAGATGCT-1,L3-5 RORB MKX GRIN3A,0.9625051936001525
GGGCCATTCCTGCTAC-1,Oligo MOG OPALIN,0.7338508584033835
GGGCGTTAGCCATGCC-1,Endo CLDN5 SLC7A5,0.993770535187742
GGGCGTTCAAAGGGCT-1,Oligo MOG OPALIN,0.3823656006550677
GGGCGTTCAGCTCATA-1,Endo CLDN5 SLC7A5,0.9952394870540486
GGGCGTTGTCGACTGC-1,Endo CLDN5 SLC7A5,0.8753431981080625
GGGCGTTGTCTGTGAT-1,Oligo MOG OPALIN,0.3938992751043984
GGGCGTTTCCGCTAGG-1,Endo CLDN5 SLC7A5,0.8539256184514862
GGGCTACAGCCTCCAG-1,Endo CLDN5 SLC7A5,0.930463142029813
GGGCTACCAGCAGATG-1,Endo CLDN5 SLC7A5,0.43602705136223097
GGGCTACCAGCCTATA-1,Endo CLDN5 SLC7A5,0.9742146678627572
GGGCTACGTGACACGA-1,Endo CLDN5 SLC7A5,0.5537184169514782
GGGCTCACAAATCAAG-1,Oligo MOG OPALIN,0.9179931334997403
GGGCTCAGTGGAAATT-1,Oligo MOG OPALIN,0.43638011574594965
GGGCTCATCCGTCCTA-1,Oligo MOG OPALIN,0.9989911758708654
GGGTAGAAGGGAGGGT-1,Endo CLDN5 SLC7A5,0.9992605669890701
GGGTAGACACGAGGAT-1,Endo CLDN5 SLC7A5,0.9908408894449714
GGGTATTAGACCTCCG-1,Endo CLDN5 SLC7A5,0.9991343174323255
GGGTATTCACTCTGCT-1,Endo CLDN5 SLC7A5,0.45933251954240323
GGGTATTGTAGGTACG-1,Endo CLDN5 SLC7A5,0.7149939442016611
GGGTATTGTCACTGAT-1,Endo CLDN5 SLC7A5,0.5157971250543106
GGGTATTTCATGCATG-1,Endo CLDN5 SLC7A5,0.9938403949800784
GGGTCACGTAGGTTTC-1,Oligo MOG OPALIN,0.5368020027375512
GGGTCACTCATTCCTA-1,Endo CLDN5 SLC7A5,0.9913010270599611
GGGTCTGCAGCGTTTA-1,Endo CLDN5 SLC7A5,0.8335791805697674
GGGTCTGTCTGAGGCC-1,Endo CLDN5 SLC7A5,0.4873777190168086
GGGTGAAGTGTTTACG-1,Endo CLDN5 SLC7A5,0.9273054020596516
GGGTGTCAGTATTAGG-1,Endo CLDN5 SLC7A5,0.7388511829834911
GGGTGTCCAACTTGGT-1,Endo CLDN5 SLC7A5,0.6086301921413392
GGGTGTCCACCGGAAA-1,Oligo MOG OPALIN,0.7288896176452166
GGGTTATCAATAGAGT-1,Oligo MOG OPALIN,0.969940298874399
GGGTTATGTCAGGAGT-1,Endo CLDN5 SLC7A5,0.5848244354960415
GGGTTATTCGTTGTTT-1,Endo CLDN5 SLC7A5,0.8513514108360731
GGGTTTAGTCTCGGGT-1,L2-3 CUX2 ACVR1C INHBA,0.6105597503773216
GGTAACTAGTGGTGGT-1,Oligo MOG OPALIN,0.9218806559046748
GGTAACTCAAACTAAG-1,Endo CLDN5 SLC7A5,0.35969617493693956
GGTAACTTCCACGGAC-1,Oligo MOG GSN,0.9843450890241673
GGTAATCGTTTGACAC-1,PC P2RY14 GRM8,0.998317365379908
GGTAATCTCACGGGAA-1,Oligo MOG OPALIN,0.7884596373748876
GGTAGAGAGACTCTAC-1,Endo CLDN5 SLC7A5,0.9971194982827543
GGTCACGCACGACCTG-1,Endo CLDN5 SLC7A5,0.8415301776216659
GGTCACGCATTGAAAG-1,Endo CLDN5 SLC7A5,0.3734921164077726
GGTCACGTCGGCTTGG-1,Oligo MOG OPALIN,0.412245290238217
GGTCTGGAGCTCTGTA-1,Oligo MOG OPALIN,0.9930360510081159
GGTCTGGAGGCCACCT-1,Endo CLDN5 SLC7A5,0.9868065221978356
GGTCTGGCAAGTTCCA-1,Oligo MOG OPALIN,0.962835245777033
GGTCTGGCAATCGCAT-1,Endo CLDN5 SLC7A5,0.8347487294411534
GGTCTGGCAGGACGAT-1,Endo CLDN5 SLC7A5,0.5966615192303355
GGTGAAGCAAGAAACT-1,Endo CLDN5 SLC7A5,0.8383401819675742
GGTGAAGCAGCACCCA-1,Endo CLDN5 SLC7A5,0.4071835414071604
GGTGAAGGTCTATGAC-1,Oligo MOG OPALIN,0.6844834486379927
GGTGAAGTCGTTGTTT-1,Endo CLDN5 SLC7A5,0.46327099256189597
GGTGATTAGACCACGA-1,Endo CLDN5 SLC7A5,0.9844027493451843
GGTGATTAGTTTGCTG-1,Oligo MOG OPALIN,0.3918392300506482
GGTGATTTCTCGTTTA-1,Endo CLDN5 SLC7A5,0.9489700973429781
GGTGGCTTCCATTGGA-1,Endo CLDN5 SLC7A5,0.9574587828418294
GGTGGCTTCTCCCTAG-1,Endo CLDN5 SLC7A5,0.9923756143197493
GGTGTCGGTGCGGATA-1,L2-4 CUX2 RORB CLMN,0.5561790385815042
GGTGTCGTCGCGCTGA-1,Endo CLDN5 SLC7A5,0.5435151658902357
GGTGTTACACAATTCG-1,Oligo MOG OPALIN,0.9940324421001265
GGTGTTACACCTCTAC-1,Endo CLDN5 SLC7A5,0.9860826566377705
GGTGTTAGTCGACTGC-1,Endo CLDN5 SLC7A5,0.9683094809570437
GGTGTTAGTCTTGAAC-1,Endo CLDN5 SLC7A5,0.996925547814533
GGTGTTAGTCTTGCTC-1,Endo CLDN5 SLC7A5,0.9924370179621442
GGTGTTAGTGTTGATC-1,Endo CLDN5 SLC7A5,0.4515346039004348
GGTGTTAGTTGTGCCG-1,Endo CLDN5 SLC7A5,0.5714429525938763
GGTTAACAGCAATAGT-1,Endo CLDN5 SLC7A5,0.6910017531703444
GGTTAACAGGGCTTCC-1,Endo CLDN5 SLC7A5,0.6555750147071866
GGTTCTCGTCATTCCC-1,Endo CLDN5 SLC7A5,0.9906930979572843
GGTTCTCTCGACATAC-1,L2-3 CUX2 ACVR1C INHBA,0.44651823790425155
GGTTGTAAGGAGGTTC-1,Endo CLDN5 SLC7A5,0.4624803807135679
GGTTGTACAGATGCGA-1,Astro GFAP AQP1,0.9958565996291749
GGTTGTATCGAGAATA-1,Endo CLDN5 SLC7A5,0.9903761346643849
GTAACACGTCTGGTTA-1,Endo CLDN5 SLC7A5,0.8993163897857779
GTAACACTCCACAGGC-1,L2-3 CUX2 NTNG1 PALMD,0.4200854079226716
GTAACACTCCTCGCAT-1,Endo CLDN5 SLC7A5,0.9732063870499379
GTAACCACACTTGGGC-1,Endo CLDN5 SLC7A5,0.49915362319111956
GTAACCATCATATGGC-1,Endo CLDN5 SLC7A5,0.8537746373606238
GTAACCATCATTTGTC-1,Endo CLDN5 SLC7A5,0.7052340139157889
GTAACCATCGAGGCAA-1,Endo CLDN5 SLC7A5,0.8286388719657826
GTAAGTCAGCGATGGT-1,Endo CLDN5 SLC7A5,0.6390177174933018
GTAAGTCAGCTGGTGA-1,Endo CLDN5 SLC7A5,0.8534927850494989
GTAAGTCGTAACATAG-1,Endo CLDN5 SLC7A5,0.9957496951349468
GTAAGTCGTATGGAAT-1,Endo CLDN5 SLC7A5,0.9064303247397282
GTAATCGCACGCGCAT-1,Endo CLDN5 SLC7A5,0.883190209022596
GTAATCGGTTCAAAGA-1,Endo CLDN5 SLC7A5,0.996889618361307
GTAATCGTCCTCTCTT-1,Endo CLDN5 SLC7A5,0.97513418994885
GTAATGCCATCGTGCG-1,Oligo MOG OPALIN,0.7847470595032615
GTAATGCGTCGAGTTT-1,Endo CLDN5 SLC7A5,0.5969212351664916
GTAATGCGTGTTACAC-1,Oligo MOG OPALIN,0.9602270193966326
GTAATGCTCTTCCACG-1,Oligo MOG OPALIN,0.5355230493172481
GTACAACAGTGGACTG-1,Endo CLDN5 SLC7A5,0.47537082687916216
GTACAACGTCACTGAT-1,Oligo MOG OPALIN,0.6981596889770414
GTACAACTCGGAGCAA-1,Oligo MOG OPALIN,0.3462802118616925
GTACAGTAGCCTCATA-1,Endo CLDN5 SLC7A5,0.9968902456722839
GTACAGTCAAATCAGA-1,Oligo MOG OPALIN,0.9802322640155717
GTACAGTCAATTGAAG-1,Oligo MOG OPALIN,0.35248651743070936
GTACAGTCACGGTGAA-1,Endo CLDN5 SLC7A5,0.9989816022452627
GTACAGTGTCGCGGTT-1,Oligo MOG OPALIN,0.9999780658459149
GTAGAAAAGCGATTCT-1,L6 OPRK1 THEMIS RGS6,0.8880785423238305
GTAGAAAAGGTCGTCC-1,L3-5 RORB GABRG1 PTPRO,0.37773822495090614
GTAGAAAGTGTAGCAG-1,Endo CLDN5 SLC7A5,0.4571517339354326
GTAGAGGTCCTAACAG-1,Endo CLDN5 SLC7A5,0.9424290596666641
GTAGATCAGTCGCCAC-1,Endo CLDN5 SLC7A5,0.9968124126678355
GTAGATCTCTAGCCTC-1,Oligo MOG OPALIN,0.99999982813522
GTAGATCTCTCCCATG-1,Endo CLDN5 SLC7A5,0.9299917017346837
GTAGATCTCTCTATAC-1,Oligo MOG OPALIN,0.7114981486542893
GTAGCTACAAGACAAT-1,OPC PDGFRA PCDH15,0.9999999999934399
GTAGCTAGTCTAGGTT-1,Endo CLDN5 SLC7A5,0.5935122070092242
GTAGCTAGTTCGGTCG-1,Oligo MOG OPALIN,0.8095839517965823
GTAGGAGAGTTGAAAC-1,Endo CLDN5 SLC7A5,0.6796045963608967
GTAGGAGGTAACAAGT-1,Endo CLDN5 SLC7A5,0.4011224694907745
GTAGGAGGTTCTCTAT-1,Endo CLDN5 SLC7A5,0.8627695492145656
GTAGGTTAGTTGGCTT-1,Oligo MOG OPALIN,0.8610344307202727
GTAGGTTCAACTAGAA-1,Endo CLDN5 SLC7A5,0.9892950465430044
GTAGGTTCACGGAAGT-1,Endo CLDN5 SLC7A5,0.9091326950701929
GTAGGTTCAGCCATTA-1,Endo CLDN5 SLC7A5,0.9497725336182619
GTAGGTTTCCGCTAGG-1,Endo CLDN5 SLC7A5,0.989636393911064
GTAGTACAGGGTAGCT-1,Endo CLDN5 SLC7A5,0.9968223983322446
GTAGTACCACGTGTGC-1,Oligo MOG OPALIN,0.9998273050579961
GTAGTACCAGCAGGAT-1,Endo CLDN5 SLC7A5,0.9123568076318668
GTAGTACCAGCTTCCT-1,Oligo MOG OPALIN,0.9057314251429618
GTAGTACGTATCGAAA-1,Endo CLDN5 SLC7A5,0.5747923477811301
GTAGTACGTGTCATGT-1,Endo CLDN5 SLC7A5,0.8679628590647115
GTAGTACTCCACACAA-1,Endo CLDN5 SLC7A5,0.7578395890104679
GTAGTACTCGTGCTCT-1,Endo CLDN5 SLC7A5,0.3206235439572742
GTATTGGCAACCGCTG-1,Endo CLDN5 SLC7A5,0.6487286395716095
GTATTGGCAATTGCCA-1,Endo CLDN5 SLC7A5,0.891073052839693
GTATTGGGTATAGCTC-1,Endo CLDN5 SLC7A5,0.8362100735542939
GTATTGGTCGTTGTAG-1,Oligo MOG OPALIN,0.6591123546315947
GTATTTCGTGCCTACG-1,Oligo MOG OPALIN,0.7431987977953395
GTCAAACAGTAAGGGA-1,Endo CLDN5 SLC7A5,0.5901738663083465
GTCAAACGTGAGAACC-1,Oligo MOG OPALIN,0.95846906959286
GTCAAACGTTCCATTT-1,Endo CLDN5 SLC7A5,0.6319352457842277
GTCAAACTCAGGCGAA-1,Endo CLDN5 SLC7A5,0.8485183687749469
GTCAAACTCTACCACC-1,Endo CLDN5 SLC7A5,0.36310911558074094
GTCAAGTGTACATACC-1,Endo CLDN5 SLC7A5,0.9175475924370784
GTCAAGTGTCATCAGT-1,Endo CLDN5 SLC7A5,0.986014349130449
GTCACGGAGCAAACAT-1,Endo CLDN5 SLC7A5,0.9267752025990732
GTCACGGCAACGGGTA-1,Endo CLDN5 SLC7A5,0.9801205075202101
GTCACGGGTCAGATTC-1,Endo CLDN5 SLC7A5,0.3595075205607449
GTCACGGGTGGCTGAA-1,Oligo MOG OPALIN,0.9990480882706221
GTCACGGGTGGGCTCT-1,Oligo MOG OPALIN,0.6036678723370841
GTCAGCGTCATCGCCT-1,OPC PDGFRA PCDH15,0.9291955295731199
GTCAGCGTCCACCCTA-1,Endo CLDN5 SLC7A5,0.7273783263901912
GTCATCCAGATGTTAG-1,Endo CLDN5 SLC7A5,0.7276466375447259
GTCATCCCATAGAGGC-1,Endo CLDN5 SLC7A5,0.6494622007290968
GTCATCCGTGGACCAA-1,Endo CLDN5 SLC7A5,0.7721934758901778
GTCATCCTCTTGCAGA-1,Endo CLDN5 SLC7A5,0.9235403663547049
GTCATGAGTCGCAACC-1,InN ADARB2 PALMD,0.8485404058108115
GTCATGAGTTAGGCTT-1,Astro AQP4 SLC1A2,0.9967945596245039
GTCATGAGTTCCTAGA-1,Oligo MOG OPALIN,0.3046247825631753
GTCATGATCTCCAATT-1,Endo CLDN5 SLC7A5,0.949669351437143
GTCATTTAGAGTATAC-1,Endo CLDN5 SLC7A5,0.3177190547002501
GTCATTTAGCGTGTTT-1,Endo CLDN5 SLC7A5,0.7383722104221249
GTCATTTAGGTGATAT-1,Endo CLDN5 SLC7A5,0.9330384594050397
GTCATTTAGGTTACAA-1,Oligo MOG OPALIN,0.8975990711076757
GTCATTTAGTTAGTAG-1,Oligo MOG OPALIN,0.999945522788224
GTCATTTCACCTAAAC-1,Oligo MOG OPALIN,0.8967214815594974
GTCATTTCACCTGCGA-1,Oligo MOG OPALIN,0.364803472977017
GTCATTTTCTCCGATC-1,Oligo MOG OPALIN,0.9317387932585018
GTCCACTAGGGTCACA-1,L3-5 RORB GABRG1 KCNH7,0.3744569937360606
GTCCACTAGTGCCGAA-1,Endo CLDN5 SLC7A5,0.6880232601113168
GTCCACTAGTTGAAAC-1,Endo CLDN5 SLC7A5,0.7191998532023777
GTCCACTCAGCTCCTT-1,L2-4 CUX2 RORB CLMN,0.5142232005655644
GTCCACTCATTGAAGA-1,Endo CLDN5 SLC7A5,0.3946684422062462
GTCCACTGTCACTCAA-1,Endo CLDN5 SLC7A5,0.7726891100120142
GTCCCATAGATAGCAT-1,Oligo MOG OPALIN,0.49491530155529456
GTCCCATAGGCACGAT-1,Oligo MOG OPALIN,0.9658262136153233
GTCCCATCAACTGAAA-1,Endo CLDN5 SLC7A5,0.6706388675414857
GTCCCATGTCTGTAAC-1,Oligo MOG OPALIN,0.8721389332937095
GTCCCATTCAGACCTA-1,Oligo MOG OPALIN,0.6659592566295963
GTCCCATTCTACCCAC-1,Endo CLDN5 SLC7A5,0.9859822334812613
GTCCTCAGTACTAGCT-1,Endo CLDN5 SLC7A5,0.9706553859740399
GTCCTCAGTAGCGTAG-1,Oligo MOG OPALIN,0.3458225379573124
GTCGAATCAAGCCATT-1,Endo CLDN5 SLC7A5,0.9055659233155113
GTCGAATCACCAGGTC-1,Endo CLDN5 SLC7A5,0.3218712409605773
GTCGAATCATCGAAGG-1,Endo CLDN5 SLC7A5,0.9483473239025515
GTCGAATGTGCGGTAA-1,Endo CLDN5 SLC7A5,0.5597627972731986
GTCGAATTCTCACGAA-1,Endo CLDN5 SLC7A5,0.9695282274061641
GTCGCGACATCAACCA-1,Oligo MOG OPALIN,0.9921083461855619
GTCGCGAGTACTGACT-1,Micro P2RY12 APBB1IP,0.3907448586415704
GTCGCGAGTAGCTTGT-1,Endo CLDN5 SLC7A5,0.9037818440926602
GTCGCGATCGCGATCG-1,Oligo MOG OPALIN,0.9171416939401539
GTCGTAAAGATGTTAG-1,Oligo MOG OPALIN,0.8139811480328913
GTCGTAAGTAGGATAT-1,Endo CLDN5 SLC7A5,0.33399502960307875
GTCGTAAGTCGTTGGC-1,Oligo MOG OPALIN,0.8689855681631273
GTCGTTCCAGTAGTGG-1,Micro P2RY12 APBB1IP,0.9939400036794404
GTCGTTCCATCTAACG-1,L6 FEZF2 NPFFR2 KCNK2,0.6282426509131857
GTCGTTCGTGTTACAC-1,Micro P2RY12 APBB1IP,0.9901107329325778
GTCTACCGTAGGCTGA-1,Endo CLDN5 SLC7A5,0.9577525968521663
GTCTACCTCCATCAGA-1,Endo CLDN5 SLC7A5,0.5043657877661787
GTCTAGAAGCATCCCG-1,Endo CLDN5 SLC7A5,0.7143347938101335
GTCTAGAGTCTTACTT-1,Oligo MOG OPALIN,0.9810434338769457
GTCTAGAGTTGGGTTT-1,Endo CLDN5 SLC7A5,0.9965967665905274
GTCTCACAGCCAGAGT-1,Oligo MOG OPALIN,0.5154288865046974
GTCTGTCAGCAGTCTT-1,Endo CLDN5 SLC7A5,0.9684649984250089
GTCTGTCAGGGCGAGA-1,Endo CLDN5 SLC7A5,0.7216105941631175
GTCTGTCCAGCTTCCT-1,Endo CLDN5 SLC7A5,0.46522579163779076
GTCTGTCCATGCCGGT-1,L5-6 FEZF2 NXPH2 CDH8,0.9506772515867005
GTCTTTACACCTGTCT-1,Endo CLDN5 SLC7A5,0.9945266495185867
GTCTTTACACTGCGTG-1,Oligo MOG OPALIN,0.35728322674934654
GTCTTTAGTGTACAGG-1,Endo CLDN5 SLC7A5,0.3337472000027731
GTCTTTAGTTCAACGT-1,Endo CLDN5 SLC7A5,0.9326572593219985
GTCTTTATCCTATTTG-1,Endo CLDN5 SLC7A5,0.9808054451578456
GTGACGCAGACGTCCC-1,Endo CLDN5 SLC7A5,0.7936309208204422
GTGACGCAGGAAGTGA-1,Oligo MOG OPALIN,0.7767028140997445
GTGACGCAGGAATGTT-1,Oligo MOG GSN,0.9899826372011845
GTGACGCCAACGGGTA-1,Endo CLDN5 SLC7A5,0.6463582520952952
GTGACGCCAATCTGCA-1,Endo CLDN5 SLC7A5,0.9291618076256389
GTGACGCCACTACAGT-1,Endo CLDN5 SLC7A5,0.3542755313200907
GTGACGCCAGCTGCCA-1,L6 OPRK1 THEMIS RGS6,0.9623314835897452
GTGACGCGTGGCAACA-1,Oligo MOG OPALIN,0.604865528199379
GTGACGCTCTTCCCGA-1,Endo CLDN5 SLC7A5,0.3458243267724242
GTGAGCCAGTTCCGTA-1,Endo CLDN5 SLC7A5,0.8140672410350626
GTGAGCCGTACTGGGA-1,Endo CLDN5 SLC7A5,0.3111103146885674
GTGAGCCTCACCCATC-1,Oligo MOG OPALIN,0.8829030433525609
GTGAGTTCAATGTTGC-1,Oligo MOG OPALIN,0.7866308628695234
GTGAGTTGTAACATAG-1,Micro P2RY12 APBB1IP,0.9987349127139311
GTGAGTTGTTATAGCC-1,L2-3 CUX2 NTNG1 PLCH1,0.39942358022569635
GTGAGTTTCCATAGGT-1,Endo CLDN5 SLC7A5,0.8283195056890025
GTGATGTCAATTTCGG-1,OPC PDGFRA PCDH15,0.9999999999914837
GTGATGTCAGAGTAAT-1,Endo CLDN5 SLC7A5,0.7067421129352678
GTGCACGCAATAGGAT-1,L2-3 CUX2 NTNG1 PALMD,0.5878839453545897
GTGCACGGTGTGATGG-1,Endo CLDN5 SLC7A5,0.4222648072120248
GTGCAGCAGAAGGGAT-1,Oligo MOG OPALIN,0.6114058506601834
GTGCAGCAGCAACTTC-1,InN PVALB PRKCH,0.7512634034417338
GTGCAGCAGGGCAATC-1,Endo CLDN5 SLC7A5,0.305363953513436
GTGCAGCCAATTGCAC-1,Oligo MOG OPALIN,0.5657811995239439
GTGCAGCCACCTTCGT-1,Oligo MOG OPALIN,0.9971458469735814
GTGCAGCCACGAAAGC-1,Endo CLDN5 SLC7A5,0.8520579033416007
GTGCAGCTCTAGTCAG-1,Endo CLDN5 SLC7A5,0.5879007981168186
GTGCGTGGTCGCCACA-1,Endo CLDN5 SLC7A5,0.9884643572214377
GTGCGTGGTTCCATTT-1,Endo CLDN5 SLC7A5,0.9292870784662286
GTGCGTGTCTCCCTAG-1,OPC PDGFRA PCDH15,0.9999999997555957
GTGCTGGAGGTGCCTC-1,Endo CLDN5 SLC7A5,0.6150160566131704
GTGCTGGCACGACAGA-1,Endo CLDN5 SLC7A5,0.818737347382321
GTGCTGGCAGAGAATT-1,Oligo MOG OPALIN,0.895264798377872
GTGCTGGCAGTAACAA-1,Endo CLDN5 SLC7A5,0.7177303921476941
GTGCTGGTCACATCAG-1,Oligo MOG OPALIN,0.3844747215877739
GTGCTTCAGGTGATAT-1,Endo CLDN5 SLC7A5,0.4461936131691961
GTGCTTCAGTGAGGTC-1,SMC ACTA2 CNN1,0.8853579527265977
GTGGAAGAGTCATCCA-1,Endo CLDN5 SLC7A5,0.3845110849404841
GTGGAAGCAGTGCCTG-1,Oligo MOG OPALIN,0.7441564713486382
GTGGAAGCATATGGCT-1,Endo CLDN5 SLC7A5,0.5144130024822328
GTGGAAGTCGCGCCAA-1,Endo CLDN5 SLC7A5,0.9877429968185386
GTGGAAGTCTTTGCGC-1,Endo CLDN5 SLC7A5,0.7627828035648074
GTGGAGAAGCGTCAGA-1,Oligo MOG OPALIN,0.8786398524795546
GTGGAGAAGGACAGCT-1,Oligo MOG OPALIN,0.46330243537780336
GTGGAGAAGTTGTCAC-1,Oligo MOG OPALIN,0.3515173396118589
GTGGAGACAACACGAG-1,Oligo MOG OPALIN,0.9992566261552229
GTGGAGACATTACTCT-1,Endo CLDN5 SLC7A5,0.7521824874027178
GTGGAGAGTCTTGCGG-1,Oligo MOG OPALIN,0.9999984236129454
GTGGCGTGTCTTTCAT-1,Oligo MOG OPALIN,0.439675467164274
GTGGCGTTCAAGCCTA-1,Endo CLDN5 SLC7A5,0.3687711101295473
GTGGCGTTCGCTAGCG-1,L2-3 CUX2 ACVR1C INHBA,0.3123156083032473
GTGGGAAAGGATGCGT-1,Oligo MOG OPALIN,0.3641376910276189
GTGGGAACACTAAACC-1,Endo CLDN5 SLC7A5,0.7245764158803655
GTGGGAAGTAATACCC-1,Endo CLDN5 SLC7A5,0.4228203815790696
GTGGGAATCCTACACC-1,Endo CLDN5 SLC7A5,0.7385730837365861
GTGGTTAAGCATTGTC-1,Endo CLDN5 SLC7A5,0.6491315465407599
GTGGTTAAGGCACCAA-1,Oligo MOG OPALIN,0.7014327922196422
GTGGTTACAAACTGCT-1,Endo CLDN5 SLC7A5,0.9087573839169041
GTGGTTAGTCGATTTG-1,Oligo MOG OPALIN,0.9641868631313423
GTGTAACCACTACCCT-1,Endo CLDN5 SLC7A5,0.5433393045043615
GTGTAACGTCGCGTTG-1,Endo CLDN5 SLC7A5,0.9677856848029072
GTGTCCTAGGACGCTA-1,Endo CLDN5 SLC7A5,0.9794148391810029
GTGTCCTCACATAGCT-1,Endo CLDN5 SLC7A5,0.44915856828982104
GTGTGATTCAGAATAG-1,Endo CLDN5 SLC7A5,0.416410777896421
GTGTGGCCAGTCGTTA-1,Endo CLDN5 SLC7A5,0.6182094953820538
GTGTGGCCATTCTGTT-1,Endo CLDN5 SLC7A5,0.8791756534832015
GTGTGGCGTCAAGCCC-1,Endo CLDN5 SLC7A5,0.9295103454402542
GTGTGGCTCTCTTCAA-1,Endo CLDN5 SLC7A5,0.9922034455156385
GTGTTAGAGGATGAGA-1,Endo CLDN5 SLC7A5,0.9410074950547453
GTGTTAGAGTATGTAG-1,Oligo MOG OPALIN,0.9996492014767631
GTGTTAGCAAGTATAG-1,Endo CLDN5 SLC7A5,0.8909543624903249
GTGTTAGCAGAGTCAG-1,Endo CLDN5 SLC7A5,0.9240923201737359
GTGTTAGCAGCTGCCA-1,Endo CLDN5 SLC7A5,0.9875523481273555
GTGTTAGGTTCGAACT-1,Endo CLDN5 SLC7A5,0.40944646409502927
GTGTTAGGTTGCCGAC-1,Oligo MOG OPALIN,0.5832533698962103
GTGTTAGTCTCTATAC-1,Endo CLDN5 SLC7A5,0.628037517372884
GTGTTCCCACAGTACT-1,Endo CLDN5 SLC7A5,0.3956416117040446
GTGTTCCCACCAATTG-1,Oligo MOG OPALIN,0.6102763631867989
GTGTTCCCACTCGATA-1,InN PVALB ANOS1,0.7576631986460369
GTGTTCCCAGTGGGTA-1,Endo CLDN5 SLC7A5,0.3414328132022443
GTGTTCCCATCACGGC-1,Endo CLDN5 SLC7A5,0.30417410317007165
GTGTTCCCATGGCCCA-1,Oligo MOG OPALIN,0.9991664853695014
GTGTTCCGTATCAGGG-1,Endo CLDN5 SLC7A5,0.3348694056751071
GTTACAGAGCTATCTG-1,Oligo MOG OPALIN,0.7469570755159638
GTTACAGAGGGCAAGG-1,Endo CLDN5 SLC7A5,0.8051264094109977
GTTACAGCAGGACTAG-1,Endo CLDN5 SLC7A5,0.7284015395103715
GTTACAGGTCAGGTGA-1,Oligo MOG OPALIN,0.9964948503915879
GTTACAGGTCCCTGTT-1,Endo CLDN5 SLC7A5,0.7769648880466504
GTTACAGTCCCATTTA-1,Oligo MOG OPALIN,0.9306382722055055
GTTACAGTCCCTCTAG-1,Endo CLDN5 SLC7A5,0.8553953769237324
GTTACCCCACAACATC-1,Oligo MOG OPALIN,0.9758955964470017
GTTACCCCACTTCATT-1,Endo CLDN5 SLC7A5,0.993671802937687
GTTACCCGTAGAGCTG-1,Endo CLDN5 SLC7A5,0.309930553940087
GTTACCCGTTCCACAA-1,Micro P2RY12 APBB1IP,0.7651283415848362
GTTACCCTCCCGAAAT-1,Endo CLDN5 SLC7A5,0.9845766923109064
GTTACGAAGCCTCTTC-1,Endo CLDN5 SLC7A5,0.9124984830012826
GTTACGACACTGAGGA-1,Endo CLDN5 SLC7A5,0.824168591854299
GTTACGATCTTGGTCC-1,Endo CLDN5 SLC7A5,0.9909276424523721
GTTAGACAGAGCCTGA-1,Oligo MOG OPALIN,0.48026015013296164
GTTAGACAGTAGTGCG-1,Oligo MOG OPALIN,0.9773976366674483
GTTAGACCATGATAGA-1,Micro P2RY12 APBB1IP,0.6579249056698393
GTTAGACTCAACCTTT-1,Endo CLDN5 SLC7A5,0.9415794271582443
GTTAGACTCATTTGGG-1,Oligo MOG OPALIN,0.9992837740221409
GTTAGACTCCGTGCGA-1,L3-5 RORB GABRG1 PTPRO,0.3582327229279559
GTTAGACTCGGTGTTA-1,Endo CLDN5 SLC7A5,0.9966353442258457
GTTAGTGAGCCGTTGC-1,Oligo MOG OPALIN,0.6849361233931358
GTTAGTGAGGATACGC-1,Oligo MOG OPALIN,0.965244481192123
GTTAGTGCAAACCATC-1,Oligo MOG OPALIN,0.9994149230065982
GTTAGTGCAAGGTTGG-1,Oligo MOG OPALIN,0.997398978722593
GTTAGTGCAATGAACA-1,Oligo MOG OPALIN,0.7641136468078528
GTTAGTGTCCGACGGT-1,Endo CLDN5 SLC7A5,0.3454837373663635
GTTATGGCACTGCACG-1,Endo CLDN5 SLC7A5,0.9019875898742269
GTTATGGCATGATGCT-1,Endo CLDN5 SLC7A5,0.39137326578161974
GTTATGGGTCCAGCAC-1,Oligo MOG OPALIN,0.5661539508147642
GTTATGGGTGGCTACC-1,Endo CLDN5 SLC7A5,0.8217194689302644
GTTATGGGTGGTACAG-1,Endo CLDN5 SLC7A5,0.540718734263346
GTTATGGTCCGTGCGA-1,Endo CLDN5 SLC7A5,0.3483835455289771
GTTATGGTCGACATCA-1,Endo CLDN5 SLC7A5,0.9000626903014844
GTTCATTAGAAGAACG-1,Oligo MOG OPALIN,0.7926855600711027
GTTCATTCAATCTCGA-1,Endo CLDN5 SLC7A5,0.3285672482004698
GTTCATTCAGTGTACT-1,Endo CLDN5 SLC7A5,0.6105158539145619
GTTCATTGTATGGGAC-1,Endo CLDN5 SLC7A5,0.9609422503674542
GTTCATTGTCGGCTAC-1,Endo CLDN5 SLC7A5,0.36748847762747283
GTTCCGTCAGTGTGGA-1,Oligo MOG OPALIN,0.6905004292261636
GTTCCGTGTAACCAGG-1,Oligo MOG OPALIN,0.9999662287392699
GTTCCGTGTCAGTCGC-1,Oligo MOG OPALIN,0.8594282320067388
GTTCCGTGTCGCTTAA-1,Endo CLDN5 SLC7A5,0.8692925667089534
GTTCCGTTCGAAGAAT-1,Endo CLDN5 SLC7A5,0.9717507629199196
GTTCCGTTCTGTAACG-1,Oligo MOG OPALIN,0.999847580970641
GTTCGCTCAGGCGATA-1,Endo CLDN5 SLC7A5,0.8194738074510729
GTTCGCTGTAGGACTG-1,Endo CLDN5 SLC7A5,0.9987448959180241
GTTCGCTGTGAGGAAA-1,Endo CLDN5 SLC7A5,0.968887675979537
GTTCGCTTCAGTAGGG-1,Endo CLDN5 SLC7A5,0.40383109849689525
GTTCGCTTCGACATAC-1,Endo CLDN5 SLC7A5,0.9983746492418729
GTTCGCTTCGGCCCAA-1,Endo CLDN5 SLC7A5,0.9949394987230837
GTTCTATAGACGCATG-1,Oligo MOG OPALIN,0.9993771844483523
GTTCTATAGACTCTTG-1,Endo CLDN5 SLC7A5,0.7754082369921733
GTTCTATAGCGGGTTA-1,Micro P2RY12 APBB1IP,0.9984662012090518
GTTCTATAGGTAGTCG-1,Endo CLDN5 SLC7A5,0.43136855618467157
GTTGAACAGAGCATAT-1,Astro AQP4 SLC1A2,0.9520476412025941
GTTGAACCATGTAACC-1,Endo CLDN5 SLC7A5,0.996613550387766
GTTGAACGTGGTCAAG-1,Endo CLDN5 SLC7A5,0.8758630778283073
GTTGAACTCATCTATC-1,Oligo MOG OPALIN,0.9640505754373437
GTTGCGGAGGTTGAGC-1,Endo CLDN5 SLC7A5,0.9923491464353582
GTTGCTCTCCCTATTA-1,Oligo MOG OPALIN,0.9827880269848677
GTTGTAGCAAGTGCAG-1,Oligo MOG OPALIN,0.5197098026339171
GTTGTAGGTAGTCGGA-1,Endo CLDN5 SLC7A5,0.48402719876570105
GTTGTAGTCATCGCCT-1,Endo CLDN5 SLC7A5,0.7153154184504738
GTTGTAGTCTCCAAGA-1,Endo CLDN5 SLC7A5,0.9023265688344777
GTTGTCCCAATGGCCC-1,Endo CLDN5 SLC7A5,0.7152784507703065
GTTTACTCACAGCATT-1,Endo CLDN5 SLC7A5,0.6170702136546129
GTTTACTTCAGCTTGA-1,Endo CLDN5 SLC7A5,0.9706699554173387
GTTTACTTCATAGAGA-1,Endo CLDN5 SLC7A5,0.9774891286878318
GTTTACTTCGTTAGTG-1,Endo CLDN5 SLC7A5,0.7472924916839135
GTTTGGAAGCGCACAA-1,Endo CLDN5 SLC7A5,0.6320077634854174
GTTTGGAGTCTCGCGA-1,Endo CLDN5 SLC7A5,0.8370285705151851
TAACACGCATGTGGTT-1,Endo CLDN5 SLC7A5,0.648115205527638
TAACACGGTCTACACA-1,Endo CLDN5 SLC7A5,0.9581164338930668
TAACCAGCAAGTTCGT-1,Oligo MOG OPALIN,0.3243423865912719
TAACCAGGTCCGTACG-1,Oligo MOG OPALIN,0.5354695356891831
TAACCAGTCGAGAAGC-1,Oligo MOG OPALIN,0.4479736342021514
TAACCAGTCTGTGCAA-1,Endo CLDN5 SLC7A5,0.998058512381315
TAACGACAGCAACTCT-1,Endo CLDN5 SLC7A5,0.6544406842911688
TAACGACGTTCCACGG-1,Endo CLDN5 SLC7A5,0.8280075880472763
TAACGACTCTTCTCAA-1,Endo CLDN5 SLC7A5,0.7714459771612389
TAACTTCAGTAGCATA-1,Endo CLDN5 SLC7A5,0.46689737868335585
TAACTTCGTGGTCCGT-1,InN SST ADAMTSL1,0.6204465006390333
TAACTTCTCCTAGCCT-1,Oligo MOG OPALIN,0.7416608123779841
TAACTTCTCGATTCCC-1,L2-4 CUX2 RORB CLMN,0.9691648407757909
TAACTTCTCGGCGATC-1,Endo CLDN5 SLC7A5,0.9740317594068324
TAAGCACAGGCACCAA-1,Endo CLDN5 SLC7A5,0.9549101652760609
TAAGCACCAATAAGGT-1,Endo CLDN5 SLC7A5,0.33777197072483933
TAAGCACTCTCGTGAA-1,Endo CLDN5 SLC7A5,0.8423394516627739
TAAGCCAAGGTGCATG-1,Endo CLDN5 SLC7A5,0.9368193123733292
TAAGCCACATAATGCC-1,Endo CLDN5 SLC7A5,0.9676989453831732
TAAGCCAGTCACTTAG-1,Oligo MOG OPALIN,0.9113074290280962
TAAGCCAGTGCTCCGA-1,Endo CLDN5 SLC7A5,0.9991413157870354
TAAGCGTAGCCTATTG-1,Oligo MOG OPALIN,0.6040909141035562
TAAGCGTCAGCGGATA-1,Endo CLDN5 SLC7A5,0.4916547511894925
TAAGCGTGTATACCCA-1,Oligo MOG OPALIN,0.7292034390485924
TAAGCGTGTCGGTGAA-1,Endo CLDN5 SLC7A5,0.8852968269970433
TAAGCGTTCAGTGTTG-1,Endo CLDN5 SLC7A5,0.9204054144281604
TAAGTCGAGGCCATAG-1,Endo CLDN5 SLC7A5,0.9667676071423159
TAAGTCGAGTCGAAGC-1,Oligo MOG OPALIN,0.3011967095432523
TAAGTCGCAACCGTGC-1,Endo CLDN5 SLC7A5,0.5560946349150041
TAAGTCGCAGGTTCAT-1,Endo CLDN5 SLC7A5,0.9100466779325544
TAAGTCGTCATGGATC-1,Oligo MOG OPALIN,0.8600604460913414
TAAGTCGTCTAAGGAA-1,Oligo MOG OPALIN,0.9649836542268327
TAATCTCAGCCAACCC-1,Endo CLDN5 SLC7A5,0.9722651384808146
TAATCTCAGGATTTAG-1,Endo CLDN5 SLC7A5,0.7612686891058646
TAATCTCCAGAACTTC-1,Endo CLDN5 SLC7A5,0.976246362977727
TAATCTCCATGTTACG-1,Oligo MOG OPALIN,0.8444034473998581
TAATCTCGTCCAAATC-1,Endo CLDN5 SLC7A5,0.47889274462810505
TAATCTCTCACTGATG-1,Endo CLDN5 SLC7A5,0.3467147423842499
TAATCTCTCATCACCC-1,Endo CLDN5 SLC7A5,0.8848278737877707
TAATTCCAGAGCCATG-1,L3-5 RORB TNNT2 TSHZ2,0.8792090846811665
TAATTCCTCATTTACC-1,Endo CLDN5 SLC7A5,0.4399983475966871
TACAACGAGCTCGCAC-1,Oligo MOG OPALIN,0.6740545904254887
TACAACGAGGACGCAT-1,Endo CLDN5 SLC7A5,0.9105568114110888
TACAACGGTTCCGCGA-1,Oligo MOG OPALIN,0.8674868360532881
TACAACGTCAGGGTAG-1,Endo CLDN5 SLC7A5,0.9563602941101885
TACAACGTCTGGTTGA-1,Oligo MOG OPALIN,0.7732381930561948
TACACCCAGGATATAC-1,Oligo MOG OPALIN,0.4613067873584501
TACACCCCAGGTAGTG-1,Oligo MOG OPALIN,0.3858635542855212
TACACCCGTCCGCAGT-1,Endo CLDN5 SLC7A5,0.7140963211266116
TACACCCTCGACATAC-1,Oligo MOG OPALIN,0.3128867624286432
TACACCCTCGGCTGGT-1,Oligo MOG OPALIN,0.49242841360506556
TACAGGTAGCATGCAG-1,L6 OPRK1 THEMIS RGS6,0.32426191314479647
TACAGGTGTTGGACTT-1,Endo CLDN5 SLC7A5,0.9528324279277475
TACAGGTTCACTGCTC-1,Endo CLDN5 SLC7A5,0.609417488867646
TACAGGTTCTCGCAGG-1,Endo CLDN5 SLC7A5,0.7860970953781012
TACATTCAGGGCTGAT-1,PC P2RY14 GRM8,0.9760744111267189
TACATTCGTCATCAGT-1,Endo CLDN5 SLC7A5,0.9608888712853595
TACATTCTCTGGTCAA-1,Oligo MOG OPALIN,0.9887079782156876
TACCCACAGATCGGTG-1,Oligo MOG OPALIN,0.6858594414535929
TACCCACAGGCATCGA-1,Oligo MOG OPALIN,0.9999903255545595
TACCCACGTCGTACTA-1,Oligo MOG OPALIN,0.9233162168271607
TACCCGTGTGAGGCAT-1,Endo CLDN5 SLC7A5,0.9910001422141611
TACCCGTTCCTTACCG-1,Endo CLDN5 SLC7A5,0.9893491139752756
TACCCGTTCTTGATTC-1,Endo CLDN5 SLC7A5,0.8635051740496422
TACCGAACACATTCGA-1,Endo CLDN5 SLC7A5,0.9640486159632817
TACCGGGGTTGCAACT-1,Endo CLDN5 SLC7A5,0.5932905303898394
TACCGGGTCCACGAAT-1,Endo CLDN5 SLC7A5,0.4126236046519614
TACCGGGTCCTCACGT-1,Endo CLDN5 SLC7A5,0.9933658388025309
TACCGGGTCTCGCTCA-1,Oligo MOG OPALIN,0.8628093957258419
TACCTCGCATCTTAGG-1,Endo CLDN5 SLC7A5,0.6874828904439726
TACCTCGGTACGGTTT-1,Oligo MOG GSN,0.44400766591990304
TACCTCGGTTGTCTAG-1,Oligo MOG OPALIN,0.9994554055882632
TACCTCGTCTTGAACG-1,Endo CLDN5 SLC7A5,0.6936361875687859
TACCTGCAGCACGGAT-1,Endo CLDN5 SLC7A5,0.8519640793685151
TACCTGCAGCTTTCCC-1,Endo CLDN5 SLC7A5,0.6175599269088607
TACCTGCAGTATAGGT-1,Oligo MOG OPALIN,0.9974381504551573
TACCTGCCAAGTTTGC-1,Micro P2RY12 APBB1IP,0.9967208181057902
TACCTGCGTTGCCGAC-1,Oligo MOG OPALIN,0.7067861004877505
TACCTGCTCGTCGCTT-1,Oligo MOG OPALIN,0.9994799775901075
TACGCTCAGCGCACAA-1,Astro AQP4 SLC1A2,0.9779384289638872
TACGCTCAGTATGATG-1,Endo CLDN5 SLC7A5,0.42548382839013077
TACGCTCCACCAGGTC-1,Oligo MOG OPALIN,0.9963910921938275
TACGCTCCATAGGCGA-1,Oligo MOG OPALIN,0.9991429724220051
TACGCTCGTCGTTTCC-1,Endo CLDN5 SLC7A5,0.9835086155081315
TACGCTCGTGCTCGTG-1,Endo CLDN5 SLC7A5,0.6574766295006358
TACGCTCTCAACTGGT-1,Endo CLDN5 SLC7A5,0.9787813016548094
TACGCTCTCATAGACC-1,Endo CLDN5 SLC7A5,0.5709707118627919
TACGGGCAGCTGTACT-1,Oligo MOG OPALIN,0.9989521355591877
TACGGGCCACTGAATC-1,Oligo MOG OPALIN,0.9964349316218519
TACGGGCCATAATCCG-1,Oligo MOG OPALIN,0.4324407462402049
TACGGGCGTCAAGGCA-1,Oligo MOG OPALIN,0.9885763374618998
TACGGGCTCGATTCCC-1,L2-3 CUX2 NTNG1 PALMD,0.48116653060480935
TACGGGCTCGTTCTAT-1,Endo CLDN5 SLC7A5,0.9914318785936229
TACGGTAAGACATATG-1,Endo CLDN5 SLC7A5,0.7091202792731008
TACGGTAAGAGAGGTA-1,L3-5 RORB MKX SCN5A,0.5618877433512439
TACGGTAGTCCAATCA-1,Endo CLDN5 SLC7A5,0.9402034187272114
TACGGTAGTGCGGCTT-1,Endo CLDN5 SLC7A5,0.5076614546431634
TACGGTATCCGAACGC-1,Endo CLDN5 SLC7A5,0.41780728781363136
TACGTCCAGAGCGACT-1,Endo CLDN5 SLC7A5,0.37490627996884884
TACGTCCAGGGAGTTC-1,Endo CLDN5 SLC7A5,0.7968310664385532
TACTGCCAGACCACGA-1,Oligo MOG OPALIN,0.9998865250383487
TACTGCCTCCATTTCA-1,Endo CLDN5 SLC7A5,0.3213809659894973
TACTGCCTCCTTCAGC-1,Endo CLDN5 SLC7A5,0.9855278637108291
TACTTACTCACCGCTT-1,Oligo MOG OPALIN,0.9986478640775325
TACTTCAGTAGACTGG-1,Endo CLDN5 SLC7A5,0.9396235868381528
TACTTCATCTAGGCCG-1,Endo CLDN5 SLC7A5,0.5040270630796496
TACTTGTAGCACCTGC-1,Oligo MOG OPALIN,0.7361414534247015
TACTTGTCAGTTAGGG-1,Oligo MOG OPALIN,0.8543238840919172
TACTTGTTCCCTTGGT-1,Endo CLDN5 SLC7A5,0.9002496541201116
TACTTGTTCGCTTACC-1,Endo CLDN5 SLC7A5,0.7702391886748206
TAGACCAGTCATACCA-1,Endo CLDN5 SLC7A5,0.46641518410120375
TAGACCATCATGGAGG-1,Oligo MOG OPALIN,0.609753013093048
TAGACCATCCACGGGT-1,Oligo MOG OPALIN,0.9796775913031016
TAGACTGTCCTACTGC-1,Oligo MOG OPALIN,0.7349109030984577
TAGAGTCCAGCGTTGC-1,Endo CLDN5 SLC7A5,0.9978765205433556
TAGAGTCGTCAAACGG-1,Astro AQP4 SLC1A2,0.9003388015107106
TAGAGTCTCAGACCTA-1,Endo CLDN5 SLC7A5,0.6275860224425389
TAGAGTCTCAGTGGGA-1,Endo CLDN5 SLC7A5,0.9997126328455933
TAGATCGGTATGCAAA-1,Micro P2RY12 APBB1IP,0.46118489352747327
TAGATCGTCAAGAGGC-1,Endo CLDN5 SLC7A5,0.9993171527572573
TAGATCGTCGCCAGAC-1,Oligo MOG OPALIN,0.954827997472306
TAGATCGTCTCTGCTG-1,Oligo MOG OPALIN,0.6076855964517077
TAGCACAAGTTTGGCT-1,L2-3 CUX2 NTNG1 PALMD,0.9638735720037213
TAGCACATCAAGCGTT-1,Endo CLDN5 SLC7A5,0.7129184388116799
TAGGAGGAGAAGAACG-1,Endo CLDN5 SLC7A5,0.981514931234592
TAGGAGGAGTTCCATG-1,Endo CLDN5 SLC7A5,0.5012603922463809
TAGGAGGGTAGCCAGA-1,Endo CLDN5 SLC7A5,0.9717259380944155
TAGGAGGGTCACTTAG-1,Endo CLDN5 SLC7A5,0.9004953527839925
TAGGAGGTCAGCGTCG-1,Endo CLDN5 SLC7A5,0.8520489059510616
TAGGAGGTCGCTGTCT-1,Endo CLDN5 SLC7A5,0.974973151855703
TAGGAGGTCTCTGGTC-1,L2-3 CUX2 NTNG1 PALMD,0.31260453350763784
TAGGGTTGTTGGTGTT-1,Endo CLDN5 SLC7A5,0.9312715927263673
TAGGTTGAGGTCATCT-1,Endo CLDN5 SLC7A5,0.5589365769372527
TAGGTTGCACAAGTTC-1,Endo CLDN5 SLC7A5,0.7190420246334235
TAGGTTGGTCGTTATG-1,OPC PDGFRA PCDH15,0.6927206921112173
TAGGTTGTCTCTCAAT-1,Endo CLDN5 SLC7A5,0.9624715837369541
TAGTGCAAGGTTCATC-1,Endo CLDN5 SLC7A5,0.30950843121488747
TAGTGCACATGCAGCC-1,L3-5 RORB MKX DCC,0.520773457486541
TAGTGCAGTTACAGCT-1,Endo CLDN5 SLC7A5,0.9564411683074311
TAGTGCAGTTCTTCAT-1,Endo CLDN5 SLC7A5,0.8724405249348745
TATATCCAGCCGCTTG-1,Endo CLDN5 SLC7A5,0.7447036361639118
TATATCCAGGCTAACG-1,Astro AQP4 SLC1A2,0.9978802906005118
TATATCCAGGGCCAAT-1,Oligo MOG OPALIN,0.8187276549861028
TATATCCCAACCAGAG-1,Endo CLDN5 SLC7A5,0.6467280728465385
TATATCCTCTGGCCGA-1,Endo CLDN5 SLC7A5,0.3915131397447333
TATCAGGAGTGGAAAG-1,Endo CLDN5 SLC7A5,0.9685700395698227
TATCAGGCACCGTGGT-1,Endo CLDN5 SLC7A5,0.3097175396445624
TATCAGGCAGTCCCGA-1,Endo CLDN5 SLC7A5,0.9987166526147908
TATCAGGGTACGTACT-1,Endo CLDN5 SLC7A5,0.4230084918346881
TATCAGGTCGCATGAT-1,Oligo MOG OPALIN,0.3526761884665299
TATCCTAAGCGGTAGT-1,Oligo MOG OPALIN,0.7753250973008458
TATCCTACACTATGTG-1,Endo CLDN5 SLC7A5,0.9229789044439337
TATCCTACATGAGGGT-1,Endo CLDN5 SLC7A5,0.5319111168119288
TATCGCCTCAAAGACA-1,Oligo MOG GSN,0.9999999472636419
TATCGCCTCCACGAAT-1,Endo CLDN5 SLC7A5,0.35316723021555146
TATCTGTCAGATTCGT-1,Endo CLDN5 SLC7A5,0.4982297848945528
TATCTGTGTAACAGTA-1,Endo CLDN5 SLC7A5,0.9379061037774152
TATCTGTGTAAGGAGA-1,Endo CLDN5 SLC7A5,0.8808410174043185
TATCTGTGTCGGTGAA-1,Oligo MOG OPALIN,0.34960243688842935
TATCTGTGTGAGACGT-1,Oligo MOG OPALIN,0.9992312221349459
TATCTGTTCCGAACGC-1,Endo CLDN5 SLC7A5,0.40550747024097394
TATCTTGCAGTTGTCA-1,Endo CLDN5 SLC7A5,0.3011786964767107
TATCTTGGTTGTCATG-1,Oligo MOG OPALIN,0.9855417909614105
TATGTTCCAGCTACCG-1,Endo CLDN5 SLC7A5,0.9908958239389426
TATGTTCCAGTCAGAG-1,InN ADARB2 FAM19A1,0.9994099560835435
TATGTTCGTCTTCAAG-1,Oligo MOG OPALIN,0.9671074537557065
TATTCCAAGATCCCGC-1,Endo CLDN5 SLC7A5,0.7972423630549212
TATTCCAAGGCCCGTT-1,Endo CLDN5 SLC7A5,0.6978335786478996
TATTCCACAGTCAGAG-1,Oligo MOG GSN,0.9999114241997535
TATTCCATCTCAGGCG-1,Oligo MOG OPALIN,0.8681353004591879
TATTGCTAGATAACAC-1,Endo CLDN5 SLC7A5,0.6316790006499877
TATTGCTCAACCCTCT-1,Oligo MOG OPALIN,0.3559567441448208
TATTGCTCAACTCCCT-1,Oligo MOG OPALIN,0.9975183009006894
TATTGCTGTCAACATC-1,L2-3 CUX2 NTNG1 PALMD,0.46226646539051536
TATTGCTTCTTCCGTG-1,Micro P2RY12 APBB1IP,0.496825512808615
TATTGGGAGCCAAGGT-1,Oligo MOG OPALIN,0.9999791767844359
TATTGGGAGGTGCCTC-1,Oligo MOG OPALIN,0.999953524308771
TATTGGGCAAGTGACG-1,Endo CLDN5 SLC7A5,0.9284293757434661
TATTGGGGTTAGAGTA-1,Endo CLDN5 SLC7A5,0.8975628922554875
TATTTCGAGACTGGGT-1,Oligo MOG OPALIN,0.8201441865583896
TATTTCGCATATTCGG-1,Endo CLDN5 SLC7A5,0.8579280454009663
TATTTCGCATCATCCC-1,Oligo MOG OPALIN,0.9247242030026575
TATTTCGGTCTTCGAA-1,Endo CLDN5 SLC7A5,0.47608437888582233
TATTTCGGTGAGTAGC-1,Endo CLDN5 SLC7A5,0.9921746598282621
TATTTCGTCCAAAGGG-1,Endo CLDN5 SLC7A5,0.8521389492959819
TCAAGACAGAAACCCG-1,Endo CLDN5 SLC7A5,0.873851666666882
TCAAGACCAATTGCGT-1,Oligo MOG OPALIN,0.8094597412013883
TCAAGACGTGCGGCTT-1,Endo CLDN5 SLC7A5,0.9699032740414968
TCAAGACGTTTACCTT-1,Oligo MOG OPALIN,0.8683056344753577
TCAAGACTCGAACCAT-1,Oligo MOG OPALIN,0.7941569704836086
TCAAGACTCTAAGCCA-1,Oligo MOG OPALIN,0.9664560061721619
TCAAGCACAATACGAA-1,Oligo MOG OPALIN,0.8387451641510163
TCAAGCAGTCAGGCAA-1,L6 OPRK1 THEMIS RGS6,0.3465531421706716
TCAAGCATCATTATCC-1,Endo CLDN5 SLC7A5,0.3330414845001709
TCAAGCATCGATACTG-1,Endo CLDN5 SLC7A5,0.8326319795221123
TCAAGCATCGCTGTTC-1,Endo CLDN5 SLC7A5,0.8283647998258294
TCAAGTGAGGCATGGT-1,L6 OPRK1 SMYD1 TSHZ2,0.6662053772026687
TCAAGTGCACTGCTTC-1,Endo CLDN5 SLC7A5,0.9274895371652725
TCAAGTGTCTTCTGTA-1,L2-3 CUX2 NTNG1 PALMD,0.34690055272423825
TCAATCTAGCGTGAGT-1,Endo CLDN5 SLC7A5,0.40578711916891214
TCAATCTGTCCCTCAT-1,Endo CLDN5 SLC7A5,0.9958737651781291
TCAATCTTCAATCAGC-1,Endo CLDN5 SLC7A5,0.9963050614510297
TCAATCTTCACCTCAC-1,Endo CLDN5 SLC7A5,0.47997628732420433
TCAATCTTCAGACATC-1,L3-5 RORB GABRG1 PTPRO,0.46305026974454583
TCAATCTTCGTTCTAT-1,Endo CLDN5 SLC7A5,0.9479039105029274
TCAATCTTCTATGTGG-1,Endo CLDN5 SLC7A5,0.9795100715156182
TCAATTCAGCAGATAT-1,Endo CLDN5 SLC7A5,0.9683557035864467
TCAATTCCAGACACCC-1,Oligo MOG OPALIN,0.5641136237020911
TCAATTCCATGCCGCA-1,Endo CLDN5 SLC7A5,0.9935402982664743
TCAATTCTCACACGAT-1,Endo CLDN5 SLC7A5,0.9949751321909046
TCACAAGAGGTAAGTT-1,Endo CLDN5 SLC7A5,0.9368178862095117
TCACACCAGCTCTGTA-1,Endo CLDN5 SLC7A5,0.7302175412119987
TCACACCGTCTACATG-1,Endo CLDN5 SLC7A5,0.9997120681059394
TCACACCGTTGCCAAT-1,Endo CLDN5 SLC7A5,0.4319979255857903
TCACACCTCGAGTGGA-1,Astro GFAP AQP1,0.7730678003556543
TCACATTAGAGTCTTC-1,Endo CLDN5 SLC7A5,0.48302646143915523
TCACATTAGGACAGCT-1,Endo CLDN5 SLC7A5,0.749160380157477
TCACATTAGGGACAGG-1,InN VIP FREM2,0.9760015743334963
TCACATTAGGGTGAAA-1,Endo CLDN5 SLC7A5,0.6459971555644082
TCACATTCACTCGATA-1,Endo CLDN5 SLC7A5,0.9819088398471215
TCACATTTCATATGGC-1,Endo CLDN5 SLC7A5,0.9426888977898448
TCACATTTCATGGGAG-1,Endo CLDN5 SLC7A5,0.9152080908305287
TCACATTTCTGCGGCA-1,Endo CLDN5 SLC7A5,0.8730808882027566
TCACGCTAGCCTATCA-1,L2-3 CUX2 ARHGAP18,0.929633695385325
TCACGCTCAATTGCGT-1,Endo CLDN5 SLC7A5,0.962685717305556
TCACGCTGTTATCTGG-1,Micro P2RY12 APBB1IP,0.7203242795737373
TCACGCTGTTCCAGGC-1,InN PVALB HPSE,0.41878664669268456
TCACGGGGTCCACGCA-1,Endo CLDN5 SLC7A5,0.7461721879501804
TCACGGGTCCAAGCCG-1,Endo CLDN5 SLC7A5,0.35777650448158677
TCACTATAGTTGTACC-1,Endo CLDN5 SLC7A5,0.9842019721385317
TCACTCGCAACAGTGG-1,Endo CLDN5 SLC7A5,0.49254028062596644
TCACTCGCATTGCTGA-1,Oligo MOG OPALIN,0.9237048183115493
TCACTCGGTATGGTTC-1,Endo CLDN5 SLC7A5,0.4986760042004292
TCACTCGTCAATCTCT-1,Endo CLDN5 SLC7A5,0.957562644272633
TCAGCAACACAGCGCT-1,L2-3 CUX2 ACVR1C THSD7A,0.5793900838762157
TCAGCAACACTCCGAG-1,Oligo MOG OPALIN,0.887026408900493
TCAGCAAGTAATGCTC-1,Micro P2RY12 APBB1IP,0.9997365526434184
TCAGCAATCGAAGTGG-1,L5-6 FEZF2 NXPH2 GRIK1,0.47822202281895
TCAGCCTCACGATAGG-1,Endo CLDN5 SLC7A5,0.3517018987540411
TCAGCCTCATGTGCTA-1,Endo CLDN5 SLC7A5,0.9511768461264937
TCAGGGCGTATCGTTG-1,Oligo MOG OPALIN,0.8241366981106272
TCAGGGCTCACCTGGG-1,Endo CLDN5 SLC7A5,0.6246967366690495
TCAGGTAAGAAACCAT-1,Endo CLDN5 SLC7A5,0.7227443774629034
TCAGGTACAAGATCCT-1,Oligo MOG OPALIN,0.6398539714394688
TCAGGTATCAGAGCGA-1,Endo CLDN5 SLC7A5,0.9878739744180293
TCAGGTATCGCTCCTA-1,Endo CLDN5 SLC7A5,0.9824009805060789
TCAGTCCCAAGTATCC-1,Endo CLDN5 SLC7A5,0.8171940959981406
TCAGTCCGTACAAAGT-1,Endo CLDN5 SLC7A5,0.7819665136412779
TCAGTCCTCCGCAAAT-1,Endo CLDN5 SLC7A5,0.6803562814666638
TCAGTGAAGATCGCCC-1,Oligo MOG OPALIN,0.5630585413793032
TCAGTGAAGCTGAGCA-1,Oligo MOG OPALIN,0.9983197497590015
TCAGTGAAGGAGCTGT-1,Oligo MOG OPALIN,0.9671531967158599
TCAGTGAAGGATAATC-1,Oligo MOG OPALIN,0.8732947521045178
TCAGTGACAACTGAAA-1,Endo CLDN5 SLC7A5,0.9390340529689724
TCAGTGACAGATACCT-1,Endo CLDN5 SLC7A5,0.5909365235335676
TCAGTGAGTCAAGCGA-1,Endo CLDN5 SLC7A5,0.8867263081053884
TCAGTGATCGCAGTTA-1,Oligo MOG OPALIN,0.8133207727258509
TCAGTTTAGCAAATCA-1,L2-3 CUX2 NTNG1 PALMD,0.3137019594048021
TCAGTTTCAATCGTCA-1,Oligo MOG OPALIN,0.9983542829939583
TCAGTTTGTGCTTCAA-1,Oligo MOG OPALIN,0.8954876619386538
TCAGTTTGTTAGGCCC-1,L6 OPRK1 SMYD1 KCND2,0.5640024283381121
TCATACTGTTAAGTCC-1,Endo CLDN5 SLC7A5,0.3852801820212178
TCATATCGTGCACAAG-1,Endo CLDN5 SLC7A5,0.6641258303387502
TCATATCTCAGGGATG-1,Endo CLDN5 SLC7A5,0.45083413726740434
TCATATCTCGGCCAAC-1,L6 FEZF2 AMOTL1 CDH6,0.8876273665504788
TCATATCTCTCGACCT-1,Endo CLDN5 SLC7A5,0.9590682836627386
TCATCATAGACGACGT-1,Endo CLDN5 SLC7A5,0.5940019222073764
TCATCATCACTTCAAG-1,Endo CLDN5 SLC7A5,0.8891643410794652
TCATCATCATAATCGC-1,Endo CLDN5 SLC7A5,0.8703848920839431
TCATCATGTGTATTCG-1,Endo CLDN5 SLC7A5,0.7449113887051706
TCATCATTCCTCCACA-1,Oligo MOG OPALIN,0.4416880207203309
TCATCATTCTACTGCC-1,Endo CLDN5 SLC7A5,0.9528970913115181
TCATCATTCTCTTAAC-1,L3-5 RORB MKX GRIN3A,0.9509710683370799
TCATCCGGTAACATCC-1,Endo CLDN5 SLC7A5,0.8837852518592283
TCATCCGTCTGACAGT-1,Endo CLDN5 SLC7A5,0.9841652724430072
TCATGAGCAAATTAGG-1,Endo CLDN5 SLC7A5,0.9884809255585469
TCATGCCAGTATGAAC-1,Endo CLDN5 SLC7A5,0.6166506470841558
TCATGCCCAATCTCTT-1,PC P2RY14 GRM8,0.9988131007764051
TCATGGAAGCGGTAAC-1,Endo CLDN5 SLC7A5,0.9596107886758357
TCATGGAGTTAGTCGT-1,Endo CLDN5 SLC7A5,0.6197749974335921
TCATGGATCAGGAACG-1,Endo CLDN5 SLC7A5,0.8963802635777106
TCATGTTAGCCGTTAT-1,Oligo MOG OPALIN,0.5568671718412869
TCATGTTGTCGATGCC-1,Endo CLDN5 SLC7A5,0.9731190023327092
TCATGTTTCCTAAACG-1,Endo CLDN5 SLC7A5,0.9965993123525796
TCATGTTTCGTTAGTG-1,Endo CLDN5 SLC7A5,0.8582509461136366
TCATTACCACGCGTGT-1,Endo CLDN5 SLC7A5,0.45675480273743463
TCATTACCAGTAACCT-1,Endo CLDN5 SLC7A5,0.9518817291111098
TCATTACCATGAATCC-1,Endo CLDN5 SLC7A5,0.9999803784777416
TCATTACGTAGTGGCA-1,Endo CLDN5 SLC7A5,0.9488557224543228
TCATTCAAGAGAGCCT-1,InN LAMP5 BMP7,0.9995721706763366
TCATTCAAGCGACTAG-1,Endo CLDN5 SLC7A5,0.9983534318227753
TCATTCAAGTCAGCGA-1,Endo CLDN5 SLC7A5,0.7799369650291968
TCATTCACAACCGTAT-1,Oligo MOG OPALIN,0.9966924833680421
TCATTCAGTACGTTCA-1,Endo CLDN5 SLC7A5,0.9996926161995207
TCATTCAGTCAAAGTA-1,L2-4 CUX2 RORB CLMN,0.5854594826319703
TCATTCAGTGTTCCTC-1,Endo CLDN5 IL1R1,0.8573996451471093
TCATTCATCTGCGATA-1,Endo CLDN5 SLC7A5,0.9824167536651052
TCATTGTAGAGAGCCT-1,Endo CLDN5 SLC7A5,0.991926579018089
TCATTTGGTATTTCGG-1,Endo CLDN5 SLC7A5,0.98554026821739
TCATTTGGTTGCCTAA-1,Endo CLDN5 SLC7A5,0.9940529738010203
TCATTTGTCGCTTGCT-1,Endo CLDN5 SLC7A5,0.5380677076852478
TCCACCACAAGGTCTT-1,Endo CLDN5 SLC7A5,0.9737353220157069
TCCACCACAATGGCCC-1,Endo CLDN5 SLC7A5,0.966626464443667
TCCACCAGTAGCTTGT-1,Endo CLDN5 SLC7A5,0.9968886049570782
TCCACCATCCAGTGTA-1,Oligo MOG OPALIN,0.7302791668989637
TCCACCATCTACAGGT-1,Endo CLDN5 SLC7A5,0.9720395239127232
TCCACGTAGCATACTC-1,Endo CLDN5 SLC7A5,0.487089174810419
TCCACGTAGCATCCCG-1,Endo CLDN5 SLC7A5,0.7922166297109011
TCCACGTGTAGCTTGT-1,Endo CLDN5 SLC7A5,0.9797417988647534
TCCACGTTCAACCTCC-1,L2-3 CUX2 NTNG1 PALMD,0.7909634870211915
TCCACGTTCACCACAA-1,Oligo MOG OPALIN,0.9967598285897011
TCCAGAACAATGAGCG-1,Endo CLDN5 SLC7A5,0.5642269261844511
TCCAGAACAGAGAAAG-1,Endo CLDN5 SLC7A5,0.961446815477259
TCCATCGCAGACTCTA-1,Oligo MOG OPALIN,0.9983597641979702
TCCATCGCATTCGGGC-1,Oligo MOG OPALIN,0.6150687660083369
TCCATCGGTCAGTCGC-1,Endo CLDN5 SLC7A5,0.9298030628260053
TCCATCGTCAGCGCAC-1,Endo CLDN5 SLC7A5,0.8564736371175821
TCCATCGTCTGAATCG-1,Endo CLDN5 SLC7A5,0.9883364836244894
TCCATGCAGAGCCCAA-1,Endo CLDN5 SLC7A5,0.5785815700812356
TCCATGCCACTGAGGA-1,Endo CLDN5 SLC7A5,0.714238102420665
TCCATGCCATGAGATA-1,L2-3 CUX2 NTNG1 PALMD,0.5699096259274328
TCCATGCGTACAAAGT-1,InN SST STK32A,0.9791101086372296
TCCATGCGTAGGCAGT-1,Oligo MOG OPALIN,0.32612091247568414
TCCATGCTCAAGTCGT-1,Oligo MOG OPALIN,0.9408001021335545
TCCCACAAGGCAGGGA-1,Endo CLDN5 SLC7A5,0.8586190900082148
TCCCACACACCTATCC-1,Oligo MOG OPALIN,0.9983002769768359
TCCCACACACGTCATA-1,Endo CLDN5 SLC7A5,0.9948203527843001
TCCCACAGTTGTAGCT-1,Oligo MOG OPALIN,0.7800484785380873
TCCCACATCCAGTGTA-1,Endo CLDN5 SLC7A5,0.9640449494173348
TCCCAGTAGAGTTGCG-1,Endo CLDN5 SLC7A5,0.6998988631877322
TCCCAGTAGGTAGTAT-1,Endo CLDN5 SLC7A5,0.9965417313464897
TCCCAGTCATGAAGCG-1,Oligo MOG OPALIN,0.7448239224481495
TCCCAGTTCCATCAGA-1,Endo CLDN5 SLC7A5,0.9485676985616645
TCCCAGTTCGGTGTTA-1,Endo CLDN5 SLC7A5,0.8807386706475361
TCCCATGAGCCTTGAT-1,Endo CLDN5 SLC7A5,0.7971319451322247
TCCCATGAGGGACAGG-1,Oligo MOG OPALIN,0.9997144575110222
TCCCATGCAGACGATG-1,Oligo MOG OPALIN,0.9933209215206137
TCCCATGCATGTGTCA-1,Oligo MOG OPALIN,0.9152574597683205
TCCCATGGTGGTACAG-1,Endo CLDN5 SLC7A5,0.4334171670588137
TCCGAAAGTCGAACGA-1,Endo CLDN5 SLC7A5,0.40417403105963745
TCCGAAAGTGCAACAG-1,Endo CLDN5 SLC7A5,0.5860175962911427
TCCGATCAGTATGGAT-1,Endo CLDN5 SLC7A5,0.7723356134720321
TCCGATCCACCCATAA-1,Oligo MOG OPALIN,0.47189958266643595
TCCGATCTCACTCCGT-1,Endo CLDN5 SLC7A5,0.9100644997033117
TCCGATCTCGGAGTGA-1,Endo CLDN5 SLC7A5,0.356729039836444
TCCGGGATCACAAGAA-1,Endo CLDN5 SLC7A5,0.382718738058971
TCCGGGATCGACGCTG-1,Endo CLDN5 SLC7A5,0.9780198661218037
TCCGGGATCGTTCTCG-1,Endo CLDN5 SLC7A5,0.9212314482544515
TCCGTGTCAACACAGG-1,Endo CLDN5 SLC7A5,0.608099052545285
TCCGTGTGTGCACAAG-1,Endo CLDN5 SLC7A5,0.9963930696900986
TCCGTGTGTTCGTTCC-1,Endo CLDN5 SLC7A5,0.9069867583414641
TCCGTGTGTTTCCAAG-1,Endo CLDN5 SLC7A5,0.9691473278379766
TCCTAATGTCCTGGTG-1,Endo CLDN5 SLC7A5,0.9998573867897144
TCCTCCCAGAAGGGAT-1,Oligo MOG OPALIN,0.5894569188528552
TCCTCCCCAATTGCAC-1,Endo CLDN5 SLC7A5,0.41331129422075236
TCCTCCCGTAGACACG-1,Endo CLDN5 SLC7A5,0.9950807110192881
TCCTCCCGTAGCTCGC-1,L2-3 CUX2 NTNG1 PALMD,0.3072559730577273
TCCTCCCTCAGCAATC-1,Endo CLDN5 SLC7A5,0.8331641443690587
TCCTCGAAGCCGATCC-1,Endo CLDN5 SLC7A5,0.8295434280765585
TCCTCGAGTACCGGCT-1,Endo CLDN5 SLC7A5,0.9052424403079816
TCCTCGAGTTTACTTC-1,Endo CLDN5 SLC7A5,0.9367571908157433
TCCTCGATCAGACAAA-1,Oligo MOG OPALIN,0.9443815499745514
TCCTCGATCAGCTGAT-1,Oligo MOG OPALIN,0.9750648667064894
TCCTCGATCCTTACCG-1,Oligo MOG OPALIN,0.8231947156990905
TCCTCGATCGGTTGTA-1,Oligo MOG OPALIN,0.7465966484925779
TCCTCGATCTTGAGCA-1,Endo CLDN5 SLC7A5,0.9954406497542361
TCCTCTTAGACGTCCC-1,Endo CLDN5 SLC7A5,0.8348317812985222
TCCTCTTAGCGAATGC-1,Endo CLDN5 SLC7A5,0.33666900773005
TCCTCTTCAGACTCTA-1,Oligo MOG OPALIN,0.8366477833276535
TCCTCTTCAGCAGACA-1,Endo CLDN5 SLC7A5,0.9490680977600018
TCCTGCAAGACCTTTG-1,Endo CLDN5 SLC7A5,0.9960605303005527
TCCTGCAAGATTAGAC-1,Astro AQP4 SLC1A2,0.7843656333828825
TCCTGCAAGCACTTTG-1,Oligo MOG OPALIN,0.9082225597958538
TCCTGCAAGTGTAGAT-1,Endo CLDN5 SLC7A5,0.9257388050702725
TCCTGCAGTACGGGAT-1,Endo CLDN5 SLC7A5,0.9199661770298445
TCCTGCAGTTGGGTAG-1,Endo CLDN5 SLC7A5,0.9768998505772476
TCCTTCTAGATGCCGA-1,Endo CLDN5 SLC7A5,0.5598509549173472
TCCTTCTAGGGCGAGA-1,Endo CLDN5 SLC7A5,0.9762207627063162
TCCTTCTCATTGGATC-1,Endo CLDN5 SLC7A5,0.40774087207140647
TCCTTCTGTATCACGT-1,Oligo MOG OPALIN,0.7123940565171979
TCCTTCTGTCGTTATG-1,Endo CLDN5 SLC7A5,0.6522405216993497
TCCTTCTTCCTAGCGG-1,Oligo MOG OPALIN,0.8804745978067335
TCCTTTCGTGCAATGG-1,Endo CLDN5 SLC7A5,0.9823968292659527
TCGAACAAGACCGTTT-1,Endo CLDN5 SLC7A5,0.8823837331874629
TCGAACACAGATCCAT-1,Endo CLDN5 SLC7A5,0.44130845647920375
TCGAAGTAGAGTTGAT-1,Oligo MOG OPALIN,0.9165747838515163
TCGAAGTGTGAGATAT-1,Oligo MOG OPALIN,0.37919888552473624
TCGAAGTGTGGATCGA-1,Endo CLDN5 SLC7A5,0.9536639673240569
TCGACCTCAAGGCTTT-1,Endo CLDN5 SLC7A5,0.430395101349686
TCGACCTCAGTCAGAG-1,Endo CLDN5 SLC7A5,0.6738706067053534
TCGACCTTCACACGAT-1,Endo CLDN5 SLC7A5,0.8302605655427915
TCGACCTTCGTCGCTT-1,Endo CLDN5 SLC7A5,0.9200909717693964
TCGACGGAGCGCCTAC-1,Endo CLDN5 SLC7A5,0.48828602766879897
TCGCACTCACCAGTAT-1,Oligo MOG OPALIN,0.6302908275783005
TCGCACTGTGATTCTG-1,Oligo MOG OPALIN,0.9912302593651592
TCGCACTGTTCCAAAC-1,Astro AQP4 SLC1A2,0.9254881555599721
TCGCAGGAGTGGTGAC-1,Endo CLDN5 SLC7A5,0.4400720123988684
TCGCAGGCAAGATGGC-1,Endo CLDN5 SLC7A5,0.9927265500692749
TCGCAGGCAGACACCC-1,Micro P2RY12 APBB1IP,0.7243363407868637
TCGCAGGGTAGATCGG-1,Endo CLDN5 SLC7A5,0.8240622551119449
TCGCAGGGTCTCACAA-1,Oligo MOG OPALIN,0.3976972698670295
TCGCAGGGTGTGGTCC-1,Endo CLDN5 SLC7A5,0.9411243874817706
TCGCAGGTCATGTCTT-1,Endo CLDN5 SLC7A5,0.9915379222594597
TCGCTCAAGGTAAACT-1,Endo CLDN5 SLC7A5,0.8238221245522852
TCGCTCACAGCTATAC-1,Endo CLDN5 SLC7A5,0.8607486351584719
TCGCTCAGTGCCTATA-1,Endo CLDN5 SLC7A5,0.9947303366753647
TCGCTCATCGGCATTA-1,Macro F13A1 COLEC12,0.99949608998761
TCGCTTGCAACAAAGT-1,Endo CLDN5 SLC7A5,0.4790559942807237
TCGCTTGTCAAGTCTG-1,Oligo MOG OPALIN,0.9137742019199321
TCGCTTGTCATCACTT-1,PC P2RY14 GRM8,0.8113690549922407
TCGCTTGTCTACGGGC-1,Endo CLDN5 SLC7A5,0.9880041398993619
TCGGATAAGTCAACAA-1,Oligo MOG OPALIN,0.6300372677847877
TCGGATAGTACCTATG-1,Endo CLDN5 SLC7A5,0.5740622535141379
TCGGATAGTATTTCTC-1,Endo CLDN5 SLC7A5,0.8281555097418073
TCGGATAGTCTCCCTA-1,Endo CLDN5 SLC7A5,0.963573947681913
TCGGATAGTGACTGAG-1,Oligo MOG OPALIN,0.9996898528917483
TCGGATATCTGCCTGT-1,Endo CLDN5 SLC7A5,0.8806830519022891
TCGGGACAGTTGCGAG-1,Endo CLDN5 SLC7A5,0.8808892831450507
TCGGGACTCGCTAGCG-1,Endo CLDN5 SLC7A5,0.9673230406617433
TCGGGCAAGTCATCGT-1,InN LAMP5 LHX6 TAC1,0.9988997417496999
TCGGGCATCTGTCGTC-1,Oligo MOG OPALIN,0.9126332135225242
TCGGGTGAGGCTCTCG-1,Endo CLDN5 SLC7A5,0.5538868254561995
TCGGGTGCAACGGCCT-1,Astro GFAP AQP1,0.9997241151169977
TCGGGTGCAGTAGTTC-1,Oligo MOG OPALIN,0.9999988056978255
TCGGGTGGTCCGCAGT-1,Endo CLDN5 SLC7A5,0.9920250953842767
TCGGGTGTCGCCTTTG-1,Oligo MOG OPALIN,0.8896672160750874
TCGGTCTAGATTGATG-1,Endo CLDN5 SLC7A5,0.9371058689032307
TCGGTCTAGCTTTCTT-1,Oligo MOG OPALIN,0.9891283008890305
TCGGTCTGTGCAATAA-1,Endo CLDN5 SLC7A5,0.8931822372830857
TCGGTCTGTTTATGCG-1,Endo CLDN5 SLC7A5,0.7356837391279553
TCGGTCTTCCTAGCCT-1,Endo CLDN5 SLC7A5,0.34226947332108726
TCGTAGAAGAACTGAT-1,Endo CLDN5 SLC7A5,0.7811445268069779
TCGTAGAAGAATTGTG-1,Endo CLDN5 SLC7A5,0.8432676182868816
TCGTAGACAATCGAAA-1,Endo CLDN5 SLC7A5,0.44101917592333045
TCGTAGAGTTACCTTT-1,Oligo MOG OPALIN,0.9998649168868439
TCGTCCAAGGCAGGTT-1,Astro AQP4 SLC1A2,0.9915828545846905
TCGTCCACATCCCGTT-1,Oligo MOG OPALIN,0.5878657926870533
TCGTCCAGTGGCGCTT-1,Endo CLDN5 SLC7A5,0.9579676590755096
TCGTGCTAGACCGTTT-1,Endo CLDN5 SLC7A5,0.9165835606552329
TCGTGCTCAATCGCCG-1,Endo CLDN5 SLC7A5,0.3488960627062594
TCGTGCTCAATCTGCA-1,Endo CLDN5 SLC7A5,0.4977794386306842
TCGTGCTGTGGTCTGC-1,Endo CLDN5 SLC7A5,0.7105369314754083
TCGTGCTGTTTGGAGG-1,Endo CLDN5 SLC7A5,0.9405930911589572
TCGTGCTTCACCATAG-1,Micro P2RY12 APBB1IP,0.6613331143540659
TCGTGGGGTAGGCTGA-1,L2-3 CUX2 NTNG1 PALMD,0.5013416963681014
TCGTGGGGTTAAGCAA-1,Endo CLDN5 SLC7A5,0.3270667169811958
TCGTGGGGTTGGGTTT-1,L2-3 CUX2 NTNG1 PALMD,0.31776035623230514
TCTAACTCACACACTA-1,OPC PDGFRA PCDH15,0.9999075281170355
TCTAACTGTCGTCATA-1,InN LAMP5 LHX6 TAC1,0.9981078969770129
TCTAACTGTGGACAGT-1,Endo CLDN5 SLC7A5,0.9998386016008777
TCTAACTTCAACCGAT-1,Endo CLDN5 SLC7A5,0.6666151030257979
TCTAACTTCCACATAG-1,Endo CLDN5 SLC7A5,0.3069048470897966
TCTAACTTCGAGTACT-1,Endo CLDN5 SLC7A5,0.9803386591784382
TCTACATAGAAGCGGG-1,Oligo MOG OPALIN,0.524061784165777
TCTACCGAGACGCCCT-1,Oligo MOG OPALIN,0.9680827300314689
TCTACCGAGGTAAAGG-1,Oligo MOG OPALIN,0.9999824679959177
TCTACCGCACGCGCTA-1,Oligo MOG OPALIN,0.4356709120200938
TCTACCGGTGTATTGC-1,Endo CLDN5 SLC7A5,0.9989121833829544
TCTACCGTCACCTCTG-1,L2-3 CUX2 NTNG1 PALMD,0.8180656645795658
TCTACCGTCTCAACGA-1,Endo CLDN5 SLC7A5,0.6439376723621326
TCTATACAGTCCCAGC-1,Endo CLDN5 SLC7A5,0.9817585813295197
TCTATACAGTTCCAGT-1,Endo CLDN5 SLC7A5,0.4810885288139391
TCTATACCAACCACAT-1,Endo CLDN5 SLC7A5,0.9149218251986774
TCTATCAAGTTGGCGA-1,Endo CLDN5 SLC7A5,0.6945785491811306
TCTCACGCAGGATCTT-1,Endo CLDN5 SLC7A5,0.3816655113996607
TCTCACGCATTGAGGG-1,Oligo MOG OPALIN,0.9808103730889608
TCTCACGTCATTTCGT-1,Oligo MOG OPALIN,0.5462434883721307
TCTCACGTCGACCACG-1,Endo CLDN5 SLC7A5,0.6807975547335356
TCTCACGTCTAGGAAA-1,Endo CLDN5 SLC7A5,0.717981938990952
TCTCAGCGTAAGCGGT-1,Oligo MOG OPALIN,0.9286858907551719
TCTCCGAAGCAGTAAT-1,Endo CLDN5 SLC7A5,0.8931235292584592
TCTCCGAAGGTACTGG-1,Oligo MOG OPALIN,0.8017346543382153
TCTCCGAAGTACAACA-1,Oligo MOG OPALIN,0.4560185210436072
TCTCCGACAATGTTGC-1,Endo CLDN5 SLC7A5,0.3412741677480656
TCTCTGGGTACGTACT-1,Endo CLDN5 SLC7A5,0.6553431508697337
TCTGCCAAGCAAGGAA-1,Endo CLDN5 SLC7A5,0.8703645804638667
TCTGCCACACAAGTTC-1,Endo CLDN5 SLC7A5,0.9630027795083038
TCTGCCAGTGTGAGCA-1,Oligo MOG OPALIN,0.9900409107905064
TCTGCCATCAACCTCC-1,Endo CLDN5 SLC7A5,0.4474705218866991
TCTGGCTAGATCCGAG-1,Endo CLDN5 SLC7A5,0.3763251514210789
TCTGGCTAGGAGAGTA-1,Oligo MOG OPALIN,0.5952864048047936
TCTGGCTAGTCATTGC-1,Endo CLDN5 SLC7A5,0.31328095939755346
TCTGGCTGTCATAAAG-1,Endo CLDN5 SLC7A5,0.8135669307070424
TCTGGCTGTGTATCCA-1,Endo CLDN5 SLC7A5,0.7912786378259693
TCTGGCTTCCAAGCTA-1,Endo CLDN5 SLC7A5,0.638440519656172
TCTGTCGAGTCCTACA-1,Endo CLDN5 SLC7A5,0.9977132480660792
TCTGTCGAGTCGCTAT-1,L6 OPRK1 SMYD1 KCND2,0.3211982197881759
TCTGTCGTCAGCGCGT-1,Oligo MOG OPALIN,0.948865339243971
TCTGTCGTCAGTCAGT-1,Oligo MOG OPALIN,0.8510826403887383
TCTTAGTAGATTAGAC-1,Endo CLDN5 SLC7A5,0.9722137637753058
TCTTAGTAGCTTTCCC-1,Endo CLDN5 SLC7A5,0.36101007471617075
TCTTAGTCAATAGTAG-1,Oligo MOG OPALIN,0.4987901918017801
TCTTAGTGTGTGACCC-1,Endo CLDN5 SLC7A5,0.5980957223890756
TCTTAGTGTTTAGACC-1,Endo CLDN5 SLC7A5,0.7742742216085635
TCTTCCTAGTGTTCCA-1,Endo CLDN5 SLC7A5,0.9870966306753122
TCTTCCTCACTGCATA-1,Endo CLDN5 SLC7A5,0.9956813467767331
TCTTCCTCACTGCGTG-1,Oligo MOG GSN,0.9999794573267701
TCTTCCTGTCCACTTC-1,Endo CLDN5 SLC7A5,0.9503888392413129
TCTTCCTTCGGACCAC-1,Endo CLDN5 SLC7A5,0.818695072697469
TCTTCCTTCTTTGGAG-1,Oligo MOG OPALIN,0.32514842159714347
TCTTGCGAGACATAGT-1,Endo CLDN5 SLC7A5,0.9937254640243101
TCTTGCGCAGCTGTCG-1,OPC PDGFRA PCDH15,0.30686510403534045
TCTTGCGGTCTTACAG-1,Oligo MOG OPALIN,0.3483017094298391
TCTTGCGGTTTACGTG-1,Endo CLDN5 SLC7A5,0.9964662357465532
TCTTTGAAGCAGGTCA-1,Endo CLDN5 SLC7A5,0.9696867859156822
TCTTTGACACAAATCC-1,Endo CLDN5 SLC7A5,0.305253741616517
TCTTTGACACGTCGGT-1,Endo CLDN5 SLC7A5,0.9931678721014877
TCTTTGAGTCGAGTTT-1,Oligo MOG OPALIN,0.3033075110538041
TCTTTGATCTTAGCTT-1,Oligo MOG OPALIN,0.9999995915738592
TGAACGTAGCAGTACG-1,Oligo MOG OPALIN,0.9325309590593628
TGAACGTCAGCTCGGT-1,Oligo MOG OPALIN,0.648224001238761
TGAACGTGTCCCGCAA-1,Oligo MOG OPALIN,0.8333924393156856
TGAACGTTCGGCCAAC-1,Endo CLDN5 SLC7A5,0.9831896633678208
TGAATCGAGGAGAGTA-1,Endo CLDN5 SLC7A5,0.7859141050263952
TGAATCGTCTTACTGT-1,Endo CLDN5 SLC7A5,0.5069585799166985
TGAATGCAGAAGAGCA-1,Oligo MOG OPALIN,0.9789448150529108
TGAATGCAGTGAGTGC-1,Endo CLDN5 SLC7A5,0.9785019374627266
TGAATGCAGTGTAGTA-1,Oligo MOG OPALIN,0.3309646754487001
TGAATGCCACACACGC-1,Endo CLDN5 SLC7A5,0.953418622015782
TGAATGCCAGCCTTCT-1,Endo CLDN5 SLC7A5,0.6427595720555638
TGAATGCGTTCTTGTT-1,Oligo MOG OPALIN,0.8663721122567916
TGAATGCGTTTCCAAG-1,Oligo MOG OPALIN,0.9445019013930734
TGACAGTAGCGTCTCG-1,Endo CLDN5 SLC7A5,0.9989190518072539
TGACAGTGTGACCGTC-1,L2-3 CUX2 NTNG1 PALMD,0.33805255689677727
TGACAGTGTTCTCTCG-1,Endo CLDN5 SLC7A5,0.9778910190028555
TGACAGTTCGCTAATG-1,L6 OPRK1 THEMIS RGS6,0.46900524173050173
TGACCCTAGCACAAAT-1,Endo CLDN5 SLC7A5,0.9667123400342856
TGACCCTAGGGCAGGA-1,Endo CLDN5 SLC7A5,0.6560140780349555
TGACCCTAGTTCTACG-1,Endo CLDN5 SLC7A5,0.9284926409629383
TGACGCGAGGATTCCT-1,Astro AQP4 SLC1A2,0.6754427530356775
TGACGCGGTCATAACC-1,Endo CLDN5 SLC7A5,0.7422640996939449
TGACGCGTCATACAGC-1,Oligo MOG OPALIN,0.7084790390078417
TGACGCGTCTGGTGCG-1,Endo CLDN5 SLC7A5,0.7797976850955937
TGACTCCAGTATAACG-1,Endo CLDN5 SLC7A5,0.9191968123780753
TGACTCCGTTATAGCC-1,Endo CLDN5 SLC7A5,0.7196357542571579
TGACTCCGTTCCGTTC-1,Oligo MOG OPALIN,0.6445409491084336
TGACTCCTCGCCTAGG-1,Endo CLDN5 SLC7A5,0.5148007442475945
TGAGACTCAGGTATGG-1,Oligo MOG OPALIN,0.607776946614449
TGAGACTCATGTACGT-1,Endo CLDN5 SLC7A5,0.9083762349549664
TGAGACTTCACCCTCA-1,Endo CLDN5 SLC7A5,0.9991736751719622
TGAGACTTCGCCAGTG-1,Endo CLDN5 SLC7A5,0.42425517594672085
TGAGACTTCGGCTGTG-1,Endo CLDN5 SLC7A5,0.49062643650658694
TGAGCATGTCTTAGTG-1,Endo CLDN5 SLC7A5,0.4960789106148537
TGAGCGCCAAGTTGGG-1,Oligo MOG OPALIN,0.34109300030827644
TGAGCGCGTCATACCA-1,Endo CLDN5 SLC7A5,0.46913803231265006
TGAGCGCGTGCTTCAA-1,Micro P2RY12 APBB1IP,0.9966159331849426
TGAGGAGCACCCAAGC-1,Endo CLDN5 SLC7A5,0.914111735790876
TGAGGAGCAGCGCTTG-1,Endo CLDN5 SLC7A5,0.4257496788659845
TGAGGAGCAGGTATGG-1,Oligo MOG OPALIN,0.7766480213798493
TGAGGAGGTACAGTTC-1,Oligo MOG OPALIN,0.4593138331930678
TGAGGAGGTTTCGTAG-1,Oligo MOG OPALIN,0.8646232741358074
TGAGGAGTCGCAGTCG-1,Oligo MOG OPALIN,0.9981828743663624
TGAGGGATCCGACAGC-1,Endo CLDN5 SLC7A5,0.8714866156245629
TGAGGGATCCTTATCA-1,Oligo MOG OPALIN,0.8359014727113883
TGAGGTTAGCCTCCAG-1,Oligo MOG OPALIN,0.7107822456961941
TGAGGTTCAACAGATA-1,Endo CLDN5 SLC7A5,0.6536223370498436
TGAGGTTCACAGCGCT-1,Oligo MOG OPALIN,0.9250446470497085
TGAGGTTGTACGTTCA-1,Endo CLDN5 SLC7A5,0.7439709803934159
TGAGGTTGTGGGTCAA-1,Endo CLDN5 SLC7A5,0.3604759111712221
TGAGTCAAGCCAAGGT-1,Endo CLDN5 SLC7A5,0.5313103412544108
TGAGTCAGTCCGCAGT-1,Endo CLDN5 SLC7A5,0.38285398790173986
TGAGTCAGTTCTTAGG-1,OPC PDGFRA PCDH15,0.9999999999998748
TGATCAGAGGTGGGTT-1,Endo CLDN5 SLC7A5,0.5335809540415986
TGATCAGTCGCTTTAT-1,Endo CLDN5 SLC7A5,0.9361475639038126
TGATCTTCAGGTTCCG-1,Endo CLDN5 SLC7A5,0.9680914785359638
TGATCTTGTATCTCTT-1,Endo CLDN5 SLC7A5,0.41889450108838755
TGATGCAAGGTCGACA-1,Endo CLDN5 SLC7A5,0.8756451687367611
TGATGCACAGTGCGCT-1,Oligo MOG OPALIN,0.9447313239187732
TGATGCACATAATCGC-1,Endo CLDN5 SLC7A5,0.6977353637232244
TGATGCAGTCCGAAAG-1,Oligo MOG OPALIN,0.8839664221314291
TGATGCATCGCAAGAG-1,Endo CLDN5 SLC7A5,0.9952254144522221
TGATGGTAGGACTTCT-1,Endo CLDN5 SLC7A5,0.9950390171762241
TGATGGTTCCACAGGC-1,Endo CLDN5 SLC7A5,0.9752906850734574
TGATTCTGTACCGGCT-1,Endo CLDN5 SLC7A5,0.9999947990257173
TGATTCTGTCTTCGAA-1,Oligo MOG GSN,0.35338500171334875
TGATTCTTCTACGGTA-1,Endo CLDN5 SLC7A5,0.8161354473639352
TGATTTCTCTCATTAC-1,Oligo MOG OPALIN,0.6913706834301363
TGCACGGAGGTTGAGC-1,Oligo MOG OPALIN,0.9438606895673632
TGCACGGCAGACACCC-1,Endo CLDN5 SLC7A5,0.903556267125606
TGCACGGCATAGGCGA-1,Endo CLDN5 SLC7A5,0.9461922475286381
TGCACGGGTATCCTTT-1,Endo CLDN5 SLC7A5,0.37211985457407365
TGCACGGTCCTACGAA-1,Micro P2RY12 APBB1IP,0.9998820662615715
TGCACGGTCTAGTGTG-1,Oligo MOG OPALIN,0.47880906976729076
TGCAGATAGAGATGCC-1,Oligo MOG OPALIN,0.7046407344694444
TGCAGGCAGCCATATC-1,Endo CLDN5 SLC7A5,0.9339777575279046
TGCAGGCCAATTGCAC-1,Endo CLDN5 SLC7A5,0.7083061797372867
TGCAGGCCAGGCATGA-1,Astro AQP4 SLC1A2,0.9868392066422375
TGCAGTAAGAATACAC-1,Oligo MOG OPALIN,0.6321159964668506
TGCAGTACATGGCTGC-1,Endo CLDN5 SLC7A5,0.997113025677488
TGCAGTATCATCTGTT-1,Endo CLDN5 SLC7A5,0.5336429660217518
TGCAGTATCCAACCGG-1,Endo CLDN5 SLC7A5,0.3712289270438046
TGCATCCAGGTGCGAT-1,Endo CLDN5 SLC7A5,0.9264425512138003
TGCATCCAGTGTACCT-1,Endo CLDN5 SLC7A5,0.8468190392629249
TGCATCCGTTCCACGG-1,Endo CLDN5 SLC7A5,0.5400722176277796
TGCATGAAGAATCGTA-1,Endo CLDN5 SLC7A5,0.9749948728607429
TGCATGAAGCCTCCAG-1,Endo CLDN5 SLC7A5,0.7210137292288178
TGCATGAGTGAGACCA-1,Endo CLDN5 SLC7A5,0.9747001148857437
TGCCGAGCACTACCCT-1,Oligo MOG OPALIN,0.9492472514869
TGCCGAGGTAACGCGA-1,Endo CLDN5 SLC7A5,0.6578371986070985
TGCCGAGGTACTAGCT-1,Endo CLDN5 SLC7A5,0.9885961739435234
TGCCGAGTCCGTGACG-1,Oligo MOG OPALIN,0.3954890335058889
TGCCGAGTCTGGGTCG-1,Endo CLDN5 SLC7A5,0.36185302859202606
TGCGACGAGTATGCAA-1,L6 OPRK1 THEMIS RGS6,0.38583390486068053
TGCGATAAGGCATCAG-1,Oligo MOG OPALIN,0.9972434079393977
TGCGATACAGTGAGCA-1,Oligo MOG OPALIN,0.9971617541781549
TGCGATAGTTCGGTAT-1,Astro AQP4 SLC1A2,0.9999560209583587
TGCGATATCAGCCTCT-1,Endo CLDN5 SLC7A5,0.9916257922180222
TGCGATATCGTAATGC-1,Endo CLDN5 SLC7A5,0.9879689007429875
TGCGGCACAGAGGTAC-1,Endo CLDN5 SLC7A5,0.9989923282427624
TGCGGCAGTCGCACAC-1,Oligo MOG OPALIN,0.9948464963640428
TGCGGCATCTATCGGA-1,Endo CLDN5 SLC7A5,0.49963753861442217
TGCGGGTCAGTTCCAA-1,OPC PDGFRA PCDH15,0.9999999999998725
TGCTCCAAGGAAGTGA-1,Endo CLDN5 SLC7A5,0.9214714023208637
TGCTCCACAAACACCT-1,Oligo MOG OPALIN,0.34683946355151296
TGCTCCACATAATGCC-1,Endo CLDN5 SLC7A5,0.8667125131096531
TGCTCGTCAGCATGCC-1,Endo CLDN5 SLC7A5,0.6875911190528732
TGCTCGTGTCGCTGCA-1,Endo CLDN5 SLC7A5,0.9990853157064965
TGCTCGTGTTGACTGT-1,Endo CLDN5 SLC7A5,0.915886445025693
TGCTCGTTCACCACAA-1,L2-3 CUX2 NTNG1 PALMD,0.5389891378367905
TGCTCGTTCCATTTCA-1,Endo CLDN5 SLC7A5,0.8561669958911352
TGCTCGTTCCCTTGTG-1,Endo CLDN5 SLC7A5,0.9619361051557229
TGCTGAAAGGAGATAG-1,Oligo MOG OPALIN,0.9999682183619805
TGCTGAAGTACTCGCG-1,Endo CLDN5 SLC7A5,0.7868491510767457
TGCTGAAGTGTGATGG-1,Oligo MOG OPALIN,0.9603894206101671
TGCTTCGAGCTGTACT-1,Endo CLDN5 SLC7A5,0.9506847157155258
TGCTTCGCACACCTTC-1,Oligo MOG OPALIN,0.9999493239788442
TGCTTCGCATTCATCT-1,Endo CLDN5 SLC7A5,0.998420725976055
TGCTTGCAGACGACTG-1,PC P2RY14 GRM8,0.9652122623816477
TGCTTGCCAAGTATAG-1,Endo CLDN5 SLC7A5,0.9491338346048395
TGCTTGCCATTAGGCT-1,Endo CLDN5 SLC7A5,0.9148379455770727
TGCTTGCTCTCGTCGT-1,Endo CLDN5 SLC7A5,0.41470709730129846
TGGAACTCAAACCACT-1,Micro P2RY12 APBB1IP,0.6969086482543542
TGGAACTCAGCCTATA-1,Endo CLDN5 SLC7A5,0.9385375241991236
TGGAACTGTACCCAGC-1,L3-5 RORB MKX DCC,0.8928489802786342
TGGAGAGAGCGCCTAC-1,Endo CLDN5 SLC7A5,0.6163069219646753
TGGAGAGAGTACCCTA-1,Endo CLDN5 SLC7A5,0.5055483631851316
TGGAGAGCAGAACTTC-1,InN VIP EXPH5,0.9969974694791846
TGGAGAGCAGCTGTTA-1,Endo CLDN5 SLC7A5,0.6318276654104584
TGGAGAGGTCTCGACG-1,Endo CLDN5 SLC7A5,0.4746101277712591
TGGAGGAAGTGCACTT-1,Endo CLDN5 SLC7A5,0.9917319839843456
TGGAGGAAGTTTGAGA-1,Endo CLDN5 SLC7A5,0.7919998823889398
TGGAGGACAGCTACCG-1,Endo CLDN5 SLC7A5,0.9441644261059358
TGGAGGACAGTCGGAA-1,Endo CLDN5 SLC7A5,0.9351247792827905
TGGAGGATCACCGGGT-1,Oligo MOG OPALIN,0.9159653995764712
TGGAGGATCGAGAGAC-1,Endo CLDN5 SLC7A5,0.892461391145214
TGGATCAAGAGAGTGA-1,Endo CLDN5 SLC7A5,0.6258688245283036
TGGATCAAGCACCTGC-1,L2-3 CUX2 NTNG1 PALMD,0.566450069894351
TGGATCACAACGGCTC-1,Endo CLDN5 SLC7A5,0.7450665192284737
TGGATCAGTAAGTAGT-1,Oligo MOG OPALIN,0.840385943905979
TGGATCAGTAATCAGA-1,Endo CLDN5 SLC7A5,0.6077561427201805
TGGATCATCCCAATAG-1,Endo CLDN5 SLC7A5,0.7707477329541498
TGGATGTAGAAAGTCT-1,Oligo MOG OPALIN,0.9871332808227758
TGGATGTAGGGCAATC-1,Endo CLDN5 SLC7A5,0.883407028728643
TGGATGTCATGTGCTA-1,Endo CLDN5 SLC7A5,0.6397977629067952
TGGATGTGTTGCGAAG-1,Oligo MOG OPALIN,0.9999942597413727
TGGCGTGAGGAATTAC-1,Oligo MOG OPALIN,0.9334239891988598
TGGGAAGAGCCATTCA-1,Endo CLDN5 SLC7A5,0.9940875525635872
TGGGAAGGTAATCAAG-1,Endo CLDN5 SLC7A5,0.7865513108427398
TGGGAAGTCCCTTCCC-1,Endo CLDN5 SLC7A5,0.9716893981215882
TGGGAAGTCGCATTAG-1,L2-3 CUX2 NTNG1 PALMD,0.4829819585566045
TGGGAAGTCGCGCCAA-1,Oligo MOG OPALIN,0.9578739054575375
TGGGAGAAGAAATTCG-1,Oligo MOG OPALIN,0.9781423184601397
TGGGAGAGTTTACTGG-1,Endo CLDN5 SLC7A5,0.7898928203441083
TGGGAGATCCTACAAG-1,Oligo MOG OPALIN,0.8731287498635925
TGGGAGATCTATTTCG-1,Endo CLDN5 SLC7A5,0.7562921844804783
TGGGAGATCTGGCCAG-1,L3-5 RORB MKX GRIN3A,0.7698873931311676
TGGGAGATCTTTCAGT-1,Oligo MOG OPALIN,0.9100307428765297
TGGGATTCAATGTCTG-1,Endo CLDN5 SLC7A5,0.8797396504018126
TGGGATTCACATGACT-1,Endo CLDN5 SLC7A5,0.3016612902627615
TGGGATTCACGGTGTC-1,Endo CLDN5 SLC7A5,0.3433303773820577
TGGGATTGTAGATTGA-1,Endo CLDN5 SLC7A5,0.803191379321877
TGGGATTTCCCGGTAG-1,Endo CLDN5 SLC7A5,0.5419905260948664
TGGGCGTAGGGCAAGG-1,Endo CLDN5 SLC7A5,0.386239800424405
TGGGCGTCATCATCCC-1,Oligo MOG OPALIN,0.9999995974230478
TGGGCGTGTGACTGAG-1,Endo CLDN5 SLC7A5,0.6416885485649249
TGGGCGTGTGGCTTGC-1,Oligo MOG OPALIN,0.8411722344034838
TGGGCTGCACCGTGAC-1,Oligo MOG OPALIN,0.999956332286584
TGGGCTGCAGCTACCG-1,Oligo MOG OPALIN,0.9197008357097849
TGGGCTGGTCGTTCAA-1,Endo CLDN5 SLC7A5,0.6402625632114696
TGGGTTAAGCCTGTCG-1,Oligo MOG OPALIN,0.9985381878114867
TGGGTTACAGTAACAA-1,Micro P2RY12 APBB1IP,0.9987963583570204
TGGGTTACAGTGTATC-1,L2-3 CUX2 NTNG1 PALMD,0.5860490948821203
TGGGTTAGTGGTCTGC-1,Endo CLDN5 SLC7A5,0.9767156138194587
TGGGTTATCCGGTTCT-1,Oligo MOG OPALIN,0.6179764626295388
TGGTACAAGCAGCCCT-1,Endo CLDN5 SLC7A5,0.9391323979156116
TGGTACAAGGGAGTTC-1,Endo CLDN5 SLC7A5,0.7818631440469478
TGGTACACACTGTTCC-1,Endo CLDN5 SLC7A5,0.9873338489950116
TGGTACACATACCACA-1,Endo CLDN5 SLC7A5,0.9689434735606488
TGGTACATCAAGAGGC-1,Oligo MOG OPALIN,0.4027879746619779
TGGTACATCATTACCT-1,Endo CLDN5 SLC7A5,0.9991807344534136
TGGTAGTAGGAAGTGA-1,L6 OPRK1 SMYD1 TSHZ2,0.4861292169412232
TGGTAGTCACTATCCC-1,Endo CLDN5 SLC7A5,0.6317702819204087
TGGTAGTCATCTGGGC-1,Endo CLDN5 SLC7A5,0.9880404015303744
TGGTGATGTAGTGCGA-1,Oligo MOG OPALIN,0.9355859125922532
TGGTTAGAGAACCGCA-1,Endo CLDN5 SLC7A5,0.7987616401442571
TGGTTAGCAAATTGGA-1,Oligo MOG OPALIN,0.46592674904075615
TGGTTAGCAATGCAAA-1,Endo CLDN5 SLC7A5,0.9571511572479013
TGGTTAGCAGACGCTC-1,Endo CLDN5 SLC7A5,0.8961126604881625
TGGTTAGTCAGCAGAG-1,Endo CLDN5 SLC7A5,0.9919845952811427
TGGTTAGTCGACTCCT-1,Endo CLDN5 SLC7A5,0.9927144198238503
TGGTTAGTCGTACACA-1,Endo CLDN5 SLC7A5,0.912577263742943
TGTAACGAGTGTACCT-1,Endo CLDN5 SLC7A5,0.6671496122207279
TGTAACGCACGCGTGT-1,Endo CLDN5 SLC7A5,0.8712073258804376
TGTAACGGTCAATCTG-1,Endo CLDN5 SLC7A5,0.7833918047519062
TGTAACGGTGAGTGAC-1,Oligo MOG OPALIN,0.9975916190418495
TGTAAGCAGGATAATC-1,Endo CLDN5 SLC7A5,0.907635137448748
TGTACAGAGAAACTGT-1,Endo CLDN5 SLC7A5,0.580676601546763
TGTACAGCAGCGACAA-1,Astro AQP4 SLC1A2,0.966183682831806
TGTACAGGTATCCCTC-1,Endo CLDN5 SLC7A5,0.8068768828319188
TGTACAGGTCTGTCCT-1,Endo CLDN5 SLC7A5,0.9782141774351129
TGTACAGGTGGCATCC-1,Endo CLDN5 SLC7A5,0.3744842237052601
TGTACAGTCTCTAGGA-1,Oligo MOG OPALIN,0.9795313112043039
TGTAGACAGGATTTCC-1,Endo CLDN5 SLC7A5,0.8189874117828597
TGTAGACCAAATGAGT-1,Oligo MOG OPALIN,0.7025949107970919
TGTAGACGTACACGCC-1,Oligo MOG OPALIN,0.9996375402458371
TGTAGACGTATAGGAT-1,Endo CLDN5 SLC7A5,0.32599307800218413
TGTAGACGTCTTTCTA-1,Oligo MOG OPALIN,0.9940988174890232
TGTAGACTCTTGAACG-1,Endo CLDN5 SLC7A5,0.3367668882792542
TGTCAGACAAATAAGC-1,Endo CLDN5 SLC7A5,0.8108379654365877
TGTCAGACAAGAATAC-1,Endo CLDN5 SLC7A5,0.8174183146445678
TGTCCACAGTAAAGCT-1,Endo CLDN5 SLC7A5,0.9313929917774159
TGTCCACGTGATAGAT-1,Endo CLDN5 SLC7A5,0.3135590438886419
TGTCCACGTGGACTGA-1,Oligo MOG OPALIN,0.9502387468229434
TGTCCACTCTCCTACG-1,Oligo MOG OPALIN,0.8525243746573514
TGTCCCACAAGTTGGG-1,Endo CLDN5 SLC7A5,0.8008484829835553
TGTCCCAGTATCGTGT-1,Oligo MOG OPALIN,0.9906532058994112
TGTCCCATCACGGGCT-1,Oligo MOG OPALIN,0.9999999217752736
TGTCCCATCTAAGAAG-1,Endo CLDN5 SLC7A5,0.6326183767500125
TGTCCTGAGAGCAGTC-1,Endo CLDN5 SLC7A5,0.3777786994427982
TGTCCTGAGGAGAGGC-1,InN LAMP5 LHX6 PROX1,0.9447849262457018
TGTCCTGGTTCCCAAA-1,Endo CLDN5 SLC7A5,0.9663111145665096
TGTCCTGTCCCAGTGG-1,Endo CLDN5 SLC7A5,0.9873766003782742
TGTGAGTAGGTTCACT-1,Oligo MOG OPALIN,0.6652846488441306
TGTGAGTAGTGCGCTC-1,Endo CLDN5 SLC7A5,0.40412997773377846
TGTGAGTTCTGAGGCC-1,Endo CLDN5 SLC7A5,0.5981787011041666
TGTGAGTTCTGCTTAT-1,L2-3 CUX2 NTNG1 PALMD,0.4073576992084727
TGTGATGAGAGCTTTC-1,Endo CLDN5 SLC7A5,0.936007678674652
TGTGATGAGTTGGAGC-1,Oligo MOG OPALIN,0.6518423911190208
TGTGATGCAACAAAGT-1,Endo CLDN5 SLC7A5,0.9544645278637094
TGTGATGCACCACATA-1,Endo CLDN5 SLC7A5,0.7131527921584236
TGTGATGGTCCGGATC-1,L2-3 CUX2 ACVR1C THSD7A,0.820124477521387
TGTGATGGTGTCTTCC-1,Oligo MOG OPALIN,0.7050499181016633
TGTGATGGTTATGTGC-1,Endo CLDN5 SLC7A5,0.9251161720689939
TGTGCGGTCGCCTAGG-1,L6 OPRK1 THEMIS RGS6,0.5968492891788594
TGTGCGGTCGTTCCCA-1,L2-3 CUX2 NTNG1 PALMD,0.31226218529145205
TGTGGCGGTTCTAACG-1,Oligo MOG OPALIN,0.9891609330501319
TGTGTGAAGTCAGCCC-1,Endo CLDN5 SLC7A5,0.5123679151206663
TGTGTGACACAAACGG-1,Endo CLDN5 SLC7A5,0.7291993756595163
TGTGTGAGTGTAAATG-1,L3-5 RORB GABRG1 PTPRO,0.46986757279319447
TGTGTGATCATCGGGC-1,Endo CLDN5 SLC7A5,0.7039347461099359
TGTTACTAGAAGCGAA-1,Endo CLDN5 SLC7A5,0.848861629114088
TGTTACTAGCAGGCAT-1,Oligo MOG OPALIN,0.5403388056279209
TGTTACTAGTTCGGTT-1,Endo CLDN5 SLC7A5,0.9996963717140331
TGTTACTGTGATATAG-1,Endo CLDN5 SLC7A5,0.9322865176442595
TGTTCATAGCTGCGAA-1,Oligo MOG OPALIN,0.9912576676469272
TGTTCATAGGTACAGC-1,Endo CLDN5 SLC7A5,0.995955744007347
TGTTCATTCATGAGTC-1,Endo CLDN5 SLC7A5,0.9948515754147632
TGTTCATTCTCGCTTG-1,Endo CLDN5 SLC7A5,0.42426343650869114
TGTTCCGAGAGTCTTC-1,Endo CLDN5 SLC7A5,0.6638874928175765
TGTTCCGAGGCGCTTC-1,Endo CLDN5 SLC7A5,0.6895728028681667
TGTTCCGCAGGGTTGA-1,L6 FEZF2 AMOTL1 CDH6,0.9926371636351196
TGTTCCGGTTACGGAG-1,Oligo MOG OPALIN,0.9677709526771228
TGTTCTAAGTTGCTCA-1,Oligo MOG OPALIN,0.4749622195966696
TGTTCTACAATTGCTG-1,Oligo MOG OPALIN,0.826763144999954
TGTTCTAGTAAGGCTG-1,Endo CLDN5 SLC7A5,0.78475828717091
TGTTCTATCGTGGGAA-1,L2-3 CUX2 NTNG1 PALMD,0.4460276172277988
TGTTGAGAGTACTGGG-1,Oligo MOG OPALIN,0.8311651927083302
TGTTGAGAGTTGGAGC-1,Endo CLDN5 SLC7A5,0.3798225465870345
TGTTGAGCATCAGCAT-1,Oligo MOG OPALIN,0.47596541623952016
TGTTGAGTCCTACACC-1,Endo CLDN5 SLC7A5,0.5606727852003182
TGTTGGAAGATCGCTT-1,Endo CLDN5 SLC7A5,0.9787942473669493
TGTTGGACAAAGACGC-1,Endo CLDN5 SLC7A5,0.49721197890211744
TGTTGGACAAGGGCAT-1,Endo CLDN5 SLC7A5,0.6157863783024285
TGTTGGATCATGACAC-1,Oligo MOG OPALIN,0.8789055869763325
TGTTGGATCATGGATC-1,Oligo MOG OPALIN,0.9853184543655295
TGTTTGTAGGTCGTGA-1,Endo CLDN5 SLC7A5,0.8618130594830606
TGTTTGTCAAGTGCTT-1,L6 FEZF2 SYT6 PTPRT,0.5258627857905058
TGTTTGTGTACAGTCT-1,Endo CLDN5 SLC7A5,0.9788087760677557
TTAATCCAGCTACAAA-1,Oligo MOG OPALIN,0.4141917412347011
TTAATCCGTGCGAACA-1,Endo CLDN5 SLC7A5,0.9951937695470663
TTACAGGAGCCAAGTG-1,Endo CLDN5 SLC7A5,0.9771821659209017
TTACAGGCACAGAAGC-1,Astro AQP4 SLC1A2,0.9945452722864548
TTACCATAGCGATGCA-1,Oligo MOG OPALIN,0.6268760266684352
TTACCATCACGAAGAC-1,Endo CLDN5 SLC7A5,0.9445455000422586
TTACCGCCAGGTTCGC-1,Oligo MOG OPALIN,0.9524290031129846
TTACCGCGTACACTCA-1,Endo CLDN5 SLC7A5,0.9644648947908306
TTACCGCGTGACAGGT-1,InN LAMP5 LHX6 PROX1,0.9904157295346107
TTACCGCGTGCGGTAA-1,Endo CLDN5 SLC7A5,0.7524891764581431
TTACGCCAGGGATCTG-1,Endo CLDN5 SLC7A5,0.3389970244948982
TTACGCCCAAATGGAT-1,Oligo MOG OPALIN,0.9572237852327748
TTACGCCTCCTTGGAA-1,Endo CLDN5 SLC7A5,0.9807762357189882
TTACGTTAGCCTCTGG-1,Astro GFAP FABP7,0.9723466698366259
TTACGTTAGCTGTTAC-1,Oligo MOG OPALIN,0.9900659495828789
TTACGTTCACTACCCT-1,Oligo MOG OPALIN,0.9992433327039241
TTACGTTGTTCCGGTG-1,Endo CLDN5 SLC7A5,0.45846286699414446
TTACTGTAGCCGTTAT-1,Astro GFAP AQP1,0.9122293949227966
TTACTGTGTCCCGGTA-1,Endo CLDN5 SLC7A5,0.8716617951990775
TTAGGCACAAGTGGAC-1,Astro AQP4 SLC1A2,0.9999956473985331
TTAGGCATCCTTCAGC-1,Oligo MOG OPALIN,0.9786628476377313
TTAGGGTAGGTCTACT-1,L6 FEZF2 NPFFR2 TPD52L1,0.437353140038065
TTAGGGTAGGTTAAAC-1,Oligo MOG OPALIN,0.7885173367964018
TTAGGGTCAACACACT-1,Endo CLDN5 SLC7A5,0.5911958621035486
TTAGTCTCATTCCTCG-1,Endo CLDN5 SLC7A5,0.9568410668081667
TTATTGCAGCAGCCCT-1,Oligo MOG OPALIN,0.7938504023561432
TTATTGCAGTAGACCG-1,Endo CLDN5 SLC7A5,0.9926412129065246
TTATTGCGTCTTCTAT-1,Oligo MOG OPALIN,0.8866937357941715
TTATTGCGTGCAGATG-1,Endo CLDN5 SLC7A5,0.9472589130852475
TTATTGCTCAAATAGG-1,InN VIP HS3ST3B1,0.9993601125060779
TTATTGCTCGAAGCAG-1,L2-3 CUX2 NTNG1 PALMD,0.9264695376249216
TTCAATCAGAGCTTTC-1,Oligo MOG OPALIN,0.9993589022043963
TTCAATCCACTTGTCC-1,Oligo MOG OPALIN,0.4531307116516056
TTCACCGAGTGAGGTC-1,Endo CLDN5 SLC7A5,0.45390202995614265
TTCACCGAGTTCAACC-1,Endo CLDN5 SLC7A5,0.9080657881270606
TTCACCGCACGCCACA-1,L2-3 CUX2 NTNG1 PALMD,0.5062833750337186
TTCACCGGTTGTCTAG-1,Endo CLDN5 SLC7A5,0.8940358545749421
TTCACCGTCTGCGGGT-1,Endo CLDN5 SLC7A5,0.9782081492212302
TTCACGCAGCCGGATA-1,L3-5 RORB GABRG1 PTPRO,0.3822764779016437
TTCACGCAGCGACTGA-1,L2-3 CUX2 NTNG1 PALMD,0.7006064507216417
TTCACGCAGGGCGAAG-1,Oligo MOG OPALIN,0.9987678882365999
TTCACGCCAAACGGCA-1,Endo CLDN5 SLC7A5,0.5718904762103434
TTCACGCCAAAGCGTG-1,Endo CLDN5 SLC7A5,0.9223096325380314
TTCACGCTCCTTCTTC-1,Endo CLDN5 SLC7A5,0.9496948200175359
TTCAGGACACGAGGTA-1,Endo CLDN5 SLC7A5,0.8503803876993428
TTCAGGATCTGGAGAG-1,Oligo MOG OPALIN,0.7375420028870154
TTCATGTAGACCGTTT-1,Oligo MOG GSN,0.9999985147418287
TTCATGTCAGCGGATA-1,Oligo MOG OPALIN,0.980559402777139
TTCATGTTCGGACGTC-1,Endo CLDN5 SLC7A5,0.885744048848602
TTCATGTTCGTTCCCA-1,Endo CLDN5 SLC7A5,0.9504342533306686
TTCATTGAGCCTTGAT-1,Oligo MOG OPALIN,0.9058555243813604
TTCATTGAGCGCCTCA-1,Oligo MOG OPALIN,0.9862447489649523
TTCATTGGTATCCCTC-1,Oligo MOG OPALIN,0.7484786464504591
TTCATTGTCGTCGGGT-1,L3-5 RORB GABRG1 PTPRO,0.45744290001589966
TTCCAATAGTCAGAGC-1,Endo CLDN5 SLC7A5,0.9916248028321264
TTCCAATGTAGTTAGA-1,Endo CLDN5 SLC7A5,0.4382692159072118
TTCCAATTCAGGAAGC-1,Micro P2RY12 APBB1IP,0.5621101316237787
TTCCAATTCGCTGCGA-1,Endo CLDN5 SLC7A5,0.9793575818826844
TTCCAATTCTTAGGAC-1,Astro GFAP FABP7,0.6910185236118407
TTCCACGAGTAATCCC-1,Endo CLDN5 SLC7A5,0.994785538930652
TTCCACGCAACCCTCT-1,Endo CLDN5 SLC7A5,0.745416028940183
TTCCACGTCCATTTCA-1,Endo CLDN5 SLC7A5,0.6248902971958795
TTCCACGTCTCAGGCG-1,Oligo MOG OPALIN,0.3643641851252767
TTCCGGTAGACATGCG-1,Oligo MOG OPALIN,0.42517845834026835
TTCCGGTAGTGGATAT-1,Oligo MOG OPALIN,0.9996285404160532
TTCCGGTGTCGAGCTC-1,Endo CLDN5 SLC7A5,0.9196969871216654
TTCCGGTGTGTTATCG-1,Endo CLDN5 SLC7A5,0.9692677764690603
TTCCGGTTCAGTCATG-1,Endo CLDN5 SLC7A5,0.9930351873717851
TTCCGGTTCGGAGATG-1,Oligo MOG OPALIN,0.955600920721884
TTCCGGTTCTATACTC-1,Endo CLDN5 SLC7A5,0.9985263961834886
TTCCTAACATTACTCT-1,Endo CLDN5 SLC7A5,0.4568291313437218
TTCCTCTAGGGAGTTC-1,Endo CLDN5 SLC7A5,0.8887574555463444
TTCCTCTCAGAGACTG-1,Endo CLDN5 SLC7A5,0.9904057328930889
TTCCTCTTCACGGACC-1,Endo CLDN5 SLC7A5,0.8694588198028318
TTCCTCTTCATGCAGT-1,Endo CLDN5 SLC7A5,0.9985406697504902
TTCGATTCATCGTGGC-1,Endo CLDN5 SLC7A5,0.6806925855580689
TTCGATTCATCTATCT-1,L2-3 CUX2 NTNG1 PALMD,0.3181204003130066
TTCGATTGTAGTTCCA-1,Endo CLDN5 SLC7A5,0.8190389613698961
TTCGATTGTTATAGAG-1,Micro P2RY12 APBB1IP,0.9305494765906452
TTCGATTTCGTTGCCT-1,Oligo MOG OPALIN,0.5822648654405601
TTCGCTGAGCATTTCG-1,L3-5 RORB GABRG1 PTPRO,0.4750736539617637
TTCGCTGAGGATGGCT-1,Endo CLDN5 SLC7A5,0.6723711429490842
TTCGCTGAGGCATGGT-1,Endo CLDN5 SLC7A5,0.5757668884407822
TTCGCTGAGGCATTTC-1,Endo CLDN5 SLC7A5,0.8557263585855289
TTCGCTGAGTCAGAGC-1,Endo CLDN5 SLC7A5,0.3749483337918142
TTCGCTGGTCTGTGCG-1,Endo CLDN5 SLC7A5,0.4155487077353839
TTCGCTGGTGGCCTCA-1,Endo CLDN5 SLC7A5,0.5157008740147768
TTCGGTCCACAGCGCT-1,L2-3 CUX2 NTNG1 PALMD,0.45956949419999643
TTCGGTCCATACAGAA-1,Endo CLDN5 SLC7A5,0.5475373122839969
TTCTAACAGCAGGCAT-1,Astro AQP4 SLC1A2,0.9153027572630796
TTCTAACGTACTGAGG-1,Endo CLDN5 SLC7A5,0.32708462451241155
TTCTAACTCATTACGG-1,Oligo MOG OPALIN,0.9987994953852954
TTCTAGTAGTCGGCAA-1,Astro GFAP AQP1,0.4427579702515325
TTCTAGTAGTGACACG-1,Endo CLDN5 SLC7A5,0.5769726958175795
TTCTAGTTCGTCAACA-1,Endo CLDN5 SLC7A5,0.3777303391432653
TTCTCTCAGAGAAGGT-1,Endo CLDN5 SLC7A5,0.8356684099844969
TTCTCTCAGTTGCGCC-1,Oligo MOG OPALIN,0.7064264431762699
TTCTCTCCAATTCTCT-1,Endo CLDN5 SLC7A5,0.35480272716235944
TTCTCTCCAGAGAATT-1,Oligo MOG OPALIN,0.6461426511567154
TTCTCTCCAGCGGTTC-1,L6 FEZF2 SYT6 CDH9,0.3875246566869821
TTCTCTCTCCAGCTCT-1,Endo CLDN5 SLC7A5,0.9965898160837987
TTCTGTATCATGCATG-1,Endo CLDN5 SLC7A5,0.37507240137661785
TTCTGTATCCAAAGGG-1,Micro P2RY12 APBB1IP,0.98275566122286
TTCTTCCGTGGGATTG-1,Oligo MOG OPALIN,0.7366891096342978
TTCTTGAAGTCTCGTA-1,Endo CLDN5 SLC7A5,0.9997016198665741
TTCTTGACACATGAAA-1,Endo CLDN5 SLC7A5,0.8797254033660401
TTCTTGAGTATGGTTC-1,Oligo MOG OPALIN,0.9819773524807116
TTCTTGAGTTCGGGTC-1,Oligo MOG OPALIN,0.4628055122577119
TTCTTGATCATTCACT-1,Endo CLDN5 SLC7A5,0.6757200053310951
TTCTTGATCGAGAATA-1,Endo CLDN5 SLC7A5,0.7932458418665129
TTGAACGGTACCATAC-1,Endo CLDN5 SLC7A5,0.35339045658300905
TTGAACGGTTTCGTTT-1,Endo CLDN5 SLC7A5,0.803978653447587
TTGAACGTCCCGAAAT-1,Endo CLDN5 SLC7A5,0.9515412796196691
TTGACCCAGGTTATAG-1,Endo CLDN5 SLC7A5,0.5256388671139226
TTGACCCCAATACGCT-1,Oligo MOG OPALIN,0.9863181223239617
TTGACCCCAATTGCTG-1,Endo CLDN5 SLC7A5,0.40335303203384343
TTGACCCCACAGCATT-1,Oligo MOG OPALIN,0.9874167816723105
TTGACCCCACCTCTAC-1,Oligo MOG OPALIN,0.9989487483719578
TTGACCCTCGGCACTG-1,Oligo MOG OPALIN,0.7060049244941445
TTGAGTGAGAGCCTGA-1,Endo CLDN5 SLC7A5,0.9990755800970813
TTGAGTGCAGAGCCCT-1,Endo CLDN5 SLC7A5,0.963914514588903
TTGATGGAGACGTCGA-1,Endo CLDN5 SLC7A5,0.5586342619414565
TTGATGGAGCAACCAG-1,Endo CLDN5 SLC7A5,0.48667299798069463
TTGATGGCAAGCGCTC-1,Oligo MOG OPALIN,0.8588274158545444
TTGATGGCACAGCATT-1,Endo CLDN5 SLC7A5,0.9120329349859938
TTGATGGTCGGTGTTA-1,Oligo MOG OPALIN,0.4092825198114184
TTGCATTAGATCCCAT-1,Endo CLDN5 SLC7A5,0.5256709226763062
TTGCATTAGGAACTAT-1,L2-3 CUX2 NTNG1 PALMD,0.5890237601740171
TTGCATTCAGTAACAA-1,L2-4 CUX2 RORB CLMN,0.34098854621059316
TTGCATTTCCAAGCTA-1,Endo CLDN5 SLC7A5,0.9594278458722698
TTGCCTGGTCGTCGGT-1,Endo CLDN5 SLC7A5,0.974520504242965
TTGCCTGGTGTCACAT-1,Astro AQP4 SLC1A2,0.36778858662371544
TTGCCTGTCAGGTGTT-1,Endo CLDN5 SLC7A5,0.3477803926911069
TTGCCTGTCGGTCAGC-1,Endo CLDN5 SLC7A5,0.9488300250403797
TTGCCTGTCTACGGTA-1,Endo CLDN5 SLC7A5,0.8602746061635312
TTGCGTCCAGTGACCC-1,L2-3 CUX2 NTNG1 PALMD,0.3233694600735719
TTGCGTCGTAAGTTAG-1,Oligo MOG OPALIN,0.9267786114848707
TTGCGTCTCACCCTCA-1,Astro AQP4 SLC1A2,0.798966823210086
TTGCTGCAGCATCTTG-1,Oligo MOG OPALIN,0.999426310452002
TTGCTGCCAAAGGCGT-1,Endo CLDN5 SLC7A5,0.8667757220400722
TTGCTGCGTTCCGCGA-1,L2-3 CUX2 NTNG1 PALMD,0.5212874977827269
TTGCTGCTCAGCTGTA-1,Endo CLDN5 SLC7A5,0.7669323810087536
TTGCTGCTCATTGCCC-1,Endo CLDN5 SLC7A5,0.7698451903861572
TTGCTGCTCCTTCTAA-1,Endo CLDN5 SLC7A5,0.5714375508973916
TTGGATGAGGCACAAC-1,Endo CLDN5 SLC7A5,0.7030560946679035
TTGGATGAGTCATGCT-1,Endo CLDN5 SLC7A5,0.9857552403297067
TTGGATGGTTAGTCGT-1,Endo CLDN5 SLC7A5,0.968136532519309
TTGGATGTCACCTACC-1,Endo CLDN5 SLC7A5,0.9946868183637098
TTGGGATGTATAGGGC-1,Endo CLDN5 SLC7A5,0.6513345824352569
TTGGGATGTGCCTGCA-1,L6 FEZF2 SYT6 CDH9,0.3640347388146829
TTGGGATGTGGGTCAA-1,Endo CLDN5 SLC7A5,0.9944286213893643
TTGGGATGTTTGTTCT-1,Endo CLDN5 SLC7A5,0.975371837694328
TTGGGATTCCTGCCAT-1,Endo CLDN5 SLC7A5,0.9986073142228452
TTGGGCGAGAAATTCG-1,Endo CLDN5 SLC7A5,0.9409168700138647
TTGGGCGAGGTGCAGT-1,Endo CLDN5 SLC7A5,0.43156703590079176
TTGGGCGAGTATCTGC-1,Endo CLDN5 SLC7A5,0.6419232152468055
TTGGGCGAGTATGATG-1,Endo CLDN5 SLC7A5,0.6707774703121198
TTGGGCGCACGACTAT-1,Endo CLDN5 SLC7A5,0.9439788306598659
TTGGGCGGTCGGAACA-1,Oligo MOG OPALIN,0.9989453219141453
TTGGGCGTCTCGTCGT-1,Oligo MOG OPALIN,0.9510448354700378
TTGGGTAGTCTGTTAG-1,Endo CLDN5 SLC7A5,0.7764507165901852
TTGGGTAGTGAGGAAA-1,Endo CLDN5 SLC7A5,0.49555649017604875
TTGGGTATCGTGGACC-1,Oligo MOG OPALIN,0.9937611091217589
TTGGGTATCTACCACC-1,Endo CLDN5 SLC7A5,0.6056545129657157
TTGTGGAAGAAATCCA-1,Oligo MOG OPALIN,0.9338350775018189
TTGTGGACACTTTAGG-1,Oligo MOG OPALIN,0.5817963945325981
TTGTGGAGTGGCACTC-1,Endo CLDN5 SLC7A5,0.8010535282488291
TTGTGGATCTGTGCTC-1,Astro AQP4 SLC1A2,0.5628430359675433
TTGTGTTAGCATTGAA-1,Endo CLDN5 SLC7A5,0.9756749932666652
TTGTGTTCACAAGCCC-1,L3-5 RORB MKX DCC,0.9115628035012671
TTGTGTTGTGGTCTTA-1,Endo CLDN5 SLC7A5,0.9063195365811478
TTGTGTTGTGTTACAC-1,Oligo MOG OPALIN,0.6011098613989921
TTGTGTTTCGCCGAAC-1,Endo CLDN5 SLC7A5,0.4211503547411386
TTGTTCAAGACGCAGT-1,Oligo MOG OPALIN,0.6584669316866533
TTGTTCACAAATACGA-1,Oligo MOG OPALIN,0.9835233317242047
TTGTTCACATCCTATT-1,Oligo MOG OPALIN,0.5244974094416884
TTGTTCACATGTACGT-1,Endo CLDN5 SLC7A5,0.4800092780807603
TTGTTCATCACCATAG-1,Endo CLDN5 SLC7A5,0.45416849462153813
TTGTTCATCCACTTCG-1,Endo CLDN5 SLC7A5,0.4594205864635697
TTGTTCATCGAGTTGT-1,Endo CLDN5 SLC7A5,0.33296571200916264
TTGTTGTCACAAGCAG-1,Endo CLDN5 SLC7A5,0.6179612474874062
TTGTTGTCAGAGGCAT-1,Oligo MOG OPALIN,0.9421372729976187
TTGTTGTCATCTCATT-1,Oligo MOG OPALIN,0.9712797338572104
TTGTTGTTCTGGGCAC-1,Oligo MOG OPALIN,0.9719013729679951
TTGTTTGCATCTGCGG-1,Endo CLDN5 SLC7A5,0.3815210745916841
TTGTTTGGTAGTCGTT-1,Endo CLDN5 SLC7A5,0.9987323164943968
TTGTTTGTCACCCTGT-1,Endo CLDN5 SLC7A5,0.8800349764651604
TTTACCAAGAAGCCAC-1,Endo CLDN5 SLC7A5,0.8963876527448384
TTTACCACAACTCCCT-1,Endo CLDN5 SLC7A5,0.4894202293974796
TTTACGTAGGATGCGT-1,Endo CLDN5 SLC7A5,0.9518471916367711
TTTACGTCAGAGGCTA-1,Endo CLDN5 SLC7A5,0.8361402290600695
TTTACGTCATGAATAG-1,Endo CLDN5 SLC7A5,0.9830416062489691
TTTACGTGTTTCACAG-1,OPC PDGFRA PCDH15,0.9999999999999869
TTTACGTTCTGCGTCT-1,Endo CLDN5 SLC7A5,0.4854604202594703
TTTAGTCAGAAAGCGA-1,Oligo MOG OPALIN,0.9256504218836222
TTTAGTCAGAGGCTGT-1,Oligo MOG OPALIN,0.3891463863992895
TTTAGTCGTCCAGCCA-1,Endo CLDN5 SLC7A5,0.7102071067064201
TTTATGCAGGTCCCGT-1,Endo CLDN5 SLC7A5,0.9994973425465418
TTTCACAAGTAGGTTA-1,Oligo MOG OPALIN,0.8420353609585424
TTTCACAGTGAGGATC-1,L2-3 CUX2 NTNG1 COL5A2,0.7521291460790798
TTTCACAGTTGCCAAT-1,Oligo MOG OPALIN,0.9988180454876057
TTTCACATCCAAGCAT-1,Oligo MOG OPALIN,0.8117154518006453
TTTCACATCTATCGGA-1,Endo CLDN5 SLC7A5,0.6435089608015292
TTTCAGTCAATCGAAA-1,Endo CLDN5 SLC7A5,0.4550211246792495
TTTCAGTCACCTCTAC-1,Endo CLDN5 SLC7A5,0.3712133225512301
TTTCAGTCACTAGAGG-1,Oligo MOG OPALIN,0.9745729450330335
TTTCAGTCATCATCTT-1,Endo CLDN5 SLC7A5,0.6237978726442424
TTTCAGTGTACAAGCG-1,Endo CLDN5 SLC7A5,0.9930541502495949
TTTCATGCAGTATGAA-1,Endo CLDN5 SLC7A5,0.4973560834812255
TTTCATGGTTTCGACA-1,Oligo MOG OPALIN,0.5536164125985954
TTTCCTCAGCGATGCA-1,Endo CLDN5 SLC7A5,0.7765598832569918
TTTCCTCAGGGAGGGT-1,Oligo MOG OPALIN,0.9999996993214404
TTTCCTCAGTATGTAG-1,Endo CLDN5 SLC7A5,0.9580547799019472
TTTCCTCAGTCGGGAT-1,Endo CLDN5 SLC7A5,0.9355966233682884
TTTCCTCCATTAGGAA-1,Endo CLDN5 SLC7A5,0.9581823395096856
TTTCCTCTCACCTCTG-1,Oligo MOG OPALIN,0.6803938583614026
TTTCCTCTCGAATGCT-1,Oligo MOG OPALIN,0.6318004483704235
TTTCGATGTCGACGCT-1,Endo CLDN5 SLC7A5,0.9838229348630074
TTTGACTCATGTTTGG-1,Endo CLDN5 SLC7A5,0.9997324375393855
TTTGACTGTATGTCTG-1,Endo CLDN5 SLC7A5,0.9506367042634789
TTTGACTTCATAAGGA-1,Endo CLDN5 SLC7A5,0.9040648312716152
TTTGACTTCCAGTTCC-1,Endo CLDN5 SLC7A5,0.9842587049150314
TTTGACTTCCTACGAA-1,Endo CLDN5 SLC7A5,0.7822001394467285
TTTGACTTCCTTCTGG-1,Endo CLDN5 SLC7A5,0.789864553239699
TTTGATCAGTACTCGT-1,Oligo MOG OPALIN,0.9292657254585066
TTTGATCGTGCGACAA-1,Endo CLDN5 SLC7A5,0.6971096359247947
TTTGGAGCATGGAAGC-1,PC P2RY14 GRM8,0.6059687101547547
TTTGGAGGTGTCATCA-1,Endo CLDN5 SLC7A5,0.8235404488809454
TTTGGTTGTAGCCAGA-1,Oligo MOG OPALIN,0.8604688542099482
TTTGGTTGTAGGATAT-1,L2-3 CUX2 NTNG1 PALMD,0.3447670171796301
TTTGGTTTCTGGTTGA-1,Endo CLDN5 SLC7A5,0.9485615100877811
TTTGTTGAGCGACATG-1,L3-5 RORB MKX DCC,0.950200952482539
TTTGTTGAGGTCTGGA-1,PC P2RY14 GRM8,0.9545070301188147
TTTGTTGAGTAGAATC-1,Endo CLDN5 SLC7A5,0.5937397416805253
TTTGTTGTCACTGGTA-1,Oligo MOG OPALIN,0.9821930547844184
TTTGTTGTCGTGGGAA-1,Endo CLDN5 SLC7A5,0.8737436349359611
TTTGTTGTCTTTCGAT-1,Endo CLDN5 SLC7A5,0.46552889304225853
